timestamp_utc,imbalance_price_long_eur_mwh,imbalance_price_short_eur_mwh,system_balance_mw,regulation_state,activated_reserves_mw,reserve_type
2026-01-05T00:00:00Z,65.1,80.28,268.0,SHORT,173.0,aFRR
2026-01-05T00:15:00Z,67.23,93.31,140.0,SHORT,92.0,mFRR
2026-01-05T00:30:00Z,15.37,79.88,-389.0,LONG,271.0,RR
2026-01-05T00:45:00Z,66.68,142.43,489.0,SHORT,357.0,aFRR
2026-01-05T01:00:00Z,46.93,78.25,-210.0,LONG,122.0,mFRR
2026-01-05T01:15:00Z,69.42,110.55,231.0,SHORT,162.0,aFRR
2026-01-05T01:30:00Z,68.67,104.66,146.0,SHORT,92.0,aFRR
2026-01-05T01:45:00Z,67.7,131.71,521.0,SHORT,306.0,RR
2026-01-05T02:00:00Z,68.73,75.33,-40.0,BALANCED,0,
2026-01-05T02:15:00Z,65.72,140.67,249.0,SHORT,180.0,mFRR
2026-01-05T02:30:00Z,68.68,108.3,208.0,SHORT,158.0,mFRR
2026-01-05T02:45:00Z,67.65,145.97,308.0,SHORT,189.0,aFRR
2026-01-05T03:00:00Z,68.14,77.58,20.0,BALANCED,0,
2026-01-05T03:15:00Z,19.07,79.33,-362.0,LONG,209.0,mFRR
2026-01-05T03:30:00Z,70.78,80.2,123.0,SHORT,82.0,RR
2026-01-05T03:45:00Z,67.86,73.51,-30.0,BALANCED,0,
2026-01-05T04:00:00Z,66.41,76.24,-24.0,BALANCED,0,
2026-01-05T04:15:00Z,66.47,74.64,-62.0,BALANCED,0,
2026-01-05T04:30:00Z,67.4,76.41,91.0,BALANCED,0,
2026-01-05T04:45:00Z,61.29,78.96,-135.0,LONG,64.0,RR
2026-01-05T05:00:00Z,55.75,82.56,-119.0,LONG,62.0,mFRR
2026-01-05T05:15:00Z,70.65,105.97,252.0,SHORT,138.0,aFRR
2026-01-05T05:30:00Z,69.61,72.04,76.0,BALANCED,0,
2026-01-05T05:45:00Z,66.16,124.56,171.0,SHORT,53.0,mFRR
2026-01-05T06:00:00Z,-7.45,78.82,-666.0,LONG,432.0,mFRR
2026-01-05T06:15:00Z,42.66,76.44,-175.0,LONG,58.0,mFRR
2026-01-05T06:30:00Z,35.51,80.12,-139.0,LONG,99.0,mFRR
2026-01-05T06:45:00Z,6.89,83.02,-523.0,LONG,402.0,aFRR
2026-01-05T07:00:00Z,68.09,134.27,424.0,SHORT,161.0,aFRR
2026-01-05T07:15:00Z,78.5,115.66,242.0,SHORT,160.0,mFRR
2026-01-05T07:30:00Z,69.15,75.75,-25.0,BALANCED,0,
2026-01-05T07:45:00Z,69.04,77.31,-31.0,BALANCED,0,
2026-01-05T08:00:00Z,12.58,77.06,-488.0,LONG,248.0,mFRR
2026-01-05T08:15:00Z,67.34,141.84,591.0,SHORT,282.0,RR
2026-01-05T08:30:00Z,-8.43,74.63,-638.0,LONG,334.0,aFRR
2026-01-05T08:45:00Z,65.73,73.6,68.0,BALANCED,0,
2026-01-05T09:00:00Z,65.78,141.15,388.0,SHORT,265.0,aFRR
2026-01-05T09:15:00Z,71.44,74.98,-17.0,BALANCED,0,
2026-01-05T09:30:00Z,68.51,127.77,108.0,SHORT,64.0,aFRR
2026-01-05T09:45:00Z,31.94,77.61,-321.0,LONG,168.0,aFRR
2026-01-05T10:00:00Z,41.83,79.12,-141.0,LONG,49.0,RR
2026-01-05T10:15:00Z,66.02,93.67,152.0,SHORT,79.0,mFRR
2026-01-05T10:30:00Z,73.03,71.32,-18.0,BALANCED,0,
2026-01-05T10:45:00Z,7.64,82.8,-572.0,LONG,280.0,RR
2026-01-05T11:00:00Z,67.87,72.06,-95.0,BALANCED,0,
2026-01-05T11:15:00Z,69.67,154.69,478.0,SHORT,289.0,mFRR
2026-01-05T11:30:00Z,65.71,118.6,367.0,SHORT,110.0,aFRR
2026-01-05T11:45:00Z,69.96,76.35,-25.0,BALANCED,0,
2026-01-05T12:00:00Z,66.22,76.82,-31.0,BALANCED,0,
2026-01-05T12:15:00Z,66.61,72.27,93.0,BALANCED,0,
2026-01-05T12:30:00Z,69.44,74.2,68.0,BALANCED,0,
2026-01-05T12:45:00Z,63.62,90.26,117.0,SHORT,61.0,mFRR
2026-01-05T13:00:00Z,70.3,75.95,-21.0,BALANCED,0,
2026-01-05T13:15:00Z,48.57,79.89,-192.0,LONG,66.0,RR
2026-01-05T13:30:00Z,68.19,74.22,3.0,BALANCED,0,
2026-01-05T13:45:00Z,68.43,155.24,790.0,SHORT,439.0,aFRR
2026-01-05T14:00:00Z,6.13,75.24,-486.0,LONG,382.0,aFRR
2026-01-05T14:15:00Z,67.42,117.3,233.0,SHORT,94.0,aFRR
2026-01-05T14:30:00Z,47.32,76.33,-283.0,LONG,88.0,aFRR
2026-01-05T14:45:00Z,65.08,135.21,201.0,SHORT,96.0,aFRR
2026-01-05T15:00:00Z,66.23,153.55,232.0,SHORT,153.0,RR
2026-01-05T15:15:00Z,33.26,70.26,-332.0,LONG,221.0,aFRR
2026-01-05T15:30:00Z,65.12,120.3,221.0,SHORT,84.0,mFRR
2026-01-05T15:45:00Z,68.35,127.76,420.0,SHORT,282.0,RR
2026-01-05T16:00:00Z,31.01,73.8,-220.0,LONG,171.0,aFRR
2026-01-05T16:15:00Z,65.17,120.56,264.0,SHORT,98.0,aFRR
2026-01-05T16:30:00Z,67.14,112.41,316.0,SHORT,166.0,mFRR
2026-01-05T16:45:00Z,71.06,76.64,-39.0,BALANCED,0,
2026-01-05T17:00:00Z,73.33,118.02,229.0,SHORT,165.0,aFRR
2026-01-05T17:15:00Z,69.25,75.33,-37.0,BALANCED,0,
2026-01-05T17:30:00Z,65.9,106.88,484.0,SHORT,161.0,aFRR
2026-01-05T17:45:00Z,67.85,112.0,243.0,SHORT,158.0,RR
2026-01-05T18:00:00Z,9.98,81.84,-492.0,LONG,358.0,mFRR
2026-01-05T18:15:00Z,51.18,82.81,-126.0,LONG,78.0,RR
2026-01-05T18:30:00Z,44.41,81.0,-220.0,LONG,143.0,RR
2026-01-05T18:45:00Z,67.43,116.73,272.0,SHORT,207.0,mFRR
2026-01-05T19:00:00Z,69.15,107.24,150.0,SHORT,49.0,RR
2026-01-05T19:15:00Z,70.16,76.48,5.0,BALANCED,0,
2026-01-05T19:30:00Z,63.39,131.59,472.0,SHORT,364.0,mFRR
2026-01-05T19:45:00Z,61.55,141.96,375.0,SHORT,135.0,mFRR
2026-01-05T20:00:00Z,51.76,85.19,-166.0,LONG,65.0,RR
2026-01-05T20:15:00Z,65.09,113.92,112.0,SHORT,56.0,RR
2026-01-05T20:30:00Z,67.99,75.45,-55.0,BALANCED,0,
2026-01-05T20:45:00Z,27.15,75.16,-401.0,LONG,269.0,RR
2026-01-05T21:00:00Z,69.39,127.99,163.0,SHORT,86.0,mFRR
2026-01-05T21:15:00Z,64.0,142.67,367.0,SHORT,275.0,aFRR
2026-01-05T21:30:00Z,67.12,98.65,106.0,SHORT,79.0,aFRR
2026-01-05T21:45:00Z,69.39,75.45,88.0,BALANCED,0,
2026-01-05T22:00:00Z,64.44,141.46,286.0,SHORT,181.0,RR
2026-01-05T22:15:00Z,64.19,115.64,102.0,SHORT,59.0,aFRR
2026-01-05T22:30:00Z,16.46,79.51,-422.0,LONG,149.0,aFRR
2026-01-05T22:45:00Z,18.45,73.85,-407.0,LONG,173.0,mFRR
2026-01-05T23:00:00Z,39.22,77.14,-175.0,LONG,102.0,RR
2026-01-05T23:15:00Z,17.33,70.32,-628.0,LONG,268.0,aFRR
2026-01-05T23:30:00Z,8.92,81.12,-560.0,LONG,365.0,RR
2026-01-05T23:45:00Z,-14.41,80.78,-787.0,LONG,521.0,RR
2026-01-06T00:00:00Z,64.69,135.91,438.0,SHORT,346.0,RR
2026-01-06T00:15:00Z,68.69,110.12,220.0,SHORT,125.0,aFRR
2026-01-06T00:30:00Z,64.3,143.53,236.0,SHORT,136.0,RR
2026-01-06T00:45:00Z,46.91,78.98,-167.0,LONG,124.0,mFRR
2026-01-06T01:00:00Z,59.06,77.98,-101.0,LONG,37.0,aFRR
2026-01-06T01:15:00Z,65.4,123.57,401.0,SHORT,158.0,mFRR
2026-01-06T01:30:00Z,66.53,124.36,281.0,SHORT,150.0,RR
2026-01-06T01:45:00Z,71.67,131.09,309.0,SHORT,181.0,aFRR
2026-01-06T02:00:00Z,-12.29,78.0,-665.0,LONG,326.0,aFRR
2026-01-06T02:15:00Z,18.74,82.57,-448.0,LONG,293.0,RR
2026-01-06T02:30:00Z,64.64,122.2,406.0,SHORT,157.0,RR
2026-01-06T02:45:00Z,64.44,139.0,407.0,SHORT,131.0,RR
2026-01-06T03:00:00Z,60.6,120.58,406.0,SHORT,255.0,aFRR
2026-01-06T03:15:00Z,66.71,151.73,290.0,SHORT,171.0,mFRR
2026-01-06T03:30:00Z,70.3,76.6,48.0,BALANCED,0,
2026-01-06T03:45:00Z,70.84,96.16,108.0,SHORT,33.0,aFRR
2026-01-06T04:00:00Z,68.18,73.65,-48.0,BALANCED,0,
2026-01-06T04:15:00Z,-1.37,79.13,-702.0,LONG,395.0,aFRR
2026-01-06T04:30:00Z,36.98,76.69,-142.0,LONG,98.0,RR
2026-01-06T04:45:00Z,14.82,73.23,-446.0,LONG,303.0,RR
2026-01-06T05:00:00Z,66.24,112.69,137.0,SHORT,90.0,aFRR
2026-01-06T05:15:00Z,35.26,78.93,-256.0,LONG,126.0,aFRR
2026-01-06T05:30:00Z,68.07,76.48,-83.0,BALANCED,0,
2026-01-06T05:45:00Z,48.26,72.77,-135.0,LONG,90.0,mFRR
2026-01-06T06:00:00Z,64.54,125.49,284.0,SHORT,218.0,aFRR
2026-01-06T06:15:00Z,67.65,73.81,63.0,BALANCED,0,
2026-01-06T06:30:00Z,70.99,73.68,76.0,BALANCED,0,
2026-01-06T06:45:00Z,55.38,72.52,-133.0,LONG,84.0,RR
2026-01-06T07:00:00Z,29.05,78.04,-308.0,LONG,118.0,RR
2026-01-06T07:15:00Z,72.28,72.53,-44.0,BALANCED,0,
2026-01-06T07:30:00Z,66.99,98.63,132.0,SHORT,59.0,mFRR
2026-01-06T07:45:00Z,41.03,83.2,-212.0,LONG,108.0,mFRR
2026-01-06T08:00:00Z,68.53,74.21,-16.0,BALANCED,0,
2026-01-06T08:15:00Z,38.71,79.62,-169.0,LONG,114.0,mFRR
2026-01-06T08:30:00Z,63.14,184.53,542.0,SHORT,173.0,aFRR
2026-01-06T08:45:00Z,70.42,109.81,137.0,SHORT,69.0,mFRR
2026-01-06T09:00:00Z,71.97,93.91,125.0,SHORT,49.0,aFRR
2026-01-06T09:15:00Z,33.67,75.57,-193.0,LONG,87.0,aFRR
2026-01-06T09:30:00Z,66.78,88.63,119.0,SHORT,42.0,mFRR
2026-01-06T09:45:00Z,69.02,71.3,36.0,BALANCED,0,
2026-01-06T10:00:00Z,45.17,78.49,-207.0,LONG,106.0,RR
2026-01-06T10:15:00Z,68.92,122.5,484.0,SHORT,367.0,mFRR
2026-01-06T10:30:00Z,62.19,135.43,222.0,SHORT,84.0,aFRR
2026-01-06T10:45:00Z,42.25,79.68,-162.0,LONG,79.0,aFRR
2026-01-06T11:00:00Z,70.89,74.87,12.0,BALANCED,0,
2026-01-06T11:15:00Z,70.99,74.72,-4.0,BALANCED,0,
2026-01-06T11:30:00Z,68.1,74.17,23.0,BALANCED,0,
2026-01-06T11:45:00Z,71.36,73.71,-14.0,BALANCED,0,
2026-01-06T12:00:00Z,67.31,74.66,68.0,BALANCED,0,
2026-01-06T12:15:00Z,59.3,75.21,-122.0,LONG,86.0,RR
2026-01-06T12:30:00Z,69.29,122.34,173.0,SHORT,82.0,RR
2026-01-06T12:45:00Z,70.77,76.9,25.0,BALANCED,0,
2026-01-06T13:00:00Z,20.78,75.86,-331.0,LONG,170.0,mFRR
2026-01-06T13:15:00Z,30.63,78.81,-317.0,LONG,178.0,aFRR
2026-01-06T13:30:00Z,68.29,72.59,16.0,BALANCED,0,
2026-01-06T13:45:00Z,58.14,86.23,176.0,SHORT,69.0,RR
2026-01-06T14:00:00Z,19.96,76.74,-460.0,LONG,328.0,mFRR
2026-01-06T14:15:00Z,67.4,76.0,-44.0,BALANCED,0,
2026-01-06T14:30:00Z,37.85,77.23,-225.0,LONG,81.0,RR
2026-01-06T14:45:00Z,-13.39,76.46,-636.0,LONG,419.0,mFRR
2026-01-06T15:00:00Z,28.01,74.48,-373.0,LONG,139.0,mFRR
2026-01-06T15:15:00Z,69.81,108.66,193.0,SHORT,146.0,RR
2026-01-06T15:30:00Z,37.91,78.59,-149.0,LONG,107.0,mFRR
2026-01-06T15:45:00Z,67.82,75.73,-100.0,BALANCED,0,
2026-01-06T16:00:00Z,66.42,134.41,431.0,SHORT,287.0,RR
2026-01-06T16:15:00Z,64.39,110.36,211.0,SHORT,150.0,aFRR
2026-01-06T16:30:00Z,64.5,132.66,133.0,SHORT,47.0,RR
2026-01-06T16:45:00Z,64.74,137.87,501.0,SHORT,222.0,mFRR
2026-01-06T17:00:00Z,68.76,73.72,-54.0,BALANCED,0,
2026-01-06T17:15:00Z,69.74,76.8,15.0,BALANCED,0,
2026-01-06T17:30:00Z,68.72,133.18,293.0,SHORT,175.0,aFRR
2026-01-06T17:45:00Z,69.04,127.87,249.0,SHORT,102.0,aFRR
2026-01-06T18:00:00Z,70.23,76.81,84.0,BALANCED,0,
2026-01-06T18:15:00Z,65.81,78.9,-83.0,BALANCED,0,
2026-01-06T18:30:00Z,24.69,77.17,-275.0,LONG,211.0,RR
2026-01-06T18:45:00Z,32.33,74.8,-324.0,LONG,121.0,RR
2026-01-06T19:00:00Z,68.32,116.79,175.0,SHORT,102.0,mFRR
2026-01-06T19:15:00Z,67.21,77.71,-18.0,BALANCED,0,
2026-01-06T19:30:00Z,66.63,78.16,90.0,BALANCED,0,
2026-01-06T19:45:00Z,71.31,112.2,167.0,SHORT,87.0,RR
2026-01-06T20:00:00Z,17.29,76.12,-529.0,LONG,413.0,aFRR
2026-01-06T20:15:00Z,40.08,74.86,-193.0,LONG,99.0,RR
2026-01-06T20:30:00Z,31.89,76.98,-263.0,LONG,208.0,RR
2026-01-06T20:45:00Z,32.94,77.08,-266.0,LONG,100.0,aFRR
2026-01-06T21:00:00Z,68.77,71.38,11.0,BALANCED,0,
2026-01-06T21:15:00Z,69.4,73.19,-96.0,BALANCED,0,
2026-01-06T21:30:00Z,69.47,74.27,84.0,BALANCED,0,
2026-01-06T21:45:00Z,47.06,78.04,-102.0,LONG,75.0,aFRR
2026-01-06T22:00:00Z,67.9,103.9,303.0,SHORT,184.0,RR
2026-01-06T22:15:00Z,70.99,131.51,301.0,SHORT,219.0,mFRR
2026-01-06T22:30:00Z,69.7,70.87,-25.0,BALANCED,0,
2026-01-06T22:45:00Z,69.88,76.53,18.0,BALANCED,0,
2026-01-06T23:00:00Z,44.87,80.0,-244.0,LONG,97.0,mFRR
2026-01-06T23:15:00Z,21.2,77.1,-354.0,LONG,159.0,aFRR
2026-01-06T23:30:00Z,50.3,76.59,-206.0,LONG,163.0,aFRR
2026-01-06T23:45:00Z,65.49,129.53,314.0,SHORT,249.0,RR
2026-01-07T00:00:00Z,73.06,157.38,483.0,SHORT,315.0,RR
2026-01-07T00:15:00Z,67.3,145.03,485.0,SHORT,228.0,RR
2026-01-07T00:30:00Z,21.87,79.29,-452.0,LONG,316.0,RR
2026-01-07T00:45:00Z,72.45,97.21,104.0,SHORT,60.0,RR
2026-01-07T01:00:00Z,69.42,72.71,-88.0,BALANCED,0,
2026-01-07T01:15:00Z,28.03,75.72,-412.0,LONG,129.0,aFRR
2026-01-07T01:30:00Z,70.02,77.83,-36.0,BALANCED,0,
2026-01-07T01:45:00Z,17.51,79.73,-433.0,LONG,252.0,mFRR
2026-01-07T02:00:00Z,53.37,76.46,-116.0,LONG,58.0,RR
2026-01-07T02:15:00Z,61.25,120.47,351.0,SHORT,105.0,aFRR
2026-01-07T02:30:00Z,69.59,111.98,224.0,SHORT,110.0,RR
2026-01-07T02:45:00Z,34.25,79.85,-201.0,LONG,113.0,RR
2026-01-07T03:00:00Z,70.32,152.48,517.0,SHORT,377.0,aFRR
2026-01-07T03:15:00Z,39.68,81.99,-131.0,LONG,88.0,aFRR
2026-01-07T03:30:00Z,68.15,77.89,-54.0,BALANCED,0,
2026-01-07T03:45:00Z,65.46,118.24,414.0,SHORT,266.0,mFRR
2026-01-07T04:00:00Z,70.76,71.37,-26.0,BALANCED,0,
2026-01-07T04:15:00Z,30.97,71.42,-260.0,LONG,172.0,RR
2026-01-07T04:30:00Z,64.6,127.2,424.0,SHORT,174.0,RR
2026-01-07T04:45:00Z,67.76,151.68,356.0,SHORT,261.0,RR
2026-01-07T05:00:00Z,32.11,75.29,-222.0,LONG,133.0,RR
2026-01-07T05:15:00Z,62.84,135.06,339.0,SHORT,118.0,aFRR
2026-01-07T05:30:00Z,67.32,103.71,163.0,SHORT,54.0,mFRR
2026-01-07T05:45:00Z,67.92,75.56,-87.0,BALANCED,0,
2026-01-07T06:00:00Z,-0.29,77.19,-600.0,LONG,275.0,RR
2026-01-07T06:15:00Z,27.56,76.16,-380.0,LONG,278.0,aFRR
2026-01-07T06:30:00Z,65.03,72.46,-28.0,BALANCED,0,
2026-01-07T06:45:00Z,71.28,148.23,346.0,SHORT,262.0,RR
2026-01-07T07:00:00Z,70.52,72.06,-80.0,BALANCED,0,
2026-01-07T07:15:00Z,52.91,77.06,-109.0,LONG,44.0,RR
2026-01-07T07:30:00Z,70.61,72.02,-82.0,BALANCED,0,
2026-01-07T07:45:00Z,7.19,82.74,-507.0,LONG,354.0,mFRR
2026-01-07T08:00:00Z,67.31,74.78,93.0,BALANCED,0,
2026-01-07T08:15:00Z,66.89,168.1,553.0,SHORT,238.0,RR
2026-01-07T08:30:00Z,28.69,76.7,-331.0,LONG,110.0,aFRR
2026-01-07T08:45:00Z,39.3,73.1,-341.0,LONG,155.0,aFRR
2026-01-07T09:00:00Z,68.55,78.89,-60.0,BALANCED,0,
2026-01-07T09:15:00Z,32.48,76.82,-234.0,LONG,141.0,aFRR
2026-01-07T09:30:00Z,51.25,81.16,-119.0,LONG,71.0,aFRR
2026-01-07T09:45:00Z,67.81,75.3,-19.0,BALANCED,0,
2026-01-07T10:00:00Z,68.84,70.93,-76.0,BALANCED,0,
2026-01-07T10:15:00Z,66.32,140.78,461.0,SHORT,159.0,mFRR
2026-01-07T10:30:00Z,59.29,146.58,142.0,SHORT,76.0,RR
2026-01-07T10:45:00Z,67.37,74.57,86.0,BALANCED,0,
2026-01-07T11:00:00Z,69.65,73.79,9.0,BALANCED,0,
2026-01-07T11:15:00Z,68.37,122.08,365.0,SHORT,231.0,aFRR
2026-01-07T11:30:00Z,26.39,77.41,-290.0,LONG,170.0,mFRR
2026-01-07T11:45:00Z,71.72,124.64,226.0,SHORT,112.0,RR
2026-01-07T12:00:00Z,32.77,75.23,-178.0,LONG,111.0,aFRR
2026-01-07T12:15:00Z,64.19,128.85,436.0,SHORT,249.0,RR
2026-01-07T12:30:00Z,64.65,122.34,117.0,SHORT,87.0,aFRR
2026-01-07T12:45:00Z,34.68,74.63,-204.0,LONG,81.0,RR
2026-01-07T13:00:00Z,68.56,72.9,22.0,BALANCED,0,
2026-01-07T13:15:00Z,67.4,146.45,657.0,SHORT,302.0,RR
2026-01-07T13:30:00Z,72.49,76.45,30.0,BALANCED,0,
2026-01-07T13:45:00Z,35.29,77.27,-144.0,LONG,54.0,mFRR
2026-01-07T14:00:00Z,61.51,114.1,104.0,SHORT,76.0,RR
2026-01-07T14:15:00Z,70.8,74.48,-14.0,BALANCED,0,
2026-01-07T14:30:00Z,30.98,76.92,-241.0,LONG,171.0,RR
2026-01-07T14:45:00Z,-12.28,72.56,-754.0,LONG,276.0,RR
2026-01-07T15:00:00Z,34.75,75.86,-186.0,LONG,90.0,aFRR
2026-01-07T15:15:00Z,20.54,80.22,-510.0,LONG,357.0,RR
2026-01-07T15:30:00Z,68.96,73.54,-31.0,BALANCED,0,
2026-01-07T15:45:00Z,13.36,81.69,-473.0,LONG,282.0,mFRR
2026-01-07T16:00:00Z,69.44,103.09,106.0,SHORT,60.0,mFRR
2026-01-07T16:15:00Z,67.1,76.8,82.0,BALANCED,0,
2026-01-07T16:30:00Z,60.06,71.84,-170.0,LONG,108.0,mFRR
2026-01-07T16:45:00Z,34.31,80.5,-162.0,LONG,62.0,mFRR
2026-01-07T17:00:00Z,68.49,101.8,184.0,SHORT,120.0,RR
2026-01-07T17:15:00Z,21.07,78.91,-283.0,LONG,210.0,mFRR
2026-01-07T17:30:00Z,72.01,137.38,334.0,SHORT,234.0,aFRR
2026-01-07T17:45:00Z,65.76,90.18,162.0,SHORT,94.0,RR
2026-01-07T18:00:00Z,63.53,170.17,495.0,SHORT,241.0,RR
2026-01-07T18:15:00Z,70.43,136.78,413.0,SHORT,294.0,RR
2026-01-07T18:30:00Z,26.93,73.07,-124.0,LONG,85.0,aFRR
2026-01-07T18:45:00Z,69.21,77.35,92.0,BALANCED,0,
2026-01-07T19:00:00Z,53.57,81.98,-130.0,LONG,85.0,mFRR
2026-01-07T19:15:00Z,70.22,70.25,121.0,SHORT,39.0,mFRR
2026-01-07T19:30:00Z,69.91,73.7,20.0,BALANCED,0,
2026-01-07T19:45:00Z,48.71,78.8,-214.0,LONG,83.0,RR
2026-01-07T20:00:00Z,35.48,75.65,-204.0,LONG,98.0,mFRR
2026-01-07T20:15:00Z,71.29,75.72,-50.0,BALANCED,0,
2026-01-07T20:30:00Z,68.42,128.19,217.0,SHORT,104.0,RR
2026-01-07T20:45:00Z,-23.63,77.18,-823.0,LONG,281.0,RR
2026-01-07T21:00:00Z,22.62,78.42,-297.0,LONG,146.0,aFRR
2026-01-07T21:15:00Z,65.45,170.3,594.0,SHORT,423.0,aFRR
2026-01-07T21:30:00Z,9.95,80.66,-457.0,LONG,260.0,mFRR
2026-01-07T21:45:00Z,63.89,114.99,273.0,SHORT,103.0,aFRR
2026-01-07T22:00:00Z,55.39,72.14,-103.0,LONG,61.0,mFRR
2026-01-07T22:15:00Z,77.79,106.3,121.0,SHORT,55.0,RR
2026-01-07T22:30:00Z,67.29,112.99,208.0,SHORT,140.0,mFRR
2026-01-07T22:45:00Z,66.65,80.05,128.0,SHORT,65.0,RR
2026-01-07T23:00:00Z,65.1,114.95,355.0,SHORT,117.0,mFRR
2026-01-07T23:15:00Z,31.13,79.89,-338.0,LONG,238.0,mFRR
2026-01-07T23:30:00Z,45.84,74.66,-223.0,LONG,151.0,aFRR
2026-01-07T23:45:00Z,-6.56,82.29,-591.0,LONG,343.0,RR
2026-01-08T00:00:00Z,59.79,89.08,133.0,SHORT,94.0,aFRR
2026-01-08T00:15:00Z,62.25,151.74,341.0,SHORT,186.0,mFRR
2026-01-08T00:30:00Z,66.49,73.22,91.0,BALANCED,0,
2026-01-08T00:45:00Z,65.79,135.44,266.0,SHORT,129.0,mFRR
2026-01-08T01:00:00Z,61.37,134.16,337.0,SHORT,107.0,RR
2026-01-08T01:15:00Z,73.43,115.61,261.0,SHORT,187.0,RR
2026-01-08T01:30:00Z,69.64,73.4,-62.0,BALANCED,0,
2026-01-08T01:45:00Z,71.49,74.78,-88.0,BALANCED,0,
2026-01-08T02:00:00Z,70.86,104.1,250.0,SHORT,77.0,RR
2026-01-08T02:15:00Z,72.33,131.4,235.0,SHORT,114.0,mFRR
2026-01-08T02:30:00Z,68.47,141.7,502.0,SHORT,289.0,mFRR
2026-01-08T02:45:00Z,66.36,74.6,-97.0,BALANCED,0,
2026-01-08T03:00:00Z,65.96,76.1,-98.0,BALANCED,0,
2026-01-08T03:15:00Z,68.83,75.5,42.0,BALANCED,0,
2026-01-08T03:30:00Z,60.57,75.94,-127.0,LONG,56.0,aFRR
2026-01-08T03:45:00Z,68.21,74.89,88.0,BALANCED,0,
2026-01-08T04:00:00Z,70.16,116.0,153.0,SHORT,102.0,RR
2026-01-08T04:15:00Z,66.51,133.52,180.0,SHORT,112.0,RR
2026-01-08T04:30:00Z,67.29,97.94,153.0,SHORT,87.0,mFRR
2026-01-08T04:45:00Z,68.44,69.08,-19.0,BALANCED,0,
2026-01-08T05:00:00Z,68.06,104.13,315.0,SHORT,236.0,mFRR
2026-01-08T05:15:00Z,65.37,128.23,603.0,SHORT,202.0,aFRR
2026-01-08T05:30:00Z,71.14,109.35,257.0,SHORT,205.0,RR
2026-01-08T05:45:00Z,65.21,74.21,94.0,BALANCED,0,
2026-01-08T06:00:00Z,47.63,79.52,-111.0,LONG,51.0,mFRR
2026-01-08T06:15:00Z,41.96,78.51,-175.0,LONG,104.0,aFRR
2026-01-08T06:30:00Z,72.49,85.92,122.0,SHORT,62.0,aFRR
2026-01-08T06:45:00Z,69.68,74.35,2.0,BALANCED,0,
2026-01-08T07:00:00Z,62.35,114.32,153.0,SHORT,89.0,mFRR
2026-01-08T07:15:00Z,28.94,75.27,-201.0,LONG,126.0,RR
2026-01-08T07:30:00Z,30.15,70.48,-317.0,LONG,191.0,aFRR
2026-01-08T07:45:00Z,65.85,126.91,255.0,SHORT,93.0,mFRR
2026-01-08T08:00:00Z,17.21,74.11,-450.0,LONG,144.0,mFRR
2026-01-08T08:15:00Z,29.45,73.42,-197.0,LONG,98.0,mFRR
2026-01-08T08:30:00Z,66.73,112.11,119.0,SHORT,78.0,RR
2026-01-08T08:45:00Z,61.64,103.32,343.0,SHORT,170.0,RR
2026-01-08T09:00:00Z,58.13,72.35,-147.0,LONG,82.0,mFRR
2026-01-08T09:15:00Z,67.51,117.51,164.0,SHORT,64.0,RR
2026-01-08T09:30:00Z,66.02,121.67,144.0,SHORT,46.0,mFRR
2026-01-08T09:45:00Z,66.6,97.51,114.0,SHORT,56.0,RR
2026-01-08T10:00:00Z,71.89,77.79,-1.0,BALANCED,0,
2026-01-08T10:15:00Z,64.67,123.65,201.0,SHORT,124.0,mFRR
2026-01-08T10:30:00Z,61.7,76.58,-120.0,LONG,51.0,RR
2026-01-08T10:45:00Z,62.96,112.26,130.0,SHORT,74.0,RR
2026-01-08T11:00:00Z,69.53,75.47,-49.0,BALANCED,0,
2026-01-08T11:15:00Z,29.42,74.77,-295.0,LONG,100.0,aFRR
2026-01-08T11:30:00Z,27.26,79.96,-345.0,LONG,268.0,RR
2026-01-08T11:45:00Z,67.86,75.7,-70.0,BALANCED,0,
2026-01-08T12:00:00Z,66.37,75.92,99.0,BALANCED,0,
2026-01-08T12:15:00Z,63.93,116.77,214.0,SHORT,90.0,RR
2026-01-08T12:30:00Z,29.57,82.18,-322.0,LONG,185.0,RR
2026-01-08T12:45:00Z,27.39,76.51,-283.0,LONG,207.0,mFRR
2026-01-08T13:00:00Z,67.24,74.32,-96.0,BALANCED,0,
2026-01-08T13:15:00Z,70.1,72.48,47.0,BALANCED,0,
2026-01-08T13:30:00Z,70.95,145.03,438.0,SHORT,222.0,mFRR
2026-01-08T13:45:00Z,67.77,74.1,100.0,BALANCED,0,
2026-01-08T14:00:00Z,19.77,79.3,-270.0,LONG,197.0,RR
2026-01-08T14:15:00Z,66.46,137.26,371.0,SHORT,115.0,RR
2026-01-08T14:30:00Z,29.91,81.66,-352.0,LONG,209.0,mFRR
2026-01-08T14:45:00Z,69.45,77.34,5.0,BALANCED,0,
2026-01-08T15:00:00Z,62.89,111.29,181.0,SHORT,95.0,mFRR
2026-01-08T15:15:00Z,35.14,79.06,-210.0,LONG,81.0,mFRR
2026-01-08T15:30:00Z,70.09,74.01,62.0,BALANCED,0,
2026-01-08T15:45:00Z,71.28,97.18,106.0,SHORT,43.0,RR
2026-01-08T16:00:00Z,5.88,73.53,-671.0,LONG,310.0,RR
2026-01-08T16:15:00Z,46.4,78.48,-223.0,LONG,149.0,aFRR
2026-01-08T16:30:00Z,68.35,130.34,335.0,SHORT,246.0,mFRR
2026-01-08T16:45:00Z,68.11,73.27,-7.0,BALANCED,0,
2026-01-08T17:00:00Z,21.61,83.49,-343.0,LONG,201.0,aFRR
2026-01-08T17:15:00Z,46.06,78.09,-148.0,LONG,112.0,RR
2026-01-08T17:30:00Z,67.6,75.88,60.0,BALANCED,0,
2026-01-08T17:45:00Z,58.51,74.58,-176.0,LONG,67.0,RR
2026-01-08T18:00:00Z,68.18,77.45,82.0,BALANCED,0,
2026-01-08T18:15:00Z,25.78,79.6,-299.0,LONG,127.0,mFRR
2026-01-08T18:30:00Z,20.42,79.69,-596.0,LONG,288.0,RR
2026-01-08T18:45:00Z,71.23,73.04,-44.0,BALANCED,0,
2026-01-08T19:00:00Z,67.75,142.1,644.0,SHORT,215.0,aFRR
2026-01-08T19:15:00Z,64.19,127.71,135.0,SHORT,105.0,mFRR
2026-01-08T19:30:00Z,70.28,73.58,-44.0,BALANCED,0,
2026-01-08T19:45:00Z,28.91,72.78,-219.0,LONG,126.0,RR
2026-01-08T20:00:00Z,69.43,85.3,157.0,SHORT,113.0,aFRR
2026-01-08T20:15:00Z,67.12,105.9,186.0,SHORT,62.0,mFRR
2026-01-08T20:30:00Z,68.44,76.54,18.0,BALANCED,0,
2026-01-08T20:45:00Z,67.84,74.01,-51.0,BALANCED,0,
2026-01-08T21:00:00Z,13.09,80.11,-397.0,LONG,304.0,aFRR
2026-01-08T21:15:00Z,44.43,72.24,-237.0,LONG,121.0,RR
2026-01-08T21:30:00Z,67.81,122.95,336.0,SHORT,139.0,mFRR
2026-01-08T21:45:00Z,70.38,78.11,-35.0,BALANCED,0,
2026-01-08T22:00:00Z,2.44,77.73,-614.0,LONG,488.0,RR
2026-01-08T22:15:00Z,40.62,79.52,-228.0,LONG,134.0,aFRR
2026-01-08T22:30:00Z,66.88,174.67,610.0,SHORT,383.0,aFRR
2026-01-08T22:45:00Z,12.07,75.27,-443.0,LONG,147.0,RR
2026-01-08T23:00:00Z,67.06,122.85,154.0,SHORT,72.0,mFRR
2026-01-08T23:15:00Z,67.65,75.33,-80.0,BALANCED,0,
2026-01-08T23:30:00Z,65.28,99.23,102.0,SHORT,62.0,aFRR
2026-01-08T23:45:00Z,40.81,77.34,-200.0,LONG,116.0,aFRR
2026-01-09T00:00:00Z,70.84,149.62,388.0,SHORT,159.0,mFRR
2026-01-09T00:15:00Z,68.27,76.17,-15.0,BALANCED,0,
2026-01-09T00:30:00Z,43.2,77.53,-280.0,LONG,198.0,mFRR
2026-01-09T00:45:00Z,66.91,76.74,69.0,BALANCED,0,
2026-01-09T01:00:00Z,17.54,77.78,-446.0,LONG,203.0,aFRR
2026-01-09T01:15:00Z,4.08,71.46,-564.0,LONG,343.0,mFRR
2026-01-09T01:30:00Z,67.73,74.87,-86.0,BALANCED,0,
2026-01-09T01:45:00Z,42.98,74.88,-202.0,LONG,111.0,mFRR
2026-01-09T02:00:00Z,66.98,74.86,-45.0,BALANCED,0,
2026-01-09T02:15:00Z,23.54,78.01,-421.0,LONG,196.0,aFRR
2026-01-09T02:30:00Z,-15.7,77.95,-617.0,LONG,203.0,RR
2026-01-09T02:45:00Z,66.42,112.25,111.0,SHORT,44.0,mFRR
2026-01-09T03:00:00Z,70.09,129.5,287.0,SHORT,129.0,RR
2026-01-09T03:15:00Z,49.34,80.96,-146.0,LONG,59.0,mFRR
2026-01-09T03:30:00Z,38.73,81.41,-242.0,LONG,105.0,aFRR
2026-01-09T03:45:00Z,67.76,144.93,555.0,SHORT,233.0,mFRR
2026-01-09T04:00:00Z,64.35,137.83,305.0,SHORT,114.0,aFRR
2026-01-09T04:15:00Z,67.61,119.18,158.0,SHORT,86.0,aFRR
2026-01-09T04:30:00Z,68.51,115.74,452.0,SHORT,230.0,aFRR
2026-01-09T04:45:00Z,26.05,78.48,-361.0,LONG,168.0,mFRR
2026-01-09T05:00:00Z,66.7,70.06,-48.0,BALANCED,0,
2026-01-09T05:15:00Z,64.66,129.31,357.0,SHORT,195.0,mFRR
2026-01-09T05:30:00Z,65.7,130.75,298.0,SHORT,122.0,mFRR
2026-01-09T05:45:00Z,68.63,74.12,37.0,BALANCED,0,
2026-01-09T06:00:00Z,47.85,78.38,-164.0,LONG,101.0,aFRR
2026-01-09T06:15:00Z,9.14,81.16,-492.0,LONG,300.0,mFRR
2026-01-09T06:30:00Z,68.24,103.83,258.0,SHORT,80.0,RR
2026-01-09T06:45:00Z,68.96,75.28,-62.0,BALANCED,0,
2026-01-09T07:00:00Z,72.95,101.18,264.0,SHORT,84.0,mFRR
2026-01-09T07:15:00Z,70.93,159.2,661.0,SHORT,218.0,RR
2026-01-09T07:30:00Z,72.26,144.37,575.0,SHORT,202.0,mFRR
2026-01-09T07:45:00Z,61.6,112.12,137.0,SHORT,56.0,aFRR
2026-01-09T08:00:00Z,45.95,75.14,-121.0,LONG,83.0,aFRR
2026-01-09T08:15:00Z,69.5,79.13,71.0,BALANCED,0,
2026-01-09T08:30:00Z,29.34,76.2,-306.0,LONG,196.0,RR
2026-01-09T08:45:00Z,19.41,80.24,-343.0,LONG,135.0,mFRR
2026-01-09T09:00:00Z,61.43,134.42,421.0,SHORT,264.0,mFRR
2026-01-09T09:15:00Z,65.65,72.04,69.0,BALANCED,0,
2026-01-09T09:30:00Z,61.25,75.46,-202.0,LONG,141.0,RR
2026-01-09T09:45:00Z,68.55,141.49,431.0,SHORT,131.0,mFRR
2026-01-09T10:00:00Z,62.93,114.49,312.0,SHORT,100.0,mFRR
2026-01-09T10:15:00Z,65.9,123.85,143.0,SHORT,64.0,RR
2026-01-09T10:30:00Z,67.62,75.85,-65.0,BALANCED,0,
2026-01-09T10:45:00Z,34.56,76.67,-225.0,LONG,124.0,mFRR
2026-01-09T11:00:00Z,15.03,75.88,-498.0,LONG,292.0,aFRR
2026-01-09T11:15:00Z,68.42,75.84,35.0,BALANCED,0,
2026-01-09T11:30:00Z,42.15,73.98,-229.0,LONG,126.0,RR
2026-01-09T11:45:00Z,69.05,75.26,-79.0,BALANCED,0,
2026-01-09T12:00:00Z,46.69,78.34,-174.0,LONG,97.0,mFRR
2026-01-09T12:15:00Z,6.7,74.31,-476.0,LONG,189.0,RR
2026-01-09T12:30:00Z,68.16,78.12,103.0,SHORT,35.0,mFRR
2026-01-09T12:45:00Z,72.38,78.42,10.0,BALANCED,0,
2026-01-09T13:00:00Z,66.55,73.74,4.0,BALANCED,0,
2026-01-09T13:15:00Z,61.4,132.1,208.0,SHORT,81.0,mFRR
2026-01-09T13:30:00Z,34.45,78.96,-230.0,LONG,125.0,RR
2026-01-09T13:45:00Z,64.73,77.11,8.0,BALANCED,0,
2026-01-09T14:00:00Z,64.65,113.66,121.0,SHORT,90.0,mFRR
2026-01-09T14:15:00Z,55.94,74.64,-110.0,LONG,67.0,mFRR
2026-01-09T14:30:00Z,68.51,106.11,415.0,SHORT,138.0,aFRR
2026-01-09T14:45:00Z,10.27,78.16,-434.0,LONG,161.0,mFRR
2026-01-09T15:00:00Z,71.51,78.34,95.0,BALANCED,0,
2026-01-09T15:15:00Z,73.97,76.72,-46.0,BALANCED,0,
2026-01-09T15:30:00Z,73.05,99.07,124.0,SHORT,96.0,RR
2026-01-09T15:45:00Z,23.44,78.96,-328.0,LONG,217.0,mFRR
2026-01-09T16:00:00Z,67.67,119.14,112.0,SHORT,79.0,RR
2026-01-09T16:15:00Z,68.26,124.46,295.0,SHORT,149.0,RR
2026-01-09T16:30:00Z,67.93,76.16,5.0,BALANCED,0,
2026-01-09T16:45:00Z,67.08,74.91,-7.0,BALANCED,0,
2026-01-09T17:00:00Z,62.3,110.86,290.0,SHORT,157.0,mFRR
2026-01-09T17:15:00Z,33.4,76.64,-265.0,LONG,124.0,mFRR
2026-01-09T17:30:00Z,69.33,74.37,40.0,BALANCED,0,
2026-01-09T17:45:00Z,29.91,81.17,-222.0,LONG,160.0,mFRR
2026-01-09T18:00:00Z,39.94,72.51,-297.0,LONG,103.0,aFRR
2026-01-09T18:15:00Z,12.13,77.29,-405.0,LONG,229.0,aFRR
2026-01-09T18:30:00Z,19.81,81.34,-294.0,LONG,206.0,RR
2026-01-09T18:45:00Z,66.44,75.73,5.0,BALANCED,0,
2026-01-09T19:00:00Z,46.81,84.31,-198.0,LONG,155.0,RR
2026-01-09T19:15:00Z,6.91,78.99,-585.0,LONG,275.0,mFRR
2026-01-09T19:30:00Z,66.71,129.01,392.0,SHORT,191.0,RR
2026-01-09T19:45:00Z,49.89,77.61,-165.0,LONG,92.0,RR
2026-01-09T20:00:00Z,20.51,80.81,-414.0,LONG,225.0,aFRR
2026-01-09T20:15:00Z,34.65,76.6,-201.0,LONG,104.0,aFRR
2026-01-09T20:30:00Z,50.36,78.6,-189.0,LONG,120.0,aFRR
2026-01-09T20:45:00Z,38.92,74.96,-133.0,LONG,85.0,RR
2026-01-09T21:00:00Z,71.34,74.78,-41.0,BALANCED,0,
2026-01-09T21:15:00Z,38.29,76.66,-209.0,LONG,137.0,mFRR
2026-01-09T21:30:00Z,17.61,73.28,-343.0,LONG,162.0,RR
2026-01-09T21:45:00Z,13.44,69.61,-539.0,LONG,350.0,RR
2026-01-09T22:00:00Z,22.93,74.4,-484.0,LONG,254.0,RR
2026-01-09T22:15:00Z,47.6,80.06,-229.0,LONG,138.0,RR
2026-01-09T22:30:00Z,42.58,79.74,-184.0,LONG,103.0,mFRR
2026-01-09T22:45:00Z,71.11,140.92,247.0,SHORT,195.0,aFRR
2026-01-09T23:00:00Z,54.6,72.06,-122.0,LONG,97.0,aFRR
2026-01-09T23:15:00Z,68.36,141.26,489.0,SHORT,270.0,mFRR
2026-01-09T23:30:00Z,65.45,169.88,680.0,SHORT,543.0,RR
2026-01-09T23:45:00Z,-18.29,75.73,-653.0,LONG,447.0,mFRR
2026-01-10T00:00:00Z,59.65,155.19,568.0,SHORT,413.0,RR
2026-01-10T00:15:00Z,69.39,101.29,216.0,SHORT,137.0,mFRR
2026-01-10T00:30:00Z,74.03,161.6,384.0,SHORT,157.0,mFRR
2026-01-10T00:45:00Z,69.14,142.86,436.0,SHORT,252.0,aFRR
2026-01-10T01:00:00Z,38.07,75.11,-347.0,LONG,118.0,mFRR
2026-01-10T01:15:00Z,64.23,108.92,286.0,SHORT,122.0,aFRR
2026-01-10T01:30:00Z,70.57,76.27,-20.0,BALANCED,0,
2026-01-10T01:45:00Z,65.04,123.05,149.0,SHORT,57.0,mFRR
2026-01-10T02:00:00Z,54.16,75.59,-155.0,LONG,119.0,aFRR
2026-01-10T02:15:00Z,72.11,128.01,420.0,SHORT,223.0,RR
2026-01-10T02:30:00Z,62.06,108.28,198.0,SHORT,79.0,RR
2026-01-10T02:45:00Z,71.29,117.29,270.0,SHORT,114.0,RR
2026-01-10T03:00:00Z,46.63,83.57,-217.0,LONG,168.0,mFRR
2026-01-10T03:15:00Z,67.91,133.61,316.0,SHORT,232.0,RR
2026-01-10T03:30:00Z,5.32,75.43,-568.0,LONG,328.0,RR
2026-01-10T03:45:00Z,67.48,156.83,660.0,SHORT,202.0,mFRR
2026-01-10T04:00:00Z,36.94,71.79,-189.0,LONG,102.0,RR
2026-01-10T04:15:00Z,67.02,138.56,577.0,SHORT,309.0,RR
2026-01-10T04:30:00Z,68.9,97.84,240.0,SHORT,119.0,RR
2026-01-10T04:45:00Z,68.72,121.31,146.0,SHORT,74.0,aFRR
2026-01-10T05:00:00Z,45.83,74.59,-101.0,LONG,71.0,aFRR
2026-01-10T05:15:00Z,21.01,73.4,-304.0,LONG,220.0,RR
2026-01-10T05:30:00Z,49.95,75.63,-182.0,LONG,73.0,aFRR
2026-01-10T05:45:00Z,68.56,145.57,471.0,SHORT,313.0,mFRR
2026-01-10T06:00:00Z,69.39,130.33,520.0,SHORT,229.0,aFRR
2026-01-10T06:15:00Z,64.29,107.53,110.0,SHORT,35.0,aFRR
2026-01-10T06:30:00Z,69.96,119.75,113.0,SHORT,88.0,aFRR
2026-01-10T06:45:00Z,69.03,72.73,-26.0,BALANCED,0,
2026-01-10T07:00:00Z,68.13,78.79,-32.0,BALANCED,0,
2026-01-10T07:15:00Z,69.21,71.29,2.0,BALANCED,0,
2026-01-10T07:30:00Z,67.82,109.18,273.0,SHORT,187.0,RR
2026-01-10T07:45:00Z,52.3,76.55,-166.0,LONG,59.0,mFRR
2026-01-10T08:00:00Z,45.98,78.51,-190.0,LONG,128.0,aFRR
2026-01-10T08:15:00Z,41.15,73.96,-300.0,LONG,114.0,aFRR
2026-01-10T08:30:00Z,21.54,75.32,-354.0,LONG,247.0,RR
2026-01-10T08:45:00Z,72.18,102.08,124.0,SHORT,70.0,mFRR
2026-01-10T09:00:00Z,65.47,76.81,88.0,BALANCED,0,
2026-01-10T09:15:00Z,59.3,74.85,-219.0,LONG,148.0,mFRR
2026-01-10T09:30:00Z,68.43,75.05,-98.0,BALANCED,0,
2026-01-10T09:45:00Z,70.2,74.93,92.0,BALANCED,0,
2026-01-10T10:00:00Z,65.33,131.93,421.0,SHORT,150.0,mFRR
2026-01-10T10:15:00Z,47.43,70.35,-190.0,LONG,127.0,aFRR
2026-01-10T10:30:00Z,38.9,77.16,-251.0,LONG,166.0,aFRR
2026-01-10T10:45:00Z,32.72,77.78,-203.0,LONG,128.0,mFRR
2026-01-10T11:00:00Z,42.05,71.22,-113.0,LONG,57.0,aFRR
2026-01-10T11:15:00Z,42.59,76.78,-150.0,LONG,85.0,mFRR
2026-01-10T11:30:00Z,65.74,110.55,181.0,SHORT,72.0,mFRR
2026-01-10T11:45:00Z,22.66,76.97,-296.0,LONG,211.0,mFRR
2026-01-10T12:00:00Z,33.92,77.45,-320.0,LONG,117.0,aFRR
2026-01-10T12:15:00Z,68.01,142.92,439.0,SHORT,327.0,RR
2026-01-10T12:30:00Z,70.25,78.97,89.0,BALANCED,0,
2026-01-10T12:45:00Z,25.42,76.97,-343.0,LONG,192.0,mFRR
2026-01-10T13:00:00Z,52.93,77.14,-136.0,LONG,98.0,aFRR
2026-01-10T13:15:00Z,70.81,76.29,-30.0,BALANCED,0,
2026-01-10T13:30:00Z,67.94,168.38,782.0,SHORT,412.0,aFRR
2026-01-10T13:45:00Z,68.12,75.77,-23.0,BALANCED,0,
2026-01-10T14:00:00Z,67.77,141.66,275.0,SHORT,147.0,aFRR
2026-01-10T14:15:00Z,39.26,73.12,-229.0,LONG,132.0,aFRR
2026-01-10T14:30:00Z,64.21,157.91,409.0,SHORT,324.0,RR
2026-01-10T14:45:00Z,67.27,133.26,545.0,SHORT,191.0,aFRR
2026-01-10T15:00:00Z,13.57,79.38,-485.0,LONG,362.0,mFRR
2026-01-10T15:15:00Z,26.7,77.6,-387.0,LONG,194.0,RR
2026-01-10T15:30:00Z,66.89,72.08,74.0,BALANCED,0,
2026-01-10T15:45:00Z,52.47,75.27,-103.0,LONG,47.0,aFRR
2026-01-10T16:00:00Z,67.69,141.37,527.0,SHORT,293.0,mFRR
2026-01-10T16:15:00Z,-28.44,74.54,-912.0,LONG,563.0,mFRR
2026-01-10T16:30:00Z,72.76,127.49,298.0,SHORT,192.0,RR
2026-01-10T16:45:00Z,67.33,170.09,587.0,SHORT,450.0,mFRR
2026-01-10T17:00:00Z,70.73,115.41,430.0,SHORT,225.0,mFRR
2026-01-10T17:15:00Z,69.34,71.8,31.0,BALANCED,0,
2026-01-10T17:30:00Z,37.13,74.31,-235.0,LONG,96.0,aFRR
2026-01-10T17:45:00Z,67.34,76.49,-89.0,BALANCED,0,
2026-01-10T18:00:00Z,36.07,74.71,-259.0,LONG,141.0,aFRR
2026-01-10T18:15:00Z,69.2,118.01,211.0,SHORT,120.0,mFRR
2026-01-10T18:30:00Z,67.63,110.52,223.0,SHORT,161.0,aFRR
2026-01-10T18:45:00Z,67.06,106.78,318.0,SHORT,222.0,aFRR
2026-01-10T19:00:00Z,72.51,75.42,-5.0,BALANCED,0,
2026-01-10T19:15:00Z,63.06,126.98,309.0,SHORT,141.0,aFRR
2026-01-10T19:30:00Z,69.67,105.68,211.0,SHORT,101.0,aFRR
2026-01-10T19:45:00Z,71.96,128.84,143.0,SHORT,45.0,mFRR
2026-01-10T20:00:00Z,66.96,76.87,-10.0,BALANCED,0,
2026-01-10T20:15:00Z,66.55,97.67,169.0,SHORT,76.0,aFRR
2026-01-10T20:30:00Z,68.54,113.82,119.0,SHORT,40.0,RR
2026-01-10T20:45:00Z,43.14,75.81,-142.0,LONG,65.0,mFRR
2026-01-10T21:00:00Z,22.18,78.3,-323.0,LONG,171.0,aFRR
2026-01-10T21:15:00Z,34.88,82.42,-220.0,LONG,69.0,mFRR
2026-01-10T21:30:00Z,35.05,77.81,-241.0,LONG,143.0,mFRR
2026-01-10T21:45:00Z,65.24,116.12,246.0,SHORT,89.0,RR
2026-01-10T22:00:00Z,70.34,114.33,409.0,SHORT,225.0,mFRR
2026-01-10T22:15:00Z,69.36,72.28,4.0,BALANCED,0,
2026-01-10T22:30:00Z,67.75,119.43,556.0,SHORT,396.0,RR
2026-01-10T22:45:00Z,69.96,77.4,-33.0,BALANCED,0,
2026-01-10T23:00:00Z,68.61,111.42,224.0,SHORT,114.0,aFRR
2026-01-10T23:15:00Z,43.9,70.99,-168.0,LONG,81.0,mFRR
2026-01-10T23:30:00Z,70.61,74.14,-93.0,BALANCED,0,
2026-01-10T23:45:00Z,68.39,72.18,-74.0,BALANCED,0,
2026-01-11T00:00:00Z,67.54,123.67,284.0,SHORT,89.0,aFRR
2026-01-11T00:15:00Z,68.98,116.86,274.0,SHORT,90.0,aFRR
2026-01-11T00:30:00Z,69.58,70.45,-26.0,BALANCED,0,
2026-01-11T00:45:00Z,50.45,78.43,-163.0,LONG,125.0,mFRR
2026-01-11T01:00:00Z,48.08,77.45,-104.0,LONG,40.0,aFRR
2026-01-11T01:15:00Z,66.68,73.3,61.0,BALANCED,0,
2026-01-11T01:30:00Z,68.75,159.5,671.0,SHORT,203.0,aFRR
2026-01-11T01:45:00Z,44.2,79.54,-131.0,LONG,69.0,mFRR
2026-01-11T02:00:00Z,65.07,129.86,194.0,SHORT,80.0,mFRR
2026-01-11T02:15:00Z,69.44,77.13,97.0,BALANCED,0,
2026-01-11T02:30:00Z,69.16,129.51,286.0,SHORT,226.0,RR
2026-01-11T02:45:00Z,73.09,77.73,-89.0,BALANCED,0,
2026-01-11T03:00:00Z,67.4,74.78,10.0,BALANCED,0,
2026-01-11T03:15:00Z,69.08,73.41,69.0,BALANCED,0,
2026-01-11T03:30:00Z,68.44,73.63,97.0,BALANCED,0,
2026-01-11T03:45:00Z,69.96,71.22,-86.0,BALANCED,0,
2026-01-11T04:00:00Z,64.39,124.26,198.0,SHORT,140.0,mFRR
2026-01-11T04:15:00Z,71.12,116.76,324.0,SHORT,209.0,RR
2026-01-11T04:30:00Z,68.75,74.71,-19.0,BALANCED,0,
2026-01-11T04:45:00Z,70.49,74.03,59.0,BALANCED,0,
2026-01-11T05:00:00Z,69.24,118.6,191.0,SHORT,151.0,aFRR
2026-01-11T05:15:00Z,40.0,75.32,-139.0,LONG,52.0,RR
2026-01-11T05:30:00Z,55.41,78.19,-159.0,LONG,71.0,RR
2026-01-11T05:45:00Z,34.0,70.98,-213.0,LONG,73.0,RR
2026-01-11T06:00:00Z,30.64,77.63,-361.0,LONG,205.0,mFRR
2026-01-11T06:15:00Z,66.48,77.02,-13.0,BALANCED,0,
2026-01-11T06:30:00Z,27.09,79.33,-505.0,LONG,349.0,RR
2026-01-11T06:45:00Z,72.38,115.73,220.0,SHORT,120.0,RR
2026-01-11T07:00:00Z,63.82,174.11,556.0,SHORT,335.0,aFRR
2026-01-11T07:15:00Z,54.49,75.66,-102.0,LONG,72.0,aFRR
2026-01-11T07:30:00Z,33.51,76.3,-299.0,LONG,101.0,RR
2026-01-11T07:45:00Z,10.01,73.46,-512.0,LONG,408.0,RR
2026-01-11T08:00:00Z,64.41,98.2,121.0,SHORT,94.0,aFRR
2026-01-11T08:15:00Z,71.47,142.0,728.0,SHORT,350.0,mFRR
2026-01-11T08:30:00Z,70.22,102.67,114.0,SHORT,89.0,RR
2026-01-11T08:45:00Z,32.81,83.09,-345.0,LONG,104.0,mFRR
2026-01-11T09:00:00Z,66.99,90.03,147.0,SHORT,99.0,RR
2026-01-11T09:15:00Z,66.75,100.67,156.0,SHORT,51.0,mFRR
2026-01-11T09:30:00Z,-9.31,79.33,-710.0,LONG,235.0,mFRR
2026-01-11T09:45:00Z,36.67,75.72,-301.0,LONG,186.0,aFRR
2026-01-11T10:00:00Z,43.16,80.44,-269.0,LONG,170.0,aFRR
2026-01-11T10:15:00Z,69.51,122.4,279.0,SHORT,221.0,mFRR
2026-01-11T10:30:00Z,66.23,148.8,408.0,SHORT,260.0,mFRR
2026-01-11T10:45:00Z,65.97,75.7,29.0,BALANCED,0,
2026-01-11T11:00:00Z,66.81,74.54,-80.0,BALANCED,0,
2026-01-11T11:15:00Z,68.77,122.15,130.0,SHORT,96.0,RR
2026-01-11T11:30:00Z,61.18,123.99,324.0,SHORT,243.0,mFRR
2026-01-11T11:45:00Z,67.99,73.64,17.0,BALANCED,0,
2026-01-11T12:00:00Z,63.98,108.07,176.0,SHORT,102.0,RR
2026-01-11T12:15:00Z,41.63,77.27,-240.0,LONG,82.0,mFRR
2026-01-11T12:30:00Z,66.73,132.29,381.0,SHORT,197.0,RR
2026-01-11T12:45:00Z,67.98,105.06,227.0,SHORT,91.0,aFRR
2026-01-11T13:00:00Z,66.79,127.34,266.0,SHORT,154.0,RR
2026-01-11T13:15:00Z,65.91,159.77,530.0,SHORT,231.0,mFRR
2026-01-11T13:30:00Z,36.75,83.45,-161.0,LONG,115.0,RR
2026-01-11T13:45:00Z,70.5,74.91,-20.0,BALANCED,0,
2026-01-11T14:00:00Z,31.98,72.41,-320.0,LONG,138.0,mFRR
2026-01-11T14:15:00Z,32.95,76.8,-404.0,LONG,308.0,aFRR
2026-01-11T14:30:00Z,33.77,73.64,-356.0,LONG,107.0,RR
2026-01-11T14:45:00Z,65.54,114.52,151.0,SHORT,81.0,RR
2026-01-11T15:00:00Z,64.26,77.04,-100.0,LONG,66.0,aFRR
2026-01-11T15:15:00Z,71.58,75.69,35.0,BALANCED,0,
2026-01-11T15:30:00Z,67.06,74.79,-8.0,BALANCED,0,
2026-01-11T15:45:00Z,72.7,116.67,290.0,SHORT,112.0,aFRR
2026-01-11T16:00:00Z,68.35,99.08,150.0,SHORT,111.0,RR
2026-01-11T16:15:00Z,17.31,77.66,-523.0,LONG,258.0,aFRR
2026-01-11T16:30:00Z,35.8,72.94,-249.0,LONG,197.0,RR
2026-01-11T16:45:00Z,71.53,73.62,53.0,BALANCED,0,
2026-01-11T17:00:00Z,16.7,81.1,-426.0,LONG,291.0,RR
2026-01-11T17:15:00Z,65.27,123.33,260.0,SHORT,102.0,mFRR
2026-01-11T17:30:00Z,34.04,75.77,-375.0,LONG,267.0,mFRR
2026-01-11T17:45:00Z,62.95,124.34,200.0,SHORT,120.0,mFRR
2026-01-11T18:00:00Z,50.76,74.35,-128.0,LONG,52.0,RR
2026-01-11T18:15:00Z,27.86,76.47,-243.0,LONG,182.0,mFRR
2026-01-11T18:30:00Z,71.55,74.68,100.0,BALANCED,0,
2026-01-11T18:45:00Z,68.58,77.29,30.0,BALANCED,0,
2026-01-11T19:00:00Z,3.8,73.5,-438.0,LONG,222.0,RR
2026-01-11T19:15:00Z,63.93,124.91,257.0,SHORT,176.0,RR
2026-01-11T19:30:00Z,65.32,108.93,134.0,SHORT,90.0,mFRR
2026-01-11T19:45:00Z,69.44,75.12,10.0,BALANCED,0,
2026-01-11T20:00:00Z,6.85,69.01,-539.0,LONG,430.0,RR
2026-01-11T20:15:00Z,71.17,75.89,96.0,BALANCED,0,
2026-01-11T20:30:00Z,45.49,73.32,-205.0,LONG,81.0,RR
2026-01-11T20:45:00Z,23.01,76.43,-304.0,LONG,113.0,aFRR
2026-01-11T21:00:00Z,72.32,98.2,127.0,SHORT,82.0,RR
2026-01-11T21:15:00Z,14.2,75.95,-547.0,LONG,280.0,aFRR
2026-01-11T21:30:00Z,66.34,107.09,138.0,SHORT,93.0,aFRR
2026-01-11T21:45:00Z,41.06,80.33,-156.0,LONG,110.0,mFRR
2026-01-11T22:00:00Z,50.57,83.76,-159.0,LONG,61.0,RR
2026-01-11T22:15:00Z,46.73,74.64,-174.0,LONG,112.0,RR
2026-01-11T22:30:00Z,46.39,73.6,-213.0,LONG,72.0,aFRR
2026-01-11T22:45:00Z,64.92,95.74,134.0,SHORT,53.0,aFRR
2026-01-11T23:00:00Z,71.31,162.29,526.0,SHORT,196.0,mFRR
2026-01-11T23:15:00Z,44.68,74.17,-111.0,LONG,68.0,RR
2026-01-11T23:30:00Z,42.01,79.34,-223.0,LONG,141.0,RR
2026-01-11T23:45:00Z,70.34,76.39,13.0,BALANCED,0,
2026-01-12T00:00:00Z,30.11,74.05,-260.0,LONG,144.0,RR
2026-01-12T00:15:00Z,43.99,71.28,-133.0,LONG,103.0,RR
2026-01-12T00:30:00Z,71.75,76.42,10.0,BALANCED,0,
2026-01-12T00:45:00Z,67.02,108.96,128.0,SHORT,92.0,RR
2026-01-12T01:00:00Z,68.58,77.08,98.0,BALANCED,0,
2026-01-12T01:15:00Z,65.06,71.48,39.0,BALANCED,0,
2026-01-12T01:30:00Z,65.23,120.48,241.0,SHORT,155.0,RR
2026-01-12T01:45:00Z,66.83,132.03,367.0,SHORT,139.0,aFRR
2026-01-12T02:00:00Z,71.36,77.93,-46.0,BALANCED,0,
2026-01-12T02:15:00Z,69.13,85.1,214.0,SHORT,131.0,aFRR
2026-01-12T02:30:00Z,12.38,78.89,-476.0,LONG,333.0,mFRR
2026-01-12T02:45:00Z,27.01,70.59,-178.0,LONG,132.0,RR
2026-01-12T03:00:00Z,67.65,124.14,232.0,SHORT,162.0,aFRR
2026-01-12T03:15:00Z,67.68,73.87,100.0,BALANCED,0,
2026-01-12T03:30:00Z,1.11,80.99,-664.0,LONG,463.0,RR
2026-01-12T03:45:00Z,72.78,75.57,-45.0,BALANCED,0,
2026-01-12T04:00:00Z,67.04,119.64,231.0,SHORT,91.0,mFRR
2026-01-12T04:15:00Z,41.53,73.96,-286.0,LONG,142.0,RR
2026-01-12T04:30:00Z,72.26,89.22,198.0,SHORT,81.0,aFRR
2026-01-12T04:45:00Z,-29.21,75.47,-892.0,LONG,489.0,RR
2026-01-12T05:00:00Z,32.72,76.89,-166.0,LONG,121.0,mFRR
2026-01-12T05:15:00Z,69.29,103.26,230.0,SHORT,158.0,aFRR
2026-01-12T05:30:00Z,54.78,76.93,-120.0,LONG,48.0,RR
2026-01-12T05:45:00Z,71.16,132.9,390.0,SHORT,254.0,RR
2026-01-12T06:00:00Z,25.29,76.59,-359.0,LONG,199.0,RR
2026-01-12T06:15:00Z,68.62,158.84,488.0,SHORT,258.0,RR
2026-01-12T06:30:00Z,43.29,76.47,-183.0,LONG,135.0,aFRR
2026-01-12T06:45:00Z,62.63,88.79,189.0,SHORT,133.0,mFRR
2026-01-12T07:00:00Z,63.79,117.58,317.0,SHORT,227.0,RR
2026-01-12T07:15:00Z,68.7,71.98,-83.0,BALANCED,0,
2026-01-12T07:30:00Z,67.98,75.7,10.0,BALANCED,0,
2026-01-12T07:45:00Z,62.16,141.07,567.0,SHORT,177.0,RR
2026-01-12T08:00:00Z,-13.35,72.88,-637.0,LONG,416.0,mFRR
2026-01-12T08:15:00Z,68.56,72.86,-52.0,BALANCED,0,
2026-01-12T08:30:00Z,69.8,72.19,-49.0,BALANCED,0,
2026-01-12T08:45:00Z,68.49,75.77,-63.0,BALANCED,0,
2026-01-12T09:00:00Z,69.31,138.81,485.0,SHORT,265.0,aFRR
2026-01-12T09:15:00Z,61.45,137.22,326.0,SHORT,227.0,aFRR
2026-01-12T09:30:00Z,36.53,77.61,-326.0,LONG,258.0,mFRR
2026-01-12T09:45:00Z,67.93,117.98,138.0,SHORT,51.0,aFRR
2026-01-12T10:00:00Z,69.93,71.35,-31.0,BALANCED,0,
2026-01-12T10:15:00Z,56.07,131.6,456.0,SHORT,205.0,aFRR
2026-01-12T10:30:00Z,37.65,76.25,-306.0,LONG,129.0,mFRR
2026-01-12T10:45:00Z,64.81,120.55,307.0,SHORT,206.0,aFRR
2026-01-12T11:00:00Z,71.56,74.25,-83.0,BALANCED,0,
2026-01-12T11:15:00Z,65.93,109.09,149.0,SHORT,101.0,aFRR
2026-01-12T11:30:00Z,70.65,73.98,53.0,BALANCED,0,
2026-01-12T11:45:00Z,26.19,79.24,-313.0,LONG,186.0,aFRR
2026-01-12T12:00:00Z,68.34,77.78,78.0,BALANCED,0,
2026-01-12T12:15:00Z,66.91,112.33,175.0,SHORT,74.0,RR
2026-01-12T12:30:00Z,66.73,113.77,113.0,SHORT,79.0,aFRR
2026-01-12T12:45:00Z,65.79,77.97,34.0,BALANCED,0,
2026-01-12T13:00:00Z,39.8,75.67,-348.0,LONG,172.0,RR
2026-01-12T13:15:00Z,72.51,115.02,308.0,SHORT,198.0,aFRR
2026-01-12T13:30:00Z,51.8,77.5,-221.0,LONG,89.0,mFRR
2026-01-12T13:45:00Z,67.04,115.39,323.0,SHORT,227.0,mFRR
2026-01-12T14:00:00Z,67.16,103.19,167.0,SHORT,80.0,RR
2026-01-12T14:15:00Z,53.67,78.06,-126.0,LONG,45.0,RR
2026-01-12T14:30:00Z,30.81,77.35,-300.0,LONG,139.0,aFRR
2026-01-12T14:45:00Z,67.36,144.22,603.0,SHORT,290.0,mFRR
2026-01-12T15:00:00Z,66.89,74.36,-29.0,BALANCED,0,
2026-01-12T15:15:00Z,72.04,75.27,-26.0,BALANCED,0,
2026-01-12T15:30:00Z,73.88,121.83,477.0,SHORT,147.0,RR
2026-01-12T15:45:00Z,64.14,144.62,534.0,SHORT,401.0,aFRR
2026-01-12T16:00:00Z,69.21,164.44,529.0,SHORT,163.0,RR
2026-01-12T16:15:00Z,69.04,98.71,270.0,SHORT,161.0,aFRR
2026-01-12T16:30:00Z,63.86,120.97,423.0,SHORT,145.0,mFRR
2026-01-12T16:45:00Z,47.92,72.39,-227.0,LONG,153.0,RR
2026-01-12T17:00:00Z,69.41,77.46,-21.0,BALANCED,0,
2026-01-12T17:15:00Z,69.16,114.6,104.0,SHORT,50.0,mFRR
2026-01-12T17:30:00Z,24.81,79.74,-347.0,LONG,147.0,mFRR
2026-01-12T17:45:00Z,68.78,106.01,132.0,SHORT,52.0,mFRR
2026-01-12T18:00:00Z,62.21,115.25,274.0,SHORT,153.0,RR
2026-01-12T18:15:00Z,38.64,74.15,-238.0,LONG,187.0,aFRR
2026-01-12T18:30:00Z,69.49,72.37,-65.0,BALANCED,0,
2026-01-12T18:45:00Z,46.02,82.35,-236.0,LONG,83.0,aFRR
2026-01-12T19:00:00Z,59.91,118.72,521.0,SHORT,287.0,aFRR
2026-01-12T19:15:00Z,67.6,123.01,380.0,SHORT,251.0,mFRR
2026-01-12T19:30:00Z,43.99,75.38,-266.0,LONG,175.0,aFRR
2026-01-12T19:45:00Z,66.99,95.75,189.0,SHORT,124.0,RR
2026-01-12T20:00:00Z,38.13,78.54,-192.0,LONG,60.0,RR
2026-01-12T20:15:00Z,69.58,129.98,262.0,SHORT,176.0,aFRR
2026-01-12T20:30:00Z,39.19,72.47,-182.0,LONG,74.0,mFRR
2026-01-12T20:45:00Z,7.45,73.47,-452.0,LONG,337.0,aFRR
2026-01-12T21:00:00Z,69.56,74.53,37.0,BALANCED,0,
2026-01-12T21:15:00Z,69.91,74.78,95.0,BALANCED,0,
2026-01-12T21:30:00Z,69.45,119.53,267.0,SHORT,152.0,mFRR
2026-01-12T21:45:00Z,70.42,147.23,616.0,SHORT,258.0,RR
2026-01-12T22:00:00Z,71.33,73.61,-3.0,BALANCED,0,
2026-01-12T22:15:00Z,36.86,76.79,-228.0,LONG,116.0,mFRR
2026-01-12T22:30:00Z,66.18,122.8,352.0,SHORT,271.0,mFRR
2026-01-12T22:45:00Z,67.32,72.92,-71.0,BALANCED,0,
2026-01-12T23:00:00Z,64.04,95.9,132.0,SHORT,86.0,aFRR
2026-01-12T23:15:00Z,74.06,121.75,328.0,SHORT,108.0,aFRR
2026-01-12T23:30:00Z,35.08,76.64,-228.0,LONG,130.0,RR
2026-01-12T23:45:00Z,63.45,118.64,240.0,SHORT,92.0,mFRR
2026-01-13T00:00:00Z,68.97,73.15,-3.0,BALANCED,0,
2026-01-13T00:15:00Z,63.6,119.38,225.0,SHORT,137.0,aFRR
2026-01-13T00:30:00Z,64.34,92.41,103.0,SHORT,68.0,mFRR
2026-01-13T00:45:00Z,69.67,150.02,492.0,SHORT,348.0,RR
2026-01-13T01:00:00Z,70.62,79.91,18.0,BALANCED,0,
2026-01-13T01:15:00Z,65.69,121.18,125.0,SHORT,79.0,RR
2026-01-13T01:30:00Z,51.61,73.39,-139.0,LONG,91.0,mFRR
2026-01-13T01:45:00Z,69.56,78.33,65.0,BALANCED,0,
2026-01-13T02:00:00Z,72.79,136.88,347.0,SHORT,117.0,mFRR
2026-01-13T02:15:00Z,43.64,78.49,-129.0,LONG,74.0,RR
2026-01-13T02:30:00Z,67.81,74.89,-97.0,BALANCED,0,
2026-01-13T02:45:00Z,70.5,121.81,330.0,SHORT,127.0,mFRR
2026-01-13T03:00:00Z,46.97,79.77,-274.0,LONG,122.0,mFRR
2026-01-13T03:15:00Z,65.81,137.98,336.0,SHORT,209.0,mFRR
2026-01-13T03:30:00Z,74.16,137.63,200.0,SHORT,155.0,aFRR
2026-01-13T03:45:00Z,48.53,70.96,-162.0,LONG,106.0,mFRR
2026-01-13T04:00:00Z,59.6,74.84,-141.0,LONG,104.0,aFRR
2026-01-13T04:15:00Z,67.29,89.3,162.0,SHORT,120.0,aFRR
2026-01-13T04:30:00Z,46.23,74.23,-126.0,LONG,55.0,mFRR
2026-01-13T04:45:00Z,67.01,114.95,263.0,SHORT,122.0,mFRR
2026-01-13T05:00:00Z,71.61,110.47,189.0,SHORT,109.0,aFRR
2026-01-13T05:15:00Z,38.45,77.39,-251.0,LONG,129.0,mFRR
2026-01-13T05:30:00Z,64.79,95.29,219.0,SHORT,95.0,aFRR
2026-01-13T05:45:00Z,64.18,147.69,300.0,SHORT,114.0,mFRR
2026-01-13T06:00:00Z,32.22,74.37,-377.0,LONG,154.0,aFRR
2026-01-13T06:15:00Z,68.6,74.81,77.0,BALANCED,0,
2026-01-13T06:30:00Z,70.73,113.44,118.0,SHORT,38.0,RR
2026-01-13T06:45:00Z,41.65,72.75,-185.0,LONG,140.0,RR
2026-01-13T07:00:00Z,23.5,78.23,-366.0,LONG,233.0,aFRR
2026-01-13T07:15:00Z,44.02,78.34,-109.0,LONG,61.0,RR
2026-01-13T07:30:00Z,67.91,74.72,-53.0,BALANCED,0,
2026-01-13T07:45:00Z,71.01,175.28,770.0,SHORT,294.0,mFRR
2026-01-13T08:00:00Z,68.35,75.68,46.0,BALANCED,0,
2026-01-13T08:15:00Z,46.77,83.24,-129.0,LONG,40.0,aFRR
2026-01-13T08:30:00Z,69.82,153.05,690.0,SHORT,234.0,RR
2026-01-13T08:45:00Z,68.76,175.27,750.0,SHORT,458.0,RR
2026-01-13T09:00:00Z,70.0,78.03,119.0,SHORT,92.0,mFRR
2026-01-13T09:15:00Z,65.81,131.03,460.0,SHORT,186.0,mFRR
2026-01-13T09:30:00Z,67.95,111.27,175.0,SHORT,56.0,mFRR
2026-01-13T09:45:00Z,35.11,77.71,-114.0,LONG,74.0,mFRR
2026-01-13T10:00:00Z,74.53,116.84,290.0,SHORT,129.0,aFRR
2026-01-13T10:15:00Z,15.78,77.32,-215.0,LONG,112.0,aFRR
2026-01-13T10:30:00Z,10.71,78.14,-461.0,LONG,311.0,RR
2026-01-13T10:45:00Z,39.62,81.35,-170.0,LONG,86.0,RR
2026-01-13T11:00:00Z,67.09,108.2,164.0,SHORT,61.0,RR
2026-01-13T11:15:00Z,47.2,73.83,-251.0,LONG,170.0,aFRR
2026-01-13T11:30:00Z,17.38,76.81,-368.0,LONG,220.0,aFRR
2026-01-13T11:45:00Z,69.5,97.03,124.0,SHORT,48.0,RR
2026-01-13T12:00:00Z,56.12,76.96,-160.0,LONG,85.0,mFRR
2026-01-13T12:15:00Z,18.64,78.03,-316.0,LONG,145.0,aFRR
2026-01-13T12:30:00Z,39.16,78.1,-207.0,LONG,103.0,mFRR
2026-01-13T12:45:00Z,67.02,104.91,168.0,SHORT,63.0,aFRR
2026-01-13T13:00:00Z,65.74,151.89,399.0,SHORT,205.0,aFRR
2026-01-13T13:15:00Z,41.14,78.7,-172.0,LONG,74.0,mFRR
2026-01-13T13:30:00Z,69.01,122.39,345.0,SHORT,220.0,aFRR
2026-01-13T13:45:00Z,70.63,123.42,244.0,SHORT,152.0,mFRR
2026-01-13T14:00:00Z,70.74,75.43,-19.0,BALANCED,0,
2026-01-13T14:15:00Z,35.76,73.14,-211.0,LONG,65.0,RR
2026-01-13T14:30:00Z,68.63,73.0,54.0,BALANCED,0,
2026-01-13T14:45:00Z,72.36,125.13,375.0,SHORT,250.0,mFRR
2026-01-13T15:00:00Z,74.43,96.15,156.0,SHORT,48.0,mFRR
2026-01-13T15:15:00Z,66.3,102.04,200.0,SHORT,133.0,mFRR
2026-01-13T15:30:00Z,69.47,75.58,82.0,BALANCED,0,
2026-01-13T15:45:00Z,66.94,189.25,872.0,SHORT,687.0,mFRR
2026-01-13T16:00:00Z,50.71,75.55,-204.0,LONG,87.0,mFRR
2026-01-13T16:15:00Z,51.21,77.96,-174.0,LONG,114.0,mFRR
2026-01-13T16:30:00Z,64.93,91.01,122.0,SHORT,41.0,mFRR
2026-01-13T16:45:00Z,39.36,74.7,-233.0,LONG,81.0,mFRR
2026-01-13T17:00:00Z,43.98,76.88,-201.0,LONG,151.0,RR
2026-01-13T17:15:00Z,-31.63,76.04,-828.0,LONG,349.0,RR
2026-01-13T17:30:00Z,0.07,77.49,-716.0,LONG,359.0,RR
2026-01-13T17:45:00Z,65.02,74.46,-96.0,BALANCED,0,
2026-01-13T18:00:00Z,70.37,73.29,-22.0,BALANCED,0,
2026-01-13T18:15:00Z,69.71,77.24,62.0,BALANCED,0,
2026-01-13T18:30:00Z,65.46,73.45,54.0,BALANCED,0,
2026-01-13T18:45:00Z,71.69,98.99,117.0,SHORT,54.0,aFRR
2026-01-13T19:00:00Z,38.47,72.24,-228.0,LONG,122.0,aFRR
2026-01-13T19:15:00Z,53.14,82.21,-111.0,LONG,70.0,mFRR
2026-01-13T19:30:00Z,72.37,76.13,63.0,BALANCED,0,
2026-01-13T19:45:00Z,69.77,74.87,-22.0,BALANCED,0,
2026-01-13T20:00:00Z,64.73,90.52,209.0,SHORT,85.0,RR
2026-01-13T20:15:00Z,67.44,93.76,117.0,SHORT,74.0,RR
2026-01-13T20:30:00Z,67.43,74.1,-65.0,BALANCED,0,
2026-01-13T20:45:00Z,67.07,77.8,66.0,BALANCED,0,
2026-01-13T21:00:00Z,70.01,169.67,478.0,SHORT,227.0,aFRR
2026-01-13T21:15:00Z,70.26,107.97,146.0,SHORT,57.0,aFRR
2026-01-13T21:30:00Z,68.02,138.16,452.0,SHORT,283.0,RR
2026-01-13T21:45:00Z,67.59,107.71,175.0,SHORT,63.0,aFRR
2026-01-13T22:00:00Z,7.09,76.35,-431.0,LONG,239.0,aFRR
2026-01-13T22:15:00Z,4.75,73.7,-309.0,LONG,187.0,mFRR
2026-01-13T22:30:00Z,26.03,78.31,-287.0,LONG,142.0,RR
2026-01-13T22:45:00Z,61.98,121.66,166.0,SHORT,82.0,RR
2026-01-13T23:00:00Z,12.99,77.94,-407.0,LONG,191.0,RR
2026-01-13T23:15:00Z,70.47,124.24,427.0,SHORT,249.0,mFRR
2026-01-13T23:30:00Z,71.99,137.75,312.0,SHORT,124.0,RR
2026-01-13T23:45:00Z,68.68,77.35,58.0,BALANCED,0,
2026-01-14T00:00:00Z,70.28,76.37,-56.0,BALANCED,0,
2026-01-14T00:15:00Z,71.42,72.77,89.0,BALANCED,0,
2026-01-14T00:30:00Z,49.89,73.1,-160.0,LONG,93.0,mFRR
2026-01-14T00:45:00Z,68.25,75.85,-49.0,BALANCED,0,
2026-01-14T01:00:00Z,71.05,72.99,72.0,BALANCED,0,
2026-01-14T01:15:00Z,62.64,105.17,267.0,SHORT,144.0,RR
2026-01-14T01:30:00Z,67.05,78.5,11.0,BALANCED,0,
2026-01-14T01:45:00Z,72.01,76.93,19.0,BALANCED,0,
2026-01-14T02:00:00Z,47.99,77.4,-151.0,LONG,95.0,RR
2026-01-14T02:15:00Z,12.47,78.67,-573.0,LONG,349.0,mFRR
2026-01-14T02:30:00Z,67.09,73.96,51.0,BALANCED,0,
2026-01-14T02:45:00Z,25.16,74.51,-423.0,LONG,290.0,mFRR
2026-01-14T03:00:00Z,70.03,70.7,-24.0,BALANCED,0,
2026-01-14T03:15:00Z,65.68,69.28,-98.0,BALANCED,0,
2026-01-14T03:30:00Z,69.57,77.96,-84.0,BALANCED,0,
2026-01-14T03:45:00Z,69.05,82.09,107.0,SHORT,55.0,RR
2026-01-14T04:00:00Z,62.3,89.11,149.0,SHORT,86.0,mFRR
2026-01-14T04:15:00Z,63.59,107.21,375.0,SHORT,275.0,RR
2026-01-14T04:30:00Z,63.82,123.82,293.0,SHORT,205.0,aFRR
2026-01-14T04:45:00Z,21.36,75.37,-499.0,LONG,308.0,RR
2026-01-14T05:00:00Z,70.38,75.5,-20.0,BALANCED,0,
2026-01-14T05:15:00Z,17.66,75.73,-477.0,LONG,234.0,aFRR
2026-01-14T05:30:00Z,41.59,75.77,-193.0,LONG,70.0,aFRR
2026-01-14T05:45:00Z,45.84,71.88,-160.0,LONG,89.0,mFRR
2026-01-14T06:00:00Z,69.87,76.18,-24.0,BALANCED,0,
2026-01-14T06:15:00Z,67.44,72.05,36.0,BALANCED,0,
2026-01-14T06:30:00Z,68.83,75.94,24.0,BALANCED,0,
2026-01-14T06:45:00Z,45.01,81.0,-119.0,LONG,45.0,RR
2026-01-14T07:00:00Z,67.6,74.51,59.0,BALANCED,0,
2026-01-14T07:15:00Z,44.58,74.94,-107.0,LONG,46.0,aFRR
2026-01-14T07:30:00Z,68.91,159.85,806.0,SHORT,500.0,aFRR
2026-01-14T07:45:00Z,38.83,73.77,-342.0,LONG,193.0,aFRR
2026-01-14T08:00:00Z,14.14,76.66,-558.0,LONG,179.0,RR
2026-01-14T08:15:00Z,35.41,73.4,-288.0,LONG,136.0,mFRR
2026-01-14T08:30:00Z,-14.09,74.09,-613.0,LONG,345.0,aFRR
2026-01-14T08:45:00Z,67.54,71.11,-28.0,BALANCED,0,
2026-01-14T09:00:00Z,69.59,143.69,300.0,SHORT,163.0,aFRR
2026-01-14T09:15:00Z,64.41,111.59,462.0,SHORT,192.0,aFRR
2026-01-14T09:30:00Z,14.79,75.77,-397.0,LONG,238.0,aFRR
2026-01-14T09:45:00Z,65.36,140.16,562.0,SHORT,368.0,mFRR
2026-01-14T10:00:00Z,66.81,76.3,-90.0,BALANCED,0,
2026-01-14T10:15:00Z,65.89,118.59,101.0,SHORT,55.0,mFRR
2026-01-14T10:30:00Z,69.43,129.35,382.0,SHORT,275.0,aFRR
2026-01-14T10:45:00Z,69.1,138.15,260.0,SHORT,92.0,mFRR
2026-01-14T11:00:00Z,71.34,74.42,-23.0,BALANCED,0,
2026-01-14T11:15:00Z,71.35,76.04,24.0,BALANCED,0,
2026-01-14T11:30:00Z,27.93,74.11,-258.0,LONG,98.0,aFRR
2026-01-14T11:45:00Z,24.7,75.92,-363.0,LONG,222.0,mFRR
2026-01-14T12:00:00Z,40.32,72.94,-302.0,LONG,209.0,RR
2026-01-14T12:15:00Z,66.35,100.77,151.0,SHORT,70.0,RR
2026-01-14T12:30:00Z,63.55,116.32,299.0,SHORT,233.0,RR
2026-01-14T12:45:00Z,75.57,100.5,169.0,SHORT,134.0,mFRR
2026-01-14T13:00:00Z,48.82,77.07,-200.0,LONG,155.0,RR
2026-01-14T13:15:00Z,48.15,77.53,-112.0,LONG,81.0,RR
2026-01-14T13:30:00Z,69.53,116.3,280.0,SHORT,168.0,aFRR
2026-01-14T13:45:00Z,69.05,75.1,-4.0,BALANCED,0,
2026-01-14T14:00:00Z,68.1,74.59,45.0,BALANCED,0,
2026-01-14T14:15:00Z,69.6,109.31,226.0,SHORT,94.0,RR
2026-01-14T14:30:00Z,71.54,95.32,142.0,SHORT,97.0,aFRR
2026-01-14T14:45:00Z,71.42,72.01,78.0,BALANCED,0,
2026-01-14T15:00:00Z,45.93,77.39,-188.0,LONG,71.0,aFRR
2026-01-14T15:15:00Z,67.85,128.91,176.0,SHORT,136.0,aFRR
2026-01-14T15:30:00Z,70.42,73.21,-76.0,BALANCED,0,
2026-01-14T15:45:00Z,67.88,121.85,300.0,SHORT,160.0,aFRR
2026-01-14T16:00:00Z,70.3,187.96,925.0,SHORT,490.0,RR
2026-01-14T16:15:00Z,39.42,76.05,-185.0,LONG,91.0,aFRR
2026-01-14T16:30:00Z,45.51,73.68,-287.0,LONG,175.0,aFRR
2026-01-14T16:45:00Z,67.92,146.92,339.0,SHORT,245.0,mFRR
2026-01-14T17:00:00Z,67.28,106.71,247.0,SHORT,168.0,RR
2026-01-14T17:15:00Z,66.98,76.9,-39.0,BALANCED,0,
2026-01-14T17:30:00Z,28.01,70.78,-405.0,LONG,247.0,aFRR
2026-01-14T17:45:00Z,68.66,128.05,333.0,SHORT,169.0,RR
2026-01-14T18:00:00Z,64.39,121.95,143.0,SHORT,57.0,aFRR
2026-01-14T18:15:00Z,67.08,125.97,488.0,SHORT,269.0,mFRR
2026-01-14T18:30:00Z,72.67,75.53,-3.0,BALANCED,0,
2026-01-14T18:45:00Z,66.43,74.21,65.0,BALANCED,0,
2026-01-14T19:00:00Z,25.85,73.28,-341.0,LONG,131.0,mFRR
2026-01-14T19:15:00Z,67.96,192.41,868.0,SHORT,286.0,RR
2026-01-14T19:30:00Z,4.57,78.59,-375.0,LONG,188.0,mFRR
2026-01-14T19:45:00Z,33.17,72.42,-316.0,LONG,218.0,aFRR
2026-01-14T20:00:00Z,65.21,132.95,219.0,SHORT,173.0,RR
2026-01-14T20:15:00Z,32.94,75.54,-331.0,LONG,129.0,aFRR
2026-01-14T20:30:00Z,71.32,70.9,-3.0,BALANCED,0,
2026-01-14T20:45:00Z,68.12,111.73,144.0,SHORT,56.0,aFRR
2026-01-14T21:00:00Z,67.72,76.02,-47.0,BALANCED,0,
2026-01-14T21:15:00Z,64.72,127.96,230.0,SHORT,153.0,aFRR
2026-01-14T21:30:00Z,68.0,75.83,-127.0,LONG,98.0,aFRR
2026-01-14T21:45:00Z,68.68,132.53,224.0,SHORT,82.0,mFRR
2026-01-14T22:00:00Z,60.12,127.56,516.0,SHORT,171.0,RR
2026-01-14T22:15:00Z,71.29,72.52,-31.0,BALANCED,0,
2026-01-14T22:30:00Z,52.87,74.74,-176.0,LONG,70.0,aFRR
2026-01-14T22:45:00Z,67.56,128.04,180.0,SHORT,68.0,mFRR
2026-01-14T23:00:00Z,65.9,120.03,213.0,SHORT,72.0,mFRR
2026-01-14T23:15:00Z,69.68,75.48,-4.0,BALANCED,0,
2026-01-14T23:30:00Z,64.16,104.4,154.0,SHORT,123.0,mFRR
2026-01-14T23:45:00Z,28.98,78.66,-270.0,LONG,173.0,mFRR
2026-01-15T00:00:00Z,70.58,86.12,191.0,SHORT,74.0,mFRR
2026-01-15T00:15:00Z,59.63,152.08,297.0,SHORT,115.0,aFRR
2026-01-15T00:30:00Z,46.57,77.96,-137.0,LONG,94.0,RR
2026-01-15T00:45:00Z,72.42,76.26,-55.0,BALANCED,0,
2026-01-15T01:00:00Z,48.68,72.87,-143.0,LONG,85.0,mFRR
2026-01-15T01:15:00Z,43.54,71.16,-114.0,LONG,56.0,mFRR
2026-01-15T01:30:00Z,72.82,73.63,-53.0,BALANCED,0,
2026-01-15T01:45:00Z,65.25,114.99,158.0,SHORT,78.0,RR
2026-01-15T02:00:00Z,68.68,72.84,48.0,BALANCED,0,
2026-01-15T02:15:00Z,71.11,75.5,-96.0,BALANCED,0,
2026-01-15T02:30:00Z,67.6,71.47,38.0,BALANCED,0,
2026-01-15T02:45:00Z,68.8,126.43,199.0,SHORT,77.0,RR
2026-01-15T03:00:00Z,67.63,72.82,-25.0,BALANCED,0,
2026-01-15T03:15:00Z,68.47,141.93,582.0,SHORT,254.0,RR
2026-01-15T03:30:00Z,40.57,73.94,-371.0,LONG,138.0,RR
2026-01-15T03:45:00Z,43.08,77.35,-317.0,LONG,244.0,RR
2026-01-15T04:00:00Z,34.08,78.23,-242.0,LONG,77.0,mFRR
2026-01-15T04:15:00Z,72.11,73.63,-89.0,BALANCED,0,
2026-01-15T04:30:00Z,67.61,76.21,-55.0,BALANCED,0,
2026-01-15T04:45:00Z,66.79,75.26,100.0,BALANCED,0,
2026-01-15T05:00:00Z,17.01,71.85,-534.0,LONG,388.0,RR
2026-01-15T05:15:00Z,66.4,77.5,94.0,BALANCED,0,
2026-01-15T05:30:00Z,67.92,87.73,166.0,SHORT,57.0,RR
2026-01-15T05:45:00Z,47.33,78.43,-292.0,LONG,136.0,aFRR
2026-01-15T06:00:00Z,67.5,131.57,223.0,SHORT,128.0,aFRR
2026-01-15T06:15:00Z,71.22,76.54,59.0,BALANCED,0,
2026-01-15T06:30:00Z,52.13,80.97,-100.0,LONG,72.0,RR
2026-01-15T06:45:00Z,62.06,132.52,279.0,SHORT,188.0,mFRR
2026-01-15T07:00:00Z,70.1,91.06,119.0,SHORT,85.0,aFRR
2026-01-15T07:15:00Z,68.49,109.96,176.0,SHORT,131.0,mFRR
2026-01-15T07:30:00Z,63.14,127.51,137.0,SHORT,42.0,mFRR
2026-01-15T07:45:00Z,-26.89,73.18,-798.0,LONG,433.0,aFRR
2026-01-15T08:00:00Z,66.11,74.57,-60.0,BALANCED,0,
2026-01-15T08:15:00Z,69.71,107.35,209.0,SHORT,151.0,aFRR
2026-01-15T08:30:00Z,60.16,73.84,-135.0,LONG,51.0,mFRR
2026-01-15T08:45:00Z,62.91,81.68,131.0,SHORT,44.0,aFRR
2026-01-15T09:00:00Z,30.18,79.53,-440.0,LONG,175.0,mFRR
2026-01-15T09:15:00Z,68.83,77.63,-44.0,BALANCED,0,
2026-01-15T09:30:00Z,69.77,84.69,168.0,SHORT,122.0,RR
2026-01-15T09:45:00Z,69.63,86.26,181.0,SHORT,130.0,RR
2026-01-15T10:00:00Z,34.54,71.76,-180.0,LONG,118.0,aFRR
2026-01-15T10:15:00Z,68.92,73.9,100.0,BALANCED,0,
2026-01-15T10:30:00Z,67.98,154.34,310.0,SHORT,158.0,aFRR
2026-01-15T10:45:00Z,58.68,72.29,-196.0,LONG,134.0,aFRR
2026-01-15T11:00:00Z,62.03,128.3,352.0,SHORT,123.0,aFRR
2026-01-15T11:15:00Z,72.56,105.84,353.0,SHORT,167.0,RR
2026-01-15T11:30:00Z,69.28,75.06,-1.0,BALANCED,0,
2026-01-15T11:45:00Z,66.6,90.33,128.0,SHORT,53.0,mFRR
2026-01-15T12:00:00Z,25.39,77.93,-352.0,LONG,134.0,RR
2026-01-15T12:15:00Z,73.59,117.38,208.0,SHORT,90.0,RR
2026-01-15T12:30:00Z,65.83,74.16,96.0,BALANCED,0,
2026-01-15T12:45:00Z,67.0,166.8,728.0,SHORT,242.0,mFRR
2026-01-15T13:00:00Z,28.83,76.78,-371.0,LONG,197.0,RR
2026-01-15T13:15:00Z,66.31,129.06,396.0,SHORT,133.0,mFRR
2026-01-15T13:30:00Z,38.28,76.74,-193.0,LONG,139.0,aFRR
2026-01-15T13:45:00Z,69.39,74.95,25.0,BALANCED,0,
2026-01-15T14:00:00Z,72.05,75.75,28.0,BALANCED,0,
2026-01-15T14:15:00Z,44.58,69.7,-173.0,LONG,83.0,aFRR
2026-01-15T14:30:00Z,40.29,79.04,-288.0,LONG,136.0,RR
2026-01-15T14:45:00Z,67.53,103.55,160.0,SHORT,96.0,RR
2026-01-15T15:00:00Z,37.03,79.09,-248.0,LONG,123.0,aFRR
2026-01-15T15:15:00Z,72.7,134.16,377.0,SHORT,196.0,aFRR
2026-01-15T15:30:00Z,69.42,114.93,398.0,SHORT,301.0,mFRR
2026-01-15T15:45:00Z,68.88,75.43,80.0,BALANCED,0,
2026-01-15T16:00:00Z,56.24,72.57,-221.0,LONG,176.0,RR
2026-01-15T16:15:00Z,69.0,77.07,-32.0,BALANCED,0,
2026-01-15T16:30:00Z,63.82,77.0,54.0,BALANCED,0,
2026-01-15T16:45:00Z,66.98,178.27,504.0,SHORT,339.0,aFRR
2026-01-15T17:00:00Z,42.62,78.05,-210.0,LONG,94.0,RR
2026-01-15T17:15:00Z,66.62,112.23,110.0,SHORT,45.0,RR
2026-01-15T17:30:00Z,2.04,78.73,-630.0,LONG,324.0,mFRR
2026-01-15T17:45:00Z,66.65,73.61,37.0,BALANCED,0,
2026-01-15T18:00:00Z,67.35,146.96,368.0,SHORT,279.0,mFRR
2026-01-15T18:15:00Z,69.36,73.49,38.0,BALANCED,0,
2026-01-15T18:30:00Z,70.8,140.83,483.0,SHORT,193.0,aFRR
2026-01-15T18:45:00Z,69.92,75.73,-16.0,BALANCED,0,
2026-01-15T19:00:00Z,45.86,82.73,-260.0,LONG,104.0,aFRR
2026-01-15T19:15:00Z,64.56,104.74,183.0,SHORT,100.0,RR
2026-01-15T19:30:00Z,68.49,72.78,-97.0,BALANCED,0,
2026-01-15T19:45:00Z,65.0,77.28,58.0,BALANCED,0,
2026-01-15T20:00:00Z,65.6,96.43,308.0,SHORT,239.0,mFRR
2026-01-15T20:15:00Z,34.34,69.9,-360.0,LONG,217.0,aFRR
2026-01-15T20:30:00Z,71.68,77.08,39.0,BALANCED,0,
2026-01-15T20:45:00Z,69.01,77.11,-55.0,BALANCED,0,
2026-01-15T21:00:00Z,25.14,75.28,-263.0,LONG,180.0,mFRR
2026-01-15T21:15:00Z,61.76,118.24,123.0,SHORT,76.0,RR
2026-01-15T21:30:00Z,31.58,75.17,-174.0,LONG,92.0,aFRR
2026-01-15T21:45:00Z,0.12,78.22,-512.0,LONG,365.0,aFRR
2026-01-15T22:00:00Z,69.95,75.31,-47.0,BALANCED,0,
2026-01-15T22:15:00Z,16.1,77.94,-416.0,LONG,146.0,RR
2026-01-15T22:30:00Z,68.71,142.7,489.0,SHORT,227.0,mFRR
2026-01-15T22:45:00Z,33.02,79.02,-253.0,LONG,186.0,aFRR
2026-01-15T23:00:00Z,64.76,96.14,212.0,SHORT,88.0,aFRR
2026-01-15T23:15:00Z,12.29,80.05,-495.0,LONG,231.0,RR
2026-01-15T23:30:00Z,3.46,80.42,-447.0,LONG,283.0,RR
2026-01-15T23:45:00Z,70.55,74.18,-18.0,BALANCED,0,
2026-01-16T00:00:00Z,66.92,73.02,-48.0,BALANCED,0,
2026-01-16T00:15:00Z,69.43,75.01,-62.0,BALANCED,0,
2026-01-16T00:30:00Z,34.26,76.41,-144.0,LONG,44.0,RR
2026-01-16T00:45:00Z,12.64,74.54,-417.0,LONG,310.0,RR
2026-01-16T01:00:00Z,67.77,117.65,144.0,SHORT,79.0,mFRR
2026-01-16T01:15:00Z,69.87,74.96,9.0,BALANCED,0,
2026-01-16T01:30:00Z,29.75,76.65,-295.0,LONG,151.0,RR
2026-01-16T01:45:00Z,72.14,71.38,-32.0,BALANCED,0,
2026-01-16T02:00:00Z,69.65,116.05,423.0,SHORT,299.0,RR
2026-01-16T02:15:00Z,70.79,74.54,83.0,BALANCED,0,
2026-01-16T02:30:00Z,42.2,77.43,-268.0,LONG,197.0,RR
2026-01-16T02:45:00Z,69.22,154.05,706.0,SHORT,305.0,mFRR
2026-01-16T03:00:00Z,48.15,70.98,-171.0,LONG,105.0,RR
2026-01-16T03:15:00Z,70.6,76.38,-4.0,BALANCED,0,
2026-01-16T03:30:00Z,70.28,73.28,-62.0,BALANCED,0,
2026-01-16T03:45:00Z,66.43,185.1,804.0,SHORT,580.0,aFRR
2026-01-16T04:00:00Z,65.4,130.08,204.0,SHORT,93.0,aFRR
2026-01-16T04:15:00Z,66.96,98.37,123.0,SHORT,67.0,aFRR
2026-01-16T04:30:00Z,65.71,119.89,426.0,SHORT,197.0,RR
2026-01-16T04:45:00Z,68.29,108.53,170.0,SHORT,64.0,mFRR
2026-01-16T05:00:00Z,65.86,73.78,39.0,BALANCED,0,
2026-01-16T05:15:00Z,69.87,131.28,163.0,SHORT,65.0,mFRR
2026-01-16T05:30:00Z,65.89,118.48,233.0,SHORT,114.0,RR
2026-01-16T05:45:00Z,69.77,91.49,133.0,SHORT,77.0,RR
2026-01-16T06:00:00Z,46.7,74.26,-304.0,LONG,242.0,aFRR
2026-01-16T06:15:00Z,70.72,76.27,-89.0,BALANCED,0,
2026-01-16T06:30:00Z,65.93,81.9,-117.0,LONG,86.0,aFRR
2026-01-16T06:45:00Z,9.26,72.6,-586.0,LONG,374.0,RR
2026-01-16T07:00:00Z,47.27,78.64,-134.0,LONG,84.0,mFRR
2026-01-16T07:15:00Z,69.58,73.46,94.0,BALANCED,0,
2026-01-16T07:30:00Z,32.86,78.29,-247.0,LONG,103.0,mFRR
2026-01-16T07:45:00Z,69.36,81.9,-92.0,BALANCED,0,
2026-01-16T08:00:00Z,66.39,93.27,206.0,SHORT,87.0,mFRR
2026-01-16T08:15:00Z,65.8,76.04,-68.0,BALANCED,0,
2026-01-16T08:30:00Z,68.0,76.28,-7.0,BALANCED,0,
2026-01-16T08:45:00Z,64.79,164.1,458.0,SHORT,237.0,mFRR
2026-01-16T09:00:00Z,66.8,101.34,181.0,SHORT,63.0,RR
2026-01-16T09:15:00Z,35.22,77.63,-325.0,LONG,118.0,RR
2026-01-16T09:30:00Z,26.1,77.09,-325.0,LONG,128.0,aFRR
2026-01-16T09:45:00Z,65.33,140.98,404.0,SHORT,257.0,RR
2026-01-16T10:00:00Z,67.22,134.12,237.0,SHORT,113.0,aFRR
2026-01-16T10:15:00Z,24.13,76.58,-422.0,LONG,289.0,mFRR
2026-01-16T10:30:00Z,62.5,124.8,419.0,SHORT,195.0,aFRR
2026-01-16T10:45:00Z,67.16,111.6,390.0,SHORT,280.0,RR
2026-01-16T11:00:00Z,67.71,120.44,184.0,SHORT,127.0,aFRR
2026-01-16T11:15:00Z,53.14,80.57,-137.0,LONG,53.0,RR
2026-01-16T11:30:00Z,25.12,73.47,-322.0,LONG,127.0,aFRR
2026-01-16T11:45:00Z,-28.74,82.38,-858.0,LONG,617.0,mFRR
2026-01-16T12:00:00Z,67.37,77.67,-58.0,BALANCED,0,
2026-01-16T12:15:00Z,67.31,134.72,339.0,SHORT,164.0,mFRR
2026-01-16T12:30:00Z,66.28,75.31,-78.0,BALANCED,0,
2026-01-16T12:45:00Z,71.0,88.96,158.0,SHORT,71.0,RR
2026-01-16T13:00:00Z,65.94,115.6,382.0,SHORT,143.0,RR
2026-01-16T13:15:00Z,63.09,108.69,222.0,SHORT,163.0,RR
2026-01-16T13:30:00Z,68.95,75.34,-73.0,BALANCED,0,
2026-01-16T13:45:00Z,65.76,169.61,848.0,SHORT,573.0,mFRR
2026-01-16T14:00:00Z,42.01,78.65,-197.0,LONG,128.0,mFRR
2026-01-16T14:15:00Z,69.41,76.61,-90.0,BALANCED,0,
2026-01-16T14:30:00Z,69.02,70.53,-90.0,BALANCED,0,
2026-01-16T14:45:00Z,35.29,78.98,-232.0,LONG,140.0,aFRR
2026-01-16T15:00:00Z,71.5,76.69,-71.0,BALANCED,0,
2026-01-16T15:15:00Z,43.67,73.77,-306.0,LONG,221.0,aFRR
2026-01-16T15:30:00Z,68.16,77.41,88.0,BALANCED,0,
2026-01-16T15:45:00Z,68.34,74.84,96.0,BALANCED,0,
2026-01-16T16:00:00Z,71.08,135.96,480.0,SHORT,193.0,RR
2026-01-16T16:15:00Z,70.82,84.52,157.0,SHORT,58.0,mFRR
2026-01-16T16:30:00Z,67.6,73.43,-83.0,BALANCED,0,
2026-01-16T16:45:00Z,37.52,77.46,-217.0,LONG,73.0,aFRR
2026-01-16T17:00:00Z,69.73,149.01,424.0,SHORT,275.0,RR
2026-01-16T17:15:00Z,71.8,75.91,71.0,BALANCED,0,
2026-01-16T17:30:00Z,67.54,73.82,5.0,BALANCED,0,
2026-01-16T17:45:00Z,67.47,72.27,18.0,BALANCED,0,
2026-01-16T18:00:00Z,36.51,76.32,-231.0,LONG,91.0,mFRR
2026-01-16T18:15:00Z,69.77,75.42,55.0,BALANCED,0,
2026-01-16T18:30:00Z,24.75,77.11,-374.0,LONG,138.0,RR
2026-01-16T18:45:00Z,29.06,71.46,-277.0,LONG,156.0,mFRR
2026-01-16T19:00:00Z,70.73,107.05,172.0,SHORT,54.0,mFRR
2026-01-16T19:15:00Z,31.08,78.29,-400.0,LONG,301.0,aFRR
2026-01-16T19:30:00Z,67.13,76.43,-49.0,BALANCED,0,
2026-01-16T19:45:00Z,60.15,93.45,174.0,SHORT,124.0,aFRR
2026-01-16T20:00:00Z,34.23,74.61,-251.0,LONG,121.0,RR
2026-01-16T20:15:00Z,15.7,75.87,-339.0,LONG,240.0,RR
2026-01-16T20:30:00Z,51.44,78.12,-214.0,LONG,93.0,mFRR
2026-01-16T20:45:00Z,25.84,75.69,-329.0,LONG,201.0,mFRR
2026-01-16T21:00:00Z,67.79,72.56,153.0,SHORT,77.0,RR
2026-01-16T21:15:00Z,66.52,141.6,106.0,SHORT,84.0,aFRR
2026-01-16T21:30:00Z,44.6,77.42,-287.0,LONG,168.0,mFRR
2026-01-16T21:45:00Z,37.09,75.28,-209.0,LONG,149.0,aFRR
2026-01-16T22:00:00Z,66.88,126.13,378.0,SHORT,167.0,RR
2026-01-16T22:15:00Z,62.58,139.39,716.0,SHORT,503.0,RR
2026-01-16T22:30:00Z,66.51,70.93,-38.0,BALANCED,0,
2026-01-16T22:45:00Z,69.54,124.24,327.0,SHORT,125.0,mFRR
2026-01-16T23:00:00Z,0.2,78.5,-570.0,LONG,171.0,aFRR
2026-01-16T23:15:00Z,71.97,72.93,-28.0,BALANCED,0,
2026-01-16T23:30:00Z,-2.21,77.52,-610.0,LONG,229.0,aFRR
2026-01-16T23:45:00Z,19.3,78.33,-455.0,LONG,259.0,mFRR
2026-01-17T00:00:00Z,28.71,80.89,-507.0,LONG,302.0,RR
2026-01-17T00:15:00Z,69.07,110.81,244.0,SHORT,180.0,aFRR
2026-01-17T00:30:00Z,70.09,76.58,-17.0,BALANCED,0,
2026-01-17T00:45:00Z,49.16,78.69,-163.0,LONG,108.0,RR
2026-01-17T01:00:00Z,64.46,123.45,134.0,SHORT,57.0,mFRR
2026-01-17T01:15:00Z,46.74,75.53,-148.0,LONG,106.0,mFRR
2026-01-17T01:30:00Z,66.21,118.19,210.0,SHORT,75.0,aFRR
2026-01-17T01:45:00Z,15.88,80.88,-503.0,LONG,387.0,RR
2026-01-17T02:00:00Z,34.07,77.76,-117.0,LONG,92.0,RR
2026-01-17T02:15:00Z,31.8,75.33,-354.0,LONG,121.0,aFRR
2026-01-17T02:30:00Z,67.67,96.17,269.0,SHORT,160.0,RR
2026-01-17T02:45:00Z,67.02,130.72,469.0,SHORT,184.0,aFRR
2026-01-17T03:00:00Z,48.92,81.99,-122.0,LONG,78.0,aFRR
2026-01-17T03:15:00Z,65.85,115.02,135.0,SHORT,77.0,RR
2026-01-17T03:30:00Z,71.47,138.49,397.0,SHORT,292.0,aFRR
2026-01-17T03:45:00Z,43.33,73.3,-153.0,LONG,78.0,mFRR
2026-01-17T04:00:00Z,62.97,102.39,123.0,SHORT,53.0,aFRR
2026-01-17T04:15:00Z,68.47,73.9,38.0,BALANCED,0,
2026-01-17T04:30:00Z,71.76,84.85,271.0,SHORT,82.0,mFRR
2026-01-17T04:45:00Z,67.31,122.22,194.0,SHORT,150.0,aFRR
2026-01-17T05:00:00Z,27.33,74.98,-330.0,LONG,196.0,RR
2026-01-17T05:15:00Z,61.7,80.04,-198.0,LONG,137.0,RR
2026-01-17T05:30:00Z,43.71,79.74,-343.0,LONG,141.0,aFRR
2026-01-17T05:45:00Z,67.89,74.86,-64.0,BALANCED,0,
2026-01-17T06:00:00Z,26.24,83.27,-348.0,LONG,244.0,RR
2026-01-17T06:15:00Z,65.67,74.9,77.0,BALANCED,0,
2026-01-17T06:30:00Z,64.7,136.78,271.0,SHORT,195.0,RR
2026-01-17T06:45:00Z,70.15,75.02,-8.0,BALANCED,0,
2026-01-17T07:00:00Z,72.57,73.69,24.0,BALANCED,0,
2026-01-17T07:15:00Z,70.21,105.67,203.0,SHORT,107.0,aFRR
2026-01-17T07:30:00Z,69.81,77.29,-82.0,BALANCED,0,
2026-01-17T07:45:00Z,32.75,70.68,-267.0,LONG,172.0,mFRR
2026-01-17T08:00:00Z,48.04,79.89,-140.0,LONG,105.0,mFRR
2026-01-17T08:15:00Z,40.8,74.06,-236.0,LONG,133.0,RR
2026-01-17T08:30:00Z,69.92,151.99,424.0,SHORT,326.0,RR
2026-01-17T08:45:00Z,65.21,108.41,106.0,SHORT,49.0,RR
2026-01-17T09:00:00Z,66.01,139.51,432.0,SHORT,246.0,aFRR
2026-01-17T09:15:00Z,33.48,75.5,-212.0,LONG,144.0,mFRR
2026-01-17T09:30:00Z,26.36,78.64,-406.0,LONG,166.0,aFRR
2026-01-17T09:45:00Z,-5.33,80.83,-626.0,LONG,481.0,aFRR
2026-01-17T10:00:00Z,68.98,74.62,-35.0,BALANCED,0,
2026-01-17T10:15:00Z,68.57,70.34,-20.0,BALANCED,0,
2026-01-17T10:30:00Z,65.22,73.71,-59.0,BALANCED,0,
2026-01-17T10:45:00Z,64.49,161.13,691.0,SHORT,309.0,mFRR
2026-01-17T11:00:00Z,34.3,76.83,-192.0,LONG,63.0,aFRR
2026-01-17T11:15:00Z,32.9,73.09,-238.0,LONG,93.0,mFRR
2026-01-17T11:30:00Z,68.41,166.0,537.0,SHORT,364.0,aFRR
2026-01-17T11:45:00Z,62.65,107.01,225.0,SHORT,106.0,RR
2026-01-17T12:00:00Z,41.09,75.13,-248.0,LONG,130.0,aFRR
2026-01-17T12:15:00Z,68.49,76.24,-87.0,BALANCED,0,
2026-01-17T12:30:00Z,70.9,75.75,89.0,BALANCED,0,
2026-01-17T12:45:00Z,65.02,97.26,185.0,SHORT,70.0,RR
2026-01-17T13:00:00Z,69.17,76.79,97.0,BALANCED,0,
2026-01-17T13:15:00Z,68.14,74.91,39.0,BALANCED,0,
2026-01-17T13:30:00Z,45.3,76.47,-285.0,LONG,139.0,RR
2026-01-17T13:45:00Z,61.12,160.73,486.0,SHORT,285.0,RR
2026-01-17T14:00:00Z,-10.48,79.51,-704.0,LONG,467.0,RR
2026-01-17T14:15:00Z,-1.09,80.49,-554.0,LONG,307.0,mFRR
2026-01-17T14:30:00Z,73.0,98.23,281.0,SHORT,166.0,mFRR
2026-01-17T14:45:00Z,47.8,81.11,-147.0,LONG,72.0,mFRR
2026-01-17T15:00:00Z,55.55,73.2,-123.0,LONG,96.0,mFRR
2026-01-17T15:15:00Z,54.74,75.13,-166.0,LONG,73.0,aFRR
2026-01-17T15:30:00Z,39.98,75.1,-279.0,LONG,122.0,aFRR
2026-01-17T15:45:00Z,54.23,80.88,-173.0,LONG,134.0,RR
2026-01-17T16:00:00Z,52.62,77.26,-168.0,LONG,117.0,RR
2026-01-17T16:15:00Z,62.39,146.01,456.0,SHORT,296.0,aFRR
2026-01-17T16:30:00Z,41.23,77.06,-146.0,LONG,77.0,RR
2026-01-17T16:45:00Z,64.71,125.94,225.0,SHORT,132.0,aFRR
2026-01-17T17:00:00Z,46.96,77.33,-169.0,LONG,128.0,aFRR
2026-01-17T17:15:00Z,8.3,80.03,-369.0,LONG,118.0,aFRR
2026-01-17T17:30:00Z,71.42,142.3,377.0,SHORT,282.0,RR
2026-01-17T17:45:00Z,64.5,147.39,500.0,SHORT,204.0,RR
2026-01-17T18:00:00Z,68.45,155.7,607.0,SHORT,442.0,RR
2026-01-17T18:15:00Z,20.46,80.13,-485.0,LONG,275.0,RR
2026-01-17T18:30:00Z,70.3,100.23,136.0,SHORT,53.0,mFRR
2026-01-17T18:45:00Z,59.63,74.01,-111.0,LONG,35.0,RR
2026-01-17T19:00:00Z,71.25,72.45,41.0,BALANCED,0,
2026-01-17T19:15:00Z,66.57,76.37,-18.0,BALANCED,0,
2026-01-17T19:30:00Z,47.99,77.62,-130.0,LONG,64.0,aFRR
2026-01-17T19:45:00Z,15.78,79.42,-420.0,LONG,161.0,aFRR
2026-01-17T20:00:00Z,69.48,116.86,161.0,SHORT,120.0,aFRR
2026-01-17T20:15:00Z,69.29,124.94,289.0,SHORT,114.0,mFRR
2026-01-17T20:30:00Z,67.44,112.73,167.0,SHORT,71.0,mFRR
2026-01-17T20:45:00Z,22.95,75.01,-413.0,LONG,126.0,RR
2026-01-17T21:00:00Z,69.04,114.81,398.0,SHORT,147.0,RR
2026-01-17T21:15:00Z,38.39,78.9,-111.0,LONG,63.0,aFRR
2026-01-17T21:30:00Z,72.15,74.64,78.0,BALANCED,0,
2026-01-17T21:45:00Z,70.48,73.97,-23.0,BALANCED,0,
2026-01-17T22:00:00Z,68.65,123.32,168.0,SHORT,117.0,aFRR
2026-01-17T22:15:00Z,66.2,126.88,101.0,SHORT,70.0,RR
2026-01-17T22:30:00Z,65.45,155.99,739.0,SHORT,327.0,RR
2026-01-17T22:45:00Z,64.31,130.34,266.0,SHORT,185.0,aFRR
2026-01-17T23:00:00Z,10.68,77.25,-567.0,LONG,390.0,mFRR
2026-01-17T23:15:00Z,64.31,76.23,-43.0,BALANCED,0,
2026-01-17T23:30:00Z,67.59,130.45,298.0,SHORT,100.0,aFRR
2026-01-17T23:45:00Z,68.85,88.8,149.0,SHORT,67.0,mFRR
2026-01-18T00:00:00Z,39.45,78.7,-215.0,LONG,148.0,RR
2026-01-18T00:15:00Z,67.91,72.37,-54.0,BALANCED,0,
2026-01-18T00:30:00Z,62.67,130.15,475.0,SHORT,166.0,aFRR
2026-01-18T00:45:00Z,29.57,79.39,-332.0,LONG,155.0,RR
2026-01-18T01:00:00Z,71.52,75.78,80.0,BALANCED,0,
2026-01-18T01:15:00Z,30.8,76.78,-301.0,LONG,166.0,aFRR
2026-01-18T01:30:00Z,66.02,133.25,198.0,SHORT,144.0,RR
2026-01-18T01:45:00Z,61.73,134.12,329.0,SHORT,138.0,aFRR
2026-01-18T02:00:00Z,66.09,70.93,29.0,BALANCED,0,
2026-01-18T02:15:00Z,69.64,76.62,-57.0,BALANCED,0,
2026-01-18T02:30:00Z,40.71,71.04,-210.0,LONG,142.0,aFRR
2026-01-18T02:45:00Z,34.27,77.38,-238.0,LONG,101.0,mFRR
2026-01-18T03:00:00Z,71.75,73.1,-64.0,BALANCED,0,
2026-01-18T03:15:00Z,70.12,77.02,-82.0,BALANCED,0,
2026-01-18T03:30:00Z,2.27,71.32,-520.0,LONG,387.0,mFRR
2026-01-18T03:45:00Z,69.11,73.25,-44.0,BALANCED,0,
2026-01-18T04:00:00Z,7.76,76.79,-720.0,LONG,360.0,mFRR
2026-01-18T04:15:00Z,53.95,78.99,-139.0,LONG,108.0,mFRR
2026-01-18T04:30:00Z,66.92,140.19,289.0,SHORT,172.0,aFRR
2026-01-18T04:45:00Z,8.88,74.93,-537.0,LONG,406.0,RR
2026-01-18T05:00:00Z,40.89,83.06,-189.0,LONG,129.0,RR
2026-01-18T05:15:00Z,72.26,74.52,57.0,BALANCED,0,
2026-01-18T05:30:00Z,66.66,99.45,244.0,SHORT,158.0,RR
2026-01-18T05:45:00Z,70.52,75.36,-34.0,BALANCED,0,
2026-01-18T06:00:00Z,22.01,78.23,-404.0,LONG,168.0,RR
2026-01-18T06:15:00Z,62.67,152.41,547.0,SHORT,243.0,aFRR
2026-01-18T06:30:00Z,40.47,76.56,-245.0,LONG,82.0,mFRR
2026-01-18T06:45:00Z,53.38,78.52,-107.0,LONG,41.0,RR
2026-01-18T07:00:00Z,61.88,96.86,112.0,SHORT,37.0,RR
2026-01-18T07:15:00Z,48.33,77.7,-125.0,LONG,47.0,RR
2026-01-18T07:30:00Z,38.05,76.37,-235.0,LONG,187.0,mFRR
2026-01-18T07:45:00Z,65.89,95.18,261.0,SHORT,165.0,mFRR
2026-01-18T08:00:00Z,69.4,73.68,-7.0,BALANCED,0,
2026-01-18T08:15:00Z,65.51,120.72,443.0,SHORT,165.0,mFRR
2026-01-18T08:30:00Z,11.33,75.46,-457.0,LONG,296.0,RR
2026-01-18T08:45:00Z,-1.37,78.22,-604.0,LONG,437.0,mFRR
2026-01-18T09:00:00Z,40.06,76.86,-162.0,LONG,101.0,RR
2026-01-18T09:15:00Z,70.21,78.42,9.0,BALANCED,0,
2026-01-18T09:30:00Z,24.85,77.47,-245.0,LONG,116.0,mFRR
2026-01-18T09:45:00Z,33.43,71.57,-146.0,LONG,111.0,RR
2026-01-18T10:00:00Z,65.08,72.8,-20.0,BALANCED,0,
2026-01-18T10:15:00Z,71.71,121.64,528.0,SHORT,302.0,RR
2026-01-18T10:30:00Z,49.91,79.3,-104.0,LONG,32.0,mFRR
2026-01-18T10:45:00Z,68.67,74.97,-55.0,BALANCED,0,
2026-01-18T11:00:00Z,13.13,75.55,-536.0,LONG,164.0,RR
2026-01-18T11:15:00Z,11.41,79.59,-391.0,LONG,290.0,aFRR
2026-01-18T11:30:00Z,37.72,70.28,-167.0,LONG,79.0,mFRR
2026-01-18T11:45:00Z,64.64,133.87,249.0,SHORT,133.0,mFRR
2026-01-18T12:00:00Z,66.29,140.55,241.0,SHORT,128.0,mFRR
2026-01-18T12:15:00Z,15.58,78.04,-444.0,LONG,168.0,mFRR
2026-01-18T12:30:00Z,65.42,137.53,558.0,SHORT,196.0,RR
2026-01-18T12:45:00Z,70.79,76.06,97.0,BALANCED,0,
2026-01-18T13:00:00Z,68.71,106.05,111.0,SHORT,47.0,RR
2026-01-18T13:15:00Z,65.94,70.62,20.0,BALANCED,0,
2026-01-18T13:30:00Z,30.25,77.6,-372.0,LONG,232.0,mFRR
2026-01-18T13:45:00Z,31.08,79.54,-243.0,LONG,161.0,mFRR
2026-01-18T14:00:00Z,63.57,115.86,225.0,SHORT,80.0,RR
2026-01-18T14:15:00Z,21.38,76.87,-393.0,LONG,181.0,RR
2026-01-18T14:30:00Z,16.49,74.02,-427.0,LONG,324.0,aFRR
2026-01-18T14:45:00Z,62.09,122.75,144.0,SHORT,65.0,mFRR
2026-01-18T15:00:00Z,63.64,148.72,540.0,SHORT,303.0,mFRR
2026-01-18T15:15:00Z,65.45,72.64,51.0,BALANCED,0,
2026-01-18T15:30:00Z,63.85,105.43,245.0,SHORT,103.0,aFRR
2026-01-18T15:45:00Z,59.89,95.02,143.0,SHORT,72.0,aFRR
2026-01-18T16:00:00Z,68.63,75.06,65.0,BALANCED,0,
2026-01-18T16:15:00Z,43.7,77.09,-154.0,LONG,115.0,RR
2026-01-18T16:30:00Z,42.44,72.98,-184.0,LONG,134.0,aFRR
2026-01-18T16:45:00Z,61.67,136.7,266.0,SHORT,99.0,aFRR
2026-01-18T17:00:00Z,64.19,96.98,114.0,SHORT,85.0,aFRR
2026-01-18T17:15:00Z,69.02,75.86,41.0,BALANCED,0,
2026-01-18T17:30:00Z,66.0,137.5,337.0,SHORT,182.0,aFRR
2026-01-18T17:45:00Z,24.87,78.01,-330.0,LONG,114.0,aFRR
2026-01-18T18:00:00Z,25.56,77.13,-226.0,LONG,99.0,mFRR
2026-01-18T18:15:00Z,13.09,80.67,-326.0,LONG,210.0,mFRR
2026-01-18T18:30:00Z,64.23,119.43,222.0,SHORT,116.0,RR
2026-01-18T18:45:00Z,68.39,73.59,-82.0,BALANCED,0,
2026-01-18T19:00:00Z,70.19,75.0,-30.0,BALANCED,0,
2026-01-18T19:15:00Z,69.7,76.17,49.0,BALANCED,0,
2026-01-18T19:30:00Z,45.56,78.99,-115.0,LONG,65.0,mFRR
2026-01-18T19:45:00Z,65.98,137.03,374.0,SHORT,281.0,aFRR
2026-01-18T20:00:00Z,64.4,116.93,253.0,SHORT,79.0,RR
2026-01-18T20:15:00Z,29.24,76.49,-245.0,LONG,101.0,mFRR
2026-01-18T20:30:00Z,69.53,80.34,-43.0,BALANCED,0,
2026-01-18T20:45:00Z,15.95,75.79,-410.0,LONG,197.0,mFRR
2026-01-18T21:00:00Z,66.05,106.09,119.0,SHORT,67.0,aFRR
2026-01-18T21:15:00Z,69.44,75.2,-71.0,BALANCED,0,
2026-01-18T21:30:00Z,69.85,73.65,90.0,BALANCED,0,
2026-01-18T21:45:00Z,61.84,111.47,181.0,SHORT,110.0,RR
2026-01-18T22:00:00Z,34.09,77.46,-258.0,LONG,195.0,mFRR
2026-01-18T22:15:00Z,71.52,76.27,7.0,BALANCED,0,
2026-01-18T22:30:00Z,40.03,79.93,-110.0,LONG,68.0,mFRR
2026-01-18T22:45:00Z,70.79,76.34,71.0,BALANCED,0,
2026-01-18T23:00:00Z,66.99,155.61,485.0,SHORT,233.0,mFRR
2026-01-18T23:15:00Z,68.2,119.26,401.0,SHORT,202.0,aFRR
2026-01-18T23:30:00Z,68.0,74.99,15.0,BALANCED,0,
2026-01-18T23:45:00Z,40.68,77.11,-134.0,LONG,46.0,RR
2026-01-19T00:00:00Z,60.98,149.26,466.0,SHORT,368.0,mFRR
2026-01-19T00:15:00Z,10.16,83.09,-562.0,LONG,172.0,RR
2026-01-19T00:30:00Z,64.05,126.83,265.0,SHORT,177.0,aFRR
2026-01-19T00:45:00Z,65.32,169.22,468.0,SHORT,365.0,aFRR
2026-01-19T01:00:00Z,69.23,77.63,-81.0,BALANCED,0,
2026-01-19T01:15:00Z,54.62,81.3,-276.0,LONG,92.0,aFRR
2026-01-19T01:30:00Z,63.78,104.55,159.0,SHORT,73.0,mFRR
2026-01-19T01:45:00Z,14.57,81.1,-463.0,LONG,313.0,aFRR
2026-01-19T02:00:00Z,68.27,72.39,98.0,BALANCED,0,
2026-01-19T02:15:00Z,66.66,139.0,388.0,SHORT,203.0,aFRR
2026-01-19T02:30:00Z,50.2,80.63,-180.0,LONG,65.0,mFRR
2026-01-19T02:45:00Z,70.58,112.79,337.0,SHORT,147.0,mFRR
2026-01-19T03:00:00Z,41.7,84.23,-278.0,LONG,144.0,aFRR
2026-01-19T03:15:00Z,70.39,109.5,209.0,SHORT,152.0,RR
2026-01-19T03:30:00Z,70.77,74.18,-33.0,BALANCED,0,
2026-01-19T03:45:00Z,72.2,75.23,1.0,BALANCED,0,
2026-01-19T04:00:00Z,70.05,78.6,-29.0,BALANCED,0,
2026-01-19T04:15:00Z,32.08,75.8,-118.0,LONG,50.0,mFRR
2026-01-19T04:30:00Z,-0.77,78.24,-666.0,LONG,436.0,aFRR
2026-01-19T04:45:00Z,67.87,73.93,-5.0,BALANCED,0,
2026-01-19T05:00:00Z,66.8,77.57,91.0,BALANCED,0,
2026-01-19T05:15:00Z,38.2,70.85,-210.0,LONG,71.0,RR
2026-01-19T05:30:00Z,64.91,75.44,-69.0,BALANCED,0,
2026-01-19T05:45:00Z,22.56,75.95,-424.0,LONG,136.0,mFRR
2026-01-19T06:00:00Z,8.72,74.19,-464.0,LONG,214.0,mFRR
2026-01-19T06:15:00Z,71.79,151.06,494.0,SHORT,365.0,aFRR
2026-01-19T06:30:00Z,68.74,157.76,590.0,SHORT,199.0,aFRR
2026-01-19T06:45:00Z,31.56,79.01,-266.0,LONG,188.0,mFRR
2026-01-19T07:00:00Z,35.53,73.71,-273.0,LONG,99.0,aFRR
2026-01-19T07:15:00Z,17.87,81.92,-463.0,LONG,261.0,mFRR
2026-01-19T07:30:00Z,68.73,73.67,-75.0,BALANCED,0,
2026-01-19T07:45:00Z,70.33,74.58,-40.0,BALANCED,0,
2026-01-19T08:00:00Z,63.48,159.06,651.0,SHORT,271.0,mFRR
2026-01-19T08:15:00Z,68.86,121.02,488.0,SHORT,295.0,aFRR
2026-01-19T08:30:00Z,-2.54,73.85,-628.0,LONG,267.0,mFRR
2026-01-19T08:45:00Z,68.21,76.35,95.0,BALANCED,0,
2026-01-19T09:00:00Z,65.89,103.0,159.0,SHORT,90.0,RR
2026-01-19T09:15:00Z,63.44,111.6,368.0,SHORT,227.0,mFRR
2026-01-19T09:30:00Z,64.32,115.08,216.0,SHORT,149.0,aFRR
2026-01-19T09:45:00Z,70.14,82.14,-67.0,BALANCED,0,
2026-01-19T10:00:00Z,69.53,74.26,52.0,BALANCED,0,
2026-01-19T10:15:00Z,29.71,81.16,-351.0,LONG,268.0,mFRR
2026-01-19T10:30:00Z,69.86,73.34,-0.0,BALANCED,0,
2026-01-19T10:45:00Z,63.99,151.58,622.0,SHORT,362.0,mFRR
2026-01-19T11:00:00Z,67.54,75.15,-6.0,BALANCED,0,
2026-01-19T11:15:00Z,68.83,75.67,-52.0,BALANCED,0,
2026-01-19T11:30:00Z,63.49,99.74,150.0,SHORT,82.0,aFRR
2026-01-19T11:45:00Z,34.02,73.83,-294.0,LONG,193.0,aFRR
2026-01-19T12:00:00Z,65.17,110.67,213.0,SHORT,136.0,aFRR
2026-01-19T12:15:00Z,29.17,76.97,-277.0,LONG,186.0,RR
2026-01-19T12:30:00Z,42.34,80.49,-278.0,LONG,88.0,mFRR
2026-01-19T12:45:00Z,70.18,77.63,76.0,BALANCED,0,
2026-01-19T13:00:00Z,63.33,123.97,498.0,SHORT,192.0,mFRR
2026-01-19T13:15:00Z,71.69,177.82,574.0,SHORT,346.0,mFRR
2026-01-19T13:30:00Z,34.76,73.75,-114.0,LONG,66.0,aFRR
2026-01-19T13:45:00Z,73.2,113.99,279.0,SHORT,175.0,aFRR
2026-01-19T14:00:00Z,65.13,68.36,165.0,SHORT,117.0,mFRR
2026-01-19T14:15:00Z,48.17,78.95,-229.0,LONG,92.0,RR
2026-01-19T14:30:00Z,71.32,76.36,-6.0,BALANCED,0,
2026-01-19T14:45:00Z,68.36,75.1,18.0,BALANCED,0,
2026-01-19T15:00:00Z,30.7,77.78,-163.0,LONG,56.0,aFRR
2026-01-19T15:15:00Z,67.6,72.87,9.0,BALANCED,0,
2026-01-19T15:30:00Z,19.7,80.3,-447.0,LONG,160.0,aFRR
2026-01-19T15:45:00Z,40.33,77.61,-323.0,LONG,117.0,mFRR
2026-01-19T16:00:00Z,70.98,75.2,-96.0,BALANCED,0,
2026-01-19T16:15:00Z,17.84,77.44,-353.0,LONG,224.0,mFRR
2026-01-19T16:30:00Z,71.99,128.72,413.0,SHORT,152.0,RR
2026-01-19T16:45:00Z,44.22,75.12,-274.0,LONG,206.0,RR
2026-01-19T17:00:00Z,67.5,129.72,425.0,SHORT,204.0,mFRR
2026-01-19T17:15:00Z,70.79,132.4,354.0,SHORT,209.0,mFRR
2026-01-19T17:30:00Z,31.85,78.11,-263.0,LONG,167.0,RR
2026-01-19T17:45:00Z,67.17,118.25,202.0,SHORT,137.0,RR
2026-01-19T18:00:00Z,41.61,75.69,-115.0,LONG,55.0,mFRR
2026-01-19T18:15:00Z,0.4,74.11,-509.0,LONG,367.0,RR
2026-01-19T18:30:00Z,60.9,77.02,-107.0,LONG,78.0,RR
2026-01-19T18:45:00Z,-3.12,81.37,-644.0,LONG,327.0,RR
2026-01-19T19:00:00Z,-2.39,82.93,-604.0,LONG,222.0,mFRR
2026-01-19T19:15:00Z,69.72,74.94,3.0,BALANCED,0,
2026-01-19T19:30:00Z,68.52,78.11,-45.0,BALANCED,0,
2026-01-19T19:45:00Z,71.4,142.77,421.0,SHORT,145.0,RR
2026-01-19T20:00:00Z,68.66,76.72,31.0,BALANCED,0,
2026-01-19T20:15:00Z,46.28,70.41,-155.0,LONG,67.0,aFRR
2026-01-19T20:30:00Z,63.04,128.54,379.0,SHORT,274.0,RR
2026-01-19T20:45:00Z,40.89,76.22,-262.0,LONG,130.0,mFRR
2026-01-19T21:00:00Z,64.16,134.7,506.0,SHORT,237.0,RR
2026-01-19T21:15:00Z,67.33,138.62,110.0,SHORT,40.0,mFRR
2026-01-19T21:30:00Z,4.87,78.81,-635.0,LONG,328.0,RR
2026-01-19T21:45:00Z,68.07,86.34,133.0,SHORT,56.0,aFRR
2026-01-19T22:00:00Z,66.54,89.45,184.0,SHORT,97.0,aFRR
2026-01-19T22:15:00Z,39.07,75.94,-191.0,LONG,113.0,RR
2026-01-19T22:30:00Z,70.73,168.84,581.0,SHORT,280.0,mFRR
2026-01-19T22:45:00Z,68.04,116.53,198.0,SHORT,91.0,RR
2026-01-19T23:00:00Z,69.46,76.07,75.0,BALANCED,0,
2026-01-19T23:15:00Z,72.48,74.06,71.0,BALANCED,0,
2026-01-19T23:30:00Z,31.13,76.3,-285.0,LONG,228.0,RR
2026-01-19T23:45:00Z,29.06,75.79,-281.0,LONG,134.0,RR
2026-01-20T00:00:00Z,70.24,75.08,16.0,BALANCED,0,
2026-01-20T00:15:00Z,40.7,72.31,-231.0,LONG,162.0,mFRR
2026-01-20T00:30:00Z,69.76,74.69,-42.0,BALANCED,0,
2026-01-20T00:45:00Z,66.72,114.38,127.0,SHORT,88.0,mFRR
2026-01-20T01:00:00Z,66.34,131.39,323.0,SHORT,192.0,mFRR
2026-01-20T01:15:00Z,65.03,173.24,575.0,SHORT,183.0,mFRR
2026-01-20T01:30:00Z,57.91,75.63,-141.0,LONG,43.0,mFRR
2026-01-20T01:45:00Z,28.95,82.43,-322.0,LONG,196.0,aFRR
2026-01-20T02:00:00Z,68.88,78.22,-62.0,BALANCED,0,
2026-01-20T02:15:00Z,66.47,174.73,448.0,SHORT,331.0,aFRR
2026-01-20T02:30:00Z,29.62,80.03,-352.0,LONG,153.0,RR
2026-01-20T02:45:00Z,42.92,74.88,-112.0,LONG,55.0,aFRR
2026-01-20T03:00:00Z,68.03,75.19,-99.0,BALANCED,0,
2026-01-20T03:15:00Z,64.49,123.0,260.0,SHORT,205.0,RR
2026-01-20T03:30:00Z,69.72,135.89,360.0,SHORT,238.0,aFRR
2026-01-20T03:45:00Z,70.98,74.63,59.0,BALANCED,0,
2026-01-20T04:00:00Z,64.04,125.85,344.0,SHORT,271.0,RR
2026-01-20T04:15:00Z,52.95,76.9,-154.0,LONG,87.0,mFRR
2026-01-20T04:30:00Z,61.82,104.94,295.0,SHORT,136.0,RR
2026-01-20T04:45:00Z,67.1,136.02,480.0,SHORT,236.0,mFRR
2026-01-20T05:00:00Z,50.27,72.79,-189.0,LONG,94.0,RR
2026-01-20T05:15:00Z,43.81,77.19,-221.0,LONG,140.0,RR
2026-01-20T05:30:00Z,67.89,107.85,169.0,SHORT,106.0,mFRR
2026-01-20T05:45:00Z,73.63,78.04,31.0,BALANCED,0,
2026-01-20T06:00:00Z,71.03,78.81,13.0,BALANCED,0,
2026-01-20T06:15:00Z,66.15,109.95,104.0,SHORT,64.0,aFRR
2026-01-20T06:30:00Z,69.45,97.77,109.0,SHORT,78.0,mFRR
2026-01-20T06:45:00Z,-9.76,81.29,-678.0,LONG,344.0,mFRR
2026-01-20T07:00:00Z,16.29,81.59,-455.0,LONG,148.0,RR
2026-01-20T07:15:00Z,30.09,84.89,-263.0,LONG,119.0,RR
2026-01-20T07:30:00Z,68.08,72.96,93.0,BALANCED,0,
2026-01-20T07:45:00Z,65.1,127.04,214.0,SHORT,87.0,aFRR
2026-01-20T08:00:00Z,19.69,77.77,-433.0,LONG,211.0,RR
2026-01-20T08:15:00Z,29.99,80.15,-252.0,LONG,196.0,mFRR
2026-01-20T08:30:00Z,49.18,77.5,-129.0,LONG,75.0,aFRR
2026-01-20T08:45:00Z,59.52,198.71,768.0,SHORT,429.0,mFRR
2026-01-20T09:00:00Z,70.75,114.71,112.0,SHORT,36.0,RR
2026-01-20T09:15:00Z,64.29,114.25,209.0,SHORT,163.0,RR
2026-01-20T09:30:00Z,68.2,127.13,214.0,SHORT,154.0,RR
2026-01-20T09:45:00Z,54.57,76.28,-108.0,LONG,69.0,aFRR
2026-01-20T10:00:00Z,34.03,78.73,-201.0,LONG,116.0,RR
2026-01-20T10:15:00Z,72.37,79.29,-4.0,BALANCED,0,
2026-01-20T10:30:00Z,68.07,121.66,136.0,SHORT,43.0,mFRR
2026-01-20T10:45:00Z,35.93,75.1,-208.0,LONG,162.0,mFRR
2026-01-20T11:00:00Z,9.48,81.68,-366.0,LONG,213.0,aFRR
2026-01-20T11:15:00Z,66.93,111.43,108.0,SHORT,74.0,aFRR
2026-01-20T11:30:00Z,51.43,77.18,-160.0,LONG,92.0,RR
2026-01-20T11:45:00Z,5.79,73.92,-393.0,LONG,181.0,RR
2026-01-20T12:00:00Z,8.69,75.37,-583.0,LONG,301.0,RR
2026-01-20T12:15:00Z,31.65,78.65,-319.0,LONG,234.0,RR
2026-01-20T12:30:00Z,68.54,75.11,65.0,BALANCED,0,
2026-01-20T12:45:00Z,72.54,74.84,91.0,BALANCED,0,
2026-01-20T13:00:00Z,66.88,74.74,75.0,BALANCED,0,
2026-01-20T13:15:00Z,19.28,78.17,-383.0,LONG,186.0,mFRR
2026-01-20T13:30:00Z,67.0,76.63,-62.0,BALANCED,0,
2026-01-20T13:45:00Z,68.61,123.18,169.0,SHORT,131.0,RR
2026-01-20T14:00:00Z,65.59,77.02,-87.0,BALANCED,0,
2026-01-20T14:15:00Z,67.97,134.77,362.0,SHORT,274.0,aFRR
2026-01-20T14:30:00Z,35.49,74.89,-393.0,LONG,304.0,RR
2026-01-20T14:45:00Z,70.26,74.95,91.0,BALANCED,0,
2026-01-20T15:00:00Z,69.75,74.68,-22.0,BALANCED,0,
2026-01-20T15:15:00Z,29.33,74.15,-317.0,LONG,120.0,aFRR
2026-01-20T15:30:00Z,69.03,97.15,185.0,SHORT,117.0,mFRR
2026-01-20T15:45:00Z,65.46,103.96,266.0,SHORT,133.0,RR
2026-01-20T16:00:00Z,67.05,75.01,45.0,BALANCED,0,
2026-01-20T16:15:00Z,48.4,73.84,-175.0,LONG,71.0,aFRR
2026-01-20T16:30:00Z,56.01,72.07,-155.0,LONG,118.0,aFRR
2026-01-20T16:45:00Z,69.16,113.75,222.0,SHORT,158.0,aFRR
2026-01-20T17:00:00Z,70.51,79.44,78.0,BALANCED,0,
2026-01-20T17:15:00Z,48.09,77.88,-168.0,LONG,52.0,aFRR
2026-01-20T17:30:00Z,36.49,73.44,-252.0,LONG,76.0,aFRR
2026-01-20T17:45:00Z,61.39,107.44,292.0,SHORT,232.0,aFRR
2026-01-20T18:00:00Z,66.15,73.98,-47.0,BALANCED,0,
2026-01-20T18:15:00Z,66.22,96.22,166.0,SHORT,52.0,RR
2026-01-20T18:30:00Z,48.25,79.99,-206.0,LONG,64.0,aFRR
2026-01-20T18:45:00Z,66.02,75.93,34.0,BALANCED,0,
2026-01-20T19:00:00Z,67.53,75.5,-70.0,BALANCED,0,
2026-01-20T19:15:00Z,28.81,79.95,-386.0,LONG,177.0,RR
2026-01-20T19:30:00Z,71.33,77.67,36.0,BALANCED,0,
2026-01-20T19:45:00Z,62.44,138.0,347.0,SHORT,218.0,mFRR
2026-01-20T20:00:00Z,67.72,109.31,223.0,SHORT,108.0,aFRR
2026-01-20T20:15:00Z,63.43,127.57,321.0,SHORT,154.0,aFRR
2026-01-20T20:30:00Z,67.44,92.58,246.0,SHORT,89.0,aFRR
2026-01-20T20:45:00Z,47.01,79.34,-184.0,LONG,85.0,RR
2026-01-20T21:00:00Z,68.98,101.32,216.0,SHORT,86.0,RR
2026-01-20T21:15:00Z,64.5,128.63,405.0,SHORT,181.0,mFRR
2026-01-20T21:30:00Z,69.78,136.18,643.0,SHORT,448.0,mFRR
2026-01-20T21:45:00Z,42.05,76.95,-280.0,LONG,91.0,mFRR
2026-01-20T22:00:00Z,58.01,77.23,-129.0,LONG,39.0,RR
2026-01-20T22:15:00Z,11.91,73.03,-494.0,LONG,274.0,aFRR
2026-01-20T22:30:00Z,74.06,75.98,-10.0,BALANCED,0,
2026-01-20T22:45:00Z,70.65,107.9,668.0,SHORT,374.0,RR
2026-01-20T23:00:00Z,66.36,75.17,17.0,BALANCED,0,
2026-01-20T23:15:00Z,32.27,78.14,-314.0,LONG,159.0,aFRR
2026-01-20T23:30:00Z,65.81,106.15,157.0,SHORT,52.0,aFRR
2026-01-20T23:45:00Z,57.77,76.36,-115.0,LONG,43.0,RR
2026-01-21T00:00:00Z,68.94,74.61,-60.0,BALANCED,0,
2026-01-21T00:15:00Z,67.92,87.93,150.0,SHORT,79.0,mFRR
2026-01-21T00:30:00Z,62.95,157.02,494.0,SHORT,187.0,aFRR
2026-01-21T00:45:00Z,-10.45,73.76,-757.0,LONG,510.0,mFRR
2026-01-21T01:00:00Z,66.78,114.62,373.0,SHORT,146.0,RR
2026-01-21T01:15:00Z,66.35,133.27,184.0,SHORT,63.0,aFRR
2026-01-21T01:30:00Z,7.64,78.72,-478.0,LONG,273.0,RR
2026-01-21T01:45:00Z,70.55,131.15,341.0,SHORT,151.0,mFRR
2026-01-21T02:00:00Z,64.13,103.15,101.0,SHORT,78.0,mFRR
2026-01-21T02:15:00Z,66.37,146.92,486.0,SHORT,310.0,mFRR
2026-01-21T02:30:00Z,49.48,82.6,-140.0,LONG,107.0,aFRR
2026-01-21T02:45:00Z,45.59,85.04,-209.0,LONG,84.0,aFRR
2026-01-21T03:00:00Z,-3.09,78.43,-630.0,LONG,461.0,mFRR
2026-01-21T03:15:00Z,66.74,140.09,342.0,SHORT,182.0,mFRR
2026-01-21T03:30:00Z,66.5,130.98,155.0,SHORT,121.0,RR
2026-01-21T03:45:00Z,40.85,82.03,-207.0,LONG,69.0,aFRR
2026-01-21T04:00:00Z,68.65,77.36,8.0,BALANCED,0,
2026-01-21T04:15:00Z,9.57,78.74,-608.0,LONG,405.0,aFRR
2026-01-21T04:30:00Z,67.33,147.79,241.0,SHORT,94.0,RR
2026-01-21T04:45:00Z,71.08,103.2,160.0,SHORT,126.0,RR
2026-01-21T05:00:00Z,68.69,112.78,105.0,SHORT,51.0,aFRR
2026-01-21T05:15:00Z,37.6,81.39,-194.0,LONG,155.0,mFRR
2026-01-21T05:30:00Z,65.07,112.87,331.0,SHORT,257.0,mFRR
2026-01-21T05:45:00Z,2.4,69.01,-500.0,LONG,298.0,aFRR
2026-01-21T06:00:00Z,68.33,73.6,25.0,BALANCED,0,
2026-01-21T06:15:00Z,67.94,93.32,110.0,SHORT,56.0,mFRR
2026-01-21T06:30:00Z,67.06,74.8,88.0,BALANCED,0,
2026-01-21T06:45:00Z,35.14,76.49,-297.0,LONG,95.0,RR
2026-01-21T07:00:00Z,31.08,72.75,-312.0,LONG,118.0,aFRR
2026-01-21T07:15:00Z,66.21,99.6,372.0,SHORT,226.0,aFRR
2026-01-21T07:30:00Z,34.04,76.3,-145.0,LONG,110.0,mFRR
2026-01-21T07:45:00Z,66.94,77.75,-98.0,BALANCED,0,
2026-01-21T08:00:00Z,72.22,121.55,528.0,SHORT,244.0,mFRR
2026-01-21T08:15:00Z,65.54,78.54,-24.0,BALANCED,0,
2026-01-21T08:30:00Z,66.74,71.96,-37.0,BALANCED,0,
2026-01-21T08:45:00Z,71.15,72.7,-7.0,BALANCED,0,
2026-01-21T09:00:00Z,67.98,105.45,179.0,SHORT,60.0,RR
2026-01-21T09:15:00Z,69.55,100.35,286.0,SHORT,200.0,aFRR
2026-01-21T09:30:00Z,68.57,99.66,152.0,SHORT,56.0,aFRR
2026-01-21T09:45:00Z,69.71,75.87,97.0,BALANCED,0,
2026-01-21T10:00:00Z,71.67,73.66,-36.0,BALANCED,0,
2026-01-21T10:15:00Z,67.65,74.18,-98.0,BALANCED,0,
2026-01-21T10:30:00Z,66.88,108.43,313.0,SHORT,140.0,aFRR
2026-01-21T10:45:00Z,40.97,81.09,-192.0,LONG,119.0,mFRR
2026-01-21T11:00:00Z,18.8,80.55,-396.0,LONG,277.0,aFRR
2026-01-21T11:15:00Z,65.21,135.63,184.0,SHORT,76.0,RR
2026-01-21T11:30:00Z,64.77,113.41,175.0,SHORT,76.0,aFRR
2026-01-21T11:45:00Z,67.41,176.56,748.0,SHORT,413.0,mFRR
2026-01-21T12:00:00Z,71.92,105.03,225.0,SHORT,124.0,RR
2026-01-21T12:15:00Z,23.69,79.3,-338.0,LONG,102.0,aFRR
2026-01-21T12:30:00Z,34.22,74.34,-386.0,LONG,195.0,mFRR
2026-01-21T12:45:00Z,66.73,165.47,558.0,SHORT,306.0,aFRR
2026-01-21T13:00:00Z,34.89,80.44,-194.0,LONG,97.0,mFRR
2026-01-21T13:15:00Z,68.3,75.29,72.0,BALANCED,0,
2026-01-21T13:30:00Z,69.96,73.62,-65.0,BALANCED,0,
2026-01-21T13:45:00Z,63.71,95.78,182.0,SHORT,137.0,RR
2026-01-21T14:00:00Z,36.93,83.51,-183.0,LONG,73.0,aFRR
2026-01-21T14:15:00Z,34.0,79.47,-169.0,LONG,78.0,mFRR
2026-01-21T14:30:00Z,70.5,76.32,-46.0,BALANCED,0,
2026-01-21T14:45:00Z,71.43,78.7,-152.0,LONG,56.0,mFRR
2026-01-21T15:00:00Z,0.97,74.97,-619.0,LONG,374.0,RR
2026-01-21T15:15:00Z,64.78,135.91,338.0,SHORT,115.0,RR
2026-01-21T15:30:00Z,68.59,120.8,286.0,SHORT,201.0,RR
2026-01-21T15:45:00Z,73.97,77.44,-41.0,BALANCED,0,
2026-01-21T16:00:00Z,26.79,70.69,-306.0,LONG,124.0,mFRR
2026-01-21T16:15:00Z,22.86,77.92,-300.0,LONG,201.0,mFRR
2026-01-21T16:30:00Z,67.07,111.48,233.0,SHORT,150.0,mFRR
2026-01-21T16:45:00Z,70.28,134.39,470.0,SHORT,142.0,RR
2026-01-21T17:00:00Z,65.53,121.27,177.0,SHORT,120.0,RR
2026-01-21T17:15:00Z,-2.96,76.39,-522.0,LONG,172.0,mFRR
2026-01-21T17:30:00Z,25.55,79.59,-327.0,LONG,101.0,aFRR
2026-01-21T17:45:00Z,20.4,76.07,-344.0,LONG,150.0,aFRR
2026-01-21T18:00:00Z,69.31,73.31,25.0,BALANCED,0,
2026-01-21T18:15:00Z,37.32,77.85,-259.0,LONG,137.0,aFRR
2026-01-21T18:30:00Z,39.33,76.82,-165.0,LONG,94.0,RR
2026-01-21T18:45:00Z,69.84,71.52,89.0,BALANCED,0,
2026-01-21T19:00:00Z,67.85,116.05,134.0,SHORT,53.0,mFRR
2026-01-21T19:15:00Z,68.58,74.81,92.0,BALANCED,0,
2026-01-21T19:30:00Z,49.69,79.99,-148.0,LONG,107.0,mFRR
2026-01-21T19:45:00Z,64.26,101.4,128.0,SHORT,101.0,mFRR
2026-01-21T20:00:00Z,68.58,74.14,-72.0,BALANCED,0,
2026-01-21T20:15:00Z,41.09,76.07,-224.0,LONG,171.0,aFRR
2026-01-21T20:30:00Z,68.59,75.32,-72.0,BALANCED,0,
2026-01-21T20:45:00Z,64.98,72.8,42.0,BALANCED,0,
2026-01-21T21:00:00Z,27.45,75.32,-402.0,LONG,305.0,mFRR
2026-01-21T21:15:00Z,67.11,77.1,-40.0,BALANCED,0,
2026-01-21T21:30:00Z,69.76,136.26,317.0,SHORT,213.0,mFRR
2026-01-21T21:45:00Z,65.44,128.44,193.0,SHORT,130.0,aFRR
2026-01-21T22:00:00Z,-8.31,79.4,-588.0,LONG,330.0,aFRR
2026-01-21T22:15:00Z,37.38,72.2,-238.0,LONG,138.0,mFRR
2026-01-21T22:30:00Z,67.2,106.52,275.0,SHORT,177.0,aFRR
2026-01-21T22:45:00Z,67.93,73.22,64.0,BALANCED,0,
2026-01-21T23:00:00Z,51.87,75.22,-151.0,LONG,59.0,mFRR
2026-01-21T23:15:00Z,35.09,71.31,-313.0,LONG,238.0,mFRR
2026-01-21T23:30:00Z,14.24,75.26,-512.0,LONG,274.0,aFRR
2026-01-21T23:45:00Z,65.82,118.29,114.0,SHORT,37.0,mFRR
2026-01-22T00:00:00Z,71.56,71.7,-68.0,BALANCED,0,
2026-01-22T00:15:00Z,22.38,76.34,-271.0,LONG,189.0,RR
2026-01-22T00:30:00Z,69.07,106.61,221.0,SHORT,110.0,aFRR
2026-01-22T00:45:00Z,33.74,73.21,-270.0,LONG,170.0,aFRR
2026-01-22T01:00:00Z,68.61,120.93,382.0,SHORT,299.0,mFRR
2026-01-22T01:15:00Z,69.04,74.6,72.0,BALANCED,0,
2026-01-22T01:30:00Z,66.83,115.66,132.0,SHORT,85.0,mFRR
2026-01-22T01:45:00Z,66.45,74.26,98.0,BALANCED,0,
2026-01-22T02:00:00Z,70.15,76.56,97.0,BALANCED,0,
2026-01-22T02:15:00Z,66.42,71.91,-97.0,BALANCED,0,
2026-01-22T02:30:00Z,67.75,149.43,488.0,SHORT,305.0,mFRR
2026-01-22T02:45:00Z,64.57,127.05,190.0,SHORT,98.0,mFRR
2026-01-22T03:00:00Z,71.19,132.3,464.0,SHORT,233.0,RR
2026-01-22T03:15:00Z,67.36,121.82,301.0,SHORT,140.0,aFRR
2026-01-22T03:30:00Z,56.43,80.35,-144.0,LONG,98.0,mFRR
2026-01-22T03:45:00Z,69.03,77.48,28.0,BALANCED,0,
2026-01-22T04:00:00Z,67.16,135.28,402.0,SHORT,262.0,RR
2026-01-22T04:15:00Z,66.22,138.31,578.0,SHORT,407.0,aFRR
2026-01-22T04:30:00Z,45.03,75.36,-189.0,LONG,148.0,mFRR
2026-01-22T04:45:00Z,72.72,138.28,183.0,SHORT,90.0,RR
2026-01-22T05:00:00Z,63.39,115.66,338.0,SHORT,182.0,mFRR
2026-01-22T05:15:00Z,45.44,79.57,-137.0,LONG,94.0,RR
2026-01-22T05:30:00Z,68.8,75.33,-35.0,BALANCED,0,
2026-01-22T05:45:00Z,63.89,103.52,143.0,SHORT,82.0,RR
2026-01-22T06:00:00Z,59.69,112.19,235.0,SHORT,148.0,mFRR
2026-01-22T06:15:00Z,36.06,77.91,-317.0,LONG,219.0,mFRR
2026-01-22T06:30:00Z,67.14,120.81,214.0,SHORT,69.0,mFRR
2026-01-22T06:45:00Z,27.59,83.87,-360.0,LONG,109.0,mFRR
2026-01-22T07:00:00Z,70.4,97.36,104.0,SHORT,59.0,mFRR
2026-01-22T07:15:00Z,35.47,81.91,-268.0,LONG,141.0,RR
2026-01-22T07:30:00Z,66.06,103.65,120.0,SHORT,40.0,RR
2026-01-22T07:45:00Z,-6.47,80.48,-672.0,LONG,526.0,RR
2026-01-22T08:00:00Z,69.44,78.8,-3.0,BALANCED,0,
2026-01-22T08:15:00Z,35.71,78.72,-301.0,LONG,226.0,mFRR
2026-01-22T08:30:00Z,29.0,84.48,-442.0,LONG,204.0,RR
2026-01-22T08:45:00Z,36.16,77.94,-227.0,LONG,106.0,aFRR
2026-01-22T09:00:00Z,68.04,70.77,-89.0,BALANCED,0,
2026-01-22T09:15:00Z,64.29,124.35,291.0,SHORT,176.0,aFRR
2026-01-22T09:30:00Z,69.6,78.67,-43.0,BALANCED,0,
2026-01-22T09:45:00Z,70.69,73.97,56.0,BALANCED,0,
2026-01-22T10:00:00Z,50.27,77.84,-252.0,LONG,82.0,mFRR
2026-01-22T10:15:00Z,37.42,74.37,-186.0,LONG,84.0,RR
2026-01-22T10:30:00Z,67.55,149.27,533.0,SHORT,243.0,RR
2026-01-22T10:45:00Z,66.48,76.94,-60.0,BALANCED,0,
2026-01-22T11:00:00Z,47.83,73.98,-126.0,LONG,63.0,aFRR
2026-01-22T11:15:00Z,28.35,74.8,-500.0,LONG,371.0,aFRR
2026-01-22T11:30:00Z,71.6,106.62,100.0,SHORT,39.0,RR
2026-01-22T11:45:00Z,69.55,73.24,-26.0,BALANCED,0,
2026-01-22T12:00:00Z,69.91,145.21,395.0,SHORT,162.0,RR
2026-01-22T12:15:00Z,67.36,135.06,224.0,SHORT,174.0,RR
2026-01-22T12:30:00Z,67.75,144.09,376.0,SHORT,234.0,RR
2026-01-22T12:45:00Z,-3.82,74.69,-518.0,LONG,339.0,mFRR
2026-01-22T13:00:00Z,69.96,77.61,98.0,BALANCED,0,
2026-01-22T13:15:00Z,45.95,73.75,-144.0,LONG,95.0,aFRR
2026-01-22T13:30:00Z,68.05,111.28,359.0,SHORT,224.0,mFRR
2026-01-22T13:45:00Z,66.54,117.95,386.0,SHORT,295.0,mFRR
2026-01-22T14:00:00Z,17.68,80.53,-402.0,LONG,261.0,aFRR
2026-01-22T14:15:00Z,3.3,77.1,-589.0,LONG,423.0,mFRR
2026-01-22T14:30:00Z,55.77,76.75,-109.0,LONG,34.0,aFRR
2026-01-22T14:45:00Z,64.4,77.0,5.0,BALANCED,0,
2026-01-22T15:00:00Z,67.37,132.13,159.0,SHORT,101.0,mFRR
2026-01-22T15:15:00Z,69.03,90.94,104.0,SHORT,51.0,RR
2026-01-22T15:30:00Z,44.09,83.35,-274.0,LONG,135.0,mFRR
2026-01-22T15:45:00Z,69.83,113.18,323.0,SHORT,168.0,mFRR
2026-01-22T16:00:00Z,69.42,110.63,193.0,SHORT,113.0,aFRR
2026-01-22T16:15:00Z,45.59,75.64,-252.0,LONG,78.0,aFRR
2026-01-22T16:30:00Z,68.3,123.86,136.0,SHORT,90.0,RR
2026-01-22T16:45:00Z,68.76,101.98,117.0,SHORT,55.0,RR
2026-01-22T17:00:00Z,69.98,122.01,377.0,SHORT,292.0,mFRR
2026-01-22T17:15:00Z,70.65,73.48,23.0,BALANCED,0,
2026-01-22T17:30:00Z,40.62,74.18,-129.0,LONG,90.0,mFRR
2026-01-22T17:45:00Z,43.7,78.93,-244.0,LONG,75.0,aFRR
2026-01-22T18:00:00Z,65.0,108.16,214.0,SHORT,81.0,mFRR
2026-01-22T18:15:00Z,68.99,75.46,90.0,BALANCED,0,
2026-01-22T18:30:00Z,33.58,75.38,-245.0,LONG,145.0,aFRR
2026-01-22T18:45:00Z,65.16,192.71,932.0,SHORT,365.0,aFRR
2026-01-22T19:00:00Z,21.47,79.67,-308.0,LONG,145.0,RR
2026-01-22T19:15:00Z,30.15,77.77,-353.0,LONG,188.0,aFRR
2026-01-22T19:30:00Z,46.83,76.61,-160.0,LONG,73.0,aFRR
2026-01-22T19:45:00Z,-11.95,83.08,-683.0,LONG,262.0,RR
2026-01-22T20:00:00Z,11.77,82.56,-481.0,LONG,300.0,aFRR
2026-01-22T20:15:00Z,67.05,73.77,13.0,BALANCED,0,
2026-01-22T20:30:00Z,54.47,73.41,-103.0,LONG,77.0,aFRR
2026-01-22T20:45:00Z,69.74,78.36,61.0,BALANCED,0,
2026-01-22T21:00:00Z,70.76,73.12,13.0,BALANCED,0,
2026-01-22T21:15:00Z,68.32,73.8,-31.0,BALANCED,0,
2026-01-22T21:30:00Z,66.4,76.76,135.0,SHORT,46.0,RR
2026-01-22T21:45:00Z,68.12,73.04,-36.0,BALANCED,0,
2026-01-22T22:00:00Z,41.05,75.46,-404.0,LONG,228.0,aFRR
2026-01-22T22:15:00Z,67.3,143.18,494.0,SHORT,270.0,aFRR
2026-01-22T22:30:00Z,69.64,73.31,-99.0,BALANCED,0,
2026-01-22T22:45:00Z,65.43,74.17,-36.0,BALANCED,0,
2026-01-22T23:00:00Z,71.25,75.05,-37.0,BALANCED,0,
2026-01-22T23:15:00Z,31.73,76.73,-256.0,LONG,79.0,mFRR
2026-01-22T23:30:00Z,27.08,78.97,-508.0,LONG,162.0,mFRR
2026-01-22T23:45:00Z,64.73,111.3,301.0,SHORT,137.0,RR
2026-01-23T00:00:00Z,63.59,123.25,200.0,SHORT,124.0,aFRR
2026-01-23T00:15:00Z,67.89,76.07,-92.0,BALANCED,0,
2026-01-23T00:30:00Z,65.3,135.69,157.0,SHORT,57.0,RR
2026-01-23T00:45:00Z,68.09,74.61,17.0,BALANCED,0,
2026-01-23T01:00:00Z,68.4,73.53,31.0,BALANCED,0,
2026-01-23T01:15:00Z,69.6,100.16,163.0,SHORT,69.0,mFRR
2026-01-23T01:30:00Z,41.12,75.47,-226.0,LONG,180.0,mFRR
2026-01-23T01:45:00Z,6.81,80.72,-584.0,LONG,228.0,aFRR
2026-01-23T02:00:00Z,45.51,78.64,-176.0,LONG,87.0,RR
2026-01-23T02:15:00Z,59.93,110.65,245.0,SHORT,107.0,RR
2026-01-23T02:30:00Z,69.51,103.89,215.0,SHORT,77.0,aFRR
2026-01-23T02:45:00Z,28.89,77.33,-243.0,LONG,105.0,RR
2026-01-23T03:00:00Z,50.12,78.35,-125.0,LONG,43.0,RR
2026-01-23T03:15:00Z,66.17,74.39,93.0,BALANCED,0,
2026-01-23T03:30:00Z,66.6,115.35,193.0,SHORT,86.0,mFRR
2026-01-23T03:45:00Z,68.68,111.43,175.0,SHORT,81.0,RR
2026-01-23T04:00:00Z,66.54,74.47,-92.0,BALANCED,0,
2026-01-23T04:15:00Z,71.74,115.69,166.0,SHORT,79.0,RR
2026-01-23T04:30:00Z,43.59,81.22,-396.0,LONG,312.0,mFRR
2026-01-23T04:45:00Z,65.95,88.36,149.0,SHORT,94.0,mFRR
2026-01-23T05:00:00Z,66.19,75.85,45.0,BALANCED,0,
2026-01-23T05:15:00Z,71.28,143.81,279.0,SHORT,145.0,aFRR
2026-01-23T05:30:00Z,66.44,159.31,361.0,SHORT,141.0,aFRR
2026-01-23T05:45:00Z,68.6,75.96,-79.0,BALANCED,0,
2026-01-23T06:00:00Z,28.86,79.24,-355.0,LONG,204.0,aFRR
2026-01-23T06:15:00Z,68.42,72.74,36.0,BALANCED,0,
2026-01-23T06:30:00Z,67.6,123.21,147.0,SHORT,54.0,aFRR
2026-01-23T06:45:00Z,71.12,72.79,96.0,BALANCED,0,
2026-01-23T07:00:00Z,44.87,78.84,-255.0,LONG,179.0,mFRR
2026-01-23T07:15:00Z,65.16,111.37,215.0,SHORT,164.0,mFRR
2026-01-23T07:30:00Z,-6.02,74.28,-695.0,LONG,285.0,mFRR
2026-01-23T07:45:00Z,66.73,152.06,637.0,SHORT,328.0,aFRR
2026-01-23T08:00:00Z,52.23,75.17,-211.0,LONG,73.0,mFRR
2026-01-23T08:15:00Z,70.29,78.65,-98.0,BALANCED,0,
2026-01-23T08:30:00Z,64.57,130.52,537.0,SHORT,396.0,aFRR
2026-01-23T08:45:00Z,39.5,85.15,-177.0,LONG,77.0,mFRR
2026-01-23T09:00:00Z,70.57,75.0,-91.0,BALANCED,0,
2026-01-23T09:15:00Z,51.93,75.06,-155.0,LONG,114.0,RR
2026-01-23T09:30:00Z,71.5,74.26,-77.0,BALANCED,0,
2026-01-23T09:45:00Z,61.82,100.08,138.0,SHORT,103.0,aFRR
2026-01-23T10:00:00Z,38.29,81.07,-231.0,LONG,96.0,aFRR
2026-01-23T10:15:00Z,10.02,74.42,-489.0,LONG,371.0,aFRR
2026-01-23T10:30:00Z,66.39,76.44,-54.0,BALANCED,0,
2026-01-23T10:45:00Z,68.36,76.09,8.0,BALANCED,0,
2026-01-23T11:00:00Z,66.97,76.69,98.0,BALANCED,0,
2026-01-23T11:15:00Z,62.38,123.24,224.0,SHORT,117.0,mFRR
2026-01-23T11:30:00Z,41.17,76.89,-264.0,LONG,197.0,RR
2026-01-23T11:45:00Z,68.51,78.8,-70.0,BALANCED,0,
2026-01-23T12:00:00Z,69.61,75.38,-21.0,BALANCED,0,
2026-01-23T12:15:00Z,44.05,79.46,-242.0,LONG,118.0,RR
2026-01-23T12:30:00Z,67.3,121.07,408.0,SHORT,137.0,RR
2026-01-23T12:45:00Z,65.43,119.61,226.0,SHORT,128.0,aFRR
2026-01-23T13:00:00Z,61.6,155.54,615.0,SHORT,261.0,mFRR
2026-01-23T13:15:00Z,9.37,76.18,-282.0,LONG,208.0,mFRR
2026-01-23T13:30:00Z,22.91,76.05,-394.0,LONG,278.0,mFRR
2026-01-23T13:45:00Z,58.96,80.57,-102.0,LONG,46.0,mFRR
2026-01-23T14:00:00Z,18.07,78.69,-456.0,LONG,257.0,mFRR
2026-01-23T14:15:00Z,17.23,76.82,-507.0,LONG,299.0,aFRR
2026-01-23T14:30:00Z,-4.78,72.47,-550.0,LONG,285.0,aFRR
2026-01-23T14:45:00Z,73.52,78.41,-117.0,LONG,39.0,aFRR
2026-01-23T15:00:00Z,69.64,74.77,27.0,BALANCED,0,
2026-01-23T15:15:00Z,69.35,73.86,-64.0,BALANCED,0,
2026-01-23T15:30:00Z,47.98,84.5,-126.0,LONG,98.0,aFRR
2026-01-23T15:45:00Z,69.49,71.99,-83.0,BALANCED,0,
2026-01-23T16:00:00Z,31.09,78.09,-276.0,LONG,206.0,RR
2026-01-23T16:15:00Z,9.33,77.66,-415.0,LONG,310.0,aFRR
2026-01-23T16:30:00Z,-0.37,75.11,-620.0,LONG,448.0,aFRR
2026-01-23T16:45:00Z,44.84,76.63,-138.0,LONG,71.0,mFRR
2026-01-23T17:00:00Z,70.87,128.37,128.0,SHORT,93.0,mFRR
2026-01-23T17:15:00Z,66.19,160.96,422.0,SHORT,194.0,aFRR
2026-01-23T17:30:00Z,66.93,110.02,264.0,SHORT,147.0,mFRR
2026-01-23T17:45:00Z,66.93,111.66,276.0,SHORT,171.0,aFRR
2026-01-23T18:00:00Z,33.81,76.82,-335.0,LONG,228.0,mFRR
2026-01-23T18:15:00Z,45.41,78.29,-102.0,LONG,74.0,mFRR
2026-01-23T18:30:00Z,73.11,99.38,248.0,SHORT,168.0,RR
2026-01-23T18:45:00Z,53.86,74.6,-128.0,LONG,40.0,aFRR
2026-01-23T19:00:00Z,68.21,75.32,-34.0,BALANCED,0,
2026-01-23T19:15:00Z,67.79,70.1,-7.0,BALANCED,0,
2026-01-23T19:30:00Z,59.09,78.67,-201.0,LONG,148.0,aFRR
2026-01-23T19:45:00Z,68.42,72.51,-61.0,BALANCED,0,
2026-01-23T20:00:00Z,67.42,73.55,-42.0,BALANCED,0,
2026-01-23T20:15:00Z,64.04,163.57,518.0,SHORT,211.0,mFRR
2026-01-23T20:30:00Z,15.96,78.33,-474.0,LONG,313.0,RR
2026-01-23T20:45:00Z,69.45,76.92,18.0,BALANCED,0,
2026-01-23T21:00:00Z,31.31,78.05,-212.0,LONG,165.0,mFRR
2026-01-23T21:15:00Z,31.01,77.7,-341.0,LONG,176.0,aFRR
2026-01-23T21:30:00Z,66.21,74.22,17.0,BALANCED,0,
2026-01-23T21:45:00Z,70.56,71.12,-88.0,BALANCED,0,
2026-01-23T22:00:00Z,66.44,123.52,194.0,SHORT,114.0,mFRR
2026-01-23T22:15:00Z,66.61,130.57,203.0,SHORT,156.0,RR
2026-01-23T22:30:00Z,69.7,73.39,90.0,BALANCED,0,
2026-01-23T22:45:00Z,66.65,92.16,102.0,SHORT,53.0,mFRR
2026-01-23T23:00:00Z,34.93,73.06,-117.0,LONG,56.0,aFRR
2026-01-23T23:15:00Z,67.78,146.51,355.0,SHORT,263.0,RR
2026-01-23T23:30:00Z,-10.98,70.52,-701.0,LONG,545.0,RR
2026-01-23T23:45:00Z,11.39,74.32,-594.0,LONG,401.0,RR
2026-01-24T00:00:00Z,67.37,116.65,323.0,SHORT,151.0,RR
2026-01-24T00:15:00Z,68.72,77.44,-24.0,BALANCED,0,
2026-01-24T00:30:00Z,67.78,78.62,-39.0,BALANCED,0,
2026-01-24T00:45:00Z,70.03,73.21,-84.0,BALANCED,0,
2026-01-24T01:00:00Z,27.44,75.43,-337.0,LONG,153.0,RR
2026-01-24T01:15:00Z,64.5,120.93,265.0,SHORT,115.0,mFRR
2026-01-24T01:30:00Z,15.89,75.73,-381.0,LONG,129.0,mFRR
2026-01-24T01:45:00Z,67.83,93.62,243.0,SHORT,82.0,mFRR
2026-01-24T02:00:00Z,14.67,79.05,-519.0,LONG,414.0,mFRR
2026-01-24T02:15:00Z,62.18,148.1,550.0,SHORT,298.0,mFRR
2026-01-24T02:30:00Z,15.43,78.66,-476.0,LONG,353.0,aFRR
2026-01-24T02:45:00Z,67.83,74.28,60.0,BALANCED,0,
2026-01-24T03:00:00Z,28.41,74.09,-296.0,LONG,151.0,mFRR
2026-01-24T03:15:00Z,70.68,74.46,-22.0,BALANCED,0,
2026-01-24T03:30:00Z,60.65,158.57,422.0,SHORT,214.0,aFRR
2026-01-24T03:45:00Z,69.2,74.98,36.0,BALANCED,0,
2026-01-24T04:00:00Z,9.91,82.21,-510.0,LONG,383.0,RR
2026-01-24T04:15:00Z,28.37,73.13,-331.0,LONG,202.0,mFRR
2026-01-24T04:30:00Z,26.53,78.98,-183.0,LONG,93.0,RR
2026-01-24T04:45:00Z,20.82,77.28,-449.0,LONG,306.0,RR
2026-01-24T05:00:00Z,72.8,73.15,-59.0,BALANCED,0,
2026-01-24T05:15:00Z,33.47,83.22,-232.0,LONG,111.0,RR
2026-01-24T05:30:00Z,55.95,74.55,-174.0,LONG,59.0,mFRR
2026-01-24T05:45:00Z,70.68,75.87,-26.0,BALANCED,0,
2026-01-24T06:00:00Z,65.25,74.19,50.0,BALANCED,0,
2026-01-24T06:15:00Z,68.88,129.08,255.0,SHORT,173.0,mFRR
2026-01-24T06:30:00Z,63.71,123.48,102.0,SHORT,35.0,mFRR
2026-01-24T06:45:00Z,36.45,79.04,-207.0,LONG,104.0,RR
2026-01-24T07:00:00Z,68.21,76.66,-41.0,BALANCED,0,
2026-01-24T07:15:00Z,66.68,70.65,67.0,BALANCED,0,
2026-01-24T07:30:00Z,59.93,74.77,-103.0,LONG,50.0,RR
2026-01-24T07:45:00Z,71.68,69.51,27.0,BALANCED,0,
2026-01-24T08:00:00Z,70.29,75.07,-48.0,BALANCED,0,
2026-01-24T08:15:00Z,65.8,117.42,162.0,SHORT,78.0,mFRR
2026-01-24T08:30:00Z,67.45,74.76,20.0,BALANCED,0,
2026-01-24T08:45:00Z,65.11,81.77,115.0,SHORT,55.0,RR
2026-01-24T09:00:00Z,64.54,115.54,335.0,SHORT,104.0,RR
2026-01-24T09:15:00Z,67.81,74.84,63.0,BALANCED,0,
2026-01-24T09:30:00Z,71.83,177.18,589.0,SHORT,425.0,RR
2026-01-24T09:45:00Z,69.66,70.7,15.0,BALANCED,0,
2026-01-24T10:00:00Z,58.22,71.46,-158.0,LONG,108.0,mFRR
2026-01-24T10:15:00Z,69.04,73.95,-13.0,BALANCED,0,
2026-01-24T10:30:00Z,60.99,94.47,138.0,SHORT,59.0,mFRR
2026-01-24T10:45:00Z,66.96,137.11,117.0,SHORT,64.0,RR
2026-01-24T11:00:00Z,48.89,76.36,-226.0,LONG,156.0,mFRR
2026-01-24T11:15:00Z,67.91,113.8,236.0,SHORT,78.0,mFRR
2026-01-24T11:30:00Z,69.35,107.39,155.0,SHORT,72.0,aFRR
2026-01-24T11:45:00Z,28.75,75.75,-305.0,LONG,175.0,mFRR
2026-01-24T12:00:00Z,64.12,74.96,70.0,BALANCED,0,
2026-01-24T12:15:00Z,32.51,74.49,-207.0,LONG,87.0,RR
2026-01-24T12:30:00Z,29.95,72.53,-139.0,LONG,92.0,RR
2026-01-24T12:45:00Z,66.23,124.76,335.0,SHORT,190.0,RR
2026-01-24T13:00:00Z,30.14,75.2,-325.0,LONG,152.0,RR
2026-01-24T13:15:00Z,63.2,122.81,171.0,SHORT,107.0,mFRR
2026-01-24T13:30:00Z,63.12,165.93,735.0,SHORT,367.0,RR
2026-01-24T13:45:00Z,71.88,135.01,430.0,SHORT,253.0,RR
2026-01-24T14:00:00Z,69.5,133.6,256.0,SHORT,130.0,aFRR
2026-01-24T14:15:00Z,67.15,91.45,186.0,SHORT,98.0,RR
2026-01-24T14:30:00Z,72.4,74.42,53.0,BALANCED,0,
2026-01-24T14:45:00Z,67.68,71.8,-18.0,BALANCED,0,
2026-01-24T15:00:00Z,66.62,134.07,326.0,SHORT,170.0,aFRR
2026-01-24T15:15:00Z,68.01,105.24,113.0,SHORT,70.0,RR
2026-01-24T15:30:00Z,41.89,73.98,-230.0,LONG,157.0,mFRR
2026-01-24T15:45:00Z,70.22,105.43,114.0,SHORT,46.0,RR
2026-01-24T16:00:00Z,36.7,75.42,-157.0,LONG,121.0,RR
2026-01-24T16:15:00Z,69.71,73.0,-54.0,BALANCED,0,
2026-01-24T16:30:00Z,70.99,74.64,79.0,BALANCED,0,
2026-01-24T16:45:00Z,67.89,97.96,270.0,SHORT,86.0,RR
2026-01-24T17:00:00Z,69.16,75.25,-83.0,BALANCED,0,
2026-01-24T17:15:00Z,68.15,122.75,509.0,SHORT,306.0,RR
2026-01-24T17:30:00Z,34.97,79.26,-300.0,LONG,213.0,RR
2026-01-24T17:45:00Z,69.53,120.22,149.0,SHORT,46.0,aFRR
2026-01-24T18:00:00Z,66.22,116.19,289.0,SHORT,196.0,aFRR
2026-01-24T18:15:00Z,42.36,80.53,-291.0,LONG,94.0,RR
2026-01-24T18:30:00Z,64.79,94.79,144.0,SHORT,61.0,RR
2026-01-24T18:45:00Z,62.02,108.28,168.0,SHORT,68.0,aFRR
2026-01-24T19:00:00Z,66.79,104.88,172.0,SHORT,103.0,RR
2026-01-24T19:15:00Z,69.43,123.75,165.0,SHORT,101.0,mFRR
2026-01-24T19:30:00Z,51.3,77.29,-158.0,LONG,119.0,RR
2026-01-24T19:45:00Z,69.01,104.98,158.0,SHORT,59.0,RR
2026-01-24T20:00:00Z,67.79,94.3,128.0,SHORT,48.0,RR
2026-01-24T20:15:00Z,64.34,98.89,150.0,SHORT,72.0,RR
2026-01-24T20:30:00Z,23.59,74.52,-342.0,LONG,139.0,aFRR
2026-01-24T20:45:00Z,66.36,79.6,-84.0,BALANCED,0,
2026-01-24T21:00:00Z,63.7,119.2,367.0,SHORT,254.0,aFRR
2026-01-24T21:15:00Z,70.05,102.12,234.0,SHORT,88.0,aFRR
2026-01-24T21:30:00Z,72.09,77.17,13.0,BALANCED,0,
2026-01-24T21:45:00Z,67.69,123.83,295.0,SHORT,140.0,mFRR
2026-01-24T22:00:00Z,64.46,119.59,237.0,SHORT,170.0,mFRR
2026-01-24T22:15:00Z,66.59,70.49,-62.0,BALANCED,0,
2026-01-24T22:30:00Z,70.19,133.12,546.0,SHORT,425.0,mFRR
2026-01-24T22:45:00Z,66.02,126.89,292.0,SHORT,200.0,RR
2026-01-24T23:00:00Z,55.78,72.64,-135.0,LONG,92.0,mFRR
2026-01-24T23:15:00Z,70.58,77.4,-57.0,BALANCED,0,
2026-01-24T23:30:00Z,33.43,74.34,-203.0,LONG,102.0,mFRR
2026-01-24T23:45:00Z,68.05,99.35,166.0,SHORT,54.0,aFRR
2026-01-25T00:00:00Z,25.85,73.83,-269.0,LONG,159.0,RR
2026-01-25T00:15:00Z,67.31,58.24,127.0,SHORT,83.0,aFRR
2026-01-25T00:30:00Z,67.7,72.51,81.0,BALANCED,0,
2026-01-25T00:45:00Z,50.87,82.5,-127.0,LONG,49.0,aFRR
2026-01-25T01:00:00Z,69.67,75.3,96.0,BALANCED,0,
2026-01-25T01:15:00Z,60.85,106.95,118.0,SHORT,50.0,aFRR
2026-01-25T01:30:00Z,52.86,73.52,-247.0,LONG,106.0,aFRR
2026-01-25T01:45:00Z,-11.91,75.87,-755.0,LONG,578.0,aFRR
2026-01-25T02:00:00Z,60.1,152.74,620.0,SHORT,209.0,aFRR
2026-01-25T02:15:00Z,54.55,79.05,-105.0,LONG,36.0,mFRR
2026-01-25T02:30:00Z,52.32,78.87,-141.0,LONG,107.0,mFRR
2026-01-25T02:45:00Z,71.67,73.23,-18.0,BALANCED,0,
2026-01-25T03:00:00Z,65.1,160.27,369.0,SHORT,131.0,RR
2026-01-25T03:15:00Z,69.68,74.34,-93.0,BALANCED,0,
2026-01-25T03:30:00Z,43.45,76.89,-224.0,LONG,111.0,aFRR
2026-01-25T03:45:00Z,68.66,75.12,5.0,BALANCED,0,
2026-01-25T04:00:00Z,69.44,76.92,-64.0,BALANCED,0,
2026-01-25T04:15:00Z,7.26,77.75,-459.0,LONG,315.0,RR
2026-01-25T04:30:00Z,68.92,72.59,77.0,BALANCED,0,
2026-01-25T04:45:00Z,64.52,72.02,89.0,BALANCED,0,
2026-01-25T05:00:00Z,47.83,77.1,-213.0,LONG,145.0,RR
2026-01-25T05:15:00Z,67.48,105.34,129.0,SHORT,69.0,RR
2026-01-25T05:30:00Z,68.49,74.54,56.0,BALANCED,0,
2026-01-25T05:45:00Z,65.16,129.68,444.0,SHORT,180.0,aFRR
2026-01-25T06:00:00Z,64.14,125.0,190.0,SHORT,148.0,mFRR
2026-01-25T06:15:00Z,10.59,80.77,-463.0,LONG,370.0,RR
2026-01-25T06:30:00Z,68.26,148.12,447.0,SHORT,138.0,mFRR
2026-01-25T06:45:00Z,34.83,76.93,-238.0,LONG,183.0,mFRR
2026-01-25T07:00:00Z,66.83,75.0,-89.0,BALANCED,0,
2026-01-25T07:15:00Z,52.09,78.07,-160.0,LONG,120.0,RR
2026-01-25T07:30:00Z,67.55,105.43,131.0,SHORT,71.0,mFRR
2026-01-25T07:45:00Z,66.5,112.08,172.0,SHORT,87.0,mFRR
2026-01-25T08:00:00Z,68.27,75.9,-39.0,BALANCED,0,
2026-01-25T08:15:00Z,26.61,77.39,-212.0,LONG,165.0,mFRR
2026-01-25T08:30:00Z,26.93,81.27,-493.0,LONG,241.0,mFRR
2026-01-25T08:45:00Z,41.74,73.3,-181.0,LONG,135.0,aFRR
2026-01-25T09:00:00Z,34.54,75.45,-182.0,LONG,99.0,mFRR
2026-01-25T09:15:00Z,66.7,85.98,224.0,SHORT,149.0,aFRR
2026-01-25T09:30:00Z,43.34,82.6,-186.0,LONG,77.0,RR
2026-01-25T09:45:00Z,32.0,75.13,-367.0,LONG,126.0,RR
2026-01-25T10:00:00Z,21.13,82.17,-288.0,LONG,204.0,mFRR
2026-01-25T10:15:00Z,68.24,73.64,-8.0,BALANCED,0,
2026-01-25T10:30:00Z,66.7,111.22,170.0,SHORT,72.0,RR
2026-01-25T10:45:00Z,21.51,79.5,-269.0,LONG,164.0,aFRR
2026-01-25T11:00:00Z,70.62,76.38,17.0,BALANCED,0,
2026-01-25T11:15:00Z,67.55,76.1,-81.0,BALANCED,0,
2026-01-25T11:30:00Z,71.12,72.67,-10.0,BALANCED,0,
2026-01-25T11:45:00Z,66.39,116.63,309.0,SHORT,200.0,RR
2026-01-25T12:00:00Z,74.42,129.26,172.0,SHORT,77.0,aFRR
2026-01-25T12:15:00Z,67.67,74.59,-99.0,BALANCED,0,
2026-01-25T12:30:00Z,66.93,74.27,-26.0,BALANCED,0,
2026-01-25T12:45:00Z,68.36,134.96,498.0,SHORT,156.0,aFRR
2026-01-25T13:00:00Z,67.0,108.53,255.0,SHORT,197.0,mFRR
2026-01-25T13:15:00Z,69.54,76.02,79.0,BALANCED,0,
2026-01-25T13:30:00Z,32.02,75.65,-212.0,LONG,64.0,RR
2026-01-25T13:45:00Z,29.03,81.14,-391.0,LONG,289.0,aFRR
2026-01-25T14:00:00Z,14.41,76.46,-415.0,LONG,192.0,mFRR
2026-01-25T14:15:00Z,67.03,144.79,385.0,SHORT,198.0,RR
2026-01-25T14:30:00Z,63.01,127.16,142.0,SHORT,67.0,aFRR
2026-01-25T14:45:00Z,68.75,76.45,36.0,BALANCED,0,
2026-01-25T15:00:00Z,40.58,75.73,-228.0,LONG,107.0,RR
2026-01-25T15:15:00Z,-2.46,78.9,-669.0,LONG,348.0,RR
2026-01-25T15:30:00Z,71.17,77.29,-45.0,BALANCED,0,
2026-01-25T15:45:00Z,66.89,121.57,272.0,SHORT,215.0,aFRR
2026-01-25T16:00:00Z,65.8,120.17,272.0,SHORT,90.0,aFRR
2026-01-25T16:15:00Z,10.41,77.94,-514.0,LONG,369.0,RR
2026-01-25T16:30:00Z,57.19,79.23,-159.0,LONG,67.0,RR
2026-01-25T16:45:00Z,64.1,97.07,209.0,SHORT,145.0,aFRR
2026-01-25T17:00:00Z,37.19,71.91,-287.0,LONG,188.0,mFRR
2026-01-25T17:15:00Z,73.05,135.4,300.0,SHORT,200.0,mFRR
2026-01-25T17:30:00Z,66.35,73.8,-54.0,BALANCED,0,
2026-01-25T17:45:00Z,62.41,130.56,435.0,SHORT,299.0,RR
2026-01-25T18:00:00Z,66.76,78.96,-94.0,BALANCED,0,
2026-01-25T18:15:00Z,6.86,78.06,-597.0,LONG,195.0,mFRR
2026-01-25T18:30:00Z,70.25,76.0,-8.0,BALANCED,0,
2026-01-25T18:45:00Z,68.2,109.05,298.0,SHORT,107.0,RR
2026-01-25T19:00:00Z,19.26,76.53,-426.0,LONG,138.0,RR
2026-01-25T19:15:00Z,63.82,157.95,610.0,SHORT,189.0,RR
2026-01-25T19:30:00Z,63.18,114.84,129.0,SHORT,66.0,RR
2026-01-25T19:45:00Z,71.91,74.28,63.0,BALANCED,0,
2026-01-25T20:00:00Z,71.94,161.4,502.0,SHORT,177.0,aFRR
2026-01-25T20:15:00Z,63.85,86.68,118.0,SHORT,72.0,RR
2026-01-25T20:30:00Z,67.61,74.48,-65.0,BALANCED,0,
2026-01-25T20:45:00Z,66.83,88.4,201.0,SHORT,107.0,mFRR
2026-01-25T21:00:00Z,31.49,81.69,-301.0,LONG,211.0,RR
2026-01-25T21:15:00Z,70.51,75.27,52.0,BALANCED,0,
2026-01-25T21:30:00Z,3.14,78.5,-429.0,LONG,185.0,aFRR
2026-01-25T21:45:00Z,69.83,73.36,-7.0,BALANCED,0,
2026-01-25T22:00:00Z,69.7,75.2,85.0,BALANCED,0,
2026-01-25T22:15:00Z,71.23,73.17,53.0,BALANCED,0,
2026-01-25T22:30:00Z,64.59,76.68,-97.0,BALANCED,0,
2026-01-25T22:45:00Z,50.1,76.17,-128.0,LONG,74.0,RR
2026-01-25T23:00:00Z,66.99,140.65,503.0,SHORT,317.0,aFRR
2026-01-25T23:15:00Z,68.64,88.79,101.0,SHORT,68.0,aFRR
2026-01-25T23:30:00Z,23.92,72.78,-522.0,LONG,410.0,aFRR
2026-01-25T23:45:00Z,70.54,74.27,33.0,BALANCED,0,
2026-01-26T00:00:00Z,70.64,77.93,55.0,BALANCED,0,
2026-01-26T00:15:00Z,71.07,114.95,110.0,SHORT,50.0,mFRR
2026-01-26T00:30:00Z,69.78,147.53,338.0,SHORT,134.0,mFRR
2026-01-26T00:45:00Z,67.98,92.98,169.0,SHORT,52.0,mFRR
2026-01-26T01:00:00Z,30.31,78.51,-236.0,LONG,83.0,aFRR
2026-01-26T01:15:00Z,69.3,73.8,50.0,BALANCED,0,
2026-01-26T01:30:00Z,23.46,78.5,-457.0,LONG,251.0,mFRR
2026-01-26T01:45:00Z,-12.56,77.59,-755.0,LONG,258.0,RR
2026-01-26T02:00:00Z,69.51,73.05,-96.0,BALANCED,0,
2026-01-26T02:15:00Z,66.3,107.76,103.0,SHORT,66.0,mFRR
2026-01-26T02:30:00Z,45.83,75.39,-295.0,LONG,129.0,mFRR
2026-01-26T02:45:00Z,67.01,73.54,91.0,BALANCED,0,
2026-01-26T03:00:00Z,74.16,74.43,86.0,BALANCED,0,
2026-01-26T03:15:00Z,49.76,75.71,-174.0,LONG,82.0,RR
2026-01-26T03:30:00Z,69.16,76.75,-9.0,BALANCED,0,
2026-01-26T03:45:00Z,66.9,77.97,-47.0,BALANCED,0,
2026-01-26T04:00:00Z,62.36,139.14,166.0,SHORT,105.0,mFRR
2026-01-26T04:15:00Z,70.03,120.55,269.0,SHORT,170.0,mFRR
2026-01-26T04:30:00Z,33.28,77.97,-254.0,LONG,155.0,RR
2026-01-26T04:45:00Z,66.18,131.84,554.0,SHORT,383.0,mFRR
2026-01-26T05:00:00Z,71.98,97.68,177.0,SHORT,90.0,RR
2026-01-26T05:15:00Z,67.51,117.36,179.0,SHORT,138.0,mFRR
2026-01-26T05:30:00Z,42.33,82.83,-150.0,LONG,56.0,RR
2026-01-26T05:45:00Z,69.72,116.23,227.0,SHORT,165.0,aFRR
2026-01-26T06:00:00Z,66.56,87.47,143.0,SHORT,57.0,mFRR
2026-01-26T06:15:00Z,28.25,74.47,-331.0,LONG,169.0,mFRR
2026-01-26T06:30:00Z,69.83,82.89,2.0,BALANCED,0,
2026-01-26T06:45:00Z,67.85,69.37,91.0,BALANCED,0,
2026-01-26T07:00:00Z,67.19,120.7,295.0,SHORT,155.0,aFRR
2026-01-26T07:15:00Z,40.15,73.23,-196.0,LONG,82.0,mFRR
2026-01-26T07:30:00Z,66.95,75.98,54.0,BALANCED,0,
2026-01-26T07:45:00Z,67.24,74.53,-127.0,LONG,62.0,aFRR
2026-01-26T08:00:00Z,69.61,76.19,97.0,BALANCED,0,
2026-01-26T08:15:00Z,13.28,76.76,-345.0,LONG,270.0,RR
2026-01-26T08:30:00Z,69.92,75.19,-6.0,BALANCED,0,
2026-01-26T08:45:00Z,71.65,75.32,81.0,BALANCED,0,
2026-01-26T09:00:00Z,62.72,164.62,332.0,SHORT,156.0,aFRR
2026-01-26T09:15:00Z,71.9,138.34,362.0,SHORT,141.0,mFRR
2026-01-26T09:30:00Z,66.93,103.13,145.0,SHORT,87.0,aFRR
2026-01-26T09:45:00Z,27.29,76.04,-444.0,LONG,314.0,aFRR
2026-01-26T10:00:00Z,51.8,79.65,-248.0,LONG,118.0,mFRR
2026-01-26T10:15:00Z,70.69,107.83,116.0,SHORT,62.0,aFRR
2026-01-26T10:30:00Z,44.56,77.33,-136.0,LONG,58.0,mFRR
2026-01-26T10:45:00Z,67.09,120.26,328.0,SHORT,103.0,aFRR
2026-01-26T11:00:00Z,49.03,77.45,-161.0,LONG,103.0,mFRR
2026-01-26T11:15:00Z,67.63,115.84,122.0,SHORT,74.0,RR
2026-01-26T11:30:00Z,72.98,73.89,61.0,BALANCED,0,
2026-01-26T11:45:00Z,29.52,74.19,-342.0,LONG,163.0,mFRR
2026-01-26T12:00:00Z,68.44,129.63,297.0,SHORT,139.0,RR
2026-01-26T12:15:00Z,67.24,171.98,527.0,SHORT,277.0,mFRR
2026-01-26T12:30:00Z,69.99,74.61,-55.0,BALANCED,0,
2026-01-26T12:45:00Z,65.74,105.06,433.0,SHORT,200.0,aFRR
2026-01-26T13:00:00Z,65.72,116.58,177.0,SHORT,81.0,aFRR
2026-01-26T13:15:00Z,68.14,132.2,164.0,SHORT,58.0,RR
2026-01-26T13:30:00Z,71.13,80.38,8.0,BALANCED,0,
2026-01-26T13:45:00Z,58.67,74.7,-181.0,LONG,139.0,mFRR
2026-01-26T14:00:00Z,-13.06,77.75,-778.0,LONG,454.0,RR
2026-01-26T14:15:00Z,68.4,75.41,72.0,BALANCED,0,
2026-01-26T14:30:00Z,66.74,123.78,319.0,SHORT,159.0,aFRR
2026-01-26T14:45:00Z,72.27,78.27,68.0,BALANCED,0,
2026-01-26T15:00:00Z,61.41,133.57,137.0,SHORT,94.0,RR
2026-01-26T15:15:00Z,67.15,73.75,67.0,BALANCED,0,
2026-01-26T15:30:00Z,72.02,92.28,268.0,SHORT,184.0,aFRR
2026-01-26T15:45:00Z,20.58,77.49,-392.0,LONG,220.0,RR
2026-01-26T16:00:00Z,71.6,145.58,622.0,SHORT,366.0,aFRR
2026-01-26T16:15:00Z,69.0,99.8,293.0,SHORT,192.0,mFRR
2026-01-26T16:30:00Z,68.3,76.42,63.0,BALANCED,0,
2026-01-26T16:45:00Z,30.16,75.98,-210.0,LONG,72.0,RR
2026-01-26T17:00:00Z,66.11,128.13,208.0,SHORT,105.0,mFRR
2026-01-26T17:15:00Z,67.43,88.19,136.0,SHORT,67.0,RR
2026-01-26T17:30:00Z,67.04,76.17,-35.0,BALANCED,0,
2026-01-26T17:45:00Z,66.24,137.01,455.0,SHORT,193.0,aFRR
2026-01-26T18:00:00Z,35.21,75.31,-248.0,LONG,147.0,aFRR
2026-01-26T18:15:00Z,24.25,76.44,-183.0,LONG,115.0,aFRR
2026-01-26T18:30:00Z,68.53,163.98,556.0,SHORT,313.0,aFRR
2026-01-26T18:45:00Z,49.85,74.36,-173.0,LONG,120.0,mFRR
2026-01-26T19:00:00Z,67.49,75.65,9.0,BALANCED,0,
2026-01-26T19:15:00Z,41.46,77.88,-276.0,LONG,119.0,mFRR
2026-01-26T19:30:00Z,69.5,72.53,-88.0,BALANCED,0,
2026-01-26T19:45:00Z,35.92,71.24,-255.0,LONG,90.0,mFRR
2026-01-26T20:00:00Z,69.11,104.99,118.0,SHORT,57.0,RR
2026-01-26T20:15:00Z,21.12,78.09,-361.0,LONG,182.0,mFRR
2026-01-26T20:30:00Z,65.81,101.15,380.0,SHORT,211.0,mFRR
2026-01-26T20:45:00Z,-7.51,78.03,-679.0,LONG,493.0,mFRR
2026-01-26T21:00:00Z,68.95,72.43,57.0,BALANCED,0,
2026-01-26T21:15:00Z,41.51,76.13,-107.0,LONG,33.0,RR
2026-01-26T21:30:00Z,24.54,77.8,-292.0,LONG,209.0,RR
2026-01-26T21:45:00Z,72.99,129.22,278.0,SHORT,182.0,mFRR
2026-01-26T22:00:00Z,20.12,79.25,-379.0,LONG,117.0,RR
2026-01-26T22:15:00Z,62.28,166.75,627.0,SHORT,369.0,aFRR
2026-01-26T22:30:00Z,69.29,101.69,158.0,SHORT,100.0,mFRR
2026-01-26T22:45:00Z,31.19,80.85,-357.0,LONG,253.0,RR
2026-01-26T23:00:00Z,71.53,74.54,19.0,BALANCED,0,
2026-01-26T23:15:00Z,55.21,75.46,-110.0,LONG,74.0,RR
2026-01-26T23:30:00Z,70.19,138.63,350.0,SHORT,188.0,mFRR
2026-01-26T23:45:00Z,70.89,75.39,-57.0,BALANCED,0,
2026-01-27T00:00:00Z,66.17,76.66,34.0,BALANCED,0,
2026-01-27T00:15:00Z,69.99,101.08,139.0,SHORT,73.0,aFRR
2026-01-27T00:30:00Z,69.45,139.61,279.0,SHORT,145.0,aFRR
2026-01-27T00:45:00Z,67.49,75.55,28.0,BALANCED,0,
2026-01-27T01:00:00Z,67.81,116.24,270.0,SHORT,104.0,aFRR
2026-01-27T01:15:00Z,69.27,122.96,423.0,SHORT,293.0,RR
2026-01-27T01:30:00Z,71.11,111.12,111.0,SHORT,53.0,aFRR
2026-01-27T01:45:00Z,69.33,78.03,-63.0,BALANCED,0,
2026-01-27T02:00:00Z,25.52,77.25,-306.0,LONG,200.0,aFRR
2026-01-27T02:15:00Z,71.81,77.93,-61.0,BALANCED,0,
2026-01-27T02:30:00Z,63.71,122.75,212.0,SHORT,98.0,RR
2026-01-27T02:45:00Z,7.05,79.31,-515.0,LONG,241.0,aFRR
2026-01-27T03:00:00Z,19.28,77.7,-326.0,LONG,125.0,mFRR
2026-01-27T03:15:00Z,68.78,75.5,-31.0,BALANCED,0,
2026-01-27T03:30:00Z,68.77,75.06,-7.0,BALANCED,0,
2026-01-27T03:45:00Z,68.62,76.42,-18.0,BALANCED,0,
2026-01-27T04:00:00Z,67.81,120.57,270.0,SHORT,183.0,mFRR
2026-01-27T04:15:00Z,-20.68,75.42,-752.0,LONG,343.0,aFRR
2026-01-27T04:30:00Z,26.46,75.49,-400.0,LONG,165.0,RR
2026-01-27T04:45:00Z,53.01,77.56,-110.0,LONG,76.0,mFRR
2026-01-27T05:00:00Z,63.24,123.49,324.0,SHORT,171.0,mFRR
2026-01-27T05:15:00Z,72.43,70.81,64.0,BALANCED,0,
2026-01-27T05:30:00Z,68.66,73.39,36.0,BALANCED,0,
2026-01-27T05:45:00Z,71.56,100.74,197.0,SHORT,96.0,aFRR
2026-01-27T06:00:00Z,63.68,124.86,228.0,SHORT,114.0,mFRR
2026-01-27T06:15:00Z,66.5,143.69,354.0,SHORT,271.0,mFRR
2026-01-27T06:30:00Z,59.81,77.57,-146.0,LONG,57.0,mFRR
2026-01-27T06:45:00Z,70.32,151.62,350.0,SHORT,133.0,mFRR
2026-01-27T07:00:00Z,63.7,113.55,342.0,SHORT,262.0,RR
2026-01-27T07:15:00Z,70.12,77.86,78.0,BALANCED,0,
2026-01-27T07:30:00Z,66.51,139.12,167.0,SHORT,85.0,mFRR
2026-01-27T07:45:00Z,24.24,79.99,-337.0,LONG,130.0,RR
2026-01-27T08:00:00Z,68.67,71.92,83.0,BALANCED,0,
2026-01-27T08:15:00Z,68.99,132.28,268.0,SHORT,134.0,aFRR
2026-01-27T08:30:00Z,38.4,71.64,-268.0,LONG,123.0,mFRR
2026-01-27T08:45:00Z,42.66,81.4,-121.0,LONG,38.0,aFRR
2026-01-27T09:00:00Z,69.45,72.4,85.0,BALANCED,0,
2026-01-27T09:15:00Z,68.26,74.54,75.0,BALANCED,0,
2026-01-27T09:30:00Z,47.52,79.42,-236.0,LONG,128.0,RR
2026-01-27T09:45:00Z,70.75,119.66,101.0,SHORT,41.0,mFRR
2026-01-27T10:00:00Z,63.73,118.53,273.0,SHORT,217.0,mFRR
2026-01-27T10:15:00Z,5.63,76.57,-514.0,LONG,218.0,mFRR
2026-01-27T10:30:00Z,73.04,123.82,368.0,SHORT,170.0,aFRR
2026-01-27T10:45:00Z,22.9,79.71,-598.0,LONG,286.0,mFRR
2026-01-27T11:00:00Z,4.08,70.84,-474.0,LONG,338.0,aFRR
2026-01-27T11:15:00Z,71.1,70.15,22.0,BALANCED,0,
2026-01-27T11:30:00Z,-17.44,73.34,-746.0,LONG,461.0,aFRR
2026-01-27T11:45:00Z,59.92,120.66,387.0,SHORT,187.0,mFRR
2026-01-27T12:00:00Z,65.75,95.65,423.0,SHORT,226.0,aFRR
2026-01-27T12:15:00Z,38.22,73.34,-170.0,LONG,108.0,mFRR
2026-01-27T12:30:00Z,45.4,72.73,-213.0,LONG,73.0,aFRR
2026-01-27T12:45:00Z,39.24,74.19,-271.0,LONG,160.0,mFRR
2026-01-27T13:00:00Z,68.25,75.02,55.0,BALANCED,0,
2026-01-27T13:15:00Z,70.94,72.8,-73.0,BALANCED,0,
2026-01-27T13:30:00Z,71.05,76.86,-54.0,BALANCED,0,
2026-01-27T13:45:00Z,46.03,77.81,-109.0,LONG,56.0,aFRR
2026-01-27T14:00:00Z,66.91,74.82,-65.0,BALANCED,0,
2026-01-27T14:15:00Z,69.17,136.61,173.0,SHORT,75.0,RR
2026-01-27T14:30:00Z,64.89,140.38,470.0,SHORT,223.0,aFRR
2026-01-27T14:45:00Z,18.5,76.28,-537.0,LONG,343.0,aFRR
2026-01-27T15:00:00Z,67.81,106.54,196.0,SHORT,155.0,mFRR
2026-01-27T15:15:00Z,65.94,76.91,40.0,BALANCED,0,
2026-01-27T15:30:00Z,27.51,77.27,-327.0,LONG,184.0,aFRR
2026-01-27T15:45:00Z,65.55,75.39,39.0,BALANCED,0,
2026-01-27T16:00:00Z,-4.49,75.73,-548.0,LONG,343.0,mFRR
2026-01-27T16:15:00Z,71.45,74.54,-7.0,BALANCED,0,
2026-01-27T16:30:00Z,67.19,77.71,76.0,BALANCED,0,
2026-01-27T16:45:00Z,59.49,79.24,-148.0,LONG,100.0,RR
2026-01-27T17:00:00Z,66.39,126.34,234.0,SHORT,161.0,mFRR
2026-01-27T17:15:00Z,64.95,124.22,221.0,SHORT,74.0,mFRR
2026-01-27T17:30:00Z,39.03,78.12,-181.0,LONG,109.0,aFRR
2026-01-27T17:45:00Z,69.44,79.32,91.0,BALANCED,0,
2026-01-27T18:00:00Z,40.18,73.11,-274.0,LONG,215.0,RR
2026-01-27T18:15:00Z,69.13,129.46,220.0,SHORT,121.0,mFRR
2026-01-27T18:30:00Z,28.3,76.41,-351.0,LONG,176.0,RR
2026-01-27T18:45:00Z,63.43,91.97,138.0,SHORT,93.0,aFRR
2026-01-27T19:00:00Z,69.71,72.97,-69.0,BALANCED,0,
2026-01-27T19:15:00Z,37.13,76.46,-211.0,LONG,167.0,aFRR
2026-01-27T19:30:00Z,57.96,116.24,426.0,SHORT,229.0,RR
2026-01-27T19:45:00Z,67.54,95.89,119.0,SHORT,78.0,aFRR
2026-01-27T20:00:00Z,65.23,140.53,430.0,SHORT,244.0,aFRR
2026-01-27T20:15:00Z,25.9,72.31,-324.0,LONG,197.0,mFRR
2026-01-27T20:30:00Z,67.4,72.86,88.0,BALANCED,0,
2026-01-27T20:45:00Z,49.67,74.47,-130.0,LONG,91.0,RR
2026-01-27T21:00:00Z,67.05,173.29,732.0,SHORT,496.0,aFRR
2026-01-27T21:15:00Z,68.29,74.72,-63.0,BALANCED,0,
2026-01-27T21:30:00Z,65.19,141.73,272.0,SHORT,85.0,aFRR
2026-01-27T21:45:00Z,71.47,75.37,-31.0,BALANCED,0,
2026-01-27T22:00:00Z,71.09,95.52,150.0,SHORT,82.0,mFRR
2026-01-27T22:15:00Z,67.23,151.04,326.0,SHORT,123.0,mFRR
2026-01-27T22:30:00Z,66.85,98.87,186.0,SHORT,64.0,RR
2026-01-27T22:45:00Z,11.67,77.88,-455.0,LONG,222.0,mFRR
2026-01-27T23:00:00Z,67.22,73.56,-82.0,BALANCED,0,
2026-01-27T23:15:00Z,62.98,109.71,100.0,SHORT,55.0,mFRR
2026-01-27T23:30:00Z,35.9,72.81,-226.0,LONG,106.0,RR
2026-01-27T23:45:00Z,67.33,73.1,19.0,BALANCED,0,
2026-01-28T00:00:00Z,64.17,119.85,145.0,SHORT,111.0,RR
2026-01-28T00:15:00Z,33.43,79.4,-238.0,LONG,153.0,mFRR
2026-01-28T00:30:00Z,69.23,73.41,41.0,BALANCED,0,
2026-01-28T00:45:00Z,67.95,75.98,88.0,BALANCED,0,
2026-01-28T01:00:00Z,13.87,71.72,-330.0,LONG,196.0,aFRR
2026-01-28T01:15:00Z,32.8,76.7,-344.0,LONG,150.0,mFRR
2026-01-28T01:30:00Z,28.97,79.17,-288.0,LONG,218.0,mFRR
2026-01-28T01:45:00Z,71.22,77.35,97.0,BALANCED,0,
2026-01-28T02:00:00Z,66.38,129.92,134.0,SHORT,78.0,RR
2026-01-28T02:15:00Z,70.54,75.28,100.0,BALANCED,0,
2026-01-28T02:30:00Z,67.35,83.63,154.0,SHORT,78.0,aFRR
2026-01-28T02:45:00Z,49.49,74.61,-214.0,LONG,67.0,aFRR
2026-01-28T03:00:00Z,66.7,129.73,419.0,SHORT,176.0,mFRR
2026-01-28T03:15:00Z,68.67,182.23,501.0,SHORT,367.0,aFRR
2026-01-28T03:30:00Z,68.53,117.43,492.0,SHORT,265.0,RR
2026-01-28T03:45:00Z,33.58,86.92,-107.0,LONG,67.0,mFRR
2026-01-28T04:00:00Z,71.11,72.13,12.0,BALANCED,0,
2026-01-28T04:15:00Z,65.77,144.29,414.0,SHORT,255.0,RR
2026-01-28T04:30:00Z,69.77,100.6,189.0,SHORT,89.0,mFRR
2026-01-28T04:45:00Z,21.94,79.63,-345.0,LONG,241.0,mFRR
2026-01-28T05:00:00Z,38.25,78.71,-207.0,LONG,160.0,RR
2026-01-28T05:15:00Z,62.04,117.58,142.0,SHORT,73.0,aFRR
2026-01-28T05:30:00Z,70.27,121.5,124.0,SHORT,49.0,RR
2026-01-28T05:45:00Z,58.84,76.64,-117.0,LONG,49.0,mFRR
2026-01-28T06:00:00Z,68.56,74.06,96.0,BALANCED,0,
2026-01-28T06:15:00Z,33.15,74.26,-301.0,LONG,227.0,aFRR
2026-01-28T06:30:00Z,25.96,79.81,-371.0,LONG,203.0,RR
2026-01-28T06:45:00Z,38.74,78.01,-280.0,LONG,124.0,aFRR
2026-01-28T07:00:00Z,68.63,75.17,-62.0,BALANCED,0,
2026-01-28T07:15:00Z,27.06,80.03,-270.0,LONG,138.0,RR
2026-01-28T07:30:00Z,55.2,74.69,-138.0,LONG,46.0,mFRR
2026-01-28T07:45:00Z,69.44,68.94,77.0,BALANCED,0,
2026-01-28T08:00:00Z,74.07,128.28,309.0,SHORT,127.0,aFRR
2026-01-28T08:15:00Z,69.1,75.68,35.0,BALANCED,0,
2026-01-28T08:30:00Z,70.7,194.0,775.0,SHORT,448.0,mFRR
2026-01-28T08:45:00Z,30.49,77.96,-218.0,LONG,108.0,aFRR
2026-01-28T09:00:00Z,70.76,73.4,93.0,BALANCED,0,
2026-01-28T09:15:00Z,66.52,128.1,101.0,SHORT,32.0,RR
2026-01-28T09:30:00Z,52.33,79.07,-153.0,LONG,75.0,mFRR
2026-01-28T09:45:00Z,65.72,115.78,229.0,SHORT,82.0,RR
2026-01-28T10:00:00Z,67.36,73.7,89.0,BALANCED,0,
2026-01-28T10:15:00Z,28.11,79.67,-264.0,LONG,113.0,aFRR
2026-01-28T10:30:00Z,40.78,77.99,-333.0,LONG,261.0,aFRR
2026-01-28T10:45:00Z,64.68,121.49,201.0,SHORT,106.0,mFRR
2026-01-28T11:00:00Z,43.73,81.28,-207.0,LONG,86.0,aFRR
2026-01-28T11:15:00Z,57.99,75.29,-131.0,LONG,77.0,RR
2026-01-28T11:30:00Z,72.26,76.8,-44.0,BALANCED,0,
2026-01-28T11:45:00Z,68.85,112.44,255.0,SHORT,170.0,RR
2026-01-28T12:00:00Z,40.84,78.49,-228.0,LONG,160.0,aFRR
2026-01-28T12:15:00Z,68.18,105.15,147.0,SHORT,75.0,aFRR
2026-01-28T12:30:00Z,65.96,117.9,437.0,SHORT,288.0,RR
2026-01-28T12:45:00Z,72.51,110.0,243.0,SHORT,146.0,RR
2026-01-28T13:00:00Z,20.57,76.36,-531.0,LONG,265.0,RR
2026-01-28T13:15:00Z,17.99,78.43,-471.0,LONG,290.0,mFRR
2026-01-28T13:30:00Z,68.75,117.93,185.0,SHORT,118.0,aFRR
2026-01-28T13:45:00Z,65.41,148.08,512.0,SHORT,344.0,mFRR
2026-01-28T14:00:00Z,70.13,75.58,-49.0,BALANCED,0,
2026-01-28T14:15:00Z,71.77,131.15,327.0,SHORT,121.0,mFRR
2026-01-28T14:30:00Z,66.53,76.24,-64.0,BALANCED,0,
2026-01-28T14:45:00Z,64.71,146.38,235.0,SHORT,98.0,aFRR
2026-01-28T15:00:00Z,70.54,76.26,140.0,SHORT,101.0,aFRR
2026-01-28T15:15:00Z,68.36,118.63,254.0,SHORT,103.0,RR
2026-01-28T15:30:00Z,64.87,145.33,355.0,SHORT,246.0,mFRR
2026-01-28T15:45:00Z,36.82,72.54,-380.0,LONG,175.0,mFRR
2026-01-28T16:00:00Z,47.81,74.81,-234.0,LONG,158.0,aFRR
2026-01-28T16:15:00Z,43.42,78.7,-176.0,LONG,133.0,RR
2026-01-28T16:30:00Z,71.32,120.52,102.0,SHORT,56.0,aFRR
2026-01-28T16:45:00Z,68.22,71.8,71.0,BALANCED,0,
2026-01-28T17:00:00Z,69.37,74.68,-21.0,BALANCED,0,
2026-01-28T17:15:00Z,63.83,93.78,150.0,SHORT,63.0,aFRR
2026-01-28T17:30:00Z,66.49,110.38,221.0,SHORT,99.0,RR
2026-01-28T17:45:00Z,58.44,93.87,245.0,SHORT,141.0,aFRR
2026-01-28T18:00:00Z,62.7,128.83,195.0,SHORT,89.0,RR
2026-01-28T18:15:00Z,-25.77,75.39,-974.0,LONG,562.0,mFRR
2026-01-28T18:30:00Z,67.53,73.05,98.0,BALANCED,0,
2026-01-28T18:45:00Z,64.24,123.56,391.0,SHORT,187.0,aFRR
2026-01-28T19:00:00Z,71.96,77.01,14.0,BALANCED,0,
2026-01-28T19:15:00Z,69.81,135.87,356.0,SHORT,210.0,mFRR
2026-01-28T19:30:00Z,66.77,110.28,339.0,SHORT,256.0,RR
2026-01-28T19:45:00Z,71.45,73.06,-96.0,BALANCED,0,
2026-01-28T20:00:00Z,60.01,138.43,219.0,SHORT,87.0,mFRR
2026-01-28T20:15:00Z,69.81,74.35,-48.0,BALANCED,0,
2026-01-28T20:30:00Z,67.57,123.15,350.0,SHORT,249.0,RR
2026-01-28T20:45:00Z,69.22,75.22,-99.0,BALANCED,0,
2026-01-28T21:00:00Z,13.38,78.28,-406.0,LONG,299.0,mFRR
2026-01-28T21:15:00Z,67.08,125.9,442.0,SHORT,151.0,aFRR
2026-01-28T21:30:00Z,63.53,75.97,-86.0,BALANCED,0,
2026-01-28T21:45:00Z,71.91,73.57,-29.0,BALANCED,0,
2026-01-28T22:00:00Z,40.13,73.73,-129.0,LONG,78.0,mFRR
2026-01-28T22:15:00Z,62.26,99.67,259.0,SHORT,170.0,mFRR
2026-01-28T22:30:00Z,63.7,131.18,482.0,SHORT,368.0,RR
2026-01-28T22:45:00Z,54.57,74.36,-180.0,LONG,85.0,mFRR
2026-01-28T23:00:00Z,72.39,74.46,53.0,BALANCED,0,
2026-01-28T23:15:00Z,71.52,131.4,369.0,SHORT,210.0,aFRR
2026-01-28T23:30:00Z,65.79,75.16,91.0,BALANCED,0,
2026-01-28T23:45:00Z,69.46,96.13,229.0,SHORT,182.0,mFRR
2026-01-29T00:00:00Z,68.76,74.39,-95.0,BALANCED,0,
2026-01-29T00:15:00Z,69.49,88.64,163.0,SHORT,104.0,RR
2026-01-29T00:30:00Z,64.51,123.82,324.0,SHORT,227.0,aFRR
2026-01-29T00:45:00Z,39.08,75.02,-173.0,LONG,95.0,aFRR
2026-01-29T01:00:00Z,49.7,79.68,-151.0,LONG,119.0,mFRR
2026-01-29T01:15:00Z,22.77,69.35,-469.0,LONG,220.0,aFRR
2026-01-29T01:30:00Z,47.62,80.99,-149.0,LONG,82.0,aFRR
2026-01-29T01:45:00Z,57.44,76.07,-119.0,LONG,50.0,RR
2026-01-29T02:00:00Z,67.22,77.63,-97.0,BALANCED,0,
2026-01-29T02:15:00Z,68.42,75.82,43.0,BALANCED,0,
2026-01-29T02:30:00Z,65.83,73.65,-39.0,BALANCED,0,
2026-01-29T02:45:00Z,62.7,135.06,183.0,SHORT,101.0,mFRR
2026-01-29T03:00:00Z,6.27,73.3,-432.0,LONG,331.0,RR
2026-01-29T03:15:00Z,69.77,134.52,357.0,SHORT,232.0,aFRR
2026-01-29T03:30:00Z,27.92,75.14,-321.0,LONG,115.0,aFRR
2026-01-29T03:45:00Z,69.88,126.49,324.0,SHORT,203.0,RR
2026-01-29T04:00:00Z,53.47,81.63,-216.0,LONG,157.0,mFRR
2026-01-29T04:15:00Z,69.97,139.27,446.0,SHORT,339.0,aFRR
2026-01-29T04:30:00Z,38.72,79.08,-216.0,LONG,149.0,mFRR
2026-01-29T04:45:00Z,68.47,126.57,365.0,SHORT,113.0,RR
2026-01-29T05:00:00Z,67.97,121.57,634.0,SHORT,427.0,mFRR
2026-01-29T05:15:00Z,64.36,181.38,533.0,SHORT,375.0,aFRR
2026-01-29T05:30:00Z,34.35,82.74,-249.0,LONG,187.0,mFRR
2026-01-29T05:45:00Z,37.31,79.8,-319.0,LONG,132.0,mFRR
2026-01-29T06:00:00Z,34.34,75.03,-235.0,LONG,79.0,aFRR
2026-01-29T06:15:00Z,52.3,81.35,-134.0,LONG,78.0,mFRR
2026-01-29T06:30:00Z,60.04,137.87,323.0,SHORT,186.0,RR
2026-01-29T06:45:00Z,69.92,155.71,541.0,SHORT,190.0,mFRR
2026-01-29T07:00:00Z,69.6,124.83,150.0,SHORT,99.0,RR
2026-01-29T07:15:00Z,71.6,133.54,365.0,SHORT,205.0,aFRR
2026-01-29T07:30:00Z,67.81,101.57,287.0,SHORT,156.0,aFRR
2026-01-29T07:45:00Z,68.66,76.05,-83.0,BALANCED,0,
2026-01-29T08:00:00Z,67.42,123.4,438.0,SHORT,162.0,RR
2026-01-29T08:15:00Z,17.9,79.26,-558.0,LONG,189.0,aFRR
2026-01-29T08:30:00Z,36.67,82.68,-167.0,LONG,125.0,aFRR
2026-01-29T08:45:00Z,67.04,76.81,65.0,BALANCED,0,
2026-01-29T09:00:00Z,24.66,76.96,-332.0,LONG,213.0,aFRR
2026-01-29T09:15:00Z,67.23,103.8,147.0,SHORT,48.0,mFRR
2026-01-29T09:30:00Z,70.84,73.64,-23.0,BALANCED,0,
2026-01-29T09:45:00Z,33.11,77.28,-306.0,LONG,245.0,aFRR
2026-01-29T10:00:00Z,53.17,73.37,-141.0,LONG,97.0,RR
2026-01-29T10:15:00Z,67.16,71.52,-86.0,BALANCED,0,
2026-01-29T10:30:00Z,28.95,75.5,-449.0,LONG,308.0,aFRR
2026-01-29T10:45:00Z,66.85,158.33,600.0,SHORT,312.0,mFRR
2026-01-29T11:00:00Z,67.61,77.01,16.0,BALANCED,0,
2026-01-29T11:15:00Z,70.11,76.71,-27.0,BALANCED,0,
2026-01-29T11:30:00Z,72.75,106.97,133.0,SHORT,100.0,RR
2026-01-29T11:45:00Z,50.67,73.24,-117.0,LONG,79.0,mFRR
2026-01-29T12:00:00Z,47.82,81.08,-203.0,LONG,150.0,mFRR
2026-01-29T12:15:00Z,25.73,72.97,-263.0,LONG,168.0,aFRR
2026-01-29T12:30:00Z,68.63,113.63,106.0,SHORT,71.0,aFRR
2026-01-29T12:45:00Z,70.07,76.02,-16.0,BALANCED,0,
2026-01-29T13:00:00Z,66.96,76.45,-60.0,BALANCED,0,
2026-01-29T13:15:00Z,54.73,75.36,-135.0,LONG,58.0,mFRR
2026-01-29T13:30:00Z,40.57,80.39,-220.0,LONG,102.0,RR
2026-01-29T13:45:00Z,68.96,113.94,206.0,SHORT,161.0,aFRR
2026-01-29T14:00:00Z,68.32,131.74,294.0,SHORT,150.0,RR
2026-01-29T14:15:00Z,59.01,104.53,153.0,SHORT,81.0,mFRR
2026-01-29T14:30:00Z,53.3,73.83,-181.0,LONG,102.0,aFRR
2026-01-29T14:45:00Z,29.03,73.53,-385.0,LONG,239.0,aFRR
2026-01-29T15:00:00Z,56.53,78.05,-151.0,LONG,55.0,mFRR
2026-01-29T15:15:00Z,38.24,78.66,-197.0,LONG,63.0,aFRR
2026-01-29T15:30:00Z,34.69,82.26,-229.0,LONG,100.0,RR
2026-01-29T15:45:00Z,64.68,105.4,202.0,SHORT,62.0,aFRR
2026-01-29T16:00:00Z,30.14,76.11,-358.0,LONG,249.0,aFRR
2026-01-29T16:15:00Z,74.32,102.41,311.0,SHORT,214.0,mFRR
2026-01-29T16:30:00Z,70.76,96.4,159.0,SHORT,122.0,mFRR
2026-01-29T16:45:00Z,70.15,75.56,46.0,BALANCED,0,
2026-01-29T17:00:00Z,54.53,75.67,-181.0,LONG,61.0,RR
2026-01-29T17:15:00Z,11.38,77.38,-423.0,LONG,184.0,RR
2026-01-29T17:30:00Z,68.96,109.27,328.0,SHORT,197.0,mFRR
2026-01-29T17:45:00Z,66.69,123.83,252.0,SHORT,132.0,mFRR
2026-01-29T18:00:00Z,18.02,76.16,-480.0,LONG,311.0,aFRR
2026-01-29T18:15:00Z,68.25,107.24,120.0,SHORT,69.0,aFRR
2026-01-29T18:30:00Z,8.41,77.47,-570.0,LONG,412.0,RR
2026-01-29T18:45:00Z,72.23,73.4,-19.0,BALANCED,0,
2026-01-29T19:00:00Z,69.5,76.88,-60.0,BALANCED,0,
2026-01-29T19:15:00Z,68.12,111.43,133.0,SHORT,53.0,mFRR
2026-01-29T19:30:00Z,24.38,79.25,-305.0,LONG,225.0,RR
2026-01-29T19:45:00Z,66.73,125.09,200.0,SHORT,158.0,mFRR
2026-01-29T20:00:00Z,12.19,76.98,-538.0,LONG,233.0,aFRR
2026-01-29T20:15:00Z,31.35,73.84,-159.0,LONG,64.0,aFRR
2026-01-29T20:30:00Z,51.12,81.45,-199.0,LONG,78.0,RR
2026-01-29T20:45:00Z,65.75,101.06,302.0,SHORT,177.0,mFRR
2026-01-29T21:00:00Z,-7.09,78.52,-720.0,LONG,451.0,aFRR
2026-01-29T21:15:00Z,15.79,74.41,-246.0,LONG,137.0,mFRR
2026-01-29T21:30:00Z,34.05,75.44,-210.0,LONG,135.0,aFRR
2026-01-29T21:45:00Z,43.93,76.83,-221.0,LONG,149.0,RR
2026-01-29T22:00:00Z,6.81,73.11,-359.0,LONG,235.0,aFRR
2026-01-29T22:15:00Z,71.46,73.99,18.0,BALANCED,0,
2026-01-29T22:30:00Z,69.09,76.47,11.0,BALANCED,0,
2026-01-29T22:45:00Z,66.45,127.59,370.0,SHORT,140.0,mFRR
2026-01-29T23:00:00Z,68.79,121.02,220.0,SHORT,159.0,RR
2026-01-29T23:15:00Z,2.29,77.45,-523.0,LONG,236.0,mFRR
2026-01-29T23:30:00Z,67.46,101.37,365.0,SHORT,272.0,RR
2026-01-29T23:45:00Z,71.31,76.12,29.0,BALANCED,0,
2026-01-30T00:00:00Z,67.2,74.75,21.0,BALANCED,0,
2026-01-30T00:15:00Z,40.64,81.1,-164.0,LONG,78.0,RR
2026-01-30T00:30:00Z,63.53,143.77,440.0,SHORT,266.0,mFRR
2026-01-30T00:45:00Z,69.9,74.28,62.0,BALANCED,0,
2026-01-30T01:00:00Z,66.22,74.19,-99.0,BALANCED,0,
2026-01-30T01:15:00Z,23.42,79.2,-346.0,LONG,146.0,mFRR
2026-01-30T01:30:00Z,-23.13,79.76,-751.0,LONG,499.0,aFRR
2026-01-30T01:45:00Z,66.69,76.92,-4.0,BALANCED,0,
2026-01-30T02:00:00Z,62.1,136.3,254.0,SHORT,193.0,mFRR
2026-01-30T02:15:00Z,18.57,77.36,-458.0,LONG,145.0,mFRR
2026-01-30T02:30:00Z,4.2,75.8,-439.0,LONG,132.0,aFRR
2026-01-30T02:45:00Z,37.06,74.88,-205.0,LONG,127.0,aFRR
2026-01-30T03:00:00Z,67.29,117.94,351.0,SHORT,109.0,aFRR
2026-01-30T03:15:00Z,62.0,114.6,199.0,SHORT,128.0,RR
2026-01-30T03:30:00Z,61.43,131.89,462.0,SHORT,304.0,RR
2026-01-30T03:45:00Z,24.84,72.57,-308.0,LONG,119.0,mFRR
2026-01-30T04:00:00Z,68.66,125.26,209.0,SHORT,129.0,mFRR
2026-01-30T04:15:00Z,40.25,76.51,-360.0,LONG,283.0,mFRR
2026-01-30T04:30:00Z,67.34,127.49,392.0,SHORT,140.0,RR
2026-01-30T04:45:00Z,26.66,72.72,-420.0,LONG,129.0,mFRR
2026-01-30T05:00:00Z,68.13,149.63,276.0,SHORT,103.0,mFRR
2026-01-30T05:15:00Z,66.28,170.54,568.0,SHORT,317.0,mFRR
2026-01-30T05:30:00Z,15.72,79.73,-313.0,LONG,110.0,RR
2026-01-30T05:45:00Z,70.66,76.3,-8.0,BALANCED,0,
2026-01-30T06:00:00Z,26.7,79.31,-331.0,LONG,260.0,mFRR
2026-01-30T06:15:00Z,26.35,82.5,-369.0,LONG,236.0,RR
2026-01-30T06:30:00Z,66.34,88.57,178.0,SHORT,124.0,RR
2026-01-30T06:45:00Z,45.1,75.92,-157.0,LONG,98.0,aFRR
2026-01-30T07:00:00Z,44.06,78.79,-252.0,LONG,137.0,mFRR
2026-01-30T07:15:00Z,61.88,116.3,340.0,SHORT,137.0,aFRR
2026-01-30T07:30:00Z,68.14,153.65,431.0,SHORT,193.0,RR
2026-01-30T07:45:00Z,66.38,76.01,43.0,BALANCED,0,
2026-01-30T08:00:00Z,71.2,75.56,-90.0,BALANCED,0,
2026-01-30T08:15:00Z,69.59,75.45,-51.0,BALANCED,0,
2026-01-30T08:30:00Z,22.8,76.95,-521.0,LONG,252.0,aFRR
2026-01-30T08:45:00Z,24.79,78.86,-355.0,LONG,222.0,RR
2026-01-30T09:00:00Z,64.57,130.13,301.0,SHORT,144.0,aFRR
2026-01-30T09:15:00Z,63.43,95.15,133.0,SHORT,87.0,aFRR
2026-01-30T09:30:00Z,62.39,140.26,534.0,SHORT,388.0,aFRR
2026-01-30T09:45:00Z,67.57,71.28,63.0,BALANCED,0,
2026-01-30T10:00:00Z,47.81,77.37,-144.0,LONG,72.0,aFRR
2026-01-30T10:15:00Z,63.45,131.62,312.0,SHORT,232.0,mFRR
2026-01-30T10:30:00Z,61.17,150.99,185.0,SHORT,80.0,aFRR
2026-01-30T10:45:00Z,59.46,95.86,249.0,SHORT,195.0,aFRR
2026-01-30T11:00:00Z,23.55,78.71,-392.0,LONG,257.0,RR
2026-01-30T11:15:00Z,65.31,138.25,347.0,SHORT,147.0,aFRR
2026-01-30T11:30:00Z,48.27,75.89,-170.0,LONG,99.0,aFRR
2026-01-30T11:45:00Z,66.58,74.55,19.0,BALANCED,0,
2026-01-30T12:00:00Z,66.81,132.55,180.0,SHORT,88.0,aFRR
2026-01-30T12:15:00Z,47.97,78.53,-119.0,LONG,78.0,RR
2026-01-30T12:30:00Z,66.49,134.7,307.0,SHORT,156.0,RR
2026-01-30T12:45:00Z,49.0,73.73,-112.0,LONG,54.0,aFRR
2026-01-30T13:00:00Z,70.1,78.64,-29.0,BALANCED,0,
2026-01-30T13:15:00Z,70.5,117.06,283.0,SHORT,164.0,mFRR
2026-01-30T13:30:00Z,65.97,221.32,974.0,SHORT,416.0,mFRR
2026-01-30T13:45:00Z,70.55,76.71,39.0,BALANCED,0,
2026-01-30T14:00:00Z,63.31,116.9,186.0,SHORT,97.0,mFRR
2026-01-30T14:15:00Z,67.83,117.46,233.0,SHORT,106.0,mFRR
2026-01-30T14:30:00Z,59.4,78.73,-237.0,LONG,85.0,aFRR
2026-01-30T14:45:00Z,66.09,91.16,107.0,SHORT,75.0,mFRR
2026-01-30T15:00:00Z,67.94,149.61,223.0,SHORT,114.0,aFRR
2026-01-30T15:15:00Z,28.81,73.66,-536.0,LONG,241.0,mFRR
2026-01-30T15:30:00Z,68.31,72.56,-62.0,BALANCED,0,
2026-01-30T15:45:00Z,71.92,73.14,-4.0,BALANCED,0,
2026-01-30T16:00:00Z,67.74,113.48,194.0,SHORT,151.0,RR
2026-01-30T16:15:00Z,66.83,138.24,191.0,SHORT,103.0,RR
2026-01-30T16:30:00Z,64.67,103.19,235.0,SHORT,151.0,mFRR
2026-01-30T16:45:00Z,36.73,77.81,-168.0,LONG,64.0,mFRR
2026-01-30T17:00:00Z,32.19,74.49,-260.0,LONG,115.0,mFRR
2026-01-30T17:15:00Z,-12.32,74.81,-574.0,LONG,209.0,mFRR
2026-01-30T17:30:00Z,33.65,79.35,-308.0,LONG,245.0,RR
2026-01-30T17:45:00Z,68.06,115.25,184.0,SHORT,70.0,mFRR
2026-01-30T18:00:00Z,70.09,77.29,17.0,BALANCED,0,
2026-01-30T18:15:00Z,69.28,74.83,-55.0,BALANCED,0,
2026-01-30T18:30:00Z,-19.92,78.35,-934.0,LONG,511.0,mFRR
2026-01-30T18:45:00Z,31.08,82.21,-289.0,LONG,151.0,RR
2026-01-30T19:00:00Z,35.21,82.09,-295.0,LONG,203.0,RR
2026-01-30T19:15:00Z,67.65,112.51,384.0,SHORT,196.0,aFRR
2026-01-30T19:30:00Z,65.2,123.59,263.0,SHORT,188.0,aFRR
2026-01-30T19:45:00Z,49.74,78.23,-271.0,LONG,105.0,RR
2026-01-30T20:00:00Z,69.59,76.72,56.0,BALANCED,0,
2026-01-30T20:15:00Z,69.51,71.69,39.0,BALANCED,0,
2026-01-30T20:30:00Z,70.25,68.46,-65.0,BALANCED,0,
2026-01-30T20:45:00Z,65.17,75.63,-32.0,BALANCED,0,
2026-01-30T21:00:00Z,62.03,112.42,236.0,SHORT,129.0,RR
2026-01-30T21:15:00Z,39.68,76.41,-169.0,LONG,119.0,RR
2026-01-30T21:30:00Z,48.02,71.99,-121.0,LONG,54.0,RR
2026-01-30T21:45:00Z,45.81,76.9,-211.0,LONG,164.0,mFRR
2026-01-30T22:00:00Z,70.17,75.05,-22.0,BALANCED,0,
2026-01-30T22:15:00Z,70.72,109.61,234.0,SHORT,133.0,mFRR
2026-01-30T22:30:00Z,47.48,74.03,-259.0,LONG,85.0,RR
2026-01-30T22:45:00Z,67.44,135.57,474.0,SHORT,293.0,mFRR
2026-01-30T23:00:00Z,21.73,79.32,-300.0,LONG,237.0,RR
2026-01-30T23:15:00Z,20.46,77.39,-346.0,LONG,239.0,aFRR
2026-01-30T23:30:00Z,66.24,119.44,388.0,SHORT,218.0,mFRR
2026-01-30T23:45:00Z,25.73,78.77,-388.0,LONG,200.0,RR
2026-01-31T00:00:00Z,27.91,74.69,-211.0,LONG,141.0,aFRR
2026-01-31T00:15:00Z,68.42,94.86,133.0,SHORT,91.0,RR
2026-01-31T00:30:00Z,-6.96,74.5,-734.0,LONG,536.0,aFRR
2026-01-31T00:45:00Z,64.7,137.18,341.0,SHORT,117.0,mFRR
2026-01-31T01:00:00Z,24.62,79.94,-350.0,LONG,237.0,mFRR
2026-01-31T01:15:00Z,35.6,76.18,-120.0,LONG,88.0,RR
2026-01-31T01:30:00Z,32.84,71.14,-181.0,LONG,138.0,aFRR
2026-01-31T01:45:00Z,63.66,71.62,-36.0,BALANCED,0,
2026-01-31T02:00:00Z,68.08,74.34,-65.0,BALANCED,0,
2026-01-31T02:15:00Z,67.44,78.58,-25.0,BALANCED,0,
2026-01-31T02:30:00Z,63.39,80.91,170.0,SHORT,116.0,mFRR
2026-01-31T02:45:00Z,41.47,81.0,-205.0,LONG,63.0,mFRR
2026-01-31T03:00:00Z,22.38,75.41,-360.0,LONG,173.0,aFRR
2026-01-31T03:15:00Z,62.9,111.74,386.0,SHORT,240.0,mFRR
2026-01-31T03:30:00Z,34.26,77.75,-162.0,LONG,121.0,mFRR
2026-01-31T03:45:00Z,57.04,79.61,-118.0,LONG,69.0,aFRR
2026-01-31T04:00:00Z,68.25,106.6,238.0,SHORT,100.0,aFRR
2026-01-31T04:15:00Z,70.5,77.85,-74.0,BALANCED,0,
2026-01-31T04:30:00Z,48.34,80.78,-118.0,LONG,46.0,RR
2026-01-31T04:45:00Z,66.44,75.34,-82.0,BALANCED,0,
2026-01-31T05:00:00Z,51.32,71.82,-295.0,LONG,99.0,aFRR
2026-01-31T05:15:00Z,64.71,101.39,129.0,SHORT,102.0,mFRR
2026-01-31T05:30:00Z,70.93,120.9,318.0,SHORT,188.0,RR
2026-01-31T05:45:00Z,70.36,75.97,-43.0,BALANCED,0,
2026-01-31T06:00:00Z,65.59,128.16,327.0,SHORT,247.0,RR
2026-01-31T06:15:00Z,67.19,69.95,-61.0,BALANCED,0,
2026-01-31T06:30:00Z,28.8,78.9,-368.0,LONG,242.0,aFRR
2026-01-31T06:45:00Z,30.82,77.7,-205.0,LONG,155.0,aFRR
2026-01-31T07:00:00Z,67.94,75.32,76.0,BALANCED,0,
2026-01-31T07:15:00Z,65.79,133.1,323.0,SHORT,170.0,RR
2026-01-31T07:30:00Z,64.06,120.7,332.0,SHORT,203.0,aFRR
2026-01-31T07:45:00Z,66.8,132.58,201.0,SHORT,113.0,RR
2026-01-31T08:00:00Z,72.36,103.84,225.0,SHORT,112.0,RR
2026-01-31T08:15:00Z,72.72,74.13,-56.0,BALANCED,0,
2026-01-31T08:30:00Z,70.21,76.98,17.0,BALANCED,0,
2026-01-31T08:45:00Z,67.94,119.28,293.0,SHORT,149.0,aFRR
2026-01-31T09:00:00Z,66.98,93.75,103.0,SHORT,49.0,RR
2026-01-31T09:15:00Z,69.6,73.07,25.0,BALANCED,0,
2026-01-31T09:30:00Z,65.13,121.17,326.0,SHORT,216.0,RR
2026-01-31T09:45:00Z,65.92,74.41,73.0,BALANCED,0,
2026-01-31T10:00:00Z,67.0,123.11,106.0,SHORT,79.0,aFRR
2026-01-31T10:15:00Z,22.35,75.39,-455.0,LONG,363.0,mFRR
2026-01-31T10:30:00Z,48.93,80.35,-121.0,LONG,88.0,mFRR
2026-01-31T10:45:00Z,70.31,75.47,76.0,BALANCED,0,
2026-01-31T11:00:00Z,39.68,79.46,-164.0,LONG,112.0,aFRR
2026-01-31T11:15:00Z,61.61,77.18,-196.0,LONG,100.0,mFRR
2026-01-31T11:30:00Z,67.95,147.8,422.0,SHORT,145.0,RR
2026-01-31T11:45:00Z,71.38,75.08,19.0,BALANCED,0,
2026-01-31T12:00:00Z,66.43,85.2,124.0,SHORT,67.0,aFRR
2026-01-31T12:15:00Z,69.74,74.6,31.0,BALANCED,0,
2026-01-31T12:30:00Z,27.53,75.37,-380.0,LONG,190.0,mFRR
2026-01-31T12:45:00Z,5.41,80.93,-450.0,LONG,300.0,aFRR
2026-01-31T13:00:00Z,39.55,74.38,-174.0,LONG,120.0,aFRR
2026-01-31T13:15:00Z,15.08,76.32,-337.0,LONG,171.0,RR
2026-01-31T13:30:00Z,23.57,73.53,-380.0,LONG,291.0,RR
2026-01-31T13:45:00Z,-14.47,73.69,-674.0,LONG,390.0,RR
2026-01-31T14:00:00Z,22.37,72.03,-433.0,LONG,306.0,RR
2026-01-31T14:15:00Z,55.92,77.39,-131.0,LONG,53.0,RR
2026-01-31T14:30:00Z,70.04,75.63,-37.0,BALANCED,0,
2026-01-31T14:45:00Z,70.12,74.86,49.0,BALANCED,0,
2026-01-31T15:00:00Z,66.64,146.92,646.0,SHORT,195.0,aFRR
2026-01-31T15:15:00Z,43.12,77.5,-105.0,LONG,46.0,mFRR
2026-01-31T15:30:00Z,39.69,72.49,-256.0,LONG,170.0,aFRR
2026-01-31T15:45:00Z,29.76,80.69,-278.0,LONG,176.0,RR
2026-01-31T16:00:00Z,27.24,75.2,-319.0,LONG,143.0,mFRR
2026-01-31T16:15:00Z,66.79,74.38,-44.0,BALANCED,0,
2026-01-31T16:30:00Z,69.6,72.91,-99.0,BALANCED,0,
2026-01-31T16:45:00Z,10.49,82.89,-411.0,LONG,289.0,mFRR
2026-01-31T17:00:00Z,67.45,141.13,761.0,SHORT,417.0,RR
2026-01-31T17:15:00Z,-6.75,77.38,-691.0,LONG,522.0,RR
2026-01-31T17:30:00Z,67.38,131.67,336.0,SHORT,102.0,aFRR
2026-01-31T17:45:00Z,66.73,106.3,121.0,SHORT,84.0,RR
2026-01-31T18:00:00Z,66.58,118.04,509.0,SHORT,183.0,mFRR
2026-01-31T18:15:00Z,65.25,77.67,-11.0,BALANCED,0,
2026-01-31T18:30:00Z,67.72,76.03,26.0,BALANCED,0,
2026-01-31T18:45:00Z,66.69,69.25,-11.0,BALANCED,0,
2026-01-31T19:00:00Z,36.96,76.41,-269.0,LONG,146.0,mFRR
2026-01-31T19:15:00Z,61.86,79.2,-100.0,LONG,54.0,aFRR
2026-01-31T19:30:00Z,30.92,74.55,-254.0,LONG,112.0,RR
2026-01-31T19:45:00Z,66.46,117.72,247.0,SHORT,163.0,RR
2026-01-31T20:00:00Z,69.61,103.65,256.0,SHORT,117.0,aFRR
2026-01-31T20:15:00Z,66.11,75.27,-63.0,BALANCED,0,
2026-01-31T20:30:00Z,66.77,74.06,45.0,BALANCED,0,
2026-01-31T20:45:00Z,50.43,77.02,-170.0,LONG,72.0,aFRR
2026-01-31T21:00:00Z,61.61,100.69,247.0,SHORT,124.0,mFRR
2026-01-31T21:15:00Z,67.93,76.0,-7.0,BALANCED,0,
2026-01-31T21:30:00Z,69.48,76.49,64.0,BALANCED,0,
2026-01-31T21:45:00Z,68.55,98.6,195.0,SHORT,64.0,aFRR
2026-01-31T22:00:00Z,-13.02,76.72,-786.0,LONG,249.0,RR
2026-01-31T22:15:00Z,42.57,78.54,-112.0,LONG,39.0,RR
2026-01-31T22:30:00Z,38.75,80.11,-158.0,LONG,109.0,aFRR
2026-01-31T22:45:00Z,68.38,109.82,153.0,SHORT,114.0,RR
2026-01-31T23:00:00Z,67.35,77.7,-92.0,BALANCED,0,
2026-01-31T23:15:00Z,68.93,75.02,58.0,BALANCED,0,
2026-01-31T23:30:00Z,41.26,76.77,-192.0,LONG,136.0,mFRR
2026-01-31T23:45:00Z,68.23,75.95,76.0,BALANCED,0,
2026-02-01T00:00:00Z,56.89,78.34,-111.0,LONG,78.0,mFRR
2026-02-01T00:15:00Z,22.5,78.23,-482.0,LONG,175.0,RR
2026-02-01T00:30:00Z,66.81,88.22,135.0,SHORT,76.0,mFRR
2026-02-01T00:45:00Z,31.07,74.7,-276.0,LONG,145.0,mFRR
2026-02-01T01:00:00Z,25.15,81.65,-353.0,LONG,269.0,aFRR
2026-02-01T01:15:00Z,37.49,75.92,-364.0,LONG,263.0,mFRR
2026-02-01T01:30:00Z,64.69,159.93,486.0,SHORT,375.0,aFRR
2026-02-01T01:45:00Z,65.36,119.86,344.0,SHORT,134.0,mFRR
2026-02-01T02:00:00Z,28.9,75.19,-238.0,LONG,82.0,mFRR
2026-02-01T02:15:00Z,66.45,134.9,461.0,SHORT,360.0,aFRR
2026-02-01T02:30:00Z,63.88,125.17,328.0,SHORT,192.0,RR
2026-02-01T02:45:00Z,65.78,104.09,294.0,SHORT,114.0,mFRR
2026-02-01T03:00:00Z,70.46,78.49,29.0,BALANCED,0,
2026-02-01T03:15:00Z,44.97,76.82,-207.0,LONG,79.0,aFRR
2026-02-01T03:30:00Z,8.13,74.14,-505.0,LONG,234.0,mFRR
2026-02-01T03:45:00Z,71.3,72.22,99.0,BALANCED,0,
2026-02-01T04:00:00Z,64.05,118.77,327.0,SHORT,200.0,RR
2026-02-01T04:15:00Z,65.19,159.11,602.0,SHORT,418.0,RR
2026-02-01T04:30:00Z,72.79,74.8,-89.0,BALANCED,0,
2026-02-01T04:45:00Z,28.9,72.36,-201.0,LONG,149.0,RR
2026-02-01T05:00:00Z,3.09,75.08,-534.0,LONG,314.0,RR
2026-02-01T05:15:00Z,68.23,151.25,340.0,SHORT,160.0,RR
2026-02-01T05:30:00Z,67.16,127.58,488.0,SHORT,331.0,RR
2026-02-01T05:45:00Z,71.06,74.39,-39.0,BALANCED,0,
2026-02-01T06:00:00Z,70.42,80.68,11.0,BALANCED,0,
2026-02-01T06:15:00Z,16.86,74.51,-369.0,LONG,145.0,mFRR
2026-02-01T06:30:00Z,23.24,80.86,-400.0,LONG,152.0,aFRR
2026-02-01T06:45:00Z,31.91,75.52,-390.0,LONG,180.0,aFRR
2026-02-01T07:00:00Z,35.44,80.25,-174.0,LONG,61.0,mFRR
2026-02-01T07:15:00Z,67.62,138.7,261.0,SHORT,88.0,mFRR
2026-02-01T07:30:00Z,69.49,93.39,108.0,SHORT,64.0,mFRR
2026-02-01T07:45:00Z,71.2,72.89,-92.0,BALANCED,0,
2026-02-01T08:00:00Z,67.29,79.1,101.0,SHORT,31.0,mFRR
2026-02-01T08:15:00Z,63.77,102.06,110.0,SHORT,72.0,RR
2026-02-01T08:30:00Z,69.46,76.37,22.0,BALANCED,0,
2026-02-01T08:45:00Z,66.82,160.61,600.0,SHORT,451.0,RR
2026-02-01T09:00:00Z,64.88,73.8,-46.0,BALANCED,0,
2026-02-01T09:15:00Z,62.34,112.2,359.0,SHORT,248.0,mFRR
2026-02-01T09:30:00Z,47.33,74.82,-113.0,LONG,72.0,aFRR
2026-02-01T09:45:00Z,0.43,86.7,-554.0,LONG,309.0,RR
2026-02-01T10:00:00Z,69.46,75.71,-65.0,BALANCED,0,
2026-02-01T10:15:00Z,65.19,117.33,343.0,SHORT,221.0,RR
2026-02-01T10:30:00Z,22.0,75.5,-231.0,LONG,116.0,RR
2026-02-01T10:45:00Z,68.66,116.26,141.0,SHORT,43.0,aFRR
2026-02-01T11:00:00Z,33.95,79.54,-393.0,LONG,159.0,mFRR
2026-02-01T11:15:00Z,70.49,77.64,-19.0,BALANCED,0,
2026-02-01T11:30:00Z,31.28,76.04,-285.0,LONG,133.0,mFRR
2026-02-01T11:45:00Z,69.83,155.88,329.0,SHORT,136.0,RR
2026-02-01T12:00:00Z,65.95,97.99,128.0,SHORT,91.0,RR
2026-02-01T12:15:00Z,32.81,71.58,-389.0,LONG,216.0,aFRR
2026-02-01T12:30:00Z,67.19,163.73,454.0,SHORT,277.0,RR
2026-02-01T12:45:00Z,70.84,74.92,47.0,BALANCED,0,
2026-02-01T13:00:00Z,70.67,72.02,-59.0,BALANCED,0,
2026-02-01T13:15:00Z,50.11,79.69,-125.0,LONG,55.0,mFRR
2026-02-01T13:30:00Z,14.1,75.2,-591.0,LONG,314.0,RR
2026-02-01T13:45:00Z,42.56,76.87,-223.0,LONG,153.0,mFRR
2026-02-01T14:00:00Z,44.47,75.01,-143.0,LONG,82.0,aFRR
2026-02-01T14:15:00Z,64.47,126.39,427.0,SHORT,155.0,aFRR
2026-02-01T14:30:00Z,64.32,74.02,49.0,BALANCED,0,
2026-02-01T14:45:00Z,69.38,110.13,180.0,SHORT,140.0,aFRR
2026-02-01T15:00:00Z,68.82,100.29,167.0,SHORT,119.0,aFRR
2026-02-01T15:15:00Z,69.06,73.88,97.0,BALANCED,0,
2026-02-01T15:30:00Z,34.81,72.76,-220.0,LONG,165.0,mFRR
2026-02-01T15:45:00Z,70.27,147.37,555.0,SHORT,409.0,RR
2026-02-01T16:00:00Z,45.96,72.13,-193.0,LONG,117.0,mFRR
2026-02-01T16:15:00Z,62.34,75.21,-102.0,LONG,41.0,mFRR
2026-02-01T16:30:00Z,40.79,80.01,-165.0,LONG,67.0,mFRR
2026-02-01T16:45:00Z,64.5,98.88,219.0,SHORT,83.0,RR
2026-02-01T17:00:00Z,70.89,71.61,-35.0,BALANCED,0,
2026-02-01T17:15:00Z,33.14,79.67,-373.0,LONG,264.0,aFRR
2026-02-01T17:30:00Z,71.73,75.24,77.0,BALANCED,0,
2026-02-01T17:45:00Z,55.35,79.53,-149.0,LONG,66.0,aFRR
2026-02-01T18:00:00Z,68.99,73.12,-24.0,BALANCED,0,
2026-02-01T18:15:00Z,65.87,115.39,138.0,SHORT,44.0,RR
2026-02-01T18:30:00Z,65.25,127.39,238.0,SHORT,109.0,aFRR
2026-02-01T18:45:00Z,41.24,81.8,-158.0,LONG,59.0,RR
2026-02-01T19:00:00Z,70.81,106.48,148.0,SHORT,58.0,mFRR
2026-02-01T19:15:00Z,46.83,76.2,-176.0,LONG,125.0,aFRR
2026-02-01T19:30:00Z,65.4,105.57,159.0,SHORT,103.0,mFRR
2026-02-01T19:45:00Z,68.84,74.47,9.0,BALANCED,0,
2026-02-01T20:00:00Z,64.11,135.85,468.0,SHORT,207.0,mFRR
2026-02-01T20:15:00Z,22.81,75.02,-479.0,LONG,255.0,mFRR
2026-02-01T20:30:00Z,67.12,76.63,38.0,BALANCED,0,
2026-02-01T20:45:00Z,64.77,91.28,101.0,SHORT,56.0,aFRR
2026-02-01T21:00:00Z,68.29,76.45,-18.0,BALANCED,0,
2026-02-01T21:15:00Z,39.18,71.62,-179.0,LONG,89.0,aFRR
2026-02-01T21:30:00Z,31.66,76.06,-237.0,LONG,126.0,mFRR
2026-02-01T21:45:00Z,66.8,123.45,142.0,SHORT,101.0,mFRR
2026-02-01T22:00:00Z,16.79,76.35,-366.0,LONG,174.0,RR
2026-02-01T22:15:00Z,67.94,74.91,-54.0,BALANCED,0,
2026-02-01T22:30:00Z,63.6,98.26,248.0,SHORT,196.0,aFRR
2026-02-01T22:45:00Z,23.52,81.38,-261.0,LONG,180.0,aFRR
2026-02-01T23:00:00Z,65.95,135.84,370.0,SHORT,260.0,aFRR
2026-02-01T23:15:00Z,65.59,98.74,102.0,SHORT,64.0,mFRR
2026-02-01T23:30:00Z,33.22,76.85,-326.0,LONG,140.0,aFRR
2026-02-01T23:45:00Z,66.84,150.59,398.0,SHORT,172.0,RR
2026-02-02T00:00:00Z,68.06,99.45,127.0,SHORT,39.0,aFRR
2026-02-02T00:15:00Z,47.77,79.42,-146.0,LONG,70.0,mFRR
2026-02-02T00:30:00Z,64.57,147.7,359.0,SHORT,241.0,mFRR
2026-02-02T00:45:00Z,65.95,113.3,257.0,SHORT,128.0,aFRR
2026-02-02T01:00:00Z,70.47,89.41,159.0,SHORT,119.0,RR
2026-02-02T01:15:00Z,68.85,76.21,31.0,BALANCED,0,
2026-02-02T01:30:00Z,64.75,109.44,286.0,SHORT,111.0,mFRR
2026-02-02T01:45:00Z,45.19,75.29,-110.0,LONG,81.0,mFRR
2026-02-02T02:00:00Z,63.0,92.26,138.0,SHORT,79.0,RR
2026-02-02T02:15:00Z,-12.02,81.19,-810.0,LONG,329.0,aFRR
2026-02-02T02:30:00Z,15.07,78.2,-496.0,LONG,387.0,aFRR
2026-02-02T02:45:00Z,70.8,97.17,145.0,SHORT,105.0,mFRR
2026-02-02T03:00:00Z,63.2,158.92,671.0,SHORT,207.0,mFRR
2026-02-02T03:15:00Z,70.67,74.57,91.0,BALANCED,0,
2026-02-02T03:30:00Z,5.82,80.01,-614.0,LONG,431.0,mFRR
2026-02-02T03:45:00Z,36.68,79.11,-259.0,LONG,144.0,aFRR
2026-02-02T04:00:00Z,67.11,98.95,190.0,SHORT,96.0,aFRR
2026-02-02T04:15:00Z,34.47,77.78,-333.0,LONG,138.0,mFRR
2026-02-02T04:30:00Z,66.84,100.28,137.0,SHORT,100.0,mFRR
2026-02-02T04:45:00Z,66.26,130.72,121.0,SHORT,63.0,RR
2026-02-02T05:00:00Z,31.16,77.96,-201.0,LONG,61.0,aFRR
2026-02-02T05:15:00Z,71.7,73.16,21.0,BALANCED,0,
2026-02-02T05:30:00Z,62.55,133.42,168.0,SHORT,55.0,mFRR
2026-02-02T05:45:00Z,31.32,76.7,-207.0,LONG,82.0,aFRR
2026-02-02T06:00:00Z,71.12,98.17,157.0,SHORT,55.0,RR
2026-02-02T06:15:00Z,3.59,82.29,-517.0,LONG,413.0,mFRR
2026-02-02T06:30:00Z,64.19,129.97,433.0,SHORT,314.0,RR
2026-02-02T06:45:00Z,49.9,77.98,-144.0,LONG,107.0,aFRR
2026-02-02T07:00:00Z,14.94,77.1,-534.0,LONG,411.0,aFRR
2026-02-02T07:15:00Z,70.47,111.08,194.0,SHORT,63.0,mFRR
2026-02-02T07:30:00Z,65.53,117.0,208.0,SHORT,119.0,RR
2026-02-02T07:45:00Z,65.36,75.7,-24.0,BALANCED,0,
2026-02-02T08:00:00Z,-4.74,79.73,-704.0,LONG,251.0,mFRR
2026-02-02T08:15:00Z,65.81,75.49,-12.0,BALANCED,0,
2026-02-02T08:30:00Z,61.63,72.52,-153.0,LONG,87.0,mFRR
2026-02-02T08:45:00Z,54.9,71.75,-107.0,LONG,63.0,mFRR
2026-02-02T09:00:00Z,56.11,81.16,-105.0,LONG,65.0,mFRR
2026-02-02T09:15:00Z,46.74,78.54,-195.0,LONG,60.0,RR
2026-02-02T09:30:00Z,67.34,133.91,366.0,SHORT,131.0,RR
2026-02-02T09:45:00Z,64.99,74.61,-90.0,BALANCED,0,
2026-02-02T10:00:00Z,64.35,157.37,544.0,SHORT,359.0,RR
2026-02-02T10:15:00Z,64.61,77.34,84.0,BALANCED,0,
2026-02-02T10:30:00Z,70.37,76.01,-47.0,BALANCED,0,
2026-02-02T10:45:00Z,68.21,70.79,1.0,BALANCED,0,
2026-02-02T11:00:00Z,10.2,75.24,-527.0,LONG,375.0,aFRR
2026-02-02T11:15:00Z,47.75,75.19,-134.0,LONG,106.0,aFRR
2026-02-02T11:30:00Z,67.89,123.66,203.0,SHORT,92.0,RR
2026-02-02T11:45:00Z,47.83,75.67,-189.0,LONG,135.0,RR
2026-02-02T12:00:00Z,68.83,123.14,287.0,SHORT,130.0,mFRR
2026-02-02T12:15:00Z,67.72,75.38,15.0,BALANCED,0,
2026-02-02T12:30:00Z,66.6,76.48,64.0,BALANCED,0,
2026-02-02T12:45:00Z,17.66,78.73,-454.0,LONG,164.0,RR
2026-02-02T13:00:00Z,64.72,122.04,116.0,SHORT,90.0,aFRR
2026-02-02T13:15:00Z,66.81,118.52,188.0,SHORT,89.0,RR
2026-02-02T13:30:00Z,69.25,72.61,25.0,BALANCED,0,
2026-02-02T13:45:00Z,-11.27,78.67,-854.0,LONG,643.0,aFRR
2026-02-02T14:00:00Z,66.87,74.17,87.0,BALANCED,0,
2026-02-02T14:15:00Z,56.94,77.22,-127.0,LONG,75.0,aFRR
2026-02-02T14:30:00Z,64.69,75.3,0.0,BALANCED,0,
2026-02-02T14:45:00Z,67.75,117.03,139.0,SHORT,46.0,aFRR
2026-02-02T15:00:00Z,69.19,74.32,-91.0,BALANCED,0,
2026-02-02T15:15:00Z,52.33,81.37,-132.0,LONG,54.0,RR
2026-02-02T15:30:00Z,21.35,80.29,-455.0,LONG,357.0,RR
2026-02-02T15:45:00Z,68.34,112.24,420.0,SHORT,182.0,mFRR
2026-02-02T16:00:00Z,34.89,75.78,-299.0,LONG,111.0,mFRR
2026-02-02T16:15:00Z,32.77,81.51,-420.0,LONG,222.0,mFRR
2026-02-02T16:30:00Z,5.32,81.1,-499.0,LONG,190.0,mFRR
2026-02-02T16:45:00Z,22.61,75.19,-317.0,LONG,248.0,mFRR
2026-02-02T17:00:00Z,69.39,76.89,-9.0,BALANCED,0,
2026-02-02T17:15:00Z,73.64,111.77,257.0,SHORT,92.0,mFRR
2026-02-02T17:30:00Z,65.8,99.63,234.0,SHORT,173.0,aFRR
2026-02-02T17:45:00Z,24.73,78.05,-269.0,LONG,97.0,RR
2026-02-02T18:00:00Z,31.46,77.1,-269.0,LONG,195.0,aFRR
2026-02-02T18:15:00Z,13.42,71.75,-449.0,LONG,223.0,RR
2026-02-02T18:30:00Z,70.45,72.03,99.0,BALANCED,0,
2026-02-02T18:45:00Z,68.56,136.98,304.0,SHORT,136.0,aFRR
2026-02-02T19:00:00Z,65.06,125.14,517.0,SHORT,226.0,aFRR
2026-02-02T19:15:00Z,72.19,75.04,-48.0,BALANCED,0,
2026-02-02T19:30:00Z,47.77,78.81,-121.0,LONG,80.0,aFRR
2026-02-02T19:45:00Z,62.51,110.49,321.0,SHORT,120.0,RR
2026-02-02T20:00:00Z,72.84,124.58,516.0,SHORT,329.0,RR
2026-02-02T20:15:00Z,-1.14,76.65,-570.0,LONG,229.0,aFRR
2026-02-02T20:30:00Z,68.11,74.3,-44.0,BALANCED,0,
2026-02-02T20:45:00Z,68.36,122.44,110.0,SHORT,41.0,mFRR
2026-02-02T21:00:00Z,64.39,121.46,235.0,SHORT,77.0,RR
2026-02-02T21:15:00Z,50.52,78.34,-308.0,LONG,164.0,aFRR
2026-02-02T21:30:00Z,72.49,107.96,245.0,SHORT,148.0,aFRR
2026-02-02T21:45:00Z,68.83,76.64,51.0,BALANCED,0,
2026-02-02T22:00:00Z,33.24,79.8,-349.0,LONG,232.0,aFRR
2026-02-02T22:15:00Z,32.04,81.33,-374.0,LONG,135.0,mFRR
2026-02-02T22:30:00Z,40.74,79.55,-279.0,LONG,198.0,aFRR
2026-02-02T22:45:00Z,65.59,74.92,96.0,BALANCED,0,
2026-02-02T23:00:00Z,64.47,104.87,212.0,SHORT,127.0,aFRR
2026-02-02T23:15:00Z,58.8,76.91,-165.0,LONG,128.0,aFRR
2026-02-02T23:30:00Z,63.45,111.4,256.0,SHORT,86.0,mFRR
2026-02-02T23:45:00Z,70.74,72.8,-96.0,BALANCED,0,
2026-02-03T00:00:00Z,69.6,118.69,209.0,SHORT,90.0,mFRR
2026-02-03T00:15:00Z,26.36,76.78,-455.0,LONG,359.0,RR
2026-02-03T00:30:00Z,67.25,132.01,215.0,SHORT,102.0,aFRR
2026-02-03T00:45:00Z,66.81,73.79,41.0,BALANCED,0,
2026-02-03T01:00:00Z,69.48,99.79,106.0,SHORT,64.0,aFRR
2026-02-03T01:15:00Z,73.51,129.53,428.0,SHORT,236.0,aFRR
2026-02-03T01:30:00Z,69.31,131.58,232.0,SHORT,140.0,aFRR
2026-02-03T01:45:00Z,69.38,123.74,263.0,SHORT,149.0,RR
2026-02-03T02:00:00Z,67.52,111.6,346.0,SHORT,242.0,aFRR
2026-02-03T02:15:00Z,53.17,75.87,-163.0,LONG,118.0,RR
2026-02-03T02:30:00Z,34.01,74.73,-347.0,LONG,117.0,RR
2026-02-03T02:45:00Z,9.48,79.02,-513.0,LONG,337.0,mFRR
2026-02-03T03:00:00Z,70.3,124.61,264.0,SHORT,156.0,RR
2026-02-03T03:15:00Z,68.41,77.61,-4.0,BALANCED,0,
2026-02-03T03:30:00Z,68.68,129.39,159.0,SHORT,51.0,mFRR
2026-02-03T03:45:00Z,27.18,82.28,-326.0,LONG,159.0,mFRR
2026-02-03T04:00:00Z,65.61,100.01,401.0,SHORT,154.0,mFRR
2026-02-03T04:15:00Z,40.11,77.42,-151.0,LONG,73.0,mFRR
2026-02-03T04:30:00Z,69.33,77.17,70.0,BALANCED,0,
2026-02-03T04:45:00Z,65.68,140.21,515.0,SHORT,337.0,mFRR
2026-02-03T05:00:00Z,67.14,73.85,-91.0,BALANCED,0,
2026-02-03T05:15:00Z,69.4,100.82,167.0,SHORT,50.0,RR
2026-02-03T05:30:00Z,69.02,75.47,-33.0,BALANCED,0,
2026-02-03T05:45:00Z,65.86,138.54,167.0,SHORT,109.0,RR
2026-02-03T06:00:00Z,56.33,76.03,-134.0,LONG,107.0,aFRR
2026-02-03T06:15:00Z,32.5,75.92,-276.0,LONG,192.0,mFRR
2026-02-03T06:30:00Z,46.64,79.01,-213.0,LONG,76.0,mFRR
2026-02-03T06:45:00Z,49.24,83.59,-155.0,LONG,57.0,RR
2026-02-03T07:00:00Z,65.69,109.74,159.0,SHORT,122.0,RR
2026-02-03T07:15:00Z,69.65,119.34,577.0,SHORT,201.0,aFRR
2026-02-03T07:30:00Z,27.0,79.18,-359.0,LONG,135.0,mFRR
2026-02-03T07:45:00Z,64.3,147.78,578.0,SHORT,245.0,RR
2026-02-03T08:00:00Z,65.71,141.64,410.0,SHORT,162.0,aFRR
2026-02-03T08:15:00Z,37.16,80.89,-100.0,LONG,75.0,mFRR
2026-02-03T08:30:00Z,68.35,128.74,352.0,SHORT,189.0,RR
2026-02-03T08:45:00Z,67.56,106.04,285.0,SHORT,195.0,RR
2026-02-03T09:00:00Z,39.47,73.52,-176.0,LONG,118.0,aFRR
2026-02-03T09:15:00Z,25.14,81.33,-382.0,LONG,297.0,RR
2026-02-03T09:30:00Z,68.2,72.34,-58.0,BALANCED,0,
2026-02-03T09:45:00Z,69.78,76.58,47.0,BALANCED,0,
2026-02-03T10:00:00Z,33.5,80.69,-257.0,LONG,165.0,RR
2026-02-03T10:15:00Z,68.5,136.74,446.0,SHORT,346.0,mFRR
2026-02-03T10:30:00Z,59.75,77.71,-115.0,LONG,92.0,RR
2026-02-03T10:45:00Z,38.56,77.25,-301.0,LONG,230.0,mFRR
2026-02-03T11:00:00Z,70.76,151.39,741.0,SHORT,497.0,RR
2026-02-03T11:15:00Z,67.57,78.97,62.0,BALANCED,0,
2026-02-03T11:30:00Z,67.62,76.07,-54.0,BALANCED,0,
2026-02-03T11:45:00Z,-4.31,76.34,-668.0,LONG,281.0,RR
2026-02-03T12:00:00Z,42.96,77.51,-284.0,LONG,128.0,mFRR
2026-02-03T12:15:00Z,66.59,94.46,137.0,SHORT,99.0,RR
2026-02-03T12:30:00Z,72.98,77.68,-15.0,BALANCED,0,
2026-02-03T12:45:00Z,68.48,76.55,-76.0,BALANCED,0,
2026-02-03T13:00:00Z,52.21,79.62,-112.0,LONG,73.0,aFRR
2026-02-03T13:15:00Z,45.87,79.76,-237.0,LONG,109.0,aFRR
2026-02-03T13:30:00Z,64.98,162.44,605.0,SHORT,399.0,mFRR
2026-02-03T13:45:00Z,5.04,77.68,-647.0,LONG,300.0,aFRR
2026-02-03T14:00:00Z,63.84,115.65,265.0,SHORT,187.0,mFRR
2026-02-03T14:15:00Z,68.28,75.76,18.0,BALANCED,0,
2026-02-03T14:30:00Z,63.26,124.45,343.0,SHORT,244.0,RR
2026-02-03T14:45:00Z,-8.5,81.15,-604.0,LONG,242.0,RR
2026-02-03T15:00:00Z,65.06,124.27,299.0,SHORT,190.0,mFRR
2026-02-03T15:15:00Z,11.42,74.17,-390.0,LONG,279.0,aFRR
2026-02-03T15:30:00Z,63.4,99.72,293.0,SHORT,230.0,RR
2026-02-03T15:45:00Z,29.45,75.71,-372.0,LONG,130.0,RR
2026-02-03T16:00:00Z,14.18,83.33,-485.0,LONG,277.0,mFRR
2026-02-03T16:15:00Z,68.25,82.9,111.0,SHORT,55.0,mFRR
2026-02-03T16:30:00Z,18.53,75.79,-368.0,LONG,238.0,RR
2026-02-03T16:45:00Z,69.49,75.69,-2.0,BALANCED,0,
2026-02-03T17:00:00Z,70.46,75.09,-14.0,BALANCED,0,
2026-02-03T17:15:00Z,66.14,77.49,1.0,BALANCED,0,
2026-02-03T17:30:00Z,65.51,119.89,136.0,SHORT,91.0,mFRR
2026-02-03T17:45:00Z,72.58,122.82,202.0,SHORT,130.0,RR
2026-02-03T18:00:00Z,34.76,75.29,-356.0,LONG,257.0,mFRR
2026-02-03T18:15:00Z,63.52,131.82,584.0,SHORT,450.0,RR
2026-02-03T18:30:00Z,57.93,77.93,-205.0,LONG,105.0,mFRR
2026-02-03T18:45:00Z,70.38,140.83,427.0,SHORT,216.0,RR
2026-02-03T19:00:00Z,69.08,148.43,281.0,SHORT,115.0,RR
2026-02-03T19:15:00Z,66.51,134.37,418.0,SHORT,200.0,RR
2026-02-03T19:30:00Z,67.35,114.5,449.0,SHORT,305.0,RR
2026-02-03T19:45:00Z,72.16,76.7,78.0,BALANCED,0,
2026-02-03T20:00:00Z,65.31,121.22,379.0,SHORT,123.0,aFRR
2026-02-03T20:15:00Z,63.76,143.45,340.0,SHORT,225.0,RR
2026-02-03T20:30:00Z,42.3,84.11,-250.0,LONG,165.0,mFRR
2026-02-03T20:45:00Z,67.13,135.0,217.0,SHORT,69.0,mFRR
2026-02-03T21:00:00Z,64.39,139.06,257.0,SHORT,133.0,aFRR
2026-02-03T21:15:00Z,63.84,146.89,357.0,SHORT,169.0,RR
2026-02-03T21:30:00Z,66.91,92.42,307.0,SHORT,206.0,RR
2026-02-03T21:45:00Z,-21.38,77.75,-884.0,LONG,330.0,aFRR
2026-02-03T22:00:00Z,71.52,74.16,52.0,BALANCED,0,
2026-02-03T22:15:00Z,30.96,79.98,-347.0,LONG,129.0,aFRR
2026-02-03T22:30:00Z,66.92,113.13,217.0,SHORT,88.0,aFRR
2026-02-03T22:45:00Z,68.41,75.21,92.0,BALANCED,0,
2026-02-03T23:00:00Z,71.39,76.01,90.0,BALANCED,0,
2026-02-03T23:15:00Z,66.85,118.45,438.0,SHORT,182.0,aFRR
2026-02-03T23:30:00Z,39.23,77.72,-304.0,LONG,136.0,aFRR
2026-02-03T23:45:00Z,-3.66,83.23,-599.0,LONG,377.0,aFRR
2026-02-04T00:00:00Z,64.52,101.9,113.0,SHORT,41.0,RR
2026-02-04T00:15:00Z,68.63,97.72,231.0,SHORT,139.0,RR
2026-02-04T00:30:00Z,-1.04,81.01,-694.0,LONG,250.0,RR
2026-02-04T00:45:00Z,69.2,71.72,57.0,BALANCED,0,
2026-02-04T01:00:00Z,68.36,75.47,-83.0,BALANCED,0,
2026-02-04T01:15:00Z,35.84,76.66,-207.0,LONG,97.0,RR
2026-02-04T01:30:00Z,69.12,72.52,86.0,BALANCED,0,
2026-02-04T01:45:00Z,24.8,76.1,-354.0,LONG,268.0,aFRR
2026-02-04T02:00:00Z,13.19,75.69,-462.0,LONG,139.0,RR
2026-02-04T02:15:00Z,16.4,77.76,-377.0,LONG,144.0,RR
2026-02-04T02:30:00Z,66.1,108.29,258.0,SHORT,135.0,RR
2026-02-04T02:45:00Z,53.34,80.14,-213.0,LONG,151.0,aFRR
2026-02-04T03:00:00Z,70.29,95.39,137.0,SHORT,63.0,mFRR
2026-02-04T03:15:00Z,62.26,125.38,424.0,SHORT,182.0,RR
2026-02-04T03:30:00Z,68.52,76.3,81.0,BALANCED,0,
2026-02-04T03:45:00Z,64.18,72.92,-85.0,BALANCED,0,
2026-02-04T04:00:00Z,51.76,77.88,-130.0,LONG,103.0,RR
2026-02-04T04:15:00Z,60.81,128.2,474.0,SHORT,277.0,mFRR
2026-02-04T04:30:00Z,62.99,142.17,421.0,SHORT,223.0,mFRR
2026-02-04T04:45:00Z,67.14,113.17,142.0,SHORT,55.0,aFRR
2026-02-04T05:00:00Z,66.03,135.7,145.0,SHORT,70.0,aFRR
2026-02-04T05:15:00Z,69.27,79.84,-9.0,BALANCED,0,
2026-02-04T05:30:00Z,68.98,74.16,26.0,BALANCED,0,
2026-02-04T05:45:00Z,73.77,92.61,250.0,SHORT,99.0,mFRR
2026-02-04T06:00:00Z,69.26,74.34,-10.0,BALANCED,0,
2026-02-04T06:15:00Z,61.38,104.26,189.0,SHORT,105.0,RR
2026-02-04T06:30:00Z,65.2,132.92,254.0,SHORT,168.0,mFRR
2026-02-04T06:45:00Z,68.84,74.67,-2.0,BALANCED,0,
2026-02-04T07:00:00Z,67.75,75.39,-48.0,BALANCED,0,
2026-02-04T07:15:00Z,39.71,76.49,-119.0,LONG,45.0,mFRR
2026-02-04T07:30:00Z,38.03,74.8,-257.0,LONG,119.0,mFRR
2026-02-04T07:45:00Z,63.12,172.28,328.0,SHORT,125.0,aFRR
2026-02-04T08:00:00Z,50.68,75.84,-122.0,LONG,85.0,RR
2026-02-04T08:15:00Z,49.95,75.43,-147.0,LONG,104.0,aFRR
2026-02-04T08:30:00Z,70.16,76.46,67.0,BALANCED,0,
2026-02-04T08:45:00Z,61.81,141.12,666.0,SHORT,393.0,aFRR
2026-02-04T09:00:00Z,35.6,78.98,-354.0,LONG,239.0,RR
2026-02-04T09:15:00Z,66.83,126.26,236.0,SHORT,90.0,aFRR
2026-02-04T09:30:00Z,59.79,160.45,673.0,SHORT,405.0,mFRR
2026-02-04T09:45:00Z,67.3,76.81,36.0,BALANCED,0,
2026-02-04T10:00:00Z,65.5,155.37,658.0,SHORT,229.0,RR
2026-02-04T10:15:00Z,70.72,75.37,-4.0,BALANCED,0,
2026-02-04T10:30:00Z,69.21,74.98,47.0,BALANCED,0,
2026-02-04T10:45:00Z,11.58,72.62,-435.0,LONG,204.0,aFRR
2026-02-04T11:00:00Z,65.88,78.19,-37.0,BALANCED,0,
2026-02-04T11:15:00Z,66.48,98.8,166.0,SHORT,105.0,mFRR
2026-02-04T11:30:00Z,53.71,77.38,-121.0,LONG,87.0,mFRR
2026-02-04T11:45:00Z,37.09,78.66,-307.0,LONG,140.0,aFRR
2026-02-04T12:00:00Z,34.31,77.34,-309.0,LONG,199.0,mFRR
2026-02-04T12:15:00Z,67.85,76.76,-98.0,BALANCED,0,
2026-02-04T12:30:00Z,43.18,76.01,-135.0,LONG,76.0,mFRR
2026-02-04T12:45:00Z,65.8,93.05,296.0,SHORT,183.0,aFRR
2026-02-04T13:00:00Z,63.95,103.47,273.0,SHORT,183.0,mFRR
2026-02-04T13:15:00Z,67.89,77.76,-0.0,BALANCED,0,
2026-02-04T13:30:00Z,17.7,77.4,-378.0,LONG,286.0,mFRR
2026-02-04T13:45:00Z,67.58,108.6,215.0,SHORT,145.0,aFRR
2026-02-04T14:00:00Z,68.78,73.21,-85.0,BALANCED,0,
2026-02-04T14:15:00Z,67.72,77.79,78.0,BALANCED,0,
2026-02-04T14:30:00Z,68.66,74.81,12.0,BALANCED,0,
2026-02-04T14:45:00Z,19.22,79.46,-432.0,LONG,284.0,RR
2026-02-04T15:00:00Z,54.69,72.93,-103.0,LONG,63.0,mFRR
2026-02-04T15:15:00Z,67.98,77.32,56.0,BALANCED,0,
2026-02-04T15:30:00Z,67.68,145.08,493.0,SHORT,363.0,mFRR
2026-02-04T15:45:00Z,70.12,73.55,-90.0,BALANCED,0,
2026-02-04T16:00:00Z,64.44,128.53,394.0,SHORT,172.0,aFRR
2026-02-04T16:15:00Z,38.31,82.92,-230.0,LONG,126.0,mFRR
2026-02-04T16:30:00Z,29.69,76.1,-250.0,LONG,179.0,aFRR
2026-02-04T16:45:00Z,70.89,75.7,37.0,BALANCED,0,
2026-02-04T17:00:00Z,69.22,178.55,909.0,SHORT,579.0,aFRR
2026-02-04T17:15:00Z,67.17,120.38,223.0,SHORT,146.0,RR
2026-02-04T17:30:00Z,-17.63,74.08,-832.0,LONG,448.0,RR
2026-02-04T17:45:00Z,64.41,99.42,230.0,SHORT,78.0,mFRR
2026-02-04T18:00:00Z,42.05,80.06,-211.0,LONG,133.0,mFRR
2026-02-04T18:15:00Z,44.79,77.17,-196.0,LONG,100.0,RR
2026-02-04T18:30:00Z,31.69,81.53,-377.0,LONG,187.0,mFRR
2026-02-04T18:45:00Z,32.17,77.09,-181.0,LONG,92.0,RR
2026-02-04T19:00:00Z,65.85,100.51,133.0,SHORT,90.0,mFRR
2026-02-04T19:15:00Z,71.58,76.2,27.0,BALANCED,0,
2026-02-04T19:30:00Z,59.74,75.81,-123.0,LONG,86.0,RR
2026-02-04T19:45:00Z,70.65,111.26,290.0,SHORT,167.0,RR
2026-02-04T20:00:00Z,28.88,76.41,-418.0,LONG,314.0,RR
2026-02-04T20:15:00Z,68.72,129.48,252.0,SHORT,188.0,mFRR
2026-02-04T20:30:00Z,46.4,76.73,-264.0,LONG,203.0,mFRR
2026-02-04T20:45:00Z,37.41,81.02,-233.0,LONG,84.0,RR
2026-02-04T21:00:00Z,20.79,77.87,-313.0,LONG,233.0,RR
2026-02-04T21:15:00Z,63.49,172.92,461.0,SHORT,300.0,mFRR
2026-02-04T21:30:00Z,65.49,140.35,239.0,SHORT,174.0,RR
2026-02-04T21:45:00Z,70.59,108.52,294.0,SHORT,233.0,RR
2026-02-04T22:00:00Z,-11.12,81.01,-612.0,LONG,401.0,RR
2026-02-04T22:15:00Z,65.33,124.99,450.0,SHORT,249.0,RR
2026-02-04T22:30:00Z,64.83,106.38,134.0,SHORT,50.0,RR
2026-02-04T22:45:00Z,33.37,77.07,-284.0,LONG,158.0,aFRR
2026-02-04T23:00:00Z,50.25,72.22,-187.0,LONG,72.0,mFRR
2026-02-04T23:15:00Z,62.51,107.5,263.0,SHORT,192.0,RR
2026-02-04T23:30:00Z,70.63,88.48,279.0,SHORT,106.0,aFRR
2026-02-04T23:45:00Z,68.71,74.54,98.0,BALANCED,0,
2026-02-05T00:00:00Z,61.74,84.79,201.0,SHORT,85.0,aFRR
2026-02-05T00:15:00Z,18.9,76.08,-385.0,LONG,255.0,mFRR
2026-02-05T00:30:00Z,69.72,143.75,496.0,SHORT,329.0,mFRR
2026-02-05T00:45:00Z,61.92,146.13,562.0,SHORT,432.0,mFRR
2026-02-05T01:00:00Z,43.93,73.91,-137.0,LONG,63.0,RR
2026-02-05T01:15:00Z,34.01,73.04,-282.0,LONG,155.0,RR
2026-02-05T01:30:00Z,35.79,74.98,-200.0,LONG,98.0,mFRR
2026-02-05T01:45:00Z,64.34,76.02,188.0,SHORT,104.0,mFRR
2026-02-05T02:00:00Z,69.61,75.11,-40.0,BALANCED,0,
2026-02-05T02:15:00Z,67.46,76.57,80.0,BALANCED,0,
2026-02-05T02:30:00Z,70.8,72.47,7.0,BALANCED,0,
2026-02-05T02:45:00Z,49.07,82.37,-154.0,LONG,113.0,mFRR
2026-02-05T03:00:00Z,64.83,115.77,390.0,SHORT,275.0,mFRR
2026-02-05T03:15:00Z,72.69,112.21,128.0,SHORT,90.0,mFRR
2026-02-05T03:30:00Z,68.68,118.45,399.0,SHORT,289.0,RR
2026-02-05T03:45:00Z,15.56,81.31,-416.0,LONG,139.0,mFRR
2026-02-05T04:00:00Z,67.93,94.71,124.0,SHORT,85.0,RR
2026-02-05T04:15:00Z,49.59,76.56,-148.0,LONG,72.0,mFRR
2026-02-05T04:30:00Z,70.36,111.98,210.0,SHORT,96.0,aFRR
2026-02-05T04:45:00Z,62.48,138.82,427.0,SHORT,166.0,aFRR
2026-02-05T05:00:00Z,62.76,83.94,164.0,SHORT,95.0,aFRR
2026-02-05T05:15:00Z,45.18,81.81,-152.0,LONG,52.0,mFRR
2026-02-05T05:30:00Z,67.45,133.36,463.0,SHORT,354.0,aFRR
2026-02-05T05:45:00Z,-2.95,78.74,-524.0,LONG,241.0,aFRR
2026-02-05T06:00:00Z,70.0,74.81,-28.0,BALANCED,0,
2026-02-05T06:15:00Z,68.23,76.94,15.0,BALANCED,0,
2026-02-05T06:30:00Z,68.74,129.94,241.0,SHORT,161.0,RR
2026-02-05T06:45:00Z,25.53,71.41,-415.0,LONG,173.0,RR
2026-02-05T07:00:00Z,72.55,194.04,810.0,SHORT,516.0,mFRR
2026-02-05T07:15:00Z,64.76,118.78,239.0,SHORT,105.0,RR
2026-02-05T07:30:00Z,-3.27,83.89,-589.0,LONG,302.0,mFRR
2026-02-05T07:45:00Z,33.98,72.61,-447.0,LONG,275.0,mFRR
2026-02-05T08:00:00Z,69.01,80.54,114.0,SHORT,60.0,mFRR
2026-02-05T08:15:00Z,69.95,75.96,78.0,BALANCED,0,
2026-02-05T08:30:00Z,65.08,118.25,366.0,SHORT,185.0,aFRR
2026-02-05T08:45:00Z,14.47,74.97,-522.0,LONG,238.0,RR
2026-02-05T09:00:00Z,69.16,72.04,-90.0,BALANCED,0,
2026-02-05T09:15:00Z,68.94,75.52,-66.0,BALANCED,0,
2026-02-05T09:30:00Z,66.33,73.98,51.0,BALANCED,0,
2026-02-05T09:45:00Z,64.56,108.31,120.0,SHORT,52.0,aFRR
2026-02-05T10:00:00Z,71.82,139.56,484.0,SHORT,146.0,aFRR
2026-02-05T10:15:00Z,67.05,74.79,-24.0,BALANCED,0,
2026-02-05T10:30:00Z,41.59,77.05,-354.0,LONG,223.0,mFRR
2026-02-05T10:45:00Z,68.24,70.44,27.0,BALANCED,0,
2026-02-05T11:00:00Z,67.05,73.4,25.0,BALANCED,0,
2026-02-05T11:15:00Z,47.19,76.7,-198.0,LONG,67.0,RR
2026-02-05T11:30:00Z,68.07,74.75,-25.0,BALANCED,0,
2026-02-05T11:45:00Z,72.67,100.11,205.0,SHORT,84.0,RR
2026-02-05T12:00:00Z,67.53,110.95,473.0,SHORT,207.0,mFRR
2026-02-05T12:15:00Z,61.87,83.32,139.0,SHORT,89.0,mFRR
2026-02-05T12:30:00Z,17.03,76.82,-589.0,LONG,405.0,mFRR
2026-02-05T12:45:00Z,46.8,75.68,-298.0,LONG,101.0,aFRR
2026-02-05T13:00:00Z,69.6,72.17,80.0,BALANCED,0,
2026-02-05T13:15:00Z,63.7,100.93,105.0,SHORT,36.0,aFRR
2026-02-05T13:30:00Z,70.55,75.75,99.0,BALANCED,0,
2026-02-05T13:45:00Z,19.05,73.64,-426.0,LONG,288.0,aFRR
2026-02-05T14:00:00Z,70.31,110.29,112.0,SHORT,83.0,RR
2026-02-05T14:15:00Z,62.12,120.73,328.0,SHORT,181.0,aFRR
2026-02-05T14:30:00Z,65.14,138.25,561.0,SHORT,370.0,aFRR
2026-02-05T14:45:00Z,69.2,78.91,60.0,BALANCED,0,
2026-02-05T15:00:00Z,45.05,80.73,-197.0,LONG,89.0,RR
2026-02-05T15:15:00Z,66.92,92.35,111.0,SHORT,89.0,RR
2026-02-05T15:30:00Z,67.83,74.63,-72.0,BALANCED,0,
2026-02-05T15:45:00Z,70.63,75.31,-23.0,BALANCED,0,
2026-02-05T16:00:00Z,72.68,120.96,223.0,SHORT,133.0,RR
2026-02-05T16:15:00Z,18.32,75.95,-494.0,LONG,297.0,aFRR
2026-02-05T16:30:00Z,51.27,82.01,-189.0,LONG,106.0,mFRR
2026-02-05T16:45:00Z,65.23,155.84,619.0,SHORT,368.0,aFRR
2026-02-05T17:00:00Z,69.67,73.03,54.0,BALANCED,0,
2026-02-05T17:15:00Z,9.46,70.45,-492.0,LONG,273.0,RR
2026-02-05T17:30:00Z,50.46,74.12,-109.0,LONG,42.0,mFRR
2026-02-05T17:45:00Z,35.2,68.35,-108.0,LONG,86.0,aFRR
2026-02-05T18:00:00Z,-3.08,83.13,-588.0,LONG,414.0,aFRR
2026-02-05T18:15:00Z,64.73,112.62,167.0,SHORT,104.0,RR
2026-02-05T18:30:00Z,4.71,71.58,-580.0,LONG,323.0,mFRR
2026-02-05T18:45:00Z,76.97,138.36,318.0,SHORT,237.0,aFRR
2026-02-05T19:00:00Z,73.87,77.99,-53.0,BALANCED,0,
2026-02-05T19:15:00Z,67.23,87.08,120.0,SHORT,46.0,RR
2026-02-05T19:30:00Z,-0.49,76.06,-618.0,LONG,426.0,aFRR
2026-02-05T19:45:00Z,36.28,80.09,-260.0,LONG,174.0,mFRR
2026-02-05T20:00:00Z,67.24,123.8,431.0,SHORT,133.0,mFRR
2026-02-05T20:15:00Z,61.91,126.24,419.0,SHORT,203.0,aFRR
2026-02-05T20:30:00Z,65.86,74.52,58.0,BALANCED,0,
2026-02-05T20:45:00Z,71.07,74.83,-15.0,BALANCED,0,
2026-02-05T21:00:00Z,37.9,74.16,-238.0,LONG,170.0,mFRR
2026-02-05T21:15:00Z,68.85,74.2,-38.0,BALANCED,0,
2026-02-05T21:30:00Z,67.43,75.66,-99.0,BALANCED,0,
2026-02-05T21:45:00Z,36.93,78.46,-363.0,LONG,136.0,mFRR
2026-02-05T22:00:00Z,12.4,81.92,-527.0,LONG,389.0,RR
2026-02-05T22:15:00Z,13.8,74.27,-319.0,LONG,223.0,mFRR
2026-02-05T22:30:00Z,64.7,113.15,127.0,SHORT,86.0,mFRR
2026-02-05T22:45:00Z,69.77,125.22,467.0,SHORT,246.0,aFRR
2026-02-05T23:00:00Z,69.19,102.63,301.0,SHORT,98.0,aFRR
2026-02-05T23:15:00Z,68.31,74.46,-95.0,BALANCED,0,
2026-02-05T23:30:00Z,71.2,132.69,191.0,SHORT,110.0,RR
2026-02-05T23:45:00Z,23.09,78.04,-424.0,LONG,311.0,aFRR
2026-02-06T00:00:00Z,66.91,74.45,25.0,BALANCED,0,
2026-02-06T00:15:00Z,68.97,72.16,-0.0,BALANCED,0,
2026-02-06T00:30:00Z,61.68,75.98,-114.0,LONG,73.0,RR
2026-02-06T00:45:00Z,69.45,105.45,306.0,SHORT,117.0,RR
2026-02-06T01:00:00Z,64.52,104.7,148.0,SHORT,75.0,mFRR
2026-02-06T01:15:00Z,69.42,78.57,-25.0,BALANCED,0,
2026-02-06T01:30:00Z,67.59,91.84,113.0,SHORT,45.0,RR
2026-02-06T01:45:00Z,45.54,78.57,-250.0,LONG,189.0,aFRR
2026-02-06T02:00:00Z,31.13,77.29,-366.0,LONG,174.0,RR
2026-02-06T02:15:00Z,71.31,73.36,-97.0,BALANCED,0,
2026-02-06T02:30:00Z,67.62,129.01,208.0,SHORT,133.0,aFRR
2026-02-06T02:45:00Z,34.16,73.95,-261.0,LONG,164.0,RR
2026-02-06T03:00:00Z,69.4,76.9,-82.0,BALANCED,0,
2026-02-06T03:15:00Z,67.01,74.73,-2.0,BALANCED,0,
2026-02-06T03:30:00Z,68.94,115.78,428.0,SHORT,289.0,mFRR
2026-02-06T03:45:00Z,60.05,75.52,-108.0,LONG,33.0,mFRR
2026-02-06T04:00:00Z,43.22,73.73,-152.0,LONG,55.0,aFRR
2026-02-06T04:15:00Z,-7.88,70.79,-688.0,LONG,461.0,aFRR
2026-02-06T04:30:00Z,71.48,116.85,256.0,SHORT,91.0,mFRR
2026-02-06T04:45:00Z,19.8,77.71,-344.0,LONG,187.0,aFRR
2026-02-06T05:00:00Z,66.83,90.82,236.0,SHORT,105.0,RR
2026-02-06T05:15:00Z,70.51,125.6,378.0,SHORT,192.0,aFRR
2026-02-06T05:30:00Z,54.63,78.5,-245.0,LONG,100.0,aFRR
2026-02-06T05:45:00Z,63.74,101.63,182.0,SHORT,112.0,aFRR
2026-02-06T06:00:00Z,31.58,76.03,-291.0,LONG,186.0,RR
2026-02-06T06:15:00Z,71.65,119.22,459.0,SHORT,281.0,mFRR
2026-02-06T06:30:00Z,65.04,172.07,686.0,SHORT,473.0,aFRR
2026-02-06T06:45:00Z,64.13,117.57,330.0,SHORT,159.0,aFRR
2026-02-06T07:00:00Z,67.02,87.04,230.0,SHORT,132.0,aFRR
2026-02-06T07:15:00Z,69.17,77.07,-81.0,BALANCED,0,
2026-02-06T07:30:00Z,3.04,77.94,-546.0,LONG,433.0,aFRR
2026-02-06T07:45:00Z,66.72,75.59,-81.0,BALANCED,0,
2026-02-06T08:00:00Z,73.15,74.97,41.0,BALANCED,0,
2026-02-06T08:15:00Z,70.82,128.5,237.0,SHORT,123.0,mFRR
2026-02-06T08:30:00Z,67.86,210.69,876.0,SHORT,418.0,aFRR
2026-02-06T08:45:00Z,71.27,124.25,223.0,SHORT,116.0,RR
2026-02-06T09:00:00Z,22.91,76.77,-335.0,LONG,152.0,aFRR
2026-02-06T09:15:00Z,-6.04,79.39,-642.0,LONG,498.0,RR
2026-02-06T09:30:00Z,47.16,79.14,-120.0,LONG,84.0,aFRR
2026-02-06T09:45:00Z,68.67,107.64,151.0,SHORT,56.0,mFRR
2026-02-06T10:00:00Z,-3.28,72.78,-567.0,LONG,306.0,mFRR
2026-02-06T10:15:00Z,70.95,150.6,457.0,SHORT,223.0,mFRR
2026-02-06T10:30:00Z,64.25,82.35,135.0,SHORT,94.0,mFRR
2026-02-06T10:45:00Z,67.53,74.42,45.0,BALANCED,0,
2026-02-06T11:00:00Z,38.68,75.48,-221.0,LONG,166.0,mFRR
2026-02-06T11:15:00Z,64.83,157.65,550.0,SHORT,311.0,RR
2026-02-06T11:30:00Z,67.77,125.14,168.0,SHORT,59.0,mFRR
2026-02-06T11:45:00Z,35.92,72.15,-231.0,LONG,92.0,aFRR
2026-02-06T12:00:00Z,67.76,141.87,300.0,SHORT,208.0,mFRR
2026-02-06T12:15:00Z,69.95,78.35,-19.0,BALANCED,0,
2026-02-06T12:30:00Z,1.38,81.1,-753.0,LONG,237.0,RR
2026-02-06T12:45:00Z,49.99,80.06,-110.0,LONG,52.0,aFRR
2026-02-06T13:00:00Z,21.97,78.78,-416.0,LONG,186.0,mFRR
2026-02-06T13:15:00Z,67.56,74.05,-63.0,BALANCED,0,
2026-02-06T13:30:00Z,17.18,77.09,-471.0,LONG,154.0,mFRR
2026-02-06T13:45:00Z,47.81,74.31,-217.0,LONG,163.0,RR
2026-02-06T14:00:00Z,67.08,74.05,-67.0,BALANCED,0,
2026-02-06T14:15:00Z,62.69,131.17,197.0,SHORT,126.0,aFRR
2026-02-06T14:30:00Z,70.61,73.59,21.0,BALANCED,0,
2026-02-06T14:45:00Z,53.66,76.61,-122.0,LONG,47.0,mFRR
2026-02-06T15:00:00Z,67.46,132.29,323.0,SHORT,178.0,mFRR
2026-02-06T15:15:00Z,64.49,127.36,243.0,SHORT,164.0,RR
2026-02-06T15:30:00Z,69.43,111.3,110.0,SHORT,61.0,aFRR
2026-02-06T15:45:00Z,38.83,79.76,-296.0,LONG,172.0,aFRR
2026-02-06T16:00:00Z,68.84,77.57,-89.0,BALANCED,0,
2026-02-06T16:15:00Z,55.2,73.99,-191.0,LONG,134.0,aFRR
2026-02-06T16:30:00Z,70.06,75.67,40.0,BALANCED,0,
2026-02-06T16:45:00Z,41.23,76.32,-118.0,LONG,94.0,mFRR
2026-02-06T17:00:00Z,71.57,113.36,297.0,SHORT,223.0,mFRR
2026-02-06T17:15:00Z,37.66,75.6,-202.0,LONG,124.0,RR
2026-02-06T17:30:00Z,65.4,93.65,377.0,SHORT,189.0,RR
2026-02-06T17:45:00Z,40.16,77.55,-131.0,LONG,98.0,aFRR
2026-02-06T18:00:00Z,63.58,121.04,231.0,SHORT,143.0,mFRR
2026-02-06T18:15:00Z,49.47,75.38,-254.0,LONG,114.0,RR
2026-02-06T18:30:00Z,79.34,75.31,-145.0,LONG,55.0,aFRR
2026-02-06T18:45:00Z,66.82,106.7,146.0,SHORT,74.0,mFRR
2026-02-06T19:00:00Z,33.6,75.23,-261.0,LONG,117.0,mFRR
2026-02-06T19:15:00Z,65.85,89.53,131.0,SHORT,80.0,mFRR
2026-02-06T19:30:00Z,15.41,76.36,-446.0,LONG,349.0,RR
2026-02-06T19:45:00Z,71.5,71.77,83.0,BALANCED,0,
2026-02-06T20:00:00Z,67.82,116.7,341.0,SHORT,149.0,mFRR
2026-02-06T20:15:00Z,70.3,94.07,221.0,SHORT,100.0,RR
2026-02-06T20:30:00Z,67.48,112.0,164.0,SHORT,109.0,RR
2026-02-06T20:45:00Z,67.07,76.65,11.0,BALANCED,0,
2026-02-06T21:00:00Z,70.13,105.06,118.0,SHORT,36.0,RR
2026-02-06T21:15:00Z,69.78,109.98,280.0,SHORT,98.0,mFRR
2026-02-06T21:30:00Z,60.44,97.58,303.0,SHORT,124.0,RR
2026-02-06T21:45:00Z,31.44,76.05,-260.0,LONG,168.0,aFRR
2026-02-06T22:00:00Z,67.35,75.77,-4.0,BALANCED,0,
2026-02-06T22:15:00Z,21.68,75.28,-445.0,LONG,329.0,RR
2026-02-06T22:30:00Z,71.89,116.76,241.0,SHORT,90.0,RR
2026-02-06T22:45:00Z,35.0,72.1,-284.0,LONG,96.0,mFRR
2026-02-06T23:00:00Z,69.83,76.58,-4.0,BALANCED,0,
2026-02-06T23:15:00Z,68.93,76.51,15.0,BALANCED,0,
2026-02-06T23:30:00Z,49.08,80.41,-113.0,LONG,60.0,mFRR
2026-02-06T23:45:00Z,-11.77,83.33,-709.0,LONG,213.0,mFRR
2026-02-07T00:00:00Z,56.46,80.85,-235.0,LONG,76.0,aFRR
2026-02-07T00:15:00Z,68.56,75.61,7.0,BALANCED,0,
2026-02-07T00:30:00Z,32.6,77.84,-286.0,LONG,172.0,RR
2026-02-07T00:45:00Z,68.13,74.0,-12.0,BALANCED,0,
2026-02-07T01:00:00Z,67.33,106.53,176.0,SHORT,105.0,mFRR
2026-02-07T01:15:00Z,65.18,107.69,157.0,SHORT,87.0,aFRR
2026-02-07T01:30:00Z,71.88,73.5,-34.0,BALANCED,0,
2026-02-07T01:45:00Z,29.38,78.29,-447.0,LONG,320.0,RR
2026-02-07T02:00:00Z,65.57,100.49,286.0,SHORT,205.0,mFRR
2026-02-07T02:15:00Z,32.76,76.92,-311.0,LONG,132.0,aFRR
2026-02-07T02:30:00Z,30.24,75.22,-250.0,LONG,79.0,aFRR
2026-02-07T02:45:00Z,68.8,90.42,250.0,SHORT,179.0,RR
2026-02-07T03:00:00Z,70.89,103.74,132.0,SHORT,95.0,aFRR
2026-02-07T03:15:00Z,55.76,77.18,-141.0,LONG,60.0,aFRR
2026-02-07T03:30:00Z,18.47,76.19,-334.0,LONG,111.0,RR
2026-02-07T03:45:00Z,41.4,74.53,-193.0,LONG,88.0,aFRR
2026-02-07T04:00:00Z,69.99,75.83,-44.0,BALANCED,0,
2026-02-07T04:15:00Z,12.61,76.29,-571.0,LONG,241.0,RR
2026-02-07T04:30:00Z,69.74,76.32,-7.0,BALANCED,0,
2026-02-07T04:45:00Z,63.88,181.61,538.0,SHORT,316.0,RR
2026-02-07T05:00:00Z,-2.27,79.1,-573.0,LONG,304.0,aFRR
2026-02-07T05:15:00Z,69.18,75.79,100.0,BALANCED,0,
2026-02-07T05:30:00Z,40.06,74.32,-174.0,LONG,62.0,RR
2026-02-07T05:45:00Z,65.65,104.21,204.0,SHORT,105.0,RR
2026-02-07T06:00:00Z,69.54,75.13,-93.0,BALANCED,0,
2026-02-07T06:15:00Z,69.3,150.69,423.0,SHORT,140.0,mFRR
2026-02-07T06:30:00Z,67.33,95.22,163.0,SHORT,98.0,RR
2026-02-07T06:45:00Z,68.13,112.48,199.0,SHORT,73.0,mFRR
2026-02-07T07:00:00Z,15.31,80.04,-476.0,LONG,184.0,mFRR
2026-02-07T07:15:00Z,68.44,73.57,16.0,BALANCED,0,
2026-02-07T07:30:00Z,67.15,116.7,327.0,SHORT,100.0,mFRR
2026-02-07T07:45:00Z,35.81,76.96,-290.0,LONG,97.0,mFRR
2026-02-07T08:00:00Z,68.99,73.28,-51.0,BALANCED,0,
2026-02-07T08:15:00Z,47.51,73.46,-108.0,LONG,58.0,RR
2026-02-07T08:30:00Z,22.53,75.86,-372.0,LONG,233.0,mFRR
2026-02-07T08:45:00Z,49.03,74.7,-108.0,LONG,51.0,RR
2026-02-07T09:00:00Z,66.54,96.33,280.0,SHORT,137.0,RR
2026-02-07T09:15:00Z,69.26,140.11,411.0,SHORT,149.0,aFRR
2026-02-07T09:30:00Z,70.44,76.67,91.0,BALANCED,0,
2026-02-07T09:45:00Z,22.8,78.9,-535.0,LONG,304.0,RR
2026-02-07T10:00:00Z,28.16,75.21,-367.0,LONG,282.0,mFRR
2026-02-07T10:15:00Z,31.88,75.01,-211.0,LONG,126.0,mFRR
2026-02-07T10:30:00Z,64.19,102.59,228.0,SHORT,147.0,mFRR
2026-02-07T10:45:00Z,70.49,76.58,11.0,BALANCED,0,
2026-02-07T11:00:00Z,32.31,78.38,-274.0,LONG,146.0,aFRR
2026-02-07T11:15:00Z,72.52,85.33,206.0,SHORT,80.0,mFRR
2026-02-07T11:30:00Z,70.13,73.15,34.0,BALANCED,0,
2026-02-07T11:45:00Z,67.05,132.65,329.0,SHORT,145.0,mFRR
2026-02-07T12:00:00Z,69.01,73.95,-63.0,BALANCED,0,
2026-02-07T12:15:00Z,65.24,72.54,51.0,BALANCED,0,
2026-02-07T12:30:00Z,64.93,75.89,-20.0,BALANCED,0,
2026-02-07T12:45:00Z,67.35,76.72,-52.0,BALANCED,0,
2026-02-07T13:00:00Z,70.15,109.92,227.0,SHORT,129.0,aFRR
2026-02-07T13:15:00Z,66.77,94.8,129.0,SHORT,97.0,mFRR
2026-02-07T13:30:00Z,69.81,106.28,392.0,SHORT,186.0,mFRR
2026-02-07T13:45:00Z,67.04,75.24,27.0,BALANCED,0,
2026-02-07T14:00:00Z,52.06,78.01,-191.0,LONG,63.0,mFRR
2026-02-07T14:15:00Z,67.06,131.36,160.0,SHORT,59.0,mFRR
2026-02-07T14:30:00Z,68.41,107.89,205.0,SHORT,112.0,aFRR
2026-02-07T14:45:00Z,64.41,135.31,423.0,SHORT,148.0,RR
2026-02-07T15:00:00Z,71.24,76.0,-43.0,BALANCED,0,
2026-02-07T15:15:00Z,69.65,73.48,-80.0,BALANCED,0,
2026-02-07T15:30:00Z,30.05,77.31,-308.0,LONG,188.0,aFRR
2026-02-07T15:45:00Z,59.72,113.71,148.0,SHORT,84.0,mFRR
2026-02-07T16:00:00Z,71.26,72.79,34.0,BALANCED,0,
2026-02-07T16:15:00Z,10.61,79.28,-457.0,LONG,236.0,RR
2026-02-07T16:30:00Z,63.69,128.34,250.0,SHORT,178.0,mFRR
2026-02-07T16:45:00Z,51.97,78.47,-129.0,LONG,66.0,aFRR
2026-02-07T17:00:00Z,70.77,76.95,-34.0,BALANCED,0,
2026-02-07T17:15:00Z,13.01,75.8,-425.0,LONG,183.0,RR
2026-02-07T17:30:00Z,66.76,75.17,-88.0,BALANCED,0,
2026-02-07T17:45:00Z,68.4,74.23,-32.0,BALANCED,0,
2026-02-07T18:00:00Z,65.12,138.04,469.0,SHORT,268.0,RR
2026-02-07T18:15:00Z,37.08,77.8,-210.0,LONG,130.0,aFRR
2026-02-07T18:30:00Z,63.23,139.74,270.0,SHORT,85.0,aFRR
2026-02-07T18:45:00Z,36.13,77.95,-347.0,LONG,165.0,RR
2026-02-07T19:00:00Z,46.36,76.96,-130.0,LONG,75.0,aFRR
2026-02-07T19:15:00Z,29.43,78.14,-408.0,LONG,135.0,aFRR
2026-02-07T19:30:00Z,64.67,111.88,155.0,SHORT,98.0,RR
2026-02-07T19:45:00Z,73.23,127.4,404.0,SHORT,303.0,aFRR
2026-02-07T20:00:00Z,38.76,75.52,-301.0,LONG,145.0,aFRR
2026-02-07T20:15:00Z,28.39,73.44,-237.0,LONG,125.0,aFRR
2026-02-07T20:30:00Z,17.65,73.21,-340.0,LONG,159.0,aFRR
2026-02-07T20:45:00Z,67.86,123.8,109.0,SHORT,73.0,aFRR
2026-02-07T21:00:00Z,68.75,75.81,-95.0,BALANCED,0,
2026-02-07T21:15:00Z,62.62,111.83,177.0,SHORT,114.0,RR
2026-02-07T21:30:00Z,67.68,72.51,59.0,BALANCED,0,
2026-02-07T21:45:00Z,65.44,160.13,590.0,SHORT,343.0,RR
2026-02-07T22:00:00Z,67.6,129.99,150.0,SHORT,72.0,mFRR
2026-02-07T22:15:00Z,67.2,76.21,5.0,BALANCED,0,
2026-02-07T22:30:00Z,62.09,112.73,162.0,SHORT,58.0,mFRR
2026-02-07T22:45:00Z,-0.08,76.04,-639.0,LONG,224.0,aFRR
2026-02-07T23:00:00Z,70.07,99.77,147.0,SHORT,114.0,mFRR
2026-02-07T23:15:00Z,10.5,78.27,-482.0,LONG,226.0,RR
2026-02-07T23:30:00Z,69.6,72.34,14.0,BALANCED,0,
2026-02-07T23:45:00Z,58.64,76.5,-236.0,LONG,141.0,mFRR
2026-02-08T00:00:00Z,65.7,120.21,322.0,SHORT,98.0,aFRR
2026-02-08T00:15:00Z,63.06,132.65,447.0,SHORT,227.0,RR
2026-02-08T00:30:00Z,40.54,74.47,-140.0,LONG,80.0,aFRR
2026-02-08T00:45:00Z,65.85,161.98,287.0,SHORT,159.0,aFRR
2026-02-08T01:00:00Z,2.15,81.56,-407.0,LONG,187.0,mFRR
2026-02-08T01:15:00Z,72.5,91.99,143.0,SHORT,110.0,mFRR
2026-02-08T01:30:00Z,44.69,75.99,-217.0,LONG,69.0,aFRR
2026-02-08T01:45:00Z,72.05,76.58,10.0,BALANCED,0,
2026-02-08T02:00:00Z,23.12,78.78,-397.0,LONG,313.0,mFRR
2026-02-08T02:15:00Z,19.63,78.24,-437.0,LONG,338.0,aFRR
2026-02-08T02:30:00Z,71.27,76.16,65.0,BALANCED,0,
2026-02-08T02:45:00Z,65.22,118.51,437.0,SHORT,347.0,aFRR
2026-02-08T03:00:00Z,12.36,77.84,-399.0,LONG,139.0,RR
2026-02-08T03:15:00Z,35.63,78.93,-176.0,LONG,140.0,aFRR
2026-02-08T03:30:00Z,68.82,78.25,2.0,BALANCED,0,
2026-02-08T03:45:00Z,68.03,74.37,7.0,BALANCED,0,
2026-02-08T04:00:00Z,27.47,78.37,-384.0,LONG,227.0,aFRR
2026-02-08T04:15:00Z,31.37,78.19,-323.0,LONG,103.0,mFRR
2026-02-08T04:30:00Z,14.07,77.26,-404.0,LONG,198.0,aFRR
2026-02-08T04:45:00Z,66.09,109.08,203.0,SHORT,100.0,aFRR
2026-02-08T05:00:00Z,49.7,74.45,-145.0,LONG,65.0,aFRR
2026-02-08T05:15:00Z,63.05,117.81,330.0,SHORT,153.0,RR
2026-02-08T05:30:00Z,71.33,74.58,7.0,BALANCED,0,
2026-02-08T05:45:00Z,68.83,76.47,-15.0,BALANCED,0,
2026-02-08T06:00:00Z,70.02,77.28,-81.0,BALANCED,0,
2026-02-08T06:15:00Z,56.9,102.57,185.0,SHORT,130.0,RR
2026-02-08T06:30:00Z,65.16,112.99,307.0,SHORT,133.0,aFRR
2026-02-08T06:45:00Z,65.74,111.13,270.0,SHORT,102.0,mFRR
2026-02-08T07:00:00Z,67.19,143.04,447.0,SHORT,171.0,mFRR
2026-02-08T07:15:00Z,69.53,72.67,70.0,BALANCED,0,
2026-02-08T07:30:00Z,69.55,73.39,7.0,BALANCED,0,
2026-02-08T07:45:00Z,23.21,74.34,-557.0,LONG,199.0,mFRR
2026-02-08T08:00:00Z,63.81,78.3,-116.0,LONG,58.0,aFRR
2026-02-08T08:15:00Z,70.74,131.59,453.0,SHORT,303.0,RR
2026-02-08T08:30:00Z,72.44,134.18,340.0,SHORT,224.0,aFRR
2026-02-08T08:45:00Z,66.93,95.7,127.0,SHORT,92.0,mFRR
2026-02-08T09:00:00Z,40.78,75.78,-182.0,LONG,84.0,RR
2026-02-08T09:15:00Z,65.32,143.15,240.0,SHORT,101.0,RR
2026-02-08T09:30:00Z,66.29,133.79,312.0,SHORT,156.0,aFRR
2026-02-08T09:45:00Z,65.85,75.64,3.0,BALANCED,0,
2026-02-08T10:00:00Z,65.0,97.22,160.0,SHORT,50.0,mFRR
2026-02-08T10:15:00Z,69.2,144.52,357.0,SHORT,209.0,aFRR
2026-02-08T10:30:00Z,67.63,74.14,-56.0,BALANCED,0,
2026-02-08T10:45:00Z,48.29,79.59,-141.0,LONG,103.0,aFRR
2026-02-08T11:00:00Z,68.21,76.74,75.0,BALANCED,0,
2026-02-08T11:15:00Z,-11.14,76.85,-727.0,LONG,336.0,RR
2026-02-08T11:30:00Z,56.46,79.27,-251.0,LONG,94.0,aFRR
2026-02-08T11:45:00Z,67.26,143.04,439.0,SHORT,190.0,RR
2026-02-08T12:00:00Z,68.43,158.39,664.0,SHORT,220.0,mFRR
2026-02-08T12:15:00Z,29.96,79.35,-298.0,LONG,214.0,aFRR
2026-02-08T12:30:00Z,66.59,85.41,201.0,SHORT,116.0,aFRR
2026-02-08T12:45:00Z,63.05,116.11,264.0,SHORT,133.0,aFRR
2026-02-08T13:00:00Z,65.03,110.55,460.0,SHORT,196.0,aFRR
2026-02-08T13:15:00Z,65.14,147.53,474.0,SHORT,229.0,RR
2026-02-08T13:30:00Z,65.3,156.22,584.0,SHORT,186.0,mFRR
2026-02-08T13:45:00Z,37.5,75.05,-306.0,LONG,196.0,mFRR
2026-02-08T14:00:00Z,62.74,88.64,275.0,SHORT,88.0,mFRR
2026-02-08T14:15:00Z,64.35,108.91,186.0,SHORT,118.0,aFRR
2026-02-08T14:30:00Z,39.65,71.12,-197.0,LONG,122.0,mFRR
2026-02-08T14:45:00Z,34.5,76.34,-232.0,LONG,138.0,aFRR
2026-02-08T15:00:00Z,7.76,80.57,-461.0,LONG,356.0,mFRR
2026-02-08T15:15:00Z,68.5,109.12,138.0,SHORT,67.0,RR
2026-02-08T15:30:00Z,4.42,81.44,-569.0,LONG,425.0,mFRR
2026-02-08T15:45:00Z,67.53,75.95,-48.0,BALANCED,0,
2026-02-08T16:00:00Z,22.09,79.75,-310.0,LONG,233.0,aFRR
2026-02-08T16:15:00Z,18.5,76.5,-357.0,LONG,260.0,mFRR
2026-02-08T16:30:00Z,74.81,75.62,-51.0,BALANCED,0,
2026-02-08T16:45:00Z,38.75,78.16,-125.0,LONG,72.0,RR
2026-02-08T17:00:00Z,69.78,75.83,58.0,BALANCED,0,
2026-02-08T17:15:00Z,65.79,73.72,-79.0,BALANCED,0,
2026-02-08T17:30:00Z,27.19,75.54,-278.0,LONG,212.0,RR
2026-02-08T17:45:00Z,67.41,118.41,389.0,SHORT,163.0,RR
2026-02-08T18:00:00Z,68.31,74.26,-42.0,BALANCED,0,
2026-02-08T18:15:00Z,4.54,74.95,-488.0,LONG,229.0,mFRR
2026-02-08T18:30:00Z,46.28,79.86,-140.0,LONG,103.0,mFRR
2026-02-08T18:45:00Z,-5.45,73.87,-676.0,LONG,516.0,mFRR
2026-02-08T19:00:00Z,33.76,79.02,-298.0,LONG,105.0,RR
2026-02-08T19:15:00Z,70.02,106.83,254.0,SHORT,133.0,RR
2026-02-08T19:30:00Z,17.76,82.56,-424.0,LONG,141.0,aFRR
2026-02-08T19:45:00Z,24.58,79.04,-492.0,LONG,155.0,RR
2026-02-08T20:00:00Z,40.16,74.84,-217.0,LONG,131.0,aFRR
2026-02-08T20:15:00Z,72.44,76.5,-27.0,BALANCED,0,
2026-02-08T20:30:00Z,62.13,126.75,294.0,SHORT,182.0,aFRR
2026-02-08T20:45:00Z,65.73,109.19,198.0,SHORT,145.0,aFRR
2026-02-08T21:00:00Z,9.43,78.54,-574.0,LONG,358.0,RR
2026-02-08T21:15:00Z,70.89,98.91,146.0,SHORT,102.0,mFRR
2026-02-08T21:30:00Z,69.11,71.8,-56.0,BALANCED,0,
2026-02-08T21:45:00Z,47.74,78.4,-226.0,LONG,87.0,RR
2026-02-08T22:00:00Z,70.25,115.4,295.0,SHORT,128.0,mFRR
2026-02-08T22:15:00Z,8.85,75.77,-461.0,LONG,265.0,aFRR
2026-02-08T22:30:00Z,66.71,168.72,534.0,SHORT,259.0,aFRR
2026-02-08T22:45:00Z,70.01,77.05,63.0,BALANCED,0,
2026-02-08T23:00:00Z,66.13,75.21,-30.0,BALANCED,0,
2026-02-08T23:15:00Z,35.34,78.07,-273.0,LONG,122.0,aFRR
2026-02-08T23:30:00Z,69.71,190.48,744.0,SHORT,519.0,aFRR
2026-02-08T23:45:00Z,67.65,90.63,178.0,SHORT,134.0,aFRR
2026-02-09T00:00:00Z,71.15,162.56,526.0,SHORT,233.0,RR
2026-02-09T00:15:00Z,47.85,80.33,-267.0,LONG,122.0,mFRR
2026-02-09T00:30:00Z,68.3,157.1,484.0,SHORT,227.0,aFRR
2026-02-09T00:45:00Z,65.43,132.51,106.0,SHORT,36.0,aFRR
2026-02-09T01:00:00Z,18.55,79.62,-363.0,LONG,197.0,RR
2026-02-09T01:15:00Z,36.76,75.41,-172.0,LONG,77.0,mFRR
2026-02-09T01:30:00Z,69.21,137.89,598.0,SHORT,231.0,RR
2026-02-09T01:45:00Z,63.35,124.31,306.0,SHORT,178.0,RR
2026-02-09T02:00:00Z,73.16,73.8,1.0,BALANCED,0,
2026-02-09T02:15:00Z,50.42,74.2,-124.0,LONG,93.0,RR
2026-02-09T02:30:00Z,39.91,72.21,-262.0,LONG,119.0,mFRR
2026-02-09T02:45:00Z,69.68,76.04,78.0,BALANCED,0,
2026-02-09T03:00:00Z,-0.35,75.41,-653.0,LONG,400.0,aFRR
2026-02-09T03:15:00Z,57.32,79.19,-149.0,LONG,53.0,aFRR
2026-02-09T03:30:00Z,69.2,73.36,22.0,BALANCED,0,
2026-02-09T03:45:00Z,68.81,75.41,19.0,BALANCED,0,
2026-02-09T04:00:00Z,70.83,164.35,599.0,SHORT,297.0,RR
2026-02-09T04:15:00Z,66.1,135.9,383.0,SHORT,180.0,aFRR
2026-02-09T04:30:00Z,67.46,116.37,134.0,SHORT,50.0,mFRR
2026-02-09T04:45:00Z,68.73,76.19,-25.0,BALANCED,0,
2026-02-09T05:00:00Z,72.27,108.06,113.0,SHORT,60.0,RR
2026-02-09T05:15:00Z,70.93,90.87,136.0,SHORT,81.0,aFRR
2026-02-09T05:30:00Z,48.19,79.31,-252.0,LONG,86.0,aFRR
2026-02-09T05:45:00Z,44.64,79.42,-217.0,LONG,151.0,mFRR
2026-02-09T06:00:00Z,-0.02,79.28,-482.0,LONG,223.0,RR
2026-02-09T06:15:00Z,19.66,77.62,-444.0,LONG,216.0,aFRR
2026-02-09T06:30:00Z,65.48,107.45,292.0,SHORT,214.0,RR
2026-02-09T06:45:00Z,72.21,125.0,119.0,SHORT,91.0,aFRR
2026-02-09T07:00:00Z,58.53,78.15,-129.0,LONG,101.0,RR
2026-02-09T07:15:00Z,50.83,77.1,-143.0,LONG,49.0,RR
2026-02-09T07:30:00Z,72.67,75.5,82.0,BALANCED,0,
2026-02-09T07:45:00Z,32.46,78.61,-267.0,LONG,159.0,mFRR
2026-02-09T08:00:00Z,69.0,114.36,281.0,SHORT,131.0,mFRR
2026-02-09T08:15:00Z,69.25,73.45,11.0,BALANCED,0,
2026-02-09T08:30:00Z,62.93,135.28,398.0,SHORT,183.0,RR
2026-02-09T08:45:00Z,68.69,145.01,504.0,SHORT,195.0,aFRR
2026-02-09T09:00:00Z,64.26,96.31,271.0,SHORT,133.0,RR
2026-02-09T09:15:00Z,70.83,134.52,222.0,SHORT,77.0,aFRR
2026-02-09T09:30:00Z,5.57,75.01,-374.0,LONG,210.0,mFRR
2026-02-09T09:45:00Z,65.27,130.92,304.0,SHORT,93.0,aFRR
2026-02-09T10:00:00Z,63.87,131.3,487.0,SHORT,361.0,aFRR
2026-02-09T10:15:00Z,67.7,72.54,-49.0,BALANCED,0,
2026-02-09T10:30:00Z,60.65,148.74,417.0,SHORT,285.0,RR
2026-02-09T10:45:00Z,62.56,142.95,810.0,SHORT,555.0,mFRR
2026-02-09T11:00:00Z,70.26,115.33,210.0,SHORT,127.0,mFRR
2026-02-09T11:15:00Z,67.78,77.38,69.0,BALANCED,0,
2026-02-09T11:30:00Z,22.01,67.66,-198.0,LONG,91.0,mFRR
2026-02-09T11:45:00Z,15.54,78.26,-349.0,LONG,111.0,RR
2026-02-09T12:00:00Z,65.47,72.94,34.0,BALANCED,0,
2026-02-09T12:15:00Z,40.13,78.73,-176.0,LONG,72.0,aFRR
2026-02-09T12:30:00Z,38.17,81.07,-257.0,LONG,82.0,mFRR
2026-02-09T12:45:00Z,69.6,102.18,184.0,SHORT,63.0,RR
2026-02-09T13:00:00Z,66.97,74.9,49.0,BALANCED,0,
2026-02-09T13:15:00Z,68.43,75.39,14.0,BALANCED,0,
2026-02-09T13:30:00Z,69.55,75.49,11.0,BALANCED,0,
2026-02-09T13:45:00Z,45.34,72.04,-104.0,LONG,42.0,RR
2026-02-09T14:00:00Z,65.47,75.26,32.0,BALANCED,0,
2026-02-09T14:15:00Z,66.1,73.84,-54.0,BALANCED,0,
2026-02-09T14:30:00Z,-10.96,76.94,-641.0,LONG,271.0,mFRR
2026-02-09T14:45:00Z,69.1,75.27,-67.0,BALANCED,0,
2026-02-09T15:00:00Z,42.91,79.91,-266.0,LONG,116.0,mFRR
2026-02-09T15:15:00Z,68.77,166.65,709.0,SHORT,321.0,aFRR
2026-02-09T15:30:00Z,63.73,152.98,532.0,SHORT,342.0,mFRR
2026-02-09T15:45:00Z,12.81,71.36,-356.0,LONG,237.0,mFRR
2026-02-09T16:00:00Z,65.5,165.91,467.0,SHORT,366.0,mFRR
2026-02-09T16:15:00Z,72.06,122.23,184.0,SHORT,86.0,mFRR
2026-02-09T16:30:00Z,70.78,79.05,-69.0,BALANCED,0,
2026-02-09T16:45:00Z,36.52,74.0,-165.0,LONG,122.0,aFRR
2026-02-09T17:00:00Z,24.84,76.75,-341.0,LONG,179.0,aFRR
2026-02-09T17:15:00Z,66.52,143.59,438.0,SHORT,336.0,mFRR
2026-02-09T17:30:00Z,69.44,123.0,299.0,SHORT,215.0,aFRR
2026-02-09T17:45:00Z,67.63,77.93,36.0,BALANCED,0,
2026-02-09T18:00:00Z,72.46,74.13,85.0,BALANCED,0,
2026-02-09T18:15:00Z,66.37,73.97,-32.0,BALANCED,0,
2026-02-09T18:30:00Z,7.54,79.93,-478.0,LONG,222.0,RR
2026-02-09T18:45:00Z,70.05,114.2,197.0,SHORT,126.0,aFRR
2026-02-09T19:00:00Z,68.01,76.74,41.0,BALANCED,0,
2026-02-09T19:15:00Z,29.12,79.84,-424.0,LONG,232.0,RR
2026-02-09T19:30:00Z,16.63,75.8,-479.0,LONG,169.0,aFRR
2026-02-09T19:45:00Z,16.37,75.47,-461.0,LONG,358.0,mFRR
2026-02-09T20:00:00Z,55.94,74.83,-117.0,LONG,48.0,RR
2026-02-09T20:15:00Z,62.65,109.62,164.0,SHORT,103.0,RR
2026-02-09T20:30:00Z,70.52,103.5,113.0,SHORT,68.0,mFRR
2026-02-09T20:45:00Z,45.23,77.37,-198.0,LONG,62.0,aFRR
2026-02-09T21:00:00Z,25.13,82.1,-497.0,LONG,323.0,aFRR
2026-02-09T21:15:00Z,71.86,117.47,191.0,SHORT,146.0,RR
2026-02-09T21:30:00Z,35.7,77.0,-249.0,LONG,144.0,RR
2026-02-09T21:45:00Z,64.99,150.18,482.0,SHORT,238.0,mFRR
2026-02-09T22:00:00Z,12.78,81.71,-569.0,LONG,268.0,RR
2026-02-09T22:15:00Z,29.39,72.66,-363.0,LONG,129.0,aFRR
2026-02-09T22:30:00Z,46.42,73.8,-161.0,LONG,98.0,RR
2026-02-09T22:45:00Z,39.75,77.66,-278.0,LONG,145.0,mFRR
2026-02-09T23:00:00Z,66.69,101.71,154.0,SHORT,112.0,mFRR
2026-02-09T23:15:00Z,68.93,92.3,103.0,SHORT,56.0,mFRR
2026-02-09T23:30:00Z,34.81,76.4,-271.0,LONG,162.0,aFRR
2026-02-09T23:45:00Z,67.45,128.71,322.0,SHORT,151.0,aFRR
2026-02-10T00:00:00Z,67.2,72.89,50.0,BALANCED,0,
2026-02-10T00:15:00Z,68.49,75.15,30.0,BALANCED,0,
2026-02-10T00:30:00Z,68.25,74.3,62.0,BALANCED,0,
2026-02-10T00:45:00Z,63.67,98.2,169.0,SHORT,131.0,RR
2026-02-10T01:00:00Z,6.62,79.86,-336.0,LONG,259.0,aFRR
2026-02-10T01:15:00Z,68.8,73.8,138.0,SHORT,103.0,RR
2026-02-10T01:30:00Z,24.37,76.1,-374.0,LONG,252.0,aFRR
2026-02-10T01:45:00Z,67.9,77.6,84.0,BALANCED,0,
2026-02-10T02:00:00Z,71.48,76.11,5.0,BALANCED,0,
2026-02-10T02:15:00Z,14.67,74.28,-329.0,LONG,177.0,mFRR
2026-02-10T02:30:00Z,42.37,79.09,-233.0,LONG,90.0,aFRR
2026-02-10T02:45:00Z,65.4,115.4,285.0,SHORT,189.0,mFRR
2026-02-10T03:00:00Z,73.49,75.6,-39.0,BALANCED,0,
2026-02-10T03:15:00Z,67.25,70.26,-22.0,BALANCED,0,
2026-02-10T03:30:00Z,-20.19,72.84,-816.0,LONG,619.0,mFRR
2026-02-10T03:45:00Z,66.88,114.61,547.0,SHORT,251.0,aFRR
2026-02-10T04:00:00Z,68.51,74.67,84.0,BALANCED,0,
2026-02-10T04:15:00Z,65.98,90.97,151.0,SHORT,103.0,RR
2026-02-10T04:30:00Z,67.27,74.43,17.0,BALANCED,0,
2026-02-10T04:45:00Z,-18.96,78.75,-812.0,LONG,584.0,RR
2026-02-10T05:00:00Z,44.98,77.21,-185.0,LONG,133.0,aFRR
2026-02-10T05:15:00Z,33.81,80.27,-407.0,LONG,143.0,mFRR
2026-02-10T05:30:00Z,18.06,78.79,-444.0,LONG,233.0,aFRR
2026-02-10T05:45:00Z,66.75,168.9,537.0,SHORT,349.0,aFRR
2026-02-10T06:00:00Z,-10.36,76.51,-699.0,LONG,432.0,mFRR
2026-02-10T06:15:00Z,-21.85,82.37,-854.0,LONG,645.0,aFRR
2026-02-10T06:30:00Z,64.62,117.44,234.0,SHORT,95.0,mFRR
2026-02-10T06:45:00Z,67.31,155.12,547.0,SHORT,386.0,aFRR
2026-02-10T07:00:00Z,67.8,76.3,-50.0,BALANCED,0,
2026-02-10T07:15:00Z,6.98,82.73,-576.0,LONG,436.0,mFRR
2026-02-10T07:30:00Z,68.99,73.97,-32.0,BALANCED,0,
2026-02-10T07:45:00Z,34.96,80.19,-230.0,LONG,159.0,mFRR
2026-02-10T08:00:00Z,66.97,71.83,-90.0,BALANCED,0,
2026-02-10T08:15:00Z,30.92,74.57,-216.0,LONG,95.0,mFRR
2026-02-10T08:30:00Z,-30.78,82.64,-830.0,LONG,629.0,mFRR
2026-02-10T08:45:00Z,70.47,74.06,-92.0,BALANCED,0,
2026-02-10T09:00:00Z,66.56,74.63,3.0,BALANCED,0,
2026-02-10T09:15:00Z,64.62,123.97,344.0,SHORT,190.0,aFRR
2026-02-10T09:30:00Z,69.52,114.88,189.0,SHORT,107.0,aFRR
2026-02-10T09:45:00Z,69.7,71.56,77.0,BALANCED,0,
2026-02-10T10:00:00Z,70.78,113.35,404.0,SHORT,296.0,aFRR
2026-02-10T10:15:00Z,35.31,70.07,-271.0,LONG,82.0,RR
2026-02-10T10:30:00Z,16.88,76.42,-373.0,LONG,147.0,RR
2026-02-10T10:45:00Z,51.29,73.04,-187.0,LONG,72.0,mFRR
2026-02-10T11:00:00Z,66.66,132.09,426.0,SHORT,232.0,mFRR
2026-02-10T11:15:00Z,45.25,75.82,-202.0,LONG,84.0,RR
2026-02-10T11:30:00Z,48.69,77.8,-156.0,LONG,73.0,RR
2026-02-10T11:45:00Z,70.97,75.5,85.0,BALANCED,0,
2026-02-10T12:00:00Z,67.74,74.54,-56.0,BALANCED,0,
2026-02-10T12:15:00Z,68.15,97.77,133.0,SHORT,67.0,RR
2026-02-10T12:30:00Z,66.36,138.72,530.0,SHORT,253.0,aFRR
2026-02-10T12:45:00Z,64.9,91.85,153.0,SHORT,77.0,mFRR
2026-02-10T13:00:00Z,-3.29,73.58,-662.0,LONG,316.0,aFRR
2026-02-10T13:15:00Z,70.97,72.11,19.0,BALANCED,0,
2026-02-10T13:30:00Z,70.47,136.38,435.0,SHORT,258.0,mFRR
2026-02-10T13:45:00Z,73.49,124.93,221.0,SHORT,77.0,aFRR
2026-02-10T14:00:00Z,67.36,162.62,403.0,SHORT,208.0,mFRR
2026-02-10T14:15:00Z,59.52,77.22,-156.0,LONG,105.0,RR
2026-02-10T14:30:00Z,61.2,100.02,293.0,SHORT,106.0,aFRR
2026-02-10T14:45:00Z,68.35,73.42,2.0,BALANCED,0,
2026-02-10T15:00:00Z,68.22,124.23,200.0,SHORT,123.0,RR
2026-02-10T15:15:00Z,47.25,77.16,-208.0,LONG,110.0,RR
2026-02-10T15:30:00Z,66.67,160.4,511.0,SHORT,267.0,aFRR
2026-02-10T15:45:00Z,44.47,76.21,-141.0,LONG,67.0,mFRR
2026-02-10T16:00:00Z,63.83,115.48,145.0,SHORT,113.0,mFRR
2026-02-10T16:15:00Z,68.96,73.93,1.0,BALANCED,0,
2026-02-10T16:30:00Z,44.47,71.45,-176.0,LONG,122.0,RR
2026-02-10T16:45:00Z,66.93,122.49,136.0,SHORT,48.0,RR
2026-02-10T17:00:00Z,12.68,80.42,-525.0,LONG,291.0,mFRR
2026-02-10T17:15:00Z,67.45,136.29,339.0,SHORT,256.0,aFRR
2026-02-10T17:30:00Z,47.15,73.38,-177.0,LONG,98.0,RR
2026-02-10T17:45:00Z,44.65,74.58,-176.0,LONG,87.0,aFRR
2026-02-10T18:00:00Z,67.2,77.77,31.0,BALANCED,0,
2026-02-10T18:15:00Z,67.0,107.1,261.0,SHORT,167.0,aFRR
2026-02-10T18:30:00Z,62.94,92.77,147.0,SHORT,109.0,mFRR
2026-02-10T18:45:00Z,40.7,73.76,-169.0,LONG,121.0,mFRR
2026-02-10T19:00:00Z,68.13,76.87,24.0,BALANCED,0,
2026-02-10T19:15:00Z,23.4,77.78,-391.0,LONG,150.0,aFRR
2026-02-10T19:30:00Z,65.37,134.63,313.0,SHORT,181.0,mFRR
2026-02-10T19:45:00Z,65.5,77.39,51.0,BALANCED,0,
2026-02-10T20:00:00Z,69.62,76.15,-18.0,BALANCED,0,
2026-02-10T20:15:00Z,43.38,79.92,-416.0,LONG,155.0,RR
2026-02-10T20:30:00Z,32.54,77.61,-319.0,LONG,105.0,aFRR
2026-02-10T20:45:00Z,66.05,79.77,-13.0,BALANCED,0,
2026-02-10T21:00:00Z,28.83,73.91,-431.0,LONG,138.0,mFRR
2026-02-10T21:15:00Z,22.5,70.89,-398.0,LONG,153.0,RR
2026-02-10T21:30:00Z,66.09,116.0,332.0,SHORT,205.0,RR
2026-02-10T21:45:00Z,32.83,81.25,-317.0,LONG,184.0,mFRR
2026-02-10T22:00:00Z,65.23,137.72,245.0,SHORT,192.0,aFRR
2026-02-10T22:15:00Z,70.63,139.07,302.0,SHORT,195.0,RR
2026-02-10T22:30:00Z,39.38,75.05,-225.0,LONG,94.0,mFRR
2026-02-10T22:45:00Z,64.48,95.89,230.0,SHORT,76.0,aFRR
2026-02-10T23:00:00Z,53.11,80.14,-269.0,LONG,107.0,RR
2026-02-10T23:15:00Z,65.89,76.22,-63.0,BALANCED,0,
2026-02-10T23:30:00Z,50.29,78.09,-147.0,LONG,55.0,RR
2026-02-10T23:45:00Z,65.86,159.92,603.0,SHORT,347.0,RR
2026-02-11T00:00:00Z,66.71,76.1,-88.0,BALANCED,0,
2026-02-11T00:15:00Z,71.64,71.47,-65.0,BALANCED,0,
2026-02-11T00:30:00Z,33.01,84.32,-237.0,LONG,155.0,RR
2026-02-11T00:45:00Z,-4.84,79.73,-675.0,LONG,277.0,aFRR
2026-02-11T01:00:00Z,44.23,78.47,-119.0,LONG,44.0,RR
2026-02-11T01:15:00Z,40.98,77.58,-294.0,LONG,104.0,RR
2026-02-11T01:30:00Z,67.55,128.3,290.0,SHORT,118.0,aFRR
2026-02-11T01:45:00Z,64.57,119.2,153.0,SHORT,79.0,aFRR
2026-02-11T02:00:00Z,2.13,74.49,-592.0,LONG,459.0,RR
2026-02-11T02:15:00Z,31.51,73.39,-251.0,LONG,170.0,mFRR
2026-02-11T02:30:00Z,54.24,82.99,-182.0,LONG,69.0,RR
2026-02-11T02:45:00Z,69.7,73.05,38.0,BALANCED,0,
2026-02-11T03:00:00Z,47.55,77.2,-148.0,LONG,64.0,aFRR
2026-02-11T03:15:00Z,68.81,72.39,-80.0,BALANCED,0,
2026-02-11T03:30:00Z,67.31,164.86,567.0,SHORT,271.0,RR
2026-02-11T03:45:00Z,59.65,102.08,277.0,SHORT,129.0,mFRR
2026-02-11T04:00:00Z,67.45,72.68,98.0,BALANCED,0,
2026-02-11T04:15:00Z,68.33,122.38,189.0,SHORT,91.0,mFRR
2026-02-11T04:30:00Z,65.95,148.24,455.0,SHORT,210.0,RR
2026-02-11T04:45:00Z,46.07,78.13,-128.0,LONG,52.0,aFRR
2026-02-11T05:00:00Z,64.3,79.29,107.0,SHORT,48.0,RR
2026-02-11T05:15:00Z,63.52,110.08,458.0,SHORT,160.0,mFRR
2026-02-11T05:30:00Z,70.33,136.94,150.0,SHORT,65.0,RR
2026-02-11T05:45:00Z,32.28,77.48,-173.0,LONG,116.0,RR
2026-02-11T06:00:00Z,5.71,76.9,-525.0,LONG,190.0,RR
2026-02-11T06:15:00Z,70.0,75.63,90.0,BALANCED,0,
2026-02-11T06:30:00Z,70.54,76.33,-73.0,BALANCED,0,
2026-02-11T06:45:00Z,34.4,77.07,-187.0,LONG,143.0,mFRR
2026-02-11T07:00:00Z,70.18,121.98,638.0,SHORT,263.0,mFRR
2026-02-11T07:15:00Z,68.39,75.05,-66.0,BALANCED,0,
2026-02-11T07:30:00Z,20.26,78.3,-363.0,LONG,171.0,aFRR
2026-02-11T07:45:00Z,64.46,105.96,210.0,SHORT,152.0,mFRR
2026-02-11T08:00:00Z,67.15,143.28,155.0,SHORT,105.0,aFRR
2026-02-11T08:15:00Z,45.42,73.11,-344.0,LONG,188.0,mFRR
2026-02-11T08:30:00Z,20.39,76.94,-499.0,LONG,166.0,mFRR
2026-02-11T08:45:00Z,67.32,179.8,737.0,SHORT,548.0,mFRR
2026-02-11T09:00:00Z,69.12,71.4,-72.0,BALANCED,0,
2026-02-11T09:15:00Z,34.02,75.65,-259.0,LONG,118.0,aFRR
2026-02-11T09:30:00Z,65.66,125.64,239.0,SHORT,181.0,mFRR
2026-02-11T09:45:00Z,32.85,78.62,-356.0,LONG,201.0,RR
2026-02-11T10:00:00Z,66.59,108.95,400.0,SHORT,128.0,mFRR
2026-02-11T10:15:00Z,43.59,75.34,-277.0,LONG,105.0,aFRR
2026-02-11T10:30:00Z,69.9,75.12,-96.0,BALANCED,0,
2026-02-11T10:45:00Z,63.05,161.17,410.0,SHORT,301.0,aFRR
2026-02-11T11:00:00Z,68.04,72.07,-83.0,BALANCED,0,
2026-02-11T11:15:00Z,69.39,94.36,133.0,SHORT,43.0,mFRR
2026-02-11T11:30:00Z,71.94,120.07,332.0,SHORT,163.0,aFRR
2026-02-11T11:45:00Z,69.2,106.84,343.0,SHORT,149.0,RR
2026-02-11T12:00:00Z,70.22,75.76,-62.0,BALANCED,0,
2026-02-11T12:15:00Z,65.73,126.45,203.0,SHORT,68.0,mFRR
2026-02-11T12:30:00Z,68.26,73.26,-7.0,BALANCED,0,
2026-02-11T12:45:00Z,56.51,76.67,-166.0,LONG,126.0,aFRR
2026-02-11T13:00:00Z,67.07,74.25,-95.0,BALANCED,0,
2026-02-11T13:15:00Z,68.56,77.79,-9.0,BALANCED,0,
2026-02-11T13:30:00Z,70.54,74.88,54.0,BALANCED,0,
2026-02-11T13:45:00Z,42.79,76.97,-258.0,LONG,176.0,mFRR
2026-02-11T14:00:00Z,68.37,74.52,92.0,BALANCED,0,
2026-02-11T14:15:00Z,66.73,121.33,248.0,SHORT,110.0,mFRR
2026-02-11T14:30:00Z,63.85,157.32,565.0,SHORT,273.0,RR
2026-02-11T14:45:00Z,51.38,76.57,-138.0,LONG,64.0,mFRR
2026-02-11T15:00:00Z,68.13,169.83,746.0,SHORT,253.0,RR
2026-02-11T15:15:00Z,70.05,77.4,69.0,BALANCED,0,
2026-02-11T15:30:00Z,73.16,72.52,96.0,BALANCED,0,
2026-02-11T15:45:00Z,25.42,80.18,-189.0,LONG,138.0,RR
2026-02-11T16:00:00Z,66.35,111.99,180.0,SHORT,132.0,RR
2026-02-11T16:15:00Z,68.84,109.52,275.0,SHORT,205.0,aFRR
2026-02-11T16:30:00Z,28.77,70.56,-299.0,LONG,128.0,aFRR
2026-02-11T16:45:00Z,66.18,75.32,-37.0,BALANCED,0,
2026-02-11T17:00:00Z,40.02,80.27,-203.0,LONG,133.0,mFRR
2026-02-11T17:15:00Z,64.94,109.49,214.0,SHORT,143.0,RR
2026-02-11T17:30:00Z,48.06,75.07,-277.0,LONG,110.0,RR
2026-02-11T17:45:00Z,66.12,133.43,571.0,SHORT,454.0,aFRR
2026-02-11T18:00:00Z,-1.17,77.18,-614.0,LONG,407.0,mFRR
2026-02-11T18:15:00Z,65.76,114.29,169.0,SHORT,106.0,RR
2026-02-11T18:30:00Z,49.54,79.17,-151.0,LONG,96.0,mFRR
2026-02-11T18:45:00Z,40.68,70.9,-104.0,LONG,61.0,RR
2026-02-11T19:00:00Z,69.04,114.76,186.0,SHORT,63.0,mFRR
2026-02-11T19:15:00Z,28.06,78.91,-242.0,LONG,112.0,RR
2026-02-11T19:30:00Z,6.08,77.31,-486.0,LONG,317.0,mFRR
2026-02-11T19:45:00Z,66.59,104.37,157.0,SHORT,75.0,aFRR
2026-02-11T20:00:00Z,66.31,109.23,402.0,SHORT,161.0,aFRR
2026-02-11T20:15:00Z,68.83,132.26,407.0,SHORT,283.0,aFRR
2026-02-11T20:30:00Z,70.16,75.98,-72.0,BALANCED,0,
2026-02-11T20:45:00Z,65.52,75.15,-40.0,BALANCED,0,
2026-02-11T21:00:00Z,65.09,125.07,282.0,SHORT,198.0,mFRR
2026-02-11T21:15:00Z,63.25,102.48,207.0,SHORT,109.0,RR
2026-02-11T21:30:00Z,7.42,79.87,-395.0,LONG,133.0,aFRR
2026-02-11T21:45:00Z,69.04,124.45,202.0,SHORT,85.0,mFRR
2026-02-11T22:00:00Z,67.94,112.72,102.0,SHORT,34.0,mFRR
2026-02-11T22:15:00Z,71.03,75.18,54.0,BALANCED,0,
2026-02-11T22:30:00Z,62.11,123.7,330.0,SHORT,154.0,aFRR
2026-02-11T22:45:00Z,68.32,161.91,364.0,SHORT,219.0,RR
2026-02-11T23:00:00Z,65.65,74.8,86.0,BALANCED,0,
2026-02-11T23:15:00Z,32.12,78.08,-332.0,LONG,113.0,RR
2026-02-11T23:30:00Z,69.14,107.61,267.0,SHORT,157.0,aFRR
2026-02-11T23:45:00Z,19.19,82.14,-396.0,LONG,152.0,mFRR
2026-02-12T00:00:00Z,69.47,72.11,-62.0,BALANCED,0,
2026-02-12T00:15:00Z,68.25,74.49,19.0,BALANCED,0,
2026-02-12T00:30:00Z,72.25,73.5,-33.0,BALANCED,0,
2026-02-12T00:45:00Z,68.7,72.48,-44.0,BALANCED,0,
2026-02-12T01:00:00Z,66.3,73.13,-96.0,BALANCED,0,
2026-02-12T01:15:00Z,69.46,70.19,25.0,BALANCED,0,
2026-02-12T01:30:00Z,66.64,172.82,587.0,SHORT,210.0,RR
2026-02-12T01:45:00Z,71.21,75.29,57.0,BALANCED,0,
2026-02-12T02:00:00Z,47.19,81.81,-105.0,LONG,35.0,RR
2026-02-12T02:15:00Z,72.88,73.15,30.0,BALANCED,0,
2026-02-12T02:30:00Z,66.43,124.1,506.0,SHORT,236.0,aFRR
2026-02-12T02:45:00Z,51.68,80.16,-117.0,LONG,62.0,RR
2026-02-12T03:00:00Z,66.3,122.7,237.0,SHORT,101.0,mFRR
2026-02-12T03:15:00Z,68.41,103.59,149.0,SHORT,70.0,mFRR
2026-02-12T03:30:00Z,69.79,121.03,335.0,SHORT,170.0,mFRR
2026-02-12T03:45:00Z,70.79,119.85,347.0,SHORT,168.0,RR
2026-02-12T04:00:00Z,33.39,76.23,-323.0,LONG,141.0,aFRR
2026-02-12T04:15:00Z,70.5,93.17,155.0,SHORT,65.0,RR
2026-02-12T04:30:00Z,69.26,78.65,-5.0,BALANCED,0,
2026-02-12T04:45:00Z,71.88,73.13,17.0,BALANCED,0,
2026-02-12T05:00:00Z,69.09,72.27,-93.0,BALANCED,0,
2026-02-12T05:15:00Z,71.87,72.51,-75.0,BALANCED,0,
2026-02-12T05:30:00Z,72.65,79.19,35.0,BALANCED,0,
2026-02-12T05:45:00Z,10.5,72.03,-522.0,LONG,232.0,mFRR
2026-02-12T06:00:00Z,5.26,75.48,-565.0,LONG,260.0,RR
2026-02-12T06:15:00Z,66.54,75.18,95.0,BALANCED,0,
2026-02-12T06:30:00Z,72.3,141.42,330.0,SHORT,185.0,aFRR
2026-02-12T06:45:00Z,69.48,77.47,10.0,BALANCED,0,
2026-02-12T07:00:00Z,43.78,76.09,-293.0,LONG,212.0,mFRR
2026-02-12T07:15:00Z,46.45,82.33,-264.0,LONG,202.0,mFRR
2026-02-12T07:30:00Z,68.69,73.77,73.0,BALANCED,0,
2026-02-12T07:45:00Z,68.38,78.0,-16.0,BALANCED,0,
2026-02-12T08:00:00Z,61.36,108.19,189.0,SHORT,133.0,aFRR
2026-02-12T08:15:00Z,44.33,75.74,-139.0,LONG,68.0,RR
2026-02-12T08:30:00Z,69.91,133.94,390.0,SHORT,294.0,aFRR
2026-02-12T08:45:00Z,25.71,74.26,-225.0,LONG,156.0,aFRR
2026-02-12T09:00:00Z,68.67,74.14,10.0,BALANCED,0,
2026-02-12T09:15:00Z,35.18,77.1,-230.0,LONG,158.0,mFRR
2026-02-12T09:30:00Z,69.21,73.76,8.0,BALANCED,0,
2026-02-12T09:45:00Z,64.2,108.35,246.0,SHORT,141.0,RR
2026-02-12T10:00:00Z,63.94,143.46,510.0,SHORT,244.0,aFRR
2026-02-12T10:15:00Z,13.09,79.87,-410.0,LONG,276.0,aFRR
2026-02-12T10:30:00Z,38.8,80.04,-255.0,LONG,162.0,RR
2026-02-12T10:45:00Z,23.19,77.98,-376.0,LONG,289.0,mFRR
2026-02-12T11:00:00Z,68.0,70.59,38.0,BALANCED,0,
2026-02-12T11:15:00Z,71.65,75.71,-61.0,BALANCED,0,
2026-02-12T11:30:00Z,54.98,79.51,-104.0,LONG,55.0,aFRR
2026-02-12T11:45:00Z,60.85,137.08,256.0,SHORT,142.0,aFRR
2026-02-12T12:00:00Z,35.64,80.53,-259.0,LONG,182.0,RR
2026-02-12T12:15:00Z,1.83,74.82,-472.0,LONG,376.0,RR
2026-02-12T12:30:00Z,52.89,81.01,-113.0,LONG,86.0,RR
2026-02-12T12:45:00Z,69.08,77.1,6.0,BALANCED,0,
2026-02-12T13:00:00Z,67.13,150.14,463.0,SHORT,297.0,aFRR
2026-02-12T13:15:00Z,34.45,77.54,-267.0,LONG,157.0,RR
2026-02-12T13:30:00Z,63.97,179.91,815.0,SHORT,571.0,RR
2026-02-12T13:45:00Z,72.39,74.77,-51.0,BALANCED,0,
2026-02-12T14:00:00Z,64.32,149.39,607.0,SHORT,364.0,RR
2026-02-12T14:15:00Z,35.57,73.99,-108.0,LONG,62.0,aFRR
2026-02-12T14:30:00Z,69.24,123.47,283.0,SHORT,152.0,aFRR
2026-02-12T14:45:00Z,70.18,73.92,-79.0,BALANCED,0,
2026-02-12T15:00:00Z,42.78,74.2,-113.0,LONG,80.0,RR
2026-02-12T15:15:00Z,68.16,74.92,-46.0,BALANCED,0,
2026-02-12T15:30:00Z,60.43,76.69,-148.0,LONG,84.0,RR
2026-02-12T15:45:00Z,76.39,144.27,202.0,SHORT,80.0,RR
2026-02-12T16:00:00Z,71.0,72.2,-92.0,BALANCED,0,
2026-02-12T16:15:00Z,50.31,78.42,-146.0,LONG,75.0,aFRR
2026-02-12T16:30:00Z,65.6,75.5,65.0,BALANCED,0,
2026-02-12T16:45:00Z,66.35,137.86,242.0,SHORT,181.0,aFRR
2026-02-12T17:00:00Z,64.28,128.97,298.0,SHORT,216.0,aFRR
2026-02-12T17:15:00Z,68.73,71.69,18.0,BALANCED,0,
2026-02-12T17:30:00Z,58.39,77.76,-148.0,LONG,116.0,aFRR
2026-02-12T17:45:00Z,73.27,77.73,-39.0,BALANCED,0,
2026-02-12T18:00:00Z,69.52,71.7,-13.0,BALANCED,0,
2026-02-12T18:15:00Z,69.33,74.71,-70.0,BALANCED,0,
2026-02-12T18:30:00Z,69.24,101.89,265.0,SHORT,181.0,RR
2026-02-12T18:45:00Z,70.74,78.74,47.0,BALANCED,0,
2026-02-12T19:00:00Z,71.13,95.8,143.0,SHORT,107.0,mFRR
2026-02-12T19:15:00Z,55.29,78.59,-121.0,LONG,62.0,aFRR
2026-02-12T19:30:00Z,73.37,104.88,315.0,SHORT,246.0,mFRR
2026-02-12T19:45:00Z,67.63,72.75,-13.0,BALANCED,0,
2026-02-12T20:00:00Z,39.43,79.21,-130.0,LONG,77.0,aFRR
2026-02-12T20:15:00Z,64.88,116.43,260.0,SHORT,201.0,RR
2026-02-12T20:30:00Z,64.22,114.09,263.0,SHORT,151.0,aFRR
2026-02-12T20:45:00Z,38.37,77.07,-171.0,LONG,71.0,mFRR
2026-02-12T21:00:00Z,10.28,75.68,-404.0,LONG,268.0,mFRR
2026-02-12T21:15:00Z,69.18,73.81,78.0,BALANCED,0,
2026-02-12T21:30:00Z,46.67,75.23,-265.0,LONG,211.0,aFRR
2026-02-12T21:45:00Z,36.79,81.75,-214.0,LONG,128.0,RR
2026-02-12T22:00:00Z,60.96,151.21,391.0,SHORT,310.0,RR
2026-02-12T22:15:00Z,60.49,78.06,-208.0,LONG,83.0,mFRR
2026-02-12T22:30:00Z,67.45,131.78,226.0,SHORT,100.0,aFRR
2026-02-12T22:45:00Z,38.89,74.36,-331.0,LONG,153.0,RR
2026-02-12T23:00:00Z,67.25,130.23,235.0,SHORT,114.0,RR
2026-02-12T23:15:00Z,65.58,139.32,270.0,SHORT,216.0,mFRR
2026-02-12T23:30:00Z,69.95,76.6,-40.0,BALANCED,0,
2026-02-12T23:45:00Z,25.38,73.73,-235.0,LONG,167.0,mFRR
2026-02-13T00:00:00Z,12.51,79.88,-440.0,LONG,193.0,mFRR
2026-02-13T00:15:00Z,30.41,77.05,-392.0,LONG,137.0,mFRR
2026-02-13T00:30:00Z,64.62,79.07,-104.0,LONG,75.0,aFRR
2026-02-13T00:45:00Z,66.55,91.58,254.0,SHORT,171.0,aFRR
2026-02-13T01:00:00Z,72.65,73.15,-69.0,BALANCED,0,
2026-02-13T01:15:00Z,-25.55,83.57,-778.0,LONG,398.0,aFRR
2026-02-13T01:30:00Z,69.6,131.48,294.0,SHORT,175.0,aFRR
2026-02-13T01:45:00Z,-8.75,77.88,-521.0,LONG,192.0,RR
2026-02-13T02:00:00Z,48.01,76.11,-155.0,LONG,79.0,aFRR
2026-02-13T02:15:00Z,66.71,74.5,37.0,BALANCED,0,
2026-02-13T02:30:00Z,68.77,76.72,83.0,BALANCED,0,
2026-02-13T02:45:00Z,46.4,72.14,-135.0,LONG,107.0,RR
2026-02-13T03:00:00Z,-12.2,78.51,-769.0,LONG,359.0,RR
2026-02-13T03:15:00Z,68.27,74.94,-23.0,BALANCED,0,
2026-02-13T03:30:00Z,27.84,74.16,-246.0,LONG,163.0,mFRR
2026-02-13T03:45:00Z,62.56,113.64,140.0,SHORT,96.0,RR
2026-02-13T04:00:00Z,42.67,73.32,-295.0,LONG,160.0,aFRR
2026-02-13T04:15:00Z,62.93,141.65,559.0,SHORT,428.0,aFRR
2026-02-13T04:30:00Z,69.17,135.87,326.0,SHORT,255.0,mFRR
2026-02-13T04:45:00Z,26.43,78.99,-240.0,LONG,76.0,RR
2026-02-13T05:00:00Z,27.97,75.22,-261.0,LONG,204.0,aFRR
2026-02-13T05:15:00Z,69.64,70.46,21.0,BALANCED,0,
2026-02-13T05:30:00Z,71.98,79.83,-10.0,BALANCED,0,
2026-02-13T05:45:00Z,66.2,142.45,618.0,SHORT,309.0,aFRR
2026-02-13T06:00:00Z,67.58,77.11,19.0,BALANCED,0,
2026-02-13T06:15:00Z,67.83,140.03,601.0,SHORT,306.0,aFRR
2026-02-13T06:30:00Z,71.11,177.02,564.0,SHORT,274.0,RR
2026-02-13T06:45:00Z,60.77,78.18,-135.0,LONG,65.0,aFRR
2026-02-13T07:00:00Z,68.08,78.27,29.0,BALANCED,0,
2026-02-13T07:15:00Z,66.38,153.96,850.0,SHORT,469.0,mFRR
2026-02-13T07:30:00Z,67.75,117.37,172.0,SHORT,66.0,mFRR
2026-02-13T07:45:00Z,47.31,79.39,-117.0,LONG,70.0,aFRR
2026-02-13T08:00:00Z,36.47,77.44,-182.0,LONG,107.0,mFRR
2026-02-13T08:15:00Z,47.45,79.6,-240.0,LONG,95.0,RR
2026-02-13T08:30:00Z,66.96,75.41,-79.0,BALANCED,0,
2026-02-13T08:45:00Z,69.35,73.27,-23.0,BALANCED,0,
2026-02-13T09:00:00Z,68.44,137.93,352.0,SHORT,120.0,RR
2026-02-13T09:15:00Z,67.69,127.05,251.0,SHORT,95.0,RR
2026-02-13T09:30:00Z,68.84,76.21,-73.0,BALANCED,0,
2026-02-13T09:45:00Z,64.85,140.4,365.0,SHORT,232.0,mFRR
2026-02-13T10:00:00Z,70.9,74.54,-62.0,BALANCED,0,
2026-02-13T10:15:00Z,69.2,76.83,-14.0,BALANCED,0,
2026-02-13T10:30:00Z,43.13,80.06,-210.0,LONG,109.0,mFRR
2026-02-13T10:45:00Z,66.39,73.48,-2.0,BALANCED,0,
2026-02-13T11:00:00Z,73.58,115.2,182.0,SHORT,94.0,aFRR
2026-02-13T11:15:00Z,31.31,73.73,-277.0,LONG,87.0,RR
2026-02-13T11:30:00Z,68.92,74.66,34.0,BALANCED,0,
2026-02-13T11:45:00Z,66.45,97.74,217.0,SHORT,108.0,mFRR
2026-02-13T12:00:00Z,65.01,113.7,134.0,SHORT,84.0,aFRR
2026-02-13T12:15:00Z,67.83,124.02,327.0,SHORT,225.0,RR
2026-02-13T12:30:00Z,72.63,113.52,180.0,SHORT,55.0,RR
2026-02-13T12:45:00Z,70.1,121.1,185.0,SHORT,61.0,aFRR
2026-02-13T13:00:00Z,35.42,72.18,-227.0,LONG,78.0,mFRR
2026-02-13T13:15:00Z,30.44,72.53,-298.0,LONG,164.0,mFRR
2026-02-13T13:30:00Z,68.26,99.81,133.0,SHORT,50.0,mFRR
2026-02-13T13:45:00Z,65.56,113.24,161.0,SHORT,65.0,aFRR
2026-02-13T14:00:00Z,66.2,109.5,333.0,SHORT,112.0,RR
2026-02-13T14:15:00Z,71.53,71.81,-20.0,BALANCED,0,
2026-02-13T14:30:00Z,30.11,73.45,-170.0,LONG,84.0,aFRR
2026-02-13T14:45:00Z,61.36,140.7,225.0,SHORT,144.0,aFRR
2026-02-13T15:00:00Z,65.67,113.13,241.0,SHORT,119.0,mFRR
2026-02-13T15:15:00Z,62.94,114.58,187.0,SHORT,119.0,aFRR
2026-02-13T15:30:00Z,67.25,122.06,518.0,SHORT,169.0,aFRR
2026-02-13T15:45:00Z,66.43,71.8,99.0,BALANCED,0,
2026-02-13T16:00:00Z,67.16,72.86,-67.0,BALANCED,0,
2026-02-13T16:15:00Z,56.45,77.51,-176.0,LONG,69.0,mFRR
2026-02-13T16:30:00Z,17.82,79.35,-391.0,LONG,303.0,RR
2026-02-13T16:45:00Z,64.15,157.09,553.0,SHORT,347.0,RR
2026-02-13T17:00:00Z,0.51,81.5,-470.0,LONG,272.0,aFRR
2026-02-13T17:15:00Z,72.73,127.0,339.0,SHORT,239.0,RR
2026-02-13T17:30:00Z,72.77,74.88,6.0,BALANCED,0,
2026-02-13T17:45:00Z,65.21,106.16,164.0,SHORT,78.0,aFRR
2026-02-13T18:00:00Z,66.91,75.22,52.0,BALANCED,0,
2026-02-13T18:15:00Z,45.19,76.76,-177.0,LONG,122.0,aFRR
2026-02-13T18:30:00Z,27.31,78.62,-332.0,LONG,207.0,mFRR
2026-02-13T18:45:00Z,64.4,128.88,194.0,SHORT,146.0,aFRR
2026-02-13T19:00:00Z,65.81,103.84,164.0,SHORT,96.0,RR
2026-02-13T19:15:00Z,59.54,121.22,260.0,SHORT,206.0,mFRR
2026-02-13T19:30:00Z,68.63,95.49,117.0,SHORT,67.0,RR
2026-02-13T19:45:00Z,66.81,79.31,-2.0,BALANCED,0,
2026-02-13T20:00:00Z,55.19,74.16,-103.0,LONG,41.0,aFRR
2026-02-13T20:15:00Z,68.41,131.63,437.0,SHORT,150.0,RR
2026-02-13T20:30:00Z,24.94,78.81,-283.0,LONG,111.0,mFRR
2026-02-13T20:45:00Z,45.6,74.97,-131.0,LONG,60.0,aFRR
2026-02-13T21:00:00Z,66.75,101.58,201.0,SHORT,116.0,aFRR
2026-02-13T21:15:00Z,-11.35,82.14,-593.0,LONG,389.0,aFRR
2026-02-13T21:30:00Z,68.66,77.92,-84.0,BALANCED,0,
2026-02-13T21:45:00Z,62.14,109.53,100.0,SHORT,45.0,aFRR
2026-02-13T22:00:00Z,68.45,77.8,-29.0,BALANCED,0,
2026-02-13T22:15:00Z,70.6,75.96,79.0,BALANCED,0,
2026-02-13T22:30:00Z,64.24,131.38,238.0,SHORT,116.0,mFRR
2026-02-13T22:45:00Z,68.34,113.65,524.0,SHORT,341.0,aFRR
2026-02-13T23:00:00Z,65.38,110.32,254.0,SHORT,201.0,RR
2026-02-13T23:15:00Z,69.23,75.05,-81.0,BALANCED,0,
2026-02-13T23:30:00Z,44.76,77.22,-118.0,LONG,92.0,mFRR
2026-02-13T23:45:00Z,64.15,122.78,107.0,SHORT,62.0,mFRR
2026-02-14T00:00:00Z,69.62,76.92,-88.0,BALANCED,0,
2026-02-14T00:15:00Z,67.47,114.78,130.0,SHORT,43.0,mFRR
2026-02-14T00:30:00Z,69.09,115.32,187.0,SHORT,73.0,RR
2026-02-14T00:45:00Z,67.65,75.69,19.0,BALANCED,0,
2026-02-14T01:00:00Z,15.84,78.31,-419.0,LONG,283.0,RR
2026-02-14T01:15:00Z,63.99,119.99,148.0,SHORT,99.0,mFRR
2026-02-14T01:30:00Z,41.64,82.36,-247.0,LONG,180.0,aFRR
2026-02-14T01:45:00Z,23.07,76.09,-303.0,LONG,146.0,mFRR
2026-02-14T02:00:00Z,65.6,121.87,154.0,SHORT,93.0,aFRR
2026-02-14T02:15:00Z,67.12,93.7,212.0,SHORT,142.0,aFRR
2026-02-14T02:30:00Z,66.38,74.8,-92.0,BALANCED,0,
2026-02-14T02:45:00Z,65.91,79.74,117.0,SHORT,87.0,mFRR
2026-02-14T03:00:00Z,69.73,76.15,-97.0,BALANCED,0,
2026-02-14T03:15:00Z,66.69,96.78,170.0,SHORT,112.0,mFRR
2026-02-14T03:30:00Z,73.81,188.54,829.0,SHORT,589.0,aFRR
2026-02-14T03:45:00Z,64.5,127.25,199.0,SHORT,148.0,aFRR
2026-02-14T04:00:00Z,-11.53,73.54,-651.0,LONG,345.0,RR
2026-02-14T04:15:00Z,9.88,76.56,-505.0,LONG,280.0,aFRR
2026-02-14T04:30:00Z,70.61,112.91,117.0,SHORT,39.0,RR
2026-02-14T04:45:00Z,66.52,88.41,147.0,SHORT,59.0,aFRR
2026-02-14T05:00:00Z,69.88,71.64,10.0,BALANCED,0,
2026-02-14T05:15:00Z,11.14,74.76,-255.0,LONG,80.0,RR
2026-02-14T05:30:00Z,20.72,78.6,-330.0,LONG,136.0,RR
2026-02-14T05:45:00Z,68.83,77.34,-62.0,BALANCED,0,
2026-02-14T06:00:00Z,65.57,139.47,432.0,SHORT,285.0,RR
2026-02-14T06:15:00Z,67.64,118.27,203.0,SHORT,83.0,RR
2026-02-14T06:30:00Z,43.79,79.0,-249.0,LONG,109.0,aFRR
2026-02-14T06:45:00Z,41.07,77.78,-228.0,LONG,141.0,mFRR
2026-02-14T07:00:00Z,61.21,73.94,-112.0,LONG,68.0,mFRR
2026-02-14T07:15:00Z,62.19,168.18,507.0,SHORT,175.0,RR
2026-02-14T07:30:00Z,64.82,75.15,-41.0,BALANCED,0,
2026-02-14T07:45:00Z,63.67,116.07,156.0,SHORT,88.0,aFRR
2026-02-14T08:00:00Z,62.19,133.79,653.0,SHORT,320.0,aFRR
2026-02-14T08:15:00Z,33.56,77.85,-379.0,LONG,162.0,mFRR
2026-02-14T08:30:00Z,10.65,80.72,-491.0,LONG,315.0,aFRR
2026-02-14T08:45:00Z,68.05,137.66,245.0,SHORT,170.0,RR
2026-02-14T09:00:00Z,64.5,129.83,286.0,SHORT,196.0,mFRR
2026-02-14T09:15:00Z,18.74,82.3,-369.0,LONG,241.0,RR
2026-02-14T09:30:00Z,7.65,76.7,-627.0,LONG,307.0,aFRR
2026-02-14T09:45:00Z,60.29,76.68,-146.0,LONG,85.0,mFRR
2026-02-14T10:00:00Z,67.66,72.81,-29.0,BALANCED,0,
2026-02-14T10:15:00Z,66.19,130.46,343.0,SHORT,248.0,RR
2026-02-14T10:30:00Z,65.74,133.56,484.0,SHORT,193.0,aFRR
2026-02-14T10:45:00Z,37.27,79.71,-298.0,LONG,186.0,RR
2026-02-14T11:00:00Z,65.69,76.55,70.0,BALANCED,0,
2026-02-14T11:15:00Z,67.37,101.63,108.0,SHORT,43.0,aFRR
2026-02-14T11:30:00Z,67.1,72.34,242.0,SHORT,159.0,RR
2026-02-14T11:45:00Z,66.77,111.26,187.0,SHORT,132.0,RR
2026-02-14T12:00:00Z,30.9,80.07,-145.0,LONG,82.0,aFRR
2026-02-14T12:15:00Z,69.35,141.72,422.0,SHORT,316.0,RR
2026-02-14T12:30:00Z,69.85,77.34,-55.0,BALANCED,0,
2026-02-14T12:45:00Z,66.22,178.56,928.0,SHORT,373.0,mFRR
2026-02-14T13:00:00Z,43.12,78.36,-221.0,LONG,88.0,RR
2026-02-14T13:15:00Z,42.95,76.41,-158.0,LONG,124.0,mFRR
2026-02-14T13:30:00Z,63.54,104.37,232.0,SHORT,148.0,RR
2026-02-14T13:45:00Z,68.59,127.33,181.0,SHORT,113.0,mFRR
2026-02-14T14:00:00Z,67.49,75.5,95.0,BALANCED,0,
2026-02-14T14:15:00Z,73.1,107.77,103.0,SHORT,34.0,mFRR
2026-02-14T14:30:00Z,68.53,73.05,9.0,BALANCED,0,
2026-02-14T14:45:00Z,69.63,76.17,-89.0,BALANCED,0,
2026-02-14T15:00:00Z,31.54,76.09,-135.0,LONG,64.0,mFRR
2026-02-14T15:15:00Z,54.92,76.91,-121.0,LONG,80.0,aFRR
2026-02-14T15:30:00Z,71.03,71.42,-33.0,BALANCED,0,
2026-02-14T15:45:00Z,64.72,146.07,613.0,SHORT,338.0,RR
2026-02-14T16:00:00Z,49.7,75.07,-148.0,LONG,109.0,mFRR
2026-02-14T16:15:00Z,36.37,73.85,-294.0,LONG,149.0,aFRR
2026-02-14T16:30:00Z,62.04,114.65,310.0,SHORT,99.0,RR
2026-02-14T16:45:00Z,22.08,72.72,-340.0,LONG,110.0,mFRR
2026-02-14T17:00:00Z,68.63,75.03,62.0,BALANCED,0,
2026-02-14T17:15:00Z,66.82,150.17,397.0,SHORT,171.0,RR
2026-02-14T17:30:00Z,52.96,81.65,-113.0,LONG,90.0,aFRR
2026-02-14T17:45:00Z,30.71,76.75,-339.0,LONG,262.0,mFRR
2026-02-14T18:00:00Z,71.4,75.89,-6.0,BALANCED,0,
2026-02-14T18:15:00Z,70.08,108.79,111.0,SHORT,68.0,mFRR
2026-02-14T18:30:00Z,69.95,75.75,96.0,BALANCED,0,
2026-02-14T18:45:00Z,66.84,126.58,233.0,SHORT,87.0,mFRR
2026-02-14T19:00:00Z,44.44,75.29,-116.0,LONG,88.0,mFRR
2026-02-14T19:15:00Z,36.92,77.73,-321.0,LONG,251.0,aFRR
2026-02-14T19:30:00Z,61.48,75.35,-121.0,LONG,66.0,mFRR
2026-02-14T19:45:00Z,61.62,108.5,257.0,SHORT,145.0,mFRR
2026-02-14T20:00:00Z,16.5,80.5,-521.0,LONG,188.0,aFRR
2026-02-14T20:15:00Z,65.87,144.08,402.0,SHORT,304.0,RR
2026-02-14T20:30:00Z,67.51,113.57,182.0,SHORT,109.0,RR
2026-02-14T20:45:00Z,22.9,77.0,-336.0,LONG,196.0,RR
2026-02-14T21:00:00Z,59.3,202.64,757.0,SHORT,468.0,aFRR
2026-02-14T21:15:00Z,9.78,72.95,-456.0,LONG,184.0,RR
2026-02-14T21:30:00Z,42.27,78.57,-197.0,LONG,70.0,aFRR
2026-02-14T21:45:00Z,67.01,125.48,214.0,SHORT,68.0,RR
2026-02-14T22:00:00Z,68.09,76.76,-60.0,BALANCED,0,
2026-02-14T22:15:00Z,58.14,77.08,-102.0,LONG,32.0,mFRR
2026-02-14T22:30:00Z,66.51,71.79,-9.0,BALANCED,0,
2026-02-14T22:45:00Z,68.15,145.54,375.0,SHORT,213.0,mFRR
2026-02-14T23:00:00Z,71.71,78.44,36.0,BALANCED,0,
2026-02-14T23:15:00Z,64.94,151.44,465.0,SHORT,274.0,mFRR
2026-02-14T23:30:00Z,38.51,77.8,-198.0,LONG,96.0,mFRR
2026-02-14T23:45:00Z,67.11,78.55,-62.0,BALANCED,0,
2026-02-15T00:00:00Z,16.65,80.86,-548.0,LONG,332.0,aFRR
2026-02-15T00:15:00Z,32.85,77.6,-294.0,LONG,96.0,RR
2026-02-15T00:30:00Z,43.22,77.42,-124.0,LONG,85.0,RR
2026-02-15T00:45:00Z,66.12,106.43,154.0,SHORT,101.0,aFRR
2026-02-15T01:00:00Z,67.5,75.9,2.0,BALANCED,0,
2026-02-15T01:15:00Z,56.54,74.91,-145.0,LONG,82.0,mFRR
2026-02-15T01:30:00Z,66.72,74.22,98.0,BALANCED,0,
2026-02-15T01:45:00Z,34.92,83.1,-281.0,LONG,132.0,aFRR
2026-02-15T02:00:00Z,67.17,141.81,458.0,SHORT,278.0,RR
2026-02-15T02:15:00Z,39.81,79.82,-181.0,LONG,86.0,RR
2026-02-15T02:30:00Z,41.85,76.87,-113.0,LONG,55.0,RR
2026-02-15T02:45:00Z,25.65,76.21,-344.0,LONG,147.0,aFRR
2026-02-15T03:00:00Z,68.93,74.25,66.0,BALANCED,0,
2026-02-15T03:15:00Z,70.99,76.26,-97.0,BALANCED,0,
2026-02-15T03:30:00Z,63.38,83.0,143.0,SHORT,52.0,RR
2026-02-15T03:45:00Z,35.38,79.36,-199.0,LONG,154.0,mFRR
2026-02-15T04:00:00Z,64.08,142.46,238.0,SHORT,130.0,mFRR
2026-02-15T04:15:00Z,73.14,74.1,-19.0,BALANCED,0,
2026-02-15T04:30:00Z,68.98,73.54,-77.0,BALANCED,0,
2026-02-15T04:45:00Z,62.92,142.96,529.0,SHORT,345.0,RR
2026-02-15T05:00:00Z,61.76,90.71,201.0,SHORT,89.0,aFRR
2026-02-15T05:15:00Z,66.6,107.52,121.0,SHORT,44.0,mFRR
2026-02-15T05:30:00Z,18.86,74.38,-311.0,LONG,173.0,mFRR
2026-02-15T05:45:00Z,52.05,72.73,-112.0,LONG,75.0,aFRR
2026-02-15T06:00:00Z,68.49,119.74,102.0,SHORT,47.0,mFRR
2026-02-15T06:15:00Z,67.02,76.06,-55.0,BALANCED,0,
2026-02-15T06:30:00Z,57.02,130.85,352.0,SHORT,251.0,RR
2026-02-15T06:45:00Z,68.3,114.63,136.0,SHORT,48.0,RR
2026-02-15T07:00:00Z,69.62,75.27,50.0,BALANCED,0,
2026-02-15T07:15:00Z,69.32,104.79,284.0,SHORT,161.0,RR
2026-02-15T07:30:00Z,65.67,138.42,458.0,SHORT,263.0,RR
2026-02-15T07:45:00Z,70.52,74.5,-82.0,BALANCED,0,
2026-02-15T08:00:00Z,68.55,75.48,99.0,BALANCED,0,
2026-02-15T08:15:00Z,11.79,78.11,-416.0,LONG,221.0,RR
2026-02-15T08:30:00Z,63.32,81.7,191.0,SHORT,102.0,RR
2026-02-15T08:45:00Z,67.49,70.01,-91.0,BALANCED,0,
2026-02-15T09:00:00Z,67.37,124.62,458.0,SHORT,250.0,aFRR
2026-02-15T09:15:00Z,65.42,103.43,128.0,SHORT,51.0,aFRR
2026-02-15T09:30:00Z,25.85,75.42,-307.0,LONG,100.0,mFRR
2026-02-15T09:45:00Z,67.97,163.97,485.0,SHORT,362.0,mFRR
2026-02-15T10:00:00Z,65.99,96.74,399.0,SHORT,299.0,RR
2026-02-15T10:15:00Z,69.04,76.43,-39.0,BALANCED,0,
2026-02-15T10:30:00Z,21.19,77.85,-420.0,LONG,215.0,mFRR
2026-02-15T10:45:00Z,32.45,76.28,-266.0,LONG,116.0,mFRR
2026-02-15T11:00:00Z,67.12,143.89,291.0,SHORT,210.0,RR
2026-02-15T11:15:00Z,65.99,73.15,-27.0,BALANCED,0,
2026-02-15T11:30:00Z,64.19,95.2,252.0,SHORT,84.0,mFRR
2026-02-15T11:45:00Z,41.91,77.5,-135.0,LONG,88.0,aFRR
2026-02-15T12:00:00Z,68.59,146.76,304.0,SHORT,130.0,RR
2026-02-15T12:15:00Z,66.83,97.89,156.0,SHORT,48.0,mFRR
2026-02-15T12:30:00Z,66.31,72.97,94.0,BALANCED,0,
2026-02-15T12:45:00Z,69.67,132.81,431.0,SHORT,224.0,RR
2026-02-15T13:00:00Z,41.03,74.64,-348.0,LONG,210.0,RR
2026-02-15T13:15:00Z,67.72,137.53,177.0,SHORT,75.0,RR
2026-02-15T13:30:00Z,71.27,75.39,68.0,BALANCED,0,
2026-02-15T13:45:00Z,68.11,113.87,185.0,SHORT,91.0,mFRR
2026-02-15T14:00:00Z,27.58,74.72,-326.0,LONG,113.0,mFRR
2026-02-15T14:15:00Z,50.85,77.54,-170.0,LONG,65.0,aFRR
2026-02-15T14:30:00Z,20.7,75.81,-428.0,LONG,312.0,aFRR
2026-02-15T14:45:00Z,20.67,77.29,-292.0,LONG,205.0,aFRR
2026-02-15T15:00:00Z,40.24,78.95,-221.0,LONG,72.0,mFRR
2026-02-15T15:15:00Z,69.31,75.49,-10.0,BALANCED,0,
2026-02-15T15:30:00Z,25.89,73.43,-212.0,LONG,109.0,mFRR
2026-02-15T15:45:00Z,66.38,89.14,153.0,SHORT,51.0,mFRR
2026-02-15T16:00:00Z,12.43,78.55,-471.0,LONG,194.0,mFRR
2026-02-15T16:15:00Z,60.47,73.71,-150.0,LONG,53.0,RR
2026-02-15T16:30:00Z,50.75,77.06,-113.0,LONG,60.0,RR
2026-02-15T16:45:00Z,38.23,77.16,-297.0,LONG,144.0,RR
2026-02-15T17:00:00Z,66.48,128.02,258.0,SHORT,149.0,aFRR
2026-02-15T17:15:00Z,69.04,76.47,64.0,BALANCED,0,
2026-02-15T17:30:00Z,69.13,76.9,49.0,BALANCED,0,
2026-02-15T17:45:00Z,68.4,76.28,42.0,BALANCED,0,
2026-02-15T18:00:00Z,67.97,124.94,437.0,SHORT,164.0,aFRR
2026-02-15T18:15:00Z,64.29,75.72,-111.0,LONG,65.0,mFRR
2026-02-15T18:30:00Z,72.46,121.44,330.0,SHORT,240.0,mFRR
2026-02-15T18:45:00Z,64.1,166.61,698.0,SHORT,491.0,mFRR
2026-02-15T19:00:00Z,71.51,77.81,26.0,BALANCED,0,
2026-02-15T19:15:00Z,68.11,73.75,-38.0,BALANCED,0,
2026-02-15T19:30:00Z,33.95,79.23,-163.0,LONG,101.0,mFRR
2026-02-15T19:45:00Z,35.65,75.45,-145.0,LONG,56.0,aFRR
2026-02-15T20:00:00Z,70.71,141.82,310.0,SHORT,138.0,aFRR
2026-02-15T20:15:00Z,2.7,76.5,-517.0,LONG,198.0,mFRR
2026-02-15T20:30:00Z,68.81,75.06,29.0,BALANCED,0,
2026-02-15T20:45:00Z,65.72,133.22,435.0,SHORT,243.0,aFRR
2026-02-15T21:00:00Z,70.66,74.0,62.0,BALANCED,0,
2026-02-15T21:15:00Z,52.01,73.51,-140.0,LONG,103.0,RR
2026-02-15T21:30:00Z,12.42,83.01,-525.0,LONG,399.0,mFRR
2026-02-15T21:45:00Z,27.48,73.72,-240.0,LONG,153.0,RR
2026-02-15T22:00:00Z,-10.98,81.96,-720.0,LONG,217.0,RR
2026-02-15T22:15:00Z,46.39,81.33,-216.0,LONG,99.0,mFRR
2026-02-15T22:30:00Z,42.32,80.79,-236.0,LONG,123.0,mFRR
2026-02-15T22:45:00Z,33.68,78.76,-330.0,LONG,182.0,mFRR
2026-02-15T23:00:00Z,66.73,76.01,25.0,BALANCED,0,
2026-02-15T23:15:00Z,64.79,118.1,390.0,SHORT,133.0,mFRR
2026-02-15T23:30:00Z,64.38,113.64,345.0,SHORT,169.0,mFRR
2026-02-15T23:45:00Z,69.51,74.49,63.0,BALANCED,0,
2026-02-16T00:00:00Z,70.0,76.6,-0.0,BALANCED,0,
2026-02-16T00:15:00Z,64.35,130.29,346.0,SHORT,116.0,RR
2026-02-16T00:30:00Z,72.82,120.17,345.0,SHORT,134.0,RR
2026-02-16T00:45:00Z,42.02,77.77,-154.0,LONG,97.0,aFRR
2026-02-16T01:00:00Z,54.68,78.21,-165.0,LONG,66.0,RR
2026-02-16T01:15:00Z,70.89,76.92,-3.0,BALANCED,0,
2026-02-16T01:30:00Z,72.6,72.73,-58.0,BALANCED,0,
2026-02-16T01:45:00Z,67.18,75.11,71.0,BALANCED,0,
2026-02-16T02:00:00Z,8.97,77.13,-538.0,LONG,189.0,RR
2026-02-16T02:15:00Z,68.41,137.35,459.0,SHORT,352.0,RR
2026-02-16T02:30:00Z,63.24,112.57,362.0,SHORT,225.0,mFRR
2026-02-16T02:45:00Z,46.08,76.74,-215.0,LONG,75.0,RR
2026-02-16T03:00:00Z,67.45,74.39,74.0,BALANCED,0,
2026-02-16T03:15:00Z,71.1,111.38,220.0,SHORT,70.0,aFRR
2026-02-16T03:30:00Z,66.08,76.92,63.0,BALANCED,0,
2026-02-16T03:45:00Z,43.58,74.06,-212.0,LONG,122.0,aFRR
2026-02-16T04:00:00Z,68.02,78.81,7.0,BALANCED,0,
2026-02-16T04:15:00Z,67.46,78.85,-77.0,BALANCED,0,
2026-02-16T04:30:00Z,14.41,78.29,-510.0,LONG,320.0,mFRR
2026-02-16T04:45:00Z,32.39,77.08,-325.0,LONG,224.0,RR
2026-02-16T05:00:00Z,61.28,84.72,146.0,SHORT,84.0,mFRR
2026-02-16T05:15:00Z,35.01,76.24,-346.0,LONG,210.0,mFRR
2026-02-16T05:30:00Z,63.48,120.39,178.0,SHORT,101.0,mFRR
2026-02-16T05:45:00Z,14.48,84.53,-414.0,LONG,135.0,mFRR
2026-02-16T06:00:00Z,67.74,132.95,296.0,SHORT,229.0,aFRR
2026-02-16T06:15:00Z,66.4,76.72,-70.0,BALANCED,0,
2026-02-16T06:30:00Z,70.73,73.98,-23.0,BALANCED,0,
2026-02-16T06:45:00Z,36.42,78.43,-331.0,LONG,202.0,RR
2026-02-16T07:00:00Z,29.33,73.06,-351.0,LONG,230.0,aFRR
2026-02-16T07:15:00Z,40.34,76.14,-279.0,LONG,136.0,aFRR
2026-02-16T07:30:00Z,65.97,73.09,30.0,BALANCED,0,
2026-02-16T07:45:00Z,61.98,126.04,315.0,SHORT,173.0,RR
2026-02-16T08:00:00Z,67.12,78.26,-2.0,BALANCED,0,
2026-02-16T08:15:00Z,68.61,119.92,158.0,SHORT,68.0,mFRR
2026-02-16T08:30:00Z,45.26,83.04,-159.0,LONG,101.0,mFRR
2026-02-16T08:45:00Z,31.8,79.64,-292.0,LONG,103.0,RR
2026-02-16T09:00:00Z,66.42,75.98,22.0,BALANCED,0,
2026-02-16T09:15:00Z,19.19,71.48,-379.0,LONG,197.0,RR
2026-02-16T09:30:00Z,51.52,74.6,-136.0,LONG,94.0,RR
2026-02-16T09:45:00Z,64.74,124.92,297.0,SHORT,91.0,aFRR
2026-02-16T10:00:00Z,72.56,74.44,-19.0,BALANCED,0,
2026-02-16T10:15:00Z,69.18,73.95,43.0,BALANCED,0,
2026-02-16T10:30:00Z,61.04,80.18,-108.0,LONG,48.0,aFRR
2026-02-16T10:45:00Z,72.24,74.33,-35.0,BALANCED,0,
2026-02-16T11:00:00Z,70.59,74.02,2.0,BALANCED,0,
2026-02-16T11:15:00Z,65.01,143.07,374.0,SHORT,174.0,aFRR
2026-02-16T11:30:00Z,72.17,76.95,69.0,BALANCED,0,
2026-02-16T11:45:00Z,66.74,139.1,299.0,SHORT,198.0,RR
2026-02-16T12:00:00Z,16.47,76.79,-541.0,LONG,228.0,RR
2026-02-16T12:15:00Z,19.73,77.58,-308.0,LONG,161.0,aFRR
2026-02-16T12:30:00Z,66.7,129.31,478.0,SHORT,255.0,aFRR
2026-02-16T12:45:00Z,67.68,73.49,-45.0,BALANCED,0,
2026-02-16T13:00:00Z,64.51,83.43,193.0,SHORT,152.0,mFRR
2026-02-16T13:15:00Z,68.94,75.17,50.0,BALANCED,0,
2026-02-16T13:30:00Z,-4.86,77.8,-602.0,LONG,412.0,mFRR
2026-02-16T13:45:00Z,65.48,153.97,608.0,SHORT,325.0,mFRR
2026-02-16T14:00:00Z,49.8,78.08,-172.0,LONG,93.0,mFRR
2026-02-16T14:15:00Z,2.37,75.83,-464.0,LONG,247.0,mFRR
2026-02-16T14:30:00Z,19.16,74.23,-407.0,LONG,168.0,mFRR
2026-02-16T14:45:00Z,71.76,112.98,312.0,SHORT,178.0,mFRR
2026-02-16T15:00:00Z,72.71,74.56,-2.0,BALANCED,0,
2026-02-16T15:15:00Z,68.29,110.57,300.0,SHORT,175.0,mFRR
2026-02-16T15:30:00Z,69.84,75.21,54.0,BALANCED,0,
2026-02-16T15:45:00Z,44.19,79.21,-292.0,LONG,221.0,RR
2026-02-16T16:00:00Z,69.79,143.12,549.0,SHORT,207.0,mFRR
2026-02-16T16:15:00Z,66.19,101.34,214.0,SHORT,96.0,aFRR
2026-02-16T16:30:00Z,24.31,73.45,-460.0,LONG,195.0,RR
2026-02-16T16:45:00Z,64.94,124.47,167.0,SHORT,64.0,aFRR
2026-02-16T17:00:00Z,25.07,79.78,-305.0,LONG,132.0,aFRR
2026-02-16T17:15:00Z,27.33,73.06,-352.0,LONG,155.0,aFRR
2026-02-16T17:30:00Z,70.76,71.5,-40.0,BALANCED,0,
2026-02-16T17:45:00Z,38.59,78.89,-301.0,LONG,204.0,aFRR
2026-02-16T18:00:00Z,67.82,139.47,403.0,SHORT,315.0,mFRR
2026-02-16T18:15:00Z,70.23,76.42,-9.0,BALANCED,0,
2026-02-16T18:30:00Z,65.33,150.69,508.0,SHORT,158.0,aFRR
2026-02-16T18:45:00Z,68.21,74.62,-46.0,BALANCED,0,
2026-02-16T19:00:00Z,72.24,92.51,152.0,SHORT,50.0,RR
2026-02-16T19:15:00Z,68.34,128.06,242.0,SHORT,110.0,aFRR
2026-02-16T19:30:00Z,69.01,73.28,37.0,BALANCED,0,
2026-02-16T19:45:00Z,67.76,73.05,-88.0,BALANCED,0,
2026-02-16T20:00:00Z,45.39,75.53,-142.0,LONG,103.0,RR
2026-02-16T20:15:00Z,36.14,71.17,-226.0,LONG,147.0,RR
2026-02-16T20:30:00Z,62.79,142.0,648.0,SHORT,312.0,RR
2026-02-16T20:45:00Z,26.57,75.3,-151.0,LONG,82.0,RR
2026-02-16T21:00:00Z,65.79,143.75,558.0,SHORT,419.0,aFRR
2026-02-16T21:15:00Z,66.42,98.78,190.0,SHORT,111.0,aFRR
2026-02-16T21:30:00Z,55.35,74.44,-164.0,LONG,53.0,mFRR
2026-02-16T21:45:00Z,64.03,128.02,110.0,SHORT,62.0,RR
2026-02-16T22:00:00Z,67.54,75.03,-25.0,BALANCED,0,
2026-02-16T22:15:00Z,38.9,75.37,-223.0,LONG,121.0,mFRR
2026-02-16T22:30:00Z,71.34,77.17,-48.0,BALANCED,0,
2026-02-16T22:45:00Z,69.91,73.91,99.0,BALANCED,0,
2026-02-16T23:00:00Z,69.52,73.71,-100.0,BALANCED,0,
2026-02-16T23:15:00Z,68.1,74.07,80.0,BALANCED,0,
2026-02-16T23:30:00Z,65.66,74.12,-76.0,BALANCED,0,
2026-02-16T23:45:00Z,61.12,140.73,526.0,SHORT,352.0,RR
2026-02-17T00:00:00Z,24.27,75.72,-322.0,LONG,196.0,mFRR
2026-02-17T00:15:00Z,44.93,76.83,-261.0,LONG,150.0,mFRR
2026-02-17T00:30:00Z,30.35,76.45,-426.0,LONG,171.0,aFRR
2026-02-17T00:45:00Z,68.06,138.46,622.0,SHORT,270.0,aFRR
2026-02-17T01:00:00Z,51.0,75.69,-149.0,LONG,95.0,mFRR
2026-02-17T01:15:00Z,5.32,73.25,-636.0,LONG,362.0,mFRR
2026-02-17T01:30:00Z,73.48,161.1,329.0,SHORT,221.0,RR
2026-02-17T01:45:00Z,43.38,80.11,-142.0,LONG,72.0,RR
2026-02-17T02:00:00Z,64.94,123.93,347.0,SHORT,113.0,mFRR
2026-02-17T02:15:00Z,69.61,74.4,65.0,BALANCED,0,
2026-02-17T02:30:00Z,51.5,75.57,-143.0,LONG,108.0,aFRR
2026-02-17T02:45:00Z,69.02,74.4,-87.0,BALANCED,0,
2026-02-17T03:00:00Z,43.56,74.01,-129.0,LONG,74.0,aFRR
2026-02-17T03:15:00Z,70.29,73.86,41.0,BALANCED,0,
2026-02-17T03:30:00Z,9.23,79.69,-567.0,LONG,441.0,RR
2026-02-17T03:45:00Z,70.2,74.64,-34.0,BALANCED,0,
2026-02-17T04:00:00Z,64.61,76.9,-16.0,BALANCED,0,
2026-02-17T04:15:00Z,62.84,125.3,486.0,SHORT,177.0,aFRR
2026-02-17T04:30:00Z,47.2,74.48,-121.0,LONG,57.0,aFRR
2026-02-17T04:45:00Z,68.05,175.14,734.0,SHORT,565.0,RR
2026-02-17T05:00:00Z,69.4,87.77,174.0,SHORT,54.0,aFRR
2026-02-17T05:15:00Z,68.68,70.62,70.0,BALANCED,0,
2026-02-17T05:30:00Z,68.59,74.13,7.0,BALANCED,0,
2026-02-17T05:45:00Z,68.64,76.11,48.0,BALANCED,0,
2026-02-17T06:00:00Z,13.72,71.32,-400.0,LONG,247.0,mFRR
2026-02-17T06:15:00Z,72.51,80.69,-15.0,BALANCED,0,
2026-02-17T06:30:00Z,72.71,126.93,298.0,SHORT,146.0,RR
2026-02-17T06:45:00Z,62.57,119.38,290.0,SHORT,208.0,aFRR
2026-02-17T07:00:00Z,10.27,80.72,-518.0,LONG,296.0,aFRR
2026-02-17T07:15:00Z,0.87,79.65,-371.0,LONG,248.0,mFRR
2026-02-17T07:30:00Z,65.59,126.99,187.0,SHORT,103.0,RR
2026-02-17T07:45:00Z,70.51,75.66,88.0,BALANCED,0,
2026-02-17T08:00:00Z,65.29,131.32,540.0,SHORT,243.0,mFRR
2026-02-17T08:15:00Z,66.84,75.11,-52.0,BALANCED,0,
2026-02-17T08:30:00Z,44.09,75.85,-132.0,LONG,47.0,aFRR
2026-02-17T08:45:00Z,67.94,139.56,360.0,SHORT,265.0,mFRR
2026-02-17T09:00:00Z,68.66,77.46,63.0,BALANCED,0,
2026-02-17T09:15:00Z,66.77,134.03,370.0,SHORT,251.0,aFRR
2026-02-17T09:30:00Z,40.66,80.23,-188.0,LONG,65.0,mFRR
2026-02-17T09:45:00Z,26.62,75.58,-409.0,LONG,129.0,RR
2026-02-17T10:00:00Z,28.27,77.1,-315.0,LONG,247.0,aFRR
2026-02-17T10:15:00Z,68.41,132.47,339.0,SHORT,203.0,aFRR
2026-02-17T10:30:00Z,69.0,103.01,297.0,SHORT,183.0,RR
2026-02-17T10:45:00Z,33.4,78.05,-165.0,LONG,116.0,RR
2026-02-17T11:00:00Z,24.01,74.62,-221.0,LONG,102.0,RR
2026-02-17T11:15:00Z,54.18,81.92,-176.0,LONG,100.0,aFRR
2026-02-17T11:30:00Z,66.28,140.86,376.0,SHORT,148.0,mFRR
2026-02-17T11:45:00Z,70.0,150.68,534.0,SHORT,175.0,mFRR
2026-02-17T12:00:00Z,10.01,70.6,-342.0,LONG,258.0,aFRR
2026-02-17T12:15:00Z,73.09,75.55,21.0,BALANCED,0,
2026-02-17T12:30:00Z,64.04,136.57,663.0,SHORT,310.0,mFRR
2026-02-17T12:45:00Z,65.14,78.51,-125.0,LONG,40.0,mFRR
2026-02-17T13:00:00Z,65.63,105.63,176.0,SHORT,106.0,RR
2026-02-17T13:15:00Z,65.53,118.81,257.0,SHORT,203.0,RR
2026-02-17T13:30:00Z,18.0,75.93,-254.0,LONG,85.0,aFRR
2026-02-17T13:45:00Z,68.42,104.34,109.0,SHORT,78.0,aFRR
2026-02-17T14:00:00Z,15.93,78.02,-406.0,LONG,303.0,RR
2026-02-17T14:15:00Z,44.17,78.17,-244.0,LONG,147.0,mFRR
2026-02-17T14:30:00Z,68.61,73.13,47.0,BALANCED,0,
2026-02-17T14:45:00Z,42.66,77.63,-174.0,LONG,78.0,aFRR
2026-02-17T15:00:00Z,69.28,141.37,255.0,SHORT,188.0,aFRR
2026-02-17T15:15:00Z,65.81,74.74,-7.0,BALANCED,0,
2026-02-17T15:30:00Z,25.5,81.89,-364.0,LONG,239.0,aFRR
2026-02-17T15:45:00Z,60.14,146.01,536.0,SHORT,392.0,mFRR
2026-02-17T16:00:00Z,70.89,115.2,172.0,SHORT,77.0,mFRR
2026-02-17T16:15:00Z,71.02,74.53,79.0,BALANCED,0,
2026-02-17T16:30:00Z,64.55,136.19,469.0,SHORT,293.0,aFRR
2026-02-17T16:45:00Z,68.82,76.12,-90.0,BALANCED,0,
2026-02-17T17:00:00Z,26.16,75.92,-242.0,LONG,152.0,RR
2026-02-17T17:15:00Z,68.85,75.67,-37.0,BALANCED,0,
2026-02-17T17:30:00Z,61.83,94.18,147.0,SHORT,109.0,RR
2026-02-17T17:45:00Z,72.23,74.05,-49.0,BALANCED,0,
2026-02-17T18:00:00Z,1.42,79.65,-431.0,LONG,158.0,mFRR
2026-02-17T18:15:00Z,28.51,75.36,-406.0,LONG,251.0,aFRR
2026-02-17T18:30:00Z,71.62,125.61,231.0,SHORT,149.0,mFRR
2026-02-17T18:45:00Z,38.55,77.49,-359.0,LONG,121.0,RR
2026-02-17T19:00:00Z,68.56,76.9,-61.0,BALANCED,0,
2026-02-17T19:15:00Z,61.75,135.6,403.0,SHORT,141.0,aFRR
2026-02-17T19:30:00Z,69.47,74.23,90.0,BALANCED,0,
2026-02-17T19:45:00Z,67.9,140.68,513.0,SHORT,199.0,mFRR
2026-02-17T20:00:00Z,42.76,78.37,-330.0,LONG,188.0,mFRR
2026-02-17T20:15:00Z,63.93,108.89,125.0,SHORT,52.0,mFRR
2026-02-17T20:30:00Z,67.09,75.19,-7.0,BALANCED,0,
2026-02-17T20:45:00Z,73.19,100.1,351.0,SHORT,243.0,RR
2026-02-17T21:00:00Z,70.01,109.49,181.0,SHORT,118.0,aFRR
2026-02-17T21:15:00Z,69.74,74.77,-50.0,BALANCED,0,
2026-02-17T21:30:00Z,-10.95,80.28,-602.0,LONG,238.0,aFRR
2026-02-17T21:45:00Z,40.81,78.06,-277.0,LONG,214.0,RR
2026-02-17T22:00:00Z,50.87,78.38,-216.0,LONG,94.0,aFRR
2026-02-17T22:15:00Z,65.13,128.88,415.0,SHORT,277.0,aFRR
2026-02-17T22:30:00Z,72.03,73.68,-65.0,BALANCED,0,
2026-02-17T22:45:00Z,68.4,125.99,101.0,SHORT,47.0,aFRR
2026-02-17T23:00:00Z,70.19,76.24,-35.0,BALANCED,0,
2026-02-17T23:15:00Z,70.37,73.81,-96.0,BALANCED,0,
2026-02-17T23:30:00Z,-2.05,74.13,-644.0,LONG,458.0,RR
2026-02-17T23:45:00Z,-5.87,75.92,-576.0,LONG,349.0,RR
2026-02-18T00:00:00Z,67.14,74.3,0.0,BALANCED,0,
2026-02-18T00:15:00Z,70.26,128.33,604.0,SHORT,257.0,mFRR
2026-02-18T00:30:00Z,65.3,77.07,-17.0,BALANCED,0,
2026-02-18T00:45:00Z,68.94,145.8,100.0,SHORT,31.0,RR
2026-02-18T01:00:00Z,66.63,122.08,280.0,SHORT,119.0,mFRR
2026-02-18T01:15:00Z,68.25,75.38,-3.0,BALANCED,0,
2026-02-18T01:30:00Z,65.03,123.27,113.0,SHORT,48.0,mFRR
2026-02-18T01:45:00Z,72.0,75.6,48.0,BALANCED,0,
2026-02-18T02:00:00Z,13.44,72.1,-408.0,LONG,213.0,mFRR
2026-02-18T02:15:00Z,69.01,79.49,5.0,BALANCED,0,
2026-02-18T02:30:00Z,66.8,130.59,312.0,SHORT,224.0,mFRR
2026-02-18T02:45:00Z,64.61,73.67,99.0,BALANCED,0,
2026-02-18T03:00:00Z,63.08,102.16,152.0,SHORT,100.0,mFRR
2026-02-18T03:15:00Z,66.2,77.63,62.0,BALANCED,0,
2026-02-18T03:30:00Z,8.15,82.79,-428.0,LONG,191.0,RR
2026-02-18T03:45:00Z,69.71,142.77,152.0,SHORT,54.0,aFRR
2026-02-18T04:00:00Z,68.76,73.97,91.0,BALANCED,0,
2026-02-18T04:15:00Z,67.32,116.26,346.0,SHORT,160.0,RR
2026-02-18T04:30:00Z,64.89,135.68,617.0,SHORT,298.0,mFRR
2026-02-18T04:45:00Z,71.38,100.46,286.0,SHORT,104.0,aFRR
2026-02-18T05:00:00Z,13.1,75.98,-419.0,LONG,199.0,aFRR
2026-02-18T05:15:00Z,65.0,74.96,-22.0,BALANCED,0,
2026-02-18T05:30:00Z,26.25,77.78,-202.0,LONG,144.0,RR
2026-02-18T05:45:00Z,65.24,117.42,342.0,SHORT,229.0,RR
2026-02-18T06:00:00Z,67.29,129.49,330.0,SHORT,217.0,RR
2026-02-18T06:15:00Z,48.04,76.89,-136.0,LONG,65.0,aFRR
2026-02-18T06:30:00Z,70.72,76.28,7.0,BALANCED,0,
2026-02-18T06:45:00Z,31.95,79.63,-234.0,LONG,149.0,RR
2026-02-18T07:00:00Z,60.88,126.02,301.0,SHORT,106.0,RR
2026-02-18T07:15:00Z,60.87,109.62,224.0,SHORT,161.0,aFRR
2026-02-18T07:30:00Z,14.75,71.32,-424.0,LONG,181.0,aFRR
2026-02-18T07:45:00Z,46.41,78.65,-154.0,LONG,48.0,aFRR
2026-02-18T08:00:00Z,68.83,75.25,-86.0,BALANCED,0,
2026-02-18T08:15:00Z,67.62,126.33,289.0,SHORT,222.0,mFRR
2026-02-18T08:30:00Z,64.51,133.59,217.0,SHORT,167.0,aFRR
2026-02-18T08:45:00Z,64.01,122.58,660.0,SHORT,473.0,aFRR
2026-02-18T09:00:00Z,27.29,80.6,-240.0,LONG,108.0,mFRR
2026-02-18T09:15:00Z,67.97,119.72,114.0,SHORT,90.0,mFRR
2026-02-18T09:30:00Z,65.38,134.65,140.0,SHORT,90.0,aFRR
2026-02-18T09:45:00Z,70.79,71.95,49.0,BALANCED,0,
2026-02-18T10:00:00Z,68.2,112.07,168.0,SHORT,62.0,aFRR
2026-02-18T10:15:00Z,65.69,171.63,609.0,SHORT,473.0,RR
2026-02-18T10:30:00Z,70.02,124.5,226.0,SHORT,168.0,mFRR
2026-02-18T10:45:00Z,65.76,73.62,-7.0,BALANCED,0,
2026-02-18T11:00:00Z,28.77,71.71,-254.0,LONG,86.0,RR
2026-02-18T11:15:00Z,66.9,143.69,348.0,SHORT,241.0,aFRR
2026-02-18T11:30:00Z,71.94,77.38,-43.0,BALANCED,0,
2026-02-18T11:45:00Z,62.3,89.26,113.0,SHORT,63.0,RR
2026-02-18T12:00:00Z,67.87,71.57,87.0,BALANCED,0,
2026-02-18T12:15:00Z,70.81,165.27,580.0,SHORT,243.0,mFRR
2026-02-18T12:30:00Z,10.35,80.83,-464.0,LONG,275.0,aFRR
2026-02-18T12:45:00Z,66.68,77.66,83.0,BALANCED,0,
2026-02-18T13:00:00Z,34.02,72.2,-227.0,LONG,83.0,RR
2026-02-18T13:15:00Z,67.15,87.99,127.0,SHORT,64.0,RR
2026-02-18T13:30:00Z,69.5,112.76,293.0,SHORT,138.0,RR
2026-02-18T13:45:00Z,36.39,73.12,-232.0,LONG,172.0,mFRR
2026-02-18T14:00:00Z,66.2,99.69,241.0,SHORT,175.0,mFRR
2026-02-18T14:15:00Z,67.85,70.98,-61.0,BALANCED,0,
2026-02-18T14:30:00Z,66.88,118.68,151.0,SHORT,84.0,RR
2026-02-18T14:45:00Z,66.12,106.49,295.0,SHORT,188.0,aFRR
2026-02-18T15:00:00Z,68.56,76.09,98.0,BALANCED,0,
2026-02-18T15:15:00Z,65.8,139.64,186.0,SHORT,127.0,mFRR
2026-02-18T15:30:00Z,63.25,110.55,277.0,SHORT,194.0,RR
2026-02-18T15:45:00Z,66.87,103.56,304.0,SHORT,176.0,RR
2026-02-18T16:00:00Z,64.89,153.86,489.0,SHORT,352.0,aFRR
2026-02-18T16:15:00Z,67.59,78.07,-51.0,BALANCED,0,
2026-02-18T16:30:00Z,65.95,124.04,276.0,SHORT,113.0,mFRR
2026-02-18T16:45:00Z,66.74,134.38,402.0,SHORT,204.0,aFRR
2026-02-18T17:00:00Z,64.58,82.12,121.0,SHORT,84.0,aFRR
2026-02-18T17:15:00Z,29.31,78.91,-281.0,LONG,125.0,mFRR
2026-02-18T17:30:00Z,33.31,75.49,-311.0,LONG,170.0,aFRR
2026-02-18T17:45:00Z,62.34,113.73,331.0,SHORT,203.0,mFRR
2026-02-18T18:00:00Z,41.63,80.5,-198.0,LONG,154.0,RR
2026-02-18T18:15:00Z,65.39,121.46,282.0,SHORT,178.0,mFRR
2026-02-18T18:30:00Z,68.09,75.52,2.0,BALANCED,0,
2026-02-18T18:45:00Z,70.9,124.1,275.0,SHORT,132.0,mFRR
2026-02-18T19:00:00Z,42.09,80.96,-115.0,LONG,75.0,RR
2026-02-18T19:15:00Z,17.07,74.72,-503.0,LONG,384.0,aFRR
2026-02-18T19:30:00Z,69.9,75.9,48.0,BALANCED,0,
2026-02-18T19:45:00Z,10.03,76.57,-466.0,LONG,322.0,aFRR
2026-02-18T20:00:00Z,16.36,78.54,-354.0,LONG,280.0,mFRR
2026-02-18T20:15:00Z,26.57,77.07,-310.0,LONG,133.0,aFRR
2026-02-18T20:30:00Z,65.39,108.49,108.0,SHORT,77.0,mFRR
2026-02-18T20:45:00Z,19.74,79.43,-436.0,LONG,212.0,RR
2026-02-18T21:00:00Z,65.05,106.0,232.0,SHORT,174.0,RR
2026-02-18T21:15:00Z,70.04,121.46,264.0,SHORT,188.0,mFRR
2026-02-18T21:30:00Z,67.95,77.11,93.0,BALANCED,0,
2026-02-18T21:45:00Z,50.78,80.22,-158.0,LONG,59.0,mFRR
2026-02-18T22:00:00Z,29.45,70.83,-264.0,LONG,139.0,mFRR
2026-02-18T22:15:00Z,28.82,81.1,-446.0,LONG,144.0,RR
2026-02-18T22:30:00Z,71.96,91.58,179.0,SHORT,61.0,aFRR
2026-02-18T22:45:00Z,63.39,117.2,245.0,SHORT,80.0,aFRR
2026-02-18T23:00:00Z,67.11,149.57,602.0,SHORT,238.0,aFRR
2026-02-18T23:15:00Z,7.18,71.18,-524.0,LONG,350.0,RR
2026-02-18T23:30:00Z,64.42,107.03,263.0,SHORT,192.0,mFRR
2026-02-18T23:45:00Z,15.81,77.15,-526.0,LONG,342.0,RR
2026-02-19T00:00:00Z,12.73,75.73,-322.0,LONG,188.0,mFRR
2026-02-19T00:15:00Z,69.56,75.89,11.0,BALANCED,0,
2026-02-19T00:30:00Z,71.22,76.27,-99.0,BALANCED,0,
2026-02-19T00:45:00Z,30.71,70.02,-312.0,LONG,246.0,RR
2026-02-19T01:00:00Z,19.12,74.37,-384.0,LONG,304.0,RR
2026-02-19T01:15:00Z,68.31,118.89,399.0,SHORT,154.0,aFRR
2026-02-19T01:30:00Z,66.96,78.55,52.0,BALANCED,0,
2026-02-19T01:45:00Z,44.33,76.03,-158.0,LONG,50.0,RR
2026-02-19T02:00:00Z,66.18,74.93,-23.0,BALANCED,0,
2026-02-19T02:15:00Z,63.79,135.9,400.0,SHORT,152.0,aFRR
2026-02-19T02:30:00Z,64.94,117.98,274.0,SHORT,124.0,aFRR
2026-02-19T02:45:00Z,67.54,143.14,357.0,SHORT,221.0,RR
2026-02-19T03:00:00Z,-12.51,77.53,-708.0,LONG,455.0,mFRR
2026-02-19T03:15:00Z,-2.02,77.82,-503.0,LONG,370.0,mFRR
2026-02-19T03:30:00Z,6.97,78.47,-367.0,LONG,140.0,mFRR
2026-02-19T03:45:00Z,69.34,76.37,51.0,BALANCED,0,
2026-02-19T04:00:00Z,42.11,77.58,-207.0,LONG,80.0,RR
2026-02-19T04:15:00Z,26.3,75.62,-260.0,LONG,201.0,mFRR
2026-02-19T04:30:00Z,57.83,77.21,-145.0,LONG,114.0,RR
2026-02-19T04:45:00Z,67.14,73.98,-60.0,BALANCED,0,
2026-02-19T05:00:00Z,68.61,139.46,550.0,SHORT,356.0,aFRR
2026-02-19T05:15:00Z,70.28,74.36,59.0,BALANCED,0,
2026-02-19T05:30:00Z,65.64,79.31,121.0,SHORT,80.0,RR
2026-02-19T05:45:00Z,44.69,77.49,-258.0,LONG,130.0,aFRR
2026-02-19T06:00:00Z,72.49,74.11,30.0,BALANCED,0,
2026-02-19T06:15:00Z,77.37,120.21,270.0,SHORT,169.0,aFRR
2026-02-19T06:30:00Z,64.93,133.25,563.0,SHORT,393.0,RR
2026-02-19T06:45:00Z,40.88,73.9,-126.0,LONG,74.0,RR
2026-02-19T07:00:00Z,67.15,77.29,67.0,BALANCED,0,
2026-02-19T07:15:00Z,5.76,79.38,-561.0,LONG,199.0,mFRR
2026-02-19T07:30:00Z,68.6,75.21,-90.0,BALANCED,0,
2026-02-19T07:45:00Z,64.9,123.56,184.0,SHORT,57.0,RR
2026-02-19T08:00:00Z,72.1,77.55,29.0,BALANCED,0,
2026-02-19T08:15:00Z,71.52,73.92,-68.0,BALANCED,0,
2026-02-19T08:30:00Z,-26.17,71.3,-830.0,LONG,491.0,aFRR
2026-02-19T08:45:00Z,-23.29,77.09,-771.0,LONG,268.0,aFRR
2026-02-19T09:00:00Z,65.72,128.35,436.0,SHORT,275.0,mFRR
2026-02-19T09:15:00Z,68.03,77.51,-4.0,BALANCED,0,
2026-02-19T09:30:00Z,68.16,73.77,-7.0,BALANCED,0,
2026-02-19T09:45:00Z,51.92,73.13,-166.0,LONG,133.0,aFRR
2026-02-19T10:00:00Z,68.27,143.13,467.0,SHORT,369.0,aFRR
2026-02-19T10:15:00Z,17.26,82.03,-435.0,LONG,134.0,mFRR
2026-02-19T10:30:00Z,32.97,77.14,-145.0,LONG,88.0,mFRR
2026-02-19T10:45:00Z,42.57,80.11,-201.0,LONG,78.0,aFRR
2026-02-19T11:00:00Z,38.48,75.07,-277.0,LONG,213.0,RR
2026-02-19T11:15:00Z,67.96,77.0,-3.0,BALANCED,0,
2026-02-19T11:30:00Z,66.18,77.73,33.0,BALANCED,0,
2026-02-19T11:45:00Z,56.25,80.08,-300.0,LONG,228.0,aFRR
2026-02-19T12:00:00Z,39.23,77.56,-303.0,LONG,143.0,RR
2026-02-19T12:15:00Z,71.6,109.15,203.0,SHORT,141.0,RR
2026-02-19T12:30:00Z,67.96,111.62,213.0,SHORT,138.0,aFRR
2026-02-19T12:45:00Z,68.39,119.82,269.0,SHORT,93.0,mFRR
2026-02-19T13:00:00Z,15.29,78.23,-420.0,LONG,308.0,aFRR
2026-02-19T13:15:00Z,30.77,68.23,-382.0,LONG,178.0,mFRR
2026-02-19T13:30:00Z,32.23,74.24,-398.0,LONG,124.0,aFRR
2026-02-19T13:45:00Z,69.78,110.0,228.0,SHORT,156.0,mFRR
2026-02-19T14:00:00Z,67.93,73.89,-55.0,BALANCED,0,
2026-02-19T14:15:00Z,67.09,75.18,57.0,BALANCED,0,
2026-02-19T14:30:00Z,65.83,126.01,343.0,SHORT,213.0,aFRR
2026-02-19T14:45:00Z,66.23,108.32,404.0,SHORT,283.0,RR
2026-02-19T15:00:00Z,45.4,78.87,-254.0,LONG,85.0,RR
2026-02-19T15:15:00Z,71.99,76.39,65.0,BALANCED,0,
2026-02-19T15:30:00Z,65.87,107.71,188.0,SHORT,103.0,aFRR
2026-02-19T15:45:00Z,47.48,76.55,-178.0,LONG,125.0,RR
2026-02-19T16:00:00Z,67.56,168.18,516.0,SHORT,358.0,RR
2026-02-19T16:15:00Z,66.56,72.7,-23.0,BALANCED,0,
2026-02-19T16:30:00Z,68.12,135.7,485.0,SHORT,159.0,RR
2026-02-19T16:45:00Z,66.21,130.94,249.0,SHORT,145.0,aFRR
2026-02-19T17:00:00Z,29.15,73.48,-228.0,LONG,109.0,aFRR
2026-02-19T17:15:00Z,61.93,135.83,302.0,SHORT,195.0,RR
2026-02-19T17:30:00Z,65.15,97.94,163.0,SHORT,71.0,RR
2026-02-19T17:45:00Z,44.44,77.27,-232.0,LONG,102.0,aFRR
2026-02-19T18:00:00Z,66.32,117.46,388.0,SHORT,194.0,RR
2026-02-19T18:15:00Z,64.83,139.68,412.0,SHORT,136.0,RR
2026-02-19T18:30:00Z,-15.9,76.26,-586.0,LONG,194.0,mFRR
2026-02-19T18:45:00Z,63.52,96.83,243.0,SHORT,116.0,RR
2026-02-19T19:00:00Z,63.57,79.26,-136.0,LONG,76.0,RR
2026-02-19T19:15:00Z,14.68,79.24,-561.0,LONG,189.0,mFRR
2026-02-19T19:30:00Z,10.64,75.59,-485.0,LONG,363.0,aFRR
2026-02-19T19:45:00Z,63.78,85.67,152.0,SHORT,114.0,RR
2026-02-19T20:00:00Z,48.15,73.19,-219.0,LONG,69.0,mFRR
2026-02-19T20:15:00Z,68.63,71.94,-12.0,BALANCED,0,
2026-02-19T20:30:00Z,42.77,70.79,-367.0,LONG,166.0,mFRR
2026-02-19T20:45:00Z,72.07,76.0,64.0,BALANCED,0,
2026-02-19T21:00:00Z,67.85,74.65,-76.0,BALANCED,0,
2026-02-19T21:15:00Z,27.37,80.21,-171.0,LONG,64.0,RR
2026-02-19T21:30:00Z,50.12,76.98,-152.0,LONG,86.0,aFRR
2026-02-19T21:45:00Z,71.94,73.56,-59.0,BALANCED,0,
2026-02-19T22:00:00Z,57.5,73.31,-108.0,LONG,53.0,mFRR
2026-02-19T22:15:00Z,65.36,108.06,118.0,SHORT,52.0,aFRR
2026-02-19T22:30:00Z,67.85,77.29,95.0,BALANCED,0,
2026-02-19T22:45:00Z,69.88,76.01,79.0,BALANCED,0,
2026-02-19T23:00:00Z,71.76,75.48,-97.0,BALANCED,0,
2026-02-19T23:15:00Z,41.02,75.65,-153.0,LONG,90.0,aFRR
2026-02-19T23:30:00Z,38.22,77.52,-355.0,LONG,283.0,aFRR
2026-02-19T23:45:00Z,49.3,74.03,-143.0,LONG,82.0,RR
2026-02-20T00:00:00Z,17.19,73.6,-439.0,LONG,138.0,RR
2026-02-20T00:15:00Z,29.58,80.39,-231.0,LONG,152.0,aFRR
2026-02-20T00:30:00Z,65.27,123.21,269.0,SHORT,128.0,aFRR
2026-02-20T00:45:00Z,64.23,115.65,394.0,SHORT,266.0,mFRR
2026-02-20T01:00:00Z,68.43,80.69,123.0,SHORT,94.0,aFRR
2026-02-20T01:15:00Z,62.6,125.94,514.0,SHORT,286.0,mFRR
2026-02-20T01:30:00Z,67.58,116.38,232.0,SHORT,175.0,RR
2026-02-20T01:45:00Z,11.94,78.63,-489.0,LONG,230.0,RR
2026-02-20T02:00:00Z,70.28,73.63,-48.0,BALANCED,0,
2026-02-20T02:15:00Z,67.46,128.43,220.0,SHORT,145.0,aFRR
2026-02-20T02:30:00Z,68.1,75.25,30.0,BALANCED,0,
2026-02-20T02:45:00Z,69.5,132.73,496.0,SHORT,366.0,mFRR
2026-02-20T03:00:00Z,67.77,77.09,-7.0,BALANCED,0,
2026-02-20T03:15:00Z,69.67,134.54,412.0,SHORT,207.0,mFRR
2026-02-20T03:30:00Z,68.58,74.0,20.0,BALANCED,0,
2026-02-20T03:45:00Z,67.88,142.18,496.0,SHORT,375.0,mFRR
2026-02-20T04:00:00Z,71.64,72.76,95.0,BALANCED,0,
2026-02-20T04:15:00Z,70.12,162.45,471.0,SHORT,339.0,RR
2026-02-20T04:30:00Z,36.65,78.77,-266.0,LONG,177.0,mFRR
2026-02-20T04:45:00Z,69.59,123.74,291.0,SHORT,222.0,aFRR
2026-02-20T05:00:00Z,43.17,75.34,-180.0,LONG,108.0,aFRR
2026-02-20T05:15:00Z,68.98,77.09,-29.0,BALANCED,0,
2026-02-20T05:30:00Z,63.95,110.39,145.0,SHORT,46.0,aFRR
2026-02-20T05:45:00Z,12.23,75.39,-413.0,LONG,215.0,aFRR
2026-02-20T06:00:00Z,66.02,138.21,224.0,SHORT,86.0,aFRR
2026-02-20T06:15:00Z,50.27,77.03,-148.0,LONG,49.0,aFRR
2026-02-20T06:30:00Z,51.46,76.84,-140.0,LONG,81.0,mFRR
2026-02-20T06:45:00Z,68.14,139.11,576.0,SHORT,324.0,RR
2026-02-20T07:00:00Z,-2.43,72.9,-620.0,LONG,227.0,RR
2026-02-20T07:15:00Z,68.03,74.14,58.0,BALANCED,0,
2026-02-20T07:30:00Z,65.61,103.87,295.0,SHORT,112.0,RR
2026-02-20T07:45:00Z,66.96,75.62,90.0,BALANCED,0,
2026-02-20T08:00:00Z,38.1,74.36,-194.0,LONG,135.0,RR
2026-02-20T08:15:00Z,29.82,75.11,-315.0,LONG,146.0,mFRR
2026-02-20T08:30:00Z,65.76,122.45,219.0,SHORT,143.0,RR
2026-02-20T08:45:00Z,71.43,72.19,-36.0,BALANCED,0,
2026-02-20T09:00:00Z,46.27,74.87,-201.0,LONG,80.0,aFRR
2026-02-20T09:15:00Z,60.6,112.09,125.0,SHORT,83.0,aFRR
2026-02-20T09:30:00Z,67.44,144.55,463.0,SHORT,335.0,mFRR
2026-02-20T09:45:00Z,46.9,75.79,-104.0,LONG,69.0,aFRR
2026-02-20T10:00:00Z,27.51,76.91,-294.0,LONG,234.0,RR
2026-02-20T10:15:00Z,71.83,77.12,80.0,BALANCED,0,
2026-02-20T10:30:00Z,63.96,94.1,271.0,SHORT,167.0,mFRR
2026-02-20T10:45:00Z,29.88,78.92,-125.0,LONG,53.0,RR
2026-02-20T11:00:00Z,63.9,118.88,216.0,SHORT,117.0,RR
2026-02-20T11:15:00Z,38.11,76.83,-210.0,LONG,98.0,RR
2026-02-20T11:30:00Z,7.42,74.8,-587.0,LONG,190.0,aFRR
2026-02-20T11:45:00Z,65.2,121.82,268.0,SHORT,192.0,RR
2026-02-20T12:00:00Z,66.96,99.43,113.0,SHORT,60.0,RR
2026-02-20T12:15:00Z,59.09,78.27,-124.0,LONG,83.0,aFRR
2026-02-20T12:30:00Z,69.28,77.22,11.0,BALANCED,0,
2026-02-20T12:45:00Z,66.93,114.89,344.0,SHORT,216.0,aFRR
2026-02-20T13:00:00Z,65.9,96.21,253.0,SHORT,131.0,RR
2026-02-20T13:15:00Z,51.47,73.9,-228.0,LONG,179.0,mFRR
2026-02-20T13:30:00Z,69.92,78.83,-52.0,BALANCED,0,
2026-02-20T13:45:00Z,62.58,147.36,681.0,SHORT,484.0,aFRR
2026-02-20T14:00:00Z,60.42,69.88,-171.0,LONG,91.0,aFRR
2026-02-20T14:15:00Z,69.15,75.81,63.0,BALANCED,0,
2026-02-20T14:30:00Z,9.31,77.65,-405.0,LONG,231.0,aFRR
2026-02-20T14:45:00Z,70.95,76.16,71.0,BALANCED,0,
2026-02-20T15:00:00Z,71.23,110.05,214.0,SHORT,118.0,aFRR
2026-02-20T15:15:00Z,71.23,74.56,-63.0,BALANCED,0,
2026-02-20T15:30:00Z,69.04,72.16,23.0,BALANCED,0,
2026-02-20T15:45:00Z,40.55,76.48,-280.0,LONG,130.0,RR
2026-02-20T16:00:00Z,65.19,124.11,224.0,SHORT,150.0,RR
2026-02-20T16:15:00Z,66.52,125.28,123.0,SHORT,79.0,aFRR
2026-02-20T16:30:00Z,69.44,71.18,-65.0,BALANCED,0,
2026-02-20T16:45:00Z,71.96,73.36,-15.0,BALANCED,0,
2026-02-20T17:00:00Z,45.45,79.45,-190.0,LONG,91.0,RR
2026-02-20T17:15:00Z,-17.41,80.17,-739.0,LONG,299.0,mFRR
2026-02-20T17:30:00Z,21.92,73.19,-297.0,LONG,173.0,RR
2026-02-20T17:45:00Z,45.16,72.82,-128.0,LONG,87.0,RR
2026-02-20T18:00:00Z,48.32,77.81,-108.0,LONG,41.0,RR
2026-02-20T18:15:00Z,69.7,103.13,388.0,SHORT,203.0,aFRR
2026-02-20T18:30:00Z,71.01,72.1,-86.0,BALANCED,0,
2026-02-20T18:45:00Z,68.6,73.58,-65.0,BALANCED,0,
2026-02-20T19:00:00Z,-13.52,77.9,-662.0,LONG,327.0,aFRR
2026-02-20T19:15:00Z,70.11,122.61,528.0,SHORT,165.0,mFRR
2026-02-20T19:30:00Z,63.87,136.54,344.0,SHORT,185.0,mFRR
2026-02-20T19:45:00Z,52.02,78.41,-105.0,LONG,78.0,mFRR
2026-02-20T20:00:00Z,66.3,102.7,244.0,SHORT,132.0,mFRR
2026-02-20T20:15:00Z,68.11,74.1,-43.0,BALANCED,0,
2026-02-20T20:30:00Z,69.67,72.78,8.0,BALANCED,0,
2026-02-20T20:45:00Z,67.19,149.05,408.0,SHORT,207.0,mFRR
2026-02-20T21:00:00Z,71.5,76.06,-89.0,BALANCED,0,
2026-02-20T21:15:00Z,65.89,73.72,87.0,BALANCED,0,
2026-02-20T21:30:00Z,68.66,75.71,92.0,BALANCED,0,
2026-02-20T21:45:00Z,66.82,76.82,-44.0,BALANCED,0,
2026-02-20T22:00:00Z,69.57,83.28,148.0,SHORT,51.0,aFRR
2026-02-20T22:15:00Z,48.62,72.8,-189.0,LONG,59.0,aFRR
2026-02-20T22:30:00Z,50.57,76.48,-167.0,LONG,76.0,aFRR
2026-02-20T22:45:00Z,66.45,127.8,391.0,SHORT,232.0,aFRR
2026-02-20T23:00:00Z,67.81,135.81,378.0,SHORT,244.0,RR
2026-02-20T23:15:00Z,70.17,156.99,531.0,SHORT,285.0,aFRR
2026-02-20T23:30:00Z,69.5,73.87,-66.0,BALANCED,0,
2026-02-20T23:45:00Z,68.16,76.25,-59.0,BALANCED,0,
2026-02-21T00:00:00Z,31.7,74.37,-228.0,LONG,81.0,aFRR
2026-02-21T00:15:00Z,46.58,76.57,-107.0,LONG,83.0,aFRR
2026-02-21T00:30:00Z,72.54,74.21,100.0,BALANCED,0,
2026-02-21T00:45:00Z,68.49,75.97,87.0,BALANCED,0,
2026-02-21T01:00:00Z,61.72,141.29,385.0,SHORT,269.0,RR
2026-02-21T01:15:00Z,21.04,81.94,-481.0,LONG,215.0,RR
2026-02-21T01:30:00Z,71.04,75.47,-84.0,BALANCED,0,
2026-02-21T01:45:00Z,68.75,74.26,58.0,BALANCED,0,
2026-02-21T02:00:00Z,34.07,77.02,-280.0,LONG,199.0,aFRR
2026-02-21T02:15:00Z,67.01,128.86,526.0,SHORT,288.0,aFRR
2026-02-21T02:30:00Z,12.15,76.24,-375.0,LONG,294.0,aFRR
2026-02-21T02:45:00Z,70.82,76.23,-66.0,BALANCED,0,
2026-02-21T03:00:00Z,33.7,77.66,-258.0,LONG,128.0,mFRR
2026-02-21T03:15:00Z,46.84,72.99,-223.0,LONG,146.0,aFRR
2026-02-21T03:30:00Z,66.5,121.15,264.0,SHORT,131.0,RR
2026-02-21T03:45:00Z,5.16,74.47,-465.0,LONG,182.0,RR
2026-02-21T04:00:00Z,69.79,108.68,204.0,SHORT,84.0,mFRR
2026-02-21T04:15:00Z,69.15,74.85,51.0,BALANCED,0,
2026-02-21T04:30:00Z,67.13,94.36,271.0,SHORT,109.0,aFRR
2026-02-21T04:45:00Z,66.39,153.66,574.0,SHORT,322.0,RR
2026-02-21T05:00:00Z,68.87,79.03,-35.0,BALANCED,0,
2026-02-21T05:15:00Z,68.96,76.71,-62.0,BALANCED,0,
2026-02-21T05:30:00Z,34.3,81.03,-404.0,LONG,263.0,mFRR
2026-02-21T05:45:00Z,69.79,75.15,-15.0,BALANCED,0,
2026-02-21T06:00:00Z,14.97,81.32,-329.0,LONG,239.0,mFRR
2026-02-21T06:15:00Z,65.58,76.99,121.0,SHORT,87.0,RR
2026-02-21T06:30:00Z,67.42,74.9,46.0,BALANCED,0,
2026-02-21T06:45:00Z,70.97,75.27,63.0,BALANCED,0,
2026-02-21T07:00:00Z,72.14,76.88,1.0,BALANCED,0,
2026-02-21T07:15:00Z,60.94,103.38,241.0,SHORT,178.0,RR
2026-02-21T07:30:00Z,70.0,76.8,61.0,BALANCED,0,
2026-02-21T07:45:00Z,70.82,111.84,376.0,SHORT,192.0,mFRR
2026-02-21T08:00:00Z,67.27,74.39,-79.0,BALANCED,0,
2026-02-21T08:15:00Z,66.68,121.16,187.0,SHORT,137.0,mFRR
2026-02-21T08:30:00Z,66.15,149.06,379.0,SHORT,242.0,aFRR
2026-02-21T08:45:00Z,32.65,73.76,-194.0,LONG,152.0,mFRR
2026-02-21T09:00:00Z,71.38,102.95,446.0,SHORT,342.0,mFRR
2026-02-21T09:15:00Z,52.43,76.04,-130.0,LONG,97.0,aFRR
2026-02-21T09:30:00Z,70.02,76.87,33.0,BALANCED,0,
2026-02-21T09:45:00Z,62.83,122.71,335.0,SHORT,223.0,RR
2026-02-21T10:00:00Z,69.04,76.72,81.0,BALANCED,0,
2026-02-21T10:15:00Z,69.41,77.25,93.0,BALANCED,0,
2026-02-21T10:30:00Z,68.79,127.14,367.0,SHORT,280.0,mFRR
2026-02-21T10:45:00Z,66.38,146.84,720.0,SHORT,573.0,RR
2026-02-21T11:00:00Z,63.87,125.6,185.0,SHORT,61.0,aFRR
2026-02-21T11:15:00Z,64.77,74.19,-5.0,BALANCED,0,
2026-02-21T11:30:00Z,66.42,89.66,196.0,SHORT,144.0,RR
2026-02-21T11:45:00Z,41.77,77.49,-174.0,LONG,102.0,mFRR
2026-02-21T12:00:00Z,31.34,74.19,-350.0,LONG,175.0,aFRR
2026-02-21T12:15:00Z,19.43,75.11,-324.0,LONG,144.0,RR
2026-02-21T12:30:00Z,0.07,77.39,-546.0,LONG,397.0,RR
2026-02-21T12:45:00Z,38.82,78.61,-223.0,LONG,109.0,mFRR
2026-02-21T13:00:00Z,56.55,79.62,-125.0,LONG,95.0,RR
2026-02-21T13:15:00Z,72.82,146.77,658.0,SHORT,495.0,aFRR
2026-02-21T13:30:00Z,12.45,77.02,-430.0,LONG,297.0,RR
2026-02-21T13:45:00Z,64.8,142.0,513.0,SHORT,365.0,aFRR
2026-02-21T14:00:00Z,67.18,133.59,354.0,SHORT,260.0,RR
2026-02-21T14:15:00Z,64.29,180.45,541.0,SHORT,250.0,aFRR
2026-02-21T14:30:00Z,36.1,74.42,-356.0,LONG,240.0,RR
2026-02-21T14:45:00Z,17.16,76.67,-411.0,LONG,223.0,RR
2026-02-21T15:00:00Z,60.56,82.53,129.0,SHORT,89.0,RR
2026-02-21T15:15:00Z,39.24,68.83,-191.0,LONG,145.0,mFRR
2026-02-21T15:30:00Z,-0.03,78.84,-610.0,LONG,421.0,RR
2026-02-21T15:45:00Z,70.04,150.85,314.0,SHORT,157.0,mFRR
2026-02-21T16:00:00Z,63.07,92.5,183.0,SHORT,139.0,aFRR
2026-02-21T16:15:00Z,70.63,72.55,82.0,BALANCED,0,
2026-02-21T16:30:00Z,68.91,133.3,280.0,SHORT,175.0,aFRR
2026-02-21T16:45:00Z,41.79,78.35,-114.0,LONG,87.0,mFRR
2026-02-21T17:00:00Z,64.74,121.67,158.0,SHORT,101.0,RR
2026-02-21T17:15:00Z,4.79,77.03,-647.0,LONG,360.0,mFRR
2026-02-21T17:30:00Z,64.62,153.26,464.0,SHORT,210.0,aFRR
2026-02-21T17:45:00Z,65.54,135.03,217.0,SHORT,115.0,RR
2026-02-21T18:00:00Z,40.02,74.27,-159.0,LONG,84.0,RR
2026-02-21T18:15:00Z,70.54,148.68,315.0,SHORT,185.0,mFRR
2026-02-21T18:30:00Z,64.93,142.62,325.0,SHORT,98.0,mFRR
2026-02-21T18:45:00Z,38.79,71.37,-126.0,LONG,78.0,mFRR
2026-02-21T19:00:00Z,25.94,81.61,-201.0,LONG,118.0,aFRR
2026-02-21T19:15:00Z,-34.22,72.58,-861.0,LONG,532.0,mFRR
2026-02-21T19:30:00Z,68.06,78.86,22.0,BALANCED,0,
2026-02-21T19:45:00Z,66.69,75.33,61.0,BALANCED,0,
2026-02-21T20:00:00Z,28.13,72.82,-221.0,LONG,141.0,aFRR
2026-02-21T20:15:00Z,67.43,122.09,235.0,SHORT,98.0,aFRR
2026-02-21T20:30:00Z,34.63,80.4,-304.0,LONG,182.0,mFRR
2026-02-21T20:45:00Z,30.61,74.68,-189.0,LONG,60.0,aFRR
2026-02-21T21:00:00Z,25.9,74.93,-165.0,LONG,71.0,mFRR
2026-02-21T21:15:00Z,71.79,73.42,-35.0,BALANCED,0,
2026-02-21T21:30:00Z,44.25,77.94,-228.0,LONG,124.0,mFRR
2026-02-21T21:45:00Z,66.99,73.97,98.0,BALANCED,0,
2026-02-21T22:00:00Z,66.99,75.06,-3.0,BALANCED,0,
2026-02-21T22:15:00Z,68.38,76.12,-87.0,BALANCED,0,
2026-02-21T22:30:00Z,66.35,93.52,202.0,SHORT,94.0,RR
2026-02-21T22:45:00Z,70.13,74.8,-4.0,BALANCED,0,
2026-02-21T23:00:00Z,27.19,80.26,-329.0,LONG,235.0,RR
2026-02-21T23:15:00Z,54.43,78.63,-174.0,LONG,73.0,RR
2026-02-21T23:30:00Z,70.38,75.97,-31.0,BALANCED,0,
2026-02-21T23:45:00Z,65.51,75.48,20.0,BALANCED,0,
2026-02-22T00:00:00Z,28.1,76.02,-328.0,LONG,227.0,RR
2026-02-22T00:15:00Z,59.82,104.65,288.0,SHORT,116.0,mFRR
2026-02-22T00:30:00Z,6.16,80.49,-406.0,LONG,264.0,RR
2026-02-22T00:45:00Z,67.87,147.84,666.0,SHORT,391.0,aFRR
2026-02-22T01:00:00Z,25.99,73.95,-462.0,LONG,284.0,mFRR
2026-02-22T01:15:00Z,16.74,78.61,-310.0,LONG,230.0,mFRR
2026-02-22T01:30:00Z,26.46,70.73,-240.0,LONG,140.0,RR
2026-02-22T01:45:00Z,71.19,72.38,22.0,BALANCED,0,
2026-02-22T02:00:00Z,66.4,123.61,518.0,SHORT,265.0,RR
2026-02-22T02:15:00Z,62.99,121.67,301.0,SHORT,92.0,RR
2026-02-22T02:30:00Z,39.33,81.44,-151.0,LONG,66.0,aFRR
2026-02-22T02:45:00Z,38.91,78.61,-236.0,LONG,77.0,mFRR
2026-02-22T03:00:00Z,59.27,73.18,-153.0,LONG,87.0,mFRR
2026-02-22T03:15:00Z,66.26,110.56,301.0,SHORT,167.0,mFRR
2026-02-22T03:30:00Z,55.16,75.67,-112.0,LONG,43.0,mFRR
2026-02-22T03:45:00Z,14.37,73.34,-482.0,LONG,220.0,mFRR
2026-02-22T04:00:00Z,50.47,75.26,-138.0,LONG,46.0,aFRR
2026-02-22T04:15:00Z,53.54,78.47,-145.0,LONG,113.0,mFRR
2026-02-22T04:30:00Z,9.72,79.9,-432.0,LONG,153.0,RR
2026-02-22T04:45:00Z,26.35,79.26,-214.0,LONG,90.0,RR
2026-02-22T05:00:00Z,58.48,77.36,-132.0,LONG,96.0,aFRR
2026-02-22T05:15:00Z,68.29,76.91,-86.0,BALANCED,0,
2026-02-22T05:30:00Z,7.85,77.96,-398.0,LONG,244.0,aFRR
2026-02-22T05:45:00Z,32.63,74.76,-236.0,LONG,158.0,RR
2026-02-22T06:00:00Z,63.22,79.01,-142.0,LONG,55.0,aFRR
2026-02-22T06:15:00Z,68.85,73.25,91.0,BALANCED,0,
2026-02-22T06:30:00Z,67.91,129.95,313.0,SHORT,205.0,RR
2026-02-22T06:45:00Z,52.0,74.88,-159.0,LONG,80.0,mFRR
2026-02-22T07:00:00Z,34.08,78.25,-218.0,LONG,95.0,mFRR
2026-02-22T07:15:00Z,31.4,75.64,-280.0,LONG,107.0,aFRR
2026-02-22T07:30:00Z,41.74,76.82,-175.0,LONG,70.0,RR
2026-02-22T07:45:00Z,70.39,71.82,-97.0,BALANCED,0,
2026-02-22T08:00:00Z,63.21,157.16,338.0,SHORT,150.0,RR
2026-02-22T08:15:00Z,69.02,102.59,166.0,SHORT,67.0,mFRR
2026-02-22T08:30:00Z,64.28,94.78,224.0,SHORT,94.0,RR
2026-02-22T08:45:00Z,9.54,75.95,-407.0,LONG,168.0,aFRR
2026-02-22T09:00:00Z,17.05,78.6,-386.0,LONG,170.0,aFRR
2026-02-22T09:15:00Z,15.21,79.87,-256.0,LONG,106.0,aFRR
2026-02-22T09:30:00Z,4.65,75.57,-550.0,LONG,197.0,aFRR
2026-02-22T09:45:00Z,68.8,75.58,-53.0,BALANCED,0,
2026-02-22T10:00:00Z,66.51,76.49,-17.0,BALANCED,0,
2026-02-22T10:15:00Z,0.39,78.3,-626.0,LONG,490.0,mFRR
2026-02-22T10:30:00Z,35.69,77.45,-118.0,LONG,38.0,mFRR
2026-02-22T10:45:00Z,69.22,74.62,-55.0,BALANCED,0,
2026-02-22T11:00:00Z,67.03,154.38,352.0,SHORT,242.0,mFRR
2026-02-22T11:15:00Z,-43.89,77.59,-930.0,LONG,370.0,mFRR
2026-02-22T11:30:00Z,29.5,76.61,-318.0,LONG,144.0,RR
2026-02-22T11:45:00Z,66.13,142.98,150.0,SHORT,97.0,mFRR
2026-02-22T12:00:00Z,24.15,78.68,-278.0,LONG,161.0,RR
2026-02-22T12:15:00Z,65.0,70.81,-40.0,BALANCED,0,
2026-02-22T12:30:00Z,63.31,113.1,219.0,SHORT,150.0,RR
2026-02-22T12:45:00Z,65.1,146.88,517.0,SHORT,335.0,aFRR
2026-02-22T13:00:00Z,35.27,79.36,-230.0,LONG,142.0,RR
2026-02-22T13:15:00Z,48.19,78.16,-104.0,LONG,32.0,mFRR
2026-02-22T13:30:00Z,69.69,70.17,34.0,BALANCED,0,
2026-02-22T13:45:00Z,35.07,71.97,-355.0,LONG,281.0,RR
2026-02-22T14:00:00Z,68.78,73.56,-86.0,BALANCED,0,
2026-02-22T14:15:00Z,43.0,80.07,-289.0,LONG,202.0,mFRR
2026-02-22T14:30:00Z,65.11,164.95,598.0,SHORT,464.0,mFRR
2026-02-22T14:45:00Z,16.95,76.08,-262.0,LONG,113.0,mFRR
2026-02-22T15:00:00Z,24.4,79.31,-266.0,LONG,87.0,aFRR
2026-02-22T15:15:00Z,35.55,75.63,-179.0,LONG,59.0,RR
2026-02-22T15:30:00Z,69.61,101.76,251.0,SHORT,158.0,RR
2026-02-22T15:45:00Z,65.44,115.02,242.0,SHORT,92.0,RR
2026-02-22T16:00:00Z,69.29,75.97,83.0,BALANCED,0,
2026-02-22T16:15:00Z,69.69,117.31,192.0,SHORT,59.0,mFRR
2026-02-22T16:30:00Z,23.78,71.06,-321.0,LONG,150.0,RR
2026-02-22T16:45:00Z,64.97,170.65,692.0,SHORT,461.0,aFRR
2026-02-22T17:00:00Z,61.51,129.4,579.0,SHORT,321.0,aFRR
2026-02-22T17:15:00Z,64.76,88.95,221.0,SHORT,177.0,mFRR
2026-02-22T17:30:00Z,67.74,139.62,358.0,SHORT,109.0,mFRR
2026-02-22T17:45:00Z,49.47,74.81,-260.0,LONG,206.0,aFRR
2026-02-22T18:00:00Z,68.41,75.23,9.0,BALANCED,0,
2026-02-22T18:15:00Z,19.09,72.33,-499.0,LONG,259.0,RR
2026-02-22T18:30:00Z,69.72,115.95,110.0,SHORT,51.0,aFRR
2026-02-22T18:45:00Z,70.81,142.51,653.0,SHORT,342.0,aFRR
2026-02-22T19:00:00Z,69.65,95.23,376.0,SHORT,237.0,mFRR
2026-02-22T19:15:00Z,36.07,78.93,-316.0,LONG,173.0,aFRR
2026-02-22T19:30:00Z,-24.26,77.5,-825.0,LONG,500.0,aFRR
2026-02-22T19:45:00Z,70.51,74.35,-53.0,BALANCED,0,
2026-02-22T20:00:00Z,50.57,77.44,-206.0,LONG,147.0,RR
2026-02-22T20:15:00Z,-22.14,74.38,-866.0,LONG,575.0,mFRR
2026-02-22T20:30:00Z,24.97,75.81,-244.0,LONG,194.0,mFRR
2026-02-22T20:45:00Z,58.86,104.08,169.0,SHORT,113.0,RR
2026-02-22T21:00:00Z,68.31,75.65,55.0,BALANCED,0,
2026-02-22T21:15:00Z,70.34,102.03,156.0,SHORT,112.0,aFRR
2026-02-22T21:30:00Z,8.6,74.29,-426.0,LONG,128.0,aFRR
2026-02-22T21:45:00Z,70.86,72.91,-8.0,BALANCED,0,
2026-02-22T22:00:00Z,64.39,157.08,774.0,SHORT,433.0,RR
2026-02-22T22:15:00Z,67.65,75.1,26.0,BALANCED,0,
2026-02-22T22:30:00Z,67.23,104.07,243.0,SHORT,141.0,aFRR
2026-02-22T22:45:00Z,64.78,121.27,240.0,SHORT,171.0,RR
2026-02-22T23:00:00Z,66.99,97.19,175.0,SHORT,124.0,RR
2026-02-22T23:15:00Z,22.4,69.17,-439.0,LONG,251.0,aFRR
2026-02-22T23:30:00Z,70.35,72.73,-95.0,BALANCED,0,
2026-02-22T23:45:00Z,71.32,111.27,276.0,SHORT,157.0,mFRR
2026-02-23T00:00:00Z,68.23,77.67,98.0,BALANCED,0,
2026-02-23T00:15:00Z,67.58,132.97,264.0,SHORT,123.0,mFRR
2026-02-23T00:30:00Z,66.25,67.0,120.0,SHORT,66.0,aFRR
2026-02-23T00:45:00Z,68.54,73.42,49.0,BALANCED,0,
2026-02-23T01:00:00Z,46.7,76.95,-160.0,LONG,58.0,RR
2026-02-23T01:15:00Z,37.27,74.82,-334.0,LONG,101.0,RR
2026-02-23T01:30:00Z,63.67,88.17,202.0,SHORT,123.0,aFRR
2026-02-23T01:45:00Z,63.04,104.66,180.0,SHORT,89.0,aFRR
2026-02-23T02:00:00Z,69.26,119.2,100.0,SHORT,40.0,aFRR
2026-02-23T02:15:00Z,44.21,82.82,-196.0,LONG,98.0,mFRR
2026-02-23T02:30:00Z,33.47,75.81,-330.0,LONG,250.0,mFRR
2026-02-23T02:45:00Z,69.51,75.3,41.0,BALANCED,0,
2026-02-23T03:00:00Z,69.54,76.26,25.0,BALANCED,0,
2026-02-23T03:15:00Z,69.73,129.77,321.0,SHORT,159.0,mFRR
2026-02-23T03:30:00Z,69.28,138.36,424.0,SHORT,311.0,mFRR
2026-02-23T03:45:00Z,69.34,149.54,288.0,SHORT,221.0,aFRR
2026-02-23T04:00:00Z,67.21,75.71,-84.0,BALANCED,0,
2026-02-23T04:15:00Z,43.32,76.42,-262.0,LONG,94.0,RR
2026-02-23T04:30:00Z,64.83,124.78,442.0,SHORT,142.0,aFRR
2026-02-23T04:45:00Z,44.63,76.75,-231.0,LONG,102.0,mFRR
2026-02-23T05:00:00Z,67.07,77.11,-32.0,BALANCED,0,
2026-02-23T05:15:00Z,66.31,74.97,4.0,BALANCED,0,
2026-02-23T05:30:00Z,67.99,76.36,-47.0,BALANCED,0,
2026-02-23T05:45:00Z,65.32,112.03,259.0,SHORT,109.0,mFRR
2026-02-23T06:00:00Z,64.18,123.61,255.0,SHORT,157.0,mFRR
2026-02-23T06:15:00Z,65.14,75.39,-99.0,BALANCED,0,
2026-02-23T06:30:00Z,41.25,78.5,-191.0,LONG,60.0,mFRR
2026-02-23T06:45:00Z,56.26,79.87,-141.0,LONG,97.0,RR
2026-02-23T07:00:00Z,48.95,71.79,-128.0,LONG,95.0,mFRR
2026-02-23T07:15:00Z,66.1,82.84,117.0,SHORT,64.0,mFRR
2026-02-23T07:30:00Z,54.31,78.88,-105.0,LONG,46.0,aFRR
2026-02-23T07:45:00Z,71.32,114.4,100.0,SHORT,34.0,mFRR
2026-02-23T08:00:00Z,71.81,114.18,135.0,SHORT,50.0,RR
2026-02-23T08:15:00Z,67.1,126.32,492.0,SHORT,386.0,aFRR
2026-02-23T08:30:00Z,68.25,72.13,16.0,BALANCED,0,
2026-02-23T08:45:00Z,70.0,122.92,309.0,SHORT,150.0,mFRR
2026-02-23T09:00:00Z,23.94,78.39,-267.0,LONG,117.0,mFRR
2026-02-23T09:15:00Z,66.78,102.99,196.0,SHORT,76.0,mFRR
2026-02-23T09:30:00Z,67.59,134.16,456.0,SHORT,146.0,aFRR
2026-02-23T09:45:00Z,69.91,74.79,36.0,BALANCED,0,
2026-02-23T10:00:00Z,53.52,83.34,-112.0,LONG,50.0,aFRR
2026-02-23T10:15:00Z,63.84,114.47,123.0,SHORT,40.0,RR
2026-02-23T10:30:00Z,63.46,110.22,182.0,SHORT,55.0,mFRR
2026-02-23T10:45:00Z,62.6,131.01,441.0,SHORT,281.0,aFRR
2026-02-23T11:00:00Z,23.17,71.43,-202.0,LONG,117.0,aFRR
2026-02-23T11:15:00Z,30.54,76.91,-232.0,LONG,144.0,mFRR
2026-02-23T11:30:00Z,68.2,71.78,-33.0,BALANCED,0,
2026-02-23T11:45:00Z,32.27,79.1,-323.0,LONG,176.0,aFRR
2026-02-23T12:00:00Z,69.91,76.74,-24.0,BALANCED,0,
2026-02-23T12:15:00Z,62.48,113.89,155.0,SHORT,51.0,aFRR
2026-02-23T12:30:00Z,49.48,80.04,-185.0,LONG,148.0,mFRR
2026-02-23T12:45:00Z,42.91,74.07,-103.0,LONG,76.0,mFRR
2026-02-23T13:00:00Z,66.73,76.07,-0.0,BALANCED,0,
2026-02-23T13:15:00Z,64.92,116.31,380.0,SHORT,213.0,aFRR
2026-02-23T13:30:00Z,67.31,74.96,88.0,BALANCED,0,
2026-02-23T13:45:00Z,66.85,131.54,620.0,SHORT,304.0,mFRR
2026-02-23T14:00:00Z,72.72,75.71,-28.0,BALANCED,0,
2026-02-23T14:15:00Z,30.44,73.61,-443.0,LONG,295.0,RR
2026-02-23T14:30:00Z,68.3,134.68,352.0,SHORT,209.0,RR
2026-02-23T14:45:00Z,68.91,84.47,118.0,SHORT,48.0,mFRR
2026-02-23T15:00:00Z,66.47,122.67,126.0,SHORT,77.0,aFRR
2026-02-23T15:15:00Z,67.08,119.31,447.0,SHORT,296.0,aFRR
2026-02-23T15:30:00Z,69.99,75.87,-56.0,BALANCED,0,
2026-02-23T15:45:00Z,31.42,72.26,-331.0,LONG,100.0,mFRR
2026-02-23T16:00:00Z,44.19,77.8,-208.0,LONG,119.0,mFRR
2026-02-23T16:15:00Z,55.91,83.22,-173.0,LONG,72.0,aFRR
2026-02-23T16:30:00Z,33.11,74.35,-316.0,LONG,100.0,aFRR
2026-02-23T16:45:00Z,68.31,77.88,56.0,BALANCED,0,
2026-02-23T17:00:00Z,39.1,75.86,-276.0,LONG,150.0,mFRR
2026-02-23T17:15:00Z,67.81,74.25,45.0,BALANCED,0,
2026-02-23T17:30:00Z,68.08,75.79,-65.0,BALANCED,0,
2026-02-23T17:45:00Z,72.29,77.89,40.0,BALANCED,0,
2026-02-23T18:00:00Z,62.54,128.54,495.0,SHORT,244.0,RR
2026-02-23T18:15:00Z,68.78,74.18,70.0,BALANCED,0,
2026-02-23T18:30:00Z,66.82,128.68,370.0,SHORT,143.0,aFRR
2026-02-23T18:45:00Z,66.72,73.23,56.0,BALANCED,0,
2026-02-23T19:00:00Z,68.71,162.01,382.0,SHORT,283.0,aFRR
2026-02-23T19:15:00Z,70.14,76.2,-71.0,BALANCED,0,
2026-02-23T19:30:00Z,71.58,111.45,207.0,SHORT,166.0,aFRR
2026-02-23T19:45:00Z,72.12,72.43,-49.0,BALANCED,0,
2026-02-23T20:00:00Z,58.84,128.18,231.0,SHORT,87.0,aFRR
2026-02-23T20:15:00Z,53.2,78.14,-103.0,LONG,40.0,RR
2026-02-23T20:30:00Z,65.78,106.99,168.0,SHORT,122.0,RR
2026-02-23T20:45:00Z,69.6,74.44,-56.0,BALANCED,0,
2026-02-23T21:00:00Z,6.39,72.66,-537.0,LONG,412.0,aFRR
2026-02-23T21:15:00Z,70.51,129.34,412.0,SHORT,226.0,mFRR
2026-02-23T21:30:00Z,69.71,117.87,104.0,SHORT,44.0,aFRR
2026-02-23T21:45:00Z,67.41,75.24,29.0,BALANCED,0,
2026-02-23T22:00:00Z,67.2,74.08,82.0,BALANCED,0,
2026-02-23T22:15:00Z,70.19,75.16,66.0,BALANCED,0,
2026-02-23T22:30:00Z,66.96,73.83,-37.0,BALANCED,0,
2026-02-23T22:45:00Z,17.51,77.43,-267.0,LONG,164.0,aFRR
2026-02-23T23:00:00Z,71.97,70.95,-83.0,BALANCED,0,
2026-02-23T23:15:00Z,69.55,75.1,26.0,BALANCED,0,
2026-02-23T23:30:00Z,40.68,75.64,-366.0,LONG,222.0,aFRR
2026-02-23T23:45:00Z,66.27,125.79,311.0,SHORT,118.0,RR
2026-02-24T00:00:00Z,62.94,94.14,122.0,SHORT,57.0,aFRR
2026-02-24T00:15:00Z,66.12,109.48,162.0,SHORT,62.0,mFRR
2026-02-24T00:30:00Z,67.82,75.58,8.0,BALANCED,0,
2026-02-24T00:45:00Z,56.26,75.44,-122.0,LONG,97.0,RR
2026-02-24T01:00:00Z,66.24,110.17,426.0,SHORT,187.0,aFRR
2026-02-24T01:15:00Z,43.75,77.18,-123.0,LONG,92.0,mFRR
2026-02-24T01:30:00Z,15.68,79.83,-491.0,LONG,260.0,RR
2026-02-24T01:45:00Z,70.38,72.28,-48.0,BALANCED,0,
2026-02-24T02:00:00Z,-22.13,72.91,-961.0,LONG,478.0,RR
2026-02-24T02:15:00Z,68.77,75.74,-16.0,BALANCED,0,
2026-02-24T02:30:00Z,69.76,76.19,-71.0,BALANCED,0,
2026-02-24T02:45:00Z,64.27,126.91,254.0,SHORT,174.0,RR
2026-02-24T03:00:00Z,28.42,80.5,-348.0,LONG,270.0,mFRR
2026-02-24T03:15:00Z,33.57,78.25,-274.0,LONG,164.0,aFRR
2026-02-24T03:30:00Z,27.98,78.15,-327.0,LONG,121.0,RR
2026-02-24T03:45:00Z,69.72,74.45,19.0,BALANCED,0,
2026-02-24T04:00:00Z,65.63,145.08,403.0,SHORT,223.0,RR
2026-02-24T04:15:00Z,45.02,76.98,-145.0,LONG,73.0,RR
2026-02-24T04:30:00Z,24.43,79.08,-391.0,LONG,281.0,aFRR
2026-02-24T04:45:00Z,68.58,76.83,90.0,BALANCED,0,
2026-02-24T05:00:00Z,69.59,70.02,-64.0,BALANCED,0,
2026-02-24T05:15:00Z,66.43,102.49,373.0,SHORT,185.0,RR
2026-02-24T05:30:00Z,65.6,75.68,-68.0,BALANCED,0,
2026-02-24T05:45:00Z,71.5,71.62,50.0,BALANCED,0,
2026-02-24T06:00:00Z,67.84,80.0,6.0,BALANCED,0,
2026-02-24T06:15:00Z,69.3,73.07,62.0,BALANCED,0,
2026-02-24T06:30:00Z,72.12,104.45,156.0,SHORT,124.0,mFRR
2026-02-24T06:45:00Z,47.77,79.63,-117.0,LONG,78.0,mFRR
2026-02-24T07:00:00Z,67.37,83.04,116.0,SHORT,72.0,mFRR
2026-02-24T07:15:00Z,70.58,132.38,335.0,SHORT,217.0,RR
2026-02-24T07:30:00Z,69.76,76.02,-45.0,BALANCED,0,
2026-02-24T07:45:00Z,47.73,77.42,-181.0,LONG,61.0,mFRR
2026-02-24T08:00:00Z,69.25,75.89,-17.0,BALANCED,0,
2026-02-24T08:15:00Z,72.1,119.03,214.0,SHORT,81.0,mFRR
2026-02-24T08:30:00Z,21.95,83.67,-270.0,LONG,132.0,aFRR
2026-02-24T08:45:00Z,-33.08,74.5,-921.0,LONG,608.0,mFRR
2026-02-24T09:00:00Z,67.49,123.47,301.0,SHORT,106.0,mFRR
2026-02-24T09:15:00Z,24.43,76.63,-362.0,LONG,284.0,mFRR
2026-02-24T09:30:00Z,67.45,140.61,495.0,SHORT,346.0,mFRR
2026-02-24T09:45:00Z,47.39,79.0,-244.0,LONG,167.0,aFRR
2026-02-24T10:00:00Z,66.74,122.44,152.0,SHORT,50.0,aFRR
2026-02-24T10:15:00Z,71.66,106.02,212.0,SHORT,67.0,aFRR
2026-02-24T10:30:00Z,43.39,83.51,-132.0,LONG,88.0,mFRR
2026-02-24T10:45:00Z,32.9,73.68,-301.0,LONG,194.0,mFRR
2026-02-24T11:00:00Z,71.74,86.57,118.0,SHORT,49.0,aFRR
2026-02-24T11:15:00Z,27.21,74.42,-458.0,LONG,209.0,aFRR
2026-02-24T11:30:00Z,67.13,74.28,3.0,BALANCED,0,
2026-02-24T11:45:00Z,66.53,142.96,382.0,SHORT,207.0,mFRR
2026-02-24T12:00:00Z,70.47,98.93,291.0,SHORT,225.0,mFRR
2026-02-24T12:15:00Z,71.47,75.26,68.0,BALANCED,0,
2026-02-24T12:30:00Z,46.76,81.64,-111.0,LONG,73.0,aFRR
2026-02-24T12:45:00Z,68.77,73.79,48.0,BALANCED,0,
2026-02-24T13:00:00Z,68.6,107.05,477.0,SHORT,297.0,mFRR
2026-02-24T13:15:00Z,68.04,77.67,-94.0,BALANCED,0,
2026-02-24T13:30:00Z,65.55,98.25,142.0,SHORT,85.0,mFRR
2026-02-24T13:45:00Z,65.7,128.94,458.0,SHORT,164.0,mFRR
2026-02-24T14:00:00Z,47.46,71.91,-156.0,LONG,47.0,RR
2026-02-24T14:15:00Z,14.68,77.71,-412.0,LONG,221.0,RR
2026-02-24T14:30:00Z,70.36,126.66,162.0,SHORT,114.0,RR
2026-02-24T14:45:00Z,56.33,72.27,-146.0,LONG,44.0,aFRR
2026-02-24T15:00:00Z,70.65,75.78,19.0,BALANCED,0,
2026-02-24T15:15:00Z,70.13,73.33,-24.0,BALANCED,0,
2026-02-24T15:30:00Z,66.63,140.5,463.0,SHORT,260.0,RR
2026-02-24T15:45:00Z,3.43,80.79,-515.0,LONG,273.0,RR
2026-02-24T16:00:00Z,67.12,110.99,307.0,SHORT,195.0,RR
2026-02-24T16:15:00Z,67.37,115.31,162.0,SHORT,110.0,mFRR
2026-02-24T16:30:00Z,20.38,81.33,-362.0,LONG,188.0,RR
2026-02-24T16:45:00Z,69.34,150.78,524.0,SHORT,206.0,aFRR
2026-02-24T17:00:00Z,35.03,78.64,-204.0,LONG,84.0,aFRR
2026-02-24T17:15:00Z,64.78,111.2,241.0,SHORT,168.0,mFRR
2026-02-24T17:30:00Z,38.48,78.03,-261.0,LONG,100.0,aFRR
2026-02-24T17:45:00Z,55.37,77.75,-149.0,LONG,85.0,RR
2026-02-24T18:00:00Z,68.24,77.66,-26.0,BALANCED,0,
2026-02-24T18:15:00Z,37.88,74.82,-167.0,LONG,126.0,mFRR
2026-02-24T18:30:00Z,75.96,116.48,143.0,SHORT,91.0,RR
2026-02-24T18:45:00Z,69.46,160.41,485.0,SHORT,328.0,RR
2026-02-24T19:00:00Z,70.07,75.47,47.0,BALANCED,0,
2026-02-24T19:15:00Z,69.8,135.46,231.0,SHORT,108.0,aFRR
2026-02-24T19:30:00Z,-29.67,77.78,-777.0,LONG,438.0,aFRR
2026-02-24T19:45:00Z,68.87,76.87,-41.0,BALANCED,0,
2026-02-24T20:00:00Z,71.8,74.91,26.0,BALANCED,0,
2026-02-24T20:15:00Z,68.4,93.96,256.0,SHORT,140.0,aFRR
2026-02-24T20:30:00Z,71.16,75.34,32.0,BALANCED,0,
2026-02-24T20:45:00Z,61.62,89.7,169.0,SHORT,57.0,mFRR
2026-02-24T21:00:00Z,28.8,80.7,-280.0,LONG,203.0,RR
2026-02-24T21:15:00Z,69.85,73.35,49.0,BALANCED,0,
2026-02-24T21:30:00Z,69.17,119.42,190.0,SHORT,61.0,mFRR
2026-02-24T21:45:00Z,10.98,68.19,-429.0,LONG,171.0,aFRR
2026-02-24T22:00:00Z,47.44,77.54,-103.0,LONG,59.0,aFRR
2026-02-24T22:15:00Z,68.03,74.98,88.0,BALANCED,0,
2026-02-24T22:30:00Z,70.53,122.74,532.0,SHORT,311.0,aFRR
2026-02-24T22:45:00Z,64.03,122.27,126.0,SHORT,41.0,aFRR
2026-02-24T23:00:00Z,70.44,75.53,-51.0,BALANCED,0,
2026-02-24T23:15:00Z,71.17,93.08,276.0,SHORT,84.0,aFRR
2026-02-24T23:30:00Z,69.89,75.01,-20.0,BALANCED,0,
2026-02-24T23:45:00Z,71.31,72.09,69.0,BALANCED,0,
2026-02-25T00:00:00Z,71.29,123.26,293.0,SHORT,225.0,mFRR
2026-02-25T00:15:00Z,69.22,71.46,4.0,BALANCED,0,
2026-02-25T00:30:00Z,69.12,75.16,94.0,BALANCED,0,
2026-02-25T00:45:00Z,69.31,71.39,73.0,BALANCED,0,
2026-02-25T01:00:00Z,71.35,78.05,-39.0,BALANCED,0,
2026-02-25T01:15:00Z,71.43,136.51,272.0,SHORT,127.0,aFRR
2026-02-25T01:30:00Z,15.19,77.46,-434.0,LONG,280.0,aFRR
2026-02-25T01:45:00Z,67.86,72.09,-8.0,BALANCED,0,
2026-02-25T02:00:00Z,68.51,72.1,-35.0,BALANCED,0,
2026-02-25T02:15:00Z,71.23,77.35,15.0,BALANCED,0,
2026-02-25T02:30:00Z,69.48,74.3,-10.0,BALANCED,0,
2026-02-25T02:45:00Z,41.76,78.88,-193.0,LONG,104.0,RR
2026-02-25T03:00:00Z,59.9,100.17,355.0,SHORT,229.0,mFRR
2026-02-25T03:15:00Z,69.11,87.53,171.0,SHORT,63.0,RR
2026-02-25T03:30:00Z,64.24,149.59,517.0,SHORT,262.0,aFRR
2026-02-25T03:45:00Z,55.53,82.58,-191.0,LONG,91.0,RR
2026-02-25T04:00:00Z,25.02,75.24,-312.0,LONG,182.0,mFRR
2026-02-25T04:15:00Z,71.75,75.23,-74.0,BALANCED,0,
2026-02-25T04:30:00Z,71.28,76.89,-93.0,BALANCED,0,
2026-02-25T04:45:00Z,48.11,77.17,-149.0,LONG,106.0,mFRR
2026-02-25T05:00:00Z,69.54,73.35,-65.0,BALANCED,0,
2026-02-25T05:15:00Z,71.23,127.51,154.0,SHORT,101.0,aFRR
2026-02-25T05:30:00Z,69.67,104.73,139.0,SHORT,58.0,aFRR
2026-02-25T05:45:00Z,30.19,80.92,-326.0,LONG,210.0,RR
2026-02-25T06:00:00Z,65.47,104.6,146.0,SHORT,105.0,RR
2026-02-25T06:15:00Z,67.3,74.14,-49.0,BALANCED,0,
2026-02-25T06:30:00Z,66.03,122.48,171.0,SHORT,90.0,RR
2026-02-25T06:45:00Z,72.55,122.67,482.0,SHORT,344.0,aFRR
2026-02-25T07:00:00Z,69.64,121.85,322.0,SHORT,228.0,aFRR
2026-02-25T07:15:00Z,69.7,143.47,568.0,SHORT,386.0,RR
2026-02-25T07:30:00Z,44.25,83.26,-224.0,LONG,114.0,aFRR
2026-02-25T07:45:00Z,70.27,77.5,-64.0,BALANCED,0,
2026-02-25T08:00:00Z,67.53,109.35,290.0,SHORT,163.0,RR
2026-02-25T08:15:00Z,69.53,76.46,13.0,BALANCED,0,
2026-02-25T08:30:00Z,69.3,120.56,283.0,SHORT,137.0,aFRR
2026-02-25T08:45:00Z,65.6,81.69,148.0,SHORT,50.0,RR
2026-02-25T09:00:00Z,68.16,73.8,-91.0,BALANCED,0,
2026-02-25T09:15:00Z,-11.95,81.05,-710.0,LONG,241.0,aFRR
2026-02-25T09:30:00Z,66.18,76.63,-47.0,BALANCED,0,
2026-02-25T09:45:00Z,53.3,81.14,-131.0,LONG,70.0,mFRR
2026-02-25T10:00:00Z,70.98,75.45,-87.0,BALANCED,0,
2026-02-25T10:15:00Z,70.21,75.59,-29.0,BALANCED,0,
2026-02-25T10:30:00Z,69.6,108.35,202.0,SHORT,81.0,aFRR
2026-02-25T10:45:00Z,70.09,132.93,277.0,SHORT,149.0,aFRR
2026-02-25T11:00:00Z,45.04,73.42,-158.0,LONG,112.0,RR
2026-02-25T11:15:00Z,68.24,74.15,80.0,BALANCED,0,
2026-02-25T11:30:00Z,73.28,74.77,1.0,BALANCED,0,
2026-02-25T11:45:00Z,69.82,108.38,290.0,SHORT,230.0,mFRR
2026-02-25T12:00:00Z,66.06,101.53,118.0,SHORT,88.0,RR
2026-02-25T12:15:00Z,70.71,74.52,-64.0,BALANCED,0,
2026-02-25T12:30:00Z,70.7,76.07,73.0,BALANCED,0,
2026-02-25T12:45:00Z,35.42,72.96,-234.0,LONG,138.0,aFRR
2026-02-25T13:00:00Z,67.73,75.79,-52.0,BALANCED,0,
2026-02-25T13:15:00Z,25.3,75.08,-321.0,LONG,206.0,aFRR
2026-02-25T13:30:00Z,68.39,73.51,44.0,BALANCED,0,
2026-02-25T13:45:00Z,68.48,76.3,3.0,BALANCED,0,
2026-02-25T14:00:00Z,20.18,80.7,-343.0,LONG,234.0,RR
2026-02-25T14:15:00Z,30.95,78.72,-249.0,LONG,121.0,RR
2026-02-25T14:30:00Z,65.51,108.82,258.0,SHORT,108.0,mFRR
2026-02-25T14:45:00Z,14.06,75.04,-459.0,LONG,361.0,mFRR
2026-02-25T15:00:00Z,63.92,83.77,152.0,SHORT,122.0,aFRR
2026-02-25T15:15:00Z,47.61,80.26,-189.0,LONG,57.0,RR
2026-02-25T15:30:00Z,64.57,133.95,299.0,SHORT,227.0,aFRR
2026-02-25T15:45:00Z,59.96,98.11,141.0,SHORT,78.0,mFRR
2026-02-25T16:00:00Z,67.22,123.32,159.0,SHORT,75.0,aFRR
2026-02-25T16:15:00Z,68.9,128.77,533.0,SHORT,188.0,RR
2026-02-25T16:30:00Z,36.54,72.43,-205.0,LONG,114.0,aFRR
2026-02-25T16:45:00Z,61.67,81.83,127.0,SHORT,96.0,mFRR
2026-02-25T17:00:00Z,44.06,81.4,-249.0,LONG,112.0,RR
2026-02-25T17:15:00Z,67.41,137.37,168.0,SHORT,128.0,aFRR
2026-02-25T17:30:00Z,58.86,76.64,-101.0,LONG,75.0,aFRR
2026-02-25T17:45:00Z,33.58,73.21,-303.0,LONG,174.0,RR
2026-02-25T18:00:00Z,63.15,130.1,407.0,SHORT,180.0,RR
2026-02-25T18:15:00Z,72.65,76.35,-71.0,BALANCED,0,
2026-02-25T18:30:00Z,61.64,123.45,256.0,SHORT,173.0,RR
2026-02-25T18:45:00Z,70.28,136.77,332.0,SHORT,217.0,mFRR
2026-02-25T19:00:00Z,67.56,119.83,253.0,SHORT,111.0,RR
2026-02-25T19:15:00Z,19.32,74.76,-406.0,LONG,163.0,mFRR
2026-02-25T19:30:00Z,66.16,103.53,321.0,SHORT,124.0,aFRR
2026-02-25T19:45:00Z,69.11,92.67,136.0,SHORT,72.0,mFRR
2026-02-25T20:00:00Z,12.84,79.99,-382.0,LONG,121.0,mFRR
2026-02-25T20:15:00Z,72.39,72.89,-85.0,BALANCED,0,
2026-02-25T20:30:00Z,67.78,76.09,24.0,BALANCED,0,
2026-02-25T20:45:00Z,-17.09,75.01,-775.0,LONG,233.0,RR
2026-02-25T21:00:00Z,66.57,80.27,18.0,BALANCED,0,
2026-02-25T21:15:00Z,64.59,112.42,190.0,SHORT,62.0,mFRR
2026-02-25T21:30:00Z,70.04,74.44,-55.0,BALANCED,0,
2026-02-25T21:45:00Z,62.13,125.21,243.0,SHORT,144.0,mFRR
2026-02-25T22:00:00Z,65.36,160.18,526.0,SHORT,191.0,RR
2026-02-25T22:15:00Z,63.18,177.87,841.0,SHORT,275.0,RR
2026-02-25T22:30:00Z,42.11,75.67,-204.0,LONG,155.0,RR
2026-02-25T22:45:00Z,62.27,132.15,304.0,SHORT,155.0,mFRR
2026-02-25T23:00:00Z,65.54,73.4,-43.0,BALANCED,0,
2026-02-25T23:15:00Z,66.58,126.54,364.0,SHORT,145.0,mFRR
2026-02-25T23:30:00Z,51.2,78.89,-148.0,LONG,78.0,mFRR
2026-02-25T23:45:00Z,68.44,136.45,371.0,SHORT,181.0,RR
2026-02-26T00:00:00Z,66.11,100.44,126.0,SHORT,59.0,aFRR
2026-02-26T00:15:00Z,69.05,146.56,644.0,SHORT,269.0,mFRR
2026-02-26T00:30:00Z,34.24,68.67,-254.0,LONG,102.0,aFRR
2026-02-26T00:45:00Z,68.34,72.71,-8.0,BALANCED,0,
2026-02-26T01:00:00Z,69.61,73.89,12.0,BALANCED,0,
2026-02-26T01:15:00Z,67.54,74.7,-82.0,BALANCED,0,
2026-02-26T01:30:00Z,72.49,122.79,299.0,SHORT,230.0,mFRR
2026-02-26T01:45:00Z,68.21,167.1,511.0,SHORT,182.0,RR
2026-02-26T02:00:00Z,38.09,71.39,-217.0,LONG,154.0,aFRR
2026-02-26T02:15:00Z,50.27,75.4,-245.0,LONG,127.0,mFRR
2026-02-26T02:30:00Z,70.06,67.29,147.0,SHORT,69.0,RR
2026-02-26T02:45:00Z,20.32,77.89,-325.0,LONG,191.0,aFRR
2026-02-26T03:00:00Z,64.26,109.54,108.0,SHORT,78.0,RR
2026-02-26T03:15:00Z,64.43,76.71,-107.0,LONG,45.0,mFRR
2026-02-26T03:30:00Z,34.07,73.65,-345.0,LONG,142.0,mFRR
2026-02-26T03:45:00Z,69.27,74.39,-9.0,BALANCED,0,
2026-02-26T04:00:00Z,20.81,77.28,-253.0,LONG,95.0,aFRR
2026-02-26T04:15:00Z,67.23,167.9,572.0,SHORT,286.0,RR
2026-02-26T04:30:00Z,62.83,116.64,108.0,SHORT,36.0,aFRR
2026-02-26T04:45:00Z,48.26,74.26,-115.0,LONG,79.0,mFRR
2026-02-26T05:00:00Z,23.6,76.54,-297.0,LONG,146.0,RR
2026-02-26T05:15:00Z,69.37,74.88,-91.0,BALANCED,0,
2026-02-26T05:30:00Z,71.64,118.43,457.0,SHORT,327.0,mFRR
2026-02-26T05:45:00Z,69.36,107.76,135.0,SHORT,59.0,RR
2026-02-26T06:00:00Z,70.82,74.07,85.0,BALANCED,0,
2026-02-26T06:15:00Z,24.83,77.04,-310.0,LONG,101.0,aFRR
2026-02-26T06:30:00Z,65.39,74.9,-60.0,BALANCED,0,
2026-02-26T06:45:00Z,65.02,98.55,160.0,SHORT,121.0,aFRR
2026-02-26T07:00:00Z,46.34,76.96,-161.0,LONG,89.0,RR
2026-02-26T07:15:00Z,67.75,77.14,37.0,BALANCED,0,
2026-02-26T07:30:00Z,70.28,74.77,7.0,BALANCED,0,
2026-02-26T07:45:00Z,67.35,130.65,243.0,SHORT,108.0,RR
2026-02-26T08:00:00Z,70.26,74.37,-64.0,BALANCED,0,
2026-02-26T08:15:00Z,21.86,82.84,-310.0,LONG,116.0,mFRR
2026-02-26T08:30:00Z,71.81,95.66,123.0,SHORT,48.0,RR
2026-02-26T08:45:00Z,48.64,71.91,-179.0,LONG,84.0,mFRR
2026-02-26T09:00:00Z,70.46,72.92,-62.0,BALANCED,0,
2026-02-26T09:15:00Z,68.5,75.23,-1.0,BALANCED,0,
2026-02-26T09:30:00Z,71.71,119.81,206.0,SHORT,161.0,RR
2026-02-26T09:45:00Z,70.93,75.92,74.0,BALANCED,0,
2026-02-26T10:00:00Z,65.5,139.98,276.0,SHORT,176.0,RR
2026-02-26T10:15:00Z,66.57,76.0,21.0,BALANCED,0,
2026-02-26T10:30:00Z,46.18,75.75,-113.0,LONG,68.0,RR
2026-02-26T10:45:00Z,67.21,76.21,69.0,BALANCED,0,
2026-02-26T11:00:00Z,32.05,75.73,-160.0,LONG,90.0,RR
2026-02-26T11:15:00Z,66.85,75.33,24.0,BALANCED,0,
2026-02-26T11:30:00Z,28.75,75.19,-327.0,LONG,116.0,RR
2026-02-26T11:45:00Z,39.87,74.13,-261.0,LONG,199.0,aFRR
2026-02-26T12:00:00Z,5.15,73.02,-515.0,LONG,223.0,mFRR
2026-02-26T12:15:00Z,55.41,78.94,-127.0,LONG,44.0,aFRR
2026-02-26T12:30:00Z,66.35,74.63,9.0,BALANCED,0,
2026-02-26T12:45:00Z,38.41,72.03,-152.0,LONG,84.0,RR
2026-02-26T13:00:00Z,66.75,74.82,-85.0,BALANCED,0,
2026-02-26T13:15:00Z,71.05,72.24,7.0,BALANCED,0,
2026-02-26T13:30:00Z,69.48,75.24,36.0,BALANCED,0,
2026-02-26T13:45:00Z,70.07,111.67,402.0,SHORT,121.0,mFRR
2026-02-26T14:00:00Z,33.1,80.35,-190.0,LONG,70.0,RR
2026-02-26T14:15:00Z,35.7,75.82,-225.0,LONG,166.0,mFRR
2026-02-26T14:30:00Z,46.59,76.83,-297.0,LONG,168.0,RR
2026-02-26T14:45:00Z,69.72,75.9,67.0,BALANCED,0,
2026-02-26T15:00:00Z,14.82,78.82,-248.0,LONG,185.0,mFRR
2026-02-26T15:15:00Z,64.01,104.06,135.0,SHORT,58.0,RR
2026-02-26T15:30:00Z,67.47,73.2,45.0,BALANCED,0,
2026-02-26T15:45:00Z,13.76,72.78,-608.0,LONG,293.0,aFRR
2026-02-26T16:00:00Z,40.85,78.82,-157.0,LONG,49.0,RR
2026-02-26T16:15:00Z,67.47,78.13,9.0,BALANCED,0,
2026-02-26T16:30:00Z,32.21,80.37,-313.0,LONG,159.0,aFRR
2026-02-26T16:45:00Z,43.04,73.49,-256.0,LONG,79.0,aFRR
2026-02-26T17:00:00Z,21.79,74.08,-275.0,LONG,201.0,mFRR
2026-02-26T17:15:00Z,8.68,73.95,-486.0,LONG,374.0,mFRR
2026-02-26T17:30:00Z,66.29,122.04,178.0,SHORT,70.0,aFRR
2026-02-26T17:45:00Z,68.71,75.45,45.0,BALANCED,0,
2026-02-26T18:00:00Z,65.21,143.29,438.0,SHORT,224.0,mFRR
2026-02-26T18:15:00Z,4.34,78.55,-675.0,LONG,304.0,mFRR
2026-02-26T18:30:00Z,66.79,128.81,174.0,SHORT,115.0,RR
2026-02-26T18:45:00Z,56.46,76.78,-124.0,LONG,63.0,RR
2026-02-26T19:00:00Z,63.5,134.13,257.0,SHORT,116.0,mFRR
2026-02-26T19:15:00Z,29.16,79.5,-211.0,LONG,93.0,RR
2026-02-26T19:30:00Z,70.87,75.23,-28.0,BALANCED,0,
2026-02-26T19:45:00Z,65.01,120.7,329.0,SHORT,238.0,aFRR
2026-02-26T20:00:00Z,68.39,126.07,378.0,SHORT,114.0,RR
2026-02-26T20:15:00Z,69.63,76.94,-71.0,BALANCED,0,
2026-02-26T20:30:00Z,67.95,74.17,-89.0,BALANCED,0,
2026-02-26T20:45:00Z,55.91,125.12,275.0,SHORT,174.0,mFRR
2026-02-26T21:00:00Z,38.22,80.04,-409.0,LONG,167.0,RR
2026-02-26T21:15:00Z,64.62,159.77,483.0,SHORT,273.0,RR
2026-02-26T21:30:00Z,17.71,77.78,-356.0,LONG,232.0,mFRR
2026-02-26T21:45:00Z,31.69,77.16,-342.0,LONG,218.0,mFRR
2026-02-26T22:00:00Z,69.94,149.22,230.0,SHORT,72.0,mFRR
2026-02-26T22:15:00Z,8.03,81.19,-552.0,LONG,201.0,aFRR
2026-02-26T22:30:00Z,68.35,73.5,70.0,BALANCED,0,
2026-02-26T22:45:00Z,66.36,104.23,161.0,SHORT,88.0,RR
2026-02-26T23:00:00Z,67.72,118.97,190.0,SHORT,86.0,aFRR
2026-02-26T23:15:00Z,66.39,106.91,145.0,SHORT,65.0,mFRR
2026-02-26T23:30:00Z,64.27,119.94,196.0,SHORT,81.0,RR
2026-02-26T23:45:00Z,69.09,131.56,342.0,SHORT,215.0,mFRR
2026-02-27T00:00:00Z,26.62,78.74,-402.0,LONG,298.0,RR
2026-02-27T00:15:00Z,68.27,74.95,20.0,BALANCED,0,
2026-02-27T00:30:00Z,69.74,112.35,328.0,SHORT,190.0,mFRR
2026-02-27T00:45:00Z,70.11,182.91,556.0,SHORT,326.0,mFRR
2026-02-27T01:00:00Z,61.98,162.17,497.0,SHORT,322.0,aFRR
2026-02-27T01:15:00Z,34.27,78.42,-261.0,LONG,184.0,mFRR
2026-02-27T01:30:00Z,68.82,75.79,46.0,BALANCED,0,
2026-02-27T01:45:00Z,48.95,71.87,-146.0,LONG,112.0,mFRR
2026-02-27T02:00:00Z,70.24,76.99,-73.0,BALANCED,0,
2026-02-27T02:15:00Z,68.36,71.34,-20.0,BALANCED,0,
2026-02-27T02:30:00Z,70.67,76.23,58.0,BALANCED,0,
2026-02-27T02:45:00Z,72.33,72.51,-79.0,BALANCED,0,
2026-02-27T03:00:00Z,67.76,77.31,-26.0,BALANCED,0,
2026-02-27T03:15:00Z,27.6,77.67,-334.0,LONG,188.0,RR
2026-02-27T03:30:00Z,66.83,76.9,56.0,BALANCED,0,
2026-02-27T03:45:00Z,33.93,78.45,-206.0,LONG,130.0,aFRR
2026-02-27T04:00:00Z,44.75,76.16,-112.0,LONG,72.0,RR
2026-02-27T04:15:00Z,70.01,72.05,36.0,BALANCED,0,
2026-02-27T04:30:00Z,63.62,104.16,296.0,SHORT,210.0,aFRR
2026-02-27T04:45:00Z,44.32,78.58,-168.0,LONG,131.0,RR
2026-02-27T05:00:00Z,66.93,74.51,69.0,BALANCED,0,
2026-02-27T05:15:00Z,70.22,74.33,54.0,BALANCED,0,
2026-02-27T05:30:00Z,71.89,75.67,-98.0,BALANCED,0,
2026-02-27T05:45:00Z,68.84,134.86,226.0,SHORT,82.0,RR
2026-02-27T06:00:00Z,64.3,129.28,351.0,SHORT,150.0,RR
2026-02-27T06:15:00Z,36.21,73.33,-292.0,LONG,157.0,aFRR
2026-02-27T06:30:00Z,40.59,74.04,-128.0,LONG,98.0,mFRR
2026-02-27T06:45:00Z,70.52,160.35,559.0,SHORT,170.0,RR
2026-02-27T07:00:00Z,32.61,71.8,-246.0,LONG,81.0,aFRR
2026-02-27T07:15:00Z,68.3,80.63,134.0,SHORT,79.0,RR
2026-02-27T07:30:00Z,1.52,73.97,-550.0,LONG,356.0,mFRR
2026-02-27T07:45:00Z,72.81,76.03,-84.0,BALANCED,0,
2026-02-27T08:00:00Z,34.28,76.36,-219.0,LONG,162.0,RR
2026-02-27T08:15:00Z,68.81,77.42,53.0,BALANCED,0,
2026-02-27T08:30:00Z,31.1,81.4,-330.0,LONG,106.0,aFRR
2026-02-27T08:45:00Z,74.06,128.41,395.0,SHORT,128.0,aFRR
2026-02-27T09:00:00Z,69.35,90.49,163.0,SHORT,71.0,aFRR
2026-02-27T09:15:00Z,64.95,133.51,415.0,SHORT,219.0,RR
2026-02-27T09:30:00Z,55.61,74.55,-126.0,LONG,97.0,mFRR
2026-02-27T09:45:00Z,66.52,75.08,66.0,BALANCED,0,
2026-02-27T10:00:00Z,71.38,114.6,203.0,SHORT,65.0,RR
2026-02-27T10:15:00Z,65.35,91.64,299.0,SHORT,200.0,aFRR
2026-02-27T10:30:00Z,71.47,119.2,347.0,SHORT,222.0,RR
2026-02-27T10:45:00Z,48.99,78.66,-126.0,LONG,45.0,RR
2026-02-27T11:00:00Z,68.48,166.15,663.0,SHORT,232.0,aFRR
2026-02-27T11:15:00Z,70.21,74.32,-55.0,BALANCED,0,
2026-02-27T11:30:00Z,-13.0,76.76,-589.0,LONG,250.0,aFRR
2026-02-27T11:45:00Z,69.36,69.42,-45.0,BALANCED,0,
2026-02-27T12:00:00Z,49.43,77.24,-154.0,LONG,54.0,aFRR
2026-02-27T12:15:00Z,65.01,127.17,257.0,SHORT,185.0,RR
2026-02-27T12:30:00Z,46.11,74.67,-136.0,LONG,44.0,mFRR
2026-02-27T12:45:00Z,69.12,139.42,518.0,SHORT,218.0,aFRR
2026-02-27T13:00:00Z,67.04,114.36,351.0,SHORT,276.0,mFRR
2026-02-27T13:15:00Z,71.51,175.25,684.0,SHORT,472.0,mFRR
2026-02-27T13:30:00Z,64.6,88.12,153.0,SHORT,62.0,aFRR
2026-02-27T13:45:00Z,64.03,91.39,137.0,SHORT,90.0,aFRR
2026-02-27T14:00:00Z,59.96,128.75,365.0,SHORT,246.0,aFRR
2026-02-27T14:15:00Z,70.57,75.08,-8.0,BALANCED,0,
2026-02-27T14:30:00Z,45.57,77.07,-101.0,LONG,43.0,RR
2026-02-27T14:45:00Z,68.89,111.17,163.0,SHORT,52.0,RR
2026-02-27T15:00:00Z,28.55,76.73,-331.0,LONG,177.0,mFRR
2026-02-27T15:15:00Z,63.36,106.81,228.0,SHORT,115.0,aFRR
2026-02-27T15:30:00Z,65.27,117.87,142.0,SHORT,43.0,mFRR
2026-02-27T15:45:00Z,70.62,78.31,36.0,BALANCED,0,
2026-02-27T16:00:00Z,67.99,74.04,-83.0,BALANCED,0,
2026-02-27T16:15:00Z,64.27,124.11,331.0,SHORT,114.0,aFRR
2026-02-27T16:30:00Z,26.09,78.56,-365.0,LONG,285.0,mFRR
2026-02-27T16:45:00Z,68.29,105.62,113.0,SHORT,80.0,aFRR
2026-02-27T17:00:00Z,63.15,110.64,146.0,SHORT,81.0,mFRR
2026-02-27T17:15:00Z,64.74,76.78,3.0,BALANCED,0,
2026-02-27T17:30:00Z,55.27,75.85,-104.0,LONG,57.0,mFRR
2026-02-27T17:45:00Z,62.57,77.37,-100.0,LONG,52.0,aFRR
2026-02-27T18:00:00Z,54.68,74.47,-145.0,LONG,90.0,RR
2026-02-27T18:15:00Z,22.43,78.31,-435.0,LONG,341.0,RR
2026-02-27T18:30:00Z,64.03,113.27,345.0,SHORT,132.0,aFRR
2026-02-27T18:45:00Z,68.76,75.96,-2.0,BALANCED,0,
2026-02-27T19:00:00Z,43.52,77.27,-230.0,LONG,85.0,RR
2026-02-27T19:15:00Z,69.14,103.54,115.0,SHORT,54.0,aFRR
2026-02-27T19:30:00Z,31.63,82.03,-303.0,LONG,237.0,mFRR
2026-02-27T19:45:00Z,33.02,85.81,-302.0,LONG,206.0,mFRR
2026-02-27T20:00:00Z,67.59,119.09,187.0,SHORT,123.0,RR
2026-02-27T20:15:00Z,69.98,76.13,60.0,BALANCED,0,
2026-02-27T20:30:00Z,58.98,77.71,-169.0,LONG,86.0,mFRR
2026-02-27T20:45:00Z,5.27,76.9,-513.0,LONG,369.0,RR
2026-02-27T21:00:00Z,70.34,109.63,223.0,SHORT,151.0,aFRR
2026-02-27T21:15:00Z,9.1,77.37,-593.0,LONG,324.0,RR
2026-02-27T21:30:00Z,18.01,73.81,-331.0,LONG,117.0,RR
2026-02-27T21:45:00Z,27.44,71.97,-296.0,LONG,135.0,aFRR
2026-02-27T22:00:00Z,69.74,75.04,25.0,BALANCED,0,
2026-02-27T22:15:00Z,70.58,95.41,341.0,SHORT,182.0,mFRR
2026-02-27T22:30:00Z,36.85,73.14,-255.0,LONG,160.0,aFRR
2026-02-27T22:45:00Z,60.77,111.19,250.0,SHORT,177.0,mFRR
2026-02-27T23:00:00Z,69.62,75.18,89.0,BALANCED,0,
2026-02-27T23:15:00Z,61.51,118.86,174.0,SHORT,130.0,mFRR
2026-02-27T23:30:00Z,73.01,139.32,485.0,SHORT,255.0,aFRR
2026-02-27T23:45:00Z,32.52,77.17,-327.0,LONG,223.0,aFRR
2026-02-28T00:00:00Z,68.24,106.84,138.0,SHORT,65.0,aFRR
2026-02-28T00:15:00Z,16.38,78.91,-349.0,LONG,145.0,mFRR
2026-02-28T00:30:00Z,65.63,110.06,326.0,SHORT,203.0,aFRR
2026-02-28T00:45:00Z,63.07,131.62,453.0,SHORT,325.0,aFRR
2026-02-28T01:00:00Z,71.2,74.42,-56.0,BALANCED,0,
2026-02-28T01:15:00Z,68.55,98.0,149.0,SHORT,81.0,RR
2026-02-28T01:30:00Z,-2.7,78.8,-662.0,LONG,429.0,RR
2026-02-28T01:45:00Z,67.43,122.21,177.0,SHORT,112.0,RR
2026-02-28T02:00:00Z,67.72,118.31,302.0,SHORT,95.0,aFRR
2026-02-28T02:15:00Z,31.25,79.8,-344.0,LONG,117.0,mFRR
2026-02-28T02:30:00Z,67.77,75.84,69.0,BALANCED,0,
2026-02-28T02:45:00Z,63.51,120.11,260.0,SHORT,144.0,mFRR
2026-02-28T03:00:00Z,69.53,142.34,524.0,SHORT,290.0,aFRR
2026-02-28T03:15:00Z,24.15,74.55,-349.0,LONG,255.0,mFRR
2026-02-28T03:30:00Z,71.01,71.78,-88.0,BALANCED,0,
2026-02-28T03:45:00Z,68.1,122.96,224.0,SHORT,96.0,mFRR
2026-02-28T04:00:00Z,63.93,148.28,432.0,SHORT,323.0,mFRR
2026-02-28T04:15:00Z,69.09,73.68,-17.0,BALANCED,0,
2026-02-28T04:30:00Z,68.35,136.21,305.0,SHORT,216.0,aFRR
2026-02-28T04:45:00Z,19.23,76.69,-444.0,LONG,139.0,aFRR
2026-02-28T05:00:00Z,62.48,100.35,270.0,SHORT,142.0,mFRR
2026-02-28T05:15:00Z,67.05,114.95,165.0,SHORT,59.0,mFRR
2026-02-28T05:30:00Z,-10.66,80.13,-664.0,LONG,273.0,RR
2026-02-28T05:45:00Z,40.0,78.23,-233.0,LONG,142.0,mFRR
2026-02-28T06:00:00Z,70.24,76.99,83.0,BALANCED,0,
2026-02-28T06:15:00Z,44.69,75.8,-122.0,LONG,85.0,aFRR
2026-02-28T06:30:00Z,70.42,75.74,-22.0,BALANCED,0,
2026-02-28T06:45:00Z,63.13,147.73,390.0,SHORT,186.0,RR
2026-02-28T07:00:00Z,57.44,80.19,-173.0,LONG,92.0,aFRR
2026-02-28T07:15:00Z,64.93,138.86,342.0,SHORT,159.0,aFRR
2026-02-28T07:30:00Z,43.49,76.77,-162.0,LONG,53.0,RR
2026-02-28T07:45:00Z,35.57,74.4,-284.0,LONG,112.0,aFRR
2026-02-28T08:00:00Z,-6.37,80.53,-671.0,LONG,448.0,mFRR
2026-02-28T08:15:00Z,68.23,71.9,62.0,BALANCED,0,
2026-02-28T08:30:00Z,71.78,74.26,-10.0,BALANCED,0,
2026-02-28T08:45:00Z,-1.63,79.53,-738.0,LONG,300.0,mFRR
2026-02-28T09:00:00Z,63.43,172.64,853.0,SHORT,343.0,mFRR
2026-02-28T09:15:00Z,47.51,77.46,-133.0,LONG,95.0,RR
2026-02-28T09:30:00Z,66.99,75.84,22.0,BALANCED,0,
2026-02-28T09:45:00Z,53.08,78.23,-234.0,LONG,86.0,mFRR
2026-02-28T10:00:00Z,68.95,73.33,-38.0,BALANCED,0,
2026-02-28T10:15:00Z,68.17,75.51,42.0,BALANCED,0,
2026-02-28T10:30:00Z,66.53,137.49,494.0,SHORT,374.0,mFRR
2026-02-28T10:45:00Z,9.88,72.97,-686.0,LONG,299.0,RR
2026-02-28T11:00:00Z,61.71,113.44,116.0,SHORT,86.0,mFRR
2026-02-28T11:15:00Z,50.12,77.55,-115.0,LONG,84.0,RR
2026-02-28T11:30:00Z,27.07,79.14,-186.0,LONG,132.0,aFRR
2026-02-28T11:45:00Z,69.4,125.65,121.0,SHORT,82.0,mFRR
2026-02-28T12:00:00Z,67.22,121.26,512.0,SHORT,301.0,RR
2026-02-28T12:15:00Z,66.01,115.53,351.0,SHORT,222.0,aFRR
2026-02-28T12:30:00Z,67.8,72.26,71.0,BALANCED,0,
2026-02-28T12:45:00Z,30.58,77.44,-194.0,LONG,106.0,mFRR
2026-02-28T13:00:00Z,67.66,126.9,252.0,SHORT,191.0,mFRR
2026-02-28T13:15:00Z,32.86,72.02,-196.0,LONG,77.0,RR
2026-02-28T13:30:00Z,69.89,76.6,-73.0,BALANCED,0,
2026-02-28T13:45:00Z,66.75,107.76,458.0,SHORT,340.0,RR
2026-02-28T14:00:00Z,67.22,151.23,493.0,SHORT,344.0,RR
2026-02-28T14:15:00Z,34.36,76.54,-132.0,LONG,91.0,RR
2026-02-28T14:30:00Z,66.08,115.85,111.0,SHORT,66.0,aFRR
2026-02-28T14:45:00Z,72.42,122.15,259.0,SHORT,100.0,aFRR
2026-02-28T15:00:00Z,66.81,74.97,-47.0,BALANCED,0,
2026-02-28T15:15:00Z,69.53,150.89,683.0,SHORT,306.0,RR
2026-02-28T15:30:00Z,65.23,74.79,-9.0,BALANCED,0,
2026-02-28T15:45:00Z,-5.55,76.92,-591.0,LONG,242.0,RR
2026-02-28T16:00:00Z,68.54,76.4,64.0,BALANCED,0,
2026-02-28T16:15:00Z,25.91,79.69,-453.0,LONG,166.0,aFRR
2026-02-28T16:30:00Z,64.49,100.9,315.0,SHORT,186.0,aFRR
2026-02-28T16:45:00Z,65.82,123.54,167.0,SHORT,109.0,aFRR
2026-02-28T17:00:00Z,63.98,111.28,217.0,SHORT,154.0,RR
2026-02-28T17:15:00Z,33.96,79.85,-273.0,LONG,109.0,aFRR
2026-02-28T17:30:00Z,67.99,74.53,25.0,BALANCED,0,
2026-02-28T17:45:00Z,19.16,78.56,-433.0,LONG,327.0,aFRR
2026-02-28T18:00:00Z,70.73,158.61,601.0,SHORT,293.0,aFRR
2026-02-28T18:15:00Z,67.66,118.67,342.0,SHORT,145.0,mFRR
2026-02-28T18:30:00Z,68.61,72.48,71.0,BALANCED,0,
2026-02-28T18:45:00Z,42.35,77.42,-234.0,LONG,162.0,aFRR
2026-02-28T19:00:00Z,70.9,76.96,25.0,BALANCED,0,
2026-02-28T19:15:00Z,65.73,112.46,173.0,SHORT,93.0,aFRR
2026-02-28T19:30:00Z,56.24,76.58,-140.0,LONG,69.0,mFRR
2026-02-28T19:45:00Z,42.11,75.34,-236.0,LONG,180.0,mFRR
2026-02-28T20:00:00Z,72.58,77.89,-64.0,BALANCED,0,
2026-02-28T20:15:00Z,34.02,80.44,-294.0,LONG,206.0,RR
2026-02-28T20:30:00Z,68.55,135.09,199.0,SHORT,80.0,RR
2026-02-28T20:45:00Z,67.62,114.27,388.0,SHORT,308.0,mFRR
2026-02-28T21:00:00Z,71.45,103.02,288.0,SHORT,129.0,aFRR
2026-02-28T21:15:00Z,70.24,75.37,45.0,BALANCED,0,
2026-02-28T21:30:00Z,69.19,76.59,-49.0,BALANCED,0,
2026-02-28T21:45:00Z,71.56,136.13,166.0,SHORT,95.0,aFRR
2026-02-28T22:00:00Z,28.15,76.05,-355.0,LONG,170.0,mFRR
2026-02-28T22:15:00Z,-10.71,80.37,-709.0,LONG,551.0,RR
2026-02-28T22:30:00Z,70.68,193.61,867.0,SHORT,296.0,RR
2026-02-28T22:45:00Z,69.8,70.12,4.0,BALANCED,0,
2026-02-28T23:00:00Z,53.93,79.85,-183.0,LONG,100.0,mFRR
2026-02-28T23:15:00Z,65.84,112.32,283.0,SHORT,162.0,mFRR
2026-02-28T23:30:00Z,58.34,80.1,-133.0,LONG,54.0,mFRR
2026-02-28T23:45:00Z,71.27,74.11,-76.0,BALANCED,0,
2026-03-01T00:00:00Z,24.11,83.59,-344.0,LONG,158.0,RR
2026-03-01T00:15:00Z,66.27,110.65,198.0,SHORT,111.0,RR
2026-03-01T00:30:00Z,64.19,77.73,31.0,BALANCED,0,
2026-03-01T00:45:00Z,71.09,78.11,-91.0,BALANCED,0,
2026-03-01T01:00:00Z,67.78,144.56,530.0,SHORT,240.0,mFRR
2026-03-01T01:15:00Z,68.52,75.7,-52.0,BALANCED,0,
2026-03-01T01:30:00Z,71.45,72.58,7.0,BALANCED,0,
2026-03-01T01:45:00Z,12.27,80.06,-495.0,LONG,196.0,RR
2026-03-01T02:00:00Z,71.09,70.82,-92.0,BALANCED,0,
2026-03-01T02:15:00Z,35.34,75.23,-290.0,LONG,165.0,RR
2026-03-01T02:30:00Z,40.15,78.43,-278.0,LONG,200.0,aFRR
2026-03-01T02:45:00Z,70.97,87.32,127.0,SHORT,60.0,RR
2026-03-01T03:00:00Z,66.64,77.66,-1.0,BALANCED,0,
2026-03-01T03:15:00Z,69.49,76.46,20.0,BALANCED,0,
2026-03-01T03:30:00Z,41.79,78.87,-140.0,LONG,77.0,mFRR
2026-03-01T03:45:00Z,-25.29,77.67,-827.0,LONG,598.0,aFRR
2026-03-01T04:00:00Z,32.85,81.61,-144.0,LONG,56.0,mFRR
2026-03-01T04:15:00Z,70.94,76.1,-86.0,BALANCED,0,
2026-03-01T04:30:00Z,67.92,78.12,-15.0,BALANCED,0,
2026-03-01T04:45:00Z,70.39,74.2,-59.0,BALANCED,0,
2026-03-01T05:00:00Z,65.42,106.89,263.0,SHORT,164.0,mFRR
2026-03-01T05:15:00Z,2.29,78.81,-673.0,LONG,484.0,aFRR
2026-03-01T05:30:00Z,69.42,116.82,285.0,SHORT,197.0,RR
2026-03-01T05:45:00Z,37.52,82.63,-268.0,LONG,201.0,RR
2026-03-01T06:00:00Z,64.37,127.94,420.0,SHORT,231.0,mFRR
2026-03-01T06:15:00Z,40.17,71.81,-261.0,LONG,105.0,aFRR
2026-03-01T06:30:00Z,70.77,159.86,633.0,SHORT,399.0,aFRR
2026-03-01T06:45:00Z,68.55,73.95,89.0,BALANCED,0,
2026-03-01T07:00:00Z,67.7,126.14,441.0,SHORT,246.0,aFRR
2026-03-01T07:15:00Z,-5.22,76.8,-654.0,LONG,471.0,RR
2026-03-01T07:30:00Z,64.27,115.65,209.0,SHORT,77.0,mFRR
2026-03-01T07:45:00Z,59.89,105.3,152.0,SHORT,93.0,aFRR
2026-03-01T08:00:00Z,68.41,149.48,369.0,SHORT,127.0,aFRR
2026-03-01T08:15:00Z,69.38,74.05,-95.0,BALANCED,0,
2026-03-01T08:30:00Z,62.82,78.72,-123.0,LONG,72.0,mFRR
2026-03-01T08:45:00Z,44.23,76.08,-205.0,LONG,90.0,mFRR
2026-03-01T09:00:00Z,61.33,119.91,236.0,SHORT,151.0,mFRR
2026-03-01T09:15:00Z,67.31,118.13,134.0,SHORT,104.0,RR
2026-03-01T09:30:00Z,67.62,61.58,166.0,SHORT,90.0,aFRR
2026-03-01T09:45:00Z,72.9,124.96,306.0,SHORT,186.0,RR
2026-03-01T10:00:00Z,70.73,74.73,-11.0,BALANCED,0,
2026-03-01T10:15:00Z,68.97,94.45,192.0,SHORT,109.0,RR
2026-03-01T10:30:00Z,69.59,72.89,89.0,BALANCED,0,
2026-03-01T10:45:00Z,67.21,154.49,633.0,SHORT,241.0,RR
2026-03-01T11:00:00Z,65.4,116.08,133.0,SHORT,92.0,RR
2026-03-01T11:15:00Z,38.86,76.61,-238.0,LONG,136.0,RR
2026-03-01T11:30:00Z,40.74,75.62,-288.0,LONG,229.0,aFRR
2026-03-01T11:45:00Z,73.03,132.02,276.0,SHORT,115.0,aFRR
2026-03-01T12:00:00Z,67.61,75.03,90.0,BALANCED,0,
2026-03-01T12:15:00Z,63.77,128.13,210.0,SHORT,156.0,RR
2026-03-01T12:30:00Z,65.9,129.83,159.0,SHORT,96.0,mFRR
2026-03-01T12:45:00Z,43.43,78.6,-213.0,LONG,77.0,RR
2026-03-01T13:00:00Z,69.7,73.21,-53.0,BALANCED,0,
2026-03-01T13:15:00Z,71.99,75.39,-25.0,BALANCED,0,
2026-03-01T13:30:00Z,49.4,75.12,-224.0,LONG,137.0,aFRR
2026-03-01T13:45:00Z,42.39,75.69,-164.0,LONG,54.0,mFRR
2026-03-01T14:00:00Z,68.01,108.16,409.0,SHORT,172.0,mFRR
2026-03-01T14:15:00Z,70.41,93.28,261.0,SHORT,172.0,mFRR
2026-03-01T14:30:00Z,59.73,76.1,-226.0,LONG,177.0,aFRR
2026-03-01T14:45:00Z,49.61,84.11,-238.0,LONG,135.0,mFRR
2026-03-01T15:00:00Z,70.45,76.36,-25.0,BALANCED,0,
2026-03-01T15:15:00Z,47.9,76.23,-228.0,LONG,70.0,aFRR
2026-03-01T15:30:00Z,70.98,78.49,-26.0,BALANCED,0,
2026-03-01T15:45:00Z,35.02,76.29,-156.0,LONG,58.0,mFRR
2026-03-01T16:00:00Z,39.54,82.05,-197.0,LONG,100.0,RR
2026-03-01T16:15:00Z,65.66,100.98,136.0,SHORT,77.0,mFRR
2026-03-01T16:30:00Z,62.99,165.19,723.0,SHORT,376.0,RR
2026-03-01T16:45:00Z,23.49,80.1,-416.0,LONG,259.0,RR
2026-03-01T17:00:00Z,66.08,147.78,106.0,SHORT,47.0,mFRR
2026-03-01T17:15:00Z,3.85,80.69,-390.0,LONG,262.0,aFRR
2026-03-01T17:30:00Z,69.24,143.99,382.0,SHORT,148.0,aFRR
2026-03-01T17:45:00Z,38.22,79.03,-301.0,LONG,134.0,aFRR
2026-03-01T18:00:00Z,65.9,123.87,117.0,SHORT,58.0,mFRR
2026-03-01T18:15:00Z,69.04,74.16,54.0,BALANCED,0,
2026-03-01T18:30:00Z,34.23,71.3,-248.0,LONG,80.0,mFRR
2026-03-01T18:45:00Z,66.8,139.85,435.0,SHORT,335.0,mFRR
2026-03-01T19:00:00Z,69.15,77.91,-85.0,BALANCED,0,
2026-03-01T19:15:00Z,35.82,79.53,-137.0,LONG,103.0,mFRR
2026-03-01T19:30:00Z,72.24,163.88,614.0,SHORT,356.0,mFRR
2026-03-01T19:45:00Z,29.29,73.53,-330.0,LONG,250.0,aFRR
2026-03-01T20:00:00Z,65.75,129.59,438.0,SHORT,250.0,RR
2026-03-01T20:15:00Z,63.78,102.5,149.0,SHORT,70.0,aFRR
2026-03-01T20:30:00Z,42.11,75.38,-416.0,LONG,182.0,RR
2026-03-01T20:45:00Z,70.08,75.27,-47.0,BALANCED,0,
2026-03-01T21:00:00Z,66.25,109.05,132.0,SHORT,82.0,mFRR
2026-03-01T21:15:00Z,66.29,124.35,404.0,SHORT,210.0,mFRR
2026-03-01T21:30:00Z,69.67,95.65,327.0,SHORT,170.0,RR
2026-03-01T21:45:00Z,49.59,75.96,-109.0,LONG,34.0,mFRR
2026-03-01T22:00:00Z,64.82,100.1,289.0,SHORT,131.0,mFRR
2026-03-01T22:15:00Z,70.86,77.37,-63.0,BALANCED,0,
2026-03-01T22:30:00Z,39.14,75.41,-201.0,LONG,156.0,RR
2026-03-01T22:45:00Z,36.36,79.4,-393.0,LONG,175.0,RR
2026-03-01T23:00:00Z,67.08,97.51,157.0,SHORT,71.0,mFRR
2026-03-01T23:15:00Z,69.68,75.7,14.0,BALANCED,0,
2026-03-01T23:30:00Z,34.83,75.23,-302.0,LONG,105.0,RR
2026-03-01T23:45:00Z,63.1,121.57,239.0,SHORT,188.0,aFRR
2026-03-02T00:00:00Z,52.49,75.69,-127.0,LONG,45.0,mFRR
2026-03-02T00:15:00Z,48.76,76.0,-127.0,LONG,45.0,mFRR
2026-03-02T00:30:00Z,-16.83,72.57,-648.0,LONG,407.0,mFRR
2026-03-02T00:45:00Z,69.08,165.63,449.0,SHORT,171.0,aFRR
2026-03-02T01:00:00Z,27.59,82.12,-359.0,LONG,118.0,RR
2026-03-02T01:15:00Z,70.3,85.86,170.0,SHORT,52.0,mFRR
2026-03-02T01:30:00Z,67.34,74.82,-40.0,BALANCED,0,
2026-03-02T01:45:00Z,32.83,77.86,-277.0,LONG,182.0,RR
2026-03-02T02:00:00Z,70.71,75.08,-34.0,BALANCED,0,
2026-03-02T02:15:00Z,24.3,75.66,-296.0,LONG,105.0,aFRR
2026-03-02T02:30:00Z,52.43,76.93,-137.0,LONG,72.0,RR
2026-03-02T02:45:00Z,68.22,74.62,76.0,BALANCED,0,
2026-03-02T03:00:00Z,68.95,73.81,-61.0,BALANCED,0,
2026-03-02T03:15:00Z,64.03,77.57,122.0,SHORT,76.0,RR
2026-03-02T03:30:00Z,63.77,146.25,452.0,SHORT,313.0,RR
2026-03-02T03:45:00Z,48.84,78.27,-137.0,LONG,61.0,RR
2026-03-02T04:00:00Z,66.24,105.3,206.0,SHORT,153.0,aFRR
2026-03-02T04:15:00Z,4.08,75.43,-535.0,LONG,226.0,RR
2026-03-02T04:30:00Z,68.49,76.48,55.0,BALANCED,0,
2026-03-02T04:45:00Z,31.58,76.83,-264.0,LONG,110.0,mFRR
2026-03-02T05:00:00Z,73.75,75.67,26.0,BALANCED,0,
2026-03-02T05:15:00Z,66.86,131.46,248.0,SHORT,87.0,aFRR
2026-03-02T05:30:00Z,68.83,134.93,308.0,SHORT,199.0,aFRR
2026-03-02T05:45:00Z,63.2,90.78,253.0,SHORT,134.0,aFRR
2026-03-02T06:00:00Z,70.93,75.51,66.0,BALANCED,0,
2026-03-02T06:15:00Z,66.63,109.02,106.0,SHORT,43.0,mFRR
2026-03-02T06:30:00Z,31.43,80.23,-184.0,LONG,119.0,aFRR
2026-03-02T06:45:00Z,70.3,92.23,148.0,SHORT,80.0,aFRR
2026-03-02T07:00:00Z,7.64,74.75,-517.0,LONG,205.0,aFRR
2026-03-02T07:15:00Z,38.82,74.36,-329.0,LONG,172.0,mFRR
2026-03-02T07:30:00Z,69.68,172.05,441.0,SHORT,222.0,RR
2026-03-02T07:45:00Z,69.53,71.1,90.0,BALANCED,0,
2026-03-02T08:00:00Z,71.51,76.99,2.0,BALANCED,0,
2026-03-02T08:15:00Z,65.54,73.27,33.0,BALANCED,0,
2026-03-02T08:30:00Z,66.54,116.9,287.0,SHORT,113.0,RR
2026-03-02T08:45:00Z,63.98,109.07,305.0,SHORT,214.0,RR
2026-03-02T09:00:00Z,-7.16,76.25,-514.0,LONG,410.0,RR
2026-03-02T09:15:00Z,37.41,77.72,-233.0,LONG,125.0,RR
2026-03-02T09:30:00Z,66.37,98.31,105.0,SHORT,59.0,aFRR
2026-03-02T09:45:00Z,71.04,73.04,68.0,BALANCED,0,
2026-03-02T10:00:00Z,24.26,71.97,-262.0,LONG,151.0,aFRR
2026-03-02T10:15:00Z,38.53,74.87,-243.0,LONG,154.0,RR
2026-03-02T10:30:00Z,65.8,125.32,400.0,SHORT,272.0,aFRR
2026-03-02T10:45:00Z,67.67,104.88,259.0,SHORT,195.0,mFRR
2026-03-02T11:00:00Z,36.04,75.8,-266.0,LONG,157.0,RR
2026-03-02T11:15:00Z,65.54,78.92,38.0,BALANCED,0,
2026-03-02T11:30:00Z,6.68,73.39,-468.0,LONG,159.0,aFRR
2026-03-02T11:45:00Z,66.54,133.51,146.0,SHORT,52.0,aFRR
2026-03-02T12:00:00Z,70.01,76.99,-95.0,BALANCED,0,
2026-03-02T12:15:00Z,55.08,73.92,-170.0,LONG,90.0,RR
2026-03-02T12:30:00Z,67.35,137.4,423.0,SHORT,223.0,RR
2026-03-02T12:45:00Z,19.96,77.02,-297.0,LONG,230.0,mFRR
2026-03-02T13:00:00Z,26.12,71.74,-285.0,LONG,185.0,mFRR
2026-03-02T13:15:00Z,37.03,79.15,-338.0,LONG,211.0,aFRR
2026-03-02T13:30:00Z,64.96,129.08,251.0,SHORT,94.0,RR
2026-03-02T13:45:00Z,49.88,80.87,-111.0,LONG,44.0,RR
2026-03-02T14:00:00Z,40.75,82.55,-278.0,LONG,95.0,aFRR
2026-03-02T14:15:00Z,71.67,136.7,303.0,SHORT,150.0,RR
2026-03-02T14:30:00Z,33.69,82.96,-389.0,LONG,275.0,mFRR
2026-03-02T14:45:00Z,71.66,69.4,132.0,SHORT,101.0,mFRR
2026-03-02T15:00:00Z,71.84,77.53,48.0,BALANCED,0,
2026-03-02T15:15:00Z,44.47,74.22,-146.0,LONG,69.0,aFRR
2026-03-02T15:30:00Z,54.95,79.46,-188.0,LONG,75.0,RR
2026-03-02T15:45:00Z,63.63,114.79,181.0,SHORT,111.0,mFRR
2026-03-02T16:00:00Z,67.42,105.65,332.0,SHORT,221.0,aFRR
2026-03-02T16:15:00Z,21.54,72.36,-335.0,LONG,235.0,RR
2026-03-02T16:30:00Z,63.25,115.79,139.0,SHORT,43.0,RR
2026-03-02T16:45:00Z,66.66,110.81,200.0,SHORT,94.0,mFRR
2026-03-02T17:00:00Z,20.63,75.9,-374.0,LONG,186.0,mFRR
2026-03-02T17:15:00Z,13.02,72.07,-480.0,LONG,351.0,aFRR
2026-03-02T17:30:00Z,67.3,78.25,-131.0,LONG,67.0,RR
2026-03-02T17:45:00Z,62.31,114.5,144.0,SHORT,81.0,mFRR
2026-03-02T18:00:00Z,64.73,110.02,148.0,SHORT,59.0,aFRR
2026-03-02T18:15:00Z,39.01,80.35,-275.0,LONG,163.0,mFRR
2026-03-02T18:30:00Z,68.0,72.58,-59.0,BALANCED,0,
2026-03-02T18:45:00Z,65.86,160.25,403.0,SHORT,224.0,mFRR
2026-03-02T19:00:00Z,66.48,91.4,201.0,SHORT,119.0,RR
2026-03-02T19:15:00Z,63.94,126.07,315.0,SHORT,115.0,mFRR
2026-03-02T19:30:00Z,50.81,76.15,-159.0,LONG,89.0,aFRR
2026-03-02T19:45:00Z,69.78,78.01,75.0,BALANCED,0,
2026-03-02T20:00:00Z,69.19,73.57,58.0,BALANCED,0,
2026-03-02T20:15:00Z,67.79,73.64,77.0,BALANCED,0,
2026-03-02T20:30:00Z,67.75,74.79,-73.0,BALANCED,0,
2026-03-02T20:45:00Z,38.01,73.82,-211.0,LONG,155.0,aFRR
2026-03-02T21:00:00Z,66.59,76.32,89.0,BALANCED,0,
2026-03-02T21:15:00Z,50.29,78.2,-122.0,LONG,67.0,RR
2026-03-02T21:30:00Z,25.5,80.7,-270.0,LONG,168.0,mFRR
2026-03-02T21:45:00Z,68.32,72.65,-68.0,BALANCED,0,
2026-03-02T22:00:00Z,71.82,124.5,241.0,SHORT,189.0,aFRR
2026-03-02T22:15:00Z,35.74,77.23,-307.0,LONG,215.0,RR
2026-03-02T22:30:00Z,44.33,78.67,-214.0,LONG,114.0,aFRR
2026-03-02T22:45:00Z,48.68,78.42,-170.0,LONG,136.0,aFRR
2026-03-02T23:00:00Z,68.96,131.16,244.0,SHORT,185.0,RR
2026-03-02T23:15:00Z,67.97,101.53,102.0,SHORT,43.0,aFRR
2026-03-02T23:30:00Z,57.08,78.14,-176.0,LONG,130.0,aFRR
2026-03-02T23:45:00Z,67.28,75.32,-38.0,BALANCED,0,
2026-03-03T00:00:00Z,44.66,78.7,-203.0,LONG,133.0,mFRR
2026-03-03T00:15:00Z,54.75,77.79,-144.0,LONG,54.0,aFRR
2026-03-03T00:30:00Z,61.93,125.01,494.0,SHORT,155.0,mFRR
2026-03-03T00:45:00Z,69.48,114.04,205.0,SHORT,107.0,mFRR
2026-03-03T01:00:00Z,70.74,71.39,-76.0,BALANCED,0,
2026-03-03T01:15:00Z,69.08,75.97,-70.0,BALANCED,0,
2026-03-03T01:30:00Z,70.54,78.44,97.0,BALANCED,0,
2026-03-03T01:45:00Z,42.8,78.3,-171.0,LONG,110.0,RR
2026-03-03T02:00:00Z,67.71,77.31,-17.0,BALANCED,0,
2026-03-03T02:15:00Z,70.33,106.45,160.0,SHORT,76.0,mFRR
2026-03-03T02:30:00Z,-10.14,76.57,-662.0,LONG,343.0,RR
2026-03-03T02:45:00Z,40.95,78.24,-220.0,LONG,98.0,RR
2026-03-03T03:00:00Z,41.34,73.63,-207.0,LONG,65.0,aFRR
2026-03-03T03:15:00Z,34.04,78.42,-247.0,LONG,79.0,mFRR
2026-03-03T03:30:00Z,45.27,74.96,-158.0,LONG,66.0,aFRR
2026-03-03T03:45:00Z,69.31,76.36,-69.0,BALANCED,0,
2026-03-03T04:00:00Z,69.26,72.4,68.0,BALANCED,0,
2026-03-03T04:15:00Z,72.96,78.61,16.0,BALANCED,0,
2026-03-03T04:30:00Z,69.94,77.16,-81.0,BALANCED,0,
2026-03-03T04:45:00Z,68.66,73.41,54.0,BALANCED,0,
2026-03-03T05:00:00Z,5.07,71.77,-446.0,LONG,196.0,RR
2026-03-03T05:15:00Z,26.21,74.07,-353.0,LONG,189.0,RR
2026-03-03T05:30:00Z,65.19,141.15,277.0,SHORT,196.0,mFRR
2026-03-03T05:45:00Z,68.62,189.98,873.0,SHORT,415.0,aFRR
2026-03-03T06:00:00Z,67.2,103.76,102.0,SHORT,34.0,aFRR
2026-03-03T06:15:00Z,66.4,72.27,-33.0,BALANCED,0,
2026-03-03T06:30:00Z,68.15,126.07,245.0,SHORT,114.0,RR
2026-03-03T06:45:00Z,67.65,145.85,391.0,SHORT,293.0,aFRR
2026-03-03T07:00:00Z,70.07,72.91,-19.0,BALANCED,0,
2026-03-03T07:15:00Z,38.01,75.63,-219.0,LONG,91.0,RR
2026-03-03T07:30:00Z,41.07,74.19,-150.0,LONG,70.0,mFRR
2026-03-03T07:45:00Z,20.85,78.07,-297.0,LONG,144.0,mFRR
2026-03-03T08:00:00Z,74.59,141.04,461.0,SHORT,144.0,RR
2026-03-03T08:15:00Z,66.96,76.22,49.0,BALANCED,0,
2026-03-03T08:30:00Z,67.02,108.34,169.0,SHORT,129.0,mFRR
2026-03-03T08:45:00Z,68.66,77.85,-22.0,BALANCED,0,
2026-03-03T09:00:00Z,69.95,153.0,260.0,SHORT,110.0,mFRR
2026-03-03T09:15:00Z,34.57,71.96,-335.0,LONG,107.0,RR
2026-03-03T09:30:00Z,68.43,75.98,-4.0,BALANCED,0,
2026-03-03T09:45:00Z,32.92,80.7,-377.0,LONG,286.0,mFRR
2026-03-03T10:00:00Z,72.99,94.82,200.0,SHORT,107.0,aFRR
2026-03-03T10:15:00Z,66.83,73.58,23.0,BALANCED,0,
2026-03-03T10:30:00Z,67.61,124.11,273.0,SHORT,106.0,mFRR
2026-03-03T10:45:00Z,65.81,72.91,49.0,BALANCED,0,
2026-03-03T11:00:00Z,18.31,73.87,-520.0,LONG,325.0,mFRR
2026-03-03T11:15:00Z,64.83,123.18,360.0,SHORT,143.0,aFRR
2026-03-03T11:30:00Z,67.97,80.52,41.0,BALANCED,0,
2026-03-03T11:45:00Z,51.54,82.49,-133.0,LONG,77.0,RR
2026-03-03T12:00:00Z,48.03,78.95,-120.0,LONG,57.0,mFRR
2026-03-03T12:15:00Z,8.6,76.7,-518.0,LONG,278.0,RR
2026-03-03T12:30:00Z,68.8,106.13,352.0,SHORT,202.0,mFRR
2026-03-03T12:45:00Z,66.19,73.57,74.0,BALANCED,0,
2026-03-03T13:00:00Z,74.5,156.07,551.0,SHORT,315.0,mFRR
2026-03-03T13:15:00Z,67.55,72.57,12.0,BALANCED,0,
2026-03-03T13:30:00Z,66.85,93.28,235.0,SHORT,106.0,aFRR
2026-03-03T13:45:00Z,69.68,74.59,-83.0,BALANCED,0,
2026-03-03T14:00:00Z,65.84,99.98,410.0,SHORT,222.0,mFRR
2026-03-03T14:15:00Z,68.8,105.37,200.0,SHORT,74.0,mFRR
2026-03-03T14:30:00Z,40.18,80.03,-172.0,LONG,103.0,mFRR
2026-03-03T14:45:00Z,51.91,77.39,-184.0,LONG,69.0,RR
2026-03-03T15:00:00Z,63.85,139.75,494.0,SHORT,272.0,mFRR
2026-03-03T15:15:00Z,72.09,124.33,154.0,SHORT,66.0,RR
2026-03-03T15:30:00Z,65.77,178.16,864.0,SHORT,427.0,mFRR
2026-03-03T15:45:00Z,11.53,79.37,-404.0,LONG,160.0,RR
2026-03-03T16:00:00Z,63.99,124.55,117.0,SHORT,52.0,RR
2026-03-03T16:15:00Z,8.37,80.89,-448.0,LONG,302.0,aFRR
2026-03-03T16:30:00Z,64.31,89.98,190.0,SHORT,114.0,aFRR
2026-03-03T16:45:00Z,72.14,73.13,-75.0,BALANCED,0,
2026-03-03T17:00:00Z,39.7,81.18,-211.0,LONG,149.0,RR
2026-03-03T17:15:00Z,-2.92,76.77,-444.0,LONG,291.0,RR
2026-03-03T17:30:00Z,17.88,75.94,-425.0,LONG,184.0,aFRR
2026-03-03T17:45:00Z,48.15,78.7,-128.0,LONG,51.0,RR
2026-03-03T18:00:00Z,56.22,75.29,-135.0,LONG,45.0,mFRR
2026-03-03T18:15:00Z,69.09,70.26,27.0,BALANCED,0,
2026-03-03T18:30:00Z,35.77,78.28,-272.0,LONG,213.0,mFRR
2026-03-03T18:45:00Z,64.2,114.11,339.0,SHORT,177.0,aFRR
2026-03-03T19:00:00Z,66.01,73.75,-15.0,BALANCED,0,
2026-03-03T19:15:00Z,67.04,73.53,18.0,BALANCED,0,
2026-03-03T19:30:00Z,65.09,133.88,192.0,SHORT,101.0,mFRR
2026-03-03T19:45:00Z,64.09,99.68,162.0,SHORT,89.0,aFRR
2026-03-03T20:00:00Z,72.45,73.09,32.0,BALANCED,0,
2026-03-03T20:15:00Z,70.38,77.2,-43.0,BALANCED,0,
2026-03-03T20:30:00Z,43.8,72.59,-105.0,LONG,78.0,aFRR
2026-03-03T20:45:00Z,63.72,122.01,468.0,SHORT,157.0,RR
2026-03-03T21:00:00Z,18.04,82.34,-415.0,LONG,299.0,RR
2026-03-03T21:15:00Z,63.3,96.93,198.0,SHORT,82.0,aFRR
2026-03-03T21:30:00Z,69.92,72.11,-62.0,BALANCED,0,
2026-03-03T21:45:00Z,64.88,121.82,193.0,SHORT,60.0,mFRR
2026-03-03T22:00:00Z,68.05,73.51,66.0,BALANCED,0,
2026-03-03T22:15:00Z,64.99,116.23,165.0,SHORT,118.0,aFRR
2026-03-03T22:30:00Z,32.29,70.85,-201.0,LONG,122.0,mFRR
2026-03-03T22:45:00Z,64.25,114.95,223.0,SHORT,99.0,RR
2026-03-03T23:00:00Z,49.63,82.16,-256.0,LONG,193.0,aFRR
2026-03-03T23:15:00Z,65.15,72.56,37.0,BALANCED,0,
2026-03-03T23:30:00Z,68.29,77.68,51.0,BALANCED,0,
2026-03-03T23:45:00Z,71.55,75.37,3.0,BALANCED,0,
2026-03-04T00:00:00Z,73.39,74.42,89.0,BALANCED,0,
2026-03-04T00:15:00Z,48.96,81.55,-224.0,LONG,78.0,RR
2026-03-04T00:30:00Z,21.15,76.12,-327.0,LONG,256.0,aFRR
2026-03-04T00:45:00Z,-6.68,73.65,-689.0,LONG,240.0,RR
2026-03-04T01:00:00Z,13.62,76.96,-384.0,LONG,265.0,aFRR
2026-03-04T01:15:00Z,11.12,73.69,-319.0,LONG,120.0,RR
2026-03-04T01:30:00Z,64.6,56.39,112.0,SHORT,57.0,RR
2026-03-04T01:45:00Z,70.39,74.25,3.0,BALANCED,0,
2026-03-04T02:00:00Z,68.52,73.21,-65.0,BALANCED,0,
2026-03-04T02:15:00Z,70.98,90.02,281.0,SHORT,172.0,mFRR
2026-03-04T02:30:00Z,64.15,109.21,318.0,SHORT,139.0,RR
2026-03-04T02:45:00Z,68.16,113.84,216.0,SHORT,106.0,aFRR
2026-03-04T03:00:00Z,67.87,167.9,753.0,SHORT,264.0,aFRR
2026-03-04T03:15:00Z,18.09,72.95,-514.0,LONG,168.0,RR
2026-03-04T03:30:00Z,67.76,160.22,647.0,SHORT,475.0,mFRR
2026-03-04T03:45:00Z,32.48,78.85,-355.0,LONG,218.0,mFRR
2026-03-04T04:00:00Z,67.79,74.36,-73.0,BALANCED,0,
2026-03-04T04:15:00Z,70.59,121.47,533.0,SHORT,217.0,RR
2026-03-04T04:30:00Z,68.49,76.34,-6.0,BALANCED,0,
2026-03-04T04:45:00Z,67.8,123.65,272.0,SHORT,143.0,RR
2026-03-04T05:00:00Z,69.76,103.94,319.0,SHORT,200.0,RR
2026-03-04T05:15:00Z,66.7,77.27,86.0,BALANCED,0,
2026-03-04T05:30:00Z,68.86,158.39,571.0,SHORT,217.0,aFRR
2026-03-04T05:45:00Z,66.44,118.36,189.0,SHORT,121.0,RR
2026-03-04T06:00:00Z,62.61,110.28,308.0,SHORT,210.0,aFRR
2026-03-04T06:15:00Z,68.46,131.45,332.0,SHORT,232.0,RR
2026-03-04T06:30:00Z,67.27,75.25,-77.0,BALANCED,0,
2026-03-04T06:45:00Z,66.9,114.73,154.0,SHORT,110.0,RR
2026-03-04T07:00:00Z,60.46,73.63,-166.0,LONG,73.0,mFRR
2026-03-04T07:15:00Z,64.41,121.61,289.0,SHORT,194.0,aFRR
2026-03-04T07:30:00Z,65.99,74.52,71.0,BALANCED,0,
2026-03-04T07:45:00Z,65.9,74.94,-93.0,BALANCED,0,
2026-03-04T08:00:00Z,-0.6,76.24,-526.0,LONG,337.0,aFRR
2026-03-04T08:15:00Z,66.6,144.49,445.0,SHORT,290.0,RR
2026-03-04T08:30:00Z,67.37,74.14,-119.0,LONG,58.0,RR
2026-03-04T08:45:00Z,65.57,126.05,280.0,SHORT,158.0,RR
2026-03-04T09:00:00Z,64.73,106.2,265.0,SHORT,112.0,mFRR
2026-03-04T09:15:00Z,32.8,76.28,-228.0,LONG,153.0,aFRR
2026-03-04T09:30:00Z,67.73,120.6,280.0,SHORT,153.0,mFRR
2026-03-04T09:45:00Z,73.24,73.77,-33.0,BALANCED,0,
2026-03-04T10:00:00Z,65.63,101.37,291.0,SHORT,210.0,mFRR
2026-03-04T10:15:00Z,14.96,71.32,-215.0,LONG,92.0,aFRR
2026-03-04T10:30:00Z,63.19,150.49,286.0,SHORT,105.0,RR
2026-03-04T10:45:00Z,61.38,126.69,245.0,SHORT,135.0,RR
2026-03-04T11:00:00Z,68.98,136.02,181.0,SHORT,120.0,RR
2026-03-04T11:15:00Z,32.14,82.91,-121.0,LONG,44.0,RR
2026-03-04T11:30:00Z,37.25,80.54,-195.0,LONG,133.0,mFRR
2026-03-04T11:45:00Z,66.9,194.17,869.0,SHORT,682.0,RR
2026-03-04T12:00:00Z,69.21,116.4,353.0,SHORT,232.0,RR
2026-03-04T12:15:00Z,41.54,74.47,-292.0,LONG,165.0,mFRR
2026-03-04T12:30:00Z,67.61,100.99,185.0,SHORT,72.0,aFRR
2026-03-04T12:45:00Z,69.71,73.4,-58.0,BALANCED,0,
2026-03-04T13:00:00Z,40.72,78.77,-179.0,LONG,83.0,RR
2026-03-04T13:15:00Z,46.16,75.4,-192.0,LONG,93.0,aFRR
2026-03-04T13:30:00Z,68.16,122.05,262.0,SHORT,186.0,RR
2026-03-04T13:45:00Z,22.63,72.67,-302.0,LONG,236.0,aFRR
2026-03-04T14:00:00Z,64.81,108.88,148.0,SHORT,99.0,RR
2026-03-04T14:15:00Z,48.05,78.52,-149.0,LONG,118.0,aFRR
2026-03-04T14:30:00Z,20.51,76.19,-457.0,LONG,280.0,aFRR
2026-03-04T14:45:00Z,71.88,76.09,49.0,BALANCED,0,
2026-03-04T15:00:00Z,45.99,76.88,-127.0,LONG,60.0,mFRR
2026-03-04T15:15:00Z,24.02,74.11,-231.0,LONG,178.0,RR
2026-03-04T15:30:00Z,70.17,75.22,-52.0,BALANCED,0,
2026-03-04T15:45:00Z,72.84,71.2,21.0,BALANCED,0,
2026-03-04T16:00:00Z,39.58,75.4,-206.0,LONG,99.0,aFRR
2026-03-04T16:15:00Z,69.57,131.8,164.0,SHORT,54.0,aFRR
2026-03-04T16:30:00Z,71.02,122.33,296.0,SHORT,117.0,RR
2026-03-04T16:45:00Z,69.43,72.9,34.0,BALANCED,0,
2026-03-04T17:00:00Z,29.14,82.06,-188.0,LONG,66.0,aFRR
2026-03-04T17:15:00Z,34.12,73.8,-256.0,LONG,132.0,mFRR
2026-03-04T17:30:00Z,49.16,76.39,-124.0,LONG,45.0,mFRR
2026-03-04T17:45:00Z,16.12,77.56,-304.0,LONG,178.0,aFRR
2026-03-04T18:00:00Z,19.92,75.05,-349.0,LONG,218.0,RR
2026-03-04T18:15:00Z,-13.85,79.48,-775.0,LONG,398.0,RR
2026-03-04T18:30:00Z,65.7,81.73,-102.0,LONG,32.0,mFRR
2026-03-04T18:45:00Z,29.24,74.04,-235.0,LONG,83.0,RR
2026-03-04T19:00:00Z,66.03,72.05,-24.0,BALANCED,0,
2026-03-04T19:15:00Z,65.64,71.68,24.0,BALANCED,0,
2026-03-04T19:30:00Z,75.14,75.85,47.0,BALANCED,0,
2026-03-04T19:45:00Z,48.53,78.89,-116.0,LONG,89.0,RR
2026-03-04T20:00:00Z,67.32,102.53,192.0,SHORT,84.0,aFRR
2026-03-04T20:15:00Z,65.26,118.17,287.0,SHORT,107.0,aFRR
2026-03-04T20:30:00Z,68.73,117.78,202.0,SHORT,110.0,mFRR
2026-03-04T20:45:00Z,68.66,74.38,-5.0,BALANCED,0,
2026-03-04T21:00:00Z,70.75,116.09,223.0,SHORT,165.0,RR
2026-03-04T21:15:00Z,4.7,77.58,-505.0,LONG,382.0,RR
2026-03-04T21:30:00Z,66.03,123.52,211.0,SHORT,93.0,RR
2026-03-04T21:45:00Z,43.77,75.32,-176.0,LONG,115.0,aFRR
2026-03-04T22:00:00Z,64.13,124.9,358.0,SHORT,237.0,RR
2026-03-04T22:15:00Z,67.08,111.8,330.0,SHORT,262.0,mFRR
2026-03-04T22:30:00Z,15.97,76.33,-426.0,LONG,302.0,aFRR
2026-03-04T22:45:00Z,65.04,101.25,179.0,SHORT,84.0,aFRR
2026-03-04T23:00:00Z,46.57,76.8,-174.0,LONG,133.0,aFRR
2026-03-04T23:15:00Z,53.02,71.43,-192.0,LONG,128.0,RR
2026-03-04T23:30:00Z,62.47,111.71,115.0,SHORT,70.0,RR
2026-03-04T23:45:00Z,68.23,78.95,-75.0,BALANCED,0,
2026-03-05T00:00:00Z,64.11,101.86,168.0,SHORT,88.0,aFRR
2026-03-05T00:15:00Z,70.26,118.28,392.0,SHORT,204.0,RR
2026-03-05T00:30:00Z,70.81,75.57,40.0,BALANCED,0,
2026-03-05T00:45:00Z,16.66,80.08,-536.0,LONG,254.0,mFRR
2026-03-05T01:00:00Z,69.1,76.42,-35.0,BALANCED,0,
2026-03-05T01:15:00Z,66.97,77.03,80.0,BALANCED,0,
2026-03-05T01:30:00Z,67.24,74.17,-189.0,LONG,135.0,aFRR
2026-03-05T01:45:00Z,71.19,75.84,56.0,BALANCED,0,
2026-03-05T02:00:00Z,64.86,161.25,707.0,SHORT,259.0,aFRR
2026-03-05T02:15:00Z,26.98,76.2,-477.0,LONG,149.0,aFRR
2026-03-05T02:30:00Z,53.0,84.21,-193.0,LONG,58.0,RR
2026-03-05T02:45:00Z,43.82,75.35,-173.0,LONG,89.0,mFRR
2026-03-05T03:00:00Z,70.21,146.09,476.0,SHORT,220.0,aFRR
2026-03-05T03:15:00Z,71.93,129.33,312.0,SHORT,173.0,RR
2026-03-05T03:30:00Z,63.89,136.89,430.0,SHORT,226.0,aFRR
2026-03-05T03:45:00Z,68.5,73.5,-71.0,BALANCED,0,
2026-03-05T04:00:00Z,42.4,75.3,-179.0,LONG,96.0,aFRR
2026-03-05T04:15:00Z,64.76,123.16,162.0,SHORT,115.0,RR
2026-03-05T04:30:00Z,27.27,74.84,-269.0,LONG,99.0,mFRR
2026-03-05T04:45:00Z,71.02,76.46,18.0,BALANCED,0,
2026-03-05T05:00:00Z,68.55,160.02,544.0,SHORT,319.0,aFRR
2026-03-05T05:15:00Z,41.3,75.54,-140.0,LONG,59.0,RR
2026-03-05T05:30:00Z,70.57,75.2,-46.0,BALANCED,0,
2026-03-05T05:45:00Z,67.71,111.0,315.0,SHORT,116.0,mFRR
2026-03-05T06:00:00Z,13.48,80.43,-494.0,LONG,270.0,aFRR
2026-03-05T06:15:00Z,42.88,80.57,-160.0,LONG,80.0,mFRR
2026-03-05T06:30:00Z,1.25,72.87,-659.0,LONG,357.0,aFRR
2026-03-05T06:45:00Z,66.63,152.16,428.0,SHORT,290.0,mFRR
2026-03-05T07:00:00Z,65.94,130.3,391.0,SHORT,253.0,aFRR
2026-03-05T07:15:00Z,68.9,76.2,-27.0,BALANCED,0,
2026-03-05T07:30:00Z,-7.42,77.77,-738.0,LONG,302.0,aFRR
2026-03-05T07:45:00Z,38.32,78.61,-264.0,LONG,177.0,RR
2026-03-05T08:00:00Z,63.33,74.27,-109.0,LONG,64.0,mFRR
2026-03-05T08:15:00Z,69.31,101.84,173.0,SHORT,101.0,mFRR
2026-03-05T08:30:00Z,71.27,72.56,-67.0,BALANCED,0,
2026-03-05T08:45:00Z,21.89,77.11,-520.0,LONG,204.0,aFRR
2026-03-05T09:00:00Z,54.24,76.04,-137.0,LONG,80.0,mFRR
2026-03-05T09:15:00Z,63.46,120.53,273.0,SHORT,151.0,mFRR
2026-03-05T09:30:00Z,71.73,73.14,-85.0,BALANCED,0,
2026-03-05T09:45:00Z,51.21,77.43,-113.0,LONG,52.0,mFRR
2026-03-05T10:00:00Z,64.35,125.74,139.0,SHORT,75.0,aFRR
2026-03-05T10:15:00Z,64.54,143.88,546.0,SHORT,260.0,RR
2026-03-05T10:30:00Z,70.89,77.93,-19.0,BALANCED,0,
2026-03-05T10:45:00Z,58.39,78.95,-123.0,LONG,45.0,mFRR
2026-03-05T11:00:00Z,24.31,72.38,-296.0,LONG,121.0,RR
2026-03-05T11:15:00Z,67.39,74.22,-68.0,BALANCED,0,
2026-03-05T11:30:00Z,52.9,77.31,-202.0,LONG,99.0,mFRR
2026-03-05T11:45:00Z,67.71,75.72,40.0,BALANCED,0,
2026-03-05T12:00:00Z,64.7,82.33,156.0,SHORT,124.0,mFRR
2026-03-05T12:15:00Z,13.74,80.83,-374.0,LONG,274.0,aFRR
2026-03-05T12:30:00Z,67.36,102.8,179.0,SHORT,92.0,RR
2026-03-05T12:45:00Z,-41.61,73.76,-900.0,LONG,517.0,aFRR
2026-03-05T13:00:00Z,66.59,74.95,-2.0,BALANCED,0,
2026-03-05T13:15:00Z,65.66,130.62,458.0,SHORT,209.0,RR
2026-03-05T13:30:00Z,67.72,113.16,168.0,SHORT,120.0,aFRR
2026-03-05T13:45:00Z,69.46,75.84,64.0,BALANCED,0,
2026-03-05T14:00:00Z,59.46,118.73,286.0,SHORT,196.0,mFRR
2026-03-05T14:15:00Z,68.18,73.74,53.0,BALANCED,0,
2026-03-05T14:30:00Z,68.71,113.59,280.0,SHORT,198.0,mFRR
2026-03-05T14:45:00Z,68.85,116.71,143.0,SHORT,84.0,mFRR
2026-03-05T15:00:00Z,56.15,78.25,-130.0,LONG,61.0,aFRR
2026-03-05T15:15:00Z,67.77,128.59,213.0,SHORT,109.0,RR
2026-03-05T15:30:00Z,71.14,136.57,415.0,SHORT,231.0,RR
2026-03-05T15:45:00Z,68.75,73.83,-21.0,BALANCED,0,
2026-03-05T16:00:00Z,70.12,73.4,11.0,BALANCED,0,
2026-03-05T16:15:00Z,66.86,121.83,267.0,SHORT,178.0,RR
2026-03-05T16:30:00Z,70.31,126.73,364.0,SHORT,157.0,mFRR
2026-03-05T16:45:00Z,33.19,81.68,-184.0,LONG,129.0,aFRR
2026-03-05T17:00:00Z,48.75,73.23,-193.0,LONG,92.0,RR
2026-03-05T17:15:00Z,-7.36,78.67,-683.0,LONG,349.0,aFRR
2026-03-05T17:30:00Z,30.51,73.66,-291.0,LONG,164.0,RR
2026-03-05T17:45:00Z,37.61,79.14,-339.0,LONG,215.0,aFRR
2026-03-05T18:00:00Z,71.12,124.17,277.0,SHORT,135.0,mFRR
2026-03-05T18:15:00Z,20.63,73.35,-468.0,LONG,310.0,aFRR
2026-03-05T18:30:00Z,28.75,75.12,-358.0,LONG,110.0,aFRR
2026-03-05T18:45:00Z,32.85,75.66,-263.0,LONG,136.0,RR
2026-03-05T19:00:00Z,44.47,79.18,-160.0,LONG,115.0,mFRR
2026-03-05T19:15:00Z,60.69,78.26,-193.0,LONG,103.0,aFRR
2026-03-05T19:30:00Z,68.06,77.04,34.0,BALANCED,0,
2026-03-05T19:45:00Z,71.66,117.34,113.0,SHORT,89.0,aFRR
2026-03-05T20:00:00Z,67.77,120.78,353.0,SHORT,235.0,mFRR
2026-03-05T20:15:00Z,68.14,70.04,9.0,BALANCED,0,
2026-03-05T20:30:00Z,-7.79,75.97,-723.0,LONG,288.0,aFRR
2026-03-05T20:45:00Z,66.36,76.18,9.0,BALANCED,0,
2026-03-05T21:00:00Z,68.7,133.03,360.0,SHORT,254.0,RR
2026-03-05T21:15:00Z,62.91,102.59,179.0,SHORT,120.0,mFRR
2026-03-05T21:30:00Z,70.84,99.82,199.0,SHORT,91.0,mFRR
2026-03-05T21:45:00Z,70.23,74.36,-96.0,BALANCED,0,
2026-03-05T22:00:00Z,23.29,76.38,-377.0,LONG,167.0,aFRR
2026-03-05T22:15:00Z,67.19,72.11,-98.0,BALANCED,0,
2026-03-05T22:30:00Z,68.97,76.5,-18.0,BALANCED,0,
2026-03-05T22:45:00Z,69.15,109.12,130.0,SHORT,56.0,RR
2026-03-05T23:00:00Z,67.66,71.25,22.0,BALANCED,0,
2026-03-05T23:15:00Z,68.99,75.1,-80.0,BALANCED,0,
2026-03-05T23:30:00Z,62.74,108.7,140.0,SHORT,111.0,RR
2026-03-05T23:45:00Z,5.05,75.21,-444.0,LONG,175.0,aFRR
2026-03-06T00:00:00Z,67.41,137.2,408.0,SHORT,306.0,RR
2026-03-06T00:15:00Z,64.24,161.02,541.0,SHORT,415.0,RR
2026-03-06T00:30:00Z,69.24,126.35,203.0,SHORT,107.0,RR
2026-03-06T00:45:00Z,45.01,74.64,-153.0,LONG,74.0,mFRR
2026-03-06T01:00:00Z,42.45,77.11,-159.0,LONG,92.0,mFRR
2026-03-06T01:15:00Z,41.47,80.2,-252.0,LONG,100.0,mFRR
2026-03-06T01:30:00Z,58.61,80.06,-229.0,LONG,123.0,aFRR
2026-03-06T01:45:00Z,70.04,72.02,-87.0,BALANCED,0,
2026-03-06T02:00:00Z,68.42,75.79,-11.0,BALANCED,0,
2026-03-06T02:15:00Z,65.05,138.49,364.0,SHORT,211.0,mFRR
2026-03-06T02:30:00Z,63.28,118.4,225.0,SHORT,78.0,mFRR
2026-03-06T02:45:00Z,39.22,75.13,-298.0,LONG,114.0,aFRR
2026-03-06T03:00:00Z,69.75,74.02,-29.0,BALANCED,0,
2026-03-06T03:15:00Z,66.06,106.67,259.0,SHORT,154.0,RR
2026-03-06T03:30:00Z,57.55,79.88,-154.0,LONG,116.0,RR
2026-03-06T03:45:00Z,61.83,117.63,272.0,SHORT,82.0,RR
2026-03-06T04:00:00Z,70.09,78.07,-6.0,BALANCED,0,
2026-03-06T04:15:00Z,36.95,75.8,-371.0,LONG,159.0,RR
2026-03-06T04:30:00Z,17.79,75.24,-476.0,LONG,260.0,mFRR
2026-03-06T04:45:00Z,68.58,72.33,35.0,BALANCED,0,
2026-03-06T05:00:00Z,-12.51,76.46,-718.0,LONG,478.0,aFRR
2026-03-06T05:15:00Z,65.86,155.77,242.0,SHORT,152.0,RR
2026-03-06T05:30:00Z,23.6,76.7,-302.0,LONG,106.0,mFRR
2026-03-06T05:45:00Z,66.73,72.59,-79.0,BALANCED,0,
2026-03-06T06:00:00Z,73.03,126.63,288.0,SHORT,138.0,mFRR
2026-03-06T06:15:00Z,65.72,105.55,176.0,SHORT,67.0,RR
2026-03-06T06:30:00Z,70.99,157.47,603.0,SHORT,382.0,RR
2026-03-06T06:45:00Z,68.05,94.69,156.0,SHORT,67.0,aFRR
2026-03-06T07:00:00Z,70.02,74.47,-95.0,BALANCED,0,
2026-03-06T07:15:00Z,70.69,78.7,186.0,SHORT,121.0,aFRR
2026-03-06T07:30:00Z,37.55,73.48,-128.0,LONG,101.0,aFRR
2026-03-06T07:45:00Z,67.44,100.98,121.0,SHORT,78.0,aFRR
2026-03-06T08:00:00Z,34.04,79.14,-328.0,LONG,135.0,RR
2026-03-06T08:15:00Z,64.09,100.07,102.0,SHORT,34.0,mFRR
2026-03-06T08:30:00Z,67.9,120.65,271.0,SHORT,116.0,RR
2026-03-06T08:45:00Z,66.06,148.71,286.0,SHORT,180.0,RR
2026-03-06T09:00:00Z,17.24,82.52,-345.0,LONG,202.0,mFRR
2026-03-06T09:15:00Z,67.69,97.55,214.0,SHORT,103.0,RR
2026-03-06T09:30:00Z,61.19,150.29,437.0,SHORT,163.0,mFRR
2026-03-06T09:45:00Z,67.35,71.86,-3.0,BALANCED,0,
2026-03-06T10:00:00Z,24.36,75.67,-209.0,LONG,158.0,mFRR
2026-03-06T10:15:00Z,70.31,97.6,265.0,SHORT,194.0,RR
2026-03-06T10:30:00Z,68.55,133.91,299.0,SHORT,157.0,aFRR
2026-03-06T10:45:00Z,47.63,77.03,-154.0,LONG,97.0,mFRR
2026-03-06T11:00:00Z,70.11,123.86,294.0,SHORT,157.0,aFRR
2026-03-06T11:15:00Z,68.71,74.88,-59.0,BALANCED,0,
2026-03-06T11:30:00Z,67.56,75.15,42.0,BALANCED,0,
2026-03-06T11:45:00Z,14.05,79.08,-515.0,LONG,364.0,mFRR
2026-03-06T12:00:00Z,72.79,81.71,129.0,SHORT,70.0,aFRR
2026-03-06T12:15:00Z,66.25,136.05,296.0,SHORT,183.0,aFRR
2026-03-06T12:30:00Z,65.7,127.52,171.0,SHORT,127.0,aFRR
2026-03-06T12:45:00Z,-1.33,77.69,-509.0,LONG,312.0,aFRR
2026-03-06T13:00:00Z,37.76,71.72,-357.0,LONG,197.0,RR
2026-03-06T13:15:00Z,66.92,74.34,72.0,BALANCED,0,
2026-03-06T13:30:00Z,68.56,73.95,61.0,BALANCED,0,
2026-03-06T13:45:00Z,43.26,77.37,-233.0,LONG,144.0,RR
2026-03-06T14:00:00Z,17.57,80.21,-382.0,LONG,212.0,aFRR
2026-03-06T14:15:00Z,27.13,75.81,-487.0,LONG,259.0,RR
2026-03-06T14:30:00Z,67.48,113.4,280.0,SHORT,153.0,RR
2026-03-06T14:45:00Z,33.97,78.67,-322.0,LONG,176.0,aFRR
2026-03-06T15:00:00Z,70.57,131.46,373.0,SHORT,262.0,aFRR
2026-03-06T15:15:00Z,67.87,108.43,190.0,SHORT,134.0,RR
2026-03-06T15:30:00Z,67.92,99.71,234.0,SHORT,161.0,mFRR
2026-03-06T15:45:00Z,46.46,75.5,-234.0,LONG,134.0,mFRR
2026-03-06T16:00:00Z,71.82,75.68,32.0,BALANCED,0,
2026-03-06T16:15:00Z,69.28,74.38,76.0,BALANCED,0,
2026-03-06T16:30:00Z,50.88,77.01,-136.0,LONG,105.0,aFRR
2026-03-06T16:45:00Z,31.21,77.9,-529.0,LONG,271.0,mFRR
2026-03-06T17:00:00Z,67.99,91.48,326.0,SHORT,224.0,aFRR
2026-03-06T17:15:00Z,65.73,136.9,375.0,SHORT,281.0,mFRR
2026-03-06T17:30:00Z,53.77,75.72,-113.0,LONG,57.0,aFRR
2026-03-06T17:45:00Z,6.24,69.29,-636.0,LONG,405.0,RR
2026-03-06T18:00:00Z,42.91,75.89,-294.0,LONG,182.0,RR
2026-03-06T18:15:00Z,69.94,76.59,-43.0,BALANCED,0,
2026-03-06T18:30:00Z,67.75,100.04,149.0,SHORT,64.0,aFRR
2026-03-06T18:45:00Z,-8.15,81.57,-686.0,LONG,498.0,aFRR
2026-03-06T19:00:00Z,68.45,117.42,187.0,SHORT,104.0,mFRR
2026-03-06T19:15:00Z,66.21,131.12,437.0,SHORT,226.0,aFRR
2026-03-06T19:30:00Z,35.49,71.92,-151.0,LONG,65.0,mFRR
2026-03-06T19:45:00Z,64.86,159.62,550.0,SHORT,318.0,mFRR
2026-03-06T20:00:00Z,-2.82,74.25,-603.0,LONG,203.0,aFRR
2026-03-06T20:15:00Z,38.54,73.48,-196.0,LONG,101.0,mFRR
2026-03-06T20:30:00Z,68.56,78.52,-69.0,BALANCED,0,
2026-03-06T20:45:00Z,8.09,72.0,-351.0,LONG,175.0,RR
2026-03-06T21:00:00Z,68.66,73.7,-73.0,BALANCED,0,
2026-03-06T21:15:00Z,71.8,77.3,40.0,BALANCED,0,
2026-03-06T21:30:00Z,70.27,76.37,13.0,BALANCED,0,
2026-03-06T21:45:00Z,52.47,78.46,-141.0,LONG,59.0,aFRR
2026-03-06T22:00:00Z,67.45,141.67,441.0,SHORT,193.0,aFRR
2026-03-06T22:15:00Z,24.08,81.46,-322.0,LONG,158.0,RR
2026-03-06T22:30:00Z,40.67,78.31,-141.0,LONG,113.0,RR
2026-03-06T22:45:00Z,-2.16,74.64,-602.0,LONG,197.0,aFRR
2026-03-06T23:00:00Z,69.94,123.62,144.0,SHORT,94.0,aFRR
2026-03-06T23:15:00Z,67.14,106.11,317.0,SHORT,190.0,RR
2026-03-06T23:30:00Z,17.24,78.59,-436.0,LONG,310.0,RR
2026-03-06T23:45:00Z,62.93,83.92,219.0,SHORT,151.0,aFRR
2026-03-07T00:00:00Z,66.7,90.77,138.0,SHORT,95.0,mFRR
2026-03-07T00:15:00Z,36.22,78.49,-140.0,LONG,96.0,RR
2026-03-07T00:30:00Z,63.06,137.67,280.0,SHORT,150.0,RR
2026-03-07T00:45:00Z,47.22,73.76,-259.0,LONG,184.0,RR
2026-03-07T01:00:00Z,71.2,118.75,330.0,SHORT,210.0,aFRR
2026-03-07T01:15:00Z,71.42,164.34,648.0,SHORT,293.0,aFRR
2026-03-07T01:30:00Z,18.09,68.83,-456.0,LONG,317.0,mFRR
2026-03-07T01:45:00Z,70.55,75.48,-70.0,BALANCED,0,
2026-03-07T02:00:00Z,43.21,76.63,-109.0,LONG,35.0,RR
2026-03-07T02:15:00Z,17.34,76.27,-487.0,LONG,231.0,mFRR
2026-03-07T02:30:00Z,69.17,136.05,170.0,SHORT,109.0,RR
2026-03-07T02:45:00Z,30.48,78.41,-237.0,LONG,131.0,mFRR
2026-03-07T03:00:00Z,68.89,75.41,-56.0,BALANCED,0,
2026-03-07T03:15:00Z,70.55,76.93,-38.0,BALANCED,0,
2026-03-07T03:30:00Z,61.84,106.77,368.0,SHORT,168.0,aFRR
2026-03-07T03:45:00Z,73.19,95.56,260.0,SHORT,193.0,RR
2026-03-07T04:00:00Z,64.48,83.15,182.0,SHORT,86.0,RR
2026-03-07T04:15:00Z,67.42,75.73,-5.0,BALANCED,0,
2026-03-07T04:30:00Z,69.84,142.17,146.0,SHORT,45.0,RR
2026-03-07T04:45:00Z,-12.87,80.17,-743.0,LONG,391.0,aFRR
2026-03-07T05:00:00Z,65.98,114.41,128.0,SHORT,75.0,aFRR
2026-03-07T05:15:00Z,66.69,78.18,74.0,BALANCED,0,
2026-03-07T05:30:00Z,66.05,100.45,263.0,SHORT,126.0,mFRR
2026-03-07T05:45:00Z,70.28,72.47,-61.0,BALANCED,0,
2026-03-07T06:00:00Z,72.04,75.44,-13.0,BALANCED,0,
2026-03-07T06:15:00Z,45.45,79.81,-160.0,LONG,125.0,aFRR
2026-03-07T06:30:00Z,68.98,74.64,-72.0,BALANCED,0,
2026-03-07T06:45:00Z,19.98,76.46,-455.0,LONG,254.0,aFRR
2026-03-07T07:00:00Z,68.04,125.44,218.0,SHORT,137.0,RR
2026-03-07T07:15:00Z,69.38,76.0,61.0,BALANCED,0,
2026-03-07T07:30:00Z,45.21,75.02,-253.0,LONG,176.0,aFRR
2026-03-07T07:45:00Z,64.08,113.65,385.0,SHORT,128.0,mFRR
2026-03-07T08:00:00Z,69.32,75.21,-10.0,BALANCED,0,
2026-03-07T08:15:00Z,49.25,79.59,-187.0,LONG,146.0,RR
2026-03-07T08:30:00Z,60.97,104.11,111.0,SHORT,50.0,mFRR
2026-03-07T08:45:00Z,36.08,72.88,-196.0,LONG,154.0,RR
2026-03-07T09:00:00Z,52.72,70.24,-123.0,LONG,46.0,mFRR
2026-03-07T09:15:00Z,21.36,74.05,-419.0,LONG,234.0,RR
2026-03-07T09:30:00Z,68.66,137.42,476.0,SHORT,206.0,mFRR
2026-03-07T09:45:00Z,69.7,70.86,44.0,BALANCED,0,
2026-03-07T10:00:00Z,63.69,105.39,133.0,SHORT,93.0,RR
2026-03-07T10:15:00Z,46.15,79.75,-158.0,LONG,64.0,mFRR
2026-03-07T10:30:00Z,61.95,103.11,244.0,SHORT,124.0,mFRR
2026-03-07T10:45:00Z,67.47,99.35,168.0,SHORT,96.0,mFRR
2026-03-07T11:00:00Z,71.41,127.17,440.0,SHORT,183.0,aFRR
2026-03-07T11:15:00Z,46.23,70.35,-130.0,LONG,102.0,mFRR
2026-03-07T11:30:00Z,59.55,79.85,-121.0,LONG,87.0,RR
2026-03-07T11:45:00Z,21.99,78.02,-482.0,LONG,274.0,mFRR
2026-03-07T12:00:00Z,19.27,78.53,-259.0,LONG,114.0,aFRR
2026-03-07T12:15:00Z,46.48,72.89,-186.0,LONG,112.0,RR
2026-03-07T12:30:00Z,-16.23,74.86,-621.0,LONG,384.0,RR
2026-03-07T12:45:00Z,-6.59,76.28,-704.0,LONG,270.0,RR
2026-03-07T13:00:00Z,30.5,76.5,-158.0,LONG,91.0,RR
2026-03-07T13:15:00Z,25.23,79.86,-465.0,LONG,167.0,aFRR
2026-03-07T13:30:00Z,60.96,92.4,215.0,SHORT,138.0,mFRR
2026-03-07T13:45:00Z,16.11,80.8,-402.0,LONG,266.0,RR
2026-03-07T14:00:00Z,36.89,71.02,-236.0,LONG,172.0,aFRR
2026-03-07T14:15:00Z,30.0,78.59,-462.0,LONG,230.0,aFRR
2026-03-07T14:30:00Z,68.9,164.36,530.0,SHORT,283.0,aFRR
2026-03-07T14:45:00Z,68.17,157.18,728.0,SHORT,394.0,mFRR
2026-03-07T15:00:00Z,47.05,75.43,-209.0,LONG,63.0,mFRR
2026-03-07T15:15:00Z,71.94,107.01,173.0,SHORT,101.0,aFRR
2026-03-07T15:30:00Z,67.34,98.56,146.0,SHORT,95.0,RR
2026-03-07T15:45:00Z,63.27,110.23,183.0,SHORT,119.0,mFRR
2026-03-07T16:00:00Z,70.92,77.88,33.0,BALANCED,0,
2026-03-07T16:15:00Z,65.32,75.55,42.0,BALANCED,0,
2026-03-07T16:30:00Z,65.95,83.86,157.0,SHORT,50.0,mFRR
2026-03-07T16:45:00Z,66.44,108.74,197.0,SHORT,88.0,RR
2026-03-07T17:00:00Z,68.74,108.05,274.0,SHORT,210.0,RR
2026-03-07T17:15:00Z,66.41,73.78,-32.0,BALANCED,0,
2026-03-07T17:30:00Z,68.64,70.2,-138.0,LONG,50.0,mFRR
2026-03-07T17:45:00Z,63.26,115.14,165.0,SHORT,88.0,mFRR
2026-03-07T18:00:00Z,71.13,123.71,248.0,SHORT,170.0,RR
2026-03-07T18:15:00Z,63.81,98.44,242.0,SHORT,166.0,RR
2026-03-07T18:30:00Z,69.7,110.66,128.0,SHORT,45.0,aFRR
2026-03-07T18:45:00Z,52.82,77.7,-157.0,LONG,83.0,mFRR
2026-03-07T19:00:00Z,36.26,73.59,-320.0,LONG,146.0,RR
2026-03-07T19:15:00Z,66.0,73.09,10.0,BALANCED,0,
2026-03-07T19:30:00Z,65.97,176.64,848.0,SHORT,479.0,mFRR
2026-03-07T19:45:00Z,65.16,160.95,518.0,SHORT,205.0,aFRR
2026-03-07T20:00:00Z,68.75,136.46,327.0,SHORT,207.0,aFRR
2026-03-07T20:15:00Z,66.21,94.97,365.0,SHORT,193.0,RR
2026-03-07T20:30:00Z,-15.46,76.77,-663.0,LONG,461.0,mFRR
2026-03-07T20:45:00Z,46.03,84.21,-102.0,LONG,37.0,aFRR
2026-03-07T21:00:00Z,72.57,125.65,137.0,SHORT,47.0,mFRR
2026-03-07T21:15:00Z,66.42,77.1,-78.0,BALANCED,0,
2026-03-07T21:30:00Z,68.83,77.06,-32.0,BALANCED,0,
2026-03-07T21:45:00Z,15.4,77.46,-410.0,LONG,143.0,aFRR
2026-03-07T22:00:00Z,64.0,113.66,263.0,SHORT,178.0,mFRR
2026-03-07T22:15:00Z,45.2,77.72,-259.0,LONG,159.0,RR
2026-03-07T22:30:00Z,60.87,150.58,596.0,SHORT,188.0,aFRR
2026-03-07T22:45:00Z,49.98,75.51,-191.0,LONG,137.0,aFRR
2026-03-07T23:00:00Z,-0.24,72.42,-614.0,LONG,227.0,mFRR
2026-03-07T23:15:00Z,63.4,86.7,185.0,SHORT,139.0,mFRR
2026-03-07T23:30:00Z,66.25,78.3,-82.0,BALANCED,0,
2026-03-07T23:45:00Z,63.93,130.78,200.0,SHORT,130.0,mFRR
2026-03-08T00:00:00Z,28.0,73.62,-284.0,LONG,135.0,RR
2026-03-08T00:15:00Z,25.26,77.8,-232.0,LONG,137.0,RR
2026-03-08T00:30:00Z,26.17,79.94,-271.0,LONG,155.0,aFRR
2026-03-08T00:45:00Z,70.41,92.58,184.0,SHORT,133.0,mFRR
2026-03-08T01:00:00Z,68.04,72.93,14.0,BALANCED,0,
2026-03-08T01:15:00Z,9.31,76.95,-504.0,LONG,351.0,mFRR
2026-03-08T01:30:00Z,71.0,74.25,-8.0,BALANCED,0,
2026-03-08T01:45:00Z,64.1,115.61,237.0,SHORT,155.0,mFRR
2026-03-08T02:00:00Z,49.44,76.7,-176.0,LONG,87.0,RR
2026-03-08T02:15:00Z,63.76,105.78,373.0,SHORT,115.0,mFRR
2026-03-08T02:30:00Z,8.03,75.58,-448.0,LONG,144.0,RR
2026-03-08T02:45:00Z,62.39,99.43,194.0,SHORT,97.0,mFRR
2026-03-08T03:00:00Z,71.71,74.16,-40.0,BALANCED,0,
2026-03-08T03:15:00Z,70.64,74.62,90.0,BALANCED,0,
2026-03-08T03:30:00Z,69.98,122.18,332.0,SHORT,102.0,aFRR
2026-03-08T03:45:00Z,71.56,75.73,1.0,BALANCED,0,
2026-03-08T04:00:00Z,67.47,126.32,345.0,SHORT,109.0,RR
2026-03-08T04:15:00Z,62.48,79.12,-148.0,LONG,77.0,RR
2026-03-08T04:30:00Z,67.65,136.52,639.0,SHORT,338.0,aFRR
2026-03-08T04:45:00Z,66.5,92.25,109.0,SHORT,40.0,mFRR
2026-03-08T05:00:00Z,39.92,74.63,-190.0,LONG,104.0,mFRR
2026-03-08T05:15:00Z,67.18,152.16,398.0,SHORT,300.0,RR
2026-03-08T05:30:00Z,69.12,75.7,67.0,BALANCED,0,
2026-03-08T05:45:00Z,69.18,70.25,-6.0,BALANCED,0,
2026-03-08T06:00:00Z,68.5,77.18,-60.0,BALANCED,0,
2026-03-08T06:15:00Z,16.89,79.6,-501.0,LONG,192.0,aFRR
2026-03-08T06:30:00Z,67.58,142.19,349.0,SHORT,138.0,RR
2026-03-08T06:45:00Z,55.12,78.7,-135.0,LONG,44.0,aFRR
2026-03-08T07:00:00Z,66.97,73.56,-7.0,BALANCED,0,
2026-03-08T07:15:00Z,71.84,129.59,278.0,SHORT,109.0,aFRR
2026-03-08T07:30:00Z,71.49,74.22,43.0,BALANCED,0,
2026-03-08T07:45:00Z,62.07,195.12,818.0,SHORT,612.0,mFRR
2026-03-08T08:00:00Z,67.81,74.38,13.0,BALANCED,0,
2026-03-08T08:15:00Z,66.14,101.46,205.0,SHORT,102.0,mFRR
2026-03-08T08:30:00Z,67.06,168.96,541.0,SHORT,229.0,aFRR
2026-03-08T08:45:00Z,45.16,77.98,-127.0,LONG,72.0,mFRR
2026-03-08T09:00:00Z,-1.32,77.87,-702.0,LONG,255.0,RR
2026-03-08T09:15:00Z,44.52,74.16,-103.0,LONG,53.0,RR
2026-03-08T09:30:00Z,21.02,76.14,-326.0,LONG,248.0,aFRR
2026-03-08T09:45:00Z,65.82,151.12,588.0,SHORT,239.0,mFRR
2026-03-08T10:00:00Z,68.93,76.52,-1.0,BALANCED,0,
2026-03-08T10:15:00Z,38.06,75.77,-222.0,LONG,176.0,RR
2026-03-08T10:30:00Z,13.7,81.89,-552.0,LONG,418.0,mFRR
2026-03-08T10:45:00Z,65.52,105.56,163.0,SHORT,95.0,aFRR
2026-03-08T11:00:00Z,67.59,76.05,68.0,BALANCED,0,
2026-03-08T11:15:00Z,40.83,74.75,-207.0,LONG,145.0,aFRR
2026-03-08T11:30:00Z,10.38,67.64,-362.0,LONG,171.0,RR
2026-03-08T11:45:00Z,37.3,71.19,-148.0,LONG,98.0,RR
2026-03-08T12:00:00Z,52.75,73.13,-108.0,LONG,73.0,RR
2026-03-08T12:15:00Z,71.42,75.24,41.0,BALANCED,0,
2026-03-08T12:30:00Z,33.69,74.46,-321.0,LONG,248.0,aFRR
2026-03-08T12:45:00Z,69.97,76.84,81.0,BALANCED,0,
2026-03-08T13:00:00Z,30.03,77.38,-478.0,LONG,177.0,aFRR
2026-03-08T13:15:00Z,68.46,71.42,-56.0,BALANCED,0,
2026-03-08T13:30:00Z,69.39,132.34,400.0,SHORT,186.0,RR
2026-03-08T13:45:00Z,49.24,74.86,-102.0,LONG,38.0,RR
2026-03-08T14:00:00Z,68.1,74.86,49.0,BALANCED,0,
2026-03-08T14:15:00Z,-2.53,74.94,-635.0,LONG,199.0,aFRR
2026-03-08T14:30:00Z,67.13,72.95,-3.0,BALANCED,0,
2026-03-08T14:45:00Z,67.52,74.95,39.0,BALANCED,0,
2026-03-08T15:00:00Z,63.87,110.39,225.0,SHORT,86.0,mFRR
2026-03-08T15:15:00Z,27.6,76.02,-423.0,LONG,168.0,RR
2026-03-08T15:30:00Z,64.74,104.83,184.0,SHORT,71.0,mFRR
2026-03-08T15:45:00Z,70.05,121.29,246.0,SHORT,82.0,mFRR
2026-03-08T16:00:00Z,70.19,75.55,-25.0,BALANCED,0,
2026-03-08T16:15:00Z,64.72,169.7,610.0,SHORT,237.0,mFRR
2026-03-08T16:30:00Z,66.46,74.34,36.0,BALANCED,0,
2026-03-08T16:45:00Z,71.63,89.75,191.0,SHORT,143.0,mFRR
2026-03-08T17:00:00Z,69.91,73.75,98.0,BALANCED,0,
2026-03-08T17:15:00Z,64.35,74.72,-100.0,LONG,49.0,mFRR
2026-03-08T17:30:00Z,70.11,75.06,-16.0,BALANCED,0,
2026-03-08T17:45:00Z,69.79,76.16,-11.0,BALANCED,0,
2026-03-08T18:00:00Z,69.99,75.8,-88.0,BALANCED,0,
2026-03-08T18:15:00Z,63.41,134.88,555.0,SHORT,420.0,mFRR
2026-03-08T18:30:00Z,21.27,77.6,-412.0,LONG,174.0,mFRR
2026-03-08T18:45:00Z,64.73,73.04,5.0,BALANCED,0,
2026-03-08T19:00:00Z,68.75,73.01,70.0,BALANCED,0,
2026-03-08T19:15:00Z,68.47,73.51,38.0,BALANCED,0,
2026-03-08T19:30:00Z,68.56,147.75,357.0,SHORT,119.0,RR
2026-03-08T19:45:00Z,60.72,150.58,452.0,SHORT,330.0,mFRR
2026-03-08T20:00:00Z,63.54,132.35,202.0,SHORT,109.0,mFRR
2026-03-08T20:15:00Z,70.44,74.63,-50.0,BALANCED,0,
2026-03-08T20:30:00Z,37.38,77.34,-233.0,LONG,156.0,RR
2026-03-08T20:45:00Z,67.64,117.06,210.0,SHORT,77.0,RR
2026-03-08T21:00:00Z,68.12,131.98,313.0,SHORT,125.0,aFRR
2026-03-08T21:15:00Z,66.42,130.68,125.0,SHORT,50.0,RR
2026-03-08T21:30:00Z,69.01,74.07,-15.0,BALANCED,0,
2026-03-08T21:45:00Z,66.12,111.31,261.0,SHORT,94.0,RR
2026-03-08T22:00:00Z,32.98,78.89,-299.0,LONG,121.0,mFRR
2026-03-08T22:15:00Z,65.65,95.25,167.0,SHORT,84.0,aFRR
2026-03-08T22:30:00Z,46.2,75.0,-212.0,LONG,123.0,RR
2026-03-08T22:45:00Z,66.94,115.09,126.0,SHORT,59.0,mFRR
2026-03-08T23:00:00Z,29.13,76.08,-305.0,LONG,222.0,aFRR
2026-03-08T23:15:00Z,46.99,76.03,-124.0,LONG,77.0,mFRR
2026-03-08T23:30:00Z,65.09,105.08,158.0,SHORT,77.0,RR
2026-03-08T23:45:00Z,73.22,149.97,389.0,SHORT,285.0,RR
2026-03-09T00:00:00Z,2.62,77.7,-585.0,LONG,249.0,mFRR
2026-03-09T00:15:00Z,65.29,133.18,508.0,SHORT,315.0,RR
2026-03-09T00:30:00Z,32.27,80.29,-196.0,LONG,107.0,mFRR
2026-03-09T00:45:00Z,40.8,79.75,-145.0,LONG,60.0,mFRR
2026-03-09T01:00:00Z,31.97,76.54,-266.0,LONG,157.0,mFRR
2026-03-09T01:15:00Z,69.38,143.01,317.0,SHORT,198.0,aFRR
2026-03-09T01:30:00Z,68.4,72.33,61.0,BALANCED,0,
2026-03-09T01:45:00Z,67.54,68.76,-52.0,BALANCED,0,
2026-03-09T02:00:00Z,64.93,123.67,158.0,SHORT,99.0,aFRR
2026-03-09T02:15:00Z,51.36,75.45,-226.0,LONG,129.0,mFRR
2026-03-09T02:30:00Z,71.7,74.04,-90.0,BALANCED,0,
2026-03-09T02:45:00Z,39.04,76.46,-189.0,LONG,83.0,aFRR
2026-03-09T03:00:00Z,66.37,77.86,-77.0,BALANCED,0,
2026-03-09T03:15:00Z,65.2,135.95,106.0,SHORT,76.0,RR
2026-03-09T03:30:00Z,53.3,72.89,-111.0,LONG,81.0,RR
2026-03-09T03:45:00Z,68.97,109.16,240.0,SHORT,74.0,aFRR
2026-03-09T04:00:00Z,68.42,70.59,49.0,BALANCED,0,
2026-03-09T04:15:00Z,31.69,77.92,-299.0,LONG,97.0,mFRR
2026-03-09T04:30:00Z,71.25,77.13,-34.0,BALANCED,0,
2026-03-09T04:45:00Z,68.3,73.51,16.0,BALANCED,0,
2026-03-09T05:00:00Z,39.55,85.04,-174.0,LONG,89.0,RR
2026-03-09T05:15:00Z,71.16,73.89,-57.0,BALANCED,0,
2026-03-09T05:30:00Z,64.54,128.8,285.0,SHORT,119.0,RR
2026-03-09T05:45:00Z,70.24,71.82,-53.0,BALANCED,0,
2026-03-09T06:00:00Z,69.16,74.74,13.0,BALANCED,0,
2026-03-09T06:15:00Z,46.8,71.28,-189.0,LONG,90.0,mFRR
2026-03-09T06:30:00Z,17.75,77.0,-505.0,LONG,395.0,aFRR
2026-03-09T06:45:00Z,65.45,155.19,592.0,SHORT,346.0,RR
2026-03-09T07:00:00Z,66.41,122.26,211.0,SHORT,156.0,mFRR
2026-03-09T07:15:00Z,40.93,77.46,-152.0,LONG,49.0,mFRR
2026-03-09T07:30:00Z,65.9,131.35,186.0,SHORT,143.0,aFRR
2026-03-09T07:45:00Z,63.7,128.15,490.0,SHORT,194.0,mFRR
2026-03-09T08:00:00Z,12.05,77.31,-350.0,LONG,272.0,aFRR
2026-03-09T08:15:00Z,66.89,102.18,153.0,SHORT,75.0,mFRR
2026-03-09T08:30:00Z,-5.27,74.38,-696.0,LONG,294.0,RR
2026-03-09T08:45:00Z,49.64,80.81,-155.0,LONG,76.0,RR
2026-03-09T09:00:00Z,72.54,99.62,155.0,SHORT,115.0,RR
2026-03-09T09:15:00Z,68.44,74.65,-31.0,BALANCED,0,
2026-03-09T09:30:00Z,20.69,78.99,-455.0,LONG,245.0,aFRR
2026-03-09T09:45:00Z,68.29,75.28,-74.0,BALANCED,0,
2026-03-09T10:00:00Z,68.65,74.64,-69.0,BALANCED,0,
2026-03-09T10:15:00Z,67.73,120.68,247.0,SHORT,106.0,RR
2026-03-09T10:30:00Z,36.39,76.41,-247.0,LONG,102.0,aFRR
2026-03-09T10:45:00Z,69.73,75.22,30.0,BALANCED,0,
2026-03-09T11:00:00Z,65.27,121.24,260.0,SHORT,194.0,RR
2026-03-09T11:15:00Z,64.86,165.01,730.0,SHORT,572.0,RR
2026-03-09T11:30:00Z,64.12,84.83,156.0,SHORT,119.0,RR
2026-03-09T11:45:00Z,67.08,125.71,183.0,SHORT,140.0,aFRR
2026-03-09T12:00:00Z,55.48,78.23,-179.0,LONG,94.0,aFRR
2026-03-09T12:15:00Z,70.97,75.68,-3.0,BALANCED,0,
2026-03-09T12:30:00Z,64.08,122.53,189.0,SHORT,109.0,RR
2026-03-09T12:45:00Z,53.46,73.98,-130.0,LONG,40.0,mFRR
2026-03-09T13:00:00Z,65.68,190.57,1010.0,SHORT,595.0,aFRR
2026-03-09T13:15:00Z,69.85,74.1,14.0,BALANCED,0,
2026-03-09T13:30:00Z,70.35,73.54,-66.0,BALANCED,0,
2026-03-09T13:45:00Z,68.14,74.56,95.0,BALANCED,0,
2026-03-09T14:00:00Z,70.09,74.92,41.0,BALANCED,0,
2026-03-09T14:15:00Z,71.7,138.4,372.0,SHORT,194.0,RR
2026-03-09T14:30:00Z,69.28,141.78,385.0,SHORT,152.0,aFRR
2026-03-09T14:45:00Z,68.22,116.42,227.0,SHORT,100.0,mFRR
2026-03-09T15:00:00Z,67.45,124.6,572.0,SHORT,420.0,aFRR
2026-03-09T15:15:00Z,43.38,72.45,-220.0,LONG,150.0,RR
2026-03-09T15:30:00Z,68.46,94.03,169.0,SHORT,114.0,mFRR
2026-03-09T15:45:00Z,54.27,75.52,-182.0,LONG,134.0,mFRR
2026-03-09T16:00:00Z,-4.91,80.63,-588.0,LONG,297.0,aFRR
2026-03-09T16:15:00Z,52.06,77.45,-108.0,LONG,79.0,RR
2026-03-09T16:30:00Z,63.52,184.99,1063.0,SHORT,321.0,aFRR
2026-03-09T16:45:00Z,68.38,76.92,10.0,BALANCED,0,
2026-03-09T17:00:00Z,68.76,77.05,236.0,SHORT,79.0,aFRR
2026-03-09T17:15:00Z,35.13,78.86,-238.0,LONG,108.0,aFRR
2026-03-09T17:30:00Z,67.96,107.54,348.0,SHORT,230.0,aFRR
2026-03-09T17:45:00Z,70.1,72.86,7.0,BALANCED,0,
2026-03-09T18:00:00Z,64.83,129.35,367.0,SHORT,203.0,mFRR
2026-03-09T18:15:00Z,66.76,96.97,127.0,SHORT,73.0,aFRR
2026-03-09T18:30:00Z,67.94,110.9,199.0,SHORT,69.0,aFRR
2026-03-09T18:45:00Z,69.79,74.02,-30.0,BALANCED,0,
2026-03-09T19:00:00Z,17.27,81.36,-537.0,LONG,347.0,RR
2026-03-09T19:15:00Z,68.99,103.07,250.0,SHORT,156.0,RR
2026-03-09T19:30:00Z,20.03,77.61,-413.0,LONG,316.0,RR
2026-03-09T19:45:00Z,65.96,76.21,-7.0,BALANCED,0,
2026-03-09T20:00:00Z,50.9,79.7,-129.0,LONG,54.0,aFRR
2026-03-09T20:15:00Z,71.65,75.0,-13.0,BALANCED,0,
2026-03-09T20:30:00Z,49.32,81.04,-116.0,LONG,50.0,mFRR
2026-03-09T20:45:00Z,64.7,85.63,122.0,SHORT,39.0,mFRR
2026-03-09T21:00:00Z,71.02,75.55,-8.0,BALANCED,0,
2026-03-09T21:15:00Z,31.89,71.07,-293.0,LONG,199.0,mFRR
2026-03-09T21:30:00Z,19.2,73.16,-317.0,LONG,231.0,RR
2026-03-09T21:45:00Z,68.08,115.28,407.0,SHORT,143.0,RR
2026-03-09T22:00:00Z,66.51,74.98,-66.0,BALANCED,0,
2026-03-09T22:15:00Z,65.85,74.45,71.0,BALANCED,0,
2026-03-09T22:30:00Z,70.81,76.51,48.0,BALANCED,0,
2026-03-09T22:45:00Z,31.92,79.28,-338.0,LONG,227.0,aFRR
2026-03-09T23:00:00Z,70.73,76.36,-24.0,BALANCED,0,
2026-03-09T23:15:00Z,0.0,71.72,-608.0,LONG,466.0,RR
2026-03-09T23:30:00Z,41.53,75.4,-159.0,LONG,100.0,RR
2026-03-09T23:45:00Z,65.65,112.48,146.0,SHORT,73.0,mFRR
2026-03-10T00:00:00Z,66.7,112.6,202.0,SHORT,77.0,mFRR
2026-03-10T00:15:00Z,63.09,129.73,182.0,SHORT,135.0,aFRR
2026-03-10T00:30:00Z,65.66,75.6,-13.0,BALANCED,0,
2026-03-10T00:45:00Z,-34.77,75.99,-913.0,LONG,539.0,RR
2026-03-10T01:00:00Z,70.06,72.76,-62.0,BALANCED,0,
2026-03-10T01:15:00Z,66.57,115.53,304.0,SHORT,131.0,mFRR
2026-03-10T01:30:00Z,64.36,113.17,106.0,SHORT,83.0,aFRR
2026-03-10T01:45:00Z,67.89,74.54,-70.0,BALANCED,0,
2026-03-10T02:00:00Z,17.31,78.57,-402.0,LONG,137.0,mFRR
2026-03-10T02:15:00Z,67.33,112.83,213.0,SHORT,161.0,RR
2026-03-10T02:30:00Z,-16.65,70.75,-664.0,LONG,221.0,RR
2026-03-10T02:45:00Z,68.71,75.49,-12.0,BALANCED,0,
2026-03-10T03:00:00Z,71.77,73.03,14.0,BALANCED,0,
2026-03-10T03:15:00Z,24.53,76.8,-221.0,LONG,128.0,mFRR
2026-03-10T03:30:00Z,20.78,77.19,-316.0,LONG,175.0,RR
2026-03-10T03:45:00Z,68.67,73.91,58.0,BALANCED,0,
2026-03-10T04:00:00Z,64.55,125.09,224.0,SHORT,172.0,mFRR
2026-03-10T04:15:00Z,63.63,85.99,143.0,SHORT,76.0,RR
2026-03-10T04:30:00Z,68.92,103.83,245.0,SHORT,106.0,RR
2026-03-10T04:45:00Z,67.89,171.47,598.0,SHORT,401.0,mFRR
2026-03-10T05:00:00Z,70.61,129.28,428.0,SHORT,226.0,RR
2026-03-10T05:15:00Z,-3.39,77.35,-761.0,LONG,442.0,RR
2026-03-10T05:30:00Z,69.2,124.87,513.0,SHORT,382.0,RR
2026-03-10T05:45:00Z,32.57,77.09,-192.0,LONG,94.0,mFRR
2026-03-10T06:00:00Z,68.65,75.49,-98.0,BALANCED,0,
2026-03-10T06:15:00Z,71.33,77.12,-1.0,BALANCED,0,
2026-03-10T06:30:00Z,49.7,78.91,-138.0,LONG,55.0,mFRR
2026-03-10T06:45:00Z,71.14,73.85,35.0,BALANCED,0,
2026-03-10T07:00:00Z,36.75,81.76,-191.0,LONG,69.0,mFRR
2026-03-10T07:15:00Z,40.0,75.48,-199.0,LONG,113.0,mFRR
2026-03-10T07:30:00Z,65.56,109.95,148.0,SHORT,75.0,aFRR
2026-03-10T07:45:00Z,5.14,75.26,-556.0,LONG,171.0,RR
2026-03-10T08:00:00Z,64.09,145.81,405.0,SHORT,136.0,RR
2026-03-10T08:15:00Z,67.91,157.52,557.0,SHORT,440.0,mFRR
2026-03-10T08:30:00Z,39.54,75.25,-257.0,LONG,150.0,RR
2026-03-10T08:45:00Z,63.27,137.42,233.0,SHORT,89.0,mFRR
2026-03-10T09:00:00Z,40.93,78.16,-331.0,LONG,131.0,mFRR
2026-03-10T09:15:00Z,40.03,79.53,-148.0,LONG,88.0,aFRR
2026-03-10T09:30:00Z,69.02,128.56,226.0,SHORT,126.0,RR
2026-03-10T09:45:00Z,69.64,78.52,-62.0,BALANCED,0,
2026-03-10T10:00:00Z,33.08,77.96,-280.0,LONG,132.0,RR
2026-03-10T10:15:00Z,34.01,77.37,-182.0,LONG,127.0,RR
2026-03-10T10:30:00Z,70.28,110.26,228.0,SHORT,107.0,RR
2026-03-10T10:45:00Z,67.0,117.31,299.0,SHORT,176.0,RR
2026-03-10T11:00:00Z,39.59,83.21,-112.0,LONG,54.0,mFRR
2026-03-10T11:15:00Z,34.29,72.94,-354.0,LONG,198.0,RR
2026-03-10T11:30:00Z,41.82,74.26,-331.0,LONG,218.0,aFRR
2026-03-10T11:45:00Z,27.41,76.26,-522.0,LONG,200.0,aFRR
2026-03-10T12:00:00Z,69.77,136.18,433.0,SHORT,296.0,aFRR
2026-03-10T12:15:00Z,68.22,73.51,69.0,BALANCED,0,
2026-03-10T12:30:00Z,69.37,71.54,46.0,BALANCED,0,
2026-03-10T12:45:00Z,74.3,118.92,336.0,SHORT,191.0,RR
2026-03-10T13:00:00Z,23.88,85.09,-460.0,LONG,196.0,RR
2026-03-10T13:15:00Z,70.0,74.98,-68.0,BALANCED,0,
2026-03-10T13:30:00Z,36.46,77.48,-287.0,LONG,148.0,mFRR
2026-03-10T13:45:00Z,65.43,142.7,489.0,SHORT,224.0,mFRR
2026-03-10T14:00:00Z,-1.86,78.07,-495.0,LONG,294.0,RR
2026-03-10T14:15:00Z,65.22,72.4,70.0,BALANCED,0,
2026-03-10T14:30:00Z,33.14,76.08,-341.0,LONG,184.0,RR
2026-03-10T14:45:00Z,69.64,113.52,347.0,SHORT,150.0,mFRR
2026-03-10T15:00:00Z,64.86,78.36,196.0,SHORT,103.0,RR
2026-03-10T15:15:00Z,30.75,78.84,-410.0,LONG,257.0,mFRR
2026-03-10T15:30:00Z,72.81,78.02,-95.0,BALANCED,0,
2026-03-10T15:45:00Z,-41.4,74.77,-856.0,LONG,618.0,RR
2026-03-10T16:00:00Z,41.14,77.75,-116.0,LONG,45.0,RR
2026-03-10T16:15:00Z,50.09,74.96,-135.0,LONG,106.0,RR
2026-03-10T16:30:00Z,3.84,77.43,-505.0,LONG,278.0,mFRR
2026-03-10T16:45:00Z,67.45,74.4,-54.0,BALANCED,0,
2026-03-10T17:00:00Z,21.51,77.66,-345.0,LONG,227.0,RR
2026-03-10T17:15:00Z,69.37,76.35,-10.0,BALANCED,0,
2026-03-10T17:30:00Z,34.22,76.92,-214.0,LONG,134.0,mFRR
2026-03-10T17:45:00Z,66.21,75.66,-5.0,BALANCED,0,
2026-03-10T18:00:00Z,69.35,75.5,-93.0,BALANCED,0,
2026-03-10T18:15:00Z,73.03,163.11,460.0,SHORT,299.0,RR
2026-03-10T18:30:00Z,70.97,75.78,78.0,BALANCED,0,
2026-03-10T18:45:00Z,66.29,98.53,135.0,SHORT,76.0,RR
2026-03-10T19:00:00Z,66.24,130.35,112.0,SHORT,52.0,RR
2026-03-10T19:15:00Z,65.87,87.79,229.0,SHORT,95.0,aFRR
2026-03-10T19:30:00Z,64.23,106.93,218.0,SHORT,163.0,RR
2026-03-10T19:45:00Z,67.82,75.12,52.0,BALANCED,0,
2026-03-10T20:00:00Z,71.07,141.86,470.0,SHORT,354.0,mFRR
2026-03-10T20:15:00Z,-17.76,74.11,-606.0,LONG,483.0,RR
2026-03-10T20:30:00Z,-0.73,79.26,-480.0,LONG,176.0,mFRR
2026-03-10T20:45:00Z,44.44,76.63,-275.0,LONG,205.0,aFRR
2026-03-10T21:00:00Z,9.56,78.98,-426.0,LONG,295.0,aFRR
2026-03-10T21:15:00Z,51.35,76.84,-105.0,LONG,67.0,RR
2026-03-10T21:30:00Z,62.83,175.32,531.0,SHORT,342.0,RR
2026-03-10T21:45:00Z,69.56,75.37,72.0,BALANCED,0,
2026-03-10T22:00:00Z,20.53,78.33,-457.0,LONG,242.0,mFRR
2026-03-10T22:15:00Z,51.33,71.72,-174.0,LONG,55.0,RR
2026-03-10T22:30:00Z,63.83,118.39,327.0,SHORT,145.0,RR
2026-03-10T22:45:00Z,18.84,75.05,-362.0,LONG,176.0,RR
2026-03-10T23:00:00Z,64.24,130.45,234.0,SHORT,128.0,mFRR
2026-03-10T23:15:00Z,67.71,99.28,238.0,SHORT,109.0,RR
2026-03-10T23:30:00Z,67.66,109.83,124.0,SHORT,93.0,aFRR
2026-03-10T23:45:00Z,65.78,77.3,31.0,BALANCED,0,
2026-03-11T00:00:00Z,65.96,74.78,-59.0,BALANCED,0,
2026-03-11T00:15:00Z,16.67,76.54,-321.0,LONG,225.0,aFRR
2026-03-11T00:30:00Z,40.19,75.93,-203.0,LONG,109.0,mFRR
2026-03-11T00:45:00Z,44.36,70.83,-292.0,LONG,139.0,mFRR
2026-03-11T01:00:00Z,71.39,77.27,43.0,BALANCED,0,
2026-03-11T01:15:00Z,60.12,76.15,-108.0,LONG,72.0,aFRR
2026-03-11T01:30:00Z,68.99,109.02,154.0,SHORT,56.0,mFRR
2026-03-11T01:45:00Z,52.23,79.78,-196.0,LONG,96.0,aFRR
2026-03-11T02:00:00Z,67.38,147.58,639.0,SHORT,205.0,aFRR
2026-03-11T02:15:00Z,65.19,117.55,104.0,SHORT,83.0,aFRR
2026-03-11T02:30:00Z,67.45,115.35,156.0,SHORT,112.0,aFRR
2026-03-11T02:45:00Z,36.75,73.65,-224.0,LONG,162.0,RR
2026-03-11T03:00:00Z,29.5,79.8,-445.0,LONG,167.0,aFRR
2026-03-11T03:15:00Z,71.23,123.77,138.0,SHORT,96.0,mFRR
2026-03-11T03:30:00Z,69.36,73.4,-90.0,BALANCED,0,
2026-03-11T03:45:00Z,60.82,117.96,267.0,SHORT,84.0,mFRR
2026-03-11T04:00:00Z,67.58,126.71,289.0,SHORT,187.0,mFRR
2026-03-11T04:15:00Z,66.42,143.11,392.0,SHORT,300.0,aFRR
2026-03-11T04:30:00Z,69.5,106.99,103.0,SHORT,47.0,aFRR
2026-03-11T04:45:00Z,72.45,72.07,29.0,BALANCED,0,
2026-03-11T05:00:00Z,68.55,138.79,255.0,SHORT,165.0,mFRR
2026-03-11T05:15:00Z,38.48,74.64,-184.0,LONG,60.0,RR
2026-03-11T05:30:00Z,68.52,75.44,39.0,BALANCED,0,
2026-03-11T05:45:00Z,45.08,76.04,-143.0,LONG,81.0,RR
2026-03-11T06:00:00Z,42.33,76.71,-190.0,LONG,126.0,RR
2026-03-11T06:15:00Z,69.38,141.04,448.0,SHORT,276.0,RR
2026-03-11T06:30:00Z,25.88,78.91,-449.0,LONG,235.0,mFRR
2026-03-11T06:45:00Z,25.74,78.73,-309.0,LONG,204.0,mFRR
2026-03-11T07:00:00Z,-39.48,78.21,-990.0,LONG,377.0,RR
2026-03-11T07:15:00Z,66.0,124.81,351.0,SHORT,131.0,aFRR
2026-03-11T07:30:00Z,67.88,104.92,171.0,SHORT,64.0,RR
2026-03-11T07:45:00Z,43.11,79.77,-220.0,LONG,139.0,RR
2026-03-11T08:00:00Z,67.47,76.96,-24.0,BALANCED,0,
2026-03-11T08:15:00Z,70.37,77.75,-49.0,BALANCED,0,
2026-03-11T08:30:00Z,67.46,133.24,289.0,SHORT,132.0,aFRR
2026-03-11T08:45:00Z,67.12,117.03,557.0,SHORT,347.0,aFRR
2026-03-11T09:00:00Z,28.2,80.43,-327.0,LONG,200.0,RR
2026-03-11T09:15:00Z,-1.73,74.87,-630.0,LONG,408.0,RR
2026-03-11T09:30:00Z,67.13,153.32,762.0,SHORT,375.0,aFRR
2026-03-11T09:45:00Z,69.06,120.72,276.0,SHORT,98.0,aFRR
2026-03-11T10:00:00Z,40.71,74.45,-104.0,LONG,76.0,mFRR
2026-03-11T10:15:00Z,52.06,73.25,-207.0,LONG,73.0,aFRR
2026-03-11T10:30:00Z,-11.86,68.0,-690.0,LONG,534.0,RR
2026-03-11T10:45:00Z,67.98,128.44,287.0,SHORT,141.0,RR
2026-03-11T11:00:00Z,24.07,75.97,-477.0,LONG,145.0,RR
2026-03-11T11:15:00Z,23.72,78.45,-382.0,LONG,238.0,aFRR
2026-03-11T11:30:00Z,65.85,73.21,-4.0,BALANCED,0,
2026-03-11T11:45:00Z,67.62,76.46,-32.0,BALANCED,0,
2026-03-11T12:00:00Z,65.3,109.9,361.0,SHORT,278.0,RR
2026-03-11T12:15:00Z,25.37,78.25,-268.0,LONG,145.0,aFRR
2026-03-11T12:30:00Z,68.79,74.89,75.0,BALANCED,0,
2026-03-11T12:45:00Z,50.32,71.3,-110.0,LONG,83.0,mFRR
2026-03-11T13:00:00Z,67.34,74.91,-62.0,BALANCED,0,
2026-03-11T13:15:00Z,69.92,73.25,25.0,BALANCED,0,
2026-03-11T13:30:00Z,27.05,75.87,-235.0,LONG,76.0,mFRR
2026-03-11T13:45:00Z,37.34,79.29,-302.0,LONG,233.0,RR
2026-03-11T14:00:00Z,69.81,115.56,484.0,SHORT,177.0,RR
2026-03-11T14:15:00Z,28.75,73.73,-371.0,LONG,143.0,RR
2026-03-11T14:30:00Z,64.63,106.79,234.0,SHORT,118.0,RR
2026-03-11T14:45:00Z,37.05,75.27,-296.0,LONG,134.0,aFRR
2026-03-11T15:00:00Z,68.12,137.82,515.0,SHORT,290.0,mFRR
2026-03-11T15:15:00Z,69.62,107.04,146.0,SHORT,77.0,RR
2026-03-11T15:30:00Z,65.97,108.72,168.0,SHORT,113.0,RR
2026-03-11T15:45:00Z,67.78,133.61,295.0,SHORT,133.0,RR
2026-03-11T16:00:00Z,-26.17,80.51,-872.0,LONG,561.0,RR
2026-03-11T16:15:00Z,70.52,76.36,-18.0,BALANCED,0,
2026-03-11T16:30:00Z,65.6,109.02,326.0,SHORT,160.0,RR
2026-03-11T16:45:00Z,32.44,81.09,-321.0,LONG,131.0,aFRR
2026-03-11T17:00:00Z,39.73,80.55,-196.0,LONG,69.0,aFRR
2026-03-11T17:15:00Z,38.57,75.39,-206.0,LONG,118.0,mFRR
2026-03-11T17:30:00Z,69.97,75.48,-83.0,BALANCED,0,
2026-03-11T17:45:00Z,65.26,118.97,118.0,SHORT,48.0,aFRR
2026-03-11T18:00:00Z,69.97,76.83,-63.0,BALANCED,0,
2026-03-11T18:15:00Z,66.26,73.28,-51.0,BALANCED,0,
2026-03-11T18:30:00Z,66.76,121.56,491.0,SHORT,267.0,aFRR
2026-03-11T18:45:00Z,22.65,76.66,-447.0,LONG,230.0,mFRR
2026-03-11T19:00:00Z,64.4,74.68,-13.0,BALANCED,0,
2026-03-11T19:15:00Z,67.21,182.44,913.0,SHORT,365.0,mFRR
2026-03-11T19:30:00Z,68.6,77.53,75.0,BALANCED,0,
2026-03-11T19:45:00Z,68.54,135.36,223.0,SHORT,124.0,aFRR
2026-03-11T20:00:00Z,3.15,75.52,-469.0,LONG,307.0,RR
2026-03-11T20:15:00Z,44.07,73.78,-116.0,LONG,90.0,RR
2026-03-11T20:30:00Z,37.8,76.22,-230.0,LONG,94.0,aFRR
2026-03-11T20:45:00Z,67.45,75.15,65.0,BALANCED,0,
2026-03-11T21:00:00Z,70.24,75.0,96.0,BALANCED,0,
2026-03-11T21:15:00Z,68.54,75.61,-1.0,BALANCED,0,
2026-03-11T21:30:00Z,66.84,116.9,200.0,SHORT,137.0,aFRR
2026-03-11T21:45:00Z,53.7,74.3,-110.0,LONG,83.0,aFRR
2026-03-11T22:00:00Z,39.55,77.95,-331.0,LONG,227.0,mFRR
2026-03-11T22:15:00Z,72.32,74.17,-42.0,BALANCED,0,
2026-03-11T22:30:00Z,-1.42,74.32,-545.0,LONG,177.0,aFRR
2026-03-11T22:45:00Z,69.22,77.7,18.0,BALANCED,0,
2026-03-11T23:00:00Z,74.05,149.09,164.0,SHORT,65.0,RR
2026-03-11T23:15:00Z,69.94,74.28,32.0,BALANCED,0,
2026-03-11T23:30:00Z,34.13,78.18,-246.0,LONG,98.0,mFRR
2026-03-11T23:45:00Z,39.51,80.55,-121.0,LONG,82.0,aFRR
2026-03-12T00:00:00Z,13.01,83.89,-412.0,LONG,263.0,RR
2026-03-12T00:15:00Z,65.19,91.92,165.0,SHORT,83.0,RR
2026-03-12T00:30:00Z,35.3,76.47,-289.0,LONG,167.0,mFRR
2026-03-12T00:45:00Z,67.5,74.12,-19.0,BALANCED,0,
2026-03-12T01:00:00Z,43.7,77.54,-306.0,LONG,195.0,aFRR
2026-03-12T01:15:00Z,48.18,77.69,-101.0,LONG,72.0,aFRR
2026-03-12T01:30:00Z,64.78,114.61,115.0,SHORT,88.0,mFRR
2026-03-12T01:45:00Z,67.16,103.62,102.0,SHORT,53.0,mFRR
2026-03-12T02:00:00Z,66.16,123.16,206.0,SHORT,97.0,aFRR
2026-03-12T02:15:00Z,69.37,103.97,185.0,SHORT,130.0,aFRR
2026-03-12T02:30:00Z,68.46,74.91,66.0,BALANCED,0,
2026-03-12T02:45:00Z,65.65,124.42,141.0,SHORT,107.0,RR
2026-03-12T03:00:00Z,65.63,112.76,192.0,SHORT,75.0,aFRR
2026-03-12T03:15:00Z,67.08,173.08,614.0,SHORT,238.0,RR
2026-03-12T03:30:00Z,-41.35,76.21,-1116.0,LONG,462.0,mFRR
2026-03-12T03:45:00Z,62.48,124.02,189.0,SHORT,63.0,aFRR
2026-03-12T04:00:00Z,67.13,74.53,-25.0,BALANCED,0,
2026-03-12T04:15:00Z,33.8,78.88,-199.0,LONG,144.0,mFRR
2026-03-12T04:30:00Z,63.89,110.06,185.0,SHORT,70.0,RR
2026-03-12T04:45:00Z,30.83,73.78,-247.0,LONG,98.0,RR
2026-03-12T05:00:00Z,27.5,81.64,-348.0,LONG,264.0,RR
2026-03-12T05:15:00Z,67.35,75.8,-43.0,BALANCED,0,
2026-03-12T05:30:00Z,70.04,77.35,-81.0,BALANCED,0,
2026-03-12T05:45:00Z,71.21,73.03,-96.0,BALANCED,0,
2026-03-12T06:00:00Z,7.08,79.18,-452.0,LONG,167.0,aFRR
2026-03-12T06:15:00Z,68.29,140.28,274.0,SHORT,113.0,aFRR
2026-03-12T06:30:00Z,63.28,74.69,80.0,BALANCED,0,
2026-03-12T06:45:00Z,73.92,76.24,-48.0,BALANCED,0,
2026-03-12T07:00:00Z,65.98,151.93,570.0,SHORT,405.0,mFRR
2026-03-12T07:15:00Z,68.06,80.94,127.0,SHORT,66.0,aFRR
2026-03-12T07:30:00Z,36.47,78.96,-290.0,LONG,108.0,RR
2026-03-12T07:45:00Z,51.8,75.15,-124.0,LONG,43.0,aFRR
2026-03-12T08:00:00Z,63.89,91.4,112.0,SHORT,68.0,aFRR
2026-03-12T08:15:00Z,34.37,79.52,-316.0,LONG,206.0,mFRR
2026-03-12T08:30:00Z,52.35,77.85,-180.0,LONG,124.0,aFRR
2026-03-12T08:45:00Z,66.79,73.62,-21.0,BALANCED,0,
2026-03-12T09:00:00Z,47.12,78.54,-179.0,LONG,97.0,mFRR
2026-03-12T09:15:00Z,73.58,124.77,257.0,SHORT,150.0,aFRR
2026-03-12T09:30:00Z,69.75,73.94,-22.0,BALANCED,0,
2026-03-12T09:45:00Z,67.26,75.09,92.0,BALANCED,0,
2026-03-12T10:00:00Z,67.68,75.72,56.0,BALANCED,0,
2026-03-12T10:15:00Z,66.2,110.15,294.0,SHORT,121.0,RR
2026-03-12T10:30:00Z,68.66,76.3,56.0,BALANCED,0,
2026-03-12T10:45:00Z,72.42,73.94,73.0,BALANCED,0,
2026-03-12T11:00:00Z,41.79,81.87,-160.0,LONG,55.0,RR
2026-03-12T11:15:00Z,70.78,75.99,32.0,BALANCED,0,
2026-03-12T11:30:00Z,52.18,77.67,-178.0,LONG,56.0,aFRR
2026-03-12T11:45:00Z,7.89,75.54,-587.0,LONG,267.0,aFRR
2026-03-12T12:00:00Z,-14.45,76.97,-662.0,LONG,437.0,aFRR
2026-03-12T12:15:00Z,68.64,118.49,306.0,SHORT,158.0,aFRR
2026-03-12T12:30:00Z,67.53,99.99,119.0,SHORT,87.0,aFRR
2026-03-12T12:45:00Z,68.32,74.7,91.0,BALANCED,0,
2026-03-12T13:00:00Z,29.67,73.32,-372.0,LONG,162.0,aFRR
2026-03-12T13:15:00Z,69.83,74.63,88.0,BALANCED,0,
2026-03-12T13:30:00Z,69.32,127.76,310.0,SHORT,115.0,RR
2026-03-12T13:45:00Z,69.54,172.08,709.0,SHORT,485.0,RR
2026-03-12T14:00:00Z,24.14,73.81,-316.0,LONG,140.0,aFRR
2026-03-12T14:15:00Z,62.14,74.2,-104.0,LONG,70.0,aFRR
2026-03-12T14:30:00Z,71.35,74.58,84.0,BALANCED,0,
2026-03-12T14:45:00Z,21.28,77.19,-460.0,LONG,228.0,aFRR
2026-03-12T15:00:00Z,66.47,77.68,150.0,SHORT,49.0,RR
2026-03-12T15:15:00Z,65.38,119.29,267.0,SHORT,133.0,mFRR
2026-03-12T15:30:00Z,68.02,74.58,69.0,BALANCED,0,
2026-03-12T15:45:00Z,50.35,80.16,-103.0,LONG,62.0,mFRR
2026-03-12T16:00:00Z,40.02,83.66,-202.0,LONG,69.0,aFRR
2026-03-12T16:15:00Z,70.45,75.45,69.0,BALANCED,0,
2026-03-12T16:30:00Z,66.02,72.49,197.0,SHORT,94.0,aFRR
2026-03-12T16:45:00Z,68.31,85.64,165.0,SHORT,100.0,aFRR
2026-03-12T17:00:00Z,65.17,118.2,425.0,SHORT,225.0,RR
2026-03-12T17:15:00Z,63.21,87.23,221.0,SHORT,69.0,RR
2026-03-12T17:30:00Z,57.36,87.04,300.0,SHORT,126.0,aFRR
2026-03-12T17:45:00Z,31.93,68.4,-394.0,LONG,159.0,RR
2026-03-12T18:00:00Z,65.43,150.95,342.0,SHORT,117.0,mFRR
2026-03-12T18:15:00Z,70.42,76.24,-55.0,BALANCED,0,
2026-03-12T18:30:00Z,67.25,105.03,182.0,SHORT,58.0,aFRR
2026-03-12T18:45:00Z,71.95,149.16,525.0,SHORT,261.0,mFRR
2026-03-12T19:00:00Z,73.09,145.24,542.0,SHORT,349.0,RR
2026-03-12T19:15:00Z,12.45,73.08,-535.0,LONG,255.0,aFRR
2026-03-12T19:30:00Z,67.81,73.65,-6.0,BALANCED,0,
2026-03-12T19:45:00Z,32.39,77.92,-288.0,LONG,189.0,mFRR
2026-03-12T20:00:00Z,67.3,90.44,124.0,SHORT,98.0,aFRR
2026-03-12T20:15:00Z,14.9,76.44,-509.0,LONG,221.0,aFRR
2026-03-12T20:30:00Z,-18.67,75.35,-766.0,LONG,451.0,mFRR
2026-03-12T20:45:00Z,26.67,74.78,-428.0,LONG,145.0,RR
2026-03-12T21:00:00Z,65.43,101.99,340.0,SHORT,234.0,mFRR
2026-03-12T21:15:00Z,44.84,77.75,-131.0,LONG,78.0,RR
2026-03-12T21:30:00Z,32.02,78.37,-126.0,LONG,77.0,RR
2026-03-12T21:45:00Z,69.7,75.05,20.0,BALANCED,0,
2026-03-12T22:00:00Z,70.74,76.65,42.0,BALANCED,0,
2026-03-12T22:15:00Z,5.5,76.41,-686.0,LONG,439.0,aFRR
2026-03-12T22:30:00Z,49.5,75.77,-118.0,LONG,79.0,mFRR
2026-03-12T22:45:00Z,70.33,147.53,390.0,SHORT,212.0,RR
2026-03-12T23:00:00Z,67.33,71.38,42.0,BALANCED,0,
2026-03-12T23:15:00Z,25.38,76.64,-449.0,LONG,270.0,mFRR
2026-03-12T23:30:00Z,67.14,103.67,328.0,SHORT,137.0,mFRR
2026-03-12T23:45:00Z,71.9,76.6,-60.0,BALANCED,0,
2026-03-13T00:00:00Z,66.86,75.61,-43.0,BALANCED,0,
2026-03-13T00:15:00Z,-4.29,77.07,-647.0,LONG,317.0,RR
2026-03-13T00:30:00Z,22.04,75.6,-407.0,LONG,190.0,RR
2026-03-13T00:45:00Z,65.74,73.39,-65.0,BALANCED,0,
2026-03-13T01:00:00Z,19.85,79.69,-326.0,LONG,182.0,aFRR
2026-03-13T01:15:00Z,26.06,77.6,-255.0,LONG,113.0,aFRR
2026-03-13T01:30:00Z,63.23,162.85,573.0,SHORT,330.0,RR
2026-03-13T01:45:00Z,67.11,161.33,382.0,SHORT,286.0,mFRR
2026-03-13T02:00:00Z,42.7,77.14,-146.0,LONG,109.0,mFRR
2026-03-13T02:15:00Z,69.92,71.92,-63.0,BALANCED,0,
2026-03-13T02:30:00Z,64.98,112.74,329.0,SHORT,222.0,aFRR
2026-03-13T02:45:00Z,70.01,92.24,182.0,SHORT,73.0,aFRR
2026-03-13T03:00:00Z,24.91,77.24,-412.0,LONG,218.0,mFRR
2026-03-13T03:15:00Z,69.94,75.37,-62.0,BALANCED,0,
2026-03-13T03:30:00Z,65.66,101.18,119.0,SHORT,94.0,RR
2026-03-13T03:45:00Z,74.84,99.35,162.0,SHORT,49.0,mFRR
2026-03-13T04:00:00Z,64.49,115.58,311.0,SHORT,238.0,mFRR
2026-03-13T04:15:00Z,67.33,119.35,347.0,SHORT,175.0,mFRR
2026-03-13T04:30:00Z,70.23,75.99,49.0,BALANCED,0,
2026-03-13T04:45:00Z,35.57,71.63,-242.0,LONG,86.0,aFRR
2026-03-13T05:00:00Z,69.52,72.4,-33.0,BALANCED,0,
2026-03-13T05:15:00Z,19.39,73.51,-345.0,LONG,172.0,mFRR
2026-03-13T05:30:00Z,68.83,74.01,-58.0,BALANCED,0,
2026-03-13T05:45:00Z,50.69,81.48,-133.0,LONG,93.0,RR
2026-03-13T06:00:00Z,62.88,114.35,226.0,SHORT,135.0,aFRR
2026-03-13T06:15:00Z,-8.32,77.66,-723.0,LONG,415.0,RR
2026-03-13T06:30:00Z,67.97,75.37,-20.0,BALANCED,0,
2026-03-13T06:45:00Z,65.17,99.78,105.0,SHORT,61.0,mFRR
2026-03-13T07:00:00Z,52.77,77.44,-185.0,LONG,97.0,RR
2026-03-13T07:15:00Z,66.22,93.73,212.0,SHORT,133.0,aFRR
2026-03-13T07:30:00Z,45.26,77.43,-322.0,LONG,182.0,RR
2026-03-13T07:45:00Z,38.88,73.96,-273.0,LONG,175.0,aFRR
2026-03-13T08:00:00Z,32.62,73.53,-239.0,LONG,72.0,aFRR
2026-03-13T08:15:00Z,44.91,74.55,-212.0,LONG,72.0,RR
2026-03-13T08:30:00Z,12.51,78.01,-419.0,LONG,332.0,mFRR
2026-03-13T08:45:00Z,66.49,187.74,969.0,SHORT,425.0,aFRR
2026-03-13T09:00:00Z,45.63,78.78,-238.0,LONG,77.0,mFRR
2026-03-13T09:15:00Z,71.15,94.33,233.0,SHORT,123.0,RR
2026-03-13T09:30:00Z,-32.04,78.74,-777.0,LONG,427.0,aFRR
2026-03-13T09:45:00Z,49.05,73.54,-100.0,LONG,44.0,RR
2026-03-13T10:00:00Z,67.4,119.84,156.0,SHORT,100.0,mFRR
2026-03-13T10:15:00Z,67.36,118.82,434.0,SHORT,179.0,aFRR
2026-03-13T10:30:00Z,68.81,76.37,39.0,BALANCED,0,
2026-03-13T10:45:00Z,68.68,100.98,131.0,SHORT,54.0,aFRR
2026-03-13T11:00:00Z,73.64,73.38,29.0,BALANCED,0,
2026-03-13T11:15:00Z,63.87,115.13,202.0,SHORT,83.0,mFRR
2026-03-13T11:30:00Z,36.24,72.58,-333.0,LONG,217.0,mFRR
2026-03-13T11:45:00Z,67.73,107.78,304.0,SHORT,106.0,aFRR
2026-03-13T12:00:00Z,38.37,75.16,-281.0,LONG,212.0,RR
2026-03-13T12:15:00Z,10.45,81.58,-632.0,LONG,456.0,aFRR
2026-03-13T12:30:00Z,21.6,78.5,-364.0,LONG,211.0,aFRR
2026-03-13T12:45:00Z,26.61,74.82,-324.0,LONG,134.0,RR
2026-03-13T13:00:00Z,64.96,104.73,271.0,SHORT,87.0,aFRR
2026-03-13T13:15:00Z,32.82,71.7,-324.0,LONG,112.0,RR
2026-03-13T13:30:00Z,68.23,77.46,-54.0,BALANCED,0,
2026-03-13T13:45:00Z,65.08,80.98,117.0,SHORT,93.0,RR
2026-03-13T14:00:00Z,67.58,107.24,307.0,SHORT,107.0,aFRR
2026-03-13T14:15:00Z,60.71,113.96,333.0,SHORT,265.0,RR
2026-03-13T14:30:00Z,63.37,141.93,528.0,SHORT,385.0,RR
2026-03-13T14:45:00Z,71.46,76.56,-5.0,BALANCED,0,
2026-03-13T15:00:00Z,34.66,78.83,-236.0,LONG,144.0,mFRR
2026-03-13T15:15:00Z,66.97,141.22,430.0,SHORT,247.0,RR
2026-03-13T15:30:00Z,57.8,84.71,-120.0,LONG,81.0,aFRR
2026-03-13T15:45:00Z,7.16,78.99,-586.0,LONG,372.0,RR
2026-03-13T16:00:00Z,68.53,76.53,71.0,BALANCED,0,
2026-03-13T16:15:00Z,48.79,77.31,-137.0,LONG,54.0,RR
2026-03-13T16:30:00Z,71.24,182.05,850.0,SHORT,344.0,aFRR
2026-03-13T16:45:00Z,60.44,135.32,396.0,SHORT,223.0,RR
2026-03-13T17:00:00Z,68.9,75.8,-24.0,BALANCED,0,
2026-03-13T17:15:00Z,69.39,76.68,77.0,BALANCED,0,
2026-03-13T17:30:00Z,36.88,81.76,-123.0,LONG,82.0,mFRR
2026-03-13T17:45:00Z,66.84,126.1,371.0,SHORT,213.0,aFRR
2026-03-13T18:00:00Z,49.86,74.96,-101.0,LONG,79.0,mFRR
2026-03-13T18:15:00Z,60.27,130.68,368.0,SHORT,288.0,RR
2026-03-13T18:30:00Z,23.57,76.95,-489.0,LONG,200.0,RR
2026-03-13T18:45:00Z,33.15,78.27,-213.0,LONG,74.0,aFRR
2026-03-13T19:00:00Z,39.78,79.34,-153.0,LONG,75.0,RR
2026-03-13T19:15:00Z,67.07,72.38,-94.0,BALANCED,0,
2026-03-13T19:30:00Z,27.22,78.03,-280.0,LONG,124.0,RR
2026-03-13T19:45:00Z,69.44,72.55,-73.0,BALANCED,0,
2026-03-13T20:00:00Z,71.29,127.55,175.0,SHORT,88.0,RR
2026-03-13T20:15:00Z,47.22,78.13,-139.0,LONG,97.0,mFRR
2026-03-13T20:30:00Z,8.66,78.77,-502.0,LONG,181.0,mFRR
2026-03-13T20:45:00Z,69.05,140.33,495.0,SHORT,150.0,RR
2026-03-13T21:00:00Z,68.19,104.8,181.0,SHORT,86.0,RR
2026-03-13T21:15:00Z,55.61,77.32,-202.0,LONG,136.0,mFRR
2026-03-13T21:30:00Z,63.82,139.5,326.0,SHORT,155.0,mFRR
2026-03-13T21:45:00Z,67.06,74.99,-77.0,BALANCED,0,
2026-03-13T22:00:00Z,72.67,77.13,-76.0,BALANCED,0,
2026-03-13T22:15:00Z,69.06,118.2,130.0,SHORT,58.0,RR
2026-03-13T22:30:00Z,66.67,73.99,41.0,BALANCED,0,
2026-03-13T22:45:00Z,26.13,85.22,-336.0,LONG,164.0,mFRR
2026-03-13T23:00:00Z,65.03,135.12,484.0,SHORT,294.0,aFRR
2026-03-13T23:15:00Z,23.37,72.92,-345.0,LONG,184.0,RR
2026-03-13T23:30:00Z,68.77,74.17,-80.0,BALANCED,0,
2026-03-13T23:45:00Z,21.94,77.67,-363.0,LONG,233.0,RR
2026-03-14T00:00:00Z,68.44,119.41,235.0,SHORT,107.0,RR
2026-03-14T00:15:00Z,70.34,73.28,-70.0,BALANCED,0,
2026-03-14T00:30:00Z,69.61,75.86,-75.0,BALANCED,0,
2026-03-14T00:45:00Z,30.09,73.87,-330.0,LONG,209.0,RR
2026-03-14T01:00:00Z,64.59,114.26,138.0,SHORT,65.0,aFRR
2026-03-14T01:15:00Z,70.57,111.61,243.0,SHORT,131.0,mFRR
2026-03-14T01:30:00Z,70.62,104.33,203.0,SHORT,107.0,aFRR
2026-03-14T01:45:00Z,68.06,76.16,10.0,BALANCED,0,
2026-03-14T02:00:00Z,68.39,76.93,52.0,BALANCED,0,
2026-03-14T02:15:00Z,47.97,71.22,-104.0,LONG,68.0,RR
2026-03-14T02:30:00Z,70.01,72.9,-132.0,LONG,71.0,mFRR
2026-03-14T02:45:00Z,70.12,77.4,17.0,BALANCED,0,
2026-03-14T03:00:00Z,70.5,77.13,-5.0,BALANCED,0,
2026-03-14T03:15:00Z,53.3,77.13,-118.0,LONG,47.0,RR
2026-03-14T03:30:00Z,21.04,76.06,-380.0,LONG,280.0,mFRR
2026-03-14T03:45:00Z,69.81,146.13,510.0,SHORT,269.0,mFRR
2026-03-14T04:00:00Z,63.27,124.94,217.0,SHORT,102.0,RR
2026-03-14T04:15:00Z,46.92,79.31,-208.0,LONG,90.0,mFRR
2026-03-14T04:30:00Z,67.01,115.34,135.0,SHORT,57.0,aFRR
2026-03-14T04:45:00Z,56.82,76.56,-150.0,LONG,97.0,mFRR
2026-03-14T05:00:00Z,70.2,72.2,3.0,BALANCED,0,
2026-03-14T05:15:00Z,66.97,136.48,349.0,SHORT,271.0,mFRR
2026-03-14T05:30:00Z,68.7,142.87,344.0,SHORT,218.0,RR
2026-03-14T05:45:00Z,68.11,77.16,-34.0,BALANCED,0,
2026-03-14T06:00:00Z,73.42,75.85,24.0,BALANCED,0,
2026-03-14T06:15:00Z,26.18,75.12,-314.0,LONG,151.0,mFRR
2026-03-14T06:30:00Z,68.76,118.45,194.0,SHORT,99.0,mFRR
2026-03-14T06:45:00Z,67.76,135.01,125.0,SHORT,61.0,mFRR
2026-03-14T07:00:00Z,64.3,140.47,322.0,SHORT,193.0,mFRR
2026-03-14T07:15:00Z,45.47,78.46,-344.0,LONG,180.0,mFRR
2026-03-14T07:30:00Z,68.84,72.93,73.0,BALANCED,0,
2026-03-14T07:45:00Z,66.56,113.3,238.0,SHORT,134.0,RR
2026-03-14T08:00:00Z,70.77,74.39,-62.0,BALANCED,0,
2026-03-14T08:15:00Z,62.9,119.24,155.0,SHORT,56.0,mFRR
2026-03-14T08:30:00Z,70.43,143.64,346.0,SHORT,239.0,mFRR
2026-03-14T08:45:00Z,65.29,146.19,273.0,SHORT,151.0,RR
2026-03-14T09:00:00Z,67.81,110.34,312.0,SHORT,152.0,RR
2026-03-14T09:15:00Z,69.34,73.52,83.0,BALANCED,0,
2026-03-14T09:30:00Z,67.51,76.05,-28.0,BALANCED,0,
2026-03-14T09:45:00Z,68.66,78.72,98.0,BALANCED,0,
2026-03-14T10:00:00Z,31.53,82.95,-307.0,LONG,191.0,mFRR
2026-03-14T10:15:00Z,54.06,73.23,-153.0,LONG,120.0,mFRR
2026-03-14T10:30:00Z,68.01,143.9,466.0,SHORT,290.0,RR
2026-03-14T10:45:00Z,29.65,78.96,-258.0,LONG,127.0,aFRR
2026-03-14T11:00:00Z,67.06,163.61,426.0,SHORT,215.0,mFRR
2026-03-14T11:15:00Z,48.32,73.17,-111.0,LONG,52.0,aFRR
2026-03-14T11:30:00Z,68.42,75.5,-81.0,BALANCED,0,
2026-03-14T11:45:00Z,68.85,77.41,-8.0,BALANCED,0,
2026-03-14T12:00:00Z,37.15,76.43,-294.0,LONG,171.0,aFRR
2026-03-14T12:15:00Z,40.91,78.21,-121.0,LONG,65.0,RR
2026-03-14T12:30:00Z,23.82,79.23,-336.0,LONG,134.0,RR
2026-03-14T12:45:00Z,4.94,75.12,-639.0,LONG,412.0,mFRR
2026-03-14T13:00:00Z,69.67,70.95,84.0,BALANCED,0,
2026-03-14T13:15:00Z,66.07,181.11,750.0,SHORT,494.0,mFRR
2026-03-14T13:30:00Z,68.65,75.95,-58.0,BALANCED,0,
2026-03-14T13:45:00Z,68.87,73.2,43.0,BALANCED,0,
2026-03-14T14:00:00Z,69.65,82.39,110.0,SHORT,54.0,aFRR
2026-03-14T14:15:00Z,68.0,122.71,389.0,SHORT,195.0,aFRR
2026-03-14T14:30:00Z,64.31,75.12,-57.0,BALANCED,0,
2026-03-14T14:45:00Z,68.96,76.3,-31.0,BALANCED,0,
2026-03-14T15:00:00Z,62.61,114.0,389.0,SHORT,173.0,mFRR
2026-03-14T15:15:00Z,53.37,78.37,-172.0,LONG,61.0,mFRR
2026-03-14T15:30:00Z,-5.21,76.65,-531.0,LONG,165.0,aFRR
2026-03-14T15:45:00Z,69.58,111.76,154.0,SHORT,90.0,RR
2026-03-14T16:00:00Z,67.66,118.76,373.0,SHORT,262.0,aFRR
2026-03-14T16:15:00Z,38.42,79.8,-128.0,LONG,101.0,mFRR
2026-03-14T16:30:00Z,66.01,137.4,308.0,SHORT,220.0,RR
2026-03-14T16:45:00Z,39.19,77.71,-205.0,LONG,122.0,aFRR
2026-03-14T17:00:00Z,10.18,75.77,-469.0,LONG,233.0,RR
2026-03-14T17:15:00Z,66.87,104.21,199.0,SHORT,123.0,mFRR
2026-03-14T17:30:00Z,65.53,129.42,319.0,SHORT,196.0,aFRR
2026-03-14T17:45:00Z,73.59,132.52,288.0,SHORT,187.0,RR
2026-03-14T18:00:00Z,64.87,149.12,203.0,SHORT,158.0,RR
2026-03-14T18:15:00Z,46.66,77.43,-134.0,LONG,77.0,aFRR
2026-03-14T18:30:00Z,51.07,75.96,-143.0,LONG,76.0,mFRR
2026-03-14T18:45:00Z,13.35,69.75,-536.0,LONG,272.0,RR
2026-03-14T19:00:00Z,67.61,142.31,488.0,SHORT,385.0,aFRR
2026-03-14T19:15:00Z,66.86,128.74,371.0,SHORT,181.0,mFRR
2026-03-14T19:30:00Z,70.96,153.76,608.0,SHORT,485.0,aFRR
2026-03-14T19:45:00Z,72.82,107.74,103.0,SHORT,51.0,mFRR
2026-03-14T20:00:00Z,69.35,73.05,48.0,BALANCED,0,
2026-03-14T20:15:00Z,46.94,74.84,-159.0,LONG,126.0,RR
2026-03-14T20:30:00Z,65.86,184.32,664.0,SHORT,267.0,RR
2026-03-14T20:45:00Z,25.23,68.49,-280.0,LONG,105.0,aFRR
2026-03-14T21:00:00Z,74.43,85.99,154.0,SHORT,49.0,aFRR
2026-03-14T21:15:00Z,61.15,147.73,220.0,SHORT,130.0,mFRR
2026-03-14T21:30:00Z,68.51,123.2,317.0,SHORT,120.0,aFRR
2026-03-14T21:45:00Z,65.83,126.1,326.0,SHORT,245.0,aFRR
2026-03-14T22:00:00Z,66.44,74.29,-66.0,BALANCED,0,
2026-03-14T22:15:00Z,66.57,118.68,203.0,SHORT,86.0,RR
2026-03-14T22:30:00Z,66.02,150.6,556.0,SHORT,388.0,RR
2026-03-14T22:45:00Z,67.59,70.62,52.0,BALANCED,0,
2026-03-14T23:00:00Z,25.14,80.34,-345.0,LONG,212.0,aFRR
2026-03-14T23:15:00Z,72.56,103.14,271.0,SHORT,119.0,RR
2026-03-14T23:30:00Z,66.26,75.26,-99.0,BALANCED,0,
2026-03-14T23:45:00Z,66.85,167.92,733.0,SHORT,453.0,mFRR
2026-03-15T00:00:00Z,67.88,76.23,39.0,BALANCED,0,
2026-03-15T00:15:00Z,68.1,119.49,183.0,SHORT,55.0,aFRR
2026-03-15T00:30:00Z,17.37,76.29,-446.0,LONG,347.0,RR
2026-03-15T00:45:00Z,72.16,73.52,96.0,BALANCED,0,
2026-03-15T01:00:00Z,65.67,71.58,56.0,BALANCED,0,
2026-03-15T01:15:00Z,67.12,120.56,337.0,SHORT,249.0,aFRR
2026-03-15T01:30:00Z,67.55,73.5,82.0,BALANCED,0,
2026-03-15T01:45:00Z,65.28,131.36,173.0,SHORT,76.0,mFRR
2026-03-15T02:00:00Z,70.02,96.94,146.0,SHORT,60.0,mFRR
2026-03-15T02:15:00Z,31.53,74.91,-404.0,LONG,320.0,RR
2026-03-15T02:30:00Z,39.87,80.11,-253.0,LONG,187.0,mFRR
2026-03-15T02:45:00Z,35.51,75.62,-199.0,LONG,144.0,aFRR
2026-03-15T03:00:00Z,31.16,80.99,-266.0,LONG,155.0,aFRR
2026-03-15T03:15:00Z,70.45,139.55,547.0,SHORT,287.0,aFRR
2026-03-15T03:30:00Z,71.34,73.7,-35.0,BALANCED,0,
2026-03-15T03:45:00Z,16.74,76.61,-301.0,LONG,221.0,aFRR
2026-03-15T04:00:00Z,66.77,95.64,289.0,SHORT,107.0,mFRR
2026-03-15T04:15:00Z,66.86,73.18,20.0,BALANCED,0,
2026-03-15T04:30:00Z,68.25,75.05,-84.0,BALANCED,0,
2026-03-15T04:45:00Z,21.0,79.93,-427.0,LONG,303.0,aFRR
2026-03-15T05:00:00Z,71.28,75.98,-21.0,BALANCED,0,
2026-03-15T05:15:00Z,32.19,80.6,-150.0,LONG,108.0,mFRR
2026-03-15T05:30:00Z,68.92,77.52,44.0,BALANCED,0,
2026-03-15T05:45:00Z,70.05,135.37,153.0,SHORT,69.0,RR
2026-03-15T06:00:00Z,45.11,79.07,-214.0,LONG,117.0,mFRR
2026-03-15T06:15:00Z,66.69,176.62,700.0,SHORT,410.0,RR
2026-03-15T06:30:00Z,66.23,109.49,122.0,SHORT,60.0,RR
2026-03-15T06:45:00Z,61.09,141.36,420.0,SHORT,257.0,RR
2026-03-15T07:00:00Z,71.52,73.38,36.0,BALANCED,0,
2026-03-15T07:15:00Z,68.82,75.16,-80.0,BALANCED,0,
2026-03-15T07:30:00Z,64.66,77.57,-63.0,BALANCED,0,
2026-03-15T07:45:00Z,41.88,76.41,-257.0,LONG,134.0,RR
2026-03-15T08:00:00Z,25.62,79.63,-284.0,LONG,215.0,RR
2026-03-15T08:15:00Z,32.93,81.09,-225.0,LONG,142.0,mFRR
2026-03-15T08:30:00Z,69.66,72.57,68.0,BALANCED,0,
2026-03-15T08:45:00Z,70.55,132.97,527.0,SHORT,178.0,RR
2026-03-15T09:00:00Z,64.19,113.01,403.0,SHORT,170.0,RR
2026-03-15T09:15:00Z,39.58,70.42,-155.0,LONG,114.0,mFRR
2026-03-15T09:30:00Z,69.63,71.1,-37.0,BALANCED,0,
2026-03-15T09:45:00Z,67.41,166.86,518.0,SHORT,321.0,aFRR
2026-03-15T10:00:00Z,47.35,84.21,-115.0,LONG,58.0,mFRR
2026-03-15T10:15:00Z,66.01,108.35,233.0,SHORT,96.0,aFRR
2026-03-15T10:30:00Z,71.34,140.91,453.0,SHORT,277.0,RR
2026-03-15T10:45:00Z,42.11,75.94,-166.0,LONG,61.0,aFRR
2026-03-15T11:00:00Z,68.92,75.02,-72.0,BALANCED,0,
2026-03-15T11:15:00Z,64.23,123.93,248.0,SHORT,170.0,aFRR
2026-03-15T11:30:00Z,67.0,169.48,597.0,SHORT,293.0,RR
2026-03-15T11:45:00Z,66.43,158.21,698.0,SHORT,453.0,aFRR
2026-03-15T12:00:00Z,71.46,75.3,-17.0,BALANCED,0,
2026-03-15T12:15:00Z,68.44,74.37,-32.0,BALANCED,0,
2026-03-15T12:30:00Z,35.93,77.91,-229.0,LONG,119.0,mFRR
2026-03-15T12:45:00Z,65.94,159.33,629.0,SHORT,276.0,mFRR
2026-03-15T13:00:00Z,68.58,143.7,617.0,SHORT,244.0,mFRR
2026-03-15T13:15:00Z,69.59,78.23,13.0,BALANCED,0,
2026-03-15T13:30:00Z,67.31,144.6,427.0,SHORT,223.0,RR
2026-03-15T13:45:00Z,67.02,71.92,-109.0,LONG,45.0,RR
2026-03-15T14:00:00Z,67.07,75.2,47.0,BALANCED,0,
2026-03-15T14:15:00Z,44.12,76.72,-262.0,LONG,100.0,mFRR
2026-03-15T14:30:00Z,46.92,75.55,-308.0,LONG,246.0,mFRR
2026-03-15T14:45:00Z,71.29,131.01,471.0,SHORT,252.0,mFRR
2026-03-15T15:00:00Z,61.51,141.83,408.0,SHORT,192.0,aFRR
2026-03-15T15:15:00Z,65.74,146.94,449.0,SHORT,246.0,mFRR
2026-03-15T15:30:00Z,49.16,76.34,-155.0,LONG,60.0,mFRR
2026-03-15T15:45:00Z,68.78,72.72,42.0,BALANCED,0,
2026-03-15T16:00:00Z,70.18,74.53,-11.0,BALANCED,0,
2026-03-15T16:15:00Z,65.51,105.82,126.0,SHORT,98.0,mFRR
2026-03-15T16:30:00Z,66.02,144.97,588.0,SHORT,309.0,aFRR
2026-03-15T16:45:00Z,66.35,107.13,169.0,SHORT,132.0,RR
2026-03-15T17:00:00Z,65.2,128.37,355.0,SHORT,254.0,mFRR
2026-03-15T17:15:00Z,26.28,75.4,-312.0,LONG,173.0,aFRR
2026-03-15T17:30:00Z,67.49,110.83,255.0,SHORT,99.0,RR
2026-03-15T17:45:00Z,68.16,138.53,469.0,SHORT,324.0,mFRR
2026-03-15T18:00:00Z,72.21,106.37,238.0,SHORT,122.0,RR
2026-03-15T18:15:00Z,13.32,72.51,-466.0,LONG,312.0,aFRR
2026-03-15T18:30:00Z,50.45,77.19,-141.0,LONG,100.0,RR
2026-03-15T18:45:00Z,67.4,106.41,179.0,SHORT,61.0,mFRR
2026-03-15T19:00:00Z,73.11,107.82,499.0,SHORT,238.0,aFRR
2026-03-15T19:15:00Z,67.73,74.32,43.0,BALANCED,0,
2026-03-15T19:30:00Z,-7.8,73.25,-669.0,LONG,430.0,aFRR
2026-03-15T19:45:00Z,63.06,84.32,187.0,SHORT,134.0,aFRR
2026-03-15T20:00:00Z,70.01,73.53,-82.0,BALANCED,0,
2026-03-15T20:15:00Z,25.57,79.76,-276.0,LONG,177.0,mFRR
2026-03-15T20:30:00Z,70.61,73.46,-30.0,BALANCED,0,
2026-03-15T20:45:00Z,69.04,76.68,-6.0,BALANCED,0,
2026-03-15T21:00:00Z,39.55,76.11,-136.0,LONG,97.0,aFRR
2026-03-15T21:15:00Z,42.0,83.5,-120.0,LONG,86.0,aFRR
2026-03-15T21:30:00Z,47.83,76.84,-117.0,LONG,78.0,RR
2026-03-15T21:45:00Z,67.84,143.34,377.0,SHORT,219.0,mFRR
2026-03-15T22:00:00Z,37.24,80.45,-136.0,LONG,95.0,RR
2026-03-15T22:15:00Z,73.52,116.39,262.0,SHORT,90.0,aFRR
2026-03-15T22:30:00Z,71.46,76.1,-37.0,BALANCED,0,
2026-03-15T22:45:00Z,51.25,76.43,-208.0,LONG,146.0,mFRR
2026-03-15T23:00:00Z,68.37,73.83,-9.0,BALANCED,0,
2026-03-15T23:15:00Z,67.58,131.15,193.0,SHORT,112.0,RR
2026-03-15T23:30:00Z,27.64,77.84,-395.0,LONG,268.0,aFRR
2026-03-15T23:45:00Z,29.59,71.93,-467.0,LONG,260.0,aFRR
2026-03-16T00:00:00Z,70.11,87.85,222.0,SHORT,99.0,aFRR
2026-03-16T00:15:00Z,65.39,116.43,267.0,SHORT,182.0,mFRR
2026-03-16T00:30:00Z,57.11,75.27,-141.0,LONG,96.0,mFRR
2026-03-16T00:45:00Z,69.46,129.73,305.0,SHORT,98.0,aFRR
2026-03-16T01:00:00Z,48.38,75.77,-107.0,LONG,58.0,aFRR
2026-03-16T01:15:00Z,69.35,99.13,274.0,SHORT,184.0,mFRR
2026-03-16T01:30:00Z,67.5,74.23,58.0,BALANCED,0,
2026-03-16T01:45:00Z,69.1,148.68,605.0,SHORT,419.0,mFRR
2026-03-16T02:00:00Z,67.81,103.59,163.0,SHORT,118.0,mFRR
2026-03-16T02:15:00Z,42.28,77.47,-155.0,LONG,99.0,mFRR
2026-03-16T02:30:00Z,32.12,74.79,-307.0,LONG,244.0,RR
2026-03-16T02:45:00Z,68.15,130.42,174.0,SHORT,128.0,RR
2026-03-16T03:00:00Z,68.06,137.63,569.0,SHORT,262.0,RR
2026-03-16T03:15:00Z,67.52,106.58,215.0,SHORT,106.0,RR
2026-03-16T03:30:00Z,12.59,71.63,-551.0,LONG,355.0,mFRR
2026-03-16T03:45:00Z,69.39,133.06,513.0,SHORT,367.0,mFRR
2026-03-16T04:00:00Z,68.55,77.17,99.0,BALANCED,0,
2026-03-16T04:15:00Z,66.37,160.24,527.0,SHORT,399.0,mFRR
2026-03-16T04:30:00Z,65.57,114.59,136.0,SHORT,106.0,RR
2026-03-16T04:45:00Z,70.13,72.44,-2.0,BALANCED,0,
2026-03-16T05:00:00Z,64.92,72.47,65.0,BALANCED,0,
2026-03-16T05:15:00Z,16.04,81.77,-462.0,LONG,148.0,mFRR
2026-03-16T05:30:00Z,65.66,122.69,275.0,SHORT,220.0,aFRR
2026-03-16T05:45:00Z,54.28,77.74,-152.0,LONG,117.0,aFRR
2026-03-16T06:00:00Z,70.12,107.49,128.0,SHORT,85.0,mFRR
2026-03-16T06:15:00Z,66.07,112.77,190.0,SHORT,129.0,aFRR
2026-03-16T06:30:00Z,72.78,75.72,20.0,BALANCED,0,
2026-03-16T06:45:00Z,66.86,74.71,-98.0,BALANCED,0,
2026-03-16T07:00:00Z,68.57,76.71,-61.0,BALANCED,0,
2026-03-16T07:15:00Z,47.57,82.98,-106.0,LONG,35.0,aFRR
2026-03-16T07:30:00Z,68.85,74.11,-25.0,BALANCED,0,
2026-03-16T07:45:00Z,14.1,82.09,-378.0,LONG,298.0,mFRR
2026-03-16T08:00:00Z,42.38,73.35,-248.0,LONG,147.0,RR
2026-03-16T08:15:00Z,48.95,76.74,-130.0,LONG,74.0,RR
2026-03-16T08:30:00Z,32.67,72.16,-289.0,LONG,117.0,aFRR
2026-03-16T08:45:00Z,70.21,77.18,28.0,BALANCED,0,
2026-03-16T09:00:00Z,66.84,125.5,384.0,SHORT,259.0,aFRR
2026-03-16T09:15:00Z,73.92,73.97,-94.0,BALANCED,0,
2026-03-16T09:30:00Z,50.41,74.85,-169.0,LONG,106.0,RR
2026-03-16T09:45:00Z,39.87,75.11,-162.0,LONG,69.0,aFRR
2026-03-16T10:00:00Z,65.32,80.92,107.0,SHORT,85.0,RR
2026-03-16T10:15:00Z,70.42,73.81,100.0,BALANCED,0,
2026-03-16T10:30:00Z,28.47,80.37,-279.0,LONG,197.0,mFRR
2026-03-16T10:45:00Z,66.73,79.42,101.0,SHORT,39.0,RR
2026-03-16T11:00:00Z,74.39,77.22,11.0,BALANCED,0,
2026-03-16T11:15:00Z,29.79,80.3,-271.0,LONG,82.0,mFRR
2026-03-16T11:30:00Z,66.6,119.43,484.0,SHORT,147.0,mFRR
2026-03-16T11:45:00Z,65.57,128.49,429.0,SHORT,145.0,mFRR
2026-03-16T12:00:00Z,69.02,77.27,15.0,BALANCED,0,
2026-03-16T12:15:00Z,25.36,74.34,-328.0,LONG,134.0,aFRR
2026-03-16T12:30:00Z,58.25,81.09,-142.0,LONG,98.0,mFRR
2026-03-16T12:45:00Z,61.34,138.9,374.0,SHORT,255.0,mFRR
2026-03-16T13:00:00Z,64.58,104.54,217.0,SHORT,96.0,RR
2026-03-16T13:15:00Z,68.16,123.99,505.0,SHORT,188.0,RR
2026-03-16T13:30:00Z,-25.22,80.43,-849.0,LONG,533.0,aFRR
2026-03-16T13:45:00Z,68.25,129.58,223.0,SHORT,134.0,RR
2026-03-16T14:00:00Z,66.14,76.2,69.0,BALANCED,0,
2026-03-16T14:15:00Z,72.18,73.81,-69.0,BALANCED,0,
2026-03-16T14:30:00Z,69.36,81.05,125.0,SHORT,63.0,aFRR
2026-03-16T14:45:00Z,70.52,72.52,-49.0,BALANCED,0,
2026-03-16T15:00:00Z,58.34,133.26,290.0,SHORT,87.0,RR
2026-03-16T15:15:00Z,64.29,91.5,133.0,SHORT,85.0,RR
2026-03-16T15:30:00Z,67.31,175.44,692.0,SHORT,239.0,mFRR
2026-03-16T15:45:00Z,67.1,126.64,355.0,SHORT,215.0,mFRR
2026-03-16T16:00:00Z,66.93,97.36,338.0,SHORT,121.0,aFRR
2026-03-16T16:15:00Z,41.79,76.52,-160.0,LONG,107.0,mFRR
2026-03-16T16:30:00Z,18.17,76.35,-586.0,LONG,437.0,RR
2026-03-16T16:45:00Z,39.33,80.7,-359.0,LONG,133.0,RR
2026-03-16T17:00:00Z,68.04,73.23,-6.0,BALANCED,0,
2026-03-16T17:15:00Z,64.61,156.41,374.0,SHORT,284.0,aFRR
2026-03-16T17:30:00Z,27.25,76.33,-517.0,LONG,315.0,RR
2026-03-16T17:45:00Z,69.74,78.49,-5.0,BALANCED,0,
2026-03-16T18:00:00Z,44.75,79.05,-184.0,LONG,67.0,RR
2026-03-16T18:15:00Z,66.48,135.56,497.0,SHORT,155.0,aFRR
2026-03-16T18:30:00Z,70.73,73.16,-64.0,BALANCED,0,
2026-03-16T18:45:00Z,25.09,78.93,-331.0,LONG,192.0,RR
2026-03-16T19:00:00Z,67.24,115.65,240.0,SHORT,157.0,mFRR
2026-03-16T19:15:00Z,69.22,129.28,338.0,SHORT,145.0,RR
2026-03-16T19:30:00Z,67.12,74.13,63.0,BALANCED,0,
2026-03-16T19:45:00Z,66.72,127.63,284.0,SHORT,188.0,RR
2026-03-16T20:00:00Z,68.62,128.96,235.0,SHORT,111.0,RR
2026-03-16T20:15:00Z,66.96,126.7,404.0,SHORT,127.0,mFRR
2026-03-16T20:30:00Z,40.48,79.38,-231.0,LONG,95.0,aFRR
2026-03-16T20:45:00Z,33.0,75.91,-391.0,LONG,131.0,aFRR
2026-03-16T21:00:00Z,34.2,76.11,-191.0,LONG,116.0,RR
2026-03-16T21:15:00Z,50.82,75.39,-121.0,LONG,46.0,mFRR
2026-03-16T21:30:00Z,65.22,115.82,249.0,SHORT,108.0,mFRR
2026-03-16T21:45:00Z,17.28,77.03,-402.0,LONG,169.0,aFRR
2026-03-16T22:00:00Z,64.43,120.89,335.0,SHORT,130.0,RR
2026-03-16T22:15:00Z,65.69,143.37,384.0,SHORT,119.0,mFRR
2026-03-16T22:30:00Z,67.68,73.38,75.0,BALANCED,0,
2026-03-16T22:45:00Z,8.68,83.31,-396.0,LONG,219.0,RR
2026-03-16T23:00:00Z,38.97,77.47,-212.0,LONG,139.0,RR
2026-03-16T23:15:00Z,64.4,136.75,267.0,SHORT,118.0,mFRR
2026-03-16T23:30:00Z,36.12,73.46,-414.0,LONG,301.0,aFRR
2026-03-16T23:45:00Z,67.28,114.55,169.0,SHORT,55.0,aFRR
2026-03-17T00:00:00Z,50.22,76.05,-159.0,LONG,101.0,mFRR
2026-03-17T00:15:00Z,66.05,98.05,320.0,SHORT,104.0,mFRR
2026-03-17T00:30:00Z,40.21,75.26,-195.0,LONG,120.0,aFRR
2026-03-17T00:45:00Z,63.84,130.83,454.0,SHORT,300.0,aFRR
2026-03-17T01:00:00Z,70.7,121.93,214.0,SHORT,162.0,mFRR
2026-03-17T01:15:00Z,65.5,124.92,167.0,SHORT,75.0,mFRR
2026-03-17T01:30:00Z,45.53,78.27,-121.0,LONG,49.0,mFRR
2026-03-17T01:45:00Z,65.43,141.56,347.0,SHORT,136.0,mFRR
2026-03-17T02:00:00Z,33.95,76.61,-318.0,LONG,243.0,RR
2026-03-17T02:15:00Z,67.85,121.27,201.0,SHORT,89.0,RR
2026-03-17T02:30:00Z,70.64,134.05,301.0,SHORT,163.0,RR
2026-03-17T02:45:00Z,69.26,74.25,86.0,BALANCED,0,
2026-03-17T03:00:00Z,66.26,76.78,-16.0,BALANCED,0,
2026-03-17T03:15:00Z,68.28,75.11,38.0,BALANCED,0,
2026-03-17T03:30:00Z,70.84,77.47,-21.0,BALANCED,0,
2026-03-17T03:45:00Z,62.16,115.98,268.0,SHORT,169.0,RR
2026-03-17T04:00:00Z,71.09,147.46,392.0,SHORT,221.0,aFRR
2026-03-17T04:15:00Z,66.11,99.44,245.0,SHORT,148.0,RR
2026-03-17T04:30:00Z,42.95,79.3,-230.0,LONG,154.0,aFRR
2026-03-17T04:45:00Z,36.07,75.41,-195.0,LONG,152.0,RR
2026-03-17T05:00:00Z,45.24,78.09,-192.0,LONG,88.0,aFRR
2026-03-17T05:15:00Z,66.83,168.96,467.0,SHORT,343.0,mFRR
2026-03-17T05:30:00Z,69.23,131.96,276.0,SHORT,99.0,aFRR
2026-03-17T05:45:00Z,45.91,75.19,-205.0,LONG,114.0,RR
2026-03-17T06:00:00Z,22.63,78.96,-412.0,LONG,180.0,mFRR
2026-03-17T06:15:00Z,66.33,77.64,51.0,BALANCED,0,
2026-03-17T06:30:00Z,69.63,75.27,-23.0,BALANCED,0,
2026-03-17T06:45:00Z,31.71,80.64,-315.0,LONG,243.0,RR
2026-03-17T07:00:00Z,65.24,75.77,73.0,BALANCED,0,
2026-03-17T07:15:00Z,64.43,112.22,232.0,SHORT,146.0,RR
2026-03-17T07:30:00Z,69.2,76.49,14.0,BALANCED,0,
2026-03-17T07:45:00Z,30.24,72.96,-179.0,LONG,102.0,RR
2026-03-17T08:00:00Z,22.23,76.82,-410.0,LONG,130.0,aFRR
2026-03-17T08:15:00Z,65.11,103.33,363.0,SHORT,145.0,RR
2026-03-17T08:30:00Z,70.75,118.13,342.0,SHORT,127.0,mFRR
2026-03-17T08:45:00Z,70.58,72.74,12.0,BALANCED,0,
2026-03-17T09:00:00Z,2.94,81.67,-555.0,LONG,304.0,mFRR
2026-03-17T09:15:00Z,63.05,75.43,220.0,SHORT,145.0,mFRR
2026-03-17T09:30:00Z,68.73,76.14,45.0,BALANCED,0,
2026-03-17T09:45:00Z,32.9,80.12,-337.0,LONG,191.0,aFRR
2026-03-17T10:00:00Z,61.56,132.34,156.0,SHORT,62.0,aFRR
2026-03-17T10:15:00Z,35.73,79.78,-284.0,LONG,187.0,aFRR
2026-03-17T10:30:00Z,66.34,107.2,116.0,SHORT,70.0,aFRR
2026-03-17T10:45:00Z,26.9,77.94,-374.0,LONG,207.0,mFRR
2026-03-17T11:00:00Z,70.09,110.87,175.0,SHORT,135.0,RR
2026-03-17T11:15:00Z,26.4,76.41,-366.0,LONG,285.0,mFRR
2026-03-17T11:30:00Z,66.49,173.13,675.0,SHORT,501.0,RR
2026-03-17T11:45:00Z,69.26,74.15,80.0,BALANCED,0,
2026-03-17T12:00:00Z,64.21,167.85,533.0,SHORT,164.0,RR
2026-03-17T12:15:00Z,66.97,139.01,460.0,SHORT,296.0,aFRR
2026-03-17T12:30:00Z,45.49,82.31,-121.0,LONG,45.0,RR
2026-03-17T12:45:00Z,69.98,71.22,6.0,BALANCED,0,
2026-03-17T13:00:00Z,65.47,87.24,111.0,SHORT,52.0,mFRR
2026-03-17T13:15:00Z,29.95,75.77,-407.0,LONG,148.0,aFRR
2026-03-17T13:30:00Z,66.49,75.96,82.0,BALANCED,0,
2026-03-17T13:45:00Z,70.52,112.33,274.0,SHORT,84.0,mFRR
2026-03-17T14:00:00Z,43.43,75.75,-187.0,LONG,142.0,aFRR
2026-03-17T14:15:00Z,72.11,91.7,102.0,SHORT,48.0,RR
2026-03-17T14:30:00Z,66.56,121.13,204.0,SHORT,145.0,aFRR
2026-03-17T14:45:00Z,57.71,78.09,-161.0,LONG,59.0,aFRR
2026-03-17T15:00:00Z,65.05,128.57,369.0,SHORT,116.0,aFRR
2026-03-17T15:15:00Z,7.63,78.04,-418.0,LONG,329.0,mFRR
2026-03-17T15:30:00Z,70.96,79.27,-91.0,BALANCED,0,
2026-03-17T15:45:00Z,69.28,122.33,241.0,SHORT,100.0,aFRR
2026-03-17T16:00:00Z,68.72,108.65,359.0,SHORT,209.0,aFRR
2026-03-17T16:15:00Z,11.73,75.29,-589.0,LONG,434.0,RR
2026-03-17T16:30:00Z,68.08,77.26,35.0,BALANCED,0,
2026-03-17T16:45:00Z,28.62,78.47,-380.0,LONG,155.0,aFRR
2026-03-17T17:00:00Z,70.36,76.81,43.0,BALANCED,0,
2026-03-17T17:15:00Z,66.59,147.72,528.0,SHORT,169.0,mFRR
2026-03-17T17:30:00Z,71.35,73.98,-32.0,BALANCED,0,
2026-03-17T17:45:00Z,8.44,73.89,-536.0,LONG,260.0,aFRR
2026-03-17T18:00:00Z,69.77,76.19,-52.0,BALANCED,0,
2026-03-17T18:15:00Z,69.45,72.97,67.0,BALANCED,0,
2026-03-17T18:30:00Z,36.62,71.84,-288.0,LONG,179.0,mFRR
2026-03-17T18:45:00Z,72.46,69.77,126.0,SHORT,63.0,RR
2026-03-17T19:00:00Z,65.92,122.75,279.0,SHORT,158.0,RR
2026-03-17T19:15:00Z,69.07,76.64,-95.0,BALANCED,0,
2026-03-17T19:30:00Z,53.6,71.21,-163.0,LONG,97.0,RR
2026-03-17T19:45:00Z,51.09,71.15,-219.0,LONG,116.0,mFRR
2026-03-17T20:00:00Z,67.86,74.99,-82.0,BALANCED,0,
2026-03-17T20:15:00Z,68.68,146.55,381.0,SHORT,283.0,RR
2026-03-17T20:30:00Z,74.21,101.24,156.0,SHORT,63.0,aFRR
2026-03-17T20:45:00Z,72.18,118.15,390.0,SHORT,209.0,mFRR
2026-03-17T21:00:00Z,64.47,144.61,523.0,SHORT,231.0,mFRR
2026-03-17T21:15:00Z,67.93,104.9,293.0,SHORT,189.0,RR
2026-03-17T21:30:00Z,65.95,200.68,918.0,SHORT,460.0,mFRR
2026-03-17T21:45:00Z,45.49,73.88,-258.0,LONG,139.0,mFRR
2026-03-17T22:00:00Z,11.98,76.21,-420.0,LONG,302.0,RR
2026-03-17T22:15:00Z,70.93,74.85,-77.0,BALANCED,0,
2026-03-17T22:30:00Z,38.6,72.84,-160.0,LONG,119.0,mFRR
2026-03-17T22:45:00Z,53.92,84.28,-176.0,LONG,140.0,aFRR
2026-03-17T23:00:00Z,28.38,77.0,-289.0,LONG,93.0,aFRR
2026-03-17T23:15:00Z,64.49,134.07,272.0,SHORT,107.0,aFRR
2026-03-17T23:30:00Z,60.48,105.85,272.0,SHORT,89.0,aFRR
2026-03-17T23:45:00Z,68.94,71.01,85.0,BALANCED,0,
2026-03-18T00:00:00Z,68.35,74.26,-6.0,BALANCED,0,
2026-03-18T00:15:00Z,69.99,73.38,-8.0,BALANCED,0,
2026-03-18T00:30:00Z,72.07,115.92,288.0,SHORT,162.0,aFRR
2026-03-18T00:45:00Z,32.26,73.76,-338.0,LONG,212.0,mFRR
2026-03-18T01:00:00Z,21.04,75.67,-257.0,LONG,118.0,RR
2026-03-18T01:15:00Z,72.46,163.43,509.0,SHORT,249.0,mFRR
2026-03-18T01:30:00Z,43.08,75.4,-144.0,LONG,87.0,aFRR
2026-03-18T01:45:00Z,67.74,110.18,192.0,SHORT,85.0,RR
2026-03-18T02:00:00Z,68.07,107.21,105.0,SHORT,72.0,aFRR
2026-03-18T02:15:00Z,65.21,117.23,172.0,SHORT,87.0,mFRR
2026-03-18T02:30:00Z,44.61,77.76,-119.0,LONG,73.0,aFRR
2026-03-18T02:45:00Z,48.58,77.68,-225.0,LONG,142.0,RR
2026-03-18T03:00:00Z,-1.58,80.98,-718.0,LONG,232.0,mFRR
2026-03-18T03:15:00Z,64.85,141.36,336.0,SHORT,111.0,mFRR
2026-03-18T03:30:00Z,52.98,73.8,-258.0,LONG,154.0,mFRR
2026-03-18T03:45:00Z,-6.64,81.99,-571.0,LONG,375.0,aFRR
2026-03-18T04:00:00Z,69.35,156.74,584.0,SHORT,356.0,mFRR
2026-03-18T04:15:00Z,71.53,120.96,216.0,SHORT,86.0,RR
2026-03-18T04:30:00Z,66.32,152.72,427.0,SHORT,340.0,aFRR
2026-03-18T04:45:00Z,46.5,75.47,-157.0,LONG,102.0,RR
2026-03-18T05:00:00Z,69.08,72.52,23.0,BALANCED,0,
2026-03-18T05:15:00Z,3.12,77.71,-611.0,LONG,381.0,RR
2026-03-18T05:30:00Z,71.36,94.9,184.0,SHORT,108.0,RR
2026-03-18T05:45:00Z,68.34,130.86,179.0,SHORT,76.0,aFRR
2026-03-18T06:00:00Z,69.31,77.01,-1.0,BALANCED,0,
2026-03-18T06:15:00Z,65.99,101.71,329.0,SHORT,171.0,mFRR
2026-03-18T06:30:00Z,67.02,107.68,301.0,SHORT,175.0,mFRR
2026-03-18T06:45:00Z,68.61,85.91,161.0,SHORT,48.0,aFRR
2026-03-18T07:00:00Z,49.91,79.85,-147.0,LONG,82.0,aFRR
2026-03-18T07:15:00Z,70.23,102.75,274.0,SHORT,183.0,mFRR
2026-03-18T07:30:00Z,68.03,91.13,213.0,SHORT,117.0,RR
2026-03-18T07:45:00Z,70.79,73.61,-99.0,BALANCED,0,
2026-03-18T08:00:00Z,69.73,133.08,268.0,SHORT,96.0,mFRR
2026-03-18T08:15:00Z,30.31,73.58,-311.0,LONG,205.0,aFRR
2026-03-18T08:30:00Z,66.47,77.89,-31.0,BALANCED,0,
2026-03-18T08:45:00Z,7.04,75.28,-496.0,LONG,242.0,RR
2026-03-18T09:00:00Z,70.81,138.75,354.0,SHORT,146.0,aFRR
2026-03-18T09:15:00Z,1.03,82.83,-638.0,LONG,472.0,mFRR
2026-03-18T09:30:00Z,16.51,76.45,-514.0,LONG,404.0,aFRR
2026-03-18T09:45:00Z,31.71,76.0,-252.0,LONG,196.0,aFRR
2026-03-18T10:00:00Z,69.63,74.68,40.0,BALANCED,0,
2026-03-18T10:15:00Z,14.2,76.34,-557.0,LONG,439.0,RR
2026-03-18T10:30:00Z,53.95,77.17,-211.0,LONG,72.0,mFRR
2026-03-18T10:45:00Z,40.52,76.89,-200.0,LONG,106.0,RR
2026-03-18T11:00:00Z,65.71,115.7,175.0,SHORT,109.0,RR
2026-03-18T11:15:00Z,68.9,72.69,-95.0,BALANCED,0,
2026-03-18T11:30:00Z,64.3,80.96,-103.0,LONG,69.0,RR
2026-03-18T11:45:00Z,68.06,174.54,827.0,SHORT,290.0,RR
2026-03-18T12:00:00Z,67.4,106.33,184.0,SHORT,115.0,aFRR
2026-03-18T12:15:00Z,67.98,77.03,-59.0,BALANCED,0,
2026-03-18T12:30:00Z,65.52,132.58,428.0,SHORT,196.0,RR
2026-03-18T12:45:00Z,21.66,74.64,-317.0,LONG,101.0,aFRR
2026-03-18T13:00:00Z,66.44,74.24,-56.0,BALANCED,0,
2026-03-18T13:15:00Z,67.55,122.35,331.0,SHORT,184.0,aFRR
2026-03-18T13:30:00Z,30.35,75.7,-234.0,LONG,119.0,RR
2026-03-18T13:45:00Z,70.34,109.98,202.0,SHORT,83.0,aFRR
2026-03-18T14:00:00Z,36.65,79.23,-249.0,LONG,110.0,RR
2026-03-18T14:15:00Z,63.4,86.51,131.0,SHORT,103.0,mFRR
2026-03-18T14:30:00Z,67.41,74.09,-23.0,BALANCED,0,
2026-03-18T14:45:00Z,30.14,81.54,-182.0,LONG,132.0,RR
2026-03-18T15:00:00Z,50.2,77.76,-109.0,LONG,41.0,aFRR
2026-03-18T15:15:00Z,66.02,77.85,86.0,BALANCED,0,
2026-03-18T15:30:00Z,66.91,140.17,311.0,SHORT,181.0,aFRR
2026-03-18T15:45:00Z,75.07,109.63,178.0,SHORT,65.0,mFRR
2026-03-18T16:00:00Z,70.26,74.84,-1.0,BALANCED,0,
2026-03-18T16:15:00Z,42.11,80.83,-255.0,LONG,139.0,RR
2026-03-18T16:30:00Z,36.76,78.66,-284.0,LONG,100.0,RR
2026-03-18T16:45:00Z,67.09,76.01,-11.0,BALANCED,0,
2026-03-18T17:00:00Z,34.48,70.65,-216.0,LONG,84.0,aFRR
2026-03-18T17:15:00Z,64.09,103.17,434.0,SHORT,253.0,mFRR
2026-03-18T17:30:00Z,20.52,74.82,-401.0,LONG,302.0,mFRR
2026-03-18T17:45:00Z,64.58,143.71,380.0,SHORT,194.0,RR
2026-03-18T18:00:00Z,64.37,168.94,664.0,SHORT,449.0,aFRR
2026-03-18T18:15:00Z,67.68,127.94,413.0,SHORT,304.0,RR
2026-03-18T18:30:00Z,70.79,71.96,-35.0,BALANCED,0,
2026-03-18T18:45:00Z,6.05,78.67,-549.0,LONG,385.0,aFRR
2026-03-18T19:00:00Z,67.82,123.77,227.0,SHORT,162.0,mFRR
2026-03-18T19:15:00Z,70.48,131.2,564.0,SHORT,254.0,mFRR
2026-03-18T19:30:00Z,-7.59,77.73,-557.0,LONG,223.0,aFRR
2026-03-18T19:45:00Z,66.25,138.44,538.0,SHORT,335.0,mFRR
2026-03-18T20:00:00Z,29.68,76.28,-295.0,LONG,172.0,aFRR
2026-03-18T20:15:00Z,62.47,152.44,465.0,SHORT,279.0,aFRR
2026-03-18T20:30:00Z,-5.42,71.92,-652.0,LONG,400.0,mFRR
2026-03-18T20:45:00Z,67.22,98.98,118.0,SHORT,43.0,RR
2026-03-18T21:00:00Z,30.59,75.28,-347.0,LONG,146.0,RR
2026-03-18T21:15:00Z,54.52,72.03,-225.0,LONG,122.0,RR
2026-03-18T21:30:00Z,63.4,146.62,613.0,SHORT,357.0,aFRR
2026-03-18T21:45:00Z,69.44,76.95,81.0,BALANCED,0,
2026-03-18T22:00:00Z,18.99,81.71,-320.0,LONG,113.0,RR
2026-03-18T22:15:00Z,51.88,81.71,-161.0,LONG,52.0,mFRR
2026-03-18T22:30:00Z,68.88,75.97,-8.0,BALANCED,0,
2026-03-18T22:45:00Z,74.02,73.71,-34.0,BALANCED,0,
2026-03-18T23:00:00Z,71.37,136.6,364.0,SHORT,197.0,RR
2026-03-18T23:15:00Z,54.21,77.74,-181.0,LONG,109.0,aFRR
2026-03-18T23:30:00Z,39.09,76.29,-210.0,LONG,103.0,aFRR
2026-03-18T23:45:00Z,33.84,76.65,-197.0,LONG,99.0,aFRR
2026-03-19T00:00:00Z,69.48,74.05,61.0,BALANCED,0,
2026-03-19T00:15:00Z,33.61,79.16,-208.0,LONG,94.0,aFRR
2026-03-19T00:30:00Z,21.5,75.83,-271.0,LONG,214.0,mFRR
2026-03-19T00:45:00Z,66.06,132.79,496.0,SHORT,336.0,mFRR
2026-03-19T01:00:00Z,37.07,76.29,-289.0,LONG,97.0,mFRR
2026-03-19T01:15:00Z,38.85,76.99,-257.0,LONG,82.0,RR
2026-03-19T01:30:00Z,72.47,153.53,501.0,SHORT,388.0,RR
2026-03-19T01:45:00Z,45.55,78.31,-255.0,LONG,132.0,mFRR
2026-03-19T02:00:00Z,48.41,76.44,-207.0,LONG,153.0,RR
2026-03-19T02:15:00Z,67.9,74.03,-68.0,BALANCED,0,
2026-03-19T02:30:00Z,66.74,76.03,51.0,BALANCED,0,
2026-03-19T02:45:00Z,19.88,80.96,-369.0,LONG,254.0,aFRR
2026-03-19T03:00:00Z,73.39,128.25,132.0,SHORT,74.0,RR
2026-03-19T03:15:00Z,65.47,70.98,53.0,BALANCED,0,
2026-03-19T03:30:00Z,68.48,121.26,156.0,SHORT,109.0,aFRR
2026-03-19T03:45:00Z,9.6,76.79,-482.0,LONG,217.0,aFRR
2026-03-19T04:00:00Z,68.85,159.32,483.0,SHORT,267.0,RR
2026-03-19T04:15:00Z,70.49,105.1,273.0,SHORT,202.0,RR
2026-03-19T04:30:00Z,67.95,109.82,258.0,SHORT,107.0,aFRR
2026-03-19T04:45:00Z,70.67,73.17,45.0,BALANCED,0,
2026-03-19T05:00:00Z,54.0,84.53,-121.0,LONG,57.0,RR
2026-03-19T05:15:00Z,70.43,99.8,206.0,SHORT,107.0,RR
2026-03-19T05:30:00Z,65.82,169.68,566.0,SHORT,217.0,aFRR
2026-03-19T05:45:00Z,63.67,114.99,289.0,SHORT,225.0,mFRR
2026-03-19T06:00:00Z,67.31,139.73,292.0,SHORT,227.0,RR
2026-03-19T06:15:00Z,70.83,133.04,161.0,SHORT,111.0,RR
2026-03-19T06:30:00Z,58.22,84.05,-158.0,LONG,53.0,mFRR
2026-03-19T06:45:00Z,18.22,75.44,-364.0,LONG,291.0,RR
2026-03-19T07:00:00Z,65.5,109.23,436.0,SHORT,141.0,aFRR
2026-03-19T07:15:00Z,68.51,142.32,423.0,SHORT,249.0,aFRR
2026-03-19T07:30:00Z,61.97,116.05,248.0,SHORT,80.0,RR
2026-03-19T07:45:00Z,68.91,70.85,-22.0,BALANCED,0,
2026-03-19T08:00:00Z,66.48,76.36,-61.0,BALANCED,0,
2026-03-19T08:15:00Z,69.06,72.87,-45.0,BALANCED,0,
2026-03-19T08:30:00Z,65.57,122.38,249.0,SHORT,147.0,mFRR
2026-03-19T08:45:00Z,38.29,71.82,-207.0,LONG,127.0,RR
2026-03-19T09:00:00Z,10.65,80.89,-444.0,LONG,240.0,aFRR
2026-03-19T09:15:00Z,68.66,77.1,99.0,BALANCED,0,
2026-03-19T09:30:00Z,65.57,74.46,46.0,BALANCED,0,
2026-03-19T09:45:00Z,36.49,76.39,-290.0,LONG,160.0,mFRR
2026-03-19T10:00:00Z,64.96,52.2,153.0,SHORT,65.0,RR
2026-03-19T10:15:00Z,70.17,75.1,-68.0,BALANCED,0,
2026-03-19T10:30:00Z,68.42,120.64,406.0,SHORT,298.0,RR
2026-03-19T10:45:00Z,24.62,73.43,-342.0,LONG,210.0,RR
2026-03-19T11:00:00Z,70.84,73.96,-12.0,BALANCED,0,
2026-03-19T11:15:00Z,71.62,109.45,217.0,SHORT,123.0,aFRR
2026-03-19T11:30:00Z,39.67,71.6,-250.0,LONG,145.0,mFRR
2026-03-19T11:45:00Z,64.99,74.51,35.0,BALANCED,0,
2026-03-19T12:00:00Z,62.49,117.64,120.0,SHORT,43.0,RR
2026-03-19T12:15:00Z,10.88,80.31,-551.0,LONG,172.0,RR
2026-03-19T12:30:00Z,73.19,81.14,175.0,SHORT,75.0,aFRR
2026-03-19T12:45:00Z,23.75,75.7,-390.0,LONG,155.0,aFRR
2026-03-19T13:00:00Z,65.17,152.1,303.0,SHORT,167.0,aFRR
2026-03-19T13:15:00Z,67.62,134.48,298.0,SHORT,110.0,RR
2026-03-19T13:30:00Z,38.2,78.91,-172.0,LONG,86.0,RR
2026-03-19T13:45:00Z,72.4,73.22,12.0,BALANCED,0,
2026-03-19T14:00:00Z,64.86,72.25,21.0,BALANCED,0,
2026-03-19T14:15:00Z,9.31,73.41,-492.0,LONG,346.0,RR
2026-03-19T14:30:00Z,71.07,73.36,59.0,BALANCED,0,
2026-03-19T14:45:00Z,62.93,125.79,243.0,SHORT,133.0,aFRR
2026-03-19T15:00:00Z,60.7,116.12,352.0,SHORT,161.0,aFRR
2026-03-19T15:15:00Z,45.03,74.78,-132.0,LONG,51.0,RR
2026-03-19T15:30:00Z,59.71,101.51,274.0,SHORT,182.0,mFRR
2026-03-19T15:45:00Z,64.31,141.03,372.0,SHORT,116.0,aFRR
2026-03-19T16:00:00Z,71.98,73.88,-31.0,BALANCED,0,
2026-03-19T16:15:00Z,47.32,78.17,-122.0,LONG,54.0,mFRR
2026-03-19T16:30:00Z,62.98,101.34,152.0,SHORT,76.0,RR
2026-03-19T16:45:00Z,71.71,99.44,327.0,SHORT,188.0,RR
2026-03-19T17:00:00Z,26.69,78.66,-484.0,LONG,268.0,mFRR
2026-03-19T17:15:00Z,64.29,125.92,313.0,SHORT,202.0,mFRR
2026-03-19T17:30:00Z,50.59,84.73,-154.0,LONG,118.0,aFRR
2026-03-19T17:45:00Z,63.57,165.99,490.0,SHORT,212.0,aFRR
2026-03-19T18:00:00Z,14.09,78.28,-473.0,LONG,323.0,RR
2026-03-19T18:15:00Z,37.89,77.48,-238.0,LONG,174.0,mFRR
2026-03-19T18:30:00Z,67.31,77.02,-50.0,BALANCED,0,
2026-03-19T18:45:00Z,27.11,76.3,-373.0,LONG,220.0,aFRR
2026-03-19T19:00:00Z,40.15,78.42,-245.0,LONG,138.0,RR
2026-03-19T19:15:00Z,40.57,82.64,-184.0,LONG,115.0,aFRR
2026-03-19T19:30:00Z,66.97,129.8,243.0,SHORT,130.0,mFRR
2026-03-19T19:45:00Z,69.62,74.99,44.0,BALANCED,0,
2026-03-19T20:00:00Z,67.85,117.99,247.0,SHORT,122.0,aFRR
2026-03-19T20:15:00Z,69.98,138.0,146.0,SHORT,66.0,aFRR
2026-03-19T20:30:00Z,69.96,115.1,175.0,SHORT,104.0,aFRR
2026-03-19T20:45:00Z,69.57,75.99,-2.0,BALANCED,0,
2026-03-19T21:00:00Z,65.59,136.79,323.0,SHORT,172.0,aFRR
2026-03-19T21:15:00Z,24.79,77.64,-289.0,LONG,102.0,mFRR
2026-03-19T21:30:00Z,68.49,73.21,-89.0,BALANCED,0,
2026-03-19T21:45:00Z,67.07,75.37,87.0,BALANCED,0,
2026-03-19T22:00:00Z,65.95,71.4,69.0,BALANCED,0,
2026-03-19T22:15:00Z,54.33,77.01,-190.0,LONG,105.0,aFRR
2026-03-19T22:30:00Z,68.07,73.64,-76.0,BALANCED,0,
2026-03-19T22:45:00Z,62.37,130.33,363.0,SHORT,268.0,mFRR
2026-03-19T23:00:00Z,67.82,74.9,41.0,BALANCED,0,
2026-03-19T23:15:00Z,-2.39,74.81,-510.0,LONG,398.0,mFRR
2026-03-19T23:30:00Z,68.03,70.83,42.0,BALANCED,0,
2026-03-19T23:45:00Z,70.58,76.5,-65.0,BALANCED,0,
2026-03-20T00:00:00Z,69.8,73.43,-89.0,BALANCED,0,
2026-03-20T00:15:00Z,70.31,74.75,-42.0,BALANCED,0,
2026-03-20T00:30:00Z,73.14,76.37,10.0,BALANCED,0,
2026-03-20T00:45:00Z,42.92,74.22,-157.0,LONG,54.0,aFRR
2026-03-20T01:00:00Z,68.8,74.38,-35.0,BALANCED,0,
2026-03-20T01:15:00Z,69.17,76.57,99.0,BALANCED,0,
2026-03-20T01:30:00Z,50.89,77.46,-143.0,LONG,52.0,RR
2026-03-20T01:45:00Z,28.88,75.11,-307.0,LONG,187.0,RR
2026-03-20T02:00:00Z,70.67,150.94,349.0,SHORT,227.0,aFRR
2026-03-20T02:15:00Z,71.89,110.32,214.0,SHORT,103.0,aFRR
2026-03-20T02:30:00Z,67.07,106.71,208.0,SHORT,86.0,aFRR
2026-03-20T02:45:00Z,36.44,76.98,-183.0,LONG,130.0,mFRR
2026-03-20T03:00:00Z,69.82,75.32,-90.0,BALANCED,0,
2026-03-20T03:15:00Z,66.9,144.92,404.0,SHORT,194.0,aFRR
2026-03-20T03:30:00Z,30.85,80.39,-253.0,LONG,183.0,RR
2026-03-20T03:45:00Z,15.57,81.67,-476.0,LONG,257.0,RR
2026-03-20T04:00:00Z,34.97,70.46,-371.0,LONG,270.0,aFRR
2026-03-20T04:15:00Z,68.69,115.43,247.0,SHORT,164.0,mFRR
2026-03-20T04:30:00Z,70.7,129.11,121.0,SHORT,54.0,mFRR
2026-03-20T04:45:00Z,66.78,109.72,150.0,SHORT,113.0,mFRR
2026-03-20T05:00:00Z,70.79,77.83,-31.0,BALANCED,0,
2026-03-20T05:15:00Z,68.54,94.5,182.0,SHORT,58.0,mFRR
2026-03-20T05:30:00Z,66.0,123.95,328.0,SHORT,220.0,aFRR
2026-03-20T05:45:00Z,68.33,139.94,375.0,SHORT,139.0,aFRR
2026-03-20T06:00:00Z,71.32,75.75,-79.0,BALANCED,0,
2026-03-20T06:15:00Z,72.52,151.65,266.0,SHORT,168.0,mFRR
2026-03-20T06:30:00Z,37.56,76.84,-208.0,LONG,132.0,aFRR
2026-03-20T06:45:00Z,-13.21,75.75,-735.0,LONG,576.0,aFRR
2026-03-20T07:00:00Z,42.91,75.18,-255.0,LONG,121.0,RR
2026-03-20T07:15:00Z,67.33,119.94,535.0,SHORT,196.0,RR
2026-03-20T07:30:00Z,3.18,76.39,-624.0,LONG,282.0,RR
2026-03-20T07:45:00Z,64.11,115.51,190.0,SHORT,145.0,mFRR
2026-03-20T08:00:00Z,68.93,128.6,185.0,SHORT,107.0,mFRR
2026-03-20T08:15:00Z,67.5,73.58,-30.0,BALANCED,0,
2026-03-20T08:30:00Z,1.59,73.17,-511.0,LONG,312.0,mFRR
2026-03-20T08:45:00Z,70.44,76.28,-8.0,BALANCED,0,
2026-03-20T09:00:00Z,69.03,115.28,203.0,SHORT,125.0,RR
2026-03-20T09:15:00Z,66.75,107.7,318.0,SHORT,105.0,mFRR
2026-03-20T09:30:00Z,70.98,74.08,-33.0,BALANCED,0,
2026-03-20T09:45:00Z,56.07,73.45,-177.0,LONG,61.0,mFRR
2026-03-20T10:00:00Z,67.75,169.98,406.0,SHORT,303.0,RR
2026-03-20T10:15:00Z,69.92,73.87,22.0,BALANCED,0,
2026-03-20T10:30:00Z,68.73,74.78,21.0,BALANCED,0,
2026-03-20T10:45:00Z,65.03,95.37,161.0,SHORT,109.0,aFRR
2026-03-20T11:00:00Z,69.44,74.35,-94.0,BALANCED,0,
2026-03-20T11:15:00Z,28.99,73.44,-447.0,LONG,305.0,mFRR
2026-03-20T11:30:00Z,67.75,163.26,668.0,SHORT,291.0,RR
2026-03-20T11:45:00Z,67.44,76.86,-49.0,BALANCED,0,
2026-03-20T12:00:00Z,66.48,80.61,-49.0,BALANCED,0,
2026-03-20T12:15:00Z,29.7,79.65,-310.0,LONG,133.0,aFRR
2026-03-20T12:30:00Z,27.75,75.98,-348.0,LONG,222.0,aFRR
2026-03-20T12:45:00Z,34.44,81.37,-121.0,LONG,39.0,RR
2026-03-20T13:00:00Z,25.26,77.58,-470.0,LONG,202.0,RR
2026-03-20T13:15:00Z,-2.06,76.43,-564.0,LONG,251.0,mFRR
2026-03-20T13:30:00Z,74.99,139.37,315.0,SHORT,116.0,RR
2026-03-20T13:45:00Z,45.84,76.52,-147.0,LONG,71.0,mFRR
2026-03-20T14:00:00Z,7.07,75.15,-569.0,LONG,240.0,aFRR
2026-03-20T14:15:00Z,30.52,75.51,-234.0,LONG,77.0,RR
2026-03-20T14:30:00Z,66.39,78.45,87.0,BALANCED,0,
2026-03-20T14:45:00Z,69.89,72.09,45.0,BALANCED,0,
2026-03-20T15:00:00Z,15.41,72.35,-501.0,LONG,203.0,mFRR
2026-03-20T15:15:00Z,33.73,76.77,-197.0,LONG,94.0,RR
2026-03-20T15:30:00Z,65.8,107.38,344.0,SHORT,131.0,RR
2026-03-20T15:45:00Z,72.09,154.66,494.0,SHORT,337.0,mFRR
2026-03-20T16:00:00Z,20.57,77.09,-416.0,LONG,282.0,aFRR
2026-03-20T16:15:00Z,43.91,76.02,-284.0,LONG,147.0,RR
2026-03-20T16:30:00Z,53.8,76.65,-107.0,LONG,73.0,mFRR
2026-03-20T16:45:00Z,71.28,108.29,176.0,SHORT,105.0,aFRR
2026-03-20T17:00:00Z,26.56,77.97,-473.0,LONG,237.0,mFRR
2026-03-20T17:15:00Z,19.67,75.53,-431.0,LONG,288.0,aFRR
2026-03-20T17:30:00Z,17.96,79.33,-414.0,LONG,170.0,mFRR
2026-03-20T17:45:00Z,-3.83,74.3,-600.0,LONG,225.0,mFRR
2026-03-20T18:00:00Z,52.02,82.77,-146.0,LONG,103.0,mFRR
2026-03-20T18:15:00Z,69.08,72.03,-97.0,BALANCED,0,
2026-03-20T18:30:00Z,68.29,149.56,477.0,SHORT,284.0,aFRR
2026-03-20T18:45:00Z,69.25,75.25,89.0,BALANCED,0,
2026-03-20T19:00:00Z,26.74,71.46,-292.0,LONG,135.0,mFRR
2026-03-20T19:15:00Z,15.94,75.6,-600.0,LONG,237.0,RR
2026-03-20T19:30:00Z,71.64,143.35,262.0,SHORT,142.0,RR
2026-03-20T19:45:00Z,22.18,74.23,-343.0,LONG,129.0,mFRR
2026-03-20T20:00:00Z,69.79,75.31,-25.0,BALANCED,0,
2026-03-20T20:15:00Z,-10.88,78.71,-772.0,LONG,354.0,aFRR
2026-03-20T20:30:00Z,69.22,73.7,54.0,BALANCED,0,
2026-03-20T20:45:00Z,48.58,74.5,-138.0,LONG,96.0,mFRR
2026-03-20T21:00:00Z,22.53,71.17,-461.0,LONG,346.0,aFRR
2026-03-20T21:15:00Z,69.87,76.01,81.0,BALANCED,0,
2026-03-20T21:30:00Z,61.92,102.78,127.0,SHORT,44.0,aFRR
2026-03-20T21:45:00Z,12.69,70.54,-501.0,LONG,338.0,mFRR
2026-03-20T22:00:00Z,65.56,104.55,262.0,SHORT,166.0,RR
2026-03-20T22:15:00Z,69.32,105.24,219.0,SHORT,137.0,aFRR
2026-03-20T22:30:00Z,66.56,75.11,10.0,BALANCED,0,
2026-03-20T22:45:00Z,11.95,80.69,-507.0,LONG,351.0,mFRR
2026-03-20T23:00:00Z,54.71,76.72,-143.0,LONG,76.0,RR
2026-03-20T23:15:00Z,68.23,72.07,-99.0,BALANCED,0,
2026-03-20T23:30:00Z,66.97,137.95,304.0,SHORT,127.0,RR
2026-03-20T23:45:00Z,66.68,120.5,269.0,SHORT,164.0,aFRR
2026-03-21T00:00:00Z,70.17,102.65,181.0,SHORT,79.0,aFRR
2026-03-21T00:15:00Z,69.14,116.59,181.0,SHORT,98.0,RR
2026-03-21T00:30:00Z,31.05,74.54,-368.0,LONG,122.0,mFRR
2026-03-21T00:45:00Z,45.62,80.28,-148.0,LONG,60.0,mFRR
2026-03-21T01:00:00Z,-0.3,77.73,-527.0,LONG,312.0,aFRR
2026-03-21T01:15:00Z,68.81,77.28,65.0,BALANCED,0,
2026-03-21T01:30:00Z,67.12,75.31,-59.0,BALANCED,0,
2026-03-21T01:45:00Z,67.27,79.29,-85.0,BALANCED,0,
2026-03-21T02:00:00Z,52.3,74.09,-186.0,LONG,137.0,RR
2026-03-21T02:15:00Z,65.66,103.55,140.0,SHORT,76.0,RR
2026-03-21T02:30:00Z,67.45,149.82,454.0,SHORT,159.0,mFRR
2026-03-21T02:45:00Z,64.15,74.43,-84.0,BALANCED,0,
2026-03-21T03:00:00Z,50.38,71.15,-138.0,LONG,46.0,RR
2026-03-21T03:15:00Z,70.46,133.61,214.0,SHORT,95.0,aFRR
2026-03-21T03:30:00Z,69.09,74.6,7.0,BALANCED,0,
2026-03-21T03:45:00Z,69.62,114.78,112.0,SHORT,90.0,mFRR
2026-03-21T04:00:00Z,33.3,73.22,-282.0,LONG,125.0,aFRR
2026-03-21T04:15:00Z,67.04,104.6,349.0,SHORT,264.0,aFRR
2026-03-21T04:30:00Z,48.22,76.54,-127.0,LONG,80.0,mFRR
2026-03-21T04:45:00Z,67.26,123.8,315.0,SHORT,115.0,RR
2026-03-21T05:00:00Z,68.15,130.72,255.0,SHORT,168.0,mFRR
2026-03-21T05:15:00Z,63.53,163.48,674.0,SHORT,449.0,mFRR
2026-03-21T05:30:00Z,69.58,72.21,-47.0,BALANCED,0,
2026-03-21T05:45:00Z,68.35,75.07,68.0,BALANCED,0,
2026-03-21T06:00:00Z,72.02,72.91,15.0,BALANCED,0,
2026-03-21T06:15:00Z,40.16,79.07,-162.0,LONG,108.0,mFRR
2026-03-21T06:30:00Z,69.54,75.27,-17.0,BALANCED,0,
2026-03-21T06:45:00Z,66.38,103.76,361.0,SHORT,190.0,aFRR
2026-03-21T07:00:00Z,66.21,74.07,73.0,BALANCED,0,
2026-03-21T07:15:00Z,33.21,74.62,-379.0,LONG,264.0,RR
2026-03-21T07:30:00Z,29.55,76.63,-377.0,LONG,237.0,mFRR
2026-03-21T07:45:00Z,63.3,76.07,-154.0,LONG,110.0,RR
2026-03-21T08:00:00Z,13.53,74.35,-327.0,LONG,175.0,aFRR
2026-03-21T08:15:00Z,69.27,73.54,-44.0,BALANCED,0,
2026-03-21T08:30:00Z,42.06,80.79,-277.0,LONG,165.0,aFRR
2026-03-21T08:45:00Z,65.84,122.29,287.0,SHORT,202.0,mFRR
2026-03-21T09:00:00Z,24.1,78.68,-386.0,LONG,207.0,mFRR
2026-03-21T09:15:00Z,66.15,157.69,386.0,SHORT,280.0,aFRR
2026-03-21T09:30:00Z,65.6,156.95,412.0,SHORT,271.0,aFRR
2026-03-21T09:45:00Z,69.81,188.64,683.0,SHORT,402.0,RR
2026-03-21T10:00:00Z,36.45,76.47,-221.0,LONG,177.0,aFRR
2026-03-21T10:15:00Z,68.94,118.97,156.0,SHORT,122.0,aFRR
2026-03-21T10:30:00Z,65.09,74.19,-12.0,BALANCED,0,
2026-03-21T10:45:00Z,70.06,76.24,22.0,BALANCED,0,
2026-03-21T11:00:00Z,28.26,74.68,-369.0,LONG,286.0,mFRR
2026-03-21T11:15:00Z,54.86,72.53,-187.0,LONG,73.0,aFRR
2026-03-21T11:30:00Z,65.03,116.27,343.0,SHORT,165.0,RR
2026-03-21T11:45:00Z,67.35,76.71,40.0,BALANCED,0,
2026-03-21T12:00:00Z,13.65,76.78,-483.0,LONG,154.0,mFRR
2026-03-21T12:15:00Z,72.13,133.23,401.0,SHORT,276.0,RR
2026-03-21T12:30:00Z,70.62,72.23,45.0,BALANCED,0,
2026-03-21T12:45:00Z,43.68,74.35,-146.0,LONG,102.0,mFRR
2026-03-21T13:00:00Z,11.03,76.92,-548.0,LONG,417.0,RR
2026-03-21T13:15:00Z,23.62,77.37,-378.0,LONG,273.0,mFRR
2026-03-21T13:30:00Z,66.52,112.18,113.0,SHORT,54.0,RR
2026-03-21T13:45:00Z,67.35,75.5,27.0,BALANCED,0,
2026-03-21T14:00:00Z,37.21,79.3,-235.0,LONG,90.0,mFRR
2026-03-21T14:15:00Z,53.35,80.6,-124.0,LONG,42.0,mFRR
2026-03-21T14:30:00Z,69.06,72.21,85.0,BALANCED,0,
2026-03-21T14:45:00Z,62.61,120.63,272.0,SHORT,85.0,aFRR
2026-03-21T15:00:00Z,67.78,94.13,142.0,SHORT,100.0,mFRR
2026-03-21T15:15:00Z,16.5,77.55,-409.0,LONG,125.0,aFRR
2026-03-21T15:30:00Z,30.35,79.52,-231.0,LONG,79.0,mFRR
2026-03-21T15:45:00Z,74.71,157.22,584.0,SHORT,237.0,RR
2026-03-21T16:00:00Z,64.49,76.03,83.0,BALANCED,0,
2026-03-21T16:15:00Z,65.32,91.92,124.0,SHORT,85.0,mFRR
2026-03-21T16:30:00Z,39.17,74.19,-227.0,LONG,73.0,RR
2026-03-21T16:45:00Z,52.01,76.12,-100.0,LONG,50.0,aFRR
2026-03-21T17:00:00Z,51.85,82.57,-109.0,LONG,44.0,mFRR
2026-03-21T17:15:00Z,38.98,80.84,-125.0,LONG,87.0,RR
2026-03-21T17:30:00Z,20.28,74.92,-475.0,LONG,252.0,RR
2026-03-21T17:45:00Z,71.63,74.48,-72.0,BALANCED,0,
2026-03-21T18:00:00Z,66.75,121.38,448.0,SHORT,169.0,aFRR
2026-03-21T18:15:00Z,47.16,80.79,-175.0,LONG,63.0,RR
2026-03-21T18:30:00Z,60.36,124.81,226.0,SHORT,163.0,aFRR
2026-03-21T18:45:00Z,69.17,76.64,-77.0,BALANCED,0,
2026-03-21T19:00:00Z,75.32,144.78,275.0,SHORT,89.0,aFRR
2026-03-21T19:15:00Z,43.48,80.62,-223.0,LONG,177.0,RR
2026-03-21T19:30:00Z,55.89,79.01,-168.0,LONG,77.0,RR
2026-03-21T19:45:00Z,68.37,102.47,116.0,SHORT,49.0,aFRR
2026-03-21T20:00:00Z,67.43,99.58,332.0,SHORT,255.0,aFRR
2026-03-21T20:15:00Z,69.59,110.48,229.0,SHORT,163.0,aFRR
2026-03-21T20:30:00Z,31.87,72.68,-310.0,LONG,232.0,RR
2026-03-21T20:45:00Z,65.7,115.19,252.0,SHORT,163.0,RR
2026-03-21T21:00:00Z,68.19,104.53,122.0,SHORT,53.0,mFRR
2026-03-21T21:15:00Z,66.4,74.89,-52.0,BALANCED,0,
2026-03-21T21:30:00Z,71.43,75.47,72.0,BALANCED,0,
2026-03-21T21:45:00Z,69.72,108.45,141.0,SHORT,56.0,RR
2026-03-21T22:00:00Z,23.81,76.29,-358.0,LONG,196.0,RR
2026-03-21T22:15:00Z,51.62,78.11,-255.0,LONG,201.0,aFRR
2026-03-21T22:30:00Z,65.99,145.68,376.0,SHORT,235.0,mFRR
2026-03-21T22:45:00Z,1.73,80.23,-509.0,LONG,239.0,mFRR
2026-03-21T23:00:00Z,43.74,80.31,-183.0,LONG,112.0,RR
2026-03-21T23:15:00Z,68.85,87.59,112.0,SHORT,54.0,aFRR
2026-03-21T23:30:00Z,0.31,76.1,-454.0,LONG,310.0,RR
2026-03-21T23:45:00Z,36.49,80.55,-209.0,LONG,128.0,mFRR
2026-03-22T00:00:00Z,65.03,98.86,170.0,SHORT,102.0,mFRR
2026-03-22T00:15:00Z,25.07,74.68,-387.0,LONG,309.0,mFRR
2026-03-22T00:30:00Z,45.26,74.4,-213.0,LONG,112.0,mFRR
2026-03-22T00:45:00Z,71.19,157.24,557.0,SHORT,290.0,aFRR
2026-03-22T01:00:00Z,66.7,123.81,296.0,SHORT,203.0,RR
2026-03-22T01:15:00Z,66.69,114.27,175.0,SHORT,109.0,aFRR
2026-03-22T01:30:00Z,67.01,77.97,77.0,BALANCED,0,
2026-03-22T01:45:00Z,66.84,108.49,368.0,SHORT,288.0,aFRR
2026-03-22T02:00:00Z,69.49,78.25,-45.0,BALANCED,0,
2026-03-22T02:15:00Z,68.66,75.83,-3.0,BALANCED,0,
2026-03-22T02:30:00Z,21.46,76.11,-322.0,LONG,218.0,mFRR
2026-03-22T02:45:00Z,21.51,72.91,-280.0,LONG,203.0,aFRR
2026-03-22T03:00:00Z,38.76,78.38,-117.0,LONG,61.0,aFRR
2026-03-22T03:15:00Z,29.6,77.6,-147.0,LONG,85.0,aFRR
2026-03-22T03:30:00Z,-8.31,77.24,-632.0,LONG,348.0,RR
2026-03-22T03:45:00Z,41.44,78.03,-257.0,LONG,152.0,RR
2026-03-22T04:00:00Z,65.87,140.82,328.0,SHORT,245.0,RR
2026-03-22T04:15:00Z,71.12,92.05,191.0,SHORT,117.0,RR
2026-03-22T04:30:00Z,25.17,72.78,-460.0,LONG,264.0,aFRR
2026-03-22T04:45:00Z,67.74,114.36,203.0,SHORT,101.0,mFRR
2026-03-22T05:00:00Z,67.82,103.39,133.0,SHORT,74.0,RR
2026-03-22T05:15:00Z,18.67,76.03,-449.0,LONG,231.0,mFRR
2026-03-22T05:30:00Z,67.7,75.53,95.0,BALANCED,0,
2026-03-22T05:45:00Z,42.02,78.8,-166.0,LONG,127.0,aFRR
2026-03-22T06:00:00Z,70.7,76.82,-22.0,BALANCED,0,
2026-03-22T06:15:00Z,67.78,71.97,-5.0,BALANCED,0,
2026-03-22T06:30:00Z,70.82,144.1,417.0,SHORT,244.0,mFRR
2026-03-22T06:45:00Z,72.01,103.26,251.0,SHORT,175.0,aFRR
2026-03-22T07:00:00Z,68.13,115.36,194.0,SHORT,139.0,mFRR
2026-03-22T07:15:00Z,53.86,81.49,-101.0,LONG,57.0,aFRR
2026-03-22T07:30:00Z,71.24,140.63,274.0,SHORT,217.0,aFRR
2026-03-22T07:45:00Z,49.07,74.53,-164.0,LONG,91.0,mFRR
2026-03-22T08:00:00Z,48.52,76.74,-272.0,LONG,119.0,aFRR
2026-03-22T08:15:00Z,66.03,134.27,206.0,SHORT,121.0,aFRR
2026-03-22T08:30:00Z,29.04,72.11,-276.0,LONG,127.0,mFRR
2026-03-22T08:45:00Z,72.16,77.31,12.0,BALANCED,0,
2026-03-22T09:00:00Z,31.32,78.8,-355.0,LONG,138.0,RR
2026-03-22T09:15:00Z,68.57,74.57,-79.0,BALANCED,0,
2026-03-22T09:30:00Z,60.24,108.06,105.0,SHORT,69.0,RR
2026-03-22T09:45:00Z,5.54,76.75,-395.0,LONG,126.0,mFRR
2026-03-22T10:00:00Z,70.82,70.67,66.0,BALANCED,0,
2026-03-22T10:15:00Z,63.93,140.8,415.0,SHORT,190.0,mFRR
2026-03-22T10:30:00Z,39.1,74.27,-168.0,LONG,105.0,mFRR
2026-03-22T10:45:00Z,69.89,140.47,203.0,SHORT,149.0,aFRR
2026-03-22T11:00:00Z,70.44,75.7,-27.0,BALANCED,0,
2026-03-22T11:15:00Z,70.67,72.42,-27.0,BALANCED,0,
2026-03-22T11:30:00Z,12.28,79.39,-491.0,LONG,236.0,aFRR
2026-03-22T11:45:00Z,-9.25,77.8,-828.0,LONG,309.0,aFRR
2026-03-22T12:00:00Z,42.6,77.99,-155.0,LONG,47.0,RR
2026-03-22T12:15:00Z,44.46,73.18,-168.0,LONG,71.0,aFRR
2026-03-22T12:30:00Z,25.48,77.14,-333.0,LONG,183.0,aFRR
2026-03-22T12:45:00Z,69.83,78.1,-86.0,BALANCED,0,
2026-03-22T13:00:00Z,39.72,77.48,-244.0,LONG,157.0,RR
2026-03-22T13:15:00Z,40.99,80.98,-169.0,LONG,105.0,mFRR
2026-03-22T13:30:00Z,70.03,76.36,-26.0,BALANCED,0,
2026-03-22T13:45:00Z,67.29,71.26,-2.0,BALANCED,0,
2026-03-22T14:00:00Z,67.29,134.29,289.0,SHORT,208.0,RR
2026-03-22T14:15:00Z,72.33,74.72,56.0,BALANCED,0,
2026-03-22T14:30:00Z,42.62,76.31,-166.0,LONG,131.0,RR
2026-03-22T14:45:00Z,69.75,74.98,62.0,BALANCED,0,
2026-03-22T15:00:00Z,70.35,131.33,322.0,SHORT,226.0,mFRR
2026-03-22T15:15:00Z,69.46,152.79,570.0,SHORT,297.0,mFRR
2026-03-22T15:30:00Z,68.09,144.28,597.0,SHORT,344.0,RR
2026-03-22T15:45:00Z,30.01,81.04,-272.0,LONG,198.0,mFRR
2026-03-22T16:00:00Z,68.57,118.33,177.0,SHORT,76.0,RR
2026-03-22T16:15:00Z,46.77,78.98,-249.0,LONG,96.0,aFRR
2026-03-22T16:30:00Z,69.94,76.08,40.0,BALANCED,0,
2026-03-22T16:45:00Z,30.58,80.69,-301.0,LONG,180.0,aFRR
2026-03-22T17:00:00Z,73.15,72.08,36.0,BALANCED,0,
2026-03-22T17:15:00Z,13.79,71.66,-394.0,LONG,182.0,mFRR
2026-03-22T17:30:00Z,69.38,74.08,20.0,BALANCED,0,
2026-03-22T17:45:00Z,69.28,70.96,-67.0,BALANCED,0,
2026-03-22T18:00:00Z,10.21,76.25,-523.0,LONG,404.0,RR
2026-03-22T18:15:00Z,26.24,75.31,-286.0,LONG,228.0,mFRR
2026-03-22T18:30:00Z,64.84,137.95,233.0,SHORT,151.0,RR
2026-03-22T18:45:00Z,63.49,123.15,152.0,SHORT,111.0,mFRR
2026-03-22T19:00:00Z,65.21,78.44,-71.0,BALANCED,0,
2026-03-22T19:15:00Z,14.8,76.49,-350.0,LONG,208.0,mFRR
2026-03-22T19:30:00Z,29.71,69.39,-276.0,LONG,193.0,RR
2026-03-22T19:45:00Z,32.31,77.59,-338.0,LONG,190.0,RR
2026-03-22T20:00:00Z,58.8,150.91,489.0,SHORT,335.0,RR
2026-03-22T20:15:00Z,67.12,102.17,476.0,SHORT,155.0,aFRR
2026-03-22T20:30:00Z,-1.91,74.47,-588.0,LONG,220.0,mFRR
2026-03-22T20:45:00Z,68.01,73.18,26.0,BALANCED,0,
2026-03-22T21:00:00Z,69.39,126.4,307.0,SHORT,210.0,RR
2026-03-22T21:15:00Z,67.39,73.93,-75.0,BALANCED,0,
2026-03-22T21:30:00Z,68.33,100.44,185.0,SHORT,66.0,RR
2026-03-22T21:45:00Z,66.56,143.6,393.0,SHORT,216.0,mFRR
2026-03-22T22:00:00Z,39.22,73.57,-332.0,LONG,237.0,mFRR
2026-03-22T22:15:00Z,68.53,72.9,57.0,BALANCED,0,
2026-03-22T22:30:00Z,68.71,95.28,174.0,SHORT,112.0,RR
2026-03-22T22:45:00Z,69.4,127.04,253.0,SHORT,147.0,aFRR
2026-03-22T23:00:00Z,70.66,90.88,264.0,SHORT,150.0,mFRR
2026-03-22T23:15:00Z,40.89,81.17,-292.0,LONG,182.0,aFRR
2026-03-22T23:30:00Z,66.62,131.49,232.0,SHORT,117.0,aFRR
2026-03-22T23:45:00Z,43.0,77.75,-210.0,LONG,69.0,RR
2026-03-23T00:00:00Z,67.71,121.36,282.0,SHORT,210.0,mFRR
2026-03-23T00:15:00Z,65.36,74.97,17.0,BALANCED,0,
2026-03-23T00:30:00Z,70.62,114.44,190.0,SHORT,117.0,mFRR
2026-03-23T00:45:00Z,70.62,74.49,29.0,BALANCED,0,
2026-03-23T01:00:00Z,48.32,78.55,-161.0,LONG,73.0,RR
2026-03-23T01:15:00Z,60.52,146.07,293.0,SHORT,201.0,mFRR
2026-03-23T01:30:00Z,37.6,70.89,-194.0,LONG,129.0,aFRR
2026-03-23T01:45:00Z,68.55,72.31,-22.0,BALANCED,0,
2026-03-23T02:00:00Z,70.32,76.14,54.0,BALANCED,0,
2026-03-23T02:15:00Z,60.83,146.87,423.0,SHORT,270.0,mFRR
2026-03-23T02:30:00Z,25.54,75.2,-202.0,LONG,61.0,mFRR
2026-03-23T02:45:00Z,7.57,76.91,-444.0,LONG,297.0,RR
2026-03-23T03:00:00Z,67.18,74.89,-10.0,BALANCED,0,
2026-03-23T03:15:00Z,-17.27,76.21,-701.0,LONG,242.0,RR
2026-03-23T03:30:00Z,38.67,73.35,-242.0,LONG,83.0,aFRR
2026-03-23T03:45:00Z,45.84,77.25,-191.0,LONG,102.0,RR
2026-03-23T04:00:00Z,70.13,76.53,-6.0,BALANCED,0,
2026-03-23T04:15:00Z,43.44,81.06,-178.0,LONG,124.0,aFRR
2026-03-23T04:30:00Z,16.46,79.16,-591.0,LONG,268.0,RR
2026-03-23T04:45:00Z,56.57,79.09,-142.0,LONG,89.0,mFRR
2026-03-23T05:00:00Z,46.46,76.14,-143.0,LONG,45.0,aFRR
2026-03-23T05:15:00Z,70.26,110.36,296.0,SHORT,151.0,mFRR
2026-03-23T05:30:00Z,40.6,81.22,-143.0,LONG,108.0,mFRR
2026-03-23T05:45:00Z,68.16,124.17,491.0,SHORT,311.0,RR
2026-03-23T06:00:00Z,12.44,74.84,-441.0,LONG,320.0,RR
2026-03-23T06:15:00Z,71.35,75.1,62.0,BALANCED,0,
2026-03-23T06:30:00Z,69.44,71.46,57.0,BALANCED,0,
2026-03-23T06:45:00Z,66.33,108.52,118.0,SHORT,60.0,aFRR
2026-03-23T07:00:00Z,68.95,148.58,390.0,SHORT,172.0,mFRR
2026-03-23T07:15:00Z,29.78,75.31,-256.0,LONG,144.0,RR
2026-03-23T07:30:00Z,70.37,73.11,13.0,BALANCED,0,
2026-03-23T07:45:00Z,50.53,76.65,-118.0,LONG,40.0,RR
2026-03-23T08:00:00Z,19.82,74.99,-314.0,LONG,242.0,RR
2026-03-23T08:15:00Z,69.27,103.31,254.0,SHORT,104.0,aFRR
2026-03-23T08:30:00Z,70.65,73.5,-66.0,BALANCED,0,
2026-03-23T08:45:00Z,70.93,86.23,127.0,SHORT,87.0,mFRR
2026-03-23T09:00:00Z,68.63,75.29,55.0,BALANCED,0,
2026-03-23T09:15:00Z,71.2,117.75,230.0,SHORT,160.0,RR
2026-03-23T09:30:00Z,50.83,78.46,-204.0,LONG,63.0,RR
2026-03-23T09:45:00Z,68.22,101.24,257.0,SHORT,84.0,aFRR
2026-03-23T10:00:00Z,46.72,74.76,-171.0,LONG,127.0,RR
2026-03-23T10:15:00Z,4.68,76.29,-523.0,LONG,400.0,aFRR
2026-03-23T10:30:00Z,68.95,77.01,94.0,BALANCED,0,
2026-03-23T10:45:00Z,33.17,72.89,-259.0,LONG,127.0,mFRR
2026-03-23T11:00:00Z,63.24,129.46,580.0,SHORT,440.0,mFRR
2026-03-23T11:15:00Z,65.07,128.22,607.0,SHORT,200.0,mFRR
2026-03-23T11:30:00Z,70.57,74.08,-93.0,BALANCED,0,
2026-03-23T11:45:00Z,66.29,124.35,122.0,SHORT,46.0,mFRR
2026-03-23T12:00:00Z,44.52,74.62,-151.0,LONG,68.0,RR
2026-03-23T12:15:00Z,70.02,98.64,193.0,SHORT,84.0,RR
2026-03-23T12:30:00Z,49.35,75.27,-157.0,LONG,67.0,mFRR
2026-03-23T12:45:00Z,71.95,72.73,42.0,BALANCED,0,
2026-03-23T13:00:00Z,69.66,72.18,-45.0,BALANCED,0,
2026-03-23T13:15:00Z,59.92,123.98,320.0,SHORT,112.0,aFRR
2026-03-23T13:30:00Z,70.19,73.05,-11.0,BALANCED,0,
2026-03-23T13:45:00Z,65.38,78.57,-34.0,BALANCED,0,
2026-03-23T14:00:00Z,32.92,75.04,-292.0,LONG,109.0,aFRR
2026-03-23T14:15:00Z,68.29,77.7,-10.0,BALANCED,0,
2026-03-23T14:30:00Z,72.7,108.59,118.0,SHORT,43.0,mFRR
2026-03-23T14:45:00Z,68.41,75.22,-19.0,BALANCED,0,
2026-03-23T15:00:00Z,35.6,75.63,-257.0,LONG,178.0,RR
2026-03-23T15:15:00Z,71.39,72.71,13.0,BALANCED,0,
2026-03-23T15:30:00Z,36.01,81.4,-305.0,LONG,230.0,mFRR
2026-03-23T15:45:00Z,68.81,112.19,175.0,SHORT,98.0,RR
2026-03-23T16:00:00Z,65.28,125.13,203.0,SHORT,148.0,aFRR
2026-03-23T16:15:00Z,70.38,76.74,-81.0,BALANCED,0,
2026-03-23T16:30:00Z,69.49,78.71,8.0,BALANCED,0,
2026-03-23T16:45:00Z,63.28,101.05,143.0,SHORT,65.0,aFRR
2026-03-23T17:00:00Z,29.29,80.57,-303.0,LONG,186.0,RR
2026-03-23T17:15:00Z,42.2,78.05,-294.0,LONG,168.0,mFRR
2026-03-23T17:30:00Z,69.03,128.59,375.0,SHORT,206.0,mFRR
2026-03-23T17:45:00Z,71.78,73.94,-47.0,BALANCED,0,
2026-03-23T18:00:00Z,65.18,149.78,289.0,SHORT,207.0,RR
2026-03-23T18:15:00Z,75.34,74.53,44.0,BALANCED,0,
2026-03-23T18:30:00Z,73.46,71.9,87.0,BALANCED,0,
2026-03-23T18:45:00Z,67.18,114.32,195.0,SHORT,136.0,aFRR
2026-03-23T19:00:00Z,-25.97,71.65,-774.0,LONG,365.0,aFRR
2026-03-23T19:15:00Z,65.51,96.46,167.0,SHORT,97.0,aFRR
2026-03-23T19:30:00Z,69.98,103.98,114.0,SHORT,51.0,aFRR
2026-03-23T19:45:00Z,63.73,133.38,336.0,SHORT,106.0,mFRR
2026-03-23T20:00:00Z,71.22,75.32,11.0,BALANCED,0,
2026-03-23T20:15:00Z,59.0,117.81,444.0,SHORT,328.0,aFRR
2026-03-23T20:30:00Z,21.12,79.63,-310.0,LONG,163.0,RR
2026-03-23T20:45:00Z,48.36,73.42,-160.0,LONG,112.0,mFRR
2026-03-23T21:00:00Z,35.73,81.59,-260.0,LONG,204.0,RR
2026-03-23T21:15:00Z,68.56,73.76,-2.0,BALANCED,0,
2026-03-23T21:30:00Z,58.11,77.21,-206.0,LONG,142.0,mFRR
2026-03-23T21:45:00Z,68.8,111.35,237.0,SHORT,112.0,RR
2026-03-23T22:00:00Z,67.06,161.68,275.0,SHORT,193.0,aFRR
2026-03-23T22:15:00Z,18.39,80.01,-402.0,LONG,177.0,aFRR
2026-03-23T22:30:00Z,69.47,130.66,246.0,SHORT,79.0,RR
2026-03-23T22:45:00Z,66.53,136.85,308.0,SHORT,122.0,aFRR
2026-03-23T23:00:00Z,70.79,75.16,13.0,BALANCED,0,
2026-03-23T23:15:00Z,22.96,78.45,-347.0,LONG,270.0,mFRR
2026-03-23T23:30:00Z,69.7,73.02,-65.0,BALANCED,0,
2026-03-23T23:45:00Z,69.64,75.77,-19.0,BALANCED,0,
2026-03-24T00:00:00Z,70.01,150.77,585.0,SHORT,303.0,mFRR
2026-03-24T00:15:00Z,65.87,137.2,303.0,SHORT,136.0,mFRR
2026-03-24T00:30:00Z,42.22,78.88,-153.0,LONG,80.0,mFRR
2026-03-24T00:45:00Z,71.66,142.52,240.0,SHORT,156.0,RR
2026-03-24T01:00:00Z,66.89,74.97,-53.0,BALANCED,0,
2026-03-24T01:15:00Z,63.95,80.9,168.0,SHORT,125.0,aFRR
2026-03-24T01:30:00Z,68.13,76.65,-11.0,BALANCED,0,
2026-03-24T01:45:00Z,73.82,73.14,91.0,BALANCED,0,
2026-03-24T02:00:00Z,56.23,76.97,-131.0,LONG,52.0,mFRR
2026-03-24T02:15:00Z,63.47,117.25,168.0,SHORT,116.0,mFRR
2026-03-24T02:30:00Z,65.8,110.8,191.0,SHORT,62.0,RR
2026-03-24T02:45:00Z,59.74,96.33,207.0,SHORT,116.0,RR
2026-03-24T03:00:00Z,36.72,80.27,-181.0,LONG,100.0,aFRR
2026-03-24T03:15:00Z,52.31,78.06,-160.0,LONG,95.0,aFRR
2026-03-24T03:30:00Z,8.59,74.19,-473.0,LONG,144.0,mFRR
2026-03-24T03:45:00Z,68.26,71.85,-49.0,BALANCED,0,
2026-03-24T04:00:00Z,67.3,145.74,493.0,SHORT,180.0,aFRR
2026-03-24T04:15:00Z,69.57,72.89,31.0,BALANCED,0,
2026-03-24T04:30:00Z,40.08,81.42,-173.0,LONG,59.0,aFRR
2026-03-24T04:45:00Z,64.39,104.09,249.0,SHORT,144.0,aFRR
2026-03-24T05:00:00Z,68.59,164.69,414.0,SHORT,185.0,mFRR
2026-03-24T05:15:00Z,46.5,75.27,-164.0,LONG,94.0,RR
2026-03-24T05:30:00Z,69.56,75.07,-73.0,BALANCED,0,
2026-03-24T05:45:00Z,23.74,79.11,-285.0,LONG,221.0,RR
2026-03-24T06:00:00Z,67.45,78.16,-24.0,BALANCED,0,
2026-03-24T06:15:00Z,69.03,96.06,143.0,SHORT,86.0,mFRR
2026-03-24T06:30:00Z,70.76,121.9,243.0,SHORT,183.0,aFRR
2026-03-24T06:45:00Z,44.15,76.19,-145.0,LONG,113.0,RR
2026-03-24T07:00:00Z,74.57,76.13,52.0,BALANCED,0,
2026-03-24T07:15:00Z,69.07,75.24,-17.0,BALANCED,0,
2026-03-24T07:30:00Z,10.0,79.21,-525.0,LONG,270.0,RR
2026-03-24T07:45:00Z,72.58,97.25,235.0,SHORT,77.0,aFRR
2026-03-24T08:00:00Z,27.8,77.79,-324.0,LONG,136.0,RR
2026-03-24T08:15:00Z,-38.2,77.43,-987.0,LONG,355.0,RR
2026-03-24T08:30:00Z,43.74,79.26,-256.0,LONG,171.0,RR
2026-03-24T08:45:00Z,59.53,69.84,-188.0,LONG,79.0,RR
2026-03-24T09:00:00Z,64.95,104.44,165.0,SHORT,132.0,aFRR
2026-03-24T09:15:00Z,67.61,115.89,193.0,SHORT,116.0,mFRR
2026-03-24T09:30:00Z,68.0,93.62,130.0,SHORT,79.0,RR
2026-03-24T09:45:00Z,66.84,122.73,261.0,SHORT,107.0,mFRR
2026-03-24T10:00:00Z,66.37,102.84,293.0,SHORT,105.0,mFRR
2026-03-24T10:15:00Z,38.49,81.19,-201.0,LONG,123.0,RR
2026-03-24T10:30:00Z,69.33,103.56,132.0,SHORT,71.0,RR
2026-03-24T10:45:00Z,69.67,75.64,-47.0,BALANCED,0,
2026-03-24T11:00:00Z,39.2,82.13,-238.0,LONG,107.0,aFRR
2026-03-24T11:15:00Z,67.88,124.8,317.0,SHORT,247.0,RR
2026-03-24T11:30:00Z,68.42,120.02,354.0,SHORT,260.0,RR
2026-03-24T11:45:00Z,-8.42,76.99,-629.0,LONG,501.0,mFRR
2026-03-24T12:00:00Z,41.08,75.68,-335.0,LONG,113.0,aFRR
2026-03-24T12:15:00Z,22.39,73.6,-429.0,LONG,129.0,aFRR
2026-03-24T12:30:00Z,67.3,139.13,489.0,SHORT,204.0,aFRR
2026-03-24T12:45:00Z,66.63,142.57,543.0,SHORT,265.0,RR
2026-03-24T13:00:00Z,33.63,81.49,-350.0,LONG,189.0,RR
2026-03-24T13:15:00Z,56.03,77.42,-125.0,LONG,67.0,mFRR
2026-03-24T13:30:00Z,63.49,128.12,162.0,SHORT,125.0,aFRR
2026-03-24T13:45:00Z,70.19,72.59,11.0,BALANCED,0,
2026-03-24T14:00:00Z,33.65,78.34,-336.0,LONG,249.0,mFRR
2026-03-24T14:15:00Z,29.43,79.51,-331.0,LONG,140.0,mFRR
2026-03-24T14:30:00Z,8.31,79.17,-529.0,LONG,354.0,aFRR
2026-03-24T14:45:00Z,65.06,69.48,20.0,BALANCED,0,
2026-03-24T15:00:00Z,64.81,110.55,413.0,SHORT,213.0,mFRR
2026-03-24T15:15:00Z,29.86,73.0,-326.0,LONG,127.0,RR
2026-03-24T15:30:00Z,67.87,78.44,89.0,BALANCED,0,
2026-03-24T15:45:00Z,62.79,138.83,584.0,SHORT,242.0,RR
2026-03-24T16:00:00Z,66.6,72.92,97.0,BALANCED,0,
2026-03-24T16:15:00Z,69.09,137.9,246.0,SHORT,102.0,mFRR
2026-03-24T16:30:00Z,22.14,73.1,-258.0,LONG,176.0,mFRR
2026-03-24T16:45:00Z,37.45,75.61,-275.0,LONG,113.0,aFRR
2026-03-24T17:00:00Z,67.33,142.19,317.0,SHORT,194.0,mFRR
2026-03-24T17:15:00Z,67.15,80.24,193.0,SHORT,72.0,RR
2026-03-24T17:30:00Z,62.37,148.06,411.0,SHORT,240.0,aFRR
2026-03-24T17:45:00Z,69.49,98.12,151.0,SHORT,57.0,aFRR
2026-03-24T18:00:00Z,66.15,102.35,161.0,SHORT,127.0,mFRR
2026-03-24T18:15:00Z,67.42,73.71,-66.0,BALANCED,0,
2026-03-24T18:30:00Z,46.1,78.53,-209.0,LONG,96.0,mFRR
2026-03-24T18:45:00Z,58.87,106.8,202.0,SHORT,154.0,mFRR
2026-03-24T19:00:00Z,68.63,73.22,6.0,BALANCED,0,
2026-03-24T19:15:00Z,70.59,77.55,-10.0,BALANCED,0,
2026-03-24T19:30:00Z,69.84,75.08,-86.0,BALANCED,0,
2026-03-24T19:45:00Z,13.45,75.58,-295.0,LONG,115.0,mFRR
2026-03-24T20:00:00Z,65.67,71.17,-80.0,BALANCED,0,
2026-03-24T20:15:00Z,27.65,77.88,-276.0,LONG,180.0,RR
2026-03-24T20:30:00Z,75.07,70.15,29.0,BALANCED,0,
2026-03-24T20:45:00Z,70.53,73.31,42.0,BALANCED,0,
2026-03-24T21:00:00Z,32.68,77.78,-340.0,LONG,198.0,RR
2026-03-24T21:15:00Z,30.86,79.62,-322.0,LONG,157.0,RR
2026-03-24T21:30:00Z,36.85,75.87,-204.0,LONG,148.0,aFRR
2026-03-24T21:45:00Z,34.13,80.1,-275.0,LONG,123.0,RR
2026-03-24T22:00:00Z,68.86,76.4,81.0,BALANCED,0,
2026-03-24T22:15:00Z,67.07,74.82,26.0,BALANCED,0,
2026-03-24T22:30:00Z,51.48,75.8,-275.0,LONG,120.0,RR
2026-03-24T22:45:00Z,64.83,72.61,54.0,BALANCED,0,
2026-03-24T23:00:00Z,67.17,72.87,-42.0,BALANCED,0,
2026-03-24T23:15:00Z,68.31,76.0,57.0,BALANCED,0,
2026-03-24T23:30:00Z,68.99,73.89,-88.0,BALANCED,0,
2026-03-24T23:45:00Z,38.96,78.95,-352.0,LONG,201.0,aFRR
2026-03-25T00:00:00Z,68.14,72.67,-81.0,BALANCED,0,
2026-03-25T00:15:00Z,68.92,127.65,491.0,SHORT,294.0,mFRR
2026-03-25T00:30:00Z,40.79,82.93,-314.0,LONG,151.0,RR
2026-03-25T00:45:00Z,75.21,76.18,-28.0,BALANCED,0,
2026-03-25T01:00:00Z,69.01,73.07,21.0,BALANCED,0,
2026-03-25T01:15:00Z,68.14,74.07,-89.0,BALANCED,0,
2026-03-25T01:30:00Z,69.94,75.42,-88.0,BALANCED,0,
2026-03-25T01:45:00Z,68.7,79.98,57.0,BALANCED,0,
2026-03-25T02:00:00Z,67.15,113.31,170.0,SHORT,67.0,RR
2026-03-25T02:15:00Z,64.28,80.23,-113.0,LONG,83.0,mFRR
2026-03-25T02:30:00Z,67.52,101.39,218.0,SHORT,115.0,RR
2026-03-25T02:45:00Z,69.99,73.06,63.0,BALANCED,0,
2026-03-25T03:00:00Z,62.68,133.99,589.0,SHORT,192.0,aFRR
2026-03-25T03:15:00Z,43.4,75.84,-105.0,LONG,37.0,aFRR
2026-03-25T03:30:00Z,11.06,83.03,-536.0,LONG,213.0,mFRR
2026-03-25T03:45:00Z,64.8,76.22,19.0,BALANCED,0,
2026-03-25T04:00:00Z,43.08,79.47,-131.0,LONG,79.0,mFRR
2026-03-25T04:15:00Z,65.63,121.25,347.0,SHORT,247.0,RR
2026-03-25T04:30:00Z,36.71,77.11,-136.0,LONG,92.0,RR
2026-03-25T04:45:00Z,64.93,77.01,72.0,BALANCED,0,
2026-03-25T05:00:00Z,63.11,115.88,273.0,SHORT,152.0,RR
2026-03-25T05:15:00Z,61.87,74.62,-163.0,LONG,114.0,RR
2026-03-25T05:30:00Z,64.37,108.92,124.0,SHORT,76.0,aFRR
2026-03-25T05:45:00Z,60.28,77.38,-181.0,LONG,74.0,aFRR
2026-03-25T06:00:00Z,53.79,78.86,-324.0,LONG,176.0,aFRR
2026-03-25T06:15:00Z,66.84,97.91,109.0,SHORT,49.0,aFRR
2026-03-25T06:30:00Z,67.2,112.09,321.0,SHORT,125.0,mFRR
2026-03-25T06:45:00Z,69.51,77.31,-42.0,BALANCED,0,
2026-03-25T07:00:00Z,61.96,97.98,353.0,SHORT,222.0,aFRR
2026-03-25T07:15:00Z,65.59,100.76,277.0,SHORT,184.0,mFRR
2026-03-25T07:30:00Z,16.87,74.66,-384.0,LONG,258.0,aFRR
2026-03-25T07:45:00Z,51.53,77.58,-168.0,LONG,132.0,RR
2026-03-25T08:00:00Z,70.4,136.86,372.0,SHORT,180.0,mFRR
2026-03-25T08:15:00Z,67.25,135.16,226.0,SHORT,132.0,mFRR
2026-03-25T08:30:00Z,71.26,73.69,-62.0,BALANCED,0,
2026-03-25T08:45:00Z,28.45,78.3,-405.0,LONG,193.0,aFRR
2026-03-25T09:00:00Z,69.43,148.48,588.0,SHORT,273.0,mFRR
2026-03-25T09:15:00Z,70.78,73.39,-1.0,BALANCED,0,
2026-03-25T09:30:00Z,71.86,129.63,355.0,SHORT,125.0,aFRR
2026-03-25T09:45:00Z,38.57,72.37,-190.0,LONG,119.0,RR
2026-03-25T10:00:00Z,47.94,74.81,-192.0,LONG,146.0,aFRR
2026-03-25T10:15:00Z,68.47,98.13,151.0,SHORT,114.0,aFRR
2026-03-25T10:30:00Z,-8.46,76.49,-636.0,LONG,235.0,aFRR
2026-03-25T10:45:00Z,68.28,78.66,-15.0,BALANCED,0,
2026-03-25T11:00:00Z,71.04,77.13,-65.0,BALANCED,0,
2026-03-25T11:15:00Z,33.27,81.96,-140.0,LONG,98.0,RR
2026-03-25T11:30:00Z,37.58,77.91,-288.0,LONG,179.0,aFRR
2026-03-25T11:45:00Z,26.1,77.95,-330.0,LONG,231.0,aFRR
2026-03-25T12:00:00Z,69.95,76.88,-34.0,BALANCED,0,
2026-03-25T12:15:00Z,33.51,78.29,-229.0,LONG,147.0,RR
2026-03-25T12:30:00Z,66.82,131.32,322.0,SHORT,105.0,aFRR
2026-03-25T12:45:00Z,67.2,75.79,50.0,BALANCED,0,
2026-03-25T13:00:00Z,71.29,74.1,47.0,BALANCED,0,
2026-03-25T13:15:00Z,43.21,75.28,-146.0,LONG,100.0,RR
2026-03-25T13:30:00Z,70.8,71.65,-32.0,BALANCED,0,
2026-03-25T13:45:00Z,68.32,73.73,-58.0,BALANCED,0,
2026-03-25T14:00:00Z,29.83,75.52,-216.0,LONG,139.0,mFRR
2026-03-25T14:15:00Z,69.54,72.55,59.0,BALANCED,0,
2026-03-25T14:30:00Z,72.08,71.75,53.0,BALANCED,0,
2026-03-25T14:45:00Z,68.15,134.89,130.0,SHORT,55.0,aFRR
2026-03-25T15:00:00Z,16.48,77.44,-433.0,LONG,211.0,aFRR
2026-03-25T15:15:00Z,66.16,127.42,345.0,SHORT,115.0,RR
2026-03-25T15:30:00Z,71.39,112.14,256.0,SHORT,80.0,aFRR
2026-03-25T15:45:00Z,15.03,74.26,-508.0,LONG,342.0,aFRR
2026-03-25T16:00:00Z,38.43,72.08,-270.0,LONG,199.0,RR
2026-03-25T16:15:00Z,48.75,76.3,-118.0,LONG,92.0,aFRR
2026-03-25T16:30:00Z,15.17,76.68,-480.0,LONG,175.0,RR
2026-03-25T16:45:00Z,53.31,75.43,-140.0,LONG,96.0,RR
2026-03-25T17:00:00Z,64.13,129.99,530.0,SHORT,243.0,mFRR
2026-03-25T17:15:00Z,66.87,137.01,191.0,SHORT,118.0,mFRR
2026-03-25T17:30:00Z,67.61,114.37,200.0,SHORT,96.0,aFRR
2026-03-25T17:45:00Z,-12.49,77.19,-745.0,LONG,297.0,RR
2026-03-25T18:00:00Z,24.69,72.92,-384.0,LONG,191.0,RR
2026-03-25T18:15:00Z,69.09,75.11,46.0,BALANCED,0,
2026-03-25T18:30:00Z,70.59,109.05,189.0,SHORT,147.0,aFRR
2026-03-25T18:45:00Z,64.94,145.95,516.0,SHORT,267.0,aFRR
2026-03-25T19:00:00Z,43.95,76.71,-136.0,LONG,104.0,RR
2026-03-25T19:15:00Z,19.46,79.67,-405.0,LONG,134.0,mFRR
2026-03-25T19:30:00Z,74.4,137.85,320.0,SHORT,96.0,mFRR
2026-03-25T19:45:00Z,30.33,75.5,-352.0,LONG,168.0,aFRR
2026-03-25T20:00:00Z,48.93,75.7,-157.0,LONG,80.0,RR
2026-03-25T20:15:00Z,41.79,80.14,-252.0,LONG,91.0,aFRR
2026-03-25T20:30:00Z,37.54,75.14,-209.0,LONG,134.0,aFRR
2026-03-25T20:45:00Z,35.67,77.86,-134.0,LONG,84.0,RR
2026-03-25T21:00:00Z,19.04,74.92,-333.0,LONG,257.0,aFRR
2026-03-25T21:15:00Z,64.85,132.29,569.0,SHORT,261.0,RR
2026-03-25T21:30:00Z,54.7,72.17,-150.0,LONG,76.0,aFRR
2026-03-25T21:45:00Z,68.74,127.5,374.0,SHORT,261.0,mFRR
2026-03-25T22:00:00Z,5.99,77.08,-499.0,LONG,188.0,RR
2026-03-25T22:15:00Z,68.77,73.44,49.0,BALANCED,0,
2026-03-25T22:30:00Z,39.99,79.21,-266.0,LONG,111.0,aFRR
2026-03-25T22:45:00Z,20.19,77.04,-365.0,LONG,197.0,RR
2026-03-25T23:00:00Z,-28.08,75.54,-761.0,LONG,469.0,mFRR
2026-03-25T23:15:00Z,61.9,122.28,318.0,SHORT,206.0,aFRR
2026-03-25T23:30:00Z,32.99,78.1,-222.0,LONG,141.0,RR
2026-03-25T23:45:00Z,46.87,72.76,-286.0,LONG,155.0,mFRR
2026-03-26T00:00:00Z,52.53,77.68,-101.0,LONG,59.0,aFRR
2026-03-26T00:15:00Z,67.02,152.49,348.0,SHORT,246.0,mFRR
2026-03-26T00:30:00Z,33.51,78.3,-203.0,LONG,94.0,RR
2026-03-26T00:45:00Z,24.46,72.0,-422.0,LONG,248.0,RR
2026-03-26T01:00:00Z,68.26,135.84,190.0,SHORT,89.0,mFRR
2026-03-26T01:15:00Z,47.66,72.34,-156.0,LONG,75.0,aFRR
2026-03-26T01:30:00Z,69.87,121.07,209.0,SHORT,139.0,RR
2026-03-26T01:45:00Z,39.24,78.11,-222.0,LONG,107.0,mFRR
2026-03-26T02:00:00Z,40.52,80.46,-260.0,LONG,90.0,aFRR
2026-03-26T02:15:00Z,69.24,74.6,24.0,BALANCED,0,
2026-03-26T02:30:00Z,66.59,111.8,133.0,SHORT,74.0,RR
2026-03-26T02:45:00Z,65.34,98.09,108.0,SHORT,65.0,mFRR
2026-03-26T03:00:00Z,35.89,74.86,-311.0,LONG,236.0,mFRR
2026-03-26T03:15:00Z,18.24,78.71,-304.0,LONG,102.0,aFRR
2026-03-26T03:30:00Z,68.29,75.18,-46.0,BALANCED,0,
2026-03-26T03:45:00Z,63.84,120.5,137.0,SHORT,46.0,mFRR
2026-03-26T04:00:00Z,69.25,91.16,190.0,SHORT,88.0,mFRR
2026-03-26T04:15:00Z,65.47,88.59,134.0,SHORT,42.0,mFRR
2026-03-26T04:30:00Z,72.83,150.62,749.0,SHORT,245.0,aFRR
2026-03-26T04:45:00Z,65.45,99.56,129.0,SHORT,77.0,aFRR
2026-03-26T05:00:00Z,68.79,101.18,116.0,SHORT,53.0,aFRR
2026-03-26T05:15:00Z,5.17,74.74,-573.0,LONG,427.0,RR
2026-03-26T05:30:00Z,34.22,75.95,-200.0,LONG,105.0,aFRR
2026-03-26T05:45:00Z,65.09,118.2,183.0,SHORT,100.0,aFRR
2026-03-26T06:00:00Z,62.88,122.61,189.0,SHORT,90.0,mFRR
2026-03-26T06:15:00Z,61.14,101.15,147.0,SHORT,115.0,aFRR
2026-03-26T06:30:00Z,29.56,78.08,-238.0,LONG,118.0,mFRR
2026-03-26T06:45:00Z,71.28,75.71,-11.0,BALANCED,0,
2026-03-26T07:00:00Z,68.76,77.42,-4.0,BALANCED,0,
2026-03-26T07:15:00Z,65.14,130.24,119.0,SHORT,70.0,aFRR
2026-03-26T07:30:00Z,70.49,74.79,-80.0,BALANCED,0,
2026-03-26T07:45:00Z,71.1,72.83,89.0,BALANCED,0,
2026-03-26T08:00:00Z,25.66,77.2,-316.0,LONG,240.0,aFRR
2026-03-26T08:15:00Z,32.13,76.2,-301.0,LONG,126.0,aFRR
2026-03-26T08:30:00Z,37.84,72.31,-331.0,LONG,242.0,RR
2026-03-26T08:45:00Z,70.32,73.82,-54.0,BALANCED,0,
2026-03-26T09:00:00Z,71.09,112.01,324.0,SHORT,233.0,mFRR
2026-03-26T09:15:00Z,59.44,72.62,-115.0,LONG,51.0,RR
2026-03-26T09:30:00Z,67.75,77.4,-76.0,BALANCED,0,
2026-03-26T09:45:00Z,66.48,102.81,184.0,SHORT,110.0,aFRR
2026-03-26T10:00:00Z,67.92,74.83,25.0,BALANCED,0,
2026-03-26T10:15:00Z,31.58,76.04,-350.0,LONG,188.0,mFRR
2026-03-26T10:30:00Z,65.05,146.5,453.0,SHORT,249.0,RR
2026-03-26T10:45:00Z,44.62,76.06,-290.0,LONG,212.0,aFRR
2026-03-26T11:00:00Z,64.3,125.73,343.0,SHORT,104.0,mFRR
2026-03-26T11:15:00Z,69.64,78.61,-5.0,BALANCED,0,
2026-03-26T11:30:00Z,68.55,71.87,-85.0,BALANCED,0,
2026-03-26T11:45:00Z,40.99,78.91,-218.0,LONG,68.0,RR
2026-03-26T12:00:00Z,50.06,79.37,-101.0,LONG,55.0,mFRR
2026-03-26T12:15:00Z,68.22,105.91,116.0,SHORT,46.0,RR
2026-03-26T12:30:00Z,67.26,133.25,300.0,SHORT,217.0,aFRR
2026-03-26T12:45:00Z,69.48,71.86,20.0,BALANCED,0,
2026-03-26T13:00:00Z,69.77,75.73,-2.0,BALANCED,0,
2026-03-26T13:15:00Z,24.22,73.88,-418.0,LONG,126.0,aFRR
2026-03-26T13:30:00Z,70.86,78.28,-3.0,BALANCED,0,
2026-03-26T13:45:00Z,19.99,75.57,-348.0,LONG,265.0,aFRR
2026-03-26T14:00:00Z,64.91,177.03,604.0,SHORT,181.0,mFRR
2026-03-26T14:15:00Z,42.55,72.38,-139.0,LONG,62.0,mFRR
2026-03-26T14:30:00Z,66.69,118.04,300.0,SHORT,216.0,mFRR
2026-03-26T14:45:00Z,20.38,76.44,-307.0,LONG,188.0,aFRR
2026-03-26T15:00:00Z,65.15,104.85,287.0,SHORT,142.0,mFRR
2026-03-26T15:15:00Z,70.79,165.84,735.0,SHORT,430.0,mFRR
2026-03-26T15:30:00Z,66.47,169.73,720.0,SHORT,473.0,RR
2026-03-26T15:45:00Z,64.81,137.79,391.0,SHORT,280.0,aFRR
2026-03-26T16:00:00Z,68.38,73.68,78.0,BALANCED,0,
2026-03-26T16:15:00Z,46.0,80.5,-180.0,LONG,104.0,mFRR
2026-03-26T16:30:00Z,64.9,139.22,472.0,SHORT,361.0,aFRR
2026-03-26T16:45:00Z,69.84,76.73,17.0,BALANCED,0,
2026-03-26T17:00:00Z,70.55,73.78,59.0,BALANCED,0,
2026-03-26T17:15:00Z,68.46,74.06,-92.0,BALANCED,0,
2026-03-26T17:30:00Z,69.12,131.37,252.0,SHORT,195.0,mFRR
2026-03-26T17:45:00Z,69.2,169.96,526.0,SHORT,222.0,mFRR
2026-03-26T18:00:00Z,68.13,76.3,-70.0,BALANCED,0,
2026-03-26T18:15:00Z,69.06,98.05,228.0,SHORT,159.0,RR
2026-03-26T18:30:00Z,68.32,77.48,16.0,BALANCED,0,
2026-03-26T18:45:00Z,36.26,82.9,-237.0,LONG,89.0,mFRR
2026-03-26T19:00:00Z,43.17,74.13,-265.0,LONG,141.0,aFRR
2026-03-26T19:15:00Z,-16.15,78.4,-808.0,LONG,458.0,aFRR
2026-03-26T19:30:00Z,65.77,132.29,368.0,SHORT,294.0,mFRR
2026-03-26T19:45:00Z,14.7,76.47,-422.0,LONG,309.0,aFRR
2026-03-26T20:00:00Z,54.82,78.33,-256.0,LONG,168.0,RR
2026-03-26T20:15:00Z,18.84,79.48,-446.0,LONG,324.0,mFRR
2026-03-26T20:30:00Z,13.4,77.74,-378.0,LONG,198.0,RR
2026-03-26T20:45:00Z,66.88,112.34,194.0,SHORT,94.0,mFRR
2026-03-26T21:00:00Z,73.94,77.71,-63.0,BALANCED,0,
2026-03-26T21:15:00Z,61.64,104.18,243.0,SHORT,115.0,aFRR
2026-03-26T21:30:00Z,64.86,124.85,204.0,SHORT,84.0,aFRR
2026-03-26T21:45:00Z,67.5,113.38,191.0,SHORT,72.0,aFRR
2026-03-26T22:00:00Z,42.77,76.88,-187.0,LONG,130.0,mFRR
2026-03-26T22:15:00Z,31.34,73.46,-313.0,LONG,177.0,mFRR
2026-03-26T22:30:00Z,65.02,138.99,314.0,SHORT,240.0,mFRR
2026-03-26T22:45:00Z,29.47,76.15,-381.0,LONG,245.0,mFRR
2026-03-26T23:00:00Z,58.35,113.15,173.0,SHORT,100.0,aFRR
2026-03-26T23:15:00Z,17.34,74.23,-613.0,LONG,187.0,RR
2026-03-26T23:30:00Z,37.87,73.6,-263.0,LONG,79.0,mFRR
2026-03-26T23:45:00Z,66.21,164.29,882.0,SHORT,620.0,RR
2026-03-27T00:00:00Z,37.56,77.33,-317.0,LONG,251.0,RR
2026-03-27T00:15:00Z,71.02,145.78,467.0,SHORT,192.0,mFRR
2026-03-27T00:30:00Z,37.47,75.92,-198.0,LONG,127.0,mFRR
2026-03-27T00:45:00Z,18.19,79.84,-350.0,LONG,229.0,aFRR
2026-03-27T01:00:00Z,67.3,148.07,487.0,SHORT,316.0,mFRR
2026-03-27T01:15:00Z,67.06,113.43,228.0,SHORT,169.0,aFRR
2026-03-27T01:30:00Z,55.36,74.74,-169.0,LONG,78.0,mFRR
2026-03-27T01:45:00Z,8.66,78.6,-439.0,LONG,211.0,aFRR
2026-03-27T02:00:00Z,72.54,75.95,-26.0,BALANCED,0,
2026-03-27T02:15:00Z,64.01,112.17,525.0,SHORT,310.0,aFRR
2026-03-27T02:30:00Z,72.02,188.62,755.0,SHORT,528.0,RR
2026-03-27T02:45:00Z,70.04,75.92,60.0,BALANCED,0,
2026-03-27T03:00:00Z,6.67,83.54,-593.0,LONG,379.0,RR
2026-03-27T03:15:00Z,68.48,76.04,79.0,BALANCED,0,
2026-03-27T03:30:00Z,12.04,75.52,-405.0,LONG,308.0,mFRR
2026-03-27T03:45:00Z,64.16,126.58,213.0,SHORT,97.0,mFRR
2026-03-27T04:00:00Z,20.7,80.14,-368.0,LONG,201.0,aFRR
2026-03-27T04:15:00Z,66.34,78.28,-36.0,BALANCED,0,
2026-03-27T04:30:00Z,38.03,73.6,-221.0,LONG,154.0,RR
2026-03-27T04:45:00Z,34.84,84.92,-296.0,LONG,135.0,RR
2026-03-27T05:00:00Z,69.79,115.33,105.0,SHORT,38.0,mFRR
2026-03-27T05:15:00Z,68.31,76.23,38.0,BALANCED,0,
2026-03-27T05:30:00Z,69.2,72.1,-28.0,BALANCED,0,
2026-03-27T05:45:00Z,69.97,73.84,44.0,BALANCED,0,
2026-03-27T06:00:00Z,53.15,80.45,-129.0,LONG,102.0,aFRR
2026-03-27T06:15:00Z,69.2,76.7,62.0,BALANCED,0,
2026-03-27T06:30:00Z,23.75,74.73,-313.0,LONG,200.0,mFRR
2026-03-27T06:45:00Z,44.05,77.94,-265.0,LONG,86.0,aFRR
2026-03-27T07:00:00Z,69.99,73.11,-64.0,BALANCED,0,
2026-03-27T07:15:00Z,44.78,81.9,-176.0,LONG,135.0,RR
2026-03-27T07:30:00Z,69.77,74.67,62.0,BALANCED,0,
2026-03-27T07:45:00Z,62.25,147.8,351.0,SHORT,109.0,aFRR
2026-03-27T08:00:00Z,68.67,76.13,-87.0,BALANCED,0,
2026-03-27T08:15:00Z,69.18,72.13,-83.0,BALANCED,0,
2026-03-27T08:30:00Z,66.57,145.57,380.0,SHORT,271.0,mFRR
2026-03-27T08:45:00Z,36.14,83.06,-304.0,LONG,179.0,mFRR
2026-03-27T09:00:00Z,65.91,77.11,68.0,BALANCED,0,
2026-03-27T09:15:00Z,68.93,110.44,313.0,SHORT,239.0,RR
2026-03-27T09:30:00Z,56.24,75.03,-139.0,LONG,92.0,aFRR
2026-03-27T09:45:00Z,52.37,75.5,-197.0,LONG,69.0,RR
2026-03-27T10:00:00Z,11.17,76.6,-506.0,LONG,241.0,aFRR
2026-03-27T10:15:00Z,47.55,77.23,-102.0,LONG,49.0,RR
2026-03-27T10:30:00Z,69.75,151.81,593.0,SHORT,427.0,RR
2026-03-27T10:45:00Z,65.62,104.93,314.0,SHORT,185.0,RR
2026-03-27T11:00:00Z,67.85,73.48,14.0,BALANCED,0,
2026-03-27T11:15:00Z,69.1,80.24,-96.0,BALANCED,0,
2026-03-27T11:30:00Z,41.0,79.63,-120.0,LONG,47.0,RR
2026-03-27T11:45:00Z,67.45,126.04,316.0,SHORT,99.0,mFRR
2026-03-27T12:00:00Z,72.57,174.78,790.0,SHORT,483.0,RR
2026-03-27T12:15:00Z,68.71,73.22,6.0,BALANCED,0,
2026-03-27T12:30:00Z,67.13,73.03,-60.0,BALANCED,0,
2026-03-27T12:45:00Z,67.01,73.9,5.0,BALANCED,0,
2026-03-27T13:00:00Z,7.24,79.94,-551.0,LONG,399.0,mFRR
2026-03-27T13:15:00Z,68.92,155.34,434.0,SHORT,236.0,aFRR
2026-03-27T13:30:00Z,64.9,129.47,431.0,SHORT,328.0,RR
2026-03-27T13:45:00Z,66.5,76.9,92.0,BALANCED,0,
2026-03-27T14:00:00Z,65.92,116.46,404.0,SHORT,124.0,mFRR
2026-03-27T14:15:00Z,62.57,99.34,135.0,SHORT,98.0,mFRR
2026-03-27T14:30:00Z,65.96,145.74,655.0,SHORT,304.0,mFRR
2026-03-27T14:45:00Z,69.18,132.73,409.0,SHORT,267.0,RR
2026-03-27T15:00:00Z,66.38,125.94,218.0,SHORT,131.0,aFRR
2026-03-27T15:15:00Z,34.25,76.79,-248.0,LONG,152.0,mFRR
2026-03-27T15:30:00Z,67.23,75.03,-70.0,BALANCED,0,
2026-03-27T15:45:00Z,69.04,109.84,113.0,SHORT,90.0,RR
2026-03-27T16:00:00Z,63.45,151.64,630.0,SHORT,306.0,RR
2026-03-27T16:15:00Z,62.22,79.31,-126.0,LONG,95.0,mFRR
2026-03-27T16:30:00Z,68.99,74.39,0.0,BALANCED,0,
2026-03-27T16:45:00Z,66.87,79.01,-62.0,BALANCED,0,
2026-03-27T17:00:00Z,71.14,116.6,486.0,SHORT,248.0,RR
2026-03-27T17:15:00Z,17.71,76.11,-440.0,LONG,307.0,aFRR
2026-03-27T17:30:00Z,61.92,111.59,104.0,SHORT,62.0,mFRR
2026-03-27T17:45:00Z,63.3,121.41,121.0,SHORT,52.0,aFRR
2026-03-27T18:00:00Z,65.68,115.34,201.0,SHORT,107.0,aFRR
2026-03-27T18:15:00Z,68.12,81.28,230.0,SHORT,166.0,mFRR
2026-03-27T18:30:00Z,71.13,75.59,-42.0,BALANCED,0,
2026-03-27T18:45:00Z,67.79,116.52,185.0,SHORT,83.0,mFRR
2026-03-27T19:00:00Z,62.78,122.28,492.0,SHORT,272.0,RR
2026-03-27T19:15:00Z,39.69,78.64,-223.0,LONG,90.0,aFRR
2026-03-27T19:30:00Z,62.37,115.52,402.0,SHORT,319.0,aFRR
2026-03-27T19:45:00Z,70.38,77.06,64.0,BALANCED,0,
2026-03-27T20:00:00Z,72.82,75.53,89.0,BALANCED,0,
2026-03-27T20:15:00Z,65.68,143.41,601.0,SHORT,214.0,RR
2026-03-27T20:30:00Z,70.91,74.96,1.0,BALANCED,0,
2026-03-27T20:45:00Z,11.32,78.25,-563.0,LONG,193.0,RR
2026-03-27T21:00:00Z,69.99,195.43,941.0,SHORT,334.0,RR
2026-03-27T21:15:00Z,71.7,74.27,-30.0,BALANCED,0,
2026-03-27T21:30:00Z,28.85,78.52,-323.0,LONG,152.0,mFRR
2026-03-27T21:45:00Z,68.62,86.15,100.0,SHORT,70.0,aFRR
2026-03-27T22:00:00Z,66.31,137.94,313.0,SHORT,146.0,mFRR
2026-03-27T22:15:00Z,66.55,121.64,468.0,SHORT,305.0,RR
2026-03-27T22:30:00Z,66.69,138.06,386.0,SHORT,203.0,mFRR
2026-03-27T22:45:00Z,41.95,78.01,-279.0,LONG,198.0,aFRR
2026-03-27T23:00:00Z,65.66,108.66,387.0,SHORT,208.0,RR
2026-03-27T23:15:00Z,71.63,69.42,-87.0,BALANCED,0,
2026-03-27T23:30:00Z,70.63,76.63,-39.0,BALANCED,0,
2026-03-27T23:45:00Z,69.58,87.46,137.0,SHORT,83.0,mFRR
2026-03-28T00:00:00Z,64.2,161.55,578.0,SHORT,337.0,RR
2026-03-28T00:15:00Z,69.97,74.29,-29.0,BALANCED,0,
2026-03-28T00:30:00Z,65.38,78.54,38.0,BALANCED,0,
2026-03-28T00:45:00Z,68.6,73.52,68.0,BALANCED,0,
2026-03-28T01:00:00Z,70.51,75.87,-100.0,BALANCED,0,
2026-03-28T01:15:00Z,64.42,112.48,417.0,SHORT,142.0,mFRR
2026-03-28T01:30:00Z,66.23,75.56,-87.0,BALANCED,0,
2026-03-28T01:45:00Z,30.28,79.37,-293.0,LONG,126.0,mFRR
2026-03-28T02:00:00Z,63.62,131.59,158.0,SHORT,91.0,RR
2026-03-28T02:15:00Z,34.82,80.67,-169.0,LONG,90.0,RR
2026-03-28T02:30:00Z,44.83,75.06,-233.0,LONG,89.0,mFRR
2026-03-28T02:45:00Z,61.2,107.27,231.0,SHORT,177.0,mFRR
2026-03-28T03:00:00Z,69.41,69.74,19.0,BALANCED,0,
2026-03-28T03:15:00Z,69.72,86.83,390.0,SHORT,165.0,aFRR
2026-03-28T03:30:00Z,71.04,69.3,2.0,BALANCED,0,
2026-03-28T03:45:00Z,29.27,77.12,-281.0,LONG,142.0,mFRR
2026-03-28T04:00:00Z,-6.92,77.65,-658.0,LONG,456.0,RR
2026-03-28T04:15:00Z,63.7,162.3,345.0,SHORT,145.0,mFRR
2026-03-28T04:30:00Z,65.61,139.93,155.0,SHORT,106.0,RR
2026-03-28T04:45:00Z,71.45,119.01,148.0,SHORT,51.0,RR
2026-03-28T05:00:00Z,66.91,72.42,-76.0,BALANCED,0,
2026-03-28T05:15:00Z,67.08,75.68,85.0,BALANCED,0,
2026-03-28T05:30:00Z,50.25,69.7,-154.0,LONG,87.0,mFRR
2026-03-28T05:45:00Z,15.26,75.83,-432.0,LONG,168.0,RR
2026-03-28T06:00:00Z,11.71,73.26,-406.0,LONG,166.0,mFRR
2026-03-28T06:15:00Z,66.64,164.61,586.0,SHORT,424.0,RR
2026-03-28T06:30:00Z,65.39,142.26,364.0,SHORT,267.0,RR
2026-03-28T06:45:00Z,52.64,76.99,-217.0,LONG,87.0,RR
2026-03-28T07:00:00Z,62.73,112.77,271.0,SHORT,169.0,RR
2026-03-28T07:15:00Z,21.29,71.56,-351.0,LONG,118.0,aFRR
2026-03-28T07:30:00Z,67.19,140.39,539.0,SHORT,396.0,mFRR
2026-03-28T07:45:00Z,-10.19,79.75,-716.0,LONG,336.0,aFRR
2026-03-28T08:00:00Z,68.29,90.13,170.0,SHORT,86.0,RR
2026-03-28T08:15:00Z,70.68,136.12,329.0,SHORT,154.0,mFRR
2026-03-28T08:30:00Z,-7.29,78.4,-678.0,LONG,460.0,mFRR
2026-03-28T08:45:00Z,66.92,112.1,348.0,SHORT,249.0,mFRR
2026-03-28T09:00:00Z,66.41,118.41,201.0,SHORT,129.0,RR
2026-03-28T09:15:00Z,72.97,75.56,1.0,BALANCED,0,
2026-03-28T09:30:00Z,67.89,75.14,1.0,BALANCED,0,
2026-03-28T09:45:00Z,35.82,81.68,-433.0,LONG,278.0,mFRR
2026-03-28T10:00:00Z,30.31,76.03,-184.0,LONG,119.0,mFRR
2026-03-28T10:15:00Z,42.99,75.65,-233.0,LONG,110.0,mFRR
2026-03-28T10:30:00Z,66.81,149.44,494.0,SHORT,265.0,mFRR
2026-03-28T10:45:00Z,69.44,74.83,-96.0,BALANCED,0,
2026-03-28T11:00:00Z,68.19,125.42,206.0,SHORT,132.0,aFRR
2026-03-28T11:15:00Z,66.04,106.38,146.0,SHORT,94.0,RR
2026-03-28T11:30:00Z,19.73,79.15,-392.0,LONG,254.0,mFRR
2026-03-28T11:45:00Z,51.43,76.49,-133.0,LONG,102.0,aFRR
2026-03-28T12:00:00Z,66.13,146.39,527.0,SHORT,305.0,RR
2026-03-28T12:15:00Z,60.48,98.32,205.0,SHORT,101.0,aFRR
2026-03-28T12:30:00Z,32.83,72.72,-236.0,LONG,97.0,mFRR
2026-03-28T12:45:00Z,63.84,126.13,135.0,SHORT,83.0,RR
2026-03-28T13:00:00Z,33.58,80.51,-192.0,LONG,104.0,aFRR
2026-03-28T13:15:00Z,71.8,74.43,37.0,BALANCED,0,
2026-03-28T13:30:00Z,54.45,77.25,-181.0,LONG,94.0,mFRR
2026-03-28T13:45:00Z,70.31,74.02,-33.0,BALANCED,0,
2026-03-28T14:00:00Z,66.35,74.51,12.0,BALANCED,0,
2026-03-28T14:15:00Z,42.23,77.94,-125.0,LONG,80.0,aFRR
2026-03-28T14:30:00Z,-29.32,84.33,-1025.0,LONG,346.0,aFRR
2026-03-28T14:45:00Z,56.31,79.34,-156.0,LONG,75.0,RR
2026-03-28T15:00:00Z,70.72,75.44,47.0,BALANCED,0,
2026-03-28T15:15:00Z,65.79,137.57,507.0,SHORT,252.0,RR
2026-03-28T15:30:00Z,43.71,79.66,-205.0,LONG,148.0,RR
2026-03-28T15:45:00Z,68.23,72.39,23.0,BALANCED,0,
2026-03-28T16:00:00Z,66.68,72.43,-2.0,BALANCED,0,
2026-03-28T16:15:00Z,69.79,76.6,59.0,BALANCED,0,
2026-03-28T16:30:00Z,47.91,78.75,-117.0,LONG,69.0,mFRR
2026-03-28T16:45:00Z,61.61,167.87,756.0,SHORT,524.0,RR
2026-03-28T17:00:00Z,69.61,71.8,88.0,BALANCED,0,
2026-03-28T17:15:00Z,72.95,173.34,864.0,SHORT,401.0,mFRR
2026-03-28T17:30:00Z,33.06,76.05,-350.0,LONG,183.0,RR
2026-03-28T17:45:00Z,67.69,75.11,-55.0,BALANCED,0,
2026-03-28T18:00:00Z,67.68,126.96,315.0,SHORT,149.0,RR
2026-03-28T18:15:00Z,42.14,74.93,-209.0,LONG,79.0,RR
2026-03-28T18:30:00Z,64.47,138.8,560.0,SHORT,278.0,mFRR
2026-03-28T18:45:00Z,68.96,108.06,331.0,SHORT,107.0,mFRR
2026-03-28T19:00:00Z,70.42,168.58,622.0,SHORT,271.0,RR
2026-03-28T19:15:00Z,37.09,80.96,-314.0,LONG,191.0,RR
2026-03-28T19:30:00Z,69.53,102.24,149.0,SHORT,109.0,mFRR
2026-03-28T19:45:00Z,64.9,125.36,298.0,SHORT,181.0,RR
2026-03-28T20:00:00Z,69.74,100.13,118.0,SHORT,79.0,RR
2026-03-28T20:15:00Z,66.51,75.68,109.0,SHORT,69.0,mFRR
2026-03-28T20:30:00Z,16.28,78.23,-287.0,LONG,108.0,RR
2026-03-28T20:45:00Z,37.94,75.87,-122.0,LONG,56.0,aFRR
2026-03-28T21:00:00Z,72.27,70.54,32.0,BALANCED,0,
2026-03-28T21:15:00Z,45.05,77.74,-348.0,LONG,223.0,mFRR
2026-03-28T21:30:00Z,9.51,79.83,-552.0,LONG,298.0,RR
2026-03-28T21:45:00Z,23.67,75.52,-465.0,LONG,237.0,mFRR
2026-03-28T22:00:00Z,29.98,76.89,-271.0,LONG,207.0,aFRR
2026-03-28T22:15:00Z,69.97,74.16,66.0,BALANCED,0,
2026-03-28T22:30:00Z,67.56,126.95,491.0,SHORT,234.0,RR
2026-03-28T22:45:00Z,66.9,109.55,137.0,SHORT,109.0,mFRR
2026-03-28T23:00:00Z,66.05,74.02,-79.0,BALANCED,0,
2026-03-28T23:15:00Z,66.89,73.66,61.0,BALANCED,0,
2026-03-28T23:30:00Z,73.41,107.77,256.0,SHORT,132.0,mFRR
2026-03-28T23:45:00Z,68.51,114.86,208.0,SHORT,82.0,RR
2026-03-29T00:00:00Z,67.23,110.49,250.0,SHORT,135.0,aFRR
2026-03-29T00:15:00Z,68.08,143.45,100.0,SHORT,60.0,RR
2026-03-29T00:30:00Z,65.36,73.36,48.0,BALANCED,0,
2026-03-29T00:45:00Z,66.0,132.14,358.0,SHORT,269.0,mFRR
2026-03-29T01:00:00Z,18.94,77.75,-436.0,LONG,135.0,RR
2026-03-29T01:15:00Z,-4.42,72.9,-565.0,LONG,302.0,RR
2026-03-29T01:30:00Z,36.29,72.53,-309.0,LONG,209.0,RR
2026-03-29T01:45:00Z,71.25,125.64,244.0,SHORT,195.0,aFRR
2026-03-29T02:00:00Z,30.09,73.41,-317.0,LONG,248.0,RR
2026-03-29T02:15:00Z,51.7,80.68,-185.0,LONG,122.0,RR
2026-03-29T02:30:00Z,68.03,82.63,220.0,SHORT,106.0,aFRR
2026-03-29T02:45:00Z,65.27,78.19,56.0,BALANCED,0,
2026-03-29T03:00:00Z,64.65,124.65,276.0,SHORT,206.0,RR
2026-03-29T03:15:00Z,42.89,80.84,-126.0,LONG,68.0,RR
2026-03-29T03:30:00Z,37.27,75.96,-203.0,LONG,69.0,aFRR
2026-03-29T03:45:00Z,59.97,171.97,620.0,SHORT,225.0,mFRR
2026-03-29T04:00:00Z,66.83,115.61,238.0,SHORT,73.0,mFRR
2026-03-29T04:15:00Z,31.81,75.51,-247.0,LONG,115.0,RR
2026-03-29T04:30:00Z,67.88,172.49,560.0,SHORT,173.0,aFRR
2026-03-29T04:45:00Z,63.15,104.41,124.0,SHORT,38.0,aFRR
2026-03-29T05:00:00Z,68.59,73.81,-69.0,BALANCED,0,
2026-03-29T05:15:00Z,67.0,148.14,510.0,SHORT,238.0,aFRR
2026-03-29T05:30:00Z,70.91,126.71,188.0,SHORT,123.0,RR
2026-03-29T05:45:00Z,78.8,131.74,382.0,SHORT,231.0,RR
2026-03-29T06:00:00Z,67.15,75.33,99.0,BALANCED,0,
2026-03-29T06:15:00Z,66.58,143.73,523.0,SHORT,199.0,mFRR
2026-03-29T06:30:00Z,70.02,137.24,384.0,SHORT,175.0,RR
2026-03-29T06:45:00Z,-20.06,75.42,-782.0,LONG,515.0,aFRR
2026-03-29T07:00:00Z,68.49,72.14,-8.0,BALANCED,0,
2026-03-29T07:15:00Z,-33.92,76.97,-860.0,LONG,356.0,RR
2026-03-29T07:30:00Z,69.27,76.04,39.0,BALANCED,0,
2026-03-29T07:45:00Z,68.5,189.64,818.0,SHORT,401.0,RR
2026-03-29T08:00:00Z,44.79,71.22,-168.0,LONG,115.0,aFRR
2026-03-29T08:15:00Z,62.63,103.53,162.0,SHORT,71.0,aFRR
2026-03-29T08:30:00Z,22.99,79.22,-377.0,LONG,275.0,mFRR
2026-03-29T08:45:00Z,25.75,78.36,-282.0,LONG,140.0,mFRR
2026-03-29T09:00:00Z,55.74,78.73,-129.0,LONG,87.0,aFRR
2026-03-29T09:15:00Z,71.59,92.9,123.0,SHORT,45.0,RR
2026-03-29T09:30:00Z,51.72,80.39,-184.0,LONG,120.0,aFRR
2026-03-29T09:45:00Z,69.19,73.96,-77.0,BALANCED,0,
2026-03-29T10:00:00Z,67.22,73.94,35.0,BALANCED,0,
2026-03-29T10:15:00Z,70.85,82.45,169.0,SHORT,119.0,aFRR
2026-03-29T10:30:00Z,41.77,79.48,-188.0,LONG,77.0,RR
2026-03-29T10:45:00Z,68.6,76.52,99.0,BALANCED,0,
2026-03-29T11:00:00Z,70.32,71.61,-51.0,BALANCED,0,
2026-03-29T11:15:00Z,47.3,75.86,-107.0,LONG,76.0,mFRR
2026-03-29T11:30:00Z,7.69,73.21,-536.0,LONG,312.0,mFRR
2026-03-29T11:45:00Z,70.47,101.76,370.0,SHORT,259.0,mFRR
2026-03-29T12:00:00Z,45.78,78.03,-203.0,LONG,104.0,mFRR
2026-03-29T12:15:00Z,43.06,83.2,-170.0,LONG,96.0,RR
2026-03-29T12:30:00Z,71.72,99.39,310.0,SHORT,106.0,mFRR
2026-03-29T12:45:00Z,68.68,101.89,171.0,SHORT,135.0,mFRR
2026-03-29T13:00:00Z,41.17,69.83,-224.0,LONG,127.0,aFRR
2026-03-29T13:15:00Z,67.0,131.41,328.0,SHORT,208.0,RR
2026-03-29T13:30:00Z,67.47,78.24,-64.0,BALANCED,0,
2026-03-29T13:45:00Z,71.18,77.37,-58.0,BALANCED,0,
2026-03-29T14:00:00Z,31.04,86.32,-118.0,LONG,62.0,aFRR
2026-03-29T14:15:00Z,35.54,75.63,-132.0,LONG,61.0,mFRR
2026-03-29T14:30:00Z,43.43,79.09,-289.0,LONG,116.0,mFRR
2026-03-29T14:45:00Z,71.69,73.25,47.0,BALANCED,0,
2026-03-29T15:00:00Z,69.89,120.25,293.0,SHORT,212.0,mFRR
2026-03-29T15:15:00Z,40.96,80.12,-259.0,LONG,194.0,RR
2026-03-29T15:30:00Z,6.04,71.42,-434.0,LONG,158.0,mFRR
2026-03-29T15:45:00Z,42.53,79.05,-221.0,LONG,152.0,RR
2026-03-29T16:00:00Z,71.07,74.66,-100.0,BALANCED,0,
2026-03-29T16:15:00Z,61.94,119.73,141.0,SHORT,89.0,RR
2026-03-29T16:30:00Z,10.08,71.09,-381.0,LONG,297.0,RR
2026-03-29T16:45:00Z,63.99,139.39,472.0,SHORT,287.0,aFRR
2026-03-29T17:00:00Z,17.55,73.63,-353.0,LONG,115.0,aFRR
2026-03-29T17:15:00Z,38.86,75.02,-194.0,LONG,100.0,RR
2026-03-29T17:30:00Z,21.62,75.76,-178.0,LONG,57.0,aFRR
2026-03-29T17:45:00Z,70.21,119.0,149.0,SHORT,58.0,aFRR
2026-03-29T18:00:00Z,28.15,75.68,-177.0,LONG,117.0,aFRR
2026-03-29T18:15:00Z,63.82,142.79,497.0,SHORT,350.0,aFRR
2026-03-29T18:30:00Z,14.81,81.59,-484.0,LONG,351.0,aFRR
2026-03-29T18:45:00Z,3.49,77.42,-510.0,LONG,234.0,aFRR
2026-03-29T19:00:00Z,64.79,134.03,241.0,SHORT,137.0,aFRR
2026-03-29T19:15:00Z,27.4,76.83,-361.0,LONG,170.0,mFRR
2026-03-29T19:30:00Z,69.63,76.49,78.0,BALANCED,0,
2026-03-29T19:45:00Z,70.09,77.34,-53.0,BALANCED,0,
2026-03-29T20:00:00Z,47.83,83.83,-168.0,LONG,96.0,mFRR
2026-03-29T20:15:00Z,69.69,76.54,-63.0,BALANCED,0,
2026-03-29T20:30:00Z,68.01,69.55,17.0,BALANCED,0,
2026-03-29T20:45:00Z,67.43,164.11,387.0,SHORT,198.0,aFRR
2026-03-29T21:00:00Z,70.63,186.79,789.0,SHORT,449.0,aFRR
2026-03-29T21:15:00Z,37.58,74.42,-213.0,LONG,152.0,RR
2026-03-29T21:30:00Z,49.54,78.17,-170.0,LONG,127.0,aFRR
2026-03-29T21:45:00Z,51.38,78.37,-147.0,LONG,113.0,RR
2026-03-29T22:00:00Z,64.6,167.65,379.0,SHORT,253.0,aFRR
2026-03-29T22:15:00Z,67.29,72.69,-49.0,BALANCED,0,
2026-03-29T22:30:00Z,14.16,74.31,-337.0,LONG,148.0,aFRR
2026-03-29T22:45:00Z,66.58,133.25,197.0,SHORT,139.0,mFRR
2026-03-29T23:00:00Z,66.27,99.13,312.0,SHORT,243.0,RR
2026-03-29T23:15:00Z,21.91,71.92,-332.0,LONG,250.0,mFRR
2026-03-29T23:30:00Z,59.73,146.72,461.0,SHORT,353.0,aFRR
2026-03-29T23:45:00Z,46.4,77.27,-200.0,LONG,134.0,RR
2026-03-30T00:00:00Z,68.66,75.15,-12.0,BALANCED,0,
2026-03-30T00:15:00Z,46.65,70.71,-115.0,LONG,41.0,mFRR
2026-03-30T00:30:00Z,70.5,75.58,-3.0,BALANCED,0,
2026-03-30T00:45:00Z,67.64,71.78,44.0,BALANCED,0,
2026-03-30T01:00:00Z,67.07,90.59,141.0,SHORT,76.0,mFRR
2026-03-30T01:15:00Z,67.96,71.65,53.0,BALANCED,0,
2026-03-30T01:30:00Z,33.31,80.08,-218.0,LONG,174.0,aFRR
2026-03-30T01:45:00Z,68.93,73.99,53.0,BALANCED,0,
2026-03-30T02:00:00Z,69.28,79.5,-16.0,BALANCED,0,
2026-03-30T02:15:00Z,67.41,73.52,-24.0,BALANCED,0,
2026-03-30T02:30:00Z,43.78,74.1,-249.0,LONG,140.0,aFRR
2026-03-30T02:45:00Z,65.57,94.43,135.0,SHORT,69.0,mFRR
2026-03-30T03:00:00Z,70.44,73.85,25.0,BALANCED,0,
2026-03-30T03:15:00Z,69.64,111.74,369.0,SHORT,228.0,mFRR
2026-03-30T03:30:00Z,9.52,79.24,-589.0,LONG,368.0,aFRR
2026-03-30T03:45:00Z,61.81,97.21,171.0,SHORT,76.0,aFRR
2026-03-30T04:00:00Z,31.13,73.98,-358.0,LONG,262.0,mFRR
2026-03-30T04:15:00Z,69.3,77.83,-3.0,BALANCED,0,
2026-03-30T04:30:00Z,65.12,109.62,160.0,SHORT,116.0,aFRR
2026-03-30T04:45:00Z,37.84,77.48,-371.0,LONG,248.0,aFRR
2026-03-30T05:00:00Z,20.79,75.7,-394.0,LONG,150.0,aFRR
2026-03-30T05:15:00Z,35.8,74.79,-220.0,LONG,116.0,aFRR
2026-03-30T05:30:00Z,44.89,77.24,-161.0,LONG,120.0,mFRR
2026-03-30T05:45:00Z,71.67,135.49,396.0,SHORT,262.0,mFRR
2026-03-30T06:00:00Z,70.33,74.02,97.0,BALANCED,0,
2026-03-30T06:15:00Z,73.75,100.41,198.0,SHORT,93.0,aFRR
2026-03-30T06:30:00Z,69.2,79.51,179.0,SHORT,90.0,RR
2026-03-30T06:45:00Z,55.98,73.47,-204.0,LONG,111.0,RR
2026-03-30T07:00:00Z,63.73,118.19,209.0,SHORT,76.0,aFRR
2026-03-30T07:15:00Z,69.11,99.56,217.0,SHORT,66.0,RR
2026-03-30T07:30:00Z,66.59,76.71,58.0,BALANCED,0,
2026-03-30T07:45:00Z,51.95,76.09,-222.0,LONG,83.0,RR
2026-03-30T08:00:00Z,69.19,90.11,142.0,SHORT,67.0,aFRR
2026-03-30T08:15:00Z,64.09,97.8,348.0,SHORT,121.0,mFRR
2026-03-30T08:30:00Z,49.69,72.82,-234.0,LONG,101.0,RR
2026-03-30T08:45:00Z,7.9,78.63,-420.0,LONG,196.0,RR
2026-03-30T09:00:00Z,21.77,70.85,-442.0,LONG,217.0,RR
2026-03-30T09:15:00Z,19.75,79.26,-283.0,LONG,108.0,RR
2026-03-30T09:30:00Z,34.56,76.05,-237.0,LONG,117.0,aFRR
2026-03-30T09:45:00Z,62.32,101.67,128.0,SHORT,81.0,aFRR
2026-03-30T10:00:00Z,51.58,74.38,-234.0,LONG,144.0,aFRR
2026-03-30T10:15:00Z,67.93,72.47,-47.0,BALANCED,0,
2026-03-30T10:30:00Z,6.67,75.75,-552.0,LONG,354.0,aFRR
2026-03-30T10:45:00Z,66.94,71.6,-53.0,BALANCED,0,
2026-03-30T11:00:00Z,69.49,73.47,-6.0,BALANCED,0,
2026-03-30T11:15:00Z,56.1,73.8,-171.0,LONG,102.0,mFRR
2026-03-30T11:30:00Z,43.97,81.7,-268.0,LONG,147.0,RR
2026-03-30T11:45:00Z,28.97,79.28,-282.0,LONG,110.0,aFRR
2026-03-30T12:00:00Z,70.53,73.65,81.0,BALANCED,0,
2026-03-30T12:15:00Z,72.4,136.98,142.0,SHORT,59.0,aFRR
2026-03-30T12:30:00Z,16.14,77.18,-415.0,LONG,330.0,aFRR
2026-03-30T12:45:00Z,67.79,78.28,13.0,BALANCED,0,
2026-03-30T13:00:00Z,67.04,73.41,30.0,BALANCED,0,
2026-03-30T13:15:00Z,68.93,76.53,63.0,BALANCED,0,
2026-03-30T13:30:00Z,66.13,122.28,287.0,SHORT,148.0,RR
2026-03-30T13:45:00Z,68.66,137.33,217.0,SHORT,158.0,aFRR
2026-03-30T14:00:00Z,69.76,76.64,60.0,BALANCED,0,
2026-03-30T14:15:00Z,59.42,78.58,-205.0,LONG,116.0,mFRR
2026-03-30T14:30:00Z,41.6,80.76,-146.0,LONG,63.0,mFRR
2026-03-30T14:45:00Z,70.49,76.11,-64.0,BALANCED,0,
2026-03-30T15:00:00Z,64.7,158.58,480.0,SHORT,350.0,mFRR
2026-03-30T15:15:00Z,59.24,76.73,-179.0,LONG,108.0,mFRR
2026-03-30T15:30:00Z,67.93,77.36,100.0,BALANCED,0,
2026-03-30T15:45:00Z,18.51,76.88,-410.0,LONG,294.0,RR
2026-03-30T16:00:00Z,65.57,119.93,323.0,SHORT,258.0,aFRR
2026-03-30T16:15:00Z,69.98,73.44,57.0,BALANCED,0,
2026-03-30T16:30:00Z,66.85,76.87,-1.0,BALANCED,0,
2026-03-30T16:45:00Z,42.79,71.2,-257.0,LONG,88.0,mFRR
2026-03-30T17:00:00Z,41.19,81.17,-214.0,LONG,89.0,aFRR
2026-03-30T17:15:00Z,35.49,75.68,-206.0,LONG,111.0,RR
2026-03-30T17:30:00Z,70.34,72.72,-80.0,BALANCED,0,
2026-03-30T17:45:00Z,71.81,74.83,-48.0,BALANCED,0,
2026-03-30T18:00:00Z,67.94,75.76,-81.0,BALANCED,0,
2026-03-30T18:15:00Z,64.68,119.98,298.0,SHORT,128.0,aFRR
2026-03-30T18:30:00Z,32.8,77.04,-398.0,LONG,171.0,aFRR
2026-03-30T18:45:00Z,44.92,77.48,-209.0,LONG,131.0,mFRR
2026-03-30T19:00:00Z,69.25,119.22,129.0,SHORT,78.0,RR
2026-03-30T19:15:00Z,58.97,78.27,-113.0,LONG,72.0,mFRR
2026-03-30T19:30:00Z,72.12,75.36,-8.0,BALANCED,0,
2026-03-30T19:45:00Z,66.92,76.07,84.0,BALANCED,0,
2026-03-30T20:00:00Z,63.61,134.8,331.0,SHORT,242.0,mFRR
2026-03-30T20:15:00Z,70.28,105.01,120.0,SHORT,76.0,aFRR
2026-03-30T20:30:00Z,69.52,76.46,144.0,SHORT,77.0,RR
2026-03-30T20:45:00Z,68.63,77.93,11.0,BALANCED,0,
2026-03-30T21:00:00Z,44.21,74.95,-148.0,LONG,53.0,aFRR
2026-03-30T21:15:00Z,47.85,70.79,-293.0,LONG,88.0,RR
2026-03-30T21:30:00Z,5.26,82.11,-384.0,LONG,281.0,RR
2026-03-30T21:45:00Z,66.3,120.5,403.0,SHORT,261.0,mFRR
2026-03-30T22:00:00Z,70.42,72.99,-71.0,BALANCED,0,
2026-03-30T22:15:00Z,64.42,131.11,223.0,SHORT,95.0,mFRR
2026-03-30T22:30:00Z,49.42,77.7,-109.0,LONG,65.0,RR
2026-03-30T22:45:00Z,66.67,152.44,582.0,SHORT,236.0,RR
2026-03-30T23:00:00Z,64.11,137.58,139.0,SHORT,109.0,mFRR
2026-03-30T23:15:00Z,47.86,73.56,-313.0,LONG,117.0,mFRR
2026-03-30T23:30:00Z,71.84,128.15,100.0,SHORT,69.0,RR
2026-03-30T23:45:00Z,64.64,99.63,143.0,SHORT,52.0,aFRR
2026-03-31T00:00:00Z,37.18,77.67,-332.0,LONG,253.0,RR
2026-03-31T00:15:00Z,67.13,135.67,375.0,SHORT,283.0,RR
2026-03-31T00:30:00Z,71.62,73.49,-7.0,BALANCED,0,
2026-03-31T00:45:00Z,23.74,74.98,-266.0,LONG,157.0,mFRR
2026-03-31T01:00:00Z,66.19,113.01,157.0,SHORT,51.0,aFRR
2026-03-31T01:15:00Z,67.84,154.35,769.0,SHORT,596.0,RR
2026-03-31T01:30:00Z,69.52,116.4,241.0,SHORT,86.0,mFRR
2026-03-31T01:45:00Z,48.22,76.82,-137.0,LONG,47.0,aFRR
2026-03-31T02:00:00Z,9.81,75.17,-396.0,LONG,172.0,aFRR
2026-03-31T02:15:00Z,50.58,77.83,-166.0,LONG,98.0,mFRR
2026-03-31T02:30:00Z,63.03,95.52,142.0,SHORT,55.0,RR
2026-03-31T02:45:00Z,39.43,75.76,-212.0,LONG,151.0,aFRR
2026-03-31T03:00:00Z,67.43,157.26,585.0,SHORT,287.0,aFRR
2026-03-31T03:15:00Z,1.05,80.25,-618.0,LONG,226.0,mFRR
2026-03-31T03:30:00Z,69.17,120.82,184.0,SHORT,127.0,mFRR
2026-03-31T03:45:00Z,72.02,96.4,174.0,SHORT,110.0,RR
2026-03-31T04:00:00Z,67.83,77.39,-16.0,BALANCED,0,
2026-03-31T04:15:00Z,67.49,74.41,20.0,BALANCED,0,
2026-03-31T04:30:00Z,65.67,140.82,306.0,SHORT,204.0,mFRR
2026-03-31T04:45:00Z,70.0,77.13,36.0,BALANCED,0,
2026-03-31T05:00:00Z,68.07,103.67,107.0,SHORT,38.0,aFRR
2026-03-31T05:15:00Z,64.96,118.23,215.0,SHORT,92.0,RR
2026-03-31T05:30:00Z,59.98,73.44,-190.0,LONG,89.0,mFRR
2026-03-31T05:45:00Z,66.34,73.6,82.0,BALANCED,0,
2026-03-31T06:00:00Z,26.14,75.5,-473.0,LONG,307.0,aFRR
2026-03-31T06:15:00Z,62.59,130.28,148.0,SHORT,73.0,mFRR
2026-03-31T06:30:00Z,64.68,100.46,255.0,SHORT,86.0,aFRR
2026-03-31T06:45:00Z,35.29,72.66,-236.0,LONG,187.0,mFRR
2026-03-31T07:00:00Z,23.55,80.6,-294.0,LONG,165.0,mFRR
2026-03-31T07:15:00Z,73.21,209.2,912.0,SHORT,493.0,mFRR
2026-03-31T07:30:00Z,66.32,127.79,363.0,SHORT,171.0,RR
2026-03-31T07:45:00Z,67.45,110.71,240.0,SHORT,121.0,aFRR
2026-03-31T08:00:00Z,68.33,74.26,-39.0,BALANCED,0,
2026-03-31T08:15:00Z,64.17,110.59,197.0,SHORT,84.0,RR
2026-03-31T08:30:00Z,66.1,123.04,130.0,SHORT,50.0,aFRR
2026-03-31T08:45:00Z,64.6,124.29,334.0,SHORT,175.0,aFRR
2026-03-31T09:00:00Z,70.0,109.4,218.0,SHORT,157.0,mFRR
2026-03-31T09:15:00Z,71.15,73.26,-13.0,BALANCED,0,
2026-03-31T09:30:00Z,67.31,73.41,19.0,BALANCED,0,
2026-03-31T09:45:00Z,61.71,137.86,233.0,SHORT,112.0,aFRR
2026-03-31T10:00:00Z,56.56,75.98,-103.0,LONG,81.0,RR
2026-03-31T10:15:00Z,55.82,76.76,-109.0,LONG,65.0,aFRR
2026-03-31T10:30:00Z,56.11,72.62,-273.0,LONG,206.0,mFRR
2026-03-31T10:45:00Z,0.92,72.79,-557.0,LONG,433.0,mFRR
2026-03-31T11:00:00Z,68.21,76.97,-62.0,BALANCED,0,
2026-03-31T11:15:00Z,65.08,155.32,441.0,SHORT,218.0,mFRR
2026-03-31T11:30:00Z,69.6,95.58,244.0,SHORT,119.0,mFRR
2026-03-31T11:45:00Z,8.21,76.41,-682.0,LONG,404.0,RR
2026-03-31T12:00:00Z,70.29,77.13,-70.0,BALANCED,0,
2026-03-31T12:15:00Z,48.26,73.23,-159.0,LONG,105.0,mFRR
2026-03-31T12:30:00Z,70.46,103.54,157.0,SHORT,111.0,RR
2026-03-31T12:45:00Z,67.18,72.09,-98.0,BALANCED,0,
2026-03-31T13:00:00Z,61.0,133.44,365.0,SHORT,273.0,aFRR
2026-03-31T13:15:00Z,43.64,78.62,-105.0,LONG,68.0,mFRR
2026-03-31T13:30:00Z,16.56,77.73,-486.0,LONG,267.0,RR
2026-03-31T13:45:00Z,67.84,103.71,306.0,SHORT,113.0,mFRR
2026-03-31T14:00:00Z,67.79,76.98,-84.0,BALANCED,0,
2026-03-31T14:15:00Z,68.94,75.06,-83.0,BALANCED,0,
2026-03-31T14:30:00Z,30.36,76.22,-152.0,LONG,51.0,mFRR
2026-03-31T14:45:00Z,64.97,102.04,113.0,SHORT,47.0,mFRR
2026-03-31T15:00:00Z,39.75,73.83,-195.0,LONG,110.0,mFRR
2026-03-31T15:15:00Z,71.64,76.88,75.0,BALANCED,0,
2026-03-31T15:30:00Z,8.4,81.77,-501.0,LONG,243.0,RR
2026-03-31T15:45:00Z,33.94,77.42,-375.0,LONG,200.0,aFRR
2026-03-31T16:00:00Z,70.31,102.92,215.0,SHORT,120.0,aFRR
2026-03-31T16:15:00Z,70.02,77.76,78.0,BALANCED,0,
2026-03-31T16:30:00Z,29.91,78.4,-203.0,LONG,133.0,aFRR
2026-03-31T16:45:00Z,13.1,72.13,-607.0,LONG,275.0,mFRR
2026-03-31T17:00:00Z,24.26,72.61,-325.0,LONG,235.0,mFRR
2026-03-31T17:15:00Z,68.62,173.22,579.0,SHORT,337.0,mFRR
2026-03-31T17:30:00Z,71.39,70.12,90.0,BALANCED,0,
2026-03-31T17:45:00Z,49.51,80.03,-160.0,LONG,94.0,RR
2026-03-31T18:00:00Z,69.96,73.72,13.0,BALANCED,0,
2026-03-31T18:15:00Z,64.02,107.6,123.0,SHORT,65.0,aFRR
2026-03-31T18:30:00Z,68.77,135.52,387.0,SHORT,148.0,aFRR
2026-03-31T18:45:00Z,-0.7,67.87,-584.0,LONG,253.0,RR
2026-03-31T19:00:00Z,47.97,76.53,-164.0,LONG,126.0,aFRR
2026-03-31T19:15:00Z,59.74,76.18,-152.0,LONG,122.0,RR
2026-03-31T19:30:00Z,72.74,73.99,4.0,BALANCED,0,
2026-03-31T19:45:00Z,72.12,75.54,34.0,BALANCED,0,
2026-03-31T20:00:00Z,10.1,76.44,-227.0,LONG,100.0,aFRR
2026-03-31T20:15:00Z,7.98,78.21,-593.0,LONG,204.0,aFRR
2026-03-31T20:30:00Z,8.05,77.38,-467.0,LONG,245.0,aFRR
2026-03-31T20:45:00Z,69.25,143.33,353.0,SHORT,226.0,RR
2026-03-31T21:00:00Z,66.34,101.32,518.0,SHORT,290.0,RR
2026-03-31T21:15:00Z,70.39,113.56,114.0,SHORT,38.0,RR
2026-03-31T21:30:00Z,51.08,72.94,-164.0,LONG,74.0,RR
2026-03-31T21:45:00Z,38.06,75.32,-240.0,LONG,154.0,aFRR
2026-03-31T22:00:00Z,69.81,78.3,53.0,BALANCED,0,
2026-03-31T22:15:00Z,64.94,87.92,237.0,SHORT,155.0,aFRR
2026-03-31T22:30:00Z,37.66,77.32,-192.0,LONG,95.0,RR
2026-03-31T22:45:00Z,41.61,75.16,-109.0,LONG,86.0,mFRR
2026-03-31T23:00:00Z,12.63,77.6,-509.0,LONG,291.0,aFRR
2026-03-31T23:15:00Z,0.6,75.12,-521.0,LONG,273.0,mFRR
2026-03-31T23:30:00Z,68.72,74.41,64.0,BALANCED,0,
2026-03-31T23:45:00Z,66.27,169.04,509.0,SHORT,305.0,mFRR
2026-04-01T00:00:00Z,68.17,79.57,110.0,SHORT,52.0,RR
2026-04-01T00:15:00Z,56.82,74.68,-202.0,LONG,135.0,aFRR
2026-04-01T00:30:00Z,67.41,82.04,-26.0,BALANCED,0,
2026-04-01T00:45:00Z,63.89,122.19,390.0,SHORT,181.0,RR
2026-04-01T01:00:00Z,20.61,75.04,-303.0,LONG,124.0,aFRR
2026-04-01T01:15:00Z,72.06,98.7,167.0,SHORT,133.0,aFRR
2026-04-01T01:30:00Z,66.44,159.49,683.0,SHORT,232.0,RR
2026-04-01T01:45:00Z,70.09,75.94,4.0,BALANCED,0,
2026-04-01T02:00:00Z,69.36,116.9,152.0,SHORT,103.0,aFRR
2026-04-01T02:15:00Z,68.25,119.84,421.0,SHORT,230.0,aFRR
2026-04-01T02:30:00Z,69.92,119.12,242.0,SHORT,82.0,aFRR
2026-04-01T02:45:00Z,71.33,133.23,194.0,SHORT,97.0,aFRR
2026-04-01T03:00:00Z,47.0,76.85,-171.0,LONG,63.0,RR
2026-04-01T03:15:00Z,63.06,76.58,234.0,SHORT,72.0,mFRR
2026-04-01T03:30:00Z,69.59,103.53,132.0,SHORT,102.0,RR
2026-04-01T03:45:00Z,72.35,138.33,435.0,SHORT,177.0,aFRR
2026-04-01T04:00:00Z,20.78,73.71,-342.0,LONG,201.0,aFRR
2026-04-01T04:15:00Z,65.32,75.08,87.0,BALANCED,0,
2026-04-01T04:30:00Z,63.92,75.19,28.0,BALANCED,0,
2026-04-01T04:45:00Z,71.43,76.65,-46.0,BALANCED,0,
2026-04-01T05:00:00Z,49.64,80.78,-142.0,LONG,55.0,aFRR
2026-04-01T05:15:00Z,69.12,73.51,29.0,BALANCED,0,
2026-04-01T05:30:00Z,51.24,78.49,-114.0,LONG,67.0,aFRR
2026-04-01T05:45:00Z,73.82,72.38,18.0,BALANCED,0,
2026-04-01T06:00:00Z,68.27,119.61,333.0,SHORT,185.0,aFRR
2026-04-01T06:15:00Z,67.51,75.6,-48.0,BALANCED,0,
2026-04-01T06:30:00Z,24.98,80.94,-332.0,LONG,150.0,RR
2026-04-01T06:45:00Z,34.62,73.17,-139.0,LONG,74.0,RR
2026-04-01T07:00:00Z,72.18,139.78,496.0,SHORT,371.0,mFRR
2026-04-01T07:15:00Z,61.4,154.72,430.0,SHORT,273.0,aFRR
2026-04-01T07:30:00Z,38.4,75.63,-319.0,LONG,116.0,RR
2026-04-01T07:45:00Z,70.53,73.81,91.0,BALANCED,0,
2026-04-01T08:00:00Z,66.67,75.12,-87.0,BALANCED,0,
2026-04-01T08:15:00Z,26.22,78.89,-468.0,LONG,162.0,mFRR
2026-04-01T08:30:00Z,50.64,77.65,-134.0,LONG,87.0,mFRR
2026-04-01T08:45:00Z,10.79,77.41,-528.0,LONG,338.0,mFRR
2026-04-01T09:00:00Z,66.99,77.28,51.0,BALANCED,0,
2026-04-01T09:15:00Z,63.77,117.24,350.0,SHORT,116.0,mFRR
2026-04-01T09:30:00Z,30.3,79.85,-224.0,LONG,161.0,mFRR
2026-04-01T09:45:00Z,46.48,70.84,-163.0,LONG,114.0,mFRR
2026-04-01T10:00:00Z,66.55,113.62,265.0,SHORT,158.0,aFRR
2026-04-01T10:15:00Z,42.21,76.35,-295.0,LONG,119.0,mFRR
2026-04-01T10:30:00Z,43.31,78.33,-206.0,LONG,83.0,aFRR
2026-04-01T10:45:00Z,69.87,116.63,482.0,SHORT,300.0,aFRR
2026-04-01T11:00:00Z,67.69,97.9,126.0,SHORT,80.0,aFRR
2026-04-01T11:15:00Z,0.57,77.15,-485.0,LONG,154.0,mFRR
2026-04-01T11:30:00Z,53.37,83.4,-240.0,LONG,105.0,RR
2026-04-01T11:45:00Z,69.86,74.67,35.0,BALANCED,0,
2026-04-01T12:00:00Z,68.71,74.17,-90.0,BALANCED,0,
2026-04-01T12:15:00Z,68.53,73.14,-98.0,BALANCED,0,
2026-04-01T12:30:00Z,63.78,129.43,237.0,SHORT,184.0,aFRR
2026-04-01T12:45:00Z,69.12,75.69,34.0,BALANCED,0,
2026-04-01T13:00:00Z,49.74,77.84,-197.0,LONG,95.0,mFRR
2026-04-01T13:15:00Z,68.39,155.77,554.0,SHORT,176.0,aFRR
2026-04-01T13:30:00Z,69.38,74.91,46.0,BALANCED,0,
2026-04-01T13:45:00Z,67.85,110.26,157.0,SHORT,102.0,mFRR
2026-04-01T14:00:00Z,43.28,77.52,-101.0,LONG,40.0,aFRR
2026-04-01T14:15:00Z,67.88,75.38,49.0,BALANCED,0,
2026-04-01T14:30:00Z,48.98,80.19,-172.0,LONG,117.0,aFRR
2026-04-01T14:45:00Z,28.27,75.66,-263.0,LONG,85.0,mFRR
2026-04-01T15:00:00Z,41.86,81.38,-223.0,LONG,152.0,RR
2026-04-01T15:15:00Z,39.06,80.26,-200.0,LONG,123.0,aFRR
2026-04-01T15:30:00Z,70.74,182.49,509.0,SHORT,284.0,mFRR
2026-04-01T15:45:00Z,21.75,72.41,-359.0,LONG,145.0,mFRR
2026-04-01T16:00:00Z,18.02,80.14,-446.0,LONG,221.0,mFRR
2026-04-01T16:15:00Z,65.59,124.76,325.0,SHORT,235.0,mFRR
2026-04-01T16:30:00Z,68.46,119.72,357.0,SHORT,163.0,mFRR
2026-04-01T16:45:00Z,28.27,79.88,-398.0,LONG,297.0,RR
2026-04-01T17:00:00Z,68.14,75.97,-84.0,BALANCED,0,
2026-04-01T17:15:00Z,68.93,72.99,-85.0,BALANCED,0,
2026-04-01T17:30:00Z,64.15,131.82,333.0,SHORT,178.0,RR
2026-04-01T17:45:00Z,69.9,128.07,216.0,SHORT,93.0,RR
2026-04-01T18:00:00Z,31.53,75.76,-232.0,LONG,103.0,aFRR
2026-04-01T18:15:00Z,66.52,151.66,370.0,SHORT,217.0,mFRR
2026-04-01T18:30:00Z,54.47,79.34,-132.0,LONG,78.0,aFRR
2026-04-01T18:45:00Z,63.2,115.96,383.0,SHORT,241.0,RR
2026-04-01T19:00:00Z,29.84,77.5,-414.0,LONG,168.0,aFRR
2026-04-01T19:15:00Z,62.22,108.03,247.0,SHORT,136.0,aFRR
2026-04-01T19:30:00Z,68.3,93.03,194.0,SHORT,85.0,mFRR
2026-04-01T19:45:00Z,54.57,83.61,-118.0,LONG,88.0,aFRR
2026-04-01T20:00:00Z,16.03,78.53,-507.0,LONG,185.0,RR
2026-04-01T20:15:00Z,64.88,133.4,402.0,SHORT,159.0,mFRR
2026-04-01T20:30:00Z,39.59,75.03,-282.0,LONG,154.0,RR
2026-04-01T20:45:00Z,42.26,77.11,-265.0,LONG,100.0,aFRR
2026-04-01T21:00:00Z,62.75,96.42,105.0,SHORT,71.0,mFRR
2026-04-01T21:15:00Z,70.4,73.69,2.0,BALANCED,0,
2026-04-01T21:30:00Z,69.13,77.11,-47.0,BALANCED,0,
2026-04-01T21:45:00Z,66.27,143.04,421.0,SHORT,233.0,aFRR
2026-04-01T22:00:00Z,13.91,76.92,-483.0,LONG,266.0,RR
2026-04-01T22:15:00Z,23.58,76.99,-362.0,LONG,114.0,mFRR
2026-04-01T22:30:00Z,65.43,127.79,241.0,SHORT,118.0,aFRR
2026-04-01T22:45:00Z,64.06,124.87,217.0,SHORT,142.0,RR
2026-04-01T23:00:00Z,70.91,122.83,111.0,SHORT,83.0,mFRR
2026-04-01T23:15:00Z,30.0,70.57,-434.0,LONG,174.0,aFRR
2026-04-01T23:30:00Z,20.35,73.77,-275.0,LONG,94.0,mFRR
2026-04-01T23:45:00Z,68.6,73.48,23.0,BALANCED,0,
2026-04-02T00:00:00Z,-3.73,78.86,-642.0,LONG,365.0,mFRR
2026-04-02T00:15:00Z,21.89,80.83,-353.0,LONG,248.0,aFRR
2026-04-02T00:30:00Z,16.09,82.53,-445.0,LONG,215.0,mFRR
2026-04-02T00:45:00Z,51.68,79.03,-130.0,LONG,57.0,aFRR
2026-04-02T01:00:00Z,68.22,112.98,110.0,SHORT,47.0,aFRR
2026-04-02T01:15:00Z,69.7,124.07,406.0,SHORT,203.0,mFRR
2026-04-02T01:30:00Z,20.11,75.33,-460.0,LONG,268.0,mFRR
2026-04-02T01:45:00Z,66.35,100.12,167.0,SHORT,100.0,aFRR
2026-04-02T02:00:00Z,36.51,75.77,-260.0,LONG,121.0,aFRR
2026-04-02T02:15:00Z,27.85,73.92,-377.0,LONG,141.0,mFRR
2026-04-02T02:30:00Z,70.39,74.52,82.0,BALANCED,0,
2026-04-02T02:45:00Z,63.66,101.24,218.0,SHORT,169.0,mFRR
2026-04-02T03:00:00Z,68.73,74.65,95.0,BALANCED,0,
2026-04-02T03:15:00Z,42.43,79.21,-132.0,LONG,59.0,mFRR
2026-04-02T03:30:00Z,63.02,114.45,133.0,SHORT,70.0,aFRR
2026-04-02T03:45:00Z,70.18,154.7,907.0,SHORT,675.0,aFRR
2026-04-02T04:00:00Z,20.51,75.91,-350.0,LONG,235.0,aFRR
2026-04-02T04:15:00Z,66.88,152.3,355.0,SHORT,144.0,mFRR
2026-04-02T04:30:00Z,65.88,129.07,346.0,SHORT,251.0,RR
2026-04-02T04:45:00Z,65.78,78.84,19.0,BALANCED,0,
2026-04-02T05:00:00Z,36.69,76.53,-275.0,LONG,112.0,aFRR
2026-04-02T05:15:00Z,-3.61,72.94,-651.0,LONG,285.0,RR
2026-04-02T05:30:00Z,67.93,122.67,125.0,SHORT,84.0,mFRR
2026-04-02T05:45:00Z,64.92,94.39,109.0,SHORT,43.0,aFRR
2026-04-02T06:00:00Z,41.4,77.6,-275.0,LONG,181.0,mFRR
2026-04-02T06:15:00Z,70.72,76.17,49.0,BALANCED,0,
2026-04-02T06:30:00Z,41.92,75.16,-230.0,LONG,169.0,mFRR
2026-04-02T06:45:00Z,69.07,75.81,98.0,BALANCED,0,
2026-04-02T07:00:00Z,67.35,73.03,44.0,BALANCED,0,
2026-04-02T07:15:00Z,69.58,113.6,302.0,SHORT,93.0,aFRR
2026-04-02T07:30:00Z,27.89,77.03,-245.0,LONG,166.0,aFRR
2026-04-02T07:45:00Z,69.27,114.18,119.0,SHORT,58.0,aFRR
2026-04-02T08:00:00Z,69.14,78.52,34.0,BALANCED,0,
2026-04-02T08:15:00Z,68.18,72.1,3.0,BALANCED,0,
2026-04-02T08:30:00Z,47.79,75.38,-221.0,LONG,137.0,mFRR
2026-04-02T08:45:00Z,39.76,78.88,-312.0,LONG,188.0,mFRR
2026-04-02T09:00:00Z,66.61,73.45,-10.0,BALANCED,0,
2026-04-02T09:15:00Z,70.01,74.71,6.0,BALANCED,0,
2026-04-02T09:30:00Z,22.36,75.47,-256.0,LONG,189.0,aFRR
2026-04-02T09:45:00Z,68.62,90.45,255.0,SHORT,197.0,RR
2026-04-02T10:00:00Z,-7.18,79.76,-545.0,LONG,324.0,RR
2026-04-02T10:15:00Z,69.33,150.46,490.0,SHORT,321.0,mFRR
2026-04-02T10:30:00Z,42.09,73.76,-128.0,LONG,72.0,RR
2026-04-02T10:45:00Z,31.36,76.41,-265.0,LONG,172.0,RR
2026-04-02T11:00:00Z,25.97,69.93,-338.0,LONG,138.0,aFRR
2026-04-02T11:15:00Z,64.66,140.8,420.0,SHORT,211.0,mFRR
2026-04-02T11:30:00Z,24.07,77.82,-381.0,LONG,198.0,mFRR
2026-04-02T11:45:00Z,68.18,117.56,224.0,SHORT,155.0,mFRR
2026-04-02T12:00:00Z,64.14,106.13,102.0,SHORT,48.0,aFRR
2026-04-02T12:15:00Z,63.67,141.96,403.0,SHORT,224.0,aFRR
2026-04-02T12:30:00Z,56.67,76.59,-195.0,LONG,103.0,mFRR
2026-04-02T12:45:00Z,63.76,142.11,459.0,SHORT,336.0,RR
2026-04-02T13:00:00Z,65.53,134.31,208.0,SHORT,110.0,mFRR
2026-04-02T13:15:00Z,68.07,136.81,327.0,SHORT,137.0,mFRR
2026-04-02T13:30:00Z,69.98,87.12,189.0,SHORT,88.0,aFRR
2026-04-02T13:45:00Z,68.73,75.16,-28.0,BALANCED,0,
2026-04-02T14:00:00Z,68.82,98.76,112.0,SHORT,82.0,aFRR
2026-04-02T14:15:00Z,68.91,74.63,-54.0,BALANCED,0,
2026-04-02T14:30:00Z,70.4,142.64,680.0,SHORT,281.0,aFRR
2026-04-02T14:45:00Z,63.27,175.81,543.0,SHORT,169.0,RR
2026-04-02T15:00:00Z,65.97,79.75,120.0,SHORT,67.0,mFRR
2026-04-02T15:15:00Z,68.78,72.66,-63.0,BALANCED,0,
2026-04-02T15:30:00Z,65.38,118.01,102.0,SHORT,55.0,mFRR
2026-04-02T15:45:00Z,69.78,76.08,-71.0,BALANCED,0,
2026-04-02T16:00:00Z,66.5,145.35,503.0,SHORT,389.0,RR
2026-04-02T16:15:00Z,67.2,160.03,545.0,SHORT,327.0,aFRR
2026-04-02T16:30:00Z,68.81,75.72,-66.0,BALANCED,0,
2026-04-02T16:45:00Z,68.58,74.64,-7.0,BALANCED,0,
2026-04-02T17:00:00Z,62.84,140.79,532.0,SHORT,413.0,aFRR
2026-04-02T17:15:00Z,65.97,126.03,119.0,SHORT,62.0,RR
2026-04-02T17:30:00Z,68.93,74.54,9.0,BALANCED,0,
2026-04-02T17:45:00Z,63.97,142.37,409.0,SHORT,249.0,RR
2026-04-02T18:00:00Z,66.17,83.16,112.0,SHORT,41.0,mFRR
2026-04-02T18:15:00Z,4.83,77.67,-433.0,LONG,256.0,RR
2026-04-02T18:30:00Z,49.51,82.33,-246.0,LONG,113.0,RR
2026-04-02T18:45:00Z,64.85,127.57,249.0,SHORT,81.0,mFRR
2026-04-02T19:00:00Z,67.56,132.15,311.0,SHORT,168.0,aFRR
2026-04-02T19:15:00Z,70.15,108.25,140.0,SHORT,69.0,aFRR
2026-04-02T19:30:00Z,9.9,79.31,-488.0,LONG,275.0,RR
2026-04-02T19:45:00Z,11.73,81.24,-452.0,LONG,225.0,RR
2026-04-02T20:00:00Z,-37.04,80.82,-938.0,LONG,489.0,mFRR
2026-04-02T20:15:00Z,69.22,74.07,-4.0,BALANCED,0,
2026-04-02T20:30:00Z,47.63,80.6,-184.0,LONG,57.0,aFRR
2026-04-02T20:45:00Z,67.39,135.33,462.0,SHORT,289.0,aFRR
2026-04-02T21:00:00Z,68.25,76.15,85.0,BALANCED,0,
2026-04-02T21:15:00Z,34.16,76.58,-215.0,LONG,125.0,RR
2026-04-02T21:30:00Z,20.44,69.14,-481.0,LONG,156.0,aFRR
2026-04-02T21:45:00Z,71.47,75.14,10.0,BALANCED,0,
2026-04-02T22:00:00Z,72.89,75.44,-55.0,BALANCED,0,
2026-04-02T22:15:00Z,64.65,121.53,424.0,SHORT,164.0,aFRR
2026-04-02T22:30:00Z,71.93,76.69,-2.0,BALANCED,0,
2026-04-02T22:45:00Z,10.57,72.98,-285.0,LONG,196.0,aFRR
2026-04-02T23:00:00Z,48.0,77.53,-213.0,LONG,151.0,mFRR
2026-04-02T23:15:00Z,74.17,79.93,-30.0,BALANCED,0,
2026-04-02T23:30:00Z,46.22,77.51,-200.0,LONG,94.0,RR
2026-04-02T23:45:00Z,58.3,80.16,-191.0,LONG,150.0,RR
2026-04-03T00:00:00Z,26.73,74.26,-230.0,LONG,178.0,aFRR
2026-04-03T00:15:00Z,68.75,105.23,135.0,SHORT,61.0,RR
2026-04-03T00:30:00Z,65.16,135.54,260.0,SHORT,87.0,mFRR
2026-04-03T00:45:00Z,65.47,90.34,161.0,SHORT,86.0,mFRR
2026-04-03T01:00:00Z,69.72,73.96,57.0,BALANCED,0,
2026-04-03T01:15:00Z,33.07,77.48,-276.0,LONG,170.0,aFRR
2026-04-03T01:30:00Z,66.47,116.66,114.0,SHORT,53.0,mFRR
2026-04-03T01:45:00Z,63.35,140.38,290.0,SHORT,127.0,aFRR
2026-04-03T02:00:00Z,47.73,78.12,-149.0,LONG,114.0,RR
2026-04-03T02:15:00Z,64.9,134.24,346.0,SHORT,261.0,mFRR
2026-04-03T02:30:00Z,41.75,84.51,-214.0,LONG,149.0,aFRR
2026-04-03T02:45:00Z,69.79,76.06,44.0,BALANCED,0,
2026-04-03T03:00:00Z,68.84,78.89,-67.0,BALANCED,0,
2026-04-03T03:15:00Z,67.42,78.61,-48.0,BALANCED,0,
2026-04-03T03:30:00Z,46.8,72.24,-224.0,LONG,70.0,aFRR
2026-04-03T03:45:00Z,33.61,70.6,-191.0,LONG,95.0,mFRR
2026-04-03T04:00:00Z,10.05,79.55,-536.0,LONG,372.0,RR
2026-04-03T04:15:00Z,68.59,154.29,203.0,SHORT,104.0,mFRR
2026-04-03T04:30:00Z,34.53,76.79,-210.0,LONG,130.0,mFRR
2026-04-03T04:45:00Z,68.61,70.26,-8.0,BALANCED,0,
2026-04-03T05:00:00Z,71.68,77.16,79.0,BALANCED,0,
2026-04-03T05:15:00Z,64.74,74.17,96.0,BALANCED,0,
2026-04-03T05:30:00Z,69.44,76.8,-14.0,BALANCED,0,
2026-04-03T05:45:00Z,68.51,126.03,280.0,SHORT,195.0,mFRR
2026-04-03T06:00:00Z,37.88,79.59,-338.0,LONG,191.0,RR
2026-04-03T06:15:00Z,30.3,86.5,-302.0,LONG,174.0,mFRR
2026-04-03T06:30:00Z,67.82,131.27,228.0,SHORT,161.0,RR
2026-04-03T06:45:00Z,65.57,91.18,145.0,SHORT,59.0,mFRR
2026-04-03T07:00:00Z,70.03,74.95,21.0,BALANCED,0,
2026-04-03T07:15:00Z,64.39,136.14,337.0,SHORT,238.0,aFRR
2026-04-03T07:30:00Z,67.96,75.95,-9.0,BALANCED,0,
2026-04-03T07:45:00Z,72.82,76.18,72.0,BALANCED,0,
2026-04-03T08:00:00Z,63.59,138.09,271.0,SHORT,215.0,RR
2026-04-03T08:15:00Z,69.34,74.64,96.0,BALANCED,0,
2026-04-03T08:30:00Z,64.03,150.82,403.0,SHORT,164.0,RR
2026-04-03T08:45:00Z,74.09,109.7,170.0,SHORT,112.0,RR
2026-04-03T09:00:00Z,70.51,115.79,181.0,SHORT,72.0,aFRR
2026-04-03T09:15:00Z,65.71,153.52,494.0,SHORT,296.0,aFRR
2026-04-03T09:30:00Z,64.26,185.8,719.0,SHORT,552.0,mFRR
2026-04-03T09:45:00Z,67.49,76.58,-76.0,BALANCED,0,
2026-04-03T10:00:00Z,69.38,125.66,361.0,SHORT,120.0,aFRR
2026-04-03T10:15:00Z,71.71,115.19,158.0,SHORT,123.0,RR
2026-04-03T10:30:00Z,69.0,95.63,162.0,SHORT,112.0,mFRR
2026-04-03T10:45:00Z,65.25,152.99,610.0,SHORT,407.0,RR
2026-04-03T11:00:00Z,29.62,73.25,-286.0,LONG,118.0,mFRR
2026-04-03T11:15:00Z,39.01,76.34,-280.0,LONG,215.0,RR
2026-04-03T11:30:00Z,52.94,75.72,-178.0,LONG,111.0,RR
2026-04-03T11:45:00Z,26.02,80.55,-253.0,LONG,171.0,aFRR
2026-04-03T12:00:00Z,39.04,78.71,-326.0,LONG,142.0,mFRR
2026-04-03T12:15:00Z,61.42,129.57,432.0,SHORT,300.0,RR
2026-04-03T12:30:00Z,66.8,119.73,343.0,SHORT,219.0,RR
2026-04-03T12:45:00Z,73.06,113.14,150.0,SHORT,116.0,RR
2026-04-03T13:00:00Z,33.94,78.9,-348.0,LONG,216.0,RR
2026-04-03T13:15:00Z,69.33,75.91,-1.0,BALANCED,0,
2026-04-03T13:30:00Z,66.96,98.74,135.0,SHORT,103.0,aFRR
2026-04-03T13:45:00Z,71.84,76.27,14.0,BALANCED,0,
2026-04-03T14:00:00Z,26.47,78.35,-278.0,LONG,171.0,mFRR
2026-04-03T14:15:00Z,68.49,77.26,-98.0,BALANCED,0,
2026-04-03T14:30:00Z,67.92,75.58,-10.0,BALANCED,0,
2026-04-03T14:45:00Z,67.74,110.56,275.0,SHORT,86.0,RR
2026-04-03T15:00:00Z,66.28,75.49,29.0,BALANCED,0,
2026-04-03T15:15:00Z,71.61,136.07,216.0,SHORT,131.0,RR
2026-04-03T15:30:00Z,72.03,74.31,-13.0,BALANCED,0,
2026-04-03T15:45:00Z,48.12,78.31,-158.0,LONG,81.0,RR
2026-04-03T16:00:00Z,25.36,73.76,-298.0,LONG,107.0,RR
2026-04-03T16:15:00Z,33.96,74.25,-302.0,LONG,193.0,mFRR
2026-04-03T16:30:00Z,65.57,73.77,63.0,BALANCED,0,
2026-04-03T16:45:00Z,69.47,112.59,245.0,SHORT,171.0,RR
2026-04-03T17:00:00Z,64.81,174.4,613.0,SHORT,427.0,aFRR
2026-04-03T17:15:00Z,37.19,73.22,-159.0,LONG,99.0,RR
2026-04-03T17:30:00Z,69.24,75.0,-100.0,BALANCED,0,
2026-04-03T17:45:00Z,68.35,70.85,80.0,BALANCED,0,
2026-04-03T18:00:00Z,35.67,75.77,-313.0,LONG,148.0,RR
2026-04-03T18:15:00Z,67.08,83.81,180.0,SHORT,113.0,aFRR
2026-04-03T18:30:00Z,68.4,112.06,216.0,SHORT,137.0,RR
2026-04-03T18:45:00Z,67.56,72.02,0.0,BALANCED,0,
2026-04-03T19:00:00Z,63.6,124.66,267.0,SHORT,80.0,aFRR
2026-04-03T19:15:00Z,37.87,81.67,-209.0,LONG,115.0,RR
2026-04-03T19:30:00Z,68.36,73.93,50.0,BALANCED,0,
2026-04-03T19:45:00Z,55.35,72.15,-214.0,LONG,97.0,mFRR
2026-04-03T20:00:00Z,49.34,77.93,-113.0,LONG,64.0,RR
2026-04-03T20:15:00Z,51.59,76.03,-137.0,LONG,61.0,mFRR
2026-04-03T20:30:00Z,37.44,78.69,-204.0,LONG,131.0,mFRR
2026-04-03T20:45:00Z,65.58,130.36,168.0,SHORT,120.0,mFRR
2026-04-03T21:00:00Z,71.48,153.07,579.0,SHORT,182.0,aFRR
2026-04-03T21:15:00Z,65.42,126.48,107.0,SHORT,73.0,aFRR
2026-04-03T21:30:00Z,67.79,73.6,34.0,BALANCED,0,
2026-04-03T21:45:00Z,70.94,119.24,294.0,SHORT,97.0,RR
2026-04-03T22:00:00Z,43.2,74.38,-204.0,LONG,121.0,mFRR
2026-04-03T22:15:00Z,23.22,76.24,-201.0,LONG,131.0,RR
2026-04-03T22:30:00Z,67.77,76.46,85.0,BALANCED,0,
2026-04-03T22:45:00Z,66.45,73.75,-44.0,BALANCED,0,
2026-04-03T23:00:00Z,29.82,77.39,-268.0,LONG,99.0,aFRR
2026-04-03T23:15:00Z,29.63,75.46,-219.0,LONG,159.0,aFRR
2026-04-03T23:30:00Z,69.94,112.45,243.0,SHORT,139.0,aFRR
2026-04-03T23:45:00Z,4.22,74.75,-512.0,LONG,268.0,mFRR
2026-04-04T00:00:00Z,38.77,69.18,-175.0,LONG,117.0,RR
2026-04-04T00:15:00Z,63.97,137.5,413.0,SHORT,296.0,RR
2026-04-04T00:30:00Z,52.36,74.43,-127.0,LONG,72.0,aFRR
2026-04-04T00:45:00Z,14.74,76.67,-429.0,LONG,211.0,mFRR
2026-04-04T01:00:00Z,22.5,74.22,-489.0,LONG,211.0,mFRR
2026-04-04T01:15:00Z,-1.07,75.25,-541.0,LONG,240.0,mFRR
2026-04-04T01:30:00Z,51.0,77.94,-113.0,LONG,47.0,RR
2026-04-04T01:45:00Z,60.96,153.08,596.0,SHORT,212.0,mFRR
2026-04-04T02:00:00Z,43.32,78.84,-122.0,LONG,53.0,mFRR
2026-04-04T02:15:00Z,32.49,86.45,-427.0,LONG,256.0,aFRR
2026-04-04T02:30:00Z,5.08,76.03,-567.0,LONG,205.0,mFRR
2026-04-04T02:45:00Z,66.93,128.79,171.0,SHORT,112.0,mFRR
2026-04-04T03:00:00Z,71.06,149.76,525.0,SHORT,168.0,mFRR
2026-04-04T03:15:00Z,69.6,166.28,535.0,SHORT,248.0,aFRR
2026-04-04T03:30:00Z,67.74,72.32,-64.0,BALANCED,0,
2026-04-04T03:45:00Z,67.37,118.86,189.0,SHORT,69.0,aFRR
2026-04-04T04:00:00Z,1.69,80.67,-657.0,LONG,225.0,aFRR
2026-04-04T04:15:00Z,28.9,78.89,-347.0,LONG,232.0,aFRR
2026-04-04T04:30:00Z,56.98,76.08,-165.0,LONG,82.0,RR
2026-04-04T04:45:00Z,72.72,82.07,-102.0,LONG,35.0,aFRR
2026-04-04T05:00:00Z,-33.55,76.52,-817.0,LONG,535.0,aFRR
2026-04-04T05:15:00Z,68.15,73.68,72.0,BALANCED,0,
2026-04-04T05:30:00Z,32.84,78.76,-275.0,LONG,126.0,aFRR
2026-04-04T05:45:00Z,56.07,82.64,-185.0,LONG,91.0,RR
2026-04-04T06:00:00Z,67.36,155.61,200.0,SHORT,113.0,RR
2026-04-04T06:15:00Z,65.53,105.98,293.0,SHORT,124.0,RR
2026-04-04T06:30:00Z,67.45,75.27,-4.0,BALANCED,0,
2026-04-04T06:45:00Z,22.01,79.83,-311.0,LONG,175.0,mFRR
2026-04-04T07:00:00Z,21.13,75.17,-423.0,LONG,173.0,RR
2026-04-04T07:15:00Z,0.25,75.58,-633.0,LONG,321.0,aFRR
2026-04-04T07:30:00Z,54.39,70.77,-119.0,LONG,41.0,aFRR
2026-04-04T07:45:00Z,69.43,73.24,-17.0,BALANCED,0,
2026-04-04T08:00:00Z,66.16,70.85,-71.0,BALANCED,0,
2026-04-04T08:15:00Z,22.53,79.81,-395.0,LONG,305.0,RR
2026-04-04T08:30:00Z,71.49,94.48,162.0,SHORT,78.0,aFRR
2026-04-04T08:45:00Z,69.32,151.23,277.0,SHORT,162.0,mFRR
2026-04-04T09:00:00Z,65.48,131.38,169.0,SHORT,91.0,aFRR
2026-04-04T09:15:00Z,61.97,108.81,141.0,SHORT,49.0,mFRR
2026-04-04T09:30:00Z,66.95,116.07,246.0,SHORT,186.0,RR
2026-04-04T09:45:00Z,54.15,75.75,-147.0,LONG,101.0,mFRR
2026-04-04T10:00:00Z,5.99,78.33,-487.0,LONG,258.0,aFRR
2026-04-04T10:15:00Z,64.56,125.74,224.0,SHORT,86.0,aFRR
2026-04-04T10:30:00Z,43.62,79.29,-294.0,LONG,158.0,RR
2026-04-04T10:45:00Z,67.74,72.04,-60.0,BALANCED,0,
2026-04-04T11:00:00Z,72.23,76.96,92.0,BALANCED,0,
2026-04-04T11:15:00Z,70.7,77.98,-62.0,BALANCED,0,
2026-04-04T11:30:00Z,66.3,75.74,10.0,BALANCED,0,
2026-04-04T11:45:00Z,68.41,81.91,434.0,SHORT,162.0,mFRR
2026-04-04T12:00:00Z,65.9,117.59,340.0,SHORT,139.0,RR
2026-04-04T12:15:00Z,37.93,78.18,-301.0,LONG,155.0,RR
2026-04-04T12:30:00Z,67.97,137.49,243.0,SHORT,187.0,mFRR
2026-04-04T12:45:00Z,66.33,102.12,144.0,SHORT,61.0,aFRR
2026-04-04T13:00:00Z,39.15,77.28,-211.0,LONG,122.0,RR
2026-04-04T13:15:00Z,63.34,112.97,275.0,SHORT,218.0,RR
2026-04-04T13:30:00Z,67.98,76.96,15.0,BALANCED,0,
2026-04-04T13:45:00Z,67.42,120.78,246.0,SHORT,78.0,mFRR
2026-04-04T14:00:00Z,40.99,74.26,-179.0,LONG,89.0,aFRR
2026-04-04T14:15:00Z,52.23,74.16,-180.0,LONG,128.0,aFRR
2026-04-04T14:30:00Z,64.29,144.7,307.0,SHORT,215.0,RR
2026-04-04T14:45:00Z,23.77,74.48,-494.0,LONG,283.0,aFRR
2026-04-04T15:00:00Z,66.86,114.74,269.0,SHORT,93.0,aFRR
2026-04-04T15:15:00Z,71.59,74.64,40.0,BALANCED,0,
2026-04-04T15:30:00Z,17.01,76.51,-498.0,LONG,383.0,RR
2026-04-04T15:45:00Z,62.59,110.29,367.0,SHORT,281.0,aFRR
2026-04-04T16:00:00Z,66.17,76.73,-38.0,BALANCED,0,
2026-04-04T16:15:00Z,63.08,75.12,-164.0,LONG,88.0,RR
2026-04-04T16:30:00Z,72.75,77.77,-67.0,BALANCED,0,
2026-04-04T16:45:00Z,43.04,77.38,-242.0,LONG,88.0,RR
2026-04-04T17:00:00Z,36.1,80.07,-165.0,LONG,95.0,RR
2026-04-04T17:15:00Z,48.49,72.12,-197.0,LONG,99.0,RR
2026-04-04T17:30:00Z,54.83,75.75,-178.0,LONG,87.0,mFRR
2026-04-04T17:45:00Z,37.49,77.69,-241.0,LONG,107.0,aFRR
2026-04-04T18:00:00Z,62.7,96.77,187.0,SHORT,114.0,aFRR
2026-04-04T18:15:00Z,35.87,76.21,-259.0,LONG,147.0,mFRR
2026-04-04T18:30:00Z,-5.08,74.95,-672.0,LONG,447.0,RR
2026-04-04T18:45:00Z,64.21,130.87,629.0,SHORT,416.0,mFRR
2026-04-04T19:00:00Z,44.94,80.3,-139.0,LONG,79.0,RR
2026-04-04T19:15:00Z,38.15,76.46,-309.0,LONG,131.0,RR
2026-04-04T19:30:00Z,73.82,129.27,236.0,SHORT,93.0,aFRR
2026-04-04T19:45:00Z,69.82,74.26,76.0,BALANCED,0,
2026-04-04T20:00:00Z,69.06,107.41,145.0,SHORT,79.0,RR
2026-04-04T20:15:00Z,10.68,70.09,-387.0,LONG,264.0,RR
2026-04-04T20:30:00Z,63.69,151.69,229.0,SHORT,86.0,aFRR
2026-04-04T20:45:00Z,69.4,77.48,1.0,BALANCED,0,
2026-04-04T21:00:00Z,50.5,81.02,-187.0,LONG,110.0,mFRR
2026-04-04T21:15:00Z,66.97,142.69,377.0,SHORT,288.0,mFRR
2026-04-04T21:30:00Z,66.44,80.1,170.0,SHORT,62.0,aFRR
2026-04-04T21:45:00Z,38.97,76.38,-204.0,LONG,81.0,aFRR
2026-04-04T22:00:00Z,-8.58,79.45,-637.0,LONG,480.0,aFRR
2026-04-04T22:15:00Z,65.19,172.41,696.0,SHORT,355.0,RR
2026-04-04T22:30:00Z,7.88,80.43,-537.0,LONG,389.0,mFRR
2026-04-04T22:45:00Z,68.05,68.47,-18.0,BALANCED,0,
2026-04-04T23:00:00Z,44.84,75.3,-211.0,LONG,92.0,RR
2026-04-04T23:15:00Z,68.39,105.19,170.0,SHORT,118.0,aFRR
2026-04-04T23:30:00Z,66.02,72.83,-45.0,BALANCED,0,
2026-04-04T23:45:00Z,19.38,77.77,-267.0,LONG,97.0,RR
