timestamp_utc,delivery_start,delivery_end,product_type,vwap_eur_mwh,high_eur_mwh,low_eur_mwh,last_eur_mwh,volume_mwh,num_trades,id3_index_eur_mwh,day_ahead_price_eur_mwh,spread_id_vs_da_eur_mwh
2026-01-05T00:00:00Z,2026-01-05 00:00,2026-01-05 00:15,QH,51.95,53.09,51.14,49.33,78.9,11,53.48,52.73,-0.78
2026-01-05T00:15:00Z,2026-01-05 00:15,2026-01-05 00:30,QH,125.04,128.28,119.29,127.16,108.6,23,125.77,52.15,72.89
2026-01-05T00:30:00Z,2026-01-05 00:30,2026-01-05 00:45,QH,47.33,58.23,45.87,45.22,74.5,10,45.51,50.84,-3.51
2026-01-05T00:45:00Z,2026-01-05 00:45,2026-01-05 01:00,QH,52.89,56.12,51.31,50.46,43.8,8,51.76,55.41,-2.51
2026-01-05T01:00:00Z,2026-01-05 01:00,2026-01-05 01:15,QH,34.6,42.0,33.95,34.06,90.4,13,37.96,54.16,-19.57
2026-01-05T01:15:00Z,2026-01-05 01:15,2026-01-05 01:30,QH,65.35,69.13,63.84,66.09,47.3,11,65.67,52.05,13.3
2026-01-05T01:30:00Z,2026-01-05 01:30,2026-01-05 01:45,QH,55.08,57.23,52.19,50.36,75.4,10,50.33,40.33,14.75
2026-01-05T01:45:00Z,2026-01-05 01:45,2026-01-05 02:00,QH,66.79,68.37,59.96,75.16,37.9,16,67.66,53.15,13.64
2026-01-05T02:00:00Z,2026-01-05 02:00,2026-01-05 02:15,QH,56.18,56.92,50.9,54.92,91.9,38,56.87,48.97,7.21
2026-01-05T02:15:00Z,2026-01-05 02:15,2026-01-05 02:30,QH,48.86,49.13,47.11,45.99,108.3,22,48.87,49.94,-1.08
2026-01-05T02:30:00Z,2026-01-05 02:30,2026-01-05 02:45,QH,39.46,49.65,37.5,35.29,108.2,17,40.51,47.76,-8.3
2026-01-05T02:45:00Z,2026-01-05 02:45,2026-01-05 03:00,QH,72.02,76.88,69.29,71.63,47.8,7,71.23,41.06,30.97
2026-01-05T03:00:00Z,2026-01-05 03:00,2026-01-05 03:15,QH,54.3,60.47,47.75,53.49,92.0,32,52.68,48.02,6.27
2026-01-05T03:15:00Z,2026-01-05 03:15,2026-01-05 03:30,QH,63.88,69.83,60.94,68.89,120.9,16,62.8,51.37,12.51
2026-01-05T03:30:00Z,2026-01-05 03:30,2026-01-05 03:45,QH,49.69,56.89,41.94,48.41,105.2,20,51.38,51.57,-1.88
2026-01-05T03:45:00Z,2026-01-05 03:45,2026-01-05 04:00,QH,27.58,34.62,22.47,36.9,100.3,18,29.08,48.21,-20.64
2026-01-05T04:00:00Z,2026-01-05 04:00,2026-01-05 04:15,QH,55.64,63.85,51.73,50.49,73.8,15,52.2,49.24,6.4
2026-01-05T04:15:00Z,2026-01-05 04:15,2026-01-05 04:30,QH,49.32,58.77,46.49,50.62,69.4,11,52.16,50.28,-0.96
2026-01-05T04:30:00Z,2026-01-05 04:30,2026-01-05 04:45,QH,37.64,38.49,35.23,43.28,104.3,25,35.81,47.75,-10.11
2026-01-05T04:45:00Z,2026-01-05 04:45,2026-01-05 05:00,QH,37.31,43.96,35.96,35.6,95.7,21,33.55,50.04,-12.73
2026-01-05T05:00:00Z,2026-01-05 05:00,2026-01-05 05:15,QH,50.23,57.88,41.93,51.92,101.4,14,54.55,45.03,5.2
2026-01-05T05:15:00Z,2026-01-05 05:15,2026-01-05 05:30,QH,61.58,63.16,57.26,60.97,70.8,15,60.21,47.16,14.41
2026-01-05T05:30:00Z,2026-01-05 05:30,2026-01-05 05:45,QH,46.36,49.68,44.11,48.18,79.7,37,43.61,45.95,0.41
2026-01-05T05:45:00Z,2026-01-05 05:45,2026-01-05 06:00,QH,46.78,46.99,39.55,42.19,95.9,20,50.16,60.12,-13.33
2026-01-05T06:00:00Z,2026-01-05 06:00,2026-01-05 06:15,QH,35.5,47.86,28.69,34.22,111.8,18,36.08,53.83,-18.33
2026-01-05T06:15:00Z,2026-01-05 06:15,2026-01-05 06:30,QH,56.43,60.94,53.43,56.46,120.0,18,59.86,52.06,4.37
2026-01-05T06:30:00Z,2026-01-05 06:30,2026-01-05 06:45,QH,40.12,44.11,39.29,42.83,102.8,19,41.41,49.69,-9.58
2026-01-05T06:45:00Z,2026-01-05 06:45,2026-01-05 07:00,QH,54.49,55.17,53.86,53.08,39.0,8,53.04,46.69,7.8
2026-01-05T07:00:00Z,2026-01-05 07:00,2026-01-05 07:15,QH,96.27,96.35,94.89,97.26,78.7,10,96.47,92.59,3.69
2026-01-05T07:15:00Z,2026-01-05 07:15,2026-01-05 07:30,QH,81.94,82.36,78.06,79.73,80.1,29,80.17,88.4,-6.46
2026-01-05T07:30:00Z,2026-01-05 07:30,2026-01-05 07:45,QH,65.7,67.56,63.5,66.03,106.0,17,66.73,79.42,-13.72
2026-01-05T07:45:00Z,2026-01-05 07:45,2026-01-05 08:00,QH,58.76,67.9,53.56,62.49,98.3,20,60.4,83.94,-25.18
2026-01-05T08:00:00Z,2026-01-05 08:00,2026-01-05 08:15,QH,163.18,164.02,159.82,164.49,79.5,11,160.5,88.01,75.17
2026-01-05T08:15:00Z,2026-01-05 08:15,2026-01-05 08:30,QH,85.62,87.48,84.51,87.03,27.1,13,85.83,89.4,-3.78
2026-01-05T08:30:00Z,2026-01-05 08:30,2026-01-05 08:45,QH,82.94,94.28,79.84,82.38,76.1,26,83.15,85.77,-2.84
2026-01-05T08:45:00Z,2026-01-05 08:45,2026-01-05 09:00,QH,82.33,86.44,80.84,80.32,44.3,17,84.11,91.01,-8.68
2026-01-05T09:00:00Z,2026-01-05 09:00,2026-01-05 09:15,QH,90.94,91.62,89.35,97.21,111.9,30,93.45,96.56,-5.63
2026-01-05T09:15:00Z,2026-01-05 09:15,2026-01-05 09:30,QH,93.86,100.51,91.5,91.99,10,3,91.14,97.18,-3.32
2026-01-05T09:30:00Z,2026-01-05 09:30,2026-01-05 09:45,QH,73.76,78.25,67.56,76.54,85.6,13,73.11,89.06,-15.31
2026-01-05T09:45:00Z,2026-01-05 09:45,2026-01-05 10:00,QH,87.17,93.91,80.37,84.35,98.5,40,87.69,97.03,-9.86
2026-01-05T10:00:00Z,2026-01-05 10:00,2026-01-05 10:15,QH,103.23,114.25,94.15,103.59,91.0,14,98.94,93.34,9.89
2026-01-05T10:15:00Z,2026-01-05 10:15,2026-01-05 10:30,QH,82.59,90.28,75.78,82.59,76.9,31,84.03,102.85,-20.26
2026-01-05T10:30:00Z,2026-01-05 10:30,2026-01-05 10:45,QH,95.58,99.97,91.41,94.15,80.0,15,95.3,96.79,-1.2
2026-01-05T10:45:00Z,2026-01-05 10:45,2026-01-05 11:00,QH,97.58,104.37,94.18,98.39,97.2,37,97.99,93.73,3.85
2026-01-05T11:00:00Z,2026-01-05 11:00,2026-01-05 11:15,QH,71.22,75.95,65.42,71.91,70.6,35,75.53,96.75,-25.52
2026-01-05T11:15:00Z,2026-01-05 11:15,2026-01-05 11:30,QH,96.2,98.66,95.88,98.01,127.0,53,99.7,87.7,8.49
2026-01-05T11:30:00Z,2026-01-05 11:30,2026-01-05 11:45,QH,97.12,101.17,92.35,98.11,108.9,19,95.35,94.93,2.2
2026-01-05T11:45:00Z,2026-01-05 11:45,2026-01-05 12:00,QH,100.61,101.01,95.35,102.17,31.8,4,102.29,98.64,1.98
2026-01-05T12:00:00Z,2026-01-05 12:00,2026-01-05 12:15,QH,109.59,115.66,107.07,111.03,121.2,17,110.59,89.29,20.3
2026-01-05T12:15:00Z,2026-01-05 12:15,2026-01-05 12:30,QH,75.83,84.86,69.87,76.82,82.2,13,77.43,96.12,-20.29
2026-01-05T12:30:00Z,2026-01-05 12:30,2026-01-05 12:45,QH,109.29,113.95,101.67,112.36,57.2,14,111.96,97.97,11.32
2026-01-05T12:45:00Z,2026-01-05 12:45,2026-01-05 13:00,QH,112.31,113.49,107.11,116.72,115.8,21,110.93,100.85,11.45
2026-01-05T13:00:00Z,2026-01-05 13:00,2026-01-05 13:15,QH,104.71,107.19,99.1,102.7,52.9,6,102.81,104.66,0.05
2026-01-05T13:15:00Z,2026-01-05 13:15,2026-01-05 13:30,QH,89.98,91.67,85.54,88.03,61.4,8,88.07,89.48,0.5
2026-01-05T13:30:00Z,2026-01-05 13:30,2026-01-05 13:45,QH,96.79,99.24,93.51,93.04,75.8,13,95.02,96.32,0.47
2026-01-05T13:45:00Z,2026-01-05 13:45,2026-01-05 14:00,QH,100.95,105.19,97.31,103.21,91.2,15,103.3,97.41,3.55
2026-01-05T14:00:00Z,2026-01-05 14:00,2026-01-05 14:15,QH,101.88,103.85,93.62,98.23,87.7,25,100.13,90.7,11.18
2026-01-05T14:15:00Z,2026-01-05 14:15,2026-01-05 14:30,QH,80.52,90.65,73.57,77.6,111.8,22,80.82,94.11,-13.59
2026-01-05T14:30:00Z,2026-01-05 14:30,2026-01-05 14:45,QH,114.26,114.93,111.56,115.76,78.3,11,116.9,98.74,15.52
2026-01-05T14:45:00Z,2026-01-05 14:45,2026-01-05 15:00,QH,94.69,97.82,91.65,94.13,120.1,59,95.72,94.33,0.36
2026-01-05T15:00:00Z,2026-01-05 15:00,2026-01-05 15:15,QH,103.2,104.03,97.99,105.17,57.4,14,100.15,87.48,15.72
2026-01-05T15:15:00Z,2026-01-05 15:15,2026-01-05 15:30,QH,83.01,96.25,70.03,84.9,50.5,6,80.15,100.46,-17.46
2026-01-05T15:30:00Z,2026-01-05 15:30,2026-01-05 15:45,QH,88.6,91.97,81.67,88.21,78.3,28,89.76,85.23,3.36
2026-01-05T15:45:00Z,2026-01-05 15:45,2026-01-05 16:00,QH,100.52,105.05,98.99,99.27,112.0,28,101.74,92.63,7.89
2026-01-05T16:00:00Z,2026-01-05 16:00,2026-01-05 16:15,QH,95.9,96.61,95.8,92.78,87.7,14,96.41,95.34,0.57
2026-01-05T16:15:00Z,2026-01-05 16:15,2026-01-05 16:30,QH,86.11,89.74,82.37,87.84,97.9,27,85.44,91.49,-5.37
2026-01-05T16:30:00Z,2026-01-05 16:30,2026-01-05 16:45,QH,81.61,87.97,78.23,87.69,52.3,11,81.8,91.01,-9.4
2026-01-05T16:45:00Z,2026-01-05 16:45,2026-01-05 17:00,QH,119.05,122.79,115.01,114.84,77.7,13,120.63,93.7,25.35
2026-01-05T17:00:00Z,2026-01-05 17:00,2026-01-05 17:15,QH,99.27,100.42,95.32,98.77,68.5,12,101.17,86.33,12.93
2026-01-05T17:15:00Z,2026-01-05 17:15,2026-01-05 17:30,QH,101.32,106.49,100.99,104.73,89.6,13,102.07,94.55,6.77
2026-01-05T17:30:00Z,2026-01-05 17:30,2026-01-05 17:45,QH,103.31,113.99,100.79,97.19,110.8,44,104.69,85.9,17.41
2026-01-05T17:45:00Z,2026-01-05 17:45,2026-01-05 18:00,QH,110.09,115.97,104.43,108.65,86.1,13,110.63,92.01,18.09
2026-01-05T18:00:00Z,2026-01-05 18:00,2026-01-05 18:15,QH,75.29,75.81,72.23,68.79,76.7,17,74.46,87.71,-12.42
2026-01-05T18:15:00Z,2026-01-05 18:15,2026-01-05 18:30,QH,84.62,85.81,82.61,85.99,80.1,10,85.24,85.39,-0.77
2026-01-05T18:30:00Z,2026-01-05 18:30,2026-01-05 18:45,QH,76.01,77.05,66.86,74.85,123.2,53,72.6,95.62,-19.61
2026-01-05T18:45:00Z,2026-01-05 18:45,2026-01-05 19:00,QH,89.73,96.56,86.04,93.59,89.5,25,89.25,89.09,0.65
2026-01-05T19:00:00Z,2026-01-05 19:00,2026-01-05 19:15,QH,89.4,94.68,85.83,93.57,98.8,16,89.99,82.8,6.6
2026-01-05T19:15:00Z,2026-01-05 19:15,2026-01-05 19:30,QH,81.83,84.53,80.88,74.33,65.6,14,78.26,82.43,-0.6
2026-01-05T19:30:00Z,2026-01-05 19:30,2026-01-05 19:45,QH,69.52,69.85,60.68,60.48,81.7,14,69.06,88.41,-18.89
2026-01-05T19:45:00Z,2026-01-05 19:45,2026-01-05 20:00,QH,76.72,77.39,75.7,78.49,132.6,23,76.01,86.11,-9.39
2026-01-05T20:00:00Z,2026-01-05 20:00,2026-01-05 20:15,QH,42.71,50.87,35.0,43.92,84.6,23,42.12,46.66,-3.95
2026-01-05T20:15:00Z,2026-01-05 20:15,2026-01-05 20:30,QH,29.24,30.74,24.19,31.18,96.4,20,27.1,50.02,-20.78
2026-01-05T20:30:00Z,2026-01-05 20:30,2026-01-05 20:45,QH,49.91,51.71,47.82,48.28,112.9,17,50.25,46.14,3.77
2026-01-05T20:45:00Z,2026-01-05 20:45,2026-01-05 21:00,QH,45.78,51.17,45.21,48.58,105.5,19,46.0,48.57,-2.8
2026-01-05T21:00:00Z,2026-01-05 21:00,2026-01-05 21:15,QH,51.19,55.9,49.67,52.01,102.0,16,53.31,51.76,-0.57
2026-01-05T21:15:00Z,2026-01-05 21:15,2026-01-05 21:30,QH,63.2,70.01,58.81,64.47,82.9,11,65.17,56.81,6.39
2026-01-05T21:30:00Z,2026-01-05 21:30,2026-01-05 21:45,QH,48.21,59.47,47.81,50.34,82.8,14,50.44,54.1,-5.9
2026-01-05T21:45:00Z,2026-01-05 21:45,2026-01-05 22:00,QH,32.46,35.14,29.85,30.23,95.0,44,33.52,50.11,-17.65
2026-01-05T22:00:00Z,2026-01-05 22:00,2026-01-05 22:15,QH,57.38,59.06,54.96,55.57,81.5,22,58.7,45.68,11.7
2026-01-05T22:15:00Z,2026-01-05 22:15,2026-01-05 22:30,QH,41.08,44.61,39.86,42.52,90.7,11,40.8,58.8,-17.72
2026-01-05T22:30:00Z,2026-01-05 22:30,2026-01-05 22:45,QH,55.3,56.77,46.91,51.99,75.7,33,57.52,50.68,4.62
2026-01-05T22:45:00Z,2026-01-05 22:45,2026-01-05 23:00,QH,45.27,46.28,40.22,42.38,103.1,36,45.41,36.91,8.35
2026-01-05T23:00:00Z,2026-01-05 23:00,2026-01-05 23:15,QH,52.55,58.11,51.2,50.81,67.2,8,54.33,48.05,4.5
2026-01-05T23:15:00Z,2026-01-05 23:15,2026-01-05 23:30,QH,44.75,47.14,37.4,45.73,116.0,30,45.8,45.55,-0.8
2026-01-05T23:30:00Z,2026-01-05 23:30,2026-01-05 23:45,QH,42.72,44.74,40.67,46.77,71.8,9,44.05,54.51,-11.78
2026-01-05T23:45:00Z,2026-01-05 23:45,2026-01-06 00:00,QH,69.08,71.97,62.44,67.37,47.7,7,68.4,55.39,13.69
2026-01-06T00:00:00Z,2026-01-06 00:00,2026-01-06 00:15,QH,49.99,58.05,45.38,51.69,70.8,17,52.33,40.75,9.23
2026-01-06T00:15:00Z,2026-01-06 00:15,2026-01-06 00:30,QH,35.72,39.09,32.3,34.2,76.1,15,36.14,45.6,-9.88
2026-01-06T00:30:00Z,2026-01-06 00:30,2026-01-06 00:45,QH,30.56,36.88,27.12,30.65,75.3,22,31.28,46.16,-15.6
2026-01-06T00:45:00Z,2026-01-06 00:45,2026-01-06 01:00,QH,38.65,42.92,36.23,38.6,17.4,7,38.16,49.73,-11.08
2026-01-06T01:00:00Z,2026-01-06 01:00,2026-01-06 01:15,QH,36.13,46.42,35.93,42.11,74.0,17,32.08,45.98,-9.85
2026-01-06T01:15:00Z,2026-01-06 01:15,2026-01-06 01:30,QH,33.11,35.24,19.39,31.1,31.2,6,34.77,40.95,-7.84
2026-01-06T01:30:00Z,2026-01-06 01:30,2026-01-06 01:45,QH,40.59,47.11,35.03,36.6,132.3,62,45.22,42.3,-1.72
2026-01-06T01:45:00Z,2026-01-06 01:45,2026-01-06 02:00,QH,46.38,46.86,44.19,45.38,101.7,28,47.78,44.53,1.85
2026-01-06T02:00:00Z,2026-01-06 02:00,2026-01-06 02:15,QH,47.67,47.94,45.73,49.04,132.3,24,46.96,40.78,6.89
2026-01-06T02:15:00Z,2026-01-06 02:15,2026-01-06 02:30,QH,35.39,37.87,31.46,39.58,40.4,14,36.13,37.26,-1.87
2026-01-06T02:30:00Z,2026-01-06 02:30,2026-01-06 02:45,QH,45.99,48.46,43.28,44.27,75.5,22,45.18,41.57,4.41
2026-01-06T02:45:00Z,2026-01-06 02:45,2026-01-06 03:00,QH,32.62,33.38,21.49,33.7,86.0,13,36.0,41.55,-8.94
2026-01-06T03:00:00Z,2026-01-06 03:00,2026-01-06 03:15,QH,36.91,43.68,30.33,31.55,98.1,21,40.3,40.51,-3.6
2026-01-06T03:15:00Z,2026-01-06 03:15,2026-01-06 03:30,QH,48.19,52.22,45.27,43.59,78.2,12,48.36,49.44,-1.25
2026-01-06T03:30:00Z,2026-01-06 03:30,2026-01-06 03:45,QH,27.26,38.2,17.82,25.56,46.8,8,25.96,40.29,-13.02
2026-01-06T03:45:00Z,2026-01-06 03:45,2026-01-06 04:00,QH,20.9,30.36,17.62,20.36,120.0,33,17.8,38.61,-17.71
2026-01-06T04:00:00Z,2026-01-06 04:00,2026-01-06 04:15,QH,37.16,37.75,30.21,36.91,45.8,11,36.91,41.59,-4.43
2026-01-06T04:15:00Z,2026-01-06 04:15,2026-01-06 04:30,QH,17.32,21.79,12.54,16.83,104.4,31,15.92,40.55,-23.23
2026-01-06T04:30:00Z,2026-01-06 04:30,2026-01-06 04:45,QH,63.52,69.18,62.18,61.07,20.4,3,62.73,40.64,22.89
2026-01-06T04:45:00Z,2026-01-06 04:45,2026-01-06 05:00,QH,67.28,67.65,64.92,66.61,70.0,9,69.56,47.94,19.34
2026-01-06T05:00:00Z,2026-01-06 05:00,2026-01-06 05:15,QH,13.93,16.97,13.26,12.73,41.4,5,13.02,36.95,-23.02
2026-01-06T05:15:00Z,2026-01-06 05:15,2026-01-06 05:30,QH,52.05,52.31,38.22,51.13,80.9,15,54.54,37.22,14.83
2026-01-06T05:30:00Z,2026-01-06 05:30,2026-01-06 05:45,QH,36.78,39.64,35.11,34.95,104.0,17,33.75,44.66,-7.88
2026-01-06T05:45:00Z,2026-01-06 05:45,2026-01-06 06:00,QH,41.74,45.84,39.46,42.42,158.4,22,41.49,43.15,-1.41
2026-01-06T06:00:00Z,2026-01-06 06:00,2026-01-06 06:15,QH,41.65,41.67,39.66,43.86,62.2,26,46.02,54.98,-13.33
2026-01-06T06:15:00Z,2026-01-06 06:15,2026-01-06 06:30,QH,22.7,25.62,18.94,23.61,71.1,8,20.64,49.62,-26.92
2026-01-06T06:30:00Z,2026-01-06 06:30,2026-01-06 06:45,QH,50.73,56.45,46.24,55.51,95.1,12,48.35,45.39,5.34
2026-01-06T06:45:00Z,2026-01-06 06:45,2026-01-06 07:00,QH,38.15,40.17,37.36,34.81,92.5,13,37.4,52.49,-14.34
2026-01-06T07:00:00Z,2026-01-06 07:00,2026-01-06 07:15,QH,70.56,70.8,62.97,71.28,108.1,14,68.46,77.88,-7.31
2026-01-06T07:15:00Z,2026-01-06 07:15,2026-01-06 07:30,QH,89.46,92.47,88.77,93.79,55.0,10,90.09,75.9,13.55
2026-01-06T07:30:00Z,2026-01-06 07:30,2026-01-06 07:45,QH,61.94,67.52,61.37,63.56,101.4,18,60.71,80.46,-18.52
2026-01-06T07:45:00Z,2026-01-06 07:45,2026-01-06 08:00,QH,54.55,55.14,51.23,46.83,85.0,19,51.21,78.92,-24.37
2026-01-06T08:00:00Z,2026-01-06 08:00,2026-01-06 08:15,QH,87.73,93.82,84.47,88.32,56.4,10,86.08,85.12,2.61
2026-01-06T08:15:00Z,2026-01-06 08:15,2026-01-06 08:30,QH,95.14,96.43,88.09,96.48,50.6,7,96.96,83.12,12.02
2026-01-06T08:30:00Z,2026-01-06 08:30,2026-01-06 08:45,QH,81.28,89.57,79.81,83.44,82.4,13,78.2,80.0,1.28
2026-01-06T08:45:00Z,2026-01-06 08:45,2026-01-06 09:00,QH,93.0,104.37,87.79,100.54,79.2,18,92.23,89.17,3.83
2026-01-06T09:00:00Z,2026-01-06 09:00,2026-01-06 09:15,QH,108.2,112.14,106.84,107.62,86.8,19,109.54,82.73,25.47
2026-01-06T09:15:00Z,2026-01-06 09:15,2026-01-06 09:30,QH,98.61,102.08,92.92,98.43,102.8,19,97.7,65.85,32.76
2026-01-06T09:30:00Z,2026-01-06 09:30,2026-01-06 09:45,QH,73.46,74.75,71.85,73.88,75.6,10,72.89,71.27,2.19
2026-01-06T09:45:00Z,2026-01-06 09:45,2026-01-06 10:00,QH,82.23,89.1,81.88,80.68,83.2,23,84.01,80.48,1.75
2026-01-06T10:00:00Z,2026-01-06 10:00,2026-01-06 10:15,QH,74.32,78.81,62.26,70.47,85.5,23,73.83,88.26,-13.94
2026-01-06T10:15:00Z,2026-01-06 10:15,2026-01-06 10:30,QH,82.56,88.17,81.43,84.82,67.4,16,84.82,82.41,0.15
2026-01-06T10:30:00Z,2026-01-06 10:30,2026-01-06 10:45,QH,74.56,79.66,69.52,68.81,120.9,34,72.76,97.58,-23.02
2026-01-06T10:45:00Z,2026-01-06 10:45,2026-01-06 11:00,QH,84.38,92.1,83.03,84.38,46.5,8,83.11,88.29,-3.92
2026-01-06T11:00:00Z,2026-01-06 11:00,2026-01-06 11:15,QH,70.27,70.57,66.67,73.03,109.2,18,72.3,81.53,-11.26
2026-01-06T11:15:00Z,2026-01-06 11:15,2026-01-06 11:30,QH,77.62,82.67,74.7,77.39,99.8,32,77.66,84.01,-6.4
2026-01-06T11:30:00Z,2026-01-06 11:30,2026-01-06 11:45,QH,81.56,85.76,78.7,79.33,13.5,3,78.72,91.76,-10.2
2026-01-06T11:45:00Z,2026-01-06 11:45,2026-01-06 12:00,QH,94.63,97.75,92.65,98.27,82.9,26,94.48,86.52,8.1
2026-01-06T12:00:00Z,2026-01-06 12:00,2026-01-06 12:15,QH,122.14,126.61,114.28,123.23,112.9,26,122.39,84.49,37.65
2026-01-06T12:15:00Z,2026-01-06 12:15,2026-01-06 12:30,QH,91.24,100.33,90.17,90.4,77.9,13,91.15,86.88,4.35
2026-01-06T12:30:00Z,2026-01-06 12:30,2026-01-06 12:45,QH,87.19,89.33,84.83,81.82,76.5,22,86.93,88.7,-1.51
2026-01-06T12:45:00Z,2026-01-06 12:45,2026-01-06 13:00,QH,86.15,88.39,80.54,86.95,75.6,20,86.9,93.1,-6.95
2026-01-06T13:00:00Z,2026-01-06 13:00,2026-01-06 13:15,QH,75.24,76.59,67.98,77.6,88.9,19,73.28,94.87,-19.63
2026-01-06T13:15:00Z,2026-01-06 13:15,2026-01-06 13:30,QH,88.01,93.33,81.54,89.36,58.8,23,87.72,81.98,6.04
2026-01-06T13:30:00Z,2026-01-06 13:30,2026-01-06 13:45,QH,82.45,87.75,81.76,83.07,42.6,10,80.9,92.29,-9.84
2026-01-06T13:45:00Z,2026-01-06 13:45,2026-01-06 14:00,QH,91.13,93.46,85.87,91.64,118.4,19,91.97,91.95,-0.82
2026-01-06T14:00:00Z,2026-01-06 14:00,2026-01-06 14:15,QH,89.21,91.11,80.13,86.44,66.8,10,87.94,78.13,11.08
2026-01-06T14:15:00Z,2026-01-06 14:15,2026-01-06 14:30,QH,88.88,92.98,87.63,87.58,94.7,30,93.38,85.66,3.22
2026-01-06T14:30:00Z,2026-01-06 14:30,2026-01-06 14:45,QH,84.75,86.72,72.83,88.17,51.3,9,80.65,97.89,-13.14
2026-01-06T14:45:00Z,2026-01-06 14:45,2026-01-06 15:00,QH,111.21,119.51,106.24,114.52,125.2,34,105.19,95.69,15.51
2026-01-06T15:00:00Z,2026-01-06 15:00,2026-01-06 15:15,QH,92.66,93.43,84.54,94.34,115.1,19,96.0,92.05,0.61
2026-01-06T15:15:00Z,2026-01-06 15:15,2026-01-06 15:30,QH,95.46,103.03,94.91,96.41,110.8,14,97.38,86.14,9.32
2026-01-06T15:30:00Z,2026-01-06 15:30,2026-01-06 15:45,QH,75.74,78.21,70.53,76.09,127.4,36,76.73,89.09,-13.35
2026-01-06T15:45:00Z,2026-01-06 15:45,2026-01-06 16:00,QH,96.06,99.25,93.18,99.14,81.4,15,93.73,89.39,6.68
2026-01-06T16:00:00Z,2026-01-06 16:00,2026-01-06 16:15,QH,93.16,98.19,93.09,88.38,87.6,11,92.61,93.43,-0.27
2026-01-06T16:15:00Z,2026-01-06 16:15,2026-01-06 16:30,QH,78.57,79.73,77.1,80.07,100.1,21,81.1,94.55,-15.99
2026-01-06T16:30:00Z,2026-01-06 16:30,2026-01-06 16:45,QH,88.0,98.38,85.37,87.83,70.8,12,86.22,80.8,7.2
2026-01-06T16:45:00Z,2026-01-06 16:45,2026-01-06 17:00,QH,76.08,80.83,75.34,76.7,63.6,10,73.23,80.81,-4.72
2026-01-06T17:00:00Z,2026-01-06 17:00,2026-01-06 17:15,QH,88.61,92.81,78.36,89.29,117.6,15,88.08,79.71,8.9
2026-01-06T17:15:00Z,2026-01-06 17:15,2026-01-06 17:30,QH,83.5,90.97,81.99,83.21,59.0,17,85.41,82.83,0.67
2026-01-06T17:30:00Z,2026-01-06 17:30,2026-01-06 17:45,QH,91.79,95.45,91.33,91.49,84.0,16,92.86,77.63,14.16
2026-01-06T17:45:00Z,2026-01-06 17:45,2026-01-06 18:00,QH,79.85,83.43,76.7,75.4,45.7,8,81.23,80.21,-0.36
2026-01-06T18:00:00Z,2026-01-06 18:00,2026-01-06 18:15,QH,78.59,82.66,76.9,80.77,86.8,27,76.11,75.84,2.74
2026-01-06T18:15:00Z,2026-01-06 18:15,2026-01-06 18:30,QH,74.47,82.93,70.66,76.5,37.1,5,67.67,76.27,-1.8
2026-01-06T18:30:00Z,2026-01-06 18:30,2026-01-06 18:45,QH,90.76,91.28,83.32,86.72,87.1,20,85.08,76.7,14.06
2026-01-06T18:45:00Z,2026-01-06 18:45,2026-01-06 19:00,QH,86.06,89.21,82.01,86.86,87.9,11,86.49,78.9,7.16
2026-01-06T19:00:00Z,2026-01-06 19:00,2026-01-06 19:15,QH,55.64,64.82,54.54,57.83,109.5,52,58.42,80.49,-24.85
2026-01-06T19:15:00Z,2026-01-06 19:15,2026-01-06 19:30,QH,78.41,81.69,77.26,77.41,104.8,43,77.32,84.3,-5.89
2026-01-06T19:30:00Z,2026-01-06 19:30,2026-01-06 19:45,QH,48.63,54.03,43.89,50.74,81.0,10,48.26,84.89,-36.26
2026-01-06T19:45:00Z,2026-01-06 19:45,2026-01-06 20:00,QH,88.4,91.01,87.4,91.26,95.5,19,85.8,73.03,15.38
2026-01-06T20:00:00Z,2026-01-06 20:00,2026-01-06 20:15,QH,43.4,49.04,39.2,42.25,103.2,15,40.77,44.59,-1.19
2026-01-06T20:15:00Z,2026-01-06 20:15,2026-01-06 20:30,QH,44.53,46.3,35.09,44.94,56.8,11,42.25,42.69,1.84
2026-01-06T20:30:00Z,2026-01-06 20:30,2026-01-06 20:45,QH,46.74,54.48,36.2,46.9,45.3,12,47.63,44.9,1.84
2026-01-06T20:45:00Z,2026-01-06 20:45,2026-01-06 21:00,QH,28.55,29.7,27.8,33.09,91.8,23,32.23,45.98,-17.43
2026-01-06T21:00:00Z,2026-01-06 21:00,2026-01-06 21:15,QH,59.46,68.38,59.33,54.58,62.6,8,61.35,39.03,20.44
2026-01-06T21:15:00Z,2026-01-06 21:15,2026-01-06 21:30,QH,18.29,27.83,13.39,20.95,90.9,30,18.42,53.0,-34.7
2026-01-06T21:30:00Z,2026-01-06 21:30,2026-01-06 21:45,QH,50.86,53.77,47.96,52.01,44.6,10,46.25,38.06,12.8
2026-01-06T21:45:00Z,2026-01-06 21:45,2026-01-06 22:00,QH,19.45,22.22,17.03,19.62,96.7,16,19.95,47.83,-28.38
2026-01-06T22:00:00Z,2026-01-06 22:00,2026-01-06 22:15,QH,47.1,56.33,42.44,50.0,40.8,13,47.22,38.73,8.36
2026-01-06T22:15:00Z,2026-01-06 22:15,2026-01-06 22:30,QH,31.31,35.05,28.27,33.02,68.3,19,28.99,44.56,-13.25
2026-01-06T22:30:00Z,2026-01-06 22:30,2026-01-06 22:45,QH,46.29,48.41,43.32,45.9,73.4,18,44.86,46.17,0.12
2026-01-06T22:45:00Z,2026-01-06 22:45,2026-01-06 23:00,QH,43.32,48.04,35.59,43.37,32.5,9,42.46,44.5,-1.17
2026-01-06T23:00:00Z,2026-01-06 23:00,2026-01-06 23:15,QH,35.44,37.04,34.73,28.44,88.9,13,35.34,48.34,-12.89
2026-01-06T23:15:00Z,2026-01-06 23:15,2026-01-06 23:30,QH,41.35,42.2,36.98,44.43,121.9,23,41.9,47.39,-6.04
2026-01-06T23:30:00Z,2026-01-06 23:30,2026-01-06 23:45,QH,43.7,51.49,39.56,46.19,63.6,11,44.65,41.25,2.45
2026-01-06T23:45:00Z,2026-01-06 23:45,2026-01-07 00:00,QH,50.37,56.45,49.44,50.12,59.1,10,49.82,39.83,10.54
2026-01-07T00:00:00Z,2026-01-07 00:00,2026-01-07 00:15,QH,46.57,54.1,36.78,51.03,76.9,23,45.5,49.87,-3.3
2026-01-07T00:15:00Z,2026-01-07 00:15,2026-01-07 00:30,QH,67.41,68.4,62.68,59.59,59.6,9,67.58,53.37,14.04
2026-01-07T00:30:00Z,2026-01-07 00:30,2026-01-07 00:45,QH,95.1,98.93,94.04,101.24,58.5,8,99.58,49.3,45.8
2026-01-07T00:45:00Z,2026-01-07 00:45,2026-01-07 01:00,QH,67.26,69.37,65.3,67.76,105.0,16,68.28,61.25,6.01
2026-01-07T01:00:00Z,2026-01-07 01:00,2026-01-07 01:15,QH,44.16,47.01,40.8,39.0,72.2,10,43.26,53.11,-8.95
2026-01-07T01:15:00Z,2026-01-07 01:15,2026-01-07 01:30,QH,66.26,75.06,65.01,64.86,99.7,17,67.84,50.67,15.59
2026-01-07T01:30:00Z,2026-01-07 01:30,2026-01-07 01:45,QH,24.13,27.82,20.88,24.7,29.3,13,23.39,50.53,-26.4
2026-01-07T01:45:00Z,2026-01-07 01:45,2026-01-07 02:00,QH,75.88,76.4,75.18,75.9,72.4,12,76.4,50.16,25.72
2026-01-07T02:00:00Z,2026-01-07 02:00,2026-01-07 02:15,QH,74.57,77.34,68.48,76.01,44.8,7,73.07,55.61,18.96
2026-01-07T02:15:00Z,2026-01-07 02:15,2026-01-07 02:30,QH,57.16,57.27,56.25,55.2,90.2,15,57.6,53.87,3.29
2026-01-07T02:30:00Z,2026-01-07 02:30,2026-01-07 02:45,QH,40.26,42.84,39.5,41.12,132.2,44,40.0,47.45,-7.19
2026-01-07T02:45:00Z,2026-01-07 02:45,2026-01-07 03:00,QH,60.54,63.15,53.92,56.76,136.6,23,61.87,46.45,14.09
2026-01-07T03:00:00Z,2026-01-07 03:00,2026-01-07 03:15,QH,57.28,58.09,50.5,62.32,82.4,22,58.52,56.41,0.87
2026-01-07T03:15:00Z,2026-01-07 03:15,2026-01-07 03:30,QH,41.64,43.46,36.86,41.96,72.3,10,41.59,53.53,-11.89
2026-01-07T03:30:00Z,2026-01-07 03:30,2026-01-07 03:45,QH,73.4,73.79,72.92,77.49,55.9,7,74.56,54.76,18.63
2026-01-07T03:45:00Z,2026-01-07 03:45,2026-01-07 04:00,QH,33.39,33.58,31.94,34.64,77.9,10,31.85,56.61,-23.21
2026-01-07T04:00:00Z,2026-01-07 04:00,2026-01-07 04:15,QH,74.38,76.43,67.22,75.61,16.7,3,74.56,53.69,20.68
2026-01-07T04:15:00Z,2026-01-07 04:15,2026-01-07 04:30,QH,36.72,39.53,36.07,35.68,53.1,6,38.17,55.91,-19.18
2026-01-07T04:30:00Z,2026-01-07 04:30,2026-01-07 04:45,QH,63.24,68.63,60.77,65.61,117.4,24,62.29,49.09,14.15
2026-01-07T04:45:00Z,2026-01-07 04:45,2026-01-07 05:00,QH,50.0,52.83,49.53,53.57,73.6,26,50.61,60.89,-10.89
2026-01-07T05:00:00Z,2026-01-07 05:00,2026-01-07 05:15,QH,61.91,73.05,58.09,58.83,84.5,14,64.24,56.82,5.09
2026-01-07T05:15:00Z,2026-01-07 05:15,2026-01-07 05:30,QH,49.46,60.39,46.21,51.51,82.8,12,49.35,51.97,-2.51
2026-01-07T05:30:00Z,2026-01-07 05:30,2026-01-07 05:45,QH,47.05,49.75,46.01,40.68,108.0,14,45.12,55.05,-8.0
2026-01-07T05:45:00Z,2026-01-07 05:45,2026-01-07 06:00,QH,53.12,53.55,44.4,51.07,45.7,15,51.04,60.94,-7.81
2026-01-07T06:00:00Z,2026-01-07 06:00,2026-01-07 06:15,QH,73.96,76.67,67.37,71.93,134.2,25,73.97,55.97,17.99
2026-01-07T06:15:00Z,2026-01-07 06:15,2026-01-07 06:30,QH,27.49,32.82,16.76,33.45,119.2,23,30.17,57.96,-30.47
2026-01-07T06:30:00Z,2026-01-07 06:30,2026-01-07 06:45,QH,75.66,75.77,69.06,77.4,57.9,9,75.3,60.44,15.21
2026-01-07T06:45:00Z,2026-01-07 06:45,2026-01-07 07:00,QH,60.76,61.82,56.59,64.5,83.3,10,63.03,56.83,3.93
2026-01-07T07:00:00Z,2026-01-07 07:00,2026-01-07 07:15,QH,69.27,69.94,58.78,67.7,95.9,19,65.54,91.55,-22.27
2026-01-07T07:15:00Z,2026-01-07 07:15,2026-01-07 07:30,QH,98.2,100.55,93.25,100.95,85.8,19,94.42,85.28,12.92
2026-01-07T07:30:00Z,2026-01-07 07:30,2026-01-07 07:45,QH,87.37,91.61,86.27,92.25,101.5,20,88.39,85.64,1.73
2026-01-07T07:45:00Z,2026-01-07 07:45,2026-01-07 08:00,QH,77.88,81.49,70.92,75.09,104.3,19,78.18,95.31,-17.44
2026-01-07T08:00:00Z,2026-01-07 08:00,2026-01-07 08:15,QH,89.78,93.27,87.23,91.98,86.9,12,89.77,84.04,5.75
2026-01-07T08:15:00Z,2026-01-07 08:15,2026-01-07 08:30,QH,71.88,74.5,68.38,70.76,39.5,17,69.66,84.53,-12.65
2026-01-07T08:30:00Z,2026-01-07 08:30,2026-01-07 08:45,QH,78.69,79.17,77.53,80.18,92.0,12,77.44,95.56,-16.87
2026-01-07T08:45:00Z,2026-01-07 08:45,2026-01-07 09:00,QH,101.47,105.33,97.54,102.45,69.9,28,104.7,98.42,3.06
2026-01-07T09:00:00Z,2026-01-07 09:00,2026-01-07 09:15,QH,95.03,96.23,92.97,97.13,82.8,32,95.85,91.84,3.19
2026-01-07T09:15:00Z,2026-01-07 09:15,2026-01-07 09:30,QH,89.85,91.34,87.45,93.9,103.1,34,85.18,104.33,-14.48
2026-01-07T09:30:00Z,2026-01-07 09:30,2026-01-07 09:45,QH,72.66,76.07,62.93,73.1,73.6,11,72.53,96.0,-23.34
2026-01-07T09:45:00Z,2026-01-07 09:45,2026-01-07 10:00,QH,111.73,118.95,106.5,109.67,22.3,5,111.11,91.64,20.09
2026-01-07T10:00:00Z,2026-01-07 10:00,2026-01-07 10:15,QH,90.65,97.2,82.89,88.75,69.7,31,89.94,89.35,1.29
2026-01-07T10:15:00Z,2026-01-07 10:15,2026-01-07 10:30,QH,113.5,116.57,109.22,112.01,81.7,13,112.75,94.94,18.57
2026-01-07T10:30:00Z,2026-01-07 10:30,2026-01-07 10:45,QH,98.74,99.22,97.66,99.71,86.3,31,103.41,95.44,3.3
2026-01-07T10:45:00Z,2026-01-07 10:45,2026-01-07 11:00,QH,110.24,110.91,110.03,109.73,74.4,29,106.85,93.95,16.29
2026-01-07T11:00:00Z,2026-01-07 11:00,2026-01-07 11:15,QH,108.66,109.02,104.16,109.39,55.9,9,108.17,99.23,9.43
2026-01-07T11:15:00Z,2026-01-07 11:15,2026-01-07 11:30,QH,117.6,118.42,115.88,114.76,69.7,9,118.52,99.92,17.68
2026-01-07T11:30:00Z,2026-01-07 11:30,2026-01-07 11:45,QH,100.38,102.83,100.05,102.59,87.2,19,105.68,97.08,3.3
2026-01-07T11:45:00Z,2026-01-07 11:45,2026-01-07 12:00,QH,91.99,103.9,84.35,91.18,59.4,9,93.74,100.63,-8.63
2026-01-07T12:00:00Z,2026-01-07 12:00,2026-01-07 12:15,QH,161.85,163.75,158.39,162.97,47.0,7,158.72,87.38,74.48
2026-01-07T12:15:00Z,2026-01-07 12:15,2026-01-07 12:30,QH,102.91,103.17,96.4,98.21,76.4,15,103.36,102.23,0.68
2026-01-07T12:30:00Z,2026-01-07 12:30,2026-01-07 12:45,QH,94.74,109.03,86.26,89.83,63.7,12,95.29,99.33,-4.59
2026-01-07T12:45:00Z,2026-01-07 12:45,2026-01-07 13:00,QH,99.9,111.4,96.17,97.77,54.2,21,98.31,97.11,2.8
2026-01-07T13:00:00Z,2026-01-07 13:00,2026-01-07 13:15,QH,92.81,96.76,88.46,91.16,66.6,13,93.76,98.58,-5.76
2026-01-07T13:15:00Z,2026-01-07 13:15,2026-01-07 13:30,QH,124.34,125.29,123.13,127.6,186.4,54,127.39,98.18,26.16
2026-01-07T13:30:00Z,2026-01-07 13:30,2026-01-07 13:45,QH,107.87,112.71,106.16,106.81,121.1,30,105.44,99.1,8.77
2026-01-07T13:45:00Z,2026-01-07 13:45,2026-01-07 14:00,QH,117.97,123.76,110.98,120.5,111.5,14,119.28,95.79,22.18
2026-01-07T14:00:00Z,2026-01-07 14:00,2026-01-07 14:15,QH,115.48,116.74,110.93,115.25,103.6,13,116.03,104.26,11.22
2026-01-07T14:15:00Z,2026-01-07 14:15,2026-01-07 14:30,QH,117.04,121.63,116.14,119.01,97.4,12,114.85,100.47,16.57
2026-01-07T14:30:00Z,2026-01-07 14:30,2026-01-07 14:45,QH,111.18,114.74,101.09,110.89,72.5,10,111.94,95.66,15.52
2026-01-07T14:45:00Z,2026-01-07 14:45,2026-01-07 15:00,QH,92.52,100.8,91.79,85.74,83.3,12,93.65,105.95,-13.43
2026-01-07T15:00:00Z,2026-01-07 15:00,2026-01-07 15:15,QH,93.98,98.6,90.88,91.33,65.7,22,93.18,102.8,-8.82
2026-01-07T15:15:00Z,2026-01-07 15:15,2026-01-07 15:30,QH,96.35,101.08,94.07,96.66,68.3,22,98.32,94.78,1.57
2026-01-07T15:30:00Z,2026-01-07 15:30,2026-01-07 15:45,QH,101.64,105.47,99.56,106.3,78.8,29,101.45,95.16,6.48
2026-01-07T15:45:00Z,2026-01-07 15:45,2026-01-07 16:00,QH,103.37,104.74,100.34,100.89,91.2,29,104.23,99.25,4.12
2026-01-07T16:00:00Z,2026-01-07 16:00,2026-01-07 16:15,QH,87.06,88.73,85.52,86.43,76.0,16,86.74,102.23,-15.17
2026-01-07T16:15:00Z,2026-01-07 16:15,2026-01-07 16:30,QH,96.25,102.02,90.26,95.3,123.7,32,98.91,92.64,3.61
2026-01-07T16:30:00Z,2026-01-07 16:30,2026-01-07 16:45,QH,98.36,104.88,98.2,94.45,70.7,14,97.33,90.68,7.68
2026-01-07T16:45:00Z,2026-01-07 16:45,2026-01-07 17:00,QH,61.85,63.59,59.66,60.27,36.5,14,66.53,91.65,-29.8
2026-01-07T17:00:00Z,2026-01-07 17:00,2026-01-07 17:15,QH,96.75,110.07,89.86,99.46,87.3,20,95.79,87.32,9.43
2026-01-07T17:15:00Z,2026-01-07 17:15,2026-01-07 17:30,QH,97.75,104.51,92.96,96.02,52.8,18,98.61,83.61,14.14
2026-01-07T17:30:00Z,2026-01-07 17:30,2026-01-07 17:45,QH,75.76,81.25,70.93,74.55,103.4,33,77.58,92.96,-17.2
2026-01-07T17:45:00Z,2026-01-07 17:45,2026-01-07 18:00,QH,81.12,82.0,74.34,80.31,80.2,12,79.47,94.79,-13.67
2026-01-07T18:00:00Z,2026-01-07 18:00,2026-01-07 18:15,QH,162.88,166.1,160.94,162.43,105.0,23,163.14,94.26,68.61
2026-01-07T18:15:00Z,2026-01-07 18:15,2026-01-07 18:30,QH,85.14,91.91,81.27,84.12,100.5,23,88.57,87.39,-2.24
2026-01-07T18:30:00Z,2026-01-07 18:30,2026-01-07 18:45,QH,89.81,92.93,84.19,88.33,52.6,26,90.16,100.73,-10.92
2026-01-07T18:45:00Z,2026-01-07 18:45,2026-01-07 19:00,QH,95.74,98.88,91.92,98.89,90.2,42,95.36,94.97,0.77
2026-01-07T19:00:00Z,2026-01-07 19:00,2026-01-07 19:15,QH,80.68,87.36,78.39,85.22,118.9,26,78.48,91.55,-10.86
2026-01-07T19:15:00Z,2026-01-07 19:15,2026-01-07 19:30,QH,123.41,127.55,114.12,127.69,70.0,22,122.94,98.94,24.47
2026-01-07T19:30:00Z,2026-01-07 19:30,2026-01-07 19:45,QH,81.4,84.56,79.63,79.85,51.0,11,81.0,87.58,-6.18
2026-01-07T19:45:00Z,2026-01-07 19:45,2026-01-07 20:00,QH,83.31,85.21,78.27,81.2,132.0,38,82.62,90.42,-7.11
2026-01-07T20:00:00Z,2026-01-07 20:00,2026-01-07 20:15,QH,56.21,58.76,55.61,53.56,119.4,31,56.99,53.48,2.74
2026-01-07T20:15:00Z,2026-01-07 20:15,2026-01-07 20:30,QH,55.39,63.72,49.81,58.7,47.6,19,54.97,55.72,-0.34
2026-01-07T20:30:00Z,2026-01-07 20:30,2026-01-07 20:45,QH,68.53,76.82,62.29,69.69,70.9,27,71.74,52.36,16.17
2026-01-07T20:45:00Z,2026-01-07 20:45,2026-01-07 21:00,QH,55.34,60.81,51.88,65.19,67.7,28,52.13,55.26,0.08
2026-01-07T21:00:00Z,2026-01-07 21:00,2026-01-07 21:15,QH,61.28,65.69,53.53,60.51,131.0,29,63.75,60.17,1.11
2026-01-07T21:15:00Z,2026-01-07 21:15,2026-01-07 21:30,QH,63.04,69.27,62.8,55.99,74.1,14,66.2,53.67,9.37
2026-01-07T21:30:00Z,2026-01-07 21:30,2026-01-07 21:45,QH,59.04,64.77,52.75,61.7,115.2,39,58.97,57.49,1.54
2026-01-07T21:45:00Z,2026-01-07 21:45,2026-01-07 22:00,QH,68.08,73.17,59.37,69.4,119.1,46,71.45,53.29,14.79
2026-01-07T22:00:00Z,2026-01-07 22:00,2026-01-07 22:15,QH,43.65,50.16,41.27,48.16,93.8,26,45.76,51.88,-8.22
2026-01-07T22:15:00Z,2026-01-07 22:15,2026-01-07 22:30,QH,52.21,52.79,47.95,52.33,58.6,12,50.05,64.76,-12.55
2026-01-07T22:30:00Z,2026-01-07 22:30,2026-01-07 22:45,QH,62.65,64.4,57.54,64.3,82.8,12,62.28,48.53,14.13
2026-01-07T22:45:00Z,2026-01-07 22:45,2026-01-07 23:00,QH,51.46,62.28,46.24,48.07,118.0,28,49.76,53.25,-1.79
2026-01-07T23:00:00Z,2026-01-07 23:00,2026-01-07 23:15,QH,55.21,57.1,54.96,54.43,67.2,9,54.55,49.88,5.33
2026-01-07T23:15:00Z,2026-01-07 23:15,2026-01-07 23:30,QH,55.34,56.42,49.34,58.99,86.4,19,52.22,43.12,12.22
2026-01-07T23:30:00Z,2026-01-07 23:30,2026-01-07 23:45,QH,57.37,58.31,56.0,61.69,43.3,8,58.77,54.94,2.43
2026-01-07T23:45:00Z,2026-01-07 23:45,2026-01-08 00:00,QH,43.65,45.43,41.1,39.26,86.2,18,45.63,47.05,-3.4
2026-01-08T00:00:00Z,2026-01-08 00:00,2026-01-08 00:15,QH,53.47,58.05,52.67,54.39,118.8,17,54.48,46.24,7.23
2026-01-08T00:15:00Z,2026-01-08 00:15,2026-01-08 00:30,QH,40.6,41.05,32.27,39.17,65.2,21,41.12,58.71,-18.11
2026-01-08T00:30:00Z,2026-01-08 00:30,2026-01-08 00:45,QH,56.82,58.12,55.55,54.53,132.3,28,56.87,55.71,1.11
2026-01-08T00:45:00Z,2026-01-08 00:45,2026-01-08 01:00,QH,68.84,69.15,61.68,69.19,87.0,11,66.65,40.61,28.24
2026-01-08T01:00:00Z,2026-01-08 01:00,2026-01-08 01:15,QH,46.53,47.85,43.27,42.64,50.0,6,51.03,45.83,0.7
2026-01-08T01:15:00Z,2026-01-08 01:15,2026-01-08 01:30,QH,46.0,46.17,37.4,47.48,94.0,30,46.71,57.31,-11.31
2026-01-08T01:30:00Z,2026-01-08 01:30,2026-01-08 01:45,QH,35.48,43.22,27.11,34.66,104.4,35,36.8,53.06,-17.58
2026-01-08T01:45:00Z,2026-01-08 01:45,2026-01-08 02:00,QH,34.61,41.32,32.49,39.43,26.0,3,37.23,51.0,-16.39
2026-01-08T02:00:00Z,2026-01-08 02:00,2026-01-08 02:15,QH,31.65,34.1,27.09,33.61,99.4,34,29.75,47.07,-15.42
2026-01-08T02:15:00Z,2026-01-08 02:15,2026-01-08 02:30,QH,59.71,62.88,55.99,60.78,65.3,13,57.72,51.14,8.57
2026-01-08T02:30:00Z,2026-01-08 02:30,2026-01-08 02:45,QH,49.55,52.88,48.44,48.68,116.5,15,49.96,50.33,-0.78
2026-01-08T02:45:00Z,2026-01-08 02:45,2026-01-08 03:00,QH,67.78,73.67,67.1,66.42,84.1,17,67.57,49.07,18.7
2026-01-08T03:00:00Z,2026-01-08 03:00,2026-01-08 03:15,QH,61.41,67.51,60.88,61.84,75.4,9,63.3,51.07,10.35
2026-01-08T03:15:00Z,2026-01-08 03:15,2026-01-08 03:30,QH,51.41,55.81,50.49,52.06,34.9,5,47.49,54.94,-3.54
2026-01-08T03:30:00Z,2026-01-08 03:30,2026-01-08 03:45,QH,49.22,53.77,48.12,47.25,62.5,7,49.78,49.34,-0.11
2026-01-08T03:45:00Z,2026-01-08 03:45,2026-01-08 04:00,QH,52.59,56.26,50.79,53.35,57.2,7,52.56,51.86,0.73
2026-01-08T04:00:00Z,2026-01-08 04:00,2026-01-08 04:15,QH,43.15,45.22,38.84,44.07,94.1,13,41.02,44.72,-1.57
2026-01-08T04:15:00Z,2026-01-08 04:15,2026-01-08 04:30,QH,35.45,37.57,31.2,32.14,81.3,10,37.22,53.09,-17.64
2026-01-08T04:30:00Z,2026-01-08 04:30,2026-01-08 04:45,QH,51.71,59.14,45.16,46.59,95.6,24,48.93,48.03,3.69
2026-01-08T04:45:00Z,2026-01-08 04:45,2026-01-08 05:00,QH,56.27,61.34,54.62,56.99,44.8,13,55.04,57.43,-1.16
2026-01-08T05:00:00Z,2026-01-08 05:00,2026-01-08 05:15,QH,48.5,55.87,47.49,45.84,128.3,51,48.63,57.07,-8.58
2026-01-08T05:15:00Z,2026-01-08 05:15,2026-01-08 05:30,QH,52.73,55.41,45.92,52.46,95.2,15,53.03,57.54,-4.81
2026-01-08T05:30:00Z,2026-01-08 05:30,2026-01-08 05:45,QH,60.67,66.07,50.3,60.35,85.0,18,61.77,49.27,11.4
2026-01-08T05:45:00Z,2026-01-08 05:45,2026-01-08 06:00,QH,13.19,14.8,9.0,17.26,41.3,8,10.09,44.96,-31.78
2026-01-08T06:00:00Z,2026-01-08 06:00,2026-01-08 06:15,QH,66.74,68.72,60.42,64.39,105.9,48,65.26,42.01,24.73
2026-01-08T06:15:00Z,2026-01-08 06:15,2026-01-08 06:30,QH,47.22,54.78,44.52,47.98,63.5,11,49.35,55.19,-7.97
2026-01-08T06:30:00Z,2026-01-08 06:30,2026-01-08 06:45,QH,37.97,42.04,22.89,34.72,81.5,10,37.57,51.71,-13.74
2026-01-08T06:45:00Z,2026-01-08 06:45,2026-01-08 07:00,QH,47.47,50.36,44.6,48.08,53.0,7,47.4,56.3,-8.83
2026-01-08T07:00:00Z,2026-01-08 07:00,2026-01-08 07:15,QH,68.95,70.1,64.02,61.76,81.1,13,69.66,82.71,-13.76
2026-01-08T07:15:00Z,2026-01-08 07:15,2026-01-08 07:30,QH,106.9,110.21,105.41,108.64,113.8,20,107.87,81.22,25.68
2026-01-08T07:30:00Z,2026-01-08 07:30,2026-01-08 07:45,QH,81.06,81.39,78.31,77.52,42.2,5,81.41,75.82,5.24
2026-01-08T07:45:00Z,2026-01-08 07:45,2026-01-08 08:00,QH,94.17,98.3,92.48,97.0,141.6,20,92.93,90.5,3.67
2026-01-08T08:00:00Z,2026-01-08 08:00,2026-01-08 08:15,QH,90.72,91.25,86.4,90.2,107.9,13,93.42,86.1,4.61
2026-01-08T08:15:00Z,2026-01-08 08:15,2026-01-08 08:30,QH,76.98,84.74,70.82,78.02,100.5,49,76.97,95.59,-18.61
2026-01-08T08:30:00Z,2026-01-08 08:30,2026-01-08 08:45,QH,85.56,89.67,80.77,85.74,74.9,15,84.83,90.02,-4.46
2026-01-08T08:45:00Z,2026-01-08 08:45,2026-01-08 09:00,QH,89.08,95.53,81.5,88.79,77.9,15,89.57,85.54,3.54
2026-01-08T09:00:00Z,2026-01-08 09:00,2026-01-08 09:15,QH,94.39,107.46,92.29,98.89,48.4,7,93.19,102.84,-8.44
2026-01-08T09:15:00Z,2026-01-08 09:15,2026-01-08 09:30,QH,92.23,96.72,90.93,86.86,58.1,18,91.48,95.57,-3.35
2026-01-08T09:30:00Z,2026-01-08 09:30,2026-01-08 09:45,QH,89.08,93.05,86.41,86.82,68.8,26,90.1,93.66,-4.58
2026-01-08T09:45:00Z,2026-01-08 09:45,2026-01-08 10:00,QH,98.99,109.97,95.92,100.02,93.7,16,103.99,91.12,7.87
2026-01-08T10:00:00Z,2026-01-08 10:00,2026-01-08 10:15,QH,101.09,102.67,99.24,99.23,126.4,26,102.66,83.29,17.79
2026-01-08T10:15:00Z,2026-01-08 10:15,2026-01-08 10:30,QH,90.61,93.21,88.95,95.16,73.9,24,92.35,100.47,-9.85
2026-01-08T10:30:00Z,2026-01-08 10:30,2026-01-08 10:45,QH,84.45,89.91,83.86,87.55,69.9,34,84.37,89.33,-4.88
2026-01-08T10:45:00Z,2026-01-08 10:45,2026-01-08 11:00,QH,99.93,100.69,99.17,99.87,107.1,13,98.37,83.85,16.08
2026-01-08T11:00:00Z,2026-01-08 11:00,2026-01-08 11:15,QH,124.83,130.13,120.28,123.85,87.5,14,124.25,82.23,42.6
2026-01-08T11:15:00Z,2026-01-08 11:15,2026-01-08 11:30,QH,86.11,93.35,83.92,86.57,86.5,17,88.96,92.15,-6.04
2026-01-08T11:30:00Z,2026-01-08 11:30,2026-01-08 11:45,QH,101.84,105.24,94.27,98.85,95.6,24,101.66,94.42,7.42
2026-01-08T11:45:00Z,2026-01-08 11:45,2026-01-08 12:00,QH,109.64,110.77,107.94,105.02,41.0,6,108.82,92.99,16.65
2026-01-08T12:00:00Z,2026-01-08 12:00,2026-01-08 12:15,QH,76.86,81.65,70.19,71.48,106.0,21,76.44,94.25,-17.39
2026-01-08T12:15:00Z,2026-01-08 12:15,2026-01-08 12:30,QH,103.12,104.4,102.35,100.14,121.2,56,106.93,90.65,12.47
2026-01-08T12:30:00Z,2026-01-08 12:30,2026-01-08 12:45,QH,82.51,87.28,74.3,86.45,112.9,54,82.39,100.71,-18.21
2026-01-08T12:45:00Z,2026-01-08 12:45,2026-01-08 13:00,QH,91.73,94.61,88.9,95.02,32.8,6,92.13,98.07,-6.33
2026-01-08T13:00:00Z,2026-01-08 13:00,2026-01-08 13:15,QH,101.06,112.54,100.29,101.73,42.0,5,100.37,88.04,13.01
2026-01-08T13:15:00Z,2026-01-08 13:15,2026-01-08 13:30,QH,111.41,112.94,109.07,113.55,69.8,11,109.29,91.78,19.63
2026-01-08T13:30:00Z,2026-01-08 13:30,2026-01-08 13:45,QH,97.9,106.85,89.61,103.95,60.7,9,97.59,101.51,-3.61
2026-01-08T13:45:00Z,2026-01-08 13:45,2026-01-08 14:00,QH,92.57,96.86,90.68,93.78,132.4,21,91.79,92.7,-0.13
2026-01-08T14:00:00Z,2026-01-08 14:00,2026-01-08 14:15,QH,68.33,79.46,67.17,64.15,86.7,25,67.42,87.14,-18.81
2026-01-08T14:15:00Z,2026-01-08 14:15,2026-01-08 14:30,QH,110.92,113.7,110.64,108.13,95.8,31,111.54,101.77,9.15
2026-01-08T14:30:00Z,2026-01-08 14:30,2026-01-08 14:45,QH,101.78,104.21,98.87,98.48,59.4,12,101.82,89.58,12.2
2026-01-08T14:45:00Z,2026-01-08 14:45,2026-01-08 15:00,QH,92.67,98.96,85.1,93.72,28.4,4,91.59,98.17,-5.5
2026-01-08T15:00:00Z,2026-01-08 15:00,2026-01-08 15:15,QH,76.24,80.05,71.79,72.17,62.6,23,78.42,93.05,-16.81
2026-01-08T15:15:00Z,2026-01-08 15:15,2026-01-08 15:30,QH,97.76,98.82,93.46,97.84,38.0,8,98.81,90.36,7.39
2026-01-08T15:30:00Z,2026-01-08 15:30,2026-01-08 15:45,QH,110.37,111.95,106.15,108.92,70.6,31,111.96,99.37,11.0
2026-01-08T15:45:00Z,2026-01-08 15:45,2026-01-08 16:00,QH,96.56,102.09,95.57,92.4,43.2,8,96.64,99.95,-3.39
2026-01-08T16:00:00Z,2026-01-08 16:00,2026-01-08 16:15,QH,99.2,104.63,98.35,97.3,120.3,17,98.17,84.44,14.76
2026-01-08T16:15:00Z,2026-01-08 16:15,2026-01-08 16:30,QH,94.3,96.1,81.83,88.09,88.1,30,93.44,99.32,-5.02
2026-01-08T16:30:00Z,2026-01-08 16:30,2026-01-08 16:45,QH,101.93,103.85,94.58,105.73,63.2,11,101.45,90.14,11.8
2026-01-08T16:45:00Z,2026-01-08 16:45,2026-01-08 17:00,QH,109.69,110.5,103.71,109.58,41.5,7,109.48,92.71,16.98
2026-01-08T17:00:00Z,2026-01-08 17:00,2026-01-08 17:15,QH,96.63,102.01,86.79,98.06,61.8,20,97.9,83.37,13.26
2026-01-08T17:15:00Z,2026-01-08 17:15,2026-01-08 17:30,QH,80.55,80.84,78.53,80.51,45.7,6,84.82,93.47,-12.92
2026-01-08T17:30:00Z,2026-01-08 17:30,2026-01-08 17:45,QH,90.81,96.28,79.78,86.85,88.5,24,91.66,80.37,10.43
2026-01-08T17:45:00Z,2026-01-08 17:45,2026-01-08 18:00,QH,89.0,98.03,87.0,88.77,58.3,22,89.33,91.59,-2.6
2026-01-08T18:00:00Z,2026-01-08 18:00,2026-01-08 18:15,QH,156.15,166.56,151.71,157.56,120.4,20,156.76,77.07,79.08
2026-01-08T18:15:00Z,2026-01-08 18:15,2026-01-08 18:30,QH,92.73,92.82,89.5,90.2,63.6,9,94.36,89.79,2.94
2026-01-08T18:30:00Z,2026-01-08 18:30,2026-01-08 18:45,QH,79.13,82.78,75.4,83.86,56.4,25,77.82,89.01,-9.89
2026-01-08T18:45:00Z,2026-01-08 18:45,2026-01-08 19:00,QH,78.35,80.18,64.16,78.19,114.8,18,79.01,87.35,-9.0
2026-01-08T19:00:00Z,2026-01-08 19:00,2026-01-08 19:15,QH,88.29,93.62,81.13,85.7,75.7,14,88.53,80.64,7.65
2026-01-08T19:15:00Z,2026-01-08 19:15,2026-01-08 19:30,QH,90.5,92.4,89.3,93.1,19.8,3,88.03,92.15,-1.65
2026-01-08T19:30:00Z,2026-01-08 19:30,2026-01-08 19:45,QH,66.49,76.8,65.13,65.07,24.7,8,65.61,79.08,-12.59
2026-01-08T19:45:00Z,2026-01-08 19:45,2026-01-08 20:00,QH,70.06,72.2,58.12,66.53,64.7,16,66.49,81.57,-11.5
2026-01-08T20:00:00Z,2026-01-08 20:00,2026-01-08 20:15,QH,41.71,45.28,35.66,40.36,66.2,12,40.26,48.01,-6.29
2026-01-08T20:15:00Z,2026-01-08 20:15,2026-01-08 20:30,QH,67.93,69.06,57.51,66.03,83.7,20,66.99,40.68,27.25
2026-01-08T20:30:00Z,2026-01-08 20:30,2026-01-08 20:45,QH,61.8,64.04,60.85,60.06,42.2,14,61.13,54.49,7.31
2026-01-08T20:45:00Z,2026-01-08 20:45,2026-01-08 21:00,QH,37.04,41.84,29.82,38.48,58.0,9,37.54,41.53,-4.48
2026-01-08T21:00:00Z,2026-01-08 21:00,2026-01-08 21:15,QH,52.07,54.76,51.55,47.35,108.8,16,49.06,47.93,4.13
2026-01-08T21:15:00Z,2026-01-08 21:15,2026-01-08 21:30,QH,53.3,55.88,48.9,51.78,57.3,8,51.62,55.21,-1.91
2026-01-08T21:30:00Z,2026-01-08 21:30,2026-01-08 21:45,QH,57.3,58.53,56.89,64.05,110.0,15,58.71,51.49,5.81
2026-01-08T21:45:00Z,2026-01-08 21:45,2026-01-08 22:00,QH,27.66,30.3,24.55,22.94,55.6,7,30.75,55.78,-28.12
2026-01-08T22:00:00Z,2026-01-08 22:00,2026-01-08 22:15,QH,52.45,54.25,51.54,58.47,66.8,11,55.75,52.38,0.07
2026-01-08T22:15:00Z,2026-01-08 22:15,2026-01-08 22:30,QH,69.23,78.79,59.33,69.17,100.9,25,65.76,45.28,23.94
2026-01-08T22:30:00Z,2026-01-08 22:30,2026-01-08 22:45,QH,57.47,60.35,49.38,55.82,94.1,12,53.46,52.39,5.08
2026-01-08T22:45:00Z,2026-01-08 22:45,2026-01-08 23:00,QH,54.01,56.46,41.81,52.11,33.9,11,52.13,49.49,4.52
2026-01-08T23:00:00Z,2026-01-08 23:00,2026-01-08 23:15,QH,51.49,60.13,47.61,54.28,98.7,20,48.62,52.8,-1.3
2026-01-08T23:15:00Z,2026-01-08 23:15,2026-01-08 23:30,QH,49.68,50.21,49.47,48.33,88.4,12,49.57,48.72,0.95
2026-01-08T23:30:00Z,2026-01-08 23:30,2026-01-08 23:45,QH,68.28,71.21,61.6,65.04,119.7,43,69.85,49.12,19.16
2026-01-08T23:45:00Z,2026-01-08 23:45,2026-01-09 00:00,QH,51.29,52.74,45.26,50.51,111.2,55,55.84,42.46,8.83
2026-01-09T00:00:00Z,2026-01-09 00:00,2026-01-09 00:15,QH,28.75,35.21,26.88,31.88,74.1,19,32.95,37.15,-8.4
2026-01-09T00:15:00Z,2026-01-09 00:15,2026-01-09 00:30,QH,40.97,44.66,36.86,41.5,113.9,14,39.4,47.02,-6.05
2026-01-09T00:30:00Z,2026-01-09 00:30,2026-01-09 00:45,QH,23.17,24.73,20.23,19.03,98.1,29,23.91,38.61,-15.44
2026-01-09T00:45:00Z,2026-01-09 00:45,2026-01-09 01:00,QH,50.25,56.77,48.41,51.79,96.3,23,50.46,33.65,16.6
2026-01-09T01:00:00Z,2026-01-09 01:00,2026-01-09 01:15,QH,68.62,72.81,67.77,71.7,80.2,16,69.3,37.3,31.32
2026-01-09T01:15:00Z,2026-01-09 01:15,2026-01-09 01:30,QH,56.39,59.34,53.73,57.57,102.4,32,54.83,31.66,24.73
2026-01-09T01:30:00Z,2026-01-09 01:30,2026-01-09 01:45,QH,36.48,37.13,34.43,34.51,128.1,40,37.16,40.39,-3.91
2026-01-09T01:45:00Z,2026-01-09 01:45,2026-01-09 02:00,QH,36.58,39.01,34.16,39.32,94.7,17,35.0,38.8,-2.22
2026-01-09T02:00:00Z,2026-01-09 02:00,2026-01-09 02:15,QH,41.44,54.19,30.34,37.97,87.5,17,38.46,31.83,9.61
2026-01-09T02:15:00Z,2026-01-09 02:15,2026-01-09 02:30,QH,35.3,40.19,28.0,34.16,46.9,16,33.49,47.22,-11.91
2026-01-09T02:30:00Z,2026-01-09 02:30,2026-01-09 02:45,QH,44.88,48.64,31.04,39.6,100.4,15,46.45,48.27,-3.39
2026-01-09T02:45:00Z,2026-01-09 02:45,2026-01-09 03:00,QH,41.93,45.02,39.22,43.02,65.9,10,41.4,33.88,8.04
2026-01-09T03:00:00Z,2026-01-09 03:00,2026-01-09 03:15,QH,34.39,34.93,31.33,30.34,68.4,23,32.51,39.44,-5.05
2026-01-09T03:15:00Z,2026-01-09 03:15,2026-01-09 03:30,QH,16.51,19.97,11.73,15.99,102.7,13,12.84,35.97,-19.46
2026-01-09T03:30:00Z,2026-01-09 03:30,2026-01-09 03:45,QH,52.24,56.89,46.19,53.46,52.5,8,51.97,39.62,12.62
2026-01-09T03:45:00Z,2026-01-09 03:45,2026-01-09 04:00,QH,40.01,40.95,35.7,36.41,102.2,14,38.16,34.68,5.32
2026-01-09T04:00:00Z,2026-01-09 04:00,2026-01-09 04:15,QH,112.1,112.57,110.67,110.16,101.6,38,110.81,34.86,77.24
2026-01-09T04:15:00Z,2026-01-09 04:15,2026-01-09 04:30,QH,29.94,43.71,24.32,26.75,52.3,10,27.37,42.26,-12.32
2026-01-09T04:30:00Z,2026-01-09 04:30,2026-01-09 04:45,QH,42.19,47.59,39.27,46.23,92.7,27,45.96,42.68,-0.5
2026-01-09T04:45:00Z,2026-01-09 04:45,2026-01-09 05:00,QH,52.13,60.97,51.17,46.31,62.5,9,53.75,43.91,8.22
2026-01-09T05:00:00Z,2026-01-09 05:00,2026-01-09 05:15,QH,39.43,42.21,36.22,35.22,89.4,28,39.38,38.38,1.05
2026-01-09T05:15:00Z,2026-01-09 05:15,2026-01-09 05:30,QH,27.07,34.31,19.86,26.67,140.0,19,25.49,41.09,-14.01
2026-01-09T05:30:00Z,2026-01-09 05:30,2026-01-09 05:45,QH,73.3,76.64,67.15,75.03,101.4,30,71.7,39.69,33.61
2026-01-09T05:45:00Z,2026-01-09 05:45,2026-01-09 06:00,QH,47.87,57.12,42.56,51.25,70.6,16,50.25,41.87,6.0
2026-01-09T06:00:00Z,2026-01-09 06:00,2026-01-09 06:15,QH,36.96,41.62,34.88,38.6,62.8,12,37.05,47.08,-10.12
2026-01-09T06:15:00Z,2026-01-09 06:15,2026-01-09 06:30,QH,61.3,64.94,57.21,60.05,60.3,18,58.93,30.35,30.95
2026-01-09T06:30:00Z,2026-01-09 06:30,2026-01-09 06:45,QH,30.75,38.61,24.46,25.45,62.4,8,30.83,43.43,-12.68
2026-01-09T06:45:00Z,2026-01-09 06:45,2026-01-09 07:00,QH,40.1,43.02,39.01,39.38,100.7,40,38.88,36.83,3.27
2026-01-09T07:00:00Z,2026-01-09 07:00,2026-01-09 07:15,QH,49.03,53.87,41.57,44.01,66.2,9,50.29,78.23,-29.2
2026-01-09T07:15:00Z,2026-01-09 07:15,2026-01-09 07:30,QH,61.21,63.38,60.84,56.33,74.8,13,61.18,68.64,-7.43
2026-01-09T07:30:00Z,2026-01-09 07:30,2026-01-09 07:45,QH,89.64,92.68,86.09,89.62,131.7,17,89.13,72.45,17.19
2026-01-09T07:45:00Z,2026-01-09 07:45,2026-01-09 08:00,QH,65.45,70.03,65.15,69.77,68.2,25,62.35,77.61,-12.16
2026-01-09T08:00:00Z,2026-01-09 08:00,2026-01-09 08:15,QH,76.86,83.09,67.39,73.24,83.6,15,75.84,82.64,-5.78
2026-01-09T08:15:00Z,2026-01-09 08:15,2026-01-09 08:30,QH,66.81,71.75,64.94,70.03,93.9,15,62.37,72.95,-6.14
2026-01-09T08:30:00Z,2026-01-09 08:30,2026-01-09 08:45,QH,58.85,61.61,58.72,59.17,82.7,30,57.78,71.25,-12.4
2026-01-09T08:45:00Z,2026-01-09 08:45,2026-01-09 09:00,QH,75.27,77.82,66.41,73.26,72.8,11,75.72,79.54,-4.27
2026-01-09T09:00:00Z,2026-01-09 09:00,2026-01-09 09:15,QH,60.27,62.99,58.98,63.39,155.1,37,58.74,70.77,-10.5
2026-01-09T09:15:00Z,2026-01-09 09:15,2026-01-09 09:30,QH,76.21,85.84,72.9,77.45,111.1,17,77.11,78.41,-2.2
2026-01-09T09:30:00Z,2026-01-09 09:30,2026-01-09 09:45,QH,22.43,24.42,13.76,17.68,71.6,10,20.72,84.69,-62.26
2026-01-09T09:45:00Z,2026-01-09 09:45,2026-01-09 10:00,QH,88.33,95.39,88.13,89.76,26.0,3,92.07,78.98,9.34
2026-01-09T10:00:00Z,2026-01-09 10:00,2026-01-09 10:15,QH,97.43,102.48,94.58,97.42,87.5,12,95.45,89.97,7.46
2026-01-09T10:15:00Z,2026-01-09 10:15,2026-01-09 10:30,QH,94.61,100.93,92.75,96.67,78.2,12,95.16,82.16,12.45
2026-01-09T10:30:00Z,2026-01-09 10:30,2026-01-09 10:45,QH,84.36,94.35,78.86,88.76,76.3,13,84.4,83.04,1.32
2026-01-09T10:45:00Z,2026-01-09 10:45,2026-01-09 11:00,QH,95.52,104.78,91.89,89.84,81.3,22,92.15,91.29,4.23
2026-01-09T11:00:00Z,2026-01-09 11:00,2026-01-09 11:15,QH,93.87,96.01,91.83,100.55,76.5,14,96.14,85.39,8.48
2026-01-09T11:15:00Z,2026-01-09 11:15,2026-01-09 11:30,QH,110.36,110.78,108.05,109.08,47.7,9,108.39,86.42,23.94
2026-01-09T11:30:00Z,2026-01-09 11:30,2026-01-09 11:45,QH,75.63,81.89,73.4,76.34,124.0,25,75.92,88.76,-13.13
2026-01-09T11:45:00Z,2026-01-09 11:45,2026-01-09 12:00,QH,85.79,90.69,85.61,88.72,120.4,17,85.26,79.78,6.01
2026-01-09T12:00:00Z,2026-01-09 12:00,2026-01-09 12:15,QH,74.42,74.45,70.75,76.34,83.9,38,78.36,85.03,-10.61
2026-01-09T12:15:00Z,2026-01-09 12:15,2026-01-09 12:30,QH,97.62,104.29,85.75,92.47,123.7,18,100.62,82.75,14.87
2026-01-09T12:30:00Z,2026-01-09 12:30,2026-01-09 12:45,QH,93.65,95.04,87.6,95.16,89.1,31,95.4,76.94,16.71
2026-01-09T12:45:00Z,2026-01-09 12:45,2026-01-09 13:00,QH,92.68,93.59,90.4,93.4,124.6,22,95.71,86.92,5.76
2026-01-09T13:00:00Z,2026-01-09 13:00,2026-01-09 13:15,QH,78.43,83.44,74.97,82.91,59.0,9,73.42,85.09,-6.67
2026-01-09T13:15:00Z,2026-01-09 13:15,2026-01-09 13:30,QH,107.43,114.82,104.94,112.7,67.0,10,106.59,75.66,31.78
2026-01-09T13:30:00Z,2026-01-09 13:30,2026-01-09 13:45,QH,90.58,97.16,87.64,92.33,83.2,40,91.16,93.69,-3.11
2026-01-09T13:45:00Z,2026-01-09 13:45,2026-01-09 14:00,QH,101.21,106.1,99.25,98.45,65.9,22,104.22,81.9,19.31
2026-01-09T14:00:00Z,2026-01-09 14:00,2026-01-09 14:15,QH,77.93,77.95,75.13,75.47,125.3,24,79.73,84.18,-6.26
2026-01-09T14:15:00Z,2026-01-09 14:15,2026-01-09 14:30,QH,74.45,76.72,72.15,75.56,84.2,13,72.39,83.53,-9.08
2026-01-09T14:30:00Z,2026-01-09 14:30,2026-01-09 14:45,QH,104.36,110.54,103.47,104.75,156.9,20,102.79,83.98,20.38
2026-01-09T14:45:00Z,2026-01-09 14:45,2026-01-09 15:00,QH,84.49,91.57,83.78,78.54,59.0,9,85.79,80.21,4.29
2026-01-09T15:00:00Z,2026-01-09 15:00,2026-01-09 15:15,QH,97.27,101.82,91.7,97.84,148.6,56,101.6,74.16,23.11
2026-01-09T15:15:00Z,2026-01-09 15:15,2026-01-09 15:30,QH,74.95,80.61,73.33,72.46,49.9,10,76.72,85.23,-10.28
2026-01-09T15:30:00Z,2026-01-09 15:30,2026-01-09 15:45,QH,99.17,105.01,94.34,99.47,95.8,15,99.49,83.33,15.83
2026-01-09T15:45:00Z,2026-01-09 15:45,2026-01-09 16:00,QH,90.07,92.09,86.46,83.38,52.2,6,91.61,86.74,3.33
2026-01-09T16:00:00Z,2026-01-09 16:00,2026-01-09 16:15,QH,74.56,76.75,73.69,73.47,52.4,15,73.14,83.43,-8.87
2026-01-09T16:15:00Z,2026-01-09 16:15,2026-01-09 16:30,QH,69.49,70.97,64.57,66.19,10,3,68.51,84.48,-14.99
2026-01-09T16:30:00Z,2026-01-09 16:30,2026-01-09 16:45,QH,69.06,70.58,65.24,65.21,78.8,20,69.52,78.48,-9.42
2026-01-09T16:45:00Z,2026-01-09 16:45,2026-01-09 17:00,QH,67.28,72.54,64.32,73.09,85.0,41,73.34,89.55,-22.27
2026-01-09T17:00:00Z,2026-01-09 17:00,2026-01-09 17:15,QH,68.36,71.85,63.4,70.71,52.7,13,69.03,78.55,-10.19
2026-01-09T17:15:00Z,2026-01-09 17:15,2026-01-09 17:30,QH,100.13,105.91,99.0,99.19,28.8,6,99.89,75.22,24.91
2026-01-09T17:30:00Z,2026-01-09 17:30,2026-01-09 17:45,QH,61.43,62.45,60.6,64.46,66.9,9,61.99,73.47,-12.03
2026-01-09T17:45:00Z,2026-01-09 17:45,2026-01-09 18:00,QH,92.78,94.4,90.61,93.49,83.1,14,95.64,76.49,16.28
2026-01-09T18:00:00Z,2026-01-09 18:00,2026-01-09 18:15,QH,72.62,75.23,68.91,74.54,90.5,19,69.18,79.72,-7.1
2026-01-09T18:15:00Z,2026-01-09 18:15,2026-01-09 18:30,QH,78.74,81.35,77.51,81.07,96.2,17,81.74,72.17,6.57
2026-01-09T18:30:00Z,2026-01-09 18:30,2026-01-09 18:45,QH,60.83,62.28,58.75,58.75,76.4,16,62.22,88.59,-27.76
2026-01-09T18:45:00Z,2026-01-09 18:45,2026-01-09 19:00,QH,64.68,65.13,62.64,68.85,161.5,26,65.37,83.73,-19.05
2026-01-09T19:00:00Z,2026-01-09 19:00,2026-01-09 19:15,QH,63.96,67.38,56.43,68.18,128.2,16,66.48,79.48,-15.52
2026-01-09T19:15:00Z,2026-01-09 19:15,2026-01-09 19:30,QH,89.74,90.75,86.59,87.96,65.1,14,91.12,76.21,13.54
2026-01-09T19:30:00Z,2026-01-09 19:30,2026-01-09 19:45,QH,63.12,67.45,56.58,60.35,113.0,15,63.16,73.43,-10.31
2026-01-09T19:45:00Z,2026-01-09 19:45,2026-01-09 20:00,QH,47.23,54.74,44.8,49.39,107.5,14,49.06,85.46,-38.23
2026-01-09T20:00:00Z,2026-01-09 20:00,2026-01-09 20:15,QH,34.34,36.21,32.9,32.19,89.1,19,38.01,49.21,-14.87
2026-01-09T20:15:00Z,2026-01-09 20:15,2026-01-09 20:30,QH,45.86,49.55,41.99,43.0,78.9,23,42.18,36.17,9.7
2026-01-09T20:30:00Z,2026-01-09 20:30,2026-01-09 20:45,QH,42.09,43.85,32.74,42.39,42.6,13,39.8,36.09,6.01
2026-01-09T20:45:00Z,2026-01-09 20:45,2026-01-09 21:00,QH,53.45,57.51,45.94,50.64,67.3,8,52.78,48.5,4.95
2026-01-09T21:00:00Z,2026-01-09 21:00,2026-01-09 21:15,QH,34.74,42.09,31.8,30.73,117.0,57,32.75,40.13,-5.39
2026-01-09T21:15:00Z,2026-01-09 21:15,2026-01-09 21:30,QH,34.24,37.62,28.24,36.68,74.3,10,36.4,44.13,-9.88
2026-01-09T21:30:00Z,2026-01-09 21:30,2026-01-09 21:45,QH,43.93,52.28,40.25,47.19,102.8,14,42.99,42.36,1.57
2026-01-09T21:45:00Z,2026-01-09 21:45,2026-01-09 22:00,QH,33.55,33.63,28.12,33.39,115.0,19,35.23,30.07,3.48
2026-01-09T22:00:00Z,2026-01-09 22:00,2026-01-09 22:15,QH,40.61,43.62,38.42,37.98,73.4,19,39.65,46.69,-6.08
2026-01-09T22:15:00Z,2026-01-09 22:15,2026-01-09 22:30,QH,44.02,49.78,43.86,45.69,73.6,15,44.6,51.2,-7.18
2026-01-09T22:30:00Z,2026-01-09 22:30,2026-01-09 22:45,QH,32.48,32.6,25.41,34.26,24.4,3,30.59,32.75,-0.27
2026-01-09T22:45:00Z,2026-01-09 22:45,2026-01-09 23:00,QH,46.38,47.47,39.41,38.82,64.9,18,46.76,32.09,14.29
2026-01-09T23:00:00Z,2026-01-09 23:00,2026-01-09 23:15,QH,53.85,55.42,47.87,49.12,105.2,51,53.52,39.35,14.5
2026-01-09T23:15:00Z,2026-01-09 23:15,2026-01-09 23:30,QH,30.16,34.02,27.56,31.99,94.5,15,29.9,43.53,-13.37
2026-01-09T23:30:00Z,2026-01-09 23:30,2026-01-09 23:45,QH,18.91,20.5,12.68,15.1,80.9,10,17.71,39.19,-20.27
2026-01-09T23:45:00Z,2026-01-09 23:45,2026-01-10 00:00,QH,44.43,48.82,42.12,50.27,127.7,23,46.23,36.31,8.12
2026-01-10T00:00:00Z,2026-01-10 00:00,2026-01-10 00:15,QH,33.69,44.47,32.97,36.54,56.8,19,32.61,44.27,-10.58
2026-01-10T00:15:00Z,2026-01-10 00:15,2026-01-10 00:30,QH,39.55,41.1,38.35,40.5,51.4,9,41.21,52.57,-13.02
2026-01-10T00:30:00Z,2026-01-10 00:30,2026-01-10 00:45,QH,53.16,59.3,51.87,50.72,27.6,9,55.74,46.74,6.42
2026-01-10T00:45:00Z,2026-01-10 00:45,2026-01-10 01:00,QH,57.71,58.61,48.64,55.49,86.7,14,59.96,45.14,12.57
2026-01-10T01:00:00Z,2026-01-10 01:00,2026-01-10 01:15,QH,49.38,49.74,48.75,49.87,83.9,11,49.26,46.96,2.42
2026-01-10T01:15:00Z,2026-01-10 01:15,2026-01-10 01:30,QH,71.07,71.98,61.95,70.14,104.5,23,70.57,47.54,23.53
2026-01-10T01:30:00Z,2026-01-10 01:30,2026-01-10 01:45,QH,39.88,41.42,33.43,40.6,115.2,25,38.34,47.39,-7.51
2026-01-10T01:45:00Z,2026-01-10 01:45,2026-01-10 02:00,QH,42.66,48.53,38.13,46.21,48.9,10,40.93,47.24,-4.59
2026-01-10T02:00:00Z,2026-01-10 02:00,2026-01-10 02:15,QH,38.28,43.09,29.63,39.69,67.0,9,37.58,45.11,-6.83
2026-01-10T02:15:00Z,2026-01-10 02:15,2026-01-10 02:30,QH,56.53,62.47,42.96,56.2,46.1,18,57.55,55.85,0.69
2026-01-10T02:30:00Z,2026-01-10 02:30,2026-01-10 02:45,QH,46.69,47.86,46.69,51.75,119.0,22,45.33,52.68,-5.99
2026-01-10T02:45:00Z,2026-01-10 02:45,2026-01-10 03:00,QH,41.36,43.77,40.05,41.59,107.9,33,41.23,43.62,-2.26
2026-01-10T03:00:00Z,2026-01-10 03:00,2026-01-10 03:15,QH,76.49,83.87,69.41,73.1,88.9,32,77.1,42.29,34.2
2026-01-10T03:15:00Z,2026-01-10 03:15,2026-01-10 03:30,QH,71.79,80.31,69.68,72.65,66.5,10,69.57,55.91,15.87
2026-01-10T03:30:00Z,2026-01-10 03:30,2026-01-10 03:45,QH,61.36,61.78,53.68,54.32,102.2,34,60.97,41.26,20.1
2026-01-10T03:45:00Z,2026-01-10 03:45,2026-01-10 04:00,QH,60.29,64.31,57.84,59.39,87.1,15,58.62,56.39,3.9
2026-01-10T04:00:00Z,2026-01-10 04:00,2026-01-10 04:15,QH,42.09,43.37,39.52,47.38,108.7,43,41.55,48.41,-6.32
2026-01-10T04:15:00Z,2026-01-10 04:15,2026-01-10 04:30,QH,25.6,25.68,25.22,23.7,109.7,45,24.53,50.77,-25.18
2026-01-10T04:30:00Z,2026-01-10 04:30,2026-01-10 04:45,QH,34.92,40.98,34.42,35.27,120.3,28,37.62,46.86,-11.94
2026-01-10T04:45:00Z,2026-01-10 04:45,2026-01-10 05:00,QH,43.89,44.97,35.17,49.18,86.0,28,45.06,50.37,-6.48
2026-01-10T05:00:00Z,2026-01-10 05:00,2026-01-10 05:15,QH,60.48,65.23,52.9,64.5,61.3,9,61.58,41.87,18.61
2026-01-10T05:15:00Z,2026-01-10 05:15,2026-01-10 05:30,QH,44.57,47.44,43.06,49.26,94.6,23,44.81,42.56,2.02
2026-01-10T05:30:00Z,2026-01-10 05:30,2026-01-10 05:45,QH,40.69,42.73,36.49,49.67,98.7,25,41.7,51.29,-10.6
2026-01-10T05:45:00Z,2026-01-10 05:45,2026-01-10 06:00,QH,34.75,39.96,33.3,38.13,54.2,7,33.91,45.72,-10.97
2026-01-10T06:00:00Z,2026-01-10 06:00,2026-01-10 06:15,QH,54.27,60.67,52.33,52.76,40.9,7,58.38,45.03,9.23
2026-01-10T06:15:00Z,2026-01-10 06:15,2026-01-10 06:30,QH,62.2,65.86,57.75,68.21,115.2,18,61.44,44.44,17.76
2026-01-10T06:30:00Z,2026-01-10 06:30,2026-01-10 06:45,QH,57.39,65.02,56.9,56.88,86.0,18,59.42,47.34,10.05
2026-01-10T06:45:00Z,2026-01-10 06:45,2026-01-10 07:00,QH,31.31,33.53,30.18,34.22,94.3,12,32.02,46.34,-15.02
2026-01-10T07:00:00Z,2026-01-10 07:00,2026-01-10 07:15,QH,72.13,80.92,67.3,70.38,53.3,12,73.59,76.97,-4.85
2026-01-10T07:15:00Z,2026-01-10 07:15,2026-01-10 07:30,QH,106.8,107.34,105.64,111.8,116.6,18,106.5,80.05,26.75
2026-01-10T07:30:00Z,2026-01-10 07:30,2026-01-10 07:45,QH,71.39,73.1,68.92,69.68,40.7,8,71.75,81.72,-10.32
2026-01-10T07:45:00Z,2026-01-10 07:45,2026-01-10 08:00,QH,67.12,67.52,64.72,66.53,114.0,20,66.69,79.38,-12.26
2026-01-10T08:00:00Z,2026-01-10 08:00,2026-01-10 08:15,QH,76.33,81.34,66.87,77.25,89.6,12,79.48,97.16,-20.83
2026-01-10T08:15:00Z,2026-01-10 08:15,2026-01-10 08:30,QH,92.99,95.43,92.98,95.62,92.1,16,89.81,81.15,11.85
2026-01-10T08:30:00Z,2026-01-10 08:30,2026-01-10 08:45,QH,91.05,97.32,88.22,94.84,66.1,8,90.37,87.51,3.55
2026-01-10T08:45:00Z,2026-01-10 08:45,2026-01-10 09:00,QH,83.19,84.3,74.21,82.21,43.8,10,82.76,80.72,2.47
2026-01-10T09:00:00Z,2026-01-10 09:00,2026-01-10 09:15,QH,55.86,59.1,52.39,53.34,102.2,17,58.86,85.88,-30.02
2026-01-10T09:15:00Z,2026-01-10 09:15,2026-01-10 09:30,QH,89.8,91.1,82.66,93.13,53.2,21,91.29,82.06,7.75
2026-01-10T09:30:00Z,2026-01-10 09:30,2026-01-10 09:45,QH,102.06,113.96,101.83,106.75,89.7,36,99.54,87.26,14.8
2026-01-10T09:45:00Z,2026-01-10 09:45,2026-01-10 10:00,QH,231.45,236.74,228.27,229.01,149.5,21,226.81,87.31,144.14
2026-01-10T10:00:00Z,2026-01-10 10:00,2026-01-10 10:15,QH,79.58,83.6,68.15,79.57,100.5,40,77.94,90.42,-10.83
2026-01-10T10:15:00Z,2026-01-10 10:15,2026-01-10 10:30,QH,76.78,81.8,72.47,75.87,75.9,21,76.54,90.68,-13.9
2026-01-10T10:30:00Z,2026-01-10 10:30,2026-01-10 10:45,QH,79.22,88.5,78.89,85.85,121.3,18,76.75,101.25,-22.03
2026-01-10T10:45:00Z,2026-01-10 10:45,2026-01-10 11:00,QH,77.75,82.41,75.66,74.79,91.8,18,81.96,81.75,-4.0
2026-01-10T11:00:00Z,2026-01-10 11:00,2026-01-10 11:15,QH,114.58,117.32,111.65,122.32,106.9,19,115.25,99.05,15.53
2026-01-10T11:15:00Z,2026-01-10 11:15,2026-01-10 11:30,QH,100.45,102.05,98.75,105.8,53.5,7,100.13,97.61,2.85
2026-01-10T11:30:00Z,2026-01-10 11:30,2026-01-10 11:45,QH,57.23,59.5,44.45,54.64,92.3,15,55.86,89.28,-32.06
2026-01-10T11:45:00Z,2026-01-10 11:45,2026-01-10 12:00,QH,86.5,91.68,78.01,85.11,98.7,15,88.61,91.83,-5.34
2026-01-10T12:00:00Z,2026-01-10 12:00,2026-01-10 12:15,QH,75.93,77.5,75.34,73.11,38.3,5,72.77,97.35,-21.42
2026-01-10T12:15:00Z,2026-01-10 12:15,2026-01-10 12:30,QH,96.44,99.47,92.36,100.52,133.7,19,98.16,80.89,15.55
2026-01-10T12:30:00Z,2026-01-10 12:30,2026-01-10 12:45,QH,99.67,107.11,97.71,98.45,35.3,5,97.78,97.63,2.04
2026-01-10T12:45:00Z,2026-01-10 12:45,2026-01-10 13:00,QH,83.46,87.8,78.55,84.99,86.9,40,84.91,97.62,-14.17
2026-01-10T13:00:00Z,2026-01-10 13:00,2026-01-10 13:15,QH,69.89,77.5,68.66,73.47,97.3,13,68.17,93.18,-23.3
2026-01-10T13:15:00Z,2026-01-10 13:15,2026-01-10 13:30,QH,82.07,85.34,77.51,77.84,139.7,21,84.05,95.54,-13.47
2026-01-10T13:30:00Z,2026-01-10 13:30,2026-01-10 13:45,QH,87.09,88.93,85.37,88.0,84.4,22,86.19,93.58,-6.48
2026-01-10T13:45:00Z,2026-01-10 13:45,2026-01-10 14:00,QH,93.74,96.15,88.27,94.57,28.7,7,92.76,106.71,-12.97
2026-01-10T14:00:00Z,2026-01-10 14:00,2026-01-10 14:15,QH,194.38,197.41,190.03,199.89,97.2,15,191.04,92.38,102.0
2026-01-10T14:15:00Z,2026-01-10 14:15,2026-01-10 14:30,QH,117.27,118.86,107.02,114.7,51.2,18,116.95,93.41,23.85
2026-01-10T14:30:00Z,2026-01-10 14:30,2026-01-10 14:45,QH,93.87,97.75,91.48,92.41,95.2,40,90.44,87.7,6.17
2026-01-10T14:45:00Z,2026-01-10 14:45,2026-01-10 15:00,QH,73.45,77.11,72.49,72.5,66.1,18,71.82,98.21,-24.75
2026-01-10T15:00:00Z,2026-01-10 15:00,2026-01-10 15:15,QH,95.06,96.69,91.6,91.89,137.9,18,94.88,89.57,5.49
2026-01-10T15:15:00Z,2026-01-10 15:15,2026-01-10 15:30,QH,89.75,92.4,87.72,90.4,31.9,4,91.44,90.74,-0.98
2026-01-10T15:30:00Z,2026-01-10 15:30,2026-01-10 15:45,QH,85.85,92.63,84.51,84.74,157.9,57,86.31,83.75,2.1
2026-01-10T15:45:00Z,2026-01-10 15:45,2026-01-10 16:00,QH,103.44,107.64,99.63,102.7,122.3,15,104.86,93.35,10.09
2026-01-10T16:00:00Z,2026-01-10 16:00,2026-01-10 16:15,QH,88.09,96.51,86.59,90.56,51.4,14,87.69,85.34,2.75
2026-01-10T16:15:00Z,2026-01-10 16:15,2026-01-10 16:30,QH,73.87,77.56,69.46,76.84,79.7,12,71.43,85.4,-11.53
2026-01-10T16:30:00Z,2026-01-10 16:30,2026-01-10 16:45,QH,89.35,93.73,85.69,89.41,84.0,12,86.4,83.66,5.69
2026-01-10T16:45:00Z,2026-01-10 16:45,2026-01-10 17:00,QH,94.82,95.2,94.25,93.48,63.1,22,93.76,92.79,2.04
2026-01-10T17:00:00Z,2026-01-10 17:00,2026-01-10 17:15,QH,82.23,83.21,78.25,81.82,74.7,15,79.27,89.37,-7.14
2026-01-10T17:15:00Z,2026-01-10 17:15,2026-01-10 17:30,QH,91.9,93.15,86.84,91.2,85.0,10,94.15,83.77,8.13
2026-01-10T17:30:00Z,2026-01-10 17:30,2026-01-10 17:45,QH,96.97,99.61,90.07,92.52,53.5,25,95.04,92.13,4.85
2026-01-10T17:45:00Z,2026-01-10 17:45,2026-01-10 18:00,QH,176.9,177.0,171.29,177.5,102.6,14,177.51,100.34,76.56
2026-01-10T18:00:00Z,2026-01-10 18:00,2026-01-10 18:15,QH,85.08,86.95,82.01,84.21,98.9,17,86.45,85.13,-0.05
2026-01-10T18:15:00Z,2026-01-10 18:15,2026-01-10 18:30,QH,88.47,89.87,82.69,87.4,129.3,18,83.61,84.52,3.95
2026-01-10T18:30:00Z,2026-01-10 18:30,2026-01-10 18:45,QH,90.27,96.4,90.22,87.86,76.6,17,92.4,78.38,11.88
2026-01-10T18:45:00Z,2026-01-10 18:45,2026-01-10 19:00,QH,69.58,70.38,59.77,66.36,89.6,19,69.92,90.24,-20.66
2026-01-10T19:00:00Z,2026-01-10 19:00,2026-01-10 19:15,QH,78.37,80.5,77.86,83.78,104.8,31,76.7,86.76,-8.39
2026-01-10T19:15:00Z,2026-01-10 19:15,2026-01-10 19:30,QH,85.77,90.3,73.44,81.01,123.6,27,86.94,77.61,8.16
2026-01-10T19:30:00Z,2026-01-10 19:30,2026-01-10 19:45,QH,66.29,75.29,59.9,65.61,72.7,10,65.58,81.48,-15.2
2026-01-10T19:45:00Z,2026-01-10 19:45,2026-01-10 20:00,QH,90.77,91.76,86.44,89.22,41.3,7,89.72,75.38,15.39
2026-01-10T20:00:00Z,2026-01-10 20:00,2026-01-10 20:15,QH,34.96,43.59,26.15,29.24,129.7,16,34.25,40.93,-5.98
2026-01-10T20:15:00Z,2026-01-10 20:15,2026-01-10 20:30,QH,24.16,30.21,19.72,22.93,103.3,21,23.92,47.49,-23.33
2026-01-10T20:30:00Z,2026-01-10 20:30,2026-01-10 20:45,QH,22.4,26.91,17.99,21.21,136.7,23,23.28,47.75,-25.35
2026-01-10T20:45:00Z,2026-01-10 20:45,2026-01-10 21:00,QH,49.53,49.85,45.78,49.73,70.9,17,48.51,41.4,8.13
2026-01-10T21:00:00Z,2026-01-10 21:00,2026-01-10 21:15,QH,144.71,145.33,142.29,145.46,35.4,4,144.44,53.76,90.95
2026-01-10T21:15:00Z,2026-01-10 21:15,2026-01-10 21:30,QH,30.41,32.07,24.79,28.38,58.7,11,30.11,45.76,-15.35
2026-01-10T21:30:00Z,2026-01-10 21:30,2026-01-10 21:45,QH,40.76,47.44,38.76,41.95,76.5,18,40.24,41.64,-0.89
2026-01-10T21:45:00Z,2026-01-10 21:45,2026-01-10 22:00,QH,51.93,53.45,43.9,49.78,73.0,9,50.72,42.75,9.18
2026-01-10T22:00:00Z,2026-01-10 22:00,2026-01-10 22:15,QH,52.61,60.84,50.62,56.46,82.8,18,53.75,37.62,14.99
2026-01-10T22:15:00Z,2026-01-10 22:15,2026-01-10 22:30,QH,59.87,66.86,53.87,66.14,29.1,3,61.88,56.91,2.95
2026-01-10T22:30:00Z,2026-01-10 22:30,2026-01-10 22:45,QH,63.34,66.22,59.23,67.09,27.0,6,60.47,46.62,16.71
2026-01-10T22:45:00Z,2026-01-10 22:45,2026-01-10 23:00,QH,53.33,58.28,47.17,48.04,122.5,16,54.77,49.37,3.96
2026-01-10T23:00:00Z,2026-01-10 23:00,2026-01-10 23:15,QH,36.21,40.04,35.98,37.28,120.0,46,32.15,53.54,-17.32
2026-01-10T23:15:00Z,2026-01-10 23:15,2026-01-10 23:30,QH,44.91,48.96,36.4,44.59,75.6,17,45.23,47.03,-2.12
2026-01-10T23:30:00Z,2026-01-10 23:30,2026-01-10 23:45,QH,48.3,51.53,42.22,52.94,83.0,13,46.89,48.37,-0.07
2026-01-10T23:45:00Z,2026-01-10 23:45,2026-01-11 00:00,QH,50.57,51.16,46.76,53.17,98.5,13,50.38,43.33,7.23
2026-01-11T00:00:00Z,2026-01-11 00:00,2026-01-11 00:15,QH,26.5,30.79,23.29,26.36,113.6,32,27.14,43.49,-16.99
2026-01-11T00:15:00Z,2026-01-11 00:15,2026-01-11 00:30,QH,177.87,182.13,172.18,178.18,84.5,23,178.67,38.65,139.22
2026-01-11T00:30:00Z,2026-01-11 00:30,2026-01-11 00:45,QH,31.8,36.2,31.1,24.85,124.5,19,34.62,37.19,-5.38
2026-01-11T00:45:00Z,2026-01-11 00:45,2026-01-11 01:00,QH,36.82,39.52,31.76,38.4,139.4,27,32.23,27.73,9.09
2026-01-11T01:00:00Z,2026-01-11 01:00,2026-01-11 01:15,QH,17.73,24.05,16.13,18.97,46.7,9,19.19,41.97,-24.24
2026-01-11T01:15:00Z,2026-01-11 01:15,2026-01-11 01:30,QH,35.28,36.01,19.59,31.96,81.8,10,34.82,45.34,-10.06
2026-01-11T01:30:00Z,2026-01-11 01:30,2026-01-11 01:45,QH,29.47,33.58,24.99,26.02,93.9,42,29.94,35.08,-5.61
2026-01-11T01:45:00Z,2026-01-11 01:45,2026-01-11 02:00,QH,31.4,41.04,29.89,29.03,48.0,6,31.28,33.88,-2.48
2026-01-11T02:00:00Z,2026-01-11 02:00,2026-01-11 02:15,QH,45.85,46.4,42.91,39.19,131.6,31,46.52,28.82,17.03
2026-01-11T02:15:00Z,2026-01-11 02:15,2026-01-11 02:30,QH,36.24,42.81,35.44,40.07,113.5,26,32.96,35.4,0.84
2026-01-11T02:30:00Z,2026-01-11 02:30,2026-01-11 02:45,QH,22.56,28.07,21.25,21.79,105.6,30,24.08,29.63,-7.06
2026-01-11T02:45:00Z,2026-01-11 02:45,2026-01-11 03:00,QH,27.33,28.67,20.55,34.75,62.4,10,25.55,38.45,-11.12
2026-01-11T03:00:00Z,2026-01-11 03:00,2026-01-11 03:15,QH,42.27,49.3,37.49,48.33,97.7,17,41.98,41.04,1.23
2026-01-11T03:15:00Z,2026-01-11 03:15,2026-01-11 03:30,QH,30.73,33.94,23.71,30.93,96.4,12,32.88,30.89,-0.16
2026-01-11T03:30:00Z,2026-01-11 03:30,2026-01-11 03:45,QH,23.59,25.05,21.86,20.69,66.9,14,25.3,27.45,-3.86
2026-01-11T03:45:00Z,2026-01-11 03:45,2026-01-11 04:00,QH,32.83,32.92,32.04,35.61,61.5,8,34.32,35.35,-2.51
2026-01-11T04:00:00Z,2026-01-11 04:00,2026-01-11 04:15,QH,47.02,50.74,41.33,48.88,140.6,21,47.19,36.9,10.12
2026-01-11T04:15:00Z,2026-01-11 04:15,2026-01-11 04:30,QH,13.45,16.72,10.49,13.06,89.3,29,11.79,40.47,-27.02
2026-01-11T04:30:00Z,2026-01-11 04:30,2026-01-11 04:45,QH,45.06,48.41,38.98,45.39,99.6,37,48.5,35.4,9.66
2026-01-11T04:45:00Z,2026-01-11 04:45,2026-01-11 05:00,QH,28.65,33.44,24.31,26.55,32.2,4,24.66,35.3,-6.66
2026-01-11T05:00:00Z,2026-01-11 05:00,2026-01-11 05:15,QH,29.1,31.22,22.84,28.78,79.7,27,27.5,33.17,-4.07
2026-01-11T05:15:00Z,2026-01-11 05:15,2026-01-11 05:30,QH,57.39,61.6,50.57,60.03,92.4,21,59.2,43.69,13.7
2026-01-11T05:30:00Z,2026-01-11 05:30,2026-01-11 05:45,QH,26.39,31.83,26.06,23.05,99.6,16,26.09,36.75,-10.35
2026-01-11T05:45:00Z,2026-01-11 05:45,2026-01-11 06:00,QH,24.06,26.82,21.72,23.6,70.3,24,24.16,35.41,-11.34
2026-01-11T06:00:00Z,2026-01-11 06:00,2026-01-11 06:15,QH,23.21,32.68,16.74,18.99,104.9,26,21.5,30.53,-7.32
2026-01-11T06:15:00Z,2026-01-11 06:15,2026-01-11 06:30,QH,27.08,32.33,24.2,25.8,26.4,3,24.89,34.42,-7.34
2026-01-11T06:30:00Z,2026-01-11 06:30,2026-01-11 06:45,QH,28.65,41.41,24.95,31.73,31.0,5,28.08,32.3,-3.66
2026-01-11T06:45:00Z,2026-01-11 06:45,2026-01-11 07:00,QH,56.15,64.15,49.93,51.98,121.1,16,56.79,33.62,22.53
2026-01-11T07:00:00Z,2026-01-11 07:00,2026-01-11 07:15,QH,67.12,70.83,64.62,66.73,107.7,18,68.82,80.13,-13.0
2026-01-11T07:15:00Z,2026-01-11 07:15,2026-01-11 07:30,QH,54.06,54.51,49.7,51.1,72.6,31,54.03,75.8,-21.74
2026-01-11T07:30:00Z,2026-01-11 07:30,2026-01-11 07:45,QH,54.15,54.18,52.29,47.4,82.5,10,57.24,81.49,-27.34
2026-01-11T07:45:00Z,2026-01-11 07:45,2026-01-11 08:00,QH,76.9,84.17,70.12,74.5,94.0,19,77.11,79.44,-2.55
2026-01-11T08:00:00Z,2026-01-11 08:00,2026-01-11 08:15,QH,74.8,75.03,73.4,71.11,92.6,30,76.47,67.81,6.99
2026-01-11T08:15:00Z,2026-01-11 08:15,2026-01-11 08:30,QH,63.01,69.24,60.46,65.62,69.1,27,62.17,78.52,-15.5
2026-01-11T08:30:00Z,2026-01-11 08:30,2026-01-11 08:45,QH,79.95,82.61,74.99,78.31,55.0,9,80.72,73.27,6.68
2026-01-11T08:45:00Z,2026-01-11 08:45,2026-01-11 09:00,QH,94.77,99.24,90.11,92.88,28.0,3,94.17,66.16,28.62
2026-01-11T09:00:00Z,2026-01-11 09:00,2026-01-11 09:15,QH,82.19,82.68,81.29,84.87,62.6,12,84.34,84.26,-2.07
2026-01-11T09:15:00Z,2026-01-11 09:15,2026-01-11 09:30,QH,95.72,99.63,93.66,96.61,33.5,7,96.47,82.13,13.58
2026-01-11T09:30:00Z,2026-01-11 09:30,2026-01-11 09:45,QH,82.58,86.73,81.96,81.24,98.0,22,82.27,73.68,8.89
2026-01-11T09:45:00Z,2026-01-11 09:45,2026-01-11 10:00,QH,91.66,92.39,87.59,87.94,56.6,9,92.22,83.69,7.97
2026-01-11T10:00:00Z,2026-01-11 10:00,2026-01-11 10:15,QH,95.79,106.16,90.27,96.34,129.9,17,97.75,80.47,15.31
2026-01-11T10:15:00Z,2026-01-11 10:15,2026-01-11 10:30,QH,72.32,72.6,70.34,67.81,103.6,35,73.92,80.1,-7.78
2026-01-11T10:30:00Z,2026-01-11 10:30,2026-01-11 10:45,QH,80.76,89.06,78.5,81.0,98.2,19,85.63,81.71,-0.96
2026-01-11T10:45:00Z,2026-01-11 10:45,2026-01-11 11:00,QH,103.09,106.3,100.37,101.53,120.1,20,104.25,79.28,23.82
2026-01-11T11:00:00Z,2026-01-11 11:00,2026-01-11 11:15,QH,67.71,69.95,58.04,67.07,110.4,30,68.41,87.58,-19.87
2026-01-11T11:15:00Z,2026-01-11 11:15,2026-01-11 11:30,QH,83.19,92.03,82.36,83.19,64.5,11,82.54,75.72,7.47
2026-01-11T11:30:00Z,2026-01-11 11:30,2026-01-11 11:45,QH,88.11,88.55,86.24,89.05,109.5,18,91.56,83.75,4.35
2026-01-11T11:45:00Z,2026-01-11 11:45,2026-01-11 12:00,QH,77.28,81.56,75.1,74.31,113.2,19,78.55,75.76,1.51
2026-01-11T12:00:00Z,2026-01-11 12:00,2026-01-11 12:15,QH,88.0,88.84,81.96,91.45,44.2,6,84.82,81.17,6.83
2026-01-11T12:15:00Z,2026-01-11 12:15,2026-01-11 12:30,QH,86.02,86.3,80.54,82.85,95.0,15,86.42,78.86,7.16
2026-01-11T12:30:00Z,2026-01-11 12:30,2026-01-11 12:45,QH,71.24,72.57,67.99,76.51,124.5,56,69.78,83.27,-12.03
2026-01-11T12:45:00Z,2026-01-11 12:45,2026-01-11 13:00,QH,68.86,71.74,66.15,66.91,27.5,12,72.51,78.62,-9.77
2026-01-11T13:00:00Z,2026-01-11 13:00,2026-01-11 13:15,QH,74.89,77.49,68.81,75.21,120.7,19,74.28,88.74,-13.84
2026-01-11T13:15:00Z,2026-01-11 13:15,2026-01-11 13:30,QH,91.39,92.22,87.64,89.55,97.2,27,90.51,76.48,14.92
2026-01-11T13:30:00Z,2026-01-11 13:30,2026-01-11 13:45,QH,73.89,77.82,72.45,77.43,68.8,30,71.81,76.41,-2.52
2026-01-11T13:45:00Z,2026-01-11 13:45,2026-01-11 14:00,QH,78.02,84.94,74.25,79.02,99.0,25,76.95,86.61,-8.59
2026-01-11T14:00:00Z,2026-01-11 14:00,2026-01-11 14:15,QH,84.48,90.13,82.1,85.89,81.2,12,84.73,81.52,2.96
2026-01-11T14:15:00Z,2026-01-11 14:15,2026-01-11 14:30,QH,82.49,87.42,76.25,89.36,62.9,12,85.17,84.28,-1.79
2026-01-11T14:30:00Z,2026-01-11 14:30,2026-01-11 14:45,QH,67.23,68.77,61.3,61.06,55.1,24,68.54,73.23,-6.0
2026-01-11T14:45:00Z,2026-01-11 14:45,2026-01-11 15:00,QH,76.65,80.96,69.4,74.7,105.4,18,78.25,81.86,-5.2
2026-01-11T15:00:00Z,2026-01-11 15:00,2026-01-11 15:15,QH,87.28,92.87,81.8,82.71,101.6,14,87.78,82.45,4.82
2026-01-11T15:15:00Z,2026-01-11 15:15,2026-01-11 15:30,QH,97.17,98.2,95.41,94.97,124.6,22,97.45,73.86,23.31
2026-01-11T15:30:00Z,2026-01-11 15:30,2026-01-11 15:45,QH,60.98,61.7,59.68,59.69,115.5,17,57.66,79.23,-18.25
2026-01-11T15:45:00Z,2026-01-11 15:45,2026-01-11 16:00,QH,80.57,87.37,77.56,79.76,45.1,19,81.78,82.21,-1.64
2026-01-11T16:00:00Z,2026-01-11 16:00,2026-01-11 16:15,QH,146.52,147.32,144.18,145.63,42.9,19,145.71,76.63,69.89
2026-01-11T16:15:00Z,2026-01-11 16:15,2026-01-11 16:30,QH,59.56,62.87,56.17,59.19,93.7,14,58.98,81.13,-21.58
2026-01-11T16:30:00Z,2026-01-11 16:30,2026-01-11 16:45,QH,82.87,91.15,76.27,83.18,68.4,15,81.05,73.14,9.73
2026-01-11T16:45:00Z,2026-01-11 16:45,2026-01-11 17:00,QH,86.15,93.47,83.94,81.33,124.4,30,85.61,71.87,14.27
2026-01-11T17:00:00Z,2026-01-11 17:00,2026-01-11 17:15,QH,77.59,78.61,72.54,77.36,61.5,9,79.11,82.74,-5.15
2026-01-11T17:15:00Z,2026-01-11 17:15,2026-01-11 17:30,QH,68.64,71.99,65.74,72.58,101.5,19,69.37,73.2,-4.56
2026-01-11T17:30:00Z,2026-01-11 17:30,2026-01-11 17:45,QH,101.6,112.41,100.92,96.2,99.2,21,99.82,74.17,27.43
2026-01-11T17:45:00Z,2026-01-11 17:45,2026-01-11 18:00,QH,73.95,73.97,71.51,78.56,20.7,3,69.45,77.72,-3.77
2026-01-11T18:00:00Z,2026-01-11 18:00,2026-01-11 18:15,QH,54.69,57.53,52.82,58.5,77.6,30,54.57,73.99,-19.3
2026-01-11T18:15:00Z,2026-01-11 18:15,2026-01-11 18:30,QH,65.5,67.4,61.54,69.23,114.1,36,65.33,69.48,-3.98
2026-01-11T18:30:00Z,2026-01-11 18:30,2026-01-11 18:45,QH,65.29,65.94,63.71,66.48,132.5,36,62.97,70.51,-5.22
2026-01-11T18:45:00Z,2026-01-11 18:45,2026-01-11 19:00,QH,60.64,60.72,58.94,58.9,161.8,28,58.82,77.33,-16.69
2026-01-11T19:00:00Z,2026-01-11 19:00,2026-01-11 19:15,QH,99.39,100.12,92.48,102.52,76.7,28,100.62,68.55,30.84
2026-01-11T19:15:00Z,2026-01-11 19:15,2026-01-11 19:30,QH,91.88,105.08,80.87,92.9,76.0,12,91.24,76.01,15.88
2026-01-11T19:30:00Z,2026-01-11 19:30,2026-01-11 19:45,QH,87.17,87.76,85.92,88.95,87.7,13,90.17,69.38,17.79
2026-01-11T19:45:00Z,2026-01-11 19:45,2026-01-11 20:00,QH,51.91,52.11,43.79,58.05,124.5,23,53.22,67.7,-15.79
2026-01-11T20:00:00Z,2026-01-11 20:00,2026-01-11 20:15,QH,47.87,50.95,47.17,52.09,105.2,43,50.16,38.62,9.25
2026-01-11T20:15:00Z,2026-01-11 20:15,2026-01-11 20:30,QH,48.03,51.15,47.53,49.8,61.1,12,46.47,37.29,10.74
2026-01-11T20:30:00Z,2026-01-11 20:30,2026-01-11 20:45,QH,39.07,39.22,32.56,36.99,50.1,6,38.06,42.63,-3.56
2026-01-11T20:45:00Z,2026-01-11 20:45,2026-01-11 21:00,QH,22.27,23.94,20.84,21.72,96.6,45,23.91,35.09,-12.83
2026-01-11T21:00:00Z,2026-01-11 21:00,2026-01-11 21:15,QH,19.59,23.84,16.42,19.74,124.7,18,21.4,44.79,-25.2
2026-01-11T21:15:00Z,2026-01-11 21:15,2026-01-11 21:30,QH,15.04,17.35,12.15,16.31,56.9,12,12.59,26.6,-11.56
2026-01-11T21:30:00Z,2026-01-11 21:30,2026-01-11 21:45,QH,44.14,48.72,42.51,48.26,98.8,25,43.91,45.65,-1.51
2026-01-11T21:45:00Z,2026-01-11 21:45,2026-01-11 22:00,QH,29.81,33.36,23.42,26.78,121.8,45,31.9,41.85,-12.04
2026-01-11T22:00:00Z,2026-01-11 22:00,2026-01-11 22:15,QH,38.49,44.49,33.47,37.57,73.2,27,39.18,30.11,8.38
2026-01-11T22:15:00Z,2026-01-11 22:15,2026-01-11 22:30,QH,46.87,50.06,40.88,44.07,103.2,14,48.41,30.17,16.7
2026-01-11T22:30:00Z,2026-01-11 22:30,2026-01-11 22:45,QH,56.31,59.06,55.2,56.78,67.7,8,53.84,36.27,20.04
2026-01-11T22:45:00Z,2026-01-11 22:45,2026-01-11 23:00,QH,25.38,32.78,18.17,21.26,53.1,7,26.17,40.96,-15.58
2026-01-11T23:00:00Z,2026-01-11 23:00,2026-01-11 23:15,QH,34.72,45.74,33.06,38.36,83.8,34,34.8,33.23,1.5
2026-01-11T23:15:00Z,2026-01-11 23:15,2026-01-11 23:30,QH,16.5,22.89,10.65,19.92,117.0,22,13.08,31.33,-14.83
2026-01-11T23:30:00Z,2026-01-11 23:30,2026-01-11 23:45,QH,44.29,49.16,35.67,46.69,67.0,31,43.95,36.41,7.88
2026-01-11T23:45:00Z,2026-01-11 23:45,2026-01-12 00:00,QH,49.84,52.94,48.61,57.31,41.6,9,51.23,36.22,13.63
2026-01-12T00:00:00Z,2026-01-12 00:00,2026-01-12 00:15,QH,31.88,34.29,31.44,30.49,60.9,22,30.67,55.9,-24.02
2026-01-12T00:15:00Z,2026-01-12 00:15,2026-01-12 00:30,QH,45.75,54.63,44.77,46.87,45.6,9,46.47,50.13,-4.38
2026-01-12T00:30:00Z,2026-01-12 00:30,2026-01-12 00:45,QH,79.18,86.57,77.11,75.71,141.8,19,81.35,53.54,25.64
2026-01-12T00:45:00Z,2026-01-12 00:45,2026-01-12 01:00,QH,43.09,52.39,40.79,44.21,67.2,10,43.54,51.21,-8.12
2026-01-12T01:00:00Z,2026-01-12 01:00,2026-01-12 01:15,QH,46.69,49.77,46.58,39.25,123.5,32,49.95,58.35,-11.66
2026-01-12T01:15:00Z,2026-01-12 01:15,2026-01-12 01:30,QH,60.07,60.43,60.0,57.16,102.8,16,56.61,53.72,6.35
2026-01-12T01:30:00Z,2026-01-12 01:30,2026-01-12 01:45,QH,57.86,58.57,53.68,63.39,89.6,18,55.68,61.23,-3.37
2026-01-12T01:45:00Z,2026-01-12 01:45,2026-01-12 02:00,QH,75.26,81.18,69.72,75.93,48.0,16,72.92,64.89,10.37
2026-01-12T02:00:00Z,2026-01-12 02:00,2026-01-12 02:15,QH,37.26,44.86,34.12,39.35,115.1,27,36.67,55.29,-18.03
2026-01-12T02:15:00Z,2026-01-12 02:15,2026-01-12 02:30,QH,50.91,54.09,45.6,50.55,94.4,19,52.79,51.95,-1.04
2026-01-12T02:30:00Z,2026-01-12 02:30,2026-01-12 02:45,QH,65.48,71.5,52.41,64.79,112.3,18,64.02,60.74,4.74
2026-01-12T02:45:00Z,2026-01-12 02:45,2026-01-12 03:00,QH,61.85,62.51,59.93,63.57,40.8,17,61.67,52.55,9.3
2026-01-12T03:00:00Z,2026-01-12 03:00,2026-01-12 03:15,QH,62.17,65.64,61.02,64.37,95.7,23,62.38,64.57,-2.4
2026-01-12T03:15:00Z,2026-01-12 03:15,2026-01-12 03:30,QH,60.43,61.86,54.96,63.03,96.6,37,62.11,55.63,4.8
2026-01-12T03:30:00Z,2026-01-12 03:30,2026-01-12 03:45,QH,56.29,58.59,53.81,57.31,77.8,27,58.77,54.47,1.82
2026-01-12T03:45:00Z,2026-01-12 03:45,2026-01-12 04:00,QH,52.67,54.4,48.25,50.19,37.9,16,50.52,49.31,3.35
2026-01-12T04:00:00Z,2026-01-12 04:00,2026-01-12 04:15,QH,94.3,94.87,89.41,91.34,86.4,13,91.49,58.17,36.13
2026-01-12T04:15:00Z,2026-01-12 04:15,2026-01-12 04:30,QH,50.33,58.97,47.8,47.14,104.8,29,50.3,56.14,-5.81
2026-01-12T04:30:00Z,2026-01-12 04:30,2026-01-12 04:45,QH,68.57,69.22,64.48,73.99,62.9,11,68.36,53.48,15.08
2026-01-12T04:45:00Z,2026-01-12 04:45,2026-01-12 05:00,QH,62.32,67.8,61.32,61.81,150.1,35,63.23,56.11,6.21
2026-01-12T05:00:00Z,2026-01-12 05:00,2026-01-12 05:15,QH,62.91,63.34,62.38,62.6,72.2,10,61.1,63.84,-0.93
2026-01-12T05:15:00Z,2026-01-12 05:15,2026-01-12 05:30,QH,82.57,85.92,79.37,83.61,153.9,24,82.55,58.8,23.77
2026-01-12T05:30:00Z,2026-01-12 05:30,2026-01-12 05:45,QH,58.78,59.31,54.79,56.8,98.1,34,58.96,49.0,9.78
2026-01-12T05:45:00Z,2026-01-12 05:45,2026-01-12 06:00,QH,51.83,54.07,50.61,58.87,51.4,20,53.13,62.52,-10.69
2026-01-12T06:00:00Z,2026-01-12 06:00,2026-01-12 06:15,QH,56.13,63.99,55.74,55.9,81.7,13,57.64,48.45,7.68
2026-01-12T06:15:00Z,2026-01-12 06:15,2026-01-12 06:30,QH,42.63,43.3,42.04,41.61,81.9,11,40.59,57.17,-14.54
2026-01-12T06:30:00Z,2026-01-12 06:30,2026-01-12 06:45,QH,57.09,58.35,55.6,56.82,81.5,15,59.15,51.11,5.98
2026-01-12T06:45:00Z,2026-01-12 06:45,2026-01-12 07:00,QH,30.75,35.29,16.87,38.03,53.7,14,32.21,61.25,-30.5
2026-01-12T07:00:00Z,2026-01-12 07:00,2026-01-12 07:15,QH,92.44,99.97,71.81,92.12,87.9,22,91.97,87.06,5.37
2026-01-12T07:15:00Z,2026-01-12 07:15,2026-01-12 07:30,QH,92.88,96.2,92.27,92.99,123.7,20,92.66,83.23,9.65
2026-01-12T07:30:00Z,2026-01-12 07:30,2026-01-12 07:45,QH,102.14,112.36,97.05,103.8,90.1,20,97.64,94.54,7.6
2026-01-12T07:45:00Z,2026-01-12 07:45,2026-01-12 08:00,QH,111.5,114.3,107.49,110.78,80.4,29,110.82,91.97,19.52
2026-01-12T08:00:00Z,2026-01-12 08:00,2026-01-12 08:15,QH,120.63,134.63,107.92,122.94,75.5,12,120.5,87.88,32.76
2026-01-12T08:15:00Z,2026-01-12 08:15,2026-01-12 08:30,QH,77.07,79.54,72.86,74.47,34.3,8,81.38,86.4,-9.33
2026-01-12T08:30:00Z,2026-01-12 08:30,2026-01-12 08:45,QH,91.02,95.7,86.85,87.5,119.1,27,91.77,91.8,-0.78
2026-01-12T08:45:00Z,2026-01-12 08:45,2026-01-12 09:00,QH,86.66,95.69,77.87,90.63,109.6,27,84.97,90.58,-3.92
2026-01-12T09:00:00Z,2026-01-12 09:00,2026-01-12 09:15,QH,92.39,103.88,85.83,92.37,60.9,28,95.27,94.2,-1.8
2026-01-12T09:15:00Z,2026-01-12 09:15,2026-01-12 09:30,QH,96.65,100.73,90.35,94.26,111.2,31,93.66,94.58,2.07
2026-01-12T09:30:00Z,2026-01-12 09:30,2026-01-12 09:45,QH,92.45,93.54,88.07,90.04,10,3,90.18,97.02,-4.57
2026-01-12T09:45:00Z,2026-01-12 09:45,2026-01-12 10:00,QH,99.39,107.39,97.31,96.67,82.8,36,99.08,107.04,-7.64
2026-01-12T10:00:00Z,2026-01-12 10:00,2026-01-12 10:15,QH,95.47,101.04,95.43,98.51,33.6,6,96.7,99.81,-4.33
2026-01-12T10:15:00Z,2026-01-12 10:15,2026-01-12 10:30,QH,95.44,101.36,93.64,100.04,94.2,30,98.13,106.5,-11.07
2026-01-12T10:30:00Z,2026-01-12 10:30,2026-01-12 10:45,QH,77.5,81.49,76.61,80.22,102.5,39,75.09,100.22,-22.72
2026-01-12T10:45:00Z,2026-01-12 10:45,2026-01-12 11:00,QH,92.63,98.53,86.9,87.95,55.8,15,91.28,98.82,-6.19
2026-01-12T11:00:00Z,2026-01-12 11:00,2026-01-12 11:15,QH,94.18,98.67,93.4,97.99,106.3,15,95.42,97.52,-3.33
2026-01-12T11:15:00Z,2026-01-12 11:15,2026-01-12 11:30,QH,76.2,86.66,74.13,72.81,52.4,16,75.96,94.28,-18.08
2026-01-12T11:30:00Z,2026-01-12 11:30,2026-01-12 11:45,QH,100.72,102.11,100.39,99.6,113.2,36,105.23,101.72,-1.0
2026-01-12T11:45:00Z,2026-01-12 11:45,2026-01-12 12:00,QH,106.68,116.78,97.2,107.34,72.6,35,106.57,98.53,8.15
2026-01-12T12:00:00Z,2026-01-12 12:00,2026-01-12 12:15,QH,111.27,113.09,108.83,113.45,57.5,12,105.97,100.36,10.9
2026-01-12T12:15:00Z,2026-01-12 12:15,2026-01-12 12:30,QH,84.77,86.27,78.28,85.97,83.0,17,82.72,102.38,-17.61
2026-01-12T12:30:00Z,2026-01-12 12:30,2026-01-12 12:45,QH,97.92,100.73,96.08,96.36,22.9,4,98.4,99.02,-1.1
2026-01-12T12:45:00Z,2026-01-12 12:45,2026-01-12 13:00,QH,75.67,79.0,74.97,79.54,96.9,17,76.01,106.84,-31.16
2026-01-12T13:00:00Z,2026-01-12 13:00,2026-01-12 13:15,QH,91.52,97.92,81.96,90.59,76.5,36,86.13,85.59,5.93
2026-01-12T13:15:00Z,2026-01-12 13:15,2026-01-12 13:30,QH,28.97,32.08,16.15,27.56,59.7,7,28.06,100.4,-71.43
2026-01-12T13:30:00Z,2026-01-12 13:30,2026-01-12 13:45,QH,113.95,116.95,112.15,115.52,103.5,28,112.85,101.04,12.91
2026-01-12T13:45:00Z,2026-01-12 13:45,2026-01-12 14:00,QH,108.8,109.16,106.94,105.21,93.1,25,105.63,105.06,3.74
2026-01-12T14:00:00Z,2026-01-12 14:00,2026-01-12 14:15,QH,97.65,107.75,97.32,100.86,97.6,22,94.53,99.06,-1.41
2026-01-12T14:15:00Z,2026-01-12 14:15,2026-01-12 14:30,QH,109.7,115.77,107.02,108.15,87.5,17,109.2,95.53,14.17
2026-01-12T14:30:00Z,2026-01-12 14:30,2026-01-12 14:45,QH,130.53,132.64,128.34,128.09,92.6,13,130.13,101.4,29.13
2026-01-12T14:45:00Z,2026-01-12 14:45,2026-01-12 15:00,QH,89.34,90.15,82.73,87.2,37.8,4,88.64,99.55,-10.21
2026-01-12T15:00:00Z,2026-01-12 15:00,2026-01-12 15:15,QH,113.72,130.97,110.31,112.07,103.4,20,112.91,102.02,11.7
2026-01-12T15:15:00Z,2026-01-12 15:15,2026-01-12 15:30,QH,89.65,94.7,85.16,87.18,138.9,28,93.0,106.75,-17.1
2026-01-12T15:30:00Z,2026-01-12 15:30,2026-01-12 15:45,QH,121.68,127.83,110.83,125.32,115.4,42,121.6,100.2,21.48
2026-01-12T15:45:00Z,2026-01-12 15:45,2026-01-12 16:00,QH,103.25,104.69,100.94,108.16,79.6,16,104.01,111.69,-8.44
2026-01-12T16:00:00Z,2026-01-12 16:00,2026-01-12 16:15,QH,112.06,117.84,109.99,113.23,40.2,10,111.5,93.71,18.35
2026-01-12T16:15:00Z,2026-01-12 16:15,2026-01-12 16:30,QH,75.3,85.5,75.22,72.68,60.0,26,74.95,104.66,-29.37
2026-01-12T16:30:00Z,2026-01-12 16:30,2026-01-12 16:45,QH,75.24,77.82,74.68,76.22,105.2,27,73.81,96.45,-21.2
2026-01-12T16:45:00Z,2026-01-12 16:45,2026-01-12 17:00,QH,95.75,95.96,92.1,95.91,50.2,6,96.65,97.47,-1.72
2026-01-12T17:00:00Z,2026-01-12 17:00,2026-01-12 17:15,QH,90.96,91.35,89.68,94.27,126.6,29,91.83,93.42,-2.47
2026-01-12T17:15:00Z,2026-01-12 17:15,2026-01-12 17:30,QH,81.34,84.48,81.02,80.0,138.9,30,83.31,102.28,-20.95
2026-01-12T17:30:00Z,2026-01-12 17:30,2026-01-12 17:45,QH,82.5,86.55,81.39,80.77,147.4,19,84.61,97.79,-15.29
2026-01-12T17:45:00Z,2026-01-12 17:45,2026-01-12 18:00,QH,103.99,106.74,101.14,101.66,41.0,7,104.26,92.39,11.6
2026-01-12T18:00:00Z,2026-01-12 18:00,2026-01-12 18:15,QH,65.67,69.29,59.39,67.08,74.3,16,63.2,83.4,-17.73
2026-01-12T18:15:00Z,2026-01-12 18:15,2026-01-12 18:30,QH,84.14,84.56,83.7,88.72,72.3,13,85.34,95.78,-11.64
2026-01-12T18:30:00Z,2026-01-12 18:30,2026-01-12 18:45,QH,113.11,117.41,111.15,112.55,84.1,12,113.82,97.97,15.14
2026-01-12T18:45:00Z,2026-01-12 18:45,2026-01-12 19:00,QH,84.67,88.93,77.84,82.08,65.0,29,82.02,86.47,-1.8
2026-01-12T19:00:00Z,2026-01-12 19:00,2026-01-12 19:15,QH,105.99,110.66,94.22,107.69,63.6,25,107.52,88.19,17.8
2026-01-12T19:15:00Z,2026-01-12 19:15,2026-01-12 19:30,QH,122.82,123.25,115.4,126.97,116.7,19,123.62,86.14,36.69
2026-01-12T19:30:00Z,2026-01-12 19:30,2026-01-12 19:45,QH,92.17,95.73,91.61,92.53,97.6,13,93.58,93.04,-0.87
2026-01-12T19:45:00Z,2026-01-12 19:45,2026-01-12 20:00,QH,80.46,82.01,78.54,77.66,125.6,22,84.27,97.79,-17.33
2026-01-12T20:00:00Z,2026-01-12 20:00,2026-01-12 20:15,QH,59.25,62.85,55.42,59.3,37.0,9,59.28,51.35,7.9
2026-01-12T20:15:00Z,2026-01-12 20:15,2026-01-12 20:30,QH,50.19,51.59,44.67,51.06,116.2,21,50.51,52.59,-2.4
2026-01-12T20:30:00Z,2026-01-12 20:30,2026-01-12 20:45,QH,47.37,47.61,46.25,51.7,39.2,7,45.94,48.66,-1.29
2026-01-12T20:45:00Z,2026-01-12 20:45,2026-01-12 21:00,QH,54.85,58.08,50.66,55.41,106.0,50,54.54,55.44,-0.6
2026-01-12T21:00:00Z,2026-01-12 21:00,2026-01-12 21:15,QH,46.95,50.69,39.69,48.75,30.0,6,51.77,57.15,-10.2
2026-01-12T21:15:00Z,2026-01-12 21:15,2026-01-12 21:30,QH,46.58,54.57,36.78,45.99,78.2,16,46.74,55.67,-9.09
2026-01-12T21:30:00Z,2026-01-12 21:30,2026-01-12 21:45,QH,55.88,56.13,49.49,54.4,96.2,17,56.27,54.21,1.68
2026-01-12T21:45:00Z,2026-01-12 21:45,2026-01-12 22:00,QH,68.4,74.79,63.33,67.86,62.2,7,70.38,68.29,0.11
2026-01-12T22:00:00Z,2026-01-12 22:00,2026-01-12 22:15,QH,55.87,60.99,54.96,54.74,129.0,25,60.0,56.84,-0.97
2026-01-12T22:15:00Z,2026-01-12 22:15,2026-01-12 22:30,QH,67.68,70.01,66.26,68.75,79.8,32,66.81,49.78,17.9
2026-01-12T22:30:00Z,2026-01-12 22:30,2026-01-12 22:45,QH,51.88,57.43,47.63,52.45,57.8,26,53.31,49.98,1.9
2026-01-12T22:45:00Z,2026-01-12 22:45,2026-01-12 23:00,QH,47.27,50.51,38.58,44.42,85.6,28,48.14,48.37,-1.1
2026-01-12T23:00:00Z,2026-01-12 23:00,2026-01-12 23:15,QH,35.44,35.9,32.34,40.27,94.3,12,37.5,60.74,-25.31
2026-01-12T23:15:00Z,2026-01-12 23:15,2026-01-12 23:30,QH,84.5,85.15,84.49,85.3,83.6,13,84.85,50.77,33.72
2026-01-12T23:30:00Z,2026-01-12 23:30,2026-01-12 23:45,QH,59.11,63.74,56.17,60.37,58.2,11,60.22,58.37,0.74
2026-01-12T23:45:00Z,2026-01-12 23:45,2026-01-13 00:00,QH,51.46,53.04,49.56,52.27,74.6,9,49.52,54.82,-3.37
2026-01-13T00:00:00Z,2026-01-13 00:00,2026-01-13 00:15,QH,55.97,62.59,55.16,61.02,70.2,24,56.39,70.25,-14.27
2026-01-13T00:15:00Z,2026-01-13 00:15,2026-01-13 00:30,QH,53.9,59.12,50.85,56.87,56.4,7,55.82,65.65,-11.75
2026-01-13T00:30:00Z,2026-01-13 00:30,2026-01-13 00:45,QH,79.79,87.85,72.21,80.7,27.3,6,76.78,59.7,20.1
2026-01-13T00:45:00Z,2026-01-13 00:45,2026-01-13 01:00,QH,50.16,51.26,45.91,53.77,55.9,9,46.88,66.05,-15.89
2026-01-13T01:00:00Z,2026-01-13 01:00,2026-01-13 01:15,QH,70.02,70.52,67.36,69.47,114.8,25,70.86,65.09,4.93
2026-01-13T01:15:00Z,2026-01-13 01:15,2026-01-13 01:30,QH,79.23,84.01,67.32,74.2,130.3,16,76.77,53.09,26.14
2026-01-13T01:30:00Z,2026-01-13 01:30,2026-01-13 01:45,QH,59.42,60.09,53.24,56.88,101.3,21,58.67,67.07,-7.65
2026-01-13T01:45:00Z,2026-01-13 01:45,2026-01-13 02:00,QH,71.22,71.33,67.21,73.2,85.0,40,72.59,63.47,7.75
2026-01-13T02:00:00Z,2026-01-13 02:00,2026-01-13 02:15,QH,59.77,59.8,49.43,61.6,20.5,3,58.94,68.96,-9.19
2026-01-13T02:15:00Z,2026-01-13 02:15,2026-01-13 02:30,QH,69.62,72.23,67.15,65.73,47.8,6,69.95,60.93,8.69
2026-01-13T02:30:00Z,2026-01-13 02:30,2026-01-13 02:45,QH,63.03,68.71,58.03,61.02,127.0,19,58.92,68.88,-5.85
2026-01-13T02:45:00Z,2026-01-13 02:45,2026-01-13 03:00,QH,90.85,94.72,81.48,88.35,113.1,33,89.74,70.63,20.22
2026-01-13T03:00:00Z,2026-01-13 03:00,2026-01-13 03:15,QH,60.09,60.68,54.74,57.67,72.9,9,63.13,54.32,5.77
2026-01-13T03:15:00Z,2026-01-13 03:15,2026-01-13 03:30,QH,59.42,61.18,53.39,51.71,56.5,23,60.15,71.4,-11.98
2026-01-13T03:30:00Z,2026-01-13 03:30,2026-01-13 03:45,QH,64.28,66.87,54.81,60.22,101.3,47,64.52,57.86,6.42
2026-01-13T03:45:00Z,2026-01-13 03:45,2026-01-13 04:00,QH,64.24,64.9,57.54,68.67,107.8,13,62.26,63.24,1.0
2026-01-13T04:00:00Z,2026-01-13 04:00,2026-01-13 04:15,QH,52.46,55.9,47.15,56.49,111.2,34,52.95,68.98,-16.53
2026-01-13T04:15:00Z,2026-01-13 04:15,2026-01-13 04:30,QH,69.53,69.6,65.96,64.63,89.1,17,67.85,64.68,4.84
2026-01-13T04:30:00Z,2026-01-13 04:30,2026-01-13 04:45,QH,89.57,90.46,84.77,89.36,33.7,11,85.87,55.5,34.07
2026-01-13T04:45:00Z,2026-01-13 04:45,2026-01-13 05:00,QH,54.56,56.94,53.01,55.73,138.5,45,55.88,66.84,-12.28
2026-01-13T05:00:00Z,2026-01-13 05:00,2026-01-13 05:15,QH,53.44,56.74,49.76,54.29,76.5,10,51.79,76.72,-23.28
2026-01-13T05:15:00Z,2026-01-13 05:15,2026-01-13 05:30,QH,60.4,64.52,59.48,66.67,85.6,13,62.62,64.61,-4.21
2026-01-13T05:30:00Z,2026-01-13 05:30,2026-01-13 05:45,QH,87.62,98.11,82.19,90.31,61.7,11,85.03,69.45,18.17
2026-01-13T05:45:00Z,2026-01-13 05:45,2026-01-13 06:00,QH,59.01,64.94,58.96,58.92,90.9,13,61.44,66.06,-7.05
2026-01-13T06:00:00Z,2026-01-13 06:00,2026-01-13 06:15,QH,65.69,66.53,63.33,59.11,68.7,11,63.59,69.04,-3.34
2026-01-13T06:15:00Z,2026-01-13 06:15,2026-01-13 06:30,QH,53.27,56.4,45.13,48.14,106.6,14,56.98,65.71,-12.44
2026-01-13T06:30:00Z,2026-01-13 06:30,2026-01-13 06:45,QH,75.45,77.42,72.26,74.69,34.4,7,73.74,70.18,5.27
2026-01-13T06:45:00Z,2026-01-13 06:45,2026-01-13 07:00,QH,88.9,92.72,87.48,88.99,44.7,7,90.65,67.8,21.1
2026-01-13T07:00:00Z,2026-01-13 07:00,2026-01-13 07:15,QH,90.58,91.14,84.91,89.68,89.9,15,93.35,96.33,-5.75
2026-01-13T07:15:00Z,2026-01-13 07:15,2026-01-13 07:30,QH,105.35,114.75,97.68,104.42,50.1,10,105.59,101.53,3.83
2026-01-13T07:30:00Z,2026-01-13 07:30,2026-01-13 07:45,QH,88.93,89.97,87.45,87.25,78.6,23,86.79,97.98,-9.06
2026-01-13T07:45:00Z,2026-01-13 07:45,2026-01-13 08:00,QH,223.27,227.57,215.91,223.47,83.3,17,221.78,98.66,124.61
2026-01-13T08:00:00Z,2026-01-13 08:00,2026-01-13 08:15,QH,103.78,104.68,96.22,100.77,49.4,6,105.52,107.03,-3.25
2026-01-13T08:15:00Z,2026-01-13 08:15,2026-01-13 08:30,QH,110.19,110.2,107.9,107.53,125.2,18,112.36,97.35,12.84
2026-01-13T08:30:00Z,2026-01-13 08:30,2026-01-13 08:45,QH,107.98,111.47,103.33,101.65,153.1,29,108.56,103.97,4.01
2026-01-13T08:45:00Z,2026-01-13 08:45,2026-01-13 09:00,QH,107.11,110.02,101.34,106.15,43.5,16,107.96,98.91,8.2
2026-01-13T09:00:00Z,2026-01-13 09:00,2026-01-13 09:15,QH,92.63,98.72,85.78,91.15,130.8,21,93.08,105.93,-13.31
2026-01-13T09:15:00Z,2026-01-13 09:15,2026-01-13 09:30,QH,98.74,104.49,97.16,96.71,85.2,14,93.81,102.28,-3.54
2026-01-13T09:30:00Z,2026-01-13 09:30,2026-01-13 09:45,QH,88.28,89.29,86.92,85.07,71.1,8,88.24,104.82,-16.54
2026-01-13T09:45:00Z,2026-01-13 09:45,2026-01-13 10:00,QH,115.28,119.25,110.46,114.81,50.6,11,115.14,117.51,-2.24
2026-01-13T10:00:00Z,2026-01-13 10:00,2026-01-13 10:15,QH,99.91,103.81,92.17,97.5,12.6,3,97.64,104.55,-4.64
2026-01-13T10:15:00Z,2026-01-13 10:15,2026-01-13 10:30,QH,121.95,125.14,111.85,120.53,101.6,14,120.39,103.48,18.47
2026-01-13T10:30:00Z,2026-01-13 10:30,2026-01-13 10:45,QH,95.27,100.76,90.15,96.66,22.5,7,96.54,103.72,-8.44
2026-01-13T10:45:00Z,2026-01-13 10:45,2026-01-13 11:00,QH,94.39,95.49,87.96,97.51,73.1,9,95.13,105.32,-10.92
2026-01-13T11:00:00Z,2026-01-13 11:00,2026-01-13 11:15,QH,97.18,98.61,91.32,91.88,108.7,26,94.9,108.7,-11.51
2026-01-13T11:15:00Z,2026-01-13 11:15,2026-01-13 11:30,QH,74.12,78.8,71.11,78.62,109.2,23,77.03,108.24,-34.12
2026-01-13T11:30:00Z,2026-01-13 11:30,2026-01-13 11:45,QH,90.55,91.86,90.45,92.92,124.6,26,88.31,107.11,-16.56
2026-01-13T11:45:00Z,2026-01-13 11:45,2026-01-13 12:00,QH,101.21,101.74,98.43,98.1,75.9,10,103.01,109.21,-8.01
2026-01-13T12:00:00Z,2026-01-13 12:00,2026-01-13 12:15,QH,157.08,161.7,154.33,159.65,153.8,40,155.96,110.07,47.0
2026-01-13T12:15:00Z,2026-01-13 12:15,2026-01-13 12:30,QH,91.22,94.98,86.47,89.18,142.2,41,95.0,111.51,-20.29
2026-01-13T12:30:00Z,2026-01-13 12:30,2026-01-13 12:45,QH,132.28,132.77,131.35,132.02,71.7,11,127.69,104.94,27.34
2026-01-13T12:45:00Z,2026-01-13 12:45,2026-01-13 13:00,QH,101.69,104.77,97.19,98.63,89.6,13,103.07,111.81,-10.12
2026-01-13T13:00:00Z,2026-01-13 13:00,2026-01-13 13:15,QH,112.73,117.92,111.72,109.87,29.0,3,114.14,105.39,7.35
2026-01-13T13:15:00Z,2026-01-13 13:15,2026-01-13 13:30,QH,102.64,112.0,99.41,101.92,109.1,25,99.83,119.59,-16.95
2026-01-13T13:30:00Z,2026-01-13 13:30,2026-01-13 13:45,QH,111.06,112.64,106.35,109.69,86.8,27,109.84,105.73,5.32
2026-01-13T13:45:00Z,2026-01-13 13:45,2026-01-13 14:00,QH,129.8,130.46,121.13,129.94,108.6,14,131.33,106.91,22.89
2026-01-13T14:00:00Z,2026-01-13 14:00,2026-01-13 14:15,QH,27.57,28.42,25.05,30.42,132.7,46,28.4,115.53,-87.96
2026-01-13T14:15:00Z,2026-01-13 14:15,2026-01-13 14:30,QH,103.02,108.05,102.39,99.78,67.4,22,103.18,104.96,-1.94
2026-01-13T14:30:00Z,2026-01-13 14:30,2026-01-13 14:45,QH,117.41,127.45,109.42,117.67,71.8,10,117.47,112.23,5.18
2026-01-13T14:45:00Z,2026-01-13 14:45,2026-01-13 15:00,QH,116.24,120.37,113.71,119.27,83.2,26,119.47,98.67,17.56
2026-01-13T15:00:00Z,2026-01-13 15:00,2026-01-13 15:15,QH,96.09,98.47,86.3,93.9,77.7,14,97.83,108.42,-12.33
2026-01-13T15:15:00Z,2026-01-13 15:15,2026-01-13 15:30,QH,100.57,104.45,96.47,99.08,106.8,42,95.43,108.96,-8.39
2026-01-13T15:30:00Z,2026-01-13 15:30,2026-01-13 15:45,QH,118.72,127.04,117.75,120.65,135.1,32,117.71,110.14,8.58
2026-01-13T15:45:00Z,2026-01-13 15:45,2026-01-13 16:00,QH,146.01,153.19,144.06,146.02,73.4,9,146.23,99.74,46.27
2026-01-13T16:00:00Z,2026-01-13 16:00,2026-01-13 16:15,QH,107.84,110.66,105.41,108.24,82.3,22,109.99,117.19,-9.35
2026-01-13T16:15:00Z,2026-01-13 16:15,2026-01-13 16:30,QH,113.03,118.98,109.37,111.73,47.6,17,114.77,106.25,6.78
2026-01-13T16:30:00Z,2026-01-13 16:30,2026-01-13 16:45,QH,90.82,94.97,89.78,91.8,59.8,10,91.89,115.34,-24.52
2026-01-13T16:45:00Z,2026-01-13 16:45,2026-01-13 17:00,QH,112.78,123.4,111.07,109.77,119.3,56,117.3,95.22,17.56
2026-01-13T17:00:00Z,2026-01-13 17:00,2026-01-13 17:15,QH,117.03,123.93,110.17,117.98,68.9,15,121.1,98.6,18.43
2026-01-13T17:15:00Z,2026-01-13 17:15,2026-01-13 17:30,QH,97.01,104.15,95.04,103.08,95.7,16,99.08,103.93,-6.92
2026-01-13T17:30:00Z,2026-01-13 17:30,2026-01-13 17:45,QH,93.15,97.76,80.97,90.43,106.8,15,91.46,112.02,-18.87
2026-01-13T17:45:00Z,2026-01-13 17:45,2026-01-13 18:00,QH,95.03,103.73,94.52,95.8,110.2,19,96.03,109.18,-14.14
2026-01-13T18:00:00Z,2026-01-13 18:00,2026-01-13 18:15,QH,87.22,88.4,86.02,80.97,46.6,6,82.12,103.26,-16.03
2026-01-13T18:15:00Z,2026-01-13 18:15,2026-01-13 18:30,QH,125.41,126.52,121.22,122.25,72.4,21,123.6,101.57,23.84
2026-01-13T18:30:00Z,2026-01-13 18:30,2026-01-13 18:45,QH,106.89,109.43,101.24,109.29,92.6,24,108.02,103.25,3.65
2026-01-13T18:45:00Z,2026-01-13 18:45,2026-01-13 19:00,QH,102.07,108.07,101.24,102.62,114.0,19,101.91,104.35,-2.28
2026-01-13T19:00:00Z,2026-01-13 19:00,2026-01-13 19:15,QH,95.44,99.42,89.38,93.22,95.9,14,96.46,95.13,0.31
2026-01-13T19:15:00Z,2026-01-13 19:15,2026-01-13 19:30,QH,116.3,121.11,115.73,118.78,117.8,37,114.32,93.44,22.86
2026-01-13T19:30:00Z,2026-01-13 19:30,2026-01-13 19:45,QH,122.92,126.61,120.7,125.71,58.1,11,123.64,101.82,21.1
2026-01-13T19:45:00Z,2026-01-13 19:45,2026-01-13 20:00,QH,127.91,128.69,124.62,125.23,43.6,21,126.36,97.83,30.08
2026-01-13T20:00:00Z,2026-01-13 20:00,2026-01-13 20:15,QH,61.72,62.09,59.07,63.52,107.5,21,62.82,62.72,-1.0
2026-01-13T20:15:00Z,2026-01-13 20:15,2026-01-13 20:30,QH,49.22,49.78,45.71,47.73,71.6,22,48.68,60.01,-10.79
2026-01-13T20:30:00Z,2026-01-13 20:30,2026-01-13 20:45,QH,69.11,70.31,64.75,63.83,135.6,31,69.68,63.7,5.41
2026-01-13T20:45:00Z,2026-01-13 20:45,2026-01-13 21:00,QH,59.15,67.13,58.31,58.81,42.0,6,59.0,61.63,-2.48
2026-01-13T21:00:00Z,2026-01-13 21:00,2026-01-13 21:15,QH,76.04,80.77,73.95,72.64,142.9,21,78.25,51.33,24.71
2026-01-13T21:15:00Z,2026-01-13 21:15,2026-01-13 21:30,QH,54.4,56.44,48.57,55.57,99.2,42,55.25,66.38,-11.97
2026-01-13T21:30:00Z,2026-01-13 21:30,2026-01-13 21:45,QH,60.43,66.2,59.76,68.83,146.7,72,61.78,63.0,-2.57
2026-01-13T21:45:00Z,2026-01-13 21:45,2026-01-13 22:00,QH,56.29,60.88,53.27,58.53,77.8,14,53.91,74.59,-18.31
2026-01-13T22:00:00Z,2026-01-13 22:00,2026-01-13 22:15,QH,83.23,85.28,77.82,85.12,90.5,17,80.42,60.49,22.74
2026-01-13T22:15:00Z,2026-01-13 22:15,2026-01-13 22:30,QH,65.81,76.24,65.22,67.59,45.4,9,64.9,57.45,8.36
2026-01-13T22:30:00Z,2026-01-13 22:30,2026-01-13 22:45,QH,69.25,74.66,59.38,72.03,66.8,12,69.39,68.43,0.82
2026-01-13T22:45:00Z,2026-01-13 22:45,2026-01-13 23:00,QH,75.36,84.58,71.23,75.38,108.8,25,72.31,68.03,7.33
2026-01-13T23:00:00Z,2026-01-13 23:00,2026-01-13 23:15,QH,72.15,78.15,60.94,75.86,95.2,14,70.86,63.78,8.37
2026-01-13T23:15:00Z,2026-01-13 23:15,2026-01-13 23:30,QH,58.77,62.74,56.56,64.12,121.4,17,58.03,66.14,-7.37
2026-01-13T23:30:00Z,2026-01-13 23:30,2026-01-13 23:45,QH,57.38,59.21,53.99,57.13,90.4,11,56.43,66.84,-9.46
2026-01-13T23:45:00Z,2026-01-13 23:45,2026-01-14 00:00,QH,64.35,66.0,63.84,63.65,129.8,21,63.86,58.25,6.1
2026-01-14T00:00:00Z,2026-01-14 00:00,2026-01-14 00:15,QH,51.37,55.7,49.99,44.72,49.8,6,56.18,47.59,3.78
2026-01-14T00:15:00Z,2026-01-14 00:15,2026-01-14 00:30,QH,43.57,49.93,41.81,44.87,121.9,29,45.19,54.11,-10.54
2026-01-14T00:30:00Z,2026-01-14 00:30,2026-01-14 00:45,QH,44.46,47.09,38.52,49.38,77.6,9,45.02,46.49,-2.03
2026-01-14T00:45:00Z,2026-01-14 00:45,2026-01-14 01:00,QH,67.22,72.28,66.72,73.48,89.5,26,68.15,48.57,18.65
2026-01-14T01:00:00Z,2026-01-14 01:00,2026-01-14 01:15,QH,37.94,39.26,33.32,39.13,53.2,12,35.91,46.83,-8.88
2026-01-14T01:15:00Z,2026-01-14 01:15,2026-01-14 01:30,QH,42.3,51.66,39.38,40.66,80.1,12,45.51,44.33,-2.03
2026-01-14T01:30:00Z,2026-01-14 01:30,2026-01-14 01:45,QH,49.88,53.91,47.18,54.55,50.9,8,50.09,52.16,-2.28
2026-01-14T01:45:00Z,2026-01-14 01:45,2026-01-14 02:00,QH,46.32,51.9,39.14,45.23,110.5,14,48.49,49.75,-3.43
2026-01-14T02:00:00Z,2026-01-14 02:00,2026-01-14 02:15,QH,61.18,62.57,54.23,59.27,32.2,4,62.11,55.15,6.03
2026-01-14T02:15:00Z,2026-01-14 02:15,2026-01-14 02:30,QH,60.1,63.41,59.02,52.96,76.3,16,60.18,43.24,16.86
2026-01-14T02:30:00Z,2026-01-14 02:30,2026-01-14 02:45,QH,41.5,42.42,36.99,40.75,62.0,19,41.63,51.14,-9.64
2026-01-14T02:45:00Z,2026-01-14 02:45,2026-01-14 03:00,QH,73.0,85.81,70.62,70.51,31.5,5,72.88,49.08,23.92
2026-01-14T03:00:00Z,2026-01-14 03:00,2026-01-14 03:15,QH,37.11,37.59,34.55,38.29,101.5,19,37.95,49.57,-12.46
2026-01-14T03:15:00Z,2026-01-14 03:15,2026-01-14 03:30,QH,31.76,46.45,29.92,31.08,88.7,12,30.58,53.71,-21.95
2026-01-14T03:30:00Z,2026-01-14 03:30,2026-01-14 03:45,QH,53.22,62.42,46.81,55.6,62.3,29,52.61,37.17,16.05
2026-01-14T03:45:00Z,2026-01-14 03:45,2026-01-14 04:00,QH,54.75,58.23,49.38,57.46,74.6,15,55.57,54.26,0.49
2026-01-14T04:00:00Z,2026-01-14 04:00,2026-01-14 04:15,QH,55.27,56.57,45.62,54.61,10,3,52.4,55.09,0.19
2026-01-14T04:15:00Z,2026-01-14 04:15,2026-01-14 04:30,QH,29.31,37.67,22.39,29.9,138.9,20,32.35,51.38,-22.07
2026-01-14T04:30:00Z,2026-01-14 04:30,2026-01-14 04:45,QH,52.82,54.79,49.52,51.37,109.1,26,49.46,49.12,3.7
2026-01-14T04:45:00Z,2026-01-14 04:45,2026-01-14 05:00,QH,38.28,39.26,33.53,37.53,94.0,19,35.26,50.16,-11.88
2026-01-14T05:00:00Z,2026-01-14 05:00,2026-01-14 05:15,QH,49.06,63.51,43.05,51.32,119.6,17,48.08,51.17,-2.11
2026-01-14T05:15:00Z,2026-01-14 05:15,2026-01-14 05:30,QH,41.62,45.39,41.49,41.92,17.1,3,39.02,50.61,-8.99
2026-01-14T05:30:00Z,2026-01-14 05:30,2026-01-14 05:45,QH,48.26,48.88,47.3,46.72,60.2,21,49.68,59.37,-11.11
2026-01-14T05:45:00Z,2026-01-14 05:45,2026-01-14 06:00,QH,45.43,49.14,42.89,45.83,93.1,15,43.43,40.03,5.39
2026-01-14T06:00:00Z,2026-01-14 06:00,2026-01-14 06:15,QH,46.91,49.68,43.36,43.15,121.5,18,47.16,48.67,-1.76
2026-01-14T06:15:00Z,2026-01-14 06:15,2026-01-14 06:30,QH,53.3,56.95,50.94,49.92,105.3,15,53.94,54.81,-1.51
2026-01-14T06:30:00Z,2026-01-14 06:30,2026-01-14 06:45,QH,51.39,51.49,47.81,49.12,111.8,32,51.88,51.03,0.36
2026-01-14T06:45:00Z,2026-01-14 06:45,2026-01-14 07:00,QH,37.08,39.79,33.21,38.6,46.4,15,33.66,47.17,-10.09
2026-01-14T07:00:00Z,2026-01-14 07:00,2026-01-14 07:15,QH,85.58,92.29,82.23,91.3,92.4,22,88.01,85.78,-0.2
2026-01-14T07:15:00Z,2026-01-14 07:15,2026-01-14 07:30,QH,91.46,92.05,86.63,89.26,101.9,25,88.27,84.08,7.38
2026-01-14T07:30:00Z,2026-01-14 07:30,2026-01-14 07:45,QH,95.58,95.84,84.49,89.44,169.3,29,97.61,76.8,18.79
2026-01-14T07:45:00Z,2026-01-14 07:45,2026-01-14 08:00,QH,80.41,84.37,73.8,82.97,98.4,13,81.12,83.8,-3.38
2026-01-14T08:00:00Z,2026-01-14 08:00,2026-01-14 08:15,QH,96.6,98.17,92.78,96.95,95.9,14,96.31,90.98,5.62
2026-01-14T08:15:00Z,2026-01-14 08:15,2026-01-14 08:30,QH,88.29,99.66,87.93,88.49,140.4,31,90.69,78.11,10.18
2026-01-14T08:30:00Z,2026-01-14 08:30,2026-01-14 08:45,QH,97.11,97.78,91.89,98.38,66.9,11,93.82,78.6,18.51
2026-01-14T08:45:00Z,2026-01-14 08:45,2026-01-14 09:00,QH,91.79,98.7,87.66,97.58,38.0,4,89.7,86.7,5.09
2026-01-14T09:00:00Z,2026-01-14 09:00,2026-01-14 09:15,QH,117.22,123.31,114.43,117.18,103.5,27,115.83,88.62,28.6
2026-01-14T09:15:00Z,2026-01-14 09:15,2026-01-14 09:30,QH,95.56,98.63,92.74,97.24,78.8,11,94.4,88.69,6.87
2026-01-14T09:30:00Z,2026-01-14 09:30,2026-01-14 09:45,QH,93.86,94.76,83.02,93.09,77.6,20,91.62,91.29,2.57
2026-01-14T09:45:00Z,2026-01-14 09:45,2026-01-14 10:00,QH,99.53,101.86,98.21,98.87,85.4,16,99.83,80.12,19.41
2026-01-14T10:00:00Z,2026-01-14 10:00,2026-01-14 10:15,QH,91.25,93.79,82.11,89.92,103.3,24,90.62,90.5,0.75
2026-01-14T10:15:00Z,2026-01-14 10:15,2026-01-14 10:30,QH,130.79,133.82,129.8,124.77,29.8,4,129.4,98.89,31.9
2026-01-14T10:30:00Z,2026-01-14 10:30,2026-01-14 10:45,QH,100.02,102.32,96.1,96.41,86.6,24,101.58,96.4,3.62
2026-01-14T10:45:00Z,2026-01-14 10:45,2026-01-14 11:00,QH,90.38,92.0,90.31,94.79,76.7,11,90.38,90.97,-0.59
2026-01-14T11:00:00Z,2026-01-14 11:00,2026-01-14 11:15,QH,126.37,137.0,120.49,129.29,68.0,8,125.46,99.71,26.66
2026-01-14T11:15:00Z,2026-01-14 11:15,2026-01-14 11:30,QH,96.85,96.95,90.37,91.26,65.3,32,98.68,86.4,10.45
2026-01-14T11:30:00Z,2026-01-14 11:30,2026-01-14 11:45,QH,86.3,91.36,84.34,82.32,101.2,27,86.32,90.11,-3.81
2026-01-14T11:45:00Z,2026-01-14 11:45,2026-01-14 12:00,QH,107.91,112.02,106.43,103.65,52.5,8,103.79,93.1,14.8
2026-01-14T12:00:00Z,2026-01-14 12:00,2026-01-14 12:15,QH,101.26,107.29,91.99,102.52,76.7,23,101.34,96.38,4.88
2026-01-14T12:15:00Z,2026-01-14 12:15,2026-01-14 12:30,QH,99.7,108.37,99.03,96.55,92.5,23,101.35,102.22,-2.53
2026-01-14T12:30:00Z,2026-01-14 12:30,2026-01-14 12:45,QH,89.63,100.56,88.83,86.39,107.8,40,90.62,100.98,-11.35
2026-01-14T12:45:00Z,2026-01-14 12:45,2026-01-14 13:00,QH,78.45,85.85,74.5,83.45,104.1,15,77.77,89.93,-11.48
2026-01-14T13:00:00Z,2026-01-14 13:00,2026-01-14 13:15,QH,63.21,67.06,62.29,67.55,119.9,52,57.74,100.15,-36.94
2026-01-14T13:15:00Z,2026-01-14 13:15,2026-01-14 13:30,QH,92.84,94.2,85.67,98.94,114.6,54,90.94,93.19,-0.35
2026-01-14T13:30:00Z,2026-01-14 13:30,2026-01-14 13:45,QH,99.29,102.2,95.78,104.62,10,3,100.75,94.06,5.23
2026-01-14T13:45:00Z,2026-01-14 13:45,2026-01-14 14:00,QH,109.25,110.23,103.2,108.52,118.9,41,110.31,95.73,13.52
2026-01-14T14:00:00Z,2026-01-14 14:00,2026-01-14 14:15,QH,105.22,107.56,95.03,106.51,111.6,20,101.94,90.78,14.44
2026-01-14T14:15:00Z,2026-01-14 14:15,2026-01-14 14:30,QH,108.9,116.1,100.88,108.78,75.0,20,107.28,88.23,20.67
2026-01-14T14:30:00Z,2026-01-14 14:30,2026-01-14 14:45,QH,113.74,117.26,110.48,116.46,87.6,13,113.3,90.66,23.07
2026-01-14T14:45:00Z,2026-01-14 14:45,2026-01-14 15:00,QH,102.46,112.93,101.1,100.88,124.3,47,101.06,93.2,9.26
2026-01-14T15:00:00Z,2026-01-14 15:00,2026-01-14 15:15,QH,103.54,107.84,103.48,106.62,93.5,18,102.27,95.22,8.33
2026-01-14T15:15:00Z,2026-01-14 15:15,2026-01-14 15:30,QH,37.35,42.59,32.14,37.13,115.0,15,37.52,93.81,-56.46
2026-01-14T15:30:00Z,2026-01-14 15:30,2026-01-14 15:45,QH,101.59,106.33,101.45,104.55,37.0,6,97.83,89.06,12.53
2026-01-14T15:45:00Z,2026-01-14 15:45,2026-01-14 16:00,QH,89.18,100.08,87.1,86.66,73.4,23,91.37,97.17,-7.99
2026-01-14T16:00:00Z,2026-01-14 16:00,2026-01-14 16:15,QH,85.56,88.67,84.88,79.69,133.8,20,86.67,93.32,-7.76
2026-01-14T16:15:00Z,2026-01-14 16:15,2026-01-14 16:30,QH,74.16,81.08,72.44,77.72,65.9,21,74.37,83.06,-8.91
2026-01-14T16:30:00Z,2026-01-14 16:30,2026-01-14 16:45,QH,64.87,68.12,59.69,64.33,61.0,13,64.0,94.0,-29.13
2026-01-14T16:45:00Z,2026-01-14 16:45,2026-01-14 17:00,QH,91.96,93.87,88.57,89.04,55.0,19,92.31,77.7,14.25
2026-01-14T17:00:00Z,2026-01-14 17:00,2026-01-14 17:15,QH,103.71,104.94,99.53,102.9,95.1,13,103.24,79.44,24.26
2026-01-14T17:15:00Z,2026-01-14 17:15,2026-01-14 17:30,QH,83.63,83.66,70.34,75.79,57.1,19,85.7,85.29,-1.66
2026-01-14T17:30:00Z,2026-01-14 17:30,2026-01-14 17:45,QH,96.96,97.36,88.96,98.32,54.2,17,97.43,84.06,12.9
2026-01-14T17:45:00Z,2026-01-14 17:45,2026-01-14 18:00,QH,94.24,100.86,93.43,91.89,86.5,14,95.33,86.53,7.71
2026-01-14T18:00:00Z,2026-01-14 18:00,2026-01-14 18:15,QH,91.25,100.73,86.24,91.5,113.5,16,90.31,83.06,8.19
2026-01-14T18:15:00Z,2026-01-14 18:15,2026-01-14 18:30,QH,84.96,93.86,79.08,84.72,108.8,49,86.46,80.49,4.47
2026-01-14T18:30:00Z,2026-01-14 18:30,2026-01-14 18:45,QH,92.33,99.6,89.72,95.13,81.2,33,93.02,90.72,1.62
2026-01-14T18:45:00Z,2026-01-14 18:45,2026-01-14 19:00,QH,91.84,105.59,85.36,95.74,91.1,18,93.11,91.6,0.25
2026-01-14T19:00:00Z,2026-01-14 19:00,2026-01-14 19:15,QH,91.32,93.84,86.64,92.08,145.0,41,91.53,81.02,10.3
2026-01-14T19:15:00Z,2026-01-14 19:15,2026-01-14 19:30,QH,96.45,97.49,89.63,96.23,89.8,37,96.85,83.3,13.15
2026-01-14T19:30:00Z,2026-01-14 19:30,2026-01-14 19:45,QH,90.01,97.9,81.19,90.97,72.4,24,90.06,83.04,6.97
2026-01-14T19:45:00Z,2026-01-14 19:45,2026-01-14 20:00,QH,71.8,73.9,68.83,70.16,123.7,24,68.15,82.99,-11.19
2026-01-14T20:00:00Z,2026-01-14 20:00,2026-01-14 20:15,QH,45.69,49.75,43.8,48.85,139.1,63,46.16,57.12,-11.43
2026-01-14T20:15:00Z,2026-01-14 20:15,2026-01-14 20:30,QH,43.58,49.88,42.79,45.2,80.7,34,44.55,50.49,-6.91
2026-01-14T20:30:00Z,2026-01-14 20:30,2026-01-14 20:45,QH,57.92,58.28,56.12,58.93,103.7,13,60.75,49.69,8.24
2026-01-14T20:45:00Z,2026-01-14 20:45,2026-01-14 21:00,QH,52.19,58.04,49.46,52.09,23.3,5,50.95,45.05,7.14
2026-01-14T21:00:00Z,2026-01-14 21:00,2026-01-14 21:15,QH,43.41,43.49,36.73,48.51,83.3,28,42.59,45.42,-2.0
2026-01-14T21:15:00Z,2026-01-14 21:15,2026-01-14 21:30,QH,50.2,51.62,47.0,49.49,101.5,18,54.33,47.82,2.38
2026-01-14T21:30:00Z,2026-01-14 21:30,2026-01-14 21:45,QH,21.49,30.7,15.82,16.53,53.5,9,23.98,53.6,-32.12
2026-01-14T21:45:00Z,2026-01-14 21:45,2026-01-14 22:00,QH,42.8,45.82,30.57,43.73,82.9,11,46.05,45.38,-2.58
2026-01-14T22:00:00Z,2026-01-14 22:00,2026-01-14 22:15,QH,30.34,36.34,28.0,29.48,79.0,11,32.54,46.71,-16.37
2026-01-14T22:15:00Z,2026-01-14 22:15,2026-01-14 22:30,QH,64.01,65.9,54.6,63.93,74.4,22,63.2,44.7,19.31
2026-01-14T22:30:00Z,2026-01-14 22:30,2026-01-14 22:45,QH,51.99,53.42,45.13,49.97,84.8,20,52.62,47.92,4.07
2026-01-14T22:45:00Z,2026-01-14 22:45,2026-01-14 23:00,QH,38.79,38.89,33.97,44.18,106.1,20,40.71,46.85,-8.05
2026-01-14T23:00:00Z,2026-01-14 23:00,2026-01-14 23:15,QH,47.55,52.03,47.22,41.12,22.7,3,43.44,50.05,-2.5
2026-01-14T23:15:00Z,2026-01-14 23:15,2026-01-14 23:30,QH,45.97,50.14,43.84,47.92,79.3,12,44.44,43.79,2.18
2026-01-14T23:30:00Z,2026-01-14 23:30,2026-01-14 23:45,QH,50.69,61.15,45.35,51.49,39.9,18,51.28,41.5,9.19
2026-01-14T23:45:00Z,2026-01-14 23:45,2026-01-15 00:00,QH,53.97,60.25,52.43,53.91,64.4,11,54.35,49.86,4.11
2026-01-15T00:00:00Z,2026-01-15 00:00,2026-01-15 00:15,QH,40.03,42.13,39.53,43.95,91.3,17,37.99,50.25,-10.21
2026-01-15T00:15:00Z,2026-01-15 00:15,2026-01-15 00:30,QH,57.05,60.1,56.5,60.39,83.3,18,52.92,44.49,12.56
2026-01-15T00:30:00Z,2026-01-15 00:30,2026-01-15 00:45,QH,44.73,46.78,44.58,49.59,87.1,20,47.21,41.58,3.15
2026-01-15T00:45:00Z,2026-01-15 00:45,2026-01-15 01:00,QH,61.97,66.38,57.0,60.83,55.1,9,62.05,54.13,7.84
2026-01-15T01:00:00Z,2026-01-15 01:00,2026-01-15 01:15,QH,81.48,83.79,71.22,82.57,74.1,14,80.3,48.68,32.8
2026-01-15T01:15:00Z,2026-01-15 01:15,2026-01-15 01:30,QH,44.01,53.13,43.41,43.08,10,3,42.21,55.11,-11.1
2026-01-15T01:30:00Z,2026-01-15 01:30,2026-01-15 01:45,QH,53.92,56.38,51.63,49.84,94.3,26,56.37,46.96,6.96
2026-01-15T01:45:00Z,2026-01-15 01:45,2026-01-15 02:00,QH,42.04,48.14,41.9,40.2,110.5,14,43.33,52.84,-10.81
2026-01-15T02:00:00Z,2026-01-15 02:00,2026-01-15 02:15,QH,58.5,60.23,58.08,58.9,68.2,10,56.02,51.83,6.67
2026-01-15T02:15:00Z,2026-01-15 02:15,2026-01-15 02:30,QH,36.41,36.68,35.28,32.29,78.9,16,34.27,55.96,-19.54
2026-01-15T02:30:00Z,2026-01-15 02:30,2026-01-15 02:45,QH,55.34,59.94,46.22,55.99,35.1,10,55.67,49.11,6.23
2026-01-15T02:45:00Z,2026-01-15 02:45,2026-01-15 03:00,QH,64.55,70.32,58.41,59.11,43.1,9,65.08,56.28,8.27
2026-01-15T03:00:00Z,2026-01-15 03:00,2026-01-15 03:15,QH,44.74,54.21,43.47,43.07,142.1,29,45.46,44.51,0.23
2026-01-15T03:15:00Z,2026-01-15 03:15,2026-01-15 03:30,QH,65.1,70.8,61.42,64.71,113.3,22,64.83,44.43,20.67
2026-01-15T03:30:00Z,2026-01-15 03:30,2026-01-15 03:45,QH,52.47,52.67,47.59,52.08,100.8,17,53.01,53.46,-0.99
2026-01-15T03:45:00Z,2026-01-15 03:45,2026-01-15 04:00,QH,49.89,54.97,40.24,50.89,66.1,20,46.5,39.7,10.19
2026-01-15T04:00:00Z,2026-01-15 04:00,2026-01-15 04:15,QH,49.2,50.89,40.22,48.14,64.1,8,49.38,49.38,-0.18
2026-01-15T04:15:00Z,2026-01-15 04:15,2026-01-15 04:30,QH,74.53,76.51,74.27,72.74,81.0,13,74.96,51.7,22.83
2026-01-15T04:30:00Z,2026-01-15 04:30,2026-01-15 04:45,QH,66.72,71.43,64.34,65.44,101.0,15,69.03,42.06,24.66
2026-01-15T04:45:00Z,2026-01-15 04:45,2026-01-15 05:00,QH,49.7,55.92,42.39,44.02,76.3,15,53.29,50.07,-0.37
2026-01-15T05:00:00Z,2026-01-15 05:00,2026-01-15 05:15,QH,73.87,80.16,70.36,74.07,100.2,13,73.4,37.69,36.19
2026-01-15T05:15:00Z,2026-01-15 05:15,2026-01-15 05:30,QH,32.39,36.69,27.42,34.85,47.2,15,30.63,49.05,-16.66
2026-01-15T05:30:00Z,2026-01-15 05:30,2026-01-15 05:45,QH,46.67,51.65,42.37,44.0,95.6,20,46.6,50.86,-4.18
2026-01-15T05:45:00Z,2026-01-15 05:45,2026-01-15 06:00,QH,61.51,62.36,59.8,58.58,108.1,43,58.4,48.78,12.73
2026-01-15T06:00:00Z,2026-01-15 06:00,2026-01-15 06:15,QH,51.07,57.6,43.0,47.06,47.5,6,50.24,40.69,10.38
2026-01-15T06:15:00Z,2026-01-15 06:15,2026-01-15 06:30,QH,62.57,65.92,60.53,60.8,48.9,15,66.2,53.34,9.23
2026-01-15T06:30:00Z,2026-01-15 06:30,2026-01-15 06:45,QH,55.78,59.86,55.05,55.36,34.7,9,57.45,57.02,-1.24
2026-01-15T06:45:00Z,2026-01-15 06:45,2026-01-15 07:00,QH,35.42,37.98,24.97,33.01,69.0,10,34.53,44.27,-8.85
2026-01-15T07:00:00Z,2026-01-15 07:00,2026-01-15 07:15,QH,90.02,90.94,83.17,87.48,70.0,10,93.17,83.93,6.09
2026-01-15T07:15:00Z,2026-01-15 07:15,2026-01-15 07:30,QH,73.33,84.9,70.23,69.05,145.4,27,73.59,87.86,-14.53
2026-01-15T07:30:00Z,2026-01-15 07:30,2026-01-15 07:45,QH,91.35,97.8,83.95,95.08,113.2,33,90.01,81.96,9.39
2026-01-15T07:45:00Z,2026-01-15 07:45,2026-01-15 08:00,QH,93.6,100.77,90.53,90.39,84.0,16,94.53,79.49,14.12
2026-01-15T08:00:00Z,2026-01-15 08:00,2026-01-15 08:15,QH,65.14,69.05,62.05,67.17,119.0,24,65.52,85.57,-20.43
2026-01-15T08:15:00Z,2026-01-15 08:15,2026-01-15 08:30,QH,56.81,57.13,54.65,56.58,109.4,17,59.57,87.24,-30.44
2026-01-15T08:30:00Z,2026-01-15 08:30,2026-01-15 08:45,QH,76.86,80.76,71.85,76.28,67.6,13,75.64,89.29,-12.43
2026-01-15T08:45:00Z,2026-01-15 08:45,2026-01-15 09:00,QH,96.55,97.64,96.54,98.01,10,4,99.15,91.33,5.22
2026-01-15T09:00:00Z,2026-01-15 09:00,2026-01-15 09:15,QH,90.24,94.34,86.19,88.91,107.3,35,89.41,94.69,-4.45
2026-01-15T09:15:00Z,2026-01-15 09:15,2026-01-15 09:30,QH,87.75,96.34,84.27,88.22,65.9,9,90.6,80.4,7.36
2026-01-15T09:30:00Z,2026-01-15 09:30,2026-01-15 09:45,QH,108.63,113.8,102.98,108.9,56.5,13,108.73,96.5,12.13
2026-01-15T09:45:00Z,2026-01-15 09:45,2026-01-15 10:00,QH,100.54,106.07,98.04,100.94,126.7,18,98.03,85.63,14.91
2026-01-15T10:00:00Z,2026-01-15 10:00,2026-01-15 10:15,QH,82.64,89.04,80.51,83.91,69.8,13,80.85,91.24,-8.6
2026-01-15T10:15:00Z,2026-01-15 10:15,2026-01-15 10:30,QH,97.45,99.01,96.91,98.49,53.3,8,97.8,93.43,4.02
2026-01-15T10:30:00Z,2026-01-15 10:30,2026-01-15 10:45,QH,103.49,115.67,99.85,106.42,99.9,14,105.56,98.99,4.5
2026-01-15T10:45:00Z,2026-01-15 10:45,2026-01-15 11:00,QH,91.35,93.33,91.15,92.04,112.5,14,90.85,103.21,-11.86
2026-01-15T11:00:00Z,2026-01-15 11:00,2026-01-15 11:15,QH,75.09,75.5,67.88,73.43,45.4,17,73.76,90.93,-15.83
2026-01-15T11:15:00Z,2026-01-15 11:15,2026-01-15 11:30,QH,90.08,92.65,89.09,91.35,50.4,10,89.58,84.18,5.9
2026-01-15T11:30:00Z,2026-01-15 11:30,2026-01-15 11:45,QH,85.5,86.8,83.54,85.66,95.3,12,86.63,92.37,-6.86
2026-01-15T11:45:00Z,2026-01-15 11:45,2026-01-15 12:00,QH,93.31,107.76,85.66,93.09,64.4,8,94.85,96.72,-3.4
2026-01-15T12:00:00Z,2026-01-15 12:00,2026-01-15 12:15,QH,95.48,96.73,89.53,95.33,53.7,9,98.78,94.75,0.73
2026-01-15T12:15:00Z,2026-01-15 12:15,2026-01-15 12:30,QH,107.45,112.57,104.5,108.54,144.0,51,108.15,91.33,16.12
2026-01-15T12:30:00Z,2026-01-15 12:30,2026-01-15 12:45,QH,91.98,93.51,90.45,89.68,71.4,31,91.21,90.98,1.01
2026-01-15T12:45:00Z,2026-01-15 12:45,2026-01-15 13:00,QH,93.54,94.84,79.76,92.22,131.9,24,92.41,100.25,-6.71
2026-01-15T13:00:00Z,2026-01-15 13:00,2026-01-15 13:15,QH,84.63,89.6,67.27,88.68,112.2,33,83.29,90.99,-6.36
2026-01-15T13:15:00Z,2026-01-15 13:15,2026-01-15 13:30,QH,102.7,104.76,97.92,104.94,110.5,27,103.88,93.66,9.04
2026-01-15T13:30:00Z,2026-01-15 13:30,2026-01-15 13:45,QH,79.0,87.12,72.33,81.9,53.8,18,80.67,96.92,-17.92
2026-01-15T13:45:00Z,2026-01-15 13:45,2026-01-15 14:00,QH,81.47,83.47,69.8,85.92,101.9,28,84.56,91.41,-9.94
2026-01-15T14:00:00Z,2026-01-15 14:00,2026-01-15 14:15,QH,81.39,82.45,80.04,83.91,113.3,22,80.91,98.89,-17.51
2026-01-15T14:15:00Z,2026-01-15 14:15,2026-01-15 14:30,QH,82.09,84.53,72.16,84.89,41.6,5,81.96,90.31,-8.22
2026-01-15T14:30:00Z,2026-01-15 14:30,2026-01-15 14:45,QH,136.26,139.26,126.35,135.43,123.0,17,136.24,86.47,49.79
2026-01-15T14:45:00Z,2026-01-15 14:45,2026-01-15 15:00,QH,101.95,115.24,88.12,98.57,70.7,14,97.57,87.29,14.66
2026-01-15T15:00:00Z,2026-01-15 15:00,2026-01-15 15:15,QH,92.97,95.94,90.61,93.72,101.3,18,93.34,86.36,6.61
2026-01-15T15:15:00Z,2026-01-15 15:15,2026-01-15 15:30,QH,79.65,85.35,78.75,81.25,101.1,21,80.01,94.13,-14.48
2026-01-15T15:30:00Z,2026-01-15 15:30,2026-01-15 15:45,QH,94.99,96.86,92.07,91.72,46.6,9,98.08,100.96,-5.97
2026-01-15T15:45:00Z,2026-01-15 15:45,2026-01-15 16:00,QH,83.31,86.53,78.59,77.67,125.5,19,86.17,92.09,-8.78
2026-01-15T16:00:00Z,2026-01-15 16:00,2026-01-15 16:15,QH,74.7,76.86,63.77,75.39,46.8,10,75.25,93.36,-18.66
2026-01-15T16:15:00Z,2026-01-15 16:15,2026-01-15 16:30,QH,102.73,105.28,99.03,100.66,99.7,36,106.05,94.36,8.37
2026-01-15T16:30:00Z,2026-01-15 16:30,2026-01-15 16:45,QH,65.15,69.89,60.86,60.54,64.5,13,67.84,91.8,-26.65
2026-01-15T16:45:00Z,2026-01-15 16:45,2026-01-15 17:00,QH,63.59,66.58,63.19,60.67,90.8,17,63.0,90.36,-26.77
2026-01-15T17:00:00Z,2026-01-15 17:00,2026-01-15 17:15,QH,77.59,86.41,75.94,72.45,105.2,18,79.32,81.46,-3.88
2026-01-15T17:15:00Z,2026-01-15 17:15,2026-01-15 17:30,QH,93.32,95.64,90.27,93.08,117.5,43,96.13,82.33,10.98
2026-01-15T17:30:00Z,2026-01-15 17:30,2026-01-15 17:45,QH,94.12,95.21,91.83,96.84,79.7,13,93.69,83.92,10.2
2026-01-15T17:45:00Z,2026-01-15 17:45,2026-01-15 18:00,QH,89.83,95.04,77.96,95.6,104.1,20,92.69,92.27,-2.44
2026-01-15T18:00:00Z,2026-01-15 18:00,2026-01-15 18:15,QH,89.01,92.47,81.19,91.84,63.4,9,85.27,80.87,8.15
2026-01-15T18:15:00Z,2026-01-15 18:15,2026-01-15 18:30,QH,104.54,105.29,102.37,103.2,69.3,12,103.49,88.95,15.58
2026-01-15T18:30:00Z,2026-01-15 18:30,2026-01-15 18:45,QH,95.44,97.32,90.39,96.46,130.7,24,94.22,82.23,13.21
2026-01-15T18:45:00Z,2026-01-15 18:45,2026-01-15 19:00,QH,111.7,116.21,111.13,115.09,106.7,20,108.28,91.75,19.94
2026-01-15T19:00:00Z,2026-01-15 19:00,2026-01-15 19:15,QH,87.69,90.16,82.41,87.32,140.8,29,89.6,70.31,17.38
2026-01-15T19:15:00Z,2026-01-15 19:15,2026-01-15 19:30,QH,76.16,76.61,73.18,79.48,104.6,19,78.28,81.45,-5.29
2026-01-15T19:30:00Z,2026-01-15 19:30,2026-01-15 19:45,QH,87.49,88.63,80.73,85.51,65.5,9,85.61,74.98,12.51
2026-01-15T19:45:00Z,2026-01-15 19:45,2026-01-15 20:00,QH,77.16,80.55,75.78,79.2,121.3,46,81.81,87.45,-10.29
2026-01-15T20:00:00Z,2026-01-15 20:00,2026-01-15 20:15,QH,57.51,64.96,50.72,56.83,91.1,24,55.42,46.27,11.24
2026-01-15T20:15:00Z,2026-01-15 20:15,2026-01-15 20:30,QH,65.45,70.02,61.95,66.35,113.8,38,68.58,51.02,14.43
2026-01-15T20:30:00Z,2026-01-15 20:30,2026-01-15 20:45,QH,48.82,53.23,47.34,50.78,111.9,29,47.93,50.91,-2.08
2026-01-15T20:45:00Z,2026-01-15 20:45,2026-01-15 21:00,QH,62.33,66.8,57.29,62.64,80.1,23,61.05,49.87,12.46
2026-01-15T21:00:00Z,2026-01-15 21:00,2026-01-15 21:15,QH,39.44,46.28,38.31,40.02,64.8,18,38.94,42.9,-3.46
2026-01-15T21:15:00Z,2026-01-15 21:15,2026-01-15 21:30,QH,46.12,49.39,39.58,47.1,59.7,11,43.92,44.28,1.84
2026-01-15T21:30:00Z,2026-01-15 21:30,2026-01-15 21:45,QH,76.2,76.54,74.4,74.34,91.3,13,74.41,46.7,29.5
2026-01-15T21:45:00Z,2026-01-15 21:45,2026-01-15 22:00,QH,54.62,62.66,54.48,54.23,79.2,12,54.71,46.91,7.72
2026-01-15T22:00:00Z,2026-01-15 22:00,2026-01-15 22:15,QH,44.25,45.97,36.0,42.25,164.6,64,43.2,52.23,-7.98
2026-01-15T22:15:00Z,2026-01-15 22:15,2026-01-15 22:30,QH,44.99,50.03,44.3,44.45,108.6,16,45.17,55.37,-10.39
2026-01-15T22:30:00Z,2026-01-15 22:30,2026-01-15 22:45,QH,51.61,52.79,49.22,47.07,96.2,13,52.86,52.96,-1.35
2026-01-15T22:45:00Z,2026-01-15 22:45,2026-01-15 23:00,QH,81.73,87.69,75.54,84.26,80.1,10,82.95,51.25,30.47
2026-01-15T23:00:00Z,2026-01-15 23:00,2026-01-15 23:15,QH,61.96,62.42,60.82,62.25,66.9,9,62.29,42.54,19.42
2026-01-15T23:15:00Z,2026-01-15 23:15,2026-01-15 23:30,QH,20.29,29.82,12.35,17.93,112.7,20,19.96,50.91,-30.62
2026-01-15T23:30:00Z,2026-01-15 23:30,2026-01-15 23:45,QH,39.09,44.68,37.05,36.22,56.2,10,38.78,33.87,5.22
2026-01-15T23:45:00Z,2026-01-15 23:45,2026-01-16 00:00,QH,54.1,55.18,49.19,54.25,68.2,14,56.29,50.02,4.09
2026-01-16T00:00:00Z,2026-01-16 00:00,2026-01-16 00:15,QH,35.9,40.35,32.08,31.55,101.8,46,34.23,37.98,-2.08
2026-01-16T00:15:00Z,2026-01-16 00:15,2026-01-16 00:30,QH,20.25,27.86,16.31,17.09,110.5,26,20.37,35.61,-15.36
2026-01-16T00:30:00Z,2026-01-16 00:30,2026-01-16 00:45,QH,42.27,45.06,37.77,37.24,66.1,11,44.67,31.4,10.87
2026-01-16T00:45:00Z,2026-01-16 00:45,2026-01-16 01:00,QH,45.59,45.67,43.56,41.71,106.4,21,44.91,34.16,11.43
2026-01-16T01:00:00Z,2026-01-16 01:00,2026-01-16 01:15,QH,25.84,28.28,24.51,26.26,99.2,13,25.28,36.2,-10.36
2026-01-16T01:15:00Z,2026-01-16 01:15,2026-01-16 01:30,QH,25.88,26.61,20.39,30.52,66.5,9,22.18,34.12,-8.24
2026-01-16T01:30:00Z,2026-01-16 01:30,2026-01-16 01:45,QH,37.71,42.55,37.48,38.07,138.4,33,39.24,42.04,-4.33
2026-01-16T01:45:00Z,2026-01-16 01:45,2026-01-16 02:00,QH,29.94,38.64,28.71,23.53,97.5,21,30.27,35.88,-5.94
2026-01-16T02:00:00Z,2026-01-16 02:00,2026-01-16 02:15,QH,39.0,41.16,36.19,40.65,63.9,18,37.76,41.48,-2.48
2026-01-16T02:15:00Z,2026-01-16 02:15,2026-01-16 02:30,QH,36.06,37.28,28.58,36.04,45.4,5,34.33,40.4,-4.34
2026-01-16T02:30:00Z,2026-01-16 02:30,2026-01-16 02:45,QH,33.63,38.33,32.98,30.61,130.2,46,35.26,33.26,0.37
2026-01-16T02:45:00Z,2026-01-16 02:45,2026-01-16 03:00,QH,40.05,43.68,36.94,46.78,89.1,15,39.52,37.93,2.12
2026-01-16T03:00:00Z,2026-01-16 03:00,2026-01-16 03:15,QH,28.75,31.71,27.59,27.27,67.8,13,29.11,40.79,-12.04
2026-01-16T03:15:00Z,2026-01-16 03:15,2026-01-16 03:30,QH,43.88,45.95,43.52,45.37,106.6,13,45.39,35.65,8.23
2026-01-16T03:30:00Z,2026-01-16 03:30,2026-01-16 03:45,QH,35.87,40.62,34.53,36.45,70.1,22,40.02,34.76,1.11
2026-01-16T03:45:00Z,2026-01-16 03:45,2026-01-16 04:00,QH,41.68,45.32,38.03,43.29,99.5,19,43.5,26.25,15.43
2026-01-16T04:00:00Z,2026-01-16 04:00,2026-01-16 04:15,QH,25.24,29.11,24.97,25.43,91.3,12,30.38,35.83,-10.59
2026-01-16T04:15:00Z,2026-01-16 04:15,2026-01-16 04:30,QH,39.52,44.75,38.23,36.36,102.2,31,40.11,37.93,1.59
2026-01-16T04:30:00Z,2026-01-16 04:30,2026-01-16 04:45,QH,44.8,44.8,41.32,45.87,100.7,17,43.06,39.12,5.68
2026-01-16T04:45:00Z,2026-01-16 04:45,2026-01-16 05:00,QH,31.96,35.58,21.24,34.37,81.0,10,27.6,35.38,-3.42
2026-01-16T05:00:00Z,2026-01-16 05:00,2026-01-16 05:15,QH,30.24,31.28,29.98,32.7,71.1,9,31.3,39.28,-9.04
2026-01-16T05:15:00Z,2026-01-16 05:15,2026-01-16 05:30,QH,54.25,68.4,44.63,54.74,71.5,34,58.76,26.78,27.47
2026-01-16T05:30:00Z,2026-01-16 05:30,2026-01-16 05:45,QH,35.19,44.05,32.79,34.67,55.9,8,36.62,38.87,-3.68
2026-01-16T05:45:00Z,2026-01-16 05:45,2026-01-16 06:00,QH,40.23,41.17,33.13,39.4,47.8,8,39.5,36.46,3.77
2026-01-16T06:00:00Z,2026-01-16 06:00,2026-01-16 06:15,QH,29.61,41.74,29.46,29.84,76.7,22,31.37,42.67,-13.05
2026-01-16T06:15:00Z,2026-01-16 06:15,2026-01-16 06:30,QH,42.95,47.29,42.33,43.8,54.8,10,46.95,32.75,10.2
2026-01-16T06:30:00Z,2026-01-16 06:30,2026-01-16 06:45,QH,48.63,49.42,45.25,40.99,78.8,12,48.22,32.53,16.1
2026-01-16T06:45:00Z,2026-01-16 06:45,2026-01-16 07:00,QH,68.78,72.57,65.52,69.05,87.2,12,68.81,44.71,24.07
2026-01-16T07:00:00Z,2026-01-16 07:00,2026-01-16 07:15,QH,53.49,60.52,50.55,56.45,57.5,23,54.54,71.19,-17.7
2026-01-16T07:15:00Z,2026-01-16 07:15,2026-01-16 07:30,QH,67.78,70.34,66.28,72.4,20.4,8,68.25,82.65,-14.87
2026-01-16T07:30:00Z,2026-01-16 07:30,2026-01-16 07:45,QH,76.48,84.43,71.03,79.97,23.0,3,74.48,68.41,8.07
2026-01-16T07:45:00Z,2026-01-16 07:45,2026-01-16 08:00,QH,98.51,99.8,90.34,93.71,96.2,26,100.1,72.84,25.67
2026-01-16T08:00:00Z,2026-01-16 08:00,2026-01-16 08:15,QH,67.14,75.44,61.34,67.98,93.5,29,62.7,73.84,-6.7
2026-01-16T08:15:00Z,2026-01-16 08:15,2026-01-16 08:30,QH,85.49,89.1,80.82,85.59,128.5,17,87.03,82.94,2.56
2026-01-16T08:30:00Z,2026-01-16 08:30,2026-01-16 08:45,QH,74.07,84.99,64.78,77.44,72.7,26,73.81,82.0,-7.93
2026-01-16T08:45:00Z,2026-01-16 08:45,2026-01-16 09:00,QH,75.82,78.82,72.11,77.84,53.8,18,73.15,74.73,1.1
2026-01-16T09:00:00Z,2026-01-16 09:00,2026-01-16 09:15,QH,97.97,98.6,90.74,104.14,101.2,15,98.23,79.46,18.51
2026-01-16T09:15:00Z,2026-01-16 09:15,2026-01-16 09:30,QH,73.92,84.79,72.2,78.25,38.9,8,73.09,78.86,-4.93
2026-01-16T09:30:00Z,2026-01-16 09:30,2026-01-16 09:45,QH,61.26,65.71,50.31,60.77,93.3,13,59.37,81.82,-20.56
2026-01-16T09:45:00Z,2026-01-16 09:45,2026-01-16 10:00,QH,103.27,105.6,96.85,99.06,60.2,17,100.96,92.06,11.21
2026-01-16T10:00:00Z,2026-01-16 10:00,2026-01-16 10:15,QH,72.78,76.22,67.71,67.77,83.2,28,73.51,85.94,-13.16
2026-01-16T10:15:00Z,2026-01-16 10:15,2026-01-16 10:30,QH,84.97,87.33,76.83,82.21,124.5,17,85.09,80.44,4.54
2026-01-16T10:30:00Z,2026-01-16 10:30,2026-01-16 10:45,QH,88.41,92.86,88.14,84.59,87.7,12,91.13,84.93,3.47
2026-01-16T10:45:00Z,2026-01-16 10:45,2026-01-16 11:00,QH,93.11,94.04,89.16,90.33,47.9,9,90.11,82.44,10.68
2026-01-16T11:00:00Z,2026-01-16 11:00,2026-01-16 11:15,QH,83.1,86.57,78.6,84.96,82.5,32,84.37,78.39,4.7
2026-01-16T11:15:00Z,2026-01-16 11:15,2026-01-16 11:30,QH,72.4,75.92,71.83,75.63,103.0,14,70.04,78.54,-6.14
2026-01-16T11:30:00Z,2026-01-16 11:30,2026-01-16 11:45,QH,86.34,91.25,75.77,86.62,59.7,7,87.71,84.88,1.46
2026-01-16T11:45:00Z,2026-01-16 11:45,2026-01-16 12:00,QH,78.0,85.97,69.32,78.67,85.0,13,81.62,77.75,0.25
2026-01-16T12:00:00Z,2026-01-16 12:00,2026-01-16 12:15,QH,169.72,176.74,167.88,171.01,107.5,13,166.76,79.49,90.22
2026-01-16T12:15:00Z,2026-01-16 12:15,2026-01-16 12:30,QH,63.66,65.0,61.65,63.79,31.9,14,63.09,84.56,-20.9
2026-01-16T12:30:00Z,2026-01-16 12:30,2026-01-16 12:45,QH,91.25,91.83,88.18,88.2,66.6,30,92.24,87.81,3.44
2026-01-16T12:45:00Z,2026-01-16 12:45,2026-01-16 13:00,QH,64.24,68.63,55.17,59.38,87.6,12,64.2,88.48,-24.24
2026-01-16T13:00:00Z,2026-01-16 13:00,2026-01-16 13:15,QH,69.1,72.07,67.4,68.26,103.9,22,67.97,87.64,-18.54
2026-01-16T13:15:00Z,2026-01-16 13:15,2026-01-16 13:30,QH,90.99,94.53,90.51,94.92,62.9,29,90.12,86.77,4.23
2026-01-16T13:30:00Z,2026-01-16 13:30,2026-01-16 13:45,QH,73.65,73.98,60.58,70.69,36.5,5,76.84,86.33,-12.68
2026-01-16T13:45:00Z,2026-01-16 13:45,2026-01-16 14:00,QH,85.32,90.14,84.91,81.65,51.7,8,87.63,85.45,-0.13
2026-01-16T14:00:00Z,2026-01-16 14:00,2026-01-16 14:15,QH,65.61,70.36,64.6,65.09,115.2,19,71.3,81.43,-15.82
2026-01-16T14:15:00Z,2026-01-16 14:15,2026-01-16 14:30,QH,67.31,73.71,66.21,69.86,86.3,21,68.82,77.99,-10.68
2026-01-16T14:30:00Z,2026-01-16 14:30,2026-01-16 14:45,QH,98.15,98.6,95.05,96.64,89.3,24,98.67,79.99,18.16
2026-01-16T14:45:00Z,2026-01-16 14:45,2026-01-16 15:00,QH,91.12,92.5,88.98,91.58,83.7,24,91.84,81.49,9.63
2026-01-16T15:00:00Z,2026-01-16 15:00,2026-01-16 15:15,QH,74.98,76.4,74.67,72.33,68.4,9,77.17,78.68,-3.7
2026-01-16T15:15:00Z,2026-01-16 15:15,2026-01-16 15:30,QH,84.46,86.22,80.43,86.41,108.9,17,86.49,84.8,-0.34
2026-01-16T15:30:00Z,2026-01-16 15:30,2026-01-16 15:45,QH,93.99,97.56,93.18,96.77,66.4,8,90.12,82.38,11.6
2026-01-16T15:45:00Z,2026-01-16 15:45,2026-01-16 16:00,QH,75.8,77.56,69.63,73.15,75.1,21,80.11,88.95,-13.15
2026-01-16T16:00:00Z,2026-01-16 16:00,2026-01-16 16:15,QH,98.76,98.8,94.62,100.97,94.8,33,97.98,71.61,27.16
2026-01-16T16:15:00Z,2026-01-16 16:15,2026-01-16 16:30,QH,82.0,91.37,79.5,79.71,82.4,11,85.01,79.96,2.04
2026-01-16T16:30:00Z,2026-01-16 16:30,2026-01-16 16:45,QH,79.33,84.87,71.54,81.0,118.3,15,82.22,80.74,-1.41
2026-01-16T16:45:00Z,2026-01-16 16:45,2026-01-16 17:00,QH,70.07,70.09,66.47,66.96,114.9,15,70.9,75.34,-5.27
2026-01-16T17:00:00Z,2026-01-16 17:00,2026-01-16 17:15,QH,92.95,102.6,85.97,93.99,71.8,11,93.83,83.25,9.7
2026-01-16T17:15:00Z,2026-01-16 17:15,2026-01-16 17:30,QH,90.8,99.49,87.04,91.85,20.1,9,90.49,82.13,8.67
2026-01-16T17:30:00Z,2026-01-16 17:30,2026-01-16 17:45,QH,90.31,103.69,89.14,93.37,71.5,19,90.79,83.03,7.29
2026-01-16T17:45:00Z,2026-01-16 17:45,2026-01-16 18:00,QH,81.36,91.26,79.48,79.98,114.6,36,83.86,74.48,6.88
2026-01-16T18:00:00Z,2026-01-16 18:00,2026-01-16 18:15,QH,86.47,92.97,81.61,86.59,111.1,17,89.07,68.92,17.55
2026-01-16T18:15:00Z,2026-01-16 18:15,2026-01-16 18:30,QH,67.72,76.25,60.08,60.83,69.7,9,71.93,77.38,-9.66
2026-01-16T18:30:00Z,2026-01-16 18:30,2026-01-16 18:45,QH,63.29,68.02,61.38,68.08,109.8,25,63.75,76.58,-13.29
2026-01-16T18:45:00Z,2026-01-16 18:45,2026-01-16 19:00,QH,72.71,78.43,66.44,73.54,95.8,36,74.26,74.14,-1.43
2026-01-16T19:00:00Z,2026-01-16 19:00,2026-01-16 19:15,QH,66.17,67.36,65.27,66.4,98.9,21,68.97,77.52,-11.34
2026-01-16T19:15:00Z,2026-01-16 19:15,2026-01-16 19:30,QH,80.36,83.49,78.76,79.44,83.4,25,74.83,65.95,14.4
2026-01-16T19:30:00Z,2026-01-16 19:30,2026-01-16 19:45,QH,57.55,60.8,52.3,55.47,68.5,20,58.89,72.7,-15.15
2026-01-16T19:45:00Z,2026-01-16 19:45,2026-01-16 20:00,QH,77.29,77.54,76.27,79.4,74.6,12,75.93,67.95,9.34
2026-01-16T20:00:00Z,2026-01-16 20:00,2026-01-16 20:15,QH,41.28,42.23,33.94,41.94,105.4,15,40.73,41.3,-0.02
2026-01-16T20:15:00Z,2026-01-16 20:15,2026-01-16 20:30,QH,27.22,27.23,26.17,25.99,50.7,12,28.53,38.63,-11.41
2026-01-16T20:30:00Z,2026-01-16 20:30,2026-01-16 20:45,QH,25.4,30.06,22.14,29.85,46.1,12,23.81,33.52,-8.12
2026-01-16T20:45:00Z,2026-01-16 20:45,2026-01-16 21:00,QH,24.61,27.16,20.78,28.47,78.3,16,26.67,35.61,-11.0
2026-01-16T21:00:00Z,2026-01-16 21:00,2026-01-16 21:15,QH,27.12,32.9,26.61,27.98,66.0,9,29.43,38.79,-11.67
2026-01-16T21:15:00Z,2026-01-16 21:15,2026-01-16 21:30,QH,41.11,43.05,39.9,44.16,96.8,27,41.06,34.69,6.42
2026-01-16T21:30:00Z,2026-01-16 21:30,2026-01-16 21:45,QH,11.25,16.83,2.33,16.04,110.8,14,13.17,35.6,-24.35
2026-01-16T21:45:00Z,2026-01-16 21:45,2026-01-16 22:00,QH,14.93,17.93,12.76,14.01,76.6,9,16.3,40.3,-25.37
2026-01-16T22:00:00Z,2026-01-16 22:00,2026-01-16 22:15,QH,50.03,51.23,49.33,50.99,49.1,6,49.45,44.97,5.06
2026-01-16T22:15:00Z,2026-01-16 22:15,2026-01-16 22:30,QH,52.88,53.78,51.6,51.28,85.5,21,55.0,41.67,11.21
2026-01-16T22:30:00Z,2026-01-16 22:30,2026-01-16 22:45,QH,30.15,34.4,24.42,27.03,80.2,15,29.98,46.56,-16.41
2026-01-16T22:45:00Z,2026-01-16 22:45,2026-01-16 23:00,QH,94.78,106.04,89.25,93.31,58.2,8,96.38,29.96,64.83
2026-01-16T23:00:00Z,2026-01-16 23:00,2026-01-16 23:15,QH,29.29,33.45,25.83,27.74,84.4,15,29.21,48.93,-19.65
2026-01-16T23:15:00Z,2026-01-16 23:15,2026-01-16 23:30,QH,49.41,50.05,44.91,50.48,84.2,26,49.58,36.41,13.0
2026-01-16T23:30:00Z,2026-01-16 23:30,2026-01-16 23:45,QH,12.59,14.22,11.29,8.54,35.9,6,13.75,43.94,-31.35
2026-01-16T23:45:00Z,2026-01-16 23:45,2026-01-17 00:00,QH,44.29,51.47,39.43,44.17,84.4,12,42.59,32.85,11.45
2026-01-17T00:00:00Z,2026-01-17 00:00,2026-01-17 00:15,QH,30.25,37.43,28.05,29.02,34.2,6,29.32,32.02,-1.77
2026-01-17T00:15:00Z,2026-01-17 00:15,2026-01-17 00:30,QH,50.34,57.34,49.43,51.45,53.3,10,51.57,29.48,20.86
2026-01-17T00:30:00Z,2026-01-17 00:30,2026-01-17 00:45,QH,23.25,24.23,21.15,23.28,97.9,19,21.9,32.07,-8.82
2026-01-17T00:45:00Z,2026-01-17 00:45,2026-01-17 01:00,QH,19.3,25.93,18.61,21.77,52.0,10,19.51,24.91,-5.62
2026-01-17T01:00:00Z,2026-01-17 01:00,2026-01-17 01:15,QH,20.88,25.88,16.3,25.92,53.1,9,20.44,32.13,-11.25
2026-01-17T01:15:00Z,2026-01-17 01:15,2026-01-17 01:30,QH,28.77,34.1,26.79,29.86,69.8,12,31.46,30.72,-1.95
2026-01-17T01:30:00Z,2026-01-17 01:30,2026-01-17 01:45,QH,11.38,12.75,5.69,11.42,48.2,7,11.43,27.62,-16.23
2026-01-17T01:45:00Z,2026-01-17 01:45,2026-01-17 02:00,QH,48.92,60.14,44.67,54.74,111.4,15,50.04,28.74,20.18
2026-01-17T02:00:00Z,2026-01-17 02:00,2026-01-17 02:15,QH,31.8,33.05,28.86,35.68,88.4,27,28.75,36.15,-4.35
2026-01-17T02:15:00Z,2026-01-17 02:15,2026-01-17 02:30,QH,34.34,35.65,30.56,31.81,113.4,29,33.9,34.25,0.09
2026-01-17T02:30:00Z,2026-01-17 02:30,2026-01-17 02:45,QH,47.12,50.11,44.31,45.08,84.0,21,48.23,29.4,17.72
2026-01-17T02:45:00Z,2026-01-17 02:45,2026-01-17 03:00,QH,31.3,32.26,22.5,30.41,85.4,16,31.75,32.07,-0.77
2026-01-17T03:00:00Z,2026-01-17 03:00,2026-01-17 03:15,QH,24.13,33.3,17.83,17.3,82.3,11,23.6,28.14,-4.01
2026-01-17T03:15:00Z,2026-01-17 03:15,2026-01-17 03:30,QH,24.99,32.21,18.98,21.06,106.5,38,26.54,33.07,-8.08
2026-01-17T03:30:00Z,2026-01-17 03:30,2026-01-17 03:45,QH,22.6,24.17,16.01,24.86,117.5,23,24.7,26.52,-3.91
2026-01-17T03:45:00Z,2026-01-17 03:45,2026-01-17 04:00,QH,26.37,29.9,25.27,27.15,84.8,22,24.78,34.03,-7.66
2026-01-17T04:00:00Z,2026-01-17 04:00,2026-01-17 04:15,QH,36.37,40.19,31.93,39.61,85.6,32,38.85,37.44,-1.07
2026-01-17T04:15:00Z,2026-01-17 04:15,2026-01-17 04:30,QH,28.85,29.67,21.8,31.31,98.1,17,29.23,30.5,-1.65
2026-01-17T04:30:00Z,2026-01-17 04:30,2026-01-17 04:45,QH,34.49,34.82,32.03,39.76,49.0,9,38.46,26.35,8.14
2026-01-17T04:45:00Z,2026-01-17 04:45,2026-01-17 05:00,QH,15.91,17.71,11.89,13.8,87.9,21,15.74,22.24,-6.33
2026-01-17T05:00:00Z,2026-01-17 05:00,2026-01-17 05:15,QH,33.68,37.32,31.39,35.16,65.1,20,33.78,27.31,6.36
2026-01-17T05:15:00Z,2026-01-17 05:15,2026-01-17 05:30,QH,26.38,31.63,20.17,28.94,42.5,14,26.66,41.25,-14.87
2026-01-17T05:30:00Z,2026-01-17 05:30,2026-01-17 05:45,QH,25.0,26.02,22.35,22.2,148.2,46,25.35,23.33,1.67
2026-01-17T05:45:00Z,2026-01-17 05:45,2026-01-17 06:00,QH,59.65,66.3,54.86,55.7,114.2,45,60.03,29.51,30.14
2026-01-17T06:00:00Z,2026-01-17 06:00,2026-01-17 06:15,QH,49.56,55.95,46.86,46.32,100.2,15,48.7,37.0,12.57
2026-01-17T06:15:00Z,2026-01-17 06:15,2026-01-17 06:30,QH,30.41,33.41,28.09,31.77,130.0,33,30.13,26.41,4.0
2026-01-17T06:30:00Z,2026-01-17 06:30,2026-01-17 06:45,QH,26.64,30.31,24.44,31.3,129.5,16,27.4,32.14,-5.51
2026-01-17T06:45:00Z,2026-01-17 06:45,2026-01-17 07:00,QH,22.63,28.32,15.59,21.63,65.1,10,20.5,28.47,-5.84
2026-01-17T07:00:00Z,2026-01-17 07:00,2026-01-17 07:15,QH,80.52,80.58,74.81,82.85,84.2,16,82.9,60.35,20.17
2026-01-17T07:15:00Z,2026-01-17 07:15,2026-01-17 07:30,QH,77.29,80.52,73.44,76.76,51.7,15,79.29,64.05,13.24
2026-01-17T07:30:00Z,2026-01-17 07:30,2026-01-17 07:45,QH,58.85,60.43,56.04,58.66,56.3,7,58.51,60.02,-1.17
2026-01-17T07:45:00Z,2026-01-17 07:45,2026-01-17 08:00,QH,69.4,78.24,60.29,71.47,108.4,33,66.91,58.19,11.21
2026-01-17T08:00:00Z,2026-01-17 08:00,2026-01-17 08:15,QH,68.33,71.27,63.95,73.15,47.8,6,68.24,80.13,-11.79
2026-01-17T08:15:00Z,2026-01-17 08:15,2026-01-17 08:30,QH,81.95,93.69,72.59,77.9,79.8,20,79.86,60.81,21.14
2026-01-17T08:30:00Z,2026-01-17 08:30,2026-01-17 08:45,QH,82.16,93.58,76.24,80.69,86.5,13,80.83,60.45,21.72
2026-01-17T08:45:00Z,2026-01-17 08:45,2026-01-17 09:00,QH,38.93,41.86,37.33,42.93,87.8,11,40.71,66.72,-27.79
2026-01-17T09:00:00Z,2026-01-17 09:00,2026-01-17 09:15,QH,66.65,71.73,62.71,69.43,75.6,12,64.79,70.64,-3.99
2026-01-17T09:15:00Z,2026-01-17 09:15,2026-01-17 09:30,QH,78.57,86.16,72.26,78.73,115.5,16,77.38,70.23,8.34
2026-01-17T09:30:00Z,2026-01-17 09:30,2026-01-17 09:45,QH,66.92,67.07,64.06,65.12,77.9,11,65.87,73.23,-6.31
2026-01-17T09:45:00Z,2026-01-17 09:45,2026-01-17 10:00,QH,46.48,56.13,45.65,49.62,82.3,30,45.68,73.37,-26.9
2026-01-17T10:00:00Z,2026-01-17 10:00,2026-01-17 10:15,QH,86.64,91.03,81.35,85.53,68.0,10,84.97,74.89,11.75
2026-01-17T10:15:00Z,2026-01-17 10:15,2026-01-17 10:30,QH,57.08,66.28,53.22,58.96,73.2,10,54.73,79.48,-22.4
2026-01-17T10:30:00Z,2026-01-17 10:30,2026-01-17 10:45,QH,70.97,72.85,65.88,75.53,109.9,23,72.45,72.4,-1.43
2026-01-17T10:45:00Z,2026-01-17 10:45,2026-01-17 11:00,QH,73.82,74.04,71.08,73.66,113.9,28,74.3,78.48,-4.66
2026-01-17T11:00:00Z,2026-01-17 11:00,2026-01-17 11:15,QH,96.36,98.36,95.21,99.46,131.6,16,95.46,75.19,21.17
2026-01-17T11:15:00Z,2026-01-17 11:15,2026-01-17 11:30,QH,80.55,80.94,74.77,79.07,85.1,20,79.81,78.44,2.11
2026-01-17T11:30:00Z,2026-01-17 11:30,2026-01-17 11:45,QH,80.93,82.84,74.53,75.62,95.3,20,86.06,70.09,10.84
2026-01-17T11:45:00Z,2026-01-17 11:45,2026-01-17 12:00,QH,87.35,91.93,83.34,86.04,64.3,10,86.4,77.27,10.08
2026-01-17T12:00:00Z,2026-01-17 12:00,2026-01-17 12:15,QH,52.89,55.69,46.91,53.67,93.3,29,51.37,67.04,-14.15
2026-01-17T12:15:00Z,2026-01-17 12:15,2026-01-17 12:30,QH,74.45,81.79,68.25,71.71,120.1,57,75.49,66.61,7.84
2026-01-17T12:30:00Z,2026-01-17 12:30,2026-01-17 12:45,QH,84.95,97.52,80.69,83.9,74.2,14,86.31,77.95,7.0
2026-01-17T12:45:00Z,2026-01-17 12:45,2026-01-17 13:00,QH,85.3,88.07,82.84,81.59,93.2,41,89.7,73.24,12.06
2026-01-17T13:00:00Z,2026-01-17 13:00,2026-01-17 13:15,QH,81.96,90.96,75.56,82.77,94.7,14,83.41,74.08,7.87
2026-01-17T13:15:00Z,2026-01-17 13:15,2026-01-17 13:30,QH,68.35,69.0,67.62,69.19,88.0,22,66.47,74.87,-6.52
2026-01-17T13:30:00Z,2026-01-17 13:30,2026-01-17 13:45,QH,65.72,68.46,64.64,64.32,79.3,10,63.21,76.03,-10.31
2026-01-17T13:45:00Z,2026-01-17 13:45,2026-01-17 14:00,QH,93.23,99.83,86.18,95.26,102.5,29,94.25,80.64,12.58
2026-01-17T14:00:00Z,2026-01-17 14:00,2026-01-17 14:15,QH,74.14,75.68,68.38,71.16,101.2,17,72.02,74.34,-0.19
2026-01-17T14:15:00Z,2026-01-17 14:15,2026-01-17 14:30,QH,71.03,72.41,67.73,78.65,55.6,13,68.78,83.66,-12.62
2026-01-17T14:30:00Z,2026-01-17 14:30,2026-01-17 14:45,QH,61.39,71.44,52.56,57.85,130.3,42,59.05,70.35,-8.96
2026-01-17T14:45:00Z,2026-01-17 14:45,2026-01-17 15:00,QH,53.89,56.17,49.45,54.06,94.0,12,53.3,71.71,-17.82
2026-01-17T15:00:00Z,2026-01-17 15:00,2026-01-17 15:15,QH,69.28,79.85,67.25,73.26,126.6,34,71.43,68.94,0.34
2026-01-17T15:15:00Z,2026-01-17 15:15,2026-01-17 15:30,QH,83.49,84.57,81.41,85.92,91.6,16,83.1,76.41,7.08
2026-01-17T15:30:00Z,2026-01-17 15:30,2026-01-17 15:45,QH,67.43,69.72,57.0,67.43,80.8,18,69.26,73.71,-6.27
2026-01-17T15:45:00Z,2026-01-17 15:45,2026-01-17 16:00,QH,-10.77,-2.23,-11.76,-13.04,98.6,14,-9.08,75.26,-86.03
2026-01-17T16:00:00Z,2026-01-17 16:00,2026-01-17 16:15,QH,70.54,80.6,66.73,71.0,101.2,24,71.89,74.44,-3.9
2026-01-17T16:15:00Z,2026-01-17 16:15,2026-01-17 16:30,QH,90.68,93.71,89.66,91.48,111.9,33,93.45,75.06,15.62
2026-01-17T16:30:00Z,2026-01-17 16:30,2026-01-17 16:45,QH,54.07,58.37,52.14,51.14,138.3,25,54.88,69.64,-15.57
2026-01-17T16:45:00Z,2026-01-17 16:45,2026-01-17 17:00,QH,82.3,82.86,81.4,82.88,126.1,20,86.48,68.12,14.17
2026-01-17T17:00:00Z,2026-01-17 17:00,2026-01-17 17:15,QH,50.66,52.44,49.66,55.47,86.0,16,47.62,74.59,-23.92
2026-01-17T17:15:00Z,2026-01-17 17:15,2026-01-17 17:30,QH,66.62,74.31,62.99,68.46,98.1,14,65.18,71.29,-4.68
2026-01-17T17:30:00Z,2026-01-17 17:30,2026-01-17 17:45,QH,124.04,124.18,121.33,125.6,66.0,32,118.92,67.36,56.67
2026-01-17T17:45:00Z,2026-01-17 17:45,2026-01-17 18:00,QH,49.93,53.29,48.18,50.78,119.6,24,49.49,71.9,-21.97
2026-01-17T18:00:00Z,2026-01-17 18:00,2026-01-17 18:15,QH,79.25,80.64,74.54,79.16,28.7,4,76.32,77.53,1.73
2026-01-17T18:15:00Z,2026-01-17 18:15,2026-01-17 18:30,QH,98.24,99.12,94.33,101.26,73.5,15,99.4,61.49,36.74
2026-01-17T18:30:00Z,2026-01-17 18:30,2026-01-17 18:45,QH,95.56,97.36,89.63,92.72,64.8,15,94.78,58.33,37.23
2026-01-17T18:45:00Z,2026-01-17 18:45,2026-01-17 19:00,QH,75.0,79.99,71.59,76.13,109.0,17,74.36,61.11,13.89
2026-01-17T19:00:00Z,2026-01-17 19:00,2026-01-17 19:15,QH,76.56,77.07,74.67,77.91,150.0,52,73.96,63.68,12.88
2026-01-17T19:15:00Z,2026-01-17 19:15,2026-01-17 19:30,QH,62.28,66.05,57.42,65.13,123.2,15,64.49,68.15,-5.87
2026-01-17T19:30:00Z,2026-01-17 19:30,2026-01-17 19:45,QH,77.12,80.94,73.35,74.99,81.2,30,76.58,57.07,20.05
2026-01-17T19:45:00Z,2026-01-17 19:45,2026-01-17 20:00,QH,83.81,87.35,79.43,83.97,95.2,12,85.52,61.84,21.97
2026-01-17T20:00:00Z,2026-01-17 20:00,2026-01-17 20:15,QH,17.98,22.02,10.86,20.57,124.4,16,16.88,35.75,-17.77
2026-01-17T20:15:00Z,2026-01-17 20:15,2026-01-17 20:30,QH,20.27,24.55,14.09,21.56,79.8,15,14.93,31.96,-11.69
2026-01-17T20:30:00Z,2026-01-17 20:30,2026-01-17 20:45,QH,22.51,28.26,22.12,19.0,76.8,9,16.76,24.56,-2.05
2026-01-17T20:45:00Z,2026-01-17 20:45,2026-01-17 21:00,QH,20.97,23.33,20.13,22.21,60.2,29,21.37,32.27,-11.3
2026-01-17T21:00:00Z,2026-01-17 21:00,2026-01-17 21:15,QH,-5.94,0.51,-11.23,-5.78,62.1,23,-4.74,33.37,-39.31
2026-01-17T21:15:00Z,2026-01-17 21:15,2026-01-17 21:30,QH,37.88,46.28,35.19,38.52,124.2,32,38.43,32.4,5.48
2026-01-17T21:30:00Z,2026-01-17 21:30,2026-01-17 21:45,QH,38.72,48.84,35.34,38.22,108.0,17,37.32,34.25,4.47
2026-01-17T21:45:00Z,2026-01-17 21:45,2026-01-17 22:00,QH,26.33,28.97,24.1,33.38,86.7,16,24.82,24.35,1.98
2026-01-17T22:00:00Z,2026-01-17 22:00,2026-01-17 22:15,QH,35.7,37.16,23.59,33.35,18.5,7,34.01,26.27,9.43
2026-01-17T22:15:00Z,2026-01-17 22:15,2026-01-17 22:30,QH,27.59,28.39,23.76,31.11,72.2,14,29.23,32.39,-4.8
2026-01-17T22:30:00Z,2026-01-17 22:30,2026-01-17 22:45,QH,14.06,23.06,13.16,13.53,53.6,7,15.94,28.62,-14.56
2026-01-17T22:45:00Z,2026-01-17 22:45,2026-01-17 23:00,QH,26.06,27.37,21.45,30.13,52.8,10,23.21,25.28,0.78
2026-01-17T23:00:00Z,2026-01-17 23:00,2026-01-17 23:15,QH,21.24,22.05,21.16,16.73,85.6,17,20.36,32.56,-11.32
2026-01-17T23:15:00Z,2026-01-17 23:15,2026-01-17 23:30,QH,28.19,32.75,25.85,26.98,98.0,20,28.12,31.66,-3.47
2026-01-17T23:30:00Z,2026-01-17 23:30,2026-01-17 23:45,QH,33.06,38.48,30.31,32.38,51.4,6,33.42,30.4,2.67
2026-01-17T23:45:00Z,2026-01-17 23:45,2026-01-18 00:00,QH,34.65,38.22,18.73,34.58,52.4,25,35.22,33.68,0.98
2026-01-18T00:00:00Z,2026-01-18 00:00,2026-01-18 00:15,QH,49.8,52.01,49.35,49.01,67.5,29,51.59,32.63,17.17
2026-01-18T00:15:00Z,2026-01-18 00:15,2026-01-18 00:30,QH,38.53,42.0,34.8,36.84,141.4,35,36.67,37.55,0.98
2026-01-18T00:30:00Z,2026-01-18 00:30,2026-01-18 00:45,QH,40.99,43.11,38.31,37.05,73.9,9,42.41,42.65,-1.65
2026-01-18T00:45:00Z,2026-01-18 00:45,2026-01-18 01:00,QH,41.9,48.34,40.39,46.39,52.1,14,42.79,36.06,5.84
2026-01-18T01:00:00Z,2026-01-18 01:00,2026-01-18 01:15,QH,35.44,40.81,34.45,34.94,48.1,9,37.46,41.8,-6.36
2026-01-18T01:15:00Z,2026-01-18 01:15,2026-01-18 01:30,QH,27.58,30.53,23.59,30.1,120.3,32,28.09,28.42,-0.84
2026-01-18T01:30:00Z,2026-01-18 01:30,2026-01-18 01:45,QH,47.83,49.33,44.37,48.95,84.1,11,44.99,33.63,14.2
2026-01-18T01:45:00Z,2026-01-18 01:45,2026-01-18 02:00,QH,44.01,44.18,41.33,44.4,81.0,16,44.64,39.63,4.37
2026-01-18T02:00:00Z,2026-01-18 02:00,2026-01-18 02:15,QH,31.38,36.29,26.56,31.36,116.0,20,32.8,37.29,-5.91
2026-01-18T02:15:00Z,2026-01-18 02:15,2026-01-18 02:30,QH,27.76,33.84,26.6,27.06,136.5,26,25.35,30.96,-3.2
2026-01-18T02:30:00Z,2026-01-18 02:30,2026-01-18 02:45,QH,39.98,40.46,36.38,41.97,76.3,10,42.29,39.28,0.7
2026-01-18T02:45:00Z,2026-01-18 02:45,2026-01-18 03:00,QH,38.27,46.0,25.07,38.6,90.0,11,36.29,34.53,3.73
2026-01-18T03:00:00Z,2026-01-18 03:00,2026-01-18 03:15,QH,41.18,44.22,38.97,41.25,107.9,18,42.28,32.59,8.59
2026-01-18T03:15:00Z,2026-01-18 03:15,2026-01-18 03:30,QH,48.23,50.49,47.38,46.29,57.9,7,48.8,35.61,12.63
2026-01-18T03:30:00Z,2026-01-18 03:30,2026-01-18 03:45,QH,-4.0,6.09,-10.15,-7.56,103.3,13,-6.34,35.07,-39.07
2026-01-18T03:45:00Z,2026-01-18 03:45,2026-01-18 04:00,QH,38.14,40.86,34.56,40.92,99.6,18,41.38,36.66,1.48
2026-01-18T04:00:00Z,2026-01-18 04:00,2026-01-18 04:15,QH,-45.96,-41.16,-46.49,-46.78,56.4,10,-49.99,37.33,-83.29
2026-01-18T04:15:00Z,2026-01-18 04:15,2026-01-18 04:30,QH,36.84,37.77,34.94,39.5,120.7,21,32.64,41.43,-4.6
2026-01-18T04:30:00Z,2026-01-18 04:30,2026-01-18 04:45,QH,20.58,22.81,13.1,20.61,177.8,22,20.77,33.54,-12.97
2026-01-18T04:45:00Z,2026-01-18 04:45,2026-01-18 05:00,QH,48.09,53.07,47.19,49.58,67.3,12,51.85,39.21,8.88
2026-01-18T05:00:00Z,2026-01-18 05:00,2026-01-18 05:15,QH,21.93,24.41,15.78,19.8,62.2,15,21.39,33.55,-11.62
2026-01-18T05:15:00Z,2026-01-18 05:15,2026-01-18 05:30,QH,22.36,27.15,16.43,22.99,151.6,20,19.62,34.15,-11.79
2026-01-18T05:30:00Z,2026-01-18 05:30,2026-01-18 05:45,QH,42.69,45.04,33.56,47.64,64.3,13,44.99,31.5,11.19
2026-01-18T05:45:00Z,2026-01-18 05:45,2026-01-18 06:00,QH,38.99,52.29,34.51,34.62,46.0,6,37.69,35.5,3.49
2026-01-18T06:00:00Z,2026-01-18 06:00,2026-01-18 06:15,QH,29.25,31.87,21.2,29.96,55.0,7,26.12,30.42,-1.18
2026-01-18T06:15:00Z,2026-01-18 06:15,2026-01-18 06:30,QH,23.76,33.87,17.62,25.88,103.4,19,28.42,30.56,-6.8
2026-01-18T06:30:00Z,2026-01-18 06:30,2026-01-18 06:45,QH,40.79,48.23,36.91,39.61,78.3,11,42.17,45.65,-4.86
2026-01-18T06:45:00Z,2026-01-18 06:45,2026-01-18 07:00,QH,31.47,35.86,29.41,34.01,115.9,18,30.49,33.68,-2.21
2026-01-18T07:00:00Z,2026-01-18 07:00,2026-01-18 07:15,QH,186.15,188.87,178.16,180.38,95.9,15,185.47,63.34,122.81
2026-01-18T07:15:00Z,2026-01-18 07:15,2026-01-18 07:30,QH,78.12,80.39,70.45,74.95,101.7,44,80.89,67.01,11.12
2026-01-18T07:30:00Z,2026-01-18 07:30,2026-01-18 07:45,QH,63.92,67.32,57.96,61.82,126.5,18,61.58,66.99,-3.07
2026-01-18T07:45:00Z,2026-01-18 07:45,2026-01-18 08:00,QH,63.12,67.06,61.36,63.14,46.0,9,66.33,73.81,-10.69
2026-01-18T08:00:00Z,2026-01-18 08:00,2026-01-18 08:15,QH,82.99,89.05,77.07,87.84,109.8,27,83.91,82.83,0.16
2026-01-18T08:15:00Z,2026-01-18 08:15,2026-01-18 08:30,QH,98.03,102.95,93.58,91.59,89.8,40,98.12,72.51,25.52
2026-01-18T08:30:00Z,2026-01-18 08:30,2026-01-18 08:45,QH,70.31,71.02,68.84,70.91,93.5,20,70.95,71.42,-1.12
2026-01-18T08:45:00Z,2026-01-18 08:45,2026-01-18 09:00,QH,73.47,76.27,66.46,69.55,107.0,26,75.13,69.16,4.31
2026-01-18T09:00:00Z,2026-01-18 09:00,2026-01-18 09:15,QH,81.3,83.73,68.4,78.67,37.7,6,79.66,74.88,6.42
2026-01-18T09:15:00Z,2026-01-18 09:15,2026-01-18 09:30,QH,89.47,91.07,87.55,84.74,50.3,8,88.87,84.11,5.36
2026-01-18T09:30:00Z,2026-01-18 09:30,2026-01-18 09:45,QH,77.36,79.38,76.84,75.24,56.7,7,78.77,72.71,4.65
2026-01-18T09:45:00Z,2026-01-18 09:45,2026-01-18 10:00,QH,82.85,87.82,79.2,85.22,78.3,12,82.88,76.3,6.55
2026-01-18T10:00:00Z,2026-01-18 10:00,2026-01-18 10:15,QH,80.64,84.67,76.27,82.85,67.9,13,81.82,86.38,-5.73
2026-01-18T10:15:00Z,2026-01-18 10:15,2026-01-18 10:30,QH,65.58,68.51,60.22,61.24,106.9,20,68.03,76.91,-11.33
2026-01-18T10:30:00Z,2026-01-18 10:30,2026-01-18 10:45,QH,82.86,85.54,79.26,81.35,54.5,8,84.71,79.95,2.91
2026-01-18T10:45:00Z,2026-01-18 10:45,2026-01-18 11:00,QH,80.65,86.17,76.21,79.29,147.1,44,80.88,68.77,11.89
2026-01-18T11:00:00Z,2026-01-18 11:00,2026-01-18 11:15,QH,85.22,88.64,76.88,86.31,32.2,8,81.75,86.09,-0.87
2026-01-18T11:15:00Z,2026-01-18 11:15,2026-01-18 11:30,QH,98.28,100.3,94.2,99.8,92.3,11,97.59,84.06,14.22
2026-01-18T11:30:00Z,2026-01-18 11:30,2026-01-18 11:45,QH,93.39,101.32,92.72,96.05,107.4,14,93.77,78.41,14.99
2026-01-18T11:45:00Z,2026-01-18 11:45,2026-01-18 12:00,QH,77.01,78.68,76.87,76.8,85.3,35,78.89,76.54,0.47
2026-01-18T12:00:00Z,2026-01-18 12:00,2026-01-18 12:15,QH,80.31,86.62,76.97,75.99,87.2,21,83.05,81.41,-1.1
2026-01-18T12:15:00Z,2026-01-18 12:15,2026-01-18 12:30,QH,80.71,91.49,79.09,81.73,83.3,13,81.65,76.19,4.52
2026-01-18T12:30:00Z,2026-01-18 12:30,2026-01-18 12:45,QH,68.92,73.26,67.18,68.85,79.5,18,67.0,85.52,-16.6
2026-01-18T12:45:00Z,2026-01-18 12:45,2026-01-18 13:00,QH,75.54,77.99,72.18,72.26,165.2,27,74.05,73.55,1.99
2026-01-18T13:00:00Z,2026-01-18 13:00,2026-01-18 13:15,QH,83.88,90.27,77.2,80.14,137.6,29,86.13,84.83,-0.95
2026-01-18T13:15:00Z,2026-01-18 13:15,2026-01-18 13:30,QH,94.18,96.65,91.44,94.23,125.4,21,91.76,90.22,3.96
2026-01-18T13:30:00Z,2026-01-18 13:30,2026-01-18 13:45,QH,101.65,103.39,100.94,105.72,103.1,18,104.74,82.99,18.66
2026-01-18T13:45:00Z,2026-01-18 13:45,2026-01-18 14:00,QH,73.52,76.99,70.67,73.78,113.9,25,76.06,89.48,-15.95
2026-01-18T14:00:00Z,2026-01-18 14:00,2026-01-18 14:15,QH,69.31,70.67,67.77,66.99,105.3,16,64.91,80.42,-11.11
2026-01-18T14:15:00Z,2026-01-18 14:15,2026-01-18 14:30,QH,84.25,84.58,82.76,87.09,72.1,9,83.62,73.23,11.02
2026-01-18T14:30:00Z,2026-01-18 14:30,2026-01-18 14:45,QH,92.83,96.29,90.03,91.14,87.0,26,89.33,79.36,13.47
2026-01-18T14:45:00Z,2026-01-18 14:45,2026-01-18 15:00,QH,62.25,64.58,56.47,58.67,76.1,18,60.39,83.85,-21.6
2026-01-18T15:00:00Z,2026-01-18 15:00,2026-01-18 15:15,QH,99.94,99.99,90.17,97.27,103.2,15,96.64,76.83,23.11
2026-01-18T15:15:00Z,2026-01-18 15:15,2026-01-18 15:30,QH,142.22,148.24,136.98,141.69,152.1,24,141.3,77.19,65.03
2026-01-18T15:30:00Z,2026-01-18 15:30,2026-01-18 15:45,QH,66.57,68.69,61.53,67.72,52.1,6,69.32,72.59,-6.02
2026-01-18T15:45:00Z,2026-01-18 15:45,2026-01-18 16:00,QH,92.76,98.3,91.61,92.58,106.5,26,92.18,82.86,9.9
2026-01-18T16:00:00Z,2026-01-18 16:00,2026-01-18 16:15,QH,90.63,98.87,86.75,88.26,90.0,38,92.26,74.35,16.28
2026-01-18T16:15:00Z,2026-01-18 16:15,2026-01-18 16:30,QH,105.89,112.45,105.82,109.65,97.9,17,105.74,73.98,31.91
2026-01-18T16:30:00Z,2026-01-18 16:30,2026-01-18 16:45,QH,70.04,75.57,68.21,69.15,93.4,16,73.39,79.37,-9.32
2026-01-18T16:45:00Z,2026-01-18 16:45,2026-01-18 17:00,QH,100.36,107.59,98.39,105.43,116.7,15,102.63,81.85,18.52
2026-01-18T17:00:00Z,2026-01-18 17:00,2026-01-18 17:15,QH,55.77,61.49,52.0,59.57,31.5,10,54.67,72.66,-16.89
2026-01-18T17:15:00Z,2026-01-18 17:15,2026-01-18 17:30,QH,195.9,195.96,194.87,196.82,37.2,11,196.65,78.01,117.88
2026-01-18T17:30:00Z,2026-01-18 17:30,2026-01-18 17:45,QH,68.67,71.62,67.9,62.86,75.7,12,67.92,80.07,-11.4
2026-01-18T17:45:00Z,2026-01-18 17:45,2026-01-18 18:00,QH,72.59,73.34,68.52,74.33,80.7,12,74.3,78.14,-5.56
2026-01-18T18:00:00Z,2026-01-18 18:00,2026-01-18 18:15,QH,56.65,58.3,51.32,52.11,77.8,10,53.0,74.19,-17.54
2026-01-18T18:15:00Z,2026-01-18 18:15,2026-01-18 18:30,QH,63.15,66.15,55.61,63.07,149.5,33,64.09,70.01,-6.86
2026-01-18T18:30:00Z,2026-01-18 18:30,2026-01-18 18:45,QH,65.2,68.34,62.82,67.34,64.3,10,66.46,73.93,-8.73
2026-01-18T18:45:00Z,2026-01-18 18:45,2026-01-18 19:00,QH,85.73,89.49,82.23,85.78,76.4,36,83.79,76.57,9.16
2026-01-18T19:00:00Z,2026-01-18 19:00,2026-01-18 19:15,QH,84.08,85.73,83.33,85.56,101.4,15,82.99,71.64,12.45
2026-01-18T19:15:00Z,2026-01-18 19:15,2026-01-18 19:30,QH,51.98,59.78,49.2,48.29,144.4,18,54.36,70.36,-18.38
2026-01-18T19:30:00Z,2026-01-18 19:30,2026-01-18 19:45,QH,72.67,73.37,69.02,73.22,144.3,69,72.29,64.63,8.04
2026-01-18T19:45:00Z,2026-01-18 19:45,2026-01-18 20:00,QH,79.0,79.16,71.49,76.89,100.4,38,78.12,80.65,-1.65
2026-01-18T20:00:00Z,2026-01-18 20:00,2026-01-18 20:15,QH,20.28,26.31,15.59,23.81,92.9,45,19.8,35.01,-14.73
2026-01-18T20:15:00Z,2026-01-18 20:15,2026-01-18 20:30,QH,27.91,29.82,26.75,29.6,97.8,14,28.43,36.31,-8.4
2026-01-18T20:30:00Z,2026-01-18 20:30,2026-01-18 20:45,QH,35.67,37.75,32.43,32.93,82.1,14,36.33,41.07,-5.41
2026-01-18T20:45:00Z,2026-01-18 20:45,2026-01-18 21:00,QH,26.46,35.44,23.29,25.01,111.9,14,29.03,34.71,-8.25
2026-01-18T21:00:00Z,2026-01-18 21:00,2026-01-18 21:15,QH,41.66,47.4,33.8,39.04,139.2,21,45.61,31.47,10.19
2026-01-18T21:15:00Z,2026-01-18 21:15,2026-01-18 21:30,QH,26.22,26.89,24.05,27.57,108.4,51,24.84,34.96,-8.74
2026-01-18T21:30:00Z,2026-01-18 21:30,2026-01-18 21:45,QH,114.14,115.78,113.47,109.56,99.2,17,112.44,40.12,74.01
2026-01-18T21:45:00Z,2026-01-18 21:45,2026-01-18 22:00,QH,42.21,43.99,37.0,40.94,140.1,17,44.79,36.12,6.1
2026-01-18T22:00:00Z,2026-01-18 22:00,2026-01-18 22:15,QH,38.72,41.76,34.7,33.3,53.0,14,39.56,42.42,-3.7
2026-01-18T22:15:00Z,2026-01-18 22:15,2026-01-18 22:30,QH,58.2,60.55,56.88,55.63,108.5,18,59.98,42.24,15.96
2026-01-18T22:30:00Z,2026-01-18 22:30,2026-01-18 22:45,QH,21.95,27.48,14.54,24.66,22.2,4,24.89,38.82,-16.88
2026-01-18T22:45:00Z,2026-01-18 22:45,2026-01-18 23:00,QH,29.27,31.34,26.64,30.66,85.6,10,29.69,37.63,-8.35
2026-01-18T23:00:00Z,2026-01-18 23:00,2026-01-18 23:15,QH,23.57,25.61,18.7,23.07,41.7,6,23.25,39.15,-15.58
2026-01-18T23:15:00Z,2026-01-18 23:15,2026-01-18 23:30,QH,31.85,32.32,28.88,32.3,66.4,9,31.51,30.41,1.45
2026-01-18T23:30:00Z,2026-01-18 23:30,2026-01-18 23:45,QH,35.43,35.86,31.31,36.25,120.6,24,34.82,34.4,1.03
2026-01-18T23:45:00Z,2026-01-18 23:45,2026-01-19 00:00,QH,44.51,45.12,44.44,45.19,30.3,5,44.73,41.85,2.66
2026-01-19T00:00:00Z,2026-01-19 00:00,2026-01-19 00:15,QH,74.42,81.58,69.36,71.32,81.4,22,72.15,67.36,7.05
2026-01-19T00:15:00Z,2026-01-19 00:15,2026-01-19 00:30,QH,82.61,84.17,80.99,79.08,58.6,11,84.37,65.21,17.4
2026-01-19T00:30:00Z,2026-01-19 00:30,2026-01-19 00:45,QH,67.07,72.07,61.69,66.76,123.8,28,64.7,63.07,4.0
2026-01-19T00:45:00Z,2026-01-19 00:45,2026-01-19 01:00,QH,43.4,45.98,41.67,40.34,52.8,7,43.87,61.32,-17.92
2026-01-19T01:00:00Z,2026-01-19 01:00,2026-01-19 01:15,QH,76.81,79.82,72.18,77.72,90.7,12,75.4,70.29,6.53
2026-01-19T01:15:00Z,2026-01-19 01:15,2026-01-19 01:30,QH,66.09,73.08,58.89,67.0,76.3,37,67.03,65.89,0.2
2026-01-19T01:30:00Z,2026-01-19 01:30,2026-01-19 01:45,QH,60.09,62.74,59.08,59.33,69.0,10,60.61,72.51,-12.43
2026-01-19T01:45:00Z,2026-01-19 01:45,2026-01-19 02:00,QH,72.19,80.88,65.22,78.25,51.6,8,76.01,54.77,17.42
2026-01-19T02:00:00Z,2026-01-19 02:00,2026-01-19 02:15,QH,86.25,87.0,79.2,87.88,82.7,13,87.59,68.43,17.82
2026-01-19T02:15:00Z,2026-01-19 02:15,2026-01-19 02:30,QH,41.79,42.48,39.83,46.08,80.6,11,39.95,75.42,-33.63
2026-01-19T02:30:00Z,2026-01-19 02:30,2026-01-19 02:45,QH,57.82,60.29,54.31,54.56,61.1,24,55.63,61.77,-3.96
2026-01-19T02:45:00Z,2026-01-19 02:45,2026-01-19 03:00,QH,34.7,44.96,34.15,40.31,77.8,31,31.62,65.06,-30.36
2026-01-19T03:00:00Z,2026-01-19 03:00,2026-01-19 03:15,QH,71.33,74.16,62.25,77.82,99.7,14,70.03,63.7,7.62
2026-01-19T03:15:00Z,2026-01-19 03:15,2026-01-19 03:30,QH,56.29,57.77,46.68,54.26,104.7,16,56.7,77.76,-21.48
2026-01-19T03:30:00Z,2026-01-19 03:30,2026-01-19 03:45,QH,74.97,78.73,64.85,72.64,114.9,17,75.16,72.56,2.41
2026-01-19T03:45:00Z,2026-01-19 03:45,2026-01-19 04:00,QH,70.14,71.88,67.3,69.57,124.4,38,74.46,65.54,4.6
2026-01-19T04:00:00Z,2026-01-19 04:00,2026-01-19 04:15,QH,91.8,92.32,91.16,91.04,79.2,24,92.14,70.89,20.9
2026-01-19T04:15:00Z,2026-01-19 04:15,2026-01-19 04:30,QH,88.71,94.91,81.2,86.27,64.6,10,87.43,71.62,17.1
2026-01-19T04:30:00Z,2026-01-19 04:30,2026-01-19 04:45,QH,68.36,71.43,65.08,65.02,28.9,8,67.24,75.79,-7.43
2026-01-19T04:45:00Z,2026-01-19 04:45,2026-01-19 05:00,QH,67.0,67.36,62.89,71.84,112.2,18,70.34,67.65,-0.65
2026-01-19T05:00:00Z,2026-01-19 05:00,2026-01-19 05:15,QH,54.5,59.18,52.43,52.46,82.0,16,56.86,70.84,-16.34
2026-01-19T05:15:00Z,2026-01-19 05:15,2026-01-19 05:30,QH,59.91,64.33,59.22,61.36,121.5,28,59.03,58.35,1.56
2026-01-19T05:30:00Z,2026-01-19 05:30,2026-01-19 05:45,QH,81.18,88.87,77.72,72.79,43.9,8,77.97,74.89,6.28
2026-01-19T05:45:00Z,2026-01-19 05:45,2026-01-19 06:00,QH,92.51,94.13,91.29,90.35,42.8,5,91.75,69.83,22.68
2026-01-19T06:00:00Z,2026-01-19 06:00,2026-01-19 06:15,QH,64.36,69.43,62.03,63.26,60.9,28,64.63,73.13,-8.77
2026-01-19T06:15:00Z,2026-01-19 06:15,2026-01-19 06:30,QH,74.35,75.94,74.05,68.61,84.6,14,69.66,67.43,6.92
2026-01-19T06:30:00Z,2026-01-19 06:30,2026-01-19 06:45,QH,68.54,75.18,63.09,63.46,79.5,11,63.06,65.33,3.21
2026-01-19T06:45:00Z,2026-01-19 06:45,2026-01-19 07:00,QH,81.68,85.66,73.78,83.8,79.9,17,81.53,72.23,9.44
2026-01-19T07:00:00Z,2026-01-19 07:00,2026-01-19 07:15,QH,115.78,118.12,114.06,118.86,45.2,6,112.53,101.02,14.76
2026-01-19T07:15:00Z,2026-01-19 07:15,2026-01-19 07:30,QH,92.48,98.71,90.85,91.19,72.3,10,94.16,103.54,-11.06
2026-01-19T07:30:00Z,2026-01-19 07:30,2026-01-19 07:45,QH,87.77,88.04,86.23,86.97,51.3,13,88.82,111.04,-23.26
2026-01-19T07:45:00Z,2026-01-19 07:45,2026-01-19 08:00,QH,75.33,80.17,71.72,72.73,93.3,27,74.31,107.09,-31.76
2026-01-19T08:00:00Z,2026-01-19 08:00,2026-01-19 08:15,QH,96.15,101.09,92.26,95.98,61.1,17,96.1,115.85,-19.7
2026-01-19T08:15:00Z,2026-01-19 08:15,2026-01-19 08:30,QH,107.43,112.18,102.03,110.06,68.8,9,105.32,110.08,-2.65
2026-01-19T08:30:00Z,2026-01-19 08:30,2026-01-19 08:45,QH,120.93,126.79,116.67,121.51,69.7,32,123.06,106.85,14.08
2026-01-19T08:45:00Z,2026-01-19 08:45,2026-01-19 09:00,QH,101.83,109.07,99.48,100.49,64.3,8,100.82,120.11,-18.27
2026-01-19T09:00:00Z,2026-01-19 09:00,2026-01-19 09:15,QH,119.81,122.73,115.08,122.0,93.9,12,120.21,102.85,16.96
2026-01-19T09:15:00Z,2026-01-19 09:15,2026-01-19 09:30,QH,125.73,131.33,125.16,126.73,61.7,13,127.69,103.45,22.28
2026-01-19T09:30:00Z,2026-01-19 09:30,2026-01-19 09:45,QH,97.73,100.95,88.8,99.31,92.8,14,98.21,116.9,-19.17
2026-01-19T09:45:00Z,2026-01-19 09:45,2026-01-19 10:00,QH,107.74,108.65,104.41,107.94,133.2,37,108.13,109.29,-1.54
2026-01-19T10:00:00Z,2026-01-19 10:00,2026-01-19 10:15,QH,114.59,115.04,111.41,114.38,93.6,30,115.6,111.3,3.29
2026-01-19T10:15:00Z,2026-01-19 10:15,2026-01-19 10:30,QH,105.28,110.31,100.61,101.8,60.1,11,104.45,109.21,-3.93
2026-01-19T10:30:00Z,2026-01-19 10:30,2026-01-19 10:45,QH,95.38,104.72,94.7,91.18,67.5,14,94.86,109.3,-13.92
2026-01-19T10:45:00Z,2026-01-19 10:45,2026-01-19 11:00,QH,98.59,99.26,91.95,99.66,82.6,25,95.65,105.83,-7.24
2026-01-19T11:00:00Z,2026-01-19 11:00,2026-01-19 11:15,QH,132.18,132.46,119.08,129.44,43.8,8,131.63,113.42,18.76
2026-01-19T11:15:00Z,2026-01-19 11:15,2026-01-19 11:30,QH,115.08,115.45,112.47,112.59,120.1,22,116.16,113.26,1.82
2026-01-19T11:30:00Z,2026-01-19 11:30,2026-01-19 11:45,QH,101.08,106.81,96.83,105.75,123.1,17,104.16,111.1,-10.03
2026-01-19T11:45:00Z,2026-01-19 11:45,2026-01-19 12:00,QH,121.25,123.46,118.87,122.02,84.5,10,116.59,108.52,12.73
2026-01-19T12:00:00Z,2026-01-19 12:00,2026-01-19 12:15,QH,128.62,138.11,118.78,127.46,40.2,13,126.53,108.65,19.97
2026-01-19T12:15:00Z,2026-01-19 12:15,2026-01-19 12:30,QH,130.13,135.24,122.43,133.66,163.8,36,130.27,107.05,23.08
2026-01-19T12:30:00Z,2026-01-19 12:30,2026-01-19 12:45,QH,232.43,237.63,225.47,233.9,10,4,230.76,116.9,115.53
2026-01-19T12:45:00Z,2026-01-19 12:45,2026-01-19 13:00,QH,113.34,114.63,112.33,111.18,114.9,46,112.31,113.51,-0.17
2026-01-19T13:00:00Z,2026-01-19 13:00,2026-01-19 13:15,QH,137.5,141.55,130.64,139.19,69.0,25,134.04,118.31,19.19
2026-01-19T13:15:00Z,2026-01-19 13:15,2026-01-19 13:30,QH,130.23,132.42,124.69,130.93,74.8,17,129.21,130.48,-0.25
2026-01-19T13:30:00Z,2026-01-19 13:30,2026-01-19 13:45,QH,121.09,121.48,120.84,120.41,110.2,15,123.36,106.86,14.23
2026-01-19T13:45:00Z,2026-01-19 13:45,2026-01-19 14:00,QH,128.46,130.4,127.62,127.09,105.3,19,129.19,110.04,18.42
2026-01-19T14:00:00Z,2026-01-19 14:00,2026-01-19 14:15,QH,103.25,106.65,102.56,107.3,85.4,11,105.41,116.99,-13.74
2026-01-19T14:15:00Z,2026-01-19 14:15,2026-01-19 14:30,QH,119.4,120.0,116.86,123.2,92.8,18,119.16,110.62,8.78
2026-01-19T14:30:00Z,2026-01-19 14:30,2026-01-19 14:45,QH,173.58,179.07,173.21,176.22,99.7,37,171.24,111.51,62.07
2026-01-19T14:45:00Z,2026-01-19 14:45,2026-01-19 15:00,QH,106.67,117.13,102.55,108.13,92.8,16,110.18,113.73,-7.06
2026-01-19T15:00:00Z,2026-01-19 15:00,2026-01-19 15:15,QH,95.44,105.29,94.7,96.62,39.5,5,92.14,117.68,-22.25
2026-01-19T15:15:00Z,2026-01-19 15:15,2026-01-19 15:30,QH,86.23,90.5,82.3,80.41,156.4,22,87.55,111.23,-25.0
2026-01-19T15:30:00Z,2026-01-19 15:30,2026-01-19 15:45,QH,114.55,119.63,107.08,112.74,96.7,39,114.46,116.85,-2.29
2026-01-19T15:45:00Z,2026-01-19 15:45,2026-01-19 16:00,QH,125.09,136.19,116.81,124.97,64.9,16,125.82,110.88,14.21
2026-01-19T16:00:00Z,2026-01-19 16:00,2026-01-19 16:15,QH,106.05,110.0,96.7,98.5,101.5,20,107.11,101.95,4.1
2026-01-19T16:15:00Z,2026-01-19 16:15,2026-01-19 16:30,QH,126.94,128.29,119.83,126.71,81.0,12,127.23,105.95,20.99
2026-01-19T16:30:00Z,2026-01-19 16:30,2026-01-19 16:45,QH,125.14,128.23,124.08,123.57,46.4,19,126.92,117.71,7.43
2026-01-19T16:45:00Z,2026-01-19 16:45,2026-01-19 17:00,QH,122.77,126.37,112.96,127.21,119.8,15,123.39,104.37,18.4
2026-01-19T17:00:00Z,2026-01-19 17:00,2026-01-19 17:15,QH,108.98,113.89,106.15,105.31,115.5,25,112.54,118.9,-9.92
2026-01-19T17:15:00Z,2026-01-19 17:15,2026-01-19 17:30,QH,136.06,136.44,134.1,133.83,83.0,17,135.55,108.47,27.58
2026-01-19T17:30:00Z,2026-01-19 17:30,2026-01-19 17:45,QH,121.35,122.1,114.09,122.11,53.4,7,122.78,107.42,13.93
2026-01-19T17:45:00Z,2026-01-19 17:45,2026-01-19 18:00,QH,112.87,115.78,108.99,108.97,79.4,20,110.0,105.36,7.51
2026-01-19T18:00:00Z,2026-01-19 18:00,2026-01-19 18:15,QH,94.26,96.23,90.89,95.79,132.5,40,93.16,112.42,-18.16
2026-01-19T18:15:00Z,2026-01-19 18:15,2026-01-19 18:30,QH,113.14,117.78,110.62,117.11,107.4,14,114.74,111.3,1.83
2026-01-19T18:30:00Z,2026-01-19 18:30,2026-01-19 18:45,QH,112.69,118.12,111.02,111.22,81.0,12,114.12,114.95,-2.26
2026-01-19T18:45:00Z,2026-01-19 18:45,2026-01-19 19:00,QH,102.0,114.14,98.28,104.5,136.9,33,101.02,105.64,-3.63
2026-01-19T19:00:00Z,2026-01-19 19:00,2026-01-19 19:15,QH,101.02,108.62,93.49,98.26,66.3,8,104.89,94.87,6.15
2026-01-19T19:15:00Z,2026-01-19 19:15,2026-01-19 19:30,QH,94.14,100.54,88.42,91.98,97.9,13,93.17,100.06,-5.92
2026-01-19T19:30:00Z,2026-01-19 19:30,2026-01-19 19:45,QH,118.68,122.57,111.69,118.18,86.6,14,119.56,102.32,16.36
2026-01-19T19:45:00Z,2026-01-19 19:45,2026-01-19 20:00,QH,107.52,107.84,101.91,104.41,33.1,8,106.6,100.1,7.43
2026-01-19T20:00:00Z,2026-01-19 20:00,2026-01-19 20:15,QH,69.65,74.77,66.46,69.08,98.7,20,70.19,74.26,-4.61
2026-01-19T20:15:00Z,2026-01-19 20:15,2026-01-19 20:30,QH,81.28,82.26,78.24,83.68,113.6,27,78.76,67.77,13.51
2026-01-19T20:30:00Z,2026-01-19 20:30,2026-01-19 20:45,QH,69.92,75.66,62.0,69.27,131.7,22,70.27,68.47,1.45
2026-01-19T20:45:00Z,2026-01-19 20:45,2026-01-19 21:00,QH,78.07,78.08,70.47,76.28,97.1,15,79.59,60.19,17.88
2026-01-19T21:00:00Z,2026-01-19 21:00,2026-01-19 21:15,QH,84.02,87.36,81.95,83.8,63.3,8,82.45,70.39,13.63
2026-01-19T21:15:00Z,2026-01-19 21:15,2026-01-19 21:30,QH,77.6,79.08,71.8,81.72,70.7,10,78.05,72.94,4.65
2026-01-19T21:30:00Z,2026-01-19 21:30,2026-01-19 21:45,QH,73.63,81.88,73.41,71.2,39.4,19,71.28,74.26,-0.64
2026-01-19T21:45:00Z,2026-01-19 21:45,2026-01-19 22:00,QH,75.02,83.98,68.17,78.11,91.4,39,78.72,68.11,6.91
2026-01-19T22:00:00Z,2026-01-19 22:00,2026-01-19 22:15,QH,87.28,87.92,85.4,85.11,82.7,12,85.38,75.58,11.7
2026-01-19T22:15:00Z,2026-01-19 22:15,2026-01-19 22:30,QH,71.76,73.62,67.91,72.89,72.5,13,70.96,69.56,2.2
2026-01-19T22:30:00Z,2026-01-19 22:30,2026-01-19 22:45,QH,83.44,86.85,75.55,86.5,123.0,17,83.23,65.4,18.04
2026-01-19T22:45:00Z,2026-01-19 22:45,2026-01-19 23:00,QH,72.59,75.99,64.69,66.5,107.4,23,70.88,63.47,9.12
2026-01-19T23:00:00Z,2026-01-19 23:00,2026-01-19 23:15,QH,68.86,69.63,60.62,70.85,76.7,10,69.42,59.95,8.91
2026-01-19T23:15:00Z,2026-01-19 23:15,2026-01-19 23:30,QH,51.55,57.61,48.87,55.42,109.5,21,51.7,69.65,-18.1
2026-01-19T23:30:00Z,2026-01-19 23:30,2026-01-19 23:45,QH,60.57,62.74,58.9,63.69,100.3,23,56.44,62.35,-1.78
2026-01-19T23:45:00Z,2026-01-19 23:45,2026-01-20 00:00,QH,70.47,77.28,67.2,69.05,86.1,33,75.55,77.07,-6.59
2026-01-20T00:00:00Z,2026-01-20 00:00,2026-01-20 00:15,QH,42.01,48.73,40.82,41.77,115.4,15,42.14,49.75,-7.74
2026-01-20T00:15:00Z,2026-01-20 00:15,2026-01-20 00:30,QH,43.42,47.95,35.72,43.68,109.9,26,44.23,46.69,-3.27
2026-01-20T00:30:00Z,2026-01-20 00:30,2026-01-20 00:45,QH,32.16,38.98,31.2,32.13,59.1,12,29.75,37.19,-5.03
2026-01-20T00:45:00Z,2026-01-20 00:45,2026-01-20 01:00,QH,35.53,35.96,32.61,39.47,98.9,17,39.7,39.01,-3.48
2026-01-20T01:00:00Z,2026-01-20 01:00,2026-01-20 01:15,QH,36.26,38.42,29.8,36.98,97.1,12,36.66,43.3,-7.04
2026-01-20T01:15:00Z,2026-01-20 01:15,2026-01-20 01:30,QH,33.71,34.11,32.72,30.87,107.1,24,31.71,43.24,-9.52
2026-01-20T01:30:00Z,2026-01-20 01:30,2026-01-20 01:45,QH,48.58,53.58,47.93,42.24,107.6,13,43.7,36.27,12.3
2026-01-20T01:45:00Z,2026-01-20 01:45,2026-01-20 02:00,QH,26.31,31.01,24.7,26.99,73.6,17,29.38,40.02,-13.71
2026-01-20T02:00:00Z,2026-01-20 02:00,2026-01-20 02:15,QH,45.16,51.8,44.89,44.35,53.2,7,45.2,42.13,3.03
2026-01-20T02:15:00Z,2026-01-20 02:15,2026-01-20 02:30,QH,40.78,49.22,40.07,42.71,111.5,34,39.66,38.16,2.62
2026-01-20T02:30:00Z,2026-01-20 02:30,2026-01-20 02:45,QH,31.13,33.11,29.79,32.41,73.8,26,31.51,43.76,-12.62
2026-01-20T02:45:00Z,2026-01-20 02:45,2026-01-20 03:00,QH,43.35,55.44,37.41,42.7,114.5,40,40.72,31.98,11.37
2026-01-20T03:00:00Z,2026-01-20 03:00,2026-01-20 03:15,QH,49.89,52.24,46.84,49.45,92.9,17,49.02,39.96,9.93
2026-01-20T03:15:00Z,2026-01-20 03:15,2026-01-20 03:30,QH,41.84,43.74,39.88,39.8,63.9,27,42.87,30.08,11.76
2026-01-20T03:30:00Z,2026-01-20 03:30,2026-01-20 03:45,QH,-25.72,-25.33,-30.25,-25.83,103.4,23,-24.12,44.84,-70.56
2026-01-20T03:45:00Z,2026-01-20 03:45,2026-01-20 04:00,QH,38.38,40.84,33.9,39.13,77.8,14,39.96,46.16,-7.77
2026-01-20T04:00:00Z,2026-01-20 04:00,2026-01-20 04:15,QH,31.52,35.93,28.36,29.64,78.1,12,28.75,44.65,-13.13
2026-01-20T04:15:00Z,2026-01-20 04:15,2026-01-20 04:30,QH,33.77,37.85,30.32,29.23,45.7,21,34.93,37.58,-3.81
2026-01-20T04:30:00Z,2026-01-20 04:30,2026-01-20 04:45,QH,45.56,51.2,44.79,45.21,118.5,20,44.91,36.82,8.74
2026-01-20T04:45:00Z,2026-01-20 04:45,2026-01-20 05:00,QH,59.43,64.96,56.81,59.63,90.4,21,58.38,34.47,24.96
2026-01-20T05:00:00Z,2026-01-20 05:00,2026-01-20 05:15,QH,51.56,56.42,49.87,51.81,108.1,13,49.02,44.7,6.86
2026-01-20T05:15:00Z,2026-01-20 05:15,2026-01-20 05:30,QH,35.43,38.35,31.0,31.58,79.6,17,37.42,28.32,7.11
2026-01-20T05:30:00Z,2026-01-20 05:30,2026-01-20 05:45,QH,49.0,50.98,42.24,51.76,53.7,21,49.84,40.27,8.73
2026-01-20T05:45:00Z,2026-01-20 05:45,2026-01-20 06:00,QH,61.6,67.31,55.85,64.93,71.5,13,60.34,37.47,24.13
2026-01-20T06:00:00Z,2026-01-20 06:00,2026-01-20 06:15,QH,27.1,34.11,23.07,27.46,53.7,9,25.92,37.08,-9.97
2026-01-20T06:15:00Z,2026-01-20 06:15,2026-01-20 06:30,QH,40.1,41.51,39.57,41.26,36.7,5,41.02,47.23,-7.12
2026-01-20T06:30:00Z,2026-01-20 06:30,2026-01-20 06:45,QH,43.15,51.16,38.46,44.57,61.1,7,43.25,46.23,-3.08
2026-01-20T06:45:00Z,2026-01-20 06:45,2026-01-20 07:00,QH,22.99,24.41,20.58,22.0,93.6,25,23.15,42.54,-19.55
2026-01-20T07:00:00Z,2026-01-20 07:00,2026-01-20 07:15,QH,59.73,61.35,56.81,59.92,65.9,10,60.44,77.0,-17.26
2026-01-20T07:15:00Z,2026-01-20 07:15,2026-01-20 07:30,QH,83.86,87.82,79.81,83.59,106.6,52,81.96,66.85,17.01
2026-01-20T07:30:00Z,2026-01-20 07:30,2026-01-20 07:45,QH,88.33,94.79,83.01,86.67,64.8,13,88.79,72.46,15.86
2026-01-20T07:45:00Z,2026-01-20 07:45,2026-01-20 08:00,QH,78.4,86.17,77.99,81.72,47.6,6,77.08,71.93,6.46
2026-01-20T08:00:00Z,2026-01-20 08:00,2026-01-20 08:15,QH,70.2,72.19,69.17,66.59,80.0,14,72.29,80.06,-9.86
2026-01-20T08:15:00Z,2026-01-20 08:15,2026-01-20 08:30,QH,67.28,75.67,61.32,66.59,75.8,12,65.23,80.81,-13.53
2026-01-20T08:30:00Z,2026-01-20 08:30,2026-01-20 08:45,QH,80.35,80.48,75.4,80.81,65.1,11,77.04,67.92,12.42
2026-01-20T08:45:00Z,2026-01-20 08:45,2026-01-20 09:00,QH,79.81,85.78,68.31,72.29,131.5,17,78.02,73.61,6.2
2026-01-20T09:00:00Z,2026-01-20 09:00,2026-01-20 09:15,QH,84.38,85.02,81.86,82.56,88.2,38,84.45,82.54,1.84
2026-01-20T09:15:00Z,2026-01-20 09:15,2026-01-20 09:30,QH,88.15,91.54,83.84,92.76,31.9,4,86.65,86.81,1.34
2026-01-20T09:30:00Z,2026-01-20 09:30,2026-01-20 09:45,QH,71.61,74.02,69.85,69.13,114.6,14,70.82,77.46,-5.85
2026-01-20T09:45:00Z,2026-01-20 09:45,2026-01-20 10:00,QH,78.63,80.8,72.89,81.06,97.9,14,77.84,72.99,5.64
2026-01-20T10:00:00Z,2026-01-20 10:00,2026-01-20 10:15,QH,83.32,89.2,83.16,83.41,73.8,9,82.95,67.79,15.53
2026-01-20T10:15:00Z,2026-01-20 10:15,2026-01-20 10:30,QH,98.2,102.05,97.25,101.44,15.6,7,102.19,85.96,12.24
2026-01-20T10:30:00Z,2026-01-20 10:30,2026-01-20 10:45,QH,79.55,83.43,73.0,77.42,77.8,22,82.65,82.86,-3.31
2026-01-20T10:45:00Z,2026-01-20 10:45,2026-01-20 11:00,QH,78.66,87.12,75.47,80.71,47.4,7,78.98,81.73,-3.07
2026-01-20T11:00:00Z,2026-01-20 11:00,2026-01-20 11:15,QH,69.98,72.06,66.12,74.12,82.2,15,71.17,85.66,-15.68
2026-01-20T11:15:00Z,2026-01-20 11:15,2026-01-20 11:30,QH,87.18,93.01,82.03,92.71,148.5,54,85.89,88.04,-0.86
2026-01-20T11:30:00Z,2026-01-20 11:30,2026-01-20 11:45,QH,75.53,76.92,75.09,77.03,158.1,21,70.02,73.41,2.12
2026-01-20T11:45:00Z,2026-01-20 11:45,2026-01-20 12:00,QH,83.96,94.55,83.78,82.94,70.8,11,84.88,84.03,-0.07
2026-01-20T12:00:00Z,2026-01-20 12:00,2026-01-20 12:15,QH,71.97,79.64,65.92,72.91,69.1,10,71.33,86.31,-14.34
2026-01-20T12:15:00Z,2026-01-20 12:15,2026-01-20 12:30,QH,80.73,83.72,79.0,79.96,54.7,16,81.94,88.07,-7.34
2026-01-20T12:30:00Z,2026-01-20 12:30,2026-01-20 12:45,QH,92.65,97.15,88.3,94.23,60.3,10,89.19,84.35,8.3
2026-01-20T12:45:00Z,2026-01-20 12:45,2026-01-20 13:00,QH,69.85,79.3,66.65,67.81,77.6,29,71.02,87.82,-17.97
2026-01-20T13:00:00Z,2026-01-20 13:00,2026-01-20 13:15,QH,84.26,91.12,83.0,86.23,61.9,10,88.92,77.32,6.94
2026-01-20T13:15:00Z,2026-01-20 13:15,2026-01-20 13:30,QH,86.85,92.59,84.86,85.54,116.3,17,88.51,85.22,1.63
2026-01-20T13:30:00Z,2026-01-20 13:30,2026-01-20 13:45,QH,83.89,87.38,75.26,82.09,100.8,15,81.66,83.36,0.54
2026-01-20T13:45:00Z,2026-01-20 13:45,2026-01-20 14:00,QH,87.31,93.67,81.7,85.56,50.2,18,86.68,78.98,8.33
2026-01-20T14:00:00Z,2026-01-20 14:00,2026-01-20 14:15,QH,96.03,101.47,85.92,97.79,77.5,16,98.31,92.36,3.68
2026-01-20T14:15:00Z,2026-01-20 14:15,2026-01-20 14:30,QH,95.61,96.27,92.37,95.51,36.3,16,94.57,83.81,11.8
2026-01-20T14:30:00Z,2026-01-20 14:30,2026-01-20 14:45,QH,79.11,84.65,77.97,79.3,97.1,29,75.63,81.58,-2.46
2026-01-20T14:45:00Z,2026-01-20 14:45,2026-01-20 15:00,QH,61.21,63.81,56.62,63.33,81.8,37,59.91,85.35,-24.15
2026-01-20T15:00:00Z,2026-01-20 15:00,2026-01-20 15:15,QH,97.93,98.8,97.86,94.35,72.8,35,95.6,87.52,10.42
2026-01-20T15:15:00Z,2026-01-20 15:15,2026-01-20 15:30,QH,88.49,93.99,85.56,89.19,99.5,19,89.67,85.33,3.16
2026-01-20T15:30:00Z,2026-01-20 15:30,2026-01-20 15:45,QH,76.75,81.95,72.59,75.48,66.9,13,77.13,84.19,-7.44
2026-01-20T15:45:00Z,2026-01-20 15:45,2026-01-20 16:00,QH,77.78,80.35,77.07,75.83,61.1,14,80.15,83.94,-6.16
2026-01-20T16:00:00Z,2026-01-20 16:00,2026-01-20 16:15,QH,88.16,89.28,84.29,89.2,113.6,46,87.43,76.46,11.7
2026-01-20T16:15:00Z,2026-01-20 16:15,2026-01-20 16:30,QH,72.96,73.23,69.45,73.19,121.8,16,75.15,69.21,3.75
2026-01-20T16:30:00Z,2026-01-20 16:30,2026-01-20 16:45,QH,85.91,88.33,84.08,82.82,44.7,5,86.48,84.61,1.3
2026-01-20T16:45:00Z,2026-01-20 16:45,2026-01-20 17:00,QH,74.74,76.96,73.09,69.34,78.5,12,72.18,78.28,-3.54
2026-01-20T17:00:00Z,2026-01-20 17:00,2026-01-20 17:15,QH,68.87,76.13,68.36,69.21,97.4,24,69.98,72.14,-3.27
2026-01-20T17:15:00Z,2026-01-20 17:15,2026-01-20 17:30,QH,78.57,85.63,76.79,77.41,63.3,10,74.43,80.86,-2.29
2026-01-20T17:30:00Z,2026-01-20 17:30,2026-01-20 17:45,QH,100.87,107.74,100.1,106.98,81.6,14,103.84,85.24,15.64
2026-01-20T17:45:00Z,2026-01-20 17:45,2026-01-20 18:00,QH,79.09,85.99,66.74,77.84,89.8,13,76.6,75.96,3.13
2026-01-20T18:00:00Z,2026-01-20 18:00,2026-01-20 18:15,QH,57.83,62.21,55.25,55.96,83.6,16,59.58,82.93,-25.1
2026-01-20T18:15:00Z,2026-01-20 18:15,2026-01-20 18:30,QH,82.92,86.01,79.69,85.7,80.1,14,78.85,67.58,15.34
2026-01-20T18:30:00Z,2026-01-20 18:30,2026-01-20 18:45,QH,80.28,82.3,76.56,81.54,58.2,7,81.47,73.9,6.38
2026-01-20T18:45:00Z,2026-01-20 18:45,2026-01-20 19:00,QH,93.89,103.46,86.62,99.23,141.7,30,93.01,79.71,14.17
2026-01-20T19:00:00Z,2026-01-20 19:00,2026-01-20 19:15,QH,35.75,37.78,35.11,40.56,107.3,22,36.76,68.86,-33.1
2026-01-20T19:15:00Z,2026-01-20 19:15,2026-01-20 19:30,QH,78.0,80.11,73.7,77.21,101.2,26,77.32,74.59,3.41
2026-01-20T19:30:00Z,2026-01-20 19:30,2026-01-20 19:45,QH,86.42,87.81,84.46,85.95,106.5,31,89.33,76.1,10.31
2026-01-20T19:45:00Z,2026-01-20 19:45,2026-01-20 20:00,QH,80.19,81.3,74.35,79.32,62.3,13,80.73,84.31,-4.12
2026-01-20T20:00:00Z,2026-01-20 20:00,2026-01-20 20:15,QH,45.36,45.85,39.67,46.6,52.4,8,46.26,31.56,13.8
2026-01-20T20:15:00Z,2026-01-20 20:15,2026-01-20 20:30,QH,47.36,54.71,37.19,50.87,105.1,16,45.69,49.32,-1.96
2026-01-20T20:30:00Z,2026-01-20 20:30,2026-01-20 20:45,QH,30.35,40.04,27.71,32.15,88.5,11,29.48,46.61,-16.26
2026-01-20T20:45:00Z,2026-01-20 20:45,2026-01-20 21:00,QH,61.49,64.08,60.02,63.73,123.4,22,60.59,38.48,23.01
2026-01-20T21:00:00Z,2026-01-20 21:00,2026-01-20 21:15,QH,5.46,12.97,4.6,3.97,90.8,13,3.82,42.79,-37.33
2026-01-20T21:15:00Z,2026-01-20 21:15,2026-01-20 21:30,QH,54.61,56.57,48.93,56.2,127.7,29,54.84,39.61,15.0
2026-01-20T21:30:00Z,2026-01-20 21:30,2026-01-20 21:45,QH,39.35,41.12,35.0,41.2,58.9,10,40.1,46.09,-6.73
2026-01-20T21:45:00Z,2026-01-20 21:45,2026-01-20 22:00,QH,44.29,44.32,43.14,39.42,30.2,8,43.0,39.72,4.57
2026-01-20T22:00:00Z,2026-01-20 22:00,2026-01-20 22:15,QH,55.02,67.74,51.05,50.81,57.5,7,54.67,38.61,16.41
2026-01-20T22:15:00Z,2026-01-20 22:15,2026-01-20 22:30,QH,34.78,36.09,29.43,35.85,32.9,5,33.98,47.46,-12.68
2026-01-20T22:30:00Z,2026-01-20 22:30,2026-01-20 22:45,QH,51.83,52.82,50.6,49.82,111.4,38,50.13,26.72,25.11
2026-01-20T22:45:00Z,2026-01-20 22:45,2026-01-20 23:00,QH,51.56,54.73,50.65,51.32,117.8,30,53.32,36.37,15.19
2026-01-20T23:00:00Z,2026-01-20 23:00,2026-01-20 23:15,QH,54.44,58.71,53.93,52.16,33.7,5,53.54,29.64,24.8
2026-01-20T23:15:00Z,2026-01-20 23:15,2026-01-20 23:30,QH,39.88,46.41,34.76,41.61,124.2,19,37.25,40.21,-0.33
2026-01-20T23:30:00Z,2026-01-20 23:30,2026-01-20 23:45,QH,52.3,52.92,42.49,52.35,39.4,8,49.09,43.31,8.99
2026-01-20T23:45:00Z,2026-01-20 23:45,2026-01-21 00:00,QH,25.54,29.81,21.06,28.3,10,3,23.56,41.12,-15.58
2026-01-21T00:00:00Z,2026-01-21 00:00,2026-01-21 00:15,QH,28.5,35.68,23.26,28.36,78.9,10,28.54,36.0,-7.5
2026-01-21T00:15:00Z,2026-01-21 00:15,2026-01-21 00:30,QH,36.89,39.6,36.19,36.06,87.3,12,38.66,39.0,-2.11
2026-01-21T00:30:00Z,2026-01-21 00:30,2026-01-21 00:45,QH,44.05,48.1,41.62,44.29,116.1,15,42.75,39.02,5.03
2026-01-21T00:45:00Z,2026-01-21 00:45,2026-01-21 01:00,QH,47.58,57.95,36.76,44.05,95.1,12,43.27,27.45,20.13
2026-01-21T01:00:00Z,2026-01-21 01:00,2026-01-21 01:15,QH,34.58,39.72,31.54,31.13,76.9,19,35.13,38.63,-4.05
2026-01-21T01:15:00Z,2026-01-21 01:15,2026-01-21 01:30,QH,34.25,35.38,29.25,30.16,51.5,6,32.9,41.52,-7.27
2026-01-21T01:30:00Z,2026-01-21 01:30,2026-01-21 01:45,QH,18.22,20.75,15.82,16.69,67.8,9,18.4,24.5,-6.28
2026-01-21T01:45:00Z,2026-01-21 01:45,2026-01-21 02:00,QH,60.98,73.57,59.22,63.4,37.1,7,59.44,41.86,19.12
2026-01-21T02:00:00Z,2026-01-21 02:00,2026-01-21 02:15,QH,47.0,47.39,42.19,44.55,117.4,34,47.67,39.71,7.29
2026-01-21T02:15:00Z,2026-01-21 02:15,2026-01-21 02:30,QH,47.55,48.71,46.3,48.29,97.9,19,49.73,46.83,0.72
2026-01-21T02:30:00Z,2026-01-21 02:30,2026-01-21 02:45,QH,38.24,43.62,36.06,42.61,74.6,24,38.37,33.91,4.33
2026-01-21T02:45:00Z,2026-01-21 02:45,2026-01-21 03:00,QH,37.09,38.71,34.52,40.71,71.5,18,33.7,36.88,0.21
2026-01-21T03:00:00Z,2026-01-21 03:00,2026-01-21 03:15,QH,25.94,34.6,19.55,29.18,25.6,9,29.49,36.42,-10.48
2026-01-21T03:15:00Z,2026-01-21 03:15,2026-01-21 03:30,QH,40.02,46.09,38.89,40.9,24.2,8,40.53,40.75,-0.72
2026-01-21T03:30:00Z,2026-01-21 03:30,2026-01-21 03:45,QH,156.25,157.59,145.86,152.94,102.0,23,155.45,35.29,120.96
2026-01-21T03:45:00Z,2026-01-21 03:45,2026-01-21 04:00,QH,53.48,57.48,45.51,51.36,82.1,38,53.6,39.1,14.38
2026-01-21T04:00:00Z,2026-01-21 04:00,2026-01-21 04:15,QH,29.86,34.9,29.24,27.35,67.0,9,32.15,38.46,-8.61
2026-01-21T04:15:00Z,2026-01-21 04:15,2026-01-21 04:30,QH,17.64,22.41,8.07,24.1,69.4,15,20.07,38.02,-20.37
2026-01-21T04:30:00Z,2026-01-21 04:30,2026-01-21 04:45,QH,37.33,37.93,36.1,26.9,112.8,28,37.92,39.03,-1.7
2026-01-21T04:45:00Z,2026-01-21 04:45,2026-01-21 05:00,QH,18.49,23.32,9.8,17.06,94.4,43,17.49,45.66,-27.16
2026-01-21T05:00:00Z,2026-01-21 05:00,2026-01-21 05:15,QH,48.83,50.97,46.12,47.84,141.7,46,50.62,40.73,8.1
2026-01-21T05:15:00Z,2026-01-21 05:15,2026-01-21 05:30,QH,71.58,71.63,58.82,72.14,75.1,14,74.69,33.13,38.45
2026-01-21T05:30:00Z,2026-01-21 05:30,2026-01-21 05:45,QH,11.53,11.85,7.78,10.42,102.5,14,10.36,39.63,-28.1
2026-01-21T05:45:00Z,2026-01-21 05:45,2026-01-21 06:00,QH,61.24,63.58,56.8,62.19,105.3,43,59.73,34.64,26.6
2026-01-21T06:00:00Z,2026-01-21 06:00,2026-01-21 06:15,QH,123.83,128.3,122.15,122.05,123.5,16,126.96,33.85,89.98
2026-01-21T06:15:00Z,2026-01-21 06:15,2026-01-21 06:30,QH,123.36,126.46,116.07,123.47,61.5,8,123.62,38.01,85.36
2026-01-21T06:30:00Z,2026-01-21 06:30,2026-01-21 06:45,QH,30.4,39.35,23.31,29.63,128.9,18,27.31,44.47,-14.07
2026-01-21T06:45:00Z,2026-01-21 06:45,2026-01-21 07:00,QH,39.79,40.66,38.13,38.99,81.0,14,41.0,35.25,4.54
2026-01-21T07:00:00Z,2026-01-21 07:00,2026-01-21 07:15,QH,75.77,85.49,73.28,73.1,110.3,17,74.99,70.32,5.45
2026-01-21T07:15:00Z,2026-01-21 07:15,2026-01-21 07:30,QH,72.56,78.02,68.75,69.78,118.0,16,73.45,82.05,-9.48
2026-01-21T07:30:00Z,2026-01-21 07:30,2026-01-21 07:45,QH,87.14,92.81,81.48,92.73,69.6,12,83.4,70.42,16.73
2026-01-21T07:45:00Z,2026-01-21 07:45,2026-01-21 08:00,QH,93.03,93.97,82.18,92.61,88.4,11,94.47,69.79,23.24
2026-01-21T08:00:00Z,2026-01-21 08:00,2026-01-21 08:15,QH,66.96,67.87,65.02,67.36,66.3,12,66.64,72.08,-5.12
2026-01-21T08:15:00Z,2026-01-21 08:15,2026-01-21 08:30,QH,58.56,59.12,58.32,61.37,118.6,19,57.76,77.44,-18.88
2026-01-21T08:30:00Z,2026-01-21 08:30,2026-01-21 08:45,QH,56.18,57.53,50.99,62.67,105.8,32,61.98,84.82,-28.65
2026-01-21T08:45:00Z,2026-01-21 08:45,2026-01-21 09:00,QH,60.05,61.3,58.91,57.74,24.8,3,59.8,69.91,-9.86
2026-01-21T09:00:00Z,2026-01-21 09:00,2026-01-21 09:15,QH,93.71,95.38,89.85,95.01,117.2,21,94.18,84.73,8.97
2026-01-21T09:15:00Z,2026-01-21 09:15,2026-01-21 09:30,QH,67.36,73.45,63.04,66.5,66.1,9,69.13,77.18,-9.83
2026-01-21T09:30:00Z,2026-01-21 09:30,2026-01-21 09:45,QH,75.81,76.92,75.31,74.83,51.9,18,75.32,79.38,-3.57
2026-01-21T09:45:00Z,2026-01-21 09:45,2026-01-21 10:00,QH,81.77,87.65,77.88,83.14,59.9,18,81.88,74.3,7.47
2026-01-21T10:00:00Z,2026-01-21 10:00,2026-01-21 10:15,QH,73.47,82.23,72.31,74.93,54.8,12,73.03,78.31,-4.84
2026-01-21T10:15:00Z,2026-01-21 10:15,2026-01-21 10:30,QH,71.36,76.64,70.92,72.09,115.0,14,71.8,77.3,-5.94
2026-01-21T10:30:00Z,2026-01-21 10:30,2026-01-21 10:45,QH,70.32,70.33,66.32,69.8,75.7,10,68.13,80.37,-10.05
2026-01-21T10:45:00Z,2026-01-21 10:45,2026-01-21 11:00,QH,84.68,87.19,83.52,82.37,89.0,27,88.72,73.32,11.36
2026-01-21T11:00:00Z,2026-01-21 11:00,2026-01-21 11:15,QH,80.98,83.24,79.91,81.15,76.4,10,78.85,80.59,0.38
2026-01-21T11:15:00Z,2026-01-21 11:15,2026-01-21 11:30,QH,67.49,70.86,63.65,66.71,77.5,10,68.0,89.27,-21.79
2026-01-21T11:30:00Z,2026-01-21 11:30,2026-01-21 11:45,QH,93.63,104.39,86.1,96.11,34.7,17,95.06,77.88,15.75
2026-01-21T11:45:00Z,2026-01-21 11:45,2026-01-21 12:00,QH,109.37,110.82,106.31,107.26,102.9,40,107.78,81.86,27.51
2026-01-21T12:00:00Z,2026-01-21 12:00,2026-01-21 12:15,QH,64.32,68.3,56.43,62.2,79.0,15,61.34,78.12,-13.8
2026-01-21T12:15:00Z,2026-01-21 12:15,2026-01-21 12:30,QH,90.36,93.24,82.26,91.61,54.6,7,87.12,83.98,6.38
2026-01-21T12:30:00Z,2026-01-21 12:30,2026-01-21 12:45,QH,93.85,95.83,87.99,95.2,92.7,45,90.8,93.91,-0.06
2026-01-21T12:45:00Z,2026-01-21 12:45,2026-01-21 13:00,QH,83.8,85.74,83.54,84.36,109.8,16,84.9,85.02,-1.22
2026-01-21T13:00:00Z,2026-01-21 13:00,2026-01-21 13:15,QH,72.74,80.26,64.99,71.68,101.3,34,78.3,83.58,-10.85
2026-01-21T13:15:00Z,2026-01-21 13:15,2026-01-21 13:30,QH,91.07,92.08,89.82,91.59,66.4,11,88.91,75.39,15.68
2026-01-21T13:30:00Z,2026-01-21 13:30,2026-01-21 13:45,QH,86.29,92.47,83.92,80.07,73.7,12,86.29,80.94,5.35
2026-01-21T13:45:00Z,2026-01-21 13:45,2026-01-21 14:00,QH,91.4,91.81,88.48,94.09,51.0,24,90.5,81.78,9.62
2026-01-21T14:00:00Z,2026-01-21 14:00,2026-01-21 14:15,QH,77.03,81.67,76.31,79.18,36.3,14,76.54,85.95,-8.92
2026-01-21T14:15:00Z,2026-01-21 14:15,2026-01-21 14:30,QH,80.68,81.83,80.68,81.89,84.2,17,80.77,78.79,1.89
2026-01-21T14:30:00Z,2026-01-21 14:30,2026-01-21 14:45,QH,67.03,67.94,60.03,60.87,106.7,16,66.73,79.94,-12.9
2026-01-21T14:45:00Z,2026-01-21 14:45,2026-01-21 15:00,QH,90.73,96.7,89.64,92.66,114.7,53,93.18,83.62,7.11
2026-01-21T15:00:00Z,2026-01-21 15:00,2026-01-21 15:15,QH,87.81,92.25,86.74,92.27,71.5,24,88.55,88.13,-0.32
2026-01-21T15:15:00Z,2026-01-21 15:15,2026-01-21 15:30,QH,85.77,91.27,84.56,83.17,123.7,19,81.41,87.72,-1.94
2026-01-21T15:30:00Z,2026-01-21 15:30,2026-01-21 15:45,QH,82.53,83.03,77.53,78.63,78.1,18,81.37,82.56,-0.03
2026-01-21T15:45:00Z,2026-01-21 15:45,2026-01-21 16:00,QH,66.42,67.81,63.61,64.88,26.2,10,63.54,90.72,-24.3
2026-01-21T16:00:00Z,2026-01-21 16:00,2026-01-21 16:15,QH,88.79,91.43,85.04,88.94,116.3,19,88.46,81.98,6.8
2026-01-21T16:15:00Z,2026-01-21 16:15,2026-01-21 16:30,QH,70.73,71.32,53.58,74.26,47.6,7,70.03,80.05,-9.32
2026-01-21T16:30:00Z,2026-01-21 16:30,2026-01-21 16:45,QH,74.4,78.87,73.33,71.39,50.3,24,73.29,75.14,-0.74
2026-01-21T16:45:00Z,2026-01-21 16:45,2026-01-21 17:00,QH,82.38,87.34,74.79,83.71,91.5,19,77.89,68.4,13.98
2026-01-21T17:00:00Z,2026-01-21 17:00,2026-01-21 17:15,QH,83.09,86.55,82.53,81.77,24.0,6,84.41,71.37,11.72
2026-01-21T17:15:00Z,2026-01-21 17:15,2026-01-21 17:30,QH,67.86,67.97,65.96,66.5,104.1,42,66.4,80.36,-12.51
2026-01-21T17:30:00Z,2026-01-21 17:30,2026-01-21 17:45,QH,89.59,90.96,86.17,88.13,30.9,3,91.79,69.4,20.19
2026-01-21T17:45:00Z,2026-01-21 17:45,2026-01-21 18:00,QH,91.62,100.36,88.87,90.23,78.9,11,94.3,78.16,13.46
2026-01-21T18:00:00Z,2026-01-21 18:00,2026-01-21 18:15,QH,71.13,76.72,69.19,70.06,108.6,15,70.74,81.01,-9.88
2026-01-21T18:15:00Z,2026-01-21 18:15,2026-01-21 18:30,QH,89.85,99.44,86.41,87.79,82.2,28,91.6,74.16,15.69
2026-01-21T18:30:00Z,2026-01-21 18:30,2026-01-21 18:45,QH,106.87,111.95,106.34,107.37,98.2,12,105.68,77.03,29.85
2026-01-21T18:45:00Z,2026-01-21 18:45,2026-01-21 19:00,QH,74.96,80.31,72.95,77.87,54.5,11,74.45,77.33,-2.37
2026-01-21T19:00:00Z,2026-01-21 19:00,2026-01-21 19:15,QH,65.44,68.63,64.3,65.7,69.5,10,64.79,66.04,-0.6
2026-01-21T19:15:00Z,2026-01-21 19:15,2026-01-21 19:30,QH,75.62,75.95,75.43,75.81,84.7,10,70.96,71.0,4.61
2026-01-21T19:30:00Z,2026-01-21 19:30,2026-01-21 19:45,QH,76.05,79.86,73.67,76.13,85.9,33,74.93,66.91,9.14
2026-01-21T19:45:00Z,2026-01-21 19:45,2026-01-21 20:00,QH,79.4,80.68,71.0,74.83,78.6,29,78.06,74.4,5.0
2026-01-21T20:00:00Z,2026-01-21 20:00,2026-01-21 20:15,QH,43.37,44.1,42.95,46.29,48.4,6,45.28,38.77,4.6
2026-01-21T20:15:00Z,2026-01-21 20:15,2026-01-21 20:30,QH,52.01,60.37,49.78,53.01,104.8,17,51.31,35.47,16.54
2026-01-21T20:30:00Z,2026-01-21 20:30,2026-01-21 20:45,QH,34.66,39.86,27.14,40.06,75.1,11,33.75,39.6,-4.94
2026-01-21T20:45:00Z,2026-01-21 20:45,2026-01-21 21:00,QH,35.47,39.44,26.97,32.34,66.0,17,36.55,38.55,-3.08
2026-01-21T21:00:00Z,2026-01-21 21:00,2026-01-21 21:15,QH,35.44,42.46,29.67,33.34,68.7,8,36.66,36.77,-1.33
2026-01-21T21:15:00Z,2026-01-21 21:15,2026-01-21 21:30,QH,37.57,38.45,32.93,32.68,64.1,10,36.68,46.58,-9.01
2026-01-21T21:30:00Z,2026-01-21 21:30,2026-01-21 21:45,QH,43.67,47.44,43.27,40.52,59.6,10,45.5,40.13,3.54
2026-01-21T21:45:00Z,2026-01-21 21:45,2026-01-21 22:00,QH,40.7,40.83,39.17,35.94,38.2,5,44.56,32.29,8.41
2026-01-21T22:00:00Z,2026-01-21 22:00,2026-01-21 22:15,QH,39.64,46.1,37.21,43.05,125.9,20,40.37,37.94,1.7
2026-01-21T22:15:00Z,2026-01-21 22:15,2026-01-21 22:30,QH,33.57,40.44,27.82,34.67,156.1,37,36.25,38.54,-4.96
2026-01-21T22:30:00Z,2026-01-21 22:30,2026-01-21 22:45,QH,31.12,31.74,25.83,24.49,73.0,29,31.91,47.45,-16.32
2026-01-21T22:45:00Z,2026-01-21 22:45,2026-01-21 23:00,QH,36.21,40.46,35.42,43.34,88.0,16,35.68,38.35,-2.14
2026-01-21T23:00:00Z,2026-01-21 23:00,2026-01-21 23:15,QH,39.16,48.3,30.27,40.02,63.7,8,39.11,42.54,-3.38
2026-01-21T23:15:00Z,2026-01-21 23:15,2026-01-21 23:30,QH,38.82,45.06,36.22,36.73,49.0,6,38.58,34.87,3.95
2026-01-21T23:30:00Z,2026-01-21 23:30,2026-01-21 23:45,QH,34.71,42.3,21.83,36.26,42.5,21,34.37,36.85,-2.14
2026-01-21T23:45:00Z,2026-01-21 23:45,2026-01-22 00:00,QH,51.09,53.64,50.93,47.67,65.5,10,47.79,40.92,10.18
2026-01-22T00:00:00Z,2026-01-22 00:00,2026-01-22 00:15,QH,61.31,70.64,57.58,65.4,88.1,29,58.46,56.92,4.39
2026-01-22T00:15:00Z,2026-01-22 00:15,2026-01-22 00:30,QH,57.13,57.15,56.85,61.79,75.3,11,55.4,57.97,-0.85
2026-01-22T00:30:00Z,2026-01-22 00:30,2026-01-22 00:45,QH,52.24,63.78,46.24,49.67,67.7,10,52.08,59.25,-7.01
2026-01-22T00:45:00Z,2026-01-22 00:45,2026-01-22 01:00,QH,42.96,53.02,41.55,37.68,83.6,18,43.93,57.63,-14.67
2026-01-22T01:00:00Z,2026-01-22 01:00,2026-01-22 01:15,QH,58.29,59.39,55.36,61.32,83.3,21,58.03,56.65,1.65
2026-01-22T01:15:00Z,2026-01-22 01:15,2026-01-22 01:30,QH,53.24,60.92,49.97,48.49,130.6,17,56.74,58.49,-5.25
2026-01-22T01:30:00Z,2026-01-22 01:30,2026-01-22 01:45,QH,80.91,82.64,74.91,80.89,31.2,10,80.56,50.17,30.74
2026-01-22T01:45:00Z,2026-01-22 01:45,2026-01-22 02:00,QH,52.01,56.44,48.94,51.94,46.7,6,53.17,50.28,1.74
2026-01-22T02:00:00Z,2026-01-22 02:00,2026-01-22 02:15,QH,46.34,51.99,44.06,47.15,74.1,24,42.58,56.5,-10.17
2026-01-22T02:15:00Z,2026-01-22 02:15,2026-01-22 02:30,QH,35.04,35.5,26.97,35.05,68.8,18,36.9,46.14,-11.1
2026-01-22T02:30:00Z,2026-01-22 02:30,2026-01-22 02:45,QH,50.95,57.32,46.58,50.82,33.5,4,50.16,58.21,-7.25
2026-01-22T02:45:00Z,2026-01-22 02:45,2026-01-22 03:00,QH,44.81,46.03,32.96,40.32,47.5,17,47.82,57.31,-12.5
2026-01-22T03:00:00Z,2026-01-22 03:00,2026-01-22 03:15,QH,64.77,67.09,56.19,67.35,124.0,28,63.71,57.49,7.29
2026-01-22T03:15:00Z,2026-01-22 03:15,2026-01-22 03:30,QH,67.45,71.23,56.03,68.11,121.6,18,68.54,56.44,11.01
2026-01-22T03:30:00Z,2026-01-22 03:30,2026-01-22 03:45,QH,66.41,67.84,59.03,63.04,91.7,35,64.07,56.39,10.01
2026-01-22T03:45:00Z,2026-01-22 03:45,2026-01-22 04:00,QH,52.9,54.0,52.47,50.39,92.4,12,52.45,61.33,-8.44
2026-01-22T04:00:00Z,2026-01-22 04:00,2026-01-22 04:15,QH,46.58,49.21,41.47,45.66,96.6,16,45.83,59.67,-13.09
2026-01-22T04:15:00Z,2026-01-22 04:15,2026-01-22 04:30,QH,48.13,52.59,45.84,49.26,76.4,12,45.74,59.17,-11.04
2026-01-22T04:30:00Z,2026-01-22 04:30,2026-01-22 04:45,QH,84.8,88.71,82.69,87.4,107.7,14,84.79,59.35,25.45
2026-01-22T04:45:00Z,2026-01-22 04:45,2026-01-22 05:00,QH,-6.7,3.8,-13.13,-12.39,68.0,8,-7.59,54.6,-61.3
2026-01-22T05:00:00Z,2026-01-22 05:00,2026-01-22 05:15,QH,60.55,63.1,53.28,63.37,119.2,18,56.87,54.19,6.36
2026-01-22T05:15:00Z,2026-01-22 05:15,2026-01-22 05:30,QH,56.43,64.58,51.53,55.71,61.0,26,56.2,72.76,-16.33
2026-01-22T05:30:00Z,2026-01-22 05:30,2026-01-22 05:45,QH,58.46,67.53,52.73,54.11,73.7,11,59.39,60.37,-1.91
2026-01-22T05:45:00Z,2026-01-22 05:45,2026-01-22 06:00,QH,69.17,73.48,66.02,68.95,113.0,51,70.4,55.51,13.66
2026-01-22T06:00:00Z,2026-01-22 06:00,2026-01-22 06:15,QH,47.11,48.8,42.57,46.88,97.8,28,50.18,59.27,-12.16
2026-01-22T06:15:00Z,2026-01-22 06:15,2026-01-22 06:30,QH,70.14,76.77,66.86,70.66,71.2,9,69.14,51.66,18.48
2026-01-22T06:30:00Z,2026-01-22 06:30,2026-01-22 06:45,QH,60.06,61.3,55.09,55.68,52.6,12,59.66,51.23,8.83
2026-01-22T06:45:00Z,2026-01-22 06:45,2026-01-22 07:00,QH,41.2,42.05,40.0,43.18,114.8,15,36.1,62.47,-21.27
2026-01-22T07:00:00Z,2026-01-22 07:00,2026-01-22 07:15,QH,85.11,89.03,84.49,80.21,110.7,53,87.35,96.2,-11.1
2026-01-22T07:15:00Z,2026-01-22 07:15,2026-01-22 07:30,QH,98.93,99.06,95.99,100.39,34.5,5,97.81,94.99,3.94
2026-01-22T07:30:00Z,2026-01-22 07:30,2026-01-22 07:45,QH,89.72,90.1,88.92,96.14,110.3,23,89.05,96.09,-6.37
2026-01-22T07:45:00Z,2026-01-22 07:45,2026-01-22 08:00,QH,90.51,95.3,86.98,89.62,65.2,10,90.63,101.77,-11.27
2026-01-22T08:00:00Z,2026-01-22 08:00,2026-01-22 08:15,QH,87.27,92.03,85.83,83.53,136.5,17,88.66,95.58,-8.32
2026-01-22T08:15:00Z,2026-01-22 08:15,2026-01-22 08:30,QH,89.58,100.69,78.91,83.15,50.2,6,93.12,101.95,-12.38
2026-01-22T08:30:00Z,2026-01-22 08:30,2026-01-22 08:45,QH,88.85,93.36,83.94,87.73,41.8,14,90.34,88.14,0.71
2026-01-22T08:45:00Z,2026-01-22 08:45,2026-01-22 09:00,QH,83.14,85.87,82.73,85.62,99.7,22,84.99,90.99,-7.85
2026-01-22T09:00:00Z,2026-01-22 09:00,2026-01-22 09:15,QH,124.2,127.09,114.94,124.19,74.6,23,125.78,98.9,25.3
2026-01-22T09:15:00Z,2026-01-22 09:15,2026-01-22 09:30,QH,112.57,115.4,105.24,109.62,98.2,19,112.08,100.09,12.48
2026-01-22T09:30:00Z,2026-01-22 09:30,2026-01-22 09:45,QH,87.97,89.95,85.09,86.59,66.2,17,86.61,96.1,-8.13
2026-01-22T09:45:00Z,2026-01-22 09:45,2026-01-22 10:00,QH,86.8,91.22,82.95,83.83,97.7,12,84.19,100.6,-13.8
2026-01-22T10:00:00Z,2026-01-22 10:00,2026-01-22 10:15,QH,93.32,99.95,91.18,95.2,75.3,11,95.18,100.43,-7.11
2026-01-22T10:15:00Z,2026-01-22 10:15,2026-01-22 10:30,QH,84.28,89.02,76.82,83.33,72.6,27,83.01,98.36,-14.09
2026-01-22T10:30:00Z,2026-01-22 10:30,2026-01-22 10:45,QH,89.96,92.13,88.96,92.13,88.8,11,89.59,106.22,-16.27
2026-01-22T10:45:00Z,2026-01-22 10:45,2026-01-22 11:00,QH,98.96,100.98,97.79,97.3,38.7,7,99.16,104.86,-5.9
2026-01-22T11:00:00Z,2026-01-22 11:00,2026-01-22 11:15,QH,106.62,108.3,101.22,107.95,62.7,15,106.21,109.6,-2.99
2026-01-22T11:15:00Z,2026-01-22 11:15,2026-01-22 11:30,QH,87.75,92.81,87.36,90.92,108.3,30,87.02,108.39,-20.64
2026-01-22T11:30:00Z,2026-01-22 11:30,2026-01-22 11:45,QH,107.61,113.66,106.73,104.89,52.5,7,106.81,101.57,6.05
2026-01-22T11:45:00Z,2026-01-22 11:45,2026-01-22 12:00,QH,83.78,87.14,75.72,87.13,79.6,38,83.32,105.54,-21.76
2026-01-22T12:00:00Z,2026-01-22 12:00,2026-01-22 12:15,QH,102.57,103.37,97.67,105.05,77.3,12,100.39,98.89,3.67
2026-01-22T12:15:00Z,2026-01-22 12:15,2026-01-22 12:30,QH,125.37,126.66,119.81,119.77,109.0,22,126.64,103.79,21.58
2026-01-22T12:30:00Z,2026-01-22 12:30,2026-01-22 12:45,QH,105.35,108.89,104.28,106.67,58.1,7,108.62,100.35,5.0
2026-01-22T12:45:00Z,2026-01-22 12:45,2026-01-22 13:00,QH,111.22,111.65,101.89,110.15,117.3,37,108.42,100.26,10.95
2026-01-22T13:00:00Z,2026-01-22 13:00,2026-01-22 13:15,QH,112.45,113.88,108.24,105.31,83.4,15,113.07,107.14,5.31
2026-01-22T13:15:00Z,2026-01-22 13:15,2026-01-22 13:30,QH,75.89,79.46,73.01,75.86,113.2,20,72.4,94.58,-18.68
2026-01-22T13:30:00Z,2026-01-22 13:30,2026-01-22 13:45,QH,79.99,84.86,66.59,78.24,67.5,14,77.8,100.04,-20.06
2026-01-22T13:45:00Z,2026-01-22 13:45,2026-01-22 14:00,QH,107.38,110.69,96.76,106.23,59.6,7,107.56,98.77,8.61
2026-01-22T14:00:00Z,2026-01-22 14:00,2026-01-22 14:15,QH,103.8,110.29,101.16,102.37,79.7,19,103.31,99.86,3.93
2026-01-22T14:15:00Z,2026-01-22 14:15,2026-01-22 14:30,QH,97.79,99.99,93.54,98.53,76.7,26,98.28,108.37,-10.58
2026-01-22T14:30:00Z,2026-01-22 14:30,2026-01-22 14:45,QH,92.51,97.04,92.33,89.65,123.4,48,95.15,103.27,-10.77
2026-01-22T14:45:00Z,2026-01-22 14:45,2026-01-22 15:00,QH,111.4,113.97,104.95,111.66,60.5,27,112.4,100.49,10.91
2026-01-22T15:00:00Z,2026-01-22 15:00,2026-01-22 15:15,QH,107.77,108.67,97.92,101.54,75.7,18,109.77,108.69,-0.91
2026-01-22T15:15:00Z,2026-01-22 15:15,2026-01-22 15:30,QH,105.68,116.23,101.44,105.53,106.6,15,104.19,96.35,9.33
2026-01-22T15:30:00Z,2026-01-22 15:30,2026-01-22 15:45,QH,75.63,77.96,75.62,73.86,99.2,16,77.43,104.6,-28.97
2026-01-22T15:45:00Z,2026-01-22 15:45,2026-01-22 16:00,QH,97.2,101.32,93.44,97.15,38.8,11,99.37,96.26,0.95
2026-01-22T16:00:00Z,2026-01-22 16:00,2026-01-22 16:15,QH,219.33,223.39,213.35,218.77,68.8,9,218.15,90.04,129.29
2026-01-22T16:15:00Z,2026-01-22 16:15,2026-01-22 16:30,QH,89.07,89.29,84.87,85.82,81.0,32,87.92,100.95,-11.88
2026-01-22T16:30:00Z,2026-01-22 16:30,2026-01-22 16:45,QH,138.04,140.57,130.63,136.38,82.6,13,137.76,89.73,48.31
2026-01-22T16:45:00Z,2026-01-22 16:45,2026-01-22 17:00,QH,95.79,100.13,91.41,102.0,141.3,38,97.8,97.14,-1.35
2026-01-22T17:00:00Z,2026-01-22 17:00,2026-01-22 17:15,QH,86.11,86.39,82.03,82.75,106.6,19,86.82,104.86,-18.75
2026-01-22T17:15:00Z,2026-01-22 17:15,2026-01-22 17:30,QH,196.99,198.36,196.05,199.47,115.6,23,197.02,94.57,102.42
2026-01-22T17:30:00Z,2026-01-22 17:30,2026-01-22 17:45,QH,93.28,99.91,83.29,93.22,64.3,18,90.77,87.16,6.12
2026-01-22T17:45:00Z,2026-01-22 17:45,2026-01-22 18:00,QH,85.09,96.02,79.23,85.77,98.3,38,89.9,92.27,-7.18
2026-01-22T18:00:00Z,2026-01-22 18:00,2026-01-22 18:15,QH,74.69,83.92,71.62,73.57,73.3,30,73.49,91.03,-16.34
2026-01-22T18:15:00Z,2026-01-22 18:15,2026-01-22 18:30,QH,101.76,105.62,95.41,100.67,73.7,21,100.34,92.68,9.09
2026-01-22T18:30:00Z,2026-01-22 18:30,2026-01-22 18:45,QH,88.84,90.37,86.46,86.66,77.7,11,90.42,94.7,-5.86
2026-01-22T18:45:00Z,2026-01-22 18:45,2026-01-22 19:00,QH,89.82,91.63,83.45,91.06,110.2,15,88.69,97.59,-7.77
2026-01-22T19:00:00Z,2026-01-22 19:00,2026-01-22 19:15,QH,163.31,164.64,158.75,165.65,85.5,12,164.56,87.05,76.26
2026-01-22T19:15:00Z,2026-01-22 19:15,2026-01-22 19:30,QH,87.95,90.02,86.52,89.46,126.8,52,87.32,96.45,-8.5
2026-01-22T19:30:00Z,2026-01-22 19:30,2026-01-22 19:45,QH,79.19,85.48,71.63,79.19,119.6,36,82.0,90.27,-11.08
2026-01-22T19:45:00Z,2026-01-22 19:45,2026-01-22 20:00,QH,114.72,117.35,114.13,118.07,101.4,16,114.32,85.1,29.61
2026-01-22T20:00:00Z,2026-01-22 20:00,2026-01-22 20:15,QH,55.72,58.72,42.05,57.8,62.7,12,56.55,64.23,-8.52
2026-01-22T20:15:00Z,2026-01-22 20:15,2026-01-22 20:30,QH,56.43,64.28,52.39,58.82,48.0,13,57.26,55.83,0.6
2026-01-22T20:30:00Z,2026-01-22 20:30,2026-01-22 20:45,QH,54.15,57.63,45.79,56.84,87.1,14,54.95,55.24,-1.09
2026-01-22T20:45:00Z,2026-01-22 20:45,2026-01-22 21:00,QH,26.6,28.09,22.41,27.07,66.7,8,26.95,60.29,-33.69
2026-01-22T21:00:00Z,2026-01-22 21:00,2026-01-22 21:15,QH,47.27,55.7,46.58,44.97,74.0,9,44.13,58.29,-11.02
2026-01-22T21:15:00Z,2026-01-22 21:15,2026-01-22 21:30,QH,68.8,73.54,68.26,66.63,138.8,29,70.98,56.46,12.34
2026-01-22T21:30:00Z,2026-01-22 21:30,2026-01-22 21:45,QH,64.56,66.48,62.69,67.21,62.0,17,64.2,57.61,6.95
2026-01-22T21:45:00Z,2026-01-22 21:45,2026-01-22 22:00,QH,53.61,56.51,48.34,51.22,141.3,30,55.28,52.01,1.6
2026-01-22T22:00:00Z,2026-01-22 22:00,2026-01-22 22:15,QH,55.2,55.3,51.98,56.83,36.9,7,59.81,54.01,1.19
2026-01-22T22:15:00Z,2026-01-22 22:15,2026-01-22 22:30,QH,36.1,39.54,32.8,34.01,55.2,8,37.98,69.39,-33.29
2026-01-22T22:30:00Z,2026-01-22 22:30,2026-01-22 22:45,QH,76.08,81.11,74.61,74.3,71.2,9,76.33,55.14,20.95
2026-01-22T22:45:00Z,2026-01-22 22:45,2026-01-22 23:00,QH,63.67,69.72,58.58,63.64,24.8,6,60.69,60.15,3.52
2026-01-22T23:00:00Z,2026-01-22 23:00,2026-01-22 23:15,QH,66.56,74.33,62.23,63.15,98.4,17,66.54,54.79,11.77
2026-01-22T23:15:00Z,2026-01-22 23:15,2026-01-22 23:30,QH,56.19,67.34,46.76,58.15,123.3,16,58.54,63.13,-6.94
2026-01-22T23:30:00Z,2026-01-22 23:30,2026-01-22 23:45,QH,51.49,56.54,48.93,49.49,43.2,6,47.38,63.39,-11.9
2026-01-22T23:45:00Z,2026-01-22 23:45,2026-01-23 00:00,QH,41.71,41.88,33.06,41.1,71.6,28,39.99,53.62,-11.91
2026-01-23T00:00:00Z,2026-01-23 00:00,2026-01-23 00:15,QH,61.45,69.89,59.14,69.16,70.3,10,59.47,53.71,7.74
2026-01-23T00:15:00Z,2026-01-23 00:15,2026-01-23 00:30,QH,44.08,48.41,32.55,52.18,116.3,14,42.89,56.89,-12.81
2026-01-23T00:30:00Z,2026-01-23 00:30,2026-01-23 00:45,QH,56.19,57.01,46.71,51.92,74.0,9,55.86,53.39,2.81
2026-01-23T00:45:00Z,2026-01-23 00:45,2026-01-23 01:00,QH,37.69,45.67,36.92,37.57,92.2,12,38.35,50.77,-13.08
2026-01-23T01:00:00Z,2026-01-23 01:00,2026-01-23 01:15,QH,68.07,70.42,60.94,69.6,65.5,11,68.17,52.74,15.33
2026-01-23T01:15:00Z,2026-01-23 01:15,2026-01-23 01:30,QH,67.02,70.61,61.2,66.41,84.0,17,65.38,57.1,9.92
2026-01-23T01:30:00Z,2026-01-23 01:30,2026-01-23 01:45,QH,50.34,57.58,42.31,53.09,101.1,16,50.75,50.58,-0.24
2026-01-23T01:45:00Z,2026-01-23 01:45,2026-01-23 02:00,QH,45.47,45.49,41.59,43.53,80.4,16,47.79,46.62,-1.15
2026-01-23T02:00:00Z,2026-01-23 02:00,2026-01-23 02:15,QH,58.96,60.43,55.7,58.11,97.9,47,59.78,56.07,2.89
2026-01-23T02:15:00Z,2026-01-23 02:15,2026-01-23 02:30,QH,48.02,48.3,47.97,47.7,59.3,27,46.28,52.89,-4.88
2026-01-23T02:30:00Z,2026-01-23 02:30,2026-01-23 02:45,QH,62.05,67.18,58.58,62.81,52.3,16,65.44,60.94,1.12
2026-01-23T02:45:00Z,2026-01-23 02:45,2026-01-23 03:00,QH,162.48,164.36,160.43,167.83,75.5,21,163.99,55.72,106.76
2026-01-23T03:00:00Z,2026-01-23 03:00,2026-01-23 03:15,QH,59.49,59.65,57.59,55.84,69.9,15,63.33,52.73,6.76
2026-01-23T03:15:00Z,2026-01-23 03:15,2026-01-23 03:30,QH,25.72,38.05,24.02,33.0,62.7,10,28.06,46.52,-20.79
2026-01-23T03:30:00Z,2026-01-23 03:30,2026-01-23 03:45,QH,52.25,60.56,46.66,54.23,100.5,15,51.91,61.12,-8.87
2026-01-23T03:45:00Z,2026-01-23 03:45,2026-01-23 04:00,QH,35.76,38.8,26.04,34.1,100.0,22,34.78,49.74,-13.98
2026-01-23T04:00:00Z,2026-01-23 04:00,2026-01-23 04:15,QH,44.35,49.33,39.76,41.36,80.3,25,44.09,54.6,-10.25
2026-01-23T04:15:00Z,2026-01-23 04:15,2026-01-23 04:30,QH,60.42,68.11,58.3,58.29,99.4,16,57.51,46.34,14.08
2026-01-23T04:30:00Z,2026-01-23 04:30,2026-01-23 04:45,QH,61.0,64.48,56.96,59.74,117.5,32,61.24,49.91,11.1
2026-01-23T04:45:00Z,2026-01-23 04:45,2026-01-23 05:00,QH,57.07,60.91,52.72,58.05,29.3,4,58.45,54.02,3.05
2026-01-23T05:00:00Z,2026-01-23 05:00,2026-01-23 05:15,QH,50.05,51.58,47.74,49.61,110.7,37,48.68,57.46,-7.41
2026-01-23T05:15:00Z,2026-01-23 05:15,2026-01-23 05:30,QH,70.43,73.91,69.66,71.04,94.2,26,69.14,56.72,13.71
2026-01-23T05:30:00Z,2026-01-23 05:30,2026-01-23 05:45,QH,156.26,163.65,144.24,160.72,115.5,35,156.58,59.05,97.21
2026-01-23T05:45:00Z,2026-01-23 05:45,2026-01-23 06:00,QH,58.52,62.77,54.53,54.9,118.9,30,61.87,54.17,4.35
2026-01-23T06:00:00Z,2026-01-23 06:00,2026-01-23 06:15,QH,70.22,73.63,70.02,71.01,95.3,13,70.69,58.01,12.22
2026-01-23T06:15:00Z,2026-01-23 06:15,2026-01-23 06:30,QH,35.88,37.41,34.88,34.94,80.2,13,38.4,53.11,-17.23
2026-01-23T06:30:00Z,2026-01-23 06:30,2026-01-23 06:45,QH,66.09,73.24,60.63,69.95,125.4,15,67.12,53.19,12.9
2026-01-23T06:45:00Z,2026-01-23 06:45,2026-01-23 07:00,QH,63.81,72.79,58.99,60.33,122.2,19,61.08,50.29,13.52
2026-01-23T07:00:00Z,2026-01-23 07:00,2026-01-23 07:15,QH,68.6,68.76,68.29,66.47,95.7,22,71.83,93.55,-24.95
2026-01-23T07:15:00Z,2026-01-23 07:15,2026-01-23 07:30,QH,75.27,77.07,70.64,74.19,35.4,7,76.73,87.06,-11.78
2026-01-23T07:30:00Z,2026-01-23 07:30,2026-01-23 07:45,QH,80.5,84.74,76.0,77.75,64.0,8,81.28,85.17,-4.66
2026-01-23T07:45:00Z,2026-01-23 07:45,2026-01-23 08:00,QH,110.38,117.29,101.52,108.6,57.6,11,112.37,86.71,23.68
2026-01-23T08:00:00Z,2026-01-23 08:00,2026-01-23 08:15,QH,59.25,64.56,54.72,59.41,99.0,33,58.6,85.7,-26.44
2026-01-23T08:15:00Z,2026-01-23 08:15,2026-01-23 08:30,QH,96.98,100.42,92.67,95.9,103.1,37,94.07,94.56,2.42
2026-01-23T08:30:00Z,2026-01-23 08:30,2026-01-23 08:45,QH,93.22,102.06,86.74,95.16,94.0,20,93.23,89.45,3.77
2026-01-23T08:45:00Z,2026-01-23 08:45,2026-01-23 09:00,QH,94.95,98.01,90.42,92.87,143.0,23,93.79,93.98,0.97
2026-01-23T09:00:00Z,2026-01-23 09:00,2026-01-23 09:15,QH,94.13,99.21,90.84,93.96,114.5,16,95.06,94.13,-0.0
2026-01-23T09:15:00Z,2026-01-23 09:15,2026-01-23 09:30,QH,86.09,89.38,83.88,88.33,121.2,21,85.63,97.35,-11.26
2026-01-23T09:30:00Z,2026-01-23 09:30,2026-01-23 09:45,QH,77.32,83.21,72.01,78.4,123.8,21,77.99,93.94,-16.62
2026-01-23T09:45:00Z,2026-01-23 09:45,2026-01-23 10:00,QH,80.61,83.58,80.38,81.97,62.8,8,79.32,81.23,-0.62
2026-01-23T10:00:00Z,2026-01-23 10:00,2026-01-23 10:15,QH,94.7,103.21,90.94,101.57,87.8,12,95.62,104.97,-10.27
2026-01-23T10:15:00Z,2026-01-23 10:15,2026-01-23 10:30,QH,99.85,100.68,88.36,98.07,74.0,19,103.24,90.39,9.45
2026-01-23T10:30:00Z,2026-01-23 10:30,2026-01-23 10:45,QH,101.33,104.25,99.71,101.31,108.4,18,100.44,102.39,-1.07
2026-01-23T10:45:00Z,2026-01-23 10:45,2026-01-23 11:00,QH,102.58,103.66,97.44,103.36,67.4,22,103.35,94.7,7.89
2026-01-23T11:00:00Z,2026-01-23 11:00,2026-01-23 11:15,QH,94.21,99.78,92.46,97.39,86.7,13,95.68,96.33,-2.12
2026-01-23T11:15:00Z,2026-01-23 11:15,2026-01-23 11:30,QH,107.84,110.31,100.09,108.14,52.0,21,107.78,95.79,12.05
2026-01-23T11:30:00Z,2026-01-23 11:30,2026-01-23 11:45,QH,101.37,105.42,99.16,101.55,126.8,46,100.05,111.79,-10.42
2026-01-23T11:45:00Z,2026-01-23 11:45,2026-01-23 12:00,QH,90.78,104.98,89.62,87.51,96.9,13,95.24,103.51,-12.73
2026-01-23T12:00:00Z,2026-01-23 12:00,2026-01-23 12:15,QH,88.29,95.27,84.61,83.43,68.1,8,85.48,92.38,-4.09
2026-01-23T12:15:00Z,2026-01-23 12:15,2026-01-23 12:30,QH,114.58,117.68,112.8,116.69,137.0,21,117.21,100.29,14.29
2026-01-23T12:30:00Z,2026-01-23 12:30,2026-01-23 12:45,QH,103.88,104.16,92.71,107.81,88.9,25,106.49,100.88,3.0
2026-01-23T12:45:00Z,2026-01-23 12:45,2026-01-23 13:00,QH,99.49,105.42,98.95,99.16,119.1,16,97.36,96.68,2.81
2026-01-23T13:00:00Z,2026-01-23 13:00,2026-01-23 13:15,QH,108.26,108.36,102.75,108.91,121.1,16,110.38,103.57,4.7
2026-01-23T13:15:00Z,2026-01-23 13:15,2026-01-23 13:30,QH,105.68,106.1,93.52,109.44,102.3,21,106.0,94.01,11.67
2026-01-23T13:30:00Z,2026-01-23 13:30,2026-01-23 13:45,QH,102.74,113.67,99.93,99.42,108.6,35,103.94,100.02,2.72
2026-01-23T13:45:00Z,2026-01-23 13:45,2026-01-23 14:00,QH,93.88,98.65,87.6,98.79,102.8,35,97.15,101.52,-7.64
2026-01-23T14:00:00Z,2026-01-23 14:00,2026-01-23 14:15,QH,106.99,108.32,100.09,107.64,66.7,14,109.24,97.46,9.53
2026-01-23T14:15:00Z,2026-01-23 14:15,2026-01-23 14:30,QH,120.12,120.22,117.81,116.85,103.6,21,124.94,102.68,17.44
2026-01-23T14:30:00Z,2026-01-23 14:30,2026-01-23 14:45,QH,92.71,98.51,88.08,92.77,26.1,3,94.29,105.82,-13.11
2026-01-23T14:45:00Z,2026-01-23 14:45,2026-01-23 15:00,QH,76.54,78.3,72.57,78.41,113.2,25,76.87,92.89,-16.36
2026-01-23T15:00:00Z,2026-01-23 15:00,2026-01-23 15:15,QH,92.12,96.99,86.72,97.6,49.1,23,93.03,96.81,-4.69
2026-01-23T15:15:00Z,2026-01-23 15:15,2026-01-23 15:30,QH,87.35,101.04,85.86,90.46,94.0,15,82.99,92.17,-4.82
2026-01-23T15:30:00Z,2026-01-23 15:30,2026-01-23 15:45,QH,111.69,115.07,105.66,115.59,113.9,14,110.98,105.83,5.86
2026-01-23T15:45:00Z,2026-01-23 15:45,2026-01-23 16:00,QH,87.21,94.98,84.51,85.46,44.4,8,87.16,97.64,-10.43
2026-01-23T16:00:00Z,2026-01-23 16:00,2026-01-23 16:15,QH,86.98,91.82,86.67,90.86,125.4,47,89.57,107.0,-20.02
2026-01-23T16:15:00Z,2026-01-23 16:15,2026-01-23 16:30,QH,96.15,100.11,91.73,100.08,114.7,29,91.75,86.64,9.51
2026-01-23T16:30:00Z,2026-01-23 16:30,2026-01-23 16:45,QH,118.86,120.83,117.11,114.73,92.8,11,121.99,95.71,23.15
2026-01-23T16:45:00Z,2026-01-23 16:45,2026-01-23 17:00,QH,110.58,114.87,106.12,106.74,50.0,15,110.49,95.98,14.6
2026-01-23T17:00:00Z,2026-01-23 17:00,2026-01-23 17:15,QH,174.6,179.77,173.4,181.94,81.0,11,171.37,101.08,73.51
2026-01-23T17:15:00Z,2026-01-23 17:15,2026-01-23 17:30,QH,116.51,122.37,109.63,113.18,96.0,14,113.57,97.97,18.53
2026-01-23T17:30:00Z,2026-01-23 17:30,2026-01-23 17:45,QH,97.98,100.98,97.58,97.06,92.9,12,96.33,95.59,2.39
2026-01-23T17:45:00Z,2026-01-23 17:45,2026-01-23 18:00,QH,82.66,83.15,81.01,82.52,75.2,11,84.08,85.97,-3.31
2026-01-23T18:00:00Z,2026-01-23 18:00,2026-01-23 18:15,QH,75.99,76.68,71.46,75.84,104.0,25,74.66,94.8,-18.81
2026-01-23T18:15:00Z,2026-01-23 18:15,2026-01-23 18:30,QH,112.65,119.47,105.33,109.71,88.0,40,116.26,86.09,26.56
2026-01-23T18:30:00Z,2026-01-23 18:30,2026-01-23 18:45,QH,79.16,85.52,74.03,77.7,99.5,23,77.45,94.19,-15.02
2026-01-23T18:45:00Z,2026-01-23 18:45,2026-01-23 19:00,QH,191.36,193.84,188.26,192.11,137.6,24,192.23,91.22,100.14
2026-01-23T19:00:00Z,2026-01-23 19:00,2026-01-23 19:15,QH,90.51,94.3,84.11,92.87,99.6,12,90.57,99.31,-8.8
2026-01-23T19:15:00Z,2026-01-23 19:15,2026-01-23 19:30,QH,71.78,74.33,71.17,70.54,87.1,15,72.43,80.62,-8.84
2026-01-23T19:30:00Z,2026-01-23 19:30,2026-01-23 19:45,QH,106.31,108.75,98.62,100.93,60.8,11,104.66,90.51,15.8
2026-01-23T19:45:00Z,2026-01-23 19:45,2026-01-23 20:00,QH,72.23,77.87,69.21,73.15,67.1,21,73.52,86.65,-14.42
2026-01-23T20:00:00Z,2026-01-23 20:00,2026-01-23 20:15,QH,48.61,56.08,42.71,53.31,87.9,18,50.23,52.14,-3.52
2026-01-23T20:15:00Z,2026-01-23 20:15,2026-01-23 20:30,QH,40.73,44.14,30.15,43.17,67.1,14,42.7,51.31,-10.58
2026-01-23T20:30:00Z,2026-01-23 20:30,2026-01-23 20:45,QH,64.33,66.97,58.06,66.05,73.6,13,65.51,54.77,9.57
2026-01-23T20:45:00Z,2026-01-23 20:45,2026-01-23 21:00,QH,54.35,57.38,53.5,54.14,51.5,9,52.25,56.07,-1.72
2026-01-23T21:00:00Z,2026-01-23 21:00,2026-01-23 21:15,QH,43.57,47.17,42.99,46.44,125.4,60,47.84,50.23,-6.66
2026-01-23T21:15:00Z,2026-01-23 21:15,2026-01-23 21:30,QH,43.1,47.62,38.06,44.37,40.3,5,42.55,60.08,-16.97
2026-01-23T21:30:00Z,2026-01-23 21:30,2026-01-23 21:45,QH,41.09,42.58,35.68,43.55,64.4,26,39.41,52.02,-10.93
2026-01-23T21:45:00Z,2026-01-23 21:45,2026-01-23 22:00,QH,47.72,52.44,41.16,46.98,33.4,4,51.68,55.23,-7.51
2026-01-23T22:00:00Z,2026-01-23 22:00,2026-01-23 22:15,QH,59.72,60.25,50.17,58.19,48.0,10,56.28,64.26,-4.54
2026-01-23T22:15:00Z,2026-01-23 22:15,2026-01-23 22:30,QH,58.85,60.63,56.93,58.72,64.8,21,60.45,52.1,6.75
2026-01-23T22:30:00Z,2026-01-23 22:30,2026-01-23 22:45,QH,62.61,67.99,57.5,62.94,87.3,27,61.53,54.05,8.57
2026-01-23T22:45:00Z,2026-01-23 22:45,2026-01-23 23:00,QH,73.14,89.46,70.76,71.88,74.0,17,73.24,55.06,18.08
2026-01-23T23:00:00Z,2026-01-23 23:00,2026-01-23 23:15,QH,46.35,50.98,36.99,46.24,98.5,16,45.97,56.15,-9.79
2026-01-23T23:15:00Z,2026-01-23 23:15,2026-01-23 23:30,QH,36.3,40.97,34.59,34.3,89.3,35,31.24,59.28,-22.98
2026-01-23T23:30:00Z,2026-01-23 23:30,2026-01-23 23:45,QH,71.26,72.35,65.94,71.48,87.0,12,69.23,58.96,12.3
2026-01-23T23:45:00Z,2026-01-23 23:45,2026-01-24 00:00,QH,57.29,64.91,56.99,58.79,53.2,18,59.38,56.88,0.41
2026-01-24T00:00:00Z,2026-01-24 00:00,2026-01-24 00:15,QH,52.5,56.26,49.45,56.17,67.2,18,49.84,51.5,1.0
2026-01-24T00:15:00Z,2026-01-24 00:15,2026-01-24 00:30,QH,67.75,71.67,67.18,69.79,78.2,12,66.72,44.52,23.23
2026-01-24T00:30:00Z,2026-01-24 00:30,2026-01-24 00:45,QH,44.6,49.98,41.59,48.55,110.7,23,44.88,44.5,0.1
2026-01-24T00:45:00Z,2026-01-24 00:45,2026-01-24 01:00,QH,69.22,79.6,69.0,65.06,123.2,46,69.92,55.53,13.69
2026-01-24T01:00:00Z,2026-01-24 01:00,2026-01-24 01:15,QH,23.91,24.93,22.05,25.1,82.7,32,21.11,46.57,-22.66
2026-01-24T01:15:00Z,2026-01-24 01:15,2026-01-24 01:30,QH,70.81,73.18,66.25,70.17,30.4,11,66.82,47.25,23.56
2026-01-24T01:30:00Z,2026-01-24 01:30,2026-01-24 01:45,QH,63.71,67.0,63.22,55.77,79.5,19,63.26,56.56,7.16
2026-01-24T01:45:00Z,2026-01-24 01:45,2026-01-24 02:00,QH,45.47,48.1,40.13,50.01,85.2,18,46.41,54.96,-9.49
2026-01-24T02:00:00Z,2026-01-24 02:00,2026-01-24 02:15,QH,78.89,81.26,75.06,77.75,95.9,36,79.16,47.51,31.38
2026-01-24T02:15:00Z,2026-01-24 02:15,2026-01-24 02:30,QH,63.1,64.27,51.01,60.78,87.6,23,63.5,48.78,14.31
2026-01-24T02:30:00Z,2026-01-24 02:30,2026-01-24 02:45,QH,50.16,55.52,43.65,51.53,10,3,50.13,51.55,-1.39
2026-01-24T02:45:00Z,2026-01-24 02:45,2026-01-24 03:00,QH,59.81,63.82,56.59,63.44,33.5,6,57.81,53.77,6.04
2026-01-24T03:00:00Z,2026-01-24 03:00,2026-01-24 03:15,QH,52.29,62.61,49.18,47.27,74.0,14,54.01,46.5,5.79
2026-01-24T03:15:00Z,2026-01-24 03:15,2026-01-24 03:30,QH,68.55,72.21,65.71,69.87,112.0,17,70.52,56.85,11.7
2026-01-24T03:30:00Z,2026-01-24 03:30,2026-01-24 03:45,QH,47.51,50.62,44.9,51.01,82.1,18,48.11,48.73,-1.22
2026-01-24T03:45:00Z,2026-01-24 03:45,2026-01-24 04:00,QH,50.17,62.53,46.98,57.65,72.3,16,50.17,61.39,-11.22
2026-01-24T04:00:00Z,2026-01-24 04:00,2026-01-24 04:15,QH,48.03,52.68,46.6,45.51,117.0,23,48.77,50.69,-2.66
2026-01-24T04:15:00Z,2026-01-24 04:15,2026-01-24 04:30,QH,47.25,47.43,46.44,46.99,91.1,12,45.09,50.16,-2.91
2026-01-24T04:30:00Z,2026-01-24 04:30,2026-01-24 04:45,QH,53.2,54.57,48.09,52.23,103.1,15,52.13,53.15,0.05
2026-01-24T04:45:00Z,2026-01-24 04:45,2026-01-24 05:00,QH,46.65,48.4,36.6,45.29,43.5,5,40.23,49.79,-3.15
2026-01-24T05:00:00Z,2026-01-24 05:00,2026-01-24 05:15,QH,49.75,55.02,40.79,50.1,102.9,17,49.97,51.6,-1.85
2026-01-24T05:15:00Z,2026-01-24 05:15,2026-01-24 05:30,QH,47.86,56.33,42.01,46.23,123.6,18,46.98,55.53,-7.67
2026-01-24T05:30:00Z,2026-01-24 05:30,2026-01-24 05:45,QH,61.39,62.28,56.95,57.19,69.8,24,63.61,53.44,7.95
2026-01-24T05:45:00Z,2026-01-24 05:45,2026-01-24 06:00,QH,44.21,54.3,41.31,45.21,22.9,3,43.15,49.13,-4.91
2026-01-24T06:00:00Z,2026-01-24 06:00,2026-01-24 06:15,QH,42.22,45.51,38.95,44.51,52.1,7,42.45,49.11,-6.9
2026-01-24T06:15:00Z,2026-01-24 06:15,2026-01-24 06:30,QH,33.93,39.17,27.89,33.33,120.4,23,30.54,49.08,-15.15
2026-01-24T06:30:00Z,2026-01-24 06:30,2026-01-24 06:45,QH,48.77,51.34,47.96,44.17,103.2,15,49.37,51.57,-2.79
2026-01-24T06:45:00Z,2026-01-24 06:45,2026-01-24 07:00,QH,84.71,84.93,83.79,82.3,140.2,22,84.45,48.28,36.43
2026-01-24T07:00:00Z,2026-01-24 07:00,2026-01-24 07:15,QH,81.33,83.82,75.41,86.93,120.3,17,80.17,86.16,-4.83
2026-01-24T07:15:00Z,2026-01-24 07:15,2026-01-24 07:30,QH,105.71,115.11,103.84,107.5,68.0,8,106.19,92.6,13.11
2026-01-24T07:30:00Z,2026-01-24 07:30,2026-01-24 07:45,QH,104.78,115.06,103.59,97.93,115.1,28,104.93,92.71,12.07
2026-01-24T07:45:00Z,2026-01-24 07:45,2026-01-24 08:00,QH,90.09,100.5,87.51,91.06,138.4,46,89.94,85.35,4.74
2026-01-24T08:00:00Z,2026-01-24 08:00,2026-01-24 08:15,QH,96.83,98.41,91.05,91.98,73.9,13,99.2,85.25,11.59
2026-01-24T08:15:00Z,2026-01-24 08:15,2026-01-24 08:30,QH,89.41,91.37,85.41,92.06,102.3,20,92.1,85.01,4.4
2026-01-24T08:30:00Z,2026-01-24 08:30,2026-01-24 08:45,QH,91.9,96.38,89.44,92.2,122.2,32,95.55,91.63,0.27
2026-01-24T08:45:00Z,2026-01-24 08:45,2026-01-24 09:00,QH,200.83,204.2,198.04,202.12,39.2,7,201.06,87.19,113.64
2026-01-24T09:00:00Z,2026-01-24 09:00,2026-01-24 09:15,QH,109.86,110.13,99.54,110.58,102.5,20,110.63,98.36,11.5
2026-01-24T09:15:00Z,2026-01-24 09:15,2026-01-24 09:30,QH,77.93,87.6,77.21,77.56,56.9,7,78.73,99.97,-22.04
2026-01-24T09:30:00Z,2026-01-24 09:30,2026-01-24 09:45,QH,98.69,99.4,95.72,95.36,79.9,11,97.79,90.02,8.66
2026-01-24T09:45:00Z,2026-01-24 09:45,2026-01-24 10:00,QH,118.03,119.32,114.87,115.63,98.1,18,118.37,93.48,24.55
2026-01-24T10:00:00Z,2026-01-24 10:00,2026-01-24 10:15,QH,107.58,108.26,105.1,110.03,83.8,17,108.96,92.24,15.34
2026-01-24T10:15:00Z,2026-01-24 10:15,2026-01-24 10:30,QH,56.0,58.48,47.43,57.05,99.0,46,59.71,95.25,-39.25
2026-01-24T10:30:00Z,2026-01-24 10:30,2026-01-24 10:45,QH,92.71,93.77,86.48,92.55,40.6,5,91.93,86.83,5.88
2026-01-24T10:45:00Z,2026-01-24 10:45,2026-01-24 11:00,QH,84.47,92.16,81.3,84.14,35.4,16,84.71,100.65,-16.18
2026-01-24T11:00:00Z,2026-01-24 11:00,2026-01-24 11:15,QH,93.05,98.58,83.52,93.25,45.5,18,92.95,89.1,3.95
2026-01-24T11:15:00Z,2026-01-24 11:15,2026-01-24 11:30,QH,85.88,92.63,71.54,93.14,73.4,11,85.11,93.85,-7.98
2026-01-24T11:30:00Z,2026-01-24 11:30,2026-01-24 11:45,QH,103.59,109.39,98.92,107.33,54.1,8,107.53,95.13,8.46
2026-01-24T11:45:00Z,2026-01-24 11:45,2026-01-24 12:00,QH,104.19,109.83,97.95,105.2,66.4,15,98.16,96.66,7.53
2026-01-24T12:00:00Z,2026-01-24 12:00,2026-01-24 12:15,QH,82.81,95.11,81.57,84.23,55.9,27,81.55,108.54,-25.73
2026-01-24T12:15:00Z,2026-01-24 12:15,2026-01-24 12:30,QH,108.03,119.15,107.01,109.34,104.3,15,108.06,99.93,8.1
2026-01-24T12:30:00Z,2026-01-24 12:30,2026-01-24 12:45,QH,102.16,103.22,101.24,100.0,43.3,6,100.39,107.13,-4.98
2026-01-24T12:45:00Z,2026-01-24 12:45,2026-01-24 13:00,QH,79.99,82.98,76.71,75.06,41.7,18,82.73,104.13,-24.14
2026-01-24T13:00:00Z,2026-01-24 13:00,2026-01-24 13:15,QH,88.4,95.11,81.2,92.8,96.5,13,90.66,104.26,-15.86
2026-01-24T13:15:00Z,2026-01-24 13:15,2026-01-24 13:30,QH,95.91,98.81,93.38,97.58,102.1,13,96.01,99.1,-3.2
2026-01-24T13:30:00Z,2026-01-24 13:30,2026-01-24 13:45,QH,132.88,136.96,128.28,134.35,72.3,10,130.99,91.21,41.68
2026-01-24T13:45:00Z,2026-01-24 13:45,2026-01-24 14:00,QH,67.25,68.78,64.42,67.55,66.7,9,67.42,106.77,-39.52
2026-01-24T14:00:00Z,2026-01-24 14:00,2026-01-24 14:15,QH,124.77,135.16,119.32,119.24,54.1,26,126.67,102.43,22.34
2026-01-24T14:15:00Z,2026-01-24 14:15,2026-01-24 14:30,QH,102.53,103.96,102.18,98.87,149.3,34,102.32,101.91,0.62
2026-01-24T14:30:00Z,2026-01-24 14:30,2026-01-24 14:45,QH,74.09,80.77,73.63,71.7,93.1,13,74.03,89.92,-15.83
2026-01-24T14:45:00Z,2026-01-24 14:45,2026-01-24 15:00,QH,106.07,109.15,96.12,108.05,44.8,11,106.85,96.34,9.73
2026-01-24T15:00:00Z,2026-01-24 15:00,2026-01-24 15:15,QH,102.44,107.27,102.05,103.47,104.9,13,104.18,89.81,12.63
2026-01-24T15:15:00Z,2026-01-24 15:15,2026-01-24 15:30,QH,88.6,90.17,76.85,83.27,94.1,38,89.9,97.85,-9.25
2026-01-24T15:30:00Z,2026-01-24 15:30,2026-01-24 15:45,QH,90.2,91.44,88.4,92.27,101.6,20,93.29,100.05,-9.85
2026-01-24T15:45:00Z,2026-01-24 15:45,2026-01-24 16:00,QH,94.46,99.72,91.8,95.45,78.8,14,94.22,94.22,0.24
2026-01-24T16:00:00Z,2026-01-24 16:00,2026-01-24 16:15,QH,110.61,114.51,109.23,111.83,27.6,6,110.75,97.84,12.77
2026-01-24T16:15:00Z,2026-01-24 16:15,2026-01-24 16:30,QH,88.8,96.82,83.03,82.24,62.9,10,92.92,98.52,-9.72
2026-01-24T16:30:00Z,2026-01-24 16:30,2026-01-24 16:45,QH,76.07,77.4,74.24,71.31,56.0,9,73.93,90.95,-14.89
2026-01-24T16:45:00Z,2026-01-24 16:45,2026-01-24 17:00,QH,90.24,96.6,83.51,89.35,110.3,17,89.67,105.25,-15.01
2026-01-24T17:00:00Z,2026-01-24 17:00,2026-01-24 17:15,QH,98.98,100.21,98.14,94.29,117.0,28,99.57,95.76,3.22
2026-01-24T17:15:00Z,2026-01-24 17:15,2026-01-24 17:30,QH,108.72,113.63,98.71,109.96,59.9,7,106.14,105.82,2.9
2026-01-24T17:30:00Z,2026-01-24 17:30,2026-01-24 17:45,QH,105.98,108.86,100.98,109.97,86.6,16,106.3,86.59,19.39
2026-01-24T17:45:00Z,2026-01-24 17:45,2026-01-24 18:00,QH,85.43,85.73,81.22,87.69,65.1,14,84.71,98.06,-12.64
2026-01-24T18:00:00Z,2026-01-24 18:00,2026-01-24 18:15,QH,82.27,83.33,81.7,80.18,92.4,12,80.8,85.75,-3.48
2026-01-24T18:15:00Z,2026-01-24 18:15,2026-01-24 18:30,QH,4.84,10.72,3.61,3.74,111.4,14,2.78,91.84,-87.0
2026-01-24T18:30:00Z,2026-01-24 18:30,2026-01-24 18:45,QH,107.85,111.32,101.35,108.55,72.3,15,109.76,89.28,18.57
2026-01-24T18:45:00Z,2026-01-24 18:45,2026-01-24 19:00,QH,96.36,102.04,94.22,99.57,110.8,19,91.82,86.55,9.81
2026-01-24T19:00:00Z,2026-01-24 19:00,2026-01-24 19:15,QH,152.79,159.4,146.29,157.41,82.4,25,150.03,92.28,60.51
2026-01-24T19:15:00Z,2026-01-24 19:15,2026-01-24 19:30,QH,98.16,103.8,94.14,99.29,45.2,9,100.05,80.21,17.95
2026-01-24T19:30:00Z,2026-01-24 19:30,2026-01-24 19:45,QH,92.89,95.76,84.78,90.42,33.5,15,95.47,90.38,2.51
2026-01-24T19:45:00Z,2026-01-24 19:45,2026-01-24 20:00,QH,81.9,84.94,80.8,83.27,85.1,14,82.2,87.93,-6.03
2026-01-24T20:00:00Z,2026-01-24 20:00,2026-01-24 20:15,QH,47.67,52.36,42.25,45.74,95.7,24,48.48,50.47,-2.8
2026-01-24T20:15:00Z,2026-01-24 20:15,2026-01-24 20:30,QH,52.46,55.89,51.44,50.36,59.1,14,48.1,54.13,-1.67
2026-01-24T20:30:00Z,2026-01-24 20:30,2026-01-24 20:45,QH,58.33,62.9,54.31,55.93,76.7,14,59.59,49.54,8.79
2026-01-24T20:45:00Z,2026-01-24 20:45,2026-01-24 21:00,QH,58.4,62.71,56.84,59.61,92.1,11,57.37,50.24,8.16
2026-01-24T21:00:00Z,2026-01-24 21:00,2026-01-24 21:15,QH,58.01,59.98,53.62,57.82,85.0,19,55.46,53.21,4.79
2026-01-24T21:15:00Z,2026-01-24 21:15,2026-01-24 21:30,QH,31.34,34.96,26.07,33.59,82.0,15,34.38,55.56,-24.22
2026-01-24T21:30:00Z,2026-01-24 21:30,2026-01-24 21:45,QH,62.01,63.72,59.13,60.95,41.5,8,64.27,54.76,7.26
2026-01-24T21:45:00Z,2026-01-24 21:45,2026-01-24 22:00,QH,47.93,60.44,44.47,46.54,108.2,51,49.98,59.94,-12.01
2026-01-24T22:00:00Z,2026-01-24 22:00,2026-01-24 22:15,QH,48.02,50.0,47.16,45.27,82.9,14,45.34,46.91,1.12
2026-01-24T22:15:00Z,2026-01-24 22:15,2026-01-24 22:30,QH,56.32,67.51,49.1,60.18,58.9,20,59.54,53.9,2.42
2026-01-24T22:30:00Z,2026-01-24 22:30,2026-01-24 22:45,QH,53.45,58.82,53.17,53.74,51.5,25,53.16,48.92,4.53
2026-01-24T22:45:00Z,2026-01-24 22:45,2026-01-24 23:00,QH,56.31,57.8,48.43,50.81,136.0,22,54.75,45.6,10.71
2026-01-24T23:00:00Z,2026-01-24 23:00,2026-01-24 23:15,QH,85.59,88.13,74.55,85.64,71.1,30,87.01,51.98,33.61
2026-01-24T23:15:00Z,2026-01-24 23:15,2026-01-24 23:30,QH,49.99,53.2,47.4,51.1,77.0,20,49.68,47.16,2.83
2026-01-24T23:30:00Z,2026-01-24 23:30,2026-01-24 23:45,QH,57.08,57.65,49.04,52.63,70.9,10,60.37,46.99,10.08
2026-01-24T23:45:00Z,2026-01-24 23:45,2026-01-25 00:00,QH,49.13,54.98,48.71,48.61,71.4,11,48.61,62.17,-13.04
2026-01-25T00:00:00Z,2026-01-25 00:00,2026-01-25 00:15,QH,40.48,45.21,40.45,40.45,122.2,34,39.78,39.86,0.61
2026-01-25T00:15:00Z,2026-01-25 00:15,2026-01-25 00:30,QH,34.51,45.21,28.91,29.05,59.1,29,35.96,41.43,-6.92
2026-01-25T00:30:00Z,2026-01-25 00:30,2026-01-25 00:45,QH,54.38,60.07,44.12,55.44,76.5,16,52.59,40.92,13.46
2026-01-25T00:45:00Z,2026-01-25 00:45,2026-01-25 01:00,QH,55.39,58.12,54.25,54.61,141.1,17,58.62,33.15,22.23
2026-01-25T01:00:00Z,2026-01-25 01:00,2026-01-25 01:15,QH,34.56,36.35,31.76,30.59,152.6,19,38.56,37.08,-2.52
2026-01-25T01:15:00Z,2026-01-25 01:15,2026-01-25 01:30,QH,50.59,53.87,45.14,48.43,51.9,12,53.11,26.86,23.74
2026-01-25T01:30:00Z,2026-01-25 01:30,2026-01-25 01:45,QH,55.87,58.18,54.09,55.07,153.2,23,56.42,38.27,17.61
2026-01-25T01:45:00Z,2026-01-25 01:45,2026-01-25 02:00,QH,33.66,41.59,31.19,36.79,86.7,33,33.75,46.99,-13.33
2026-01-25T02:00:00Z,2026-01-25 02:00,2026-01-25 02:15,QH,25.9,30.36,23.73,24.03,126.9,36,26.0,38.91,-13.01
2026-01-25T02:15:00Z,2026-01-25 02:15,2026-01-25 02:30,QH,57.39,60.87,55.05,58.97,63.8,23,57.66,39.22,18.17
2026-01-25T02:30:00Z,2026-01-25 02:30,2026-01-25 02:45,QH,100.42,100.52,99.0,101.18,92.9,18,100.29,37.47,62.95
2026-01-25T02:45:00Z,2026-01-25 02:45,2026-01-25 03:00,QH,13.5,19.7,10.15,11.37,68.2,23,13.02,36.41,-22.91
2026-01-25T03:00:00Z,2026-01-25 03:00,2026-01-25 03:15,QH,55.62,55.65,51.66,58.19,71.7,10,55.42,42.96,12.67
2026-01-25T03:15:00Z,2026-01-25 03:15,2026-01-25 03:30,QH,55.49,60.88,40.94,56.63,93.7,13,53.74,33.85,21.63
2026-01-25T03:30:00Z,2026-01-25 03:30,2026-01-25 03:45,QH,58.15,63.93,49.45,62.59,124.6,49,62.86,45.11,13.04
2026-01-25T03:45:00Z,2026-01-25 03:45,2026-01-25 04:00,QH,27.18,29.81,24.95,28.05,70.7,17,23.2,35.28,-8.1
2026-01-25T04:00:00Z,2026-01-25 04:00,2026-01-25 04:15,QH,26.57,31.85,20.92,37.93,76.5,12,27.06,37.5,-10.93
2026-01-25T04:15:00Z,2026-01-25 04:15,2026-01-25 04:30,QH,46.63,58.25,43.18,42.83,104.6,16,46.16,26.49,20.14
2026-01-25T04:30:00Z,2026-01-25 04:30,2026-01-25 04:45,QH,32.31,36.48,29.93,35.94,102.8,15,32.5,37.44,-5.13
2026-01-25T04:45:00Z,2026-01-25 04:45,2026-01-25 05:00,QH,31.55,32.84,29.85,30.08,134.3,24,34.97,41.02,-9.47
2026-01-25T05:00:00Z,2026-01-25 05:00,2026-01-25 05:15,QH,19.41,28.32,17.14,15.78,106.2,43,18.7,45.15,-25.74
2026-01-25T05:15:00Z,2026-01-25 05:15,2026-01-25 05:30,QH,62.78,72.07,53.26,63.6,83.4,32,63.28,31.49,31.29
2026-01-25T05:30:00Z,2026-01-25 05:30,2026-01-25 05:45,QH,15.84,23.04,14.91,20.67,58.5,16,15.53,38.73,-22.89
2026-01-25T05:45:00Z,2026-01-25 05:45,2026-01-25 06:00,QH,44.2,44.68,35.7,44.05,67.0,11,41.51,37.04,7.16
2026-01-25T06:00:00Z,2026-01-25 06:00,2026-01-25 06:15,QH,26.5,28.06,19.76,28.48,69.8,9,27.37,49.47,-22.97
2026-01-25T06:15:00Z,2026-01-25 06:15,2026-01-25 06:30,QH,18.01,23.63,15.93,16.15,73.0,28,17.61,42.06,-24.05
2026-01-25T06:30:00Z,2026-01-25 06:30,2026-01-25 06:45,QH,43.34,47.32,42.88,38.98,88.1,12,41.41,37.98,5.36
2026-01-25T06:45:00Z,2026-01-25 06:45,2026-01-25 07:00,QH,47.68,49.58,47.57,43.33,88.4,24,48.61,37.67,10.0
2026-01-25T07:00:00Z,2026-01-25 07:00,2026-01-25 07:15,QH,55.51,58.04,54.36,57.16,46.2,12,52.71,70.98,-15.47
2026-01-25T07:15:00Z,2026-01-25 07:15,2026-01-25 07:30,QH,58.24,59.21,50.88,57.11,82.0,16,55.39,70.17,-11.93
2026-01-25T07:30:00Z,2026-01-25 07:30,2026-01-25 07:45,QH,75.26,76.3,69.25,80.52,117.3,16,75.34,75.56,-0.3
2026-01-25T07:45:00Z,2026-01-25 07:45,2026-01-25 08:00,QH,59.48,63.55,55.91,60.39,133.0,21,60.91,78.23,-18.74
2026-01-25T08:00:00Z,2026-01-25 08:00,2026-01-25 08:15,QH,87.34,93.51,75.7,86.57,100.6,19,85.16,79.04,8.3
2026-01-25T08:15:00Z,2026-01-25 08:15,2026-01-25 08:30,QH,74.64,75.14,74.02,71.39,58.3,8,73.71,74.95,-0.31
2026-01-25T08:30:00Z,2026-01-25 08:30,2026-01-25 08:45,QH,81.81,88.9,79.19,86.8,78.7,16,81.19,65.37,16.44
2026-01-25T08:45:00Z,2026-01-25 08:45,2026-01-25 09:00,QH,80.32,85.01,72.61,83.78,66.4,8,80.08,80.17,0.15
2026-01-25T09:00:00Z,2026-01-25 09:00,2026-01-25 09:15,QH,85.81,86.43,81.58,85.51,91.1,45,84.05,70.3,15.51
2026-01-25T09:15:00Z,2026-01-25 09:15,2026-01-25 09:30,QH,151.88,154.79,145.86,150.56,76.5,12,150.42,71.85,80.03
2026-01-25T09:30:00Z,2026-01-25 09:30,2026-01-25 09:45,QH,66.69,72.89,65.83,66.23,76.5,12,66.8,81.86,-15.18
2026-01-25T09:45:00Z,2026-01-25 09:45,2026-01-25 10:00,QH,77.91,86.99,76.71,78.75,99.8,17,77.36,81.96,-4.04
2026-01-25T10:00:00Z,2026-01-25 10:00,2026-01-25 10:15,QH,16.06,21.65,10.24,18.66,22.2,3,17.39,79.3,-63.24
2026-01-25T10:15:00Z,2026-01-25 10:15,2026-01-25 10:30,QH,95.51,96.69,94.38,97.43,117.0,17,94.37,77.56,17.95
2026-01-25T10:30:00Z,2026-01-25 10:30,2026-01-25 10:45,QH,74.72,75.93,62.81,70.08,40.4,5,72.74,81.1,-6.38
2026-01-25T10:45:00Z,2026-01-25 10:45,2026-01-25 11:00,QH,62.69,65.82,60.23,61.52,111.6,27,60.77,80.1,-17.41
2026-01-25T11:00:00Z,2026-01-25 11:00,2026-01-25 11:15,QH,84.86,88.19,79.51,82.14,94.6,14,84.07,79.67,5.19
2026-01-25T11:15:00Z,2026-01-25 11:15,2026-01-25 11:30,QH,67.33,67.88,61.75,73.63,54.9,17,66.05,89.33,-22.0
2026-01-25T11:30:00Z,2026-01-25 11:30,2026-01-25 11:45,QH,83.13,95.25,81.93,85.69,56.4,13,80.04,78.04,5.08
2026-01-25T11:45:00Z,2026-01-25 11:45,2026-01-25 12:00,QH,79.64,92.74,76.46,78.99,70.1,13,79.4,79.99,-0.35
2026-01-25T12:00:00Z,2026-01-25 12:00,2026-01-25 12:15,QH,75.31,79.04,67.37,72.27,57.9,22,73.38,81.08,-5.77
2026-01-25T12:15:00Z,2026-01-25 12:15,2026-01-25 12:30,QH,88.89,93.46,81.15,93.88,71.9,17,88.75,85.64,3.25
2026-01-25T12:30:00Z,2026-01-25 12:30,2026-01-25 12:45,QH,108.5,112.03,104.21,106.08,81.7,13,108.45,80.92,27.58
2026-01-25T12:45:00Z,2026-01-25 12:45,2026-01-25 13:00,QH,78.65,86.02,72.06,75.3,42.8,7,78.66,83.8,-5.15
2026-01-25T13:00:00Z,2026-01-25 13:00,2026-01-25 13:15,QH,207.87,212.09,207.3,202.01,65.1,30,208.65,81.55,126.32
2026-01-25T13:15:00Z,2026-01-25 13:15,2026-01-25 13:30,QH,86.38,89.38,85.55,87.53,48.1,6,82.66,70.9,15.48
2026-01-25T13:30:00Z,2026-01-25 13:30,2026-01-25 13:45,QH,74.83,76.73,72.63,75.58,105.0,17,74.95,88.35,-13.52
2026-01-25T13:45:00Z,2026-01-25 13:45,2026-01-25 14:00,QH,93.63,94.42,86.1,94.3,110.5,16,93.86,75.68,17.96
2026-01-25T14:00:00Z,2026-01-25 14:00,2026-01-25 14:15,QH,84.89,89.86,74.11,87.8,79.1,10,86.29,87.86,-2.96
2026-01-25T14:15:00Z,2026-01-25 14:15,2026-01-25 14:30,QH,66.27,74.47,58.98,69.35,24.6,3,67.93,78.11,-11.84
2026-01-25T14:30:00Z,2026-01-25 14:30,2026-01-25 14:45,QH,83.21,85.44,76.44,83.39,92.8,16,81.53,81.6,1.61
2026-01-25T14:45:00Z,2026-01-25 14:45,2026-01-25 15:00,QH,88.56,93.04,88.03,86.95,122.4,26,90.58,88.8,-0.24
2026-01-25T15:00:00Z,2026-01-25 15:00,2026-01-25 15:15,QH,87.91,92.83,82.96,86.75,36.3,4,84.16,76.48,11.42
2026-01-25T15:15:00Z,2026-01-25 15:15,2026-01-25 15:30,QH,66.92,66.95,66.03,67.55,145.5,50,64.01,83.42,-16.5
2026-01-25T15:30:00Z,2026-01-25 15:30,2026-01-25 15:45,QH,86.11,88.73,85.64,86.93,64.4,15,83.11,75.45,10.65
2026-01-25T15:45:00Z,2026-01-25 15:45,2026-01-25 16:00,QH,96.12,102.31,93.64,98.08,79.1,13,97.31,80.22,15.9
2026-01-25T16:00:00Z,2026-01-25 16:00,2026-01-25 16:15,QH,95.7,97.91,91.36,91.77,70.2,28,97.25,80.96,14.74
2026-01-25T16:15:00Z,2026-01-25 16:15,2026-01-25 16:30,QH,68.81,75.06,57.39,72.52,30.3,6,68.04,79.92,-11.12
2026-01-25T16:30:00Z,2026-01-25 16:30,2026-01-25 16:45,QH,86.94,87.88,79.46,84.5,40.3,12,85.24,73.31,13.63
2026-01-25T16:45:00Z,2026-01-25 16:45,2026-01-25 17:00,QH,90.43,90.98,85.23,91.29,73.7,12,91.23,81.13,9.3
2026-01-25T17:00:00Z,2026-01-25 17:00,2026-01-25 17:15,QH,87.76,95.01,81.16,84.69,117.5,18,84.4,80.24,7.53
2026-01-25T17:15:00Z,2026-01-25 17:15,2026-01-25 17:30,QH,62.86,65.44,56.03,63.13,68.0,22,61.1,77.43,-14.57
2026-01-25T17:30:00Z,2026-01-25 17:30,2026-01-25 17:45,QH,81.19,89.38,78.47,81.68,92.6,34,80.31,87.26,-6.07
2026-01-25T17:45:00Z,2026-01-25 17:45,2026-01-25 18:00,QH,107.31,108.71,94.02,98.97,28.4,12,106.18,68.18,39.13
2026-01-25T18:00:00Z,2026-01-25 18:00,2026-01-25 18:15,QH,76.65,79.4,66.02,75.76,52.3,10,76.86,89.25,-12.6
2026-01-25T18:15:00Z,2026-01-25 18:15,2026-01-25 18:30,QH,77.43,86.67,75.25,79.29,77.0,13,82.18,79.1,-1.66
2026-01-25T18:30:00Z,2026-01-25 18:30,2026-01-25 18:45,QH,65.92,68.88,65.85,66.53,75.1,11,66.42,76.49,-10.57
2026-01-25T18:45:00Z,2026-01-25 18:45,2026-01-25 19:00,QH,74.49,77.0,67.59,69.64,95.7,36,72.12,73.22,1.27
2026-01-25T19:00:00Z,2026-01-25 19:00,2026-01-25 19:15,QH,58.29,59.52,53.74,59.24,87.8,23,60.77,67.52,-9.24
2026-01-25T19:15:00Z,2026-01-25 19:15,2026-01-25 19:30,QH,90.23,91.88,87.74,87.83,98.6,18,87.57,71.56,18.66
2026-01-25T19:30:00Z,2026-01-25 19:30,2026-01-25 19:45,QH,47.21,50.57,42.54,49.0,114.8,15,47.07,69.01,-21.8
2026-01-25T19:45:00Z,2026-01-25 19:45,2026-01-25 20:00,QH,65.4,71.09,62.77,61.84,35.9,4,66.79,75.91,-10.51
2026-01-25T20:00:00Z,2026-01-25 20:00,2026-01-25 20:15,QH,20.94,23.06,13.76,23.19,121.6,16,20.57,31.62,-10.69
2026-01-25T20:15:00Z,2026-01-25 20:15,2026-01-25 20:30,QH,28.72,31.39,22.4,30.63,80.2,14,27.83,21.63,7.1
2026-01-25T20:30:00Z,2026-01-25 20:30,2026-01-25 20:45,QH,29.94,35.4,25.6,32.89,68.8,9,28.46,40.64,-10.7
2026-01-25T20:45:00Z,2026-01-25 20:45,2026-01-25 21:00,QH,28.5,31.52,28.44,26.09,93.8,18,25.12,35.81,-7.31
2026-01-25T21:00:00Z,2026-01-25 21:00,2026-01-25 21:15,QH,32.57,34.16,31.2,30.33,131.3,39,31.67,41.44,-8.87
2026-01-25T21:15:00Z,2026-01-25 21:15,2026-01-25 21:30,QH,41.95,50.05,38.01,41.57,89.8,34,41.19,44.83,-2.88
2026-01-25T21:30:00Z,2026-01-25 21:30,2026-01-25 21:45,QH,43.77,44.89,35.97,47.34,91.7,32,44.11,41.15,2.62
2026-01-25T21:45:00Z,2026-01-25 21:45,2026-01-25 22:00,QH,24.47,29.19,19.14,27.09,68.0,21,27.38,34.03,-9.57
2026-01-25T22:00:00Z,2026-01-25 22:00,2026-01-25 22:15,QH,40.39,42.67,37.8,36.38,55.0,7,43.08,44.35,-3.96
2026-01-25T22:15:00Z,2026-01-25 22:15,2026-01-25 22:30,QH,32.11,33.78,28.26,29.85,114.2,16,34.03,36.96,-4.85
2026-01-25T22:30:00Z,2026-01-25 22:30,2026-01-25 22:45,QH,60.62,63.9,56.65,55.02,130.3,27,60.86,50.78,9.84
2026-01-25T22:45:00Z,2026-01-25 22:45,2026-01-25 23:00,QH,25.97,35.08,14.51,28.33,69.9,12,29.35,33.71,-7.73
2026-01-25T23:00:00Z,2026-01-25 23:00,2026-01-25 23:15,QH,12.7,13.11,8.17,13.29,59.8,8,14.23,43.35,-30.65
2026-01-25T23:15:00Z,2026-01-25 23:15,2026-01-25 23:30,QH,19.8,25.74,15.77,16.57,115.4,18,16.09,36.14,-16.34
2026-01-25T23:30:00Z,2026-01-25 23:30,2026-01-25 23:45,QH,42.88,44.54,38.26,47.25,74.8,28,40.72,38.98,3.89
2026-01-25T23:45:00Z,2026-01-25 23:45,2026-01-26 00:00,QH,46.58,46.69,40.71,41.42,64.6,9,48.53,39.59,7.0
2026-01-26T00:00:00Z,2026-01-26 00:00,2026-01-26 00:15,QH,43.43,53.78,39.88,42.18,54.2,12,44.23,35.66,7.76
2026-01-26T00:15:00Z,2026-01-26 00:15,2026-01-26 00:30,QH,28.44,39.34,23.37,27.7,74.9,18,26.36,41.24,-12.79
2026-01-26T00:30:00Z,2026-01-26 00:30,2026-01-26 00:45,QH,42.18,45.52,39.69,38.54,157.3,20,39.76,39.7,2.49
2026-01-26T00:45:00Z,2026-01-26 00:45,2026-01-26 01:00,QH,48.97,50.1,45.77,47.03,59.3,8,48.46,34.87,14.11
2026-01-26T01:00:00Z,2026-01-26 01:00,2026-01-26 01:15,QH,38.07,41.15,35.69,37.01,130.9,37,39.83,37.96,0.11
2026-01-26T01:15:00Z,2026-01-26 01:15,2026-01-26 01:30,QH,17.91,21.13,15.45,17.62,62.7,16,19.4,41.91,-24.0
2026-01-26T01:30:00Z,2026-01-26 01:30,2026-01-26 01:45,QH,53.6,56.1,53.19,49.5,116.0,18,52.64,44.74,8.86
2026-01-26T01:45:00Z,2026-01-26 01:45,2026-01-26 02:00,QH,88.81,91.65,85.81,85.62,138.2,61,92.77,32.9,55.91
2026-01-26T02:00:00Z,2026-01-26 02:00,2026-01-26 02:15,QH,34.39,38.52,24.2,34.43,54.2,15,33.34,37.49,-3.09
2026-01-26T02:15:00Z,2026-01-26 02:15,2026-01-26 02:30,QH,47.55,55.63,44.24,49.05,92.1,23,44.83,47.96,-0.41
2026-01-26T02:30:00Z,2026-01-26 02:30,2026-01-26 02:45,QH,22.04,34.56,17.52,18.83,110.3,19,23.14,34.45,-12.41
2026-01-26T02:45:00Z,2026-01-26 02:45,2026-01-26 03:00,QH,20.21,22.58,12.05,23.19,37.8,7,16.01,42.65,-22.44
2026-01-26T03:00:00Z,2026-01-26 03:00,2026-01-26 03:15,QH,42.16,44.43,38.47,38.66,126.1,46,41.35,40.18,1.98
2026-01-26T03:15:00Z,2026-01-26 03:15,2026-01-26 03:30,QH,34.67,42.4,32.67,35.06,86.6,11,33.37,36.76,-2.09
2026-01-26T03:30:00Z,2026-01-26 03:30,2026-01-26 03:45,QH,41.0,47.37,40.66,40.22,61.9,13,42.93,43.45,-2.44
2026-01-26T03:45:00Z,2026-01-26 03:45,2026-01-26 04:00,QH,38.9,43.2,33.98,39.85,122.3,28,39.42,38.44,0.46
2026-01-26T04:00:00Z,2026-01-26 04:00,2026-01-26 04:15,QH,39.68,43.04,37.14,40.68,42.5,11,38.76,45.46,-5.78
2026-01-26T04:15:00Z,2026-01-26 04:15,2026-01-26 04:30,QH,69.42,71.17,60.48,69.19,86.0,19,70.02,49.39,20.03
2026-01-26T04:30:00Z,2026-01-26 04:30,2026-01-26 04:45,QH,35.13,35.79,34.98,36.06,55.0,19,35.38,39.67,-4.54
2026-01-26T04:45:00Z,2026-01-26 04:45,2026-01-26 05:00,QH,26.75,30.95,22.14,23.97,74.6,27,29.72,42.97,-16.22
2026-01-26T05:00:00Z,2026-01-26 05:00,2026-01-26 05:15,QH,50.95,51.89,47.14,44.56,98.1,16,51.38,35.95,15.0
2026-01-26T05:15:00Z,2026-01-26 05:15,2026-01-26 05:30,QH,41.42,50.73,39.07,41.81,40.8,8,39.85,24.58,16.83
2026-01-26T05:30:00Z,2026-01-26 05:30,2026-01-26 05:45,QH,29.23,32.45,23.68,28.23,101.7,13,30.91,42.71,-13.48
2026-01-26T05:45:00Z,2026-01-26 05:45,2026-01-26 06:00,QH,21.79,24.11,14.9,19.63,130.5,21,20.6,34.52,-12.73
2026-01-26T06:00:00Z,2026-01-26 06:00,2026-01-26 06:15,QH,26.09,29.81,22.68,22.51,48.9,12,24.53,33.11,-7.02
2026-01-26T06:15:00Z,2026-01-26 06:15,2026-01-26 06:30,QH,22.33,25.7,14.08,22.94,106.1,31,21.65,42.47,-20.14
2026-01-26T06:30:00Z,2026-01-26 06:30,2026-01-26 06:45,QH,36.52,39.21,31.81,33.96,155.7,19,39.41,35.55,0.97
2026-01-26T06:45:00Z,2026-01-26 06:45,2026-01-26 07:00,QH,32.33,39.22,23.23,28.81,82.0,15,33.17,41.54,-9.21
2026-01-26T07:00:00Z,2026-01-26 07:00,2026-01-26 07:15,QH,61.58,61.73,57.43,61.46,104.4,42,64.66,73.93,-12.35
2026-01-26T07:15:00Z,2026-01-26 07:15,2026-01-26 07:30,QH,75.86,76.58,73.15,74.27,78.9,17,73.84,71.28,4.59
2026-01-26T07:30:00Z,2026-01-26 07:30,2026-01-26 07:45,QH,98.14,104.02,97.53,95.76,35.4,11,94.89,67.07,31.07
2026-01-26T07:45:00Z,2026-01-26 07:45,2026-01-26 08:00,QH,92.81,94.19,92.4,93.28,84.1,25,91.29,78.1,14.71
2026-01-26T08:00:00Z,2026-01-26 08:00,2026-01-26 08:15,QH,71.8,75.67,67.33,75.79,73.6,15,70.64,80.96,-9.16
2026-01-26T08:15:00Z,2026-01-26 08:15,2026-01-26 08:30,QH,63.06,65.19,56.36,63.45,58.1,9,66.11,72.57,-9.51
2026-01-26T08:30:00Z,2026-01-26 08:30,2026-01-26 08:45,QH,92.6,100.5,86.91,94.85,54.8,8,91.74,78.92,13.67
2026-01-26T08:45:00Z,2026-01-26 08:45,2026-01-26 09:00,QH,88.0,89.82,84.94,93.36,97.3,13,87.62,75.96,12.05
2026-01-26T09:00:00Z,2026-01-26 09:00,2026-01-26 09:15,QH,67.61,72.5,66.1,71.78,71.8,31,66.07,73.74,-6.13
2026-01-26T09:15:00Z,2026-01-26 09:15,2026-01-26 09:30,QH,79.22,84.0,78.53,77.71,114.0,20,78.36,81.73,-2.51
2026-01-26T09:30:00Z,2026-01-26 09:30,2026-01-26 09:45,QH,84.41,85.01,83.14,83.57,139.1,68,86.81,85.38,-0.97
2026-01-26T09:45:00Z,2026-01-26 09:45,2026-01-26 10:00,QH,65.0,70.86,61.04,62.72,76.7,26,68.27,78.66,-13.67
2026-01-26T10:00:00Z,2026-01-26 10:00,2026-01-26 10:15,QH,71.28,74.15,64.46,69.4,94.0,28,71.04,74.74,-3.46
2026-01-26T10:15:00Z,2026-01-26 10:15,2026-01-26 10:30,QH,76.37,79.1,74.1,76.33,120.3,24,76.14,84.77,-8.4
2026-01-26T10:30:00Z,2026-01-26 10:30,2026-01-26 10:45,QH,74.39,81.92,72.9,74.76,111.4,31,74.15,87.22,-12.82
2026-01-26T10:45:00Z,2026-01-26 10:45,2026-01-26 11:00,QH,78.67,80.9,77.31,79.25,74.0,32,78.56,77.98,0.69
2026-01-26T11:00:00Z,2026-01-26 11:00,2026-01-26 11:15,QH,76.69,78.69,70.89,83.66,78.8,17,75.61,81.24,-4.56
2026-01-26T11:15:00Z,2026-01-26 11:15,2026-01-26 11:30,QH,81.5,84.9,79.37,85.08,32.1,5,80.97,81.9,-0.4
2026-01-26T11:30:00Z,2026-01-26 11:30,2026-01-26 11:45,QH,81.41,86.98,79.48,87.08,81.7,15,80.29,81.12,0.29
2026-01-26T11:45:00Z,2026-01-26 11:45,2026-01-26 12:00,QH,90.03,95.48,87.62,88.07,49.1,10,87.48,84.74,5.29
2026-01-26T12:00:00Z,2026-01-26 12:00,2026-01-26 12:15,QH,83.56,86.12,72.08,89.69,89.8,11,81.85,82.14,1.43
2026-01-26T12:15:00Z,2026-01-26 12:15,2026-01-26 12:30,QH,88.93,97.03,85.97,95.5,92.1,13,90.42,81.73,7.2
2026-01-26T12:30:00Z,2026-01-26 12:30,2026-01-26 12:45,QH,94.64,98.4,88.83,94.98,118.5,22,95.59,90.95,3.69
2026-01-26T12:45:00Z,2026-01-26 12:45,2026-01-26 13:00,QH,88.29,91.2,87.89,86.38,76.1,20,90.33,76.44,11.84
2026-01-26T13:00:00Z,2026-01-26 13:00,2026-01-26 13:15,QH,87.37,92.4,83.49,88.36,103.1,21,83.53,76.01,11.36
2026-01-26T13:15:00Z,2026-01-26 13:15,2026-01-26 13:30,QH,82.97,87.49,77.74,80.6,48.0,7,86.23,86.22,-3.25
2026-01-26T13:30:00Z,2026-01-26 13:30,2026-01-26 13:45,QH,83.56,94.51,78.85,83.14,76.2,12,79.74,92.0,-8.44
2026-01-26T13:45:00Z,2026-01-26 13:45,2026-01-26 14:00,QH,70.85,79.47,69.8,74.19,47.7,7,69.59,88.08,-17.23
2026-01-26T14:00:00Z,2026-01-26 14:00,2026-01-26 14:15,QH,73.0,73.53,71.14,72.56,123.2,20,69.4,88.54,-15.53
2026-01-26T14:15:00Z,2026-01-26 14:15,2026-01-26 14:30,QH,89.19,96.92,85.85,85.41,90.6,15,92.66,89.71,-0.52
2026-01-26T14:30:00Z,2026-01-26 14:30,2026-01-26 14:45,QH,89.3,91.4,84.04,91.97,114.7,31,90.04,83.14,6.16
2026-01-26T14:45:00Z,2026-01-26 14:45,2026-01-26 15:00,QH,74.88,75.39,69.88,72.8,60.0,22,74.29,77.25,-2.37
2026-01-26T15:00:00Z,2026-01-26 15:00,2026-01-26 15:15,QH,79.84,80.37,78.87,75.57,92.9,14,78.07,88.63,-8.79
2026-01-26T15:15:00Z,2026-01-26 15:15,2026-01-26 15:30,QH,85.72,85.92,74.38,88.24,44.4,7,83.2,78.24,7.49
2026-01-26T15:30:00Z,2026-01-26 15:30,2026-01-26 15:45,QH,86.9,91.11,83.04,90.69,83.7,39,87.53,86.23,0.67
2026-01-26T15:45:00Z,2026-01-26 15:45,2026-01-26 16:00,QH,79.91,82.65,79.63,75.64,129.6,52,81.16,85.74,-5.83
2026-01-26T16:00:00Z,2026-01-26 16:00,2026-01-26 16:15,QH,67.03,69.04,64.17,67.88,121.3,30,68.68,69.24,-2.21
2026-01-26T16:15:00Z,2026-01-26 16:15,2026-01-26 16:30,QH,90.89,95.46,83.85,91.41,118.9,15,90.44,83.11,7.78
2026-01-26T16:30:00Z,2026-01-26 16:30,2026-01-26 16:45,QH,75.43,75.51,74.96,74.0,134.1,22,76.64,85.76,-10.33
2026-01-26T16:45:00Z,2026-01-26 16:45,2026-01-26 17:00,QH,76.77,86.56,73.54,74.23,105.2,41,81.63,80.69,-3.92
2026-01-26T17:00:00Z,2026-01-26 17:00,2026-01-26 17:15,QH,71.49,72.73,69.74,78.15,72.9,19,69.02,79.27,-7.78
2026-01-26T17:15:00Z,2026-01-26 17:15,2026-01-26 17:30,QH,79.21,85.17,76.59,80.38,120.9,24,80.69,83.65,-4.43
2026-01-26T17:30:00Z,2026-01-26 17:30,2026-01-26 17:45,QH,57.05,59.61,49.45,59.17,98.8,17,53.86,86.1,-29.05
2026-01-26T17:45:00Z,2026-01-26 17:45,2026-01-26 18:00,QH,105.49,113.02,104.6,106.83,24.7,9,105.98,80.81,24.68
2026-01-26T18:00:00Z,2026-01-26 18:00,2026-01-26 18:15,QH,68.35,79.93,66.11,68.5,105.1,15,64.1,84.96,-16.61
2026-01-26T18:15:00Z,2026-01-26 18:15,2026-01-26 18:30,QH,58.03,63.3,55.73,61.11,98.4,13,55.79,75.66,-17.63
2026-01-26T18:30:00Z,2026-01-26 18:30,2026-01-26 18:45,QH,93.44,97.88,87.14,93.22,91.0,14,92.19,72.57,20.87
2026-01-26T18:45:00Z,2026-01-26 18:45,2026-01-26 19:00,QH,93.99,107.56,89.9,96.77,93.1,16,93.4,71.4,22.59
2026-01-26T19:00:00Z,2026-01-26 19:00,2026-01-26 19:15,QH,50.75,53.1,44.74,48.14,53.3,10,54.88,73.34,-22.59
2026-01-26T19:15:00Z,2026-01-26 19:15,2026-01-26 19:30,QH,70.2,71.93,68.45,70.9,112.8,29,68.94,86.25,-16.06
2026-01-26T19:30:00Z,2026-01-26 19:30,2026-01-26 19:45,QH,138.66,144.35,134.98,134.72,99.5,31,140.93,81.1,57.56
2026-01-26T19:45:00Z,2026-01-26 19:45,2026-01-26 20:00,QH,91.21,94.38,85.42,90.55,106.5,22,88.17,75.46,15.75
2026-01-26T20:00:00Z,2026-01-26 20:00,2026-01-26 20:15,QH,24.8,31.29,20.16,20.43,86.0,11,25.25,40.45,-15.65
2026-01-26T20:15:00Z,2026-01-26 20:15,2026-01-26 20:30,QH,31.61,34.5,24.13,33.2,107.8,21,30.72,44.05,-12.44
2026-01-26T20:30:00Z,2026-01-26 20:30,2026-01-26 20:45,QH,42.13,46.59,41.52,43.24,70.6,11,42.37,42.91,-0.78
2026-01-26T20:45:00Z,2026-01-26 20:45,2026-01-26 21:00,QH,17.76,19.74,14.57,21.6,130.5,18,17.74,44.63,-26.86
2026-01-26T21:00:00Z,2026-01-26 21:00,2026-01-26 21:15,QH,45.86,46.98,41.38,48.95,129.9,16,45.33,41.37,4.49
2026-01-26T21:15:00Z,2026-01-26 21:15,2026-01-26 21:30,QH,24.8,30.38,21.9,23.41,72.6,9,27.17,33.91,-9.12
2026-01-26T21:30:00Z,2026-01-26 21:30,2026-01-26 21:45,QH,19.32,21.49,14.43,15.75,83.7,24,16.89,46.68,-27.36
2026-01-26T21:45:00Z,2026-01-26 21:45,2026-01-26 22:00,QH,31.22,36.24,22.01,35.16,103.1,26,31.65,37.41,-6.18
2026-01-26T22:00:00Z,2026-01-26 22:00,2026-01-26 22:15,QH,48.4,63.8,39.2,44.88,66.7,14,50.14,23.6,24.8
2026-01-26T22:15:00Z,2026-01-26 22:15,2026-01-26 22:30,QH,27.24,37.27,26.41,26.89,98.9,31,22.7,39.95,-12.71
2026-01-26T22:30:00Z,2026-01-26 22:30,2026-01-26 22:45,QH,29.75,37.93,25.6,30.46,113.5,41,26.38,36.21,-6.46
2026-01-26T22:45:00Z,2026-01-26 22:45,2026-01-26 23:00,QH,123.73,126.97,115.07,123.23,122.7,33,127.11,36.41,87.32
2026-01-26T23:00:00Z,2026-01-26 23:00,2026-01-26 23:15,QH,36.28,37.45,30.43,35.09,85.8,11,35.6,37.38,-1.11
2026-01-26T23:15:00Z,2026-01-26 23:15,2026-01-26 23:30,QH,33.97,42.49,33.71,30.34,98.7,37,32.69,31.43,2.55
2026-01-26T23:30:00Z,2026-01-26 23:30,2026-01-26 23:45,QH,-23.32,-16.29,-27.62,-24.19,93.5,34,-24.75,33.49,-56.8
2026-01-26T23:45:00Z,2026-01-26 23:45,2026-01-27 00:00,QH,28.93,32.28,18.34,31.88,141.3,21,29.11,37.38,-8.45
2026-01-27T00:00:00Z,2026-01-27 00:00,2026-01-27 00:15,QH,30.21,30.73,23.88,32.48,95.6,18,27.15,63.23,-33.02
2026-01-27T00:15:00Z,2026-01-27 00:15,2026-01-27 00:30,QH,47.26,51.53,38.61,51.43,37.1,4,49.9,63.24,-15.98
2026-01-27T00:30:00Z,2026-01-27 00:30,2026-01-27 00:45,QH,80.11,83.97,78.97,83.03,81.4,13,81.64,63.01,17.11
2026-01-27T00:45:00Z,2026-01-27 00:45,2026-01-27 01:00,QH,29.67,33.1,27.43,30.38,36.6,5,28.0,62.12,-32.45
2026-01-27T01:00:00Z,2026-01-27 01:00,2026-01-27 01:15,QH,38.93,40.31,38.84,37.04,91.0,15,37.22,54.48,-15.55
2026-01-27T01:15:00Z,2026-01-27 01:15,2026-01-27 01:30,QH,53.69,57.44,48.19,52.94,49.3,22,55.8,54.98,-1.28
2026-01-27T01:30:00Z,2026-01-27 01:30,2026-01-27 01:45,QH,57.77,60.35,56.35,56.47,94.8,20,56.23,59.14,-1.38
2026-01-27T01:45:00Z,2026-01-27 01:45,2026-01-27 02:00,QH,67.46,74.59,64.18,65.33,85.1,19,66.58,60.55,6.92
2026-01-27T02:00:00Z,2026-01-27 02:00,2026-01-27 02:15,QH,48.19,51.39,40.19,47.45,100.0,25,49.37,48.45,-0.26
2026-01-27T02:15:00Z,2026-01-27 02:15,2026-01-27 02:30,QH,48.39,56.98,41.41,47.91,53.2,10,48.75,59.72,-11.33
2026-01-27T02:30:00Z,2026-01-27 02:30,2026-01-27 02:45,QH,55.38,60.8,49.41,57.51,109.0,17,52.76,67.72,-12.35
2026-01-27T02:45:00Z,2026-01-27 02:45,2026-01-27 03:00,QH,57.31,58.0,42.32,53.46,24.4,7,54.79,62.06,-4.75
2026-01-27T03:00:00Z,2026-01-27 03:00,2026-01-27 03:15,QH,60.71,68.59,54.24,63.27,105.9,21,59.47,59.51,1.21
2026-01-27T03:15:00Z,2026-01-27 03:15,2026-01-27 03:30,QH,50.84,51.59,44.38,54.48,134.8,31,48.98,61.98,-11.14
2026-01-27T03:30:00Z,2026-01-27 03:30,2026-01-27 03:45,QH,77.87,78.23,64.87,73.14,55.3,7,79.22,50.82,27.05
2026-01-27T03:45:00Z,2026-01-27 03:45,2026-01-27 04:00,QH,69.56,72.84,62.93,70.2,92.4,15,66.47,66.63,2.93
2026-01-27T04:00:00Z,2026-01-27 04:00,2026-01-27 04:15,QH,68.56,69.4,66.48,60.29,46.7,20,70.51,67.32,1.24
2026-01-27T04:15:00Z,2026-01-27 04:15,2026-01-27 04:30,QH,60.8,62.82,57.28,61.09,51.1,6,61.32,57.18,3.61
2026-01-27T04:30:00Z,2026-01-27 04:30,2026-01-27 04:45,QH,57.74,62.93,56.08,55.04,99.6,23,59.62,64.44,-6.7
2026-01-27T04:45:00Z,2026-01-27 04:45,2026-01-27 05:00,QH,49.28,52.76,46.7,44.56,109.7,23,48.64,60.44,-11.16
2026-01-27T05:00:00Z,2026-01-27 05:00,2026-01-27 05:15,QH,54.14,60.3,50.28,51.85,125.2,19,55.1,61.97,-7.83
2026-01-27T05:15:00Z,2026-01-27 05:15,2026-01-27 05:30,QH,61.18,63.65,60.05,62.25,107.7,20,56.34,61.53,-0.35
2026-01-27T05:30:00Z,2026-01-27 05:30,2026-01-27 05:45,QH,65.97,71.93,61.52,64.84,50.8,7,65.3,59.02,6.95
2026-01-27T05:45:00Z,2026-01-27 05:45,2026-01-27 06:00,QH,69.94,75.05,66.81,73.98,58.0,10,69.19,56.33,13.61
2026-01-27T06:00:00Z,2026-01-27 06:00,2026-01-27 06:15,QH,37.79,40.93,36.81,34.76,124.0,61,37.62,56.25,-18.46
2026-01-27T06:15:00Z,2026-01-27 06:15,2026-01-27 06:30,QH,60.67,62.31,56.7,59.12,73.3,9,60.12,62.84,-2.17
2026-01-27T06:30:00Z,2026-01-27 06:30,2026-01-27 06:45,QH,63.51,73.09,58.81,64.13,78.6,10,60.76,67.67,-4.16
2026-01-27T06:45:00Z,2026-01-27 06:45,2026-01-27 07:00,QH,61.24,62.8,53.41,60.3,167.2,41,62.14,70.69,-9.44
2026-01-27T07:00:00Z,2026-01-27 07:00,2026-01-27 07:15,QH,95.0,108.05,90.15,97.41,104.2,24,95.91,91.05,3.95
2026-01-27T07:15:00Z,2026-01-27 07:15,2026-01-27 07:30,QH,65.96,74.04,65.14,71.38,78.4,13,67.54,90.87,-24.91
2026-01-27T07:30:00Z,2026-01-27 07:30,2026-01-27 07:45,QH,100.81,102.95,97.87,103.38,86.5,11,100.19,94.61,6.21
2026-01-27T07:45:00Z,2026-01-27 07:45,2026-01-27 08:00,QH,193.36,205.56,187.65,194.51,92.3,12,195.06,99.76,93.6
2026-01-27T08:00:00Z,2026-01-27 08:00,2026-01-27 08:15,QH,70.52,78.25,62.4,73.32,55.0,9,71.07,99.02,-28.5
2026-01-27T08:15:00Z,2026-01-27 08:15,2026-01-27 08:30,QH,84.46,92.02,78.66,80.63,26.3,4,85.12,89.09,-4.63
2026-01-27T08:30:00Z,2026-01-27 08:30,2026-01-27 08:45,QH,78.63,85.01,73.2,80.82,85.1,16,79.66,106.23,-27.6
2026-01-27T08:45:00Z,2026-01-27 08:45,2026-01-27 09:00,QH,102.44,107.86,98.9,100.69,53.5,7,101.18,104.11,-1.67
2026-01-27T09:00:00Z,2026-01-27 09:00,2026-01-27 09:15,QH,116.91,124.39,107.28,118.33,91.8,16,118.66,98.49,18.42
2026-01-27T09:15:00Z,2026-01-27 09:15,2026-01-27 09:30,QH,89.83,99.56,81.66,89.38,91.2,25,91.29,101.56,-11.73
2026-01-27T09:30:00Z,2026-01-27 09:30,2026-01-27 09:45,QH,93.62,102.19,89.37,93.67,82.1,17,95.34,108.17,-14.55
2026-01-27T09:45:00Z,2026-01-27 09:45,2026-01-27 10:00,QH,93.13,99.42,88.99,88.46,89.1,12,92.25,102.85,-9.72
2026-01-27T10:00:00Z,2026-01-27 10:00,2026-01-27 10:15,QH,111.55,115.95,106.68,109.73,86.6,30,111.09,98.29,13.25
2026-01-27T10:15:00Z,2026-01-27 10:15,2026-01-27 10:30,QH,104.2,113.6,100.12,102.59,42.5,6,102.68,101.3,2.9
2026-01-27T10:30:00Z,2026-01-27 10:30,2026-01-27 10:45,QH,102.33,102.8,102.17,101.53,70.5,11,100.87,100.59,1.74
2026-01-27T10:45:00Z,2026-01-27 10:45,2026-01-27 11:00,QH,127.63,133.77,121.89,128.56,59.4,10,126.57,103.36,24.27
2026-01-27T11:00:00Z,2026-01-27 11:00,2026-01-27 11:15,QH,110.41,121.31,99.09,111.51,93.8,14,107.7,113.56,-3.15
2026-01-27T11:15:00Z,2026-01-27 11:15,2026-01-27 11:30,QH,123.92,128.39,121.09,123.97,69.6,20,119.57,99.42,24.5
2026-01-27T11:30:00Z,2026-01-27 11:30,2026-01-27 11:45,QH,115.84,118.52,113.6,114.19,58.1,14,117.27,111.58,4.26
2026-01-27T11:45:00Z,2026-01-27 11:45,2026-01-27 12:00,QH,95.15,95.48,90.3,96.22,48.6,10,93.16,105.54,-10.38
2026-01-27T12:00:00Z,2026-01-27 12:00,2026-01-27 12:15,QH,105.12,115.17,100.85,104.47,88.8,34,105.34,111.62,-6.51
2026-01-27T12:15:00Z,2026-01-27 12:15,2026-01-27 12:30,QH,70.89,74.01,69.2,64.09,70.8,8,67.9,108.07,-37.18
2026-01-27T12:30:00Z,2026-01-27 12:30,2026-01-27 12:45,QH,99.51,101.02,96.91,101.04,72.7,9,100.94,107.37,-7.86
2026-01-27T12:45:00Z,2026-01-27 12:45,2026-01-27 13:00,QH,111.84,112.97,105.47,111.6,102.0,13,111.22,96.52,15.32
2026-01-27T13:00:00Z,2026-01-27 13:00,2026-01-27 13:15,QH,106.37,109.91,104.95,102.35,110.2,25,104.27,109.54,-3.17
2026-01-27T13:15:00Z,2026-01-27 13:15,2026-01-27 13:30,QH,103.02,105.14,102.4,103.63,64.2,11,101.71,98.31,4.71
2026-01-27T13:30:00Z,2026-01-27 13:30,2026-01-27 13:45,QH,135.61,139.32,132.2,140.75,128.4,20,131.46,101.34,34.27
2026-01-27T13:45:00Z,2026-01-27 13:45,2026-01-27 14:00,QH,99.3,100.45,92.46,97.07,37.4,4,99.63,106.29,-7.0
2026-01-27T14:00:00Z,2026-01-27 14:00,2026-01-27 14:15,QH,110.0,115.44,104.93,113.04,63.6,11,107.77,112.45,-2.45
2026-01-27T14:15:00Z,2026-01-27 14:15,2026-01-27 14:30,QH,112.02,114.88,106.41,111.79,45.2,12,110.93,103.93,8.09
2026-01-27T14:30:00Z,2026-01-27 14:30,2026-01-27 14:45,QH,125.37,136.34,122.2,128.0,116.8,19,127.28,102.87,22.5
2026-01-27T14:45:00Z,2026-01-27 14:45,2026-01-27 15:00,QH,126.08,127.12,124.32,128.55,94.8,13,129.42,111.62,14.46
2026-01-27T15:00:00Z,2026-01-27 15:00,2026-01-27 15:15,QH,113.86,118.19,110.37,113.35,100.2,15,114.27,107.0,6.86
2026-01-27T15:15:00Z,2026-01-27 15:15,2026-01-27 15:30,QH,101.16,101.68,97.77,99.35,128.2,22,99.34,107.67,-6.51
2026-01-27T15:30:00Z,2026-01-27 15:30,2026-01-27 15:45,QH,103.71,103.96,97.06,105.78,109.6,48,101.68,101.07,2.64
2026-01-27T15:45:00Z,2026-01-27 15:45,2026-01-27 16:00,QH,96.04,98.51,95.35,93.39,94.2,26,96.97,116.76,-20.73
2026-01-27T16:00:00Z,2026-01-27 16:00,2026-01-27 16:15,QH,99.33,101.96,95.34,103.4,107.5,51,96.52,107.12,-7.79
2026-01-27T16:15:00Z,2026-01-27 16:15,2026-01-27 16:30,QH,105.02,105.59,103.4,105.33,83.6,18,101.96,107.86,-2.84
2026-01-27T16:30:00Z,2026-01-27 16:30,2026-01-27 16:45,QH,87.38,88.38,83.46,86.23,138.0,22,88.28,97.36,-9.97
2026-01-27T16:45:00Z,2026-01-27 16:45,2026-01-27 17:00,QH,97.34,99.15,95.33,97.46,61.4,8,100.22,107.44,-10.1
2026-01-27T17:00:00Z,2026-01-27 17:00,2026-01-27 17:15,QH,81.17,85.36,77.98,81.91,81.1,32,82.61,103.28,-22.11
2026-01-27T17:15:00Z,2026-01-27 17:15,2026-01-27 17:30,QH,85.46,91.25,80.75,90.84,35.5,9,86.99,106.02,-20.56
2026-01-27T17:30:00Z,2026-01-27 17:30,2026-01-27 17:45,QH,100.75,111.25,98.25,99.26,64.4,8,101.39,92.84,7.92
2026-01-27T17:45:00Z,2026-01-27 17:45,2026-01-27 18:00,QH,108.41,117.3,101.97,111.32,127.0,24,108.24,97.25,11.16
2026-01-27T18:00:00Z,2026-01-27 18:00,2026-01-27 18:15,QH,95.84,107.97,93.21,94.82,61.3,14,93.85,102.9,-7.06
2026-01-27T18:15:00Z,2026-01-27 18:15,2026-01-27 18:30,QH,68.21,69.01,66.65,67.06,96.0,17,66.57,97.28,-29.07
2026-01-27T18:30:00Z,2026-01-27 18:30,2026-01-27 18:45,QH,111.78,113.13,111.26,109.81,86.5,11,107.81,94.66,17.13
2026-01-27T18:45:00Z,2026-01-27 18:45,2026-01-27 19:00,QH,105.87,108.35,104.21,105.48,117.7,42,106.03,108.86,-2.99
2026-01-27T19:00:00Z,2026-01-27 19:00,2026-01-27 19:15,QH,92.99,96.16,85.89,88.39,46.5,7,91.9,95.42,-2.42
2026-01-27T19:15:00Z,2026-01-27 19:15,2026-01-27 19:30,QH,117.82,119.55,113.92,119.36,69.3,13,116.88,101.76,16.06
2026-01-27T19:30:00Z,2026-01-27 19:30,2026-01-27 19:45,QH,97.54,97.99,97.17,96.37,50.5,7,98.06,93.49,4.05
2026-01-27T19:45:00Z,2026-01-27 19:45,2026-01-27 20:00,QH,76.89,86.77,72.78,76.17,114.5,15,79.64,104.75,-27.86
2026-01-27T20:00:00Z,2026-01-27 20:00,2026-01-27 20:15,QH,38.75,44.29,33.75,36.76,91.0,16,38.54,55.17,-16.42
2026-01-27T20:15:00Z,2026-01-27 20:15,2026-01-27 20:30,QH,41.42,51.93,38.57,38.91,72.3,17,38.94,62.35,-20.93
2026-01-27T20:30:00Z,2026-01-27 20:30,2026-01-27 20:45,QH,83.63,91.87,83.5,78.34,79.0,9,83.8,60.05,23.58
2026-01-27T20:45:00Z,2026-01-27 20:45,2026-01-27 21:00,QH,49.96,55.21,47.74,49.87,60.3,9,49.37,52.91,-2.94
2026-01-27T21:00:00Z,2026-01-27 21:00,2026-01-27 21:15,QH,72.94,76.06,71.01,68.98,72.2,9,74.74,52.71,20.22
2026-01-27T21:15:00Z,2026-01-27 21:15,2026-01-27 21:30,QH,65.09,67.53,58.97,63.03,68.0,27,65.56,65.31,-0.22
2026-01-27T21:30:00Z,2026-01-27 21:30,2026-01-27 21:45,QH,43.59,48.33,43.26,41.67,117.3,30,43.72,63.03,-19.44
2026-01-27T21:45:00Z,2026-01-27 21:45,2026-01-27 22:00,QH,48.81,48.93,48.27,47.58,140.8,41,49.16,54.24,-5.43
2026-01-27T22:00:00Z,2026-01-27 22:00,2026-01-27 22:15,QH,86.15,91.47,83.03,78.89,88.2,30,88.17,56.45,29.7
2026-01-27T22:15:00Z,2026-01-27 22:15,2026-01-27 22:30,QH,33.75,35.07,28.87,35.4,18.7,6,33.83,67.77,-34.02
2026-01-27T22:30:00Z,2026-01-27 22:30,2026-01-27 22:45,QH,64.99,66.47,64.67,63.4,142.0,21,64.63,59.91,5.08
2026-01-27T22:45:00Z,2026-01-27 22:45,2026-01-27 23:00,QH,72.39,78.79,58.4,70.49,89.5,35,74.71,57.5,14.89
2026-01-27T23:00:00Z,2026-01-27 23:00,2026-01-27 23:15,QH,69.51,72.4,67.63,66.02,82.4,11,69.86,53.64,15.87
2026-01-27T23:15:00Z,2026-01-27 23:15,2026-01-27 23:30,QH,53.35,65.05,46.14,54.32,75.6,13,54.65,56.18,-2.82
2026-01-27T23:30:00Z,2026-01-27 23:30,2026-01-27 23:45,QH,63.07,64.52,57.85,65.96,84.0,22,61.18,55.5,7.57
2026-01-27T23:45:00Z,2026-01-27 23:45,2026-01-28 00:00,QH,81.49,83.79,75.5,83.33,91.9,20,82.6,61.11,20.39
2026-01-28T00:00:00Z,2026-01-28 00:00,2026-01-28 00:15,QH,47.64,52.68,37.37,46.48,93.1,11,47.71,50.33,-2.69
2026-01-28T00:15:00Z,2026-01-28 00:15,2026-01-28 00:30,QH,31.32,36.1,29.75,31.12,150.7,43,30.49,59.84,-28.52
2026-01-28T00:30:00Z,2026-01-28 00:30,2026-01-28 00:45,QH,54.46,54.56,46.77,47.78,108.0,14,55.57,43.24,11.23
2026-01-28T00:45:00Z,2026-01-28 00:45,2026-01-28 01:00,QH,52.52,59.78,46.94,48.76,10,3,52.53,47.6,4.92
2026-01-28T01:00:00Z,2026-01-28 01:00,2026-01-28 01:15,QH,66.1,75.03,62.26,63.28,51.4,7,65.47,55.38,10.72
2026-01-28T01:15:00Z,2026-01-28 01:15,2026-01-28 01:30,QH,63.47,70.89,62.86,64.48,84.1,13,64.49,53.73,9.74
2026-01-28T01:30:00Z,2026-01-28 01:30,2026-01-28 01:45,QH,48.13,55.57,44.68,45.16,53.7,12,46.5,56.28,-8.15
2026-01-28T01:45:00Z,2026-01-28 01:45,2026-01-28 02:00,QH,50.45,53.11,48.28,49.85,63.9,10,51.99,56.74,-6.29
2026-01-28T02:00:00Z,2026-01-28 02:00,2026-01-28 02:15,QH,53.76,55.87,52.17,56.36,57.0,8,54.84,72.66,-18.9
2026-01-28T02:15:00Z,2026-01-28 02:15,2026-01-28 02:30,QH,54.74,60.12,54.13,49.96,95.4,23,53.81,55.4,-0.66
2026-01-28T02:30:00Z,2026-01-28 02:30,2026-01-28 02:45,QH,53.67,59.51,47.19,52.78,117.5,20,54.23,47.14,6.53
2026-01-28T02:45:00Z,2026-01-28 02:45,2026-01-28 03:00,QH,62.91,70.71,57.75,63.6,86.2,13,63.37,61.16,1.75
2026-01-28T03:00:00Z,2026-01-28 03:00,2026-01-28 03:15,QH,39.3,48.92,32.4,38.64,115.5,50,39.63,46.6,-7.31
2026-01-28T03:15:00Z,2026-01-28 03:15,2026-01-28 03:30,QH,65.26,66.06,61.73,66.86,61.0,9,65.16,51.9,13.36
2026-01-28T03:30:00Z,2026-01-28 03:30,2026-01-28 03:45,QH,62.85,67.77,60.91,71.14,92.1,30,62.62,54.51,8.34
2026-01-28T03:45:00Z,2026-01-28 03:45,2026-01-28 04:00,QH,52.48,60.09,49.96,48.98,52.0,22,52.88,47.75,4.73
2026-01-28T04:00:00Z,2026-01-28 04:00,2026-01-28 04:15,QH,57.0,57.07,56.27,54.4,109.6,15,49.33,49.08,7.92
2026-01-28T04:15:00Z,2026-01-28 04:15,2026-01-28 04:30,QH,71.2,75.0,64.81,65.96,91.5,21,72.69,48.01,23.19
2026-01-28T04:30:00Z,2026-01-28 04:30,2026-01-28 04:45,QH,55.81,56.23,54.51,61.35,68.6,9,56.76,56.35,-0.54
2026-01-28T04:45:00Z,2026-01-28 04:45,2026-01-28 05:00,QH,27.15,32.1,25.53,28.33,97.7,14,27.28,53.11,-25.97
2026-01-28T05:00:00Z,2026-01-28 05:00,2026-01-28 05:15,QH,52.84,57.2,49.54,47.57,46.8,14,56.87,52.5,0.33
2026-01-28T05:15:00Z,2026-01-28 05:15,2026-01-28 05:30,QH,48.57,51.37,46.34,52.97,90.2,36,46.91,52.33,-3.76
2026-01-28T05:30:00Z,2026-01-28 05:30,2026-01-28 05:45,QH,45.77,47.94,39.81,41.33,119.6,15,46.28,37.05,8.73
2026-01-28T05:45:00Z,2026-01-28 05:45,2026-01-28 06:00,QH,184.73,186.41,179.81,186.22,96.8,16,184.21,47.93,136.8
2026-01-28T06:00:00Z,2026-01-28 06:00,2026-01-28 06:15,QH,65.5,67.28,55.05,61.62,34.0,5,63.68,47.57,17.93
2026-01-28T06:15:00Z,2026-01-28 06:15,2026-01-28 06:30,QH,50.35,51.34,41.48,47.44,52.1,8,51.71,62.11,-11.76
2026-01-28T06:30:00Z,2026-01-28 06:30,2026-01-28 06:45,QH,70.31,72.03,70.15,73.46,117.8,14,69.57,46.5,23.81
2026-01-28T06:45:00Z,2026-01-28 06:45,2026-01-28 07:00,QH,43.64,44.83,38.94,41.33,83.2,11,41.88,53.96,-10.32
2026-01-28T07:00:00Z,2026-01-28 07:00,2026-01-28 07:15,QH,89.57,91.25,89.25,94.34,63.4,19,90.3,97.77,-8.2
2026-01-28T07:15:00Z,2026-01-28 07:15,2026-01-28 07:30,QH,84.26,88.28,83.52,85.26,58.6,21,86.78,79.88,4.38
2026-01-28T07:30:00Z,2026-01-28 07:30,2026-01-28 07:45,QH,65.11,72.82,63.05,66.12,62.6,10,66.0,89.05,-23.94
2026-01-28T07:45:00Z,2026-01-28 07:45,2026-01-28 08:00,QH,87.64,89.94,84.16,87.86,78.0,21,89.73,84.95,2.69
2026-01-28T08:00:00Z,2026-01-28 08:00,2026-01-28 08:15,QH,75.23,82.13,69.51,73.18,86.2,22,74.21,78.01,-2.78
2026-01-28T08:15:00Z,2026-01-28 08:15,2026-01-28 08:30,QH,81.59,82.14,80.09,83.81,66.7,13,83.67,86.57,-4.98
2026-01-28T08:30:00Z,2026-01-28 08:30,2026-01-28 08:45,QH,88.51,90.34,86.2,95.16,99.0,38,88.65,87.43,1.08
2026-01-28T08:45:00Z,2026-01-28 08:45,2026-01-28 09:00,QH,86.46,87.53,86.37,82.48,151.1,20,84.2,84.6,1.86
2026-01-28T09:00:00Z,2026-01-28 09:00,2026-01-28 09:15,QH,66.98,69.98,64.64,68.9,35.3,6,66.84,94.66,-27.68
2026-01-28T09:15:00Z,2026-01-28 09:15,2026-01-28 09:30,QH,83.75,84.46,78.67,82.75,69.1,8,84.22,88.98,-5.23
2026-01-28T09:30:00Z,2026-01-28 09:30,2026-01-28 09:45,QH,99.74,107.85,96.6,98.76,65.9,8,99.43,92.25,7.49
2026-01-28T09:45:00Z,2026-01-28 09:45,2026-01-28 10:00,QH,68.46,73.64,64.67,66.19,99.8,13,68.88,89.24,-20.78
2026-01-28T10:00:00Z,2026-01-28 10:00,2026-01-28 10:15,QH,94.71,94.78,90.8,90.7,88.0,23,95.27,97.93,-3.22
2026-01-28T10:15:00Z,2026-01-28 10:15,2026-01-28 10:30,QH,106.26,109.5,100.69,102.1,126.7,23,104.35,100.62,5.65
2026-01-28T10:30:00Z,2026-01-28 10:30,2026-01-28 10:45,QH,77.88,79.39,75.44,80.45,107.5,16,79.95,94.03,-16.15
2026-01-28T10:45:00Z,2026-01-28 10:45,2026-01-28 11:00,QH,92.57,97.78,88.92,93.4,105.3,14,94.54,85.52,7.05
2026-01-28T11:00:00Z,2026-01-28 11:00,2026-01-28 11:15,QH,222.26,231.23,216.8,227.66,62.3,19,222.93,91.24,131.03
2026-01-28T11:15:00Z,2026-01-28 11:15,2026-01-28 11:30,QH,112.11,116.92,102.56,111.79,91.0,13,116.5,91.57,20.54
2026-01-28T11:30:00Z,2026-01-28 11:30,2026-01-28 11:45,QH,98.01,102.03,87.03,96.99,82.1,10,98.02,96.26,1.75
2026-01-28T11:45:00Z,2026-01-28 11:45,2026-01-28 12:00,QH,117.99,120.61,115.7,121.53,145.2,44,118.59,102.41,15.58
2026-01-28T12:00:00Z,2026-01-28 12:00,2026-01-28 12:15,QH,107.42,108.32,101.22,107.35,111.1,46,110.88,97.64,9.78
2026-01-28T12:15:00Z,2026-01-28 12:15,2026-01-28 12:30,QH,89.69,90.95,88.79,90.05,61.9,12,89.78,96.25,-6.56
2026-01-28T12:30:00Z,2026-01-28 12:30,2026-01-28 12:45,QH,122.55,137.35,119.97,118.15,119.8,28,121.8,90.92,31.63
2026-01-28T12:45:00Z,2026-01-28 12:45,2026-01-28 13:00,QH,87.69,90.18,85.84,86.26,117.8,22,89.91,101.92,-14.23
2026-01-28T13:00:00Z,2026-01-28 13:00,2026-01-28 13:15,QH,160.13,167.0,156.5,153.19,106.4,17,161.54,93.34,66.79
2026-01-28T13:15:00Z,2026-01-28 13:15,2026-01-28 13:30,QH,97.94,112.05,97.3,96.29,69.1,10,97.02,98.89,-0.95
2026-01-28T13:30:00Z,2026-01-28 13:30,2026-01-28 13:45,QH,101.11,101.63,95.44,99.98,78.5,10,102.13,108.62,-7.51
2026-01-28T13:45:00Z,2026-01-28 13:45,2026-01-28 14:00,QH,94.77,101.63,88.74,99.25,138.9,36,95.49,99.9,-5.13
2026-01-28T14:00:00Z,2026-01-28 14:00,2026-01-28 14:15,QH,78.46,78.93,74.86,72.4,96.4,15,78.42,100.01,-21.55
2026-01-28T14:15:00Z,2026-01-28 14:15,2026-01-28 14:30,QH,80.4,86.76,74.65,78.42,80.8,10,81.58,99.61,-19.21
2026-01-28T14:30:00Z,2026-01-28 14:30,2026-01-28 14:45,QH,103.6,108.66,97.63,105.33,114.8,43,102.55,101.02,2.58
2026-01-28T14:45:00Z,2026-01-28 14:45,2026-01-28 15:00,QH,91.32,96.05,88.73,95.44,81.0,18,88.98,100.22,-8.9
2026-01-28T15:00:00Z,2026-01-28 15:00,2026-01-28 15:15,QH,91.81,93.1,90.36,86.03,87.7,11,90.78,91.52,0.29
2026-01-28T15:15:00Z,2026-01-28 15:15,2026-01-28 15:30,QH,91.05,98.48,84.92,91.4,88.1,22,91.01,102.64,-11.59
2026-01-28T15:30:00Z,2026-01-28 15:30,2026-01-28 15:45,QH,105.57,109.1,104.2,106.91,77.8,12,103.99,100.85,4.73
2026-01-28T15:45:00Z,2026-01-28 15:45,2026-01-28 16:00,QH,100.72,107.01,96.69,103.34,121.0,21,100.15,92.49,8.23
2026-01-28T16:00:00Z,2026-01-28 16:00,2026-01-28 16:15,QH,105.9,108.41,104.83,108.59,39.1,6,104.77,93.75,12.15
2026-01-28T16:15:00Z,2026-01-28 16:15,2026-01-28 16:30,QH,67.66,74.15,64.53,73.93,104.1,20,69.19,89.77,-22.11
2026-01-28T16:30:00Z,2026-01-28 16:30,2026-01-28 16:45,QH,103.92,107.6,92.97,102.7,91.6,17,103.57,92.65,11.28
2026-01-28T16:45:00Z,2026-01-28 16:45,2026-01-28 17:00,QH,95.21,99.91,95.2,91.52,151.2,19,93.04,98.84,-3.62
2026-01-28T17:00:00Z,2026-01-28 17:00,2026-01-28 17:15,QH,83.55,91.26,82.65,82.29,91.9,13,80.68,96.28,-12.73
2026-01-28T17:15:00Z,2026-01-28 17:15,2026-01-28 17:30,QH,84.53,89.67,79.96,84.84,39.3,5,81.18,100.06,-15.53
2026-01-28T17:30:00Z,2026-01-28 17:30,2026-01-28 17:45,QH,92.15,93.98,88.13,90.41,74.5,20,91.96,87.45,4.7
2026-01-28T17:45:00Z,2026-01-28 17:45,2026-01-28 18:00,QH,87.07,100.11,79.29,89.16,94.8,18,89.48,86.84,0.23
2026-01-28T18:00:00Z,2026-01-28 18:00,2026-01-28 18:15,QH,104.16,106.48,102.97,108.88,59.8,14,102.52,82.89,21.26
2026-01-28T18:15:00Z,2026-01-28 18:15,2026-01-28 18:30,QH,104.42,118.67,102.15,107.14,96.7,29,101.75,90.8,13.61
2026-01-28T18:30:00Z,2026-01-28 18:30,2026-01-28 18:45,QH,121.08,124.74,109.6,119.97,77.3,29,120.95,94.38,26.71
2026-01-28T18:45:00Z,2026-01-28 18:45,2026-01-28 19:00,QH,95.71,97.32,88.32,93.28,101.4,14,91.55,92.16,3.55
2026-01-28T19:00:00Z,2026-01-28 19:00,2026-01-28 19:15,QH,97.26,99.26,95.69,98.95,85.5,21,95.16,87.27,9.99
2026-01-28T19:15:00Z,2026-01-28 19:15,2026-01-28 19:30,QH,119.55,124.65,115.89,122.52,10.9,3,116.96,89.28,30.27
2026-01-28T19:30:00Z,2026-01-28 19:30,2026-01-28 19:45,QH,66.56,70.18,61.05,69.75,32.9,6,69.01,85.36,-18.8
2026-01-28T19:45:00Z,2026-01-28 19:45,2026-01-28 20:00,QH,76.63,81.97,72.81,78.88,73.1,10,77.25,79.36,-2.73
2026-01-28T20:00:00Z,2026-01-28 20:00,2026-01-28 20:15,QH,29.35,32.29,28.74,25.42,85.3,36,28.06,49.01,-19.66
2026-01-28T20:15:00Z,2026-01-28 20:15,2026-01-28 20:30,QH,40.81,42.2,38.58,38.41,16.9,3,42.05,46.82,-6.01
2026-01-28T20:30:00Z,2026-01-28 20:30,2026-01-28 20:45,QH,149.65,154.45,146.0,144.31,64.2,16,148.34,50.31,99.34
2026-01-28T20:45:00Z,2026-01-28 20:45,2026-01-28 21:00,QH,46.76,49.66,45.22,45.18,112.3,17,44.08,53.1,-6.34
2026-01-28T21:00:00Z,2026-01-28 21:00,2026-01-28 21:15,QH,59.35,63.18,53.05,56.51,111.7,32,60.66,59.86,-0.51
2026-01-28T21:15:00Z,2026-01-28 21:15,2026-01-28 21:30,QH,62.72,66.5,56.3,66.07,59.6,27,60.99,56.74,5.98
2026-01-28T21:30:00Z,2026-01-28 21:30,2026-01-28 21:45,QH,34.13,43.47,29.43,37.67,119.4,16,36.79,50.78,-16.65
2026-01-28T21:45:00Z,2026-01-28 21:45,2026-01-28 22:00,QH,50.41,60.96,47.75,49.82,57.0,11,51.78,50.79,-0.38
2026-01-28T22:00:00Z,2026-01-28 22:00,2026-01-28 22:15,QH,62.82,68.21,62.33,62.88,107.4,19,62.64,40.66,22.17
2026-01-28T22:15:00Z,2026-01-28 22:15,2026-01-28 22:30,QH,37.71,44.77,35.96,37.11,123.8,29,38.6,54.42,-16.71
2026-01-28T22:30:00Z,2026-01-28 22:30,2026-01-28 22:45,QH,41.38,44.33,36.41,39.22,140.6,28,44.37,59.98,-18.59
2026-01-28T22:45:00Z,2026-01-28 22:45,2026-01-28 23:00,QH,47.39,51.4,47.13,42.82,86.2,19,46.13,50.32,-2.93
2026-01-28T23:00:00Z,2026-01-28 23:00,2026-01-28 23:15,QH,40.47,44.98,32.59,39.32,132.8,28,40.18,49.23,-8.76
2026-01-28T23:15:00Z,2026-01-28 23:15,2026-01-28 23:30,QH,47.87,50.29,42.31,41.15,145.9,39,44.19,48.8,-0.93
2026-01-28T23:30:00Z,2026-01-28 23:30,2026-01-28 23:45,QH,65.6,68.43,62.44,69.26,131.3,19,68.64,56.07,9.53
2026-01-28T23:45:00Z,2026-01-28 23:45,2026-01-29 00:00,QH,55.29,63.45,50.84,54.81,48.6,17,57.23,50.57,4.71
2026-01-29T00:00:00Z,2026-01-29 00:00,2026-01-29 00:15,QH,56.09,62.28,52.5,55.72,106.7,40,57.74,68.51,-12.41
2026-01-29T00:15:00Z,2026-01-29 00:15,2026-01-29 00:30,QH,55.5,58.14,46.86,57.04,151.9,42,58.67,58.4,-2.91
2026-01-29T00:30:00Z,2026-01-29 00:30,2026-01-29 00:45,QH,52.22,53.59,51.48,54.98,105.3,27,53.38,60.42,-8.2
2026-01-29T00:45:00Z,2026-01-29 00:45,2026-01-29 01:00,QH,59.12,60.25,57.95,58.34,37.2,7,59.13,62.84,-3.72
2026-01-29T01:00:00Z,2026-01-29 01:00,2026-01-29 01:15,QH,61.06,62.67,58.73,61.48,86.0,26,59.83,67.68,-6.62
2026-01-29T01:15:00Z,2026-01-29 01:15,2026-01-29 01:30,QH,56.66,60.13,53.08,55.18,68.0,32,58.5,58.75,-2.1
2026-01-29T01:30:00Z,2026-01-29 01:30,2026-01-29 01:45,QH,66.11,66.71,62.25,71.32,76.4,12,68.55,54.72,11.38
2026-01-29T01:45:00Z,2026-01-29 01:45,2026-01-29 02:00,QH,81.96,84.57,79.88,79.78,64.0,10,80.02,62.79,19.17
2026-01-29T02:00:00Z,2026-01-29 02:00,2026-01-29 02:15,QH,56.92,57.72,54.59,57.86,73.1,9,57.31,58.18,-1.26
2026-01-29T02:15:00Z,2026-01-29 02:15,2026-01-29 02:30,QH,86.83,92.78,79.33,85.95,113.5,36,87.15,68.29,18.54
2026-01-29T02:30:00Z,2026-01-29 02:30,2026-01-29 02:45,QH,55.0,58.54,52.54,51.24,125.5,50,55.86,67.52,-12.52
2026-01-29T02:45:00Z,2026-01-29 02:45,2026-01-29 03:00,QH,48.66,56.74,48.35,51.4,39.8,8,48.89,76.03,-27.37
2026-01-29T03:00:00Z,2026-01-29 03:00,2026-01-29 03:15,QH,52.7,56.75,47.18,56.92,129.5,30,51.04,68.63,-15.93
2026-01-29T03:15:00Z,2026-01-29 03:15,2026-01-29 03:30,QH,79.86,83.46,74.86,81.86,117.9,22,78.2,70.45,9.41
2026-01-29T03:30:00Z,2026-01-29 03:30,2026-01-29 03:45,QH,47.48,50.8,45.18,49.49,63.5,18,47.48,62.93,-15.45
2026-01-29T03:45:00Z,2026-01-29 03:45,2026-01-29 04:00,QH,62.2,67.27,59.12,62.61,44.7,6,62.18,72.76,-10.56
2026-01-29T04:00:00Z,2026-01-29 04:00,2026-01-29 04:15,QH,68.59,70.23,65.43,70.87,126.6,31,68.07,58.26,10.33
2026-01-29T04:15:00Z,2026-01-29 04:15,2026-01-29 04:30,QH,44.78,48.1,38.69,45.47,101.1,18,45.07,63.91,-19.13
2026-01-29T04:30:00Z,2026-01-29 04:30,2026-01-29 04:45,QH,61.29,65.76,56.21,62.62,73.5,30,58.83,54.04,7.25
2026-01-29T04:45:00Z,2026-01-29 04:45,2026-01-29 05:00,QH,64.39,68.8,58.54,62.52,90.6,14,63.85,57.1,7.29
2026-01-29T05:00:00Z,2026-01-29 05:00,2026-01-29 05:15,QH,61.26,61.69,53.4,61.67,104.6,23,54.28,57.47,3.8
2026-01-29T05:15:00Z,2026-01-29 05:15,2026-01-29 05:30,QH,67.75,74.82,66.03,73.95,72.9,10,67.38,54.73,13.02
2026-01-29T05:30:00Z,2026-01-29 05:30,2026-01-29 05:45,QH,37.89,38.57,35.82,31.75,75.3,26,33.91,58.08,-20.19
2026-01-29T05:45:00Z,2026-01-29 05:45,2026-01-29 06:00,QH,51.26,55.37,49.43,51.11,67.7,9,52.7,60.64,-9.38
2026-01-29T06:00:00Z,2026-01-29 06:00,2026-01-29 06:15,QH,67.51,72.24,61.76,66.74,85.1,10,63.79,63.79,3.71
2026-01-29T06:15:00Z,2026-01-29 06:15,2026-01-29 06:30,QH,128.88,130.04,123.66,127.72,129.2,18,130.84,59.83,69.05
2026-01-29T06:30:00Z,2026-01-29 06:30,2026-01-29 06:45,QH,54.68,58.17,46.73,56.78,112.6,23,54.08,57.07,-2.39
2026-01-29T06:45:00Z,2026-01-29 06:45,2026-01-29 07:00,QH,70.15,70.5,67.52,70.92,76.7,21,70.85,60.23,9.92
2026-01-29T07:00:00Z,2026-01-29 07:00,2026-01-29 07:15,QH,92.13,92.97,91.59,93.25,127.5,19,92.77,98.87,-6.74
2026-01-29T07:15:00Z,2026-01-29 07:15,2026-01-29 07:30,QH,82.58,84.32,80.26,84.09,26.0,3,77.28,97.39,-14.82
2026-01-29T07:30:00Z,2026-01-29 07:30,2026-01-29 07:45,QH,104.97,108.4,99.76,105.86,105.2,16,107.49,100.12,4.85
2026-01-29T07:45:00Z,2026-01-29 07:45,2026-01-29 08:00,QH,98.02,98.94,94.35,99.72,73.5,35,98.6,91.58,6.43
2026-01-29T08:00:00Z,2026-01-29 08:00,2026-01-29 08:15,QH,103.87,105.34,96.86,105.1,112.6,54,101.4,89.78,14.09
2026-01-29T08:15:00Z,2026-01-29 08:15,2026-01-29 08:30,QH,106.6,119.67,104.1,107.46,92.5,14,108.35,105.74,0.86
2026-01-29T08:30:00Z,2026-01-29 08:30,2026-01-29 08:45,QH,91.63,93.43,91.22,93.34,55.7,10,90.47,104.5,-12.87
2026-01-29T08:45:00Z,2026-01-29 08:45,2026-01-29 09:00,QH,99.93,100.42,92.32,101.87,96.5,22,100.5,92.98,6.95
2026-01-29T09:00:00Z,2026-01-29 09:00,2026-01-29 09:15,QH,95.38,99.09,91.03,93.33,113.1,29,95.73,100.95,-5.57
2026-01-29T09:15:00Z,2026-01-29 09:15,2026-01-29 09:30,QH,121.66,124.7,117.75,120.55,124.3,34,123.88,100.86,20.8
2026-01-29T09:30:00Z,2026-01-29 09:30,2026-01-29 09:45,QH,99.1,103.52,91.44,95.72,96.0,14,100.94,113.58,-14.47
2026-01-29T09:45:00Z,2026-01-29 09:45,2026-01-29 10:00,QH,107.69,108.44,105.75,112.9,62.5,8,104.12,103.03,4.65
2026-01-29T10:00:00Z,2026-01-29 10:00,2026-01-29 10:15,QH,95.7,96.52,88.59,91.72,50.7,8,91.38,104.21,-8.51
2026-01-29T10:15:00Z,2026-01-29 10:15,2026-01-29 10:30,QH,108.35,108.82,105.42,104.87,95.1,21,108.92,104.72,3.62
2026-01-29T10:30:00Z,2026-01-29 10:30,2026-01-29 10:45,QH,105.97,109.86,100.85,112.69,143.6,32,103.47,104.58,1.39
2026-01-29T10:45:00Z,2026-01-29 10:45,2026-01-29 11:00,QH,110.61,112.05,109.82,110.1,55.9,20,111.31,87.89,22.73
2026-01-29T11:00:00Z,2026-01-29 11:00,2026-01-29 11:15,QH,225.95,228.2,218.45,223.67,91.8,12,225.6,112.2,113.75
2026-01-29T11:15:00Z,2026-01-29 11:15,2026-01-29 11:30,QH,87.83,88.36,80.12,88.29,54.0,16,86.06,102.25,-14.42
2026-01-29T11:30:00Z,2026-01-29 11:30,2026-01-29 11:45,QH,88.4,92.79,80.97,86.78,72.9,24,89.4,106.42,-18.02
2026-01-29T11:45:00Z,2026-01-29 11:45,2026-01-29 12:00,QH,97.81,101.19,95.71,89.68,54.8,23,95.13,99.38,-1.57
2026-01-29T12:00:00Z,2026-01-29 12:00,2026-01-29 12:15,QH,101.69,103.91,97.43,101.31,64.1,8,105.87,110.74,-9.05
2026-01-29T12:15:00Z,2026-01-29 12:15,2026-01-29 12:30,QH,101.15,101.16,99.99,103.46,129.4,46,102.66,106.52,-5.36
2026-01-29T12:30:00Z,2026-01-29 12:30,2026-01-29 12:45,QH,107.11,110.16,102.47,109.11,81.0,17,105.92,98.93,8.18
2026-01-29T12:45:00Z,2026-01-29 12:45,2026-01-29 13:00,QH,110.75,114.36,106.36,114.24,10,3,111.26,105.15,5.6
2026-01-29T13:00:00Z,2026-01-29 13:00,2026-01-29 13:15,QH,106.86,106.96,106.83,107.51,71.7,28,108.57,99.57,7.29
2026-01-29T13:15:00Z,2026-01-29 13:15,2026-01-29 13:30,QH,102.93,112.33,98.41,106.85,114.4,29,105.62,102.53,0.4
2026-01-29T13:30:00Z,2026-01-29 13:30,2026-01-29 13:45,QH,104.79,109.96,100.39,104.91,82.6,13,106.15,96.04,8.74
2026-01-29T13:45:00Z,2026-01-29 13:45,2026-01-29 14:00,QH,99.08,101.43,91.34,102.76,87.4,40,100.72,103.11,-4.03
2026-01-29T14:00:00Z,2026-01-29 14:00,2026-01-29 14:15,QH,126.61,131.25,125.47,128.11,50.0,11,124.74,99.98,26.63
2026-01-29T14:15:00Z,2026-01-29 14:15,2026-01-29 14:30,QH,120.2,125.18,111.19,122.02,11.2,4,120.22,110.41,9.79
2026-01-29T14:30:00Z,2026-01-29 14:30,2026-01-29 14:45,QH,126.16,127.98,121.49,127.1,98.1,14,127.77,95.38,30.78
2026-01-29T14:45:00Z,2026-01-29 14:45,2026-01-29 15:00,QH,126.12,127.78,116.22,124.98,99.2,16,123.12,110.86,15.26
2026-01-29T15:00:00Z,2026-01-29 15:00,2026-01-29 15:15,QH,120.28,131.8,115.44,121.21,95.8,12,120.47,107.62,12.66
2026-01-29T15:15:00Z,2026-01-29 15:15,2026-01-29 15:30,QH,85.71,86.18,78.77,83.18,42.6,10,84.82,106.2,-20.5
2026-01-29T15:30:00Z,2026-01-29 15:30,2026-01-29 15:45,QH,123.51,124.97,117.0,123.51,119.6,33,124.63,110.4,13.12
2026-01-29T15:45:00Z,2026-01-29 15:45,2026-01-29 16:00,QH,102.01,102.41,101.2,105.43,97.3,45,103.65,104.85,-2.84
2026-01-29T16:00:00Z,2026-01-29 16:00,2026-01-29 16:15,QH,115.75,118.12,101.19,120.33,87.5,23,116.9,110.89,4.86
2026-01-29T16:15:00Z,2026-01-29 16:15,2026-01-29 16:30,QH,111.63,114.52,109.37,116.02,43.7,7,111.49,101.78,9.85
2026-01-29T16:30:00Z,2026-01-29 16:30,2026-01-29 16:45,QH,106.31,109.49,101.03,108.08,91.5,28,105.59,101.8,4.51
2026-01-29T16:45:00Z,2026-01-29 16:45,2026-01-29 17:00,QH,100.57,100.77,99.23,100.81,118.2,27,99.71,91.45,9.12
2026-01-29T17:00:00Z,2026-01-29 17:00,2026-01-29 17:15,QH,94.51,94.91,93.65,95.13,86.5,23,89.98,99.26,-4.75
2026-01-29T17:15:00Z,2026-01-29 17:15,2026-01-29 17:30,QH,77.31,78.02,72.92,83.39,87.5,28,78.35,90.16,-12.85
2026-01-29T17:30:00Z,2026-01-29 17:30,2026-01-29 17:45,QH,115.13,126.29,109.13,116.17,100.5,12,118.14,107.38,7.76
2026-01-29T17:45:00Z,2026-01-29 17:45,2026-01-29 18:00,QH,108.64,111.61,104.79,106.41,53.6,11,108.21,101.89,6.75
2026-01-29T18:00:00Z,2026-01-29 18:00,2026-01-29 18:15,QH,72.99,76.13,72.23,67.25,134.3,29,72.43,94.94,-21.96
2026-01-29T18:15:00Z,2026-01-29 18:15,2026-01-29 18:30,QH,88.17,89.0,86.74,87.97,56.7,10,90.93,103.87,-15.71
2026-01-29T18:30:00Z,2026-01-29 18:30,2026-01-29 18:45,QH,113.39,115.25,108.37,107.81,80.8,10,112.7,94.8,18.6
2026-01-29T18:45:00Z,2026-01-29 18:45,2026-01-29 19:00,QH,64.49,76.45,62.52,67.02,62.6,8,63.52,95.27,-30.78
2026-01-29T19:00:00Z,2026-01-29 19:00,2026-01-29 19:15,QH,94.42,104.44,87.67,96.44,102.1,46,93.85,86.27,8.15
2026-01-29T19:15:00Z,2026-01-29 19:15,2026-01-29 19:30,QH,97.63,99.43,91.75,94.13,58.2,8,99.55,97.27,0.36
2026-01-29T19:30:00Z,2026-01-29 19:30,2026-01-29 19:45,QH,97.34,100.74,91.98,93.42,100.6,50,92.34,91.19,6.15
2026-01-29T19:45:00Z,2026-01-29 19:45,2026-01-29 20:00,QH,108.84,129.14,103.7,104.52,83.0,16,103.6,88.77,20.07
2026-01-29T20:00:00Z,2026-01-29 20:00,2026-01-29 20:15,QH,-1.06,1.12,-1.65,-2.98,77.9,17,-2.78,66.41,-67.46
2026-01-29T20:15:00Z,2026-01-29 20:15,2026-01-29 20:30,QH,66.65,72.92,64.23,71.19,105.3,29,64.4,56.2,10.45
2026-01-29T20:30:00Z,2026-01-29 20:30,2026-01-29 20:45,QH,88.68,89.68,82.29,95.42,107.0,35,91.15,68.0,20.69
2026-01-29T20:45:00Z,2026-01-29 20:45,2026-01-29 21:00,QH,52.23,52.54,50.25,50.36,39.1,9,49.85,66.27,-14.04
2026-01-29T21:00:00Z,2026-01-29 21:00,2026-01-29 21:15,QH,48.96,53.28,48.13,46.97,51.6,12,47.17,67.69,-18.73
2026-01-29T21:15:00Z,2026-01-29 21:15,2026-01-29 21:30,QH,78.59,82.44,68.48,77.0,89.0,26,80.65,55.31,23.28
2026-01-29T21:30:00Z,2026-01-29 21:30,2026-01-29 21:45,QH,81.05,81.71,76.69,81.67,118.5,31,81.66,64.92,16.13
2026-01-29T21:45:00Z,2026-01-29 21:45,2026-01-29 22:00,QH,67.97,77.16,61.92,72.17,98.6,14,66.92,59.6,8.37
2026-01-29T22:00:00Z,2026-01-29 22:00,2026-01-29 22:15,QH,44.66,52.86,35.26,42.17,111.3,18,47.83,61.15,-16.49
2026-01-29T22:15:00Z,2026-01-29 22:15,2026-01-29 22:30,QH,41.13,46.76,40.3,45.91,87.9,21,40.26,58.11,-16.98
2026-01-29T22:30:00Z,2026-01-29 22:30,2026-01-29 22:45,QH,66.41,67.84,65.63,64.0,131.7,23,64.01,58.23,8.18
2026-01-29T22:45:00Z,2026-01-29 22:45,2026-01-29 23:00,QH,63.2,67.94,58.8,64.87,87.2,38,65.41,63.13,0.07
2026-01-29T23:00:00Z,2026-01-29 23:00,2026-01-29 23:15,QH,82.62,92.38,81.0,88.83,123.7,21,86.76,58.26,24.36
2026-01-29T23:15:00Z,2026-01-29 23:15,2026-01-29 23:30,QH,62.33,62.84,60.79,64.51,97.8,14,63.69,65.46,-3.13
2026-01-29T23:30:00Z,2026-01-29 23:30,2026-01-29 23:45,QH,47.66,49.68,46.82,53.11,91.9,43,48.69,55.5,-7.84
2026-01-29T23:45:00Z,2026-01-29 23:45,2026-01-30 00:00,QH,55.94,57.26,42.98,55.83,81.9,10,58.66,61.37,-5.43
2026-01-30T00:00:00Z,2026-01-30 00:00,2026-01-30 00:15,QH,46.92,53.47,45.91,51.01,103.5,20,45.78,50.76,-3.84
2026-01-30T00:15:00Z,2026-01-30 00:15,2026-01-30 00:30,QH,46.16,49.46,42.54,47.31,79.3,12,46.47,42.66,3.49
2026-01-30T00:30:00Z,2026-01-30 00:30,2026-01-30 00:45,QH,38.16,48.65,32.31,43.81,94.7,16,39.02,53.53,-15.36
2026-01-30T00:45:00Z,2026-01-30 00:45,2026-01-30 01:00,QH,69.21,74.49,67.91,68.1,75.8,16,69.36,55.52,13.69
2026-01-30T01:00:00Z,2026-01-30 01:00,2026-01-30 01:15,QH,45.43,51.62,40.73,41.11,108.8,20,42.75,48.17,-2.74
2026-01-30T01:15:00Z,2026-01-30 01:15,2026-01-30 01:30,QH,52.73,60.75,50.18,53.4,73.9,36,54.88,55.67,-2.94
2026-01-30T01:30:00Z,2026-01-30 01:30,2026-01-30 01:45,QH,35.26,42.3,32.59,37.16,134.5,25,36.86,52.32,-17.06
2026-01-30T01:45:00Z,2026-01-30 01:45,2026-01-30 02:00,QH,49.7,55.26,42.52,50.7,124.1,34,49.9,61.87,-12.17
2026-01-30T02:00:00Z,2026-01-30 02:00,2026-01-30 02:15,QH,44.89,47.01,40.81,44.92,109.7,54,50.77,48.67,-3.79
2026-01-30T02:15:00Z,2026-01-30 02:15,2026-01-30 02:30,QH,51.52,54.67,44.42,51.65,82.5,23,48.08,49.95,1.57
2026-01-30T02:30:00Z,2026-01-30 02:30,2026-01-30 02:45,QH,48.8,52.65,42.57,50.92,146.0,21,48.29,54.86,-6.06
2026-01-30T02:45:00Z,2026-01-30 02:45,2026-01-30 03:00,QH,45.58,54.01,45.48,47.41,91.4,12,49.28,56.16,-10.58
2026-01-30T03:00:00Z,2026-01-30 03:00,2026-01-30 03:15,QH,76.31,81.18,74.6,77.15,58.1,13,77.1,44.36,31.95
2026-01-30T03:15:00Z,2026-01-30 03:15,2026-01-30 03:30,QH,32.22,35.28,27.67,36.82,98.9,41,29.98,52.24,-20.02
2026-01-30T03:30:00Z,2026-01-30 03:30,2026-01-30 03:45,QH,57.9,60.52,52.7,60.49,10,3,58.49,53.0,4.9
2026-01-30T03:45:00Z,2026-01-30 03:45,2026-01-30 04:00,QH,54.7,61.23,48.46,51.68,52.9,12,54.58,38.75,15.95
2026-01-30T04:00:00Z,2026-01-30 04:00,2026-01-30 04:15,QH,52.68,57.85,52.53,52.53,59.8,18,54.07,46.8,5.88
2026-01-30T04:15:00Z,2026-01-30 04:15,2026-01-30 04:30,QH,52.3,55.28,44.54,51.24,71.0,12,50.85,47.57,4.74
2026-01-30T04:30:00Z,2026-01-30 04:30,2026-01-30 04:45,QH,53.43,60.64,51.24,53.88,73.1,26,56.12,49.37,4.06
2026-01-30T04:45:00Z,2026-01-30 04:45,2026-01-30 05:00,QH,65.12,70.8,65.02,65.85,100.7,12,65.52,59.39,5.73
2026-01-30T05:00:00Z,2026-01-30 05:00,2026-01-30 05:15,QH,60.67,66.05,60.54,61.19,26.1,6,62.48,52.41,8.26
2026-01-30T05:15:00Z,2026-01-30 05:15,2026-01-30 05:30,QH,61.03,63.95,60.07,63.6,142.8,29,61.66,58.98,2.04
2026-01-30T05:30:00Z,2026-01-30 05:30,2026-01-30 05:45,QH,61.86,65.64,59.0,64.04,86.0,19,64.5,36.13,25.73
2026-01-30T05:45:00Z,2026-01-30 05:45,2026-01-30 06:00,QH,52.71,60.0,49.54,50.58,37.2,5,50.76,62.47,-9.76
2026-01-30T06:00:00Z,2026-01-30 06:00,2026-01-30 06:15,QH,55.79,62.54,55.13,50.18,111.1,21,56.99,49.09,6.7
2026-01-30T06:15:00Z,2026-01-30 06:15,2026-01-30 06:30,QH,32.91,36.66,29.25,34.91,123.3,22,33.43,56.29,-23.38
2026-01-30T06:30:00Z,2026-01-30 06:30,2026-01-30 06:45,QH,58.17,65.61,53.01,59.48,62.6,9,58.34,55.5,2.67
2026-01-30T06:45:00Z,2026-01-30 06:45,2026-01-30 07:00,QH,47.56,50.72,46.32,49.22,103.0,19,46.18,48.42,-0.86
2026-01-30T07:00:00Z,2026-01-30 07:00,2026-01-30 07:15,QH,85.22,87.13,79.85,84.51,104.4,15,87.76,82.61,2.61
2026-01-30T07:15:00Z,2026-01-30 07:15,2026-01-30 07:30,QH,90.93,94.07,86.13,90.97,141.3,62,91.92,84.28,6.65
2026-01-30T07:30:00Z,2026-01-30 07:30,2026-01-30 07:45,QH,100.18,100.26,95.37,94.25,20.6,6,97.42,93.91,6.28
2026-01-30T07:45:00Z,2026-01-30 07:45,2026-01-30 08:00,QH,97.79,98.6,96.51,102.13,129.6,49,95.32,82.69,15.1
2026-01-30T08:00:00Z,2026-01-30 08:00,2026-01-30 08:15,QH,118.37,118.68,113.62,122.48,129.1,39,118.7,81.42,36.95
2026-01-30T08:15:00Z,2026-01-30 08:15,2026-01-30 08:30,QH,86.21,88.68,84.58,83.4,56.7,10,87.9,95.2,-8.99
2026-01-30T08:30:00Z,2026-01-30 08:30,2026-01-30 08:45,QH,89.85,93.64,86.7,91.6,12.9,3,89.12,88.86,0.98
2026-01-30T08:45:00Z,2026-01-30 08:45,2026-01-30 09:00,QH,93.3,100.5,86.68,89.23,39.1,8,93.8,82.99,10.31
2026-01-30T09:00:00Z,2026-01-30 09:00,2026-01-30 09:15,QH,105.82,107.2,105.67,106.88,48.5,11,108.84,95.0,10.82
2026-01-30T09:15:00Z,2026-01-30 09:15,2026-01-30 09:30,QH,97.88,103.54,96.3,95.16,69.5,9,97.35,94.4,3.48
2026-01-30T09:30:00Z,2026-01-30 09:30,2026-01-30 09:45,QH,99.76,111.39,99.11,96.55,67.9,12,99.07,81.36,18.4
2026-01-30T09:45:00Z,2026-01-30 09:45,2026-01-30 10:00,QH,79.1,86.11,75.22,80.65,10,3,79.71,101.69,-22.6
2026-01-30T10:00:00Z,2026-01-30 10:00,2026-01-30 10:15,QH,93.61,97.84,91.48,97.19,70.5,14,93.54,94.21,-0.59
2026-01-30T10:15:00Z,2026-01-30 10:15,2026-01-30 10:30,QH,88.72,90.27,84.8,84.82,97.9,18,89.43,101.32,-12.6
2026-01-30T10:30:00Z,2026-01-30 10:30,2026-01-30 10:45,QH,89.68,96.23,85.92,90.33,99.6,16,90.35,90.27,-0.6
2026-01-30T10:45:00Z,2026-01-30 10:45,2026-01-30 11:00,QH,95.01,100.37,91.05,92.01,88.6,12,96.96,96.77,-1.75
2026-01-30T11:00:00Z,2026-01-30 11:00,2026-01-30 11:15,QH,87.68,94.4,78.16,79.55,105.3,15,86.88,100.06,-12.37
2026-01-30T11:15:00Z,2026-01-30 11:15,2026-01-30 11:30,QH,93.88,97.05,91.55,93.66,39.8,8,96.03,107.41,-13.53
2026-01-30T11:30:00Z,2026-01-30 11:30,2026-01-30 11:45,QH,97.22,97.99,92.37,98.62,121.2,29,99.16,89.55,7.67
2026-01-30T11:45:00Z,2026-01-30 11:45,2026-01-30 12:00,QH,91.09,93.36,85.68,93.25,84.6,23,91.16,95.41,-4.32
2026-01-30T12:00:00Z,2026-01-30 12:00,2026-01-30 12:15,QH,102.7,105.25,98.29,103.16,69.7,11,103.69,93.29,9.41
2026-01-30T12:15:00Z,2026-01-30 12:15,2026-01-30 12:30,QH,80.74,81.13,79.33,76.37,57.5,7,78.75,95.82,-15.08
2026-01-30T12:30:00Z,2026-01-30 12:30,2026-01-30 12:45,QH,75.09,77.05,68.76,76.32,94.7,36,72.03,94.77,-19.68
2026-01-30T12:45:00Z,2026-01-30 12:45,2026-01-30 13:00,QH,113.08,116.18,105.85,118.58,89.0,41,110.72,89.92,23.16
2026-01-30T13:00:00Z,2026-01-30 13:00,2026-01-30 13:15,QH,93.1,97.98,84.21,89.31,153.2,46,93.86,98.95,-5.85
2026-01-30T13:15:00Z,2026-01-30 13:15,2026-01-30 13:30,QH,108.38,112.24,107.6,109.26,42.8,6,107.55,85.28,23.1
2026-01-30T13:30:00Z,2026-01-30 13:30,2026-01-30 13:45,QH,88.44,93.5,85.78,89.96,48.3,6,87.6,96.46,-8.02
2026-01-30T13:45:00Z,2026-01-30 13:45,2026-01-30 14:00,QH,110.99,117.58,107.99,113.62,68.1,11,112.08,94.22,16.77
2026-01-30T14:00:00Z,2026-01-30 14:00,2026-01-30 14:15,QH,105.82,106.27,100.76,104.43,101.3,17,102.94,92.42,13.4
2026-01-30T14:15:00Z,2026-01-30 14:15,2026-01-30 14:30,QH,83.23,86.01,79.73,85.59,139.7,20,81.95,100.62,-17.38
2026-01-30T14:30:00Z,2026-01-30 14:30,2026-01-30 14:45,QH,105.26,110.84,101.35,106.73,63.4,10,104.04,108.8,-3.54
2026-01-30T14:45:00Z,2026-01-30 14:45,2026-01-30 15:00,QH,102.88,105.11,102.44,104.08,94.5,12,108.42,93.13,9.76
2026-01-30T15:00:00Z,2026-01-30 15:00,2026-01-30 15:15,QH,83.27,83.81,78.27,82.15,68.0,15,84.72,90.59,-7.32
2026-01-30T15:15:00Z,2026-01-30 15:15,2026-01-30 15:30,QH,106.99,110.9,102.94,106.06,47.2,6,109.11,91.15,15.84
2026-01-30T15:30:00Z,2026-01-30 15:30,2026-01-30 15:45,QH,57.88,69.77,52.81,58.58,45.9,11,57.49,86.52,-28.64
2026-01-30T15:45:00Z,2026-01-30 15:45,2026-01-30 16:00,QH,85.06,87.33,83.97,85.77,135.8,23,84.92,98.98,-13.92
2026-01-30T16:00:00Z,2026-01-30 16:00,2026-01-30 16:15,QH,94.41,97.34,88.64,91.58,111.7,19,94.92,98.07,-3.67
2026-01-30T16:15:00Z,2026-01-30 16:15,2026-01-30 16:30,QH,100.48,105.04,99.6,101.51,162.4,27,99.33,92.2,8.28
2026-01-30T16:30:00Z,2026-01-30 16:30,2026-01-30 16:45,QH,79.71,80.06,78.78,74.77,76.2,13,81.22,101.73,-22.02
2026-01-30T16:45:00Z,2026-01-30 16:45,2026-01-30 17:00,QH,83.91,88.25,83.51,80.44,64.8,13,86.84,97.13,-13.22
2026-01-30T17:00:00Z,2026-01-30 17:00,2026-01-30 17:15,QH,75.49,78.59,74.0,70.01,50.4,6,78.61,96.74,-21.26
2026-01-30T17:15:00Z,2026-01-30 17:15,2026-01-30 17:30,QH,95.19,96.17,93.73,96.95,101.2,13,97.19,102.7,-7.51
2026-01-30T17:30:00Z,2026-01-30 17:30,2026-01-30 17:45,QH,96.88,103.12,91.97,100.45,38.8,5,98.01,104.15,-7.27
2026-01-30T17:45:00Z,2026-01-30 17:45,2026-01-30 18:00,QH,97.82,100.01,95.78,98.81,59.3,11,95.91,84.73,13.09
2026-01-30T18:00:00Z,2026-01-30 18:00,2026-01-30 18:15,QH,94.2,101.73,92.67,93.05,23.2,4,91.35,97.0,-2.81
2026-01-30T18:15:00Z,2026-01-30 18:15,2026-01-30 18:30,QH,90.24,94.95,87.28,92.03,109.2,34,87.7,89.9,0.34
2026-01-30T18:30:00Z,2026-01-30 18:30,2026-01-30 18:45,QH,72.29,78.27,71.78,71.36,88.6,22,69.9,84.83,-12.54
2026-01-30T18:45:00Z,2026-01-30 18:45,2026-01-30 19:00,QH,102.02,113.94,99.44,99.98,87.1,13,103.42,87.48,14.54
2026-01-30T19:00:00Z,2026-01-30 19:00,2026-01-30 19:15,QH,81.55,93.16,80.65,87.48,68.9,28,82.59,84.34,-2.79
2026-01-30T19:15:00Z,2026-01-30 19:15,2026-01-30 19:30,QH,87.6,88.66,87.53,88.17,80.9,23,84.47,82.73,4.87
2026-01-30T19:30:00Z,2026-01-30 19:30,2026-01-30 19:45,QH,87.59,87.72,84.36,87.58,56.6,8,85.88,80.65,6.95
2026-01-30T19:45:00Z,2026-01-30 19:45,2026-01-30 20:00,QH,87.01,90.93,86.13,90.22,81.2,16,86.12,81.89,5.12
2026-01-30T20:00:00Z,2026-01-30 20:00,2026-01-30 20:15,QH,63.74,64.49,59.68,66.98,99.0,43,59.52,55.03,8.71
2026-01-30T20:15:00Z,2026-01-30 20:15,2026-01-30 20:30,QH,75.47,81.51,71.14,76.85,83.2,14,73.22,47.16,28.3
2026-01-30T20:30:00Z,2026-01-30 20:30,2026-01-30 20:45,QH,59.53,64.29,48.93,59.42,26.4,3,59.38,53.07,6.46
2026-01-30T20:45:00Z,2026-01-30 20:45,2026-01-30 21:00,QH,53.26,54.0,46.81,52.46,94.5,12,53.57,44.04,9.22
2026-01-30T21:00:00Z,2026-01-30 21:00,2026-01-30 21:15,QH,65.88,66.65,62.78,67.25,32.3,8,66.27,59.67,6.21
2026-01-30T21:15:00Z,2026-01-30 21:15,2026-01-30 21:30,QH,37.33,39.72,34.58,37.48,102.1,16,37.42,48.33,-11.0
2026-01-30T21:30:00Z,2026-01-30 21:30,2026-01-30 21:45,QH,52.42,57.85,48.3,53.17,10,3,52.59,48.69,3.73
2026-01-30T21:45:00Z,2026-01-30 21:45,2026-01-30 22:00,QH,63.5,64.75,57.7,62.71,107.2,40,61.24,51.23,12.26
2026-01-30T22:00:00Z,2026-01-30 22:00,2026-01-30 22:15,QH,73.46,77.98,64.58,69.91,96.2,20,68.6,44.4,29.06
2026-01-30T22:15:00Z,2026-01-30 22:15,2026-01-30 22:30,QH,47.76,48.49,37.57,50.0,64.0,19,45.03,63.61,-15.85
2026-01-30T22:30:00Z,2026-01-30 22:30,2026-01-30 22:45,QH,56.64,58.54,51.44,57.44,86.5,21,53.23,45.63,11.01
2026-01-30T22:45:00Z,2026-01-30 22:45,2026-01-30 23:00,QH,72.54,72.95,70.5,72.62,81.8,11,72.21,41.99,30.55
2026-01-30T23:00:00Z,2026-01-30 23:00,2026-01-30 23:15,QH,68.11,72.36,66.6,64.27,71.8,24,65.9,48.08,20.03
2026-01-30T23:15:00Z,2026-01-30 23:15,2026-01-30 23:30,QH,44.81,60.63,42.21,41.57,122.1,34,47.09,44.24,0.57
2026-01-30T23:30:00Z,2026-01-30 23:30,2026-01-30 23:45,QH,43.74,46.82,43.27,45.22,133.5,24,44.88,54.73,-10.98
2026-01-30T23:45:00Z,2026-01-30 23:45,2026-01-31 00:00,QH,63.69,68.6,58.7,60.79,125.4,20,64.86,53.83,9.86
2026-01-31T00:00:00Z,2026-01-31 00:00,2026-01-31 00:15,QH,14.48,19.44,9.24,13.69,92.4,39,13.04,25.8,-11.32
2026-01-31T00:15:00Z,2026-01-31 00:15,2026-01-31 00:30,QH,38.04,39.51,37.41,35.64,64.7,17,33.64,23.43,14.62
2026-01-31T00:30:00Z,2026-01-31 00:30,2026-01-31 00:45,QH,26.32,28.6,25.36,23.72,147.3,23,26.14,19.75,6.57
2026-01-31T00:45:00Z,2026-01-31 00:45,2026-01-31 01:00,QH,38.0,42.92,33.3,37.91,104.3,49,38.0,28.25,9.75
2026-01-31T01:00:00Z,2026-01-31 01:00,2026-01-31 01:15,QH,19.34,21.06,13.32,18.26,94.8,15,18.28,21.44,-2.09
2026-01-31T01:15:00Z,2026-01-31 01:15,2026-01-31 01:30,QH,9.88,15.17,7.14,15.84,100.2,12,8.75,28.34,-18.46
2026-01-31T01:30:00Z,2026-01-31 01:30,2026-01-31 01:45,QH,39.47,40.47,36.21,45.64,62.9,21,39.31,17.56,21.91
2026-01-31T01:45:00Z,2026-01-31 01:45,2026-01-31 02:00,QH,12.55,15.06,5.99,18.16,96.7,29,13.51,22.31,-9.75
2026-01-31T02:00:00Z,2026-01-31 02:00,2026-01-31 02:15,QH,29.91,35.98,27.36,31.6,118.7,38,28.27,16.06,13.86
2026-01-31T02:15:00Z,2026-01-31 02:15,2026-01-31 02:30,QH,58.2,61.3,52.26,56.94,102.7,13,58.58,25.11,33.09
2026-01-31T02:30:00Z,2026-01-31 02:30,2026-01-31 02:45,QH,22.23,35.42,22.13,23.53,72.3,9,18.86,18.84,3.39
2026-01-31T02:45:00Z,2026-01-31 02:45,2026-01-31 03:00,QH,15.42,16.73,11.46,17.71,43.2,5,15.87,27.32,-11.9
2026-01-31T03:00:00Z,2026-01-31 03:00,2026-01-31 03:15,QH,12.32,19.33,9.43,14.23,102.0,20,12.14,24.44,-12.12
2026-01-31T03:15:00Z,2026-01-31 03:15,2026-01-31 03:30,QH,14.87,21.9,7.06,21.21,71.7,22,13.62,18.21,-3.33
2026-01-31T03:30:00Z,2026-01-31 03:30,2026-01-31 03:45,QH,44.9,46.12,42.35,44.87,120.4,22,43.01,24.08,20.81
2026-01-31T03:45:00Z,2026-01-31 03:45,2026-01-31 04:00,QH,37.57,42.49,36.48,32.38,112.5,15,39.31,17.26,20.31
2026-01-31T04:00:00Z,2026-01-31 04:00,2026-01-31 04:15,QH,44.14,45.34,42.42,45.8,117.6,50,42.14,26.9,17.25
2026-01-31T04:15:00Z,2026-01-31 04:15,2026-01-31 04:30,QH,13.99,14.67,8.06,10.58,87.3,18,14.24,27.54,-13.55
2026-01-31T04:30:00Z,2026-01-31 04:30,2026-01-31 04:45,QH,9.45,13.69,6.95,5.37,78.3,29,10.2,19.11,-9.66
2026-01-31T04:45:00Z,2026-01-31 04:45,2026-01-31 05:00,QH,33.27,41.41,29.59,35.54,53.3,16,31.67,19.54,13.73
2026-01-31T05:00:00Z,2026-01-31 05:00,2026-01-31 05:15,QH,34.27,35.54,32.77,38.27,79.3,12,31.2,22.89,11.38
2026-01-31T05:15:00Z,2026-01-31 05:15,2026-01-31 05:30,QH,19.07,23.89,14.88,21.25,63.2,13,20.24,26.77,-7.69
2026-01-31T05:30:00Z,2026-01-31 05:30,2026-01-31 05:45,QH,145.21,151.68,136.95,147.74,11.7,3,145.48,28.71,116.49
2026-01-31T05:45:00Z,2026-01-31 05:45,2026-01-31 06:00,QH,7.02,10.47,1.7,11.75,81.8,23,8.51,19.74,-12.73
2026-01-31T06:00:00Z,2026-01-31 06:00,2026-01-31 06:15,QH,0.81,3.83,0.24,-0.83,59.9,9,3.99,22.58,-21.77
2026-01-31T06:15:00Z,2026-01-31 06:15,2026-01-31 06:30,QH,15.83,16.19,15.31,16.63,105.2,24,15.53,24.77,-8.94
2026-01-31T06:30:00Z,2026-01-31 06:30,2026-01-31 06:45,QH,22.02,29.25,17.7,21.39,76.5,10,22.63,22.83,-0.81
2026-01-31T06:45:00Z,2026-01-31 06:45,2026-01-31 07:00,QH,2.95,8.16,2.32,-2.02,28.8,4,3.05,25.51,-22.56
2026-01-31T07:00:00Z,2026-01-31 07:00,2026-01-31 07:15,QH,67.59,71.19,61.01,69.77,91.4,17,67.63,50.42,17.17
2026-01-31T07:15:00Z,2026-01-31 07:15,2026-01-31 07:30,QH,55.48,62.25,45.85,55.53,85.7,27,53.31,48.05,7.42
2026-01-31T07:30:00Z,2026-01-31 07:30,2026-01-31 07:45,QH,44.67,51.18,42.54,46.93,98.3,23,41.64,60.98,-16.31
2026-01-31T07:45:00Z,2026-01-31 07:45,2026-01-31 08:00,QH,40.87,41.71,37.27,41.74,129.3,16,40.01,62.57,-21.7
2026-01-31T08:00:00Z,2026-01-31 08:00,2026-01-31 08:15,QH,63.58,65.5,58.62,68.22,58.3,16,65.14,63.41,0.17
2026-01-31T08:15:00Z,2026-01-31 08:15,2026-01-31 08:30,QH,57.16,58.36,55.17,59.32,117.6,18,58.2,60.58,-3.41
2026-01-31T08:30:00Z,2026-01-31 08:30,2026-01-31 08:45,QH,68.05,68.84,62.06,67.62,78.5,10,69.52,57.19,10.86
2026-01-31T08:45:00Z,2026-01-31 08:45,2026-01-31 09:00,QH,50.07,50.35,46.69,44.04,93.0,17,49.82,60.42,-10.35
2026-01-31T09:00:00Z,2026-01-31 09:00,2026-01-31 09:15,QH,46.5,55.09,41.77,46.01,92.0,12,46.05,59.83,-13.33
2026-01-31T09:15:00Z,2026-01-31 09:15,2026-01-31 09:30,QH,80.14,80.94,78.34,84.37,30.0,4,81.8,61.19,18.95
2026-01-31T09:30:00Z,2026-01-31 09:30,2026-01-31 09:45,QH,58.44,65.25,58.0,59.12,50.3,14,59.6,62.25,-3.81
2026-01-31T09:45:00Z,2026-01-31 09:45,2026-01-31 10:00,QH,48.56,50.3,42.24,48.21,78.7,19,47.46,64.55,-15.99
2026-01-31T10:00:00Z,2026-01-31 10:00,2026-01-31 10:15,QH,67.69,68.04,64.75,70.4,97.5,12,68.05,64.24,3.45
2026-01-31T10:15:00Z,2026-01-31 10:15,2026-01-31 10:30,QH,73.91,75.06,72.9,78.69,99.2,23,72.06,66.91,7.0
2026-01-31T10:30:00Z,2026-01-31 10:30,2026-01-31 10:45,QH,71.76,79.4,68.08,69.61,64.2,10,69.7,66.07,5.69
2026-01-31T10:45:00Z,2026-01-31 10:45,2026-01-31 11:00,QH,60.49,63.67,56.01,61.69,96.9,19,57.24,69.35,-8.85
2026-01-31T11:00:00Z,2026-01-31 11:00,2026-01-31 11:15,QH,144.8,144.86,140.7,147.92,39.3,5,142.29,66.5,78.3
2026-01-31T11:15:00Z,2026-01-31 11:15,2026-01-31 11:30,QH,81.9,83.3,77.81,85.04,71.0,25,80.13,66.01,15.9
2026-01-31T11:30:00Z,2026-01-31 11:30,2026-01-31 11:45,QH,58.02,69.47,47.62,58.62,79.4,12,55.88,64.51,-6.49
2026-01-31T11:45:00Z,2026-01-31 11:45,2026-01-31 12:00,QH,93.89,95.02,93.78,94.09,97.6,21,93.36,62.23,31.66
2026-01-31T12:00:00Z,2026-01-31 12:00,2026-01-31 12:15,QH,67.14,72.03,66.01,63.26,76.1,26,66.51,76.85,-9.71
2026-01-31T12:15:00Z,2026-01-31 12:15,2026-01-31 12:30,QH,78.05,80.29,72.37,79.79,99.2,17,80.03,64.98,13.07
2026-01-31T12:30:00Z,2026-01-31 12:30,2026-01-31 12:45,QH,55.49,58.3,45.32,50.78,85.9,14,54.55,69.54,-14.06
2026-01-31T12:45:00Z,2026-01-31 12:45,2026-01-31 13:00,QH,83.51,88.79,77.22,84.05,83.1,15,86.53,61.98,21.53
2026-01-31T13:00:00Z,2026-01-31 13:00,2026-01-31 13:15,QH,79.6,81.4,78.62,81.85,77.6,17,80.9,65.4,14.21
2026-01-31T13:15:00Z,2026-01-31 13:15,2026-01-31 13:30,QH,67.94,71.75,62.74,67.56,119.9,24,67.66,78.43,-10.48
2026-01-31T13:30:00Z,2026-01-31 13:30,2026-01-31 13:45,QH,53.86,56.53,50.21,54.77,66.6,11,52.76,57.87,-4.01
2026-01-31T13:45:00Z,2026-01-31 13:45,2026-01-31 14:00,QH,63.51,66.3,60.93,67.92,118.3,21,65.77,68.64,-5.13
2026-01-31T14:00:00Z,2026-01-31 14:00,2026-01-31 14:15,QH,70.76,72.73,66.32,68.57,113.6,16,71.09,68.03,2.73
2026-01-31T14:15:00Z,2026-01-31 14:15,2026-01-31 14:30,QH,54.89,57.07,54.15,56.97,73.3,27,56.96,62.12,-7.23
2026-01-31T14:30:00Z,2026-01-31 14:30,2026-01-31 14:45,QH,56.06,58.76,52.16,55.88,57.9,10,58.56,64.87,-8.8
2026-01-31T14:45:00Z,2026-01-31 14:45,2026-01-31 15:00,QH,57.32,59.73,55.99,53.38,91.4,27,57.74,61.03,-3.71
2026-01-31T15:00:00Z,2026-01-31 15:00,2026-01-31 15:15,QH,70.27,70.78,70.0,70.16,66.5,18,66.16,58.25,12.02
2026-01-31T15:15:00Z,2026-01-31 15:15,2026-01-31 15:30,QH,73.67,80.22,64.42,78.73,92.2,31,77.0,73.51,0.15
2026-01-31T15:30:00Z,2026-01-31 15:30,2026-01-31 15:45,QH,54.72,59.66,54.22,59.77,34.7,11,54.66,58.6,-3.88
2026-01-31T15:45:00Z,2026-01-31 15:45,2026-01-31 16:00,QH,74.43,77.37,73.19,70.44,108.2,19,73.89,66.76,7.67
2026-01-31T16:00:00Z,2026-01-31 16:00,2026-01-31 16:15,QH,66.07,67.98,59.36,68.3,59.6,26,67.99,65.65,0.42
2026-01-31T16:15:00Z,2026-01-31 16:15,2026-01-31 16:30,QH,78.18,79.14,71.25,75.95,79.2,16,79.06,65.77,12.41
2026-01-31T16:30:00Z,2026-01-31 16:30,2026-01-31 16:45,QH,62.82,65.02,61.61,65.73,15.0,3,63.09,61.31,1.51
2026-01-31T16:45:00Z,2026-01-31 16:45,2026-01-31 17:00,QH,57.46,57.47,46.42,61.85,56.6,16,59.3,63.22,-5.76
2026-01-31T17:00:00Z,2026-01-31 17:00,2026-01-31 17:15,QH,89.99,90.84,89.97,92.16,53.0,19,88.03,57.01,32.98
2026-01-31T17:15:00Z,2026-01-31 17:15,2026-01-31 17:30,QH,77.6,78.12,70.84,75.17,23.1,8,74.55,70.98,6.62
2026-01-31T17:30:00Z,2026-01-31 17:30,2026-01-31 17:45,QH,73.1,75.48,69.04,72.27,61.8,8,71.38,49.68,23.42
2026-01-31T17:45:00Z,2026-01-31 17:45,2026-01-31 18:00,QH,65.87,66.1,62.29,70.39,143.1,35,67.07,59.31,6.56
2026-01-31T18:00:00Z,2026-01-31 18:00,2026-01-31 18:15,QH,71.87,82.44,64.5,72.23,52.4,19,75.17,66.81,5.06
2026-01-31T18:15:00Z,2026-01-31 18:15,2026-01-31 18:30,QH,64.89,67.1,53.69,63.11,84.3,12,64.4,61.91,2.98
2026-01-31T18:30:00Z,2026-01-31 18:30,2026-01-31 18:45,QH,59.82,60.7,54.58,57.81,109.9,52,58.16,48.89,10.93
2026-01-31T18:45:00Z,2026-01-31 18:45,2026-01-31 19:00,QH,39.97,50.74,37.89,37.72,32.6,5,40.03,61.35,-21.38
2026-01-31T19:00:00Z,2026-01-31 19:00,2026-01-31 19:15,QH,51.66,58.3,46.58,47.53,87.9,15,49.35,49.53,2.12
2026-01-31T19:15:00Z,2026-01-31 19:15,2026-01-31 19:30,QH,69.52,73.83,64.35,64.63,55.8,8,70.32,50.11,19.4
2026-01-31T19:30:00Z,2026-01-31 19:30,2026-01-31 19:45,QH,58.25,61.12,55.05,58.47,109.4,29,58.2,54.71,3.53
2026-01-31T19:45:00Z,2026-01-31 19:45,2026-01-31 20:00,QH,53.1,55.79,49.77,53.0,59.5,16,57.58,58.47,-5.37
2026-01-31T20:00:00Z,2026-01-31 20:00,2026-01-31 20:15,QH,31.67,33.32,31.55,33.89,104.5,15,33.75,24.04,7.63
2026-01-31T20:15:00Z,2026-01-31 20:15,2026-01-31 20:30,QH,41.75,45.61,39.45,37.93,128.6,19,45.22,17.9,23.85
2026-01-31T20:30:00Z,2026-01-31 20:30,2026-01-31 20:45,QH,21.09,25.2,14.77,13.95,26.7,12,20.79,29.66,-8.57
2026-01-31T20:45:00Z,2026-01-31 20:45,2026-01-31 21:00,QH,14.5,18.57,12.25,14.8,72.7,12,12.73,26.71,-12.21
2026-01-31T21:00:00Z,2026-01-31 21:00,2026-01-31 21:15,QH,23.41,31.57,21.75,22.19,108.7,21,29.06,27.39,-3.98
2026-01-31T21:15:00Z,2026-01-31 21:15,2026-01-31 21:30,QH,19.49,23.26,17.41,20.21,94.5,15,19.51,19.42,0.07
2026-01-31T21:30:00Z,2026-01-31 21:30,2026-01-31 21:45,QH,47.19,58.25,41.56,45.03,93.8,16,48.33,17.49,29.7
2026-01-31T21:45:00Z,2026-01-31 21:45,2026-01-31 22:00,QH,24.95,26.32,23.28,27.84,91.7,13,22.91,22.68,2.28
2026-01-31T22:00:00Z,2026-01-31 22:00,2026-01-31 22:15,QH,9.65,14.63,4.0,8.54,65.6,22,9.24,22.61,-12.96
2026-01-31T22:15:00Z,2026-01-31 22:15,2026-01-31 22:30,QH,38.27,39.41,33.92,38.09,92.1,15,37.16,26.33,11.94
2026-01-31T22:30:00Z,2026-01-31 22:30,2026-01-31 22:45,QH,49.36,50.11,48.61,53.24,79.8,20,50.66,25.81,23.54
2026-01-31T22:45:00Z,2026-01-31 22:45,2026-01-31 23:00,QH,46.2,50.4,45.64,52.38,88.7,44,45.48,18.12,28.08
2026-01-31T23:00:00Z,2026-01-31 23:00,2026-01-31 23:15,QH,8.77,15.08,0.2,13.9,121.8,21,6.85,28.44,-19.67
2026-01-31T23:15:00Z,2026-01-31 23:15,2026-01-31 23:30,QH,14.04,21.26,8.02,10.73,94.7,22,10.71,26.81,-12.77
2026-01-31T23:30:00Z,2026-01-31 23:30,2026-01-31 23:45,QH,32.23,41.04,28.61,27.02,54.5,9,33.24,14.82,17.4
2026-01-31T23:45:00Z,2026-01-31 23:45,2026-02-01 00:00,QH,18.75,26.2,16.06,19.23,115.7,26,18.66,32.98,-14.23
2026-02-01T00:00:00Z,2026-02-01 00:00,2026-02-01 00:15,QH,37.41,38.38,33.19,37.91,140.1,20,40.62,45.53,-8.12
2026-02-01T00:15:00Z,2026-02-01 00:15,2026-02-01 00:30,QH,18.38,20.92,12.58,24.97,101.9,13,17.79,39.45,-21.06
2026-02-01T00:30:00Z,2026-02-01 00:30,2026-02-01 00:45,QH,50.55,54.26,42.68,46.73,149.2,19,49.54,36.9,13.64
2026-02-01T00:45:00Z,2026-02-01 00:45,2026-02-01 01:00,QH,92.25,95.36,88.99,92.19,10,3,91.87,48.68,43.57
2026-02-01T01:00:00Z,2026-02-01 01:00,2026-02-01 01:15,QH,42.32,43.9,40.53,42.88,78.9,12,43.23,43.39,-1.07
2026-02-01T01:15:00Z,2026-02-01 01:15,2026-02-01 01:30,QH,24.46,27.25,23.9,22.6,57.1,8,24.61,37.16,-12.7
2026-02-01T01:30:00Z,2026-02-01 01:30,2026-02-01 01:45,QH,53.79,62.19,52.46,51.36,103.3,16,52.4,40.57,13.23
2026-02-01T01:45:00Z,2026-02-01 01:45,2026-02-01 02:00,QH,69.15,73.14,69.01,69.5,60.3,15,67.39,47.54,21.62
2026-02-01T02:00:00Z,2026-02-01 02:00,2026-02-01 02:15,QH,19.85,22.08,9.98,16.39,132.0,29,23.68,38.36,-18.51
2026-02-01T02:15:00Z,2026-02-01 02:15,2026-02-01 02:30,QH,29.82,30.73,28.37,35.09,50.7,16,26.79,42.28,-12.47
2026-02-01T02:30:00Z,2026-02-01 02:30,2026-02-01 02:45,QH,58.11,60.45,54.27,59.34,55.6,21,54.85,28.63,29.48
2026-02-01T02:45:00Z,2026-02-01 02:45,2026-02-01 03:00,QH,39.52,42.35,29.79,37.12,114.7,30,38.07,32.95,6.56
2026-02-01T03:00:00Z,2026-02-01 03:00,2026-02-01 03:15,QH,29.15,30.51,22.46,32.48,61.6,12,31.86,34.66,-5.52
2026-02-01T03:15:00Z,2026-02-01 03:15,2026-02-01 03:30,QH,17.17,21.81,16.32,17.23,72.4,10,19.21,46.78,-29.61
2026-02-01T03:30:00Z,2026-02-01 03:30,2026-02-01 03:45,QH,28.6,29.11,23.14,30.23,85.5,10,29.83,36.44,-7.84
2026-02-01T03:45:00Z,2026-02-01 03:45,2026-02-01 04:00,QH,38.83,43.46,37.56,38.88,74.1,14,35.46,46.84,-8.01
2026-02-01T04:00:00Z,2026-02-01 04:00,2026-02-01 04:15,QH,48.02,52.61,37.0,49.82,27.7,5,46.41,39.42,8.61
2026-02-01T04:15:00Z,2026-02-01 04:15,2026-02-01 04:30,QH,36.83,37.16,34.88,37.75,96.9,13,41.22,37.06,-0.23
2026-02-01T04:30:00Z,2026-02-01 04:30,2026-02-01 04:45,QH,34.38,37.76,32.94,35.69,75.2,17,35.81,41.17,-6.79
2026-02-01T04:45:00Z,2026-02-01 04:45,2026-02-01 05:00,QH,53.74,61.59,46.87,61.66,99.1,17,52.59,40.92,12.82
2026-02-01T05:00:00Z,2026-02-01 05:00,2026-02-01 05:15,QH,57.31,66.65,57.16,55.47,99.1,13,60.14,48.39,8.92
2026-02-01T05:15:00Z,2026-02-01 05:15,2026-02-01 05:30,QH,44.19,46.19,41.73,45.43,109.6,21,41.33,43.1,1.09
2026-02-01T05:30:00Z,2026-02-01 05:30,2026-02-01 05:45,QH,37.14,39.12,35.56,40.34,71.0,29,37.66,45.06,-7.92
2026-02-01T05:45:00Z,2026-02-01 05:45,2026-02-01 06:00,QH,39.1,39.78,33.01,35.58,108.7,35,41.12,41.99,-2.89
2026-02-01T06:00:00Z,2026-02-01 06:00,2026-02-01 06:15,QH,51.55,56.08,45.11,59.25,81.9,10,53.81,46.35,5.2
2026-02-01T06:15:00Z,2026-02-01 06:15,2026-02-01 06:30,QH,51.89,52.47,46.44,54.13,42.8,6,52.03,45.12,6.77
2026-02-01T06:30:00Z,2026-02-01 06:30,2026-02-01 06:45,QH,47.01,48.33,46.6,48.73,103.9,16,46.96,37.31,9.7
2026-02-01T06:45:00Z,2026-02-01 06:45,2026-02-01 07:00,QH,41.56,44.04,39.94,38.86,70.5,21,41.93,29.28,12.28
2026-02-01T07:00:00Z,2026-02-01 07:00,2026-02-01 07:15,QH,74.28,76.69,71.99,74.16,58.4,8,74.04,76.5,-2.22
2026-02-01T07:15:00Z,2026-02-01 07:15,2026-02-01 07:30,QH,97.24,106.64,96.56,95.19,32.1,9,95.37,72.75,24.49
2026-02-01T07:30:00Z,2026-02-01 07:30,2026-02-01 07:45,QH,81.98,82.38,80.56,80.32,68.6,11,82.21,71.02,10.97
2026-02-01T07:45:00Z,2026-02-01 07:45,2026-02-01 08:00,QH,67.29,72.48,57.81,73.13,70.8,16,69.66,70.7,-3.4
2026-02-01T08:00:00Z,2026-02-01 08:00,2026-02-01 08:15,QH,98.97,100.67,93.06,102.35,71.4,15,100.72,84.26,14.71
2026-02-01T08:15:00Z,2026-02-01 08:15,2026-02-01 08:30,QH,77.46,84.16,76.08,73.11,118.6,29,77.75,79.53,-2.07
2026-02-01T08:30:00Z,2026-02-01 08:30,2026-02-01 08:45,QH,76.4,77.98,71.49,79.27,134.4,58,76.97,77.63,-1.23
2026-02-01T08:45:00Z,2026-02-01 08:45,2026-02-01 09:00,QH,83.46,84.42,81.2,87.81,125.6,32,82.53,80.71,2.75
2026-02-01T09:00:00Z,2026-02-01 09:00,2026-02-01 09:15,QH,78.41,81.16,77.8,73.59,49.9,15,76.46,86.58,-8.17
2026-02-01T09:15:00Z,2026-02-01 09:15,2026-02-01 09:30,QH,144.6,152.42,139.83,144.68,88.4,28,144.65,83.5,61.1
2026-02-01T09:30:00Z,2026-02-01 09:30,2026-02-01 09:45,QH,92.51,97.92,91.69,89.18,113.6,20,95.29,71.81,20.7
2026-02-01T09:45:00Z,2026-02-01 09:45,2026-02-01 10:00,QH,83.44,86.85,81.53,82.65,80.5,12,83.15,79.48,3.95
2026-02-01T10:00:00Z,2026-02-01 10:00,2026-02-01 10:15,QH,98.21,98.22,92.43,96.38,58.4,8,97.69,87.22,10.99
2026-02-01T10:15:00Z,2026-02-01 10:15,2026-02-01 10:30,QH,78.64,79.48,75.84,82.82,101.4,35,82.93,82.58,-3.94
2026-02-01T10:30:00Z,2026-02-01 10:30,2026-02-01 10:45,QH,95.84,99.99,94.63,90.77,74.9,17,97.89,91.28,4.55
2026-02-01T10:45:00Z,2026-02-01 10:45,2026-02-01 11:00,QH,81.01,84.89,78.65,81.41,105.8,15,84.7,78.34,2.67
2026-02-01T11:00:00Z,2026-02-01 11:00,2026-02-01 11:15,QH,102.39,105.79,97.94,105.83,76.2,26,102.84,83.17,19.23
2026-02-01T11:15:00Z,2026-02-01 11:15,2026-02-01 11:30,QH,115.21,117.95,106.46,119.66,105.4,14,114.65,84.15,31.06
2026-02-01T11:30:00Z,2026-02-01 11:30,2026-02-01 11:45,QH,180.57,181.47,174.08,181.45,65.4,14,175.95,80.67,99.9
2026-02-01T11:45:00Z,2026-02-01 11:45,2026-02-01 12:00,QH,86.8,87.66,85.57,84.11,85.2,14,88.74,87.26,-0.46
2026-02-01T12:00:00Z,2026-02-01 12:00,2026-02-01 12:15,QH,78.69,80.18,77.8,76.92,32.9,12,78.77,76.05,2.65
2026-02-01T12:15:00Z,2026-02-01 12:15,2026-02-01 12:30,QH,106.36,110.6,99.25,101.92,105.3,14,109.97,81.6,24.76
2026-02-01T12:30:00Z,2026-02-01 12:30,2026-02-01 12:45,QH,85.59,92.74,82.15,81.48,74.8,26,87.19,77.38,8.2
2026-02-01T12:45:00Z,2026-02-01 12:45,2026-02-01 13:00,QH,76.9,80.38,72.43,71.81,69.9,16,77.14,86.12,-9.21
2026-02-01T13:00:00Z,2026-02-01 13:00,2026-02-01 13:15,QH,56.23,58.67,50.55,53.83,76.7,17,51.65,79.08,-22.85
2026-02-01T13:15:00Z,2026-02-01 13:15,2026-02-01 13:30,QH,78.59,80.15,76.42,83.45,129.2,27,81.19,85.48,-6.89
2026-02-01T13:30:00Z,2026-02-01 13:30,2026-02-01 13:45,QH,90.65,94.89,86.56,98.23,62.1,10,90.77,95.27,-4.61
2026-02-01T13:45:00Z,2026-02-01 13:45,2026-02-01 14:00,QH,80.87,81.38,73.53,88.15,111.5,29,81.4,78.58,2.29
2026-02-01T14:00:00Z,2026-02-01 14:00,2026-02-01 14:15,QH,89.79,91.07,86.53,87.68,73.0,12,90.02,86.66,3.13
2026-02-01T14:15:00Z,2026-02-01 14:15,2026-02-01 14:30,QH,90.98,96.99,82.39,88.3,110.1,42,89.03,87.71,3.27
2026-02-01T14:30:00Z,2026-02-01 14:30,2026-02-01 14:45,QH,83.42,86.17,73.26,85.26,69.6,9,82.66,79.27,4.15
2026-02-01T14:45:00Z,2026-02-01 14:45,2026-02-01 15:00,QH,77.44,85.35,74.46,78.72,111.2,23,78.03,87.0,-9.56
2026-02-01T15:00:00Z,2026-02-01 15:00,2026-02-01 15:15,QH,78.26,80.84,70.88,78.84,65.1,9,76.3,93.36,-15.1
2026-02-01T15:15:00Z,2026-02-01 15:15,2026-02-01 15:30,QH,88.24,88.94,84.15,91.99,47.2,6,88.53,86.44,1.8
2026-02-01T15:30:00Z,2026-02-01 15:30,2026-02-01 15:45,QH,95.48,100.96,94.43,95.21,78.9,28,93.93,85.4,10.08
2026-02-01T15:45:00Z,2026-02-01 15:45,2026-02-01 16:00,QH,69.96,70.19,64.57,72.87,74.6,10,66.29,78.9,-8.94
2026-02-01T16:00:00Z,2026-02-01 16:00,2026-02-01 16:15,QH,109.58,118.82,106.68,118.42,103.2,15,111.18,88.54,21.03
2026-02-01T16:15:00Z,2026-02-01 16:15,2026-02-01 16:30,QH,81.53,88.35,74.28,85.89,49.6,12,81.04,84.07,-2.54
2026-02-01T16:30:00Z,2026-02-01 16:30,2026-02-01 16:45,QH,114.51,119.33,113.78,115.66,82.7,11,113.01,84.64,29.87
2026-02-01T16:45:00Z,2026-02-01 16:45,2026-02-01 17:00,QH,87.85,88.01,85.32,90.48,78.7,33,86.53,95.44,-7.58
2026-02-01T17:00:00Z,2026-02-01 17:00,2026-02-01 17:15,QH,91.4,94.88,87.86,91.77,88.4,20,88.85,80.37,11.02
2026-02-01T17:15:00Z,2026-02-01 17:15,2026-02-01 17:30,QH,87.99,94.27,84.94,85.57,64.7,8,88.41,81.15,6.84
2026-02-01T17:30:00Z,2026-02-01 17:30,2026-02-01 17:45,QH,100.0,106.92,94.9,104.74,89.7,12,100.62,87.49,12.51
2026-02-01T17:45:00Z,2026-02-01 17:45,2026-02-01 18:00,QH,83.22,84.46,75.28,89.93,126.8,29,84.2,78.3,4.92
2026-02-01T18:00:00Z,2026-02-01 18:00,2026-02-01 18:15,QH,76.41,80.11,75.19,76.4,92.6,37,76.32,72.15,4.26
2026-02-01T18:15:00Z,2026-02-01 18:15,2026-02-01 18:30,QH,93.96,97.58,91.65,94.26,56.9,10,95.06,76.16,17.79
2026-02-01T18:30:00Z,2026-02-01 18:30,2026-02-01 18:45,QH,80.36,85.97,78.39,80.24,127.2,21,83.51,77.61,2.75
2026-02-01T18:45:00Z,2026-02-01 18:45,2026-02-01 19:00,QH,83.83,88.77,76.92,84.55,74.6,11,84.1,76.11,7.71
2026-02-01T19:00:00Z,2026-02-01 19:00,2026-02-01 19:15,QH,78.21,80.12,75.36,76.53,133.8,39,79.36,79.86,-1.65
2026-02-01T19:15:00Z,2026-02-01 19:15,2026-02-01 19:30,QH,84.06,84.17,80.52,83.44,79.4,10,83.89,70.95,13.11
2026-02-01T19:30:00Z,2026-02-01 19:30,2026-02-01 19:45,QH,88.78,89.17,88.23,89.88,81.7,12,90.27,79.36,9.42
2026-02-01T19:45:00Z,2026-02-01 19:45,2026-02-01 20:00,QH,80.77,81.63,79.65,81.15,55.4,13,82.74,71.97,8.8
2026-02-01T20:00:00Z,2026-02-01 20:00,2026-02-01 20:15,QH,32.0,36.06,28.73,32.8,114.6,35,32.52,36.55,-4.55
2026-02-01T20:15:00Z,2026-02-01 20:15,2026-02-01 20:30,QH,41.21,42.85,36.45,41.05,75.1,13,38.75,44.25,-3.05
2026-02-01T20:30:00Z,2026-02-01 20:30,2026-02-01 20:45,QH,47.13,48.71,46.63,49.69,60.1,12,44.74,37.92,9.21
2026-02-01T20:45:00Z,2026-02-01 20:45,2026-02-01 21:00,QH,43.77,48.1,35.9,42.96,72.4,30,40.94,44.27,-0.5
2026-02-01T21:00:00Z,2026-02-01 21:00,2026-02-01 21:15,QH,23.51,23.9,22.89,20.32,33.3,8,26.42,41.09,-17.58
2026-02-01T21:15:00Z,2026-02-01 21:15,2026-02-01 21:30,QH,40.77,42.74,39.94,35.91,87.3,14,38.58,48.71,-7.94
2026-02-01T21:30:00Z,2026-02-01 21:30,2026-02-01 21:45,QH,41.96,46.15,36.79,42.45,93.5,16,43.8,41.59,0.37
2026-02-01T21:45:00Z,2026-02-01 21:45,2026-02-01 22:00,QH,40.12,40.77,38.14,37.16,77.7,10,41.62,30.94,9.18
2026-02-01T22:00:00Z,2026-02-01 22:00,2026-02-01 22:15,QH,35.39,45.55,27.99,36.48,75.7,14,35.29,52.41,-17.02
2026-02-01T22:15:00Z,2026-02-01 22:15,2026-02-01 22:30,QH,68.98,69.81,67.71,64.58,81.8,18,62.07,31.08,37.9
2026-02-01T22:30:00Z,2026-02-01 22:30,2026-02-01 22:45,QH,53.5,58.83,52.79,58.95,25.1,5,49.09,39.17,14.33
2026-02-01T22:45:00Z,2026-02-01 22:45,2026-02-01 23:00,QH,46.3,58.46,42.6,47.49,65.2,19,44.89,46.13,0.17
2026-02-01T23:00:00Z,2026-02-01 23:00,2026-02-01 23:15,QH,39.48,44.27,37.06,40.49,65.5,16,39.97,45.14,-5.66
2026-02-01T23:15:00Z,2026-02-01 23:15,2026-02-01 23:30,QH,31.62,33.07,29.92,28.51,28.8,4,31.28,40.07,-8.45
2026-02-01T23:30:00Z,2026-02-01 23:30,2026-02-01 23:45,QH,32.55,36.72,28.31,35.9,77.9,15,31.54,41.19,-8.64
2026-02-01T23:45:00Z,2026-02-01 23:45,2026-02-02 00:00,QH,55.02,60.35,53.62,53.1,90.7,13,56.01,37.72,17.3
2026-02-02T00:00:00Z,2026-02-02 00:00,2026-02-02 00:15,QH,57.87,59.38,56.85,55.26,92.8,13,56.22,52.21,5.66
2026-02-02T00:15:00Z,2026-02-02 00:15,2026-02-02 00:30,QH,46.37,49.64,46.22,48.06,88.2,11,42.99,50.75,-4.38
2026-02-02T00:30:00Z,2026-02-02 00:30,2026-02-02 00:45,QH,49.08,54.85,47.2,49.3,83.6,10,48.54,53.21,-4.12
2026-02-02T00:45:00Z,2026-02-02 00:45,2026-02-02 01:00,QH,72.75,74.15,70.85,68.22,86.1,20,75.87,59.0,13.75
2026-02-02T01:00:00Z,2026-02-02 01:00,2026-02-02 01:15,QH,80.66,83.02,75.03,79.5,80.5,37,78.18,43.53,37.13
2026-02-02T01:15:00Z,2026-02-02 01:15,2026-02-02 01:30,QH,50.07,56.56,44.28,49.8,103.6,13,50.02,62.54,-12.47
2026-02-02T01:30:00Z,2026-02-02 01:30,2026-02-02 01:45,QH,48.47,64.18,41.33,47.9,118.1,19,46.16,51.91,-3.44
2026-02-02T01:45:00Z,2026-02-02 01:45,2026-02-02 02:00,QH,39.84,45.77,36.18,43.05,94.6,38,37.23,60.95,-21.11
2026-02-02T02:00:00Z,2026-02-02 02:00,2026-02-02 02:15,QH,58.31,61.05,41.52,59.76,28.1,7,60.11,50.73,7.58
2026-02-02T02:15:00Z,2026-02-02 02:15,2026-02-02 02:30,QH,62.64,66.5,58.97,63.0,36.7,8,63.5,62.45,0.2
2026-02-02T02:30:00Z,2026-02-02 02:30,2026-02-02 02:45,QH,37.22,43.19,35.78,36.94,78.1,27,39.52,55.27,-18.04
2026-02-02T02:45:00Z,2026-02-02 02:45,2026-02-02 03:00,QH,51.33,51.85,49.84,46.78,105.6,13,52.2,54.52,-3.19
2026-02-02T03:00:00Z,2026-02-02 03:00,2026-02-02 03:15,QH,62.46,63.28,58.91,63.13,40.2,5,62.48,49.25,13.21
2026-02-02T03:15:00Z,2026-02-02 03:15,2026-02-02 03:30,QH,55.27,56.6,44.22,52.26,95.2,17,55.02,50.91,4.37
2026-02-02T03:30:00Z,2026-02-02 03:30,2026-02-02 03:45,QH,43.03,45.62,37.26,42.46,86.5,20,41.5,54.28,-11.25
2026-02-02T03:45:00Z,2026-02-02 03:45,2026-02-02 04:00,QH,68.58,71.02,63.33,67.43,94.9,14,68.54,48.73,19.85
2026-02-02T04:00:00Z,2026-02-02 04:00,2026-02-02 04:15,QH,64.11,66.7,59.81,65.78,114.3,40,59.84,55.97,8.14
2026-02-02T04:15:00Z,2026-02-02 04:15,2026-02-02 04:30,QH,36.97,50.29,33.75,34.51,58.1,7,35.15,57.99,-21.02
2026-02-02T04:30:00Z,2026-02-02 04:30,2026-02-02 04:45,QH,47.85,57.56,46.64,52.73,47.9,12,48.45,59.88,-12.04
2026-02-02T04:45:00Z,2026-02-02 04:45,2026-02-02 05:00,QH,65.95,69.68,62.24,62.44,130.5,16,66.57,51.92,14.03
2026-02-02T05:00:00Z,2026-02-02 05:00,2026-02-02 05:15,QH,44.58,46.65,42.52,41.83,86.1,14,44.95,54.21,-9.64
2026-02-02T05:15:00Z,2026-02-02 05:15,2026-02-02 05:30,QH,49.32,53.96,47.47,48.57,59.0,9,49.8,56.0,-6.68
2026-02-02T05:30:00Z,2026-02-02 05:30,2026-02-02 05:45,QH,39.93,46.2,37.03,43.38,63.4,16,40.74,50.39,-10.45
2026-02-02T05:45:00Z,2026-02-02 05:45,2026-02-02 06:00,QH,55.03,57.32,54.67,54.51,60.6,13,56.71,58.89,-3.86
2026-02-02T06:00:00Z,2026-02-02 06:00,2026-02-02 06:15,QH,37.93,43.15,25.73,36.61,147.2,19,38.6,42.1,-4.17
2026-02-02T06:15:00Z,2026-02-02 06:15,2026-02-02 06:30,QH,51.67,61.38,51.62,53.91,91.6,13,50.88,59.46,-7.79
2026-02-02T06:30:00Z,2026-02-02 06:30,2026-02-02 06:45,QH,84.03,89.99,82.06,85.83,90.3,23,85.46,62.91,21.12
2026-02-02T06:45:00Z,2026-02-02 06:45,2026-02-02 07:00,QH,50.45,50.8,48.69,48.27,111.5,46,50.74,56.19,-5.74
2026-02-02T07:00:00Z,2026-02-02 07:00,2026-02-02 07:15,QH,101.83,107.08,97.55,103.34,84.3,19,99.57,87.18,14.66
2026-02-02T07:15:00Z,2026-02-02 07:15,2026-02-02 07:30,QH,74.81,77.98,71.24,78.34,59.1,10,73.86,82.6,-7.79
2026-02-02T07:30:00Z,2026-02-02 07:30,2026-02-02 07:45,QH,72.61,75.13,72.51,71.64,101.0,20,71.61,94.27,-21.66
2026-02-02T07:45:00Z,2026-02-02 07:45,2026-02-02 08:00,QH,55.92,59.42,47.47,58.54,55.6,7,57.51,80.43,-24.51
2026-02-02T08:00:00Z,2026-02-02 08:00,2026-02-02 08:15,QH,96.12,99.26,94.2,96.73,20.6,3,93.98,88.49,7.63
2026-02-02T08:15:00Z,2026-02-02 08:15,2026-02-02 08:30,QH,87.63,91.41,82.66,85.17,97.0,12,87.8,87.3,0.34
2026-02-02T08:30:00Z,2026-02-02 08:30,2026-02-02 08:45,QH,64.99,66.82,59.33,60.65,75.7,21,61.02,84.33,-19.34
2026-02-02T08:45:00Z,2026-02-02 08:45,2026-02-02 09:00,QH,108.46,109.49,99.32,106.4,113.1,19,106.65,95.63,12.83
2026-02-02T09:00:00Z,2026-02-02 09:00,2026-02-02 09:15,QH,94.6,95.03,89.51,93.34,40.0,8,97.31,100.62,-6.02
2026-02-02T09:15:00Z,2026-02-02 09:15,2026-02-02 09:30,QH,76.81,84.83,70.72,75.59,94.1,15,73.33,87.53,-10.73
2026-02-02T09:30:00Z,2026-02-02 09:30,2026-02-02 09:45,QH,101.68,102.3,98.36,100.8,59.8,26,104.13,96.38,5.3
2026-02-02T09:45:00Z,2026-02-02 09:45,2026-02-02 10:00,QH,104.27,104.97,98.91,105.07,44.1,14,103.26,93.02,11.25
2026-02-02T10:00:00Z,2026-02-02 10:00,2026-02-02 10:15,QH,87.2,92.53,85.67,88.45,106.0,16,89.52,89.8,-2.59
2026-02-02T10:15:00Z,2026-02-02 10:15,2026-02-02 10:30,QH,112.02,112.89,108.74,117.8,116.2,33,112.91,98.42,13.6
2026-02-02T10:30:00Z,2026-02-02 10:30,2026-02-02 10:45,QH,83.66,84.86,81.17,81.1,76.1,12,81.27,98.9,-15.24
2026-02-02T10:45:00Z,2026-02-02 10:45,2026-02-02 11:00,QH,89.94,94.53,85.18,90.6,35.1,5,91.09,106.5,-16.56
2026-02-02T11:00:00Z,2026-02-02 11:00,2026-02-02 11:15,QH,99.35,100.67,97.74,97.14,135.7,38,98.52,99.71,-0.36
2026-02-02T11:15:00Z,2026-02-02 11:15,2026-02-02 11:30,QH,53.89,60.81,51.81,50.08,116.5,20,53.58,95.29,-41.4
2026-02-02T11:30:00Z,2026-02-02 11:30,2026-02-02 11:45,QH,89.6,94.11,87.75,84.22,21.2,3,87.97,97.01,-7.41
2026-02-02T11:45:00Z,2026-02-02 11:45,2026-02-02 12:00,QH,101.7,101.73,98.73,97.43,69.7,9,101.78,97.38,4.32
2026-02-02T12:00:00Z,2026-02-02 12:00,2026-02-02 12:15,QH,115.84,116.84,113.06,113.79,39.0,5,119.62,99.87,15.97
2026-02-02T12:15:00Z,2026-02-02 12:15,2026-02-02 12:30,QH,93.26,98.99,92.74,93.19,76.4,15,90.78,99.48,-6.22
2026-02-02T12:30:00Z,2026-02-02 12:30,2026-02-02 12:45,QH,94.49,96.35,89.08,94.59,108.6,24,96.13,101.72,-7.23
2026-02-02T12:45:00Z,2026-02-02 12:45,2026-02-02 13:00,QH,72.5,77.72,66.38,74.15,131.3,24,71.97,91.44,-18.94
2026-02-02T13:00:00Z,2026-02-02 13:00,2026-02-02 13:15,QH,120.74,121.97,114.69,118.6,61.4,15,122.0,87.4,33.34
2026-02-02T13:15:00Z,2026-02-02 13:15,2026-02-02 13:30,QH,107.03,110.07,101.9,107.79,64.9,9,108.27,101.37,5.66
2026-02-02T13:30:00Z,2026-02-02 13:30,2026-02-02 13:45,QH,93.06,97.96,91.01,91.9,102.7,17,93.43,93.74,-0.68
2026-02-02T13:45:00Z,2026-02-02 13:45,2026-02-02 14:00,QH,86.68,87.97,80.9,91.6,42.9,11,85.09,85.98,0.7
2026-02-02T14:00:00Z,2026-02-02 14:00,2026-02-02 14:15,QH,123.56,125.21,113.58,115.16,109.1,30,122.9,96.4,27.15
2026-02-02T14:15:00Z,2026-02-02 14:15,2026-02-02 14:30,QH,94.04,98.53,89.97,95.49,131.8,41,93.58,101.5,-7.46
2026-02-02T14:30:00Z,2026-02-02 14:30,2026-02-02 14:45,QH,77.59,82.25,77.18,74.76,128.9,63,78.64,100.28,-22.69
2026-02-02T14:45:00Z,2026-02-02 14:45,2026-02-02 15:00,QH,98.36,108.65,95.23,94.14,23.4,3,96.75,96.52,1.84
2026-02-02T15:00:00Z,2026-02-02 15:00,2026-02-02 15:15,QH,77.02,80.12,75.55,78.88,88.1,33,76.07,100.68,-23.66
2026-02-02T15:15:00Z,2026-02-02 15:15,2026-02-02 15:30,QH,94.61,97.9,94.27,91.24,71.5,11,99.71,96.42,-1.81
2026-02-02T15:30:00Z,2026-02-02 15:30,2026-02-02 15:45,QH,95.64,97.07,94.64,95.58,95.6,18,94.22,94.7,0.94
2026-02-02T15:45:00Z,2026-02-02 15:45,2026-02-02 16:00,QH,97.75,101.67,86.94,97.15,102.1,14,93.41,100.65,-2.9
2026-02-02T16:00:00Z,2026-02-02 16:00,2026-02-02 16:15,QH,101.07,107.72,91.39,103.16,103.8,17,97.47,96.89,4.18
2026-02-02T16:15:00Z,2026-02-02 16:15,2026-02-02 16:30,QH,81.73,84.96,76.25,77.64,88.7,22,80.65,94.74,-13.01
2026-02-02T16:30:00Z,2026-02-02 16:30,2026-02-02 16:45,QH,100.12,101.77,95.53,101.85,46.0,12,101.58,97.03,3.08
2026-02-02T16:45:00Z,2026-02-02 16:45,2026-02-02 17:00,QH,117.78,122.36,117.57,114.63,67.3,12,120.39,101.41,16.36
2026-02-02T17:00:00Z,2026-02-02 17:00,2026-02-02 17:15,QH,90.68,95.54,75.48,88.1,98.4,19,92.37,96.86,-6.18
2026-02-02T17:15:00Z,2026-02-02 17:15,2026-02-02 17:30,QH,102.78,103.63,99.22,103.71,73.9,11,102.58,94.68,8.11
2026-02-02T17:30:00Z,2026-02-02 17:30,2026-02-02 17:45,QH,99.34,101.86,86.42,99.86,64.5,27,102.82,99.15,0.18
2026-02-02T17:45:00Z,2026-02-02 17:45,2026-02-02 18:00,QH,89.39,90.89,84.84,87.64,78.7,19,93.87,96.91,-7.52
2026-02-02T18:00:00Z,2026-02-02 18:00,2026-02-02 18:15,QH,83.47,85.3,82.81,80.16,119.2,43,84.19,89.29,-5.81
2026-02-02T18:15:00Z,2026-02-02 18:15,2026-02-02 18:30,QH,81.3,86.74,81.1,84.83,133.9,19,80.01,88.49,-7.2
2026-02-02T18:30:00Z,2026-02-02 18:30,2026-02-02 18:45,QH,94.05,101.82,92.35,94.44,34.2,5,91.98,94.03,0.02
2026-02-02T18:45:00Z,2026-02-02 18:45,2026-02-02 19:00,QH,124.37,128.23,116.72,126.75,94.4,13,119.78,85.45,38.92
2026-02-02T19:00:00Z,2026-02-02 19:00,2026-02-02 19:15,QH,79.13,82.97,74.03,78.04,96.4,28,79.93,87.85,-8.72
2026-02-02T19:15:00Z,2026-02-02 19:15,2026-02-02 19:30,QH,66.98,71.28,65.6,66.49,86.4,20,64.71,83.59,-16.61
2026-02-02T19:30:00Z,2026-02-02 19:30,2026-02-02 19:45,QH,78.64,81.52,76.86,77.79,42.8,7,79.13,83.62,-4.98
2026-02-02T19:45:00Z,2026-02-02 19:45,2026-02-02 20:00,QH,77.62,79.0,77.11,74.9,87.4,27,75.92,82.44,-4.82
2026-02-02T20:00:00Z,2026-02-02 20:00,2026-02-02 20:15,QH,47.89,54.06,44.64,42.19,10,3,50.55,52.1,-4.21
2026-02-02T20:15:00Z,2026-02-02 20:15,2026-02-02 20:30,QH,68.93,71.63,65.99,67.83,71.5,19,68.44,49.57,19.36
2026-02-02T20:30:00Z,2026-02-02 20:30,2026-02-02 20:45,QH,66.04,69.76,62.16,66.88,78.8,11,64.85,51.88,14.17
2026-02-02T20:45:00Z,2026-02-02 20:45,2026-02-02 21:00,QH,60.14,66.73,58.53,65.04,98.1,13,64.23,53.49,6.65
2026-02-02T21:00:00Z,2026-02-02 21:00,2026-02-02 21:15,QH,44.32,49.42,41.87,45.71,43.8,6,41.97,51.72,-7.4
2026-02-02T21:15:00Z,2026-02-02 21:15,2026-02-02 21:30,QH,40.23,43.49,37.9,36.23,57.2,17,38.45,51.47,-11.24
2026-02-02T21:30:00Z,2026-02-02 21:30,2026-02-02 21:45,QH,50.36,52.45,50.02,49.61,96.1,15,48.93,56.68,-6.32
2026-02-02T21:45:00Z,2026-02-02 21:45,2026-02-02 22:00,QH,66.27,68.09,58.78,61.19,47.5,10,67.47,51.65,14.62
2026-02-02T22:00:00Z,2026-02-02 22:00,2026-02-02 22:15,QH,143.99,150.83,140.84,146.66,130.4,23,144.25,54.42,89.57
2026-02-02T22:15:00Z,2026-02-02 22:15,2026-02-02 22:30,QH,62.45,67.13,58.7,61.84,55.5,10,62.68,55.93,6.52
2026-02-02T22:30:00Z,2026-02-02 22:30,2026-02-02 22:45,QH,25.52,33.2,19.89,27.2,71.3,11,26.5,54.03,-28.51
2026-02-02T22:45:00Z,2026-02-02 22:45,2026-02-02 23:00,QH,74.47,75.64,65.76,74.45,93.7,36,71.22,57.42,17.05
2026-02-02T23:00:00Z,2026-02-02 23:00,2026-02-02 23:15,QH,53.68,55.28,48.59,58.27,56.6,14,53.41,54.08,-0.4
2026-02-02T23:15:00Z,2026-02-02 23:15,2026-02-02 23:30,QH,57.48,63.79,48.44,54.13,53.1,19,57.14,51.01,6.47
2026-02-02T23:30:00Z,2026-02-02 23:30,2026-02-02 23:45,QH,44.2,48.06,40.46,45.24,68.7,20,44.32,39.63,4.58
2026-02-02T23:45:00Z,2026-02-02 23:45,2026-02-03 00:00,QH,51.82,53.24,49.26,52.99,62.4,12,49.28,56.37,-4.55
2026-02-03T00:00:00Z,2026-02-03 00:00,2026-02-03 00:15,QH,58.22,59.45,56.17,61.33,74.9,17,59.37,61.76,-3.54
2026-02-03T00:15:00Z,2026-02-03 00:15,2026-02-03 00:30,QH,66.77,70.03,66.26,64.64,74.3,30,67.25,67.07,-0.3
2026-02-03T00:30:00Z,2026-02-03 00:30,2026-02-03 00:45,QH,58.54,66.62,51.04,56.92,85.3,22,55.5,65.59,-7.05
2026-02-03T00:45:00Z,2026-02-03 00:45,2026-02-03 01:00,QH,49.23,51.71,48.8,48.48,82.4,17,50.47,68.18,-18.95
2026-02-03T01:00:00Z,2026-02-03 01:00,2026-02-03 01:15,QH,60.23,67.24,57.06,60.23,99.0,36,60.24,66.52,-6.29
2026-02-03T01:15:00Z,2026-02-03 01:15,2026-02-03 01:30,QH,62.71,64.3,55.58,68.7,131.3,34,60.74,54.95,7.76
2026-02-03T01:30:00Z,2026-02-03 01:30,2026-02-03 01:45,QH,57.52,67.82,53.19,56.78,100.8,19,58.02,55.11,2.42
2026-02-03T01:45:00Z,2026-02-03 01:45,2026-02-03 02:00,QH,71.57,80.9,70.42,74.38,49.1,21,69.79,66.12,5.45
2026-02-03T02:00:00Z,2026-02-03 02:00,2026-02-03 02:15,QH,61.65,73.09,54.92,65.67,43.7,15,64.2,58.57,3.08
2026-02-03T02:15:00Z,2026-02-03 02:15,2026-02-03 02:30,QH,51.39,58.33,48.08,55.55,113.9,41,46.26,53.98,-2.59
2026-02-03T02:30:00Z,2026-02-03 02:30,2026-02-03 02:45,QH,52.94,57.4,52.19,50.99,19.2,3,51.27,63.36,-10.42
2026-02-03T02:45:00Z,2026-02-03 02:45,2026-02-03 03:00,QH,69.03,75.36,68.05,66.32,144.9,65,69.26,54.76,14.27
2026-02-03T03:00:00Z,2026-02-03 03:00,2026-02-03 03:15,QH,62.03,63.73,57.93,61.64,85.1,18,61.72,60.6,1.43
2026-02-03T03:15:00Z,2026-02-03 03:15,2026-02-03 03:30,QH,57.18,61.52,50.69,56.51,90.7,16,59.31,46.64,10.54
2026-02-03T03:30:00Z,2026-02-03 03:30,2026-02-03 03:45,QH,71.75,76.87,62.12,73.21,112.0,26,72.96,54.28,17.47
2026-02-03T03:45:00Z,2026-02-03 03:45,2026-02-03 04:00,QH,58.43,60.7,56.97,57.74,149.9,24,60.74,56.01,2.42
2026-02-03T04:00:00Z,2026-02-03 04:00,2026-02-03 04:15,QH,74.24,83.18,71.0,73.21,147.9,62,74.87,66.56,7.68
2026-02-03T04:15:00Z,2026-02-03 04:15,2026-02-03 04:30,QH,62.97,66.96,60.31,66.47,90.5,16,64.85,63.91,-0.95
2026-02-03T04:30:00Z,2026-02-03 04:30,2026-02-03 04:45,QH,178.13,179.19,175.19,178.24,51.4,7,175.83,57.54,120.59
2026-02-03T04:45:00Z,2026-02-03 04:45,2026-02-03 05:00,QH,54.02,58.16,53.74,52.43,110.3,17,52.98,64.19,-10.17
2026-02-03T05:00:00Z,2026-02-03 05:00,2026-02-03 05:15,QH,56.0,60.82,54.29,61.74,135.6,19,56.95,58.72,-2.72
2026-02-03T05:15:00Z,2026-02-03 05:15,2026-02-03 05:30,QH,53.31,60.0,50.15,50.55,100.5,17,53.53,53.67,-0.37
2026-02-03T05:30:00Z,2026-02-03 05:30,2026-02-03 05:45,QH,72.93,73.68,69.47,70.3,70.5,11,71.29,59.19,13.74
2026-02-03T05:45:00Z,2026-02-03 05:45,2026-02-03 06:00,QH,52.94,53.07,50.53,57.01,60.7,15,51.14,59.76,-6.82
2026-02-03T06:00:00Z,2026-02-03 06:00,2026-02-03 06:15,QH,47.86,48.25,44.79,44.19,53.2,7,48.26,57.62,-9.76
2026-02-03T06:15:00Z,2026-02-03 06:15,2026-02-03 06:30,QH,68.06,71.18,66.45,65.44,78.7,21,67.19,61.11,6.95
2026-02-03T06:30:00Z,2026-02-03 06:30,2026-02-03 06:45,QH,76.5,83.45,71.87,76.81,63.1,18,72.42,59.1,17.4
2026-02-03T06:45:00Z,2026-02-03 06:45,2026-02-03 07:00,QH,61.89,62.44,60.84,59.71,68.5,8,59.49,56.64,5.25
2026-02-03T07:00:00Z,2026-02-03 07:00,2026-02-03 07:15,QH,98.11,101.53,96.68,95.27,44.4,6,99.16,95.28,2.83
2026-02-03T07:15:00Z,2026-02-03 07:15,2026-02-03 07:30,QH,104.16,113.09,101.08,101.27,70.9,20,106.15,104.77,-0.61
2026-02-03T07:30:00Z,2026-02-03 07:30,2026-02-03 07:45,QH,109.59,112.6,104.97,108.15,118.0,25,108.07,95.34,14.25
2026-02-03T07:45:00Z,2026-02-03 07:45,2026-02-03 08:00,QH,76.0,76.92,72.55,85.54,70.4,9,75.93,93.78,-17.78
2026-02-03T08:00:00Z,2026-02-03 08:00,2026-02-03 08:15,QH,92.79,92.98,84.34,99.83,97.7,45,91.29,100.91,-8.12
2026-02-03T08:15:00Z,2026-02-03 08:15,2026-02-03 08:30,QH,86.09,94.13,82.52,86.14,52.0,11,83.58,99.22,-13.14
2026-02-03T08:30:00Z,2026-02-03 08:30,2026-02-03 08:45,QH,96.99,104.47,91.53,96.52,89.5,13,96.53,102.46,-5.47
2026-02-03T08:45:00Z,2026-02-03 08:45,2026-02-03 09:00,QH,106.98,107.18,104.56,109.0,89.6,29,106.23,99.55,7.43
2026-02-03T09:00:00Z,2026-02-03 09:00,2026-02-03 09:15,QH,91.72,94.11,86.33,89.01,109.3,33,93.41,105.32,-13.6
2026-02-03T09:15:00Z,2026-02-03 09:15,2026-02-03 09:30,QH,103.18,108.09,100.46,104.21,66.1,9,101.05,102.6,0.58
2026-02-03T09:30:00Z,2026-02-03 09:30,2026-02-03 09:45,QH,81.08,83.43,78.11,80.82,94.0,17,81.26,96.27,-15.19
2026-02-03T09:45:00Z,2026-02-03 09:45,2026-02-03 10:00,QH,102.0,102.93,101.05,104.73,104.7,37,97.2,109.12,-7.12
2026-02-03T10:00:00Z,2026-02-03 10:00,2026-02-03 10:15,QH,122.92,124.86,120.23,126.72,50.4,14,120.76,103.03,19.89
2026-02-03T10:15:00Z,2026-02-03 10:15,2026-02-03 10:30,QH,117.4,121.13,115.69,115.38,71.7,15,114.43,106.34,11.06
2026-02-03T10:30:00Z,2026-02-03 10:30,2026-02-03 10:45,QH,104.89,106.54,100.64,105.97,123.0,26,105.86,104.62,0.27
2026-02-03T10:45:00Z,2026-02-03 10:45,2026-02-03 11:00,QH,116.19,116.84,115.47,117.34,101.7,16,112.21,100.8,15.39
2026-02-03T11:00:00Z,2026-02-03 11:00,2026-02-03 11:15,QH,115.72,121.46,114.12,112.72,53.5,18,115.01,100.64,15.08
2026-02-03T11:15:00Z,2026-02-03 11:15,2026-02-03 11:30,QH,84.02,85.78,83.49,82.87,75.5,13,81.47,104.54,-20.51
2026-02-03T11:30:00Z,2026-02-03 11:30,2026-02-03 11:45,QH,115.66,121.24,108.18,118.74,72.1,11,112.65,103.85,11.81
2026-02-03T11:45:00Z,2026-02-03 11:45,2026-02-03 12:00,QH,116.26,120.92,116.11,116.62,125.2,31,116.43,95.95,20.31
2026-02-03T12:00:00Z,2026-02-03 12:00,2026-02-03 12:15,QH,118.23,127.26,113.82,120.35,94.1,20,113.0,105.48,12.76
2026-02-03T12:15:00Z,2026-02-03 12:15,2026-02-03 12:30,QH,133.1,134.83,126.91,134.47,91.7,42,130.43,105.36,27.75
2026-02-03T12:30:00Z,2026-02-03 12:30,2026-02-03 12:45,QH,128.23,128.9,124.42,126.54,124.6,17,126.79,106.88,21.35
2026-02-03T12:45:00Z,2026-02-03 12:45,2026-02-03 13:00,QH,117.48,127.36,116.25,117.96,73.9,16,116.05,108.4,9.08
2026-02-03T13:00:00Z,2026-02-03 13:00,2026-02-03 13:15,QH,92.84,92.92,76.48,94.06,89.0,22,93.37,97.37,-4.53
2026-02-03T13:15:00Z,2026-02-03 13:15,2026-02-03 13:30,QH,89.25,89.32,84.96,88.88,92.8,36,86.86,102.43,-13.18
2026-02-03T13:30:00Z,2026-02-03 13:30,2026-02-03 13:45,QH,101.94,114.81,98.98,105.21,159.8,33,97.72,104.07,-2.13
2026-02-03T13:45:00Z,2026-02-03 13:45,2026-02-03 14:00,QH,111.77,112.08,106.63,109.32,34.5,7,113.25,113.65,-1.88
2026-02-03T14:00:00Z,2026-02-03 14:00,2026-02-03 14:15,QH,113.18,118.44,112.24,113.6,16.4,3,115.86,105.43,7.75
2026-02-03T14:15:00Z,2026-02-03 14:15,2026-02-03 14:30,QH,113.04,113.85,110.4,114.68,68.0,15,115.65,110.01,3.03
2026-02-03T14:30:00Z,2026-02-03 14:30,2026-02-03 14:45,QH,106.88,109.62,99.34,107.38,81.2,19,106.44,102.99,3.89
2026-02-03T14:45:00Z,2026-02-03 14:45,2026-02-03 15:00,QH,111.75,112.74,106.52,117.3,118.5,19,112.47,111.1,0.65
2026-02-03T15:00:00Z,2026-02-03 15:00,2026-02-03 15:15,QH,117.84,125.92,113.23,120.32,105.2,25,117.74,100.86,16.99
2026-02-03T15:15:00Z,2026-02-03 15:15,2026-02-03 15:30,QH,96.69,100.62,93.18,95.19,75.1,21,95.9,110.25,-13.56
2026-02-03T15:30:00Z,2026-02-03 15:30,2026-02-03 15:45,QH,86.16,89.2,81.39,84.04,87.0,12,86.98,109.1,-22.94
2026-02-03T15:45:00Z,2026-02-03 15:45,2026-02-03 16:00,QH,137.72,142.44,131.99,141.42,116.3,38,134.61,104.65,33.07
2026-02-03T16:00:00Z,2026-02-03 16:00,2026-02-03 16:15,QH,112.44,112.92,106.89,112.45,47.1,6,112.02,102.3,10.14
2026-02-03T16:15:00Z,2026-02-03 16:15,2026-02-03 16:30,QH,100.14,104.74,97.62,101.26,114.8,27,101.18,97.96,2.18
2026-02-03T16:30:00Z,2026-02-03 16:30,2026-02-03 16:45,QH,110.65,115.61,105.59,112.39,75.6,11,106.63,98.76,11.89
2026-02-03T16:45:00Z,2026-02-03 16:45,2026-02-03 17:00,QH,81.97,82.78,76.05,78.79,104.5,23,81.41,106.46,-24.49
2026-02-03T17:00:00Z,2026-02-03 17:00,2026-02-03 17:15,QH,104.66,105.1,101.83,104.43,91.5,21,103.41,101.21,3.44
2026-02-03T17:15:00Z,2026-02-03 17:15,2026-02-03 17:30,QH,115.79,116.03,113.83,117.54,10,3,115.83,100.83,14.95
2026-02-03T17:30:00Z,2026-02-03 17:30,2026-02-03 17:45,QH,89.03,92.06,86.03,83.04,82.0,13,88.45,107.23,-18.2
2026-02-03T17:45:00Z,2026-02-03 17:45,2026-02-03 18:00,QH,113.52,121.98,102.93,108.4,101.3,13,116.76,98.27,15.24
2026-02-03T18:00:00Z,2026-02-03 18:00,2026-02-03 18:15,QH,90.62,92.95,75.14,88.25,107.4,20,95.52,102.36,-11.74
2026-02-03T18:15:00Z,2026-02-03 18:15,2026-02-03 18:30,QH,97.29,100.11,92.99,95.79,120.4,35,98.5,108.84,-11.55
2026-02-03T18:30:00Z,2026-02-03 18:30,2026-02-03 18:45,QH,99.08,99.29,95.19,96.63,46.6,7,99.17,92.96,6.13
2026-02-03T18:45:00Z,2026-02-03 18:45,2026-02-03 19:00,QH,97.89,106.61,93.03,98.7,105.2,38,98.98,101.27,-3.38
2026-02-03T19:00:00Z,2026-02-03 19:00,2026-02-03 19:15,QH,91.55,91.6,89.14,95.42,86.6,21,90.9,99.24,-7.69
2026-02-03T19:15:00Z,2026-02-03 19:15,2026-02-03 19:30,QH,91.84,96.48,85.34,90.38,50.6,7,94.81,95.42,-3.59
2026-02-03T19:30:00Z,2026-02-03 19:30,2026-02-03 19:45,QH,102.77,103.15,98.1,103.28,59.3,11,103.44,105.0,-2.23
2026-02-03T19:45:00Z,2026-02-03 19:45,2026-02-03 20:00,QH,196.67,202.5,193.88,198.9,45.9,5,194.9,100.24,96.43
2026-02-03T20:00:00Z,2026-02-03 20:00,2026-02-03 20:15,QH,164.28,166.16,161.28,168.76,134.7,28,161.01,61.12,103.15
2026-02-03T20:15:00Z,2026-02-03 20:15,2026-02-03 20:30,QH,64.17,65.28,63.42,63.83,66.3,8,60.45,69.23,-5.06
2026-02-03T20:30:00Z,2026-02-03 20:30,2026-02-03 20:45,QH,36.74,38.09,30.08,35.69,84.8,13,36.34,58.83,-22.1
2026-02-03T20:45:00Z,2026-02-03 20:45,2026-02-03 21:00,QH,38.97,43.33,30.04,39.1,85.1,17,36.3,61.5,-22.54
2026-02-03T21:00:00Z,2026-02-03 21:00,2026-02-03 21:15,QH,60.31,62.83,57.65,63.08,73.6,11,63.87,59.47,0.84
2026-02-03T21:15:00Z,2026-02-03 21:15,2026-02-03 21:30,QH,62.67,67.71,62.27,60.21,151.8,57,63.08,68.59,-5.92
2026-02-03T21:30:00Z,2026-02-03 21:30,2026-02-03 21:45,QH,46.31,57.09,45.0,44.27,64.4,11,45.75,60.51,-14.21
2026-02-03T21:45:00Z,2026-02-03 21:45,2026-02-03 22:00,QH,72.14,75.77,68.35,67.53,43.0,15,70.76,59.12,13.02
2026-02-03T22:00:00Z,2026-02-03 22:00,2026-02-03 22:15,QH,67.95,78.61,67.78,69.26,87.5,16,65.06,59.06,8.9
2026-02-03T22:15:00Z,2026-02-03 22:15,2026-02-03 22:30,QH,72.84,80.89,67.17,71.78,154.9,22,73.35,65.64,7.2
2026-02-03T22:30:00Z,2026-02-03 22:30,2026-02-03 22:45,QH,55.91,68.31,48.11,54.18,77.9,24,54.17,56.08,-0.16
2026-02-03T22:45:00Z,2026-02-03 22:45,2026-02-03 23:00,QH,49.49,61.5,42.19,51.33,62.0,10,47.23,61.92,-12.43
2026-02-03T23:00:00Z,2026-02-03 23:00,2026-02-03 23:15,QH,61.56,64.29,60.33,62.52,10,3,60.03,56.85,4.71
2026-02-03T23:15:00Z,2026-02-03 23:15,2026-02-03 23:30,QH,78.72,85.38,78.69,71.13,111.3,15,80.94,58.38,20.35
2026-02-03T23:30:00Z,2026-02-03 23:30,2026-02-03 23:45,QH,76.32,87.0,68.78,75.9,105.7,39,77.12,58.99,17.33
2026-02-03T23:45:00Z,2026-02-03 23:45,2026-02-04 00:00,QH,59.55,60.91,57.16,61.41,61.9,19,58.35,61.19,-1.64
2026-02-04T00:00:00Z,2026-02-04 00:00,2026-02-04 00:15,QH,65.59,67.24,60.89,65.21,68.5,22,67.85,50.74,14.85
2026-02-04T00:15:00Z,2026-02-04 00:15,2026-02-04 00:30,QH,49.38,55.7,47.4,47.73,91.2,15,49.02,42.81,6.57
2026-02-04T00:30:00Z,2026-02-04 00:30,2026-02-04 00:45,QH,60.66,66.21,57.68,66.55,101.6,16,60.86,52.44,8.22
2026-02-04T00:45:00Z,2026-02-04 00:45,2026-02-04 01:00,QH,43.0,46.39,36.69,43.73,77.2,27,44.87,49.16,-6.17
2026-02-04T01:00:00Z,2026-02-04 01:00,2026-02-04 01:15,QH,80.34,84.41,78.21,80.78,131.1,33,82.31,48.72,31.63
2026-02-04T01:15:00Z,2026-02-04 01:15,2026-02-04 01:30,QH,63.14,65.93,48.41,57.45,113.9,32,61.3,53.5,9.64
2026-02-04T01:30:00Z,2026-02-04 01:30,2026-02-04 01:45,QH,39.34,43.23,36.2,36.34,121.2,49,34.89,57.37,-18.02
2026-02-04T01:45:00Z,2026-02-04 01:45,2026-02-04 02:00,QH,29.92,30.1,26.31,35.68,109.7,17,29.47,53.46,-23.53
2026-02-04T02:00:00Z,2026-02-04 02:00,2026-02-04 02:15,QH,57.29,59.79,54.62,56.41,107.0,14,54.25,53.82,3.47
2026-02-04T02:15:00Z,2026-02-04 02:15,2026-02-04 02:30,QH,54.14,58.63,54.0,56.46,87.8,26,58.06,50.49,3.65
2026-02-04T02:30:00Z,2026-02-04 02:30,2026-02-04 02:45,QH,44.27,45.77,43.33,44.58,98.9,19,45.17,55.78,-11.52
2026-02-04T02:45:00Z,2026-02-04 02:45,2026-02-04 03:00,QH,48.87,54.58,47.07,45.05,63.7,17,49.31,51.63,-2.76
2026-02-04T03:00:00Z,2026-02-04 03:00,2026-02-04 03:15,QH,66.83,67.84,66.28,63.16,85.6,22,69.05,52.53,14.3
2026-02-04T03:15:00Z,2026-02-04 03:15,2026-02-04 03:30,QH,46.91,48.51,44.1,46.24,55.0,9,47.5,48.96,-2.06
2026-02-04T03:30:00Z,2026-02-04 03:30,2026-02-04 03:45,QH,42.82,46.31,41.63,41.31,41.8,12,45.91,56.35,-13.53
2026-02-04T03:45:00Z,2026-02-04 03:45,2026-02-04 04:00,QH,57.53,66.83,46.74,62.59,83.0,38,56.83,52.75,4.78
2026-02-04T04:00:00Z,2026-02-04 04:00,2026-02-04 04:15,QH,32.01,32.15,29.26,29.15,50.5,14,35.7,49.24,-17.23
2026-02-04T04:15:00Z,2026-02-04 04:15,2026-02-04 04:30,QH,47.99,48.95,44.63,49.14,144.3,61,45.69,53.65,-5.66
2026-02-04T04:30:00Z,2026-02-04 04:30,2026-02-04 04:45,QH,35.05,49.5,29.43,35.72,82.6,32,33.65,55.6,-20.55
2026-02-04T04:45:00Z,2026-02-04 04:45,2026-02-04 05:00,QH,54.11,60.41,51.92,50.65,102.3,14,52.6,45.03,9.08
2026-02-04T05:00:00Z,2026-02-04 05:00,2026-02-04 05:15,QH,47.22,56.61,45.48,45.58,75.3,11,46.19,52.68,-5.46
2026-02-04T05:15:00Z,2026-02-04 05:15,2026-02-04 05:30,QH,37.67,39.89,35.91,36.57,146.8,20,38.74,51.2,-13.54
2026-02-04T05:30:00Z,2026-02-04 05:30,2026-02-04 05:45,QH,52.89,54.8,46.26,56.94,94.3,27,51.48,44.26,8.63
2026-02-04T05:45:00Z,2026-02-04 05:45,2026-02-04 06:00,QH,46.22,51.26,45.38,43.44,48.0,16,45.31,57.04,-10.82
2026-02-04T06:00:00Z,2026-02-04 06:00,2026-02-04 06:15,QH,44.68,45.16,40.59,46.3,113.3,20,43.07,44.37,0.31
2026-02-04T06:15:00Z,2026-02-04 06:15,2026-02-04 06:30,QH,48.32,49.84,46.29,48.03,83.0,38,45.8,50.24,-1.92
2026-02-04T06:30:00Z,2026-02-04 06:30,2026-02-04 06:45,QH,65.34,76.09,63.71,65.32,88.4,11,63.12,52.76,12.58
2026-02-04T06:45:00Z,2026-02-04 06:45,2026-02-04 07:00,QH,63.78,68.23,58.26,65.87,135.9,24,61.48,53.82,9.95
2026-02-04T07:00:00Z,2026-02-04 07:00,2026-02-04 07:15,QH,81.55,85.27,81.46,84.21,93.3,15,81.88,87.58,-6.03
2026-02-04T07:15:00Z,2026-02-04 07:15,2026-02-04 07:30,QH,97.59,97.59,89.61,99.15,54.7,26,94.01,84.59,13.01
2026-02-04T07:30:00Z,2026-02-04 07:30,2026-02-04 07:45,QH,69.59,71.73,61.7,70.26,87.5,29,72.87,83.95,-14.37
2026-02-04T07:45:00Z,2026-02-04 07:45,2026-02-04 08:00,QH,72.75,83.1,72.19,70.17,83.1,15,73.75,87.59,-14.84
2026-02-04T08:00:00Z,2026-02-04 08:00,2026-02-04 08:15,QH,79.58,86.81,73.99,83.29,30.5,5,80.45,84.09,-4.51
2026-02-04T08:15:00Z,2026-02-04 08:15,2026-02-04 08:30,QH,105.78,117.07,96.13,104.18,60.6,20,108.53,90.66,15.13
2026-02-04T08:30:00Z,2026-02-04 08:30,2026-02-04 08:45,QH,87.27,88.72,78.13,85.57,117.9,16,85.82,90.72,-3.45
2026-02-04T08:45:00Z,2026-02-04 08:45,2026-02-04 09:00,QH,69.0,78.52,67.67,61.54,86.7,31,66.12,102.28,-33.28
2026-02-04T09:00:00Z,2026-02-04 09:00,2026-02-04 09:15,QH,90.26,92.73,86.13,88.17,86.3,41,87.25,86.41,3.85
2026-02-04T09:15:00Z,2026-02-04 09:15,2026-02-04 09:30,QH,71.03,72.1,70.41,69.67,105.1,19,71.75,99.28,-28.25
2026-02-04T09:30:00Z,2026-02-04 09:30,2026-02-04 09:45,QH,96.1,96.37,95.19,85.58,100.6,15,96.28,93.21,2.89
2026-02-04T09:45:00Z,2026-02-04 09:45,2026-02-04 10:00,QH,86.38,86.59,77.8,91.04,88.2,13,84.07,89.2,-2.82
2026-02-04T10:00:00Z,2026-02-04 10:00,2026-02-04 10:15,QH,111.85,116.67,106.64,111.43,64.5,13,108.5,93.78,18.07
2026-02-04T10:15:00Z,2026-02-04 10:15,2026-02-04 10:30,QH,105.62,108.98,96.93,106.95,53.5,14,102.23,91.37,14.25
2026-02-04T10:30:00Z,2026-02-04 10:30,2026-02-04 10:45,QH,87.61,87.78,84.49,86.09,107.3,21,86.58,87.8,-0.19
2026-02-04T10:45:00Z,2026-02-04 10:45,2026-02-04 11:00,QH,104.62,112.28,101.6,104.32,52.7,11,105.27,93.91,10.7
2026-02-04T11:00:00Z,2026-02-04 11:00,2026-02-04 11:15,QH,98.76,101.77,97.87,101.41,75.8,23,102.55,103.99,-5.23
2026-02-04T11:15:00Z,2026-02-04 11:15,2026-02-04 11:30,QH,119.69,119.91,115.81,122.95,124.9,60,121.28,96.59,23.1
2026-02-04T11:30:00Z,2026-02-04 11:30,2026-02-04 11:45,QH,93.92,97.96,91.65,95.27,85.6,18,93.1,94.12,-0.2
2026-02-04T11:45:00Z,2026-02-04 11:45,2026-02-04 12:00,QH,81.25,85.5,76.42,74.79,124.3,18,83.66,102.09,-20.84
2026-02-04T12:00:00Z,2026-02-04 12:00,2026-02-04 12:15,QH,102.01,103.58,95.98,98.39,105.0,36,98.22,88.41,13.6
2026-02-04T12:15:00Z,2026-02-04 12:15,2026-02-04 12:30,QH,89.2,89.34,80.21,88.09,100.6,39,94.4,99.19,-10.0
2026-02-04T12:30:00Z,2026-02-04 12:30,2026-02-04 12:45,QH,100.32,101.18,99.84,97.32,64.9,21,98.95,93.77,6.55
2026-02-04T12:45:00Z,2026-02-04 12:45,2026-02-04 13:00,QH,97.08,102.21,92.68,95.68,88.0,22,97.28,95.0,2.08
2026-02-04T13:00:00Z,2026-02-04 13:00,2026-02-04 13:15,QH,96.2,96.81,90.95,100.38,89.0,13,93.41,90.95,5.25
2026-02-04T13:15:00Z,2026-02-04 13:15,2026-02-04 13:30,QH,106.05,107.93,97.05,107.74,59.3,11,107.08,99.86,6.19
2026-02-04T13:30:00Z,2026-02-04 13:30,2026-02-04 13:45,QH,114.58,121.63,112.6,112.58,106.6,45,115.09,107.8,6.78
2026-02-04T13:45:00Z,2026-02-04 13:45,2026-02-04 14:00,QH,110.7,112.36,110.11,111.38,60.4,22,108.02,85.56,25.15
2026-02-04T14:00:00Z,2026-02-04 14:00,2026-02-04 14:15,QH,94.27,100.6,91.51,94.04,108.8,21,93.55,97.6,-3.33
2026-02-04T14:15:00Z,2026-02-04 14:15,2026-02-04 14:30,QH,116.14,120.48,112.37,114.06,138.8,43,115.0,103.42,12.73
2026-02-04T14:30:00Z,2026-02-04 14:30,2026-02-04 14:45,QH,103.96,107.9,103.57,103.68,69.9,9,104.43,103.53,0.43
2026-02-04T14:45:00Z,2026-02-04 14:45,2026-02-04 15:00,QH,98.74,108.51,95.91,92.17,78.6,12,95.53,100.28,-1.54
2026-02-04T15:00:00Z,2026-02-04 15:00,2026-02-04 15:15,QH,80.52,84.91,73.7,76.04,115.1,43,79.48,100.49,-19.97
2026-02-04T15:15:00Z,2026-02-04 15:15,2026-02-04 15:30,QH,76.64,80.52,72.66,74.75,131.5,35,75.32,95.04,-18.4
2026-02-04T15:30:00Z,2026-02-04 15:30,2026-02-04 15:45,QH,82.27,83.81,74.69,83.88,98.5,22,82.7,95.44,-13.17
2026-02-04T15:45:00Z,2026-02-04 15:45,2026-02-04 16:00,QH,98.91,101.82,97.3,99.4,138.6,25,102.12,98.95,-0.04
2026-02-04T16:00:00Z,2026-02-04 16:00,2026-02-04 16:15,QH,122.26,122.81,120.51,122.01,82.3,22,121.33,97.65,24.61
2026-02-04T16:15:00Z,2026-02-04 16:15,2026-02-04 16:30,QH,84.55,89.68,82.82,82.3,104.0,27,84.69,86.38,-1.83
2026-02-04T16:30:00Z,2026-02-04 16:30,2026-02-04 16:45,QH,106.16,112.74,104.32,110.15,111.8,29,103.06,94.11,12.04
2026-02-04T16:45:00Z,2026-02-04 16:45,2026-02-04 17:00,QH,121.2,123.12,120.87,123.69,62.2,20,122.44,90.09,31.11
2026-02-04T17:00:00Z,2026-02-04 17:00,2026-02-04 17:15,QH,91.85,101.63,82.91,88.75,37.5,5,93.61,94.19,-2.34
2026-02-04T17:15:00Z,2026-02-04 17:15,2026-02-04 17:30,QH,76.05,84.03,68.72,79.74,144.8,19,74.31,91.18,-15.13
2026-02-04T17:30:00Z,2026-02-04 17:30,2026-02-04 17:45,QH,88.01,90.74,83.18,92.1,77.0,17,89.05,91.42,-3.41
2026-02-04T17:45:00Z,2026-02-04 17:45,2026-02-04 18:00,QH,92.06,97.54,89.57,93.03,44.8,7,92.55,87.69,4.38
2026-02-04T18:00:00Z,2026-02-04 18:00,2026-02-04 18:15,QH,100.32,109.93,97.15,98.24,114.9,14,101.82,76.03,24.28
2026-02-04T18:15:00Z,2026-02-04 18:15,2026-02-04 18:30,QH,89.36,93.53,78.51,92.81,99.6,22,88.29,92.6,-3.25
2026-02-04T18:30:00Z,2026-02-04 18:30,2026-02-04 18:45,QH,77.22,81.24,71.25,79.33,115.6,30,76.32,100.86,-23.64
2026-02-04T18:45:00Z,2026-02-04 18:45,2026-02-04 19:00,QH,98.99,102.07,98.74,100.65,75.0,10,99.52,88.5,10.49
2026-02-04T19:00:00Z,2026-02-04 19:00,2026-02-04 19:15,QH,89.56,93.08,88.66,90.64,78.6,10,89.85,86.5,3.06
2026-02-04T19:15:00Z,2026-02-04 19:15,2026-02-04 19:30,QH,79.66,87.46,69.94,82.8,94.0,20,82.52,85.98,-6.32
2026-02-04T19:30:00Z,2026-02-04 19:30,2026-02-04 19:45,QH,95.6,101.57,94.4,95.87,65.6,24,94.81,87.46,8.14
2026-02-04T19:45:00Z,2026-02-04 19:45,2026-02-04 20:00,QH,97.1,105.7,90.74,103.6,147.4,58,98.79,80.99,16.11
2026-02-04T20:00:00Z,2026-02-04 20:00,2026-02-04 20:15,QH,59.12,64.88,58.03,54.89,98.0,14,60.22,56.04,3.07
2026-02-04T20:15:00Z,2026-02-04 20:15,2026-02-04 20:30,QH,53.47,63.6,51.07,57.86,113.4,16,52.85,51.83,1.63
2026-02-04T20:30:00Z,2026-02-04 20:30,2026-02-04 20:45,QH,44.21,45.01,39.38,46.63,104.3,46,44.98,45.59,-1.38
2026-02-04T20:45:00Z,2026-02-04 20:45,2026-02-04 21:00,QH,67.35,71.61,61.02,72.49,52.1,10,67.2,52.05,15.3
2026-02-04T21:00:00Z,2026-02-04 21:00,2026-02-04 21:15,QH,56.76,59.52,53.67,63.23,113.7,31,56.63,50.78,5.98
2026-02-04T21:15:00Z,2026-02-04 21:15,2026-02-04 21:30,QH,77.67,82.86,75.5,73.12,48.7,8,82.18,52.02,25.65
2026-02-04T21:30:00Z,2026-02-04 21:30,2026-02-04 21:45,QH,66.82,72.23,65.16,63.74,94.6,16,71.02,63.66,3.16
2026-02-04T21:45:00Z,2026-02-04 21:45,2026-02-04 22:00,QH,64.66,66.33,62.72,67.37,111.9,14,66.26,43.83,20.83
2026-02-04T22:00:00Z,2026-02-04 22:00,2026-02-04 22:15,QH,75.93,77.62,70.49,73.77,84.4,13,77.42,47.61,28.32
2026-02-04T22:15:00Z,2026-02-04 22:15,2026-02-04 22:30,QH,63.81,70.71,63.63,60.86,90.2,14,63.76,57.23,6.58
2026-02-04T22:30:00Z,2026-02-04 22:30,2026-02-04 22:45,QH,50.87,56.78,46.02,53.67,34.8,5,52.06,51.78,-0.91
2026-02-04T22:45:00Z,2026-02-04 22:45,2026-02-04 23:00,QH,49.29,54.93,46.52,49.06,92.1,24,50.14,53.41,-4.12
2026-02-04T23:00:00Z,2026-02-04 23:00,2026-02-04 23:15,QH,44.69,46.69,41.78,42.24,77.3,17,46.16,47.8,-3.11
2026-02-04T23:15:00Z,2026-02-04 23:15,2026-02-04 23:30,QH,66.28,70.15,64.34,61.6,110.3,22,67.75,48.39,17.89
2026-02-04T23:30:00Z,2026-02-04 23:30,2026-02-04 23:45,QH,61.05,63.44,59.56,61.0,99.0,23,64.58,62.93,-1.89
2026-02-04T23:45:00Z,2026-02-04 23:45,2026-02-05 00:00,QH,32.11,32.37,29.09,31.46,96.1,28,33.46,55.56,-23.45
2026-02-05T00:00:00Z,2026-02-05 00:00,2026-02-05 00:15,QH,54.53,55.65,48.36,58.45,86.2,26,54.93,60.93,-6.4
2026-02-05T00:15:00Z,2026-02-05 00:15,2026-02-05 00:30,QH,69.88,73.81,68.32,72.2,85.4,18,66.08,53.04,16.84
2026-02-05T00:30:00Z,2026-02-05 00:30,2026-02-05 00:45,QH,70.27,73.6,69.08,70.85,54.8,8,70.67,57.43,12.84
2026-02-05T00:45:00Z,2026-02-05 00:45,2026-02-05 01:00,QH,61.74,64.63,53.51,63.07,84.3,34,61.65,60.72,1.03
2026-02-05T01:00:00Z,2026-02-05 01:00,2026-02-05 01:15,QH,69.8,74.75,66.71,66.38,80.4,28,66.84,51.3,18.5
2026-02-05T01:15:00Z,2026-02-05 01:15,2026-02-05 01:30,QH,61.26,63.06,50.98,53.59,86.4,12,61.27,53.13,8.13
2026-02-05T01:30:00Z,2026-02-05 01:30,2026-02-05 01:45,QH,31.02,40.52,30.34,33.66,150.2,21,30.84,58.23,-27.2
2026-02-05T01:45:00Z,2026-02-05 01:45,2026-02-05 02:00,QH,57.38,63.46,53.36,61.22,50.2,15,60.45,55.45,1.93
2026-02-05T02:00:00Z,2026-02-05 02:00,2026-02-05 02:15,QH,33.32,34.98,26.6,30.9,99.4,22,31.77,61.5,-28.18
2026-02-05T02:15:00Z,2026-02-05 02:15,2026-02-05 02:30,QH,52.13,59.15,48.26,62.3,86.2,12,54.21,57.04,-4.91
2026-02-05T02:30:00Z,2026-02-05 02:30,2026-02-05 02:45,QH,54.49,55.4,49.34,54.34,152.5,41,54.16,62.71,-8.22
2026-02-05T02:45:00Z,2026-02-05 02:45,2026-02-05 03:00,QH,59.09,63.45,57.6,61.36,109.2,17,56.67,52.7,6.39
2026-02-05T03:00:00Z,2026-02-05 03:00,2026-02-05 03:15,QH,63.17,66.65,58.13,58.86,97.1,29,66.35,47.1,16.07
2026-02-05T03:15:00Z,2026-02-05 03:15,2026-02-05 03:30,QH,62.81,63.89,56.1,65.03,107.1,25,66.09,66.9,-4.1
2026-02-05T03:30:00Z,2026-02-05 03:30,2026-02-05 03:45,QH,67.57,67.78,64.23,65.01,86.1,17,66.14,58.29,9.28
2026-02-05T03:45:00Z,2026-02-05 03:45,2026-02-05 04:00,QH,17.15,23.06,12.94,14.69,78.8,9,15.26,48.37,-31.21
2026-02-05T04:00:00Z,2026-02-05 04:00,2026-02-05 04:15,QH,30.28,31.53,27.37,28.12,67.4,15,28.91,59.55,-29.26
2026-02-05T04:15:00Z,2026-02-05 04:15,2026-02-05 04:30,QH,35.2,39.41,33.48,39.3,92.8,13,32.11,57.67,-22.47
2026-02-05T04:30:00Z,2026-02-05 04:30,2026-02-05 04:45,QH,81.2,86.52,79.38,81.96,63.4,15,80.84,60.9,20.3
2026-02-05T04:45:00Z,2026-02-05 04:45,2026-02-05 05:00,QH,50.3,52.94,49.37,49.86,68.1,12,51.76,40.58,9.72
2026-02-05T05:00:00Z,2026-02-05 05:00,2026-02-05 05:15,QH,57.8,59.06,53.55,57.39,78.6,19,55.02,54.75,3.05
2026-02-05T05:15:00Z,2026-02-05 05:15,2026-02-05 05:30,QH,68.95,71.1,67.35,66.26,60.8,11,69.34,56.64,12.31
2026-02-05T05:30:00Z,2026-02-05 05:30,2026-02-05 05:45,QH,31.88,32.39,27.81,31.45,109.3,16,29.79,57.32,-25.44
2026-02-05T05:45:00Z,2026-02-05 05:45,2026-02-05 06:00,QH,57.18,60.57,50.09,55.91,46.6,5,56.43,59.93,-2.75
2026-02-05T06:00:00Z,2026-02-05 06:00,2026-02-05 06:15,QH,56.49,57.24,48.53,51.9,80.0,38,55.13,61.62,-5.12
2026-02-05T06:15:00Z,2026-02-05 06:15,2026-02-05 06:30,QH,42.71,44.23,34.98,43.19,10.8,3,44.14,54.53,-11.82
2026-02-05T06:30:00Z,2026-02-05 06:30,2026-02-05 06:45,QH,62.99,75.15,53.11,62.49,94.3,14,65.19,65.24,-2.25
2026-02-05T06:45:00Z,2026-02-05 06:45,2026-02-05 07:00,QH,50.72,53.13,49.44,50.14,96.3,13,51.47,54.5,-3.78
2026-02-05T07:00:00Z,2026-02-05 07:00,2026-02-05 07:15,QH,77.86,79.83,75.94,78.25,122.0,18,77.98,89.48,-11.62
2026-02-05T07:15:00Z,2026-02-05 07:15,2026-02-05 07:30,QH,81.01,94.67,79.41,74.89,74.1,18,81.22,91.0,-9.99
2026-02-05T07:30:00Z,2026-02-05 07:30,2026-02-05 07:45,QH,80.98,82.52,80.45,82.52,132.2,26,79.58,91.04,-10.06
2026-02-05T07:45:00Z,2026-02-05 07:45,2026-02-05 08:00,QH,81.3,83.1,78.89,80.67,100.8,15,82.56,90.89,-9.59
2026-02-05T08:00:00Z,2026-02-05 08:00,2026-02-05 08:15,QH,81.95,86.9,79.1,82.61,51.6,11,80.56,95.96,-14.01
2026-02-05T08:15:00Z,2026-02-05 08:15,2026-02-05 08:30,QH,103.08,107.48,101.4,98.65,114.6,23,104.34,94.78,8.3
2026-02-05T08:30:00Z,2026-02-05 08:30,2026-02-05 08:45,QH,102.12,104.51,99.68,102.19,34.3,10,103.88,90.44,11.68
2026-02-05T08:45:00Z,2026-02-05 08:45,2026-02-05 09:00,QH,93.16,94.91,90.66,94.72,66.1,9,93.13,100.84,-7.68
2026-02-05T09:00:00Z,2026-02-05 09:00,2026-02-05 09:15,QH,80.81,88.33,79.84,80.17,40.0,11,79.93,99.35,-18.54
2026-02-05T09:15:00Z,2026-02-05 09:15,2026-02-05 09:30,QH,91.73,93.41,89.52,90.2,119.3,17,90.67,90.88,0.85
2026-02-05T09:30:00Z,2026-02-05 09:30,2026-02-05 09:45,QH,92.36,97.56,86.98,94.83,113.4,32,92.97,87.69,4.67
2026-02-05T09:45:00Z,2026-02-05 09:45,2026-02-05 10:00,QH,103.31,117.96,95.52,100.15,43.1,10,101.11,104.08,-0.77
2026-02-05T10:00:00Z,2026-02-05 10:00,2026-02-05 10:15,QH,100.44,105.17,92.58,103.25,100.0,24,100.78,96.7,3.74
2026-02-05T10:15:00Z,2026-02-05 10:15,2026-02-05 10:30,QH,86.51,88.89,83.49,87.34,101.0,33,85.81,99.31,-12.79
2026-02-05T10:30:00Z,2026-02-05 10:30,2026-02-05 10:45,QH,176.4,180.98,168.64,176.99,119.0,19,178.09,106.59,69.81
2026-02-05T10:45:00Z,2026-02-05 10:45,2026-02-05 11:00,QH,94.93,103.21,82.37,95.0,111.6,25,93.18,92.26,2.67
2026-02-05T11:00:00Z,2026-02-05 11:00,2026-02-05 11:15,QH,106.48,109.12,101.0,102.87,72.5,21,107.26,102.43,4.05
2026-02-05T11:15:00Z,2026-02-05 11:15,2026-02-05 11:30,QH,116.09,121.36,116.07,117.16,94.3,16,117.64,101.73,14.35
2026-02-05T11:30:00Z,2026-02-05 11:30,2026-02-05 11:45,QH,118.87,120.31,114.11,115.69,149.6,26,118.03,97.58,21.29
2026-02-05T11:45:00Z,2026-02-05 11:45,2026-02-05 12:00,QH,102.34,104.06,96.18,101.85,86.2,13,101.27,93.85,8.49
2026-02-05T12:00:00Z,2026-02-05 12:00,2026-02-05 12:15,QH,93.9,94.02,89.83,98.02,54.3,6,92.94,101.56,-7.66
2026-02-05T12:15:00Z,2026-02-05 12:15,2026-02-05 12:30,QH,108.78,110.37,104.6,109.6,111.6,26,107.27,96.93,11.86
2026-02-05T12:30:00Z,2026-02-05 12:30,2026-02-05 12:45,QH,106.22,109.38,99.14,103.78,80.6,12,110.26,93.06,13.17
2026-02-05T12:45:00Z,2026-02-05 12:45,2026-02-05 13:00,QH,97.36,100.31,91.32,92.4,55.2,8,96.3,98.79,-1.43
2026-02-05T13:00:00Z,2026-02-05 13:00,2026-02-05 13:15,QH,220.4,221.42,220.06,219.74,46.1,16,218.29,106.62,113.78
2026-02-05T13:15:00Z,2026-02-05 13:15,2026-02-05 13:30,QH,96.94,100.38,94.79,99.31,55.8,7,97.79,93.07,3.87
2026-02-05T13:30:00Z,2026-02-05 13:30,2026-02-05 13:45,QH,113.97,116.54,110.92,111.02,83.9,41,113.35,97.55,16.42
2026-02-05T13:45:00Z,2026-02-05 13:45,2026-02-05 14:00,QH,102.87,116.47,98.53,99.45,74.4,15,101.42,104.77,-1.9
2026-02-05T14:00:00Z,2026-02-05 14:00,2026-02-05 14:15,QH,99.96,103.77,91.88,99.08,57.1,15,98.8,97.92,2.04
2026-02-05T14:15:00Z,2026-02-05 14:15,2026-02-05 14:30,QH,100.57,102.85,95.5,105.88,40.1,7,98.67,104.74,-4.17
2026-02-05T14:30:00Z,2026-02-05 14:30,2026-02-05 14:45,QH,105.9,106.6,98.91,106.04,79.7,10,106.18,105.02,0.89
2026-02-05T14:45:00Z,2026-02-05 14:45,2026-02-05 15:00,QH,108.41,114.52,98.1,106.27,149.1,37,107.81,93.06,15.35
2026-02-05T15:00:00Z,2026-02-05 15:00,2026-02-05 15:15,QH,102.06,103.95,100.15,105.25,78.6,18,100.58,101.07,0.99
2026-02-05T15:15:00Z,2026-02-05 15:15,2026-02-05 15:30,QH,83.15,89.24,77.19,85.16,93.3,27,83.23,103.05,-19.91
2026-02-05T15:30:00Z,2026-02-05 15:30,2026-02-05 15:45,QH,96.65,100.82,96.21,100.76,107.0,21,97.24,100.17,-3.52
2026-02-05T15:45:00Z,2026-02-05 15:45,2026-02-05 16:00,QH,101.68,105.17,94.93,101.25,90.1,11,100.06,104.39,-2.71
2026-02-05T16:00:00Z,2026-02-05 16:00,2026-02-05 16:15,QH,114.69,117.15,106.96,118.98,48.8,6,113.27,95.56,19.13
2026-02-05T16:15:00Z,2026-02-05 16:15,2026-02-05 16:30,QH,97.45,102.6,95.59,97.7,45.5,12,96.39,93.54,3.91
2026-02-05T16:30:00Z,2026-02-05 16:30,2026-02-05 16:45,QH,87.02,88.36,85.12,83.89,50.6,7,89.76,89.44,-2.42
2026-02-05T16:45:00Z,2026-02-05 16:45,2026-02-05 17:00,QH,123.17,127.12,119.89,122.12,128.6,27,123.55,93.82,29.35
2026-02-05T17:00:00Z,2026-02-05 17:00,2026-02-05 17:15,QH,97.51,108.45,96.51,97.57,79.6,17,95.65,83.22,14.29
2026-02-05T17:15:00Z,2026-02-05 17:15,2026-02-05 17:30,QH,88.24,90.06,87.89,90.74,84.1,13,86.07,95.99,-7.75
2026-02-05T17:30:00Z,2026-02-05 17:30,2026-02-05 17:45,QH,89.35,97.29,88.51,88.23,76.3,13,86.71,89.75,-0.4
2026-02-05T17:45:00Z,2026-02-05 17:45,2026-02-05 18:00,QH,93.01,93.39,88.33,93.94,93.5,17,93.27,97.45,-4.44
2026-02-05T18:00:00Z,2026-02-05 18:00,2026-02-05 18:15,QH,86.11,95.2,86.11,85.72,92.5,22,85.88,89.54,-3.43
2026-02-05T18:15:00Z,2026-02-05 18:15,2026-02-05 18:30,QH,84.17,85.75,83.39,87.02,104.6,31,84.48,94.79,-10.61
2026-02-05T18:30:00Z,2026-02-05 18:30,2026-02-05 18:45,QH,104.69,109.23,103.01,107.85,84.3,17,104.82,88.92,15.77
2026-02-05T18:45:00Z,2026-02-05 18:45,2026-02-05 19:00,QH,109.0,114.45,108.35,108.42,74.9,10,109.4,92.15,16.86
2026-02-05T19:00:00Z,2026-02-05 19:00,2026-02-05 19:15,QH,80.94,80.99,77.13,81.91,85.2,11,81.84,75.98,4.96
2026-02-05T19:15:00Z,2026-02-05 19:15,2026-02-05 19:30,QH,117.16,121.06,115.78,116.53,90.3,23,117.37,93.06,24.1
2026-02-05T19:30:00Z,2026-02-05 19:30,2026-02-05 19:45,QH,88.77,94.29,85.77,91.95,87.7,19,88.4,90.19,-1.42
2026-02-05T19:45:00Z,2026-02-05 19:45,2026-02-05 20:00,QH,81.93,86.45,73.94,77.73,35.5,8,83.21,83.37,-1.44
2026-02-05T20:00:00Z,2026-02-05 20:00,2026-02-05 20:15,QH,55.42,58.76,47.39,57.16,99.8,12,58.63,51.51,3.91
2026-02-05T20:15:00Z,2026-02-05 20:15,2026-02-05 20:30,QH,35.64,36.57,35.49,34.98,64.1,9,36.24,60.23,-24.6
2026-02-05T20:30:00Z,2026-02-05 20:30,2026-02-05 20:45,QH,67.91,71.03,64.77,74.82,51.4,6,68.94,45.79,22.12
2026-02-05T20:45:00Z,2026-02-05 20:45,2026-02-05 21:00,QH,75.69,77.02,67.81,75.49,60.7,12,78.22,49.0,26.7
2026-02-05T21:00:00Z,2026-02-05 21:00,2026-02-05 21:15,QH,51.36,51.47,41.93,50.03,44.5,7,48.8,51.65,-0.29
2026-02-05T21:15:00Z,2026-02-05 21:15,2026-02-05 21:30,QH,55.0,64.24,43.35,56.17,112.7,16,53.3,68.06,-13.06
2026-02-05T21:30:00Z,2026-02-05 21:30,2026-02-05 21:45,QH,39.14,42.23,34.12,44.17,44.9,8,35.36,59.82,-20.69
2026-02-05T21:45:00Z,2026-02-05 21:45,2026-02-05 22:00,QH,175.26,176.09,174.34,180.14,85.0,25,173.59,57.27,117.99
2026-02-05T22:00:00Z,2026-02-05 22:00,2026-02-05 22:15,QH,47.07,48.35,40.59,43.11,101.2,40,47.9,46.6,0.47
2026-02-05T22:15:00Z,2026-02-05 22:15,2026-02-05 22:30,QH,52.74,58.96,42.04,54.97,94.3,21,49.86,58.1,-5.37
2026-02-05T22:30:00Z,2026-02-05 22:30,2026-02-05 22:45,QH,60.13,64.16,59.79,53.88,65.0,16,60.3,56.91,3.22
2026-02-05T22:45:00Z,2026-02-05 22:45,2026-02-05 23:00,QH,56.73,61.52,54.47,59.04,96.4,16,58.88,57.41,-0.69
2026-02-05T23:00:00Z,2026-02-05 23:00,2026-02-05 23:15,QH,60.49,60.8,53.2,61.08,86.4,12,58.56,49.9,10.58
2026-02-05T23:15:00Z,2026-02-05 23:15,2026-02-05 23:30,QH,58.34,59.31,58.0,61.81,123.7,35,57.28,60.53,-2.19
2026-02-05T23:30:00Z,2026-02-05 23:30,2026-02-05 23:45,QH,56.86,57.52,50.83,54.32,81.8,21,58.88,59.02,-2.15
2026-02-05T23:45:00Z,2026-02-05 23:45,2026-02-06 00:00,QH,57.27,68.86,56.59,55.98,51.9,11,59.11,58.92,-1.66
2026-02-06T00:00:00Z,2026-02-06 00:00,2026-02-06 00:15,QH,74.38,79.66,74.31,70.99,82.5,13,74.02,65.26,9.12
2026-02-06T00:15:00Z,2026-02-06 00:15,2026-02-06 00:30,QH,71.25,76.07,68.12,70.22,104.1,28,75.04,51.37,19.88
2026-02-06T00:30:00Z,2026-02-06 00:30,2026-02-06 00:45,QH,44.24,51.29,38.3,42.56,53.7,10,42.81,55.97,-11.73
2026-02-06T00:45:00Z,2026-02-06 00:45,2026-02-06 01:00,QH,44.53,53.02,44.07,45.92,111.1,20,46.55,55.3,-10.77
2026-02-06T01:00:00Z,2026-02-06 01:00,2026-02-06 01:15,QH,54.52,55.05,47.86,62.16,142.3,44,56.68,65.14,-10.62
2026-02-06T01:15:00Z,2026-02-06 01:15,2026-02-06 01:30,QH,64.15,66.05,60.56,57.4,127.3,34,63.45,53.33,10.82
2026-02-06T01:30:00Z,2026-02-06 01:30,2026-02-06 01:45,QH,53.48,61.86,52.84,53.0,84.5,10,50.33,42.59,10.88
2026-02-06T01:45:00Z,2026-02-06 01:45,2026-02-06 02:00,QH,45.54,47.2,43.5,46.15,56.8,11,48.05,57.09,-11.55
2026-02-06T02:00:00Z,2026-02-06 02:00,2026-02-06 02:15,QH,69.72,76.5,67.08,66.93,84.3,21,68.98,61.62,8.09
2026-02-06T02:15:00Z,2026-02-06 02:15,2026-02-06 02:30,QH,81.72,84.83,79.17,81.51,86.9,12,80.96,53.22,28.5
2026-02-06T02:30:00Z,2026-02-06 02:30,2026-02-06 02:45,QH,58.63,61.72,56.68,64.22,92.1,13,56.81,59.27,-0.63
2026-02-06T02:45:00Z,2026-02-06 02:45,2026-02-06 03:00,QH,74.53,79.53,65.4,75.95,40.4,10,72.96,57.9,16.63
2026-02-06T03:00:00Z,2026-02-06 03:00,2026-02-06 03:15,QH,55.92,58.49,54.24,56.83,41.0,10,56.85,63.31,-7.38
2026-02-06T03:15:00Z,2026-02-06 03:15,2026-02-06 03:30,QH,60.16,61.15,59.53,63.67,177.7,35,58.32,55.0,5.16
2026-02-06T03:30:00Z,2026-02-06 03:30,2026-02-06 03:45,QH,53.67,55.35,50.88,55.44,92.3,31,53.4,57.87,-4.2
2026-02-06T03:45:00Z,2026-02-06 03:45,2026-02-06 04:00,QH,49.55,57.91,41.54,49.81,94.5,20,45.99,56.31,-6.76
2026-02-06T04:00:00Z,2026-02-06 04:00,2026-02-06 04:15,QH,55.52,57.99,54.43,54.38,73.1,11,58.26,62.99,-7.47
2026-02-06T04:15:00Z,2026-02-06 04:15,2026-02-06 04:30,QH,72.27,74.69,71.07,72.25,118.2,19,70.46,58.29,13.98
2026-02-06T04:30:00Z,2026-02-06 04:30,2026-02-06 04:45,QH,50.92,53.86,50.57,49.24,48.7,24,51.73,55.18,-4.26
2026-02-06T04:45:00Z,2026-02-06 04:45,2026-02-06 05:00,QH,75.74,84.93,72.96,73.32,51.6,7,76.42,59.8,15.94
2026-02-06T05:00:00Z,2026-02-06 05:00,2026-02-06 05:15,QH,49.24,54.67,42.78,43.53,93.6,24,52.28,62.34,-13.1
2026-02-06T05:15:00Z,2026-02-06 05:15,2026-02-06 05:30,QH,70.05,77.03,63.37,71.4,71.8,10,68.42,56.21,13.84
2026-02-06T05:30:00Z,2026-02-06 05:30,2026-02-06 05:45,QH,49.18,51.67,47.24,53.74,81.0,21,48.77,58.49,-9.31
2026-02-06T05:45:00Z,2026-02-06 05:45,2026-02-06 06:00,QH,55.09,56.15,49.92,53.21,81.8,10,56.96,58.06,-2.97
2026-02-06T06:00:00Z,2026-02-06 06:00,2026-02-06 06:15,QH,40.46,41.28,38.44,39.79,96.2,25,38.38,57.65,-17.19
2026-02-06T06:15:00Z,2026-02-06 06:15,2026-02-06 06:30,QH,89.16,90.38,86.97,86.94,50.2,7,89.55,53.12,36.04
2026-02-06T06:30:00Z,2026-02-06 06:30,2026-02-06 06:45,QH,65.05,69.29,59.78,62.82,46.3,7,68.51,49.77,15.28
2026-02-06T06:45:00Z,2026-02-06 06:45,2026-02-06 07:00,QH,57.31,61.54,54.84,56.41,30.5,5,57.55,58.45,-1.14
2026-02-06T07:00:00Z,2026-02-06 07:00,2026-02-06 07:15,QH,98.86,99.14,93.15,97.43,117.9,17,100.25,98.16,0.7
2026-02-06T07:15:00Z,2026-02-06 07:15,2026-02-06 07:30,QH,93.95,95.19,90.57,93.66,92.5,19,93.11,92.04,1.91
2026-02-06T07:30:00Z,2026-02-06 07:30,2026-02-06 07:45,QH,104.75,113.14,96.08,96.56,75.2,11,103.04,91.39,13.36
2026-02-06T07:45:00Z,2026-02-06 07:45,2026-02-06 08:00,QH,94.79,99.07,91.66,91.94,111.7,17,94.9,88.92,5.87
2026-02-06T08:00:00Z,2026-02-06 08:00,2026-02-06 08:15,QH,94.63,97.21,89.63,90.97,90.4,24,93.84,88.03,6.6
2026-02-06T08:15:00Z,2026-02-06 08:15,2026-02-06 08:30,QH,79.85,82.24,79.36,83.08,73.5,13,78.27,91.3,-11.44
2026-02-06T08:30:00Z,2026-02-06 08:30,2026-02-06 08:45,QH,111.1,115.42,107.59,106.82,95.5,27,111.4,89.1,22.0
2026-02-06T08:45:00Z,2026-02-06 08:45,2026-02-06 09:00,QH,82.37,83.34,80.62,85.78,72.9,21,83.96,95.17,-12.8
2026-02-06T09:00:00Z,2026-02-06 09:00,2026-02-06 09:15,QH,102.85,106.71,102.01,103.84,102.0,21,102.17,98.4,4.44
2026-02-06T09:15:00Z,2026-02-06 09:15,2026-02-06 09:30,QH,76.86,80.14,66.8,75.88,43.2,7,77.73,95.93,-19.07
2026-02-06T09:30:00Z,2026-02-06 09:30,2026-02-06 09:45,QH,101.57,102.06,94.56,94.8,119.2,54,103.43,90.76,10.82
2026-02-06T09:45:00Z,2026-02-06 09:45,2026-02-06 10:00,QH,108.48,109.22,105.46,108.34,47.9,6,106.7,95.85,12.63
2026-02-06T10:00:00Z,2026-02-06 10:00,2026-02-06 10:15,QH,80.25,82.68,78.54,77.95,79.5,19,81.49,87.92,-7.67
2026-02-06T10:15:00Z,2026-02-06 10:15,2026-02-06 10:30,QH,90.79,96.45,89.59,90.1,50.9,8,91.38,93.31,-2.52
2026-02-06T10:30:00Z,2026-02-06 10:30,2026-02-06 10:45,QH,87.21,90.85,86.76,89.51,113.5,37,85.99,96.43,-9.21
2026-02-06T10:45:00Z,2026-02-06 10:45,2026-02-06 11:00,QH,92.93,95.45,88.06,94.26,139.7,45,91.98,103.89,-10.95
2026-02-06T11:00:00Z,2026-02-06 11:00,2026-02-06 11:15,QH,81.92,92.92,81.27,81.94,72.1,18,82.61,103.3,-21.38
2026-02-06T11:15:00Z,2026-02-06 11:15,2026-02-06 11:30,QH,94.6,103.26,90.69,92.71,76.1,19,93.0,97.96,-3.36
2026-02-06T11:30:00Z,2026-02-06 11:30,2026-02-06 11:45,QH,120.51,126.05,116.12,117.68,104.8,23,120.31,100.75,19.77
2026-02-06T11:45:00Z,2026-02-06 11:45,2026-02-06 12:00,QH,115.29,116.6,114.29,116.14,79.1,13,117.02,102.5,12.79
2026-02-06T12:00:00Z,2026-02-06 12:00,2026-02-06 12:15,QH,102.24,104.26,100.71,98.29,113.6,33,99.71,107.88,-5.64
2026-02-06T12:15:00Z,2026-02-06 12:15,2026-02-06 12:30,QH,86.67,96.82,82.66,86.0,77.3,20,84.46,106.11,-19.44
2026-02-06T12:30:00Z,2026-02-06 12:30,2026-02-06 12:45,QH,98.37,102.03,96.34,94.66,107.4,44,99.26,108.96,-10.59
2026-02-06T12:45:00Z,2026-02-06 12:45,2026-02-06 13:00,QH,80.03,82.31,79.68,74.48,134.9,33,79.35,103.81,-23.78
2026-02-06T13:00:00Z,2026-02-06 13:00,2026-02-06 13:15,QH,91.51,94.14,91.25,94.24,81.2,23,89.87,107.06,-15.55
2026-02-06T13:15:00Z,2026-02-06 13:15,2026-02-06 13:30,QH,114.62,116.56,111.33,114.75,116.2,15,113.9,102.9,11.72
2026-02-06T13:30:00Z,2026-02-06 13:30,2026-02-06 13:45,QH,87.59,88.02,81.35,90.33,57.7,13,87.84,110.63,-23.04
2026-02-06T13:45:00Z,2026-02-06 13:45,2026-02-06 14:00,QH,106.86,106.86,100.78,106.32,110.2,14,109.2,97.85,9.01
2026-02-06T14:00:00Z,2026-02-06 14:00,2026-02-06 14:15,QH,122.85,126.48,114.3,116.59,96.7,18,122.43,101.97,20.89
2026-02-06T14:15:00Z,2026-02-06 14:15,2026-02-06 14:30,QH,90.94,93.98,88.71,91.29,102.3,33,87.52,109.59,-18.65
2026-02-06T14:30:00Z,2026-02-06 14:30,2026-02-06 14:45,QH,82.39,92.77,80.4,80.68,12.1,3,84.0,107.53,-25.14
2026-02-06T14:45:00Z,2026-02-06 14:45,2026-02-06 15:00,QH,90.38,98.61,88.21,87.22,88.3,39,91.31,98.11,-7.73
2026-02-06T15:00:00Z,2026-02-06 15:00,2026-02-06 15:15,QH,119.35,123.74,114.81,119.65,60.0,8,117.71,114.63,4.72
2026-02-06T15:15:00Z,2026-02-06 15:15,2026-02-06 15:30,QH,110.86,117.49,107.34,114.97,45.7,11,112.68,98.95,11.91
2026-02-06T15:30:00Z,2026-02-06 15:30,2026-02-06 15:45,QH,70.94,71.44,60.48,69.53,86.8,15,69.03,99.24,-28.3
2026-02-06T15:45:00Z,2026-02-06 15:45,2026-02-06 16:00,QH,110.88,116.48,103.66,109.8,52.6,12,107.05,93.7,17.18
2026-02-06T16:00:00Z,2026-02-06 16:00,2026-02-06 16:15,QH,102.24,103.81,99.49,96.67,100.2,18,97.82,97.28,4.96
2026-02-06T16:15:00Z,2026-02-06 16:15,2026-02-06 16:30,QH,108.27,112.34,102.45,117.89,83.0,13,105.86,99.62,8.65
2026-02-06T16:30:00Z,2026-02-06 16:30,2026-02-06 16:45,QH,74.48,75.73,74.4,72.32,138.5,63,74.03,96.32,-21.84
2026-02-06T16:45:00Z,2026-02-06 16:45,2026-02-06 17:00,QH,93.51,96.0,91.12,90.42,66.1,14,96.08,101.85,-8.34
2026-02-06T17:00:00Z,2026-02-06 17:00,2026-02-06 17:15,QH,78.23,86.07,68.29,77.93,49.8,7,74.56,98.71,-20.48
2026-02-06T17:15:00Z,2026-02-06 17:15,2026-02-06 17:30,QH,96.78,100.02,96.6,99.58,112.3,15,98.26,92.84,3.94
2026-02-06T17:30:00Z,2026-02-06 17:30,2026-02-06 17:45,QH,102.17,104.44,101.73,103.15,127.7,19,98.67,100.81,1.36
2026-02-06T17:45:00Z,2026-02-06 17:45,2026-02-06 18:00,QH,113.4,117.36,111.61,113.86,80.9,23,111.7,94.85,18.55
2026-02-06T18:00:00Z,2026-02-06 18:00,2026-02-06 18:15,QH,85.39,89.78,76.81,85.85,43.8,12,86.19,98.01,-12.62
2026-02-06T18:15:00Z,2026-02-06 18:15,2026-02-06 18:30,QH,100.58,106.38,89.7,96.32,85.5,20,99.97,98.34,2.23
2026-02-06T18:30:00Z,2026-02-06 18:30,2026-02-06 18:45,QH,107.98,110.3,100.24,102.89,138.8,17,106.77,89.98,18.01
2026-02-06T18:45:00Z,2026-02-06 18:45,2026-02-06 19:00,QH,111.25,113.86,103.35,105.63,162.9,22,109.42,99.49,11.76
2026-02-06T19:00:00Z,2026-02-06 19:00,2026-02-06 19:15,QH,100.25,114.15,95.93,101.09,116.6,32,99.23,89.0,11.25
2026-02-06T19:15:00Z,2026-02-06 19:15,2026-02-06 19:30,QH,84.3,89.15,73.09,81.86,96.1,12,83.52,90.7,-6.4
2026-02-06T19:30:00Z,2026-02-06 19:30,2026-02-06 19:45,QH,94.82,94.85,93.21,97.11,114.3,23,94.33,91.38,3.44
2026-02-06T19:45:00Z,2026-02-06 19:45,2026-02-06 20:00,QH,90.23,93.39,85.71,90.17,104.7,18,86.53,86.08,4.15
2026-02-06T20:00:00Z,2026-02-06 20:00,2026-02-06 20:15,QH,83.74,87.84,83.13,87.68,102.7,15,82.42,64.78,18.96
2026-02-06T20:15:00Z,2026-02-06 20:15,2026-02-06 20:30,QH,70.74,71.48,62.17,74.28,80.7,13,72.19,59.35,11.38
2026-02-06T20:30:00Z,2026-02-06 20:30,2026-02-06 20:45,QH,61.31,65.91,49.26,63.08,125.2,16,57.77,57.38,3.93
2026-02-06T20:45:00Z,2026-02-06 20:45,2026-02-06 21:00,QH,36.27,43.2,23.16,31.9,105.4,45,41.99,57.91,-21.64
2026-02-06T21:00:00Z,2026-02-06 21:00,2026-02-06 21:15,QH,49.11,54.57,48.2,48.34,79.8,23,49.82,63.14,-14.03
2026-02-06T21:15:00Z,2026-02-06 21:15,2026-02-06 21:30,QH,61.78,78.28,60.53,63.21,85.5,22,64.1,59.47,2.31
2026-02-06T21:30:00Z,2026-02-06 21:30,2026-02-06 21:45,QH,156.17,161.16,155.55,161.96,87.6,20,157.75,64.21,91.95
2026-02-06T21:45:00Z,2026-02-06 21:45,2026-02-06 22:00,QH,60.93,65.28,56.16,60.02,110.1,35,59.1,55.79,5.14
2026-02-06T22:00:00Z,2026-02-06 22:00,2026-02-06 22:15,QH,59.25,63.53,56.72,57.84,51.5,6,58.41,61.35,-2.1
2026-02-06T22:15:00Z,2026-02-06 22:15,2026-02-06 22:30,QH,61.23,64.09,54.94,64.47,106.4,16,62.31,54.45,6.77
2026-02-06T22:30:00Z,2026-02-06 22:30,2026-02-06 22:45,QH,64.1,65.39,55.87,62.07,53.1,11,64.28,55.75,8.35
2026-02-06T22:45:00Z,2026-02-06 22:45,2026-02-06 23:00,QH,61.06,63.42,56.31,63.04,125.8,16,62.38,62.62,-1.56
2026-02-06T23:00:00Z,2026-02-06 23:00,2026-02-06 23:15,QH,71.25,80.66,70.69,69.91,96.2,12,73.06,51.62,19.63
2026-02-06T23:15:00Z,2026-02-06 23:15,2026-02-06 23:30,QH,47.41,52.39,43.74,47.06,91.9,14,47.5,65.65,-18.24
2026-02-06T23:30:00Z,2026-02-06 23:30,2026-02-06 23:45,QH,36.92,42.95,33.13,41.18,96.5,13,35.59,57.28,-20.37
2026-02-06T23:45:00Z,2026-02-06 23:45,2026-02-07 00:00,QH,38.88,41.7,31.4,38.27,95.4,33,40.88,47.04,-8.16
2026-02-07T00:00:00Z,2026-02-07 00:00,2026-02-07 00:15,QH,42.48,43.68,35.85,37.76,105.1,24,41.89,46.15,-3.67
2026-02-07T00:15:00Z,2026-02-07 00:15,2026-02-07 00:30,QH,49.74,57.36,45.13,52.91,117.4,41,45.82,47.88,1.86
2026-02-07T00:30:00Z,2026-02-07 00:30,2026-02-07 00:45,QH,48.43,52.27,44.28,45.38,98.1,12,49.08,40.23,8.2
2026-02-07T00:45:00Z,2026-02-07 00:45,2026-02-07 01:00,QH,46.94,47.42,45.66,47.84,105.4,43,47.1,44.28,2.66
2026-02-07T01:00:00Z,2026-02-07 01:00,2026-02-07 01:15,QH,64.19,67.99,61.2,65.47,79.4,12,63.49,56.01,8.18
2026-02-07T01:15:00Z,2026-02-07 01:15,2026-02-07 01:30,QH,49.2,50.52,46.05,50.02,54.8,7,46.88,49.26,-0.07
2026-02-07T01:30:00Z,2026-02-07 01:30,2026-02-07 01:45,QH,68.47,69.9,60.89,67.63,80.0,35,69.59,45.69,22.77
2026-02-07T01:45:00Z,2026-02-07 01:45,2026-02-07 02:00,QH,41.98,42.35,32.29,36.03,74.4,13,44.54,43.99,-2.01
2026-02-07T02:00:00Z,2026-02-07 02:00,2026-02-07 02:15,QH,54.36,60.6,53.35,53.34,38.4,7,54.66,41.01,13.35
2026-02-07T02:15:00Z,2026-02-07 02:15,2026-02-07 02:30,QH,23.02,23.68,22.99,24.23,88.4,16,22.38,43.61,-20.59
2026-02-07T02:30:00Z,2026-02-07 02:30,2026-02-07 02:45,QH,57.35,60.19,56.27,57.65,63.7,23,60.03,50.33,7.03
2026-02-07T02:45:00Z,2026-02-07 02:45,2026-02-07 03:00,QH,54.71,55.88,51.96,53.38,111.4,14,56.66,44.48,10.23
2026-02-07T03:00:00Z,2026-02-07 03:00,2026-02-07 03:15,QH,47.24,49.61,35.77,49.43,70.3,31,45.73,46.57,0.67
2026-02-07T03:15:00Z,2026-02-07 03:15,2026-02-07 03:30,QH,21.91,26.48,18.06,21.2,109.6,16,24.24,40.94,-19.03
2026-02-07T03:30:00Z,2026-02-07 03:30,2026-02-07 03:45,QH,45.2,53.32,41.12,47.85,109.0,14,46.0,49.45,-4.26
2026-02-07T03:45:00Z,2026-02-07 03:45,2026-02-07 04:00,QH,60.68,67.56,55.82,60.79,72.8,10,62.52,40.58,20.1
2026-02-07T04:00:00Z,2026-02-07 04:00,2026-02-07 04:15,QH,43.08,46.36,40.26,45.58,64.0,11,43.51,46.79,-3.72
2026-02-07T04:15:00Z,2026-02-07 04:15,2026-02-07 04:30,QH,48.89,57.74,48.13,42.58,105.4,15,49.8,46.17,2.72
2026-02-07T04:30:00Z,2026-02-07 04:30,2026-02-07 04:45,QH,27.1,28.09,26.11,25.56,113.4,29,25.28,46.57,-19.47
2026-02-07T04:45:00Z,2026-02-07 04:45,2026-02-07 05:00,QH,84.92,88.51,84.07,87.05,83.5,14,84.32,50.62,34.3
2026-02-07T05:00:00Z,2026-02-07 05:00,2026-02-07 05:15,QH,30.2,41.83,25.81,29.78,119.8,17,30.72,40.93,-10.72
2026-02-07T05:15:00Z,2026-02-07 05:15,2026-02-07 05:30,QH,39.62,45.03,37.77,38.58,60.1,14,40.06,45.04,-5.42
2026-02-07T05:30:00Z,2026-02-07 05:30,2026-02-07 05:45,QH,60.08,61.08,54.01,59.31,129.2,17,61.0,36.77,23.31
2026-02-07T05:45:00Z,2026-02-07 05:45,2026-02-07 06:00,QH,50.22,51.97,43.1,52.05,89.4,22,52.23,42.04,8.18
2026-02-07T06:00:00Z,2026-02-07 06:00,2026-02-07 06:15,QH,22.67,29.67,12.22,24.31,125.7,16,21.99,39.1,-16.42
2026-02-07T06:15:00Z,2026-02-07 06:15,2026-02-07 06:30,QH,27.59,30.27,27.57,31.01,50.5,9,30.21,43.15,-15.56
2026-02-07T06:30:00Z,2026-02-07 06:30,2026-02-07 06:45,QH,67.69,74.23,66.43,65.75,90.0,34,67.79,45.85,21.83
2026-02-07T06:45:00Z,2026-02-07 06:45,2026-02-07 07:00,QH,61.84,64.8,55.56,55.8,48.6,6,59.39,50.53,11.31
2026-02-07T07:00:00Z,2026-02-07 07:00,2026-02-07 07:15,QH,76.65,82.6,74.37,74.58,127.6,28,76.03,81.45,-4.8
2026-02-07T07:15:00Z,2026-02-07 07:15,2026-02-07 07:30,QH,86.33,98.16,84.46,85.38,130.7,47,79.87,79.36,6.96
2026-02-07T07:30:00Z,2026-02-07 07:30,2026-02-07 07:45,QH,84.73,85.35,79.81,87.6,21.5,7,84.74,80.64,4.09
2026-02-07T07:45:00Z,2026-02-07 07:45,2026-02-07 08:00,QH,81.3,86.51,73.16,81.47,73.2,17,80.36,77.39,3.9
2026-02-07T08:00:00Z,2026-02-07 08:00,2026-02-07 08:15,QH,80.2,82.78,76.86,82.43,75.0,10,83.79,78.79,1.41
2026-02-07T08:15:00Z,2026-02-07 08:15,2026-02-07 08:30,QH,107.02,107.04,100.04,107.47,130.6,18,106.91,84.48,22.54
2026-02-07T08:30:00Z,2026-02-07 08:30,2026-02-07 08:45,QH,54.65,61.15,50.14,53.02,100.3,13,55.94,83.54,-28.9
2026-02-07T08:45:00Z,2026-02-07 08:45,2026-02-07 09:00,QH,119.5,133.02,110.15,121.07,87.9,12,121.23,86.28,33.22
2026-02-07T09:00:00Z,2026-02-07 09:00,2026-02-07 09:15,QH,74.89,77.43,65.9,72.59,42.1,6,77.2,83.04,-8.15
2026-02-07T09:15:00Z,2026-02-07 09:15,2026-02-07 09:30,QH,69.71,74.28,69.43,67.99,128.5,48,74.18,83.17,-13.46
2026-02-07T09:30:00Z,2026-02-07 09:30,2026-02-07 09:45,QH,90.28,93.5,88.08,91.13,140.0,31,90.99,89.69,0.59
2026-02-07T09:45:00Z,2026-02-07 09:45,2026-02-07 10:00,QH,75.16,80.06,69.94,71.85,10.0,3,76.27,83.87,-8.71
2026-02-07T10:00:00Z,2026-02-07 10:00,2026-02-07 10:15,QH,91.05,94.95,86.95,87.97,68.0,9,89.94,85.28,5.78
2026-02-07T10:15:00Z,2026-02-07 10:15,2026-02-07 10:30,QH,68.08,68.76,61.09,67.05,115.2,15,69.05,92.01,-23.93
2026-02-07T10:30:00Z,2026-02-07 10:30,2026-02-07 10:45,QH,77.46,82.25,76.27,78.31,92.4,12,82.6,84.1,-6.64
2026-02-07T10:45:00Z,2026-02-07 10:45,2026-02-07 11:00,QH,70.72,72.01,64.09,72.03,113.0,31,67.16,89.25,-18.53
2026-02-07T11:00:00Z,2026-02-07 11:00,2026-02-07 11:15,QH,108.6,112.49,104.36,104.55,96.1,17,109.6,93.15,15.45
2026-02-07T11:15:00Z,2026-02-07 11:15,2026-02-07 11:30,QH,51.17,53.58,48.2,48.74,123.6,18,52.43,91.85,-40.68
2026-02-07T11:30:00Z,2026-02-07 11:30,2026-02-07 11:45,QH,91.96,93.59,89.26,87.3,104.3,14,90.09,85.99,5.97
2026-02-07T11:45:00Z,2026-02-07 11:45,2026-02-07 12:00,QH,86.45,86.58,79.61,83.27,85.3,40,86.64,87.11,-0.66
2026-02-07T12:00:00Z,2026-02-07 12:00,2026-02-07 12:15,QH,103.4,108.4,102.64,102.79,55.6,11,105.94,87.47,15.94
2026-02-07T12:15:00Z,2026-02-07 12:15,2026-02-07 12:30,QH,98.32,100.09,97.49,99.02,52.4,11,95.88,97.05,1.27
2026-02-07T12:30:00Z,2026-02-07 12:30,2026-02-07 12:45,QH,97.42,99.78,90.74,99.09,92.2,13,98.25,95.0,2.42
2026-02-07T12:45:00Z,2026-02-07 12:45,2026-02-07 13:00,QH,90.37,93.47,84.87,88.84,136.8,30,93.8,91.36,-0.99
2026-02-07T13:00:00Z,2026-02-07 13:00,2026-02-07 13:15,QH,81.41,87.55,73.87,79.84,93.1,12,81.05,89.42,-8.01
2026-02-07T13:15:00Z,2026-02-07 13:15,2026-02-07 13:30,QH,164.48,165.85,164.39,159.58,96.9,13,161.7,89.05,75.42
2026-02-07T13:30:00Z,2026-02-07 13:30,2026-02-07 13:45,QH,96.35,97.69,88.5,94.0,117.4,48,98.73,81.02,15.33
2026-02-07T13:45:00Z,2026-02-07 13:45,2026-02-07 14:00,QH,90.02,94.73,89.12,94.65,119.0,38,89.05,79.41,10.61
2026-02-07T14:00:00Z,2026-02-07 14:00,2026-02-07 14:15,QH,64.62,72.51,64.35,65.95,73.8,10,61.45,88.19,-23.57
2026-02-07T14:15:00Z,2026-02-07 14:15,2026-02-07 14:30,QH,91.43,94.71,87.26,89.47,128.1,30,91.2,84.54,6.89
2026-02-07T14:30:00Z,2026-02-07 14:30,2026-02-07 14:45,QH,88.2,91.35,86.0,86.0,66.4,19,88.03,92.61,-4.41
2026-02-07T14:45:00Z,2026-02-07 14:45,2026-02-07 15:00,QH,182.51,192.65,169.47,179.08,65.2,20,182.91,82.88,99.63
2026-02-07T15:00:00Z,2026-02-07 15:00,2026-02-07 15:15,QH,85.11,86.64,82.55,86.03,47.4,13,85.36,82.28,2.83
2026-02-07T15:15:00Z,2026-02-07 15:15,2026-02-07 15:30,QH,72.37,79.37,68.1,72.2,95.3,14,69.38,84.07,-11.7
2026-02-07T15:30:00Z,2026-02-07 15:30,2026-02-07 15:45,QH,105.21,106.87,104.23,106.3,146.8,28,104.65,84.05,21.16
2026-02-07T15:45:00Z,2026-02-07 15:45,2026-02-07 16:00,QH,149.89,160.21,148.42,151.18,55.4,9,149.42,90.99,58.9
2026-02-07T16:00:00Z,2026-02-07 16:00,2026-02-07 16:15,QH,68.68,69.14,68.58,72.85,127.7,26,72.47,95.38,-26.71
2026-02-07T16:15:00Z,2026-02-07 16:15,2026-02-07 16:30,QH,81.83,87.21,76.99,78.88,142.4,34,84.47,96.38,-14.55
2026-02-07T16:30:00Z,2026-02-07 16:30,2026-02-07 16:45,QH,101.35,101.98,97.16,100.1,82.6,16,105.28,83.95,17.39
2026-02-07T16:45:00Z,2026-02-07 16:45,2026-02-07 17:00,QH,93.41,95.53,91.52,91.95,81.3,12,96.07,82.32,11.09
2026-02-07T17:00:00Z,2026-02-07 17:00,2026-02-07 17:15,QH,91.72,94.9,83.01,91.52,94.1,15,92.73,83.12,8.61
2026-02-07T17:15:00Z,2026-02-07 17:15,2026-02-07 17:30,QH,81.45,84.3,76.89,81.63,105.6,16,82.22,83.63,-2.18
2026-02-07T17:30:00Z,2026-02-07 17:30,2026-02-07 17:45,QH,86.81,88.95,82.45,86.86,108.9,24,84.23,89.88,-3.07
2026-02-07T17:45:00Z,2026-02-07 17:45,2026-02-07 18:00,QH,95.39,97.66,93.92,94.16,66.5,10,95.87,83.36,12.03
2026-02-07T18:00:00Z,2026-02-07 18:00,2026-02-07 18:15,QH,65.41,66.95,60.13,65.14,110.2,20,62.23,86.92,-21.51
2026-02-07T18:15:00Z,2026-02-07 18:15,2026-02-07 18:30,QH,78.8,83.63,75.72,75.52,128.9,24,77.69,70.74,8.07
2026-02-07T18:30:00Z,2026-02-07 18:30,2026-02-07 18:45,QH,60.96,63.47,51.7,61.47,93.6,29,60.66,84.17,-23.21
2026-02-07T18:45:00Z,2026-02-07 18:45,2026-02-07 19:00,QH,79.88,86.29,78.75,74.59,94.7,44,78.9,83.0,-3.12
2026-02-07T19:00:00Z,2026-02-07 19:00,2026-02-07 19:15,QH,93.45,95.37,93.33,99.33,96.8,13,94.29,77.19,16.25
2026-02-07T19:15:00Z,2026-02-07 19:15,2026-02-07 19:30,QH,98.57,100.62,96.91,96.47,81.8,17,96.7,75.73,22.84
2026-02-07T19:30:00Z,2026-02-07 19:30,2026-02-07 19:45,QH,81.06,82.09,76.71,83.68,107.7,26,81.58,83.14,-2.08
2026-02-07T19:45:00Z,2026-02-07 19:45,2026-02-07 20:00,QH,91.85,92.54,91.67,94.7,64.1,9,91.64,73.16,18.69
2026-02-07T20:00:00Z,2026-02-07 20:00,2026-02-07 20:15,QH,56.64,58.86,56.12,60.08,51.8,22,54.42,40.77,15.86
2026-02-07T20:15:00Z,2026-02-07 20:15,2026-02-07 20:30,QH,35.95,36.51,35.09,36.1,76.7,15,35.54,47.18,-11.22
2026-02-07T20:30:00Z,2026-02-07 20:30,2026-02-07 20:45,QH,24.78,29.6,20.21,21.53,75.7,19,22.91,41.86,-17.07
2026-02-07T20:45:00Z,2026-02-07 20:45,2026-02-07 21:00,QH,27.4,31.85,25.39,33.9,86.6,20,24.33,50.71,-23.31
2026-02-07T21:00:00Z,2026-02-07 21:00,2026-02-07 21:15,QH,42.54,44.73,42.15,36.96,78.3,9,40.92,46.82,-4.28
2026-02-07T21:15:00Z,2026-02-07 21:15,2026-02-07 21:30,QH,41.49,44.96,33.58,39.48,108.0,17,39.04,45.35,-3.86
2026-02-07T21:30:00Z,2026-02-07 21:30,2026-02-07 21:45,QH,48.51,54.21,48.48,50.43,75.3,24,45.99,47.92,0.59
2026-02-07T21:45:00Z,2026-02-07 21:45,2026-02-07 22:00,QH,47.59,52.7,46.72,51.34,116.8,18,47.92,40.54,7.05
2026-02-07T22:00:00Z,2026-02-07 22:00,2026-02-07 22:15,QH,56.09,61.73,51.82,55.48,135.7,29,57.53,43.41,12.69
2026-02-07T22:15:00Z,2026-02-07 22:15,2026-02-07 22:30,QH,40.82,41.74,34.01,38.94,76.3,10,40.21,42.87,-2.05
2026-02-07T22:30:00Z,2026-02-07 22:30,2026-02-07 22:45,QH,130.38,134.13,125.51,126.64,111.6,18,133.21,46.49,83.89
2026-02-07T22:45:00Z,2026-02-07 22:45,2026-02-07 23:00,QH,29.78,31.06,28.67,31.72,136.2,33,31.17,46.41,-16.63
2026-02-07T23:00:00Z,2026-02-07 23:00,2026-02-07 23:15,QH,40.8,45.46,32.72,44.69,89.2,11,38.99,36.21,4.59
2026-02-07T23:15:00Z,2026-02-07 23:15,2026-02-07 23:30,QH,140.56,142.48,140.33,139.53,24.5,3,141.42,37.68,102.88
2026-02-07T23:30:00Z,2026-02-07 23:30,2026-02-07 23:45,QH,51.29,58.9,49.26,52.65,59.3,27,51.54,47.44,3.85
2026-02-07T23:45:00Z,2026-02-07 23:45,2026-02-08 00:00,QH,60.33,67.07,55.84,60.23,62.8,19,57.15,45.35,14.98
2026-02-08T00:00:00Z,2026-02-08 00:00,2026-02-08 00:15,QH,22.37,26.04,16.91,22.88,143.0,18,22.87,21.86,0.52
2026-02-08T00:15:00Z,2026-02-08 00:15,2026-02-08 00:30,QH,23.73,28.24,23.47,24.53,112.5,20,21.53,35.63,-11.9
2026-02-08T00:30:00Z,2026-02-08 00:30,2026-02-08 00:45,QH,11.77,12.85,6.22,9.4,130.2,44,13.25,29.79,-18.03
2026-02-08T00:45:00Z,2026-02-08 00:45,2026-02-08 01:00,QH,28.02,31.55,24.58,28.35,128.1,18,24.4,27.6,0.43
2026-02-08T01:00:00Z,2026-02-08 01:00,2026-02-08 01:15,QH,24.58,29.4,22.43,26.36,95.0,35,23.67,21.79,2.79
2026-02-08T01:15:00Z,2026-02-08 01:15,2026-02-08 01:30,QH,7.54,19.87,7.02,6.71,55.0,13,7.72,26.75,-19.21
2026-02-08T01:30:00Z,2026-02-08 01:30,2026-02-08 01:45,QH,34.32,35.1,27.72,29.57,92.7,18,35.69,29.74,4.59
2026-02-08T01:45:00Z,2026-02-08 01:45,2026-02-08 02:00,QH,38.93,44.42,38.87,32.48,120.9,26,36.56,35.95,2.98
2026-02-08T02:00:00Z,2026-02-08 02:00,2026-02-08 02:15,QH,45.17,49.27,42.13,44.45,97.4,22,45.02,23.82,21.34
2026-02-08T02:15:00Z,2026-02-08 02:15,2026-02-08 02:30,QH,39.83,41.96,39.56,36.71,98.2,15,35.81,32.67,7.16
2026-02-08T02:30:00Z,2026-02-08 02:30,2026-02-08 02:45,QH,25.27,26.39,21.46,25.03,73.8,16,28.92,31.24,-5.97
2026-02-08T02:45:00Z,2026-02-08 02:45,2026-02-08 03:00,QH,28.66,28.66,23.95,25.16,63.2,11,29.82,36.15,-7.49
2026-02-08T03:00:00Z,2026-02-08 03:00,2026-02-08 03:15,QH,54.19,55.0,48.49,58.03,75.0,17,54.64,22.47,31.72
2026-02-08T03:15:00Z,2026-02-08 03:15,2026-02-08 03:30,QH,8.16,23.99,1.59,3.57,28.3,4,6.91,25.75,-17.6
2026-02-08T03:30:00Z,2026-02-08 03:30,2026-02-08 03:45,QH,28.21,30.82,27.51,27.85,74.5,14,28.64,29.33,-1.12
2026-02-08T03:45:00Z,2026-02-08 03:45,2026-02-08 04:00,QH,33.67,33.9,31.36,31.93,140.6,33,32.48,31.63,2.04
2026-02-08T04:00:00Z,2026-02-08 04:00,2026-02-08 04:15,QH,33.32,35.73,27.86,27.19,123.1,18,33.49,30.81,2.51
2026-02-08T04:15:00Z,2026-02-08 04:15,2026-02-08 04:30,QH,48.43,56.68,38.54,46.94,153.6,48,47.05,30.42,18.01
2026-02-08T04:30:00Z,2026-02-08 04:30,2026-02-08 04:45,QH,23.72,24.24,19.71,22.53,95.4,16,24.76,22.35,1.37
2026-02-08T04:45:00Z,2026-02-08 04:45,2026-02-08 05:00,QH,21.03,27.16,11.08,20.53,114.0,19,22.37,31.1,-10.07
2026-02-08T05:00:00Z,2026-02-08 05:00,2026-02-08 05:15,QH,29.37,30.54,26.08,27.89,80.7,10,33.87,29.2,0.17
2026-02-08T05:15:00Z,2026-02-08 05:15,2026-02-08 05:30,QH,31.07,35.93,21.26,31.27,55.0,11,31.97,33.48,-2.41
2026-02-08T05:30:00Z,2026-02-08 05:30,2026-02-08 05:45,QH,31.01,31.52,27.15,29.85,87.2,14,33.1,31.54,-0.54
2026-02-08T05:45:00Z,2026-02-08 05:45,2026-02-08 06:00,QH,28.28,30.71,26.39,31.59,114.3,56,24.33,21.66,6.62
2026-02-08T06:00:00Z,2026-02-08 06:00,2026-02-08 06:15,QH,38.76,47.32,30.53,40.85,67.8,32,40.7,21.06,17.7
2026-02-08T06:15:00Z,2026-02-08 06:15,2026-02-08 06:30,QH,25.22,33.41,24.69,21.09,62.4,20,27.32,21.9,3.32
2026-02-08T06:30:00Z,2026-02-08 06:30,2026-02-08 06:45,QH,37.65,38.44,35.75,36.82,51.8,11,38.0,23.57,14.08
2026-02-08T06:45:00Z,2026-02-08 06:45,2026-02-08 07:00,QH,47.72,56.27,45.97,43.15,76.7,10,47.82,28.74,18.99
2026-02-08T07:00:00Z,2026-02-08 07:00,2026-02-08 07:15,QH,53.29,55.02,42.01,50.71,63.5,10,52.88,59.07,-5.78
2026-02-08T07:15:00Z,2026-02-08 07:15,2026-02-08 07:30,QH,80.1,82.38,78.39,81.75,88.6,16,79.0,62.17,17.94
2026-02-08T07:30:00Z,2026-02-08 07:30,2026-02-08 07:45,QH,54.64,54.72,53.65,53.67,129.8,58,53.01,58.89,-4.26
2026-02-08T07:45:00Z,2026-02-08 07:45,2026-02-08 08:00,QH,67.6,72.17,63.13,67.34,80.8,11,69.69,62.18,5.42
2026-02-08T08:00:00Z,2026-02-08 08:00,2026-02-08 08:15,QH,69.22,71.79,66.18,67.67,114.1,14,67.89,61.46,7.77
2026-02-08T08:15:00Z,2026-02-08 08:15,2026-02-08 08:30,QH,77.85,83.46,66.13,77.23,57.8,8,76.55,67.9,9.95
2026-02-08T08:30:00Z,2026-02-08 08:30,2026-02-08 08:45,QH,72.91,81.3,59.19,78.77,109.0,21,68.32,68.27,4.65
2026-02-08T08:45:00Z,2026-02-08 08:45,2026-02-08 09:00,QH,44.26,46.25,34.47,46.61,71.2,15,43.29,64.08,-19.82
2026-02-08T09:00:00Z,2026-02-08 09:00,2026-02-08 09:15,QH,70.13,71.62,69.11,74.14,35.1,6,70.07,75.75,-5.63
2026-02-08T09:15:00Z,2026-02-08 09:15,2026-02-08 09:30,QH,81.08,88.28,76.3,81.09,69.6,12,82.41,63.37,17.71
2026-02-08T09:30:00Z,2026-02-08 09:30,2026-02-08 09:45,QH,65.55,65.58,57.76,64.28,122.2,27,64.79,73.99,-8.44
2026-02-08T09:45:00Z,2026-02-08 09:45,2026-02-08 10:00,QH,122.49,124.42,118.29,119.41,76.4,11,125.05,70.65,51.84
2026-02-08T10:00:00Z,2026-02-08 10:00,2026-02-08 10:15,QH,62.51,63.89,55.82,62.07,107.7,42,62.17,71.94,-9.43
2026-02-08T10:15:00Z,2026-02-08 10:15,2026-02-08 10:30,QH,182.95,185.66,181.22,182.44,42.3,14,184.71,71.39,111.56
2026-02-08T10:30:00Z,2026-02-08 10:30,2026-02-08 10:45,QH,90.02,95.03,89.46,89.45,91.6,12,90.74,68.18,21.84
2026-02-08T10:45:00Z,2026-02-08 10:45,2026-02-08 11:00,QH,55.52,55.81,48.18,57.98,11.7,3,56.22,62.4,-6.87
2026-02-08T11:00:00Z,2026-02-08 11:00,2026-02-08 11:15,QH,71.44,72.84,59.88,71.83,104.0,30,67.8,75.5,-4.06
2026-02-08T11:15:00Z,2026-02-08 11:15,2026-02-08 11:30,QH,86.53,92.88,85.37,83.42,87.7,22,85.38,73.74,12.79
2026-02-08T11:30:00Z,2026-02-08 11:30,2026-02-08 11:45,QH,46.85,49.68,43.3,42.31,127.5,24,45.34,78.66,-31.82
2026-02-08T11:45:00Z,2026-02-08 11:45,2026-02-08 12:00,QH,80.24,85.32,68.13,82.63,103.5,29,82.59,67.31,12.93
2026-02-08T12:00:00Z,2026-02-08 12:00,2026-02-08 12:15,QH,77.34,82.7,75.88,73.96,152.2,35,76.18,71.61,5.73
2026-02-08T12:15:00Z,2026-02-08 12:15,2026-02-08 12:30,QH,59.57,61.02,52.39,60.74,78.3,18,60.87,74.76,-15.19
2026-02-08T12:30:00Z,2026-02-08 12:30,2026-02-08 12:45,QH,83.16,90.42,81.14,86.46,19.4,4,80.2,66.96,16.2
2026-02-08T12:45:00Z,2026-02-08 12:45,2026-02-08 13:00,QH,53.55,55.37,53.52,50.87,64.2,10,50.14,82.6,-29.05
2026-02-08T13:00:00Z,2026-02-08 13:00,2026-02-08 13:15,QH,57.4,59.51,57.33,62.83,107.5,14,57.25,72.51,-15.11
2026-02-08T13:15:00Z,2026-02-08 13:15,2026-02-08 13:30,QH,66.53,66.84,66.43,69.39,99.5,26,64.83,60.29,6.24
2026-02-08T13:30:00Z,2026-02-08 13:30,2026-02-08 13:45,QH,68.18,70.71,65.79,68.62,37.5,11,69.21,72.18,-4.01
2026-02-08T13:45:00Z,2026-02-08 13:45,2026-02-08 14:00,QH,86.13,95.38,75.33,87.52,109.5,34,86.51,68.03,18.09
2026-02-08T14:00:00Z,2026-02-08 14:00,2026-02-08 14:15,QH,65.4,74.26,64.13,63.79,63.9,8,66.9,72.57,-7.17
2026-02-08T14:15:00Z,2026-02-08 14:15,2026-02-08 14:30,QH,60.21,69.5,58.33,52.01,89.9,26,60.35,79.5,-19.29
2026-02-08T14:30:00Z,2026-02-08 14:30,2026-02-08 14:45,QH,61.32,70.9,57.89,59.76,58.6,19,62.92,72.85,-11.53
2026-02-08T14:45:00Z,2026-02-08 14:45,2026-02-08 15:00,QH,69.12,77.85,67.18,70.71,82.0,13,71.77,64.79,4.33
2026-02-08T15:00:00Z,2026-02-08 15:00,2026-02-08 15:15,QH,56.39,61.28,52.38,52.24,121.4,46,57.04,77.74,-21.35
2026-02-08T15:15:00Z,2026-02-08 15:15,2026-02-08 15:30,QH,58.96,64.56,54.85,60.4,25.4,7,57.69,70.72,-11.76
2026-02-08T15:30:00Z,2026-02-08 15:30,2026-02-08 15:45,QH,54.19,54.53,54.07,51.33,116.6,38,51.19,75.68,-21.49
2026-02-08T15:45:00Z,2026-02-08 15:45,2026-02-08 16:00,QH,80.51,84.52,75.42,79.92,49.3,11,80.1,73.59,6.92
2026-02-08T16:00:00Z,2026-02-08 16:00,2026-02-08 16:15,QH,70.95,75.23,70.21,72.45,89.7,22,69.23,74.66,-3.72
2026-02-08T16:15:00Z,2026-02-08 16:15,2026-02-08 16:30,QH,75.29,83.85,74.56,78.21,72.1,27,75.61,81.93,-6.64
2026-02-08T16:30:00Z,2026-02-08 16:30,2026-02-08 16:45,QH,59.55,69.69,51.2,58.05,20.7,3,57.8,65.11,-5.56
2026-02-08T16:45:00Z,2026-02-08 16:45,2026-02-08 17:00,QH,83.89,86.53,81.47,82.77,138.5,29,84.57,76.3,7.6
2026-02-08T17:00:00Z,2026-02-08 17:00,2026-02-08 17:15,QH,57.03,58.27,50.73,58.87,79.5,15,60.21,78.24,-21.21
2026-02-08T17:15:00Z,2026-02-08 17:15,2026-02-08 17:30,QH,72.99,73.99,70.19,73.07,47.5,8,68.95,67.65,5.34
2026-02-08T17:30:00Z,2026-02-08 17:30,2026-02-08 17:45,QH,52.44,58.72,49.83,48.62,116.4,42,51.97,70.19,-17.75
2026-02-08T17:45:00Z,2026-02-08 17:45,2026-02-08 18:00,QH,68.24,70.42,57.08,69.84,93.7,43,65.94,65.02,3.23
2026-02-08T18:00:00Z,2026-02-08 18:00,2026-02-08 18:15,QH,52.81,56.55,36.88,52.99,125.4,52,48.63,69.33,-16.52
2026-02-08T18:15:00Z,2026-02-08 18:15,2026-02-08 18:30,QH,81.74,83.51,77.51,83.01,61.0,11,80.68,66.7,15.04
2026-02-08T18:30:00Z,2026-02-08 18:30,2026-02-08 18:45,QH,59.85,66.66,53.43,60.1,115.4,48,60.3,74.3,-14.44
2026-02-08T18:45:00Z,2026-02-08 18:45,2026-02-08 19:00,QH,91.54,97.76,91.21,87.09,105.9,34,91.53,55.66,35.88
2026-02-08T19:00:00Z,2026-02-08 19:00,2026-02-08 19:15,QH,96.18,97.63,87.2,96.83,139.8,23,98.76,68.28,27.9
2026-02-08T19:15:00Z,2026-02-08 19:15,2026-02-08 19:30,QH,78.67,83.96,71.82,83.74,105.2,28,76.81,57.92,20.75
2026-02-08T19:30:00Z,2026-02-08 19:30,2026-02-08 19:45,QH,62.67,63.45,61.4,64.66,40.1,11,62.04,59.51,3.16
2026-02-08T19:45:00Z,2026-02-08 19:45,2026-02-08 20:00,QH,66.47,67.87,63.68,62.93,68.7,27,65.64,69.2,-2.73
2026-02-08T20:00:00Z,2026-02-08 20:00,2026-02-08 20:15,QH,45.07,46.61,43.09,47.41,120.8,22,43.93,24.0,21.07
2026-02-08T20:15:00Z,2026-02-08 20:15,2026-02-08 20:30,QH,39.56,41.98,32.37,37.76,97.9,13,39.56,20.25,19.31
2026-02-08T20:30:00Z,2026-02-08 20:30,2026-02-08 20:45,QH,14.61,19.81,8.61,14.44,74.4,11,11.97,32.92,-18.32
2026-02-08T20:45:00Z,2026-02-08 20:45,2026-02-08 21:00,QH,37.93,39.89,33.29,37.79,41.1,12,42.73,24.84,13.09
2026-02-08T21:00:00Z,2026-02-08 21:00,2026-02-08 21:15,QH,18.8,21.09,13.12,20.39,132.2,43,17.32,25.45,-6.65
2026-02-08T21:15:00Z,2026-02-08 21:15,2026-02-08 21:30,QH,20.67,22.86,19.41,26.11,79.0,10,18.32,36.82,-16.15
2026-02-08T21:30:00Z,2026-02-08 21:30,2026-02-08 21:45,QH,34.01,39.47,27.8,28.33,74.2,9,39.33,23.1,10.91
2026-02-08T21:45:00Z,2026-02-08 21:45,2026-02-08 22:00,QH,14.02,20.85,11.98,13.46,53.7,26,19.59,31.17,-17.15
2026-02-08T22:00:00Z,2026-02-08 22:00,2026-02-08 22:15,QH,44.62,45.36,40.83,41.18,89.0,15,44.04,30.19,14.42
2026-02-08T22:15:00Z,2026-02-08 22:15,2026-02-08 22:30,QH,12.69,14.66,3.61,15.36,68.2,8,13.36,35.09,-22.4
2026-02-08T22:30:00Z,2026-02-08 22:30,2026-02-08 22:45,QH,35.34,36.34,29.98,38.68,79.8,10,33.59,27.96,7.39
2026-02-08T22:45:00Z,2026-02-08 22:45,2026-02-08 23:00,QH,49.36,55.82,48.0,47.9,76.4,10,51.56,31.1,18.26
2026-02-08T23:00:00Z,2026-02-08 23:00,2026-02-08 23:15,QH,21.15,26.94,20.43,20.55,80.1,12,19.6,30.92,-9.77
2026-02-08T23:15:00Z,2026-02-08 23:15,2026-02-08 23:30,QH,16.53,23.37,11.65,16.08,83.0,10,21.17,32.24,-15.71
2026-02-08T23:30:00Z,2026-02-08 23:30,2026-02-08 23:45,QH,19.89,22.98,15.26,22.43,40.7,8,19.86,22.92,-3.02
2026-02-08T23:45:00Z,2026-02-08 23:45,2026-02-09 00:00,QH,30.29,40.72,28.69,30.61,65.2,8,29.41,27.63,2.67
2026-02-09T00:00:00Z,2026-02-09 00:00,2026-02-09 00:15,QH,20.84,24.82,19.68,19.92,106.5,13,20.4,49.51,-28.67
2026-02-09T00:15:00Z,2026-02-09 00:15,2026-02-09 00:30,QH,177.93,185.21,171.1,176.21,38.1,11,176.89,39.49,138.44
2026-02-09T00:30:00Z,2026-02-09 00:30,2026-02-09 00:45,QH,35.55,38.34,35.14,29.17,136.3,29,32.42,42.73,-7.18
2026-02-09T00:45:00Z,2026-02-09 00:45,2026-02-09 01:00,QH,31.45,31.93,24.73,29.83,76.8,37,26.88,49.69,-18.24
2026-02-09T01:00:00Z,2026-02-09 01:00,2026-02-09 01:15,QH,42.24,42.54,32.84,38.21,57.3,16,44.91,52.91,-10.67
2026-02-09T01:15:00Z,2026-02-09 01:15,2026-02-09 01:30,QH,42.98,43.68,39.47,43.98,78.6,19,46.02,48.41,-5.43
2026-02-09T01:30:00Z,2026-02-09 01:30,2026-02-09 01:45,QH,33.13,35.98,30.95,32.57,106.7,16,33.77,56.91,-23.78
2026-02-09T01:45:00Z,2026-02-09 01:45,2026-02-09 02:00,QH,44.97,47.61,43.83,36.34,137.2,23,43.88,53.44,-8.46
2026-02-09T02:00:00Z,2026-02-09 02:00,2026-02-09 02:15,QH,35.54,40.59,30.93,39.06,83.1,11,37.17,44.24,-8.71
2026-02-09T02:15:00Z,2026-02-09 02:15,2026-02-09 02:30,QH,62.57,68.87,58.33,64.72,99.8,14,61.49,41.35,21.22
2026-02-09T02:30:00Z,2026-02-09 02:30,2026-02-09 02:45,QH,39.22,45.29,33.06,40.74,80.3,26,42.59,50.21,-10.99
2026-02-09T02:45:00Z,2026-02-09 02:45,2026-02-09 03:00,QH,61.75,69.19,57.7,61.98,99.4,19,59.33,45.72,16.03
2026-02-09T03:00:00Z,2026-02-09 03:00,2026-02-09 03:15,QH,49.34,49.78,46.15,51.27,86.4,19,48.88,47.39,1.94
2026-02-09T03:15:00Z,2026-02-09 03:15,2026-02-09 03:30,QH,45.03,47.84,36.66,43.24,100.1,16,45.82,53.27,-8.23
2026-02-09T03:30:00Z,2026-02-09 03:30,2026-02-09 03:45,QH,61.55,62.97,60.58,55.53,129.1,48,60.92,46.85,14.69
2026-02-09T03:45:00Z,2026-02-09 03:45,2026-02-09 04:00,QH,35.33,38.06,30.81,36.81,63.6,12,32.08,46.39,-11.06
2026-02-09T04:00:00Z,2026-02-09 04:00,2026-02-09 04:15,QH,47.71,51.78,40.09,45.89,102.6,21,48.72,41.86,5.85
2026-02-09T04:15:00Z,2026-02-09 04:15,2026-02-09 04:30,QH,42.4,46.61,39.01,38.17,129.9,18,41.5,50.49,-8.09
2026-02-09T04:30:00Z,2026-02-09 04:30,2026-02-09 04:45,QH,69.77,71.56,66.0,73.0,79.7,16,70.02,50.68,19.09
2026-02-09T04:45:00Z,2026-02-09 04:45,2026-02-09 05:00,QH,59.24,64.25,48.82,64.48,26.2,4,59.9,61.19,-1.96
2026-02-09T05:00:00Z,2026-02-09 05:00,2026-02-09 05:15,QH,42.24,49.36,42.15,37.18,84.5,10,41.15,49.01,-6.77
2026-02-09T05:15:00Z,2026-02-09 05:15,2026-02-09 05:30,QH,41.51,45.48,35.55,44.77,119.2,49,40.79,50.7,-9.19
2026-02-09T05:30:00Z,2026-02-09 05:30,2026-02-09 05:45,QH,45.21,48.97,42.57,49.62,88.1,18,44.86,47.43,-2.22
2026-02-09T05:45:00Z,2026-02-09 05:45,2026-02-09 06:00,QH,50.11,52.28,49.14,50.44,120.6,16,49.96,46.27,3.84
2026-02-09T06:00:00Z,2026-02-09 06:00,2026-02-09 06:15,QH,53.0,53.23,51.28,54.13,56.5,7,52.48,54.39,-1.38
2026-02-09T06:15:00Z,2026-02-09 06:15,2026-02-09 06:30,QH,55.11,55.85,53.6,53.32,70.3,19,53.57,49.75,5.36
2026-02-09T06:30:00Z,2026-02-09 06:30,2026-02-09 06:45,QH,40.53,41.4,34.13,39.92,119.1,33,39.24,51.19,-10.67
2026-02-09T06:45:00Z,2026-02-09 06:45,2026-02-09 07:00,QH,26.3,34.13,25.16,27.22,103.3,16,22.51,42.32,-16.02
2026-02-09T07:00:00Z,2026-02-09 07:00,2026-02-09 07:15,QH,146.21,152.07,144.68,149.41,80.3,18,143.64,81.99,64.23
2026-02-09T07:15:00Z,2026-02-09 07:15,2026-02-09 07:30,QH,107.59,112.26,104.38,107.65,20.9,5,108.69,88.67,18.92
2026-02-09T07:30:00Z,2026-02-09 07:30,2026-02-09 07:45,QH,79.28,82.43,73.33,77.0,35.9,14,78.4,82.56,-3.29
2026-02-09T07:45:00Z,2026-02-09 07:45,2026-02-09 08:00,QH,82.11,88.98,73.25,79.69,70.7,8,83.52,71.42,10.69
2026-02-09T08:00:00Z,2026-02-09 08:00,2026-02-09 08:15,QH,66.74,76.96,65.11,69.69,58.5,7,68.12,78.72,-11.98
2026-02-09T08:15:00Z,2026-02-09 08:15,2026-02-09 08:30,QH,101.05,104.35,94.0,100.97,77.9,34,102.1,80.35,20.7
2026-02-09T08:30:00Z,2026-02-09 08:30,2026-02-09 08:45,QH,83.81,87.45,81.15,82.89,55.9,26,86.72,85.52,-1.71
2026-02-09T08:45:00Z,2026-02-09 08:45,2026-02-09 09:00,QH,72.71,75.75,69.03,65.76,76.6,17,72.3,92.03,-19.32
2026-02-09T09:00:00Z,2026-02-09 09:00,2026-02-09 09:15,QH,87.05,89.92,81.32,90.69,44.9,7,89.84,94.3,-7.24
2026-02-09T09:15:00Z,2026-02-09 09:15,2026-02-09 09:30,QH,76.93,77.44,74.07,79.6,109.5,23,77.33,87.87,-10.94
2026-02-09T09:30:00Z,2026-02-09 09:30,2026-02-09 09:45,QH,110.79,112.03,104.95,112.47,112.9,33,109.38,101.07,9.72
2026-02-09T09:45:00Z,2026-02-09 09:45,2026-02-09 10:00,QH,70.95,79.63,64.85,72.71,56.2,22,68.85,82.72,-11.77
2026-02-09T10:00:00Z,2026-02-09 10:00,2026-02-09 10:15,QH,82.23,88.05,79.03,86.19,88.0,13,83.36,93.87,-11.64
2026-02-09T10:15:00Z,2026-02-09 10:15,2026-02-09 10:30,QH,77.19,83.22,73.65,69.03,76.8,12,73.43,79.99,-2.8
2026-02-09T10:30:00Z,2026-02-09 10:30,2026-02-09 10:45,QH,83.84,92.47,79.92,84.53,104.6,17,83.03,90.54,-6.7
2026-02-09T10:45:00Z,2026-02-09 10:45,2026-02-09 11:00,QH,97.66,98.32,95.23,97.63,61.9,9,95.74,84.13,13.53
2026-02-09T11:00:00Z,2026-02-09 11:00,2026-02-09 11:15,QH,80.8,81.99,76.55,84.3,130.1,36,80.24,84.27,-3.47
2026-02-09T11:15:00Z,2026-02-09 11:15,2026-02-09 11:30,QH,72.46,79.54,71.33,73.49,91.0,14,71.61,80.78,-8.32
2026-02-09T11:30:00Z,2026-02-09 11:30,2026-02-09 11:45,QH,102.87,102.94,99.01,100.72,128.2,23,103.49,93.0,9.87
2026-02-09T11:45:00Z,2026-02-09 11:45,2026-02-09 12:00,QH,107.28,113.23,104.17,104.98,99.4,16,108.18,91.99,15.3
2026-02-09T12:00:00Z,2026-02-09 12:00,2026-02-09 12:15,QH,96.41,101.34,92.49,100.2,85.1,16,96.09,91.28,5.13
2026-02-09T12:15:00Z,2026-02-09 12:15,2026-02-09 12:30,QH,82.82,84.01,82.79,83.85,60.5,10,83.11,90.2,-7.37
2026-02-09T12:30:00Z,2026-02-09 12:30,2026-02-09 12:45,QH,112.5,117.85,107.95,115.93,49.2,8,114.17,82.59,29.9
2026-02-09T12:45:00Z,2026-02-09 12:45,2026-02-09 13:00,QH,92.26,97.98,86.51,94.71,87.5,21,90.68,80.7,11.56
2026-02-09T13:00:00Z,2026-02-09 13:00,2026-02-09 13:15,QH,111.83,123.7,106.67,109.48,74.5,14,110.4,88.79,23.04
2026-02-09T13:15:00Z,2026-02-09 13:15,2026-02-09 13:30,QH,80.87,81.39,80.34,76.32,32.5,7,78.25,91.54,-10.67
2026-02-09T13:30:00Z,2026-02-09 13:30,2026-02-09 13:45,QH,102.19,103.5,99.12,97.85,115.5,43,101.4,89.44,12.75
2026-02-09T13:45:00Z,2026-02-09 13:45,2026-02-09 14:00,QH,74.04,78.59,72.66,77.49,17.5,3,71.62,90.75,-16.71
2026-02-09T14:00:00Z,2026-02-09 14:00,2026-02-09 14:15,QH,90.01,91.82,85.82,89.26,57.1,14,89.03,93.7,-3.69
2026-02-09T14:15:00Z,2026-02-09 14:15,2026-02-09 14:30,QH,100.52,101.87,92.79,101.72,114.8,23,102.71,90.24,10.29
2026-02-09T14:30:00Z,2026-02-09 14:30,2026-02-09 14:45,QH,99.98,101.94,93.7,99.47,45.4,16,102.51,88.39,11.59
2026-02-09T14:45:00Z,2026-02-09 14:45,2026-02-09 15:00,QH,87.15,88.68,76.04,90.51,95.4,18,88.82,88.77,-1.62
2026-02-09T15:00:00Z,2026-02-09 15:00,2026-02-09 15:15,QH,81.19,83.38,78.39,74.78,94.7,16,79.84,96.47,-15.28
2026-02-09T15:15:00Z,2026-02-09 15:15,2026-02-09 15:30,QH,87.76,92.29,83.88,88.42,118.1,32,90.33,85.43,2.33
2026-02-09T15:30:00Z,2026-02-09 15:30,2026-02-09 15:45,QH,119.34,128.8,118.3,121.93,80.2,10,120.21,95.87,23.46
2026-02-09T15:45:00Z,2026-02-09 15:45,2026-02-09 16:00,QH,95.85,97.2,95.04,92.96,87.2,16,94.6,86.77,9.08
2026-02-09T16:00:00Z,2026-02-09 16:00,2026-02-09 16:15,QH,89.56,92.1,83.72,91.4,108.9,34,88.5,87.26,2.3
2026-02-09T16:15:00Z,2026-02-09 16:15,2026-02-09 16:30,QH,92.37,101.08,88.46,93.28,47.8,14,92.21,82.53,9.84
2026-02-09T16:30:00Z,2026-02-09 16:30,2026-02-09 16:45,QH,95.17,99.61,90.54,97.83,80.2,12,95.21,92.51,2.66
2026-02-09T16:45:00Z,2026-02-09 16:45,2026-02-09 17:00,QH,78.82,81.28,75.23,78.23,67.8,15,82.28,86.63,-7.81
2026-02-09T17:00:00Z,2026-02-09 17:00,2026-02-09 17:15,QH,79.54,80.24,77.69,80.07,34.3,4,77.98,96.25,-16.71
2026-02-09T17:15:00Z,2026-02-09 17:15,2026-02-09 17:30,QH,100.6,110.18,95.77,100.26,104.2,14,102.58,83.95,16.65
2026-02-09T17:30:00Z,2026-02-09 17:30,2026-02-09 17:45,QH,77.84,78.08,77.29,71.66,69.7,27,76.97,80.93,-3.09
2026-02-09T17:45:00Z,2026-02-09 17:45,2026-02-09 18:00,QH,82.96,86.1,80.74,81.35,52.8,9,84.39,86.49,-3.53
2026-02-09T18:00:00Z,2026-02-09 18:00,2026-02-09 18:15,QH,88.14,97.24,87.08,85.88,101.2,17,88.05,88.77,-0.63
2026-02-09T18:15:00Z,2026-02-09 18:15,2026-02-09 18:30,QH,85.05,87.67,82.71,84.91,141.1,23,87.82,83.54,1.51
2026-02-09T18:30:00Z,2026-02-09 18:30,2026-02-09 18:45,QH,80.91,87.87,72.07,79.33,103.7,13,78.26,82.07,-1.15
2026-02-09T18:45:00Z,2026-02-09 18:45,2026-02-09 19:00,QH,77.71,81.08,68.82,75.28,135.0,17,76.17,91.24,-13.53
2026-02-09T19:00:00Z,2026-02-09 19:00,2026-02-09 19:15,QH,79.95,84.95,79.95,76.88,72.9,10,79.76,79.0,0.95
2026-02-09T19:15:00Z,2026-02-09 19:15,2026-02-09 19:30,QH,84.91,84.92,83.72,79.9,92.3,42,82.33,80.11,4.8
2026-02-09T19:30:00Z,2026-02-09 19:30,2026-02-09 19:45,QH,102.22,102.76,98.16,103.35,110.1,36,105.95,88.37,13.85
2026-02-09T19:45:00Z,2026-02-09 19:45,2026-02-09 20:00,QH,82.33,85.2,78.8,88.11,80.3,35,79.52,86.41,-4.08
2026-02-09T20:00:00Z,2026-02-09 20:00,2026-02-09 20:15,QH,35.71,45.0,31.78,37.16,53.2,12,34.27,50.43,-14.72
2026-02-09T20:15:00Z,2026-02-09 20:15,2026-02-09 20:30,QH,65.65,68.86,65.32,67.53,74.0,34,67.04,44.67,20.98
2026-02-09T20:30:00Z,2026-02-09 20:30,2026-02-09 20:45,QH,51.34,55.86,50.91,52.27,49.0,6,54.6,49.35,1.98
2026-02-09T20:45:00Z,2026-02-09 20:45,2026-02-09 21:00,QH,68.06,69.58,66.84,70.45,73.8,23,68.66,44.88,23.18
2026-02-09T21:00:00Z,2026-02-09 21:00,2026-02-09 21:15,QH,67.91,68.84,64.38,69.8,51.4,15,68.28,47.77,20.14
2026-02-09T21:15:00Z,2026-02-09 21:15,2026-02-09 21:30,QH,49.5,56.8,48.19,45.86,98.3,27,50.98,42.25,7.26
2026-02-09T21:30:00Z,2026-02-09 21:30,2026-02-09 21:45,QH,43.06,46.34,42.02,40.42,92.1,24,43.64,52.44,-9.38
2026-02-09T21:45:00Z,2026-02-09 21:45,2026-02-09 22:00,QH,38.97,40.35,35.73,39.5,77.7,10,38.77,51.49,-12.52
2026-02-09T22:00:00Z,2026-02-09 22:00,2026-02-09 22:15,QH,54.2,59.19,47.75,54.66,87.8,41,54.36,46.73,7.47
2026-02-09T22:15:00Z,2026-02-09 22:15,2026-02-09 22:30,QH,47.78,52.29,41.54,50.28,101.0,25,47.99,50.67,-2.9
2026-02-09T22:30:00Z,2026-02-09 22:30,2026-02-09 22:45,QH,33.1,33.2,30.58,34.78,160.3,35,32.41,40.19,-7.1
2026-02-09T22:45:00Z,2026-02-09 22:45,2026-02-09 23:00,QH,41.04,43.15,39.95,40.97,56.6,24,37.13,49.75,-8.71
2026-02-09T23:00:00Z,2026-02-09 23:00,2026-02-09 23:15,QH,128.89,130.72,118.36,130.89,80.8,20,130.96,52.86,76.03
2026-02-09T23:15:00Z,2026-02-09 23:15,2026-02-09 23:30,QH,24.37,29.61,19.04,24.5,77.5,16,28.19,43.37,-19.0
2026-02-09T23:30:00Z,2026-02-09 23:30,2026-02-09 23:45,QH,46.41,49.2,39.42,42.75,64.4,8,47.4,43.05,3.35
2026-02-09T23:45:00Z,2026-02-09 23:45,2026-02-10 00:00,QH,53.73,55.48,53.16,54.37,102.9,17,55.67,46.86,6.87
2026-02-10T00:00:00Z,2026-02-10 00:00,2026-02-10 00:15,QH,24.48,30.38,20.56,23.38,72.1,13,24.05,39.06,-14.58
2026-02-10T00:15:00Z,2026-02-10 00:15,2026-02-10 00:30,QH,60.79,68.31,59.46,59.23,88.3,11,61.04,39.04,21.75
2026-02-10T00:30:00Z,2026-02-10 00:30,2026-02-10 00:45,QH,32.67,32.7,32.18,35.86,53.6,8,34.64,35.68,-3.0
2026-02-10T00:45:00Z,2026-02-10 00:45,2026-02-10 01:00,QH,50.24,55.79,49.42,48.88,85.2,30,51.7,33.63,16.61
2026-02-10T01:00:00Z,2026-02-10 01:00,2026-02-10 01:15,QH,31.67,33.04,28.69,24.97,105.9,13,29.88,43.37,-11.7
2026-02-10T01:15:00Z,2026-02-10 01:15,2026-02-10 01:30,QH,41.15,43.69,34.83,47.54,46.3,14,43.39,32.86,8.3
2026-02-10T01:30:00Z,2026-02-10 01:30,2026-02-10 01:45,QH,35.87,37.65,31.28,37.39,86.0,17,35.07,44.2,-8.33
2026-02-10T01:45:00Z,2026-02-10 01:45,2026-02-10 02:00,QH,49.18,49.48,48.93,48.03,75.7,13,51.73,39.3,9.88
2026-02-10T02:00:00Z,2026-02-10 02:00,2026-02-10 02:15,QH,37.33,42.9,36.03,43.51,57.5,8,36.47,39.33,-2.0
2026-02-10T02:15:00Z,2026-02-10 02:15,2026-02-10 02:30,QH,45.3,48.14,44.77,47.09,82.8,10,45.32,41.3,3.99
2026-02-10T02:30:00Z,2026-02-10 02:30,2026-02-10 02:45,QH,28.39,31.31,25.6,33.06,81.0,12,27.42,43.04,-14.65
2026-02-10T02:45:00Z,2026-02-10 02:45,2026-02-10 03:00,QH,19.22,21.89,10.77,23.15,108.9,38,20.96,38.42,-19.2
2026-02-10T03:00:00Z,2026-02-10 03:00,2026-02-10 03:15,QH,20.47,29.55,10.93,22.21,89.4,16,19.48,48.99,-28.52
2026-02-10T03:15:00Z,2026-02-10 03:15,2026-02-10 03:30,QH,56.81,62.1,49.83,53.39,93.1,27,54.94,41.49,15.32
2026-02-10T03:30:00Z,2026-02-10 03:30,2026-02-10 03:45,QH,33.11,34.9,24.92,32.12,90.4,16,33.42,35.82,-2.71
2026-02-10T03:45:00Z,2026-02-10 03:45,2026-02-10 04:00,QH,36.88,48.95,30.13,33.64,141.9,17,35.08,50.95,-14.07
2026-02-10T04:00:00Z,2026-02-10 04:00,2026-02-10 04:15,QH,40.56,41.28,37.29,39.18,10,4,40.07,37.3,3.25
2026-02-10T04:15:00Z,2026-02-10 04:15,2026-02-10 04:30,QH,50.43,55.91,44.57,47.82,120.6,15,53.44,45.96,4.46
2026-02-10T04:30:00Z,2026-02-10 04:30,2026-02-10 04:45,QH,42.26,43.0,36.22,43.36,73.6,18,41.0,39.47,2.79
2026-02-10T04:45:00Z,2026-02-10 04:45,2026-02-10 05:00,QH,37.92,42.1,36.47,35.49,79.1,14,37.48,43.31,-5.39
2026-02-10T05:00:00Z,2026-02-10 05:00,2026-02-10 05:15,QH,40.5,50.88,39.27,46.75,73.0,20,46.84,41.82,-1.32
2026-02-10T05:15:00Z,2026-02-10 05:15,2026-02-10 05:30,QH,31.68,38.32,31.25,34.03,141.2,40,31.2,38.69,-7.01
2026-02-10T05:30:00Z,2026-02-10 05:30,2026-02-10 05:45,QH,37.56,41.23,33.88,30.3,70.3,17,36.81,39.11,-1.55
2026-02-10T05:45:00Z,2026-02-10 05:45,2026-02-10 06:00,QH,23.35,24.49,21.54,28.2,55.1,18,22.49,38.39,-15.04
2026-02-10T06:00:00Z,2026-02-10 06:00,2026-02-10 06:15,QH,62.6,66.6,59.62,59.68,19.7,3,61.46,37.98,24.62
2026-02-10T06:15:00Z,2026-02-10 06:15,2026-02-10 06:30,QH,54.65,60.26,51.35,52.9,40.9,17,54.38,37.57,17.08
2026-02-10T06:30:00Z,2026-02-10 06:30,2026-02-10 06:45,QH,48.63,54.65,39.47,49.21,74.5,21,45.01,39.35,9.28
2026-02-10T06:45:00Z,2026-02-10 06:45,2026-02-10 07:00,QH,52.82,63.0,52.07,57.25,112.5,25,53.18,46.99,5.83
2026-02-10T07:00:00Z,2026-02-10 07:00,2026-02-10 07:15,QH,69.68,76.38,66.45,71.33,67.0,16,67.85,78.75,-9.07
2026-02-10T07:15:00Z,2026-02-10 07:15,2026-02-10 07:30,QH,72.0,77.31,68.8,73.18,87.6,12,68.62,89.55,-17.55
2026-02-10T07:30:00Z,2026-02-10 07:30,2026-02-10 07:45,QH,85.89,88.15,84.76,86.84,90.0,22,87.2,68.51,17.38
2026-02-10T07:45:00Z,2026-02-10 07:45,2026-02-10 08:00,QH,79.76,84.95,69.51,78.64,127.0,17,82.94,79.39,0.37
2026-02-10T08:00:00Z,2026-02-10 08:00,2026-02-10 08:15,QH,67.83,69.36,65.15,63.82,115.7,34,71.65,79.81,-11.99
2026-02-10T08:15:00Z,2026-02-10 08:15,2026-02-10 08:30,QH,76.56,84.11,73.16,70.83,89.1,11,73.21,76.65,-0.08
2026-02-10T08:30:00Z,2026-02-10 08:30,2026-02-10 08:45,QH,93.35,96.94,90.85,93.65,132.0,20,92.0,78.11,15.24
2026-02-10T08:45:00Z,2026-02-10 08:45,2026-02-10 09:00,QH,64.1,65.14,58.08,64.43,67.0,13,65.23,84.47,-20.37
2026-02-10T09:00:00Z,2026-02-10 09:00,2026-02-10 09:15,QH,68.06,71.66,63.86,64.24,48.8,8,67.49,84.98,-16.92
2026-02-10T09:15:00Z,2026-02-10 09:15,2026-02-10 09:30,QH,104.65,105.77,101.33,99.18,100.2,13,105.49,80.19,24.46
2026-02-10T09:30:00Z,2026-02-10 09:30,2026-02-10 09:45,QH,79.93,80.63,76.52,84.63,100.2,14,80.19,76.4,3.53
2026-02-10T09:45:00Z,2026-02-10 09:45,2026-02-10 10:00,QH,73.18,90.09,72.34,74.91,88.5,14,73.28,85.66,-12.48
2026-02-10T10:00:00Z,2026-02-10 10:00,2026-02-10 10:15,QH,88.47,92.86,88.38,89.24,84.3,34,88.35,80.23,8.25
2026-02-10T10:15:00Z,2026-02-10 10:15,2026-02-10 10:30,QH,68.69,71.6,65.23,68.01,101.2,39,68.48,97.88,-29.19
2026-02-10T10:30:00Z,2026-02-10 10:30,2026-02-10 10:45,QH,157.65,158.29,152.22,155.6,77.3,10,161.53,83.2,74.45
2026-02-10T10:45:00Z,2026-02-10 10:45,2026-02-10 11:00,QH,80.42,83.8,77.38,82.67,43.1,8,79.39,92.48,-12.05
2026-02-10T11:00:00Z,2026-02-10 11:00,2026-02-10 11:15,QH,87.74,91.47,85.5,89.39,85.0,19,88.97,84.46,3.28
2026-02-10T11:15:00Z,2026-02-10 11:15,2026-02-10 11:30,QH,203.9,204.71,191.42,202.51,72.5,9,204.89,86.54,117.36
2026-02-10T11:30:00Z,2026-02-10 11:30,2026-02-10 11:45,QH,70.55,75.17,67.61,71.02,125.3,20,68.78,88.34,-17.79
2026-02-10T11:45:00Z,2026-02-10 11:45,2026-02-10 12:00,QH,83.07,86.53,78.39,80.63,65.4,30,84.08,81.8,1.27
2026-02-10T12:00:00Z,2026-02-10 12:00,2026-02-10 12:15,QH,96.67,105.18,88.51,97.96,98.1,12,97.23,85.34,11.33
2026-02-10T12:15:00Z,2026-02-10 12:15,2026-02-10 12:30,QH,92.73,92.81,91.41,93.68,105.8,13,95.9,78.55,14.18
2026-02-10T12:30:00Z,2026-02-10 12:30,2026-02-10 12:45,QH,81.31,86.24,77.46,79.56,97.3,21,84.28,81.76,-0.45
2026-02-10T12:45:00Z,2026-02-10 12:45,2026-02-10 13:00,QH,85.04,85.91,80.65,82.01,134.4,41,85.33,73.54,11.5
2026-02-10T13:00:00Z,2026-02-10 13:00,2026-02-10 13:15,QH,86.92,91.12,80.14,88.62,156.7,25,86.91,88.36,-1.44
2026-02-10T13:15:00Z,2026-02-10 13:15,2026-02-10 13:30,QH,84.13,88.84,77.13,81.25,114.5,14,83.6,85.74,-1.6
2026-02-10T13:30:00Z,2026-02-10 13:30,2026-02-10 13:45,QH,93.07,101.86,89.73,90.16,85.8,42,93.07,93.96,-0.89
2026-02-10T13:45:00Z,2026-02-10 13:45,2026-02-10 14:00,QH,94.9,96.78,93.98,92.33,130.0,17,97.75,89.44,5.46
2026-02-10T14:00:00Z,2026-02-10 14:00,2026-02-10 14:15,QH,83.01,88.15,82.92,87.41,132.9,50,81.98,81.79,1.22
2026-02-10T14:15:00Z,2026-02-10 14:15,2026-02-10 14:30,QH,68.45,70.82,63.27,69.88,94.8,23,69.03,87.48,-19.03
2026-02-10T14:30:00Z,2026-02-10 14:30,2026-02-10 14:45,QH,59.1,61.44,57.9,60.42,76.2,29,59.96,88.92,-29.81
2026-02-10T14:45:00Z,2026-02-10 14:45,2026-02-10 15:00,QH,157.76,158.18,157.05,161.43,83.4,18,157.02,85.39,72.37
2026-02-10T15:00:00Z,2026-02-10 15:00,2026-02-10 15:15,QH,78.66,85.42,67.26,76.2,98.4,20,80.2,82.74,-4.09
2026-02-10T15:15:00Z,2026-02-10 15:15,2026-02-10 15:30,QH,78.22,87.07,69.87,75.14,146.1,31,78.26,84.28,-6.06
2026-02-10T15:30:00Z,2026-02-10 15:30,2026-02-10 15:45,QH,88.17,92.78,83.86,88.85,122.1,21,85.67,83.99,4.17
2026-02-10T15:45:00Z,2026-02-10 15:45,2026-02-10 16:00,QH,62.77,62.8,60.08,64.6,69.2,8,64.98,80.59,-17.82
2026-02-10T16:00:00Z,2026-02-10 16:00,2026-02-10 16:15,QH,98.44,106.19,88.97,97.82,68.3,17,97.2,83.88,14.56
2026-02-10T16:15:00Z,2026-02-10 16:15,2026-02-10 16:30,QH,90.17,90.31,89.07,102.69,69.7,31,93.47,81.64,8.53
2026-02-10T16:30:00Z,2026-02-10 16:30,2026-02-10 16:45,QH,90.0,92.12,83.09,87.13,69.4,15,88.01,86.35,3.65
2026-02-10T16:45:00Z,2026-02-10 16:45,2026-02-10 17:00,QH,70.61,71.88,68.0,67.3,83.7,14,71.8,79.52,-8.91
2026-02-10T17:00:00Z,2026-02-10 17:00,2026-02-10 17:15,QH,82.02,88.96,80.47,80.78,106.9,26,79.86,78.91,3.12
2026-02-10T17:15:00Z,2026-02-10 17:15,2026-02-10 17:30,QH,100.48,100.62,98.08,105.08,46.8,8,102.51,74.63,25.84
2026-02-10T17:30:00Z,2026-02-10 17:30,2026-02-10 17:45,QH,81.67,82.48,75.7,83.85,107.2,39,80.53,76.61,5.06
2026-02-10T17:45:00Z,2026-02-10 17:45,2026-02-10 18:00,QH,78.4,88.24,74.49,81.56,37.7,7,79.72,83.47,-5.06
2026-02-10T18:00:00Z,2026-02-10 18:00,2026-02-10 18:15,QH,84.42,86.12,80.18,77.01,36.6,5,86.86,81.97,2.44
2026-02-10T18:15:00Z,2026-02-10 18:15,2026-02-10 18:30,QH,84.4,87.88,79.9,87.77,105.7,35,88.05,67.25,17.15
2026-02-10T18:30:00Z,2026-02-10 18:30,2026-02-10 18:45,QH,65.62,69.66,63.91,68.89,56.3,22,68.2,86.05,-20.43
2026-02-10T18:45:00Z,2026-02-10 18:45,2026-02-10 19:00,QH,81.07,82.88,79.22,81.67,62.8,14,81.99,77.56,3.51
2026-02-10T19:00:00Z,2026-02-10 19:00,2026-02-10 19:15,QH,59.4,61.3,57.08,55.8,108.1,14,59.64,81.61,-22.21
2026-02-10T19:15:00Z,2026-02-10 19:15,2026-02-10 19:30,QH,83.66,92.18,68.56,81.64,60.2,7,85.29,70.92,12.74
2026-02-10T19:30:00Z,2026-02-10 19:30,2026-02-10 19:45,QH,74.12,76.86,61.4,78.93,107.3,26,75.15,70.77,3.36
2026-02-10T19:45:00Z,2026-02-10 19:45,2026-02-10 20:00,QH,75.43,79.15,71.79,77.83,79.3,13,75.29,72.66,2.77
2026-02-10T20:00:00Z,2026-02-10 20:00,2026-02-10 20:15,QH,46.97,47.65,40.76,45.06,91.2,29,49.05,35.01,11.95
2026-02-10T20:15:00Z,2026-02-10 20:15,2026-02-10 20:30,QH,54.53,57.15,48.82,55.21,91.8,11,53.12,42.1,12.43
2026-02-10T20:30:00Z,2026-02-10 20:30,2026-02-10 20:45,QH,46.8,49.51,43.04,36.95,127.5,35,46.23,50.2,-3.41
2026-02-10T20:45:00Z,2026-02-10 20:45,2026-02-10 21:00,QH,61.12,72.2,59.38,63.61,84.8,35,64.89,46.93,14.19
2026-02-10T21:00:00Z,2026-02-10 21:00,2026-02-10 21:15,QH,59.21,62.9,58.85,58.01,108.1,13,60.04,48.93,10.28
2026-02-10T21:15:00Z,2026-02-10 21:15,2026-02-10 21:30,QH,41.12,45.75,33.09,38.2,33.8,15,43.97,42.54,-1.42
2026-02-10T21:30:00Z,2026-02-10 21:30,2026-02-10 21:45,QH,19.48,23.49,17.9,22.49,89.8,22,17.7,46.51,-27.03
2026-02-10T21:45:00Z,2026-02-10 21:45,2026-02-10 22:00,QH,40.76,42.56,36.68,38.25,95.8,13,39.87,37.3,3.45
2026-02-10T22:00:00Z,2026-02-10 22:00,2026-02-10 22:15,QH,24.8,38.4,19.39,27.49,80.0,22,22.35,47.49,-22.69
2026-02-10T22:15:00Z,2026-02-10 22:15,2026-02-10 22:30,QH,74.01,76.81,70.35,71.78,95.5,13,72.07,41.14,32.87
2026-02-10T22:30:00Z,2026-02-10 22:30,2026-02-10 22:45,QH,13.22,25.73,11.97,19.46,90.0,23,14.96,43.58,-30.35
2026-02-10T22:45:00Z,2026-02-10 22:45,2026-02-10 23:00,QH,57.35,58.76,54.38,52.45,139.5,21,59.1,44.29,13.07
2026-02-10T23:00:00Z,2026-02-10 23:00,2026-02-10 23:15,QH,32.49,44.82,28.11,31.76,125.6,24,33.95,46.66,-14.17
2026-02-10T23:15:00Z,2026-02-10 23:15,2026-02-10 23:30,QH,10.58,11.06,7.79,12.22,64.8,15,9.36,37.55,-26.98
2026-02-10T23:30:00Z,2026-02-10 23:30,2026-02-10 23:45,QH,45.24,49.82,42.62,44.77,109.8,14,49.71,47.59,-2.35
2026-02-10T23:45:00Z,2026-02-10 23:45,2026-02-11 00:00,QH,36.46,37.24,33.44,32.46,91.1,12,30.51,35.53,0.93
2026-02-11T00:00:00Z,2026-02-11 00:00,2026-02-11 00:15,QH,45.2,48.34,44.17,47.7,88.6,11,46.27,44.79,0.41
2026-02-11T00:15:00Z,2026-02-11 00:15,2026-02-11 00:30,QH,63.74,67.52,62.15,68.09,44.9,5,62.39,51.19,12.55
2026-02-11T00:30:00Z,2026-02-11 00:30,2026-02-11 00:45,QH,25.46,26.12,22.04,23.74,101.2,14,23.37,44.71,-19.25
2026-02-11T00:45:00Z,2026-02-11 00:45,2026-02-11 01:00,QH,49.3,50.06,46.11,49.58,73.7,15,48.84,48.06,1.24
2026-02-11T01:00:00Z,2026-02-11 01:00,2026-02-11 01:15,QH,82.17,91.05,78.58,83.67,112.9,16,82.9,38.74,43.43
2026-02-11T01:15:00Z,2026-02-11 01:15,2026-02-11 01:30,QH,50.66,51.48,43.44,43.31,41.4,9,52.06,51.2,-0.54
2026-02-11T01:30:00Z,2026-02-11 01:30,2026-02-11 01:45,QH,55.74,60.43,54.25,54.65,127.8,22,57.64,51.23,4.51
2026-02-11T01:45:00Z,2026-02-11 01:45,2026-02-11 02:00,QH,45.29,53.04,42.83,39.5,84.6,42,44.94,45.8,-0.51
2026-02-11T02:00:00Z,2026-02-11 02:00,2026-02-11 02:15,QH,50.76,51.94,42.29,50.92,92.5,32,50.18,36.26,14.51
2026-02-11T02:15:00Z,2026-02-11 02:15,2026-02-11 02:30,QH,50.22,52.87,43.78,51.11,28.0,3,54.66,49.0,1.22
2026-02-11T02:30:00Z,2026-02-11 02:30,2026-02-11 02:45,QH,35.16,38.35,34.28,37.45,83.3,16,35.43,49.87,-14.71
2026-02-11T02:45:00Z,2026-02-11 02:45,2026-02-11 03:00,QH,34.82,41.26,30.31,39.53,100.0,31,30.91,46.16,-11.34
2026-02-11T03:00:00Z,2026-02-11 03:00,2026-02-11 03:15,QH,17.75,23.43,14.9,15.49,106.1,15,18.05,42.69,-24.93
2026-02-11T03:15:00Z,2026-02-11 03:15,2026-02-11 03:30,QH,50.35,60.47,46.66,50.93,76.0,30,50.5,45.31,5.04
2026-02-11T03:30:00Z,2026-02-11 03:30,2026-02-11 03:45,QH,43.42,48.15,39.06,39.07,90.1,15,45.91,55.14,-11.72
2026-02-11T03:45:00Z,2026-02-11 03:45,2026-02-11 04:00,QH,36.48,40.35,35.96,35.51,158.2,22,39.86,43.82,-7.34
2026-02-11T04:00:00Z,2026-02-11 04:00,2026-02-11 04:15,QH,44.73,45.41,41.5,46.63,45.8,6,44.84,35.35,9.38
2026-02-11T04:15:00Z,2026-02-11 04:15,2026-02-11 04:30,QH,40.54,41.1,40.03,37.03,70.8,13,38.91,48.07,-7.53
2026-02-11T04:30:00Z,2026-02-11 04:30,2026-02-11 04:45,QH,63.19,63.48,62.93,61.35,70.8,16,64.95,40.36,22.83
2026-02-11T04:45:00Z,2026-02-11 04:45,2026-02-11 05:00,QH,52.24,56.32,47.51,49.33,114.5,15,51.04,46.01,6.23
2026-02-11T05:00:00Z,2026-02-11 05:00,2026-02-11 05:15,QH,48.84,51.43,48.66,48.47,85.8,29,49.96,48.32,0.52
2026-02-11T05:15:00Z,2026-02-11 05:15,2026-02-11 05:30,QH,50.87,54.47,50.81,53.86,47.3,7,49.88,47.82,3.04
2026-02-11T05:30:00Z,2026-02-11 05:30,2026-02-11 05:45,QH,50.68,55.72,48.3,51.34,68.3,8,52.34,40.06,10.62
2026-02-11T05:45:00Z,2026-02-11 05:45,2026-02-11 06:00,QH,24.55,31.22,21.68,20.61,142.9,34,23.12,44.5,-19.95
2026-02-11T06:00:00Z,2026-02-11 06:00,2026-02-11 06:15,QH,68.94,70.82,55.57,66.68,48.8,14,68.54,43.52,25.42
2026-02-11T06:15:00Z,2026-02-11 06:15,2026-02-11 06:30,QH,39.21,45.04,36.69,40.05,93.5,45,39.56,42.48,-3.27
2026-02-11T06:30:00Z,2026-02-11 06:30,2026-02-11 06:45,QH,46.8,50.38,38.3,41.56,76.8,12,44.32,46.44,0.36
2026-02-11T06:45:00Z,2026-02-11 06:45,2026-02-11 07:00,QH,41.25,43.39,30.5,40.49,108.8,23,41.18,39.11,2.14
2026-02-11T07:00:00Z,2026-02-11 07:00,2026-02-11 07:15,QH,64.44,69.31,61.92,71.52,84.6,16,66.18,75.7,-11.26
2026-02-11T07:15:00Z,2026-02-11 07:15,2026-02-11 07:30,QH,80.67,81.63,71.1,79.65,110.4,20,80.19,80.51,0.16
2026-02-11T07:30:00Z,2026-02-11 07:30,2026-02-11 07:45,QH,82.16,87.67,81.1,78.03,57.3,17,82.84,70.91,11.26
2026-02-11T07:45:00Z,2026-02-11 07:45,2026-02-11 08:00,QH,73.04,83.56,72.74,75.85,129.5,26,72.31,73.33,-0.29
2026-02-11T08:00:00Z,2026-02-11 08:00,2026-02-11 08:15,QH,29.28,33.14,24.73,31.58,88.0,27,28.87,84.14,-54.86
2026-02-11T08:15:00Z,2026-02-11 08:15,2026-02-11 08:30,QH,59.29,62.89,54.01,55.5,118.1,28,57.62,76.21,-16.92
2026-02-11T08:30:00Z,2026-02-11 08:30,2026-02-11 08:45,QH,64.0,71.79,52.96,61.44,32.2,15,62.98,86.53,-22.53
2026-02-11T08:45:00Z,2026-02-11 08:45,2026-02-11 09:00,QH,201.76,206.35,201.65,202.01,77.7,25,202.63,92.45,109.31
2026-02-11T09:00:00Z,2026-02-11 09:00,2026-02-11 09:15,QH,85.39,85.4,84.03,83.1,73.2,12,83.2,79.14,6.25
2026-02-11T09:15:00Z,2026-02-11 09:15,2026-02-11 09:30,QH,95.0,97.25,94.66,96.05,68.2,11,96.71,77.87,17.13
2026-02-11T09:30:00Z,2026-02-11 09:30,2026-02-11 09:45,QH,164.27,169.77,160.74,162.87,83.1,15,161.37,84.18,80.09
2026-02-11T09:45:00Z,2026-02-11 09:45,2026-02-11 10:00,QH,82.43,88.93,82.4,81.46,74.4,10,84.89,81.24,1.19
2026-02-11T10:00:00Z,2026-02-11 10:00,2026-02-11 10:15,QH,67.57,70.11,63.57,69.55,67.9,24,66.82,85.83,-18.26
2026-02-11T10:15:00Z,2026-02-11 10:15,2026-02-11 10:30,QH,78.49,82.16,77.58,74.12,82.4,21,80.96,86.87,-8.37
2026-02-11T10:30:00Z,2026-02-11 10:30,2026-02-11 10:45,QH,78.36,89.94,74.92,79.63,43.7,9,77.68,84.48,-6.11
2026-02-11T10:45:00Z,2026-02-11 10:45,2026-02-11 11:00,QH,84.92,85.86,81.92,86.23,62.1,11,85.41,92.49,-7.57
2026-02-11T11:00:00Z,2026-02-11 11:00,2026-02-11 11:15,QH,98.72,101.75,95.42,97.05,63.1,14,99.04,90.62,8.1
2026-02-11T11:15:00Z,2026-02-11 11:15,2026-02-11 11:30,QH,81.89,87.06,75.73,80.27,89.2,15,82.19,84.51,-2.62
2026-02-11T11:30:00Z,2026-02-11 11:30,2026-02-11 11:45,QH,100.11,100.49,97.69,102.75,72.1,17,100.44,87.65,12.46
2026-02-11T11:45:00Z,2026-02-11 11:45,2026-02-11 12:00,QH,91.68,100.14,90.87,88.94,54.1,12,93.16,78.55,13.13
2026-02-11T12:00:00Z,2026-02-11 12:00,2026-02-11 12:15,QH,108.62,112.62,106.5,101.86,132.7,18,107.6,92.67,15.95
2026-02-11T12:15:00Z,2026-02-11 12:15,2026-02-11 12:30,QH,91.13,92.31,85.14,90.83,115.4,19,89.99,86.39,4.74
2026-02-11T12:30:00Z,2026-02-11 12:30,2026-02-11 12:45,QH,69.83,71.85,68.55,70.3,52.8,9,70.62,89.27,-19.44
2026-02-11T12:45:00Z,2026-02-11 12:45,2026-02-11 13:00,QH,110.93,116.36,97.01,117.1,98.3,14,111.27,88.71,22.22
2026-02-11T13:00:00Z,2026-02-11 13:00,2026-02-11 13:15,QH,76.22,87.51,71.24,75.7,109.2,20,78.36,84.83,-8.61
2026-02-11T13:15:00Z,2026-02-11 13:15,2026-02-11 13:30,QH,61.98,62.58,53.0,60.22,79.7,25,62.8,88.26,-26.28
2026-02-11T13:30:00Z,2026-02-11 13:30,2026-02-11 13:45,QH,89.74,92.45,83.56,89.5,73.1,21,89.39,91.54,-1.79
2026-02-11T13:45:00Z,2026-02-11 13:45,2026-02-11 14:00,QH,82.46,90.68,75.91,88.09,56.9,12,82.05,94.16,-11.7
2026-02-11T14:00:00Z,2026-02-11 14:00,2026-02-11 14:15,QH,83.95,91.31,74.59,84.57,112.3,18,83.58,91.7,-7.75
2026-02-11T14:15:00Z,2026-02-11 14:15,2026-02-11 14:30,QH,85.53,89.63,82.09,88.23,84.8,15,85.63,88.91,-3.38
2026-02-11T14:30:00Z,2026-02-11 14:30,2026-02-11 14:45,QH,90.32,91.95,87.25,88.99,77.1,11,89.06,90.94,-0.62
2026-02-11T14:45:00Z,2026-02-11 14:45,2026-02-11 15:00,QH,100.9,105.14,99.85,96.15,96.7,30,95.31,96.4,4.5
2026-02-11T15:00:00Z,2026-02-11 15:00,2026-02-11 15:15,QH,86.97,96.78,78.8,86.76,127.4,40,86.54,79.41,7.56
2026-02-11T15:15:00Z,2026-02-11 15:15,2026-02-11 15:30,QH,91.73,91.84,91.03,86.23,65.0,9,95.98,87.3,4.43
2026-02-11T15:30:00Z,2026-02-11 15:30,2026-02-11 15:45,QH,98.57,108.09,88.92,95.21,70.1,11,97.76,90.99,7.59
2026-02-11T15:45:00Z,2026-02-11 15:45,2026-02-11 16:00,QH,76.74,80.12,75.67,79.04,148.1,30,78.7,85.98,-9.24
2026-02-11T16:00:00Z,2026-02-11 16:00,2026-02-11 16:15,QH,71.8,78.06,67.74,68.02,83.0,19,73.99,92.49,-20.69
2026-02-11T16:15:00Z,2026-02-11 16:15,2026-02-11 16:30,QH,64.68,69.63,61.26,64.26,89.9,25,67.91,83.86,-19.18
2026-02-11T16:30:00Z,2026-02-11 16:30,2026-02-11 16:45,QH,83.55,88.75,75.37,78.6,90.2,12,82.75,89.8,-6.26
2026-02-11T16:45:00Z,2026-02-11 16:45,2026-02-11 17:00,QH,101.98,108.6,101.76,98.95,57.5,12,104.12,74.74,27.24
2026-02-11T17:00:00Z,2026-02-11 17:00,2026-02-11 17:15,QH,86.95,89.28,86.6,91.52,122.5,51,85.02,90.27,-3.32
2026-02-11T17:15:00Z,2026-02-11 17:15,2026-02-11 17:30,QH,61.04,62.26,54.92,68.42,44.2,19,61.04,81.7,-20.66
2026-02-11T17:30:00Z,2026-02-11 17:30,2026-02-11 17:45,QH,85.35,92.02,80.18,84.96,76.8,13,84.71,93.36,-8.01
2026-02-11T17:45:00Z,2026-02-11 17:45,2026-02-11 18:00,QH,74.1,78.42,72.07,78.07,113.0,21,73.14,89.09,-14.99
2026-02-11T18:00:00Z,2026-02-11 18:00,2026-02-11 18:15,QH,69.11,73.81,61.01,66.57,96.8,19,66.76,82.24,-13.13
2026-02-11T18:15:00Z,2026-02-11 18:15,2026-02-11 18:30,QH,75.56,80.14,72.06,69.84,130.1,34,77.33,79.71,-4.15
2026-02-11T18:30:00Z,2026-02-11 18:30,2026-02-11 18:45,QH,79.67,85.31,77.73,82.98,72.0,15,77.53,78.21,1.45
2026-02-11T18:45:00Z,2026-02-11 18:45,2026-02-11 19:00,QH,77.29,85.99,75.94,76.06,77.5,12,76.81,79.65,-2.36
2026-02-11T19:00:00Z,2026-02-11 19:00,2026-02-11 19:15,QH,1.34,9.89,-3.26,0.8,69.7,14,1.74,75.82,-74.49
2026-02-11T19:15:00Z,2026-02-11 19:15,2026-02-11 19:30,QH,90.12,97.71,83.15,84.63,52.5,9,94.0,83.56,6.56
2026-02-11T19:30:00Z,2026-02-11 19:30,2026-02-11 19:45,QH,95.24,96.49,94.85,96.65,105.4,15,94.22,83.64,11.6
2026-02-11T19:45:00Z,2026-02-11 19:45,2026-02-11 20:00,QH,80.78,90.09,77.9,84.88,38.5,6,81.48,75.91,4.87
2026-02-11T20:00:00Z,2026-02-11 20:00,2026-02-11 20:15,QH,19.85,20.58,17.74,24.85,128.8,35,19.03,38.3,-18.45
2026-02-11T20:15:00Z,2026-02-11 20:15,2026-02-11 20:30,QH,62.53,69.83,54.64,56.06,74.7,10,64.5,46.67,15.85
2026-02-11T20:30:00Z,2026-02-11 20:30,2026-02-11 20:45,QH,59.53,72.19,58.98,59.01,59.5,12,58.11,47.58,11.95
2026-02-11T20:45:00Z,2026-02-11 20:45,2026-02-11 21:00,QH,38.48,38.65,32.67,39.1,77.1,37,40.9,43.95,-5.47
2026-02-11T21:00:00Z,2026-02-11 21:00,2026-02-11 21:15,QH,33.72,38.78,32.27,33.78,73.4,22,32.32,47.48,-13.76
2026-02-11T21:15:00Z,2026-02-11 21:15,2026-02-11 21:30,QH,34.07,34.53,27.83,30.16,21.2,3,35.76,40.58,-6.51
2026-02-11T21:30:00Z,2026-02-11 21:30,2026-02-11 21:45,QH,25.11,30.86,23.73,21.29,56.0,9,29.97,44.81,-19.7
2026-02-11T21:45:00Z,2026-02-11 21:45,2026-02-11 22:00,QH,35.36,39.94,26.59,38.67,167.4,43,34.68,42.66,-7.3
2026-02-11T22:00:00Z,2026-02-11 22:00,2026-02-11 22:15,QH,51.93,52.55,50.17,57.09,66.1,24,53.56,45.91,6.02
2026-02-11T22:15:00Z,2026-02-11 22:15,2026-02-11 22:30,QH,150.9,153.62,149.38,148.46,108.5,15,151.03,47.81,103.09
2026-02-11T22:30:00Z,2026-02-11 22:30,2026-02-11 22:45,QH,53.86,56.25,46.43,48.49,111.9,15,50.05,48.12,5.73
2026-02-11T22:45:00Z,2026-02-11 22:45,2026-02-11 23:00,QH,37.14,41.69,34.7,36.58,48.7,8,37.21,42.11,-4.97
2026-02-11T23:00:00Z,2026-02-11 23:00,2026-02-11 23:15,QH,51.33,56.9,47.93,52.99,81.5,14,49.39,49.2,2.13
2026-02-11T23:15:00Z,2026-02-11 23:15,2026-02-11 23:30,QH,50.46,56.19,48.13,54.35,107.9,40,50.56,42.83,7.63
2026-02-11T23:30:00Z,2026-02-11 23:30,2026-02-11 23:45,QH,32.03,38.19,26.92,31.2,96.0,33,33.53,42.74,-10.71
2026-02-11T23:45:00Z,2026-02-11 23:45,2026-02-12 00:00,QH,43.14,45.2,40.14,42.63,119.7,17,39.73,44.45,-1.31
2026-02-12T00:00:00Z,2026-02-12 00:00,2026-02-12 00:15,QH,150.24,156.21,147.05,147.94,59.6,13,151.59,61.07,89.18
2026-02-12T00:15:00Z,2026-02-12 00:15,2026-02-12 00:30,QH,59.54,65.9,54.4,58.23,123.1,23,58.14,66.15,-6.6
2026-02-12T00:30:00Z,2026-02-12 00:30,2026-02-12 00:45,QH,71.27,72.47,68.62,76.4,55.7,8,69.88,57.92,13.35
2026-02-12T00:45:00Z,2026-02-12 00:45,2026-02-12 01:00,QH,54.52,56.45,52.09,54.01,63.4,10,54.05,58.37,-3.85
2026-02-12T01:00:00Z,2026-02-12 01:00,2026-02-12 01:15,QH,135.81,138.82,129.63,142.11,53.0,8,135.18,62.81,73.0
2026-02-12T01:15:00Z,2026-02-12 01:15,2026-02-12 01:30,QH,69.94,70.59,69.22,74.07,104.3,26,72.04,66.23,3.71
2026-02-12T01:30:00Z,2026-02-12 01:30,2026-02-12 01:45,QH,58.25,59.93,54.02,60.61,136.6,32,56.16,60.81,-2.56
2026-02-12T01:45:00Z,2026-02-12 01:45,2026-02-12 02:00,QH,47.93,49.66,45.8,44.3,151.9,23,52.53,63.9,-15.98
2026-02-12T02:00:00Z,2026-02-12 02:00,2026-02-12 02:15,QH,68.3,77.76,65.99,66.77,97.4,26,69.98,60.79,7.51
2026-02-12T02:15:00Z,2026-02-12 02:15,2026-02-12 02:30,QH,61.97,64.92,61.93,67.47,38.0,5,63.17,60.42,1.55
2026-02-12T02:30:00Z,2026-02-12 02:30,2026-02-12 02:45,QH,57.26,59.7,56.34,58.81,25.5,4,58.79,67.98,-10.72
2026-02-12T02:45:00Z,2026-02-12 02:45,2026-02-12 03:00,QH,70.53,71.13,58.71,70.06,62.5,16,68.8,68.1,2.43
2026-02-12T03:00:00Z,2026-02-12 03:00,2026-02-12 03:15,QH,53.95,54.73,48.79,57.84,65.5,21,54.03,71.0,-17.06
2026-02-12T03:15:00Z,2026-02-12 03:15,2026-02-12 03:30,QH,63.15,70.17,60.06,62.74,71.6,23,58.98,60.49,2.67
2026-02-12T03:30:00Z,2026-02-12 03:30,2026-02-12 03:45,QH,65.19,65.58,59.65,63.6,62.6,22,64.91,59.12,6.07
2026-02-12T03:45:00Z,2026-02-12 03:45,2026-02-12 04:00,QH,51.01,58.61,40.63,54.32,61.1,15,52.16,67.34,-16.33
2026-02-12T04:00:00Z,2026-02-12 04:00,2026-02-12 04:15,QH,61.64,67.8,61.55,62.47,139.0,64,60.18,52.01,9.63
2026-02-12T04:15:00Z,2026-02-12 04:15,2026-02-12 04:30,QH,84.93,87.92,83.17,82.3,76.8,27,87.86,66.56,18.37
2026-02-12T04:30:00Z,2026-02-12 04:30,2026-02-12 04:45,QH,36.06,36.74,32.94,35.94,81.4,15,35.72,47.65,-11.59
2026-02-12T04:45:00Z,2026-02-12 04:45,2026-02-12 05:00,QH,64.48,67.33,63.42,66.64,101.2,13,63.92,68.25,-3.78
2026-02-12T05:00:00Z,2026-02-12 05:00,2026-02-12 05:15,QH,71.89,72.19,67.28,66.98,33.5,6,69.39,56.51,15.38
2026-02-12T05:15:00Z,2026-02-12 05:15,2026-02-12 05:30,QH,72.69,73.52,72.52,70.42,121.3,15,70.74,54.33,18.36
2026-02-12T05:30:00Z,2026-02-12 05:30,2026-02-12 05:45,QH,59.74,63.87,54.83,56.51,109.8,14,59.9,64.37,-4.63
2026-02-12T05:45:00Z,2026-02-12 05:45,2026-02-12 06:00,QH,80.0,85.96,76.44,75.82,132.5,22,81.01,67.56,12.44
2026-02-12T06:00:00Z,2026-02-12 06:00,2026-02-12 06:15,QH,54.63,57.24,46.1,51.17,68.1,12,54.7,63.93,-9.3
2026-02-12T06:15:00Z,2026-02-12 06:15,2026-02-12 06:30,QH,79.77,80.34,75.35,80.82,83.4,25,82.18,76.66,3.11
2026-02-12T06:30:00Z,2026-02-12 06:30,2026-02-12 06:45,QH,31.79,42.53,21.06,30.51,51.2,10,32.71,63.5,-31.7
2026-02-12T06:45:00Z,2026-02-12 06:45,2026-02-12 07:00,QH,61.36,64.58,54.98,59.08,130.3,17,60.65,55.55,5.81
2026-02-12T07:00:00Z,2026-02-12 07:00,2026-02-12 07:15,QH,88.51,96.95,86.54,92.69,104.3,31,85.39,101.11,-12.6
2026-02-12T07:15:00Z,2026-02-12 07:15,2026-02-12 07:30,QH,107.59,111.8,107.45,110.18,126.2,16,105.55,94.75,12.84
2026-02-12T07:30:00Z,2026-02-12 07:30,2026-02-12 07:45,QH,109.51,113.16,107.76,105.65,101.0,38,110.6,94.78,14.73
2026-02-12T07:45:00Z,2026-02-12 07:45,2026-02-12 08:00,QH,111.6,122.75,106.66,106.81,46.4,6,110.9,103.92,7.68
2026-02-12T08:00:00Z,2026-02-12 08:00,2026-02-12 08:15,QH,105.93,107.65,103.68,107.46,84.0,26,101.2,100.72,5.2
2026-02-12T08:15:00Z,2026-02-12 08:15,2026-02-12 08:30,QH,101.47,105.73,92.47,105.92,140.9,28,101.75,102.53,-1.05
2026-02-12T08:30:00Z,2026-02-12 08:30,2026-02-12 08:45,QH,97.59,101.28,95.18,95.92,126.6,16,95.27,105.62,-8.02
2026-02-12T08:45:00Z,2026-02-12 08:45,2026-02-12 09:00,QH,100.92,107.8,100.04,97.03,81.2,24,101.72,98.02,2.9
2026-02-12T09:00:00Z,2026-02-12 09:00,2026-02-12 09:15,QH,94.55,95.61,82.55,96.65,34.5,5,95.88,105.63,-11.08
2026-02-12T09:15:00Z,2026-02-12 09:15,2026-02-12 09:30,QH,82.39,84.45,76.08,80.76,111.5,39,84.5,106.69,-24.29
2026-02-12T09:30:00Z,2026-02-12 09:30,2026-02-12 09:45,QH,114.08,115.23,113.41,115.7,114.3,17,111.07,104.25,9.82
2026-02-12T09:45:00Z,2026-02-12 09:45,2026-02-12 10:00,QH,107.09,107.71,104.13,106.04,125.3,16,103.69,102.17,4.92
2026-02-12T10:00:00Z,2026-02-12 10:00,2026-02-12 10:15,QH,108.34,117.85,103.25,114.9,178.1,36,110.34,107.44,0.9
2026-02-12T10:15:00Z,2026-02-12 10:15,2026-02-12 10:30,QH,118.8,120.67,113.9,121.59,40.7,11,115.87,108.63,10.16
2026-02-12T10:30:00Z,2026-02-12 10:30,2026-02-12 10:45,QH,106.11,106.7,102.01,104.58,52.2,12,104.03,100.82,5.29
2026-02-12T10:45:00Z,2026-02-12 10:45,2026-02-12 11:00,QH,111.97,115.91,110.86,112.8,74.2,12,113.16,105.56,6.41
2026-02-12T11:00:00Z,2026-02-12 11:00,2026-02-12 11:15,QH,106.07,106.57,94.81,101.4,79.7,38,104.94,108.0,-1.94
2026-02-12T11:15:00Z,2026-02-12 11:15,2026-02-12 11:30,QH,89.76,91.95,78.47,89.56,110.7,47,91.69,98.16,-8.4
2026-02-12T11:30:00Z,2026-02-12 11:30,2026-02-12 11:45,QH,110.6,111.24,105.26,115.43,80.5,13,109.51,105.94,4.66
2026-02-12T11:45:00Z,2026-02-12 11:45,2026-02-12 12:00,QH,96.48,96.8,93.25,100.8,81.7,30,98.0,107.68,-11.2
2026-02-12T12:00:00Z,2026-02-12 12:00,2026-02-12 12:15,QH,93.28,94.85,92.22,91.25,101.1,49,95.83,104.78,-11.5
2026-02-12T12:15:00Z,2026-02-12 12:15,2026-02-12 12:30,QH,101.07,101.09,98.78,101.86,98.6,14,101.87,95.07,5.99
2026-02-12T12:30:00Z,2026-02-12 12:30,2026-02-12 12:45,QH,108.56,108.6,100.7,110.33,30.1,9,109.91,108.74,-0.18
2026-02-12T12:45:00Z,2026-02-12 12:45,2026-02-12 13:00,QH,103.27,104.39,97.29,103.85,82.2,21,103.12,112.24,-8.97
2026-02-12T13:00:00Z,2026-02-12 13:00,2026-02-12 13:15,QH,103.55,108.85,97.04,98.49,84.5,10,103.24,105.68,-2.12
2026-02-12T13:15:00Z,2026-02-12 13:15,2026-02-12 13:30,QH,85.91,97.74,81.28,84.01,135.7,23,86.63,109.86,-23.95
2026-02-12T13:30:00Z,2026-02-12 13:30,2026-02-12 13:45,QH,103.45,105.46,103.22,98.58,112.3,34,106.97,106.15,-2.7
2026-02-12T13:45:00Z,2026-02-12 13:45,2026-02-12 14:00,QH,188.9,197.11,179.56,189.48,80.2,16,189.22,108.07,80.83
2026-02-12T14:00:00Z,2026-02-12 14:00,2026-02-12 14:15,QH,104.89,107.12,102.59,104.82,74.9,19,104.41,100.64,4.26
2026-02-12T14:15:00Z,2026-02-12 14:15,2026-02-12 14:30,QH,129.51,130.35,128.49,134.14,39.5,13,132.59,101.29,28.22
2026-02-12T14:30:00Z,2026-02-12 14:30,2026-02-12 14:45,QH,114.45,115.46,104.22,116.48,136.3,20,114.44,108.08,6.37
2026-02-12T14:45:00Z,2026-02-12 14:45,2026-02-12 15:00,QH,106.14,114.84,101.85,102.39,124.6,24,104.43,114.03,-7.89
2026-02-12T15:00:00Z,2026-02-12 15:00,2026-02-12 15:15,QH,115.89,118.65,111.14,118.12,88.0,11,115.38,104.91,10.98
2026-02-12T15:15:00Z,2026-02-12 15:15,2026-02-12 15:30,QH,98.2,108.42,94.15,103.7,77.8,28,95.26,106.72,-8.52
2026-02-12T15:30:00Z,2026-02-12 15:30,2026-02-12 15:45,QH,106.14,112.3,98.69,107.66,67.1,8,107.25,106.8,-0.66
2026-02-12T15:45:00Z,2026-02-12 15:45,2026-02-12 16:00,QH,92.09,92.53,89.13,92.8,75.6,19,91.57,111.17,-19.08
2026-02-12T16:00:00Z,2026-02-12 16:00,2026-02-12 16:15,QH,97.83,98.87,86.8,92.48,69.1,24,96.49,103.74,-5.91
2026-02-12T16:15:00Z,2026-02-12 16:15,2026-02-12 16:30,QH,117.83,120.85,107.56,117.05,98.8,41,117.71,100.53,17.3
2026-02-12T16:30:00Z,2026-02-12 16:30,2026-02-12 16:45,QH,107.37,111.47,98.9,110.61,79.8,21,109.52,102.82,4.55
2026-02-12T16:45:00Z,2026-02-12 16:45,2026-02-12 17:00,QH,94.29,98.82,92.35,95.78,10.4,3,96.12,108.91,-14.62
2026-02-12T17:00:00Z,2026-02-12 17:00,2026-02-12 17:15,QH,119.89,120.33,115.52,122.21,52.6,6,120.49,106.73,13.15
2026-02-12T17:15:00Z,2026-02-12 17:15,2026-02-12 17:30,QH,171.57,171.76,170.43,167.81,86.2,16,169.47,106.04,65.53
2026-02-12T17:30:00Z,2026-02-12 17:30,2026-02-12 17:45,QH,100.25,104.59,95.76,98.96,60.5,17,101.11,101.86,-1.61
2026-02-12T17:45:00Z,2026-02-12 17:45,2026-02-12 18:00,QH,99.47,99.88,95.23,99.48,59.9,9,99.21,108.09,-8.62
2026-02-12T18:00:00Z,2026-02-12 18:00,2026-02-12 18:15,QH,103.47,109.3,95.0,99.69,91.8,17,104.02,89.49,13.98
2026-02-12T18:15:00Z,2026-02-12 18:15,2026-02-12 18:30,QH,93.95,95.35,84.37,94.8,60.7,8,96.4,110.32,-16.37
2026-02-12T18:30:00Z,2026-02-12 18:30,2026-02-12 18:45,QH,110.15,117.38,104.02,111.55,41.9,6,111.93,97.37,12.78
2026-02-12T18:45:00Z,2026-02-12 18:45,2026-02-12 19:00,QH,110.96,117.93,105.3,115.68,122.8,18,112.49,104.93,6.03
2026-02-12T19:00:00Z,2026-02-12 19:00,2026-02-12 19:15,QH,86.34,91.76,80.1,91.91,63.2,16,86.1,108.61,-22.27
2026-02-12T19:15:00Z,2026-02-12 19:15,2026-02-12 19:30,QH,118.46,119.79,116.28,115.79,45.9,6,117.45,100.25,18.21
2026-02-12T19:30:00Z,2026-02-12 19:30,2026-02-12 19:45,QH,111.23,112.36,109.39,112.73,99.1,14,111.63,99.27,11.96
2026-02-12T19:45:00Z,2026-02-12 19:45,2026-02-12 20:00,QH,156.21,159.11,150.43,162.49,89.5,13,158.32,91.18,65.03
2026-02-12T20:00:00Z,2026-02-12 20:00,2026-02-12 20:15,QH,66.66,67.3,62.68,63.48,111.5,18,66.6,65.21,1.44
2026-02-12T20:15:00Z,2026-02-12 20:15,2026-02-12 20:30,QH,65.34,67.23,57.24,68.63,101.9,33,67.64,61.91,3.43
2026-02-12T20:30:00Z,2026-02-12 20:30,2026-02-12 20:45,QH,64.19,66.3,58.03,67.27,89.5,29,65.33,52.17,12.02
2026-02-12T20:45:00Z,2026-02-12 20:45,2026-02-12 21:00,QH,57.11,58.29,51.72,59.57,107.3,14,55.08,65.75,-8.63
2026-02-12T21:00:00Z,2026-02-12 21:00,2026-02-12 21:15,QH,53.0,53.79,47.26,48.33,68.8,13,54.04,68.67,-15.66
2026-02-12T21:15:00Z,2026-02-12 21:15,2026-02-12 21:30,QH,82.08,86.97,76.7,80.44,76.3,10,82.28,65.22,16.86
2026-02-12T21:30:00Z,2026-02-12 21:30,2026-02-12 21:45,QH,60.7,64.49,60.64,60.97,91.0,17,59.47,63.96,-3.26
2026-02-12T21:45:00Z,2026-02-12 21:45,2026-02-12 22:00,QH,45.89,46.97,45.25,46.82,87.7,13,47.26,68.43,-22.54
2026-02-12T22:00:00Z,2026-02-12 22:00,2026-02-12 22:15,QH,74.18,76.4,72.68,73.21,64.8,21,74.66,64.85,9.33
2026-02-12T22:15:00Z,2026-02-12 22:15,2026-02-12 22:30,QH,56.69,57.85,56.03,53.23,86.0,21,54.06,73.93,-17.24
2026-02-12T22:30:00Z,2026-02-12 22:30,2026-02-12 22:45,QH,52.92,55.92,49.78,58.02,93.0,15,53.69,64.95,-12.03
2026-02-12T22:45:00Z,2026-02-12 22:45,2026-02-12 23:00,QH,46.81,53.28,42.67,52.18,103.5,15,47.39,64.41,-17.6
2026-02-12T23:00:00Z,2026-02-12 23:00,2026-02-12 23:15,QH,55.06,57.31,54.65,60.69,75.9,10,55.99,64.88,-9.81
2026-02-12T23:15:00Z,2026-02-12 23:15,2026-02-12 23:30,QH,67.13,67.39,62.84,67.29,66.9,11,66.93,62.48,4.65
2026-02-12T23:30:00Z,2026-02-12 23:30,2026-02-12 23:45,QH,53.27,59.62,52.27,52.79,61.1,15,52.81,60.84,-7.58
2026-02-12T23:45:00Z,2026-02-12 23:45,2026-02-13 00:00,QH,134.87,142.33,134.46,128.03,103.2,14,135.08,59.13,75.74
2026-02-13T00:00:00Z,2026-02-13 00:00,2026-02-13 00:15,QH,67.25,69.97,65.84,63.5,63.2,24,63.31,51.57,15.68
2026-02-13T00:15:00Z,2026-02-13 00:15,2026-02-13 00:30,QH,47.72,52.49,40.52,47.97,106.5,20,50.19,49.63,-1.91
2026-02-13T00:30:00Z,2026-02-13 00:30,2026-02-13 00:45,QH,56.62,58.78,52.18,56.62,15.3,3,60.01,55.62,1.0
2026-02-13T00:45:00Z,2026-02-13 00:45,2026-02-13 01:00,QH,59.07,68.3,56.79,61.6,72.5,13,57.47,50.38,8.69
2026-02-13T01:00:00Z,2026-02-13 01:00,2026-02-13 01:15,QH,41.65,42.81,41.22,41.58,83.4,18,41.76,52.13,-10.47
2026-02-13T01:15:00Z,2026-02-13 01:15,2026-02-13 01:30,QH,42.22,46.35,37.38,39.52,103.6,26,41.51,40.66,1.56
2026-02-13T01:30:00Z,2026-02-13 01:30,2026-02-13 01:45,QH,68.85,71.74,66.35,69.37,49.1,24,66.57,47.61,21.24
2026-02-13T01:45:00Z,2026-02-13 01:45,2026-02-13 02:00,QH,50.81,59.22,49.95,45.97,59.5,13,49.86,54.74,-3.94
2026-02-13T02:00:00Z,2026-02-13 02:00,2026-02-13 02:15,QH,38.61,40.15,37.85,39.61,117.5,16,38.19,45.69,-7.08
2026-02-13T02:15:00Z,2026-02-13 02:15,2026-02-13 02:30,QH,51.14,53.88,47.52,50.72,111.0,15,51.92,40.86,10.27
2026-02-13T02:30:00Z,2026-02-13 02:30,2026-02-13 02:45,QH,49.43,50.12,44.61,46.9,135.3,32,49.1,45.21,4.22
2026-02-13T02:45:00Z,2026-02-13 02:45,2026-02-13 03:00,QH,47.29,50.16,45.79,47.01,122.4,27,48.49,39.28,8.02
2026-02-13T03:00:00Z,2026-02-13 03:00,2026-02-13 03:15,QH,41.52,47.88,40.72,34.22,25.8,10,43.9,41.53,-0.01
2026-02-13T03:15:00Z,2026-02-13 03:15,2026-02-13 03:30,QH,-9.97,-1.67,-17.77,-1.56,86.2,12,-10.03,39.49,-49.46
2026-02-13T03:30:00Z,2026-02-13 03:30,2026-02-13 03:45,QH,45.18,50.59,36.67,49.68,75.4,13,41.65,51.59,-6.41
2026-02-13T03:45:00Z,2026-02-13 03:45,2026-02-13 04:00,QH,32.6,42.47,30.7,29.17,111.7,32,33.41,55.12,-22.52
2026-02-13T04:00:00Z,2026-02-13 04:00,2026-02-13 04:15,QH,48.04,51.66,43.52,48.85,55.0,8,46.61,48.87,-0.83
2026-02-13T04:15:00Z,2026-02-13 04:15,2026-02-13 04:30,QH,41.99,46.29,36.16,41.67,132.9,34,43.78,53.42,-11.43
2026-02-13T04:30:00Z,2026-02-13 04:30,2026-02-13 04:45,QH,57.14,57.95,52.69,55.22,45.6,14,52.01,58.49,-1.35
2026-02-13T04:45:00Z,2026-02-13 04:45,2026-02-13 05:00,QH,37.79,40.37,36.49,37.69,65.8,20,33.65,49.17,-11.38
2026-02-13T05:00:00Z,2026-02-13 05:00,2026-02-13 05:15,QH,51.92,52.12,50.95,53.76,158.2,28,46.97,49.89,2.03
2026-02-13T05:15:00Z,2026-02-13 05:15,2026-02-13 05:30,QH,38.27,40.53,30.18,39.24,53.5,7,39.62,46.63,-8.36
2026-02-13T05:30:00Z,2026-02-13 05:30,2026-02-13 05:45,QH,57.88,65.46,52.6,56.74,64.7,15,55.18,53.82,4.06
2026-02-13T05:45:00Z,2026-02-13 05:45,2026-02-13 06:00,QH,47.58,57.26,36.25,50.19,91.9,15,47.71,51.22,-3.64
2026-02-13T06:00:00Z,2026-02-13 06:00,2026-02-13 06:15,QH,44.67,52.69,42.97,44.52,41.1,17,43.96,52.18,-7.51
2026-02-13T06:15:00Z,2026-02-13 06:15,2026-02-13 06:30,QH,47.14,49.64,39.05,46.54,55.3,11,47.19,48.89,-1.75
2026-02-13T06:30:00Z,2026-02-13 06:30,2026-02-13 06:45,QH,60.34,60.52,59.54,63.27,50.5,10,62.25,40.37,19.98
2026-02-13T06:45:00Z,2026-02-13 06:45,2026-02-13 07:00,QH,50.5,52.64,46.98,51.86,93.5,15,51.22,46.44,4.06
2026-02-13T07:00:00Z,2026-02-13 07:00,2026-02-13 07:15,QH,84.33,88.12,81.99,83.27,95.2,16,83.92,83.37,0.95
2026-02-13T07:15:00Z,2026-02-13 07:15,2026-02-13 07:30,QH,101.85,110.23,98.75,107.55,79.8,10,101.25,86.49,15.36
2026-02-13T07:30:00Z,2026-02-13 07:30,2026-02-13 07:45,QH,67.18,69.0,56.25,68.35,142.7,65,69.03,80.71,-13.53
2026-02-13T07:45:00Z,2026-02-13 07:45,2026-02-13 08:00,QH,62.64,63.03,56.56,63.78,78.4,38,63.7,91.7,-29.06
2026-02-13T08:00:00Z,2026-02-13 08:00,2026-02-13 08:15,QH,94.3,96.1,90.08,87.43,66.7,8,95.67,81.37,12.92
2026-02-13T08:15:00Z,2026-02-13 08:15,2026-02-13 08:30,QH,99.82,106.42,95.36,103.46,126.7,27,99.05,89.96,9.86
2026-02-13T08:30:00Z,2026-02-13 08:30,2026-02-13 08:45,QH,114.18,115.82,108.31,116.42,96.7,13,116.86,87.27,26.91
2026-02-13T08:45:00Z,2026-02-13 08:45,2026-02-13 09:00,QH,78.88,80.47,75.92,76.42,34.6,12,81.21,79.11,-0.22
2026-02-13T09:00:00Z,2026-02-13 09:00,2026-02-13 09:15,QH,75.24,78.6,74.49,76.01,98.6,12,79.79,81.74,-6.5
2026-02-13T09:15:00Z,2026-02-13 09:15,2026-02-13 09:30,QH,103.39,105.92,101.96,108.16,80.6,15,102.25,83.76,19.63
2026-02-13T09:30:00Z,2026-02-13 09:30,2026-02-13 09:45,QH,82.33,84.43,82.24,88.4,106.7,19,82.23,82.33,0.0
2026-02-13T09:45:00Z,2026-02-13 09:45,2026-02-13 10:00,QH,97.05,102.36,89.03,99.29,96.3,13,94.16,88.85,8.2
2026-02-13T10:00:00Z,2026-02-13 10:00,2026-02-13 10:15,QH,95.53,96.83,92.16,99.7,64.9,25,93.94,94.97,0.56
2026-02-13T10:15:00Z,2026-02-13 10:15,2026-02-13 10:30,QH,84.29,85.69,81.59,82.74,115.9,26,83.2,96.68,-12.39
2026-02-13T10:30:00Z,2026-02-13 10:30,2026-02-13 10:45,QH,100.52,103.41,100.36,106.45,71.4,12,100.56,94.81,5.72
2026-02-13T10:45:00Z,2026-02-13 10:45,2026-02-13 11:00,QH,94.19,97.05,94.14,98.31,76.5,18,94.1,90.11,4.08
2026-02-13T11:00:00Z,2026-02-13 11:00,2026-02-13 11:15,QH,92.01,100.0,85.54,92.89,88.3,30,90.58,85.53,6.47
2026-02-13T11:15:00Z,2026-02-13 11:15,2026-02-13 11:30,QH,66.86,71.04,66.54,64.6,91.2,21,68.15,97.47,-30.62
2026-02-13T11:30:00Z,2026-02-13 11:30,2026-02-13 11:45,QH,77.48,80.07,76.99,79.64,58.5,7,75.15,94.86,-17.39
2026-02-13T11:45:00Z,2026-02-13 11:45,2026-02-13 12:00,QH,95.25,99.6,89.48,99.27,81.6,24,96.35,98.18,-2.93
2026-02-13T12:00:00Z,2026-02-13 12:00,2026-02-13 12:15,QH,75.49,77.96,65.38,78.21,99.4,28,72.83,99.9,-24.41
2026-02-13T12:15:00Z,2026-02-13 12:15,2026-02-13 12:30,QH,118.48,127.01,117.87,117.82,122.5,23,119.69,93.9,24.58
2026-02-13T12:30:00Z,2026-02-13 12:30,2026-02-13 12:45,QH,79.82,82.33,79.4,81.89,67.2,10,80.34,91.23,-11.41
2026-02-13T12:45:00Z,2026-02-13 12:45,2026-02-13 13:00,QH,98.49,103.11,97.14,101.51,57.3,12,97.68,92.25,6.24
2026-02-13T13:00:00Z,2026-02-13 13:00,2026-02-13 13:15,QH,104.43,104.45,104.31,102.55,74.5,21,105.03,86.23,18.2
2026-02-13T13:15:00Z,2026-02-13 13:15,2026-02-13 13:30,QH,67.48,67.95,63.16,68.39,86.1,13,68.04,94.18,-26.69
2026-02-13T13:30:00Z,2026-02-13 13:30,2026-02-13 13:45,QH,94.92,96.68,91.45,89.99,90.7,12,95.51,96.7,-1.79
2026-02-13T13:45:00Z,2026-02-13 13:45,2026-02-13 14:00,QH,103.72,108.39,101.25,107.93,49.2,7,101.96,96.46,7.26
2026-02-13T14:00:00Z,2026-02-13 14:00,2026-02-13 14:15,QH,75.7,82.94,70.89,71.01,134.3,38,76.11,97.04,-21.34
2026-02-13T14:15:00Z,2026-02-13 14:15,2026-02-13 14:30,QH,102.97,110.21,98.82,108.39,90.8,12,100.09,93.19,9.78
2026-02-13T14:30:00Z,2026-02-13 14:30,2026-02-13 14:45,QH,98.64,100.69,93.13,97.4,65.8,16,98.31,97.0,1.63
2026-02-13T14:45:00Z,2026-02-13 14:45,2026-02-13 15:00,QH,73.68,75.95,65.07,73.31,93.4,42,74.63,99.45,-25.76
2026-02-13T15:00:00Z,2026-02-13 15:00,2026-02-13 15:15,QH,75.66,81.6,73.77,75.42,43.7,14,79.26,93.45,-17.8
2026-02-13T15:15:00Z,2026-02-13 15:15,2026-02-13 15:30,QH,83.46,85.93,78.06,80.97,50.8,8,84.25,88.51,-5.05
2026-02-13T15:30:00Z,2026-02-13 15:30,2026-02-13 15:45,QH,82.98,84.63,82.55,87.02,129.1,27,81.02,89.35,-6.37
2026-02-13T15:45:00Z,2026-02-13 15:45,2026-02-13 16:00,QH,180.87,187.47,172.71,178.91,93.4,23,179.56,88.42,92.45
2026-02-13T16:00:00Z,2026-02-13 16:00,2026-02-13 16:15,QH,101.91,108.94,92.05,99.17,33.3,9,100.4,93.76,8.14
2026-02-13T16:15:00Z,2026-02-13 16:15,2026-02-13 16:30,QH,88.36,90.38,80.92,88.95,41.0,5,88.06,93.79,-5.43
2026-02-13T16:30:00Z,2026-02-13 16:30,2026-02-13 16:45,QH,85.89,88.62,83.6,84.35,62.3,17,84.0,84.57,1.32
2026-02-13T16:45:00Z,2026-02-13 16:45,2026-02-13 17:00,QH,108.04,108.7,102.1,105.94,13.4,3,103.29,86.05,21.99
2026-02-13T17:00:00Z,2026-02-13 17:00,2026-02-13 17:15,QH,86.24,87.3,86.2,79.34,50.5,6,86.79,78.08,8.15
2026-02-13T17:15:00Z,2026-02-13 17:15,2026-02-13 17:30,QH,94.83,103.21,89.02,93.02,68.3,9,98.04,84.07,10.76
2026-02-13T17:30:00Z,2026-02-13 17:30,2026-02-13 17:45,QH,97.9,98.56,95.36,101.12,43.1,7,99.06,87.93,9.97
2026-02-13T17:45:00Z,2026-02-13 17:45,2026-02-13 18:00,QH,93.45,97.45,92.82,90.84,74.7,17,90.01,82.91,10.54
2026-02-13T18:00:00Z,2026-02-13 18:00,2026-02-13 18:15,QH,86.01,86.02,80.35,81.37,66.2,19,82.73,89.55,-3.54
2026-02-13T18:15:00Z,2026-02-13 18:15,2026-02-13 18:30,QH,70.36,72.99,67.39,71.03,128.4,25,69.22,91.97,-21.61
2026-02-13T18:30:00Z,2026-02-13 18:30,2026-02-13 18:45,QH,82.25,84.23,79.27,81.83,38.7,5,85.17,84.06,-1.81
2026-02-13T18:45:00Z,2026-02-13 18:45,2026-02-13 19:00,QH,99.62,101.85,96.76,97.94,96.2,13,100.06,97.76,1.86
2026-02-13T19:00:00Z,2026-02-13 19:00,2026-02-13 19:15,QH,97.26,97.39,93.23,97.64,82.5,17,97.01,82.86,14.4
2026-02-13T19:15:00Z,2026-02-13 19:15,2026-02-13 19:30,QH,80.23,86.29,75.48,82.73,81.0,27,78.71,79.22,1.02
2026-02-13T19:30:00Z,2026-02-13 19:30,2026-02-13 19:45,QH,69.86,75.89,69.14,69.22,80.2,13,71.7,85.34,-15.48
2026-02-13T19:45:00Z,2026-02-13 19:45,2026-02-13 20:00,QH,83.58,84.31,78.9,83.98,128.5,16,89.25,77.72,5.86
2026-02-13T20:00:00Z,2026-02-13 20:00,2026-02-13 20:15,QH,60.04,69.08,56.73,57.16,39.7,9,58.48,48.7,11.34
2026-02-13T20:15:00Z,2026-02-13 20:15,2026-02-13 20:30,QH,61.76,64.57,60.3,56.34,87.2,14,61.59,49.43,12.33
2026-02-13T20:30:00Z,2026-02-13 20:30,2026-02-13 20:45,QH,44.71,47.64,43.95,42.65,182.1,51,40.61,49.3,-4.58
2026-02-13T20:45:00Z,2026-02-13 20:45,2026-02-13 21:00,QH,44.34,44.96,41.2,45.82,53.8,11,43.04,46.76,-2.42
2026-02-13T21:00:00Z,2026-02-13 21:00,2026-02-13 21:15,QH,54.1,60.16,49.05,54.94,72.5,17,56.48,48.69,5.41
2026-02-13T21:15:00Z,2026-02-13 21:15,2026-02-13 21:30,QH,41.82,46.66,37.46,44.37,103.6,14,42.79,50.8,-8.98
2026-02-13T21:30:00Z,2026-02-13 21:30,2026-02-13 21:45,QH,42.41,45.14,42.01,45.92,66.0,30,40.59,54.3,-11.89
2026-02-13T21:45:00Z,2026-02-13 21:45,2026-02-13 22:00,QH,40.59,41.3,38.78,41.85,40.5,10,39.46,59.55,-18.96
2026-02-13T22:00:00Z,2026-02-13 22:00,2026-02-13 22:15,QH,20.58,22.02,19.15,20.96,46.6,10,23.15,43.21,-22.63
2026-02-13T22:15:00Z,2026-02-13 22:15,2026-02-13 22:30,QH,68.11,71.27,66.68,66.53,104.6,19,70.48,57.88,10.23
2026-02-13T22:30:00Z,2026-02-13 22:30,2026-02-13 22:45,QH,53.27,60.58,52.37,51.91,121.5,20,52.46,51.58,1.69
2026-02-13T22:45:00Z,2026-02-13 22:45,2026-02-13 23:00,QH,44.73,45.71,34.54,42.86,91.2,11,46.47,42.12,2.61
2026-02-13T23:00:00Z,2026-02-13 23:00,2026-02-13 23:15,QH,40.76,42.91,33.3,41.42,130.7,20,39.65,48.23,-7.47
2026-02-13T23:15:00Z,2026-02-13 23:15,2026-02-13 23:30,QH,62.36,63.29,57.99,59.07,92.7,29,66.25,46.62,15.74
2026-02-13T23:30:00Z,2026-02-13 23:30,2026-02-13 23:45,QH,60.32,63.15,58.82,59.95,122.6,22,58.18,51.64,8.68
2026-02-13T23:45:00Z,2026-02-13 23:45,2026-02-14 00:00,QH,-26.76,-19.84,-30.04,-31.18,144.6,28,-25.93,49.99,-76.76
2026-02-14T00:00:00Z,2026-02-14 00:00,2026-02-14 00:15,QH,37.32,49.87,33.99,34.33,69.9,10,35.92,31.6,5.72
2026-02-14T00:15:00Z,2026-02-14 00:15,2026-02-14 00:30,QH,149.8,154.26,146.58,148.16,121.5,26,151.53,40.29,109.52
2026-02-14T00:30:00Z,2026-02-14 00:30,2026-02-14 00:45,QH,14.66,17.49,11.1,19.07,54.1,21,13.18,36.59,-21.93
2026-02-14T00:45:00Z,2026-02-14 00:45,2026-02-14 01:00,QH,29.73,37.43,27.72,29.92,79.7,33,30.17,38.8,-9.07
2026-02-14T01:00:00Z,2026-02-14 01:00,2026-02-14 01:15,QH,15.08,24.57,6.45,14.53,77.8,36,16.49,44.51,-29.43
2026-02-14T01:15:00Z,2026-02-14 01:15,2026-02-14 01:30,QH,163.72,168.51,162.6,163.41,78.8,26,165.28,41.89,121.83
2026-02-14T01:30:00Z,2026-02-14 01:30,2026-02-14 01:45,QH,32.44,38.12,31.57,30.41,75.8,29,33.88,36.19,-3.76
2026-02-14T01:45:00Z,2026-02-14 01:45,2026-02-14 02:00,QH,8.97,16.42,6.99,5.84,60.6,11,6.16,29.34,-20.37
2026-02-14T02:00:00Z,2026-02-14 02:00,2026-02-14 02:15,QH,26.41,30.59,19.77,28.26,81.2,21,25.27,37.24,-10.84
2026-02-14T02:15:00Z,2026-02-14 02:15,2026-02-14 02:30,QH,152.5,153.13,150.81,152.71,51.6,7,150.47,34.11,118.39
2026-02-14T02:30:00Z,2026-02-14 02:30,2026-02-14 02:45,QH,29.56,33.03,26.68,28.12,69.3,24,28.89,46.67,-17.11
2026-02-14T02:45:00Z,2026-02-14 02:45,2026-02-14 03:00,QH,46.93,60.52,45.87,42.94,64.8,10,45.6,41.6,5.33
2026-02-14T03:00:00Z,2026-02-14 03:00,2026-02-14 03:15,QH,51.13,52.73,45.31,54.91,75.7,10,48.17,47.94,3.19
2026-02-14T03:15:00Z,2026-02-14 03:15,2026-02-14 03:30,QH,41.67,44.35,38.43,42.75,143.7,25,42.72,36.36,5.32
2026-02-14T03:30:00Z,2026-02-14 03:30,2026-02-14 03:45,QH,60.2,63.7,52.83,61.35,99.5,13,59.82,34.83,25.37
2026-02-14T03:45:00Z,2026-02-14 03:45,2026-02-14 04:00,QH,50.77,51.71,49.25,53.1,131.7,33,49.51,35.95,14.81
2026-02-14T04:00:00Z,2026-02-14 04:00,2026-02-14 04:15,QH,19.19,20.55,18.01,17.7,46.0,8,14.54,36.74,-17.55
2026-02-14T04:15:00Z,2026-02-14 04:15,2026-02-14 04:30,QH,58.76,59.02,54.39,61.66,86.9,14,59.57,36.02,22.74
2026-02-14T04:30:00Z,2026-02-14 04:30,2026-02-14 04:45,QH,58.67,66.17,56.95,58.31,98.0,14,56.66,43.07,15.61
2026-02-14T04:45:00Z,2026-02-14 04:45,2026-02-14 05:00,QH,35.45,36.3,32.27,35.82,103.0,21,36.98,41.13,-5.69
2026-02-14T05:00:00Z,2026-02-14 05:00,2026-02-14 05:15,QH,40.3,43.85,39.19,40.28,81.1,36,37.1,44.1,-3.8
2026-02-14T05:15:00Z,2026-02-14 05:15,2026-02-14 05:30,QH,16.82,17.26,14.25,15.7,89.0,13,18.28,38.44,-21.62
2026-02-14T05:30:00Z,2026-02-14 05:30,2026-02-14 05:45,QH,36.27,42.71,32.6,41.54,123.3,48,39.41,33.83,2.44
2026-02-14T05:45:00Z,2026-02-14 05:45,2026-02-14 06:00,QH,51.92,57.81,50.24,55.33,97.4,23,51.98,37.47,14.45
2026-02-14T06:00:00Z,2026-02-14 06:00,2026-02-14 06:15,QH,38.88,40.49,37.79,40.25,62.5,9,37.92,32.35,6.53
2026-02-14T06:15:00Z,2026-02-14 06:15,2026-02-14 06:30,QH,43.98,46.94,40.07,50.03,77.8,11,46.52,35.94,8.04
2026-02-14T06:30:00Z,2026-02-14 06:30,2026-02-14 06:45,QH,41.52,42.84,38.9,39.52,76.8,27,38.98,40.32,1.2
2026-02-14T06:45:00Z,2026-02-14 06:45,2026-02-14 07:00,QH,37.8,39.59,31.92,39.71,150.5,35,37.95,40.93,-3.13
2026-02-14T07:00:00Z,2026-02-14 07:00,2026-02-14 07:15,QH,56.1,60.88,53.21,57.47,98.2,12,55.64,72.99,-16.9
2026-02-14T07:15:00Z,2026-02-14 07:15,2026-02-14 07:30,QH,80.05,87.47,79.13,82.47,135.7,37,81.61,79.48,0.58
2026-02-14T07:30:00Z,2026-02-14 07:30,2026-02-14 07:45,QH,68.61,70.98,62.52,68.44,71.6,15,68.7,78.85,-10.24
2026-02-14T07:45:00Z,2026-02-14 07:45,2026-02-14 08:00,QH,69.89,75.67,68.08,70.66,69.6,8,69.64,77.08,-7.19
2026-02-14T08:00:00Z,2026-02-14 08:00,2026-02-14 08:15,QH,75.5,81.0,72.63,74.73,90.5,27,77.78,75.64,-0.14
2026-02-14T08:15:00Z,2026-02-14 08:15,2026-02-14 08:30,QH,87.29,96.72,86.64,86.33,82.0,11,84.42,68.17,19.12
2026-02-14T08:30:00Z,2026-02-14 08:30,2026-02-14 08:45,QH,96.98,98.51,87.55,93.42,53.6,11,96.83,85.06,11.93
2026-02-14T08:45:00Z,2026-02-14 08:45,2026-02-14 09:00,QH,67.66,73.84,62.0,68.58,10,3,69.86,84.73,-17.07
2026-02-14T09:00:00Z,2026-02-14 09:00,2026-02-14 09:15,QH,71.5,72.86,68.41,74.01,68.5,10,70.76,84.1,-12.6
2026-02-14T09:15:00Z,2026-02-14 09:15,2026-02-14 09:30,QH,72.11,74.06,71.11,69.42,99.5,17,72.46,85.52,-13.41
2026-02-14T09:30:00Z,2026-02-14 09:30,2026-02-14 09:45,QH,86.73,88.73,83.31,82.9,93.1,26,84.0,90.6,-3.87
2026-02-14T09:45:00Z,2026-02-14 09:45,2026-02-14 10:00,QH,94.28,99.86,90.82,90.59,157.0,29,92.97,81.4,12.87
2026-02-14T10:00:00Z,2026-02-14 10:00,2026-02-14 10:15,QH,153.23,153.8,152.38,150.84,103.2,29,154.41,79.13,74.1
2026-02-14T10:15:00Z,2026-02-14 10:15,2026-02-14 10:30,QH,61.18,62.81,59.93,64.1,83.3,23,59.84,77.31,-16.13
2026-02-14T10:30:00Z,2026-02-14 10:30,2026-02-14 10:45,QH,102.57,106.76,100.97,105.5,73.9,13,103.16,82.48,20.09
2026-02-14T10:45:00Z,2026-02-14 10:45,2026-02-14 11:00,QH,89.73,91.98,84.9,91.31,101.4,40,89.81,82.85,6.88
2026-02-14T11:00:00Z,2026-02-14 11:00,2026-02-14 11:15,QH,64.01,66.45,57.29,60.67,118.5,24,63.13,97.16,-33.15
2026-02-14T11:15:00Z,2026-02-14 11:15,2026-02-14 11:30,QH,72.64,73.79,66.78,70.58,118.9,15,74.37,88.3,-15.65
2026-02-14T11:30:00Z,2026-02-14 11:30,2026-02-14 11:45,QH,81.85,91.14,75.23,82.82,87.3,40,84.97,67.86,13.99
2026-02-14T11:45:00Z,2026-02-14 11:45,2026-02-14 12:00,QH,183.05,186.86,182.08,184.32,31.4,5,182.3,93.08,89.97
2026-02-14T12:00:00Z,2026-02-14 12:00,2026-02-14 12:15,QH,77.5,84.16,77.3,74.76,98.5,12,74.22,88.72,-11.22
2026-02-14T12:15:00Z,2026-02-14 12:15,2026-02-14 12:30,QH,86.84,93.31,83.94,85.3,158.0,46,86.7,82.91,3.94
2026-02-14T12:30:00Z,2026-02-14 12:30,2026-02-14 12:45,QH,73.7,76.17,65.32,78.91,101.2,23,72.98,80.77,-7.07
2026-02-14T12:45:00Z,2026-02-14 12:45,2026-02-14 13:00,QH,75.6,78.19,69.92,72.92,97.2,39,75.93,87.85,-12.26
2026-02-14T13:00:00Z,2026-02-14 13:00,2026-02-14 13:15,QH,85.87,88.43,76.87,84.54,32.9,11,86.57,82.84,3.03
2026-02-14T13:15:00Z,2026-02-14 13:15,2026-02-14 13:30,QH,59.55,64.61,58.59,54.98,74.7,18,57.72,78.52,-18.97
2026-02-14T13:30:00Z,2026-02-14 13:30,2026-02-14 13:45,QH,73.09,78.66,65.5,71.0,80.3,13,71.62,84.37,-11.27
2026-02-14T13:45:00Z,2026-02-14 13:45,2026-02-14 14:00,QH,95.15,98.36,92.76,95.88,82.7,15,91.92,83.69,11.46
2026-02-14T14:00:00Z,2026-02-14 14:00,2026-02-14 14:15,QH,72.52,73.3,68.79,73.36,121.0,45,71.84,88.24,-15.72
2026-02-14T14:15:00Z,2026-02-14 14:15,2026-02-14 14:30,QH,89.06,92.88,80.85,86.37,97.1,22,85.65,79.29,9.76
2026-02-14T14:30:00Z,2026-02-14 14:30,2026-02-14 14:45,QH,78.43,79.64,76.27,75.63,120.1,20,74.81,84.96,-6.53
2026-02-14T14:45:00Z,2026-02-14 14:45,2026-02-14 15:00,QH,77.17,89.78,70.23,75.56,18.8,3,79.65,86.6,-9.43
2026-02-14T15:00:00Z,2026-02-14 15:00,2026-02-14 15:15,QH,102.14,104.22,101.28,105.2,50.2,7,101.38,86.52,15.62
2026-02-14T15:15:00Z,2026-02-14 15:15,2026-02-14 15:30,QH,71.07,77.06,63.03,74.1,51.9,6,69.96,86.48,-15.42
2026-02-14T15:30:00Z,2026-02-14 15:30,2026-02-14 15:45,QH,104.22,105.95,94.76,104.15,97.5,17,102.42,89.01,15.2
2026-02-14T15:45:00Z,2026-02-14 15:45,2026-02-14 16:00,QH,85.75,90.96,85.66,85.12,91.0,15,85.53,86.27,-0.53
2026-02-14T16:00:00Z,2026-02-14 16:00,2026-02-14 16:15,QH,71.81,72.46,69.12,70.33,99.6,14,70.94,82.16,-10.35
2026-02-14T16:15:00Z,2026-02-14 16:15,2026-02-14 16:30,QH,70.22,72.44,65.19,70.24,53.5,9,73.2,94.66,-24.44
2026-02-14T16:30:00Z,2026-02-14 16:30,2026-02-14 16:45,QH,95.84,96.73,87.25,96.71,64.6,12,96.31,78.29,17.54
2026-02-14T16:45:00Z,2026-02-14 16:45,2026-02-14 17:00,QH,75.64,84.35,74.66,77.01,108.9,26,74.93,77.53,-1.88
2026-02-14T17:00:00Z,2026-02-14 17:00,2026-02-14 17:15,QH,83.27,85.23,81.91,87.17,80.1,10,77.74,73.68,9.59
2026-02-14T17:15:00Z,2026-02-14 17:15,2026-02-14 17:30,QH,80.85,81.16,68.57,85.54,154.3,36,77.91,81.53,-0.68
2026-02-14T17:30:00Z,2026-02-14 17:30,2026-02-14 17:45,QH,66.91,74.75,65.67,59.48,86.2,14,66.22,80.22,-13.31
2026-02-14T17:45:00Z,2026-02-14 17:45,2026-02-14 18:00,QH,93.42,99.42,82.74,89.82,106.4,23,92.74,79.07,14.35
2026-02-14T18:00:00Z,2026-02-14 18:00,2026-02-14 18:15,QH,89.84,94.84,86.13,87.71,75.8,13,89.69,80.0,9.84
2026-02-14T18:15:00Z,2026-02-14 18:15,2026-02-14 18:30,QH,79.51,87.37,75.5,85.12,49.7,9,80.44,78.97,0.54
2026-02-14T18:30:00Z,2026-02-14 18:30,2026-02-14 18:45,QH,67.55,69.18,64.8,69.46,94.9,15,69.01,80.42,-12.87
2026-02-14T18:45:00Z,2026-02-14 18:45,2026-02-14 19:00,QH,70.13,71.37,61.8,67.85,38.7,13,71.21,73.08,-2.95
2026-02-14T19:00:00Z,2026-02-14 19:00,2026-02-14 19:15,QH,78.94,91.24,76.35,81.6,87.0,27,83.32,74.27,4.67
2026-02-14T19:15:00Z,2026-02-14 19:15,2026-02-14 19:30,QH,73.87,76.6,72.63,68.22,99.7,43,73.49,67.8,6.07
2026-02-14T19:30:00Z,2026-02-14 19:30,2026-02-14 19:45,QH,18.69,30.7,17.15,19.18,63.9,10,21.65,80.71,-62.02
2026-02-14T19:45:00Z,2026-02-14 19:45,2026-02-14 20:00,QH,72.22,73.68,71.02,73.49,65.4,12,71.66,79.64,-7.42
2026-02-14T20:00:00Z,2026-02-14 20:00,2026-02-14 20:15,QH,53.33,53.88,50.08,59.46,89.2,20,51.27,35.74,17.59
2026-02-14T20:15:00Z,2026-02-14 20:15,2026-02-14 20:30,QH,44.05,44.59,41.43,43.66,77.9,35,47.28,42.7,1.35
2026-02-14T20:30:00Z,2026-02-14 20:30,2026-02-14 20:45,QH,11.25,17.78,7.08,10.96,130.9,27,10.27,49.47,-38.22
2026-02-14T20:45:00Z,2026-02-14 20:45,2026-02-14 21:00,QH,61.0,62.64,59.38,61.89,68.8,22,58.88,47.7,13.3
2026-02-14T21:00:00Z,2026-02-14 21:00,2026-02-14 21:15,QH,142.55,146.15,137.72,144.04,81.1,16,144.17,41.09,101.47
2026-02-14T21:15:00Z,2026-02-14 21:15,2026-02-14 21:30,QH,33.52,40.63,25.67,37.44,58.5,22,33.23,46.08,-12.55
2026-02-14T21:30:00Z,2026-02-14 21:30,2026-02-14 21:45,QH,48.19,50.03,41.77,52.17,67.9,9,48.57,48.19,0.0
2026-02-14T21:45:00Z,2026-02-14 21:45,2026-02-14 22:00,QH,46.82,56.47,45.79,48.25,70.4,12,44.01,45.97,0.84
2026-02-14T22:00:00Z,2026-02-14 22:00,2026-02-14 22:15,QH,47.66,51.97,46.73,51.14,64.8,14,45.92,34.82,12.84
2026-02-14T22:15:00Z,2026-02-14 22:15,2026-02-14 22:30,QH,48.5,50.53,44.38,46.68,56.0,12,45.65,41.53,6.97
2026-02-14T22:30:00Z,2026-02-14 22:30,2026-02-14 22:45,QH,24.41,32.71,20.38,26.53,93.2,11,21.25,27.79,-3.38
2026-02-14T22:45:00Z,2026-02-14 22:45,2026-02-14 23:00,QH,50.63,57.44,49.2,52.86,75.2,11,49.25,33.56,17.07
2026-02-14T23:00:00Z,2026-02-14 23:00,2026-02-14 23:15,QH,59.5,61.13,58.95,59.64,55.0,8,59.65,39.53,19.97
2026-02-14T23:15:00Z,2026-02-14 23:15,2026-02-14 23:30,QH,29.05,34.35,25.44,30.59,51.0,7,27.52,38.29,-9.24
2026-02-14T23:30:00Z,2026-02-14 23:30,2026-02-14 23:45,QH,41.59,51.76,30.06,45.29,96.2,24,44.36,31.91,9.68
2026-02-14T23:45:00Z,2026-02-14 23:45,2026-02-15 00:00,QH,43.2,54.75,39.33,41.08,53.0,7,42.69,40.48,2.72
2026-02-15T00:00:00Z,2026-02-15 00:00,2026-02-15 00:15,QH,31.6,34.05,25.86,39.29,114.2,31,28.35,35.59,-3.98
2026-02-15T00:15:00Z,2026-02-15 00:15,2026-02-15 00:30,QH,41.78,43.53,38.74,39.09,71.1,19,42.46,41.98,-0.21
2026-02-15T00:30:00Z,2026-02-15 00:30,2026-02-15 00:45,QH,45.6,49.1,44.69,43.24,99.2,16,44.4,40.36,5.24
2026-02-15T00:45:00Z,2026-02-15 00:45,2026-02-15 01:00,QH,154.81,158.42,150.53,157.68,79.6,13,155.15,34.34,120.47
2026-02-15T01:00:00Z,2026-02-15 01:00,2026-02-15 01:15,QH,44.33,47.09,39.87,45.32,127.9,42,44.39,36.99,7.35
2026-02-15T01:15:00Z,2026-02-15 01:15,2026-02-15 01:30,QH,43.01,49.13,36.41,39.2,68.1,14,43.56,40.99,2.03
2026-02-15T01:30:00Z,2026-02-15 01:30,2026-02-15 01:45,QH,150.88,153.3,148.44,157.53,109.6,21,151.05,44.2,106.69
2026-02-15T01:45:00Z,2026-02-15 01:45,2026-02-15 02:00,QH,43.39,44.0,31.51,40.35,98.1,26,45.78,38.77,4.62
2026-02-15T02:00:00Z,2026-02-15 02:00,2026-02-15 02:15,QH,45.73,50.83,38.04,50.8,119.8,21,43.6,28.87,16.86
2026-02-15T02:15:00Z,2026-02-15 02:15,2026-02-15 02:30,QH,55.43,56.94,55.04,52.34,92.8,28,54.19,35.63,19.8
2026-02-15T02:30:00Z,2026-02-15 02:30,2026-02-15 02:45,QH,41.74,43.96,34.23,44.44,28.4,9,44.74,40.47,1.27
2026-02-15T02:45:00Z,2026-02-15 02:45,2026-02-15 03:00,QH,4.78,6.15,3.18,6.52,110.5,15,8.51,39.17,-34.39
2026-02-15T03:00:00Z,2026-02-15 03:00,2026-02-15 03:15,QH,33.3,36.59,32.03,29.76,64.6,8,34.09,41.43,-8.12
2026-02-15T03:15:00Z,2026-02-15 03:15,2026-02-15 03:30,QH,50.56,54.27,45.45,49.37,118.0,31,49.27,34.43,16.14
2026-02-15T03:30:00Z,2026-02-15 03:30,2026-02-15 03:45,QH,28.87,29.25,14.6,28.15,75.6,9,24.68,45.88,-17.01
2026-02-15T03:45:00Z,2026-02-15 03:45,2026-02-15 04:00,QH,58.79,66.75,56.12,65.41,109.2,16,57.35,43.54,15.26
2026-02-15T04:00:00Z,2026-02-15 04:00,2026-02-15 04:15,QH,42.86,50.27,40.44,41.76,101.8,39,41.3,37.54,5.32
2026-02-15T04:15:00Z,2026-02-15 04:15,2026-02-15 04:30,QH,50.54,54.51,47.46,51.43,59.6,10,52.19,40.83,9.71
2026-02-15T04:30:00Z,2026-02-15 04:30,2026-02-15 04:45,QH,40.82,48.66,40.6,43.03,105.6,15,42.13,40.85,-0.03
2026-02-15T04:45:00Z,2026-02-15 04:45,2026-02-15 05:00,QH,30.32,30.57,24.73,27.0,86.6,12,28.41,43.89,-13.57
2026-02-15T05:00:00Z,2026-02-15 05:00,2026-02-15 05:15,QH,36.81,40.62,28.76,37.2,80.1,20,36.43,39.92,-3.11
2026-02-15T05:15:00Z,2026-02-15 05:15,2026-02-15 05:30,QH,50.1,60.59,49.39,55.57,81.3,14,50.22,45.81,4.3
2026-02-15T05:30:00Z,2026-02-15 05:30,2026-02-15 05:45,QH,54.68,55.16,53.92,55.05,108.4,33,55.27,35.47,19.22
2026-02-15T05:45:00Z,2026-02-15 05:45,2026-02-15 06:00,QH,45.09,51.54,34.12,39.83,87.1,16,46.04,37.18,7.92
2026-02-15T06:00:00Z,2026-02-15 06:00,2026-02-15 06:15,QH,41.71,48.89,39.49,37.82,69.0,27,40.77,32.65,9.06
2026-02-15T06:15:00Z,2026-02-15 06:15,2026-02-15 06:30,QH,41.2,45.6,30.55,43.07,132.4,22,40.32,40.06,1.14
2026-02-15T06:30:00Z,2026-02-15 06:30,2026-02-15 06:45,QH,42.21,45.18,30.29,45.14,54.4,8,41.25,28.15,14.06
2026-02-15T06:45:00Z,2026-02-15 06:45,2026-02-15 07:00,QH,116.26,121.81,112.81,119.04,98.4,34,116.54,28.92,87.34
2026-02-15T07:00:00Z,2026-02-15 07:00,2026-02-15 07:15,QH,58.63,62.65,52.43,60.79,127.3,44,58.71,69.35,-10.72
2026-02-15T07:15:00Z,2026-02-15 07:15,2026-02-15 07:30,QH,73.49,80.13,69.24,74.2,66.7,8,75.53,78.37,-4.88
2026-02-15T07:30:00Z,2026-02-15 07:30,2026-02-15 07:45,QH,72.71,78.77,71.98,71.08,55.9,15,71.3,71.38,1.33
2026-02-15T07:45:00Z,2026-02-15 07:45,2026-02-15 08:00,QH,86.36,101.59,86.07,82.23,97.7,26,86.7,72.25,14.11
2026-02-15T08:00:00Z,2026-02-15 08:00,2026-02-15 08:15,QH,85.1,87.62,81.81,85.43,45.1,10,84.55,82.17,2.93
2026-02-15T08:15:00Z,2026-02-15 08:15,2026-02-15 08:30,QH,83.52,88.97,82.08,81.5,76.0,23,82.53,75.49,8.03
2026-02-15T08:30:00Z,2026-02-15 08:30,2026-02-15 08:45,QH,64.38,67.01,55.61,67.85,100.9,46,62.38,79.94,-15.55
2026-02-15T08:45:00Z,2026-02-15 08:45,2026-02-15 09:00,QH,65.73,69.51,65.26,58.87,106.8,25,65.17,70.78,-5.05
2026-02-15T09:00:00Z,2026-02-15 09:00,2026-02-15 09:15,QH,78.83,79.99,74.48,77.81,134.4,18,79.24,76.6,2.23
2026-02-15T09:15:00Z,2026-02-15 09:15,2026-02-15 09:30,QH,54.71,54.76,51.14,52.6,124.5,22,57.13,79.6,-24.89
2026-02-15T09:30:00Z,2026-02-15 09:30,2026-02-15 09:45,QH,79.04,85.25,72.29,77.56,27.5,4,77.86,76.54,2.5
2026-02-15T09:45:00Z,2026-02-15 09:45,2026-02-15 10:00,QH,65.78,67.11,57.15,63.16,72.3,17,65.0,88.03,-22.25
2026-02-15T10:00:00Z,2026-02-15 10:00,2026-02-15 10:15,QH,69.38,74.47,67.77,68.08,87.0,13,71.41,76.14,-6.76
2026-02-15T10:15:00Z,2026-02-15 10:15,2026-02-15 10:30,QH,104.15,109.51,103.92,105.51,144.7,49,102.03,78.1,26.04
2026-02-15T10:30:00Z,2026-02-15 10:30,2026-02-15 10:45,QH,77.13,82.16,76.87,75.89,127.8,21,78.11,76.97,0.16
2026-02-15T10:45:00Z,2026-02-15 10:45,2026-02-15 11:00,QH,71.37,75.24,61.07,75.33,66.7,8,71.43,76.9,-5.53
2026-02-15T11:00:00Z,2026-02-15 11:00,2026-02-15 11:15,QH,98.57,100.86,94.28,102.82,89.1,16,101.46,83.89,14.68
2026-02-15T11:15:00Z,2026-02-15 11:15,2026-02-15 11:30,QH,79.7,86.51,72.18,76.06,115.4,16,79.91,76.7,3.01
2026-02-15T11:30:00Z,2026-02-15 11:30,2026-02-15 11:45,QH,87.51,88.18,81.66,85.8,123.3,30,85.51,87.29,0.23
2026-02-15T11:45:00Z,2026-02-15 11:45,2026-02-15 12:00,QH,94.71,102.89,92.92,92.75,93.0,16,95.11,90.95,3.76
2026-02-15T12:00:00Z,2026-02-15 12:00,2026-02-15 12:15,QH,68.43,71.67,68.37,70.06,63.0,10,65.95,90.27,-21.85
2026-02-15T12:15:00Z,2026-02-15 12:15,2026-02-15 12:30,QH,88.37,93.5,87.9,87.61,93.3,12,87.57,79.95,8.42
2026-02-15T12:30:00Z,2026-02-15 12:30,2026-02-15 12:45,QH,100.62,100.95,98.68,100.86,138.7,20,101.45,83.51,17.11
2026-02-15T12:45:00Z,2026-02-15 12:45,2026-02-15 13:00,QH,87.71,91.91,80.87,85.26,103.6,28,90.28,77.69,10.02
2026-02-15T13:00:00Z,2026-02-15 13:00,2026-02-15 13:15,QH,90.9,93.49,89.02,93.67,99.1,13,91.13,87.73,3.17
2026-02-15T13:15:00Z,2026-02-15 13:15,2026-02-15 13:30,QH,92.61,96.01,92.21,94.98,41.2,16,92.49,90.52,2.09
2026-02-15T13:30:00Z,2026-02-15 13:30,2026-02-15 13:45,QH,97.9,100.42,95.67,96.32,49.6,10,96.01,77.66,20.23
2026-02-15T13:45:00Z,2026-02-15 13:45,2026-02-15 14:00,QH,86.15,89.88,80.92,88.69,65.6,8,86.51,88.6,-2.44
2026-02-15T14:00:00Z,2026-02-15 14:00,2026-02-15 14:15,QH,78.84,86.77,77.98,72.78,103.1,38,78.17,83.18,-4.34
2026-02-15T14:15:00Z,2026-02-15 14:15,2026-02-15 14:30,QH,88.84,92.97,88.54,84.25,85.9,11,88.53,78.19,10.65
2026-02-15T14:30:00Z,2026-02-15 14:30,2026-02-15 14:45,QH,82.31,88.71,78.95,82.93,139.9,18,85.39,81.64,0.67
2026-02-15T14:45:00Z,2026-02-15 14:45,2026-02-15 15:00,QH,97.47,108.73,89.34,103.02,69.3,16,100.9,81.35,16.11
2026-02-15T15:00:00Z,2026-02-15 15:00,2026-02-15 15:15,QH,87.25,98.17,79.52,87.62,33.4,9,89.81,69.5,17.75
2026-02-15T15:15:00Z,2026-02-15 15:15,2026-02-15 15:30,QH,52.88,56.73,41.76,54.43,79.6,16,49.74,76.54,-23.66
2026-02-15T15:30:00Z,2026-02-15 15:30,2026-02-15 15:45,QH,80.4,82.87,79.3,75.91,72.9,9,81.75,83.01,-2.61
2026-02-15T15:45:00Z,2026-02-15 15:45,2026-02-15 16:00,QH,72.49,73.45,71.96,70.15,49.1,10,70.6,86.83,-14.33
2026-02-15T16:00:00Z,2026-02-15 16:00,2026-02-15 16:15,QH,83.68,89.66,78.48,81.42,40.7,6,85.02,82.26,1.42
2026-02-15T16:15:00Z,2026-02-15 16:15,2026-02-15 16:30,QH,68.91,73.5,67.76,65.59,92.2,16,69.92,77.5,-8.58
2026-02-15T16:30:00Z,2026-02-15 16:30,2026-02-15 16:45,QH,213.83,224.98,210.57,218.74,60.7,8,214.45,80.03,133.8
2026-02-15T16:45:00Z,2026-02-15 16:45,2026-02-15 17:00,QH,81.51,85.92,75.02,84.42,89.8,12,82.86,77.77,3.74
2026-02-15T17:00:00Z,2026-02-15 17:00,2026-02-15 17:15,QH,84.61,85.74,83.34,82.37,70.6,22,84.39,79.55,5.06
2026-02-15T17:15:00Z,2026-02-15 17:15,2026-02-15 17:30,QH,84.44,86.52,80.26,86.65,37.5,9,86.37,81.6,2.84
2026-02-15T17:30:00Z,2026-02-15 17:30,2026-02-15 17:45,QH,56.81,57.12,50.44,54.19,123.2,22,51.63,73.67,-16.86
2026-02-15T17:45:00Z,2026-02-15 17:45,2026-02-15 18:00,QH,86.06,87.47,82.2,84.71,29.3,14,84.09,81.78,4.28
2026-02-15T18:00:00Z,2026-02-15 18:00,2026-02-15 18:15,QH,76.24,79.38,75.67,71.65,126.7,18,77.08,76.92,-0.68
2026-02-15T18:15:00Z,2026-02-15 18:15,2026-02-15 18:30,QH,65.61,77.42,64.46,67.56,112.8,14,63.72,68.4,-2.79
2026-02-15T18:30:00Z,2026-02-15 18:30,2026-02-15 18:45,QH,109.1,114.7,107.95,115.46,57.1,15,109.37,82.81,26.29
2026-02-15T18:45:00Z,2026-02-15 18:45,2026-02-15 19:00,QH,77.44,79.2,72.88,69.71,39.0,7,76.72,73.86,3.57
2026-02-15T19:00:00Z,2026-02-15 19:00,2026-02-15 19:15,QH,57.87,58.07,55.61,58.12,50.9,7,56.11,78.22,-20.35
2026-02-15T19:15:00Z,2026-02-15 19:15,2026-02-15 19:30,QH,87.4,93.04,81.56,88.17,57.1,9,89.67,68.5,18.9
2026-02-15T19:30:00Z,2026-02-15 19:30,2026-02-15 19:45,QH,70.58,72.61,66.03,73.02,65.5,16,67.48,74.82,-4.24
2026-02-15T19:45:00Z,2026-02-15 19:45,2026-02-15 20:00,QH,66.97,71.95,65.84,64.53,86.2,24,65.08,67.65,-0.69
2026-02-15T20:00:00Z,2026-02-15 20:00,2026-02-15 20:15,QH,32.79,43.78,25.5,37.71,76.2,15,35.5,40.44,-7.66
2026-02-15T20:15:00Z,2026-02-15 20:15,2026-02-15 20:30,QH,28.02,31.9,20.24,32.19,84.7,18,27.04,41.58,-13.56
2026-02-15T20:30:00Z,2026-02-15 20:30,2026-02-15 20:45,QH,37.68,40.02,32.8,38.78,96.7,24,35.69,30.32,7.36
2026-02-15T20:45:00Z,2026-02-15 20:45,2026-02-15 21:00,QH,35.24,44.31,31.38,38.34,109.0,18,31.37,45.92,-10.68
2026-02-15T21:00:00Z,2026-02-15 21:00,2026-02-15 21:15,QH,18.88,23.05,15.74,15.52,84.3,17,21.23,33.9,-15.02
2026-02-15T21:15:00Z,2026-02-15 21:15,2026-02-15 21:30,QH,37.18,46.46,35.71,40.0,67.0,15,37.71,35.72,1.46
2026-02-15T21:30:00Z,2026-02-15 21:30,2026-02-15 21:45,QH,14.8,15.52,12.58,12.02,97.2,26,14.76,30.51,-15.7
2026-02-15T21:45:00Z,2026-02-15 21:45,2026-02-15 22:00,QH,39.92,41.49,34.9,41.2,110.4,19,39.13,48.12,-8.21
2026-02-15T22:00:00Z,2026-02-15 22:00,2026-02-15 22:15,QH,36.71,43.21,35.44,36.3,87.6,20,36.12,38.24,-1.52
2026-02-15T22:15:00Z,2026-02-15 22:15,2026-02-15 22:30,QH,44.25,48.31,38.93,47.45,66.8,27,44.32,39.69,4.55
2026-02-15T22:30:00Z,2026-02-15 22:30,2026-02-15 22:45,QH,42.35,43.03,32.41,45.44,90.5,38,41.17,42.97,-0.63
2026-02-15T22:45:00Z,2026-02-15 22:45,2026-02-15 23:00,QH,56.87,58.3,54.51,57.0,69.4,32,56.13,36.19,20.68
2026-02-15T23:00:00Z,2026-02-15 23:00,2026-02-15 23:15,QH,33.63,36.37,32.73,29.02,54.6,6,33.14,41.37,-7.73
2026-02-15T23:15:00Z,2026-02-15 23:15,2026-02-15 23:30,QH,21.2,21.79,11.38,19.94,90.6,12,24.95,39.88,-18.67
2026-02-15T23:30:00Z,2026-02-15 23:30,2026-02-15 23:45,QH,32.34,36.57,30.29,29.94,119.9,19,30.25,39.34,-7.0
2026-02-15T23:45:00Z,2026-02-15 23:45,2026-02-16 00:00,QH,10.5,13.51,9.14,17.52,111.3,16,8.36,38.84,-28.34
2026-02-16T00:00:00Z,2026-02-16 00:00,2026-02-16 00:15,QH,62.47,66.98,59.85,63.32,133.8,27,60.22,68.66,-6.19
2026-02-16T00:15:00Z,2026-02-16 00:15,2026-02-16 00:30,QH,56.71,66.08,53.49,61.37,79.7,17,58.07,53.15,3.56
2026-02-16T00:30:00Z,2026-02-16 00:30,2026-02-16 00:45,QH,51.52,54.12,44.15,53.34,99.8,31,50.05,55.76,-4.24
2026-02-16T00:45:00Z,2026-02-16 00:45,2026-02-16 01:00,QH,31.75,32.86,28.47,29.21,92.8,25,35.63,60.92,-29.16
2026-02-16T01:00:00Z,2026-02-16 01:00,2026-02-16 01:15,QH,52.75,58.57,48.13,49.34,69.2,30,53.69,56.96,-4.21
2026-02-16T01:15:00Z,2026-02-16 01:15,2026-02-16 01:30,QH,62.01,65.14,57.32,58.91,89.8,21,62.31,58.48,3.53
2026-02-16T01:30:00Z,2026-02-16 01:30,2026-02-16 01:45,QH,49.94,52.45,48.94,50.73,98.0,23,47.87,51.62,-1.68
2026-02-16T01:45:00Z,2026-02-16 01:45,2026-02-16 02:00,QH,56.55,65.17,48.84,58.46,58.3,10,57.99,62.35,-5.8
2026-02-16T02:00:00Z,2026-02-16 02:00,2026-02-16 02:15,QH,50.1,50.51,41.47,46.31,39.2,18,49.52,48.41,1.69
2026-02-16T02:15:00Z,2026-02-16 02:15,2026-02-16 02:30,QH,47.08,50.27,46.48,46.95,78.2,10,52.28,59.66,-12.59
2026-02-16T02:30:00Z,2026-02-16 02:30,2026-02-16 02:45,QH,147.8,151.2,143.48,147.38,45.2,6,150.63,68.02,79.78
2026-02-16T02:45:00Z,2026-02-16 02:45,2026-02-16 03:00,QH,62.98,69.08,62.85,64.42,61.8,8,64.34,55.58,7.4
2026-02-16T03:00:00Z,2026-02-16 03:00,2026-02-16 03:15,QH,57.74,64.75,57.55,60.2,55.9,12,53.87,54.23,3.51
2026-02-16T03:15:00Z,2026-02-16 03:15,2026-02-16 03:30,QH,89.95,101.3,85.87,92.02,107.0,31,92.13,58.11,31.83
2026-02-16T03:30:00Z,2026-02-16 03:30,2026-02-16 03:45,QH,64.52,64.83,57.42,60.75,80.2,12,65.26,61.97,2.54
2026-02-16T03:45:00Z,2026-02-16 03:45,2026-02-16 04:00,QH,67.71,71.65,62.84,67.87,71.8,21,70.81,48.57,19.14
2026-02-16T04:00:00Z,2026-02-16 04:00,2026-02-16 04:15,QH,65.23,74.72,58.73,69.78,82.4,18,66.54,55.65,9.57
2026-02-16T04:15:00Z,2026-02-16 04:15,2026-02-16 04:30,QH,50.45,52.44,40.96,51.28,17.8,4,52.23,58.77,-8.32
2026-02-16T04:30:00Z,2026-02-16 04:30,2026-02-16 04:45,QH,55.25,55.59,49.71,59.23,80.4,35,53.72,55.71,-0.46
2026-02-16T04:45:00Z,2026-02-16 04:45,2026-02-16 05:00,QH,57.12,62.24,53.31,54.56,112.2,23,54.93,56.98,0.14
2026-02-16T05:00:00Z,2026-02-16 05:00,2026-02-16 05:15,QH,64.38,72.48,64.29,61.09,49.1,10,64.02,52.2,12.18
2026-02-16T05:15:00Z,2026-02-16 05:15,2026-02-16 05:30,QH,46.83,55.8,45.61,44.47,70.5,28,46.77,60.96,-14.13
2026-02-16T05:30:00Z,2026-02-16 05:30,2026-02-16 05:45,QH,46.01,47.97,39.32,47.73,64.9,25,42.64,53.29,-7.28
2026-02-16T05:45:00Z,2026-02-16 05:45,2026-02-16 06:00,QH,56.81,57.0,53.38,57.26,53.8,9,59.34,60.08,-3.27
2026-02-16T06:00:00Z,2026-02-16 06:00,2026-02-16 06:15,QH,53.33,56.35,44.76,52.63,78.3,25,55.06,60.59,-7.26
2026-02-16T06:15:00Z,2026-02-16 06:15,2026-02-16 06:30,QH,39.54,41.02,37.39,36.09,44.8,8,41.61,61.29,-21.75
2026-02-16T06:30:00Z,2026-02-16 06:30,2026-02-16 06:45,QH,63.19,64.83,61.86,64.33,85.8,11,60.89,57.93,5.26
2026-02-16T06:45:00Z,2026-02-16 06:45,2026-02-16 07:00,QH,42.51,42.57,40.89,43.88,84.6,13,42.55,58.65,-16.13
2026-02-16T07:00:00Z,2026-02-16 07:00,2026-02-16 07:15,QH,103.55,108.12,98.19,104.49,84.6,15,103.66,96.41,7.14
2026-02-16T07:15:00Z,2026-02-16 07:15,2026-02-16 07:30,QH,100.99,111.26,100.77,102.84,115.3,32,100.64,86.18,14.81
2026-02-16T07:30:00Z,2026-02-16 07:30,2026-02-16 07:45,QH,101.12,102.61,95.98,98.81,57.3,19,106.34,91.05,10.07
2026-02-16T07:45:00Z,2026-02-16 07:45,2026-02-16 08:00,QH,94.86,104.64,94.79,94.81,100.7,24,93.3,90.84,4.02
2026-02-16T08:00:00Z,2026-02-16 08:00,2026-02-16 08:15,QH,101.98,102.16,96.55,105.14,68.4,12,102.31,89.79,12.19
2026-02-16T08:15:00Z,2026-02-16 08:15,2026-02-16 08:30,QH,112.2,112.59,110.95,110.24,113.9,34,112.41,101.65,10.56
2026-02-16T08:30:00Z,2026-02-16 08:30,2026-02-16 08:45,QH,79.89,84.84,75.0,80.02,77.1,18,77.72,92.65,-12.76
2026-02-16T08:45:00Z,2026-02-16 08:45,2026-02-16 09:00,QH,89.75,100.62,84.73,87.42,116.2,24,86.35,96.41,-6.67
2026-02-16T09:00:00Z,2026-02-16 09:00,2026-02-16 09:15,QH,97.51,102.18,92.4,96.32,94.5,27,97.99,97.2,0.31
2026-02-16T09:15:00Z,2026-02-16 09:15,2026-02-16 09:30,QH,97.79,101.95,97.54,94.98,75.0,25,95.43,99.29,-1.5
2026-02-16T09:30:00Z,2026-02-16 09:30,2026-02-16 09:45,QH,99.44,108.34,86.37,96.28,53.3,7,99.08,96.25,3.19
2026-02-16T09:45:00Z,2026-02-16 09:45,2026-02-16 10:00,QH,104.23,105.54,95.69,102.49,89.2,17,103.13,95.41,8.82
2026-02-16T10:00:00Z,2026-02-16 10:00,2026-02-16 10:15,QH,106.24,113.45,99.31,105.46,68.2,11,107.77,97.85,8.39
2026-02-16T10:15:00Z,2026-02-16 10:15,2026-02-16 10:30,QH,76.57,78.06,74.35,78.19,30.7,5,74.89,108.31,-31.74
2026-02-16T10:30:00Z,2026-02-16 10:30,2026-02-16 10:45,QH,102.43,106.34,97.81,100.92,103.2,14,98.91,101.2,1.23
2026-02-16T10:45:00Z,2026-02-16 10:45,2026-02-16 11:00,QH,94.88,99.66,93.73,95.73,98.9,17,95.42,98.69,-3.81
2026-02-16T11:00:00Z,2026-02-16 11:00,2026-02-16 11:15,QH,103.39,108.18,91.49,98.24,126.7,17,103.46,101.42,1.97
2026-02-16T11:15:00Z,2026-02-16 11:15,2026-02-16 11:30,QH,96.0,98.49,89.71,92.66,139.9,23,96.5,101.63,-5.63
2026-02-16T11:30:00Z,2026-02-16 11:30,2026-02-16 11:45,QH,90.3,97.54,87.33,94.98,126.7,17,84.76,101.31,-11.02
2026-02-16T11:45:00Z,2026-02-16 11:45,2026-02-16 12:00,QH,106.89,109.02,103.3,102.68,59.7,16,110.35,94.36,12.53
2026-02-16T12:00:00Z,2026-02-16 12:00,2026-02-16 12:15,QH,115.28,119.14,104.55,114.33,62.2,8,116.95,103.5,11.78
2026-02-16T12:15:00Z,2026-02-16 12:15,2026-02-16 12:30,QH,110.74,111.09,106.42,111.38,64.6,11,110.48,101.54,9.21
2026-02-16T12:30:00Z,2026-02-16 12:30,2026-02-16 12:45,QH,109.52,120.35,107.98,107.88,62.4,11,107.56,96.15,13.37
2026-02-16T12:45:00Z,2026-02-16 12:45,2026-02-16 13:00,QH,108.97,115.48,108.35,110.61,91.8,15,107.21,93.15,15.81
2026-02-16T13:00:00Z,2026-02-16 13:00,2026-02-16 13:15,QH,191.21,193.17,186.31,187.03,88.2,12,190.38,108.43,82.78
2026-02-16T13:15:00Z,2026-02-16 13:15,2026-02-16 13:30,QH,96.94,106.12,88.94,92.34,114.5,22,97.6,101.68,-4.74
2026-02-16T13:30:00Z,2026-02-16 13:30,2026-02-16 13:45,QH,105.27,111.47,98.24,109.29,87.4,12,103.15,107.35,-2.08
2026-02-16T13:45:00Z,2026-02-16 13:45,2026-02-16 14:00,QH,88.58,99.57,87.54,91.77,82.4,38,87.32,112.4,-23.82
2026-02-16T14:00:00Z,2026-02-16 14:00,2026-02-16 14:15,QH,95.52,96.2,90.91,96.13,50.8,7,96.51,107.97,-12.45
2026-02-16T14:15:00Z,2026-02-16 14:15,2026-02-16 14:30,QH,90.28,93.55,86.22,95.23,135.1,21,91.79,98.85,-8.57
2026-02-16T14:30:00Z,2026-02-16 14:30,2026-02-16 14:45,QH,101.55,106.06,94.44,103.97,103.2,23,101.38,96.98,4.57
2026-02-16T14:45:00Z,2026-02-16 14:45,2026-02-16 15:00,QH,91.21,92.52,88.89,93.6,99.7,33,94.02,104.31,-13.1
2026-02-16T15:00:00Z,2026-02-16 15:00,2026-02-16 15:15,QH,92.09,99.22,91.24,94.07,28.4,11,90.02,103.68,-11.59
2026-02-16T15:15:00Z,2026-02-16 15:15,2026-02-16 15:30,QH,131.01,132.03,130.87,131.89,88.0,15,129.45,95.39,35.61
2026-02-16T15:30:00Z,2026-02-16 15:30,2026-02-16 15:45,QH,77.4,80.02,74.95,75.27,49.8,16,78.44,105.05,-27.65
2026-02-16T15:45:00Z,2026-02-16 15:45,2026-02-16 16:00,QH,90.54,93.53,88.45,89.9,65.7,27,88.89,97.87,-7.33
2026-02-16T16:00:00Z,2026-02-16 16:00,2026-02-16 16:15,QH,112.71,117.84,111.3,112.6,89.4,12,116.0,102.09,10.62
2026-02-16T16:15:00Z,2026-02-16 16:15,2026-02-16 16:30,QH,107.7,112.57,104.32,105.39,110.0,28,105.47,100.9,6.8
2026-02-16T16:30:00Z,2026-02-16 16:30,2026-02-16 16:45,QH,85.72,89.5,85.59,82.19,96.5,32,86.95,97.15,-11.44
2026-02-16T16:45:00Z,2026-02-16 16:45,2026-02-16 17:00,QH,83.41,87.15,83.02,85.57,104.9,33,86.08,96.48,-13.07
2026-02-16T17:00:00Z,2026-02-16 17:00,2026-02-16 17:15,QH,100.5,108.91,97.82,96.01,79.4,30,100.43,91.96,8.54
2026-02-16T17:15:00Z,2026-02-16 17:15,2026-02-16 17:30,QH,93.28,93.91,92.51,96.75,82.3,32,95.55,102.04,-8.76
2026-02-16T17:30:00Z,2026-02-16 17:30,2026-02-16 17:45,QH,82.66,87.29,82.38,83.16,95.1,26,85.45,111.43,-28.77
2026-02-16T17:45:00Z,2026-02-16 17:45,2026-02-16 18:00,QH,100.46,102.62,98.49,104.13,97.7,23,102.97,88.49,11.97
2026-02-16T18:00:00Z,2026-02-16 18:00,2026-02-16 18:15,QH,78.11,87.97,74.27,81.88,64.0,17,78.74,94.28,-16.17
2026-02-16T18:15:00Z,2026-02-16 18:15,2026-02-16 18:30,QH,115.09,121.13,103.41,118.43,76.5,18,119.63,90.31,24.78
2026-02-16T18:30:00Z,2026-02-16 18:30,2026-02-16 18:45,QH,104.31,104.95,103.21,98.86,42.3,6,101.38,96.5,7.8
2026-02-16T18:45:00Z,2026-02-16 18:45,2026-02-16 19:00,QH,87.73,89.44,82.61,87.53,48.4,6,87.61,97.73,-9.99
2026-02-16T19:00:00Z,2026-02-16 19:00,2026-02-16 19:15,QH,104.35,108.42,102.86,106.77,63.3,12,100.38,89.27,15.09
2026-02-16T19:15:00Z,2026-02-16 19:15,2026-02-16 19:30,QH,97.12,100.01,87.92,98.84,47.0,14,97.63,93.9,3.22
2026-02-16T19:30:00Z,2026-02-16 19:30,2026-02-16 19:45,QH,83.38,84.57,80.68,83.86,84.3,11,83.55,86.89,-3.51
2026-02-16T19:45:00Z,2026-02-16 19:45,2026-02-16 20:00,QH,95.62,102.0,94.83,94.84,67.5,16,95.65,87.92,7.7
2026-02-16T20:00:00Z,2026-02-16 20:00,2026-02-16 20:15,QH,73.03,77.05,69.06,77.64,76.0,11,72.29,55.28,17.75
2026-02-16T20:15:00Z,2026-02-16 20:15,2026-02-16 20:30,QH,57.31,63.66,57.22,55.16,78.3,15,57.16,59.05,-1.75
2026-02-16T20:30:00Z,2026-02-16 20:30,2026-02-16 20:45,QH,71.9,72.44,63.25,69.36,190.0,46,71.11,60.65,11.25
2026-02-16T20:45:00Z,2026-02-16 20:45,2026-02-16 21:00,QH,63.0,68.14,61.29,61.24,59.4,17,66.65,55.7,7.31
2026-02-16T21:00:00Z,2026-02-16 21:00,2026-02-16 21:15,QH,43.19,46.43,42.15,42.98,128.0,36,43.67,55.92,-12.73
2026-02-16T21:15:00Z,2026-02-16 21:15,2026-02-16 21:30,QH,55.5,57.98,54.61,52.15,59.6,8,55.3,53.58,1.92
2026-02-16T21:30:00Z,2026-02-16 21:30,2026-02-16 21:45,QH,54.35,57.49,53.39,53.54,93.6,17,55.89,57.58,-3.22
2026-02-16T21:45:00Z,2026-02-16 21:45,2026-02-16 22:00,QH,47.82,49.24,47.72,50.25,84.1,20,50.06,55.2,-7.39
2026-02-16T22:00:00Z,2026-02-16 22:00,2026-02-16 22:15,QH,61.25,75.12,57.38,62.37,28.3,4,59.02,56.1,5.15
2026-02-16T22:15:00Z,2026-02-16 22:15,2026-02-16 22:30,QH,51.51,58.48,51.2,55.75,52.5,9,48.88,56.97,-5.46
2026-02-16T22:30:00Z,2026-02-16 22:30,2026-02-16 22:45,QH,48.61,49.59,42.87,46.43,85.6,14,47.57,48.9,-0.29
2026-02-16T22:45:00Z,2026-02-16 22:45,2026-02-16 23:00,QH,-9.08,-1.41,-12.76,-6.56,29.6,9,-7.63,52.12,-61.2
2026-02-16T23:00:00Z,2026-02-16 23:00,2026-02-16 23:15,QH,69.58,74.79,65.45,71.38,67.6,14,67.43,61.77,7.82
2026-02-16T23:15:00Z,2026-02-16 23:15,2026-02-16 23:30,QH,39.26,43.75,35.01,37.64,103.5,14,40.36,61.75,-22.48
2026-02-16T23:30:00Z,2026-02-16 23:30,2026-02-16 23:45,QH,60.47,62.95,48.34,60.61,127.9,34,60.94,55.57,4.9
2026-02-16T23:45:00Z,2026-02-16 23:45,2026-02-17 00:00,QH,65.69,69.82,62.75,59.8,92.0,12,69.48,53.85,11.84
2026-02-17T00:00:00Z,2026-02-17 00:00,2026-02-17 00:15,QH,53.89,54.81,46.95,54.26,81.5,15,54.01,59.55,-5.65
2026-02-17T00:15:00Z,2026-02-17 00:15,2026-02-17 00:30,QH,40.61,42.15,30.89,44.39,68.6,12,36.68,56.61,-16.0
2026-02-17T00:30:00Z,2026-02-17 00:30,2026-02-17 00:45,QH,73.09,76.3,71.43,70.15,67.5,14,70.99,65.38,7.71
2026-02-17T00:45:00Z,2026-02-17 00:45,2026-02-17 01:00,QH,24.41,25.97,21.78,21.14,40.6,7,25.21,59.56,-35.15
2026-02-17T01:00:00Z,2026-02-17 01:00,2026-02-17 01:15,QH,53.54,54.49,53.35,57.36,68.1,10,54.22,55.25,-1.71
2026-02-17T01:15:00Z,2026-02-17 01:15,2026-02-17 01:30,QH,56.16,60.14,55.42,49.61,93.8,46,56.79,54.93,1.23
2026-02-17T01:30:00Z,2026-02-17 01:30,2026-02-17 01:45,QH,53.71,60.33,51.98,51.8,48.6,13,54.04,64.07,-10.36
2026-02-17T01:45:00Z,2026-02-17 01:45,2026-02-17 02:00,QH,34.25,36.92,31.39,32.79,95.8,28,33.39,63.0,-28.75
2026-02-17T02:00:00Z,2026-02-17 02:00,2026-02-17 02:15,QH,45.4,52.18,44.98,40.58,27.7,5,43.68,57.37,-11.97
2026-02-17T02:15:00Z,2026-02-17 02:15,2026-02-17 02:30,QH,64.28,68.75,61.35,65.56,78.8,12,59.88,60.44,3.85
2026-02-17T02:30:00Z,2026-02-17 02:30,2026-02-17 02:45,QH,53.55,55.11,51.2,56.64,26.9,6,54.17,62.94,-9.38
2026-02-17T02:45:00Z,2026-02-17 02:45,2026-02-17 03:00,QH,52.78,55.99,52.54,44.18,85.9,33,52.31,53.9,-1.12
2026-02-17T03:00:00Z,2026-02-17 03:00,2026-02-17 03:15,QH,56.87,57.71,54.31,56.3,76.5,10,57.32,65.33,-8.46
2026-02-17T03:15:00Z,2026-02-17 03:15,2026-02-17 03:30,QH,64.81,66.86,62.75,60.3,90.5,39,63.88,63.96,0.85
2026-02-17T03:30:00Z,2026-02-17 03:30,2026-02-17 03:45,QH,81.51,82.63,79.84,77.59,110.5,16,82.33,46.95,34.56
2026-02-17T03:45:00Z,2026-02-17 03:45,2026-02-17 04:00,QH,40.63,44.77,40.52,39.11,66.6,13,40.77,67.73,-27.1
2026-02-17T04:00:00Z,2026-02-17 04:00,2026-02-17 04:15,QH,42.22,45.45,41.03,36.0,90.1,21,45.03,66.91,-24.69
2026-02-17T04:15:00Z,2026-02-17 04:15,2026-02-17 04:30,QH,35.83,44.68,29.76,37.4,133.5,21,36.53,61.58,-25.76
2026-02-17T04:30:00Z,2026-02-17 04:30,2026-02-17 04:45,QH,68.62,70.66,64.03,67.77,52.1,17,67.78,51.89,16.73
2026-02-17T04:45:00Z,2026-02-17 04:45,2026-02-17 05:00,QH,59.61,69.69,56.87,55.36,20.1,5,59.08,52.63,6.98
2026-02-17T05:00:00Z,2026-02-17 05:00,2026-02-17 05:15,QH,60.31,66.64,59.71,60.34,79.3,10,60.9,68.17,-7.86
2026-02-17T05:15:00Z,2026-02-17 05:15,2026-02-17 05:30,QH,73.53,76.32,73.25,73.33,77.7,13,74.41,63.42,10.11
2026-02-17T05:30:00Z,2026-02-17 05:30,2026-02-17 05:45,QH,54.83,57.38,53.27,57.19,39.1,5,53.12,54.03,0.8
2026-02-17T05:45:00Z,2026-02-17 05:45,2026-02-17 06:00,QH,16.48,21.54,16.25,18.73,78.4,18,15.13,61.99,-45.5
2026-02-17T06:00:00Z,2026-02-17 06:00,2026-02-17 06:15,QH,56.63,61.63,56.2,55.66,111.5,29,54.26,57.63,-1.0
2026-02-17T06:15:00Z,2026-02-17 06:15,2026-02-17 06:30,QH,69.77,77.33,65.95,64.68,83.9,23,65.43,55.69,14.09
2026-02-17T06:30:00Z,2026-02-17 06:30,2026-02-17 06:45,QH,58.94,64.73,58.9,58.85,108.1,14,61.2,55.68,3.27
2026-02-17T06:45:00Z,2026-02-17 06:45,2026-02-17 07:00,QH,68.2,72.76,58.46,72.1,26.4,5,68.72,46.29,21.92
2026-02-17T07:00:00Z,2026-02-17 07:00,2026-02-17 07:15,QH,99.11,101.65,90.52,104.27,122.1,56,100.43,94.04,5.07
2026-02-17T07:15:00Z,2026-02-17 07:15,2026-02-17 07:30,QH,79.91,80.08,72.88,79.55,38.3,9,82.97,90.58,-10.66
2026-02-17T07:30:00Z,2026-02-17 07:30,2026-02-17 07:45,QH,117.24,122.59,115.74,116.05,95.4,27,120.42,92.91,24.32
2026-02-17T07:45:00Z,2026-02-17 07:45,2026-02-17 08:00,QH,95.9,101.8,91.12,91.36,139.6,26,99.15,90.65,5.25
2026-02-17T08:00:00Z,2026-02-17 08:00,2026-02-17 08:15,QH,88.12,90.59,86.43,91.63,74.3,20,89.14,96.57,-8.45
2026-02-17T08:15:00Z,2026-02-17 08:15,2026-02-17 08:30,QH,89.95,99.52,89.93,83.78,35.0,5,93.43,97.17,-7.22
2026-02-17T08:30:00Z,2026-02-17 08:30,2026-02-17 08:45,QH,101.91,107.46,94.57,99.8,100.6,47,99.9,104.71,-2.8
2026-02-17T08:45:00Z,2026-02-17 08:45,2026-02-17 09:00,QH,104.73,112.76,101.43,105.34,96.7,23,102.23,87.32,17.42
2026-02-17T09:00:00Z,2026-02-17 09:00,2026-02-17 09:15,QH,98.45,99.29,94.99,98.14,88.6,11,96.54,103.3,-4.85
2026-02-17T09:15:00Z,2026-02-17 09:15,2026-02-17 09:30,QH,96.0,97.13,88.12,96.41,93.0,17,98.0,101.96,-5.96
2026-02-17T09:30:00Z,2026-02-17 09:30,2026-02-17 09:45,QH,98.4,102.34,95.77,97.3,75.7,11,103.26,97.66,0.74
2026-02-17T09:45:00Z,2026-02-17 09:45,2026-02-17 10:00,QH,82.39,89.47,78.69,84.69,161.1,34,86.2,107.77,-25.38
2026-02-17T10:00:00Z,2026-02-17 10:00,2026-02-17 10:15,QH,96.82,97.82,95.96,102.16,145.7,42,98.47,110.75,-13.93
2026-02-17T10:15:00Z,2026-02-17 10:15,2026-02-17 10:30,QH,55.33,61.25,51.95,56.58,37.1,18,53.02,104.15,-48.82
2026-02-17T10:30:00Z,2026-02-17 10:30,2026-02-17 10:45,QH,124.64,125.03,121.9,129.29,90.6,27,124.13,102.51,22.13
2026-02-17T10:45:00Z,2026-02-17 10:45,2026-02-17 11:00,QH,105.8,112.34,96.2,99.62,90.0,14,105.68,100.96,4.84
2026-02-17T11:00:00Z,2026-02-17 11:00,2026-02-17 11:15,QH,97.6,102.54,92.97,102.35,64.2,14,96.13,98.72,-1.12
2026-02-17T11:15:00Z,2026-02-17 11:15,2026-02-17 11:30,QH,92.88,92.91,82.95,92.41,43.0,6,94.0,101.11,-8.23
2026-02-17T11:30:00Z,2026-02-17 11:30,2026-02-17 11:45,QH,97.27,97.37,94.87,90.83,104.5,35,99.32,105.89,-8.62
2026-02-17T11:45:00Z,2026-02-17 11:45,2026-02-17 12:00,QH,114.56,119.47,114.29,112.99,187.1,25,115.49,98.42,16.14
2026-02-17T12:00:00Z,2026-02-17 12:00,2026-02-17 12:15,QH,114.36,120.33,111.41,114.15,36.0,4,118.09,105.1,9.26
2026-02-17T12:15:00Z,2026-02-17 12:15,2026-02-17 12:30,QH,132.49,134.27,128.99,134.14,74.6,11,132.69,107.61,24.89
2026-02-17T12:30:00Z,2026-02-17 12:30,2026-02-17 12:45,QH,102.05,104.59,97.32,95.21,89.8,14,102.99,102.56,-0.51
2026-02-17T12:45:00Z,2026-02-17 12:45,2026-02-17 13:00,QH,104.51,110.82,103.25,106.66,106.7,34,103.86,102.29,2.22
2026-02-17T13:00:00Z,2026-02-17 13:00,2026-02-17 13:15,QH,112.66,120.12,110.51,111.07,70.5,9,113.02,97.25,15.42
2026-02-17T13:15:00Z,2026-02-17 13:15,2026-02-17 13:30,QH,113.54,113.55,107.12,113.74,89.7,26,113.86,94.12,19.42
2026-02-17T13:30:00Z,2026-02-17 13:30,2026-02-17 13:45,QH,94.55,95.89,93.94,91.0,55.9,7,90.86,109.89,-15.34
2026-02-17T13:45:00Z,2026-02-17 13:45,2026-02-17 14:00,QH,96.37,99.81,91.51,100.15,124.0,16,98.99,103.0,-6.63
2026-02-17T14:00:00Z,2026-02-17 14:00,2026-02-17 14:15,QH,102.34,103.84,95.24,102.28,91.8,13,94.7,114.15,-11.81
2026-02-17T14:15:00Z,2026-02-17 14:15,2026-02-17 14:30,QH,120.11,121.35,118.2,119.17,90.3,13,118.48,103.46,16.65
2026-02-17T14:30:00Z,2026-02-17 14:30,2026-02-17 14:45,QH,105.78,109.28,100.04,104.42,108.0,14,104.12,108.83,-3.05
2026-02-17T14:45:00Z,2026-02-17 14:45,2026-02-17 15:00,QH,93.98,94.04,87.99,94.26,45.5,6,94.31,97.95,-3.97
2026-02-17T15:00:00Z,2026-02-17 15:00,2026-02-17 15:15,QH,176.21,183.11,169.16,177.37,80.8,13,175.58,100.35,75.86
2026-02-17T15:15:00Z,2026-02-17 15:15,2026-02-17 15:30,QH,119.67,123.11,119.15,121.37,127.5,16,120.0,102.35,17.33
2026-02-17T15:30:00Z,2026-02-17 15:30,2026-02-17 15:45,QH,111.99,114.65,103.29,114.66,77.7,12,113.84,98.51,13.48
2026-02-17T15:45:00Z,2026-02-17 15:45,2026-02-17 16:00,QH,125.31,132.96,116.81,126.01,60.6,7,122.66,100.63,24.68
2026-02-17T16:00:00Z,2026-02-17 16:00,2026-02-17 16:15,QH,101.87,112.6,100.22,106.62,83.0,12,100.19,105.89,-4.02
2026-02-17T16:15:00Z,2026-02-17 16:15,2026-02-17 16:30,QH,115.75,118.51,112.94,113.44,63.9,19,117.02,100.73,15.02
2026-02-17T16:30:00Z,2026-02-17 16:30,2026-02-17 16:45,QH,96.74,108.62,86.8,94.77,72.9,11,96.16,101.75,-5.02
2026-02-17T16:45:00Z,2026-02-17 16:45,2026-02-17 17:00,QH,118.06,128.66,116.49,121.97,49.0,6,116.64,108.92,9.14
2026-02-17T17:00:00Z,2026-02-17 17:00,2026-02-17 17:15,QH,109.67,112.64,107.87,108.61,76.8,15,112.63,103.4,6.27
2026-02-17T17:15:00Z,2026-02-17 17:15,2026-02-17 17:30,QH,94.97,95.93,90.73,90.71,158.9,21,94.34,106.39,-11.42
2026-02-17T17:30:00Z,2026-02-17 17:30,2026-02-17 17:45,QH,96.47,97.65,88.09,93.84,67.1,14,97.58,97.55,-1.08
2026-02-17T17:45:00Z,2026-02-17 17:45,2026-02-17 18:00,QH,123.08,123.67,120.25,124.23,100.2,32,123.73,102.11,20.97
2026-02-17T18:00:00Z,2026-02-17 18:00,2026-02-17 18:15,QH,97.73,107.82,89.17,97.32,76.9,12,96.75,102.45,-4.72
2026-02-17T18:15:00Z,2026-02-17 18:15,2026-02-17 18:30,QH,108.72,113.81,104.94,107.63,121.5,34,110.08,100.69,8.03
2026-02-17T18:30:00Z,2026-02-17 18:30,2026-02-17 18:45,QH,96.39,109.49,96.14,92.86,42.7,17,95.47,97.59,-1.2
2026-02-17T18:45:00Z,2026-02-17 18:45,2026-02-17 19:00,QH,81.91,85.38,78.53,79.07,116.2,27,82.24,94.79,-12.87
2026-02-17T19:00:00Z,2026-02-17 19:00,2026-02-17 19:15,QH,90.4,95.88,90.3,91.16,124.8,28,88.88,93.26,-2.86
2026-02-17T19:15:00Z,2026-02-17 19:15,2026-02-17 19:30,QH,84.11,85.65,79.74,80.06,108.0,14,82.09,96.26,-12.15
2026-02-17T19:30:00Z,2026-02-17 19:30,2026-02-17 19:45,QH,83.5,83.81,73.07,86.08,70.6,34,85.61,95.0,-11.5
2026-02-17T19:45:00Z,2026-02-17 19:45,2026-02-17 20:00,QH,87.9,92.57,81.93,85.51,37.2,15,87.89,82.22,5.68
2026-02-17T20:00:00Z,2026-02-17 20:00,2026-02-17 20:15,QH,49.91,58.08,48.97,46.49,93.0,13,51.15,52.88,-2.97
2026-02-17T20:15:00Z,2026-02-17 20:15,2026-02-17 20:30,QH,52.09,53.09,51.29,52.39,73.5,25,52.07,64.28,-12.19
2026-02-17T20:30:00Z,2026-02-17 20:30,2026-02-17 20:45,QH,49.8,58.71,48.1,47.35,105.6,13,49.12,64.1,-14.3
2026-02-17T20:45:00Z,2026-02-17 20:45,2026-02-17 21:00,QH,67.32,69.57,66.65,69.86,78.1,9,68.07,59.29,8.03
2026-02-17T21:00:00Z,2026-02-17 21:00,2026-02-17 21:15,QH,55.2,59.0,52.48,57.59,41.5,6,52.87,57.17,-1.97
2026-02-17T21:15:00Z,2026-02-17 21:15,2026-02-17 21:30,QH,75.49,78.46,71.24,76.88,49.5,7,74.95,64.68,10.81
2026-02-17T21:30:00Z,2026-02-17 21:30,2026-02-17 21:45,QH,76.62,82.14,71.42,76.2,91.5,17,78.7,58.41,18.2
2026-02-17T21:45:00Z,2026-02-17 21:45,2026-02-17 22:00,QH,56.6,57.7,51.46,58.38,112.9,28,60.25,63.21,-6.61
2026-02-17T22:00:00Z,2026-02-17 22:00,2026-02-17 22:15,QH,53.19,69.73,51.05,47.13,60.2,10,55.29,52.49,0.7
2026-02-17T22:15:00Z,2026-02-17 22:15,2026-02-17 22:30,QH,52.1,63.81,47.08,50.1,36.5,7,49.74,63.51,-11.41
2026-02-17T22:30:00Z,2026-02-17 22:30,2026-02-17 22:45,QH,71.7,78.17,66.36,74.24,84.6,17,72.19,54.03,17.67
2026-02-17T22:45:00Z,2026-02-17 22:45,2026-02-17 23:00,QH,72.92,82.67,69.07,67.76,109.1,39,75.84,49.92,23.0
2026-02-17T23:00:00Z,2026-02-17 23:00,2026-02-17 23:15,QH,73.48,83.81,70.61,74.07,65.4,9,73.6,53.38,20.1
2026-02-17T23:15:00Z,2026-02-17 23:15,2026-02-17 23:30,QH,54.95,58.53,50.19,62.26,77.7,21,56.3,52.41,2.54
2026-02-17T23:30:00Z,2026-02-17 23:30,2026-02-17 23:45,QH,36.44,47.2,36.41,35.71,83.1,28,29.24,55.0,-18.55
2026-02-17T23:45:00Z,2026-02-17 23:45,2026-02-18 00:00,QH,45.46,47.46,42.2,48.97,57.5,23,43.61,72.58,-27.12
2026-02-18T00:00:00Z,2026-02-18 00:00,2026-02-18 00:15,QH,79.11,90.27,74.77,78.12,36.8,17,75.01,69.04,10.07
2026-02-18T00:15:00Z,2026-02-18 00:15,2026-02-18 00:30,QH,53.39,54.03,50.15,55.46,52.9,7,52.34,67.56,-14.17
2026-02-18T00:30:00Z,2026-02-18 00:30,2026-02-18 00:45,QH,92.06,97.63,82.98,96.16,74.0,10,92.07,67.48,24.58
2026-02-18T00:45:00Z,2026-02-18 00:45,2026-02-18 01:00,QH,74.84,76.24,74.42,73.9,176.7,47,77.57,68.75,6.09
2026-02-18T01:00:00Z,2026-02-18 01:00,2026-02-18 01:15,QH,65.17,66.65,64.25,66.94,34.5,7,65.73,73.54,-8.37
2026-02-18T01:15:00Z,2026-02-18 01:15,2026-02-18 01:30,QH,53.18,54.41,48.38,54.67,77.6,12,52.5,66.4,-13.23
2026-02-18T01:30:00Z,2026-02-18 01:30,2026-02-18 01:45,QH,88.74,93.44,84.5,85.84,171.7,21,85.78,72.27,16.46
2026-02-18T01:45:00Z,2026-02-18 01:45,2026-02-18 02:00,QH,86.7,87.87,86.11,85.86,136.5,45,86.69,73.01,13.68
2026-02-18T02:00:00Z,2026-02-18 02:00,2026-02-18 02:15,QH,68.65,71.57,59.25,73.29,48.4,8,67.27,65.69,2.96
2026-02-18T02:15:00Z,2026-02-18 02:15,2026-02-18 02:30,QH,159.62,160.25,159.24,155.42,56.0,11,160.36,87.2,72.42
2026-02-18T02:30:00Z,2026-02-18 02:30,2026-02-18 02:45,QH,76.72,81.74,71.16,74.53,50.7,8,76.07,74.73,1.98
2026-02-18T02:45:00Z,2026-02-18 02:45,2026-02-18 03:00,QH,64.86,65.31,64.54,62.38,109.4,35,66.83,72.24,-7.38
2026-02-18T03:00:00Z,2026-02-18 03:00,2026-02-18 03:15,QH,73.48,76.51,63.71,70.83,69.9,14,77.26,80.35,-6.87
2026-02-18T03:15:00Z,2026-02-18 03:15,2026-02-18 03:30,QH,49.4,52.46,49.01,44.03,90.8,19,45.65,63.99,-14.59
2026-02-18T03:30:00Z,2026-02-18 03:30,2026-02-18 03:45,QH,104.94,112.13,102.2,102.26,70.0,28,105.13,54.55,50.39
2026-02-18T03:45:00Z,2026-02-18 03:45,2026-02-18 04:00,QH,48.34,57.7,46.28,54.34,77.8,11,48.58,73.4,-25.06
2026-02-18T04:00:00Z,2026-02-18 04:00,2026-02-18 04:15,QH,71.24,73.53,66.12,65.99,62.0,27,69.03,59.97,11.27
2026-02-18T04:15:00Z,2026-02-18 04:15,2026-02-18 04:30,QH,66.51,68.08,59.2,65.26,115.4,17,68.75,69.72,-3.21
2026-02-18T04:30:00Z,2026-02-18 04:30,2026-02-18 04:45,QH,82.61,83.3,76.51,81.03,58.1,9,83.16,66.65,15.97
2026-02-18T04:45:00Z,2026-02-18 04:45,2026-02-18 05:00,QH,71.54,74.32,70.62,69.55,107.4,20,70.93,77.07,-5.53
2026-02-18T05:00:00Z,2026-02-18 05:00,2026-02-18 05:15,QH,68.5,71.16,64.69,69.06,97.9,25,70.35,64.51,4.0
2026-02-18T05:15:00Z,2026-02-18 05:15,2026-02-18 05:30,QH,69.33,72.53,62.73,70.14,86.2,22,71.4,72.07,-2.74
2026-02-18T05:30:00Z,2026-02-18 05:30,2026-02-18 05:45,QH,60.82,61.04,57.43,59.68,118.8,17,59.23,78.23,-17.41
2026-02-18T05:45:00Z,2026-02-18 05:45,2026-02-18 06:00,QH,70.59,74.33,69.39,69.62,80.3,11,69.35,70.29,0.31
2026-02-18T06:00:00Z,2026-02-18 06:00,2026-02-18 06:15,QH,88.99,92.21,86.02,89.66,128.3,19,88.08,64.02,24.96
2026-02-18T06:15:00Z,2026-02-18 06:15,2026-02-18 06:30,QH,65.55,69.52,55.38,60.99,92.6,25,65.99,62.0,3.55
2026-02-18T06:30:00Z,2026-02-18 06:30,2026-02-18 06:45,QH,77.28,86.06,76.59,77.31,83.5,11,73.67,69.09,8.19
2026-02-18T06:45:00Z,2026-02-18 06:45,2026-02-18 07:00,QH,89.62,92.45,87.0,87.37,82.9,12,89.84,64.39,25.23
2026-02-18T07:00:00Z,2026-02-18 07:00,2026-02-18 07:15,QH,105.95,106.41,103.58,104.57,52.2,19,108.65,99.67,6.29
2026-02-18T07:15:00Z,2026-02-18 07:15,2026-02-18 07:30,QH,109.15,115.88,108.45,109.31,64.1,14,108.01,102.96,6.19
2026-02-18T07:30:00Z,2026-02-18 07:30,2026-02-18 07:45,QH,111.58,115.31,108.99,116.1,40.5,6,111.57,108.86,2.72
2026-02-18T07:45:00Z,2026-02-18 07:45,2026-02-18 08:00,QH,102.25,111.83,99.65,106.38,79.0,16,104.71,104.36,-2.11
2026-02-18T08:00:00Z,2026-02-18 08:00,2026-02-18 08:15,QH,113.95,115.46,109.53,115.79,84.5,14,111.21,105.97,7.98
2026-02-18T08:15:00Z,2026-02-18 08:15,2026-02-18 08:30,QH,131.1,136.74,124.44,132.86,83.2,12,129.91,114.5,16.61
2026-02-18T08:30:00Z,2026-02-18 08:30,2026-02-18 08:45,QH,125.86,132.58,122.5,131.95,98.9,31,127.3,105.48,20.39
2026-02-18T08:45:00Z,2026-02-18 08:45,2026-02-18 09:00,QH,114.29,116.79,105.81,109.59,69.6,23,116.22,108.18,6.12
2026-02-18T09:00:00Z,2026-02-18 09:00,2026-02-18 09:15,QH,123.68,124.47,123.53,128.21,97.5,35,122.19,112.52,11.16
2026-02-18T09:15:00Z,2026-02-18 09:15,2026-02-18 09:30,QH,93.93,95.52,85.42,95.88,124.6,21,94.49,101.13,-7.2
2026-02-18T09:30:00Z,2026-02-18 09:30,2026-02-18 09:45,QH,119.47,121.62,109.65,124.35,92.9,12,121.47,108.33,11.14
2026-02-18T09:45:00Z,2026-02-18 09:45,2026-02-18 10:00,QH,120.54,121.23,114.72,121.27,58.9,14,119.5,110.76,9.78
2026-02-18T10:00:00Z,2026-02-18 10:00,2026-02-18 10:15,QH,119.97,122.87,118.37,123.07,82.7,35,118.57,112.92,7.05
2026-02-18T10:15:00Z,2026-02-18 10:15,2026-02-18 10:30,QH,123.76,130.08,121.05,124.17,136.2,22,124.18,111.53,12.23
2026-02-18T10:30:00Z,2026-02-18 10:30,2026-02-18 10:45,QH,115.78,119.33,113.89,111.9,142.1,35,115.56,110.46,5.32
2026-02-18T10:45:00Z,2026-02-18 10:45,2026-02-18 11:00,QH,117.52,123.5,114.98,114.12,100.3,16,117.41,115.8,1.73
2026-02-18T11:00:00Z,2026-02-18 11:00,2026-02-18 11:15,QH,117.15,124.79,115.79,117.57,72.1,14,116.1,119.73,-2.57
2026-02-18T11:15:00Z,2026-02-18 11:15,2026-02-18 11:30,QH,115.29,122.11,112.39,111.33,83.7,19,115.4,103.82,11.47
2026-02-18T11:30:00Z,2026-02-18 11:30,2026-02-18 11:45,QH,94.18,101.24,89.23,94.38,83.4,13,93.44,115.59,-21.41
2026-02-18T11:45:00Z,2026-02-18 11:45,2026-02-18 12:00,QH,129.46,131.62,126.69,124.41,44.4,5,128.79,113.91,15.56
2026-02-18T12:00:00Z,2026-02-18 12:00,2026-02-18 12:15,QH,108.65,116.04,103.87,109.52,59.8,25,105.19,114.8,-6.16
2026-02-18T12:15:00Z,2026-02-18 12:15,2026-02-18 12:30,QH,123.46,125.1,123.28,119.12,42.2,15,123.42,123.22,0.25
2026-02-18T12:30:00Z,2026-02-18 12:30,2026-02-18 12:45,QH,115.49,117.53,113.25,113.77,75.9,24,116.51,112.57,2.93
2026-02-18T12:45:00Z,2026-02-18 12:45,2026-02-18 13:00,QH,119.07,122.74,115.63,117.59,113.8,21,120.5,117.47,1.61
2026-02-18T13:00:00Z,2026-02-18 13:00,2026-02-18 13:15,QH,99.0,100.77,95.77,99.42,122.2,19,96.77,95.92,3.08
2026-02-18T13:15:00Z,2026-02-18 13:15,2026-02-18 13:30,QH,172.2,172.77,171.41,170.82,62.6,10,169.99,113.69,58.51
2026-02-18T13:30:00Z,2026-02-18 13:30,2026-02-18 13:45,QH,99.06,99.32,98.55,97.29,36.6,13,98.05,114.49,-15.43
2026-02-18T13:45:00Z,2026-02-18 13:45,2026-02-18 14:00,QH,103.47,103.69,102.7,102.21,90.1,36,103.89,114.51,-11.04
2026-02-18T14:00:00Z,2026-02-18 14:00,2026-02-18 14:15,QH,117.79,121.64,113.08,119.88,161.7,38,117.33,116.39,1.4
2026-02-18T14:15:00Z,2026-02-18 14:15,2026-02-18 14:30,QH,108.93,115.9,108.72,111.63,80.8,31,109.95,114.91,-5.98
2026-02-18T14:30:00Z,2026-02-18 14:30,2026-02-18 14:45,QH,92.81,99.56,90.32,91.89,63.6,10,95.19,114.92,-22.11
2026-02-18T14:45:00Z,2026-02-18 14:45,2026-02-18 15:00,QH,103.28,116.31,102.18,100.36,64.4,29,101.93,118.42,-15.13
2026-02-18T15:00:00Z,2026-02-18 15:00,2026-02-18 15:15,QH,149.98,152.12,146.62,153.28,63.1,10,152.45,121.36,28.62
2026-02-18T15:15:00Z,2026-02-18 15:15,2026-02-18 15:30,QH,119.34,120.54,111.43,124.12,75.8,9,119.56,115.92,3.42
2026-02-18T15:30:00Z,2026-02-18 15:30,2026-02-18 15:45,QH,97.6,103.42,91.36,96.54,84.8,10,94.03,112.75,-15.14
2026-02-18T15:45:00Z,2026-02-18 15:45,2026-02-18 16:00,QH,109.63,112.38,106.6,117.13,118.7,52,108.5,110.01,-0.38
2026-02-18T16:00:00Z,2026-02-18 16:00,2026-02-18 16:15,QH,124.24,126.23,119.86,122.13,48.6,17,127.74,115.67,8.56
2026-02-18T16:15:00Z,2026-02-18 16:15,2026-02-18 16:30,QH,106.91,110.91,103.12,103.46,62.5,8,109.03,109.92,-3.01
2026-02-18T16:30:00Z,2026-02-18 16:30,2026-02-18 16:45,QH,96.04,106.72,91.58,89.52,83.1,10,96.47,108.85,-12.8
2026-02-18T16:45:00Z,2026-02-18 16:45,2026-02-18 17:00,QH,116.66,126.33,116.19,110.61,92.6,13,117.07,114.98,1.68
2026-02-18T17:00:00Z,2026-02-18 17:00,2026-02-18 17:15,QH,122.43,123.49,120.91,127.98,75.4,12,124.34,116.69,5.74
2026-02-18T17:15:00Z,2026-02-18 17:15,2026-02-18 17:30,QH,126.32,128.39,121.54,128.8,109.7,15,125.68,112.27,14.04
2026-02-18T17:30:00Z,2026-02-18 17:30,2026-02-18 17:45,QH,119.92,125.12,119.21,116.07,89.0,13,122.33,117.08,2.84
2026-02-18T17:45:00Z,2026-02-18 17:45,2026-02-18 18:00,QH,121.63,122.44,119.09,119.63,110.2,33,121.37,115.77,5.86
2026-02-18T18:00:00Z,2026-02-18 18:00,2026-02-18 18:15,QH,113.36,119.0,109.52,113.56,66.2,8,111.46,112.73,0.63
2026-02-18T18:15:00Z,2026-02-18 18:15,2026-02-18 18:30,QH,108.21,109.14,99.42,113.18,111.1,21,107.02,107.77,0.45
2026-02-18T18:30:00Z,2026-02-18 18:30,2026-02-18 18:45,QH,114.12,114.24,110.68,115.01,126.4,31,113.66,107.62,6.5
2026-02-18T18:45:00Z,2026-02-18 18:45,2026-02-18 19:00,QH,42.86,46.09,39.16,43.29,58.4,8,44.09,118.19,-75.33
2026-02-18T19:00:00Z,2026-02-18 19:00,2026-02-18 19:15,QH,106.8,112.03,100.24,109.8,75.6,35,108.97,100.84,5.96
2026-02-18T19:15:00Z,2026-02-18 19:15,2026-02-18 19:30,QH,115.79,121.64,114.03,114.51,70.1,15,117.35,98.18,17.61
2026-02-18T19:30:00Z,2026-02-18 19:30,2026-02-18 19:45,QH,110.96,112.12,104.13,109.4,65.7,8,111.43,104.49,6.47
2026-02-18T19:45:00Z,2026-02-18 19:45,2026-02-18 20:00,QH,98.1,109.29,95.82,99.84,94.3,47,98.87,100.69,-2.59
2026-02-18T20:00:00Z,2026-02-18 20:00,2026-02-18 20:15,QH,71.35,71.63,67.13,71.69,93.3,18,70.81,68.73,2.62
2026-02-18T20:15:00Z,2026-02-18 20:15,2026-02-18 20:30,QH,40.98,46.02,37.83,37.08,86.4,14,41.85,75.14,-34.16
2026-02-18T20:30:00Z,2026-02-18 20:30,2026-02-18 20:45,QH,76.06,81.88,72.34,80.31,112.8,21,74.13,68.68,7.38
2026-02-18T20:45:00Z,2026-02-18 20:45,2026-02-18 21:00,QH,71.06,78.54,63.75,73.8,59.9,16,71.42,70.19,0.87
2026-02-18T21:00:00Z,2026-02-18 21:00,2026-02-18 21:15,QH,63.25,66.55,62.37,62.49,108.2,16,64.68,75.16,-11.9
2026-02-18T21:15:00Z,2026-02-18 21:15,2026-02-18 21:30,QH,47.95,55.64,44.79,44.91,105.2,15,50.01,68.86,-20.91
2026-02-18T21:30:00Z,2026-02-18 21:30,2026-02-18 21:45,QH,79.06,83.62,78.88,77.28,117.9,18,81.41,70.25,8.82
2026-02-18T21:45:00Z,2026-02-18 21:45,2026-02-18 22:00,QH,68.75,79.29,61.45,65.76,100.1,37,65.41,76.29,-7.54
2026-02-18T22:00:00Z,2026-02-18 22:00,2026-02-18 22:15,QH,57.44,61.55,56.31,61.5,73.9,30,59.4,66.13,-8.69
2026-02-18T22:15:00Z,2026-02-18 22:15,2026-02-18 22:30,QH,75.64,75.72,75.63,75.74,71.1,16,75.67,69.46,6.18
2026-02-18T22:30:00Z,2026-02-18 22:30,2026-02-18 22:45,QH,70.24,75.48,57.51,70.41,81.6,11,71.93,74.33,-4.1
2026-02-18T22:45:00Z,2026-02-18 22:45,2026-02-18 23:00,QH,78.87,80.44,77.76,79.93,51.8,6,81.06,69.61,9.25
2026-02-18T23:00:00Z,2026-02-18 23:00,2026-02-18 23:15,QH,66.55,68.95,65.58,62.7,147.9,37,65.68,72.32,-5.77
2026-02-18T23:15:00Z,2026-02-18 23:15,2026-02-18 23:30,QH,68.41,69.95,64.25,70.19,90.2,12,66.72,67.71,0.71
2026-02-18T23:30:00Z,2026-02-18 23:30,2026-02-18 23:45,QH,74.68,75.86,70.35,74.42,58.7,17,74.06,64.86,9.82
2026-02-18T23:45:00Z,2026-02-18 23:45,2026-02-19 00:00,QH,59.08,61.06,48.83,59.83,62.2,10,59.76,65.59,-6.51
2026-02-19T00:00:00Z,2026-02-19 00:00,2026-02-19 00:15,QH,52.52,57.54,49.8,55.13,60.3,7,52.76,47.61,4.91
2026-02-19T00:15:00Z,2026-02-19 00:15,2026-02-19 00:30,QH,64.59,70.21,62.38,68.44,110.3,43,62.31,51.53,13.06
2026-02-19T00:30:00Z,2026-02-19 00:30,2026-02-19 00:45,QH,6.77,7.81,2.99,9.32,101.9,14,7.17,50.4,-43.63
2026-02-19T00:45:00Z,2026-02-19 00:45,2026-02-19 01:00,QH,61.87,70.77,57.13,60.98,124.3,58,61.35,57.52,4.35
2026-02-19T01:00:00Z,2026-02-19 01:00,2026-02-19 01:15,QH,41.55,47.31,41.19,41.88,86.1,39,42.21,51.33,-9.78
2026-02-19T01:15:00Z,2026-02-19 01:15,2026-02-19 01:30,QH,70.33,73.92,67.53,73.36,99.1,13,71.16,58.17,12.16
2026-02-19T01:30:00Z,2026-02-19 01:30,2026-02-19 01:45,QH,56.53,59.01,53.91,58.99,84.2,11,59.45,51.56,4.97
2026-02-19T01:45:00Z,2026-02-19 01:45,2026-02-19 02:00,QH,50.57,51.09,50.28,50.89,39.5,10,48.36,47.12,3.45
2026-02-19T02:00:00Z,2026-02-19 02:00,2026-02-19 02:15,QH,59.89,62.67,58.42,59.92,102.6,18,59.15,54.09,5.8
2026-02-19T02:15:00Z,2026-02-19 02:15,2026-02-19 02:30,QH,40.42,44.07,38.92,40.74,113.7,18,43.44,57.77,-17.35
2026-02-19T02:30:00Z,2026-02-19 02:30,2026-02-19 02:45,QH,55.0,59.78,50.68,56.43,82.8,10,54.87,56.99,-1.99
2026-02-19T02:45:00Z,2026-02-19 02:45,2026-02-19 03:00,QH,127.54,130.11,121.21,125.79,47.9,7,127.18,58.2,69.35
2026-02-19T03:00:00Z,2026-02-19 03:00,2026-02-19 03:15,QH,44.15,44.5,41.43,45.72,94.6,39,42.33,58.38,-14.23
2026-02-19T03:15:00Z,2026-02-19 03:15,2026-02-19 03:30,QH,46.76,48.7,44.89,40.73,72.5,12,46.35,57.44,-10.68
2026-02-19T03:30:00Z,2026-02-19 03:30,2026-02-19 03:45,QH,53.74,57.93,51.92,54.24,123.9,24,53.99,56.67,-2.93
2026-02-19T03:45:00Z,2026-02-19 03:45,2026-02-19 04:00,QH,52.86,57.83,51.47,48.28,110.3,16,51.37,63.45,-10.59
2026-02-19T04:00:00Z,2026-02-19 04:00,2026-02-19 04:15,QH,54.12,57.5,51.1,53.06,112.4,46,55.53,48.61,5.51
2026-02-19T04:15:00Z,2026-02-19 04:15,2026-02-19 04:30,QH,88.29,89.28,78.09,85.85,32.9,8,86.77,48.87,39.42
2026-02-19T04:30:00Z,2026-02-19 04:30,2026-02-19 04:45,QH,58.07,63.01,56.84,63.11,70.2,8,56.62,51.32,6.75
2026-02-19T04:45:00Z,2026-02-19 04:45,2026-02-19 05:00,QH,50.98,51.85,50.34,47.8,84.6,24,55.08,52.45,-1.47
2026-02-19T05:00:00Z,2026-02-19 05:00,2026-02-19 05:15,QH,33.55,37.97,29.81,30.62,114.1,19,35.27,52.95,-19.41
2026-02-19T05:15:00Z,2026-02-19 05:15,2026-02-19 05:30,QH,54.29,56.91,50.79,57.44,107.1,16,53.86,52.22,2.08
2026-02-19T05:30:00Z,2026-02-19 05:30,2026-02-19 05:45,QH,58.36,68.13,53.62,59.75,80.2,36,57.7,47.14,11.22
2026-02-19T05:45:00Z,2026-02-19 05:45,2026-02-19 06:00,QH,73.34,77.36,63.42,74.34,90.1,11,74.1,48.26,25.08
2026-02-19T06:00:00Z,2026-02-19 06:00,2026-02-19 06:15,QH,51.95,53.08,51.42,48.44,78.0,13,52.72,48.98,2.97
2026-02-19T06:15:00Z,2026-02-19 06:15,2026-02-19 06:30,QH,47.75,50.83,44.52,48.72,131.7,18,49.9,53.66,-5.91
2026-02-19T06:30:00Z,2026-02-19 06:30,2026-02-19 06:45,QH,76.46,78.36,71.57,73.45,86.1,11,78.5,58.59,17.87
2026-02-19T06:45:00Z,2026-02-19 06:45,2026-02-19 07:00,QH,33.52,33.98,25.22,30.77,71.5,15,34.23,62.52,-29.01
2026-02-19T07:00:00Z,2026-02-19 07:00,2026-02-19 07:15,QH,82.67,86.4,77.27,78.78,99.9,16,82.17,90.65,-7.98
2026-02-19T07:15:00Z,2026-02-19 07:15,2026-02-19 07:30,QH,93.28,99.52,88.27,90.61,86.6,16,94.52,92.86,0.42
2026-02-19T07:30:00Z,2026-02-19 07:30,2026-02-19 07:45,QH,84.42,88.84,77.24,81.29,103.2,30,85.87,89.65,-5.23
2026-02-19T07:45:00Z,2026-02-19 07:45,2026-02-19 08:00,QH,101.63,105.28,92.25,99.85,87.9,14,103.78,93.36,8.28
2026-02-19T08:00:00Z,2026-02-19 08:00,2026-02-19 08:15,QH,162.67,165.01,161.32,163.58,75.1,18,162.95,90.74,71.93
2026-02-19T08:15:00Z,2026-02-19 08:15,2026-02-19 08:30,QH,88.18,88.19,84.13,89.17,103.5,17,93.6,97.32,-9.14
2026-02-19T08:30:00Z,2026-02-19 08:30,2026-02-19 08:45,QH,89.84,92.89,86.46,87.94,79.5,29,85.69,87.53,2.31
2026-02-19T08:45:00Z,2026-02-19 08:45,2026-02-19 09:00,QH,33.23,36.01,31.74,33.44,44.7,9,34.16,107.16,-73.93
2026-02-19T09:00:00Z,2026-02-19 09:00,2026-02-19 09:15,QH,104.97,111.87,103.39,108.4,87.9,11,101.38,88.44,16.53
2026-02-19T09:15:00Z,2026-02-19 09:15,2026-02-19 09:30,QH,91.4,95.47,83.35,93.93,100.1,40,93.49,98.6,-7.2
2026-02-19T09:30:00Z,2026-02-19 09:30,2026-02-19 09:45,QH,91.54,93.91,81.42,90.76,75.7,10,89.8,103.34,-11.8
2026-02-19T09:45:00Z,2026-02-19 09:45,2026-02-19 10:00,QH,95.55,102.64,86.59,98.01,31.4,4,96.05,87.55,8.0
2026-02-19T10:00:00Z,2026-02-19 10:00,2026-02-19 10:15,QH,103.22,107.5,101.15,106.06,56.2,8,101.94,98.08,5.14
2026-02-19T10:15:00Z,2026-02-19 10:15,2026-02-19 10:30,QH,89.78,96.36,86.86,90.87,58.7,25,89.36,91.75,-1.97
2026-02-19T10:30:00Z,2026-02-19 10:30,2026-02-19 10:45,QH,79.4,83.21,77.28,82.99,110.2,32,80.11,104.46,-25.06
2026-02-19T10:45:00Z,2026-02-19 10:45,2026-02-19 11:00,QH,98.13,100.41,92.37,101.07,73.7,10,98.23,103.33,-5.2
2026-02-19T11:00:00Z,2026-02-19 11:00,2026-02-19 11:15,QH,85.66,89.01,81.59,91.64,135.1,65,84.96,88.13,-2.47
2026-02-19T11:15:00Z,2026-02-19 11:15,2026-02-19 11:30,QH,107.84,109.17,99.98,109.87,104.6,51,108.8,101.68,6.15
2026-02-19T11:30:00Z,2026-02-19 11:30,2026-02-19 11:45,QH,93.04,96.96,88.35,89.76,68.0,12,92.21,101.83,-8.79
2026-02-19T11:45:00Z,2026-02-19 11:45,2026-02-19 12:00,QH,78.66,81.33,70.24,79.19,61.1,13,77.52,95.73,-17.07
2026-02-19T12:00:00Z,2026-02-19 12:00,2026-02-19 12:15,QH,106.93,108.37,104.12,106.86,87.2,22,103.29,89.98,16.94
2026-02-19T12:15:00Z,2026-02-19 12:15,2026-02-19 12:30,QH,72.78,73.52,71.3,72.35,36.4,5,72.67,96.28,-23.5
2026-02-19T12:30:00Z,2026-02-19 12:30,2026-02-19 12:45,QH,88.89,89.99,88.67,93.99,77.6,29,94.05,98.69,-9.8
2026-02-19T12:45:00Z,2026-02-19 12:45,2026-02-19 13:00,QH,107.81,108.68,101.34,105.06,106.7,19,105.65,103.44,4.36
2026-02-19T13:00:00Z,2026-02-19 13:00,2026-02-19 13:15,QH,99.82,102.05,94.68,100.3,39.5,17,101.07,102.28,-2.45
2026-02-19T13:15:00Z,2026-02-19 13:15,2026-02-19 13:30,QH,108.17,109.55,104.99,111.66,59.4,13,108.2,102.89,5.28
2026-02-19T13:30:00Z,2026-02-19 13:30,2026-02-19 13:45,QH,81.79,85.94,77.18,83.72,84.7,12,82.4,99.23,-17.44
2026-02-19T13:45:00Z,2026-02-19 13:45,2026-02-19 14:00,QH,125.91,126.06,125.5,126.61,61.2,10,124.81,98.39,27.52
2026-02-19T14:00:00Z,2026-02-19 14:00,2026-02-19 14:15,QH,104.59,104.73,98.87,111.68,104.7,13,106.92,96.48,8.11
2026-02-19T14:15:00Z,2026-02-19 14:15,2026-02-19 14:30,QH,116.68,121.3,114.83,121.16,94.4,15,116.85,100.06,16.62
2026-02-19T14:30:00Z,2026-02-19 14:30,2026-02-19 14:45,QH,111.6,118.7,104.08,108.07,89.1,20,112.63,105.99,5.6
2026-02-19T14:45:00Z,2026-02-19 14:45,2026-02-19 15:00,QH,110.65,111.89,109.12,114.67,90.2,11,111.5,105.44,5.21
2026-02-19T15:00:00Z,2026-02-19 15:00,2026-02-19 15:15,QH,113.4,113.73,111.55,113.13,126.1,23,114.19,102.09,11.31
2026-02-19T15:15:00Z,2026-02-19 15:15,2026-02-19 15:30,QH,84.94,88.68,81.88,87.37,99.9,30,84.53,93.0,-8.06
2026-02-19T15:30:00Z,2026-02-19 15:30,2026-02-19 15:45,QH,84.75,85.54,81.72,85.6,61.8,19,83.12,99.18,-14.43
2026-02-19T15:45:00Z,2026-02-19 15:45,2026-02-19 16:00,QH,90.98,91.43,87.39,92.21,99.9,12,88.95,92.84,-1.86
2026-02-19T16:00:00Z,2026-02-19 16:00,2026-02-19 16:15,QH,76.79,81.58,71.82,79.92,98.7,14,72.76,96.52,-19.73
2026-02-19T16:15:00Z,2026-02-19 16:15,2026-02-19 16:30,QH,85.85,86.84,84.48,90.42,46.4,12,85.31,94.37,-8.52
2026-02-19T16:30:00Z,2026-02-19 16:30,2026-02-19 16:45,QH,96.36,99.94,91.16,98.73,122.6,16,99.37,96.18,0.18
2026-02-19T16:45:00Z,2026-02-19 16:45,2026-02-19 17:00,QH,105.2,110.87,99.93,104.48,45.1,7,102.95,104.7,0.5
2026-02-19T17:00:00Z,2026-02-19 17:00,2026-02-19 17:15,QH,81.2,88.13,79.2,80.36,114.4,16,84.85,102.29,-21.09
2026-02-19T17:15:00Z,2026-02-19 17:15,2026-02-19 17:30,QH,87.21,89.42,80.05,81.99,68.1,8,89.01,81.11,6.1
2026-02-19T17:30:00Z,2026-02-19 17:30,2026-02-19 17:45,QH,89.79,96.57,89.23,86.67,83.9,38,86.11,94.03,-4.24
2026-02-19T17:45:00Z,2026-02-19 17:45,2026-02-19 18:00,QH,108.84,111.59,104.55,110.73,49.0,7,109.37,101.6,7.24
2026-02-19T18:00:00Z,2026-02-19 18:00,2026-02-19 18:15,QH,97.43,99.77,96.46,97.82,70.4,10,99.01,96.03,1.41
2026-02-19T18:15:00Z,2026-02-19 18:15,2026-02-19 18:30,QH,93.49,99.32,89.74,92.98,87.0,12,92.43,99.88,-6.39
2026-02-19T18:30:00Z,2026-02-19 18:30,2026-02-19 18:45,QH,116.99,119.88,112.54,114.56,87.0,11,116.33,90.76,26.23
2026-02-19T18:45:00Z,2026-02-19 18:45,2026-02-19 19:00,QH,106.05,109.43,105.38,108.96,85.9,19,105.14,95.84,10.22
2026-02-19T19:00:00Z,2026-02-19 19:00,2026-02-19 19:15,QH,238.17,238.89,237.83,233.35,74.0,21,239.38,86.87,151.3
2026-02-19T19:15:00Z,2026-02-19 19:15,2026-02-19 19:30,QH,84.86,88.47,83.0,86.94,52.3,10,83.43,85.63,-0.76
2026-02-19T19:30:00Z,2026-02-19 19:30,2026-02-19 19:45,QH,96.58,97.79,88.42,98.42,50.2,10,93.15,94.18,2.39
2026-02-19T19:45:00Z,2026-02-19 19:45,2026-02-19 20:00,QH,97.66,103.13,95.5,99.45,107.9,31,97.22,89.12,8.54
2026-02-19T20:00:00Z,2026-02-19 20:00,2026-02-19 20:15,QH,30.93,31.26,19.26,31.36,96.6,31,32.24,43.67,-12.74
2026-02-19T20:15:00Z,2026-02-19 20:15,2026-02-19 20:30,QH,54.39,58.69,53.43,56.37,117.9,16,51.3,62.15,-7.76
2026-02-19T20:30:00Z,2026-02-19 20:30,2026-02-19 20:45,QH,60.54,61.54,58.1,59.1,119.6,16,63.69,49.06,11.48
2026-02-19T20:45:00Z,2026-02-19 20:45,2026-02-19 21:00,QH,40.18,42.52,36.17,43.95,94.0,15,43.2,48.37,-8.19
2026-02-19T21:00:00Z,2026-02-19 21:00,2026-02-19 21:15,QH,60.13,63.87,56.54,62.81,68.8,10,62.2,53.71,6.42
2026-02-19T21:15:00Z,2026-02-19 21:15,2026-02-19 21:30,QH,53.73,59.87,53.14,51.46,131.8,26,52.75,50.54,3.19
2026-02-19T21:30:00Z,2026-02-19 21:30,2026-02-19 21:45,QH,54.6,58.1,46.54,54.22,142.2,59,52.01,59.15,-4.56
2026-02-19T21:45:00Z,2026-02-19 21:45,2026-02-19 22:00,QH,68.17,69.07,59.14,70.52,99.9,17,67.84,54.67,13.5
2026-02-19T22:00:00Z,2026-02-19 22:00,2026-02-19 22:15,QH,49.86,54.43,46.03,48.86,91.7,26,50.12,57.65,-7.78
2026-02-19T22:15:00Z,2026-02-19 22:15,2026-02-19 22:30,QH,59.88,61.18,56.52,65.95,117.7,31,58.08,56.99,2.89
2026-02-19T22:30:00Z,2026-02-19 22:30,2026-02-19 22:45,QH,52.23,56.13,50.36,50.96,129.5,24,51.02,52.22,0.01
2026-02-19T22:45:00Z,2026-02-19 22:45,2026-02-19 23:00,QH,59.23,59.28,58.16,62.83,138.2,18,62.07,54.64,4.6
2026-02-19T23:00:00Z,2026-02-19 23:00,2026-02-19 23:15,QH,44.67,49.51,31.73,44.41,96.1,18,44.78,51.38,-6.71
2026-02-19T23:15:00Z,2026-02-19 23:15,2026-02-19 23:30,QH,74.47,78.69,71.59,78.96,127.9,27,74.4,55.53,18.93
2026-02-19T23:30:00Z,2026-02-19 23:30,2026-02-19 23:45,QH,37.02,46.19,32.84,40.44,12.0,3,33.3,46.72,-9.7
2026-02-19T23:45:00Z,2026-02-19 23:45,2026-02-20 00:00,QH,72.3,83.36,71.38,71.1,122.7,18,71.56,52.59,19.71
2026-02-20T00:00:00Z,2026-02-20 00:00,2026-02-20 00:15,QH,89.74,92.01,87.82,92.41,90.0,12,91.08,60.9,28.84
2026-02-20T00:15:00Z,2026-02-20 00:15,2026-02-20 00:30,QH,51.37,52.62,49.4,49.25,45.4,13,52.61,51.79,-0.43
2026-02-20T00:30:00Z,2026-02-20 00:30,2026-02-20 00:45,QH,78.22,78.49,70.68,74.51,75.9,11,75.56,61.14,17.08
2026-02-20T00:45:00Z,2026-02-20 00:45,2026-02-20 01:00,QH,67.85,74.44,57.56,62.73,91.6,32,72.34,59.63,8.23
2026-02-20T01:00:00Z,2026-02-20 01:00,2026-02-20 01:15,QH,58.27,59.77,50.14,59.81,61.2,29,59.55,67.12,-8.85
2026-02-20T01:15:00Z,2026-02-20 01:15,2026-02-20 01:30,QH,61.16,63.39,60.46,63.58,78.6,31,62.69,70.92,-9.76
2026-02-20T01:30:00Z,2026-02-20 01:30,2026-02-20 01:45,QH,20.4,21.37,10.79,21.64,121.8,34,19.85,62.42,-42.01
2026-02-20T01:45:00Z,2026-02-20 01:45,2026-02-20 02:00,QH,52.85,55.56,51.61,53.97,54.8,9,55.65,68.61,-15.75
2026-02-20T02:00:00Z,2026-02-20 02:00,2026-02-20 02:15,QH,87.29,94.05,85.44,86.08,84.5,17,87.93,59.51,27.78
2026-02-20T02:15:00Z,2026-02-20 02:15,2026-02-20 02:30,QH,73.99,77.73,68.97,74.66,59.8,28,72.38,63.96,10.03
2026-02-20T02:30:00Z,2026-02-20 02:30,2026-02-20 02:45,QH,73.01,83.2,70.99,72.81,129.9,30,73.18,60.89,12.12
2026-02-20T02:45:00Z,2026-02-20 02:45,2026-02-20 03:00,QH,86.02,90.76,84.48,85.89,101.0,17,85.25,53.3,32.72
2026-02-20T03:00:00Z,2026-02-20 03:00,2026-02-20 03:15,QH,50.15,54.19,45.89,53.93,65.1,25,51.27,60.74,-10.59
2026-02-20T03:15:00Z,2026-02-20 03:15,2026-02-20 03:30,QH,81.71,97.2,77.85,79.04,142.5,57,79.25,70.93,10.78
2026-02-20T03:30:00Z,2026-02-20 03:30,2026-02-20 03:45,QH,75.46,78.74,73.53,75.41,65.5,15,75.62,52.26,23.2
2026-02-20T03:45:00Z,2026-02-20 03:45,2026-02-20 04:00,QH,62.36,64.13,59.05,60.41,57.5,10,64.37,58.39,3.97
2026-02-20T04:00:00Z,2026-02-20 04:00,2026-02-20 04:15,QH,63.04,66.51,63.0,58.92,69.8,9,63.81,56.63,6.41
2026-02-20T04:15:00Z,2026-02-20 04:15,2026-02-20 04:30,QH,75.58,79.1,63.87,76.07,48.2,7,74.92,54.75,20.83
2026-02-20T04:30:00Z,2026-02-20 04:30,2026-02-20 04:45,QH,60.34,61.36,57.63,60.76,62.8,21,65.24,69.32,-8.98
2026-02-20T04:45:00Z,2026-02-20 04:45,2026-02-20 05:00,QH,64.61,72.75,58.93,66.12,132.5,61,65.31,64.21,0.4
2026-02-20T05:00:00Z,2026-02-20 05:00,2026-02-20 05:15,QH,71.67,73.06,69.94,70.85,109.6,14,73.52,61.12,10.55
2026-02-20T05:15:00Z,2026-02-20 05:15,2026-02-20 05:30,QH,84.51,91.04,74.78,87.21,53.1,10,85.54,59.09,25.42
2026-02-20T05:30:00Z,2026-02-20 05:30,2026-02-20 05:45,QH,68.77,70.08,64.39,72.16,69.3,9,69.77,61.39,7.38
2026-02-20T05:45:00Z,2026-02-20 05:45,2026-02-20 06:00,QH,42.56,49.09,40.69,45.06,125.9,41,40.48,58.66,-16.1
2026-02-20T06:00:00Z,2026-02-20 06:00,2026-02-20 06:15,QH,58.75,66.83,52.71,60.77,93.2,13,60.04,58.21,0.54
2026-02-20T06:15:00Z,2026-02-20 06:15,2026-02-20 06:30,QH,62.81,66.05,58.69,61.28,67.1,13,61.34,63.36,-0.55
2026-02-20T06:30:00Z,2026-02-20 06:30,2026-02-20 06:45,QH,48.51,50.43,46.43,51.71,125.8,24,49.87,58.6,-10.08
2026-02-20T06:45:00Z,2026-02-20 06:45,2026-02-20 07:00,QH,69.51,73.44,63.12,67.7,53.5,8,72.37,69.44,0.07
2026-02-20T07:00:00Z,2026-02-20 07:00,2026-02-20 07:15,QH,112.6,112.74,109.25,113.07,105.6,46,108.04,94.25,18.35
2026-02-20T07:15:00Z,2026-02-20 07:15,2026-02-20 07:30,QH,109.02,109.89,103.38,108.01,118.1,17,104.88,100.12,8.9
2026-02-20T07:30:00Z,2026-02-20 07:30,2026-02-20 07:45,QH,114.53,120.16,107.15,114.09,37.6,17,114.43,92.31,22.22
2026-02-20T07:45:00Z,2026-02-20 07:45,2026-02-20 08:00,QH,97.03,103.13,95.26,94.14,86.9,18,98.44,95.82,1.21
2026-02-20T08:00:00Z,2026-02-20 08:00,2026-02-20 08:15,QH,97.12,99.15,84.79,98.86,65.2,23,93.36,99.29,-2.17
2026-02-20T08:15:00Z,2026-02-20 08:15,2026-02-20 08:30,QH,136.83,137.24,135.71,136.79,94.5,17,137.03,103.97,32.86
2026-02-20T08:30:00Z,2026-02-20 08:30,2026-02-20 08:45,QH,123.48,126.24,119.08,124.49,67.6,8,123.47,102.54,20.94
2026-02-20T08:45:00Z,2026-02-20 08:45,2026-02-20 09:00,QH,97.71,98.77,97.27,97.16,103.6,22,100.34,110.85,-13.14
2026-02-20T09:00:00Z,2026-02-20 09:00,2026-02-20 09:15,QH,93.8,100.67,87.55,90.1,95.4,16,95.95,106.08,-12.28
2026-02-20T09:15:00Z,2026-02-20 09:15,2026-02-20 09:30,QH,109.24,111.92,107.34,104.93,96.4,26,110.52,105.23,4.01
2026-02-20T09:30:00Z,2026-02-20 09:30,2026-02-20 09:45,QH,102.65,102.9,101.81,105.76,140.8,19,100.44,110.0,-7.34
2026-02-20T09:45:00Z,2026-02-20 09:45,2026-02-20 10:00,QH,102.67,107.47,95.65,103.44,62.9,10,100.08,104.48,-1.81
2026-02-20T10:00:00Z,2026-02-20 10:00,2026-02-20 10:15,QH,109.03,113.05,106.48,112.8,51.5,20,111.3,112.82,-3.79
2026-02-20T10:15:00Z,2026-02-20 10:15,2026-02-20 10:30,QH,79.77,85.07,73.64,77.51,111.3,14,82.24,100.28,-20.51
2026-02-20T10:30:00Z,2026-02-20 10:30,2026-02-20 10:45,QH,80.82,82.78,71.58,79.71,44.9,5,81.98,109.91,-29.1
2026-02-20T10:45:00Z,2026-02-20 10:45,2026-02-20 11:00,QH,83.29,90.21,78.24,87.1,94.6,18,81.73,103.01,-19.72
2026-02-20T11:00:00Z,2026-02-20 11:00,2026-02-20 11:15,QH,102.19,113.28,97.67,104.27,72.9,12,104.01,106.08,-3.88
2026-02-20T11:15:00Z,2026-02-20 11:15,2026-02-20 11:30,QH,80.08,81.73,73.91,80.64,64.0,13,83.45,109.99,-29.9
2026-02-20T11:30:00Z,2026-02-20 11:30,2026-02-20 11:45,QH,110.16,113.37,103.76,110.76,95.7,18,112.07,105.48,4.68
2026-02-20T11:45:00Z,2026-02-20 11:45,2026-02-20 12:00,QH,98.67,106.14,94.71,103.03,104.7,40,96.34,107.21,-8.54
2026-02-20T12:00:00Z,2026-02-20 12:00,2026-02-20 12:15,QH,121.12,122.38,119.48,124.06,19.8,4,125.24,113.46,7.66
2026-02-20T12:15:00Z,2026-02-20 12:15,2026-02-20 12:30,QH,116.18,117.05,113.7,114.2,72.5,12,115.87,109.03,7.15
2026-02-20T12:30:00Z,2026-02-20 12:30,2026-02-20 12:45,QH,99.29,104.52,90.78,101.84,45.2,9,101.9,105.93,-6.64
2026-02-20T12:45:00Z,2026-02-20 12:45,2026-02-20 13:00,QH,96.95,110.37,96.14,102.12,85.5,15,95.48,112.49,-15.53
2026-02-20T13:00:00Z,2026-02-20 13:00,2026-02-20 13:15,QH,123.68,129.3,121.03,123.65,91.4,12,124.01,110.84,12.84
2026-02-20T13:15:00Z,2026-02-20 13:15,2026-02-20 13:30,QH,115.35,117.08,109.92,116.72,87.8,24,115.31,105.09,10.26
2026-02-20T13:30:00Z,2026-02-20 13:30,2026-02-20 13:45,QH,85.25,89.6,79.74,84.97,74.6,26,86.73,110.22,-24.98
2026-02-20T13:45:00Z,2026-02-20 13:45,2026-02-20 14:00,QH,123.17,133.29,121.36,117.58,95.0,35,122.9,104.36,18.81
2026-02-20T14:00:00Z,2026-02-20 14:00,2026-02-20 14:15,QH,89.11,91.12,80.08,93.4,99.8,34,91.91,100.41,-11.3
2026-02-20T14:15:00Z,2026-02-20 14:15,2026-02-20 14:30,QH,102.15,104.12,101.25,103.8,108.1,40,103.02,114.12,-11.97
2026-02-20T14:30:00Z,2026-02-20 14:30,2026-02-20 14:45,QH,96.09,96.93,92.75,94.45,65.0,14,95.4,106.56,-10.47
2026-02-20T14:45:00Z,2026-02-20 14:45,2026-02-20 15:00,QH,106.14,111.1,99.66,111.1,131.4,25,106.82,110.95,-4.8
2026-02-20T15:00:00Z,2026-02-20 15:00,2026-02-20 15:15,QH,104.03,107.33,100.64,107.0,66.5,9,106.07,113.3,-9.27
2026-02-20T15:15:00Z,2026-02-20 15:15,2026-02-20 15:30,QH,120.56,125.65,114.56,114.94,48.8,9,122.13,108.73,11.83
2026-02-20T15:30:00Z,2026-02-20 15:30,2026-02-20 15:45,QH,104.61,104.87,103.81,105.0,86.0,31,104.1,103.17,1.44
2026-02-20T15:45:00Z,2026-02-20 15:45,2026-02-20 16:00,QH,125.4,129.17,117.84,122.88,110.4,19,125.71,105.83,19.57
2026-02-20T16:00:00Z,2026-02-20 16:00,2026-02-20 16:15,QH,98.75,100.06,97.53,95.23,112.4,17,97.61,103.01,-4.27
2026-02-20T16:15:00Z,2026-02-20 16:15,2026-02-20 16:30,QH,94.9,103.42,93.98,90.97,65.4,15,92.34,100.12,-5.22
2026-02-20T16:30:00Z,2026-02-20 16:30,2026-02-20 16:45,QH,111.63,116.46,98.97,108.15,120.1,18,110.27,104.96,6.67
2026-02-20T16:45:00Z,2026-02-20 16:45,2026-02-20 17:00,QH,96.05,96.53,95.85,97.81,88.6,24,95.35,102.33,-6.28
2026-02-20T17:00:00Z,2026-02-20 17:00,2026-02-20 17:15,QH,88.02,94.92,86.79,86.04,82.0,15,88.11,103.0,-14.98
2026-02-20T17:15:00Z,2026-02-20 17:15,2026-02-20 17:30,QH,94.78,103.98,88.92,91.18,96.5,22,95.56,108.92,-14.14
2026-02-20T17:30:00Z,2026-02-20 17:30,2026-02-20 17:45,QH,98.22,98.4,97.12,103.61,97.5,20,99.0,100.48,-2.27
2026-02-20T17:45:00Z,2026-02-20 17:45,2026-02-20 18:00,QH,111.92,115.52,109.24,113.52,117.3,20,112.45,105.6,6.32
2026-02-20T18:00:00Z,2026-02-20 18:00,2026-02-20 18:15,QH,89.6,93.39,78.6,89.23,51.2,20,89.73,96.21,-6.61
2026-02-20T18:15:00Z,2026-02-20 18:15,2026-02-20 18:30,QH,116.66,119.14,116.05,114.51,63.3,10,115.57,99.43,17.23
2026-02-20T18:30:00Z,2026-02-20 18:30,2026-02-20 18:45,QH,104.92,108.33,93.99,105.21,123.7,23,105.69,104.94,-0.02
2026-02-20T18:45:00Z,2026-02-20 18:45,2026-02-20 19:00,QH,93.33,96.91,92.35,91.41,66.0,29,95.38,106.14,-12.81
2026-02-20T19:00:00Z,2026-02-20 19:00,2026-02-20 19:15,QH,91.91,97.52,79.99,91.9,41.5,11,89.1,106.85,-14.94
2026-02-20T19:15:00Z,2026-02-20 19:15,2026-02-20 19:30,QH,103.79,107.72,99.46,103.55,94.7,37,100.82,101.54,2.25
2026-02-20T19:30:00Z,2026-02-20 19:30,2026-02-20 19:45,QH,107.21,111.66,101.57,108.58,71.2,23,105.52,99.17,8.05
2026-02-20T19:45:00Z,2026-02-20 19:45,2026-02-20 20:00,QH,94.19,96.09,94.1,92.98,31.6,6,94.67,102.0,-7.81
2026-02-20T20:00:00Z,2026-02-20 20:00,2026-02-20 20:15,QH,61.98,64.7,61.55,54.14,66.8,15,59.03,62.35,-0.37
2026-02-20T20:15:00Z,2026-02-20 20:15,2026-02-20 20:30,QH,58.38,60.0,51.68,52.9,95.0,32,59.53,64.9,-6.52
2026-02-20T20:30:00Z,2026-02-20 20:30,2026-02-20 20:45,QH,52.65,55.63,50.25,48.82,141.3,30,54.78,61.56,-8.92
2026-02-20T20:45:00Z,2026-02-20 20:45,2026-02-20 21:00,QH,53.36,63.26,53.34,51.21,65.3,13,53.65,65.82,-12.46
2026-02-20T21:00:00Z,2026-02-20 21:00,2026-02-20 21:15,QH,57.14,61.61,56.08,55.16,80.7,11,56.65,61.77,-4.63
2026-02-20T21:15:00Z,2026-02-20 21:15,2026-02-20 21:30,QH,58.94,59.72,56.43,61.09,122.8,44,57.84,69.38,-10.44
2026-02-20T21:30:00Z,2026-02-20 21:30,2026-02-20 21:45,QH,150.4,152.39,149.79,150.28,76.3,15,149.76,63.09,87.31
2026-02-20T21:45:00Z,2026-02-20 21:45,2026-02-20 22:00,QH,67.23,73.02,63.82,63.04,10.4,3,67.19,60.77,6.46
2026-02-20T22:00:00Z,2026-02-20 22:00,2026-02-20 22:15,QH,61.6,64.61,54.96,67.02,80.8,17,58.69,63.15,-1.56
2026-02-20T22:15:00Z,2026-02-20 22:15,2026-02-20 22:30,QH,67.31,70.49,64.58,71.59,49.3,11,64.67,59.59,7.72
2026-02-20T22:30:00Z,2026-02-20 22:30,2026-02-20 22:45,QH,57.68,61.55,56.95,60.41,121.1,23,56.92,62.3,-4.62
2026-02-20T22:45:00Z,2026-02-20 22:45,2026-02-20 23:00,QH,62.32,63.56,61.29,61.87,95.2,22,63.31,61.44,0.89
2026-02-20T23:00:00Z,2026-02-20 23:00,2026-02-20 23:15,QH,56.92,61.31,54.85,56.06,100.3,29,54.76,59.38,-2.46
2026-02-20T23:15:00Z,2026-02-20 23:15,2026-02-20 23:30,QH,43.46,44.49,41.82,45.02,72.7,13,42.35,66.16,-22.7
2026-02-20T23:30:00Z,2026-02-20 23:30,2026-02-20 23:45,QH,59.25,65.12,54.56,54.72,84.1,21,57.74,63.58,-4.33
2026-02-20T23:45:00Z,2026-02-20 23:45,2026-02-21 00:00,QH,69.95,71.35,68.29,71.03,142.6,33,65.97,66.96,2.99
2026-02-21T00:00:00Z,2026-02-21 00:00,2026-02-21 00:15,QH,18.36,20.98,13.44,16.97,136.7,22,20.35,39.07,-20.7
2026-02-21T00:15:00Z,2026-02-21 00:15,2026-02-21 00:30,QH,19.88,23.46,16.1,22.31,123.1,38,18.29,34.91,-15.03
2026-02-21T00:30:00Z,2026-02-21 00:30,2026-02-21 00:45,QH,31.25,36.38,25.41,37.37,96.7,24,32.91,24.49,6.76
2026-02-21T00:45:00Z,2026-02-21 00:45,2026-02-21 01:00,QH,32.54,41.24,24.14,34.34,81.2,33,32.58,22.82,9.72
2026-02-21T01:00:00Z,2026-02-21 01:00,2026-02-21 01:15,QH,3.04,6.51,-2.74,0.05,95.8,12,4.63,30.5,-27.46
2026-02-21T01:15:00Z,2026-02-21 01:15,2026-02-21 01:30,QH,6.26,12.16,5.72,4.18,110.1,25,3.57,27.38,-21.12
2026-02-21T01:30:00Z,2026-02-21 01:30,2026-02-21 01:45,QH,29.86,31.31,28.43,32.16,50.5,6,26.58,25.35,4.52
2026-02-21T01:45:00Z,2026-02-21 01:45,2026-02-21 02:00,QH,24.13,25.15,20.52,24.92,134.7,17,22.69,21.08,3.04
2026-02-21T02:00:00Z,2026-02-21 02:00,2026-02-21 02:15,QH,14.12,19.28,9.5,10.78,112.0,28,13.65,32.48,-18.36
2026-02-21T02:15:00Z,2026-02-21 02:15,2026-02-21 02:30,QH,13.27,23.6,9.91,11.57,87.3,28,12.27,26.67,-13.4
2026-02-21T02:30:00Z,2026-02-21 02:30,2026-02-21 02:45,QH,12.22,13.51,10.39,10.71,83.3,14,10.57,29.07,-16.85
2026-02-21T02:45:00Z,2026-02-21 02:45,2026-02-21 03:00,QH,11.63,18.56,5.45,10.75,74.1,12,11.67,26.37,-14.74
2026-02-21T03:00:00Z,2026-02-21 03:00,2026-02-21 03:15,QH,32.74,33.28,31.5,33.0,85.9,16,37.24,31.15,1.59
2026-02-21T03:15:00Z,2026-02-21 03:15,2026-02-21 03:30,QH,131.76,135.31,130.68,135.2,82.0,11,131.75,27.09,104.67
2026-02-21T03:30:00Z,2026-02-21 03:30,2026-02-21 03:45,QH,44.24,49.92,42.99,41.39,121.2,18,44.21,24.46,19.78
2026-02-21T03:45:00Z,2026-02-21 03:45,2026-02-21 04:00,QH,52.12,53.57,48.23,45.36,88.3,39,54.4,28.37,23.76
2026-02-21T04:00:00Z,2026-02-21 04:00,2026-02-21 04:15,QH,6.3,12.45,-4.24,5.23,89.1,11,6.53,31.87,-25.57
2026-02-21T04:15:00Z,2026-02-21 04:15,2026-02-21 04:30,QH,4.94,10.56,4.18,5.67,132.7,55,2.1,33.78,-28.85
2026-02-21T04:30:00Z,2026-02-21 04:30,2026-02-21 04:45,QH,84.96,96.68,83.19,82.44,107.5,16,85.12,46.02,38.93
2026-02-21T04:45:00Z,2026-02-21 04:45,2026-02-21 05:00,QH,35.43,44.67,33.75,34.06,101.7,23,35.46,32.61,2.82
2026-02-21T05:00:00Z,2026-02-21 05:00,2026-02-21 05:15,QH,28.99,34.89,19.07,29.66,34.5,6,29.28,32.46,-3.47
2026-02-21T05:15:00Z,2026-02-21 05:15,2026-02-21 05:30,QH,38.25,40.22,36.72,40.57,92.8,25,36.58,29.29,8.95
2026-02-21T05:30:00Z,2026-02-21 05:30,2026-02-21 05:45,QH,49.16,51.37,45.9,48.84,106.4,16,49.8,26.38,22.78
2026-02-21T05:45:00Z,2026-02-21 05:45,2026-02-21 06:00,QH,17.62,22.36,12.35,18.44,56.9,10,17.07,37.34,-19.71
2026-02-21T06:00:00Z,2026-02-21 06:00,2026-02-21 06:15,QH,42.7,45.96,41.53,46.66,86.3,12,41.89,32.44,10.26
2026-02-21T06:15:00Z,2026-02-21 06:15,2026-02-21 06:30,QH,32.05,39.87,32.03,30.07,43.6,6,30.88,26.59,5.46
2026-02-21T06:30:00Z,2026-02-21 06:30,2026-02-21 06:45,QH,30.66,42.25,30.2,30.12,67.4,21,31.85,27.97,2.7
2026-02-21T06:45:00Z,2026-02-21 06:45,2026-02-21 07:00,QH,26.32,33.62,21.17,26.25,64.0,14,21.02,30.59,-4.27
2026-02-21T07:00:00Z,2026-02-21 07:00,2026-02-21 07:15,QH,-4.07,1.93,-11.63,-0.89,92.8,23,-3.58,63.5,-67.57
2026-02-21T07:15:00Z,2026-02-21 07:15,2026-02-21 07:30,QH,53.14,67.88,49.64,57.79,74.4,33,52.81,73.53,-20.38
2026-02-21T07:30:00Z,2026-02-21 07:30,2026-02-21 07:45,QH,74.2,79.5,73.62,70.23,94.2,17,77.52,63.83,10.37
2026-02-21T07:45:00Z,2026-02-21 07:45,2026-02-21 08:00,QH,80.26,84.16,77.31,79.06,111.0,18,80.91,65.68,14.58
2026-02-21T08:00:00Z,2026-02-21 08:00,2026-02-21 08:15,QH,83.72,86.25,81.01,84.62,68.4,22,84.82,64.1,19.62
2026-02-21T08:15:00Z,2026-02-21 08:15,2026-02-21 08:30,QH,55.67,60.06,50.22,58.47,124.2,17,54.39,64.67,-9.0
2026-02-21T08:30:00Z,2026-02-21 08:30,2026-02-21 08:45,QH,59.11,61.45,57.54,56.35,89.0,14,58.71,65.47,-6.35
2026-02-21T08:45:00Z,2026-02-21 08:45,2026-02-21 09:00,QH,61.01,61.5,51.87,61.16,74.8,19,60.71,69.97,-8.96
2026-02-21T09:00:00Z,2026-02-21 09:00,2026-02-21 09:15,QH,65.41,68.96,58.67,69.16,61.2,8,65.45,63.74,1.67
2026-02-21T09:15:00Z,2026-02-21 09:15,2026-02-21 09:30,QH,56.35,67.31,54.44,57.22,76.8,9,54.98,76.79,-20.45
2026-02-21T09:30:00Z,2026-02-21 09:30,2026-02-21 09:45,QH,63.17,64.07,56.62,59.05,104.7,14,63.67,71.56,-8.39
2026-02-21T09:45:00Z,2026-02-21 09:45,2026-02-21 10:00,QH,68.34,70.62,63.45,63.8,88.3,17,68.53,71.5,-3.16
2026-02-21T10:00:00Z,2026-02-21 10:00,2026-02-21 10:15,QH,88.06,90.44,84.38,86.51,109.2,25,85.0,77.61,10.46
2026-02-21T10:15:00Z,2026-02-21 10:15,2026-02-21 10:30,QH,73.68,78.46,62.93,72.38,51.7,8,70.05,74.08,-0.4
2026-02-21T10:30:00Z,2026-02-21 10:30,2026-02-21 10:45,QH,59.97,65.48,55.99,58.57,77.6,31,61.66,77.63,-17.66
2026-02-21T10:45:00Z,2026-02-21 10:45,2026-02-21 11:00,QH,73.23,73.58,71.74,76.16,78.5,23,72.33,75.42,-2.19
2026-02-21T11:00:00Z,2026-02-21 11:00,2026-02-21 11:15,QH,55.18,55.47,50.05,57.72,69.5,14,56.74,75.06,-19.88
2026-02-21T11:15:00Z,2026-02-21 11:15,2026-02-21 11:30,QH,67.72,71.03,66.8,66.63,99.6,30,65.69,78.8,-11.08
2026-02-21T11:30:00Z,2026-02-21 11:30,2026-02-21 11:45,QH,81.99,89.97,76.22,78.64,112.5,16,80.04,73.7,8.29
2026-02-21T11:45:00Z,2026-02-21 11:45,2026-02-21 12:00,QH,90.75,98.36,88.63,94.35,86.8,17,91.97,68.12,22.63
2026-02-21T12:00:00Z,2026-02-21 12:00,2026-02-21 12:15,QH,74.3,81.3,71.85,73.98,98.2,23,72.18,74.75,-0.45
2026-02-21T12:15:00Z,2026-02-21 12:15,2026-02-21 12:30,QH,78.41,86.61,76.54,81.3,114.2,33,77.74,80.42,-2.01
2026-02-21T12:30:00Z,2026-02-21 12:30,2026-02-21 12:45,QH,71.68,83.89,69.16,74.05,107.8,33,72.06,79.31,-7.63
2026-02-21T12:45:00Z,2026-02-21 12:45,2026-02-21 13:00,QH,70.44,77.85,60.21,67.31,104.1,14,71.75,68.18,2.26
2026-02-21T13:00:00Z,2026-02-21 13:00,2026-02-21 13:15,QH,33.28,33.77,27.62,35.32,89.7,13,33.36,80.27,-46.99
2026-02-21T13:15:00Z,2026-02-21 13:15,2026-02-21 13:30,QH,74.36,82.78,65.44,76.08,87.4,27,76.69,75.86,-1.5
2026-02-21T13:30:00Z,2026-02-21 13:30,2026-02-21 13:45,QH,77.33,81.72,71.68,71.58,77.8,33,80.84,70.74,6.59
2026-02-21T13:45:00Z,2026-02-21 13:45,2026-02-21 14:00,QH,78.82,83.15,74.68,78.26,101.2,18,77.02,75.95,2.87
2026-02-21T14:00:00Z,2026-02-21 14:00,2026-02-21 14:15,QH,69.15,72.75,63.34,63.71,69.0,9,71.32,82.7,-13.55
2026-02-21T14:15:00Z,2026-02-21 14:15,2026-02-21 14:30,QH,49.85,54.81,37.55,53.34,36.7,11,49.59,78.75,-28.91
2026-02-21T14:30:00Z,2026-02-21 14:30,2026-02-21 14:45,QH,65.66,66.54,60.3,60.46,78.7,28,67.67,83.27,-17.61
2026-02-21T14:45:00Z,2026-02-21 14:45,2026-02-21 15:00,QH,82.06,84.57,76.7,79.32,120.8,22,82.54,80.46,1.6
2026-02-21T15:00:00Z,2026-02-21 15:00,2026-02-21 15:15,QH,84.6,85.28,82.72,82.78,111.5,14,85.32,68.18,16.42
2026-02-21T15:15:00Z,2026-02-21 15:15,2026-02-21 15:30,QH,71.4,74.77,65.51,69.12,19.6,6,72.04,74.59,-3.19
2026-02-21T15:30:00Z,2026-02-21 15:30,2026-02-21 15:45,QH,77.43,81.56,73.34,74.41,69.7,11,76.23,73.28,4.16
2026-02-21T15:45:00Z,2026-02-21 15:45,2026-02-21 16:00,QH,78.54,88.09,69.8,80.61,129.7,20,77.96,74.78,3.76
2026-02-21T16:00:00Z,2026-02-21 16:00,2026-02-21 16:15,QH,75.13,77.88,73.15,71.19,112.6,55,72.69,66.43,8.7
2026-02-21T16:15:00Z,2026-02-21 16:15,2026-02-21 16:30,QH,63.85,66.39,57.94,65.03,36.8,13,60.91,73.95,-10.1
2026-02-21T16:30:00Z,2026-02-21 16:30,2026-02-21 16:45,QH,75.34,76.93,72.57,79.93,68.2,13,74.85,71.22,4.12
2026-02-21T16:45:00Z,2026-02-21 16:45,2026-02-21 17:00,QH,87.47,90.28,81.4,86.21,39.2,11,86.48,76.23,11.23
2026-02-21T17:00:00Z,2026-02-21 17:00,2026-02-21 17:15,QH,71.02,79.36,68.66,69.87,99.0,36,71.36,70.93,0.09
2026-02-21T17:15:00Z,2026-02-21 17:15,2026-02-21 17:30,QH,100.03,102.62,94.23,99.32,56.8,18,103.65,72.48,27.56
2026-02-21T17:30:00Z,2026-02-21 17:30,2026-02-21 17:45,QH,53.8,56.31,52.31,54.8,84.9,24,54.2,59.29,-5.49
2026-02-21T17:45:00Z,2026-02-21 17:45,2026-02-21 18:00,QH,57.68,61.92,53.7,53.42,121.5,45,59.79,67.27,-9.59
2026-02-21T18:00:00Z,2026-02-21 18:00,2026-02-21 18:15,QH,75.55,75.79,72.65,76.3,91.2,36,73.69,61.48,14.07
2026-02-21T18:15:00Z,2026-02-21 18:15,2026-02-21 18:30,QH,65.39,73.24,60.94,65.96,59.3,20,62.06,74.03,-8.64
2026-02-21T18:30:00Z,2026-02-21 18:30,2026-02-21 18:45,QH,77.23,83.07,73.59,79.28,80.4,10,77.18,65.49,11.73
2026-02-21T18:45:00Z,2026-02-21 18:45,2026-02-21 19:00,QH,75.76,77.26,75.62,75.74,67.9,11,72.15,79.54,-3.77
2026-02-21T19:00:00Z,2026-02-21 19:00,2026-02-21 19:15,QH,73.14,74.36,72.29,75.21,46.8,21,76.56,60.99,12.15
2026-02-21T19:15:00Z,2026-02-21 19:15,2026-02-21 19:30,QH,63.76,66.67,57.31,61.81,80.8,18,66.09,56.44,7.32
2026-02-21T19:30:00Z,2026-02-21 19:30,2026-02-21 19:45,QH,71.56,78.51,69.35,73.26,41.6,9,68.62,60.66,10.9
2026-02-21T19:45:00Z,2026-02-21 19:45,2026-02-21 20:00,QH,66.58,67.27,59.68,64.54,137.9,26,67.59,61.69,4.89
2026-02-21T20:00:00Z,2026-02-21 20:00,2026-02-21 20:15,QH,22.28,31.48,10.57,23.67,115.3,17,20.89,29.68,-7.4
2026-02-21T20:15:00Z,2026-02-21 20:15,2026-02-21 20:30,QH,19.42,24.44,17.85,18.94,86.4,18,19.02,27.79,-8.37
2026-02-21T20:30:00Z,2026-02-21 20:30,2026-02-21 20:45,QH,14.43,26.53,7.66,12.82,85.0,14,18.39,39.01,-24.59
2026-02-21T20:45:00Z,2026-02-21 20:45,2026-02-21 21:00,QH,36.26,37.73,36.13,35.32,86.6,28,36.51,37.64,-1.37
2026-02-21T21:00:00Z,2026-02-21 21:00,2026-02-21 21:15,QH,26.31,27.13,25.74,34.66,60.6,9,27.36,25.15,1.16
2026-02-21T21:15:00Z,2026-02-21 21:15,2026-02-21 21:30,QH,18.29,18.6,15.82,13.39,116.5,18,17.49,28.69,-10.4
2026-02-21T21:30:00Z,2026-02-21 21:30,2026-02-21 21:45,QH,6.47,12.92,0.92,5.74,112.8,54,8.78,24.81,-18.34
2026-02-21T21:45:00Z,2026-02-21 21:45,2026-02-21 22:00,QH,47.5,48.62,43.9,51.51,103.2,14,46.14,24.93,22.57
2026-02-21T22:00:00Z,2026-02-21 22:00,2026-02-21 22:15,QH,21.06,24.35,20.88,18.92,45.8,16,22.94,22.33,-1.26
2026-02-21T22:15:00Z,2026-02-21 22:15,2026-02-21 22:30,QH,38.75,40.48,33.43,36.86,89.9,12,37.84,36.43,2.32
2026-02-21T22:30:00Z,2026-02-21 22:30,2026-02-21 22:45,QH,20.27,24.47,16.86,24.37,105.8,20,20.9,35.35,-15.08
2026-02-21T22:45:00Z,2026-02-21 22:45,2026-02-21 23:00,QH,41.58,42.76,39.69,42.95,83.4,34,40.51,38.53,3.04
2026-02-21T23:00:00Z,2026-02-21 23:00,2026-02-21 23:15,QH,26.05,32.62,24.23,23.65,121.7,22,24.13,29.09,-3.04
2026-02-21T23:15:00Z,2026-02-21 23:15,2026-02-21 23:30,QH,34.67,34.92,33.45,35.55,77.3,13,34.74,32.54,2.13
2026-02-21T23:30:00Z,2026-02-21 23:30,2026-02-21 23:45,QH,29.71,31.12,28.84,30.99,85.0,14,31.24,25.98,3.73
2026-02-21T23:45:00Z,2026-02-21 23:45,2026-02-22 00:00,QH,28.78,29.32,21.91,29.89,75.8,12,35.87,28.83,-0.05
2026-02-22T00:00:00Z,2026-02-22 00:00,2026-02-22 00:15,QH,46.31,49.17,44.04,49.67,72.8,17,45.35,27.23,19.08
2026-02-22T00:15:00Z,2026-02-22 00:15,2026-02-22 00:30,QH,45.3,50.98,41.47,42.51,17.9,3,40.8,26.92,18.38
2026-02-22T00:30:00Z,2026-02-22 00:30,2026-02-22 00:45,QH,30.78,32.99,26.59,29.18,130.7,18,32.35,29.99,0.79
2026-02-22T00:45:00Z,2026-02-22 00:45,2026-02-22 01:00,QH,36.15,37.15,34.75,39.33,100.0,17,36.76,33.59,2.56
2026-02-22T01:00:00Z,2026-02-22 01:00,2026-02-22 01:15,QH,18.84,21.46,12.81,23.35,129.1,25,19.25,30.0,-11.16
2026-02-22T01:15:00Z,2026-02-22 01:15,2026-02-22 01:30,QH,15.54,15.67,7.08,17.7,91.6,18,12.39,33.93,-18.39
2026-02-22T01:30:00Z,2026-02-22 01:30,2026-02-22 01:45,QH,17.09,25.36,7.62,19.83,57.5,10,13.98,30.41,-13.33
2026-02-22T01:45:00Z,2026-02-22 01:45,2026-02-22 02:00,QH,38.05,43.13,34.45,35.58,117.9,48,38.48,31.09,6.96
2026-02-22T02:00:00Z,2026-02-22 02:00,2026-02-22 02:15,QH,45.72,46.02,38.02,44.35,79.8,19,47.06,39.03,6.69
2026-02-22T02:15:00Z,2026-02-22 02:15,2026-02-22 02:30,QH,122.92,129.4,115.88,119.94,97.2,12,125.28,30.12,92.81
2026-02-22T02:30:00Z,2026-02-22 02:30,2026-02-22 02:45,QH,33.47,39.17,29.28,35.37,70.4,17,31.07,35.4,-1.93
2026-02-22T02:45:00Z,2026-02-22 02:45,2026-02-22 03:00,QH,17.84,19.63,14.67,22.63,77.1,13,13.24,31.66,-13.82
2026-02-22T03:00:00Z,2026-02-22 03:00,2026-02-22 03:15,QH,34.22,36.88,30.4,32.79,71.5,16,35.06,34.41,-0.19
2026-02-22T03:15:00Z,2026-02-22 03:15,2026-02-22 03:30,QH,18.43,22.95,0.39,20.88,73.4,9,16.21,32.98,-14.54
2026-02-22T03:30:00Z,2026-02-22 03:30,2026-02-22 03:45,QH,23.29,25.73,18.56,29.21,67.3,10,25.04,36.66,-13.37
2026-02-22T03:45:00Z,2026-02-22 03:45,2026-02-22 04:00,QH,30.08,35.8,25.68,24.74,85.1,14,31.21,33.4,-3.31
2026-02-22T04:00:00Z,2026-02-22 04:00,2026-02-22 04:15,QH,52.6,52.92,49.03,56.37,93.1,13,51.12,28.01,24.59
2026-02-22T04:15:00Z,2026-02-22 04:15,2026-02-22 04:30,QH,22.49,26.83,19.86,18.96,45.1,10,23.88,27.12,-4.64
2026-02-22T04:30:00Z,2026-02-22 04:30,2026-02-22 04:45,QH,46.68,46.91,45.54,46.57,164.2,60,46.27,33.52,13.16
2026-02-22T04:45:00Z,2026-02-22 04:45,2026-02-22 05:00,QH,16.03,22.26,5.16,16.7,113.3,24,13.02,34.4,-18.36
2026-02-22T05:00:00Z,2026-02-22 05:00,2026-02-22 05:15,QH,33.96,38.76,33.0,31.39,106.1,20,32.69,29.64,4.32
2026-02-22T05:15:00Z,2026-02-22 05:15,2026-02-22 05:30,QH,50.71,50.85,46.06,54.28,109.8,17,49.54,32.63,18.07
2026-02-22T05:30:00Z,2026-02-22 05:30,2026-02-22 05:45,QH,22.43,25.79,16.46,24.91,133.7,18,24.46,31.31,-8.88
2026-02-22T05:45:00Z,2026-02-22 05:45,2026-02-22 06:00,QH,47.52,59.22,45.09,49.11,127.5,17,51.21,30.27,17.25
2026-02-22T06:00:00Z,2026-02-22 06:00,2026-02-22 06:15,QH,29.7,29.78,27.77,20.66,102.7,17,30.35,32.47,-2.76
2026-02-22T06:15:00Z,2026-02-22 06:15,2026-02-22 06:30,QH,-15.13,-13.2,-20.1,-7.63,103.1,17,-17.42,28.43,-43.57
2026-02-22T06:30:00Z,2026-02-22 06:30,2026-02-22 06:45,QH,52.03,57.94,44.74,53.63,105.2,23,55.7,38.04,13.98
2026-02-22T06:45:00Z,2026-02-22 06:45,2026-02-22 07:00,QH,20.85,30.27,18.8,24.31,132.4,32,20.99,32.68,-11.83
2026-02-22T07:00:00Z,2026-02-22 07:00,2026-02-22 07:15,QH,73.74,76.67,72.89,67.36,107.6,27,73.57,68.98,4.76
2026-02-22T07:15:00Z,2026-02-22 07:15,2026-02-22 07:30,QH,62.43,64.89,61.89,63.82,109.1,16,63.63,74.2,-11.78
2026-02-22T07:30:00Z,2026-02-22 07:30,2026-02-22 07:45,QH,61.41,65.25,60.47,63.16,106.8,16,59.37,73.05,-11.64
2026-02-22T07:45:00Z,2026-02-22 07:45,2026-02-22 08:00,QH,56.83,64.31,49.26,55.26,97.1,31,56.66,68.8,-11.97
2026-02-22T08:00:00Z,2026-02-22 08:00,2026-02-22 08:15,QH,62.73,63.72,58.73,62.12,83.6,11,63.41,70.29,-7.56
2026-02-22T08:15:00Z,2026-02-22 08:15,2026-02-22 08:30,QH,71.97,73.02,71.07,74.49,99.4,12,72.31,77.31,-5.34
2026-02-22T08:30:00Z,2026-02-22 08:30,2026-02-22 08:45,QH,53.74,55.35,50.6,52.96,104.5,14,56.49,79.9,-26.16
2026-02-22T08:45:00Z,2026-02-22 08:45,2026-02-22 09:00,QH,81.53,87.6,80.67,83.05,62.9,15,81.11,63.51,18.02
2026-02-22T09:00:00Z,2026-02-22 09:00,2026-02-22 09:15,QH,72.85,75.37,72.07,74.47,129.4,19,70.62,73.13,-0.28
2026-02-22T09:15:00Z,2026-02-22 09:15,2026-02-22 09:30,QH,41.76,41.97,35.19,46.13,107.8,14,39.64,78.21,-36.45
2026-02-22T09:30:00Z,2026-02-22 09:30,2026-02-22 09:45,QH,80.45,84.24,70.06,78.38,83.2,14,82.98,72.11,8.34
2026-02-22T09:45:00Z,2026-02-22 09:45,2026-02-22 10:00,QH,58.18,59.48,48.64,60.2,18.9,4,57.91,71.54,-13.36
2026-02-22T10:00:00Z,2026-02-22 10:00,2026-02-22 10:15,QH,80.36,85.54,75.43,79.8,78.0,33,81.51,74.16,6.21
2026-02-22T10:15:00Z,2026-02-22 10:15,2026-02-22 10:30,QH,52.4,54.16,47.17,50.97,94.2,15,50.97,70.15,-17.75
2026-02-22T10:30:00Z,2026-02-22 10:30,2026-02-22 10:45,QH,75.27,76.5,71.44,73.94,91.0,31,76.52,75.59,-0.32
2026-02-22T10:45:00Z,2026-02-22 10:45,2026-02-22 11:00,QH,83.09,90.41,75.55,84.23,19.4,3,81.77,70.58,12.51
2026-02-22T11:00:00Z,2026-02-22 11:00,2026-02-22 11:15,QH,85.45,95.51,79.12,83.0,49.0,12,87.74,71.34,14.11
2026-02-22T11:15:00Z,2026-02-22 11:15,2026-02-22 11:30,QH,61.85,65.13,56.04,60.69,106.7,15,61.04,75.78,-13.93
2026-02-22T11:30:00Z,2026-02-22 11:30,2026-02-22 11:45,QH,79.19,87.69,78.88,74.11,127.3,25,77.72,75.14,4.05
2026-02-22T11:45:00Z,2026-02-22 11:45,2026-02-22 12:00,QH,69.69,72.27,69.12,71.36,95.1,12,69.5,81.31,-11.62
2026-02-22T12:00:00Z,2026-02-22 12:00,2026-02-22 12:15,QH,92.86,99.72,89.97,92.58,127.7,22,95.75,84.99,7.86
2026-02-22T12:15:00Z,2026-02-22 12:15,2026-02-22 12:30,QH,77.21,83.52,74.78,73.66,49.3,6,76.51,70.68,6.53
2026-02-22T12:30:00Z,2026-02-22 12:30,2026-02-22 12:45,QH,76.2,77.07,73.92,76.57,82.0,34,73.08,75.37,0.82
2026-02-22T12:45:00Z,2026-02-22 12:45,2026-02-22 13:00,QH,75.08,77.77,70.56,78.16,82.9,13,75.43,81.68,-6.61
2026-02-22T13:00:00Z,2026-02-22 13:00,2026-02-22 13:15,QH,71.88,72.19,65.74,72.44,52.8,7,70.76,87.33,-15.45
2026-02-22T13:15:00Z,2026-02-22 13:15,2026-02-22 13:30,QH,90.13,94.85,88.73,91.53,108.1,27,92.04,74.6,15.53
2026-02-22T13:30:00Z,2026-02-22 13:30,2026-02-22 13:45,QH,43.37,52.08,32.56,44.23,67.7,12,44.25,83.26,-39.89
2026-02-22T13:45:00Z,2026-02-22 13:45,2026-02-22 14:00,QH,55.82,65.38,54.31,53.23,64.9,23,53.64,71.69,-15.87
2026-02-22T14:00:00Z,2026-02-22 14:00,2026-02-22 14:15,QH,72.99,74.75,66.45,79.4,119.3,20,71.44,76.17,-3.18
2026-02-22T14:15:00Z,2026-02-22 14:15,2026-02-22 14:30,QH,91.24,99.16,89.37,89.37,124.8,25,91.27,77.15,14.09
2026-02-22T14:30:00Z,2026-02-22 14:30,2026-02-22 14:45,QH,64.04,65.09,54.17,60.12,104.6,15,66.43,77.32,-13.27
2026-02-22T14:45:00Z,2026-02-22 14:45,2026-02-22 15:00,QH,73.08,85.38,69.85,72.41,122.7,17,75.05,80.04,-6.96
2026-02-22T15:00:00Z,2026-02-22 15:00,2026-02-22 15:15,QH,85.79,91.1,82.41,82.07,85.8,11,84.71,80.06,5.72
2026-02-22T15:15:00Z,2026-02-22 15:15,2026-02-22 15:30,QH,53.73,54.03,45.59,60.65,74.9,26,54.72,82.73,-28.99
2026-02-22T15:30:00Z,2026-02-22 15:30,2026-02-22 15:45,QH,53.27,66.64,49.09,51.91,58.4,9,53.98,73.96,-20.69
2026-02-22T15:45:00Z,2026-02-22 15:45,2026-02-22 16:00,QH,67.66,73.71,61.38,70.25,86.9,11,69.04,77.84,-10.18
2026-02-22T16:00:00Z,2026-02-22 16:00,2026-02-22 16:15,QH,51.71,54.35,49.48,54.83,36.7,4,50.42,72.04,-20.32
2026-02-22T16:15:00Z,2026-02-22 16:15,2026-02-22 16:30,QH,62.25,64.9,60.4,65.91,142.5,65,63.16,73.99,-11.74
2026-02-22T16:30:00Z,2026-02-22 16:30,2026-02-22 16:45,QH,53.39,57.79,39.49,53.98,88.4,14,54.16,71.74,-18.35
2026-02-22T16:45:00Z,2026-02-22 16:45,2026-02-22 17:00,QH,83.02,84.05,82.73,87.25,98.9,13,79.48,81.06,1.96
2026-02-22T17:00:00Z,2026-02-22 17:00,2026-02-22 17:15,QH,71.34,77.1,70.56,69.06,92.7,13,69.63,72.43,-1.09
2026-02-22T17:15:00Z,2026-02-22 17:15,2026-02-22 17:30,QH,89.38,90.81,86.25,94.99,112.4,20,89.59,70.04,19.34
2026-02-22T17:30:00Z,2026-02-22 17:30,2026-02-22 17:45,QH,187.98,189.68,183.36,185.1,117.1,43,190.94,64.25,123.74
2026-02-22T17:45:00Z,2026-02-22 17:45,2026-02-22 18:00,QH,56.22,60.63,45.4,59.25,109.4,24,54.11,73.66,-17.44
2026-02-22T18:00:00Z,2026-02-22 18:00,2026-02-22 18:15,QH,54.9,56.6,51.72,60.16,83.3,17,55.94,78.25,-23.35
2026-02-22T18:15:00Z,2026-02-22 18:15,2026-02-22 18:30,QH,75.99,81.3,75.71,75.76,107.8,22,73.65,70.71,5.29
2026-02-22T18:30:00Z,2026-02-22 18:30,2026-02-22 18:45,QH,64.52,68.75,64.27,67.96,63.8,23,62.39,67.28,-2.76
2026-02-22T18:45:00Z,2026-02-22 18:45,2026-02-22 19:00,QH,62.98,68.76,57.57,60.81,104.7,18,62.65,77.46,-14.48
2026-02-22T19:00:00Z,2026-02-22 19:00,2026-02-22 19:15,QH,64.09,66.08,62.25,65.92,102.6,12,67.51,72.83,-8.74
2026-02-22T19:15:00Z,2026-02-22 19:15,2026-02-22 19:30,QH,72.67,73.93,64.07,69.78,97.5,16,72.16,67.43,5.24
2026-02-22T19:30:00Z,2026-02-22 19:30,2026-02-22 19:45,QH,49.8,50.5,39.22,50.85,138.8,56,47.16,64.38,-14.59
2026-02-22T19:45:00Z,2026-02-22 19:45,2026-02-22 20:00,QH,91.77,94.96,90.54,93.01,61.7,8,91.49,57.72,34.05
2026-02-22T20:00:00Z,2026-02-22 20:00,2026-02-22 20:15,QH,44.83,48.8,43.02,44.23,74.4,18,44.57,27.58,17.25
2026-02-22T20:15:00Z,2026-02-22 20:15,2026-02-22 20:30,QH,43.76,46.54,34.42,44.29,86.5,21,44.64,32.76,11.01
2026-02-22T20:30:00Z,2026-02-22 20:30,2026-02-22 20:45,QH,20.12,24.95,19.52,20.87,56.6,10,19.46,37.2,-17.08
2026-02-22T20:45:00Z,2026-02-22 20:45,2026-02-22 21:00,QH,23.03,32.7,19.28,24.62,74.8,11,21.28,36.74,-13.71
2026-02-22T21:00:00Z,2026-02-22 21:00,2026-02-22 21:15,QH,29.57,39.54,27.58,30.33,107.4,33,26.96,33.03,-3.46
2026-02-22T21:15:00Z,2026-02-22 21:15,2026-02-22 21:30,QH,22.97,24.39,15.89,16.5,52.7,9,25.11,34.0,-11.03
2026-02-22T21:30:00Z,2026-02-22 21:30,2026-02-22 21:45,QH,47.26,58.4,43.31,46.93,18.0,3,48.32,34.83,12.43
2026-02-22T21:45:00Z,2026-02-22 21:45,2026-02-22 22:00,QH,43.27,45.69,39.34,42.81,66.6,14,43.14,36.75,6.52
2026-02-22T22:00:00Z,2026-02-22 22:00,2026-02-22 22:15,QH,98.11,103.25,87.67,96.66,87.5,43,97.26,33.19,64.93
2026-02-22T22:15:00Z,2026-02-22 22:15,2026-02-22 22:30,QH,24.3,27.34,18.6,32.02,72.4,29,23.22,31.94,-7.65
2026-02-22T22:30:00Z,2026-02-22 22:30,2026-02-22 22:45,QH,18.42,22.2,14.96,23.33,93.8,20,19.44,28.16,-9.74
2026-02-22T22:45:00Z,2026-02-22 22:45,2026-02-22 23:00,QH,58.08,61.01,53.55,55.66,85.0,17,58.88,39.52,18.56
2026-02-22T23:00:00Z,2026-02-22 23:00,2026-02-22 23:15,QH,35.06,39.9,27.23,35.53,85.7,18,39.35,34.5,0.56
2026-02-22T23:15:00Z,2026-02-22 23:15,2026-02-22 23:30,QH,26.57,29.33,24.48,27.59,32.6,8,25.76,40.47,-13.9
2026-02-22T23:30:00Z,2026-02-22 23:30,2026-02-22 23:45,QH,46.24,46.25,43.88,48.67,69.8,15,45.88,29.66,16.58
2026-02-22T23:45:00Z,2026-02-22 23:45,2026-02-23 00:00,QH,37.11,39.22,36.75,38.24,47.2,16,39.75,25.7,11.41
2026-02-23T00:00:00Z,2026-02-23 00:00,2026-02-23 00:15,QH,45.74,48.27,45.09,45.46,42.2,17,47.49,59.11,-13.37
2026-02-23T00:15:00Z,2026-02-23 00:15,2026-02-23 00:30,QH,35.28,36.85,32.47,38.85,104.1,22,34.39,58.31,-23.03
2026-02-23T00:30:00Z,2026-02-23 00:30,2026-02-23 00:45,QH,79.16,86.64,77.06,77.95,83.8,29,77.52,53.51,25.64
2026-02-23T00:45:00Z,2026-02-23 00:45,2026-02-23 01:00,QH,63.86,64.06,60.43,60.41,123.7,18,62.0,56.0,7.86
2026-02-23T01:00:00Z,2026-02-23 01:00,2026-02-23 01:15,QH,33.2,41.38,26.92,25.06,65.2,12,31.83,58.02,-24.82
2026-02-23T01:15:00Z,2026-02-23 01:15,2026-02-23 01:30,QH,73.49,76.03,70.62,74.44,103.9,23,76.93,51.47,22.03
2026-02-23T01:30:00Z,2026-02-23 01:30,2026-02-23 01:45,QH,70.02,78.25,68.32,67.51,91.8,11,68.57,57.47,12.56
2026-02-23T01:45:00Z,2026-02-23 01:45,2026-02-23 02:00,QH,60.68,64.15,56.61,64.46,86.5,14,62.91,52.64,8.04
2026-02-23T02:00:00Z,2026-02-23 02:00,2026-02-23 02:15,QH,33.88,37.08,26.6,34.85,46.4,17,33.24,43.69,-9.8
2026-02-23T02:15:00Z,2026-02-23 02:15,2026-02-23 02:30,QH,73.25,75.69,71.17,73.18,71.6,31,70.43,55.55,17.7
2026-02-23T02:30:00Z,2026-02-23 02:30,2026-02-23 02:45,QH,41.81,42.98,36.25,45.29,53.6,14,42.51,58.86,-17.05
2026-02-23T02:45:00Z,2026-02-23 02:45,2026-02-23 03:00,QH,58.72,61.15,51.2,60.85,78.9,20,55.8,48.2,10.51
2026-02-23T03:00:00Z,2026-02-23 03:00,2026-02-23 03:15,QH,52.71,53.93,49.86,53.81,78.3,28,52.28,50.03,2.68
2026-02-23T03:15:00Z,2026-02-23 03:15,2026-02-23 03:30,QH,48.56,49.35,46.02,51.33,69.8,18,46.92,57.58,-9.02
2026-02-23T03:30:00Z,2026-02-23 03:30,2026-02-23 03:45,QH,57.36,64.05,50.99,60.57,82.8,25,52.65,50.49,6.88
2026-02-23T03:45:00Z,2026-02-23 03:45,2026-02-23 04:00,QH,72.07,81.35,69.76,69.92,91.0,11,76.32,61.01,11.05
2026-02-23T04:00:00Z,2026-02-23 04:00,2026-02-23 04:15,QH,87.77,92.41,80.42,88.17,77.6,23,88.84,56.29,31.48
2026-02-23T04:15:00Z,2026-02-23 04:15,2026-02-23 04:30,QH,72.14,81.37,65.72,74.65,105.5,43,73.14,59.0,13.14
2026-02-23T04:30:00Z,2026-02-23 04:30,2026-02-23 04:45,QH,64.2,71.31,57.08,66.97,90.0,16,64.55,52.85,11.35
2026-02-23T04:45:00Z,2026-02-23 04:45,2026-02-23 05:00,QH,50.93,53.65,43.97,51.57,101.8,24,49.68,53.78,-2.86
2026-02-23T05:00:00Z,2026-02-23 05:00,2026-02-23 05:15,QH,51.2,52.72,46.87,46.41,115.8,33,53.63,53.92,-2.72
2026-02-23T05:15:00Z,2026-02-23 05:15,2026-02-23 05:30,QH,51.76,56.7,48.16,54.01,76.1,15,52.63,49.74,2.02
2026-02-23T05:30:00Z,2026-02-23 05:30,2026-02-23 05:45,QH,50.13,55.5,48.3,47.47,56.9,7,49.11,43.98,6.15
2026-02-23T05:45:00Z,2026-02-23 05:45,2026-02-23 06:00,QH,39.56,40.67,34.23,35.63,54.8,19,43.44,54.28,-14.72
2026-02-23T06:00:00Z,2026-02-23 06:00,2026-02-23 06:15,QH,68.1,72.62,64.48,63.61,64.0,17,67.32,57.28,10.82
2026-02-23T06:15:00Z,2026-02-23 06:15,2026-02-23 06:30,QH,47.28,50.15,41.3,49.92,91.3,20,47.61,54.78,-7.51
2026-02-23T06:30:00Z,2026-02-23 06:30,2026-02-23 06:45,QH,37.49,41.31,32.54,39.96,110.2,36,34.65,50.59,-13.1
2026-02-23T06:45:00Z,2026-02-23 06:45,2026-02-23 07:00,QH,38.78,43.0,34.23,37.18,60.8,12,37.01,62.7,-23.92
2026-02-23T07:00:00Z,2026-02-23 07:00,2026-02-23 07:15,QH,96.75,100.18,91.31,98.42,60.7,11,97.66,87.43,9.32
2026-02-23T07:15:00Z,2026-02-23 07:15,2026-02-23 07:30,QH,94.15,100.58,93.31,93.16,58.7,27,94.19,91.9,2.24
2026-02-23T07:30:00Z,2026-02-23 07:30,2026-02-23 07:45,QH,97.46,98.73,96.06,97.49,117.6,17,96.6,86.33,11.13
2026-02-23T07:45:00Z,2026-02-23 07:45,2026-02-23 08:00,QH,92.04,96.94,91.8,93.29,56.9,10,89.98,96.89,-4.85
2026-02-23T08:00:00Z,2026-02-23 08:00,2026-02-23 08:15,QH,100.13,103.76,99.66,101.0,68.4,9,100.06,103.41,-3.28
2026-02-23T08:15:00Z,2026-02-23 08:15,2026-02-23 08:30,QH,93.54,99.09,92.49,93.29,78.0,12,95.61,95.16,-1.62
2026-02-23T08:30:00Z,2026-02-23 08:30,2026-02-23 08:45,QH,76.41,76.81,73.28,79.5,105.6,14,76.76,94.85,-18.44
2026-02-23T08:45:00Z,2026-02-23 08:45,2026-02-23 09:00,QH,95.57,100.68,92.78,99.1,75.9,22,96.34,101.53,-5.95
2026-02-23T09:00:00Z,2026-02-23 09:00,2026-02-23 09:15,QH,79.25,81.91,78.45,79.58,52.0,7,75.95,101.65,-22.39
2026-02-23T09:15:00Z,2026-02-23 09:15,2026-02-23 09:30,QH,118.53,121.32,113.6,123.61,85.6,11,117.71,85.2,33.34
2026-02-23T09:30:00Z,2026-02-23 09:30,2026-02-23 09:45,QH,86.43,87.83,84.82,85.91,58.9,12,86.68,104.03,-17.6
2026-02-23T09:45:00Z,2026-02-23 09:45,2026-02-23 10:00,QH,104.41,110.34,97.83,105.28,66.0,11,105.47,97.58,6.83
2026-02-23T10:00:00Z,2026-02-23 10:00,2026-02-23 10:15,QH,103.17,106.85,100.36,102.13,68.5,24,104.1,96.59,6.57
2026-02-23T10:15:00Z,2026-02-23 10:15,2026-02-23 10:30,QH,93.85,94.2,86.63,98.83,70.0,12,96.55,90.71,3.15
2026-02-23T10:30:00Z,2026-02-23 10:30,2026-02-23 10:45,QH,89.25,95.61,82.99,85.02,68.1,20,88.05,94.14,-4.88
2026-02-23T10:45:00Z,2026-02-23 10:45,2026-02-23 11:00,QH,108.36,118.69,105.65,110.07,151.0,42,110.79,88.58,19.77
2026-02-23T11:00:00Z,2026-02-23 11:00,2026-02-23 11:15,QH,109.53,113.9,101.89,109.13,98.2,36,107.21,92.28,17.25
2026-02-23T11:15:00Z,2026-02-23 11:15,2026-02-23 11:30,QH,104.86,109.29,98.34,104.14,88.3,17,103.37,96.35,8.51
2026-02-23T11:30:00Z,2026-02-23 11:30,2026-02-23 11:45,QH,111.73,112.56,108.93,112.15,131.9,20,112.53,89.32,22.41
2026-02-23T11:45:00Z,2026-02-23 11:45,2026-02-23 12:00,QH,102.86,103.06,101.09,106.19,87.4,41,101.25,98.49,4.36
2026-02-23T12:00:00Z,2026-02-23 12:00,2026-02-23 12:15,QH,99.21,106.77,92.61,99.1,10,3,97.5,100.95,-1.74
2026-02-23T12:15:00Z,2026-02-23 12:15,2026-02-23 12:30,QH,87.76,94.09,76.51,82.7,97.5,21,84.29,105.58,-17.82
2026-02-23T12:30:00Z,2026-02-23 12:30,2026-02-23 12:45,QH,96.69,103.15,96.34,99.63,93.2,13,93.51,97.81,-1.12
2026-02-23T12:45:00Z,2026-02-23 12:45,2026-02-23 13:00,QH,95.92,103.46,94.24,95.12,82.5,12,96.94,97.64,-1.72
2026-02-23T13:00:00Z,2026-02-23 13:00,2026-02-23 13:15,QH,102.43,106.53,95.74,104.3,146.4,18,104.11,106.18,-3.76
2026-02-23T13:15:00Z,2026-02-23 13:15,2026-02-23 13:30,QH,95.82,99.16,92.94,101.94,99.2,17,97.07,103.0,-7.17
2026-02-23T13:30:00Z,2026-02-23 13:30,2026-02-23 13:45,QH,101.87,109.11,96.54,104.28,106.8,13,102.1,112.39,-10.51
2026-02-23T13:45:00Z,2026-02-23 13:45,2026-02-23 14:00,QH,97.44,97.52,94.67,104.98,107.5,16,96.15,94.77,2.67
2026-02-23T14:00:00Z,2026-02-23 14:00,2026-02-23 14:15,QH,100.53,106.21,99.75,98.8,109.5,19,101.99,96.15,4.38
2026-02-23T14:15:00Z,2026-02-23 14:15,2026-02-23 14:30,QH,96.19,98.06,94.08,92.81,31.2,3,99.35,98.78,-2.59
2026-02-23T14:30:00Z,2026-02-23 14:30,2026-02-23 14:45,QH,97.03,104.89,94.19,90.46,104.3,23,98.23,98.32,-1.29
2026-02-23T14:45:00Z,2026-02-23 14:45,2026-02-23 15:00,QH,212.66,216.72,209.91,217.54,116.1,23,209.7,102.11,110.55
2026-02-23T15:00:00Z,2026-02-23 15:00,2026-02-23 15:15,QH,112.75,114.76,103.62,115.12,92.0,41,115.07,106.23,6.52
2026-02-23T15:15:00Z,2026-02-23 15:15,2026-02-23 15:30,QH,103.72,114.46,102.66,108.56,101.0,33,100.64,94.29,9.43
2026-02-23T15:30:00Z,2026-02-23 15:30,2026-02-23 15:45,QH,98.7,99.05,96.17,98.45,55.3,10,95.46,98.55,0.15
2026-02-23T15:45:00Z,2026-02-23 15:45,2026-02-23 16:00,QH,107.52,112.52,104.71,108.24,69.0,15,110.33,95.31,12.22
2026-02-23T16:00:00Z,2026-02-23 16:00,2026-02-23 16:15,QH,92.23,103.85,87.58,93.85,51.0,8,93.29,94.9,-2.67
2026-02-23T16:15:00Z,2026-02-23 16:15,2026-02-23 16:30,QH,85.15,87.5,81.84,79.6,94.2,26,88.6,97.57,-12.41
2026-02-23T16:30:00Z,2026-02-23 16:30,2026-02-23 16:45,QH,109.6,116.13,101.03,109.59,49.7,10,111.32,92.89,16.71
2026-02-23T16:45:00Z,2026-02-23 16:45,2026-02-23 17:00,QH,110.59,117.92,107.2,110.45,132.7,24,114.18,96.02,14.57
2026-02-23T17:00:00Z,2026-02-23 17:00,2026-02-23 17:15,QH,93.92,98.6,88.92,95.37,58.9,25,92.22,100.54,-6.63
2026-02-23T17:15:00Z,2026-02-23 17:15,2026-02-23 17:30,QH,102.3,104.72,101.04,101.05,101.3,44,106.17,96.72,5.58
2026-02-23T17:30:00Z,2026-02-23 17:30,2026-02-23 17:45,QH,101.5,102.13,95.04,101.68,73.7,10,101.68,100.6,0.9
2026-02-23T17:45:00Z,2026-02-23 17:45,2026-02-23 18:00,QH,96.69,99.04,94.4,94.59,43.0,6,95.37,92.49,4.2
2026-02-23T18:00:00Z,2026-02-23 18:00,2026-02-23 18:15,QH,99.82,105.81,93.71,97.2,117.7,53,102.54,86.93,12.89
2026-02-23T18:15:00Z,2026-02-23 18:15,2026-02-23 18:30,QH,83.58,87.31,81.92,84.14,90.5,16,83.3,97.02,-13.44
2026-02-23T18:30:00Z,2026-02-23 18:30,2026-02-23 18:45,QH,233.34,234.29,232.2,230.69,17.4,5,230.41,83.92,149.42
2026-02-23T18:45:00Z,2026-02-23 18:45,2026-02-23 19:00,QH,78.58,81.14,71.1,83.4,85.6,18,77.29,95.83,-17.25
2026-02-23T19:00:00Z,2026-02-23 19:00,2026-02-23 19:15,QH,70.41,71.52,64.54,65.52,107.0,14,70.62,96.07,-25.66
2026-02-23T19:15:00Z,2026-02-23 19:15,2026-02-23 19:30,QH,88.68,95.36,87.98,81.98,117.4,14,90.74,91.58,-2.9
2026-02-23T19:30:00Z,2026-02-23 19:30,2026-02-23 19:45,QH,107.08,112.58,104.46,105.28,40.7,6,106.48,89.5,17.58
2026-02-23T19:45:00Z,2026-02-23 19:45,2026-02-23 20:00,QH,87.92,90.25,76.14,88.49,69.6,13,88.33,96.72,-8.79
2026-02-23T20:00:00Z,2026-02-23 20:00,2026-02-23 20:15,QH,60.28,62.46,50.69,63.55,112.6,27,59.52,54.37,5.91
2026-02-23T20:15:00Z,2026-02-23 20:15,2026-02-23 20:30,QH,52.34,57.16,52.15,54.68,116.1,27,53.26,51.17,1.17
2026-02-23T20:30:00Z,2026-02-23 20:30,2026-02-23 20:45,QH,48.9,58.67,33.13,47.86,116.0,39,48.7,53.85,-4.95
2026-02-23T20:45:00Z,2026-02-23 20:45,2026-02-23 21:00,QH,21.59,22.27,16.45,26.06,69.5,23,20.7,49.67,-28.09
2026-02-23T21:00:00Z,2026-02-23 21:00,2026-02-23 21:15,QH,62.03,62.56,58.08,69.32,65.4,27,57.67,53.39,8.64
2026-02-23T21:15:00Z,2026-02-23 21:15,2026-02-23 21:30,QH,41.69,42.52,36.35,40.52,111.6,33,43.37,48.06,-6.36
2026-02-23T21:30:00Z,2026-02-23 21:30,2026-02-23 21:45,QH,54.58,57.34,46.79,55.21,112.1,19,54.24,46.29,8.29
2026-02-23T21:45:00Z,2026-02-23 21:45,2026-02-23 22:00,QH,64.14,65.99,62.77,65.47,87.5,20,63.35,52.71,11.43
2026-02-23T22:00:00Z,2026-02-23 22:00,2026-02-23 22:15,QH,122.63,122.98,116.36,125.52,97.1,24,119.81,59.05,63.57
2026-02-23T22:15:00Z,2026-02-23 22:15,2026-02-23 22:30,QH,64.71,70.27,62.13,60.61,92.5,34,66.59,46.8,17.92
2026-02-23T22:30:00Z,2026-02-23 22:30,2026-02-23 22:45,QH,30.8,30.81,29.99,33.2,64.7,8,29.08,53.99,-23.19
2026-02-23T22:45:00Z,2026-02-23 22:45,2026-02-23 23:00,QH,61.36,61.9,54.67,62.24,75.0,17,61.81,59.66,1.7
2026-02-23T23:00:00Z,2026-02-23 23:00,2026-02-23 23:15,QH,59.83,64.3,56.53,64.0,88.6,17,61.24,53.41,6.42
2026-02-23T23:15:00Z,2026-02-23 23:15,2026-02-23 23:30,QH,61.12,63.28,54.26,57.71,130.4,25,62.95,46.94,14.18
2026-02-23T23:30:00Z,2026-02-23 23:30,2026-02-23 23:45,QH,53.2,59.08,52.24,55.24,56.2,8,51.52,53.29,-0.08
2026-02-23T23:45:00Z,2026-02-23 23:45,2026-02-24 00:00,QH,67.14,69.77,66.26,65.04,82.8,37,67.16,57.71,9.42
2026-02-24T00:00:00Z,2026-02-24 00:00,2026-02-24 00:15,QH,34.06,40.11,25.97,36.72,75.5,16,32.72,36.13,-2.07
2026-02-24T00:15:00Z,2026-02-24 00:15,2026-02-24 00:30,QH,72.64,74.37,72.09,74.13,115.1,45,75.85,45.86,26.79
2026-02-24T00:30:00Z,2026-02-24 00:30,2026-02-24 00:45,QH,64.97,67.73,60.43,62.65,108.0,18,65.44,51.23,13.75
2026-02-24T00:45:00Z,2026-02-24 00:45,2026-02-24 01:00,QH,43.66,49.02,40.82,45.15,62.9,10,43.98,51.84,-8.18
2026-02-24T01:00:00Z,2026-02-24 01:00,2026-02-24 01:15,QH,57.5,62.58,56.33,59.42,54.9,24,56.15,35.38,22.12
2026-02-24T01:15:00Z,2026-02-24 01:15,2026-02-24 01:30,QH,55.55,63.44,45.2,60.79,95.0,18,56.75,46.13,9.42
2026-02-24T01:30:00Z,2026-02-24 01:30,2026-02-24 01:45,QH,60.68,63.71,57.59,60.55,81.7,17,62.25,46.18,14.5
2026-02-24T01:45:00Z,2026-02-24 01:45,2026-02-24 02:00,QH,147.97,154.05,143.88,144.4,127.9,37,148.36,45.82,102.15
2026-02-24T02:00:00Z,2026-02-24 02:00,2026-02-24 02:15,QH,41.45,51.54,40.8,42.43,81.9,13,42.3,49.54,-8.09
2026-02-24T02:15:00Z,2026-02-24 02:15,2026-02-24 02:30,QH,33.21,36.56,23.63,34.48,36.0,6,33.37,48.25,-15.04
2026-02-24T02:30:00Z,2026-02-24 02:30,2026-02-24 02:45,QH,28.43,30.69,22.16,28.09,72.7,9,29.45,48.94,-20.51
2026-02-24T02:45:00Z,2026-02-24 02:45,2026-02-24 03:00,QH,47.66,49.32,43.23,48.99,91.6,16,47.53,49.52,-1.86
2026-02-24T03:00:00Z,2026-02-24 03:00,2026-02-24 03:15,QH,39.34,42.81,37.37,37.85,61.9,7,39.74,51.9,-12.56
2026-02-24T03:15:00Z,2026-02-24 03:15,2026-02-24 03:30,QH,59.16,59.23,57.95,59.34,54.3,16,59.92,50.53,8.63
2026-02-24T03:30:00Z,2026-02-24 03:30,2026-02-24 03:45,QH,33.29,43.73,26.48,33.93,98.7,40,31.94,48.73,-15.44
2026-02-24T03:45:00Z,2026-02-24 03:45,2026-02-24 04:00,QH,57.78,60.6,54.64,57.89,101.4,42,58.4,51.66,6.12
2026-02-24T04:00:00Z,2026-02-24 04:00,2026-02-24 04:15,QH,55.0,59.39,44.77,56.81,112.3,24,56.23,47.29,7.71
2026-02-24T04:15:00Z,2026-02-24 04:15,2026-02-24 04:30,QH,38.83,41.22,27.23,40.59,23.6,10,38.37,59.19,-20.36
2026-02-24T04:30:00Z,2026-02-24 04:30,2026-02-24 04:45,QH,45.8,45.86,44.1,42.38,69.0,8,47.58,48.0,-2.2
2026-02-24T04:45:00Z,2026-02-24 04:45,2026-02-24 05:00,QH,47.91,52.27,38.79,47.12,10,3,47.65,42.67,5.24
2026-02-24T05:00:00Z,2026-02-24 05:00,2026-02-24 05:15,QH,44.73,49.06,38.15,40.96,105.4,23,47.1,48.63,-3.91
2026-02-24T05:15:00Z,2026-02-24 05:15,2026-02-24 05:30,QH,67.45,77.89,63.85,70.33,54.7,7,67.05,44.16,23.3
2026-02-24T05:30:00Z,2026-02-24 05:30,2026-02-24 05:45,QH,42.16,42.41,39.63,39.99,108.3,47,42.13,42.22,-0.06
2026-02-24T05:45:00Z,2026-02-24 05:45,2026-02-24 06:00,QH,42.54,44.07,31.23,40.3,73.5,13,40.37,50.9,-8.36
2026-02-24T06:00:00Z,2026-02-24 06:00,2026-02-24 06:15,QH,55.76,61.97,55.22,55.97,99.5,37,55.35,51.67,4.09
2026-02-24T06:15:00Z,2026-02-24 06:15,2026-02-24 06:30,QH,49.22,52.01,46.42,48.14,79.8,12,50.37,49.05,0.17
2026-02-24T06:30:00Z,2026-02-24 06:30,2026-02-24 06:45,QH,64.56,67.75,62.34,67.35,105.2,25,61.93,54.5,10.06
2026-02-24T06:45:00Z,2026-02-24 06:45,2026-02-24 07:00,QH,40.83,42.21,37.73,44.41,86.7,16,37.47,53.14,-12.31
2026-02-24T07:00:00Z,2026-02-24 07:00,2026-02-24 07:15,QH,82.8,92.92,78.46,82.67,78.3,17,85.37,89.44,-6.65
2026-02-24T07:15:00Z,2026-02-24 07:15,2026-02-24 07:30,QH,77.23,79.46,76.98,75.52,45.8,13,82.24,74.78,2.46
2026-02-24T07:30:00Z,2026-02-24 07:30,2026-02-24 07:45,QH,87.85,89.12,87.64,82.79,89.3,17,86.19,79.24,8.61
2026-02-24T07:45:00Z,2026-02-24 07:45,2026-02-24 08:00,QH,109.81,110.81,98.39,106.16,73.6,9,107.44,78.78,31.03
2026-02-24T08:00:00Z,2026-02-24 08:00,2026-02-24 08:15,QH,96.57,105.22,89.04,92.93,57.9,11,97.21,82.12,14.45
2026-02-24T08:15:00Z,2026-02-24 08:15,2026-02-24 08:30,QH,90.98,95.09,85.89,90.93,55.1,8,93.69,79.42,11.56
2026-02-24T08:30:00Z,2026-02-24 08:30,2026-02-24 08:45,QH,104.13,114.04,98.92,109.24,10,3,104.0,87.64,16.49
2026-02-24T08:45:00Z,2026-02-24 08:45,2026-02-24 09:00,QH,77.62,80.9,68.88,73.45,74.1,12,78.82,85.43,-7.82
2026-02-24T09:00:00Z,2026-02-24 09:00,2026-02-24 09:15,QH,72.35,73.21,71.24,71.74,92.4,19,70.87,93.81,-21.46
2026-02-24T09:15:00Z,2026-02-24 09:15,2026-02-24 09:30,QH,84.31,92.38,81.11,77.33,59.0,14,85.8,80.28,4.03
2026-02-24T09:30:00Z,2026-02-24 09:30,2026-02-24 09:45,QH,128.01,129.08,122.18,129.37,100.2,16,127.2,87.59,40.41
2026-02-24T09:45:00Z,2026-02-24 09:45,2026-02-24 10:00,QH,151.02,151.12,150.54,151.8,89.4,14,149.2,89.45,61.57
2026-02-24T10:00:00Z,2026-02-24 10:00,2026-02-24 10:15,QH,98.18,103.07,97.39,100.47,51.7,7,98.97,92.08,6.1
2026-02-24T10:15:00Z,2026-02-24 10:15,2026-02-24 10:30,QH,106.51,107.32,99.89,107.93,79.6,25,105.62,84.56,21.95
2026-02-24T10:30:00Z,2026-02-24 10:30,2026-02-24 10:45,QH,107.88,120.31,103.78,108.02,91.1,13,106.95,96.44,11.44
2026-02-24T10:45:00Z,2026-02-24 10:45,2026-02-24 11:00,QH,82.55,84.91,75.19,86.46,89.0,19,84.09,92.31,-9.76
2026-02-24T11:00:00Z,2026-02-24 11:00,2026-02-24 11:15,QH,112.3,122.57,109.79,112.58,104.3,13,115.46,92.68,19.62
2026-02-24T11:15:00Z,2026-02-24 11:15,2026-02-24 11:30,QH,96.5,101.51,95.01,97.73,111.0,44,99.01,91.57,4.93
2026-02-24T11:30:00Z,2026-02-24 11:30,2026-02-24 11:45,QH,76.06,78.65,65.78,76.17,88.5,15,79.98,91.14,-15.08
2026-02-24T11:45:00Z,2026-02-24 11:45,2026-02-24 12:00,QH,89.91,93.32,89.32,86.05,122.9,59,90.13,98.25,-8.34
2026-02-24T12:00:00Z,2026-02-24 12:00,2026-02-24 12:15,QH,97.85,99.27,95.59,92.82,58.4,8,97.19,93.19,4.66
2026-02-24T12:15:00Z,2026-02-24 12:15,2026-02-24 12:30,QH,92.07,93.67,83.24,95.63,100.5,32,90.5,89.54,2.53
2026-02-24T12:30:00Z,2026-02-24 12:30,2026-02-24 12:45,QH,100.31,104.36,90.82,98.86,118.4,16,103.24,94.54,5.77
2026-02-24T12:45:00Z,2026-02-24 12:45,2026-02-24 13:00,QH,100.01,101.89,90.0,97.51,96.6,12,100.02,89.33,10.68
2026-02-24T13:00:00Z,2026-02-24 13:00,2026-02-24 13:15,QH,102.39,106.21,96.82,103.16,119.9,21,101.1,98.19,4.2
2026-02-24T13:15:00Z,2026-02-24 13:15,2026-02-24 13:30,QH,71.52,79.86,71.1,73.93,102.8,13,70.75,99.69,-28.17
2026-02-24T13:30:00Z,2026-02-24 13:30,2026-02-24 13:45,QH,79.07,82.63,75.25,81.57,10,3,79.5,99.1,-20.03
2026-02-24T13:45:00Z,2026-02-24 13:45,2026-02-24 14:00,QH,64.87,66.87,55.99,67.46,35.7,7,64.08,91.18,-26.31
2026-02-24T14:00:00Z,2026-02-24 14:00,2026-02-24 14:15,QH,161.09,169.61,157.47,157.84,69.1,10,161.56,97.02,64.07
2026-02-24T14:15:00Z,2026-02-24 14:15,2026-02-24 14:30,QH,79.77,82.74,74.83,85.04,91.7,12,81.48,94.4,-14.63
2026-02-24T14:30:00Z,2026-02-24 14:30,2026-02-24 14:45,QH,100.61,102.94,96.18,103.95,82.7,26,103.3,94.65,5.97
2026-02-24T14:45:00Z,2026-02-24 14:45,2026-02-24 15:00,QH,77.65,78.69,71.51,78.9,74.2,12,75.4,93.4,-15.76
2026-02-24T15:00:00Z,2026-02-24 15:00,2026-02-24 15:15,QH,98.23,102.8,93.49,97.35,31.5,14,95.68,84.27,13.95
2026-02-24T15:15:00Z,2026-02-24 15:15,2026-02-24 15:30,QH,100.1,108.55,91.62,100.74,108.4,33,94.23,91.68,8.41
2026-02-24T15:30:00Z,2026-02-24 15:30,2026-02-24 15:45,QH,106.92,110.99,104.8,104.36,87.3,13,102.75,98.32,8.6
2026-02-24T15:45:00Z,2026-02-24 15:45,2026-02-24 16:00,QH,111.95,124.97,110.16,114.0,85.0,12,114.01,92.28,19.67
2026-02-24T16:00:00Z,2026-02-24 16:00,2026-02-24 16:15,QH,99.63,104.24,99.62,98.44,104.5,15,98.73,88.8,10.83
2026-02-24T16:15:00Z,2026-02-24 16:15,2026-02-24 16:30,QH,90.68,93.54,85.8,89.05,129.2,19,88.12,90.19,0.49
2026-02-24T16:30:00Z,2026-02-24 16:30,2026-02-24 16:45,QH,82.92,84.25,78.94,77.63,87.4,13,80.86,99.82,-16.9
2026-02-24T16:45:00Z,2026-02-24 16:45,2026-02-24 17:00,QH,75.99,77.47,73.12,82.26,107.4,24,80.22,86.86,-10.87
2026-02-24T17:00:00Z,2026-02-24 17:00,2026-02-24 17:15,QH,117.15,117.94,111.41,119.49,55.5,10,117.41,83.47,33.69
2026-02-24T17:15:00Z,2026-02-24 17:15,2026-02-24 17:30,QH,93.5,93.56,89.43,91.8,72.5,14,95.38,87.6,5.91
2026-02-24T17:30:00Z,2026-02-24 17:30,2026-02-24 17:45,QH,85.3,91.71,79.96,87.39,109.0,17,84.89,80.41,4.89
2026-02-24T17:45:00Z,2026-02-24 17:45,2026-02-24 18:00,QH,85.66,85.77,83.56,78.13,99.8,14,85.68,83.86,1.8
2026-02-24T18:00:00Z,2026-02-24 18:00,2026-02-24 18:15,QH,88.8,93.31,84.88,87.01,99.6,18,88.91,86.49,2.31
2026-02-24T18:15:00Z,2026-02-24 18:15,2026-02-24 18:30,QH,84.18,84.57,83.46,83.16,56.9,7,86.51,86.84,-2.66
2026-02-24T18:30:00Z,2026-02-24 18:30,2026-02-24 18:45,QH,76.65,79.14,73.93,76.1,16.5,4,79.36,91.31,-14.67
2026-02-24T18:45:00Z,2026-02-24 18:45,2026-02-24 19:00,QH,81.02,86.71,79.08,86.16,77.0,10,80.48,85.25,-4.23
2026-02-24T19:00:00Z,2026-02-24 19:00,2026-02-24 19:15,QH,90.68,95.43,87.88,94.88,125.5,26,88.2,87.63,3.05
2026-02-24T19:15:00Z,2026-02-24 19:15,2026-02-24 19:30,QH,84.01,90.28,77.92,84.4,68.9,13,84.94,86.4,-2.39
2026-02-24T19:30:00Z,2026-02-24 19:30,2026-02-24 19:45,QH,99.77,101.85,91.93,99.43,41.8,5,99.33,85.48,14.29
2026-02-24T19:45:00Z,2026-02-24 19:45,2026-02-24 20:00,QH,87.4,95.03,82.39,88.62,55.2,18,84.96,71.99,15.41
2026-02-24T20:00:00Z,2026-02-24 20:00,2026-02-24 20:15,QH,55.14,57.0,51.48,49.43,24.4,3,54.58,53.08,2.06
2026-02-24T20:15:00Z,2026-02-24 20:15,2026-02-24 20:30,QH,31.72,31.97,30.28,30.64,62.8,18,32.03,49.35,-17.63
2026-02-24T20:30:00Z,2026-02-24 20:30,2026-02-24 20:45,QH,60.16,63.27,55.96,55.99,125.5,17,60.66,42.53,17.63
2026-02-24T20:45:00Z,2026-02-24 20:45,2026-02-24 21:00,QH,69.64,71.69,60.46,69.2,46.9,8,69.58,44.84,24.8
2026-02-24T21:00:00Z,2026-02-24 21:00,2026-02-24 21:15,QH,51.3,54.63,48.63,47.47,76.0,14,52.43,55.62,-4.32
2026-02-24T21:15:00Z,2026-02-24 21:15,2026-02-24 21:30,QH,25.82,25.85,21.31,24.23,27.1,6,23.48,47.71,-21.89
2026-02-24T21:30:00Z,2026-02-24 21:30,2026-02-24 21:45,QH,30.69,40.65,30.15,26.16,113.5,56,32.38,50.39,-19.69
2026-02-24T21:45:00Z,2026-02-24 21:45,2026-02-24 22:00,QH,154.34,154.47,148.57,154.12,93.4,18,154.73,39.26,115.07
2026-02-24T22:00:00Z,2026-02-24 22:00,2026-02-24 22:15,QH,35.75,36.21,30.72,38.23,98.4,15,33.53,45.05,-9.3
2026-02-24T22:15:00Z,2026-02-24 22:15,2026-02-24 22:30,QH,46.78,50.98,45.8,46.17,43.6,19,47.97,52.07,-5.29
2026-02-24T22:30:00Z,2026-02-24 22:30,2026-02-24 22:45,QH,19.84,21.92,18.68,19.01,38.2,5,16.87,57.75,-37.91
2026-02-24T22:45:00Z,2026-02-24 22:45,2026-02-24 23:00,QH,46.84,52.1,38.38,43.09,28.4,4,49.68,47.56,-0.72
2026-02-24T23:00:00Z,2026-02-24 23:00,2026-02-24 23:15,QH,37.32,42.24,28.17,37.64,82.0,11,36.55,51.59,-14.27
2026-02-24T23:15:00Z,2026-02-24 23:15,2026-02-24 23:30,QH,114.47,122.13,108.32,118.45,149.4,49,114.47,43.63,70.84
2026-02-24T23:30:00Z,2026-02-24 23:30,2026-02-24 23:45,QH,34.01,36.16,33.87,33.73,119.2,59,31.58,44.86,-10.85
2026-02-24T23:45:00Z,2026-02-24 23:45,2026-02-25 00:00,QH,32.8,39.39,28.75,39.54,104.5,41,34.59,44.73,-11.94
2026-02-25T00:00:00Z,2026-02-25 00:00,2026-02-25 00:15,QH,33.03,44.93,28.19,27.96,86.1,20,32.34,39.17,-6.14
2026-02-25T00:15:00Z,2026-02-25 00:15,2026-02-25 00:30,QH,43.19,51.61,41.79,43.04,117.6,23,40.64,48.79,-5.59
2026-02-25T00:30:00Z,2026-02-25 00:30,2026-02-25 00:45,QH,35.36,41.48,33.99,37.7,92.4,12,30.23,34.65,0.71
2026-02-25T00:45:00Z,2026-02-25 00:45,2026-02-25 01:00,QH,29.69,30.81,26.22,26.81,132.3,65,28.09,43.12,-13.43
2026-02-25T01:00:00Z,2026-02-25 01:00,2026-02-25 01:15,QH,33.23,37.39,29.7,34.78,125.7,35,36.1,41.97,-8.74
2026-02-25T01:15:00Z,2026-02-25 01:15,2026-02-25 01:30,QH,22.86,26.59,19.04,23.78,95.9,37,19.93,39.2,-16.34
2026-02-25T01:30:00Z,2026-02-25 01:30,2026-02-25 01:45,QH,34.93,37.31,31.9,36.54,36.2,6,36.65,46.61,-11.69
2026-02-25T01:45:00Z,2026-02-25 01:45,2026-02-25 02:00,QH,52.69,58.38,51.65,55.09,139.5,19,50.68,43.01,9.68
2026-02-25T02:00:00Z,2026-02-25 02:00,2026-02-25 02:15,QH,45.8,49.9,43.06,45.88,111.6,20,45.42,35.59,10.2
2026-02-25T02:15:00Z,2026-02-25 02:15,2026-02-25 02:30,QH,34.2,34.8,29.05,27.54,112.5,20,35.86,32.22,1.99
2026-02-25T02:30:00Z,2026-02-25 02:30,2026-02-25 02:45,QH,20.55,27.09,15.64,22.9,100.2,15,20.02,48.76,-28.2
2026-02-25T02:45:00Z,2026-02-25 02:45,2026-02-25 03:00,QH,60.7,62.68,58.23,61.96,37.2,11,59.61,40.54,20.16
2026-02-25T03:00:00Z,2026-02-25 03:00,2026-02-25 03:15,QH,61.88,61.89,56.69,61.37,119.9,23,60.73,40.76,21.11
2026-02-25T03:15:00Z,2026-02-25 03:15,2026-02-25 03:30,QH,40.88,45.14,39.05,43.04,74.8,10,41.99,41.91,-1.03
2026-02-25T03:30:00Z,2026-02-25 03:30,2026-02-25 03:45,QH,65.78,66.77,64.87,67.26,72.2,11,66.09,43.54,22.24
2026-02-25T03:45:00Z,2026-02-25 03:45,2026-02-25 04:00,QH,33.34,37.18,29.98,35.3,34.1,4,31.92,37.87,-4.53
2026-02-25T04:00:00Z,2026-02-25 04:00,2026-02-25 04:15,QH,61.17,63.45,53.18,56.71,64.6,17,62.26,42.04,19.12
2026-02-25T04:15:00Z,2026-02-25 04:15,2026-02-25 04:30,QH,26.29,28.28,21.77,27.17,62.0,17,26.1,41.2,-14.92
2026-02-25T04:30:00Z,2026-02-25 04:30,2026-02-25 04:45,QH,51.66,53.45,47.71,47.64,122.5,16,53.51,43.4,8.27
2026-02-25T04:45:00Z,2026-02-25 04:45,2026-02-25 05:00,QH,49.09,57.98,48.43,52.07,84.4,12,47.33,40.94,8.16
2026-02-25T05:00:00Z,2026-02-25 05:00,2026-02-25 05:15,QH,16.45,19.11,14.39,16.35,101.0,19,14.75,41.05,-24.6
2026-02-25T05:15:00Z,2026-02-25 05:15,2026-02-25 05:30,QH,19.1,22.53,14.44,18.05,84.1,28,19.14,30.47,-11.37
2026-02-25T05:30:00Z,2026-02-25 05:30,2026-02-25 05:45,QH,43.17,43.46,42.92,46.73,158.8,23,43.11,41.05,2.12
2026-02-25T05:45:00Z,2026-02-25 05:45,2026-02-25 06:00,QH,42.62,44.56,40.45,43.75,67.9,21,45.19,45.92,-3.29
2026-02-25T06:00:00Z,2026-02-25 06:00,2026-02-25 06:15,QH,46.13,53.48,43.05,48.54,45.6,6,48.37,47.28,-1.15
2026-02-25T06:15:00Z,2026-02-25 06:15,2026-02-25 06:30,QH,19.75,22.47,19.72,18.76,35.2,4,20.09,39.59,-19.84
2026-02-25T06:30:00Z,2026-02-25 06:30,2026-02-25 06:45,QH,30.73,35.81,15.96,27.56,124.9,28,29.83,44.97,-14.24
2026-02-25T06:45:00Z,2026-02-25 06:45,2026-02-25 07:00,QH,37.26,39.96,33.21,36.47,77.5,11,37.51,55.0,-17.74
2026-02-25T07:00:00Z,2026-02-25 07:00,2026-02-25 07:15,QH,70.02,72.2,65.87,71.74,73.1,24,69.24,65.3,4.72
2026-02-25T07:15:00Z,2026-02-25 07:15,2026-02-25 07:30,QH,66.11,74.84,64.13,64.11,63.3,22,64.04,89.55,-23.44
2026-02-25T07:30:00Z,2026-02-25 07:30,2026-02-25 07:45,QH,79.36,84.29,74.12,76.6,48.5,14,79.16,74.47,4.89
2026-02-25T07:45:00Z,2026-02-25 07:45,2026-02-25 08:00,QH,48.56,49.86,42.73,49.04,41.1,5,46.82,66.71,-18.15
2026-02-25T08:00:00Z,2026-02-25 08:00,2026-02-25 08:15,QH,109.1,115.23,103.78,103.17,83.6,17,111.33,77.13,31.97
2026-02-25T08:15:00Z,2026-02-25 08:15,2026-02-25 08:30,QH,77.36,79.09,77.03,76.74,102.3,24,76.09,87.01,-9.65
2026-02-25T08:30:00Z,2026-02-25 08:30,2026-02-25 08:45,QH,75.18,75.71,72.5,70.09,74.4,29,73.79,82.74,-7.57
2026-02-25T08:45:00Z,2026-02-25 08:45,2026-02-25 09:00,QH,94.38,94.51,88.33,93.01,85.0,12,93.09,71.0,23.38
2026-02-25T09:00:00Z,2026-02-25 09:00,2026-02-25 09:15,QH,80.28,84.47,75.61,78.3,122.1,51,80.59,78.32,1.96
2026-02-25T09:15:00Z,2026-02-25 09:15,2026-02-25 09:30,QH,70.59,72.76,70.24,74.73,58.5,10,73.78,75.27,-4.69
2026-02-25T09:30:00Z,2026-02-25 09:30,2026-02-25 09:45,QH,88.79,95.55,86.3,84.73,55.5,20,88.31,86.02,2.77
2026-02-25T09:45:00Z,2026-02-25 09:45,2026-02-25 10:00,QH,72.77,76.26,71.37,69.6,75.9,23,70.47,76.59,-3.81
2026-02-25T10:00:00Z,2026-02-25 10:00,2026-02-25 10:15,QH,83.94,93.25,77.78,84.28,18.8,3,82.71,82.52,1.42
2026-02-25T10:15:00Z,2026-02-25 10:15,2026-02-25 10:30,QH,73.09,74.13,67.17,65.95,90.1,15,71.18,81.71,-8.62
2026-02-25T10:30:00Z,2026-02-25 10:30,2026-02-25 10:45,QH,85.86,96.22,84.16,86.88,78.8,13,80.41,83.08,2.78
2026-02-25T10:45:00Z,2026-02-25 10:45,2026-02-25 11:00,QH,85.48,85.88,84.89,86.8,71.3,16,83.41,76.77,8.72
2026-02-25T11:00:00Z,2026-02-25 11:00,2026-02-25 11:15,QH,100.04,101.11,96.39,100.66,41.7,6,99.19,80.43,19.62
2026-02-25T11:15:00Z,2026-02-25 11:15,2026-02-25 11:30,QH,67.81,69.9,65.41,68.66,109.2,45,64.53,92.08,-24.27
2026-02-25T11:30:00Z,2026-02-25 11:30,2026-02-25 11:45,QH,71.98,76.29,71.31,73.48,49.0,9,73.59,81.91,-9.93
2026-02-25T11:45:00Z,2026-02-25 11:45,2026-02-25 12:00,QH,70.62,74.05,66.86,71.43,36.7,8,76.43,81.23,-10.61
2026-02-25T12:00:00Z,2026-02-25 12:00,2026-02-25 12:15,QH,76.5,80.21,75.94,76.29,45.1,7,78.0,83.99,-7.49
2026-02-25T12:15:00Z,2026-02-25 12:15,2026-02-25 12:30,QH,97.52,98.14,97.05,96.8,111.6,26,96.54,82.53,14.99
2026-02-25T12:30:00Z,2026-02-25 12:30,2026-02-25 12:45,QH,103.82,108.38,103.68,104.46,93.6,20,106.17,89.65,14.17
2026-02-25T12:45:00Z,2026-02-25 12:45,2026-02-25 13:00,QH,109.25,112.39,108.74,107.47,81.8,14,110.16,91.8,17.45
2026-02-25T13:00:00Z,2026-02-25 13:00,2026-02-25 13:15,QH,74.26,79.58,72.82,74.85,133.7,39,69.79,90.1,-15.84
2026-02-25T13:15:00Z,2026-02-25 13:15,2026-02-25 13:30,QH,88.71,94.91,84.35,90.68,82.1,34,88.5,79.3,9.4
2026-02-25T13:30:00Z,2026-02-25 13:30,2026-02-25 13:45,QH,87.94,89.03,84.35,86.52,103.8,51,86.21,84.56,3.38
2026-02-25T13:45:00Z,2026-02-25 13:45,2026-02-25 14:00,QH,98.06,101.76,90.25,97.88,91.6,17,98.42,80.35,17.71
2026-02-25T14:00:00Z,2026-02-25 14:00,2026-02-25 14:15,QH,91.27,95.31,90.29,91.42,71.4,12,88.88,84.18,7.09
2026-02-25T14:15:00Z,2026-02-25 14:15,2026-02-25 14:30,QH,86.02,87.24,85.56,86.55,113.1,16,85.87,88.1,-2.08
2026-02-25T14:30:00Z,2026-02-25 14:30,2026-02-25 14:45,QH,87.2,89.35,82.53,91.68,70.7,21,84.31,93.74,-6.53
2026-02-25T14:45:00Z,2026-02-25 14:45,2026-02-25 15:00,QH,81.9,82.28,78.67,80.42,100.8,16,77.75,87.16,-5.27
2026-02-25T15:00:00Z,2026-02-25 15:00,2026-02-25 15:15,QH,81.45,85.54,79.59,83.02,75.3,26,80.87,84.61,-3.16
2026-02-25T15:15:00Z,2026-02-25 15:15,2026-02-25 15:30,QH,86.07,92.09,73.97,81.7,95.2,33,89.05,83.22,2.86
2026-02-25T15:30:00Z,2026-02-25 15:30,2026-02-25 15:45,QH,76.12,83.26,67.27,75.24,53.0,22,78.97,78.95,-2.83
2026-02-25T15:45:00Z,2026-02-25 15:45,2026-02-25 16:00,QH,98.42,100.4,98.14,99.03,91.0,15,97.79,91.91,6.51
2026-02-25T16:00:00Z,2026-02-25 16:00,2026-02-25 16:15,QH,56.72,57.51,46.66,56.95,82.4,10,56.17,76.0,-19.28
2026-02-25T16:15:00Z,2026-02-25 16:15,2026-02-25 16:30,QH,92.62,96.78,90.59,86.09,78.7,18,91.7,74.73,17.88
2026-02-25T16:30:00Z,2026-02-25 16:30,2026-02-25 16:45,QH,91.78,99.52,86.53,95.22,132.1,24,92.14,85.29,6.49
2026-02-25T16:45:00Z,2026-02-25 16:45,2026-02-25 17:00,QH,94.05,95.13,91.03,92.19,63.1,14,93.35,81.83,12.22
2026-02-25T17:00:00Z,2026-02-25 17:00,2026-02-25 17:15,QH,82.12,85.92,77.66,82.67,74.6,17,82.08,82.66,-0.55
2026-02-25T17:15:00Z,2026-02-25 17:15,2026-02-25 17:30,QH,86.99,92.6,80.98,86.95,114.5,40,89.66,83.51,3.48
2026-02-25T17:30:00Z,2026-02-25 17:30,2026-02-25 17:45,QH,106.21,109.45,101.98,106.94,64.0,13,105.63,68.79,37.42
2026-02-25T17:45:00Z,2026-02-25 17:45,2026-02-25 18:00,QH,90.37,95.29,87.94,87.33,99.2,17,91.15,86.67,3.7
2026-02-25T18:00:00Z,2026-02-25 18:00,2026-02-25 18:15,QH,84.66,86.88,81.86,81.88,75.2,28,81.83,81.53,3.14
2026-02-25T18:15:00Z,2026-02-25 18:15,2026-02-25 18:30,QH,76.15,76.73,76.0,74.39,103.9,20,76.03,74.26,1.88
2026-02-25T18:30:00Z,2026-02-25 18:30,2026-02-25 18:45,QH,90.01,98.17,83.7,88.15,83.2,12,90.79,76.91,13.09
2026-02-25T18:45:00Z,2026-02-25 18:45,2026-02-25 19:00,QH,64.9,78.97,63.88,64.53,59.8,9,67.49,76.32,-11.42
2026-02-25T19:00:00Z,2026-02-25 19:00,2026-02-25 19:15,QH,76.95,83.88,72.26,75.21,82.0,12,77.05,83.61,-6.66
2026-02-25T19:15:00Z,2026-02-25 19:15,2026-02-25 19:30,QH,80.11,84.21,74.67,82.34,102.3,17,81.25,74.46,5.65
2026-02-25T19:30:00Z,2026-02-25 19:30,2026-02-25 19:45,QH,92.41,97.99,91.98,95.96,40.4,12,93.26,81.8,10.61
2026-02-25T19:45:00Z,2026-02-25 19:45,2026-02-25 20:00,QH,85.88,90.16,79.05,76.91,71.0,14,86.62,78.84,7.05
2026-02-25T20:00:00Z,2026-02-25 20:00,2026-02-25 20:15,QH,59.91,62.6,58.84,55.69,123.7,26,59.2,41.05,18.86
2026-02-25T20:15:00Z,2026-02-25 20:15,2026-02-25 20:30,QH,27.19,36.05,20.2,29.21,103.5,25,25.39,42.18,-14.99
2026-02-25T20:30:00Z,2026-02-25 20:30,2026-02-25 20:45,QH,44.45,47.04,44.19,46.19,82.5,14,49.28,46.17,-1.72
2026-02-25T20:45:00Z,2026-02-25 20:45,2026-02-25 21:00,QH,58.72,60.34,53.17,61.22,25.6,7,58.47,38.99,19.74
2026-02-25T21:00:00Z,2026-02-25 21:00,2026-02-25 21:15,QH,37.62,38.1,29.98,40.06,66.8,9,37.92,48.32,-10.7
2026-02-25T21:15:00Z,2026-02-25 21:15,2026-02-25 21:30,QH,31.75,43.89,20.74,35.72,115.9,18,32.44,38.27,-6.52
2026-02-25T21:30:00Z,2026-02-25 21:30,2026-02-25 21:45,QH,52.32,55.09,51.07,50.55,49.3,10,50.98,41.77,10.55
2026-02-25T21:45:00Z,2026-02-25 21:45,2026-02-25 22:00,QH,26.23,30.24,22.25,25.07,81.5,10,26.03,42.93,-16.7
2026-02-25T22:00:00Z,2026-02-25 22:00,2026-02-25 22:15,QH,34.05,38.95,32.48,34.17,55.3,9,35.48,43.9,-9.85
2026-02-25T22:15:00Z,2026-02-25 22:15,2026-02-25 22:30,QH,50.17,52.07,42.22,46.03,69.8,9,53.91,42.14,8.03
2026-02-25T22:30:00Z,2026-02-25 22:30,2026-02-25 22:45,QH,31.22,35.62,28.56,31.19,65.0,12,33.04,30.77,0.45
2026-02-25T22:45:00Z,2026-02-25 22:45,2026-02-25 23:00,QH,56.8,57.76,47.31,57.0,33.8,15,59.25,35.32,21.49
2026-02-25T23:00:00Z,2026-02-25 23:00,2026-02-25 23:15,QH,25.97,27.48,18.47,29.91,45.3,13,24.52,42.3,-16.33
2026-02-25T23:15:00Z,2026-02-25 23:15,2026-02-25 23:30,QH,50.93,54.91,44.0,49.59,62.2,10,52.65,40.27,10.66
2026-02-25T23:30:00Z,2026-02-25 23:30,2026-02-25 23:45,QH,32.63,41.54,28.03,31.54,109.5,32,30.91,41.76,-9.13
2026-02-25T23:45:00Z,2026-02-25 23:45,2026-02-26 00:00,QH,152.09,154.53,145.13,145.39,68.9,9,155.15,43.67,108.42
2026-02-26T00:00:00Z,2026-02-26 00:00,2026-02-26 00:15,QH,49.14,50.0,45.38,46.28,76.0,20,48.08,59.44,-10.3
2026-02-26T00:15:00Z,2026-02-26 00:15,2026-02-26 00:30,QH,50.14,59.7,47.92,51.38,45.9,15,51.84,54.57,-4.43
2026-02-26T00:30:00Z,2026-02-26 00:30,2026-02-26 00:45,QH,87.54,87.77,84.35,89.89,87.0,17,86.77,63.15,24.38
2026-02-26T00:45:00Z,2026-02-26 00:45,2026-02-26 01:00,QH,85.12,90.18,83.41,90.94,75.2,12,84.48,68.8,16.32
2026-02-26T01:00:00Z,2026-02-26 01:00,2026-02-26 01:15,QH,71.87,72.8,64.38,73.02,104.8,17,69.45,62.69,9.18
2026-02-26T01:15:00Z,2026-02-26 01:15,2026-02-26 01:30,QH,61.78,61.99,58.5,62.99,75.7,12,59.26,60.28,1.5
2026-02-26T01:30:00Z,2026-02-26 01:30,2026-02-26 01:45,QH,91.55,99.29,88.16,89.93,37.7,9,92.28,65.79,25.76
2026-02-26T01:45:00Z,2026-02-26 01:45,2026-02-26 02:00,QH,61.85,67.87,57.56,64.9,74.9,15,58.67,68.62,-6.77
2026-02-26T02:00:00Z,2026-02-26 02:00,2026-02-26 02:15,QH,50.49,56.35,46.7,48.87,94.6,19,52.74,56.07,-5.58
2026-02-26T02:15:00Z,2026-02-26 02:15,2026-02-26 02:30,QH,55.84,59.32,55.17,53.79,42.6,10,57.79,59.92,-4.08
2026-02-26T02:30:00Z,2026-02-26 02:30,2026-02-26 02:45,QH,65.6,66.83,63.96,66.63,100.0,22,65.17,60.38,5.23
2026-02-26T02:45:00Z,2026-02-26 02:45,2026-02-26 03:00,QH,122.61,129.69,121.88,123.03,129.7,17,122.14,66.3,56.31
2026-02-26T03:00:00Z,2026-02-26 03:00,2026-02-26 03:15,QH,54.47,56.27,52.51,54.89,51.7,15,54.61,69.21,-14.74
2026-02-26T03:15:00Z,2026-02-26 03:15,2026-02-26 03:30,QH,52.42,55.12,48.56,55.69,81.9,24,55.63,64.42,-12.0
2026-02-26T03:30:00Z,2026-02-26 03:30,2026-02-26 03:45,QH,47.1,53.8,44.5,49.41,63.5,7,46.47,59.46,-12.37
2026-02-26T03:45:00Z,2026-02-26 03:45,2026-02-26 04:00,QH,65.26,70.31,58.51,65.32,89.5,27,65.92,67.5,-2.25
2026-02-26T04:00:00Z,2026-02-26 04:00,2026-02-26 04:15,QH,77.28,77.95,70.77,80.03,82.4,39,77.05,60.43,16.85
2026-02-26T04:15:00Z,2026-02-26 04:15,2026-02-26 04:30,QH,148.84,152.29,139.14,149.52,87.5,27,151.12,63.57,85.28
2026-02-26T04:30:00Z,2026-02-26 04:30,2026-02-26 04:45,QH,61.4,66.72,55.14,65.07,70.9,10,61.84,59.5,1.91
2026-02-26T04:45:00Z,2026-02-26 04:45,2026-02-26 05:00,QH,73.06,77.28,69.96,72.76,37.3,4,74.34,60.01,13.05
2026-02-26T05:00:00Z,2026-02-26 05:00,2026-02-26 05:15,QH,61.12,62.83,57.41,58.35,101.9,31,59.19,59.56,1.56
2026-02-26T05:15:00Z,2026-02-26 05:15,2026-02-26 05:30,QH,70.64,76.0,68.66,71.49,88.4,15,72.62,63.69,6.95
2026-02-26T05:30:00Z,2026-02-26 05:30,2026-02-26 05:45,QH,80.73,82.8,79.19,76.71,37.2,5,80.7,66.6,14.14
2026-02-26T05:45:00Z,2026-02-26 05:45,2026-02-26 06:00,QH,54.7,55.84,50.52,53.72,74.3,16,58.93,59.7,-5.0
2026-02-26T06:00:00Z,2026-02-26 06:00,2026-02-26 06:15,QH,60.54,65.99,57.52,60.56,69.7,22,60.13,54.43,6.11
2026-02-26T06:15:00Z,2026-02-26 06:15,2026-02-26 06:30,QH,38.5,39.24,28.82,36.49,127.4,19,36.19,68.77,-30.27
2026-02-26T06:30:00Z,2026-02-26 06:30,2026-02-26 06:45,QH,57.54,59.85,51.76,59.41,93.0,25,58.46,61.4,-3.87
2026-02-26T06:45:00Z,2026-02-26 06:45,2026-02-26 07:00,QH,63.01,63.81,57.27,68.41,151.4,22,62.99,64.87,-1.86
2026-02-26T07:00:00Z,2026-02-26 07:00,2026-02-26 07:15,QH,102.98,106.37,94.88,97.27,45.2,7,103.81,100.86,2.12
2026-02-26T07:15:00Z,2026-02-26 07:15,2026-02-26 07:30,QH,95.81,98.24,86.62,99.19,10,3,97.65,109.85,-14.03
2026-02-26T07:30:00Z,2026-02-26 07:30,2026-02-26 07:45,QH,102.91,103.2,99.07,105.24,81.5,11,103.65,96.28,6.63
2026-02-26T07:45:00Z,2026-02-26 07:45,2026-02-26 08:00,QH,93.7,96.4,89.54,94.03,73.4,10,94.09,101.92,-8.21
2026-02-26T08:00:00Z,2026-02-26 08:00,2026-02-26 08:15,QH,88.71,91.49,81.83,94.03,81.4,10,91.19,107.59,-18.88
2026-02-26T08:15:00Z,2026-02-26 08:15,2026-02-26 08:30,QH,109.05,110.46,105.37,107.96,93.5,27,108.34,105.64,3.41
2026-02-26T08:30:00Z,2026-02-26 08:30,2026-02-26 08:45,QH,83.39,86.49,82.45,82.81,57.7,7,82.13,102.54,-19.16
2026-02-26T08:45:00Z,2026-02-26 08:45,2026-02-26 09:00,QH,105.33,107.85,101.06,100.5,26.5,9,104.71,94.2,11.13
2026-02-26T09:00:00Z,2026-02-26 09:00,2026-02-26 09:15,QH,233.67,236.22,228.45,237.0,63.6,13,235.78,99.02,134.65
2026-02-26T09:15:00Z,2026-02-26 09:15,2026-02-26 09:30,QH,112.31,114.85,107.23,115.56,118.3,25,113.6,99.57,12.74
2026-02-26T09:30:00Z,2026-02-26 09:30,2026-02-26 09:45,QH,98.27,105.95,97.8,97.77,65.9,8,97.57,97.51,0.76
2026-02-26T09:45:00Z,2026-02-26 09:45,2026-02-26 10:00,QH,89.51,95.46,76.87,88.4,63.1,17,93.04,100.23,-10.72
2026-02-26T10:00:00Z,2026-02-26 10:00,2026-02-26 10:15,QH,82.58,83.59,78.48,83.3,45.4,12,82.65,107.86,-25.28
2026-02-26T10:15:00Z,2026-02-26 10:15,2026-02-26 10:30,QH,102.46,106.45,100.36,99.07,101.8,35,99.16,102.35,0.11
2026-02-26T10:30:00Z,2026-02-26 10:30,2026-02-26 10:45,QH,96.15,99.39,95.21,93.07,93.2,24,98.14,96.09,0.06
2026-02-26T10:45:00Z,2026-02-26 10:45,2026-02-26 11:00,QH,81.95,83.32,72.36,79.81,56.5,11,80.76,101.55,-19.6
2026-02-26T11:00:00Z,2026-02-26 11:00,2026-02-26 11:15,QH,88.84,93.41,87.81,87.03,107.4,15,87.76,95.65,-6.81
2026-02-26T11:15:00Z,2026-02-26 11:15,2026-02-26 11:30,QH,101.12,102.52,96.24,104.49,100.9,18,99.44,109.29,-8.17
2026-02-26T11:30:00Z,2026-02-26 11:30,2026-02-26 11:45,QH,111.1,112.4,109.53,114.29,63.5,16,112.05,101.15,9.95
2026-02-26T11:45:00Z,2026-02-26 11:45,2026-02-26 12:00,QH,110.6,113.24,99.64,109.72,100.6,33,109.01,114.37,-3.77
2026-02-26T12:00:00Z,2026-02-26 12:00,2026-02-26 12:15,QH,103.48,106.21,99.39,102.05,121.3,16,103.06,116.31,-12.82
2026-02-26T12:15:00Z,2026-02-26 12:15,2026-02-26 12:30,QH,110.28,113.1,102.76,106.18,75.9,12,106.26,106.66,3.62
2026-02-26T12:30:00Z,2026-02-26 12:30,2026-02-26 12:45,QH,93.15,94.4,89.98,97.72,74.8,10,93.25,102.04,-8.89
2026-02-26T12:45:00Z,2026-02-26 12:45,2026-02-26 13:00,QH,134.01,142.54,123.34,135.9,83.6,15,135.65,96.71,37.3
2026-02-26T13:00:00Z,2026-02-26 13:00,2026-02-26 13:15,QH,100.49,106.37,97.72,96.6,80.4,15,98.97,97.06,3.44
2026-02-26T13:15:00Z,2026-02-26 13:15,2026-02-26 13:30,QH,101.0,104.32,92.97,104.19,96.6,14,100.74,98.5,2.5
2026-02-26T13:30:00Z,2026-02-26 13:30,2026-02-26 13:45,QH,116.65,125.21,116.33,114.14,59.7,18,114.97,106.18,10.46
2026-02-26T13:45:00Z,2026-02-26 13:45,2026-02-26 14:00,QH,124.37,131.63,121.56,121.97,96.0,35,125.42,103.37,21.0
2026-02-26T14:00:00Z,2026-02-26 14:00,2026-02-26 14:15,QH,105.21,111.88,93.98,103.66,125.9,19,103.38,106.28,-1.06
2026-02-26T14:15:00Z,2026-02-26 14:15,2026-02-26 14:30,QH,105.39,106.78,104.44,101.04,66.7,8,105.01,110.38,-4.99
2026-02-26T14:30:00Z,2026-02-26 14:30,2026-02-26 14:45,QH,102.37,103.21,98.48,103.45,58.2,10,105.28,103.96,-1.59
2026-02-26T14:45:00Z,2026-02-26 14:45,2026-02-26 15:00,QH,112.92,115.03,112.28,116.87,55.9,19,115.97,104.11,8.81
2026-02-26T15:00:00Z,2026-02-26 15:00,2026-02-26 15:15,QH,108.73,119.41,102.58,110.59,162.0,20,108.07,107.04,1.69
2026-02-26T15:15:00Z,2026-02-26 15:15,2026-02-26 15:30,QH,112.23,113.98,104.62,111.55,85.2,14,116.9,101.52,10.72
2026-02-26T15:30:00Z,2026-02-26 15:30,2026-02-26 15:45,QH,96.84,106.01,96.7,96.69,150.0,21,96.65,109.25,-12.41
2026-02-26T15:45:00Z,2026-02-26 15:45,2026-02-26 16:00,QH,83.54,84.13,83.5,90.64,98.3,26,83.4,110.6,-27.06
2026-02-26T16:00:00Z,2026-02-26 16:00,2026-02-26 16:15,QH,98.31,104.36,98.24,102.8,126.3,22,97.14,102.45,-4.14
2026-02-26T16:15:00Z,2026-02-26 16:15,2026-02-26 16:30,QH,85.19,86.12,79.88,86.38,110.3,26,80.04,109.55,-24.36
2026-02-26T16:30:00Z,2026-02-26 16:30,2026-02-26 16:45,QH,89.26,89.6,81.6,89.13,27.8,4,91.24,95.9,-6.64
2026-02-26T16:45:00Z,2026-02-26 16:45,2026-02-26 17:00,QH,89.46,92.9,85.42,92.16,52.1,20,89.59,101.69,-12.24
2026-02-26T17:00:00Z,2026-02-26 17:00,2026-02-26 17:15,QH,109.17,109.83,104.5,108.26,92.9,14,111.94,110.99,-1.81
2026-02-26T17:15:00Z,2026-02-26 17:15,2026-02-26 17:30,QH,104.46,106.67,103.99,102.73,109.0,14,102.24,108.66,-4.19
2026-02-26T17:30:00Z,2026-02-26 17:30,2026-02-26 17:45,QH,99.27,103.89,89.89,96.45,101.3,32,99.71,97.86,1.4
2026-02-26T17:45:00Z,2026-02-26 17:45,2026-02-26 18:00,QH,119.48,123.94,112.45,116.46,85.4,39,117.8,107.61,11.88
2026-02-26T18:00:00Z,2026-02-26 18:00,2026-02-26 18:15,QH,85.35,88.18,83.03,90.56,79.0,11,85.87,88.39,-3.04
2026-02-26T18:15:00Z,2026-02-26 18:15,2026-02-26 18:30,QH,84.12,91.75,80.41,87.26,95.3,13,84.58,93.58,-9.47
2026-02-26T18:30:00Z,2026-02-26 18:30,2026-02-26 18:45,QH,100.36,105.6,98.38,98.68,133.0,18,97.31,96.65,3.71
2026-02-26T18:45:00Z,2026-02-26 18:45,2026-02-26 19:00,QH,104.26,108.82,101.47,101.8,67.0,9,103.9,98.31,5.96
2026-02-26T19:00:00Z,2026-02-26 19:00,2026-02-26 19:15,QH,107.07,110.59,105.27,106.83,85.5,32,109.62,99.78,7.28
2026-02-26T19:15:00Z,2026-02-26 19:15,2026-02-26 19:30,QH,112.24,112.97,107.21,113.72,76.6,37,113.29,92.52,19.71
2026-02-26T19:30:00Z,2026-02-26 19:30,2026-02-26 19:45,QH,103.59,110.1,100.78,105.49,10,3,106.96,91.0,12.58
2026-02-26T19:45:00Z,2026-02-26 19:45,2026-02-26 20:00,QH,95.48,101.3,89.09,98.32,118.1,18,96.37,98.56,-3.08
2026-02-26T20:00:00Z,2026-02-26 20:00,2026-02-26 20:15,QH,63.9,70.56,55.76,62.01,91.8,18,64.76,57.11,6.79
2026-02-26T20:15:00Z,2026-02-26 20:15,2026-02-26 20:30,QH,52.18,58.92,51.33,51.97,65.4,14,50.93,65.07,-12.89
2026-02-26T20:30:00Z,2026-02-26 20:30,2026-02-26 20:45,QH,42.09,47.09,35.93,43.37,85.8,36,41.61,61.16,-19.07
2026-02-26T20:45:00Z,2026-02-26 20:45,2026-02-26 21:00,QH,56.13,60.95,55.52,56.66,137.5,18,56.32,64.07,-7.94
2026-02-26T21:00:00Z,2026-02-26 21:00,2026-02-26 21:15,QH,47.49,48.52,46.32,47.82,114.2,18,46.77,62.99,-15.51
2026-02-26T21:15:00Z,2026-02-26 21:15,2026-02-26 21:30,QH,76.76,79.2,69.67,72.79,77.6,11,72.77,61.75,15.01
2026-02-26T21:30:00Z,2026-02-26 21:30,2026-02-26 21:45,QH,69.3,69.9,59.06,72.94,119.3,56,67.42,63.81,5.49
2026-02-26T21:45:00Z,2026-02-26 21:45,2026-02-26 22:00,QH,47.54,54.59,39.67,47.65,94.8,11,47.16,57.95,-10.4
2026-02-26T22:00:00Z,2026-02-26 22:00,2026-02-26 22:15,QH,70.37,74.76,66.44,69.36,87.2,41,71.44,65.89,4.49
2026-02-26T22:15:00Z,2026-02-26 22:15,2026-02-26 22:30,QH,52.2,53.57,50.18,56.44,84.1,19,52.33,60.43,-8.23
2026-02-26T22:30:00Z,2026-02-26 22:30,2026-02-26 22:45,QH,79.81,84.18,70.77,82.72,75.6,11,79.19,65.19,14.63
2026-02-26T22:45:00Z,2026-02-26 22:45,2026-02-26 23:00,QH,60.71,63.14,58.84,60.64,58.1,10,61.78,59.45,1.26
2026-02-26T23:00:00Z,2026-02-26 23:00,2026-02-26 23:15,QH,54.46,56.98,52.97,62.57,56.4,10,54.18,57.27,-2.81
2026-02-26T23:15:00Z,2026-02-26 23:15,2026-02-26 23:30,QH,68.77,69.29,68.7,67.39,89.3,20,66.86,64.61,4.16
2026-02-26T23:30:00Z,2026-02-26 23:30,2026-02-26 23:45,QH,58.74,65.67,53.78,59.56,63.4,14,59.73,66.29,-7.55
2026-02-26T23:45:00Z,2026-02-26 23:45,2026-02-27 00:00,QH,41.91,44.25,40.62,44.06,74.3,11,43.26,58.98,-17.06
2026-02-27T00:00:00Z,2026-02-27 00:00,2026-02-27 00:15,QH,76.67,83.36,73.43,77.1,85.2,20,72.71,53.81,22.86
2026-02-27T00:15:00Z,2026-02-27 00:15,2026-02-27 00:30,QH,64.94,66.9,63.65,66.95,58.4,10,61.0,64.28,0.65
2026-02-27T00:30:00Z,2026-02-27 00:30,2026-02-27 00:45,QH,58.95,62.32,58.58,55.34,79.6,28,56.65,65.71,-6.75
2026-02-27T00:45:00Z,2026-02-27 00:45,2026-02-27 01:00,QH,72.05,73.96,69.29,72.22,72.7,32,68.98,59.68,12.38
2026-02-27T01:00:00Z,2026-02-27 01:00,2026-02-27 01:15,QH,72.43,75.35,69.37,70.04,35.5,5,76.27,63.71,8.72
2026-02-27T01:15:00Z,2026-02-27 01:15,2026-02-27 01:30,QH,39.64,45.35,36.03,35.75,96.6,22,40.24,56.85,-17.21
2026-02-27T01:30:00Z,2026-02-27 01:30,2026-02-27 01:45,QH,75.02,76.77,69.86,74.85,78.9,16,75.4,55.35,19.67
2026-02-27T01:45:00Z,2026-02-27 01:45,2026-02-27 02:00,QH,62.42,64.2,55.31,64.09,53.8,14,61.32,68.79,-6.36
2026-02-27T02:00:00Z,2026-02-27 02:00,2026-02-27 02:15,QH,56.0,56.12,50.74,58.1,82.3,22,55.64,66.01,-10.01
2026-02-27T02:15:00Z,2026-02-27 02:15,2026-02-27 02:30,QH,54.5,56.78,51.56,57.56,91.1,13,58.45,52.12,2.38
2026-02-27T02:30:00Z,2026-02-27 02:30,2026-02-27 02:45,QH,72.44,79.19,66.94,70.07,93.3,11,74.71,59.88,12.56
2026-02-27T02:45:00Z,2026-02-27 02:45,2026-02-27 03:00,QH,64.34,70.77,64.12,68.31,107.0,32,62.49,60.65,3.69
2026-02-27T03:00:00Z,2026-02-27 03:00,2026-02-27 03:15,QH,73.58,78.3,72.59,74.92,139.0,29,72.36,57.04,16.54
2026-02-27T03:15:00Z,2026-02-27 03:15,2026-02-27 03:30,QH,57.62,67.84,52.66,55.37,92.3,14,58.12,52.66,4.96
2026-02-27T03:30:00Z,2026-02-27 03:30,2026-02-27 03:45,QH,45.57,46.61,44.51,49.03,81.6,10,45.72,54.87,-9.3
2026-02-27T03:45:00Z,2026-02-27 03:45,2026-02-27 04:00,QH,77.55,88.93,76.18,76.75,61.3,10,75.46,53.6,23.95
2026-02-27T04:00:00Z,2026-02-27 04:00,2026-02-27 04:15,QH,89.92,92.28,81.32,86.73,113.2,18,85.85,60.07,29.85
2026-02-27T04:15:00Z,2026-02-27 04:15,2026-02-27 04:30,QH,47.15,48.65,39.44,49.77,87.4,17,46.29,65.8,-18.65
2026-02-27T04:30:00Z,2026-02-27 04:30,2026-02-27 04:45,QH,61.52,62.25,58.99,63.06,72.2,29,62.3,62.35,-0.83
2026-02-27T04:45:00Z,2026-02-27 04:45,2026-02-27 05:00,QH,69.72,76.09,69.59,72.97,83.2,31,68.96,75.97,-6.25
2026-02-27T05:00:00Z,2026-02-27 05:00,2026-02-27 05:15,QH,55.08,62.47,51.58,51.79,164.6,21,54.33,60.53,-5.45
2026-02-27T05:15:00Z,2026-02-27 05:15,2026-02-27 05:30,QH,67.5,69.23,59.59,63.9,105.4,20,65.13,67.08,0.42
2026-02-27T05:30:00Z,2026-02-27 05:30,2026-02-27 05:45,QH,55.11,55.31,52.56,59.2,42.0,9,52.92,56.54,-1.42
2026-02-27T05:45:00Z,2026-02-27 05:45,2026-02-27 06:00,QH,45.65,48.45,44.91,47.03,111.0,40,42.52,57.34,-11.7
2026-02-27T06:00:00Z,2026-02-27 06:00,2026-02-27 06:15,QH,59.64,62.68,58.05,59.97,106.2,18,59.83,60.33,-0.69
2026-02-27T06:15:00Z,2026-02-27 06:15,2026-02-27 06:30,QH,44.87,46.69,37.7,45.96,87.4,17,43.31,62.3,-17.43
2026-02-27T06:30:00Z,2026-02-27 06:30,2026-02-27 06:45,QH,61.51,76.1,59.23,62.27,66.1,19,62.74,56.87,4.64
2026-02-27T06:45:00Z,2026-02-27 06:45,2026-02-27 07:00,QH,71.6,74.39,67.85,65.48,74.5,11,73.37,64.94,6.67
2026-02-27T07:00:00Z,2026-02-27 07:00,2026-02-27 07:15,QH,105.87,107.63,103.85,105.41,100.3,18,104.21,99.14,6.73
2026-02-27T07:15:00Z,2026-02-27 07:15,2026-02-27 07:30,QH,87.58,96.76,83.8,83.61,77.6,11,91.07,90.66,-3.08
2026-02-27T07:30:00Z,2026-02-27 07:30,2026-02-27 07:45,QH,119.47,120.75,115.33,119.25,61.4,10,118.64,93.17,26.3
2026-02-27T07:45:00Z,2026-02-27 07:45,2026-02-27 08:00,QH,112.17,116.2,109.27,113.85,66.6,15,111.16,104.04,8.13
2026-02-27T08:00:00Z,2026-02-27 08:00,2026-02-27 08:15,QH,81.14,82.04,79.95,78.28,91.9,13,80.02,100.35,-19.21
2026-02-27T08:15:00Z,2026-02-27 08:15,2026-02-27 08:30,QH,195.29,197.58,186.76,187.55,108.0,52,197.14,91.05,104.25
2026-02-27T08:30:00Z,2026-02-27 08:30,2026-02-27 08:45,QH,83.28,85.94,82.78,88.14,90.9,34,84.07,88.53,-5.25
2026-02-27T08:45:00Z,2026-02-27 08:45,2026-02-27 09:00,QH,85.89,92.28,77.46,84.08,93.1,12,86.75,90.89,-5.0
2026-02-27T09:00:00Z,2026-02-27 09:00,2026-02-27 09:15,QH,95.65,98.18,89.14,89.0,75.3,13,92.38,99.47,-3.82
2026-02-27T09:15:00Z,2026-02-27 09:15,2026-02-27 09:30,QH,105.75,108.04,102.94,106.89,79.5,36,105.92,99.23,6.52
2026-02-27T09:30:00Z,2026-02-27 09:30,2026-02-27 09:45,QH,113.6,113.95,106.95,114.72,121.7,31,115.35,100.08,13.52
2026-02-27T09:45:00Z,2026-02-27 09:45,2026-02-27 10:00,QH,113.92,114.36,111.2,116.47,51.0,11,110.3,93.36,20.56
2026-02-27T10:00:00Z,2026-02-27 10:00,2026-02-27 10:15,QH,92.63,95.53,89.46,90.62,10,3,91.41,103.88,-11.26
2026-02-27T10:15:00Z,2026-02-27 10:15,2026-02-27 10:30,QH,96.09,98.19,93.22,99.76,98.3,24,96.14,101.14,-5.05
2026-02-27T10:30:00Z,2026-02-27 10:30,2026-02-27 10:45,QH,90.28,104.19,84.87,92.26,102.3,28,92.99,105.07,-14.79
2026-02-27T10:45:00Z,2026-02-27 10:45,2026-02-27 11:00,QH,117.16,117.71,116.72,115.93,120.3,16,114.35,100.86,16.3
2026-02-27T11:00:00Z,2026-02-27 11:00,2026-02-27 11:15,QH,98.29,106.74,96.27,100.37,53.0,6,96.85,102.46,-4.17
2026-02-27T11:15:00Z,2026-02-27 11:15,2026-02-27 11:30,QH,110.69,114.16,105.39,107.38,75.6,12,110.79,100.69,10.0
2026-02-27T11:30:00Z,2026-02-27 11:30,2026-02-27 11:45,QH,95.5,97.8,93.8,95.94,103.1,18,96.13,106.28,-10.78
2026-02-27T11:45:00Z,2026-02-27 11:45,2026-02-27 12:00,QH,94.56,97.81,94.16,100.19,49.7,7,96.04,110.87,-16.31
2026-02-27T12:00:00Z,2026-02-27 12:00,2026-02-27 12:15,QH,95.22,96.62,90.93,95.3,70.0,32,92.16,113.22,-18.0
2026-02-27T12:15:00Z,2026-02-27 12:15,2026-02-27 12:30,QH,56.75,59.32,52.24,51.98,88.1,39,56.51,114.04,-57.29
2026-02-27T12:30:00Z,2026-02-27 12:30,2026-02-27 12:45,QH,120.92,121.73,117.89,116.55,100.2,14,118.77,103.58,17.34
2026-02-27T12:45:00Z,2026-02-27 12:45,2026-02-27 13:00,QH,112.15,121.99,111.24,110.38,63.8,8,110.2,101.18,10.97
2026-02-27T13:00:00Z,2026-02-27 13:00,2026-02-27 13:15,QH,53.15,53.94,48.98,49.85,113.5,44,52.28,107.3,-54.16
2026-02-27T13:15:00Z,2026-02-27 13:15,2026-02-27 13:30,QH,106.83,107.18,95.01,106.64,43.2,9,108.38,108.27,-1.44
2026-02-27T13:30:00Z,2026-02-27 13:30,2026-02-27 13:45,QH,111.06,114.88,106.35,111.16,83.2,14,114.66,95.05,16.02
2026-02-27T13:45:00Z,2026-02-27 13:45,2026-02-27 14:00,QH,136.51,149.13,135.61,140.76,70.0,14,138.21,107.1,29.41
2026-02-27T14:00:00Z,2026-02-27 14:00,2026-02-27 14:15,QH,107.81,108.01,103.82,109.03,98.5,20,107.04,94.66,13.15
2026-02-27T14:15:00Z,2026-02-27 14:15,2026-02-27 14:30,QH,114.59,118.18,111.95,114.47,38.0,15,114.76,99.21,15.38
2026-02-27T14:30:00Z,2026-02-27 14:30,2026-02-27 14:45,QH,91.77,93.1,85.46,96.16,108.6,19,93.68,107.05,-15.27
2026-02-27T14:45:00Z,2026-02-27 14:45,2026-02-27 15:00,QH,120.02,130.23,107.47,114.42,97.4,18,121.9,99.18,20.84
2026-02-27T15:00:00Z,2026-02-27 15:00,2026-02-27 15:15,QH,108.25,114.92,104.94,107.04,78.6,31,113.14,108.73,-0.48
2026-02-27T15:15:00Z,2026-02-27 15:15,2026-02-27 15:30,QH,112.32,113.91,109.46,108.03,47.0,8,114.51,104.85,7.46
2026-02-27T15:30:00Z,2026-02-27 15:30,2026-02-27 15:45,QH,122.25,126.96,115.05,117.96,84.0,10,125.76,105.62,16.63
2026-02-27T15:45:00Z,2026-02-27 15:45,2026-02-27 16:00,QH,112.42,116.82,108.59,111.61,102.0,18,113.54,111.12,1.3
2026-02-27T16:00:00Z,2026-02-27 16:00,2026-02-27 16:15,QH,110.88,111.06,103.14,107.22,99.7,26,114.05,98.13,12.74
2026-02-27T16:15:00Z,2026-02-27 16:15,2026-02-27 16:30,QH,83.54,96.49,80.72,85.1,83.4,13,83.39,104.83,-21.29
2026-02-27T16:30:00Z,2026-02-27 16:30,2026-02-27 16:45,QH,109.52,111.2,107.32,107.48,114.4,29,108.49,104.46,5.06
2026-02-27T16:45:00Z,2026-02-27 16:45,2026-02-27 17:00,QH,86.48,89.61,82.52,89.04,90.3,17,86.94,99.43,-12.95
2026-02-27T17:00:00Z,2026-02-27 17:00,2026-02-27 17:15,QH,89.49,92.61,88.76,89.58,101.1,13,86.67,101.87,-12.38
2026-02-27T17:15:00Z,2026-02-27 17:15,2026-02-27 17:30,QH,96.47,99.5,94.6,99.87,89.6,11,99.17,109.68,-13.21
2026-02-27T17:30:00Z,2026-02-27 17:30,2026-02-27 17:45,QH,101.01,101.14,92.4,98.71,30.5,6,100.7,99.4,1.61
2026-02-27T17:45:00Z,2026-02-27 17:45,2026-02-27 18:00,QH,85.57,85.63,78.37,85.45,106.2,30,83.63,97.98,-12.41
2026-02-27T18:00:00Z,2026-02-27 18:00,2026-02-27 18:15,QH,69.67,71.09,62.46,70.95,90.7,26,68.57,102.3,-32.63
2026-02-27T18:15:00Z,2026-02-27 18:15,2026-02-27 18:30,QH,106.83,109.48,103.25,102.95,105.5,27,107.41,98.19,8.63
2026-02-27T18:30:00Z,2026-02-27 18:30,2026-02-27 18:45,QH,102.48,118.73,98.46,100.66,108.1,16,98.85,105.49,-3.02
2026-02-27T18:45:00Z,2026-02-27 18:45,2026-02-27 19:00,QH,107.15,110.63,102.93,102.96,57.3,15,105.43,91.2,15.95
2026-02-27T19:00:00Z,2026-02-27 19:00,2026-02-27 19:15,QH,100.83,105.96,98.55,103.64,97.4,21,103.17,97.89,2.94
2026-02-27T19:15:00Z,2026-02-27 19:15,2026-02-27 19:30,QH,105.57,120.46,104.7,108.76,78.4,10,107.28,96.15,9.42
2026-02-27T19:30:00Z,2026-02-27 19:30,2026-02-27 19:45,QH,111.55,116.35,109.32,105.78,109.3,26,113.42,96.1,15.45
2026-02-27T19:45:00Z,2026-02-27 19:45,2026-02-27 20:00,QH,76.39,79.61,71.03,75.36,11.0,4,77.07,97.41,-21.02
2026-02-27T20:00:00Z,2026-02-27 20:00,2026-02-27 20:15,QH,80.15,85.36,72.14,81.03,95.3,12,83.57,61.04,19.11
2026-02-27T20:15:00Z,2026-02-27 20:15,2026-02-27 20:30,QH,86.84,88.17,81.25,84.52,77.3,9,84.34,62.39,24.45
2026-02-27T20:30:00Z,2026-02-27 20:30,2026-02-27 20:45,QH,41.5,45.93,41.17,44.27,99.2,21,43.05,64.3,-22.8
2026-02-27T20:45:00Z,2026-02-27 20:45,2026-02-27 21:00,QH,67.5,71.49,61.75,64.88,159.4,39,65.7,58.31,9.2
2026-02-27T21:00:00Z,2026-02-27 21:00,2026-02-27 21:15,QH,42.58,54.33,32.21,44.86,80.9,15,40.92,61.63,-19.04
2026-02-27T21:15:00Z,2026-02-27 21:15,2026-02-27 21:30,QH,42.48,44.79,38.64,47.4,70.9,12,44.14,56.35,-13.88
2026-02-27T21:30:00Z,2026-02-27 21:30,2026-02-27 21:45,QH,57.9,59.4,56.58,58.5,107.0,23,58.64,67.64,-9.75
2026-02-27T21:45:00Z,2026-02-27 21:45,2026-02-27 22:00,QH,60.91,71.86,45.31,60.92,115.7,35,62.69,55.71,5.2
2026-02-27T22:00:00Z,2026-02-27 22:00,2026-02-27 22:15,QH,46.07,51.82,42.89,51.45,103.0,13,46.14,63.23,-17.16
2026-02-27T22:15:00Z,2026-02-27 22:15,2026-02-27 22:30,QH,90.24,93.2,88.77,89.23,113.8,21,89.41,55.67,34.57
2026-02-27T22:30:00Z,2026-02-27 22:30,2026-02-27 22:45,QH,63.59,63.92,60.85,61.03,67.6,8,61.77,61.98,1.61
2026-02-27T22:45:00Z,2026-02-27 22:45,2026-02-27 23:00,QH,69.8,70.74,69.1,63.57,137.6,25,70.42,60.7,9.1
2026-02-27T23:00:00Z,2026-02-27 23:00,2026-02-27 23:15,QH,39.36,40.91,38.84,38.96,53.7,13,40.39,73.77,-34.41
2026-02-27T23:15:00Z,2026-02-27 23:15,2026-02-27 23:30,QH,58.49,61.12,57.1,57.24,62.4,27,56.94,64.61,-6.12
2026-02-27T23:30:00Z,2026-02-27 23:30,2026-02-27 23:45,QH,64.72,72.52,61.75,65.22,85.6,14,60.88,55.89,8.82
2026-02-27T23:45:00Z,2026-02-27 23:45,2026-02-28 00:00,QH,55.93,58.99,53.16,53.41,76.4,16,54.91,67.12,-11.19
2026-02-28T00:00:00Z,2026-02-28 00:00,2026-02-28 00:15,QH,61.15,61.27,60.54,55.67,100.5,13,61.99,46.38,14.77
2026-02-28T00:15:00Z,2026-02-28 00:15,2026-02-28 00:30,QH,46.0,49.57,37.61,48.09,93.1,22,46.32,47.68,-1.68
2026-02-28T00:30:00Z,2026-02-28 00:30,2026-02-28 00:45,QH,39.31,47.72,31.14,42.7,93.6,19,41.08,52.72,-13.41
2026-02-28T00:45:00Z,2026-02-28 00:45,2026-02-28 01:00,QH,43.78,48.23,41.32,46.51,83.9,31,45.85,53.44,-9.66
2026-02-28T01:00:00Z,2026-02-28 01:00,2026-02-28 01:15,QH,48.36,57.45,44.89,50.82,146.3,36,46.59,50.89,-2.54
2026-02-28T01:15:00Z,2026-02-28 01:15,2026-02-28 01:30,QH,31.42,34.58,29.58,29.76,54.5,9,31.16,45.38,-13.97
2026-02-28T01:30:00Z,2026-02-28 01:30,2026-02-28 01:45,QH,34.54,46.57,31.8,34.84,81.9,12,35.39,52.92,-18.38
2026-02-28T01:45:00Z,2026-02-28 01:45,2026-02-28 02:00,QH,78.42,78.81,75.9,77.23,134.0,22,77.99,46.47,31.95
2026-02-28T02:00:00Z,2026-02-28 02:00,2026-02-28 02:15,QH,48.46,49.43,40.67,49.77,83.2,10,43.55,47.37,1.09
2026-02-28T02:15:00Z,2026-02-28 02:15,2026-02-28 02:30,QH,42.72,48.69,35.29,42.49,97.2,42,44.01,46.29,-3.57
2026-02-28T02:30:00Z,2026-02-28 02:30,2026-02-28 02:45,QH,45.32,45.88,44.47,41.25,102.6,41,47.97,48.11,-2.78
2026-02-28T02:45:00Z,2026-02-28 02:45,2026-02-28 03:00,QH,37.75,42.25,32.98,39.16,62.7,26,37.07,43.68,-5.93
2026-02-28T03:00:00Z,2026-02-28 03:00,2026-02-28 03:15,QH,53.34,63.12,50.14,56.03,60.6,10,54.07,47.17,6.16
2026-02-28T03:15:00Z,2026-02-28 03:15,2026-02-28 03:30,QH,54.8,56.34,50.43,57.54,91.7,16,55.63,50.19,4.61
2026-02-28T03:30:00Z,2026-02-28 03:30,2026-02-28 03:45,QH,33.17,39.42,27.98,35.73,126.0,17,34.15,48.51,-15.34
2026-02-28T03:45:00Z,2026-02-28 03:45,2026-02-28 04:00,QH,37.69,38.78,37.11,37.36,10,3,36.12,51.78,-14.09
2026-02-28T04:00:00Z,2026-02-28 04:00,2026-02-28 04:15,QH,31.83,32.37,22.02,35.27,99.8,12,34.04,39.62,-7.78
2026-02-28T04:15:00Z,2026-02-28 04:15,2026-02-28 04:30,QH,53.0,55.27,48.26,49.01,79.6,11,56.13,48.32,4.68
2026-02-28T04:30:00Z,2026-02-28 04:30,2026-02-28 04:45,QH,58.24,61.99,56.49,58.2,50.9,6,59.32,45.72,12.52
2026-02-28T04:45:00Z,2026-02-28 04:45,2026-02-28 05:00,QH,55.46,60.1,52.39,54.42,136.0,36,53.72,50.69,4.77
2026-02-28T05:00:00Z,2026-02-28 05:00,2026-02-28 05:15,QH,56.95,64.32,56.24,59.15,114.3,40,57.21,50.91,6.04
2026-02-28T05:15:00Z,2026-02-28 05:15,2026-02-28 05:30,QH,44.34,44.77,43.05,41.54,65.1,24,45.68,46.14,-1.8
2026-02-28T05:30:00Z,2026-02-28 05:30,2026-02-28 05:45,QH,33.01,44.17,29.82,33.86,108.8,23,34.03,47.64,-14.63
2026-02-28T05:45:00Z,2026-02-28 05:45,2026-02-28 06:00,QH,106.17,115.53,98.88,104.14,92.8,15,106.9,51.46,54.72
2026-02-28T06:00:00Z,2026-02-28 06:00,2026-02-28 06:15,QH,49.5,51.07,45.66,53.15,79.3,10,47.39,42.46,7.04
2026-02-28T06:15:00Z,2026-02-28 06:15,2026-02-28 06:30,QH,44.6,46.81,44.39,46.12,105.0,20,47.63,54.74,-10.14
2026-02-28T06:30:00Z,2026-02-28 06:30,2026-02-28 06:45,QH,46.66,49.26,42.12,44.89,110.3,20,46.41,47.43,-0.77
2026-02-28T06:45:00Z,2026-02-28 06:45,2026-02-28 07:00,QH,52.06,60.09,51.2,56.98,95.1,17,52.56,46.99,5.07
2026-02-28T07:00:00Z,2026-02-28 07:00,2026-02-28 07:15,QH,78.43,82.99,77.95,80.47,84.5,17,81.33,76.28,2.15
2026-02-28T07:15:00Z,2026-02-28 07:15,2026-02-28 07:30,QH,82.98,94.78,79.02,87.13,87.5,36,82.3,80.78,2.2
2026-02-28T07:30:00Z,2026-02-28 07:30,2026-02-28 07:45,QH,84.78,90.57,79.27,83.22,79.0,10,84.48,85.73,-0.95
2026-02-28T07:45:00Z,2026-02-28 07:45,2026-02-28 08:00,QH,69.09,69.39,68.31,70.1,53.5,13,71.14,73.0,-3.91
2026-02-28T08:00:00Z,2026-02-28 08:00,2026-02-28 08:15,QH,101.02,103.97,94.98,104.4,90.4,23,97.5,86.13,14.89
2026-02-28T08:15:00Z,2026-02-28 08:15,2026-02-28 08:30,QH,86.41,90.31,85.78,80.74,124.9,61,83.9,79.0,7.41
2026-02-28T08:30:00Z,2026-02-28 08:30,2026-02-28 08:45,QH,86.06,90.2,79.86,86.43,91.5,23,82.04,81.45,4.62
2026-02-28T08:45:00Z,2026-02-28 08:45,2026-02-28 09:00,QH,62.2,62.24,61.74,61.68,36.0,7,63.22,82.6,-20.4
2026-02-28T09:00:00Z,2026-02-28 09:00,2026-02-28 09:15,QH,90.99,93.22,86.98,89.4,71.3,8,92.83,85.7,5.29
2026-02-28T09:15:00Z,2026-02-28 09:15,2026-02-28 09:30,QH,88.19,89.74,84.1,89.88,90.1,13,89.52,84.38,3.81
2026-02-28T09:30:00Z,2026-02-28 09:30,2026-02-28 09:45,QH,93.7,99.18,85.71,90.71,72.7,9,92.67,84.21,9.48
2026-02-28T09:45:00Z,2026-02-28 09:45,2026-02-28 10:00,QH,85.47,90.7,77.48,82.19,116.5,19,80.93,90.9,-5.43
2026-02-28T10:00:00Z,2026-02-28 10:00,2026-02-28 10:15,QH,95.37,103.5,83.78,96.14,66.6,22,94.41,101.76,-6.39
2026-02-28T10:15:00Z,2026-02-28 10:15,2026-02-28 10:30,QH,101.67,103.62,95.64,99.39,101.4,17,101.07,87.94,13.74
2026-02-28T10:30:00Z,2026-02-28 10:30,2026-02-28 10:45,QH,79.76,89.53,75.86,77.18,31.6,5,79.51,90.97,-11.21
2026-02-28T10:45:00Z,2026-02-28 10:45,2026-02-28 11:00,QH,86.58,92.17,76.58,86.81,87.6,12,85.92,92.86,-6.28
2026-02-28T11:00:00Z,2026-02-28 11:00,2026-02-28 11:15,QH,91.12,91.34,87.98,91.87,92.0,29,89.71,97.59,-6.48
2026-02-28T11:15:00Z,2026-02-28 11:15,2026-02-28 11:30,QH,96.62,101.62,96.55,96.53,29.8,4,98.04,91.89,4.74
2026-02-28T11:30:00Z,2026-02-28 11:30,2026-02-28 11:45,QH,92.35,98.64,91.75,88.52,112.9,17,94.02,93.31,-0.95
2026-02-28T11:45:00Z,2026-02-28 11:45,2026-02-28 12:00,QH,85.61,86.13,80.78,82.49,129.7,17,88.34,91.69,-6.08
2026-02-28T12:00:00Z,2026-02-28 12:00,2026-02-28 12:15,QH,107.15,110.59,106.35,107.92,55.3,26,108.27,93.41,13.74
2026-02-28T12:15:00Z,2026-02-28 12:15,2026-02-28 12:30,QH,98.24,99.64,96.86,98.4,87.7,14,102.77,92.65,5.59
2026-02-28T12:30:00Z,2026-02-28 12:30,2026-02-28 12:45,QH,84.54,86.17,78.04,83.02,47.6,14,86.81,83.29,1.26
2026-02-28T12:45:00Z,2026-02-28 12:45,2026-02-28 13:00,QH,81.28,90.42,79.68,80.9,50.5,6,78.41,94.14,-12.85
2026-02-28T13:00:00Z,2026-02-28 13:00,2026-02-28 13:15,QH,95.0,101.78,91.27,98.75,73.6,9,94.8,93.05,1.95
2026-02-28T13:15:00Z,2026-02-28 13:15,2026-02-28 13:30,QH,72.8,77.99,68.85,67.84,31.3,8,70.47,98.6,-25.79
2026-02-28T13:30:00Z,2026-02-28 13:30,2026-02-28 13:45,QH,118.49,122.16,107.4,111.3,37.9,18,119.26,90.59,27.9
2026-02-28T13:45:00Z,2026-02-28 13:45,2026-02-28 14:00,QH,90.12,93.38,89.49,92.53,85.8,34,91.29,101.04,-10.91
2026-02-28T14:00:00Z,2026-02-28 14:00,2026-02-28 14:15,QH,79.83,82.96,79.33,79.97,154.6,22,78.59,94.14,-14.31
2026-02-28T14:15:00Z,2026-02-28 14:15,2026-02-28 14:30,QH,107.08,109.18,106.99,104.54,108.6,17,107.61,85.61,21.48
2026-02-28T14:30:00Z,2026-02-28 14:30,2026-02-28 14:45,QH,78.01,79.43,76.89,78.1,119.0,15,78.71,89.2,-11.19
2026-02-28T14:45:00Z,2026-02-28 14:45,2026-02-28 15:00,QH,105.74,110.47,105.05,103.72,85.0,11,103.72,91.16,14.58
2026-02-28T15:00:00Z,2026-02-28 15:00,2026-02-28 15:15,QH,99.59,100.61,91.6,105.41,123.9,16,102.01,91.45,8.14
2026-02-28T15:15:00Z,2026-02-28 15:15,2026-02-28 15:30,QH,97.61,100.3,92.55,100.92,72.0,13,97.75,93.86,3.75
2026-02-28T15:30:00Z,2026-02-28 15:30,2026-02-28 15:45,QH,78.59,85.27,77.12,76.23,105.3,19,77.02,96.56,-17.97
2026-02-28T15:45:00Z,2026-02-28 15:45,2026-02-28 16:00,QH,93.58,97.63,90.34,97.32,68.9,17,90.61,96.49,-2.91
2026-02-28T16:00:00Z,2026-02-28 16:00,2026-02-28 16:15,QH,90.66,90.69,87.93,89.26,43.2,5,88.77,90.71,-0.05
2026-02-28T16:15:00Z,2026-02-28 16:15,2026-02-28 16:30,QH,99.89,100.76,90.15,100.1,99.6,39,99.44,85.25,14.65
2026-02-28T16:30:00Z,2026-02-28 16:30,2026-02-28 16:45,QH,80.58,85.54,77.74,79.85,99.2,12,82.63,100.58,-20.0
2026-02-28T16:45:00Z,2026-02-28 16:45,2026-02-28 17:00,QH,89.67,90.99,87.81,89.4,49.9,11,90.66,86.91,2.76
2026-02-28T17:00:00Z,2026-02-28 17:00,2026-02-28 17:15,QH,91.77,97.86,90.68,96.59,114.3,28,89.68,92.15,-0.38
2026-02-28T17:15:00Z,2026-02-28 17:15,2026-02-28 17:30,QH,100.76,104.76,95.15,99.18,124.6,16,101.89,88.82,11.94
2026-02-28T17:30:00Z,2026-02-28 17:30,2026-02-28 17:45,QH,165.32,168.57,161.76,161.68,68.0,9,166.73,91.99,73.32
2026-02-28T17:45:00Z,2026-02-28 17:45,2026-02-28 18:00,QH,71.62,74.76,70.16,72.48,91.9,35,70.26,85.05,-13.43
2026-02-28T18:00:00Z,2026-02-28 18:00,2026-02-28 18:15,QH,84.59,85.6,80.27,82.96,79.6,39,87.02,86.92,-2.32
2026-02-28T18:15:00Z,2026-02-28 18:15,2026-02-28 18:30,QH,78.2,82.9,76.4,81.84,92.5,23,78.18,88.26,-10.06
2026-02-28T18:30:00Z,2026-02-28 18:30,2026-02-28 18:45,QH,74.84,80.78,72.8,73.45,102.9,50,75.84,81.68,-6.84
2026-02-28T18:45:00Z,2026-02-28 18:45,2026-02-28 19:00,QH,62.57,71.97,56.99,67.23,104.3,18,60.1,75.6,-13.03
2026-02-28T19:00:00Z,2026-02-28 19:00,2026-02-28 19:15,QH,68.68,72.65,63.31,67.7,66.7,9,64.9,86.66,-17.98
2026-02-28T19:15:00Z,2026-02-28 19:15,2026-02-28 19:30,QH,71.87,72.07,65.59,69.87,166.6,30,71.43,80.08,-8.21
2026-02-28T19:30:00Z,2026-02-28 19:30,2026-02-28 19:45,QH,88.49,90.42,83.82,88.24,127.6,29,84.99,86.01,2.48
2026-02-28T19:45:00Z,2026-02-28 19:45,2026-02-28 20:00,QH,82.82,93.43,82.37,79.52,44.5,7,84.63,85.25,-2.43
2026-02-28T20:00:00Z,2026-02-28 20:00,2026-02-28 20:15,QH,59.31,64.73,55.09,56.17,79.4,10,54.94,51.28,8.03
2026-02-28T20:15:00Z,2026-02-28 20:15,2026-02-28 20:30,QH,52.9,60.61,52.52,52.72,60.8,10,49.1,47.85,5.05
2026-02-28T20:30:00Z,2026-02-28 20:30,2026-02-28 20:45,QH,70.28,82.73,68.66,71.92,52.3,8,74.14,46.42,23.85
2026-02-28T20:45:00Z,2026-02-28 20:45,2026-02-28 21:00,QH,40.53,43.23,36.19,44.07,111.0,14,39.5,40.59,-0.06
2026-02-28T21:00:00Z,2026-02-28 21:00,2026-02-28 21:15,QH,57.0,58.32,56.23,60.77,47.8,6,57.15,44.34,12.66
2026-02-28T21:15:00Z,2026-02-28 21:15,2026-02-28 21:30,QH,61.43,62.45,60.88,59.29,127.7,16,59.44,37.93,23.5
2026-02-28T21:30:00Z,2026-02-28 21:30,2026-02-28 21:45,QH,56.32,62.08,54.37,52.04,32.8,5,57.19,43.47,12.85
2026-02-28T21:45:00Z,2026-02-28 21:45,2026-02-28 22:00,QH,58.63,59.34,53.89,59.26,66.3,12,59.56,54.46,4.16
2026-02-28T22:00:00Z,2026-02-28 22:00,2026-02-28 22:15,QH,57.67,60.76,54.67,50.37,49.7,10,60.47,50.68,6.99
2026-02-28T22:15:00Z,2026-02-28 22:15,2026-02-28 22:30,QH,58.79,61.76,49.43,62.33,91.4,11,61.93,55.19,3.61
2026-02-28T22:30:00Z,2026-02-28 22:30,2026-02-28 22:45,QH,36.14,39.42,28.21,35.99,63.9,14,35.39,57.02,-20.88
2026-02-28T22:45:00Z,2026-02-28 22:45,2026-02-28 23:00,QH,31.17,32.01,24.93,30.45,65.9,10,31.52,38.61,-7.45
2026-02-28T23:00:00Z,2026-02-28 23:00,2026-02-28 23:15,QH,42.69,45.92,38.45,41.98,111.7,20,41.93,45.07,-2.38
2026-02-28T23:15:00Z,2026-02-28 23:15,2026-02-28 23:30,QH,55.73,56.06,53.73,57.2,67.9,9,54.32,47.42,8.31
2026-02-28T23:30:00Z,2026-02-28 23:30,2026-02-28 23:45,QH,28.38,29.15,27.87,31.01,73.5,9,30.52,40.25,-11.87
2026-02-28T23:45:00Z,2026-02-28 23:45,2026-03-01 00:00,QH,52.03,52.96,50.3,49.23,64.5,11,53.1,50.04,1.99
2026-03-01T00:00:00Z,2026-03-01 00:00,2026-03-01 00:15,QH,45.32,46.46,44.93,49.11,109.4,45,40.33,55.17,-9.85
2026-03-01T00:15:00Z,2026-03-01 00:15,2026-03-01 00:30,QH,50.08,53.56,39.1,53.24,81.3,11,51.15,50.29,-0.21
2026-03-01T00:30:00Z,2026-03-01 00:30,2026-03-01 00:45,QH,49.56,50.98,44.63,50.73,67.0,11,49.97,58.65,-9.09
2026-03-01T00:45:00Z,2026-03-01 00:45,2026-03-01 01:00,QH,59.91,61.92,54.56,62.39,94.2,17,58.96,48.95,10.96
2026-03-01T01:00:00Z,2026-03-01 01:00,2026-03-01 01:15,QH,53.22,60.32,49.38,55.05,50.0,7,53.54,49.21,4.01
2026-03-01T01:15:00Z,2026-03-01 01:15,2026-03-01 01:30,QH,50.86,50.98,45.32,48.55,50.2,8,53.72,63.99,-13.14
2026-03-01T01:30:00Z,2026-03-01 01:30,2026-03-01 01:45,QH,58.02,63.64,56.98,52.86,78.7,14,60.69,55.6,2.42
2026-03-01T01:45:00Z,2026-03-01 01:45,2026-03-01 02:00,QH,55.13,60.54,52.53,55.39,113.7,35,58.34,54.22,0.91
2026-03-01T02:00:00Z,2026-03-01 02:00,2026-03-01 02:15,QH,47.39,54.41,45.03,47.61,100.4,20,48.48,56.25,-8.86
2026-03-01T02:15:00Z,2026-03-01 02:15,2026-03-01 02:30,QH,60.08,60.37,49.8,59.25,92.4,20,59.09,55.56,4.52
2026-03-01T02:30:00Z,2026-03-01 02:30,2026-03-01 02:45,QH,57.64,60.64,50.96,58.51,62.2,12,59.73,63.65,-6.01
2026-03-01T02:45:00Z,2026-03-01 02:45,2026-03-01 03:00,QH,63.24,68.0,56.61,61.5,52.2,13,61.22,53.2,10.04
2026-03-01T03:00:00Z,2026-03-01 03:00,2026-03-01 03:15,QH,47.24,51.31,43.06,51.09,98.8,28,49.07,52.89,-5.65
2026-03-01T03:15:00Z,2026-03-01 03:15,2026-03-01 03:30,QH,49.84,54.15,48.17,53.83,70.7,33,53.43,60.16,-10.32
2026-03-01T03:30:00Z,2026-03-01 03:30,2026-03-01 03:45,QH,60.04,65.12,59.5,60.75,109.6,24,59.21,48.56,11.48
2026-03-01T03:45:00Z,2026-03-01 03:45,2026-03-01 04:00,QH,52.22,58.41,37.32,53.38,62.9,25,49.79,48.78,3.44
2026-03-01T04:00:00Z,2026-03-01 04:00,2026-03-01 04:15,QH,51.4,55.95,48.48,45.55,74.9,10,51.66,55.43,-4.03
2026-03-01T04:15:00Z,2026-03-01 04:15,2026-03-01 04:30,QH,49.35,53.46,42.16,45.83,98.4,12,47.5,54.82,-5.47
2026-03-01T04:30:00Z,2026-03-01 04:30,2026-03-01 04:45,QH,63.97,67.02,63.94,62.89,93.4,26,62.25,46.36,17.62
2026-03-01T04:45:00Z,2026-03-01 04:45,2026-03-01 05:00,QH,47.17,51.14,46.47,48.41,96.1,31,44.09,57.82,-10.65
2026-03-01T05:00:00Z,2026-03-01 05:00,2026-03-01 05:15,QH,53.31,53.64,46.98,53.73,88.2,26,50.36,58.69,-5.39
2026-03-01T05:15:00Z,2026-03-01 05:15,2026-03-01 05:30,QH,52.75,62.24,52.42,54.03,76.6,12,58.17,57.69,-4.94
2026-03-01T05:30:00Z,2026-03-01 05:30,2026-03-01 05:45,QH,69.98,74.91,63.2,70.56,136.7,26,69.64,56.48,13.5
2026-03-01T05:45:00Z,2026-03-01 05:45,2026-03-01 06:00,QH,76.06,80.82,73.8,78.51,57.5,8,77.74,53.93,22.13
2026-03-01T06:00:00Z,2026-03-01 06:00,2026-03-01 06:15,QH,50.35,54.04,41.66,56.61,113.6,17,50.85,49.98,0.38
2026-03-01T06:15:00Z,2026-03-01 06:15,2026-03-01 06:30,QH,58.91,62.61,57.01,62.62,50.4,7,58.65,56.08,2.83
2026-03-01T06:30:00Z,2026-03-01 06:30,2026-03-01 06:45,QH,51.77,58.44,45.76,53.97,50.8,21,55.72,60.42,-8.65
2026-03-01T06:45:00Z,2026-03-01 06:45,2026-03-01 07:00,QH,30.22,30.31,28.47,29.02,64.7,25,32.68,58.57,-28.36
2026-03-01T07:00:00Z,2026-03-01 07:00,2026-03-01 07:15,QH,83.2,84.89,79.77,88.48,78.6,10,82.88,92.71,-9.51
2026-03-01T07:15:00Z,2026-03-01 07:15,2026-03-01 07:30,QH,94.4,96.0,92.09,96.8,33.2,8,91.38,94.13,0.27
2026-03-01T07:30:00Z,2026-03-01 07:30,2026-03-01 07:45,QH,104.41,105.56,102.3,103.99,160.2,47,103.13,86.89,17.52
2026-03-01T07:45:00Z,2026-03-01 07:45,2026-03-01 08:00,QH,67.05,68.15,63.63,68.98,19.6,5,65.63,91.22,-24.17
2026-03-01T08:00:00Z,2026-03-01 08:00,2026-03-01 08:15,QH,92.7,93.81,89.9,91.06,69.0,17,92.71,90.08,2.62
2026-03-01T08:15:00Z,2026-03-01 08:15,2026-03-01 08:30,QH,100.69,102.61,98.22,100.09,47.1,9,97.5,93.99,6.69
2026-03-01T08:30:00Z,2026-03-01 08:30,2026-03-01 08:45,QH,73.13,74.47,73.04,71.49,31.9,7,71.77,93.86,-20.74
2026-03-01T08:45:00Z,2026-03-01 08:45,2026-03-01 09:00,QH,88.45,89.68,83.07,86.51,94.0,30,89.11,90.11,-1.66
2026-03-01T09:00:00Z,2026-03-01 09:00,2026-03-01 09:15,QH,97.92,98.58,97.3,104.04,115.5,39,101.03,92.05,5.87
2026-03-01T09:15:00Z,2026-03-01 09:15,2026-03-01 09:30,QH,93.46,93.73,88.5,93.61,126.4,21,94.65,98.48,-5.02
2026-03-01T09:30:00Z,2026-03-01 09:30,2026-03-01 09:45,QH,105.37,118.11,103.18,103.19,80.1,28,101.85,94.46,10.91
2026-03-01T09:45:00Z,2026-03-01 09:45,2026-03-01 10:00,QH,101.06,106.81,99.32,98.09,90.0,12,101.72,97.65,3.41
2026-03-01T10:00:00Z,2026-03-01 10:00,2026-03-01 10:15,QH,96.85,97.21,96.27,100.49,90.3,14,96.23,102.45,-5.6
2026-03-01T10:15:00Z,2026-03-01 10:15,2026-03-01 10:30,QH,86.36,92.12,79.68,87.44,23.1,6,84.44,95.79,-9.43
2026-03-01T10:30:00Z,2026-03-01 10:30,2026-03-01 10:45,QH,100.62,106.45,98.68,98.88,38.3,6,98.36,92.38,8.24
2026-03-01T10:45:00Z,2026-03-01 10:45,2026-03-01 11:00,QH,101.9,110.14,98.28,102.11,98.5,25,101.85,92.94,8.96
2026-03-01T11:00:00Z,2026-03-01 11:00,2026-03-01 11:15,QH,113.71,118.23,102.96,109.58,73.7,14,112.56,96.66,17.06
2026-03-01T11:15:00Z,2026-03-01 11:15,2026-03-01 11:30,QH,78.7,83.07,75.47,78.98,91.5,23,78.02,97.31,-18.61
2026-03-01T11:30:00Z,2026-03-01 11:30,2026-03-01 11:45,QH,96.05,97.96,90.88,94.09,100.6,24,97.37,91.58,4.47
2026-03-01T11:45:00Z,2026-03-01 11:45,2026-03-01 12:00,QH,75.38,80.01,71.99,76.07,30.8,4,78.18,104.47,-29.09
2026-03-01T12:00:00Z,2026-03-01 12:00,2026-03-01 12:15,QH,86.68,87.33,82.49,94.54,10,3,88.11,105.11,-18.43
2026-03-01T12:15:00Z,2026-03-01 12:15,2026-03-01 12:30,QH,100.06,106.45,95.76,102.7,108.4,47,102.29,97.45,2.61
2026-03-01T12:30:00Z,2026-03-01 12:30,2026-03-01 12:45,QH,119.27,120.32,117.46,117.64,80.2,24,118.2,99.99,19.28
2026-03-01T12:45:00Z,2026-03-01 12:45,2026-03-01 13:00,QH,94.04,96.4,92.53,91.59,121.2,27,93.44,97.97,-3.93
2026-03-01T13:00:00Z,2026-03-01 13:00,2026-03-01 13:15,QH,102.8,103.7,100.76,108.52,68.0,9,101.18,101.25,1.56
2026-03-01T13:15:00Z,2026-03-01 13:15,2026-03-01 13:30,QH,96.81,100.53,94.09,97.98,69.8,17,101.2,95.25,1.55
2026-03-01T13:30:00Z,2026-03-01 13:30,2026-03-01 13:45,QH,215.59,220.36,213.73,213.81,88.5,20,216.32,86.44,129.16
2026-03-01T13:45:00Z,2026-03-01 13:45,2026-03-01 14:00,QH,95.22,100.96,89.08,95.28,73.4,14,93.55,97.67,-2.45
2026-03-01T14:00:00Z,2026-03-01 14:00,2026-03-01 14:15,QH,107.54,108.6,104.64,110.58,78.4,11,107.23,99.51,8.03
2026-03-01T14:15:00Z,2026-03-01 14:15,2026-03-01 14:30,QH,97.21,101.09,94.51,94.34,30.0,5,100.29,101.2,-3.99
2026-03-01T14:30:00Z,2026-03-01 14:30,2026-03-01 14:45,QH,101.03,104.1,99.02,96.48,73.1,10,100.0,99.9,1.12
2026-03-01T14:45:00Z,2026-03-01 14:45,2026-03-01 15:00,QH,109.9,124.27,104.15,105.93,133.0,19,111.78,102.55,7.35
2026-03-01T15:00:00Z,2026-03-01 15:00,2026-03-01 15:15,QH,114.89,118.58,113.07,116.15,39.0,9,112.31,96.81,18.08
2026-03-01T15:15:00Z,2026-03-01 15:15,2026-03-01 15:30,QH,111.3,113.63,107.23,112.83,70.9,10,112.29,106.43,4.86
2026-03-01T15:30:00Z,2026-03-01 15:30,2026-03-01 15:45,QH,93.04,94.76,86.98,97.87,47.2,10,92.57,99.43,-6.39
2026-03-01T15:45:00Z,2026-03-01 15:45,2026-03-01 16:00,QH,90.24,92.09,88.63,88.44,136.7,22,87.55,98.91,-8.68
2026-03-01T16:00:00Z,2026-03-01 16:00,2026-03-01 16:15,QH,114.94,120.92,106.97,122.36,66.9,20,115.7,101.91,13.03
2026-03-01T16:15:00Z,2026-03-01 16:15,2026-03-01 16:30,QH,97.82,98.93,91.11,103.45,94.3,25,96.85,89.79,8.03
2026-03-01T16:30:00Z,2026-03-01 16:30,2026-03-01 16:45,QH,90.77,94.08,90.63,90.26,52.6,25,92.16,104.94,-14.18
2026-03-01T16:45:00Z,2026-03-01 16:45,2026-03-01 17:00,QH,101.36,106.4,100.7,103.93,67.4,14,104.71,98.09,3.27
2026-03-01T17:00:00Z,2026-03-01 17:00,2026-03-01 17:15,QH,90.34,91.07,87.57,87.36,43.4,7,87.61,85.72,4.62
2026-03-01T17:15:00Z,2026-03-01 17:15,2026-03-01 17:30,QH,82.24,87.91,78.41,81.12,113.1,16,81.29,92.3,-10.06
2026-03-01T17:30:00Z,2026-03-01 17:30,2026-03-01 17:45,QH,99.34,102.15,89.53,96.7,42.1,9,97.59,103.67,-4.33
2026-03-01T17:45:00Z,2026-03-01 17:45,2026-03-01 18:00,QH,105.72,105.82,101.46,107.37,99.7,25,107.51,92.79,12.94
2026-03-01T18:00:00Z,2026-03-01 18:00,2026-03-01 18:15,QH,106.26,113.49,104.96,112.31,10,3,102.95,95.32,10.94
2026-03-01T18:15:00Z,2026-03-01 18:15,2026-03-01 18:30,QH,106.44,106.77,106.11,105.86,43.6,10,103.72,89.37,17.07
2026-03-01T18:30:00Z,2026-03-01 18:30,2026-03-01 18:45,QH,96.94,98.56,93.14,94.55,105.1,17,93.97,99.51,-2.57
2026-03-01T18:45:00Z,2026-03-01 18:45,2026-03-01 19:00,QH,79.01,80.76,70.59,80.09,103.8,21,78.37,101.09,-22.07
2026-03-01T19:00:00Z,2026-03-01 19:00,2026-03-01 19:15,QH,83.46,87.48,81.23,82.05,130.2,19,83.22,100.37,-16.9
2026-03-01T19:15:00Z,2026-03-01 19:15,2026-03-01 19:30,QH,85.85,86.12,82.74,80.6,112.8,52,83.26,105.73,-19.87
2026-03-01T19:30:00Z,2026-03-01 19:30,2026-03-01 19:45,QH,70.54,77.14,68.95,73.69,124.9,29,68.7,82.42,-11.88
2026-03-01T19:45:00Z,2026-03-01 19:45,2026-03-01 20:00,QH,90.21,91.78,88.58,81.43,147.5,32,89.37,80.59,9.62
2026-03-01T20:00:00Z,2026-03-01 20:00,2026-03-01 20:15,QH,59.47,65.45,59.41,53.14,93.6,12,58.71,46.04,13.43
2026-03-01T20:15:00Z,2026-03-01 20:15,2026-03-01 20:30,QH,47.69,51.63,47.11,43.23,75.4,12,50.54,55.09,-7.4
2026-03-01T20:30:00Z,2026-03-01 20:30,2026-03-01 20:45,QH,52.79,58.48,48.76,50.91,89.1,12,52.02,59.02,-6.22
2026-03-01T20:45:00Z,2026-03-01 20:45,2026-03-01 21:00,QH,40.0,40.45,34.85,43.93,103.7,13,42.27,51.63,-11.62
2026-03-01T21:00:00Z,2026-03-01 21:00,2026-03-01 21:15,QH,54.79,58.13,51.83,54.69,72.2,16,57.0,52.34,2.46
2026-03-01T21:15:00Z,2026-03-01 21:15,2026-03-01 21:30,QH,63.11,75.5,59.97,59.26,133.6,19,62.62,52.43,10.69
2026-03-01T21:30:00Z,2026-03-01 21:30,2026-03-01 21:45,QH,62.5,62.76,58.44,62.35,41.0,5,64.7,60.23,2.28
2026-03-01T21:45:00Z,2026-03-01 21:45,2026-03-01 22:00,QH,57.74,61.36,53.68,55.17,97.7,17,57.46,50.2,7.54
2026-03-01T22:00:00Z,2026-03-01 22:00,2026-03-01 22:15,QH,42.56,49.41,38.85,42.26,138.5,20,42.94,52.18,-9.62
2026-03-01T22:15:00Z,2026-03-01 22:15,2026-03-01 22:30,QH,36.98,43.72,36.14,37.58,88.6,11,39.61,52.78,-15.8
2026-03-01T22:30:00Z,2026-03-01 22:30,2026-03-01 22:45,QH,53.15,59.61,52.24,54.72,97.8,17,55.62,52.22,0.92
2026-03-01T22:45:00Z,2026-03-01 22:45,2026-03-01 23:00,QH,42.0,48.46,37.81,49.83,57.4,8,40.09,50.89,-8.89
2026-03-01T23:00:00Z,2026-03-01 23:00,2026-03-01 23:15,QH,63.49,64.38,58.67,64.19,121.2,24,62.82,51.73,11.77
2026-03-01T23:15:00Z,2026-03-01 23:15,2026-03-01 23:30,QH,55.17,55.33,47.06,62.85,93.9,37,57.4,50.6,4.57
2026-03-01T23:30:00Z,2026-03-01 23:30,2026-03-01 23:45,QH,52.97,54.59,48.85,57.12,86.5,16,53.28,57.87,-4.9
2026-03-01T23:45:00Z,2026-03-01 23:45,2026-03-02 00:00,QH,51.26,52.93,49.85,50.86,25.9,3,51.22,47.61,3.65
2026-03-02T00:00:00Z,2026-03-02 00:00,2026-03-02 00:15,QH,60.85,63.29,56.41,61.5,53.5,7,59.69,47.44,13.41
2026-03-02T00:15:00Z,2026-03-02 00:15,2026-03-02 00:30,QH,62.2,63.55,57.02,64.9,92.4,45,62.1,53.53,8.67
2026-03-02T00:30:00Z,2026-03-02 00:30,2026-03-02 00:45,QH,51.05,53.56,49.98,54.92,72.8,23,50.06,43.87,7.18
2026-03-02T00:45:00Z,2026-03-02 00:45,2026-03-02 01:00,QH,41.85,42.31,32.81,38.67,74.3,18,39.95,44.86,-3.01
2026-03-02T01:00:00Z,2026-03-02 01:00,2026-03-02 01:15,QH,40.94,43.73,38.82,41.21,123.8,21,40.79,47.45,-6.51
2026-03-02T01:15:00Z,2026-03-02 01:15,2026-03-02 01:30,QH,51.23,56.6,48.37,53.03,50.5,8,52.16,44.18,7.05
2026-03-02T01:30:00Z,2026-03-02 01:30,2026-03-02 01:45,QH,47.77,48.23,41.7,52.29,46.6,11,44.05,42.72,5.05
2026-03-02T01:45:00Z,2026-03-02 01:45,2026-03-02 02:00,QH,54.67,58.98,52.98,55.29,108.8,23,55.92,40.47,14.2
2026-03-02T02:00:00Z,2026-03-02 02:00,2026-03-02 02:15,QH,39.85,45.69,35.96,41.34,54.7,10,38.98,46.53,-6.68
2026-03-02T02:15:00Z,2026-03-02 02:15,2026-03-02 02:30,QH,33.74,33.98,20.36,41.27,106.0,43,34.56,45.64,-11.9
2026-03-02T02:30:00Z,2026-03-02 02:30,2026-03-02 02:45,QH,52.87,62.42,49.82,48.52,105.5,41,52.58,38.87,14.0
2026-03-02T02:45:00Z,2026-03-02 02:45,2026-03-02 03:00,QH,34.42,40.75,33.58,31.7,83.4,12,31.9,47.82,-13.4
2026-03-02T03:00:00Z,2026-03-02 03:00,2026-03-02 03:15,QH,49.34,53.76,48.51,49.2,94.1,34,49.92,50.48,-1.15
2026-03-02T03:15:00Z,2026-03-02 03:15,2026-03-02 03:30,QH,55.53,60.34,49.76,58.22,50.8,12,53.19,45.46,10.07
2026-03-02T03:30:00Z,2026-03-02 03:30,2026-03-02 03:45,QH,48.25,49.38,47.98,44.07,62.7,21,48.95,42.89,5.36
2026-03-02T03:45:00Z,2026-03-02 03:45,2026-03-02 04:00,QH,20.03,20.69,7.09,19.63,97.3,17,23.62,40.74,-20.7
2026-03-02T04:00:00Z,2026-03-02 04:00,2026-03-02 04:15,QH,52.23,61.95,48.42,52.47,24.1,3,54.08,49.92,2.31
2026-03-02T04:15:00Z,2026-03-02 04:15,2026-03-02 04:30,QH,42.36,43.86,37.7,42.0,132.7,38,43.69,44.13,-1.77
2026-03-02T04:30:00Z,2026-03-02 04:30,2026-03-02 04:45,QH,42.69,43.77,28.89,37.62,26.1,4,40.65,43.97,-1.28
2026-03-02T04:45:00Z,2026-03-02 04:45,2026-03-02 05:00,QH,42.77,45.38,32.54,44.42,111.4,22,43.39,48.34,-5.58
2026-03-02T05:00:00Z,2026-03-02 05:00,2026-03-02 05:15,QH,43.29,50.85,36.4,43.93,112.0,55,42.3,59.64,-16.35
2026-03-02T05:15:00Z,2026-03-02 05:15,2026-03-02 05:30,QH,52.84,52.89,52.31,52.39,139.9,55,53.81,47.64,5.2
2026-03-02T05:30:00Z,2026-03-02 05:30,2026-03-02 05:45,QH,46.72,48.04,45.51,45.76,110.6,32,48.52,45.27,1.45
2026-03-02T05:45:00Z,2026-03-02 05:45,2026-03-02 06:00,QH,49.16,51.24,48.92,50.99,116.8,20,49.82,48.47,0.7
2026-03-02T06:00:00Z,2026-03-02 06:00,2026-03-02 06:15,QH,33.31,36.37,29.56,34.85,53.1,8,34.35,48.66,-15.35
2026-03-02T06:15:00Z,2026-03-02 06:15,2026-03-02 06:30,QH,49.15,56.55,46.41,46.88,82.1,10,48.58,43.0,6.16
2026-03-02T06:30:00Z,2026-03-02 06:30,2026-03-02 06:45,QH,44.99,51.96,40.52,48.12,85.5,39,42.5,57.72,-12.73
2026-03-02T06:45:00Z,2026-03-02 06:45,2026-03-02 07:00,QH,53.75,57.34,45.85,55.38,101.4,17,56.38,37.98,15.77
2026-03-02T07:00:00Z,2026-03-02 07:00,2026-03-02 07:15,QH,91.69,93.02,83.27,97.36,95.9,32,90.69,89.95,1.74
2026-03-02T07:15:00Z,2026-03-02 07:15,2026-03-02 07:30,QH,106.41,106.51,105.08,104.34,66.2,15,102.84,80.78,25.63
2026-03-02T07:30:00Z,2026-03-02 07:30,2026-03-02 07:45,QH,91.37,94.24,85.14,88.72,62.1,14,92.4,90.87,0.5
2026-03-02T07:45:00Z,2026-03-02 07:45,2026-03-02 08:00,QH,94.64,97.09,92.63,98.55,107.3,13,94.82,77.57,17.08
2026-03-02T08:00:00Z,2026-03-02 08:00,2026-03-02 08:15,QH,98.28,105.42,96.01,96.94,59.4,18,97.04,87.63,10.65
2026-03-02T08:15:00Z,2026-03-02 08:15,2026-03-02 08:30,QH,95.11,98.61,93.69,95.95,96.4,24,92.18,84.18,10.94
2026-03-02T08:30:00Z,2026-03-02 08:30,2026-03-02 08:45,QH,79.05,79.6,78.52,75.96,108.0,19,83.17,87.89,-8.85
2026-03-02T08:45:00Z,2026-03-02 08:45,2026-03-02 09:00,QH,78.23,91.74,72.79,78.58,96.8,14,77.07,81.46,-3.23
2026-03-02T09:00:00Z,2026-03-02 09:00,2026-03-02 09:15,QH,74.6,79.49,70.6,78.58,79.6,10,76.55,90.84,-16.24
2026-03-02T09:15:00Z,2026-03-02 09:15,2026-03-02 09:30,QH,87.52,93.38,86.83,83.11,68.2,15,88.65,94.19,-6.67
2026-03-02T09:30:00Z,2026-03-02 09:30,2026-03-02 09:45,QH,75.72,77.33,72.69,75.63,53.1,22,76.23,85.12,-9.39
2026-03-02T09:45:00Z,2026-03-02 09:45,2026-03-02 10:00,QH,100.94,107.21,100.37,97.42,106.1,24,100.37,83.92,17.02
2026-03-02T10:00:00Z,2026-03-02 10:00,2026-03-02 10:15,QH,158.17,164.1,150.12,159.75,64.6,9,159.27,90.33,67.84
2026-03-02T10:15:00Z,2026-03-02 10:15,2026-03-02 10:30,QH,85.68,85.85,79.66,85.36,42.7,13,82.13,106.28,-20.6
2026-03-02T10:30:00Z,2026-03-02 10:30,2026-03-02 10:45,QH,101.55,102.95,101.16,102.46,82.9,31,101.4,85.46,16.08
2026-03-02T10:45:00Z,2026-03-02 10:45,2026-03-02 11:00,QH,90.04,92.12,89.49,84.53,65.7,10,88.97,96.73,-6.69
2026-03-02T11:00:00Z,2026-03-02 11:00,2026-03-02 11:15,QH,81.63,85.23,80.64,80.25,62.2,10,79.19,90.77,-9.14
2026-03-02T11:15:00Z,2026-03-02 11:15,2026-03-02 11:30,QH,83.79,89.94,79.6,76.84,96.9,13,84.08,96.52,-12.73
2026-03-02T11:30:00Z,2026-03-02 11:30,2026-03-02 11:45,QH,93.03,95.86,90.29,93.77,134.8,35,94.09,99.84,-6.81
2026-03-02T11:45:00Z,2026-03-02 11:45,2026-03-02 12:00,QH,105.54,107.84,104.95,102.71,88.0,17,108.87,90.47,15.06
2026-03-02T12:00:00Z,2026-03-02 12:00,2026-03-02 12:15,QH,96.67,103.16,94.16,99.69,43.6,15,97.47,92.05,4.62
2026-03-02T12:15:00Z,2026-03-02 12:15,2026-03-02 12:30,QH,99.52,104.83,89.99,103.86,121.5,18,98.47,91.27,8.24
2026-03-02T12:30:00Z,2026-03-02 12:30,2026-03-02 12:45,QH,73.03,73.86,71.86,77.16,133.8,17,71.78,92.27,-19.24
2026-03-02T12:45:00Z,2026-03-02 12:45,2026-03-02 13:00,QH,72.09,75.47,71.03,76.62,85.1,26,72.27,84.2,-12.1
2026-03-02T13:00:00Z,2026-03-02 13:00,2026-03-02 13:15,QH,91.65,94.65,85.96,90.5,68.3,22,91.11,92.02,-0.38
2026-03-02T13:15:00Z,2026-03-02 13:15,2026-03-02 13:30,QH,99.21,101.29,98.94,102.92,91.0,15,99.61,79.66,19.55
2026-03-02T13:30:00Z,2026-03-02 13:30,2026-03-02 13:45,QH,83.49,83.57,81.09,86.2,68.3,31,80.33,89.36,-5.87
2026-03-02T13:45:00Z,2026-03-02 13:45,2026-03-02 14:00,QH,70.57,72.78,69.9,73.4,59.4,22,74.13,99.18,-28.61
2026-03-02T14:00:00Z,2026-03-02 14:00,2026-03-02 14:15,QH,85.11,90.83,81.19,81.96,66.0,19,84.78,93.51,-8.4
2026-03-02T14:15:00Z,2026-03-02 14:15,2026-03-02 14:30,QH,74.77,74.8,73.42,77.67,71.7,10,75.95,85.27,-10.51
2026-03-02T14:30:00Z,2026-03-02 14:30,2026-03-02 14:45,QH,102.22,105.76,101.07,103.94,80.9,18,98.84,97.14,5.07
2026-03-02T14:45:00Z,2026-03-02 14:45,2026-03-02 15:00,QH,81.69,83.46,76.62,80.86,138.3,32,81.49,89.58,-7.89
2026-03-02T15:00:00Z,2026-03-02 15:00,2026-03-02 15:15,QH,73.89,80.05,66.72,72.81,160.0,23,72.95,90.1,-16.21
2026-03-02T15:15:00Z,2026-03-02 15:15,2026-03-02 15:30,QH,93.69,95.13,90.02,94.67,82.7,10,93.59,88.57,5.12
2026-03-02T15:30:00Z,2026-03-02 15:30,2026-03-02 15:45,QH,90.5,95.27,88.68,91.53,96.6,25,87.48,81.89,8.61
2026-03-02T15:45:00Z,2026-03-02 15:45,2026-03-02 16:00,QH,86.95,89.04,82.72,88.59,88.2,17,85.35,86.21,0.74
2026-03-02T16:00:00Z,2026-03-02 16:00,2026-03-02 16:15,QH,73.67,83.78,66.98,72.52,29.2,5,74.46,98.72,-25.05
2026-03-02T16:15:00Z,2026-03-02 16:15,2026-03-02 16:30,QH,86.29,94.39,77.34,86.71,97.0,13,84.7,85.98,0.3
2026-03-02T16:30:00Z,2026-03-02 16:30,2026-03-02 16:45,QH,110.9,111.22,104.71,112.28,28.2,7,112.59,90.42,20.48
2026-03-02T16:45:00Z,2026-03-02 16:45,2026-03-02 17:00,QH,197.88,200.94,191.54,198.66,91.6,19,201.84,90.53,107.35
2026-03-02T17:00:00Z,2026-03-02 17:00,2026-03-02 17:15,QH,90.23,90.63,89.85,89.76,54.3,18,85.97,89.65,0.59
2026-03-02T17:15:00Z,2026-03-02 17:15,2026-03-02 17:30,QH,92.2,93.52,89.07,91.65,116.7,23,93.11,92.19,0.01
2026-03-02T17:30:00Z,2026-03-02 17:30,2026-03-02 17:45,QH,89.33,92.38,84.26,90.51,126.2,47,92.96,85.42,3.91
2026-03-02T17:45:00Z,2026-03-02 17:45,2026-03-02 18:00,QH,80.58,86.87,78.72,73.27,121.6,28,82.77,91.18,-10.6
2026-03-02T18:00:00Z,2026-03-02 18:00,2026-03-02 18:15,QH,76.12,81.27,74.13,76.8,108.6,22,79.11,82.83,-6.71
2026-03-02T18:15:00Z,2026-03-02 18:15,2026-03-02 18:30,QH,97.85,100.21,97.2,91.56,107.1,24,100.57,77.81,20.04
2026-03-02T18:30:00Z,2026-03-02 18:30,2026-03-02 18:45,QH,101.43,104.97,94.76,99.06,55.0,10,102.8,82.87,18.56
2026-03-02T18:45:00Z,2026-03-02 18:45,2026-03-02 19:00,QH,115.12,118.13,111.95,111.34,59.3,7,114.66,88.06,27.06
2026-03-02T19:00:00Z,2026-03-02 19:00,2026-03-02 19:15,QH,81.02,87.37,68.13,85.81,89.1,38,79.64,87.38,-6.36
2026-03-02T19:15:00Z,2026-03-02 19:15,2026-03-02 19:30,QH,81.56,88.85,76.35,82.95,138.9,20,81.87,79.88,1.68
2026-03-02T19:30:00Z,2026-03-02 19:30,2026-03-02 19:45,QH,69.34,78.5,66.89,73.92,88.1,33,71.41,86.09,-16.76
2026-03-02T19:45:00Z,2026-03-02 19:45,2026-03-02 20:00,QH,74.31,75.95,70.29,76.67,140.9,60,70.81,84.8,-10.49
2026-03-02T20:00:00Z,2026-03-02 20:00,2026-03-02 20:15,QH,40.76,47.07,34.99,38.8,69.0,10,38.55,51.05,-10.29
2026-03-02T20:15:00Z,2026-03-02 20:15,2026-03-02 20:30,QH,55.44,56.91,45.06,59.34,94.2,17,56.73,50.44,5.01
2026-03-02T20:30:00Z,2026-03-02 20:30,2026-03-02 20:45,QH,30.52,34.0,28.71,32.33,66.0,10,30.42,37.51,-6.99
2026-03-02T20:45:00Z,2026-03-02 20:45,2026-03-02 21:00,QH,50.57,50.61,41.14,53.42,77.2,16,50.02,48.19,2.38
2026-03-02T21:00:00Z,2026-03-02 21:00,2026-03-02 21:15,QH,55.92,57.87,46.96,53.72,92.2,28,56.91,59.71,-3.79
2026-03-02T21:15:00Z,2026-03-02 21:15,2026-03-02 21:30,QH,44.72,48.34,44.27,41.75,98.2,16,44.89,47.29,-2.56
2026-03-02T21:30:00Z,2026-03-02 21:30,2026-03-02 21:45,QH,34.19,37.64,28.1,34.29,43.6,7,32.65,39.06,-4.87
2026-03-02T21:45:00Z,2026-03-02 21:45,2026-03-02 22:00,QH,47.1,52.48,44.97,45.54,105.4,36,48.18,59.3,-12.2
2026-03-02T22:00:00Z,2026-03-02 22:00,2026-03-02 22:15,QH,37.64,39.43,25.89,34.76,68.5,14,36.19,39.52,-1.88
2026-03-02T22:15:00Z,2026-03-02 22:15,2026-03-02 22:30,QH,40.48,40.96,38.82,40.24,35.5,10,40.48,41.91,-1.43
2026-03-02T22:30:00Z,2026-03-02 22:30,2026-03-02 22:45,QH,20.68,20.77,19.68,26.81,73.6,16,22.65,51.12,-30.43
2026-03-02T22:45:00Z,2026-03-02 22:45,2026-03-02 23:00,QH,47.17,53.08,33.01,49.12,51.4,6,47.24,46.25,0.93
2026-03-02T23:00:00Z,2026-03-02 23:00,2026-03-02 23:15,QH,29.67,30.15,28.96,34.5,101.0,12,32.07,39.52,-9.85
2026-03-02T23:15:00Z,2026-03-02 23:15,2026-03-02 23:30,QH,46.43,48.57,37.04,49.38,82.4,22,44.29,50.47,-4.05
2026-03-02T23:30:00Z,2026-03-02 23:30,2026-03-02 23:45,QH,69.68,72.35,67.41,68.82,73.4,14,69.61,55.14,14.54
2026-03-02T23:45:00Z,2026-03-02 23:45,2026-03-03 00:00,QH,41.21,43.24,35.85,45.43,23.7,4,41.02,52.22,-11.01
2026-03-03T00:00:00Z,2026-03-03 00:00,2026-03-03 00:15,QH,50.87,62.65,43.28,53.78,90.9,41,52.58,56.61,-5.74
2026-03-03T00:15:00Z,2026-03-03 00:15,2026-03-03 00:30,QH,48.39,56.13,45.06,42.72,52.3,18,44.23,50.74,-2.35
2026-03-03T00:30:00Z,2026-03-03 00:30,2026-03-03 00:45,QH,54.46,58.36,48.4,53.69,50.2,10,51.41,53.49,0.97
2026-03-03T00:45:00Z,2026-03-03 00:45,2026-03-03 01:00,QH,170.8,175.47,163.8,175.58,130.8,52,171.4,55.96,114.84
2026-03-03T01:00:00Z,2026-03-03 01:00,2026-03-03 01:15,QH,44.64,50.37,43.9,45.19,36.4,4,44.71,53.63,-8.99
2026-03-03T01:15:00Z,2026-03-03 01:15,2026-03-03 01:30,QH,45.53,50.89,44.26,47.93,108.9,22,44.46,58.63,-13.1
2026-03-03T01:30:00Z,2026-03-03 01:30,2026-03-03 01:45,QH,38.55,41.95,36.78,33.58,127.3,26,39.96,56.52,-17.97
2026-03-03T01:45:00Z,2026-03-03 01:45,2026-03-03 02:00,QH,55.14,61.38,52.87,57.43,118.3,26,58.12,52.24,2.9
2026-03-03T02:00:00Z,2026-03-03 02:00,2026-03-03 02:15,QH,57.61,60.36,56.54,59.59,81.9,16,58.04,53.83,3.78
2026-03-03T02:15:00Z,2026-03-03 02:15,2026-03-03 02:30,QH,46.1,47.95,43.78,43.97,135.8,20,43.44,57.04,-10.94
2026-03-03T02:30:00Z,2026-03-03 02:30,2026-03-03 02:45,QH,52.81,59.76,48.26,51.83,80.2,11,51.49,47.67,5.14
2026-03-03T02:45:00Z,2026-03-03 02:45,2026-03-03 03:00,QH,44.67,45.55,38.83,47.04,140.4,24,45.75,55.97,-11.3
2026-03-03T03:00:00Z,2026-03-03 03:00,2026-03-03 03:15,QH,27.83,30.09,21.84,29.61,83.8,12,30.03,56.41,-28.58
2026-03-03T03:15:00Z,2026-03-03 03:15,2026-03-03 03:30,QH,74.68,76.07,68.68,76.1,87.0,12,71.71,56.67,18.01
2026-03-03T03:30:00Z,2026-03-03 03:30,2026-03-03 03:45,QH,59.91,64.91,58.41,56.02,87.2,21,59.37,56.58,3.34
2026-03-03T03:45:00Z,2026-03-03 03:45,2026-03-03 04:00,QH,42.04,45.02,38.75,43.17,66.5,9,41.52,54.89,-12.86
2026-03-03T04:00:00Z,2026-03-03 04:00,2026-03-03 04:15,QH,52.58,55.38,50.81,51.51,65.9,21,51.65,51.78,0.81
2026-03-03T04:15:00Z,2026-03-03 04:15,2026-03-03 04:30,QH,55.82,62.02,55.28,53.45,87.7,29,55.8,54.08,1.74
2026-03-03T04:30:00Z,2026-03-03 04:30,2026-03-03 04:45,QH,61.93,66.69,54.25,64.04,66.7,15,58.1,50.22,11.71
2026-03-03T04:45:00Z,2026-03-03 04:45,2026-03-03 05:00,QH,41.81,48.3,40.39,41.25,106.0,29,36.77,60.15,-18.34
2026-03-03T05:00:00Z,2026-03-03 05:00,2026-03-03 05:15,QH,132.02,134.61,129.14,132.64,64.3,8,130.1,53.64,78.39
2026-03-03T05:15:00Z,2026-03-03 05:15,2026-03-03 05:30,QH,50.37,55.97,49.87,48.03,117.7,29,47.95,53.93,-3.56
2026-03-03T05:30:00Z,2026-03-03 05:30,2026-03-03 05:45,QH,54.46,58.8,49.81,57.76,46.2,13,56.0,58.94,-4.48
2026-03-03T05:45:00Z,2026-03-03 05:45,2026-03-03 06:00,QH,61.98,65.68,61.66,62.35,67.6,8,61.45,57.7,4.28
2026-03-03T06:00:00Z,2026-03-03 06:00,2026-03-03 06:15,QH,53.91,55.25,51.8,50.77,81.6,18,51.32,52.69,1.22
2026-03-03T06:15:00Z,2026-03-03 06:15,2026-03-03 06:30,QH,73.34,75.28,72.51,71.27,134.3,32,71.46,62.56,10.78
2026-03-03T06:30:00Z,2026-03-03 06:30,2026-03-03 06:45,QH,66.77,69.3,66.49,68.59,120.1,49,64.38,51.21,15.56
2026-03-03T06:45:00Z,2026-03-03 06:45,2026-03-03 07:00,QH,46.97,51.36,40.85,50.21,113.7,28,43.69,54.85,-7.88
2026-03-03T07:00:00Z,2026-03-03 07:00,2026-03-03 07:15,QH,88.04,89.88,86.73,84.55,103.9,41,87.68,89.82,-1.78
2026-03-03T07:15:00Z,2026-03-03 07:15,2026-03-03 07:30,QH,101.45,108.07,98.61,100.17,97.7,12,105.61,93.94,7.51
2026-03-03T07:30:00Z,2026-03-03 07:30,2026-03-03 07:45,QH,86.01,86.5,85.8,84.83,79.8,14,86.74,94.66,-8.65
2026-03-03T07:45:00Z,2026-03-03 07:45,2026-03-03 08:00,QH,83.13,85.16,76.91,81.88,65.9,17,81.58,91.05,-7.91
2026-03-03T08:00:00Z,2026-03-03 08:00,2026-03-03 08:15,QH,85.87,88.75,76.69,85.69,98.0,15,88.96,98.87,-13.0
2026-03-03T08:15:00Z,2026-03-03 08:15,2026-03-03 08:30,QH,109.25,114.91,106.95,110.36,22.2,4,108.37,85.64,23.61
2026-03-03T08:30:00Z,2026-03-03 08:30,2026-03-03 08:45,QH,88.07,93.91,86.69,90.85,37.5,14,82.54,99.57,-11.5
2026-03-03T08:45:00Z,2026-03-03 08:45,2026-03-03 09:00,QH,75.09,76.04,65.05,73.95,72.5,10,76.16,84.92,-9.83
2026-03-03T09:00:00Z,2026-03-03 09:00,2026-03-03 09:15,QH,95.56,96.65,89.97,95.2,63.6,18,93.63,89.01,6.56
2026-03-03T09:15:00Z,2026-03-03 09:15,2026-03-03 09:30,QH,95.19,99.92,84.6,90.94,135.4,29,98.09,101.4,-6.21
2026-03-03T09:30:00Z,2026-03-03 09:30,2026-03-03 09:45,QH,98.38,103.64,97.05,97.5,113.8,17,95.49,93.84,4.54
2026-03-03T09:45:00Z,2026-03-03 09:45,2026-03-03 10:00,QH,118.66,119.48,112.91,118.26,39.9,6,119.62,98.12,20.53
2026-03-03T10:00:00Z,2026-03-03 10:00,2026-03-03 10:15,QH,96.43,102.83,86.67,93.54,66.0,13,93.73,100.63,-4.2
2026-03-03T10:15:00Z,2026-03-03 10:15,2026-03-03 10:30,QH,98.29,104.88,95.2,94.47,119.9,41,95.56,96.85,1.44
2026-03-03T10:30:00Z,2026-03-03 10:30,2026-03-03 10:45,QH,78.56,81.58,72.23,77.07,73.1,18,81.66,99.51,-20.96
2026-03-03T10:45:00Z,2026-03-03 10:45,2026-03-03 11:00,QH,98.62,103.48,95.03,95.86,101.1,24,95.67,95.3,3.32
2026-03-03T11:00:00Z,2026-03-03 11:00,2026-03-03 11:15,QH,69.77,73.59,67.26,69.95,68.5,17,68.78,100.74,-30.97
2026-03-03T11:15:00Z,2026-03-03 11:15,2026-03-03 11:30,QH,87.63,93.76,87.51,90.4,93.6,30,88.37,93.25,-5.62
2026-03-03T11:30:00Z,2026-03-03 11:30,2026-03-03 11:45,QH,85.46,86.59,83.57,85.14,27.5,8,85.42,95.94,-10.48
2026-03-03T11:45:00Z,2026-03-03 11:45,2026-03-03 12:00,QH,155.69,161.4,147.78,151.41,45.1,15,157.64,96.07,59.62
2026-03-03T12:00:00Z,2026-03-03 12:00,2026-03-03 12:15,QH,121.02,122.57,115.1,123.53,72.7,10,125.51,102.96,18.06
2026-03-03T12:15:00Z,2026-03-03 12:15,2026-03-03 12:30,QH,87.13,89.02,84.46,92.22,94.2,13,84.77,94.32,-7.19
2026-03-03T12:30:00Z,2026-03-03 12:30,2026-03-03 12:45,QH,105.2,106.97,104.54,111.74,67.1,25,105.16,103.24,1.96
2026-03-03T12:45:00Z,2026-03-03 12:45,2026-03-03 13:00,QH,86.46,93.2,79.56,85.98,112.5,19,85.76,103.44,-16.98
2026-03-03T13:00:00Z,2026-03-03 13:00,2026-03-03 13:15,QH,97.4,101.13,96.81,99.16,72.9,11,96.72,115.85,-18.45
2026-03-03T13:15:00Z,2026-03-03 13:15,2026-03-03 13:30,QH,105.97,109.5,100.65,109.23,128.9,43,105.53,97.17,8.8
2026-03-03T13:30:00Z,2026-03-03 13:30,2026-03-03 13:45,QH,109.18,112.02,104.95,108.34,71.4,13,106.59,106.58,2.6
2026-03-03T13:45:00Z,2026-03-03 13:45,2026-03-03 14:00,QH,98.46,100.37,91.09,106.06,131.1,41,97.07,96.3,2.16
2026-03-03T14:00:00Z,2026-03-03 14:00,2026-03-03 14:15,QH,89.71,94.33,89.64,91.76,65.7,21,88.73,102.0,-12.29
2026-03-03T14:15:00Z,2026-03-03 14:15,2026-03-03 14:30,QH,89.35,94.0,76.72,89.54,57.0,9,91.15,101.88,-12.53
2026-03-03T14:30:00Z,2026-03-03 14:30,2026-03-03 14:45,QH,110.02,116.77,103.73,113.84,79.0,27,110.85,103.35,6.67
2026-03-03T14:45:00Z,2026-03-03 14:45,2026-03-03 15:00,QH,98.15,108.49,95.48,97.46,94.8,17,98.16,98.45,-0.3
2026-03-03T15:00:00Z,2026-03-03 15:00,2026-03-03 15:15,QH,112.97,116.24,108.16,112.73,134.1,29,113.37,96.23,16.74
2026-03-03T15:15:00Z,2026-03-03 15:15,2026-03-03 15:30,QH,108.27,111.11,105.6,102.66,93.7,32,111.04,102.99,5.27
2026-03-03T15:30:00Z,2026-03-03 15:30,2026-03-03 15:45,QH,113.74,114.91,108.63,118.77,57.0,8,111.59,98.5,15.24
2026-03-03T15:45:00Z,2026-03-03 15:45,2026-03-03 16:00,QH,89.25,93.48,82.07,86.76,89.8,11,90.92,96.94,-7.69
2026-03-03T16:00:00Z,2026-03-03 16:00,2026-03-03 16:15,QH,113.08,113.63,111.15,111.55,98.7,12,115.63,97.38,15.7
2026-03-03T16:15:00Z,2026-03-03 16:15,2026-03-03 16:30,QH,97.88,100.0,93.6,93.23,94.8,14,97.13,97.71,0.16
2026-03-03T16:30:00Z,2026-03-03 16:30,2026-03-03 16:45,QH,120.39,125.67,116.08,121.1,86.9,18,118.65,105.06,15.33
2026-03-03T16:45:00Z,2026-03-03 16:45,2026-03-03 17:00,QH,115.38,117.16,112.31,113.47,92.7,26,116.87,87.41,27.97
2026-03-03T17:00:00Z,2026-03-03 17:00,2026-03-03 17:15,QH,86.32,90.04,80.73,89.74,20.5,4,85.96,97.03,-10.71
2026-03-03T17:15:00Z,2026-03-03 17:15,2026-03-03 17:30,QH,95.61,96.79,90.49,97.19,91.5,12,96.1,97.83,-2.22
2026-03-03T17:30:00Z,2026-03-03 17:30,2026-03-03 17:45,QH,113.59,115.78,107.17,110.53,74.2,24,113.35,98.37,15.22
2026-03-03T17:45:00Z,2026-03-03 17:45,2026-03-03 18:00,QH,97.8,104.53,89.87,97.22,101.4,21,97.58,89.96,7.83
2026-03-03T18:00:00Z,2026-03-03 18:00,2026-03-03 18:15,QH,92.39,99.05,87.54,93.5,97.1,41,91.25,91.5,0.89
2026-03-03T18:15:00Z,2026-03-03 18:15,2026-03-03 18:30,QH,83.43,87.66,80.87,90.94,91.3,42,85.02,83.6,-0.17
2026-03-03T18:30:00Z,2026-03-03 18:30,2026-03-03 18:45,QH,98.99,102.25,97.94,101.38,98.3,12,97.71,91.31,7.68
2026-03-03T18:45:00Z,2026-03-03 18:45,2026-03-03 19:00,QH,94.67,103.31,85.35,92.15,107.4,15,94.92,91.68,2.98
2026-03-03T19:00:00Z,2026-03-03 19:00,2026-03-03 19:15,QH,86.77,94.59,84.47,82.87,116.8,17,87.54,91.52,-4.75
2026-03-03T19:15:00Z,2026-03-03 19:15,2026-03-03 19:30,QH,80.19,85.35,79.47,75.55,10,3,79.5,80.35,-0.16
2026-03-03T19:30:00Z,2026-03-03 19:30,2026-03-03 19:45,QH,87.13,87.24,83.01,89.55,47.8,10,87.95,89.32,-2.18
2026-03-03T19:45:00Z,2026-03-03 19:45,2026-03-03 20:00,QH,78.92,80.44,77.31,80.4,123.3,40,77.44,90.07,-11.15
2026-03-03T20:00:00Z,2026-03-03 20:00,2026-03-03 20:15,QH,60.39,62.48,46.64,66.46,84.0,10,58.64,59.46,0.93
2026-03-03T20:15:00Z,2026-03-03 20:15,2026-03-03 20:30,QH,72.37,73.21,70.69,75.16,66.1,29,69.66,62.64,9.73
2026-03-03T20:30:00Z,2026-03-03 20:30,2026-03-03 20:45,QH,63.43,72.83,58.32,66.64,60.2,26,64.25,57.03,6.4
2026-03-03T20:45:00Z,2026-03-03 20:45,2026-03-03 21:00,QH,27.35,38.24,22.16,29.98,100.4,27,28.76,56.83,-29.48
2026-03-03T21:00:00Z,2026-03-03 21:00,2026-03-03 21:15,QH,48.35,51.39,43.98,46.08,66.4,9,47.01,49.46,-1.11
2026-03-03T21:15:00Z,2026-03-03 21:15,2026-03-03 21:30,QH,66.93,71.21,66.24,69.12,86.5,12,66.54,51.85,15.08
2026-03-03T21:30:00Z,2026-03-03 21:30,2026-03-03 21:45,QH,59.04,63.86,57.51,60.79,22.2,6,58.29,49.57,9.47
2026-03-03T21:45:00Z,2026-03-03 21:45,2026-03-03 22:00,QH,67.04,67.84,63.99,68.6,105.0,16,65.33,54.31,12.74
2026-03-03T22:00:00Z,2026-03-03 22:00,2026-03-03 22:15,QH,42.24,47.01,38.77,48.93,50.5,7,41.1,52.1,-9.86
2026-03-03T22:15:00Z,2026-03-03 22:15,2026-03-03 22:30,QH,59.32,63.88,53.51,57.99,29.1,6,59.13,47.55,11.77
2026-03-03T22:30:00Z,2026-03-03 22:30,2026-03-03 22:45,QH,50.05,51.06,40.58,54.76,90.9,31,48.89,52.87,-2.82
2026-03-03T22:45:00Z,2026-03-03 22:45,2026-03-03 23:00,QH,59.36,65.93,56.44,62.87,104.8,24,59.72,56.73,2.63
2026-03-03T23:00:00Z,2026-03-03 23:00,2026-03-03 23:15,QH,33.9,41.21,32.59,37.26,79.1,14,29.11,56.82,-22.93
2026-03-03T23:15:00Z,2026-03-03 23:15,2026-03-03 23:30,QH,59.57,67.44,59.14,61.11,87.8,11,58.19,55.94,3.63
2026-03-03T23:30:00Z,2026-03-03 23:30,2026-03-03 23:45,QH,62.38,68.15,49.96,63.29,111.4,21,61.48,51.45,10.93
2026-03-03T23:45:00Z,2026-03-03 23:45,2026-03-04 00:00,QH,62.05,63.74,61.64,59.38,76.9,10,64.02,45.09,16.96
2026-03-04T00:00:00Z,2026-03-04 00:00,2026-03-04 00:15,QH,42.41,46.42,37.71,40.87,144.3,20,41.19,53.81,-11.4
2026-03-04T00:15:00Z,2026-03-04 00:15,2026-03-04 00:30,QH,41.64,46.33,36.91,37.23,94.8,36,40.73,56.85,-15.21
2026-03-04T00:30:00Z,2026-03-04 00:30,2026-03-04 00:45,QH,56.23,63.66,52.46,56.04,45.2,7,55.47,59.11,-2.88
2026-03-04T00:45:00Z,2026-03-04 00:45,2026-03-04 01:00,QH,62.25,69.71,59.04,57.1,98.1,17,61.67,59.77,2.48
2026-03-04T01:00:00Z,2026-03-04 01:00,2026-03-04 01:15,QH,51.15,53.16,46.96,51.64,114.8,54,50.25,57.13,-5.99
2026-03-04T01:15:00Z,2026-03-04 01:15,2026-03-04 01:30,QH,56.82,57.79,52.48,55.71,75.5,23,58.25,53.22,3.6
2026-03-04T01:30:00Z,2026-03-04 01:30,2026-03-04 01:45,QH,44.85,45.39,40.21,42.17,41.9,15,43.13,59.02,-14.18
2026-03-04T01:45:00Z,2026-03-04 01:45,2026-03-04 02:00,QH,-6.6,-5.94,-9.22,-5.04,72.4,18,-6.84,63.01,-69.61
2026-03-04T02:00:00Z,2026-03-04 02:00,2026-03-04 02:15,QH,70.21,80.06,65.76,69.79,102.0,24,68.94,56.48,13.73
2026-03-04T02:15:00Z,2026-03-04 02:15,2026-03-04 02:30,QH,54.7,58.67,52.7,61.68,112.4,23,55.46,57.7,-3.0
2026-03-04T02:30:00Z,2026-03-04 02:30,2026-03-04 02:45,QH,60.59,65.2,58.75,63.43,136.0,53,57.66,68.33,-7.74
2026-03-04T02:45:00Z,2026-03-04 02:45,2026-03-04 03:00,QH,60.65,61.28,59.13,60.26,100.6,13,60.83,52.81,7.85
2026-03-04T03:00:00Z,2026-03-04 03:00,2026-03-04 03:15,QH,41.53,42.44,41.07,43.21,84.3,14,38.36,56.7,-15.17
2026-03-04T03:15:00Z,2026-03-04 03:15,2026-03-04 03:30,QH,76.99,77.13,74.74,78.24,123.8,26,74.66,55.48,21.51
2026-03-04T03:30:00Z,2026-03-04 03:30,2026-03-04 03:45,QH,67.19,74.09,66.19,66.47,120.0,16,62.62,47.73,19.46
2026-03-04T03:45:00Z,2026-03-04 03:45,2026-03-04 04:00,QH,44.6,50.09,40.02,48.19,69.9,8,45.45,53.06,-8.45
2026-03-04T04:00:00Z,2026-03-04 04:00,2026-03-04 04:15,QH,68.9,71.53,65.33,67.7,95.7,12,67.96,48.57,20.34
2026-03-04T04:15:00Z,2026-03-04 04:15,2026-03-04 04:30,QH,44.99,52.95,39.18,44.58,116.6,22,41.39,54.02,-9.03
2026-03-04T04:30:00Z,2026-03-04 04:30,2026-03-04 04:45,QH,62.68,67.86,59.84,62.77,97.3,39,64.64,62.06,0.62
2026-03-04T04:45:00Z,2026-03-04 04:45,2026-03-04 05:00,QH,53.82,56.15,53.0,56.32,87.8,22,56.14,58.47,-4.65
2026-03-04T05:00:00Z,2026-03-04 05:00,2026-03-04 05:15,QH,85.31,86.88,82.54,89.38,95.9,14,83.2,57.33,27.98
2026-03-04T05:15:00Z,2026-03-04 05:15,2026-03-04 05:30,QH,53.32,53.76,46.67,54.28,113.1,41,54.63,60.64,-7.32
2026-03-04T05:30:00Z,2026-03-04 05:30,2026-03-04 05:45,QH,72.81,74.68,64.87,74.87,139.2,27,72.99,57.76,15.05
2026-03-04T05:45:00Z,2026-03-04 05:45,2026-03-04 06:00,QH,58.57,60.87,55.78,55.59,41.4,8,58.09,62.97,-4.4
2026-03-04T06:00:00Z,2026-03-04 06:00,2026-03-04 06:15,QH,45.59,50.58,39.37,40.62,48.1,8,48.36,63.19,-17.6
2026-03-04T06:15:00Z,2026-03-04 06:15,2026-03-04 06:30,QH,60.37,65.34,59.3,59.68,119.1,50,60.18,49.9,10.47
2026-03-04T06:30:00Z,2026-03-04 06:30,2026-03-04 06:45,QH,58.41,60.47,55.49,65.85,148.4,33,59.29,61.62,-3.21
2026-03-04T06:45:00Z,2026-03-04 06:45,2026-03-04 07:00,QH,66.93,69.57,53.05,68.33,63.6,24,66.98,62.79,4.14
2026-03-04T07:00:00Z,2026-03-04 07:00,2026-03-04 07:15,QH,107.08,108.73,97.55,106.38,113.2,22,111.07,94.02,13.06
2026-03-04T07:15:00Z,2026-03-04 07:15,2026-03-04 07:30,QH,108.91,109.76,103.92,106.28,103.0,14,107.24,93.29,15.62
2026-03-04T07:30:00Z,2026-03-04 07:30,2026-03-04 07:45,QH,86.63,92.18,80.76,81.76,76.5,9,87.56,88.78,-2.15
2026-03-04T07:45:00Z,2026-03-04 07:45,2026-03-04 08:00,QH,63.32,68.77,62.34,65.41,82.3,11,63.76,88.68,-25.36
2026-03-04T08:00:00Z,2026-03-04 08:00,2026-03-04 08:15,QH,160.36,164.71,156.69,153.26,94.4,28,162.25,102.49,57.87
2026-03-04T08:15:00Z,2026-03-04 08:15,2026-03-04 08:30,QH,101.55,102.81,99.22,105.9,95.9,16,100.34,86.94,14.6
2026-03-04T08:30:00Z,2026-03-04 08:30,2026-03-04 08:45,QH,97.92,101.84,97.72,96.33,92.7,24,99.21,86.84,11.08
2026-03-04T08:45:00Z,2026-03-04 08:45,2026-03-04 09:00,QH,90.99,93.2,88.64,86.87,79.8,15,90.95,90.76,0.22
2026-03-04T09:00:00Z,2026-03-04 09:00,2026-03-04 09:15,QH,86.41,90.95,81.8,82.25,95.0,13,85.17,92.57,-6.17
2026-03-04T09:15:00Z,2026-03-04 09:15,2026-03-04 09:30,QH,110.18,118.76,103.51,114.78,81.7,10,112.24,98.4,11.78
2026-03-04T09:30:00Z,2026-03-04 09:30,2026-03-04 09:45,QH,96.29,99.32,94.17,91.8,75.8,12,97.29,89.73,6.56
2026-03-04T09:45:00Z,2026-03-04 09:45,2026-03-04 10:00,QH,105.11,108.58,101.49,108.98,58.9,21,104.77,97.25,7.86
2026-03-04T10:00:00Z,2026-03-04 10:00,2026-03-04 10:15,QH,88.1,93.91,83.57,88.92,99.7,14,87.5,94.52,-6.42
2026-03-04T10:15:00Z,2026-03-04 10:15,2026-03-04 10:30,QH,93.87,103.69,83.04,91.4,41.1,6,92.18,93.3,0.57
2026-03-04T10:30:00Z,2026-03-04 10:30,2026-03-04 10:45,QH,106.04,110.16,97.76,108.44,118.2,20,105.79,99.95,6.09
2026-03-04T10:45:00Z,2026-03-04 10:45,2026-03-04 11:00,QH,123.36,125.52,121.52,124.29,78.2,10,125.16,94.61,28.75
2026-03-04T11:00:00Z,2026-03-04 11:00,2026-03-04 11:15,QH,97.09,99.93,91.91,96.11,27.7,7,98.77,107.28,-10.18
2026-03-04T11:15:00Z,2026-03-04 11:15,2026-03-04 11:30,QH,101.77,107.27,94.06,104.02,97.8,29,100.15,96.24,5.54
2026-03-04T11:30:00Z,2026-03-04 11:30,2026-03-04 11:45,QH,109.02,113.41,107.81,111.3,47.3,8,110.95,94.58,14.44
2026-03-04T11:45:00Z,2026-03-04 11:45,2026-03-04 12:00,QH,100.15,102.69,94.38,100.2,30.3,13,104.73,106.77,-6.62
2026-03-04T12:00:00Z,2026-03-04 12:00,2026-03-04 12:15,QH,89.42,90.49,84.77,83.29,74.5,11,87.18,93.72,-4.3
2026-03-04T12:15:00Z,2026-03-04 12:15,2026-03-04 12:30,QH,89.09,93.99,85.99,88.85,73.0,21,87.22,94.92,-5.83
2026-03-04T12:30:00Z,2026-03-04 12:30,2026-03-04 12:45,QH,98.82,99.84,98.01,95.89,86.5,30,97.84,104.24,-5.42
2026-03-04T12:45:00Z,2026-03-04 12:45,2026-03-04 13:00,QH,88.03,92.1,86.78,87.56,105.3,13,92.43,98.58,-10.55
2026-03-04T13:00:00Z,2026-03-04 13:00,2026-03-04 13:15,QH,86.32,92.37,85.79,84.4,80.2,12,86.73,97.28,-10.96
2026-03-04T13:15:00Z,2026-03-04 13:15,2026-03-04 13:30,QH,91.2,97.31,84.83,89.29,127.0,45,92.47,98.75,-7.56
2026-03-04T13:30:00Z,2026-03-04 13:30,2026-03-04 13:45,QH,107.5,112.59,106.26,109.63,175.0,77,110.24,109.94,-2.44
2026-03-04T13:45:00Z,2026-03-04 13:45,2026-03-04 14:00,QH,100.8,102.11,98.3,98.73,121.5,16,98.02,108.97,-8.17
2026-03-04T14:00:00Z,2026-03-04 14:00,2026-03-04 14:15,QH,124.29,127.87,123.57,126.18,91.3,15,125.42,109.7,14.59
2026-03-04T14:15:00Z,2026-03-04 14:15,2026-03-04 14:30,QH,106.68,110.46,101.97,109.82,63.9,14,112.02,100.35,6.33
2026-03-04T14:30:00Z,2026-03-04 14:30,2026-03-04 14:45,QH,96.46,99.16,90.45,95.32,130.1,60,93.84,90.24,6.22
2026-03-04T14:45:00Z,2026-03-04 14:45,2026-03-04 15:00,QH,105.3,114.12,102.89,104.45,113.8,55,105.22,101.42,3.88
2026-03-04T15:00:00Z,2026-03-04 15:00,2026-03-04 15:15,QH,115.44,115.94,112.97,114.73,108.0,13,112.84,103.3,12.14
2026-03-04T15:15:00Z,2026-03-04 15:15,2026-03-04 15:30,QH,170.92,177.56,167.89,173.34,169.2,33,166.38,97.76,73.16
2026-03-04T15:30:00Z,2026-03-04 15:30,2026-03-04 15:45,QH,110.04,116.64,109.51,104.75,99.7,18,109.05,98.57,11.47
2026-03-04T15:45:00Z,2026-03-04 15:45,2026-03-04 16:00,QH,103.78,103.99,99.06,100.45,109.4,46,100.77,109.51,-5.73
2026-03-04T16:00:00Z,2026-03-04 16:00,2026-03-04 16:15,QH,112.3,112.56,101.31,117.8,132.5,38,114.49,96.81,15.49
2026-03-04T16:15:00Z,2026-03-04 16:15,2026-03-04 16:30,QH,90.18,92.66,76.4,89.06,85.1,12,91.29,90.97,-0.8
2026-03-04T16:30:00Z,2026-03-04 16:30,2026-03-04 16:45,QH,21.99,25.38,21.92,26.42,126.6,33,28.19,95.37,-73.37
2026-03-04T16:45:00Z,2026-03-04 16:45,2026-03-04 17:00,QH,91.49,91.52,88.93,88.14,74.7,32,92.92,87.76,3.73
2026-03-04T17:00:00Z,2026-03-04 17:00,2026-03-04 17:15,QH,99.31,103.44,96.92,97.03,69.0,33,101.31,101.72,-2.41
2026-03-04T17:15:00Z,2026-03-04 17:15,2026-03-04 17:30,QH,98.61,106.27,98.32,102.74,28.3,8,95.07,93.34,5.27
2026-03-04T17:30:00Z,2026-03-04 17:30,2026-03-04 17:45,QH,98.35,100.61,95.07,95.5,39.6,5,102.78,94.06,4.29
2026-03-04T17:45:00Z,2026-03-04 17:45,2026-03-04 18:00,QH,84.65,85.5,82.86,87.64,126.9,23,87.46,96.16,-11.51
2026-03-04T18:00:00Z,2026-03-04 18:00,2026-03-04 18:15,QH,92.81,100.4,85.19,91.24,118.3,22,89.55,95.43,-2.62
2026-03-04T18:15:00Z,2026-03-04 18:15,2026-03-04 18:30,QH,78.98,80.44,78.55,84.84,87.1,21,81.61,102.59,-23.62
2026-03-04T18:30:00Z,2026-03-04 18:30,2026-03-04 18:45,QH,101.24,107.91,94.89,101.47,123.1,44,100.52,91.44,9.79
2026-03-04T18:45:00Z,2026-03-04 18:45,2026-03-04 19:00,QH,110.55,114.06,109.63,110.24,103.8,22,111.66,103.71,6.83
2026-03-04T19:00:00Z,2026-03-04 19:00,2026-03-04 19:15,QH,75.82,81.6,69.47,73.82,95.8,18,74.35,85.18,-9.36
2026-03-04T19:15:00Z,2026-03-04 19:15,2026-03-04 19:30,QH,109.25,115.8,103.81,110.15,77.3,16,108.65,96.43,12.82
2026-03-04T19:30:00Z,2026-03-04 19:30,2026-03-04 19:45,QH,84.12,92.0,76.43,81.99,104.6,49,82.31,97.67,-13.55
2026-03-04T19:45:00Z,2026-03-04 19:45,2026-03-04 20:00,QH,74.73,76.46,74.66,78.43,50.4,9,73.23,89.54,-14.81
2026-03-04T20:00:00Z,2026-03-04 20:00,2026-03-04 20:15,QH,69.63,76.55,63.65,67.94,106.2,13,70.26,62.59,7.04
2026-03-04T20:15:00Z,2026-03-04 20:15,2026-03-04 20:30,QH,66.75,69.59,65.51,63.83,89.0,16,69.61,55.09,11.66
2026-03-04T20:30:00Z,2026-03-04 20:30,2026-03-04 20:45,QH,44.06,47.97,41.38,42.22,115.4,16,45.13,58.72,-14.66
2026-03-04T20:45:00Z,2026-03-04 20:45,2026-03-04 21:00,QH,34.68,35.98,34.32,33.61,94.8,12,33.07,54.29,-19.61
2026-03-04T21:00:00Z,2026-03-04 21:00,2026-03-04 21:15,QH,38.18,39.57,31.33,36.26,104.9,21,38.52,64.42,-26.24
2026-03-04T21:15:00Z,2026-03-04 21:15,2026-03-04 21:30,QH,57.94,60.8,56.4,61.6,103.8,21,57.81,58.3,-0.37
2026-03-04T21:30:00Z,2026-03-04 21:30,2026-03-04 21:45,QH,63.13,63.7,56.81,65.45,117.7,34,63.87,53.97,9.17
2026-03-04T21:45:00Z,2026-03-04 21:45,2026-03-04 22:00,QH,72.74,75.67,69.35,63.43,46.5,10,74.22,54.48,18.27
2026-03-04T22:00:00Z,2026-03-04 22:00,2026-03-04 22:15,QH,64.04,67.58,63.87,63.83,38.9,7,66.19,55.84,8.2
2026-03-04T22:15:00Z,2026-03-04 22:15,2026-03-04 22:30,QH,67.49,73.75,61.38,63.66,90.0,13,67.57,58.05,9.44
2026-03-04T22:30:00Z,2026-03-04 22:30,2026-03-04 22:45,QH,70.32,76.43,64.33,68.3,82.9,22,75.82,52.21,18.11
2026-03-04T22:45:00Z,2026-03-04 22:45,2026-03-04 23:00,QH,52.61,54.84,51.03,54.12,87.5,17,53.82,53.87,-1.26
2026-03-04T23:00:00Z,2026-03-04 23:00,2026-03-04 23:15,QH,56.41,57.18,53.67,58.8,96.4,37,60.4,58.05,-1.64
2026-03-04T23:15:00Z,2026-03-04 23:15,2026-03-04 23:30,QH,74.93,80.22,69.75,72.07,78.4,26,75.68,50.9,24.04
2026-03-04T23:30:00Z,2026-03-04 23:30,2026-03-04 23:45,QH,56.09,58.98,55.04,59.15,70.0,9,55.89,57.03,-0.94
2026-03-04T23:45:00Z,2026-03-04 23:45,2026-03-05 00:00,QH,74.35,78.74,71.63,79.02,67.1,16,74.84,53.72,20.63
2026-03-05T00:00:00Z,2026-03-05 00:00,2026-03-05 00:15,QH,49.6,53.71,47.08,54.9,95.2,22,45.76,44.18,5.42
2026-03-05T00:15:00Z,2026-03-05 00:15,2026-03-05 00:30,QH,59.7,62.6,54.95,60.83,52.5,25,61.83,41.17,18.53
2026-03-05T00:30:00Z,2026-03-05 00:30,2026-03-05 00:45,QH,56.74,61.56,53.63,62.19,91.4,25,56.77,43.75,12.99
2026-03-05T00:45:00Z,2026-03-05 00:45,2026-03-05 01:00,QH,36.97,43.9,31.1,39.3,113.1,18,39.26,58.24,-21.27
2026-03-05T01:00:00Z,2026-03-05 01:00,2026-03-05 01:15,QH,57.2,58.33,52.88,54.54,88.8,37,56.74,46.54,10.66
2026-03-05T01:15:00Z,2026-03-05 01:15,2026-03-05 01:30,QH,25.2,29.21,21.7,33.24,77.7,16,25.08,54.73,-29.53
2026-03-05T01:30:00Z,2026-03-05 01:30,2026-03-05 01:45,QH,34.98,35.12,26.81,38.49,38.1,7,34.26,53.04,-18.06
2026-03-05T01:45:00Z,2026-03-05 01:45,2026-03-05 02:00,QH,30.41,30.49,28.26,32.46,54.5,9,29.73,49.79,-19.38
2026-03-05T02:00:00Z,2026-03-05 02:00,2026-03-05 02:15,QH,39.21,49.37,34.25,43.85,54.7,10,34.83,52.09,-12.89
2026-03-05T02:15:00Z,2026-03-05 02:15,2026-03-05 02:30,QH,56.58,62.69,55.11,63.03,106.6,19,55.76,47.83,8.75
2026-03-05T02:30:00Z,2026-03-05 02:30,2026-03-05 02:45,QH,46.18,47.71,42.81,48.19,100.4,16,45.72,58.4,-12.22
2026-03-05T02:45:00Z,2026-03-05 02:45,2026-03-05 03:00,QH,43.99,47.41,38.62,42.46,37.0,15,42.7,43.11,0.88
2026-03-05T03:00:00Z,2026-03-05 03:00,2026-03-05 03:15,QH,29.55,41.33,21.01,23.83,19.5,8,31.44,47.05,-17.5
2026-03-05T03:15:00Z,2026-03-05 03:15,2026-03-05 03:30,QH,40.28,41.13,34.42,37.81,103.4,26,39.76,48.05,-7.77
2026-03-05T03:30:00Z,2026-03-05 03:30,2026-03-05 03:45,QH,52.09,56.01,49.2,48.71,103.8,34,51.41,46.33,5.76
2026-03-05T03:45:00Z,2026-03-05 03:45,2026-03-05 04:00,QH,61.74,62.4,59.22,66.26,92.4,16,63.12,34.89,26.85
2026-03-05T04:00:00Z,2026-03-05 04:00,2026-03-05 04:15,QH,44.53,46.66,39.66,43.79,92.7,15,46.17,47.32,-2.79
2026-03-05T04:15:00Z,2026-03-05 04:15,2026-03-05 04:30,QH,39.6,46.29,37.48,42.87,105.0,47,39.03,49.55,-9.96
2026-03-05T04:30:00Z,2026-03-05 04:30,2026-03-05 04:45,QH,58.04,60.11,54.71,55.83,50.6,22,57.97,54.57,3.47
2026-03-05T04:45:00Z,2026-03-05 04:45,2026-03-05 05:00,QH,146.57,150.97,146.55,147.62,105.3,20,143.31,42.58,103.99
2026-03-05T05:00:00Z,2026-03-05 05:00,2026-03-05 05:15,QH,69.07,70.83,66.52,69.77,65.7,16,69.36,54.86,14.21
2026-03-05T05:15:00Z,2026-03-05 05:15,2026-03-05 05:30,QH,32.56,35.87,31.57,33.78,101.5,13,28.82,49.57,-17.01
2026-03-05T05:30:00Z,2026-03-05 05:30,2026-03-05 05:45,QH,47.47,51.9,45.03,48.13,88.7,42,46.48,43.16,4.31
2026-03-05T05:45:00Z,2026-03-05 05:45,2026-03-05 06:00,QH,64.33,68.43,62.35,68.81,93.1,30,66.21,47.83,16.5
2026-03-05T06:00:00Z,2026-03-05 06:00,2026-03-05 06:15,QH,43.8,45.33,41.26,42.71,51.3,18,45.99,53.4,-9.6
2026-03-05T06:15:00Z,2026-03-05 06:15,2026-03-05 06:30,QH,69.04,73.65,63.88,67.21,57.5,11,64.78,48.95,20.09
2026-03-05T06:30:00Z,2026-03-05 06:30,2026-03-05 06:45,QH,36.24,46.48,34.15,36.22,118.4,20,33.0,40.69,-4.44
2026-03-05T06:45:00Z,2026-03-05 06:45,2026-03-05 07:00,QH,54.56,58.93,52.54,52.54,123.9,34,54.09,50.53,4.03
2026-03-05T07:00:00Z,2026-03-05 07:00,2026-03-05 07:15,QH,85.98,88.04,85.57,89.64,78.0,11,87.58,79.49,6.49
2026-03-05T07:15:00Z,2026-03-05 07:15,2026-03-05 07:30,QH,88.1,91.05,88.09,89.27,83.7,22,90.02,82.23,5.87
2026-03-05T07:30:00Z,2026-03-05 07:30,2026-03-05 07:45,QH,78.98,89.52,76.5,78.0,28.0,4,81.49,85.55,-6.56
2026-03-05T07:45:00Z,2026-03-05 07:45,2026-03-05 08:00,QH,84.6,90.73,80.4,82.42,62.4,27,83.75,88.14,-3.54
2026-03-05T08:00:00Z,2026-03-05 08:00,2026-03-05 08:15,QH,79.71,82.48,74.49,80.5,39.8,13,77.8,89.48,-9.77
2026-03-05T08:15:00Z,2026-03-05 08:15,2026-03-05 08:30,QH,95.4,103.5,91.11,95.61,76.4,34,93.7,86.15,9.25
2026-03-05T08:30:00Z,2026-03-05 08:30,2026-03-05 08:45,QH,68.2,69.93,66.65,63.01,137.5,18,65.05,98.48,-30.28
2026-03-05T08:45:00Z,2026-03-05 08:45,2026-03-05 09:00,QH,95.6,99.82,90.42,99.37,10,3,95.96,86.33,9.26
2026-03-05T09:00:00Z,2026-03-05 09:00,2026-03-05 09:15,QH,64.62,65.26,55.76,66.94,44.5,8,64.05,93.0,-28.38
2026-03-05T09:15:00Z,2026-03-05 09:15,2026-03-05 09:30,QH,90.19,94.49,83.59,84.05,58.2,10,89.52,88.91,1.28
2026-03-05T09:30:00Z,2026-03-05 09:30,2026-03-05 09:45,QH,66.34,66.96,58.91,65.3,58.9,9,68.93,89.97,-23.63
2026-03-05T09:45:00Z,2026-03-05 09:45,2026-03-05 10:00,QH,92.25,96.61,86.31,90.78,29.1,4,91.93,89.75,2.5
2026-03-05T10:00:00Z,2026-03-05 10:00,2026-03-05 10:15,QH,70.36,75.36,69.99,73.92,56.0,7,71.52,85.82,-15.46
2026-03-05T10:15:00Z,2026-03-05 10:15,2026-03-05 10:30,QH,106.65,110.85,98.39,107.07,110.1,44,107.7,96.14,10.51
2026-03-05T10:30:00Z,2026-03-05 10:30,2026-03-05 10:45,QH,86.98,96.39,86.75,92.31,81.4,29,85.59,97.68,-10.71
2026-03-05T10:45:00Z,2026-03-05 10:45,2026-03-05 11:00,QH,95.86,100.87,91.14,94.75,89.8,32,95.78,87.89,7.96
2026-03-05T11:00:00Z,2026-03-05 11:00,2026-03-05 11:15,QH,77.56,78.08,75.71,78.15,62.1,10,74.07,91.34,-13.78
2026-03-05T11:15:00Z,2026-03-05 11:15,2026-03-05 11:30,QH,104.21,106.61,100.68,105.93,51.2,9,105.64,90.22,13.99
2026-03-05T11:30:00Z,2026-03-05 11:30,2026-03-05 11:45,QH,91.59,97.19,87.44,92.34,90.9,41,92.29,86.51,5.08
2026-03-05T11:45:00Z,2026-03-05 11:45,2026-03-05 12:00,QH,94.34,103.25,87.79,94.82,92.1,28,92.57,92.61,1.73
2026-03-05T12:00:00Z,2026-03-05 12:00,2026-03-05 12:15,QH,111.13,113.27,106.82,112.68,110.8,15,109.25,91.23,19.9
2026-03-05T12:15:00Z,2026-03-05 12:15,2026-03-05 12:30,QH,86.34,86.71,81.77,84.63,72.8,16,89.12,90.01,-3.67
2026-03-05T12:30:00Z,2026-03-05 12:30,2026-03-05 12:45,QH,94.02,103.03,89.77,91.36,89.4,11,95.79,96.93,-2.91
2026-03-05T12:45:00Z,2026-03-05 12:45,2026-03-05 13:00,QH,93.11,101.84,90.49,96.59,121.5,27,91.0,99.14,-6.03
2026-03-05T13:00:00Z,2026-03-05 13:00,2026-03-05 13:15,QH,101.72,105.62,96.14,104.81,100.5,14,99.3,97.51,4.21
2026-03-05T13:15:00Z,2026-03-05 13:15,2026-03-05 13:30,QH,96.72,99.28,95.78,100.77,56.3,16,93.37,98.26,-1.54
2026-03-05T13:30:00Z,2026-03-05 13:30,2026-03-05 13:45,QH,84.93,89.16,82.62,82.49,66.6,11,84.19,93.27,-8.34
2026-03-05T13:45:00Z,2026-03-05 13:45,2026-03-05 14:00,QH,94.8,98.36,92.15,94.81,128.0,30,95.86,86.29,8.51
2026-03-05T14:00:00Z,2026-03-05 14:00,2026-03-05 14:15,QH,93.78,98.38,90.18,96.6,120.3,22,89.92,96.41,-2.63
2026-03-05T14:15:00Z,2026-03-05 14:15,2026-03-05 14:30,QH,102.39,110.95,101.93,96.33,94.7,14,105.95,87.51,14.88
2026-03-05T14:30:00Z,2026-03-05 14:30,2026-03-05 14:45,QH,105.88,106.43,98.3,105.2,104.3,29,103.09,91.51,14.37
2026-03-05T14:45:00Z,2026-03-05 14:45,2026-03-05 15:00,QH,111.63,114.61,110.54,111.87,10,3,110.75,94.23,17.41
2026-03-05T15:00:00Z,2026-03-05 15:00,2026-03-05 15:15,QH,83.87,86.01,77.79,84.91,72.4,20,79.36,92.25,-8.39
2026-03-05T15:15:00Z,2026-03-05 15:15,2026-03-05 15:30,QH,87.99,90.35,81.65,84.77,55.3,19,87.87,90.15,-2.16
2026-03-05T15:30:00Z,2026-03-05 15:30,2026-03-05 15:45,QH,97.62,97.99,96.95,97.63,74.1,16,96.21,93.06,4.56
2026-03-05T15:45:00Z,2026-03-05 15:45,2026-03-05 16:00,QH,78.36,80.54,76.83,78.75,87.2,18,80.65,94.43,-16.07
2026-03-05T16:00:00Z,2026-03-05 16:00,2026-03-05 16:15,QH,78.69,79.99,75.56,77.2,68.5,20,80.99,99.42,-20.73
2026-03-05T16:15:00Z,2026-03-05 16:15,2026-03-05 16:30,QH,86.95,88.66,86.16,85.6,30.2,3,86.26,84.19,2.76
2026-03-05T16:30:00Z,2026-03-05 16:30,2026-03-05 16:45,QH,95.63,96.51,87.99,99.14,128.4,16,95.02,90.23,5.4
2026-03-05T16:45:00Z,2026-03-05 16:45,2026-03-05 17:00,QH,92.59,100.44,87.31,89.31,121.9,17,94.51,96.92,-4.32
2026-03-05T17:00:00Z,2026-03-05 17:00,2026-03-05 17:15,QH,75.19,88.53,74.22,71.4,120.6,16,75.39,91.14,-15.96
2026-03-05T17:15:00Z,2026-03-05 17:15,2026-03-05 17:30,QH,81.89,82.11,78.92,83.19,76.3,24,78.25,83.8,-1.91
2026-03-05T17:30:00Z,2026-03-05 17:30,2026-03-05 17:45,QH,96.42,104.47,89.62,91.28,90.4,11,97.9,85.11,11.31
2026-03-05T17:45:00Z,2026-03-05 17:45,2026-03-05 18:00,QH,78.07,79.84,77.31,79.06,57.3,8,75.91,82.94,-4.86
2026-03-05T18:00:00Z,2026-03-05 18:00,2026-03-05 18:15,QH,73.8,75.19,71.57,71.71,101.8,29,71.01,87.94,-14.14
2026-03-05T18:15:00Z,2026-03-05 18:15,2026-03-05 18:30,QH,79.1,82.05,78.05,83.53,102.2,12,80.56,89.96,-10.86
2026-03-05T18:30:00Z,2026-03-05 18:30,2026-03-05 18:45,QH,95.15,105.61,88.86,92.76,12.9,3,96.53,87.47,7.68
2026-03-05T18:45:00Z,2026-03-05 18:45,2026-03-05 19:00,QH,97.23,101.85,93.9,97.79,87.0,16,100.67,87.84,9.39
2026-03-05T19:00:00Z,2026-03-05 19:00,2026-03-05 19:15,QH,81.42,82.95,75.22,81.43,102.6,14,82.7,89.71,-8.28
2026-03-05T19:15:00Z,2026-03-05 19:15,2026-03-05 19:30,QH,88.66,91.21,88.2,90.94,136.7,18,86.57,80.46,8.2
2026-03-05T19:30:00Z,2026-03-05 19:30,2026-03-05 19:45,QH,13.26,14.77,2.48,17.05,69.2,12,14.19,81.64,-68.38
2026-03-05T19:45:00Z,2026-03-05 19:45,2026-03-05 20:00,QH,29.82,31.89,25.3,33.85,127.0,19,30.36,89.33,-59.52
2026-03-05T20:00:00Z,2026-03-05 20:00,2026-03-05 20:15,QH,51.57,55.51,50.29,53.79,66.4,17,50.83,41.73,9.84
2026-03-05T20:15:00Z,2026-03-05 20:15,2026-03-05 20:30,QH,53.31,58.66,46.66,52.19,67.9,11,51.39,52.9,0.41
2026-03-05T20:30:00Z,2026-03-05 20:30,2026-03-05 20:45,QH,47.74,53.37,42.34,47.16,76.2,22,47.23,43.58,4.16
2026-03-05T20:45:00Z,2026-03-05 20:45,2026-03-05 21:00,QH,62.46,69.21,60.28,60.57,56.0,12,60.08,42.78,19.67
2026-03-05T21:00:00Z,2026-03-05 21:00,2026-03-05 21:15,QH,74.66,75.22,72.57,77.47,80.3,32,73.15,43.11,31.56
2026-03-05T21:15:00Z,2026-03-05 21:15,2026-03-05 21:30,QH,51.01,52.15,47.63,53.04,126.8,48,49.91,44.59,6.41
2026-03-05T21:30:00Z,2026-03-05 21:30,2026-03-05 21:45,QH,53.43,60.58,52.6,50.85,38.2,7,50.64,46.19,7.24
2026-03-05T21:45:00Z,2026-03-05 21:45,2026-03-05 22:00,QH,74.6,74.76,72.23,72.57,89.1,25,72.22,47.1,27.5
2026-03-05T22:00:00Z,2026-03-05 22:00,2026-03-05 22:15,QH,67.93,74.39,66.78,66.47,122.4,26,65.63,51.69,16.25
2026-03-05T22:15:00Z,2026-03-05 22:15,2026-03-05 22:30,QH,57.35,61.96,48.92,59.87,79.2,16,55.83,53.47,3.88
2026-03-05T22:30:00Z,2026-03-05 22:30,2026-03-05 22:45,QH,59.96,64.5,53.77,60.9,98.9,35,56.18,43.14,16.82
2026-03-05T22:45:00Z,2026-03-05 22:45,2026-03-05 23:00,QH,51.59,53.48,44.21,53.53,63.9,15,52.08,45.53,6.07
2026-03-05T23:00:00Z,2026-03-05 23:00,2026-03-05 23:15,QH,57.48,59.64,53.15,56.8,68.3,31,57.38,49.0,8.48
2026-03-05T23:15:00Z,2026-03-05 23:15,2026-03-05 23:30,QH,44.47,47.4,44.42,42.24,88.3,11,42.5,48.57,-4.11
2026-03-05T23:30:00Z,2026-03-05 23:30,2026-03-05 23:45,QH,42.74,47.44,40.67,45.34,91.6,18,41.95,52.84,-10.1
2026-03-05T23:45:00Z,2026-03-05 23:45,2026-03-06 00:00,QH,56.88,57.87,55.41,57.17,110.0,37,58.71,40.56,16.32
2026-03-06T00:00:00Z,2026-03-06 00:00,2026-03-06 00:15,QH,68.32,72.43,63.81,69.15,103.3,26,70.16,58.0,10.32
2026-03-06T00:15:00Z,2026-03-06 00:15,2026-03-06 00:30,QH,72.52,74.84,70.61,70.76,83.4,11,70.82,60.59,11.93
2026-03-06T00:30:00Z,2026-03-06 00:30,2026-03-06 00:45,QH,63.22,68.01,60.42,65.74,25.5,3,61.36,64.3,-1.08
2026-03-06T00:45:00Z,2026-03-06 00:45,2026-03-06 01:00,QH,55.32,57.42,52.92,53.45,109.1,24,60.81,63.91,-8.59
2026-03-06T01:00:00Z,2026-03-06 01:00,2026-03-06 01:15,QH,48.76,59.54,46.34,51.54,44.0,8,48.59,63.41,-14.65
2026-03-06T01:15:00Z,2026-03-06 01:15,2026-03-06 01:30,QH,61.58,70.09,56.4,58.3,105.7,16,60.86,56.64,4.94
2026-03-06T01:30:00Z,2026-03-06 01:30,2026-03-06 01:45,QH,65.81,69.48,58.34,65.18,123.1,44,65.61,71.16,-5.35
2026-03-06T01:45:00Z,2026-03-06 01:45,2026-03-06 02:00,QH,48.45,60.01,39.64,43.24,125.4,18,50.62,58.22,-9.77
2026-03-06T02:00:00Z,2026-03-06 02:00,2026-03-06 02:15,QH,55.67,62.38,54.92,55.33,149.8,20,55.24,62.19,-6.52
2026-03-06T02:15:00Z,2026-03-06 02:15,2026-03-06 02:30,QH,37.07,40.13,35.11,37.96,135.0,28,41.04,61.53,-24.46
2026-03-06T02:30:00Z,2026-03-06 02:30,2026-03-06 02:45,QH,60.88,64.23,59.53,58.06,122.4,16,59.3,54.11,6.77
2026-03-06T02:45:00Z,2026-03-06 02:45,2026-03-06 03:00,QH,68.14,70.91,63.16,66.73,79.2,10,69.5,61.16,6.98
2026-03-06T03:00:00Z,2026-03-06 03:00,2026-03-06 03:15,QH,55.44,59.66,53.33,52.61,63.9,15,54.21,55.46,-0.02
2026-03-06T03:15:00Z,2026-03-06 03:15,2026-03-06 03:30,QH,70.62,76.2,63.69,72.54,55.9,22,71.16,53.67,16.95
2026-03-06T03:30:00Z,2026-03-06 03:30,2026-03-06 03:45,QH,53.33,59.0,50.82,53.47,56.0,7,53.48,64.91,-11.58
2026-03-06T03:45:00Z,2026-03-06 03:45,2026-03-06 04:00,QH,78.82,89.39,72.0,82.65,75.4,9,80.19,52.66,26.16
2026-03-06T04:00:00Z,2026-03-06 04:00,2026-03-06 04:15,QH,69.5,76.43,69.21,68.21,92.4,21,65.24,60.07,9.43
2026-03-06T04:15:00Z,2026-03-06 04:15,2026-03-06 04:30,QH,48.35,50.49,48.07,45.26,39.1,10,49.61,65.33,-16.98
2026-03-06T04:30:00Z,2026-03-06 04:30,2026-03-06 04:45,QH,48.99,55.43,39.37,48.18,117.6,57,51.52,59.46,-10.47
2026-03-06T04:45:00Z,2026-03-06 04:45,2026-03-06 05:00,QH,53.7,57.25,43.78,53.76,57.8,15,51.37,61.11,-7.41
2026-03-06T05:00:00Z,2026-03-06 05:00,2026-03-06 05:15,QH,52.82,57.73,48.69,48.71,70.8,9,52.81,61.71,-8.89
2026-03-06T05:15:00Z,2026-03-06 05:15,2026-03-06 05:30,QH,57.39,62.59,49.25,53.33,53.8,9,57.56,63.85,-6.46
2026-03-06T05:30:00Z,2026-03-06 05:30,2026-03-06 05:45,QH,43.5,46.73,42.34,41.9,91.0,14,46.05,68.82,-25.32
2026-03-06T05:45:00Z,2026-03-06 05:45,2026-03-06 06:00,QH,81.73,84.93,79.94,82.11,110.3,16,79.27,59.38,22.35
2026-03-06T06:00:00Z,2026-03-06 06:00,2026-03-06 06:15,QH,66.88,71.09,66.1,66.04,88.3,35,65.28,63.68,3.21
2026-03-06T06:15:00Z,2026-03-06 06:15,2026-03-06 06:30,QH,53.43,60.83,49.36,58.55,65.0,28,52.29,62.96,-9.53
2026-03-06T06:30:00Z,2026-03-06 06:30,2026-03-06 06:45,QH,55.61,59.41,49.75,58.36,102.7,14,53.8,60.02,-4.41
2026-03-06T06:45:00Z,2026-03-06 06:45,2026-03-06 07:00,QH,65.02,73.06,56.27,64.98,71.0,17,63.05,59.67,5.35
2026-03-06T07:00:00Z,2026-03-06 07:00,2026-03-06 07:15,QH,98.1,107.35,89.18,94.04,47.7,6,98.02,88.56,9.54
2026-03-06T07:15:00Z,2026-03-06 07:15,2026-03-06 07:30,QH,108.17,112.04,104.97,108.98,86.4,15,107.29,95.6,12.57
2026-03-06T07:30:00Z,2026-03-06 07:30,2026-03-06 07:45,QH,112.46,121.32,110.38,104.84,45.4,6,111.38,94.03,18.44
2026-03-06T07:45:00Z,2026-03-06 07:45,2026-03-06 08:00,QH,98.23,106.95,87.7,96.54,71.1,9,96.91,91.84,6.39
2026-03-06T08:00:00Z,2026-03-06 08:00,2026-03-06 08:15,QH,106.11,108.61,102.42,105.25,103.0,37,108.36,102.85,3.25
2026-03-06T08:15:00Z,2026-03-06 08:15,2026-03-06 08:30,QH,95.33,101.21,94.28,95.61,29.9,8,96.21,94.96,0.38
2026-03-06T08:30:00Z,2026-03-06 08:30,2026-03-06 08:45,QH,121.66,121.8,118.01,127.72,49.2,6,120.48,107.39,14.26
2026-03-06T08:45:00Z,2026-03-06 08:45,2026-03-06 09:00,QH,100.61,100.66,96.26,101.0,75.8,12,101.25,89.95,10.66
2026-03-06T09:00:00Z,2026-03-06 09:00,2026-03-06 09:15,QH,118.96,125.65,117.55,118.09,92.4,26,114.22,111.39,7.57
2026-03-06T09:15:00Z,2026-03-06 09:15,2026-03-06 09:30,QH,105.7,105.71,101.01,107.67,106.9,17,107.0,106.24,-0.53
2026-03-06T09:30:00Z,2026-03-06 09:30,2026-03-06 09:45,QH,100.46,107.32,94.15,95.98,101.4,22,103.57,107.09,-6.63
2026-03-06T09:45:00Z,2026-03-06 09:45,2026-03-06 10:00,QH,86.41,87.2,83.88,81.37,82.3,12,87.57,103.43,-17.02
2026-03-06T10:00:00Z,2026-03-06 10:00,2026-03-06 10:15,QH,104.22,105.53,100.96,102.09,94.5,20,107.12,95.04,9.19
2026-03-06T10:15:00Z,2026-03-06 10:15,2026-03-06 10:30,QH,79.38,84.31,73.45,77.42,10,3,80.51,108.65,-29.27
2026-03-06T10:30:00Z,2026-03-06 10:30,2026-03-06 10:45,QH,109.92,110.23,108.83,107.56,35.5,10,113.16,99.51,10.41
2026-03-06T10:45:00Z,2026-03-06 10:45,2026-03-06 11:00,QH,110.55,119.66,102.8,104.64,117.9,17,113.88,91.2,19.36
2026-03-06T11:00:00Z,2026-03-06 11:00,2026-03-06 11:15,QH,100.35,101.88,95.26,96.16,117.6,26,98.44,104.4,-4.05
2026-03-06T11:15:00Z,2026-03-06 11:15,2026-03-06 11:30,QH,92.03,97.3,92.0,95.43,21.5,8,93.06,116.1,-24.07
2026-03-06T11:30:00Z,2026-03-06 11:30,2026-03-06 11:45,QH,128.49,128.94,124.91,130.2,136.6,44,127.7,106.96,21.53
2026-03-06T11:45:00Z,2026-03-06 11:45,2026-03-06 12:00,QH,109.34,112.84,108.8,111.31,82.6,17,112.0,94.95,14.39
2026-03-06T12:00:00Z,2026-03-06 12:00,2026-03-06 12:15,QH,100.25,109.02,92.73,99.82,54.6,26,100.92,102.11,-1.86
2026-03-06T12:15:00Z,2026-03-06 12:15,2026-03-06 12:30,QH,84.1,90.39,82.71,78.37,94.1,22,82.46,102.19,-18.09
2026-03-06T12:30:00Z,2026-03-06 12:30,2026-03-06 12:45,QH,101.59,103.05,98.6,106.65,75.1,17,99.82,95.61,5.98
2026-03-06T12:45:00Z,2026-03-06 12:45,2026-03-06 13:00,QH,128.23,129.58,123.05,122.3,54.4,10,125.36,102.13,26.1
2026-03-06T13:00:00Z,2026-03-06 13:00,2026-03-06 13:15,QH,100.73,102.92,97.24,101.5,132.3,36,98.43,110.32,-9.59
2026-03-06T13:15:00Z,2026-03-06 13:15,2026-03-06 13:30,QH,108.0,108.37,103.72,106.16,81.1,10,109.72,106.17,1.83
2026-03-06T13:30:00Z,2026-03-06 13:30,2026-03-06 13:45,QH,105.85,107.84,105.33,102.41,60.6,15,108.96,102.34,3.51
2026-03-06T13:45:00Z,2026-03-06 13:45,2026-03-06 14:00,QH,109.62,113.67,106.93,109.48,39.0,9,109.26,100.37,9.25
2026-03-06T14:00:00Z,2026-03-06 14:00,2026-03-06 14:15,QH,101.77,102.18,98.2,99.2,83.6,33,102.42,101.4,0.37
2026-03-06T14:15:00Z,2026-03-06 14:15,2026-03-06 14:30,QH,112.05,117.16,105.37,110.24,131.6,22,112.6,102.8,9.26
2026-03-06T14:30:00Z,2026-03-06 14:30,2026-03-06 14:45,QH,103.6,109.75,94.85,99.83,94.4,40,103.64,106.06,-2.46
2026-03-06T14:45:00Z,2026-03-06 14:45,2026-03-06 15:00,QH,113.02,116.19,112.49,119.13,103.9,17,110.65,98.75,14.27
2026-03-06T15:00:00Z,2026-03-06 15:00,2026-03-06 15:15,QH,114.37,115.22,105.25,118.46,96.6,35,114.45,96.17,18.2
2026-03-06T15:15:00Z,2026-03-06 15:15,2026-03-06 15:30,QH,120.07,122.55,115.52,115.45,69.6,15,121.15,100.91,19.16
2026-03-06T15:30:00Z,2026-03-06 15:30,2026-03-06 15:45,QH,93.3,97.62,84.01,98.45,14.3,3,92.74,108.52,-15.22
2026-03-06T15:45:00Z,2026-03-06 15:45,2026-03-06 16:00,QH,109.98,111.47,108.28,110.53,119.0,27,107.61,99.66,10.31
2026-03-06T16:00:00Z,2026-03-06 16:00,2026-03-06 16:15,QH,114.28,116.46,108.36,117.61,106.4,51,116.1,112.66,1.62
2026-03-06T16:15:00Z,2026-03-06 16:15,2026-03-06 16:30,QH,96.99,103.77,93.27,94.81,67.5,12,97.01,101.78,-4.79
2026-03-06T16:30:00Z,2026-03-06 16:30,2026-03-06 16:45,QH,106.07,107.45,99.16,103.7,42.7,13,108.07,95.16,10.91
2026-03-06T16:45:00Z,2026-03-06 16:45,2026-03-06 17:00,QH,107.84,112.84,101.54,105.65,73.5,15,108.83,105.5,2.34
2026-03-06T17:00:00Z,2026-03-06 17:00,2026-03-06 17:15,QH,51.52,55.66,47.57,53.72,104.9,17,53.28,104.21,-52.69
2026-03-06T17:15:00Z,2026-03-06 17:15,2026-03-06 17:30,QH,116.39,120.12,112.54,113.93,93.2,13,114.3,105.12,11.28
2026-03-06T17:30:00Z,2026-03-06 17:30,2026-03-06 17:45,QH,79.18,86.48,77.45,83.61,80.4,29,75.96,92.97,-13.79
2026-03-06T17:45:00Z,2026-03-06 17:45,2026-03-06 18:00,QH,101.65,105.63,98.98,95.69,103.1,28,100.11,101.78,-0.13
2026-03-06T18:00:00Z,2026-03-06 18:00,2026-03-06 18:15,QH,102.45,104.4,100.94,103.14,51.3,13,103.19,95.06,7.39
2026-03-06T18:15:00Z,2026-03-06 18:15,2026-03-06 18:30,QH,90.7,94.29,89.04,89.08,111.0,14,92.89,100.82,-10.12
2026-03-06T18:30:00Z,2026-03-06 18:30,2026-03-06 18:45,QH,97.25,103.45,85.28,98.18,10,3,97.57,103.72,-6.47
2026-03-06T18:45:00Z,2026-03-06 18:45,2026-03-06 19:00,QH,104.74,109.39,99.7,107.66,63.4,12,106.49,88.02,16.72
2026-03-06T19:00:00Z,2026-03-06 19:00,2026-03-06 19:15,QH,101.95,105.51,94.25,102.47,53.3,16,101.1,102.43,-0.48
2026-03-06T19:15:00Z,2026-03-06 19:15,2026-03-06 19:30,QH,88.95,97.84,88.48,87.59,110.9,17,88.68,95.01,-6.06
2026-03-06T19:30:00Z,2026-03-06 19:30,2026-03-06 19:45,QH,92.81,96.11,87.9,90.89,96.4,46,90.51,99.32,-6.51
2026-03-06T19:45:00Z,2026-03-06 19:45,2026-03-06 20:00,QH,93.19,94.62,86.52,96.98,121.8,38,95.59,98.68,-5.49
2026-03-06T20:00:00Z,2026-03-06 20:00,2026-03-06 20:15,QH,66.86,68.71,65.86,67.4,58.1,14,68.78,60.9,5.96
2026-03-06T20:15:00Z,2026-03-06 20:15,2026-03-06 20:30,QH,68.83,72.06,63.11,65.94,83.5,16,68.52,51.66,17.17
2026-03-06T20:30:00Z,2026-03-06 20:30,2026-03-06 20:45,QH,64.58,70.6,54.36,68.87,44.9,21,63.5,67.51,-2.92
2026-03-06T20:45:00Z,2026-03-06 20:45,2026-03-06 21:00,QH,56.06,57.16,55.67,57.19,50.1,10,57.2,61.83,-5.78
2026-03-06T21:00:00Z,2026-03-06 21:00,2026-03-06 21:15,QH,64.52,69.27,62.84,63.8,101.0,16,64.83,55.91,8.61
2026-03-06T21:15:00Z,2026-03-06 21:15,2026-03-06 21:30,QH,74.97,77.06,69.16,71.12,91.5,13,75.85,58.99,15.98
2026-03-06T21:30:00Z,2026-03-06 21:30,2026-03-06 21:45,QH,152.74,155.28,151.0,159.08,44.8,7,150.5,68.36,84.37
2026-03-06T21:45:00Z,2026-03-06 21:45,2026-03-06 22:00,QH,62.07,62.49,54.17,60.54,106.8,15,61.15,58.76,3.31
2026-03-06T22:00:00Z,2026-03-06 22:00,2026-03-06 22:15,QH,56.17,58.68,51.39,58.83,105.3,15,59.73,58.53,-2.36
2026-03-06T22:15:00Z,2026-03-06 22:15,2026-03-06 22:30,QH,69.75,72.43,64.15,61.02,98.4,19,69.37,69.94,-0.19
2026-03-06T22:30:00Z,2026-03-06 22:30,2026-03-06 22:45,QH,67.9,73.73,65.64,65.81,77.2,20,66.67,70.16,-2.26
2026-03-06T22:45:00Z,2026-03-06 22:45,2026-03-06 23:00,QH,62.73,64.83,57.25,62.08,96.1,16,62.16,63.58,-0.84
2026-03-06T23:00:00Z,2026-03-06 23:00,2026-03-06 23:15,QH,56.0,59.64,54.94,56.57,85.6,23,53.75,66.39,-10.4
2026-03-06T23:15:00Z,2026-03-06 23:15,2026-03-06 23:30,QH,79.83,81.6,75.3,76.66,52.5,13,79.99,57.49,22.34
2026-03-06T23:30:00Z,2026-03-06 23:30,2026-03-06 23:45,QH,59.66,66.19,58.57,64.16,65.9,13,61.49,61.86,-2.2
2026-03-06T23:45:00Z,2026-03-06 23:45,2026-03-07 00:00,QH,80.87,82.96,77.59,81.17,10,3,85.47,52.38,28.48
2026-03-07T00:00:00Z,2026-03-07 00:00,2026-03-07 00:15,QH,36.75,38.85,34.89,37.66,126.1,23,36.57,58.54,-21.79
2026-03-07T00:15:00Z,2026-03-07 00:15,2026-03-07 00:30,QH,59.92,59.98,50.57,58.59,73.0,14,60.79,44.58,15.34
2026-03-07T00:30:00Z,2026-03-07 00:30,2026-03-07 00:45,QH,40.39,47.55,38.45,42.52,95.1,17,38.15,55.98,-15.6
2026-03-07T00:45:00Z,2026-03-07 00:45,2026-03-07 01:00,QH,56.41,57.34,54.42,58.06,64.6,9,56.98,51.42,4.99
2026-03-07T01:00:00Z,2026-03-07 01:00,2026-03-07 01:15,QH,39.94,42.55,37.24,40.6,59.8,29,40.75,49.75,-9.81
2026-03-07T01:15:00Z,2026-03-07 01:15,2026-03-07 01:30,QH,41.16,45.43,40.72,41.38,152.2,51,38.76,51.7,-10.54
2026-03-07T01:30:00Z,2026-03-07 01:30,2026-03-07 01:45,QH,53.04,62.39,45.44,56.31,101.3,19,51.07,51.98,1.07
2026-03-07T01:45:00Z,2026-03-07 01:45,2026-03-07 02:00,QH,32.75,41.04,31.64,35.49,82.4,15,30.01,41.44,-8.69
2026-03-07T02:00:00Z,2026-03-07 02:00,2026-03-07 02:15,QH,61.38,69.45,59.97,68.42,81.3,13,57.77,41.63,19.75
2026-03-07T02:15:00Z,2026-03-07 02:15,2026-03-07 02:30,QH,27.11,28.59,12.67,23.5,120.1,26,28.74,50.66,-23.56
2026-03-07T02:30:00Z,2026-03-07 02:30,2026-03-07 02:45,QH,45.67,51.23,41.86,44.03,87.4,12,46.55,51.72,-6.05
2026-03-07T02:45:00Z,2026-03-07 02:45,2026-03-07 03:00,QH,43.97,44.65,41.43,41.86,82.2,10,38.98,48.36,-4.39
2026-03-07T03:00:00Z,2026-03-07 03:00,2026-03-07 03:15,QH,34.09,34.65,27.53,36.26,106.6,15,35.09,57.77,-23.68
2026-03-07T03:15:00Z,2026-03-07 03:15,2026-03-07 03:30,QH,60.4,65.68,59.06,64.14,110.7,14,58.05,49.07,11.33
2026-03-07T03:30:00Z,2026-03-07 03:30,2026-03-07 03:45,QH,30.38,31.13,24.98,35.92,76.0,11,31.25,47.44,-17.06
2026-03-07T03:45:00Z,2026-03-07 03:45,2026-03-07 04:00,QH,53.98,57.76,49.67,50.77,96.4,27,54.9,49.44,4.54
2026-03-07T04:00:00Z,2026-03-07 04:00,2026-03-07 04:15,QH,187.15,187.82,182.83,186.12,60.5,14,189.92,41.37,145.78
2026-03-07T04:15:00Z,2026-03-07 04:15,2026-03-07 04:30,QH,46.34,55.92,37.49,48.81,86.5,12,45.12,45.48,0.85
2026-03-07T04:30:00Z,2026-03-07 04:30,2026-03-07 04:45,QH,48.32,53.02,46.92,43.07,52.0,8,49.58,48.4,-0.08
2026-03-07T04:45:00Z,2026-03-07 04:45,2026-03-07 05:00,QH,55.94,64.26,54.38,60.83,68.1,15,52.6,56.55,-0.61
2026-03-07T05:00:00Z,2026-03-07 05:00,2026-03-07 05:15,QH,49.48,51.67,45.52,49.55,87.7,17,54.63,50.31,-0.83
2026-03-07T05:15:00Z,2026-03-07 05:15,2026-03-07 05:30,QH,48.2,57.79,46.89,45.87,103.1,49,48.79,51.12,-2.92
2026-03-07T05:30:00Z,2026-03-07 05:30,2026-03-07 05:45,QH,44.15,47.56,42.73,39.03,46.7,9,44.33,50.9,-6.75
2026-03-07T05:45:00Z,2026-03-07 05:45,2026-03-07 06:00,QH,67.23,71.34,63.28,69.6,39.7,13,69.75,56.41,10.82
2026-03-07T06:00:00Z,2026-03-07 06:00,2026-03-07 06:15,QH,32.53,33.37,28.84,27.69,114.3,16,34.37,52.68,-20.15
2026-03-07T06:15:00Z,2026-03-07 06:15,2026-03-07 06:30,QH,46.3,47.51,44.33,48.29,74.2,10,48.63,46.89,-0.59
2026-03-07T06:30:00Z,2026-03-07 06:30,2026-03-07 06:45,QH,60.63,62.33,56.48,60.76,62.2,21,59.88,59.43,1.2
2026-03-07T06:45:00Z,2026-03-07 06:45,2026-03-07 07:00,QH,56.59,67.84,49.91,59.52,87.7,20,58.31,49.96,6.63
2026-03-07T07:00:00Z,2026-03-07 07:00,2026-03-07 07:15,QH,58.08,64.67,55.67,55.96,151.0,38,57.17,83.86,-25.78
2026-03-07T07:15:00Z,2026-03-07 07:15,2026-03-07 07:30,QH,118.16,121.59,109.17,114.42,95.8,16,121.74,85.01,33.15
2026-03-07T07:30:00Z,2026-03-07 07:30,2026-03-07 07:45,QH,84.96,90.92,82.11,84.43,137.8,19,88.59,75.01,9.95
2026-03-07T07:45:00Z,2026-03-07 07:45,2026-03-07 08:00,QH,80.23,87.2,75.11,77.46,63.6,12,78.29,81.92,-1.68
2026-03-07T08:00:00Z,2026-03-07 08:00,2026-03-07 08:15,QH,99.62,100.61,99.46,98.02,93.9,22,98.06,87.59,12.03
2026-03-07T08:15:00Z,2026-03-07 08:15,2026-03-07 08:30,QH,106.73,110.86,98.57,100.8,26.5,4,109.14,93.02,13.71
2026-03-07T08:30:00Z,2026-03-07 08:30,2026-03-07 08:45,QH,63.4,63.49,61.65,65.16,11.7,3,62.3,87.94,-24.54
2026-03-07T08:45:00Z,2026-03-07 08:45,2026-03-07 09:00,QH,95.96,97.36,89.78,95.7,71.4,23,95.87,89.69,6.27
2026-03-07T09:00:00Z,2026-03-07 09:00,2026-03-07 09:15,QH,90.89,92.92,85.87,86.15,86.2,26,90.81,93.36,-2.47
2026-03-07T09:15:00Z,2026-03-07 09:15,2026-03-07 09:30,QH,75.01,78.04,66.21,77.01,107.6,16,76.76,84.96,-9.95
2026-03-07T09:30:00Z,2026-03-07 09:30,2026-03-07 09:45,QH,76.91,85.76,70.44,77.56,41.9,9,76.04,91.24,-14.33
2026-03-07T09:45:00Z,2026-03-07 09:45,2026-03-07 10:00,QH,81.99,85.06,80.71,85.18,73.9,18,82.65,91.07,-9.08
2026-03-07T10:00:00Z,2026-03-07 10:00,2026-03-07 10:15,QH,92.11,95.69,85.37,95.26,37.9,7,93.97,90.96,1.15
2026-03-07T10:15:00Z,2026-03-07 10:15,2026-03-07 10:30,QH,84.74,87.92,84.04,82.44,10,3,85.79,80.04,4.7
2026-03-07T10:30:00Z,2026-03-07 10:30,2026-03-07 10:45,QH,88.08,89.28,84.11,86.01,105.2,15,86.94,102.03,-13.94
2026-03-07T10:45:00Z,2026-03-07 10:45,2026-03-07 11:00,QH,85.98,86.93,84.3,81.86,77.7,17,85.64,87.53,-1.55
2026-03-07T11:00:00Z,2026-03-07 11:00,2026-03-07 11:15,QH,91.79,96.23,87.82,94.14,151.0,64,92.32,97.67,-5.89
2026-03-07T11:15:00Z,2026-03-07 11:15,2026-03-07 11:30,QH,112.87,117.27,107.75,111.55,79.9,15,116.79,80.21,32.66
2026-03-07T11:30:00Z,2026-03-07 11:30,2026-03-07 11:45,QH,123.73,135.27,115.78,127.01,105.3,18,120.33,78.54,45.19
2026-03-07T11:45:00Z,2026-03-07 11:45,2026-03-07 12:00,QH,77.41,80.52,73.66,79.87,57.9,11,80.61,91.87,-14.46
2026-03-07T12:00:00Z,2026-03-07 12:00,2026-03-07 12:15,QH,77.58,86.82,76.14,77.56,40.4,19,75.05,96.8,-19.21
2026-03-07T12:15:00Z,2026-03-07 12:15,2026-03-07 12:30,QH,82.51,87.07,81.78,79.71,69.7,12,79.09,87.28,-4.77
2026-03-07T12:30:00Z,2026-03-07 12:30,2026-03-07 12:45,QH,95.62,98.38,90.69,92.7,69.3,10,94.19,102.67,-7.04
2026-03-07T12:45:00Z,2026-03-07 12:45,2026-03-07 13:00,QH,102.09,102.14,100.26,102.81,42.6,7,100.26,82.37,19.72
2026-03-07T13:00:00Z,2026-03-07 13:00,2026-03-07 13:15,QH,71.49,75.82,67.6,75.0,94.1,39,71.49,92.29,-20.8
2026-03-07T13:15:00Z,2026-03-07 13:15,2026-03-07 13:30,QH,90.44,93.46,88.17,89.45,27.8,3,93.82,96.36,-5.92
2026-03-07T13:30:00Z,2026-03-07 13:30,2026-03-07 13:45,QH,81.43,87.63,75.34,86.06,84.7,11,79.6,87.42,-5.99
2026-03-07T13:45:00Z,2026-03-07 13:45,2026-03-07 14:00,QH,61.84,64.35,59.4,64.18,91.1,12,61.16,89.25,-27.41
2026-03-07T14:00:00Z,2026-03-07 14:00,2026-03-07 14:15,QH,89.69,103.76,88.12,88.65,115.6,20,89.39,83.8,5.89
2026-03-07T14:15:00Z,2026-03-07 14:15,2026-03-07 14:30,QH,84.32,84.93,80.26,86.81,61.0,10,80.31,100.23,-15.91
2026-03-07T14:30:00Z,2026-03-07 14:30,2026-03-07 14:45,QH,111.29,116.43,106.72,112.83,61.5,13,111.27,90.68,20.61
2026-03-07T14:45:00Z,2026-03-07 14:45,2026-03-07 15:00,QH,89.06,94.36,81.96,85.74,51.5,15,90.17,99.46,-10.4
2026-03-07T15:00:00Z,2026-03-07 15:00,2026-03-07 15:15,QH,77.38,92.4,75.94,78.17,42.5,8,77.78,97.87,-20.49
2026-03-07T15:15:00Z,2026-03-07 15:15,2026-03-07 15:30,QH,94.02,94.24,86.59,93.35,73.2,36,94.62,82.31,11.71
2026-03-07T15:30:00Z,2026-03-07 15:30,2026-03-07 15:45,QH,86.49,96.33,84.85,86.59,74.7,17,83.11,85.58,0.91
2026-03-07T15:45:00Z,2026-03-07 15:45,2026-03-07 16:00,QH,92.23,92.38,85.64,93.15,59.5,7,92.25,89.49,2.74
2026-03-07T16:00:00Z,2026-03-07 16:00,2026-03-07 16:15,QH,95.7,98.5,93.06,88.63,89.0,11,94.68,83.13,12.56
2026-03-07T16:15:00Z,2026-03-07 16:15,2026-03-07 16:30,QH,88.77,92.07,85.35,84.92,66.6,13,89.41,88.89,-0.12
2026-03-07T16:30:00Z,2026-03-07 16:30,2026-03-07 16:45,QH,82.27,91.51,71.86,84.61,66.1,14,76.94,91.21,-8.94
2026-03-07T16:45:00Z,2026-03-07 16:45,2026-03-07 17:00,QH,74.59,78.67,74.12,77.24,84.5,36,71.61,85.92,-11.32
2026-03-07T17:00:00Z,2026-03-07 17:00,2026-03-07 17:15,QH,80.54,85.6,69.88,81.76,136.2,18,85.12,85.98,-5.44
2026-03-07T17:15:00Z,2026-03-07 17:15,2026-03-07 17:30,QH,80.48,84.75,71.92,83.7,105.5,27,78.09,88.03,-7.55
2026-03-07T17:30:00Z,2026-03-07 17:30,2026-03-07 17:45,QH,94.08,94.71,92.16,91.77,73.7,15,96.39,90.15,3.93
2026-03-07T17:45:00Z,2026-03-07 17:45,2026-03-07 18:00,QH,92.06,99.36,84.69,95.73,125.3,57,91.41,90.46,1.6
2026-03-07T18:00:00Z,2026-03-07 18:00,2026-03-07 18:15,QH,100.18,101.51,97.84,103.99,98.2,46,102.08,82.74,17.44
2026-03-07T18:15:00Z,2026-03-07 18:15,2026-03-07 18:30,QH,85.84,90.09,84.82,89.25,60.7,26,85.2,88.79,-2.95
2026-03-07T18:30:00Z,2026-03-07 18:30,2026-03-07 18:45,QH,76.72,83.03,75.48,74.84,90.8,21,76.4,86.97,-10.25
2026-03-07T18:45:00Z,2026-03-07 18:45,2026-03-07 19:00,QH,102.81,111.71,100.9,102.77,97.5,23,103.24,93.31,9.5
2026-03-07T19:00:00Z,2026-03-07 19:00,2026-03-07 19:15,QH,93.41,96.89,88.96,95.01,58.9,16,91.51,90.94,2.47
2026-03-07T19:15:00Z,2026-03-07 19:15,2026-03-07 19:30,QH,84.96,89.05,80.75,84.66,108.9,14,87.36,96.43,-11.47
2026-03-07T19:30:00Z,2026-03-07 19:30,2026-03-07 19:45,QH,71.81,76.48,70.08,69.81,93.4,30,69.38,91.1,-19.29
2026-03-07T19:45:00Z,2026-03-07 19:45,2026-03-07 20:00,QH,75.3,76.54,72.65,77.37,69.3,9,77.71,73.96,1.34
2026-03-07T20:00:00Z,2026-03-07 20:00,2026-03-07 20:15,QH,62.41,68.42,57.78,64.11,13.1,3,62.93,57.34,5.06
2026-03-07T20:15:00Z,2026-03-07 20:15,2026-03-07 20:30,QH,43.51,46.29,40.83,47.71,93.0,28,41.43,46.56,-3.05
2026-03-07T20:30:00Z,2026-03-07 20:30,2026-03-07 20:45,QH,27.95,42.37,27.25,28.44,104.0,16,24.09,48.52,-20.56
2026-03-07T20:45:00Z,2026-03-07 20:45,2026-03-07 21:00,QH,70.46,78.37,69.75,67.62,96.8,13,69.44,54.85,15.61
2026-03-07T21:00:00Z,2026-03-07 21:00,2026-03-07 21:15,QH,47.08,53.26,42.34,50.67,102.9,16,48.48,48.5,-1.42
2026-03-07T21:15:00Z,2026-03-07 21:15,2026-03-07 21:30,QH,56.62,61.93,54.08,54.16,75.1,16,56.53,49.15,7.47
2026-03-07T21:30:00Z,2026-03-07 21:30,2026-03-07 21:45,QH,42.59,44.54,39.64,41.67,113.7,23,38.19,48.07,-5.47
2026-03-07T21:45:00Z,2026-03-07 21:45,2026-03-07 22:00,QH,21.83,24.05,20.04,21.87,96.0,16,19.01,44.67,-22.84
2026-03-07T22:00:00Z,2026-03-07 22:00,2026-03-07 22:15,QH,43.15,53.97,38.05,48.28,125.1,41,44.23,53.01,-9.86
2026-03-07T22:15:00Z,2026-03-07 22:15,2026-03-07 22:30,QH,24.09,25.81,22.0,21.87,87.2,11,23.81,60.29,-36.2
2026-03-07T22:30:00Z,2026-03-07 22:30,2026-03-07 22:45,QH,58.07,63.56,57.48,59.35,88.9,14,57.44,46.45,11.62
2026-03-07T22:45:00Z,2026-03-07 22:45,2026-03-07 23:00,QH,51.42,53.13,46.07,50.92,54.8,14,49.16,53.34,-1.92
2026-03-07T23:00:00Z,2026-03-07 23:00,2026-03-07 23:15,QH,53.06,56.05,49.58,49.13,104.0,15,56.03,43.58,9.48
2026-03-07T23:15:00Z,2026-03-07 23:15,2026-03-07 23:30,QH,46.56,58.25,45.97,43.96,55.9,13,49.69,56.16,-9.6
2026-03-07T23:30:00Z,2026-03-07 23:30,2026-03-07 23:45,QH,61.27,70.91,61.19,64.59,117.5,33,63.93,51.39,9.88
2026-03-07T23:45:00Z,2026-03-07 23:45,2026-03-08 00:00,QH,56.33,60.88,54.64,58.46,130.5,20,54.46,45.06,11.27
2026-03-08T00:00:00Z,2026-03-08 00:00,2026-03-08 00:15,QH,18.93,19.58,13.73,24.15,41.5,19,17.49,23.75,-4.82
2026-03-08T00:15:00Z,2026-03-08 00:15,2026-03-08 00:30,QH,19.92,25.26,18.1,19.48,52.0,8,19.96,21.09,-1.17
2026-03-08T00:30:00Z,2026-03-08 00:30,2026-03-08 00:45,QH,-21.64,-15.0,-22.14,-16.37,89.1,39,-20.01,18.99,-40.63
2026-03-08T00:45:00Z,2026-03-08 00:45,2026-03-08 01:00,QH,24.14,36.17,21.53,21.65,139.5,53,20.55,27.62,-3.47
2026-03-08T01:00:00Z,2026-03-08 01:00,2026-03-08 01:15,QH,13.6,14.84,13.17,14.46,77.1,11,13.01,20.82,-7.22
2026-03-08T01:15:00Z,2026-03-08 01:15,2026-03-08 01:30,QH,16.23,21.15,12.45,16.44,98.0,20,17.87,37.3,-21.07
2026-03-08T01:30:00Z,2026-03-08 01:30,2026-03-08 01:45,QH,12.8,15.42,11.54,10.9,91.1,27,14.42,24.33,-11.53
2026-03-08T01:45:00Z,2026-03-08 01:45,2026-03-08 02:00,QH,-40.76,-39.23,-43.37,-39.36,88.3,14,-38.39,21.39,-62.15
2026-03-08T02:00:00Z,2026-03-08 02:00,2026-03-08 02:15,QH,24.49,25.94,18.34,26.93,72.7,10,22.54,26.6,-2.11
2026-03-08T02:15:00Z,2026-03-08 02:15,2026-03-08 02:30,QH,18.72,20.22,13.99,21.2,37.1,6,15.88,26.61,-7.9
2026-03-08T02:30:00Z,2026-03-08 02:30,2026-03-08 02:45,QH,23.91,33.6,19.04,21.94,101.4,39,28.07,35.53,-11.62
2026-03-08T02:45:00Z,2026-03-08 02:45,2026-03-08 03:00,QH,37.85,46.25,32.65,38.85,57.8,22,38.46,22.19,15.66
2026-03-08T03:00:00Z,2026-03-08 03:00,2026-03-08 03:15,QH,36.85,37.62,34.76,34.2,137.2,39,34.01,30.4,6.45
2026-03-08T03:15:00Z,2026-03-08 03:15,2026-03-08 03:30,QH,24.17,28.71,18.0,21.28,63.3,8,23.59,20.59,3.57
2026-03-08T03:30:00Z,2026-03-08 03:30,2026-03-08 03:45,QH,11.67,13.8,11.21,17.55,75.7,16,10.03,20.38,-8.71
2026-03-08T03:45:00Z,2026-03-08 03:45,2026-03-08 04:00,QH,25.19,25.99,24.49,27.46,109.3,24,25.09,33.48,-8.29
2026-03-08T04:00:00Z,2026-03-08 04:00,2026-03-08 04:15,QH,30.74,32.62,27.88,32.23,79.6,22,26.91,27.93,2.81
2026-03-08T04:15:00Z,2026-03-08 04:15,2026-03-08 04:30,QH,29.67,32.89,26.72,27.65,95.1,29,31.54,24.3,5.37
2026-03-08T04:30:00Z,2026-03-08 04:30,2026-03-08 04:45,QH,13.93,20.13,6.55,9.91,10,3,15.92,32.12,-18.19
2026-03-08T04:45:00Z,2026-03-08 04:45,2026-03-08 05:00,QH,25.99,27.52,22.62,33.18,145.4,35,27.39,27.86,-1.87
2026-03-08T05:00:00Z,2026-03-08 05:00,2026-03-08 05:15,QH,33.72,34.56,32.27,37.05,64.2,9,34.81,27.56,6.16
2026-03-08T05:15:00Z,2026-03-08 05:15,2026-03-08 05:30,QH,13.27,16.06,4.34,12.29,47.8,6,10.49,27.35,-14.07
2026-03-08T05:30:00Z,2026-03-08 05:30,2026-03-08 05:45,QH,26.21,26.28,24.68,26.69,87.5,13,26.83,24.73,1.48
2026-03-08T05:45:00Z,2026-03-08 05:45,2026-03-08 06:00,QH,41.05,45.23,40.17,40.56,115.7,15,39.23,30.67,10.38
2026-03-08T06:00:00Z,2026-03-08 06:00,2026-03-08 06:15,QH,28.88,32.24,26.55,26.76,113.2,38,27.98,16.71,12.17
2026-03-08T06:15:00Z,2026-03-08 06:15,2026-03-08 06:30,QH,50.01,51.57,48.79,52.14,75.3,28,50.54,31.39,18.62
2026-03-08T06:30:00Z,2026-03-08 06:30,2026-03-08 06:45,QH,34.8,40.01,30.1,36.86,81.5,13,30.71,39.93,-5.13
2026-03-08T06:45:00Z,2026-03-08 06:45,2026-03-08 07:00,QH,32.76,36.18,30.45,31.54,111.6,44,30.59,28.21,4.55
2026-03-08T07:00:00Z,2026-03-08 07:00,2026-03-08 07:15,QH,48.74,50.94,47.93,47.21,114.3,35,47.37,56.21,-7.47
2026-03-08T07:15:00Z,2026-03-08 07:15,2026-03-08 07:30,QH,77.56,82.1,73.83,72.1,72.8,12,81.07,62.28,15.28
2026-03-08T07:30:00Z,2026-03-08 07:30,2026-03-08 07:45,QH,68.87,72.95,66.71,68.65,65.6,9,70.52,60.75,8.11
2026-03-08T07:45:00Z,2026-03-08 07:45,2026-03-08 08:00,QH,63.7,63.78,58.97,64.55,99.9,22,64.18,59.77,3.92
2026-03-08T08:00:00Z,2026-03-08 08:00,2026-03-08 08:15,QH,53.62,58.67,53.51,55.64,44.9,8,51.87,64.33,-10.71
2026-03-08T08:15:00Z,2026-03-08 08:15,2026-03-08 08:30,QH,77.69,82.29,69.33,79.57,77.0,13,78.07,62.08,15.61
2026-03-08T08:30:00Z,2026-03-08 08:30,2026-03-08 08:45,QH,53.6,55.92,50.49,54.45,98.8,13,55.39,57.89,-4.29
2026-03-08T08:45:00Z,2026-03-08 08:45,2026-03-08 09:00,QH,47.93,58.54,41.79,50.17,56.1,11,45.3,64.62,-16.7
2026-03-08T09:00:00Z,2026-03-08 09:00,2026-03-08 09:15,QH,53.08,56.62,48.17,51.19,91.6,12,52.01,69.77,-16.69
2026-03-08T09:15:00Z,2026-03-08 09:15,2026-03-08 09:30,QH,66.6,68.06,57.1,62.05,93.7,24,65.98,73.77,-7.17
2026-03-08T09:30:00Z,2026-03-08 09:30,2026-03-08 09:45,QH,86.49,93.23,78.06,90.15,100.2,12,84.17,70.09,16.41
2026-03-08T09:45:00Z,2026-03-08 09:45,2026-03-08 10:00,QH,55.38,59.13,54.59,57.0,120.7,16,58.43,67.22,-11.84
2026-03-08T10:00:00Z,2026-03-08 10:00,2026-03-08 10:15,QH,42.39,42.82,34.92,38.95,105.6,45,45.42,71.36,-28.97
2026-03-08T10:15:00Z,2026-03-08 10:15,2026-03-08 10:30,QH,94.43,99.88,92.93,95.13,125.8,36,90.72,65.52,28.91
2026-03-08T10:30:00Z,2026-03-08 10:30,2026-03-08 10:45,QH,77.62,78.58,75.73,77.78,77.7,21,76.9,66.39,11.23
2026-03-08T10:45:00Z,2026-03-08 10:45,2026-03-08 11:00,QH,58.21,61.01,52.5,57.08,95.9,13,60.97,65.13,-6.92
2026-03-08T11:00:00Z,2026-03-08 11:00,2026-03-08 11:15,QH,61.6,67.4,60.82,56.75,49.5,7,63.31,64.2,-2.6
2026-03-08T11:15:00Z,2026-03-08 11:15,2026-03-08 11:30,QH,81.7,87.39,77.29,81.91,116.7,41,82.16,64.74,16.96
2026-03-08T11:30:00Z,2026-03-08 11:30,2026-03-08 11:45,QH,77.55,80.29,77.09,77.23,101.8,26,79.21,62.13,15.42
2026-03-08T11:45:00Z,2026-03-08 11:45,2026-03-08 12:00,QH,72.73,73.02,70.25,79.41,40.8,19,71.99,72.98,-0.26
2026-03-08T12:00:00Z,2026-03-08 12:00,2026-03-08 12:15,QH,78.31,84.66,77.73,86.44,56.5,10,78.53,77.82,0.5
2026-03-08T12:15:00Z,2026-03-08 12:15,2026-03-08 12:30,QH,64.74,70.13,62.89,60.07,132.5,32,64.61,66.45,-1.7
2026-03-08T12:30:00Z,2026-03-08 12:30,2026-03-08 12:45,QH,54.92,58.53,52.34,53.54,77.5,27,58.03,60.1,-5.18
2026-03-08T12:45:00Z,2026-03-08 12:45,2026-03-08 13:00,QH,67.61,70.97,65.09,65.66,100.9,13,67.14,59.77,7.84
2026-03-08T13:00:00Z,2026-03-08 13:00,2026-03-08 13:15,QH,57.17,58.93,49.85,58.14,112.0,20,52.1,68.87,-11.7
2026-03-08T13:15:00Z,2026-03-08 13:15,2026-03-08 13:30,QH,67.78,71.17,65.19,71.13,77.5,19,69.39,80.99,-13.21
2026-03-08T13:30:00Z,2026-03-08 13:30,2026-03-08 13:45,QH,71.23,72.08,60.3,71.51,22.4,3,73.99,71.4,-0.17
2026-03-08T13:45:00Z,2026-03-08 13:45,2026-03-08 14:00,QH,54.93,54.93,52.48,57.65,89.0,24,51.42,78.04,-23.11
2026-03-08T14:00:00Z,2026-03-08 14:00,2026-03-08 14:15,QH,57.04,59.29,50.45,60.58,62.8,10,59.4,77.31,-20.27
2026-03-08T14:15:00Z,2026-03-08 14:15,2026-03-08 14:30,QH,58.64,67.1,52.35,59.24,33.2,13,56.15,68.26,-9.63
2026-03-08T14:30:00Z,2026-03-08 14:30,2026-03-08 14:45,QH,54.42,55.68,48.41,57.99,69.3,20,54.32,66.44,-12.03
2026-03-08T14:45:00Z,2026-03-08 14:45,2026-03-08 15:00,QH,88.05,91.48,80.22,93.67,103.3,33,87.85,69.01,19.04
2026-03-08T15:00:00Z,2026-03-08 15:00,2026-03-08 15:15,QH,54.05,61.92,51.94,51.61,41.0,18,49.19,70.86,-16.81
2026-03-08T15:15:00Z,2026-03-08 15:15,2026-03-08 15:30,QH,104.36,110.2,102.32,93.96,76.4,36,104.96,69.38,34.99
2026-03-08T15:30:00Z,2026-03-08 15:30,2026-03-08 15:45,QH,57.6,61.01,52.77,57.64,76.6,21,59.18,77.8,-20.21
2026-03-08T15:45:00Z,2026-03-08 15:45,2026-03-08 16:00,QH,59.83,61.44,57.27,56.02,115.8,47,61.04,63.44,-3.61
2026-03-08T16:00:00Z,2026-03-08 16:00,2026-03-08 16:15,QH,71.68,81.31,70.4,75.68,109.4,22,72.48,78.37,-6.69
2026-03-08T16:15:00Z,2026-03-08 16:15,2026-03-08 16:30,QH,69.34,74.94,69.33,71.07,35.0,4,68.59,63.95,5.39
2026-03-08T16:30:00Z,2026-03-08 16:30,2026-03-08 16:45,QH,76.55,81.35,74.26,80.08,60.6,13,77.67,71.26,5.29
2026-03-08T16:45:00Z,2026-03-08 16:45,2026-03-08 17:00,QH,75.8,77.94,70.86,76.35,46.5,10,74.77,73.86,1.93
2026-03-08T17:00:00Z,2026-03-08 17:00,2026-03-08 17:15,QH,59.34,61.67,54.55,60.96,74.9,15,57.25,62.51,-3.17
2026-03-08T17:15:00Z,2026-03-08 17:15,2026-03-08 17:30,QH,78.24,81.29,75.77,79.04,76.8,14,77.43,53.55,24.69
2026-03-08T17:30:00Z,2026-03-08 17:30,2026-03-08 17:45,QH,69.1,71.37,67.75,65.68,55.8,13,67.95,60.61,8.48
2026-03-08T17:45:00Z,2026-03-08 17:45,2026-03-08 18:00,QH,70.73,75.27,68.27,72.46,73.3,22,74.81,71.02,-0.3
2026-03-08T18:00:00Z,2026-03-08 18:00,2026-03-08 18:15,QH,47.9,48.38,43.71,46.43,85.8,11,44.2,59.59,-11.69
2026-03-08T18:15:00Z,2026-03-08 18:15,2026-03-08 18:30,QH,43.49,43.74,42.84,40.52,37.6,5,42.26,61.97,-18.48
2026-03-08T18:30:00Z,2026-03-08 18:30,2026-03-08 18:45,QH,60.81,65.56,58.66,60.58,104.0,16,61.48,59.29,1.52
2026-03-08T18:45:00Z,2026-03-08 18:45,2026-03-08 19:00,QH,61.66,62.13,58.86,66.2,74.3,27,61.05,70.18,-8.52
2026-03-08T19:00:00Z,2026-03-08 19:00,2026-03-08 19:15,QH,81.38,90.99,79.56,82.85,92.0,35,84.93,61.42,19.96
2026-03-08T19:15:00Z,2026-03-08 19:15,2026-03-08 19:30,QH,45.45,46.07,41.22,46.08,110.9,14,43.12,70.01,-24.56
2026-03-08T19:30:00Z,2026-03-08 19:30,2026-03-08 19:45,QH,53.17,57.24,50.94,51.39,107.2,15,55.96,60.81,-7.64
2026-03-08T19:45:00Z,2026-03-08 19:45,2026-03-08 20:00,QH,58.74,67.14,57.02,60.73,125.4,16,60.05,52.35,6.39
2026-03-08T20:00:00Z,2026-03-08 20:00,2026-03-08 20:15,QH,38.83,39.98,33.54,42.49,73.2,19,40.63,29.09,9.74
2026-03-08T20:15:00Z,2026-03-08 20:15,2026-03-08 20:30,QH,43.35,49.78,41.71,42.85,66.8,8,38.0,31.35,12.0
2026-03-08T20:30:00Z,2026-03-08 20:30,2026-03-08 20:45,QH,31.27,34.9,27.17,26.65,118.3,36,32.56,30.98,0.29
2026-03-08T20:45:00Z,2026-03-08 20:45,2026-03-08 21:00,QH,16.84,22.64,11.12,17.53,87.8,23,14.12,28.48,-11.64
2026-03-08T21:00:00Z,2026-03-08 21:00,2026-03-08 21:15,QH,44.56,55.95,43.66,42.24,99.6,20,45.73,33.04,11.52
2026-03-08T21:15:00Z,2026-03-08 21:15,2026-03-08 21:30,QH,37.41,43.8,27.74,39.74,47.5,12,38.34,28.81,8.61
2026-03-08T21:30:00Z,2026-03-08 21:30,2026-03-08 21:45,QH,18.42,24.14,11.99,23.37,70.0,9,19.59,25.57,-7.15
2026-03-08T21:45:00Z,2026-03-08 21:45,2026-03-08 22:00,QH,15.58,16.37,8.89,13.63,101.3,23,15.12,23.64,-8.05
2026-03-08T22:00:00Z,2026-03-08 22:00,2026-03-08 22:15,QH,32.65,34.32,32.29,30.1,130.7,62,31.4,31.1,1.55
2026-03-08T22:15:00Z,2026-03-08 22:15,2026-03-08 22:30,QH,20.07,23.47,18.32,17.52,137.4,63,18.35,18.66,1.42
2026-03-08T22:30:00Z,2026-03-08 22:30,2026-03-08 22:45,QH,15.36,18.33,14.65,15.12,93.0,12,15.63,21.44,-6.08
2026-03-08T22:45:00Z,2026-03-08 22:45,2026-03-08 23:00,QH,28.74,32.11,27.3,34.29,55.5,18,29.28,30.59,-1.85
2026-03-08T23:00:00Z,2026-03-08 23:00,2026-03-08 23:15,QH,10.93,13.53,10.82,11.34,59.2,13,8.9,21.67,-10.74
2026-03-08T23:15:00Z,2026-03-08 23:15,2026-03-08 23:30,QH,19.83,20.51,16.09,17.56,69.5,27,20.34,28.47,-8.64
2026-03-08T23:30:00Z,2026-03-08 23:30,2026-03-08 23:45,QH,17.59,22.12,16.49,16.79,144.3,21,13.81,30.33,-12.74
2026-03-08T23:45:00Z,2026-03-08 23:45,2026-03-09 00:00,QH,14.51,17.02,9.34,16.98,77.6,22,14.62,21.93,-7.42
2026-03-09T00:00:00Z,2026-03-09 00:00,2026-03-09 00:15,QH,44.79,51.1,37.22,48.35,70.6,26,42.78,51.0,-6.21
2026-03-09T00:15:00Z,2026-03-09 00:15,2026-03-09 00:30,QH,47.62,49.98,44.44,45.15,93.6,18,46.11,47.53,0.09
2026-03-09T00:30:00Z,2026-03-09 00:30,2026-03-09 00:45,QH,46.69,56.34,45.93,43.85,99.9,17,48.45,47.98,-1.29
2026-03-09T00:45:00Z,2026-03-09 00:45,2026-03-09 01:00,QH,57.57,59.68,56.09,54.5,128.9,44,57.86,51.75,5.82
2026-03-09T01:00:00Z,2026-03-09 01:00,2026-03-09 01:15,QH,68.13,71.06,67.27,68.31,96.7,41,64.17,59.04,9.09
2026-03-09T01:15:00Z,2026-03-09 01:15,2026-03-09 01:30,QH,41.73,46.87,38.64,44.37,104.1,27,41.19,50.93,-9.2
2026-03-09T01:30:00Z,2026-03-09 01:30,2026-03-09 01:45,QH,47.11,59.48,44.65,48.05,65.4,14,44.58,38.81,8.3
2026-03-09T01:45:00Z,2026-03-09 01:45,2026-03-09 02:00,QH,78.06,86.48,67.84,80.45,82.2,32,78.76,53.09,24.96
2026-03-09T02:00:00Z,2026-03-09 02:00,2026-03-09 02:15,QH,35.48,43.46,23.63,39.18,90.9,21,35.74,40.87,-5.39
2026-03-09T02:15:00Z,2026-03-09 02:15,2026-03-09 02:30,QH,60.86,68.94,57.03,60.43,68.8,24,56.36,54.44,6.43
2026-03-09T02:30:00Z,2026-03-09 02:30,2026-03-09 02:45,QH,56.85,58.34,54.77,55.28,49.3,8,55.56,51.41,5.43
2026-03-09T02:45:00Z,2026-03-09 02:45,2026-03-09 03:00,QH,40.73,43.61,35.98,39.57,83.7,17,43.56,46.75,-6.02
2026-03-09T03:00:00Z,2026-03-09 03:00,2026-03-09 03:15,QH,55.6,59.3,54.13,53.01,116.7,54,55.72,48.64,6.96
2026-03-09T03:15:00Z,2026-03-09 03:15,2026-03-09 03:30,QH,43.47,43.77,40.04,40.52,102.0,38,46.82,51.41,-7.94
2026-03-09T03:30:00Z,2026-03-09 03:30,2026-03-09 03:45,QH,58.56,60.02,57.28,60.85,25.4,3,62.04,45.31,13.25
2026-03-09T03:45:00Z,2026-03-09 03:45,2026-03-09 04:00,QH,38.22,41.38,38.11,38.54,132.7,24,40.0,50.93,-12.71
2026-03-09T04:00:00Z,2026-03-09 04:00,2026-03-09 04:15,QH,62.03,66.08,57.93,63.36,89.9,30,61.8,53.21,8.81
2026-03-09T04:15:00Z,2026-03-09 04:15,2026-03-09 04:30,QH,48.67,57.06,36.95,44.53,117.0,16,49.33,43.18,5.49
2026-03-09T04:30:00Z,2026-03-09 04:30,2026-03-09 04:45,QH,41.19,43.49,33.52,39.17,118.6,41,41.84,49.62,-8.43
2026-03-09T04:45:00Z,2026-03-09 04:45,2026-03-09 05:00,QH,54.68,57.76,53.32,54.35,64.6,21,53.39,43.46,11.22
2026-03-09T05:00:00Z,2026-03-09 05:00,2026-03-09 05:15,QH,59.41,60.28,48.42,63.45,126.6,16,58.47,53.1,6.3
2026-03-09T05:15:00Z,2026-03-09 05:15,2026-03-09 05:30,QH,63.52,73.55,58.55,65.17,90.4,34,64.09,44.34,19.18
2026-03-09T05:30:00Z,2026-03-09 05:30,2026-03-09 05:45,QH,31.32,39.19,25.45,28.26,116.4,19,32.4,49.85,-18.53
2026-03-09T05:45:00Z,2026-03-09 05:45,2026-03-09 06:00,QH,37.62,39.05,29.9,35.56,102.8,13,35.93,49.88,-12.26
2026-03-09T06:00:00Z,2026-03-09 06:00,2026-03-09 06:15,QH,47.16,47.7,46.81,49.12,70.9,24,46.08,51.61,-4.45
2026-03-09T06:15:00Z,2026-03-09 06:15,2026-03-09 06:30,QH,52.73,58.15,45.8,53.31,110.7,28,52.62,40.06,12.67
2026-03-09T06:30:00Z,2026-03-09 06:30,2026-03-09 06:45,QH,50.9,54.23,42.9,49.39,84.9,24,53.01,57.45,-6.55
2026-03-09T06:45:00Z,2026-03-09 06:45,2026-03-09 07:00,QH,56.03,63.57,50.42,56.16,105.2,15,55.13,56.16,-0.13
2026-03-09T07:00:00Z,2026-03-09 07:00,2026-03-09 07:15,QH,75.98,77.75,73.54,78.34,93.5,25,75.94,90.14,-14.15
2026-03-09T07:15:00Z,2026-03-09 07:15,2026-03-09 07:30,QH,76.04,80.66,74.2,79.21,126.5,16,78.16,89.74,-13.7
2026-03-09T07:30:00Z,2026-03-09 07:30,2026-03-09 07:45,QH,54.28,63.65,50.76,54.8,98.6,14,52.73,79.8,-25.52
2026-03-09T07:45:00Z,2026-03-09 07:45,2026-03-09 08:00,QH,77.13,78.53,77.08,73.68,102.7,26,77.41,95.5,-18.37
2026-03-09T08:00:00Z,2026-03-09 08:00,2026-03-09 08:15,QH,97.79,103.49,95.72,95.54,81.3,12,98.79,88.99,8.8
2026-03-09T08:15:00Z,2026-03-09 08:15,2026-03-09 08:30,QH,85.49,92.47,84.54,85.82,138.8,43,84.33,90.32,-4.84
2026-03-09T08:30:00Z,2026-03-09 08:30,2026-03-09 08:45,QH,61.29,66.86,55.33,59.96,153.8,34,57.63,88.89,-27.6
2026-03-09T08:45:00Z,2026-03-09 08:45,2026-03-09 09:00,QH,79.08,82.15,76.75,73.26,32.2,4,77.92,77.46,1.62
2026-03-09T09:00:00Z,2026-03-09 09:00,2026-03-09 09:15,QH,73.61,78.75,70.38,72.85,119.0,24,71.42,86.57,-12.96
2026-03-09T09:15:00Z,2026-03-09 09:15,2026-03-09 09:30,QH,74.35,77.05,73.66,72.8,82.4,23,74.46,93.0,-18.65
2026-03-09T09:30:00Z,2026-03-09 09:30,2026-03-09 09:45,QH,92.44,94.07,86.61,90.53,81.5,19,90.47,98.13,-5.7
2026-03-09T09:45:00Z,2026-03-09 09:45,2026-03-09 10:00,QH,74.02,79.53,73.07,75.8,10,3,73.99,85.83,-11.81
2026-03-09T10:00:00Z,2026-03-09 10:00,2026-03-09 10:15,QH,85.14,87.78,82.12,86.83,139.9,19,85.15,91.56,-6.42
2026-03-09T10:15:00Z,2026-03-09 10:15,2026-03-09 10:30,QH,95.87,98.68,91.88,96.51,89.4,20,97.05,92.56,3.31
2026-03-09T10:30:00Z,2026-03-09 10:30,2026-03-09 10:45,QH,87.01,94.6,86.1,89.9,116.1,24,85.09,92.76,-5.74
2026-03-09T10:45:00Z,2026-03-09 10:45,2026-03-09 11:00,QH,93.93,99.03,91.83,93.51,146.8,21,94.05,90.95,2.98
2026-03-09T11:00:00Z,2026-03-09 11:00,2026-03-09 11:15,QH,94.61,97.03,91.92,95.82,123.2,15,95.18,84.93,9.68
2026-03-09T11:15:00Z,2026-03-09 11:15,2026-03-09 11:30,QH,95.46,97.85,93.89,97.21,109.2,21,93.75,99.74,-4.28
2026-03-09T11:30:00Z,2026-03-09 11:30,2026-03-09 11:45,QH,91.71,96.31,85.51,90.72,62.3,12,91.89,98.41,-6.71
2026-03-09T11:45:00Z,2026-03-09 11:45,2026-03-09 12:00,QH,110.21,115.57,103.42,113.79,51.2,12,112.7,97.89,12.32
2026-03-09T12:00:00Z,2026-03-09 12:00,2026-03-09 12:15,QH,102.07,106.73,94.58,105.28,84.0,13,100.06,90.45,11.62
2026-03-09T12:15:00Z,2026-03-09 12:15,2026-03-09 12:30,QH,96.25,98.71,82.83,97.05,54.7,8,102.41,110.34,-14.09
2026-03-09T12:30:00Z,2026-03-09 12:30,2026-03-09 12:45,QH,78.91,86.48,73.62,83.23,132.2,28,78.97,95.26,-16.35
2026-03-09T12:45:00Z,2026-03-09 12:45,2026-03-09 13:00,QH,90.27,103.86,89.01,81.88,74.4,15,93.3,98.71,-8.44
2026-03-09T13:00:00Z,2026-03-09 13:00,2026-03-09 13:15,QH,111.88,113.64,103.58,106.55,46.5,15,113.73,92.52,19.36
2026-03-09T13:15:00Z,2026-03-09 13:15,2026-03-09 13:30,QH,87.98,96.58,86.38,89.48,89.6,32,83.81,95.6,-7.62
2026-03-09T13:30:00Z,2026-03-09 13:30,2026-03-09 13:45,QH,106.07,107.67,100.56,106.26,105.8,32,103.27,97.83,8.24
2026-03-09T13:45:00Z,2026-03-09 13:45,2026-03-09 14:00,QH,95.26,97.25,94.86,95.82,67.2,17,94.59,99.85,-4.58
2026-03-09T14:00:00Z,2026-03-09 14:00,2026-03-09 14:15,QH,98.85,105.18,95.04,95.6,10,3,98.16,94.29,4.56
2026-03-09T14:15:00Z,2026-03-09 14:15,2026-03-09 14:30,QH,92.87,100.97,90.49,89.59,35.7,5,96.48,97.7,-4.83
2026-03-09T14:30:00Z,2026-03-09 14:30,2026-03-09 14:45,QH,87.0,87.87,85.53,91.18,115.6,19,88.78,89.06,-2.07
2026-03-09T14:45:00Z,2026-03-09 14:45,2026-03-09 15:00,QH,107.79,108.86,104.1,105.25,75.5,34,110.12,102.74,5.04
2026-03-09T15:00:00Z,2026-03-09 15:00,2026-03-09 15:15,QH,111.8,116.18,110.91,113.98,109.7,18,110.05,94.13,17.67
2026-03-09T15:15:00Z,2026-03-09 15:15,2026-03-09 15:30,QH,85.47,85.83,74.12,82.48,95.3,40,85.36,97.71,-12.24
2026-03-09T15:30:00Z,2026-03-09 15:30,2026-03-09 15:45,QH,71.1,78.08,65.72,77.27,65.6,10,71.08,99.02,-27.92
2026-03-09T15:45:00Z,2026-03-09 15:45,2026-03-09 16:00,QH,76.07,80.31,68.99,80.58,99.9,35,73.4,81.61,-5.54
2026-03-09T16:00:00Z,2026-03-09 16:00,2026-03-09 16:15,QH,95.38,97.38,88.52,96.57,98.8,34,95.08,96.19,-0.81
2026-03-09T16:15:00Z,2026-03-09 16:15,2026-03-09 16:30,QH,102.66,107.45,97.03,99.64,98.3,12,102.02,102.72,-0.06
2026-03-09T16:30:00Z,2026-03-09 16:30,2026-03-09 16:45,QH,85.47,85.54,76.3,86.66,111.9,19,88.57,92.64,-7.17
2026-03-09T16:45:00Z,2026-03-09 16:45,2026-03-09 17:00,QH,80.94,87.55,78.04,81.95,180.8,53,80.65,90.81,-9.87
2026-03-09T17:00:00Z,2026-03-09 17:00,2026-03-09 17:15,QH,75.38,83.88,69.44,76.07,98.7,14,78.25,92.07,-16.68
2026-03-09T17:15:00Z,2026-03-09 17:15,2026-03-09 17:30,QH,88.25,97.86,85.62,86.05,165.3,50,88.04,85.25,3.0
2026-03-09T17:30:00Z,2026-03-09 17:30,2026-03-09 17:45,QH,108.89,110.74,104.42,108.31,72.3,11,105.21,92.93,15.96
2026-03-09T17:45:00Z,2026-03-09 17:45,2026-03-09 18:00,QH,104.62,106.44,96.48,106.0,130.8,24,102.75,92.23,12.39
2026-03-09T18:00:00Z,2026-03-09 18:00,2026-03-09 18:15,QH,100.77,103.4,98.42,107.07,116.0,38,102.24,89.53,11.25
2026-03-09T18:15:00Z,2026-03-09 18:15,2026-03-09 18:30,QH,88.98,92.1,80.98,85.39,30.1,4,90.63,90.76,-1.78
2026-03-09T18:30:00Z,2026-03-09 18:30,2026-03-09 18:45,QH,68.45,72.56,68.16,63.26,87.4,17,70.56,90.86,-22.41
2026-03-09T18:45:00Z,2026-03-09 18:45,2026-03-09 19:00,QH,87.49,87.88,81.03,88.51,90.0,12,86.51,92.25,-4.76
2026-03-09T19:00:00Z,2026-03-09 19:00,2026-03-09 19:15,QH,88.03,89.32,82.49,88.38,60.8,11,90.35,87.79,0.24
2026-03-09T19:15:00Z,2026-03-09 19:15,2026-03-09 19:30,QH,79.01,91.8,75.95,78.25,33.5,8,78.97,91.21,-12.2
2026-03-09T19:30:00Z,2026-03-09 19:30,2026-03-09 19:45,QH,97.81,100.66,91.31,99.03,45.2,6,98.27,96.07,1.75
2026-03-09T19:45:00Z,2026-03-09 19:45,2026-03-09 20:00,QH,98.64,99.53,96.84,98.72,110.3,22,101.28,82.52,16.12
2026-03-09T20:00:00Z,2026-03-09 20:00,2026-03-09 20:15,QH,75.36,80.68,72.66,75.31,10,3,76.95,34.44,40.92
2026-03-09T20:15:00Z,2026-03-09 20:15,2026-03-09 20:30,QH,44.0,44.27,38.89,41.54,133.9,22,44.51,56.28,-12.28
2026-03-09T20:30:00Z,2026-03-09 20:30,2026-03-09 20:45,QH,59.28,61.94,49.86,62.11,47.6,10,58.22,51.89,7.39
2026-03-09T20:45:00Z,2026-03-09 20:45,2026-03-09 21:00,QH,51.97,59.35,42.85,49.6,110.3,32,53.1,54.72,-2.75
2026-03-09T21:00:00Z,2026-03-09 21:00,2026-03-09 21:15,QH,46.39,54.31,45.37,47.67,36.3,8,45.23,48.19,-1.8
2026-03-09T21:15:00Z,2026-03-09 21:15,2026-03-09 21:30,QH,48.72,58.56,48.24,46.17,47.9,8,47.5,49.48,-0.76
2026-03-09T21:30:00Z,2026-03-09 21:30,2026-03-09 21:45,QH,64.94,71.47,62.55,69.24,70.7,9,64.33,49.14,15.8
2026-03-09T21:45:00Z,2026-03-09 21:45,2026-03-09 22:00,QH,39.49,39.51,37.92,40.8,65.0,19,38.17,55.15,-15.66
2026-03-09T22:00:00Z,2026-03-09 22:00,2026-03-09 22:15,QH,41.03,41.89,40.22,37.53,10,3,43.11,49.23,-8.2
2026-03-09T22:15:00Z,2026-03-09 22:15,2026-03-09 22:30,QH,54.3,61.17,53.55,54.87,39.2,11,54.88,52.86,1.45
2026-03-09T22:30:00Z,2026-03-09 22:30,2026-03-09 22:45,QH,47.3,51.22,46.2,51.6,76.1,19,46.3,63.45,-16.15
2026-03-09T22:45:00Z,2026-03-09 22:45,2026-03-09 23:00,QH,43.43,46.66,42.41,39.52,133.8,62,44.79,50.49,-7.06
2026-03-09T23:00:00Z,2026-03-09 23:00,2026-03-09 23:15,QH,37.75,49.39,33.27,40.38,81.8,22,43.48,50.24,-12.49
2026-03-09T23:15:00Z,2026-03-09 23:15,2026-03-09 23:30,QH,35.22,35.24,28.53,35.21,91.8,12,38.74,49.26,-14.04
2026-03-09T23:30:00Z,2026-03-09 23:30,2026-03-09 23:45,QH,54.95,60.43,51.49,54.73,59.3,23,53.21,45.86,9.09
2026-03-09T23:45:00Z,2026-03-09 23:45,2026-03-10 00:00,QH,39.5,43.58,39.4,40.14,71.8,18,39.22,43.5,-3.99
2026-03-10T00:00:00Z,2026-03-10 00:00,2026-03-10 00:15,QH,68.61,69.98,65.97,73.12,32.9,8,67.83,72.06,-3.45
2026-03-10T00:15:00Z,2026-03-10 00:15,2026-03-10 00:30,QH,55.4,63.88,55.05,57.48,106.7,16,56.54,76.67,-21.27
2026-03-10T00:30:00Z,2026-03-10 00:30,2026-03-10 00:45,QH,63.29,69.22,49.35,64.5,102.5,25,66.62,67.84,-4.56
2026-03-10T00:45:00Z,2026-03-10 00:45,2026-03-10 01:00,QH,76.22,77.48,71.25,80.4,103.9,14,76.01,72.96,3.26
2026-03-10T01:00:00Z,2026-03-10 01:00,2026-03-10 01:15,QH,71.2,71.78,64.89,69.31,50.6,24,71.19,60.57,10.63
2026-03-10T01:15:00Z,2026-03-10 01:15,2026-03-10 01:30,QH,95.81,99.67,83.83,94.16,61.8,13,95.41,78.89,16.92
2026-03-10T01:30:00Z,2026-03-10 01:30,2026-03-10 01:45,QH,68.66,74.54,68.51,74.57,97.5,18,71.89,80.55,-11.9
2026-03-10T01:45:00Z,2026-03-10 01:45,2026-03-10 02:00,QH,103.08,103.38,102.34,101.95,103.2,27,107.41,78.72,24.36
2026-03-10T02:00:00Z,2026-03-10 02:00,2026-03-10 02:15,QH,56.82,59.12,56.18,53.7,41.5,14,58.21,67.4,-10.58
2026-03-10T02:15:00Z,2026-03-10 02:15,2026-03-10 02:30,QH,88.31,104.9,87.26,85.74,116.5,54,86.88,66.32,22.0
2026-03-10T02:30:00Z,2026-03-10 02:30,2026-03-10 02:45,QH,73.32,78.63,73.03,71.26,82.4,15,71.73,78.14,-4.82
2026-03-10T02:45:00Z,2026-03-10 02:45,2026-03-10 03:00,QH,190.34,192.01,185.49,188.5,64.8,13,187.85,74.62,115.72
2026-03-10T03:00:00Z,2026-03-10 03:00,2026-03-10 03:15,QH,77.8,79.09,76.33,77.34,103.4,45,79.79,73.59,4.21
2026-03-10T03:15:00Z,2026-03-10 03:15,2026-03-10 03:30,QH,79.64,83.09,79.31,78.62,19.9,3,83.39,77.4,2.24
2026-03-10T03:30:00Z,2026-03-10 03:30,2026-03-10 03:45,QH,71.69,74.66,63.69,66.4,89.4,43,70.05,71.75,-0.06
2026-03-10T03:45:00Z,2026-03-10 03:45,2026-03-10 04:00,QH,75.66,79.66,73.92,78.03,97.2,21,75.7,73.52,2.13
2026-03-10T04:00:00Z,2026-03-10 04:00,2026-03-10 04:15,QH,72.56,75.17,71.47,69.56,112.1,30,74.36,74.73,-2.18
2026-03-10T04:15:00Z,2026-03-10 04:15,2026-03-10 04:30,QH,72.95,75.15,65.17,73.93,84.1,11,69.52,80.73,-7.78
2026-03-10T04:30:00Z,2026-03-10 04:30,2026-03-10 04:45,QH,78.5,88.07,78.32,75.58,83.4,17,80.16,69.42,9.09
2026-03-10T04:45:00Z,2026-03-10 04:45,2026-03-10 05:00,QH,83.65,87.09,82.53,85.91,117.1,29,79.27,74.23,9.43
2026-03-10T05:00:00Z,2026-03-10 05:00,2026-03-10 05:15,QH,58.9,62.2,52.47,58.11,112.4,17,53.8,79.74,-20.84
2026-03-10T05:15:00Z,2026-03-10 05:15,2026-03-10 05:30,QH,84.82,88.82,83.5,86.21,113.0,20,86.6,63.92,20.9
2026-03-10T05:30:00Z,2026-03-10 05:30,2026-03-10 05:45,QH,66.96,67.21,65.25,64.48,78.3,10,68.68,70.84,-3.88
2026-03-10T05:45:00Z,2026-03-10 05:45,2026-03-10 06:00,QH,63.77,64.51,57.8,66.34,141.5,28,64.77,81.11,-17.33
2026-03-10T06:00:00Z,2026-03-10 06:00,2026-03-10 06:15,QH,57.84,61.36,51.58,54.5,69.7,13,54.88,78.68,-20.84
2026-03-10T06:15:00Z,2026-03-10 06:15,2026-03-10 06:30,QH,87.03,89.13,83.26,83.8,91.8,19,87.75,74.16,12.87
2026-03-10T06:30:00Z,2026-03-10 06:30,2026-03-10 06:45,QH,80.41,84.61,77.33,80.96,143.3,21,82.18,70.66,9.75
2026-03-10T06:45:00Z,2026-03-10 06:45,2026-03-10 07:00,QH,66.8,68.6,63.96,64.18,141.6,17,65.88,65.7,1.1
2026-03-10T07:00:00Z,2026-03-10 07:00,2026-03-10 07:15,QH,105.9,114.79,94.27,105.94,55.4,16,106.0,105.69,0.2
2026-03-10T07:15:00Z,2026-03-10 07:15,2026-03-10 07:30,QH,92.04,95.53,91.63,92.53,89.4,13,93.11,107.84,-15.8
2026-03-10T07:30:00Z,2026-03-10 07:30,2026-03-10 07:45,QH,137.91,147.11,130.61,136.37,56.9,13,138.16,108.04,29.88
2026-03-10T07:45:00Z,2026-03-10 07:45,2026-03-10 08:00,QH,116.6,119.77,112.16,117.44,118.7,50,119.15,108.48,8.12
2026-03-10T08:00:00Z,2026-03-10 08:00,2026-03-10 08:15,QH,121.69,123.31,120.51,126.75,113.2,24,120.11,111.31,10.38
2026-03-10T08:15:00Z,2026-03-10 08:15,2026-03-10 08:30,QH,94.46,97.34,91.69,95.18,28.7,6,94.93,114.39,-19.93
2026-03-10T08:30:00Z,2026-03-10 08:30,2026-03-10 08:45,QH,111.27,111.44,106.67,112.43,73.0,12,114.03,116.0,-4.73
2026-03-10T08:45:00Z,2026-03-10 08:45,2026-03-10 09:00,QH,94.5,94.86,89.06,95.76,113.5,40,93.91,101.1,-6.6
2026-03-10T09:00:00Z,2026-03-10 09:00,2026-03-10 09:15,QH,117.4,120.24,114.32,116.63,10,3,116.56,100.3,17.1
2026-03-10T09:15:00Z,2026-03-10 09:15,2026-03-10 09:30,QH,110.6,118.76,105.49,111.43,52.3,17,110.68,95.0,15.6
2026-03-10T09:30:00Z,2026-03-10 09:30,2026-03-10 09:45,QH,129.44,132.74,127.8,127.98,70.1,10,130.42,117.23,12.21
2026-03-10T09:45:00Z,2026-03-10 09:45,2026-03-10 10:00,QH,118.25,125.44,113.19,118.06,22.4,3,120.06,120.58,-2.33
2026-03-10T10:00:00Z,2026-03-10 10:00,2026-03-10 10:15,QH,113.96,123.89,113.5,110.94,80.6,17,111.96,120.93,-6.97
2026-03-10T10:15:00Z,2026-03-10 10:15,2026-03-10 10:30,QH,109.99,117.9,106.44,117.1,76.1,14,108.88,114.15,-4.16
2026-03-10T10:30:00Z,2026-03-10 10:30,2026-03-10 10:45,QH,90.23,93.53,85.4,88.0,26.7,3,86.71,117.41,-27.18
2026-03-10T10:45:00Z,2026-03-10 10:45,2026-03-10 11:00,QH,127.96,134.46,123.75,130.39,49.3,14,124.89,117.68,10.28
2026-03-10T11:00:00Z,2026-03-10 11:00,2026-03-10 11:15,QH,105.44,110.24,104.86,105.65,56.1,7,110.02,112.92,-7.48
2026-03-10T11:15:00Z,2026-03-10 11:15,2026-03-10 11:30,QH,77.56,79.1,69.84,76.07,81.1,11,79.66,116.02,-38.46
2026-03-10T11:30:00Z,2026-03-10 11:30,2026-03-10 11:45,QH,120.45,123.16,119.26,119.44,118.9,18,119.24,122.34,-1.89
2026-03-10T11:45:00Z,2026-03-10 11:45,2026-03-10 12:00,QH,119.79,124.11,119.65,115.28,59.3,29,119.57,112.92,6.87
2026-03-10T12:00:00Z,2026-03-10 12:00,2026-03-10 12:15,QH,109.34,114.45,104.48,109.54,27.4,7,109.59,119.79,-10.45
2026-03-10T12:15:00Z,2026-03-10 12:15,2026-03-10 12:30,QH,99.28,108.55,94.63,100.21,170.3,59,100.16,112.93,-13.64
2026-03-10T12:30:00Z,2026-03-10 12:30,2026-03-10 12:45,QH,120.21,124.88,119.17,117.52,137.2,18,116.22,116.16,4.05
2026-03-10T12:45:00Z,2026-03-10 12:45,2026-03-10 13:00,QH,136.19,144.47,130.47,134.96,93.4,12,134.33,116.61,19.58
2026-03-10T13:00:00Z,2026-03-10 13:00,2026-03-10 13:15,QH,109.3,110.25,108.83,107.78,64.2,9,108.34,116.25,-6.95
2026-03-10T13:15:00Z,2026-03-10 13:15,2026-03-10 13:30,QH,105.04,109.3,104.91,96.36,58.5,16,99.74,113.48,-8.44
2026-03-10T13:30:00Z,2026-03-10 13:30,2026-03-10 13:45,QH,101.25,104.21,87.16,97.24,104.2,13,102.22,115.61,-14.36
2026-03-10T13:45:00Z,2026-03-10 13:45,2026-03-10 14:00,QH,113.56,115.08,106.27,112.1,41.2,19,110.61,118.73,-5.17
2026-03-10T14:00:00Z,2026-03-10 14:00,2026-03-10 14:15,QH,119.83,120.18,108.39,118.56,96.6,20,120.77,116.45,3.38
2026-03-10T14:15:00Z,2026-03-10 14:15,2026-03-10 14:30,QH,128.03,129.56,123.04,131.26,107.3,16,130.4,121.29,6.74
2026-03-10T14:30:00Z,2026-03-10 14:30,2026-03-10 14:45,QH,121.98,124.06,121.07,123.71,71.2,21,123.97,126.62,-4.64
2026-03-10T14:45:00Z,2026-03-10 14:45,2026-03-10 15:00,QH,125.63,132.08,115.41,128.07,101.8,28,125.15,118.01,7.61
2026-03-10T15:00:00Z,2026-03-10 15:00,2026-03-10 15:15,QH,82.26,82.82,77.99,88.29,92.4,13,83.86,114.51,-32.25
2026-03-10T15:15:00Z,2026-03-10 15:15,2026-03-10 15:30,QH,121.36,122.62,120.57,117.68,71.8,18,122.28,125.4,-4.03
2026-03-10T15:30:00Z,2026-03-10 15:30,2026-03-10 15:45,QH,112.28,113.9,109.16,114.4,92.1,17,114.37,115.35,-3.07
2026-03-10T15:45:00Z,2026-03-10 15:45,2026-03-10 16:00,QH,108.73,111.95,108.34,107.55,13.1,4,108.13,111.08,-2.36
2026-03-10T16:00:00Z,2026-03-10 16:00,2026-03-10 16:15,QH,99.01,102.73,96.54,103.02,107.9,29,98.07,115.81,-16.8
2026-03-10T16:15:00Z,2026-03-10 16:15,2026-03-10 16:30,QH,122.49,125.98,107.34,124.29,38.3,5,125.69,116.17,6.31
2026-03-10T16:30:00Z,2026-03-10 16:30,2026-03-10 16:45,QH,118.9,121.14,116.97,118.53,52.9,9,117.44,117.4,1.5
2026-03-10T16:45:00Z,2026-03-10 16:45,2026-03-10 17:00,QH,97.22,103.45,94.25,94.36,104.2,25,100.36,117.29,-20.07
2026-03-10T17:00:00Z,2026-03-10 17:00,2026-03-10 17:15,QH,96.44,98.02,95.01,92.88,47.6,7,91.84,104.22,-7.78
2026-03-10T17:15:00Z,2026-03-10 17:15,2026-03-10 17:30,QH,112.51,114.77,112.51,112.84,84.2,11,113.95,112.32,0.19
2026-03-10T17:30:00Z,2026-03-10 17:30,2026-03-10 17:45,QH,103.71,112.53,103.31,106.04,117.4,16,105.61,114.33,-10.62
2026-03-10T17:45:00Z,2026-03-10 17:45,2026-03-10 18:00,QH,105.54,109.9,105.42,104.94,65.5,12,109.53,117.24,-11.7
2026-03-10T18:00:00Z,2026-03-10 18:00,2026-03-10 18:15,QH,112.69,113.41,106.82,110.74,106.2,30,113.08,107.86,4.83
2026-03-10T18:15:00Z,2026-03-10 18:15,2026-03-10 18:30,QH,90.41,98.61,89.47,87.99,133.5,31,94.34,110.01,-19.6
2026-03-10T18:30:00Z,2026-03-10 18:30,2026-03-10 18:45,QH,114.09,117.89,103.43,111.48,89.3,22,113.45,114.02,0.07
2026-03-10T18:45:00Z,2026-03-10 18:45,2026-03-10 19:00,QH,110.77,116.53,108.64,112.59,74.9,13,111.72,112.12,-1.35
2026-03-10T19:00:00Z,2026-03-10 19:00,2026-03-10 19:15,QH,111.73,119.07,107.95,111.67,103.1,39,111.15,99.81,11.92
2026-03-10T19:15:00Z,2026-03-10 19:15,2026-03-10 19:30,QH,111.76,113.4,110.1,112.03,143.0,19,110.47,108.22,3.54
2026-03-10T19:30:00Z,2026-03-10 19:30,2026-03-10 19:45,QH,57.16,60.73,54.35,57.86,118.3,21,59.9,112.4,-55.24
2026-03-10T19:45:00Z,2026-03-10 19:45,2026-03-10 20:00,QH,116.62,118.06,114.93,116.74,85.1,24,116.63,113.28,3.34
2026-03-10T20:00:00Z,2026-03-10 20:00,2026-03-10 20:15,QH,70.71,72.63,59.91,70.05,25.8,4,74.24,76.59,-5.88
2026-03-10T20:15:00Z,2026-03-10 20:15,2026-03-10 20:30,QH,72.79,81.67,68.33,76.1,50.9,9,71.94,70.91,1.88
2026-03-10T20:30:00Z,2026-03-10 20:30,2026-03-10 20:45,QH,69.37,70.04,64.73,69.33,96.4,22,71.61,67.08,2.29
2026-03-10T20:45:00Z,2026-03-10 20:45,2026-03-10 21:00,QH,78.65,81.36,77.32,80.17,122.0,45,78.85,75.08,3.57
2026-03-10T21:00:00Z,2026-03-10 21:00,2026-03-10 21:15,QH,72.02,73.16,66.48,73.39,51.8,10,68.37,65.14,6.88
2026-03-10T21:15:00Z,2026-03-10 21:15,2026-03-10 21:30,QH,68.38,71.12,62.91,65.4,101.9,20,68.3,76.81,-8.43
2026-03-10T21:30:00Z,2026-03-10 21:30,2026-03-10 21:45,QH,85.42,88.05,80.47,90.34,122.8,21,85.0,74.84,10.58
2026-03-10T21:45:00Z,2026-03-10 21:45,2026-03-10 22:00,QH,80.94,82.4,79.99,80.57,50.0,9,83.24,78.24,2.7
2026-03-10T22:00:00Z,2026-03-10 22:00,2026-03-10 22:15,QH,77.43,79.27,76.45,77.98,105.3,47,79.09,76.7,0.73
2026-03-10T22:15:00Z,2026-03-10 22:15,2026-03-10 22:30,QH,78.5,78.51,78.31,83.45,147.7,29,79.23,72.41,6.1
2026-03-10T22:30:00Z,2026-03-10 22:30,2026-03-10 22:45,QH,55.99,59.79,50.26,56.53,70.6,9,53.35,65.12,-9.14
2026-03-10T22:45:00Z,2026-03-10 22:45,2026-03-10 23:00,QH,60.76,62.93,51.36,58.67,66.4,12,59.05,62.11,-1.35
2026-03-10T23:00:00Z,2026-03-10 23:00,2026-03-10 23:15,QH,75.7,76.26,69.87,74.78,102.2,49,74.12,77.43,-1.73
2026-03-10T23:15:00Z,2026-03-10 23:15,2026-03-10 23:30,QH,84.62,87.37,78.75,80.38,81.2,12,87.92,80.99,3.64
2026-03-10T23:30:00Z,2026-03-10 23:30,2026-03-10 23:45,QH,59.51,61.45,52.81,57.53,125.0,17,63.4,75.68,-16.17
2026-03-10T23:45:00Z,2026-03-10 23:45,2026-03-11 00:00,QH,66.79,77.04,63.54,63.49,56.3,15,69.89,67.52,-0.73
2026-03-11T00:00:00Z,2026-03-11 00:00,2026-03-11 00:15,QH,29.78,30.01,22.9,29.1,91.8,23,31.11,35.82,-6.04
2026-03-11T00:15:00Z,2026-03-11 00:15,2026-03-11 00:30,QH,47.1,49.54,44.54,47.22,105.9,14,51.41,43.76,3.34
2026-03-11T00:30:00Z,2026-03-11 00:30,2026-03-11 00:45,QH,57.88,62.25,56.28,57.48,94.8,16,60.03,39.73,18.15
2026-03-11T00:45:00Z,2026-03-11 00:45,2026-03-11 01:00,QH,54.37,58.57,41.83,55.39,87.8,16,52.85,45.58,8.78
2026-03-11T01:00:00Z,2026-03-11 01:00,2026-03-11 01:15,QH,41.13,43.33,37.69,38.99,79.1,11,40.59,37.37,3.76
2026-03-11T01:15:00Z,2026-03-11 01:15,2026-03-11 01:30,QH,42.05,53.27,37.37,44.06,98.9,23,38.44,39.87,2.18
2026-03-11T01:30:00Z,2026-03-11 01:30,2026-03-11 01:45,QH,110.12,118.11,108.0,111.05,64.0,10,107.94,33.53,76.58
2026-03-11T01:45:00Z,2026-03-11 01:45,2026-03-11 02:00,QH,32.8,40.78,26.1,36.34,134.7,43,32.78,46.45,-13.65
2026-03-11T02:00:00Z,2026-03-11 02:00,2026-03-11 02:15,QH,29.41,30.14,28.92,28.92,155.5,41,29.46,46.53,-17.12
2026-03-11T02:15:00Z,2026-03-11 02:15,2026-03-11 02:30,QH,24.97,25.96,23.77,24.28,66.9,8,23.71,34.06,-9.09
2026-03-11T02:30:00Z,2026-03-11 02:30,2026-03-11 02:45,QH,30.62,41.25,28.82,25.65,118.6,53,29.25,42.62,-12.0
2026-03-11T02:45:00Z,2026-03-11 02:45,2026-03-11 03:00,QH,4.96,10.03,4.65,-1.61,46.1,10,7.09,44.66,-39.7
2026-03-11T03:00:00Z,2026-03-11 03:00,2026-03-11 03:15,QH,28.64,32.44,22.88,29.79,73.1,11,28.99,43.43,-14.79
2026-03-11T03:15:00Z,2026-03-11 03:15,2026-03-11 03:30,QH,47.36,48.01,46.82,38.51,37.2,5,48.26,33.89,13.48
2026-03-11T03:30:00Z,2026-03-11 03:30,2026-03-11 03:45,QH,32.05,33.95,30.08,34.3,133.8,27,31.13,45.47,-13.41
2026-03-11T03:45:00Z,2026-03-11 03:45,2026-03-11 04:00,QH,35.46,37.75,31.72,34.49,92.4,26,38.94,38.45,-2.99
2026-03-11T04:00:00Z,2026-03-11 04:00,2026-03-11 04:15,QH,51.89,55.91,51.19,53.66,86.6,36,55.3,41.42,10.46
2026-03-11T04:15:00Z,2026-03-11 04:15,2026-03-11 04:30,QH,37.18,40.52,32.89,35.3,122.5,38,36.07,40.96,-3.78
2026-03-11T04:30:00Z,2026-03-11 04:30,2026-03-11 04:45,QH,31.26,35.39,23.72,33.98,39.0,5,30.92,44.53,-13.27
2026-03-11T04:45:00Z,2026-03-11 04:45,2026-03-11 05:00,QH,32.09,37.07,30.68,35.89,103.1,28,28.68,36.19,-4.11
2026-03-11T05:00:00Z,2026-03-11 05:00,2026-03-11 05:15,QH,36.5,39.95,35.88,34.28,96.3,42,35.44,34.96,1.54
2026-03-11T05:15:00Z,2026-03-11 05:15,2026-03-11 05:30,QH,53.89,56.48,44.87,57.2,91.8,36,55.49,43.24,10.65
2026-03-11T05:30:00Z,2026-03-11 05:30,2026-03-11 05:45,QH,47.79,50.48,44.12,49.73,105.0,17,46.23,43.18,4.62
2026-03-11T05:45:00Z,2026-03-11 05:45,2026-03-11 06:00,QH,56.04,57.02,45.99,53.34,106.2,24,54.5,31.95,24.1
2026-03-11T06:00:00Z,2026-03-11 06:00,2026-03-11 06:15,QH,26.46,29.26,19.46,29.41,130.2,51,24.86,35.85,-9.38
2026-03-11T06:15:00Z,2026-03-11 06:15,2026-03-11 06:30,QH,42.8,50.32,41.11,42.83,63.6,11,42.39,29.85,12.95
2026-03-11T06:30:00Z,2026-03-11 06:30,2026-03-11 06:45,QH,52.2,53.57,48.6,50.36,69.0,9,51.69,42.21,9.99
2026-03-11T06:45:00Z,2026-03-11 06:45,2026-03-11 07:00,QH,56.51,60.43,47.31,57.33,92.1,13,57.27,35.74,20.76
2026-03-11T07:00:00Z,2026-03-11 07:00,2026-03-11 07:15,QH,57.75,59.93,55.6,57.49,100.5,22,57.66,68.64,-10.89
2026-03-11T07:15:00Z,2026-03-11 07:15,2026-03-11 07:30,QH,66.31,68.95,53.71,67.54,36.4,5,65.68,78.28,-11.97
2026-03-11T07:30:00Z,2026-03-11 07:30,2026-03-11 07:45,QH,64.02,68.67,60.94,65.59,127.7,26,67.43,80.13,-16.11
2026-03-11T07:45:00Z,2026-03-11 07:45,2026-03-11 08:00,QH,37.46,40.79,29.58,41.36,92.5,22,34.66,64.28,-26.82
2026-03-11T08:00:00Z,2026-03-11 08:00,2026-03-11 08:15,QH,61.88,66.6,56.3,56.1,102.5,13,59.24,73.17,-11.29
2026-03-11T08:15:00Z,2026-03-11 08:15,2026-03-11 08:30,QH,89.18,90.21,84.29,84.08,138.0,33,90.16,83.54,5.64
2026-03-11T08:30:00Z,2026-03-11 08:30,2026-03-11 08:45,QH,96.13,100.0,94.68,98.11,106.6,18,91.35,74.89,21.24
2026-03-11T08:45:00Z,2026-03-11 08:45,2026-03-11 09:00,QH,88.33,97.18,80.22,85.94,60.0,8,87.76,75.21,13.12
2026-03-11T09:00:00Z,2026-03-11 09:00,2026-03-11 09:15,QH,105.99,109.54,102.18,109.48,60.8,7,103.1,72.57,33.42
2026-03-11T09:15:00Z,2026-03-11 09:15,2026-03-11 09:30,QH,71.96,73.28,70.84,69.88,65.5,14,73.02,74.38,-2.41
2026-03-11T09:30:00Z,2026-03-11 09:30,2026-03-11 09:45,QH,72.71,75.58,72.52,67.24,79.9,28,75.15,72.94,-0.23
2026-03-11T09:45:00Z,2026-03-11 09:45,2026-03-11 10:00,QH,75.11,79.26,73.1,75.88,92.5,14,75.76,79.2,-4.09
2026-03-11T10:00:00Z,2026-03-11 10:00,2026-03-11 10:15,QH,63.8,64.88,61.96,62.11,119.6,23,62.62,91.62,-27.82
2026-03-11T10:15:00Z,2026-03-11 10:15,2026-03-11 10:30,QH,84.45,87.28,84.04,86.03,119.8,19,85.07,71.43,13.02
2026-03-11T10:30:00Z,2026-03-11 10:30,2026-03-11 10:45,QH,98.08,105.62,95.81,100.05,31.3,12,95.82,79.91,18.17
2026-03-11T10:45:00Z,2026-03-11 10:45,2026-03-11 11:00,QH,78.82,82.63,77.13,81.91,132.8,35,78.92,79.96,-1.13
2026-03-11T11:00:00Z,2026-03-11 11:00,2026-03-11 11:15,QH,65.03,65.46,62.2,61.44,57.3,27,68.68,86.16,-21.13
2026-03-11T11:15:00Z,2026-03-11 11:15,2026-03-11 11:30,QH,82.16,85.34,68.25,81.02,117.2,23,84.45,72.88,9.28
2026-03-11T11:30:00Z,2026-03-11 11:30,2026-03-11 11:45,QH,81.5,82.0,77.71,83.3,10,3,81.95,84.69,-3.2
2026-03-11T11:45:00Z,2026-03-11 11:45,2026-03-11 12:00,QH,94.02,99.48,88.33,89.97,92.3,16,94.23,77.91,16.11
2026-03-11T12:00:00Z,2026-03-11 12:00,2026-03-11 12:15,QH,95.95,96.7,93.37,95.22,109.2,36,95.88,87.28,8.68
2026-03-11T12:15:00Z,2026-03-11 12:15,2026-03-11 12:30,QH,75.24,77.02,74.42,73.47,147.9,26,75.39,79.15,-3.9
2026-03-11T12:30:00Z,2026-03-11 12:30,2026-03-11 12:45,QH,98.99,101.31,91.0,101.19,128.8,18,101.55,82.09,16.9
2026-03-11T12:45:00Z,2026-03-11 12:45,2026-03-11 13:00,QH,89.52,100.76,84.89,90.23,30.7,13,89.52,79.58,9.94
2026-03-11T13:00:00Z,2026-03-11 13:00,2026-03-11 13:15,QH,77.9,80.29,73.92,67.6,79.7,12,78.27,82.46,-4.56
2026-03-11T13:15:00Z,2026-03-11 13:15,2026-03-11 13:30,QH,76.01,78.78,70.96,73.93,64.5,14,76.76,87.93,-11.91
2026-03-11T13:30:00Z,2026-03-11 13:30,2026-03-11 13:45,QH,76.4,81.38,76.34,79.02,82.8,11,76.49,80.87,-4.47
2026-03-11T13:45:00Z,2026-03-11 13:45,2026-03-11 14:00,QH,146.09,148.79,142.69,143.57,41.0,13,148.36,84.69,61.4
2026-03-11T14:00:00Z,2026-03-11 14:00,2026-03-11 14:15,QH,106.53,107.16,105.92,103.84,41.4,5,107.6,86.89,19.64
2026-03-11T14:15:00Z,2026-03-11 14:15,2026-03-11 14:30,QH,85.31,91.93,85.29,86.84,34.7,7,83.17,85.16,0.15
2026-03-11T14:30:00Z,2026-03-11 14:30,2026-03-11 14:45,QH,70.39,75.74,67.22,68.51,38.5,8,70.96,85.73,-15.34
2026-03-11T14:45:00Z,2026-03-11 14:45,2026-03-11 15:00,QH,60.18,64.7,55.24,62.57,49.6,18,59.42,85.85,-25.67
2026-03-11T15:00:00Z,2026-03-11 15:00,2026-03-11 15:15,QH,96.03,100.43,85.56,98.06,135.7,53,94.83,84.74,11.3
2026-03-11T15:15:00Z,2026-03-11 15:15,2026-03-11 15:30,QH,113.69,118.53,105.93,117.19,96.6,14,112.52,83.25,30.44
2026-03-11T15:30:00Z,2026-03-11 15:30,2026-03-11 15:45,QH,77.61,80.16,74.79,81.16,101.6,19,80.3,88.79,-11.17
2026-03-11T15:45:00Z,2026-03-11 15:45,2026-03-11 16:00,QH,71.91,74.48,71.86,65.42,107.0,28,70.89,83.26,-11.36
2026-03-11T16:00:00Z,2026-03-11 16:00,2026-03-11 16:15,QH,58.52,60.44,56.63,60.39,115.5,24,59.52,85.15,-26.63
2026-03-11T16:15:00Z,2026-03-11 16:15,2026-03-11 16:30,QH,80.5,84.73,76.33,79.34,113.2,15,76.76,81.94,-1.44
2026-03-11T16:30:00Z,2026-03-11 16:30,2026-03-11 16:45,QH,76.49,78.37,70.37,76.33,56.4,9,75.72,82.28,-5.8
2026-03-11T16:45:00Z,2026-03-11 16:45,2026-03-11 17:00,QH,68.78,71.1,58.8,69.53,59.3,29,69.99,77.13,-8.34
2026-03-11T17:00:00Z,2026-03-11 17:00,2026-03-11 17:15,QH,67.87,69.47,60.59,66.22,116.0,24,66.46,88.81,-20.94
2026-03-11T17:15:00Z,2026-03-11 17:15,2026-03-11 17:30,QH,72.66,87.35,72.45,74.57,89.5,17,70.92,75.01,-2.35
2026-03-11T17:30:00Z,2026-03-11 17:30,2026-03-11 17:45,QH,88.72,90.04,86.26,91.39,122.7,18,89.0,77.81,10.91
2026-03-11T17:45:00Z,2026-03-11 17:45,2026-03-11 18:00,QH,150.82,151.04,146.94,151.54,149.0,31,150.85,76.61,74.21
2026-03-11T18:00:00Z,2026-03-11 18:00,2026-03-11 18:15,QH,80.56,87.93,78.76,81.12,105.3,15,83.64,69.16,11.4
2026-03-11T18:15:00Z,2026-03-11 18:15,2026-03-11 18:30,QH,81.75,87.56,77.82,79.4,107.3,26,76.64,68.57,13.19
2026-03-11T18:30:00Z,2026-03-11 18:30,2026-03-11 18:45,QH,69.8,71.22,67.25,65.6,61.9,22,67.97,76.95,-7.15
2026-03-11T18:45:00Z,2026-03-11 18:45,2026-03-11 19:00,QH,67.52,67.53,65.71,68.4,71.3,10,65.43,89.06,-21.53
2026-03-11T19:00:00Z,2026-03-11 19:00,2026-03-11 19:15,QH,74.05,77.39,69.88,76.42,85.0,13,72.56,71.06,2.99
2026-03-11T19:15:00Z,2026-03-11 19:15,2026-03-11 19:30,QH,74.72,82.77,74.45,74.29,38.5,11,76.16,67.5,7.22
2026-03-11T19:30:00Z,2026-03-11 19:30,2026-03-11 19:45,QH,60.88,63.77,54.95,55.96,35.2,7,65.35,64.82,-3.94
2026-03-11T19:45:00Z,2026-03-11 19:45,2026-03-11 20:00,QH,79.9,83.14,72.59,75.55,77.6,28,82.22,62.86,17.04
2026-03-11T20:00:00Z,2026-03-11 20:00,2026-03-11 20:15,QH,53.6,58.6,51.8,47.52,97.7,13,49.97,39.84,13.76
2026-03-11T20:15:00Z,2026-03-11 20:15,2026-03-11 20:30,QH,37.56,38.22,32.84,38.45,90.7,18,38.47,40.76,-3.2
2026-03-11T20:30:00Z,2026-03-11 20:30,2026-03-11 20:45,QH,33.56,40.01,27.48,33.03,54.7,15,32.69,49.46,-15.91
2026-03-11T20:45:00Z,2026-03-11 20:45,2026-03-11 21:00,QH,47.12,49.64,46.52,44.47,100.4,47,49.58,44.63,2.49
2026-03-11T21:00:00Z,2026-03-11 21:00,2026-03-11 21:15,QH,69.41,75.84,66.28,68.67,117.1,14,71.3,39.16,30.26
2026-03-11T21:15:00Z,2026-03-11 21:15,2026-03-11 21:30,QH,26.62,34.91,23.35,26.43,99.1,20,23.99,39.23,-12.61
2026-03-11T21:30:00Z,2026-03-11 21:30,2026-03-11 21:45,QH,48.94,49.63,43.61,47.29,89.3,31,46.93,39.77,9.17
2026-03-11T21:45:00Z,2026-03-11 21:45,2026-03-11 22:00,QH,52.5,53.24,47.71,50.83,59.2,20,52.13,46.76,5.74
2026-03-11T22:00:00Z,2026-03-11 22:00,2026-03-11 22:15,QH,18.97,20.93,14.56,14.19,140.4,21,17.78,33.12,-14.16
2026-03-11T22:15:00Z,2026-03-11 22:15,2026-03-11 22:30,QH,36.81,42.53,35.34,32.1,88.0,13,37.07,38.94,-2.13
2026-03-11T22:30:00Z,2026-03-11 22:30,2026-03-11 22:45,QH,43.1,47.37,32.96,37.34,32.0,4,41.0,30.57,12.53
2026-03-11T22:45:00Z,2026-03-11 22:45,2026-03-11 23:00,QH,58.85,62.37,51.76,59.2,104.5,40,58.26,30.67,28.19
2026-03-11T23:00:00Z,2026-03-11 23:00,2026-03-11 23:15,QH,28.24,32.3,26.45,29.27,79.7,34,30.0,42.17,-13.93
2026-03-11T23:15:00Z,2026-03-11 23:15,2026-03-11 23:30,QH,47.09,48.45,46.69,42.35,87.5,11,48.43,47.92,-0.83
2026-03-11T23:30:00Z,2026-03-11 23:30,2026-03-11 23:45,QH,31.58,34.7,27.16,37.21,135.7,17,32.9,38.85,-7.27
2026-03-11T23:45:00Z,2026-03-11 23:45,2026-03-12 00:00,QH,33.99,34.02,25.88,30.27,79.5,12,33.13,41.47,-7.48
2026-03-12T00:00:00Z,2026-03-12 00:00,2026-03-12 00:15,QH,58.03,62.48,54.11,59.05,105.5,26,56.82,67.77,-9.74
2026-03-12T00:15:00Z,2026-03-12 00:15,2026-03-12 00:30,QH,57.82,59.48,55.97,61.25,78.6,16,56.91,61.19,-3.37
2026-03-12T00:30:00Z,2026-03-12 00:30,2026-03-12 00:45,QH,40.15,51.44,37.39,46.41,108.7,47,41.51,53.06,-12.9
2026-03-12T00:45:00Z,2026-03-12 00:45,2026-03-12 01:00,QH,64.82,66.32,56.41,61.44,77.4,10,65.94,63.19,1.63
2026-03-12T01:00:00Z,2026-03-12 01:00,2026-03-12 01:15,QH,63.06,73.36,61.8,65.98,71.3,23,66.96,65.89,-2.84
2026-03-12T01:15:00Z,2026-03-12 01:15,2026-03-12 01:30,QH,65.79,67.77,65.28,67.47,93.5,44,65.79,54.74,11.05
2026-03-12T01:30:00Z,2026-03-12 01:30,2026-03-12 01:45,QH,79.98,80.31,77.88,75.16,97.3,13,83.42,56.57,23.4
2026-03-12T01:45:00Z,2026-03-12 01:45,2026-03-12 02:00,QH,39.38,45.03,38.49,37.83,65.9,13,40.36,72.77,-33.39
2026-03-12T02:00:00Z,2026-03-12 02:00,2026-03-12 02:15,QH,53.58,69.31,51.34,58.17,47.2,21,54.75,55.56,-1.98
2026-03-12T02:15:00Z,2026-03-12 02:15,2026-03-12 02:30,QH,68.42,70.38,65.15,64.35,101.8,20,67.86,58.46,9.96
2026-03-12T02:30:00Z,2026-03-12 02:30,2026-03-12 02:45,QH,37.53,48.69,37.43,34.77,115.8,16,39.64,59.91,-22.38
2026-03-12T02:45:00Z,2026-03-12 02:45,2026-03-12 03:00,QH,50.69,53.66,50.21,51.24,54.6,12,55.94,65.22,-14.53
2026-03-12T03:00:00Z,2026-03-12 03:00,2026-03-12 03:15,QH,63.38,65.53,60.95,62.94,109.9,16,63.81,62.23,1.15
2026-03-12T03:15:00Z,2026-03-12 03:15,2026-03-12 03:30,QH,60.83,67.08,58.25,60.46,76.2,12,63.17,59.35,1.48
2026-03-12T03:30:00Z,2026-03-12 03:30,2026-03-12 03:45,QH,66.91,71.19,66.12,64.66,117.3,20,69.18,57.55,9.35
2026-03-12T03:45:00Z,2026-03-12 03:45,2026-03-12 04:00,QH,59.91,61.73,56.58,57.13,86.7,13,61.79,57.04,2.87
2026-03-12T04:00:00Z,2026-03-12 04:00,2026-03-12 04:15,QH,55.46,55.85,48.79,57.11,125.6,31,55.5,59.55,-4.08
2026-03-12T04:15:00Z,2026-03-12 04:15,2026-03-12 04:30,QH,62.53,64.6,57.4,60.87,16.8,5,60.87,60.35,2.18
2026-03-12T04:30:00Z,2026-03-12 04:30,2026-03-12 04:45,QH,66.49,70.36,63.96,67.7,125.9,41,70.83,58.64,7.85
2026-03-12T04:45:00Z,2026-03-12 04:45,2026-03-12 05:00,QH,88.12,90.97,85.4,83.74,71.0,13,89.35,61.38,26.75
2026-03-12T05:00:00Z,2026-03-12 05:00,2026-03-12 05:15,QH,69.18,76.68,67.48,69.69,53.7,6,70.94,70.17,-0.99
2026-03-12T05:15:00Z,2026-03-12 05:15,2026-03-12 05:30,QH,64.54,67.06,61.94,66.44,66.3,10,67.69,55.85,8.69
2026-03-12T05:30:00Z,2026-03-12 05:30,2026-03-12 05:45,QH,55.5,57.03,46.06,56.58,60.0,17,55.68,55.43,0.07
2026-03-12T05:45:00Z,2026-03-12 05:45,2026-03-12 06:00,QH,43.82,47.61,41.38,43.26,79.7,12,41.46,52.19,-8.37
2026-03-12T06:00:00Z,2026-03-12 06:00,2026-03-12 06:15,QH,66.32,70.26,65.25,65.22,47.8,15,65.19,53.69,12.62
2026-03-12T06:15:00Z,2026-03-12 06:15,2026-03-12 06:30,QH,44.4,45.43,38.26,45.63,85.9,16,41.07,65.14,-20.74
2026-03-12T06:30:00Z,2026-03-12 06:30,2026-03-12 06:45,QH,50.23,61.18,47.83,52.92,101.5,20,48.68,61.94,-11.7
2026-03-12T06:45:00Z,2026-03-12 06:45,2026-03-12 07:00,QH,58.9,63.46,51.19,60.63,68.4,21,58.63,50.88,8.02
2026-03-12T07:00:00Z,2026-03-12 07:00,2026-03-12 07:15,QH,76.4,77.79,71.35,70.91,49.0,6,75.26,84.3,-7.89
2026-03-12T07:15:00Z,2026-03-12 07:15,2026-03-12 07:30,QH,194.2,202.39,189.24,195.01,69.8,8,196.08,93.91,100.29
2026-03-12T07:30:00Z,2026-03-12 07:30,2026-03-12 07:45,QH,105.57,107.11,101.36,107.16,17.4,3,108.64,82.13,23.44
2026-03-12T07:45:00Z,2026-03-12 07:45,2026-03-12 08:00,QH,97.21,100.52,96.93,99.74,126.2,34,99.01,90.43,6.77
2026-03-12T08:00:00Z,2026-03-12 08:00,2026-03-12 08:15,QH,80.37,82.86,74.92,78.69,81.3,12,82.8,100.21,-19.85
2026-03-12T08:15:00Z,2026-03-12 08:15,2026-03-12 08:30,QH,103.13,110.52,102.69,101.65,33.4,6,104.18,89.05,14.09
2026-03-12T08:30:00Z,2026-03-12 08:30,2026-03-12 08:45,QH,127.54,129.19,126.69,127.66,50.9,7,126.79,100.06,27.49
2026-03-12T08:45:00Z,2026-03-12 08:45,2026-03-12 09:00,QH,198.03,200.71,193.37,195.53,104.2,15,198.79,88.24,109.79
2026-03-12T09:00:00Z,2026-03-12 09:00,2026-03-12 09:15,QH,95.06,108.15,91.13,97.32,37.5,8,99.85,101.38,-6.32
2026-03-12T09:15:00Z,2026-03-12 09:15,2026-03-12 09:30,QH,172.7,173.4,169.27,174.33,76.5,14,172.71,104.78,67.92
2026-03-12T09:30:00Z,2026-03-12 09:30,2026-03-12 09:45,QH,127.07,127.58,125.45,132.7,108.3,22,127.71,92.97,34.09
2026-03-12T09:45:00Z,2026-03-12 09:45,2026-03-12 10:00,QH,91.12,93.58,84.89,92.19,108.4,20,89.34,92.74,-1.62
2026-03-12T10:00:00Z,2026-03-12 10:00,2026-03-12 10:15,QH,136.13,137.15,134.0,135.27,49.2,9,135.52,100.18,35.95
2026-03-12T10:15:00Z,2026-03-12 10:15,2026-03-12 10:30,QH,85.3,90.88,75.38,85.02,118.9,48,83.38,103.16,-17.86
2026-03-12T10:30:00Z,2026-03-12 10:30,2026-03-12 10:45,QH,101.15,102.79,97.11,103.6,87.5,35,102.26,103.37,-2.22
2026-03-12T10:45:00Z,2026-03-12 10:45,2026-03-12 11:00,QH,94.98,97.58,87.72,97.29,102.6,42,95.34,105.26,-10.27
2026-03-12T11:00:00Z,2026-03-12 11:00,2026-03-12 11:15,QH,89.66,90.64,84.26,90.09,56.9,18,85.43,101.81,-12.15
2026-03-12T11:15:00Z,2026-03-12 11:15,2026-03-12 11:30,QH,100.7,102.34,100.05,101.17,86.7,14,100.51,101.06,-0.36
2026-03-12T11:30:00Z,2026-03-12 11:30,2026-03-12 11:45,QH,88.22,92.77,87.9,91.41,93.0,31,91.71,96.36,-8.13
2026-03-12T11:45:00Z,2026-03-12 11:45,2026-03-12 12:00,QH,88.91,96.78,88.67,86.94,91.6,24,88.87,100.69,-11.78
2026-03-12T12:00:00Z,2026-03-12 12:00,2026-03-12 12:15,QH,95.1,99.07,90.49,96.5,59.4,21,97.17,98.03,-2.94
2026-03-12T12:15:00Z,2026-03-12 12:15,2026-03-12 12:30,QH,107.33,114.39,101.03,109.09,92.5,34,107.84,102.69,4.64
2026-03-12T12:30:00Z,2026-03-12 12:30,2026-03-12 12:45,QH,87.1,91.24,85.72,90.32,104.2,26,87.49,92.71,-5.61
2026-03-12T12:45:00Z,2026-03-12 12:45,2026-03-12 13:00,QH,93.28,97.44,88.97,92.48,60.7,14,91.11,102.8,-9.52
2026-03-12T13:00:00Z,2026-03-12 13:00,2026-03-12 13:15,QH,102.07,105.72,100.25,98.28,76.6,28,98.13,105.85,-3.78
2026-03-12T13:15:00Z,2026-03-12 13:15,2026-03-12 13:30,QH,108.19,113.51,104.69,105.75,102.7,17,106.49,105.07,3.12
2026-03-12T13:30:00Z,2026-03-12 13:30,2026-03-12 13:45,QH,96.97,103.47,95.08,94.78,70.0,9,99.11,107.07,-10.1
2026-03-12T13:45:00Z,2026-03-12 13:45,2026-03-12 14:00,QH,102.73,103.31,100.03,108.65,84.9,15,101.18,97.33,5.4
2026-03-12T14:00:00Z,2026-03-12 14:00,2026-03-12 14:15,QH,93.79,101.75,79.35,90.92,98.4,14,92.31,106.91,-13.12
2026-03-12T14:15:00Z,2026-03-12 14:15,2026-03-12 14:30,QH,111.12,117.39,110.79,110.25,98.3,22,112.42,107.16,3.97
2026-03-12T14:30:00Z,2026-03-12 14:30,2026-03-12 14:45,QH,113.98,117.75,113.97,118.84,78.3,18,115.82,104.12,9.87
2026-03-12T14:45:00Z,2026-03-12 14:45,2026-03-12 15:00,QH,121.54,127.47,120.7,122.8,108.2,32,120.88,106.92,14.63
2026-03-12T15:00:00Z,2026-03-12 15:00,2026-03-12 15:15,QH,91.1,99.62,91.06,86.54,64.5,9,86.49,97.84,-6.74
2026-03-12T15:15:00Z,2026-03-12 15:15,2026-03-12 15:30,QH,122.01,128.75,120.89,118.78,99.6,15,120.59,100.69,21.32
2026-03-12T15:30:00Z,2026-03-12 15:30,2026-03-12 15:45,QH,97.32,106.76,93.1,97.81,132.4,17,95.3,104.24,-6.92
2026-03-12T15:45:00Z,2026-03-12 15:45,2026-03-12 16:00,QH,110.43,116.92,109.92,111.02,72.2,28,109.66,106.77,3.66
2026-03-12T16:00:00Z,2026-03-12 16:00,2026-03-12 16:15,QH,91.85,95.41,82.29,89.04,101.7,20,90.98,91.61,0.23
2026-03-12T16:15:00Z,2026-03-12 16:15,2026-03-12 16:30,QH,113.96,118.29,111.7,117.23,82.9,11,111.57,96.34,17.62
2026-03-12T16:30:00Z,2026-03-12 16:30,2026-03-12 16:45,QH,112.14,117.0,109.78,109.58,84.5,26,113.36,102.6,9.54
2026-03-12T16:45:00Z,2026-03-12 16:45,2026-03-12 17:00,QH,170.54,175.49,168.71,171.15,87.9,22,171.96,104.47,66.06
2026-03-12T17:00:00Z,2026-03-12 17:00,2026-03-12 17:15,QH,102.91,111.62,100.85,96.59,96.1,24,103.02,101.72,1.19
2026-03-12T17:15:00Z,2026-03-12 17:15,2026-03-12 17:30,QH,93.67,94.61,93.27,97.43,84.9,27,93.95,99.99,-6.32
2026-03-12T17:30:00Z,2026-03-12 17:30,2026-03-12 17:45,QH,99.58,104.89,92.54,99.32,10.5,3,101.26,97.35,2.23
2026-03-12T17:45:00Z,2026-03-12 17:45,2026-03-12 18:00,QH,112.98,118.0,110.49,108.89,42.5,8,115.89,99.56,13.42
2026-03-12T18:00:00Z,2026-03-12 18:00,2026-03-12 18:15,QH,101.33,103.19,97.89,101.19,90.6,16,101.59,93.11,8.22
2026-03-12T18:15:00Z,2026-03-12 18:15,2026-03-12 18:30,QH,120.34,127.53,119.7,115.8,85.5,17,120.49,81.44,38.9
2026-03-12T18:30:00Z,2026-03-12 18:30,2026-03-12 18:45,QH,83.7,89.35,82.19,81.91,37.9,5,84.83,93.93,-10.23
2026-03-12T18:45:00Z,2026-03-12 18:45,2026-03-12 19:00,QH,106.62,107.32,104.44,108.64,130.3,16,103.59,99.96,6.66
2026-03-12T19:00:00Z,2026-03-12 19:00,2026-03-12 19:15,QH,99.43,102.05,94.42,101.38,85.2,11,100.8,89.12,10.31
2026-03-12T19:15:00Z,2026-03-12 19:15,2026-03-12 19:30,QH,104.82,108.56,102.12,104.05,122.0,26,102.29,92.76,12.06
2026-03-12T19:30:00Z,2026-03-12 19:30,2026-03-12 19:45,QH,110.62,118.39,106.81,114.28,28.1,7,106.76,94.87,15.75
2026-03-12T19:45:00Z,2026-03-12 19:45,2026-03-12 20:00,QH,75.41,83.27,69.18,73.7,89.4,21,73.77,90.9,-15.49
2026-03-12T20:00:00Z,2026-03-12 20:00,2026-03-12 20:15,QH,48.75,54.15,40.75,48.57,111.6,16,49.81,53.4,-4.65
2026-03-12T20:15:00Z,2026-03-12 20:15,2026-03-12 20:30,QH,56.65,60.95,51.35,59.19,75.6,13,55.51,57.02,-0.37
2026-03-12T20:30:00Z,2026-03-12 20:30,2026-03-12 20:45,QH,65.04,74.97,60.07,66.81,44.2,5,65.35,56.17,8.88
2026-03-12T20:45:00Z,2026-03-12 20:45,2026-03-12 21:00,QH,77.29,85.39,73.48,78.92,110.9,21,77.02,54.7,22.59
2026-03-12T21:00:00Z,2026-03-12 21:00,2026-03-12 21:15,QH,35.34,38.11,31.54,33.41,57.3,16,37.38,63.41,-28.07
2026-03-12T21:15:00Z,2026-03-12 21:15,2026-03-12 21:30,QH,53.88,55.36,52.77,53.19,51.0,24,53.42,54.52,-0.64
2026-03-12T21:30:00Z,2026-03-12 21:30,2026-03-12 21:45,QH,66.85,73.83,66.59,71.98,74.5,11,68.28,52.76,14.09
2026-03-12T21:45:00Z,2026-03-12 21:45,2026-03-12 22:00,QH,48.72,52.53,48.61,48.21,99.4,16,48.91,67.78,-19.06
2026-03-12T22:00:00Z,2026-03-12 22:00,2026-03-12 22:15,QH,68.86,71.88,60.27,66.01,78.8,11,68.99,54.98,13.88
2026-03-12T22:15:00Z,2026-03-12 22:15,2026-03-12 22:30,QH,63.1,64.58,60.09,60.3,42.9,17,61.08,56.57,6.53
2026-03-12T22:30:00Z,2026-03-12 22:30,2026-03-12 22:45,QH,44.25,45.42,42.05,45.41,77.3,21,42.48,57.61,-13.36
2026-03-12T22:45:00Z,2026-03-12 22:45,2026-03-12 23:00,QH,42.85,46.97,34.76,43.23,103.4,36,43.89,63.62,-20.77
2026-03-12T23:00:00Z,2026-03-12 23:00,2026-03-12 23:15,QH,60.16,63.44,56.55,62.85,59.8,15,57.73,63.94,-3.78
2026-03-12T23:15:00Z,2026-03-12 23:15,2026-03-12 23:30,QH,46.5,52.98,45.03,46.41,74.4,11,46.31,58.06,-11.55
2026-03-12T23:30:00Z,2026-03-12 23:30,2026-03-12 23:45,QH,53.23,58.74,53.02,53.51,99.4,13,54.25,66.2,-12.97
2026-03-12T23:45:00Z,2026-03-12 23:45,2026-03-13 00:00,QH,35.81,43.68,35.67,36.84,99.5,13,37.62,61.43,-25.62
2026-03-13T00:00:00Z,2026-03-13 00:00,2026-03-13 00:15,QH,36.94,47.41,35.83,36.26,102.9,14,33.32,69.42,-32.48
2026-03-13T00:15:00Z,2026-03-13 00:15,2026-03-13 00:30,QH,60.02,63.11,58.43,59.08,109.9,24,59.65,60.72,-0.7
2026-03-13T00:30:00Z,2026-03-13 00:30,2026-03-13 00:45,QH,43.32,47.63,40.79,45.03,102.9,13,42.36,59.59,-16.28
2026-03-13T00:45:00Z,2026-03-13 00:45,2026-03-13 01:00,QH,64.52,67.25,63.22,59.95,76.8,18,64.91,58.09,6.43
2026-03-13T01:00:00Z,2026-03-13 01:00,2026-03-13 01:15,QH,61.93,62.1,58.06,63.54,96.3,19,63.7,60.23,1.69
2026-03-13T01:15:00Z,2026-03-13 01:15,2026-03-13 01:30,QH,64.83,69.73,57.95,65.64,43.2,6,64.21,68.78,-3.95
2026-03-13T01:30:00Z,2026-03-13 01:30,2026-03-13 01:45,QH,71.74,78.73,68.99,67.61,135.2,17,71.54,59.86,11.88
2026-03-13T01:45:00Z,2026-03-13 01:45,2026-03-13 02:00,QH,44.29,49.92,44.08,41.07,102.3,38,44.15,61.38,-17.08
2026-03-13T02:00:00Z,2026-03-13 02:00,2026-03-13 02:15,QH,71.87,75.75,67.15,70.12,53.0,22,71.97,51.41,20.46
2026-03-13T02:15:00Z,2026-03-13 02:15,2026-03-13 02:30,QH,49.75,50.84,37.15,49.11,10,3,51.91,57.81,-8.07
2026-03-13T02:30:00Z,2026-03-13 02:30,2026-03-13 02:45,QH,52.78,56.6,47.27,48.76,102.1,17,51.14,63.24,-10.46
2026-03-13T02:45:00Z,2026-03-13 02:45,2026-03-13 03:00,QH,69.49,74.34,66.84,68.77,119.6,36,71.86,58.22,11.27
2026-03-13T03:00:00Z,2026-03-13 03:00,2026-03-13 03:15,QH,76.1,85.16,74.96,75.41,64.6,9,76.4,66.53,9.57
2026-03-13T03:15:00Z,2026-03-13 03:15,2026-03-13 03:30,QH,52.38,53.86,47.82,51.42,13.0,4,50.73,60.68,-8.3
2026-03-13T03:30:00Z,2026-03-13 03:30,2026-03-13 03:45,QH,70.55,73.07,63.48,69.12,60.0,8,71.41,51.63,18.93
2026-03-13T03:45:00Z,2026-03-13 03:45,2026-03-13 04:00,QH,61.96,72.09,57.39,64.63,68.9,9,61.36,55.37,6.59
2026-03-13T04:00:00Z,2026-03-13 04:00,2026-03-13 04:15,QH,63.59,64.39,61.72,65.17,102.8,20,62.21,56.83,6.76
2026-03-13T04:15:00Z,2026-03-13 04:15,2026-03-13 04:30,QH,74.23,77.49,73.93,77.91,84.0,17,74.7,69.97,4.25
2026-03-13T04:30:00Z,2026-03-13 04:30,2026-03-13 04:45,QH,66.42,69.94,56.66,63.31,69.6,13,63.48,55.67,10.74
2026-03-13T04:45:00Z,2026-03-13 04:45,2026-03-13 05:00,QH,74.79,86.17,74.36,68.59,51.5,9,70.38,68.29,6.5
2026-03-13T05:00:00Z,2026-03-13 05:00,2026-03-13 05:15,QH,55.89,56.03,55.52,51.21,44.2,5,53.95,76.75,-20.86
2026-03-13T05:15:00Z,2026-03-13 05:15,2026-03-13 05:30,QH,41.3,43.98,35.72,41.22,89.0,21,40.25,57.49,-16.19
2026-03-13T05:30:00Z,2026-03-13 05:30,2026-03-13 05:45,QH,106.87,108.73,102.0,106.12,127.8,48,108.43,59.21,47.66
2026-03-13T05:45:00Z,2026-03-13 05:45,2026-03-13 06:00,QH,51.21,53.21,44.37,53.58,30.3,10,49.94,56.75,-5.54
2026-03-13T06:00:00Z,2026-03-13 06:00,2026-03-13 06:15,QH,63.43,67.88,54.77,60.05,129.2,27,61.54,64.64,-1.21
2026-03-13T06:15:00Z,2026-03-13 06:15,2026-03-13 06:30,QH,70.39,76.01,68.68,69.3,83.1,10,69.81,59.4,10.99
2026-03-13T06:30:00Z,2026-03-13 06:30,2026-03-13 06:45,QH,49.13,51.46,44.85,44.64,103.4,41,48.62,53.84,-4.71
2026-03-13T06:45:00Z,2026-03-13 06:45,2026-03-13 07:00,QH,67.06,69.06,61.1,64.93,115.7,32,68.94,62.26,4.8
2026-03-13T07:00:00Z,2026-03-13 07:00,2026-03-13 07:15,QH,109.69,111.2,106.48,109.15,135.0,48,106.99,93.87,15.82
2026-03-13T07:15:00Z,2026-03-13 07:15,2026-03-13 07:30,QH,103.33,109.86,100.45,104.04,105.4,16,103.72,101.56,1.77
2026-03-13T07:30:00Z,2026-03-13 07:30,2026-03-13 07:45,QH,80.52,89.37,76.96,86.02,100.7,28,81.15,96.53,-16.01
2026-03-13T07:45:00Z,2026-03-13 07:45,2026-03-13 08:00,QH,102.39,103.37,95.26,101.63,124.7,18,101.43,91.43,10.96
2026-03-13T08:00:00Z,2026-03-13 08:00,2026-03-13 08:15,QH,103.94,105.64,96.05,107.62,135.6,67,104.33,96.9,7.03
2026-03-13T08:15:00Z,2026-03-13 08:15,2026-03-13 08:30,QH,97.7,97.85,95.89,95.07,47.7,14,97.0,101.27,-3.57
2026-03-13T08:30:00Z,2026-03-13 08:30,2026-03-13 08:45,QH,125.6,128.8,124.31,126.81,126.6,18,128.53,107.01,18.58
2026-03-13T08:45:00Z,2026-03-13 08:45,2026-03-13 09:00,QH,106.51,109.07,106.06,104.68,88.7,13,104.06,93.65,12.86
2026-03-13T09:00:00Z,2026-03-13 09:00,2026-03-13 09:15,QH,90.23,97.53,88.7,95.21,85.1,27,90.4,104.76,-14.53
2026-03-13T09:15:00Z,2026-03-13 09:15,2026-03-13 09:30,QH,98.1,98.14,92.54,99.7,93.6,33,98.06,98.88,-0.77
2026-03-13T09:30:00Z,2026-03-13 09:30,2026-03-13 09:45,QH,196.42,198.36,194.19,195.81,106.7,19,199.46,105.6,90.83
2026-03-13T09:45:00Z,2026-03-13 09:45,2026-03-13 10:00,QH,80.82,81.3,80.68,80.34,87.5,12,80.11,102.0,-21.18
2026-03-13T10:00:00Z,2026-03-13 10:00,2026-03-13 10:15,QH,114.2,117.0,105.55,113.71,135.5,31,114.25,110.25,3.95
2026-03-13T10:15:00Z,2026-03-13 10:15,2026-03-13 10:30,QH,100.38,108.34,100.03,101.99,66.9,8,101.59,116.91,-16.53
2026-03-13T10:30:00Z,2026-03-13 10:30,2026-03-13 10:45,QH,105.82,112.35,104.14,102.29,110.1,31,102.38,111.3,-5.48
2026-03-13T10:45:00Z,2026-03-13 10:45,2026-03-13 11:00,QH,91.77,102.66,89.38,92.87,78.7,32,95.76,103.18,-11.4
2026-03-13T11:00:00Z,2026-03-13 11:00,2026-03-13 11:15,QH,104.64,107.11,101.46,105.17,96.9,18,104.96,100.64,4.0
2026-03-13T11:15:00Z,2026-03-13 11:15,2026-03-13 11:30,QH,122.14,124.93,122.05,121.54,93.9,20,121.38,103.27,18.87
2026-03-13T11:30:00Z,2026-03-13 11:30,2026-03-13 11:45,QH,96.84,98.11,93.15,97.76,144.3,25,96.13,108.35,-11.52
2026-03-13T11:45:00Z,2026-03-13 11:45,2026-03-13 12:00,QH,110.56,115.55,102.65,111.6,99.1,16,112.27,105.91,4.65
2026-03-13T12:00:00Z,2026-03-13 12:00,2026-03-13 12:15,QH,109.04,118.12,104.93,106.82,112.7,26,107.89,104.4,4.64
2026-03-13T12:15:00Z,2026-03-13 12:15,2026-03-13 12:30,QH,104.51,105.83,99.93,102.61,141.7,27,105.57,107.45,-2.94
2026-03-13T12:30:00Z,2026-03-13 12:30,2026-03-13 12:45,QH,93.5,101.92,85.75,97.03,135.3,18,90.9,101.83,-8.33
2026-03-13T12:45:00Z,2026-03-13 12:45,2026-03-13 13:00,QH,127.3,142.51,126.45,130.83,94.7,16,128.19,104.8,22.5
2026-03-13T13:00:00Z,2026-03-13 13:00,2026-03-13 13:15,QH,91.33,93.42,82.66,93.93,101.4,15,93.47,107.07,-15.74
2026-03-13T13:15:00Z,2026-03-13 13:15,2026-03-13 13:30,QH,113.71,116.01,113.25,116.35,120.2,18,112.83,106.61,7.1
2026-03-13T13:30:00Z,2026-03-13 13:30,2026-03-13 13:45,QH,116.79,119.24,111.72,114.5,61.5,8,122.4,107.04,9.76
2026-03-13T13:45:00Z,2026-03-13 13:45,2026-03-13 14:00,QH,89.09,91.12,88.92,88.31,80.8,12,88.44,110.27,-21.18
2026-03-13T14:00:00Z,2026-03-13 14:00,2026-03-13 14:15,QH,109.61,112.64,100.72,113.2,103.2,20,107.55,99.97,9.64
2026-03-13T14:15:00Z,2026-03-13 14:15,2026-03-13 14:30,QH,95.99,101.54,92.91,94.45,67.3,10,96.79,108.18,-12.19
2026-03-13T14:30:00Z,2026-03-13 14:30,2026-03-13 14:45,QH,101.22,107.09,98.87,97.6,92.1,11,100.57,101.14,0.08
2026-03-13T14:45:00Z,2026-03-13 14:45,2026-03-13 15:00,QH,110.03,114.34,109.1,110.23,103.9,20,107.8,113.29,-3.26
2026-03-13T15:00:00Z,2026-03-13 15:00,2026-03-13 15:15,QH,84.77,88.66,80.05,85.56,48.6,16,80.23,91.18,-6.41
2026-03-13T15:15:00Z,2026-03-13 15:15,2026-03-13 15:30,QH,100.77,112.3,98.46,97.87,75.9,29,99.26,102.71,-1.93
2026-03-13T15:30:00Z,2026-03-13 15:30,2026-03-13 15:45,QH,110.55,117.66,107.49,110.44,41.4,6,109.11,104.19,6.36
2026-03-13T15:45:00Z,2026-03-13 15:45,2026-03-13 16:00,QH,98.94,100.68,95.37,96.55,66.9,13,97.53,109.98,-11.04
2026-03-13T16:00:00Z,2026-03-13 16:00,2026-03-13 16:15,QH,125.47,128.41,122.39,123.16,67.5,31,126.27,106.23,19.25
2026-03-13T16:15:00Z,2026-03-13 16:15,2026-03-13 16:30,QH,116.76,117.45,112.35,114.15,111.4,18,116.57,108.4,8.36
2026-03-13T16:30:00Z,2026-03-13 16:30,2026-03-13 16:45,QH,80.35,80.5,73.03,77.4,135.2,42,84.54,99.63,-19.28
2026-03-13T16:45:00Z,2026-03-13 16:45,2026-03-13 17:00,QH,97.15,97.16,86.27,101.33,115.4,16,98.32,98.89,-1.73
2026-03-13T17:00:00Z,2026-03-13 17:00,2026-03-13 17:15,QH,117.78,121.77,116.84,117.8,52.8,8,117.95,108.09,9.69
2026-03-13T17:15:00Z,2026-03-13 17:15,2026-03-13 17:30,QH,107.92,118.56,103.82,108.49,77.1,11,109.27,105.35,2.58
2026-03-13T17:30:00Z,2026-03-13 17:30,2026-03-13 17:45,QH,91.51,100.49,86.04,94.13,79.5,28,91.46,99.83,-8.32
2026-03-13T17:45:00Z,2026-03-13 17:45,2026-03-13 18:00,QH,195.99,198.58,192.04,197.88,82.6,12,195.39,99.02,96.97
2026-03-13T18:00:00Z,2026-03-13 18:00,2026-03-13 18:15,QH,74.52,77.99,74.41,75.27,59.6,12,74.88,90.38,-15.86
2026-03-13T18:15:00Z,2026-03-13 18:15,2026-03-13 18:30,QH,101.02,102.67,97.01,104.82,81.1,10,100.32,96.57,4.45
2026-03-13T18:30:00Z,2026-03-13 18:30,2026-03-13 18:45,QH,105.23,109.82,99.1,104.72,74.1,23,109.81,95.87,9.37
2026-03-13T18:45:00Z,2026-03-13 18:45,2026-03-13 19:00,QH,97.6,104.07,96.67,95.56,78.4,16,100.76,92.46,5.14
2026-03-13T19:00:00Z,2026-03-13 19:00,2026-03-13 19:15,QH,96.99,97.77,89.71,102.15,112.6,29,98.13,93.52,3.48
2026-03-13T19:15:00Z,2026-03-13 19:15,2026-03-13 19:30,QH,98.64,100.27,97.12,93.21,59.0,14,97.65,99.16,-0.52
2026-03-13T19:30:00Z,2026-03-13 19:30,2026-03-13 19:45,QH,91.56,95.33,90.85,89.93,78.1,13,90.09,90.22,1.34
2026-03-13T19:45:00Z,2026-03-13 19:45,2026-03-13 20:00,QH,105.71,106.59,97.54,108.51,71.7,11,107.89,97.07,8.64
2026-03-13T20:00:00Z,2026-03-13 20:00,2026-03-13 20:15,QH,52.58,55.72,49.8,48.13,104.8,13,50.27,60.47,-7.89
2026-03-13T20:15:00Z,2026-03-13 20:15,2026-03-13 20:30,QH,50.26,54.73,40.0,51.5,55.2,7,47.18,62.57,-12.31
2026-03-13T20:30:00Z,2026-03-13 20:30,2026-03-13 20:45,QH,60.32,62.68,58.17,58.67,64.6,10,59.05,46.49,13.83
2026-03-13T20:45:00Z,2026-03-13 20:45,2026-03-13 21:00,QH,81.3,81.89,72.95,82.68,60.1,16,78.85,65.8,15.5
2026-03-13T21:00:00Z,2026-03-13 21:00,2026-03-13 21:15,QH,62.64,64.3,60.53,56.26,41.0,7,63.44,63.94,-1.3
2026-03-13T21:15:00Z,2026-03-13 21:15,2026-03-13 21:30,QH,59.43,63.47,51.12,56.94,135.8,17,59.0,63.52,-4.09
2026-03-13T21:30:00Z,2026-03-13 21:30,2026-03-13 21:45,QH,53.21,53.64,50.21,53.91,97.6,18,51.83,51.62,1.59
2026-03-13T21:45:00Z,2026-03-13 21:45,2026-03-13 22:00,QH,55.18,63.0,45.83,56.01,119.6,15,57.2,63.51,-8.33
2026-03-13T22:00:00Z,2026-03-13 22:00,2026-03-13 22:15,QH,71.01,74.83,70.01,76.55,77.8,10,70.54,63.05,7.96
2026-03-13T22:15:00Z,2026-03-13 22:15,2026-03-13 22:30,QH,53.67,55.1,45.39,52.92,44.1,17,56.02,62.0,-8.32
2026-03-13T22:30:00Z,2026-03-13 22:30,2026-03-13 22:45,QH,46.37,46.38,43.88,47.4,43.9,6,45.64,57.9,-11.53
2026-03-13T22:45:00Z,2026-03-13 22:45,2026-03-13 23:00,QH,33.73,33.73,25.99,31.63,78.4,10,34.04,62.78,-29.05
2026-03-13T23:00:00Z,2026-03-13 23:00,2026-03-13 23:15,QH,67.71,72.79,65.71,65.93,105.8,16,69.51,60.16,7.56
2026-03-13T23:15:00Z,2026-03-13 23:15,2026-03-13 23:30,QH,54.86,55.22,53.22,54.32,96.7,17,52.73,64.42,-9.56
2026-03-13T23:30:00Z,2026-03-13 23:30,2026-03-13 23:45,QH,56.97,62.46,51.16,58.7,95.4,25,57.43,64.66,-7.69
2026-03-13T23:45:00Z,2026-03-13 23:45,2026-03-14 00:00,QH,44.64,48.93,44.51,42.96,130.9,17,45.66,66.61,-21.96
2026-03-14T00:00:00Z,2026-03-14 00:00,2026-03-14 00:15,QH,41.09,48.9,39.74,41.51,10,3,42.6,32.99,8.09
2026-03-14T00:15:00Z,2026-03-14 00:15,2026-03-14 00:30,QH,18.6,23.71,14.88,16.92,54.1,12,20.0,32.81,-14.21
2026-03-14T00:30:00Z,2026-03-14 00:30,2026-03-14 00:45,QH,21.71,22.8,16.83,28.88,62.9,8,24.74,32.97,-11.26
2026-03-14T00:45:00Z,2026-03-14 00:45,2026-03-14 01:00,QH,30.52,32.08,28.23,30.84,102.8,14,28.05,38.41,-7.88
2026-03-14T01:00:00Z,2026-03-14 01:00,2026-03-14 01:15,QH,54.34,60.69,52.34,56.26,136.8,34,54.59,43.13,11.21
2026-03-14T01:15:00Z,2026-03-14 01:15,2026-03-14 01:30,QH,37.24,38.97,35.38,39.56,46.1,5,36.28,34.45,2.79
2026-03-14T01:30:00Z,2026-03-14 01:30,2026-03-14 01:45,QH,40.49,46.07,39.61,43.11,84.3,11,43.65,40.71,-0.22
2026-03-14T01:45:00Z,2026-03-14 01:45,2026-03-14 02:00,QH,34.79,36.65,34.71,33.49,93.6,31,32.49,26.59,8.2
2026-03-14T02:00:00Z,2026-03-14 02:00,2026-03-14 02:15,QH,36.43,45.95,30.13,37.27,118.5,28,34.87,44.91,-8.49
2026-03-14T02:15:00Z,2026-03-14 02:15,2026-03-14 02:30,QH,17.19,17.99,6.4,18.15,93.4,44,17.17,38.76,-21.57
2026-03-14T02:30:00Z,2026-03-14 02:30,2026-03-14 02:45,QH,23.2,24.77,16.63,27.17,54.5,15,24.59,28.4,-5.21
2026-03-14T02:45:00Z,2026-03-14 02:45,2026-03-14 03:00,QH,31.07,32.09,30.35,31.59,84.5,33,31.94,34.24,-3.17
2026-03-14T03:00:00Z,2026-03-14 03:00,2026-03-14 03:15,QH,45.45,53.13,42.95,49.49,18.1,4,42.83,28.15,17.3
2026-03-14T03:15:00Z,2026-03-14 03:15,2026-03-14 03:30,QH,8.56,8.69,7.29,4.59,134.4,25,10.68,32.39,-23.83
2026-03-14T03:30:00Z,2026-03-14 03:30,2026-03-14 03:45,QH,48.19,49.96,46.18,50.64,76.3,37,50.84,34.82,13.38
2026-03-14T03:45:00Z,2026-03-14 03:45,2026-03-14 04:00,QH,40.09,43.76,28.39,39.68,120.2,31,38.15,33.45,6.64
2026-03-14T04:00:00Z,2026-03-14 04:00,2026-03-14 04:15,QH,21.96,23.67,16.42,24.17,113.6,30,23.31,40.62,-18.66
2026-03-14T04:15:00Z,2026-03-14 04:15,2026-03-14 04:30,QH,43.41,44.64,38.33,48.03,33.2,13,43.95,37.18,6.23
2026-03-14T04:30:00Z,2026-03-14 04:30,2026-03-14 04:45,QH,38.38,42.16,32.16,37.59,94.1,13,40.13,34.92,3.46
2026-03-14T04:45:00Z,2026-03-14 04:45,2026-03-14 05:00,QH,23.57,26.7,20.17,24.41,87.0,22,25.12,31.87,-8.3
2026-03-14T05:00:00Z,2026-03-14 05:00,2026-03-14 05:15,QH,28.55,39.42,28.36,25.05,114.6,48,29.75,28.72,-0.18
2026-03-14T05:15:00Z,2026-03-14 05:15,2026-03-14 05:30,QH,13.27,19.9,6.89,10.09,78.9,13,16.96,37.07,-23.79
2026-03-14T05:30:00Z,2026-03-14 05:30,2026-03-14 05:45,QH,56.96,60.57,49.85,51.75,85.7,41,59.51,28.61,28.35
2026-03-14T05:45:00Z,2026-03-14 05:45,2026-03-14 06:00,QH,32.32,33.42,31.96,30.81,105.2,24,35.13,30.91,1.4
2026-03-14T06:00:00Z,2026-03-14 06:00,2026-03-14 06:15,QH,12.92,26.82,10.12,17.88,120.9,25,11.56,34.35,-21.44
2026-03-14T06:15:00Z,2026-03-14 06:15,2026-03-14 06:30,QH,25.29,25.8,21.8,30.15,120.1,47,23.39,31.69,-6.41
2026-03-14T06:30:00Z,2026-03-14 06:30,2026-03-14 06:45,QH,36.57,40.26,30.53,27.92,29.0,11,34.73,32.37,4.2
2026-03-14T06:45:00Z,2026-03-14 06:45,2026-03-14 07:00,QH,27.04,29.4,25.24,26.82,52.6,9,26.08,33.43,-6.39
2026-03-14T07:00:00Z,2026-03-14 07:00,2026-03-14 07:15,QH,64.58,68.85,58.85,66.64,83.3,11,67.02,52.66,11.92
2026-03-14T07:15:00Z,2026-03-14 07:15,2026-03-14 07:30,QH,65.87,67.5,62.3,63.01,120.1,37,68.43,72.83,-6.96
2026-03-14T07:30:00Z,2026-03-14 07:30,2026-03-14 07:45,QH,64.0,65.93,56.05,63.65,75.4,26,65.29,64.2,-0.2
2026-03-14T07:45:00Z,2026-03-14 07:45,2026-03-14 08:00,QH,36.85,38.7,35.57,36.36,81.0,37,36.08,61.07,-24.22
2026-03-14T08:00:00Z,2026-03-14 08:00,2026-03-14 08:15,QH,59.07,63.0,59.05,59.99,114.0,24,60.7,62.51,-3.44
2026-03-14T08:15:00Z,2026-03-14 08:15,2026-03-14 08:30,QH,78.19,82.93,75.96,74.72,114.0,23,80.24,66.59,11.61
2026-03-14T08:30:00Z,2026-03-14 08:30,2026-03-14 08:45,QH,71.51,73.28,68.1,62.75,81.1,22,74.06,69.36,2.15
2026-03-14T08:45:00Z,2026-03-14 08:45,2026-03-14 09:00,QH,89.36,90.93,85.68,84.65,87.6,13,90.5,68.54,20.82
2026-03-14T09:00:00Z,2026-03-14 09:00,2026-03-14 09:15,QH,59.34,61.3,57.2,61.77,100.8,14,57.45,69.61,-10.27
2026-03-14T09:15:00Z,2026-03-14 09:15,2026-03-14 09:30,QH,98.31,101.8,95.56,94.18,126.0,43,98.04,73.37,24.94
2026-03-14T09:30:00Z,2026-03-14 09:30,2026-03-14 09:45,QH,79.67,88.62,77.44,78.39,80.1,18,78.74,66.07,13.6
2026-03-14T09:45:00Z,2026-03-14 09:45,2026-03-14 10:00,QH,69.6,71.19,67.54,69.22,106.6,19,68.59,76.05,-6.45
2026-03-14T10:00:00Z,2026-03-14 10:00,2026-03-14 10:15,QH,65.77,66.4,65.58,66.57,34.9,6,63.58,80.82,-15.05
2026-03-14T10:15:00Z,2026-03-14 10:15,2026-03-14 10:30,QH,169.24,173.12,168.72,166.2,96.5,39,171.79,75.77,93.47
2026-03-14T10:30:00Z,2026-03-14 10:30,2026-03-14 10:45,QH,71.68,74.71,71.46,74.38,45.7,11,70.14,79.25,-7.57
2026-03-14T10:45:00Z,2026-03-14 10:45,2026-03-14 11:00,QH,109.68,112.14,105.05,115.72,51.6,6,110.7,69.27,40.41
2026-03-14T11:00:00Z,2026-03-14 11:00,2026-03-14 11:15,QH,66.35,66.4,60.36,68.95,96.5,15,63.19,77.62,-11.27
2026-03-14T11:15:00Z,2026-03-14 11:15,2026-03-14 11:30,QH,80.1,82.25,72.49,77.68,70.6,13,81.03,77.24,2.86
2026-03-14T11:30:00Z,2026-03-14 11:30,2026-03-14 11:45,QH,64.48,68.5,64.13,57.51,56.3,10,66.32,71.04,-6.55
2026-03-14T11:45:00Z,2026-03-14 11:45,2026-03-14 12:00,QH,77.46,79.44,73.33,79.92,132.0,28,78.45,77.1,0.36
2026-03-14T12:00:00Z,2026-03-14 12:00,2026-03-14 12:15,QH,84.09,87.8,82.1,82.77,123.0,16,85.81,77.81,6.28
2026-03-14T12:15:00Z,2026-03-14 12:15,2026-03-14 12:30,QH,4.8,6.08,0.21,1.94,101.6,37,3.47,66.63,-61.83
2026-03-14T12:30:00Z,2026-03-14 12:30,2026-03-14 12:45,QH,74.93,75.55,72.17,71.45,89.9,37,78.13,82.1,-7.17
2026-03-14T12:45:00Z,2026-03-14 12:45,2026-03-14 13:00,QH,82.69,88.73,77.45,81.49,82.0,39,83.84,78.8,3.89
2026-03-14T13:00:00Z,2026-03-14 13:00,2026-03-14 13:15,QH,75.98,82.38,65.52,81.05,108.7,44,76.62,78.39,-2.41
2026-03-14T13:15:00Z,2026-03-14 13:15,2026-03-14 13:30,QH,61.29,62.33,60.48,57.27,105.8,13,61.2,68.5,-7.21
2026-03-14T13:30:00Z,2026-03-14 13:30,2026-03-14 13:45,QH,91.17,96.14,84.38,89.78,49.7,23,90.08,66.09,25.08
2026-03-14T13:45:00Z,2026-03-14 13:45,2026-03-14 14:00,QH,69.87,70.58,65.17,63.88,75.3,14,68.3,76.38,-6.5
2026-03-14T14:00:00Z,2026-03-14 14:00,2026-03-14 14:15,QH,92.45,100.06,87.86,91.06,98.6,43,89.26,80.23,12.22
2026-03-14T14:15:00Z,2026-03-14 14:15,2026-03-14 14:30,QH,88.93,91.68,88.83,91.33,87.7,23,88.64,75.88,13.05
2026-03-14T14:30:00Z,2026-03-14 14:30,2026-03-14 14:45,QH,87.28,87.48,84.35,86.95,52.0,8,87.62,72.16,15.12
2026-03-14T14:45:00Z,2026-03-14 14:45,2026-03-14 15:00,QH,50.17,58.27,47.4,46.69,142.6,60,51.08,79.73,-29.57
2026-03-14T15:00:00Z,2026-03-14 15:00,2026-03-14 15:15,QH,76.04,79.17,69.45,75.37,53.6,7,73.31,73.15,2.89
2026-03-14T15:15:00Z,2026-03-14 15:15,2026-03-14 15:30,QH,71.73,75.41,70.76,67.75,55.7,10,73.4,79.24,-7.51
2026-03-14T15:30:00Z,2026-03-14 15:30,2026-03-14 15:45,QH,71.69,77.84,65.59,68.93,84.8,13,74.0,74.29,-2.6
2026-03-14T15:45:00Z,2026-03-14 15:45,2026-03-14 16:00,QH,81.02,83.38,79.4,81.8,96.2,31,81.4,74.07,6.95
2026-03-14T16:00:00Z,2026-03-14 16:00,2026-03-14 16:15,QH,58.24,58.81,53.36,59.26,93.0,35,59.03,84.15,-25.91
2026-03-14T16:15:00Z,2026-03-14 16:15,2026-03-14 16:30,QH,69.96,71.91,65.69,75.2,85.3,10,71.62,72.22,-2.25
2026-03-14T16:30:00Z,2026-03-14 16:30,2026-03-14 16:45,QH,67.39,71.72,63.65,65.4,104.7,41,67.07,73.17,-5.78
2026-03-14T16:45:00Z,2026-03-14 16:45,2026-03-14 17:00,QH,73.66,75.24,72.22,77.1,82.5,13,73.41,66.77,6.89
2026-03-14T17:00:00Z,2026-03-14 17:00,2026-03-14 17:15,QH,53.14,56.63,48.18,57.31,72.2,10,53.8,69.17,-16.03
2026-03-14T17:15:00Z,2026-03-14 17:15,2026-03-14 17:30,QH,80.43,91.36,75.12,78.93,117.3,19,78.94,67.9,12.53
2026-03-14T17:30:00Z,2026-03-14 17:30,2026-03-14 17:45,QH,77.61,81.93,76.9,70.51,122.6,20,74.89,69.81,7.8
2026-03-14T17:45:00Z,2026-03-14 17:45,2026-03-14 18:00,QH,74.46,78.4,73.25,73.86,73.4,11,74.7,68.17,6.3
2026-03-14T18:00:00Z,2026-03-14 18:00,2026-03-14 18:15,QH,57.54,59.79,53.98,57.16,58.5,12,57.81,73.26,-15.72
2026-03-14T18:15:00Z,2026-03-14 18:15,2026-03-14 18:30,QH,61.01,67.88,60.62,55.18,103.5,26,61.16,68.29,-7.28
2026-03-14T18:30:00Z,2026-03-14 18:30,2026-03-14 18:45,QH,80.27,86.05,72.7,79.0,46.3,23,80.12,74.02,6.25
2026-03-14T18:45:00Z,2026-03-14 18:45,2026-03-14 19:00,QH,89.27,95.14,86.4,87.18,101.6,21,90.1,75.15,14.12
2026-03-14T19:00:00Z,2026-03-14 19:00,2026-03-14 19:15,QH,82.9,83.54,79.4,84.99,94.9,21,83.74,72.18,10.72
2026-03-14T19:15:00Z,2026-03-14 19:15,2026-03-14 19:30,QH,81.13,81.22,75.21,82.02,100.8,36,82.37,67.59,13.54
2026-03-14T19:30:00Z,2026-03-14 19:30,2026-03-14 19:45,QH,57.45,58.72,52.75,57.69,33.9,4,58.53,62.47,-5.02
2026-03-14T19:45:00Z,2026-03-14 19:45,2026-03-14 20:00,QH,76.4,77.7,73.63,73.15,90.1,22,75.55,63.01,13.39
2026-03-14T20:00:00Z,2026-03-14 20:00,2026-03-14 20:15,QH,31.87,35.95,31.51,32.97,84.3,15,32.74,34.88,-3.01
2026-03-14T20:15:00Z,2026-03-14 20:15,2026-03-14 20:30,QH,42.03,42.88,41.53,39.29,53.7,7,44.75,35.13,6.9
2026-03-14T20:30:00Z,2026-03-14 20:30,2026-03-14 20:45,QH,28.18,36.02,22.67,23.89,85.4,14,27.82,30.9,-2.72
2026-03-14T20:45:00Z,2026-03-14 20:45,2026-03-14 21:00,QH,46.51,50.2,39.05,45.64,103.9,14,43.66,32.8,13.7
2026-03-14T21:00:00Z,2026-03-14 21:00,2026-03-14 21:15,QH,32.7,35.46,23.91,27.8,90.9,14,31.62,34.73,-2.03
2026-03-14T21:15:00Z,2026-03-14 21:15,2026-03-14 21:30,QH,12.15,17.93,4.86,12.69,142.4,44,11.42,29.36,-17.21
2026-03-14T21:30:00Z,2026-03-14 21:30,2026-03-14 21:45,QH,15.23,26.74,14.49,14.24,35.6,5,17.74,35.71,-20.49
2026-03-14T21:45:00Z,2026-03-14 21:45,2026-03-14 22:00,QH,40.26,41.72,40.14,40.07,53.5,9,41.51,31.16,9.11
2026-03-14T22:00:00Z,2026-03-14 22:00,2026-03-14 22:15,QH,28.09,28.26,24.82,24.02,90.8,39,27.51,39.4,-11.31
2026-03-14T22:15:00Z,2026-03-14 22:15,2026-03-14 22:30,QH,34.51,36.79,28.51,35.87,58.2,19,36.99,34.54,-0.03
2026-03-14T22:30:00Z,2026-03-14 22:30,2026-03-14 22:45,QH,30.15,36.64,26.53,33.44,86.6,10,29.23,16.98,13.16
2026-03-14T22:45:00Z,2026-03-14 22:45,2026-03-14 23:00,QH,19.31,28.75,7.26,17.01,45.0,7,18.3,36.32,-17.0
2026-03-14T23:00:00Z,2026-03-14 23:00,2026-03-14 23:15,QH,35.42,37.18,29.08,35.91,68.7,11,35.63,31.91,3.51
2026-03-14T23:15:00Z,2026-03-14 23:15,2026-03-14 23:30,QH,30.92,31.04,30.8,33.51,67.4,16,33.37,28.12,2.8
2026-03-14T23:30:00Z,2026-03-14 23:30,2026-03-14 23:45,QH,57.41,63.22,56.39,52.75,100.6,15,56.7,37.41,20.01
2026-03-14T23:45:00Z,2026-03-14 23:45,2026-03-15 00:00,QH,43.43,47.15,42.46,38.59,102.3,28,44.62,35.87,7.56
2026-03-15T00:00:00Z,2026-03-15 00:00,2026-03-15 00:15,QH,59.29,59.81,54.13,60.15,60.3,8,57.49,45.71,13.58
2026-03-15T00:15:00Z,2026-03-15 00:15,2026-03-15 00:30,QH,75.58,79.19,72.26,68.98,105.7,37,75.49,56.89,18.69
2026-03-15T00:30:00Z,2026-03-15 00:30,2026-03-15 00:45,QH,41.03,48.62,39.92,42.49,36.6,7,42.95,56.08,-15.05
2026-03-15T00:45:00Z,2026-03-15 00:45,2026-03-15 01:00,QH,45.19,45.39,38.64,46.9,123.3,38,45.38,58.35,-13.16
2026-03-15T01:00:00Z,2026-03-15 01:00,2026-03-15 01:15,QH,55.36,55.53,48.63,52.73,84.9,15,55.84,53.19,2.17
2026-03-15T01:15:00Z,2026-03-15 01:15,2026-03-15 01:30,QH,43.15,47.15,41.58,42.06,109.1,46,39.82,54.29,-11.15
2026-03-15T01:30:00Z,2026-03-15 01:30,2026-03-15 01:45,QH,58.82,59.61,57.88,58.79,70.1,17,58.35,57.4,1.42
2026-03-15T01:45:00Z,2026-03-15 01:45,2026-03-15 02:00,QH,52.98,53.32,52.11,52.85,105.5,23,52.19,57.8,-4.81
2026-03-15T02:00:00Z,2026-03-15 02:00,2026-03-15 02:15,QH,68.15,68.66,64.63,66.27,137.9,41,69.54,53.09,15.05
2026-03-15T02:15:00Z,2026-03-15 02:15,2026-03-15 02:30,QH,65.61,66.61,64.52,68.17,95.5,26,65.26,44.3,21.32
2026-03-15T02:30:00Z,2026-03-15 02:30,2026-03-15 02:45,QH,65.0,69.4,64.97,58.97,75.7,22,64.77,43.09,21.91
2026-03-15T02:45:00Z,2026-03-15 02:45,2026-03-15 03:00,QH,83.51,84.45,80.75,84.72,10,3,81.33,51.0,32.51
2026-03-15T03:00:00Z,2026-03-15 03:00,2026-03-15 03:15,QH,51.47,56.47,50.17,53.26,103.1,16,50.9,55.48,-4.01
2026-03-15T03:15:00Z,2026-03-15 03:15,2026-03-15 03:30,QH,29.99,33.79,21.44,35.27,97.3,18,25.92,49.96,-19.97
2026-03-15T03:30:00Z,2026-03-15 03:30,2026-03-15 03:45,QH,-28.46,-25.54,-30.63,-25.24,116.7,18,-28.38,50.05,-78.51
2026-03-15T03:45:00Z,2026-03-15 03:45,2026-03-15 04:00,QH,45.2,51.87,38.78,44.94,98.5,12,42.79,58.11,-12.91
2026-03-15T04:00:00Z,2026-03-15 04:00,2026-03-15 04:15,QH,48.97,50.03,39.83,51.9,95.0,13,45.93,50.0,-1.03
2026-03-15T04:15:00Z,2026-03-15 04:15,2026-03-15 04:30,QH,33.51,38.44,31.99,31.61,78.8,14,34.03,50.2,-16.69
2026-03-15T04:30:00Z,2026-03-15 04:30,2026-03-15 04:45,QH,31.78,32.11,28.32,28.08,46.6,11,31.28,54.61,-22.83
2026-03-15T04:45:00Z,2026-03-15 04:45,2026-03-15 05:00,QH,50.4,53.09,47.02,54.86,91.3,28,46.93,46.9,3.5
2026-03-15T05:00:00Z,2026-03-15 05:00,2026-03-15 05:15,QH,66.44,72.64,61.2,68.19,90.2,11,66.31,50.77,15.66
2026-03-15T05:15:00Z,2026-03-15 05:15,2026-03-15 05:30,QH,50.05,50.86,44.9,55.47,88.6,11,49.93,48.5,1.55
2026-03-15T05:30:00Z,2026-03-15 05:30,2026-03-15 05:45,QH,47.45,48.11,40.42,47.25,100.2,17,49.4,55.41,-7.96
2026-03-15T05:45:00Z,2026-03-15 05:45,2026-03-15 06:00,QH,40.68,44.55,37.06,38.46,47.0,15,44.81,44.28,-3.6
2026-03-15T06:00:00Z,2026-03-15 06:00,2026-03-15 06:15,QH,68.88,77.71,65.47,73.64,75.5,34,68.51,54.76,14.11
2026-03-15T06:15:00Z,2026-03-15 06:15,2026-03-15 06:30,QH,45.85,50.0,40.2,48.8,83.2,20,46.2,57.3,-11.45
2026-03-15T06:30:00Z,2026-03-15 06:30,2026-03-15 06:45,QH,22.5,26.91,18.26,23.27,54.1,9,21.44,62.47,-39.97
2026-03-15T06:45:00Z,2026-03-15 06:45,2026-03-15 07:00,QH,-50,-49.14,-51.97,-45.83,89.9,29,-48.12,52.42,-102.42
2026-03-15T07:00:00Z,2026-03-15 07:00,2026-03-15 07:15,QH,78.86,79.21,72.58,75.02,27.6,6,70.48,83.96,-5.1
2026-03-15T07:15:00Z,2026-03-15 07:15,2026-03-15 07:30,QH,88.88,92.73,88.41,89.97,88.4,42,88.49,83.46,5.41
2026-03-15T07:30:00Z,2026-03-15 07:30,2026-03-15 07:45,QH,69.57,75.26,62.39,67.91,69.4,13,69.9,95.25,-25.68
2026-03-15T07:45:00Z,2026-03-15 07:45,2026-03-15 08:00,QH,68.37,69.67,62.22,66.43,45.0,6,67.38,82.12,-13.74
2026-03-15T08:00:00Z,2026-03-15 08:00,2026-03-15 08:15,QH,79.59,79.64,79.41,80.87,111.6,29,81.51,91.17,-11.58
2026-03-15T08:15:00Z,2026-03-15 08:15,2026-03-15 08:30,QH,69.21,73.48,60.49,69.24,115.4,21,70.23,94.73,-25.51
2026-03-15T08:30:00Z,2026-03-15 08:30,2026-03-15 08:45,QH,96.08,98.35,95.84,94.74,89.1,33,96.35,94.18,1.9
2026-03-15T08:45:00Z,2026-03-15 08:45,2026-03-15 09:00,QH,79.78,83.14,73.22,76.65,110.0,19,78.78,89.64,-9.86
2026-03-15T09:00:00Z,2026-03-15 09:00,2026-03-15 09:15,QH,93.99,95.3,89.28,94.57,95.2,22,93.89,95.99,-2.01
2026-03-15T09:15:00Z,2026-03-15 09:15,2026-03-15 09:30,QH,80.56,81.3,67.7,78.16,130.1,54,81.1,91.85,-11.29
2026-03-15T09:30:00Z,2026-03-15 09:30,2026-03-15 09:45,QH,118.82,119.11,112.66,117.35,100.8,41,116.53,94.57,24.25
2026-03-15T09:45:00Z,2026-03-15 09:45,2026-03-15 10:00,QH,54.26,58.02,49.34,55.35,110.5,21,55.75,95.52,-41.26
2026-03-15T10:00:00Z,2026-03-15 10:00,2026-03-15 10:15,QH,84.13,89.98,78.6,82.86,88.6,17,84.93,101.99,-17.85
2026-03-15T10:15:00Z,2026-03-15 10:15,2026-03-15 10:30,QH,97.61,104.39,92.4,91.24,133.3,17,98.4,95.84,1.77
2026-03-15T10:30:00Z,2026-03-15 10:30,2026-03-15 10:45,QH,90.31,98.19,84.8,93.31,45.6,10,92.58,98.23,-7.91
2026-03-15T10:45:00Z,2026-03-15 10:45,2026-03-15 11:00,QH,82.15,84.41,78.86,78.38,67.7,14,81.25,88.12,-5.97
2026-03-15T11:00:00Z,2026-03-15 11:00,2026-03-15 11:15,QH,98.64,105.14,92.41,100.89,60.0,8,98.89,96.04,2.61
2026-03-15T11:15:00Z,2026-03-15 11:15,2026-03-15 11:30,QH,70.72,77.83,67.92,71.5,81.7,18,74.08,85.97,-15.25
2026-03-15T11:30:00Z,2026-03-15 11:30,2026-03-15 11:45,QH,119.55,124.53,116.63,115.4,117.2,27,119.3,97.66,21.89
2026-03-15T11:45:00Z,2026-03-15 11:45,2026-03-15 12:00,QH,92.52,95.23,85.41,89.56,97.7,14,93.93,101.02,-8.51
2026-03-15T12:00:00Z,2026-03-15 12:00,2026-03-15 12:15,QH,90.31,91.59,89.13,92.06,137.0,18,91.18,99.33,-9.02
2026-03-15T12:15:00Z,2026-03-15 12:15,2026-03-15 12:30,QH,81.65,82.31,81.08,81.37,156.6,22,77.3,100.29,-18.64
2026-03-15T12:30:00Z,2026-03-15 12:30,2026-03-15 12:45,QH,91.85,92.39,91.01,90.01,66.3,8,91.1,91.12,0.72
2026-03-15T12:45:00Z,2026-03-15 12:45,2026-03-15 13:00,QH,107.14,107.25,102.96,102.62,61.5,7,107.11,99.69,7.45
2026-03-15T13:00:00Z,2026-03-15 13:00,2026-03-15 13:15,QH,99.87,106.12,98.98,100.58,71.9,12,96.54,106.32,-6.45
2026-03-15T13:15:00Z,2026-03-15 13:15,2026-03-15 13:30,QH,79.93,83.03,72.68,82.54,110.6,21,73.19,98.35,-18.42
2026-03-15T13:30:00Z,2026-03-15 13:30,2026-03-15 13:45,QH,125.35,129.38,125.03,118.45,69.7,9,125.57,99.0,26.35
2026-03-15T13:45:00Z,2026-03-15 13:45,2026-03-15 14:00,QH,102.82,106.42,97.86,99.17,144.1,23,104.91,96.84,5.98
2026-03-15T14:00:00Z,2026-03-15 14:00,2026-03-15 14:15,QH,184.55,186.96,180.24,184.04,64.5,9,184.98,100.24,84.31
2026-03-15T14:15:00Z,2026-03-15 14:15,2026-03-15 14:30,QH,122.27,124.08,119.14,119.25,83.1,11,122.94,93.17,29.1
2026-03-15T14:30:00Z,2026-03-15 14:30,2026-03-15 14:45,QH,79.0,81.15,72.0,74.85,75.4,15,77.77,89.34,-10.33
2026-03-15T14:45:00Z,2026-03-15 14:45,2026-03-15 15:00,QH,120.96,124.72,114.45,120.1,24.1,3,123.18,93.3,27.67
2026-03-15T15:00:00Z,2026-03-15 15:00,2026-03-15 15:15,QH,96.96,105.41,87.34,91.84,75.8,15,97.64,98.37,-1.4
2026-03-15T15:15:00Z,2026-03-15 15:15,2026-03-15 15:30,QH,65.09,67.55,62.94,62.79,48.6,7,62.66,93.92,-28.82
2026-03-15T15:30:00Z,2026-03-15 15:30,2026-03-15 15:45,QH,102.38,104.77,101.15,103.17,192.4,31,100.91,96.51,5.87
2026-03-15T15:45:00Z,2026-03-15 15:45,2026-03-15 16:00,QH,89.91,95.48,88.29,89.23,63.9,8,89.01,95.76,-5.86
2026-03-15T16:00:00Z,2026-03-15 16:00,2026-03-15 16:15,QH,101.78,102.24,100.88,103.56,54.5,6,101.16,101.28,0.5
2026-03-15T16:15:00Z,2026-03-15 16:15,2026-03-15 16:30,QH,110.46,116.97,106.46,104.84,117.8,15,113.18,92.74,17.72
2026-03-15T16:30:00Z,2026-03-15 16:30,2026-03-15 16:45,QH,91.46,93.93,88.46,91.75,53.5,8,88.58,97.99,-6.53
2026-03-15T16:45:00Z,2026-03-15 16:45,2026-03-15 17:00,QH,92.16,94.68,85.81,90.92,37.2,6,89.04,93.06,-0.91
2026-03-15T17:00:00Z,2026-03-15 17:00,2026-03-15 17:15,QH,95.5,100.68,92.99,98.54,125.1,19,96.09,87.24,8.27
2026-03-15T17:15:00Z,2026-03-15 17:15,2026-03-15 17:30,QH,95.6,99.26,94.16,93.8,69.8,9,94.73,92.86,2.74
2026-03-15T17:30:00Z,2026-03-15 17:30,2026-03-15 17:45,QH,64.03,75.88,63.8,66.08,77.5,18,66.66,86.25,-22.22
2026-03-15T17:45:00Z,2026-03-15 17:45,2026-03-15 18:00,QH,84.97,85.42,82.48,79.83,65.0,9,87.33,88.58,-3.61
2026-03-15T18:00:00Z,2026-03-15 18:00,2026-03-15 18:15,QH,88.31,93.23,84.32,86.37,72.9,9,87.92,94.09,-5.78
2026-03-15T18:15:00Z,2026-03-15 18:15,2026-03-15 18:30,QH,109.34,109.83,108.88,109.27,54.0,6,107.04,86.96,22.37
2026-03-15T18:30:00Z,2026-03-15 18:30,2026-03-15 18:45,QH,93.18,95.55,89.05,87.11,22.7,6,90.35,92.62,0.56
2026-03-15T18:45:00Z,2026-03-15 18:45,2026-03-15 19:00,QH,97.58,105.14,95.49,97.31,94.3,36,98.73,90.04,7.54
2026-03-15T19:00:00Z,2026-03-15 19:00,2026-03-15 19:15,QH,99.7,111.5,89.56,94.5,64.2,10,103.48,81.59,18.11
2026-03-15T19:15:00Z,2026-03-15 19:15,2026-03-15 19:30,QH,95.33,95.5,94.88,99.95,89.4,14,98.28,83.37,11.95
2026-03-15T19:30:00Z,2026-03-15 19:30,2026-03-15 19:45,QH,87.42,89.4,85.08,82.77,77.2,16,86.97,79.56,7.86
2026-03-15T19:45:00Z,2026-03-15 19:45,2026-03-15 20:00,QH,101.23,107.21,100.9,103.93,97.7,18,100.24,83.79,17.44
2026-03-15T20:00:00Z,2026-03-15 20:00,2026-03-15 20:15,QH,36.3,42.32,32.53,39.77,120.5,17,33.38,52.23,-15.94
2026-03-15T20:15:00Z,2026-03-15 20:15,2026-03-15 20:30,QH,68.52,70.31,63.71,73.03,73.6,11,67.35,50.62,17.9
2026-03-15T20:30:00Z,2026-03-15 20:30,2026-03-15 20:45,QH,36.98,48.63,30.33,28.01,70.2,8,38.08,54.33,-17.36
2026-03-15T20:45:00Z,2026-03-15 20:45,2026-03-15 21:00,QH,54.12,55.4,52.82,53.85,100.0,27,55.31,44.72,9.39
2026-03-15T21:00:00Z,2026-03-15 21:00,2026-03-15 21:15,QH,72.61,73.39,70.02,71.94,140.8,41,72.99,62.01,10.6
2026-03-15T21:15:00Z,2026-03-15 21:15,2026-03-15 21:30,QH,56.95,59.31,51.65,58.86,44.8,8,59.43,52.09,4.85
2026-03-15T21:30:00Z,2026-03-15 21:30,2026-03-15 21:45,QH,50.41,51.14,50.14,48.12,59.8,8,46.3,54.24,-3.83
2026-03-15T21:45:00Z,2026-03-15 21:45,2026-03-15 22:00,QH,53.19,60.41,51.71,50.97,61.3,10,56.44,55.69,-2.51
2026-03-15T22:00:00Z,2026-03-15 22:00,2026-03-15 22:15,QH,71.2,71.36,70.33,73.43,104.0,25,71.74,51.29,19.91
2026-03-15T22:15:00Z,2026-03-15 22:15,2026-03-15 22:30,QH,36.73,36.82,35.69,36.73,108.1,13,34.51,51.0,-14.28
2026-03-15T22:30:00Z,2026-03-15 22:30,2026-03-15 22:45,QH,55.8,67.31,53.01,56.92,75.8,26,55.94,46.52,9.27
2026-03-15T22:45:00Z,2026-03-15 22:45,2026-03-15 23:00,QH,48.33,52.72,47.86,46.56,98.5,14,47.5,56.82,-8.48
2026-03-15T23:00:00Z,2026-03-15 23:00,2026-03-15 23:15,QH,52.82,56.26,44.21,55.81,93.7,21,47.71,57.98,-5.16
2026-03-15T23:15:00Z,2026-03-15 23:15,2026-03-15 23:30,QH,41.87,44.58,40.14,37.33,151.0,25,41.61,53.1,-11.23
2026-03-15T23:30:00Z,2026-03-15 23:30,2026-03-15 23:45,QH,58.14,62.21,52.86,57.46,141.2,20,60.23,50.25,7.89
2026-03-15T23:45:00Z,2026-03-15 23:45,2026-03-16 00:00,QH,41.71,43.83,37.65,35.93,89.4,15,39.78,49.77,-8.06
2026-03-16T00:00:00Z,2026-03-16 00:00,2026-03-16 00:15,QH,85.0,87.17,81.16,81.39,86.2,16,85.47,60.17,24.83
2026-03-16T00:15:00Z,2026-03-16 00:15,2026-03-16 00:30,QH,36.22,38.14,31.48,34.9,84.5,34,35.07,55.51,-19.29
2026-03-16T00:30:00Z,2026-03-16 00:30,2026-03-16 00:45,QH,70.08,72.46,62.28,69.5,61.2,21,72.56,58.75,11.33
2026-03-16T00:45:00Z,2026-03-16 00:45,2026-03-16 01:00,QH,56.62,59.84,53.73,58.05,51.9,9,57.3,62.7,-6.08
2026-03-16T01:00:00Z,2026-03-16 01:00,2026-03-16 01:15,QH,63.75,67.81,58.45,62.35,110.6,33,61.3,71.63,-7.88
2026-03-16T01:15:00Z,2026-03-16 01:15,2026-03-16 01:30,QH,59.96,72.71,57.13,62.83,86.2,25,59.7,63.32,-3.35
2026-03-16T01:30:00Z,2026-03-16 01:30,2026-03-16 01:45,QH,79.72,85.11,78.75,76.36,117.2,28,82.89,63.87,15.84
2026-03-16T01:45:00Z,2026-03-16 01:45,2026-03-16 02:00,QH,79.28,79.8,79.11,72.99,44.4,8,80.67,71.79,7.49
2026-03-16T02:00:00Z,2026-03-16 02:00,2026-03-16 02:15,QH,46.67,53.79,45.41,44.59,116.3,20,46.37,59.38,-12.71
2026-03-16T02:15:00Z,2026-03-16 02:15,2026-03-16 02:30,QH,51.5,53.11,41.67,49.92,92.9,17,51.59,52.98,-1.48
2026-03-16T02:30:00Z,2026-03-16 02:30,2026-03-16 02:45,QH,68.28,71.04,63.98,69.73,68.1,16,71.49,49.79,18.49
2026-03-16T02:45:00Z,2026-03-16 02:45,2026-03-16 03:00,QH,74.49,81.22,67.11,67.84,121.4,21,76.58,54.78,19.7
2026-03-16T03:00:00Z,2026-03-16 03:00,2026-03-16 03:15,QH,85.14,95.91,82.89,84.97,108.2,15,84.87,66.06,19.08
2026-03-16T03:15:00Z,2026-03-16 03:15,2026-03-16 03:30,QH,42.77,46.73,42.11,42.08,86.9,12,43.77,68.36,-25.59
2026-03-16T03:30:00Z,2026-03-16 03:30,2026-03-16 03:45,QH,40.38,44.12,37.21,36.82,116.4,16,38.74,64.69,-24.31
2026-03-16T03:45:00Z,2026-03-16 03:45,2026-03-16 04:00,QH,63.76,69.99,62.7,65.28,23.9,7,60.21,57.43,6.33
2026-03-16T04:00:00Z,2026-03-16 04:00,2026-03-16 04:15,QH,58.83,63.38,51.78,57.58,73.0,22,59.29,64.47,-5.64
2026-03-16T04:15:00Z,2026-03-16 04:15,2026-03-16 04:30,QH,43.87,51.23,42.46,42.53,117.0,15,39.87,58.9,-15.03
2026-03-16T04:30:00Z,2026-03-16 04:30,2026-03-16 04:45,QH,63.76,71.85,63.49,65.24,74.4,16,63.48,72.44,-8.68
2026-03-16T04:45:00Z,2026-03-16 04:45,2026-03-16 05:00,QH,54.55,61.64,49.54,53.33,47.6,14,54.13,70.62,-16.07
2026-03-16T05:00:00Z,2026-03-16 05:00,2026-03-16 05:15,QH,81.48,81.48,78.86,83.21,106.6,19,81.68,55.28,26.2
2026-03-16T05:15:00Z,2026-03-16 05:15,2026-03-16 05:30,QH,49.17,55.62,46.56,51.38,67.9,10,50.54,64.75,-15.57
2026-03-16T05:30:00Z,2026-03-16 05:30,2026-03-16 05:45,QH,58.37,60.87,57.29,60.61,15.0,3,59.16,66.37,-7.99
2026-03-16T05:45:00Z,2026-03-16 05:45,2026-03-16 06:00,QH,69.97,70.87,66.89,66.91,104.0,16,70.65,58.67,11.3
2026-03-16T06:00:00Z,2026-03-16 06:00,2026-03-16 06:15,QH,74.41,84.59,71.62,75.33,98.8,12,70.99,57.3,17.11
2026-03-16T06:15:00Z,2026-03-16 06:15,2026-03-16 06:30,QH,73.7,73.98,72.86,68.6,89.0,29,71.09,60.67,13.02
2026-03-16T06:30:00Z,2026-03-16 06:30,2026-03-16 06:45,QH,60.1,60.45,48.51,60.43,64.2,11,57.8,58.88,1.22
2026-03-16T06:45:00Z,2026-03-16 06:45,2026-03-16 07:00,QH,52.89,53.93,45.7,53.54,99.5,28,51.13,57.17,-4.28
2026-03-16T07:00:00Z,2026-03-16 07:00,2026-03-16 07:15,QH,96.8,97.88,85.44,98.67,146.0,20,98.15,91.77,5.03
2026-03-16T07:15:00Z,2026-03-16 07:15,2026-03-16 07:30,QH,13.33,14.8,7.5,12.44,97.8,14,14.22,90.52,-77.19
2026-03-16T07:30:00Z,2026-03-16 07:30,2026-03-16 07:45,QH,92.96,103.23,89.08,92.56,108.7,17,93.46,92.68,0.28
2026-03-16T07:45:00Z,2026-03-16 07:45,2026-03-16 08:00,QH,110.36,116.11,103.98,106.19,118.1,15,111.02,91.08,19.27
2026-03-16T08:00:00Z,2026-03-16 08:00,2026-03-16 08:15,QH,93.1,94.29,91.08,92.19,149.5,29,92.88,95.71,-2.61
2026-03-16T08:15:00Z,2026-03-16 08:15,2026-03-16 08:30,QH,107.21,111.87,103.01,108.55,96.6,28,107.89,106.04,1.17
2026-03-16T08:30:00Z,2026-03-16 08:30,2026-03-16 08:45,QH,115.2,119.55,110.75,116.88,84.6,10,113.02,95.01,20.19
2026-03-16T08:45:00Z,2026-03-16 08:45,2026-03-16 09:00,QH,82.17,87.19,80.13,79.62,72.0,11,79.43,99.59,-17.42
2026-03-16T09:00:00Z,2026-03-16 09:00,2026-03-16 09:15,QH,98.49,107.35,89.83,96.03,141.7,24,96.81,102.3,-3.81
2026-03-16T09:15:00Z,2026-03-16 09:15,2026-03-16 09:30,QH,110.68,110.83,108.85,113.01,88.6,18,109.17,102.42,8.26
2026-03-16T09:30:00Z,2026-03-16 09:30,2026-03-16 09:45,QH,87.47,90.49,84.16,84.1,127.2,42,88.56,110.95,-23.47
2026-03-16T09:45:00Z,2026-03-16 09:45,2026-03-16 10:00,QH,119.53,121.33,114.43,118.79,121.9,18,118.82,105.84,13.69
2026-03-16T10:00:00Z,2026-03-16 10:00,2026-03-16 10:15,QH,93.03,93.45,90.9,93.47,141.5,40,89.71,113.56,-20.53
2026-03-16T10:15:00Z,2026-03-16 10:15,2026-03-16 10:30,QH,118.85,122.11,114.07,117.32,74.6,22,117.35,100.91,17.95
2026-03-16T10:30:00Z,2026-03-16 10:30,2026-03-16 10:45,QH,101.95,101.97,97.33,101.75,50.0,10,103.69,103.29,-1.33
2026-03-16T10:45:00Z,2026-03-16 10:45,2026-03-16 11:00,QH,106.25,114.89,104.81,103.27,73.4,9,106.2,105.29,0.95
2026-03-16T11:00:00Z,2026-03-16 11:00,2026-03-16 11:15,QH,100.5,108.74,93.05,102.48,53.6,19,102.26,111.67,-11.16
2026-03-16T11:15:00Z,2026-03-16 11:15,2026-03-16 11:30,QH,87.56,89.75,81.44,87.65,51.4,14,87.48,91.3,-3.74
2026-03-16T11:30:00Z,2026-03-16 11:30,2026-03-16 11:45,QH,103.5,114.31,99.74,104.44,135.4,24,103.74,98.81,4.69
2026-03-16T11:45:00Z,2026-03-16 11:45,2026-03-16 12:00,QH,97.75,106.58,96.19,99.84,116.8,35,96.85,104.42,-6.67
2026-03-16T12:00:00Z,2026-03-16 12:00,2026-03-16 12:15,QH,96.89,104.37,91.72,96.51,61.5,10,94.57,104.83,-7.94
2026-03-16T12:15:00Z,2026-03-16 12:15,2026-03-16 12:30,QH,93.17,99.25,91.57,90.53,112.4,21,94.53,104.03,-10.86
2026-03-16T12:30:00Z,2026-03-16 12:30,2026-03-16 12:45,QH,99.23,100.74,91.6,101.27,68.0,30,99.9,105.49,-6.26
2026-03-16T12:45:00Z,2026-03-16 12:45,2026-03-16 13:00,QH,99.3,99.98,96.4,97.23,52.5,7,102.3,108.34,-9.04
2026-03-16T13:00:00Z,2026-03-16 13:00,2026-03-16 13:15,QH,134.08,143.5,131.79,136.51,78.2,24,133.37,109.77,24.31
2026-03-16T13:15:00Z,2026-03-16 13:15,2026-03-16 13:30,QH,67.7,69.06,59.72,67.42,90.3,20,66.86,100.66,-32.96
2026-03-16T13:30:00Z,2026-03-16 13:30,2026-03-16 13:45,QH,98.33,100.88,94.04,98.37,58.7,10,95.52,104.7,-6.37
2026-03-16T13:45:00Z,2026-03-16 13:45,2026-03-16 14:00,QH,92.78,95.32,82.82,92.14,150.8,26,91.18,96.7,-3.92
2026-03-16T14:00:00Z,2026-03-16 14:00,2026-03-16 14:15,QH,102.36,107.02,97.32,105.79,60.1,10,103.03,104.24,-1.88
2026-03-16T14:15:00Z,2026-03-16 14:15,2026-03-16 14:30,QH,113.18,114.56,104.43,107.61,19.4,3,114.6,97.17,16.01
2026-03-16T14:30:00Z,2026-03-16 14:30,2026-03-16 14:45,QH,117.37,130.05,116.48,116.02,97.4,13,115.53,108.18,9.19
2026-03-16T14:45:00Z,2026-03-16 14:45,2026-03-16 15:00,QH,102.39,106.37,101.51,99.23,66.7,24,100.23,107.9,-5.51
2026-03-16T15:00:00Z,2026-03-16 15:00,2026-03-16 15:15,QH,105.29,107.88,104.32,103.4,65.1,8,104.51,111.69,-6.4
2026-03-16T15:15:00Z,2026-03-16 15:15,2026-03-16 15:30,QH,99.11,99.74,97.18,104.27,97.2,26,96.09,100.58,-1.47
2026-03-16T15:30:00Z,2026-03-16 15:30,2026-03-16 15:45,QH,104.89,114.67,102.94,110.25,39.7,11,108.47,104.5,0.39
2026-03-16T15:45:00Z,2026-03-16 15:45,2026-03-16 16:00,QH,101.44,105.14,93.94,94.81,86.3,17,102.59,111.01,-9.57
2026-03-16T16:00:00Z,2026-03-16 16:00,2026-03-16 16:15,QH,110.99,120.86,110.79,108.09,92.9,23,112.08,98.82,12.17
2026-03-16T16:15:00Z,2026-03-16 16:15,2026-03-16 16:30,QH,119.39,119.96,119.0,117.34,101.0,24,121.01,105.49,13.91
2026-03-16T16:30:00Z,2026-03-16 16:30,2026-03-16 16:45,QH,129.44,138.25,112.93,131.24,75.7,27,131.86,105.16,24.28
2026-03-16T16:45:00Z,2026-03-16 16:45,2026-03-16 17:00,QH,96.58,99.28,88.71,94.73,69.0,12,95.18,103.02,-6.44
2026-03-16T17:00:00Z,2026-03-16 17:00,2026-03-16 17:15,QH,108.12,115.8,106.72,105.24,68.7,13,108.16,101.96,6.16
2026-03-16T17:15:00Z,2026-03-16 17:15,2026-03-16 17:30,QH,103.99,108.67,99.25,107.47,92.1,45,104.21,102.21,1.78
2026-03-16T17:30:00Z,2026-03-16 17:30,2026-03-16 17:45,QH,84.28,85.41,82.23,86.91,42.2,20,82.49,98.21,-13.93
2026-03-16T17:45:00Z,2026-03-16 17:45,2026-03-16 18:00,QH,115.95,120.77,111.64,113.2,107.6,18,120.26,104.65,11.29
2026-03-16T18:00:00Z,2026-03-16 18:00,2026-03-16 18:15,QH,96.04,101.98,91.95,93.92,118.9,21,96.37,93.64,2.4
2026-03-16T18:15:00Z,2026-03-16 18:15,2026-03-16 18:30,QH,90.62,91.79,86.63,91.71,54.7,8,89.58,99.64,-9.02
2026-03-16T18:30:00Z,2026-03-16 18:30,2026-03-16 18:45,QH,103.44,108.4,96.6,107.97,79.5,12,104.45,98.35,5.09
2026-03-16T18:45:00Z,2026-03-16 18:45,2026-03-16 19:00,QH,91.81,92.74,91.28,95.57,73.2,20,89.98,106.2,-14.39
2026-03-16T19:00:00Z,2026-03-16 19:00,2026-03-16 19:15,QH,106.31,110.98,100.66,106.4,124.7,51,101.67,88.68,17.63
2026-03-16T19:15:00Z,2026-03-16 19:15,2026-03-16 19:30,QH,110.55,113.63,110.0,113.11,40.8,7,110.79,103.97,6.58
2026-03-16T19:30:00Z,2026-03-16 19:30,2026-03-16 19:45,QH,86.05,94.82,79.01,82.21,59.2,7,85.2,89.39,-3.34
2026-03-16T19:45:00Z,2026-03-16 19:45,2026-03-16 20:00,QH,108.83,112.2,104.16,111.24,111.5,17,107.39,107.85,0.99
2026-03-16T20:00:00Z,2026-03-16 20:00,2026-03-16 20:15,QH,59.96,60.8,48.46,62.8,123.7,16,57.58,51.33,8.63
2026-03-16T20:15:00Z,2026-03-16 20:15,2026-03-16 20:30,QH,60.8,61.94,55.21,64.46,85.4,21,60.36,65.44,-4.65
2026-03-16T20:30:00Z,2026-03-16 20:30,2026-03-16 20:45,QH,41.67,48.56,37.86,39.31,79.9,15,40.18,63.59,-21.92
2026-03-16T20:45:00Z,2026-03-16 20:45,2026-03-16 21:00,QH,56.29,60.17,50.93,55.56,89.1,15,55.9,53.21,3.08
2026-03-16T21:00:00Z,2026-03-16 21:00,2026-03-16 21:15,QH,47.98,50.25,47.94,45.62,108.4,50,44.1,67.82,-19.83
2026-03-16T21:15:00Z,2026-03-16 21:15,2026-03-16 21:30,QH,71.12,74.84,63.71,68.04,93.7,18,74.23,60.07,11.05
2026-03-16T21:30:00Z,2026-03-16 21:30,2026-03-16 21:45,QH,61.66,64.59,61.32,62.46,99.2,15,63.65,60.73,0.93
2026-03-16T21:45:00Z,2026-03-16 21:45,2026-03-16 22:00,QH,55.33,64.55,52.73,52.78,54.9,11,52.46,58.9,-3.57
2026-03-16T22:00:00Z,2026-03-16 22:00,2026-03-16 22:15,QH,66.32,71.02,59.83,66.28,75.6,9,64.77,68.67,-2.35
2026-03-16T22:15:00Z,2026-03-16 22:15,2026-03-16 22:30,QH,57.57,59.49,50.9,56.06,34.5,4,59.89,67.35,-9.78
2026-03-16T22:30:00Z,2026-03-16 22:30,2026-03-16 22:45,QH,59.78,64.24,54.18,55.6,74.9,17,57.91,68.76,-8.97
2026-03-16T22:45:00Z,2026-03-16 22:45,2026-03-16 23:00,QH,69.01,72.8,63.83,71.03,60.1,11,68.16,61.5,7.51
2026-03-16T23:00:00Z,2026-03-16 23:00,2026-03-16 23:15,QH,74.23,76.34,70.34,70.88,74.7,10,74.37,68.33,5.89
2026-03-16T23:15:00Z,2026-03-16 23:15,2026-03-16 23:30,QH,63.24,64.51,61.99,62.93,51.8,11,61.99,53.53,9.71
2026-03-16T23:30:00Z,2026-03-16 23:30,2026-03-16 23:45,QH,32.54,32.6,26.77,38.37,49.4,7,33.02,69.91,-37.37
2026-03-16T23:45:00Z,2026-03-16 23:45,2026-03-17 00:00,QH,71.08,74.21,66.21,74.07,10,3,69.28,61.57,9.51
2026-03-17T00:00:00Z,2026-03-17 00:00,2026-03-17 00:15,QH,42.37,54.42,34.72,41.46,50.5,22,44.93,60.07,-17.7
2026-03-17T00:15:00Z,2026-03-17 00:15,2026-03-17 00:30,QH,35.82,38.48,34.69,37.15,117.5,46,38.75,43.29,-7.47
2026-03-17T00:30:00Z,2026-03-17 00:30,2026-03-17 00:45,QH,45.25,46.6,41.31,46.5,74.4,21,45.26,48.8,-3.56
2026-03-17T00:45:00Z,2026-03-17 00:45,2026-03-17 01:00,QH,54.1,67.02,50.26,54.39,61.1,8,53.04,46.73,7.38
2026-03-17T01:00:00Z,2026-03-17 01:00,2026-03-17 01:15,QH,63.99,73.81,58.01,66.31,81.0,11,66.9,48.55,15.44
2026-03-17T01:15:00Z,2026-03-17 01:15,2026-03-17 01:30,QH,62.01,62.23,50.64,63.53,66.9,25,62.03,50.23,11.78
2026-03-17T01:30:00Z,2026-03-17 01:30,2026-03-17 01:45,QH,70.77,76.5,63.89,71.0,92.4,18,71.84,51.67,19.1
2026-03-17T01:45:00Z,2026-03-17 01:45,2026-03-17 02:00,QH,46.02,48.89,43.33,42.82,52.6,9,46.3,49.41,-3.4
2026-03-17T02:00:00Z,2026-03-17 02:00,2026-03-17 02:15,QH,74.37,83.99,66.8,75.15,92.0,21,72.88,54.69,19.67
2026-03-17T02:15:00Z,2026-03-17 02:15,2026-03-17 02:30,QH,41.28,43.58,40.03,40.4,94.9,12,45.56,47.46,-6.18
2026-03-17T02:30:00Z,2026-03-17 02:30,2026-03-17 02:45,QH,63.44,66.44,53.74,63.95,55.5,8,61.61,49.86,13.58
2026-03-17T02:45:00Z,2026-03-17 02:45,2026-03-17 03:00,QH,59.08,63.17,58.85,54.12,59.5,9,57.62,47.55,11.54
2026-03-17T03:00:00Z,2026-03-17 03:00,2026-03-17 03:15,QH,62.47,69.08,58.37,62.17,63.8,16,63.02,52.18,10.29
2026-03-17T03:15:00Z,2026-03-17 03:15,2026-03-17 03:30,QH,47.7,48.33,41.51,48.51,83.2,10,46.86,56.28,-8.58
2026-03-17T03:30:00Z,2026-03-17 03:30,2026-03-17 03:45,QH,46.03,48.68,43.85,52.64,101.6,33,44.69,45.09,0.94
2026-03-17T03:45:00Z,2026-03-17 03:45,2026-03-17 04:00,QH,40.0,44.59,37.06,36.11,142.2,58,39.89,54.03,-14.03
2026-03-17T04:00:00Z,2026-03-17 04:00,2026-03-17 04:15,QH,73.09,73.85,72.94,78.38,102.7,15,71.62,49.36,23.73
2026-03-17T04:15:00Z,2026-03-17 04:15,2026-03-17 04:30,QH,33.56,35.39,27.04,42.53,94.8,32,29.87,53.44,-19.87
2026-03-17T04:30:00Z,2026-03-17 04:30,2026-03-17 04:45,QH,72.3,76.92,63.38,67.97,64.3,14,71.57,41.37,30.93
2026-03-17T04:45:00Z,2026-03-17 04:45,2026-03-17 05:00,QH,49.08,49.85,46.2,49.66,100.4,15,47.0,52.42,-3.33
2026-03-17T05:00:00Z,2026-03-17 05:00,2026-03-17 05:15,QH,57.08,57.97,47.88,58.06,138.2,22,57.68,51.85,5.23
2026-03-17T05:15:00Z,2026-03-17 05:15,2026-03-17 05:30,QH,38.89,39.12,34.87,40.18,119.9,37,38.28,47.26,-8.37
2026-03-17T05:30:00Z,2026-03-17 05:30,2026-03-17 05:45,QH,27.96,29.16,19.75,28.44,122.6,22,29.62,53.95,-25.99
2026-03-17T05:45:00Z,2026-03-17 05:45,2026-03-17 06:00,QH,45.35,45.43,43.5,41.9,116.2,17,49.17,45.55,-0.21
2026-03-17T06:00:00Z,2026-03-17 06:00,2026-03-17 06:15,QH,45.85,53.01,44.32,47.3,71.0,25,47.03,37.81,8.05
2026-03-17T06:15:00Z,2026-03-17 06:15,2026-03-17 06:30,QH,57.66,60.5,56.51,59.67,27.4,6,55.57,51.21,6.46
2026-03-17T06:30:00Z,2026-03-17 06:30,2026-03-17 06:45,QH,47.2,57.84,43.88,43.47,113.7,14,49.27,48.48,-1.28
2026-03-17T06:45:00Z,2026-03-17 06:45,2026-03-17 07:00,QH,60.46,68.82,53.61,57.3,132.7,30,59.88,50.61,9.86
2026-03-17T07:00:00Z,2026-03-17 07:00,2026-03-17 07:15,QH,89.48,93.74,85.21,86.4,65.8,8,87.25,92.16,-2.67
2026-03-17T07:15:00Z,2026-03-17 07:15,2026-03-17 07:30,QH,75.23,82.48,74.42,77.37,28.8,8,73.0,89.84,-14.61
2026-03-17T07:30:00Z,2026-03-17 07:30,2026-03-17 07:45,QH,69.2,70.5,56.48,67.34,147.8,49,66.93,90.77,-21.57
2026-03-17T07:45:00Z,2026-03-17 07:45,2026-03-17 08:00,QH,73.0,76.05,71.54,72.49,38.8,9,74.62,88.64,-15.64
2026-03-17T08:00:00Z,2026-03-17 08:00,2026-03-17 08:15,QH,96.52,102.94,95.81,98.41,63.6,14,100.06,88.66,7.86
2026-03-17T08:15:00Z,2026-03-17 08:15,2026-03-17 08:30,QH,76.15,77.32,69.13,73.96,62.4,11,75.37,88.03,-11.89
2026-03-17T08:30:00Z,2026-03-17 08:30,2026-03-17 08:45,QH,76.1,81.11,71.66,81.37,107.1,24,78.88,86.53,-10.44
2026-03-17T08:45:00Z,2026-03-17 08:45,2026-03-17 09:00,QH,84.34,87.19,80.95,85.94,48.7,7,85.84,86.65,-2.32
2026-03-17T09:00:00Z,2026-03-17 09:00,2026-03-17 09:15,QH,96.31,97.97,89.29,103.56,80.3,32,98.45,95.81,0.5
2026-03-17T09:15:00Z,2026-03-17 09:15,2026-03-17 09:30,QH,105.58,105.66,100.59,107.45,33.2,4,106.04,91.96,13.62
2026-03-17T09:30:00Z,2026-03-17 09:30,2026-03-17 09:45,QH,93.23,97.99,91.57,94.7,79.1,33,94.2,88.13,5.11
2026-03-17T09:45:00Z,2026-03-17 09:45,2026-03-17 10:00,QH,77.34,80.68,76.09,77.41,60.6,8,78.8,95.35,-18.01
2026-03-17T10:00:00Z,2026-03-17 10:00,2026-03-17 10:15,QH,70.8,76.44,64.99,71.93,106.7,20,73.69,96.24,-25.44
2026-03-17T10:15:00Z,2026-03-17 10:15,2026-03-17 10:30,QH,82.17,87.59,79.24,80.56,44.6,8,80.02,91.88,-9.71
2026-03-17T10:30:00Z,2026-03-17 10:30,2026-03-17 10:45,QH,100.89,103.98,97.4,98.26,92.4,27,98.29,87.87,13.02
2026-03-17T10:45:00Z,2026-03-17 10:45,2026-03-17 11:00,QH,99.25,105.88,97.07,96.9,76.1,19,97.48,88.25,11.01
2026-03-17T11:00:00Z,2026-03-17 11:00,2026-03-17 11:15,QH,83.33,85.04,78.6,79.0,28.7,9,86.44,91.78,-8.45
2026-03-17T11:15:00Z,2026-03-17 11:15,2026-03-17 11:30,QH,94.51,97.14,91.39,97.42,78.9,13,96.01,85.27,9.23
2026-03-17T11:30:00Z,2026-03-17 11:30,2026-03-17 11:45,QH,89.4,90.66,85.82,89.91,100.8,20,88.45,102.75,-13.36
2026-03-17T11:45:00Z,2026-03-17 11:45,2026-03-17 12:00,QH,116.39,119.74,111.04,117.9,38.8,13,115.99,94.74,21.66
2026-03-17T12:00:00Z,2026-03-17 12:00,2026-03-17 12:15,QH,93.19,93.8,89.15,89.09,62.1,23,92.81,101.59,-8.39
2026-03-17T12:15:00Z,2026-03-17 12:15,2026-03-17 12:30,QH,73.85,74.45,73.49,75.2,93.6,28,74.07,96.71,-22.85
2026-03-17T12:30:00Z,2026-03-17 12:30,2026-03-17 12:45,QH,113.87,114.91,112.77,113.4,63.7,14,113.67,97.53,16.33
2026-03-17T12:45:00Z,2026-03-17 12:45,2026-03-17 13:00,QH,95.74,100.56,89.39,95.52,10,3,95.9,100.48,-4.74
2026-03-17T13:00:00Z,2026-03-17 13:00,2026-03-17 13:15,QH,93.51,95.48,87.24,93.7,142.0,29,94.7,97.3,-3.79
2026-03-17T13:15:00Z,2026-03-17 13:15,2026-03-17 13:30,QH,81.54,82.81,79.4,84.55,68.7,25,82.6,102.05,-20.51
2026-03-17T13:30:00Z,2026-03-17 13:30,2026-03-17 13:45,QH,76.03,81.32,70.93,77.65,10,3,77.99,91.87,-15.83
2026-03-17T13:45:00Z,2026-03-17 13:45,2026-03-17 14:00,QH,94.25,95.05,93.75,94.54,104.5,21,93.1,91.46,2.78
2026-03-17T14:00:00Z,2026-03-17 14:00,2026-03-17 14:15,QH,81.13,86.5,80.49,78.49,96.0,17,81.38,94.1,-12.97
2026-03-17T14:15:00Z,2026-03-17 14:15,2026-03-17 14:30,QH,96.43,97.43,89.89,98.34,46.7,9,98.22,102.5,-6.07
2026-03-17T14:30:00Z,2026-03-17 14:30,2026-03-17 14:45,QH,82.49,86.57,78.49,82.48,98.0,21,82.33,100.8,-18.31
2026-03-17T14:45:00Z,2026-03-17 14:45,2026-03-17 15:00,QH,92.42,95.13,91.24,92.1,97.3,30,91.66,101.04,-8.62
2026-03-17T15:00:00Z,2026-03-17 15:00,2026-03-17 15:15,QH,82.98,98.37,81.75,88.86,46.8,9,81.05,84.09,-1.11
2026-03-17T15:15:00Z,2026-03-17 15:15,2026-03-17 15:30,QH,106.94,109.06,100.0,105.46,104.1,25,108.87,97.65,9.28
2026-03-17T15:30:00Z,2026-03-17 15:30,2026-03-17 15:45,QH,93.27,100.25,86.8,92.56,122.8,40,94.76,94.87,-1.6
2026-03-17T15:45:00Z,2026-03-17 15:45,2026-03-17 16:00,QH,99.03,103.11,92.95,96.02,72.0,27,96.83,95.12,3.91
2026-03-17T16:00:00Z,2026-03-17 16:00,2026-03-17 16:15,QH,107.93,108.55,107.85,102.45,96.3,34,106.89,98.03,9.9
2026-03-17T16:15:00Z,2026-03-17 16:15,2026-03-17 16:30,QH,91.38,95.18,89.76,94.67,98.8,19,90.09,94.01,-2.63
2026-03-17T16:30:00Z,2026-03-17 16:30,2026-03-17 16:45,QH,140.38,144.4,138.44,140.56,50.8,12,136.68,93.85,46.53
2026-03-17T16:45:00Z,2026-03-17 16:45,2026-03-17 17:00,QH,81.06,85.13,76.99,76.18,94.6,43,80.58,99.39,-18.33
2026-03-17T17:00:00Z,2026-03-17 17:00,2026-03-17 17:15,QH,89.61,93.01,83.86,90.59,93.3,13,89.12,90.25,-0.64
2026-03-17T17:15:00Z,2026-03-17 17:15,2026-03-17 17:30,QH,83.2,93.4,77.19,91.57,118.5,35,85.55,90.51,-7.31
2026-03-17T17:30:00Z,2026-03-17 17:30,2026-03-17 17:45,QH,184.66,186.85,180.86,186.58,94.7,14,185.45,93.62,91.05
2026-03-17T17:45:00Z,2026-03-17 17:45,2026-03-17 18:00,QH,77.01,79.3,76.4,76.72,38.0,14,76.48,87.31,-10.3
2026-03-17T18:00:00Z,2026-03-17 18:00,2026-03-17 18:15,QH,93.0,95.25,87.07,90.76,55.2,16,92.41,75.72,17.29
2026-03-17T18:15:00Z,2026-03-17 18:15,2026-03-17 18:30,QH,72.39,79.3,67.67,66.23,129.8,38,73.32,90.43,-18.04
2026-03-17T18:30:00Z,2026-03-17 18:30,2026-03-17 18:45,QH,66.8,71.08,64.72,67.38,131.9,17,67.46,96.76,-29.95
2026-03-17T18:45:00Z,2026-03-17 18:45,2026-03-17 19:00,QH,88.13,94.72,83.02,93.04,155.6,28,90.6,87.23,0.9
2026-03-17T19:00:00Z,2026-03-17 19:00,2026-03-17 19:15,QH,98.26,100.71,94.27,95.14,58.3,17,96.61,86.74,11.52
2026-03-17T19:15:00Z,2026-03-17 19:15,2026-03-17 19:30,QH,85.73,88.39,77.83,88.86,98.9,39,88.6,81.83,3.89
2026-03-17T19:30:00Z,2026-03-17 19:30,2026-03-17 19:45,QH,85.01,87.46,77.99,86.68,27.5,7,83.58,89.44,-4.43
2026-03-17T19:45:00Z,2026-03-17 19:45,2026-03-17 20:00,QH,84.38,90.14,73.45,82.03,104.1,20,83.21,81.57,2.82
2026-03-17T20:00:00Z,2026-03-17 20:00,2026-03-17 20:15,QH,45.54,48.87,40.54,46.8,76.0,10,44.3,59.45,-13.92
2026-03-17T20:15:00Z,2026-03-17 20:15,2026-03-17 20:30,QH,52.68,57.63,44.06,50.89,89.5,24,53.11,41.52,11.16
2026-03-17T20:30:00Z,2026-03-17 20:30,2026-03-17 20:45,QH,55.97,58.09,54.41,56.0,92.3,16,54.4,50.23,5.74
2026-03-17T20:45:00Z,2026-03-17 20:45,2026-03-17 21:00,QH,47.05,49.96,36.61,49.31,119.6,27,45.39,41.76,5.29
2026-03-17T21:00:00Z,2026-03-17 21:00,2026-03-17 21:15,QH,49.95,53.81,47.62,49.55,107.4,13,52.23,44.04,5.91
2026-03-17T21:15:00Z,2026-03-17 21:15,2026-03-17 21:30,QH,39.27,42.47,30.38,40.27,83.0,37,39.19,48.72,-9.45
2026-03-17T21:30:00Z,2026-03-17 21:30,2026-03-17 21:45,QH,33.65,33.74,28.15,37.38,52.0,15,34.53,55.05,-21.39
2026-03-17T21:45:00Z,2026-03-17 21:45,2026-03-17 22:00,QH,48.43,52.82,41.95,50.78,46.9,12,43.86,57.61,-9.18
2026-03-17T22:00:00Z,2026-03-17 22:00,2026-03-17 22:15,QH,49.66,55.64,47.34,47.4,98.2,16,49.34,45.75,3.91
2026-03-17T22:15:00Z,2026-03-17 22:15,2026-03-17 22:30,QH,28.49,30.33,27.93,28.62,71.3,32,27.12,58.46,-29.97
2026-03-17T22:30:00Z,2026-03-17 22:30,2026-03-17 22:45,QH,58.58,58.73,56.82,58.38,94.5,12,57.77,51.69,6.9
2026-03-17T22:45:00Z,2026-03-17 22:45,2026-03-17 23:00,QH,48.67,50.1,47.02,49.46,113.1,27,50.4,49.84,-1.17
2026-03-17T23:00:00Z,2026-03-17 23:00,2026-03-17 23:15,QH,59.12,67.24,56.45,55.15,144.2,24,58.55,40.78,18.35
2026-03-17T23:15:00Z,2026-03-17 23:15,2026-03-17 23:30,QH,55.85,58.04,54.52,60.85,117.4,41,55.33,39.66,16.19
2026-03-17T23:30:00Z,2026-03-17 23:30,2026-03-17 23:45,QH,44.06,44.75,36.65,44.25,72.7,24,45.02,50.36,-6.31
2026-03-17T23:45:00Z,2026-03-17 23:45,2026-03-18 00:00,QH,39.11,41.79,36.5,38.51,63.0,9,38.02,46.01,-6.91
2026-03-18T00:00:00Z,2026-03-18 00:00,2026-03-18 00:15,QH,129.8,131.31,126.77,133.92,68.1,31,127.96,54.97,74.83
2026-03-18T00:15:00Z,2026-03-18 00:15,2026-03-18 00:30,QH,57.07,57.62,52.9,59.29,86.2,14,58.34,47.73,9.34
2026-03-18T00:30:00Z,2026-03-18 00:30,2026-03-18 00:45,QH,62.75,69.2,62.14,63.6,23.9,5,59.64,52.78,9.98
2026-03-18T00:45:00Z,2026-03-18 00:45,2026-03-18 01:00,QH,52.21,66.8,52.05,57.95,96.0,14,54.44,56.84,-4.63
2026-03-18T01:00:00Z,2026-03-18 01:00,2026-03-18 01:15,QH,53.23,56.2,49.95,54.61,97.9,15,56.77,53.42,-0.19
2026-03-18T01:15:00Z,2026-03-18 01:15,2026-03-18 01:30,QH,41.15,41.6,34.17,36.4,75.4,9,40.01,51.4,-10.24
2026-03-18T01:30:00Z,2026-03-18 01:30,2026-03-18 01:45,QH,63.93,66.06,57.53,61.08,83.7,18,63.0,49.27,14.66
2026-03-18T01:45:00Z,2026-03-18 01:45,2026-03-18 02:00,QH,60.39,65.45,59.83,57.03,90.8,19,63.09,51.84,8.55
2026-03-18T02:00:00Z,2026-03-18 02:00,2026-03-18 02:15,QH,35.93,36.22,34.37,32.71,57.5,28,35.92,59.23,-23.3
2026-03-18T02:15:00Z,2026-03-18 02:15,2026-03-18 02:30,QH,55.16,60.58,48.72,54.5,108.7,30,55.2,55.58,-0.42
2026-03-18T02:30:00Z,2026-03-18 02:30,2026-03-18 02:45,QH,50.54,50.68,49.87,54.21,124.7,51,47.7,58.68,-8.14
2026-03-18T02:45:00Z,2026-03-18 02:45,2026-03-18 03:00,QH,71.08,75.3,66.97,69.95,124.1,16,72.7,49.32,21.76
2026-03-18T03:00:00Z,2026-03-18 03:00,2026-03-18 03:15,QH,55.38,56.16,54.85,52.09,98.5,48,56.55,51.77,3.61
2026-03-18T03:15:00Z,2026-03-18 03:15,2026-03-18 03:30,QH,63.38,63.48,48.66,60.63,157.6,40,62.88,50.39,12.98
2026-03-18T03:30:00Z,2026-03-18 03:30,2026-03-18 03:45,QH,52.88,56.04,47.4,54.62,96.7,12,53.8,52.68,0.2
2026-03-18T03:45:00Z,2026-03-18 03:45,2026-03-18 04:00,QH,58.27,63.5,58.15,55.95,93.9,41,61.67,50.18,8.09
2026-03-18T04:00:00Z,2026-03-18 04:00,2026-03-18 04:15,QH,55.87,60.47,53.14,58.86,84.8,16,54.9,54.12,1.76
2026-03-18T04:15:00Z,2026-03-18 04:15,2026-03-18 04:30,QH,38.25,39.3,25.62,33.84,120.6,50,35.66,54.66,-16.41
2026-03-18T04:30:00Z,2026-03-18 04:30,2026-03-18 04:45,QH,27.78,31.39,25.36,27.15,73.4,10,27.22,48.86,-21.08
2026-03-18T04:45:00Z,2026-03-18 04:45,2026-03-18 05:00,QH,44.82,51.55,40.37,48.37,98.3,12,42.39,52.81,-7.99
2026-03-18T05:00:00Z,2026-03-18 05:00,2026-03-18 05:15,QH,59.37,60.96,57.12,58.74,73.9,28,57.72,65.85,-6.47
2026-03-18T05:15:00Z,2026-03-18 05:15,2026-03-18 05:30,QH,59.56,61.27,58.72,63.45,108.6,31,61.37,66.0,-6.43
2026-03-18T05:30:00Z,2026-03-18 05:30,2026-03-18 05:45,QH,46.9,54.49,41.69,45.69,65.7,8,47.16,54.66,-7.77
2026-03-18T05:45:00Z,2026-03-18 05:45,2026-03-18 06:00,QH,54.94,55.09,49.68,54.4,56.5,11,52.89,45.36,9.58
2026-03-18T06:00:00Z,2026-03-18 06:00,2026-03-18 06:15,QH,64.72,71.49,63.41,66.9,46.6,8,65.08,51.34,13.38
2026-03-18T06:15:00Z,2026-03-18 06:15,2026-03-18 06:30,QH,50.6,52.14,49.65,45.79,100.7,35,52.68,51.6,-1.0
2026-03-18T06:30:00Z,2026-03-18 06:30,2026-03-18 06:45,QH,160.13,169.35,158.7,159.12,72.0,9,160.27,57.4,102.74
2026-03-18T06:45:00Z,2026-03-18 06:45,2026-03-18 07:00,QH,58.86,63.61,58.1,62.69,50.3,9,60.54,49.88,8.98
2026-03-18T07:00:00Z,2026-03-18 07:00,2026-03-18 07:15,QH,112.98,115.98,108.26,110.94,67.3,15,112.06,90.5,22.48
2026-03-18T07:15:00Z,2026-03-18 07:15,2026-03-18 07:30,QH,108.79,110.91,104.53,107.95,41.7,16,107.71,88.4,20.39
2026-03-18T07:30:00Z,2026-03-18 07:30,2026-03-18 07:45,QH,84.98,85.59,84.11,86.36,114.1,30,84.87,88.64,-3.67
2026-03-18T07:45:00Z,2026-03-18 07:45,2026-03-18 08:00,QH,93.74,97.67,88.0,93.89,37.1,5,93.79,83.23,10.5
2026-03-18T08:00:00Z,2026-03-18 08:00,2026-03-18 08:15,QH,83.82,86.11,80.59,84.03,61.8,22,81.56,84.74,-0.92
2026-03-18T08:15:00Z,2026-03-18 08:15,2026-03-18 08:30,QH,82.92,88.21,81.68,83.29,141.9,32,86.8,93.5,-10.58
2026-03-18T08:30:00Z,2026-03-18 08:30,2026-03-18 08:45,QH,78.85,85.12,72.18,79.68,60.1,17,79.22,92.92,-14.06
2026-03-18T08:45:00Z,2026-03-18 08:45,2026-03-18 09:00,QH,68.83,71.99,65.77,68.17,111.5,17,70.53,94.82,-25.99
2026-03-18T09:00:00Z,2026-03-18 09:00,2026-03-18 09:15,QH,228.43,231.12,225.51,229.94,62.5,14,225.48,89.33,139.1
2026-03-18T09:15:00Z,2026-03-18 09:15,2026-03-18 09:30,QH,92.35,95.49,88.07,88.05,101.4,15,91.54,84.0,8.35
2026-03-18T09:30:00Z,2026-03-18 09:30,2026-03-18 09:45,QH,109.05,117.7,106.78,107.47,68.7,9,108.2,91.27,17.78
2026-03-18T09:45:00Z,2026-03-18 09:45,2026-03-18 10:00,QH,86.37,87.44,79.86,85.13,107.6,25,83.72,96.17,-9.8
2026-03-18T10:00:00Z,2026-03-18 10:00,2026-03-18 10:15,QH,83.95,86.89,74.49,88.13,151.4,50,84.98,92.79,-8.84
2026-03-18T10:15:00Z,2026-03-18 10:15,2026-03-18 10:30,QH,204.07,206.31,202.74,207.11,115.7,25,203.46,92.55,111.51
2026-03-18T10:30:00Z,2026-03-18 10:30,2026-03-18 10:45,QH,86.99,93.07,85.7,87.52,76.1,15,86.17,98.04,-11.04
2026-03-18T10:45:00Z,2026-03-18 10:45,2026-03-18 11:00,QH,74.98,77.45,66.63,76.64,94.1,14,74.4,96.39,-21.42
2026-03-18T11:00:00Z,2026-03-18 11:00,2026-03-18 11:15,QH,103.41,104.6,96.42,104.54,59.8,10,105.96,91.75,11.66
2026-03-18T11:15:00Z,2026-03-18 11:15,2026-03-18 11:30,QH,103.29,111.17,97.54,100.7,103.7,16,107.98,101.23,2.06
2026-03-18T11:30:00Z,2026-03-18 11:30,2026-03-18 11:45,QH,93.22,95.56,89.91,91.03,60.2,27,94.69,96.82,-3.6
2026-03-18T11:45:00Z,2026-03-18 11:45,2026-03-18 12:00,QH,91.97,95.83,82.66,91.31,113.2,15,85.28,93.71,-1.74
2026-03-18T12:00:00Z,2026-03-18 12:00,2026-03-18 12:15,QH,96.86,104.67,95.83,102.5,58.2,22,95.4,95.72,1.15
2026-03-18T12:15:00Z,2026-03-18 12:15,2026-03-18 12:30,QH,98.72,103.44,98.01,99.56,94.7,28,98.01,97.14,1.58
2026-03-18T12:30:00Z,2026-03-18 12:30,2026-03-18 12:45,QH,122.9,127.37,118.11,123.9,103.3,14,123.1,91.53,31.37
2026-03-18T12:45:00Z,2026-03-18 12:45,2026-03-18 13:00,QH,198.47,205.76,197.72,206.28,66.7,15,197.92,94.61,103.86
2026-03-18T13:00:00Z,2026-03-18 13:00,2026-03-18 13:15,QH,106.67,108.29,102.85,104.87,100.7,27,105.45,103.47,3.2
2026-03-18T13:15:00Z,2026-03-18 13:15,2026-03-18 13:30,QH,116.48,119.62,110.6,113.0,91.1,31,120.59,101.08,15.4
2026-03-18T13:30:00Z,2026-03-18 13:30,2026-03-18 13:45,QH,91.03,92.2,83.52,89.3,119.5,18,88.39,96.89,-5.86
2026-03-18T13:45:00Z,2026-03-18 13:45,2026-03-18 14:00,QH,83.62,84.63,82.3,87.08,29.3,4,82.79,95.65,-12.03
2026-03-18T14:00:00Z,2026-03-18 14:00,2026-03-18 14:15,QH,97.73,105.82,95.39,105.78,115.7,16,98.39,104.65,-6.92
2026-03-18T14:15:00Z,2026-03-18 14:15,2026-03-18 14:30,QH,101.19,102.4,95.67,102.52,111.2,15,102.07,94.57,6.62
2026-03-18T14:30:00Z,2026-03-18 14:30,2026-03-18 14:45,QH,71.86,72.54,68.94,68.84,87.2,23,71.29,96.39,-24.53
2026-03-18T14:45:00Z,2026-03-18 14:45,2026-03-18 15:00,QH,84.65,87.71,82.7,88.02,75.7,11,81.6,99.27,-14.62
2026-03-18T15:00:00Z,2026-03-18 15:00,2026-03-18 15:15,QH,98.22,105.16,96.28,98.42,114.0,15,95.43,97.71,0.51
2026-03-18T15:15:00Z,2026-03-18 15:15,2026-03-18 15:30,QH,92.09,93.73,87.68,90.52,16.8,3,92.18,97.52,-5.43
2026-03-18T15:30:00Z,2026-03-18 15:30,2026-03-18 15:45,QH,116.06,118.99,115.17,113.25,79.2,13,113.82,99.01,17.04
2026-03-18T15:45:00Z,2026-03-18 15:45,2026-03-18 16:00,QH,59.87,67.2,58.92,60.93,120.1,59,62.29,105.42,-45.56
2026-03-18T16:00:00Z,2026-03-18 16:00,2026-03-18 16:15,QH,32.13,40.02,30.34,32.97,71.5,13,30.65,97.35,-65.23
2026-03-18T16:15:00Z,2026-03-18 16:15,2026-03-18 16:30,QH,83.61,91.47,80.61,83.43,120.7,19,85.81,94.07,-10.46
2026-03-18T16:30:00Z,2026-03-18 16:30,2026-03-18 16:45,QH,88.38,95.91,80.87,90.74,153.0,23,87.8,98.12,-9.74
2026-03-18T16:45:00Z,2026-03-18 16:45,2026-03-18 17:00,QH,87.54,88.64,84.66,90.09,113.5,15,85.83,93.28,-5.74
2026-03-18T17:00:00Z,2026-03-18 17:00,2026-03-18 17:15,QH,109.37,115.0,106.93,105.72,85.1,27,107.29,91.75,17.62
2026-03-18T17:15:00Z,2026-03-18 17:15,2026-03-18 17:30,QH,105.89,114.62,99.72,105.58,62.3,11,108.85,83.75,22.14
2026-03-18T17:30:00Z,2026-03-18 17:30,2026-03-18 17:45,QH,71.39,76.25,69.53,71.61,70.0,22,71.89,87.09,-15.71
2026-03-18T17:45:00Z,2026-03-18 17:45,2026-03-18 18:00,QH,25.22,27.75,21.38,23.24,84.3,11,22.02,97.02,-71.8
2026-03-18T18:00:00Z,2026-03-18 18:00,2026-03-18 18:15,QH,94.3,99.05,91.87,98.79,59.0,11,97.93,86.61,7.69
2026-03-18T18:15:00Z,2026-03-18 18:15,2026-03-18 18:30,QH,87.2,88.99,84.89,85.35,116.9,42,88.23,79.5,7.7
2026-03-18T18:30:00Z,2026-03-18 18:30,2026-03-18 18:45,QH,101.09,103.38,99.91,102.36,86.2,19,99.7,86.87,14.22
2026-03-18T18:45:00Z,2026-03-18 18:45,2026-03-18 19:00,QH,108.95,117.85,104.38,110.45,93.3,12,106.33,90.0,18.95
2026-03-18T19:00:00Z,2026-03-18 19:00,2026-03-18 19:15,QH,88.77,95.51,83.99,85.5,105.9,16,88.4,89.1,-0.33
2026-03-18T19:15:00Z,2026-03-18 19:15,2026-03-18 19:30,QH,92.81,96.99,83.02,88.44,106.1,17,94.14,88.85,3.95
2026-03-18T19:30:00Z,2026-03-18 19:30,2026-03-18 19:45,QH,90.01,92.4,86.03,90.49,48.3,10,90.62,85.14,4.88
2026-03-18T19:45:00Z,2026-03-18 19:45,2026-03-18 20:00,QH,83.11,87.55,79.64,88.04,128.1,22,83.77,81.36,1.76
2026-03-18T20:00:00Z,2026-03-18 20:00,2026-03-18 20:15,QH,46.08,47.99,42.23,46.82,107.6,22,44.88,53.39,-7.31
2026-03-18T20:15:00Z,2026-03-18 20:15,2026-03-18 20:30,QH,61.99,65.21,52.37,66.91,68.9,9,65.41,53.42,8.57
2026-03-18T20:30:00Z,2026-03-18 20:30,2026-03-18 20:45,QH,56.0,58.49,51.82,52.73,113.9,22,56.06,49.51,6.48
2026-03-18T20:45:00Z,2026-03-18 20:45,2026-03-18 21:00,QH,59.41,60.38,59.24,64.39,81.6,11,62.56,52.92,6.49
2026-03-18T21:00:00Z,2026-03-18 21:00,2026-03-18 21:15,QH,44.09,52.38,34.4,47.25,75.8,15,45.91,48.54,-4.44
2026-03-18T21:15:00Z,2026-03-18 21:15,2026-03-18 21:30,QH,53.18,63.73,46.07,48.1,89.2,15,54.0,62.97,-9.79
2026-03-18T21:30:00Z,2026-03-18 21:30,2026-03-18 21:45,QH,154.15,154.4,148.24,152.07,118.0,31,148.02,60.77,93.38
2026-03-18T21:45:00Z,2026-03-18 21:45,2026-03-18 22:00,QH,34.4,37.24,32.0,32.62,141.6,31,34.35,48.45,-14.06
2026-03-18T22:00:00Z,2026-03-18 22:00,2026-03-18 22:15,QH,51.13,51.77,46.79,50.47,104.4,27,51.75,51.59,-0.47
2026-03-18T22:15:00Z,2026-03-18 22:15,2026-03-18 22:30,QH,33.38,35.83,30.35,31.24,88.5,11,33.92,51.89,-18.5
2026-03-18T22:30:00Z,2026-03-18 22:30,2026-03-18 22:45,QH,42.07,46.74,39.08,43.23,68.7,12,40.85,52.03,-9.96
2026-03-18T22:45:00Z,2026-03-18 22:45,2026-03-18 23:00,QH,14.58,15.02,8.78,17.83,138.0,42,12.78,59.41,-44.83
2026-03-18T23:00:00Z,2026-03-18 23:00,2026-03-18 23:15,QH,58.42,59.88,51.37,62.45,108.8,26,56.37,51.14,7.27
2026-03-18T23:15:00Z,2026-03-18 23:15,2026-03-18 23:30,QH,53.36,55.49,46.83,50.71,67.9,13,53.48,52.19,1.17
2026-03-18T23:30:00Z,2026-03-18 23:30,2026-03-18 23:45,QH,55.19,58.34,51.52,58.02,79.6,22,54.34,55.4,-0.21
2026-03-18T23:45:00Z,2026-03-18 23:45,2026-03-19 00:00,QH,48.45,51.25,44.56,52.83,125.5,28,52.08,53.63,-5.18
2026-03-19T00:00:00Z,2026-03-19 00:00,2026-03-19 00:15,QH,57.28,63.77,48.7,55.03,122.1,19,56.91,52.13,5.15
2026-03-19T00:15:00Z,2026-03-19 00:15,2026-03-19 00:30,QH,70.64,74.61,67.18,70.18,33.1,5,70.36,49.79,20.85
2026-03-19T00:30:00Z,2026-03-19 00:30,2026-03-19 00:45,QH,60.01,61.27,55.75,55.3,29.2,5,60.44,50.93,9.09
2026-03-19T00:45:00Z,2026-03-19 00:45,2026-03-19 01:00,QH,83.16,83.45,81.98,84.12,53.6,7,84.28,53.2,29.97
2026-03-19T01:00:00Z,2026-03-19 01:00,2026-03-19 01:15,QH,65.4,76.43,62.29,67.95,82.3,13,59.87,47.81,17.59
2026-03-19T01:15:00Z,2026-03-19 01:15,2026-03-19 01:30,QH,50.03,54.96,49.02,50.14,61.2,16,49.36,57.14,-7.12
2026-03-19T01:30:00Z,2026-03-19 01:30,2026-03-19 01:45,QH,34.21,35.88,33.27,28.87,90.1,13,31.0,50.86,-16.65
2026-03-19T01:45:00Z,2026-03-19 01:45,2026-03-19 02:00,QH,53.99,62.18,50.1,52.18,94.3,15,51.92,46.5,7.49
2026-03-19T02:00:00Z,2026-03-19 02:00,2026-03-19 02:15,QH,44.07,49.33,41.77,42.59,69.4,10,47.9,50.52,-6.45
2026-03-19T02:15:00Z,2026-03-19 02:15,2026-03-19 02:30,QH,41.6,43.77,36.04,42.49,54.3,6,41.15,51.02,-9.42
2026-03-19T02:30:00Z,2026-03-19 02:30,2026-03-19 02:45,QH,48.06,51.31,43.44,50.62,82.2,21,47.83,47.99,0.07
2026-03-19T02:45:00Z,2026-03-19 02:45,2026-03-19 03:00,QH,54.45,57.61,47.17,51.1,68.1,13,55.62,50.24,4.21
2026-03-19T03:00:00Z,2026-03-19 03:00,2026-03-19 03:15,QH,63.82,67.98,63.79,61.76,69.0,24,65.57,59.21,4.61
2026-03-19T03:15:00Z,2026-03-19 03:15,2026-03-19 03:30,QH,62.11,64.3,54.33,62.87,51.9,14,63.55,52.94,9.17
2026-03-19T03:30:00Z,2026-03-19 03:30,2026-03-19 03:45,QH,59.94,62.02,51.29,61.31,84.6,11,61.04,57.31,2.63
2026-03-19T03:45:00Z,2026-03-19 03:45,2026-03-19 04:00,QH,51.2,55.18,50.24,48.26,59.8,20,52.32,44.79,6.4
2026-03-19T04:00:00Z,2026-03-19 04:00,2026-03-19 04:15,QH,35.71,48.71,33.8,33.65,10,3,33.88,47.92,-12.21
2026-03-19T04:15:00Z,2026-03-19 04:15,2026-03-19 04:30,QH,65.7,69.93,62.98,56.67,109.9,22,66.03,54.26,11.45
2026-03-19T04:30:00Z,2026-03-19 04:30,2026-03-19 04:45,QH,57.03,61.56,47.08,53.6,96.6,23,53.88,46.98,10.06
2026-03-19T04:45:00Z,2026-03-19 04:45,2026-03-19 05:00,QH,70.16,72.34,69.35,72.1,97.2,28,69.79,59.14,11.02
2026-03-19T05:00:00Z,2026-03-19 05:00,2026-03-19 05:15,QH,49.14,49.31,45.48,42.64,107.0,46,48.89,47.12,2.02
2026-03-19T05:15:00Z,2026-03-19 05:15,2026-03-19 05:30,QH,51.99,59.27,48.13,51.63,71.1,14,55.45,52.66,-0.66
2026-03-19T05:30:00Z,2026-03-19 05:30,2026-03-19 05:45,QH,40.33,45.03,37.81,38.08,94.2,15,42.25,44.97,-4.65
2026-03-19T05:45:00Z,2026-03-19 05:45,2026-03-19 06:00,QH,51.76,57.29,49.28,48.4,108.4,36,53.79,51.21,0.55
2026-03-19T06:00:00Z,2026-03-19 06:00,2026-03-19 06:15,QH,50.6,58.04,40.5,54.48,174.0,22,48.58,51.56,-0.96
2026-03-19T06:15:00Z,2026-03-19 06:15,2026-03-19 06:30,QH,43.16,52.96,43.15,37.85,109.8,26,44.67,62.75,-19.59
2026-03-19T06:30:00Z,2026-03-19 06:30,2026-03-19 06:45,QH,47.66,50.61,42.55,51.42,52.6,13,46.88,52.11,-4.45
2026-03-19T06:45:00Z,2026-03-19 06:45,2026-03-19 07:00,QH,68.1,68.93,67.95,64.3,53.4,19,66.39,48.22,19.89
2026-03-19T07:00:00Z,2026-03-19 07:00,2026-03-19 07:15,QH,87.76,97.21,87.04,93.15,97.4,27,87.29,82.69,5.07
2026-03-19T07:15:00Z,2026-03-19 07:15,2026-03-19 07:30,QH,90.44,91.48,81.97,95.67,109.2,25,91.41,90.66,-0.22
2026-03-19T07:30:00Z,2026-03-19 07:30,2026-03-19 07:45,QH,95.0,106.73,92.86,100.96,44.7,18,92.9,92.67,2.33
2026-03-19T07:45:00Z,2026-03-19 07:45,2026-03-19 08:00,QH,99.05,101.37,92.25,99.0,92.6,27,102.69,89.13,9.92
2026-03-19T08:00:00Z,2026-03-19 08:00,2026-03-19 08:15,QH,103.49,104.49,93.71,103.61,104.8,24,100.61,86.22,17.27
2026-03-19T08:15:00Z,2026-03-19 08:15,2026-03-19 08:30,QH,99.37,102.91,98.69,98.99,72.2,9,102.3,96.19,3.18
2026-03-19T08:30:00Z,2026-03-19 08:30,2026-03-19 08:45,QH,110.53,115.19,108.1,112.64,74.6,22,105.91,86.47,24.06
2026-03-19T08:45:00Z,2026-03-19 08:45,2026-03-19 09:00,QH,77.66,83.51,71.97,74.65,45.2,8,79.3,84.88,-7.22
2026-03-19T09:00:00Z,2026-03-19 09:00,2026-03-19 09:15,QH,103.13,103.61,95.82,103.7,80.0,11,101.68,94.66,8.47
2026-03-19T09:15:00Z,2026-03-19 09:15,2026-03-19 09:30,QH,94.34,101.74,91.17,95.09,50.0,10,94.27,92.66,1.68
2026-03-19T09:30:00Z,2026-03-19 09:30,2026-03-19 09:45,QH,101.12,103.03,95.32,103.36,82.2,11,98.28,87.42,13.7
2026-03-19T09:45:00Z,2026-03-19 09:45,2026-03-19 10:00,QH,191.56,198.8,190.0,192.39,81.7,30,191.51,92.95,98.61
2026-03-19T10:00:00Z,2026-03-19 10:00,2026-03-19 10:15,QH,123.92,125.46,121.73,122.56,71.6,23,120.31,92.51,31.41
2026-03-19T10:15:00Z,2026-03-19 10:15,2026-03-19 10:30,QH,115.7,120.41,109.34,109.94,95.1,32,117.81,95.08,20.62
2026-03-19T10:30:00Z,2026-03-19 10:30,2026-03-19 10:45,QH,110.65,114.91,101.66,110.73,85.2,41,110.79,91.03,19.62
2026-03-19T10:45:00Z,2026-03-19 10:45,2026-03-19 11:00,QH,69.7,75.13,59.31,65.3,95.9,14,69.63,88.6,-18.9
2026-03-19T11:00:00Z,2026-03-19 11:00,2026-03-19 11:15,QH,115.2,116.19,114.67,118.08,47.9,10,111.93,106.88,8.31
2026-03-19T11:15:00Z,2026-03-19 11:15,2026-03-19 11:30,QH,75.96,78.28,67.36,72.56,67.2,12,76.56,98.85,-22.89
2026-03-19T11:30:00Z,2026-03-19 11:30,2026-03-19 11:45,QH,100.69,101.44,90.26,101.95,73.3,9,101.65,81.42,19.27
2026-03-19T11:45:00Z,2026-03-19 11:45,2026-03-19 12:00,QH,93.35,95.48,90.07,91.62,38.2,7,95.06,89.29,4.06
2026-03-19T12:00:00Z,2026-03-19 12:00,2026-03-19 12:15,QH,78.69,82.22,73.41,81.76,47.8,10,76.53,93.82,-15.13
2026-03-19T12:15:00Z,2026-03-19 12:15,2026-03-19 12:30,QH,100.31,114.16,95.47,95.76,100.0,40,98.73,98.14,2.17
2026-03-19T12:30:00Z,2026-03-19 12:30,2026-03-19 12:45,QH,100.92,108.74,96.87,101.32,70.8,12,102.11,94.42,6.5
2026-03-19T12:45:00Z,2026-03-19 12:45,2026-03-19 13:00,QH,95.26,95.65,91.05,94.19,109.5,17,91.72,92.93,2.33
2026-03-19T13:00:00Z,2026-03-19 13:00,2026-03-19 13:15,QH,130.08,133.26,119.99,127.4,77.2,9,128.88,102.9,27.18
2026-03-19T13:15:00Z,2026-03-19 13:15,2026-03-19 13:30,QH,91.01,97.77,83.44,92.66,154.4,46,93.18,100.63,-9.62
2026-03-19T13:30:00Z,2026-03-19 13:30,2026-03-19 13:45,QH,81.45,92.49,72.69,82.26,161.5,56,80.42,92.37,-10.92
2026-03-19T13:45:00Z,2026-03-19 13:45,2026-03-19 14:00,QH,81.55,81.6,78.37,79.57,87.6,15,81.14,94.81,-13.26
2026-03-19T14:00:00Z,2026-03-19 14:00,2026-03-19 14:15,QH,82.35,85.13,82.12,77.01,97.0,16,85.58,87.07,-4.72
2026-03-19T14:15:00Z,2026-03-19 14:15,2026-03-19 14:30,QH,84.55,97.99,84.19,81.61,47.3,6,84.25,92.33,-7.78
2026-03-19T14:30:00Z,2026-03-19 14:30,2026-03-19 14:45,QH,103.58,112.16,98.21,104.92,102.2,24,102.47,95.47,8.11
2026-03-19T14:45:00Z,2026-03-19 14:45,2026-03-19 15:00,QH,82.8,88.15,79.15,82.36,57.6,24,82.32,88.81,-6.02
2026-03-19T15:00:00Z,2026-03-19 15:00,2026-03-19 15:15,QH,116.31,120.91,115.17,115.62,59.5,7,116.89,92.82,23.49
2026-03-19T15:15:00Z,2026-03-19 15:15,2026-03-19 15:30,QH,74.23,75.23,67.81,74.13,72.6,9,75.53,92.29,-18.06
2026-03-19T15:30:00Z,2026-03-19 15:30,2026-03-19 15:45,QH,82.23,83.39,79.47,79.03,36.8,8,84.11,88.53,-6.3
2026-03-19T15:45:00Z,2026-03-19 15:45,2026-03-19 16:00,QH,102.96,105.44,99.39,100.04,64.5,12,100.47,88.67,14.29
2026-03-19T16:00:00Z,2026-03-19 16:00,2026-03-19 16:15,QH,90.94,94.07,88.25,89.55,42.2,12,90.22,99.15,-8.21
2026-03-19T16:15:00Z,2026-03-19 16:15,2026-03-19 16:30,QH,65.28,68.19,63.91,71.52,99.5,44,66.86,91.63,-26.35
2026-03-19T16:30:00Z,2026-03-19 16:30,2026-03-19 16:45,QH,83.16,90.26,81.33,83.53,30.1,9,80.05,93.81,-10.65
2026-03-19T16:45:00Z,2026-03-19 16:45,2026-03-19 17:00,QH,73.27,77.62,71.13,69.66,57.2,28,75.62,91.8,-18.53
2026-03-19T17:00:00Z,2026-03-19 17:00,2026-03-19 17:15,QH,98.91,106.26,96.19,94.15,58.6,10,100.04,82.86,16.05
2026-03-19T17:15:00Z,2026-03-19 17:15,2026-03-19 17:30,QH,71.32,76.35,66.83,67.36,130.0,16,71.15,85.38,-14.06
2026-03-19T17:30:00Z,2026-03-19 17:30,2026-03-19 17:45,QH,89.62,99.94,85.33,93.07,74.9,13,91.4,85.01,4.61
2026-03-19T17:45:00Z,2026-03-19 17:45,2026-03-19 18:00,QH,89.82,90.53,89.53,93.83,61.8,8,91.6,88.64,1.17
2026-03-19T18:00:00Z,2026-03-19 18:00,2026-03-19 18:15,QH,88.67,93.51,82.91,88.68,89.4,19,87.85,92.11,-3.44
2026-03-19T18:15:00Z,2026-03-19 18:15,2026-03-19 18:30,QH,84.76,90.17,80.65,84.85,121.6,51,83.36,93.18,-8.42
2026-03-19T18:30:00Z,2026-03-19 18:30,2026-03-19 18:45,QH,62.71,67.88,49.54,63.34,98.8,19,61.92,88.35,-25.64
2026-03-19T18:45:00Z,2026-03-19 18:45,2026-03-19 19:00,QH,78.69,86.97,74.9,76.92,102.1,21,78.93,88.35,-9.67
2026-03-19T19:00:00Z,2026-03-19 19:00,2026-03-19 19:15,QH,83.26,84.69,81.09,87.26,80.5,18,82.93,93.76,-10.5
2026-03-19T19:15:00Z,2026-03-19 19:15,2026-03-19 19:30,QH,101.27,103.97,99.67,101.43,70.5,10,101.69,90.5,10.78
2026-03-19T19:30:00Z,2026-03-19 19:30,2026-03-19 19:45,QH,78.05,85.16,69.04,78.85,78.8,19,78.49,82.75,-4.7
2026-03-19T19:45:00Z,2026-03-19 19:45,2026-03-19 20:00,QH,93.89,96.43,93.62,93.0,100.9,13,94.34,83.55,10.34
2026-03-19T20:00:00Z,2026-03-19 20:00,2026-03-19 20:15,QH,46.03,55.83,41.4,48.9,130.2,18,45.14,49.79,-3.77
2026-03-19T20:15:00Z,2026-03-19 20:15,2026-03-19 20:30,QH,44.95,46.45,42.54,45.22,61.6,8,45.64,49.01,-4.06
2026-03-19T20:30:00Z,2026-03-19 20:30,2026-03-19 20:45,QH,40.65,41.78,39.04,37.27,124.3,19,43.32,56.09,-15.44
2026-03-19T20:45:00Z,2026-03-19 20:45,2026-03-19 21:00,QH,55.16,66.31,50.68,48.29,93.7,16,56.03,56.01,-0.85
2026-03-19T21:00:00Z,2026-03-19 21:00,2026-03-19 21:15,QH,49.02,58.74,47.43,48.44,62.3,13,47.84,51.3,-2.27
2026-03-19T21:15:00Z,2026-03-19 21:15,2026-03-19 21:30,QH,61.83,68.7,59.86,58.86,64.5,13,58.3,47.53,14.3
2026-03-19T21:30:00Z,2026-03-19 21:30,2026-03-19 21:45,QH,52.1,52.37,47.5,50.33,88.2,13,51.22,37.74,14.36
2026-03-19T21:45:00Z,2026-03-19 21:45,2026-03-19 22:00,QH,44.08,45.39,42.04,42.25,128.8,36,44.16,47.59,-3.51
2026-03-19T22:00:00Z,2026-03-19 22:00,2026-03-19 22:15,QH,63.19,64.7,62.54,64.48,53.6,8,63.33,49.82,13.37
2026-03-19T22:15:00Z,2026-03-19 22:15,2026-03-19 22:30,QH,48.41,52.76,43.02,49.28,72.0,28,49.79,55.1,-6.7
2026-03-19T22:30:00Z,2026-03-19 22:30,2026-03-19 22:45,QH,62.19,71.16,49.15,66.1,53.1,20,64.84,54.05,8.14
2026-03-19T22:45:00Z,2026-03-19 22:45,2026-03-19 23:00,QH,45.44,47.77,43.1,39.08,130.6,17,48.18,48.66,-3.22
2026-03-19T23:00:00Z,2026-03-19 23:00,2026-03-19 23:15,QH,108.78,111.56,104.53,111.17,154.0,68,109.81,53.6,55.19
2026-03-19T23:15:00Z,2026-03-19 23:15,2026-03-19 23:30,QH,37.89,41.77,35.62,39.05,129.8,16,41.98,46.32,-8.43
2026-03-19T23:30:00Z,2026-03-19 23:30,2026-03-19 23:45,QH,46.78,49.73,38.09,47.71,121.6,40,47.14,50.39,-3.62
2026-03-19T23:45:00Z,2026-03-19 23:45,2026-03-20 00:00,QH,41.11,43.02,33.71,43.74,91.9,16,41.42,53.89,-12.78
2026-03-20T00:00:00Z,2026-03-20 00:00,2026-03-20 00:15,QH,73.96,78.15,71.48,76.54,125.1,28,72.82,74.22,-0.26
2026-03-20T00:15:00Z,2026-03-20 00:15,2026-03-20 00:30,QH,59.36,64.71,57.14,55.44,146.9,21,61.24,73.66,-14.3
2026-03-20T00:30:00Z,2026-03-20 00:30,2026-03-20 00:45,QH,74.36,78.08,68.26,75.04,78.4,13,73.43,71.48,2.88
2026-03-20T00:45:00Z,2026-03-20 00:45,2026-03-20 01:00,QH,72.94,77.94,71.1,71.97,77.9,11,72.06,66.08,6.86
2026-03-20T01:00:00Z,2026-03-20 01:00,2026-03-20 01:15,QH,82.38,82.92,78.49,82.8,153.9,54,81.66,72.46,9.92
2026-03-20T01:15:00Z,2026-03-20 01:15,2026-03-20 01:30,QH,79.86,81.25,74.88,82.16,116.8,17,80.84,68.42,11.45
2026-03-20T01:30:00Z,2026-03-20 01:30,2026-03-20 01:45,QH,67.22,69.6,61.96,67.33,106.7,16,69.34,75.08,-7.86
2026-03-20T01:45:00Z,2026-03-20 01:45,2026-03-20 02:00,QH,54.98,55.35,54.03,52.33,63.4,15,56.73,71.12,-16.15
2026-03-20T02:00:00Z,2026-03-20 02:00,2026-03-20 02:15,QH,53.84,56.91,53.18,57.9,91.9,20,57.13,72.27,-18.43
2026-03-20T02:15:00Z,2026-03-20 02:15,2026-03-20 02:30,QH,86.0,89.57,85.06,91.13,52.7,10,87.81,70.33,15.67
2026-03-20T02:30:00Z,2026-03-20 02:30,2026-03-20 02:45,QH,75.05,80.09,73.04,73.79,58.0,10,71.79,66.0,9.05
2026-03-20T02:45:00Z,2026-03-20 02:45,2026-03-20 03:00,QH,81.81,81.86,79.5,79.11,137.5,17,81.58,68.41,13.4
2026-03-20T03:00:00Z,2026-03-20 03:00,2026-03-20 03:15,QH,67.95,72.8,64.17,73.02,56.8,17,69.74,66.14,1.81
2026-03-20T03:15:00Z,2026-03-20 03:15,2026-03-20 03:30,QH,76.19,81.05,72.62,72.46,99.5,12,74.99,64.59,11.6
2026-03-20T03:30:00Z,2026-03-20 03:30,2026-03-20 03:45,QH,63.36,65.15,52.57,65.47,105.0,20,61.87,72.68,-9.32
2026-03-20T03:45:00Z,2026-03-20 03:45,2026-03-20 04:00,QH,66.88,68.98,63.95,66.72,69.1,8,69.35,58.7,8.17
2026-03-20T04:00:00Z,2026-03-20 04:00,2026-03-20 04:15,QH,102.2,103.38,88.83,101.56,89.8,40,102.72,66.89,35.31
2026-03-20T04:15:00Z,2026-03-20 04:15,2026-03-20 04:30,QH,72.03,72.5,64.91,73.86,111.1,16,74.84,66.16,5.88
2026-03-20T04:30:00Z,2026-03-20 04:30,2026-03-20 04:45,QH,87.46,92.5,82.17,87.59,78.7,13,89.17,64.39,23.06
2026-03-20T04:45:00Z,2026-03-20 04:45,2026-03-20 05:00,QH,77.62,78.88,76.72,80.75,26.0,9,76.38,64.87,12.75
2026-03-20T05:00:00Z,2026-03-20 05:00,2026-03-20 05:15,QH,69.5,73.97,65.31,67.93,63.7,13,69.38,68.35,1.15
2026-03-20T05:15:00Z,2026-03-20 05:15,2026-03-20 05:30,QH,59.53,61.99,47.88,58.83,57.2,7,60.9,76.2,-16.68
2026-03-20T05:30:00Z,2026-03-20 05:30,2026-03-20 05:45,QH,63.66,66.36,61.32,65.44,92.4,14,65.46,65.53,-1.86
2026-03-20T05:45:00Z,2026-03-20 05:45,2026-03-20 06:00,QH,47.14,56.66,41.38,47.24,79.1,11,45.87,64.46,-17.32
2026-03-20T06:00:00Z,2026-03-20 06:00,2026-03-20 06:15,QH,78.69,84.75,68.94,75.67,69.7,22,78.94,62.83,15.86
2026-03-20T06:15:00Z,2026-03-20 06:15,2026-03-20 06:30,QH,72.31,72.38,72.15,75.68,85.6,13,72.46,77.93,-5.63
2026-03-20T06:30:00Z,2026-03-20 06:30,2026-03-20 06:45,QH,62.65,68.76,55.01,60.64,101.6,43,58.76,66.32,-3.68
2026-03-20T06:45:00Z,2026-03-20 06:45,2026-03-20 07:00,QH,71.42,72.68,64.74,71.34,88.1,12,71.05,72.14,-0.72
2026-03-20T07:00:00Z,2026-03-20 07:00,2026-03-20 07:15,QH,96.46,101.07,92.95,94.49,39.0,11,97.65,103.47,-7.0
2026-03-20T07:15:00Z,2026-03-20 07:15,2026-03-20 07:30,QH,98.09,105.05,94.15,97.17,120.3,41,99.52,101.64,-3.55
2026-03-20T07:30:00Z,2026-03-20 07:30,2026-03-20 07:45,QH,117.07,121.72,115.7,110.61,100.4,35,116.78,102.57,14.5
2026-03-20T07:45:00Z,2026-03-20 07:45,2026-03-20 08:00,QH,99.1,104.21,97.68,97.12,147.4,38,103.51,102.26,-3.15
2026-03-20T08:00:00Z,2026-03-20 08:00,2026-03-20 08:15,QH,103.57,104.63,95.91,104.8,26.9,8,105.0,110.83,-7.26
2026-03-20T08:15:00Z,2026-03-20 08:15,2026-03-20 08:30,QH,101.96,103.03,92.71,99.76,43.6,16,102.8,102.86,-0.9
2026-03-20T08:30:00Z,2026-03-20 08:30,2026-03-20 08:45,QH,117.26,119.75,114.39,120.22,58.7,12,116.02,108.0,9.25
2026-03-20T08:45:00Z,2026-03-20 08:45,2026-03-20 09:00,QH,91.82,92.71,90.83,93.49,103.6,29,90.59,101.87,-10.05
2026-03-20T09:00:00Z,2026-03-20 09:00,2026-03-20 09:15,QH,120.6,125.35,107.56,116.48,33.4,9,121.73,102.17,18.43
2026-03-20T09:15:00Z,2026-03-20 09:15,2026-03-20 09:30,QH,123.58,125.18,114.97,126.17,10,3,126.61,104.57,19.0
2026-03-20T09:30:00Z,2026-03-20 09:30,2026-03-20 09:45,QH,114.58,115.96,114.24,113.39,47.4,7,117.29,110.72,3.86
2026-03-20T09:45:00Z,2026-03-20 09:45,2026-03-20 10:00,QH,125.89,128.25,122.45,130.3,40.2,7,127.74,106.25,19.64
2026-03-20T10:00:00Z,2026-03-20 10:00,2026-03-20 10:15,QH,127.64,128.32,109.41,126.25,36.5,5,129.83,116.28,11.36
2026-03-20T10:15:00Z,2026-03-20 10:15,2026-03-20 10:30,QH,126.06,130.39,120.84,127.12,99.5,15,127.96,106.09,19.97
2026-03-20T10:30:00Z,2026-03-20 10:30,2026-03-20 10:45,QH,115.45,124.15,99.66,117.55,67.1,18,119.89,106.39,9.06
2026-03-20T10:45:00Z,2026-03-20 10:45,2026-03-20 11:00,QH,106.69,113.31,103.66,109.1,126.6,17,105.58,103.51,3.19
2026-03-20T11:00:00Z,2026-03-20 11:00,2026-03-20 11:15,QH,107.6,110.08,100.8,105.17,48.4,8,104.52,117.43,-9.83
2026-03-20T11:15:00Z,2026-03-20 11:15,2026-03-20 11:30,QH,98.26,99.75,97.45,93.58,72.0,32,97.24,120.91,-22.65
2026-03-20T11:30:00Z,2026-03-20 11:30,2026-03-20 11:45,QH,119.67,121.55,115.23,117.66,114.6,41,121.13,111.06,8.61
2026-03-20T11:45:00Z,2026-03-20 11:45,2026-03-20 12:00,QH,120.19,122.11,116.87,123.1,103.2,36,122.84,111.05,9.14
2026-03-20T12:00:00Z,2026-03-20 12:00,2026-03-20 12:15,QH,99.24,100.12,99.21,100.65,102.7,20,99.62,121.0,-21.76
2026-03-20T12:15:00Z,2026-03-20 12:15,2026-03-20 12:30,QH,99.39,101.89,98.36,98.43,62.2,11,102.71,114.7,-15.31
2026-03-20T12:30:00Z,2026-03-20 12:30,2026-03-20 12:45,QH,126.3,129.65,116.65,124.61,64.5,14,124.4,112.8,13.5
2026-03-20T12:45:00Z,2026-03-20 12:45,2026-03-20 13:00,QH,107.69,110.43,106.11,108.85,103.2,13,109.22,113.79,-6.11
2026-03-20T13:00:00Z,2026-03-20 13:00,2026-03-20 13:15,QH,135.72,143.95,133.22,132.81,68.4,9,133.96,115.07,20.65
2026-03-20T13:15:00Z,2026-03-20 13:15,2026-03-20 13:30,QH,126.94,131.09,125.38,121.4,115.9,21,124.6,118.36,8.58
2026-03-20T13:30:00Z,2026-03-20 13:30,2026-03-20 13:45,QH,100.69,104.35,96.25,104.05,68.8,14,99.36,108.12,-7.44
2026-03-20T13:45:00Z,2026-03-20 13:45,2026-03-20 14:00,QH,114.69,123.06,113.15,116.26,97.6,12,113.3,102.64,12.05
2026-03-20T14:00:00Z,2026-03-20 14:00,2026-03-20 14:15,QH,107.09,108.89,103.79,107.87,86.1,31,106.81,107.73,-0.64
2026-03-20T14:15:00Z,2026-03-20 14:15,2026-03-20 14:30,QH,97.44,102.58,95.55,100.23,118.4,24,97.83,119.35,-21.9
2026-03-20T14:30:00Z,2026-03-20 14:30,2026-03-20 14:45,QH,104.33,105.08,103.62,106.64,68.7,16,105.65,114.32,-9.99
2026-03-20T14:45:00Z,2026-03-20 14:45,2026-03-20 15:00,QH,129.92,130.88,124.12,126.5,43.1,8,130.94,112.14,17.79
2026-03-20T15:00:00Z,2026-03-20 15:00,2026-03-20 15:15,QH,86.91,93.63,83.46,89.1,73.2,9,86.85,114.32,-27.41
2026-03-20T15:15:00Z,2026-03-20 15:15,2026-03-20 15:30,QH,104.3,105.91,94.1,104.84,72.7,20,104.88,111.37,-7.07
2026-03-20T15:30:00Z,2026-03-20 15:30,2026-03-20 15:45,QH,100.69,104.53,99.35,103.53,123.7,20,100.67,119.41,-18.73
2026-03-20T15:45:00Z,2026-03-20 15:45,2026-03-20 16:00,QH,89.02,94.39,87.54,87.37,70.3,32,90.86,103.58,-14.56
2026-03-20T16:00:00Z,2026-03-20 16:00,2026-03-20 16:15,QH,111.0,115.81,106.42,109.04,91.6,16,109.31,120.64,-9.64
2026-03-20T16:15:00Z,2026-03-20 16:15,2026-03-20 16:30,QH,117.79,130.08,112.76,118.34,81.0,21,115.57,118.53,-0.75
2026-03-20T16:30:00Z,2026-03-20 16:30,2026-03-20 16:45,QH,97.46,100.66,94.48,94.93,70.7,30,97.43,106.0,-8.54
2026-03-20T16:45:00Z,2026-03-20 16:45,2026-03-20 17:00,QH,106.73,111.43,106.52,108.74,72.0,9,104.94,111.9,-5.17
2026-03-20T17:00:00Z,2026-03-20 17:00,2026-03-20 17:15,QH,104.92,107.34,103.83,102.53,10,3,104.9,105.89,-0.97
2026-03-20T17:15:00Z,2026-03-20 17:15,2026-03-20 17:30,QH,83.74,86.27,82.01,82.28,121.1,47,82.04,107.78,-24.04
2026-03-20T17:30:00Z,2026-03-20 17:30,2026-03-20 17:45,QH,97.19,97.88,87.6,94.96,37.0,10,92.89,106.1,-8.91
2026-03-20T17:45:00Z,2026-03-20 17:45,2026-03-20 18:00,QH,112.25,114.35,101.36,110.74,67.8,9,112.35,107.85,4.41
2026-03-20T18:00:00Z,2026-03-20 18:00,2026-03-20 18:15,QH,105.94,110.84,104.7,106.45,66.4,27,105.31,95.79,10.15
2026-03-20T18:15:00Z,2026-03-20 18:15,2026-03-20 18:30,QH,107.32,108.62,105.34,108.25,84.5,11,108.8,109.63,-2.31
2026-03-20T18:30:00Z,2026-03-20 18:30,2026-03-20 18:45,QH,109.04,109.99,105.99,108.35,133.7,36,107.84,120.86,-11.82
2026-03-20T18:45:00Z,2026-03-20 18:45,2026-03-20 19:00,QH,130.43,130.99,126.74,132.1,51.0,22,128.73,98.97,31.45
2026-03-20T19:00:00Z,2026-03-20 19:00,2026-03-20 19:15,QH,96.22,99.03,94.25,96.32,88.6,14,94.11,99.69,-3.48
2026-03-20T19:15:00Z,2026-03-20 19:15,2026-03-20 19:30,QH,75.64,82.66,72.2,77.82,87.3,14,76.73,102.74,-27.1
2026-03-20T19:30:00Z,2026-03-20 19:30,2026-03-20 19:45,QH,86.8,92.28,81.4,86.41,84.9,10,87.09,101.65,-14.85
2026-03-20T19:45:00Z,2026-03-20 19:45,2026-03-20 20:00,QH,93.25,107.82,89.6,89.95,112.4,17,95.18,99.12,-5.86
2026-03-20T20:00:00Z,2026-03-20 20:00,2026-03-20 20:15,QH,56.19,63.01,52.39,53.58,100.3,14,53.95,63.63,-7.44
2026-03-20T20:15:00Z,2026-03-20 20:15,2026-03-20 20:30,QH,73.17,76.47,58.83,75.66,116.2,19,73.44,67.28,5.88
2026-03-20T20:30:00Z,2026-03-20 20:30,2026-03-20 20:45,QH,70.46,72.21,67.22,68.09,57.6,12,68.03,73.17,-2.71
2026-03-20T20:45:00Z,2026-03-20 20:45,2026-03-20 21:00,QH,83.61,87.09,75.7,83.18,113.5,28,84.45,69.27,14.34
2026-03-20T21:00:00Z,2026-03-20 21:00,2026-03-20 21:15,QH,60.66,66.66,59.52,62.95,84.1,15,60.68,71.49,-10.83
2026-03-20T21:15:00Z,2026-03-20 21:15,2026-03-20 21:30,QH,70.18,80.81,65.33,70.52,90.5,12,69.8,69.1,1.07
2026-03-20T21:30:00Z,2026-03-20 21:30,2026-03-20 21:45,QH,64.32,68.89,60.83,67.29,72.2,14,66.27,63.21,1.11
2026-03-20T21:45:00Z,2026-03-20 21:45,2026-03-20 22:00,QH,67.7,71.79,62.6,67.98,123.7,37,65.17,74.31,-6.6
2026-03-20T22:00:00Z,2026-03-20 22:00,2026-03-20 22:15,QH,67.12,69.88,64.01,67.16,90.9,35,66.91,70.56,-3.44
2026-03-20T22:15:00Z,2026-03-20 22:15,2026-03-20 22:30,QH,77.88,79.62,73.49,77.44,65.8,13,80.34,72.68,5.2
2026-03-20T22:30:00Z,2026-03-20 22:30,2026-03-20 22:45,QH,90.53,95.88,89.11,86.42,103.5,40,87.92,78.93,11.6
2026-03-20T22:45:00Z,2026-03-20 22:45,2026-03-20 23:00,QH,55.68,57.7,55.19,55.25,16.6,7,54.34,74.67,-19.0
2026-03-20T23:00:00Z,2026-03-20 23:00,2026-03-20 23:15,QH,50.85,55.42,46.8,51.41,133.1,16,53.49,76.51,-25.66
2026-03-20T23:15:00Z,2026-03-20 23:15,2026-03-20 23:30,QH,58.52,58.94,53.58,55.97,94.3,33,57.89,72.34,-13.82
2026-03-20T23:30:00Z,2026-03-20 23:30,2026-03-20 23:45,QH,54.55,56.01,54.44,53.38,114.2,30,53.17,81.82,-27.27
2026-03-20T23:45:00Z,2026-03-20 23:45,2026-03-21 00:00,QH,87.97,88.78,86.25,86.78,109.5,14,85.04,64.65,23.32
2026-03-21T00:00:00Z,2026-03-21 00:00,2026-03-21 00:15,QH,20.07,22.55,14.0,21.11,48.1,15,20.42,47.77,-27.69
2026-03-21T00:15:00Z,2026-03-21 00:15,2026-03-21 00:30,QH,33.88,35.19,32.39,36.98,62.0,12,38.25,36.39,-2.51
2026-03-21T00:30:00Z,2026-03-21 00:30,2026-03-21 00:45,QH,38.58,41.14,31.84,40.2,68.4,12,37.91,37.04,1.54
2026-03-21T00:45:00Z,2026-03-21 00:45,2026-03-21 01:00,QH,29.98,33.14,27.18,34.24,120.7,22,32.23,34.83,-4.84
2026-03-21T01:00:00Z,2026-03-21 01:00,2026-03-21 01:15,QH,31.67,33.83,29.56,31.95,105.6,15,28.55,33.11,-1.44
2026-03-21T01:15:00Z,2026-03-21 01:15,2026-03-21 01:30,QH,57.62,60.07,53.91,58.68,26.9,3,56.92,38.21,19.41
2026-03-21T01:30:00Z,2026-03-21 01:30,2026-03-21 01:45,QH,24.66,26.11,17.91,25.31,54.2,8,25.26,31.68,-7.02
2026-03-21T01:45:00Z,2026-03-21 01:45,2026-03-21 02:00,QH,36.45,39.42,33.71,37.96,136.2,26,37.89,31.85,4.6
2026-03-21T02:00:00Z,2026-03-21 02:00,2026-03-21 02:15,QH,23.88,24.99,23.09,34.47,126.7,49,20.12,33.33,-9.45
2026-03-21T02:15:00Z,2026-03-21 02:15,2026-03-21 02:30,QH,23.36,24.73,20.43,28.6,86.6,16,23.37,26.41,-3.04
2026-03-21T02:30:00Z,2026-03-21 02:30,2026-03-21 02:45,QH,27.02,30.76,21.0,32.37,79.8,26,31.15,30.63,-3.61
2026-03-21T02:45:00Z,2026-03-21 02:45,2026-03-21 03:00,QH,23.26,30.44,17.1,26.04,94.0,32,20.06,42.3,-19.03
2026-03-21T03:00:00Z,2026-03-21 03:00,2026-03-21 03:15,QH,29.27,34.17,26.11,28.22,83.9,34,28.96,32.92,-3.65
2026-03-21T03:15:00Z,2026-03-21 03:15,2026-03-21 03:30,QH,36.19,40.61,33.23,36.1,83.5,19,34.66,37.24,-1.06
2026-03-21T03:30:00Z,2026-03-21 03:30,2026-03-21 03:45,QH,32.41,37.52,25.91,31.28,52.8,16,29.09,36.05,-3.64
2026-03-21T03:45:00Z,2026-03-21 03:45,2026-03-21 04:00,QH,22.55,25.85,16.35,23.31,102.0,25,25.15,29.3,-6.74
2026-03-21T04:00:00Z,2026-03-21 04:00,2026-03-21 04:15,QH,79.46,80.8,68.05,81.61,89.2,41,77.07,36.36,43.1
2026-03-21T04:15:00Z,2026-03-21 04:15,2026-03-21 04:30,QH,22.37,28.25,21.13,18.39,74.4,27,22.24,29.04,-6.67
2026-03-21T04:30:00Z,2026-03-21 04:30,2026-03-21 04:45,QH,39.41,44.45,37.43,42.14,76.1,24,42.06,27.08,12.33
2026-03-21T04:45:00Z,2026-03-21 04:45,2026-03-21 05:00,QH,8.53,14.02,6.11,8.61,89.8,15,7.21,38.64,-30.11
2026-03-21T05:00:00Z,2026-03-21 05:00,2026-03-21 05:15,QH,38.03,39.49,34.54,36.44,78.2,18,38.92,44.47,-6.43
2026-03-21T05:15:00Z,2026-03-21 05:15,2026-03-21 05:30,QH,36.19,36.62,27.15,32.31,53.0,13,36.6,35.44,0.74
2026-03-21T05:30:00Z,2026-03-21 05:30,2026-03-21 05:45,QH,37.67,48.05,32.02,38.7,57.6,22,38.92,32.6,5.08
2026-03-21T05:45:00Z,2026-03-21 05:45,2026-03-21 06:00,QH,36.37,39.8,24.32,40.76,74.2,12,36.71,33.81,2.56
2026-03-21T06:00:00Z,2026-03-21 06:00,2026-03-21 06:15,QH,29.57,34.13,26.8,31.52,112.7,16,31.63,44.18,-14.61
2026-03-21T06:15:00Z,2026-03-21 06:15,2026-03-21 06:30,QH,35.75,36.2,33.64,36.3,114.4,16,35.99,32.67,3.08
2026-03-21T06:30:00Z,2026-03-21 06:30,2026-03-21 06:45,QH,50.57,57.43,49.84,51.09,126.1,53,49.22,32.06,18.51
2026-03-21T06:45:00Z,2026-03-21 06:45,2026-03-21 07:00,QH,51.02,53.62,41.43,48.95,65.7,14,49.71,35.57,15.44
2026-03-21T07:00:00Z,2026-03-21 07:00,2026-03-21 07:15,QH,69.22,70.0,66.02,71.82,121.3,57,71.37,78.61,-9.39
2026-03-21T07:15:00Z,2026-03-21 07:15,2026-03-21 07:30,QH,75.97,80.19,74.28,72.19,105.0,25,75.73,74.46,1.51
2026-03-21T07:30:00Z,2026-03-21 07:30,2026-03-21 07:45,QH,62.18,64.78,57.62,60.07,75.2,12,61.42,69.52,-7.34
2026-03-21T07:45:00Z,2026-03-21 07:45,2026-03-21 08:00,QH,76.68,77.3,73.45,75.41,89.8,12,76.47,77.9,-1.22
2026-03-21T08:00:00Z,2026-03-21 08:00,2026-03-21 08:15,QH,60.88,61.98,58.53,63.66,64.2,16,59.16,78.74,-17.86
2026-03-21T08:15:00Z,2026-03-21 08:15,2026-03-21 08:30,QH,77.53,87.13,74.93,76.9,114.0,28,73.94,66.48,11.05
2026-03-21T08:30:00Z,2026-03-21 08:30,2026-03-21 08:45,QH,78.57,80.73,74.15,81.2,69.8,8,79.45,73.7,4.87
2026-03-21T08:45:00Z,2026-03-21 08:45,2026-03-21 09:00,QH,64.67,68.49,64.04,63.7,120.8,30,66.27,69.33,-4.66
2026-03-21T09:00:00Z,2026-03-21 09:00,2026-03-21 09:15,QH,74.63,79.51,71.55,75.67,90.8,16,75.18,72.76,1.87
2026-03-21T09:15:00Z,2026-03-21 09:15,2026-03-21 09:30,QH,73.07,77.96,71.97,74.28,106.9,13,68.6,72.37,0.7
2026-03-21T09:30:00Z,2026-03-21 09:30,2026-03-21 09:45,QH,70.4,72.15,66.12,64.41,115.8,20,68.67,70.85,-0.45
2026-03-21T09:45:00Z,2026-03-21 09:45,2026-03-21 10:00,QH,83.96,88.35,82.32,87.54,63.9,28,81.7,66.4,17.56
2026-03-21T10:00:00Z,2026-03-21 10:00,2026-03-21 10:15,QH,87.75,95.79,83.06,87.34,96.4,14,90.89,86.73,1.03
2026-03-21T10:15:00Z,2026-03-21 10:15,2026-03-21 10:30,QH,79.59,82.18,78.07,81.71,18.3,4,81.45,69.2,10.39
2026-03-21T10:30:00Z,2026-03-21 10:30,2026-03-21 10:45,QH,76.6,84.76,75.59,76.26,111.7,13,75.44,87.57,-10.96
2026-03-21T10:45:00Z,2026-03-21 10:45,2026-03-21 11:00,QH,69.82,71.62,66.55,73.57,89.3,37,70.09,73.35,-3.53
2026-03-21T11:00:00Z,2026-03-21 11:00,2026-03-21 11:15,QH,70.95,71.51,60.94,67.17,108.5,44,69.54,75.97,-5.01
2026-03-21T11:15:00Z,2026-03-21 11:15,2026-03-21 11:30,QH,72.34,72.47,71.95,68.2,68.5,13,67.82,82.23,-9.89
2026-03-21T11:30:00Z,2026-03-21 11:30,2026-03-21 11:45,QH,75.01,87.85,66.77,77.16,124.8,55,73.73,81.14,-6.13
2026-03-21T11:45:00Z,2026-03-21 11:45,2026-03-21 12:00,QH,80.42,85.37,78.02,82.08,35.1,11,78.79,81.95,-1.54
2026-03-21T12:00:00Z,2026-03-21 12:00,2026-03-21 12:15,QH,75.55,78.67,71.81,71.58,37.8,5,76.19,83.16,-7.62
2026-03-21T12:15:00Z,2026-03-21 12:15,2026-03-21 12:30,QH,82.36,90.54,79.19,81.71,124.2,16,82.68,75.58,6.78
2026-03-21T12:30:00Z,2026-03-21 12:30,2026-03-21 12:45,QH,77.23,79.02,77.2,73.84,83.0,12,76.04,80.86,-3.63
2026-03-21T12:45:00Z,2026-03-21 12:45,2026-03-21 13:00,QH,75.54,76.96,72.06,74.03,30.6,8,72.29,78.53,-3.0
2026-03-21T13:00:00Z,2026-03-21 13:00,2026-03-21 13:15,QH,80.28,81.38,79.26,76.38,18.8,3,81.21,87.99,-7.71
2026-03-21T13:15:00Z,2026-03-21 13:15,2026-03-21 13:30,QH,80.31,83.98,78.04,83.42,44.8,7,80.26,78.0,2.32
2026-03-21T13:30:00Z,2026-03-21 13:30,2026-03-21 13:45,QH,98.64,103.74,87.96,97.29,64.3,17,100.54,77.81,20.84
2026-03-21T13:45:00Z,2026-03-21 13:45,2026-03-21 14:00,QH,80.75,84.17,77.99,84.33,71.4,8,81.02,75.48,5.27
2026-03-21T14:00:00Z,2026-03-21 14:00,2026-03-21 14:15,QH,96.29,96.54,94.98,93.67,75.9,11,97.69,79.29,17.0
2026-03-21T14:15:00Z,2026-03-21 14:15,2026-03-21 14:30,QH,80.99,86.47,75.89,83.42,91.3,13,83.6,74.46,6.53
2026-03-21T14:30:00Z,2026-03-21 14:30,2026-03-21 14:45,QH,94.42,100.64,93.87,93.66,90.4,12,92.64,78.11,16.31
2026-03-21T14:45:00Z,2026-03-21 14:45,2026-03-21 15:00,QH,82.89,88.37,79.73,85.28,63.3,25,83.06,80.69,2.2
2026-03-21T15:00:00Z,2026-03-21 15:00,2026-03-21 15:15,QH,76.73,78.79,74.23,78.6,26.2,3,75.83,78.08,-1.35
2026-03-21T15:15:00Z,2026-03-21 15:15,2026-03-21 15:30,QH,75.4,79.84,71.03,77.78,104.2,16,71.7,71.44,3.96
2026-03-21T15:30:00Z,2026-03-21 15:30,2026-03-21 15:45,QH,63.05,66.49,62.71,58.42,95.1,24,66.35,78.17,-15.12
2026-03-21T15:45:00Z,2026-03-21 15:45,2026-03-21 16:00,QH,80.78,87.4,79.54,82.4,29.9,6,79.64,75.33,5.45
2026-03-21T16:00:00Z,2026-03-21 16:00,2026-03-21 16:15,QH,90.76,91.1,86.3,90.8,42.8,7,88.84,81.3,9.46
2026-03-21T16:15:00Z,2026-03-21 16:15,2026-03-21 16:30,QH,53.35,55.84,53.05,54.09,69.5,17,53.42,73.3,-19.95
2026-03-21T16:30:00Z,2026-03-21 16:30,2026-03-21 16:45,QH,59.23,59.7,55.21,60.15,97.4,13,58.06,77.3,-18.07
2026-03-21T16:45:00Z,2026-03-21 16:45,2026-03-21 17:00,QH,71.94,79.1,66.85,75.35,116.5,32,73.31,80.36,-8.42
2026-03-21T17:00:00Z,2026-03-21 17:00,2026-03-21 17:15,QH,72.39,73.27,68.63,69.45,75.4,14,75.31,74.63,-2.24
2026-03-21T17:15:00Z,2026-03-21 17:15,2026-03-21 17:30,QH,76.38,90.64,74.38,80.57,45.2,8,73.49,68.93,7.45
2026-03-21T17:30:00Z,2026-03-21 17:30,2026-03-21 17:45,QH,71.18,77.2,66.84,76.41,98.6,28,71.07,76.61,-5.43
2026-03-21T17:45:00Z,2026-03-21 17:45,2026-03-21 18:00,QH,69.7,70.66,69.01,64.68,90.3,13,66.48,72.87,-3.17
2026-03-21T18:00:00Z,2026-03-21 18:00,2026-03-21 18:15,QH,75.96,77.62,67.99,80.59,85.6,21,79.27,75.82,0.14
2026-03-21T18:15:00Z,2026-03-21 18:15,2026-03-21 18:30,QH,87.81,91.91,86.88,83.28,96.9,20,88.1,69.79,18.02
2026-03-21T18:30:00Z,2026-03-21 18:30,2026-03-21 18:45,QH,67.92,70.6,62.22,65.0,102.8,16,68.29,71.23,-3.32
2026-03-21T18:45:00Z,2026-03-21 18:45,2026-03-21 19:00,QH,89.32,95.79,86.41,86.32,93.7,16,87.12,61.8,27.51
2026-03-21T19:00:00Z,2026-03-21 19:00,2026-03-21 19:15,QH,77.42,78.41,73.7,79.52,61.6,12,75.38,62.98,14.45
2026-03-21T19:15:00Z,2026-03-21 19:15,2026-03-21 19:30,QH,50.07,52.73,48.76,45.46,10,3,51.28,71.5,-21.43
2026-03-21T19:30:00Z,2026-03-21 19:30,2026-03-21 19:45,QH,73.72,76.79,62.98,74.85,106.9,23,74.37,76.68,-2.95
2026-03-21T19:45:00Z,2026-03-21 19:45,2026-03-21 20:00,QH,66.95,71.39,60.15,68.86,97.7,12,62.93,66.47,0.48
2026-03-21T20:00:00Z,2026-03-21 20:00,2026-03-21 20:15,QH,38.42,44.15,32.7,41.39,41.8,18,36.03,40.15,-1.73
2026-03-21T20:15:00Z,2026-03-21 20:15,2026-03-21 20:30,QH,45.04,48.26,36.72,49.65,139.5,54,45.97,38.06,6.98
2026-03-21T20:30:00Z,2026-03-21 20:30,2026-03-21 20:45,QH,39.01,46.0,38.4,36.39,117.5,40,34.33,30.84,8.17
2026-03-21T20:45:00Z,2026-03-21 20:45,2026-03-21 21:00,QH,27.89,32.46,23.85,24.72,49.2,8,29.5,38.09,-10.19
2026-03-21T21:00:00Z,2026-03-21 21:00,2026-03-21 21:15,QH,23.19,28.56,18.7,19.87,55.8,9,21.29,35.99,-12.8
2026-03-21T21:15:00Z,2026-03-21 21:15,2026-03-21 21:30,QH,29.22,35.65,26.13,34.37,89.7,11,28.3,41.68,-12.46
2026-03-21T21:30:00Z,2026-03-21 21:30,2026-03-21 21:45,QH,18.51,21.87,17.58,21.54,79.5,15,16.56,34.83,-16.32
2026-03-21T21:45:00Z,2026-03-21 21:45,2026-03-21 22:00,QH,159.4,165.33,154.83,157.51,76.7,13,163.78,41.12,118.28
2026-03-21T22:00:00Z,2026-03-21 22:00,2026-03-21 22:15,QH,40.73,44.79,38.69,40.56,90.9,13,41.83,42.73,-2.0
2026-03-21T22:15:00Z,2026-03-21 22:15,2026-03-21 22:30,QH,33.56,40.83,31.58,32.84,36.4,4,33.92,34.8,-1.24
2026-03-21T22:30:00Z,2026-03-21 22:30,2026-03-21 22:45,QH,33.79,34.55,32.83,35.21,92.5,13,34.56,33.98,-0.2
2026-03-21T22:45:00Z,2026-03-21 22:45,2026-03-21 23:00,QH,42.23,52.35,33.23,40.75,29.0,7,40.75,32.14,10.09
2026-03-21T23:00:00Z,2026-03-21 23:00,2026-03-21 23:15,QH,31.83,35.74,29.93,34.46,53.8,20,32.86,25.41,6.42
2026-03-21T23:15:00Z,2026-03-21 23:15,2026-03-21 23:30,QH,31.28,35.84,28.89,29.49,69.0,18,30.3,34.01,-2.73
2026-03-21T23:30:00Z,2026-03-21 23:30,2026-03-21 23:45,QH,27.13,33.9,17.48,23.54,75.4,10,29.15,39.12,-11.99
2026-03-21T23:45:00Z,2026-03-21 23:45,2026-03-22 00:00,QH,25.46,34.26,21.55,25.66,93.3,12,26.98,33.41,-7.96
2026-03-22T00:00:00Z,2026-03-22 00:00,2026-03-22 00:15,QH,46.78,48.63,45.39,47.41,79.4,11,47.69,31.53,15.24
2026-03-22T00:15:00Z,2026-03-22 00:15,2026-03-22 00:30,QH,17.87,24.65,17.46,18.36,82.2,11,19.73,25.85,-7.98
2026-03-22T00:30:00Z,2026-03-22 00:30,2026-03-22 00:45,QH,53.08,54.03,44.83,50.74,48.3,13,53.87,30.76,22.31
2026-03-22T00:45:00Z,2026-03-22 00:45,2026-03-22 01:00,QH,61.49,70.65,50.87,61.76,76.8,24,61.76,36.63,24.86
2026-03-22T01:00:00Z,2026-03-22 01:00,2026-03-22 01:15,QH,25.09,34.31,21.19,22.28,128.5,16,22.34,29.31,-4.23
2026-03-22T01:15:00Z,2026-03-22 01:15,2026-03-22 01:30,QH,41.57,49.91,38.08,44.27,92.8,33,45.41,29.96,11.61
2026-03-22T01:30:00Z,2026-03-22 01:30,2026-03-22 01:45,QH,24.6,25.89,18.74,29.99,83.1,33,27.08,23.99,0.62
2026-03-22T01:45:00Z,2026-03-22 01:45,2026-03-22 02:00,QH,20.66,21.63,19.18,16.69,65.7,11,21.23,24.63,-3.97
2026-03-22T02:00:00Z,2026-03-22 02:00,2026-03-22 02:15,QH,14.59,23.24,8.92,16.47,36.6,5,18.97,31.19,-16.6
2026-03-22T02:15:00Z,2026-03-22 02:15,2026-03-22 02:30,QH,37.05,42.49,36.61,39.59,116.3,17,34.62,19.67,17.38
2026-03-22T02:30:00Z,2026-03-22 02:30,2026-03-22 02:45,QH,28.29,30.75,25.83,25.8,73.5,10,28.06,25.14,3.15
2026-03-22T02:45:00Z,2026-03-22 02:45,2026-03-22 03:00,QH,35.8,40.3,33.14,37.92,69.3,9,35.78,28.97,6.84
2026-03-22T03:00:00Z,2026-03-22 03:00,2026-03-22 03:15,QH,6.54,8.0,-2.54,3.31,62.7,10,7.77,23.93,-17.39
2026-03-22T03:15:00Z,2026-03-22 03:15,2026-03-22 03:30,QH,25.41,29.73,19.26,32.43,32.3,13,26.01,31.49,-6.08
2026-03-22T03:30:00Z,2026-03-22 03:30,2026-03-22 03:45,QH,29.85,35.23,23.76,35.47,109.2,14,28.87,22.43,7.41
2026-03-22T03:45:00Z,2026-03-22 03:45,2026-03-22 04:00,QH,34.84,36.45,33.89,34.45,119.2,15,38.92,28.43,6.41
2026-03-22T04:00:00Z,2026-03-22 04:00,2026-03-22 04:15,QH,28.46,31.65,24.52,31.47,72.1,9,29.14,31.36,-2.91
2026-03-22T04:15:00Z,2026-03-22 04:15,2026-03-22 04:30,QH,22.49,27.89,20.62,24.58,119.6,18,21.64,30.63,-8.15
2026-03-22T04:30:00Z,2026-03-22 04:30,2026-03-22 04:45,QH,22.27,24.63,17.41,21.96,84.7,37,24.17,34.36,-12.09
2026-03-22T04:45:00Z,2026-03-22 04:45,2026-03-22 05:00,QH,25.5,27.16,23.07,25.91,77.6,12,24.3,32.01,-6.52
2026-03-22T05:00:00Z,2026-03-22 05:00,2026-03-22 05:15,QH,37.07,46.48,37.06,42.67,95.5,19,36.08,32.49,4.58
2026-03-22T05:15:00Z,2026-03-22 05:15,2026-03-22 05:30,QH,35.45,43.69,28.66,32.56,43.9,10,34.89,33.45,2.0
2026-03-22T05:30:00Z,2026-03-22 05:30,2026-03-22 05:45,QH,27.84,32.98,23.66,26.58,76.8,10,29.07,30.27,-2.43
2026-03-22T05:45:00Z,2026-03-22 05:45,2026-03-22 06:00,QH,18.7,19.18,13.74,19.03,49.1,23,20.04,26.99,-8.29
2026-03-22T06:00:00Z,2026-03-22 06:00,2026-03-22 06:15,QH,44.77,48.32,44.46,42.25,64.1,12,48.42,33.69,11.08
2026-03-22T06:15:00Z,2026-03-22 06:15,2026-03-22 06:30,QH,25.83,30.95,22.51,26.48,102.9,15,26.09,37.35,-11.52
2026-03-22T06:30:00Z,2026-03-22 06:30,2026-03-22 06:45,QH,16.8,17.91,9.9,12.66,68.0,19,16.34,29.21,-12.41
2026-03-22T06:45:00Z,2026-03-22 06:45,2026-03-22 07:00,QH,26.65,32.71,25.53,28.66,65.5,13,26.66,34.97,-8.32
2026-03-22T07:00:00Z,2026-03-22 07:00,2026-03-22 07:15,QH,69.97,71.45,58.88,70.86,33.3,11,67.39,76.3,-6.32
2026-03-22T07:15:00Z,2026-03-22 07:15,2026-03-22 07:30,QH,46.88,47.18,43.62,49.48,68.9,10,49.85,71.56,-24.68
2026-03-22T07:30:00Z,2026-03-22 07:30,2026-03-22 07:45,QH,75.72,81.67,72.5,70.78,131.9,31,74.6,63.19,12.53
2026-03-22T07:45:00Z,2026-03-22 07:45,2026-03-22 08:00,QH,64.31,68.42,60.42,63.74,88.3,14,66.49,69.21,-4.9
2026-03-22T08:00:00Z,2026-03-22 08:00,2026-03-22 08:15,QH,64.1,69.41,61.54,65.23,61.9,10,67.4,62.61,1.49
2026-03-22T08:15:00Z,2026-03-22 08:15,2026-03-22 08:30,QH,64.26,64.48,61.75,66.5,137.0,30,64.2,75.71,-11.45
2026-03-22T08:30:00Z,2026-03-22 08:30,2026-03-22 08:45,QH,69.16,74.34,66.11,65.02,38.0,4,70.62,67.5,1.66
2026-03-22T08:45:00Z,2026-03-22 08:45,2026-03-22 09:00,QH,75.24,76.31,68.03,73.07,103.3,19,76.71,67.06,8.18
2026-03-22T09:00:00Z,2026-03-22 09:00,2026-03-22 09:15,QH,56.4,57.48,56.08,57.83,42.9,9,56.46,63.24,-6.84
2026-03-22T09:15:00Z,2026-03-22 09:15,2026-03-22 09:30,QH,71.7,72.32,64.41,71.54,135.9,37,71.18,74.99,-3.29
2026-03-22T09:30:00Z,2026-03-22 09:30,2026-03-22 09:45,QH,69.16,72.41,67.28,70.47,74.8,9,69.09,68.67,0.49
2026-03-22T09:45:00Z,2026-03-22 09:45,2026-03-22 10:00,QH,64.99,66.79,64.09,63.75,59.8,25,64.79,62.49,2.5
2026-03-22T10:00:00Z,2026-03-22 10:00,2026-03-22 10:15,QH,89.15,101.76,88.1,91.2,117.7,16,91.97,65.04,24.11
2026-03-22T10:15:00Z,2026-03-22 10:15,2026-03-22 10:30,QH,75.72,82.01,74.36,72.35,95.9,15,74.54,72.06,3.65
2026-03-22T10:30:00Z,2026-03-22 10:30,2026-03-22 10:45,QH,76.85,81.43,74.86,76.19,72.8,16,78.74,68.43,8.42
2026-03-22T10:45:00Z,2026-03-22 10:45,2026-03-22 11:00,QH,59.31,61.41,55.13,57.98,93.7,21,58.74,72.37,-13.06
2026-03-22T11:00:00Z,2026-03-22 11:00,2026-03-22 11:15,QH,73.39,78.7,71.88,67.83,55.0,7,73.26,71.08,2.31
2026-03-22T11:15:00Z,2026-03-22 11:15,2026-03-22 11:30,QH,73.67,80.66,65.24,70.58,125.6,38,75.85,69.04,4.63
2026-03-22T11:30:00Z,2026-03-22 11:30,2026-03-22 11:45,QH,83.76,84.36,77.38,76.86,104.1,13,83.96,74.74,9.01
2026-03-22T11:45:00Z,2026-03-22 11:45,2026-03-22 12:00,QH,57.17,60.28,55.59,54.32,62.1,11,53.74,69.16,-12.0
2026-03-22T12:00:00Z,2026-03-22 12:00,2026-03-22 12:15,QH,72.03,76.62,65.58,74.89,80.4,36,70.35,72.86,-0.83
2026-03-22T12:15:00Z,2026-03-22 12:15,2026-03-22 12:30,QH,67.66,72.3,64.7,67.99,73.5,16,69.8,75.46,-7.8
2026-03-22T12:30:00Z,2026-03-22 12:30,2026-03-22 12:45,QH,59.44,67.58,53.0,62.67,70.1,16,57.96,68.35,-8.91
2026-03-22T12:45:00Z,2026-03-22 12:45,2026-03-22 13:00,QH,73.93,77.73,73.07,73.06,56.3,8,73.34,79.57,-5.64
2026-03-22T13:00:00Z,2026-03-22 13:00,2026-03-22 13:15,QH,48.3,57.57,47.38,52.76,46.9,9,47.2,80.95,-32.65
2026-03-22T13:15:00Z,2026-03-22 13:15,2026-03-22 13:30,QH,77.27,78.68,74.14,75.4,29.9,5,76.52,75.75,1.52
2026-03-22T13:30:00Z,2026-03-22 13:30,2026-03-22 13:45,QH,51.8,56.63,51.79,53.87,125.4,46,51.7,82.31,-30.51
2026-03-22T13:45:00Z,2026-03-22 13:45,2026-03-22 14:00,QH,83.75,84.33,79.66,87.86,64.0,20,80.31,76.21,7.55
2026-03-22T14:00:00Z,2026-03-22 14:00,2026-03-22 14:15,QH,79.14,82.91,78.43,80.32,98.8,44,77.61,73.91,5.23
2026-03-22T14:15:00Z,2026-03-22 14:15,2026-03-22 14:30,QH,78.27,79.79,74.03,80.68,32.6,6,77.97,77.9,0.36
2026-03-22T14:30:00Z,2026-03-22 14:30,2026-03-22 14:45,QH,76.26,81.72,65.96,76.45,128.3,30,79.3,77.5,-1.24
2026-03-22T14:45:00Z,2026-03-22 14:45,2026-03-22 15:00,QH,76.01,81.04,72.42,71.95,34.9,15,74.11,71.82,4.18
2026-03-22T15:00:00Z,2026-03-22 15:00,2026-03-22 15:15,QH,52.81,56.51,43.76,52.9,80.7,31,51.82,62.8,-9.99
2026-03-22T15:15:00Z,2026-03-22 15:15,2026-03-22 15:30,QH,66.62,68.57,65.7,61.01,70.0,11,67.22,83.74,-17.13
2026-03-22T15:30:00Z,2026-03-22 15:30,2026-03-22 15:45,QH,57.82,58.49,57.04,58.59,62.0,15,60.09,76.94,-19.13
2026-03-22T15:45:00Z,2026-03-22 15:45,2026-03-22 16:00,QH,87.27,96.2,82.72,93.48,130.4,27,85.64,70.88,16.4
2026-03-22T16:00:00Z,2026-03-22 16:00,2026-03-22 16:15,QH,61.09,66.59,59.73,63.39,79.3,37,59.21,67.42,-6.33
2026-03-22T16:15:00Z,2026-03-22 16:15,2026-03-22 16:30,QH,57.92,58.17,57.13,54.52,60.5,9,56.05,79.65,-21.74
2026-03-22T16:30:00Z,2026-03-22 16:30,2026-03-22 16:45,QH,53.13,56.21,51.99,58.9,75.8,9,53.55,76.56,-23.43
2026-03-22T16:45:00Z,2026-03-22 16:45,2026-03-22 17:00,QH,74.61,76.83,74.13,74.4,15.2,3,76.58,67.82,6.8
2026-03-22T17:00:00Z,2026-03-22 17:00,2026-03-22 17:15,QH,66.54,69.29,60.63,64.95,87.8,12,66.94,70.22,-3.67
2026-03-22T17:15:00Z,2026-03-22 17:15,2026-03-22 17:30,QH,63.5,68.78,59.07,68.22,96.1,16,63.14,68.37,-4.88
2026-03-22T17:30:00Z,2026-03-22 17:30,2026-03-22 17:45,QH,74.47,76.92,72.39,69.44,100.0,19,74.09,64.69,9.78
2026-03-22T17:45:00Z,2026-03-22 17:45,2026-03-22 18:00,QH,63.86,66.02,62.77,61.88,93.1,16,63.04,69.76,-5.9
2026-03-22T18:00:00Z,2026-03-22 18:00,2026-03-22 18:15,QH,54.82,61.78,51.36,57.33,81.2,11,53.78,60.81,-6.0
2026-03-22T18:15:00Z,2026-03-22 18:15,2026-03-22 18:30,QH,70.63,73.49,66.94,67.71,96.8,12,70.6,69.72,0.91
2026-03-22T18:30:00Z,2026-03-22 18:30,2026-03-22 18:45,QH,122.5,122.82,118.02,123.28,76.0,13,123.65,60.36,62.14
2026-03-22T18:45:00Z,2026-03-22 18:45,2026-03-22 19:00,QH,89.63,90.8,82.87,86.38,115.7,32,90.28,72.66,16.97
2026-03-22T19:00:00Z,2026-03-22 19:00,2026-03-22 19:15,QH,53.09,58.25,48.3,55.04,49.6,7,55.35,71.1,-18.01
2026-03-22T19:15:00Z,2026-03-22 19:15,2026-03-22 19:30,QH,71.51,76.29,71.39,69.64,34.6,6,72.51,59.39,12.12
2026-03-22T19:30:00Z,2026-03-22 19:30,2026-03-22 19:45,QH,93.57,98.8,86.14,94.34,99.6,27,93.97,59.35,34.22
2026-03-22T19:45:00Z,2026-03-22 19:45,2026-03-22 20:00,QH,48.14,50.42,47.0,53.05,96.7,34,47.66,59.95,-11.8
2026-03-22T20:00:00Z,2026-03-22 20:00,2026-03-22 20:15,QH,51.12,51.6,43.66,51.2,142.8,68,55.08,25.94,25.17
2026-03-22T20:15:00Z,2026-03-22 20:15,2026-03-22 20:30,QH,31.56,34.08,28.82,27.49,93.4,24,32.5,30.12,1.44
2026-03-22T20:30:00Z,2026-03-22 20:30,2026-03-22 20:45,QH,32.86,34.55,28.45,29.91,131.9,30,29.44,34.42,-1.56
2026-03-22T20:45:00Z,2026-03-22 20:45,2026-03-22 21:00,QH,55.62,58.14,49.62,53.66,94.6,12,56.52,27.3,28.31
2026-03-22T21:00:00Z,2026-03-22 21:00,2026-03-22 21:15,QH,40.22,48.64,36.31,36.44,89.4,44,40.23,21.99,18.23
2026-03-22T21:15:00Z,2026-03-22 21:15,2026-03-22 21:30,QH,31.09,38.01,27.22,29.54,91.6,12,32.38,31.12,-0.02
2026-03-22T21:30:00Z,2026-03-22 21:30,2026-03-22 21:45,QH,7.87,9.9,4.27,15.67,74.4,9,6.35,28.9,-21.03
2026-03-22T21:45:00Z,2026-03-22 21:45,2026-03-22 22:00,QH,34.41,34.86,29.37,32.36,87.0,15,36.8,33.38,1.03
2026-03-22T22:00:00Z,2026-03-22 22:00,2026-03-22 22:15,QH,39.4,40.08,38.38,43.99,76.7,11,37.42,36.57,2.83
2026-03-22T22:15:00Z,2026-03-22 22:15,2026-03-22 22:30,QH,31.23,32.07,24.37,33.53,55.3,12,31.13,33.3,-2.07
2026-03-22T22:30:00Z,2026-03-22 22:30,2026-03-22 22:45,QH,34.78,41.81,28.86,34.13,82.7,20,34.38,36.7,-1.92
2026-03-22T22:45:00Z,2026-03-22 22:45,2026-03-22 23:00,QH,30.33,37.86,21.96,32.21,77.2,25,30.03,38.26,-7.94
2026-03-22T23:00:00Z,2026-03-22 23:00,2026-03-22 23:15,QH,2.17,2.45,1.34,-3.6,99.4,18,0.16,38.27,-36.1
2026-03-22T23:15:00Z,2026-03-22 23:15,2026-03-22 23:30,QH,39.36,42.75,30.92,34.63,119.6,18,37.63,34.39,4.97
2026-03-22T23:30:00Z,2026-03-22 23:30,2026-03-22 23:45,QH,34.12,35.49,30.03,40.27,46.9,21,35.91,35.1,-0.98
2026-03-22T23:45:00Z,2026-03-22 23:45,2026-03-23 00:00,QH,32.98,35.39,30.53,30.56,67.4,10,35.95,31.73,1.25
2026-03-23T00:00:00Z,2026-03-23 00:00,2026-03-23 00:15,QH,186.85,194.91,185.92,184.94,44.0,7,188.72,68.44,118.41
2026-03-23T00:15:00Z,2026-03-23 00:15,2026-03-23 00:30,QH,62.24,63.21,58.31,60.33,53.7,18,62.24,73.27,-11.03
2026-03-23T00:30:00Z,2026-03-23 00:30,2026-03-23 00:45,QH,73.4,75.14,71.42,69.06,62.9,26,71.23,73.35,0.06
2026-03-23T00:45:00Z,2026-03-23 00:45,2026-03-23 01:00,QH,77.25,78.96,76.62,80.18,73.8,11,75.66,61.23,16.02
2026-03-23T01:00:00Z,2026-03-23 01:00,2026-03-23 01:15,QH,90.54,94.3,87.5,88.56,66.7,9,90.55,69.09,21.45
2026-03-23T01:15:00Z,2026-03-23 01:15,2026-03-23 01:30,QH,55.94,61.96,54.63,49.07,90.2,26,59.91,79.12,-23.18
2026-03-23T01:30:00Z,2026-03-23 01:30,2026-03-23 01:45,QH,74.99,80.9,68.23,78.83,126.6,37,77.34,69.28,5.71
2026-03-23T01:45:00Z,2026-03-23 01:45,2026-03-23 02:00,QH,85.65,87.56,84.46,84.16,120.5,50,89.65,75.34,10.31
2026-03-23T02:00:00Z,2026-03-23 02:00,2026-03-23 02:15,QH,60.24,68.11,60.18,62.03,89.2,29,60.61,71.62,-11.37
2026-03-23T02:15:00Z,2026-03-23 02:15,2026-03-23 02:30,QH,69.14,72.53,69.06,66.76,106.6,24,68.91,76.01,-6.87
2026-03-23T02:30:00Z,2026-03-23 02:30,2026-03-23 02:45,QH,72.36,77.63,69.47,74.95,34.0,6,72.15,74.31,-1.95
2026-03-23T02:45:00Z,2026-03-23 02:45,2026-03-23 03:00,QH,83.14,87.88,80.64,79.82,44.9,7,83.1,72.73,10.41
2026-03-23T03:00:00Z,2026-03-23 03:00,2026-03-23 03:15,QH,90.35,95.25,90.07,93.13,44.6,7,95.4,76.06,14.3
2026-03-23T03:15:00Z,2026-03-23 03:15,2026-03-23 03:30,QH,49.95,53.92,43.44,51.41,103.7,32,47.81,70.72,-20.77
2026-03-23T03:30:00Z,2026-03-23 03:30,2026-03-23 03:45,QH,101.44,104.61,94.59,97.28,135.9,64,98.52,79.43,22.01
2026-03-23T03:45:00Z,2026-03-23 03:45,2026-03-23 04:00,QH,69.42,81.25,67.87,71.22,145.6,23,68.85,66.5,2.92
2026-03-23T04:00:00Z,2026-03-23 04:00,2026-03-23 04:15,QH,45.77,52.78,43.12,45.58,146.4,30,48.26,69.31,-23.54
2026-03-23T04:15:00Z,2026-03-23 04:15,2026-03-23 04:30,QH,70.22,72.5,66.72,73.62,75.3,24,70.96,71.64,-1.42
2026-03-23T04:30:00Z,2026-03-23 04:30,2026-03-23 04:45,QH,71.61,72.98,67.34,72.36,86.3,11,72.35,62.71,8.89
2026-03-23T04:45:00Z,2026-03-23 04:45,2026-03-23 05:00,QH,87.71,98.02,87.3,87.11,116.4,25,89.18,73.26,14.45
2026-03-23T05:00:00Z,2026-03-23 05:00,2026-03-23 05:15,QH,81.85,82.32,70.93,80.64,84.3,21,82.21,77.47,4.39
2026-03-23T05:15:00Z,2026-03-23 05:15,2026-03-23 05:30,QH,79.37,94.2,73.65,82.89,98.6,12,79.31,65.57,13.8
2026-03-23T05:30:00Z,2026-03-23 05:30,2026-03-23 05:45,QH,76.89,79.56,76.42,74.69,84.2,15,78.27,69.89,6.99
2026-03-23T05:45:00Z,2026-03-23 05:45,2026-03-23 06:00,QH,85.14,90.11,82.02,83.22,84.7,20,87.36,66.65,18.49
2026-03-23T06:00:00Z,2026-03-23 06:00,2026-03-23 06:15,QH,62.55,63.84,55.42,59.94,94.7,15,63.73,69.43,-6.88
2026-03-23T06:15:00Z,2026-03-23 06:15,2026-03-23 06:30,QH,61.34,64.64,58.98,58.88,50.1,14,57.74,79.1,-17.76
2026-03-23T06:30:00Z,2026-03-23 06:30,2026-03-23 06:45,QH,75.59,77.23,65.9,77.64,137.3,20,76.29,59.26,16.33
2026-03-23T06:45:00Z,2026-03-23 06:45,2026-03-23 07:00,QH,67.63,70.62,60.03,71.94,18.1,4,66.87,80.92,-13.29
2026-03-23T07:00:00Z,2026-03-23 07:00,2026-03-23 07:15,QH,104.62,109.63,104.47,104.98,92.5,21,105.4,102.52,2.1
2026-03-23T07:15:00Z,2026-03-23 07:15,2026-03-23 07:30,QH,122.29,125.4,120.22,120.73,189.2,29,122.76,108.25,14.04
2026-03-23T07:30:00Z,2026-03-23 07:30,2026-03-23 07:45,QH,117.77,119.94,114.58,109.48,59.7,11,118.33,107.58,10.19
2026-03-23T07:45:00Z,2026-03-23 07:45,2026-03-23 08:00,QH,110.07,110.52,106.25,112.53,68.4,9,111.26,109.25,0.82
2026-03-23T08:00:00Z,2026-03-23 08:00,2026-03-23 08:15,QH,127.33,130.6,121.68,126.98,90.9,41,124.25,113.88,13.46
2026-03-23T08:15:00Z,2026-03-23 08:15,2026-03-23 08:30,QH,100.37,103.45,96.31,100.62,74.3,21,98.52,105.54,-5.17
2026-03-23T08:30:00Z,2026-03-23 08:30,2026-03-23 08:45,QH,81.65,82.17,79.02,85.06,63.2,12,85.28,110.9,-29.25
2026-03-23T08:45:00Z,2026-03-23 08:45,2026-03-23 09:00,QH,107.84,110.97,106.23,110.12,105.2,19,110.35,104.18,3.66
2026-03-23T09:00:00Z,2026-03-23 09:00,2026-03-23 09:15,QH,98.67,109.31,96.62,103.93,53.9,12,96.82,114.37,-15.7
2026-03-23T09:15:00Z,2026-03-23 09:15,2026-03-23 09:30,QH,93.7,99.43,90.77,93.66,86.0,27,95.18,112.45,-18.75
2026-03-23T09:30:00Z,2026-03-23 09:30,2026-03-23 09:45,QH,91.19,91.28,85.63,95.24,68.5,10,90.8,111.12,-19.92
2026-03-23T09:45:00Z,2026-03-23 09:45,2026-03-23 10:00,QH,98.83,99.13,94.27,96.83,82.5,11,101.01,111.5,-12.67
2026-03-23T10:00:00Z,2026-03-23 10:00,2026-03-23 10:15,QH,120.28,122.07,116.63,119.41,30.5,12,121.13,110.48,9.79
2026-03-23T10:15:00Z,2026-03-23 10:15,2026-03-23 10:30,QH,122.38,132.28,119.79,117.18,87.7,36,123.27,109.23,13.15
2026-03-23T10:30:00Z,2026-03-23 10:30,2026-03-23 10:45,QH,101.09,103.91,93.93,97.78,137.2,49,99.23,117.66,-16.56
2026-03-23T10:45:00Z,2026-03-23 10:45,2026-03-23 11:00,QH,100.8,103.12,94.38,96.6,114.8,17,99.93,110.92,-10.12
2026-03-23T11:00:00Z,2026-03-23 11:00,2026-03-23 11:15,QH,100.84,102.5,98.38,101.25,159.0,42,102.57,112.54,-11.7
2026-03-23T11:15:00Z,2026-03-23 11:15,2026-03-23 11:30,QH,126.75,135.68,122.76,127.91,54.3,16,128.56,108.84,17.9
2026-03-23T11:30:00Z,2026-03-23 11:30,2026-03-23 11:45,QH,126.66,132.78,126.36,123.16,54.5,10,128.16,120.46,6.2
2026-03-23T11:45:00Z,2026-03-23 11:45,2026-03-23 12:00,QH,105.72,106.17,103.75,105.08,119.4,26,104.91,121.6,-15.89
2026-03-23T12:00:00Z,2026-03-23 12:00,2026-03-23 12:15,QH,109.26,112.4,98.08,108.78,80.7,17,110.16,104.09,5.17
2026-03-23T12:15:00Z,2026-03-23 12:15,2026-03-23 12:30,QH,101.81,107.53,97.85,101.15,56.5,20,102.03,107.26,-5.45
2026-03-23T12:30:00Z,2026-03-23 12:30,2026-03-23 12:45,QH,95.71,96.31,92.61,93.1,32.5,10,91.52,116.93,-21.23
2026-03-23T12:45:00Z,2026-03-23 12:45,2026-03-23 13:00,QH,116.59,125.85,115.75,118.88,105.5,15,116.09,118.32,-1.73
2026-03-23T13:00:00Z,2026-03-23 13:00,2026-03-23 13:15,QH,100.43,102.05,91.52,98.56,145.6,18,96.79,116.77,-16.35
2026-03-23T13:15:00Z,2026-03-23 13:15,2026-03-23 13:30,QH,127.62,128.24,126.63,127.5,101.9,14,127.04,124.87,2.76
2026-03-23T13:30:00Z,2026-03-23 13:30,2026-03-23 13:45,QH,127.2,135.72,126.99,124.41,106.2,35,124.07,116.61,10.59
2026-03-23T13:45:00Z,2026-03-23 13:45,2026-03-23 14:00,QH,126.17,134.35,124.16,130.75,79.5,11,125.87,115.74,10.42
2026-03-23T14:00:00Z,2026-03-23 14:00,2026-03-23 14:15,QH,120.17,125.91,114.08,125.33,74.8,36,116.35,122.24,-2.07
2026-03-23T14:15:00Z,2026-03-23 14:15,2026-03-23 14:30,QH,119.16,120.44,115.62,121.92,93.3,19,119.93,112.25,6.92
2026-03-23T14:30:00Z,2026-03-23 14:30,2026-03-23 14:45,QH,118.97,121.74,118.33,122.03,76.1,11,118.12,116.97,2.0
2026-03-23T14:45:00Z,2026-03-23 14:45,2026-03-23 15:00,QH,127.99,128.8,127.3,129.0,62.8,26,128.24,110.84,17.15
2026-03-23T15:00:00Z,2026-03-23 15:00,2026-03-23 15:15,QH,116.19,118.28,110.41,113.42,97.2,27,117.09,113.53,2.67
2026-03-23T15:15:00Z,2026-03-23 15:15,2026-03-23 15:30,QH,108.91,111.33,106.39,110.9,127.8,51,111.83,115.88,-6.97
2026-03-23T15:30:00Z,2026-03-23 15:30,2026-03-23 15:45,QH,109.59,116.83,109.34,108.26,52.8,12,111.9,116.29,-6.7
2026-03-23T15:45:00Z,2026-03-23 15:45,2026-03-23 16:00,QH,114.14,114.85,104.04,114.85,107.8,30,112.01,111.38,2.76
2026-03-23T16:00:00Z,2026-03-23 16:00,2026-03-23 16:15,QH,115.1,115.81,111.4,113.33,25.4,12,116.72,110.3,4.8
2026-03-23T16:15:00Z,2026-03-23 16:15,2026-03-23 16:30,QH,100.44,104.09,94.6,99.78,70.5,9,102.25,114.76,-14.32
2026-03-23T16:30:00Z,2026-03-23 16:30,2026-03-23 16:45,QH,110.02,115.23,108.34,112.81,53.4,7,107.37,119.49,-9.47
2026-03-23T16:45:00Z,2026-03-23 16:45,2026-03-23 17:00,QH,137.26,138.89,134.44,139.04,89.2,16,137.26,103.84,33.42
2026-03-23T17:00:00Z,2026-03-23 17:00,2026-03-23 17:15,QH,117.06,118.64,117.01,120.55,76.2,14,117.09,106.7,10.35
2026-03-23T17:15:00Z,2026-03-23 17:15,2026-03-23 17:30,QH,103.66,108.52,94.29,101.57,102.8,16,105.37,105.48,-1.83
2026-03-23T17:30:00Z,2026-03-23 17:30,2026-03-23 17:45,QH,111.91,120.62,99.67,114.04,95.2,44,109.95,111.42,0.48
2026-03-23T17:45:00Z,2026-03-23 17:45,2026-03-23 18:00,QH,132.45,136.25,127.45,134.95,106.4,17,130.74,112.52,19.93
2026-03-23T18:00:00Z,2026-03-23 18:00,2026-03-23 18:15,QH,117.15,118.12,115.21,117.21,36.5,9,115.72,105.22,11.93
2026-03-23T18:15:00Z,2026-03-23 18:15,2026-03-23 18:30,QH,121.08,132.29,116.63,123.75,77.7,18,120.46,106.95,14.13
2026-03-23T18:30:00Z,2026-03-23 18:30,2026-03-23 18:45,QH,137.94,141.54,135.95,137.42,63.5,12,139.93,104.62,33.32
2026-03-23T18:45:00Z,2026-03-23 18:45,2026-03-23 19:00,QH,99.94,100.75,97.01,103.67,94.0,12,97.12,99.21,0.73
2026-03-23T19:00:00Z,2026-03-23 19:00,2026-03-23 19:15,QH,99.64,104.38,95.26,100.7,112.5,20,98.69,116.02,-16.38
2026-03-23T19:15:00Z,2026-03-23 19:15,2026-03-23 19:30,QH,100.96,106.63,94.49,98.54,121.6,21,99.03,111.22,-10.26
2026-03-23T19:30:00Z,2026-03-23 19:30,2026-03-23 19:45,QH,115.03,119.28,114.81,112.0,110.8,14,114.19,106.63,8.39
2026-03-23T19:45:00Z,2026-03-23 19:45,2026-03-23 20:00,QH,109.28,111.21,106.25,112.79,149.8,21,113.04,102.16,7.12
2026-03-23T20:00:00Z,2026-03-23 20:00,2026-03-23 20:15,QH,48.41,57.96,42.82,49.27,139.6,18,46.98,74.87,-26.46
2026-03-23T20:15:00Z,2026-03-23 20:15,2026-03-23 20:30,QH,76.94,77.68,69.32,80.24,96.9,37,75.81,68.19,8.75
2026-03-23T20:30:00Z,2026-03-23 20:30,2026-03-23 20:45,QH,83.43,86.19,82.94,81.41,79.8,32,81.39,72.61,10.82
2026-03-23T20:45:00Z,2026-03-23 20:45,2026-03-23 21:00,QH,66.95,68.64,64.01,71.49,67.9,15,67.51,64.63,2.32
2026-03-23T21:00:00Z,2026-03-23 21:00,2026-03-23 21:15,QH,53.07,58.07,45.81,56.59,70.2,12,52.91,63.49,-10.42
2026-03-23T21:15:00Z,2026-03-23 21:15,2026-03-23 21:30,QH,63.81,64.05,61.03,63.28,124.0,17,65.27,81.57,-17.76
2026-03-23T21:30:00Z,2026-03-23 21:30,2026-03-23 21:45,QH,63.99,64.33,61.05,64.02,56.9,27,64.9,77.65,-13.66
2026-03-23T21:45:00Z,2026-03-23 21:45,2026-03-23 22:00,QH,80.94,82.75,79.07,80.74,98.5,17,77.8,63.32,17.62
2026-03-23T22:00:00Z,2026-03-23 22:00,2026-03-23 22:15,QH,75.37,76.88,64.32,76.18,63.9,24,74.29,70.71,4.66
2026-03-23T22:15:00Z,2026-03-23 22:15,2026-03-23 22:30,QH,74.11,74.27,70.4,81.68,53.8,25,72.44,72.52,1.59
2026-03-23T22:30:00Z,2026-03-23 22:30,2026-03-23 22:45,QH,74.79,84.94,73.21,76.72,137.3,28,74.05,66.77,8.02
2026-03-23T22:45:00Z,2026-03-23 22:45,2026-03-23 23:00,QH,86.52,88.66,80.9,80.87,94.9,27,87.15,74.78,11.74
2026-03-23T23:00:00Z,2026-03-23 23:00,2026-03-23 23:15,QH,76.98,83.66,75.88,79.45,113.4,18,75.87,67.62,9.36
2026-03-23T23:15:00Z,2026-03-23 23:15,2026-03-23 23:30,QH,75.74,87.06,72.84,76.02,85.6,13,74.65,67.38,8.37
2026-03-23T23:30:00Z,2026-03-23 23:30,2026-03-23 23:45,QH,76.9,81.51,73.69,80.99,119.2,53,77.51,76.71,0.19
2026-03-23T23:45:00Z,2026-03-23 23:45,2026-03-24 00:00,QH,69.38,69.82,68.6,71.62,129.0,23,65.88,70.98,-1.6
2026-03-24T00:00:00Z,2026-03-24 00:00,2026-03-24 00:15,QH,71.06,74.88,62.91,73.94,106.2,50,74.13,61.18,9.88
2026-03-24T00:15:00Z,2026-03-24 00:15,2026-03-24 00:30,QH,67.3,68.46,56.8,70.26,87.9,27,68.92,70.23,-2.93
2026-03-24T00:30:00Z,2026-03-24 00:30,2026-03-24 00:45,QH,74.47,75.81,69.76,73.31,64.1,11,74.39,64.88,9.59
2026-03-24T00:45:00Z,2026-03-24 00:45,2026-03-24 01:00,QH,66.41,68.18,61.19,67.49,101.1,17,62.96,70.9,-4.49
2026-03-24T01:00:00Z,2026-03-24 01:00,2026-03-24 01:15,QH,78.07,83.59,75.55,76.76,87.8,13,78.28,65.21,12.86
2026-03-24T01:15:00Z,2026-03-24 01:15,2026-03-24 01:30,QH,67.45,72.87,64.71,60.18,87.5,24,66.49,64.17,3.28
2026-03-24T01:30:00Z,2026-03-24 01:30,2026-03-24 01:45,QH,68.55,73.43,63.11,66.11,138.0,33,69.12,61.06,7.49
2026-03-24T01:45:00Z,2026-03-24 01:45,2026-03-24 02:00,QH,73.38,82.75,71.82,74.61,113.2,14,74.55,73.55,-0.17
2026-03-24T02:00:00Z,2026-03-24 02:00,2026-03-24 02:15,QH,64.52,69.81,62.05,67.39,101.6,34,63.92,68.32,-3.81
2026-03-24T02:15:00Z,2026-03-24 02:15,2026-03-24 02:30,QH,63.55,65.16,62.17,63.1,118.1,16,65.36,65.37,-1.82
2026-03-24T02:30:00Z,2026-03-24 02:30,2026-03-24 02:45,QH,62.44,70.57,58.53,62.31,104.0,19,62.0,61.48,0.96
2026-03-24T02:45:00Z,2026-03-24 02:45,2026-03-24 03:00,QH,67.82,68.84,62.73,67.62,31.6,9,69.03,70.14,-2.32
2026-03-24T03:00:00Z,2026-03-24 03:00,2026-03-24 03:15,QH,51.31,52.95,48.91,48.8,108.6,19,50.05,58.05,-6.74
2026-03-24T03:15:00Z,2026-03-24 03:15,2026-03-24 03:30,QH,81.42,87.5,76.48,78.71,59.4,14,83.23,63.9,17.53
2026-03-24T03:30:00Z,2026-03-24 03:30,2026-03-24 03:45,QH,64.61,65.51,62.57,64.98,71.2,9,59.89,68.83,-4.21
2026-03-24T03:45:00Z,2026-03-24 03:45,2026-03-24 04:00,QH,75.45,80.66,67.1,77.97,96.9,13,76.29,68.78,6.67
2026-03-24T04:00:00Z,2026-03-24 04:00,2026-03-24 04:15,QH,58.89,64.6,51.16,58.08,79.3,16,61.42,72.5,-13.61
2026-03-24T04:15:00Z,2026-03-24 04:15,2026-03-24 04:30,QH,70.32,70.74,58.42,71.68,82.2,16,71.14,61.47,8.86
2026-03-24T04:30:00Z,2026-03-24 04:30,2026-03-24 04:45,QH,76.22,78.94,71.65,75.32,126.4,18,75.41,69.06,7.16
2026-03-24T04:45:00Z,2026-03-24 04:45,2026-03-24 05:00,QH,45.6,54.65,41.77,47.74,49.0,12,45.7,64.24,-18.64
2026-03-24T05:00:00Z,2026-03-24 05:00,2026-03-24 05:15,QH,62.3,66.42,59.52,62.05,29.7,9,62.85,67.57,-5.27
2026-03-24T05:15:00Z,2026-03-24 05:15,2026-03-24 05:30,QH,61.55,63.69,47.39,58.48,83.7,30,60.55,74.35,-12.81
2026-03-24T05:30:00Z,2026-03-24 05:30,2026-03-24 05:45,QH,83.42,84.06,80.19,85.45,49.5,17,84.01,68.59,14.83
2026-03-24T05:45:00Z,2026-03-24 05:45,2026-03-24 06:00,QH,72.04,73.72,68.36,70.03,88.1,11,71.52,61.76,10.28
2026-03-24T06:00:00Z,2026-03-24 06:00,2026-03-24 06:15,QH,67.18,72.75,63.18,67.57,63.3,25,68.86,61.52,5.66
2026-03-24T06:15:00Z,2026-03-24 06:15,2026-03-24 06:30,QH,59.21,59.55,56.41,63.74,110.8,19,58.86,64.22,-5.01
2026-03-24T06:30:00Z,2026-03-24 06:30,2026-03-24 06:45,QH,80.19,83.49,78.61,75.03,123.0,18,80.02,71.86,8.33
2026-03-24T06:45:00Z,2026-03-24 06:45,2026-03-24 07:00,QH,68.65,69.89,67.54,68.11,83.4,14,65.96,79.22,-10.57
2026-03-24T07:00:00Z,2026-03-24 07:00,2026-03-24 07:15,QH,88.17,89.22,87.81,81.96,86.6,11,88.8,108.21,-20.04
2026-03-24T07:15:00Z,2026-03-24 07:15,2026-03-24 07:30,QH,108.17,118.32,107.86,108.34,104.3,33,111.63,98.14,10.03
2026-03-24T07:30:00Z,2026-03-24 07:30,2026-03-24 07:45,QH,104.85,105.36,95.77,104.75,86.5,12,103.95,100.03,4.82
2026-03-24T07:45:00Z,2026-03-24 07:45,2026-03-24 08:00,QH,113.13,117.76,112.49,112.57,69.0,17,113.5,104.55,8.58
2026-03-24T08:00:00Z,2026-03-24 08:00,2026-03-24 08:15,QH,115.08,115.14,113.73,116.93,83.8,11,113.68,100.05,15.03
2026-03-24T08:15:00Z,2026-03-24 08:15,2026-03-24 08:30,QH,107.04,116.2,93.74,103.27,67.9,12,108.11,106.3,0.74
2026-03-24T08:30:00Z,2026-03-24 08:30,2026-03-24 08:45,QH,111.47,113.85,108.69,111.21,92.5,31,114.31,101.1,10.37
2026-03-24T08:45:00Z,2026-03-24 08:45,2026-03-24 09:00,QH,75.92,76.26,68.71,73.7,112.0,26,75.7,106.05,-30.13
2026-03-24T09:00:00Z,2026-03-24 09:00,2026-03-24 09:15,QH,102.89,110.84,98.41,105.59,122.2,23,101.67,109.3,-6.4
2026-03-24T09:15:00Z,2026-03-24 09:15,2026-03-24 09:30,QH,112.94,113.6,112.78,108.73,63.9,17,110.77,106.19,6.76
2026-03-24T09:30:00Z,2026-03-24 09:30,2026-03-24 09:45,QH,125.79,131.95,123.54,129.41,121.5,17,125.75,111.69,14.1
2026-03-24T09:45:00Z,2026-03-24 09:45,2026-03-24 10:00,QH,119.7,122.61,118.19,110.44,31.0,5,117.18,105.14,14.56
2026-03-24T10:00:00Z,2026-03-24 10:00,2026-03-24 10:15,QH,130.13,141.22,129.62,129.53,100.6,36,129.87,102.5,27.63
2026-03-24T10:15:00Z,2026-03-24 10:15,2026-03-24 10:30,QH,152.31,160.95,151.22,151.98,62.6,8,152.56,107.01,45.29
2026-03-24T10:30:00Z,2026-03-24 10:30,2026-03-24 10:45,QH,117.51,121.44,110.63,120.69,89.5,16,118.3,105.87,11.64
2026-03-24T10:45:00Z,2026-03-24 10:45,2026-03-24 11:00,QH,113.09,116.81,110.75,113.8,72.7,26,115.48,106.16,6.93
2026-03-24T11:00:00Z,2026-03-24 11:00,2026-03-24 11:15,QH,210.27,210.42,205.36,206.43,82.8,12,210.27,113.6,96.67
2026-03-24T11:15:00Z,2026-03-24 11:15,2026-03-24 11:30,QH,129.07,132.15,126.8,125.17,49.1,7,127.61,107.09,21.98
2026-03-24T11:30:00Z,2026-03-24 11:30,2026-03-24 11:45,QH,111.73,122.25,104.77,114.47,124.2,16,113.84,100.88,10.86
2026-03-24T11:45:00Z,2026-03-24 11:45,2026-03-24 12:00,QH,125.57,125.76,121.44,123.22,129.0,17,125.81,112.38,13.19
2026-03-24T12:00:00Z,2026-03-24 12:00,2026-03-24 12:15,QH,102.16,103.39,101.97,99.32,30.3,3,105.19,105.33,-3.16
2026-03-24T12:15:00Z,2026-03-24 12:15,2026-03-24 12:30,QH,107.17,108.73,103.96,110.65,116.6,57,107.37,108.2,-1.03
2026-03-24T12:30:00Z,2026-03-24 12:30,2026-03-24 12:45,QH,109.78,117.63,104.98,108.96,106.9,19,108.05,113.71,-3.94
2026-03-24T12:45:00Z,2026-03-24 12:45,2026-03-24 13:00,QH,127.18,127.8,125.25,127.12,126.0,30,123.76,110.47,16.71
2026-03-24T13:00:00Z,2026-03-24 13:00,2026-03-24 13:15,QH,127.35,130.94,126.85,126.02,54.6,7,127.63,105.77,21.58
2026-03-24T13:15:00Z,2026-03-24 13:15,2026-03-24 13:30,QH,97.35,99.7,96.64,96.75,85.1,17,97.52,114.55,-17.2
2026-03-24T13:30:00Z,2026-03-24 13:30,2026-03-24 13:45,QH,120.67,123.68,118.67,124.79,83.5,17,119.67,105.39,15.29
2026-03-24T13:45:00Z,2026-03-24 13:45,2026-03-24 14:00,QH,110.14,114.8,108.32,108.83,91.6,12,107.28,111.33,-1.19
2026-03-24T14:00:00Z,2026-03-24 14:00,2026-03-24 14:15,QH,127.56,129.76,124.9,126.32,63.5,22,126.07,116.59,10.97
2026-03-24T14:15:00Z,2026-03-24 14:15,2026-03-24 14:30,QH,99.77,105.45,98.94,105.33,79.6,19,103.75,107.53,-7.76
2026-03-24T14:30:00Z,2026-03-24 14:30,2026-03-24 14:45,QH,119.73,126.48,118.19,123.68,76.8,11,119.23,108.89,10.84
2026-03-24T14:45:00Z,2026-03-24 14:45,2026-03-24 15:00,QH,123.75,131.95,120.49,125.3,67.8,10,124.61,105.35,18.41
2026-03-24T15:00:00Z,2026-03-24 15:00,2026-03-24 15:15,QH,86.54,93.67,84.07,87.83,66.6,8,88.86,116.9,-30.37
2026-03-24T15:15:00Z,2026-03-24 15:15,2026-03-24 15:30,QH,103.73,104.01,100.95,104.16,67.5,15,106.34,106.27,-2.54
2026-03-24T15:30:00Z,2026-03-24 15:30,2026-03-24 15:45,QH,119.12,123.94,112.79,115.91,114.5,19,118.87,111.13,7.99
2026-03-24T15:45:00Z,2026-03-24 15:45,2026-03-24 16:00,QH,107.71,112.27,107.26,103.7,81.2,15,108.45,108.97,-1.26
2026-03-24T16:00:00Z,2026-03-24 16:00,2026-03-24 16:15,QH,105.45,107.76,100.64,103.87,115.8,19,108.94,106.9,-1.45
2026-03-24T16:15:00Z,2026-03-24 16:15,2026-03-24 16:30,QH,111.18,117.7,107.2,111.23,61.6,19,110.31,107.21,3.97
2026-03-24T16:30:00Z,2026-03-24 16:30,2026-03-24 16:45,QH,109.65,110.19,105.09,114.43,26.7,3,106.57,111.8,-2.15
2026-03-24T16:45:00Z,2026-03-24 16:45,2026-03-24 17:00,QH,90.8,91.87,88.42,94.31,65.2,12,95.39,109.08,-18.28
2026-03-24T17:00:00Z,2026-03-24 17:00,2026-03-24 17:15,QH,97.14,97.87,93.31,98.36,103.8,17,94.45,101.89,-4.74
2026-03-24T17:15:00Z,2026-03-24 17:15,2026-03-24 17:30,QH,127.05,129.15,119.85,124.96,88.6,29,126.38,118.33,8.72
2026-03-24T17:30:00Z,2026-03-24 17:30,2026-03-24 17:45,QH,121.28,125.98,120.3,128.84,38.6,9,123.62,108.92,12.36
2026-03-24T17:45:00Z,2026-03-24 17:45,2026-03-24 18:00,QH,98.4,103.85,94.75,98.33,69.9,10,99.78,107.81,-9.41
2026-03-24T18:00:00Z,2026-03-24 18:00,2026-03-24 18:15,QH,108.21,112.76,107.74,108.16,22.0,6,109.87,100.55,7.66
2026-03-24T18:15:00Z,2026-03-24 18:15,2026-03-24 18:30,QH,96.4,99.54,93.84,93.29,102.6,17,95.11,102.57,-6.16
2026-03-24T18:30:00Z,2026-03-24 18:30,2026-03-24 18:45,QH,97.01,97.17,86.32,95.45,60.6,21,98.07,108.98,-11.97
2026-03-24T18:45:00Z,2026-03-24 18:45,2026-03-24 19:00,QH,111.37,113.47,105.12,114.95,144.7,52,112.13,96.69,14.69
2026-03-24T19:00:00Z,2026-03-24 19:00,2026-03-24 19:15,QH,100.49,103.51,99.78,98.62,41.0,6,99.27,111.32,-10.83
2026-03-24T19:15:00Z,2026-03-24 19:15,2026-03-24 19:30,QH,89.81,91.08,87.74,83.38,71.6,16,94.89,103.3,-13.49
2026-03-24T19:30:00Z,2026-03-24 19:30,2026-03-24 19:45,QH,120.8,121.44,119.39,119.18,122.9,26,121.69,101.23,19.56
2026-03-24T19:45:00Z,2026-03-24 19:45,2026-03-24 20:00,QH,85.91,90.6,84.03,83.6,96.7,16,85.27,101.43,-15.53
2026-03-24T20:00:00Z,2026-03-24 20:00,2026-03-24 20:15,QH,69.21,78.8,65.32,65.6,45.0,10,65.82,54.28,14.93
2026-03-24T20:15:00Z,2026-03-24 20:15,2026-03-24 20:30,QH,57.59,58.99,55.44,55.3,72.2,9,59.78,73.49,-15.91
2026-03-24T20:30:00Z,2026-03-24 20:30,2026-03-24 20:45,QH,61.64,61.99,56.32,63.78,133.3,30,62.23,62.04,-0.41
2026-03-24T20:45:00Z,2026-03-24 20:45,2026-03-24 21:00,QH,93.89,94.46,93.73,94.92,108.1,23,94.42,55.66,38.23
2026-03-24T21:00:00Z,2026-03-24 21:00,2026-03-24 21:15,QH,81.81,90.68,72.87,78.39,44.0,9,78.61,62.91,18.9
2026-03-24T21:15:00Z,2026-03-24 21:15,2026-03-24 21:30,QH,73.12,78.3,64.06,69.68,82.3,27,73.11,61.54,11.58
2026-03-24T21:30:00Z,2026-03-24 21:30,2026-03-24 21:45,QH,52.94,63.13,50.62,55.8,132.5,24,51.6,69.61,-16.68
2026-03-24T21:45:00Z,2026-03-24 21:45,2026-03-24 22:00,QH,60.52,61.75,57.52,64.11,54.0,7,58.64,68.75,-8.23
2026-03-24T22:00:00Z,2026-03-24 22:00,2026-03-24 22:15,QH,72.82,79.47,68.65,75.12,98.2,46,71.19,62.55,10.28
2026-03-24T22:15:00Z,2026-03-24 22:15,2026-03-24 22:30,QH,55.16,56.44,50.19,56.22,13.5,3,55.81,60.46,-5.29
2026-03-24T22:30:00Z,2026-03-24 22:30,2026-03-24 22:45,QH,57.3,60.59,57.06,55.68,58.1,13,54.32,64.23,-6.93
2026-03-24T22:45:00Z,2026-03-24 22:45,2026-03-24 23:00,QH,65.77,67.15,63.2,59.56,103.0,30,66.0,72.53,-6.75
2026-03-24T23:00:00Z,2026-03-24 23:00,2026-03-24 23:15,QH,67.35,72.69,64.34,68.06,83.9,31,67.01,62.69,4.66
2026-03-24T23:15:00Z,2026-03-24 23:15,2026-03-24 23:30,QH,60.07,65.66,55.34,60.29,87.3,29,63.05,63.62,-3.55
2026-03-24T23:30:00Z,2026-03-24 23:30,2026-03-24 23:45,QH,83.33,87.89,78.44,83.71,112.0,25,83.8,69.82,13.51
2026-03-24T23:45:00Z,2026-03-24 23:45,2026-03-25 00:00,QH,75.83,90.07,69.85,76.51,112.9,15,77.76,70.61,5.21
2026-03-25T00:00:00Z,2026-03-25 00:00,2026-03-25 00:15,QH,58.66,59.68,55.12,56.58,52.3,8,59.7,57.89,0.77
2026-03-25T00:15:00Z,2026-03-25 00:15,2026-03-25 00:30,QH,49.06,52.22,46.01,46.57,69.1,10,45.22,44.21,4.85
2026-03-25T00:30:00Z,2026-03-25 00:30,2026-03-25 00:45,QH,58.44,64.67,53.02,59.36,102.6,14,59.21,41.76,16.68
2026-03-25T00:45:00Z,2026-03-25 00:45,2026-03-25 01:00,QH,44.08,50.58,42.85,43.1,91.2,27,47.36,50.97,-6.89
2026-03-25T01:00:00Z,2026-03-25 01:00,2026-03-25 01:15,QH,55.68,57.8,47.53,53.78,58.4,7,58.83,49.79,5.89
2026-03-25T01:15:00Z,2026-03-25 01:15,2026-03-25 01:30,QH,55.03,59.8,44.59,56.11,10,3,57.4,47.46,7.57
2026-03-25T01:30:00Z,2026-03-25 01:30,2026-03-25 01:45,QH,65.51,65.67,58.77,70.07,43.4,21,68.9,48.55,16.96
2026-03-25T01:45:00Z,2026-03-25 01:45,2026-03-25 02:00,QH,40.36,41.36,32.58,39.21,74.3,14,40.27,59.14,-18.78
2026-03-25T02:00:00Z,2026-03-25 02:00,2026-03-25 02:15,QH,48.7,56.5,47.2,49.05,53.4,7,48.49,51.75,-3.05
2026-03-25T02:15:00Z,2026-03-25 02:15,2026-03-25 02:30,QH,34.33,36.9,31.68,33.88,39.7,9,34.71,51.17,-16.84
2026-03-25T02:30:00Z,2026-03-25 02:30,2026-03-25 02:45,QH,79.7,80.21,76.4,82.59,93.6,20,81.3,56.98,22.72
2026-03-25T02:45:00Z,2026-03-25 02:45,2026-03-25 03:00,QH,43.09,45.1,42.67,47.53,117.5,19,42.61,48.32,-5.23
2026-03-25T03:00:00Z,2026-03-25 03:00,2026-03-25 03:15,QH,55.88,62.76,55.28,57.45,114.8,25,54.15,50.84,5.04
2026-03-25T03:15:00Z,2026-03-25 03:15,2026-03-25 03:30,QH,49.17,51.87,47.26,48.97,100.2,18,49.35,54.34,-5.17
2026-03-25T03:30:00Z,2026-03-25 03:30,2026-03-25 03:45,QH,40.46,41.78,39.71,42.56,86.3,11,40.13,47.59,-7.13
2026-03-25T03:45:00Z,2026-03-25 03:45,2026-03-25 04:00,QH,62.38,64.98,59.83,62.93,116.3,35,59.3,43.28,19.1
2026-03-25T04:00:00Z,2026-03-25 04:00,2026-03-25 04:15,QH,58.34,67.91,55.31,56.33,95.9,21,58.82,54.67,3.66
2026-03-25T04:15:00Z,2026-03-25 04:15,2026-03-25 04:30,QH,68.39,71.96,62.79,67.41,17.1,8,70.86,50.75,17.64
2026-03-25T04:30:00Z,2026-03-25 04:30,2026-03-25 04:45,QH,40.79,44.31,31.66,41.83,130.2,16,42.92,47.55,-6.76
2026-03-25T04:45:00Z,2026-03-25 04:45,2026-03-25 05:00,QH,61.73,67.93,57.9,53.28,65.7,11,62.35,52.71,9.02
2026-03-25T05:00:00Z,2026-03-25 05:00,2026-03-25 05:15,QH,55.81,56.85,51.5,58.68,118.8,21,53.08,47.93,7.88
2026-03-25T05:15:00Z,2026-03-25 05:15,2026-03-25 05:30,QH,50.65,57.84,46.79,50.6,105.5,13,51.47,39.8,10.85
2026-03-25T05:30:00Z,2026-03-25 05:30,2026-03-25 05:45,QH,66.62,73.53,60.88,70.77,87.6,27,68.64,53.93,12.69
2026-03-25T05:45:00Z,2026-03-25 05:45,2026-03-25 06:00,QH,51.96,57.94,47.03,50.24,87.2,21,50.42,51.27,0.7
2026-03-25T06:00:00Z,2026-03-25 06:00,2026-03-25 06:15,QH,56.48,59.02,48.83,57.43,90.2,12,55.47,58.71,-2.23
2026-03-25T06:15:00Z,2026-03-25 06:15,2026-03-25 06:30,QH,58.28,60.48,57.46,64.87,56.7,20,59.88,48.85,9.43
2026-03-25T06:30:00Z,2026-03-25 06:30,2026-03-25 06:45,QH,55.28,57.03,48.43,53.4,56.3,11,56.3,51.97,3.32
2026-03-25T06:45:00Z,2026-03-25 06:45,2026-03-25 07:00,QH,53.32,59.72,51.6,50.78,70.5,17,53.52,44.55,8.78
2026-03-25T07:00:00Z,2026-03-25 07:00,2026-03-25 07:15,QH,74.14,80.77,65.48,80.88,109.2,28,72.29,84.55,-10.41
2026-03-25T07:15:00Z,2026-03-25 07:15,2026-03-25 07:30,QH,69.6,72.76,64.27,66.85,95.7,12,70.52,90.28,-20.67
2026-03-25T07:30:00Z,2026-03-25 07:30,2026-03-25 07:45,QH,84.61,87.02,79.21,86.8,99.2,31,82.57,86.37,-1.76
2026-03-25T07:45:00Z,2026-03-25 07:45,2026-03-25 08:00,QH,91.23,95.52,85.82,92.5,82.6,12,88.8,78.05,13.18
2026-03-25T08:00:00Z,2026-03-25 08:00,2026-03-25 08:15,QH,75.09,79.76,74.76,71.94,116.9,27,72.11,81.94,-6.85
2026-03-25T08:15:00Z,2026-03-25 08:15,2026-03-25 08:30,QH,107.47,107.74,106.76,103.73,70.9,10,107.84,87.3,20.18
2026-03-25T08:30:00Z,2026-03-25 08:30,2026-03-25 08:45,QH,98.22,104.15,96.55,104.65,104.0,45,101.16,99.65,-1.43
2026-03-25T08:45:00Z,2026-03-25 08:45,2026-03-25 09:00,QH,65.68,73.52,64.38,67.76,108.3,22,65.89,82.97,-17.29
2026-03-25T09:00:00Z,2026-03-25 09:00,2026-03-25 09:15,QH,84.42,84.88,78.95,89.21,90.2,15,86.27,91.94,-7.52
2026-03-25T09:15:00Z,2026-03-25 09:15,2026-03-25 09:30,QH,88.66,90.04,83.73,89.3,65.4,16,90.0,90.4,-1.74
2026-03-25T09:30:00Z,2026-03-25 09:30,2026-03-25 09:45,QH,92.32,93.51,90.41,87.0,85.4,23,91.72,88.72,3.59
2026-03-25T09:45:00Z,2026-03-25 09:45,2026-03-25 10:00,QH,94.11,96.98,93.52,92.55,74.1,10,91.42,94.13,-0.01
2026-03-25T10:00:00Z,2026-03-25 10:00,2026-03-25 10:15,QH,92.31,96.81,91.7,89.77,117.1,16,92.73,88.67,3.64
2026-03-25T10:15:00Z,2026-03-25 10:15,2026-03-25 10:30,QH,112.16,112.65,109.02,112.73,93.4,21,115.39,90.49,21.68
2026-03-25T10:30:00Z,2026-03-25 10:30,2026-03-25 10:45,QH,95.13,95.31,93.4,93.59,128.1,48,94.87,97.77,-2.63
2026-03-25T10:45:00Z,2026-03-25 10:45,2026-03-25 11:00,QH,78.64,84.11,73.95,77.5,91.0,17,81.1,100.23,-21.59
2026-03-25T11:00:00Z,2026-03-25 11:00,2026-03-25 11:15,QH,108.73,109.31,101.07,110.34,56.2,8,103.39,96.86,11.87
2026-03-25T11:15:00Z,2026-03-25 11:15,2026-03-25 11:30,QH,80.14,81.21,73.44,73.86,121.9,15,83.91,93.92,-13.79
2026-03-25T11:30:00Z,2026-03-25 11:30,2026-03-25 11:45,QH,77.07,79.73,70.19,79.46,102.2,43,77.29,99.08,-22.01
2026-03-25T11:45:00Z,2026-03-25 11:45,2026-03-25 12:00,QH,63.54,66.42,63.03,62.25,62.1,8,63.03,88.82,-25.28
2026-03-25T12:00:00Z,2026-03-25 12:00,2026-03-25 12:15,QH,98.27,103.22,97.36,96.69,92.1,16,101.2,91.58,6.69
2026-03-25T12:15:00Z,2026-03-25 12:15,2026-03-25 12:30,QH,96.68,102.89,95.95,99.51,63.8,8,100.36,90.18,6.5
2026-03-25T12:30:00Z,2026-03-25 12:30,2026-03-25 12:45,QH,105.18,109.08,97.95,105.72,94.2,46,104.44,101.97,3.21
2026-03-25T12:45:00Z,2026-03-25 12:45,2026-03-25 13:00,QH,84.18,90.01,79.42,84.86,145.0,20,83.53,101.48,-17.3
2026-03-25T13:00:00Z,2026-03-25 13:00,2026-03-25 13:15,QH,92.56,97.33,87.94,93.9,68.2,12,91.52,85.88,6.68
2026-03-25T13:15:00Z,2026-03-25 13:15,2026-03-25 13:30,QH,102.01,103.2,97.77,104.21,116.9,24,103.36,93.5,8.51
2026-03-25T13:30:00Z,2026-03-25 13:30,2026-03-25 13:45,QH,96.24,101.02,93.36,100.31,50.3,7,97.96,89.18,7.07
2026-03-25T13:45:00Z,2026-03-25 13:45,2026-03-25 14:00,QH,101.51,102.67,100.11,101.45,135.9,38,103.62,98.42,3.1
2026-03-25T14:00:00Z,2026-03-25 14:00,2026-03-25 14:15,QH,85.0,95.65,80.86,81.87,106.0,15,85.07,94.46,-9.47
2026-03-25T14:15:00Z,2026-03-25 14:15,2026-03-25 14:30,QH,85.16,88.66,81.73,91.92,126.1,25,82.68,97.92,-12.77
2026-03-25T14:30:00Z,2026-03-25 14:30,2026-03-25 14:45,QH,91.71,93.28,91.46,92.85,52.2,15,91.63,93.48,-1.77
2026-03-25T14:45:00Z,2026-03-25 14:45,2026-03-25 15:00,QH,77.19,81.96,76.18,74.71,116.7,21,80.15,98.09,-20.9
2026-03-25T15:00:00Z,2026-03-25 15:00,2026-03-25 15:15,QH,90.74,93.33,89.44,94.32,32.3,5,92.84,93.48,-2.74
2026-03-25T15:15:00Z,2026-03-25 15:15,2026-03-25 15:30,QH,95.41,97.46,94.7,94.75,45.9,6,95.44,93.09,2.32
2026-03-25T15:30:00Z,2026-03-25 15:30,2026-03-25 15:45,QH,74.86,80.62,63.75,71.73,100.1,25,73.1,92.21,-17.35
2026-03-25T15:45:00Z,2026-03-25 15:45,2026-03-25 16:00,QH,80.88,84.48,76.68,82.03,16.9,7,82.63,101.12,-20.25
2026-03-25T16:00:00Z,2026-03-25 16:00,2026-03-25 16:15,QH,88.36,89.5,83.52,87.32,93.3,13,87.15,93.51,-5.15
2026-03-25T16:15:00Z,2026-03-25 16:15,2026-03-25 16:30,QH,111.65,119.31,111.02,115.55,113.8,20,109.02,81.47,30.17
2026-03-25T16:30:00Z,2026-03-25 16:30,2026-03-25 16:45,QH,71.48,74.23,70.69,66.37,28.9,4,71.55,101.13,-29.64
2026-03-25T16:45:00Z,2026-03-25 16:45,2026-03-25 17:00,QH,96.87,99.32,96.62,101.87,44.4,22,96.01,79.7,17.18
2026-03-25T17:00:00Z,2026-03-25 17:00,2026-03-25 17:15,QH,106.56,113.54,104.08,104.91,103.8,20,106.94,94.89,11.67
2026-03-25T17:15:00Z,2026-03-25 17:15,2026-03-25 17:30,QH,86.77,88.39,79.89,82.18,42.0,11,87.54,84.15,2.62
2026-03-25T17:30:00Z,2026-03-25 17:30,2026-03-25 17:45,QH,91.55,98.97,86.23,88.55,62.1,11,90.54,99.1,-7.55
2026-03-25T17:45:00Z,2026-03-25 17:45,2026-03-25 18:00,QH,166.62,167.62,166.52,164.49,70.0,28,163.85,99.26,67.35
2026-03-25T18:00:00Z,2026-03-25 18:00,2026-03-25 18:15,QH,89.93,91.96,88.55,89.92,91.8,16,89.22,88.16,1.76
2026-03-25T18:15:00Z,2026-03-25 18:15,2026-03-25 18:30,QH,98.22,106.21,90.57,101.16,84.7,35,98.49,89.64,8.58
2026-03-25T18:30:00Z,2026-03-25 18:30,2026-03-25 18:45,QH,109.41,110.73,108.59,110.75,72.6,10,109.13,84.65,24.77
2026-03-25T18:45:00Z,2026-03-25 18:45,2026-03-25 19:00,QH,92.5,97.02,91.86,91.49,143.8,22,93.06,89.92,2.58
2026-03-25T19:00:00Z,2026-03-25 19:00,2026-03-25 19:15,QH,71.37,72.65,68.91,68.38,65.4,13,73.22,89.79,-18.42
2026-03-25T19:15:00Z,2026-03-25 19:15,2026-03-25 19:30,QH,97.62,103.48,92.28,97.08,100.0,18,94.7,81.74,15.88
2026-03-25T19:30:00Z,2026-03-25 19:30,2026-03-25 19:45,QH,100.51,103.12,100.21,95.95,145.3,19,100.7,81.88,18.62
2026-03-25T19:45:00Z,2026-03-25 19:45,2026-03-25 20:00,QH,78.83,79.62,70.62,81.51,131.2,19,79.91,102.75,-23.93
2026-03-25T20:00:00Z,2026-03-25 20:00,2026-03-25 20:15,QH,58.31,69.7,52.81,59.62,86.1,41,58.5,53.66,4.65
2026-03-25T20:15:00Z,2026-03-25 20:15,2026-03-25 20:30,QH,26.46,27.12,24.51,21.04,72.1,14,23.03,51.09,-24.62
2026-03-25T20:30:00Z,2026-03-25 20:30,2026-03-25 20:45,QH,40.17,41.44,39.59,35.84,103.8,49,38.76,51.62,-11.45
2026-03-25T20:45:00Z,2026-03-25 20:45,2026-03-25 21:00,QH,52.95,57.0,44.02,50.52,121.0,15,54.66,44.73,8.22
2026-03-25T21:00:00Z,2026-03-25 21:00,2026-03-25 21:15,QH,40.81,47.65,40.02,39.06,92.3,11,44.38,55.99,-15.17
2026-03-25T21:15:00Z,2026-03-25 21:15,2026-03-25 21:30,QH,31.81,33.81,29.95,30.51,100.2,28,28.15,54.78,-22.97
2026-03-25T21:30:00Z,2026-03-25 21:30,2026-03-25 21:45,QH,44.14,44.26,36.43,46.13,42.3,13,45.29,54.62,-10.48
2026-03-25T21:45:00Z,2026-03-25 21:45,2026-03-25 22:00,QH,53.17,56.81,45.51,54.07,79.7,24,51.93,45.46,7.71
2026-03-25T22:00:00Z,2026-03-25 22:00,2026-03-25 22:15,QH,19.68,23.6,19.53,17.27,87.2,24,19.13,51.46,-31.78
2026-03-25T22:15:00Z,2026-03-25 22:15,2026-03-25 22:30,QH,40.09,45.97,37.63,39.72,55.0,7,37.19,60.32,-20.23
2026-03-25T22:30:00Z,2026-03-25 22:30,2026-03-25 22:45,QH,47.47,49.83,44.62,45.31,33.3,6,50.97,46.09,1.38
2026-03-25T22:45:00Z,2026-03-25 22:45,2026-03-25 23:00,QH,42.88,46.15,42.44,43.75,86.7,19,42.53,51.83,-8.95
2026-03-25T23:00:00Z,2026-03-25 23:00,2026-03-25 23:15,QH,55.66,64.14,51.25,53.1,38.3,12,56.78,54.02,1.63
2026-03-25T23:15:00Z,2026-03-25 23:15,2026-03-25 23:30,QH,54.67,55.85,50.16,52.59,61.0,11,54.29,52.51,2.16
2026-03-25T23:30:00Z,2026-03-25 23:30,2026-03-25 23:45,QH,28.91,32.02,27.34,31.4,126.1,17,27.35,46.92,-18.01
2026-03-25T23:45:00Z,2026-03-25 23:45,2026-03-26 00:00,QH,75.12,75.93,72.62,74.79,160.5,25,75.42,49.18,25.95
2026-03-26T00:00:00Z,2026-03-26 00:00,2026-03-26 00:15,QH,70.52,75.05,59.82,68.02,42.4,6,70.71,50.14,20.38
2026-03-26T00:15:00Z,2026-03-26 00:15,2026-03-26 00:30,QH,37.09,39.17,32.39,42.79,84.5,28,33.25,49.07,-11.99
2026-03-26T00:30:00Z,2026-03-26 00:30,2026-03-26 00:45,QH,50.93,53.35,43.8,50.18,98.7,20,50.12,44.65,6.29
2026-03-26T00:45:00Z,2026-03-26 00:45,2026-03-26 01:00,QH,44.93,51.67,37.01,45.32,114.8,30,45.6,42.68,2.25
2026-03-26T01:00:00Z,2026-03-26 01:00,2026-03-26 01:15,QH,46.73,48.1,46.63,49.5,78.0,22,45.67,52.16,-5.43
2026-03-26T01:15:00Z,2026-03-26 01:15,2026-03-26 01:30,QH,39.36,46.73,35.54,42.93,96.3,38,39.69,42.47,-3.11
2026-03-26T01:30:00Z,2026-03-26 01:30,2026-03-26 01:45,QH,39.96,40.07,39.6,41.53,97.8,23,36.05,49.21,-9.25
2026-03-26T01:45:00Z,2026-03-26 01:45,2026-03-26 02:00,QH,51.46,51.7,44.63,47.96,135.2,32,49.4,46.21,5.25
2026-03-26T02:00:00Z,2026-03-26 02:00,2026-03-26 02:15,QH,29.9,31.82,29.56,27.37,49.3,23,35.53,36.73,-6.83
2026-03-26T02:15:00Z,2026-03-26 02:15,2026-03-26 02:30,QH,46.42,51.79,33.6,45.04,59.3,7,45.88,44.08,2.34
2026-03-26T02:30:00Z,2026-03-26 02:30,2026-03-26 02:45,QH,49.5,51.74,43.87,48.5,95.8,13,48.36,44.82,4.67
2026-03-26T02:45:00Z,2026-03-26 02:45,2026-03-26 03:00,QH,39.12,43.08,35.16,41.05,106.2,20,39.66,45.16,-6.03
2026-03-26T03:00:00Z,2026-03-26 03:00,2026-03-26 03:15,QH,48.02,48.5,39.2,43.04,123.8,30,46.45,44.8,3.22
2026-03-26T03:15:00Z,2026-03-26 03:15,2026-03-26 03:30,QH,55.56,64.74,55.27,58.24,45.8,8,55.19,54.59,0.96
2026-03-26T03:30:00Z,2026-03-26 03:30,2026-03-26 03:45,QH,54.61,56.03,51.22,56.95,95.8,19,57.53,36.33,18.28
2026-03-26T03:45:00Z,2026-03-26 03:45,2026-03-26 04:00,QH,28.01,42.39,20.08,25.19,105.0,14,27.08,53.26,-25.24
2026-03-26T04:00:00Z,2026-03-26 04:00,2026-03-26 04:15,QH,40.8,52.82,39.56,38.48,68.8,8,40.26,44.84,-4.04
2026-03-26T04:15:00Z,2026-03-26 04:15,2026-03-26 04:30,QH,48.09,55.15,44.91,45.86,70.5,9,47.44,49.2,-1.12
2026-03-26T04:30:00Z,2026-03-26 04:30,2026-03-26 04:45,QH,44.01,44.86,32.15,48.66,67.2,8,44.42,44.07,-0.06
2026-03-26T04:45:00Z,2026-03-26 04:45,2026-03-26 05:00,QH,45.39,45.78,44.0,50.91,119.7,18,46.53,36.61,8.78
2026-03-26T05:00:00Z,2026-03-26 05:00,2026-03-26 05:15,QH,30.84,33.48,25.62,27.54,50.5,7,28.54,46.91,-16.07
2026-03-26T05:15:00Z,2026-03-26 05:15,2026-03-26 05:30,QH,-21.72,-15.06,-26.99,-24.15,71.6,17,-25.99,43.86,-65.58
2026-03-26T05:30:00Z,2026-03-26 05:30,2026-03-26 05:45,QH,47.13,51.62,39.79,48.36,136.7,38,46.21,38.65,8.48
2026-03-26T05:45:00Z,2026-03-26 05:45,2026-03-26 06:00,QH,59.01,67.05,47.12,65.19,101.2,26,58.13,39.14,19.87
2026-03-26T06:00:00Z,2026-03-26 06:00,2026-03-26 06:15,QH,46.17,47.5,37.85,49.26,79.2,35,47.25,52.08,-5.91
2026-03-26T06:15:00Z,2026-03-26 06:15,2026-03-26 06:30,QH,26.54,33.9,26.04,27.41,71.5,28,27.41,54.1,-27.56
2026-03-26T06:30:00Z,2026-03-26 06:30,2026-03-26 06:45,QH,53.82,55.21,46.31,54.77,75.7,10,54.72,51.26,2.56
2026-03-26T06:45:00Z,2026-03-26 06:45,2026-03-26 07:00,QH,45.79,45.8,43.88,49.97,94.4,26,44.15,52.0,-6.21
2026-03-26T07:00:00Z,2026-03-26 07:00,2026-03-26 07:15,QH,89.87,90.19,88.75,92.8,33.9,8,88.81,91.14,-1.27
2026-03-26T07:15:00Z,2026-03-26 07:15,2026-03-26 07:30,QH,73.48,90.29,72.36,74.38,71.1,27,76.58,82.66,-9.18
2026-03-26T07:30:00Z,2026-03-26 07:30,2026-03-26 07:45,QH,81.39,83.68,79.62,86.78,67.0,30,79.9,84.31,-2.92
2026-03-26T07:45:00Z,2026-03-26 07:45,2026-03-26 08:00,QH,71.09,80.17,70.11,71.69,87.5,11,70.06,77.16,-6.07
2026-03-26T08:00:00Z,2026-03-26 08:00,2026-03-26 08:15,QH,94.57,96.73,87.12,92.62,147.0,18,94.0,84.35,10.22
2026-03-26T08:15:00Z,2026-03-26 08:15,2026-03-26 08:30,QH,77.06,77.63,76.36,73.58,56.2,16,73.89,91.18,-14.12
2026-03-26T08:30:00Z,2026-03-26 08:30,2026-03-26 08:45,QH,72.84,80.05,72.66,74.0,112.7,15,74.67,88.96,-16.12
2026-03-26T08:45:00Z,2026-03-26 08:45,2026-03-26 09:00,QH,71.19,78.92,67.87,75.26,114.6,27,70.5,77.15,-5.97
2026-03-26T09:00:00Z,2026-03-26 09:00,2026-03-26 09:15,QH,93.17,96.28,84.61,90.09,79.5,19,93.49,89.35,3.82
2026-03-26T09:15:00Z,2026-03-26 09:15,2026-03-26 09:30,QH,78.08,83.12,78.02,72.22,41.4,9,79.08,96.46,-18.38
2026-03-26T09:30:00Z,2026-03-26 09:30,2026-03-26 09:45,QH,91.5,91.58,90.05,88.26,159.2,37,93.45,74.33,17.17
2026-03-26T09:45:00Z,2026-03-26 09:45,2026-03-26 10:00,QH,81.97,83.07,77.68,84.08,120.7,17,84.66,79.65,2.32
2026-03-26T10:00:00Z,2026-03-26 10:00,2026-03-26 10:15,QH,87.59,89.25,84.13,90.89,52.8,13,83.87,86.92,0.67
2026-03-26T10:15:00Z,2026-03-26 10:15,2026-03-26 10:30,QH,83.24,83.69,82.11,75.83,79.7,18,81.09,86.11,-2.88
2026-03-26T10:30:00Z,2026-03-26 10:30,2026-03-26 10:45,QH,97.34,101.11,85.7,92.96,81.9,15,97.34,87.93,9.41
2026-03-26T10:45:00Z,2026-03-26 10:45,2026-03-26 11:00,QH,76.47,79.29,75.95,74.47,73.7,23,80.17,84.72,-8.25
2026-03-26T11:00:00Z,2026-03-26 11:00,2026-03-26 11:15,QH,104.57,105.72,103.76,104.32,97.6,23,104.7,91.62,12.95
2026-03-26T11:15:00Z,2026-03-26 11:15,2026-03-26 11:30,QH,77.0,83.14,76.36,72.52,82.7,28,75.99,96.78,-19.78
2026-03-26T11:30:00Z,2026-03-26 11:30,2026-03-26 11:45,QH,87.84,88.62,81.46,91.8,108.0,35,86.99,92.21,-4.37
2026-03-26T11:45:00Z,2026-03-26 11:45,2026-03-26 12:00,QH,96.86,102.45,96.55,93.12,98.1,12,98.93,88.89,7.96
2026-03-26T12:00:00Z,2026-03-26 12:00,2026-03-26 12:15,QH,89.13,93.68,82.81,88.08,68.3,12,88.98,93.68,-4.55
2026-03-26T12:15:00Z,2026-03-26 12:15,2026-03-26 12:30,QH,84.76,95.82,83.46,81.34,51.9,6,84.58,90.15,-5.39
2026-03-26T12:30:00Z,2026-03-26 12:30,2026-03-26 12:45,QH,110.04,119.86,101.5,113.79,121.7,15,107.28,94.12,15.92
2026-03-26T12:45:00Z,2026-03-26 12:45,2026-03-26 13:00,QH,84.14,91.54,83.75,81.99,91.3,18,86.61,92.68,-8.54
2026-03-26T13:00:00Z,2026-03-26 13:00,2026-03-26 13:15,QH,96.76,98.3,94.66,96.79,63.6,10,95.76,90.63,6.14
2026-03-26T13:15:00Z,2026-03-26 13:15,2026-03-26 13:30,QH,87.7,93.92,77.89,86.96,103.8,16,87.85,96.38,-8.68
2026-03-26T13:30:00Z,2026-03-26 13:30,2026-03-26 13:45,QH,76.03,80.18,72.83,77.96,126.7,47,78.17,81.0,-4.97
2026-03-26T13:45:00Z,2026-03-26 13:45,2026-03-26 14:00,QH,80.08,83.5,74.27,83.55,104.5,13,79.73,99.3,-19.22
2026-03-26T14:00:00Z,2026-03-26 14:00,2026-03-26 14:15,QH,84.44,86.5,80.7,83.74,97.3,24,86.92,86.63,-2.19
2026-03-26T14:15:00Z,2026-03-26 14:15,2026-03-26 14:30,QH,111.4,114.13,100.97,109.97,16.7,3,111.49,92.97,18.43
2026-03-26T14:30:00Z,2026-03-26 14:30,2026-03-26 14:45,QH,87.67,88.13,81.83,90.14,17.5,5,91.24,93.79,-6.12
2026-03-26T14:45:00Z,2026-03-26 14:45,2026-03-26 15:00,QH,112.73,121.41,110.76,116.56,128.5,24,114.05,83.84,28.89
2026-03-26T15:00:00Z,2026-03-26 15:00,2026-03-26 15:15,QH,106.11,109.76,103.36,105.29,89.7,15,106.51,93.15,12.96
2026-03-26T15:15:00Z,2026-03-26 15:15,2026-03-26 15:30,QH,87.57,88.66,85.6,86.16,113.2,15,88.29,84.18,3.39
2026-03-26T15:30:00Z,2026-03-26 15:30,2026-03-26 15:45,QH,80.3,83.0,75.83,80.42,98.1,17,83.24,86.38,-6.07
2026-03-26T15:45:00Z,2026-03-26 15:45,2026-03-26 16:00,QH,104.44,112.0,99.82,105.1,132.9,36,104.57,86.9,17.54
2026-03-26T16:00:00Z,2026-03-26 16:00,2026-03-26 16:15,QH,87.52,92.92,82.4,88.17,10,3,85.46,89.69,-2.18
2026-03-26T16:15:00Z,2026-03-26 16:15,2026-03-26 16:30,QH,96.07,101.69,93.6,96.26,76.0,15,94.34,89.21,6.86
2026-03-26T16:30:00Z,2026-03-26 16:30,2026-03-26 16:45,QH,89.25,91.99,88.55,90.38,97.2,23,92.62,92.72,-3.47
2026-03-26T16:45:00Z,2026-03-26 16:45,2026-03-26 17:00,QH,78.62,90.12,76.61,77.45,87.7,27,80.81,93.39,-14.76
2026-03-26T17:00:00Z,2026-03-26 17:00,2026-03-26 17:15,QH,80.69,88.9,67.72,82.21,112.6,17,81.25,95.4,-14.72
2026-03-26T17:15:00Z,2026-03-26 17:15,2026-03-26 17:30,QH,111.33,111.83,111.01,112.59,107.4,14,113.6,80.77,30.56
2026-03-26T17:30:00Z,2026-03-26 17:30,2026-03-26 17:45,QH,97.04,99.25,91.43,97.74,63.3,23,95.14,86.43,10.61
2026-03-26T17:45:00Z,2026-03-26 17:45,2026-03-26 18:00,QH,83.16,89.94,79.1,84.79,103.7,22,87.44,86.97,-3.81
2026-03-26T18:00:00Z,2026-03-26 18:00,2026-03-26 18:15,QH,86.57,88.67,77.12,85.51,134.2,26,82.75,79.55,7.02
2026-03-26T18:15:00Z,2026-03-26 18:15,2026-03-26 18:30,QH,82.74,88.16,78.88,88.47,82.0,39,80.01,88.87,-6.13
2026-03-26T18:30:00Z,2026-03-26 18:30,2026-03-26 18:45,QH,79.04,82.06,73.28,79.99,45.2,6,78.17,84.98,-5.93
2026-03-26T18:45:00Z,2026-03-26 18:45,2026-03-26 19:00,QH,62.14,64.16,60.14,60.98,86.1,32,63.73,74.44,-12.3
2026-03-26T19:00:00Z,2026-03-26 19:00,2026-03-26 19:15,QH,102.36,109.87,92.01,99.37,108.1,31,105.06,81.9,20.46
2026-03-26T19:15:00Z,2026-03-26 19:15,2026-03-26 19:30,QH,86.49,91.03,84.17,79.41,65.5,12,86.94,79.97,6.52
2026-03-26T19:30:00Z,2026-03-26 19:30,2026-03-26 19:45,QH,84.66,86.01,78.08,85.29,118.7,16,86.74,81.63,3.03
2026-03-26T19:45:00Z,2026-03-26 19:45,2026-03-26 20:00,QH,102.73,109.49,102.21,105.71,100.9,16,103.95,83.88,18.84
2026-03-26T20:00:00Z,2026-03-26 20:00,2026-03-26 20:15,QH,38.25,46.44,34.63,42.6,128.6,31,38.05,52.61,-14.36
2026-03-26T20:15:00Z,2026-03-26 20:15,2026-03-26 20:30,QH,31.34,31.98,27.63,35.89,111.6,24,32.88,41.35,-10.01
2026-03-26T20:30:00Z,2026-03-26 20:30,2026-03-26 20:45,QH,51.9,55.17,48.73,52.11,31.0,8,53.04,40.87,11.03
2026-03-26T20:45:00Z,2026-03-26 20:45,2026-03-26 21:00,QH,45.41,55.29,40.35,47.03,19.1,3,47.75,51.34,-5.93
2026-03-26T21:00:00Z,2026-03-26 21:00,2026-03-26 21:15,QH,54.66,56.58,49.1,57.06,76.5,11,52.53,43.31,11.35
2026-03-26T21:15:00Z,2026-03-26 21:15,2026-03-26 21:30,QH,47.21,53.65,43.1,44.14,124.6,51,43.94,43.82,3.39
2026-03-26T21:30:00Z,2026-03-26 21:30,2026-03-26 21:45,QH,48.49,52.28,47.14,45.33,72.3,23,47.58,40.06,8.43
2026-03-26T21:45:00Z,2026-03-26 21:45,2026-03-26 22:00,QH,60.0,66.94,57.46,62.35,103.0,19,61.04,46.03,13.97
2026-03-26T22:00:00Z,2026-03-26 22:00,2026-03-26 22:15,QH,44.53,46.18,43.92,51.11,53.1,12,45.07,46.58,-2.05
2026-03-26T22:15:00Z,2026-03-26 22:15,2026-03-26 22:30,QH,37.48,41.39,34.17,34.81,78.6,23,33.24,52.25,-14.78
2026-03-26T22:30:00Z,2026-03-26 22:30,2026-03-26 22:45,QH,54.03,58.03,50.7,52.72,56.6,9,54.94,37.05,16.97
2026-03-26T22:45:00Z,2026-03-26 22:45,2026-03-26 23:00,QH,58.5,69.44,55.61,61.47,90.4,11,54.96,43.61,14.89
2026-03-26T23:00:00Z,2026-03-26 23:00,2026-03-26 23:15,QH,18.53,21.68,13.89,18.45,49.4,23,16.54,45.5,-26.97
2026-03-26T23:15:00Z,2026-03-26 23:15,2026-03-26 23:30,QH,52.29,52.79,48.23,52.76,114.4,24,50.78,53.97,-1.67
2026-03-26T23:30:00Z,2026-03-26 23:30,2026-03-26 23:45,QH,37.17,41.65,33.21,41.0,73.9,22,38.88,49.71,-12.54
2026-03-26T23:45:00Z,2026-03-26 23:45,2026-03-27 00:00,QH,156.21,159.22,149.61,157.86,93.3,20,154.8,50.24,105.97
2026-03-27T00:00:00Z,2026-03-27 00:00,2026-03-27 00:15,QH,58.91,70.82,55.36,61.65,94.7,43,60.62,63.9,-4.99
2026-03-27T00:15:00Z,2026-03-27 00:15,2026-03-27 00:30,QH,70.8,74.24,61.3,73.09,52.1,9,73.15,64.81,5.99
2026-03-27T00:30:00Z,2026-03-27 00:30,2026-03-27 00:45,QH,64.6,69.4,59.99,65.47,45.8,18,60.33,67.94,-3.34
2026-03-27T00:45:00Z,2026-03-27 00:45,2026-03-27 01:00,QH,68.26,71.05,59.88,64.64,105.9,27,69.94,63.96,4.3
2026-03-27T01:00:00Z,2026-03-27 01:00,2026-03-27 01:15,QH,64.63,67.64,58.35,63.87,58.9,19,65.05,71.4,-6.77
2026-03-27T01:15:00Z,2026-03-27 01:15,2026-03-27 01:30,QH,69.46,72.93,66.95,69.31,94.6,19,71.68,62.95,6.51
2026-03-27T01:30:00Z,2026-03-27 01:30,2026-03-27 01:45,QH,52.68,56.21,50.46,55.37,109.6,16,55.13,63.79,-11.11
2026-03-27T01:45:00Z,2026-03-27 01:45,2026-03-27 02:00,QH,85.01,88.35,84.22,83.65,96.8,27,85.02,68.9,16.11
2026-03-27T02:00:00Z,2026-03-27 02:00,2026-03-27 02:15,QH,-5.2,-4.4,-15.3,-2.48,69.1,9,-9.11,74.89,-80.09
2026-03-27T02:15:00Z,2026-03-27 02:15,2026-03-27 02:30,QH,77.84,78.0,75.82,71.1,57.0,12,78.55,72.18,5.65
2026-03-27T02:30:00Z,2026-03-27 02:30,2026-03-27 02:45,QH,47.1,52.2,44.91,49.19,98.7,13,46.91,61.03,-13.94
2026-03-27T02:45:00Z,2026-03-27 02:45,2026-03-27 03:00,QH,64.12,71.29,55.19,58.55,40.4,5,61.87,62.46,1.66
2026-03-27T03:00:00Z,2026-03-27 03:00,2026-03-27 03:15,QH,65.36,75.59,62.38,65.78,76.8,14,63.73,56.57,8.79
2026-03-27T03:15:00Z,2026-03-27 03:15,2026-03-27 03:30,QH,91.82,98.05,82.55,86.57,79.7,17,97.09,66.89,24.93
2026-03-27T03:30:00Z,2026-03-27 03:30,2026-03-27 03:45,QH,51.73,52.51,43.41,46.78,37.1,10,52.3,69.92,-18.19
2026-03-27T03:45:00Z,2026-03-27 03:45,2026-03-27 04:00,QH,92.99,97.63,89.62,90.73,96.3,30,94.35,67.96,25.03
2026-03-27T04:00:00Z,2026-03-27 04:00,2026-03-27 04:15,QH,62.64,68.57,54.66,69.65,74.6,18,62.89,66.57,-3.94
2026-03-27T04:15:00Z,2026-03-27 04:15,2026-03-27 04:30,QH,56.99,61.49,54.45,56.59,77.0,14,58.98,56.3,0.69
2026-03-27T04:30:00Z,2026-03-27 04:30,2026-03-27 04:45,QH,71.93,81.56,68.13,67.29,73.4,28,74.23,66.33,5.59
2026-03-27T04:45:00Z,2026-03-27 04:45,2026-03-27 05:00,QH,62.36,67.84,62.17,65.21,122.7,28,62.2,59.02,3.34
2026-03-27T05:00:00Z,2026-03-27 05:00,2026-03-27 05:15,QH,77.38,81.86,68.59,77.59,56.9,8,79.92,66.27,11.11
2026-03-27T05:15:00Z,2026-03-27 05:15,2026-03-27 05:30,QH,79.67,83.56,72.76,87.22,63.8,12,79.56,73.74,5.92
2026-03-27T05:30:00Z,2026-03-27 05:30,2026-03-27 05:45,QH,72.15,72.33,66.78,68.63,120.1,26,71.99,71.51,0.64
2026-03-27T05:45:00Z,2026-03-27 05:45,2026-03-27 06:00,QH,66.38,66.58,62.76,64.97,51.2,9,67.55,64.3,2.08
2026-03-27T06:00:00Z,2026-03-27 06:00,2026-03-27 06:15,QH,56.4,58.09,56.08,58.17,126.3,20,59.14,70.85,-14.45
2026-03-27T06:15:00Z,2026-03-27 06:15,2026-03-27 06:30,QH,65.59,72.64,58.82,61.45,66.5,23,64.69,66.43,-0.84
2026-03-27T06:30:00Z,2026-03-27 06:30,2026-03-27 06:45,QH,72.0,73.68,62.74,74.7,62.1,8,72.08,69.15,2.86
2026-03-27T06:45:00Z,2026-03-27 06:45,2026-03-27 07:00,QH,52.15,56.66,51.46,52.43,116.9,18,51.29,72.48,-20.34
2026-03-27T07:00:00Z,2026-03-27 07:00,2026-03-27 07:15,QH,111.46,118.03,108.21,113.02,99.4,20,110.01,113.53,-2.07
2026-03-27T07:15:00Z,2026-03-27 07:15,2026-03-27 07:30,QH,93.75,94.59,85.84,95.95,82.4,16,91.53,99.21,-5.45
2026-03-27T07:30:00Z,2026-03-27 07:30,2026-03-27 07:45,QH,103.77,109.23,101.55,103.06,155.0,43,103.36,107.03,-3.26
2026-03-27T07:45:00Z,2026-03-27 07:45,2026-03-27 08:00,QH,92.23,92.74,88.36,89.07,103.9,23,92.06,96.78,-4.55
2026-03-27T08:00:00Z,2026-03-27 08:00,2026-03-27 08:15,QH,129.64,133.11,122.37,128.62,84.3,11,129.39,106.17,23.47
2026-03-27T08:15:00Z,2026-03-27 08:15,2026-03-27 08:30,QH,102.74,107.75,102.36,104.67,145.6,25,102.87,102.86,-0.12
2026-03-27T08:30:00Z,2026-03-27 08:30,2026-03-27 08:45,QH,114.56,118.35,113.69,116.2,84.9,17,114.94,105.84,8.72
2026-03-27T08:45:00Z,2026-03-27 08:45,2026-03-27 09:00,QH,105.03,107.01,102.53,100.62,48.0,6,107.36,99.91,5.13
2026-03-27T09:00:00Z,2026-03-27 09:00,2026-03-27 09:15,QH,105.47,117.07,102.39,106.91,111.3,13,106.89,93.91,11.56
2026-03-27T09:15:00Z,2026-03-27 09:15,2026-03-27 09:30,QH,106.08,110.73,94.94,100.09,75.6,10,107.66,101.09,4.99
2026-03-27T09:30:00Z,2026-03-27 09:30,2026-03-27 09:45,QH,96.64,101.64,92.71,98.24,125.1,19,92.16,113.41,-16.78
2026-03-27T09:45:00Z,2026-03-27 09:45,2026-03-27 10:00,QH,145.88,152.26,144.26,146.31,72.2,27,146.07,108.33,37.55
2026-03-27T10:00:00Z,2026-03-27 10:00,2026-03-27 10:15,QH,83.96,85.21,75.33,85.47,148.1,42,84.45,111.13,-27.17
2026-03-27T10:15:00Z,2026-03-27 10:15,2026-03-27 10:30,QH,102.16,102.22,100.16,98.15,48.9,7,97.5,106.75,-4.6
2026-03-27T10:30:00Z,2026-03-27 10:30,2026-03-27 10:45,QH,89.39,97.65,84.66,91.72,55.4,8,92.12,108.05,-18.66
2026-03-27T10:45:00Z,2026-03-27 10:45,2026-03-27 11:00,QH,110.75,116.94,109.6,112.21,55.7,10,112.56,118.6,-7.84
2026-03-27T11:00:00Z,2026-03-27 11:00,2026-03-27 11:15,QH,120.37,129.15,119.36,121.36,122.4,19,122.4,111.27,9.1
2026-03-27T11:15:00Z,2026-03-27 11:15,2026-03-27 11:30,QH,120.34,124.55,117.51,116.0,54.5,7,119.47,105.2,15.15
2026-03-27T11:30:00Z,2026-03-27 11:30,2026-03-27 11:45,QH,130.36,133.82,127.9,131.39,52.5,8,129.22,112.83,17.53
2026-03-27T11:45:00Z,2026-03-27 11:45,2026-03-27 12:00,QH,107.54,109.47,102.17,105.51,20.5,3,108.52,106.33,1.21
2026-03-27T12:00:00Z,2026-03-27 12:00,2026-03-27 12:15,QH,114.97,116.31,112.38,111.2,95.7,21,107.98,104.75,10.22
2026-03-27T12:15:00Z,2026-03-27 12:15,2026-03-27 12:30,QH,116.61,117.03,109.44,117.9,142.7,21,112.88,115.78,0.83
2026-03-27T12:30:00Z,2026-03-27 12:30,2026-03-27 12:45,QH,112.25,112.8,111.69,110.02,100.6,49,107.5,110.12,2.14
2026-03-27T12:45:00Z,2026-03-27 12:45,2026-03-27 13:00,QH,98.96,99.47,92.97,94.96,68.4,21,100.27,111.76,-12.79
2026-03-27T13:00:00Z,2026-03-27 13:00,2026-03-27 13:15,QH,113.43,118.06,112.28,115.31,132.0,20,113.84,111.6,1.84
2026-03-27T13:15:00Z,2026-03-27 13:15,2026-03-27 13:30,QH,129.87,136.4,128.78,132.13,127.3,26,130.73,110.62,19.25
2026-03-27T13:30:00Z,2026-03-27 13:30,2026-03-27 13:45,QH,113.5,114.71,110.59,114.52,73.4,13,112.94,106.26,7.24
2026-03-27T13:45:00Z,2026-03-27 13:45,2026-03-27 14:00,QH,117.16,117.98,106.05,119.31,86.6,32,119.38,105.93,11.23
2026-03-27T14:00:00Z,2026-03-27 14:00,2026-03-27 14:15,QH,121.61,125.26,115.34,120.25,40.1,5,121.73,103.04,18.57
2026-03-27T14:15:00Z,2026-03-27 14:15,2026-03-27 14:30,QH,109.79,116.11,108.41,108.49,103.8,13,110.76,108.2,1.59
2026-03-27T14:30:00Z,2026-03-27 14:30,2026-03-27 14:45,QH,119.27,121.14,114.22,114.99,77.2,10,119.78,105.35,13.93
2026-03-27T14:45:00Z,2026-03-27 14:45,2026-03-27 15:00,QH,117.52,120.9,108.22,115.92,133.8,38,116.15,108.71,8.81
2026-03-27T15:00:00Z,2026-03-27 15:00,2026-03-27 15:15,QH,117.61,119.01,117.43,112.43,118.5,32,119.18,112.87,4.74
2026-03-27T15:15:00Z,2026-03-27 15:15,2026-03-27 15:30,QH,112.11,115.42,107.02,113.34,91.0,11,110.8,107.03,5.08
2026-03-27T15:30:00Z,2026-03-27 15:30,2026-03-27 15:45,QH,121.68,124.46,115.35,124.07,72.4,15,124.67,106.31,15.37
2026-03-27T15:45:00Z,2026-03-27 15:45,2026-03-27 16:00,QH,115.49,123.2,110.48,121.66,62.7,8,116.44,115.29,0.2
2026-03-27T16:00:00Z,2026-03-27 16:00,2026-03-27 16:15,QH,105.04,105.65,103.04,105.39,50.1,6,107.21,111.9,-6.86
2026-03-27T16:15:00Z,2026-03-27 16:15,2026-03-27 16:30,QH,128.03,130.24,124.85,119.79,87.5,12,126.67,111.4,16.62
2026-03-27T16:30:00Z,2026-03-27 16:30,2026-03-27 16:45,QH,94.79,96.05,92.64,96.22,90.7,13,95.14,104.6,-9.8
2026-03-27T16:45:00Z,2026-03-27 16:45,2026-03-27 17:00,QH,105.12,108.82,104.54,104.97,72.3,25,107.27,116.21,-11.09
2026-03-27T17:00:00Z,2026-03-27 17:00,2026-03-27 17:15,QH,93.06,93.93,92.33,92.32,62.2,12,94.81,107.29,-14.23
2026-03-27T17:15:00Z,2026-03-27 17:15,2026-03-27 17:30,QH,122.33,125.13,115.27,119.75,100.9,18,121.07,97.54,24.79
2026-03-27T17:30:00Z,2026-03-27 17:30,2026-03-27 17:45,QH,105.66,107.96,95.93,104.79,59.0,22,105.73,101.5,4.16
2026-03-27T17:45:00Z,2026-03-27 17:45,2026-03-27 18:00,QH,101.85,104.51,100.0,103.91,73.6,16,103.68,107.84,-5.99
2026-03-27T18:00:00Z,2026-03-27 18:00,2026-03-27 18:15,QH,124.04,132.29,118.36,125.92,102.3,33,119.21,106.86,17.17
2026-03-27T18:15:00Z,2026-03-27 18:15,2026-03-27 18:30,QH,112.5,112.76,107.19,111.06,137.7,29,110.74,107.49,5.01
2026-03-27T18:30:00Z,2026-03-27 18:30,2026-03-27 18:45,QH,94.26,104.59,88.37,92.27,85.3,14,93.65,105.39,-11.12
2026-03-27T18:45:00Z,2026-03-27 18:45,2026-03-27 19:00,QH,111.74,115.13,107.62,109.28,80.8,10,113.15,110.77,0.98
2026-03-27T19:00:00Z,2026-03-27 19:00,2026-03-27 19:15,QH,85.49,86.78,84.88,88.33,78.7,39,86.46,100.52,-15.03
2026-03-27T19:15:00Z,2026-03-27 19:15,2026-03-27 19:30,QH,104.25,107.34,101.43,105.11,110.9,22,104.93,104.38,-0.13
2026-03-27T19:30:00Z,2026-03-27 19:30,2026-03-27 19:45,QH,98.8,99.44,90.41,93.97,108.9,44,96.7,95.77,3.04
2026-03-27T19:45:00Z,2026-03-27 19:45,2026-03-27 20:00,QH,104.18,104.38,100.15,109.93,127.8,28,102.27,104.15,0.03
2026-03-27T20:00:00Z,2026-03-27 20:00,2026-03-27 20:15,QH,71.05,71.52,65.6,67.79,64.8,9,66.09,67.05,4.01
2026-03-27T20:15:00Z,2026-03-27 20:15,2026-03-27 20:30,QH,54.78,57.6,53.14,52.46,31.8,4,53.95,62.88,-8.1
2026-03-27T20:30:00Z,2026-03-27 20:30,2026-03-27 20:45,QH,59.22,63.78,55.78,61.04,119.4,51,57.75,78.13,-18.91
2026-03-27T20:45:00Z,2026-03-27 20:45,2026-03-27 21:00,QH,68.65,70.43,64.68,69.39,131.3,33,69.69,68.26,0.39
2026-03-27T21:00:00Z,2026-03-27 21:00,2026-03-27 21:15,QH,81.12,81.69,75.85,83.48,87.5,33,83.23,66.09,15.02
2026-03-27T21:15:00Z,2026-03-27 21:15,2026-03-27 21:30,QH,62.27,68.72,59.55,62.83,67.4,19,59.16,54.24,8.02
2026-03-27T21:30:00Z,2026-03-27 21:30,2026-03-27 21:45,QH,75.99,78.99,74.66,75.73,98.7,31,74.28,62.48,13.51
2026-03-27T21:45:00Z,2026-03-27 21:45,2026-03-27 22:00,QH,70.89,73.49,69.69,71.09,111.1,21,72.22,72.17,-1.28
2026-03-27T22:00:00Z,2026-03-27 22:00,2026-03-27 22:15,QH,75.17,78.35,71.5,75.39,48.6,7,75.14,65.42,9.75
2026-03-27T22:15:00Z,2026-03-27 22:15,2026-03-27 22:30,QH,41.7,43.33,39.09,42.92,95.4,17,40.33,52.72,-11.02
2026-03-27T22:30:00Z,2026-03-27 22:30,2026-03-27 22:45,QH,72.22,74.07,69.24,75.83,63.8,10,70.62,67.11,5.12
2026-03-27T22:45:00Z,2026-03-27 22:45,2026-03-27 23:00,QH,72.41,75.13,71.34,71.9,74.6,11,70.84,66.28,6.14
2026-03-27T23:00:00Z,2026-03-27 23:00,2026-03-27 23:15,QH,84.77,89.99,83.6,83.48,72.6,14,85.75,75.94,8.83
2026-03-27T23:15:00Z,2026-03-27 23:15,2026-03-27 23:30,QH,70.34,72.47,67.8,70.38,112.7,39,65.48,67.16,3.18
2026-03-27T23:30:00Z,2026-03-27 23:30,2026-03-27 23:45,QH,69.21,76.09,63.36,67.86,79.4,13,69.4,64.38,4.83
2026-03-27T23:45:00Z,2026-03-27 23:45,2026-03-28 00:00,QH,56.04,59.74,53.92,52.95,147.8,43,57.73,70.09,-14.05
2026-03-28T00:00:00Z,2026-03-28 00:00,2026-03-28 00:15,QH,50.05,51.56,48.05,44.2,92.0,12,53.07,46.42,3.63
2026-03-28T00:15:00Z,2026-03-28 00:15,2026-03-28 00:30,QH,61.26,63.68,56.08,61.55,50.0,7,63.67,53.13,8.13
2026-03-28T00:30:00Z,2026-03-28 00:30,2026-03-28 00:45,QH,45.72,49.67,45.07,43.79,52.9,8,44.34,42.99,2.73
2026-03-28T00:45:00Z,2026-03-28 00:45,2026-03-28 01:00,QH,-27.2,-23.78,-27.48,-31.77,86.5,22,-27.67,38.91,-66.11
2026-03-28T01:00:00Z,2026-03-28 01:00,2026-03-28 01:15,QH,35.66,46.51,35.28,35.2,68.5,8,36.45,50.05,-14.39
2026-03-28T01:15:00Z,2026-03-28 01:15,2026-03-28 01:30,QH,40.06,40.07,36.33,41.92,94.4,18,40.0,44.39,-4.33
2026-03-28T01:30:00Z,2026-03-28 01:30,2026-03-28 01:45,QH,49.17,55.19,42.31,54.97,56.2,16,49.02,46.78,2.39
2026-03-28T01:45:00Z,2026-03-28 01:45,2026-03-28 02:00,QH,42.21,50.06,37.04,42.52,45.0,16,44.59,36.13,6.08
2026-03-28T02:00:00Z,2026-03-28 02:00,2026-03-28 02:15,QH,45.84,52.68,44.83,43.52,85.4,13,47.64,49.06,-3.22
2026-03-28T02:15:00Z,2026-03-28 02:15,2026-03-28 02:30,QH,32.35,36.17,23.77,32.49,55.7,8,29.31,43.29,-10.94
2026-03-28T02:30:00Z,2026-03-28 02:30,2026-03-28 02:45,QH,65.7,69.65,56.33,63.56,81.3,22,66.12,51.92,13.78
2026-03-28T02:45:00Z,2026-03-28 02:45,2026-03-28 03:00,QH,59.94,65.45,52.78,58.22,107.4,15,58.98,40.62,19.32
2026-03-28T03:00:00Z,2026-03-28 03:00,2026-03-28 03:15,QH,69.25,73.35,60.75,69.94,82.6,19,71.49,45.7,23.55
2026-03-28T03:15:00Z,2026-03-28 03:15,2026-03-28 03:30,QH,79.67,82.81,71.77,75.17,118.9,39,80.25,53.49,26.18
2026-03-28T03:30:00Z,2026-03-28 03:30,2026-03-28 03:45,QH,52.67,57.9,51.55,49.83,46.5,7,56.17,35.66,17.01
2026-03-28T03:45:00Z,2026-03-28 03:45,2026-03-28 04:00,QH,66.09,68.68,65.94,67.57,102.8,31,68.92,40.4,25.69
2026-03-28T04:00:00Z,2026-03-28 04:00,2026-03-28 04:15,QH,33.51,36.21,31.92,35.85,76.8,17,32.24,43.51,-10.0
2026-03-28T04:15:00Z,2026-03-28 04:15,2026-03-28 04:30,QH,64.96,66.53,64.15,65.56,124.5,18,62.79,44.43,20.53
2026-03-28T04:30:00Z,2026-03-28 04:30,2026-03-28 04:45,QH,49.65,53.3,46.46,47.93,63.7,13,48.67,42.82,6.83
2026-03-28T04:45:00Z,2026-03-28 04:45,2026-03-28 05:00,QH,101.16,103.68,96.78,101.28,39.3,11,102.76,46.96,54.21
2026-03-28T05:00:00Z,2026-03-28 05:00,2026-03-28 05:15,QH,37.54,39.96,33.11,41.27,133.1,18,39.99,38.0,-0.46
2026-03-28T05:15:00Z,2026-03-28 05:15,2026-03-28 05:30,QH,47.51,51.1,43.37,42.82,115.0,56,46.04,48.32,-0.8
2026-03-28T05:30:00Z,2026-03-28 05:30,2026-03-28 05:45,QH,99.76,107.23,95.52,100.15,98.0,20,98.17,42.39,57.37
2026-03-28T05:45:00Z,2026-03-28 05:45,2026-03-28 06:00,QH,17.15,22.62,15.26,21.15,54.5,8,17.56,41.08,-23.93
2026-03-28T06:00:00Z,2026-03-28 06:00,2026-03-28 06:15,QH,40.41,41.01,40.08,40.25,156.3,26,40.36,48.08,-7.66
2026-03-28T06:15:00Z,2026-03-28 06:15,2026-03-28 06:30,QH,52.55,56.68,50.37,55.3,30.9,9,53.5,47.56,4.99
2026-03-28T06:30:00Z,2026-03-28 06:30,2026-03-28 06:45,QH,46.12,54.93,43.27,46.73,45.2,7,45.36,36.93,9.19
2026-03-28T06:45:00Z,2026-03-28 06:45,2026-03-28 07:00,QH,33.15,33.9,27.52,31.73,39.3,5,33.72,52.02,-18.88
2026-03-28T07:00:00Z,2026-03-28 07:00,2026-03-28 07:15,QH,112.39,115.14,101.29,103.54,71.2,10,107.96,76.49,35.91
2026-03-28T07:15:00Z,2026-03-28 07:15,2026-03-28 07:30,QH,78.89,84.66,71.5,76.56,134.3,24,79.43,81.56,-2.67
2026-03-28T07:30:00Z,2026-03-28 07:30,2026-03-28 07:45,QH,83.32,83.72,77.53,81.06,49.5,6,84.26,80.06,3.26
2026-03-28T07:45:00Z,2026-03-28 07:45,2026-03-28 08:00,QH,82.23,93.97,69.75,80.3,30.8,13,82.24,78.87,3.36
2026-03-28T08:00:00Z,2026-03-28 08:00,2026-03-28 08:15,QH,75.47,79.65,71.42,77.61,10,3,72.77,72.14,3.33
2026-03-28T08:15:00Z,2026-03-28 08:15,2026-03-28 08:30,QH,96.48,104.11,93.8,90.25,52.9,14,94.79,79.36,17.12
2026-03-28T08:30:00Z,2026-03-28 08:30,2026-03-28 08:45,QH,22.92,25.5,18.56,22.87,56.9,9,20.83,82.08,-59.16
2026-03-28T08:45:00Z,2026-03-28 08:45,2026-03-28 09:00,QH,73.14,78.05,71.41,76.96,63.1,14,73.06,88.14,-15.0
2026-03-28T09:00:00Z,2026-03-28 09:00,2026-03-28 09:15,QH,101.38,112.21,94.64,102.27,48.9,12,99.01,78.73,22.65
2026-03-28T09:15:00Z,2026-03-28 09:15,2026-03-28 09:30,QH,221.35,223.28,220.15,223.71,30.7,4,220.02,86.88,134.47
2026-03-28T09:30:00Z,2026-03-28 09:30,2026-03-28 09:45,QH,97.21,103.21,93.23,93.48,118.5,15,98.98,87.71,9.5
2026-03-28T09:45:00Z,2026-03-28 09:45,2026-03-28 10:00,QH,73.2,74.88,67.75,73.97,60.9,16,73.32,73.3,-0.11
2026-03-28T10:00:00Z,2026-03-28 10:00,2026-03-28 10:15,QH,108.59,109.29,107.33,110.74,150.7,20,108.0,87.94,20.65
2026-03-28T10:15:00Z,2026-03-28 10:15,2026-03-28 10:30,QH,95.19,99.53,94.54,90.09,120.0,56,98.3,89.6,5.59
2026-03-28T10:30:00Z,2026-03-28 10:30,2026-03-28 10:45,QH,79.79,87.94,72.46,74.8,92.3,17,81.03,93.67,-13.89
2026-03-28T10:45:00Z,2026-03-28 10:45,2026-03-28 11:00,QH,59.7,60.58,54.36,63.2,63.1,23,59.41,86.83,-27.12
2026-03-28T11:00:00Z,2026-03-28 11:00,2026-03-28 11:15,QH,102.38,107.84,100.68,105.0,52.9,8,103.55,82.27,20.11
2026-03-28T11:15:00Z,2026-03-28 11:15,2026-03-28 11:30,QH,95.05,98.0,93.61,92.77,84.8,11,96.0,96.13,-1.07
2026-03-28T11:30:00Z,2026-03-28 11:30,2026-03-28 11:45,QH,76.21,81.75,75.93,80.23,126.4,42,77.39,87.47,-11.26
2026-03-28T11:45:00Z,2026-03-28 11:45,2026-03-28 12:00,QH,93.67,96.92,85.97,90.87,10,3,94.98,81.8,11.87
2026-03-28T12:00:00Z,2026-03-28 12:00,2026-03-28 12:15,QH,83.4,87.54,72.99,83.22,63.3,9,84.62,86.81,-3.41
2026-03-28T12:15:00Z,2026-03-28 12:15,2026-03-28 12:30,QH,89.97,90.45,89.22,94.93,103.6,24,87.8,88.36,1.61
2026-03-28T12:30:00Z,2026-03-28 12:30,2026-03-28 12:45,QH,100.12,106.94,91.16,103.2,42.2,5,96.97,83.44,16.68
2026-03-28T12:45:00Z,2026-03-28 12:45,2026-03-28 13:00,QH,91.0,91.61,90.1,85.85,68.9,21,92.9,90.71,0.28
2026-03-28T13:00:00Z,2026-03-28 13:00,2026-03-28 13:15,QH,96.44,97.12,95.3,97.49,129.5,50,97.35,86.15,10.29
2026-03-28T13:15:00Z,2026-03-28 13:15,2026-03-28 13:30,QH,107.9,112.04,105.91,109.5,97.8,20,107.58,90.2,17.69
2026-03-28T13:30:00Z,2026-03-28 13:30,2026-03-28 13:45,QH,78.39,83.09,77.64,75.47,73.8,17,80.58,82.26,-3.87
2026-03-28T13:45:00Z,2026-03-28 13:45,2026-03-28 14:00,QH,88.69,96.69,78.93,87.95,69.5,30,86.24,86.04,2.65
2026-03-28T14:00:00Z,2026-03-28 14:00,2026-03-28 14:15,QH,91.02,96.8,89.13,91.97,71.9,12,86.45,80.84,10.18
2026-03-28T14:15:00Z,2026-03-28 14:15,2026-03-28 14:30,QH,72.53,84.48,69.31,76.73,17.2,3,72.47,84.4,-11.87
2026-03-28T14:30:00Z,2026-03-28 14:30,2026-03-28 14:45,QH,80.06,83.64,75.44,81.03,102.2,21,78.65,85.65,-5.59
2026-03-28T14:45:00Z,2026-03-28 14:45,2026-03-28 15:00,QH,87.95,88.45,83.04,90.23,82.4,13,88.1,89.62,-1.67
2026-03-28T15:00:00Z,2026-03-28 15:00,2026-03-28 15:15,QH,84.44,86.4,80.74,85.68,68.6,18,84.08,86.36,-1.92
2026-03-28T15:15:00Z,2026-03-28 15:15,2026-03-28 15:30,QH,92.12,102.67,78.65,91.06,76.3,15,95.06,86.85,5.27
2026-03-28T15:30:00Z,2026-03-28 15:30,2026-03-28 15:45,QH,75.56,79.72,74.68,74.53,81.9,14,78.37,87.41,-11.85
2026-03-28T15:45:00Z,2026-03-28 15:45,2026-03-28 16:00,QH,81.51,87.89,81.39,83.8,66.0,8,83.04,88.57,-7.06
2026-03-28T16:00:00Z,2026-03-28 16:00,2026-03-28 16:15,QH,108.45,108.45,98.9,111.13,121.1,24,106.8,84.05,24.39
2026-03-28T16:15:00Z,2026-03-28 16:15,2026-03-28 16:30,QH,83.8,85.07,80.59,83.64,50.1,7,84.23,86.17,-2.37
2026-03-28T16:30:00Z,2026-03-28 16:30,2026-03-28 16:45,QH,90.17,90.51,88.89,85.96,76.5,36,93.5,101.24,-11.07
2026-03-28T16:45:00Z,2026-03-28 16:45,2026-03-28 17:00,QH,68.69,70.01,59.6,72.77,104.6,30,70.66,81.74,-13.05
2026-03-28T17:00:00Z,2026-03-28 17:00,2026-03-28 17:15,QH,88.9,89.25,86.13,87.14,110.7,23,88.83,90.58,-1.68
2026-03-28T17:15:00Z,2026-03-28 17:15,2026-03-28 17:30,QH,109.83,110.35,109.07,107.52,66.7,19,109.61,80.09,29.74
2026-03-28T17:30:00Z,2026-03-28 17:30,2026-03-28 17:45,QH,164.09,168.35,160.36,166.76,111.6,27,163.38,80.86,83.22
2026-03-28T17:45:00Z,2026-03-28 17:45,2026-03-28 18:00,QH,87.95,95.1,84.75,87.39,107.2,26,90.83,81.77,6.19
2026-03-28T18:00:00Z,2026-03-28 18:00,2026-03-28 18:15,QH,79.22,86.37,76.04,80.34,77.7,33,77.48,80.93,-1.72
2026-03-28T18:15:00Z,2026-03-28 18:15,2026-03-28 18:30,QH,60.44,66.93,56.74,63.86,56.0,8,63.3,75.78,-15.33
2026-03-28T18:30:00Z,2026-03-28 18:30,2026-03-28 18:45,QH,78.13,78.97,78.04,81.43,48.5,6,76.06,78.3,-0.16
2026-03-28T18:45:00Z,2026-03-28 18:45,2026-03-28 19:00,QH,65.44,72.9,57.01,62.97,25.9,5,64.89,78.38,-12.93
2026-03-28T19:00:00Z,2026-03-28 19:00,2026-03-28 19:15,QH,68.03,74.58,67.01,72.8,60.4,8,71.93,78.32,-10.3
2026-03-28T19:15:00Z,2026-03-28 19:15,2026-03-28 19:30,QH,68.15,71.28,65.25,65.2,84.1,12,66.96,84.9,-16.75
2026-03-28T19:30:00Z,2026-03-28 19:30,2026-03-28 19:45,QH,85.92,92.49,81.06,88.88,101.5,14,84.25,74.3,11.62
2026-03-28T19:45:00Z,2026-03-28 19:45,2026-03-28 20:00,QH,73.62,74.62,72.3,71.73,56.6,8,74.99,81.99,-8.37
2026-03-28T20:00:00Z,2026-03-28 20:00,2026-03-28 20:15,QH,44.65,44.86,41.35,44.08,96.8,21,46.07,49.25,-4.6
2026-03-28T20:15:00Z,2026-03-28 20:15,2026-03-28 20:30,QH,46.04,48.62,44.74,46.23,106.8,22,46.78,41.75,4.29
2026-03-28T20:30:00Z,2026-03-28 20:30,2026-03-28 20:45,QH,50.41,53.27,42.01,52.37,130.2,25,50.46,44.48,5.93
2026-03-28T20:45:00Z,2026-03-28 20:45,2026-03-28 21:00,QH,52.33,55.44,49.32,53.72,32.5,5,53.93,45.16,7.17
2026-03-28T21:00:00Z,2026-03-28 21:00,2026-03-28 21:15,QH,42.51,42.84,41.11,40.54,57.9,14,38.53,34.27,8.24
2026-03-28T21:15:00Z,2026-03-28 21:15,2026-03-28 21:30,QH,35.44,39.03,34.75,37.2,136.6,60,31.24,40.72,-5.28
2026-03-28T21:30:00Z,2026-03-28 21:30,2026-03-28 21:45,QH,32.24,35.17,27.86,28.87,127.6,37,29.6,42.63,-10.4
2026-03-28T21:45:00Z,2026-03-28 21:45,2026-03-28 22:00,QH,65.3,73.89,64.68,64.63,127.0,22,64.89,55.86,9.44
2026-03-28T22:00:00Z,2026-03-28 22:00,2026-03-28 22:15,QH,58.66,62.01,54.72,59.74,40.6,9,59.53,46.69,11.97
2026-03-28T22:15:00Z,2026-03-28 22:15,2026-03-28 22:30,QH,41.58,45.44,39.84,38.96,73.4,14,43.12,38.73,2.84
2026-03-28T22:30:00Z,2026-03-28 22:30,2026-03-28 22:45,QH,53.57,60.77,46.04,53.25,85.3,16,57.14,42.46,11.11
2026-03-28T22:45:00Z,2026-03-28 22:45,2026-03-28 23:00,QH,49.55,55.64,47.29,45.79,102.2,15,51.82,38.65,10.9
2026-03-28T23:00:00Z,2026-03-28 23:00,2026-03-28 23:15,QH,47.54,47.63,43.02,49.93,76.8,31,44.66,47.04,0.5
2026-03-28T23:15:00Z,2026-03-28 23:15,2026-03-28 23:30,QH,18.46,23.33,16.67,14.25,63.1,13,19.1,49.06,-30.6
2026-03-28T23:30:00Z,2026-03-28 23:30,2026-03-28 23:45,QH,36.64,39.82,32.25,34.86,87.2,13,34.19,41.12,-4.47
2026-03-28T23:45:00Z,2026-03-28 23:45,2026-03-29 00:00,QH,40.57,50.55,34.79,40.24,98.0,13,39.37,42.25,-1.68
2026-03-29T00:00:00Z,2026-03-29 00:00,2026-03-29 00:15,QH,112.65,118.05,111.28,115.46,40.5,5,116.2,30.82,81.83
2026-03-29T00:15:00Z,2026-03-29 00:15,2026-03-29 00:30,QH,21.02,22.81,13.64,22.65,77.4,14,22.14,30.01,-8.99
2026-03-29T00:30:00Z,2026-03-29 00:30,2026-03-29 00:45,QH,4.89,13.9,0.38,9.76,75.0,9,5.56,17.82,-12.93
2026-03-29T00:45:00Z,2026-03-29 00:45,2026-03-29 01:00,QH,26.64,28.37,19.12,25.79,24.5,10,24.8,30.48,-3.84
2026-03-29T01:00:00Z,2026-03-29 01:00,2026-03-29 01:15,QH,45.12,54.53,37.9,46.12,101.1,49,45.28,26.93,18.2
2026-03-29T01:15:00Z,2026-03-29 01:15,2026-03-29 01:30,QH,32.17,38.03,32.06,26.16,98.1,31,35.73,34.81,-2.64
2026-03-29T01:30:00Z,2026-03-29 01:30,2026-03-29 01:45,QH,13.84,27.08,8.04,19.78,77.1,16,11.36,32.26,-18.42
2026-03-29T01:45:00Z,2026-03-29 01:45,2026-03-29 02:00,QH,21.62,25.91,21.35,23.21,65.9,16,21.27,28.95,-7.33
2026-03-29T02:00:00Z,2026-03-29 02:00,2026-03-29 02:15,QH,23.81,23.98,23.76,23.61,133.0,41,23.36,23.76,0.05
2026-03-29T02:15:00Z,2026-03-29 02:15,2026-03-29 02:30,QH,45.8,46.2,38.77,44.76,61.6,9,48.48,25.67,20.13
2026-03-29T02:30:00Z,2026-03-29 02:30,2026-03-29 02:45,QH,26.3,30.72,25.59,30.34,69.3,9,27.62,34.9,-8.6
2026-03-29T02:45:00Z,2026-03-29 02:45,2026-03-29 03:00,QH,44.36,46.34,38.63,37.77,69.0,18,48.12,27.48,16.89
2026-03-29T03:00:00Z,2026-03-29 03:00,2026-03-29 03:15,QH,48.45,51.93,48.39,49.17,76.7,28,51.04,35.33,13.12
2026-03-29T03:15:00Z,2026-03-29 03:15,2026-03-29 03:30,QH,48.18,48.68,41.98,48.06,134.5,17,47.34,25.08,23.11
2026-03-29T03:30:00Z,2026-03-29 03:30,2026-03-29 03:45,QH,25.96,35.49,25.12,23.29,98.9,38,23.96,31.01,-5.05
2026-03-29T03:45:00Z,2026-03-29 03:45,2026-03-29 04:00,QH,17.01,17.38,16.95,15.77,144.3,36,13.33,26.5,-9.49
2026-03-29T04:00:00Z,2026-03-29 04:00,2026-03-29 04:15,QH,16.87,19.81,10.05,23.95,113.9,30,18.41,29.44,-12.58
2026-03-29T04:15:00Z,2026-03-29 04:15,2026-03-29 04:30,QH,37.76,40.24,37.61,34.22,160.6,32,38.27,32.4,5.36
2026-03-29T04:30:00Z,2026-03-29 04:30,2026-03-29 04:45,QH,28.64,29.15,26.3,29.7,88.9,40,30.09,27.58,1.06
2026-03-29T04:45:00Z,2026-03-29 04:45,2026-03-29 05:00,QH,14.38,16.79,12.93,16.48,67.0,21,11.44,25.6,-11.22
2026-03-29T05:00:00Z,2026-03-29 05:00,2026-03-29 05:15,QH,30.3,35.88,25.52,35.67,76.5,27,32.15,18.69,11.61
2026-03-29T05:15:00Z,2026-03-29 05:15,2026-03-29 05:30,QH,23.67,31.43,23.36,23.49,97.5,12,24.8,23.45,0.21
2026-03-29T05:30:00Z,2026-03-29 05:30,2026-03-29 05:45,QH,31.02,34.55,29.15,31.9,52.1,7,29.25,24.17,6.84
2026-03-29T05:45:00Z,2026-03-29 05:45,2026-03-29 06:00,QH,41.13,45.89,34.3,42.24,118.8,21,41.07,28.29,12.84
2026-03-29T06:00:00Z,2026-03-29 06:00,2026-03-29 06:15,QH,8.95,12.21,7.63,6.47,125.8,19,7.82,24.57,-15.61
2026-03-29T06:15:00Z,2026-03-29 06:15,2026-03-29 06:30,QH,24.66,26.82,15.25,23.14,37.6,15,23.34,27.15,-2.49
2026-03-29T06:30:00Z,2026-03-29 06:30,2026-03-29 06:45,QH,33.53,34.52,28.91,39.83,72.5,10,34.82,33.57,-0.04
2026-03-29T06:45:00Z,2026-03-29 06:45,2026-03-29 07:00,QH,41.77,46.34,31.17,39.85,108.3,13,41.13,15.95,25.82
2026-03-29T07:00:00Z,2026-03-29 07:00,2026-03-29 07:15,QH,73.88,74.62,71.45,72.75,107.6,29,75.69,65.25,8.63
2026-03-29T07:15:00Z,2026-03-29 07:15,2026-03-29 07:30,QH,44.15,49.92,42.2,47.23,75.5,20,45.52,66.29,-22.14
2026-03-29T07:30:00Z,2026-03-29 07:30,2026-03-29 07:45,QH,79.2,79.3,71.41,83.13,183.8,26,78.0,64.87,14.33
2026-03-29T07:45:00Z,2026-03-29 07:45,2026-03-29 08:00,QH,62.7,63.39,62.02,65.31,68.2,14,63.23,63.35,-0.65
2026-03-29T08:00:00Z,2026-03-29 08:00,2026-03-29 08:15,QH,62.37,64.8,54.6,63.23,50.2,9,61.63,64.12,-1.74
2026-03-29T08:15:00Z,2026-03-29 08:15,2026-03-29 08:30,QH,84.99,88.16,83.02,84.55,25.5,5,82.72,62.06,22.93
2026-03-29T08:30:00Z,2026-03-29 08:30,2026-03-29 08:45,QH,59.33,59.43,57.35,54.8,100.0,27,57.51,67.17,-7.84
2026-03-29T08:45:00Z,2026-03-29 08:45,2026-03-29 09:00,QH,75.93,87.55,74.95,71.38,96.4,15,78.66,60.52,15.42
2026-03-29T09:00:00Z,2026-03-29 09:00,2026-03-29 09:15,QH,64.58,64.61,62.88,66.87,61.4,16,66.83,68.77,-4.19
2026-03-29T09:15:00Z,2026-03-29 09:15,2026-03-29 09:30,QH,57.35,66.3,53.75,57.32,99.6,22,55.93,76.03,-18.69
2026-03-29T09:30:00Z,2026-03-29 09:30,2026-03-29 09:45,QH,69.12,70.89,68.59,74.42,59.1,8,68.13,67.39,1.73
2026-03-29T09:45:00Z,2026-03-29 09:45,2026-03-29 10:00,QH,131.04,138.3,126.74,132.79,92.7,12,131.66,63.38,67.66
2026-03-29T10:00:00Z,2026-03-29 10:00,2026-03-29 10:15,QH,88.65,91.95,76.49,90.24,114.1,24,88.01,70.5,18.15
2026-03-29T10:15:00Z,2026-03-29 10:15,2026-03-29 10:30,QH,76.05,80.45,75.05,77.74,77.6,34,76.83,64.27,11.79
2026-03-29T10:30:00Z,2026-03-29 10:30,2026-03-29 10:45,QH,69.49,76.18,63.57,69.96,109.0,20,70.14,69.01,0.48
2026-03-29T10:45:00Z,2026-03-29 10:45,2026-03-29 11:00,QH,62.71,65.68,62.46,61.84,90.0,12,62.92,75.28,-12.57
2026-03-29T11:00:00Z,2026-03-29 11:00,2026-03-29 11:15,QH,71.67,76.18,63.26,71.58,122.8,24,72.64,79.34,-7.67
2026-03-29T11:15:00Z,2026-03-29 11:15,2026-03-29 11:30,QH,56.99,57.21,55.74,55.86,118.5,16,61.27,63.15,-6.15
2026-03-29T11:30:00Z,2026-03-29 11:30,2026-03-29 11:45,QH,64.31,68.17,61.06,67.7,111.6,31,65.32,74.96,-10.65
2026-03-29T11:45:00Z,2026-03-29 11:45,2026-03-29 12:00,QH,56.42,56.5,56.14,56.17,101.3,12,55.92,72.03,-15.61
2026-03-29T12:00:00Z,2026-03-29 12:00,2026-03-29 12:15,QH,76.15,80.01,67.38,75.43,30.7,7,76.43,85.22,-9.08
2026-03-29T12:15:00Z,2026-03-29 12:15,2026-03-29 12:30,QH,65.33,65.93,61.01,67.31,99.9,18,65.69,75.4,-10.07
2026-03-29T12:30:00Z,2026-03-29 12:30,2026-03-29 12:45,QH,75.26,79.29,74.12,75.65,105.7,20,75.86,77.73,-2.47
2026-03-29T12:45:00Z,2026-03-29 12:45,2026-03-29 13:00,QH,48.27,51.98,46.1,52.7,95.1,26,48.96,74.2,-25.93
2026-03-29T13:00:00Z,2026-03-29 13:00,2026-03-29 13:15,QH,57.76,57.8,52.99,56.62,107.5,45,56.18,64.58,-6.82
2026-03-29T13:15:00Z,2026-03-29 13:15,2026-03-29 13:30,QH,61.74,64.15,50.8,57.95,65.9,13,60.19,66.06,-4.32
2026-03-29T13:30:00Z,2026-03-29 13:30,2026-03-29 13:45,QH,82.7,88.76,80.65,85.03,92.6,17,87.69,77.27,5.43
2026-03-29T13:45:00Z,2026-03-29 13:45,2026-03-29 14:00,QH,66.6,67.21,64.55,64.64,132.1,31,64.55,80.61,-14.02
2026-03-29T14:00:00Z,2026-03-29 14:00,2026-03-29 14:15,QH,91.61,93.22,85.53,97.37,69.3,27,89.77,68.44,23.17
2026-03-29T14:15:00Z,2026-03-29 14:15,2026-03-29 14:30,QH,73.23,78.55,68.79,74.64,49.6,20,73.42,66.49,6.74
2026-03-29T14:30:00Z,2026-03-29 14:30,2026-03-29 14:45,QH,52.57,58.93,46.76,48.17,116.6,15,52.38,67.18,-14.61
2026-03-29T14:45:00Z,2026-03-29 14:45,2026-03-29 15:00,QH,79.5,83.4,76.32,81.87,52.9,12,81.3,68.76,10.74
2026-03-29T15:00:00Z,2026-03-29 15:00,2026-03-29 15:15,QH,69.27,75.44,68.35,75.05,57.6,10,71.53,68.78,0.49
2026-03-29T15:15:00Z,2026-03-29 15:15,2026-03-29 15:30,QH,64.26,73.44,55.76,60.85,47.4,8,59.84,72.63,-8.37
2026-03-29T15:30:00Z,2026-03-29 15:30,2026-03-29 15:45,QH,72.9,78.78,67.71,69.57,64.8,10,69.57,72.84,0.06
2026-03-29T15:45:00Z,2026-03-29 15:45,2026-03-29 16:00,QH,79.11,79.56,77.62,76.7,162.3,25,76.87,72.91,6.2
2026-03-29T16:00:00Z,2026-03-29 16:00,2026-03-29 16:15,QH,65.0,67.88,61.11,60.99,21.6,3,61.98,57.52,7.48
2026-03-29T16:15:00Z,2026-03-29 16:15,2026-03-29 16:30,QH,57.01,61.9,51.33,60.8,79.7,10,60.88,65.44,-8.42
2026-03-29T16:30:00Z,2026-03-29 16:30,2026-03-29 16:45,QH,59.55,63.73,56.1,61.24,29.5,5,54.65,58.17,1.37
2026-03-29T16:45:00Z,2026-03-29 16:45,2026-03-29 17:00,QH,85.03,88.76,84.14,83.47,47.6,16,87.56,74.24,10.8
2026-03-29T17:00:00Z,2026-03-29 17:00,2026-03-29 17:15,QH,51.09,56.99,51.03,49.99,77.2,26,48.48,64.67,-13.59
2026-03-29T17:15:00Z,2026-03-29 17:15,2026-03-29 17:30,QH,40.07,43.61,28.36,41.89,55.4,13,43.55,75.41,-35.34
2026-03-29T17:30:00Z,2026-03-29 17:30,2026-03-29 17:45,QH,83.14,86.7,82.02,84.49,81.8,11,81.33,67.73,15.4
2026-03-29T17:45:00Z,2026-03-29 17:45,2026-03-29 18:00,QH,53.85,55.22,51.85,53.03,42.6,7,52.59,68.85,-15.0
2026-03-29T18:00:00Z,2026-03-29 18:00,2026-03-29 18:15,QH,41.49,43.12,35.61,41.52,92.1,13,40.84,68.94,-27.45
2026-03-29T18:15:00Z,2026-03-29 18:15,2026-03-29 18:30,QH,46.07,52.32,43.22,48.54,110.2,15,43.73,64.83,-18.76
2026-03-29T18:30:00Z,2026-03-29 18:30,2026-03-29 18:45,QH,69.63,75.76,63.03,75.28,96.8,14,70.91,70.02,-0.39
2026-03-29T18:45:00Z,2026-03-29 18:45,2026-03-29 19:00,QH,52.71,54.32,50.35,53.1,31.6,4,57.02,60.39,-7.67
2026-03-29T19:00:00Z,2026-03-29 19:00,2026-03-29 19:15,QH,72.25,79.6,70.57,71.36,112.0,55,70.78,59.24,13.0
2026-03-29T19:15:00Z,2026-03-29 19:15,2026-03-29 19:30,QH,28.06,29.98,25.56,30.89,108.2,18,27.64,56.83,-28.77
2026-03-29T19:30:00Z,2026-03-29 19:30,2026-03-29 19:45,QH,78.72,79.46,77.99,79.82,66.5,9,76.15,64.89,13.83
2026-03-29T19:45:00Z,2026-03-29 19:45,2026-03-29 20:00,QH,56.85,62.68,56.27,58.23,129.0,17,58.08,60.69,-3.84
2026-03-29T20:00:00Z,2026-03-29 20:00,2026-03-29 20:15,QH,25.19,25.96,19.29,22.35,83.8,20,25.89,29.31,-4.12
2026-03-29T20:15:00Z,2026-03-29 20:15,2026-03-29 20:30,QH,45.2,45.28,44.78,45.69,99.7,27,44.67,33.85,11.35
2026-03-29T20:30:00Z,2026-03-29 20:30,2026-03-29 20:45,QH,-2.11,1.93,-2.45,-4.71,68.2,13,-4.91,36.45,-38.56
2026-03-29T20:45:00Z,2026-03-29 20:45,2026-03-29 21:00,QH,35.3,37.47,31.65,35.31,91.0,28,35.22,30.47,4.83
2026-03-29T21:00:00Z,2026-03-29 21:00,2026-03-29 21:15,QH,-0.08,3.99,-0.99,0.71,107.1,15,3.64,24.49,-24.57
2026-03-29T21:15:00Z,2026-03-29 21:15,2026-03-29 21:30,QH,26.85,27.48,24.88,28.37,84.4,12,25.88,26.67,0.18
2026-03-29T21:30:00Z,2026-03-29 21:30,2026-03-29 21:45,QH,33.5,39.48,32.75,34.53,60.9,15,33.88,34.99,-1.49
2026-03-29T21:45:00Z,2026-03-29 21:45,2026-03-29 22:00,QH,38.87,38.87,34.44,38.49,145.3,21,40.69,21.92,16.96
2026-03-29T22:00:00Z,2026-03-29 22:00,2026-03-29 22:15,QH,0.4,3.08,-2.59,-1.34,100.2,21,1.93,23.63,-23.23
2026-03-29T22:15:00Z,2026-03-29 22:15,2026-03-29 22:30,QH,22.04,24.06,16.87,18.3,110.1,43,21.5,28.35,-6.31
2026-03-29T22:30:00Z,2026-03-29 22:30,2026-03-29 22:45,QH,20.95,27.39,19.4,20.55,165.5,20,22.78,20.07,0.88
2026-03-29T22:45:00Z,2026-03-29 22:45,2026-03-29 23:00,QH,24.3,25.06,18.92,23.2,98.2,18,21.65,28.29,-3.99
2026-03-29T23:00:00Z,2026-03-29 23:00,2026-03-29 23:15,QH,25.17,28.65,24.98,23.61,79.3,36,28.73,22.36,2.82
2026-03-29T23:15:00Z,2026-03-29 23:15,2026-03-29 23:30,QH,24.17,29.92,23.13,18.39,72.5,20,22.01,27.16,-2.99
2026-03-29T23:30:00Z,2026-03-29 23:30,2026-03-29 23:45,QH,41.37,46.98,36.95,46.17,74.3,12,41.37,26.86,14.51
2026-03-29T23:45:00Z,2026-03-29 23:45,2026-03-30 00:00,QH,34.67,45.65,25.38,32.26,79.5,11,33.85,26.71,7.95
2026-03-30T00:00:00Z,2026-03-30 00:00,2026-03-30 00:15,QH,51.99,52.33,40.12,60.4,80.4,20,51.75,61.42,-9.42
2026-03-30T00:15:00Z,2026-03-30 00:15,2026-03-30 00:30,QH,62.21,65.25,61.78,63.04,98.7,23,59.5,66.01,-3.8
2026-03-30T00:30:00Z,2026-03-30 00:30,2026-03-30 00:45,QH,43.21,48.17,35.84,45.46,56.8,8,41.65,69.69,-26.48
2026-03-30T00:45:00Z,2026-03-30 00:45,2026-03-30 01:00,QH,79.86,92.6,77.38,79.62,123.0,37,80.92,66.67,13.19
2026-03-30T01:00:00Z,2026-03-30 01:00,2026-03-30 01:15,QH,66.87,71.78,57.8,73.32,115.3,30,69.69,55.75,11.13
2026-03-30T01:15:00Z,2026-03-30 01:15,2026-03-30 01:30,QH,52.1,59.36,50.96,50.77,73.1,26,56.34,63.71,-11.61
2026-03-30T01:30:00Z,2026-03-30 01:30,2026-03-30 01:45,QH,53.51,53.68,48.53,54.01,95.5,19,49.13,68.8,-15.3
2026-03-30T01:45:00Z,2026-03-30 01:45,2026-03-30 02:00,QH,62.74,62.77,61.18,61.07,90.5,16,64.93,66.72,-3.97
2026-03-30T02:00:00Z,2026-03-30 02:00,2026-03-30 02:15,QH,70.4,71.6,62.05,74.63,100.1,25,66.9,58.16,12.24
2026-03-30T02:15:00Z,2026-03-30 02:15,2026-03-30 02:30,QH,55.76,60.59,53.6,53.38,48.2,9,57.25,59.05,-3.29
2026-03-30T02:30:00Z,2026-03-30 02:30,2026-03-30 02:45,QH,45.27,46.13,44.52,49.91,54.1,8,43.64,60.1,-14.83
2026-03-30T02:45:00Z,2026-03-30 02:45,2026-03-30 03:00,QH,59.08,59.78,53.34,60.08,35.5,13,58.16,56.7,2.38
2026-03-30T03:00:00Z,2026-03-30 03:00,2026-03-30 03:15,QH,71.01,76.02,65.81,74.1,68.8,12,67.63,72.69,-1.68
2026-03-30T03:15:00Z,2026-03-30 03:15,2026-03-30 03:30,QH,47.74,55.18,46.0,49.38,131.8,37,46.57,62.4,-14.66
2026-03-30T03:30:00Z,2026-03-30 03:30,2026-03-30 03:45,QH,64.69,69.91,58.23,68.35,24.9,4,67.41,55.6,9.09
2026-03-30T03:45:00Z,2026-03-30 03:45,2026-03-30 04:00,QH,66.75,70.8,65.42,64.93,98.8,13,67.87,59.94,6.81
2026-03-30T04:00:00Z,2026-03-30 04:00,2026-03-30 04:15,QH,62.79,71.3,58.02,62.7,60.5,25,61.49,74.98,-12.19
2026-03-30T04:15:00Z,2026-03-30 04:15,2026-03-30 04:30,QH,50.08,51.98,41.08,47.09,114.3,22,49.57,62.31,-12.22
2026-03-30T04:30:00Z,2026-03-30 04:30,2026-03-30 04:45,QH,72.4,77.22,71.52,75.97,74.3,20,73.8,57.11,15.29
2026-03-30T04:45:00Z,2026-03-30 04:45,2026-03-30 05:00,QH,42.61,47.42,39.77,45.7,107.1,25,44.72,63.6,-20.98
2026-03-30T05:00:00Z,2026-03-30 05:00,2026-03-30 05:15,QH,39.28,42.04,34.6,38.89,80.6,34,37.79,60.57,-21.29
2026-03-30T05:15:00Z,2026-03-30 05:15,2026-03-30 05:30,QH,117.63,126.01,113.78,120.3,70.9,10,119.73,60.4,57.23
2026-03-30T05:30:00Z,2026-03-30 05:30,2026-03-30 05:45,QH,43.14,43.92,38.6,43.37,49.5,24,43.31,69.53,-26.39
2026-03-30T05:45:00Z,2026-03-30 05:45,2026-03-30 06:00,QH,68.46,68.88,66.02,65.34,70.6,13,66.1,48.54,19.92
2026-03-30T06:00:00Z,2026-03-30 06:00,2026-03-30 06:15,QH,45.25,46.26,40.5,48.0,100.9,14,45.25,60.81,-15.56
2026-03-30T06:15:00Z,2026-03-30 06:15,2026-03-30 06:30,QH,78.67,82.46,76.57,77.5,96.3,28,79.91,57.9,20.77
2026-03-30T06:30:00Z,2026-03-30 06:30,2026-03-30 06:45,QH,61.16,66.26,58.36,62.9,37.9,8,62.03,70.28,-9.12
2026-03-30T06:45:00Z,2026-03-30 06:45,2026-03-30 07:00,QH,62.51,66.79,54.91,64.85,119.9,30,58.63,60.2,2.31
2026-03-30T07:00:00Z,2026-03-30 07:00,2026-03-30 07:15,QH,78.67,81.46,77.31,78.46,80.7,10,82.01,92.62,-13.96
2026-03-30T07:15:00Z,2026-03-30 07:15,2026-03-30 07:30,QH,92.1,95.57,91.21,91.11,104.2,29,92.26,103.25,-11.15
2026-03-30T07:30:00Z,2026-03-30 07:30,2026-03-30 07:45,QH,90.0,93.55,89.43,83.22,70.6,15,88.81,98.99,-8.98
2026-03-30T07:45:00Z,2026-03-30 07:45,2026-03-30 08:00,QH,105.11,105.86,102.73,108.31,120.5,15,102.93,98.92,6.19
2026-03-30T08:00:00Z,2026-03-30 08:00,2026-03-30 08:15,QH,103.46,108.3,91.27,101.99,93.8,21,103.58,99.31,4.15
2026-03-30T08:15:00Z,2026-03-30 08:15,2026-03-30 08:30,QH,89.35,90.72,84.81,90.75,134.0,38,88.63,100.38,-11.03
2026-03-30T08:30:00Z,2026-03-30 08:30,2026-03-30 08:45,QH,102.99,106.41,101.0,102.8,70.7,11,106.04,97.61,5.38
2026-03-30T08:45:00Z,2026-03-30 08:45,2026-03-30 09:00,QH,98.19,114.35,96.56,100.38,97.9,21,100.53,100.12,-1.93
2026-03-30T09:00:00Z,2026-03-30 09:00,2026-03-30 09:15,QH,106.24,108.25,98.94,106.68,119.1,21,103.37,96.54,9.7
2026-03-30T09:15:00Z,2026-03-30 09:15,2026-03-30 09:30,QH,97.28,101.41,92.67,96.4,47.7,9,98.26,104.48,-7.2
2026-03-30T09:30:00Z,2026-03-30 09:30,2026-03-30 09:45,QH,94.61,97.09,91.41,103.64,65.9,8,94.2,106.53,-11.91
2026-03-30T09:45:00Z,2026-03-30 09:45,2026-03-30 10:00,QH,108.62,114.48,106.14,110.17,83.1,18,108.83,102.72,5.9
2026-03-30T10:00:00Z,2026-03-30 10:00,2026-03-30 10:15,QH,100.2,107.26,95.36,101.48,116.0,28,98.26,111.87,-11.67
2026-03-30T10:15:00Z,2026-03-30 10:15,2026-03-30 10:30,QH,106.5,110.24,99.68,109.29,25.9,3,110.38,104.26,2.24
2026-03-30T10:30:00Z,2026-03-30 10:30,2026-03-30 10:45,QH,116.89,124.97,108.98,114.12,74.5,13,117.77,99.73,17.16
2026-03-30T10:45:00Z,2026-03-30 10:45,2026-03-30 11:00,QH,101.66,102.46,93.64,101.91,78.5,14,98.75,98.97,2.69
2026-03-30T11:00:00Z,2026-03-30 11:00,2026-03-30 11:15,QH,115.56,116.46,114.65,115.0,66.3,14,110.14,105.84,9.72
2026-03-30T11:15:00Z,2026-03-30 11:15,2026-03-30 11:30,QH,102.19,111.48,97.56,102.07,101.1,35,102.74,105.3,-3.1
2026-03-30T11:30:00Z,2026-03-30 11:30,2026-03-30 11:45,QH,123.2,124.04,119.89,122.25,108.6,40,123.14,105.59,17.6
2026-03-30T11:45:00Z,2026-03-30 11:45,2026-03-30 12:00,QH,106.58,106.76,105.24,108.29,90.9,11,107.87,98.45,8.13
2026-03-30T12:00:00Z,2026-03-30 12:00,2026-03-30 12:15,QH,109.66,110.44,105.87,111.76,101.4,13,110.17,112.47,-2.81
2026-03-30T12:15:00Z,2026-03-30 12:15,2026-03-30 12:30,QH,83.18,89.52,80.38,76.79,57.0,10,81.4,109.89,-26.7
2026-03-30T12:30:00Z,2026-03-30 12:30,2026-03-30 12:45,QH,93.56,97.84,85.97,93.13,118.3,23,93.48,115.47,-21.91
2026-03-30T12:45:00Z,2026-03-30 12:45,2026-03-30 13:00,QH,106.42,110.48,99.3,108.19,46.4,9,105.46,114.38,-7.97
2026-03-30T13:00:00Z,2026-03-30 13:00,2026-03-30 13:15,QH,114.96,118.24,106.55,116.05,120.4,50,116.22,106.67,8.29
2026-03-30T13:15:00Z,2026-03-30 13:15,2026-03-30 13:30,QH,108.86,113.89,101.93,110.79,58.4,24,107.73,102.78,6.09
2026-03-30T13:30:00Z,2026-03-30 13:30,2026-03-30 13:45,QH,93.85,97.42,92.12,95.57,62.4,11,95.63,105.04,-11.19
2026-03-30T13:45:00Z,2026-03-30 13:45,2026-03-30 14:00,QH,88.08,89.34,83.34,87.23,99.2,12,86.28,106.71,-18.63
2026-03-30T14:00:00Z,2026-03-30 14:00,2026-03-30 14:15,QH,79.36,89.97,77.91,75.8,47.0,9,80.98,110.03,-30.67
2026-03-30T14:15:00Z,2026-03-30 14:15,2026-03-30 14:30,QH,109.81,110.47,97.94,109.58,132.4,58,113.36,121.48,-11.67
2026-03-30T14:30:00Z,2026-03-30 14:30,2026-03-30 14:45,QH,93.29,95.25,90.7,93.71,79.2,11,93.54,109.33,-16.04
2026-03-30T14:45:00Z,2026-03-30 14:45,2026-03-30 15:00,QH,97.28,99.26,86.55,94.16,96.2,12,99.22,111.19,-13.91
2026-03-30T15:00:00Z,2026-03-30 15:00,2026-03-30 15:15,QH,107.49,114.66,103.77,111.21,62.9,22,103.57,109.91,-2.42
2026-03-30T15:15:00Z,2026-03-30 15:15,2026-03-30 15:30,QH,102.05,103.61,100.38,98.92,106.0,13,101.39,112.53,-10.48
2026-03-30T15:30:00Z,2026-03-30 15:30,2026-03-30 15:45,QH,169.28,175.29,157.85,167.66,120.5,15,169.4,103.64,65.64
2026-03-30T15:45:00Z,2026-03-30 15:45,2026-03-30 16:00,QH,113.24,120.53,110.98,112.21,118.9,16,112.72,109.73,3.51
2026-03-30T16:00:00Z,2026-03-30 16:00,2026-03-30 16:15,QH,92.74,95.92,87.0,96.4,125.9,18,90.8,105.65,-12.91
2026-03-30T16:15:00Z,2026-03-30 16:15,2026-03-30 16:30,QH,117.02,125.08,116.93,118.59,94.8,13,118.04,102.38,14.65
2026-03-30T16:30:00Z,2026-03-30 16:30,2026-03-30 16:45,QH,110.5,118.07,109.07,110.82,54.7,7,109.49,101.94,8.56
2026-03-30T16:45:00Z,2026-03-30 16:45,2026-03-30 17:00,QH,118.94,124.2,112.76,120.53,71.5,18,121.33,108.06,10.88
2026-03-30T17:00:00Z,2026-03-30 17:00,2026-03-30 17:15,QH,110.22,113.87,100.61,111.09,90.2,12,110.41,99.89,10.33
2026-03-30T17:15:00Z,2026-03-30 17:15,2026-03-30 17:30,QH,107.02,109.83,97.63,106.65,58.1,10,110.81,115.62,-8.6
2026-03-30T17:30:00Z,2026-03-30 17:30,2026-03-30 17:45,QH,92.21,93.59,88.92,97.04,107.3,27,90.19,105.74,-13.53
2026-03-30T17:45:00Z,2026-03-30 17:45,2026-03-30 18:00,QH,97.51,98.08,88.67,100.93,94.9,14,95.4,106.58,-9.07
2026-03-30T18:00:00Z,2026-03-30 18:00,2026-03-30 18:15,QH,74.88,76.46,74.69,75.94,92.2,12,75.65,97.69,-22.8
2026-03-30T18:15:00Z,2026-03-30 18:15,2026-03-30 18:30,QH,94.99,98.8,90.64,96.91,122.0,20,95.28,98.88,-3.89
2026-03-30T18:30:00Z,2026-03-30 18:30,2026-03-30 18:45,QH,93.27,93.57,92.38,89.18,87.9,26,97.77,100.99,-7.72
2026-03-30T18:45:00Z,2026-03-30 18:45,2026-03-30 19:00,QH,103.17,116.19,102.05,102.06,95.1,22,102.18,104.44,-1.26
2026-03-30T19:00:00Z,2026-03-30 19:00,2026-03-30 19:15,QH,96.31,100.56,95.5,95.56,116.3,33,97.16,94.1,2.21
2026-03-30T19:15:00Z,2026-03-30 19:15,2026-03-30 19:30,QH,128.53,140.83,126.68,125.69,40.8,7,130.41,94.05,34.47
2026-03-30T19:30:00Z,2026-03-30 19:30,2026-03-30 19:45,QH,80.81,86.98,76.61,79.34,87.2,19,83.08,95.8,-14.99
2026-03-30T19:45:00Z,2026-03-30 19:45,2026-03-30 20:00,QH,70.48,72.26,59.34,74.59,22.7,6,71.58,89.25,-18.77
2026-03-30T20:00:00Z,2026-03-30 20:00,2026-03-30 20:15,QH,71.36,78.01,60.86,69.77,79.0,28,70.02,59.43,11.93
2026-03-30T20:15:00Z,2026-03-30 20:15,2026-03-30 20:30,QH,47.06,47.2,44.98,45.83,10,3,45.87,66.44,-19.38
2026-03-30T20:30:00Z,2026-03-30 20:30,2026-03-30 20:45,QH,53.02,55.59,51.91,53.0,104.8,13,52.07,57.42,-4.4
2026-03-30T20:45:00Z,2026-03-30 20:45,2026-03-30 21:00,QH,62.37,74.45,61.83,61.28,52.0,10,60.52,56.55,5.82
2026-03-30T21:00:00Z,2026-03-30 21:00,2026-03-30 21:15,QH,52.62,56.4,45.54,50.48,53.8,11,54.21,59.62,-6.99
2026-03-30T21:15:00Z,2026-03-30 21:15,2026-03-30 21:30,QH,78.39,79.58,75.41,71.58,44.7,8,77.31,68.61,9.78
2026-03-30T21:30:00Z,2026-03-30 21:30,2026-03-30 21:45,QH,76.32,79.04,71.32,79.68,118.4,44,77.23,52.78,23.54
2026-03-30T21:45:00Z,2026-03-30 21:45,2026-03-30 22:00,QH,26.34,31.71,21.68,25.58,61.8,14,26.72,57.23,-30.89
2026-03-30T22:00:00Z,2026-03-30 22:00,2026-03-30 22:15,QH,45.44,50.43,45.42,45.54,131.5,27,48.2,68.66,-23.22
2026-03-30T22:15:00Z,2026-03-30 22:15,2026-03-30 22:30,QH,50.18,60.0,42.38,49.69,144.9,30,50.86,66.95,-16.77
2026-03-30T22:30:00Z,2026-03-30 22:30,2026-03-30 22:45,QH,45.06,47.96,40.2,48.9,35.9,7,48.33,68.39,-23.33
2026-03-30T22:45:00Z,2026-03-30 22:45,2026-03-30 23:00,QH,53.15,56.92,51.58,54.29,26.3,7,52.11,56.72,-3.57
2026-03-30T23:00:00Z,2026-03-30 23:00,2026-03-30 23:15,QH,69.95,72.76,62.24,68.67,53.6,16,67.45,58.68,11.27
2026-03-30T23:15:00Z,2026-03-30 23:15,2026-03-30 23:30,QH,53.66,56.81,43.54,54.41,114.5,49,53.71,58.92,-5.26
2026-03-30T23:30:00Z,2026-03-30 23:30,2026-03-30 23:45,QH,46.03,48.08,40.85,50.67,48.5,14,44.49,68.79,-22.77
2026-03-30T23:45:00Z,2026-03-30 23:45,2026-03-31 00:00,QH,43.5,43.88,40.55,49.34,84.6,12,44.59,59.54,-16.04
2026-03-31T00:00:00Z,2026-03-31 00:00,2026-03-31 00:15,QH,54.89,59.35,53.54,50.2,90.8,21,56.53,52.32,2.57
2026-03-31T00:15:00Z,2026-03-31 00:15,2026-03-31 00:30,QH,68.42,71.15,61.85,69.99,129.6,32,66.29,48.21,20.21
2026-03-31T00:30:00Z,2026-03-31 00:30,2026-03-31 00:45,QH,52.85,54.47,50.47,50.01,58.7,11,54.56,48.18,4.67
2026-03-31T00:45:00Z,2026-03-31 00:45,2026-03-31 01:00,QH,43.41,45.14,40.98,47.1,91.9,18,44.62,60.29,-16.87
2026-03-31T01:00:00Z,2026-03-31 01:00,2026-03-31 01:15,QH,87.7,92.65,86.89,88.29,78.5,11,88.59,50.06,37.64
2026-03-31T01:15:00Z,2026-03-31 01:15,2026-03-31 01:30,QH,58.64,62.13,57.42,57.93,64.4,25,58.43,52.24,6.39
2026-03-31T01:30:00Z,2026-03-31 01:30,2026-03-31 01:45,QH,61.97,65.93,58.28,59.94,107.0,24,60.5,60.52,1.45
2026-03-31T01:45:00Z,2026-03-31 01:45,2026-03-31 02:00,QH,36.05,43.14,29.06,39.23,60.5,10,37.64,59.2,-23.14
2026-03-31T02:00:00Z,2026-03-31 02:00,2026-03-31 02:15,QH,33.33,44.36,32.79,37.33,112.7,48,34.64,53.5,-20.17
2026-03-31T02:15:00Z,2026-03-31 02:15,2026-03-31 02:30,QH,45.11,45.68,42.91,43.94,91.1,13,46.61,59.08,-13.97
2026-03-31T02:30:00Z,2026-03-31 02:30,2026-03-31 02:45,QH,47.4,57.04,42.51,47.37,102.5,18,45.4,49.9,-2.5
2026-03-31T02:45:00Z,2026-03-31 02:45,2026-03-31 03:00,QH,79.29,80.47,74.3,80.36,41.0,7,80.61,49.13,30.17
2026-03-31T03:00:00Z,2026-03-31 03:00,2026-03-31 03:15,QH,58.5,60.18,53.57,56.36,48.5,11,53.79,54.47,4.02
2026-03-31T03:15:00Z,2026-03-31 03:15,2026-03-31 03:30,QH,38.84,38.84,30.17,39.67,145.9,47,36.69,56.89,-18.05
2026-03-31T03:30:00Z,2026-03-31 03:30,2026-03-31 03:45,QH,49.52,60.15,49.49,50.17,44.8,12,47.07,52.42,-2.9
2026-03-31T03:45:00Z,2026-03-31 03:45,2026-03-31 04:00,QH,53.52,55.39,52.09,54.58,89.0,13,53.37,63.22,-9.7
2026-03-31T04:00:00Z,2026-03-31 04:00,2026-03-31 04:15,QH,55.74,60.43,51.17,51.68,113.5,18,51.36,51.41,4.32
2026-03-31T04:15:00Z,2026-03-31 04:15,2026-03-31 04:30,QH,59.98,60.4,59.98,60.52,18.4,3,60.18,52.89,7.09
2026-03-31T04:30:00Z,2026-03-31 04:30,2026-03-31 04:45,QH,51.54,52.33,44.05,50.31,75.2,26,50.31,50.73,0.81
2026-03-31T04:45:00Z,2026-03-31 04:45,2026-03-31 05:00,QH,35.98,39.78,35.38,34.4,77.3,28,39.4,57.78,-21.8
2026-03-31T05:00:00Z,2026-03-31 05:00,2026-03-31 05:15,QH,44.15,52.03,42.39,42.14,96.4,26,44.61,48.07,-3.92
2026-03-31T05:15:00Z,2026-03-31 05:15,2026-03-31 05:30,QH,63.85,67.9,60.92,61.17,41.7,5,64.55,54.7,9.15
2026-03-31T05:30:00Z,2026-03-31 05:30,2026-03-31 05:45,QH,41.31,41.38,30.1,47.45,135.2,61,40.37,50.37,-9.06
2026-03-31T05:45:00Z,2026-03-31 05:45,2026-03-31 06:00,QH,43.42,48.16,40.47,45.08,66.5,20,44.35,44.57,-1.15
2026-03-31T06:00:00Z,2026-03-31 06:00,2026-03-31 06:15,QH,55.22,56.78,54.94,54.09,71.9,13,55.27,53.59,1.63
2026-03-31T06:15:00Z,2026-03-31 06:15,2026-03-31 06:30,QH,50.21,55.69,46.23,47.74,83.2,34,51.01,50.09,0.12
2026-03-31T06:30:00Z,2026-03-31 06:30,2026-03-31 06:45,QH,66.56,66.95,65.75,66.3,78.5,10,69.56,54.74,11.82
2026-03-31T06:45:00Z,2026-03-31 06:45,2026-03-31 07:00,QH,57.48,58.6,54.55,56.13,84.3,13,55.44,44.28,13.19
2026-03-31T07:00:00Z,2026-03-31 07:00,2026-03-31 07:15,QH,79.29,83.36,76.27,80.54,114.0,21,78.98,94.55,-15.26
2026-03-31T07:15:00Z,2026-03-31 07:15,2026-03-31 07:30,QH,89.73,92.59,87.17,84.84,78.7,12,92.81,90.0,-0.28
2026-03-31T07:30:00Z,2026-03-31 07:30,2026-03-31 07:45,QH,82.42,83.5,77.86,80.95,69.0,8,86.03,93.88,-11.47
2026-03-31T07:45:00Z,2026-03-31 07:45,2026-03-31 08:00,QH,94.18,95.73,91.0,93.28,43.7,10,93.28,91.5,2.67
2026-03-31T08:00:00Z,2026-03-31 08:00,2026-03-31 08:15,QH,92.39,94.69,85.79,88.41,81.8,11,91.13,84.31,8.07
2026-03-31T08:15:00Z,2026-03-31 08:15,2026-03-31 08:30,QH,95.11,96.93,94.1,99.06,123.8,24,95.75,98.92,-3.8
2026-03-31T08:30:00Z,2026-03-31 08:30,2026-03-31 08:45,QH,102.2,104.07,98.34,99.36,53.1,8,104.77,84.37,17.83
2026-03-31T08:45:00Z,2026-03-31 08:45,2026-03-31 09:00,QH,115.61,124.47,107.82,116.75,57.8,19,114.82,97.08,18.52
2026-03-31T09:00:00Z,2026-03-31 09:00,2026-03-31 09:15,QH,161.12,165.7,153.45,168.67,102.6,48,159.02,94.11,67.01
2026-03-31T09:15:00Z,2026-03-31 09:15,2026-03-31 09:30,QH,100.38,107.98,95.88,96.98,113.9,55,102.16,85.2,15.19
2026-03-31T09:30:00Z,2026-03-31 09:30,2026-03-31 09:45,QH,121.62,131.84,119.03,121.02,93.8,14,119.42,91.49,30.13
2026-03-31T09:45:00Z,2026-03-31 09:45,2026-03-31 10:00,QH,231.94,232.12,229.26,235.15,84.4,24,230.71,89.38,142.57
2026-03-31T10:00:00Z,2026-03-31 10:00,2026-03-31 10:15,QH,88.87,92.12,73.65,86.43,66.5,19,86.11,103.95,-15.07
2026-03-31T10:15:00Z,2026-03-31 10:15,2026-03-31 10:30,QH,73.11,75.93,71.58,66.69,76.4,26,78.04,88.85,-15.75
2026-03-31T10:30:00Z,2026-03-31 10:30,2026-03-31 10:45,QH,128.56,137.17,127.0,124.72,46.1,7,128.75,100.21,28.35
2026-03-31T10:45:00Z,2026-03-31 10:45,2026-03-31 11:00,QH,105.66,108.73,92.38,108.89,116.3,25,107.64,90.71,14.95
2026-03-31T11:00:00Z,2026-03-31 11:00,2026-03-31 11:15,QH,97.12,103.69,97.09,97.35,105.2,18,96.98,95.34,1.77
2026-03-31T11:15:00Z,2026-03-31 11:15,2026-03-31 11:30,QH,111.41,121.69,109.83,113.58,139.8,57,108.01,98.83,12.58
2026-03-31T11:30:00Z,2026-03-31 11:30,2026-03-31 11:45,QH,92.88,102.43,89.64,87.49,54.0,10,92.13,101.48,-8.6
2026-03-31T11:45:00Z,2026-03-31 11:45,2026-03-31 12:00,QH,116.85,125.08,106.32,115.95,101.6,12,119.74,97.89,18.96
2026-03-31T12:00:00Z,2026-03-31 12:00,2026-03-31 12:15,QH,104.07,112.07,103.8,109.65,144.1,46,104.67,96.67,7.4
2026-03-31T12:15:00Z,2026-03-31 12:15,2026-03-31 12:30,QH,88.78,96.56,88.74,92.16,51.7,7,92.49,90.5,-1.73
2026-03-31T12:30:00Z,2026-03-31 12:30,2026-03-31 12:45,QH,109.04,112.52,108.92,116.33,66.2,9,108.21,103.29,5.75
2026-03-31T12:45:00Z,2026-03-31 12:45,2026-03-31 13:00,QH,96.68,100.37,90.61,103.65,78.4,14,95.74,101.13,-4.45
2026-03-31T13:00:00Z,2026-03-31 13:00,2026-03-31 13:15,QH,75.05,82.82,73.65,72.05,75.9,13,74.05,93.99,-18.94
2026-03-31T13:15:00Z,2026-03-31 13:15,2026-03-31 13:30,QH,104.4,108.56,103.74,103.3,106.7,25,103.34,100.06,4.34
2026-03-31T13:30:00Z,2026-03-31 13:30,2026-03-31 13:45,QH,95.13,98.29,91.03,94.76,108.8,15,95.46,99.58,-4.45
2026-03-31T13:45:00Z,2026-03-31 13:45,2026-03-31 14:00,QH,76.73,83.1,73.75,76.97,26.5,8,79.27,94.82,-18.09
2026-03-31T14:00:00Z,2026-03-31 14:00,2026-03-31 14:15,QH,77.04,80.5,71.56,78.58,96.2,22,79.53,95.39,-18.35
2026-03-31T14:15:00Z,2026-03-31 14:15,2026-03-31 14:30,QH,112.09,117.44,105.01,116.91,98.1,14,109.02,104.62,7.47
2026-03-31T14:30:00Z,2026-03-31 14:30,2026-03-31 14:45,QH,112.1,123.92,105.83,117.38,117.9,56,108.98,101.44,10.66
2026-03-31T14:45:00Z,2026-03-31 14:45,2026-03-31 15:00,QH,95.77,99.23,93.65,90.25,117.1,18,94.33,95.71,0.06
2026-03-31T15:00:00Z,2026-03-31 15:00,2026-03-31 15:15,QH,94.43,97.98,88.31,95.21,111.1,16,94.47,105.09,-10.66
2026-03-31T15:15:00Z,2026-03-31 15:15,2026-03-31 15:30,QH,85.43,89.33,83.63,84.37,128.3,22,86.42,96.34,-10.91
2026-03-31T15:30:00Z,2026-03-31 15:30,2026-03-31 15:45,QH,80.94,84.58,78.57,84.6,120.0,53,82.54,99.42,-18.48
2026-03-31T15:45:00Z,2026-03-31 15:45,2026-03-31 16:00,QH,229.31,230.09,226.71,228.55,51.5,6,231.23,98.77,130.54
2026-03-31T16:00:00Z,2026-03-31 16:00,2026-03-31 16:15,QH,95.71,96.84,94.81,98.07,76.7,13,98.94,98.91,-3.2
2026-03-31T16:15:00Z,2026-03-31 16:15,2026-03-31 16:30,QH,85.05,90.71,71.81,89.69,94.8,20,86.98,95.53,-10.48
2026-03-31T16:30:00Z,2026-03-31 16:30,2026-03-31 16:45,QH,81.89,82.69,75.73,82.13,115.2,31,84.19,90.86,-8.97
2026-03-31T16:45:00Z,2026-03-31 16:45,2026-03-31 17:00,QH,97.59,97.82,91.41,96.24,101.6,13,95.74,97.11,0.48
2026-03-31T17:00:00Z,2026-03-31 17:00,2026-03-31 17:15,QH,95.98,101.42,90.81,98.01,42.9,6,96.23,90.79,5.2
2026-03-31T17:15:00Z,2026-03-31 17:15,2026-03-31 17:30,QH,95.38,98.56,91.32,95.79,78.1,14,90.03,98.06,-2.69
2026-03-31T17:30:00Z,2026-03-31 17:30,2026-03-31 17:45,QH,91.37,93.85,83.58,87.88,136.7,51,92.89,84.89,6.48
2026-03-31T17:45:00Z,2026-03-31 17:45,2026-03-31 18:00,QH,90.62,96.96,87.21,94.13,137.4,24,89.22,89.15,1.48
2026-03-31T18:00:00Z,2026-03-31 18:00,2026-03-31 18:15,QH,96.07,100.14,86.11,94.87,107.7,30,96.11,84.34,11.72
2026-03-31T18:15:00Z,2026-03-31 18:15,2026-03-31 18:30,QH,107.47,112.69,104.84,108.76,81.3,10,105.46,84.76,22.71
2026-03-31T18:30:00Z,2026-03-31 18:30,2026-03-31 18:45,QH,81.94,85.15,81.46,78.73,104.5,24,82.88,102.81,-20.87
2026-03-31T18:45:00Z,2026-03-31 18:45,2026-03-31 19:00,QH,83.13,86.72,81.93,81.28,45.8,20,86.11,91.02,-7.89
2026-03-31T19:00:00Z,2026-03-31 19:00,2026-03-31 19:15,QH,73.7,78.3,68.66,75.8,110.6,29,69.25,83.56,-9.86
2026-03-31T19:15:00Z,2026-03-31 19:15,2026-03-31 19:30,QH,89.94,91.17,85.07,85.81,79.2,11,88.08,90.19,-0.25
2026-03-31T19:30:00Z,2026-03-31 19:30,2026-03-31 19:45,QH,84.17,93.15,76.39,84.92,111.1,23,80.91,95.7,-11.53
2026-03-31T19:45:00Z,2026-03-31 19:45,2026-03-31 20:00,QH,97.78,100.72,88.36,103.33,81.5,25,97.64,81.13,16.65
2026-03-31T20:00:00Z,2026-03-31 20:00,2026-03-31 20:15,QH,41.62,48.56,38.21,46.33,35.7,10,38.23,45.87,-4.25
2026-03-31T20:15:00Z,2026-03-31 20:15,2026-03-31 20:30,QH,47.06,49.66,46.69,47.9,85.6,11,49.18,48.22,-1.16
2026-03-31T20:30:00Z,2026-03-31 20:30,2026-03-31 20:45,QH,60.78,72.12,56.08,64.27,101.0,34,61.32,53.28,7.5
2026-03-31T20:45:00Z,2026-03-31 20:45,2026-03-31 21:00,QH,42.27,58.88,40.49,39.33,67.0,10,40.44,54.1,-11.83
2026-03-31T21:00:00Z,2026-03-31 21:00,2026-03-31 21:15,QH,89.8,92.53,85.34,89.03,95.8,19,87.57,47.96,41.84
2026-03-31T21:15:00Z,2026-03-31 21:15,2026-03-31 21:30,QH,59.81,60.86,55.48,62.33,91.5,12,57.89,54.41,5.4
2026-03-31T21:30:00Z,2026-03-31 21:30,2026-03-31 21:45,QH,48.39,54.44,42.89,52.23,129.7,41,47.08,46.09,2.29
2026-03-31T21:45:00Z,2026-03-31 21:45,2026-03-31 22:00,QH,54.37,55.3,52.24,55.03,75.3,22,55.87,55.64,-1.27
2026-03-31T22:00:00Z,2026-03-31 22:00,2026-03-31 22:15,QH,73.75,77.65,68.64,71.38,62.9,15,73.0,59.95,13.8
2026-03-31T22:15:00Z,2026-03-31 22:15,2026-03-31 22:30,QH,75.6,84.25,70.71,73.48,81.0,15,74.56,53.22,22.38
2026-03-31T22:30:00Z,2026-03-31 22:30,2026-03-31 22:45,QH,59.81,66.81,52.96,58.44,70.4,14,64.23,46.65,13.16
2026-03-31T22:45:00Z,2026-03-31 22:45,2026-03-31 23:00,QH,71.65,76.16,64.2,73.24,86.6,11,68.77,56.09,15.56
2026-03-31T23:00:00Z,2026-03-31 23:00,2026-03-31 23:15,QH,50.43,52.54,48.33,52.02,69.2,26,51.49,49.73,0.7
2026-03-31T23:15:00Z,2026-03-31 23:15,2026-03-31 23:30,QH,60.71,63.06,55.64,55.95,88.0,12,64.39,61.11,-0.41
2026-03-31T23:30:00Z,2026-03-31 23:30,2026-03-31 23:45,QH,48.1,53.65,44.63,50.09,97.2,15,48.2,53.57,-5.46
2026-03-31T23:45:00Z,2026-03-31 23:45,2026-04-01 00:00,QH,46.84,59.23,44.91,46.82,45.7,6,46.78,55.68,-8.84
2026-04-01T00:00:00Z,2026-04-01 00:00,2026-04-01 00:15,QH,63.27,66.96,60.85,58.87,91.4,25,62.02,63.99,-0.71
2026-04-01T00:15:00Z,2026-04-01 00:15,2026-04-01 00:30,QH,58.45,58.62,47.72,62.16,74.1,13,62.29,55.93,2.52
2026-04-01T00:30:00Z,2026-04-01 00:30,2026-04-01 00:45,QH,43.32,45.78,40.33,43.56,113.8,25,43.56,39.48,3.84
2026-04-01T00:45:00Z,2026-04-01 00:45,2026-04-01 01:00,QH,53.68,56.95,52.85,52.22,55.3,16,55.68,57.29,-3.61
2026-04-01T01:00:00Z,2026-04-01 01:00,2026-04-01 01:15,QH,62.89,63.57,58.39,69.27,51.9,19,65.48,62.67,0.22
2026-04-01T01:15:00Z,2026-04-01 01:15,2026-04-01 01:30,QH,36.39,42.6,32.31,37.53,102.5,26,37.04,55.98,-19.58
2026-04-01T01:30:00Z,2026-04-01 01:30,2026-04-01 01:45,QH,63.0,65.44,61.66,61.12,125.0,16,62.8,54.31,8.68
2026-04-01T01:45:00Z,2026-04-01 01:45,2026-04-01 02:00,QH,60.62,61.66,54.8,56.88,84.3,15,60.67,55.88,4.74
2026-04-01T02:00:00Z,2026-04-01 02:00,2026-04-01 02:15,QH,68.7,75.02,68.17,72.56,34.8,10,69.71,58.18,10.52
2026-04-01T02:15:00Z,2026-04-01 02:15,2026-04-01 02:30,QH,63.63,71.7,52.82,64.64,64.7,14,65.18,52.91,10.72
2026-04-01T02:30:00Z,2026-04-01 02:30,2026-04-01 02:45,QH,46.99,47.65,38.73,51.09,123.8,42,43.25,58.61,-11.62
2026-04-01T02:45:00Z,2026-04-01 02:45,2026-04-01 03:00,QH,42.94,47.36,36.61,38.82,89.6,31,42.39,58.43,-15.49
2026-04-01T03:00:00Z,2026-04-01 03:00,2026-04-01 03:15,QH,58.24,60.36,57.91,60.51,89.3,20,57.31,52.55,5.69
2026-04-01T03:15:00Z,2026-04-01 03:15,2026-04-01 03:30,QH,70.57,73.72,66.76,68.75,112.2,40,74.16,63.92,6.65
2026-04-01T03:30:00Z,2026-04-01 03:30,2026-04-01 03:45,QH,53.72,56.13,48.04,55.29,126.7,19,55.6,56.86,-3.14
2026-04-01T03:45:00Z,2026-04-01 03:45,2026-04-01 04:00,QH,58.43,59.27,53.92,63.23,72.2,11,61.84,59.04,-0.61
2026-04-01T04:00:00Z,2026-04-01 04:00,2026-04-01 04:15,QH,82.84,89.11,80.09,86.98,37.3,7,82.73,53.78,29.06
2026-04-01T04:15:00Z,2026-04-01 04:15,2026-04-01 04:30,QH,64.83,66.74,57.57,65.67,121.3,16,67.62,57.65,7.18
2026-04-01T04:30:00Z,2026-04-01 04:30,2026-04-01 04:45,QH,44.73,47.54,44.32,47.26,115.8,17,40.68,56.44,-11.71
2026-04-01T04:45:00Z,2026-04-01 04:45,2026-04-01 05:00,QH,46.16,55.22,41.3,43.06,88.1,35,46.14,50.45,-4.29
2026-04-01T05:00:00Z,2026-04-01 05:00,2026-04-01 05:15,QH,59.02,63.07,50.53,62.25,90.5,19,58.82,59.66,-0.64
2026-04-01T05:15:00Z,2026-04-01 05:15,2026-04-01 05:30,QH,85.85,94.23,84.86,81.33,104.8,14,86.41,66.89,18.96
2026-04-01T05:30:00Z,2026-04-01 05:30,2026-04-01 05:45,QH,41.58,46.79,40.5,39.03,94.5,12,41.52,56.3,-14.72
2026-04-01T05:45:00Z,2026-04-01 05:45,2026-04-01 06:00,QH,55.45,60.74,53.91,55.48,127.8,28,52.66,55.97,-0.52
2026-04-01T06:00:00Z,2026-04-01 06:00,2026-04-01 06:15,QH,57.95,63.4,57.95,60.3,79.3,33,55.99,61.39,-3.44
2026-04-01T06:15:00Z,2026-04-01 06:15,2026-04-01 06:30,QH,42.95,47.86,39.01,47.26,87.2,21,39.6,57.38,-14.42
2026-04-01T06:30:00Z,2026-04-01 06:30,2026-04-01 06:45,QH,72.1,76.92,63.7,69.14,84.4,24,73.88,51.94,20.16
2026-04-01T06:45:00Z,2026-04-01 06:45,2026-04-01 07:00,QH,40.34,40.48,37.16,38.36,97.2,21,39.45,59.95,-19.61
2026-04-01T07:00:00Z,2026-04-01 07:00,2026-04-01 07:15,QH,75.12,81.38,74.24,72.48,74.5,17,80.5,95.02,-19.91
2026-04-01T07:15:00Z,2026-04-01 07:15,2026-04-01 07:30,QH,84.72,89.41,84.22,83.49,91.2,16,86.31,100.37,-15.65
2026-04-01T07:30:00Z,2026-04-01 07:30,2026-04-01 07:45,QH,76.28,77.62,68.28,71.72,85.6,38,74.33,94.39,-18.11
2026-04-01T07:45:00Z,2026-04-01 07:45,2026-04-01 08:00,QH,96.19,98.57,89.11,97.53,90.3,16,94.59,93.84,2.35
2026-04-01T08:00:00Z,2026-04-01 08:00,2026-04-01 08:15,QH,94.66,101.55,90.29,97.05,101.4,24,92.84,90.4,4.26
2026-04-01T08:15:00Z,2026-04-01 08:15,2026-04-01 08:30,QH,76.67,80.32,76.63,78.83,118.1,15,75.54,85.07,-8.4
2026-04-01T08:30:00Z,2026-04-01 08:30,2026-04-01 08:45,QH,116.51,122.34,113.98,120.51,95.6,13,119.44,99.7,16.81
2026-04-01T08:45:00Z,2026-04-01 08:45,2026-04-01 09:00,QH,111.46,115.8,110.36,107.81,74.2,9,113.69,96.54,14.92
2026-04-01T09:00:00Z,2026-04-01 09:00,2026-04-01 09:15,QH,93.66,94.45,93.29,94.13,92.4,11,94.07,97.52,-3.85
2026-04-01T09:15:00Z,2026-04-01 09:15,2026-04-01 09:30,QH,83.06,84.31,82.96,81.56,97.6,18,84.77,96.63,-13.57
2026-04-01T09:30:00Z,2026-04-01 09:30,2026-04-01 09:45,QH,91.47,106.22,85.59,87.5,79.9,15,92.62,100.74,-9.27
2026-04-01T09:45:00Z,2026-04-01 09:45,2026-04-01 10:00,QH,74.45,81.29,72.37,67.34,74.2,14,72.66,84.93,-10.48
2026-04-01T10:00:00Z,2026-04-01 10:00,2026-04-01 10:15,QH,105.39,117.11,100.66,107.76,110.4,28,106.91,98.57,6.82
2026-04-01T10:15:00Z,2026-04-01 10:15,2026-04-01 10:30,QH,108.55,109.82,102.75,112.73,147.1,57,110.41,105.93,2.63
2026-04-01T10:30:00Z,2026-04-01 10:30,2026-04-01 10:45,QH,95.47,96.94,84.49,94.7,104.5,36,97.62,99.04,-3.56
2026-04-01T10:45:00Z,2026-04-01 10:45,2026-04-01 11:00,QH,93.26,97.66,89.08,92.42,96.6,14,97.82,95.13,-1.86
2026-04-01T11:00:00Z,2026-04-01 11:00,2026-04-01 11:15,QH,116.95,117.58,110.55,114.51,89.6,12,112.62,98.54,18.41
2026-04-01T11:15:00Z,2026-04-01 11:15,2026-04-01 11:30,QH,109.32,110.34,108.25,108.41,63.0,15,108.15,93.65,15.67
2026-04-01T11:30:00Z,2026-04-01 11:30,2026-04-01 11:45,QH,194.74,195.06,190.98,188.64,105.4,34,196.01,98.18,96.56
2026-04-01T11:45:00Z,2026-04-01 11:45,2026-04-01 12:00,QH,88.96,90.93,86.45,92.53,39.1,11,90.35,97.98,-9.03
2026-04-01T12:00:00Z,2026-04-01 12:00,2026-04-01 12:15,QH,114.97,121.13,106.4,118.53,76.1,15,112.4,102.66,12.31
2026-04-01T12:15:00Z,2026-04-01 12:15,2026-04-01 12:30,QH,99.13,107.18,87.61,93.48,95.0,12,100.03,103.94,-4.81
2026-04-01T12:30:00Z,2026-04-01 12:30,2026-04-01 12:45,QH,95.47,96.6,90.85,91.93,81.6,18,94.95,107.6,-12.13
2026-04-01T12:45:00Z,2026-04-01 12:45,2026-04-01 13:00,QH,84.57,92.09,81.68,85.67,98.8,13,82.32,107.03,-22.46
2026-04-01T13:00:00Z,2026-04-01 13:00,2026-04-01 13:15,QH,87.74,89.39,82.66,87.4,102.5,18,83.24,102.48,-14.74
2026-04-01T13:15:00Z,2026-04-01 13:15,2026-04-01 13:30,QH,108.17,112.0,102.06,113.75,74.3,34,105.56,99.12,9.06
2026-04-01T13:30:00Z,2026-04-01 13:30,2026-04-01 13:45,QH,100.85,105.74,97.34,103.09,85.2,15,101.9,102.31,-1.46
2026-04-01T13:45:00Z,2026-04-01 13:45,2026-04-01 14:00,QH,112.02,118.65,112.01,114.16,96.7,16,111.81,100.97,11.05
2026-04-01T14:00:00Z,2026-04-01 14:00,2026-04-01 14:15,QH,121.51,124.26,119.23,122.74,111.5,28,119.09,104.94,16.57
2026-04-01T14:15:00Z,2026-04-01 14:15,2026-04-01 14:30,QH,111.52,116.57,106.45,115.12,53.2,11,113.29,94.28,17.24
2026-04-01T14:30:00Z,2026-04-01 14:30,2026-04-01 14:45,QH,112.48,115.53,103.37,108.05,69.0,14,112.0,97.72,14.76
2026-04-01T14:45:00Z,2026-04-01 14:45,2026-04-01 15:00,QH,98.35,100.76,97.45,105.0,79.1,17,96.65,105.42,-7.07
2026-04-01T15:00:00Z,2026-04-01 15:00,2026-04-01 15:15,QH,112.2,116.39,110.56,111.33,63.7,16,111.88,104.06,8.14
2026-04-01T15:15:00Z,2026-04-01 15:15,2026-04-01 15:30,QH,114.69,122.87,110.45,106.22,103.7,42,113.9,102.58,12.11
2026-04-01T15:30:00Z,2026-04-01 15:30,2026-04-01 15:45,QH,84.77,87.57,75.64,82.83,26.9,3,85.93,109.18,-24.41
2026-04-01T15:45:00Z,2026-04-01 15:45,2026-04-01 16:00,QH,97.52,98.57,94.48,98.06,112.8,26,100.0,101.41,-3.89
2026-04-01T16:00:00Z,2026-04-01 16:00,2026-04-01 16:15,QH,118.6,118.67,115.1,114.48,110.2,28,119.31,97.34,21.26
2026-04-01T16:15:00Z,2026-04-01 16:15,2026-04-01 16:30,QH,95.56,96.97,95.15,100.62,131.5,23,95.35,104.4,-8.83
2026-04-01T16:30:00Z,2026-04-01 16:30,2026-04-01 16:45,QH,97.09,98.46,96.13,100.37,74.4,13,100.46,96.29,0.8
2026-04-01T16:45:00Z,2026-04-01 16:45,2026-04-01 17:00,QH,86.39,88.84,85.11,88.2,78.7,10,86.0,102.12,-15.73
2026-04-01T17:00:00Z,2026-04-01 17:00,2026-04-01 17:15,QH,99.7,100.01,98.97,95.6,111.5,26,102.55,98.11,1.58
2026-04-01T17:15:00Z,2026-04-01 17:15,2026-04-01 17:30,QH,112.43,112.73,109.88,111.86,134.6,17,110.17,90.7,21.73
2026-04-01T17:30:00Z,2026-04-01 17:30,2026-04-01 17:45,QH,100.3,104.93,96.79,99.37,133.6,19,97.98,101.03,-0.73
2026-04-01T17:45:00Z,2026-04-01 17:45,2026-04-01 18:00,QH,80.34,93.86,80.04,79.08,35.8,7,80.36,95.77,-15.43
2026-04-01T18:00:00Z,2026-04-01 18:00,2026-04-01 18:15,QH,79.67,85.0,71.45,79.19,63.1,9,71.28,87.5,-7.83
2026-04-01T18:15:00Z,2026-04-01 18:15,2026-04-01 18:30,QH,79.2,79.54,74.37,78.35,102.0,17,76.23,95.44,-16.25
2026-04-01T18:30:00Z,2026-04-01 18:30,2026-04-01 18:45,QH,97.85,102.5,92.89,97.82,110.6,21,98.28,98.2,-0.35
2026-04-01T18:45:00Z,2026-04-01 18:45,2026-04-01 19:00,QH,112.1,119.26,108.66,113.02,56.0,7,112.01,89.86,22.24
2026-04-01T19:00:00Z,2026-04-01 19:00,2026-04-01 19:15,QH,82.18,86.89,78.13,76.49,114.8,18,81.83,94.36,-12.18
2026-04-01T19:15:00Z,2026-04-01 19:15,2026-04-01 19:30,QH,83.95,86.37,81.7,82.11,62.0,8,82.94,87.71,-3.77
2026-04-01T19:30:00Z,2026-04-01 19:30,2026-04-01 19:45,QH,65.15,65.99,58.84,63.26,81.0,14,68.78,87.68,-22.53
2026-04-01T19:45:00Z,2026-04-01 19:45,2026-04-01 20:00,QH,67.02,74.43,63.14,68.59,98.7,12,67.16,86.78,-19.76
2026-04-01T20:00:00Z,2026-04-01 20:00,2026-04-01 20:15,QH,54.54,54.77,52.2,54.26,72.1,13,55.59,58.69,-4.16
2026-04-01T20:15:00Z,2026-04-01 20:15,2026-04-01 20:30,QH,58.3,62.95,57.22,51.23,109.9,20,58.67,49.82,8.49
2026-04-01T20:30:00Z,2026-04-01 20:30,2026-04-01 20:45,QH,119.64,126.1,116.19,118.65,54.1,6,119.61,62.74,56.9
2026-04-01T20:45:00Z,2026-04-01 20:45,2026-04-01 21:00,QH,48.63,52.99,43.15,43.85,70.9,9,50.78,60.41,-11.78
2026-04-01T21:00:00Z,2026-04-01 21:00,2026-04-01 21:15,QH,61.0,65.3,56.8,63.18,56.6,20,59.54,55.7,5.3
2026-04-01T21:15:00Z,2026-04-01 21:15,2026-04-01 21:30,QH,62.95,75.84,55.89,60.88,89.2,17,63.61,65.26,-2.31
2026-04-01T21:30:00Z,2026-04-01 21:30,2026-04-01 21:45,QH,49.25,54.59,45.89,50.31,94.4,33,48.9,47.98,1.27
2026-04-01T21:45:00Z,2026-04-01 21:45,2026-04-01 22:00,QH,49.68,52.53,48.72,47.42,118.7,16,51.16,64.44,-14.75
2026-04-01T22:00:00Z,2026-04-01 22:00,2026-04-01 22:15,QH,60.35,64.54,58.12,62.26,60.7,14,60.88,69.82,-9.47
2026-04-01T22:15:00Z,2026-04-01 22:15,2026-04-01 22:30,QH,48.99,50.98,42.15,47.83,76.6,9,48.86,65.22,-16.23
2026-04-01T22:30:00Z,2026-04-01 22:30,2026-04-01 22:45,QH,57.97,64.71,50.67,55.52,87.7,12,61.89,65.26,-7.29
2026-04-01T22:45:00Z,2026-04-01 22:45,2026-04-01 23:00,QH,64.49,65.78,61.03,63.49,85.7,13,62.92,51.51,12.98
2026-04-01T23:00:00Z,2026-04-01 23:00,2026-04-01 23:15,QH,52.73,61.22,50.62,55.19,45.3,6,51.68,50.56,2.17
2026-04-01T23:15:00Z,2026-04-01 23:15,2026-04-01 23:30,QH,75.25,76.07,69.57,73.74,99.5,34,78.16,60.72,14.53
2026-04-01T23:30:00Z,2026-04-01 23:30,2026-04-01 23:45,QH,46.67,50.8,44.01,44.4,48.3,8,46.19,56.64,-9.97
2026-04-01T23:45:00Z,2026-04-01 23:45,2026-04-02 00:00,QH,46.71,52.88,32.1,51.25,61.6,29,42.17,58.36,-11.65
2026-04-02T00:00:00Z,2026-04-02 00:00,2026-04-02 00:15,QH,62.33,68.91,54.49,60.79,70.1,14,57.7,66.27,-3.93
2026-04-02T00:15:00Z,2026-04-02 00:15,2026-04-02 00:30,QH,63.92,66.12,61.8,60.17,131.7,29,62.72,65.75,-1.83
2026-04-02T00:30:00Z,2026-04-02 00:30,2026-04-02 00:45,QH,49.09,58.36,40.98,48.63,133.8,19,51.01,62.32,-13.23
2026-04-02T00:45:00Z,2026-04-02 00:45,2026-04-02 01:00,QH,67.59,72.35,67.04,68.0,63.5,14,68.77,60.74,6.84
2026-04-02T01:00:00Z,2026-04-02 01:00,2026-04-02 01:15,QH,46.85,49.78,44.0,49.0,104.5,19,43.87,56.95,-10.1
2026-04-02T01:15:00Z,2026-04-02 01:15,2026-04-02 01:30,QH,70.42,71.57,56.68,72.39,29.8,5,70.49,58.18,12.23
2026-04-02T01:30:00Z,2026-04-02 01:30,2026-04-02 01:45,QH,73.16,78.06,69.4,75.07,101.7,26,70.24,56.0,17.17
2026-04-02T01:45:00Z,2026-04-02 01:45,2026-04-02 02:00,QH,58.59,60.33,52.19,63.22,106.0,14,61.19,54.39,4.19
2026-04-02T02:00:00Z,2026-04-02 02:00,2026-04-02 02:15,QH,76.9,88.73,75.24,74.73,115.0,34,74.15,64.18,12.72
2026-04-02T02:15:00Z,2026-04-02 02:15,2026-04-02 02:30,QH,67.69,72.04,64.66,65.86,98.8,16,65.86,57.25,10.44
2026-04-02T02:30:00Z,2026-04-02 02:30,2026-04-02 02:45,QH,61.92,75.4,60.47,58.2,70.9,26,60.09,62.91,-0.99
2026-04-02T02:45:00Z,2026-04-02 02:45,2026-04-02 03:00,QH,48.39,59.34,45.7,52.4,63.6,22,48.52,76.67,-28.28
2026-04-02T03:00:00Z,2026-04-02 03:00,2026-04-02 03:15,QH,61.49,64.9,58.79,64.32,106.1,32,59.56,74.24,-12.75
2026-04-02T03:15:00Z,2026-04-02 03:15,2026-04-02 03:30,QH,81.19,88.89,80.83,79.23,159.3,28,82.02,59.48,21.72
2026-04-02T03:30:00Z,2026-04-02 03:30,2026-04-02 03:45,QH,65.61,67.58,64.42,69.77,87.5,11,63.1,59.54,6.07
2026-04-02T03:45:00Z,2026-04-02 03:45,2026-04-02 04:00,QH,71.01,73.58,67.34,70.3,10,3,69.24,62.93,8.09
2026-04-02T04:00:00Z,2026-04-02 04:00,2026-04-02 04:15,QH,46.4,47.68,40.84,50.49,74.7,11,48.19,61.54,-15.13
2026-04-02T04:15:00Z,2026-04-02 04:15,2026-04-02 04:30,QH,36.62,37.97,31.42,41.4,67.4,9,36.66,68.6,-31.98
2026-04-02T04:30:00Z,2026-04-02 04:30,2026-04-02 04:45,QH,165.86,177.24,161.65,163.31,88.6,15,168.51,52.1,113.75
2026-04-02T04:45:00Z,2026-04-02 04:45,2026-04-02 05:00,QH,83.44,91.75,79.96,86.61,93.5,12,82.56,62.84,20.6
2026-04-02T05:00:00Z,2026-04-02 05:00,2026-04-02 05:15,QH,52.15,57.58,45.24,47.37,50.8,6,49.45,61.56,-9.41
2026-04-02T05:15:00Z,2026-04-02 05:15,2026-04-02 05:30,QH,78.28,83.11,76.87,77.87,141.3,29,77.38,78.89,-0.61
2026-04-02T05:30:00Z,2026-04-02 05:30,2026-04-02 05:45,QH,71.32,77.02,70.27,67.64,49.0,17,71.33,59.62,11.7
2026-04-02T05:45:00Z,2026-04-02 05:45,2026-04-02 06:00,QH,46.32,50.86,43.89,45.64,55.3,14,46.05,66.06,-19.74
2026-04-02T06:00:00Z,2026-04-02 06:00,2026-04-02 06:15,QH,37.17,43.5,30.67,29.63,117.7,49,35.68,56.0,-18.82
2026-04-02T06:15:00Z,2026-04-02 06:15,2026-04-02 06:30,QH,60.94,66.6,60.59,58.91,32.4,5,63.23,63.58,-2.64
2026-04-02T06:30:00Z,2026-04-02 06:30,2026-04-02 06:45,QH,69.95,71.4,67.73,62.77,63.6,10,71.04,59.91,10.04
2026-04-02T06:45:00Z,2026-04-02 06:45,2026-04-02 07:00,QH,47.67,52.7,44.04,44.71,98.3,14,46.0,53.31,-5.64
2026-04-02T07:00:00Z,2026-04-02 07:00,2026-04-02 07:15,QH,93.69,95.37,92.55,97.97,112.0,34,97.06,93.87,-0.19
2026-04-02T07:15:00Z,2026-04-02 07:15,2026-04-02 07:30,QH,95.57,99.91,93.11,95.7,35.8,5,94.0,96.98,-1.41
2026-04-02T07:30:00Z,2026-04-02 07:30,2026-04-02 07:45,QH,91.13,96.89,85.49,86.48,121.4,18,91.9,98.63,-7.5
2026-04-02T07:45:00Z,2026-04-02 07:45,2026-04-02 08:00,QH,107.79,123.32,103.47,112.12,36.5,6,105.41,99.48,8.3
2026-04-02T08:00:00Z,2026-04-02 08:00,2026-04-02 08:15,QH,85.83,86.02,85.17,85.71,125.1,15,83.39,93.83,-8.0
2026-04-02T08:15:00Z,2026-04-02 08:15,2026-04-02 08:30,QH,88.13,89.06,85.88,87.3,62.8,11,83.83,95.12,-6.99
2026-04-02T08:30:00Z,2026-04-02 08:30,2026-04-02 08:45,QH,93.4,93.83,90.46,90.47,156.2,51,91.57,94.24,-0.84
2026-04-02T08:45:00Z,2026-04-02 08:45,2026-04-02 09:00,QH,54.92,58.96,50.81,59.4,63.6,19,53.8,102.33,-47.41
2026-04-02T09:00:00Z,2026-04-02 09:00,2026-04-02 09:15,QH,104.85,108.14,100.04,102.83,87.7,16,105.75,102.25,2.6
2026-04-02T09:15:00Z,2026-04-02 09:15,2026-04-02 09:30,QH,84.32,88.93,84.3,80.85,78.1,10,86.06,104.46,-20.14
2026-04-02T09:30:00Z,2026-04-02 09:30,2026-04-02 09:45,QH,99.19,105.15,92.34,99.93,44.5,12,100.34,96.44,2.75
2026-04-02T09:45:00Z,2026-04-02 09:45,2026-04-02 10:00,QH,78.41,84.72,74.24,77.49,10,3,79.82,100.66,-22.25
2026-04-02T10:00:00Z,2026-04-02 10:00,2026-04-02 10:15,QH,106.54,106.9,105.03,109.71,36.4,10,106.46,101.96,4.58
2026-04-02T10:15:00Z,2026-04-02 10:15,2026-04-02 10:30,QH,105.04,121.96,102.2,112.33,77.8,14,107.38,102.53,2.51
2026-04-02T10:30:00Z,2026-04-02 10:30,2026-04-02 10:45,QH,104.09,111.63,102.82,102.96,55.4,13,102.74,118.07,-13.99
2026-04-02T10:45:00Z,2026-04-02 10:45,2026-04-02 11:00,QH,101.73,104.27,90.95,95.72,92.7,20,99.67,110.31,-8.58
2026-04-02T11:00:00Z,2026-04-02 11:00,2026-04-02 11:15,QH,102.1,103.36,101.65,103.79,79.2,16,104.17,96.11,5.99
2026-04-02T11:15:00Z,2026-04-02 11:15,2026-04-02 11:30,QH,111.43,121.1,109.98,108.33,118.2,24,107.92,96.61,14.82
2026-04-02T11:30:00Z,2026-04-02 11:30,2026-04-02 11:45,QH,78.68,86.73,74.87,83.96,72.8,14,81.32,111.15,-32.47
2026-04-02T11:45:00Z,2026-04-02 11:45,2026-04-02 12:00,QH,102.42,109.19,101.38,102.63,126.6,22,105.07,98.56,3.86
2026-04-02T12:00:00Z,2026-04-02 12:00,2026-04-02 12:15,QH,87.39,92.02,86.95,90.4,65.5,19,89.58,109.32,-21.94
2026-04-02T12:15:00Z,2026-04-02 12:15,2026-04-02 12:30,QH,83.74,84.98,81.12,88.97,151.5,25,83.2,105.21,-21.46
2026-04-02T12:30:00Z,2026-04-02 12:30,2026-04-02 12:45,QH,130.32,141.66,122.41,129.97,120.7,57,129.76,98.02,32.3
2026-04-02T12:45:00Z,2026-04-02 12:45,2026-04-02 13:00,QH,109.36,109.52,101.16,106.42,81.0,13,109.89,104.43,4.93
2026-04-02T13:00:00Z,2026-04-02 13:00,2026-04-02 13:15,QH,101.24,104.47,92.57,100.0,50.9,13,101.26,103.58,-2.34
2026-04-02T13:15:00Z,2026-04-02 13:15,2026-04-02 13:30,QH,106.36,113.93,98.1,109.06,64.1,11,105.92,116.51,-10.16
2026-04-02T13:30:00Z,2026-04-02 13:30,2026-04-02 13:45,QH,107.89,109.99,106.77,107.95,111.7,28,109.92,105.84,2.04
2026-04-02T13:45:00Z,2026-04-02 13:45,2026-04-02 14:00,QH,81.65,81.94,76.61,79.82,83.5,17,84.68,104.04,-22.39
2026-04-02T14:00:00Z,2026-04-02 14:00,2026-04-02 14:15,QH,97.41,100.54,95.0,90.7,74.1,15,93.97,90.71,6.7
2026-04-02T14:15:00Z,2026-04-02 14:15,2026-04-02 14:30,QH,102.36,104.56,94.02,107.72,100.7,18,101.82,100.13,2.23
2026-04-02T14:30:00Z,2026-04-02 14:30,2026-04-02 14:45,QH,122.53,124.88,119.55,126.48,78.6,10,118.2,94.4,28.14
2026-04-02T14:45:00Z,2026-04-02 14:45,2026-04-02 15:00,QH,94.41,95.55,89.49,94.47,73.0,13,96.91,111.29,-16.88
2026-04-02T15:00:00Z,2026-04-02 15:00,2026-04-02 15:15,QH,132.7,138.1,131.82,133.09,67.7,18,134.34,99.55,33.15
2026-04-02T15:15:00Z,2026-04-02 15:15,2026-04-02 15:30,QH,89.54,99.83,79.6,90.02,88.5,20,90.71,101.03,-11.49
2026-04-02T15:30:00Z,2026-04-02 15:30,2026-04-02 15:45,QH,114.33,123.68,109.48,111.98,113.5,19,115.66,109.41,4.92
2026-04-02T15:45:00Z,2026-04-02 15:45,2026-04-02 16:00,QH,93.69,97.03,86.35,95.56,76.4,19,95.38,101.08,-7.39
2026-04-02T16:00:00Z,2026-04-02 16:00,2026-04-02 16:15,QH,96.42,97.63,93.98,93.6,81.4,20,101.35,102.52,-6.1
2026-04-02T16:15:00Z,2026-04-02 16:15,2026-04-02 16:30,QH,92.19,93.53,90.51,89.49,168.7,56,89.62,104.78,-12.6
2026-04-02T16:30:00Z,2026-04-02 16:30,2026-04-02 16:45,QH,94.19,98.79,93.94,96.59,74.5,13,93.17,103.21,-9.02
2026-04-02T16:45:00Z,2026-04-02 16:45,2026-04-02 17:00,QH,99.15,104.76,95.34,98.19,123.5,19,98.1,111.04,-11.89
2026-04-02T17:00:00Z,2026-04-02 17:00,2026-04-02 17:15,QH,91.37,92.71,86.42,82.38,66.0,18,90.01,98.37,-7.0
2026-04-02T17:15:00Z,2026-04-02 17:15,2026-04-02 17:30,QH,85.97,89.25,83.85,90.39,81.7,11,86.91,103.17,-17.19
2026-04-02T17:30:00Z,2026-04-02 17:30,2026-04-02 17:45,QH,81.84,91.9,76.72,82.62,81.5,25,80.8,106.72,-24.88
2026-04-02T17:45:00Z,2026-04-02 17:45,2026-04-02 18:00,QH,106.01,106.85,104.3,102.55,123.9,23,105.15,99.94,6.07
2026-04-02T18:00:00Z,2026-04-02 18:00,2026-04-02 18:15,QH,110.38,110.5,106.19,106.37,83.5,15,108.92,94.79,15.59
2026-04-02T18:15:00Z,2026-04-02 18:15,2026-04-02 18:30,QH,108.77,109.62,108.47,107.84,92.7,43,108.59,107.53,1.24
2026-04-02T18:30:00Z,2026-04-02 18:30,2026-04-02 18:45,QH,99.65,100.2,95.51,104.18,112.2,25,98.67,100.05,-0.4
2026-04-02T18:45:00Z,2026-04-02 18:45,2026-04-02 19:00,QH,98.24,103.14,96.81,100.42,102.3,19,100.13,96.3,1.94
2026-04-02T19:00:00Z,2026-04-02 19:00,2026-04-02 19:15,QH,95.71,96.82,88.93,93.57,74.8,16,96.94,93.92,1.78
2026-04-02T19:15:00Z,2026-04-02 19:15,2026-04-02 19:30,QH,103.83,110.42,101.38,104.19,87.5,16,104.7,92.08,11.74
2026-04-02T19:30:00Z,2026-04-02 19:30,2026-04-02 19:45,QH,88.32,92.82,88.08,88.26,51.6,9,92.51,96.86,-8.54
2026-04-02T19:45:00Z,2026-04-02 19:45,2026-04-02 20:00,QH,105.52,109.81,102.7,106.8,65.1,13,106.2,91.82,13.7
2026-04-02T20:00:00Z,2026-04-02 20:00,2026-04-02 20:15,QH,42.65,46.41,35.2,42.12,129.4,19,39.65,49.34,-6.69
2026-04-02T20:15:00Z,2026-04-02 20:15,2026-04-02 20:30,QH,92.93,96.98,85.44,94.97,123.1,19,93.67,58.7,34.23
2026-04-02T20:30:00Z,2026-04-02 20:30,2026-04-02 20:45,QH,69.83,73.17,64.32,66.97,120.9,36,67.8,63.15,6.67
2026-04-02T20:45:00Z,2026-04-02 20:45,2026-04-02 21:00,QH,72.22,75.09,66.57,68.56,105.8,35,74.55,60.35,11.88
2026-04-02T21:00:00Z,2026-04-02 21:00,2026-04-02 21:15,QH,47.63,54.79,46.0,51.2,59.5,29,48.57,58.79,-11.16
2026-04-02T21:15:00Z,2026-04-02 21:15,2026-04-02 21:30,QH,58.78,67.68,48.14,58.58,99.5,23,59.12,55.22,3.56
2026-04-02T21:30:00Z,2026-04-02 21:30,2026-04-02 21:45,QH,56.18,58.41,51.23,59.52,74.6,12,55.62,62.59,-6.4
2026-04-02T21:45:00Z,2026-04-02 21:45,2026-04-02 22:00,QH,61.6,64.33,46.75,64.18,95.0,15,62.01,67.44,-5.83
2026-04-02T22:00:00Z,2026-04-02 22:00,2026-04-02 22:15,QH,77.35,85.87,69.11,76.33,86.6,17,77.46,62.57,14.78
2026-04-02T22:15:00Z,2026-04-02 22:15,2026-04-02 22:30,QH,59.29,61.68,50.6,63.73,84.5,19,58.35,55.46,3.83
2026-04-02T22:30:00Z,2026-04-02 22:30,2026-04-02 22:45,QH,75.64,75.9,62.86,76.83,19.3,8,74.67,61.14,14.5
2026-04-02T22:45:00Z,2026-04-02 22:45,2026-04-02 23:00,QH,55.96,58.22,46.83,57.86,107.7,28,51.62,57.51,-1.56
2026-04-02T23:00:00Z,2026-04-02 23:00,2026-04-02 23:15,QH,97.64,97.92,89.69,99.65,102.3,13,94.45,56.46,41.18
2026-04-02T23:15:00Z,2026-04-02 23:15,2026-04-02 23:30,QH,45.2,50.92,43.2,45.44,47.6,6,45.69,59.35,-14.15
2026-04-02T23:30:00Z,2026-04-02 23:30,2026-04-02 23:45,QH,33.56,41.25,30.59,35.23,84.6,11,35.71,56.96,-23.4
2026-04-02T23:45:00Z,2026-04-02 23:45,2026-04-03 00:00,QH,68.13,68.18,67.13,67.31,94.7,15,67.46,63.51,4.62
2026-04-03T00:00:00Z,2026-04-03 00:00,2026-04-03 00:15,QH,57.71,64.97,51.3,58.09,139.6,19,55.74,73.94,-16.23
2026-04-03T00:15:00Z,2026-04-03 00:15,2026-04-03 00:30,QH,49.73,53.62,46.94,48.64,89.9,28,49.47,68.56,-18.82
2026-04-03T00:30:00Z,2026-04-03 00:30,2026-04-03 00:45,QH,60.08,71.1,56.32,64.59,72.2,14,60.9,63.4,-3.32
2026-04-03T00:45:00Z,2026-04-03 00:45,2026-04-03 01:00,QH,80.25,87.2,70.85,76.4,45.2,17,80.33,63.09,17.17
2026-04-03T01:00:00Z,2026-04-03 01:00,2026-04-03 01:15,QH,90.44,96.33,89.15,88.1,100.9,17,91.93,62.84,27.61
2026-04-03T01:15:00Z,2026-04-03 01:15,2026-04-03 01:30,QH,47.83,48.47,42.8,45.21,71.8,17,41.21,60.69,-12.86
2026-04-03T01:30:00Z,2026-04-03 01:30,2026-04-03 01:45,QH,56.26,58.57,55.23,55.71,110.4,30,57.58,59.24,-2.98
2026-04-03T01:45:00Z,2026-04-03 01:45,2026-04-03 02:00,QH,60.61,66.61,57.85,55.97,67.8,16,61.56,62.79,-2.19
2026-04-03T02:00:00Z,2026-04-03 02:00,2026-04-03 02:15,QH,77.39,79.22,76.52,77.49,80.4,12,75.13,57.72,19.68
2026-04-03T02:15:00Z,2026-04-03 02:15,2026-04-03 02:30,QH,61.57,64.71,60.24,60.09,78.7,18,60.11,61.83,-0.26
2026-04-03T02:30:00Z,2026-04-03 02:30,2026-04-03 02:45,QH,75.22,77.35,71.39,79.69,124.3,43,76.77,66.66,8.57
2026-04-03T02:45:00Z,2026-04-03 02:45,2026-04-03 03:00,QH,47.91,53.72,46.9,49.93,95.8,32,48.91,57.09,-9.18
2026-04-03T03:00:00Z,2026-04-03 03:00,2026-04-03 03:15,QH,52.34,56.59,50.37,54.77,111.3,14,51.33,61.74,-9.4
2026-04-03T03:15:00Z,2026-04-03 03:15,2026-04-03 03:30,QH,58.46,60.32,58.22,55.46,142.8,18,59.35,62.82,-4.37
2026-04-03T03:30:00Z,2026-04-03 03:30,2026-04-03 03:45,QH,78.12,85.56,74.15,77.7,116.5,48,78.65,60.24,17.88
2026-04-03T03:45:00Z,2026-04-03 03:45,2026-04-03 04:00,QH,46.67,47.61,41.03,46.41,97.3,20,47.02,68.73,-22.06
2026-04-03T04:00:00Z,2026-04-03 04:00,2026-04-03 04:15,QH,78.97,89.0,72.89,83.8,81.8,14,78.53,66.95,12.02
2026-04-03T04:15:00Z,2026-04-03 04:15,2026-04-03 04:30,QH,63.86,74.25,58.71,65.8,108.6,28,59.73,59.42,4.45
2026-04-03T04:30:00Z,2026-04-03 04:30,2026-04-03 04:45,QH,60.53,60.73,53.48,56.43,91.6,21,63.36,60.13,0.4
2026-04-03T04:45:00Z,2026-04-03 04:45,2026-04-03 05:00,QH,54.36,55.82,51.98,51.24,113.3,32,53.89,62.81,-8.44
2026-04-03T05:00:00Z,2026-04-03 05:00,2026-04-03 05:15,QH,57.83,63.51,51.38,59.75,38.2,13,57.24,60.96,-3.13
2026-04-03T05:15:00Z,2026-04-03 05:15,2026-04-03 05:30,QH,45.02,54.48,44.05,45.46,116.3,15,44.71,63.47,-18.45
2026-04-03T05:30:00Z,2026-04-03 05:30,2026-04-03 05:45,QH,68.3,73.66,67.3,67.5,24.7,6,67.41,64.44,3.86
2026-04-03T05:45:00Z,2026-04-03 05:45,2026-04-03 06:00,QH,81.08,87.28,62.41,79.98,82.6,10,79.86,67.07,14.0
2026-04-03T06:00:00Z,2026-04-03 06:00,2026-04-03 06:15,QH,65.13,70.28,60.87,65.32,27.6,8,64.18,60.29,4.84
2026-04-03T06:15:00Z,2026-04-03 06:15,2026-04-03 06:30,QH,39.72,45.85,33.45,40.97,52.0,12,39.38,56.78,-17.06
2026-04-03T06:30:00Z,2026-04-03 06:30,2026-04-03 06:45,QH,66.87,67.28,64.85,64.63,80.9,22,63.97,54.0,12.87
2026-04-03T06:45:00Z,2026-04-03 06:45,2026-04-03 07:00,QH,98.2,102.04,97.52,99.91,124.0,47,97.61,61.11,37.09
2026-04-03T07:00:00Z,2026-04-03 07:00,2026-04-03 07:15,QH,109.52,111.82,108.01,107.54,84.7,13,108.09,94.37,15.15
2026-04-03T07:15:00Z,2026-04-03 07:15,2026-04-03 07:30,QH,85.54,89.33,81.5,85.3,117.9,27,87.58,95.43,-9.88
2026-04-03T07:30:00Z,2026-04-03 07:30,2026-04-03 07:45,QH,82.68,85.91,82.4,81.22,101.0,17,78.2,95.2,-12.52
2026-04-03T07:45:00Z,2026-04-03 07:45,2026-04-03 08:00,QH,108.46,113.07,105.31,109.93,38.5,9,108.86,83.6,24.87
2026-04-03T08:00:00Z,2026-04-03 08:00,2026-04-03 08:15,QH,98.86,100.87,94.22,99.59,53.7,12,98.89,96.04,2.82
2026-04-03T08:15:00Z,2026-04-03 08:15,2026-04-03 08:30,QH,88.59,90.36,79.38,83.59,58.9,10,90.89,92.09,-3.49
2026-04-03T08:30:00Z,2026-04-03 08:30,2026-04-03 08:45,QH,78.78,85.81,77.38,79.01,63.5,13,78.45,103.04,-24.26
2026-04-03T08:45:00Z,2026-04-03 08:45,2026-04-03 09:00,QH,95.19,98.98,91.98,95.57,83.2,14,100.12,100.56,-5.36
2026-04-03T09:00:00Z,2026-04-03 09:00,2026-04-03 09:15,QH,199.68,201.3,197.77,203.11,64.5,8,199.8,98.56,101.12
2026-04-03T09:15:00Z,2026-04-03 09:15,2026-04-03 09:30,QH,109.07,110.11,106.3,109.24,66.1,12,109.34,98.38,10.69
2026-04-03T09:30:00Z,2026-04-03 09:30,2026-04-03 09:45,QH,112.23,114.99,111.12,111.72,71.7,15,112.97,103.99,8.24
2026-04-03T09:45:00Z,2026-04-03 09:45,2026-04-03 10:00,QH,96.16,99.6,93.53,97.32,112.5,48,97.24,97.25,-1.09
2026-04-03T10:00:00Z,2026-04-03 10:00,2026-04-03 10:15,QH,107.78,115.37,107.56,110.92,59.6,8,107.59,106.76,1.03
2026-04-03T10:15:00Z,2026-04-03 10:15,2026-04-03 10:30,QH,112.25,114.79,107.67,106.08,51.9,11,112.32,95.79,16.47
2026-04-03T10:30:00Z,2026-04-03 10:30,2026-04-03 10:45,QH,91.95,95.09,90.73,94.12,76.1,12,91.22,106.04,-14.09
2026-04-03T10:45:00Z,2026-04-03 10:45,2026-04-03 11:00,QH,125.78,130.05,125.49,127.12,71.2,16,123.89,104.58,21.2
2026-04-03T11:00:00Z,2026-04-03 11:00,2026-04-03 11:15,QH,102.75,105.15,92.2,104.83,95.8,18,103.35,109.22,-6.47
2026-04-03T11:15:00Z,2026-04-03 11:15,2026-04-03 11:30,QH,106.86,111.13,105.01,107.39,115.7,52,106.3,106.9,-0.04
2026-04-03T11:30:00Z,2026-04-03 11:30,2026-04-03 11:45,QH,108.2,108.74,107.46,107.08,119.1,16,109.73,101.84,6.36
2026-04-03T11:45:00Z,2026-04-03 11:45,2026-04-03 12:00,QH,86.18,93.02,81.34,88.74,81.7,19,86.27,103.7,-17.53
2026-04-03T12:00:00Z,2026-04-03 12:00,2026-04-03 12:15,QH,131.22,135.58,130.64,131.78,127.4,34,133.06,111.51,19.72
2026-04-03T12:15:00Z,2026-04-03 12:15,2026-04-03 12:30,QH,121.96,123.22,120.62,122.46,140.3,25,121.9,104.3,17.66
2026-04-03T12:30:00Z,2026-04-03 12:30,2026-04-03 12:45,QH,91.71,92.41,90.58,86.62,95.2,12,91.1,111.64,-19.93
2026-04-03T12:45:00Z,2026-04-03 12:45,2026-04-03 13:00,QH,100.14,100.44,96.05,102.24,114.3,15,101.94,113.56,-13.43
2026-04-03T13:00:00Z,2026-04-03 13:00,2026-04-03 13:15,QH,93.68,96.93,88.3,92.29,115.9,17,95.12,107.64,-13.96
2026-04-03T13:15:00Z,2026-04-03 13:15,2026-04-03 13:30,QH,82.5,85.42,82.41,82.56,93.3,18,81.99,107.74,-25.24
2026-04-03T13:30:00Z,2026-04-03 13:30,2026-04-03 13:45,QH,127.1,130.0,120.67,125.25,119.0,21,128.84,105.67,21.43
2026-04-03T13:45:00Z,2026-04-03 13:45,2026-04-03 14:00,QH,107.34,109.14,106.37,107.68,131.4,16,107.72,116.77,-9.43
2026-04-03T14:00:00Z,2026-04-03 14:00,2026-04-03 14:15,QH,103.92,108.04,98.29,107.44,111.7,18,104.77,104.99,-1.07
2026-04-03T14:15:00Z,2026-04-03 14:15,2026-04-03 14:30,QH,96.73,97.4,94.02,93.98,51.8,10,99.21,108.86,-12.13
2026-04-03T14:30:00Z,2026-04-03 14:30,2026-04-03 14:45,QH,116.72,124.4,115.02,113.68,103.2,14,115.8,111.26,5.45
2026-04-03T14:45:00Z,2026-04-03 14:45,2026-04-03 15:00,QH,81.92,91.57,71.36,81.25,52.3,12,81.95,114.0,-32.08
2026-04-03T15:00:00Z,2026-04-03 15:00,2026-04-03 15:15,QH,102.79,103.42,100.2,101.85,55.8,8,101.85,116.5,-13.71
2026-04-03T15:15:00Z,2026-04-03 15:15,2026-04-03 15:30,QH,126.64,132.16,117.78,126.08,79.1,13,126.49,101.33,25.31
2026-04-03T15:30:00Z,2026-04-03 15:30,2026-04-03 15:45,QH,112.48,114.9,104.3,110.24,65.5,16,112.7,102.46,10.02
2026-04-03T15:45:00Z,2026-04-03 15:45,2026-04-03 16:00,QH,111.51,111.64,101.94,111.69,67.7,10,112.56,109.41,2.1
2026-04-03T16:00:00Z,2026-04-03 16:00,2026-04-03 16:15,QH,104.97,109.15,104.39,104.46,93.6,26,105.03,105.39,-0.41
2026-04-03T16:15:00Z,2026-04-03 16:15,2026-04-03 16:30,QH,111.28,116.77,108.43,106.23,59.9,7,111.16,102.48,8.8
2026-04-03T16:30:00Z,2026-04-03 16:30,2026-04-03 16:45,QH,116.36,118.34,114.08,119.38,102.9,16,114.36,96.54,19.81
2026-04-03T16:45:00Z,2026-04-03 16:45,2026-04-03 17:00,QH,106.98,107.59,103.4,108.78,85.9,18,108.52,104.97,2.01
2026-04-03T17:00:00Z,2026-04-03 17:00,2026-04-03 17:15,QH,92.09,92.55,91.32,88.28,63.4,17,89.61,100.08,-7.99
2026-04-03T17:15:00Z,2026-04-03 17:15,2026-04-03 17:30,QH,116.09,122.47,111.28,116.72,48.2,8,116.66,104.6,11.49
2026-04-03T17:30:00Z,2026-04-03 17:30,2026-04-03 17:45,QH,99.81,102.28,97.46,104.84,89.7,23,99.49,106.07,-6.26
2026-04-03T17:45:00Z,2026-04-03 17:45,2026-04-03 18:00,QH,75.11,79.27,71.68,74.2,94.7,20,77.55,105.48,-30.37
2026-04-03T18:00:00Z,2026-04-03 18:00,2026-04-03 18:15,QH,92.1,93.67,87.96,99.01,43.2,5,87.32,102.37,-10.26
2026-04-03T18:15:00Z,2026-04-03 18:15,2026-04-03 18:30,QH,76.05,80.65,67.38,76.49,97.7,35,78.58,96.54,-20.49
2026-04-03T18:30:00Z,2026-04-03 18:30,2026-04-03 18:45,QH,89.72,95.13,87.28,84.17,102.7,30,91.29,100.86,-11.13
2026-04-03T18:45:00Z,2026-04-03 18:45,2026-04-03 19:00,QH,82.79,84.41,78.0,85.52,53.6,9,81.18,92.52,-9.73
2026-04-03T19:00:00Z,2026-04-03 19:00,2026-04-03 19:15,QH,87.17,99.62,86.45,81.69,154.2,38,85.5,86.83,0.34
2026-04-03T19:15:00Z,2026-04-03 19:15,2026-04-03 19:30,QH,123.77,129.27,121.62,121.82,151.8,42,126.7,105.79,17.98
2026-04-03T19:30:00Z,2026-04-03 19:30,2026-04-03 19:45,QH,141.8,147.31,136.75,135.34,74.8,17,139.7,102.78,39.02
2026-04-03T19:45:00Z,2026-04-03 19:45,2026-04-03 20:00,QH,94.46,94.86,91.67,95.51,120.0,19,94.77,89.95,4.51
2026-04-03T20:00:00Z,2026-04-03 20:00,2026-04-03 20:15,QH,48.32,51.13,45.62,42.59,88.4,21,49.72,63.03,-14.71
2026-04-03T20:15:00Z,2026-04-03 20:15,2026-04-03 20:30,QH,80.19,86.29,79.15,77.25,83.3,14,80.26,66.7,13.49
2026-04-03T20:30:00Z,2026-04-03 20:30,2026-04-03 20:45,QH,47.99,51.51,44.52,45.86,95.6,14,48.06,61.53,-13.54
2026-04-03T20:45:00Z,2026-04-03 20:45,2026-04-03 21:00,QH,54.33,56.95,49.26,55.12,104.4,14,54.98,64.55,-10.22
2026-04-03T21:00:00Z,2026-04-03 21:00,2026-04-03 21:15,QH,61.45,62.2,58.16,61.78,63.9,8,59.07,65.48,-4.03
2026-04-03T21:15:00Z,2026-04-03 21:15,2026-04-03 21:30,QH,68.63,72.29,65.11,71.09,84.2,10,65.07,62.96,5.67
2026-04-03T21:30:00Z,2026-04-03 21:30,2026-04-03 21:45,QH,71.31,75.7,65.39,71.13,18.0,3,66.84,55.76,15.55
2026-04-03T21:45:00Z,2026-04-03 21:45,2026-04-03 22:00,QH,61.06,62.27,59.95,64.86,113.8,23,60.51,55.36,5.7
2026-04-03T22:00:00Z,2026-04-03 22:00,2026-04-03 22:15,QH,69.57,74.81,69.07,69.28,69.3,12,69.84,62.86,6.71
2026-04-03T22:15:00Z,2026-04-03 22:15,2026-04-03 22:30,QH,82.87,83.9,82.85,80.8,62.8,25,79.16,59.64,23.23
2026-04-03T22:30:00Z,2026-04-03 22:30,2026-04-03 22:45,QH,33.77,36.75,30.85,37.43,55.2,10,32.76,61.1,-27.33
2026-04-03T22:45:00Z,2026-04-03 22:45,2026-04-03 23:00,QH,82.81,84.12,81.3,79.79,45.0,10,83.47,68.97,13.83
2026-04-03T23:00:00Z,2026-04-03 23:00,2026-04-03 23:15,QH,69.7,80.35,64.04,64.61,151.9,19,67.63,57.65,12.05
2026-04-03T23:15:00Z,2026-04-03 23:15,2026-04-03 23:30,QH,61.89,69.91,54.34,62.2,90.7,21,61.37,65.11,-3.22
2026-04-03T23:30:00Z,2026-04-03 23:30,2026-04-03 23:45,QH,76.09,81.29,74.0,74.23,59.7,8,75.61,63.29,12.8
2026-04-03T23:45:00Z,2026-04-03 23:45,2026-04-04 00:00,QH,60.07,64.71,58.25,58.68,73.4,10,63.41,64.35,-4.27
2026-04-04T00:00:00Z,2026-04-04 00:00,2026-04-04 00:15,QH,57.42,67.84,57.27,58.51,101.9,21,60.63,41.47,15.95
2026-04-04T00:15:00Z,2026-04-04 00:15,2026-04-04 00:30,QH,35.37,42.67,31.1,39.74,125.9,24,36.91,46.4,-11.02
2026-04-04T00:30:00Z,2026-04-04 00:30,2026-04-04 00:45,QH,44.88,48.36,42.07,49.98,61.1,11,47.83,36.26,8.61
2026-04-04T00:45:00Z,2026-04-04 00:45,2026-04-04 01:00,QH,43.07,48.95,41.74,44.59,50.6,17,42.52,41.6,1.47
2026-04-04T01:00:00Z,2026-04-04 01:00,2026-04-04 01:15,QH,48.8,59.69,45.78,54.94,71.0,18,47.67,39.65,9.15
2026-04-04T01:15:00Z,2026-04-04 01:15,2026-04-04 01:30,QH,52.31,53.87,50.06,50.25,156.5,41,50.3,36.81,15.5
2026-04-04T01:30:00Z,2026-04-04 01:30,2026-04-04 01:45,QH,35.49,42.57,35.45,36.14,121.3,18,34.52,39.32,-3.83
2026-04-04T01:45:00Z,2026-04-04 01:45,2026-04-04 02:00,QH,40.03,41.1,29.54,39.6,74.3,33,40.17,35.01,5.01
2026-04-04T02:00:00Z,2026-04-04 02:00,2026-04-04 02:15,QH,25.98,36.26,24.61,30.59,129.5,27,26.47,41.98,-16.0
2026-04-04T02:15:00Z,2026-04-04 02:15,2026-04-04 02:30,QH,52.47,54.15,48.46,51.58,137.3,17,52.47,42.4,10.07
2026-04-04T02:30:00Z,2026-04-04 02:30,2026-04-04 02:45,QH,40.21,42.59,34.04,41.85,95.5,12,40.26,32.91,7.3
2026-04-04T02:45:00Z,2026-04-04 02:45,2026-04-04 03:00,QH,47.52,50.48,39.92,51.22,95.7,23,49.28,39.03,8.49
2026-04-04T03:00:00Z,2026-04-04 03:00,2026-04-04 03:15,QH,34.64,39.69,29.01,35.41,131.7,24,34.54,43.56,-8.92
2026-04-04T03:15:00Z,2026-04-04 03:15,2026-04-04 03:30,QH,45.73,48.32,44.13,45.98,128.4,30,45.99,44.39,1.33
2026-04-04T03:30:00Z,2026-04-04 03:30,2026-04-04 03:45,QH,27.56,29.83,20.52,27.7,20.8,4,28.93,39.78,-12.22
2026-04-04T03:45:00Z,2026-04-04 03:45,2026-04-04 04:00,QH,41.75,54.42,41.25,42.83,84.6,14,41.26,46.2,-4.46
2026-04-04T04:00:00Z,2026-04-04 04:00,2026-04-04 04:15,QH,45.86,50.57,40.21,45.77,74.6,33,43.49,38.7,7.16
2026-04-04T04:15:00Z,2026-04-04 04:15,2026-04-04 04:30,QH,11.77,17.39,9.62,11.38,72.2,12,15.08,37.98,-26.21
2026-04-04T04:30:00Z,2026-04-04 04:30,2026-04-04 04:45,QH,35.4,42.47,33.8,39.4,80.2,11,36.35,39.45,-4.05
2026-04-04T04:45:00Z,2026-04-04 04:45,2026-04-04 05:00,QH,48.76,55.11,42.24,50.06,76.1,15,47.13,38.88,9.88
2026-04-04T05:00:00Z,2026-04-04 05:00,2026-04-04 05:15,QH,29.13,35.89,27.77,27.27,46.7,7,31.62,40.37,-11.24
2026-04-04T05:15:00Z,2026-04-04 05:15,2026-04-04 05:30,QH,42.88,44.77,40.86,47.19,140.8,30,41.99,26.09,16.78
2026-04-04T05:30:00Z,2026-04-04 05:30,2026-04-04 05:45,QH,37.28,43.03,36.41,36.11,115.0,44,36.01,49.16,-11.88
2026-04-04T05:45:00Z,2026-04-04 05:45,2026-04-04 06:00,QH,43.17,46.65,40.53,42.12,10,3,44.26,49.41,-6.24
2026-04-04T06:00:00Z,2026-04-04 06:00,2026-04-04 06:15,QH,2.46,8.19,-6.63,3.52,92.9,12,4.5,35.95,-33.49
2026-04-04T06:15:00Z,2026-04-04 06:15,2026-04-04 06:30,QH,28.83,34.17,25.89,26.76,100.5,18,31.48,38.4,-9.57
2026-04-04T06:30:00Z,2026-04-04 06:30,2026-04-04 06:45,QH,36.19,42.66,34.66,35.77,58.9,19,37.62,31.87,4.32
2026-04-04T06:45:00Z,2026-04-04 06:45,2026-04-04 07:00,QH,56.3,58.1,49.21,62.35,125.4,16,54.83,44.27,12.03
2026-04-04T07:00:00Z,2026-04-04 07:00,2026-04-04 07:15,QH,61.93,66.86,48.82,61.14,104.3,19,60.01,80.21,-18.29
2026-04-04T07:15:00Z,2026-04-04 07:15,2026-04-04 07:30,QH,64.73,66.15,62.25,64.9,76.0,10,64.38,82.22,-17.49
2026-04-04T07:30:00Z,2026-04-04 07:30,2026-04-04 07:45,QH,69.23,70.99,63.51,71.7,86.5,16,66.73,72.68,-3.45
2026-04-04T07:45:00Z,2026-04-04 07:45,2026-04-04 08:00,QH,63.3,63.58,59.34,60.06,99.9,25,66.14,65.0,-1.7
2026-04-04T08:00:00Z,2026-04-04 08:00,2026-04-04 08:15,QH,81.07,83.22,79.37,81.31,109.0,20,81.97,82.28,-1.21
2026-04-04T08:15:00Z,2026-04-04 08:15,2026-04-04 08:30,QH,70.3,70.3,69.75,70.7,130.0,21,70.11,73.54,-3.24
2026-04-04T08:30:00Z,2026-04-04 08:30,2026-04-04 08:45,QH,73.92,81.92,71.14,72.4,116.7,19,75.89,78.02,-4.1
2026-04-04T08:45:00Z,2026-04-04 08:45,2026-04-04 09:00,QH,80.48,90.74,74.34,79.0,76.0,29,77.81,71.56,8.92
2026-04-04T09:00:00Z,2026-04-04 09:00,2026-04-04 09:15,QH,89.1,90.31,87.96,89.65,99.8,13,88.56,79.01,10.09
2026-04-04T09:15:00Z,2026-04-04 09:15,2026-04-04 09:30,QH,85.72,87.15,84.02,82.35,34.4,11,85.32,78.31,7.41
2026-04-04T09:30:00Z,2026-04-04 09:30,2026-04-04 09:45,QH,75.81,79.34,74.82,74.36,56.4,7,76.5,72.98,2.83
2026-04-04T09:45:00Z,2026-04-04 09:45,2026-04-04 10:00,QH,77.64,77.86,75.35,76.47,110.0,40,76.49,78.15,-0.51
2026-04-04T10:00:00Z,2026-04-04 10:00,2026-04-04 10:15,QH,71.5,72.8,66.97,74.5,88.8,26,74.29,74.86,-3.36
2026-04-04T10:15:00Z,2026-04-04 10:15,2026-04-04 10:30,QH,174.36,174.52,172.63,180.26,83.3,17,172.1,83.75,90.61
2026-04-04T10:30:00Z,2026-04-04 10:30,2026-04-04 10:45,QH,60.91,62.93,55.52,66.14,70.1,9,61.31,88.6,-27.69
2026-04-04T10:45:00Z,2026-04-04 10:45,2026-04-04 11:00,QH,58.34,66.65,56.46,46.6,60.5,10,56.4,85.36,-27.02
2026-04-04T11:00:00Z,2026-04-04 11:00,2026-04-04 11:15,QH,72.61,75.65,72.02,72.99,78.7,28,72.94,80.99,-8.38
2026-04-04T11:15:00Z,2026-04-04 11:15,2026-04-04 11:30,QH,76.19,81.4,75.52,75.27,73.6,30,75.11,85.66,-9.47
2026-04-04T11:30:00Z,2026-04-04 11:30,2026-04-04 11:45,QH,92.73,109.62,91.88,90.47,91.7,18,91.39,83.14,9.59
2026-04-04T11:45:00Z,2026-04-04 11:45,2026-04-04 12:00,QH,87.99,90.2,86.03,86.5,116.6,21,89.57,89.68,-1.69
2026-04-04T12:00:00Z,2026-04-04 12:00,2026-04-04 12:15,QH,76.99,78.47,70.9,79.88,61.6,9,73.62,86.86,-9.87
2026-04-04T12:15:00Z,2026-04-04 12:15,2026-04-04 12:30,QH,77.85,83.56,63.25,84.81,149.1,25,77.44,79.62,-1.77
2026-04-04T12:30:00Z,2026-04-04 12:30,2026-04-04 12:45,QH,95.97,106.51,94.42,96.38,73.7,19,94.91,90.53,5.44
2026-04-04T12:45:00Z,2026-04-04 12:45,2026-04-04 13:00,QH,81.86,83.99,77.92,79.65,80.1,11,81.31,85.22,-3.36
2026-04-04T13:00:00Z,2026-04-04 13:00,2026-04-04 13:15,QH,90.41,93.52,86.94,89.21,66.7,8,87.7,88.55,1.87
2026-04-04T13:15:00Z,2026-04-04 13:15,2026-04-04 13:30,QH,90.88,94.38,81.2,86.17,93.0,18,90.48,81.71,9.17
2026-04-04T13:30:00Z,2026-04-04 13:30,2026-04-04 13:45,QH,88.14,91.22,81.25,87.42,105.5,13,90.81,79.35,8.79
2026-04-04T13:45:00Z,2026-04-04 13:45,2026-04-04 14:00,QH,88.96,89.12,77.66,92.03,119.3,30,87.57,90.44,-1.48
2026-04-04T14:00:00Z,2026-04-04 14:00,2026-04-04 14:15,QH,78.24,79.79,77.47,78.79,68.4,27,78.64,86.07,-7.83
2026-04-04T14:15:00Z,2026-04-04 14:15,2026-04-04 14:30,QH,65.85,72.12,60.94,61.06,114.2,16,67.26,77.25,-11.4
2026-04-04T14:30:00Z,2026-04-04 14:30,2026-04-04 14:45,QH,72.12,72.73,67.94,74.86,72.7,10,71.7,77.66,-5.54
2026-04-04T14:45:00Z,2026-04-04 14:45,2026-04-04 15:00,QH,97.26,98.84,92.95,101.71,70.0,10,98.85,87.33,9.93
2026-04-04T15:00:00Z,2026-04-04 15:00,2026-04-04 15:15,QH,86.75,91.02,82.57,82.9,120.5,19,90.62,86.9,-0.14
2026-04-04T15:15:00Z,2026-04-04 15:15,2026-04-04 15:30,QH,78.47,83.46,69.01,82.02,84.2,32,78.26,83.41,-4.93
2026-04-04T15:30:00Z,2026-04-04 15:30,2026-04-04 15:45,QH,94.75,95.25,88.92,91.84,46.3,15,95.84,84.15,10.6
2026-04-04T15:45:00Z,2026-04-04 15:45,2026-04-04 16:00,QH,93.04,93.42,89.71,93.8,163.9,81,93.86,88.1,4.94
2026-04-04T16:00:00Z,2026-04-04 16:00,2026-04-04 16:15,QH,98.74,102.31,96.66,98.36,107.0,39,98.52,75.82,22.92
2026-04-04T16:15:00Z,2026-04-04 16:15,2026-04-04 16:30,QH,73.38,80.71,69.22,76.68,26.1,6,75.11,87.3,-13.92
2026-04-04T16:30:00Z,2026-04-04 16:30,2026-04-04 16:45,QH,61.08,65.27,59.01,58.54,65.4,9,61.41,83.71,-22.63
2026-04-04T16:45:00Z,2026-04-04 16:45,2026-04-04 17:00,QH,132.28,133.58,130.44,129.07,137.5,17,130.3,80.03,52.25
2026-04-04T17:00:00Z,2026-04-04 17:00,2026-04-04 17:15,QH,87.68,87.8,87.61,81.9,54.0,7,88.42,78.61,9.07
2026-04-04T17:15:00Z,2026-04-04 17:15,2026-04-04 17:30,QH,69.45,73.34,68.77,71.06,98.8,24,70.28,81.57,-12.12
2026-04-04T17:30:00Z,2026-04-04 17:30,2026-04-04 17:45,QH,72.33,80.04,65.31,68.94,102.5,16,68.54,75.72,-3.39
2026-04-04T17:45:00Z,2026-04-04 17:45,2026-04-04 18:00,QH,96.37,103.29,92.29,101.09,131.3,28,94.04,74.12,22.25
2026-04-04T18:00:00Z,2026-04-04 18:00,2026-04-04 18:15,QH,59.35,63.51,56.3,62.38,143.9,29,60.6,83.62,-24.28
2026-04-04T18:15:00Z,2026-04-04 18:15,2026-04-04 18:30,QH,80.07,87.05,68.0,80.08,10.8,3,80.24,77.54,2.53
2026-04-04T18:30:00Z,2026-04-04 18:30,2026-04-04 18:45,QH,81.05,83.4,78.15,88.21,43.4,10,80.04,72.41,8.64
2026-04-04T18:45:00Z,2026-04-04 18:45,2026-04-04 19:00,QH,66.64,69.22,65.13,62.87,85.2,28,65.69,83.88,-17.24
2026-04-04T19:00:00Z,2026-04-04 19:00,2026-04-04 19:15,QH,71.01,72.27,66.09,67.5,99.3,30,74.96,79.83,-8.82
2026-04-04T19:15:00Z,2026-04-04 19:15,2026-04-04 19:30,QH,74.89,79.55,73.43,80.93,93.6,37,73.08,77.81,-2.92
2026-04-04T19:30:00Z,2026-04-04 19:30,2026-04-04 19:45,QH,58.44,59.52,53.95,60.61,84.5,15,56.45,72.19,-13.75
2026-04-04T19:45:00Z,2026-04-04 19:45,2026-04-04 20:00,QH,68.1,71.6,62.55,72.29,100.1,12,68.03,69.55,-1.44
2026-04-04T20:00:00Z,2026-04-04 20:00,2026-04-04 20:15,QH,43.07,46.45,41.93,42.58,127.8,18,41.36,41.1,1.97
2026-04-04T20:15:00Z,2026-04-04 20:15,2026-04-04 20:30,QH,34.86,35.64,33.77,38.24,100.6,12,33.1,43.28,-8.42
2026-04-04T20:30:00Z,2026-04-04 20:30,2026-04-04 20:45,QH,48.81,50.96,48.68,48.76,28.6,9,49.37,36.68,12.13
2026-04-04T20:45:00Z,2026-04-04 20:45,2026-04-04 21:00,QH,43.61,45.01,41.78,41.97,89.6,23,42.74,37.64,5.97
2026-04-04T21:00:00Z,2026-04-04 21:00,2026-04-04 21:15,QH,63.5,66.56,62.58,65.74,96.0,12,66.18,35.62,27.88
2026-04-04T21:15:00Z,2026-04-04 21:15,2026-04-04 21:30,QH,49.26,49.28,49.14,47.86,137.2,49,51.8,39.9,9.37
2026-04-04T21:30:00Z,2026-04-04 21:30,2026-04-04 21:45,QH,58.15,65.44,53.09,55.22,63.0,10,61.05,30.96,27.18
2026-04-04T21:45:00Z,2026-04-04 21:45,2026-04-04 22:00,QH,16.98,22.05,10.74,13.81,42.4,7,15.91,37.03,-20.05
2026-04-04T22:00:00Z,2026-04-04 22:00,2026-04-04 22:15,QH,47.41,52.36,40.16,42.61,64.4,8,48.59,37.01,10.41
2026-04-04T22:15:00Z,2026-04-04 22:15,2026-04-04 22:30,QH,28.29,30.44,27.6,26.06,63.1,18,27.95,40.82,-12.53
2026-04-04T22:30:00Z,2026-04-04 22:30,2026-04-04 22:45,QH,51.37,54.27,45.64,51.18,90.9,41,50.23,41.68,9.69
2026-04-04T22:45:00Z,2026-04-04 22:45,2026-04-04 23:00,QH,40.06,42.24,35.89,39.19,98.7,13,40.46,37.37,2.7
2026-04-04T23:00:00Z,2026-04-04 23:00,2026-04-04 23:15,QH,41.65,43.9,36.99,45.95,48.3,9,36.11,40.18,1.47
2026-04-04T23:15:00Z,2026-04-04 23:15,2026-04-04 23:30,QH,22.2,23.09,19.9,22.26,111.3,46,24.96,37.17,-14.97
2026-04-04T23:30:00Z,2026-04-04 23:30,2026-04-04 23:45,QH,50.02,55.58,47.12,53.99,39.3,8,45.15,31.11,18.92
2026-04-04T23:45:00Z,2026-04-04 23:45,2026-04-05 00:00,QH,54.77,60.98,47.48,59.55,86.2,11,59.2,46.52,8.25
