report_id,trade_id,reporting_entity,transaction_type,contract_type,delivery_point,submission_timestamp,reporting_deadline,status,rejection_reason
ACER-312694768,TRD-001001,A0003421.DE,STANDARD_SUPPLY,AUCT,DE-LU,2026-01-05T18:41:00Z,2026-01-06T23:59:59Z,ACCEPTED,
ACER-584570777,TRD-001002,A0003421.DE,STANDARD_SUPPLY,CONT,DE-LU,2026-01-05T07:27:00Z,2026-01-06T23:59:59Z,ACCEPTED,
ACER-756327613,TRD-001003,A0003421.DE,STANDARD_SUPPLY,AUCT,DE-LU,2026-01-05T12:15:00Z,2026-01-06T23:59:59Z,ACCEPTED,
ACER-599233027,TRD-001004,A0003421.DE,STANDARD_SUPPLY,CONT,DE-LU,2026-01-05T16:30:00Z,2026-01-06T23:59:59Z,SUBMITTED,
ACER-628612704,TRD-001005,A0003421.DE,STANDARD_SUPPLY,CONT,DE-LU,2026-01-05T14:28:00Z,2026-01-06T23:59:59Z,ACCEPTED,
ACER-207221415,TRD-001006,A0003421.DE,STANDARD_SUPPLY,AUCT,DE-LU,2026-01-05T11:55:00Z,2026-01-06T23:59:59Z,ACCEPTED,
ACER-316542136,TRD-001007,A0003421.DE,STANDARD_SUPPLY,CONT,DE-LU,2026-01-05T14:00:00Z,2026-01-06T23:59:59Z,SUBMITTED,
ACER-949318014,TRD-001008,A0003421.DE,STANDARD_SUPPLY,AUCT,DE-LU,2026-01-05T10:56:00Z,2026-01-06T23:59:59Z,ACCEPTED,
ACER-476566997,TRD-001009,A0003421.DE,STANDARD_SUPPLY,CONT,DE-LU,2026-01-05T13:19:00Z,2026-01-06T23:59:59Z,ACCEPTED,
ACER-922384362,TRD-001010,A0003421.DE,STANDARD_SUPPLY,CONT,DE-LU,2026-01-05T15:21:00Z,2026-01-06T23:59:59Z,ACCEPTED,
ACER-512275507,TRD-001011,A0003421.DE,TRANSPORTATION,CONT,DE-LU,2026-01-05T07:39:00Z,2026-01-06T23:59:59Z,SUBMITTED,
ACER-696681706,TRD-001012,A0003421.DE,STANDARD_SUPPLY,CONT,DE-LU,2026-01-05T17:26:00Z,2026-01-06T23:59:59Z,SUBMITTED,
ACER-116247565,TRD-001013,A0003421.DE,STANDARD_SUPPLY,AUCT,DE-LU,2026-01-05T09:12:00Z,2026-01-06T23:59:59Z,ACCEPTED,
ACER-891902083,TRD-001014,A0003421.DE,STANDARD_SUPPLY,CONT,DE-LU,2026-01-05T16:06:00Z,2026-01-06T23:59:59Z,ACCEPTED,
ACER-802150115,TRD-001015,A0003421.DE,STANDARD_SUPPLY,CONT,DE-LU,2026-01-05T21:45:00Z,2026-01-06T23:59:59Z,ACCEPTED,
ACER-116667830,TRD-001016,A0003421.DE,STANDARD_SUPPLY,CONT,DE-LU,2026-01-05T20:08:00Z,2026-01-06T23:59:59Z,ACCEPTED,
ACER-246079462,TRD-001017,A0003421.DE,STANDARD_SUPPLY,AUCT,DE-LU,2026-01-05T20:29:00Z,2026-01-06T23:59:59Z,ACCEPTED,
ACER-268367261,TRD-001018,A0003421.DE,STANDARD_SUPPLY,CONT,DE-LU,2026-01-05T09:12:00Z,2026-01-06T23:59:59Z,ACCEPTED,
ACER-494139034,TRD-001019,A0003421.DE,STANDARD_SUPPLY,CONT,DE-LU,2026-01-05T08:31:00Z,2026-01-06T23:59:59Z,ACCEPTED,
ACER-138985843,TRD-001020,A0003421.DE,STANDARD_SUPPLY,AUCT,DE-LU,2026-01-05T12:26:00Z,2026-01-06T23:59:59Z,ACCEPTED,
ACER-351522929,TRD-001021,A0003421.DE,TRANSPORTATION,CONT,DE-LU,2026-01-05T21:15:00Z,2026-01-06T23:59:59Z,ACCEPTED,
ACER-765740675,TRD-001022,A0003421.DE,STANDARD_SUPPLY,CONT,DE-LU,2026-01-05T08:14:00Z,2026-01-06T23:59:59Z,ACCEPTED,
ACER-164502220,TRD-001023,A0003421.DE,STANDARD_SUPPLY,AUCT,DE-LU,2026-01-05T12:01:00Z,2026-01-06T23:59:59Z,SUBMITTED,
ACER-498792691,TRD-001024,A0003421.DE,STANDARD_SUPPLY,CONT,DE-LU,2026-01-05T18:36:00Z,2026-01-06T23:59:59Z,ACCEPTED,
ACER-691898399,TRD-001025,A0003421.DE,TRANSPORTATION,AUCT,DE-LU,2026-01-05T13:12:00Z,2026-01-06T23:59:59Z,SUBMITTED,
ACER-369818117,TRD-001026,A0003421.DE,STANDARD_SUPPLY,CONT,DE-LU,2026-01-05T18:34:00Z,2026-01-06T23:59:59Z,ACCEPTED,
ACER-759234605,TRD-001027,A0003421.DE,STANDARD_SUPPLY,CONT,DE-LU,2026-01-05T21:35:00Z,2026-01-06T23:59:59Z,ACCEPTED,
ACER-599393091,TRD-001028,A0003421.DE,STANDARD_SUPPLY,CONT,DE-LU,2026-01-05T17:38:00Z,2026-01-06T23:59:59Z,ACCEPTED,
ACER-466828318,TRD-001029,A0003421.DE,STANDARD_SUPPLY,CONT,DE-LU,2026-01-05T12:50:00Z,2026-01-06T23:59:59Z,ACCEPTED,
ACER-833860494,TRD-001030,A0003421.DE,STANDARD_SUPPLY,CONT,DE-LU,2026-01-05T13:05:00Z,2026-01-06T23:59:59Z,PENDING,
ACER-575584249,TRD-001031,A0003421.DE,STANDARD_SUPPLY,CONT,DE-LU,2026-01-05T12:19:00Z,2026-01-06T23:59:59Z,SUBMITTED,
ACER-462074004,TRD-001032,A0003421.DE,STANDARD_SUPPLY,CONT,DE-LU,2026-01-05T16:51:00Z,2026-01-06T23:59:59Z,ACCEPTED,
ACER-525324670,TRD-001033,A0003421.DE,STANDARD_SUPPLY,CONT,DE-LU,2026-01-05T10:46:00Z,2026-01-06T23:59:59Z,PENDING,
ACER-846279411,TRD-001034,A0003421.DE,TRANSPORTATION,CONT,DE-LU,2026-01-05T07:19:00Z,2026-01-06T23:59:59Z,ACCEPTED,
ACER-153033796,TRD-001035,A0003421.DE,TRANSPORTATION,CONT,DE-LU,2026-01-05T10:37:00Z,2026-01-06T23:59:59Z,SUBMITTED,
ACER-557924208,TRD-001036,A0003421.DE,STANDARD_SUPPLY,CONT,DE-LU,2026-01-05T10:18:00Z,2026-01-06T23:59:59Z,ACCEPTED,
ACER-820403968,TRD-001037,A0003421.DE,STANDARD_SUPPLY,AUCT,DE-LU,2026-01-05T12:16:00Z,2026-01-06T23:59:59Z,ACCEPTED,
ACER-896074782,TRD-001038,A0003421.DE,STANDARD_SUPPLY,CONT,DE-LU,2026-01-05T17:28:00Z,2026-01-06T23:59:59Z,PENDING,
ACER-656628102,TRD-001039,A0003421.DE,TRANSPORTATION,CONT,DE-LU,2026-01-05T12:54:00Z,2026-01-06T23:59:59Z,SUBMITTED,
ACER-461559915,TRD-001031,A0003421.DE,STANDARD_SUPPLY,CONT,DE-LU,2026-01-06T12:34:00Z,2026-01-07T23:59:59Z,SUBMITTED,
ACER-749506716,TRD-001032,A0003421.DE,STANDARD_SUPPLY,CONT,DE-LU,2026-01-06T22:42:00Z,2026-01-07T23:59:59Z,ACCEPTED,
ACER-410139999,TRD-001033,A0003421.DE,STANDARD_SUPPLY,AUCT,DE-LU,2026-01-06T15:12:00Z,2026-01-07T23:59:59Z,ACCEPTED,
ACER-510407833,TRD-001034,A0003421.DE,STANDARD_SUPPLY,CONT,DE-LU,2026-01-06T18:23:00Z,2026-01-07T23:59:59Z,ACCEPTED,
ACER-337946932,TRD-001035,A0003421.DE,STANDARD_SUPPLY,CONT,DE-LU,2026-01-06T08:47:00Z,2026-01-07T23:59:59Z,SUBMITTED,
ACER-727597333,TRD-001036,A0003421.DE,STANDARD_SUPPLY,AUCT,DE-LU,2026-01-06T07:47:00Z,2026-01-07T23:59:59Z,ACCEPTED,
ACER-171329769,TRD-001037,A0003421.DE,STANDARD_SUPPLY,AUCT,DE-LU,2026-01-06T13:00:00Z,2026-01-07T23:59:59Z,PENDING,
ACER-909041299,TRD-001038,A0003421.DE,STANDARD_SUPPLY,AUCT,DE-LU,2026-01-06T08:51:00Z,2026-01-07T23:59:59Z,SUBMITTED,
ACER-382051846,TRD-001039,A0003421.DE,STANDARD_SUPPLY,CONT,DE-LU,2026-01-06T16:33:00Z,2026-01-07T23:59:59Z,ACCEPTED,
ACER-686007056,TRD-001040,A0003421.DE,TRANSPORTATION,CONT,DE-LU,2026-01-06T13:03:00Z,2026-01-07T23:59:59Z,SUBMITTED,
ACER-310594011,TRD-001041,A0003421.DE,STANDARD_SUPPLY,AUCT,DE-LU,2026-01-06T22:21:00Z,2026-01-07T23:59:59Z,ACCEPTED,
ACER-226924099,TRD-001042,A0003421.DE,STANDARD_SUPPLY,CONT,DE-LU,2026-01-06T06:32:00Z,2026-01-07T23:59:59Z,SUBMITTED,
ACER-748944008,TRD-001043,A0003421.DE,STANDARD_SUPPLY,CONT,DE-LU,2026-01-06T19:53:00Z,2026-01-07T23:59:59Z,ACCEPTED,
ACER-244831418,TRD-001044,A0003421.DE,STANDARD_SUPPLY,CONT,DE-LU,2026-01-06T15:43:00Z,2026-01-07T23:59:59Z,ACCEPTED,
ACER-324902822,TRD-001045,A0003421.DE,STANDARD_SUPPLY,AUCT,DE-LU,2026-01-06T17:57:00Z,2026-01-07T23:59:59Z,PENDING,
ACER-654444945,TRD-001046,A0003421.DE,TRANSPORTATION,AUCT,DE-LU,2026-01-06T07:28:00Z,2026-01-07T23:59:59Z,SUBMITTED,
ACER-237813064,TRD-001047,A0003421.DE,TRANSPORTATION,CONT,DE-LU,2026-01-06T21:09:00Z,2026-01-07T23:59:59Z,ACCEPTED,
ACER-915863895,TRD-001048,A0003421.DE,STANDARD_SUPPLY,CONT,DE-LU,2026-01-06T10:33:00Z,2026-01-07T23:59:59Z,ACCEPTED,
ACER-170177993,TRD-001049,A0003421.DE,STANDARD_SUPPLY,CONT,DE-LU,2026-01-06T08:17:00Z,2026-01-07T23:59:59Z,ACCEPTED,
ACER-861643431,TRD-001050,A0003421.DE,STANDARD_SUPPLY,CONT,DE-LU,2026-01-06T11:14:00Z,2026-01-07T23:59:59Z,ACCEPTED,
ACER-998200357,TRD-001051,A0003421.DE,STANDARD_SUPPLY,CONT,DE-LU,2026-01-06T17:55:00Z,2026-01-07T23:59:59Z,ACCEPTED,
ACER-859939578,TRD-001052,A0003421.DE,STANDARD_SUPPLY,AUCT,DE-LU,2026-01-06T14:41:00Z,2026-01-07T23:59:59Z,ACCEPTED,
ACER-171000195,TRD-001053,A0003421.DE,TRANSPORTATION,CONT,DE-LU,2026-01-06T22:13:00Z,2026-01-07T23:59:59Z,PENDING,
ACER-542262976,TRD-001054,A0003421.DE,STANDARD_SUPPLY,AUCT,DE-LU,2026-01-06T06:01:00Z,2026-01-07T23:59:59Z,ACCEPTED,
ACER-257533286,TRD-001055,A0003421.DE,STANDARD_SUPPLY,CONT,DE-LU,2026-01-06T13:05:00Z,2026-01-07T23:59:59Z,ACCEPTED,
ACER-454314560,TRD-001056,A0003421.DE,TRANSPORTATION,CONT,DE-LU,2026-01-06T19:50:00Z,2026-01-07T23:59:59Z,SUBMITTED,
ACER-882824087,TRD-001057,A0003421.DE,STANDARD_SUPPLY,CONT,DE-LU,2026-01-06T17:19:00Z,2026-01-07T23:59:59Z,SUBMITTED,
ACER-722848346,TRD-001058,A0003421.DE,STANDARD_SUPPLY,AUCT,DE-LU,2026-01-06T14:35:00Z,2026-01-07T23:59:59Z,SUBMITTED,
ACER-243836963,TRD-001059,A0003421.DE,STANDARD_SUPPLY,AUCT,DE-LU,2026-01-06T12:06:00Z,2026-01-07T23:59:59Z,ACCEPTED,
ACER-570539307,TRD-001060,A0003421.DE,STANDARD_SUPPLY,CONT,DE-LU,2026-01-06T18:28:00Z,2026-01-07T23:59:59Z,ACCEPTED,
ACER-131405402,TRD-001061,A0003421.DE,STANDARD_SUPPLY,AUCT,DE-LU,2026-01-06T07:22:00Z,2026-01-07T23:59:59Z,ACCEPTED,
ACER-432850373,TRD-001062,A0003421.DE,TRANSPORTATION,AUCT,DE-LU,2026-01-06T10:19:00Z,2026-01-07T23:59:59Z,ACCEPTED,
ACER-553155628,TRD-001063,A0003421.DE,STANDARD_SUPPLY,CONT,DE-LU,2026-01-06T09:32:00Z,2026-01-07T23:59:59Z,ACCEPTED,
ACER-591362640,TRD-001064,A0003421.DE,TRANSPORTATION,CONT,DE-LU,2026-01-06T14:10:00Z,2026-01-07T23:59:59Z,ACCEPTED,
ACER-916576917,TRD-001065,A0003421.DE,TRANSPORTATION,CONT,DE-LU,2026-01-06T17:55:00Z,2026-01-07T23:59:59Z,ACCEPTED,
ACER-565211137,TRD-001066,A0003421.DE,STANDARD_SUPPLY,CONT,DE-LU,2026-01-06T16:44:00Z,2026-01-07T23:59:59Z,ACCEPTED,
ACER-152648264,TRD-001067,A0003421.DE,STANDARD_SUPPLY,CONT,DE-LU,2026-01-06T15:37:00Z,2026-01-07T23:59:59Z,ACCEPTED,
ACER-708697550,TRD-001068,A0003421.DE,STANDARD_SUPPLY,AUCT,DE-LU,2026-01-06T17:55:00Z,2026-01-07T23:59:59Z,ACCEPTED,
ACER-425346160,TRD-001069,A0003421.DE,STANDARD_SUPPLY,CONT,DE-LU,2026-01-06T09:10:00Z,2026-01-07T23:59:59Z,SUBMITTED,
ACER-243702012,TRD-001070,A0003421.DE,TRANSPORTATION,AUCT,DE-LU,2026-01-06T21:27:00Z,2026-01-07T23:59:59Z,PENDING,
ACER-956918170,TRD-001071,A0003421.DE,STANDARD_SUPPLY,CONT,DE-LU,2026-01-06T18:13:00Z,2026-01-07T23:59:59Z,ACCEPTED,
ACER-606416512,TRD-001072,A0003421.DE,STANDARD_SUPPLY,AUCT,DE-LU,2026-01-06T21:42:00Z,2026-01-07T23:59:59Z,ACCEPTED,
ACER-904375837,TRD-001073,A0003421.DE,TRANSPORTATION,CONT,DE-LU,2026-01-06T18:56:00Z,2026-01-07T23:59:59Z,ACCEPTED,
ACER-787248700,TRD-001074,A0003421.DE,TRANSPORTATION,CONT,DE-LU,2026-01-06T09:38:00Z,2026-01-07T23:59:59Z,ACCEPTED,
ACER-712939365,TRD-001061,A0003421.DE,TRANSPORTATION,CONT,DE-LU,2026-01-07T21:47:00Z,2026-01-08T23:59:59Z,ACCEPTED,
ACER-804288507,TRD-001062,A0003421.DE,TRANSPORTATION,CONT,DE-LU,2026-01-07T20:44:00Z,2026-01-08T23:59:59Z,ACCEPTED,
ACER-595887877,TRD-001063,A0003421.DE,STANDARD_SUPPLY,CONT,DE-LU,2026-01-07T19:02:00Z,2026-01-08T23:59:59Z,PENDING,
ACER-747245791,TRD-001064,A0003421.DE,STANDARD_SUPPLY,CONT,DE-LU,2026-01-07T16:45:00Z,2026-01-08T23:59:59Z,ACCEPTED,
ACER-564762410,TRD-001065,A0003421.DE,TRANSPORTATION,CONT,DE-LU,2026-01-07T12:13:00Z,2026-01-08T23:59:59Z,ACCEPTED,
ACER-523411927,TRD-001066,A0003421.DE,STANDARD_SUPPLY,AUCT,DE-LU,2026-01-07T08:39:00Z,2026-01-08T23:59:59Z,SUBMITTED,
ACER-509696297,TRD-001067,A0003421.DE,STANDARD_SUPPLY,CONT,DE-LU,2026-01-07T17:49:00Z,2026-01-08T23:59:59Z,ACCEPTED,
ACER-431632193,TRD-001068,A0003421.DE,STANDARD_SUPPLY,CONT,DE-LU,2026-01-07T17:56:00Z,2026-01-08T23:59:59Z,ACCEPTED,
ACER-789623031,TRD-001069,A0003421.DE,STANDARD_SUPPLY,CONT,DE-LU,2026-01-07T11:42:00Z,2026-01-08T23:59:59Z,PENDING,
ACER-138501478,TRD-001070,A0003421.DE,STANDARD_SUPPLY,CONT,DE-LU,2026-01-07T14:56:00Z,2026-01-08T23:59:59Z,ACCEPTED,
ACER-550284378,TRD-001071,A0003421.DE,STANDARD_SUPPLY,CONT,DE-LU,2026-01-07T06:12:00Z,2026-01-08T23:59:59Z,ACCEPTED,
ACER-910293087,TRD-001072,A0003421.DE,TRANSPORTATION,AUCT,DE-LU,2026-01-07T19:04:00Z,2026-01-08T23:59:59Z,ACCEPTED,
ACER-910133788,TRD-001073,A0003421.DE,STANDARD_SUPPLY,CONT,DE-LU,2026-01-07T07:03:00Z,2026-01-08T23:59:59Z,ACCEPTED,
ACER-159718294,TRD-001074,A0003421.DE,STANDARD_SUPPLY,CONT,DE-LU,2026-01-07T20:17:00Z,2026-01-08T23:59:59Z,ACCEPTED,
ACER-307274618,TRD-001075,A0003421.DE,STANDARD_SUPPLY,CONT,DE-LU,2026-01-07T12:30:00Z,2026-01-08T23:59:59Z,ACCEPTED,
ACER-757730679,TRD-001091,A0003421.DE,STANDARD_SUPPLY,AUCT,DE-LU,2026-01-08T08:40:00Z,2026-01-09T23:59:59Z,ACCEPTED,
ACER-856540553,TRD-001092,A0003421.DE,STANDARD_SUPPLY,CONT,DE-LU,2026-01-08T14:50:00Z,2026-01-09T23:59:59Z,ACCEPTED,
ACER-206238959,TRD-001093,A0003421.DE,STANDARD_SUPPLY,CONT,DE-LU,2026-01-08T19:04:00Z,2026-01-09T23:59:59Z,ACCEPTED,
ACER-302800927,TRD-001094,A0003421.DE,TRANSPORTATION,CONT,DE-LU,2026-01-08T13:50:00Z,2026-01-09T23:59:59Z,ACCEPTED,
ACER-314719998,TRD-001095,A0003421.DE,STANDARD_SUPPLY,AUCT,DE-LU,2026-01-08T06:52:00Z,2026-01-09T23:59:59Z,ACCEPTED,
ACER-854093298,TRD-001096,A0003421.DE,STANDARD_SUPPLY,CONT,DE-LU,2026-01-08T13:14:00Z,2026-01-09T23:59:59Z,ACCEPTED,
ACER-210580733,TRD-001097,A0003421.DE,TRANSPORTATION,AUCT,DE-LU,2026-01-08T17:55:00Z,2026-01-09T23:59:59Z,ACCEPTED,
ACER-618306998,TRD-001098,A0003421.DE,STANDARD_SUPPLY,CONT,DE-LU,2026-01-08T18:09:00Z,2026-01-09T23:59:59Z,ACCEPTED,
ACER-124348708,TRD-001099,A0003421.DE,STANDARD_SUPPLY,CONT,DE-LU,2026-01-08T21:20:00Z,2026-01-09T23:59:59Z,ACCEPTED,
ACER-556025860,TRD-001100,A0003421.DE,STANDARD_SUPPLY,CONT,DE-LU,2026-01-08T22:23:00Z,2026-01-09T23:59:59Z,ACCEPTED,
ACER-159128208,TRD-001101,A0003421.DE,TRANSPORTATION,CONT,DE-LU,2026-01-08T07:51:00Z,2026-01-09T23:59:59Z,ACCEPTED,
ACER-825596446,TRD-001102,A0003421.DE,STANDARD_SUPPLY,CONT,DE-LU,2026-01-08T09:49:00Z,2026-01-09T23:59:59Z,PENDING,
ACER-608014885,TRD-001103,A0003421.DE,TRANSPORTATION,CONT,DE-LU,2026-01-08T09:27:00Z,2026-01-09T23:59:59Z,ACCEPTED,
ACER-205708270,TRD-001104,A0003421.DE,TRANSPORTATION,AUCT,DE-LU,2026-01-08T14:26:00Z,2026-01-09T23:59:59Z,ACCEPTED,
ACER-991225737,TRD-001105,A0003421.DE,TRANSPORTATION,AUCT,DE-LU,2026-01-08T17:26:00Z,2026-01-09T23:59:59Z,ACCEPTED,
ACER-450172146,TRD-001106,A0003421.DE,STANDARD_SUPPLY,CONT,DE-LU,2026-01-08T10:21:00Z,2026-01-09T23:59:59Z,SUBMITTED,
ACER-965004437,TRD-001107,A0003421.DE,STANDARD_SUPPLY,CONT,DE-LU,2026-01-08T09:07:00Z,2026-01-09T23:59:59Z,ACCEPTED,
ACER-996048013,TRD-001108,A0003421.DE,STANDARD_SUPPLY,CONT,DE-LU,2026-01-08T14:04:00Z,2026-01-09T23:59:59Z,ACCEPTED,
ACER-824318577,TRD-001121,A0003421.DE,STANDARD_SUPPLY,CONT,DE-LU,2026-01-09T12:38:00Z,2026-01-10T23:59:59Z,ACCEPTED,
ACER-699340236,TRD-001122,A0003421.DE,STANDARD_SUPPLY,CONT,DE-LU,2026-01-09T06:43:00Z,2026-01-10T23:59:59Z,ACCEPTED,
ACER-552426097,TRD-001123,A0003421.DE,TRANSPORTATION,AUCT,DE-LU,2026-01-09T13:18:00Z,2026-01-10T23:59:59Z,SUBMITTED,
ACER-926280720,TRD-001124,A0003421.DE,STANDARD_SUPPLY,CONT,DE-LU,2026-01-09T06:35:00Z,2026-01-10T23:59:59Z,SUBMITTED,
ACER-691531464,TRD-001125,A0003421.DE,STANDARD_SUPPLY,CONT,DE-LU,2026-01-09T07:22:00Z,2026-01-10T23:59:59Z,ACCEPTED,
ACER-460503522,TRD-001126,A0003421.DE,STANDARD_SUPPLY,CONT,DE-LU,2026-01-09T11:28:00Z,2026-01-10T23:59:59Z,SUBMITTED,
ACER-122974761,TRD-001127,A0003421.DE,STANDARD_SUPPLY,AUCT,DE-LU,2026-01-09T09:12:00Z,2026-01-10T23:59:59Z,PENDING,
ACER-834452524,TRD-001128,A0003421.DE,STANDARD_SUPPLY,CONT,DE-LU,2026-01-09T19:40:00Z,2026-01-10T23:59:59Z,ACCEPTED,
ACER-892454517,TRD-001129,A0003421.DE,STANDARD_SUPPLY,CONT,DE-LU,2026-01-09T15:58:00Z,2026-01-10T23:59:59Z,ACCEPTED,
ACER-223790150,TRD-001130,A0003421.DE,STANDARD_SUPPLY,AUCT,DE-LU,2026-01-09T15:13:00Z,2026-01-10T23:59:59Z,ACCEPTED,
ACER-509979457,TRD-001131,A0003421.DE,TRANSPORTATION,AUCT,DE-LU,2026-01-09T09:15:00Z,2026-01-10T23:59:59Z,SUBMITTED,
ACER-312063592,TRD-001132,A0003421.DE,TRANSPORTATION,CONT,DE-LU,2026-01-09T19:15:00Z,2026-01-10T23:59:59Z,ACCEPTED,
ACER-654721987,TRD-001133,A0003421.DE,TRANSPORTATION,CONT,DE-LU,2026-01-09T19:35:00Z,2026-01-10T23:59:59Z,ACCEPTED,
ACER-244011719,TRD-001134,A0003421.DE,STANDARD_SUPPLY,CONT,DE-LU,2026-01-09T21:50:00Z,2026-01-10T23:59:59Z,ACCEPTED,
ACER-535625035,TRD-001135,A0003421.DE,STANDARD_SUPPLY,CONT,DE-LU,2026-01-09T16:55:00Z,2026-01-10T23:59:59Z,ACCEPTED,
ACER-690531840,TRD-001136,A0003421.DE,STANDARD_SUPPLY,CONT,DE-LU,2026-01-09T21:44:00Z,2026-01-10T23:59:59Z,PENDING,
ACER-400755831,TRD-001137,A0003421.DE,STANDARD_SUPPLY,AUCT,DE-LU,2026-01-09T06:27:00Z,2026-01-10T23:59:59Z,SUBMITTED,
ACER-480581433,TRD-001138,A0003421.DE,STANDARD_SUPPLY,CONT,DE-LU,2026-01-09T20:08:00Z,2026-01-10T23:59:59Z,ACCEPTED,
ACER-975424970,TRD-001139,A0003421.DE,STANDARD_SUPPLY,AUCT,DE-LU,2026-01-09T17:47:00Z,2026-01-10T23:59:59Z,SUBMITTED,
ACER-996027408,TRD-001140,A0003421.DE,STANDARD_SUPPLY,AUCT,DE-LU,2026-01-09T18:35:00Z,2026-01-10T23:59:59Z,ACCEPTED,
ACER-415483440,TRD-001141,A0003421.DE,STANDARD_SUPPLY,CONT,DE-LU,2026-01-09T22:49:00Z,2026-01-10T23:59:59Z,ACCEPTED,
ACER-913691475,TRD-001142,A0003421.DE,STANDARD_SUPPLY,CONT,DE-LU,2026-01-09T14:31:00Z,2026-01-10T23:59:59Z,SUBMITTED,
ACER-190055115,TRD-001143,A0003421.DE,STANDARD_SUPPLY,AUCT,DE-LU,2026-01-09T16:27:00Z,2026-01-10T23:59:59Z,ACCEPTED,
ACER-487255843,TRD-001144,A0003421.DE,STANDARD_SUPPLY,CONT,DE-LU,2026-01-09T09:37:00Z,2026-01-10T23:59:59Z,PENDING,
ACER-497717097,TRD-001145,A0003421.DE,STANDARD_SUPPLY,AUCT,DE-LU,2026-01-09T12:56:00Z,2026-01-10T23:59:59Z,ACCEPTED,
ACER-342162606,TRD-001146,A0003421.DE,STANDARD_SUPPLY,CONT,DE-LU,2026-01-09T14:35:00Z,2026-01-10T23:59:59Z,ACCEPTED,
ACER-316804589,TRD-001147,A0003421.DE,TRANSPORTATION,CONT,DE-LU,2026-01-09T14:15:00Z,2026-01-10T23:59:59Z,ACCEPTED,
ACER-105349128,TRD-001148,A0003421.DE,STANDARD_SUPPLY,CONT,DE-LU,2026-01-09T21:09:00Z,2026-01-10T23:59:59Z,SUBMITTED,
ACER-470569767,TRD-001149,A0003421.DE,STANDARD_SUPPLY,AUCT,DE-LU,2026-01-09T21:54:00Z,2026-01-10T23:59:59Z,SUBMITTED,
ACER-849821996,TRD-001150,A0003421.DE,STANDARD_SUPPLY,CONT,DE-LU,2026-01-09T10:55:00Z,2026-01-10T23:59:59Z,SUBMITTED,
ACER-359913550,TRD-001151,A0003421.DE,TRANSPORTATION,CONT,DE-LU,2026-01-09T22:06:00Z,2026-01-10T23:59:59Z,ACCEPTED,
ACER-360064855,TRD-001152,A0003421.DE,STANDARD_SUPPLY,CONT,DE-LU,2026-01-09T17:10:00Z,2026-01-10T23:59:59Z,ACCEPTED,
ACER-760506304,TRD-001153,A0003421.DE,TRANSPORTATION,CONT,DE-LU,2026-01-09T10:27:00Z,2026-01-10T23:59:59Z,ACCEPTED,
ACER-876548321,TRD-001154,A0003421.DE,TRANSPORTATION,CONT,DE-LU,2026-01-09T17:11:00Z,2026-01-10T23:59:59Z,ACCEPTED,
ACER-289466488,TRD-001155,A0003421.DE,TRANSPORTATION,CONT,DE-LU,2026-01-09T09:16:00Z,2026-01-10T23:59:59Z,ACCEPTED,
ACER-278821963,TRD-001151,A0003421.DE,STANDARD_SUPPLY,CONT,DE-LU,2026-01-10T20:17:00Z,2026-01-11T23:59:59Z,REJECTED,INVALID_DELIVERY_POINT
ACER-437333230,TRD-001152,A0003421.DE,TRANSPORTATION,CONT,DE-LU,2026-01-10T07:02:00Z,2026-01-11T23:59:59Z,ACCEPTED,
ACER-759872760,TRD-001153,A0003421.DE,STANDARD_SUPPLY,CONT,DE-LU,2026-01-10T15:32:00Z,2026-01-11T23:59:59Z,ACCEPTED,
ACER-172656650,TRD-001154,A0003421.DE,STANDARD_SUPPLY,AUCT,DE-LU,2026-01-10T13:17:00Z,2026-01-11T23:59:59Z,ACCEPTED,
ACER-922650730,TRD-001155,A0003421.DE,STANDARD_SUPPLY,CONT,DE-LU,2026-01-10T15:20:00Z,2026-01-11T23:59:59Z,SUBMITTED,
ACER-399193069,TRD-001156,A0003421.DE,STANDARD_SUPPLY,CONT,DE-LU,2026-01-10T07:40:00Z,2026-01-11T23:59:59Z,ACCEPTED,
ACER-643883900,TRD-001157,A0003421.DE,TRANSPORTATION,CONT,DE-LU,2026-01-10T17:57:00Z,2026-01-11T23:59:59Z,ACCEPTED,
ACER-760324776,TRD-001158,A0003421.DE,STANDARD_SUPPLY,AUCT,DE-LU,2026-01-10T06:18:00Z,2026-01-11T23:59:59Z,ACCEPTED,
ACER-805909805,TRD-001159,A0003421.DE,TRANSPORTATION,AUCT,DE-LU,2026-01-10T20:23:00Z,2026-01-11T23:59:59Z,SUBMITTED,
ACER-522515140,TRD-001160,A0003421.DE,TRANSPORTATION,CONT,DE-LU,2026-01-10T09:38:00Z,2026-01-11T23:59:59Z,SUBMITTED,
ACER-959733050,TRD-001161,A0003421.DE,STANDARD_SUPPLY,AUCT,DE-LU,2026-01-10T14:44:00Z,2026-01-11T23:59:59Z,ACCEPTED,
ACER-234621816,TRD-001162,A0003421.DE,TRANSPORTATION,CONT,DE-LU,2026-01-10T06:48:00Z,2026-01-11T23:59:59Z,ACCEPTED,
ACER-374523654,TRD-001163,A0003421.DE,STANDARD_SUPPLY,CONT,DE-LU,2026-01-10T18:37:00Z,2026-01-11T23:59:59Z,SUBMITTED,
ACER-276653632,TRD-001164,A0003421.DE,STANDARD_SUPPLY,CONT,DE-LU,2026-01-10T22:22:00Z,2026-01-11T23:59:59Z,ACCEPTED,
ACER-541528637,TRD-001165,A0003421.DE,TRANSPORTATION,CONT,DE-LU,2026-01-10T08:45:00Z,2026-01-11T23:59:59Z,PENDING,
ACER-723517842,TRD-001166,A0003421.DE,STANDARD_SUPPLY,CONT,DE-LU,2026-01-10T17:06:00Z,2026-01-11T23:59:59Z,ACCEPTED,
ACER-285718978,TRD-001167,A0003421.DE,STANDARD_SUPPLY,CONT,DE-LU,2026-01-10T17:27:00Z,2026-01-11T23:59:59Z,ACCEPTED,
ACER-692374612,TRD-001181,A0003421.DE,STANDARD_SUPPLY,CONT,DE-LU,2026-01-11T18:59:00Z,2026-01-12T23:59:59Z,ACCEPTED,
ACER-661390359,TRD-001182,A0003421.DE,STANDARD_SUPPLY,CONT,DE-LU,2026-01-11T14:08:00Z,2026-01-12T23:59:59Z,REJECTED,INVALID_DELIVERY_POINT
ACER-545421787,TRD-001183,A0003421.DE,STANDARD_SUPPLY,CONT,DE-LU,2026-01-11T06:50:00Z,2026-01-12T23:59:59Z,ACCEPTED,
ACER-669151470,TRD-001184,A0003421.DE,TRANSPORTATION,AUCT,DE-LU,2026-01-11T11:54:00Z,2026-01-12T23:59:59Z,PENDING,
ACER-137715229,TRD-001185,A0003421.DE,STANDARD_SUPPLY,AUCT,DE-LU,2026-01-11T14:02:00Z,2026-01-12T23:59:59Z,SUBMITTED,
ACER-350845674,TRD-001186,A0003421.DE,STANDARD_SUPPLY,CONT,DE-LU,2026-01-11T19:50:00Z,2026-01-12T23:59:59Z,ACCEPTED,
ACER-680444824,TRD-001187,A0003421.DE,STANDARD_SUPPLY,AUCT,DE-LU,2026-01-11T06:01:00Z,2026-01-12T23:59:59Z,SUBMITTED,
ACER-822921562,TRD-001188,A0003421.DE,STANDARD_SUPPLY,CONT,DE-LU,2026-01-11T08:32:00Z,2026-01-12T23:59:59Z,ACCEPTED,
ACER-382262946,TRD-001189,A0003421.DE,STANDARD_SUPPLY,AUCT,DE-LU,2026-01-11T06:37:00Z,2026-01-12T23:59:59Z,ACCEPTED,
ACER-939728718,TRD-001190,A0003421.DE,STANDARD_SUPPLY,CONT,DE-LU,2026-01-11T18:57:00Z,2026-01-12T23:59:59Z,ACCEPTED,
ACER-840809423,TRD-001191,A0003421.DE,STANDARD_SUPPLY,CONT,DE-LU,2026-01-11T14:07:00Z,2026-01-12T23:59:59Z,ACCEPTED,
ACER-529451773,TRD-001192,A0003421.DE,STANDARD_SUPPLY,CONT,DE-LU,2026-01-11T10:36:00Z,2026-01-12T23:59:59Z,SUBMITTED,
ACER-349620206,TRD-001193,A0003421.DE,STANDARD_SUPPLY,CONT,DE-LU,2026-01-11T06:57:00Z,2026-01-12T23:59:59Z,ACCEPTED,
ACER-897507549,TRD-001194,A0003421.DE,STANDARD_SUPPLY,CONT,DE-LU,2026-01-11T18:58:00Z,2026-01-12T23:59:59Z,SUBMITTED,
ACER-919737656,TRD-001195,A0003421.DE,STANDARD_SUPPLY,AUCT,DE-LU,2026-01-11T15:28:00Z,2026-01-12T23:59:59Z,SUBMITTED,
ACER-629926538,TRD-001196,A0003421.DE,TRANSPORTATION,CONT,DE-LU,2026-01-11T11:30:00Z,2026-01-12T23:59:59Z,ACCEPTED,
ACER-102124592,TRD-001197,A0003421.DE,STANDARD_SUPPLY,CONT,DE-LU,2026-01-11T07:59:00Z,2026-01-12T23:59:59Z,PENDING,
ACER-922273005,TRD-001198,A0003421.DE,STANDARD_SUPPLY,CONT,DE-LU,2026-01-11T13:12:00Z,2026-01-12T23:59:59Z,ACCEPTED,
ACER-947731714,TRD-001199,A0003421.DE,STANDARD_SUPPLY,CONT,DE-LU,2026-01-11T21:26:00Z,2026-01-12T23:59:59Z,ACCEPTED,
ACER-484278638,TRD-001200,A0003421.DE,STANDARD_SUPPLY,CONT,DE-LU,2026-01-11T12:23:00Z,2026-01-12T23:59:59Z,ACCEPTED,
ACER-573787066,TRD-001201,A0003421.DE,TRANSPORTATION,AUCT,DE-LU,2026-01-11T16:17:00Z,2026-01-12T23:59:59Z,ACCEPTED,
ACER-339443028,TRD-001202,A0003421.DE,STANDARD_SUPPLY,CONT,DE-LU,2026-01-11T06:34:00Z,2026-01-12T23:59:59Z,ACCEPTED,
ACER-886569385,TRD-001203,A0003421.DE,STANDARD_SUPPLY,CONT,DE-LU,2026-01-11T10:29:00Z,2026-01-12T23:59:59Z,ACCEPTED,
ACER-257196242,TRD-001204,A0003421.DE,TRANSPORTATION,CONT,DE-LU,2026-01-11T20:22:00Z,2026-01-12T23:59:59Z,SUBMITTED,
ACER-623526258,TRD-001205,A0003421.DE,TRANSPORTATION,CONT,DE-LU,2026-01-11T08:30:00Z,2026-01-12T23:59:59Z,SUBMITTED,
ACER-988300916,TRD-001211,A0003421.DE,STANDARD_SUPPLY,CONT,DE-LU,2026-01-12T07:16:00Z,2026-01-13T23:59:59Z,ACCEPTED,
ACER-944483491,TRD-001212,A0003421.DE,STANDARD_SUPPLY,CONT,DE-LU,2026-01-12T11:22:00Z,2026-01-13T23:59:59Z,SUBMITTED,
ACER-560841683,TRD-001213,A0003421.DE,STANDARD_SUPPLY,AUCT,DE-LU,2026-01-12T20:00:00Z,2026-01-13T23:59:59Z,ACCEPTED,
ACER-781988483,TRD-001214,A0003421.DE,STANDARD_SUPPLY,AUCT,DE-LU,2026-01-12T11:07:00Z,2026-01-13T23:59:59Z,ACCEPTED,
ACER-301541057,TRD-001215,A0003421.DE,STANDARD_SUPPLY,AUCT,DE-LU,2026-01-12T11:32:00Z,2026-01-13T23:59:59Z,ACCEPTED,
ACER-750952331,TRD-001216,A0003421.DE,STANDARD_SUPPLY,CONT,DE-LU,2026-01-12T22:22:00Z,2026-01-13T23:59:59Z,ACCEPTED,
ACER-771163971,TRD-001217,A0003421.DE,TRANSPORTATION,CONT,DE-LU,2026-01-12T09:14:00Z,2026-01-13T23:59:59Z,ACCEPTED,
ACER-816571346,TRD-001218,A0003421.DE,STANDARD_SUPPLY,CONT,DE-LU,2026-01-12T14:31:00Z,2026-01-13T23:59:59Z,SUBMITTED,
ACER-343507678,TRD-001219,A0003421.DE,STANDARD_SUPPLY,CONT,DE-LU,2026-01-12T19:17:00Z,2026-01-13T23:59:59Z,ACCEPTED,
ACER-381727637,TRD-001220,A0003421.DE,STANDARD_SUPPLY,AUCT,DE-LU,2026-01-12T14:00:00Z,2026-01-13T23:59:59Z,SUBMITTED,
ACER-591278551,TRD-001221,A0003421.DE,STANDARD_SUPPLY,CONT,DE-LU,2026-01-12T17:51:00Z,2026-01-13T23:59:59Z,SUBMITTED,
ACER-437479740,TRD-001222,A0003421.DE,STANDARD_SUPPLY,CONT,DE-LU,2026-01-12T17:17:00Z,2026-01-13T23:59:59Z,ACCEPTED,
ACER-124396430,TRD-001223,A0003421.DE,TRANSPORTATION,CONT,DE-LU,2026-01-12T08:40:00Z,2026-01-13T23:59:59Z,ACCEPTED,
ACER-830237105,TRD-001224,A0003421.DE,TRANSPORTATION,CONT,DE-LU,2026-01-12T06:19:00Z,2026-01-13T23:59:59Z,ACCEPTED,
ACER-662033450,TRD-001225,A0003421.DE,STANDARD_SUPPLY,CONT,DE-LU,2026-01-12T12:11:00Z,2026-01-13T23:59:59Z,SUBMITTED,
ACER-547916978,TRD-001226,A0003421.DE,TRANSPORTATION,CONT,DE-LU,2026-01-12T06:16:00Z,2026-01-13T23:59:59Z,ACCEPTED,
ACER-656148016,TRD-001227,A0003421.DE,STANDARD_SUPPLY,CONT,DE-LU,2026-01-12T19:50:00Z,2026-01-13T23:59:59Z,ACCEPTED,
ACER-272855366,TRD-001228,A0003421.DE,STANDARD_SUPPLY,CONT,DE-LU,2026-01-12T16:09:00Z,2026-01-13T23:59:59Z,ACCEPTED,
ACER-848617157,TRD-001229,A0003421.DE,STANDARD_SUPPLY,AUCT,DE-LU,2026-01-12T21:19:00Z,2026-01-13T23:59:59Z,PENDING,
ACER-733055316,TRD-001230,A0003421.DE,STANDARD_SUPPLY,CONT,DE-LU,2026-01-12T17:18:00Z,2026-01-13T23:59:59Z,ACCEPTED,
ACER-911445783,TRD-001231,A0003421.DE,STANDARD_SUPPLY,CONT,DE-LU,2026-01-12T12:06:00Z,2026-01-13T23:59:59Z,REJECTED,VOLUME_MISMATCH
ACER-386745872,TRD-001232,A0003421.DE,STANDARD_SUPPLY,CONT,DE-LU,2026-01-12T13:51:00Z,2026-01-13T23:59:59Z,ACCEPTED,
ACER-896399307,TRD-001233,A0003421.DE,STANDARD_SUPPLY,CONT,DE-LU,2026-01-12T13:11:00Z,2026-01-13T23:59:59Z,SUBMITTED,
ACER-259346847,TRD-001234,A0003421.DE,STANDARD_SUPPLY,CONT,DE-LU,2026-01-12T20:03:00Z,2026-01-13T23:59:59Z,ACCEPTED,
ACER-643474336,TRD-001235,A0003421.DE,STANDARD_SUPPLY,CONT,DE-LU,2026-01-12T11:39:00Z,2026-01-13T23:59:59Z,ACCEPTED,
ACER-853055596,TRD-001236,A0003421.DE,STANDARD_SUPPLY,CONT,DE-LU,2026-01-12T06:09:00Z,2026-01-13T23:59:59Z,REJECTED,VOLUME_MISMATCH
ACER-191547982,TRD-001237,A0003421.DE,STANDARD_SUPPLY,AUCT,DE-LU,2026-01-12T19:53:00Z,2026-01-13T23:59:59Z,ACCEPTED,
ACER-611113815,TRD-001238,A0003421.DE,STANDARD_SUPPLY,AUCT,DE-LU,2026-01-12T22:00:00Z,2026-01-13T23:59:59Z,ACCEPTED,
ACER-887990338,TRD-001239,A0003421.DE,STANDARD_SUPPLY,CONT,DE-LU,2026-01-12T10:20:00Z,2026-01-13T23:59:59Z,ACCEPTED,
ACER-444126551,TRD-001240,A0003421.DE,STANDARD_SUPPLY,CONT,DE-LU,2026-01-12T14:23:00Z,2026-01-13T23:59:59Z,ACCEPTED,
ACER-614287277,TRD-001241,A0003421.DE,STANDARD_SUPPLY,AUCT,DE-LU,2026-01-12T18:21:00Z,2026-01-13T23:59:59Z,ACCEPTED,
ACER-338674717,TRD-001242,A0003421.DE,STANDARD_SUPPLY,CONT,DE-LU,2026-01-12T21:25:00Z,2026-01-13T23:59:59Z,SUBMITTED,
ACER-807084927,TRD-001243,A0003421.DE,STANDARD_SUPPLY,CONT,DE-LU,2026-01-12T22:47:00Z,2026-01-13T23:59:59Z,PENDING,
ACER-540480233,TRD-001244,A0003421.DE,STANDARD_SUPPLY,CONT,DE-LU,2026-01-12T06:41:00Z,2026-01-13T23:59:59Z,SUBMITTED,
ACER-116661681,TRD-001245,A0003421.DE,TRANSPORTATION,CONT,DE-LU,2026-01-12T18:47:00Z,2026-01-13T23:59:59Z,ACCEPTED,
ACER-682209029,TRD-001246,A0003421.DE,TRANSPORTATION,CONT,DE-LU,2026-01-12T10:56:00Z,2026-01-13T23:59:59Z,ACCEPTED,
ACER-442197431,TRD-001247,A0003421.DE,STANDARD_SUPPLY,AUCT,DE-LU,2026-01-12T06:14:00Z,2026-01-13T23:59:59Z,ACCEPTED,
ACER-446259799,TRD-001241,A0003421.DE,STANDARD_SUPPLY,CONT,DE-LU,2026-01-13T20:10:00Z,2026-01-14T23:59:59Z,PENDING,
ACER-551333292,TRD-001242,A0003421.DE,STANDARD_SUPPLY,CONT,DE-LU,2026-01-13T10:39:00Z,2026-01-14T23:59:59Z,ACCEPTED,
ACER-299691137,TRD-001243,A0003421.DE,STANDARD_SUPPLY,CONT,DE-LU,2026-01-13T06:30:00Z,2026-01-14T23:59:59Z,ACCEPTED,
ACER-276434581,TRD-001244,A0003421.DE,STANDARD_SUPPLY,CONT,DE-LU,2026-01-13T11:14:00Z,2026-01-14T23:59:59Z,REJECTED,TIMESTAMP_FORMAT_ERROR
ACER-476293483,TRD-001245,A0003421.DE,STANDARD_SUPPLY,AUCT,DE-LU,2026-01-13T18:20:00Z,2026-01-14T23:59:59Z,ACCEPTED,
ACER-941261063,TRD-001246,A0003421.DE,TRANSPORTATION,CONT,DE-LU,2026-01-13T12:34:00Z,2026-01-14T23:59:59Z,SUBMITTED,
ACER-572988102,TRD-001247,A0003421.DE,STANDARD_SUPPLY,CONT,DE-LU,2026-01-13T16:40:00Z,2026-01-14T23:59:59Z,PENDING,
ACER-473543220,TRD-001248,A0003421.DE,STANDARD_SUPPLY,CONT,DE-LU,2026-01-13T18:16:00Z,2026-01-14T23:59:59Z,ACCEPTED,
ACER-393731736,TRD-001249,A0003421.DE,STANDARD_SUPPLY,CONT,DE-LU,2026-01-13T08:06:00Z,2026-01-14T23:59:59Z,ACCEPTED,
ACER-589902669,TRD-001250,A0003421.DE,STANDARD_SUPPLY,CONT,DE-LU,2026-01-13T11:21:00Z,2026-01-14T23:59:59Z,ACCEPTED,
ACER-443455098,TRD-001251,A0003421.DE,STANDARD_SUPPLY,CONT,DE-LU,2026-01-13T07:30:00Z,2026-01-14T23:59:59Z,ACCEPTED,
ACER-434904804,TRD-001252,A0003421.DE,STANDARD_SUPPLY,CONT,DE-LU,2026-01-13T19:02:00Z,2026-01-14T23:59:59Z,ACCEPTED,
ACER-879227876,TRD-001253,A0003421.DE,STANDARD_SUPPLY,CONT,DE-LU,2026-01-13T13:23:00Z,2026-01-14T23:59:59Z,SUBMITTED,
ACER-349875919,TRD-001254,A0003421.DE,TRANSPORTATION,CONT,DE-LU,2026-01-13T18:16:00Z,2026-01-14T23:59:59Z,SUBMITTED,
ACER-889477155,TRD-001255,A0003421.DE,STANDARD_SUPPLY,CONT,DE-LU,2026-01-13T08:51:00Z,2026-01-14T23:59:59Z,PENDING,
ACER-565153574,TRD-001256,A0003421.DE,STANDARD_SUPPLY,CONT,DE-LU,2026-01-13T20:53:00Z,2026-01-14T23:59:59Z,ACCEPTED,
ACER-397835417,TRD-001257,A0003421.DE,STANDARD_SUPPLY,CONT,DE-LU,2026-01-13T09:52:00Z,2026-01-14T23:59:59Z,SUBMITTED,
ACER-925250604,TRD-001258,A0003421.DE,STANDARD_SUPPLY,CONT,DE-LU,2026-01-13T17:44:00Z,2026-01-14T23:59:59Z,ACCEPTED,
ACER-278740711,TRD-001259,A0003421.DE,STANDARD_SUPPLY,CONT,DE-LU,2026-01-13T17:42:00Z,2026-01-14T23:59:59Z,SUBMITTED,
ACER-502766661,TRD-001260,A0003421.DE,STANDARD_SUPPLY,CONT,DE-LU,2026-01-13T16:12:00Z,2026-01-14T23:59:59Z,ACCEPTED,
ACER-158596836,TRD-001271,A0003421.DE,STANDARD_SUPPLY,AUCT,DE-LU,2026-01-14T12:20:00Z,2026-01-15T23:59:59Z,ACCEPTED,
ACER-428735812,TRD-001272,A0003421.DE,STANDARD_SUPPLY,AUCT,DE-LU,2026-01-14T13:12:00Z,2026-01-15T23:59:59Z,PENDING,
ACER-524007999,TRD-001273,A0003421.DE,STANDARD_SUPPLY,AUCT,DE-LU,2026-01-14T16:10:00Z,2026-01-15T23:59:59Z,ACCEPTED,
ACER-818343657,TRD-001274,A0003421.DE,TRANSPORTATION,AUCT,DE-LU,2026-01-14T14:29:00Z,2026-01-15T23:59:59Z,SUBMITTED,
ACER-503227438,TRD-001275,A0003421.DE,STANDARD_SUPPLY,CONT,DE-LU,2026-01-14T09:40:00Z,2026-01-15T23:59:59Z,ACCEPTED,
ACER-558297670,TRD-001276,A0003421.DE,TRANSPORTATION,CONT,DE-LU,2026-01-14T07:43:00Z,2026-01-15T23:59:59Z,REJECTED,VOLUME_MISMATCH
ACER-558543907,TRD-001277,A0003421.DE,STANDARD_SUPPLY,CONT,DE-LU,2026-01-14T12:20:00Z,2026-01-15T23:59:59Z,ACCEPTED,
ACER-375828080,TRD-001278,A0003421.DE,STANDARD_SUPPLY,CONT,DE-LU,2026-01-14T15:11:00Z,2026-01-15T23:59:59Z,SUBMITTED,
ACER-849983413,TRD-001279,A0003421.DE,TRANSPORTATION,CONT,DE-LU,2026-01-14T15:32:00Z,2026-01-15T23:59:59Z,ACCEPTED,
ACER-709459264,TRD-001280,A0003421.DE,STANDARD_SUPPLY,CONT,DE-LU,2026-01-14T20:30:00Z,2026-01-15T23:59:59Z,ACCEPTED,
ACER-840727706,TRD-001281,A0003421.DE,TRANSPORTATION,CONT,DE-LU,2026-01-14T10:26:00Z,2026-01-15T23:59:59Z,SUBMITTED,
ACER-723867954,TRD-001282,A0003421.DE,STANDARD_SUPPLY,CONT,DE-LU,2026-01-14T13:20:00Z,2026-01-15T23:59:59Z,ACCEPTED,
ACER-535909873,TRD-001283,A0003421.DE,STANDARD_SUPPLY,CONT,DE-LU,2026-01-14T08:04:00Z,2026-01-15T23:59:59Z,ACCEPTED,
ACER-635782813,TRD-001284,A0003421.DE,TRANSPORTATION,CONT,DE-LU,2026-01-14T10:10:00Z,2026-01-15T23:59:59Z,ACCEPTED,
ACER-872447404,TRD-001285,A0003421.DE,STANDARD_SUPPLY,CONT,DE-LU,2026-01-14T21:31:00Z,2026-01-15T23:59:59Z,ACCEPTED,
ACER-914431242,TRD-001286,A0003421.DE,TRANSPORTATION,CONT,DE-LU,2026-01-14T15:21:00Z,2026-01-15T23:59:59Z,ACCEPTED,
ACER-304709236,TRD-001287,A0003421.DE,STANDARD_SUPPLY,AUCT,DE-LU,2026-01-14T17:17:00Z,2026-01-15T23:59:59Z,ACCEPTED,
ACER-948329845,TRD-001288,A0003421.DE,STANDARD_SUPPLY,CONT,DE-LU,2026-01-14T21:24:00Z,2026-01-15T23:59:59Z,ACCEPTED,
ACER-979911856,TRD-001289,A0003421.DE,STANDARD_SUPPLY,CONT,DE-LU,2026-01-14T09:49:00Z,2026-01-15T23:59:59Z,ACCEPTED,
ACER-172490158,TRD-001290,A0003421.DE,STANDARD_SUPPLY,CONT,DE-LU,2026-01-14T20:10:00Z,2026-01-15T23:59:59Z,ACCEPTED,
ACER-345083788,TRD-001291,A0003421.DE,STANDARD_SUPPLY,AUCT,DE-LU,2026-01-14T09:53:00Z,2026-01-15T23:59:59Z,ACCEPTED,
ACER-697137646,TRD-001292,A0003421.DE,TRANSPORTATION,AUCT,DE-LU,2026-01-14T12:42:00Z,2026-01-15T23:59:59Z,PENDING,
ACER-259828226,TRD-001293,A0003421.DE,TRANSPORTATION,CONT,DE-LU,2026-01-14T12:10:00Z,2026-01-15T23:59:59Z,ACCEPTED,
ACER-449764008,TRD-001294,A0003421.DE,STANDARD_SUPPLY,CONT,DE-LU,2026-01-14T15:47:00Z,2026-01-15T23:59:59Z,ACCEPTED,
ACER-279697027,TRD-001295,A0003421.DE,TRANSPORTATION,AUCT,DE-LU,2026-01-14T20:15:00Z,2026-01-15T23:59:59Z,ACCEPTED,
ACER-745174414,TRD-001296,A0003421.DE,STANDARD_SUPPLY,CONT,DE-LU,2026-01-14T12:04:00Z,2026-01-15T23:59:59Z,SUBMITTED,
ACER-623244126,TRD-001297,A0003421.DE,TRANSPORTATION,CONT,DE-LU,2026-01-14T11:23:00Z,2026-01-15T23:59:59Z,ACCEPTED,
ACER-178835924,TRD-001298,A0003421.DE,STANDARD_SUPPLY,CONT,DE-LU,2026-01-14T18:21:00Z,2026-01-15T23:59:59Z,ACCEPTED,
ACER-670929738,TRD-001299,A0003421.DE,STANDARD_SUPPLY,CONT,DE-LU,2026-01-14T13:07:00Z,2026-01-15T23:59:59Z,ACCEPTED,
ACER-969345135,TRD-001300,A0003421.DE,STANDARD_SUPPLY,CONT,DE-LU,2026-01-14T21:59:00Z,2026-01-15T23:59:59Z,ACCEPTED,
ACER-441110562,TRD-001301,A0003421.DE,TRANSPORTATION,CONT,DE-LU,2026-01-14T09:16:00Z,2026-01-15T23:59:59Z,ACCEPTED,
ACER-896955224,TRD-001302,A0003421.DE,STANDARD_SUPPLY,AUCT,DE-LU,2026-01-14T21:34:00Z,2026-01-15T23:59:59Z,PENDING,
ACER-744691042,TRD-001303,A0003421.DE,STANDARD_SUPPLY,CONT,DE-LU,2026-01-14T12:51:00Z,2026-01-15T23:59:59Z,ACCEPTED,
ACER-926551407,TRD-001304,A0003421.DE,STANDARD_SUPPLY,AUCT,DE-LU,2026-01-14T19:24:00Z,2026-01-15T23:59:59Z,ACCEPTED,
ACER-254625392,TRD-001305,A0003421.DE,STANDARD_SUPPLY,AUCT,DE-LU,2026-01-14T16:27:00Z,2026-01-15T23:59:59Z,ACCEPTED,
ACER-767669868,TRD-001306,A0003421.DE,TRANSPORTATION,AUCT,DE-LU,2026-01-14T21:15:00Z,2026-01-15T23:59:59Z,ACCEPTED,
ACER-106715029,TRD-001307,A0003421.DE,TRANSPORTATION,AUCT,DE-LU,2026-01-14T21:22:00Z,2026-01-15T23:59:59Z,ACCEPTED,
ACER-290777010,TRD-001308,A0003421.DE,STANDARD_SUPPLY,AUCT,DE-LU,2026-01-14T21:27:00Z,2026-01-15T23:59:59Z,SUBMITTED,
ACER-660110434,TRD-001309,A0003421.DE,STANDARD_SUPPLY,CONT,DE-LU,2026-01-14T17:42:00Z,2026-01-15T23:59:59Z,ACCEPTED,
ACER-289571835,TRD-001310,A0003421.DE,STANDARD_SUPPLY,CONT,DE-LU,2026-01-14T13:34:00Z,2026-01-15T23:59:59Z,ACCEPTED,
ACER-499870525,TRD-001311,A0003421.DE,STANDARD_SUPPLY,CONT,DE-LU,2026-01-14T06:27:00Z,2026-01-15T23:59:59Z,ACCEPTED,
ACER-706181680,TRD-001312,A0003421.DE,STANDARD_SUPPLY,AUCT,DE-LU,2026-01-14T09:50:00Z,2026-01-15T23:59:59Z,SUBMITTED,
ACER-676216765,TRD-001313,A0003421.DE,TRANSPORTATION,CONT,DE-LU,2026-01-14T11:06:00Z,2026-01-15T23:59:59Z,SUBMITTED,
ACER-643896659,TRD-001314,A0003421.DE,STANDARD_SUPPLY,CONT,DE-LU,2026-01-14T06:45:00Z,2026-01-15T23:59:59Z,SUBMITTED,
ACER-812131258,TRD-001301,A0003421.DE,STANDARD_SUPPLY,AUCT,DE-LU,2026-01-15T07:40:00Z,2026-01-16T23:59:59Z,ACCEPTED,
ACER-904318113,TRD-001302,A0003421.DE,STANDARD_SUPPLY,AUCT,DE-LU,2026-01-15T11:28:00Z,2026-01-16T23:59:59Z,ACCEPTED,
ACER-576365005,TRD-001303,A0003421.DE,STANDARD_SUPPLY,CONT,DE-LU,2026-01-15T08:12:00Z,2026-01-16T23:59:59Z,ACCEPTED,
ACER-659611900,TRD-001304,A0003421.DE,TRANSPORTATION,CONT,DE-LU,2026-01-15T17:14:00Z,2026-01-16T23:59:59Z,ACCEPTED,
ACER-904603894,TRD-001305,A0003421.DE,TRANSPORTATION,CONT,DE-LU,2026-01-15T12:15:00Z,2026-01-16T23:59:59Z,ACCEPTED,
ACER-507472280,TRD-001306,A0003421.DE,STANDARD_SUPPLY,CONT,DE-LU,2026-01-15T11:45:00Z,2026-01-16T23:59:59Z,ACCEPTED,
ACER-909262622,TRD-001307,A0003421.DE,TRANSPORTATION,CONT,DE-LU,2026-01-15T19:59:00Z,2026-01-16T23:59:59Z,SUBMITTED,
ACER-165197843,TRD-001308,A0003421.DE,TRANSPORTATION,CONT,DE-LU,2026-01-15T15:35:00Z,2026-01-16T23:59:59Z,SUBMITTED,
ACER-408909882,TRD-001309,A0003421.DE,STANDARD_SUPPLY,CONT,DE-LU,2026-01-15T06:03:00Z,2026-01-16T23:59:59Z,ACCEPTED,
ACER-774383046,TRD-001310,A0003421.DE,STANDARD_SUPPLY,AUCT,DE-LU,2026-01-15T20:29:00Z,2026-01-16T23:59:59Z,ACCEPTED,
ACER-101595817,TRD-001311,A0003421.DE,TRANSPORTATION,CONT,DE-LU,2026-01-15T21:57:00Z,2026-01-16T23:59:59Z,SUBMITTED,
ACER-272240984,TRD-001312,A0003421.DE,STANDARD_SUPPLY,AUCT,DE-LU,2026-01-15T08:44:00Z,2026-01-16T23:59:59Z,ACCEPTED,
ACER-810248704,TRD-001313,A0003421.DE,STANDARD_SUPPLY,CONT,DE-LU,2026-01-15T20:16:00Z,2026-01-16T23:59:59Z,REJECTED,VOLUME_MISMATCH
ACER-574437568,TRD-001314,A0003421.DE,STANDARD_SUPPLY,CONT,DE-LU,2026-01-15T18:29:00Z,2026-01-16T23:59:59Z,PENDING,
ACER-889252462,TRD-001315,A0003421.DE,STANDARD_SUPPLY,CONT,DE-LU,2026-01-15T10:23:00Z,2026-01-16T23:59:59Z,PENDING,
ACER-671672324,TRD-001316,A0003421.DE,TRANSPORTATION,CONT,DE-LU,2026-01-15T18:04:00Z,2026-01-16T23:59:59Z,ACCEPTED,
ACER-747101190,TRD-001317,A0003421.DE,STANDARD_SUPPLY,CONT,DE-LU,2026-01-15T11:42:00Z,2026-01-16T23:59:59Z,ACCEPTED,
ACER-581643315,TRD-001318,A0003421.DE,STANDARD_SUPPLY,CONT,DE-LU,2026-01-15T08:11:00Z,2026-01-16T23:59:59Z,SUBMITTED,
ACER-543264268,TRD-001319,A0003421.DE,STANDARD_SUPPLY,CONT,DE-LU,2026-01-15T22:57:00Z,2026-01-16T23:59:59Z,ACCEPTED,
ACER-174121129,TRD-001320,A0003421.DE,TRANSPORTATION,CONT,DE-LU,2026-01-15T12:17:00Z,2026-01-16T23:59:59Z,ACCEPTED,
ACER-158433655,TRD-001321,A0003421.DE,STANDARD_SUPPLY,CONT,DE-LU,2026-01-15T20:42:00Z,2026-01-16T23:59:59Z,ACCEPTED,
ACER-449547038,TRD-001322,A0003421.DE,STANDARD_SUPPLY,AUCT,DE-LU,2026-01-15T18:07:00Z,2026-01-16T23:59:59Z,ACCEPTED,
ACER-461706129,TRD-001323,A0003421.DE,TRANSPORTATION,CONT,DE-LU,2026-01-15T17:58:00Z,2026-01-16T23:59:59Z,ACCEPTED,
ACER-175873444,TRD-001324,A0003421.DE,STANDARD_SUPPLY,CONT,DE-LU,2026-01-15T10:00:00Z,2026-01-16T23:59:59Z,ACCEPTED,
ACER-396878787,TRD-001325,A0003421.DE,TRANSPORTATION,CONT,DE-LU,2026-01-15T18:19:00Z,2026-01-16T23:59:59Z,ACCEPTED,
ACER-692389377,TRD-001326,A0003421.DE,STANDARD_SUPPLY,AUCT,DE-LU,2026-01-15T20:35:00Z,2026-01-16T23:59:59Z,ACCEPTED,
ACER-325633385,TRD-001327,A0003421.DE,STANDARD_SUPPLY,AUCT,DE-LU,2026-01-15T20:43:00Z,2026-01-16T23:59:59Z,ACCEPTED,
ACER-899150247,TRD-001328,A0003421.DE,STANDARD_SUPPLY,CONT,DE-LU,2026-01-15T16:24:00Z,2026-01-16T23:59:59Z,SUBMITTED,
ACER-112461101,TRD-001329,A0003421.DE,STANDARD_SUPPLY,CONT,DE-LU,2026-01-15T08:43:00Z,2026-01-16T23:59:59Z,ACCEPTED,
ACER-565532255,TRD-001330,A0003421.DE,TRANSPORTATION,AUCT,DE-LU,2026-01-15T06:47:00Z,2026-01-16T23:59:59Z,SUBMITTED,
ACER-608340134,TRD-001331,A0003421.DE,STANDARD_SUPPLY,CONT,DE-LU,2026-01-15T18:17:00Z,2026-01-16T23:59:59Z,SUBMITTED,
ACER-907050575,TRD-001332,A0003421.DE,STANDARD_SUPPLY,AUCT,DE-LU,2026-01-15T06:42:00Z,2026-01-16T23:59:59Z,ACCEPTED,
ACER-931553132,TRD-001333,A0003421.DE,STANDARD_SUPPLY,CONT,DE-LU,2026-01-15T21:20:00Z,2026-01-16T23:59:59Z,ACCEPTED,
ACER-973740850,TRD-001334,A0003421.DE,TRANSPORTATION,CONT,DE-LU,2026-01-15T17:44:00Z,2026-01-16T23:59:59Z,ACCEPTED,
ACER-427537524,TRD-001335,A0003421.DE,STANDARD_SUPPLY,CONT,DE-LU,2026-01-15T10:11:00Z,2026-01-16T23:59:59Z,ACCEPTED,
ACER-211606476,TRD-001336,A0003421.DE,STANDARD_SUPPLY,CONT,DE-LU,2026-01-15T17:00:00Z,2026-01-16T23:59:59Z,ACCEPTED,
ACER-684992731,TRD-001337,A0003421.DE,STANDARD_SUPPLY,CONT,DE-LU,2026-01-15T18:45:00Z,2026-01-16T23:59:59Z,ACCEPTED,
ACER-949279253,TRD-001338,A0003421.DE,STANDARD_SUPPLY,AUCT,DE-LU,2026-01-15T15:01:00Z,2026-01-16T23:59:59Z,ACCEPTED,
ACER-550961180,TRD-001339,A0003421.DE,STANDARD_SUPPLY,AUCT,DE-LU,2026-01-15T18:51:00Z,2026-01-16T23:59:59Z,SUBMITTED,
ACER-108081904,TRD-001340,A0003421.DE,STANDARD_SUPPLY,CONT,DE-LU,2026-01-15T18:32:00Z,2026-01-16T23:59:59Z,ACCEPTED,
ACER-312024359,TRD-001341,A0003421.DE,STANDARD_SUPPLY,CONT,DE-LU,2026-01-15T13:16:00Z,2026-01-16T23:59:59Z,ACCEPTED,
ACER-979502644,TRD-001342,A0003421.DE,TRANSPORTATION,CONT,DE-LU,2026-01-15T17:00:00Z,2026-01-16T23:59:59Z,ACCEPTED,
ACER-767601422,TRD-001343,A0003421.DE,STANDARD_SUPPLY,CONT,DE-LU,2026-01-15T14:59:00Z,2026-01-16T23:59:59Z,ACCEPTED,
ACER-249309723,TRD-001344,A0003421.DE,TRANSPORTATION,CONT,DE-LU,2026-01-15T16:00:00Z,2026-01-16T23:59:59Z,ACCEPTED,
ACER-794086698,TRD-001331,A0003421.DE,STANDARD_SUPPLY,AUCT,DE-LU,2026-01-16T11:31:00Z,2026-01-17T23:59:59Z,ACCEPTED,
ACER-357604373,TRD-001332,A0003421.DE,STANDARD_SUPPLY,CONT,DE-LU,2026-01-16T15:42:00Z,2026-01-17T23:59:59Z,ACCEPTED,
ACER-440055194,TRD-001333,A0003421.DE,STANDARD_SUPPLY,CONT,DE-LU,2026-01-16T22:52:00Z,2026-01-17T23:59:59Z,ACCEPTED,
ACER-367374081,TRD-001334,A0003421.DE,STANDARD_SUPPLY,AUCT,DE-LU,2026-01-16T20:50:00Z,2026-01-17T23:59:59Z,ACCEPTED,
ACER-336640059,TRD-001335,A0003421.DE,STANDARD_SUPPLY,CONT,DE-LU,2026-01-16T12:47:00Z,2026-01-17T23:59:59Z,ACCEPTED,
ACER-910434462,TRD-001336,A0003421.DE,TRANSPORTATION,CONT,DE-LU,2026-01-16T08:30:00Z,2026-01-17T23:59:59Z,PENDING,
ACER-849293094,TRD-001337,A0003421.DE,STANDARD_SUPPLY,CONT,DE-LU,2026-01-16T14:45:00Z,2026-01-17T23:59:59Z,PENDING,
ACER-702644345,TRD-001338,A0003421.DE,STANDARD_SUPPLY,CONT,DE-LU,2026-01-16T18:53:00Z,2026-01-17T23:59:59Z,SUBMITTED,
ACER-924020639,TRD-001339,A0003421.DE,TRANSPORTATION,AUCT,DE-LU,2026-01-16T15:32:00Z,2026-01-17T23:59:59Z,PENDING,
ACER-393288457,TRD-001340,A0003421.DE,STANDARD_SUPPLY,AUCT,DE-LU,2026-01-16T08:49:00Z,2026-01-17T23:59:59Z,ACCEPTED,
ACER-875101672,TRD-001341,A0003421.DE,STANDARD_SUPPLY,CONT,DE-LU,2026-01-16T07:19:00Z,2026-01-17T23:59:59Z,ACCEPTED,
ACER-173583914,TRD-001342,A0003421.DE,TRANSPORTATION,CONT,DE-LU,2026-01-16T19:27:00Z,2026-01-17T23:59:59Z,ACCEPTED,
ACER-612786994,TRD-001343,A0003421.DE,STANDARD_SUPPLY,CONT,DE-LU,2026-01-16T11:43:00Z,2026-01-17T23:59:59Z,ACCEPTED,
ACER-143236676,TRD-001344,A0003421.DE,STANDARD_SUPPLY,CONT,DE-LU,2026-01-16T19:52:00Z,2026-01-17T23:59:59Z,PENDING,
ACER-109387908,TRD-001345,A0003421.DE,TRANSPORTATION,CONT,DE-LU,2026-01-16T15:52:00Z,2026-01-17T23:59:59Z,ACCEPTED,
ACER-691991083,TRD-001346,A0003421.DE,STANDARD_SUPPLY,AUCT,DE-LU,2026-01-16T22:00:00Z,2026-01-17T23:59:59Z,PENDING,
ACER-875221826,TRD-001347,A0003421.DE,TRANSPORTATION,CONT,DE-LU,2026-01-16T15:01:00Z,2026-01-17T23:59:59Z,ACCEPTED,
ACER-184146999,TRD-001348,A0003421.DE,STANDARD_SUPPLY,CONT,DE-LU,2026-01-16T18:36:00Z,2026-01-17T23:59:59Z,ACCEPTED,
ACER-225127866,TRD-001349,A0003421.DE,STANDARD_SUPPLY,CONT,DE-LU,2026-01-16T20:42:00Z,2026-01-17T23:59:59Z,ACCEPTED,
ACER-837557898,TRD-001350,A0003421.DE,TRANSPORTATION,CONT,DE-LU,2026-01-16T16:25:00Z,2026-01-17T23:59:59Z,ACCEPTED,
ACER-975927463,TRD-001351,A0003421.DE,STANDARD_SUPPLY,CONT,DE-LU,2026-01-16T16:41:00Z,2026-01-17T23:59:59Z,ACCEPTED,
ACER-591012060,TRD-001352,A0003421.DE,STANDARD_SUPPLY,AUCT,DE-LU,2026-01-16T22:41:00Z,2026-01-17T23:59:59Z,ACCEPTED,
ACER-903874554,TRD-001353,A0003421.DE,STANDARD_SUPPLY,CONT,DE-LU,2026-01-16T19:15:00Z,2026-01-17T23:59:59Z,ACCEPTED,
ACER-951800172,TRD-001354,A0003421.DE,STANDARD_SUPPLY,CONT,DE-LU,2026-01-16T22:37:00Z,2026-01-17T23:59:59Z,ACCEPTED,
ACER-486710572,TRD-001355,A0003421.DE,TRANSPORTATION,CONT,DE-LU,2026-01-16T13:13:00Z,2026-01-17T23:59:59Z,ACCEPTED,
ACER-176089637,TRD-001356,A0003421.DE,TRANSPORTATION,CONT,DE-LU,2026-01-16T17:39:00Z,2026-01-17T23:59:59Z,ACCEPTED,
ACER-429268586,TRD-001357,A0003421.DE,TRANSPORTATION,CONT,DE-LU,2026-01-16T09:30:00Z,2026-01-17T23:59:59Z,REJECTED,MISSING_COUNTERPARTY_ID
ACER-927474938,TRD-001358,A0003421.DE,TRANSPORTATION,CONT,DE-LU,2026-01-16T11:43:00Z,2026-01-17T23:59:59Z,ACCEPTED,
ACER-530806905,TRD-001359,A0003421.DE,STANDARD_SUPPLY,CONT,DE-LU,2026-01-16T13:14:00Z,2026-01-17T23:59:59Z,SUBMITTED,
ACER-844228232,TRD-001360,A0003421.DE,STANDARD_SUPPLY,CONT,DE-LU,2026-01-16T17:28:00Z,2026-01-17T23:59:59Z,ACCEPTED,
ACER-679610228,TRD-001361,A0003421.DE,STANDARD_SUPPLY,AUCT,DE-LU,2026-01-16T18:16:00Z,2026-01-17T23:59:59Z,ACCEPTED,
ACER-479389666,TRD-001362,A0003421.DE,STANDARD_SUPPLY,CONT,DE-LU,2026-01-16T20:12:00Z,2026-01-17T23:59:59Z,ACCEPTED,
ACER-557440897,TRD-001363,A0003421.DE,STANDARD_SUPPLY,AUCT,DE-LU,2026-01-16T07:30:00Z,2026-01-17T23:59:59Z,ACCEPTED,
ACER-145392222,TRD-001364,A0003421.DE,STANDARD_SUPPLY,CONT,DE-LU,2026-01-16T17:49:00Z,2026-01-17T23:59:59Z,ACCEPTED,
ACER-290610543,TRD-001365,A0003421.DE,STANDARD_SUPPLY,CONT,DE-LU,2026-01-16T21:58:00Z,2026-01-17T23:59:59Z,SUBMITTED,
ACER-181299760,TRD-001366,A0003421.DE,STANDARD_SUPPLY,CONT,DE-LU,2026-01-16T11:39:00Z,2026-01-17T23:59:59Z,ACCEPTED,
ACER-179713464,TRD-001367,A0003421.DE,TRANSPORTATION,CONT,DE-LU,2026-01-16T19:08:00Z,2026-01-17T23:59:59Z,ACCEPTED,
ACER-232413043,TRD-001368,A0003421.DE,TRANSPORTATION,CONT,DE-LU,2026-01-16T06:56:00Z,2026-01-17T23:59:59Z,ACCEPTED,
ACER-983454549,TRD-001369,A0003421.DE,STANDARD_SUPPLY,CONT,DE-LU,2026-01-16T07:58:00Z,2026-01-17T23:59:59Z,ACCEPTED,
ACER-274562696,TRD-001370,A0003421.DE,STANDARD_SUPPLY,CONT,DE-LU,2026-01-16T10:30:00Z,2026-01-17T23:59:59Z,ACCEPTED,
ACER-974628141,TRD-001371,A0003421.DE,TRANSPORTATION,CONT,DE-LU,2026-01-16T19:51:00Z,2026-01-17T23:59:59Z,ACCEPTED,
ACER-272484554,TRD-001372,A0003421.DE,STANDARD_SUPPLY,CONT,DE-LU,2026-01-16T21:30:00Z,2026-01-17T23:59:59Z,ACCEPTED,
ACER-121167858,TRD-001373,A0003421.DE,STANDARD_SUPPLY,CONT,DE-LU,2026-01-16T08:47:00Z,2026-01-17T23:59:59Z,ACCEPTED,
ACER-966086649,TRD-001361,A0003421.DE,TRANSPORTATION,CONT,DE-LU,2026-01-17T20:38:00Z,2026-01-18T23:59:59Z,SUBMITTED,
ACER-253462394,TRD-001362,A0003421.DE,TRANSPORTATION,CONT,DE-LU,2026-01-17T14:13:00Z,2026-01-18T23:59:59Z,ACCEPTED,
ACER-809490560,TRD-001363,A0003421.DE,TRANSPORTATION,CONT,DE-LU,2026-01-17T18:37:00Z,2026-01-18T23:59:59Z,ACCEPTED,
ACER-859140546,TRD-001364,A0003421.DE,STANDARD_SUPPLY,CONT,DE-LU,2026-01-17T18:38:00Z,2026-01-18T23:59:59Z,ACCEPTED,
ACER-265244886,TRD-001365,A0003421.DE,TRANSPORTATION,AUCT,DE-LU,2026-01-17T18:55:00Z,2026-01-18T23:59:59Z,ACCEPTED,
ACER-840033559,TRD-001366,A0003421.DE,STANDARD_SUPPLY,CONT,DE-LU,2026-01-17T15:55:00Z,2026-01-18T23:59:59Z,SUBMITTED,
ACER-235982549,TRD-001367,A0003421.DE,STANDARD_SUPPLY,CONT,DE-LU,2026-01-17T16:02:00Z,2026-01-18T23:59:59Z,SUBMITTED,
ACER-345449383,TRD-001368,A0003421.DE,TRANSPORTATION,AUCT,DE-LU,2026-01-17T09:03:00Z,2026-01-18T23:59:59Z,ACCEPTED,
ACER-967172968,TRD-001369,A0003421.DE,STANDARD_SUPPLY,CONT,DE-LU,2026-01-17T10:15:00Z,2026-01-18T23:59:59Z,ACCEPTED,
ACER-725578276,TRD-001370,A0003421.DE,STANDARD_SUPPLY,CONT,DE-LU,2026-01-17T06:39:00Z,2026-01-18T23:59:59Z,ACCEPTED,
ACER-428640525,TRD-001371,A0003421.DE,STANDARD_SUPPLY,CONT,DE-LU,2026-01-17T14:16:00Z,2026-01-18T23:59:59Z,ACCEPTED,
ACER-728461386,TRD-001372,A0003421.DE,STANDARD_SUPPLY,AUCT,DE-LU,2026-01-17T12:39:00Z,2026-01-18T23:59:59Z,ACCEPTED,
ACER-473582423,TRD-001373,A0003421.DE,TRANSPORTATION,CONT,DE-LU,2026-01-17T17:20:00Z,2026-01-18T23:59:59Z,ACCEPTED,
ACER-172147284,TRD-001374,A0003421.DE,TRANSPORTATION,AUCT,DE-LU,2026-01-17T15:26:00Z,2026-01-18T23:59:59Z,ACCEPTED,
ACER-293181835,TRD-001375,A0003421.DE,STANDARD_SUPPLY,CONT,DE-LU,2026-01-17T14:13:00Z,2026-01-18T23:59:59Z,ACCEPTED,
ACER-793575432,TRD-001391,A0003421.DE,TRANSPORTATION,CONT,DE-LU,2026-01-18T14:52:00Z,2026-01-19T23:59:59Z,ACCEPTED,
ACER-704332655,TRD-001392,A0003421.DE,STANDARD_SUPPLY,AUCT,DE-LU,2026-01-18T12:54:00Z,2026-01-19T23:59:59Z,SUBMITTED,
ACER-981900571,TRD-001393,A0003421.DE,TRANSPORTATION,CONT,DE-LU,2026-01-18T09:23:00Z,2026-01-19T23:59:59Z,ACCEPTED,
ACER-361935143,TRD-001394,A0003421.DE,STANDARD_SUPPLY,AUCT,DE-LU,2026-01-18T19:14:00Z,2026-01-19T23:59:59Z,ACCEPTED,
ACER-322198149,TRD-001395,A0003421.DE,STANDARD_SUPPLY,CONT,DE-LU,2026-01-18T18:09:00Z,2026-01-19T23:59:59Z,SUBMITTED,
ACER-324050247,TRD-001396,A0003421.DE,STANDARD_SUPPLY,AUCT,DE-LU,2026-01-18T13:24:00Z,2026-01-19T23:59:59Z,ACCEPTED,
ACER-839390406,TRD-001397,A0003421.DE,TRANSPORTATION,AUCT,DE-LU,2026-01-18T20:25:00Z,2026-01-19T23:59:59Z,ACCEPTED,
ACER-257114622,TRD-001398,A0003421.DE,STANDARD_SUPPLY,CONT,DE-LU,2026-01-18T06:15:00Z,2026-01-19T23:59:59Z,ACCEPTED,
ACER-489406608,TRD-001399,A0003421.DE,STANDARD_SUPPLY,CONT,DE-LU,2026-01-18T07:20:00Z,2026-01-19T23:59:59Z,ACCEPTED,
ACER-118708817,TRD-001400,A0003421.DE,STANDARD_SUPPLY,AUCT,DE-LU,2026-01-18T14:54:00Z,2026-01-19T23:59:59Z,SUBMITTED,
ACER-530387772,TRD-001401,A0003421.DE,STANDARD_SUPPLY,CONT,DE-LU,2026-01-18T19:15:00Z,2026-01-19T23:59:59Z,SUBMITTED,
ACER-582267090,TRD-001402,A0003421.DE,TRANSPORTATION,CONT,DE-LU,2026-01-18T17:02:00Z,2026-01-19T23:59:59Z,ACCEPTED,
ACER-122187643,TRD-001403,A0003421.DE,TRANSPORTATION,CONT,DE-LU,2026-01-18T06:22:00Z,2026-01-19T23:59:59Z,ACCEPTED,
ACER-945032839,TRD-001404,A0003421.DE,STANDARD_SUPPLY,CONT,DE-LU,2026-01-18T12:36:00Z,2026-01-19T23:59:59Z,ACCEPTED,
ACER-249462272,TRD-001405,A0003421.DE,STANDARD_SUPPLY,AUCT,DE-LU,2026-01-18T06:09:00Z,2026-01-19T23:59:59Z,ACCEPTED,
ACER-191857386,TRD-001406,A0003421.DE,STANDARD_SUPPLY,CONT,DE-LU,2026-01-18T14:59:00Z,2026-01-19T23:59:59Z,SUBMITTED,
ACER-474897006,TRD-001407,A0003421.DE,STANDARD_SUPPLY,CONT,DE-LU,2026-01-18T08:18:00Z,2026-01-19T23:59:59Z,ACCEPTED,
ACER-447437328,TRD-001408,A0003421.DE,STANDARD_SUPPLY,CONT,DE-LU,2026-01-18T19:38:00Z,2026-01-19T23:59:59Z,ACCEPTED,
ACER-102241297,TRD-001409,A0003421.DE,STANDARD_SUPPLY,AUCT,DE-LU,2026-01-18T20:42:00Z,2026-01-19T23:59:59Z,ACCEPTED,
ACER-548035493,TRD-001410,A0003421.DE,STANDARD_SUPPLY,CONT,DE-LU,2026-01-18T15:47:00Z,2026-01-19T23:59:59Z,ACCEPTED,
ACER-441897925,TRD-001411,A0003421.DE,STANDARD_SUPPLY,CONT,DE-LU,2026-01-18T18:25:00Z,2026-01-19T23:59:59Z,ACCEPTED,
ACER-848724147,TRD-001412,A0003421.DE,TRANSPORTATION,CONT,DE-LU,2026-01-18T06:19:00Z,2026-01-19T23:59:59Z,SUBMITTED,
ACER-400614105,TRD-001413,A0003421.DE,STANDARD_SUPPLY,CONT,DE-LU,2026-01-18T22:13:00Z,2026-01-19T23:59:59Z,ACCEPTED,
ACER-156781472,TRD-001414,A0003421.DE,STANDARD_SUPPLY,CONT,DE-LU,2026-01-18T15:33:00Z,2026-01-19T23:59:59Z,ACCEPTED,
ACER-250568429,TRD-001415,A0003421.DE,TRANSPORTATION,CONT,DE-LU,2026-01-18T12:34:00Z,2026-01-19T23:59:59Z,SUBMITTED,
ACER-576669142,TRD-001416,A0003421.DE,STANDARD_SUPPLY,CONT,DE-LU,2026-01-18T07:33:00Z,2026-01-19T23:59:59Z,SUBMITTED,
ACER-811990584,TRD-001417,A0003421.DE,TRANSPORTATION,AUCT,DE-LU,2026-01-18T19:47:00Z,2026-01-19T23:59:59Z,ACCEPTED,
ACER-419164123,TRD-001421,A0003421.DE,STANDARD_SUPPLY,CONT,DE-LU,2026-01-19T10:35:00Z,2026-01-20T23:59:59Z,ACCEPTED,
ACER-824794110,TRD-001422,A0003421.DE,STANDARD_SUPPLY,CONT,DE-LU,2026-01-19T09:47:00Z,2026-01-20T23:59:59Z,ACCEPTED,
ACER-117988642,TRD-001423,A0003421.DE,STANDARD_SUPPLY,CONT,DE-LU,2026-01-19T21:25:00Z,2026-01-20T23:59:59Z,ACCEPTED,
ACER-888304185,TRD-001424,A0003421.DE,STANDARD_SUPPLY,CONT,DE-LU,2026-01-19T11:48:00Z,2026-01-20T23:59:59Z,ACCEPTED,
ACER-521463931,TRD-001425,A0003421.DE,STANDARD_SUPPLY,CONT,DE-LU,2026-01-19T21:39:00Z,2026-01-20T23:59:59Z,SUBMITTED,
ACER-190674188,TRD-001426,A0003421.DE,STANDARD_SUPPLY,CONT,DE-LU,2026-01-19T09:47:00Z,2026-01-20T23:59:59Z,ACCEPTED,
ACER-993510272,TRD-001427,A0003421.DE,TRANSPORTATION,CONT,DE-LU,2026-01-19T08:40:00Z,2026-01-20T23:59:59Z,PENDING,
ACER-545908901,TRD-001428,A0003421.DE,STANDARD_SUPPLY,AUCT,DE-LU,2026-01-19T09:37:00Z,2026-01-20T23:59:59Z,ACCEPTED,
ACER-728632487,TRD-001429,A0003421.DE,STANDARD_SUPPLY,CONT,DE-LU,2026-01-19T11:21:00Z,2026-01-20T23:59:59Z,ACCEPTED,
ACER-828532565,TRD-001430,A0003421.DE,STANDARD_SUPPLY,CONT,DE-LU,2026-01-19T21:23:00Z,2026-01-20T23:59:59Z,ACCEPTED,
ACER-961690263,TRD-001431,A0003421.DE,TRANSPORTATION,CONT,DE-LU,2026-01-19T18:13:00Z,2026-01-20T23:59:59Z,SUBMITTED,
ACER-735490389,TRD-001432,A0003421.DE,STANDARD_SUPPLY,CONT,DE-LU,2026-01-19T17:36:00Z,2026-01-20T23:59:59Z,ACCEPTED,
ACER-576002730,TRD-001433,A0003421.DE,STANDARD_SUPPLY,CONT,DE-LU,2026-01-19T07:10:00Z,2026-01-20T23:59:59Z,ACCEPTED,
ACER-841917868,TRD-001434,A0003421.DE,STANDARD_SUPPLY,CONT,DE-LU,2026-01-19T12:57:00Z,2026-01-20T23:59:59Z,ACCEPTED,
ACER-301483878,TRD-001435,A0003421.DE,STANDARD_SUPPLY,CONT,DE-LU,2026-01-19T22:35:00Z,2026-01-20T23:59:59Z,ACCEPTED,
ACER-841475787,TRD-001436,A0003421.DE,TRANSPORTATION,CONT,DE-LU,2026-01-19T17:08:00Z,2026-01-20T23:59:59Z,ACCEPTED,
ACER-770694243,TRD-001437,A0003421.DE,STANDARD_SUPPLY,CONT,DE-LU,2026-01-19T20:17:00Z,2026-01-20T23:59:59Z,ACCEPTED,
ACER-900005726,TRD-001438,A0003421.DE,TRANSPORTATION,AUCT,DE-LU,2026-01-19T06:50:00Z,2026-01-20T23:59:59Z,ACCEPTED,
ACER-137584086,TRD-001439,A0003421.DE,TRANSPORTATION,CONT,DE-LU,2026-01-19T17:25:00Z,2026-01-20T23:59:59Z,ACCEPTED,
ACER-642571763,TRD-001451,A0003421.DE,STANDARD_SUPPLY,CONT,DE-LU,2026-01-20T17:52:00Z,2026-01-21T23:59:59Z,ACCEPTED,
ACER-117322162,TRD-001452,A0003421.DE,STANDARD_SUPPLY,CONT,DE-LU,2026-01-20T16:10:00Z,2026-01-21T23:59:59Z,ACCEPTED,
ACER-833576232,TRD-001453,A0003421.DE,STANDARD_SUPPLY,CONT,DE-LU,2026-01-20T15:12:00Z,2026-01-21T23:59:59Z,ACCEPTED,
ACER-774196366,TRD-001454,A0003421.DE,STANDARD_SUPPLY,CONT,DE-LU,2026-01-20T20:07:00Z,2026-01-21T23:59:59Z,ACCEPTED,
ACER-551113163,TRD-001455,A0003421.DE,TRANSPORTATION,AUCT,DE-LU,2026-01-20T16:05:00Z,2026-01-21T23:59:59Z,ACCEPTED,
ACER-490803775,TRD-001456,A0003421.DE,STANDARD_SUPPLY,AUCT,DE-LU,2026-01-20T07:36:00Z,2026-01-21T23:59:59Z,ACCEPTED,
ACER-948791127,TRD-001457,A0003421.DE,STANDARD_SUPPLY,AUCT,DE-LU,2026-01-20T17:55:00Z,2026-01-21T23:59:59Z,ACCEPTED,
ACER-794082130,TRD-001458,A0003421.DE,TRANSPORTATION,CONT,DE-LU,2026-01-20T11:01:00Z,2026-01-21T23:59:59Z,ACCEPTED,
ACER-465252348,TRD-001459,A0003421.DE,STANDARD_SUPPLY,CONT,DE-LU,2026-01-20T19:33:00Z,2026-01-21T23:59:59Z,ACCEPTED,
ACER-612925338,TRD-001460,A0003421.DE,STANDARD_SUPPLY,CONT,DE-LU,2026-01-20T08:40:00Z,2026-01-21T23:59:59Z,ACCEPTED,
ACER-849877103,TRD-001461,A0003421.DE,STANDARD_SUPPLY,CONT,DE-LU,2026-01-20T14:26:00Z,2026-01-21T23:59:59Z,ACCEPTED,
ACER-378012259,TRD-001462,A0003421.DE,STANDARD_SUPPLY,AUCT,DE-LU,2026-01-20T18:16:00Z,2026-01-21T23:59:59Z,ACCEPTED,
ACER-965464196,TRD-001463,A0003421.DE,STANDARD_SUPPLY,CONT,DE-LU,2026-01-20T06:50:00Z,2026-01-21T23:59:59Z,ACCEPTED,
ACER-569378092,TRD-001464,A0003421.DE,STANDARD_SUPPLY,CONT,DE-LU,2026-01-20T18:13:00Z,2026-01-21T23:59:59Z,ACCEPTED,
ACER-115106132,TRD-001465,A0003421.DE,STANDARD_SUPPLY,AUCT,DE-LU,2026-01-20T13:17:00Z,2026-01-21T23:59:59Z,ACCEPTED,
ACER-856432622,TRD-001466,A0003421.DE,STANDARD_SUPPLY,AUCT,DE-LU,2026-01-20T16:58:00Z,2026-01-21T23:59:59Z,ACCEPTED,
ACER-587929805,TRD-001467,A0003421.DE,TRANSPORTATION,CONT,DE-LU,2026-01-20T09:26:00Z,2026-01-21T23:59:59Z,ACCEPTED,
ACER-663162558,TRD-001468,A0003421.DE,STANDARD_SUPPLY,CONT,DE-LU,2026-01-20T11:20:00Z,2026-01-21T23:59:59Z,ACCEPTED,
ACER-629411086,TRD-001481,A0003421.DE,STANDARD_SUPPLY,CONT,DE-LU,2026-01-21T16:54:00Z,2026-01-22T23:59:59Z,ACCEPTED,
ACER-795298592,TRD-001482,A0003421.DE,TRANSPORTATION,CONT,DE-LU,2026-01-21T22:10:00Z,2026-01-22T23:59:59Z,ACCEPTED,
ACER-297562542,TRD-001483,A0003421.DE,TRANSPORTATION,CONT,DE-LU,2026-01-21T13:52:00Z,2026-01-22T23:59:59Z,SUBMITTED,
ACER-249717956,TRD-001484,A0003421.DE,STANDARD_SUPPLY,CONT,DE-LU,2026-01-21T22:52:00Z,2026-01-22T23:59:59Z,ACCEPTED,
ACER-124444057,TRD-001485,A0003421.DE,STANDARD_SUPPLY,CONT,DE-LU,2026-01-21T11:23:00Z,2026-01-22T23:59:59Z,ACCEPTED,
ACER-559603272,TRD-001486,A0003421.DE,STANDARD_SUPPLY,CONT,DE-LU,2026-01-21T17:12:00Z,2026-01-22T23:59:59Z,ACCEPTED,
ACER-889947688,TRD-001487,A0003421.DE,STANDARD_SUPPLY,CONT,DE-LU,2026-01-21T20:38:00Z,2026-01-22T23:59:59Z,ACCEPTED,
ACER-831089985,TRD-001488,A0003421.DE,STANDARD_SUPPLY,AUCT,DE-LU,2026-01-21T12:47:00Z,2026-01-22T23:59:59Z,ACCEPTED,
ACER-277521053,TRD-001489,A0003421.DE,TRANSPORTATION,CONT,DE-LU,2026-01-21T22:56:00Z,2026-01-22T23:59:59Z,PENDING,
ACER-616602792,TRD-001490,A0003421.DE,TRANSPORTATION,CONT,DE-LU,2026-01-21T08:30:00Z,2026-01-22T23:59:59Z,SUBMITTED,
ACER-580562574,TRD-001491,A0003421.DE,STANDARD_SUPPLY,CONT,DE-LU,2026-01-21T15:52:00Z,2026-01-22T23:59:59Z,ACCEPTED,
ACER-820448063,TRD-001492,A0003421.DE,STANDARD_SUPPLY,CONT,DE-LU,2026-01-21T18:21:00Z,2026-01-22T23:59:59Z,ACCEPTED,
ACER-625219182,TRD-001493,A0003421.DE,STANDARD_SUPPLY,AUCT,DE-LU,2026-01-21T09:22:00Z,2026-01-22T23:59:59Z,ACCEPTED,
ACER-400316196,TRD-001494,A0003421.DE,STANDARD_SUPPLY,CONT,DE-LU,2026-01-21T17:30:00Z,2026-01-22T23:59:59Z,ACCEPTED,
ACER-190061967,TRD-001495,A0003421.DE,STANDARD_SUPPLY,CONT,DE-LU,2026-01-21T16:09:00Z,2026-01-22T23:59:59Z,ACCEPTED,
ACER-109146478,TRD-001496,A0003421.DE,STANDARD_SUPPLY,CONT,DE-LU,2026-01-21T12:11:00Z,2026-01-22T23:59:59Z,ACCEPTED,
ACER-188486088,TRD-001497,A0003421.DE,STANDARD_SUPPLY,CONT,DE-LU,2026-01-21T22:51:00Z,2026-01-22T23:59:59Z,ACCEPTED,
ACER-328013617,TRD-001498,A0003421.DE,STANDARD_SUPPLY,AUCT,DE-LU,2026-01-21T11:04:00Z,2026-01-22T23:59:59Z,ACCEPTED,
ACER-407799480,TRD-001499,A0003421.DE,STANDARD_SUPPLY,AUCT,DE-LU,2026-01-21T13:49:00Z,2026-01-22T23:59:59Z,ACCEPTED,
ACER-470609470,TRD-001500,A0003421.DE,STANDARD_SUPPLY,CONT,DE-LU,2026-01-21T08:54:00Z,2026-01-22T23:59:59Z,ACCEPTED,
ACER-778422855,TRD-001501,A0003421.DE,TRANSPORTATION,AUCT,DE-LU,2026-01-21T21:06:00Z,2026-01-22T23:59:59Z,ACCEPTED,
ACER-337453125,TRD-001502,A0003421.DE,TRANSPORTATION,CONT,DE-LU,2026-01-21T14:45:00Z,2026-01-22T23:59:59Z,ACCEPTED,
ACER-886391968,TRD-001503,A0003421.DE,STANDARD_SUPPLY,AUCT,DE-LU,2026-01-21T13:35:00Z,2026-01-22T23:59:59Z,ACCEPTED,
ACER-256752269,TRD-001504,A0003421.DE,STANDARD_SUPPLY,AUCT,DE-LU,2026-01-21T12:26:00Z,2026-01-22T23:59:59Z,ACCEPTED,
ACER-713719311,TRD-001505,A0003421.DE,TRANSPORTATION,CONT,DE-LU,2026-01-21T13:30:00Z,2026-01-22T23:59:59Z,ACCEPTED,
ACER-542038067,TRD-001506,A0003421.DE,STANDARD_SUPPLY,AUCT,DE-LU,2026-01-21T17:18:00Z,2026-01-22T23:59:59Z,ACCEPTED,
ACER-162055303,TRD-001507,A0003421.DE,STANDARD_SUPPLY,AUCT,DE-LU,2026-01-21T20:00:00Z,2026-01-22T23:59:59Z,ACCEPTED,
ACER-297461144,TRD-001508,A0003421.DE,STANDARD_SUPPLY,CONT,DE-LU,2026-01-21T17:42:00Z,2026-01-22T23:59:59Z,SUBMITTED,
ACER-437303836,TRD-001509,A0003421.DE,STANDARD_SUPPLY,AUCT,DE-LU,2026-01-21T06:06:00Z,2026-01-22T23:59:59Z,ACCEPTED,
ACER-794191108,TRD-001510,A0003421.DE,STANDARD_SUPPLY,CONT,DE-LU,2026-01-21T16:29:00Z,2026-01-22T23:59:59Z,ACCEPTED,
ACER-363366966,TRD-001511,A0003421.DE,STANDARD_SUPPLY,CONT,DE-LU,2026-01-21T13:01:00Z,2026-01-22T23:59:59Z,PENDING,
ACER-792337469,TRD-001512,A0003421.DE,TRANSPORTATION,CONT,DE-LU,2026-01-21T17:38:00Z,2026-01-22T23:59:59Z,SUBMITTED,
ACER-867745662,TRD-001513,A0003421.DE,STANDARD_SUPPLY,AUCT,DE-LU,2026-01-21T15:51:00Z,2026-01-22T23:59:59Z,ACCEPTED,
ACER-315343186,TRD-001511,A0003421.DE,STANDARD_SUPPLY,AUCT,DE-LU,2026-01-22T08:00:00Z,2026-01-23T23:59:59Z,ACCEPTED,
ACER-277494496,TRD-001512,A0003421.DE,STANDARD_SUPPLY,AUCT,DE-LU,2026-01-22T19:26:00Z,2026-01-23T23:59:59Z,SUBMITTED,
ACER-873592475,TRD-001513,A0003421.DE,STANDARD_SUPPLY,CONT,DE-LU,2026-01-22T09:12:00Z,2026-01-23T23:59:59Z,ACCEPTED,
ACER-832568770,TRD-001514,A0003421.DE,TRANSPORTATION,CONT,DE-LU,2026-01-22T08:34:00Z,2026-01-23T23:59:59Z,SUBMITTED,
ACER-563174429,TRD-001515,A0003421.DE,STANDARD_SUPPLY,CONT,DE-LU,2026-01-22T16:06:00Z,2026-01-23T23:59:59Z,ACCEPTED,
ACER-744630159,TRD-001516,A0003421.DE,STANDARD_SUPPLY,AUCT,DE-LU,2026-01-22T06:43:00Z,2026-01-23T23:59:59Z,SUBMITTED,
ACER-103081111,TRD-001517,A0003421.DE,TRANSPORTATION,CONT,DE-LU,2026-01-22T15:55:00Z,2026-01-23T23:59:59Z,ACCEPTED,
ACER-210927035,TRD-001518,A0003421.DE,STANDARD_SUPPLY,CONT,DE-LU,2026-01-22T07:13:00Z,2026-01-23T23:59:59Z,ACCEPTED,
ACER-125860146,TRD-001519,A0003421.DE,STANDARD_SUPPLY,AUCT,DE-LU,2026-01-22T12:46:00Z,2026-01-23T23:59:59Z,ACCEPTED,
ACER-108142544,TRD-001520,A0003421.DE,STANDARD_SUPPLY,CONT,DE-LU,2026-01-22T12:07:00Z,2026-01-23T23:59:59Z,ACCEPTED,
ACER-598354077,TRD-001521,A0003421.DE,TRANSPORTATION,CONT,DE-LU,2026-01-22T08:10:00Z,2026-01-23T23:59:59Z,ACCEPTED,
ACER-521846283,TRD-001522,A0003421.DE,STANDARD_SUPPLY,CONT,DE-LU,2026-01-22T11:15:00Z,2026-01-23T23:59:59Z,ACCEPTED,
ACER-809832567,TRD-001523,A0003421.DE,TRANSPORTATION,CONT,DE-LU,2026-01-22T15:35:00Z,2026-01-23T23:59:59Z,ACCEPTED,
ACER-834588391,TRD-001524,A0003421.DE,TRANSPORTATION,CONT,DE-LU,2026-01-22T15:25:00Z,2026-01-23T23:59:59Z,SUBMITTED,
ACER-210618370,TRD-001525,A0003421.DE,STANDARD_SUPPLY,CONT,DE-LU,2026-01-22T14:40:00Z,2026-01-23T23:59:59Z,SUBMITTED,
ACER-600153971,TRD-001526,A0003421.DE,STANDARD_SUPPLY,AUCT,DE-LU,2026-01-22T08:20:00Z,2026-01-23T23:59:59Z,ACCEPTED,
ACER-287850212,TRD-001527,A0003421.DE,TRANSPORTATION,CONT,DE-LU,2026-01-22T13:26:00Z,2026-01-23T23:59:59Z,ACCEPTED,
ACER-262568209,TRD-001528,A0003421.DE,STANDARD_SUPPLY,AUCT,DE-LU,2026-01-22T13:55:00Z,2026-01-23T23:59:59Z,ACCEPTED,
ACER-221843674,TRD-001529,A0003421.DE,TRANSPORTATION,AUCT,DE-LU,2026-01-22T20:05:00Z,2026-01-23T23:59:59Z,SUBMITTED,
ACER-959563135,TRD-001530,A0003421.DE,STANDARD_SUPPLY,CONT,DE-LU,2026-01-22T14:38:00Z,2026-01-23T23:59:59Z,ACCEPTED,
ACER-621131114,TRD-001531,A0003421.DE,TRANSPORTATION,CONT,DE-LU,2026-01-22T07:22:00Z,2026-01-23T23:59:59Z,ACCEPTED,
ACER-540777722,TRD-001532,A0003421.DE,STANDARD_SUPPLY,CONT,DE-LU,2026-01-22T22:29:00Z,2026-01-23T23:59:59Z,ACCEPTED,
ACER-992953804,TRD-001533,A0003421.DE,STANDARD_SUPPLY,CONT,DE-LU,2026-01-22T11:57:00Z,2026-01-23T23:59:59Z,ACCEPTED,
ACER-978529160,TRD-001534,A0003421.DE,STANDARD_SUPPLY,CONT,DE-LU,2026-01-22T16:52:00Z,2026-01-23T23:59:59Z,ACCEPTED,
ACER-325088419,TRD-001535,A0003421.DE,STANDARD_SUPPLY,CONT,DE-LU,2026-01-22T20:58:00Z,2026-01-23T23:59:59Z,ACCEPTED,
ACER-622536590,TRD-001536,A0003421.DE,STANDARD_SUPPLY,CONT,DE-LU,2026-01-22T06:14:00Z,2026-01-23T23:59:59Z,SUBMITTED,
ACER-239304502,TRD-001537,A0003421.DE,STANDARD_SUPPLY,AUCT,DE-LU,2026-01-22T06:35:00Z,2026-01-23T23:59:59Z,SUBMITTED,
ACER-786756900,TRD-001541,A0003421.DE,STANDARD_SUPPLY,AUCT,DE-LU,2026-01-23T21:09:00Z,2026-01-24T23:59:59Z,ACCEPTED,
ACER-727646088,TRD-001542,A0003421.DE,STANDARD_SUPPLY,AUCT,DE-LU,2026-01-23T22:14:00Z,2026-01-24T23:59:59Z,ACCEPTED,
ACER-435978246,TRD-001543,A0003421.DE,STANDARD_SUPPLY,AUCT,DE-LU,2026-01-23T12:23:00Z,2026-01-24T23:59:59Z,ACCEPTED,
ACER-955197215,TRD-001544,A0003421.DE,STANDARD_SUPPLY,CONT,DE-LU,2026-01-23T11:57:00Z,2026-01-24T23:59:59Z,ACCEPTED,
ACER-296935510,TRD-001545,A0003421.DE,TRANSPORTATION,CONT,DE-LU,2026-01-23T16:05:00Z,2026-01-24T23:59:59Z,SUBMITTED,
ACER-478788373,TRD-001546,A0003421.DE,STANDARD_SUPPLY,CONT,DE-LU,2026-01-23T16:50:00Z,2026-01-24T23:59:59Z,ACCEPTED,
ACER-325248891,TRD-001547,A0003421.DE,TRANSPORTATION,CONT,DE-LU,2026-01-23T16:06:00Z,2026-01-24T23:59:59Z,SUBMITTED,
ACER-591470374,TRD-001548,A0003421.DE,STANDARD_SUPPLY,CONT,DE-LU,2026-01-23T10:31:00Z,2026-01-24T23:59:59Z,SUBMITTED,
ACER-613307731,TRD-001549,A0003421.DE,STANDARD_SUPPLY,CONT,DE-LU,2026-01-23T14:50:00Z,2026-01-24T23:59:59Z,ACCEPTED,
ACER-379211328,TRD-001550,A0003421.DE,STANDARD_SUPPLY,CONT,DE-LU,2026-01-23T20:32:00Z,2026-01-24T23:59:59Z,ACCEPTED,
ACER-458576482,TRD-001551,A0003421.DE,STANDARD_SUPPLY,CONT,DE-LU,2026-01-23T14:00:00Z,2026-01-24T23:59:59Z,ACCEPTED,
ACER-760686792,TRD-001552,A0003421.DE,STANDARD_SUPPLY,CONT,DE-LU,2026-01-23T16:01:00Z,2026-01-24T23:59:59Z,ACCEPTED,
ACER-984837903,TRD-001553,A0003421.DE,STANDARD_SUPPLY,CONT,DE-LU,2026-01-23T06:17:00Z,2026-01-24T23:59:59Z,ACCEPTED,
ACER-149730601,TRD-001554,A0003421.DE,STANDARD_SUPPLY,CONT,DE-LU,2026-01-23T09:14:00Z,2026-01-24T23:59:59Z,ACCEPTED,
ACER-691625135,TRD-001555,A0003421.DE,STANDARD_SUPPLY,CONT,DE-LU,2026-01-23T09:45:00Z,2026-01-24T23:59:59Z,ACCEPTED,
ACER-573963472,TRD-001556,A0003421.DE,STANDARD_SUPPLY,CONT,DE-LU,2026-01-23T11:46:00Z,2026-01-24T23:59:59Z,ACCEPTED,
ACER-703753788,TRD-001557,A0003421.DE,STANDARD_SUPPLY,CONT,DE-LU,2026-01-23T20:02:00Z,2026-01-24T23:59:59Z,ACCEPTED,
ACER-887760652,TRD-001558,A0003421.DE,TRANSPORTATION,CONT,DE-LU,2026-01-23T07:01:00Z,2026-01-24T23:59:59Z,ACCEPTED,
ACER-635711167,TRD-001559,A0003421.DE,STANDARD_SUPPLY,AUCT,DE-LU,2026-01-23T14:16:00Z,2026-01-24T23:59:59Z,ACCEPTED,
ACER-467263223,TRD-001560,A0003421.DE,STANDARD_SUPPLY,CONT,DE-LU,2026-01-23T17:24:00Z,2026-01-24T23:59:59Z,ACCEPTED,
ACER-584288748,TRD-001561,A0003421.DE,STANDARD_SUPPLY,CONT,DE-LU,2026-01-23T18:26:00Z,2026-01-24T23:59:59Z,ACCEPTED,
ACER-632920474,TRD-001562,A0003421.DE,TRANSPORTATION,CONT,DE-LU,2026-01-23T08:22:00Z,2026-01-24T23:59:59Z,ACCEPTED,
ACER-681911444,TRD-001563,A0003421.DE,STANDARD_SUPPLY,CONT,DE-LU,2026-01-23T11:04:00Z,2026-01-24T23:59:59Z,ACCEPTED,
ACER-245508509,TRD-001564,A0003421.DE,STANDARD_SUPPLY,CONT,DE-LU,2026-01-23T20:35:00Z,2026-01-24T23:59:59Z,SUBMITTED,
ACER-840792927,TRD-001565,A0003421.DE,TRANSPORTATION,CONT,DE-LU,2026-01-23T14:41:00Z,2026-01-24T23:59:59Z,SUBMITTED,
ACER-319676247,TRD-001571,A0003421.DE,STANDARD_SUPPLY,CONT,DE-LU,2026-01-24T20:23:00Z,2026-01-25T23:59:59Z,ACCEPTED,
ACER-672794838,TRD-001572,A0003421.DE,STANDARD_SUPPLY,AUCT,DE-LU,2026-01-24T18:45:00Z,2026-01-25T23:59:59Z,SUBMITTED,
ACER-237475731,TRD-001573,A0003421.DE,STANDARD_SUPPLY,CONT,DE-LU,2026-01-24T15:29:00Z,2026-01-25T23:59:59Z,ACCEPTED,
ACER-878234417,TRD-001574,A0003421.DE,STANDARD_SUPPLY,CONT,DE-LU,2026-01-24T18:38:00Z,2026-01-25T23:59:59Z,PENDING,
ACER-266412445,TRD-001575,A0003421.DE,TRANSPORTATION,AUCT,DE-LU,2026-01-24T17:06:00Z,2026-01-25T23:59:59Z,ACCEPTED,
ACER-830553623,TRD-001576,A0003421.DE,STANDARD_SUPPLY,CONT,DE-LU,2026-01-24T17:56:00Z,2026-01-25T23:59:59Z,ACCEPTED,
ACER-386266222,TRD-001577,A0003421.DE,STANDARD_SUPPLY,CONT,DE-LU,2026-01-24T11:36:00Z,2026-01-25T23:59:59Z,ACCEPTED,
ACER-900928646,TRD-001578,A0003421.DE,STANDARD_SUPPLY,AUCT,DE-LU,2026-01-24T11:44:00Z,2026-01-25T23:59:59Z,ACCEPTED,
ACER-818739978,TRD-001579,A0003421.DE,STANDARD_SUPPLY,CONT,DE-LU,2026-01-24T11:13:00Z,2026-01-25T23:59:59Z,ACCEPTED,
ACER-728726029,TRD-001580,A0003421.DE,STANDARD_SUPPLY,CONT,DE-LU,2026-01-24T11:45:00Z,2026-01-25T23:59:59Z,SUBMITTED,
ACER-616999787,TRD-001581,A0003421.DE,STANDARD_SUPPLY,CONT,DE-LU,2026-01-24T15:59:00Z,2026-01-25T23:59:59Z,ACCEPTED,
ACER-194214417,TRD-001582,A0003421.DE,STANDARD_SUPPLY,CONT,DE-LU,2026-01-24T22:04:00Z,2026-01-25T23:59:59Z,ACCEPTED,
ACER-444247646,TRD-001583,A0003421.DE,STANDARD_SUPPLY,AUCT,DE-LU,2026-01-24T07:38:00Z,2026-01-25T23:59:59Z,SUBMITTED,
ACER-554755295,TRD-001584,A0003421.DE,STANDARD_SUPPLY,CONT,DE-LU,2026-01-24T14:00:00Z,2026-01-25T23:59:59Z,ACCEPTED,
ACER-212367816,TRD-001585,A0003421.DE,STANDARD_SUPPLY,AUCT,DE-LU,2026-01-24T12:09:00Z,2026-01-25T23:59:59Z,ACCEPTED,
ACER-138611220,TRD-001586,A0003421.DE,STANDARD_SUPPLY,AUCT,DE-LU,2026-01-24T12:53:00Z,2026-01-25T23:59:59Z,ACCEPTED,
ACER-817604900,TRD-001587,A0003421.DE,STANDARD_SUPPLY,CONT,DE-LU,2026-01-24T06:30:00Z,2026-01-25T23:59:59Z,SUBMITTED,
ACER-950139184,TRD-001588,A0003421.DE,STANDARD_SUPPLY,CONT,DE-LU,2026-01-24T16:56:00Z,2026-01-25T23:59:59Z,SUBMITTED,
ACER-159765390,TRD-001589,A0003421.DE,TRANSPORTATION,CONT,DE-LU,2026-01-24T20:39:00Z,2026-01-25T23:59:59Z,SUBMITTED,
ACER-778388825,TRD-001590,A0003421.DE,STANDARD_SUPPLY,CONT,DE-LU,2026-01-24T17:25:00Z,2026-01-25T23:59:59Z,SUBMITTED,
ACER-344567502,TRD-001591,A0003421.DE,STANDARD_SUPPLY,AUCT,DE-LU,2026-01-24T22:42:00Z,2026-01-25T23:59:59Z,SUBMITTED,
ACER-744140322,TRD-001592,A0003421.DE,STANDARD_SUPPLY,AUCT,DE-LU,2026-01-24T06:40:00Z,2026-01-25T23:59:59Z,ACCEPTED,
ACER-702139472,TRD-001593,A0003421.DE,STANDARD_SUPPLY,CONT,DE-LU,2026-01-24T13:16:00Z,2026-01-25T23:59:59Z,ACCEPTED,
ACER-416043578,TRD-001594,A0003421.DE,TRANSPORTATION,CONT,DE-LU,2026-01-24T12:15:00Z,2026-01-25T23:59:59Z,ACCEPTED,
ACER-680452445,TRD-001595,A0003421.DE,TRANSPORTATION,CONT,DE-LU,2026-01-24T18:33:00Z,2026-01-25T23:59:59Z,ACCEPTED,
ACER-790590036,TRD-001596,A0003421.DE,STANDARD_SUPPLY,CONT,DE-LU,2026-01-24T22:42:00Z,2026-01-25T23:59:59Z,ACCEPTED,
ACER-689031070,TRD-001597,A0003421.DE,STANDARD_SUPPLY,AUCT,DE-LU,2026-01-24T22:17:00Z,2026-01-25T23:59:59Z,ACCEPTED,
ACER-120083591,TRD-001598,A0003421.DE,TRANSPORTATION,CONT,DE-LU,2026-01-24T14:51:00Z,2026-01-25T23:59:59Z,ACCEPTED,
ACER-616590849,TRD-001599,A0003421.DE,STANDARD_SUPPLY,AUCT,DE-LU,2026-01-24T16:17:00Z,2026-01-25T23:59:59Z,SUBMITTED,
ACER-301744356,TRD-001600,A0003421.DE,STANDARD_SUPPLY,CONT,DE-LU,2026-01-24T11:06:00Z,2026-01-25T23:59:59Z,PENDING,
ACER-943631238,TRD-001601,A0003421.DE,STANDARD_SUPPLY,CONT,DE-LU,2026-01-24T22:10:00Z,2026-01-25T23:59:59Z,PENDING,
ACER-790390201,TRD-001602,A0003421.DE,STANDARD_SUPPLY,CONT,DE-LU,2026-01-24T11:21:00Z,2026-01-25T23:59:59Z,SUBMITTED,
ACER-936423656,TRD-001603,A0003421.DE,TRANSPORTATION,CONT,DE-LU,2026-01-24T15:30:00Z,2026-01-25T23:59:59Z,SUBMITTED,
ACER-764033368,TRD-001604,A0003421.DE,STANDARD_SUPPLY,CONT,DE-LU,2026-01-24T16:33:00Z,2026-01-25T23:59:59Z,SUBMITTED,
ACER-990499668,TRD-001605,A0003421.DE,STANDARD_SUPPLY,CONT,DE-LU,2026-01-24T08:01:00Z,2026-01-25T23:59:59Z,REJECTED,TIMESTAMP_FORMAT_ERROR
ACER-302732195,TRD-001606,A0003421.DE,STANDARD_SUPPLY,CONT,DE-LU,2026-01-24T10:54:00Z,2026-01-25T23:59:59Z,PENDING,
ACER-751793049,TRD-001607,A0003421.DE,TRANSPORTATION,CONT,DE-LU,2026-01-24T22:56:00Z,2026-01-25T23:59:59Z,ACCEPTED,
ACER-997298139,TRD-001608,A0003421.DE,TRANSPORTATION,CONT,DE-LU,2026-01-24T22:34:00Z,2026-01-25T23:59:59Z,ACCEPTED,
ACER-711036711,TRD-001609,A0003421.DE,TRANSPORTATION,CONT,DE-LU,2026-01-24T20:18:00Z,2026-01-25T23:59:59Z,REJECTED,MISSING_COUNTERPARTY_ID
ACER-890353562,TRD-001601,A0003421.DE,STANDARD_SUPPLY,AUCT,DE-LU,2026-01-25T17:51:00Z,2026-01-26T23:59:59Z,ACCEPTED,
ACER-905790309,TRD-001602,A0003421.DE,STANDARD_SUPPLY,CONT,DE-LU,2026-01-25T13:57:00Z,2026-01-26T23:59:59Z,ACCEPTED,
ACER-982334660,TRD-001603,A0003421.DE,STANDARD_SUPPLY,CONT,DE-LU,2026-01-25T14:46:00Z,2026-01-26T23:59:59Z,SUBMITTED,
ACER-572739101,TRD-001604,A0003421.DE,STANDARD_SUPPLY,CONT,DE-LU,2026-01-25T12:37:00Z,2026-01-26T23:59:59Z,ACCEPTED,
ACER-176950596,TRD-001605,A0003421.DE,STANDARD_SUPPLY,CONT,DE-LU,2026-01-25T06:04:00Z,2026-01-26T23:59:59Z,ACCEPTED,
ACER-247639213,TRD-001606,A0003421.DE,STANDARD_SUPPLY,CONT,DE-LU,2026-01-25T14:35:00Z,2026-01-26T23:59:59Z,SUBMITTED,
ACER-442424269,TRD-001607,A0003421.DE,STANDARD_SUPPLY,CONT,DE-LU,2026-01-25T16:00:00Z,2026-01-26T23:59:59Z,SUBMITTED,
ACER-849023242,TRD-001608,A0003421.DE,STANDARD_SUPPLY,CONT,DE-LU,2026-01-25T11:21:00Z,2026-01-26T23:59:59Z,ACCEPTED,
ACER-243502045,TRD-001609,A0003421.DE,STANDARD_SUPPLY,CONT,DE-LU,2026-01-25T07:00:00Z,2026-01-26T23:59:59Z,ACCEPTED,
ACER-796591692,TRD-001610,A0003421.DE,STANDARD_SUPPLY,CONT,DE-LU,2026-01-25T21:46:00Z,2026-01-26T23:59:59Z,ACCEPTED,
ACER-195594545,TRD-001611,A0003421.DE,STANDARD_SUPPLY,CONT,DE-LU,2026-01-25T11:40:00Z,2026-01-26T23:59:59Z,PENDING,
ACER-753123848,TRD-001612,A0003421.DE,STANDARD_SUPPLY,CONT,DE-LU,2026-01-25T08:15:00Z,2026-01-26T23:59:59Z,ACCEPTED,
ACER-526745984,TRD-001613,A0003421.DE,STANDARD_SUPPLY,AUCT,DE-LU,2026-01-25T17:01:00Z,2026-01-26T23:59:59Z,SUBMITTED,
ACER-492750624,TRD-001614,A0003421.DE,TRANSPORTATION,CONT,DE-LU,2026-01-25T07:23:00Z,2026-01-26T23:59:59Z,PENDING,
ACER-485796201,TRD-001615,A0003421.DE,STANDARD_SUPPLY,CONT,DE-LU,2026-01-25T16:31:00Z,2026-01-26T23:59:59Z,ACCEPTED,
ACER-828109047,TRD-001616,A0003421.DE,TRANSPORTATION,CONT,DE-LU,2026-01-25T17:37:00Z,2026-01-26T23:59:59Z,ACCEPTED,
ACER-377642910,TRD-001617,A0003421.DE,TRANSPORTATION,CONT,DE-LU,2026-01-25T10:40:00Z,2026-01-26T23:59:59Z,SUBMITTED,
ACER-118617201,TRD-001618,A0003421.DE,STANDARD_SUPPLY,AUCT,DE-LU,2026-01-25T15:25:00Z,2026-01-26T23:59:59Z,ACCEPTED,
ACER-833186316,TRD-001619,A0003421.DE,STANDARD_SUPPLY,CONT,DE-LU,2026-01-25T14:36:00Z,2026-01-26T23:59:59Z,ACCEPTED,
ACER-389695701,TRD-001620,A0003421.DE,STANDARD_SUPPLY,CONT,DE-LU,2026-01-25T22:56:00Z,2026-01-26T23:59:59Z,ACCEPTED,
ACER-895609931,TRD-001621,A0003421.DE,STANDARD_SUPPLY,AUCT,DE-LU,2026-01-25T10:17:00Z,2026-01-26T23:59:59Z,ACCEPTED,
ACER-715043371,TRD-001622,A0003421.DE,STANDARD_SUPPLY,CONT,DE-LU,2026-01-25T18:02:00Z,2026-01-26T23:59:59Z,ACCEPTED,
ACER-425333586,TRD-001623,A0003421.DE,STANDARD_SUPPLY,AUCT,DE-LU,2026-01-25T09:00:00Z,2026-01-26T23:59:59Z,ACCEPTED,
ACER-727301081,TRD-001624,A0003421.DE,STANDARD_SUPPLY,CONT,DE-LU,2026-01-25T16:29:00Z,2026-01-26T23:59:59Z,SUBMITTED,
ACER-305215740,TRD-001625,A0003421.DE,STANDARD_SUPPLY,AUCT,DE-LU,2026-01-25T22:22:00Z,2026-01-26T23:59:59Z,ACCEPTED,
ACER-889124291,TRD-001626,A0003421.DE,STANDARD_SUPPLY,CONT,DE-LU,2026-01-25T17:25:00Z,2026-01-26T23:59:59Z,PENDING,
ACER-485935743,TRD-001627,A0003421.DE,STANDARD_SUPPLY,AUCT,DE-LU,2026-01-25T07:03:00Z,2026-01-26T23:59:59Z,SUBMITTED,
ACER-365245208,TRD-001628,A0003421.DE,STANDARD_SUPPLY,CONT,DE-LU,2026-01-25T07:38:00Z,2026-01-26T23:59:59Z,SUBMITTED,
ACER-775228479,TRD-001629,A0003421.DE,TRANSPORTATION,CONT,DE-LU,2026-01-25T11:52:00Z,2026-01-26T23:59:59Z,REJECTED,MISSING_COUNTERPARTY_ID
ACER-583507227,TRD-001630,A0003421.DE,STANDARD_SUPPLY,CONT,DE-LU,2026-01-25T20:21:00Z,2026-01-26T23:59:59Z,ACCEPTED,
ACER-449219888,TRD-001631,A0003421.DE,STANDARD_SUPPLY,AUCT,DE-LU,2026-01-25T21:03:00Z,2026-01-26T23:59:59Z,ACCEPTED,
ACER-784621406,TRD-001632,A0003421.DE,STANDARD_SUPPLY,CONT,DE-LU,2026-01-25T10:16:00Z,2026-01-26T23:59:59Z,ACCEPTED,
ACER-967191368,TRD-001633,A0003421.DE,STANDARD_SUPPLY,CONT,DE-LU,2026-01-25T13:13:00Z,2026-01-26T23:59:59Z,ACCEPTED,
ACER-794333758,TRD-001634,A0003421.DE,STANDARD_SUPPLY,CONT,DE-LU,2026-01-25T22:41:00Z,2026-01-26T23:59:59Z,ACCEPTED,
ACER-563587164,TRD-001635,A0003421.DE,STANDARD_SUPPLY,CONT,DE-LU,2026-01-25T07:09:00Z,2026-01-26T23:59:59Z,SUBMITTED,
ACER-687257153,TRD-001636,A0003421.DE,STANDARD_SUPPLY,CONT,DE-LU,2026-01-25T06:24:00Z,2026-01-26T23:59:59Z,SUBMITTED,
ACER-916065312,TRD-001637,A0003421.DE,TRANSPORTATION,CONT,DE-LU,2026-01-25T10:19:00Z,2026-01-26T23:59:59Z,PENDING,
ACER-962851729,TRD-001638,A0003421.DE,STANDARD_SUPPLY,CONT,DE-LU,2026-01-25T20:13:00Z,2026-01-26T23:59:59Z,ACCEPTED,
ACER-643877622,TRD-001639,A0003421.DE,TRANSPORTATION,AUCT,DE-LU,2026-01-25T18:39:00Z,2026-01-26T23:59:59Z,ACCEPTED,
ACER-653670524,TRD-001640,A0003421.DE,TRANSPORTATION,AUCT,DE-LU,2026-01-25T10:29:00Z,2026-01-26T23:59:59Z,ACCEPTED,
ACER-886222792,TRD-001641,A0003421.DE,STANDARD_SUPPLY,CONT,DE-LU,2026-01-25T18:13:00Z,2026-01-26T23:59:59Z,ACCEPTED,
ACER-856881440,TRD-001631,A0003421.DE,STANDARD_SUPPLY,CONT,DE-LU,2026-01-26T07:03:00Z,2026-01-27T23:59:59Z,ACCEPTED,
ACER-303875856,TRD-001632,A0003421.DE,STANDARD_SUPPLY,CONT,DE-LU,2026-01-26T10:22:00Z,2026-01-27T23:59:59Z,SUBMITTED,
ACER-370680848,TRD-001633,A0003421.DE,STANDARD_SUPPLY,CONT,DE-LU,2026-01-26T06:15:00Z,2026-01-27T23:59:59Z,SUBMITTED,
ACER-316794212,TRD-001634,A0003421.DE,STANDARD_SUPPLY,AUCT,DE-LU,2026-01-26T09:36:00Z,2026-01-27T23:59:59Z,ACCEPTED,
ACER-608045526,TRD-001635,A0003421.DE,TRANSPORTATION,CONT,DE-LU,2026-01-26T14:53:00Z,2026-01-27T23:59:59Z,ACCEPTED,
ACER-508510277,TRD-001636,A0003421.DE,STANDARD_SUPPLY,AUCT,DE-LU,2026-01-26T10:41:00Z,2026-01-27T23:59:59Z,ACCEPTED,
ACER-907988174,TRD-001637,A0003421.DE,STANDARD_SUPPLY,CONT,DE-LU,2026-01-26T14:07:00Z,2026-01-27T23:59:59Z,ACCEPTED,
ACER-305496435,TRD-001638,A0003421.DE,STANDARD_SUPPLY,CONT,DE-LU,2026-01-26T12:20:00Z,2026-01-27T23:59:59Z,REJECTED,VOLUME_MISMATCH
ACER-517696880,TRD-001639,A0003421.DE,STANDARD_SUPPLY,CONT,DE-LU,2026-01-26T20:17:00Z,2026-01-27T23:59:59Z,ACCEPTED,
ACER-618729469,TRD-001640,A0003421.DE,STANDARD_SUPPLY,CONT,DE-LU,2026-01-26T15:32:00Z,2026-01-27T23:59:59Z,ACCEPTED,
ACER-433462908,TRD-001641,A0003421.DE,STANDARD_SUPPLY,AUCT,DE-LU,2026-01-26T16:03:00Z,2026-01-27T23:59:59Z,ACCEPTED,
ACER-652787021,TRD-001642,A0003421.DE,STANDARD_SUPPLY,CONT,DE-LU,2026-01-26T17:12:00Z,2026-01-27T23:59:59Z,ACCEPTED,
ACER-796426970,TRD-001643,A0003421.DE,STANDARD_SUPPLY,CONT,DE-LU,2026-01-26T15:50:00Z,2026-01-27T23:59:59Z,REJECTED,INVALID_DELIVERY_POINT
ACER-115050195,TRD-001644,A0003421.DE,TRANSPORTATION,CONT,DE-LU,2026-01-26T17:16:00Z,2026-01-27T23:59:59Z,ACCEPTED,
ACER-120963064,TRD-001645,A0003421.DE,STANDARD_SUPPLY,AUCT,DE-LU,2026-01-26T11:35:00Z,2026-01-27T23:59:59Z,ACCEPTED,
ACER-325995118,TRD-001661,A0003421.DE,STANDARD_SUPPLY,CONT,DE-LU,2026-01-27T09:44:00Z,2026-01-28T23:59:59Z,ACCEPTED,
ACER-871955200,TRD-001662,A0003421.DE,STANDARD_SUPPLY,CONT,DE-LU,2026-01-27T19:24:00Z,2026-01-28T23:59:59Z,ACCEPTED,
ACER-815746622,TRD-001663,A0003421.DE,STANDARD_SUPPLY,AUCT,DE-LU,2026-01-27T16:49:00Z,2026-01-28T23:59:59Z,SUBMITTED,
ACER-171082813,TRD-001664,A0003421.DE,STANDARD_SUPPLY,CONT,DE-LU,2026-01-27T16:16:00Z,2026-01-28T23:59:59Z,ACCEPTED,
ACER-286271830,TRD-001665,A0003421.DE,STANDARD_SUPPLY,CONT,DE-LU,2026-01-27T10:10:00Z,2026-01-28T23:59:59Z,ACCEPTED,
ACER-630202544,TRD-001666,A0003421.DE,STANDARD_SUPPLY,CONT,DE-LU,2026-01-27T22:43:00Z,2026-01-28T23:59:59Z,SUBMITTED,
ACER-110205570,TRD-001667,A0003421.DE,STANDARD_SUPPLY,AUCT,DE-LU,2026-01-27T19:50:00Z,2026-01-28T23:59:59Z,ACCEPTED,
ACER-600190467,TRD-001668,A0003421.DE,STANDARD_SUPPLY,CONT,DE-LU,2026-01-27T11:46:00Z,2026-01-28T23:59:59Z,SUBMITTED,
ACER-751624593,TRD-001669,A0003421.DE,TRANSPORTATION,CONT,DE-LU,2026-01-27T22:28:00Z,2026-01-28T23:59:59Z,SUBMITTED,
ACER-710998485,TRD-001670,A0003421.DE,STANDARD_SUPPLY,CONT,DE-LU,2026-01-27T08:36:00Z,2026-01-28T23:59:59Z,REJECTED,TIMESTAMP_FORMAT_ERROR
ACER-749870616,TRD-001671,A0003421.DE,TRANSPORTATION,CONT,DE-LU,2026-01-27T20:36:00Z,2026-01-28T23:59:59Z,SUBMITTED,
ACER-753357347,TRD-001672,A0003421.DE,STANDARD_SUPPLY,CONT,DE-LU,2026-01-27T14:55:00Z,2026-01-28T23:59:59Z,SUBMITTED,
ACER-376894559,TRD-001673,A0003421.DE,STANDARD_SUPPLY,CONT,DE-LU,2026-01-27T17:07:00Z,2026-01-28T23:59:59Z,ACCEPTED,
ACER-192639527,TRD-001674,A0003421.DE,STANDARD_SUPPLY,CONT,DE-LU,2026-01-27T12:00:00Z,2026-01-28T23:59:59Z,ACCEPTED,
ACER-565609856,TRD-001675,A0003421.DE,STANDARD_SUPPLY,CONT,DE-LU,2026-01-27T18:47:00Z,2026-01-28T23:59:59Z,PENDING,
ACER-800501111,TRD-001676,A0003421.DE,TRANSPORTATION,CONT,DE-LU,2026-01-27T13:14:00Z,2026-01-28T23:59:59Z,ACCEPTED,
ACER-289516417,TRD-001677,A0003421.DE,STANDARD_SUPPLY,AUCT,DE-LU,2026-01-27T06:27:00Z,2026-01-28T23:59:59Z,ACCEPTED,
ACER-221327344,TRD-001678,A0003421.DE,STANDARD_SUPPLY,CONT,DE-LU,2026-01-27T22:32:00Z,2026-01-28T23:59:59Z,ACCEPTED,
ACER-384290258,TRD-001679,A0003421.DE,STANDARD_SUPPLY,AUCT,DE-LU,2026-01-27T10:45:00Z,2026-01-28T23:59:59Z,ACCEPTED,
ACER-867015493,TRD-001680,A0003421.DE,TRANSPORTATION,CONT,DE-LU,2026-01-27T12:59:00Z,2026-01-28T23:59:59Z,ACCEPTED,
ACER-641142769,TRD-001681,A0003421.DE,STANDARD_SUPPLY,AUCT,DE-LU,2026-01-27T14:24:00Z,2026-01-28T23:59:59Z,ACCEPTED,
ACER-914221348,TRD-001691,A0003421.DE,STANDARD_SUPPLY,CONT,DE-LU,2026-01-28T06:35:00Z,2026-01-29T23:59:59Z,ACCEPTED,
ACER-752707336,TRD-001692,A0003421.DE,STANDARD_SUPPLY,CONT,DE-LU,2026-01-28T07:48:00Z,2026-01-29T23:59:59Z,ACCEPTED,
ACER-584492609,TRD-001693,A0003421.DE,STANDARD_SUPPLY,CONT,DE-LU,2026-01-28T20:25:00Z,2026-01-29T23:59:59Z,SUBMITTED,
ACER-537973277,TRD-001694,A0003421.DE,STANDARD_SUPPLY,CONT,DE-LU,2026-01-28T18:45:00Z,2026-01-29T23:59:59Z,ACCEPTED,
ACER-438531728,TRD-001695,A0003421.DE,STANDARD_SUPPLY,AUCT,DE-LU,2026-01-28T22:37:00Z,2026-01-29T23:59:59Z,ACCEPTED,
ACER-869974568,TRD-001696,A0003421.DE,STANDARD_SUPPLY,CONT,DE-LU,2026-01-28T19:51:00Z,2026-01-29T23:59:59Z,ACCEPTED,
ACER-769126265,TRD-001697,A0003421.DE,STANDARD_SUPPLY,CONT,DE-LU,2026-01-28T20:02:00Z,2026-01-29T23:59:59Z,ACCEPTED,
ACER-741600108,TRD-001698,A0003421.DE,STANDARD_SUPPLY,CONT,DE-LU,2026-01-28T09:13:00Z,2026-01-29T23:59:59Z,ACCEPTED,
ACER-613294983,TRD-001699,A0003421.DE,STANDARD_SUPPLY,AUCT,DE-LU,2026-01-28T07:14:00Z,2026-01-29T23:59:59Z,ACCEPTED,
ACER-765198797,TRD-001700,A0003421.DE,STANDARD_SUPPLY,AUCT,DE-LU,2026-01-28T06:32:00Z,2026-01-29T23:59:59Z,SUBMITTED,
ACER-109827493,TRD-001701,A0003421.DE,TRANSPORTATION,CONT,DE-LU,2026-01-28T08:31:00Z,2026-01-29T23:59:59Z,SUBMITTED,
ACER-956779467,TRD-001702,A0003421.DE,STANDARD_SUPPLY,CONT,DE-LU,2026-01-28T13:21:00Z,2026-01-29T23:59:59Z,ACCEPTED,
ACER-571692992,TRD-001703,A0003421.DE,STANDARD_SUPPLY,CONT,DE-LU,2026-01-28T08:06:00Z,2026-01-29T23:59:59Z,ACCEPTED,
ACER-310041157,TRD-001704,A0003421.DE,STANDARD_SUPPLY,CONT,DE-LU,2026-01-28T10:58:00Z,2026-01-29T23:59:59Z,ACCEPTED,
ACER-974699942,TRD-001705,A0003421.DE,STANDARD_SUPPLY,CONT,DE-LU,2026-01-28T08:15:00Z,2026-01-29T23:59:59Z,ACCEPTED,
ACER-645440809,TRD-001706,A0003421.DE,STANDARD_SUPPLY,CONT,DE-LU,2026-01-28T12:41:00Z,2026-01-29T23:59:59Z,SUBMITTED,
ACER-976029501,TRD-001707,A0003421.DE,STANDARD_SUPPLY,CONT,DE-LU,2026-01-28T07:05:00Z,2026-01-29T23:59:59Z,SUBMITTED,
ACER-507957898,TRD-001708,A0003421.DE,STANDARD_SUPPLY,CONT,DE-LU,2026-01-28T11:14:00Z,2026-01-29T23:59:59Z,ACCEPTED,
ACER-790394735,TRD-001709,A0003421.DE,STANDARD_SUPPLY,AUCT,DE-LU,2026-01-28T18:12:00Z,2026-01-29T23:59:59Z,SUBMITTED,
ACER-294326810,TRD-001710,A0003421.DE,STANDARD_SUPPLY,CONT,DE-LU,2026-01-28T21:03:00Z,2026-01-29T23:59:59Z,REJECTED,INVALID_DELIVERY_POINT
ACER-100060397,TRD-001711,A0003421.DE,STANDARD_SUPPLY,CONT,DE-LU,2026-01-28T20:45:00Z,2026-01-29T23:59:59Z,ACCEPTED,
ACER-244720054,TRD-001721,A0003421.DE,STANDARD_SUPPLY,CONT,DE-LU,2026-01-29T11:08:00Z,2026-01-30T23:59:59Z,ACCEPTED,
ACER-339917242,TRD-001722,A0003421.DE,STANDARD_SUPPLY,CONT,DE-LU,2026-01-29T22:24:00Z,2026-01-30T23:59:59Z,SUBMITTED,
ACER-962360395,TRD-001723,A0003421.DE,STANDARD_SUPPLY,AUCT,DE-LU,2026-01-29T18:23:00Z,2026-01-30T23:59:59Z,SUBMITTED,
ACER-887269079,TRD-001724,A0003421.DE,STANDARD_SUPPLY,CONT,DE-LU,2026-01-29T21:30:00Z,2026-01-30T23:59:59Z,ACCEPTED,
ACER-603889340,TRD-001725,A0003421.DE,STANDARD_SUPPLY,AUCT,DE-LU,2026-01-29T09:30:00Z,2026-01-30T23:59:59Z,SUBMITTED,
ACER-283869844,TRD-001726,A0003421.DE,STANDARD_SUPPLY,AUCT,DE-LU,2026-01-29T08:00:00Z,2026-01-30T23:59:59Z,ACCEPTED,
ACER-466946046,TRD-001727,A0003421.DE,STANDARD_SUPPLY,CONT,DE-LU,2026-01-29T14:12:00Z,2026-01-30T23:59:59Z,PENDING,
ACER-375009624,TRD-001728,A0003421.DE,STANDARD_SUPPLY,CONT,DE-LU,2026-01-29T11:36:00Z,2026-01-30T23:59:59Z,SUBMITTED,
ACER-989991984,TRD-001729,A0003421.DE,TRANSPORTATION,CONT,DE-LU,2026-01-29T12:06:00Z,2026-01-30T23:59:59Z,ACCEPTED,
ACER-999494013,TRD-001730,A0003421.DE,STANDARD_SUPPLY,CONT,DE-LU,2026-01-29T18:43:00Z,2026-01-30T23:59:59Z,ACCEPTED,
ACER-113689657,TRD-001731,A0003421.DE,STANDARD_SUPPLY,AUCT,DE-LU,2026-01-29T14:09:00Z,2026-01-30T23:59:59Z,ACCEPTED,
ACER-175534094,TRD-001732,A0003421.DE,STANDARD_SUPPLY,CONT,DE-LU,2026-01-29T11:34:00Z,2026-01-30T23:59:59Z,ACCEPTED,
ACER-378005411,TRD-001733,A0003421.DE,STANDARD_SUPPLY,AUCT,DE-LU,2026-01-29T18:17:00Z,2026-01-30T23:59:59Z,SUBMITTED,
ACER-117283569,TRD-001734,A0003421.DE,STANDARD_SUPPLY,AUCT,DE-LU,2026-01-29T14:06:00Z,2026-01-30T23:59:59Z,REJECTED,MISSING_COUNTERPARTY_ID
ACER-990324887,TRD-001735,A0003421.DE,TRANSPORTATION,CONT,DE-LU,2026-01-29T22:36:00Z,2026-01-30T23:59:59Z,SUBMITTED,
ACER-530737349,TRD-001736,A0003421.DE,STANDARD_SUPPLY,AUCT,DE-LU,2026-01-29T14:27:00Z,2026-01-30T23:59:59Z,ACCEPTED,
ACER-437813139,TRD-001737,A0003421.DE,TRANSPORTATION,CONT,DE-LU,2026-01-29T19:24:00Z,2026-01-30T23:59:59Z,ACCEPTED,
ACER-766841307,TRD-001738,A0003421.DE,STANDARD_SUPPLY,CONT,DE-LU,2026-01-29T19:53:00Z,2026-01-30T23:59:59Z,ACCEPTED,
ACER-647759323,TRD-001751,A0003421.DE,STANDARD_SUPPLY,CONT,DE-LU,2026-01-30T19:59:00Z,2026-01-31T23:59:59Z,ACCEPTED,
ACER-516681113,TRD-001752,A0003421.DE,STANDARD_SUPPLY,CONT,DE-LU,2026-01-30T14:36:00Z,2026-01-31T23:59:59Z,SUBMITTED,
ACER-941974266,TRD-001753,A0003421.DE,STANDARD_SUPPLY,CONT,DE-LU,2026-01-30T21:32:00Z,2026-01-31T23:59:59Z,ACCEPTED,
ACER-120694557,TRD-001754,A0003421.DE,STANDARD_SUPPLY,AUCT,DE-LU,2026-01-30T10:09:00Z,2026-01-31T23:59:59Z,ACCEPTED,
ACER-452723203,TRD-001755,A0003421.DE,STANDARD_SUPPLY,CONT,DE-LU,2026-01-30T18:20:00Z,2026-01-31T23:59:59Z,ACCEPTED,
ACER-266813931,TRD-001756,A0003421.DE,TRANSPORTATION,CONT,DE-LU,2026-01-30T21:43:00Z,2026-01-31T23:59:59Z,ACCEPTED,
ACER-765032644,TRD-001757,A0003421.DE,STANDARD_SUPPLY,CONT,DE-LU,2026-01-30T22:02:00Z,2026-01-31T23:59:59Z,ACCEPTED,
ACER-931184191,TRD-001758,A0003421.DE,STANDARD_SUPPLY,CONT,DE-LU,2026-01-30T16:11:00Z,2026-01-31T23:59:59Z,ACCEPTED,
ACER-212062286,TRD-001759,A0003421.DE,STANDARD_SUPPLY,CONT,DE-LU,2026-01-30T19:51:00Z,2026-01-31T23:59:59Z,ACCEPTED,
ACER-927446008,TRD-001760,A0003421.DE,TRANSPORTATION,CONT,DE-LU,2026-01-30T11:05:00Z,2026-01-31T23:59:59Z,ACCEPTED,
ACER-211450178,TRD-001761,A0003421.DE,STANDARD_SUPPLY,AUCT,DE-LU,2026-01-30T22:49:00Z,2026-01-31T23:59:59Z,ACCEPTED,
ACER-383353543,TRD-001762,A0003421.DE,TRANSPORTATION,CONT,DE-LU,2026-01-30T19:12:00Z,2026-01-31T23:59:59Z,ACCEPTED,
ACER-857528951,TRD-001763,A0003421.DE,STANDARD_SUPPLY,CONT,DE-LU,2026-01-30T16:12:00Z,2026-01-31T23:59:59Z,ACCEPTED,
ACER-126604692,TRD-001764,A0003421.DE,STANDARD_SUPPLY,CONT,DE-LU,2026-01-30T18:56:00Z,2026-01-31T23:59:59Z,ACCEPTED,
ACER-333953176,TRD-001765,A0003421.DE,STANDARD_SUPPLY,CONT,DE-LU,2026-01-30T09:48:00Z,2026-01-31T23:59:59Z,ACCEPTED,
ACER-967726403,TRD-001766,A0003421.DE,STANDARD_SUPPLY,AUCT,DE-LU,2026-01-30T06:11:00Z,2026-01-31T23:59:59Z,PENDING,
ACER-277241696,TRD-001767,A0003421.DE,STANDARD_SUPPLY,CONT,DE-LU,2026-01-30T17:11:00Z,2026-01-31T23:59:59Z,ACCEPTED,
ACER-668591087,TRD-001768,A0003421.DE,STANDARD_SUPPLY,CONT,DE-LU,2026-01-30T21:00:00Z,2026-01-31T23:59:59Z,ACCEPTED,
ACER-567655804,TRD-001769,A0003421.DE,STANDARD_SUPPLY,CONT,DE-LU,2026-01-30T06:00:00Z,2026-01-31T23:59:59Z,ACCEPTED,
ACER-547091932,TRD-001770,A0003421.DE,TRANSPORTATION,CONT,DE-LU,2026-01-30T19:32:00Z,2026-01-31T23:59:59Z,ACCEPTED,
ACER-130851982,TRD-001771,A0003421.DE,STANDARD_SUPPLY,CONT,DE-LU,2026-01-30T11:55:00Z,2026-01-31T23:59:59Z,SUBMITTED,
ACER-328066184,TRD-001772,A0003421.DE,STANDARD_SUPPLY,AUCT,DE-LU,2026-01-30T22:25:00Z,2026-01-31T23:59:59Z,ACCEPTED,
ACER-484632290,TRD-001773,A0003421.DE,STANDARD_SUPPLY,CONT,DE-LU,2026-01-30T13:31:00Z,2026-01-31T23:59:59Z,PENDING,
ACER-993295334,TRD-001774,A0003421.DE,STANDARD_SUPPLY,AUCT,DE-LU,2026-01-30T17:11:00Z,2026-01-31T23:59:59Z,ACCEPTED,
ACER-452692600,TRD-001775,A0003421.DE,STANDARD_SUPPLY,AUCT,DE-LU,2026-01-30T08:52:00Z,2026-01-31T23:59:59Z,ACCEPTED,
ACER-469733120,TRD-001776,A0003421.DE,STANDARD_SUPPLY,CONT,DE-LU,2026-01-30T21:54:00Z,2026-01-31T23:59:59Z,ACCEPTED,
ACER-551525564,TRD-001777,A0003421.DE,STANDARD_SUPPLY,AUCT,DE-LU,2026-01-30T21:44:00Z,2026-01-31T23:59:59Z,ACCEPTED,
ACER-780682338,TRD-001778,A0003421.DE,STANDARD_SUPPLY,CONT,DE-LU,2026-01-30T19:30:00Z,2026-01-31T23:59:59Z,ACCEPTED,
ACER-830230926,TRD-001779,A0003421.DE,STANDARD_SUPPLY,CONT,DE-LU,2026-01-30T07:55:00Z,2026-01-31T23:59:59Z,ACCEPTED,
ACER-539201234,TRD-001780,A0003421.DE,STANDARD_SUPPLY,CONT,DE-LU,2026-01-30T06:23:00Z,2026-01-31T23:59:59Z,ACCEPTED,
ACER-834250267,TRD-001781,A0003421.DE,STANDARD_SUPPLY,CONT,DE-LU,2026-01-30T15:53:00Z,2026-01-31T23:59:59Z,ACCEPTED,
ACER-725034304,TRD-001782,A0003421.DE,STANDARD_SUPPLY,CONT,DE-LU,2026-01-30T21:23:00Z,2026-01-31T23:59:59Z,ACCEPTED,
ACER-175821355,TRD-001783,A0003421.DE,STANDARD_SUPPLY,CONT,DE-LU,2026-01-30T09:52:00Z,2026-01-31T23:59:59Z,ACCEPTED,
ACER-795993657,TRD-001784,A0003421.DE,TRANSPORTATION,CONT,DE-LU,2026-01-30T06:56:00Z,2026-01-31T23:59:59Z,ACCEPTED,
ACER-892686144,TRD-001785,A0003421.DE,STANDARD_SUPPLY,CONT,DE-LU,2026-01-30T19:42:00Z,2026-01-31T23:59:59Z,PENDING,
ACER-214688424,TRD-001786,A0003421.DE,STANDARD_SUPPLY,CONT,DE-LU,2026-01-30T09:37:00Z,2026-01-31T23:59:59Z,ACCEPTED,
ACER-901404106,TRD-001787,A0003421.DE,STANDARD_SUPPLY,CONT,DE-LU,2026-01-30T12:11:00Z,2026-01-31T23:59:59Z,PENDING,
ACER-438982283,TRD-001788,A0003421.DE,STANDARD_SUPPLY,CONT,DE-LU,2026-01-30T12:37:00Z,2026-01-31T23:59:59Z,SUBMITTED,
ACER-516099499,TRD-001789,A0003421.DE,STANDARD_SUPPLY,CONT,DE-LU,2026-01-30T07:49:00Z,2026-01-31T23:59:59Z,ACCEPTED,
ACER-309358557,TRD-001790,A0003421.DE,STANDARD_SUPPLY,AUCT,DE-LU,2026-01-30T20:04:00Z,2026-01-31T23:59:59Z,SUBMITTED,
ACER-555278311,TRD-001791,A0003421.DE,STANDARD_SUPPLY,CONT,DE-LU,2026-01-30T17:52:00Z,2026-01-31T23:59:59Z,SUBMITTED,
ACER-273837478,TRD-001792,A0003421.DE,TRANSPORTATION,CONT,DE-LU,2026-01-30T17:56:00Z,2026-01-31T23:59:59Z,SUBMITTED,
ACER-748804253,TRD-001793,A0003421.DE,TRANSPORTATION,CONT,DE-LU,2026-01-30T18:09:00Z,2026-01-31T23:59:59Z,ACCEPTED,
ACER-714714707,TRD-001781,A0003421.DE,TRANSPORTATION,CONT,DE-LU,2026-01-31T20:43:00Z,2026-02-01T23:59:59Z,ACCEPTED,
ACER-755509215,TRD-001782,A0003421.DE,STANDARD_SUPPLY,CONT,DE-LU,2026-01-31T09:14:00Z,2026-02-01T23:59:59Z,ACCEPTED,
ACER-257469853,TRD-001783,A0003421.DE,TRANSPORTATION,CONT,DE-LU,2026-01-31T09:25:00Z,2026-02-01T23:59:59Z,REJECTED,VOLUME_MISMATCH
ACER-772326226,TRD-001784,A0003421.DE,STANDARD_SUPPLY,CONT,DE-LU,2026-01-31T22:25:00Z,2026-02-01T23:59:59Z,ACCEPTED,
ACER-890225687,TRD-001785,A0003421.DE,STANDARD_SUPPLY,CONT,DE-LU,2026-01-31T10:11:00Z,2026-02-01T23:59:59Z,ACCEPTED,
ACER-174170882,TRD-001786,A0003421.DE,STANDARD_SUPPLY,CONT,DE-LU,2026-01-31T16:30:00Z,2026-02-01T23:59:59Z,SUBMITTED,
ACER-859306657,TRD-001787,A0003421.DE,STANDARD_SUPPLY,CONT,DE-LU,2026-01-31T21:33:00Z,2026-02-01T23:59:59Z,ACCEPTED,
ACER-513705522,TRD-001788,A0003421.DE,STANDARD_SUPPLY,CONT,DE-LU,2026-01-31T13:07:00Z,2026-02-01T23:59:59Z,SUBMITTED,
ACER-214260277,TRD-001789,A0003421.DE,TRANSPORTATION,CONT,DE-LU,2026-01-31T08:55:00Z,2026-02-01T23:59:59Z,PENDING,
ACER-781902644,TRD-001790,A0003421.DE,STANDARD_SUPPLY,CONT,DE-LU,2026-01-31T18:22:00Z,2026-02-01T23:59:59Z,ACCEPTED,
ACER-599104929,TRD-001791,A0003421.DE,TRANSPORTATION,CONT,DE-LU,2026-01-31T07:05:00Z,2026-02-01T23:59:59Z,ACCEPTED,
ACER-889391245,TRD-001792,A0003421.DE,STANDARD_SUPPLY,CONT,DE-LU,2026-01-31T06:40:00Z,2026-02-01T23:59:59Z,ACCEPTED,
ACER-626569185,TRD-001793,A0003421.DE,TRANSPORTATION,CONT,DE-LU,2026-01-31T15:42:00Z,2026-02-01T23:59:59Z,ACCEPTED,
ACER-215847292,TRD-001794,A0003421.DE,TRANSPORTATION,CONT,DE-LU,2026-01-31T13:37:00Z,2026-02-01T23:59:59Z,ACCEPTED,
ACER-588208064,TRD-001795,A0003421.DE,STANDARD_SUPPLY,CONT,DE-LU,2026-01-31T21:20:00Z,2026-02-01T23:59:59Z,ACCEPTED,
ACER-125441535,TRD-001811,A0003421.DE,STANDARD_SUPPLY,CONT,DE-LU,2026-02-01T17:02:00Z,2026-02-02T23:59:59Z,ACCEPTED,
ACER-675277391,TRD-001812,A0003421.DE,STANDARD_SUPPLY,CONT,DE-LU,2026-02-01T11:20:00Z,2026-02-02T23:59:59Z,ACCEPTED,
ACER-905490624,TRD-001813,A0003421.DE,TRANSPORTATION,CONT,DE-LU,2026-02-01T09:13:00Z,2026-02-02T23:59:59Z,PENDING,
ACER-629872637,TRD-001814,A0003421.DE,STANDARD_SUPPLY,CONT,DE-LU,2026-02-01T07:55:00Z,2026-02-02T23:59:59Z,ACCEPTED,
ACER-308933675,TRD-001815,A0003421.DE,STANDARD_SUPPLY,CONT,DE-LU,2026-02-01T16:02:00Z,2026-02-02T23:59:59Z,ACCEPTED,
ACER-490040025,TRD-001816,A0003421.DE,STANDARD_SUPPLY,CONT,DE-LU,2026-02-01T09:52:00Z,2026-02-02T23:59:59Z,ACCEPTED,
ACER-540342405,TRD-001817,A0003421.DE,STANDARD_SUPPLY,CONT,DE-LU,2026-02-01T07:58:00Z,2026-02-02T23:59:59Z,ACCEPTED,
ACER-988759097,TRD-001818,A0003421.DE,STANDARD_SUPPLY,CONT,DE-LU,2026-02-01T12:17:00Z,2026-02-02T23:59:59Z,PENDING,
ACER-935460549,TRD-001819,A0003421.DE,STANDARD_SUPPLY,CONT,DE-LU,2026-02-01T13:34:00Z,2026-02-02T23:59:59Z,ACCEPTED,
ACER-530167478,TRD-001820,A0003421.DE,STANDARD_SUPPLY,AUCT,DE-LU,2026-02-01T21:12:00Z,2026-02-02T23:59:59Z,ACCEPTED,
ACER-952967219,TRD-001821,A0003421.DE,TRANSPORTATION,AUCT,DE-LU,2026-02-01T18:04:00Z,2026-02-02T23:59:59Z,ACCEPTED,
ACER-499300157,TRD-001822,A0003421.DE,STANDARD_SUPPLY,CONT,DE-LU,2026-02-01T06:01:00Z,2026-02-02T23:59:59Z,ACCEPTED,
ACER-689230766,TRD-001823,A0003421.DE,TRANSPORTATION,CONT,DE-LU,2026-02-01T12:16:00Z,2026-02-02T23:59:59Z,ACCEPTED,
ACER-920717852,TRD-001824,A0003421.DE,STANDARD_SUPPLY,CONT,DE-LU,2026-02-01T22:17:00Z,2026-02-02T23:59:59Z,ACCEPTED,
ACER-437610764,TRD-001825,A0003421.DE,TRANSPORTATION,CONT,DE-LU,2026-02-01T10:44:00Z,2026-02-02T23:59:59Z,SUBMITTED,
ACER-186697099,TRD-001826,A0003421.DE,STANDARD_SUPPLY,AUCT,DE-LU,2026-02-01T10:20:00Z,2026-02-02T23:59:59Z,ACCEPTED,
ACER-537915289,TRD-001827,A0003421.DE,STANDARD_SUPPLY,CONT,DE-LU,2026-02-01T13:50:00Z,2026-02-02T23:59:59Z,ACCEPTED,
ACER-220410905,TRD-001828,A0003421.DE,STANDARD_SUPPLY,CONT,DE-LU,2026-02-01T22:24:00Z,2026-02-02T23:59:59Z,ACCEPTED,
ACER-929346587,TRD-001829,A0003421.DE,TRANSPORTATION,CONT,DE-LU,2026-02-01T22:46:00Z,2026-02-02T23:59:59Z,ACCEPTED,
ACER-435117201,TRD-001841,A0003421.DE,STANDARD_SUPPLY,CONT,DE-LU,2026-02-02T20:28:00Z,2026-02-03T23:59:59Z,ACCEPTED,
ACER-809388409,TRD-001842,A0003421.DE,STANDARD_SUPPLY,AUCT,DE-LU,2026-02-02T06:17:00Z,2026-02-03T23:59:59Z,ACCEPTED,
ACER-396010244,TRD-001843,A0003421.DE,STANDARD_SUPPLY,CONT,DE-LU,2026-02-02T21:22:00Z,2026-02-03T23:59:59Z,ACCEPTED,
ACER-884853829,TRD-001844,A0003421.DE,TRANSPORTATION,CONT,DE-LU,2026-02-02T21:45:00Z,2026-02-03T23:59:59Z,ACCEPTED,
ACER-412183396,TRD-001845,A0003421.DE,TRANSPORTATION,CONT,DE-LU,2026-02-02T16:42:00Z,2026-02-03T23:59:59Z,ACCEPTED,
ACER-638046698,TRD-001846,A0003421.DE,STANDARD_SUPPLY,CONT,DE-LU,2026-02-02T08:51:00Z,2026-02-03T23:59:59Z,REJECTED,MISSING_COUNTERPARTY_ID
ACER-749904204,TRD-001847,A0003421.DE,STANDARD_SUPPLY,CONT,DE-LU,2026-02-02T06:41:00Z,2026-02-03T23:59:59Z,ACCEPTED,
ACER-202910595,TRD-001848,A0003421.DE,STANDARD_SUPPLY,AUCT,DE-LU,2026-02-02T18:16:00Z,2026-02-03T23:59:59Z,ACCEPTED,
ACER-496446634,TRD-001849,A0003421.DE,STANDARD_SUPPLY,CONT,DE-LU,2026-02-02T18:55:00Z,2026-02-03T23:59:59Z,SUBMITTED,
ACER-759497409,TRD-001850,A0003421.DE,STANDARD_SUPPLY,CONT,DE-LU,2026-02-02T07:22:00Z,2026-02-03T23:59:59Z,SUBMITTED,
ACER-825533554,TRD-001851,A0003421.DE,STANDARD_SUPPLY,CONT,DE-LU,2026-02-02T21:04:00Z,2026-02-03T23:59:59Z,SUBMITTED,
ACER-185767801,TRD-001852,A0003421.DE,STANDARD_SUPPLY,AUCT,DE-LU,2026-02-02T09:43:00Z,2026-02-03T23:59:59Z,SUBMITTED,
ACER-843109509,TRD-001853,A0003421.DE,STANDARD_SUPPLY,CONT,DE-LU,2026-02-02T11:39:00Z,2026-02-03T23:59:59Z,PENDING,
ACER-546081404,TRD-001854,A0003421.DE,TRANSPORTATION,AUCT,DE-LU,2026-02-02T19:17:00Z,2026-02-03T23:59:59Z,ACCEPTED,
ACER-231907389,TRD-001855,A0003421.DE,STANDARD_SUPPLY,CONT,DE-LU,2026-02-02T12:17:00Z,2026-02-03T23:59:59Z,PENDING,
ACER-761368811,TRD-001856,A0003421.DE,TRANSPORTATION,AUCT,DE-LU,2026-02-02T19:09:00Z,2026-02-03T23:59:59Z,ACCEPTED,
ACER-799916967,TRD-001857,A0003421.DE,TRANSPORTATION,CONT,DE-LU,2026-02-02T19:25:00Z,2026-02-03T23:59:59Z,ACCEPTED,
ACER-854659317,TRD-001858,A0003421.DE,STANDARD_SUPPLY,CONT,DE-LU,2026-02-02T21:52:00Z,2026-02-03T23:59:59Z,SUBMITTED,
ACER-765821570,TRD-001859,A0003421.DE,STANDARD_SUPPLY,CONT,DE-LU,2026-02-02T14:06:00Z,2026-02-03T23:59:59Z,ACCEPTED,
ACER-388894798,TRD-001860,A0003421.DE,TRANSPORTATION,CONT,DE-LU,2026-02-02T16:11:00Z,2026-02-03T23:59:59Z,ACCEPTED,
ACER-754568239,TRD-001861,A0003421.DE,TRANSPORTATION,CONT,DE-LU,2026-02-02T11:01:00Z,2026-02-03T23:59:59Z,PENDING,
ACER-857475591,TRD-001862,A0003421.DE,STANDARD_SUPPLY,CONT,DE-LU,2026-02-02T18:27:00Z,2026-02-03T23:59:59Z,ACCEPTED,
ACER-453043072,TRD-001863,A0003421.DE,STANDARD_SUPPLY,CONT,DE-LU,2026-02-02T07:54:00Z,2026-02-03T23:59:59Z,PENDING,
ACER-191223901,TRD-001864,A0003421.DE,STANDARD_SUPPLY,AUCT,DE-LU,2026-02-02T16:14:00Z,2026-02-03T23:59:59Z,ACCEPTED,
ACER-312074722,TRD-001865,A0003421.DE,STANDARD_SUPPLY,AUCT,DE-LU,2026-02-02T16:42:00Z,2026-02-03T23:59:59Z,SUBMITTED,
ACER-718757033,TRD-001866,A0003421.DE,TRANSPORTATION,AUCT,DE-LU,2026-02-02T20:09:00Z,2026-02-03T23:59:59Z,ACCEPTED,
ACER-581489928,TRD-001867,A0003421.DE,STANDARD_SUPPLY,AUCT,DE-LU,2026-02-02T15:30:00Z,2026-02-03T23:59:59Z,ACCEPTED,
ACER-118259512,TRD-001868,A0003421.DE,STANDARD_SUPPLY,CONT,DE-LU,2026-02-02T20:13:00Z,2026-02-03T23:59:59Z,ACCEPTED,
ACER-644518169,TRD-001869,A0003421.DE,STANDARD_SUPPLY,CONT,DE-LU,2026-02-02T17:38:00Z,2026-02-03T23:59:59Z,ACCEPTED,
ACER-772932304,TRD-001870,A0003421.DE,STANDARD_SUPPLY,CONT,DE-LU,2026-02-02T13:22:00Z,2026-02-03T23:59:59Z,SUBMITTED,
ACER-470465296,TRD-001871,A0003421.DE,STANDARD_SUPPLY,CONT,DE-LU,2026-02-02T09:23:00Z,2026-02-03T23:59:59Z,ACCEPTED,
ACER-898892085,TRD-001872,A0003421.DE,STANDARD_SUPPLY,CONT,DE-LU,2026-02-02T07:29:00Z,2026-02-03T23:59:59Z,SUBMITTED,
ACER-934837098,TRD-001873,A0003421.DE,STANDARD_SUPPLY,AUCT,DE-LU,2026-02-02T14:00:00Z,2026-02-03T23:59:59Z,SUBMITTED,
ACER-100732092,TRD-001874,A0003421.DE,TRANSPORTATION,CONT,DE-LU,2026-02-02T17:59:00Z,2026-02-03T23:59:59Z,ACCEPTED,
ACER-543066936,TRD-001875,A0003421.DE,TRANSPORTATION,CONT,DE-LU,2026-02-02T07:36:00Z,2026-02-03T23:59:59Z,SUBMITTED,
ACER-496951994,TRD-001876,A0003421.DE,TRANSPORTATION,AUCT,DE-LU,2026-02-02T21:41:00Z,2026-02-03T23:59:59Z,SUBMITTED,
ACER-442132338,TRD-001877,A0003421.DE,STANDARD_SUPPLY,CONT,DE-LU,2026-02-02T06:14:00Z,2026-02-03T23:59:59Z,ACCEPTED,
ACER-404770174,TRD-001878,A0003421.DE,STANDARD_SUPPLY,AUCT,DE-LU,2026-02-02T18:03:00Z,2026-02-03T23:59:59Z,ACCEPTED,
ACER-363903246,TRD-001879,A0003421.DE,STANDARD_SUPPLY,CONT,DE-LU,2026-02-02T10:50:00Z,2026-02-03T23:59:59Z,ACCEPTED,
ACER-864979298,TRD-001880,A0003421.DE,TRANSPORTATION,CONT,DE-LU,2026-02-02T21:13:00Z,2026-02-03T23:59:59Z,ACCEPTED,
ACER-841053006,TRD-001881,A0003421.DE,STANDARD_SUPPLY,AUCT,DE-LU,2026-02-02T06:49:00Z,2026-02-03T23:59:59Z,ACCEPTED,
ACER-403200999,TRD-001882,A0003421.DE,STANDARD_SUPPLY,CONT,DE-LU,2026-02-02T17:06:00Z,2026-02-03T23:59:59Z,ACCEPTED,
ACER-641301706,TRD-001883,A0003421.DE,STANDARD_SUPPLY,CONT,DE-LU,2026-02-02T11:38:00Z,2026-02-03T23:59:59Z,ACCEPTED,
ACER-458060432,TRD-001884,A0003421.DE,STANDARD_SUPPLY,AUCT,DE-LU,2026-02-02T12:55:00Z,2026-02-03T23:59:59Z,REJECTED,TIMESTAMP_FORMAT_ERROR
ACER-750609775,TRD-001885,A0003421.DE,STANDARD_SUPPLY,AUCT,DE-LU,2026-02-02T15:32:00Z,2026-02-03T23:59:59Z,PENDING,
ACER-732094394,TRD-001871,A0003421.DE,STANDARD_SUPPLY,CONT,DE-LU,2026-02-03T06:32:00Z,2026-02-04T23:59:59Z,ACCEPTED,
ACER-641562318,TRD-001872,A0003421.DE,STANDARD_SUPPLY,CONT,DE-LU,2026-02-03T12:48:00Z,2026-02-04T23:59:59Z,SUBMITTED,
ACER-647154031,TRD-001873,A0003421.DE,STANDARD_SUPPLY,CONT,DE-LU,2026-02-03T11:04:00Z,2026-02-04T23:59:59Z,ACCEPTED,
ACER-333055315,TRD-001874,A0003421.DE,STANDARD_SUPPLY,CONT,DE-LU,2026-02-03T19:18:00Z,2026-02-04T23:59:59Z,ACCEPTED,
ACER-875322888,TRD-001875,A0003421.DE,STANDARD_SUPPLY,CONT,DE-LU,2026-02-03T14:22:00Z,2026-02-04T23:59:59Z,ACCEPTED,
ACER-914775813,TRD-001876,A0003421.DE,STANDARD_SUPPLY,CONT,DE-LU,2026-02-03T18:17:00Z,2026-02-04T23:59:59Z,REJECTED,INVALID_DELIVERY_POINT
ACER-405191069,TRD-001877,A0003421.DE,STANDARD_SUPPLY,AUCT,DE-LU,2026-02-03T06:44:00Z,2026-02-04T23:59:59Z,PENDING,
ACER-918438398,TRD-001878,A0003421.DE,TRANSPORTATION,AUCT,DE-LU,2026-02-03T12:03:00Z,2026-02-04T23:59:59Z,ACCEPTED,
ACER-570335243,TRD-001879,A0003421.DE,TRANSPORTATION,CONT,DE-LU,2026-02-03T13:54:00Z,2026-02-04T23:59:59Z,SUBMITTED,
ACER-669264738,TRD-001880,A0003421.DE,TRANSPORTATION,CONT,DE-LU,2026-02-03T12:02:00Z,2026-02-04T23:59:59Z,SUBMITTED,
ACER-277265595,TRD-001881,A0003421.DE,STANDARD_SUPPLY,CONT,DE-LU,2026-02-03T17:03:00Z,2026-02-04T23:59:59Z,ACCEPTED,
ACER-142693152,TRD-001882,A0003421.DE,STANDARD_SUPPLY,CONT,DE-LU,2026-02-03T21:50:00Z,2026-02-04T23:59:59Z,PENDING,
ACER-659459425,TRD-001883,A0003421.DE,STANDARD_SUPPLY,CONT,DE-LU,2026-02-03T10:52:00Z,2026-02-04T23:59:59Z,PENDING,
ACER-366482458,TRD-001884,A0003421.DE,STANDARD_SUPPLY,CONT,DE-LU,2026-02-03T19:40:00Z,2026-02-04T23:59:59Z,ACCEPTED,
ACER-341784073,TRD-001885,A0003421.DE,STANDARD_SUPPLY,CONT,DE-LU,2026-02-03T06:38:00Z,2026-02-04T23:59:59Z,ACCEPTED,
ACER-988865196,TRD-001886,A0003421.DE,STANDARD_SUPPLY,CONT,DE-LU,2026-02-03T14:02:00Z,2026-02-04T23:59:59Z,ACCEPTED,
ACER-370453004,TRD-001887,A0003421.DE,TRANSPORTATION,AUCT,DE-LU,2026-02-03T10:04:00Z,2026-02-04T23:59:59Z,ACCEPTED,
ACER-479322005,TRD-001888,A0003421.DE,STANDARD_SUPPLY,AUCT,DE-LU,2026-02-03T12:30:00Z,2026-02-04T23:59:59Z,ACCEPTED,
ACER-196179754,TRD-001889,A0003421.DE,STANDARD_SUPPLY,CONT,DE-LU,2026-02-03T15:57:00Z,2026-02-04T23:59:59Z,PENDING,
ACER-535064330,TRD-001890,A0003421.DE,STANDARD_SUPPLY,CONT,DE-LU,2026-02-03T06:40:00Z,2026-02-04T23:59:59Z,SUBMITTED,
ACER-705780747,TRD-001901,A0003421.DE,TRANSPORTATION,AUCT,DE-LU,2026-02-04T16:46:00Z,2026-02-05T23:59:59Z,SUBMITTED,
ACER-439638496,TRD-001902,A0003421.DE,STANDARD_SUPPLY,AUCT,DE-LU,2026-02-04T09:28:00Z,2026-02-05T23:59:59Z,ACCEPTED,
ACER-856264964,TRD-001903,A0003421.DE,TRANSPORTATION,CONT,DE-LU,2026-02-04T19:50:00Z,2026-02-05T23:59:59Z,ACCEPTED,
ACER-844760747,TRD-001904,A0003421.DE,TRANSPORTATION,CONT,DE-LU,2026-02-04T15:15:00Z,2026-02-05T23:59:59Z,ACCEPTED,
ACER-560718694,TRD-001905,A0003421.DE,STANDARD_SUPPLY,CONT,DE-LU,2026-02-04T16:05:00Z,2026-02-05T23:59:59Z,ACCEPTED,
ACER-670069197,TRD-001906,A0003421.DE,STANDARD_SUPPLY,CONT,DE-LU,2026-02-04T13:28:00Z,2026-02-05T23:59:59Z,ACCEPTED,
ACER-737883289,TRD-001907,A0003421.DE,STANDARD_SUPPLY,CONT,DE-LU,2026-02-04T19:13:00Z,2026-02-05T23:59:59Z,ACCEPTED,
ACER-432380583,TRD-001908,A0003421.DE,STANDARD_SUPPLY,CONT,DE-LU,2026-02-04T12:58:00Z,2026-02-05T23:59:59Z,ACCEPTED,
ACER-347709874,TRD-001909,A0003421.DE,TRANSPORTATION,CONT,DE-LU,2026-02-04T12:55:00Z,2026-02-05T23:59:59Z,ACCEPTED,
ACER-609604625,TRD-001910,A0003421.DE,STANDARD_SUPPLY,AUCT,DE-LU,2026-02-04T10:11:00Z,2026-02-05T23:59:59Z,ACCEPTED,
ACER-120012882,TRD-001911,A0003421.DE,TRANSPORTATION,CONT,DE-LU,2026-02-04T15:20:00Z,2026-02-05T23:59:59Z,SUBMITTED,
ACER-507210185,TRD-001912,A0003421.DE,STANDARD_SUPPLY,CONT,DE-LU,2026-02-04T19:10:00Z,2026-02-05T23:59:59Z,PENDING,
ACER-720489212,TRD-001913,A0003421.DE,TRANSPORTATION,CONT,DE-LU,2026-02-04T06:02:00Z,2026-02-05T23:59:59Z,ACCEPTED,
ACER-171043134,TRD-001914,A0003421.DE,TRANSPORTATION,CONT,DE-LU,2026-02-04T19:19:00Z,2026-02-05T23:59:59Z,ACCEPTED,
ACER-510860836,TRD-001915,A0003421.DE,STANDARD_SUPPLY,CONT,DE-LU,2026-02-04T22:03:00Z,2026-02-05T23:59:59Z,ACCEPTED,
ACER-500101774,TRD-001931,A0003421.DE,STANDARD_SUPPLY,AUCT,DE-LU,2026-02-05T09:02:00Z,2026-02-06T23:59:59Z,ACCEPTED,
ACER-931078631,TRD-001932,A0003421.DE,STANDARD_SUPPLY,CONT,DE-LU,2026-02-05T11:17:00Z,2026-02-06T23:59:59Z,SUBMITTED,
ACER-537177247,TRD-001933,A0003421.DE,TRANSPORTATION,CONT,DE-LU,2026-02-05T07:51:00Z,2026-02-06T23:59:59Z,ACCEPTED,
ACER-892590372,TRD-001934,A0003421.DE,TRANSPORTATION,CONT,DE-LU,2026-02-05T20:48:00Z,2026-02-06T23:59:59Z,ACCEPTED,
ACER-949980700,TRD-001935,A0003421.DE,TRANSPORTATION,CONT,DE-LU,2026-02-05T12:01:00Z,2026-02-06T23:59:59Z,ACCEPTED,
ACER-705988955,TRD-001936,A0003421.DE,STANDARD_SUPPLY,CONT,DE-LU,2026-02-05T07:33:00Z,2026-02-06T23:59:59Z,ACCEPTED,
ACER-263004456,TRD-001937,A0003421.DE,STANDARD_SUPPLY,CONT,DE-LU,2026-02-05T19:32:00Z,2026-02-06T23:59:59Z,ACCEPTED,
ACER-684702458,TRD-001938,A0003421.DE,STANDARD_SUPPLY,CONT,DE-LU,2026-02-05T18:34:00Z,2026-02-06T23:59:59Z,PENDING,
ACER-590691453,TRD-001939,A0003421.DE,STANDARD_SUPPLY,CONT,DE-LU,2026-02-05T09:25:00Z,2026-02-06T23:59:59Z,PENDING,
ACER-274076052,TRD-001940,A0003421.DE,STANDARD_SUPPLY,CONT,DE-LU,2026-02-05T22:25:00Z,2026-02-06T23:59:59Z,ACCEPTED,
ACER-116459531,TRD-001941,A0003421.DE,STANDARD_SUPPLY,CONT,DE-LU,2026-02-05T11:08:00Z,2026-02-06T23:59:59Z,ACCEPTED,
ACER-454543523,TRD-001942,A0003421.DE,STANDARD_SUPPLY,AUCT,DE-LU,2026-02-05T10:06:00Z,2026-02-06T23:59:59Z,ACCEPTED,
ACER-559173630,TRD-001943,A0003421.DE,STANDARD_SUPPLY,AUCT,DE-LU,2026-02-05T11:25:00Z,2026-02-06T23:59:59Z,ACCEPTED,
ACER-655903921,TRD-001944,A0003421.DE,STANDARD_SUPPLY,CONT,DE-LU,2026-02-05T12:19:00Z,2026-02-06T23:59:59Z,ACCEPTED,
ACER-480406435,TRD-001945,A0003421.DE,STANDARD_SUPPLY,CONT,DE-LU,2026-02-05T08:18:00Z,2026-02-06T23:59:59Z,ACCEPTED,
ACER-156377338,TRD-001946,A0003421.DE,STANDARD_SUPPLY,CONT,DE-LU,2026-02-05T09:15:00Z,2026-02-06T23:59:59Z,ACCEPTED,
ACER-807942987,TRD-001947,A0003421.DE,STANDARD_SUPPLY,CONT,DE-LU,2026-02-05T22:10:00Z,2026-02-06T23:59:59Z,ACCEPTED,
ACER-279825775,TRD-001948,A0003421.DE,STANDARD_SUPPLY,CONT,DE-LU,2026-02-05T09:06:00Z,2026-02-06T23:59:59Z,ACCEPTED,
ACER-582829232,TRD-001949,A0003421.DE,STANDARD_SUPPLY,CONT,DE-LU,2026-02-05T09:13:00Z,2026-02-06T23:59:59Z,PENDING,
ACER-667799286,TRD-001950,A0003421.DE,STANDARD_SUPPLY,CONT,DE-LU,2026-02-05T11:04:00Z,2026-02-06T23:59:59Z,ACCEPTED,
ACER-926610820,TRD-001951,A0003421.DE,TRANSPORTATION,CONT,DE-LU,2026-02-05T12:46:00Z,2026-02-06T23:59:59Z,ACCEPTED,
ACER-630731738,TRD-001952,A0003421.DE,TRANSPORTATION,CONT,DE-LU,2026-02-05T18:10:00Z,2026-02-06T23:59:59Z,ACCEPTED,
ACER-843952904,TRD-001953,A0003421.DE,STANDARD_SUPPLY,AUCT,DE-LU,2026-02-05T09:59:00Z,2026-02-06T23:59:59Z,ACCEPTED,
ACER-742011874,TRD-001954,A0003421.DE,STANDARD_SUPPLY,CONT,DE-LU,2026-02-05T13:53:00Z,2026-02-06T23:59:59Z,PENDING,
ACER-987447824,TRD-001955,A0003421.DE,STANDARD_SUPPLY,CONT,DE-LU,2026-02-05T12:43:00Z,2026-02-06T23:59:59Z,ACCEPTED,
ACER-419257352,TRD-001956,A0003421.DE,TRANSPORTATION,CONT,DE-LU,2026-02-05T13:22:00Z,2026-02-06T23:59:59Z,ACCEPTED,
ACER-792479698,TRD-001957,A0003421.DE,STANDARD_SUPPLY,CONT,DE-LU,2026-02-05T14:58:00Z,2026-02-06T23:59:59Z,ACCEPTED,
ACER-822252509,TRD-001958,A0003421.DE,STANDARD_SUPPLY,CONT,DE-LU,2026-02-05T22:23:00Z,2026-02-06T23:59:59Z,ACCEPTED,
ACER-605796169,TRD-001959,A0003421.DE,STANDARD_SUPPLY,CONT,DE-LU,2026-02-05T09:30:00Z,2026-02-06T23:59:59Z,ACCEPTED,
ACER-327838674,TRD-001960,A0003421.DE,STANDARD_SUPPLY,CONT,DE-LU,2026-02-05T10:53:00Z,2026-02-06T23:59:59Z,PENDING,
ACER-242697636,TRD-001961,A0003421.DE,STANDARD_SUPPLY,CONT,DE-LU,2026-02-05T07:28:00Z,2026-02-06T23:59:59Z,ACCEPTED,
ACER-705174120,TRD-001962,A0003421.DE,STANDARD_SUPPLY,CONT,DE-LU,2026-02-05T22:19:00Z,2026-02-06T23:59:59Z,ACCEPTED,
ACER-698908683,TRD-001963,A0003421.DE,STANDARD_SUPPLY,CONT,DE-LU,2026-02-05T08:34:00Z,2026-02-06T23:59:59Z,ACCEPTED,
ACER-307106383,TRD-001964,A0003421.DE,STANDARD_SUPPLY,CONT,DE-LU,2026-02-05T07:19:00Z,2026-02-06T23:59:59Z,ACCEPTED,
ACER-701127627,TRD-001965,A0003421.DE,STANDARD_SUPPLY,CONT,DE-LU,2026-02-05T21:56:00Z,2026-02-06T23:59:59Z,ACCEPTED,
ACER-162346210,TRD-001966,A0003421.DE,STANDARD_SUPPLY,CONT,DE-LU,2026-02-05T15:27:00Z,2026-02-06T23:59:59Z,ACCEPTED,
ACER-899860104,TRD-001967,A0003421.DE,STANDARD_SUPPLY,AUCT,DE-LU,2026-02-05T08:44:00Z,2026-02-06T23:59:59Z,SUBMITTED,
ACER-745098002,TRD-001961,A0003421.DE,TRANSPORTATION,CONT,DE-LU,2026-02-06T10:36:00Z,2026-02-07T23:59:59Z,ACCEPTED,
ACER-127591529,TRD-001962,A0003421.DE,STANDARD_SUPPLY,AUCT,DE-LU,2026-02-06T14:37:00Z,2026-02-07T23:59:59Z,SUBMITTED,
ACER-477454250,TRD-001963,A0003421.DE,TRANSPORTATION,CONT,DE-LU,2026-02-06T08:07:00Z,2026-02-07T23:59:59Z,ACCEPTED,
ACER-736147357,TRD-001964,A0003421.DE,STANDARD_SUPPLY,CONT,DE-LU,2026-02-06T17:14:00Z,2026-02-07T23:59:59Z,ACCEPTED,
ACER-645542868,TRD-001965,A0003421.DE,STANDARD_SUPPLY,CONT,DE-LU,2026-02-06T11:21:00Z,2026-02-07T23:59:59Z,ACCEPTED,
ACER-169664035,TRD-001966,A0003421.DE,TRANSPORTATION,AUCT,DE-LU,2026-02-06T07:15:00Z,2026-02-07T23:59:59Z,ACCEPTED,
ACER-204155435,TRD-001967,A0003421.DE,TRANSPORTATION,AUCT,DE-LU,2026-02-06T17:31:00Z,2026-02-07T23:59:59Z,SUBMITTED,
ACER-318431798,TRD-001968,A0003421.DE,STANDARD_SUPPLY,CONT,DE-LU,2026-02-06T14:15:00Z,2026-02-07T23:59:59Z,ACCEPTED,
ACER-458655706,TRD-001969,A0003421.DE,STANDARD_SUPPLY,AUCT,DE-LU,2026-02-06T20:23:00Z,2026-02-07T23:59:59Z,SUBMITTED,
ACER-630624758,TRD-001970,A0003421.DE,STANDARD_SUPPLY,CONT,DE-LU,2026-02-06T06:27:00Z,2026-02-07T23:59:59Z,ACCEPTED,
ACER-637035275,TRD-001971,A0003421.DE,STANDARD_SUPPLY,CONT,DE-LU,2026-02-06T17:42:00Z,2026-02-07T23:59:59Z,ACCEPTED,
ACER-251676183,TRD-001972,A0003421.DE,STANDARD_SUPPLY,CONT,DE-LU,2026-02-06T08:12:00Z,2026-02-07T23:59:59Z,ACCEPTED,
ACER-590454345,TRD-001973,A0003421.DE,STANDARD_SUPPLY,AUCT,DE-LU,2026-02-06T08:22:00Z,2026-02-07T23:59:59Z,SUBMITTED,
ACER-380688288,TRD-001974,A0003421.DE,STANDARD_SUPPLY,CONT,DE-LU,2026-02-06T07:23:00Z,2026-02-07T23:59:59Z,ACCEPTED,
ACER-321518570,TRD-001975,A0003421.DE,TRANSPORTATION,CONT,DE-LU,2026-02-06T18:47:00Z,2026-02-07T23:59:59Z,ACCEPTED,
ACER-306415645,TRD-001976,A0003421.DE,STANDARD_SUPPLY,AUCT,DE-LU,2026-02-06T13:58:00Z,2026-02-07T23:59:59Z,SUBMITTED,
ACER-121980870,TRD-001977,A0003421.DE,STANDARD_SUPPLY,CONT,DE-LU,2026-02-06T08:58:00Z,2026-02-07T23:59:59Z,ACCEPTED,
ACER-398647730,TRD-001978,A0003421.DE,TRANSPORTATION,CONT,DE-LU,2026-02-06T10:14:00Z,2026-02-07T23:59:59Z,ACCEPTED,
ACER-556391710,TRD-001979,A0003421.DE,TRANSPORTATION,CONT,DE-LU,2026-02-06T15:14:00Z,2026-02-07T23:59:59Z,SUBMITTED,
ACER-675111250,TRD-001980,A0003421.DE,TRANSPORTATION,AUCT,DE-LU,2026-02-06T12:11:00Z,2026-02-07T23:59:59Z,PENDING,
ACER-701181929,TRD-001981,A0003421.DE,STANDARD_SUPPLY,CONT,DE-LU,2026-02-06T14:37:00Z,2026-02-07T23:59:59Z,ACCEPTED,
ACER-837041567,TRD-001982,A0003421.DE,STANDARD_SUPPLY,CONT,DE-LU,2026-02-06T12:28:00Z,2026-02-07T23:59:59Z,SUBMITTED,
ACER-498656849,TRD-001983,A0003421.DE,STANDARD_SUPPLY,CONT,DE-LU,2026-02-06T10:09:00Z,2026-02-07T23:59:59Z,SUBMITTED,
ACER-346263962,TRD-001984,A0003421.DE,STANDARD_SUPPLY,CONT,DE-LU,2026-02-06T09:28:00Z,2026-02-07T23:59:59Z,REJECTED,VOLUME_MISMATCH
ACER-810880239,TRD-001985,A0003421.DE,STANDARD_SUPPLY,AUCT,DE-LU,2026-02-06T10:01:00Z,2026-02-07T23:59:59Z,ACCEPTED,
ACER-378152961,TRD-001986,A0003421.DE,STANDARD_SUPPLY,CONT,DE-LU,2026-02-06T14:18:00Z,2026-02-07T23:59:59Z,ACCEPTED,
ACER-482687641,TRD-001987,A0003421.DE,STANDARD_SUPPLY,CONT,DE-LU,2026-02-06T09:20:00Z,2026-02-07T23:59:59Z,ACCEPTED,
ACER-807477022,TRD-001991,A0003421.DE,STANDARD_SUPPLY,CONT,DE-LU,2026-02-07T09:36:00Z,2026-02-08T23:59:59Z,PENDING,
ACER-391957351,TRD-001992,A0003421.DE,STANDARD_SUPPLY,CONT,DE-LU,2026-02-07T15:50:00Z,2026-02-08T23:59:59Z,ACCEPTED,
ACER-128190021,TRD-001993,A0003421.DE,STANDARD_SUPPLY,AUCT,DE-LU,2026-02-07T18:31:00Z,2026-02-08T23:59:59Z,SUBMITTED,
ACER-733366274,TRD-001994,A0003421.DE,STANDARD_SUPPLY,AUCT,DE-LU,2026-02-07T16:51:00Z,2026-02-08T23:59:59Z,REJECTED,TIMESTAMP_FORMAT_ERROR
ACER-575800340,TRD-001995,A0003421.DE,STANDARD_SUPPLY,CONT,DE-LU,2026-02-07T21:31:00Z,2026-02-08T23:59:59Z,ACCEPTED,
ACER-990733726,TRD-001996,A0003421.DE,STANDARD_SUPPLY,CONT,DE-LU,2026-02-07T16:15:00Z,2026-02-08T23:59:59Z,ACCEPTED,
ACER-803086376,TRD-001997,A0003421.DE,STANDARD_SUPPLY,CONT,DE-LU,2026-02-07T16:23:00Z,2026-02-08T23:59:59Z,ACCEPTED,
ACER-870930500,TRD-001998,A0003421.DE,TRANSPORTATION,AUCT,DE-LU,2026-02-07T07:44:00Z,2026-02-08T23:59:59Z,SUBMITTED,
ACER-350287766,TRD-001999,A0003421.DE,STANDARD_SUPPLY,CONT,DE-LU,2026-02-07T10:04:00Z,2026-02-08T23:59:59Z,SUBMITTED,
ACER-219222989,TRD-002000,A0003421.DE,STANDARD_SUPPLY,CONT,DE-LU,2026-02-07T18:21:00Z,2026-02-08T23:59:59Z,ACCEPTED,
ACER-322799894,TRD-002001,A0003421.DE,TRANSPORTATION,CONT,DE-LU,2026-02-07T06:58:00Z,2026-02-08T23:59:59Z,ACCEPTED,
ACER-864582187,TRD-002002,A0003421.DE,TRANSPORTATION,CONT,DE-LU,2026-02-07T08:34:00Z,2026-02-08T23:59:59Z,ACCEPTED,
ACER-358656889,TRD-002003,A0003421.DE,STANDARD_SUPPLY,AUCT,DE-LU,2026-02-07T07:21:00Z,2026-02-08T23:59:59Z,ACCEPTED,
ACER-657601066,TRD-002004,A0003421.DE,TRANSPORTATION,AUCT,DE-LU,2026-02-07T18:22:00Z,2026-02-08T23:59:59Z,ACCEPTED,
ACER-201546604,TRD-002005,A0003421.DE,STANDARD_SUPPLY,CONT,DE-LU,2026-02-07T17:24:00Z,2026-02-08T23:59:59Z,ACCEPTED,
ACER-473029859,TRD-002006,A0003421.DE,STANDARD_SUPPLY,CONT,DE-LU,2026-02-07T18:50:00Z,2026-02-08T23:59:59Z,ACCEPTED,
ACER-359289744,TRD-002007,A0003421.DE,TRANSPORTATION,AUCT,DE-LU,2026-02-07T14:28:00Z,2026-02-08T23:59:59Z,ACCEPTED,
ACER-501493930,TRD-002008,A0003421.DE,STANDARD_SUPPLY,CONT,DE-LU,2026-02-07T09:28:00Z,2026-02-08T23:59:59Z,ACCEPTED,
ACER-197373904,TRD-002009,A0003421.DE,STANDARD_SUPPLY,CONT,DE-LU,2026-02-07T08:17:00Z,2026-02-08T23:59:59Z,REJECTED,TIMESTAMP_FORMAT_ERROR
ACER-270359035,TRD-002010,A0003421.DE,STANDARD_SUPPLY,CONT,DE-LU,2026-02-07T08:37:00Z,2026-02-08T23:59:59Z,ACCEPTED,
ACER-480784623,TRD-002011,A0003421.DE,STANDARD_SUPPLY,CONT,DE-LU,2026-02-07T09:33:00Z,2026-02-08T23:59:59Z,ACCEPTED,
ACER-981008790,TRD-002012,A0003421.DE,TRANSPORTATION,CONT,DE-LU,2026-02-07T10:33:00Z,2026-02-08T23:59:59Z,ACCEPTED,
ACER-111719751,TRD-002013,A0003421.DE,STANDARD_SUPPLY,CONT,DE-LU,2026-02-07T10:20:00Z,2026-02-08T23:59:59Z,ACCEPTED,
ACER-289817857,TRD-002014,A0003421.DE,TRANSPORTATION,CONT,DE-LU,2026-02-07T09:06:00Z,2026-02-08T23:59:59Z,PENDING,
ACER-998609258,TRD-002015,A0003421.DE,TRANSPORTATION,CONT,DE-LU,2026-02-07T21:31:00Z,2026-02-08T23:59:59Z,ACCEPTED,
ACER-424771595,TRD-002016,A0003421.DE,STANDARD_SUPPLY,CONT,DE-LU,2026-02-07T08:35:00Z,2026-02-08T23:59:59Z,ACCEPTED,
ACER-754890551,TRD-002017,A0003421.DE,TRANSPORTATION,CONT,DE-LU,2026-02-07T13:51:00Z,2026-02-08T23:59:59Z,ACCEPTED,
ACER-658644212,TRD-002018,A0003421.DE,STANDARD_SUPPLY,CONT,DE-LU,2026-02-07T07:38:00Z,2026-02-08T23:59:59Z,ACCEPTED,
ACER-940849507,TRD-002019,A0003421.DE,TRANSPORTATION,CONT,DE-LU,2026-02-07T18:56:00Z,2026-02-08T23:59:59Z,SUBMITTED,
ACER-368235440,TRD-002021,A0003421.DE,STANDARD_SUPPLY,CONT,DE-LU,2026-02-08T11:44:00Z,2026-02-09T23:59:59Z,ACCEPTED,
ACER-451055824,TRD-002022,A0003421.DE,STANDARD_SUPPLY,CONT,DE-LU,2026-02-08T20:24:00Z,2026-02-09T23:59:59Z,SUBMITTED,
ACER-391354584,TRD-002023,A0003421.DE,TRANSPORTATION,CONT,DE-LU,2026-02-08T19:03:00Z,2026-02-09T23:59:59Z,ACCEPTED,
ACER-352096187,TRD-002024,A0003421.DE,STANDARD_SUPPLY,CONT,DE-LU,2026-02-08T22:33:00Z,2026-02-09T23:59:59Z,SUBMITTED,
ACER-663660815,TRD-002025,A0003421.DE,STANDARD_SUPPLY,AUCT,DE-LU,2026-02-08T17:11:00Z,2026-02-09T23:59:59Z,ACCEPTED,
ACER-660127716,TRD-002026,A0003421.DE,STANDARD_SUPPLY,CONT,DE-LU,2026-02-08T13:37:00Z,2026-02-09T23:59:59Z,ACCEPTED,
ACER-841064506,TRD-002027,A0003421.DE,STANDARD_SUPPLY,CONT,DE-LU,2026-02-08T13:47:00Z,2026-02-09T23:59:59Z,ACCEPTED,
ACER-920962214,TRD-002028,A0003421.DE,STANDARD_SUPPLY,CONT,DE-LU,2026-02-08T21:11:00Z,2026-02-09T23:59:59Z,SUBMITTED,
ACER-685586355,TRD-002029,A0003421.DE,STANDARD_SUPPLY,AUCT,DE-LU,2026-02-08T08:15:00Z,2026-02-09T23:59:59Z,PENDING,
ACER-373814057,TRD-002030,A0003421.DE,STANDARD_SUPPLY,AUCT,DE-LU,2026-02-08T11:45:00Z,2026-02-09T23:59:59Z,ACCEPTED,
ACER-386086013,TRD-002031,A0003421.DE,STANDARD_SUPPLY,CONT,DE-LU,2026-02-08T21:07:00Z,2026-02-09T23:59:59Z,ACCEPTED,
ACER-175625608,TRD-002032,A0003421.DE,STANDARD_SUPPLY,AUCT,DE-LU,2026-02-08T22:55:00Z,2026-02-09T23:59:59Z,ACCEPTED,
ACER-424653617,TRD-002033,A0003421.DE,TRANSPORTATION,CONT,DE-LU,2026-02-08T18:08:00Z,2026-02-09T23:59:59Z,SUBMITTED,
ACER-670059635,TRD-002034,A0003421.DE,STANDARD_SUPPLY,AUCT,DE-LU,2026-02-08T13:00:00Z,2026-02-09T23:59:59Z,ACCEPTED,
ACER-466856805,TRD-002035,A0003421.DE,STANDARD_SUPPLY,AUCT,DE-LU,2026-02-08T15:57:00Z,2026-02-09T23:59:59Z,REJECTED,VOLUME_MISMATCH
ACER-835437338,TRD-002036,A0003421.DE,STANDARD_SUPPLY,CONT,DE-LU,2026-02-08T16:08:00Z,2026-02-09T23:59:59Z,ACCEPTED,
ACER-793414736,TRD-002037,A0003421.DE,STANDARD_SUPPLY,CONT,DE-LU,2026-02-08T06:14:00Z,2026-02-09T23:59:59Z,SUBMITTED,
ACER-952635477,TRD-002038,A0003421.DE,STANDARD_SUPPLY,CONT,DE-LU,2026-02-08T18:28:00Z,2026-02-09T23:59:59Z,ACCEPTED,
ACER-341502132,TRD-002039,A0003421.DE,STANDARD_SUPPLY,AUCT,DE-LU,2026-02-08T11:13:00Z,2026-02-09T23:59:59Z,ACCEPTED,
ACER-443999638,TRD-002040,A0003421.DE,STANDARD_SUPPLY,CONT,DE-LU,2026-02-08T21:01:00Z,2026-02-09T23:59:59Z,SUBMITTED,
ACER-276897077,TRD-002041,A0003421.DE,STANDARD_SUPPLY,CONT,DE-LU,2026-02-08T19:37:00Z,2026-02-09T23:59:59Z,SUBMITTED,
ACER-561285727,TRD-002051,A0003421.DE,STANDARD_SUPPLY,CONT,DE-LU,2026-02-09T20:41:00Z,2026-02-10T23:59:59Z,ACCEPTED,
ACER-881184293,TRD-002052,A0003421.DE,STANDARD_SUPPLY,CONT,DE-LU,2026-02-09T07:06:00Z,2026-02-10T23:59:59Z,ACCEPTED,
ACER-348957732,TRD-002053,A0003421.DE,TRANSPORTATION,CONT,DE-LU,2026-02-09T11:57:00Z,2026-02-10T23:59:59Z,ACCEPTED,
ACER-210690872,TRD-002054,A0003421.DE,STANDARD_SUPPLY,AUCT,DE-LU,2026-02-09T11:01:00Z,2026-02-10T23:59:59Z,ACCEPTED,
ACER-100845170,TRD-002055,A0003421.DE,STANDARD_SUPPLY,AUCT,DE-LU,2026-02-09T06:13:00Z,2026-02-10T23:59:59Z,ACCEPTED,
ACER-659246363,TRD-002056,A0003421.DE,STANDARD_SUPPLY,CONT,DE-LU,2026-02-09T07:31:00Z,2026-02-10T23:59:59Z,ACCEPTED,
ACER-781629008,TRD-002057,A0003421.DE,TRANSPORTATION,CONT,DE-LU,2026-02-09T22:35:00Z,2026-02-10T23:59:59Z,ACCEPTED,
ACER-425191620,TRD-002058,A0003421.DE,STANDARD_SUPPLY,CONT,DE-LU,2026-02-09T18:42:00Z,2026-02-10T23:59:59Z,ACCEPTED,
ACER-605125849,TRD-002059,A0003421.DE,STANDARD_SUPPLY,CONT,DE-LU,2026-02-09T09:19:00Z,2026-02-10T23:59:59Z,ACCEPTED,
ACER-348859257,TRD-002060,A0003421.DE,STANDARD_SUPPLY,AUCT,DE-LU,2026-02-09T13:06:00Z,2026-02-10T23:59:59Z,ACCEPTED,
ACER-879622470,TRD-002061,A0003421.DE,STANDARD_SUPPLY,CONT,DE-LU,2026-02-09T10:43:00Z,2026-02-10T23:59:59Z,ACCEPTED,
ACER-919091299,TRD-002062,A0003421.DE,STANDARD_SUPPLY,AUCT,DE-LU,2026-02-09T21:22:00Z,2026-02-10T23:59:59Z,ACCEPTED,
ACER-892897393,TRD-002063,A0003421.DE,STANDARD_SUPPLY,CONT,DE-LU,2026-02-09T18:00:00Z,2026-02-10T23:59:59Z,ACCEPTED,
ACER-707190915,TRD-002064,A0003421.DE,STANDARD_SUPPLY,CONT,DE-LU,2026-02-09T15:30:00Z,2026-02-10T23:59:59Z,ACCEPTED,
ACER-841414286,TRD-002065,A0003421.DE,STANDARD_SUPPLY,AUCT,DE-LU,2026-02-09T12:24:00Z,2026-02-10T23:59:59Z,ACCEPTED,
ACER-947101413,TRD-002066,A0003421.DE,STANDARD_SUPPLY,CONT,DE-LU,2026-02-09T07:16:00Z,2026-02-10T23:59:59Z,SUBMITTED,
ACER-751081461,TRD-002067,A0003421.DE,TRANSPORTATION,CONT,DE-LU,2026-02-09T22:02:00Z,2026-02-10T23:59:59Z,ACCEPTED,
ACER-421351725,TRD-002068,A0003421.DE,STANDARD_SUPPLY,CONT,DE-LU,2026-02-09T21:36:00Z,2026-02-10T23:59:59Z,ACCEPTED,
ACER-540897809,TRD-002069,A0003421.DE,STANDARD_SUPPLY,CONT,DE-LU,2026-02-09T18:49:00Z,2026-02-10T23:59:59Z,PENDING,
ACER-920534864,TRD-002070,A0003421.DE,STANDARD_SUPPLY,CONT,DE-LU,2026-02-09T07:26:00Z,2026-02-10T23:59:59Z,SUBMITTED,
ACER-802086190,TRD-002071,A0003421.DE,STANDARD_SUPPLY,CONT,DE-LU,2026-02-09T22:04:00Z,2026-02-10T23:59:59Z,REJECTED,VOLUME_MISMATCH
ACER-459020307,TRD-002072,A0003421.DE,STANDARD_SUPPLY,CONT,DE-LU,2026-02-09T21:13:00Z,2026-02-10T23:59:59Z,ACCEPTED,
ACER-564345458,TRD-002073,A0003421.DE,STANDARD_SUPPLY,CONT,DE-LU,2026-02-09T11:52:00Z,2026-02-10T23:59:59Z,ACCEPTED,
ACER-186353700,TRD-002074,A0003421.DE,TRANSPORTATION,CONT,DE-LU,2026-02-09T16:51:00Z,2026-02-10T23:59:59Z,ACCEPTED,
ACER-913104357,TRD-002075,A0003421.DE,STANDARD_SUPPLY,CONT,DE-LU,2026-02-09T22:16:00Z,2026-02-10T23:59:59Z,ACCEPTED,
ACER-491789446,TRD-002076,A0003421.DE,STANDARD_SUPPLY,CONT,DE-LU,2026-02-09T14:47:00Z,2026-02-10T23:59:59Z,ACCEPTED,
ACER-338056196,TRD-002077,A0003421.DE,TRANSPORTATION,CONT,DE-LU,2026-02-09T09:19:00Z,2026-02-10T23:59:59Z,SUBMITTED,
ACER-459943921,TRD-002078,A0003421.DE,TRANSPORTATION,AUCT,DE-LU,2026-02-09T19:25:00Z,2026-02-10T23:59:59Z,ACCEPTED,
ACER-147516443,TRD-002079,A0003421.DE,TRANSPORTATION,CONT,DE-LU,2026-02-09T17:31:00Z,2026-02-10T23:59:59Z,SUBMITTED,
ACER-892640605,TRD-002080,A0003421.DE,TRANSPORTATION,CONT,DE-LU,2026-02-09T07:08:00Z,2026-02-10T23:59:59Z,ACCEPTED,
ACER-443289520,TRD-002081,A0003421.DE,STANDARD_SUPPLY,AUCT,DE-LU,2026-02-09T08:47:00Z,2026-02-10T23:59:59Z,ACCEPTED,
ACER-334070053,TRD-002082,A0003421.DE,STANDARD_SUPPLY,CONT,DE-LU,2026-02-09T20:31:00Z,2026-02-10T23:59:59Z,SUBMITTED,
ACER-751120411,TRD-002083,A0003421.DE,STANDARD_SUPPLY,CONT,DE-LU,2026-02-09T15:05:00Z,2026-02-10T23:59:59Z,ACCEPTED,
ACER-658547507,TRD-002084,A0003421.DE,STANDARD_SUPPLY,CONT,DE-LU,2026-02-09T09:23:00Z,2026-02-10T23:59:59Z,SUBMITTED,
ACER-682228551,TRD-002085,A0003421.DE,STANDARD_SUPPLY,CONT,DE-LU,2026-02-09T21:59:00Z,2026-02-10T23:59:59Z,SUBMITTED,
ACER-793042734,TRD-002086,A0003421.DE,TRANSPORTATION,CONT,DE-LU,2026-02-09T09:25:00Z,2026-02-10T23:59:59Z,ACCEPTED,
ACER-152441337,TRD-002087,A0003421.DE,STANDARD_SUPPLY,CONT,DE-LU,2026-02-09T10:40:00Z,2026-02-10T23:59:59Z,ACCEPTED,
ACER-943834042,TRD-002088,A0003421.DE,TRANSPORTATION,CONT,DE-LU,2026-02-09T08:48:00Z,2026-02-10T23:59:59Z,SUBMITTED,
ACER-969453883,TRD-002089,A0003421.DE,TRANSPORTATION,AUCT,DE-LU,2026-02-09T13:05:00Z,2026-02-10T23:59:59Z,SUBMITTED,
ACER-774620576,TRD-002090,A0003421.DE,STANDARD_SUPPLY,CONT,DE-LU,2026-02-09T09:34:00Z,2026-02-10T23:59:59Z,SUBMITTED,
ACER-374393960,TRD-002081,A0003421.DE,TRANSPORTATION,CONT,DE-LU,2026-02-10T08:44:00Z,2026-02-11T23:59:59Z,ACCEPTED,
ACER-265951157,TRD-002082,A0003421.DE,STANDARD_SUPPLY,CONT,DE-LU,2026-02-10T18:59:00Z,2026-02-11T23:59:59Z,ACCEPTED,
ACER-768364411,TRD-002083,A0003421.DE,STANDARD_SUPPLY,CONT,DE-LU,2026-02-10T22:33:00Z,2026-02-11T23:59:59Z,ACCEPTED,
ACER-104373450,TRD-002084,A0003421.DE,STANDARD_SUPPLY,CONT,DE-LU,2026-02-10T11:31:00Z,2026-02-11T23:59:59Z,SUBMITTED,
ACER-261038828,TRD-002085,A0003421.DE,TRANSPORTATION,CONT,DE-LU,2026-02-10T09:53:00Z,2026-02-11T23:59:59Z,ACCEPTED,
ACER-760261030,TRD-002086,A0003421.DE,STANDARD_SUPPLY,CONT,DE-LU,2026-02-10T22:47:00Z,2026-02-11T23:59:59Z,ACCEPTED,
ACER-599512897,TRD-002087,A0003421.DE,STANDARD_SUPPLY,AUCT,DE-LU,2026-02-10T18:50:00Z,2026-02-11T23:59:59Z,ACCEPTED,
ACER-520346877,TRD-002088,A0003421.DE,TRANSPORTATION,CONT,DE-LU,2026-02-10T18:28:00Z,2026-02-11T23:59:59Z,ACCEPTED,
ACER-513262988,TRD-002089,A0003421.DE,STANDARD_SUPPLY,CONT,DE-LU,2026-02-10T20:02:00Z,2026-02-11T23:59:59Z,REJECTED,MISSING_COUNTERPARTY_ID
ACER-669251775,TRD-002090,A0003421.DE,STANDARD_SUPPLY,AUCT,DE-LU,2026-02-10T07:19:00Z,2026-02-11T23:59:59Z,ACCEPTED,
ACER-915104162,TRD-002091,A0003421.DE,STANDARD_SUPPLY,AUCT,DE-LU,2026-02-10T17:13:00Z,2026-02-11T23:59:59Z,PENDING,
ACER-613643404,TRD-002092,A0003421.DE,STANDARD_SUPPLY,CONT,DE-LU,2026-02-10T20:07:00Z,2026-02-11T23:59:59Z,ACCEPTED,
ACER-371039161,TRD-002093,A0003421.DE,STANDARD_SUPPLY,CONT,DE-LU,2026-02-10T13:15:00Z,2026-02-11T23:59:59Z,ACCEPTED,
ACER-494307100,TRD-002094,A0003421.DE,STANDARD_SUPPLY,CONT,DE-LU,2026-02-10T14:10:00Z,2026-02-11T23:59:59Z,ACCEPTED,
ACER-637230886,TRD-002095,A0003421.DE,TRANSPORTATION,CONT,DE-LU,2026-02-10T12:27:00Z,2026-02-11T23:59:59Z,ACCEPTED,
ACER-590918050,TRD-002096,A0003421.DE,TRANSPORTATION,AUCT,DE-LU,2026-02-10T09:51:00Z,2026-02-11T23:59:59Z,ACCEPTED,
ACER-752166374,TRD-002111,A0003421.DE,STANDARD_SUPPLY,CONT,DE-LU,2026-02-11T09:51:00Z,2026-02-12T23:59:59Z,ACCEPTED,
ACER-205593208,TRD-002112,A0003421.DE,STANDARD_SUPPLY,CONT,DE-LU,2026-02-11T09:11:00Z,2026-02-12T23:59:59Z,PENDING,
ACER-959681052,TRD-002113,A0003421.DE,TRANSPORTATION,AUCT,DE-LU,2026-02-11T09:29:00Z,2026-02-12T23:59:59Z,ACCEPTED,
ACER-882978281,TRD-002114,A0003421.DE,TRANSPORTATION,AUCT,DE-LU,2026-02-11T16:42:00Z,2026-02-12T23:59:59Z,ACCEPTED,
ACER-872971999,TRD-002115,A0003421.DE,STANDARD_SUPPLY,CONT,DE-LU,2026-02-11T20:02:00Z,2026-02-12T23:59:59Z,PENDING,
ACER-656751610,TRD-002116,A0003421.DE,TRANSPORTATION,AUCT,DE-LU,2026-02-11T09:50:00Z,2026-02-12T23:59:59Z,ACCEPTED,
ACER-960107840,TRD-002117,A0003421.DE,STANDARD_SUPPLY,CONT,DE-LU,2026-02-11T17:15:00Z,2026-02-12T23:59:59Z,SUBMITTED,
ACER-438284980,TRD-002118,A0003421.DE,STANDARD_SUPPLY,CONT,DE-LU,2026-02-11T06:57:00Z,2026-02-12T23:59:59Z,ACCEPTED,
ACER-915078593,TRD-002119,A0003421.DE,STANDARD_SUPPLY,AUCT,DE-LU,2026-02-11T19:27:00Z,2026-02-12T23:59:59Z,ACCEPTED,
ACER-788510162,TRD-002120,A0003421.DE,STANDARD_SUPPLY,CONT,DE-LU,2026-02-11T18:37:00Z,2026-02-12T23:59:59Z,SUBMITTED,
ACER-611904469,TRD-002121,A0003421.DE,STANDARD_SUPPLY,AUCT,DE-LU,2026-02-11T08:54:00Z,2026-02-12T23:59:59Z,ACCEPTED,
ACER-383387768,TRD-002122,A0003421.DE,STANDARD_SUPPLY,CONT,DE-LU,2026-02-11T18:21:00Z,2026-02-12T23:59:59Z,ACCEPTED,
ACER-931945815,TRD-002123,A0003421.DE,STANDARD_SUPPLY,AUCT,DE-LU,2026-02-11T15:00:00Z,2026-02-12T23:59:59Z,ACCEPTED,
ACER-897849662,TRD-002124,A0003421.DE,STANDARD_SUPPLY,CONT,DE-LU,2026-02-11T18:29:00Z,2026-02-12T23:59:59Z,SUBMITTED,
ACER-565784922,TRD-002125,A0003421.DE,STANDARD_SUPPLY,CONT,DE-LU,2026-02-11T17:20:00Z,2026-02-12T23:59:59Z,ACCEPTED,
ACER-892651260,TRD-002126,A0003421.DE,STANDARD_SUPPLY,AUCT,DE-LU,2026-02-11T08:53:00Z,2026-02-12T23:59:59Z,ACCEPTED,
ACER-726056074,TRD-002127,A0003421.DE,TRANSPORTATION,CONT,DE-LU,2026-02-11T22:03:00Z,2026-02-12T23:59:59Z,SUBMITTED,
ACER-279552954,TRD-002128,A0003421.DE,TRANSPORTATION,CONT,DE-LU,2026-02-11T12:08:00Z,2026-02-12T23:59:59Z,ACCEPTED,
ACER-791117435,TRD-002129,A0003421.DE,STANDARD_SUPPLY,AUCT,DE-LU,2026-02-11T11:23:00Z,2026-02-12T23:59:59Z,ACCEPTED,
ACER-383590201,TRD-002130,A0003421.DE,TRANSPORTATION,CONT,DE-LU,2026-02-11T20:55:00Z,2026-02-12T23:59:59Z,ACCEPTED,
ACER-837834026,TRD-002131,A0003421.DE,TRANSPORTATION,CONT,DE-LU,2026-02-11T09:35:00Z,2026-02-12T23:59:59Z,ACCEPTED,
ACER-552369978,TRD-002132,A0003421.DE,STANDARD_SUPPLY,CONT,DE-LU,2026-02-11T10:15:00Z,2026-02-12T23:59:59Z,ACCEPTED,
ACER-558659463,TRD-002133,A0003421.DE,TRANSPORTATION,CONT,DE-LU,2026-02-11T17:23:00Z,2026-02-12T23:59:59Z,ACCEPTED,
ACER-418596239,TRD-002134,A0003421.DE,STANDARD_SUPPLY,AUCT,DE-LU,2026-02-11T13:56:00Z,2026-02-12T23:59:59Z,ACCEPTED,
ACER-854347852,TRD-002135,A0003421.DE,STANDARD_SUPPLY,CONT,DE-LU,2026-02-11T22:09:00Z,2026-02-12T23:59:59Z,SUBMITTED,
ACER-401391658,TRD-002136,A0003421.DE,STANDARD_SUPPLY,AUCT,DE-LU,2026-02-11T19:52:00Z,2026-02-12T23:59:59Z,ACCEPTED,
ACER-903024543,TRD-002137,A0003421.DE,STANDARD_SUPPLY,CONT,DE-LU,2026-02-11T13:26:00Z,2026-02-12T23:59:59Z,PENDING,
ACER-557058474,TRD-002138,A0003421.DE,STANDARD_SUPPLY,CONT,DE-LU,2026-02-11T14:03:00Z,2026-02-12T23:59:59Z,ACCEPTED,
ACER-433944888,TRD-002139,A0003421.DE,STANDARD_SUPPLY,CONT,DE-LU,2026-02-11T08:14:00Z,2026-02-12T23:59:59Z,SUBMITTED,
ACER-370216664,TRD-002140,A0003421.DE,STANDARD_SUPPLY,CONT,DE-LU,2026-02-11T10:33:00Z,2026-02-12T23:59:59Z,ACCEPTED,
ACER-622093300,TRD-002141,A0003421.DE,TRANSPORTATION,CONT,DE-LU,2026-02-11T12:49:00Z,2026-02-12T23:59:59Z,ACCEPTED,
ACER-724894482,TRD-002142,A0003421.DE,STANDARD_SUPPLY,AUCT,DE-LU,2026-02-11T21:04:00Z,2026-02-12T23:59:59Z,ACCEPTED,
ACER-346846852,TRD-002143,A0003421.DE,TRANSPORTATION,CONT,DE-LU,2026-02-11T19:03:00Z,2026-02-12T23:59:59Z,ACCEPTED,
ACER-359950983,TRD-002144,A0003421.DE,TRANSPORTATION,AUCT,DE-LU,2026-02-11T17:19:00Z,2026-02-12T23:59:59Z,ACCEPTED,
ACER-492565996,TRD-002145,A0003421.DE,STANDARD_SUPPLY,CONT,DE-LU,2026-02-11T13:28:00Z,2026-02-12T23:59:59Z,ACCEPTED,
ACER-633475772,TRD-002146,A0003421.DE,STANDARD_SUPPLY,AUCT,DE-LU,2026-02-11T17:32:00Z,2026-02-12T23:59:59Z,ACCEPTED,
ACER-756820658,TRD-002147,A0003421.DE,STANDARD_SUPPLY,CONT,DE-LU,2026-02-11T15:47:00Z,2026-02-12T23:59:59Z,PENDING,
ACER-983834101,TRD-002148,A0003421.DE,STANDARD_SUPPLY,CONT,DE-LU,2026-02-11T22:12:00Z,2026-02-12T23:59:59Z,SUBMITTED,
ACER-299461697,TRD-002149,A0003421.DE,STANDARD_SUPPLY,CONT,DE-LU,2026-02-11T14:19:00Z,2026-02-12T23:59:59Z,ACCEPTED,
ACER-673789833,TRD-002150,A0003421.DE,STANDARD_SUPPLY,CONT,DE-LU,2026-02-11T16:32:00Z,2026-02-12T23:59:59Z,ACCEPTED,
ACER-535150250,TRD-002151,A0003421.DE,STANDARD_SUPPLY,CONT,DE-LU,2026-02-11T11:40:00Z,2026-02-12T23:59:59Z,ACCEPTED,
ACER-154122026,TRD-002152,A0003421.DE,STANDARD_SUPPLY,CONT,DE-LU,2026-02-11T07:34:00Z,2026-02-12T23:59:59Z,ACCEPTED,
ACER-113922980,TRD-002153,A0003421.DE,STANDARD_SUPPLY,AUCT,DE-LU,2026-02-11T14:46:00Z,2026-02-12T23:59:59Z,ACCEPTED,
ACER-564149492,TRD-002141,A0003421.DE,TRANSPORTATION,CONT,DE-LU,2026-02-12T16:06:00Z,2026-02-13T23:59:59Z,ACCEPTED,
ACER-563489897,TRD-002142,A0003421.DE,TRANSPORTATION,CONT,DE-LU,2026-02-12T17:01:00Z,2026-02-13T23:59:59Z,ACCEPTED,
ACER-420678457,TRD-002143,A0003421.DE,TRANSPORTATION,CONT,DE-LU,2026-02-12T17:51:00Z,2026-02-13T23:59:59Z,ACCEPTED,
ACER-961554346,TRD-002144,A0003421.DE,STANDARD_SUPPLY,CONT,DE-LU,2026-02-12T07:04:00Z,2026-02-13T23:59:59Z,ACCEPTED,
ACER-199315161,TRD-002145,A0003421.DE,STANDARD_SUPPLY,CONT,DE-LU,2026-02-12T14:47:00Z,2026-02-13T23:59:59Z,ACCEPTED,
ACER-279973001,TRD-002146,A0003421.DE,STANDARD_SUPPLY,CONT,DE-LU,2026-02-12T19:35:00Z,2026-02-13T23:59:59Z,ACCEPTED,
ACER-746928636,TRD-002147,A0003421.DE,STANDARD_SUPPLY,AUCT,DE-LU,2026-02-12T07:08:00Z,2026-02-13T23:59:59Z,ACCEPTED,
ACER-378605419,TRD-002148,A0003421.DE,STANDARD_SUPPLY,CONT,DE-LU,2026-02-12T07:31:00Z,2026-02-13T23:59:59Z,ACCEPTED,
ACER-149728238,TRD-002149,A0003421.DE,STANDARD_SUPPLY,AUCT,DE-LU,2026-02-12T06:13:00Z,2026-02-13T23:59:59Z,ACCEPTED,
ACER-426381666,TRD-002150,A0003421.DE,STANDARD_SUPPLY,CONT,DE-LU,2026-02-12T18:03:00Z,2026-02-13T23:59:59Z,PENDING,
ACER-626549352,TRD-002151,A0003421.DE,STANDARD_SUPPLY,AUCT,DE-LU,2026-02-12T08:56:00Z,2026-02-13T23:59:59Z,SUBMITTED,
ACER-954512185,TRD-002152,A0003421.DE,STANDARD_SUPPLY,CONT,DE-LU,2026-02-12T13:44:00Z,2026-02-13T23:59:59Z,ACCEPTED,
ACER-464599670,TRD-002153,A0003421.DE,STANDARD_SUPPLY,AUCT,DE-LU,2026-02-12T10:01:00Z,2026-02-13T23:59:59Z,SUBMITTED,
ACER-970610248,TRD-002154,A0003421.DE,STANDARD_SUPPLY,CONT,DE-LU,2026-02-12T09:36:00Z,2026-02-13T23:59:59Z,ACCEPTED,
ACER-274589996,TRD-002155,A0003421.DE,STANDARD_SUPPLY,AUCT,DE-LU,2026-02-12T07:18:00Z,2026-02-13T23:59:59Z,SUBMITTED,
ACER-923267773,TRD-002156,A0003421.DE,TRANSPORTATION,CONT,DE-LU,2026-02-12T07:08:00Z,2026-02-13T23:59:59Z,ACCEPTED,
ACER-872323507,TRD-002157,A0003421.DE,STANDARD_SUPPLY,CONT,DE-LU,2026-02-12T08:18:00Z,2026-02-13T23:59:59Z,SUBMITTED,
ACER-258679848,TRD-002158,A0003421.DE,STANDARD_SUPPLY,CONT,DE-LU,2026-02-12T16:47:00Z,2026-02-13T23:59:59Z,REJECTED,VOLUME_MISMATCH
ACER-995568822,TRD-002159,A0003421.DE,STANDARD_SUPPLY,CONT,DE-LU,2026-02-12T21:28:00Z,2026-02-13T23:59:59Z,ACCEPTED,
ACER-370488686,TRD-002160,A0003421.DE,STANDARD_SUPPLY,CONT,DE-LU,2026-02-12T08:13:00Z,2026-02-13T23:59:59Z,ACCEPTED,
ACER-347630910,TRD-002161,A0003421.DE,STANDARD_SUPPLY,AUCT,DE-LU,2026-02-12T08:36:00Z,2026-02-13T23:59:59Z,ACCEPTED,
ACER-629586981,TRD-002162,A0003421.DE,STANDARD_SUPPLY,AUCT,DE-LU,2026-02-12T16:35:00Z,2026-02-13T23:59:59Z,ACCEPTED,
ACER-428187423,TRD-002163,A0003421.DE,TRANSPORTATION,CONT,DE-LU,2026-02-12T09:48:00Z,2026-02-13T23:59:59Z,ACCEPTED,
ACER-234297590,TRD-002164,A0003421.DE,STANDARD_SUPPLY,CONT,DE-LU,2026-02-12T16:55:00Z,2026-02-13T23:59:59Z,ACCEPTED,
ACER-654770448,TRD-002165,A0003421.DE,STANDARD_SUPPLY,CONT,DE-LU,2026-02-12T20:29:00Z,2026-02-13T23:59:59Z,ACCEPTED,
ACER-877407161,TRD-002166,A0003421.DE,STANDARD_SUPPLY,CONT,DE-LU,2026-02-12T08:51:00Z,2026-02-13T23:59:59Z,SUBMITTED,
ACER-658474195,TRD-002167,A0003421.DE,STANDARD_SUPPLY,CONT,DE-LU,2026-02-12T19:22:00Z,2026-02-13T23:59:59Z,ACCEPTED,
ACER-218226440,TRD-002168,A0003421.DE,STANDARD_SUPPLY,AUCT,DE-LU,2026-02-12T07:06:00Z,2026-02-13T23:59:59Z,ACCEPTED,
ACER-699526006,TRD-002169,A0003421.DE,STANDARD_SUPPLY,CONT,DE-LU,2026-02-12T16:22:00Z,2026-02-13T23:59:59Z,ACCEPTED,
ACER-955226437,TRD-002171,A0003421.DE,TRANSPORTATION,AUCT,DE-LU,2026-02-13T20:14:00Z,2026-02-14T23:59:59Z,SUBMITTED,
ACER-540897899,TRD-002172,A0003421.DE,TRANSPORTATION,CONT,DE-LU,2026-02-13T07:26:00Z,2026-02-14T23:59:59Z,ACCEPTED,
ACER-380525092,TRD-002173,A0003421.DE,STANDARD_SUPPLY,CONT,DE-LU,2026-02-13T12:38:00Z,2026-02-14T23:59:59Z,ACCEPTED,
ACER-367907433,TRD-002174,A0003421.DE,STANDARD_SUPPLY,CONT,DE-LU,2026-02-13T16:04:00Z,2026-02-14T23:59:59Z,ACCEPTED,
ACER-817696802,TRD-002175,A0003421.DE,STANDARD_SUPPLY,CONT,DE-LU,2026-02-13T20:26:00Z,2026-02-14T23:59:59Z,ACCEPTED,
ACER-414606014,TRD-002176,A0003421.DE,STANDARD_SUPPLY,CONT,DE-LU,2026-02-13T10:17:00Z,2026-02-14T23:59:59Z,SUBMITTED,
ACER-981296264,TRD-002177,A0003421.DE,STANDARD_SUPPLY,CONT,DE-LU,2026-02-13T08:04:00Z,2026-02-14T23:59:59Z,ACCEPTED,
ACER-243997356,TRD-002178,A0003421.DE,STANDARD_SUPPLY,CONT,DE-LU,2026-02-13T15:22:00Z,2026-02-14T23:59:59Z,SUBMITTED,
ACER-627322054,TRD-002179,A0003421.DE,STANDARD_SUPPLY,AUCT,DE-LU,2026-02-13T06:29:00Z,2026-02-14T23:59:59Z,ACCEPTED,
ACER-839246345,TRD-002180,A0003421.DE,TRANSPORTATION,AUCT,DE-LU,2026-02-13T15:21:00Z,2026-02-14T23:59:59Z,ACCEPTED,
ACER-557968038,TRD-002181,A0003421.DE,TRANSPORTATION,CONT,DE-LU,2026-02-13T14:21:00Z,2026-02-14T23:59:59Z,ACCEPTED,
ACER-804691350,TRD-002182,A0003421.DE,STANDARD_SUPPLY,AUCT,DE-LU,2026-02-13T06:54:00Z,2026-02-14T23:59:59Z,PENDING,
ACER-358850590,TRD-002183,A0003421.DE,STANDARD_SUPPLY,CONT,DE-LU,2026-02-13T17:01:00Z,2026-02-14T23:59:59Z,ACCEPTED,
ACER-991075308,TRD-002184,A0003421.DE,STANDARD_SUPPLY,CONT,DE-LU,2026-02-13T18:22:00Z,2026-02-14T23:59:59Z,ACCEPTED,
ACER-185252767,TRD-002185,A0003421.DE,STANDARD_SUPPLY,CONT,DE-LU,2026-02-13T20:40:00Z,2026-02-14T23:59:59Z,ACCEPTED,
ACER-322007823,TRD-002186,A0003421.DE,STANDARD_SUPPLY,AUCT,DE-LU,2026-02-13T13:07:00Z,2026-02-14T23:59:59Z,SUBMITTED,
ACER-511189607,TRD-002187,A0003421.DE,STANDARD_SUPPLY,CONT,DE-LU,2026-02-13T15:00:00Z,2026-02-14T23:59:59Z,ACCEPTED,
ACER-926089732,TRD-002188,A0003421.DE,STANDARD_SUPPLY,CONT,DE-LU,2026-02-13T18:38:00Z,2026-02-14T23:59:59Z,ACCEPTED,
ACER-646069583,TRD-002189,A0003421.DE,STANDARD_SUPPLY,CONT,DE-LU,2026-02-13T22:04:00Z,2026-02-14T23:59:59Z,ACCEPTED,
ACER-918336665,TRD-002190,A0003421.DE,STANDARD_SUPPLY,CONT,DE-LU,2026-02-13T14:32:00Z,2026-02-14T23:59:59Z,ACCEPTED,
ACER-957949139,TRD-002191,A0003421.DE,TRANSPORTATION,CONT,DE-LU,2026-02-13T21:10:00Z,2026-02-14T23:59:59Z,ACCEPTED,
ACER-506383140,TRD-002192,A0003421.DE,STANDARD_SUPPLY,CONT,DE-LU,2026-02-13T17:38:00Z,2026-02-14T23:59:59Z,ACCEPTED,
ACER-509478439,TRD-002193,A0003421.DE,TRANSPORTATION,AUCT,DE-LU,2026-02-13T15:28:00Z,2026-02-14T23:59:59Z,ACCEPTED,
ACER-812184655,TRD-002194,A0003421.DE,STANDARD_SUPPLY,CONT,DE-LU,2026-02-13T17:45:00Z,2026-02-14T23:59:59Z,ACCEPTED,
ACER-748388859,TRD-002195,A0003421.DE,TRANSPORTATION,AUCT,DE-LU,2026-02-13T15:11:00Z,2026-02-14T23:59:59Z,ACCEPTED,
ACER-777823249,TRD-002196,A0003421.DE,STANDARD_SUPPLY,AUCT,DE-LU,2026-02-13T20:49:00Z,2026-02-14T23:59:59Z,ACCEPTED,
ACER-993413623,TRD-002197,A0003421.DE,STANDARD_SUPPLY,AUCT,DE-LU,2026-02-13T11:14:00Z,2026-02-14T23:59:59Z,ACCEPTED,
ACER-576463503,TRD-002198,A0003421.DE,TRANSPORTATION,CONT,DE-LU,2026-02-13T21:36:00Z,2026-02-14T23:59:59Z,ACCEPTED,
ACER-648728858,TRD-002199,A0003421.DE,STANDARD_SUPPLY,CONT,DE-LU,2026-02-13T06:31:00Z,2026-02-14T23:59:59Z,ACCEPTED,
ACER-113417128,TRD-002200,A0003421.DE,TRANSPORTATION,CONT,DE-LU,2026-02-13T06:28:00Z,2026-02-14T23:59:59Z,ACCEPTED,
ACER-684739465,TRD-002201,A0003421.DE,STANDARD_SUPPLY,CONT,DE-LU,2026-02-13T10:29:00Z,2026-02-14T23:59:59Z,ACCEPTED,
ACER-466247261,TRD-002201,A0003421.DE,STANDARD_SUPPLY,CONT,DE-LU,2026-02-14T06:36:00Z,2026-02-15T23:59:59Z,ACCEPTED,
ACER-843666141,TRD-002202,A0003421.DE,STANDARD_SUPPLY,CONT,DE-LU,2026-02-14T12:56:00Z,2026-02-15T23:59:59Z,ACCEPTED,
ACER-222765778,TRD-002203,A0003421.DE,STANDARD_SUPPLY,CONT,DE-LU,2026-02-14T09:01:00Z,2026-02-15T23:59:59Z,PENDING,
ACER-424779283,TRD-002204,A0003421.DE,STANDARD_SUPPLY,CONT,DE-LU,2026-02-14T11:14:00Z,2026-02-15T23:59:59Z,SUBMITTED,
ACER-481795576,TRD-002205,A0003421.DE,TRANSPORTATION,AUCT,DE-LU,2026-02-14T06:11:00Z,2026-02-15T23:59:59Z,ACCEPTED,
ACER-657485403,TRD-002206,A0003421.DE,STANDARD_SUPPLY,CONT,DE-LU,2026-02-14T19:40:00Z,2026-02-15T23:59:59Z,SUBMITTED,
ACER-268008327,TRD-002207,A0003421.DE,STANDARD_SUPPLY,CONT,DE-LU,2026-02-14T18:42:00Z,2026-02-15T23:59:59Z,ACCEPTED,
ACER-876001460,TRD-002208,A0003421.DE,STANDARD_SUPPLY,CONT,DE-LU,2026-02-14T11:35:00Z,2026-02-15T23:59:59Z,ACCEPTED,
ACER-352464838,TRD-002209,A0003421.DE,STANDARD_SUPPLY,CONT,DE-LU,2026-02-14T10:23:00Z,2026-02-15T23:59:59Z,ACCEPTED,
ACER-264544144,TRD-002210,A0003421.DE,STANDARD_SUPPLY,AUCT,DE-LU,2026-02-14T11:54:00Z,2026-02-15T23:59:59Z,ACCEPTED,
ACER-182787789,TRD-002211,A0003421.DE,TRANSPORTATION,CONT,DE-LU,2026-02-14T19:30:00Z,2026-02-15T23:59:59Z,ACCEPTED,
ACER-915391375,TRD-002212,A0003421.DE,TRANSPORTATION,CONT,DE-LU,2026-02-14T18:55:00Z,2026-02-15T23:59:59Z,ACCEPTED,
ACER-260945835,TRD-002213,A0003421.DE,STANDARD_SUPPLY,CONT,DE-LU,2026-02-14T21:56:00Z,2026-02-15T23:59:59Z,ACCEPTED,
ACER-873020809,TRD-002214,A0003421.DE,TRANSPORTATION,CONT,DE-LU,2026-02-14T06:51:00Z,2026-02-15T23:59:59Z,SUBMITTED,
ACER-122678126,TRD-002215,A0003421.DE,TRANSPORTATION,CONT,DE-LU,2026-02-14T12:55:00Z,2026-02-15T23:59:59Z,ACCEPTED,
ACER-655937511,TRD-002216,A0003421.DE,TRANSPORTATION,AUCT,DE-LU,2026-02-14T13:55:00Z,2026-02-15T23:59:59Z,SUBMITTED,
ACER-512380893,TRD-002217,A0003421.DE,STANDARD_SUPPLY,CONT,DE-LU,2026-02-14T07:16:00Z,2026-02-15T23:59:59Z,SUBMITTED,
ACER-975514836,TRD-002218,A0003421.DE,STANDARD_SUPPLY,AUCT,DE-LU,2026-02-14T07:51:00Z,2026-02-15T23:59:59Z,REJECTED,VOLUME_MISMATCH
ACER-715280039,TRD-002219,A0003421.DE,STANDARD_SUPPLY,CONT,DE-LU,2026-02-14T12:41:00Z,2026-02-15T23:59:59Z,ACCEPTED,
ACER-182797298,TRD-002220,A0003421.DE,TRANSPORTATION,CONT,DE-LU,2026-02-14T16:33:00Z,2026-02-15T23:59:59Z,PENDING,
ACER-597970135,TRD-002221,A0003421.DE,TRANSPORTATION,CONT,DE-LU,2026-02-14T08:52:00Z,2026-02-15T23:59:59Z,ACCEPTED,
ACER-249710864,TRD-002222,A0003421.DE,STANDARD_SUPPLY,CONT,DE-LU,2026-02-14T22:58:00Z,2026-02-15T23:59:59Z,REJECTED,MISSING_COUNTERPARTY_ID
ACER-788698584,TRD-002223,A0003421.DE,STANDARD_SUPPLY,CONT,DE-LU,2026-02-14T06:56:00Z,2026-02-15T23:59:59Z,ACCEPTED,
ACER-793835642,TRD-002224,A0003421.DE,STANDARD_SUPPLY,AUCT,DE-LU,2026-02-14T13:25:00Z,2026-02-15T23:59:59Z,ACCEPTED,
ACER-985626397,TRD-002225,A0003421.DE,TRANSPORTATION,CONT,DE-LU,2026-02-14T13:01:00Z,2026-02-15T23:59:59Z,PENDING,
ACER-283468347,TRD-002231,A0003421.DE,TRANSPORTATION,CONT,DE-LU,2026-02-15T07:11:00Z,2026-02-16T23:59:59Z,ACCEPTED,
ACER-851535161,TRD-002232,A0003421.DE,STANDARD_SUPPLY,AUCT,DE-LU,2026-02-15T10:49:00Z,2026-02-16T23:59:59Z,ACCEPTED,
ACER-188648189,TRD-002233,A0003421.DE,STANDARD_SUPPLY,CONT,DE-LU,2026-02-15T15:27:00Z,2026-02-16T23:59:59Z,ACCEPTED,
ACER-628224709,TRD-002234,A0003421.DE,STANDARD_SUPPLY,CONT,DE-LU,2026-02-15T16:25:00Z,2026-02-16T23:59:59Z,ACCEPTED,
ACER-323928543,TRD-002235,A0003421.DE,STANDARD_SUPPLY,CONT,DE-LU,2026-02-15T14:24:00Z,2026-02-16T23:59:59Z,SUBMITTED,
ACER-480204970,TRD-002236,A0003421.DE,TRANSPORTATION,AUCT,DE-LU,2026-02-15T15:52:00Z,2026-02-16T23:59:59Z,ACCEPTED,
ACER-651821650,TRD-002237,A0003421.DE,STANDARD_SUPPLY,CONT,DE-LU,2026-02-15T22:12:00Z,2026-02-16T23:59:59Z,ACCEPTED,
ACER-725759300,TRD-002238,A0003421.DE,TRANSPORTATION,CONT,DE-LU,2026-02-15T08:34:00Z,2026-02-16T23:59:59Z,ACCEPTED,
ACER-275657698,TRD-002239,A0003421.DE,TRANSPORTATION,CONT,DE-LU,2026-02-15T12:38:00Z,2026-02-16T23:59:59Z,ACCEPTED,
ACER-741235492,TRD-002240,A0003421.DE,STANDARD_SUPPLY,CONT,DE-LU,2026-02-15T21:53:00Z,2026-02-16T23:59:59Z,ACCEPTED,
ACER-536418569,TRD-002241,A0003421.DE,STANDARD_SUPPLY,AUCT,DE-LU,2026-02-15T11:41:00Z,2026-02-16T23:59:59Z,SUBMITTED,
ACER-140476078,TRD-002242,A0003421.DE,STANDARD_SUPPLY,CONT,DE-LU,2026-02-15T11:23:00Z,2026-02-16T23:59:59Z,ACCEPTED,
ACER-143394500,TRD-002243,A0003421.DE,STANDARD_SUPPLY,CONT,DE-LU,2026-02-15T16:26:00Z,2026-02-16T23:59:59Z,ACCEPTED,
ACER-856075698,TRD-002244,A0003421.DE,STANDARD_SUPPLY,CONT,DE-LU,2026-02-15T17:45:00Z,2026-02-16T23:59:59Z,ACCEPTED,
ACER-284657616,TRD-002245,A0003421.DE,STANDARD_SUPPLY,AUCT,DE-LU,2026-02-15T09:27:00Z,2026-02-16T23:59:59Z,ACCEPTED,
ACER-862212532,TRD-002246,A0003421.DE,STANDARD_SUPPLY,CONT,DE-LU,2026-02-15T18:11:00Z,2026-02-16T23:59:59Z,ACCEPTED,
ACER-839892646,TRD-002247,A0003421.DE,TRANSPORTATION,CONT,DE-LU,2026-02-15T07:18:00Z,2026-02-16T23:59:59Z,ACCEPTED,
ACER-955591531,TRD-002248,A0003421.DE,TRANSPORTATION,AUCT,DE-LU,2026-02-15T13:28:00Z,2026-02-16T23:59:59Z,SUBMITTED,
ACER-302604397,TRD-002249,A0003421.DE,STANDARD_SUPPLY,CONT,DE-LU,2026-02-15T17:01:00Z,2026-02-16T23:59:59Z,ACCEPTED,
ACER-457294352,TRD-002250,A0003421.DE,TRANSPORTATION,CONT,DE-LU,2026-02-15T21:48:00Z,2026-02-16T23:59:59Z,PENDING,
ACER-277379408,TRD-002251,A0003421.DE,STANDARD_SUPPLY,CONT,DE-LU,2026-02-15T09:43:00Z,2026-02-16T23:59:59Z,ACCEPTED,
ACER-552687192,TRD-002252,A0003421.DE,STANDARD_SUPPLY,CONT,DE-LU,2026-02-15T15:32:00Z,2026-02-16T23:59:59Z,ACCEPTED,
ACER-290006732,TRD-002253,A0003421.DE,STANDARD_SUPPLY,AUCT,DE-LU,2026-02-15T20:18:00Z,2026-02-16T23:59:59Z,SUBMITTED,
ACER-717185378,TRD-002254,A0003421.DE,STANDARD_SUPPLY,CONT,DE-LU,2026-02-15T15:09:00Z,2026-02-16T23:59:59Z,ACCEPTED,
ACER-710065451,TRD-002255,A0003421.DE,STANDARD_SUPPLY,CONT,DE-LU,2026-02-15T16:42:00Z,2026-02-16T23:59:59Z,ACCEPTED,
ACER-170773845,TRD-002256,A0003421.DE,STANDARD_SUPPLY,CONT,DE-LU,2026-02-15T14:00:00Z,2026-02-16T23:59:59Z,ACCEPTED,
ACER-163323743,TRD-002257,A0003421.DE,STANDARD_SUPPLY,CONT,DE-LU,2026-02-15T08:26:00Z,2026-02-16T23:59:59Z,ACCEPTED,
ACER-198896234,TRD-002258,A0003421.DE,STANDARD_SUPPLY,AUCT,DE-LU,2026-02-15T10:41:00Z,2026-02-16T23:59:59Z,ACCEPTED,
ACER-507456854,TRD-002261,A0003421.DE,STANDARD_SUPPLY,CONT,DE-LU,2026-02-16T15:49:00Z,2026-02-17T23:59:59Z,ACCEPTED,
ACER-550689401,TRD-002262,A0003421.DE,STANDARD_SUPPLY,CONT,DE-LU,2026-02-16T16:24:00Z,2026-02-17T23:59:59Z,SUBMITTED,
ACER-701399170,TRD-002263,A0003421.DE,TRANSPORTATION,CONT,DE-LU,2026-02-16T16:21:00Z,2026-02-17T23:59:59Z,PENDING,
ACER-300173486,TRD-002264,A0003421.DE,STANDARD_SUPPLY,CONT,DE-LU,2026-02-16T16:23:00Z,2026-02-17T23:59:59Z,ACCEPTED,
ACER-483188473,TRD-002265,A0003421.DE,STANDARD_SUPPLY,CONT,DE-LU,2026-02-16T18:18:00Z,2026-02-17T23:59:59Z,ACCEPTED,
ACER-182107920,TRD-002266,A0003421.DE,STANDARD_SUPPLY,CONT,DE-LU,2026-02-16T18:34:00Z,2026-02-17T23:59:59Z,ACCEPTED,
ACER-932271499,TRD-002267,A0003421.DE,STANDARD_SUPPLY,CONT,DE-LU,2026-02-16T21:47:00Z,2026-02-17T23:59:59Z,ACCEPTED,
ACER-830256649,TRD-002268,A0003421.DE,STANDARD_SUPPLY,AUCT,DE-LU,2026-02-16T22:27:00Z,2026-02-17T23:59:59Z,ACCEPTED,
ACER-885435009,TRD-002269,A0003421.DE,STANDARD_SUPPLY,CONT,DE-LU,2026-02-16T22:56:00Z,2026-02-17T23:59:59Z,ACCEPTED,
ACER-875017150,TRD-002270,A0003421.DE,STANDARD_SUPPLY,AUCT,DE-LU,2026-02-16T09:01:00Z,2026-02-17T23:59:59Z,SUBMITTED,
ACER-977891427,TRD-002271,A0003421.DE,STANDARD_SUPPLY,AUCT,DE-LU,2026-02-16T21:12:00Z,2026-02-17T23:59:59Z,ACCEPTED,
ACER-876475287,TRD-002272,A0003421.DE,STANDARD_SUPPLY,CONT,DE-LU,2026-02-16T13:02:00Z,2026-02-17T23:59:59Z,SUBMITTED,
ACER-539932680,TRD-002273,A0003421.DE,STANDARD_SUPPLY,AUCT,DE-LU,2026-02-16T21:31:00Z,2026-02-17T23:59:59Z,ACCEPTED,
ACER-696969019,TRD-002274,A0003421.DE,STANDARD_SUPPLY,CONT,DE-LU,2026-02-16T22:08:00Z,2026-02-17T23:59:59Z,SUBMITTED,
ACER-975988871,TRD-002275,A0003421.DE,STANDARD_SUPPLY,CONT,DE-LU,2026-02-16T20:26:00Z,2026-02-17T23:59:59Z,ACCEPTED,
ACER-617009968,TRD-002276,A0003421.DE,STANDARD_SUPPLY,AUCT,DE-LU,2026-02-16T15:49:00Z,2026-02-17T23:59:59Z,ACCEPTED,
ACER-210652716,TRD-002277,A0003421.DE,TRANSPORTATION,CONT,DE-LU,2026-02-16T21:55:00Z,2026-02-17T23:59:59Z,SUBMITTED,
ACER-696021668,TRD-002278,A0003421.DE,TRANSPORTATION,CONT,DE-LU,2026-02-16T13:21:00Z,2026-02-17T23:59:59Z,ACCEPTED,
ACER-538482520,TRD-002279,A0003421.DE,TRANSPORTATION,CONT,DE-LU,2026-02-16T08:51:00Z,2026-02-17T23:59:59Z,SUBMITTED,
ACER-895153626,TRD-002280,A0003421.DE,STANDARD_SUPPLY,CONT,DE-LU,2026-02-16T10:22:00Z,2026-02-17T23:59:59Z,ACCEPTED,
ACER-877419678,TRD-002281,A0003421.DE,STANDARD_SUPPLY,AUCT,DE-LU,2026-02-16T07:57:00Z,2026-02-17T23:59:59Z,ACCEPTED,
ACER-105019373,TRD-002282,A0003421.DE,TRANSPORTATION,CONT,DE-LU,2026-02-16T20:57:00Z,2026-02-17T23:59:59Z,ACCEPTED,
ACER-317078620,TRD-002283,A0003421.DE,TRANSPORTATION,CONT,DE-LU,2026-02-16T18:39:00Z,2026-02-17T23:59:59Z,ACCEPTED,
ACER-375289559,TRD-002284,A0003421.DE,TRANSPORTATION,AUCT,DE-LU,2026-02-16T22:47:00Z,2026-02-17T23:59:59Z,ACCEPTED,
ACER-920797730,TRD-002285,A0003421.DE,STANDARD_SUPPLY,AUCT,DE-LU,2026-02-16T19:18:00Z,2026-02-17T23:59:59Z,SUBMITTED,
ACER-437423348,TRD-002291,A0003421.DE,STANDARD_SUPPLY,CONT,DE-LU,2026-02-17T18:11:00Z,2026-02-18T23:59:59Z,SUBMITTED,
ACER-658769767,TRD-002292,A0003421.DE,STANDARD_SUPPLY,CONT,DE-LU,2026-02-17T20:44:00Z,2026-02-18T23:59:59Z,ACCEPTED,
ACER-780982741,TRD-002293,A0003421.DE,STANDARD_SUPPLY,CONT,DE-LU,2026-02-17T14:56:00Z,2026-02-18T23:59:59Z,ACCEPTED,
ACER-774077423,TRD-002294,A0003421.DE,STANDARD_SUPPLY,CONT,DE-LU,2026-02-17T09:48:00Z,2026-02-18T23:59:59Z,ACCEPTED,
ACER-494863742,TRD-002295,A0003421.DE,STANDARD_SUPPLY,CONT,DE-LU,2026-02-17T06:32:00Z,2026-02-18T23:59:59Z,SUBMITTED,
ACER-652607833,TRD-002296,A0003421.DE,STANDARD_SUPPLY,CONT,DE-LU,2026-02-17T11:23:00Z,2026-02-18T23:59:59Z,ACCEPTED,
ACER-785212580,TRD-002297,A0003421.DE,STANDARD_SUPPLY,CONT,DE-LU,2026-02-17T07:21:00Z,2026-02-18T23:59:59Z,PENDING,
ACER-458084233,TRD-002298,A0003421.DE,STANDARD_SUPPLY,AUCT,DE-LU,2026-02-17T13:47:00Z,2026-02-18T23:59:59Z,SUBMITTED,
ACER-335429194,TRD-002299,A0003421.DE,TRANSPORTATION,CONT,DE-LU,2026-02-17T07:53:00Z,2026-02-18T23:59:59Z,ACCEPTED,
ACER-173299225,TRD-002300,A0003421.DE,STANDARD_SUPPLY,CONT,DE-LU,2026-02-17T12:28:00Z,2026-02-18T23:59:59Z,ACCEPTED,
ACER-941812339,TRD-002301,A0003421.DE,TRANSPORTATION,AUCT,DE-LU,2026-02-17T15:34:00Z,2026-02-18T23:59:59Z,ACCEPTED,
ACER-354925607,TRD-002302,A0003421.DE,STANDARD_SUPPLY,CONT,DE-LU,2026-02-17T08:31:00Z,2026-02-18T23:59:59Z,SUBMITTED,
ACER-245858436,TRD-002303,A0003421.DE,TRANSPORTATION,CONT,DE-LU,2026-02-17T06:37:00Z,2026-02-18T23:59:59Z,ACCEPTED,
ACER-890355870,TRD-002304,A0003421.DE,TRANSPORTATION,CONT,DE-LU,2026-02-17T18:04:00Z,2026-02-18T23:59:59Z,SUBMITTED,
ACER-812018663,TRD-002305,A0003421.DE,STANDARD_SUPPLY,AUCT,DE-LU,2026-02-17T20:21:00Z,2026-02-18T23:59:59Z,ACCEPTED,
ACER-112113329,TRD-002306,A0003421.DE,STANDARD_SUPPLY,CONT,DE-LU,2026-02-17T15:50:00Z,2026-02-18T23:59:59Z,ACCEPTED,
ACER-757960686,TRD-002307,A0003421.DE,STANDARD_SUPPLY,CONT,DE-LU,2026-02-17T17:14:00Z,2026-02-18T23:59:59Z,ACCEPTED,
ACER-796831311,TRD-002308,A0003421.DE,STANDARD_SUPPLY,CONT,DE-LU,2026-02-17T15:36:00Z,2026-02-18T23:59:59Z,ACCEPTED,
ACER-577106392,TRD-002309,A0003421.DE,STANDARD_SUPPLY,CONT,DE-LU,2026-02-17T14:24:00Z,2026-02-18T23:59:59Z,ACCEPTED,
ACER-414993236,TRD-002310,A0003421.DE,STANDARD_SUPPLY,CONT,DE-LU,2026-02-17T20:24:00Z,2026-02-18T23:59:59Z,ACCEPTED,
ACER-578822482,TRD-002311,A0003421.DE,STANDARD_SUPPLY,AUCT,DE-LU,2026-02-17T16:10:00Z,2026-02-18T23:59:59Z,REJECTED,VOLUME_MISMATCH
ACER-516510533,TRD-002312,A0003421.DE,STANDARD_SUPPLY,CONT,DE-LU,2026-02-17T20:22:00Z,2026-02-18T23:59:59Z,ACCEPTED,
ACER-499080754,TRD-002313,A0003421.DE,STANDARD_SUPPLY,CONT,DE-LU,2026-02-17T07:10:00Z,2026-02-18T23:59:59Z,ACCEPTED,
ACER-214074963,TRD-002314,A0003421.DE,STANDARD_SUPPLY,CONT,DE-LU,2026-02-17T14:37:00Z,2026-02-18T23:59:59Z,ACCEPTED,
ACER-871901770,TRD-002321,A0003421.DE,STANDARD_SUPPLY,CONT,DE-LU,2026-02-18T13:15:00Z,2026-02-19T23:59:59Z,ACCEPTED,
ACER-429430620,TRD-002322,A0003421.DE,STANDARD_SUPPLY,CONT,DE-LU,2026-02-18T15:20:00Z,2026-02-19T23:59:59Z,SUBMITTED,
ACER-337406600,TRD-002323,A0003421.DE,STANDARD_SUPPLY,AUCT,DE-LU,2026-02-18T09:03:00Z,2026-02-19T23:59:59Z,ACCEPTED,
ACER-403266122,TRD-002324,A0003421.DE,STANDARD_SUPPLY,CONT,DE-LU,2026-02-18T16:41:00Z,2026-02-19T23:59:59Z,ACCEPTED,
ACER-258081913,TRD-002325,A0003421.DE,STANDARD_SUPPLY,AUCT,DE-LU,2026-02-18T11:54:00Z,2026-02-19T23:59:59Z,SUBMITTED,
ACER-940309615,TRD-002326,A0003421.DE,TRANSPORTATION,CONT,DE-LU,2026-02-18T13:58:00Z,2026-02-19T23:59:59Z,SUBMITTED,
ACER-945332137,TRD-002327,A0003421.DE,STANDARD_SUPPLY,CONT,DE-LU,2026-02-18T11:34:00Z,2026-02-19T23:59:59Z,SUBMITTED,
ACER-805516250,TRD-002328,A0003421.DE,STANDARD_SUPPLY,CONT,DE-LU,2026-02-18T13:49:00Z,2026-02-19T23:59:59Z,ACCEPTED,
ACER-268249571,TRD-002329,A0003421.DE,STANDARD_SUPPLY,CONT,DE-LU,2026-02-18T08:29:00Z,2026-02-19T23:59:59Z,SUBMITTED,
ACER-776776539,TRD-002330,A0003421.DE,STANDARD_SUPPLY,CONT,DE-LU,2026-02-18T14:17:00Z,2026-02-19T23:59:59Z,ACCEPTED,
ACER-284924770,TRD-002331,A0003421.DE,STANDARD_SUPPLY,CONT,DE-LU,2026-02-18T13:24:00Z,2026-02-19T23:59:59Z,ACCEPTED,
ACER-319807412,TRD-002332,A0003421.DE,STANDARD_SUPPLY,AUCT,DE-LU,2026-02-18T10:29:00Z,2026-02-19T23:59:59Z,ACCEPTED,
ACER-189024713,TRD-002333,A0003421.DE,TRANSPORTATION,CONT,DE-LU,2026-02-18T13:47:00Z,2026-02-19T23:59:59Z,ACCEPTED,
ACER-846466708,TRD-002334,A0003421.DE,TRANSPORTATION,AUCT,DE-LU,2026-02-18T22:28:00Z,2026-02-19T23:59:59Z,ACCEPTED,
ACER-868117757,TRD-002335,A0003421.DE,STANDARD_SUPPLY,CONT,DE-LU,2026-02-18T06:31:00Z,2026-02-19T23:59:59Z,ACCEPTED,
ACER-525445055,TRD-002336,A0003421.DE,STANDARD_SUPPLY,CONT,DE-LU,2026-02-18T14:12:00Z,2026-02-19T23:59:59Z,ACCEPTED,
ACER-398630826,TRD-002337,A0003421.DE,STANDARD_SUPPLY,CONT,DE-LU,2026-02-18T22:02:00Z,2026-02-19T23:59:59Z,SUBMITTED,
ACER-317538429,TRD-002338,A0003421.DE,STANDARD_SUPPLY,CONT,DE-LU,2026-02-18T10:05:00Z,2026-02-19T23:59:59Z,ACCEPTED,
ACER-733805006,TRD-002339,A0003421.DE,STANDARD_SUPPLY,CONT,DE-LU,2026-02-18T09:51:00Z,2026-02-19T23:59:59Z,ACCEPTED,
ACER-623138199,TRD-002340,A0003421.DE,STANDARD_SUPPLY,CONT,DE-LU,2026-02-18T10:12:00Z,2026-02-19T23:59:59Z,ACCEPTED,
ACER-313549050,TRD-002341,A0003421.DE,STANDARD_SUPPLY,CONT,DE-LU,2026-02-18T16:06:00Z,2026-02-19T23:59:59Z,ACCEPTED,
ACER-905494247,TRD-002342,A0003421.DE,STANDARD_SUPPLY,CONT,DE-LU,2026-02-18T18:41:00Z,2026-02-19T23:59:59Z,ACCEPTED,
ACER-571435998,TRD-002343,A0003421.DE,STANDARD_SUPPLY,CONT,DE-LU,2026-02-18T11:13:00Z,2026-02-19T23:59:59Z,ACCEPTED,
ACER-745295697,TRD-002344,A0003421.DE,STANDARD_SUPPLY,AUCT,DE-LU,2026-02-18T20:12:00Z,2026-02-19T23:59:59Z,ACCEPTED,
ACER-539314524,TRD-002345,A0003421.DE,STANDARD_SUPPLY,CONT,DE-LU,2026-02-18T10:46:00Z,2026-02-19T23:59:59Z,ACCEPTED,
ACER-702274964,TRD-002351,A0003421.DE,STANDARD_SUPPLY,CONT,DE-LU,2026-02-19T21:48:00Z,2026-02-20T23:59:59Z,ACCEPTED,
ACER-894899999,TRD-002352,A0003421.DE,STANDARD_SUPPLY,AUCT,DE-LU,2026-02-19T15:08:00Z,2026-02-20T23:59:59Z,SUBMITTED,
ACER-204257962,TRD-002353,A0003421.DE,STANDARD_SUPPLY,CONT,DE-LU,2026-02-19T13:39:00Z,2026-02-20T23:59:59Z,ACCEPTED,
ACER-998900509,TRD-002354,A0003421.DE,TRANSPORTATION,CONT,DE-LU,2026-02-19T18:35:00Z,2026-02-20T23:59:59Z,PENDING,
ACER-593371142,TRD-002355,A0003421.DE,TRANSPORTATION,CONT,DE-LU,2026-02-19T16:01:00Z,2026-02-20T23:59:59Z,SUBMITTED,
ACER-164240642,TRD-002356,A0003421.DE,STANDARD_SUPPLY,AUCT,DE-LU,2026-02-19T21:40:00Z,2026-02-20T23:59:59Z,SUBMITTED,
ACER-768449497,TRD-002357,A0003421.DE,STANDARD_SUPPLY,CONT,DE-LU,2026-02-19T10:20:00Z,2026-02-20T23:59:59Z,ACCEPTED,
ACER-244178495,TRD-002358,A0003421.DE,STANDARD_SUPPLY,AUCT,DE-LU,2026-02-19T06:14:00Z,2026-02-20T23:59:59Z,ACCEPTED,
ACER-724431404,TRD-002359,A0003421.DE,STANDARD_SUPPLY,CONT,DE-LU,2026-02-19T13:35:00Z,2026-02-20T23:59:59Z,SUBMITTED,
ACER-508815446,TRD-002360,A0003421.DE,STANDARD_SUPPLY,AUCT,DE-LU,2026-02-19T06:51:00Z,2026-02-20T23:59:59Z,ACCEPTED,
ACER-280004518,TRD-002361,A0003421.DE,STANDARD_SUPPLY,AUCT,DE-LU,2026-02-19T19:06:00Z,2026-02-20T23:59:59Z,ACCEPTED,
ACER-716411570,TRD-002362,A0003421.DE,STANDARD_SUPPLY,CONT,DE-LU,2026-02-19T07:11:00Z,2026-02-20T23:59:59Z,ACCEPTED,
ACER-646732335,TRD-002363,A0003421.DE,TRANSPORTATION,CONT,DE-LU,2026-02-19T10:39:00Z,2026-02-20T23:59:59Z,SUBMITTED,
ACER-314011909,TRD-002364,A0003421.DE,TRANSPORTATION,AUCT,DE-LU,2026-02-19T17:20:00Z,2026-02-20T23:59:59Z,ACCEPTED,
ACER-529870959,TRD-002365,A0003421.DE,STANDARD_SUPPLY,CONT,DE-LU,2026-02-19T19:33:00Z,2026-02-20T23:59:59Z,SUBMITTED,
ACER-472964995,TRD-002366,A0003421.DE,STANDARD_SUPPLY,CONT,DE-LU,2026-02-19T12:15:00Z,2026-02-20T23:59:59Z,ACCEPTED,
ACER-937576165,TRD-002367,A0003421.DE,STANDARD_SUPPLY,CONT,DE-LU,2026-02-19T15:58:00Z,2026-02-20T23:59:59Z,ACCEPTED,
ACER-979688709,TRD-002368,A0003421.DE,STANDARD_SUPPLY,CONT,DE-LU,2026-02-19T07:28:00Z,2026-02-20T23:59:59Z,ACCEPTED,
ACER-174795542,TRD-002369,A0003421.DE,STANDARD_SUPPLY,CONT,DE-LU,2026-02-19T07:10:00Z,2026-02-20T23:59:59Z,ACCEPTED,
ACER-980647903,TRD-002370,A0003421.DE,STANDARD_SUPPLY,CONT,DE-LU,2026-02-19T08:55:00Z,2026-02-20T23:59:59Z,ACCEPTED,
ACER-514402631,TRD-002371,A0003421.DE,STANDARD_SUPPLY,CONT,DE-LU,2026-02-19T14:05:00Z,2026-02-20T23:59:59Z,PENDING,
ACER-301823591,TRD-002372,A0003421.DE,STANDARD_SUPPLY,CONT,DE-LU,2026-02-19T10:11:00Z,2026-02-20T23:59:59Z,ACCEPTED,
ACER-931765379,TRD-002373,A0003421.DE,STANDARD_SUPPLY,CONT,DE-LU,2026-02-19T18:18:00Z,2026-02-20T23:59:59Z,ACCEPTED,
ACER-980850417,TRD-002374,A0003421.DE,STANDARD_SUPPLY,CONT,DE-LU,2026-02-19T22:28:00Z,2026-02-20T23:59:59Z,ACCEPTED,
ACER-355736844,TRD-002375,A0003421.DE,STANDARD_SUPPLY,AUCT,DE-LU,2026-02-19T11:13:00Z,2026-02-20T23:59:59Z,PENDING,
ACER-819520028,TRD-002376,A0003421.DE,STANDARD_SUPPLY,AUCT,DE-LU,2026-02-19T18:01:00Z,2026-02-20T23:59:59Z,SUBMITTED,
ACER-611463011,TRD-002377,A0003421.DE,STANDARD_SUPPLY,AUCT,DE-LU,2026-02-19T19:01:00Z,2026-02-20T23:59:59Z,SUBMITTED,
ACER-184151376,TRD-002378,A0003421.DE,STANDARD_SUPPLY,AUCT,DE-LU,2026-02-19T19:08:00Z,2026-02-20T23:59:59Z,ACCEPTED,
ACER-371352654,TRD-002379,A0003421.DE,TRANSPORTATION,AUCT,DE-LU,2026-02-19T16:40:00Z,2026-02-20T23:59:59Z,ACCEPTED,
ACER-340437577,TRD-002380,A0003421.DE,TRANSPORTATION,AUCT,DE-LU,2026-02-19T11:21:00Z,2026-02-20T23:59:59Z,ACCEPTED,
ACER-315417110,TRD-002381,A0003421.DE,STANDARD_SUPPLY,AUCT,DE-LU,2026-02-19T12:18:00Z,2026-02-20T23:59:59Z,ACCEPTED,
ACER-119427440,TRD-002382,A0003421.DE,STANDARD_SUPPLY,AUCT,DE-LU,2026-02-19T13:35:00Z,2026-02-20T23:59:59Z,ACCEPTED,
ACER-784551345,TRD-002383,A0003421.DE,STANDARD_SUPPLY,CONT,DE-LU,2026-02-19T09:58:00Z,2026-02-20T23:59:59Z,SUBMITTED,
ACER-960955546,TRD-002384,A0003421.DE,STANDARD_SUPPLY,AUCT,DE-LU,2026-02-19T13:48:00Z,2026-02-20T23:59:59Z,SUBMITTED,
ACER-730348052,TRD-002385,A0003421.DE,STANDARD_SUPPLY,CONT,DE-LU,2026-02-19T06:12:00Z,2026-02-20T23:59:59Z,ACCEPTED,
ACER-816534391,TRD-002381,A0003421.DE,STANDARD_SUPPLY,CONT,DE-LU,2026-02-20T19:04:00Z,2026-02-21T23:59:59Z,ACCEPTED,
ACER-888190364,TRD-002382,A0003421.DE,STANDARD_SUPPLY,CONT,DE-LU,2026-02-20T20:00:00Z,2026-02-21T23:59:59Z,SUBMITTED,
ACER-505313133,TRD-002383,A0003421.DE,STANDARD_SUPPLY,CONT,DE-LU,2026-02-20T11:36:00Z,2026-02-21T23:59:59Z,ACCEPTED,
ACER-170884640,TRD-002384,A0003421.DE,TRANSPORTATION,AUCT,DE-LU,2026-02-20T09:10:00Z,2026-02-21T23:59:59Z,ACCEPTED,
ACER-687320814,TRD-002385,A0003421.DE,STANDARD_SUPPLY,CONT,DE-LU,2026-02-20T07:14:00Z,2026-02-21T23:59:59Z,SUBMITTED,
ACER-526773931,TRD-002386,A0003421.DE,STANDARD_SUPPLY,AUCT,DE-LU,2026-02-20T20:21:00Z,2026-02-21T23:59:59Z,ACCEPTED,
ACER-188057866,TRD-002387,A0003421.DE,TRANSPORTATION,CONT,DE-LU,2026-02-20T19:12:00Z,2026-02-21T23:59:59Z,ACCEPTED,
ACER-908081090,TRD-002388,A0003421.DE,TRANSPORTATION,AUCT,DE-LU,2026-02-20T16:48:00Z,2026-02-21T23:59:59Z,SUBMITTED,
ACER-850452201,TRD-002389,A0003421.DE,STANDARD_SUPPLY,AUCT,DE-LU,2026-02-20T07:30:00Z,2026-02-21T23:59:59Z,ACCEPTED,
ACER-476217848,TRD-002390,A0003421.DE,STANDARD_SUPPLY,CONT,DE-LU,2026-02-20T14:21:00Z,2026-02-21T23:59:59Z,SUBMITTED,
ACER-450159669,TRD-002391,A0003421.DE,STANDARD_SUPPLY,AUCT,DE-LU,2026-02-20T14:23:00Z,2026-02-21T23:59:59Z,SUBMITTED,
ACER-397266150,TRD-002392,A0003421.DE,TRANSPORTATION,CONT,DE-LU,2026-02-20T19:22:00Z,2026-02-21T23:59:59Z,ACCEPTED,
ACER-279199849,TRD-002393,A0003421.DE,STANDARD_SUPPLY,CONT,DE-LU,2026-02-20T22:52:00Z,2026-02-21T23:59:59Z,ACCEPTED,
ACER-546560007,TRD-002394,A0003421.DE,STANDARD_SUPPLY,CONT,DE-LU,2026-02-20T20:06:00Z,2026-02-21T23:59:59Z,ACCEPTED,
ACER-987287319,TRD-002395,A0003421.DE,STANDARD_SUPPLY,CONT,DE-LU,2026-02-20T06:52:00Z,2026-02-21T23:59:59Z,ACCEPTED,
ACER-899023459,TRD-002396,A0003421.DE,STANDARD_SUPPLY,CONT,DE-LU,2026-02-20T15:28:00Z,2026-02-21T23:59:59Z,ACCEPTED,
ACER-683789606,TRD-002397,A0003421.DE,STANDARD_SUPPLY,CONT,DE-LU,2026-02-20T12:27:00Z,2026-02-21T23:59:59Z,ACCEPTED,
ACER-151975564,TRD-002398,A0003421.DE,TRANSPORTATION,AUCT,DE-LU,2026-02-20T12:18:00Z,2026-02-21T23:59:59Z,SUBMITTED,
ACER-710212607,TRD-002399,A0003421.DE,STANDARD_SUPPLY,CONT,DE-LU,2026-02-20T14:44:00Z,2026-02-21T23:59:59Z,ACCEPTED,
ACER-967737211,TRD-002400,A0003421.DE,TRANSPORTATION,CONT,DE-LU,2026-02-20T16:52:00Z,2026-02-21T23:59:59Z,ACCEPTED,
ACER-135157671,TRD-002401,A0003421.DE,TRANSPORTATION,CONT,DE-LU,2026-02-20T15:53:00Z,2026-02-21T23:59:59Z,PENDING,
ACER-297145808,TRD-002402,A0003421.DE,STANDARD_SUPPLY,CONT,DE-LU,2026-02-20T10:57:00Z,2026-02-21T23:59:59Z,ACCEPTED,
ACER-523804066,TRD-002403,A0003421.DE,STANDARD_SUPPLY,AUCT,DE-LU,2026-02-20T09:42:00Z,2026-02-21T23:59:59Z,ACCEPTED,
ACER-221715425,TRD-002404,A0003421.DE,STANDARD_SUPPLY,CONT,DE-LU,2026-02-20T15:35:00Z,2026-02-21T23:59:59Z,SUBMITTED,
ACER-545197896,TRD-002405,A0003421.DE,TRANSPORTATION,AUCT,DE-LU,2026-02-20T21:35:00Z,2026-02-21T23:59:59Z,ACCEPTED,
ACER-761684477,TRD-002406,A0003421.DE,TRANSPORTATION,AUCT,DE-LU,2026-02-20T13:06:00Z,2026-02-21T23:59:59Z,ACCEPTED,
ACER-809421197,TRD-002411,A0003421.DE,TRANSPORTATION,CONT,DE-LU,2026-02-21T15:28:00Z,2026-02-22T23:59:59Z,ACCEPTED,
ACER-923251919,TRD-002412,A0003421.DE,TRANSPORTATION,CONT,DE-LU,2026-02-21T06:52:00Z,2026-02-22T23:59:59Z,ACCEPTED,
ACER-496332538,TRD-002413,A0003421.DE,TRANSPORTATION,CONT,DE-LU,2026-02-21T19:53:00Z,2026-02-22T23:59:59Z,ACCEPTED,
ACER-727231464,TRD-002414,A0003421.DE,STANDARD_SUPPLY,CONT,DE-LU,2026-02-21T07:09:00Z,2026-02-22T23:59:59Z,ACCEPTED,
ACER-935877796,TRD-002415,A0003421.DE,STANDARD_SUPPLY,CONT,DE-LU,2026-02-21T18:05:00Z,2026-02-22T23:59:59Z,REJECTED,MISSING_COUNTERPARTY_ID
ACER-622825363,TRD-002416,A0003421.DE,TRANSPORTATION,CONT,DE-LU,2026-02-21T13:33:00Z,2026-02-22T23:59:59Z,ACCEPTED,
ACER-983080643,TRD-002417,A0003421.DE,TRANSPORTATION,AUCT,DE-LU,2026-02-21T13:17:00Z,2026-02-22T23:59:59Z,PENDING,
ACER-965531077,TRD-002418,A0003421.DE,TRANSPORTATION,CONT,DE-LU,2026-02-21T12:46:00Z,2026-02-22T23:59:59Z,ACCEPTED,
ACER-567352928,TRD-002419,A0003421.DE,STANDARD_SUPPLY,CONT,DE-LU,2026-02-21T12:04:00Z,2026-02-22T23:59:59Z,PENDING,
ACER-460419563,TRD-002420,A0003421.DE,STANDARD_SUPPLY,CONT,DE-LU,2026-02-21T20:20:00Z,2026-02-22T23:59:59Z,ACCEPTED,
ACER-201121531,TRD-002421,A0003421.DE,STANDARD_SUPPLY,CONT,DE-LU,2026-02-21T14:35:00Z,2026-02-22T23:59:59Z,ACCEPTED,
ACER-218161520,TRD-002422,A0003421.DE,TRANSPORTATION,CONT,DE-LU,2026-02-21T17:01:00Z,2026-02-22T23:59:59Z,SUBMITTED,
ACER-689891218,TRD-002423,A0003421.DE,TRANSPORTATION,CONT,DE-LU,2026-02-21T22:51:00Z,2026-02-22T23:59:59Z,ACCEPTED,
ACER-573127250,TRD-002424,A0003421.DE,STANDARD_SUPPLY,CONT,DE-LU,2026-02-21T08:37:00Z,2026-02-22T23:59:59Z,SUBMITTED,
ACER-511832599,TRD-002425,A0003421.DE,STANDARD_SUPPLY,CONT,DE-LU,2026-02-21T17:24:00Z,2026-02-22T23:59:59Z,SUBMITTED,
ACER-370212812,TRD-002426,A0003421.DE,STANDARD_SUPPLY,CONT,DE-LU,2026-02-21T18:26:00Z,2026-02-22T23:59:59Z,ACCEPTED,
ACER-998355416,TRD-002427,A0003421.DE,TRANSPORTATION,AUCT,DE-LU,2026-02-21T18:10:00Z,2026-02-22T23:59:59Z,ACCEPTED,
ACER-473331462,TRD-002428,A0003421.DE,STANDARD_SUPPLY,CONT,DE-LU,2026-02-21T22:15:00Z,2026-02-22T23:59:59Z,ACCEPTED,
ACER-686802410,TRD-002429,A0003421.DE,STANDARD_SUPPLY,CONT,DE-LU,2026-02-21T12:23:00Z,2026-02-22T23:59:59Z,PENDING,
ACER-408080248,TRD-002430,A0003421.DE,STANDARD_SUPPLY,CONT,DE-LU,2026-02-21T16:19:00Z,2026-02-22T23:59:59Z,SUBMITTED,
ACER-407457875,TRD-002431,A0003421.DE,STANDARD_SUPPLY,CONT,DE-LU,2026-02-21T15:50:00Z,2026-02-22T23:59:59Z,PENDING,
ACER-956990202,TRD-002432,A0003421.DE,STANDARD_SUPPLY,CONT,DE-LU,2026-02-21T22:00:00Z,2026-02-22T23:59:59Z,SUBMITTED,
ACER-653898843,TRD-002433,A0003421.DE,TRANSPORTATION,AUCT,DE-LU,2026-02-21T20:38:00Z,2026-02-22T23:59:59Z,SUBMITTED,
ACER-669014035,TRD-002434,A0003421.DE,STANDARD_SUPPLY,CONT,DE-LU,2026-02-21T22:57:00Z,2026-02-22T23:59:59Z,SUBMITTED,
ACER-431080384,TRD-002435,A0003421.DE,STANDARD_SUPPLY,CONT,DE-LU,2026-02-21T11:39:00Z,2026-02-22T23:59:59Z,ACCEPTED,
ACER-641900613,TRD-002441,A0003421.DE,STANDARD_SUPPLY,CONT,DE-LU,2026-02-22T14:52:00Z,2026-02-23T23:59:59Z,ACCEPTED,
ACER-336720776,TRD-002442,A0003421.DE,STANDARD_SUPPLY,CONT,DE-LU,2026-02-22T12:09:00Z,2026-02-23T23:59:59Z,ACCEPTED,
ACER-813609508,TRD-002443,A0003421.DE,STANDARD_SUPPLY,AUCT,DE-LU,2026-02-22T12:42:00Z,2026-02-23T23:59:59Z,ACCEPTED,
ACER-473940796,TRD-002444,A0003421.DE,TRANSPORTATION,AUCT,DE-LU,2026-02-22T21:26:00Z,2026-02-23T23:59:59Z,ACCEPTED,
ACER-309756196,TRD-002445,A0003421.DE,STANDARD_SUPPLY,CONT,DE-LU,2026-02-22T17:29:00Z,2026-02-23T23:59:59Z,ACCEPTED,
ACER-802048563,TRD-002446,A0003421.DE,STANDARD_SUPPLY,AUCT,DE-LU,2026-02-22T19:59:00Z,2026-02-23T23:59:59Z,SUBMITTED,
ACER-609683085,TRD-002447,A0003421.DE,STANDARD_SUPPLY,CONT,DE-LU,2026-02-22T22:30:00Z,2026-02-23T23:59:59Z,ACCEPTED,
ACER-737272933,TRD-002448,A0003421.DE,STANDARD_SUPPLY,AUCT,DE-LU,2026-02-22T16:50:00Z,2026-02-23T23:59:59Z,ACCEPTED,
ACER-132556124,TRD-002449,A0003421.DE,STANDARD_SUPPLY,CONT,DE-LU,2026-02-22T14:59:00Z,2026-02-23T23:59:59Z,ACCEPTED,
ACER-339983164,TRD-002450,A0003421.DE,STANDARD_SUPPLY,AUCT,DE-LU,2026-02-22T17:30:00Z,2026-02-23T23:59:59Z,ACCEPTED,
ACER-428903586,TRD-002451,A0003421.DE,STANDARD_SUPPLY,CONT,DE-LU,2026-02-22T13:45:00Z,2026-02-23T23:59:59Z,ACCEPTED,
ACER-351097779,TRD-002452,A0003421.DE,STANDARD_SUPPLY,AUCT,DE-LU,2026-02-22T16:01:00Z,2026-02-23T23:59:59Z,ACCEPTED,
ACER-751425078,TRD-002453,A0003421.DE,STANDARD_SUPPLY,CONT,DE-LU,2026-02-22T09:52:00Z,2026-02-23T23:59:59Z,ACCEPTED,
ACER-703279322,TRD-002454,A0003421.DE,STANDARD_SUPPLY,CONT,DE-LU,2026-02-22T20:17:00Z,2026-02-23T23:59:59Z,SUBMITTED,
ACER-372188495,TRD-002455,A0003421.DE,STANDARD_SUPPLY,AUCT,DE-LU,2026-02-22T18:57:00Z,2026-02-23T23:59:59Z,ACCEPTED,
ACER-145926445,TRD-002456,A0003421.DE,STANDARD_SUPPLY,CONT,DE-LU,2026-02-22T17:33:00Z,2026-02-23T23:59:59Z,ACCEPTED,
ACER-471252583,TRD-002457,A0003421.DE,TRANSPORTATION,CONT,DE-LU,2026-02-22T20:20:00Z,2026-02-23T23:59:59Z,PENDING,
ACER-634613094,TRD-002458,A0003421.DE,TRANSPORTATION,CONT,DE-LU,2026-02-22T16:10:00Z,2026-02-23T23:59:59Z,REJECTED,INVALID_DELIVERY_POINT
ACER-490344615,TRD-002459,A0003421.DE,STANDARD_SUPPLY,AUCT,DE-LU,2026-02-22T20:49:00Z,2026-02-23T23:59:59Z,ACCEPTED,
ACER-624690515,TRD-002460,A0003421.DE,STANDARD_SUPPLY,AUCT,DE-LU,2026-02-22T21:11:00Z,2026-02-23T23:59:59Z,SUBMITTED,
ACER-551541019,TRD-002461,A0003421.DE,STANDARD_SUPPLY,AUCT,DE-LU,2026-02-22T13:33:00Z,2026-02-23T23:59:59Z,SUBMITTED,
ACER-876463278,TRD-002462,A0003421.DE,STANDARD_SUPPLY,CONT,DE-LU,2026-02-22T11:49:00Z,2026-02-23T23:59:59Z,ACCEPTED,
ACER-894118244,TRD-002463,A0003421.DE,STANDARD_SUPPLY,CONT,DE-LU,2026-02-22T10:53:00Z,2026-02-23T23:59:59Z,ACCEPTED,
ACER-308947635,TRD-002464,A0003421.DE,STANDARD_SUPPLY,CONT,DE-LU,2026-02-22T06:43:00Z,2026-02-23T23:59:59Z,SUBMITTED,
ACER-229310063,TRD-002465,A0003421.DE,STANDARD_SUPPLY,AUCT,DE-LU,2026-02-22T21:07:00Z,2026-02-23T23:59:59Z,ACCEPTED,
ACER-401239858,TRD-002466,A0003421.DE,STANDARD_SUPPLY,AUCT,DE-LU,2026-02-22T22:56:00Z,2026-02-23T23:59:59Z,SUBMITTED,
ACER-723731534,TRD-002467,A0003421.DE,TRANSPORTATION,AUCT,DE-LU,2026-02-22T08:47:00Z,2026-02-23T23:59:59Z,ACCEPTED,
ACER-698791715,TRD-002468,A0003421.DE,STANDARD_SUPPLY,CONT,DE-LU,2026-02-22T19:55:00Z,2026-02-23T23:59:59Z,SUBMITTED,
ACER-606964057,TRD-002469,A0003421.DE,STANDARD_SUPPLY,CONT,DE-LU,2026-02-22T06:42:00Z,2026-02-23T23:59:59Z,ACCEPTED,
ACER-370628479,TRD-002470,A0003421.DE,STANDARD_SUPPLY,CONT,DE-LU,2026-02-22T13:06:00Z,2026-02-23T23:59:59Z,ACCEPTED,
ACER-743411472,TRD-002471,A0003421.DE,STANDARD_SUPPLY,CONT,DE-LU,2026-02-22T22:35:00Z,2026-02-23T23:59:59Z,ACCEPTED,
ACER-166628939,TRD-002472,A0003421.DE,STANDARD_SUPPLY,CONT,DE-LU,2026-02-22T10:01:00Z,2026-02-23T23:59:59Z,ACCEPTED,
ACER-979527181,TRD-002473,A0003421.DE,STANDARD_SUPPLY,CONT,DE-LU,2026-02-22T13:55:00Z,2026-02-23T23:59:59Z,SUBMITTED,
ACER-637861757,TRD-002471,A0003421.DE,STANDARD_SUPPLY,CONT,DE-LU,2026-02-23T10:37:00Z,2026-02-24T23:59:59Z,ACCEPTED,
ACER-885856719,TRD-002472,A0003421.DE,STANDARD_SUPPLY,CONT,DE-LU,2026-02-23T19:25:00Z,2026-02-24T23:59:59Z,ACCEPTED,
ACER-941330352,TRD-002473,A0003421.DE,STANDARD_SUPPLY,CONT,DE-LU,2026-02-23T18:50:00Z,2026-02-24T23:59:59Z,ACCEPTED,
ACER-959312028,TRD-002474,A0003421.DE,STANDARD_SUPPLY,AUCT,DE-LU,2026-02-23T10:54:00Z,2026-02-24T23:59:59Z,ACCEPTED,
ACER-716889747,TRD-002475,A0003421.DE,STANDARD_SUPPLY,CONT,DE-LU,2026-02-23T16:29:00Z,2026-02-24T23:59:59Z,ACCEPTED,
ACER-249603979,TRD-002476,A0003421.DE,STANDARD_SUPPLY,CONT,DE-LU,2026-02-23T14:15:00Z,2026-02-24T23:59:59Z,SUBMITTED,
ACER-393234550,TRD-002477,A0003421.DE,STANDARD_SUPPLY,CONT,DE-LU,2026-02-23T12:08:00Z,2026-02-24T23:59:59Z,REJECTED,TIMESTAMP_FORMAT_ERROR
ACER-951519555,TRD-002478,A0003421.DE,STANDARD_SUPPLY,CONT,DE-LU,2026-02-23T19:33:00Z,2026-02-24T23:59:59Z,ACCEPTED,
ACER-272935046,TRD-002479,A0003421.DE,STANDARD_SUPPLY,CONT,DE-LU,2026-02-23T06:33:00Z,2026-02-24T23:59:59Z,PENDING,
ACER-227359548,TRD-002480,A0003421.DE,STANDARD_SUPPLY,CONT,DE-LU,2026-02-23T07:46:00Z,2026-02-24T23:59:59Z,SUBMITTED,
ACER-248280507,TRD-002481,A0003421.DE,STANDARD_SUPPLY,CONT,DE-LU,2026-02-23T08:09:00Z,2026-02-24T23:59:59Z,ACCEPTED,
ACER-795216465,TRD-002482,A0003421.DE,STANDARD_SUPPLY,AUCT,DE-LU,2026-02-23T16:53:00Z,2026-02-24T23:59:59Z,ACCEPTED,
ACER-736304615,TRD-002483,A0003421.DE,STANDARD_SUPPLY,CONT,DE-LU,2026-02-23T18:39:00Z,2026-02-24T23:59:59Z,ACCEPTED,
ACER-715215585,TRD-002484,A0003421.DE,TRANSPORTATION,CONT,DE-LU,2026-02-23T10:04:00Z,2026-02-24T23:59:59Z,ACCEPTED,
ACER-386363913,TRD-002485,A0003421.DE,TRANSPORTATION,CONT,DE-LU,2026-02-23T18:00:00Z,2026-02-24T23:59:59Z,ACCEPTED,
ACER-600896003,TRD-002486,A0003421.DE,STANDARD_SUPPLY,CONT,DE-LU,2026-02-23T20:17:00Z,2026-02-24T23:59:59Z,ACCEPTED,
ACER-160933694,TRD-002487,A0003421.DE,STANDARD_SUPPLY,CONT,DE-LU,2026-02-23T06:44:00Z,2026-02-24T23:59:59Z,SUBMITTED,
ACER-791642610,TRD-002488,A0003421.DE,TRANSPORTATION,CONT,DE-LU,2026-02-23T20:24:00Z,2026-02-24T23:59:59Z,ACCEPTED,
ACER-432835179,TRD-002489,A0003421.DE,TRANSPORTATION,AUCT,DE-LU,2026-02-23T20:43:00Z,2026-02-24T23:59:59Z,SUBMITTED,
ACER-489726231,TRD-002490,A0003421.DE,TRANSPORTATION,CONT,DE-LU,2026-02-23T12:13:00Z,2026-02-24T23:59:59Z,ACCEPTED,
ACER-950026951,TRD-002491,A0003421.DE,STANDARD_SUPPLY,CONT,DE-LU,2026-02-23T12:27:00Z,2026-02-24T23:59:59Z,ACCEPTED,
ACER-505368550,TRD-002492,A0003421.DE,TRANSPORTATION,CONT,DE-LU,2026-02-23T21:59:00Z,2026-02-24T23:59:59Z,ACCEPTED,
ACER-569786761,TRD-002501,A0003421.DE,TRANSPORTATION,CONT,DE-LU,2026-02-24T12:07:00Z,2026-02-25T23:59:59Z,ACCEPTED,
ACER-196054130,TRD-002502,A0003421.DE,STANDARD_SUPPLY,AUCT,DE-LU,2026-02-24T19:50:00Z,2026-02-25T23:59:59Z,ACCEPTED,
ACER-459162151,TRD-002503,A0003421.DE,STANDARD_SUPPLY,CONT,DE-LU,2026-02-24T17:13:00Z,2026-02-25T23:59:59Z,ACCEPTED,
ACER-622369093,TRD-002504,A0003421.DE,STANDARD_SUPPLY,CONT,DE-LU,2026-02-24T18:47:00Z,2026-02-25T23:59:59Z,ACCEPTED,
ACER-886855409,TRD-002505,A0003421.DE,STANDARD_SUPPLY,AUCT,DE-LU,2026-02-24T08:38:00Z,2026-02-25T23:59:59Z,ACCEPTED,
ACER-641499862,TRD-002506,A0003421.DE,STANDARD_SUPPLY,AUCT,DE-LU,2026-02-24T13:38:00Z,2026-02-25T23:59:59Z,ACCEPTED,
ACER-534024118,TRD-002507,A0003421.DE,STANDARD_SUPPLY,AUCT,DE-LU,2026-02-24T09:45:00Z,2026-02-25T23:59:59Z,ACCEPTED,
ACER-466603732,TRD-002508,A0003421.DE,STANDARD_SUPPLY,CONT,DE-LU,2026-02-24T15:14:00Z,2026-02-25T23:59:59Z,SUBMITTED,
ACER-715832457,TRD-002509,A0003421.DE,STANDARD_SUPPLY,CONT,DE-LU,2026-02-24T21:37:00Z,2026-02-25T23:59:59Z,ACCEPTED,
ACER-881660938,TRD-002510,A0003421.DE,STANDARD_SUPPLY,AUCT,DE-LU,2026-02-24T14:00:00Z,2026-02-25T23:59:59Z,ACCEPTED,
ACER-469604681,TRD-002511,A0003421.DE,STANDARD_SUPPLY,CONT,DE-LU,2026-02-24T20:49:00Z,2026-02-25T23:59:59Z,ACCEPTED,
ACER-523686272,TRD-002512,A0003421.DE,STANDARD_SUPPLY,CONT,DE-LU,2026-02-24T17:56:00Z,2026-02-25T23:59:59Z,ACCEPTED,
ACER-997915715,TRD-002513,A0003421.DE,STANDARD_SUPPLY,CONT,DE-LU,2026-02-24T21:00:00Z,2026-02-25T23:59:59Z,ACCEPTED,
ACER-692562085,TRD-002514,A0003421.DE,TRANSPORTATION,AUCT,DE-LU,2026-02-24T15:09:00Z,2026-02-25T23:59:59Z,ACCEPTED,
ACER-592745385,TRD-002515,A0003421.DE,STANDARD_SUPPLY,CONT,DE-LU,2026-02-24T10:04:00Z,2026-02-25T23:59:59Z,PENDING,
ACER-285106068,TRD-002516,A0003421.DE,STANDARD_SUPPLY,AUCT,DE-LU,2026-02-24T11:19:00Z,2026-02-25T23:59:59Z,ACCEPTED,
ACER-740123382,TRD-002517,A0003421.DE,STANDARD_SUPPLY,CONT,DE-LU,2026-02-24T20:53:00Z,2026-02-25T23:59:59Z,ACCEPTED,
ACER-902287178,TRD-002518,A0003421.DE,TRANSPORTATION,CONT,DE-LU,2026-02-24T19:16:00Z,2026-02-25T23:59:59Z,ACCEPTED,
ACER-197027555,TRD-002519,A0003421.DE,STANDARD_SUPPLY,AUCT,DE-LU,2026-02-24T16:06:00Z,2026-02-25T23:59:59Z,ACCEPTED,
ACER-197197126,TRD-002520,A0003421.DE,TRANSPORTATION,CONT,DE-LU,2026-02-24T07:53:00Z,2026-02-25T23:59:59Z,SUBMITTED,
ACER-272286570,TRD-002521,A0003421.DE,TRANSPORTATION,CONT,DE-LU,2026-02-24T13:01:00Z,2026-02-25T23:59:59Z,ACCEPTED,
ACER-386825679,TRD-002522,A0003421.DE,STANDARD_SUPPLY,CONT,DE-LU,2026-02-24T16:47:00Z,2026-02-25T23:59:59Z,PENDING,
ACER-567766550,TRD-002523,A0003421.DE,TRANSPORTATION,AUCT,DE-LU,2026-02-24T06:53:00Z,2026-02-25T23:59:59Z,SUBMITTED,
ACER-324712399,TRD-002524,A0003421.DE,STANDARD_SUPPLY,CONT,DE-LU,2026-02-24T20:42:00Z,2026-02-25T23:59:59Z,SUBMITTED,
ACER-580640989,TRD-002525,A0003421.DE,TRANSPORTATION,CONT,DE-LU,2026-02-24T10:27:00Z,2026-02-25T23:59:59Z,PENDING,
ACER-955287291,TRD-002526,A0003421.DE,STANDARD_SUPPLY,CONT,DE-LU,2026-02-24T06:07:00Z,2026-02-25T23:59:59Z,ACCEPTED,
ACER-113653591,TRD-002531,A0003421.DE,STANDARD_SUPPLY,CONT,DE-LU,2026-02-25T11:05:00Z,2026-02-26T23:59:59Z,ACCEPTED,
ACER-491026593,TRD-002532,A0003421.DE,TRANSPORTATION,CONT,DE-LU,2026-02-25T15:06:00Z,2026-02-26T23:59:59Z,ACCEPTED,
ACER-620123660,TRD-002533,A0003421.DE,STANDARD_SUPPLY,AUCT,DE-LU,2026-02-25T11:44:00Z,2026-02-26T23:59:59Z,ACCEPTED,
ACER-392616465,TRD-002534,A0003421.DE,STANDARD_SUPPLY,CONT,DE-LU,2026-02-25T18:23:00Z,2026-02-26T23:59:59Z,ACCEPTED,
ACER-345021911,TRD-002535,A0003421.DE,TRANSPORTATION,CONT,DE-LU,2026-02-25T19:08:00Z,2026-02-26T23:59:59Z,ACCEPTED,
ACER-738280158,TRD-002536,A0003421.DE,TRANSPORTATION,CONT,DE-LU,2026-02-25T14:46:00Z,2026-02-26T23:59:59Z,REJECTED,MISSING_COUNTERPARTY_ID
ACER-200722845,TRD-002537,A0003421.DE,STANDARD_SUPPLY,CONT,DE-LU,2026-02-25T17:22:00Z,2026-02-26T23:59:59Z,ACCEPTED,
ACER-137183546,TRD-002538,A0003421.DE,STANDARD_SUPPLY,CONT,DE-LU,2026-02-25T13:46:00Z,2026-02-26T23:59:59Z,ACCEPTED,
ACER-578169010,TRD-002539,A0003421.DE,STANDARD_SUPPLY,CONT,DE-LU,2026-02-25T11:36:00Z,2026-02-26T23:59:59Z,ACCEPTED,
ACER-438908914,TRD-002540,A0003421.DE,TRANSPORTATION,AUCT,DE-LU,2026-02-25T13:23:00Z,2026-02-26T23:59:59Z,ACCEPTED,
ACER-997537576,TRD-002541,A0003421.DE,STANDARD_SUPPLY,CONT,DE-LU,2026-02-25T16:23:00Z,2026-02-26T23:59:59Z,ACCEPTED,
ACER-642645588,TRD-002542,A0003421.DE,TRANSPORTATION,CONT,DE-LU,2026-02-25T08:52:00Z,2026-02-26T23:59:59Z,ACCEPTED,
ACER-160829567,TRD-002543,A0003421.DE,TRANSPORTATION,CONT,DE-LU,2026-02-25T06:55:00Z,2026-02-26T23:59:59Z,SUBMITTED,
ACER-540158256,TRD-002544,A0003421.DE,TRANSPORTATION,CONT,DE-LU,2026-02-25T17:53:00Z,2026-02-26T23:59:59Z,ACCEPTED,
ACER-959909527,TRD-002545,A0003421.DE,TRANSPORTATION,CONT,DE-LU,2026-02-25T11:38:00Z,2026-02-26T23:59:59Z,ACCEPTED,
ACER-762259384,TRD-002561,A0003421.DE,STANDARD_SUPPLY,AUCT,DE-LU,2026-02-26T22:04:00Z,2026-02-27T23:59:59Z,PENDING,
ACER-943532552,TRD-002562,A0003421.DE,STANDARD_SUPPLY,CONT,DE-LU,2026-02-26T15:35:00Z,2026-02-27T23:59:59Z,ACCEPTED,
ACER-674171470,TRD-002563,A0003421.DE,STANDARD_SUPPLY,CONT,DE-LU,2026-02-26T19:35:00Z,2026-02-27T23:59:59Z,ACCEPTED,
ACER-587717364,TRD-002564,A0003421.DE,STANDARD_SUPPLY,CONT,DE-LU,2026-02-26T21:47:00Z,2026-02-27T23:59:59Z,SUBMITTED,
ACER-873096754,TRD-002565,A0003421.DE,TRANSPORTATION,CONT,DE-LU,2026-02-26T17:55:00Z,2026-02-27T23:59:59Z,ACCEPTED,
ACER-534473947,TRD-002566,A0003421.DE,STANDARD_SUPPLY,CONT,DE-LU,2026-02-26T10:05:00Z,2026-02-27T23:59:59Z,PENDING,
ACER-915552455,TRD-002567,A0003421.DE,STANDARD_SUPPLY,CONT,DE-LU,2026-02-26T21:10:00Z,2026-02-27T23:59:59Z,ACCEPTED,
ACER-270163630,TRD-002568,A0003421.DE,STANDARD_SUPPLY,CONT,DE-LU,2026-02-26T12:50:00Z,2026-02-27T23:59:59Z,ACCEPTED,
ACER-233610526,TRD-002569,A0003421.DE,STANDARD_SUPPLY,CONT,DE-LU,2026-02-26T12:09:00Z,2026-02-27T23:59:59Z,ACCEPTED,
ACER-492494584,TRD-002570,A0003421.DE,STANDARD_SUPPLY,CONT,DE-LU,2026-02-26T08:19:00Z,2026-02-27T23:59:59Z,SUBMITTED,
ACER-863523068,TRD-002571,A0003421.DE,STANDARD_SUPPLY,CONT,DE-LU,2026-02-26T06:56:00Z,2026-02-27T23:59:59Z,ACCEPTED,
ACER-547989268,TRD-002572,A0003421.DE,TRANSPORTATION,CONT,DE-LU,2026-02-26T07:13:00Z,2026-02-27T23:59:59Z,SUBMITTED,
ACER-758062608,TRD-002573,A0003421.DE,STANDARD_SUPPLY,AUCT,DE-LU,2026-02-26T09:04:00Z,2026-02-27T23:59:59Z,SUBMITTED,
ACER-421805884,TRD-002574,A0003421.DE,STANDARD_SUPPLY,CONT,DE-LU,2026-02-26T14:14:00Z,2026-02-27T23:59:59Z,PENDING,
ACER-906659721,TRD-002575,A0003421.DE,STANDARD_SUPPLY,CONT,DE-LU,2026-02-26T13:39:00Z,2026-02-27T23:59:59Z,ACCEPTED,
ACER-588222634,TRD-002576,A0003421.DE,TRANSPORTATION,CONT,DE-LU,2026-02-26T16:58:00Z,2026-02-27T23:59:59Z,SUBMITTED,
ACER-885707435,TRD-002577,A0003421.DE,STANDARD_SUPPLY,CONT,DE-LU,2026-02-26T14:49:00Z,2026-02-27T23:59:59Z,ACCEPTED,
ACER-827929927,TRD-002578,A0003421.DE,STANDARD_SUPPLY,CONT,DE-LU,2026-02-26T06:53:00Z,2026-02-27T23:59:59Z,SUBMITTED,
ACER-398552364,TRD-002579,A0003421.DE,STANDARD_SUPPLY,CONT,DE-LU,2026-02-26T09:33:00Z,2026-02-27T23:59:59Z,ACCEPTED,
ACER-861539943,TRD-002580,A0003421.DE,TRANSPORTATION,CONT,DE-LU,2026-02-26T06:40:00Z,2026-02-27T23:59:59Z,ACCEPTED,
ACER-530298575,TRD-002581,A0003421.DE,STANDARD_SUPPLY,AUCT,DE-LU,2026-02-26T20:08:00Z,2026-02-27T23:59:59Z,ACCEPTED,
ACER-974369726,TRD-002591,A0003421.DE,STANDARD_SUPPLY,CONT,DE-LU,2026-02-27T16:34:00Z,2026-02-28T23:59:59Z,ACCEPTED,
ACER-791755810,TRD-002592,A0003421.DE,TRANSPORTATION,CONT,DE-LU,2026-02-27T20:30:00Z,2026-02-28T23:59:59Z,SUBMITTED,
ACER-182863785,TRD-002593,A0003421.DE,STANDARD_SUPPLY,AUCT,DE-LU,2026-02-27T17:42:00Z,2026-02-28T23:59:59Z,SUBMITTED,
ACER-328913450,TRD-002594,A0003421.DE,STANDARD_SUPPLY,CONT,DE-LU,2026-02-27T17:34:00Z,2026-02-28T23:59:59Z,ACCEPTED,
ACER-731860661,TRD-002595,A0003421.DE,TRANSPORTATION,AUCT,DE-LU,2026-02-27T07:31:00Z,2026-02-28T23:59:59Z,PENDING,
ACER-689612897,TRD-002596,A0003421.DE,STANDARD_SUPPLY,CONT,DE-LU,2026-02-27T06:35:00Z,2026-02-28T23:59:59Z,ACCEPTED,
ACER-907625062,TRD-002597,A0003421.DE,STANDARD_SUPPLY,CONT,DE-LU,2026-02-27T14:38:00Z,2026-02-28T23:59:59Z,ACCEPTED,
ACER-967119153,TRD-002598,A0003421.DE,TRANSPORTATION,CONT,DE-LU,2026-02-27T15:20:00Z,2026-02-28T23:59:59Z,ACCEPTED,
ACER-470486606,TRD-002599,A0003421.DE,STANDARD_SUPPLY,CONT,DE-LU,2026-02-27T08:27:00Z,2026-02-28T23:59:59Z,ACCEPTED,
ACER-309872406,TRD-002600,A0003421.DE,STANDARD_SUPPLY,CONT,DE-LU,2026-02-27T12:05:00Z,2026-02-28T23:59:59Z,ACCEPTED,
ACER-289274037,TRD-002601,A0003421.DE,STANDARD_SUPPLY,CONT,DE-LU,2026-02-27T10:15:00Z,2026-02-28T23:59:59Z,ACCEPTED,
ACER-244164470,TRD-002602,A0003421.DE,STANDARD_SUPPLY,CONT,DE-LU,2026-02-27T18:36:00Z,2026-02-28T23:59:59Z,ACCEPTED,
ACER-347427842,TRD-002603,A0003421.DE,TRANSPORTATION,AUCT,DE-LU,2026-02-27T11:15:00Z,2026-02-28T23:59:59Z,ACCEPTED,
ACER-953256387,TRD-002604,A0003421.DE,STANDARD_SUPPLY,CONT,DE-LU,2026-02-27T16:15:00Z,2026-02-28T23:59:59Z,ACCEPTED,
ACER-140842144,TRD-002605,A0003421.DE,TRANSPORTATION,CONT,DE-LU,2026-02-27T20:51:00Z,2026-02-28T23:59:59Z,ACCEPTED,
ACER-920631484,TRD-002606,A0003421.DE,STANDARD_SUPPLY,CONT,DE-LU,2026-02-27T19:30:00Z,2026-02-28T23:59:59Z,ACCEPTED,
ACER-374075132,TRD-002607,A0003421.DE,TRANSPORTATION,CONT,DE-LU,2026-02-27T06:04:00Z,2026-02-28T23:59:59Z,SUBMITTED,
ACER-296476549,TRD-002608,A0003421.DE,STANDARD_SUPPLY,AUCT,DE-LU,2026-02-27T16:22:00Z,2026-02-28T23:59:59Z,SUBMITTED,
ACER-878929502,TRD-002609,A0003421.DE,STANDARD_SUPPLY,CONT,DE-LU,2026-02-27T11:35:00Z,2026-02-28T23:59:59Z,SUBMITTED,
ACER-422717958,TRD-002610,A0003421.DE,STANDARD_SUPPLY,CONT,DE-LU,2026-02-27T17:12:00Z,2026-02-28T23:59:59Z,PENDING,
ACER-875919716,TRD-002611,A0003421.DE,TRANSPORTATION,CONT,DE-LU,2026-02-27T10:51:00Z,2026-02-28T23:59:59Z,SUBMITTED,
ACER-845344320,TRD-002612,A0003421.DE,STANDARD_SUPPLY,AUCT,DE-LU,2026-02-27T17:39:00Z,2026-02-28T23:59:59Z,SUBMITTED,
ACER-915749093,TRD-002613,A0003421.DE,STANDARD_SUPPLY,CONT,DE-LU,2026-02-27T18:16:00Z,2026-02-28T23:59:59Z,ACCEPTED,
ACER-254863770,TRD-002614,A0003421.DE,STANDARD_SUPPLY,CONT,DE-LU,2026-02-27T19:38:00Z,2026-02-28T23:59:59Z,ACCEPTED,
ACER-996467746,TRD-002615,A0003421.DE,STANDARD_SUPPLY,AUCT,DE-LU,2026-02-27T07:51:00Z,2026-02-28T23:59:59Z,ACCEPTED,
ACER-391591260,TRD-002616,A0003421.DE,TRANSPORTATION,CONT,DE-LU,2026-02-27T06:18:00Z,2026-02-28T23:59:59Z,SUBMITTED,
ACER-193899722,TRD-002617,A0003421.DE,TRANSPORTATION,CONT,DE-LU,2026-02-27T19:55:00Z,2026-02-28T23:59:59Z,ACCEPTED,
ACER-656238216,TRD-002618,A0003421.DE,TRANSPORTATION,CONT,DE-LU,2026-02-27T20:22:00Z,2026-02-28T23:59:59Z,ACCEPTED,
ACER-101671777,TRD-002619,A0003421.DE,STANDARD_SUPPLY,CONT,DE-LU,2026-02-27T15:25:00Z,2026-02-28T23:59:59Z,PENDING,
ACER-144183580,TRD-002620,A0003421.DE,STANDARD_SUPPLY,AUCT,DE-LU,2026-02-27T21:36:00Z,2026-02-28T23:59:59Z,ACCEPTED,
ACER-802662592,TRD-002621,A0003421.DE,STANDARD_SUPPLY,AUCT,DE-LU,2026-02-27T16:31:00Z,2026-02-28T23:59:59Z,PENDING,
ACER-941530588,TRD-002622,A0003421.DE,STANDARD_SUPPLY,CONT,DE-LU,2026-02-27T13:01:00Z,2026-02-28T23:59:59Z,PENDING,
ACER-302481689,TRD-002623,A0003421.DE,TRANSPORTATION,CONT,DE-LU,2026-02-27T10:59:00Z,2026-02-28T23:59:59Z,REJECTED,VOLUME_MISMATCH
ACER-284795646,TRD-002621,A0003421.DE,TRANSPORTATION,CONT,DE-LU,2026-02-28T06:19:00Z,2026-03-01T23:59:59Z,ACCEPTED,
ACER-269304076,TRD-002622,A0003421.DE,TRANSPORTATION,AUCT,DE-LU,2026-02-28T07:20:00Z,2026-03-01T23:59:59Z,ACCEPTED,
ACER-254101523,TRD-002623,A0003421.DE,TRANSPORTATION,CONT,DE-LU,2026-02-28T14:23:00Z,2026-03-01T23:59:59Z,ACCEPTED,
ACER-492522967,TRD-002624,A0003421.DE,STANDARD_SUPPLY,CONT,DE-LU,2026-02-28T15:16:00Z,2026-03-01T23:59:59Z,ACCEPTED,
ACER-527852566,TRD-002625,A0003421.DE,TRANSPORTATION,CONT,DE-LU,2026-02-28T14:25:00Z,2026-03-01T23:59:59Z,ACCEPTED,
ACER-480127165,TRD-002626,A0003421.DE,TRANSPORTATION,AUCT,DE-LU,2026-02-28T09:13:00Z,2026-03-01T23:59:59Z,ACCEPTED,
ACER-588628066,TRD-002627,A0003421.DE,STANDARD_SUPPLY,AUCT,DE-LU,2026-02-28T19:52:00Z,2026-03-01T23:59:59Z,ACCEPTED,
ACER-515802355,TRD-002628,A0003421.DE,TRANSPORTATION,CONT,DE-LU,2026-02-28T15:21:00Z,2026-03-01T23:59:59Z,SUBMITTED,
ACER-858137540,TRD-002629,A0003421.DE,STANDARD_SUPPLY,CONT,DE-LU,2026-02-28T10:51:00Z,2026-03-01T23:59:59Z,ACCEPTED,
ACER-963521010,TRD-002630,A0003421.DE,TRANSPORTATION,CONT,DE-LU,2026-02-28T09:40:00Z,2026-03-01T23:59:59Z,ACCEPTED,
ACER-257123738,TRD-002631,A0003421.DE,STANDARD_SUPPLY,AUCT,DE-LU,2026-02-28T22:01:00Z,2026-03-01T23:59:59Z,ACCEPTED,
ACER-633427801,TRD-002632,A0003421.DE,STANDARD_SUPPLY,CONT,DE-LU,2026-02-28T21:21:00Z,2026-03-01T23:59:59Z,PENDING,
ACER-218622682,TRD-002633,A0003421.DE,STANDARD_SUPPLY,CONT,DE-LU,2026-02-28T13:33:00Z,2026-03-01T23:59:59Z,SUBMITTED,
ACER-959428867,TRD-002634,A0003421.DE,STANDARD_SUPPLY,CONT,DE-LU,2026-02-28T16:29:00Z,2026-03-01T23:59:59Z,ACCEPTED,
ACER-991882395,TRD-002635,A0003421.DE,STANDARD_SUPPLY,CONT,DE-LU,2026-02-28T17:46:00Z,2026-03-01T23:59:59Z,ACCEPTED,
ACER-874663989,TRD-002636,A0003421.DE,STANDARD_SUPPLY,AUCT,DE-LU,2026-02-28T16:41:00Z,2026-03-01T23:59:59Z,ACCEPTED,
ACER-998295772,TRD-002651,A0003421.DE,STANDARD_SUPPLY,AUCT,DE-LU,2026-03-01T22:13:00Z,2026-03-02T23:59:59Z,ACCEPTED,
ACER-793141349,TRD-002652,A0003421.DE,STANDARD_SUPPLY,CONT,DE-LU,2026-03-01T14:54:00Z,2026-03-02T23:59:59Z,ACCEPTED,
ACER-149151822,TRD-002653,A0003421.DE,STANDARD_SUPPLY,CONT,DE-LU,2026-03-01T10:07:00Z,2026-03-02T23:59:59Z,ACCEPTED,
ACER-213998198,TRD-002654,A0003421.DE,TRANSPORTATION,CONT,DE-LU,2026-03-01T18:39:00Z,2026-03-02T23:59:59Z,ACCEPTED,
ACER-738742205,TRD-002655,A0003421.DE,STANDARD_SUPPLY,CONT,DE-LU,2026-03-01T19:33:00Z,2026-03-02T23:59:59Z,ACCEPTED,
ACER-174106669,TRD-002656,A0003421.DE,STANDARD_SUPPLY,CONT,DE-LU,2026-03-01T14:57:00Z,2026-03-02T23:59:59Z,ACCEPTED,
ACER-484521505,TRD-002657,A0003421.DE,STANDARD_SUPPLY,CONT,DE-LU,2026-03-01T17:58:00Z,2026-03-02T23:59:59Z,ACCEPTED,
ACER-427682268,TRD-002658,A0003421.DE,STANDARD_SUPPLY,AUCT,DE-LU,2026-03-01T15:10:00Z,2026-03-02T23:59:59Z,SUBMITTED,
ACER-866204759,TRD-002659,A0003421.DE,TRANSPORTATION,AUCT,DE-LU,2026-03-01T16:10:00Z,2026-03-02T23:59:59Z,ACCEPTED,
ACER-444657991,TRD-002660,A0003421.DE,STANDARD_SUPPLY,CONT,DE-LU,2026-03-01T21:53:00Z,2026-03-02T23:59:59Z,REJECTED,MISSING_COUNTERPARTY_ID
ACER-623948850,TRD-002661,A0003421.DE,STANDARD_SUPPLY,CONT,DE-LU,2026-03-01T11:15:00Z,2026-03-02T23:59:59Z,ACCEPTED,
ACER-260386559,TRD-002662,A0003421.DE,STANDARD_SUPPLY,CONT,DE-LU,2026-03-01T11:21:00Z,2026-03-02T23:59:59Z,SUBMITTED,
ACER-249222813,TRD-002663,A0003421.DE,STANDARD_SUPPLY,CONT,DE-LU,2026-03-01T10:45:00Z,2026-03-02T23:59:59Z,ACCEPTED,
ACER-521664776,TRD-002664,A0003421.DE,TRANSPORTATION,CONT,DE-LU,2026-03-01T22:20:00Z,2026-03-02T23:59:59Z,ACCEPTED,
ACER-694312429,TRD-002665,A0003421.DE,TRANSPORTATION,CONT,DE-LU,2026-03-01T11:01:00Z,2026-03-02T23:59:59Z,ACCEPTED,
ACER-191135159,TRD-002666,A0003421.DE,STANDARD_SUPPLY,CONT,DE-LU,2026-03-01T14:49:00Z,2026-03-02T23:59:59Z,ACCEPTED,
ACER-442867174,TRD-002667,A0003421.DE,TRANSPORTATION,CONT,DE-LU,2026-03-01T08:06:00Z,2026-03-02T23:59:59Z,ACCEPTED,
ACER-270545355,TRD-002681,A0003421.DE,STANDARD_SUPPLY,CONT,DE-LU,2026-03-02T06:19:00Z,2026-03-03T23:59:59Z,ACCEPTED,
ACER-200627349,TRD-002682,A0003421.DE,STANDARD_SUPPLY,AUCT,DE-LU,2026-03-02T10:02:00Z,2026-03-03T23:59:59Z,ACCEPTED,
ACER-166556629,TRD-002683,A0003421.DE,STANDARD_SUPPLY,CONT,DE-LU,2026-03-02T22:48:00Z,2026-03-03T23:59:59Z,ACCEPTED,
ACER-196088371,TRD-002684,A0003421.DE,STANDARD_SUPPLY,CONT,DE-LU,2026-03-02T11:25:00Z,2026-03-03T23:59:59Z,ACCEPTED,
ACER-504540184,TRD-002685,A0003421.DE,STANDARD_SUPPLY,CONT,DE-LU,2026-03-02T15:42:00Z,2026-03-03T23:59:59Z,ACCEPTED,
ACER-950560978,TRD-002686,A0003421.DE,TRANSPORTATION,CONT,DE-LU,2026-03-02T12:00:00Z,2026-03-03T23:59:59Z,ACCEPTED,
ACER-144140381,TRD-002687,A0003421.DE,STANDARD_SUPPLY,CONT,DE-LU,2026-03-02T12:20:00Z,2026-03-03T23:59:59Z,SUBMITTED,
ACER-150677219,TRD-002688,A0003421.DE,STANDARD_SUPPLY,CONT,DE-LU,2026-03-02T16:58:00Z,2026-03-03T23:59:59Z,ACCEPTED,
ACER-687217000,TRD-002689,A0003421.DE,STANDARD_SUPPLY,AUCT,DE-LU,2026-03-02T18:34:00Z,2026-03-03T23:59:59Z,PENDING,
ACER-103375418,TRD-002690,A0003421.DE,STANDARD_SUPPLY,CONT,DE-LU,2026-03-02T06:28:00Z,2026-03-03T23:59:59Z,ACCEPTED,
ACER-631769179,TRD-002691,A0003421.DE,STANDARD_SUPPLY,CONT,DE-LU,2026-03-02T17:54:00Z,2026-03-03T23:59:59Z,ACCEPTED,
ACER-345583761,TRD-002692,A0003421.DE,STANDARD_SUPPLY,AUCT,DE-LU,2026-03-02T08:14:00Z,2026-03-03T23:59:59Z,ACCEPTED,
ACER-788655747,TRD-002693,A0003421.DE,STANDARD_SUPPLY,CONT,DE-LU,2026-03-02T08:43:00Z,2026-03-03T23:59:59Z,ACCEPTED,
ACER-983090545,TRD-002694,A0003421.DE,STANDARD_SUPPLY,AUCT,DE-LU,2026-03-02T10:32:00Z,2026-03-03T23:59:59Z,ACCEPTED,
ACER-605369703,TRD-002695,A0003421.DE,STANDARD_SUPPLY,CONT,DE-LU,2026-03-02T13:50:00Z,2026-03-03T23:59:59Z,ACCEPTED,
ACER-347105848,TRD-002696,A0003421.DE,TRANSPORTATION,CONT,DE-LU,2026-03-02T14:43:00Z,2026-03-03T23:59:59Z,ACCEPTED,
ACER-599430737,TRD-002697,A0003421.DE,STANDARD_SUPPLY,CONT,DE-LU,2026-03-02T13:59:00Z,2026-03-03T23:59:59Z,ACCEPTED,
ACER-217272159,TRD-002698,A0003421.DE,STANDARD_SUPPLY,CONT,DE-LU,2026-03-02T19:06:00Z,2026-03-03T23:59:59Z,SUBMITTED,
ACER-905727763,TRD-002699,A0003421.DE,STANDARD_SUPPLY,CONT,DE-LU,2026-03-02T14:20:00Z,2026-03-03T23:59:59Z,ACCEPTED,
ACER-192750088,TRD-002700,A0003421.DE,STANDARD_SUPPLY,CONT,DE-LU,2026-03-02T20:29:00Z,2026-03-03T23:59:59Z,ACCEPTED,
ACER-496734087,TRD-002701,A0003421.DE,STANDARD_SUPPLY,CONT,DE-LU,2026-03-02T21:17:00Z,2026-03-03T23:59:59Z,ACCEPTED,
ACER-789514267,TRD-002702,A0003421.DE,STANDARD_SUPPLY,CONT,DE-LU,2026-03-02T13:57:00Z,2026-03-03T23:59:59Z,ACCEPTED,
ACER-294358987,TRD-002703,A0003421.DE,STANDARD_SUPPLY,AUCT,DE-LU,2026-03-02T09:17:00Z,2026-03-03T23:59:59Z,PENDING,
ACER-871865222,TRD-002704,A0003421.DE,STANDARD_SUPPLY,CONT,DE-LU,2026-03-02T10:55:00Z,2026-03-03T23:59:59Z,ACCEPTED,
ACER-541165217,TRD-002705,A0003421.DE,STANDARD_SUPPLY,CONT,DE-LU,2026-03-02T16:12:00Z,2026-03-03T23:59:59Z,ACCEPTED,
ACER-437994402,TRD-002706,A0003421.DE,STANDARD_SUPPLY,CONT,DE-LU,2026-03-02T17:52:00Z,2026-03-03T23:59:59Z,ACCEPTED,
ACER-497951612,TRD-002707,A0003421.DE,TRANSPORTATION,CONT,DE-LU,2026-03-02T15:17:00Z,2026-03-03T23:59:59Z,ACCEPTED,
ACER-543925513,TRD-002708,A0003421.DE,STANDARD_SUPPLY,AUCT,DE-LU,2026-03-02T19:11:00Z,2026-03-03T23:59:59Z,ACCEPTED,
ACER-883341224,TRD-002709,A0003421.DE,STANDARD_SUPPLY,CONT,DE-LU,2026-03-02T16:07:00Z,2026-03-03T23:59:59Z,ACCEPTED,
ACER-519261192,TRD-002710,A0003421.DE,STANDARD_SUPPLY,AUCT,DE-LU,2026-03-02T08:12:00Z,2026-03-03T23:59:59Z,ACCEPTED,
ACER-708595795,TRD-002711,A0003421.DE,STANDARD_SUPPLY,CONT,DE-LU,2026-03-03T18:58:00Z,2026-03-04T23:59:59Z,SUBMITTED,
ACER-379361602,TRD-002712,A0003421.DE,STANDARD_SUPPLY,AUCT,DE-LU,2026-03-03T13:56:00Z,2026-03-04T23:59:59Z,SUBMITTED,
ACER-961088094,TRD-002713,A0003421.DE,STANDARD_SUPPLY,CONT,DE-LU,2026-03-03T19:35:00Z,2026-03-04T23:59:59Z,ACCEPTED,
ACER-125063721,TRD-002714,A0003421.DE,STANDARD_SUPPLY,CONT,DE-LU,2026-03-03T12:18:00Z,2026-03-04T23:59:59Z,ACCEPTED,
ACER-342771754,TRD-002715,A0003421.DE,STANDARD_SUPPLY,CONT,DE-LU,2026-03-03T11:00:00Z,2026-03-04T23:59:59Z,ACCEPTED,
ACER-869565363,TRD-002716,A0003421.DE,STANDARD_SUPPLY,AUCT,DE-LU,2026-03-03T09:49:00Z,2026-03-04T23:59:59Z,ACCEPTED,
ACER-356123038,TRD-002717,A0003421.DE,TRANSPORTATION,CONT,DE-LU,2026-03-03T17:39:00Z,2026-03-04T23:59:59Z,PENDING,
ACER-507425819,TRD-002718,A0003421.DE,STANDARD_SUPPLY,CONT,DE-LU,2026-03-03T16:05:00Z,2026-03-04T23:59:59Z,ACCEPTED,
ACER-117661907,TRD-002719,A0003421.DE,STANDARD_SUPPLY,CONT,DE-LU,2026-03-03T19:32:00Z,2026-03-04T23:59:59Z,ACCEPTED,
ACER-770933823,TRD-002720,A0003421.DE,STANDARD_SUPPLY,AUCT,DE-LU,2026-03-03T21:09:00Z,2026-03-04T23:59:59Z,ACCEPTED,
ACER-522400087,TRD-002721,A0003421.DE,STANDARD_SUPPLY,CONT,DE-LU,2026-03-03T15:02:00Z,2026-03-04T23:59:59Z,ACCEPTED,
ACER-683834853,TRD-002722,A0003421.DE,STANDARD_SUPPLY,AUCT,DE-LU,2026-03-03T21:03:00Z,2026-03-04T23:59:59Z,ACCEPTED,
ACER-700556721,TRD-002723,A0003421.DE,TRANSPORTATION,CONT,DE-LU,2026-03-03T11:10:00Z,2026-03-04T23:59:59Z,ACCEPTED,
ACER-859504472,TRD-002724,A0003421.DE,STANDARD_SUPPLY,CONT,DE-LU,2026-03-03T20:12:00Z,2026-03-04T23:59:59Z,ACCEPTED,
ACER-645671319,TRD-002725,A0003421.DE,STANDARD_SUPPLY,AUCT,DE-LU,2026-03-03T21:01:00Z,2026-03-04T23:59:59Z,ACCEPTED,
ACER-314866795,TRD-002726,A0003421.DE,STANDARD_SUPPLY,AUCT,DE-LU,2026-03-03T20:15:00Z,2026-03-04T23:59:59Z,ACCEPTED,
ACER-795375494,TRD-002727,A0003421.DE,STANDARD_SUPPLY,CONT,DE-LU,2026-03-03T19:28:00Z,2026-03-04T23:59:59Z,ACCEPTED,
ACER-992552702,TRD-002728,A0003421.DE,STANDARD_SUPPLY,CONT,DE-LU,2026-03-03T20:45:00Z,2026-03-04T23:59:59Z,ACCEPTED,
ACER-779105943,TRD-002729,A0003421.DE,STANDARD_SUPPLY,CONT,DE-LU,2026-03-03T17:05:00Z,2026-03-04T23:59:59Z,ACCEPTED,
ACER-883889973,TRD-002730,A0003421.DE,TRANSPORTATION,CONT,DE-LU,2026-03-03T19:52:00Z,2026-03-04T23:59:59Z,ACCEPTED,
ACER-677928274,TRD-002731,A0003421.DE,STANDARD_SUPPLY,CONT,DE-LU,2026-03-03T09:47:00Z,2026-03-04T23:59:59Z,SUBMITTED,
ACER-666766083,TRD-002732,A0003421.DE,STANDARD_SUPPLY,CONT,DE-LU,2026-03-03T11:12:00Z,2026-03-04T23:59:59Z,ACCEPTED,
ACER-336272943,TRD-002733,A0003421.DE,STANDARD_SUPPLY,AUCT,DE-LU,2026-03-03T15:59:00Z,2026-03-04T23:59:59Z,ACCEPTED,
ACER-286764906,TRD-002734,A0003421.DE,STANDARD_SUPPLY,CONT,DE-LU,2026-03-03T22:07:00Z,2026-03-04T23:59:59Z,ACCEPTED,
ACER-366541445,TRD-002735,A0003421.DE,TRANSPORTATION,CONT,DE-LU,2026-03-03T13:42:00Z,2026-03-04T23:59:59Z,ACCEPTED,
ACER-827425123,TRD-002736,A0003421.DE,STANDARD_SUPPLY,CONT,DE-LU,2026-03-03T15:21:00Z,2026-03-04T23:59:59Z,PENDING,
ACER-857396902,TRD-002737,A0003421.DE,STANDARD_SUPPLY,CONT,DE-LU,2026-03-03T07:53:00Z,2026-03-04T23:59:59Z,SUBMITTED,
ACER-327601290,TRD-002738,A0003421.DE,STANDARD_SUPPLY,CONT,DE-LU,2026-03-03T16:38:00Z,2026-03-04T23:59:59Z,ACCEPTED,
ACER-508148947,TRD-002739,A0003421.DE,STANDARD_SUPPLY,CONT,DE-LU,2026-03-03T16:06:00Z,2026-03-04T23:59:59Z,ACCEPTED,
ACER-494098002,TRD-002740,A0003421.DE,STANDARD_SUPPLY,CONT,DE-LU,2026-03-03T19:48:00Z,2026-03-04T23:59:59Z,ACCEPTED,
ACER-767684026,TRD-002741,A0003421.DE,STANDARD_SUPPLY,CONT,DE-LU,2026-03-03T19:19:00Z,2026-03-04T23:59:59Z,ACCEPTED,
ACER-932421007,TRD-002742,A0003421.DE,STANDARD_SUPPLY,CONT,DE-LU,2026-03-03T19:26:00Z,2026-03-04T23:59:59Z,ACCEPTED,
ACER-491372372,TRD-002743,A0003421.DE,STANDARD_SUPPLY,AUCT,DE-LU,2026-03-03T10:40:00Z,2026-03-04T23:59:59Z,SUBMITTED,
ACER-489957402,TRD-002744,A0003421.DE,TRANSPORTATION,CONT,DE-LU,2026-03-03T06:55:00Z,2026-03-04T23:59:59Z,PENDING,
ACER-296923744,TRD-002745,A0003421.DE,STANDARD_SUPPLY,CONT,DE-LU,2026-03-03T11:30:00Z,2026-03-04T23:59:59Z,ACCEPTED,
ACER-679296683,TRD-002741,A0003421.DE,TRANSPORTATION,CONT,DE-LU,2026-03-04T14:23:00Z,2026-03-05T23:59:59Z,ACCEPTED,
ACER-245596587,TRD-002742,A0003421.DE,TRANSPORTATION,CONT,DE-LU,2026-03-04T08:11:00Z,2026-03-05T23:59:59Z,SUBMITTED,
ACER-580594870,TRD-002743,A0003421.DE,STANDARD_SUPPLY,CONT,DE-LU,2026-03-04T18:21:00Z,2026-03-05T23:59:59Z,ACCEPTED,
ACER-354785638,TRD-002744,A0003421.DE,STANDARD_SUPPLY,AUCT,DE-LU,2026-03-04T20:37:00Z,2026-03-05T23:59:59Z,ACCEPTED,
ACER-862644663,TRD-002745,A0003421.DE,STANDARD_SUPPLY,AUCT,DE-LU,2026-03-04T15:38:00Z,2026-03-05T23:59:59Z,ACCEPTED,
ACER-755175108,TRD-002746,A0003421.DE,STANDARD_SUPPLY,CONT,DE-LU,2026-03-04T14:25:00Z,2026-03-05T23:59:59Z,ACCEPTED,
ACER-279541157,TRD-002747,A0003421.DE,STANDARD_SUPPLY,CONT,DE-LU,2026-03-04T06:21:00Z,2026-03-05T23:59:59Z,ACCEPTED,
ACER-783255890,TRD-002748,A0003421.DE,TRANSPORTATION,CONT,DE-LU,2026-03-04T16:17:00Z,2026-03-05T23:59:59Z,ACCEPTED,
ACER-676304448,TRD-002749,A0003421.DE,STANDARD_SUPPLY,CONT,DE-LU,2026-03-04T18:12:00Z,2026-03-05T23:59:59Z,SUBMITTED,
ACER-444120922,TRD-002750,A0003421.DE,STANDARD_SUPPLY,CONT,DE-LU,2026-03-04T14:48:00Z,2026-03-05T23:59:59Z,ACCEPTED,
ACER-432231189,TRD-002751,A0003421.DE,TRANSPORTATION,CONT,DE-LU,2026-03-04T06:49:00Z,2026-03-05T23:59:59Z,ACCEPTED,
ACER-690189558,TRD-002752,A0003421.DE,STANDARD_SUPPLY,CONT,DE-LU,2026-03-04T10:42:00Z,2026-03-05T23:59:59Z,SUBMITTED,
ACER-372627746,TRD-002753,A0003421.DE,STANDARD_SUPPLY,CONT,DE-LU,2026-03-04T21:12:00Z,2026-03-05T23:59:59Z,SUBMITTED,
ACER-714347651,TRD-002754,A0003421.DE,TRANSPORTATION,AUCT,DE-LU,2026-03-04T22:18:00Z,2026-03-05T23:59:59Z,ACCEPTED,
ACER-617292261,TRD-002755,A0003421.DE,TRANSPORTATION,CONT,DE-LU,2026-03-04T12:52:00Z,2026-03-05T23:59:59Z,ACCEPTED,
ACER-236769296,TRD-002756,A0003421.DE,STANDARD_SUPPLY,AUCT,DE-LU,2026-03-04T08:14:00Z,2026-03-05T23:59:59Z,ACCEPTED,
ACER-755516636,TRD-002757,A0003421.DE,STANDARD_SUPPLY,CONT,DE-LU,2026-03-04T16:17:00Z,2026-03-05T23:59:59Z,ACCEPTED,
ACER-249467983,TRD-002758,A0003421.DE,STANDARD_SUPPLY,AUCT,DE-LU,2026-03-04T11:36:00Z,2026-03-05T23:59:59Z,PENDING,
ACER-708241533,TRD-002759,A0003421.DE,TRANSPORTATION,CONT,DE-LU,2026-03-04T22:13:00Z,2026-03-05T23:59:59Z,ACCEPTED,
ACER-264218759,TRD-002760,A0003421.DE,STANDARD_SUPPLY,CONT,DE-LU,2026-03-04T12:12:00Z,2026-03-05T23:59:59Z,ACCEPTED,
ACER-753881719,TRD-002761,A0003421.DE,STANDARD_SUPPLY,CONT,DE-LU,2026-03-04T07:17:00Z,2026-03-05T23:59:59Z,ACCEPTED,
ACER-804302273,TRD-002762,A0003421.DE,TRANSPORTATION,CONT,DE-LU,2026-03-04T08:13:00Z,2026-03-05T23:59:59Z,SUBMITTED,
ACER-154662828,TRD-002763,A0003421.DE,STANDARD_SUPPLY,CONT,DE-LU,2026-03-04T13:47:00Z,2026-03-05T23:59:59Z,SUBMITTED,
ACER-211240099,TRD-002764,A0003421.DE,TRANSPORTATION,AUCT,DE-LU,2026-03-04T12:02:00Z,2026-03-05T23:59:59Z,ACCEPTED,
ACER-862391376,TRD-002765,A0003421.DE,STANDARD_SUPPLY,AUCT,DE-LU,2026-03-04T15:28:00Z,2026-03-05T23:59:59Z,ACCEPTED,
ACER-175437381,TRD-002766,A0003421.DE,STANDARD_SUPPLY,AUCT,DE-LU,2026-03-04T16:21:00Z,2026-03-05T23:59:59Z,ACCEPTED,
ACER-742896907,TRD-002767,A0003421.DE,STANDARD_SUPPLY,AUCT,DE-LU,2026-03-04T22:00:00Z,2026-03-05T23:59:59Z,ACCEPTED,
ACER-501787888,TRD-002768,A0003421.DE,STANDARD_SUPPLY,CONT,DE-LU,2026-03-04T12:26:00Z,2026-03-05T23:59:59Z,ACCEPTED,
ACER-965461485,TRD-002769,A0003421.DE,STANDARD_SUPPLY,AUCT,DE-LU,2026-03-04T07:41:00Z,2026-03-05T23:59:59Z,ACCEPTED,
ACER-159920746,TRD-002770,A0003421.DE,TRANSPORTATION,CONT,DE-LU,2026-03-04T17:24:00Z,2026-03-05T23:59:59Z,ACCEPTED,
ACER-996616342,TRD-002771,A0003421.DE,STANDARD_SUPPLY,CONT,DE-LU,2026-03-04T21:35:00Z,2026-03-05T23:59:59Z,SUBMITTED,
ACER-776336548,TRD-002772,A0003421.DE,STANDARD_SUPPLY,CONT,DE-LU,2026-03-04T22:59:00Z,2026-03-05T23:59:59Z,SUBMITTED,
ACER-977487856,TRD-002773,A0003421.DE,STANDARD_SUPPLY,CONT,DE-LU,2026-03-04T22:30:00Z,2026-03-05T23:59:59Z,ACCEPTED,
ACER-819745734,TRD-002774,A0003421.DE,STANDARD_SUPPLY,CONT,DE-LU,2026-03-04T13:30:00Z,2026-03-05T23:59:59Z,ACCEPTED,
ACER-718007837,TRD-002775,A0003421.DE,STANDARD_SUPPLY,CONT,DE-LU,2026-03-04T21:29:00Z,2026-03-05T23:59:59Z,ACCEPTED,
ACER-836822625,TRD-002776,A0003421.DE,STANDARD_SUPPLY,CONT,DE-LU,2026-03-04T19:47:00Z,2026-03-05T23:59:59Z,ACCEPTED,
ACER-655584556,TRD-002777,A0003421.DE,TRANSPORTATION,CONT,DE-LU,2026-03-04T09:50:00Z,2026-03-05T23:59:59Z,ACCEPTED,
ACER-294870001,TRD-002778,A0003421.DE,STANDARD_SUPPLY,AUCT,DE-LU,2026-03-04T22:44:00Z,2026-03-05T23:59:59Z,ACCEPTED,
ACER-264606176,TRD-002779,A0003421.DE,TRANSPORTATION,CONT,DE-LU,2026-03-04T11:25:00Z,2026-03-05T23:59:59Z,PENDING,
ACER-305328140,TRD-002780,A0003421.DE,STANDARD_SUPPLY,CONT,DE-LU,2026-03-04T21:49:00Z,2026-03-05T23:59:59Z,ACCEPTED,
ACER-800541125,TRD-002781,A0003421.DE,TRANSPORTATION,CONT,DE-LU,2026-03-04T11:39:00Z,2026-03-05T23:59:59Z,ACCEPTED,
ACER-465222641,TRD-002782,A0003421.DE,TRANSPORTATION,CONT,DE-LU,2026-03-04T11:37:00Z,2026-03-05T23:59:59Z,ACCEPTED,
ACER-401357021,TRD-002771,A0003421.DE,TRANSPORTATION,AUCT,DE-LU,2026-03-05T17:00:00Z,2026-03-06T23:59:59Z,ACCEPTED,
ACER-419436904,TRD-002772,A0003421.DE,STANDARD_SUPPLY,CONT,DE-LU,2026-03-05T21:41:00Z,2026-03-06T23:59:59Z,SUBMITTED,
ACER-478669095,TRD-002773,A0003421.DE,STANDARD_SUPPLY,AUCT,DE-LU,2026-03-05T15:51:00Z,2026-03-06T23:59:59Z,SUBMITTED,
ACER-366114681,TRD-002774,A0003421.DE,STANDARD_SUPPLY,AUCT,DE-LU,2026-03-05T07:07:00Z,2026-03-06T23:59:59Z,ACCEPTED,
ACER-869358796,TRD-002775,A0003421.DE,TRANSPORTATION,CONT,DE-LU,2026-03-05T22:10:00Z,2026-03-06T23:59:59Z,ACCEPTED,
ACER-797431260,TRD-002776,A0003421.DE,STANDARD_SUPPLY,CONT,DE-LU,2026-03-05T12:08:00Z,2026-03-06T23:59:59Z,ACCEPTED,
ACER-698180095,TRD-002777,A0003421.DE,STANDARD_SUPPLY,CONT,DE-LU,2026-03-05T07:10:00Z,2026-03-06T23:59:59Z,ACCEPTED,
ACER-305064425,TRD-002778,A0003421.DE,STANDARD_SUPPLY,CONT,DE-LU,2026-03-05T14:17:00Z,2026-03-06T23:59:59Z,SUBMITTED,
ACER-527996885,TRD-002779,A0003421.DE,STANDARD_SUPPLY,CONT,DE-LU,2026-03-05T09:50:00Z,2026-03-06T23:59:59Z,ACCEPTED,
ACER-153583669,TRD-002780,A0003421.DE,STANDARD_SUPPLY,CONT,DE-LU,2026-03-05T11:26:00Z,2026-03-06T23:59:59Z,SUBMITTED,
ACER-912240191,TRD-002781,A0003421.DE,STANDARD_SUPPLY,AUCT,DE-LU,2026-03-05T11:52:00Z,2026-03-06T23:59:59Z,SUBMITTED,
ACER-855487258,TRD-002782,A0003421.DE,TRANSPORTATION,AUCT,DE-LU,2026-03-05T07:42:00Z,2026-03-06T23:59:59Z,ACCEPTED,
ACER-784904165,TRD-002783,A0003421.DE,TRANSPORTATION,AUCT,DE-LU,2026-03-05T22:21:00Z,2026-03-06T23:59:59Z,ACCEPTED,
ACER-963715408,TRD-002784,A0003421.DE,STANDARD_SUPPLY,AUCT,DE-LU,2026-03-05T07:17:00Z,2026-03-06T23:59:59Z,PENDING,
ACER-380224346,TRD-002785,A0003421.DE,STANDARD_SUPPLY,CONT,DE-LU,2026-03-05T15:50:00Z,2026-03-06T23:59:59Z,ACCEPTED,
ACER-546727302,TRD-002786,A0003421.DE,TRANSPORTATION,AUCT,DE-LU,2026-03-05T13:15:00Z,2026-03-06T23:59:59Z,ACCEPTED,
ACER-230131081,TRD-002787,A0003421.DE,TRANSPORTATION,AUCT,DE-LU,2026-03-05T17:09:00Z,2026-03-06T23:59:59Z,PENDING,
ACER-269580020,TRD-002788,A0003421.DE,STANDARD_SUPPLY,AUCT,DE-LU,2026-03-05T21:25:00Z,2026-03-06T23:59:59Z,ACCEPTED,
ACER-834659265,TRD-002789,A0003421.DE,TRANSPORTATION,CONT,DE-LU,2026-03-05T10:18:00Z,2026-03-06T23:59:59Z,ACCEPTED,
ACER-882831879,TRD-002790,A0003421.DE,STANDARD_SUPPLY,CONT,DE-LU,2026-03-05T08:33:00Z,2026-03-06T23:59:59Z,ACCEPTED,
ACER-526363173,TRD-002791,A0003421.DE,TRANSPORTATION,CONT,DE-LU,2026-03-05T21:12:00Z,2026-03-06T23:59:59Z,ACCEPTED,
ACER-931056024,TRD-002792,A0003421.DE,STANDARD_SUPPLY,CONT,DE-LU,2026-03-05T15:11:00Z,2026-03-06T23:59:59Z,ACCEPTED,
ACER-279702410,TRD-002793,A0003421.DE,STANDARD_SUPPLY,CONT,DE-LU,2026-03-05T10:52:00Z,2026-03-06T23:59:59Z,ACCEPTED,
ACER-712615408,TRD-002794,A0003421.DE,STANDARD_SUPPLY,CONT,DE-LU,2026-03-05T10:30:00Z,2026-03-06T23:59:59Z,ACCEPTED,
ACER-265711597,TRD-002795,A0003421.DE,STANDARD_SUPPLY,CONT,DE-LU,2026-03-05T07:34:00Z,2026-03-06T23:59:59Z,ACCEPTED,
ACER-344918195,TRD-002796,A0003421.DE,STANDARD_SUPPLY,CONT,DE-LU,2026-03-05T13:10:00Z,2026-03-06T23:59:59Z,ACCEPTED,
ACER-197519707,TRD-002797,A0003421.DE,TRANSPORTATION,CONT,DE-LU,2026-03-05T19:58:00Z,2026-03-06T23:59:59Z,PENDING,
ACER-138186266,TRD-002798,A0003421.DE,TRANSPORTATION,CONT,DE-LU,2026-03-05T12:56:00Z,2026-03-06T23:59:59Z,SUBMITTED,
ACER-958194460,TRD-002799,A0003421.DE,TRANSPORTATION,CONT,DE-LU,2026-03-05T22:53:00Z,2026-03-06T23:59:59Z,ACCEPTED,
ACER-803662040,TRD-002801,A0003421.DE,STANDARD_SUPPLY,CONT,DE-LU,2026-03-06T22:15:00Z,2026-03-07T23:59:59Z,ACCEPTED,
ACER-518455699,TRD-002802,A0003421.DE,STANDARD_SUPPLY,CONT,DE-LU,2026-03-06T22:22:00Z,2026-03-07T23:59:59Z,SUBMITTED,
ACER-983502892,TRD-002803,A0003421.DE,TRANSPORTATION,CONT,DE-LU,2026-03-06T17:59:00Z,2026-03-07T23:59:59Z,SUBMITTED,
ACER-580381823,TRD-002804,A0003421.DE,TRANSPORTATION,CONT,DE-LU,2026-03-06T07:48:00Z,2026-03-07T23:59:59Z,ACCEPTED,
ACER-521686250,TRD-002805,A0003421.DE,TRANSPORTATION,CONT,DE-LU,2026-03-06T22:57:00Z,2026-03-07T23:59:59Z,PENDING,
ACER-408644688,TRD-002806,A0003421.DE,TRANSPORTATION,CONT,DE-LU,2026-03-06T20:40:00Z,2026-03-07T23:59:59Z,ACCEPTED,
ACER-546114291,TRD-002807,A0003421.DE,STANDARD_SUPPLY,CONT,DE-LU,2026-03-06T15:03:00Z,2026-03-07T23:59:59Z,ACCEPTED,
ACER-935398583,TRD-002808,A0003421.DE,TRANSPORTATION,CONT,DE-LU,2026-03-06T14:40:00Z,2026-03-07T23:59:59Z,ACCEPTED,
ACER-220698471,TRD-002809,A0003421.DE,STANDARD_SUPPLY,CONT,DE-LU,2026-03-06T08:51:00Z,2026-03-07T23:59:59Z,ACCEPTED,
ACER-105591616,TRD-002810,A0003421.DE,STANDARD_SUPPLY,CONT,DE-LU,2026-03-06T16:53:00Z,2026-03-07T23:59:59Z,ACCEPTED,
ACER-637402038,TRD-002811,A0003421.DE,STANDARD_SUPPLY,CONT,DE-LU,2026-03-06T15:29:00Z,2026-03-07T23:59:59Z,ACCEPTED,
ACER-693813358,TRD-002812,A0003421.DE,STANDARD_SUPPLY,CONT,DE-LU,2026-03-06T11:42:00Z,2026-03-07T23:59:59Z,ACCEPTED,
ACER-262415964,TRD-002813,A0003421.DE,STANDARD_SUPPLY,CONT,DE-LU,2026-03-06T12:29:00Z,2026-03-07T23:59:59Z,ACCEPTED,
ACER-865434215,TRD-002814,A0003421.DE,STANDARD_SUPPLY,CONT,DE-LU,2026-03-06T07:01:00Z,2026-03-07T23:59:59Z,ACCEPTED,
ACER-872745539,TRD-002815,A0003421.DE,TRANSPORTATION,AUCT,DE-LU,2026-03-06T11:12:00Z,2026-03-07T23:59:59Z,ACCEPTED,
ACER-479474269,TRD-002816,A0003421.DE,TRANSPORTATION,AUCT,DE-LU,2026-03-06T13:24:00Z,2026-03-07T23:59:59Z,PENDING,
ACER-103496155,TRD-002817,A0003421.DE,STANDARD_SUPPLY,CONT,DE-LU,2026-03-06T15:27:00Z,2026-03-07T23:59:59Z,ACCEPTED,
ACER-202561386,TRD-002818,A0003421.DE,TRANSPORTATION,AUCT,DE-LU,2026-03-06T06:52:00Z,2026-03-07T23:59:59Z,ACCEPTED,
ACER-357634973,TRD-002819,A0003421.DE,TRANSPORTATION,CONT,DE-LU,2026-03-06T08:43:00Z,2026-03-07T23:59:59Z,ACCEPTED,
ACER-941141895,TRD-002820,A0003421.DE,STANDARD_SUPPLY,AUCT,DE-LU,2026-03-06T09:39:00Z,2026-03-07T23:59:59Z,ACCEPTED,
ACER-346929722,TRD-002821,A0003421.DE,STANDARD_SUPPLY,CONT,DE-LU,2026-03-06T15:27:00Z,2026-03-07T23:59:59Z,SUBMITTED,
ACER-290108537,TRD-002822,A0003421.DE,STANDARD_SUPPLY,AUCT,DE-LU,2026-03-06T06:29:00Z,2026-03-07T23:59:59Z,ACCEPTED,
ACER-844610951,TRD-002823,A0003421.DE,STANDARD_SUPPLY,AUCT,DE-LU,2026-03-06T22:13:00Z,2026-03-07T23:59:59Z,ACCEPTED,
ACER-360507929,TRD-002824,A0003421.DE,STANDARD_SUPPLY,CONT,DE-LU,2026-03-06T21:55:00Z,2026-03-07T23:59:59Z,ACCEPTED,
ACER-212254405,TRD-002825,A0003421.DE,STANDARD_SUPPLY,AUCT,DE-LU,2026-03-06T16:49:00Z,2026-03-07T23:59:59Z,SUBMITTED,
ACER-942173894,TRD-002826,A0003421.DE,STANDARD_SUPPLY,AUCT,DE-LU,2026-03-06T14:32:00Z,2026-03-07T23:59:59Z,ACCEPTED,
ACER-822781409,TRD-002827,A0003421.DE,TRANSPORTATION,AUCT,DE-LU,2026-03-06T17:44:00Z,2026-03-07T23:59:59Z,ACCEPTED,
ACER-628967039,TRD-002828,A0003421.DE,STANDARD_SUPPLY,CONT,DE-LU,2026-03-06T16:53:00Z,2026-03-07T23:59:59Z,ACCEPTED,
ACER-754168498,TRD-002829,A0003421.DE,STANDARD_SUPPLY,CONT,DE-LU,2026-03-06T07:31:00Z,2026-03-07T23:59:59Z,ACCEPTED,
ACER-797049263,TRD-002830,A0003421.DE,STANDARD_SUPPLY,AUCT,DE-LU,2026-03-06T11:02:00Z,2026-03-07T23:59:59Z,ACCEPTED,
ACER-339601853,TRD-002831,A0003421.DE,TRANSPORTATION,AUCT,DE-LU,2026-03-06T20:24:00Z,2026-03-07T23:59:59Z,ACCEPTED,
ACER-276934622,TRD-002832,A0003421.DE,STANDARD_SUPPLY,AUCT,DE-LU,2026-03-06T18:28:00Z,2026-03-07T23:59:59Z,ACCEPTED,
ACER-619123161,TRD-002833,A0003421.DE,STANDARD_SUPPLY,AUCT,DE-LU,2026-03-06T06:04:00Z,2026-03-07T23:59:59Z,ACCEPTED,
ACER-426504363,TRD-002834,A0003421.DE,STANDARD_SUPPLY,AUCT,DE-LU,2026-03-06T14:10:00Z,2026-03-07T23:59:59Z,ACCEPTED,
ACER-228858720,TRD-002831,A0003421.DE,TRANSPORTATION,CONT,DE-LU,2026-03-07T15:38:00Z,2026-03-08T23:59:59Z,ACCEPTED,
ACER-736047918,TRD-002832,A0003421.DE,STANDARD_SUPPLY,CONT,DE-LU,2026-03-07T17:26:00Z,2026-03-08T23:59:59Z,ACCEPTED,
ACER-889464773,TRD-002833,A0003421.DE,STANDARD_SUPPLY,CONT,DE-LU,2026-03-07T17:16:00Z,2026-03-08T23:59:59Z,SUBMITTED,
ACER-561033033,TRD-002834,A0003421.DE,TRANSPORTATION,CONT,DE-LU,2026-03-07T17:42:00Z,2026-03-08T23:59:59Z,ACCEPTED,
ACER-244858665,TRD-002835,A0003421.DE,TRANSPORTATION,AUCT,DE-LU,2026-03-07T18:32:00Z,2026-03-08T23:59:59Z,ACCEPTED,
ACER-319189503,TRD-002836,A0003421.DE,TRANSPORTATION,CONT,DE-LU,2026-03-07T11:59:00Z,2026-03-08T23:59:59Z,SUBMITTED,
ACER-839171452,TRD-002837,A0003421.DE,TRANSPORTATION,AUCT,DE-LU,2026-03-07T09:23:00Z,2026-03-08T23:59:59Z,ACCEPTED,
ACER-176224220,TRD-002838,A0003421.DE,STANDARD_SUPPLY,CONT,DE-LU,2026-03-07T15:36:00Z,2026-03-08T23:59:59Z,ACCEPTED,
ACER-675937124,TRD-002839,A0003421.DE,TRANSPORTATION,CONT,DE-LU,2026-03-07T15:48:00Z,2026-03-08T23:59:59Z,ACCEPTED,
ACER-530530979,TRD-002840,A0003421.DE,STANDARD_SUPPLY,AUCT,DE-LU,2026-03-07T17:06:00Z,2026-03-08T23:59:59Z,ACCEPTED,
ACER-464693336,TRD-002841,A0003421.DE,STANDARD_SUPPLY,AUCT,DE-LU,2026-03-07T14:00:00Z,2026-03-08T23:59:59Z,ACCEPTED,
ACER-228313953,TRD-002842,A0003421.DE,STANDARD_SUPPLY,CONT,DE-LU,2026-03-07T19:31:00Z,2026-03-08T23:59:59Z,ACCEPTED,
ACER-110176622,TRD-002843,A0003421.DE,STANDARD_SUPPLY,CONT,DE-LU,2026-03-07T21:42:00Z,2026-03-08T23:59:59Z,ACCEPTED,
ACER-703666250,TRD-002844,A0003421.DE,TRANSPORTATION,CONT,DE-LU,2026-03-07T13:36:00Z,2026-03-08T23:59:59Z,ACCEPTED,
ACER-899895682,TRD-002845,A0003421.DE,STANDARD_SUPPLY,CONT,DE-LU,2026-03-07T11:08:00Z,2026-03-08T23:59:59Z,SUBMITTED,
ACER-219414636,TRD-002846,A0003421.DE,TRANSPORTATION,CONT,DE-LU,2026-03-07T22:26:00Z,2026-03-08T23:59:59Z,ACCEPTED,
ACER-338304229,TRD-002847,A0003421.DE,STANDARD_SUPPLY,CONT,DE-LU,2026-03-07T09:55:00Z,2026-03-08T23:59:59Z,ACCEPTED,
ACER-470402790,TRD-002848,A0003421.DE,TRANSPORTATION,CONT,DE-LU,2026-03-07T08:20:00Z,2026-03-08T23:59:59Z,ACCEPTED,
ACER-147244671,TRD-002849,A0003421.DE,TRANSPORTATION,AUCT,DE-LU,2026-03-07T07:25:00Z,2026-03-08T23:59:59Z,PENDING,
ACER-219065464,TRD-002850,A0003421.DE,TRANSPORTATION,CONT,DE-LU,2026-03-07T12:13:00Z,2026-03-08T23:59:59Z,SUBMITTED,
ACER-562188769,TRD-002861,A0003421.DE,STANDARD_SUPPLY,AUCT,DE-LU,2026-03-08T16:44:00Z,2026-03-09T23:59:59Z,REJECTED,INVALID_DELIVERY_POINT
ACER-940377350,TRD-002862,A0003421.DE,TRANSPORTATION,CONT,DE-LU,2026-03-08T20:51:00Z,2026-03-09T23:59:59Z,ACCEPTED,
ACER-158515285,TRD-002863,A0003421.DE,TRANSPORTATION,CONT,DE-LU,2026-03-08T12:47:00Z,2026-03-09T23:59:59Z,ACCEPTED,
ACER-872844142,TRD-002864,A0003421.DE,STANDARD_SUPPLY,CONT,DE-LU,2026-03-08T11:07:00Z,2026-03-09T23:59:59Z,ACCEPTED,
ACER-389603604,TRD-002865,A0003421.DE,TRANSPORTATION,CONT,DE-LU,2026-03-08T13:25:00Z,2026-03-09T23:59:59Z,ACCEPTED,
ACER-710607570,TRD-002866,A0003421.DE,STANDARD_SUPPLY,CONT,DE-LU,2026-03-08T20:15:00Z,2026-03-09T23:59:59Z,ACCEPTED,
ACER-946964077,TRD-002867,A0003421.DE,STANDARD_SUPPLY,CONT,DE-LU,2026-03-08T12:26:00Z,2026-03-09T23:59:59Z,ACCEPTED,
ACER-982502281,TRD-002868,A0003421.DE,STANDARD_SUPPLY,AUCT,DE-LU,2026-03-08T19:57:00Z,2026-03-09T23:59:59Z,ACCEPTED,
ACER-354129133,TRD-002869,A0003421.DE,STANDARD_SUPPLY,CONT,DE-LU,2026-03-08T18:45:00Z,2026-03-09T23:59:59Z,ACCEPTED,
ACER-240045530,TRD-002870,A0003421.DE,STANDARD_SUPPLY,CONT,DE-LU,2026-03-08T09:47:00Z,2026-03-09T23:59:59Z,ACCEPTED,
ACER-267814759,TRD-002871,A0003421.DE,STANDARD_SUPPLY,CONT,DE-LU,2026-03-08T08:41:00Z,2026-03-09T23:59:59Z,ACCEPTED,
ACER-739411473,TRD-002872,A0003421.DE,STANDARD_SUPPLY,CONT,DE-LU,2026-03-08T22:46:00Z,2026-03-09T23:59:59Z,SUBMITTED,
ACER-987596573,TRD-002873,A0003421.DE,STANDARD_SUPPLY,AUCT,DE-LU,2026-03-08T16:25:00Z,2026-03-09T23:59:59Z,ACCEPTED,
ACER-686539112,TRD-002874,A0003421.DE,STANDARD_SUPPLY,AUCT,DE-LU,2026-03-08T12:42:00Z,2026-03-09T23:59:59Z,ACCEPTED,
ACER-509204422,TRD-002875,A0003421.DE,TRANSPORTATION,CONT,DE-LU,2026-03-08T10:29:00Z,2026-03-09T23:59:59Z,ACCEPTED,
ACER-292844285,TRD-002876,A0003421.DE,TRANSPORTATION,CONT,DE-LU,2026-03-08T10:51:00Z,2026-03-09T23:59:59Z,PENDING,
ACER-460031540,TRD-002877,A0003421.DE,STANDARD_SUPPLY,AUCT,DE-LU,2026-03-08T06:43:00Z,2026-03-09T23:59:59Z,PENDING,
ACER-379585197,TRD-002878,A0003421.DE,STANDARD_SUPPLY,CONT,DE-LU,2026-03-08T14:05:00Z,2026-03-09T23:59:59Z,ACCEPTED,
ACER-700636694,TRD-002879,A0003421.DE,STANDARD_SUPPLY,CONT,DE-LU,2026-03-08T11:24:00Z,2026-03-09T23:59:59Z,ACCEPTED,
ACER-927194584,TRD-002880,A0003421.DE,STANDARD_SUPPLY,CONT,DE-LU,2026-03-08T07:38:00Z,2026-03-09T23:59:59Z,ACCEPTED,
ACER-355905413,TRD-002881,A0003421.DE,STANDARD_SUPPLY,CONT,DE-LU,2026-03-08T11:32:00Z,2026-03-09T23:59:59Z,ACCEPTED,
ACER-908400437,TRD-002882,A0003421.DE,STANDARD_SUPPLY,CONT,DE-LU,2026-03-08T18:49:00Z,2026-03-09T23:59:59Z,SUBMITTED,
ACER-408144548,TRD-002883,A0003421.DE,STANDARD_SUPPLY,CONT,DE-LU,2026-03-08T12:37:00Z,2026-03-09T23:59:59Z,PENDING,
ACER-593651058,TRD-002884,A0003421.DE,STANDARD_SUPPLY,CONT,DE-LU,2026-03-08T06:50:00Z,2026-03-09T23:59:59Z,ACCEPTED,
ACER-415759637,TRD-002885,A0003421.DE,TRANSPORTATION,CONT,DE-LU,2026-03-08T17:54:00Z,2026-03-09T23:59:59Z,SUBMITTED,
ACER-630135013,TRD-002886,A0003421.DE,STANDARD_SUPPLY,CONT,DE-LU,2026-03-08T21:55:00Z,2026-03-09T23:59:59Z,ACCEPTED,
ACER-998440106,TRD-002887,A0003421.DE,STANDARD_SUPPLY,CONT,DE-LU,2026-03-08T18:37:00Z,2026-03-09T23:59:59Z,ACCEPTED,
ACER-387093308,TRD-002888,A0003421.DE,TRANSPORTATION,CONT,DE-LU,2026-03-08T11:00:00Z,2026-03-09T23:59:59Z,PENDING,
ACER-498382246,TRD-002889,A0003421.DE,STANDARD_SUPPLY,CONT,DE-LU,2026-03-08T08:15:00Z,2026-03-09T23:59:59Z,ACCEPTED,
ACER-624242417,TRD-002890,A0003421.DE,STANDARD_SUPPLY,CONT,DE-LU,2026-03-08T22:01:00Z,2026-03-09T23:59:59Z,SUBMITTED,
ACER-354938131,TRD-002891,A0003421.DE,TRANSPORTATION,CONT,DE-LU,2026-03-08T11:21:00Z,2026-03-09T23:59:59Z,ACCEPTED,
ACER-102658161,TRD-002892,A0003421.DE,STANDARD_SUPPLY,CONT,DE-LU,2026-03-08T08:18:00Z,2026-03-09T23:59:59Z,ACCEPTED,
ACER-843208655,TRD-002891,A0003421.DE,STANDARD_SUPPLY,CONT,DE-LU,2026-03-09T13:06:00Z,2026-03-10T23:59:59Z,ACCEPTED,
ACER-981346173,TRD-002892,A0003421.DE,STANDARD_SUPPLY,CONT,DE-LU,2026-03-09T12:10:00Z,2026-03-10T23:59:59Z,ACCEPTED,
ACER-446442141,TRD-002893,A0003421.DE,STANDARD_SUPPLY,CONT,DE-LU,2026-03-09T21:21:00Z,2026-03-10T23:59:59Z,ACCEPTED,
ACER-708119502,TRD-002894,A0003421.DE,STANDARD_SUPPLY,CONT,DE-LU,2026-03-09T08:40:00Z,2026-03-10T23:59:59Z,SUBMITTED,
ACER-756391996,TRD-002895,A0003421.DE,STANDARD_SUPPLY,CONT,DE-LU,2026-03-09T09:40:00Z,2026-03-10T23:59:59Z,ACCEPTED,
ACER-111028573,TRD-002896,A0003421.DE,STANDARD_SUPPLY,CONT,DE-LU,2026-03-09T09:02:00Z,2026-03-10T23:59:59Z,ACCEPTED,
ACER-702603372,TRD-002897,A0003421.DE,STANDARD_SUPPLY,CONT,DE-LU,2026-03-09T08:08:00Z,2026-03-10T23:59:59Z,ACCEPTED,
ACER-151156077,TRD-002898,A0003421.DE,STANDARD_SUPPLY,AUCT,DE-LU,2026-03-09T22:56:00Z,2026-03-10T23:59:59Z,PENDING,
ACER-898672374,TRD-002899,A0003421.DE,STANDARD_SUPPLY,CONT,DE-LU,2026-03-09T12:02:00Z,2026-03-10T23:59:59Z,ACCEPTED,
ACER-300168173,TRD-002900,A0003421.DE,STANDARD_SUPPLY,CONT,DE-LU,2026-03-09T20:04:00Z,2026-03-10T23:59:59Z,SUBMITTED,
ACER-493020049,TRD-002901,A0003421.DE,TRANSPORTATION,CONT,DE-LU,2026-03-09T19:57:00Z,2026-03-10T23:59:59Z,PENDING,
ACER-951542172,TRD-002902,A0003421.DE,STANDARD_SUPPLY,CONT,DE-LU,2026-03-09T21:18:00Z,2026-03-10T23:59:59Z,ACCEPTED,
ACER-587391607,TRD-002903,A0003421.DE,STANDARD_SUPPLY,CONT,DE-LU,2026-03-09T21:09:00Z,2026-03-10T23:59:59Z,REJECTED,MISSING_COUNTERPARTY_ID
ACER-207914542,TRD-002904,A0003421.DE,STANDARD_SUPPLY,CONT,DE-LU,2026-03-09T16:44:00Z,2026-03-10T23:59:59Z,ACCEPTED,
ACER-930811497,TRD-002905,A0003421.DE,STANDARD_SUPPLY,AUCT,DE-LU,2026-03-09T11:14:00Z,2026-03-10T23:59:59Z,REJECTED,VOLUME_MISMATCH
ACER-723064426,TRD-002906,A0003421.DE,STANDARD_SUPPLY,CONT,DE-LU,2026-03-09T21:44:00Z,2026-03-10T23:59:59Z,ACCEPTED,
ACER-317075732,TRD-002907,A0003421.DE,STANDARD_SUPPLY,CONT,DE-LU,2026-03-09T08:01:00Z,2026-03-10T23:59:59Z,ACCEPTED,
ACER-927476646,TRD-002908,A0003421.DE,STANDARD_SUPPLY,AUCT,DE-LU,2026-03-09T10:03:00Z,2026-03-10T23:59:59Z,ACCEPTED,
ACER-447096019,TRD-002921,A0003421.DE,STANDARD_SUPPLY,AUCT,DE-LU,2026-03-10T22:49:00Z,2026-03-11T23:59:59Z,ACCEPTED,
ACER-859325646,TRD-002922,A0003421.DE,TRANSPORTATION,CONT,DE-LU,2026-03-10T11:15:00Z,2026-03-11T23:59:59Z,ACCEPTED,
ACER-707011230,TRD-002923,A0003421.DE,TRANSPORTATION,AUCT,DE-LU,2026-03-10T16:48:00Z,2026-03-11T23:59:59Z,ACCEPTED,
ACER-268905863,TRD-002924,A0003421.DE,STANDARD_SUPPLY,CONT,DE-LU,2026-03-10T14:15:00Z,2026-03-11T23:59:59Z,ACCEPTED,
ACER-753122408,TRD-002925,A0003421.DE,STANDARD_SUPPLY,CONT,DE-LU,2026-03-10T19:04:00Z,2026-03-11T23:59:59Z,ACCEPTED,
ACER-773737311,TRD-002926,A0003421.DE,STANDARD_SUPPLY,CONT,DE-LU,2026-03-10T11:51:00Z,2026-03-11T23:59:59Z,ACCEPTED,
ACER-764591584,TRD-002927,A0003421.DE,STANDARD_SUPPLY,CONT,DE-LU,2026-03-10T21:08:00Z,2026-03-11T23:59:59Z,SUBMITTED,
ACER-189064368,TRD-002928,A0003421.DE,STANDARD_SUPPLY,CONT,DE-LU,2026-03-10T21:53:00Z,2026-03-11T23:59:59Z,ACCEPTED,
ACER-508718600,TRD-002929,A0003421.DE,STANDARD_SUPPLY,AUCT,DE-LU,2026-03-10T18:07:00Z,2026-03-11T23:59:59Z,PENDING,
ACER-490037048,TRD-002930,A0003421.DE,STANDARD_SUPPLY,CONT,DE-LU,2026-03-10T09:10:00Z,2026-03-11T23:59:59Z,ACCEPTED,
ACER-487961214,TRD-002931,A0003421.DE,TRANSPORTATION,AUCT,DE-LU,2026-03-10T20:23:00Z,2026-03-11T23:59:59Z,ACCEPTED,
ACER-614806803,TRD-002932,A0003421.DE,STANDARD_SUPPLY,AUCT,DE-LU,2026-03-10T15:34:00Z,2026-03-11T23:59:59Z,ACCEPTED,
ACER-910996235,TRD-002933,A0003421.DE,TRANSPORTATION,CONT,DE-LU,2026-03-10T19:08:00Z,2026-03-11T23:59:59Z,ACCEPTED,
ACER-282851289,TRD-002934,A0003421.DE,STANDARD_SUPPLY,CONT,DE-LU,2026-03-10T08:07:00Z,2026-03-11T23:59:59Z,SUBMITTED,
ACER-638034486,TRD-002935,A0003421.DE,TRANSPORTATION,AUCT,DE-LU,2026-03-10T11:42:00Z,2026-03-11T23:59:59Z,ACCEPTED,
ACER-747434421,TRD-002936,A0003421.DE,STANDARD_SUPPLY,CONT,DE-LU,2026-03-10T11:56:00Z,2026-03-11T23:59:59Z,ACCEPTED,
ACER-928434909,TRD-002937,A0003421.DE,STANDARD_SUPPLY,CONT,DE-LU,2026-03-10T07:28:00Z,2026-03-11T23:59:59Z,ACCEPTED,
ACER-342875777,TRD-002938,A0003421.DE,STANDARD_SUPPLY,CONT,DE-LU,2026-03-10T21:47:00Z,2026-03-11T23:59:59Z,ACCEPTED,
ACER-691744729,TRD-002939,A0003421.DE,STANDARD_SUPPLY,CONT,DE-LU,2026-03-10T16:22:00Z,2026-03-11T23:59:59Z,PENDING,
ACER-561570226,TRD-002940,A0003421.DE,STANDARD_SUPPLY,CONT,DE-LU,2026-03-10T22:13:00Z,2026-03-11T23:59:59Z,SUBMITTED,
ACER-764302728,TRD-002941,A0003421.DE,TRANSPORTATION,CONT,DE-LU,2026-03-10T07:11:00Z,2026-03-11T23:59:59Z,ACCEPTED,
ACER-593109496,TRD-002942,A0003421.DE,STANDARD_SUPPLY,AUCT,DE-LU,2026-03-10T15:21:00Z,2026-03-11T23:59:59Z,ACCEPTED,
ACER-110345974,TRD-002943,A0003421.DE,STANDARD_SUPPLY,CONT,DE-LU,2026-03-10T13:49:00Z,2026-03-11T23:59:59Z,ACCEPTED,
ACER-736683209,TRD-002944,A0003421.DE,STANDARD_SUPPLY,AUCT,DE-LU,2026-03-10T08:24:00Z,2026-03-11T23:59:59Z,ACCEPTED,
ACER-915127260,TRD-002945,A0003421.DE,STANDARD_SUPPLY,AUCT,DE-LU,2026-03-10T09:03:00Z,2026-03-11T23:59:59Z,ACCEPTED,
ACER-439160166,TRD-002946,A0003421.DE,STANDARD_SUPPLY,CONT,DE-LU,2026-03-10T21:20:00Z,2026-03-11T23:59:59Z,ACCEPTED,
ACER-703488710,TRD-002947,A0003421.DE,STANDARD_SUPPLY,CONT,DE-LU,2026-03-10T08:21:00Z,2026-03-11T23:59:59Z,ACCEPTED,
ACER-671689591,TRD-002948,A0003421.DE,STANDARD_SUPPLY,CONT,DE-LU,2026-03-10T16:46:00Z,2026-03-11T23:59:59Z,ACCEPTED,
ACER-129689639,TRD-002949,A0003421.DE,STANDARD_SUPPLY,CONT,DE-LU,2026-03-10T19:00:00Z,2026-03-11T23:59:59Z,ACCEPTED,
ACER-429300282,TRD-002950,A0003421.DE,TRANSPORTATION,AUCT,DE-LU,2026-03-10T06:52:00Z,2026-03-11T23:59:59Z,PENDING,
ACER-113303218,TRD-002951,A0003421.DE,STANDARD_SUPPLY,AUCT,DE-LU,2026-03-10T20:57:00Z,2026-03-11T23:59:59Z,ACCEPTED,
ACER-453778962,TRD-002952,A0003421.DE,STANDARD_SUPPLY,AUCT,DE-LU,2026-03-10T14:28:00Z,2026-03-11T23:59:59Z,ACCEPTED,
ACER-158420611,TRD-002953,A0003421.DE,STANDARD_SUPPLY,CONT,DE-LU,2026-03-10T18:24:00Z,2026-03-11T23:59:59Z,ACCEPTED,
ACER-952710389,TRD-002954,A0003421.DE,TRANSPORTATION,CONT,DE-LU,2026-03-10T07:05:00Z,2026-03-11T23:59:59Z,ACCEPTED,
ACER-186298071,TRD-002955,A0003421.DE,TRANSPORTATION,CONT,DE-LU,2026-03-10T16:49:00Z,2026-03-11T23:59:59Z,ACCEPTED,
ACER-928061338,TRD-002956,A0003421.DE,STANDARD_SUPPLY,CONT,DE-LU,2026-03-10T22:08:00Z,2026-03-11T23:59:59Z,ACCEPTED,
ACER-619643787,TRD-002957,A0003421.DE,TRANSPORTATION,CONT,DE-LU,2026-03-10T20:36:00Z,2026-03-11T23:59:59Z,SUBMITTED,
ACER-266737147,TRD-002958,A0003421.DE,STANDARD_SUPPLY,CONT,DE-LU,2026-03-10T21:38:00Z,2026-03-11T23:59:59Z,ACCEPTED,
ACER-291478336,TRD-002959,A0003421.DE,STANDARD_SUPPLY,CONT,DE-LU,2026-03-10T20:28:00Z,2026-03-11T23:59:59Z,ACCEPTED,
ACER-101383800,TRD-002960,A0003421.DE,STANDARD_SUPPLY,CONT,DE-LU,2026-03-10T06:09:00Z,2026-03-11T23:59:59Z,ACCEPTED,
ACER-659952223,TRD-002961,A0003421.DE,STANDARD_SUPPLY,CONT,DE-LU,2026-03-10T08:13:00Z,2026-03-11T23:59:59Z,ACCEPTED,
ACER-216814454,TRD-002962,A0003421.DE,TRANSPORTATION,CONT,DE-LU,2026-03-10T10:54:00Z,2026-03-11T23:59:59Z,SUBMITTED,
ACER-786454228,TRD-002951,A0003421.DE,STANDARD_SUPPLY,CONT,DE-LU,2026-03-11T09:08:00Z,2026-03-12T23:59:59Z,SUBMITTED,
ACER-529839257,TRD-002952,A0003421.DE,TRANSPORTATION,CONT,DE-LU,2026-03-11T18:22:00Z,2026-03-12T23:59:59Z,SUBMITTED,
ACER-640331504,TRD-002953,A0003421.DE,TRANSPORTATION,CONT,DE-LU,2026-03-11T12:00:00Z,2026-03-12T23:59:59Z,REJECTED,TIMESTAMP_FORMAT_ERROR
ACER-244994036,TRD-002954,A0003421.DE,TRANSPORTATION,CONT,DE-LU,2026-03-11T09:41:00Z,2026-03-12T23:59:59Z,ACCEPTED,
ACER-284372446,TRD-002955,A0003421.DE,STANDARD_SUPPLY,CONT,DE-LU,2026-03-11T06:59:00Z,2026-03-12T23:59:59Z,SUBMITTED,
ACER-797515165,TRD-002956,A0003421.DE,STANDARD_SUPPLY,CONT,DE-LU,2026-03-11T11:16:00Z,2026-03-12T23:59:59Z,ACCEPTED,
ACER-973130349,TRD-002957,A0003421.DE,STANDARD_SUPPLY,CONT,DE-LU,2026-03-11T10:07:00Z,2026-03-12T23:59:59Z,ACCEPTED,
ACER-162329064,TRD-002958,A0003421.DE,STANDARD_SUPPLY,CONT,DE-LU,2026-03-11T07:46:00Z,2026-03-12T23:59:59Z,SUBMITTED,
ACER-410376892,TRD-002959,A0003421.DE,STANDARD_SUPPLY,CONT,DE-LU,2026-03-11T07:45:00Z,2026-03-12T23:59:59Z,SUBMITTED,
ACER-261450708,TRD-002960,A0003421.DE,STANDARD_SUPPLY,CONT,DE-LU,2026-03-11T11:05:00Z,2026-03-12T23:59:59Z,ACCEPTED,
ACER-271859011,TRD-002961,A0003421.DE,STANDARD_SUPPLY,CONT,DE-LU,2026-03-11T12:37:00Z,2026-03-12T23:59:59Z,ACCEPTED,
ACER-584932878,TRD-002962,A0003421.DE,TRANSPORTATION,AUCT,DE-LU,2026-03-11T08:03:00Z,2026-03-12T23:59:59Z,SUBMITTED,
ACER-891293375,TRD-002963,A0003421.DE,TRANSPORTATION,CONT,DE-LU,2026-03-11T21:06:00Z,2026-03-12T23:59:59Z,SUBMITTED,
ACER-959435935,TRD-002964,A0003421.DE,STANDARD_SUPPLY,AUCT,DE-LU,2026-03-11T07:11:00Z,2026-03-12T23:59:59Z,ACCEPTED,
ACER-366425582,TRD-002965,A0003421.DE,TRANSPORTATION,CONT,DE-LU,2026-03-11T19:35:00Z,2026-03-12T23:59:59Z,SUBMITTED,
ACER-385734992,TRD-002966,A0003421.DE,TRANSPORTATION,CONT,DE-LU,2026-03-11T19:19:00Z,2026-03-12T23:59:59Z,ACCEPTED,
ACER-576397238,TRD-002967,A0003421.DE,TRANSPORTATION,CONT,DE-LU,2026-03-11T15:03:00Z,2026-03-12T23:59:59Z,ACCEPTED,
ACER-916099280,TRD-002968,A0003421.DE,TRANSPORTATION,CONT,DE-LU,2026-03-11T20:50:00Z,2026-03-12T23:59:59Z,ACCEPTED,
ACER-379800389,TRD-002969,A0003421.DE,STANDARD_SUPPLY,CONT,DE-LU,2026-03-11T09:37:00Z,2026-03-12T23:59:59Z,SUBMITTED,
ACER-277845246,TRD-002970,A0003421.DE,STANDARD_SUPPLY,AUCT,DE-LU,2026-03-11T10:04:00Z,2026-03-12T23:59:59Z,SUBMITTED,
ACER-579596234,TRD-002971,A0003421.DE,TRANSPORTATION,CONT,DE-LU,2026-03-11T15:40:00Z,2026-03-12T23:59:59Z,ACCEPTED,
ACER-336361779,TRD-002981,A0003421.DE,STANDARD_SUPPLY,CONT,DE-LU,2026-03-12T14:03:00Z,2026-03-13T23:59:59Z,ACCEPTED,
ACER-263714614,TRD-002982,A0003421.DE,STANDARD_SUPPLY,CONT,DE-LU,2026-03-12T14:19:00Z,2026-03-13T23:59:59Z,SUBMITTED,
ACER-229634017,TRD-002983,A0003421.DE,TRANSPORTATION,AUCT,DE-LU,2026-03-12T14:19:00Z,2026-03-13T23:59:59Z,ACCEPTED,
ACER-843987548,TRD-002984,A0003421.DE,STANDARD_SUPPLY,AUCT,DE-LU,2026-03-12T17:05:00Z,2026-03-13T23:59:59Z,PENDING,
ACER-629133420,TRD-002985,A0003421.DE,STANDARD_SUPPLY,CONT,DE-LU,2026-03-12T08:55:00Z,2026-03-13T23:59:59Z,ACCEPTED,
ACER-891083409,TRD-002986,A0003421.DE,STANDARD_SUPPLY,AUCT,DE-LU,2026-03-12T09:52:00Z,2026-03-13T23:59:59Z,ACCEPTED,
ACER-130313178,TRD-002987,A0003421.DE,TRANSPORTATION,CONT,DE-LU,2026-03-12T15:24:00Z,2026-03-13T23:59:59Z,SUBMITTED,
ACER-716570259,TRD-002988,A0003421.DE,STANDARD_SUPPLY,CONT,DE-LU,2026-03-12T08:20:00Z,2026-03-13T23:59:59Z,ACCEPTED,
ACER-190144582,TRD-002989,A0003421.DE,STANDARD_SUPPLY,CONT,DE-LU,2026-03-12T09:41:00Z,2026-03-13T23:59:59Z,SUBMITTED,
ACER-379053407,TRD-002990,A0003421.DE,TRANSPORTATION,CONT,DE-LU,2026-03-12T19:48:00Z,2026-03-13T23:59:59Z,ACCEPTED,
ACER-377512120,TRD-002991,A0003421.DE,STANDARD_SUPPLY,CONT,DE-LU,2026-03-12T07:14:00Z,2026-03-13T23:59:59Z,ACCEPTED,
ACER-993844271,TRD-002992,A0003421.DE,STANDARD_SUPPLY,CONT,DE-LU,2026-03-12T19:54:00Z,2026-03-13T23:59:59Z,ACCEPTED,
ACER-216364932,TRD-002993,A0003421.DE,STANDARD_SUPPLY,CONT,DE-LU,2026-03-12T10:16:00Z,2026-03-13T23:59:59Z,ACCEPTED,
ACER-965634948,TRD-002994,A0003421.DE,STANDARD_SUPPLY,CONT,DE-LU,2026-03-12T13:19:00Z,2026-03-13T23:59:59Z,ACCEPTED,
ACER-118969297,TRD-002995,A0003421.DE,STANDARD_SUPPLY,CONT,DE-LU,2026-03-12T17:30:00Z,2026-03-13T23:59:59Z,ACCEPTED,
ACER-760040464,TRD-002996,A0003421.DE,STANDARD_SUPPLY,AUCT,DE-LU,2026-03-12T06:55:00Z,2026-03-13T23:59:59Z,ACCEPTED,
ACER-302387644,TRD-002997,A0003421.DE,STANDARD_SUPPLY,CONT,DE-LU,2026-03-12T14:12:00Z,2026-03-13T23:59:59Z,ACCEPTED,
ACER-510881441,TRD-002998,A0003421.DE,STANDARD_SUPPLY,CONT,DE-LU,2026-03-12T08:09:00Z,2026-03-13T23:59:59Z,ACCEPTED,
ACER-500020733,TRD-002999,A0003421.DE,STANDARD_SUPPLY,AUCT,DE-LU,2026-03-12T06:27:00Z,2026-03-13T23:59:59Z,SUBMITTED,
ACER-360063925,TRD-003000,A0003421.DE,STANDARD_SUPPLY,CONT,DE-LU,2026-03-12T17:00:00Z,2026-03-13T23:59:59Z,ACCEPTED,
ACER-116876609,TRD-003001,A0003421.DE,STANDARD_SUPPLY,CONT,DE-LU,2026-03-12T07:24:00Z,2026-03-13T23:59:59Z,ACCEPTED,
ACER-829574308,TRD-003002,A0003421.DE,TRANSPORTATION,AUCT,DE-LU,2026-03-12T10:20:00Z,2026-03-13T23:59:59Z,ACCEPTED,
ACER-606017804,TRD-003003,A0003421.DE,STANDARD_SUPPLY,CONT,DE-LU,2026-03-12T22:44:00Z,2026-03-13T23:59:59Z,ACCEPTED,
ACER-748799729,TRD-003004,A0003421.DE,STANDARD_SUPPLY,CONT,DE-LU,2026-03-12T14:38:00Z,2026-03-13T23:59:59Z,PENDING,
ACER-839754472,TRD-003005,A0003421.DE,STANDARD_SUPPLY,CONT,DE-LU,2026-03-12T09:35:00Z,2026-03-13T23:59:59Z,ACCEPTED,
ACER-809931363,TRD-003006,A0003421.DE,TRANSPORTATION,CONT,DE-LU,2026-03-12T10:04:00Z,2026-03-13T23:59:59Z,SUBMITTED,
ACER-650331005,TRD-003007,A0003421.DE,STANDARD_SUPPLY,CONT,DE-LU,2026-03-12T18:20:00Z,2026-03-13T23:59:59Z,SUBMITTED,
ACER-136986869,TRD-003008,A0003421.DE,STANDARD_SUPPLY,CONT,DE-LU,2026-03-12T13:09:00Z,2026-03-13T23:59:59Z,SUBMITTED,
ACER-664654689,TRD-003009,A0003421.DE,STANDARD_SUPPLY,AUCT,DE-LU,2026-03-12T08:13:00Z,2026-03-13T23:59:59Z,ACCEPTED,
ACER-508982425,TRD-003010,A0003421.DE,STANDARD_SUPPLY,CONT,DE-LU,2026-03-12T22:12:00Z,2026-03-13T23:59:59Z,ACCEPTED,
ACER-387199904,TRD-003011,A0003421.DE,STANDARD_SUPPLY,CONT,DE-LU,2026-03-12T18:27:00Z,2026-03-13T23:59:59Z,ACCEPTED,
ACER-373624227,TRD-003012,A0003421.DE,STANDARD_SUPPLY,CONT,DE-LU,2026-03-12T18:39:00Z,2026-03-13T23:59:59Z,ACCEPTED,
ACER-243461965,TRD-003013,A0003421.DE,STANDARD_SUPPLY,AUCT,DE-LU,2026-03-12T07:44:00Z,2026-03-13T23:59:59Z,ACCEPTED,
ACER-593917287,TRD-003014,A0003421.DE,STANDARD_SUPPLY,CONT,DE-LU,2026-03-12T13:07:00Z,2026-03-13T23:59:59Z,SUBMITTED,
ACER-834194641,TRD-003015,A0003421.DE,TRANSPORTATION,CONT,DE-LU,2026-03-12T15:18:00Z,2026-03-13T23:59:59Z,SUBMITTED,
ACER-999840929,TRD-003016,A0003421.DE,STANDARD_SUPPLY,CONT,DE-LU,2026-03-12T14:27:00Z,2026-03-13T23:59:59Z,ACCEPTED,
ACER-300261315,TRD-003017,A0003421.DE,STANDARD_SUPPLY,CONT,DE-LU,2026-03-12T22:57:00Z,2026-03-13T23:59:59Z,SUBMITTED,
ACER-701953496,TRD-003018,A0003421.DE,STANDARD_SUPPLY,CONT,DE-LU,2026-03-12T21:48:00Z,2026-03-13T23:59:59Z,ACCEPTED,
ACER-662787823,TRD-003019,A0003421.DE,STANDARD_SUPPLY,CONT,DE-LU,2026-03-12T18:14:00Z,2026-03-13T23:59:59Z,ACCEPTED,
ACER-749595652,TRD-003020,A0003421.DE,STANDARD_SUPPLY,AUCT,DE-LU,2026-03-12T16:44:00Z,2026-03-13T23:59:59Z,ACCEPTED,
ACER-317605206,TRD-003011,A0003421.DE,STANDARD_SUPPLY,CONT,DE-LU,2026-03-13T17:39:00Z,2026-03-14T23:59:59Z,ACCEPTED,
ACER-622950385,TRD-003012,A0003421.DE,TRANSPORTATION,CONT,DE-LU,2026-03-13T17:49:00Z,2026-03-14T23:59:59Z,ACCEPTED,
ACER-197359099,TRD-003013,A0003421.DE,STANDARD_SUPPLY,CONT,DE-LU,2026-03-13T07:20:00Z,2026-03-14T23:59:59Z,ACCEPTED,
ACER-951240030,TRD-003014,A0003421.DE,STANDARD_SUPPLY,CONT,DE-LU,2026-03-13T14:52:00Z,2026-03-14T23:59:59Z,SUBMITTED,
ACER-393272203,TRD-003015,A0003421.DE,STANDARD_SUPPLY,CONT,DE-LU,2026-03-13T07:09:00Z,2026-03-14T23:59:59Z,ACCEPTED,
ACER-472901628,TRD-003016,A0003421.DE,STANDARD_SUPPLY,CONT,DE-LU,2026-03-13T17:43:00Z,2026-03-14T23:59:59Z,ACCEPTED,
ACER-814224238,TRD-003017,A0003421.DE,TRANSPORTATION,CONT,DE-LU,2026-03-13T09:40:00Z,2026-03-14T23:59:59Z,SUBMITTED,
ACER-502898317,TRD-003018,A0003421.DE,STANDARD_SUPPLY,CONT,DE-LU,2026-03-13T18:44:00Z,2026-03-14T23:59:59Z,ACCEPTED,
ACER-935436328,TRD-003019,A0003421.DE,STANDARD_SUPPLY,CONT,DE-LU,2026-03-13T19:17:00Z,2026-03-14T23:59:59Z,ACCEPTED,
ACER-378830100,TRD-003020,A0003421.DE,TRANSPORTATION,AUCT,DE-LU,2026-03-13T22:36:00Z,2026-03-14T23:59:59Z,ACCEPTED,
ACER-734340029,TRD-003021,A0003421.DE,TRANSPORTATION,AUCT,DE-LU,2026-03-13T17:35:00Z,2026-03-14T23:59:59Z,ACCEPTED,
ACER-859257574,TRD-003022,A0003421.DE,STANDARD_SUPPLY,CONT,DE-LU,2026-03-13T19:23:00Z,2026-03-14T23:59:59Z,PENDING,
ACER-674076527,TRD-003023,A0003421.DE,STANDARD_SUPPLY,CONT,DE-LU,2026-03-13T19:02:00Z,2026-03-14T23:59:59Z,SUBMITTED,
ACER-707982960,TRD-003024,A0003421.DE,STANDARD_SUPPLY,CONT,DE-LU,2026-03-13T11:35:00Z,2026-03-14T23:59:59Z,SUBMITTED,
ACER-617798317,TRD-003025,A0003421.DE,STANDARD_SUPPLY,CONT,DE-LU,2026-03-13T16:53:00Z,2026-03-14T23:59:59Z,ACCEPTED,
ACER-927346532,TRD-003041,A0003421.DE,STANDARD_SUPPLY,AUCT,DE-LU,2026-03-14T10:28:00Z,2026-03-15T23:59:59Z,ACCEPTED,
ACER-643208479,TRD-003042,A0003421.DE,STANDARD_SUPPLY,AUCT,DE-LU,2026-03-14T15:17:00Z,2026-03-15T23:59:59Z,SUBMITTED,
ACER-856337125,TRD-003043,A0003421.DE,STANDARD_SUPPLY,CONT,DE-LU,2026-03-14T18:49:00Z,2026-03-15T23:59:59Z,ACCEPTED,
ACER-505030055,TRD-003044,A0003421.DE,STANDARD_SUPPLY,CONT,DE-LU,2026-03-14T13:54:00Z,2026-03-15T23:59:59Z,ACCEPTED,
ACER-685068953,TRD-003045,A0003421.DE,STANDARD_SUPPLY,AUCT,DE-LU,2026-03-14T18:19:00Z,2026-03-15T23:59:59Z,ACCEPTED,
ACER-171428191,TRD-003046,A0003421.DE,STANDARD_SUPPLY,CONT,DE-LU,2026-03-14T08:40:00Z,2026-03-15T23:59:59Z,ACCEPTED,
ACER-781205290,TRD-003047,A0003421.DE,STANDARD_SUPPLY,AUCT,DE-LU,2026-03-14T17:36:00Z,2026-03-15T23:59:59Z,ACCEPTED,
ACER-721764914,TRD-003048,A0003421.DE,STANDARD_SUPPLY,CONT,DE-LU,2026-03-14T21:21:00Z,2026-03-15T23:59:59Z,ACCEPTED,
ACER-731978852,TRD-003049,A0003421.DE,STANDARD_SUPPLY,CONT,DE-LU,2026-03-14T10:14:00Z,2026-03-15T23:59:59Z,ACCEPTED,
ACER-889029015,TRD-003050,A0003421.DE,STANDARD_SUPPLY,CONT,DE-LU,2026-03-14T11:19:00Z,2026-03-15T23:59:59Z,ACCEPTED,
ACER-661125599,TRD-003051,A0003421.DE,TRANSPORTATION,CONT,DE-LU,2026-03-14T16:18:00Z,2026-03-15T23:59:59Z,ACCEPTED,
ACER-609550574,TRD-003052,A0003421.DE,STANDARD_SUPPLY,CONT,DE-LU,2026-03-14T21:51:00Z,2026-03-15T23:59:59Z,PENDING,
ACER-883234820,TRD-003053,A0003421.DE,STANDARD_SUPPLY,CONT,DE-LU,2026-03-14T17:05:00Z,2026-03-15T23:59:59Z,PENDING,
ACER-878454419,TRD-003054,A0003421.DE,STANDARD_SUPPLY,CONT,DE-LU,2026-03-14T18:17:00Z,2026-03-15T23:59:59Z,ACCEPTED,
ACER-429524127,TRD-003055,A0003421.DE,TRANSPORTATION,CONT,DE-LU,2026-03-14T09:32:00Z,2026-03-15T23:59:59Z,SUBMITTED,
ACER-543263019,TRD-003056,A0003421.DE,STANDARD_SUPPLY,CONT,DE-LU,2026-03-14T15:16:00Z,2026-03-15T23:59:59Z,ACCEPTED,
ACER-682296945,TRD-003057,A0003421.DE,STANDARD_SUPPLY,CONT,DE-LU,2026-03-14T18:46:00Z,2026-03-15T23:59:59Z,SUBMITTED,
ACER-847081975,TRD-003058,A0003421.DE,STANDARD_SUPPLY,CONT,DE-LU,2026-03-14T19:27:00Z,2026-03-15T23:59:59Z,ACCEPTED,
ACER-788084229,TRD-003059,A0003421.DE,STANDARD_SUPPLY,CONT,DE-LU,2026-03-14T11:12:00Z,2026-03-15T23:59:59Z,PENDING,
ACER-286960906,TRD-003060,A0003421.DE,STANDARD_SUPPLY,CONT,DE-LU,2026-03-14T15:39:00Z,2026-03-15T23:59:59Z,ACCEPTED,
ACER-426514140,TRD-003061,A0003421.DE,TRANSPORTATION,CONT,DE-LU,2026-03-14T08:27:00Z,2026-03-15T23:59:59Z,ACCEPTED,
ACER-716754683,TRD-003062,A0003421.DE,STANDARD_SUPPLY,CONT,DE-LU,2026-03-14T21:52:00Z,2026-03-15T23:59:59Z,ACCEPTED,
ACER-295783536,TRD-003063,A0003421.DE,TRANSPORTATION,CONT,DE-LU,2026-03-14T15:08:00Z,2026-03-15T23:59:59Z,SUBMITTED,
ACER-268083209,TRD-003064,A0003421.DE,TRANSPORTATION,AUCT,DE-LU,2026-03-14T14:26:00Z,2026-03-15T23:59:59Z,ACCEPTED,
ACER-265128313,TRD-003065,A0003421.DE,TRANSPORTATION,CONT,DE-LU,2026-03-14T12:58:00Z,2026-03-15T23:59:59Z,SUBMITTED,
ACER-144127100,TRD-003066,A0003421.DE,STANDARD_SUPPLY,CONT,DE-LU,2026-03-14T12:05:00Z,2026-03-15T23:59:59Z,ACCEPTED,
ACER-853239398,TRD-003067,A0003421.DE,STANDARD_SUPPLY,CONT,DE-LU,2026-03-14T15:01:00Z,2026-03-15T23:59:59Z,ACCEPTED,
ACER-634476108,TRD-003068,A0003421.DE,STANDARD_SUPPLY,AUCT,DE-LU,2026-03-14T13:43:00Z,2026-03-15T23:59:59Z,ACCEPTED,
ACER-586049362,TRD-003069,A0003421.DE,STANDARD_SUPPLY,CONT,DE-LU,2026-03-14T12:18:00Z,2026-03-15T23:59:59Z,ACCEPTED,
ACER-464309785,TRD-003070,A0003421.DE,STANDARD_SUPPLY,CONT,DE-LU,2026-03-14T06:53:00Z,2026-03-15T23:59:59Z,ACCEPTED,
ACER-649662409,TRD-003071,A0003421.DE,TRANSPORTATION,CONT,DE-LU,2026-03-14T17:40:00Z,2026-03-15T23:59:59Z,ACCEPTED,
ACER-115211758,TRD-003072,A0003421.DE,STANDARD_SUPPLY,CONT,DE-LU,2026-03-14T21:09:00Z,2026-03-15T23:59:59Z,ACCEPTED,
ACER-757662198,TRD-003073,A0003421.DE,STANDARD_SUPPLY,CONT,DE-LU,2026-03-14T14:52:00Z,2026-03-15T23:59:59Z,ACCEPTED,
ACER-959127688,TRD-003074,A0003421.DE,STANDARD_SUPPLY,CONT,DE-LU,2026-03-14T20:36:00Z,2026-03-15T23:59:59Z,ACCEPTED,
ACER-209979514,TRD-003075,A0003421.DE,STANDARD_SUPPLY,CONT,DE-LU,2026-03-14T22:21:00Z,2026-03-15T23:59:59Z,ACCEPTED,
ACER-534693182,TRD-003076,A0003421.DE,TRANSPORTATION,CONT,DE-LU,2026-03-14T21:27:00Z,2026-03-15T23:59:59Z,ACCEPTED,
ACER-317241157,TRD-003077,A0003421.DE,STANDARD_SUPPLY,CONT,DE-LU,2026-03-14T14:32:00Z,2026-03-15T23:59:59Z,ACCEPTED,
ACER-612757674,TRD-003078,A0003421.DE,STANDARD_SUPPLY,AUCT,DE-LU,2026-03-14T10:53:00Z,2026-03-15T23:59:59Z,REJECTED,TIMESTAMP_FORMAT_ERROR
ACER-568256789,TRD-003079,A0003421.DE,STANDARD_SUPPLY,CONT,DE-LU,2026-03-14T19:04:00Z,2026-03-15T23:59:59Z,REJECTED,VOLUME_MISMATCH
ACER-355501404,TRD-003080,A0003421.DE,STANDARD_SUPPLY,CONT,DE-LU,2026-03-14T12:02:00Z,2026-03-15T23:59:59Z,ACCEPTED,
ACER-325079638,TRD-003081,A0003421.DE,STANDARD_SUPPLY,AUCT,DE-LU,2026-03-14T17:06:00Z,2026-03-15T23:59:59Z,ACCEPTED,
ACER-884373963,TRD-003082,A0003421.DE,STANDARD_SUPPLY,CONT,DE-LU,2026-03-14T15:50:00Z,2026-03-15T23:59:59Z,ACCEPTED,
ACER-613755183,TRD-003083,A0003421.DE,STANDARD_SUPPLY,CONT,DE-LU,2026-03-14T17:14:00Z,2026-03-15T23:59:59Z,ACCEPTED,
ACER-319515482,TRD-003071,A0003421.DE,STANDARD_SUPPLY,CONT,DE-LU,2026-03-15T20:59:00Z,2026-03-16T23:59:59Z,PENDING,
ACER-387401591,TRD-003072,A0003421.DE,STANDARD_SUPPLY,CONT,DE-LU,2026-03-15T21:16:00Z,2026-03-16T23:59:59Z,ACCEPTED,
ACER-952892127,TRD-003073,A0003421.DE,STANDARD_SUPPLY,CONT,DE-LU,2026-03-15T08:41:00Z,2026-03-16T23:59:59Z,ACCEPTED,
ACER-537183134,TRD-003074,A0003421.DE,STANDARD_SUPPLY,CONT,DE-LU,2026-03-15T16:06:00Z,2026-03-16T23:59:59Z,ACCEPTED,
ACER-925099053,TRD-003075,A0003421.DE,STANDARD_SUPPLY,AUCT,DE-LU,2026-03-15T18:24:00Z,2026-03-16T23:59:59Z,ACCEPTED,
ACER-723719043,TRD-003076,A0003421.DE,STANDARD_SUPPLY,AUCT,DE-LU,2026-03-15T15:23:00Z,2026-03-16T23:59:59Z,ACCEPTED,
ACER-425733737,TRD-003077,A0003421.DE,TRANSPORTATION,CONT,DE-LU,2026-03-15T18:18:00Z,2026-03-16T23:59:59Z,ACCEPTED,
ACER-551136424,TRD-003078,A0003421.DE,STANDARD_SUPPLY,AUCT,DE-LU,2026-03-15T22:54:00Z,2026-03-16T23:59:59Z,ACCEPTED,
ACER-748180003,TRD-003079,A0003421.DE,TRANSPORTATION,CONT,DE-LU,2026-03-15T19:00:00Z,2026-03-16T23:59:59Z,SUBMITTED,
ACER-805295127,TRD-003080,A0003421.DE,TRANSPORTATION,AUCT,DE-LU,2026-03-15T15:36:00Z,2026-03-16T23:59:59Z,ACCEPTED,
ACER-438914980,TRD-003081,A0003421.DE,STANDARD_SUPPLY,CONT,DE-LU,2026-03-15T10:15:00Z,2026-03-16T23:59:59Z,SUBMITTED,
ACER-535740214,TRD-003082,A0003421.DE,TRANSPORTATION,CONT,DE-LU,2026-03-15T14:58:00Z,2026-03-16T23:59:59Z,ACCEPTED,
ACER-658032991,TRD-003083,A0003421.DE,STANDARD_SUPPLY,CONT,DE-LU,2026-03-15T19:23:00Z,2026-03-16T23:59:59Z,PENDING,
ACER-457960837,TRD-003084,A0003421.DE,STANDARD_SUPPLY,CONT,DE-LU,2026-03-15T21:20:00Z,2026-03-16T23:59:59Z,ACCEPTED,
ACER-818025516,TRD-003085,A0003421.DE,STANDARD_SUPPLY,AUCT,DE-LU,2026-03-15T18:41:00Z,2026-03-16T23:59:59Z,ACCEPTED,
ACER-572286198,TRD-003101,A0003421.DE,TRANSPORTATION,AUCT,DE-LU,2026-03-16T09:25:00Z,2026-03-17T23:59:59Z,ACCEPTED,
ACER-140846375,TRD-003102,A0003421.DE,STANDARD_SUPPLY,CONT,DE-LU,2026-03-16T06:41:00Z,2026-03-17T23:59:59Z,SUBMITTED,
ACER-860553914,TRD-003103,A0003421.DE,STANDARD_SUPPLY,AUCT,DE-LU,2026-03-16T19:24:00Z,2026-03-17T23:59:59Z,ACCEPTED,
ACER-704798447,TRD-003104,A0003421.DE,STANDARD_SUPPLY,CONT,DE-LU,2026-03-16T17:54:00Z,2026-03-17T23:59:59Z,ACCEPTED,
ACER-757872258,TRD-003105,A0003421.DE,STANDARD_SUPPLY,CONT,DE-LU,2026-03-16T09:49:00Z,2026-03-17T23:59:59Z,ACCEPTED,
ACER-487680023,TRD-003106,A0003421.DE,STANDARD_SUPPLY,AUCT,DE-LU,2026-03-16T15:52:00Z,2026-03-17T23:59:59Z,ACCEPTED,
ACER-515230712,TRD-003107,A0003421.DE,TRANSPORTATION,CONT,DE-LU,2026-03-16T13:45:00Z,2026-03-17T23:59:59Z,REJECTED,MISSING_COUNTERPARTY_ID
ACER-247979600,TRD-003108,A0003421.DE,STANDARD_SUPPLY,AUCT,DE-LU,2026-03-16T18:41:00Z,2026-03-17T23:59:59Z,ACCEPTED,
ACER-644084321,TRD-003109,A0003421.DE,STANDARD_SUPPLY,AUCT,DE-LU,2026-03-16T07:35:00Z,2026-03-17T23:59:59Z,SUBMITTED,
ACER-769589507,TRD-003110,A0003421.DE,STANDARD_SUPPLY,CONT,DE-LU,2026-03-16T20:58:00Z,2026-03-17T23:59:59Z,ACCEPTED,
ACER-873865378,TRD-003111,A0003421.DE,TRANSPORTATION,AUCT,DE-LU,2026-03-16T06:07:00Z,2026-03-17T23:59:59Z,ACCEPTED,
ACER-185737435,TRD-003112,A0003421.DE,STANDARD_SUPPLY,AUCT,DE-LU,2026-03-16T13:45:00Z,2026-03-17T23:59:59Z,ACCEPTED,
ACER-702487881,TRD-003113,A0003421.DE,STANDARD_SUPPLY,CONT,DE-LU,2026-03-16T11:08:00Z,2026-03-17T23:59:59Z,ACCEPTED,
ACER-232298003,TRD-003114,A0003421.DE,STANDARD_SUPPLY,CONT,DE-LU,2026-03-16T14:41:00Z,2026-03-17T23:59:59Z,ACCEPTED,
ACER-287922259,TRD-003115,A0003421.DE,STANDARD_SUPPLY,AUCT,DE-LU,2026-03-16T06:14:00Z,2026-03-17T23:59:59Z,PENDING,
ACER-408870712,TRD-003116,A0003421.DE,STANDARD_SUPPLY,CONT,DE-LU,2026-03-16T06:19:00Z,2026-03-17T23:59:59Z,ACCEPTED,
ACER-390644187,TRD-003117,A0003421.DE,STANDARD_SUPPLY,CONT,DE-LU,2026-03-16T06:32:00Z,2026-03-17T23:59:59Z,ACCEPTED,
ACER-409300951,TRD-003118,A0003421.DE,STANDARD_SUPPLY,CONT,DE-LU,2026-03-16T12:27:00Z,2026-03-17T23:59:59Z,ACCEPTED,
ACER-564664263,TRD-003119,A0003421.DE,STANDARD_SUPPLY,CONT,DE-LU,2026-03-16T15:18:00Z,2026-03-17T23:59:59Z,ACCEPTED,
ACER-144273218,TRD-003120,A0003421.DE,TRANSPORTATION,CONT,DE-LU,2026-03-16T06:05:00Z,2026-03-17T23:59:59Z,ACCEPTED,
ACER-688036839,TRD-003121,A0003421.DE,STANDARD_SUPPLY,AUCT,DE-LU,2026-03-16T08:56:00Z,2026-03-17T23:59:59Z,PENDING,
ACER-180227045,TRD-003122,A0003421.DE,STANDARD_SUPPLY,CONT,DE-LU,2026-03-16T06:00:00Z,2026-03-17T23:59:59Z,SUBMITTED,
ACER-997489191,TRD-003123,A0003421.DE,TRANSPORTATION,CONT,DE-LU,2026-03-16T16:15:00Z,2026-03-17T23:59:59Z,REJECTED,VOLUME_MISMATCH
ACER-264766826,TRD-003124,A0003421.DE,STANDARD_SUPPLY,AUCT,DE-LU,2026-03-16T10:20:00Z,2026-03-17T23:59:59Z,PENDING,
ACER-123961661,TRD-003125,A0003421.DE,TRANSPORTATION,CONT,DE-LU,2026-03-16T15:19:00Z,2026-03-17T23:59:59Z,SUBMITTED,
ACER-365076184,TRD-003126,A0003421.DE,TRANSPORTATION,CONT,DE-LU,2026-03-16T10:01:00Z,2026-03-17T23:59:59Z,ACCEPTED,
ACER-812668952,TRD-003127,A0003421.DE,STANDARD_SUPPLY,AUCT,DE-LU,2026-03-16T07:31:00Z,2026-03-17T23:59:59Z,ACCEPTED,
ACER-741130909,TRD-003131,A0003421.DE,STANDARD_SUPPLY,AUCT,DE-LU,2026-03-17T20:24:00Z,2026-03-18T23:59:59Z,ACCEPTED,
ACER-946142515,TRD-003132,A0003421.DE,STANDARD_SUPPLY,CONT,DE-LU,2026-03-17T08:18:00Z,2026-03-18T23:59:59Z,ACCEPTED,
ACER-294874181,TRD-003133,A0003421.DE,STANDARD_SUPPLY,CONT,DE-LU,2026-03-17T10:39:00Z,2026-03-18T23:59:59Z,ACCEPTED,
ACER-795007897,TRD-003134,A0003421.DE,STANDARD_SUPPLY,CONT,DE-LU,2026-03-17T20:27:00Z,2026-03-18T23:59:59Z,ACCEPTED,
ACER-104925436,TRD-003135,A0003421.DE,STANDARD_SUPPLY,CONT,DE-LU,2026-03-17T15:08:00Z,2026-03-18T23:59:59Z,SUBMITTED,
ACER-296484968,TRD-003136,A0003421.DE,TRANSPORTATION,CONT,DE-LU,2026-03-17T20:34:00Z,2026-03-18T23:59:59Z,ACCEPTED,
ACER-417803520,TRD-003137,A0003421.DE,STANDARD_SUPPLY,CONT,DE-LU,2026-03-17T15:25:00Z,2026-03-18T23:59:59Z,ACCEPTED,
ACER-926068169,TRD-003138,A0003421.DE,STANDARD_SUPPLY,CONT,DE-LU,2026-03-17T10:05:00Z,2026-03-18T23:59:59Z,ACCEPTED,
ACER-922618340,TRD-003139,A0003421.DE,STANDARD_SUPPLY,CONT,DE-LU,2026-03-17T10:18:00Z,2026-03-18T23:59:59Z,ACCEPTED,
ACER-663138530,TRD-003140,A0003421.DE,STANDARD_SUPPLY,AUCT,DE-LU,2026-03-17T07:50:00Z,2026-03-18T23:59:59Z,SUBMITTED,
ACER-306829886,TRD-003141,A0003421.DE,TRANSPORTATION,AUCT,DE-LU,2026-03-17T22:12:00Z,2026-03-18T23:59:59Z,PENDING,
ACER-743826725,TRD-003142,A0003421.DE,STANDARD_SUPPLY,AUCT,DE-LU,2026-03-17T07:28:00Z,2026-03-18T23:59:59Z,ACCEPTED,
ACER-833693960,TRD-003143,A0003421.DE,TRANSPORTATION,AUCT,DE-LU,2026-03-17T10:01:00Z,2026-03-18T23:59:59Z,ACCEPTED,
ACER-316572264,TRD-003144,A0003421.DE,STANDARD_SUPPLY,CONT,DE-LU,2026-03-17T22:29:00Z,2026-03-18T23:59:59Z,ACCEPTED,
ACER-735846213,TRD-003145,A0003421.DE,STANDARD_SUPPLY,CONT,DE-LU,2026-03-17T10:05:00Z,2026-03-18T23:59:59Z,ACCEPTED,
ACER-724657177,TRD-003146,A0003421.DE,TRANSPORTATION,CONT,DE-LU,2026-03-17T19:11:00Z,2026-03-18T23:59:59Z,SUBMITTED,
ACER-187034305,TRD-003147,A0003421.DE,STANDARD_SUPPLY,AUCT,DE-LU,2026-03-17T22:57:00Z,2026-03-18T23:59:59Z,ACCEPTED,
ACER-438899894,TRD-003148,A0003421.DE,STANDARD_SUPPLY,CONT,DE-LU,2026-03-17T19:57:00Z,2026-03-18T23:59:59Z,PENDING,
ACER-345205598,TRD-003149,A0003421.DE,STANDARD_SUPPLY,CONT,DE-LU,2026-03-17T07:19:00Z,2026-03-18T23:59:59Z,PENDING,
ACER-156957130,TRD-003150,A0003421.DE,STANDARD_SUPPLY,CONT,DE-LU,2026-03-17T21:29:00Z,2026-03-18T23:59:59Z,REJECTED,TIMESTAMP_FORMAT_ERROR
ACER-749101129,TRD-003151,A0003421.DE,STANDARD_SUPPLY,CONT,DE-LU,2026-03-17T18:54:00Z,2026-03-18T23:59:59Z,SUBMITTED,
ACER-415322931,TRD-003152,A0003421.DE,STANDARD_SUPPLY,CONT,DE-LU,2026-03-17T11:13:00Z,2026-03-18T23:59:59Z,SUBMITTED,
ACER-417226656,TRD-003153,A0003421.DE,STANDARD_SUPPLY,CONT,DE-LU,2026-03-17T14:17:00Z,2026-03-18T23:59:59Z,SUBMITTED,
ACER-183409122,TRD-003154,A0003421.DE,TRANSPORTATION,CONT,DE-LU,2026-03-17T09:37:00Z,2026-03-18T23:59:59Z,ACCEPTED,
ACER-752092463,TRD-003155,A0003421.DE,STANDARD_SUPPLY,CONT,DE-LU,2026-03-17T06:29:00Z,2026-03-18T23:59:59Z,SUBMITTED,
ACER-458511650,TRD-003156,A0003421.DE,STANDARD_SUPPLY,CONT,DE-LU,2026-03-17T14:44:00Z,2026-03-18T23:59:59Z,ACCEPTED,
ACER-878148826,TRD-003157,A0003421.DE,STANDARD_SUPPLY,CONT,DE-LU,2026-03-17T09:13:00Z,2026-03-18T23:59:59Z,SUBMITTED,
ACER-404657737,TRD-003161,A0003421.DE,STANDARD_SUPPLY,CONT,DE-LU,2026-03-18T20:47:00Z,2026-03-19T23:59:59Z,ACCEPTED,
ACER-675003833,TRD-003162,A0003421.DE,STANDARD_SUPPLY,CONT,DE-LU,2026-03-18T17:30:00Z,2026-03-19T23:59:59Z,ACCEPTED,
ACER-678185508,TRD-003163,A0003421.DE,STANDARD_SUPPLY,AUCT,DE-LU,2026-03-18T14:48:00Z,2026-03-19T23:59:59Z,ACCEPTED,
ACER-682721379,TRD-003164,A0003421.DE,STANDARD_SUPPLY,CONT,DE-LU,2026-03-18T12:42:00Z,2026-03-19T23:59:59Z,ACCEPTED,
ACER-755460688,TRD-003165,A0003421.DE,STANDARD_SUPPLY,CONT,DE-LU,2026-03-18T17:52:00Z,2026-03-19T23:59:59Z,ACCEPTED,
ACER-860311695,TRD-003166,A0003421.DE,STANDARD_SUPPLY,CONT,DE-LU,2026-03-18T21:38:00Z,2026-03-19T23:59:59Z,PENDING,
ACER-444661356,TRD-003167,A0003421.DE,STANDARD_SUPPLY,AUCT,DE-LU,2026-03-18T09:57:00Z,2026-03-19T23:59:59Z,SUBMITTED,
ACER-655088091,TRD-003168,A0003421.DE,TRANSPORTATION,CONT,DE-LU,2026-03-18T20:38:00Z,2026-03-19T23:59:59Z,SUBMITTED,
ACER-167221228,TRD-003169,A0003421.DE,STANDARD_SUPPLY,CONT,DE-LU,2026-03-18T20:39:00Z,2026-03-19T23:59:59Z,SUBMITTED,
ACER-263821695,TRD-003170,A0003421.DE,STANDARD_SUPPLY,CONT,DE-LU,2026-03-18T19:53:00Z,2026-03-19T23:59:59Z,SUBMITTED,
ACER-114281484,TRD-003171,A0003421.DE,STANDARD_SUPPLY,CONT,DE-LU,2026-03-18T14:28:00Z,2026-03-19T23:59:59Z,ACCEPTED,
ACER-550843174,TRD-003172,A0003421.DE,STANDARD_SUPPLY,CONT,DE-LU,2026-03-18T15:58:00Z,2026-03-19T23:59:59Z,PENDING,
ACER-691438333,TRD-003173,A0003421.DE,STANDARD_SUPPLY,CONT,DE-LU,2026-03-18T11:41:00Z,2026-03-19T23:59:59Z,SUBMITTED,
ACER-261808205,TRD-003174,A0003421.DE,TRANSPORTATION,CONT,DE-LU,2026-03-18T12:16:00Z,2026-03-19T23:59:59Z,ACCEPTED,
ACER-431167260,TRD-003175,A0003421.DE,STANDARD_SUPPLY,CONT,DE-LU,2026-03-18T22:20:00Z,2026-03-19T23:59:59Z,SUBMITTED,
ACER-335236326,TRD-003176,A0003421.DE,STANDARD_SUPPLY,AUCT,DE-LU,2026-03-18T14:56:00Z,2026-03-19T23:59:59Z,ACCEPTED,
ACER-310965452,TRD-003177,A0003421.DE,TRANSPORTATION,AUCT,DE-LU,2026-03-18T18:33:00Z,2026-03-19T23:59:59Z,ACCEPTED,
ACER-134321546,TRD-003178,A0003421.DE,STANDARD_SUPPLY,CONT,DE-LU,2026-03-18T18:03:00Z,2026-03-19T23:59:59Z,SUBMITTED,
ACER-397145103,TRD-003179,A0003421.DE,STANDARD_SUPPLY,CONT,DE-LU,2026-03-18T17:04:00Z,2026-03-19T23:59:59Z,ACCEPTED,
ACER-321579984,TRD-003180,A0003421.DE,STANDARD_SUPPLY,CONT,DE-LU,2026-03-18T22:33:00Z,2026-03-19T23:59:59Z,ACCEPTED,
ACER-781706729,TRD-003181,A0003421.DE,STANDARD_SUPPLY,CONT,DE-LU,2026-03-18T19:39:00Z,2026-03-19T23:59:59Z,ACCEPTED,
ACER-861653831,TRD-003182,A0003421.DE,TRANSPORTATION,AUCT,DE-LU,2026-03-18T06:27:00Z,2026-03-19T23:59:59Z,ACCEPTED,
ACER-170159397,TRD-003183,A0003421.DE,STANDARD_SUPPLY,CONT,DE-LU,2026-03-18T12:04:00Z,2026-03-19T23:59:59Z,SUBMITTED,
ACER-424067318,TRD-003184,A0003421.DE,TRANSPORTATION,CONT,DE-LU,2026-03-18T15:11:00Z,2026-03-19T23:59:59Z,ACCEPTED,
ACER-409674390,TRD-003185,A0003421.DE,STANDARD_SUPPLY,CONT,DE-LU,2026-03-18T16:10:00Z,2026-03-19T23:59:59Z,ACCEPTED,
ACER-598480362,TRD-003186,A0003421.DE,STANDARD_SUPPLY,AUCT,DE-LU,2026-03-18T06:05:00Z,2026-03-19T23:59:59Z,ACCEPTED,
ACER-417805450,TRD-003187,A0003421.DE,STANDARD_SUPPLY,CONT,DE-LU,2026-03-18T20:51:00Z,2026-03-19T23:59:59Z,SUBMITTED,
ACER-184369618,TRD-003188,A0003421.DE,STANDARD_SUPPLY,CONT,DE-LU,2026-03-18T11:21:00Z,2026-03-19T23:59:59Z,ACCEPTED,
ACER-179275344,TRD-003189,A0003421.DE,TRANSPORTATION,CONT,DE-LU,2026-03-18T16:28:00Z,2026-03-19T23:59:59Z,ACCEPTED,
ACER-287055446,TRD-003190,A0003421.DE,STANDARD_SUPPLY,CONT,DE-LU,2026-03-18T11:26:00Z,2026-03-19T23:59:59Z,ACCEPTED,
ACER-143059842,TRD-003191,A0003421.DE,STANDARD_SUPPLY,CONT,DE-LU,2026-03-18T08:11:00Z,2026-03-19T23:59:59Z,ACCEPTED,
ACER-692873175,TRD-003192,A0003421.DE,STANDARD_SUPPLY,CONT,DE-LU,2026-03-18T17:43:00Z,2026-03-19T23:59:59Z,ACCEPTED,
ACER-478088202,TRD-003193,A0003421.DE,TRANSPORTATION,CONT,DE-LU,2026-03-18T08:00:00Z,2026-03-19T23:59:59Z,ACCEPTED,
ACER-742589603,TRD-003194,A0003421.DE,STANDARD_SUPPLY,CONT,DE-LU,2026-03-18T15:08:00Z,2026-03-19T23:59:59Z,ACCEPTED,
ACER-561054838,TRD-003195,A0003421.DE,STANDARD_SUPPLY,CONT,DE-LU,2026-03-18T08:59:00Z,2026-03-19T23:59:59Z,SUBMITTED,
ACER-263857523,TRD-003196,A0003421.DE,TRANSPORTATION,CONT,DE-LU,2026-03-18T20:22:00Z,2026-03-19T23:59:59Z,ACCEPTED,
ACER-707608512,TRD-003197,A0003421.DE,STANDARD_SUPPLY,CONT,DE-LU,2026-03-18T17:04:00Z,2026-03-19T23:59:59Z,ACCEPTED,
ACER-946586963,TRD-003198,A0003421.DE,STANDARD_SUPPLY,CONT,DE-LU,2026-03-18T13:18:00Z,2026-03-19T23:59:59Z,ACCEPTED,
ACER-401422209,TRD-003199,A0003421.DE,STANDARD_SUPPLY,AUCT,DE-LU,2026-03-18T21:41:00Z,2026-03-19T23:59:59Z,ACCEPTED,
ACER-656798238,TRD-003200,A0003421.DE,STANDARD_SUPPLY,CONT,DE-LU,2026-03-18T10:53:00Z,2026-03-19T23:59:59Z,ACCEPTED,
ACER-178370180,TRD-003201,A0003421.DE,STANDARD_SUPPLY,AUCT,DE-LU,2026-03-18T09:43:00Z,2026-03-19T23:59:59Z,ACCEPTED,
ACER-247012729,TRD-003202,A0003421.DE,STANDARD_SUPPLY,CONT,DE-LU,2026-03-18T16:46:00Z,2026-03-19T23:59:59Z,SUBMITTED,
ACER-121184503,TRD-003203,A0003421.DE,TRANSPORTATION,CONT,DE-LU,2026-03-18T13:41:00Z,2026-03-19T23:59:59Z,SUBMITTED,
ACER-342028101,TRD-003204,A0003421.DE,TRANSPORTATION,AUCT,DE-LU,2026-03-18T07:15:00Z,2026-03-19T23:59:59Z,ACCEPTED,
ACER-402585266,TRD-003191,A0003421.DE,STANDARD_SUPPLY,CONT,DE-LU,2026-03-19T19:51:00Z,2026-03-20T23:59:59Z,ACCEPTED,
ACER-419425657,TRD-003192,A0003421.DE,TRANSPORTATION,AUCT,DE-LU,2026-03-19T16:56:00Z,2026-03-20T23:59:59Z,SUBMITTED,
ACER-598414594,TRD-003193,A0003421.DE,STANDARD_SUPPLY,AUCT,DE-LU,2026-03-19T15:03:00Z,2026-03-20T23:59:59Z,ACCEPTED,
ACER-433865363,TRD-003194,A0003421.DE,TRANSPORTATION,AUCT,DE-LU,2026-03-19T19:54:00Z,2026-03-20T23:59:59Z,ACCEPTED,
ACER-567846606,TRD-003195,A0003421.DE,STANDARD_SUPPLY,CONT,DE-LU,2026-03-19T21:59:00Z,2026-03-20T23:59:59Z,ACCEPTED,
ACER-557466858,TRD-003196,A0003421.DE,STANDARD_SUPPLY,AUCT,DE-LU,2026-03-19T20:03:00Z,2026-03-20T23:59:59Z,ACCEPTED,
ACER-903660992,TRD-003197,A0003421.DE,TRANSPORTATION,CONT,DE-LU,2026-03-19T16:20:00Z,2026-03-20T23:59:59Z,ACCEPTED,
ACER-402650023,TRD-003198,A0003421.DE,STANDARD_SUPPLY,CONT,DE-LU,2026-03-19T18:01:00Z,2026-03-20T23:59:59Z,SUBMITTED,
ACER-551744111,TRD-003199,A0003421.DE,STANDARD_SUPPLY,CONT,DE-LU,2026-03-19T13:17:00Z,2026-03-20T23:59:59Z,SUBMITTED,
ACER-243190024,TRD-003200,A0003421.DE,STANDARD_SUPPLY,CONT,DE-LU,2026-03-19T09:42:00Z,2026-03-20T23:59:59Z,SUBMITTED,
ACER-468812098,TRD-003201,A0003421.DE,STANDARD_SUPPLY,CONT,DE-LU,2026-03-19T08:42:00Z,2026-03-20T23:59:59Z,SUBMITTED,
ACER-435504358,TRD-003202,A0003421.DE,STANDARD_SUPPLY,CONT,DE-LU,2026-03-19T12:22:00Z,2026-03-20T23:59:59Z,PENDING,
ACER-688443248,TRD-003203,A0003421.DE,STANDARD_SUPPLY,CONT,DE-LU,2026-03-19T11:25:00Z,2026-03-20T23:59:59Z,SUBMITTED,
ACER-719948849,TRD-003204,A0003421.DE,STANDARD_SUPPLY,CONT,DE-LU,2026-03-19T21:48:00Z,2026-03-20T23:59:59Z,ACCEPTED,
ACER-858481005,TRD-003205,A0003421.DE,TRANSPORTATION,AUCT,DE-LU,2026-03-19T21:12:00Z,2026-03-20T23:59:59Z,ACCEPTED,
ACER-551466737,TRD-003206,A0003421.DE,STANDARD_SUPPLY,CONT,DE-LU,2026-03-19T06:00:00Z,2026-03-20T23:59:59Z,ACCEPTED,
ACER-738958346,TRD-003207,A0003421.DE,STANDARD_SUPPLY,CONT,DE-LU,2026-03-19T06:40:00Z,2026-03-20T23:59:59Z,SUBMITTED,
ACER-527335663,TRD-003208,A0003421.DE,STANDARD_SUPPLY,CONT,DE-LU,2026-03-19T11:02:00Z,2026-03-20T23:59:59Z,ACCEPTED,
ACER-573422473,TRD-003209,A0003421.DE,STANDARD_SUPPLY,AUCT,DE-LU,2026-03-19T13:24:00Z,2026-03-20T23:59:59Z,ACCEPTED,
ACER-917928682,TRD-003221,A0003421.DE,STANDARD_SUPPLY,AUCT,DE-LU,2026-03-20T22:21:00Z,2026-03-21T23:59:59Z,ACCEPTED,
ACER-229089662,TRD-003222,A0003421.DE,TRANSPORTATION,AUCT,DE-LU,2026-03-20T12:50:00Z,2026-03-21T23:59:59Z,ACCEPTED,
ACER-993472218,TRD-003223,A0003421.DE,STANDARD_SUPPLY,CONT,DE-LU,2026-03-20T09:01:00Z,2026-03-21T23:59:59Z,PENDING,
ACER-804515197,TRD-003224,A0003421.DE,STANDARD_SUPPLY,AUCT,DE-LU,2026-03-20T18:35:00Z,2026-03-21T23:59:59Z,ACCEPTED,
ACER-332896110,TRD-003225,A0003421.DE,STANDARD_SUPPLY,AUCT,DE-LU,2026-03-20T16:25:00Z,2026-03-21T23:59:59Z,ACCEPTED,
ACER-917883715,TRD-003226,A0003421.DE,STANDARD_SUPPLY,CONT,DE-LU,2026-03-20T17:36:00Z,2026-03-21T23:59:59Z,ACCEPTED,
ACER-222266307,TRD-003227,A0003421.DE,STANDARD_SUPPLY,CONT,DE-LU,2026-03-20T09:08:00Z,2026-03-21T23:59:59Z,ACCEPTED,
ACER-118626822,TRD-003228,A0003421.DE,STANDARD_SUPPLY,CONT,DE-LU,2026-03-20T12:51:00Z,2026-03-21T23:59:59Z,ACCEPTED,
ACER-133277005,TRD-003229,A0003421.DE,TRANSPORTATION,CONT,DE-LU,2026-03-20T13:19:00Z,2026-03-21T23:59:59Z,ACCEPTED,
ACER-305904171,TRD-003230,A0003421.DE,STANDARD_SUPPLY,AUCT,DE-LU,2026-03-20T22:36:00Z,2026-03-21T23:59:59Z,ACCEPTED,
ACER-876541119,TRD-003231,A0003421.DE,STANDARD_SUPPLY,CONT,DE-LU,2026-03-20T22:09:00Z,2026-03-21T23:59:59Z,PENDING,
ACER-402464802,TRD-003232,A0003421.DE,TRANSPORTATION,AUCT,DE-LU,2026-03-20T15:12:00Z,2026-03-21T23:59:59Z,ACCEPTED,
ACER-594907395,TRD-003233,A0003421.DE,TRANSPORTATION,CONT,DE-LU,2026-03-20T11:46:00Z,2026-03-21T23:59:59Z,SUBMITTED,
ACER-727005090,TRD-003234,A0003421.DE,STANDARD_SUPPLY,CONT,DE-LU,2026-03-20T06:29:00Z,2026-03-21T23:59:59Z,ACCEPTED,
ACER-653648503,TRD-003235,A0003421.DE,STANDARD_SUPPLY,CONT,DE-LU,2026-03-20T20:47:00Z,2026-03-21T23:59:59Z,ACCEPTED,
ACER-237605611,TRD-003236,A0003421.DE,STANDARD_SUPPLY,CONT,DE-LU,2026-03-20T11:20:00Z,2026-03-21T23:59:59Z,ACCEPTED,
ACER-388246227,TRD-003237,A0003421.DE,STANDARD_SUPPLY,CONT,DE-LU,2026-03-20T14:11:00Z,2026-03-21T23:59:59Z,ACCEPTED,
ACER-978671928,TRD-003238,A0003421.DE,STANDARD_SUPPLY,CONT,DE-LU,2026-03-20T13:06:00Z,2026-03-21T23:59:59Z,ACCEPTED,
ACER-470239343,TRD-003239,A0003421.DE,STANDARD_SUPPLY,CONT,DE-LU,2026-03-20T08:52:00Z,2026-03-21T23:59:59Z,ACCEPTED,
ACER-317880689,TRD-003240,A0003421.DE,STANDARD_SUPPLY,CONT,DE-LU,2026-03-20T13:12:00Z,2026-03-21T23:59:59Z,ACCEPTED,
ACER-726241883,TRD-003241,A0003421.DE,STANDARD_SUPPLY,CONT,DE-LU,2026-03-20T11:12:00Z,2026-03-21T23:59:59Z,ACCEPTED,
ACER-937082536,TRD-003242,A0003421.DE,STANDARD_SUPPLY,AUCT,DE-LU,2026-03-20T17:15:00Z,2026-03-21T23:59:59Z,ACCEPTED,
ACER-449125799,TRD-003243,A0003421.DE,STANDARD_SUPPLY,AUCT,DE-LU,2026-03-20T15:42:00Z,2026-03-21T23:59:59Z,ACCEPTED,
ACER-811513351,TRD-003244,A0003421.DE,TRANSPORTATION,AUCT,DE-LU,2026-03-20T21:03:00Z,2026-03-21T23:59:59Z,ACCEPTED,
ACER-285759872,TRD-003245,A0003421.DE,TRANSPORTATION,AUCT,DE-LU,2026-03-20T22:02:00Z,2026-03-21T23:59:59Z,SUBMITTED,
ACER-249408538,TRD-003246,A0003421.DE,STANDARD_SUPPLY,CONT,DE-LU,2026-03-20T22:36:00Z,2026-03-21T23:59:59Z,ACCEPTED,
ACER-762081349,TRD-003247,A0003421.DE,STANDARD_SUPPLY,AUCT,DE-LU,2026-03-20T11:37:00Z,2026-03-21T23:59:59Z,SUBMITTED,
ACER-735064547,TRD-003248,A0003421.DE,TRANSPORTATION,AUCT,DE-LU,2026-03-20T12:30:00Z,2026-03-21T23:59:59Z,PENDING,
ACER-106119026,TRD-003249,A0003421.DE,STANDARD_SUPPLY,CONT,DE-LU,2026-03-20T18:15:00Z,2026-03-21T23:59:59Z,ACCEPTED,
ACER-406235345,TRD-003250,A0003421.DE,TRANSPORTATION,CONT,DE-LU,2026-03-20T13:53:00Z,2026-03-21T23:59:59Z,ACCEPTED,
ACER-307328724,TRD-003251,A0003421.DE,STANDARD_SUPPLY,CONT,DE-LU,2026-03-20T16:15:00Z,2026-03-21T23:59:59Z,SUBMITTED,
ACER-844162227,TRD-003252,A0003421.DE,STANDARD_SUPPLY,CONT,DE-LU,2026-03-20T11:53:00Z,2026-03-21T23:59:59Z,ACCEPTED,
ACER-855398613,TRD-003253,A0003421.DE,STANDARD_SUPPLY,CONT,DE-LU,2026-03-20T10:51:00Z,2026-03-21T23:59:59Z,ACCEPTED,
ACER-286165544,TRD-003254,A0003421.DE,STANDARD_SUPPLY,CONT,DE-LU,2026-03-20T13:21:00Z,2026-03-21T23:59:59Z,ACCEPTED,
ACER-575151292,TRD-003255,A0003421.DE,STANDARD_SUPPLY,CONT,DE-LU,2026-03-20T21:24:00Z,2026-03-21T23:59:59Z,ACCEPTED,
ACER-645697854,TRD-003256,A0003421.DE,STANDARD_SUPPLY,CONT,DE-LU,2026-03-20T11:17:00Z,2026-03-21T23:59:59Z,SUBMITTED,
ACER-170880117,TRD-003257,A0003421.DE,STANDARD_SUPPLY,CONT,DE-LU,2026-03-20T09:23:00Z,2026-03-21T23:59:59Z,ACCEPTED,
ACER-834397737,TRD-003258,A0003421.DE,STANDARD_SUPPLY,AUCT,DE-LU,2026-03-20T12:13:00Z,2026-03-21T23:59:59Z,ACCEPTED,
ACER-171265599,TRD-003259,A0003421.DE,STANDARD_SUPPLY,CONT,DE-LU,2026-03-20T10:14:00Z,2026-03-21T23:59:59Z,ACCEPTED,
ACER-124864138,TRD-003260,A0003421.DE,STANDARD_SUPPLY,CONT,DE-LU,2026-03-20T22:41:00Z,2026-03-21T23:59:59Z,ACCEPTED,
ACER-750713009,TRD-003261,A0003421.DE,STANDARD_SUPPLY,CONT,DE-LU,2026-03-20T13:54:00Z,2026-03-21T23:59:59Z,ACCEPTED,
ACER-407990159,TRD-003262,A0003421.DE,TRANSPORTATION,AUCT,DE-LU,2026-03-20T16:34:00Z,2026-03-21T23:59:59Z,SUBMITTED,
ACER-932955668,TRD-003263,A0003421.DE,STANDARD_SUPPLY,CONT,DE-LU,2026-03-20T07:47:00Z,2026-03-21T23:59:59Z,ACCEPTED,
ACER-749416885,TRD-003264,A0003421.DE,STANDARD_SUPPLY,AUCT,DE-LU,2026-03-20T13:33:00Z,2026-03-21T23:59:59Z,ACCEPTED,
ACER-575408925,TRD-003265,A0003421.DE,STANDARD_SUPPLY,AUCT,DE-LU,2026-03-20T08:35:00Z,2026-03-21T23:59:59Z,PENDING,
ACER-365270249,TRD-003251,A0003421.DE,TRANSPORTATION,CONT,DE-LU,2026-03-21T18:36:00Z,2026-03-22T23:59:59Z,SUBMITTED,
ACER-351851277,TRD-003252,A0003421.DE,TRANSPORTATION,CONT,DE-LU,2026-03-21T09:59:00Z,2026-03-22T23:59:59Z,ACCEPTED,
ACER-216340144,TRD-003253,A0003421.DE,STANDARD_SUPPLY,CONT,DE-LU,2026-03-21T13:12:00Z,2026-03-22T23:59:59Z,ACCEPTED,
ACER-774453399,TRD-003254,A0003421.DE,TRANSPORTATION,CONT,DE-LU,2026-03-21T20:20:00Z,2026-03-22T23:59:59Z,ACCEPTED,
ACER-827087045,TRD-003255,A0003421.DE,STANDARD_SUPPLY,AUCT,DE-LU,2026-03-21T21:32:00Z,2026-03-22T23:59:59Z,SUBMITTED,
ACER-136546992,TRD-003256,A0003421.DE,STANDARD_SUPPLY,CONT,DE-LU,2026-03-21T14:33:00Z,2026-03-22T23:59:59Z,ACCEPTED,
ACER-326588267,TRD-003257,A0003421.DE,STANDARD_SUPPLY,CONT,DE-LU,2026-03-21T19:04:00Z,2026-03-22T23:59:59Z,ACCEPTED,
ACER-134429574,TRD-003258,A0003421.DE,STANDARD_SUPPLY,CONT,DE-LU,2026-03-21T17:04:00Z,2026-03-22T23:59:59Z,ACCEPTED,
ACER-552338630,TRD-003259,A0003421.DE,STANDARD_SUPPLY,AUCT,DE-LU,2026-03-21T22:13:00Z,2026-03-22T23:59:59Z,ACCEPTED,
ACER-126019185,TRD-003260,A0003421.DE,STANDARD_SUPPLY,CONT,DE-LU,2026-03-21T21:29:00Z,2026-03-22T23:59:59Z,ACCEPTED,
ACER-795137550,TRD-003261,A0003421.DE,STANDARD_SUPPLY,AUCT,DE-LU,2026-03-21T19:17:00Z,2026-03-22T23:59:59Z,ACCEPTED,
ACER-670799628,TRD-003262,A0003421.DE,STANDARD_SUPPLY,CONT,DE-LU,2026-03-21T21:33:00Z,2026-03-22T23:59:59Z,ACCEPTED,
ACER-868168956,TRD-003263,A0003421.DE,STANDARD_SUPPLY,CONT,DE-LU,2026-03-21T11:35:00Z,2026-03-22T23:59:59Z,ACCEPTED,
ACER-529165878,TRD-003264,A0003421.DE,STANDARD_SUPPLY,CONT,DE-LU,2026-03-21T14:51:00Z,2026-03-22T23:59:59Z,ACCEPTED,
ACER-571187649,TRD-003265,A0003421.DE,STANDARD_SUPPLY,CONT,DE-LU,2026-03-21T17:08:00Z,2026-03-22T23:59:59Z,SUBMITTED,
ACER-849481984,TRD-003266,A0003421.DE,STANDARD_SUPPLY,CONT,DE-LU,2026-03-21T13:37:00Z,2026-03-22T23:59:59Z,ACCEPTED,
ACER-580444591,TRD-003267,A0003421.DE,TRANSPORTATION,CONT,DE-LU,2026-03-21T10:37:00Z,2026-03-22T23:59:59Z,ACCEPTED,
ACER-235219893,TRD-003268,A0003421.DE,STANDARD_SUPPLY,CONT,DE-LU,2026-03-21T19:40:00Z,2026-03-22T23:59:59Z,ACCEPTED,
ACER-273564470,TRD-003269,A0003421.DE,STANDARD_SUPPLY,CONT,DE-LU,2026-03-21T08:13:00Z,2026-03-22T23:59:59Z,ACCEPTED,
ACER-592183949,TRD-003270,A0003421.DE,STANDARD_SUPPLY,CONT,DE-LU,2026-03-21T14:15:00Z,2026-03-22T23:59:59Z,ACCEPTED,
ACER-256180800,TRD-003271,A0003421.DE,STANDARD_SUPPLY,CONT,DE-LU,2026-03-21T16:12:00Z,2026-03-22T23:59:59Z,ACCEPTED,
ACER-116598271,TRD-003272,A0003421.DE,STANDARD_SUPPLY,AUCT,DE-LU,2026-03-21T22:12:00Z,2026-03-22T23:59:59Z,SUBMITTED,
ACER-974642969,TRD-003273,A0003421.DE,STANDARD_SUPPLY,CONT,DE-LU,2026-03-21T13:06:00Z,2026-03-22T23:59:59Z,ACCEPTED,
ACER-216018934,TRD-003274,A0003421.DE,STANDARD_SUPPLY,AUCT,DE-LU,2026-03-21T11:13:00Z,2026-03-22T23:59:59Z,SUBMITTED,
ACER-978670631,TRD-003275,A0003421.DE,STANDARD_SUPPLY,CONT,DE-LU,2026-03-21T13:45:00Z,2026-03-22T23:59:59Z,ACCEPTED,
ACER-231021760,TRD-003276,A0003421.DE,STANDARD_SUPPLY,CONT,DE-LU,2026-03-21T17:35:00Z,2026-03-22T23:59:59Z,PENDING,
ACER-988422157,TRD-003277,A0003421.DE,STANDARD_SUPPLY,AUCT,DE-LU,2026-03-21T18:44:00Z,2026-03-22T23:59:59Z,ACCEPTED,
ACER-432709314,TRD-003278,A0003421.DE,STANDARD_SUPPLY,CONT,DE-LU,2026-03-21T09:00:00Z,2026-03-22T23:59:59Z,ACCEPTED,
ACER-151880549,TRD-003279,A0003421.DE,TRANSPORTATION,CONT,DE-LU,2026-03-21T10:19:00Z,2026-03-22T23:59:59Z,ACCEPTED,
ACER-872718329,TRD-003280,A0003421.DE,STANDARD_SUPPLY,CONT,DE-LU,2026-03-21T18:59:00Z,2026-03-22T23:59:59Z,SUBMITTED,
ACER-361491728,TRD-003281,A0003421.DE,STANDARD_SUPPLY,AUCT,DE-LU,2026-03-21T19:00:00Z,2026-03-22T23:59:59Z,SUBMITTED,
ACER-204748760,TRD-003282,A0003421.DE,TRANSPORTATION,CONT,DE-LU,2026-03-21T08:02:00Z,2026-03-22T23:59:59Z,ACCEPTED,
ACER-663874826,TRD-003283,A0003421.DE,TRANSPORTATION,CONT,DE-LU,2026-03-21T09:52:00Z,2026-03-22T23:59:59Z,ACCEPTED,
ACER-200595046,TRD-003284,A0003421.DE,STANDARD_SUPPLY,CONT,DE-LU,2026-03-21T10:16:00Z,2026-03-22T23:59:59Z,SUBMITTED,
ACER-892590846,TRD-003285,A0003421.DE,TRANSPORTATION,CONT,DE-LU,2026-03-21T19:02:00Z,2026-03-22T23:59:59Z,SUBMITTED,
ACER-656261512,TRD-003286,A0003421.DE,TRANSPORTATION,AUCT,DE-LU,2026-03-21T09:51:00Z,2026-03-22T23:59:59Z,ACCEPTED,
ACER-936427527,TRD-003281,A0003421.DE,TRANSPORTATION,AUCT,DE-LU,2026-03-22T22:22:00Z,2026-03-23T23:59:59Z,ACCEPTED,
ACER-169598820,TRD-003282,A0003421.DE,STANDARD_SUPPLY,AUCT,DE-LU,2026-03-22T12:07:00Z,2026-03-23T23:59:59Z,ACCEPTED,
ACER-892073832,TRD-003283,A0003421.DE,STANDARD_SUPPLY,AUCT,DE-LU,2026-03-22T11:48:00Z,2026-03-23T23:59:59Z,ACCEPTED,
ACER-877871356,TRD-003284,A0003421.DE,STANDARD_SUPPLY,AUCT,DE-LU,2026-03-22T16:52:00Z,2026-03-23T23:59:59Z,ACCEPTED,
ACER-480897469,TRD-003285,A0003421.DE,TRANSPORTATION,CONT,DE-LU,2026-03-22T14:03:00Z,2026-03-23T23:59:59Z,SUBMITTED,
ACER-915060627,TRD-003286,A0003421.DE,STANDARD_SUPPLY,AUCT,DE-LU,2026-03-22T20:12:00Z,2026-03-23T23:59:59Z,SUBMITTED,
ACER-417847657,TRD-003287,A0003421.DE,STANDARD_SUPPLY,AUCT,DE-LU,2026-03-22T10:07:00Z,2026-03-23T23:59:59Z,SUBMITTED,
ACER-185356256,TRD-003288,A0003421.DE,STANDARD_SUPPLY,CONT,DE-LU,2026-03-22T21:30:00Z,2026-03-23T23:59:59Z,ACCEPTED,
ACER-517939199,TRD-003289,A0003421.DE,STANDARD_SUPPLY,CONT,DE-LU,2026-03-22T11:51:00Z,2026-03-23T23:59:59Z,ACCEPTED,
ACER-204109129,TRD-003290,A0003421.DE,STANDARD_SUPPLY,CONT,DE-LU,2026-03-22T07:54:00Z,2026-03-23T23:59:59Z,ACCEPTED,
ACER-873950356,TRD-003291,A0003421.DE,STANDARD_SUPPLY,CONT,DE-LU,2026-03-22T08:24:00Z,2026-03-23T23:59:59Z,PENDING,
ACER-825666622,TRD-003292,A0003421.DE,STANDARD_SUPPLY,CONT,DE-LU,2026-03-22T21:01:00Z,2026-03-23T23:59:59Z,SUBMITTED,
ACER-859612603,TRD-003293,A0003421.DE,STANDARD_SUPPLY,AUCT,DE-LU,2026-03-22T20:15:00Z,2026-03-23T23:59:59Z,ACCEPTED,
ACER-835596437,TRD-003294,A0003421.DE,STANDARD_SUPPLY,CONT,DE-LU,2026-03-22T06:27:00Z,2026-03-23T23:59:59Z,ACCEPTED,
ACER-644110330,TRD-003295,A0003421.DE,STANDARD_SUPPLY,CONT,DE-LU,2026-03-22T06:45:00Z,2026-03-23T23:59:59Z,ACCEPTED,
ACER-709319746,TRD-003296,A0003421.DE,TRANSPORTATION,AUCT,DE-LU,2026-03-22T20:45:00Z,2026-03-23T23:59:59Z,PENDING,
ACER-737470529,TRD-003297,A0003421.DE,STANDARD_SUPPLY,CONT,DE-LU,2026-03-22T12:38:00Z,2026-03-23T23:59:59Z,SUBMITTED,
ACER-576890565,TRD-003298,A0003421.DE,TRANSPORTATION,CONT,DE-LU,2026-03-22T17:58:00Z,2026-03-23T23:59:59Z,ACCEPTED,
ACER-725525383,TRD-003299,A0003421.DE,STANDARD_SUPPLY,CONT,DE-LU,2026-03-22T15:28:00Z,2026-03-23T23:59:59Z,ACCEPTED,
ACER-532599819,TRD-003300,A0003421.DE,STANDARD_SUPPLY,CONT,DE-LU,2026-03-22T12:18:00Z,2026-03-23T23:59:59Z,ACCEPTED,
ACER-233903545,TRD-003301,A0003421.DE,STANDARD_SUPPLY,CONT,DE-LU,2026-03-22T14:03:00Z,2026-03-23T23:59:59Z,ACCEPTED,
ACER-522723685,TRD-003302,A0003421.DE,STANDARD_SUPPLY,CONT,DE-LU,2026-03-22T17:24:00Z,2026-03-23T23:59:59Z,ACCEPTED,
ACER-175081332,TRD-003303,A0003421.DE,STANDARD_SUPPLY,AUCT,DE-LU,2026-03-22T11:46:00Z,2026-03-23T23:59:59Z,SUBMITTED,
ACER-747771752,TRD-003304,A0003421.DE,STANDARD_SUPPLY,AUCT,DE-LU,2026-03-22T21:11:00Z,2026-03-23T23:59:59Z,ACCEPTED,
ACER-731599681,TRD-003305,A0003421.DE,STANDARD_SUPPLY,AUCT,DE-LU,2026-03-22T11:40:00Z,2026-03-23T23:59:59Z,ACCEPTED,
ACER-683070296,TRD-003306,A0003421.DE,TRANSPORTATION,CONT,DE-LU,2026-03-22T19:21:00Z,2026-03-23T23:59:59Z,SUBMITTED,
ACER-439936692,TRD-003307,A0003421.DE,TRANSPORTATION,CONT,DE-LU,2026-03-22T09:26:00Z,2026-03-23T23:59:59Z,ACCEPTED,
ACER-398325425,TRD-003308,A0003421.DE,TRANSPORTATION,CONT,DE-LU,2026-03-22T21:48:00Z,2026-03-23T23:59:59Z,SUBMITTED,
ACER-927836154,TRD-003309,A0003421.DE,TRANSPORTATION,CONT,DE-LU,2026-03-22T06:08:00Z,2026-03-23T23:59:59Z,ACCEPTED,
ACER-875668396,TRD-003310,A0003421.DE,STANDARD_SUPPLY,CONT,DE-LU,2026-03-22T19:32:00Z,2026-03-23T23:59:59Z,ACCEPTED,
ACER-543466390,TRD-003311,A0003421.DE,STANDARD_SUPPLY,CONT,DE-LU,2026-03-22T21:21:00Z,2026-03-23T23:59:59Z,SUBMITTED,
ACER-626951624,TRD-003312,A0003421.DE,STANDARD_SUPPLY,CONT,DE-LU,2026-03-22T11:42:00Z,2026-03-23T23:59:59Z,ACCEPTED,
ACER-257161131,TRD-003313,A0003421.DE,STANDARD_SUPPLY,AUCT,DE-LU,2026-03-22T14:51:00Z,2026-03-23T23:59:59Z,ACCEPTED,
ACER-570138978,TRD-003314,A0003421.DE,STANDARD_SUPPLY,CONT,DE-LU,2026-03-22T21:33:00Z,2026-03-23T23:59:59Z,ACCEPTED,
ACER-663718255,TRD-003315,A0003421.DE,STANDARD_SUPPLY,CONT,DE-LU,2026-03-22T20:49:00Z,2026-03-23T23:59:59Z,ACCEPTED,
ACER-472100452,TRD-003316,A0003421.DE,STANDARD_SUPPLY,CONT,DE-LU,2026-03-22T12:31:00Z,2026-03-23T23:59:59Z,PENDING,
ACER-126645666,TRD-003317,A0003421.DE,STANDARD_SUPPLY,CONT,DE-LU,2026-03-22T20:53:00Z,2026-03-23T23:59:59Z,SUBMITTED,
ACER-210450698,TRD-003318,A0003421.DE,STANDARD_SUPPLY,AUCT,DE-LU,2026-03-22T08:45:00Z,2026-03-23T23:59:59Z,ACCEPTED,
ACER-181740864,TRD-003319,A0003421.DE,STANDARD_SUPPLY,AUCT,DE-LU,2026-03-22T19:19:00Z,2026-03-23T23:59:59Z,SUBMITTED,
ACER-340733156,TRD-003320,A0003421.DE,TRANSPORTATION,CONT,DE-LU,2026-03-22T10:55:00Z,2026-03-23T23:59:59Z,SUBMITTED,
ACER-733055559,TRD-003321,A0003421.DE,STANDARD_SUPPLY,CONT,DE-LU,2026-03-22T18:48:00Z,2026-03-23T23:59:59Z,ACCEPTED,
ACER-678738933,TRD-003322,A0003421.DE,STANDARD_SUPPLY,AUCT,DE-LU,2026-03-22T11:04:00Z,2026-03-23T23:59:59Z,REJECTED,INVALID_DELIVERY_POINT
ACER-684270279,TRD-003311,A0003421.DE,STANDARD_SUPPLY,CONT,DE-LU,2026-03-23T19:57:00Z,2026-03-24T23:59:59Z,ACCEPTED,
ACER-828107239,TRD-003312,A0003421.DE,TRANSPORTATION,CONT,DE-LU,2026-03-23T12:12:00Z,2026-03-24T23:59:59Z,ACCEPTED,
ACER-249454070,TRD-003313,A0003421.DE,STANDARD_SUPPLY,CONT,DE-LU,2026-03-23T06:33:00Z,2026-03-24T23:59:59Z,ACCEPTED,
ACER-159395092,TRD-003314,A0003421.DE,STANDARD_SUPPLY,CONT,DE-LU,2026-03-23T17:55:00Z,2026-03-24T23:59:59Z,ACCEPTED,
ACER-562527503,TRD-003315,A0003421.DE,STANDARD_SUPPLY,AUCT,DE-LU,2026-03-23T22:29:00Z,2026-03-24T23:59:59Z,SUBMITTED,
ACER-832800007,TRD-003316,A0003421.DE,STANDARD_SUPPLY,AUCT,DE-LU,2026-03-23T16:30:00Z,2026-03-24T23:59:59Z,SUBMITTED,
ACER-512987016,TRD-003317,A0003421.DE,TRANSPORTATION,CONT,DE-LU,2026-03-23T22:06:00Z,2026-03-24T23:59:59Z,ACCEPTED,
ACER-314379460,TRD-003318,A0003421.DE,STANDARD_SUPPLY,CONT,DE-LU,2026-03-23T08:42:00Z,2026-03-24T23:59:59Z,ACCEPTED,
ACER-326005945,TRD-003319,A0003421.DE,STANDARD_SUPPLY,CONT,DE-LU,2026-03-23T19:46:00Z,2026-03-24T23:59:59Z,ACCEPTED,
ACER-319539016,TRD-003320,A0003421.DE,STANDARD_SUPPLY,CONT,DE-LU,2026-03-23T06:40:00Z,2026-03-24T23:59:59Z,SUBMITTED,
ACER-775123251,TRD-003321,A0003421.DE,STANDARD_SUPPLY,AUCT,DE-LU,2026-03-23T17:31:00Z,2026-03-24T23:59:59Z,ACCEPTED,
ACER-364529915,TRD-003322,A0003421.DE,STANDARD_SUPPLY,AUCT,DE-LU,2026-03-23T08:05:00Z,2026-03-24T23:59:59Z,ACCEPTED,
ACER-297358714,TRD-003323,A0003421.DE,STANDARD_SUPPLY,AUCT,DE-LU,2026-03-23T19:42:00Z,2026-03-24T23:59:59Z,ACCEPTED,
ACER-303355273,TRD-003324,A0003421.DE,STANDARD_SUPPLY,AUCT,DE-LU,2026-03-23T13:48:00Z,2026-03-24T23:59:59Z,ACCEPTED,
ACER-164821227,TRD-003325,A0003421.DE,STANDARD_SUPPLY,CONT,DE-LU,2026-03-23T15:31:00Z,2026-03-24T23:59:59Z,ACCEPTED,
ACER-494637384,TRD-003326,A0003421.DE,STANDARD_SUPPLY,CONT,DE-LU,2026-03-23T10:12:00Z,2026-03-24T23:59:59Z,ACCEPTED,
ACER-835217902,TRD-003327,A0003421.DE,TRANSPORTATION,CONT,DE-LU,2026-03-23T10:17:00Z,2026-03-24T23:59:59Z,ACCEPTED,
ACER-929410426,TRD-003328,A0003421.DE,STANDARD_SUPPLY,CONT,DE-LU,2026-03-23T09:40:00Z,2026-03-24T23:59:59Z,SUBMITTED,
ACER-579532566,TRD-003329,A0003421.DE,STANDARD_SUPPLY,CONT,DE-LU,2026-03-23T10:57:00Z,2026-03-24T23:59:59Z,ACCEPTED,
ACER-912097691,TRD-003341,A0003421.DE,STANDARD_SUPPLY,AUCT,DE-LU,2026-03-24T06:22:00Z,2026-03-25T23:59:59Z,ACCEPTED,
ACER-760969616,TRD-003342,A0003421.DE,STANDARD_SUPPLY,CONT,DE-LU,2026-03-24T15:20:00Z,2026-03-25T23:59:59Z,SUBMITTED,
ACER-927087151,TRD-003343,A0003421.DE,STANDARD_SUPPLY,CONT,DE-LU,2026-03-24T12:53:00Z,2026-03-25T23:59:59Z,SUBMITTED,
ACER-769103624,TRD-003344,A0003421.DE,TRANSPORTATION,AUCT,DE-LU,2026-03-24T06:30:00Z,2026-03-25T23:59:59Z,SUBMITTED,
ACER-968811182,TRD-003345,A0003421.DE,TRANSPORTATION,AUCT,DE-LU,2026-03-24T07:56:00Z,2026-03-25T23:59:59Z,SUBMITTED,
ACER-445289970,TRD-003346,A0003421.DE,STANDARD_SUPPLY,CONT,DE-LU,2026-03-24T10:32:00Z,2026-03-25T23:59:59Z,ACCEPTED,
ACER-463671057,TRD-003347,A0003421.DE,STANDARD_SUPPLY,AUCT,DE-LU,2026-03-24T09:10:00Z,2026-03-25T23:59:59Z,SUBMITTED,
ACER-632023432,TRD-003348,A0003421.DE,STANDARD_SUPPLY,CONT,DE-LU,2026-03-24T08:41:00Z,2026-03-25T23:59:59Z,ACCEPTED,
ACER-630680237,TRD-003349,A0003421.DE,TRANSPORTATION,AUCT,DE-LU,2026-03-24T20:22:00Z,2026-03-25T23:59:59Z,REJECTED,INVALID_DELIVERY_POINT
ACER-346020187,TRD-003350,A0003421.DE,STANDARD_SUPPLY,CONT,DE-LU,2026-03-24T06:58:00Z,2026-03-25T23:59:59Z,ACCEPTED,
ACER-551128568,TRD-003351,A0003421.DE,STANDARD_SUPPLY,CONT,DE-LU,2026-03-24T14:09:00Z,2026-03-25T23:59:59Z,ACCEPTED,
ACER-773513887,TRD-003352,A0003421.DE,STANDARD_SUPPLY,CONT,DE-LU,2026-03-24T12:21:00Z,2026-03-25T23:59:59Z,ACCEPTED,
ACER-963721700,TRD-003353,A0003421.DE,STANDARD_SUPPLY,CONT,DE-LU,2026-03-24T11:19:00Z,2026-03-25T23:59:59Z,SUBMITTED,
ACER-938760670,TRD-003354,A0003421.DE,STANDARD_SUPPLY,CONT,DE-LU,2026-03-24T22:11:00Z,2026-03-25T23:59:59Z,SUBMITTED,
ACER-851212395,TRD-003355,A0003421.DE,STANDARD_SUPPLY,CONT,DE-LU,2026-03-24T06:57:00Z,2026-03-25T23:59:59Z,ACCEPTED,
ACER-122566317,TRD-003371,A0003421.DE,STANDARD_SUPPLY,CONT,DE-LU,2026-03-25T15:20:00Z,2026-03-26T23:59:59Z,ACCEPTED,
ACER-439828008,TRD-003372,A0003421.DE,TRANSPORTATION,AUCT,DE-LU,2026-03-25T10:16:00Z,2026-03-26T23:59:59Z,ACCEPTED,
ACER-777386156,TRD-003373,A0003421.DE,STANDARD_SUPPLY,CONT,DE-LU,2026-03-25T19:47:00Z,2026-03-26T23:59:59Z,ACCEPTED,
ACER-470559149,TRD-003374,A0003421.DE,STANDARD_SUPPLY,AUCT,DE-LU,2026-03-25T11:54:00Z,2026-03-26T23:59:59Z,ACCEPTED,
ACER-919020520,TRD-003375,A0003421.DE,TRANSPORTATION,CONT,DE-LU,2026-03-25T06:09:00Z,2026-03-26T23:59:59Z,ACCEPTED,
ACER-755148061,TRD-003376,A0003421.DE,STANDARD_SUPPLY,CONT,DE-LU,2026-03-25T08:26:00Z,2026-03-26T23:59:59Z,ACCEPTED,
ACER-156924039,TRD-003377,A0003421.DE,STANDARD_SUPPLY,CONT,DE-LU,2026-03-25T16:20:00Z,2026-03-26T23:59:59Z,SUBMITTED,
ACER-875297986,TRD-003378,A0003421.DE,TRANSPORTATION,CONT,DE-LU,2026-03-25T12:42:00Z,2026-03-26T23:59:59Z,ACCEPTED,
ACER-757075034,TRD-003379,A0003421.DE,STANDARD_SUPPLY,CONT,DE-LU,2026-03-25T18:02:00Z,2026-03-26T23:59:59Z,ACCEPTED,
ACER-533637853,TRD-003380,A0003421.DE,STANDARD_SUPPLY,AUCT,DE-LU,2026-03-25T17:32:00Z,2026-03-26T23:59:59Z,ACCEPTED,
ACER-336193602,TRD-003381,A0003421.DE,STANDARD_SUPPLY,CONT,DE-LU,2026-03-25T19:13:00Z,2026-03-26T23:59:59Z,ACCEPTED,
ACER-138893502,TRD-003382,A0003421.DE,STANDARD_SUPPLY,CONT,DE-LU,2026-03-25T19:00:00Z,2026-03-26T23:59:59Z,ACCEPTED,
ACER-809727128,TRD-003383,A0003421.DE,STANDARD_SUPPLY,CONT,DE-LU,2026-03-25T10:35:00Z,2026-03-26T23:59:59Z,ACCEPTED,
ACER-387613444,TRD-003384,A0003421.DE,STANDARD_SUPPLY,CONT,DE-LU,2026-03-25T21:57:00Z,2026-03-26T23:59:59Z,SUBMITTED,
ACER-207001166,TRD-003385,A0003421.DE,STANDARD_SUPPLY,CONT,DE-LU,2026-03-25T07:31:00Z,2026-03-26T23:59:59Z,PENDING,
ACER-840497664,TRD-003386,A0003421.DE,STANDARD_SUPPLY,CONT,DE-LU,2026-03-25T13:49:00Z,2026-03-26T23:59:59Z,ACCEPTED,
ACER-511517741,TRD-003387,A0003421.DE,STANDARD_SUPPLY,CONT,DE-LU,2026-03-25T11:54:00Z,2026-03-26T23:59:59Z,SUBMITTED,
ACER-413111676,TRD-003388,A0003421.DE,STANDARD_SUPPLY,CONT,DE-LU,2026-03-25T08:07:00Z,2026-03-26T23:59:59Z,SUBMITTED,
ACER-825368048,TRD-003401,A0003421.DE,STANDARD_SUPPLY,AUCT,DE-LU,2026-03-26T07:17:00Z,2026-03-27T23:59:59Z,ACCEPTED,
ACER-231104189,TRD-003402,A0003421.DE,STANDARD_SUPPLY,AUCT,DE-LU,2026-03-26T06:00:00Z,2026-03-27T23:59:59Z,ACCEPTED,
ACER-566767214,TRD-003403,A0003421.DE,STANDARD_SUPPLY,CONT,DE-LU,2026-03-26T06:46:00Z,2026-03-27T23:59:59Z,ACCEPTED,
ACER-672205195,TRD-003404,A0003421.DE,STANDARD_SUPPLY,AUCT,DE-LU,2026-03-26T21:18:00Z,2026-03-27T23:59:59Z,SUBMITTED,
ACER-423069201,TRD-003405,A0003421.DE,STANDARD_SUPPLY,CONT,DE-LU,2026-03-26T06:35:00Z,2026-03-27T23:59:59Z,PENDING,
ACER-773132978,TRD-003406,A0003421.DE,STANDARD_SUPPLY,CONT,DE-LU,2026-03-26T06:47:00Z,2026-03-27T23:59:59Z,PENDING,
ACER-765880425,TRD-003407,A0003421.DE,STANDARD_SUPPLY,AUCT,DE-LU,2026-03-26T08:27:00Z,2026-03-27T23:59:59Z,ACCEPTED,
ACER-316037347,TRD-003408,A0003421.DE,STANDARD_SUPPLY,CONT,DE-LU,2026-03-26T20:45:00Z,2026-03-27T23:59:59Z,ACCEPTED,
ACER-485208120,TRD-003409,A0003421.DE,TRANSPORTATION,CONT,DE-LU,2026-03-26T15:56:00Z,2026-03-27T23:59:59Z,ACCEPTED,
ACER-906010139,TRD-003410,A0003421.DE,STANDARD_SUPPLY,AUCT,DE-LU,2026-03-26T06:03:00Z,2026-03-27T23:59:59Z,ACCEPTED,
ACER-184252213,TRD-003411,A0003421.DE,STANDARD_SUPPLY,AUCT,DE-LU,2026-03-26T09:08:00Z,2026-03-27T23:59:59Z,ACCEPTED,
ACER-621444160,TRD-003412,A0003421.DE,STANDARD_SUPPLY,CONT,DE-LU,2026-03-26T14:19:00Z,2026-03-27T23:59:59Z,SUBMITTED,
ACER-764809684,TRD-003413,A0003421.DE,STANDARD_SUPPLY,CONT,DE-LU,2026-03-26T08:51:00Z,2026-03-27T23:59:59Z,SUBMITTED,
ACER-485688374,TRD-003414,A0003421.DE,STANDARD_SUPPLY,CONT,DE-LU,2026-03-26T13:35:00Z,2026-03-27T23:59:59Z,ACCEPTED,
ACER-279525992,TRD-003415,A0003421.DE,TRANSPORTATION,AUCT,DE-LU,2026-03-26T15:14:00Z,2026-03-27T23:59:59Z,ACCEPTED,
ACER-645993240,TRD-003416,A0003421.DE,STANDARD_SUPPLY,CONT,DE-LU,2026-03-26T17:30:00Z,2026-03-27T23:59:59Z,ACCEPTED,
ACER-595057397,TRD-003417,A0003421.DE,STANDARD_SUPPLY,AUCT,DE-LU,2026-03-26T06:04:00Z,2026-03-27T23:59:59Z,ACCEPTED,
ACER-554262375,TRD-003418,A0003421.DE,STANDARD_SUPPLY,CONT,DE-LU,2026-03-26T11:02:00Z,2026-03-27T23:59:59Z,SUBMITTED,
ACER-363128442,TRD-003419,A0003421.DE,STANDARD_SUPPLY,AUCT,DE-LU,2026-03-26T13:00:00Z,2026-03-27T23:59:59Z,PENDING,
ACER-909003017,TRD-003420,A0003421.DE,STANDARD_SUPPLY,AUCT,DE-LU,2026-03-26T20:24:00Z,2026-03-27T23:59:59Z,ACCEPTED,
ACER-117458952,TRD-003421,A0003421.DE,STANDARD_SUPPLY,CONT,DE-LU,2026-03-26T18:29:00Z,2026-03-27T23:59:59Z,ACCEPTED,
ACER-681281584,TRD-003422,A0003421.DE,TRANSPORTATION,AUCT,DE-LU,2026-03-26T14:16:00Z,2026-03-27T23:59:59Z,SUBMITTED,
ACER-267195621,TRD-003423,A0003421.DE,TRANSPORTATION,CONT,DE-LU,2026-03-26T08:24:00Z,2026-03-27T23:59:59Z,ACCEPTED,
ACER-117193609,TRD-003424,A0003421.DE,STANDARD_SUPPLY,CONT,DE-LU,2026-03-26T17:00:00Z,2026-03-27T23:59:59Z,ACCEPTED,
ACER-560112452,TRD-003425,A0003421.DE,STANDARD_SUPPLY,AUCT,DE-LU,2026-03-26T22:33:00Z,2026-03-27T23:59:59Z,ACCEPTED,
ACER-952962871,TRD-003426,A0003421.DE,TRANSPORTATION,CONT,DE-LU,2026-03-26T12:45:00Z,2026-03-27T23:59:59Z,SUBMITTED,
ACER-745297677,TRD-003427,A0003421.DE,STANDARD_SUPPLY,CONT,DE-LU,2026-03-26T22:28:00Z,2026-03-27T23:59:59Z,ACCEPTED,
ACER-413130456,TRD-003428,A0003421.DE,STANDARD_SUPPLY,CONT,DE-LU,2026-03-26T20:39:00Z,2026-03-27T23:59:59Z,ACCEPTED,
ACER-101606506,TRD-003429,A0003421.DE,STANDARD_SUPPLY,CONT,DE-LU,2026-03-26T22:29:00Z,2026-03-27T23:59:59Z,ACCEPTED,
ACER-845326140,TRD-003430,A0003421.DE,STANDARD_SUPPLY,AUCT,DE-LU,2026-03-26T21:19:00Z,2026-03-27T23:59:59Z,SUBMITTED,
ACER-535900524,TRD-003431,A0003421.DE,STANDARD_SUPPLY,CONT,DE-LU,2026-03-26T13:17:00Z,2026-03-27T23:59:59Z,ACCEPTED,
ACER-241898532,TRD-003432,A0003421.DE,STANDARD_SUPPLY,AUCT,DE-LU,2026-03-26T10:33:00Z,2026-03-27T23:59:59Z,ACCEPTED,
ACER-805768447,TRD-003433,A0003421.DE,STANDARD_SUPPLY,CONT,DE-LU,2026-03-26T07:14:00Z,2026-03-27T23:59:59Z,ACCEPTED,
ACER-446716736,TRD-003434,A0003421.DE,STANDARD_SUPPLY,CONT,DE-LU,2026-03-26T15:48:00Z,2026-03-27T23:59:59Z,ACCEPTED,
ACER-231881097,TRD-003435,A0003421.DE,TRANSPORTATION,CONT,DE-LU,2026-03-26T16:38:00Z,2026-03-27T23:59:59Z,ACCEPTED,
ACER-843387973,TRD-003436,A0003421.DE,STANDARD_SUPPLY,CONT,DE-LU,2026-03-26T08:40:00Z,2026-03-27T23:59:59Z,ACCEPTED,
ACER-747661458,TRD-003431,A0003421.DE,TRANSPORTATION,AUCT,DE-LU,2026-03-27T16:41:00Z,2026-03-28T23:59:59Z,ACCEPTED,
ACER-706745144,TRD-003432,A0003421.DE,TRANSPORTATION,CONT,DE-LU,2026-03-27T20:56:00Z,2026-03-28T23:59:59Z,ACCEPTED,
ACER-522286560,TRD-003433,A0003421.DE,STANDARD_SUPPLY,AUCT,DE-LU,2026-03-27T16:26:00Z,2026-03-28T23:59:59Z,SUBMITTED,
ACER-646631674,TRD-003434,A0003421.DE,STANDARD_SUPPLY,CONT,DE-LU,2026-03-27T06:19:00Z,2026-03-28T23:59:59Z,ACCEPTED,
ACER-523431540,TRD-003435,A0003421.DE,STANDARD_SUPPLY,AUCT,DE-LU,2026-03-27T16:22:00Z,2026-03-28T23:59:59Z,PENDING,
ACER-302045341,TRD-003436,A0003421.DE,TRANSPORTATION,CONT,DE-LU,2026-03-27T17:35:00Z,2026-03-28T23:59:59Z,ACCEPTED,
ACER-150753888,TRD-003437,A0003421.DE,TRANSPORTATION,CONT,DE-LU,2026-03-27T07:27:00Z,2026-03-28T23:59:59Z,ACCEPTED,
ACER-675021675,TRD-003438,A0003421.DE,STANDARD_SUPPLY,CONT,DE-LU,2026-03-27T12:32:00Z,2026-03-28T23:59:59Z,SUBMITTED,
ACER-431262983,TRD-003439,A0003421.DE,TRANSPORTATION,CONT,DE-LU,2026-03-27T06:44:00Z,2026-03-28T23:59:59Z,ACCEPTED,
ACER-837366573,TRD-003440,A0003421.DE,STANDARD_SUPPLY,CONT,DE-LU,2026-03-27T22:11:00Z,2026-03-28T23:59:59Z,SUBMITTED,
ACER-900851119,TRD-003441,A0003421.DE,STANDARD_SUPPLY,CONT,DE-LU,2026-03-27T20:32:00Z,2026-03-28T23:59:59Z,SUBMITTED,
ACER-650380295,TRD-003442,A0003421.DE,STANDARD_SUPPLY,CONT,DE-LU,2026-03-27T10:49:00Z,2026-03-28T23:59:59Z,ACCEPTED,
ACER-905320568,TRD-003443,A0003421.DE,STANDARD_SUPPLY,CONT,DE-LU,2026-03-27T09:28:00Z,2026-03-28T23:59:59Z,ACCEPTED,
ACER-299725748,TRD-003444,A0003421.DE,TRANSPORTATION,CONT,DE-LU,2026-03-27T14:36:00Z,2026-03-28T23:59:59Z,ACCEPTED,
ACER-839448465,TRD-003445,A0003421.DE,STANDARD_SUPPLY,CONT,DE-LU,2026-03-27T18:58:00Z,2026-03-28T23:59:59Z,ACCEPTED,
ACER-654074560,TRD-003446,A0003421.DE,STANDARD_SUPPLY,CONT,DE-LU,2026-03-27T16:00:00Z,2026-03-28T23:59:59Z,ACCEPTED,
ACER-702656036,TRD-003447,A0003421.DE,STANDARD_SUPPLY,CONT,DE-LU,2026-03-27T21:51:00Z,2026-03-28T23:59:59Z,ACCEPTED,
ACER-422381951,TRD-003448,A0003421.DE,TRANSPORTATION,AUCT,DE-LU,2026-03-27T13:15:00Z,2026-03-28T23:59:59Z,ACCEPTED,
ACER-854472485,TRD-003449,A0003421.DE,STANDARD_SUPPLY,CONT,DE-LU,2026-03-27T10:46:00Z,2026-03-28T23:59:59Z,ACCEPTED,
ACER-684677735,TRD-003450,A0003421.DE,STANDARD_SUPPLY,CONT,DE-LU,2026-03-27T07:47:00Z,2026-03-28T23:59:59Z,ACCEPTED,
ACER-702556289,TRD-003451,A0003421.DE,STANDARD_SUPPLY,CONT,DE-LU,2026-03-27T10:32:00Z,2026-03-28T23:59:59Z,ACCEPTED,
ACER-403503076,TRD-003452,A0003421.DE,STANDARD_SUPPLY,AUCT,DE-LU,2026-03-27T17:16:00Z,2026-03-28T23:59:59Z,PENDING,
ACER-603128739,TRD-003453,A0003421.DE,STANDARD_SUPPLY,CONT,DE-LU,2026-03-27T19:50:00Z,2026-03-28T23:59:59Z,ACCEPTED,
ACER-165580533,TRD-003454,A0003421.DE,STANDARD_SUPPLY,CONT,DE-LU,2026-03-27T19:04:00Z,2026-03-28T23:59:59Z,SUBMITTED,
ACER-302437884,TRD-003455,A0003421.DE,STANDARD_SUPPLY,CONT,DE-LU,2026-03-27T10:37:00Z,2026-03-28T23:59:59Z,ACCEPTED,
ACER-122259601,TRD-003456,A0003421.DE,STANDARD_SUPPLY,CONT,DE-LU,2026-03-27T09:58:00Z,2026-03-28T23:59:59Z,ACCEPTED,
ACER-319188820,TRD-003457,A0003421.DE,STANDARD_SUPPLY,AUCT,DE-LU,2026-03-27T07:42:00Z,2026-03-28T23:59:59Z,ACCEPTED,
ACER-593061105,TRD-003458,A0003421.DE,STANDARD_SUPPLY,AUCT,DE-LU,2026-03-27T12:11:00Z,2026-03-28T23:59:59Z,ACCEPTED,
ACER-846298204,TRD-003461,A0003421.DE,STANDARD_SUPPLY,CONT,DE-LU,2026-03-28T15:07:00Z,2026-03-29T23:59:59Z,ACCEPTED,
ACER-714152525,TRD-003462,A0003421.DE,STANDARD_SUPPLY,CONT,DE-LU,2026-03-28T16:01:00Z,2026-03-29T23:59:59Z,ACCEPTED,
ACER-438207247,TRD-003463,A0003421.DE,TRANSPORTATION,CONT,DE-LU,2026-03-28T15:09:00Z,2026-03-29T23:59:59Z,ACCEPTED,
ACER-370203465,TRD-003464,A0003421.DE,TRANSPORTATION,AUCT,DE-LU,2026-03-28T10:54:00Z,2026-03-29T23:59:59Z,ACCEPTED,
ACER-612286843,TRD-003465,A0003421.DE,STANDARD_SUPPLY,CONT,DE-LU,2026-03-28T13:54:00Z,2026-03-29T23:59:59Z,ACCEPTED,
ACER-805440230,TRD-003466,A0003421.DE,TRANSPORTATION,CONT,DE-LU,2026-03-28T18:24:00Z,2026-03-29T23:59:59Z,SUBMITTED,
ACER-487851004,TRD-003467,A0003421.DE,STANDARD_SUPPLY,CONT,DE-LU,2026-03-28T12:31:00Z,2026-03-29T23:59:59Z,REJECTED,MISSING_COUNTERPARTY_ID
ACER-469049006,TRD-003468,A0003421.DE,TRANSPORTATION,AUCT,DE-LU,2026-03-28T07:49:00Z,2026-03-29T23:59:59Z,ACCEPTED,
ACER-952507384,TRD-003469,A0003421.DE,STANDARD_SUPPLY,CONT,DE-LU,2026-03-28T11:58:00Z,2026-03-29T23:59:59Z,ACCEPTED,
ACER-764052284,TRD-003470,A0003421.DE,STANDARD_SUPPLY,CONT,DE-LU,2026-03-28T11:48:00Z,2026-03-29T23:59:59Z,PENDING,
ACER-630489323,TRD-003471,A0003421.DE,TRANSPORTATION,CONT,DE-LU,2026-03-28T11:06:00Z,2026-03-29T23:59:59Z,ACCEPTED,
ACER-167256168,TRD-003472,A0003421.DE,TRANSPORTATION,AUCT,DE-LU,2026-03-28T13:42:00Z,2026-03-29T23:59:59Z,PENDING,
ACER-833958440,TRD-003473,A0003421.DE,STANDARD_SUPPLY,CONT,DE-LU,2026-03-28T09:54:00Z,2026-03-29T23:59:59Z,ACCEPTED,
ACER-450789859,TRD-003474,A0003421.DE,STANDARD_SUPPLY,CONT,DE-LU,2026-03-28T06:47:00Z,2026-03-29T23:59:59Z,ACCEPTED,
ACER-548257717,TRD-003475,A0003421.DE,STANDARD_SUPPLY,AUCT,DE-LU,2026-03-28T20:03:00Z,2026-03-29T23:59:59Z,ACCEPTED,
ACER-648723479,TRD-003476,A0003421.DE,STANDARD_SUPPLY,CONT,DE-LU,2026-03-28T10:41:00Z,2026-03-29T23:59:59Z,ACCEPTED,
ACER-124491371,TRD-003491,A0003421.DE,STANDARD_SUPPLY,CONT,DE-LU,2026-03-29T17:46:00Z,2026-03-30T23:59:59Z,ACCEPTED,
ACER-100236314,TRD-003492,A0003421.DE,STANDARD_SUPPLY,AUCT,DE-LU,2026-03-29T10:26:00Z,2026-03-30T23:59:59Z,ACCEPTED,
ACER-461254634,TRD-003493,A0003421.DE,STANDARD_SUPPLY,AUCT,DE-LU,2026-03-29T08:05:00Z,2026-03-30T23:59:59Z,SUBMITTED,
ACER-895880495,TRD-003494,A0003421.DE,STANDARD_SUPPLY,CONT,DE-LU,2026-03-29T06:29:00Z,2026-03-30T23:59:59Z,ACCEPTED,
ACER-623560078,TRD-003495,A0003421.DE,STANDARD_SUPPLY,CONT,DE-LU,2026-03-29T16:58:00Z,2026-03-30T23:59:59Z,ACCEPTED,
ACER-145383321,TRD-003496,A0003421.DE,TRANSPORTATION,CONT,DE-LU,2026-03-29T17:34:00Z,2026-03-30T23:59:59Z,SUBMITTED,
ACER-161365265,TRD-003497,A0003421.DE,STANDARD_SUPPLY,AUCT,DE-LU,2026-03-29T09:25:00Z,2026-03-30T23:59:59Z,ACCEPTED,
ACER-731920703,TRD-003498,A0003421.DE,STANDARD_SUPPLY,AUCT,DE-LU,2026-03-29T19:51:00Z,2026-03-30T23:59:59Z,SUBMITTED,
ACER-695159513,TRD-003499,A0003421.DE,STANDARD_SUPPLY,AUCT,DE-LU,2026-03-29T14:03:00Z,2026-03-30T23:59:59Z,SUBMITTED,
ACER-377989002,TRD-003500,A0003421.DE,STANDARD_SUPPLY,CONT,DE-LU,2026-03-29T14:43:00Z,2026-03-30T23:59:59Z,PENDING,
ACER-608514251,TRD-003501,A0003421.DE,STANDARD_SUPPLY,CONT,DE-LU,2026-03-29T12:35:00Z,2026-03-30T23:59:59Z,ACCEPTED,
ACER-882005471,TRD-003502,A0003421.DE,STANDARD_SUPPLY,CONT,DE-LU,2026-03-29T07:33:00Z,2026-03-30T23:59:59Z,ACCEPTED,
ACER-147867225,TRD-003503,A0003421.DE,STANDARD_SUPPLY,CONT,DE-LU,2026-03-29T17:45:00Z,2026-03-30T23:59:59Z,PENDING,
ACER-227234735,TRD-003504,A0003421.DE,TRANSPORTATION,AUCT,DE-LU,2026-03-29T18:23:00Z,2026-03-30T23:59:59Z,ACCEPTED,
ACER-816534618,TRD-003505,A0003421.DE,STANDARD_SUPPLY,CONT,DE-LU,2026-03-29T20:10:00Z,2026-03-30T23:59:59Z,ACCEPTED,
ACER-392107981,TRD-003506,A0003421.DE,STANDARD_SUPPLY,CONT,DE-LU,2026-03-29T15:38:00Z,2026-03-30T23:59:59Z,ACCEPTED,
ACER-238267704,TRD-003507,A0003421.DE,STANDARD_SUPPLY,CONT,DE-LU,2026-03-29T17:34:00Z,2026-03-30T23:59:59Z,ACCEPTED,
ACER-711274236,TRD-003508,A0003421.DE,STANDARD_SUPPLY,CONT,DE-LU,2026-03-29T06:16:00Z,2026-03-30T23:59:59Z,ACCEPTED,
ACER-103143997,TRD-003509,A0003421.DE,STANDARD_SUPPLY,CONT,DE-LU,2026-03-29T22:00:00Z,2026-03-30T23:59:59Z,ACCEPTED,
ACER-735510142,TRD-003510,A0003421.DE,STANDARD_SUPPLY,CONT,DE-LU,2026-03-29T10:51:00Z,2026-03-30T23:59:59Z,ACCEPTED,
ACER-136197436,TRD-003511,A0003421.DE,STANDARD_SUPPLY,AUCT,DE-LU,2026-03-29T07:06:00Z,2026-03-30T23:59:59Z,SUBMITTED,
ACER-913197876,TRD-003512,A0003421.DE,TRANSPORTATION,CONT,DE-LU,2026-03-29T11:00:00Z,2026-03-30T23:59:59Z,ACCEPTED,
ACER-285231553,TRD-003513,A0003421.DE,STANDARD_SUPPLY,CONT,DE-LU,2026-03-29T16:28:00Z,2026-03-30T23:59:59Z,ACCEPTED,
ACER-220655758,TRD-003514,A0003421.DE,TRANSPORTATION,CONT,DE-LU,2026-03-29T20:38:00Z,2026-03-30T23:59:59Z,ACCEPTED,
ACER-185914016,TRD-003515,A0003421.DE,TRANSPORTATION,CONT,DE-LU,2026-03-29T08:51:00Z,2026-03-30T23:59:59Z,SUBMITTED,
ACER-650629140,TRD-003516,A0003421.DE,STANDARD_SUPPLY,CONT,DE-LU,2026-03-29T15:30:00Z,2026-03-30T23:59:59Z,ACCEPTED,
ACER-416665161,TRD-003517,A0003421.DE,STANDARD_SUPPLY,AUCT,DE-LU,2026-03-29T08:08:00Z,2026-03-30T23:59:59Z,ACCEPTED,
ACER-570231964,TRD-003518,A0003421.DE,STANDARD_SUPPLY,CONT,DE-LU,2026-03-29T07:37:00Z,2026-03-30T23:59:59Z,PENDING,
ACER-525213329,TRD-003519,A0003421.DE,TRANSPORTATION,CONT,DE-LU,2026-03-29T13:57:00Z,2026-03-30T23:59:59Z,ACCEPTED,
ACER-508279615,TRD-003520,A0003421.DE,STANDARD_SUPPLY,CONT,DE-LU,2026-03-29T10:55:00Z,2026-03-30T23:59:59Z,ACCEPTED,
ACER-452296999,TRD-003521,A0003421.DE,STANDARD_SUPPLY,CONT,DE-LU,2026-03-29T18:37:00Z,2026-03-30T23:59:59Z,SUBMITTED,
ACER-887006090,TRD-003522,A0003421.DE,STANDARD_SUPPLY,CONT,DE-LU,2026-03-29T19:25:00Z,2026-03-30T23:59:59Z,REJECTED,VOLUME_MISMATCH
ACER-314769655,TRD-003523,A0003421.DE,STANDARD_SUPPLY,AUCT,DE-LU,2026-03-29T18:57:00Z,2026-03-30T23:59:59Z,ACCEPTED,
ACER-387839578,TRD-003521,A0003421.DE,STANDARD_SUPPLY,CONT,DE-LU,2026-03-30T21:30:00Z,2026-03-31T23:59:59Z,ACCEPTED,
ACER-346449850,TRD-003522,A0003421.DE,TRANSPORTATION,CONT,DE-LU,2026-03-30T10:05:00Z,2026-03-31T23:59:59Z,SUBMITTED,
ACER-650643965,TRD-003523,A0003421.DE,STANDARD_SUPPLY,CONT,DE-LU,2026-03-30T07:30:00Z,2026-03-31T23:59:59Z,ACCEPTED,
ACER-584190348,TRD-003524,A0003421.DE,STANDARD_SUPPLY,CONT,DE-LU,2026-03-30T19:42:00Z,2026-03-31T23:59:59Z,ACCEPTED,
ACER-662037420,TRD-003525,A0003421.DE,STANDARD_SUPPLY,CONT,DE-LU,2026-03-30T14:09:00Z,2026-03-31T23:59:59Z,ACCEPTED,
ACER-910050740,TRD-003526,A0003421.DE,STANDARD_SUPPLY,CONT,DE-LU,2026-03-30T10:45:00Z,2026-03-31T23:59:59Z,ACCEPTED,
ACER-878988315,TRD-003527,A0003421.DE,STANDARD_SUPPLY,CONT,DE-LU,2026-03-30T07:40:00Z,2026-03-31T23:59:59Z,SUBMITTED,
ACER-187446186,TRD-003528,A0003421.DE,STANDARD_SUPPLY,CONT,DE-LU,2026-03-30T10:33:00Z,2026-03-31T23:59:59Z,SUBMITTED,
ACER-166141614,TRD-003529,A0003421.DE,STANDARD_SUPPLY,AUCT,DE-LU,2026-03-30T19:41:00Z,2026-03-31T23:59:59Z,SUBMITTED,
ACER-579023934,TRD-003530,A0003421.DE,TRANSPORTATION,CONT,DE-LU,2026-03-30T20:59:00Z,2026-03-31T23:59:59Z,SUBMITTED,
ACER-669593356,TRD-003531,A0003421.DE,TRANSPORTATION,AUCT,DE-LU,2026-03-30T11:05:00Z,2026-03-31T23:59:59Z,PENDING,
ACER-202251889,TRD-003532,A0003421.DE,STANDARD_SUPPLY,AUCT,DE-LU,2026-03-30T16:56:00Z,2026-03-31T23:59:59Z,ACCEPTED,
ACER-892260700,TRD-003533,A0003421.DE,STANDARD_SUPPLY,AUCT,DE-LU,2026-03-30T09:25:00Z,2026-03-31T23:59:59Z,ACCEPTED,
ACER-748829072,TRD-003534,A0003421.DE,STANDARD_SUPPLY,CONT,DE-LU,2026-03-30T11:08:00Z,2026-03-31T23:59:59Z,ACCEPTED,
ACER-522875307,TRD-003535,A0003421.DE,STANDARD_SUPPLY,CONT,DE-LU,2026-03-30T14:37:00Z,2026-03-31T23:59:59Z,ACCEPTED,
ACER-908466222,TRD-003536,A0003421.DE,STANDARD_SUPPLY,AUCT,DE-LU,2026-03-30T22:53:00Z,2026-03-31T23:59:59Z,PENDING,
ACER-112360362,TRD-003537,A0003421.DE,STANDARD_SUPPLY,CONT,DE-LU,2026-03-30T20:39:00Z,2026-03-31T23:59:59Z,SUBMITTED,
ACER-224079221,TRD-003538,A0003421.DE,STANDARD_SUPPLY,CONT,DE-LU,2026-03-30T11:13:00Z,2026-03-31T23:59:59Z,ACCEPTED,
ACER-812156743,TRD-003539,A0003421.DE,STANDARD_SUPPLY,AUCT,DE-LU,2026-03-30T06:39:00Z,2026-03-31T23:59:59Z,ACCEPTED,
ACER-643271434,TRD-003540,A0003421.DE,STANDARD_SUPPLY,CONT,DE-LU,2026-03-30T10:14:00Z,2026-03-31T23:59:59Z,ACCEPTED,
ACER-101723835,TRD-003541,A0003421.DE,STANDARD_SUPPLY,AUCT,DE-LU,2026-03-30T10:00:00Z,2026-03-31T23:59:59Z,ACCEPTED,
ACER-395356549,TRD-003542,A0003421.DE,STANDARD_SUPPLY,CONT,DE-LU,2026-03-30T20:04:00Z,2026-03-31T23:59:59Z,ACCEPTED,
ACER-666740798,TRD-003543,A0003421.DE,TRANSPORTATION,CONT,DE-LU,2026-03-30T12:37:00Z,2026-03-31T23:59:59Z,REJECTED,VOLUME_MISMATCH
ACER-380236611,TRD-003544,A0003421.DE,STANDARD_SUPPLY,CONT,DE-LU,2026-03-30T13:40:00Z,2026-03-31T23:59:59Z,PENDING,
ACER-246111834,TRD-003545,A0003421.DE,TRANSPORTATION,AUCT,DE-LU,2026-03-30T11:06:00Z,2026-03-31T23:59:59Z,ACCEPTED,
ACER-979563246,TRD-003546,A0003421.DE,STANDARD_SUPPLY,CONT,DE-LU,2026-03-30T06:41:00Z,2026-03-31T23:59:59Z,SUBMITTED,
ACER-773847197,TRD-003547,A0003421.DE,STANDARD_SUPPLY,AUCT,DE-LU,2026-03-30T13:31:00Z,2026-03-31T23:59:59Z,SUBMITTED,
ACER-107765912,TRD-003548,A0003421.DE,STANDARD_SUPPLY,CONT,DE-LU,2026-03-30T07:55:00Z,2026-03-31T23:59:59Z,ACCEPTED,
ACER-142880915,TRD-003549,A0003421.DE,TRANSPORTATION,CONT,DE-LU,2026-03-30T07:29:00Z,2026-03-31T23:59:59Z,ACCEPTED,
ACER-228234478,TRD-003551,A0003421.DE,TRANSPORTATION,AUCT,DE-LU,2026-03-31T20:55:00Z,2026-04-01T23:59:59Z,ACCEPTED,
ACER-226570709,TRD-003552,A0003421.DE,STANDARD_SUPPLY,CONT,DE-LU,2026-03-31T12:13:00Z,2026-04-01T23:59:59Z,SUBMITTED,
ACER-283259953,TRD-003553,A0003421.DE,TRANSPORTATION,CONT,DE-LU,2026-03-31T15:18:00Z,2026-04-01T23:59:59Z,ACCEPTED,
ACER-383396314,TRD-003554,A0003421.DE,TRANSPORTATION,CONT,DE-LU,2026-03-31T14:15:00Z,2026-04-01T23:59:59Z,ACCEPTED,
ACER-886846795,TRD-003555,A0003421.DE,TRANSPORTATION,CONT,DE-LU,2026-03-31T08:37:00Z,2026-04-01T23:59:59Z,REJECTED,VOLUME_MISMATCH
ACER-176198638,TRD-003556,A0003421.DE,STANDARD_SUPPLY,CONT,DE-LU,2026-03-31T17:27:00Z,2026-04-01T23:59:59Z,ACCEPTED,
ACER-438369138,TRD-003557,A0003421.DE,TRANSPORTATION,CONT,DE-LU,2026-03-31T11:47:00Z,2026-04-01T23:59:59Z,ACCEPTED,
ACER-790881152,TRD-003558,A0003421.DE,STANDARD_SUPPLY,CONT,DE-LU,2026-03-31T09:20:00Z,2026-04-01T23:59:59Z,ACCEPTED,
ACER-472351816,TRD-003559,A0003421.DE,TRANSPORTATION,CONT,DE-LU,2026-03-31T06:29:00Z,2026-04-01T23:59:59Z,ACCEPTED,
ACER-171053289,TRD-003560,A0003421.DE,STANDARD_SUPPLY,AUCT,DE-LU,2026-03-31T15:07:00Z,2026-04-01T23:59:59Z,ACCEPTED,
ACER-909454446,TRD-003561,A0003421.DE,STANDARD_SUPPLY,CONT,DE-LU,2026-03-31T14:16:00Z,2026-04-01T23:59:59Z,ACCEPTED,
ACER-774874590,TRD-003562,A0003421.DE,STANDARD_SUPPLY,CONT,DE-LU,2026-03-31T19:02:00Z,2026-04-01T23:59:59Z,ACCEPTED,
ACER-656057582,TRD-003563,A0003421.DE,STANDARD_SUPPLY,CONT,DE-LU,2026-03-31T16:12:00Z,2026-04-01T23:59:59Z,ACCEPTED,
ACER-780223811,TRD-003564,A0003421.DE,STANDARD_SUPPLY,CONT,DE-LU,2026-03-31T10:34:00Z,2026-04-01T23:59:59Z,ACCEPTED,
ACER-162302053,TRD-003565,A0003421.DE,TRANSPORTATION,AUCT,DE-LU,2026-03-31T20:20:00Z,2026-04-01T23:59:59Z,ACCEPTED,
ACER-862702140,TRD-003566,A0003421.DE,TRANSPORTATION,CONT,DE-LU,2026-03-31T21:49:00Z,2026-04-01T23:59:59Z,ACCEPTED,
ACER-621940962,TRD-003567,A0003421.DE,STANDARD_SUPPLY,CONT,DE-LU,2026-03-31T16:03:00Z,2026-04-01T23:59:59Z,PENDING,
ACER-334977049,TRD-003568,A0003421.DE,STANDARD_SUPPLY,CONT,DE-LU,2026-03-31T06:37:00Z,2026-04-01T23:59:59Z,SUBMITTED,
ACER-343790285,TRD-003569,A0003421.DE,STANDARD_SUPPLY,CONT,DE-LU,2026-03-31T16:07:00Z,2026-04-01T23:59:59Z,PENDING,
ACER-613854345,TRD-003570,A0003421.DE,STANDARD_SUPPLY,CONT,DE-LU,2026-03-31T14:35:00Z,2026-04-01T23:59:59Z,SUBMITTED,
ACER-717026713,TRD-003571,A0003421.DE,STANDARD_SUPPLY,AUCT,DE-LU,2026-03-31T11:42:00Z,2026-04-01T23:59:59Z,ACCEPTED,
ACER-338565739,TRD-003572,A0003421.DE,STANDARD_SUPPLY,AUCT,DE-LU,2026-03-31T20:51:00Z,2026-04-01T23:59:59Z,ACCEPTED,
ACER-690550463,TRD-003573,A0003421.DE,STANDARD_SUPPLY,AUCT,DE-LU,2026-03-31T19:06:00Z,2026-04-01T23:59:59Z,ACCEPTED,
ACER-172713426,TRD-003574,A0003421.DE,STANDARD_SUPPLY,CONT,DE-LU,2026-03-31T06:20:00Z,2026-04-01T23:59:59Z,SUBMITTED,
ACER-702517176,TRD-003575,A0003421.DE,STANDARD_SUPPLY,AUCT,DE-LU,2026-03-31T22:22:00Z,2026-04-01T23:59:59Z,ACCEPTED,
ACER-195612972,TRD-003576,A0003421.DE,STANDARD_SUPPLY,CONT,DE-LU,2026-03-31T18:06:00Z,2026-04-01T23:59:59Z,ACCEPTED,
ACER-762988798,TRD-003577,A0003421.DE,STANDARD_SUPPLY,CONT,DE-LU,2026-03-31T20:02:00Z,2026-04-01T23:59:59Z,ACCEPTED,
ACER-584544924,TRD-003578,A0003421.DE,STANDARD_SUPPLY,CONT,DE-LU,2026-03-31T07:52:00Z,2026-04-01T23:59:59Z,ACCEPTED,
ACER-512681887,TRD-003579,A0003421.DE,STANDARD_SUPPLY,CONT,DE-LU,2026-03-31T10:10:00Z,2026-04-01T23:59:59Z,REJECTED,TIMESTAMP_FORMAT_ERROR
ACER-166532567,TRD-003580,A0003421.DE,TRANSPORTATION,CONT,DE-LU,2026-03-31T13:15:00Z,2026-04-01T23:59:59Z,ACCEPTED,
ACER-736910085,TRD-003581,A0003421.DE,STANDARD_SUPPLY,AUCT,DE-LU,2026-03-31T12:12:00Z,2026-04-01T23:59:59Z,ACCEPTED,
ACER-797178560,TRD-003582,A0003421.DE,TRANSPORTATION,CONT,DE-LU,2026-03-31T10:59:00Z,2026-04-01T23:59:59Z,ACCEPTED,
ACER-712045108,TRD-003583,A0003421.DE,STANDARD_SUPPLY,CONT,DE-LU,2026-03-31T21:42:00Z,2026-04-01T23:59:59Z,SUBMITTED,
ACER-684150960,TRD-003584,A0003421.DE,STANDARD_SUPPLY,CONT,DE-LU,2026-03-31T10:00:00Z,2026-04-01T23:59:59Z,ACCEPTED,
ACER-754413410,TRD-003585,A0003421.DE,STANDARD_SUPPLY,AUCT,DE-LU,2026-03-31T14:45:00Z,2026-04-01T23:59:59Z,REJECTED,INVALID_DELIVERY_POINT
ACER-881012477,TRD-003586,A0003421.DE,TRANSPORTATION,AUCT,DE-LU,2026-03-31T13:38:00Z,2026-04-01T23:59:59Z,ACCEPTED,
ACER-743532454,TRD-003587,A0003421.DE,STANDARD_SUPPLY,CONT,DE-LU,2026-03-31T14:49:00Z,2026-04-01T23:59:59Z,PENDING,
ACER-814776788,TRD-003588,A0003421.DE,STANDARD_SUPPLY,CONT,DE-LU,2026-03-31T06:22:00Z,2026-04-01T23:59:59Z,REJECTED,INVALID_DELIVERY_POINT
ACER-241542551,TRD-003589,A0003421.DE,STANDARD_SUPPLY,CONT,DE-LU,2026-03-31T17:30:00Z,2026-04-01T23:59:59Z,ACCEPTED,
ACER-605510535,TRD-003590,A0003421.DE,STANDARD_SUPPLY,AUCT,DE-LU,2026-03-31T11:52:00Z,2026-04-01T23:59:59Z,PENDING,
ACER-199031788,TRD-003581,A0003421.DE,STANDARD_SUPPLY,CONT,DE-LU,2026-04-01T09:59:00Z,2026-04-02T23:59:59Z,SUBMITTED,
ACER-978411068,TRD-003582,A0003421.DE,STANDARD_SUPPLY,CONT,DE-LU,2026-04-01T20:39:00Z,2026-04-02T23:59:59Z,ACCEPTED,
ACER-657414807,TRD-003583,A0003421.DE,STANDARD_SUPPLY,CONT,DE-LU,2026-04-01T19:55:00Z,2026-04-02T23:59:59Z,ACCEPTED,
ACER-880928842,TRD-003584,A0003421.DE,TRANSPORTATION,CONT,DE-LU,2026-04-01T11:23:00Z,2026-04-02T23:59:59Z,ACCEPTED,
ACER-187243541,TRD-003585,A0003421.DE,STANDARD_SUPPLY,CONT,DE-LU,2026-04-01T06:11:00Z,2026-04-02T23:59:59Z,SUBMITTED,
ACER-131821389,TRD-003586,A0003421.DE,STANDARD_SUPPLY,AUCT,DE-LU,2026-04-01T22:17:00Z,2026-04-02T23:59:59Z,ACCEPTED,
ACER-211407786,TRD-003587,A0003421.DE,STANDARD_SUPPLY,CONT,DE-LU,2026-04-01T07:20:00Z,2026-04-02T23:59:59Z,SUBMITTED,
ACER-626025769,TRD-003588,A0003421.DE,TRANSPORTATION,AUCT,DE-LU,2026-04-01T06:28:00Z,2026-04-02T23:59:59Z,ACCEPTED,
ACER-223312341,TRD-003589,A0003421.DE,TRANSPORTATION,CONT,DE-LU,2026-04-01T22:36:00Z,2026-04-02T23:59:59Z,SUBMITTED,
ACER-858764900,TRD-003590,A0003421.DE,STANDARD_SUPPLY,CONT,DE-LU,2026-04-01T13:14:00Z,2026-04-02T23:59:59Z,ACCEPTED,
ACER-369484766,TRD-003591,A0003421.DE,TRANSPORTATION,CONT,DE-LU,2026-04-01T12:39:00Z,2026-04-02T23:59:59Z,ACCEPTED,
ACER-828538008,TRD-003592,A0003421.DE,STANDARD_SUPPLY,CONT,DE-LU,2026-04-01T22:54:00Z,2026-04-02T23:59:59Z,ACCEPTED,
ACER-996749185,TRD-003593,A0003421.DE,STANDARD_SUPPLY,AUCT,DE-LU,2026-04-01T18:25:00Z,2026-04-02T23:59:59Z,ACCEPTED,
ACER-774874696,TRD-003594,A0003421.DE,STANDARD_SUPPLY,CONT,DE-LU,2026-04-01T10:22:00Z,2026-04-02T23:59:59Z,ACCEPTED,
ACER-558859951,TRD-003595,A0003421.DE,STANDARD_SUPPLY,CONT,DE-LU,2026-04-01T09:30:00Z,2026-04-02T23:59:59Z,SUBMITTED,
ACER-319588465,TRD-003596,A0003421.DE,STANDARD_SUPPLY,AUCT,DE-LU,2026-04-01T17:22:00Z,2026-04-02T23:59:59Z,ACCEPTED,
ACER-305968723,TRD-003597,A0003421.DE,STANDARD_SUPPLY,CONT,DE-LU,2026-04-01T18:40:00Z,2026-04-02T23:59:59Z,ACCEPTED,
ACER-754171441,TRD-003598,A0003421.DE,TRANSPORTATION,CONT,DE-LU,2026-04-01T10:33:00Z,2026-04-02T23:59:59Z,SUBMITTED,
ACER-481484879,TRD-003599,A0003421.DE,STANDARD_SUPPLY,AUCT,DE-LU,2026-04-01T11:33:00Z,2026-04-02T23:59:59Z,SUBMITTED,
ACER-156850710,TRD-003600,A0003421.DE,STANDARD_SUPPLY,AUCT,DE-LU,2026-04-01T10:23:00Z,2026-04-02T23:59:59Z,ACCEPTED,
ACER-117002502,TRD-003601,A0003421.DE,STANDARD_SUPPLY,CONT,DE-LU,2026-04-01T12:57:00Z,2026-04-02T23:59:59Z,ACCEPTED,
ACER-286994842,TRD-003602,A0003421.DE,TRANSPORTATION,CONT,DE-LU,2026-04-01T20:27:00Z,2026-04-02T23:59:59Z,SUBMITTED,
ACER-290585591,TRD-003603,A0003421.DE,STANDARD_SUPPLY,CONT,DE-LU,2026-04-01T16:46:00Z,2026-04-02T23:59:59Z,ACCEPTED,
ACER-940624680,TRD-003604,A0003421.DE,STANDARD_SUPPLY,CONT,DE-LU,2026-04-01T09:58:00Z,2026-04-02T23:59:59Z,ACCEPTED,
ACER-704988003,TRD-003605,A0003421.DE,STANDARD_SUPPLY,CONT,DE-LU,2026-04-01T06:02:00Z,2026-04-02T23:59:59Z,ACCEPTED,
ACER-310519323,TRD-003606,A0003421.DE,STANDARD_SUPPLY,CONT,DE-LU,2026-04-01T12:23:00Z,2026-04-02T23:59:59Z,ACCEPTED,
ACER-196310584,TRD-003607,A0003421.DE,TRANSPORTATION,CONT,DE-LU,2026-04-01T20:08:00Z,2026-04-02T23:59:59Z,ACCEPTED,
ACER-857993454,TRD-003608,A0003421.DE,STANDARD_SUPPLY,AUCT,DE-LU,2026-04-01T14:15:00Z,2026-04-02T23:59:59Z,SUBMITTED,
ACER-864605151,TRD-003609,A0003421.DE,TRANSPORTATION,CONT,DE-LU,2026-04-01T06:04:00Z,2026-04-02T23:59:59Z,ACCEPTED,
ACER-876281141,TRD-003610,A0003421.DE,STANDARD_SUPPLY,CONT,DE-LU,2026-04-01T13:10:00Z,2026-04-02T23:59:59Z,ACCEPTED,
ACER-321076816,TRD-003611,A0003421.DE,TRANSPORTATION,CONT,DE-LU,2026-04-01T09:57:00Z,2026-04-02T23:59:59Z,ACCEPTED,
ACER-306533714,TRD-003611,A0003421.DE,STANDARD_SUPPLY,CONT,DE-LU,2026-04-02T12:37:00Z,2026-04-03T23:59:59Z,ACCEPTED,
ACER-747591513,TRD-003612,A0003421.DE,STANDARD_SUPPLY,CONT,DE-LU,2026-04-02T22:31:00Z,2026-04-03T23:59:59Z,ACCEPTED,
ACER-872826288,TRD-003613,A0003421.DE,STANDARD_SUPPLY,CONT,DE-LU,2026-04-02T13:50:00Z,2026-04-03T23:59:59Z,ACCEPTED,
ACER-336023171,TRD-003614,A0003421.DE,STANDARD_SUPPLY,CONT,DE-LU,2026-04-02T20:50:00Z,2026-04-03T23:59:59Z,ACCEPTED,
ACER-264742461,TRD-003615,A0003421.DE,STANDARD_SUPPLY,CONT,DE-LU,2026-04-02T11:25:00Z,2026-04-03T23:59:59Z,ACCEPTED,
ACER-776373786,TRD-003616,A0003421.DE,STANDARD_SUPPLY,AUCT,DE-LU,2026-04-02T18:13:00Z,2026-04-03T23:59:59Z,ACCEPTED,
ACER-840831432,TRD-003617,A0003421.DE,STANDARD_SUPPLY,CONT,DE-LU,2026-04-02T10:28:00Z,2026-04-03T23:59:59Z,ACCEPTED,
ACER-958810939,TRD-003618,A0003421.DE,STANDARD_SUPPLY,AUCT,DE-LU,2026-04-02T18:47:00Z,2026-04-03T23:59:59Z,PENDING,
ACER-963398125,TRD-003619,A0003421.DE,STANDARD_SUPPLY,AUCT,DE-LU,2026-04-02T19:10:00Z,2026-04-03T23:59:59Z,ACCEPTED,
ACER-305529014,TRD-003620,A0003421.DE,TRANSPORTATION,AUCT,DE-LU,2026-04-02T13:34:00Z,2026-04-03T23:59:59Z,ACCEPTED,
ACER-604595211,TRD-003621,A0003421.DE,STANDARD_SUPPLY,AUCT,DE-LU,2026-04-02T13:17:00Z,2026-04-03T23:59:59Z,ACCEPTED,
ACER-338307330,TRD-003622,A0003421.DE,STANDARD_SUPPLY,CONT,DE-LU,2026-04-02T18:44:00Z,2026-04-03T23:59:59Z,ACCEPTED,
ACER-517702399,TRD-003623,A0003421.DE,STANDARD_SUPPLY,CONT,DE-LU,2026-04-02T15:16:00Z,2026-04-03T23:59:59Z,ACCEPTED,
ACER-478080725,TRD-003624,A0003421.DE,STANDARD_SUPPLY,CONT,DE-LU,2026-04-02T14:58:00Z,2026-04-03T23:59:59Z,ACCEPTED,
ACER-423240318,TRD-003625,A0003421.DE,TRANSPORTATION,CONT,DE-LU,2026-04-02T14:55:00Z,2026-04-03T23:59:59Z,ACCEPTED,
ACER-901554424,TRD-003626,A0003421.DE,STANDARD_SUPPLY,CONT,DE-LU,2026-04-02T06:32:00Z,2026-04-03T23:59:59Z,SUBMITTED,
ACER-493158152,TRD-003627,A0003421.DE,STANDARD_SUPPLY,AUCT,DE-LU,2026-04-02T18:17:00Z,2026-04-03T23:59:59Z,ACCEPTED,
ACER-619163988,TRD-003628,A0003421.DE,STANDARD_SUPPLY,CONT,DE-LU,2026-04-02T16:01:00Z,2026-04-03T23:59:59Z,ACCEPTED,
ACER-148576066,TRD-003629,A0003421.DE,STANDARD_SUPPLY,CONT,DE-LU,2026-04-02T13:05:00Z,2026-04-03T23:59:59Z,ACCEPTED,
ACER-714145539,TRD-003630,A0003421.DE,STANDARD_SUPPLY,CONT,DE-LU,2026-04-02T16:58:00Z,2026-04-03T23:59:59Z,ACCEPTED,
ACER-387367271,TRD-003631,A0003421.DE,TRANSPORTATION,CONT,DE-LU,2026-04-02T11:54:00Z,2026-04-03T23:59:59Z,SUBMITTED,
ACER-474895275,TRD-003632,A0003421.DE,STANDARD_SUPPLY,AUCT,DE-LU,2026-04-02T11:44:00Z,2026-04-03T23:59:59Z,ACCEPTED,
ACER-986336448,TRD-003633,A0003421.DE,STANDARD_SUPPLY,CONT,DE-LU,2026-04-02T11:46:00Z,2026-04-03T23:59:59Z,ACCEPTED,
ACER-970227147,TRD-003634,A0003421.DE,STANDARD_SUPPLY,CONT,DE-LU,2026-04-02T16:44:00Z,2026-04-03T23:59:59Z,ACCEPTED,
ACER-562865418,TRD-003635,A0003421.DE,STANDARD_SUPPLY,AUCT,DE-LU,2026-04-02T09:47:00Z,2026-04-03T23:59:59Z,SUBMITTED,
ACER-529642745,TRD-003636,A0003421.DE,STANDARD_SUPPLY,CONT,DE-LU,2026-04-02T16:21:00Z,2026-04-03T23:59:59Z,ACCEPTED,
ACER-179703779,TRD-003637,A0003421.DE,STANDARD_SUPPLY,CONT,DE-LU,2026-04-02T09:15:00Z,2026-04-03T23:59:59Z,ACCEPTED,
ACER-611744874,TRD-003638,A0003421.DE,STANDARD_SUPPLY,CONT,DE-LU,2026-04-02T13:25:00Z,2026-04-03T23:59:59Z,SUBMITTED,
ACER-182564976,TRD-003639,A0003421.DE,STANDARD_SUPPLY,CONT,DE-LU,2026-04-02T15:20:00Z,2026-04-03T23:59:59Z,ACCEPTED,
ACER-522301423,TRD-003640,A0003421.DE,STANDARD_SUPPLY,CONT,DE-LU,2026-04-02T22:44:00Z,2026-04-03T23:59:59Z,ACCEPTED,
ACER-718016397,TRD-003641,A0003421.DE,TRANSPORTATION,CONT,DE-LU,2026-04-02T18:28:00Z,2026-04-03T23:59:59Z,ACCEPTED,
ACER-878216480,TRD-003642,A0003421.DE,STANDARD_SUPPLY,CONT,DE-LU,2026-04-02T09:01:00Z,2026-04-03T23:59:59Z,ACCEPTED,
ACER-299161531,TRD-003643,A0003421.DE,STANDARD_SUPPLY,CONT,DE-LU,2026-04-02T09:07:00Z,2026-04-03T23:59:59Z,ACCEPTED,
ACER-389840353,TRD-003641,A0003421.DE,TRANSPORTATION,CONT,DE-LU,2026-04-03T15:50:00Z,2026-04-04T23:59:59Z,ACCEPTED,
ACER-604630224,TRD-003642,A0003421.DE,STANDARD_SUPPLY,AUCT,DE-LU,2026-04-03T19:28:00Z,2026-04-04T23:59:59Z,SUBMITTED,
ACER-599581151,TRD-003643,A0003421.DE,TRANSPORTATION,AUCT,DE-LU,2026-04-03T08:06:00Z,2026-04-04T23:59:59Z,ACCEPTED,
ACER-639203750,TRD-003644,A0003421.DE,STANDARD_SUPPLY,CONT,DE-LU,2026-04-03T16:34:00Z,2026-04-04T23:59:59Z,ACCEPTED,
ACER-314395722,TRD-003645,A0003421.DE,STANDARD_SUPPLY,CONT,DE-LU,2026-04-03T06:32:00Z,2026-04-04T23:59:59Z,ACCEPTED,
ACER-304781736,TRD-003646,A0003421.DE,STANDARD_SUPPLY,CONT,DE-LU,2026-04-03T20:00:00Z,2026-04-04T23:59:59Z,ACCEPTED,
ACER-103579192,TRD-003647,A0003421.DE,STANDARD_SUPPLY,CONT,DE-LU,2026-04-03T19:58:00Z,2026-04-04T23:59:59Z,ACCEPTED,
ACER-943723953,TRD-003648,A0003421.DE,STANDARD_SUPPLY,CONT,DE-LU,2026-04-03T14:53:00Z,2026-04-04T23:59:59Z,ACCEPTED,
ACER-718021008,TRD-003649,A0003421.DE,STANDARD_SUPPLY,AUCT,DE-LU,2026-04-03T21:41:00Z,2026-04-04T23:59:59Z,ACCEPTED,
ACER-754523006,TRD-003650,A0003421.DE,STANDARD_SUPPLY,CONT,DE-LU,2026-04-03T10:20:00Z,2026-04-04T23:59:59Z,ACCEPTED,
ACER-154559599,TRD-003651,A0003421.DE,TRANSPORTATION,CONT,DE-LU,2026-04-03T09:58:00Z,2026-04-04T23:59:59Z,ACCEPTED,
ACER-980261243,TRD-003652,A0003421.DE,STANDARD_SUPPLY,CONT,DE-LU,2026-04-03T09:13:00Z,2026-04-04T23:59:59Z,ACCEPTED,
ACER-477251192,TRD-003653,A0003421.DE,STANDARD_SUPPLY,AUCT,DE-LU,2026-04-03T07:44:00Z,2026-04-04T23:59:59Z,ACCEPTED,
ACER-893285596,TRD-003654,A0003421.DE,STANDARD_SUPPLY,CONT,DE-LU,2026-04-03T09:11:00Z,2026-04-04T23:59:59Z,ACCEPTED,
ACER-852467873,TRD-003655,A0003421.DE,TRANSPORTATION,CONT,DE-LU,2026-04-03T20:52:00Z,2026-04-04T23:59:59Z,REJECTED,VOLUME_MISMATCH
ACER-605751829,TRD-003656,A0003421.DE,STANDARD_SUPPLY,AUCT,DE-LU,2026-04-03T19:16:00Z,2026-04-04T23:59:59Z,ACCEPTED,
ACER-209544381,TRD-003657,A0003421.DE,TRANSPORTATION,CONT,DE-LU,2026-04-03T17:30:00Z,2026-04-04T23:59:59Z,ACCEPTED,
ACER-523695992,TRD-003658,A0003421.DE,STANDARD_SUPPLY,CONT,DE-LU,2026-04-03T10:32:00Z,2026-04-04T23:59:59Z,ACCEPTED,
ACER-978220090,TRD-003659,A0003421.DE,STANDARD_SUPPLY,CONT,DE-LU,2026-04-03T14:17:00Z,2026-04-04T23:59:59Z,ACCEPTED,
ACER-410496564,TRD-003660,A0003421.DE,STANDARD_SUPPLY,AUCT,DE-LU,2026-04-03T17:44:00Z,2026-04-04T23:59:59Z,ACCEPTED,
ACER-198790712,TRD-003661,A0003421.DE,STANDARD_SUPPLY,CONT,DE-LU,2026-04-03T11:44:00Z,2026-04-04T23:59:59Z,SUBMITTED,
ACER-576694066,TRD-003662,A0003421.DE,STANDARD_SUPPLY,CONT,DE-LU,2026-04-03T09:45:00Z,2026-04-04T23:59:59Z,SUBMITTED,
ACER-403295701,TRD-003663,A0003421.DE,STANDARD_SUPPLY,AUCT,DE-LU,2026-04-03T13:18:00Z,2026-04-04T23:59:59Z,ACCEPTED,
ACER-747311526,TRD-003664,A0003421.DE,STANDARD_SUPPLY,CONT,DE-LU,2026-04-03T10:54:00Z,2026-04-04T23:59:59Z,SUBMITTED,
ACER-612579171,TRD-003665,A0003421.DE,STANDARD_SUPPLY,CONT,DE-LU,2026-04-03T21:38:00Z,2026-04-04T23:59:59Z,ACCEPTED,
ACER-569595077,TRD-003666,A0003421.DE,STANDARD_SUPPLY,CONT,DE-LU,2026-04-03T19:01:00Z,2026-04-04T23:59:59Z,ACCEPTED,
ACER-629615743,TRD-003667,A0003421.DE,STANDARD_SUPPLY,CONT,DE-LU,2026-04-03T15:56:00Z,2026-04-04T23:59:59Z,ACCEPTED,
ACER-958061848,TRD-003668,A0003421.DE,STANDARD_SUPPLY,CONT,DE-LU,2026-04-03T19:32:00Z,2026-04-04T23:59:59Z,ACCEPTED,
ACER-307709018,TRD-003669,A0003421.DE,TRANSPORTATION,CONT,DE-LU,2026-04-03T20:10:00Z,2026-04-04T23:59:59Z,ACCEPTED,
ACER-776435313,TRD-003670,A0003421.DE,TRANSPORTATION,AUCT,DE-LU,2026-04-03T10:46:00Z,2026-04-04T23:59:59Z,ACCEPTED,
ACER-905459748,TRD-003671,A0003421.DE,STANDARD_SUPPLY,CONT,DE-LU,2026-04-04T22:27:00Z,2026-04-05T23:59:59Z,ACCEPTED,
ACER-953051066,TRD-003672,A0003421.DE,STANDARD_SUPPLY,AUCT,DE-LU,2026-04-04T18:13:00Z,2026-04-05T23:59:59Z,ACCEPTED,
ACER-965163892,TRD-003673,A0003421.DE,STANDARD_SUPPLY,CONT,DE-LU,2026-04-04T14:20:00Z,2026-04-05T23:59:59Z,ACCEPTED,
ACER-829279128,TRD-003674,A0003421.DE,STANDARD_SUPPLY,CONT,DE-LU,2026-04-04T08:12:00Z,2026-04-05T23:59:59Z,ACCEPTED,
ACER-369821183,TRD-003675,A0003421.DE,STANDARD_SUPPLY,CONT,DE-LU,2026-04-04T14:17:00Z,2026-04-05T23:59:59Z,SUBMITTED,
ACER-473678209,TRD-003676,A0003421.DE,TRANSPORTATION,CONT,DE-LU,2026-04-04T12:23:00Z,2026-04-05T23:59:59Z,ACCEPTED,
ACER-530775597,TRD-003677,A0003421.DE,STANDARD_SUPPLY,CONT,DE-LU,2026-04-04T06:03:00Z,2026-04-05T23:59:59Z,ACCEPTED,
ACER-243378103,TRD-003678,A0003421.DE,STANDARD_SUPPLY,AUCT,DE-LU,2026-04-04T12:21:00Z,2026-04-05T23:59:59Z,ACCEPTED,
ACER-454132717,TRD-003679,A0003421.DE,STANDARD_SUPPLY,CONT,DE-LU,2026-04-04T16:15:00Z,2026-04-05T23:59:59Z,ACCEPTED,
ACER-690511815,TRD-003680,A0003421.DE,STANDARD_SUPPLY,AUCT,DE-LU,2026-04-04T20:36:00Z,2026-04-05T23:59:59Z,ACCEPTED,
ACER-745940050,TRD-003681,A0003421.DE,STANDARD_SUPPLY,CONT,DE-LU,2026-04-04T07:34:00Z,2026-04-05T23:59:59Z,ACCEPTED,
ACER-220668420,TRD-003682,A0003421.DE,STANDARD_SUPPLY,CONT,DE-LU,2026-04-04T10:27:00Z,2026-04-05T23:59:59Z,ACCEPTED,
ACER-243265765,TRD-003683,A0003421.DE,STANDARD_SUPPLY,AUCT,DE-LU,2026-04-04T09:33:00Z,2026-04-05T23:59:59Z,ACCEPTED,
ACER-225614456,TRD-003684,A0003421.DE,STANDARD_SUPPLY,AUCT,DE-LU,2026-04-04T18:56:00Z,2026-04-05T23:59:59Z,ACCEPTED,
ACER-901101709,TRD-003685,A0003421.DE,STANDARD_SUPPLY,CONT,DE-LU,2026-04-04T07:45:00Z,2026-04-05T23:59:59Z,ACCEPTED,
ACER-256352830,TRD-003686,A0003421.DE,STANDARD_SUPPLY,AUCT,DE-LU,2026-04-04T16:27:00Z,2026-04-05T23:59:59Z,ACCEPTED,
ACER-489679366,TRD-003687,A0003421.DE,STANDARD_SUPPLY,CONT,DE-LU,2026-04-04T18:07:00Z,2026-04-05T23:59:59Z,SUBMITTED,
ACER-833530974,TRD-003688,A0003421.DE,STANDARD_SUPPLY,CONT,DE-LU,2026-04-04T17:08:00Z,2026-04-05T23:59:59Z,ACCEPTED,
ACER-603380379,TRD-003689,A0003421.DE,STANDARD_SUPPLY,CONT,DE-LU,2026-04-04T08:53:00Z,2026-04-05T23:59:59Z,ACCEPTED,
ACER-409435094,TRD-003690,A0003421.DE,STANDARD_SUPPLY,CONT,DE-LU,2026-04-04T17:25:00Z,2026-04-05T23:59:59Z,ACCEPTED,
ACER-539360708,TRD-003691,A0003421.DE,STANDARD_SUPPLY,AUCT,DE-LU,2026-04-04T06:13:00Z,2026-04-05T23:59:59Z,ACCEPTED,
ACER-951208648,TRD-003692,A0003421.DE,STANDARD_SUPPLY,AUCT,DE-LU,2026-04-04T08:07:00Z,2026-04-05T23:59:59Z,ACCEPTED,
ACER-701354858,TRD-003693,A0003421.DE,STANDARD_SUPPLY,CONT,DE-LU,2026-04-04T10:54:00Z,2026-04-05T23:59:59Z,PENDING,
ACER-451530312,TRD-003694,A0003421.DE,STANDARD_SUPPLY,CONT,DE-LU,2026-04-04T19:23:00Z,2026-04-05T23:59:59Z,SUBMITTED,
ACER-703004645,TRD-003695,A0003421.DE,TRANSPORTATION,AUCT,DE-LU,2026-04-04T09:29:00Z,2026-04-05T23:59:59Z,ACCEPTED,
ACER-944354339,TRD-003696,A0003421.DE,STANDARD_SUPPLY,CONT,DE-LU,2026-04-04T16:47:00Z,2026-04-05T23:59:59Z,PENDING,
ACER-836067455,TRD-003697,A0003421.DE,STANDARD_SUPPLY,AUCT,DE-LU,2026-04-04T22:17:00Z,2026-04-05T23:59:59Z,SUBMITTED,
ACER-150764142,TRD-003698,A0003421.DE,STANDARD_SUPPLY,CONT,DE-LU,2026-04-04T13:26:00Z,2026-04-05T23:59:59Z,ACCEPTED,
ACER-478508260,TRD-003699,A0003421.DE,STANDARD_SUPPLY,CONT,DE-LU,2026-04-04T14:02:00Z,2026-04-05T23:59:59Z,ACCEPTED,
ACER-242642735,TRD-003700,A0003421.DE,TRANSPORTATION,CONT,DE-LU,2026-04-04T12:53:00Z,2026-04-05T23:59:59Z,ACCEPTED,
ACER-379567119,TRD-003701,A0003421.DE,TRANSPORTATION,CONT,DE-LU,2026-04-04T12:37:00Z,2026-04-05T23:59:59Z,ACCEPTED,
ACER-830419327,TRD-003702,A0003421.DE,TRANSPORTATION,CONT,DE-LU,2026-04-04T22:11:00Z,2026-04-05T23:59:59Z,ACCEPTED,
ACER-895067172,TRD-003703,A0003421.DE,STANDARD_SUPPLY,CONT,DE-LU,2026-04-04T07:22:00Z,2026-04-05T23:59:59Z,ACCEPTED,
ACER-550300845,TRD-003704,A0003421.DE,STANDARD_SUPPLY,CONT,DE-LU,2026-04-04T15:56:00Z,2026-04-05T23:59:59Z,ACCEPTED,
ACER-477419348,TRD-003705,A0003421.DE,STANDARD_SUPPLY,CONT,DE-LU,2026-04-04T08:47:00Z,2026-04-05T23:59:59Z,SUBMITTED,
ACER-873761356,TRD-003706,A0003421.DE,TRANSPORTATION,CONT,DE-LU,2026-04-04T16:28:00Z,2026-04-05T23:59:59Z,ACCEPTED,
ACER-777309643,TRD-003707,A0003421.DE,STANDARD_SUPPLY,CONT,DE-LU,2026-04-04T10:10:00Z,2026-04-05T23:59:59Z,ACCEPTED,
ACER-419764093,TRD-003708,A0003421.DE,TRANSPORTATION,AUCT,DE-LU,2026-04-04T08:57:00Z,2026-04-05T23:59:59Z,ACCEPTED,
ACER-361871715,TRD-003709,A0003421.DE,STANDARD_SUPPLY,CONT,DE-LU,2026-04-04T16:50:00Z,2026-04-05T23:59:59Z,SUBMITTED,
ACER-420593084,TRD-003710,A0003421.DE,TRANSPORTATION,CONT,DE-LU,2026-04-04T08:49:00Z,2026-04-05T23:59:59Z,SUBMITTED,
ACER-875671089,TRD-003711,A0003421.DE,STANDARD_SUPPLY,CONT,DE-LU,2026-04-04T20:24:00Z,2026-04-05T23:59:59Z,ACCEPTED,
ACER-410772515,TRD-003712,A0003421.DE,STANDARD_SUPPLY,CONT,DE-LU,2026-04-04T06:47:00Z,2026-04-05T23:59:59Z,ACCEPTED,
ACER-247218109,TRD-003713,A0003421.DE,STANDARD_SUPPLY,CONT,DE-LU,2026-04-04T11:43:00Z,2026-04-05T23:59:59Z,ACCEPTED,
ACER-235152387,TRD-003714,A0003421.DE,STANDARD_SUPPLY,AUCT,DE-LU,2026-04-04T14:37:00Z,2026-04-05T23:59:59Z,ACCEPTED,
