timestamp_utc,forecast_horizon_hrs,wind_forecast_mw,wind_p10_mw,wind_p90_mw,solar_forecast_mw,solar_p10_mw,solar_p90_mw,total_renewable_mw,forecast_error_mw
2026-01-05T00:00:00Z,19.3,274.2,164.5,350,0,0,0.0,274.2,4.7
2026-01-05T00:15:00Z,17.2,260.9,156.6,350,0,0,0.0,260.9,-9.4
2026-01-05T00:30:00Z,14.1,245.5,147.3,343.7,0,0,0.0,245.5,-1.6
2026-01-05T00:45:00Z,46.4,320.3,192.2,350,0,0,0.0,320.3,5.6
2026-01-05T01:00:00Z,43.4,290.3,174.2,350,0,0,0.0,290.3,20.7
2026-01-05T01:15:00Z,5.9,262.7,157.6,350,0,0,0.0,262.7,-15.1
2026-01-05T01:30:00Z,39.5,317.0,190.2,350,0,0,0.0,317.0,-31.1
2026-01-05T01:45:00Z,10.1,303.2,181.9,350,0,0,0.0,303.2,13.1
2026-01-05T02:00:00Z,7.4,299.7,179.8,350,0,0,0.0,299.7,-0.3
2026-01-05T02:15:00Z,47.6,302.9,181.7,350,0,0,0.0,302.9,-9.9
2026-01-05T02:30:00Z,13.2,329.0,197.4,350,0,0,0.0,329.0,-26.3
2026-01-05T02:45:00Z,43.0,308.9,185.3,350,0,0,0.0,308.9,-0.4
2026-01-05T03:00:00Z,42.6,287.5,172.5,350,0,0,0.0,287.5,32.5
2026-01-05T03:15:00Z,18.7,234.0,140.4,327.6,0,0,0.0,234.0,2.6
2026-01-05T03:30:00Z,37.5,308.3,185.0,350,0,0,0.0,308.3,-15.4
2026-01-05T03:45:00Z,22.5,300.5,180.3,350,0,0,0.0,300.5,11.4
2026-01-05T04:00:00Z,12.3,295.7,177.4,350,0,0,0.0,295.7,11.3
2026-01-05T04:15:00Z,0.3,317.5,190.5,350,0,0,0.0,317.5,-18.0
2026-01-05T04:30:00Z,38.9,332.7,199.6,350,0,0,0.0,332.7,-10.9
2026-01-05T04:45:00Z,25.6,257.7,154.6,350,0,0,0.0,257.7,-10.2
2026-01-05T05:00:00Z,27.1,290.6,174.3,350,0,0,0.0,290.6,-16.1
2026-01-05T05:15:00Z,21.5,287.3,172.4,350,0,0,0.0,287.3,7.7
2026-01-05T05:30:00Z,22.0,275.9,165.5,350,0,0,0.0,275.9,9.9
2026-01-05T05:45:00Z,7.6,329.6,197.8,350,0,0,0.0,329.6,-1.5
2026-01-05T06:00:00Z,18.7,311.1,186.7,350,0.0,0,0.0,311.1,-2.2
2026-01-05T06:15:00Z,9.2,295.9,177.5,350,0.0,0,0.0,295.9,-1.6
2026-01-05T06:30:00Z,29.2,293.2,175.9,350,0.0,0,0.0,293.2,-28.2
2026-01-05T06:45:00Z,16.2,312.8,187.7,350,0.0,0,0.0,312.8,-2.1
2026-01-05T07:00:00Z,22.6,334.0,200.4,350,9.2,4.6,12.0,343.2,14.5
2026-01-05T07:15:00Z,27.3,292.4,175.5,350,11.1,5.6,14.4,303.6,-28.7
2026-01-05T07:30:00Z,2.2,304.3,182.6,350,12.4,6.2,16.2,316.8,4.2
2026-01-05T07:45:00Z,5.8,282.3,169.4,350,12.2,6.1,15.8,294.5,18.2
2026-01-05T08:00:00Z,1.6,267.2,160.3,350,27.3,13.6,35.5,294.5,-16.3
2026-01-05T08:15:00Z,14.0,279.6,167.8,350,32.2,16.1,41.8,311.8,2.1
2026-01-05T08:30:00Z,29.2,294.6,176.8,350,26.8,13.4,34.8,321.4,17.2
2026-01-05T08:45:00Z,37.3,325.5,195.3,350,28.0,14.0,36.4,353.5,7.5
2026-01-05T09:00:00Z,1.1,280.1,168.1,350,45.9,23.0,59.7,326.0,23.3
2026-01-05T09:15:00Z,33.2,275.3,165.2,350,56.2,28.1,73.1,331.6,-16.5
2026-01-05T09:30:00Z,18.9,271.0,162.6,350,46.9,23.4,61.0,317.9,-4.8
2026-01-05T09:45:00Z,39.9,308.7,185.2,350,57.2,28.6,74.4,365.9,-13.7
2026-01-05T10:00:00Z,34.3,300.7,180.4,350,68.3,34.1,88.8,369.0,-12.8
2026-01-05T10:15:00Z,36.5,322.7,193.6,350,73.9,36.9,96.0,396.6,-10.3
2026-01-05T10:30:00Z,1.0,298.3,179.0,350,74.0,37.0,96.2,372.3,-11.0
2026-01-05T10:45:00Z,25.1,278.1,166.9,350,61.5,30.8,80.0,339.6,-11.4
2026-01-05T11:00:00Z,16.9,286.8,172.1,350,101.3,50.6,120,388.0,1.3
2026-01-05T11:15:00Z,1.7,272.0,163.2,350,86.0,43.0,111.8,358.0,1.6
2026-01-05T11:30:00Z,48.0,293.2,175.9,350,87.2,43.6,113.4,380.4,9.6
2026-01-05T11:45:00Z,25.5,258.5,155.1,350,95.1,47.5,120,353.5,27.5
2026-01-05T12:00:00Z,11.3,293.7,176.2,350,97.0,48.5,120,390.7,-9.7
2026-01-05T12:15:00Z,2.8,299.8,179.9,350,98.6,49.3,120,398.5,-7.7
2026-01-05T12:30:00Z,36.5,293.2,175.9,350,101.2,50.6,120,394.4,21.6
2026-01-05T12:45:00Z,43.2,272.7,163.6,350,102.0,51.0,120,374.7,13.2
2026-01-05T13:00:00Z,37.0,255.9,153.6,350,104.3,52.1,120,360.2,10.4
2026-01-05T13:15:00Z,37.5,251.3,150.8,350,85.9,42.9,111.6,337.1,5.7
2026-01-05T13:30:00Z,41.8,227.2,136.3,318.1,115.9,58.0,120,343.1,-0.4
2026-01-05T13:45:00Z,33.5,297.0,178.2,350,113.8,56.9,120,410.7,-23.1
2026-01-05T14:00:00Z,5.0,263.6,158.1,350,100.6,50.3,120,364.2,-17.1
2026-01-05T14:15:00Z,45.7,309.9,185.9,350,110.3,55.1,120,420.2,-11.0
2026-01-05T14:30:00Z,10.4,259.8,155.9,350,114.9,57.4,120,374.7,18.0
2026-01-05T14:45:00Z,21.8,272.8,163.7,350,109.8,54.9,120,382.6,1.1
2026-01-05T15:00:00Z,34.4,242.6,145.6,339.7,101.7,50.9,120,344.4,17.5
2026-01-05T15:15:00Z,7.9,238.6,143.1,334.0,78.2,39.1,101.6,316.7,-5.2
2026-01-05T15:30:00Z,41.1,225.9,135.5,316.2,75.0,37.5,97.5,300.9,31.5
2026-01-05T15:45:00Z,15.3,273.1,163.9,350,82.9,41.5,107.8,356.0,12.2
2026-01-05T16:00:00Z,11.0,237.8,142.7,333.0,81.8,40.9,106.3,319.6,15.8
2026-01-05T16:15:00Z,13.3,286.8,172.1,350,59.8,29.9,77.7,346.6,12.3
2026-01-05T16:30:00Z,26.4,262.1,157.3,350,71.6,35.8,93.0,333.6,3.6
2026-01-05T16:45:00Z,2.0,256.8,154.1,350,64.5,32.3,83.9,321.3,12.6
2026-01-05T17:00:00Z,11.8,211.5,126.9,296.1,56.3,28.1,73.1,267.8,21.1
2026-01-05T17:15:00Z,15.2,281.1,168.6,350,48.1,24.1,62.6,329.2,-6.3
2026-01-05T17:30:00Z,17.4,232.9,139.8,326.1,44.5,22.3,57.9,277.4,-26.2
2026-01-05T17:45:00Z,10.7,271.3,162.8,350,44.5,22.2,57.8,315.8,-26.1
2026-01-05T18:00:00Z,20.9,272.2,163.3,350,30.0,15.0,39.0,302.2,-6.2
2026-01-05T18:15:00Z,25.7,302.8,181.7,350,24.3,12.2,31.6,327.1,9.6
2026-01-05T18:30:00Z,17.3,243.0,145.8,340.3,30.0,15.0,39.0,273.0,-8.4
2026-01-05T18:45:00Z,15.3,259.5,155.7,350,32.3,16.2,42.1,291.9,-2.1
2026-01-05T19:00:00Z,13.3,280.6,168.4,350,11.4,5.7,14.9,292.0,-31.1
2026-01-05T19:15:00Z,33.3,276.3,165.8,350,9.6,4.8,12.4,285.9,-6.2
2026-01-05T19:30:00Z,31.7,244.9,146.9,342.8,12.1,6.1,15.8,257.0,4.2
2026-01-05T19:45:00Z,45.4,229.2,137.5,320.9,10.8,5.4,14.1,240.0,17.4
2026-01-05T20:00:00Z,47.5,250.1,150.1,350,0.0,0.0,0.0,250.1,-6.3
2026-01-05T20:15:00Z,43.4,292.9,175.8,350,0.0,0.0,0.0,292.9,-1.2
2026-01-05T20:30:00Z,27.4,330.2,198.1,350,0.0,0.0,0.0,330.2,-24.6
2026-01-05T20:45:00Z,14.2,272.6,163.6,350,0.0,0.0,0.0,272.6,-33.8
2026-01-05T21:00:00Z,6.0,281.7,169.0,350,0,0,0.0,281.7,10.9
2026-01-05T21:15:00Z,38.9,274.5,164.7,350,0,0,0.0,274.5,14.7
2026-01-05T21:30:00Z,47.8,281.1,168.7,350,0,0,0.0,281.1,1.7
2026-01-05T21:45:00Z,26.0,263.6,158.1,350,0,0,0.0,263.6,0.7
2026-01-05T22:00:00Z,30.8,287.0,172.2,350,0,0,0.0,287.0,-8.0
2026-01-05T22:15:00Z,10.6,287.3,172.4,350,0,0,0.0,287.3,-13.1
2026-01-05T22:30:00Z,32.1,263.2,157.9,350,0,0,0.0,263.2,23.5
2026-01-05T22:45:00Z,16.8,245.8,147.5,344.2,0,0,0.0,245.8,-37.1
2026-01-05T23:00:00Z,47.9,271.7,163.0,350,0,0,0.0,271.7,8.0
2026-01-05T23:15:00Z,16.8,285.4,171.2,350,0,0,0.0,285.4,-20.5
2026-01-05T23:30:00Z,38.0,311.6,186.9,350,0,0,0.0,311.6,18.0
2026-01-05T23:45:00Z,4.9,291.8,175.1,350,0,0,0.0,291.8,6.5
2026-01-06T00:00:00Z,30.5,198.1,118.9,277.4,0,0,0.0,198.1,26.6
2026-01-06T00:15:00Z,8.0,231.6,139.0,324.2,0,0,0.0,231.6,-7.4
2026-01-06T00:30:00Z,42.0,184.6,110.8,258.4,0,0,0.0,184.6,41.0
2026-01-06T00:45:00Z,23.6,243.3,146.0,340.7,0,0,0.0,243.3,-21.4
2026-01-06T01:00:00Z,42.0,227.6,136.6,318.6,0,0,0.0,227.6,23.5
2026-01-06T01:15:00Z,27.7,191.4,114.9,268.0,0,0,0.0,191.4,-5.5
2026-01-06T01:30:00Z,21.6,246.8,148.1,345.6,0,0,0.0,246.8,5.5
2026-01-06T01:45:00Z,43.3,250.6,150.3,350,0,0,0.0,250.6,9.5
2026-01-06T02:00:00Z,23.4,235.2,141.1,329.2,0,0,0.0,235.2,23.7
2026-01-06T02:15:00Z,30.4,276.7,166.0,350,0,0,0.0,276.7,-9.1
2026-01-06T02:30:00Z,15.5,195.7,117.4,274.0,0,0,0.0,195.7,-22.5
2026-01-06T02:45:00Z,37.8,206.3,123.8,288.8,0,0,0.0,206.3,11.4
2026-01-06T03:00:00Z,19.5,265.6,159.4,350,0,0,0.0,265.6,-10.7
2026-01-06T03:15:00Z,8.5,225.1,135.1,315.1,0,0,0.0,225.1,-17.4
2026-01-06T03:30:00Z,5.4,237.6,142.6,332.6,0,0,0.0,237.6,-24.7
2026-01-06T03:45:00Z,26.8,207.7,124.6,290.7,0,0,0.0,207.7,-16.5
2026-01-06T04:00:00Z,44.9,231.7,139.0,324.4,0,0,0.0,231.7,14.0
2026-01-06T04:15:00Z,29.3,218.6,131.2,306.0,0,0,0.0,218.6,-1.9
2026-01-06T04:30:00Z,12.9,251.9,151.1,350,0,0,0.0,251.9,-7.4
2026-01-06T04:45:00Z,1.2,280.0,168.0,350,0,0,0.0,280.0,-17.8
2026-01-06T05:00:00Z,47.2,246.1,147.7,344.6,0,0,0.0,246.1,23.8
2026-01-06T05:15:00Z,20.4,286.6,171.9,350,0,0,0.0,286.6,7.8
2026-01-06T05:30:00Z,6.6,243.0,145.8,340.2,0,0,0.0,243.0,17.5
2026-01-06T05:45:00Z,7.1,254.7,152.8,350,0,0,0.0,254.7,2.8
2026-01-06T06:00:00Z,30.2,221.0,132.6,309.5,0.0,0,0.0,221.0,-18.8
2026-01-06T06:15:00Z,10.1,252.5,151.5,350,0.0,0,0.0,252.5,10.0
2026-01-06T06:30:00Z,34.3,219.1,131.4,306.7,0.0,0,0.0,219.1,3.0
2026-01-06T06:45:00Z,16.5,247.2,148.3,346.1,0.0,0,0.0,247.2,-2.4
2026-01-06T07:00:00Z,39.6,278.7,167.2,350,10.2,5.1,13.2,288.9,-9.5
2026-01-06T07:15:00Z,42.0,233.9,140.3,327.4,12.5,6.2,16.2,246.4,10.0
2026-01-06T07:30:00Z,6.0,255.3,153.2,350,11.1,5.6,14.5,266.5,-15.8
2026-01-06T07:45:00Z,7.2,242.8,145.7,339.9,9.3,4.6,12.0,252.1,-7.0
2026-01-06T08:00:00Z,15.1,202.8,121.7,283.9,25.7,12.9,33.4,228.5,6.9
2026-01-06T08:15:00Z,36.5,259.2,155.5,350,26.8,13.4,34.8,286.0,-4.4
2026-01-06T08:30:00Z,23.9,198.8,119.3,278.3,30.3,15.1,39.4,229.1,-19.1
2026-01-06T08:45:00Z,46.6,206.8,124.1,289.5,29.2,14.6,38.0,236.0,7.7
2026-01-06T09:00:00Z,34.0,252.2,151.3,350,55.7,27.8,72.4,307.9,4.1
2026-01-06T09:15:00Z,40.0,255.9,153.6,350,44.1,22.1,57.4,300.1,19.5
2026-01-06T09:30:00Z,28.4,188.9,113.3,264.5,41.6,20.8,54.1,230.5,14.0
2026-01-06T09:45:00Z,13.6,240.6,144.3,336.8,48.4,24.2,63.0,289.0,11.6
2026-01-06T10:00:00Z,3.0,223.6,134.2,313.0,59.7,29.8,77.6,283.3,0.9
2026-01-06T10:15:00Z,17.3,270.3,162.2,350,66.6,33.3,86.6,336.9,24.0
2026-01-06T10:30:00Z,17.0,226.4,135.8,317.0,80.9,40.5,105.2,307.3,-1.5
2026-01-06T10:45:00Z,46.8,279.7,167.8,350,62.2,31.1,80.8,341.9,2.5
2026-01-06T11:00:00Z,15.4,261.8,157.1,350,75.9,37.9,98.6,337.7,12.8
2026-01-06T11:15:00Z,38.1,237.0,142.2,331.8,98.2,49.1,120,335.2,23.4
2026-01-06T11:30:00Z,14.8,193.3,116.0,270.6,97.8,48.9,120,291.1,-26.1
2026-01-06T11:45:00Z,29.3,177.6,106.6,248.7,72.7,36.4,94.6,250.4,13.6
2026-01-06T12:00:00Z,27.8,222.5,133.5,311.4,108.9,54.5,120,331.4,12.6
2026-01-06T12:15:00Z,9.1,218.0,130.8,305.1,87.7,43.9,114.1,305.7,-25.1
2026-01-06T12:30:00Z,1.8,215.8,129.5,302.1,99.1,49.5,120,314.9,-0.4
2026-01-06T12:45:00Z,12.1,237.1,142.3,331.9,83.9,42.0,109.1,321.0,11.2
2026-01-06T13:00:00Z,36.8,212.9,127.7,298.1,115.6,57.8,120,328.5,-14.4
2026-01-06T13:15:00Z,42.4,224.5,134.7,314.3,92.8,46.4,120,317.3,-14.6
2026-01-06T13:30:00Z,41.9,218.8,131.3,306.3,111.9,55.9,120,330.6,7.2
2026-01-06T13:45:00Z,28.9,201.5,120.9,282.1,95.4,47.7,120,296.9,-23.6
2026-01-06T14:00:00Z,23.1,158.3,95.0,221.6,103.3,51.6,120,261.6,-4.2
2026-01-06T14:15:00Z,36.0,268.9,161.3,350,105.6,52.8,120,374.5,-3.8
2026-01-06T14:30:00Z,34.9,216.1,129.7,302.5,112.2,56.1,120,328.3,-29.5
2026-01-06T14:45:00Z,4.6,242.8,145.7,340.0,104.2,52.1,120,347.0,-22.5
2026-01-06T15:00:00Z,40.4,195.9,117.5,274.2,88.6,44.3,115.1,284.4,-9.7
2026-01-06T15:15:00Z,12.4,244.8,146.9,342.7,97.7,48.9,120,342.5,11.0
2026-01-06T15:30:00Z,19.3,244.9,146.9,342.8,72.2,36.1,93.8,317.0,5.9
2026-01-06T15:45:00Z,10.0,280.6,168.4,350,102.1,51.0,120,382.7,-8.1
2026-01-06T16:00:00Z,18.0,259.5,155.7,350,75.9,38.0,98.7,335.4,-3.1
2026-01-06T16:15:00Z,44.8,216.7,130.0,303.4,81.2,40.6,105.5,297.9,-5.3
2026-01-06T16:30:00Z,44.8,210.9,126.6,295.3,75.6,37.8,98.3,286.5,-8.4
2026-01-06T16:45:00Z,13.5,179.3,107.6,251.0,74.7,37.4,97.1,254.0,18.8
2026-01-06T17:00:00Z,14.1,187.6,112.6,262.7,46.7,23.3,60.7,234.3,-12.3
2026-01-06T17:15:00Z,3.9,189.1,113.4,264.7,53.1,26.6,69.1,242.2,1.9
2026-01-06T17:30:00Z,29.9,197.2,118.3,276.0,54.2,27.1,70.5,251.4,-14.4
2026-01-06T17:45:00Z,29.3,207.2,124.3,290.1,43.1,21.5,56.0,250.3,1.9
2026-01-06T18:00:00Z,15.8,222.4,133.5,311.4,30.7,15.4,39.9,253.2,4.8
2026-01-06T18:15:00Z,11.5,200.7,120.4,280.9,29.9,14.9,38.8,230.5,3.9
2026-01-06T18:30:00Z,12.3,182.7,109.6,255.8,26.3,13.1,34.2,209.0,8.4
2026-01-06T18:45:00Z,28.5,217.1,130.3,303.9,26.0,13.0,33.8,243.1,-3.4
2026-01-06T19:00:00Z,47.1,218.7,131.2,306.2,10.5,5.2,13.6,229.1,-16.6
2026-01-06T19:15:00Z,38.7,206.3,123.8,288.8,11.3,5.7,14.7,217.6,1.2
2026-01-06T19:30:00Z,2.4,166.9,100.2,233.7,10.7,5.3,13.9,177.6,-4.2
2026-01-06T19:45:00Z,26.3,245.5,147.3,343.7,10.1,5.0,13.1,255.6,0.0
2026-01-06T20:00:00Z,37.5,201.6,121.0,282.3,0.0,0.0,0.0,201.6,22.6
2026-01-06T20:15:00Z,35.8,194.7,116.8,272.6,0.0,0.0,0.0,194.7,0.2
2026-01-06T20:30:00Z,32.1,195.9,117.5,274.3,0.0,0.0,0.0,195.9,31.8
2026-01-06T20:45:00Z,11.2,207.7,124.6,290.8,0.0,0.0,0.0,207.7,1.5
2026-01-06T21:00:00Z,24.1,198.8,119.3,278.4,0,0,0.0,198.8,18.3
2026-01-06T21:15:00Z,14.2,209.7,125.8,293.6,0,0,0.0,209.7,-8.6
2026-01-06T21:30:00Z,32.0,227.1,136.2,317.9,0,0,0.0,227.1,16.4
2026-01-06T21:45:00Z,46.6,200.6,120.4,280.9,0,0,0.0,200.6,7.1
2026-01-06T22:00:00Z,5.2,194.9,116.9,272.9,0,0,0.0,194.9,-0.1
2026-01-06T22:15:00Z,32.8,195.4,117.2,273.5,0,0,0.0,195.4,11.9
2026-01-06T22:30:00Z,42.4,184.9,110.9,258.9,0,0,0.0,184.9,-11.9
2026-01-06T22:45:00Z,21.3,211.8,127.1,296.6,0,0,0.0,211.8,11.9
2026-01-06T23:00:00Z,33.6,220.2,132.1,308.2,0,0,0.0,220.2,-1.5
2026-01-06T23:15:00Z,43.6,247.7,148.6,346.8,0,0,0.0,247.7,-15.2
2026-01-06T23:30:00Z,32.6,230.7,138.4,323.0,0,0,0.0,230.7,7.0
2026-01-06T23:45:00Z,15.5,242.5,145.5,339.5,0,0,0.0,242.5,3.9
2026-01-07T00:00:00Z,5.1,237.8,142.7,332.9,0,0,0.0,237.8,8.2
2026-01-07T00:15:00Z,34.0,281.5,168.9,350,0,0,0.0,281.5,-6.4
2026-01-07T00:30:00Z,45.0,208.4,125.0,291.8,0,0,0.0,208.4,3.7
2026-01-07T00:45:00Z,37.7,239.9,143.9,335.8,0,0,0.0,239.9,9.0
2026-01-07T01:00:00Z,39.9,238.8,143.3,334.4,0,0,0.0,238.8,-13.4
2026-01-07T01:15:00Z,2.9,245.9,147.6,344.3,0,0,0.0,245.9,-0.8
2026-01-07T01:30:00Z,10.2,221.7,133.0,310.3,0,0,0.0,221.7,-9.5
2026-01-07T01:45:00Z,35.9,246.4,147.8,344.9,0,0,0.0,246.4,13.2
2026-01-07T02:00:00Z,10.2,289.2,173.5,350,0,0,0.0,289.2,5.1
2026-01-07T02:15:00Z,36.3,264.4,158.7,350,0,0,0.0,264.4,-14.6
2026-01-07T02:30:00Z,5.7,234.0,140.4,327.6,0,0,0.0,234.0,-8.4
2026-01-07T02:45:00Z,30.2,246.6,148.0,345.3,0,0,0.0,246.6,-2.9
2026-01-07T03:00:00Z,2.1,269.8,161.9,350,0,0,0.0,269.8,10.0
2026-01-07T03:15:00Z,8.5,282.4,169.4,350,0,0,0.0,282.4,9.5
2026-01-07T03:30:00Z,16.3,261.0,156.6,350,0,0,0.0,261.0,-16.9
2026-01-07T03:45:00Z,4.4,233.6,140.2,327.0,0,0,0.0,233.6,12.4
2026-01-07T04:00:00Z,21.5,242.6,145.6,339.7,0,0,0.0,242.6,19.3
2026-01-07T04:15:00Z,23.3,266.1,159.7,350,0,0,0.0,266.1,4.4
2026-01-07T04:30:00Z,34.2,205.1,123.1,287.2,0,0,0.0,205.1,-11.5
2026-01-07T04:45:00Z,41.6,255.1,153.1,350,0,0,0.0,255.1,6.5
2026-01-07T05:00:00Z,5.5,304.8,182.9,350,0,0,0.0,304.8,24.7
2026-01-07T05:15:00Z,29.8,308.5,185.1,350,0,0,0.0,308.5,-3.5
2026-01-07T05:30:00Z,28.2,287.4,172.5,350,0,0,0.0,287.4,-12.4
2026-01-07T05:45:00Z,40.9,262.7,157.6,350,0,0,0.0,262.7,-24.1
2026-01-07T06:00:00Z,0.5,233.9,140.3,327.4,0.0,0,0.0,233.9,22.9
2026-01-07T06:15:00Z,7.1,284.4,170.7,350,0.0,0,0.0,284.4,19.6
2026-01-07T06:30:00Z,24.4,243.9,146.3,341.5,0.0,0,0.0,243.9,30.5
2026-01-07T06:45:00Z,47.5,284.8,170.9,350,0.0,0,0.0,284.8,-21.3
2026-01-07T07:00:00Z,33.5,268.8,161.3,350,11.6,5.8,15.1,280.4,-11.3
2026-01-07T07:15:00Z,37.4,227.7,136.6,318.8,9.2,4.6,12.0,236.9,-10.0
2026-01-07T07:30:00Z,26.8,245.4,147.3,343.6,9.4,4.7,12.2,254.9,-33.2
2026-01-07T07:45:00Z,15.3,308.0,184.8,350,9.7,4.8,12.6,317.6,14.4
2026-01-07T08:00:00Z,19.8,264.6,158.8,350,24.9,12.4,32.3,289.5,19.5
2026-01-07T08:15:00Z,41.3,281.1,168.7,350,30.1,15.1,39.2,311.2,23.3
2026-01-07T08:30:00Z,17.2,284.6,170.7,350,26.6,13.3,34.5,311.1,19.9
2026-01-07T08:45:00Z,7.8,257.0,154.2,350,24.1,12.1,31.3,281.1,-7.2
2026-01-07T09:00:00Z,30.7,260.4,156.2,350,56.0,28.0,72.9,316.4,-8.3
2026-01-07T09:15:00Z,41.6,277.7,166.6,350,48.0,24.0,62.3,325.7,-6.3
2026-01-07T09:30:00Z,23.7,265.6,159.3,350,54.6,27.3,71.0,320.2,-0.4
2026-01-07T09:45:00Z,25.6,251.3,150.8,350,51.0,25.5,66.3,302.4,-8.9
2026-01-07T10:00:00Z,4.7,257.7,154.6,350,60.1,30.1,78.2,317.8,-1.7
2026-01-07T10:15:00Z,28.4,247.2,148.3,346.1,62.4,31.2,81.1,309.6,6.7
2026-01-07T10:30:00Z,26.4,209.1,125.4,292.7,75.9,38.0,98.7,285.0,-6.2
2026-01-07T10:45:00Z,9.2,309.0,185.4,350,71.6,35.8,93.1,380.6,-3.7
2026-01-07T11:00:00Z,23.6,257.3,154.4,350,86.8,43.4,112.8,344.0,-14.8
2026-01-07T11:15:00Z,27.1,234.8,140.9,328.7,94.2,47.1,120,329.1,-13.7
2026-01-07T11:30:00Z,8.7,264.9,158.9,350,87.6,43.8,113.9,352.5,-13.5
2026-01-07T11:45:00Z,26.7,203.2,121.9,284.5,100.8,50.4,120,304.0,10.7
2026-01-07T12:00:00Z,44.4,260.7,156.4,350,110.1,55.1,120,370.8,13.5
2026-01-07T12:15:00Z,31.5,266.9,160.1,350,111.9,55.9,120,378.8,7.0
2026-01-07T12:30:00Z,23.6,237.4,142.5,332.4,101.8,50.9,120,339.2,7.7
2026-01-07T12:45:00Z,21.3,241.6,145.0,338.3,115.1,57.5,120,356.7,-0.5
2026-01-07T13:00:00Z,22.1,208.9,125.3,292.4,95.0,47.5,120,303.8,4.5
2026-01-07T13:15:00Z,20.2,216.6,129.9,303.2,111.3,55.6,120,327.8,-8.0
2026-01-07T13:30:00Z,41.2,211.5,126.9,296.1,101.5,50.7,120,312.9,-16.9
2026-01-07T13:45:00Z,25.3,211.7,127.0,296.4,105.4,52.7,120,317.1,-25.6
2026-01-07T14:00:00Z,39.7,211.4,126.8,295.9,90.2,45.1,117.2,301.5,32.1
2026-01-07T14:15:00Z,19.2,184.4,110.6,258.2,92.6,46.3,120,277.0,21.4
2026-01-07T14:30:00Z,17.4,205.7,123.4,288.0,111.2,55.6,120,316.9,1.9
2026-01-07T14:45:00Z,26.8,183.8,110.3,257.3,106.1,53.1,120,289.9,26.0
2026-01-07T15:00:00Z,12.8,216.0,129.6,302.4,80.4,40.2,104.5,296.4,-14.9
2026-01-07T15:15:00Z,23.6,246.6,148.0,345.3,93.8,46.9,120,340.5,-7.4
2026-01-07T15:30:00Z,17.6,182.0,109.2,254.8,92.2,46.1,119.9,274.2,17.4
2026-01-07T15:45:00Z,0.6,228.6,137.2,320.1,84.4,42.2,109.7,313.0,-6.5
2026-01-07T16:00:00Z,12.6,230.8,138.5,323.1,68.9,34.4,89.5,299.7,-15.9
2026-01-07T16:15:00Z,12.9,280.7,168.4,350,66.6,33.3,86.6,347.3,7.4
2026-01-07T16:30:00Z,3.0,262.9,157.7,350,67.2,33.6,87.3,330.1,12.3
2026-01-07T16:45:00Z,16.1,218.6,131.1,306.0,82.7,41.3,107.5,301.3,-19.9
2026-01-07T17:00:00Z,41.4,180.3,108.2,252.4,58.6,29.3,76.2,238.9,8.2
2026-01-07T17:15:00Z,23.4,266.7,160.0,350,46.2,23.1,60.1,312.9,-33.5
2026-01-07T17:30:00Z,4.8,253.2,151.9,350,55.3,27.7,71.9,308.5,-7.7
2026-01-07T17:45:00Z,19.3,237.1,142.3,332.0,51.4,25.7,66.8,288.5,13.0
2026-01-07T18:00:00Z,19.4,267.0,160.2,350,25.8,12.9,33.6,292.8,21.5
2026-01-07T18:15:00Z,25.1,222.8,133.7,311.9,25.1,12.5,32.6,247.9,-14.4
2026-01-07T18:30:00Z,44.8,165.2,99.1,231.3,29.1,14.6,37.9,194.3,-15.9
2026-01-07T18:45:00Z,27.0,272.0,163.2,350,25.1,12.6,32.7,297.2,2.1
2026-01-07T19:00:00Z,25.5,243.1,145.8,340.3,11.9,5.9,15.5,255.0,20.5
2026-01-07T19:15:00Z,40.0,236.3,141.8,330.8,11.4,5.7,14.8,247.7,12.7
2026-01-07T19:30:00Z,9.2,213.4,128.0,298.7,12.2,6.1,15.9,225.6,19.1
2026-01-07T19:45:00Z,17.8,244.5,146.7,342.3,10.6,5.3,13.7,255.0,0.7
2026-01-07T20:00:00Z,40.5,205.0,123.0,287.0,0.0,0.0,0.0,205.0,8.3
2026-01-07T20:15:00Z,14.4,249.5,149.7,349.3,0.0,0.0,0.0,249.5,22.7
2026-01-07T20:30:00Z,28.3,255.6,153.3,350,0.0,0.0,0.0,255.6,17.0
2026-01-07T20:45:00Z,13.3,177.7,106.6,248.8,0.0,0.0,0.0,177.7,10.2
2026-01-07T21:00:00Z,28.1,220.2,132.1,308.3,0,0,0.0,220.2,-25.6
2026-01-07T21:15:00Z,24.6,248.9,149.3,348.4,0,0,0.0,248.9,-10.8
2026-01-07T21:30:00Z,8.7,207.2,124.3,290.1,0,0,0.0,207.2,-3.5
2026-01-07T21:45:00Z,33.4,224.3,134.6,314.1,0,0,0.0,224.3,5.6
2026-01-07T22:00:00Z,9.9,205.6,123.4,287.8,0,0,0.0,205.6,5.2
2026-01-07T22:15:00Z,39.3,252.1,151.3,350,0,0,0.0,252.1,21.5
2026-01-07T22:30:00Z,34.4,192.3,115.4,269.2,0,0,0.0,192.3,-22.4
2026-01-07T22:45:00Z,11.8,253.3,152.0,350,0,0,0.0,253.3,22.6
2026-01-07T23:00:00Z,13.6,222.1,133.2,310.9,0,0,0.0,222.1,5.2
2026-01-07T23:15:00Z,6.9,273.0,163.8,350,0,0,0.0,273.0,-20.9
2026-01-07T23:30:00Z,44.9,252.6,151.5,350,0,0,0.0,252.6,17.1
2026-01-07T23:45:00Z,11.5,259.4,155.7,350,0,0,0.0,259.4,14.8
2026-01-08T00:00:00Z,22.6,285.8,171.5,350,0,0,0.0,285.8,12.4
2026-01-08T00:15:00Z,26.5,252.3,151.4,350,0,0,0.0,252.3,31.3
2026-01-08T00:30:00Z,26.1,295.1,177.1,350,0,0,0.0,295.1,-2.0
2026-01-08T00:45:00Z,5.5,311.7,187.0,350,0,0,0.0,311.7,-2.3
2026-01-08T01:00:00Z,5.0,312.3,187.4,350,0,0,0.0,312.3,6.8
2026-01-08T01:15:00Z,12.7,304.5,182.7,350,0,0,0.0,304.5,-14.2
2026-01-08T01:30:00Z,2.3,287.4,172.4,350,0,0,0.0,287.4,20.8
2026-01-08T01:45:00Z,46.5,255.5,153.3,350,0,0,0.0,255.5,6.1
2026-01-08T02:00:00Z,23.3,267.7,160.6,350,0,0,0.0,267.7,0.3
2026-01-08T02:15:00Z,19.0,271.3,162.8,350,0,0,0.0,271.3,28.1
2026-01-08T02:30:00Z,41.4,270.5,162.3,350,0,0,0.0,270.5,35.4
2026-01-08T02:45:00Z,15.7,273.7,164.2,350,0,0,0.0,273.7,9.6
2026-01-08T03:00:00Z,17.6,325.9,195.6,350,0,0,0.0,325.9,4.7
2026-01-08T03:15:00Z,43.1,284.8,170.9,350,0,0,0.0,284.8,16.4
2026-01-08T03:30:00Z,4.8,263.8,158.3,350,0,0,0.0,263.8,-10.8
2026-01-08T03:45:00Z,32.0,277.4,166.4,350,0,0,0.0,277.4,-3.9
2026-01-08T04:00:00Z,7.1,274.6,164.8,350,0,0,0.0,274.6,-14.3
2026-01-08T04:15:00Z,25.5,281.7,169.0,350,0,0,0.0,281.7,11.5
2026-01-08T04:30:00Z,40.1,309.1,185.4,350,0,0,0.0,309.1,14.4
2026-01-08T04:45:00Z,40.6,263.6,158.2,350,0,0,0.0,263.6,-20.5
2026-01-08T05:00:00Z,37.6,319.2,191.5,350,0,0,0.0,319.2,4.1
2026-01-08T05:15:00Z,29.6,332.1,199.2,350,0,0,0.0,332.1,2.5
2026-01-08T05:30:00Z,11.0,309.0,185.4,350,0,0,0.0,309.0,9.9
2026-01-08T05:45:00Z,43.1,294.9,177.0,350,0,0,0.0,294.9,5.1
2026-01-08T06:00:00Z,23.7,296.0,177.6,350,0.0,0,0.0,296.0,-4.2
2026-01-08T06:15:00Z,20.1,266.3,159.8,350,0.0,0,0.0,266.3,5.9
2026-01-08T06:30:00Z,8.5,312.8,187.7,350,0.0,0,0.0,312.8,11.3
2026-01-08T06:45:00Z,20.8,286.9,172.1,350,0.0,0,0.0,286.9,8.5
2026-01-08T07:00:00Z,25.1,303.9,182.3,350,9.3,4.6,12.1,313.2,-11.1
2026-01-08T07:15:00Z,41.8,283.8,170.3,350,9.7,4.8,12.6,293.5,-14.0
2026-01-08T07:30:00Z,42.6,261.5,156.9,350,12.3,6.2,16.0,273.8,28.7
2026-01-08T07:45:00Z,22.5,263.8,158.3,350,11.1,5.5,14.4,274.9,-4.9
2026-01-08T08:00:00Z,44.7,280.9,168.5,350,26.5,13.3,34.5,307.4,52.3
2026-01-08T08:15:00Z,37.6,240.3,144.2,336.5,33.5,16.7,43.5,273.8,-1.4
2026-01-08T08:30:00Z,3.9,254.8,152.9,350,30.4,15.2,39.5,285.1,-4.2
2026-01-08T08:45:00Z,22.0,285.9,171.5,350,26.6,13.3,34.5,312.4,14.5
2026-01-08T09:00:00Z,39.2,335.9,201.5,350,57.0,28.5,74.1,392.9,-13.6
2026-01-08T09:15:00Z,13.4,287.3,172.4,350,46.5,23.3,60.5,333.8,-6.6
2026-01-08T09:30:00Z,8.3,274.9,164.9,350,58.4,29.2,76.0,333.3,-12.5
2026-01-08T09:45:00Z,3.1,286.4,171.8,350,50.9,25.5,66.2,337.3,0.8
2026-01-08T10:00:00Z,40.8,237.5,142.5,332.5,73.9,36.9,96.0,311.3,24.6
2026-01-08T10:15:00Z,35.9,260.6,156.4,350,71.6,35.8,93.1,332.2,0.5
2026-01-08T10:30:00Z,13.4,290.5,174.3,350,82.9,41.4,107.7,373.3,-13.7
2026-01-08T10:45:00Z,16.8,234.2,140.5,327.9,73.0,36.5,94.9,307.2,18.0
2026-01-08T11:00:00Z,6.5,230.4,138.2,322.5,77.0,38.5,100.0,307.3,-6.8
2026-01-08T11:15:00Z,32.1,264.5,158.7,350,80.2,40.1,104.2,344.7,32.0
2026-01-08T11:30:00Z,27.4,275.6,165.4,350,89.7,44.9,116.6,365.3,20.9
2026-01-08T11:45:00Z,29.9,237.3,142.4,332.3,95.5,47.7,120,332.8,-7.6
2026-01-08T12:00:00Z,10.3,216.1,129.6,302.5,113.5,56.7,120,329.5,4.1
2026-01-08T12:15:00Z,47.8,231.1,138.7,323.6,86.9,43.4,113.0,318.0,-6.9
2026-01-08T12:30:00Z,15.6,285.8,171.5,350,85.5,42.8,111.2,371.3,-21.8
2026-01-08T12:45:00Z,21.6,276.2,165.7,350,84.4,42.2,109.7,360.6,-1.8
2026-01-08T13:00:00Z,1.6,294.6,176.7,350,95.8,47.9,120,390.3,-14.5
2026-01-08T13:15:00Z,33.1,262.7,157.6,350,114.9,57.4,120,377.6,7.1
2026-01-08T13:30:00Z,0.3,266.7,160.0,350,112.2,56.1,120,378.9,-1.4
2026-01-08T13:45:00Z,42.7,228.6,137.2,320.1,114.2,57.1,120,342.8,18.1
2026-01-08T14:00:00Z,21.2,242.5,145.5,339.5,87.6,43.8,113.9,330.1,-1.0
2026-01-08T14:15:00Z,37.0,267.5,160.5,350,114.7,57.4,120,382.3,31.8
2026-01-08T14:30:00Z,43.8,306.6,183.9,350,94.0,47.0,120,400.6,15.4
2026-01-08T14:45:00Z,12.0,276.9,166.1,350,91.3,45.6,118.6,368.1,-15.6
2026-01-08T15:00:00Z,11.0,250.8,150.5,350,90.6,45.3,117.8,341.4,10.3
2026-01-08T15:15:00Z,24.8,252.1,151.2,350,89.0,44.5,115.7,341.1,-6.6
2026-01-08T15:30:00Z,13.2,223.5,134.1,312.8,73.3,36.7,95.3,296.8,13.6
2026-01-08T15:45:00Z,16.5,237.7,142.6,332.8,99.5,49.8,120,337.2,-3.1
2026-01-08T16:00:00Z,18.5,307.1,184.3,350,82.7,41.4,107.5,389.9,-4.3
2026-01-08T16:15:00Z,22.9,259.3,155.6,350,61.7,30.8,80.2,321.0,-3.4
2026-01-08T16:30:00Z,39.0,243.9,146.4,341.5,68.5,34.3,89.1,312.4,-2.3
2026-01-08T16:45:00Z,22.7,260.6,156.4,350,74.8,37.4,97.3,335.5,24.1
2026-01-08T17:00:00Z,46.1,239.2,143.5,334.9,55.0,27.5,71.6,294.2,-1.2
2026-01-08T17:15:00Z,9.7,272.5,163.5,350,42.0,21.0,54.6,314.5,-12.9
2026-01-08T17:30:00Z,45.0,235.3,141.2,329.4,49.8,24.9,64.7,285.1,-37.3
2026-01-08T17:45:00Z,36.1,251.9,151.1,350,50.4,25.2,65.6,302.3,4.4
2026-01-08T18:00:00Z,35.8,262.7,157.6,350,28.0,14.0,36.4,290.6,19.1
2026-01-08T18:15:00Z,4.2,267.4,160.5,350,30.5,15.3,39.7,297.9,19.6
2026-01-08T18:30:00Z,12.1,243.0,145.8,340.3,33.4,16.7,43.4,276.5,15.5
2026-01-08T18:45:00Z,34.0,223.5,134.1,312.9,27.3,13.7,35.5,250.8,-28.6
2026-01-08T19:00:00Z,2.2,265.7,159.4,350,10.5,5.2,13.6,276.2,-45.3
2026-01-08T19:15:00Z,41.9,256.8,154.1,350,10.9,5.5,14.2,267.8,-1.9
2026-01-08T19:30:00Z,10.1,219.9,131.9,307.8,10.4,5.2,13.5,230.2,-17.1
2026-01-08T19:45:00Z,46.4,223.6,134.2,313.1,9.8,4.9,12.8,233.5,-16.6
2026-01-08T20:00:00Z,17.9,234.0,140.4,327.6,0.0,0.0,0.0,234.0,-20.8
2026-01-08T20:15:00Z,5.0,240.4,144.3,336.6,0.0,0.0,0.0,240.4,6.0
2026-01-08T20:30:00Z,30.7,237.4,142.4,332.3,0.0,0.0,0.0,237.4,-4.9
2026-01-08T20:45:00Z,6.8,262.3,157.4,350,0.0,0.0,0.0,262.3,-14.7
2026-01-08T21:00:00Z,28.8,208.0,124.8,291.2,0,0,0.0,208.0,-3.6
2026-01-08T21:15:00Z,18.6,269.6,161.8,350,0,0,0.0,269.6,-9.9
2026-01-08T21:30:00Z,30.8,265.4,159.2,350,0,0,0.0,265.4,16.1
2026-01-08T21:45:00Z,47.6,272.4,163.4,350,0,0,0.0,272.4,2.3
2026-01-08T22:00:00Z,18.3,238.1,142.9,333.3,0,0,0.0,238.1,-2.5
2026-01-08T22:15:00Z,22.2,251.8,151.1,350,0,0,0.0,251.8,2.9
2026-01-08T22:30:00Z,47.2,264.8,158.9,350,0,0,0.0,264.8,6.0
2026-01-08T22:45:00Z,11.8,281.0,168.6,350,0,0,0.0,281.0,10.9
2026-01-08T23:00:00Z,23.8,238.3,143.0,333.7,0,0,0.0,238.3,-17.4
2026-01-08T23:15:00Z,19.9,304.8,182.9,350,0,0,0.0,304.8,22.1
2026-01-08T23:30:00Z,26.9,282.1,169.3,350,0,0,0.0,282.1,10.4
2026-01-08T23:45:00Z,12.6,226.8,136.1,317.6,0,0,0.0,226.8,4.9
2026-01-09T00:00:00Z,37.1,171.8,103.1,240.5,0,0,0.0,171.8,18.3
2026-01-09T00:15:00Z,8.3,161.0,96.6,225.5,0,0,0.0,161.0,11.6
2026-01-09T00:30:00Z,8.5,204.0,122.4,285.7,0,0,0.0,204.0,-7.9
2026-01-09T00:45:00Z,23.4,170.8,102.5,239.1,0,0,0.0,170.8,4.3
2026-01-09T01:00:00Z,38.2,166.5,99.9,233.1,0,0,0.0,166.5,1.8
2026-01-09T01:15:00Z,25.1,194.0,116.4,271.6,0,0,0.0,194.0,-1.7
2026-01-09T01:30:00Z,44.0,176.3,105.8,246.8,0,0,0.0,176.3,-28.8
2026-01-09T01:45:00Z,45.8,161.8,97.1,226.5,0,0,0.0,161.8,13.9
2026-01-09T02:00:00Z,3.9,203.2,121.9,284.4,0,0,0.0,203.2,14.7
2026-01-09T02:15:00Z,6.1,213.6,128.2,299.1,0,0,0.0,213.6,8.4
2026-01-09T02:30:00Z,27.5,195.5,117.3,273.7,0,0,0.0,195.5,19.6
2026-01-09T02:45:00Z,1.9,151.1,90.7,211.5,0,0,0.0,151.1,2.3
2026-01-09T03:00:00Z,15.3,192.3,115.4,269.2,0,0,0.0,192.3,-4.1
2026-01-09T03:15:00Z,12.3,193.5,116.1,270.9,0,0,0.0,193.5,1.4
2026-01-09T03:30:00Z,33.9,197.8,118.7,276.9,0,0,0.0,197.8,-17.4
2026-01-09T03:45:00Z,15.8,174.4,104.6,244.2,0,0,0.0,174.4,-4.6
2026-01-09T04:00:00Z,21.1,198.7,119.2,278.1,0,0,0.0,198.7,11.9
2026-01-09T04:15:00Z,41.4,159.4,95.6,223.1,0,0,0.0,159.4,-9.8
2026-01-09T04:30:00Z,42.0,242.9,145.7,340.0,0,0,0.0,242.9,-8.8
2026-01-09T04:45:00Z,37.9,186.7,112.0,261.3,0,0,0.0,186.7,-7.6
2026-01-09T05:00:00Z,34.6,174.8,104.9,244.7,0,0,0.0,174.8,10.2
2026-01-09T05:15:00Z,41.9,220.5,132.3,308.7,0,0,0.0,220.5,5.2
2026-01-09T05:30:00Z,7.3,242.7,145.6,339.8,0,0,0.0,242.7,2.9
2026-01-09T05:45:00Z,37.7,203.1,121.9,284.4,0,0,0.0,203.1,25.7
2026-01-09T06:00:00Z,43.9,184.9,110.9,258.8,0.0,0,0.0,184.9,22.7
2026-01-09T06:15:00Z,9.9,170.0,102.0,238.0,0.0,0,0.0,170.0,-2.4
2026-01-09T06:30:00Z,7.9,226.3,135.8,316.8,0.0,0,0.0,226.3,-18.1
2026-01-09T06:45:00Z,8.9,176.8,106.1,247.5,0.0,0,0.0,176.8,-11.6
2026-01-09T07:00:00Z,43.0,189.5,113.7,265.3,10.2,5.1,13.2,199.7,-12.9
2026-01-09T07:15:00Z,32.8,177.2,106.3,248.1,8.9,4.4,11.5,186.1,-4.8
2026-01-09T07:30:00Z,16.7,179.2,107.5,250.8,9.3,4.7,12.1,188.5,-11.1
2026-01-09T07:45:00Z,35.8,234.4,140.7,328.2,10.6,5.3,13.8,245.0,27.5
2026-01-09T08:00:00Z,41.8,218.3,131.0,305.6,33.9,17.0,44.1,252.2,10.8
2026-01-09T08:15:00Z,13.2,189.8,113.9,265.8,33.9,17.0,44.1,223.8,-6.6
2026-01-09T08:30:00Z,2.5,203.2,121.9,284.4,34.1,17.0,44.3,237.2,-13.6
2026-01-09T08:45:00Z,22.1,216.4,129.8,303.0,33.5,16.7,43.5,249.9,13.4
2026-01-09T09:00:00Z,26.5,240.1,144.1,336.1,58.3,29.1,75.8,298.4,-25.1
2026-01-09T09:15:00Z,12.6,139.3,83.6,195.0,42.1,21.0,54.7,181.4,1.7
2026-01-09T09:30:00Z,1.4,190.8,114.5,267.1,50.3,25.2,65.4,241.1,-32.2
2026-01-09T09:45:00Z,8.4,187.9,112.8,263.1,50.0,25.0,65.0,237.9,-8.8
2026-01-09T10:00:00Z,8.7,167.1,100.3,234.0,70.4,35.2,91.5,237.5,12.5
2026-01-09T10:15:00Z,40.8,202.0,121.2,282.8,70.8,35.4,92.0,272.8,15.8
2026-01-09T10:30:00Z,1.0,181.6,109.0,254.2,69.0,34.5,89.7,250.6,2.4
2026-01-09T10:45:00Z,4.1,180.0,108.0,252.0,82.6,41.3,107.4,262.6,-12.1
2026-01-09T11:00:00Z,34.7,167.3,100.4,234.2,98.8,49.4,120,266.1,8.9
2026-01-09T11:15:00Z,41.2,198.5,119.1,277.9,75.2,37.6,97.8,273.8,2.4
2026-01-09T11:30:00Z,2.2,176.1,105.7,246.6,80.3,40.1,104.3,256.4,-21.1
2026-01-09T11:45:00Z,8.6,176.4,105.9,247.0,92.7,46.4,120,269.2,25.2
2026-01-09T12:00:00Z,20.4,142.1,85.3,198.9,98.2,49.1,120,240.2,-7.7
2026-01-09T12:15:00Z,5.5,224.3,134.6,314.0,102.2,51.1,120,326.5,3.7
2026-01-09T12:30:00Z,4.3,166.8,100.1,233.6,105.6,52.8,120,272.4,-33.4
2026-01-09T12:45:00Z,39.3,159.0,95.4,222.6,105.8,52.9,120,264.8,24.3
2026-01-09T13:00:00Z,45.1,180.2,108.1,252.3,87.1,43.5,113.2,267.3,1.2
2026-01-09T13:15:00Z,6.1,176.4,105.8,247.0,87.3,43.7,113.5,263.7,4.7
2026-01-09T13:30:00Z,27.2,199.2,119.5,278.8,110.0,55.0,120,309.2,13.6
2026-01-09T13:45:00Z,8.3,162.3,97.4,227.3,113.4,56.7,120,275.7,-1.3
2026-01-09T14:00:00Z,12.4,225.9,135.5,316.2,93.0,46.5,120,318.9,3.4
2026-01-09T14:15:00Z,11.8,136.4,81.9,191.0,113.7,56.9,120,250.2,25.3
2026-01-09T14:30:00Z,12.9,176.6,106.0,247.3,91.2,45.6,118.5,267.8,-6.2
2026-01-09T14:45:00Z,47.1,142.3,85.4,199.3,99.6,49.8,120,242.0,-5.0
2026-01-09T15:00:00Z,25.1,140.1,84.1,196.1,99.3,49.7,120,239.4,18.7
2026-01-09T15:15:00Z,22.2,131.4,78.8,183.9,89.9,44.9,116.8,221.2,-6.7
2026-01-09T15:30:00Z,30.0,196.4,117.8,274.9,86.0,43.0,111.8,282.4,18.2
2026-01-09T15:45:00Z,17.8,163.6,98.2,229.1,100.6,50.3,120,264.2,-37.2
2026-01-09T16:00:00Z,11.3,157.7,94.6,220.8,65.4,32.7,85.0,223.1,19.6
2026-01-09T16:15:00Z,0.3,170.3,102.2,238.4,62.8,31.4,81.7,233.1,-1.8
2026-01-09T16:30:00Z,7.6,143.8,86.3,201.3,74.7,37.3,97.1,218.5,-21.3
2026-01-09T16:45:00Z,24.4,158.9,95.4,222.5,77.7,38.8,101.0,236.6,16.2
2026-01-09T17:00:00Z,32.8,162.4,97.5,227.4,56.1,28.0,72.9,218.5,8.1
2026-01-09T17:15:00Z,31.1,202.7,121.6,283.8,46.1,23.1,60.0,248.9,-16.6
2026-01-09T17:30:00Z,2.6,158.2,94.9,221.5,49.9,24.9,64.8,208.1,21.8
2026-01-09T17:45:00Z,39.7,135.4,81.2,189.5,55.1,27.5,71.6,190.4,13.3
2026-01-09T18:00:00Z,7.4,123.8,74.3,173.4,27.1,13.5,35.2,150.9,11.1
2026-01-09T18:15:00Z,4.7,149.3,89.6,209.0,24.0,12.0,31.2,173.3,-22.3
2026-01-09T18:30:00Z,4.6,169.5,101.7,237.3,32.7,16.4,42.5,202.2,-10.1
2026-01-09T18:45:00Z,26.1,156.7,94.0,219.4,25.1,12.6,32.7,181.9,-18.3
2026-01-09T19:00:00Z,10.6,156.0,93.6,218.3,11.3,5.6,14.7,167.2,-9.0
2026-01-09T19:15:00Z,20.3,142.0,85.2,198.8,12.4,6.2,16.2,154.4,11.5
2026-01-09T19:30:00Z,0.4,176.8,106.1,247.5,9.5,4.8,12.4,186.3,14.4
2026-01-09T19:45:00Z,40.0,138.3,83.0,193.6,12.5,6.3,16.3,150.8,2.8
2026-01-09T20:00:00Z,23.8,195.9,117.5,274.2,0.0,0.0,0.0,195.9,-19.0
2026-01-09T20:15:00Z,0.3,170.6,102.4,238.9,0.0,0.0,0.0,170.6,-17.9
2026-01-09T20:30:00Z,7.9,166.1,99.7,232.6,0.0,0.0,0.0,166.1,5.9
2026-01-09T20:45:00Z,37.3,150.8,90.5,211.2,0.0,0.0,0.0,150.8,-9.0
2026-01-09T21:00:00Z,41.3,129.6,77.7,181.4,0,0,0.0,129.6,5.1
2026-01-09T21:15:00Z,13.0,112.9,67.7,158.0,0,0,0.0,112.9,-5.2
2026-01-09T21:30:00Z,45.3,125.4,75.2,175.6,0,0,0.0,125.4,-21.8
2026-01-09T21:45:00Z,9.8,225.8,135.5,316.1,0,0,0.0,225.8,-2.4
2026-01-09T22:00:00Z,3.5,96.0,57.6,134.3,0,0,0.0,96.0,1.6
2026-01-09T22:15:00Z,9.1,139.3,83.6,195.0,0,0,0.0,139.3,-8.5
2026-01-09T22:30:00Z,18.5,140.8,84.5,197.1,0,0,0.0,140.8,-14.8
2026-01-09T22:45:00Z,21.8,150.9,90.5,211.3,0,0,0.0,150.9,16.9
2026-01-09T23:00:00Z,45.0,158.4,95.0,221.8,0,0,0.0,158.4,4.7
2026-01-09T23:15:00Z,8.7,118.7,71.2,166.2,0,0,0.0,118.7,-5.5
2026-01-09T23:30:00Z,16.1,165.8,99.5,232.1,0,0,0.0,165.8,-18.4
2026-01-09T23:45:00Z,4.2,199.3,119.6,279.0,0,0,0.0,199.3,7.3
2026-01-10T00:00:00Z,30.6,207.6,124.6,290.6,0,0,0.0,207.6,16.9
2026-01-10T00:15:00Z,11.4,216.6,130.0,303.3,0,0,0.0,216.6,-10.0
2026-01-10T00:30:00Z,23.0,178.9,107.3,250.4,0,0,0.0,178.9,11.5
2026-01-10T00:45:00Z,11.7,196.2,117.7,274.7,0,0,0.0,196.2,29.9
2026-01-10T01:00:00Z,48.0,217.8,130.7,304.9,0,0,0.0,217.8,13.6
2026-01-10T01:15:00Z,21.4,215.9,129.5,302.3,0,0,0.0,215.9,13.9
2026-01-10T01:30:00Z,39.9,189.9,113.9,265.9,0,0,0.0,189.9,-39.4
2026-01-10T01:45:00Z,28.6,207.9,124.7,291.0,0,0,0.0,207.9,-13.2
2026-01-10T02:00:00Z,31.7,237.5,142.5,332.5,0,0,0.0,237.5,3.7
2026-01-10T02:15:00Z,44.9,225.2,135.1,315.3,0,0,0.0,225.2,-40.3
2026-01-10T02:30:00Z,36.9,204.5,122.7,286.3,0,0,0.0,204.5,14.5
2026-01-10T02:45:00Z,21.3,189.9,113.9,265.8,0,0,0.0,189.9,-3.8
2026-01-10T03:00:00Z,35.6,250.1,150.1,350,0,0,0.0,250.1,-14.0
2026-01-10T03:15:00Z,31.5,202.0,121.2,282.8,0,0,0.0,202.0,-5.3
2026-01-10T03:30:00Z,22.3,233.5,140.1,326.9,0,0,0.0,233.5,-4.5
2026-01-10T03:45:00Z,37.8,236.5,141.9,331.1,0,0,0.0,236.5,23.7
2026-01-10T04:00:00Z,35.1,238.6,143.1,334.0,0,0,0.0,238.6,3.7
2026-01-10T04:15:00Z,19.7,298.7,179.2,350,0,0,0.0,298.7,5.9
2026-01-10T04:30:00Z,34.7,243.2,145.9,340.5,0,0,0.0,243.2,7.4
2026-01-10T04:45:00Z,9.4,177.2,106.3,248.1,0,0,0.0,177.2,-13.1
2026-01-10T05:00:00Z,29.5,250.1,150.0,350,0,0,0.0,250.1,-0.9
2026-01-10T05:15:00Z,20.2,243.6,146.2,341.0,0,0,0.0,243.6,-0.3
2026-01-10T05:30:00Z,2.7,238.5,143.1,333.9,0,0,0.0,238.5,13.6
2026-01-10T05:45:00Z,15.4,233.7,140.2,327.2,0,0,0.0,233.7,33.1
2026-01-10T06:00:00Z,20.7,242.8,145.7,339.9,0.0,0,0.0,242.8,-20.6
2026-01-10T06:15:00Z,6.6,243.1,145.9,340.3,0.0,0,0.0,243.1,-14.1
2026-01-10T06:30:00Z,34.5,266.8,160.1,350,0.0,0,0.0,266.8,-2.5
2026-01-10T06:45:00Z,4.7,233.6,140.2,327.1,0.0,0,0.0,233.6,-12.8
2026-01-10T07:00:00Z,2.1,218.2,130.9,305.5,9.9,5.0,12.9,228.2,7.3
2026-01-10T07:15:00Z,9.7,183.1,109.9,256.4,9.9,5.0,12.9,193.0,-6.0
2026-01-10T07:30:00Z,31.2,195.3,117.2,273.4,11.0,5.5,14.3,206.3,9.2
2026-01-10T07:45:00Z,36.1,240.5,144.3,336.8,12.3,6.1,15.9,252.8,-9.6
2026-01-10T08:00:00Z,22.0,258.9,155.3,350,28.0,14.0,36.4,286.9,12.5
2026-01-10T08:15:00Z,31.0,282.2,169.3,350,33.9,16.9,44.0,316.1,0.1
2026-01-10T08:30:00Z,24.9,234.6,140.7,328.4,32.1,16.0,41.7,266.7,-5.8
2026-01-10T08:45:00Z,20.5,232.3,139.4,325.2,26.3,13.2,34.2,258.6,-13.3
2026-01-10T09:00:00Z,22.2,233.4,140.0,326.7,49.4,24.7,64.2,282.8,-6.0
2026-01-10T09:15:00Z,0.6,192.4,115.5,269.4,56.0,28.0,72.8,248.4,0.5
2026-01-10T09:30:00Z,15.3,211.6,127.0,296.3,58.2,29.1,75.6,269.8,17.0
2026-01-10T09:45:00Z,21.8,172.1,103.3,240.9,49.6,24.8,64.5,221.7,0.4
2026-01-10T10:00:00Z,42.2,234.2,140.5,327.9,82.5,41.3,107.3,316.8,-14.6
2026-01-10T10:15:00Z,23.6,215.5,129.3,301.7,82.6,41.3,107.4,298.1,-7.7
2026-01-10T10:30:00Z,0.5,195.4,117.2,273.6,63.2,31.6,82.2,258.6,-1.9
2026-01-10T10:45:00Z,32.9,230.5,138.3,322.7,77.8,38.9,101.1,308.3,-14.0
2026-01-10T11:00:00Z,19.6,216.5,129.9,303.1,88.6,44.3,115.2,305.1,-14.9
2026-01-10T11:15:00Z,1.2,198.4,119.0,277.8,93.3,46.6,120,291.7,18.3
2026-01-10T11:30:00Z,37.3,186.4,111.8,260.9,74.6,37.3,96.9,260.9,-8.6
2026-01-10T11:45:00Z,35.9,224.6,134.8,314.4,100.1,50.1,120,324.7,1.8
2026-01-10T12:00:00Z,15.0,196.7,118.0,275.4,113.6,56.8,120,310.3,9.2
2026-01-10T12:15:00Z,8.2,199.2,119.5,278.9,104.4,52.2,120,303.6,26.2
2026-01-10T12:30:00Z,10.2,184.1,110.4,257.7,106.4,53.2,120,290.5,-11.7
2026-01-10T12:45:00Z,45.2,251.9,151.1,350,90.6,45.3,117.8,342.5,-11.0
2026-01-10T13:00:00Z,22.4,193.1,115.9,270.3,93.6,46.8,120,286.7,-41.0
2026-01-10T13:15:00Z,38.5,175.7,105.4,246.0,95.2,47.6,120,270.9,-23.2
2026-01-10T13:30:00Z,10.1,198.4,119.1,277.8,104.8,52.4,120,303.2,-2.1
2026-01-10T13:45:00Z,33.2,184.6,110.8,258.5,90.9,45.4,118.2,275.5,4.7
2026-01-10T14:00:00Z,38.4,217.6,130.5,304.6,91.1,45.5,118.4,308.6,25.1
2026-01-10T14:15:00Z,8.8,166.1,99.7,232.6,110.9,55.4,120,277.0,-19.9
2026-01-10T14:30:00Z,32.8,192.3,115.4,269.3,102.8,51.4,120,295.2,-20.4
2026-01-10T14:45:00Z,9.9,184.2,110.5,257.9,107.0,53.5,120,291.2,-9.7
2026-01-10T15:00:00Z,6.9,222.0,133.2,310.8,77.3,38.6,100.4,299.2,19.8
2026-01-10T15:15:00Z,16.9,203.4,122.0,284.7,95.9,47.9,120,299.2,8.7
2026-01-10T15:30:00Z,43.8,159.6,95.8,223.5,91.7,45.9,119.3,251.4,-9.7
2026-01-10T15:45:00Z,8.0,213.4,128.1,298.8,97.1,48.5,120,310.5,-30.5
2026-01-10T16:00:00Z,4.9,191.2,114.7,267.7,65.0,32.5,84.5,256.2,14.8
2026-01-10T16:15:00Z,23.5,178.0,106.8,249.2,73.1,36.6,95.1,251.1,3.7
2026-01-10T16:30:00Z,47.5,167.3,100.4,234.2,73.8,36.9,95.9,241.0,-20.1
2026-01-10T16:45:00Z,28.0,172.4,103.5,241.4,70.0,35.0,90.9,242.4,1.5
2026-01-10T17:00:00Z,34.0,185.4,111.2,259.5,52.3,26.2,68.0,237.7,26.1
2026-01-10T17:15:00Z,46.8,158.6,95.1,222.0,52.9,26.4,68.8,211.4,19.4
2026-01-10T17:30:00Z,5.2,216.7,130.0,303.3,51.9,25.9,67.4,268.5,-27.2
2026-01-10T17:45:00Z,20.3,244.6,146.8,342.5,54.7,27.3,71.1,299.3,37.2
2026-01-10T18:00:00Z,43.2,157.5,94.5,220.5,26.2,13.1,34.1,183.7,-17.0
2026-01-10T18:15:00Z,29.1,182.4,109.5,255.4,34.1,17.0,44.3,216.5,-10.9
2026-01-10T18:30:00Z,29.7,218.3,131.0,305.6,25.0,12.5,32.4,243.2,-12.3
2026-01-10T18:45:00Z,38.7,204.8,122.9,286.7,29.2,14.6,37.9,233.9,-1.2
2026-01-10T19:00:00Z,14.8,198.2,118.9,277.5,12.0,6.0,15.6,210.2,-16.5
2026-01-10T19:15:00Z,40.1,161.1,96.6,225.5,11.7,5.8,15.2,172.7,-14.7
2026-01-10T19:30:00Z,20.0,161.1,96.7,225.5,10.4,5.2,13.5,171.5,-14.2
2026-01-10T19:45:00Z,44.6,189.4,113.6,265.1,11.8,5.9,15.3,201.1,9.9
2026-01-10T20:00:00Z,31.5,168.7,101.2,236.2,0.0,0.0,0.0,168.7,-7.3
2026-01-10T20:15:00Z,39.8,184.1,110.5,257.8,0.0,0.0,0.0,184.1,8.6
2026-01-10T20:30:00Z,39.4,195.2,117.1,273.3,0.0,0.0,0.0,195.2,7.6
2026-01-10T20:45:00Z,43.9,200.1,120.0,280.1,0.0,0.0,0.0,200.1,-10.0
2026-01-10T21:00:00Z,18.6,204.9,122.9,286.8,0,0,0.0,204.9,13.4
2026-01-10T21:15:00Z,5.5,188.3,113.0,263.7,0,0,0.0,188.3,5.7
2026-01-10T21:30:00Z,38.4,207.3,124.4,290.2,0,0,0.0,207.3,-4.3
2026-01-10T21:45:00Z,12.6,241.6,145.0,338.3,0,0,0.0,241.6,-7.7
2026-01-10T22:00:00Z,21.7,161.8,97.1,226.5,0,0,0.0,161.8,-23.9
2026-01-10T22:15:00Z,13.4,175.8,105.5,246.1,0,0,0.0,175.8,39.3
2026-01-10T22:30:00Z,33.5,229.2,137.5,320.9,0,0,0.0,229.2,3.3
2026-01-10T22:45:00Z,16.4,207.5,124.5,290.4,0,0,0.0,207.5,3.0
2026-01-10T23:00:00Z,20.9,234.5,140.7,328.2,0,0,0.0,234.5,16.3
2026-01-10T23:15:00Z,26.7,203.4,122.0,284.8,0,0,0.0,203.4,3.4
2026-01-10T23:30:00Z,28.0,170.6,102.4,238.9,0,0,0.0,170.6,-5.1
2026-01-10T23:45:00Z,11.6,225.6,135.4,315.9,0,0,0.0,225.6,-5.1
2026-01-11T00:00:00Z,35.3,252.2,151.3,350,0,0,0.0,252.2,-10.3
2026-01-11T00:15:00Z,15.9,240.7,144.4,337.0,0,0,0.0,240.7,16.5
2026-01-11T00:30:00Z,23.4,259.5,155.7,350,0,0,0.0,259.5,11.7
2026-01-11T00:45:00Z,42.9,231.0,138.6,323.3,0,0,0.0,231.0,16.3
2026-01-11T01:00:00Z,1.0,262.0,157.2,350,0,0,0.0,262.0,-13.9
2026-01-11T01:15:00Z,4.6,238.6,143.2,334.1,0,0,0.0,238.6,-10.8
2026-01-11T01:30:00Z,26.8,289.5,173.7,350,0,0,0.0,289.5,4.8
2026-01-11T01:45:00Z,21.6,276.3,165.8,350,0,0,0.0,276.3,34.4
2026-01-11T02:00:00Z,25.0,274.0,164.4,350,0,0,0.0,274.0,10.4
2026-01-11T02:15:00Z,4.5,266.1,159.7,350,0,0,0.0,266.1,5.5
2026-01-11T02:30:00Z,23.6,277.0,166.2,350,0,0,0.0,277.0,4.5
2026-01-11T02:45:00Z,29.2,286.1,171.7,350,0,0,0.0,286.1,29.8
2026-01-11T03:00:00Z,45.9,251.7,151.0,350,0,0,0.0,251.7,19.2
2026-01-11T03:15:00Z,30.7,269.2,161.5,350,0,0,0.0,269.2,-1.5
2026-01-11T03:30:00Z,18.5,284.1,170.4,350,0,0,0.0,284.1,-10.2
2026-01-11T03:45:00Z,16.3,280.7,168.4,350,0,0,0.0,280.7,4.9
2026-01-11T04:00:00Z,45.4,267.9,160.7,350,0,0,0.0,267.9,17.1
2026-01-11T04:15:00Z,10.9,246.7,148.0,345.3,0,0,0.0,246.7,3.6
2026-01-11T04:30:00Z,33.7,268.5,161.1,350,0,0,0.0,268.5,3.5
2026-01-11T04:45:00Z,5.1,288.8,173.3,350,0,0,0.0,288.8,-2.4
2026-01-11T05:00:00Z,29.0,311.4,186.8,350,0,0,0.0,311.4,8.1
2026-01-11T05:15:00Z,45.4,235.8,141.5,330.1,0,0,0.0,235.8,7.2
2026-01-11T05:30:00Z,45.7,297.3,178.4,350,0,0,0.0,297.3,7.7
2026-01-11T05:45:00Z,31.6,314.3,188.6,350,0,0,0.0,314.3,10.6
2026-01-11T06:00:00Z,30.9,262.1,157.2,350,0.0,0,0.0,262.1,2.8
2026-01-11T06:15:00Z,41.0,274.1,164.5,350,0.0,0,0.0,274.1,10.5
2026-01-11T06:30:00Z,21.7,266.2,159.7,350,0.0,0,0.0,266.2,11.0
2026-01-11T06:45:00Z,19.9,229.4,137.6,321.1,0.0,0,0.0,229.4,4.5
2026-01-11T07:00:00Z,28.6,252.5,151.5,350,11.2,5.6,14.6,263.7,-13.3
2026-01-11T07:15:00Z,40.9,219.7,131.8,307.6,12.3,6.1,15.9,231.9,1.9
2026-01-11T07:30:00Z,42.3,315.6,189.4,350,11.5,5.7,14.9,327.1,-8.2
2026-01-11T07:45:00Z,33.8,282.2,169.3,350,10.8,5.4,14.1,293.0,-1.9
2026-01-11T08:00:00Z,45.5,239.2,143.5,334.9,25.7,12.8,33.4,264.9,-2.9
2026-01-11T08:15:00Z,13.0,284.7,170.8,350,31.0,15.5,40.3,315.7,-10.5
2026-01-11T08:30:00Z,42.5,287.0,172.2,350,26.7,13.4,34.7,313.7,-10.7
2026-01-11T08:45:00Z,7.0,262.9,157.8,350,28.4,14.2,36.9,291.3,14.6
2026-01-11T09:00:00Z,12.9,256.5,153.9,350,49.1,24.6,63.9,305.6,1.3
2026-01-11T09:15:00Z,28.2,264.7,158.8,350,45.8,22.9,59.5,310.5,20.7
2026-01-11T09:30:00Z,37.3,216.1,129.6,302.5,48.3,24.1,62.8,264.3,11.5
2026-01-11T09:45:00Z,41.9,273.8,164.3,350,58.0,29.0,75.4,331.8,-14.2
2026-01-11T10:00:00Z,42.2,280.5,168.3,350,61.7,30.8,80.2,342.2,-10.8
2026-01-11T10:15:00Z,47.5,252.7,151.6,350,67.3,33.7,87.5,320.0,-25.2
2026-01-11T10:30:00Z,37.8,271.1,162.7,350,77.7,38.9,101.1,348.9,-15.3
2026-01-11T10:45:00Z,7.6,241.5,144.9,338.0,79.8,39.9,103.8,321.3,25.0
2026-01-11T11:00:00Z,12.4,280.6,168.3,350,95.4,47.7,120,376.0,2.4
2026-01-11T11:15:00Z,47.5,264.3,158.6,350,78.3,39.2,101.8,342.6,-2.8
2026-01-11T11:30:00Z,16.8,272.1,163.2,350,99.0,49.5,120,371.0,13.2
2026-01-11T11:45:00Z,38.9,256.7,154.0,350,84.0,42.0,109.3,340.8,1.0
2026-01-11T12:00:00Z,14.5,259.0,155.4,350,112.0,56.0,120,371.1,18.0
2026-01-11T12:15:00Z,1.8,286.7,172.0,350,84.3,42.1,109.5,371.0,14.1
2026-01-11T12:30:00Z,36.1,250.8,150.5,350,96.7,48.3,120,347.5,13.4
2026-01-11T12:45:00Z,42.9,254.7,152.8,350,95.2,47.6,120,349.9,-5.8
2026-01-11T13:00:00Z,44.0,243.6,146.2,341.0,107.3,53.6,120,350.9,-2.0
2026-01-11T13:15:00Z,19.0,209.0,125.4,292.5,86.2,43.1,112.1,295.2,17.8
2026-01-11T13:30:00Z,22.4,237.5,142.5,332.5,100.2,50.1,120,337.7,-9.0
2026-01-11T13:45:00Z,18.8,231.3,138.8,323.9,102.2,51.1,120,333.5,-8.2
2026-01-11T14:00:00Z,43.7,246.7,148.0,345.4,100.3,50.2,120,347.1,16.5
2026-01-11T14:15:00Z,20.2,190.3,114.2,266.4,115.1,57.6,120,305.4,19.7
2026-01-11T14:30:00Z,2.8,214.6,128.8,300.5,109.3,54.6,120,323.9,-7.2
2026-01-11T14:45:00Z,30.9,221.8,133.1,310.5,108.4,54.2,120,330.2,-17.7
2026-01-11T15:00:00Z,30.0,199.2,119.5,278.8,71.9,36.0,93.5,271.1,-5.3
2026-01-11T15:15:00Z,17.7,266.3,159.8,350,93.9,46.9,120,360.2,3.7
2026-01-11T15:30:00Z,20.7,249.2,149.5,348.9,99.7,49.9,120,349.0,-24.4
2026-01-11T15:45:00Z,20.7,238.0,142.8,333.2,88.2,44.1,114.6,326.1,3.6
2026-01-11T16:00:00Z,18.9,251.8,151.1,350,58.4,29.2,75.9,310.2,-14.5
2026-01-11T16:15:00Z,36.3,223.2,133.9,312.5,65.7,32.9,85.4,289.0,-8.8
2026-01-11T16:30:00Z,12.5,249.2,149.5,348.9,74.7,37.3,97.1,323.9,10.1
2026-01-11T16:45:00Z,28.1,248.6,149.2,348.1,82.3,41.1,106.9,330.9,-2.9
2026-01-11T17:00:00Z,23.4,200.7,120.4,281.0,42.4,21.2,55.1,243.1,-10.4
2026-01-11T17:15:00Z,20.3,208.5,125.1,291.9,51.6,25.8,67.0,260.1,1.9
2026-01-11T17:30:00Z,22.1,246.2,147.7,344.7,54.7,27.3,71.1,300.9,12.9
2026-01-11T17:45:00Z,10.4,221.2,132.7,309.7,55.6,27.8,72.3,276.9,4.3
2026-01-11T18:00:00Z,17.7,249.3,149.6,349.1,28.0,14.0,36.4,277.4,-2.9
2026-01-11T18:15:00Z,27.3,210.5,126.3,294.7,33.9,17.0,44.1,244.4,14.9
2026-01-11T18:30:00Z,31.8,271.7,163.0,350,24.4,12.2,31.8,296.2,-8.6
2026-01-11T18:45:00Z,23.3,232.7,139.6,325.8,31.6,15.8,41.0,264.3,4.2
2026-01-11T19:00:00Z,7.5,208.8,125.3,292.3,10.8,5.4,14.0,219.5,-1.2
2026-01-11T19:15:00Z,47.1,230.0,138.0,322.0,10.6,5.3,13.8,240.6,10.5
2026-01-11T19:30:00Z,29.3,224.9,134.9,314.8,12.3,6.1,15.9,237.1,0.3
2026-01-11T19:45:00Z,45.2,282.3,169.4,350,11.6,5.8,15.1,293.9,-8.6
2026-01-11T20:00:00Z,11.6,265.9,159.5,350,0.0,0.0,0.0,265.9,-5.9
2026-01-11T20:15:00Z,27.4,216.5,129.9,303.1,0.0,0.0,0.0,216.5,-12.0
2026-01-11T20:30:00Z,18.9,258.1,154.9,350,0.0,0.0,0.0,258.1,-1.2
2026-01-11T20:45:00Z,5.6,238.9,143.3,334.4,0.0,0.0,0.0,238.9,-9.9
2026-01-11T21:00:00Z,24.8,211.7,127.0,296.3,0,0,0.0,211.7,20.4
2026-01-11T21:15:00Z,2.7,263.3,158.0,350,0,0,0.0,263.3,10.8
2026-01-11T21:30:00Z,1.9,282.5,169.5,350,0,0,0.0,282.5,-1.9
2026-01-11T21:45:00Z,22.7,200.1,120.1,280.1,0,0,0.0,200.1,4.8
2026-01-11T22:00:00Z,32.3,240.8,144.5,337.2,0,0,0.0,240.8,11.1
2026-01-11T22:15:00Z,23.4,242.7,145.6,339.8,0,0,0.0,242.7,-4.7
2026-01-11T22:30:00Z,39.8,317.1,190.2,350,0,0,0.0,317.1,-9.4
2026-01-11T22:45:00Z,44.4,258.6,155.2,350,0,0,0.0,258.6,27.6
2026-01-11T23:00:00Z,43.2,277.3,166.4,350,0,0,0.0,277.3,-4.4
2026-01-11T23:15:00Z,5.6,186.4,111.8,260.9,0,0,0.0,186.4,1.5
2026-01-11T23:30:00Z,17.6,277.5,166.5,350,0,0,0.0,277.5,13.7
2026-01-11T23:45:00Z,35.1,225.2,135.1,315.3,0,0,0.0,225.2,-11.9
2026-01-12T00:00:00Z,26.0,201.2,120.7,281.7,0,0,0.0,201.2,22.4
2026-01-12T00:15:00Z,17.2,184.6,110.8,258.4,0,0,0.0,184.6,1.3
2026-01-12T00:30:00Z,45.5,206.9,124.1,289.6,0,0,0.0,206.9,-28.7
2026-01-12T00:45:00Z,40.1,180.4,108.2,252.5,0,0,0.0,180.4,-0.2
2026-01-12T01:00:00Z,39.4,196.5,117.9,275.0,0,0,0.0,196.5,25.2
2026-01-12T01:15:00Z,29.7,170.3,102.2,238.4,0,0,0.0,170.3,29.7
2026-01-12T01:30:00Z,25.1,215.7,129.4,302.0,0,0,0.0,215.7,-22.3
2026-01-12T01:45:00Z,15.6,198.7,119.2,278.2,0,0,0.0,198.7,2.2
2026-01-12T02:00:00Z,35.5,150.6,90.4,210.9,0,0,0.0,150.6,22.1
2026-01-12T02:15:00Z,8.5,182.1,109.3,255.0,0,0,0.0,182.1,-17.3
2026-01-12T02:30:00Z,15.2,229.7,137.8,321.6,0,0,0.0,229.7,12.0
2026-01-12T02:45:00Z,9.1,186.7,112.0,261.4,0,0,0.0,186.7,-10.6
2026-01-12T03:00:00Z,3.4,196.5,117.9,275.0,0,0,0.0,196.5,10.2
2026-01-12T03:15:00Z,36.2,169.7,101.8,237.6,0,0,0.0,169.7,36.0
2026-01-12T03:30:00Z,6.6,208.5,125.1,291.9,0,0,0.0,208.5,21.5
2026-01-12T03:45:00Z,28.5,251.4,150.8,350,0,0,0.0,251.4,-7.6
2026-01-12T04:00:00Z,32.3,201.3,120.8,281.9,0,0,0.0,201.3,-1.7
2026-01-12T04:15:00Z,5.3,214.9,128.9,300.8,0,0,0.0,214.9,-5.1
2026-01-12T04:30:00Z,41.3,211.4,126.8,295.9,0,0,0.0,211.4,-1.4
2026-01-12T04:45:00Z,6.3,201.2,120.7,281.7,0,0,0.0,201.2,-2.8
2026-01-12T05:00:00Z,46.0,235.9,141.6,330.3,0,0,0.0,235.9,-42.3
2026-01-12T05:15:00Z,37.6,221.8,133.1,310.5,0,0,0.0,221.8,-8.1
2026-01-12T05:30:00Z,21.6,257.5,154.5,350,0,0,0.0,257.5,14.8
2026-01-12T05:45:00Z,24.9,199.2,119.5,278.8,0,0,0.0,199.2,20.5
2026-01-12T06:00:00Z,31.5,219.6,131.8,307.4,0.0,0,0.0,219.6,-2.5
2026-01-12T06:15:00Z,1.1,205.8,123.5,288.2,0.0,0,0.0,205.8,2.5
2026-01-12T06:30:00Z,19.4,244.8,146.9,342.7,0.0,0,0.0,244.8,-14.7
2026-01-12T06:45:00Z,11.7,202.0,121.2,282.8,0.0,0,0.0,202.0,23.2
2026-01-12T07:00:00Z,27.8,212.9,127.7,298.1,9.7,4.8,12.6,222.6,10.7
2026-01-12T07:15:00Z,26.2,214.8,128.9,300.7,12.5,6.2,16.2,227.2,1.5
2026-01-12T07:30:00Z,9.1,227.2,136.3,318.1,11.7,5.8,15.2,238.9,0.7
2026-01-12T07:45:00Z,8.4,250.1,150.1,350,12.2,6.1,15.9,262.3,-4.7
2026-01-12T08:00:00Z,38.1,263.4,158.0,350,27.8,13.9,36.2,291.2,-0.6
2026-01-12T08:15:00Z,27.5,220.6,132.4,308.9,26.5,13.2,34.4,247.1,8.2
2026-01-12T08:30:00Z,30.5,213.6,128.2,299.1,31.3,15.7,40.7,245.0,-18.0
2026-01-12T08:45:00Z,42.2,146.3,87.8,204.8,31.4,15.7,40.8,177.6,5.7
2026-01-12T09:00:00Z,39.0,197.6,118.6,276.7,58.6,29.3,76.2,256.3,27.9
2026-01-12T09:15:00Z,4.3,168.0,100.8,235.2,59.0,29.5,76.7,227.0,1.3
2026-01-12T09:30:00Z,21.0,193.2,115.9,270.5,51.5,25.7,66.9,244.7,-5.6
2026-01-12T09:45:00Z,29.1,176.4,105.9,247.0,45.2,22.6,58.7,221.6,4.6
2026-01-12T10:00:00Z,16.5,227.0,136.2,317.8,70.7,35.3,91.9,297.7,16.0
2026-01-12T10:15:00Z,29.0,231.2,138.7,323.6,80.6,40.3,104.8,311.7,28.5
2026-01-12T10:30:00Z,18.8,182.9,109.7,256.1,69.5,34.8,90.4,252.4,-10.9
2026-01-12T10:45:00Z,21.7,157.2,94.3,220.1,71.7,35.8,93.2,228.9,23.1
2026-01-12T11:00:00Z,45.7,217.1,130.2,303.9,84.3,42.2,109.6,301.4,6.5
2026-01-12T11:15:00Z,21.9,188.0,112.8,263.2,95.1,47.5,120,283.1,4.8
2026-01-12T11:30:00Z,19.3,168.8,101.3,236.4,96.9,48.5,120,265.8,-15.1
2026-01-12T11:45:00Z,47.6,187.1,112.3,261.9,73.3,36.7,95.3,260.4,-7.0
2026-01-12T12:00:00Z,27.4,170.0,102.0,238.0,99.5,49.8,120,269.5,-8.6
2026-01-12T12:15:00Z,0.6,152.0,91.2,212.8,103.4,51.7,120,255.4,-18.2
2026-01-12T12:30:00Z,47.3,184.4,110.6,258.2,103.7,51.8,120,288.1,-14.3
2026-01-12T12:45:00Z,4.3,192.6,115.6,269.7,102.1,51.1,120,294.7,20.8
2026-01-12T13:00:00Z,27.3,162.5,97.5,227.6,89.1,44.6,115.9,251.7,25.5
2026-01-12T13:15:00Z,1.3,167.7,100.6,234.8,99.6,49.8,120,267.4,-14.1
2026-01-12T13:30:00Z,33.5,154.8,92.9,216.8,87.9,44.0,114.3,242.7,-10.1
2026-01-12T13:45:00Z,15.3,232.7,139.6,325.8,84.3,42.2,109.6,317.0,-0.2
2026-01-12T14:00:00Z,11.9,160.2,96.1,224.3,84.1,42.1,109.4,244.3,-29.5
2026-01-12T14:15:00Z,8.0,215.5,129.3,301.7,98.0,49.0,120,313.5,-4.3
2026-01-12T14:30:00Z,13.1,152.1,91.3,212.9,105.2,52.6,120,257.3,25.2
2026-01-12T14:45:00Z,5.9,196.4,117.8,275.0,97.9,49.0,120,294.3,1.5
2026-01-12T15:00:00Z,37.1,166.2,99.7,232.6,86.9,43.5,113.0,253.1,6.0
2026-01-12T15:15:00Z,21.6,193.0,115.8,270.2,102.2,51.1,120,295.2,7.9
2026-01-12T15:30:00Z,17.0,166.2,99.7,232.7,76.7,38.4,99.7,243.0,17.0
2026-01-12T15:45:00Z,38.7,157.3,94.4,220.2,98.8,49.4,120,256.1,-27.5
2026-01-12T16:00:00Z,0.4,164.6,98.7,230.4,59.9,29.9,77.8,224.4,-1.2
2026-01-12T16:15:00Z,24.5,201.9,121.1,282.6,67.0,33.5,87.1,268.9,10.3
2026-01-12T16:30:00Z,4.8,160.4,96.2,224.5,82.7,41.3,107.5,243.1,-7.7
2026-01-12T16:45:00Z,26.4,137.1,82.3,192.0,69.2,34.6,90.0,206.3,14.2
2026-01-12T17:00:00Z,43.4,189.2,113.5,264.8,48.0,24.0,62.5,237.2,-5.8
2026-01-12T17:15:00Z,11.6,167.2,100.3,234.1,56.4,28.2,73.4,223.6,3.6
2026-01-12T17:30:00Z,21.7,176.1,105.7,246.6,58.5,29.3,76.1,234.6,5.3
2026-01-12T17:45:00Z,29.0,160.3,96.2,224.4,42.4,21.2,55.1,202.7,-8.1
2026-01-12T18:00:00Z,44.3,156.0,93.6,218.4,31.2,15.6,40.6,187.2,-21.2
2026-01-12T18:15:00Z,46.9,157.9,94.7,221.1,24.1,12.1,31.4,182.0,-21.1
2026-01-12T18:30:00Z,32.4,205.7,123.4,288.0,32.1,16.1,41.8,237.9,-7.5
2026-01-12T18:45:00Z,36.0,165.5,99.3,231.7,31.2,15.6,40.5,196.7,12.5
2026-01-12T19:00:00Z,37.0,194.6,116.7,272.4,9.8,4.9,12.8,204.4,39.7
2026-01-12T19:15:00Z,44.4,174.3,104.6,244.0,11.8,5.9,15.3,186.1,7.3
2026-01-12T19:30:00Z,6.6,201.0,120.6,281.4,10.2,5.1,13.3,211.2,20.8
2026-01-12T19:45:00Z,15.0,142.4,85.4,199.3,9.6,4.8,12.5,152.0,12.1
2026-01-12T20:00:00Z,38.6,165.1,99.1,231.1,0.0,0.0,0.0,165.1,-19.2
2026-01-12T20:15:00Z,44.8,210.6,126.3,294.8,0.0,0.0,0.0,210.6,17.6
2026-01-12T20:30:00Z,21.1,175.4,105.2,245.5,0.0,0.0,0.0,175.4,-8.9
2026-01-12T20:45:00Z,36.4,180.2,108.1,252.2,0.0,0.0,0.0,180.2,10.6
2026-01-12T21:00:00Z,26.3,158.8,95.3,222.3,0,0,0.0,158.8,-3.1
2026-01-12T21:15:00Z,28.3,172.5,103.5,241.5,0,0,0.0,172.5,-24.0
2026-01-12T21:30:00Z,25.5,210.5,126.3,294.7,0,0,0.0,210.5,21.5
2026-01-12T21:45:00Z,35.8,175.3,105.2,245.5,0,0,0.0,175.3,10.2
2026-01-12T22:00:00Z,43.0,178.5,107.1,249.9,0,0,0.0,178.5,28.9
2026-01-12T22:15:00Z,5.3,152.0,91.2,212.8,0,0,0.0,152.0,2.5
2026-01-12T22:30:00Z,19.9,203.0,121.8,284.2,0,0,0.0,203.0,26.2
2026-01-12T22:45:00Z,41.8,162.6,97.6,227.7,0,0,0.0,162.6,7.3
2026-01-12T23:00:00Z,24.9,178.1,106.8,249.3,0,0,0.0,178.1,8.3
2026-01-12T23:15:00Z,42.3,172.2,103.3,241.1,0,0,0.0,172.2,-10.0
2026-01-12T23:30:00Z,33.0,209.9,125.9,293.8,0,0,0.0,209.9,1.3
2026-01-12T23:45:00Z,41.5,180.5,108.3,252.7,0,0,0.0,180.5,20.9
2026-01-13T00:00:00Z,31.8,303.8,182.3,350,0,0,0.0,303.8,13.1
2026-01-13T00:15:00Z,47.3,284.5,170.7,350,0,0,0.0,284.5,12.8
2026-01-13T00:30:00Z,10.4,316.3,189.8,350,0,0,0.0,316.3,1.3
2026-01-13T00:45:00Z,1.8,302.8,181.7,350,0,0,0.0,302.8,4.5
2026-01-13T01:00:00Z,10.3,320.0,192.0,350,0,0,0.0,320.0,7.3
2026-01-13T01:15:00Z,19.0,278.1,166.9,350,0,0,0.0,278.1,-23.9
2026-01-13T01:30:00Z,14.9,255.4,153.3,350,0,0,0.0,255.4,-6.0
2026-01-13T01:45:00Z,21.6,331.5,198.9,350,0,0,0.0,331.5,18.0
2026-01-13T02:00:00Z,24.5,314.9,188.9,350,0,0,0.0,314.9,2.0
2026-01-13T02:15:00Z,45.0,313.8,188.3,350,0,0,0.0,313.8,6.9
2026-01-13T02:30:00Z,42.5,327.6,196.6,350,0,0,0.0,327.6,-11.8
2026-01-13T02:45:00Z,32.9,336.4,201.9,350,0,0,0.0,336.4,-17.0
2026-01-13T03:00:00Z,18.4,300.2,180.1,350,0,0,0.0,300.2,16.4
2026-01-13T03:15:00Z,17.9,308.7,185.2,350,0,0,0.0,308.7,-9.3
2026-01-13T03:30:00Z,5.6,289.6,173.8,350,0,0,0.0,289.6,7.4
2026-01-13T03:45:00Z,3.7,307.5,184.5,350,0,0,0.0,307.5,15.1
2026-01-13T04:00:00Z,1.0,265.7,159.4,350,0,0,0.0,265.7,-14.0
2026-01-13T04:15:00Z,3.6,295.9,177.5,350,0,0,0.0,295.9,4.9
2026-01-13T04:30:00Z,30.6,320.0,192.0,350,0,0,0.0,320.0,-9.3
2026-01-13T04:45:00Z,23.4,277.5,166.5,350,0,0,0.0,277.5,15.4
2026-01-13T05:00:00Z,44.5,279.2,167.5,350,0,0,0.0,279.2,-0.5
2026-01-13T05:15:00Z,13.4,315.6,189.4,350,0,0,0.0,315.6,12.3
2026-01-13T05:30:00Z,32.9,307.4,184.4,350,0,0,0.0,307.4,11.0
2026-01-13T05:45:00Z,41.0,251.5,150.9,350,0,0,0.0,251.5,-6.6
2026-01-13T06:00:00Z,26.0,314.1,188.5,350,0.0,0,0.0,314.1,2.4
2026-01-13T06:15:00Z,11.3,301.7,181.0,350,0.0,0,0.0,301.7,-31.3
2026-01-13T06:30:00Z,10.5,343.5,206.1,350,0.0,0,0.0,343.5,10.0
2026-01-13T06:45:00Z,33.6,311.1,186.6,350,0.0,0,0.0,311.1,-2.8
2026-01-13T07:00:00Z,23.1,337.5,202.5,350,11.0,5.5,14.3,348.6,4.1
2026-01-13T07:15:00Z,20.7,294.0,176.4,350,9.7,4.8,12.6,303.7,-13.2
2026-01-13T07:30:00Z,21.6,283.5,170.1,350,9.4,4.7,12.3,293.0,10.9
2026-01-13T07:45:00Z,10.6,299.1,179.5,350,12.3,6.1,15.9,311.4,-11.5
2026-01-13T08:00:00Z,24.0,322.6,193.5,350,34.0,17.0,44.2,356.5,2.5
2026-01-13T08:15:00Z,19.7,330.7,198.4,350,29.5,14.7,38.3,360.2,9.3
2026-01-13T08:30:00Z,14.7,307.6,184.5,350,28.8,14.4,37.4,336.3,-5.0
2026-01-13T08:45:00Z,22.6,290.2,174.1,350,30.1,15.1,39.2,320.4,-27.3
2026-01-13T09:00:00Z,22.6,294.8,176.9,350,44.1,22.0,57.3,338.9,-16.0
2026-01-13T09:15:00Z,15.8,332.0,199.2,350,55.9,27.9,72.6,387.8,-13.9
2026-01-13T09:30:00Z,19.7,325.9,195.6,350,58.8,29.4,76.4,384.7,-16.8
2026-01-13T09:45:00Z,2.3,329.5,197.7,350,56.4,28.2,73.4,385.9,-10.8
2026-01-13T10:00:00Z,10.1,315.4,189.2,350,63.5,31.7,82.5,378.8,3.6
2026-01-13T10:15:00Z,44.3,277.9,166.8,350,70.7,35.4,91.9,348.7,-17.9
2026-01-13T10:30:00Z,8.4,296.9,178.1,350,65.0,32.5,84.5,361.9,-2.6
2026-01-13T10:45:00Z,19.1,297.5,178.5,350,59.7,29.9,77.7,357.2,-17.6
2026-01-13T11:00:00Z,26.6,334.5,200.7,350,82.6,41.3,107.4,417.1,7.9
2026-01-13T11:15:00Z,41.2,313.9,188.3,350,80.1,40.0,104.1,393.9,-8.8
2026-01-13T11:30:00Z,19.7,310.7,186.4,350,80.3,40.1,104.3,390.9,-6.9
2026-01-13T11:45:00Z,12.4,250.3,150.2,350,93.5,46.7,120,343.8,17.0
2026-01-13T12:00:00Z,24.3,296.8,178.1,350,101.8,50.9,120,398.6,3.8
2026-01-13T12:15:00Z,35.6,291.7,175.0,350,108.7,54.4,120,400.5,-6.7
2026-01-13T12:30:00Z,28.8,294.9,176.9,350,101.8,50.9,120,396.6,-2.5
2026-01-13T12:45:00Z,9.1,279.5,167.7,350,92.0,46.0,119.5,371.5,0.2
2026-01-13T13:00:00Z,20.9,274.0,164.4,350,99.6,49.8,120,373.6,14.1
2026-01-13T13:15:00Z,31.2,272.3,163.4,350,119.3,59.7,120,391.6,-5.3
2026-01-13T13:30:00Z,29.7,282.7,169.6,350,103.6,51.8,120,386.3,24.6
2026-01-13T13:45:00Z,14.3,291.0,174.6,350,101.3,50.7,120,392.3,-5.2
2026-01-13T14:00:00Z,34.2,330.2,198.1,350,98.3,49.2,120,428.5,10.3
2026-01-13T14:15:00Z,16.5,300.5,180.3,350,98.6,49.3,120,399.0,-25.1
2026-01-13T14:30:00Z,26.7,264.8,158.9,350,96.8,48.4,120,361.6,-3.5
2026-01-13T14:45:00Z,18.0,271.3,162.8,350,84.4,42.2,109.7,355.7,20.9
2026-01-13T15:00:00Z,23.1,294.4,176.6,350,98.7,49.4,120,393.1,-2.6
2026-01-13T15:15:00Z,23.0,325.4,195.2,350,80.6,40.3,104.8,405.9,-14.3
2026-01-13T15:30:00Z,47.1,308.2,184.9,350,98.3,49.2,120,406.6,4.9
2026-01-13T15:45:00Z,6.4,313.7,188.2,350,97.5,48.8,120,411.2,17.7
2026-01-13T16:00:00Z,28.7,265.2,159.1,350,58.1,29.0,75.5,323.2,10.3
2026-01-13T16:15:00Z,32.5,304.3,182.6,350,77.2,38.6,100.3,381.5,5.2
2026-01-13T16:30:00Z,27.6,272.1,163.2,350,75.6,37.8,98.3,347.7,25.3
2026-01-13T16:45:00Z,23.9,291.7,175.0,350,60.8,30.4,79.1,352.6,-4.2
2026-01-13T17:00:00Z,33.4,283.1,169.9,350,57.3,28.6,74.5,340.4,10.6
2026-01-13T17:15:00Z,21.5,280.3,168.2,350,49.9,25.0,64.9,330.2,-11.6
2026-01-13T17:30:00Z,45.4,276.8,166.1,350,45.9,23.0,59.7,322.7,-7.0
2026-01-13T17:45:00Z,21.2,233.2,139.9,326.4,49.2,24.6,64.0,282.4,4.7
2026-01-13T18:00:00Z,44.9,243.4,146.0,340.7,34.2,17.1,44.5,277.6,-0.7
2026-01-13T18:15:00Z,23.8,266.2,159.7,350,24.6,12.3,32.0,290.8,-8.4
2026-01-13T18:30:00Z,25.8,290.9,174.6,350,32.1,16.0,41.7,323.0,-13.4
2026-01-13T18:45:00Z,34.0,227.9,136.7,319.1,30.4,15.2,39.6,258.3,-25.6
2026-01-13T19:00:00Z,2.3,262.5,157.5,350,11.6,5.8,15.1,274.2,-11.8
2026-01-13T19:15:00Z,29.7,259.5,155.7,350,10.3,5.1,13.4,269.7,-17.3
2026-01-13T19:30:00Z,45.0,249.5,149.7,349.3,9.4,4.7,12.2,258.9,11.8
2026-01-13T19:45:00Z,29.8,267.8,160.7,350,12.2,6.1,15.8,280.0,-4.2
2026-01-13T20:00:00Z,2.3,250.2,150.1,350,0.0,0.0,0.0,250.2,8.9
2026-01-13T20:15:00Z,30.3,296.8,178.1,350,0.0,0.0,0.0,296.8,24.3
2026-01-13T20:30:00Z,18.5,277.3,166.4,350,0.0,0.0,0.0,277.3,-7.8
2026-01-13T20:45:00Z,28.0,294.5,176.7,350,0.0,0.0,0.0,294.5,13.7
2026-01-13T21:00:00Z,35.7,320.3,192.2,350,0,0,0.0,320.3,1.4
2026-01-13T21:15:00Z,43.3,278.3,167.0,350,0,0,0.0,278.3,16.9
2026-01-13T21:30:00Z,36.4,264.4,158.6,350,0,0,0.0,264.4,-6.4
2026-01-13T21:45:00Z,44.5,302.1,181.2,350,0,0,0.0,302.1,-7.8
2026-01-13T22:00:00Z,6.3,288.8,173.3,350,0,0,0.0,288.8,6.7
2026-01-13T22:15:00Z,25.5,266.1,159.7,350,0,0,0.0,266.1,21.3
2026-01-13T22:30:00Z,37.6,278.9,167.3,350,0,0,0.0,278.9,-12.5
2026-01-13T22:45:00Z,46.9,306.2,183.7,350,0,0,0.0,306.2,-12.4
2026-01-13T23:00:00Z,25.8,302.1,181.3,350,0,0,0.0,302.1,0.3
2026-01-13T23:15:00Z,46.8,275.7,165.4,350,0,0,0.0,275.7,-15.1
2026-01-13T23:30:00Z,39.7,282.5,169.5,350,0,0,0.0,282.5,10.6
2026-01-13T23:45:00Z,44.7,318.7,191.2,350,0,0,0.0,318.7,10.7
2026-01-14T00:00:00Z,33.3,178.7,107.2,250.2,0,0,0.0,178.7,6.8
2026-01-14T00:15:00Z,46.9,190.1,114.1,266.2,0,0,0.0,190.1,0.1
2026-01-14T00:30:00Z,28.8,175.3,105.2,245.4,0,0,0.0,175.3,18.9
2026-01-14T00:45:00Z,25.5,196.9,118.1,275.6,0,0,0.0,196.9,5.9
2026-01-14T01:00:00Z,9.4,190.8,114.5,267.1,0,0,0.0,190.8,24.6
2026-01-14T01:15:00Z,37.8,217.2,130.3,304.1,0,0,0.0,217.2,2.9
2026-01-14T01:30:00Z,24.3,171.2,102.7,239.6,0,0,0.0,171.2,25.5
2026-01-14T01:45:00Z,44.4,162.7,97.6,227.7,0,0,0.0,162.7,15.2
2026-01-14T02:00:00Z,28.2,241.7,145.0,338.3,0,0,0.0,241.7,2.0
2026-01-14T02:15:00Z,8.6,166.7,100.0,233.3,0,0,0.0,166.7,8.0
2026-01-14T02:30:00Z,2.0,155.7,93.4,218.0,0,0,0.0,155.7,0.3
2026-01-14T02:45:00Z,6.5,154.1,92.5,215.7,0,0,0.0,154.1,11.4
2026-01-14T03:00:00Z,3.8,215.0,129.0,301.1,0,0,0.0,215.0,8.2
2026-01-14T03:15:00Z,2.2,96.5,57.9,135.1,0,0,0.0,96.5,5.6
2026-01-14T03:30:00Z,40.2,158.7,95.2,222.1,0,0,0.0,158.7,3.0
2026-01-14T03:45:00Z,29.6,170.5,102.3,238.7,0,0,0.0,170.5,-19.0
2026-01-14T04:00:00Z,23.7,174.6,104.8,244.4,0,0,0.0,174.6,-26.6
2026-01-14T04:15:00Z,31.6,196.8,118.1,275.5,0,0,0.0,196.8,6.9
2026-01-14T04:30:00Z,40.2,185.5,111.3,259.7,0,0,0.0,185.5,-14.1
2026-01-14T04:45:00Z,34.0,186.1,111.7,260.6,0,0,0.0,186.1,21.9
2026-01-14T05:00:00Z,42.5,178.0,106.8,249.2,0,0,0.0,178.0,-15.1
2026-01-14T05:15:00Z,0.3,149.8,89.9,209.8,0,0,0.0,149.8,25.3
2026-01-14T05:30:00Z,16.2,152.1,91.3,213.0,0,0,0.0,152.1,-9.4
2026-01-14T05:45:00Z,3.4,191.0,114.6,267.4,0,0,0.0,191.0,11.7
2026-01-14T06:00:00Z,7.1,175.1,105.1,245.2,0.0,0,0.0,175.1,-1.5
2026-01-14T06:15:00Z,24.7,209.4,125.6,293.1,0.0,0,0.0,209.4,11.9
2026-01-14T06:30:00Z,13.6,112.0,67.2,156.7,0.0,0,0.0,112.0,4.7
2026-01-14T06:45:00Z,13.9,155.0,93.0,216.9,0.0,0,0.0,155.0,9.4
2026-01-14T07:00:00Z,17.6,158.5,95.1,221.9,9.4,4.7,12.2,167.9,-3.6
2026-01-14T07:15:00Z,47.7,181.6,109.0,254.3,8.8,4.4,11.5,190.5,37.7
2026-01-14T07:30:00Z,7.6,199.9,119.9,279.9,9.2,4.6,12.0,209.1,-24.1
2026-01-14T07:45:00Z,36.5,175.3,105.2,245.4,9.7,4.9,12.6,185.0,4.6
2026-01-14T08:00:00Z,18.9,207.4,124.4,290.4,25.8,12.9,33.5,233.1,-6.0
2026-01-14T08:15:00Z,14.5,170.3,102.2,238.4,28.8,14.4,37.5,199.1,9.9
2026-01-14T08:30:00Z,22.2,167.1,100.3,234.0,24.9,12.4,32.3,192.0,14.6
2026-01-14T08:45:00Z,24.1,187.2,112.3,262.1,25.7,12.8,33.4,212.9,-16.5
2026-01-14T09:00:00Z,28.6,159.1,95.4,222.7,57.0,28.5,74.1,216.1,7.1
2026-01-14T09:15:00Z,14.8,191.9,115.2,268.7,55.5,27.8,72.2,247.5,17.1
2026-01-14T09:30:00Z,17.7,191.2,114.7,267.7,41.7,20.8,54.2,232.9,-8.6
2026-01-14T09:45:00Z,14.0,105.3,63.2,147.4,54.4,27.2,70.7,159.7,29.5
2026-01-14T10:00:00Z,0.7,197.3,118.4,276.2,60.9,30.4,79.1,258.1,-36.3
2026-01-14T10:15:00Z,32.3,163.8,98.3,229.4,82.3,41.2,107.0,246.1,-0.0
2026-01-14T10:30:00Z,13.5,128.6,77.1,180.0,65.8,32.9,85.6,194.4,-32.0
2026-01-14T10:45:00Z,19.0,144.7,86.8,202.6,70.4,35.2,91.5,215.1,27.3
2026-01-14T11:00:00Z,3.0,141.3,84.8,197.8,72.0,36.0,93.6,213.2,-1.6
2026-01-14T11:15:00Z,47.2,185.9,111.6,260.3,89.7,44.9,116.6,275.7,5.7
2026-01-14T11:30:00Z,46.9,152.4,91.4,213.3,96.8,48.4,120,249.1,11.6
2026-01-14T11:45:00Z,4.9,138.4,83.0,193.7,71.9,35.9,93.4,210.2,-8.0
2026-01-14T12:00:00Z,26.7,161.6,97.0,226.3,99.8,49.9,120,261.5,-6.3
2026-01-14T12:15:00Z,36.2,124.5,74.7,174.4,99.5,49.8,120,224.1,1.0
2026-01-14T12:30:00Z,37.2,168.2,100.9,235.4,104.9,52.4,120,273.1,25.5
2026-01-14T12:45:00Z,7.0,175.7,105.4,246.0,106.6,53.3,120,282.3,-9.8
2026-01-14T13:00:00Z,38.0,129.4,77.6,181.1,112.5,56.3,120,241.9,-0.1
2026-01-14T13:15:00Z,43.0,176.7,106.0,247.4,117.5,58.8,120,294.2,13.9
2026-01-14T13:30:00Z,46.3,179.4,107.6,251.2,93.2,46.6,120,272.6,-18.7
2026-01-14T13:45:00Z,43.1,157.2,94.3,220.1,86.5,43.2,112.4,243.6,-7.4
2026-01-14T14:00:00Z,3.3,145.9,87.5,204.2,108.8,54.4,120,254.7,-4.5
2026-01-14T14:15:00Z,9.8,195.8,117.5,274.2,82.3,41.2,107.0,278.2,3.0
2026-01-14T14:30:00Z,33.6,106.7,64.0,149.4,100.1,50.0,120,206.8,5.1
2026-01-14T14:45:00Z,31.4,113.7,68.2,159.2,107.2,53.6,120,221.0,-9.9
2026-01-14T15:00:00Z,38.8,110.8,66.5,155.1,85.0,42.5,110.6,195.8,23.3
2026-01-14T15:15:00Z,26.3,158.9,95.3,222.4,80.6,40.3,104.8,239.5,-11.5
2026-01-14T15:30:00Z,28.8,146.6,87.9,205.2,80.1,40.1,104.2,226.7,16.6
2026-01-14T15:45:00Z,10.1,149.7,89.8,209.5,87.8,43.9,114.1,237.5,7.2
2026-01-14T16:00:00Z,37.4,129.9,78.0,181.9,61.1,30.5,79.4,191.0,-12.9
2026-01-14T16:15:00Z,46.3,120.8,72.5,169.1,69.2,34.6,89.9,189.9,-4.4
2026-01-14T16:30:00Z,38.2,150.5,90.3,210.7,69.6,34.8,90.5,220.1,-6.6
2026-01-14T16:45:00Z,4.4,184.4,110.6,258.1,81.8,40.9,106.3,266.1,-21.9
2026-01-14T17:00:00Z,44.3,120.3,72.2,168.4,53.6,26.8,69.7,173.9,-2.1
2026-01-14T17:15:00Z,1.3,116.4,69.8,163.0,41.8,20.9,54.3,158.2,17.8
2026-01-14T17:30:00Z,47.8,163.0,97.8,228.2,43.2,21.6,56.1,206.2,-29.5
2026-01-14T17:45:00Z,31.1,177.5,106.5,248.6,48.1,24.1,62.6,225.7,2.3
2026-01-14T18:00:00Z,29.6,147.0,88.2,205.7,25.7,12.8,33.4,172.6,-3.9
2026-01-14T18:15:00Z,11.8,158.3,95.0,221.7,26.5,13.3,34.5,184.8,6.1
2026-01-14T18:30:00Z,38.9,148.4,89.0,207.8,28.3,14.2,36.8,176.7,-20.8
2026-01-14T18:45:00Z,37.0,138.7,83.2,194.2,26.2,13.1,34.1,164.9,12.0
2026-01-14T19:00:00Z,21.0,115.1,69.0,161.1,12.1,6.0,15.7,127.2,-22.3
2026-01-14T19:15:00Z,23.0,133.3,80.0,186.6,11.4,5.7,14.8,144.7,-2.8
2026-01-14T19:30:00Z,19.0,174.1,104.5,243.8,9.6,4.8,12.5,183.8,24.2
2026-01-14T19:45:00Z,43.7,131.9,79.1,184.6,11.8,5.9,15.4,143.7,-18.2
2026-01-14T20:00:00Z,16.8,137.7,82.6,192.8,0.0,0.0,0.0,137.7,-9.4
2026-01-14T20:15:00Z,32.3,157.3,94.4,220.2,0.0,0.0,0.0,157.3,8.8
2026-01-14T20:30:00Z,24.5,158.3,95.0,221.6,0.0,0.0,0.0,158.3,-1.7
2026-01-14T20:45:00Z,6.9,114.8,68.9,160.8,0.0,0.0,0.0,114.8,5.9
2026-01-14T21:00:00Z,37.3,129.0,77.4,180.6,0,0,0.0,129.0,-0.7
2026-01-14T21:15:00Z,36.7,187.7,112.6,262.7,0,0,0.0,187.7,6.5
2026-01-14T21:30:00Z,15.6,120.8,72.5,169.1,0,0,0.0,120.8,9.3
2026-01-14T21:45:00Z,21.9,150.9,90.5,211.3,0,0,0.0,150.9,-8.7
2026-01-14T22:00:00Z,1.8,184.7,110.8,258.5,0,0,0.0,184.7,-17.9
2026-01-14T22:15:00Z,37.8,190.7,114.4,267.0,0,0,0.0,190.7,3.4
2026-01-14T22:30:00Z,29.9,124.1,74.4,173.7,0,0,0.0,124.1,12.5
2026-01-14T22:45:00Z,6.7,160.5,96.3,224.7,0,0,0.0,160.5,-9.9
2026-01-14T23:00:00Z,2.7,157.8,94.7,221.0,0,0,0.0,157.8,20.2
2026-01-14T23:15:00Z,6.6,179.3,107.6,251.0,0,0,0.0,179.3,-12.3
2026-01-14T23:30:00Z,2.3,139.2,83.5,194.9,0,0,0.0,139.2,-29.9
2026-01-14T23:45:00Z,17.4,148.9,89.3,208.5,0,0,0.0,148.9,-3.0
2026-01-15T00:00:00Z,2.3,114.9,68.9,160.9,0,0,0.0,114.9,-19.9
2026-01-15T00:15:00Z,41.3,178.2,106.9,249.5,0,0,0.0,178.2,-13.8
2026-01-15T00:30:00Z,7.2,152.9,91.7,214.1,0,0,0.0,152.9,-7.4
2026-01-15T00:45:00Z,27.9,139.1,83.4,194.7,0,0,0.0,139.1,-0.6
2026-01-15T01:00:00Z,24.0,131.1,78.6,183.5,0,0,0.0,131.1,6.4
2026-01-15T01:15:00Z,33.6,141.1,84.7,197.6,0,0,0.0,141.1,-31.7
2026-01-15T01:30:00Z,18.4,198.2,118.9,277.5,0,0,0.0,198.2,-13.1
2026-01-15T01:45:00Z,35.2,107.1,64.3,149.9,0,0,0.0,107.1,32.5
2026-01-15T02:00:00Z,13.4,140.8,84.5,197.2,0,0,0.0,140.8,6.1
2026-01-15T02:15:00Z,10.0,163.2,97.9,228.5,0,0,0.0,163.2,4.4
2026-01-15T02:30:00Z,5.4,198.1,118.8,277.3,0,0,0.0,198.1,-8.7
2026-01-15T02:45:00Z,28.0,183.4,110.0,256.7,0,0,0.0,183.4,-12.0
2026-01-15T03:00:00Z,11.7,154.3,92.6,216.0,0,0,0.0,154.3,0.3
2026-01-15T03:15:00Z,32.6,144.9,86.9,202.8,0,0,0.0,144.9,3.2
2026-01-15T03:30:00Z,5.5,171.4,102.8,239.9,0,0,0.0,171.4,-32.6
2026-01-15T03:45:00Z,16.3,185.5,111.3,259.7,0,0,0.0,185.5,1.3
2026-01-15T04:00:00Z,37.0,179.3,107.6,251.0,0,0,0.0,179.3,-0.5
2026-01-15T04:15:00Z,17.1,221.9,133.1,310.7,0,0,0.0,221.9,11.7
2026-01-15T04:30:00Z,1.6,143.7,86.2,201.2,0,0,0.0,143.7,11.4
2026-01-15T04:45:00Z,34.6,130.4,78.2,182.5,0,0,0.0,130.4,1.2
2026-01-15T05:00:00Z,33.3,137.3,82.4,192.2,0,0,0.0,137.3,-22.5
2026-01-15T05:15:00Z,29.5,144.5,86.7,202.3,0,0,0.0,144.5,-10.3
2026-01-15T05:30:00Z,30.0,147.4,88.4,206.3,0,0,0.0,147.4,8.2
2026-01-15T05:45:00Z,29.4,136.3,81.8,190.8,0,0,0.0,136.3,7.7
2026-01-15T06:00:00Z,15.2,203.2,121.9,284.5,0.0,0,0.0,203.2,10.4
2026-01-15T06:15:00Z,31.6,198.2,118.9,277.5,0.0,0,0.0,198.2,17.5
2026-01-15T06:30:00Z,5.0,140.9,84.5,197.3,0.0,0,0.0,140.9,17.0
2026-01-15T06:45:00Z,19.2,135.9,81.5,190.3,0.0,0,0.0,135.9,15.1
2026-01-15T07:00:00Z,6.7,155.1,93.1,217.2,11.8,5.9,15.3,166.9,8.8
2026-01-15T07:15:00Z,28.6,150.9,90.5,211.3,11.1,5.6,14.5,162.0,-11.8
2026-01-15T07:30:00Z,7.6,138.1,82.9,193.3,10.9,5.5,14.2,149.0,17.4
2026-01-15T07:45:00Z,21.4,163.6,98.2,229.1,10.8,5.4,14.0,174.4,5.6
2026-01-15T08:00:00Z,20.1,165.9,99.5,232.2,28.4,14.2,37.0,194.3,-18.4
2026-01-15T08:15:00Z,44.9,143.5,86.1,200.9,29.8,14.9,38.7,173.3,-9.4
2026-01-15T08:30:00Z,20.8,127.7,76.6,178.8,31.5,15.7,40.9,159.2,-8.3
2026-01-15T08:45:00Z,40.4,152.4,91.4,213.4,32.8,16.4,42.6,185.2,20.8
2026-01-15T09:00:00Z,29.5,193.5,116.1,270.9,46.6,23.3,60.6,240.1,21.4
2026-01-15T09:15:00Z,47.9,139.5,83.7,195.3,41.4,20.7,53.8,180.9,26.7
2026-01-15T09:30:00Z,17.9,148.7,89.2,208.2,49.7,24.9,64.7,198.5,3.2
2026-01-15T09:45:00Z,14.4,87.4,52.4,122.3,59.1,29.5,76.8,146.4,25.6
2026-01-15T10:00:00Z,7.5,162.7,97.6,227.8,76.2,38.1,99.0,238.9,-20.4
2026-01-15T10:15:00Z,15.1,164.9,98.9,230.9,74.0,37.0,96.2,238.9,6.5
2026-01-15T10:30:00Z,41.7,121.0,72.6,169.3,82.9,41.4,107.7,203.8,-22.8
2026-01-15T10:45:00Z,31.2,146.2,87.7,204.6,76.4,38.2,99.3,222.5,-20.1
2026-01-15T11:00:00Z,1.2,143.0,85.8,200.2,97.7,48.8,120,240.7,25.6
2026-01-15T11:15:00Z,35.0,161.6,96.9,226.2,79.6,39.8,103.4,241.1,-21.3
2026-01-15T11:30:00Z,45.6,164.0,98.4,229.6,74.2,37.1,96.5,238.2,-1.6
2026-01-15T11:45:00Z,45.5,159.1,95.5,222.7,79.5,39.8,103.4,238.6,-14.9
2026-01-15T12:00:00Z,10.9,137.7,82.6,192.7,101.1,50.6,120,238.8,2.8
2026-01-15T12:15:00Z,24.6,126.4,75.8,176.9,92.6,46.3,120,218.9,-8.3
2026-01-15T12:30:00Z,5.4,121.1,72.7,169.5,107.5,53.8,120,228.6,15.2
2026-01-15T12:45:00Z,5.2,102.6,61.6,143.6,106.3,53.2,120,208.9,26.9
2026-01-15T13:00:00Z,6.8,126.7,76.0,177.3,115.3,57.7,120,242.0,-8.3
2026-01-15T13:15:00Z,35.5,103.7,62.2,145.1,120.0,60.0,120,223.6,-12.1
2026-01-15T13:30:00Z,38.0,157.1,94.2,219.9,95.8,47.9,120,252.9,-6.2
2026-01-15T13:45:00Z,39.7,125.5,75.3,175.7,118.8,59.4,120,244.3,-6.1
2026-01-15T14:00:00Z,46.3,172.5,103.5,241.4,86.6,43.3,112.5,259.0,-8.6
2026-01-15T14:15:00Z,18.9,151.1,90.7,211.5,106.4,53.2,120,257.5,-10.6
2026-01-15T14:30:00Z,27.6,108.1,64.8,151.3,83.5,41.7,108.5,191.6,15.0
2026-01-15T14:45:00Z,42.6,158.5,95.1,221.9,87.9,43.9,114.3,246.4,-14.2
2026-01-15T15:00:00Z,18.9,107.3,64.4,150.2,96.7,48.4,120,204.0,-6.3
2026-01-15T15:15:00Z,33.6,130.5,78.3,182.7,78.6,39.3,102.2,209.2,0.5
2026-01-15T15:30:00Z,32.2,132.9,79.8,186.1,96.1,48.1,120,229.1,8.3
2026-01-15T15:45:00Z,44.2,176.0,105.6,246.3,85.5,42.8,111.2,261.5,17.6
2026-01-15T16:00:00Z,11.7,120.8,72.5,169.2,67.9,33.9,88.2,188.7,-12.4
2026-01-15T16:15:00Z,27.7,140.9,84.5,197.2,71.7,35.8,93.1,212.5,8.9
2026-01-15T16:30:00Z,3.6,136.5,81.9,191.1,65.9,33.0,85.7,202.5,-14.1
2026-01-15T16:45:00Z,9.2,95.9,57.6,134.3,70.3,35.1,91.4,166.2,-2.0
2026-01-15T17:00:00Z,0.5,133.1,79.8,186.3,52.9,26.5,68.8,186.0,-9.1
2026-01-15T17:15:00Z,45.6,76.5,45.9,107.1,42.2,21.1,54.9,118.7,-20.7
2026-01-15T17:30:00Z,32.0,101.5,60.9,142.0,49.6,24.8,64.5,151.0,17.6
2026-01-15T17:45:00Z,42.0,88.6,53.1,124.0,44.1,22.1,57.4,132.7,7.9
2026-01-15T18:00:00Z,13.4,110.3,66.2,154.4,26.3,13.2,34.2,136.6,7.2
2026-01-15T18:15:00Z,17.0,143.3,86.0,200.7,33.8,16.9,43.9,177.1,-24.8
2026-01-15T18:30:00Z,13.8,145.4,87.3,203.6,26.7,13.3,34.7,172.1,-4.1
2026-01-15T18:45:00Z,40.0,98.2,58.9,137.5,27.3,13.7,35.5,125.5,-4.7
2026-01-15T19:00:00Z,1.7,147.0,88.2,205.7,11.9,6.0,15.5,158.9,-1.7
2026-01-15T19:15:00Z,25.6,120.9,72.6,169.3,12.3,6.1,16.0,133.2,17.2
2026-01-15T19:30:00Z,18.0,86.1,51.7,120.5,10.0,5.0,13.0,96.1,-3.2
2026-01-15T19:45:00Z,20.7,174.4,104.6,244.2,10.4,5.2,13.6,184.8,15.1
2026-01-15T20:00:00Z,0.8,119.1,71.5,166.8,0.0,0.0,0.0,119.1,32.9
2026-01-15T20:15:00Z,46.9,109.6,65.7,153.4,0.0,0.0,0.0,109.6,-41.4
2026-01-15T20:30:00Z,44.8,108.7,65.2,152.2,0.0,0.0,0.0,108.7,3.7
2026-01-15T20:45:00Z,20.6,175.2,105.1,245.2,0.0,0.0,0.0,175.2,-11.7
2026-01-15T21:00:00Z,21.6,153.6,92.1,215.0,0,0,0.0,153.6,11.3
2026-01-15T21:15:00Z,35.2,110.6,66.4,154.8,0,0,0.0,110.6,5.6
2026-01-15T21:30:00Z,0.3,133.2,79.9,186.4,0,0,0.0,133.2,9.2
2026-01-15T21:45:00Z,25.0,102.2,61.3,143.1,0,0,0.0,102.2,-8.6
2026-01-15T22:00:00Z,2.7,114.0,68.4,159.6,0,0,0.0,114.0,17.5
2026-01-15T22:15:00Z,38.4,155.4,93.2,217.5,0,0,0.0,155.4,-4.3
2026-01-15T22:30:00Z,32.7,152.8,91.7,214.0,0,0,0.0,152.8,26.8
2026-01-15T22:45:00Z,4.8,95.7,57.4,134.0,0,0,0.0,95.7,0.6
2026-01-15T23:00:00Z,7.5,182.6,109.5,255.6,0,0,0.0,182.6,19.6
2026-01-15T23:15:00Z,19.4,143.0,85.8,200.2,0,0,0.0,143.0,-41.5
2026-01-15T23:30:00Z,43.0,141.9,85.2,198.7,0,0,0.0,141.9,-21.0
2026-01-15T23:45:00Z,26.9,151.4,90.8,211.9,0,0,0.0,151.4,-32.9
2026-01-16T00:00:00Z,45.9,144.3,86.6,202.0,0,0,0.0,144.3,4.6
2026-01-16T00:15:00Z,40.7,102.0,61.2,142.9,0,0,0.0,102.0,2.2
2026-01-16T00:30:00Z,12.5,95.8,57.5,134.2,0,0,0.0,95.8,10.1
2026-01-16T00:45:00Z,36.7,174.1,104.5,243.7,0,0,0.0,174.1,29.5
2026-01-16T01:00:00Z,1.6,134.3,80.6,188.0,0,0,0.0,134.3,-9.6
2026-01-16T01:15:00Z,24.7,139.2,83.5,194.8,0,0,0.0,139.2,-1.2
2026-01-16T01:30:00Z,24.4,133.7,80.2,187.2,0,0,0.0,133.7,25.7
2026-01-16T01:45:00Z,23.7,156.6,94.0,219.2,0,0,0.0,156.6,3.5
2026-01-16T02:00:00Z,16.2,146.2,87.7,204.7,0,0,0.0,146.2,2.9
2026-01-16T02:15:00Z,37.9,161.6,96.9,226.2,0,0,0.0,161.6,-19.9
2026-01-16T02:30:00Z,42.9,180.7,108.4,253.0,0,0,0.0,180.7,-5.5
2026-01-16T02:45:00Z,10.0,158.1,94.8,221.3,0,0,0.0,158.1,-9.0
2026-01-16T03:00:00Z,36.9,145.0,87.0,203.0,0,0,0.0,145.0,-10.4
2026-01-16T03:15:00Z,23.0,149.1,89.5,208.7,0,0,0.0,149.1,9.6
2026-01-16T03:30:00Z,41.6,140.6,84.4,196.9,0,0,0.0,140.6,-8.3
2026-01-16T03:45:00Z,25.0,181.3,108.8,253.8,0,0,0.0,181.3,5.4
2026-01-16T04:00:00Z,19.3,195.5,117.3,273.7,0,0,0.0,195.5,-0.5
2026-01-16T04:15:00Z,6.4,134.4,80.6,188.1,0,0,0.0,134.4,0.2
2026-01-16T04:30:00Z,46.7,191.6,114.9,268.2,0,0,0.0,191.6,16.3
2026-01-16T04:45:00Z,32.0,203.2,121.9,284.4,0,0,0.0,203.2,4.4
2026-01-16T05:00:00Z,44.6,179.1,107.5,250.8,0,0,0.0,179.1,-18.9
2026-01-16T05:15:00Z,7.6,165.7,99.4,231.9,0,0,0.0,165.7,13.6
2026-01-16T05:30:00Z,2.3,199.0,119.4,278.6,0,0,0.0,199.0,29.1
2026-01-16T05:45:00Z,43.3,170.3,102.2,238.4,0,0,0.0,170.3,8.5
2026-01-16T06:00:00Z,27.4,198.4,119.0,277.8,0.0,0,0.0,198.4,4.3
2026-01-16T06:15:00Z,13.3,185.4,111.2,259.5,0.0,0,0.0,185.4,-12.4
2026-01-16T06:30:00Z,44.5,121.6,73.0,170.3,0.0,0,0.0,121.6,1.0
2026-01-16T06:45:00Z,11.0,169.8,101.9,237.7,0.0,0,0.0,169.8,-14.9
2026-01-16T07:00:00Z,44.2,178.4,107.1,249.8,10.1,5.0,13.1,188.5,16.0
2026-01-16T07:15:00Z,23.7,164.1,98.5,229.8,10.1,5.1,13.1,174.3,-1.3
2026-01-16T07:30:00Z,46.3,184.6,110.8,258.4,12.5,6.3,16.3,197.1,-7.4
2026-01-16T07:45:00Z,21.6,191.4,114.8,268.0,10.2,5.1,13.3,201.6,20.0
2026-01-16T08:00:00Z,7.1,167.0,100.2,233.8,27.5,13.7,35.7,194.5,9.0
2026-01-16T08:15:00Z,10.8,178.7,107.2,250.2,29.9,14.9,38.9,208.6,-0.8
2026-01-16T08:30:00Z,2.8,131.2,78.7,183.7,32.1,16.1,41.7,163.3,-5.5
2026-01-16T08:45:00Z,15.9,157.5,94.5,220.6,32.8,16.4,42.7,190.4,-10.2
2026-01-16T09:00:00Z,44.6,125.6,75.4,175.9,47.9,24.0,62.3,173.5,-10.6
2026-01-16T09:15:00Z,15.3,158.4,95.0,221.7,49.4,24.7,64.2,207.8,7.8
2026-01-16T09:30:00Z,21.2,131.8,79.1,184.6,48.8,24.4,63.4,180.6,-31.5
2026-01-16T09:45:00Z,28.5,167.1,100.3,233.9,54.1,27.0,70.3,221.2,-16.1
2026-01-16T10:00:00Z,17.0,194.6,116.8,272.5,79.6,39.8,103.4,274.2,25.9
2026-01-16T10:15:00Z,10.0,97.9,58.8,137.1,72.0,36.0,93.6,170.0,1.7
2026-01-16T10:30:00Z,39.0,153.6,92.2,215.1,82.3,41.2,107.0,235.9,6.4
2026-01-16T10:45:00Z,21.6,99.6,59.8,139.5,77.7,38.8,101.0,177.3,8.7
2026-01-16T11:00:00Z,22.3,138.2,82.9,193.4,99.1,49.5,120,237.3,4.1
2026-01-16T11:15:00Z,14.4,150.9,90.6,211.3,95.3,47.7,120,246.3,1.7
2026-01-16T11:30:00Z,38.6,125.0,75.0,174.9,91.1,45.5,118.4,216.0,8.0
2026-01-16T11:45:00Z,11.6,143.9,86.4,201.5,78.2,39.1,101.6,222.1,24.4
2026-01-16T12:00:00Z,20.1,140.6,84.3,196.8,115.3,57.7,120,255.9,17.4
2026-01-16T12:15:00Z,9.6,118.7,71.2,166.2,85.2,42.6,110.8,203.9,-14.6
2026-01-16T12:30:00Z,21.7,126.7,76.0,177.4,111.5,55.7,120,238.2,4.8
2026-01-16T12:45:00Z,22.8,76.5,45.9,107.1,97.6,48.8,120,174.2,-26.8
2026-01-16T13:00:00Z,9.0,147.9,88.7,207.0,103.1,51.6,120,251.0,-9.3
2026-01-16T13:15:00Z,40.4,158.0,94.8,221.2,90.0,45.0,117.0,247.9,-5.2
2026-01-16T13:30:00Z,44.8,121.1,72.7,169.6,104.5,52.3,120,225.6,2.4
2026-01-16T13:45:00Z,34.3,144.0,86.4,201.5,100.1,50.1,120,244.1,-12.5
2026-01-16T14:00:00Z,42.6,128.5,77.1,179.9,112.2,56.1,120,240.8,-15.4
2026-01-16T14:15:00Z,47.9,152.1,91.3,212.9,104.3,52.1,120,256.4,-9.7
2026-01-16T14:30:00Z,34.9,101.0,60.6,141.4,114.4,57.2,120,215.4,1.6
2026-01-16T14:45:00Z,0.8,131.6,79.0,184.3,93.1,46.5,120,224.7,-19.9
2026-01-16T15:00:00Z,15.6,141.8,85.1,198.5,100.0,50.0,120,241.7,11.5
2026-01-16T15:15:00Z,36.7,171.0,102.6,239.4,74.6,37.3,97.0,245.7,-18.3
2026-01-16T15:30:00Z,39.6,133.9,80.4,187.5,77.0,38.5,100.0,210.9,5.0
2026-01-16T15:45:00Z,45.2,107.1,64.3,150.0,98.4,49.2,120,205.5,-6.7
2026-01-16T16:00:00Z,24.2,147.0,88.2,205.8,75.6,37.8,98.3,222.6,19.2
2026-01-16T16:15:00Z,12.7,165.6,99.3,231.8,71.5,35.8,93.0,237.1,27.9
2026-01-16T16:30:00Z,37.5,146.4,87.9,205.0,78.4,39.2,101.9,224.8,2.4
2026-01-16T16:45:00Z,10.9,158.4,95.1,221.8,76.3,38.2,99.2,234.7,-16.0
2026-01-16T17:00:00Z,29.0,90.6,54.4,126.9,43.8,21.9,56.9,134.4,17.6
2026-01-16T17:15:00Z,25.6,147.9,88.7,207.1,56.9,28.5,74.0,204.8,0.1
2026-01-16T17:30:00Z,37.8,120.0,72.0,167.9,55.4,27.7,72.0,175.3,-12.8
2026-01-16T17:45:00Z,40.9,154.8,92.9,216.8,52.9,26.4,68.7,207.7,21.2
2026-01-16T18:00:00Z,24.0,157.4,94.4,220.4,33.9,17.0,44.1,191.3,15.8
2026-01-16T18:15:00Z,43.5,131.1,78.7,183.5,32.1,16.0,41.7,163.2,15.8
2026-01-16T18:30:00Z,21.9,127.7,76.6,178.8,31.9,16.0,41.5,159.6,-20.9
2026-01-16T18:45:00Z,27.4,92.0,55.2,128.9,24.4,12.2,31.7,116.4,29.2
2026-01-16T19:00:00Z,32.2,115.5,69.3,161.6,10.1,5.1,13.2,125.6,13.1
2026-01-16T19:15:00Z,25.5,135.7,81.4,190.0,9.6,4.8,12.5,145.4,-2.4
2026-01-16T19:30:00Z,46.9,110.8,66.5,155.1,11.8,5.9,15.4,122.6,8.8
2026-01-16T19:45:00Z,27.3,78.1,46.9,109.3,11.5,5.7,14.9,89.6,29.5
2026-01-16T20:00:00Z,18.2,142.2,85.3,199.0,0.0,0.0,0.0,142.2,-3.1
2026-01-16T20:15:00Z,27.5,117.2,70.3,164.1,0.0,0.0,0.0,117.2,20.7
2026-01-16T20:30:00Z,44.7,160.5,96.3,224.7,0.0,0.0,0.0,160.5,17.3
2026-01-16T20:45:00Z,31.3,174.0,104.4,243.6,0.0,0.0,0.0,174.0,15.9
2026-01-16T21:00:00Z,41.1,169.3,101.6,237.0,0,0,0.0,169.3,3.1
2026-01-16T21:15:00Z,1.6,152.4,91.4,213.3,0,0,0.0,152.4,-7.5
2026-01-16T21:30:00Z,17.3,115.3,69.2,161.4,0,0,0.0,115.3,-3.8
2026-01-16T21:45:00Z,44.4,120.3,72.2,168.5,0,0,0.0,120.3,3.6
2026-01-16T22:00:00Z,40.3,129.3,77.6,181.1,0,0,0.0,129.3,10.8
2026-01-16T22:15:00Z,18.9,136.6,82.0,191.3,0,0,0.0,136.6,-18.2
2026-01-16T22:30:00Z,46.0,147.2,88.3,206.0,0,0,0.0,147.2,11.0
2026-01-16T22:45:00Z,17.8,143.7,86.2,201.2,0,0,0.0,143.7,9.1
2026-01-16T23:00:00Z,5.7,116.4,69.9,163.0,0,0,0.0,116.4,19.7
2026-01-16T23:15:00Z,40.5,115.1,69.0,161.1,0,0,0.0,115.1,-30.0
2026-01-16T23:30:00Z,19.6,149.7,89.8,209.6,0,0,0.0,149.7,26.9
2026-01-16T23:45:00Z,25.3,157.0,94.2,219.8,0,0,0.0,157.0,5.3
2026-01-17T00:00:00Z,14.4,152.8,91.7,213.9,0,0,0.0,152.8,-1.9
2026-01-17T00:15:00Z,33.6,139.0,83.4,194.6,0,0,0.0,139.0,-10.0
2026-01-17T00:30:00Z,13.1,151.4,90.9,212.0,0,0,0.0,151.4,19.4
2026-01-17T00:45:00Z,2.5,144.2,86.5,201.8,0,0,0.0,144.2,-0.4
2026-01-17T01:00:00Z,30.3,204.9,122.9,286.9,0,0,0.0,204.9,-17.4
2026-01-17T01:15:00Z,1.5,154.3,92.6,216.1,0,0,0.0,154.3,-14.7
2026-01-17T01:30:00Z,44.0,175.8,105.5,246.1,0,0,0.0,175.8,-13.7
2026-01-17T01:45:00Z,44.2,161.9,97.1,226.7,0,0,0.0,161.9,-13.7
2026-01-17T02:00:00Z,22.9,129.6,77.8,181.5,0,0,0.0,129.6,18.7
2026-01-17T02:15:00Z,15.9,213.3,128.0,298.6,0,0,0.0,213.3,-14.1
2026-01-17T02:30:00Z,20.9,225.0,135.0,314.9,0,0,0.0,225.0,-1.8
2026-01-17T02:45:00Z,20.5,161.5,96.9,226.0,0,0,0.0,161.5,17.9
2026-01-17T03:00:00Z,17.7,145.3,87.2,203.4,0,0,0.0,145.3,12.9
2026-01-17T03:15:00Z,35.3,154.1,92.4,215.7,0,0,0.0,154.1,-5.4
2026-01-17T03:30:00Z,0.7,171.3,102.8,239.9,0,0,0.0,171.3,-1.3
2026-01-17T03:45:00Z,44.5,215.9,129.5,302.3,0,0,0.0,215.9,-3.4
2026-01-17T04:00:00Z,23.8,132.8,79.7,186.0,0,0,0.0,132.8,16.1
2026-01-17T04:15:00Z,9.2,166.3,99.8,232.8,0,0,0.0,166.3,-19.1
2026-01-17T04:30:00Z,18.4,168.2,100.9,235.5,0,0,0.0,168.2,-34.5
2026-01-17T04:45:00Z,24.7,218.0,130.8,305.2,0,0,0.0,218.0,-20.0
2026-01-17T05:00:00Z,8.7,177.5,106.5,248.5,0,0,0.0,177.5,-15.1
2026-01-17T05:15:00Z,11.2,176.4,105.9,247.0,0,0,0.0,176.4,-6.3
2026-01-17T05:30:00Z,36.8,211.2,126.7,295.7,0,0,0.0,211.2,-7.9
2026-01-17T05:45:00Z,12.6,196.8,118.1,275.5,0,0,0.0,196.8,-34.1
2026-01-17T06:00:00Z,35.6,156.2,93.7,218.7,0.0,0,0.0,156.2,27.7
2026-01-17T06:15:00Z,22.5,176.2,105.7,246.7,0.0,0,0.0,176.2,4.2
2026-01-17T06:30:00Z,20.1,169.5,101.7,237.3,0.0,0,0.0,169.5,23.4
2026-01-17T06:45:00Z,43.0,196.9,118.2,275.7,0.0,0,0.0,196.9,7.3
2026-01-17T07:00:00Z,18.3,171.0,102.6,239.3,9.6,4.8,12.5,180.5,-13.4
2026-01-17T07:15:00Z,11.4,215.9,129.6,302.3,10.8,5.4,14.0,226.7,12.2
2026-01-17T07:30:00Z,2.4,197.1,118.3,276.0,9.1,4.6,11.9,206.3,18.4
2026-01-17T07:45:00Z,26.3,169.4,101.6,237.2,11.7,5.8,15.2,181.1,24.7
2026-01-17T08:00:00Z,8.1,162.7,97.6,227.8,33.8,16.9,43.9,196.5,12.8
2026-01-17T08:15:00Z,0.6,207.8,124.7,291.0,30.8,15.4,40.0,238.6,0.1
2026-01-17T08:30:00Z,17.5,168.2,100.9,235.5,29.6,14.8,38.5,197.8,8.4
2026-01-17T08:45:00Z,33.4,166.1,99.7,232.5,24.8,12.4,32.2,190.9,8.8
2026-01-17T09:00:00Z,15.7,211.9,127.2,296.7,57.7,28.9,75.0,269.7,3.2
2026-01-17T09:15:00Z,2.7,206.3,123.8,288.9,41.5,20.7,53.9,247.8,13.4
2026-01-17T09:30:00Z,34.7,160.4,96.2,224.5,56.9,28.4,73.9,217.2,3.3
2026-01-17T09:45:00Z,5.0,139.2,83.5,194.9,48.8,24.4,63.5,188.1,-6.3
2026-01-17T10:00:00Z,46.0,167.0,100.2,233.8,80.5,40.3,104.7,247.5,-7.4
2026-01-17T10:15:00Z,32.8,158.6,95.1,222.0,60.8,30.4,79.1,219.4,2.5
2026-01-17T10:30:00Z,41.1,200.4,120.2,280.6,72.5,36.3,94.3,272.9,-9.7
2026-01-17T10:45:00Z,46.3,190.0,114.0,266.0,82.6,41.3,107.4,272.6,11.0
2026-01-17T11:00:00Z,35.1,178.5,107.1,249.9,88.5,44.2,115.0,266.9,35.0
2026-01-17T11:15:00Z,18.6,147.6,88.6,206.6,87.2,43.6,113.3,234.8,-14.8
2026-01-17T11:30:00Z,10.3,159.2,95.5,222.9,87.7,43.8,114.0,246.9,-15.9
2026-01-17T11:45:00Z,20.8,149.3,89.6,209.0,100.3,50.2,120,249.6,-8.6
2026-01-17T12:00:00Z,0.3,167.8,100.7,234.9,114.3,57.1,120,282.0,-18.1
2026-01-17T12:15:00Z,43.6,150.6,90.3,210.8,104.4,52.2,120,255.0,24.0
2026-01-17T12:30:00Z,2.7,159.3,95.6,223.1,83.7,41.8,108.8,243.0,-0.4
2026-01-17T12:45:00Z,31.4,167.9,100.8,235.1,83.7,41.9,108.9,251.7,6.3
2026-01-17T13:00:00Z,18.7,152.1,91.3,213.0,99.5,49.8,120,251.6,-7.7
2026-01-17T13:15:00Z,16.3,132.9,79.8,186.1,85.7,42.9,111.5,218.7,2.4
2026-01-17T13:30:00Z,11.8,166.1,99.7,232.5,89.6,44.8,116.5,255.7,-11.1
2026-01-17T13:45:00Z,31.2,110.0,66.0,154.0,94.5,47.3,120,204.5,-19.2
2026-01-17T14:00:00Z,6.2,168.4,101.0,235.7,103.0,51.5,120,271.4,-7.8
2026-01-17T14:15:00Z,39.1,110.7,66.4,155.0,108.3,54.2,120,219.1,21.9
2026-01-17T14:30:00Z,31.4,89.8,53.9,125.7,104.4,52.2,120,194.2,-26.1
2026-01-17T14:45:00Z,42.0,164.8,98.9,230.7,109.6,54.8,120,274.4,8.6
2026-01-17T15:00:00Z,43.8,156.0,93.6,218.4,102.5,51.3,120,258.5,7.0
2026-01-17T15:15:00Z,37.3,109.5,65.7,153.3,76.2,38.1,99.0,185.7,9.0
2026-01-17T15:30:00Z,7.6,119.6,71.8,167.5,91.2,45.6,118.5,210.8,-5.9
2026-01-17T15:45:00Z,20.3,152.3,91.4,213.2,90.2,45.1,117.2,242.4,14.0
2026-01-17T16:00:00Z,40.6,209.1,125.5,292.8,80.9,40.4,105.1,290.0,21.2
2026-01-17T16:15:00Z,24.4,163.8,98.3,229.4,72.7,36.3,94.5,236.5,-18.0
2026-01-17T16:30:00Z,43.5,146.9,88.1,205.7,59.3,29.6,77.0,206.2,-13.5
2026-01-17T16:45:00Z,47.1,157.2,94.3,220.0,67.0,33.5,87.1,224.2,10.5
2026-01-17T17:00:00Z,7.5,151.9,91.2,212.7,56.4,28.2,73.3,208.3,5.3
2026-01-17T17:15:00Z,15.7,139.7,83.8,195.6,50.0,25.0,65.0,189.7,22.2
2026-01-17T17:30:00Z,39.6,120.9,72.5,169.2,54.6,27.3,71.0,175.5,4.0
2026-01-17T17:45:00Z,5.1,193.2,115.9,270.5,56.7,28.3,73.7,249.9,21.3
2026-01-17T18:00:00Z,44.1,114.7,68.8,160.6,29.5,14.7,38.3,144.2,4.4
2026-01-17T18:15:00Z,19.4,135.2,81.1,189.2,24.1,12.0,31.3,159.3,5.5
2026-01-17T18:30:00Z,11.1,121.2,72.7,169.7,27.8,13.9,36.1,149.0,-26.7
2026-01-17T18:45:00Z,41.7,154.0,92.4,215.6,25.6,12.8,33.2,179.5,-9.4
2026-01-17T19:00:00Z,7.9,145.1,87.1,203.1,9.4,4.7,12.2,154.4,6.9
2026-01-17T19:15:00Z,25.7,156.7,94.0,219.4,9.8,4.9,12.7,166.5,-9.9
2026-01-17T19:30:00Z,14.6,129.1,77.4,180.7,12.0,6.0,15.6,141.1,-11.3
2026-01-17T19:45:00Z,9.1,131.2,78.7,183.7,9.1,4.6,11.8,140.3,3.3
2026-01-17T20:00:00Z,7.2,148.2,88.9,207.5,0.0,0.0,0.0,148.2,-17.2
2026-01-17T20:15:00Z,12.8,142.0,85.2,198.7,0.0,0.0,0.0,142.0,-15.3
2026-01-17T20:30:00Z,19.2,161.6,97.0,226.2,0.0,0.0,0.0,161.6,-12.7
2026-01-17T20:45:00Z,28.1,150.0,90.0,210.0,0.0,0.0,0.0,150.0,13.2
2026-01-17T21:00:00Z,0.8,101.6,61.0,142.3,0,0,0.0,101.6,-19.8
2026-01-17T21:15:00Z,35.3,156.7,94.0,219.4,0,0,0.0,156.7,3.9
2026-01-17T21:30:00Z,5.8,151.9,91.1,212.6,0,0,0.0,151.9,6.2
2026-01-17T21:45:00Z,31.1,105.0,63.0,146.9,0,0,0.0,105.0,7.8
2026-01-17T22:00:00Z,9.4,134.7,80.8,188.6,0,0,0.0,134.7,17.0
2026-01-17T22:15:00Z,22.7,155.5,93.3,217.7,0,0,0.0,155.5,-19.9
2026-01-17T22:30:00Z,32.1,173.3,104.0,242.6,0,0,0.0,173.3,2.1
2026-01-17T22:45:00Z,2.1,135.7,81.4,190.0,0,0,0.0,135.7,-13.4
2026-01-17T23:00:00Z,8.8,154.5,92.7,216.3,0,0,0.0,154.5,30.4
2026-01-17T23:15:00Z,47.1,149.2,89.5,208.8,0,0,0.0,149.2,-6.7
2026-01-17T23:30:00Z,5.8,181.5,108.9,254.1,0,0,0.0,181.5,8.4
2026-01-17T23:45:00Z,15.9,161.5,96.9,226.1,0,0,0.0,161.5,-24.7
2026-01-18T00:00:00Z,43.1,190.7,114.4,266.9,0,0,0.0,190.7,8.1
2026-01-18T00:15:00Z,31.3,212.7,127.6,297.7,0,0,0.0,212.7,-1.3
2026-01-18T00:30:00Z,45.5,180.6,108.3,252.8,0,0,0.0,180.6,-11.1
2026-01-18T00:45:00Z,24.3,200.1,120.1,280.2,0,0,0.0,200.1,3.8
2026-01-18T01:00:00Z,9.8,215.9,129.6,302.3,0,0,0.0,215.9,19.2
2026-01-18T01:15:00Z,9.3,207.8,124.7,290.9,0,0,0.0,207.8,32.7
2026-01-18T01:30:00Z,27.4,212.8,127.7,297.9,0,0,0.0,212.8,-11.5
2026-01-18T01:45:00Z,17.1,273.2,163.9,350,0,0,0.0,273.2,6.2
2026-01-18T02:00:00Z,41.1,234.4,140.6,328.1,0,0,0.0,234.4,18.4
2026-01-18T02:15:00Z,16.9,180.5,108.3,252.8,0,0,0.0,180.5,11.4
2026-01-18T02:30:00Z,7.4,235.0,141.0,329.1,0,0,0.0,235.0,-5.1
2026-01-18T02:45:00Z,30.5,236.1,141.7,330.5,0,0,0.0,236.1,9.9
2026-01-18T03:00:00Z,29.5,188.1,112.9,263.4,0,0,0.0,188.1,-14.2
2026-01-18T03:15:00Z,5.7,257.5,154.5,350,0,0,0.0,257.5,-21.6
2026-01-18T03:30:00Z,4.8,195.4,117.3,273.6,0,0,0.0,195.4,-1.5
2026-01-18T03:45:00Z,15.8,233.1,139.8,326.3,0,0,0.0,233.1,-0.6
2026-01-18T04:00:00Z,47.4,237.9,142.7,333.0,0,0,0.0,237.9,18.4
2026-01-18T04:15:00Z,29.6,240.2,144.1,336.3,0,0,0.0,240.2,14.8
2026-01-18T04:30:00Z,33.6,199.6,119.8,279.5,0,0,0.0,199.6,13.0
2026-01-18T04:45:00Z,39.6,232.4,139.4,325.3,0,0,0.0,232.4,9.6
2026-01-18T05:00:00Z,28.5,243.1,145.9,340.3,0,0,0.0,243.1,-23.6
2026-01-18T05:15:00Z,33.3,236.1,141.7,330.5,0,0,0.0,236.1,1.1
2026-01-18T05:30:00Z,30.7,240.0,144.0,336.0,0,0,0.0,240.0,-40.1
2026-01-18T05:45:00Z,8.6,225.0,135.0,315.0,0,0,0.0,225.0,-25.1
2026-01-18T06:00:00Z,2.9,208.7,125.2,292.1,0.0,0,0.0,208.7,6.9
2026-01-18T06:15:00Z,8.5,247.1,148.2,345.9,0.0,0,0.0,247.1,0.7
2026-01-18T06:30:00Z,16.2,228.1,136.9,319.4,0.0,0,0.0,228.1,-32.5
2026-01-18T06:45:00Z,29.9,207.0,124.2,289.8,0.0,0,0.0,207.0,-3.3
2026-01-18T07:00:00Z,28.0,225.9,135.5,316.2,12.4,6.2,16.1,238.3,8.3
2026-01-18T07:15:00Z,46.8,245.4,147.2,343.6,9.9,4.9,12.9,255.3,-6.3
2026-01-18T07:30:00Z,13.5,229.6,137.8,321.5,9.1,4.5,11.8,238.7,8.5
2026-01-18T07:45:00Z,8.1,228.2,136.9,319.5,9.2,4.6,12.0,237.5,-8.4
2026-01-18T08:00:00Z,8.7,239.2,143.5,334.8,28.6,14.3,37.2,267.8,7.9
2026-01-18T08:15:00Z,40.0,215.2,129.1,301.3,25.4,12.7,33.0,240.6,-19.6
2026-01-18T08:30:00Z,18.9,206.6,123.9,289.2,25.8,12.9,33.5,232.4,33.0
2026-01-18T08:45:00Z,40.5,236.4,141.9,331.0,29.9,15.0,38.9,266.4,-12.7
2026-01-18T09:00:00Z,18.4,260.3,156.2,350,58.3,29.2,75.8,318.6,-13.5
2026-01-18T09:15:00Z,22.2,190.0,114.0,266.0,48.1,24.1,62.6,238.1,5.5
2026-01-18T09:30:00Z,4.0,230.2,138.1,322.3,48.8,24.4,63.4,279.0,-40.5
2026-01-18T09:45:00Z,44.3,221.0,132.6,309.3,47.4,23.7,61.7,268.4,9.7
2026-01-18T10:00:00Z,41.4,187.3,112.4,262.2,59.3,29.6,77.1,246.6,-0.5
2026-01-18T10:15:00Z,13.3,179.9,107.9,251.8,60.6,30.3,78.8,240.5,13.7
2026-01-18T10:30:00Z,43.5,234.3,140.6,328.1,61.0,30.5,79.3,295.3,-13.8
2026-01-18T10:45:00Z,42.5,209.0,125.4,292.6,79.4,39.7,103.2,288.5,16.0
2026-01-18T11:00:00Z,20.9,215.8,129.5,302.2,99.4,49.7,120,315.2,12.9
2026-01-18T11:15:00Z,41.8,209.3,125.6,293.1,89.0,44.5,115.6,298.3,-12.2
2026-01-18T11:30:00Z,1.0,219.1,131.5,306.8,97.7,48.9,120,316.8,2.8
2026-01-18T11:45:00Z,17.0,211.5,126.9,296.2,99.7,49.9,120,311.3,-14.4
2026-01-18T12:00:00Z,14.1,192.6,115.6,269.7,114.4,57.2,120,307.0,-1.6
2026-01-18T12:15:00Z,32.4,172.9,103.7,242.1,99.2,49.6,120,272.2,-22.1
2026-01-18T12:30:00Z,5.4,208.6,125.2,292.1,90.8,45.4,118.1,299.5,-9.8
2026-01-18T12:45:00Z,21.7,230.1,138.1,322.2,88.0,44.0,114.4,318.1,-2.4
2026-01-18T13:00:00Z,4.0,232.2,139.3,325.1,103.6,51.8,120,335.8,11.7
2026-01-18T13:15:00Z,17.4,225.7,135.4,316.0,98.3,49.2,120,324.1,-23.6
2026-01-18T13:30:00Z,13.5,203.7,122.2,285.1,104.5,52.3,120,308.2,0.8
2026-01-18T13:45:00Z,29.3,209.2,125.5,292.9,96.4,48.2,120,305.6,24.0
2026-01-18T14:00:00Z,36.4,187.3,112.4,262.2,104.6,52.3,120,291.9,-21.7
2026-01-18T14:15:00Z,6.3,171.6,103.0,240.3,94.9,47.5,120,266.6,-19.4
2026-01-18T14:30:00Z,21.5,219.9,131.9,307.9,112.6,56.3,120,332.5,-15.2
2026-01-18T14:45:00Z,8.4,210.4,126.2,294.5,85.3,42.7,111.0,295.7,-3.3
2026-01-18T15:00:00Z,10.2,177.8,106.7,248.9,85.7,42.9,111.5,263.5,32.0
2026-01-18T15:15:00Z,6.6,172.6,103.6,241.7,77.3,38.7,100.5,250.0,11.0
2026-01-18T15:30:00Z,41.3,205.4,123.2,287.6,96.2,48.1,120,301.6,-8.3
2026-01-18T15:45:00Z,19.6,152.4,91.4,213.4,86.0,43.0,111.7,238.4,1.1
2026-01-18T16:00:00Z,16.1,237.9,142.7,333.1,66.2,33.1,86.1,304.2,1.9
2026-01-18T16:15:00Z,40.4,187.9,112.7,263.0,71.3,35.7,92.7,259.2,5.3
2026-01-18T16:30:00Z,20.7,203.1,121.8,284.3,70.4,35.2,91.5,273.4,-9.7
2026-01-18T16:45:00Z,24.7,244.7,146.8,342.6,64.8,32.4,84.2,309.5,-13.5
2026-01-18T17:00:00Z,11.9,139.3,83.6,195.0,54.9,27.5,71.4,194.2,-10.1
2026-01-18T17:15:00Z,17.9,176.1,105.7,246.6,49.6,24.8,64.5,225.8,2.6
2026-01-18T17:30:00Z,35.9,181.7,109.0,254.3,57.9,28.9,75.2,239.5,20.7
2026-01-18T17:45:00Z,30.4,194.0,116.4,271.5,52.7,26.3,68.5,246.7,17.4
2026-01-18T18:00:00Z,5.6,176.4,105.9,247.0,29.0,14.5,37.7,205.5,-0.2
2026-01-18T18:15:00Z,33.9,184.1,110.5,257.8,24.9,12.5,32.4,209.1,4.1
2026-01-18T18:30:00Z,41.6,213.4,128.0,298.7,30.8,15.4,40.1,244.2,24.3
2026-01-18T18:45:00Z,21.2,168.1,100.8,235.3,26.1,13.1,34.0,194.2,4.5
2026-01-18T19:00:00Z,2.6,183.5,110.1,257.0,9.0,4.5,11.7,192.5,-8.2
2026-01-18T19:15:00Z,17.9,171.5,102.9,240.1,9.2,4.6,12.0,180.7,4.3
2026-01-18T19:30:00Z,42.9,194.8,116.9,272.7,11.8,5.9,15.3,206.6,-27.0
2026-01-18T19:45:00Z,39.6,205.2,123.1,287.2,11.7,5.8,15.2,216.8,6.5
2026-01-18T20:00:00Z,24.5,212.8,127.7,298.0,0.0,0.0,0.0,212.8,-8.3
2026-01-18T20:15:00Z,5.2,162.4,97.4,227.4,0.0,0.0,0.0,162.4,-10.3
2026-01-18T20:30:00Z,31.6,209.5,125.7,293.3,0.0,0.0,0.0,209.5,37.5
2026-01-18T20:45:00Z,36.9,209.5,125.7,293.3,0.0,0.0,0.0,209.5,-4.6
2026-01-18T21:00:00Z,17.9,209.1,125.5,292.8,0,0,0.0,209.1,6.0
2026-01-18T21:15:00Z,25.3,212.7,127.6,297.8,0,0,0.0,212.7,7.2
2026-01-18T21:30:00Z,20.6,156.1,93.6,218.5,0,0,0.0,156.1,4.0
2026-01-18T21:45:00Z,44.2,216.8,130.1,303.5,0,0,0.0,216.8,11.5
2026-01-18T22:00:00Z,44.8,176.7,106.0,247.4,0,0,0.0,176.7,-0.5
2026-01-18T22:15:00Z,21.0,199.8,119.9,279.7,0,0,0.0,199.8,-3.8
2026-01-18T22:30:00Z,22.0,190.4,114.3,266.6,0,0,0.0,190.4,-29.5
2026-01-18T22:45:00Z,16.2,198.5,119.1,277.9,0,0,0.0,198.5,23.3
2026-01-18T23:00:00Z,1.8,189.1,113.4,264.7,0,0,0.0,189.1,-9.4
2026-01-18T23:15:00Z,37.5,208.7,125.2,292.2,0,0,0.0,208.7,-7.0
2026-01-18T23:30:00Z,14.2,245.9,147.6,344.3,0,0,0.0,245.9,1.0
2026-01-18T23:45:00Z,14.3,233.3,140.0,326.6,0,0,0.0,233.3,10.1
2026-01-19T00:00:00Z,28.8,178.4,107.0,249.7,0,0,0.0,178.4,-1.6
2026-01-19T00:15:00Z,40.6,178.5,107.1,249.9,0,0,0.0,178.5,13.4
2026-01-19T00:30:00Z,42.9,218.4,131.0,305.7,0,0,0.0,218.4,-0.3
2026-01-19T00:45:00Z,16.5,193.9,116.3,271.4,0,0,0.0,193.9,-2.5
2026-01-19T01:00:00Z,10.5,209.8,125.9,293.8,0,0,0.0,209.8,0.9
2026-01-19T01:15:00Z,28.2,203.4,122.0,284.7,0,0,0.0,203.4,25.2
2026-01-19T01:30:00Z,15.5,225.3,135.2,315.5,0,0,0.0,225.3,12.0
2026-01-19T01:45:00Z,21.4,256.4,153.8,350,0,0,0.0,256.4,7.3
2026-01-19T02:00:00Z,4.7,194.5,116.7,272.3,0,0,0.0,194.5,-23.4
2026-01-19T02:15:00Z,43.3,201.5,120.9,282.1,0,0,0.0,201.5,-5.1
2026-01-19T02:30:00Z,31.1,209.6,125.8,293.5,0,0,0.0,209.6,9.5
2026-01-19T02:45:00Z,25.6,235.7,141.4,330.0,0,0,0.0,235.7,15.7
2026-01-19T03:00:00Z,44.8,250.5,150.3,350,0,0,0.0,250.5,20.7
2026-01-19T03:15:00Z,16.5,183.6,110.1,257.0,0,0,0.0,183.6,-5.4
2026-01-19T03:30:00Z,36.2,249.0,149.4,348.5,0,0,0.0,249.0,-13.3
2026-01-19T03:45:00Z,46.3,252.3,151.4,350,0,0,0.0,252.3,-6.7
2026-01-19T04:00:00Z,15.5,230.4,138.2,322.6,0,0,0.0,230.4,3.2
2026-01-19T04:15:00Z,20.0,229.3,137.6,321.0,0,0,0.0,229.3,1.8
2026-01-19T04:30:00Z,30.1,258.4,155.1,350,0,0,0.0,258.4,-40.3
2026-01-19T04:45:00Z,35.6,235.9,141.5,330.2,0,0,0.0,235.9,-7.7
2026-01-19T05:00:00Z,33.8,208.7,125.2,292.1,0,0,0.0,208.7,-4.4
2026-01-19T05:15:00Z,3.3,193.6,116.2,271.0,0,0,0.0,193.6,-9.6
2026-01-19T05:30:00Z,8.7,243.3,146.0,340.6,0,0,0.0,243.3,-1.1
2026-01-19T05:45:00Z,46.2,267.6,160.6,350,0,0,0.0,267.6,0.7
2026-01-19T06:00:00Z,37.0,214.5,128.7,300.2,0.0,0,0.0,214.5,12.3
2026-01-19T06:15:00Z,1.2,247.5,148.5,346.5,0.0,0,0.0,247.5,9.1
2026-01-19T06:30:00Z,32.6,261.2,156.7,350,0.0,0,0.0,261.2,-0.3
2026-01-19T06:45:00Z,27.2,250.9,150.5,350,0.0,0,0.0,250.9,-14.3
2026-01-19T07:00:00Z,18.0,225.0,135.0,315.0,10.6,5.3,13.7,235.6,-20.2
2026-01-19T07:15:00Z,38.1,282.3,169.4,350,12.0,6.0,15.6,294.3,4.1
2026-01-19T07:30:00Z,8.9,203.0,121.8,284.2,9.6,4.8,12.5,212.6,-0.4
2026-01-19T07:45:00Z,19.5,218.3,131.0,305.6,11.1,5.5,14.4,229.3,2.6
2026-01-19T08:00:00Z,34.7,230.8,138.5,323.1,33.0,16.5,42.9,263.8,16.9
2026-01-19T08:15:00Z,43.6,275.0,165.0,350,32.4,16.2,42.1,307.3,-10.8
2026-01-19T08:30:00Z,0.7,214.5,128.7,300.3,34.1,17.1,44.4,248.6,32.4
2026-01-19T08:45:00Z,3.3,225.2,135.1,315.3,32.2,16.1,41.9,257.5,-3.1
2026-01-19T09:00:00Z,6.8,197.7,118.6,276.8,49.5,24.7,64.3,247.2,-17.5
2026-01-19T09:15:00Z,6.5,187.8,112.7,263.0,43.5,21.8,56.6,231.4,-4.1
2026-01-19T09:30:00Z,29.6,264.2,158.5,350,55.2,27.6,71.8,319.4,28.9
2026-01-19T09:45:00Z,13.5,226.4,135.8,317.0,54.1,27.0,70.3,280.5,-7.6
2026-01-19T10:00:00Z,40.1,257.4,154.5,350,74.9,37.5,97.4,332.3,-5.8
2026-01-19T10:15:00Z,19.8,233.5,140.1,326.9,79.9,40.0,103.9,313.4,40.5
2026-01-19T10:30:00Z,5.4,258.9,155.4,350,81.9,40.9,106.5,340.8,21.3
2026-01-19T10:45:00Z,23.4,204.0,122.4,285.6,74.2,37.1,96.4,278.2,9.7
2026-01-19T11:00:00Z,7.4,208.0,124.8,291.2,80.0,40.0,104.0,288.0,-18.7
2026-01-19T11:15:00Z,32.2,218.3,131.0,305.6,93.0,46.5,120,311.3,-11.4
2026-01-19T11:30:00Z,26.1,201.4,120.9,282.0,75.2,37.6,97.7,276.6,-0.4
2026-01-19T11:45:00Z,25.7,186.8,112.1,261.5,77.9,38.9,101.3,264.6,7.4
2026-01-19T12:00:00Z,32.4,199.5,119.7,279.3,101.6,50.8,120,301.1,-0.6
2026-01-19T12:15:00Z,27.0,188.7,113.2,264.2,95.3,47.6,120,284.0,17.6
2026-01-19T12:30:00Z,46.7,178.6,107.2,250.1,112.8,56.4,120,291.5,-3.0
2026-01-19T12:45:00Z,33.7,234.7,140.8,328.6,87.2,43.6,113.4,322.0,30.7
2026-01-19T13:00:00Z,5.1,205.8,123.5,288.2,92.9,46.4,120,298.7,-10.5
2026-01-19T13:15:00Z,14.4,231.4,138.8,323.9,84.7,42.3,110.1,316.1,-12.8
2026-01-19T13:30:00Z,10.8,168.8,101.3,236.4,104.4,52.2,120,273.2,1.5
2026-01-19T13:45:00Z,15.4,216.5,129.9,303.1,97.1,48.6,120,313.6,1.1
2026-01-19T14:00:00Z,8.7,216.1,129.7,302.6,106.8,53.4,120,322.9,-30.6
2026-01-19T14:15:00Z,27.7,208.6,125.2,292.0,88.4,44.2,114.9,297.0,-5.0
2026-01-19T14:30:00Z,18.2,214.5,128.7,300.3,99.2,49.6,120,313.6,23.7
2026-01-19T14:45:00Z,36.7,208.4,125.0,291.8,91.2,45.6,118.6,299.6,-6.1
2026-01-19T15:00:00Z,3.4,202.3,121.4,283.3,89.5,44.7,116.3,291.8,-11.9
2026-01-19T15:15:00Z,17.4,218.4,131.0,305.7,72.2,36.1,93.9,290.6,42.5
2026-01-19T15:30:00Z,29.9,227.2,136.3,318.1,77.6,38.8,100.9,304.8,13.0
2026-01-19T15:45:00Z,38.0,197.7,118.6,276.8,91.6,45.8,119.1,289.3,9.0
2026-01-19T16:00:00Z,46.6,211.2,126.7,295.7,71.6,35.8,93.1,282.8,6.8
2026-01-19T16:15:00Z,35.9,198.8,119.3,278.4,81.8,40.9,106.3,280.6,-2.0
2026-01-19T16:30:00Z,16.7,192.1,115.3,269.0,81.4,40.7,105.8,273.5,-26.3
2026-01-19T16:45:00Z,16.1,203.4,122.1,284.8,74.0,37.0,96.2,277.4,-5.4
2026-01-19T17:00:00Z,16.6,182.2,109.3,255.1,54.8,27.4,71.3,237.0,6.7
2026-01-19T17:15:00Z,10.0,232.2,139.3,325.1,49.9,25.0,64.9,282.2,4.3
2026-01-19T17:30:00Z,0.3,188.2,112.9,263.4,58.6,29.3,76.2,246.8,-15.6
2026-01-19T17:45:00Z,46.6,173.7,104.2,243.2,53.3,26.6,69.3,227.0,-6.3
2026-01-19T18:00:00Z,21.0,165.8,99.5,232.1,26.6,13.3,34.6,192.4,-6.3
2026-01-19T18:15:00Z,8.6,228.3,137.0,319.6,25.6,12.8,33.3,253.9,-1.8
2026-01-19T18:30:00Z,14.9,200.4,120.2,280.5,24.4,12.2,31.7,224.7,8.9
2026-01-19T18:45:00Z,14.5,249.2,149.5,348.8,30.7,15.3,39.9,279.8,19.2
2026-01-19T19:00:00Z,13.3,200.0,120.0,280.0,10.9,5.4,14.1,210.9,16.1
2026-01-19T19:15:00Z,23.0,160.4,96.2,224.5,9.1,4.6,11.9,169.5,15.2
2026-01-19T19:30:00Z,10.6,172.5,103.5,241.5,9.6,4.8,12.4,182.0,2.2
2026-01-19T19:45:00Z,41.7,191.8,115.1,268.5,11.6,5.8,15.0,203.4,-4.7
2026-01-19T20:00:00Z,27.0,191.8,115.1,268.5,0.0,0.0,0.0,191.8,-10.0
2026-01-19T20:15:00Z,19.0,150.7,90.4,211.0,0.0,0.0,0.0,150.7,5.3
2026-01-19T20:30:00Z,1.7,175.9,105.5,246.2,0.0,0.0,0.0,175.9,-3.6
2026-01-19T20:45:00Z,36.8,182.2,109.3,255.0,0.0,0.0,0.0,182.2,5.9
2026-01-19T21:00:00Z,27.2,236.7,142.0,331.4,0,0,0.0,236.7,10.4
2026-01-19T21:15:00Z,30.3,229.2,137.5,320.8,0,0,0.0,229.2,-20.4
2026-01-19T21:30:00Z,47.4,201.6,121.0,282.3,0,0,0.0,201.6,-8.3
2026-01-19T21:45:00Z,17.8,190.0,114.0,266.1,0,0,0.0,190.0,3.6
2026-01-19T22:00:00Z,27.4,266.5,159.9,350,0,0,0.0,266.5,7.1
2026-01-19T22:15:00Z,44.2,192.6,115.6,269.7,0,0,0.0,192.6,9.7
2026-01-19T22:30:00Z,41.8,220.3,132.2,308.5,0,0,0.0,220.3,-23.5
2026-01-19T22:45:00Z,34.1,178.1,106.8,249.3,0,0,0.0,178.1,5.8
2026-01-19T23:00:00Z,30.2,191.0,114.6,267.4,0,0,0.0,191.0,4.2
2026-01-19T23:15:00Z,27.5,194.3,116.6,272.0,0,0,0.0,194.3,-7.1
2026-01-19T23:30:00Z,20.4,194.7,116.8,272.6,0,0,0.0,194.7,-13.0
2026-01-19T23:45:00Z,28.0,208.4,125.0,291.8,0,0,0.0,208.4,-21.8
2026-01-20T00:00:00Z,8.7,114.0,68.4,159.6,0,0,0.0,114.0,41.3
2026-01-20T00:15:00Z,23.5,147.7,88.6,206.8,0,0,0.0,147.7,-8.7
2026-01-20T00:30:00Z,24.6,134.7,80.8,188.6,0,0,0.0,134.7,-23.1
2026-01-20T00:45:00Z,32.7,113.1,67.9,158.4,0,0,0.0,113.1,-18.8
2026-01-20T01:00:00Z,38.6,177.7,106.6,248.8,0,0,0.0,177.7,-9.4
2026-01-20T01:15:00Z,41.8,124.4,74.7,174.2,0,0,0.0,124.4,13.8
2026-01-20T01:30:00Z,38.7,173.2,103.9,242.4,0,0,0.0,173.2,-1.9
2026-01-20T01:45:00Z,14.5,182.2,109.3,255.1,0,0,0.0,182.2,13.5
2026-01-20T02:00:00Z,31.3,198.5,119.1,278.0,0,0,0.0,198.5,7.8
2026-01-20T02:15:00Z,29.0,136.7,82.0,191.3,0,0,0.0,136.7,1.5
2026-01-20T02:30:00Z,24.4,173.9,104.3,243.4,0,0,0.0,173.9,-7.1
2026-01-20T02:45:00Z,40.5,137.6,82.5,192.6,0,0,0.0,137.6,4.7
2026-01-20T03:00:00Z,26.3,175.1,105.1,245.2,0,0,0.0,175.1,-9.2
2026-01-20T03:15:00Z,12.2,124.3,74.6,174.0,0,0,0.0,124.3,-13.2
2026-01-20T03:30:00Z,40.5,185.2,111.1,259.3,0,0,0.0,185.2,-37.4
2026-01-20T03:45:00Z,43.7,169.9,101.9,237.9,0,0,0.0,169.9,-4.7
2026-01-20T04:00:00Z,5.0,148.3,89.0,207.6,0,0,0.0,148.3,-11.7
2026-01-20T04:15:00Z,14.3,159.3,95.6,223.0,0,0,0.0,159.3,-15.9
2026-01-20T04:30:00Z,0.9,126.7,76.0,177.3,0,0,0.0,126.7,27.9
2026-01-20T04:45:00Z,8.3,201.3,120.8,281.8,0,0,0.0,201.3,19.5
2026-01-20T05:00:00Z,26.7,154.5,92.7,216.3,0,0,0.0,154.5,-8.8
2026-01-20T05:15:00Z,35.3,153.0,91.8,214.2,0,0,0.0,153.0,7.6
2026-01-20T05:30:00Z,3.6,193.9,116.4,271.5,0,0,0.0,193.9,-4.0
2026-01-20T05:45:00Z,40.3,180.4,108.2,252.5,0,0,0.0,180.4,-5.3
2026-01-20T06:00:00Z,43.1,166.8,100.1,233.5,0.0,0,0.0,166.8,-7.8
2026-01-20T06:15:00Z,28.8,152.1,91.3,213.0,0.0,0,0.0,152.1,-22.1
2026-01-20T06:30:00Z,22.1,179.0,107.4,250.6,0.0,0,0.0,179.0,-4.2
2026-01-20T06:45:00Z,23.5,163.9,98.3,229.4,0.0,0,0.0,163.9,-9.3
2026-01-20T07:00:00Z,3.3,197.5,118.5,276.5,9.8,4.9,12.7,207.3,11.6
2026-01-20T07:15:00Z,47.3,158.3,95.0,221.7,11.7,5.9,15.3,170.1,-16.6
2026-01-20T07:30:00Z,6.1,174.0,104.4,243.6,8.9,4.5,11.6,182.9,-4.6
2026-01-20T07:45:00Z,10.5,165.2,99.1,231.3,10.0,5.0,13.1,175.3,5.8
2026-01-20T08:00:00Z,35.8,151.6,91.0,212.3,26.5,13.3,34.5,178.1,-27.2
2026-01-20T08:15:00Z,27.1,124.2,74.5,173.9,30.1,15.1,39.2,154.4,8.7
2026-01-20T08:30:00Z,17.4,194.7,116.8,272.6,26.7,13.3,34.7,221.4,-21.1
2026-01-20T08:45:00Z,0.5,172.6,103.5,241.6,28.0,14.0,36.4,200.6,-14.5
2026-01-20T09:00:00Z,34.2,167.7,100.6,234.8,47.5,23.8,61.8,215.2,-6.2
2026-01-20T09:15:00Z,18.8,141.7,85.0,198.4,53.2,26.6,69.1,194.9,-10.1
2026-01-20T09:30:00Z,23.2,213.4,128.0,298.7,47.8,23.9,62.1,261.1,-7.8
2026-01-20T09:45:00Z,44.3,198.2,118.9,277.5,55.2,27.6,71.8,253.4,14.5
2026-01-20T10:00:00Z,20.4,160.2,96.1,224.3,65.2,32.6,84.8,225.4,-20.6
2026-01-20T10:15:00Z,24.9,202.8,121.7,283.9,75.1,37.6,97.7,277.9,-14.2
2026-01-20T10:30:00Z,39.6,167.1,100.3,233.9,60.3,30.2,78.4,227.4,-21.2
2026-01-20T10:45:00Z,8.5,138.4,83.1,193.8,71.4,35.7,92.8,209.8,16.4
2026-01-20T11:00:00Z,12.4,144.7,86.8,202.6,84.1,42.1,109.4,228.8,-9.3
2026-01-20T11:15:00Z,36.4,142.3,85.4,199.2,99.8,49.9,120,242.0,-10.3
2026-01-20T11:30:00Z,42.1,152.8,91.7,213.9,94.0,47.0,120,246.8,0.5
2026-01-20T11:45:00Z,31.7,179.6,107.8,251.4,97.8,48.9,120,277.4,-37.4
2026-01-20T12:00:00Z,7.2,162.2,97.3,227.1,112.0,56.0,120,274.2,8.6
2026-01-20T12:15:00Z,17.1,180.8,108.5,253.1,86.7,43.4,112.7,267.5,-21.1
2026-01-20T12:30:00Z,16.2,71.9,43.1,100.6,112.9,56.5,120,184.8,11.4
2026-01-20T12:45:00Z,31.6,143.9,86.3,201.4,97.1,48.6,120,241.0,6.5
2026-01-20T13:00:00Z,32.3,154.8,92.9,216.7,114.4,57.2,120,269.1,7.0
2026-01-20T13:15:00Z,36.1,137.6,82.6,192.7,87.4,43.7,113.6,225.0,40.6
2026-01-20T13:30:00Z,27.9,150.7,90.4,210.9,117.7,58.8,120,268.3,-17.0
2026-01-20T13:45:00Z,30.7,147.4,88.4,206.3,119.8,59.9,120,267.2,-16.5
2026-01-20T14:00:00Z,16.1,118.3,71.0,165.6,110.9,55.5,120,229.2,-24.4
2026-01-20T14:15:00Z,10.9,139.3,83.6,195.0,100.5,50.2,120,239.7,0.1
2026-01-20T14:30:00Z,46.9,141.3,84.8,197.8,97.1,48.5,120,238.4,12.0
2026-01-20T14:45:00Z,32.5,104.8,62.9,146.7,106.7,53.3,120,211.4,1.4
2026-01-20T15:00:00Z,8.2,117.5,70.5,164.5,89.4,44.7,116.2,206.9,-23.5
2026-01-20T15:15:00Z,38.9,180.4,108.2,252.5,77.0,38.5,100.1,257.4,-6.6
2026-01-20T15:30:00Z,34.0,94.1,56.5,131.7,82.8,41.4,107.7,176.9,0.0
2026-01-20T15:45:00Z,7.8,106.3,63.8,148.8,80.9,40.5,105.2,187.2,5.8
2026-01-20T16:00:00Z,11.2,113.2,67.9,158.5,69.1,34.6,89.9,182.4,-17.1
2026-01-20T16:15:00Z,21.3,139.8,83.9,195.7,74.4,37.2,96.7,214.2,-12.4
2026-01-20T16:30:00Z,29.6,132.0,79.2,184.8,67.2,33.6,87.4,199.2,5.3
2026-01-20T16:45:00Z,32.1,155.5,93.3,217.7,69.3,34.6,90.1,224.8,19.7
2026-01-20T17:00:00Z,31.1,175.4,105.2,245.5,50.1,25.1,65.2,225.5,7.0
2026-01-20T17:15:00Z,41.4,106.1,63.7,148.6,52.7,26.4,68.6,158.9,-15.7
2026-01-20T17:30:00Z,39.0,161.2,96.7,225.7,52.6,26.3,68.4,213.8,23.0
2026-01-20T17:45:00Z,19.8,184.7,110.8,258.6,55.5,27.8,72.2,240.3,-22.1
2026-01-20T18:00:00Z,37.1,113.5,68.1,159.0,27.2,13.6,35.4,140.8,-8.5
2026-01-20T18:15:00Z,32.6,158.4,95.0,221.8,24.6,12.3,31.9,183.0,-11.5
2026-01-20T18:30:00Z,43.4,70.1,42.1,98.1,32.1,16.0,41.7,102.2,-1.6
2026-01-20T18:45:00Z,26.0,72.5,43.5,101.6,24.4,12.2,31.7,96.9,-13.8
2026-01-20T19:00:00Z,15.1,144.4,86.7,202.2,12.3,6.1,15.9,156.7,-41.9
2026-01-20T19:15:00Z,13.7,112.2,67.3,157.1,9.1,4.5,11.8,121.3,20.3
2026-01-20T19:30:00Z,15.5,143.3,86.0,200.6,9.3,4.7,12.1,152.6,1.8
2026-01-20T19:45:00Z,16.1,102.4,61.4,143.3,10.4,5.2,13.5,112.7,6.0
2026-01-20T20:00:00Z,15.6,109.0,65.4,152.6,0.0,0.0,0.0,109.0,1.5
2026-01-20T20:15:00Z,18.7,91.7,55.0,128.4,0.0,0.0,0.0,91.7,-21.0
2026-01-20T20:30:00Z,30.7,92.3,55.4,129.2,0.0,0.0,0.0,92.3,5.1
2026-01-20T20:45:00Z,9.1,112.8,67.7,158.0,0.0,0.0,0.0,112.8,19.0
2026-01-20T21:00:00Z,3.9,118.4,71.1,165.8,0,0,0.0,118.4,-4.6
2026-01-20T21:15:00Z,43.0,133.4,80.0,186.7,0,0,0.0,133.4,-10.0
2026-01-20T21:30:00Z,1.5,167.7,100.6,234.8,0,0,0.0,167.7,21.2
2026-01-20T21:45:00Z,30.2,147.0,88.2,205.7,0,0,0.0,147.0,-10.8
2026-01-20T22:00:00Z,42.9,101.1,60.7,141.6,0,0,0.0,101.1,19.4
2026-01-20T22:15:00Z,6.3,171.9,103.1,240.6,0,0,0.0,171.9,-4.7
2026-01-20T22:30:00Z,19.1,164.0,98.4,229.5,0,0,0.0,164.0,9.9
2026-01-20T22:45:00Z,29.0,138.4,83.0,193.7,0,0,0.0,138.4,-16.5
2026-01-20T23:00:00Z,14.7,133.2,79.9,186.5,0,0,0.0,133.2,4.4
2026-01-20T23:15:00Z,23.1,154.1,92.5,215.8,0,0,0.0,154.1,24.7
2026-01-20T23:30:00Z,36.6,147.3,88.4,206.2,0,0,0.0,147.3,-5.2
2026-01-20T23:45:00Z,9.5,125.5,75.3,175.7,0,0,0.0,125.5,0.9
2026-01-21T00:00:00Z,33.6,127.0,76.2,177.8,0,0,0.0,127.0,-5.8
2026-01-21T00:15:00Z,14.8,222.5,133.5,311.5,0,0,0.0,222.5,-11.7
2026-01-21T00:30:00Z,26.3,151.5,90.9,212.1,0,0,0.0,151.5,-10.8
2026-01-21T00:45:00Z,6.5,126.0,75.6,176.4,0,0,0.0,126.0,6.5
2026-01-21T01:00:00Z,27.9,127.9,76.8,179.1,0,0,0.0,127.9,4.2
2026-01-21T01:15:00Z,33.6,170.0,102.0,237.9,0,0,0.0,170.0,-15.2
2026-01-21T01:30:00Z,5.6,143.4,86.0,200.7,0,0,0.0,143.4,14.4
2026-01-21T01:45:00Z,18.3,144.8,86.9,202.7,0,0,0.0,144.8,2.6
2026-01-21T02:00:00Z,30.7,94.3,56.6,132.1,0,0,0.0,94.3,21.1
2026-01-21T02:15:00Z,1.5,128.9,77.3,180.5,0,0,0.0,128.9,-5.8
2026-01-21T02:30:00Z,12.4,201.6,121.0,282.3,0,0,0.0,201.6,-11.9
2026-01-21T02:45:00Z,17.4,168.4,101.0,235.8,0,0,0.0,168.4,-28.0
2026-01-21T03:00:00Z,11.8,144.9,86.9,202.8,0,0,0.0,144.9,-12.0
2026-01-21T03:15:00Z,15.7,169.1,101.4,236.7,0,0,0.0,169.1,2.3
2026-01-21T03:30:00Z,41.2,144.6,86.8,202.4,0,0,0.0,144.6,14.0
2026-01-21T03:45:00Z,43.3,183.9,110.4,257.5,0,0,0.0,183.9,-2.4
2026-01-21T04:00:00Z,26.5,169.8,101.9,237.8,0,0,0.0,169.8,-19.0
2026-01-21T04:15:00Z,46.7,168.0,100.8,235.2,0,0,0.0,168.0,-23.4
2026-01-21T04:30:00Z,47.2,173.5,104.1,242.8,0,0,0.0,173.5,-1.0
2026-01-21T04:45:00Z,28.1,152.3,91.4,213.2,0,0,0.0,152.3,4.6
2026-01-21T05:00:00Z,32.0,85.1,51.1,119.2,0,0,0.0,85.1,17.3
2026-01-21T05:15:00Z,34.3,202.8,121.7,283.9,0,0,0.0,202.8,-5.4
2026-01-21T05:30:00Z,33.3,188.7,113.2,264.1,0,0,0.0,188.7,9.2
2026-01-21T05:45:00Z,30.5,134.8,80.9,188.7,0,0,0.0,134.8,16.4
2026-01-21T06:00:00Z,14.7,132.9,79.7,186.0,0.0,0,0.0,132.9,-13.7
2026-01-21T06:15:00Z,10.5,146.3,87.8,204.8,0.0,0,0.0,146.3,-15.3
2026-01-21T06:30:00Z,22.9,159.3,95.6,223.1,0.0,0,0.0,159.3,30.5
2026-01-21T06:45:00Z,20.1,139.3,83.6,195.0,0.0,0,0.0,139.3,6.6
2026-01-21T07:00:00Z,1.6,180.6,108.3,252.8,12.6,6.3,16.3,193.1,15.1
2026-01-21T07:15:00Z,20.5,149.2,89.5,208.9,12.0,6.0,15.6,161.2,-33.3
2026-01-21T07:30:00Z,1.5,154.0,92.4,215.6,12.2,6.1,15.9,166.2,25.6
2026-01-21T07:45:00Z,40.9,160.7,96.4,225.0,10.8,5.4,14.0,171.5,8.6
2026-01-21T08:00:00Z,8.6,164.5,98.7,230.3,25.3,12.6,32.8,189.8,-15.8
2026-01-21T08:15:00Z,7.1,103.5,62.1,144.9,25.0,12.5,32.5,128.4,-9.8
2026-01-21T08:30:00Z,24.2,157.8,94.7,220.9,31.8,15.9,41.3,189.6,2.4
2026-01-21T08:45:00Z,28.3,180.6,108.4,252.9,26.4,13.2,34.3,207.0,21.8
2026-01-21T09:00:00Z,42.3,149.9,89.9,209.9,53.3,26.6,69.2,203.2,-5.8
2026-01-21T09:15:00Z,12.5,133.1,79.9,186.4,52.1,26.1,67.8,185.3,3.5
2026-01-21T09:30:00Z,21.4,139.0,83.4,194.6,43.6,21.8,56.7,182.6,-9.3
2026-01-21T09:45:00Z,2.1,143.4,86.1,200.8,48.0,24.0,62.3,191.4,-13.5
2026-01-21T10:00:00Z,42.0,192.0,115.2,268.9,82.7,41.3,107.5,274.7,-3.4
2026-01-21T10:15:00Z,24.9,141.1,84.7,197.5,78.8,39.4,102.4,219.9,6.9
2026-01-21T10:30:00Z,5.9,135.1,81.1,189.2,76.6,38.3,99.6,211.7,-26.2
2026-01-21T10:45:00Z,45.1,184.0,110.4,257.7,69.9,35.0,90.9,254.0,10.8
2026-01-21T11:00:00Z,3.4,154.0,92.4,215.7,78.2,39.1,101.7,232.3,-3.6
2026-01-21T11:15:00Z,11.5,133.6,80.1,187.0,91.9,46.0,119.5,225.5,0.8
2026-01-21T11:30:00Z,16.2,105.1,63.1,147.2,84.1,42.1,109.3,189.2,2.8
2026-01-21T11:45:00Z,2.1,136.3,81.8,190.8,89.8,44.9,116.7,226.0,-6.7
2026-01-21T12:00:00Z,12.2,145.2,87.1,203.2,104.8,52.4,120,250.0,0.6
2026-01-21T12:15:00Z,1.5,212.1,127.3,297.0,89.3,44.6,116.1,301.4,-19.4
2026-01-21T12:30:00Z,22.1,166.6,100.0,233.3,82.2,41.1,106.9,248.8,-13.0
2026-01-21T12:45:00Z,18.9,101.2,60.7,141.6,84.4,42.2,109.7,185.5,4.3
2026-01-21T13:00:00Z,26.3,138.4,83.0,193.7,118.5,59.3,120,256.9,-18.2
2026-01-21T13:15:00Z,29.2,165.9,99.5,232.3,108.8,54.4,120,274.7,13.6
2026-01-21T13:30:00Z,7.8,130.3,78.2,182.4,103.1,51.6,120,233.4,-4.3
2026-01-21T13:45:00Z,20.2,143.2,85.9,200.5,112.6,56.3,120,255.8,-17.1
2026-01-21T14:00:00Z,44.0,118.4,71.0,165.8,85.6,42.8,111.2,204.0,-28.5
2026-01-21T14:15:00Z,28.2,79.5,47.7,111.3,101.8,50.9,120,181.4,13.4
2026-01-21T14:30:00Z,3.4,132.6,79.6,185.7,100.6,50.3,120,233.3,13.8
2026-01-21T14:45:00Z,45.1,152.0,91.2,212.8,82.4,41.2,107.1,234.4,-8.7
2026-01-21T15:00:00Z,27.0,98.3,59.0,137.7,80.8,40.4,105.0,179.1,1.0
2026-01-21T15:15:00Z,18.7,104.7,62.8,146.6,82.9,41.5,107.8,187.7,1.9
2026-01-21T15:30:00Z,5.1,135.7,81.4,190.0,88.2,44.1,114.6,223.9,3.3
2026-01-21T15:45:00Z,47.1,135.9,81.5,190.3,73.0,36.5,94.8,208.9,0.5
2026-01-21T16:00:00Z,41.4,145.4,87.3,203.6,68.7,34.4,89.3,214.2,-8.0
2026-01-21T16:15:00Z,29.1,104.2,62.5,145.8,79.3,39.7,103.1,183.5,-10.1
2026-01-21T16:30:00Z,28.3,133.4,80.0,186.7,73.0,36.5,94.9,206.4,-34.0
2026-01-21T16:45:00Z,45.2,136.7,82.0,191.4,80.8,40.4,105.1,217.5,-1.8
2026-01-21T17:00:00Z,24.2,120.0,72.0,168.0,51.8,25.9,67.3,171.8,-11.2
2026-01-21T17:15:00Z,41.8,120.4,72.2,168.5,48.3,24.2,62.8,168.7,-4.0
2026-01-21T17:30:00Z,4.9,72.7,43.6,101.8,52.5,26.3,68.3,125.3,-22.8
2026-01-21T17:45:00Z,39.8,123.8,74.3,173.3,56.8,28.4,73.9,180.6,-37.9
2026-01-21T18:00:00Z,24.4,153.5,92.1,214.9,30.7,15.4,39.9,184.2,4.4
2026-01-21T18:15:00Z,1.4,90.9,54.5,127.3,28.8,14.4,37.4,119.7,3.2
2026-01-21T18:30:00Z,6.6,109.7,65.8,153.5,29.5,14.8,38.4,139.2,5.1
2026-01-21T18:45:00Z,38.4,148.0,88.8,207.2,29.3,14.7,38.1,177.3,40.9
2026-01-21T19:00:00Z,23.7,157.4,94.4,220.4,11.0,5.5,14.3,168.4,6.1
2026-01-21T19:15:00Z,42.9,154.4,92.6,216.1,11.6,5.8,15.1,166.0,5.9
2026-01-21T19:30:00Z,38.7,167.6,100.5,234.6,10.9,5.5,14.2,178.5,6.1
2026-01-21T19:45:00Z,30.2,112.9,67.8,158.1,9.8,4.9,12.7,122.7,-2.7
2026-01-21T20:00:00Z,22.3,127.5,76.5,178.5,0.0,0.0,0.0,127.5,8.2
2026-01-21T20:15:00Z,6.7,122.3,73.4,171.3,0.0,0.0,0.0,122.3,1.5
2026-01-21T20:30:00Z,31.8,122.5,73.5,171.5,0.0,0.0,0.0,122.5,15.1
2026-01-21T20:45:00Z,4.4,175.2,105.1,245.2,0.0,0.0,0.0,175.2,10.3
2026-01-21T21:00:00Z,41.8,152.3,91.4,213.2,0,0,0.0,152.3,10.2
2026-01-21T21:15:00Z,1.3,157.5,94.5,220.5,0,0,0.0,157.5,-7.9
2026-01-21T21:30:00Z,31.0,149.8,89.9,209.8,0,0,0.0,149.8,-16.8
2026-01-21T21:45:00Z,1.7,161.9,97.1,226.7,0,0,0.0,161.9,-19.4
2026-01-21T22:00:00Z,34.6,116.0,69.6,162.4,0,0,0.0,116.0,-8.8
2026-01-21T22:15:00Z,7.5,157.7,94.6,220.8,0,0,0.0,157.7,-7.4
2026-01-21T22:30:00Z,26.6,130.8,78.5,183.1,0,0,0.0,130.8,-16.3
2026-01-21T22:45:00Z,8.1,158.2,94.9,221.5,0,0,0.0,158.2,-14.1
2026-01-21T23:00:00Z,46.7,98.7,59.2,138.2,0,0,0.0,98.7,4.1
2026-01-21T23:15:00Z,10.9,110.6,66.4,154.8,0,0,0.0,110.6,-7.6
2026-01-21T23:30:00Z,32.6,147.8,88.7,206.9,0,0,0.0,147.8,-39.1
2026-01-21T23:45:00Z,5.9,122.3,73.4,171.3,0,0,0.0,122.3,-17.9
2026-01-22T00:00:00Z,44.0,207.5,124.5,290.4,0,0,0.0,207.5,2.9
2026-01-22T00:15:00Z,22.9,224.0,134.4,313.6,0,0,0.0,224.0,-1.2
2026-01-22T00:30:00Z,46.3,258.7,155.2,350,0,0,0.0,258.7,-20.4
2026-01-22T00:45:00Z,43.4,204.5,122.7,286.3,0,0,0.0,204.5,5.5
2026-01-22T01:00:00Z,4.0,263.0,157.8,350,0,0,0.0,263.0,-20.0
2026-01-22T01:15:00Z,26.4,296.5,177.9,350,0,0,0.0,296.5,1.9
2026-01-22T01:30:00Z,11.4,230.9,138.6,323.3,0,0,0.0,230.9,5.5
2026-01-22T01:45:00Z,12.2,234.4,140.7,328.2,0,0,0.0,234.4,20.0
2026-01-22T02:00:00Z,41.6,202.4,121.4,283.3,0,0,0.0,202.4,4.1
2026-01-22T02:15:00Z,25.1,224.1,134.5,313.8,0,0,0.0,224.1,12.8
2026-01-22T02:30:00Z,16.2,236.6,142.0,331.2,0,0,0.0,236.6,-26.0
2026-01-22T02:45:00Z,45.0,256.7,154.0,350,0,0,0.0,256.7,-7.4
2026-01-22T03:00:00Z,37.5,262.7,157.6,350,0,0,0.0,262.7,-0.3
2026-01-22T03:15:00Z,41.0,242.0,145.2,338.8,0,0,0.0,242.0,-24.4
2026-01-22T03:30:00Z,25.8,234.1,140.4,327.7,0,0,0.0,234.1,-16.7
2026-01-22T03:45:00Z,30.4,205.3,123.2,287.4,0,0,0.0,205.3,2.7
2026-01-22T04:00:00Z,17.2,255.4,153.2,350,0,0,0.0,255.4,-4.5
2026-01-22T04:15:00Z,38.9,172.2,103.3,241.1,0,0,0.0,172.2,-14.4
2026-01-22T04:30:00Z,32.3,246.3,147.8,344.8,0,0,0.0,246.3,-24.7
2026-01-22T04:45:00Z,26.8,244.7,146.8,342.6,0,0,0.0,244.7,11.6
2026-01-22T05:00:00Z,24.6,214.3,128.6,300.1,0,0,0.0,214.3,-31.2
2026-01-22T05:15:00Z,13.7,240.0,144.0,336.0,0,0,0.0,240.0,23.7
2026-01-22T05:30:00Z,47.3,275.1,165.1,350,0,0,0.0,275.1,23.2
2026-01-22T05:45:00Z,30.8,232.2,139.3,325.1,0,0,0.0,232.2,1.4
2026-01-22T06:00:00Z,8.6,260.4,156.3,350,0.0,0,0.0,260.4,-27.2
2026-01-22T06:15:00Z,4.0,214.1,128.5,299.7,0.0,0,0.0,214.1,-9.3
2026-01-22T06:30:00Z,1.5,253.7,152.2,350,0.0,0,0.0,253.7,17.3
2026-01-22T06:45:00Z,19.4,207.0,124.2,289.8,0.0,0,0.0,207.0,-0.0
2026-01-22T07:00:00Z,40.3,246.3,147.8,344.9,12.3,6.2,16.0,258.7,10.9
2026-01-22T07:15:00Z,33.6,235.3,141.2,329.4,9.3,4.7,12.1,244.6,10.3
2026-01-22T07:30:00Z,40.1,273.0,163.8,350,11.9,6.0,15.5,284.9,3.4
2026-01-22T07:45:00Z,41.0,242.3,145.4,339.2,10.5,5.2,13.6,252.7,6.0
2026-01-22T08:00:00Z,36.6,272.1,163.3,350,25.7,12.8,33.4,297.8,4.8
2026-01-22T08:15:00Z,37.0,252.2,151.3,350,33.3,16.6,43.3,285.5,-14.6
2026-01-22T08:30:00Z,35.1,249.5,149.7,349.2,33.8,16.9,44.0,283.3,7.1
2026-01-22T08:45:00Z,13.6,218.6,131.2,306.1,28.4,14.2,36.9,247.0,6.8
2026-01-22T09:00:00Z,25.2,248.0,148.8,347.2,53.5,26.8,69.6,301.5,0.3
2026-01-22T09:15:00Z,29.0,212.8,127.7,297.9,46.1,23.1,60.0,259.0,14.7
2026-01-22T09:30:00Z,47.9,210.5,126.3,294.8,44.3,22.2,57.6,254.9,-6.3
2026-01-22T09:45:00Z,28.4,199.1,119.5,278.8,42.7,21.4,55.6,241.9,22.8
2026-01-22T10:00:00Z,32.9,244.0,146.4,341.7,58.2,29.1,75.6,302.2,8.4
2026-01-22T10:15:00Z,37.5,229.5,137.7,321.3,71.9,35.9,93.4,301.4,25.3
2026-01-22T10:30:00Z,2.3,242.5,145.5,339.6,64.5,32.2,83.8,307.0,7.3
2026-01-22T10:45:00Z,27.5,254.8,152.9,350,67.9,33.9,88.2,322.7,5.1
2026-01-22T11:00:00Z,5.2,256.0,153.6,350,92.5,46.3,120,348.5,-6.1
2026-01-22T11:15:00Z,6.0,268.7,161.2,350,99.0,49.5,120,367.7,-30.1
2026-01-22T11:30:00Z,44.3,214.7,128.8,300.5,80.0,40.0,104.0,294.7,15.1
2026-01-22T11:45:00Z,32.1,247.4,148.4,346.3,87.2,43.6,113.4,334.6,15.6
2026-01-22T12:00:00Z,21.2,245.4,147.2,343.5,95.9,47.9,120,341.3,13.8
2026-01-22T12:15:00Z,14.7,229.9,137.9,321.9,87.9,43.9,114.2,317.8,-9.2
2026-01-22T12:30:00Z,24.9,242.2,145.3,339.0,81.6,40.8,106.1,323.7,14.2
2026-01-22T12:45:00Z,36.4,207.0,124.2,289.8,88.5,44.2,115.0,295.5,15.4
2026-01-22T13:00:00Z,12.0,209.0,125.4,292.6,96.3,48.2,120,305.3,-10.9
2026-01-22T13:15:00Z,36.9,232.8,139.7,325.9,104.8,52.4,120,337.6,17.0
2026-01-22T13:30:00Z,5.8,258.9,155.3,350,117.2,58.6,120,376.1,-21.3
2026-01-22T13:45:00Z,22.2,191.0,114.6,267.4,92.5,46.2,120,283.5,-2.0
2026-01-22T14:00:00Z,41.3,226.2,135.7,316.6,100.3,50.1,120,326.4,-4.9
2026-01-22T14:15:00Z,8.2,222.3,133.4,311.2,112.4,56.2,120,334.7,6.1
2026-01-22T14:30:00Z,31.9,193.1,115.8,270.3,86.4,43.2,112.3,279.4,-9.9
2026-01-22T14:45:00Z,5.3,237.8,142.7,332.9,103.5,51.8,120,341.4,10.5
2026-01-22T15:00:00Z,27.7,220.6,132.3,308.8,78.4,39.2,101.9,298.9,2.5
2026-01-22T15:15:00Z,18.7,250.0,150.0,350,81.2,40.6,105.6,331.3,-7.3
2026-01-22T15:30:00Z,40.8,171.3,102.8,239.9,72.8,36.4,94.6,244.1,-19.7
2026-01-22T15:45:00Z,35.2,193.9,116.3,271.4,80.1,40.1,104.2,274.0,22.6
2026-01-22T16:00:00Z,12.5,161.8,97.1,226.5,68.1,34.0,88.5,229.8,-4.0
2026-01-22T16:15:00Z,29.4,237.4,142.5,332.4,67.4,33.7,87.6,304.8,9.2
2026-01-22T16:30:00Z,40.1,160.5,96.3,224.7,58.5,29.3,76.1,219.0,-11.8
2026-01-22T16:45:00Z,33.3,169.4,101.6,237.1,66.4,33.2,86.3,235.8,1.8
2026-01-22T17:00:00Z,8.0,209.5,125.7,293.3,53.7,26.9,69.8,263.3,-6.4
2026-01-22T17:15:00Z,9.3,251.9,151.1,350,53.5,26.7,69.5,305.4,-1.5
2026-01-22T17:30:00Z,0.8,215.1,129.1,301.1,42.8,21.4,55.6,257.9,-11.5
2026-01-22T17:45:00Z,44.2,187.5,112.5,262.6,41.5,20.7,53.9,229.0,22.0
2026-01-22T18:00:00Z,7.7,197.3,118.4,276.3,33.2,16.6,43.2,230.5,18.4
2026-01-22T18:15:00Z,15.6,219.6,131.8,307.5,24.9,12.4,32.3,244.5,-35.3
2026-01-22T18:30:00Z,28.9,193.6,116.2,271.0,26.9,13.4,34.9,220.5,5.4
2026-01-22T18:45:00Z,33.6,220.6,132.4,308.9,29.5,14.7,38.3,250.1,31.8
2026-01-22T19:00:00Z,6.6,218.2,130.9,305.5,12.3,6.2,16.0,230.5,-7.4
2026-01-22T19:15:00Z,39.8,202.5,121.5,283.6,11.9,6.0,15.5,214.5,9.3
2026-01-22T19:30:00Z,18.5,191.3,114.8,267.8,8.9,4.5,11.6,200.2,-12.5
2026-01-22T19:45:00Z,21.5,235.7,141.4,330.0,12.3,6.2,16.0,248.1,3.1
2026-01-22T20:00:00Z,0.8,226.5,135.9,317.1,0.0,0.0,0.0,226.5,-4.6
2026-01-22T20:15:00Z,17.8,263.0,157.8,350,0.0,0.0,0.0,263.0,-29.5
2026-01-22T20:30:00Z,29.7,217.7,130.6,304.7,0.0,0.0,0.0,217.7,-3.0
2026-01-22T20:45:00Z,15.4,232.4,139.4,325.4,0.0,0.0,0.0,232.4,28.7
2026-01-22T21:00:00Z,17.7,245.5,147.3,343.7,0,0,0.0,245.5,-2.2
2026-01-22T21:15:00Z,21.8,211.7,127.0,296.4,0,0,0.0,211.7,-11.2
2026-01-22T21:30:00Z,32.5,174.8,104.9,244.8,0,0,0.0,174.8,-25.7
2026-01-22T21:45:00Z,36.8,240.4,144.2,336.6,0,0,0.0,240.4,21.0
2026-01-22T22:00:00Z,12.5,194.6,116.8,272.5,0,0,0.0,194.6,-1.1
2026-01-22T22:15:00Z,22.0,231.5,138.9,324.1,0,0,0.0,231.5,3.4
2026-01-22T22:30:00Z,16.6,214.9,128.9,300.8,0,0,0.0,214.9,4.4
2026-01-22T22:45:00Z,26.0,226.1,135.7,316.6,0,0,0.0,226.1,19.6
2026-01-22T23:00:00Z,12.7,220.3,132.2,308.4,0,0,0.0,220.3,-26.5
2026-01-22T23:15:00Z,6.3,227.0,136.2,317.8,0,0,0.0,227.0,29.0
2026-01-22T23:30:00Z,5.6,208.3,125.0,291.6,0,0,0.0,208.3,3.2
2026-01-22T23:45:00Z,47.3,237.1,142.3,332.0,0,0,0.0,237.1,9.2
2026-01-23T00:00:00Z,19.7,270.3,162.2,350,0,0,0.0,270.3,3.4
2026-01-23T00:15:00Z,11.8,239.5,143.7,335.3,0,0,0.0,239.5,-14.7
2026-01-23T00:30:00Z,35.6,244.4,146.6,342.1,0,0,0.0,244.4,-12.9
2026-01-23T00:45:00Z,28.1,275.7,165.4,350,0,0,0.0,275.7,18.4
2026-01-23T01:00:00Z,47.7,275.3,165.2,350,0,0,0.0,275.3,-9.4
2026-01-23T01:15:00Z,38.6,268.8,161.3,350,0,0,0.0,268.8,-25.8
2026-01-23T01:30:00Z,28.3,241.5,144.9,338.1,0,0,0.0,241.5,22.2
2026-01-23T01:45:00Z,34.2,275.2,165.1,350,0,0,0.0,275.2,-7.5
2026-01-23T02:00:00Z,3.4,328.9,197.3,350,0,0,0.0,328.9,-10.7
2026-01-23T02:15:00Z,41.6,234.0,140.4,327.7,0,0,0.0,234.0,-4.0
2026-01-23T02:30:00Z,23.2,222.3,133.4,311.2,0,0,0.0,222.3,5.2
2026-01-23T02:45:00Z,35.4,254.8,152.9,350,0,0,0.0,254.8,-31.1
2026-01-23T03:00:00Z,30.9,277.9,166.7,350,0,0,0.0,277.9,-15.4
2026-01-23T03:15:00Z,46.2,236.7,142.0,331.4,0,0,0.0,236.7,-19.7
2026-01-23T03:30:00Z,6.5,236.1,141.7,330.6,0,0,0.0,236.1,-12.7
2026-01-23T03:45:00Z,41.7,277.6,166.6,350,0,0,0.0,277.6,3.0
2026-01-23T04:00:00Z,28.1,234.5,140.7,328.3,0,0,0.0,234.5,-10.3
2026-01-23T04:15:00Z,36.9,277.7,166.6,350,0,0,0.0,277.7,-27.1
2026-01-23T04:30:00Z,41.8,260.4,156.2,350,0,0,0.0,260.4,-11.9
2026-01-23T04:45:00Z,44.5,244.1,146.4,341.7,0,0,0.0,244.1,-9.9
2026-01-23T05:00:00Z,10.0,259.7,155.8,350,0,0,0.0,259.7,5.1
2026-01-23T05:15:00Z,31.1,301.1,180.7,350,0,0,0.0,301.1,-1.9
2026-01-23T05:30:00Z,13.9,277.4,166.4,350,0,0,0.0,277.4,8.6
2026-01-23T05:45:00Z,10.4,220.5,132.3,308.8,0,0,0.0,220.5,21.5
2026-01-23T06:00:00Z,8.4,285.6,171.4,350,0.0,0,0.0,285.6,-8.1
2026-01-23T06:15:00Z,32.4,274.2,164.5,350,0.0,0,0.0,274.2,1.6
2026-01-23T06:30:00Z,3.4,201.4,120.8,281.9,0.0,0,0.0,201.4,-17.4
2026-01-23T06:45:00Z,42.7,274.0,164.4,350,0.0,0,0.0,274.0,6.0
2026-01-23T07:00:00Z,32.1,267.7,160.6,350,11.0,5.5,14.3,278.7,-6.4
2026-01-23T07:15:00Z,18.9,272.1,163.2,350,11.5,5.7,14.9,283.5,-9.5
2026-01-23T07:30:00Z,3.9,240.2,144.1,336.3,12.4,6.2,16.1,252.6,-8.7
2026-01-23T07:45:00Z,34.6,288.0,172.8,350,12.1,6.1,15.8,300.2,-6.6
2026-01-23T08:00:00Z,18.8,267.8,160.7,350,31.3,15.6,40.7,299.1,-8.1
2026-01-23T08:15:00Z,47.7,235.0,141.0,329.0,28.0,14.0,36.3,263.0,-11.6
2026-01-23T08:30:00Z,46.2,286.7,172.0,350,30.1,15.0,39.1,316.8,-21.5
2026-01-23T08:45:00Z,8.2,218.2,130.9,305.5,31.3,15.6,40.7,249.5,-2.4
2026-01-23T09:00:00Z,40.9,223.1,133.8,312.3,57.2,28.6,74.3,280.2,1.8
2026-01-23T09:15:00Z,35.4,220.6,132.4,308.9,54.2,27.1,70.4,274.8,5.4
2026-01-23T09:30:00Z,33.4,241.6,145.0,338.2,51.3,25.6,66.6,292.9,30.4
2026-01-23T09:45:00Z,17.7,266.4,159.8,350,51.9,25.9,67.4,318.3,8.8
2026-01-23T10:00:00Z,28.2,262.7,157.6,350,71.8,35.9,93.3,334.6,-11.5
2026-01-23T10:15:00Z,12.5,245.1,147.1,343.1,58.5,29.2,76.0,303.6,-11.5
2026-01-23T10:30:00Z,39.5,285.4,171.3,350,80.6,40.3,104.8,366.1,8.9
2026-01-23T10:45:00Z,35.8,255.7,153.4,350,59.5,29.7,77.3,315.2,-14.6
2026-01-23T11:00:00Z,47.6,257.1,154.2,350,83.8,41.9,108.9,340.9,-1.6
2026-01-23T11:15:00Z,21.6,186.2,111.7,260.7,82.9,41.5,107.8,269.2,-1.9
2026-01-23T11:30:00Z,22.9,266.1,159.6,350,83.9,41.9,109.1,349.9,2.9
2026-01-23T11:45:00Z,1.2,229.1,137.4,320.7,85.1,42.5,110.6,314.1,1.6
2026-01-23T12:00:00Z,1.3,269.7,161.8,350,97.3,48.7,120,367.0,-6.5
2026-01-23T12:15:00Z,40.7,228.8,137.3,320.4,97.1,48.6,120,326.0,19.9
2026-01-23T12:30:00Z,34.1,222.5,133.5,311.4,87.5,43.8,113.8,310.0,0.4
2026-01-23T12:45:00Z,2.3,265.9,159.5,350,95.3,47.7,120,361.2,8.0
2026-01-23T13:00:00Z,5.3,274.7,164.8,350,84.2,42.1,109.5,358.9,-11.1
2026-01-23T13:15:00Z,25.2,233.0,139.8,326.2,85.2,42.6,110.7,318.2,10.5
2026-01-23T13:30:00Z,47.4,250.4,150.3,350,97.7,48.8,120,348.1,-15.6
2026-01-23T13:45:00Z,4.4,212.2,127.3,297.1,104.3,52.2,120,316.5,11.3
2026-01-23T14:00:00Z,31.0,204.2,122.5,285.9,106.2,53.1,120,310.4,-33.1
2026-01-23T14:15:00Z,27.4,280.8,168.5,350,107.0,53.5,120,387.9,17.4
2026-01-23T14:30:00Z,30.4,234.3,140.6,328.0,108.8,54.4,120,343.1,-21.8
2026-01-23T14:45:00Z,11.7,213.0,127.8,298.2,109.3,54.7,120,322.3,6.0
2026-01-23T15:00:00Z,38.9,219.0,131.4,306.6,82.0,41.0,106.6,301.0,3.1
2026-01-23T15:15:00Z,35.2,270.1,162.1,350,75.4,37.7,98.1,345.6,22.0
2026-01-23T15:30:00Z,22.1,206.5,123.9,289.1,72.6,36.3,94.3,279.0,-9.1
2026-01-23T15:45:00Z,31.6,275.5,165.3,350,98.7,49.4,120,374.3,-20.2
2026-01-23T16:00:00Z,6.9,248.7,149.2,348.2,78.5,39.2,102.0,327.2,12.5
2026-01-23T16:15:00Z,0.7,199.5,119.7,279.3,59.6,29.8,77.5,259.1,2.1
2026-01-23T16:30:00Z,39.6,205.5,123.3,287.7,60.7,30.3,78.9,266.2,-15.5
2026-01-23T16:45:00Z,40.1,235.0,141.0,329.0,76.4,38.2,99.3,311.4,0.5
2026-01-23T17:00:00Z,16.0,254.2,152.5,350,42.8,21.4,55.6,297.0,-2.7
2026-01-23T17:15:00Z,3.1,258.4,155.0,350,43.0,21.5,55.9,301.4,-21.6
2026-01-23T17:30:00Z,45.7,240.4,144.2,336.6,50.6,25.3,65.7,291.0,-10.3
2026-01-23T17:45:00Z,30.0,236.1,141.7,330.6,52.6,26.3,68.3,288.7,8.8
2026-01-23T18:00:00Z,21.1,216.8,130.1,303.5,28.5,14.2,37.0,245.3,12.1
2026-01-23T18:15:00Z,1.0,212.3,127.4,297.3,33.7,16.8,43.8,246.0,-9.8
2026-01-23T18:30:00Z,27.1,193.2,115.9,270.5,25.9,12.9,33.7,219.1,3.8
2026-01-23T18:45:00Z,37.9,221.8,133.1,310.5,29.6,14.8,38.5,251.4,-4.2
2026-01-23T19:00:00Z,0.3,205.7,123.4,287.9,8.9,4.4,11.6,214.5,8.4
2026-01-23T19:15:00Z,7.7,241.3,144.8,337.8,12.4,6.2,16.1,253.6,-10.6
2026-01-23T19:30:00Z,8.8,234.6,140.7,328.4,8.8,4.4,11.5,243.4,-12.1
2026-01-23T19:45:00Z,28.9,209.8,125.9,293.7,9.9,5.0,12.9,219.7,6.7
2026-01-23T20:00:00Z,44.3,243.6,146.2,341.0,0.0,0.0,0.0,243.6,10.9
2026-01-23T20:15:00Z,38.3,232.5,139.5,325.5,0.0,0.0,0.0,232.5,2.4
2026-01-23T20:30:00Z,42.7,242.1,145.3,339.0,0.0,0.0,0.0,242.1,15.3
2026-01-23T20:45:00Z,35.4,218.9,131.4,306.5,0.0,0.0,0.0,218.9,35.3
2026-01-23T21:00:00Z,16.5,229.2,137.5,320.9,0,0,0.0,229.2,23.0
2026-01-23T21:15:00Z,45.6,213.6,128.2,299.1,0,0,0.0,213.6,-1.3
2026-01-23T21:30:00Z,9.6,258.0,154.8,350,0,0,0.0,258.0,1.2
2026-01-23T21:45:00Z,26.5,279.8,167.9,350,0,0,0.0,279.8,-8.9
2026-01-23T22:00:00Z,16.4,224.9,135.0,314.9,0,0,0.0,224.9,-5.2
2026-01-23T22:15:00Z,37.4,209.9,125.9,293.8,0,0,0.0,209.9,13.3
2026-01-23T22:30:00Z,26.7,258.9,155.3,350,0,0,0.0,258.9,-1.6
2026-01-23T22:45:00Z,29.0,231.5,138.9,324.1,0,0,0.0,231.5,5.5
2026-01-23T23:00:00Z,36.6,276.4,165.9,350,0,0,0.0,276.4,9.1
2026-01-23T23:15:00Z,37.3,298.3,179.0,350,0,0,0.0,298.3,18.4
2026-01-23T23:30:00Z,32.2,232.6,139.6,325.7,0,0,0.0,232.6,-12.0
2026-01-23T23:45:00Z,9.5,228.5,137.1,319.8,0,0,0.0,228.5,0.9
2026-01-24T00:00:00Z,7.9,166.6,100.0,233.2,0,0,0.0,166.6,3.4
2026-01-24T00:15:00Z,4.7,183.7,110.2,257.2,0,0,0.0,183.7,-10.7
2026-01-24T00:30:00Z,12.0,170.2,102.1,238.3,0,0,0.0,170.2,17.2
2026-01-24T00:45:00Z,10.4,184.7,110.8,258.6,0,0,0.0,184.7,-12.1
2026-01-24T01:00:00Z,25.3,199.4,119.6,279.1,0,0,0.0,199.4,4.2
2026-01-24T01:15:00Z,10.7,235.6,141.4,329.8,0,0,0.0,235.6,1.9
2026-01-24T01:30:00Z,32.4,182.5,109.5,255.5,0,0,0.0,182.5,29.6
2026-01-24T01:45:00Z,43.9,217.9,130.7,305.0,0,0,0.0,217.9,-21.4
2026-01-24T02:00:00Z,7.9,267.2,160.3,350,0,0,0.0,267.2,-8.2
2026-01-24T02:15:00Z,23.5,222.5,133.5,311.5,0,0,0.0,222.5,1.5
2026-01-24T02:30:00Z,47.3,193.3,116.0,270.6,0,0,0.0,193.3,-17.1
2026-01-24T02:45:00Z,47.3,213.0,127.8,298.2,0,0,0.0,213.0,-0.7
2026-01-24T03:00:00Z,9.3,209.6,125.8,293.4,0,0,0.0,209.6,-7.0
2026-01-24T03:15:00Z,37.3,211.3,126.8,295.9,0,0,0.0,211.3,-14.8
2026-01-24T03:30:00Z,8.1,225.1,135.1,315.2,0,0,0.0,225.1,-35.9
2026-01-24T03:45:00Z,22.3,207.7,124.6,290.8,0,0,0.0,207.7,14.9
2026-01-24T04:00:00Z,35.8,202.2,121.3,283.0,0,0,0.0,202.2,-25.5
2026-01-24T04:15:00Z,35.6,219.8,131.9,307.8,0,0,0.0,219.8,9.4
2026-01-24T04:30:00Z,7.7,187.4,112.5,262.4,0,0,0.0,187.4,10.4
2026-01-24T04:45:00Z,9.7,217.2,130.3,304.1,0,0,0.0,217.2,-0.9
2026-01-24T05:00:00Z,44.7,166.1,99.6,232.5,0,0,0.0,166.1,29.5
2026-01-24T05:15:00Z,29.5,188.7,113.2,264.2,0,0,0.0,188.7,7.8
2026-01-24T05:30:00Z,46.3,229.7,137.8,321.6,0,0,0.0,229.7,3.0
2026-01-24T05:45:00Z,33.6,243.2,145.9,340.5,0,0,0.0,243.2,3.6
2026-01-24T06:00:00Z,24.9,214.5,128.7,300.3,0.0,0,0.0,214.5,-15.3
2026-01-24T06:15:00Z,47.3,186.6,112.0,261.3,0.0,0,0.0,186.6,-13.4
2026-01-24T06:30:00Z,4.4,209.0,125.4,292.7,0.0,0,0.0,209.0,-9.2
2026-01-24T06:45:00Z,27.1,251.4,150.8,350,0.0,0,0.0,251.4,-1.3
2026-01-24T07:00:00Z,45.9,227.2,136.3,318.0,9.5,4.8,12.4,236.7,12.4
2026-01-24T07:15:00Z,39.9,201.0,120.6,281.4,10.3,5.2,13.4,211.4,-8.4
2026-01-24T07:30:00Z,42.6,214.5,128.7,300.4,9.9,4.9,12.8,224.4,8.7
2026-01-24T07:45:00Z,43.1,210.7,126.4,295.0,9.0,4.5,11.7,219.7,-8.3
2026-01-24T08:00:00Z,34.0,201.6,120.9,282.2,30.8,15.4,40.0,232.3,-14.9
2026-01-24T08:15:00Z,10.7,245.6,147.4,343.9,29.9,14.9,38.9,275.5,-16.1
2026-01-24T08:30:00Z,6.3,199.3,119.6,279.0,27.6,13.8,35.9,226.9,-10.5
2026-01-24T08:45:00Z,8.6,207.2,124.3,290.1,31.7,15.9,41.2,238.9,-0.7
2026-01-24T09:00:00Z,14.5,192.0,115.2,268.8,52.0,26.0,67.6,244.0,21.0
2026-01-24T09:15:00Z,47.6,256.7,154.0,350,58.1,29.0,75.5,314.8,-6.3
2026-01-24T09:30:00Z,24.1,275.8,165.5,350,53.2,26.6,69.2,329.0,4.2
2026-01-24T09:45:00Z,36.0,197.0,118.2,275.8,46.3,23.1,60.1,243.3,-22.2
2026-01-24T10:00:00Z,34.3,206.1,123.7,288.6,59.6,29.8,77.4,265.7,21.1
2026-01-24T10:15:00Z,31.7,245.1,147.0,343.1,80.5,40.3,104.7,325.6,-3.8
2026-01-24T10:30:00Z,16.8,175.1,105.0,245.1,60.4,30.2,78.6,235.5,23.9
2026-01-24T10:45:00Z,45.6,249.5,149.7,349.3,63.6,31.8,82.7,313.1,22.1
2026-01-24T11:00:00Z,25.3,207.2,124.3,290.0,84.1,42.1,109.3,291.3,28.6
2026-01-24T11:15:00Z,26.7,235.4,141.2,329.6,83.2,41.6,108.2,318.6,-10.5
2026-01-24T11:30:00Z,27.2,185.1,111.0,259.1,84.6,42.3,109.9,269.6,-18.6
2026-01-24T11:45:00Z,43.2,223.5,134.1,312.9,97.2,48.6,120,320.7,-5.7
2026-01-24T12:00:00Z,20.0,204.8,122.9,286.8,111.8,55.9,120,316.7,-38.0
2026-01-24T12:15:00Z,0.8,166.3,99.8,232.9,87.5,43.7,113.7,253.8,10.8
2026-01-24T12:30:00Z,21.1,190.5,114.3,266.6,106.5,53.2,120,296.9,29.8
2026-01-24T12:45:00Z,6.2,200.8,120.5,281.2,83.1,41.6,108.0,283.9,-4.1
2026-01-24T13:00:00Z,43.0,189.4,113.6,265.2,95.3,47.7,120,284.7,6.3
2026-01-24T13:15:00Z,41.0,153.4,92.0,214.7,120.0,60.0,120,273.3,-6.4
2026-01-24T13:30:00Z,4.5,249.3,149.6,349.0,101.4,50.7,120,350.7,3.9
2026-01-24T13:45:00Z,22.4,201.2,120.7,281.7,116.3,58.1,120,317.5,14.9
2026-01-24T14:00:00Z,0.3,146.2,87.7,204.6,91.7,45.9,119.3,237.9,-1.1
2026-01-24T14:15:00Z,10.4,236.7,142.0,331.4,102.5,51.3,120,339.3,-0.0
2026-01-24T14:30:00Z,18.1,184.4,110.6,258.1,92.2,46.1,119.9,276.6,3.6
2026-01-24T14:45:00Z,37.5,160.5,96.3,224.7,93.6,46.8,120,254.1,-1.6
2026-01-24T15:00:00Z,22.4,195.7,117.4,273.9,71.9,35.9,93.5,267.6,-15.3
2026-01-24T15:15:00Z,10.4,197.8,118.7,276.9,95.8,47.9,120,293.5,-7.6
2026-01-24T15:30:00Z,34.6,184.6,110.8,258.5,96.3,48.2,120,281.0,-1.4
2026-01-24T15:45:00Z,10.1,197.3,118.4,276.2,77.2,38.6,100.4,274.5,-13.1
2026-01-24T16:00:00Z,28.9,188.0,112.8,263.2,72.0,36.0,93.6,260.0,-19.9
2026-01-24T16:15:00Z,13.5,176.8,106.1,247.5,68.9,34.4,89.6,245.6,-17.8
2026-01-24T16:30:00Z,46.4,151.9,91.2,212.7,70.3,35.1,91.4,222.2,-6.5
2026-01-24T16:45:00Z,14.2,164.2,98.5,229.9,76.2,38.1,99.0,240.4,-4.4
2026-01-24T17:00:00Z,18.2,161.9,97.2,226.7,54.1,27.0,70.3,216.0,-8.4
2026-01-24T17:15:00Z,26.7,155.5,93.3,217.7,55.8,27.9,72.5,211.3,-1.1
2026-01-24T17:30:00Z,5.9,194.0,116.4,271.6,49.2,24.6,63.9,243.2,4.6
2026-01-24T17:45:00Z,26.6,151.5,90.9,212.1,46.1,23.1,60.0,197.6,13.5
2026-01-24T18:00:00Z,39.1,153.1,91.9,214.4,33.5,16.7,43.5,186.6,-14.8
2026-01-24T18:15:00Z,17.7,187.5,112.5,262.5,32.1,16.0,41.7,219.6,35.8
2026-01-24T18:30:00Z,16.9,141.4,84.8,198.0,34.1,17.1,44.4,175.5,1.6
2026-01-24T18:45:00Z,47.9,130.5,78.3,182.7,26.8,13.4,34.9,157.3,-30.2
2026-01-24T19:00:00Z,6.1,192.8,115.7,270.0,12.0,6.0,15.6,204.8,-5.5
2026-01-24T19:15:00Z,29.9,200.4,120.2,280.5,12.2,6.1,15.8,212.5,-25.0
2026-01-24T19:30:00Z,10.8,234.8,140.9,328.7,9.6,4.8,12.5,244.3,-12.2
2026-01-24T19:45:00Z,28.8,124.1,74.5,173.7,10.1,5.1,13.2,134.3,2.1
2026-01-24T20:00:00Z,7.9,201.1,120.6,281.5,0.0,0.0,0.0,201.1,23.0
2026-01-24T20:15:00Z,46.1,226.0,135.6,316.4,0.0,0.0,0.0,226.0,-19.2
2026-01-24T20:30:00Z,17.8,159.7,95.8,223.6,0.0,0.0,0.0,159.7,17.2
2026-01-24T20:45:00Z,17.5,178.2,106.9,249.4,0.0,0.0,0.0,178.2,30.7
2026-01-24T21:00:00Z,9.5,184.6,110.7,258.4,0,0,0.0,184.6,-7.4
2026-01-24T21:15:00Z,10.6,162.6,97.5,227.6,0,0,0.0,162.6,5.0
2026-01-24T21:30:00Z,35.4,167.5,100.5,234.4,0,0,0.0,167.5,-14.5
2026-01-24T21:45:00Z,39.6,196.5,117.9,275.1,0,0,0.0,196.5,-4.5
2026-01-24T22:00:00Z,25.7,190.3,114.2,266.4,0,0,0.0,190.3,0.9
2026-01-24T22:15:00Z,31.1,173.4,104.0,242.7,0,0,0.0,173.4,-17.6
2026-01-24T22:30:00Z,13.8,181.8,109.1,254.6,0,0,0.0,181.8,-6.8
2026-01-24T22:45:00Z,38.0,175.7,105.4,246.0,0,0,0.0,175.7,-10.0
2026-01-24T23:00:00Z,29.8,217.0,130.2,303.9,0,0,0.0,217.0,12.1
2026-01-24T23:15:00Z,13.7,174.7,104.8,244.5,0,0,0.0,174.7,17.8
2026-01-24T23:30:00Z,10.5,208.5,125.1,291.9,0,0,0.0,208.5,5.8
2026-01-24T23:45:00Z,8.6,185.1,111.1,259.2,0,0,0.0,185.1,1.9
2026-01-25T00:00:00Z,18.5,211.4,126.9,296.0,0,0,0.0,211.4,17.9
2026-01-25T00:15:00Z,26.7,158.5,95.1,221.9,0,0,0.0,158.5,-18.5
2026-01-25T00:30:00Z,13.8,197.6,118.5,276.6,0,0,0.0,197.6,-6.8
2026-01-25T00:45:00Z,28.9,191.6,115.0,268.3,0,0,0.0,191.6,41.7
2026-01-25T01:00:00Z,46.2,178.2,106.9,249.4,0,0,0.0,178.2,-15.0
2026-01-25T01:15:00Z,39.3,239.0,143.4,334.6,0,0,0.0,239.0,-9.2
2026-01-25T01:30:00Z,20.2,233.5,140.1,326.9,0,0,0.0,233.5,-9.1
2026-01-25T01:45:00Z,7.3,188.8,113.3,264.3,0,0,0.0,188.8,27.0
2026-01-25T02:00:00Z,3.1,166.9,100.1,233.7,0,0,0.0,166.9,21.3
2026-01-25T02:15:00Z,38.1,210.0,126.0,294.0,0,0,0.0,210.0,-7.4
2026-01-25T02:30:00Z,28.8,177.1,106.3,248.0,0,0,0.0,177.1,5.6
2026-01-25T02:45:00Z,45.1,233.0,139.8,326.2,0,0,0.0,233.0,-5.5
2026-01-25T03:00:00Z,12.9,229.1,137.5,320.8,0,0,0.0,229.1,20.9
2026-01-25T03:15:00Z,5.1,273.2,163.9,350,0,0,0.0,273.2,-5.9
2026-01-25T03:30:00Z,12.7,236.4,141.8,331.0,0,0,0.0,236.4,8.6
2026-01-25T03:45:00Z,24.0,193.3,116.0,270.6,0,0,0.0,193.3,-1.5
2026-01-25T04:00:00Z,26.0,212.9,127.7,298.1,0,0,0.0,212.9,19.2
2026-01-25T04:15:00Z,9.2,187.8,112.7,262.9,0,0,0.0,187.8,-10.1
2026-01-25T04:30:00Z,1.2,209.9,126.0,293.9,0,0,0.0,209.9,0.6
2026-01-25T04:45:00Z,29.1,211.2,126.7,295.7,0,0,0.0,211.2,20.5
2026-01-25T05:00:00Z,28.8,205.8,123.5,288.1,0,0,0.0,205.8,5.8
2026-01-25T05:15:00Z,12.8,245.9,147.6,344.3,0,0,0.0,245.9,-7.6
2026-01-25T05:30:00Z,4.3,257.8,154.7,350,0,0,0.0,257.8,6.9
2026-01-25T05:45:00Z,2.4,232.2,139.3,325.0,0,0,0.0,232.2,-8.9
2026-01-25T06:00:00Z,21.7,213.1,127.9,298.4,0.0,0,0.0,213.1,2.1
2026-01-25T06:15:00Z,22.9,239.6,143.8,335.4,0.0,0,0.0,239.6,11.6
2026-01-25T06:30:00Z,27.2,231.0,138.6,323.5,0.0,0,0.0,231.0,-37.6
2026-01-25T06:45:00Z,35.0,208.9,125.3,292.4,0.0,0,0.0,208.9,26.8
2026-01-25T07:00:00Z,27.9,225.2,135.1,315.3,12.1,6.1,15.8,237.3,17.7
2026-01-25T07:15:00Z,20.6,233.7,140.2,327.2,9.5,4.8,12.4,243.2,-4.5
2026-01-25T07:30:00Z,43.9,230.5,138.3,322.7,9.0,4.5,11.7,239.5,-4.4
2026-01-25T07:45:00Z,24.2,254.2,152.5,350,9.1,4.5,11.8,263.3,6.9
2026-01-25T08:00:00Z,13.8,244.5,146.7,342.3,32.8,16.4,42.6,277.3,-1.1
2026-01-25T08:15:00Z,6.9,255.3,153.2,350,32.0,16.0,41.7,287.3,-11.9
2026-01-25T08:30:00Z,43.6,225.7,135.4,316.0,33.1,16.5,43.0,258.8,14.3
2026-01-25T08:45:00Z,40.0,215.3,129.2,301.4,26.0,13.0,33.8,241.4,-6.0
2026-01-25T09:00:00Z,44.2,214.3,128.6,300.1,41.6,20.8,54.1,256.0,-9.0
2026-01-25T09:15:00Z,33.1,202.0,121.2,282.8,55.2,27.6,71.7,257.1,4.5
2026-01-25T09:30:00Z,5.7,179.5,107.7,251.3,49.7,24.8,64.6,229.2,24.3
2026-01-25T09:45:00Z,18.4,221.9,133.2,310.7,50.2,25.1,65.2,272.1,24.2
2026-01-25T10:00:00Z,25.8,208.8,125.3,292.3,58.7,29.4,76.3,267.5,-19.4
2026-01-25T10:15:00Z,6.6,167.0,100.2,233.8,77.0,38.5,100.1,244.0,-2.8
2026-01-25T10:30:00Z,14.6,211.3,126.8,295.9,64.7,32.3,84.1,276.0,5.7
2026-01-25T10:45:00Z,15.9,167.8,100.7,234.9,82.6,41.3,107.4,250.4,-11.9
2026-01-25T11:00:00Z,27.9,219.6,131.7,307.4,93.3,46.7,120,312.9,17.6
2026-01-25T11:15:00Z,38.9,216.7,130.0,303.4,84.6,42.3,109.9,301.3,12.8
2026-01-25T11:30:00Z,7.1,199.4,119.6,279.2,96.3,48.1,120,295.7,-14.3
2026-01-25T11:45:00Z,42.5,202.4,121.4,283.4,78.1,39.1,101.5,280.5,-4.0
2026-01-25T12:00:00Z,1.4,227.9,136.7,319.0,112.3,56.2,120,340.2,9.7
2026-01-25T12:15:00Z,0.3,206.8,124.1,289.6,108.8,54.4,120,315.7,4.4
2026-01-25T12:30:00Z,45.4,213.0,127.8,298.2,86.8,43.4,112.8,299.8,15.2
2026-01-25T12:45:00Z,26.2,225.6,135.4,315.9,98.3,49.1,120,323.9,-8.4
2026-01-25T13:00:00Z,23.9,191.0,114.6,267.4,111.7,55.9,120,302.7,-0.9
2026-01-25T13:15:00Z,20.1,189.3,113.6,265.0,86.6,43.3,112.5,275.9,-1.5
2026-01-25T13:30:00Z,15.5,206.1,123.6,288.5,98.5,49.2,120,304.5,45.9
2026-01-25T13:45:00Z,14.9,219.4,131.6,307.1,92.5,46.2,120,311.9,3.2
2026-01-25T14:00:00Z,15.5,206.5,123.9,289.0,93.9,47.0,120,300.4,-16.0
2026-01-25T14:15:00Z,32.1,209.3,125.6,293.0,88.8,44.4,115.5,298.1,-9.6
2026-01-25T14:30:00Z,17.5,138.8,83.3,194.4,91.7,45.9,119.2,230.6,24.8
2026-01-25T14:45:00Z,40.0,158.3,95.0,221.6,92.9,46.5,120,251.2,3.2
2026-01-25T15:00:00Z,27.5,154.2,92.5,215.9,88.1,44.1,114.5,242.3,3.8
2026-01-25T15:15:00Z,21.8,197.7,118.6,276.7,99.7,49.8,120,297.3,21.4
2026-01-25T15:30:00Z,7.4,169.5,101.7,237.3,90.5,45.3,117.7,260.1,16.6
2026-01-25T15:45:00Z,16.5,195.9,117.6,274.3,91.6,45.8,119.1,287.5,14.4
2026-01-25T16:00:00Z,39.3,166.1,99.7,232.6,81.6,40.8,106.1,247.7,-10.1
2026-01-25T16:15:00Z,46.2,174.9,105.0,244.9,67.8,33.9,88.1,242.7,3.3
2026-01-25T16:30:00Z,43.7,166.5,99.9,233.1,68.9,34.4,89.5,235.4,9.1
2026-01-25T16:45:00Z,1.1,157.8,94.7,221.0,59.6,29.8,77.5,217.5,13.2
2026-01-25T17:00:00Z,45.3,224.5,134.7,314.3,47.8,23.9,62.1,272.2,-2.2
2026-01-25T17:15:00Z,45.0,196.0,117.6,274.4,41.9,20.9,54.4,237.9,17.9
2026-01-25T17:30:00Z,11.5,152.1,91.3,212.9,55.7,27.9,72.4,207.8,9.7
2026-01-25T17:45:00Z,3.8,205.0,123.0,287.0,46.6,23.3,60.5,251.6,1.2
2026-01-25T18:00:00Z,28.3,185.6,111.4,259.8,33.5,16.7,43.5,219.0,-3.4
2026-01-25T18:15:00Z,22.4,158.4,95.1,221.8,33.1,16.5,43.0,191.5,-14.9
2026-01-25T18:30:00Z,29.6,155.5,93.3,217.7,25.7,12.9,33.4,181.2,13.3
2026-01-25T18:45:00Z,7.4,192.4,115.5,269.4,31.9,15.9,41.5,224.3,13.6
2026-01-25T19:00:00Z,28.5,221.2,132.7,309.7,11.6,5.8,15.1,232.8,-26.7
2026-01-25T19:15:00Z,1.7,150.5,90.3,210.8,11.9,6.0,15.5,162.5,-1.4
2026-01-25T19:30:00Z,5.3,195.3,117.2,273.4,12.3,6.2,16.0,207.6,3.2
2026-01-25T19:45:00Z,7.7,172.1,103.3,241.0,9.0,4.5,11.7,181.1,-2.8
2026-01-25T20:00:00Z,32.0,224.5,134.7,314.3,0.0,0.0,0.0,224.5,1.8
2026-01-25T20:15:00Z,14.9,237.6,142.6,332.7,0.0,0.0,0.0,237.6,-4.2
2026-01-25T20:30:00Z,15.2,158.8,95.3,222.4,0.0,0.0,0.0,158.8,-23.9
2026-01-25T20:45:00Z,37.6,145.5,87.3,203.6,0.0,0.0,0.0,145.5,-2.2
2026-01-25T21:00:00Z,44.3,187.5,112.5,262.5,0,0,0.0,187.5,-5.8
2026-01-25T21:15:00Z,34.9,194.2,116.5,271.9,0,0,0.0,194.2,-12.8
2026-01-25T21:30:00Z,42.4,209.3,125.6,293.0,0,0,0.0,209.3,18.5
2026-01-25T21:45:00Z,24.6,192.6,115.5,269.6,0,0,0.0,192.6,-7.8
2026-01-25T22:00:00Z,26.1,171.2,102.7,239.7,0,0,0.0,171.2,10.6
2026-01-25T22:15:00Z,34.9,194.6,116.8,272.4,0,0,0.0,194.6,-12.6
2026-01-25T22:30:00Z,28.0,207.1,124.2,289.9,0,0,0.0,207.1,26.1
2026-01-25T22:45:00Z,5.6,223.9,134.3,313.4,0,0,0.0,223.9,-6.3
2026-01-25T23:00:00Z,41.4,213.4,128.0,298.7,0,0,0.0,213.4,19.0
2026-01-25T23:15:00Z,8.8,216.2,129.7,302.7,0,0,0.0,216.2,28.7
2026-01-25T23:30:00Z,15.7,204.7,122.8,286.6,0,0,0.0,204.7,-5.3
2026-01-25T23:45:00Z,27.1,184.0,110.4,257.6,0,0,0.0,184.0,-1.4
2026-01-26T00:00:00Z,39.8,231.7,139.0,324.4,0,0,0.0,231.7,-13.7
2026-01-26T00:15:00Z,14.5,249.3,149.6,349.0,0,0,0.0,249.3,25.9
2026-01-26T00:30:00Z,17.3,291.4,174.9,350,0,0,0.0,291.4,19.5
2026-01-26T00:45:00Z,38.2,191.8,115.1,268.5,0,0,0.0,191.8,1.4
2026-01-26T01:00:00Z,11.1,268.0,160.8,350,0,0,0.0,268.0,-25.0
2026-01-26T01:15:00Z,17.8,252.0,151.2,350,0,0,0.0,252.0,-19.8
2026-01-26T01:30:00Z,11.5,234.3,140.6,328.0,0,0,0.0,234.3,12.3
2026-01-26T01:45:00Z,38.8,255.7,153.4,350,0,0,0.0,255.7,-6.0
2026-01-26T02:00:00Z,9.8,233.2,139.9,326.5,0,0,0.0,233.2,-4.6
2026-01-26T02:15:00Z,34.5,242.2,145.3,339.0,0,0,0.0,242.2,-28.3
2026-01-26T02:30:00Z,45.9,207.6,124.6,290.7,0,0,0.0,207.6,-31.7
2026-01-26T02:45:00Z,31.7,181.5,108.9,254.1,0,0,0.0,181.5,10.4
2026-01-26T03:00:00Z,23.0,247.0,148.2,345.8,0,0,0.0,247.0,-6.9
2026-01-26T03:15:00Z,27.5,241.4,144.8,338.0,0,0,0.0,241.4,-9.1
2026-01-26T03:30:00Z,19.8,238.2,142.9,333.5,0,0,0.0,238.2,-7.8
2026-01-26T03:45:00Z,44.8,226.2,135.7,316.7,0,0,0.0,226.2,24.7
2026-01-26T04:00:00Z,26.1,230.2,138.1,322.2,0,0,0.0,230.2,19.0
2026-01-26T04:15:00Z,30.7,263.0,157.8,350,0,0,0.0,263.0,9.1
2026-01-26T04:30:00Z,27.7,217.4,130.5,304.4,0,0,0.0,217.4,-2.4
2026-01-26T04:45:00Z,12.1,230.9,138.5,323.2,0,0,0.0,230.9,-2.9
2026-01-26T05:00:00Z,28.8,231.6,139.0,324.3,0,0,0.0,231.6,3.8
2026-01-26T05:15:00Z,7.8,215.2,129.1,301.3,0,0,0.0,215.2,-13.8
2026-01-26T05:30:00Z,18.5,253.1,151.9,350,0,0,0.0,253.1,4.3
2026-01-26T05:45:00Z,16.9,219.9,132.0,307.9,0,0,0.0,219.9,-22.7
2026-01-26T06:00:00Z,3.7,210.9,126.6,295.3,0.0,0,0.0,210.9,5.3
2026-01-26T06:15:00Z,33.8,210.7,126.4,295.0,0.0,0,0.0,210.7,-25.7
2026-01-26T06:30:00Z,39.2,277.2,166.3,350,0.0,0,0.0,277.2,-14.7
2026-01-26T06:45:00Z,2.6,219.1,131.5,306.8,0.0,0,0.0,219.1,-3.5
2026-01-26T07:00:00Z,32.9,222.4,133.4,311.4,11.9,6.0,15.5,234.3,-15.4
2026-01-26T07:15:00Z,28.3,181.5,108.9,254.1,9.5,4.8,12.4,191.0,-10.0
2026-01-26T07:30:00Z,26.2,216.3,129.8,302.9,12.4,6.2,16.1,228.8,7.4
2026-01-26T07:45:00Z,17.8,268.8,161.3,350,11.9,6.0,15.5,280.7,-15.4
2026-01-26T08:00:00Z,47.4,283.4,170.1,350,31.6,15.8,41.1,315.1,-18.1
2026-01-26T08:15:00Z,5.2,240.9,144.5,337.2,31.2,15.6,40.5,272.0,-4.3
2026-01-26T08:30:00Z,13.8,237.2,142.3,332.1,26.8,13.4,34.9,264.0,-15.9
2026-01-26T08:45:00Z,17.1,207.2,124.3,290.0,30.3,15.2,39.4,237.5,-39.2
2026-01-26T09:00:00Z,7.5,218.0,130.8,305.3,52.3,26.1,68.0,270.3,18.5
2026-01-26T09:15:00Z,45.4,288.7,173.2,350,54.4,27.2,70.8,343.1,-28.8
2026-01-26T09:30:00Z,17.5,237.1,142.2,331.9,45.3,22.6,58.8,282.3,-19.0
2026-01-26T09:45:00Z,45.3,205.5,123.3,287.7,46.2,23.1,60.1,251.7,-11.4
2026-01-26T10:00:00Z,33.4,176.2,105.7,246.7,63.7,31.8,82.8,239.9,-4.2
2026-01-26T10:15:00Z,4.7,221.0,132.6,309.4,80.7,40.3,104.9,301.7,5.9
2026-01-26T10:30:00Z,10.4,189.2,113.5,264.8,72.1,36.0,93.7,261.3,5.8
2026-01-26T10:45:00Z,21.8,212.8,127.7,298.0,81.9,40.9,106.5,294.7,-13.3
2026-01-26T11:00:00Z,20.4,211.7,127.0,296.4,101.4,50.7,120,313.2,11.2
2026-01-26T11:15:00Z,38.5,208.5,125.1,291.9,73.9,36.9,96.1,282.4,0.7
2026-01-26T11:30:00Z,40.7,204.2,122.5,285.8,88.6,44.3,115.1,292.7,7.1
2026-01-26T11:45:00Z,9.1,211.7,127.0,296.3,86.1,43.1,112.0,297.8,0.6
2026-01-26T12:00:00Z,38.4,191.4,114.8,267.9,102.1,51.1,120,293.5,9.5
2026-01-26T12:15:00Z,25.3,192.3,115.4,269.2,98.1,49.1,120,290.4,17.2
2026-01-26T12:30:00Z,26.1,202.5,121.5,283.5,100.5,50.2,120,303.0,-3.1
2026-01-26T12:45:00Z,7.3,167.3,100.4,234.2,101.5,50.7,120,268.8,11.5
2026-01-26T13:00:00Z,10.3,243.3,146.0,340.6,113.3,56.6,120,356.5,1.3
2026-01-26T13:15:00Z,47.0,174.6,104.8,244.4,112.9,56.5,120,287.5,-4.4
2026-01-26T13:30:00Z,44.2,190.7,114.4,266.9,84.9,42.5,110.4,275.6,25.9
2026-01-26T13:45:00Z,37.6,197.3,118.4,276.2,103.9,52.0,120,301.2,9.3
2026-01-26T14:00:00Z,12.4,191.5,114.9,268.0,90.0,45.0,117.0,281.5,-8.4
2026-01-26T14:15:00Z,14.9,175.5,105.3,245.8,91.4,45.7,118.8,267.0,-24.8
2026-01-26T14:30:00Z,45.1,224.7,134.8,314.6,108.3,54.2,120,333.1,14.7
2026-01-26T14:45:00Z,5.3,211.4,126.8,295.9,99.0,49.5,120,310.4,-2.1
2026-01-26T15:00:00Z,4.2,259.1,155.4,350,74.6,37.3,97.0,333.7,-0.1
2026-01-26T15:15:00Z,5.6,163.9,98.4,229.5,93.1,46.5,120,257.0,-18.4
2026-01-26T15:30:00Z,26.0,188.2,112.9,263.5,87.9,43.9,114.2,276.1,-1.1
2026-01-26T15:45:00Z,29.2,194.1,116.5,271.7,89.5,44.8,116.4,283.6,4.6
2026-01-26T16:00:00Z,29.9,187.8,112.7,262.9,68.7,34.3,89.3,256.5,24.7
2026-01-26T16:15:00Z,23.5,238.9,143.4,334.5,82.8,41.4,107.7,321.7,5.5
2026-01-26T16:30:00Z,16.9,178.4,107.0,249.7,77.1,38.5,100.2,255.4,-16.0
2026-01-26T16:45:00Z,6.4,216.9,130.2,303.7,65.3,32.7,84.9,282.2,-10.0
2026-01-26T17:00:00Z,30.2,139.7,83.8,195.6,57.4,28.7,74.6,197.1,-19.1
2026-01-26T17:15:00Z,35.6,219.2,131.5,306.8,49.2,24.6,64.0,268.4,-5.1
2026-01-26T17:30:00Z,20.0,201.5,120.9,282.1,43.5,21.8,56.6,245.0,1.0
2026-01-26T17:45:00Z,36.6,204.8,122.9,286.7,50.4,25.2,65.5,255.1,36.1
2026-01-26T18:00:00Z,47.4,180.5,108.3,252.7,30.9,15.5,40.2,211.5,12.8
2026-01-26T18:15:00Z,22.1,241.9,145.1,338.6,24.3,12.2,31.6,266.2,4.6
2026-01-26T18:30:00Z,9.4,184.9,111.0,258.9,25.5,12.7,33.1,210.4,33.2
2026-01-26T18:45:00Z,6.2,176.6,106.0,247.3,25.7,12.9,33.5,202.4,5.1
2026-01-26T19:00:00Z,22.8,164.4,98.7,230.2,10.5,5.2,13.6,174.9,-24.0
2026-01-26T19:15:00Z,11.9,196.0,117.6,274.4,11.2,5.6,14.6,207.2,9.0
2026-01-26T19:30:00Z,38.7,233.5,140.1,326.9,12.2,6.1,15.9,245.7,15.0
2026-01-26T19:45:00Z,4.1,178.1,106.9,249.3,10.3,5.1,13.4,188.4,0.5
2026-01-26T20:00:00Z,40.6,199.7,119.8,279.5,0.0,0.0,0.0,199.7,11.9
2026-01-26T20:15:00Z,30.3,188.1,112.9,263.3,0.0,0.0,0.0,188.1,17.2
2026-01-26T20:30:00Z,11.7,188.0,112.8,263.2,0.0,0.0,0.0,188.0,-11.4
2026-01-26T20:45:00Z,10.0,217.0,130.2,303.8,0.0,0.0,0.0,217.0,8.0
2026-01-26T21:00:00Z,0.8,227.6,136.5,318.6,0,0,0.0,227.6,-17.6
2026-01-26T21:15:00Z,28.9,210.0,126.0,294.0,0,0,0.0,210.0,20.6
2026-01-26T21:30:00Z,19.7,199.6,119.7,279.4,0,0,0.0,199.6,2.1
2026-01-26T21:45:00Z,4.2,199.7,119.8,279.6,0,0,0.0,199.7,-7.7
2026-01-26T22:00:00Z,10.5,235.5,141.3,329.8,0,0,0.0,235.5,-0.1
2026-01-26T22:15:00Z,24.5,181.5,108.9,254.1,0,0,0.0,181.5,-43.8
2026-01-26T22:30:00Z,7.6,187.2,112.3,262.1,0,0,0.0,187.2,-1.4
2026-01-26T22:45:00Z,44.3,193.5,116.1,270.9,0,0,0.0,193.5,12.4
2026-01-26T23:00:00Z,44.9,203.6,122.2,285.1,0,0,0.0,203.6,-45.4
2026-01-26T23:15:00Z,3.0,198.8,119.3,278.3,0,0,0.0,198.8,-16.5
2026-01-26T23:30:00Z,24.3,237.9,142.8,333.1,0,0,0.0,237.9,34.1
2026-01-26T23:45:00Z,12.0,199.0,119.4,278.6,0,0,0.0,199.0,7.2
2026-01-27T00:00:00Z,18.6,211.8,127.1,296.5,0,0,0.0,211.8,-9.5
2026-01-27T00:15:00Z,35.0,199.6,119.8,279.5,0,0,0.0,199.6,5.7
2026-01-27T00:30:00Z,31.7,216.4,129.8,303.0,0,0,0.0,216.4,-4.4
2026-01-27T00:45:00Z,33.9,239.5,143.7,335.2,0,0,0.0,239.5,-15.1
2026-01-27T01:00:00Z,27.8,238.1,142.9,333.4,0,0,0.0,238.1,-7.0
2026-01-27T01:15:00Z,7.2,247.9,148.7,347.1,0,0,0.0,247.9,13.3
2026-01-27T01:30:00Z,9.4,253.5,152.1,350,0,0,0.0,253.5,25.0
2026-01-27T01:45:00Z,16.3,279.1,167.5,350,0,0,0.0,279.1,-1.1
2026-01-27T02:00:00Z,34.8,242.9,145.7,340.0,0,0,0.0,242.9,5.8
2026-01-27T02:15:00Z,10.4,209.4,125.6,293.1,0,0,0.0,209.4,20.0
2026-01-27T02:30:00Z,3.2,286.9,172.2,350,0,0,0.0,286.9,28.3
2026-01-27T02:45:00Z,5.9,231.2,138.7,323.7,0,0,0.0,231.2,8.8
2026-01-27T03:00:00Z,31.6,276.0,165.6,350,0,0,0.0,276.0,1.3
2026-01-27T03:15:00Z,18.1,198.7,119.2,278.2,0,0,0.0,198.7,7.2
2026-01-27T03:30:00Z,2.7,226.9,136.2,317.7,0,0,0.0,226.9,-10.3
2026-01-27T03:45:00Z,0.5,272.5,163.5,350,0,0,0.0,272.5,-5.9
2026-01-27T04:00:00Z,19.4,245.0,147.0,343.0,0,0,0.0,245.0,-15.4
2026-01-27T04:15:00Z,47.9,241.8,145.1,338.6,0,0,0.0,241.8,-25.6
2026-01-27T04:30:00Z,32.1,235.6,141.3,329.8,0,0,0.0,235.6,-4.8
2026-01-27T04:45:00Z,12.1,214.6,128.7,300.4,0,0,0.0,214.6,-20.0
2026-01-27T05:00:00Z,30.1,242.2,145.3,339.1,0,0,0.0,242.2,0.3
2026-01-27T05:15:00Z,36.4,194.9,116.9,272.8,0,0,0.0,194.9,7.5
2026-01-27T05:30:00Z,31.9,239.4,143.6,335.1,0,0,0.0,239.4,-11.7
2026-01-27T05:45:00Z,27.2,250.4,150.3,350,0,0,0.0,250.4,20.7
2026-01-27T06:00:00Z,2.5,258.1,154.8,350,0.0,0,0.0,258.1,-2.7
2026-01-27T06:15:00Z,21.7,218.6,131.2,306.1,0.0,0,0.0,218.6,13.4
2026-01-27T06:30:00Z,16.2,262.5,157.5,350,0.0,0,0.0,262.5,12.3
2026-01-27T06:45:00Z,18.1,202.2,121.3,283.1,0.0,0,0.0,202.2,18.0
2026-01-27T07:00:00Z,31.1,219.9,132.0,307.9,11.5,5.7,14.9,231.4,13.3
2026-01-27T07:15:00Z,6.2,244.2,146.5,341.9,11.2,5.6,14.5,255.4,4.6
2026-01-27T07:30:00Z,11.9,261.9,157.2,350,10.2,5.1,13.2,272.1,-3.1
2026-01-27T07:45:00Z,16.3,260.3,156.2,350,12.0,6.0,15.7,272.4,-0.1
2026-01-27T08:00:00Z,24.6,231.0,138.6,323.5,25.3,12.7,32.9,256.4,-12.9
2026-01-27T08:15:00Z,47.1,278.9,167.3,350,24.6,12.3,32.0,303.5,-0.8
2026-01-27T08:30:00Z,4.3,188.4,113.0,263.7,32.5,16.2,42.2,220.9,-31.6
2026-01-27T08:45:00Z,27.1,275.0,165.0,350,25.3,12.7,32.9,300.3,-4.1
2026-01-27T09:00:00Z,2.6,211.6,127.0,296.3,46.9,23.4,61.0,258.5,-12.7
2026-01-27T09:15:00Z,3.7,278.9,167.3,350,41.8,20.9,54.4,320.7,7.5
2026-01-27T09:30:00Z,3.5,222.9,133.8,312.1,48.2,24.1,62.7,271.1,5.6
2026-01-27T09:45:00Z,26.3,285.2,171.1,350,52.4,26.2,68.1,337.6,6.5
2026-01-27T10:00:00Z,38.0,228.9,137.3,320.4,68.0,34.0,88.4,296.9,-5.4
2026-01-27T10:15:00Z,47.9,266.5,159.9,350,78.6,39.3,102.2,345.1,-3.8
2026-01-27T10:30:00Z,46.6,202.7,121.6,283.8,72.7,36.4,94.5,275.4,-3.1
2026-01-27T10:45:00Z,43.5,245.4,147.3,343.6,68.3,34.1,88.8,313.7,-19.9
2026-01-27T11:00:00Z,43.0,213.7,128.2,299.2,82.2,41.1,106.9,295.9,25.1
2026-01-27T11:15:00Z,4.0,231.0,138.6,323.5,72.0,36.0,93.7,303.1,-15.0
2026-01-27T11:30:00Z,6.8,237.6,142.6,332.6,100.1,50.1,120,337.7,22.7
2026-01-27T11:45:00Z,32.1,234.7,140.8,328.6,79.9,40.0,103.9,314.6,24.3
2026-01-27T12:00:00Z,15.5,260.4,156.2,350,83.8,41.9,108.9,344.2,-12.8
2026-01-27T12:15:00Z,2.0,191.4,114.8,267.9,93.4,46.7,120,284.7,-19.8
2026-01-27T12:30:00Z,32.3,236.2,141.7,330.7,83.6,41.8,108.7,319.8,-16.2
2026-01-27T12:45:00Z,35.3,241.6,144.9,338.2,113.6,56.8,120,355.2,-12.6
2026-01-27T13:00:00Z,28.5,227.0,136.2,317.7,95.0,47.5,120,322.0,18.7
2026-01-27T13:15:00Z,47.1,223.5,134.1,312.9,108.9,54.5,120,332.4,-19.2
2026-01-27T13:30:00Z,8.0,237.8,142.7,332.9,113.2,56.6,120,351.0,-17.0
2026-01-27T13:45:00Z,17.6,225.2,135.1,315.3,106.5,53.3,120,331.7,12.6
2026-01-27T14:00:00Z,7.7,218.0,130.8,305.2,96.1,48.0,120,314.1,-18.3
2026-01-27T14:15:00Z,3.9,237.1,142.3,331.9,103.5,51.8,120,340.6,30.7
2026-01-27T14:30:00Z,35.9,216.7,130.0,303.4,96.5,48.3,120,313.2,-2.9
2026-01-27T14:45:00Z,39.3,234.9,140.9,328.9,98.9,49.4,120,333.8,-9.2
2026-01-27T15:00:00Z,43.1,234.9,140.9,328.8,84.6,42.3,109.9,319.4,5.8
2026-01-27T15:15:00Z,9.3,201.5,120.9,282.1,91.1,45.5,118.4,292.5,-16.9
2026-01-27T15:30:00Z,11.8,177.0,106.2,247.8,80.6,40.3,104.7,257.5,21.5
2026-01-27T15:45:00Z,17.4,167.1,100.3,234.0,97.2,48.6,120,264.3,-17.4
2026-01-27T16:00:00Z,25.7,179.1,107.5,250.7,82.7,41.3,107.5,261.8,21.8
2026-01-27T16:15:00Z,45.5,182.1,109.2,254.9,61.8,30.9,80.3,243.9,-21.5
2026-01-27T16:30:00Z,31.4,228.8,137.3,320.3,69.9,34.9,90.8,298.7,9.5
2026-01-27T16:45:00Z,10.8,167.7,100.6,234.8,63.5,31.8,82.6,231.2,21.6
2026-01-27T17:00:00Z,37.2,182.2,109.3,255.1,42.8,21.4,55.7,225.0,11.0
2026-01-27T17:15:00Z,26.8,213.8,128.3,299.3,45.7,22.9,59.5,259.5,-2.2
2026-01-27T17:30:00Z,24.2,185.7,111.4,260.0,57.1,28.5,74.2,242.8,8.3
2026-01-27T17:45:00Z,43.8,199.0,119.4,278.6,46.4,23.2,60.3,245.3,24.7
2026-01-27T18:00:00Z,18.3,197.3,118.4,276.2,32.2,16.1,41.8,229.5,34.2
2026-01-27T18:15:00Z,6.7,195.8,117.5,274.1,25.8,12.9,33.6,221.6,8.3
2026-01-27T18:30:00Z,42.2,191.7,115.0,268.4,25.1,12.5,32.6,216.8,-3.1
2026-01-27T18:45:00Z,15.8,201.0,120.6,281.4,24.4,12.2,31.7,225.4,6.5
2026-01-27T19:00:00Z,41.3,232.7,139.6,325.8,10.0,5.0,13.0,242.7,6.3
2026-01-27T19:15:00Z,15.3,212.9,127.7,298.0,11.1,5.5,14.4,223.9,-0.2
2026-01-27T19:30:00Z,25.0,217.0,130.2,303.8,10.2,5.1,13.3,227.2,37.2
2026-01-27T19:45:00Z,13.3,228.9,137.3,320.5,10.5,5.3,13.7,239.4,4.8
2026-01-27T20:00:00Z,37.4,225.7,135.4,315.9,0.0,0.0,0.0,225.7,-25.0
2026-01-27T20:15:00Z,41.7,202.3,121.4,283.2,0.0,0.0,0.0,202.3,-1.1
2026-01-27T20:30:00Z,31.0,242.6,145.5,339.6,0.0,0.0,0.0,242.6,-22.4
2026-01-27T20:45:00Z,36.5,230.7,138.4,323.0,0.0,0.0,0.0,230.7,0.3
2026-01-27T21:00:00Z,28.1,182.9,109.8,256.1,0,0,0.0,182.9,-12.3
2026-01-27T21:15:00Z,10.3,174.1,104.5,243.8,0,0,0.0,174.1,-6.8
2026-01-27T21:30:00Z,7.5,228.4,137.0,319.7,0,0,0.0,228.4,-22.8
2026-01-27T21:45:00Z,8.3,222.0,133.2,310.8,0,0,0.0,222.0,-5.9
2026-01-27T22:00:00Z,28.8,210.2,126.1,294.2,0,0,0.0,210.2,8.6
2026-01-27T22:15:00Z,6.5,157.8,94.7,220.9,0,0,0.0,157.8,-9.0
2026-01-27T22:30:00Z,44.4,241.5,144.9,338.1,0,0,0.0,241.5,-10.6
2026-01-27T22:45:00Z,39.9,175.3,105.2,245.4,0,0,0.0,175.3,34.9
2026-01-27T23:00:00Z,18.6,189.7,113.8,265.6,0,0,0.0,189.7,14.4
2026-01-27T23:15:00Z,27.6,184.6,110.8,258.4,0,0,0.0,184.6,-3.2
2026-01-27T23:30:00Z,19.5,241.3,144.8,337.8,0,0,0.0,241.3,7.4
2026-01-27T23:45:00Z,42.0,178.4,107.0,249.7,0,0,0.0,178.4,9.0
2026-01-28T00:00:00Z,40.8,211.7,127.0,296.4,0,0,0.0,211.7,-24.0
2026-01-28T00:15:00Z,14.5,228.1,136.8,319.3,0,0,0.0,228.1,8.8
2026-01-28T00:30:00Z,2.1,235.6,141.3,329.8,0,0,0.0,235.6,-12.9
2026-01-28T00:45:00Z,39.9,242.7,145.6,339.8,0,0,0.0,242.7,-26.4
2026-01-28T01:00:00Z,43.4,198.1,118.8,277.3,0,0,0.0,198.1,10.6
2026-01-28T01:15:00Z,35.4,227.1,136.2,317.9,0,0,0.0,227.1,11.5
2026-01-28T01:30:00Z,10.8,252.2,151.3,350,0,0,0.0,252.2,17.7
2026-01-28T01:45:00Z,8.1,251.1,150.6,350,0,0,0.0,251.1,-11.0
2026-01-28T02:00:00Z,45.4,269.3,161.6,350,0,0,0.0,269.3,-11.6
2026-01-28T02:15:00Z,40.3,264.0,158.4,350,0,0,0.0,264.0,10.5
2026-01-28T02:30:00Z,47.7,219.7,131.8,307.6,0,0,0.0,219.7,9.0
2026-01-28T02:45:00Z,18.3,267.5,160.5,350,0,0,0.0,267.5,16.4
2026-01-28T03:00:00Z,8.3,229.6,137.8,321.5,0,0,0.0,229.6,8.7
2026-01-28T03:15:00Z,9.4,251.7,151.0,350,0,0,0.0,251.7,-36.7
2026-01-28T03:30:00Z,43.9,275.3,165.2,350,0,0,0.0,275.3,1.0
2026-01-28T03:45:00Z,39.5,228.1,136.9,319.4,0,0,0.0,228.1,-10.3
2026-01-28T04:00:00Z,36.9,240.9,144.5,337.3,0,0,0.0,240.9,-3.5
2026-01-28T04:15:00Z,4.5,286.4,171.8,350,0,0,0.0,286.4,15.0
2026-01-28T04:30:00Z,40.9,253.7,152.2,350,0,0,0.0,253.7,5.2
2026-01-28T04:45:00Z,35.7,289.6,173.7,350,0,0,0.0,289.6,1.3
2026-01-28T05:00:00Z,13.1,279.7,167.8,350,0,0,0.0,279.7,3.5
2026-01-28T05:15:00Z,41.1,245.8,147.5,344.2,0,0,0.0,245.8,-1.2
2026-01-28T05:30:00Z,36.4,220.3,132.2,308.4,0,0,0.0,220.3,17.6
2026-01-28T05:45:00Z,10.0,241.6,145.0,338.3,0,0,0.0,241.6,12.3
2026-01-28T06:00:00Z,22.0,267.0,160.2,350,0.0,0,0.0,267.0,-2.0
2026-01-28T06:15:00Z,41.7,237.7,142.6,332.7,0.0,0,0.0,237.7,-23.0
2026-01-28T06:30:00Z,39.2,227.6,136.5,318.6,0.0,0,0.0,227.6,21.6
2026-01-28T06:45:00Z,5.6,179.4,107.7,251.2,0.0,0,0.0,179.4,0.8
2026-01-28T07:00:00Z,40.7,255.1,153.1,350,11.6,5.8,15.1,266.7,22.2
2026-01-28T07:15:00Z,42.4,203.6,122.2,285.1,12.2,6.1,15.9,215.8,-26.1
2026-01-28T07:30:00Z,21.4,230.8,138.5,323.2,9.0,4.5,11.6,239.8,6.2
2026-01-28T07:45:00Z,5.0,246.1,147.7,344.6,10.6,5.3,13.7,256.7,-6.7
2026-01-28T08:00:00Z,10.5,227.7,136.6,318.7,29.2,14.6,38.0,256.9,-8.5
2026-01-28T08:15:00Z,4.6,256.1,153.6,350,26.7,13.3,34.7,282.8,5.4
2026-01-28T08:30:00Z,27.4,229.4,137.6,321.1,27.9,14.0,36.3,257.3,12.6
2026-01-28T08:45:00Z,36.2,224.3,134.6,314.1,30.1,15.1,39.2,254.4,-9.9
2026-01-28T09:00:00Z,30.7,227.0,136.2,317.7,43.3,21.7,56.3,270.3,4.1
2026-01-28T09:15:00Z,43.5,221.8,133.1,310.6,50.5,25.3,65.7,272.4,-3.1
2026-01-28T09:30:00Z,23.5,206.7,124.0,289.3,58.2,29.1,75.7,264.9,-1.2
2026-01-28T09:45:00Z,39.6,226.8,136.1,317.5,48.1,24.1,62.6,274.9,-22.8
2026-01-28T10:00:00Z,43.2,233.5,140.1,326.9,71.1,35.6,92.4,304.6,-12.0
2026-01-28T10:15:00Z,0.7,263.3,158.0,350,78.3,39.1,101.7,341.5,-17.5
2026-01-28T10:30:00Z,27.0,194.5,116.7,272.3,78.6,39.3,102.1,273.1,13.1
2026-01-28T10:45:00Z,35.4,222.4,133.4,311.4,73.3,36.7,95.3,295.7,-18.3
2026-01-28T11:00:00Z,11.7,254.3,152.6,350,98.9,49.4,120,353.1,-27.3
2026-01-28T11:15:00Z,1.8,238.7,143.2,334.2,80.1,40.0,104.1,318.8,0.3
2026-01-28T11:30:00Z,9.2,242.2,145.3,339.1,95.3,47.6,120,337.5,-34.8
2026-01-28T11:45:00Z,27.8,255.8,153.5,350,96.4,48.2,120,352.2,22.1
2026-01-28T12:00:00Z,43.6,241.4,144.8,337.9,109.3,54.7,120,350.7,-13.3
2026-01-28T12:15:00Z,41.7,276.6,165.9,350,113.9,57.0,120,390.5,-2.0
2026-01-28T12:30:00Z,32.8,206.0,123.6,288.4,99.7,49.9,120,305.7,-33.3
2026-01-28T12:45:00Z,5.7,190.8,114.5,267.1,106.8,53.4,120,297.6,-7.7
2026-01-28T13:00:00Z,36.4,220.7,132.4,308.9,112.7,56.4,120,333.4,-8.1
2026-01-28T13:15:00Z,13.5,180.7,108.4,253.0,110.8,55.4,120,291.6,6.7
2026-01-28T13:30:00Z,1.4,223.2,133.9,312.5,94.2,47.1,120,317.4,0.3
2026-01-28T13:45:00Z,9.3,243.4,146.1,340.8,113.4,56.7,120,356.8,0.3
2026-01-28T14:00:00Z,2.3,213.1,127.9,298.4,99.6,49.8,120,312.8,-24.4
2026-01-28T14:15:00Z,40.0,229.2,137.5,320.9,103.2,51.6,120,332.4,9.7
2026-01-28T14:30:00Z,41.2,245.5,147.3,343.7,109.2,54.6,120,354.7,3.5
2026-01-28T14:45:00Z,34.3,237.2,142.3,332.1,96.6,48.3,120,333.8,5.5
2026-01-28T15:00:00Z,20.8,233.8,140.3,327.4,98.8,49.4,120,332.7,-7.1
2026-01-28T15:15:00Z,18.4,240.9,144.5,337.2,81.2,40.6,105.6,322.1,-4.7
2026-01-28T15:30:00Z,16.4,219.1,131.5,306.7,96.2,48.1,120,315.3,13.4
2026-01-28T15:45:00Z,2.6,179.0,107.4,250.6,74.4,37.2,96.7,253.4,8.9
2026-01-28T16:00:00Z,37.1,188.0,112.8,263.2,78.1,39.1,101.6,266.1,11.7
2026-01-28T16:15:00Z,18.2,169.3,101.6,237.1,59.5,29.8,77.4,228.9,1.2
2026-01-28T16:30:00Z,47.7,211.5,126.9,296.1,80.4,40.2,104.5,291.9,-24.5
2026-01-28T16:45:00Z,35.7,209.7,125.8,293.5,59.2,29.6,77.0,268.9,23.8
2026-01-28T17:00:00Z,25.0,242.7,145.6,339.8,45.7,22.9,59.4,288.4,22.2
2026-01-28T17:15:00Z,1.8,210.4,126.2,294.5,42.0,21.0,54.6,252.4,-4.0
2026-01-28T17:30:00Z,0.5,190.5,114.3,266.7,49.1,24.6,63.9,239.6,-1.3
2026-01-28T17:45:00Z,15.5,191.1,114.7,267.5,47.2,23.6,61.3,238.2,22.3
2026-01-28T18:00:00Z,43.0,193.9,116.3,271.4,26.8,13.4,34.8,220.6,-0.7
2026-01-28T18:15:00Z,21.0,174.2,104.5,243.9,25.8,12.9,33.6,200.0,-7.5
2026-01-28T18:30:00Z,42.1,187.3,112.4,262.2,25.9,12.9,33.7,213.2,16.0
2026-01-28T18:45:00Z,10.3,208.6,125.1,292.0,24.9,12.5,32.4,233.5,-5.9
2026-01-28T19:00:00Z,38.3,172.4,103.4,241.4,10.3,5.2,13.4,182.7,-3.8
2026-01-28T19:15:00Z,43.2,226.7,136.0,317.4,11.0,5.5,14.3,237.8,-10.3
2026-01-28T19:30:00Z,46.8,184.6,110.7,258.4,9.5,4.7,12.3,194.1,26.8
2026-01-28T19:45:00Z,12.5,205.5,123.3,287.7,11.6,5.8,15.1,217.1,-9.0
2026-01-28T20:00:00Z,8.9,212.0,127.2,296.8,0.0,0.0,0.0,212.0,-1.3
2026-01-28T20:15:00Z,36.6,208.5,125.1,291.9,0.0,0.0,0.0,208.5,-7.0
2026-01-28T20:30:00Z,32.5,199.3,119.6,279.0,0.0,0.0,0.0,199.3,-7.9
2026-01-28T20:45:00Z,30.2,241.7,145.0,338.4,0.0,0.0,0.0,241.7,3.7
2026-01-28T21:00:00Z,40.1,201.7,121.0,282.4,0,0,0.0,201.7,-19.3
2026-01-28T21:15:00Z,29.9,219.4,131.6,307.2,0,0,0.0,219.4,-5.9
2026-01-28T21:30:00Z,7.7,236.9,142.2,331.7,0,0,0.0,236.9,-10.4
2026-01-28T21:45:00Z,0.9,252.7,151.6,350,0,0,0.0,252.7,6.2
2026-01-28T22:00:00Z,36.0,247.2,148.3,346.0,0,0,0.0,247.2,6.6
2026-01-28T22:15:00Z,29.5,199.1,119.4,278.7,0,0,0.0,199.1,5.0
2026-01-28T22:30:00Z,27.1,183.4,110.0,256.7,0,0,0.0,183.4,21.9
2026-01-28T22:45:00Z,42.7,156.7,94.0,219.4,0,0,0.0,156.7,-26.4
2026-01-28T23:00:00Z,15.0,246.6,148.0,345.3,0,0,0.0,246.6,0.4
2026-01-28T23:15:00Z,7.5,198.3,119.0,277.6,0,0,0.0,198.3,2.8
2026-01-28T23:30:00Z,36.2,225.3,135.2,315.4,0,0,0.0,225.3,1.5
2026-01-28T23:45:00Z,47.6,206.2,123.7,288.7,0,0,0.0,206.2,5.5
2026-01-29T00:00:00Z,47.9,98.4,59.0,137.7,0,0,0.0,98.4,-28.0
2026-01-29T00:15:00Z,10.2,107.8,64.7,150.9,0,0,0.0,107.8,2.9
2026-01-29T00:30:00Z,34.1,137.2,82.3,192.1,0,0,0.0,137.2,-12.5
2026-01-29T00:45:00Z,10.1,92.2,55.3,129.1,0,0,0.0,92.2,6.7
2026-01-29T01:00:00Z,10.2,143.2,85.9,200.4,0,0,0.0,143.2,5.8
2026-01-29T01:15:00Z,38.2,164.2,98.5,229.9,0,0,0.0,164.2,16.2
2026-01-29T01:30:00Z,34.8,127.9,76.7,179.1,0,0,0.0,127.9,5.4
2026-01-29T01:45:00Z,5.8,156.1,93.7,218.6,0,0,0.0,156.1,6.9
2026-01-29T02:00:00Z,21.5,141.2,84.7,197.6,0,0,0.0,141.2,-15.2
2026-01-29T02:15:00Z,29.5,150.2,90.1,210.3,0,0,0.0,150.2,-1.1
2026-01-29T02:30:00Z,24.2,113.4,68.1,158.8,0,0,0.0,113.4,12.4
2026-01-29T02:45:00Z,28.8,154.7,92.8,216.6,0,0,0.0,154.7,27.2
2026-01-29T03:00:00Z,17.9,126.4,75.8,177.0,0,0,0.0,126.4,9.5
2026-01-29T03:15:00Z,11.5,89.5,53.7,125.3,0,0,0.0,89.5,37.3
2026-01-29T03:30:00Z,38.5,143.8,86.3,201.3,0,0,0.0,143.8,-7.0
2026-01-29T03:45:00Z,27.4,145.5,87.3,203.6,0,0,0.0,145.5,-2.7
2026-01-29T04:00:00Z,21.7,93.1,55.9,130.4,0,0,0.0,93.1,8.5
2026-01-29T04:15:00Z,25.0,168.8,101.3,236.3,0,0,0.0,168.8,11.6
2026-01-29T04:30:00Z,31.9,135.3,81.2,189.4,0,0,0.0,135.3,-6.5
2026-01-29T04:45:00Z,1.1,133.2,79.9,186.5,0,0,0.0,133.2,-5.3
2026-01-29T05:00:00Z,21.4,156.8,94.1,219.6,0,0,0.0,156.8,-9.9
2026-01-29T05:15:00Z,35.6,111.1,66.7,155.6,0,0,0.0,111.1,14.6
2026-01-29T05:30:00Z,11.0,147.7,88.6,206.8,0,0,0.0,147.7,30.7
2026-01-29T05:45:00Z,37.5,175.2,105.1,245.3,0,0,0.0,175.2,-8.9
2026-01-29T06:00:00Z,9.8,79.8,47.9,111.7,0.0,0,0.0,79.8,9.1
2026-01-29T06:15:00Z,32.2,117.1,70.2,163.9,0.0,0,0.0,117.1,13.8
2026-01-29T06:30:00Z,0.5,127.1,76.3,177.9,0.0,0,0.0,127.1,-3.7
2026-01-29T06:45:00Z,8.4,143.2,85.9,200.5,0.0,0,0.0,143.2,-9.5
2026-01-29T07:00:00Z,43.4,120.8,72.5,169.1,11.9,6.0,15.5,132.8,-13.7
2026-01-29T07:15:00Z,15.1,138.4,83.1,193.8,10.4,5.2,13.5,148.8,-14.2
2026-01-29T07:30:00Z,39.4,161.0,96.6,225.3,12.0,6.0,15.6,173.0,-21.1
2026-01-29T07:45:00Z,26.6,148.4,89.0,207.7,9.3,4.6,12.1,157.7,15.4
2026-01-29T08:00:00Z,45.1,168.6,101.2,236.1,27.1,13.5,35.2,195.7,3.4
2026-01-29T08:15:00Z,28.8,108.0,64.8,151.2,26.9,13.5,35.0,134.9,7.2
2026-01-29T08:30:00Z,10.2,144.9,86.9,202.9,26.1,13.0,33.9,171.0,0.4
2026-01-29T08:45:00Z,23.2,161.9,97.1,226.6,27.4,13.7,35.6,189.3,34.1
2026-01-29T09:00:00Z,12.7,138.3,83.0,193.6,52.8,26.4,68.6,191.0,-24.6
2026-01-29T09:15:00Z,20.2,135.0,81.0,189.1,51.8,25.9,67.4,186.9,7.2
2026-01-29T09:30:00Z,1.7,136.0,81.6,190.5,43.5,21.8,56.6,179.6,16.8
2026-01-29T09:45:00Z,35.1,122.5,73.5,171.5,47.9,24.0,62.3,170.4,14.1
2026-01-29T10:00:00Z,8.0,152.7,91.6,213.8,79.3,39.7,103.2,232.0,24.4
2026-01-29T10:15:00Z,46.7,207.7,124.6,290.7,74.8,37.4,97.3,282.5,-11.6
2026-01-29T10:30:00Z,1.7,185.3,111.2,259.4,75.6,37.8,98.3,260.9,-2.6
2026-01-29T10:45:00Z,43.8,123.4,74.1,172.8,68.3,34.1,88.8,191.7,35.4
2026-01-29T11:00:00Z,34.8,181.5,108.9,254.1,96.4,48.2,120,277.9,12.6
2026-01-29T11:15:00Z,1.8,87.4,52.4,122.3,75.0,37.5,97.6,162.4,-13.4
2026-01-29T11:30:00Z,10.6,96.5,57.9,135.1,85.6,42.8,111.3,182.1,-14.4
2026-01-29T11:45:00Z,34.3,119.9,71.9,167.8,83.4,41.7,108.4,203.3,-22.1
2026-01-29T12:00:00Z,17.3,135.1,81.1,189.2,114.4,57.2,120,249.5,0.5
2026-01-29T12:15:00Z,43.6,76.4,45.8,107.0,100.4,50.2,120,176.8,-25.1
2026-01-29T12:30:00Z,30.7,117.5,70.5,164.5,83.1,41.5,108.0,200.6,-13.6
2026-01-29T12:45:00Z,28.6,177.2,106.3,248.1,95.0,47.5,120,272.2,-34.0
2026-01-29T13:00:00Z,35.0,116.4,69.9,163.0,93.6,46.8,120,210.0,16.8
2026-01-29T13:15:00Z,10.9,99.6,59.7,139.4,99.3,49.7,120,198.9,-12.1
2026-01-29T13:30:00Z,40.8,120.8,72.5,169.1,105.6,52.8,120,226.5,8.4
2026-01-29T13:45:00Z,16.2,126.7,76.0,177.3,94.2,47.1,120,220.8,-12.1
2026-01-29T14:00:00Z,33.4,139.6,83.8,195.5,113.2,56.6,120,252.8,-2.9
2026-01-29T14:15:00Z,3.0,143.8,86.3,201.3,100.7,50.4,120,244.5,-1.4
2026-01-29T14:30:00Z,3.8,128.7,77.2,180.1,103.0,51.5,120,231.7,7.6
2026-01-29T14:45:00Z,7.7,127.0,76.2,177.8,83.3,41.7,108.3,210.3,17.2
2026-01-29T15:00:00Z,1.1,90.3,54.2,126.4,90.8,45.4,118.1,181.1,19.4
2026-01-29T15:15:00Z,36.7,109.6,65.7,153.4,78.5,39.2,102.0,188.0,11.9
2026-01-29T15:30:00Z,37.1,123.2,73.9,172.5,72.9,36.4,94.7,196.1,2.3
2026-01-29T15:45:00Z,1.8,141.3,84.8,197.8,94.9,47.5,120,236.2,-12.8
2026-01-29T16:00:00Z,5.5,100.8,60.5,141.2,77.0,38.5,100.1,177.8,-4.0
2026-01-29T16:15:00Z,11.6,93.4,56.1,130.8,80.4,40.2,104.5,173.8,26.0
2026-01-29T16:30:00Z,46.6,165.1,99.1,231.2,75.9,38.0,98.7,241.1,-7.0
2026-01-29T16:45:00Z,11.1,78.0,46.8,109.2,69.4,34.7,90.2,147.4,2.3
2026-01-29T17:00:00Z,10.8,114.6,68.8,160.4,46.0,23.0,59.8,160.6,9.0
2026-01-29T17:15:00Z,21.9,72.2,43.3,101.1,49.2,24.6,63.9,121.4,-7.3
2026-01-29T17:30:00Z,13.5,144.6,86.7,202.4,47.7,23.9,62.1,192.3,8.9
2026-01-29T17:45:00Z,20.9,116.9,70.1,163.7,52.4,26.2,68.1,169.3,12.8
2026-01-29T18:00:00Z,0.3,89.7,53.8,125.6,28.7,14.3,37.3,118.4,-7.4
2026-01-29T18:15:00Z,1.1,109.5,65.7,153.3,28.7,14.4,37.3,138.2,12.7
2026-01-29T18:30:00Z,37.7,79.1,47.5,110.7,33.9,17.0,44.1,113.0,10.2
2026-01-29T18:45:00Z,36.9,93.4,56.0,130.8,24.5,12.3,31.9,118.0,-25.2
2026-01-29T19:00:00Z,15.0,91.2,54.7,127.7,12.2,6.1,15.8,103.4,2.7
2026-01-29T19:15:00Z,31.9,113.2,67.9,158.4,8.9,4.4,11.5,122.0,29.2
2026-01-29T19:30:00Z,5.6,124.4,74.6,174.1,9.0,4.5,11.7,133.4,-4.8
2026-01-29T19:45:00Z,47.6,137.5,82.5,192.5,12.3,6.1,16.0,149.8,-11.4
2026-01-29T20:00:00Z,15.2,128.5,77.1,180.0,0.0,0.0,0.0,128.5,-8.1
2026-01-29T20:15:00Z,26.8,104.0,62.4,145.6,0.0,0.0,0.0,104.0,-9.6
2026-01-29T20:30:00Z,23.4,163.0,97.8,228.2,0.0,0.0,0.0,163.0,-1.5
2026-01-29T20:45:00Z,19.3,131.6,79.0,184.2,0.0,0.0,0.0,131.6,-2.2
2026-01-29T21:00:00Z,19.2,106.2,63.7,148.7,0,0,0.0,106.2,2.1
2026-01-29T21:15:00Z,36.1,159.5,95.7,223.3,0,0,0.0,159.5,-5.5
2026-01-29T21:30:00Z,17.8,126.9,76.1,177.6,0,0,0.0,126.9,-17.7
2026-01-29T21:45:00Z,36.2,80.3,48.2,112.4,0,0,0.0,80.3,-13.0
2026-01-29T22:00:00Z,21.4,80.6,48.4,112.9,0,0,0.0,80.6,-22.3
2026-01-29T22:15:00Z,7.9,61.2,36.7,85.7,0,0,0.0,61.2,-6.6
2026-01-29T22:30:00Z,28.0,149.6,89.7,209.4,0,0,0.0,149.6,2.3
2026-01-29T22:45:00Z,4.1,122.9,73.8,172.1,0,0,0.0,122.9,-1.3
2026-01-29T23:00:00Z,24.8,121.3,72.8,169.9,0,0,0.0,121.3,10.7
2026-01-29T23:15:00Z,8.5,141.1,84.7,197.5,0,0,0.0,141.1,19.9
2026-01-29T23:30:00Z,25.9,122.1,73.3,171.0,0,0,0.0,122.1,1.3
2026-01-29T23:45:00Z,19.1,127.6,76.6,178.7,0,0,0.0,127.6,5.2
2026-01-30T00:00:00Z,25.3,233.2,139.9,326.5,0,0,0.0,233.2,-11.1
2026-01-30T00:15:00Z,19.0,219.5,131.7,307.3,0,0,0.0,219.5,-28.7
2026-01-30T00:30:00Z,36.9,217.1,130.2,303.9,0,0,0.0,217.1,-10.4
2026-01-30T00:45:00Z,47.5,195.4,117.2,273.6,0,0,0.0,195.4,-5.9
2026-01-30T01:00:00Z,13.3,233.0,139.8,326.3,0,0,0.0,233.0,10.1
2026-01-30T01:15:00Z,3.5,255.7,153.4,350,0,0,0.0,255.7,17.6
2026-01-30T01:30:00Z,4.0,218.7,131.2,306.2,0,0,0.0,218.7,-13.6
2026-01-30T01:45:00Z,22.0,229.4,137.6,321.1,0,0,0.0,229.4,7.1
2026-01-30T02:00:00Z,29.0,277.9,166.8,350,0,0,0.0,277.9,17.5
2026-01-30T02:15:00Z,9.8,287.9,172.7,350,0,0,0.0,287.9,-18.3
2026-01-30T02:30:00Z,2.1,230.5,138.3,322.7,0,0,0.0,230.5,6.1
2026-01-30T02:45:00Z,17.6,238.8,143.3,334.3,0,0,0.0,238.8,-12.1
2026-01-30T03:00:00Z,0.3,238.9,143.3,334.4,0,0,0.0,238.9,14.6
2026-01-30T03:15:00Z,16.8,267.7,160.6,350,0,0,0.0,267.7,6.9
2026-01-30T03:30:00Z,24.5,210.9,126.5,295.2,0,0,0.0,210.9,15.7
2026-01-30T03:45:00Z,8.6,277.5,166.5,350,0,0,0.0,277.5,-21.2
2026-01-30T04:00:00Z,43.8,200.5,120.3,280.7,0,0,0.0,200.5,-3.5
2026-01-30T04:15:00Z,21.1,220.1,132.0,308.1,0,0,0.0,220.1,19.8
2026-01-30T04:30:00Z,40.7,226.6,135.9,317.2,0,0,0.0,226.6,40.8
2026-01-30T04:45:00Z,27.5,219.1,131.5,306.8,0,0,0.0,219.1,32.0
2026-01-30T05:00:00Z,27.1,293.4,176.1,350,0,0,0.0,293.4,-12.5
2026-01-30T05:15:00Z,26.0,257.9,154.7,350,0,0,0.0,257.9,11.9
2026-01-30T05:30:00Z,33.8,258.5,155.1,350,0,0,0.0,258.5,7.3
2026-01-30T05:45:00Z,35.1,218.6,131.2,306.1,0,0,0.0,218.6,21.2
2026-01-30T06:00:00Z,2.3,243.9,146.3,341.4,0.0,0,0.0,243.9,-21.7
2026-01-30T06:15:00Z,11.9,270.1,162.1,350,0.0,0,0.0,270.1,12.5
2026-01-30T06:30:00Z,24.2,248.3,149.0,347.7,0.0,0,0.0,248.3,20.6
2026-01-30T06:45:00Z,40.1,240.9,144.5,337.2,0.0,0,0.0,240.9,-2.3
2026-01-30T07:00:00Z,40.1,222.1,133.3,310.9,11.5,5.7,14.9,233.6,-26.9
2026-01-30T07:15:00Z,43.4,221.2,132.7,309.7,11.4,5.7,14.9,232.7,33.0
2026-01-30T07:30:00Z,9.5,214.6,128.7,300.4,10.2,5.1,13.2,224.7,-1.1
2026-01-30T07:45:00Z,1.8,246.2,147.7,344.6,9.1,4.5,11.8,255.2,-12.9
2026-01-30T08:00:00Z,41.8,211.3,126.8,295.8,26.6,13.3,34.6,237.9,-12.8
2026-01-30T08:15:00Z,7.1,187.3,112.4,262.2,26.1,13.1,34.0,213.4,-9.6
2026-01-30T08:30:00Z,33.1,209.4,125.7,293.2,26.2,13.1,34.0,235.6,-26.7
2026-01-30T08:45:00Z,10.7,234.3,140.6,328.0,32.3,16.1,41.9,266.6,-6.9
2026-01-30T09:00:00Z,38.5,234.1,140.5,327.8,58.4,29.2,75.9,292.5,-12.9
2026-01-30T09:15:00Z,13.0,242.8,145.7,339.9,58.5,29.3,76.1,301.3,7.6
2026-01-30T09:30:00Z,27.8,242.2,145.3,339.1,48.9,24.5,63.6,291.1,20.5
2026-01-30T09:45:00Z,19.4,251.1,150.7,350,54.5,27.3,70.9,305.6,11.0
2026-01-30T10:00:00Z,33.4,221.3,132.8,309.8,73.1,36.6,95.1,294.4,-18.1
2026-01-30T10:15:00Z,2.5,209.2,125.5,292.9,78.5,39.2,102.0,287.7,2.9
2026-01-30T10:30:00Z,23.4,193.6,116.1,271.0,68.2,34.1,88.7,261.8,15.9
2026-01-30T10:45:00Z,47.4,243.8,146.3,341.3,77.8,38.9,101.2,321.6,-32.0
2026-01-30T11:00:00Z,38.4,179.5,107.7,251.2,81.8,40.9,106.4,261.3,23.9
2026-01-30T11:15:00Z,15.8,240.3,144.2,336.4,94.7,47.3,120,335.0,11.9
2026-01-30T11:30:00Z,29.5,227.0,136.2,317.7,86.2,43.1,112.1,313.2,20.3
2026-01-30T11:45:00Z,12.5,240.6,144.4,336.8,98.3,49.1,120,338.9,-2.3
2026-01-30T12:00:00Z,7.3,215.4,129.2,301.5,83.1,41.5,108.0,298.4,-32.4
2026-01-30T12:15:00Z,16.3,232.9,139.7,326.0,87.5,43.7,113.7,320.3,-10.7
2026-01-30T12:30:00Z,30.3,225.4,135.2,315.5,91.7,45.9,119.2,317.1,21.2
2026-01-30T12:45:00Z,45.1,251.0,150.6,350,94.7,47.4,120,345.7,1.4
2026-01-30T13:00:00Z,35.4,233.5,140.1,326.9,106.6,53.3,120,340.1,3.5
2026-01-30T13:15:00Z,2.7,177.9,106.7,249.0,110.8,55.4,120,288.7,-10.7
2026-01-30T13:30:00Z,41.1,187.1,112.3,262.0,108.5,54.2,120,295.6,-12.6
2026-01-30T13:45:00Z,27.9,184.4,110.6,258.1,105.8,52.9,120,290.2,-6.4
2026-01-30T14:00:00Z,27.4,153.2,91.9,214.4,82.3,41.1,106.9,235.4,0.7
2026-01-30T14:15:00Z,10.0,190.2,114.1,266.3,93.2,46.6,120,283.4,3.7
2026-01-30T14:30:00Z,45.0,189.3,113.6,265.0,86.3,43.2,112.3,275.7,1.7
2026-01-30T14:45:00Z,24.5,229.8,137.9,321.7,92.3,46.2,120,322.2,0.5
2026-01-30T15:00:00Z,18.1,218.0,130.8,305.2,96.6,48.3,120,314.6,-15.8
2026-01-30T15:15:00Z,29.2,198.6,119.2,278.1,84.3,42.1,109.5,282.9,-27.4
2026-01-30T15:30:00Z,27.3,170.0,102.0,237.9,100.9,50.5,120,270.9,31.1
2026-01-30T15:45:00Z,32.0,169.3,101.6,237.0,75.4,37.7,98.0,244.7,-30.4
2026-01-30T16:00:00Z,9.2,236.9,142.2,331.7,59.0,29.5,76.7,295.9,18.1
2026-01-30T16:15:00Z,37.8,202.9,121.8,284.1,69.0,34.5,89.7,272.0,7.2
2026-01-30T16:30:00Z,36.2,224.6,134.8,314.5,59.3,29.7,77.1,283.9,-1.5
2026-01-30T16:45:00Z,8.0,183.0,109.8,256.1,63.9,31.9,83.1,246.8,5.7
2026-01-30T17:00:00Z,27.0,186.4,111.8,260.9,50.1,25.1,65.2,236.5,16.4
2026-01-30T17:15:00Z,31.5,205.7,123.4,288.0,49.3,24.7,64.1,255.0,-6.9
2026-01-30T17:30:00Z,4.8,176.1,105.7,246.6,48.8,24.4,63.4,224.9,-9.2
2026-01-30T17:45:00Z,10.6,211.9,127.1,296.6,47.0,23.5,61.1,258.9,11.0
2026-01-30T18:00:00Z,36.2,209.2,125.5,292.9,30.3,15.1,39.4,239.5,2.8
2026-01-30T18:15:00Z,32.5,234.6,140.8,328.4,25.1,12.5,32.6,259.7,26.2
2026-01-30T18:30:00Z,5.7,213.5,128.1,298.9,31.0,15.5,40.4,244.5,-6.7
2026-01-30T18:45:00Z,29.6,244.1,146.5,341.7,31.4,15.7,40.8,275.5,7.2
2026-01-30T19:00:00Z,8.4,153.2,91.9,214.5,10.8,5.4,14.0,164.0,-34.5
2026-01-30T19:15:00Z,14.6,184.2,110.5,257.9,10.6,5.3,13.8,194.8,32.9
2026-01-30T19:30:00Z,21.6,188.3,113.0,263.7,9.0,4.5,11.7,197.3,1.8
2026-01-30T19:45:00Z,38.3,207.0,124.2,289.8,12.6,6.3,16.4,219.6,5.5
2026-01-30T20:00:00Z,31.0,224.2,134.5,313.9,0.0,0.0,0.0,224.2,10.0
2026-01-30T20:15:00Z,42.3,226.5,135.9,317.1,0.0,0.0,0.0,226.5,-9.6
2026-01-30T20:30:00Z,7.5,166.1,99.7,232.6,0.0,0.0,0.0,166.1,-31.7
2026-01-30T20:45:00Z,17.2,201.4,120.9,282.0,0.0,0.0,0.0,201.4,-0.0
2026-01-30T21:00:00Z,7.8,201.8,121.1,282.5,0,0,0.0,201.8,11.7
2026-01-30T21:15:00Z,47.2,193.8,116.3,271.4,0,0,0.0,193.8,-7.2
2026-01-30T21:30:00Z,39.1,205.7,123.4,288.0,0,0,0.0,205.7,14.8
2026-01-30T21:45:00Z,20.9,186.8,112.1,261.5,0,0,0.0,186.8,2.3
2026-01-30T22:00:00Z,12.9,197.8,118.7,276.9,0,0,0.0,197.8,-0.0
2026-01-30T22:15:00Z,22.0,205.8,123.5,288.1,0,0,0.0,205.8,-21.9
2026-01-30T22:30:00Z,11.7,207.0,124.2,289.8,0,0,0.0,207.0,2.9
2026-01-30T22:45:00Z,26.3,225.3,135.2,315.5,0,0,0.0,225.3,-25.3
2026-01-30T23:00:00Z,42.8,203.3,122.0,284.6,0,0,0.0,203.3,-21.9
2026-01-30T23:15:00Z,3.6,228.3,137.0,319.7,0,0,0.0,228.3,13.9
2026-01-30T23:30:00Z,41.9,224.0,134.4,313.6,0,0,0.0,224.0,1.8
2026-01-30T23:45:00Z,1.7,228.5,137.1,319.9,0,0,0.0,228.5,15.4
2026-01-31T00:00:00Z,31.6,221.2,132.7,309.7,0,0,0.0,221.2,13.8
2026-01-31T00:15:00Z,35.5,227.1,136.3,318.0,0,0,0.0,227.1,4.7
2026-01-31T00:30:00Z,5.4,196.4,117.8,275.0,0,0,0.0,196.4,-26.2
2026-01-31T00:45:00Z,2.3,245.2,147.1,343.3,0,0,0.0,245.2,-18.5
2026-01-31T01:00:00Z,21.6,240.6,144.3,336.8,0,0,0.0,240.6,-3.9
2026-01-31T01:15:00Z,1.1,230.7,138.4,323.0,0,0,0.0,230.7,10.8
2026-01-31T01:30:00Z,5.2,225.7,135.4,316.0,0,0,0.0,225.7,1.5
2026-01-31T01:45:00Z,37.6,279.6,167.8,350,0,0,0.0,279.6,-1.3
2026-01-31T02:00:00Z,36.4,248.7,149.2,348.1,0,0,0.0,248.7,21.5
2026-01-31T02:15:00Z,6.0,226.2,135.7,316.7,0,0,0.0,226.2,-6.9
2026-01-31T02:30:00Z,9.9,241.8,145.1,338.5,0,0,0.0,241.8,-9.4
2026-01-31T02:45:00Z,1.4,224.1,134.5,313.8,0,0,0.0,224.1,23.5
2026-01-31T03:00:00Z,21.3,276.6,166.0,350,0,0,0.0,276.6,15.9
2026-01-31T03:15:00Z,2.5,264.0,158.4,350,0,0,0.0,264.0,3.6
2026-01-31T03:30:00Z,37.6,243.6,146.2,341.1,0,0,0.0,243.6,-4.1
2026-01-31T03:45:00Z,4.3,251.2,150.7,350,0,0,0.0,251.2,-6.1
2026-01-31T04:00:00Z,6.5,258.2,154.9,350,0,0,0.0,258.2,21.7
2026-01-31T04:15:00Z,36.8,232.5,139.5,325.4,0,0,0.0,232.5,-21.6
2026-01-31T04:30:00Z,38.2,286.2,171.7,350,0,0,0.0,286.2,12.0
2026-01-31T04:45:00Z,47.4,287.2,172.3,350,0,0,0.0,287.2,-10.0
2026-01-31T05:00:00Z,13.7,241.7,145.0,338.4,0,0,0.0,241.7,24.2
2026-01-31T05:15:00Z,39.0,196.5,117.9,275.1,0,0,0.0,196.5,-29.3
2026-01-31T05:30:00Z,16.3,276.8,166.1,350,0,0,0.0,276.8,7.3
2026-01-31T05:45:00Z,32.4,296.8,178.1,350,0,0,0.0,296.8,13.4
2026-01-31T06:00:00Z,4.9,247.5,148.5,346.4,0.0,0,0.0,247.5,7.7
2026-01-31T06:15:00Z,18.8,240.9,144.5,337.2,0.0,0,0.0,240.9,-12.2
2026-01-31T06:30:00Z,24.3,257.6,154.6,350,0.0,0,0.0,257.6,5.9
2026-01-31T06:45:00Z,28.1,246.1,147.6,344.5,0.0,0,0.0,246.1,7.4
2026-01-31T07:00:00Z,34.1,276.5,165.9,350,12.4,6.2,16.1,288.9,7.8
2026-01-31T07:15:00Z,9.5,273.5,164.1,350,11.3,5.6,14.6,284.8,7.5
2026-01-31T07:30:00Z,44.0,255.9,153.6,350,9.4,4.7,12.2,265.3,-5.0
2026-01-31T07:45:00Z,36.0,298.2,178.9,350,12.0,6.0,15.6,310.2,-0.3
2026-01-31T08:00:00Z,27.0,213.8,128.3,299.3,25.8,12.9,33.6,239.7,-17.2
2026-01-31T08:15:00Z,16.6,253.4,152.1,350,25.9,13.0,33.7,279.4,14.4
2026-01-31T08:30:00Z,17.0,260.4,156.2,350,30.0,15.0,39.0,290.4,-11.8
2026-01-31T08:45:00Z,8.6,279.5,167.7,350,27.6,13.8,35.8,307.0,6.4
2026-01-31T09:00:00Z,16.9,223.4,134.1,312.8,49.5,24.7,64.3,272.9,-2.5
2026-01-31T09:15:00Z,46.1,247.0,148.2,345.8,49.3,24.6,64.1,296.3,-24.1
2026-01-31T09:30:00Z,47.6,187.4,112.4,262.4,46.6,23.3,60.6,234.0,2.7
2026-01-31T09:45:00Z,16.3,243.5,146.1,340.9,53.5,26.8,69.6,297.0,-1.5
2026-01-31T10:00:00Z,23.9,327.2,196.3,350,70.7,35.4,91.9,397.9,-29.7
2026-01-31T10:15:00Z,2.6,232.3,139.4,325.3,70.6,35.3,91.8,302.9,1.8
2026-01-31T10:30:00Z,2.0,271.3,162.8,350,69.0,34.5,89.8,340.4,5.4
2026-01-31T10:45:00Z,40.3,262.7,157.6,350,63.0,31.5,81.9,325.7,-11.1
2026-01-31T11:00:00Z,34.7,251.5,150.9,350,101.3,50.7,120,352.8,-35.2
2026-01-31T11:15:00Z,36.4,248.0,148.8,347.2,73.8,36.9,96.0,321.8,-2.9
2026-01-31T11:30:00Z,40.0,250.3,150.2,350,95.6,47.8,120,345.9,-9.8
2026-01-31T11:45:00Z,15.1,214.6,128.8,300.5,91.2,45.6,118.5,305.8,-35.2
2026-01-31T12:00:00Z,46.7,220.1,132.0,308.1,113.7,56.9,120,333.8,6.2
2026-01-31T12:15:00Z,26.7,194.0,116.4,271.6,109.3,54.6,120,303.3,8.0
2026-01-31T12:30:00Z,43.8,234.9,141.0,328.9,96.8,48.4,120,331.7,-6.0
2026-01-31T12:45:00Z,34.3,208.4,125.1,291.8,111.8,55.9,120,320.2,24.3
2026-01-31T13:00:00Z,29.6,206.4,123.9,289.0,102.8,51.4,120,309.3,-23.8
2026-01-31T13:15:00Z,5.3,256.6,154.0,350,98.3,49.2,120,354.9,5.8
2026-01-31T13:30:00Z,33.5,245.3,147.2,343.5,114.4,57.2,120,359.8,-12.0
2026-01-31T13:45:00Z,18.4,240.6,144.3,336.8,85.9,43.0,111.7,326.5,-12.8
2026-01-31T14:00:00Z,5.9,249.2,149.5,348.8,108.9,54.4,120,358.0,9.7
2026-01-31T14:15:00Z,3.6,164.7,98.8,230.6,112.4,56.2,120,277.1,-7.9
2026-01-31T14:30:00Z,34.6,188.3,113.0,263.6,93.1,46.5,120,281.4,-8.0
2026-01-31T14:45:00Z,21.2,243.1,145.9,340.3,91.4,45.7,118.8,334.5,2.0
2026-01-31T15:00:00Z,36.3,186.9,112.1,261.6,100.0,50.0,120,286.9,-7.3
2026-01-31T15:15:00Z,39.0,232.2,139.3,325.0,75.5,37.7,98.1,307.7,7.6
2026-01-31T15:30:00Z,24.5,191.2,114.7,267.7,80.5,40.2,104.6,271.7,13.1
2026-01-31T15:45:00Z,28.9,266.4,159.9,350,76.6,38.3,99.6,343.0,-6.5
2026-01-31T16:00:00Z,41.3,255.3,153.2,350,78.8,39.4,102.4,334.1,-15.6
2026-01-31T16:15:00Z,5.3,214.6,128.8,300.5,78.0,39.0,101.4,292.6,-5.8
2026-01-31T16:30:00Z,47.8,226.5,135.9,317.1,76.5,38.3,99.5,303.1,20.2
2026-01-31T16:45:00Z,16.7,196.5,117.9,275.2,59.2,29.6,77.0,255.8,-1.0
2026-01-31T17:00:00Z,14.1,204.5,122.7,286.2,45.0,22.5,58.6,249.5,10.8
2026-01-31T17:15:00Z,14.1,191.9,115.1,268.6,45.1,22.6,58.7,237.0,-4.0
2026-01-31T17:30:00Z,21.5,262.3,157.4,350,45.5,22.8,59.2,307.9,-14.7
2026-01-31T17:45:00Z,17.2,246.4,147.8,345.0,47.2,23.6,61.4,293.6,8.8
2026-01-31T18:00:00Z,12.5,224.2,134.5,313.9,26.6,13.3,34.5,250.8,9.0
2026-01-31T18:15:00Z,13.2,233.8,140.3,327.3,25.4,12.7,33.0,259.2,14.8
2026-01-31T18:30:00Z,33.9,237.4,142.4,332.4,28.5,14.3,37.1,265.9,1.0
2026-01-31T18:45:00Z,13.7,217.2,130.3,304.0,29.4,14.7,38.2,246.6,27.6
2026-01-31T19:00:00Z,47.3,190.5,114.3,266.6,9.4,4.7,12.2,199.8,6.7
2026-01-31T19:15:00Z,29.2,256.8,154.1,350,9.3,4.6,12.0,266.0,-9.6
2026-01-31T19:30:00Z,31.9,251.4,150.9,350,10.2,5.1,13.2,261.6,-1.3
2026-01-31T19:45:00Z,42.0,216.3,129.8,302.9,11.0,5.5,14.3,227.3,0.6
2026-01-31T20:00:00Z,33.4,223.4,134.0,312.7,0.0,0.0,0.0,223.4,-20.2
2026-01-31T20:15:00Z,5.3,224.6,134.8,314.5,0.0,0.0,0.0,224.6,-10.3
2026-01-31T20:30:00Z,45.8,215.2,129.1,301.3,0.0,0.0,0.0,215.2,9.8
2026-01-31T20:45:00Z,22.2,202.2,121.3,283.0,0.0,0.0,0.0,202.2,-3.3
2026-01-31T21:00:00Z,5.9,247.3,148.4,346.2,0,0,0.0,247.3,14.4
2026-01-31T21:15:00Z,21.0,214.6,128.7,300.4,0,0,0.0,214.6,13.4
2026-01-31T21:30:00Z,40.8,168.2,100.9,235.5,0,0,0.0,168.2,18.4
2026-01-31T21:45:00Z,35.4,234.9,141.0,328.9,0,0,0.0,234.9,8.6
2026-01-31T22:00:00Z,13.8,201.2,120.7,281.7,0,0,0.0,201.2,7.8
2026-01-31T22:15:00Z,28.6,278.8,167.3,350,0,0,0.0,278.8,4.1
2026-01-31T22:30:00Z,35.8,256.6,154.0,350,0,0,0.0,256.6,11.2
2026-01-31T22:45:00Z,19.5,249.8,149.9,349.7,0,0,0.0,249.8,-16.2
2026-01-31T23:00:00Z,32.8,197.1,118.3,275.9,0,0,0.0,197.1,4.2
2026-01-31T23:15:00Z,27.1,249.4,149.6,349.2,0,0,0.0,249.4,7.0
2026-01-31T23:30:00Z,12.5,239.3,143.6,335.1,0,0,0.0,239.3,9.4
2026-01-31T23:45:00Z,15.3,253.1,151.8,350,0,0,0.0,253.1,-11.2
2026-02-01T00:00:00Z,16.3,157.3,94.4,220.2,0,0,0.0,157.3,-26.3
2026-02-01T00:15:00Z,34.6,160.5,96.3,224.7,0,0,0.0,160.5,9.9
2026-02-01T00:30:00Z,1.5,148.3,89.0,207.7,0,0,0.0,148.3,-11.6
2026-02-01T00:45:00Z,11.9,207.7,124.6,290.8,0,0,0.0,207.7,5.6
2026-02-01T01:00:00Z,41.1,184.3,110.6,258.0,0,0,0.0,184.3,-1.8
2026-02-01T01:15:00Z,33.1,190.3,114.2,266.4,0,0,0.0,190.3,23.4
2026-02-01T01:30:00Z,36.4,154.1,92.5,215.8,0,0,0.0,154.1,3.4
2026-02-01T01:45:00Z,22.6,209.6,125.8,293.4,0,0,0.0,209.6,-15.0
2026-02-01T02:00:00Z,15.7,206.3,123.8,288.9,0,0,0.0,206.3,1.3
2026-02-01T02:15:00Z,20.2,216.8,130.1,303.6,0,0,0.0,216.8,2.0
2026-02-01T02:30:00Z,23.6,191.7,115.0,268.3,0,0,0.0,191.7,17.8
2026-02-01T02:45:00Z,27.9,201.8,121.1,282.5,0,0,0.0,201.8,8.5
2026-02-01T03:00:00Z,40.1,186.4,111.8,261.0,0,0,0.0,186.4,3.3
2026-02-01T03:15:00Z,40.5,218.9,131.4,306.5,0,0,0.0,218.9,-6.2
2026-02-01T03:30:00Z,31.0,206.5,123.9,289.1,0,0,0.0,206.5,6.3
2026-02-01T03:45:00Z,17.1,256.4,153.9,350,0,0,0.0,256.4,-1.8
2026-02-01T04:00:00Z,11.0,201.5,120.9,282.1,0,0,0.0,201.5,-3.3
2026-02-01T04:15:00Z,37.1,190.7,114.4,266.9,0,0,0.0,190.7,21.8
2026-02-01T04:30:00Z,8.9,225.8,135.5,316.1,0,0,0.0,225.8,-18.8
2026-02-01T04:45:00Z,23.0,233.4,140.0,326.7,0,0,0.0,233.4,20.1
2026-02-01T05:00:00Z,11.1,191.7,115.0,268.4,0,0,0.0,191.7,-21.4
2026-02-01T05:15:00Z,25.5,241.5,144.9,338.1,0,0,0.0,241.5,-15.6
2026-02-01T05:30:00Z,24.3,226.8,136.1,317.5,0,0,0.0,226.8,-8.0
2026-02-01T05:45:00Z,47.3,218.8,131.3,306.4,0,0,0.0,218.8,2.9
2026-02-01T06:00:00Z,11.6,226.0,135.6,316.4,0.0,0,0.0,226.0,1.7
2026-02-01T06:15:00Z,25.4,233.1,139.9,326.4,0.0,0,0.0,233.1,-11.8
2026-02-01T06:30:00Z,36.8,251.2,150.7,350,0.0,0,0.0,251.2,12.3
2026-02-01T06:45:00Z,22.2,218.7,131.2,306.2,0.0,0,0.0,218.7,14.1
2026-02-01T07:00:00Z,10.0,210.5,126.3,294.6,9.5,4.7,12.3,219.9,-3.8
2026-02-01T07:15:00Z,16.5,190.9,114.6,267.3,10.0,5.0,13.0,200.9,13.7
2026-02-01T07:30:00Z,19.8,241.3,144.8,337.8,11.3,5.6,14.7,252.6,6.0
2026-02-01T07:45:00Z,29.5,205.0,123.0,287.0,9.4,4.7,12.2,214.4,-8.7
2026-02-01T08:00:00Z,6.7,178.7,107.2,250.2,30.1,15.0,39.1,208.7,11.0
2026-02-01T08:15:00Z,30.5,228.4,137.0,319.8,30.5,15.2,39.6,258.9,12.2
2026-02-01T08:30:00Z,6.9,194.8,116.9,272.8,26.0,13.0,33.8,220.8,-8.1
2026-02-01T08:45:00Z,28.4,200.8,120.5,281.1,26.2,13.1,34.1,227.0,14.9
2026-02-01T09:00:00Z,19.7,168.0,100.8,235.2,41.6,20.8,54.1,209.7,5.9
2026-02-01T09:15:00Z,13.5,200.6,120.4,280.9,45.6,22.8,59.3,246.3,24.4
2026-02-01T09:30:00Z,22.2,245.4,147.2,343.5,41.9,20.9,54.5,287.3,-13.0
2026-02-01T09:45:00Z,1.8,200.7,120.4,280.9,45.0,22.5,58.5,245.6,2.8
2026-02-01T10:00:00Z,24.5,175.6,105.3,245.8,73.7,36.9,95.8,249.3,2.7
2026-02-01T10:15:00Z,29.5,208.6,125.1,292.0,82.4,41.2,107.1,291.0,-8.1
2026-02-01T10:30:00Z,37.6,201.9,121.1,282.7,68.6,34.3,89.2,270.5,-20.0
2026-02-01T10:45:00Z,37.8,233.2,139.9,326.4,58.5,29.3,76.1,291.7,1.8
2026-02-01T11:00:00Z,32.4,175.3,105.2,245.4,88.8,44.4,115.4,264.0,-9.1
2026-02-01T11:15:00Z,40.8,201.9,121.1,282.6,100.0,50.0,120,301.9,-11.7
2026-02-01T11:30:00Z,10.4,174.9,105.0,244.9,81.0,40.5,105.2,255.9,-4.5
2026-02-01T11:45:00Z,0.4,179.3,107.6,251.1,99.8,49.9,120,279.1,-5.0
2026-02-01T12:00:00Z,38.1,182.6,109.6,255.7,87.3,43.7,113.5,269.9,-5.6
2026-02-01T12:15:00Z,43.0,176.8,106.1,247.6,97.0,48.5,120,273.8,8.8
2026-02-01T12:30:00Z,4.3,117.2,70.3,164.1,93.1,46.5,120,210.3,9.6
2026-02-01T12:45:00Z,3.5,176.7,106.0,247.4,86.7,43.3,112.7,263.4,-3.5
2026-02-01T13:00:00Z,2.4,153.5,92.1,214.9,89.0,44.5,115.7,242.5,-12.1
2026-02-01T13:15:00Z,4.9,172.3,103.4,241.3,92.0,46.0,119.6,264.4,-32.3
2026-02-01T13:30:00Z,10.3,201.9,121.2,282.7,92.1,46.0,119.7,294.0,8.8
2026-02-01T13:45:00Z,11.4,173.1,103.9,242.3,109.8,54.9,120,282.9,-2.7
2026-02-01T14:00:00Z,16.8,153.5,92.1,214.9,115.1,57.5,120,268.5,0.7
2026-02-01T14:15:00Z,11.8,154.2,92.5,215.9,92.7,46.3,120,246.9,4.9
2026-02-01T14:30:00Z,3.1,180.8,108.5,253.1,100.4,50.2,120,281.2,5.0
2026-02-01T14:45:00Z,22.4,175.9,105.6,246.3,86.9,43.4,113.0,262.8,16.8
2026-02-01T15:00:00Z,18.4,172.5,103.5,241.5,80.0,40.0,104.0,252.5,18.1
2026-02-01T15:15:00Z,26.1,163.4,98.0,228.7,80.3,40.2,104.4,243.7,4.6
2026-02-01T15:30:00Z,21.6,105.7,63.4,147.9,83.6,41.8,108.6,189.2,-8.8
2026-02-01T15:45:00Z,13.9,196.0,117.6,274.4,77.4,38.7,100.6,273.4,0.1
2026-02-01T16:00:00Z,27.4,146.8,88.1,205.5,59.7,29.8,77.6,206.5,5.3
2026-02-01T16:15:00Z,34.9,159.6,95.8,223.5,65.1,32.5,84.6,224.7,9.6
2026-02-01T16:30:00Z,41.4,161.3,96.8,225.8,71.3,35.6,92.7,232.6,11.1
2026-02-01T16:45:00Z,30.7,171.3,102.8,239.8,67.2,33.6,87.3,238.4,-27.2
2026-02-01T17:00:00Z,3.2,220.8,132.5,309.1,58.3,29.1,75.8,279.1,-11.7
2026-02-01T17:15:00Z,2.4,149.8,89.9,209.7,42.7,21.3,55.5,192.5,-26.3
2026-02-01T17:30:00Z,13.3,167.5,100.5,234.6,44.5,22.2,57.8,212.0,9.8
2026-02-01T17:45:00Z,1.7,150.5,90.3,210.8,53.6,26.8,69.6,204.1,-21.4
2026-02-01T18:00:00Z,44.0,179.9,107.9,251.8,30.8,15.4,40.0,210.7,10.7
2026-02-01T18:15:00Z,42.9,154.2,92.5,215.9,31.6,15.8,41.1,185.8,-27.2
2026-02-01T18:30:00Z,47.0,146.7,88.0,205.4,31.0,15.5,40.3,177.7,25.8
2026-02-01T18:45:00Z,5.8,194.3,116.6,272.0,31.8,15.9,41.3,226.1,36.8
2026-02-01T19:00:00Z,9.4,198.9,119.4,278.5,9.0,4.5,11.6,207.9,-13.2
2026-02-01T19:15:00Z,29.4,162.4,97.4,227.3,9.9,5.0,12.9,172.3,3.5
2026-02-01T19:30:00Z,29.3,137.5,82.5,192.5,11.2,5.6,14.6,148.7,19.9
2026-02-01T19:45:00Z,22.1,133.7,80.2,187.1,11.3,5.6,14.6,144.9,-9.2
2026-02-01T20:00:00Z,12.9,146.9,88.1,205.7,0.0,0.0,0.0,146.9,-27.2
2026-02-01T20:15:00Z,3.3,154.0,92.4,215.7,0.0,0.0,0.0,154.0,6.0
2026-02-01T20:30:00Z,39.3,208.0,124.8,291.3,0.0,0.0,0.0,208.0,9.9
2026-02-01T20:45:00Z,45.6,199.4,119.7,279.2,0.0,0.0,0.0,199.4,-3.3
2026-02-01T21:00:00Z,22.5,158.5,95.1,221.9,0,0,0.0,158.5,31.3
2026-02-01T21:15:00Z,17.9,172.7,103.6,241.8,0,0,0.0,172.7,23.9
2026-02-01T21:30:00Z,44.5,193.9,116.3,271.4,0,0,0.0,193.9,2.1
2026-02-01T21:45:00Z,2.0,180.3,108.2,252.4,0,0,0.0,180.3,-16.2
2026-02-01T22:00:00Z,23.9,163.4,98.0,228.7,0,0,0.0,163.4,-18.2
2026-02-01T22:15:00Z,8.5,188.5,113.1,263.9,0,0,0.0,188.5,23.7
2026-02-01T22:30:00Z,10.9,161.5,96.9,226.1,0,0,0.0,161.5,15.0
2026-02-01T22:45:00Z,32.2,137.5,82.5,192.5,0,0,0.0,137.5,-5.0
2026-02-01T23:00:00Z,17.1,214.3,128.6,300.0,0,0,0.0,214.3,16.5
2026-02-01T23:15:00Z,2.7,133.4,80.1,186.8,0,0,0.0,133.4,-0.8
2026-02-01T23:30:00Z,21.4,151.5,90.9,212.1,0,0,0.0,151.5,-8.5
2026-02-01T23:45:00Z,28.3,197.8,118.7,277.0,0,0,0.0,197.8,5.0
2026-02-02T00:00:00Z,30.7,230.4,138.3,322.6,0,0,0.0,230.4,-9.1
2026-02-02T00:15:00Z,21.8,215.7,129.4,301.9,0,0,0.0,215.7,2.2
2026-02-02T00:30:00Z,39.6,227.4,136.5,318.4,0,0,0.0,227.4,11.5
2026-02-02T00:45:00Z,34.8,229.0,137.4,320.6,0,0,0.0,229.0,9.6
2026-02-02T01:00:00Z,18.8,251.8,151.1,350,0,0,0.0,251.8,10.4
2026-02-02T01:15:00Z,47.2,205.3,123.2,287.4,0,0,0.0,205.3,-21.3
2026-02-02T01:30:00Z,17.7,247.7,148.6,346.8,0,0,0.0,247.7,0.7
2026-02-02T01:45:00Z,38.0,228.5,137.1,319.9,0,0,0.0,228.5,6.3
2026-02-02T02:00:00Z,3.9,246.2,147.7,344.7,0,0,0.0,246.2,-5.4
2026-02-02T02:15:00Z,26.1,226.8,136.1,317.5,0,0,0.0,226.8,-17.9
2026-02-02T02:30:00Z,6.7,248.8,149.3,348.3,0,0,0.0,248.8,19.0
2026-02-02T02:45:00Z,34.4,256.1,153.6,350,0,0,0.0,256.1,5.8
2026-02-02T03:00:00Z,13.2,250.4,150.2,350,0,0,0.0,250.4,13.7
2026-02-02T03:15:00Z,16.6,220.8,132.5,309.1,0,0,0.0,220.8,8.2
2026-02-02T03:30:00Z,41.4,275.6,165.4,350,0,0,0.0,275.6,-11.2
2026-02-02T03:45:00Z,19.0,234.2,140.5,327.9,0,0,0.0,234.2,7.9
2026-02-02T04:00:00Z,26.4,250.9,150.6,350,0,0,0.0,250.9,-24.6
2026-02-02T04:15:00Z,45.2,261.0,156.6,350,0,0,0.0,261.0,12.7
2026-02-02T04:30:00Z,37.3,249.5,149.7,349.3,0,0,0.0,249.5,26.0
2026-02-02T04:45:00Z,44.1,253.6,152.2,350,0,0,0.0,253.6,-4.3
2026-02-02T05:00:00Z,3.5,291.5,174.9,350,0,0,0.0,291.5,-22.1
2026-02-02T05:15:00Z,19.6,271.6,163.0,350,0,0,0.0,271.6,-7.4
2026-02-02T05:30:00Z,37.6,255.9,153.5,350,0,0,0.0,255.9,-23.8
2026-02-02T05:45:00Z,8.0,259.8,155.9,350,0,0,0.0,259.8,7.7
2026-02-02T06:00:00Z,40.2,260.4,156.3,350,0.0,0,0.0,260.4,24.9
2026-02-02T06:15:00Z,18.1,304.0,182.4,350,0.0,0,0.0,304.0,-15.8
2026-02-02T06:30:00Z,5.2,265.4,159.2,350,0.0,0,0.0,265.4,-7.6
2026-02-02T06:45:00Z,45.0,236.0,141.6,330.4,0.0,0,0.0,236.0,-12.1
2026-02-02T07:00:00Z,47.1,247.2,148.3,346.1,10.7,5.3,13.8,257.9,-39.8
2026-02-02T07:15:00Z,28.6,243.2,145.9,340.5,9.7,4.9,12.6,252.9,-21.2
2026-02-02T07:30:00Z,14.7,251.9,151.2,350,9.8,4.9,12.7,261.7,-1.1
2026-02-02T07:45:00Z,9.6,213.9,128.3,299.4,11.1,5.5,14.4,224.9,15.1
2026-02-02T08:00:00Z,37.8,221.1,132.7,309.5,25.5,12.8,33.2,246.6,-15.3
2026-02-02T08:15:00Z,16.0,249.2,149.5,348.9,31.5,15.7,40.9,280.7,-11.6
2026-02-02T08:30:00Z,6.0,255.6,153.3,350,28.0,14.0,36.4,283.5,-21.9
2026-02-02T08:45:00Z,10.8,299.7,179.8,350,26.3,13.1,34.1,326.0,-12.9
2026-02-02T09:00:00Z,36.7,255.6,153.4,350,43.3,21.6,56.2,298.9,-3.6
2026-02-02T09:15:00Z,46.6,252.8,151.7,350,55.1,27.5,71.6,307.9,14.7
2026-02-02T09:30:00Z,3.1,243.8,146.3,341.3,48.1,24.0,62.5,291.9,-11.3
2026-02-02T09:45:00Z,9.7,203.7,122.2,285.2,46.5,23.3,60.5,250.3,-7.8
2026-02-02T10:00:00Z,40.0,259.7,155.8,350,70.4,35.2,91.5,330.1,-15.7
2026-02-02T10:15:00Z,31.8,223.7,134.2,313.1,61.2,30.6,79.6,284.9,-4.0
2026-02-02T10:30:00Z,41.8,262.1,157.3,350,70.3,35.2,91.4,332.4,6.2
2026-02-02T10:45:00Z,6.2,213.5,128.1,298.8,62.7,31.3,81.5,276.1,-18.9
2026-02-02T11:00:00Z,20.6,255.5,153.3,350,74.0,37.0,96.2,329.5,18.7
2026-02-02T11:15:00Z,26.5,222.7,133.6,311.8,98.6,49.3,120,321.3,2.6
2026-02-02T11:30:00Z,45.5,263.9,158.3,350,78.3,39.1,101.7,342.1,8.1
2026-02-02T11:45:00Z,23.2,280.3,168.2,350,102.5,51.3,120,382.9,1.6
2026-02-02T12:00:00Z,3.4,211.5,126.9,296.1,82.7,41.4,107.6,294.2,-12.7
2026-02-02T12:15:00Z,10.1,228.2,136.9,319.5,112.6,56.3,120,340.8,10.7
2026-02-02T12:30:00Z,16.5,223.6,134.2,313.0,94.7,47.3,120,318.3,-5.2
2026-02-02T12:45:00Z,30.4,224.1,134.4,313.7,89.9,45.0,116.9,314.0,14.7
2026-02-02T13:00:00Z,7.8,194.1,116.5,271.8,110.5,55.3,120,304.6,5.1
2026-02-02T13:15:00Z,2.9,251.1,150.7,350,86.9,43.5,113.0,338.0,-3.3
2026-02-02T13:30:00Z,47.1,223.0,133.8,312.2,112.6,56.3,120,335.6,8.1
2026-02-02T13:45:00Z,33.5,252.2,151.3,350,99.3,49.7,120,351.5,29.7
2026-02-02T14:00:00Z,36.2,254.9,152.9,350,94.2,47.1,120,349.0,12.8
2026-02-02T14:15:00Z,10.3,276.3,165.8,350,88.8,44.4,115.4,365.0,42.7
2026-02-02T14:30:00Z,30.9,189.0,113.4,264.6,96.2,48.1,120,285.1,2.6
2026-02-02T14:45:00Z,17.8,222.6,133.6,311.7,83.4,41.7,108.5,306.1,-1.6
2026-02-02T15:00:00Z,18.4,240.6,144.4,336.9,85.2,42.6,110.7,325.8,7.5
2026-02-02T15:15:00Z,16.5,187.4,112.4,262.4,88.3,44.1,114.8,275.7,-2.0
2026-02-02T15:30:00Z,38.0,247.5,148.5,346.4,91.4,45.7,118.9,338.9,-8.5
2026-02-02T15:45:00Z,22.7,223.0,133.8,312.2,78.0,39.0,101.5,301.0,-13.8
2026-02-02T16:00:00Z,23.9,237.4,142.4,332.3,77.7,38.9,101.0,315.1,-21.0
2026-02-02T16:15:00Z,35.6,208.3,125.0,291.6,61.4,30.7,79.8,269.6,12.9
2026-02-02T16:30:00Z,15.1,199.9,120.0,279.9,76.5,38.3,99.5,276.4,5.3
2026-02-02T16:45:00Z,1.1,228.7,137.2,320.2,71.5,35.8,93.0,300.2,-5.0
2026-02-02T17:00:00Z,26.9,210.2,126.1,294.3,43.6,21.8,56.7,253.8,-29.7
2026-02-02T17:15:00Z,37.8,192.0,115.2,268.8,41.4,20.7,53.8,233.4,-3.8
2026-02-02T17:30:00Z,13.6,215.0,129.0,301.0,43.8,21.9,56.9,258.8,-9.3
2026-02-02T17:45:00Z,24.4,234.8,140.9,328.7,58.1,29.1,75.6,292.9,9.2
2026-02-02T18:00:00Z,19.1,222.6,133.6,311.7,32.5,16.3,42.3,255.1,-6.0
2026-02-02T18:15:00Z,28.0,246.0,147.6,344.4,24.8,12.4,32.2,270.8,8.7
2026-02-02T18:30:00Z,18.9,272.8,163.7,350,30.4,15.2,39.5,303.2,2.3
2026-02-02T18:45:00Z,35.7,248.2,148.9,347.5,27.5,13.8,35.8,275.8,6.4
2026-02-02T19:00:00Z,41.9,229.4,137.6,321.2,12.5,6.3,16.3,241.9,15.9
2026-02-02T19:15:00Z,6.5,256.8,154.1,350,11.1,5.6,14.4,267.9,19.3
2026-02-02T19:30:00Z,7.4,250.2,150.1,350,10.3,5.1,13.3,260.5,2.9
2026-02-02T19:45:00Z,38.5,188.3,113.0,263.6,10.8,5.4,14.1,199.1,3.1
2026-02-02T20:00:00Z,1.8,226.3,135.8,316.8,0.0,0.0,0.0,226.3,-22.2
2026-02-02T20:15:00Z,35.2,200.7,120.4,281.0,0.0,0.0,0.0,200.7,-10.3
2026-02-02T20:30:00Z,23.9,184.9,110.9,258.8,0.0,0.0,0.0,184.9,-6.4
2026-02-02T20:45:00Z,16.9,214.4,128.6,300.1,0.0,0.0,0.0,214.4,8.4
2026-02-02T21:00:00Z,27.1,207.2,124.3,290.1,0,0,0.0,207.2,-11.4
2026-02-02T21:15:00Z,18.4,233.9,140.3,327.5,0,0,0.0,233.9,12.7
2026-02-02T21:30:00Z,25.4,249.0,149.4,348.6,0,0,0.0,249.0,14.1
2026-02-02T21:45:00Z,3.1,269.9,161.9,350,0,0,0.0,269.9,17.2
2026-02-02T22:00:00Z,47.6,244.3,146.6,342.0,0,0,0.0,244.3,19.4
2026-02-02T22:15:00Z,43.5,258.0,154.8,350,0,0,0.0,258.0,11.7
2026-02-02T22:30:00Z,12.0,185.3,111.2,259.4,0,0,0.0,185.3,-19.6
2026-02-02T22:45:00Z,41.8,261.9,157.1,350,0,0,0.0,261.9,-15.7
2026-02-02T23:00:00Z,25.1,232.4,139.4,325.3,0,0,0.0,232.4,-5.2
2026-02-02T23:15:00Z,4.7,233.1,139.9,326.4,0,0,0.0,233.1,10.0
2026-02-02T23:30:00Z,39.1,233.5,140.1,327.0,0,0,0.0,233.5,20.8
2026-02-02T23:45:00Z,26.2,242.8,145.7,339.9,0,0,0.0,242.8,13.1
2026-02-03T00:00:00Z,37.9,235.1,141.1,329.1,0,0,0.0,235.1,-22.2
2026-02-03T00:15:00Z,45.8,210.2,126.1,294.2,0,0,0.0,210.2,5.6
2026-02-03T00:30:00Z,25.6,187.5,112.5,262.5,0,0,0.0,187.5,-0.5
2026-02-03T00:45:00Z,42.9,233.7,140.2,327.2,0,0,0.0,233.7,-30.8
2026-02-03T01:00:00Z,36.8,231.1,138.7,323.6,0,0,0.0,231.1,6.3
2026-02-03T01:15:00Z,46.3,218.7,131.2,306.1,0,0,0.0,218.7,-21.6
2026-02-03T01:30:00Z,47.2,220.3,132.2,308.5,0,0,0.0,220.3,17.7
2026-02-03T01:45:00Z,47.6,218.4,131.0,305.7,0,0,0.0,218.4,21.9
2026-02-03T02:00:00Z,39.8,204.4,122.6,286.1,0,0,0.0,204.4,4.2
2026-02-03T02:15:00Z,28.0,230.3,138.2,322.5,0,0,0.0,230.3,-12.2
2026-02-03T02:30:00Z,31.1,234.4,140.7,328.2,0,0,0.0,234.4,4.2
2026-02-03T02:45:00Z,19.0,208.8,125.3,292.3,0,0,0.0,208.8,-14.4
2026-02-03T03:00:00Z,23.8,194.1,116.5,271.8,0,0,0.0,194.1,8.1
2026-02-03T03:15:00Z,1.3,235.7,141.4,329.9,0,0,0.0,235.7,2.8
2026-02-03T03:30:00Z,15.8,213.9,128.3,299.4,0,0,0.0,213.9,30.5
2026-02-03T03:45:00Z,2.9,238.0,142.8,333.3,0,0,0.0,238.0,-2.2
2026-02-03T04:00:00Z,1.1,225.5,135.3,315.7,0,0,0.0,225.5,12.0
2026-02-03T04:15:00Z,13.4,186.7,112.0,261.3,0,0,0.0,186.7,3.2
2026-02-03T04:30:00Z,37.6,183.7,110.2,257.2,0,0,0.0,183.7,2.1
2026-02-03T04:45:00Z,20.8,251.4,150.8,350,0,0,0.0,251.4,-3.7
2026-02-03T05:00:00Z,17.7,230.9,138.5,323.3,0,0,0.0,230.9,-12.8
2026-02-03T05:15:00Z,28.3,232.7,139.6,325.7,0,0,0.0,232.7,-8.5
2026-02-03T05:30:00Z,14.8,207.2,124.3,290.1,0,0,0.0,207.2,8.1
2026-02-03T05:45:00Z,3.5,202.7,121.6,283.7,0,0,0.0,202.7,17.4
2026-02-03T06:00:00Z,16.1,242.0,145.2,338.8,0.0,0,0.0,242.0,-14.2
2026-02-03T06:15:00Z,35.5,204.3,122.6,286.0,0.0,0,0.0,204.3,-36.9
2026-02-03T06:30:00Z,27.7,212.9,127.7,298.1,0.0,0,0.0,212.9,-5.4
2026-02-03T06:45:00Z,12.5,225.4,135.2,315.5,0.0,0,0.0,225.4,8.8
2026-02-03T07:00:00Z,44.3,211.6,126.9,296.2,9.0,4.5,11.7,220.5,3.8
2026-02-03T07:15:00Z,32.1,247.7,148.6,346.7,10.1,5.0,13.1,257.7,-10.6
2026-02-03T07:30:00Z,42.3,291.1,174.7,350,9.3,4.7,12.1,300.4,3.1
2026-02-03T07:45:00Z,36.1,204.1,122.4,285.7,9.3,4.6,12.0,213.3,-8.8
2026-02-03T08:00:00Z,7.5,192.5,115.5,269.6,29.4,14.7,38.2,221.9,-11.6
2026-02-03T08:15:00Z,21.5,177.5,106.5,248.6,29.6,14.8,38.4,207.1,-15.5
2026-02-03T08:30:00Z,8.8,226.5,135.9,317.0,31.5,15.7,40.9,257.9,-5.6
2026-02-03T08:45:00Z,13.2,232.3,139.4,325.3,32.6,16.3,42.4,264.9,7.9
2026-02-03T09:00:00Z,2.1,224.8,134.9,314.7,43.1,21.5,56.0,267.8,1.4
2026-02-03T09:15:00Z,33.7,224.9,134.9,314.8,47.5,23.8,61.8,272.4,-14.6
2026-02-03T09:30:00Z,3.0,200.0,120.0,280.0,49.8,24.9,64.8,249.8,6.7
2026-02-03T09:45:00Z,19.4,209.9,126.0,293.9,44.6,22.3,57.9,254.5,1.8
2026-02-03T10:00:00Z,35.9,237.1,142.2,331.9,73.7,36.9,95.8,310.8,-0.4
2026-02-03T10:15:00Z,35.2,192.6,115.6,269.7,67.1,33.6,87.3,259.8,23.7
2026-02-03T10:30:00Z,26.6,258.3,155.0,350,77.6,38.8,100.8,335.8,8.3
2026-02-03T10:45:00Z,21.9,168.5,101.1,235.9,73.7,36.9,95.9,242.2,-16.8
2026-02-03T11:00:00Z,2.2,227.9,136.7,319.0,91.3,45.7,118.7,319.2,-9.6
2026-02-03T11:15:00Z,18.4,222.8,133.7,311.9,76.7,38.4,99.7,299.5,-1.0
2026-02-03T11:30:00Z,43.7,224.8,134.9,314.8,74.0,37.0,96.1,298.8,6.1
2026-02-03T11:45:00Z,33.5,200.1,120.1,280.2,96.6,48.3,120,296.8,20.0
2026-02-03T12:00:00Z,9.7,206.4,123.8,288.9,114.1,57.1,120,320.5,5.7
2026-02-03T12:15:00Z,45.7,186.8,112.1,261.5,92.6,46.3,120,279.3,1.1
2026-02-03T12:30:00Z,20.4,264.2,158.5,350,86.6,43.3,112.6,350.8,-12.3
2026-02-03T12:45:00Z,29.6,177.4,106.4,248.4,83.8,41.9,109.0,261.3,-20.7
2026-02-03T13:00:00Z,6.2,220.6,132.3,308.8,110.3,55.1,120,330.9,-10.6
2026-02-03T13:15:00Z,8.1,196.9,118.2,275.7,109.0,54.5,120,305.9,5.0
2026-02-03T13:30:00Z,12.4,215.0,129.0,301.0,100.3,50.1,120,315.3,25.7
2026-02-03T13:45:00Z,7.0,162.8,97.7,227.9,102.3,51.2,120,265.1,31.5
2026-02-03T14:00:00Z,18.6,161.7,97.0,226.4,104.1,52.0,120,265.8,-8.0
2026-02-03T14:15:00Z,38.2,183.1,109.9,256.4,112.0,56.0,120,295.1,23.1
2026-02-03T14:30:00Z,1.4,176.3,105.8,246.8,85.3,42.6,110.9,261.6,-14.1
2026-02-03T14:45:00Z,36.9,181.8,109.1,254.5,97.1,48.6,120,278.9,-6.0
2026-02-03T15:00:00Z,22.6,226.3,135.8,316.8,74.6,37.3,97.0,300.9,-3.2
2026-02-03T15:15:00Z,40.0,206.0,123.6,288.4,85.0,42.5,110.5,291.0,-8.1
2026-02-03T15:30:00Z,37.9,192.3,115.4,269.2,85.5,42.8,111.2,277.9,-5.2
2026-02-03T15:45:00Z,10.2,170.9,102.5,239.2,88.5,44.2,115.0,259.4,27.4
2026-02-03T16:00:00Z,45.3,218.9,131.3,306.4,60.6,30.3,78.8,279.5,16.0
2026-02-03T16:15:00Z,32.9,178.7,107.2,250.1,72.2,36.1,93.9,250.9,9.9
2026-02-03T16:30:00Z,2.0,195.3,117.2,273.4,67.6,33.8,87.9,262.9,4.2
2026-02-03T16:45:00Z,26.1,182.5,109.5,255.6,60.5,30.3,78.7,243.1,23.4
2026-02-03T17:00:00Z,30.8,227.2,136.3,318.1,43.8,21.9,57.0,271.0,6.7
2026-02-03T17:15:00Z,11.9,157.5,94.5,220.5,50.5,25.3,65.7,208.0,1.1
2026-02-03T17:30:00Z,28.0,199.7,119.8,279.6,41.9,21.0,54.5,241.6,-10.1
2026-02-03T17:45:00Z,46.3,182.3,109.4,255.2,53.0,26.5,68.9,235.3,-9.8
2026-02-03T18:00:00Z,23.1,171.2,102.7,239.7,33.8,16.9,43.9,205.0,-19.8
2026-02-03T18:15:00Z,40.4,225.6,135.4,315.8,33.5,16.8,43.6,259.1,-2.5
2026-02-03T18:30:00Z,40.1,224.6,134.8,314.5,29.3,14.6,38.0,253.9,14.2
2026-02-03T18:45:00Z,0.8,161.6,96.9,226.2,30.2,15.1,39.3,191.8,-1.5
2026-02-03T19:00:00Z,39.6,208.1,124.9,291.4,10.3,5.1,13.4,218.4,-13.2
2026-02-03T19:15:00Z,12.5,160.2,96.1,224.3,10.3,5.2,13.4,170.6,-19.2
2026-02-03T19:30:00Z,22.5,184.1,110.4,257.7,8.9,4.5,11.6,193.0,8.2
2026-02-03T19:45:00Z,25.0,230.3,138.2,322.4,9.4,4.7,12.2,239.7,12.9
2026-02-03T20:00:00Z,18.4,195.8,117.5,274.1,0.0,0.0,0.0,195.8,16.3
2026-02-03T20:15:00Z,4.0,165.2,99.1,231.3,0.0,0.0,0.0,165.2,-16.3
2026-02-03T20:30:00Z,7.0,179.2,107.5,250.8,0.0,0.0,0.0,179.2,-3.1
2026-02-03T20:45:00Z,3.6,191.9,115.1,268.6,0.0,0.0,0.0,191.9,23.2
2026-02-03T21:00:00Z,29.5,185.2,111.1,259.3,0,0,0.0,185.2,15.7
2026-02-03T21:15:00Z,28.5,156.4,93.8,219.0,0,0,0.0,156.4,-10.4
2026-02-03T21:30:00Z,37.7,212.9,127.7,298.0,0,0,0.0,212.9,-8.8
2026-02-03T21:45:00Z,11.7,233.9,140.4,327.5,0,0,0.0,233.9,-6.1
2026-02-03T22:00:00Z,15.0,195.0,117.0,273.0,0,0,0.0,195.0,7.7
2026-02-03T22:15:00Z,30.1,237.9,142.8,333.1,0,0,0.0,237.9,22.4
2026-02-03T22:30:00Z,16.9,221.5,132.9,310.1,0,0,0.0,221.5,23.1
2026-02-03T22:45:00Z,12.8,209.2,125.5,292.9,0,0,0.0,209.2,21.7
2026-02-03T23:00:00Z,6.1,220.3,132.2,308.5,0,0,0.0,220.3,24.5
2026-02-03T23:15:00Z,0.7,240.7,144.4,337.0,0,0,0.0,240.7,4.3
2026-02-03T23:30:00Z,12.9,190.5,114.3,266.7,0,0,0.0,190.5,6.0
2026-02-03T23:45:00Z,22.0,197.4,118.4,276.3,0,0,0.0,197.4,16.0
2026-02-04T00:00:00Z,45.7,286.2,171.7,350,0,0,0.0,286.2,-14.2
2026-02-04T00:15:00Z,8.4,268.9,161.3,350,0,0,0.0,268.9,-12.1
2026-02-04T00:30:00Z,19.3,256.9,154.1,350,0,0,0.0,256.9,-0.7
2026-02-04T00:45:00Z,1.6,247.6,148.6,346.7,0,0,0.0,247.6,-17.0
2026-02-04T01:00:00Z,34.2,256.5,153.9,350,0,0,0.0,256.5,23.2
2026-02-04T01:15:00Z,42.3,288.2,172.9,350,0,0,0.0,288.2,0.7
2026-02-04T01:30:00Z,42.3,278.8,167.3,350,0,0,0.0,278.8,8.2
2026-02-04T01:45:00Z,26.1,281.0,168.6,350,0,0,0.0,281.0,-13.2
2026-02-04T02:00:00Z,22.8,276.4,165.8,350,0,0,0.0,276.4,5.3
2026-02-04T02:15:00Z,15.4,262.6,157.6,350,0,0,0.0,262.6,-4.0
2026-02-04T02:30:00Z,12.1,245.6,147.4,343.8,0,0,0.0,245.6,32.6
2026-02-04T02:45:00Z,24.8,243.0,145.8,340.2,0,0,0.0,243.0,-11.2
2026-02-04T03:00:00Z,39.5,265.6,159.4,350,0,0,0.0,265.6,1.2
2026-02-04T03:15:00Z,35.8,294.7,176.8,350,0,0,0.0,294.7,4.0
2026-02-04T03:30:00Z,30.5,308.3,185.0,350,0,0,0.0,308.3,-2.4
2026-02-04T03:45:00Z,19.6,241.4,144.9,338.0,0,0,0.0,241.4,3.4
2026-02-04T04:00:00Z,16.0,256.5,153.9,350,0,0,0.0,256.5,-22.9
2026-02-04T04:15:00Z,17.2,242.2,145.3,339.1,0,0,0.0,242.2,-31.0
2026-02-04T04:30:00Z,15.7,257.4,154.4,350,0,0,0.0,257.4,14.5
2026-02-04T04:45:00Z,14.0,249.2,149.5,348.9,0,0,0.0,249.2,-16.3
2026-02-04T05:00:00Z,41.9,287.4,172.4,350,0,0,0.0,287.4,-5.7
2026-02-04T05:15:00Z,18.3,262.6,157.5,350,0,0,0.0,262.6,18.3
2026-02-04T05:30:00Z,36.4,296.9,178.1,350,0,0,0.0,296.9,-13.6
2026-02-04T05:45:00Z,44.7,270.8,162.5,350,0,0,0.0,270.8,20.1
2026-02-04T06:00:00Z,26.4,303.1,181.8,350,0.0,0,0.0,303.1,-22.8
2026-02-04T06:15:00Z,26.7,280.1,168.0,350,0.0,0,0.0,280.1,-0.8
2026-02-04T06:30:00Z,40.6,301.7,181.0,350,0.0,0,0.0,301.7,-14.5
2026-02-04T06:45:00Z,12.7,250.5,150.3,350,0.0,0,0.0,250.5,19.3
2026-02-04T07:00:00Z,35.6,259.3,155.6,350,11.9,6.0,15.5,271.2,17.6
2026-02-04T07:15:00Z,35.5,304.5,182.7,350,12.4,6.2,16.1,316.9,-9.6
2026-02-04T07:30:00Z,8.9,294.3,176.6,350,11.0,5.5,14.3,305.3,4.8
2026-02-04T07:45:00Z,21.3,302.8,181.7,350,11.4,5.7,14.9,314.2,0.8
2026-02-04T08:00:00Z,9.6,287.2,172.3,350,27.1,13.6,35.3,314.4,9.4
2026-02-04T08:15:00Z,31.8,272.1,163.3,350,31.2,15.6,40.6,303.3,-5.4
2026-02-04T08:30:00Z,4.9,263.9,158.3,350,31.6,15.8,41.0,295.4,16.3
2026-02-04T08:45:00Z,27.3,346.7,208.0,350,30.1,15.0,39.1,376.7,-10.2
2026-02-04T09:00:00Z,38.7,282.5,169.5,350,56.1,28.1,73.0,338.7,-12.7
2026-02-04T09:15:00Z,27.2,286.0,171.6,350,50.7,25.4,65.9,336.7,-1.8
2026-02-04T09:30:00Z,16.3,284.4,170.7,350,43.7,21.9,56.8,328.1,26.6
2026-02-04T09:45:00Z,40.5,272.1,163.3,350,56.8,28.4,73.9,329.0,15.7
2026-02-04T10:00:00Z,8.8,296.0,177.6,350,62.0,31.0,80.6,358.0,-2.7
2026-02-04T10:15:00Z,32.0,237.6,142.5,332.6,62.1,31.1,80.8,299.7,-0.4
2026-02-04T10:30:00Z,2.3,285.5,171.3,350,61.0,30.5,79.3,346.5,-8.7
2026-02-04T10:45:00Z,35.2,237.8,142.7,332.9,78.1,39.0,101.5,315.8,-6.3
2026-02-04T11:00:00Z,30.6,290.1,174.1,350,84.6,42.3,110.0,374.8,4.2
2026-02-04T11:15:00Z,41.6,206.2,123.7,288.7,88.5,44.2,115.0,294.7,0.6
2026-02-04T11:30:00Z,3.9,237.7,142.6,332.7,82.6,41.3,107.4,320.3,-5.9
2026-02-04T11:45:00Z,16.8,284.4,170.6,350,82.1,41.1,106.8,366.5,-24.8
2026-02-04T12:00:00Z,43.1,277.0,166.2,350,115.0,57.5,120,392.0,22.8
2026-02-04T12:15:00Z,4.8,254.5,152.7,350,115.4,57.7,120,369.9,-17.0
2026-02-04T12:30:00Z,41.1,238.7,143.2,334.1,93.6,46.8,120,332.2,-10.5
2026-02-04T12:45:00Z,7.8,236.1,141.6,330.5,97.3,48.6,120,333.3,0.6
2026-02-04T13:00:00Z,47.9,237.0,142.2,331.7,109.7,54.9,120,346.7,-24.1
2026-02-04T13:15:00Z,1.6,226.2,135.7,316.6,107.8,53.9,120,334.0,7.4
2026-02-04T13:30:00Z,39.8,248.1,148.9,347.3,111.1,55.5,120,359.2,-21.4
2026-02-04T13:45:00Z,42.0,229.0,137.4,320.6,85.8,42.9,111.6,314.8,-5.0
2026-02-04T14:00:00Z,47.6,259.0,155.4,350,111.9,55.9,120,370.8,1.5
2026-02-04T14:15:00Z,13.6,248.8,149.3,348.3,114.0,57.0,120,362.8,-1.8
2026-02-04T14:30:00Z,44.8,288.2,172.9,350,83.8,41.9,108.9,372.0,-16.0
2026-02-04T14:45:00Z,33.7,257.7,154.6,350,107.1,53.6,120,364.8,1.8
2026-02-04T15:00:00Z,15.5,181.3,108.8,253.9,75.0,37.5,97.6,256.4,1.6
2026-02-04T15:15:00Z,10.1,212.9,127.7,298.0,90.4,45.2,117.5,303.3,4.1
2026-02-04T15:30:00Z,8.1,204.7,122.8,286.6,81.5,40.8,106.0,286.2,0.5
2026-02-04T15:45:00Z,11.8,234.4,140.6,328.2,77.4,38.7,100.6,311.8,5.3
2026-02-04T16:00:00Z,5.9,277.5,166.5,350,62.0,31.0,80.7,339.5,13.4
2026-02-04T16:15:00Z,22.8,259.0,155.4,350,74.8,37.4,97.3,333.8,-6.8
2026-02-04T16:30:00Z,18.8,218.6,131.1,306.0,61.7,30.8,80.2,280.3,10.7
2026-02-04T16:45:00Z,31.4,229.2,137.5,320.9,61.6,30.8,80.0,290.8,-12.3
2026-02-04T17:00:00Z,23.2,256.7,154.0,350,56.5,28.3,73.5,313.2,4.9
2026-02-04T17:15:00Z,1.8,235.1,141.1,329.1,54.2,27.1,70.4,289.3,17.9
2026-02-04T17:30:00Z,2.9,185.6,111.4,259.8,52.2,26.1,67.9,237.8,12.4
2026-02-04T17:45:00Z,44.2,252.8,151.7,350,56.7,28.4,73.8,309.6,-7.1
2026-02-04T18:00:00Z,41.9,257.8,154.7,350,34.0,17.0,44.2,291.8,-8.8
2026-02-04T18:15:00Z,41.7,203.9,122.3,285.4,27.0,13.5,35.1,230.9,3.0
2026-02-04T18:30:00Z,34.8,227.6,136.5,318.6,33.3,16.7,43.4,260.9,-4.2
2026-02-04T18:45:00Z,14.9,308.3,185.0,350,30.9,15.5,40.2,339.2,5.7
2026-02-04T19:00:00Z,11.8,282.6,169.5,350,9.8,4.9,12.7,292.4,-26.9
2026-02-04T19:15:00Z,1.1,230.6,138.3,322.8,12.2,6.1,15.9,242.8,21.5
2026-02-04T19:30:00Z,43.6,248.6,149.2,348.0,9.4,4.7,12.2,258.0,-10.9
2026-02-04T19:45:00Z,5.6,252.4,151.5,350,11.0,5.5,14.3,263.4,-6.4
2026-02-04T20:00:00Z,14.8,261.8,157.1,350,0.0,0.0,0.0,261.8,-0.4
2026-02-04T20:15:00Z,43.5,247.6,148.6,346.7,0.0,0.0,0.0,247.6,-10.3
2026-02-04T20:30:00Z,12.0,278.8,167.3,350,0.0,0.0,0.0,278.8,14.8
2026-02-04T20:45:00Z,37.6,243.1,145.9,340.4,0.0,0.0,0.0,243.1,-16.3
2026-02-04T21:00:00Z,24.2,303.2,181.9,350,0,0,0.0,303.2,-0.1
2026-02-04T21:15:00Z,18.1,268.4,161.1,350,0,0,0.0,268.4,0.9
2026-02-04T21:30:00Z,1.9,233.3,140.0,326.6,0,0,0.0,233.3,22.2
2026-02-04T21:45:00Z,2.1,227.0,136.2,317.8,0,0,0.0,227.0,9.6
2026-02-04T22:00:00Z,3.3,209.0,125.4,292.6,0,0,0.0,209.0,-29.8
2026-02-04T22:15:00Z,5.5,281.7,169.0,350,0,0,0.0,281.7,-8.5
2026-02-04T22:30:00Z,16.9,225.2,135.1,315.3,0,0,0.0,225.2,36.3
2026-02-04T22:45:00Z,37.5,232.0,139.2,324.8,0,0,0.0,232.0,-25.1
2026-02-04T23:00:00Z,47.1,265.1,159.0,350,0,0,0.0,265.1,-15.7
2026-02-04T23:15:00Z,18.6,249.6,149.8,349.5,0,0,0.0,249.6,33.2
2026-02-04T23:30:00Z,47.9,231.0,138.6,323.3,0,0,0.0,231.0,-4.1
2026-02-04T23:45:00Z,1.5,295.4,177.3,350,0,0,0.0,295.4,-14.9
2026-02-05T00:00:00Z,33.3,131.1,78.7,183.5,0,0,0.0,131.1,-7.5
2026-02-05T00:15:00Z,5.7,150.1,90.0,210.1,0,0,0.0,150.1,20.4
2026-02-05T00:30:00Z,2.7,159.5,95.7,223.3,0,0,0.0,159.5,-7.2
2026-02-05T00:45:00Z,14.4,209.2,125.5,292.9,0,0,0.0,209.2,-0.6
2026-02-05T01:00:00Z,45.3,165.8,99.5,232.2,0,0,0.0,165.8,10.0
2026-02-05T01:15:00Z,28.0,113.7,68.2,159.2,0,0,0.0,113.7,8.0
2026-02-05T01:30:00Z,20.5,223.8,134.3,313.3,0,0,0.0,223.8,-12.4
2026-02-05T01:45:00Z,7.9,169.8,101.9,237.7,0,0,0.0,169.8,-1.7
2026-02-05T02:00:00Z,33.8,206.3,123.8,288.9,0,0,0.0,206.3,-15.3
2026-02-05T02:15:00Z,11.9,153.9,92.3,215.5,0,0,0.0,153.9,4.3
2026-02-05T02:30:00Z,17.8,185.4,111.3,259.6,0,0,0.0,185.4,3.6
2026-02-05T02:45:00Z,16.8,129.1,77.4,180.7,0,0,0.0,129.1,-26.8
2026-02-05T03:00:00Z,30.9,185.0,111.0,258.9,0,0,0.0,185.0,10.1
2026-02-05T03:15:00Z,6.8,189.6,113.8,265.5,0,0,0.0,189.6,-22.1
2026-02-05T03:30:00Z,42.0,188.5,113.1,263.9,0,0,0.0,188.5,25.6
2026-02-05T03:45:00Z,14.9,175.9,105.6,246.3,0,0,0.0,175.9,-24.0
2026-02-05T04:00:00Z,1.1,200.8,120.5,281.1,0,0,0.0,200.8,-11.5
2026-02-05T04:15:00Z,14.8,178.4,107.1,249.8,0,0,0.0,178.4,-20.3
2026-02-05T04:30:00Z,19.7,138.1,82.8,193.3,0,0,0.0,138.1,3.2
2026-02-05T04:45:00Z,43.9,208.5,125.1,291.9,0,0,0.0,208.5,8.5
2026-02-05T05:00:00Z,16.3,157.4,94.5,220.4,0,0,0.0,157.4,0.6
2026-02-05T05:15:00Z,15.8,162.9,97.7,228.1,0,0,0.0,162.9,-13.3
2026-02-05T05:30:00Z,36.5,148.5,89.1,207.9,0,0,0.0,148.5,16.7
2026-02-05T05:45:00Z,23.3,176.0,105.6,246.4,0,0,0.0,176.0,-1.0
2026-02-05T06:00:00Z,30.6,168.7,101.2,236.1,0.0,0,0.0,168.7,4.7
2026-02-05T06:15:00Z,22.8,199.6,119.7,279.4,0.0,0,0.0,199.6,-18.0
2026-02-05T06:30:00Z,33.2,209.9,126.0,293.9,0.0,0,0.0,209.9,8.3
2026-02-05T06:45:00Z,20.0,145.1,87.0,203.1,0.0,0,0.0,145.1,11.9
2026-02-05T07:00:00Z,9.2,185.5,111.3,259.7,12.2,6.1,15.9,197.7,-4.2
2026-02-05T07:15:00Z,29.1,162.4,97.5,227.4,11.5,5.8,15.0,174.0,18.8
2026-02-05T07:30:00Z,47.1,144.6,86.8,202.4,11.1,5.6,14.5,155.7,-7.7
2026-02-05T07:45:00Z,9.9,167.9,100.8,235.1,12.2,6.1,15.9,180.1,-15.2
2026-02-05T08:00:00Z,30.7,127.1,76.2,177.9,28.4,14.2,36.9,155.5,19.9
2026-02-05T08:15:00Z,9.5,162.4,97.4,227.3,25.8,12.9,33.6,188.2,-4.3
2026-02-05T08:30:00Z,16.4,197.1,118.3,276.0,25.3,12.7,32.9,222.5,8.9
2026-02-05T08:45:00Z,9.4,173.2,103.9,242.5,30.9,15.4,40.2,204.1,-8.3
2026-02-05T09:00:00Z,9.7,111.4,66.8,155.9,45.1,22.5,58.6,156.5,-7.2
2026-02-05T09:15:00Z,29.4,146.7,88.0,205.3,51.6,25.8,67.0,198.2,-12.9
2026-02-05T09:30:00Z,19.4,187.2,112.3,262.0,54.4,27.2,70.7,241.6,4.8
2026-02-05T09:45:00Z,41.5,214.9,128.9,300.8,54.0,27.0,70.2,268.9,17.6
2026-02-05T10:00:00Z,17.4,122.3,73.4,171.3,82.2,41.1,106.8,204.5,9.1
2026-02-05T10:15:00Z,35.9,158.8,95.3,222.3,60.7,30.3,78.9,219.4,10.7
2026-02-05T10:30:00Z,46.1,134.8,80.9,188.7,77.7,38.8,101.0,212.5,1.3
2026-02-05T10:45:00Z,22.1,169.1,101.4,236.7,59.3,29.7,77.1,228.4,-3.8
2026-02-05T11:00:00Z,9.6,159.7,95.8,223.6,88.2,44.1,114.6,247.9,3.5
2026-02-05T11:15:00Z,43.6,172.0,103.2,240.8,85.1,42.5,110.6,257.1,21.8
2026-02-05T11:30:00Z,22.7,197.8,118.7,277.0,84.8,42.4,110.3,282.7,-17.7
2026-02-05T11:45:00Z,27.0,175.5,105.3,245.7,101.7,50.8,120,277.1,-14.6
2026-02-05T12:00:00Z,14.1,191.4,114.8,268.0,86.8,43.4,112.8,278.2,21.3
2026-02-05T12:15:00Z,29.3,158.5,95.1,221.8,96.5,48.2,120,254.9,7.3
2026-02-05T12:30:00Z,13.4,160.6,96.3,224.8,99.5,49.7,120,260.0,7.6
2026-02-05T12:45:00Z,14.4,119.3,71.6,167.0,96.0,48.0,120,215.3,-22.9
2026-02-05T13:00:00Z,32.8,206.0,123.6,288.4,100.1,50.0,120,306.1,-8.4
2026-02-05T13:15:00Z,1.8,175.4,105.2,245.6,116.8,58.4,120,292.2,7.5
2026-02-05T13:30:00Z,14.3,155.9,93.5,218.3,89.6,44.8,116.5,245.5,28.7
2026-02-05T13:45:00Z,36.7,128.4,77.0,179.8,89.4,44.7,116.2,217.8,-20.6
2026-02-05T14:00:00Z,7.7,107.3,64.4,150.2,96.3,48.2,120,203.6,13.3
2026-02-05T14:15:00Z,27.4,99.6,59.7,139.4,96.6,48.3,120,196.2,1.3
2026-02-05T14:30:00Z,38.7,116.6,70.0,163.3,83.1,41.5,108.0,199.7,2.6
2026-02-05T14:45:00Z,38.4,158.9,95.4,222.5,101.9,50.9,120,260.8,-18.3
2026-02-05T15:00:00Z,31.9,141.6,84.9,198.2,83.2,41.6,108.2,224.8,31.2
2026-02-05T15:15:00Z,6.7,154.1,92.5,215.8,77.0,38.5,100.1,231.1,3.5
2026-02-05T15:30:00Z,28.1,179.9,107.9,251.8,99.5,49.8,120,279.4,-19.7
2026-02-05T15:45:00Z,38.8,142.3,85.4,199.3,84.4,42.2,109.7,226.7,10.8
2026-02-05T16:00:00Z,35.2,177.0,106.2,247.8,73.0,36.5,94.9,250.0,-29.9
2026-02-05T16:15:00Z,25.8,120.3,72.2,168.4,73.4,36.7,95.4,193.7,-14.1
2026-02-05T16:30:00Z,9.9,125.5,75.3,175.7,61.9,31.0,80.5,187.4,-27.2
2026-02-05T16:45:00Z,22.2,157.2,94.3,220.0,73.5,36.8,95.6,230.7,-24.7
2026-02-05T17:00:00Z,28.1,164.3,98.6,230.0,41.8,20.9,54.3,206.0,9.5
2026-02-05T17:15:00Z,3.5,157.4,94.4,220.3,48.9,24.4,63.5,206.2,-9.2
2026-02-05T17:30:00Z,15.4,138.0,82.8,193.2,55.0,27.5,71.5,193.0,-3.0
2026-02-05T17:45:00Z,25.4,173.0,103.8,242.2,47.7,23.8,62.0,220.6,0.3
2026-02-05T18:00:00Z,45.1,117.1,70.2,163.9,31.7,15.9,41.2,148.8,25.6
2026-02-05T18:15:00Z,30.3,182.2,109.3,255.1,33.4,16.7,43.4,215.6,-16.8
2026-02-05T18:30:00Z,2.2,146.2,87.7,204.7,32.1,16.0,41.7,178.3,11.1
2026-02-05T18:45:00Z,18.1,150.7,90.4,211.0,33.6,16.8,43.7,184.4,-35.0
2026-02-05T19:00:00Z,8.1,213.4,128.1,298.8,9.5,4.8,12.4,222.9,-22.0
2026-02-05T19:15:00Z,44.8,152.1,91.3,213.0,12.3,6.1,15.9,164.4,-22.6
2026-02-05T19:30:00Z,27.2,129.1,77.4,180.7,11.1,5.6,14.5,140.2,20.6
2026-02-05T19:45:00Z,36.9,100.0,60.0,139.9,9.5,4.8,12.4,109.5,-14.7
2026-02-05T20:00:00Z,24.0,118.1,70.9,165.4,0.0,0.0,0.0,118.1,9.5
2026-02-05T20:15:00Z,37.5,160.3,96.2,224.4,0.0,0.0,0.0,160.3,-13.8
2026-02-05T20:30:00Z,27.1,160.3,96.2,224.5,0.0,0.0,0.0,160.3,-34.6
2026-02-05T20:45:00Z,25.5,143.4,86.0,200.8,0.0,0.0,0.0,143.4,-10.6
2026-02-05T21:00:00Z,44.3,161.7,97.0,226.4,0,0,0.0,161.7,-6.0
2026-02-05T21:15:00Z,18.6,107.9,64.7,151.0,0,0,0.0,107.9,-9.7
2026-02-05T21:30:00Z,17.1,115.5,69.3,161.7,0,0,0.0,115.5,-0.5
2026-02-05T21:45:00Z,21.4,161.7,97.0,226.4,0,0,0.0,161.7,-4.0
2026-02-05T22:00:00Z,43.1,173.4,104.0,242.7,0,0,0.0,173.4,-3.9
2026-02-05T22:15:00Z,4.9,148.6,89.1,208.0,0,0,0.0,148.6,-20.9
2026-02-05T22:30:00Z,13.8,155.6,93.4,217.8,0,0,0.0,155.6,-6.2
2026-02-05T22:45:00Z,28.5,161.8,97.1,226.5,0,0,0.0,161.8,14.3
2026-02-05T23:00:00Z,17.0,140.8,84.5,197.1,0,0,0.0,140.8,21.5
2026-02-05T23:15:00Z,3.5,146.0,87.6,204.4,0,0,0.0,146.0,14.9
2026-02-05T23:30:00Z,44.7,153.7,92.2,215.1,0,0,0.0,153.7,6.7
2026-02-05T23:45:00Z,20.4,153.5,92.1,214.9,0,0,0.0,153.5,-8.6
2026-02-06T00:00:00Z,4.8,186.9,112.1,261.6,0,0,0.0,186.9,-20.3
2026-02-06T00:15:00Z,23.8,209.0,125.4,292.6,0,0,0.0,209.0,-7.2
2026-02-06T00:30:00Z,30.8,212.5,127.5,297.6,0,0,0.0,212.5,3.5
2026-02-06T00:45:00Z,29.5,172.4,103.5,241.4,0,0,0.0,172.4,10.7
2026-02-06T01:00:00Z,43.1,195.3,117.2,273.5,0,0,0.0,195.3,-4.9
2026-02-06T01:15:00Z,3.4,187.6,112.6,262.6,0,0,0.0,187.6,-8.3
2026-02-06T01:30:00Z,23.3,199.6,119.7,279.4,0,0,0.0,199.6,-2.4
2026-02-06T01:45:00Z,1.8,216.4,129.8,303.0,0,0,0.0,216.4,-1.7
2026-02-06T02:00:00Z,21.2,205.5,123.3,287.7,0,0,0.0,205.5,4.5
2026-02-06T02:15:00Z,17.9,225.1,135.1,315.2,0,0,0.0,225.1,7.4
2026-02-06T02:30:00Z,18.9,215.4,129.2,301.5,0,0,0.0,215.4,1.7
2026-02-06T02:45:00Z,14.7,291.5,174.9,350,0,0,0.0,291.5,-6.2
2026-02-06T03:00:00Z,40.4,233.4,140.1,326.8,0,0,0.0,233.4,-22.9
2026-02-06T03:15:00Z,9.4,244.9,146.9,342.8,0,0,0.0,244.9,14.5
2026-02-06T03:30:00Z,35.5,217.0,130.2,303.7,0,0,0.0,217.0,11.1
2026-02-06T03:45:00Z,15.6,213.9,128.3,299.4,0,0,0.0,213.9,-31.5
2026-02-06T04:00:00Z,3.5,211.2,126.7,295.7,0,0,0.0,211.2,4.7
2026-02-06T04:15:00Z,11.9,164.9,99.0,230.9,0,0,0.0,164.9,1.9
2026-02-06T04:30:00Z,21.5,205.1,123.1,287.1,0,0,0.0,205.1,-0.0
2026-02-06T04:45:00Z,40.7,194.0,116.4,271.6,0,0,0.0,194.0,11.9
2026-02-06T05:00:00Z,31.4,250.5,150.3,350,0,0,0.0,250.5,-5.8
2026-02-06T05:15:00Z,14.4,145.1,87.1,203.2,0,0,0.0,145.1,-32.6
2026-02-06T05:30:00Z,31.9,172.3,103.4,241.2,0,0,0.0,172.3,26.4
2026-02-06T05:45:00Z,27.3,223.1,133.9,312.4,0,0,0.0,223.1,-11.8
2026-02-06T06:00:00Z,36.3,217.0,130.2,303.8,0.0,0,0.0,217.0,-17.5
2026-02-06T06:15:00Z,9.9,246.0,147.6,344.4,0.0,0,0.0,246.0,14.2
2026-02-06T06:30:00Z,23.3,162.4,97.4,227.3,0.0,0,0.0,162.4,19.4
2026-02-06T06:45:00Z,25.2,263.2,157.9,350,0.0,0,0.0,263.2,6.1
2026-02-06T07:00:00Z,15.9,213.3,128.0,298.7,11.1,5.6,14.5,224.5,-25.6
2026-02-06T07:15:00Z,38.8,188.9,113.3,264.4,10.6,5.3,13.7,199.4,12.9
2026-02-06T07:30:00Z,45.8,275.2,165.1,350,9.7,4.8,12.6,284.9,1.8
2026-02-06T07:45:00Z,38.7,215.9,129.6,302.3,11.7,5.9,15.2,227.7,7.4
2026-02-06T08:00:00Z,0.4,230.2,138.1,322.3,24.9,12.5,32.4,255.1,-11.4
2026-02-06T08:15:00Z,8.6,194.5,116.7,272.3,28.5,14.3,37.1,223.0,9.6
2026-02-06T08:30:00Z,43.6,236.1,141.7,330.5,33.8,16.9,44.0,269.9,6.6
2026-02-06T08:45:00Z,43.5,180.3,108.2,252.4,28.6,14.3,37.1,208.8,16.9
2026-02-06T09:00:00Z,34.8,232.6,139.6,325.7,43.9,22.0,57.1,276.5,-14.9
2026-02-06T09:15:00Z,3.3,243.3,146.0,340.6,46.3,23.1,60.2,289.6,-0.3
2026-02-06T09:30:00Z,45.2,242.8,145.7,339.9,51.6,25.8,67.0,294.3,15.3
2026-02-06T09:45:00Z,9.3,209.4,125.6,293.2,53.8,26.9,70.0,263.2,22.6
2026-02-06T10:00:00Z,39.5,232.0,139.2,324.8,81.8,40.9,106.4,313.8,8.2
2026-02-06T10:15:00Z,9.4,210.0,126.0,294.0,71.0,35.5,92.3,281.0,-14.8
2026-02-06T10:30:00Z,30.3,190.0,114.0,266.0,61.2,30.6,79.6,251.3,9.9
2026-02-06T10:45:00Z,19.9,176.2,105.7,246.7,66.4,33.2,86.3,242.6,-23.5
2026-02-06T11:00:00Z,25.3,201.8,121.1,282.5,99.5,49.7,120,301.3,6.6
2026-02-06T11:15:00Z,1.3,174.6,104.8,244.5,85.4,42.7,111.0,260.0,3.9
2026-02-06T11:30:00Z,24.0,140.2,84.1,196.2,87.7,43.9,114.0,227.9,-6.1
2026-02-06T11:45:00Z,42.1,191.9,115.1,268.6,99.9,49.9,120,291.7,-4.4
2026-02-06T12:00:00Z,10.6,213.1,127.9,298.3,96.5,48.3,120,309.6,-17.4
2026-02-06T12:15:00Z,29.0,228.4,137.0,319.8,82.6,41.3,107.4,311.1,-13.1
2026-02-06T12:30:00Z,46.2,177.2,106.3,248.1,108.7,54.3,120,285.9,-4.7
2026-02-06T12:45:00Z,22.5,195.8,117.5,274.1,114.3,57.1,120,310.1,-10.6
2026-02-06T13:00:00Z,4.2,203.2,121.9,284.5,96.7,48.4,120,299.9,7.0
2026-02-06T13:15:00Z,19.8,184.3,110.6,258.0,89.8,44.9,116.7,274.0,-6.6
2026-02-06T13:30:00Z,43.1,229.8,137.9,321.8,111.4,55.7,120,341.2,-2.5
2026-02-06T13:45:00Z,8.9,197.9,118.8,277.1,110.8,55.4,120,308.7,-5.5
2026-02-06T14:00:00Z,38.5,187.0,112.2,261.8,108.6,54.3,120,295.6,22.1
2026-02-06T14:15:00Z,26.2,217.7,130.6,304.8,112.7,56.3,120,330.4,16.6
2026-02-06T14:30:00Z,33.2,225.7,135.4,315.9,92.0,46.0,119.5,317.6,-1.2
2026-02-06T14:45:00Z,16.1,167.1,100.2,233.9,95.9,48.0,120,263.0,-1.8
2026-02-06T15:00:00Z,30.2,193.0,115.8,270.2,91.1,45.5,118.4,284.1,-6.6
2026-02-06T15:15:00Z,13.4,189.1,113.5,264.7,80.6,40.3,104.8,269.7,10.4
2026-02-06T15:30:00Z,43.3,156.3,93.8,218.8,93.7,46.8,120,250.0,26.8
2026-02-06T15:45:00Z,38.8,209.1,125.4,292.7,80.6,40.3,104.8,289.7,-3.7
2026-02-06T16:00:00Z,25.6,173.0,103.8,242.2,67.1,33.6,87.3,240.1,-29.0
2026-02-06T16:15:00Z,20.0,176.7,106.0,247.4,63.6,31.8,82.7,240.3,12.8
2026-02-06T16:30:00Z,3.3,201.9,121.1,282.6,69.7,34.9,90.6,271.6,21.0
2026-02-06T16:45:00Z,7.7,158.1,94.9,221.3,76.7,38.3,99.7,234.8,20.8
2026-02-06T17:00:00Z,16.1,155.8,93.5,218.1,51.9,26.0,67.5,207.7,-29.6
2026-02-06T17:15:00Z,15.0,196.8,118.1,275.6,50.1,25.0,65.1,246.9,14.6
2026-02-06T17:30:00Z,25.3,183.4,110.0,256.8,58.7,29.3,76.3,242.1,-4.7
2026-02-06T17:45:00Z,33.7,196.8,118.1,275.5,42.6,21.3,55.4,239.4,2.6
2026-02-06T18:00:00Z,35.4,177.9,106.7,249.0,26.3,13.1,34.2,204.2,18.6
2026-02-06T18:15:00Z,11.3,152.2,91.3,213.0,25.7,12.9,33.5,177.9,-13.4
2026-02-06T18:30:00Z,38.6,161.4,96.8,225.9,29.9,14.9,38.9,191.3,-3.2
2026-02-06T18:45:00Z,23.9,130.6,78.4,182.8,28.9,14.4,37.5,159.5,6.4
2026-02-06T19:00:00Z,16.7,163.3,98.0,228.7,10.4,5.2,13.6,173.8,14.6
2026-02-06T19:15:00Z,39.7,191.7,115.0,268.4,10.7,5.4,14.0,202.4,-14.2
2026-02-06T19:30:00Z,11.3,180.9,108.5,253.3,10.6,5.3,13.8,191.5,-0.7
2026-02-06T19:45:00Z,11.4,221.8,133.1,310.5,9.0,4.5,11.7,230.8,-28.4
2026-02-06T20:00:00Z,2.8,145.7,87.4,203.9,0.0,0.0,0.0,145.7,3.9
2026-02-06T20:15:00Z,1.8,129.7,77.8,181.6,0.0,0.0,0.0,129.7,10.0
2026-02-06T20:30:00Z,36.1,205.1,123.0,287.1,0.0,0.0,0.0,205.1,-18.2
2026-02-06T20:45:00Z,21.8,151.5,90.9,212.0,0.0,0.0,0.0,151.5,-6.8
2026-02-06T21:00:00Z,47.1,177.0,106.2,247.9,0,0,0.0,177.0,0.3
2026-02-06T21:15:00Z,7.9,213.4,128.0,298.7,0,0,0.0,213.4,-11.4
2026-02-06T21:30:00Z,37.9,197.8,118.7,276.9,0,0,0.0,197.8,-22.2
2026-02-06T21:45:00Z,18.5,180.0,108.0,252.0,0,0,0.0,180.0,2.2
2026-02-06T22:00:00Z,43.7,231.8,139.1,324.5,0,0,0.0,231.8,1.1
2026-02-06T22:15:00Z,20.9,207.0,124.2,289.8,0,0,0.0,207.0,6.3
2026-02-06T22:30:00Z,1.0,193.3,116.0,270.7,0,0,0.0,193.3,0.5
2026-02-06T22:45:00Z,21.8,198.7,119.2,278.2,0,0,0.0,198.7,14.7
2026-02-06T23:00:00Z,33.8,201.5,120.9,282.2,0,0,0.0,201.5,2.9
2026-02-06T23:15:00Z,18.9,148.9,89.3,208.5,0,0,0.0,148.9,4.7
2026-02-06T23:30:00Z,36.8,174.0,104.4,243.6,0,0,0.0,174.0,4.6
2026-02-06T23:45:00Z,35.8,215.4,129.2,301.6,0,0,0.0,215.4,-26.0
2026-02-07T00:00:00Z,43.1,227.6,136.6,318.7,0,0,0.0,227.6,3.6
2026-02-07T00:15:00Z,40.6,222.0,133.2,310.8,0,0,0.0,222.0,9.3
2026-02-07T00:30:00Z,12.0,247.7,148.6,346.8,0,0,0.0,247.7,-36.0
2026-02-07T00:45:00Z,2.6,255.6,153.4,350,0,0,0.0,255.6,23.5
2026-02-07T01:00:00Z,23.0,208.9,125.4,292.5,0,0,0.0,208.9,17.5
2026-02-07T01:15:00Z,31.9,260.9,156.6,350,0,0,0.0,260.9,28.4
2026-02-07T01:30:00Z,8.0,248.9,149.3,348.4,0,0,0.0,248.9,3.1
2026-02-07T01:45:00Z,33.9,250.6,150.4,350,0,0,0.0,250.6,-7.6
2026-02-07T02:00:00Z,10.4,215.5,129.3,301.7,0,0,0.0,215.5,-42.3
2026-02-07T02:15:00Z,0.7,246.4,147.8,345.0,0,0,0.0,246.4,22.6
2026-02-07T02:30:00Z,24.3,248.2,148.9,347.5,0,0,0.0,248.2,18.5
2026-02-07T02:45:00Z,16.1,249.0,149.4,348.6,0,0,0.0,249.0,-29.3
2026-02-07T03:00:00Z,30.3,232.9,139.7,326.0,0,0,0.0,232.9,2.9
2026-02-07T03:15:00Z,31.4,241.6,144.9,338.2,0,0,0.0,241.6,-13.7
2026-02-07T03:30:00Z,0.5,251.0,150.6,350,0,0,0.0,251.0,11.2
2026-02-07T03:45:00Z,18.2,272.4,163.5,350,0,0,0.0,272.4,-5.9
2026-02-07T04:00:00Z,18.1,262.9,157.7,350,0,0,0.0,262.9,-12.2
2026-02-07T04:15:00Z,32.7,238.3,143.0,333.6,0,0,0.0,238.3,14.4
2026-02-07T04:30:00Z,32.3,243.9,146.4,341.5,0,0,0.0,243.9,20.3
2026-02-07T04:45:00Z,6.8,265.3,159.2,350,0,0,0.0,265.3,7.1
2026-02-07T05:00:00Z,5.2,248.7,149.2,348.1,0,0,0.0,248.7,4.3
2026-02-07T05:15:00Z,11.4,249.8,149.9,349.7,0,0,0.0,249.8,29.9
2026-02-07T05:30:00Z,9.6,286.1,171.7,350,0,0,0.0,286.1,30.7
2026-02-07T05:45:00Z,31.3,221.6,133.0,310.3,0,0,0.0,221.6,25.4
2026-02-07T06:00:00Z,45.7,212.0,127.2,296.8,0.0,0,0.0,212.0,2.3
2026-02-07T06:15:00Z,9.8,203.4,122.1,284.8,0.0,0,0.0,203.4,40.2
2026-02-07T06:30:00Z,38.5,313.7,188.2,350,0.0,0,0.0,313.7,-13.6
2026-02-07T06:45:00Z,19.0,305.1,183.1,350,0.0,0,0.0,305.1,-3.3
2026-02-07T07:00:00Z,24.6,243.8,146.3,341.3,11.5,5.7,14.9,255.3,-0.3
2026-02-07T07:15:00Z,24.0,255.4,153.3,350,12.4,6.2,16.1,267.8,12.6
2026-02-07T07:30:00Z,35.6,257.1,154.3,350,10.8,5.4,14.1,267.9,6.5
2026-02-07T07:45:00Z,36.6,260.8,156.5,350,12.4,6.2,16.1,273.2,-4.4
2026-02-07T08:00:00Z,26.3,268.5,161.1,350,33.9,16.9,44.0,302.4,-9.0
2026-02-07T08:15:00Z,41.4,256.5,153.9,350,33.7,16.8,43.8,290.2,12.5
2026-02-07T08:30:00Z,25.6,269.5,161.7,350,31.2,15.6,40.6,300.7,14.6
2026-02-07T08:45:00Z,22.9,216.6,130.0,303.3,34.1,17.1,44.4,250.8,-11.2
2026-02-07T09:00:00Z,25.0,218.6,131.2,306.0,42.0,21.0,54.6,260.6,-0.1
2026-02-07T09:15:00Z,35.9,263.1,157.9,350,41.8,20.9,54.3,304.9,13.6
2026-02-07T09:30:00Z,4.6,207.5,124.5,290.5,42.1,21.0,54.7,249.6,1.0
2026-02-07T09:45:00Z,8.1,213.4,128.0,298.7,55.1,27.6,71.6,268.5,10.7
2026-02-07T10:00:00Z,27.3,235.3,141.2,329.4,68.7,34.4,89.3,304.0,-11.2
2026-02-07T10:15:00Z,36.7,216.0,129.6,302.4,64.5,32.2,83.8,280.5,-5.7
2026-02-07T10:30:00Z,10.8,234.0,140.4,327.6,68.8,34.4,89.4,302.8,-19.6
2026-02-07T10:45:00Z,20.0,242.8,145.7,340.0,60.8,30.4,79.0,303.6,-16.3
2026-02-07T11:00:00Z,32.2,252.5,151.5,350,91.0,45.5,118.2,343.4,28.1
2026-02-07T11:15:00Z,5.1,302.3,181.4,350,88.9,44.5,115.6,391.3,9.3
2026-02-07T11:30:00Z,37.3,209.5,125.7,293.3,75.7,37.8,98.3,285.2,10.3
2026-02-07T11:45:00Z,14.4,205.7,123.4,288.0,96.4,48.2,120,302.1,6.0
2026-02-07T12:00:00Z,5.5,258.9,155.3,350,98.5,49.3,120,357.4,0.0
2026-02-07T12:15:00Z,3.4,257.0,154.2,350,106.3,53.2,120,363.3,11.3
2026-02-07T12:30:00Z,21.4,249.1,149.4,348.7,83.9,41.9,109.0,332.9,0.6
2026-02-07T12:45:00Z,24.9,186.4,111.8,260.9,98.4,49.2,120,284.7,-2.7
2026-02-07T13:00:00Z,11.1,194.9,117.0,272.9,103.3,51.6,120,298.2,7.1
2026-02-07T13:15:00Z,34.4,213.4,128.0,298.7,95.5,47.7,120,308.8,-6.1
2026-02-07T13:30:00Z,14.8,237.5,142.5,332.5,92.2,46.1,119.8,329.7,-12.0
2026-02-07T13:45:00Z,18.4,187.0,112.2,261.8,106.8,53.4,120,293.8,-16.7
2026-02-07T14:00:00Z,2.7,235.7,141.4,329.9,85.7,42.9,111.4,321.4,16.3
2026-02-07T14:15:00Z,14.2,184.3,110.6,258.0,99.8,49.9,120,284.1,-5.0
2026-02-07T14:30:00Z,44.6,232.2,139.3,325.0,92.1,46.0,119.7,324.2,-1.4
2026-02-07T14:45:00Z,32.6,202.0,121.2,282.7,90.7,45.3,117.9,292.6,-17.3
2026-02-07T15:00:00Z,2.4,251.8,151.1,350,92.9,46.5,120,344.7,-3.6
2026-02-07T15:15:00Z,22.2,222.9,133.7,312.1,80.1,40.0,104.1,303.0,4.8
2026-02-07T15:30:00Z,12.7,194.8,116.9,272.7,92.9,46.4,120,287.6,-7.0
2026-02-07T15:45:00Z,46.7,230.3,138.2,322.4,73.0,36.5,94.8,303.2,4.5
2026-02-07T16:00:00Z,30.8,186.8,112.1,261.6,61.3,30.7,79.7,248.2,12.4
2026-02-07T16:15:00Z,29.8,173.3,104.0,242.6,62.3,31.2,81.0,235.6,35.5
2026-02-07T16:30:00Z,3.3,228.9,137.4,320.5,61.1,30.5,79.4,290.0,-5.3
2026-02-07T16:45:00Z,16.3,187.7,112.6,262.8,66.7,33.4,86.7,254.5,-13.7
2026-02-07T17:00:00Z,13.6,212.2,127.3,297.1,49.4,24.7,64.2,261.6,33.8
2026-02-07T17:15:00Z,46.0,241.5,144.9,338.1,55.9,28.0,72.7,297.4,-6.6
2026-02-07T17:30:00Z,1.1,208.5,125.1,291.8,41.9,21.0,54.5,250.4,4.5
2026-02-07T17:45:00Z,9.3,226.7,136.0,317.4,55.7,27.9,72.4,282.4,5.5
2026-02-07T18:00:00Z,8.8,221.1,132.7,309.5,28.9,14.5,37.6,250.0,22.6
2026-02-07T18:15:00Z,7.2,177.3,106.4,248.3,28.9,14.4,37.5,206.2,-2.4
2026-02-07T18:30:00Z,26.7,166.6,100.0,233.3,34.0,17.0,44.2,200.6,-23.2
2026-02-07T18:45:00Z,15.5,245.7,147.4,344.0,30.3,15.2,39.4,276.0,-14.6
2026-02-07T19:00:00Z,8.2,223.6,134.2,313.0,12.3,6.1,16.0,235.9,0.9
2026-02-07T19:15:00Z,2.1,207.7,124.6,290.8,10.2,5.1,13.3,217.9,4.1
2026-02-07T19:30:00Z,34.2,229.5,137.7,321.2,10.7,5.3,13.8,240.1,-24.5
2026-02-07T19:45:00Z,47.5,205.6,123.4,287.8,11.2,5.6,14.6,216.8,-14.3
2026-02-07T20:00:00Z,38.8,214.3,128.6,300.0,0.0,0.0,0.0,214.3,18.3
2026-02-07T20:15:00Z,31.0,227.7,136.6,318.8,0.0,0.0,0.0,227.7,-16.9
2026-02-07T20:30:00Z,7.7,212.5,127.5,297.5,0.0,0.0,0.0,212.5,14.1
2026-02-07T20:45:00Z,7.0,202.7,121.6,283.7,0.0,0.0,0.0,202.7,-9.8
2026-02-07T21:00:00Z,36.5,175.7,105.4,246.0,0,0,0.0,175.7,-14.9
2026-02-07T21:15:00Z,19.3,199.3,119.6,279.1,0,0,0.0,199.3,2.4
2026-02-07T21:30:00Z,25.9,224.8,134.9,314.7,0,0,0.0,224.8,15.9
2026-02-07T21:45:00Z,44.8,212.2,127.3,297.1,0,0,0.0,212.2,-7.5
2026-02-07T22:00:00Z,19.3,198.5,119.1,277.9,0,0,0.0,198.5,-8.5
2026-02-07T22:15:00Z,5.3,250.5,150.3,350,0,0,0.0,250.5,1.0
2026-02-07T22:30:00Z,26.8,221.8,133.1,310.6,0,0,0.0,221.8,-19.4
2026-02-07T22:45:00Z,18.3,213.6,128.2,299.0,0,0,0.0,213.6,-7.9
2026-02-07T23:00:00Z,9.4,227.1,136.2,317.9,0,0,0.0,227.1,-2.9
2026-02-07T23:15:00Z,47.1,206.0,123.6,288.4,0,0,0.0,206.0,21.9
2026-02-07T23:30:00Z,26.6,207.0,124.2,289.8,0,0,0.0,207.0,-21.3
2026-02-07T23:45:00Z,4.9,204.4,122.7,286.2,0,0,0.0,204.4,0.7
2026-02-08T00:00:00Z,34.2,153.1,91.8,214.3,0,0,0.0,153.1,-24.0
2026-02-08T00:15:00Z,5.9,145.6,87.4,203.8,0,0,0.0,145.6,0.8
2026-02-08T00:30:00Z,8.0,138.8,83.3,194.3,0,0,0.0,138.8,-16.0
2026-02-08T00:45:00Z,15.8,161.4,96.9,226.0,0,0,0.0,161.4,-7.3
2026-02-08T01:00:00Z,24.5,135.0,81.0,189.0,0,0,0.0,135.0,-11.5
2026-02-08T01:15:00Z,15.4,148.9,89.3,208.5,0,0,0.0,148.9,-12.5
2026-02-08T01:30:00Z,31.3,148.5,89.1,208.0,0,0,0.0,148.5,-11.9
2026-02-08T01:45:00Z,23.6,186.5,111.9,261.1,0,0,0.0,186.5,35.6
2026-02-08T02:00:00Z,9.6,129.3,77.6,181.0,0,0,0.0,129.3,-1.3
2026-02-08T02:15:00Z,15.7,137.5,82.5,192.4,0,0,0.0,137.5,-18.9
2026-02-08T02:30:00Z,34.2,170.2,102.1,238.3,0,0,0.0,170.2,-5.4
2026-02-08T02:45:00Z,40.8,179.6,107.8,251.4,0,0,0.0,179.6,-35.3
2026-02-08T03:00:00Z,4.6,192.6,115.5,269.6,0,0,0.0,192.6,-9.4
2026-02-08T03:15:00Z,47.6,134.6,80.8,188.5,0,0,0.0,134.6,9.3
2026-02-08T03:30:00Z,25.8,200.4,120.2,280.6,0,0,0.0,200.4,-5.4
2026-02-08T03:45:00Z,29.8,141.9,85.2,198.7,0,0,0.0,141.9,14.7
2026-02-08T04:00:00Z,6.9,187.3,112.4,262.3,0,0,0.0,187.3,20.9
2026-02-08T04:15:00Z,6.9,138.8,83.3,194.3,0,0,0.0,138.8,-8.3
2026-02-08T04:30:00Z,20.9,144.5,86.7,202.4,0,0,0.0,144.5,-3.1
2026-02-08T04:45:00Z,47.5,127.7,76.6,178.8,0,0,0.0,127.7,4.0
2026-02-08T05:00:00Z,12.5,160.1,96.0,224.1,0,0,0.0,160.1,-26.6
2026-02-08T05:15:00Z,31.1,167.6,100.6,234.7,0,0,0.0,167.6,-7.6
2026-02-08T05:30:00Z,8.2,173.3,104.0,242.6,0,0,0.0,173.3,12.7
2026-02-08T05:45:00Z,26.1,114.2,68.5,159.8,0,0,0.0,114.2,-29.4
2026-02-08T06:00:00Z,46.8,140.6,84.3,196.8,0.0,0,0.0,140.6,-11.5
2026-02-08T06:15:00Z,20.0,153.1,91.8,214.3,0.0,0,0.0,153.1,16.7
2026-02-08T06:30:00Z,32.3,153.0,91.8,214.2,0.0,0,0.0,153.0,-16.6
2026-02-08T06:45:00Z,18.5,152.3,91.4,213.2,0.0,0,0.0,152.3,13.1
2026-02-08T07:00:00Z,39.3,127.5,76.5,178.4,12.1,6.0,15.7,139.5,18.3
2026-02-08T07:15:00Z,22.3,172.5,103.5,241.5,12.1,6.0,15.7,184.6,-0.3
2026-02-08T07:30:00Z,17.3,139.6,83.8,195.5,12.0,6.0,15.5,151.6,-11.7
2026-02-08T07:45:00Z,36.2,130.7,78.4,183.0,10.8,5.4,14.0,141.5,-37.8
2026-02-08T08:00:00Z,44.9,195.7,117.4,274.0,30.6,15.3,39.8,226.4,-4.9
2026-02-08T08:15:00Z,25.9,177.4,106.4,248.3,31.1,15.5,40.4,208.4,-5.6
2026-02-08T08:30:00Z,21.8,174.7,104.8,244.5,32.3,16.1,41.9,206.9,-10.8
2026-02-08T08:45:00Z,30.7,177.1,106.3,247.9,31.4,15.7,40.8,208.5,18.3
2026-02-08T09:00:00Z,41.8,132.2,79.3,185.1,49.6,24.8,64.5,181.8,-9.2
2026-02-08T09:15:00Z,1.8,162.9,97.7,228.1,43.4,21.7,56.4,206.3,27.3
2026-02-08T09:30:00Z,34.8,174.0,104.4,243.5,45.4,22.7,59.0,219.3,6.6
2026-02-08T09:45:00Z,8.2,166.4,99.8,233.0,57.4,28.7,74.6,223.8,-10.7
2026-02-08T10:00:00Z,35.1,189.5,113.7,265.3,79.4,39.7,103.2,268.9,-14.0
2026-02-08T10:15:00Z,40.6,218.7,131.2,306.2,62.2,31.1,80.9,281.0,-1.6
2026-02-08T10:30:00Z,39.3,177.2,106.3,248.0,76.4,38.2,99.3,253.6,3.1
2026-02-08T10:45:00Z,7.7,134.7,80.8,188.5,64.4,32.2,83.7,199.1,4.9
2026-02-08T11:00:00Z,43.8,123.4,74.0,172.8,94.7,47.4,120,218.1,11.5
2026-02-08T11:15:00Z,23.0,148.0,88.8,207.2,78.6,39.3,102.2,226.6,3.4
2026-02-08T11:30:00Z,23.8,83.8,50.3,117.3,88.4,44.2,114.9,172.2,-3.5
2026-02-08T11:45:00Z,47.7,166.5,99.9,233.1,87.5,43.7,113.7,254.0,-24.8
2026-02-08T12:00:00Z,43.6,128.2,76.9,179.5,106.1,53.1,120,234.3,6.1
2026-02-08T12:15:00Z,25.1,114.6,68.8,160.5,91.4,45.7,118.8,206.1,-18.0
2026-02-08T12:30:00Z,19.0,126.9,76.2,177.7,101.9,50.9,120,228.8,-15.3
2026-02-08T12:45:00Z,38.6,140.2,84.1,196.2,95.7,47.9,120,235.9,-14.5
2026-02-08T13:00:00Z,9.4,100.2,60.1,140.2,90.1,45.1,117.2,190.3,-11.4
2026-02-08T13:15:00Z,18.1,145.9,87.5,204.2,91.3,45.7,118.7,237.2,3.2
2026-02-08T13:30:00Z,37.1,140.9,84.5,197.3,118.4,59.2,120,259.3,-8.3
2026-02-08T13:45:00Z,8.4,129.5,77.7,181.3,118.0,59.0,120,247.5,1.9
2026-02-08T14:00:00Z,12.0,83.9,50.4,117.5,97.1,48.5,120,181.0,-9.3
2026-02-08T14:15:00Z,44.3,111.2,66.7,155.7,109.4,54.7,120,220.6,-15.5
2026-02-08T14:30:00Z,2.5,95.1,57.1,133.2,105.2,52.6,120,200.3,1.8
2026-02-08T14:45:00Z,35.1,102.2,61.3,143.1,96.2,48.1,120,198.3,-3.3
2026-02-08T15:00:00Z,8.1,87.6,52.6,122.6,102.6,51.3,120,190.2,4.3
2026-02-08T15:15:00Z,9.0,170.2,102.1,238.2,89.0,44.5,115.7,259.2,11.5
2026-02-08T15:30:00Z,5.4,126.2,75.7,176.7,74.9,37.5,97.4,201.1,-21.0
2026-02-08T15:45:00Z,11.6,171.6,103.0,240.3,72.5,36.3,94.3,244.1,-2.0
2026-02-08T16:00:00Z,39.9,92.4,55.5,129.4,62.4,31.2,81.1,154.8,5.0
2026-02-08T16:15:00Z,37.4,139.8,83.9,195.7,71.7,35.8,93.2,211.5,3.8
2026-02-08T16:30:00Z,21.3,131.4,78.8,184.0,70.9,35.4,92.1,202.3,26.1
2026-02-08T16:45:00Z,1.9,108.1,64.9,151.4,66.7,33.3,86.7,174.8,-14.9
2026-02-08T17:00:00Z,41.4,116.4,69.8,163.0,48.4,24.2,62.9,164.8,15.0
2026-02-08T17:15:00Z,8.8,128.1,76.9,179.3,58.9,29.5,76.6,187.0,10.2
2026-02-08T17:30:00Z,26.8,99.0,59.4,138.6,42.4,21.2,55.1,141.4,7.1
2026-02-08T17:45:00Z,30.9,134.7,80.8,188.6,58.6,29.3,76.2,193.3,19.0
2026-02-08T18:00:00Z,35.2,81.7,49.0,114.4,28.8,14.4,37.4,110.5,16.6
2026-02-08T18:15:00Z,34.9,96.5,57.9,135.1,30.0,15.0,38.9,126.5,2.0
2026-02-08T18:30:00Z,4.4,136.9,82.1,191.7,30.9,15.4,40.2,167.8,-5.7
2026-02-08T18:45:00Z,35.7,72.7,43.6,101.7,26.5,13.3,34.5,99.2,8.7
2026-02-08T19:00:00Z,30.5,114.1,68.5,159.7,12.3,6.2,16.0,126.4,-15.6
2026-02-08T19:15:00Z,11.5,114.0,68.4,159.6,12.6,6.3,16.3,126.6,-27.3
2026-02-08T19:30:00Z,26.9,149.8,89.9,209.7,12.1,6.0,15.7,161.9,-3.6
2026-02-08T19:45:00Z,36.7,142.2,85.3,199.1,11.2,5.6,14.6,153.4,-12.4
2026-02-08T20:00:00Z,15.4,100.4,60.2,140.5,0.0,0.0,0.0,100.4,2.2
2026-02-08T20:15:00Z,15.1,96.7,58.0,135.4,0.0,0.0,0.0,96.7,-12.2
2026-02-08T20:30:00Z,28.4,97.2,58.3,136.1,0.0,0.0,0.0,97.2,-15.9
2026-02-08T20:45:00Z,30.6,100.9,60.6,141.3,0.0,0.0,0.0,100.9,16.5
2026-02-08T21:00:00Z,12.5,121.9,73.1,170.6,0,0,0.0,121.9,-2.4
2026-02-08T21:15:00Z,4.4,153.7,92.2,215.2,0,0,0.0,153.7,13.9
2026-02-08T21:30:00Z,9.1,93.9,56.3,131.4,0,0,0.0,93.9,27.6
2026-02-08T21:45:00Z,37.9,129.4,77.6,181.1,0,0,0.0,129.4,9.9
2026-02-08T22:00:00Z,23.0,122.8,73.7,171.9,0,0,0.0,122.8,19.0
2026-02-08T22:15:00Z,18.4,123.1,73.9,172.3,0,0,0.0,123.1,6.0
2026-02-08T22:30:00Z,6.7,95.4,57.2,133.6,0,0,0.0,95.4,-36.9
2026-02-08T22:45:00Z,18.0,147.7,88.6,206.8,0,0,0.0,147.7,-11.0
2026-02-08T23:00:00Z,38.7,153.4,92.0,214.7,0,0,0.0,153.4,-18.4
2026-02-08T23:15:00Z,8.0,128.0,76.8,179.2,0,0,0.0,128.0,-0.7
2026-02-08T23:30:00Z,4.7,128.1,76.9,179.3,0,0,0.0,128.1,3.2
2026-02-08T23:45:00Z,6.9,185.5,111.3,259.8,0,0,0.0,185.5,8.3
2026-02-09T00:00:00Z,3.5,327.2,196.3,350,0,0,0.0,327.2,17.7
2026-02-09T00:15:00Z,18.4,281.9,169.2,350,0,0,0.0,281.9,4.5
2026-02-09T00:30:00Z,24.5,251.8,151.1,350,0,0,0.0,251.8,-25.4
2026-02-09T00:45:00Z,30.8,288.2,172.9,350,0,0,0.0,288.2,-0.8
2026-02-09T01:00:00Z,16.9,297.6,178.5,350,0,0,0.0,297.6,-5.2
2026-02-09T01:15:00Z,32.4,293.3,176.0,350,0,0,0.0,293.3,10.0
2026-02-09T01:30:00Z,24.4,286.6,172.0,350,0,0,0.0,286.6,-20.0
2026-02-09T01:45:00Z,13.7,267.1,160.3,350,0,0,0.0,267.1,8.5
2026-02-09T02:00:00Z,27.4,265.7,159.4,350,0,0,0.0,265.7,-13.2
2026-02-09T02:15:00Z,25.3,280.3,168.2,350,0,0,0.0,280.3,9.0
2026-02-09T02:30:00Z,1.0,304.4,182.6,350,0,0,0.0,304.4,-24.1
2026-02-09T02:45:00Z,31.9,335.4,201.2,350,0,0,0.0,335.4,-1.7
2026-02-09T03:00:00Z,18.4,281.2,168.7,350,0,0,0.0,281.2,-31.8
2026-02-09T03:15:00Z,31.1,325.9,195.6,350,0,0,0.0,325.9,-24.4
2026-02-09T03:30:00Z,0.4,305.2,183.1,350,0,0,0.0,305.2,-9.4
2026-02-09T03:45:00Z,37.8,341.7,205.0,350,0,0,0.0,341.7,4.2
2026-02-09T04:00:00Z,32.5,299.5,179.7,350,0,0,0.0,299.5,-6.5
2026-02-09T04:15:00Z,7.0,278.8,167.3,350,0,0,0.0,278.8,-19.6
2026-02-09T04:30:00Z,41.2,294.8,176.9,350,0,0,0.0,294.8,14.0
2026-02-09T04:45:00Z,4.2,326.9,196.1,350,0,0,0.0,326.9,-12.6
2026-02-09T05:00:00Z,3.2,297.2,178.3,350,0,0,0.0,297.2,-7.0
2026-02-09T05:15:00Z,39.7,282.7,169.6,350,0,0,0.0,282.7,-6.2
2026-02-09T05:30:00Z,42.8,323.0,193.8,350,0,0,0.0,323.0,13.1
2026-02-09T05:45:00Z,29.4,307.3,184.4,350,0,0,0.0,307.3,-18.0
2026-02-09T06:00:00Z,46.4,291.1,174.7,350,0.0,0,0.0,291.1,-8.1
2026-02-09T06:15:00Z,9.6,315.4,189.3,350,0.0,0,0.0,315.4,-17.5
2026-02-09T06:30:00Z,43.4,336.8,202.1,350,0.0,0,0.0,336.8,1.5
2026-02-09T06:45:00Z,18.5,304.5,182.7,350,0.0,0,0.0,304.5,-16.1
2026-02-09T07:00:00Z,32.7,336.8,202.1,350,10.7,5.4,14.0,347.5,-10.1
2026-02-09T07:15:00Z,40.3,315.5,189.3,350,12.3,6.2,16.1,327.8,-5.8
2026-02-09T07:30:00Z,8.3,319.1,191.5,350,9.4,4.7,12.2,328.5,4.7
2026-02-09T07:45:00Z,36.8,304.7,182.8,350,12.0,6.0,15.6,316.6,-1.7
2026-02-09T08:00:00Z,22.9,306.5,183.9,350,24.7,12.3,32.1,331.2,23.1
2026-02-09T08:15:00Z,40.5,268.6,161.2,350,27.4,13.7,35.6,296.0,-15.1
2026-02-09T08:30:00Z,44.8,319.6,191.7,350,34.1,17.0,44.3,353.7,1.2
2026-02-09T08:45:00Z,36.0,318.4,191.1,350,32.6,16.3,42.4,351.0,3.6
2026-02-09T09:00:00Z,14.7,269.5,161.7,350,53.5,26.8,69.6,323.0,11.5
2026-02-09T09:15:00Z,9.0,322.6,193.6,350,53.3,26.6,69.3,375.9,0.1
2026-02-09T09:30:00Z,16.8,316.0,189.6,350,52.1,26.0,67.7,368.1,-1.3
2026-02-09T09:45:00Z,42.8,294.2,176.5,350,50.6,25.3,65.7,344.8,-3.6
2026-02-09T10:00:00Z,22.7,304.6,182.8,350,64.9,32.5,84.4,369.6,14.6
2026-02-09T10:15:00Z,47.2,295.4,177.3,350,78.1,39.0,101.5,373.5,-7.4
2026-02-09T10:30:00Z,36.9,278.5,167.1,350,82.1,41.1,106.8,360.6,11.0
2026-02-09T10:45:00Z,35.0,259.7,155.8,350,66.5,33.2,86.4,326.2,-17.9
2026-02-09T11:00:00Z,41.7,298.2,178.9,350,84.8,42.4,110.3,383.0,2.1
2026-02-09T11:15:00Z,43.9,272.4,163.5,350,72.5,36.3,94.3,345.0,-3.6
2026-02-09T11:30:00Z,44.0,304.3,182.6,350,83.0,41.5,107.8,387.2,-2.6
2026-02-09T11:45:00Z,30.7,297.7,178.6,350,82.8,41.4,107.6,380.5,9.1
2026-02-09T12:00:00Z,8.9,314.5,188.7,350,99.2,49.6,120,413.7,3.4
2026-02-09T12:15:00Z,37.7,350,210.0,350,104.7,52.4,120,454.7,6.4
2026-02-09T12:30:00Z,31.0,336.2,201.7,350,112.9,56.4,120,449.1,1.9
2026-02-09T12:45:00Z,27.4,256.1,153.7,350,110.3,55.2,120,366.5,-25.7
2026-02-09T13:00:00Z,22.7,292.4,175.5,350,107.3,53.7,120,399.8,18.2
2026-02-09T13:15:00Z,24.2,320.3,192.2,350,89.2,44.6,116.0,409.5,26.6
2026-02-09T13:30:00Z,33.9,297.4,178.4,350,89.2,44.6,116.0,386.6,-4.4
2026-02-09T13:45:00Z,44.4,258.9,155.3,350,106.2,53.1,120,365.1,-13.5
2026-02-09T14:00:00Z,19.8,299.0,179.4,350,88.5,44.3,115.1,387.5,-1.8
2026-02-09T14:15:00Z,16.2,268.3,161.0,350,89.8,44.9,116.7,358.1,0.8
2026-02-09T14:30:00Z,35.6,277.8,166.7,350,96.1,48.0,120,373.8,22.5
2026-02-09T14:45:00Z,46.0,299.8,179.9,350,81.8,40.9,106.3,381.6,9.6
2026-02-09T15:00:00Z,13.5,259.7,155.8,350,84.0,42.0,109.2,343.7,12.0
2026-02-09T15:15:00Z,14.0,297.3,178.4,350,102.4,51.2,120,399.7,-19.0
2026-02-09T15:30:00Z,40.9,270.0,162.0,350,89.5,44.7,116.3,359.5,16.5
2026-02-09T15:45:00Z,29.8,256.8,154.1,350,80.9,40.5,105.2,337.8,5.9
2026-02-09T16:00:00Z,21.4,304.9,183.0,350,67.2,33.6,87.4,372.2,17.4
2026-02-09T16:15:00Z,23.0,280.6,168.3,350,72.1,36.1,93.8,352.7,11.1
2026-02-09T16:30:00Z,42.1,302.2,181.3,350,78.9,39.5,102.6,381.1,7.4
2026-02-09T16:45:00Z,3.8,280.2,168.1,350,79.2,39.6,102.9,359.4,17.5
2026-02-09T17:00:00Z,21.9,239.7,143.8,335.6,42.4,21.2,55.1,282.1,-1.2
2026-02-09T17:15:00Z,20.9,267.5,160.5,350,44.8,22.4,58.3,312.4,-2.9
2026-02-09T17:30:00Z,32.2,297.5,178.5,350,45.2,22.6,58.8,342.7,-13.6
2026-02-09T17:45:00Z,9.2,260.6,156.4,350,59.0,29.5,76.8,319.7,-0.5
2026-02-09T18:00:00Z,38.0,254.3,152.6,350,25.4,12.7,33.0,279.7,2.1
2026-02-09T18:15:00Z,34.9,241.4,144.9,338.0,33.0,16.5,42.9,274.4,7.7
2026-02-09T18:30:00Z,22.3,269.5,161.7,350,28.2,14.1,36.7,297.7,3.5
2026-02-09T18:45:00Z,30.2,218.4,131.1,305.8,29.3,14.6,38.1,247.7,9.7
2026-02-09T19:00:00Z,6.3,298.4,179.0,350,11.8,5.9,15.3,310.2,-25.8
2026-02-09T19:15:00Z,25.2,269.5,161.7,350,11.5,5.8,15.0,281.0,-7.5
2026-02-09T19:30:00Z,9.2,300.7,180.4,350,12.0,6.0,15.6,312.6,10.0
2026-02-09T19:45:00Z,46.6,254.7,152.8,350,9.7,4.8,12.6,264.4,1.4
2026-02-09T20:00:00Z,13.8,255.0,153.0,350,0.0,0.0,0.0,255.0,17.5
2026-02-09T20:15:00Z,17.7,302.1,181.3,350,0.0,0.0,0.0,302.1,-10.3
2026-02-09T20:30:00Z,46.9,271.1,162.7,350,0.0,0.0,0.0,271.1,8.1
2026-02-09T20:45:00Z,20.1,307.8,184.7,350,0.0,0.0,0.0,307.8,-8.1
2026-02-09T21:00:00Z,32.3,257.5,154.5,350,0,0,0.0,257.5,19.5
2026-02-09T21:15:00Z,21.9,276.5,165.9,350,0,0,0.0,276.5,-5.6
2026-02-09T21:30:00Z,19.9,292.5,175.5,350,0,0,0.0,292.5,-6.8
2026-02-09T21:45:00Z,14.6,292.9,175.8,350,0,0,0.0,292.9,-2.5
2026-02-09T22:00:00Z,39.3,319.9,191.9,350,0,0,0.0,319.9,-23.7
2026-02-09T22:15:00Z,21.5,280.8,168.5,350,0,0,0.0,280.8,-9.5
2026-02-09T22:30:00Z,4.8,292.8,175.7,350,0,0,0.0,292.8,-28.4
2026-02-09T22:45:00Z,1.8,283.1,169.8,350,0,0,0.0,283.1,0.3
2026-02-09T23:00:00Z,11.1,300.6,180.3,350,0,0,0.0,300.6,2.6
2026-02-09T23:15:00Z,28.8,316.6,190.0,350,0,0,0.0,316.6,-6.3
2026-02-09T23:30:00Z,26.1,272.5,163.5,350,0,0,0.0,272.5,-10.5
2026-02-09T23:45:00Z,2.3,314.5,188.7,350,0,0,0.0,314.5,13.1
2026-02-10T00:00:00Z,9.8,226.1,135.7,316.6,0,0,0.0,226.1,9.9
2026-02-10T00:15:00Z,21.7,267.6,160.6,350,0,0,0.0,267.6,-2.0
2026-02-10T00:30:00Z,38.3,256.8,154.1,350,0,0,0.0,256.8,12.6
2026-02-10T00:45:00Z,20.2,214.8,128.9,300.7,0,0,0.0,214.8,20.7
2026-02-10T01:00:00Z,25.0,294.1,176.4,350,0,0,0.0,294.1,-10.1
2026-02-10T01:15:00Z,19.5,288.8,173.3,350,0,0,0.0,288.8,-4.7
2026-02-10T01:30:00Z,39.7,252.4,151.4,350,0,0,0.0,252.4,12.4
2026-02-10T01:45:00Z,4.6,232.5,139.5,325.5,0,0,0.0,232.5,4.7
2026-02-10T02:00:00Z,14.2,228.0,136.8,319.2,0,0,0.0,228.0,-29.6
2026-02-10T02:15:00Z,20.6,227.7,136.6,318.8,0,0,0.0,227.7,-10.8
2026-02-10T02:30:00Z,18.1,290.4,174.3,350,0,0,0.0,290.4,-1.8
2026-02-10T02:45:00Z,7.7,249.9,149.9,349.8,0,0,0.0,249.9,9.5
2026-02-10T03:00:00Z,34.6,224.6,134.8,314.5,0,0,0.0,224.6,5.2
2026-02-10T03:15:00Z,20.5,270.5,162.3,350,0,0,0.0,270.5,10.0
2026-02-10T03:30:00Z,25.5,243.7,146.2,341.2,0,0,0.0,243.7,-0.4
2026-02-10T03:45:00Z,19.2,284.5,170.7,350,0,0,0.0,284.5,32.2
2026-02-10T04:00:00Z,14.0,233.5,140.1,326.8,0,0,0.0,233.5,2.0
2026-02-10T04:15:00Z,40.9,224.5,134.7,314.3,0,0,0.0,224.5,-22.7
2026-02-10T04:30:00Z,39.0,255.8,153.5,350,0,0,0.0,255.8,11.9
2026-02-10T04:45:00Z,5.1,213.8,128.3,299.4,0,0,0.0,213.8,-15.2
2026-02-10T05:00:00Z,38.5,273.7,164.2,350,0,0,0.0,273.7,2.9
2026-02-10T05:15:00Z,39.1,264.6,158.8,350,0,0,0.0,264.6,28.3
2026-02-10T05:30:00Z,20.7,238.6,143.1,334.0,0,0,0.0,238.6,-3.1
2026-02-10T05:45:00Z,6.9,244.9,146.9,342.9,0,0,0.0,244.9,10.8
2026-02-10T06:00:00Z,34.5,273.9,164.3,350,0.0,0,0.0,273.9,17.2
2026-02-10T06:15:00Z,38.6,224.3,134.6,314.1,0.0,0,0.0,224.3,-5.7
2026-02-10T06:30:00Z,8.6,271.2,162.7,350,0.0,0,0.0,271.2,4.4
2026-02-10T06:45:00Z,7.0,231.4,138.8,324.0,0.0,0,0.0,231.4,14.4
2026-02-10T07:00:00Z,40.7,210.4,126.2,294.6,9.1,4.5,11.8,219.5,1.4
2026-02-10T07:15:00Z,22.1,287.5,172.5,350,11.9,6.0,15.5,299.4,7.6
2026-02-10T07:30:00Z,32.5,247.5,148.5,346.5,12.5,6.3,16.3,260.0,-12.0
2026-02-10T07:45:00Z,19.8,259.7,155.8,350,10.2,5.1,13.3,270.0,-1.5
2026-02-10T08:00:00Z,20.4,259.1,155.5,350,32.9,16.4,42.7,292.0,-8.9
2026-02-10T08:15:00Z,28.1,272.7,163.6,350,32.8,16.4,42.7,305.6,0.2
2026-02-10T08:30:00Z,7.9,279.6,167.7,350,25.4,12.7,33.1,305.0,-7.0
2026-02-10T08:45:00Z,40.2,275.3,165.2,350,27.9,14.0,36.3,303.2,3.2
2026-02-10T09:00:00Z,29.8,227.7,136.6,318.8,45.1,22.5,58.6,272.8,24.5
2026-02-10T09:15:00Z,8.0,268.0,160.8,350,44.1,22.1,57.4,312.1,-0.6
2026-02-10T09:30:00Z,22.2,169.4,101.6,237.1,48.2,24.1,62.6,217.5,10.2
2026-02-10T09:45:00Z,10.7,260.0,156.0,350,41.4,20.7,53.8,301.3,-15.9
2026-02-10T10:00:00Z,20.5,223.4,134.1,312.8,70.5,35.3,91.7,294.0,-6.9
2026-02-10T10:15:00Z,35.0,284.8,170.9,350,74.3,37.1,96.6,359.1,0.1
2026-02-10T10:30:00Z,10.7,261.9,157.2,350,65.7,32.8,85.4,327.6,-3.7
2026-02-10T10:45:00Z,30.9,219.4,131.6,307.1,69.0,34.5,89.7,288.4,16.2
2026-02-10T11:00:00Z,8.0,234.8,140.9,328.7,73.6,36.8,95.7,308.4,4.5
2026-02-10T11:15:00Z,19.0,199.7,119.8,279.6,94.6,47.3,120,294.4,-3.5
2026-02-10T11:30:00Z,39.4,257.0,154.2,350,85.0,42.5,110.5,342.0,-29.0
2026-02-10T11:45:00Z,0.6,217.0,130.2,303.9,80.9,40.5,105.2,298.0,7.7
2026-02-10T12:00:00Z,37.9,244.8,146.9,342.7,84.9,42.5,110.4,329.7,-18.0
2026-02-10T12:15:00Z,33.0,248.5,149.1,347.9,106.4,53.2,120,354.9,-21.7
2026-02-10T12:30:00Z,42.9,247.4,148.5,346.4,98.0,49.0,120,345.4,14.8
2026-02-10T12:45:00Z,47.5,251.6,151.0,350,106.4,53.2,120,358.0,-14.2
2026-02-10T13:00:00Z,36.0,273.6,164.2,350,105.0,52.5,120,378.6,0.6
2026-02-10T13:15:00Z,39.6,288.6,173.2,350,113.4,56.7,120,402.0,-4.2
2026-02-10T13:30:00Z,18.7,200.1,120.1,280.1,118.4,59.2,120,318.4,-31.8
2026-02-10T13:45:00Z,44.8,201.2,120.7,281.7,102.3,51.1,120,303.5,-1.4
2026-02-10T14:00:00Z,43.5,222.8,133.7,312.0,93.2,46.6,120,316.0,-6.9
2026-02-10T14:15:00Z,18.2,278.1,166.9,350,83.4,41.7,108.5,361.5,25.4
2026-02-10T14:30:00Z,9.9,184.7,110.8,258.5,85.1,42.5,110.6,269.7,20.1
2026-02-10T14:45:00Z,9.2,234.2,140.5,327.9,113.6,56.8,120,347.7,-21.8
2026-02-10T15:00:00Z,26.5,241.8,145.1,338.5,98.3,49.1,120,340.1,8.8
2026-02-10T15:15:00Z,44.5,245.9,147.6,344.3,101.9,51.0,120,347.9,-4.4
2026-02-10T15:30:00Z,8.9,225.6,135.3,315.8,73.0,36.5,94.9,298.6,9.7
2026-02-10T15:45:00Z,25.0,230.2,138.1,322.3,73.3,36.6,95.2,303.5,-17.9
2026-02-10T16:00:00Z,6.5,216.4,129.8,302.9,77.8,38.9,101.1,294.2,20.5
2026-02-10T16:15:00Z,14.7,217.7,130.6,304.8,72.7,36.3,94.5,290.4,-24.5
2026-02-10T16:30:00Z,26.3,171.9,103.1,240.7,67.2,33.6,87.4,239.1,-17.1
2026-02-10T16:45:00Z,37.1,220.7,132.4,309.0,71.4,35.7,92.9,292.1,-10.2
2026-02-10T17:00:00Z,27.6,226.4,135.9,317.0,43.2,21.6,56.2,269.6,-5.1
2026-02-10T17:15:00Z,38.3,209.8,125.9,293.7,44.4,22.2,57.7,254.1,12.0
2026-02-10T17:30:00Z,0.9,259.5,155.7,350,47.5,23.8,61.8,307.0,-18.5
2026-02-10T17:45:00Z,17.7,177.8,106.7,249.0,51.3,25.6,66.6,229.1,-18.6
2026-02-10T18:00:00Z,7.9,221.7,133.0,310.4,25.6,12.8,33.3,247.3,-2.9
2026-02-10T18:15:00Z,43.7,221.5,132.9,310.1,24.9,12.5,32.4,246.4,2.1
2026-02-10T18:30:00Z,33.4,211.0,126.6,295.3,29.3,14.7,38.1,240.3,41.6
2026-02-10T18:45:00Z,24.7,233.3,140.0,326.7,33.7,16.9,43.8,267.1,21.0
2026-02-10T19:00:00Z,2.3,184.1,110.4,257.7,11.0,5.5,14.3,195.1,5.3
2026-02-10T19:15:00Z,1.6,227.1,136.3,318.0,12.2,6.1,15.9,239.4,5.7
2026-02-10T19:30:00Z,30.6,202.3,121.4,283.2,11.7,5.9,15.3,214.0,-5.7
2026-02-10T19:45:00Z,39.2,240.8,144.5,337.1,12.1,6.0,15.7,252.8,4.2
2026-02-10T20:00:00Z,31.1,191.5,114.9,268.1,0.0,0.0,0.0,191.5,-11.6
2026-02-10T20:15:00Z,36.0,186.4,111.8,260.9,0.0,0.0,0.0,186.4,13.1
2026-02-10T20:30:00Z,18.3,241.3,144.8,337.8,0.0,0.0,0.0,241.3,0.2
2026-02-10T20:45:00Z,34.7,250.3,150.2,350,0.0,0.0,0.0,250.3,-0.1
2026-02-10T21:00:00Z,36.9,218.8,131.3,306.3,0,0,0.0,218.8,21.8
2026-02-10T21:15:00Z,10.9,243.3,146.0,340.6,0,0,0.0,243.3,-25.0
2026-02-10T21:30:00Z,20.5,165.3,99.2,231.4,0,0,0.0,165.3,16.8
2026-02-10T21:45:00Z,32.8,255.2,153.1,350,0,0,0.0,255.2,-5.1
2026-02-10T22:00:00Z,46.6,235.7,141.4,330.0,0,0,0.0,235.7,0.3
2026-02-10T22:15:00Z,41.5,223.7,134.2,313.2,0,0,0.0,223.7,16.3
2026-02-10T22:30:00Z,25.9,176.8,106.1,247.5,0,0,0.0,176.8,4.2
2026-02-10T22:45:00Z,39.0,264.8,158.9,350,0,0,0.0,264.8,8.7
2026-02-10T23:00:00Z,47.1,213.2,127.9,298.5,0,0,0.0,213.2,15.2
2026-02-10T23:15:00Z,32.0,214.1,128.5,299.8,0,0,0.0,214.1,33.4
2026-02-10T23:30:00Z,46.3,191.3,114.8,267.9,0,0,0.0,191.3,-12.5
2026-02-10T23:45:00Z,30.8,237.1,142.3,332.0,0,0,0.0,237.1,11.9
2026-02-11T00:00:00Z,13.7,152.0,91.2,212.8,0,0,0.0,152.0,-15.3
2026-02-11T00:15:00Z,44.7,141.6,85.0,198.3,0,0,0.0,141.6,3.1
2026-02-11T00:30:00Z,27.4,125.1,75.1,175.1,0,0,0.0,125.1,9.2
2026-02-11T00:45:00Z,4.6,154.7,92.8,216.6,0,0,0.0,154.7,-2.1
2026-02-11T01:00:00Z,40.3,170.7,102.4,238.9,0,0,0.0,170.7,-18.6
2026-02-11T01:15:00Z,10.7,135.2,81.1,189.3,0,0,0.0,135.2,-23.8
2026-02-11T01:30:00Z,29.3,107.4,64.5,150.4,0,0,0.0,107.4,-4.0
2026-02-11T01:45:00Z,0.3,127.5,76.5,178.5,0,0,0.0,127.5,21.7
2026-02-11T02:00:00Z,31.9,184.4,110.6,258.1,0,0,0.0,184.4,0.1
2026-02-11T02:15:00Z,13.7,115.9,69.5,162.3,0,0,0.0,115.9,15.1
2026-02-11T02:30:00Z,36.6,130.7,78.4,183.0,0,0,0.0,130.7,9.8
2026-02-11T02:45:00Z,44.0,176.6,105.9,247.2,0,0,0.0,176.6,35.9
2026-02-11T03:00:00Z,1.5,137.7,82.6,192.8,0,0,0.0,137.7,2.7
2026-02-11T03:15:00Z,42.5,179.6,107.8,251.4,0,0,0.0,179.6,2.3
2026-02-11T03:30:00Z,12.8,183.3,110.0,256.6,0,0,0.0,183.3,6.4
2026-02-11T03:45:00Z,7.0,163.5,98.1,228.9,0,0,0.0,163.5,2.0
2026-02-11T04:00:00Z,14.0,143.5,86.1,200.9,0,0,0.0,143.5,15.1
2026-02-11T04:15:00Z,18.1,149.6,89.8,209.5,0,0,0.0,149.6,-6.2
2026-02-11T04:30:00Z,32.2,133.9,80.4,187.5,0,0,0.0,133.9,-10.3
2026-02-11T04:45:00Z,39.9,159.6,95.8,223.4,0,0,0.0,159.6,24.3
2026-02-11T05:00:00Z,5.7,146.1,87.6,204.5,0,0,0.0,146.1,8.6
2026-02-11T05:15:00Z,31.8,156.5,93.9,219.1,0,0,0.0,156.5,15.5
2026-02-11T05:30:00Z,46.6,158.0,94.8,221.2,0,0,0.0,158.0,-9.3
2026-02-11T05:45:00Z,25.6,111.9,67.1,156.6,0,0,0.0,111.9,10.5
2026-02-11T06:00:00Z,21.6,141.6,84.9,198.2,0.0,0,0.0,141.6,-7.2
2026-02-11T06:15:00Z,5.1,126.9,76.1,177.6,0.0,0,0.0,126.9,4.2
2026-02-11T06:30:00Z,12.1,188.1,112.8,263.3,0.0,0,0.0,188.1,14.5
2026-02-11T06:45:00Z,27.6,177.1,106.3,248.0,0.0,0,0.0,177.1,7.6
2026-02-11T07:00:00Z,9.7,164.4,98.6,230.1,8.9,4.5,11.6,173.3,-16.7
2026-02-11T07:15:00Z,5.0,113.8,68.3,159.3,9.7,4.9,12.7,123.5,-3.1
2026-02-11T07:30:00Z,44.1,126.4,75.8,176.9,11.0,5.5,14.3,137.3,0.3
2026-02-11T07:45:00Z,0.8,144.4,86.6,202.1,11.5,5.8,15.0,155.9,19.7
2026-02-11T08:00:00Z,12.1,153.0,91.8,214.2,29.5,14.8,38.4,182.6,6.6
2026-02-11T08:15:00Z,16.5,122.3,73.4,171.2,30.7,15.3,39.9,153.0,-3.4
2026-02-11T08:30:00Z,23.3,127.8,76.7,178.9,26.1,13.0,33.9,153.9,-1.7
2026-02-11T08:45:00Z,41.3,169.2,101.5,236.9,33.4,16.7,43.4,202.6,20.7
2026-02-11T09:00:00Z,33.2,144.5,86.7,202.2,52.6,26.3,68.3,197.0,-23.8
2026-02-11T09:15:00Z,11.7,103.6,62.1,145.0,55.7,27.8,72.4,159.2,30.0
2026-02-11T09:30:00Z,41.6,133.2,79.9,186.5,41.7,20.8,54.2,174.9,-7.4
2026-02-11T09:45:00Z,39.5,139.6,83.7,195.4,58.3,29.1,75.7,197.8,-25.8
2026-02-11T10:00:00Z,3.2,119.3,71.6,167.0,73.7,36.8,95.8,193.0,8.5
2026-02-11T10:15:00Z,32.5,125.2,75.1,175.3,62.1,31.0,80.7,187.3,-20.4
2026-02-11T10:30:00Z,17.1,152.8,91.7,213.9,66.3,33.2,86.2,219.1,1.1
2026-02-11T10:45:00Z,8.7,136.7,82.0,191.4,66.1,33.1,86.0,202.9,3.5
2026-02-11T11:00:00Z,8.7,94.3,56.6,132.0,74.8,37.4,97.2,169.1,-7.8
2026-02-11T11:15:00Z,27.9,161.0,96.6,225.4,95.8,47.9,120,256.8,-3.5
2026-02-11T11:30:00Z,9.9,143.8,86.3,201.4,93.4,46.7,120,237.2,-18.5
2026-02-11T11:45:00Z,46.5,119.7,71.8,167.6,90.4,45.2,117.6,210.1,0.2
2026-02-11T12:00:00Z,30.8,127.1,76.2,177.9,94.1,47.1,120,221.2,-8.3
2026-02-11T12:15:00Z,34.9,122.9,73.7,172.1,100.7,50.4,120,223.6,17.1
2026-02-11T12:30:00Z,40.2,116.0,69.6,162.5,106.5,53.3,120,222.6,10.2
2026-02-11T12:45:00Z,25.8,111.9,67.1,156.6,98.7,49.3,120,210.5,6.6
2026-02-11T13:00:00Z,1.2,119.8,71.9,167.7,116.5,58.2,120,236.2,-18.8
2026-02-11T13:15:00Z,29.3,117.8,70.7,165.0,113.7,56.9,120,231.5,-14.8
2026-02-11T13:30:00Z,36.6,96.3,57.8,134.8,85.1,42.6,110.6,181.4,5.5
2026-02-11T13:45:00Z,38.5,144.8,86.9,202.7,88.3,44.1,114.8,233.0,-2.4
2026-02-11T14:00:00Z,41.6,104.6,62.7,146.4,110.5,55.3,120,215.1,4.8
2026-02-11T14:15:00Z,5.1,120.1,72.1,168.2,93.4,46.7,120,213.5,1.9
2026-02-11T14:30:00Z,17.3,145.3,87.2,203.4,109.9,55.0,120,255.2,1.1
2026-02-11T14:45:00Z,38.9,96.2,57.7,134.7,101.8,50.9,120,198.0,-21.8
2026-02-11T15:00:00Z,43.2,120.2,72.1,168.3,100.2,50.1,120,220.4,-5.5
2026-02-11T15:15:00Z,7.1,128.2,76.9,179.4,86.0,43.0,111.9,214.2,-1.2
2026-02-11T15:30:00Z,3.8,68.5,41.1,95.9,101.9,50.9,120,170.4,3.6
2026-02-11T15:45:00Z,23.7,94.5,56.7,132.3,95.0,47.5,120,189.5,-6.5
2026-02-11T16:00:00Z,5.1,66.4,39.8,92.9,68.9,34.5,89.6,135.3,11.0
2026-02-11T16:15:00Z,41.8,94.2,56.5,131.9,82.9,41.5,107.8,177.1,-3.3
2026-02-11T16:30:00Z,19.4,128.6,77.2,180.1,73.7,36.8,95.8,202.3,-11.7
2026-02-11T16:45:00Z,34.1,102.0,61.2,142.8,77.1,38.6,100.3,179.1,13.5
2026-02-11T17:00:00Z,35.0,114.5,68.7,160.3,50.3,25.2,65.5,164.8,-8.6
2026-02-11T17:15:00Z,7.4,84.2,50.5,117.9,47.3,23.6,61.5,131.5,-22.8
2026-02-11T17:30:00Z,6.5,112.0,67.2,156.8,56.0,28.0,72.8,168.0,-8.6
2026-02-11T17:45:00Z,2.2,119.8,71.9,167.7,48.9,24.5,63.6,168.7,-18.1
2026-02-11T18:00:00Z,40.6,102.4,61.5,143.4,31.5,15.7,40.9,133.9,-17.7
2026-02-11T18:15:00Z,0.6,109.9,65.9,153.9,26.5,13.2,34.4,136.4,12.6
2026-02-11T18:30:00Z,15.7,67.1,40.3,93.9,34.2,17.1,44.5,101.3,3.3
2026-02-11T18:45:00Z,10.2,134.8,80.9,188.7,26.4,13.2,34.3,161.1,-6.4
2026-02-11T19:00:00Z,9.9,87.9,52.8,123.1,9.8,4.9,12.7,97.7,9.6
2026-02-11T19:15:00Z,47.5,129.9,77.9,181.8,11.7,5.9,15.3,141.6,22.1
2026-02-11T19:30:00Z,38.6,117.6,70.6,164.7,11.4,5.7,14.8,129.0,6.6
2026-02-11T19:45:00Z,45.5,84.3,50.6,118.0,9.8,4.9,12.7,94.1,-2.6
2026-02-11T20:00:00Z,27.0,138.1,82.8,193.3,0.0,0.0,0.0,138.1,-8.4
2026-02-11T20:15:00Z,1.1,92.0,55.2,128.8,0.0,0.0,0.0,92.0,7.1
2026-02-11T20:30:00Z,10.6,52.6,31.6,73.6,0.0,0.0,0.0,52.6,13.9
2026-02-11T20:45:00Z,42.3,100.5,60.3,140.7,0.0,0.0,0.0,100.5,-16.7
2026-02-11T21:00:00Z,3.3,118.3,71.0,165.6,0,0,0.0,118.3,31.1
2026-02-11T21:15:00Z,30.0,80.4,48.3,112.6,0,0,0.0,80.4,7.6
2026-02-11T21:30:00Z,10.8,109.0,65.4,152.6,0,0,0.0,109.0,-8.4
2026-02-11T21:45:00Z,24.3,97.0,58.2,135.8,0,0,0.0,97.0,5.6
2026-02-11T22:00:00Z,26.3,100.9,60.6,141.3,0,0,0.0,100.9,-11.2
2026-02-11T22:15:00Z,32.1,127.7,76.6,178.8,0,0,0.0,127.7,-5.3
2026-02-11T22:30:00Z,34.7,138.7,83.2,194.2,0,0,0.0,138.7,-28.1
2026-02-11T22:45:00Z,46.0,116.9,70.2,163.7,0,0,0.0,116.9,-18.3
2026-02-11T23:00:00Z,43.8,79.7,47.8,111.6,0,0,0.0,79.7,25.3
2026-02-11T23:15:00Z,4.3,138.9,83.3,194.4,0,0,0.0,138.9,2.6
2026-02-11T23:30:00Z,41.0,142.9,85.8,200.1,0,0,0.0,142.9,-5.3
2026-02-11T23:45:00Z,21.1,188.9,113.3,264.5,0,0,0.0,188.9,-3.3
2026-02-12T00:00:00Z,30.6,285.9,171.5,350,0,0,0.0,285.9,6.2
2026-02-12T00:15:00Z,13.2,268.9,161.4,350,0,0,0.0,268.9,-13.4
2026-02-12T00:30:00Z,1.0,255.0,153.0,350,0,0,0.0,255.0,-17.9
2026-02-12T00:45:00Z,10.6,258.4,155.1,350,0,0,0.0,258.4,-9.2
2026-02-12T01:00:00Z,10.0,269.4,161.7,350,0,0,0.0,269.4,-15.3
2026-02-12T01:15:00Z,3.8,333.2,199.9,350,0,0,0.0,333.2,-13.0
2026-02-12T01:30:00Z,21.8,268.6,161.1,350,0,0,0.0,268.6,-13.3
2026-02-12T01:45:00Z,0.6,316.9,190.1,350,0,0,0.0,316.9,-15.6
2026-02-12T02:00:00Z,0.6,300.7,180.4,350,0,0,0.0,300.7,1.5
2026-02-12T02:15:00Z,47.8,253.5,152.1,350,0,0,0.0,253.5,3.3
2026-02-12T02:30:00Z,28.1,277.1,166.2,350,0,0,0.0,277.1,-4.3
2026-02-12T02:45:00Z,14.7,279.5,167.7,350,0,0,0.0,279.5,5.8
2026-02-12T03:00:00Z,7.5,325.2,195.1,350,0,0,0.0,325.2,-0.7
2026-02-12T03:15:00Z,25.4,327.9,196.7,350,0,0,0.0,327.9,28.0
2026-02-12T03:30:00Z,7.2,295.9,177.5,350,0,0,0.0,295.9,1.6
2026-02-12T03:45:00Z,22.5,257.9,154.7,350,0,0,0.0,257.9,7.1
2026-02-12T04:00:00Z,5.8,286.3,171.8,350,0,0,0.0,286.3,8.9
2026-02-12T04:15:00Z,15.1,312.9,187.8,350,0,0,0.0,312.9,-4.2
2026-02-12T04:30:00Z,0.7,326.5,195.9,350,0,0,0.0,326.5,-8.1
2026-02-12T04:45:00Z,26.8,270.1,162.1,350,0,0,0.0,270.1,-12.0
2026-02-12T05:00:00Z,39.4,296.8,178.1,350,0,0,0.0,296.8,-12.3
2026-02-12T05:15:00Z,6.5,343.2,205.9,350,0,0,0.0,343.2,9.5
2026-02-12T05:30:00Z,16.9,263.9,158.4,350,0,0,0.0,263.9,-5.2
2026-02-12T05:45:00Z,13.7,276.9,166.1,350,0,0,0.0,276.9,-0.0
2026-02-12T06:00:00Z,32.6,290.1,174.1,350,0.0,0,0.0,290.1,9.7
2026-02-12T06:15:00Z,6.8,350,210.0,350,0.0,0,0.0,350.0,-9.1
2026-02-12T06:30:00Z,24.3,326.6,196.0,350,0.0,0,0.0,326.6,2.6
2026-02-12T06:45:00Z,36.6,209.2,125.5,292.9,0.0,0,0.0,209.2,-9.7
2026-02-12T07:00:00Z,21.9,331.3,198.8,350,8.9,4.4,11.5,340.2,-10.4
2026-02-12T07:15:00Z,30.3,296.0,177.6,350,9.3,4.7,12.1,305.3,6.8
2026-02-12T07:30:00Z,41.8,295.8,177.5,350,10.3,5.2,13.5,306.1,-23.7
2026-02-12T07:45:00Z,43.4,274.1,164.5,350,11.8,5.9,15.4,286.0,17.3
2026-02-12T08:00:00Z,21.4,263.8,158.3,350,32.9,16.5,42.8,296.8,3.0
2026-02-12T08:15:00Z,44.5,264.7,158.8,350,29.9,14.9,38.8,294.5,-14.3
2026-02-12T08:30:00Z,22.9,304.5,182.7,350,29.0,14.5,37.7,333.5,50.8
2026-02-12T08:45:00Z,8.8,302.9,181.7,350,27.2,13.6,35.4,330.1,-1.1
2026-02-12T09:00:00Z,18.1,265.4,159.2,350,46.3,23.1,60.2,311.7,5.5
2026-02-12T09:15:00Z,36.7,268.6,161.1,350,48.0,24.0,62.4,316.6,-2.1
2026-02-12T09:30:00Z,15.1,285.7,171.4,350,53.9,27.0,70.1,339.6,24.3
2026-02-12T09:45:00Z,31.2,273.6,164.2,350,44.7,22.4,58.1,318.3,10.1
2026-02-12T10:00:00Z,13.4,304.7,182.8,350,64.6,32.3,84.0,369.3,10.9
2026-02-12T10:15:00Z,42.6,305.1,183.1,350,79.5,39.8,103.4,384.7,5.7
2026-02-12T10:30:00Z,14.7,258.8,155.3,350,63.3,31.6,82.3,322.1,-0.5
2026-02-12T10:45:00Z,12.1,315.3,189.2,350,69.3,34.7,90.2,384.6,-0.5
2026-02-12T11:00:00Z,36.5,284.7,170.8,350,76.4,38.2,99.3,361.1,-12.4
2026-02-12T11:15:00Z,35.5,290.3,174.2,350,94.2,47.1,120,384.4,6.4
2026-02-12T11:30:00Z,26.4,304.5,182.7,350,79.5,39.7,103.3,384.0,10.0
2026-02-12T11:45:00Z,22.6,237.0,142.2,331.8,96.7,48.3,120,333.7,4.2
2026-02-12T12:00:00Z,27.8,244.2,146.5,341.9,95.2,47.6,120,339.5,24.7
2026-02-12T12:15:00Z,35.3,238.7,143.2,334.2,81.1,40.5,105.4,319.8,-32.2
2026-02-12T12:30:00Z,44.7,257.8,154.7,350,107.1,53.5,120,364.9,3.9
2026-02-12T12:45:00Z,13.3,270.5,162.3,350,82.5,41.3,107.3,353.0,-7.8
2026-02-12T13:00:00Z,23.0,263.2,157.9,350,97.6,48.8,120,360.8,16.8
2026-02-12T13:15:00Z,16.3,297.7,178.6,350,88.0,44.0,114.4,385.7,-1.1
2026-02-12T13:30:00Z,0.9,322.1,193.3,350,119.4,59.7,120,441.5,17.3
2026-02-12T13:45:00Z,44.7,278.5,167.1,350,111.2,55.6,120,389.8,8.1
2026-02-12T14:00:00Z,5.0,267.6,160.6,350,92.7,46.3,120,360.3,23.4
2026-02-12T14:15:00Z,8.6,273.9,164.4,350,111.8,55.9,120,385.8,-6.7
2026-02-12T14:30:00Z,40.1,285.4,171.2,350,114.5,57.3,120,399.9,3.3
2026-02-12T14:45:00Z,37.0,270.7,162.4,350,105.9,52.9,120,376.6,19.5
2026-02-12T15:00:00Z,23.0,276.0,165.6,350,83.9,42.0,109.1,359.9,13.7
2026-02-12T15:15:00Z,23.5,246.7,148.0,345.4,97.8,48.9,120,344.6,17.1
2026-02-12T15:30:00Z,10.4,282.7,169.6,350,90.4,45.2,117.5,373.1,-5.7
2026-02-12T15:45:00Z,35.6,287.3,172.4,350,74.8,37.4,97.2,362.1,42.1
2026-02-12T16:00:00Z,27.2,274.3,164.6,350,60.5,30.2,78.6,334.7,28.3
2026-02-12T16:15:00Z,37.4,256.6,154.0,350,61.0,30.5,79.4,317.7,-30.4
2026-02-12T16:30:00Z,15.4,208.8,125.3,292.3,75.8,37.9,98.5,284.6,2.7
2026-02-12T16:45:00Z,36.8,280.3,168.2,350,60.9,30.4,79.2,341.2,5.6
2026-02-12T17:00:00Z,29.6,233.1,139.9,326.4,44.7,22.4,58.1,277.8,-25.7
2026-02-12T17:15:00Z,6.9,224.2,134.5,313.8,49.6,24.8,64.5,273.8,-15.1
2026-02-12T17:30:00Z,40.2,225.5,135.3,315.7,50.7,25.4,65.9,276.2,8.3
2026-02-12T17:45:00Z,37.6,228.6,137.2,320.1,50.5,25.2,65.6,279.1,14.9
2026-02-12T18:00:00Z,10.7,283.8,170.3,350,28.5,14.3,37.1,312.3,1.1
2026-02-12T18:15:00Z,6.2,257.1,154.2,350,33.9,16.9,44.0,290.9,-18.7
2026-02-12T18:30:00Z,47.2,263.2,157.9,350,27.5,13.7,35.7,290.7,-12.4
2026-02-12T18:45:00Z,19.2,245.7,147.4,344.0,27.5,13.7,35.7,273.2,1.8
2026-02-12T19:00:00Z,21.7,280.7,168.4,350,11.6,5.8,15.1,292.3,-17.4
2026-02-12T19:15:00Z,29.4,275.2,165.1,350,11.9,6.0,15.5,287.1,-11.6
2026-02-12T19:30:00Z,44.2,268.7,161.2,350,9.3,4.7,12.1,278.0,3.2
2026-02-12T19:45:00Z,5.9,264.6,158.7,350,11.0,5.5,14.3,275.6,11.1
2026-02-12T20:00:00Z,8.6,270.4,162.2,350,0.0,0.0,0.0,270.4,-2.9
2026-02-12T20:15:00Z,24.7,228.7,137.2,320.2,0.0,0.0,0.0,228.7,-12.0
2026-02-12T20:30:00Z,12.0,266.7,160.0,350,0.0,0.0,0.0,266.7,-15.0
2026-02-12T20:45:00Z,22.1,256.6,154.0,350,0.0,0.0,0.0,256.6,-12.5
2026-02-12T21:00:00Z,28.6,278.5,167.1,350,0,0,0.0,278.5,-0.3
2026-02-12T21:15:00Z,2.4,255.2,153.1,350,0,0,0.0,255.2,7.5
2026-02-12T21:30:00Z,12.3,276.9,166.1,350,0,0,0.0,276.9,3.6
2026-02-12T21:45:00Z,22.9,265.4,159.3,350,0,0,0.0,265.4,13.6
2026-02-12T22:00:00Z,9.3,230.9,138.5,323.3,0,0,0.0,230.9,-1.2
2026-02-12T22:15:00Z,43.9,301.9,181.2,350,0,0,0.0,301.9,6.0
2026-02-12T22:30:00Z,23.5,283.1,169.9,350,0,0,0.0,283.1,16.6
2026-02-12T22:45:00Z,40.3,299.5,179.7,350,0,0,0.0,299.5,-12.8
2026-02-12T23:00:00Z,29.4,293.7,176.2,350,0,0,0.0,293.7,4.3
2026-02-12T23:15:00Z,2.1,306.9,184.1,350,0,0,0.0,306.9,12.4
2026-02-12T23:30:00Z,27.3,288.1,172.8,350,0,0,0.0,288.1,2.9
2026-02-12T23:45:00Z,21.3,271.8,163.1,350,0,0,0.0,271.8,-5.0
2026-02-13T00:00:00Z,8.6,184.2,110.5,257.9,0,0,0.0,184.2,-8.5
2026-02-13T00:15:00Z,4.5,152.0,91.2,212.8,0,0,0.0,152.0,-29.6
2026-02-13T00:30:00Z,8.5,205.0,123.0,286.9,0,0,0.0,205.0,-24.1
2026-02-13T00:45:00Z,42.9,184.8,110.9,258.7,0,0,0.0,184.8,-16.7
2026-02-13T01:00:00Z,30.3,143.4,86.0,200.7,0,0,0.0,143.4,-18.2
2026-02-13T01:15:00Z,47.6,221.0,132.6,309.4,0,0,0.0,221.0,21.5
2026-02-13T01:30:00Z,15.6,213.5,128.1,298.8,0,0,0.0,213.5,8.3
2026-02-13T01:45:00Z,5.0,197.7,118.6,276.8,0,0,0.0,197.7,5.3
2026-02-13T02:00:00Z,5.5,177.4,106.4,248.4,0,0,0.0,177.4,2.4
2026-02-13T02:15:00Z,28.2,185.3,111.2,259.5,0,0,0.0,185.3,2.6
2026-02-13T02:30:00Z,47.7,211.6,127.0,296.3,0,0,0.0,211.6,-7.1
2026-02-13T02:45:00Z,11.6,213.3,128.0,298.6,0,0,0.0,213.3,-6.6
2026-02-13T03:00:00Z,29.5,199.9,120.0,279.9,0,0,0.0,199.9,-12.6
2026-02-13T03:15:00Z,25.5,187.3,112.4,262.2,0,0,0.0,187.3,-18.3
2026-02-13T03:30:00Z,24.8,159.1,95.5,222.8,0,0,0.0,159.1,5.2
2026-02-13T03:45:00Z,5.3,220.6,132.3,308.8,0,0,0.0,220.6,30.9
2026-02-13T04:00:00Z,26.6,190.2,114.1,266.3,0,0,0.0,190.2,11.1
2026-02-13T04:15:00Z,0.6,196.5,117.9,275.0,0,0,0.0,196.5,-13.6
2026-02-13T04:30:00Z,17.1,193.9,116.3,271.4,0,0,0.0,193.9,3.9
2026-02-13T04:45:00Z,4.8,171.8,103.1,240.6,0,0,0.0,171.8,9.7
2026-02-13T05:00:00Z,34.8,219.6,131.8,307.5,0,0,0.0,219.6,-4.5
2026-02-13T05:15:00Z,25.1,202.3,121.4,283.2,0,0,0.0,202.3,-25.9
2026-02-13T05:30:00Z,1.1,257.3,154.4,350,0,0,0.0,257.3,-10.6
2026-02-13T05:45:00Z,35.1,247.2,148.3,346.0,0,0,0.0,247.2,-9.1
2026-02-13T06:00:00Z,15.0,191.5,114.9,268.1,0.0,0,0.0,191.5,-1.8
2026-02-13T06:15:00Z,34.8,223.9,134.3,313.4,0.0,0,0.0,223.9,25.5
2026-02-13T06:30:00Z,26.4,188.7,113.2,264.2,0.0,0,0.0,188.7,10.1
2026-02-13T06:45:00Z,46.2,220.0,132.0,308.0,0.0,0,0.0,220.0,17.5
2026-02-13T07:00:00Z,35.5,144.2,86.5,201.8,11.2,5.6,14.6,155.4,-4.6
2026-02-13T07:15:00Z,11.7,216.4,129.8,302.9,11.6,5.8,15.0,227.9,-17.0
2026-02-13T07:30:00Z,35.3,226.8,136.1,317.5,9.8,4.9,12.7,236.5,0.3
2026-02-13T07:45:00Z,22.7,222.6,133.5,311.6,9.7,4.8,12.6,232.3,7.7
2026-02-13T08:00:00Z,9.9,179.9,108.0,251.9,27.8,13.9,36.1,207.7,-2.7
2026-02-13T08:15:00Z,14.9,173.8,104.3,243.3,33.6,16.8,43.7,207.4,9.8
2026-02-13T08:30:00Z,9.8,183.8,110.3,257.3,27.9,14.0,36.3,211.7,-12.7
2026-02-13T08:45:00Z,6.5,175.8,105.5,246.1,33.4,16.7,43.4,209.2,15.9
2026-02-13T09:00:00Z,36.6,221.4,132.8,309.9,52.6,26.3,68.4,274.0,14.5
2026-02-13T09:15:00Z,15.5,212.1,127.3,297.0,57.9,28.9,75.2,270.0,-5.9
2026-02-13T09:30:00Z,46.2,186.7,112.0,261.4,48.4,24.2,62.9,235.1,-7.9
2026-02-13T09:45:00Z,44.0,215.6,129.4,301.9,46.6,23.3,60.6,262.2,-10.8
2026-02-13T10:00:00Z,43.2,233.9,140.4,327.5,81.8,40.9,106.3,315.7,-21.4
2026-02-13T10:15:00Z,24.6,231.1,138.7,323.5,66.8,33.4,86.8,297.9,-21.3
2026-02-13T10:30:00Z,39.7,178.0,106.8,249.2,73.7,36.8,95.8,251.7,-11.3
2026-02-13T10:45:00Z,47.4,189.2,113.5,264.9,59.3,29.7,77.1,248.5,-2.3
2026-02-13T11:00:00Z,10.3,165.6,99.4,231.9,92.1,46.1,119.8,257.8,-3.3
2026-02-13T11:15:00Z,10.3,207.0,124.2,289.9,73.8,36.9,95.9,280.8,5.0
2026-02-13T11:30:00Z,42.1,196.2,117.7,274.7,94.8,47.4,120,291.0,28.9
2026-02-13T11:45:00Z,2.7,192.4,115.5,269.4,95.3,47.7,120,287.8,16.6
2026-02-13T12:00:00Z,18.3,206.2,123.7,288.6,96.4,48.2,120,302.6,-7.0
2026-02-13T12:15:00Z,33.0,164.1,98.4,229.7,98.7,49.4,120,262.8,-11.7
2026-02-13T12:30:00Z,13.3,201.6,121.0,282.2,105.7,52.9,120,307.3,-4.3
2026-02-13T12:45:00Z,2.4,188.4,113.1,263.8,96.7,48.3,120,285.1,5.0
2026-02-13T13:00:00Z,35.6,132.1,79.2,184.9,97.9,48.9,120,229.9,0.2
2026-02-13T13:15:00Z,44.7,181.9,109.1,254.7,110.3,55.2,120,292.2,8.9
2026-02-13T13:30:00Z,4.4,188.9,113.3,264.5,85.5,42.7,111.1,274.4,16.7
2026-02-13T13:45:00Z,45.1,199.1,119.4,278.7,117.1,58.5,120,316.1,-18.9
2026-02-13T14:00:00Z,29.8,204.1,122.5,285.8,114.2,57.1,120,318.4,9.5
2026-02-13T14:15:00Z,27.6,196.2,117.7,274.7,95.6,47.8,120,291.8,-8.7
2026-02-13T14:30:00Z,13.0,185.0,111.0,259.0,97.0,48.5,120,282.0,11.4
2026-02-13T14:45:00Z,32.7,167.7,100.6,234.7,87.8,43.9,114.2,255.5,-22.2
2026-02-13T15:00:00Z,2.1,136.2,81.7,190.7,97.5,48.8,120,233.7,-5.0
2026-02-13T15:15:00Z,2.2,146.4,87.9,205.0,74.5,37.2,96.8,220.9,10.0
2026-02-13T15:30:00Z,6.5,164.8,98.9,230.8,72.4,36.2,94.2,237.3,-1.5
2026-02-13T15:45:00Z,1.7,172.1,103.2,240.9,81.1,40.6,105.5,253.2,-0.7
2026-02-13T16:00:00Z,28.6,187.5,112.5,262.5,79.4,39.7,103.2,266.9,-30.1
2026-02-13T16:15:00Z,32.1,169.1,101.5,236.8,79.6,39.8,103.4,248.7,4.0
2026-02-13T16:30:00Z,30.0,143.4,86.1,200.8,75.2,37.6,97.8,218.6,-17.4
2026-02-13T16:45:00Z,37.6,162.3,97.4,227.2,60.4,30.2,78.6,222.7,2.4
2026-02-13T17:00:00Z,36.7,173.8,104.3,243.3,51.1,25.6,66.5,224.9,16.3
2026-02-13T17:15:00Z,45.1,178.5,107.1,249.9,46.5,23.2,60.4,225.0,-15.3
2026-02-13T17:30:00Z,13.5,125.4,75.3,175.6,54.8,27.4,71.2,180.2,9.5
2026-02-13T17:45:00Z,0.5,171.5,102.9,240.0,56.4,28.2,73.3,227.8,-4.5
2026-02-13T18:00:00Z,20.7,218.2,130.9,305.5,25.6,12.8,33.2,243.8,-7.9
2026-02-13T18:15:00Z,25.2,164.1,98.5,229.7,32.1,16.1,41.8,196.2,-13.2
2026-02-13T18:30:00Z,7.0,160.2,96.1,224.2,34.3,17.1,44.5,194.4,-6.1
2026-02-13T18:45:00Z,22.2,184.3,110.6,258.0,30.9,15.4,40.1,215.1,30.3
2026-02-13T19:00:00Z,44.4,145.6,87.4,203.9,12.5,6.2,16.2,158.1,1.1
2026-02-13T19:15:00Z,34.8,171.9,103.2,240.7,10.1,5.0,13.1,182.0,-22.1
2026-02-13T19:30:00Z,5.7,149.1,89.5,208.8,10.7,5.4,13.9,159.8,-4.8
2026-02-13T19:45:00Z,17.1,154.6,92.8,216.4,9.1,4.6,11.8,163.7,-3.9
2026-02-13T20:00:00Z,26.3,193.3,116.0,270.6,0.0,0.0,0.0,193.3,25.1
2026-02-13T20:15:00Z,41.5,137.0,82.2,191.8,0.0,0.0,0.0,137.0,8.4
2026-02-13T20:30:00Z,14.1,146.0,87.6,204.4,0.0,0.0,0.0,146.0,-9.6
2026-02-13T20:45:00Z,11.9,134.5,80.7,188.3,0.0,0.0,0.0,134.5,1.8
2026-02-13T21:00:00Z,0.3,227.7,136.6,318.8,0,0,0.0,227.7,-1.9
2026-02-13T21:15:00Z,9.5,164.9,99.0,230.9,0,0,0.0,164.9,13.5
2026-02-13T21:30:00Z,42.3,177.4,106.4,248.3,0,0,0.0,177.4,-13.0
2026-02-13T21:45:00Z,7.5,192.2,115.3,269.0,0,0,0.0,192.2,0.9
2026-02-13T22:00:00Z,17.6,163.7,98.2,229.2,0,0,0.0,163.7,27.5
2026-02-13T22:15:00Z,42.7,197.4,118.5,276.4,0,0,0.0,197.4,-14.7
2026-02-13T22:30:00Z,4.9,179.5,107.7,251.3,0,0,0.0,179.5,19.9
2026-02-13T22:45:00Z,40.0,247.8,148.7,346.9,0,0,0.0,247.8,-14.7
2026-02-13T23:00:00Z,5.7,182.7,109.6,255.8,0,0,0.0,182.7,-22.7
2026-02-13T23:15:00Z,44.1,175.6,105.3,245.8,0,0,0.0,175.6,9.9
2026-02-13T23:30:00Z,23.4,168.0,100.8,235.2,0,0,0.0,168.0,24.6
2026-02-13T23:45:00Z,13.0,208.0,124.8,291.2,0,0,0.0,208.0,6.2
2026-02-14T00:00:00Z,20.2,213.4,128.0,298.8,0,0,0.0,213.4,-15.4
2026-02-14T00:15:00Z,36.3,190.8,114.5,267.1,0,0,0.0,190.8,-25.5
2026-02-14T00:30:00Z,22.4,229.7,137.8,321.6,0,0,0.0,229.7,-6.0
2026-02-14T00:45:00Z,3.1,240.7,144.4,337.0,0,0,0.0,240.7,-19.3
2026-02-14T01:00:00Z,0.5,186.4,111.8,261.0,0,0,0.0,186.4,-12.5
2026-02-14T01:15:00Z,35.5,235.7,141.4,330.0,0,0,0.0,235.7,-12.5
2026-02-14T01:30:00Z,35.1,243.7,146.2,341.2,0,0,0.0,243.7,16.2
2026-02-14T01:45:00Z,37.6,190.1,114.1,266.2,0,0,0.0,190.1,16.8
2026-02-14T02:00:00Z,38.6,266.4,159.8,350,0,0,0.0,266.4,-12.4
2026-02-14T02:15:00Z,19.8,207.1,124.3,290.0,0,0,0.0,207.1,27.1
2026-02-14T02:30:00Z,17.9,196.3,117.8,274.8,0,0,0.0,196.3,-28.0
2026-02-14T02:45:00Z,23.4,211.6,126.9,296.2,0,0,0.0,211.6,-12.4
2026-02-14T03:00:00Z,24.3,195.9,117.5,274.2,0,0,0.0,195.9,-2.3
2026-02-14T03:15:00Z,26.9,218.5,131.1,305.9,0,0,0.0,218.5,30.8
2026-02-14T03:30:00Z,2.2,218.4,131.1,305.8,0,0,0.0,218.4,20.9
2026-02-14T03:45:00Z,42.2,227.0,136.2,317.8,0,0,0.0,227.0,33.9
2026-02-14T04:00:00Z,5.5,247.6,148.6,346.7,0,0,0.0,247.6,14.3
2026-02-14T04:15:00Z,44.4,213.0,127.8,298.1,0,0,0.0,213.0,-12.6
2026-02-14T04:30:00Z,29.4,249.9,149.9,349.8,0,0,0.0,249.9,-4.1
2026-02-14T04:45:00Z,42.8,219.4,131.7,307.2,0,0,0.0,219.4,1.7
2026-02-14T05:00:00Z,18.0,208.1,124.8,291.3,0,0,0.0,208.1,-10.9
2026-02-14T05:15:00Z,38.8,199.9,119.9,279.9,0,0,0.0,199.9,-12.0
2026-02-14T05:30:00Z,19.8,218.1,130.9,305.4,0,0,0.0,218.1,14.5
2026-02-14T05:45:00Z,27.5,198.3,119.0,277.7,0,0,0.0,198.3,15.2
2026-02-14T06:00:00Z,1.5,197.8,118.7,276.9,0.0,0,0.0,197.8,-37.3
2026-02-14T06:15:00Z,21.7,236.7,142.0,331.4,0.0,0,0.0,236.7,-8.4
2026-02-14T06:30:00Z,13.2,164.5,98.7,230.4,0.0,0,0.0,164.5,-11.6
2026-02-14T06:45:00Z,2.2,236.1,141.7,330.6,0.0,0,0.0,236.1,6.5
2026-02-14T07:00:00Z,43.3,228.0,136.8,319.2,12.1,6.1,15.8,240.1,2.4
2026-02-14T07:15:00Z,36.9,219.5,131.7,307.4,10.5,5.3,13.7,230.0,9.6
2026-02-14T07:30:00Z,22.2,231.3,138.8,323.8,10.0,5.0,13.0,241.2,30.1
2026-02-14T07:45:00Z,3.7,204.9,123.0,286.9,9.5,4.7,12.3,214.4,16.1
2026-02-14T08:00:00Z,6.2,225.6,135.4,315.9,28.4,14.2,37.0,254.1,-9.7
2026-02-14T08:15:00Z,43.6,176.5,105.9,247.1,26.2,13.1,34.1,202.7,-7.5
2026-02-14T08:30:00Z,40.9,184.3,110.6,258.0,25.8,12.9,33.5,210.0,-16.2
2026-02-14T08:45:00Z,47.9,269.9,161.9,350,24.6,12.3,32.0,294.5,3.2
2026-02-14T09:00:00Z,42.5,207.7,124.6,290.8,42.4,21.2,55.1,250.1,-4.0
2026-02-14T09:15:00Z,45.8,180.7,108.4,253.0,43.6,21.8,56.6,224.3,-6.1
2026-02-14T09:30:00Z,32.4,176.4,105.9,247.0,52.6,26.3,68.4,229.0,9.8
2026-02-14T09:45:00Z,9.7,248.7,149.2,348.2,47.1,23.5,61.2,295.8,11.3
2026-02-14T10:00:00Z,18.2,225.7,135.4,315.9,74.2,37.1,96.5,299.9,-13.0
2026-02-14T10:15:00Z,2.7,151.3,90.8,211.8,70.5,35.3,91.7,221.8,0.5
2026-02-14T10:30:00Z,17.9,197.2,118.3,276.1,65.1,32.5,84.6,262.3,4.2
2026-02-14T10:45:00Z,8.2,172.1,103.3,241.0,78.2,39.1,101.6,250.3,-4.6
2026-02-14T11:00:00Z,14.6,218.2,130.9,305.5,81.6,40.8,106.1,299.8,12.6
2026-02-14T11:15:00Z,47.7,205.3,123.2,287.5,94.9,47.5,120,300.3,10.7
2026-02-14T11:30:00Z,31.6,172.4,103.4,241.4,77.7,38.8,101.0,250.1,26.4
2026-02-14T11:45:00Z,17.1,202.4,121.4,283.3,89.8,44.9,116.7,292.1,0.1
2026-02-14T12:00:00Z,33.1,163.2,97.9,228.4,94.8,47.4,120,258.0,1.0
2026-02-14T12:15:00Z,7.8,178.2,106.9,249.5,103.6,51.8,120,281.9,7.4
2026-02-14T12:30:00Z,34.4,200.0,120.0,280.0,101.5,50.7,120,301.5,-15.0
2026-02-14T12:45:00Z,9.8,189.1,113.5,264.8,98.7,49.3,120,287.8,-2.4
2026-02-14T13:00:00Z,5.9,162.6,97.6,227.6,118.5,59.2,120,281.1,0.1
2026-02-14T13:15:00Z,34.1,197.4,118.4,276.3,108.1,54.1,120,305.5,-4.2
2026-02-14T13:30:00Z,20.5,220.1,132.1,308.2,86.6,43.3,112.5,306.7,0.9
2026-02-14T13:45:00Z,28.3,236.0,141.6,330.4,84.2,42.1,109.4,320.1,38.0
2026-02-14T14:00:00Z,10.7,154.7,92.8,216.6,115.0,57.5,120,269.7,3.9
2026-02-14T14:15:00Z,46.9,184.2,110.5,257.9,82.0,41.0,106.6,266.2,-6.5
2026-02-14T14:30:00Z,46.9,183.6,110.2,257.1,82.1,41.0,106.7,265.7,-20.3
2026-02-14T14:45:00Z,38.4,138.9,83.3,194.5,82.3,41.2,107.0,221.3,9.1
2026-02-14T15:00:00Z,30.4,212.1,127.3,297.0,85.3,42.7,110.9,297.4,3.8
2026-02-14T15:15:00Z,31.0,192.9,115.8,270.1,98.8,49.4,120,291.7,7.0
2026-02-14T15:30:00Z,16.5,203.1,121.9,284.4,89.2,44.6,116.0,292.3,4.7
2026-02-14T15:45:00Z,2.0,231.9,139.2,324.7,94.1,47.1,120,326.1,9.9
2026-02-14T16:00:00Z,20.3,191.8,115.1,268.5,72.2,36.1,93.9,264.0,-22.4
2026-02-14T16:15:00Z,14.9,183.5,110.1,257.0,62.7,31.3,81.5,246.2,-7.2
2026-02-14T16:30:00Z,19.0,161.9,97.1,226.6,63.3,31.7,82.3,225.2,-5.1
2026-02-14T16:45:00Z,19.1,192.9,115.8,270.1,58.4,29.2,75.9,251.3,12.1
2026-02-14T17:00:00Z,46.9,192.6,115.6,269.6,58.6,29.3,76.1,251.2,15.1
2026-02-14T17:15:00Z,15.6,186.4,111.9,261.0,57.1,28.5,74.2,243.5,9.9
2026-02-14T17:30:00Z,38.9,185.7,111.4,259.9,44.6,22.3,57.9,230.2,15.8
2026-02-14T17:45:00Z,37.6,172.7,103.6,241.7,41.5,20.8,54.0,214.2,2.8
2026-02-14T18:00:00Z,21.0,142.3,85.4,199.3,24.7,12.4,32.2,167.1,-25.5
2026-02-14T18:15:00Z,32.1,227.9,136.7,319.0,32.3,16.2,42.0,260.2,-13.0
2026-02-14T18:30:00Z,19.5,222.5,133.5,311.4,25.6,12.8,33.2,248.0,-11.9
2026-02-14T18:45:00Z,1.0,203.1,121.9,284.3,29.8,14.9,38.7,232.9,10.0
2026-02-14T19:00:00Z,29.6,189.7,113.8,265.6,11.2,5.6,14.5,200.9,20.3
2026-02-14T19:15:00Z,2.5,181.6,108.9,254.2,9.1,4.6,11.8,190.7,-0.0
2026-02-14T19:30:00Z,32.5,211.4,126.8,295.9,10.0,5.0,13.1,221.4,-7.5
2026-02-14T19:45:00Z,10.9,191.3,114.8,267.9,10.1,5.1,13.2,201.5,-5.6
2026-02-14T20:00:00Z,14.4,196.9,118.1,275.6,0.0,0.0,0.0,196.9,21.6
2026-02-14T20:15:00Z,43.4,205.9,123.6,288.3,0.0,0.0,0.0,205.9,20.7
2026-02-14T20:30:00Z,46.9,157.0,94.2,219.8,0.0,0.0,0.0,157.0,-17.5
2026-02-14T20:45:00Z,32.8,164.9,98.9,230.8,0.0,0.0,0.0,164.9,-8.4
2026-02-14T21:00:00Z,44.1,171.0,102.6,239.4,0,0,0.0,171.0,-14.7
2026-02-14T21:15:00Z,4.1,195.4,117.2,273.6,0,0,0.0,195.4,10.3
2026-02-14T21:30:00Z,21.1,242.3,145.4,339.2,0,0,0.0,242.3,8.7
2026-02-14T21:45:00Z,34.1,223.5,134.1,312.9,0,0,0.0,223.5,31.5
2026-02-14T22:00:00Z,17.3,140.7,84.4,197.0,0,0,0.0,140.7,4.5
2026-02-14T22:15:00Z,23.7,183.5,110.1,256.9,0,0,0.0,183.5,-35.4
2026-02-14T22:30:00Z,35.4,198.7,119.2,278.2,0,0,0.0,198.7,26.3
2026-02-14T22:45:00Z,23.2,238.7,143.2,334.2,0,0,0.0,238.7,0.8
2026-02-14T23:00:00Z,43.3,145.8,87.5,204.2,0,0,0.0,145.8,-6.4
2026-02-14T23:15:00Z,44.2,172.8,103.7,241.9,0,0,0.0,172.8,-20.3
2026-02-14T23:30:00Z,43.1,177.9,106.7,249.0,0,0,0.0,177.9,-8.9
2026-02-14T23:45:00Z,17.6,221.3,132.8,309.8,0,0,0.0,221.3,-17.3
2026-02-15T00:00:00Z,7.0,197.6,118.6,276.6,0,0,0.0,197.6,11.9
2026-02-15T00:15:00Z,28.5,165.4,99.2,231.6,0,0,0.0,165.4,-32.2
2026-02-15T00:30:00Z,28.0,241.0,144.6,337.3,0,0,0.0,241.0,-15.8
2026-02-15T00:45:00Z,34.1,206.2,123.7,288.6,0,0,0.0,206.2,-16.5
2026-02-15T01:00:00Z,47.1,220.0,132.0,307.9,0,0,0.0,220.0,-8.0
2026-02-15T01:15:00Z,35.0,211.5,126.9,296.2,0,0,0.0,211.5,-0.9
2026-02-15T01:30:00Z,30.6,260.9,156.5,350,0,0,0.0,260.9,-24.2
2026-02-15T01:45:00Z,40.2,198.6,119.2,278.1,0,0,0.0,198.6,8.9
2026-02-15T02:00:00Z,47.4,197.2,118.3,276.1,0,0,0.0,197.2,18.7
2026-02-15T02:15:00Z,34.2,205.7,123.4,288.0,0,0,0.0,205.7,-9.5
2026-02-15T02:30:00Z,8.3,223.9,134.3,313.4,0,0,0.0,223.9,-19.8
2026-02-15T02:45:00Z,6.6,231.0,138.6,323.4,0,0,0.0,231.0,-7.5
2026-02-15T03:00:00Z,38.4,240.1,144.0,336.1,0,0,0.0,240.1,2.5
2026-02-15T03:15:00Z,0.7,242.4,145.5,339.4,0,0,0.0,242.4,-2.5
2026-02-15T03:30:00Z,17.5,283.5,170.1,350,0,0,0.0,283.5,2.1
2026-02-15T03:45:00Z,34.8,263.3,158.0,350,0,0,0.0,263.3,9.1
2026-02-15T04:00:00Z,8.8,277.5,166.5,350,0,0,0.0,277.5,-4.1
2026-02-15T04:15:00Z,22.5,233.0,139.8,326.2,0,0,0.0,233.0,7.1
2026-02-15T04:30:00Z,22.1,236.0,141.6,330.4,0,0,0.0,236.0,-0.1
2026-02-15T04:45:00Z,6.3,252.0,151.2,350,0,0,0.0,252.0,-13.1
2026-02-15T05:00:00Z,11.9,237.9,142.7,333.1,0,0,0.0,237.9,-34.1
2026-02-15T05:15:00Z,9.9,278.9,167.3,350,0,0,0.0,278.9,-13.2
2026-02-15T05:30:00Z,12.7,247.8,148.7,346.9,0,0,0.0,247.8,-10.4
2026-02-15T05:45:00Z,29.6,242.4,145.4,339.3,0,0,0.0,242.4,-1.7
2026-02-15T06:00:00Z,14.1,259.1,155.5,350,0.0,0,0.0,259.1,1.3
2026-02-15T06:15:00Z,32.5,285.4,171.3,350,0.0,0,0.0,285.4,-2.0
2026-02-15T06:30:00Z,19.6,221.6,132.9,310.2,0.0,0,0.0,221.6,-17.8
2026-02-15T06:45:00Z,19.1,247.7,148.6,346.8,0.0,0,0.0,247.7,16.5
2026-02-15T07:00:00Z,32.0,219.9,131.9,307.8,9.0,4.5,11.7,228.9,-11.6
2026-02-15T07:15:00Z,10.4,236.8,142.1,331.6,12.1,6.0,15.7,248.9,5.1
2026-02-15T07:30:00Z,14.6,225.8,135.5,316.1,9.4,4.7,12.2,235.1,9.2
2026-02-15T07:45:00Z,40.5,258.3,155.0,350,10.3,5.2,13.4,268.6,-24.5
2026-02-15T08:00:00Z,2.1,220.4,132.2,308.5,24.3,12.2,31.6,244.7,-14.9
2026-02-15T08:15:00Z,38.4,249.1,149.5,348.8,32.5,16.3,42.3,281.6,15.0
2026-02-15T08:30:00Z,34.0,256.5,153.9,350,33.9,16.9,44.0,290.4,1.0
2026-02-15T08:45:00Z,15.5,232.9,139.7,326.0,26.2,13.1,34.1,259.1,6.9
2026-02-15T09:00:00Z,44.3,194.1,116.5,271.8,58.7,29.4,76.4,252.9,-0.2
2026-02-15T09:15:00Z,45.1,254.6,152.8,350,55.6,27.8,72.3,310.3,1.1
2026-02-15T09:30:00Z,36.9,240.2,144.1,336.3,53.5,26.8,69.6,293.7,3.8
2026-02-15T09:45:00Z,40.9,244.5,146.7,342.4,58.3,29.2,75.8,302.9,11.1
2026-02-15T10:00:00Z,30.0,269.6,161.8,350,76.0,38.0,98.8,345.6,-0.8
2026-02-15T10:15:00Z,32.2,283.2,169.9,350,61.0,30.5,79.3,344.2,-1.0
2026-02-15T10:30:00Z,9.5,240.7,144.4,337.0,64.3,32.1,83.5,305.0,9.3
2026-02-15T10:45:00Z,42.3,248.8,149.3,348.3,76.6,38.3,99.6,325.3,3.2
2026-02-15T11:00:00Z,38.6,266.6,160.0,350,84.6,42.3,109.9,351.2,8.6
2026-02-15T11:15:00Z,8.1,271.2,162.7,350,81.1,40.5,105.4,352.2,14.8
2026-02-15T11:30:00Z,1.1,182.3,109.4,255.2,88.6,44.3,115.1,270.8,-26.4
2026-02-15T11:45:00Z,14.4,203.4,122.0,284.7,91.4,45.7,118.8,294.8,-5.7
2026-02-15T12:00:00Z,13.8,190.1,114.0,266.1,103.2,51.6,120,293.2,-10.1
2026-02-15T12:15:00Z,3.5,198.2,118.9,277.4,85.7,42.8,111.4,283.8,5.0
2026-02-15T12:30:00Z,35.1,185.4,111.2,259.5,87.4,43.7,113.7,272.8,-2.2
2026-02-15T12:45:00Z,14.9,218.6,131.2,306.1,92.1,46.0,119.7,310.7,0.3
2026-02-15T13:00:00Z,45.3,159.8,95.9,223.8,108.7,54.3,120,268.5,-32.6
2026-02-15T13:15:00Z,40.0,220.0,132.0,308.0,109.7,54.8,120,329.7,14.8
2026-02-15T13:30:00Z,29.5,224.9,135.0,314.9,92.4,46.2,120,317.3,-9.5
2026-02-15T13:45:00Z,26.1,215.0,129.0,301.0,97.2,48.6,120,312.2,13.7
2026-02-15T14:00:00Z,37.1,184.6,110.8,258.4,108.1,54.1,120,292.7,-31.6
2026-02-15T14:15:00Z,18.6,214.8,128.9,300.7,84.7,42.4,110.1,299.5,0.9
2026-02-15T14:30:00Z,3.9,224.6,134.8,314.5,83.7,41.9,108.9,308.4,30.1
2026-02-15T14:45:00Z,8.9,217.3,130.4,304.2,89.8,44.9,116.8,307.1,8.1
2026-02-15T15:00:00Z,11.6,207.9,124.7,291.0,95.4,47.7,120,303.3,3.7
2026-02-15T15:15:00Z,21.0,211.1,126.7,295.6,76.2,38.1,99.0,287.3,1.3
2026-02-15T15:30:00Z,23.5,171.6,103.0,240.3,100.7,50.3,120,272.3,-18.1
2026-02-15T15:45:00Z,0.3,226.3,135.8,316.8,78.5,39.3,102.1,304.8,22.7
2026-02-15T16:00:00Z,40.7,236.9,142.1,331.6,74.0,37.0,96.2,310.9,7.7
2026-02-15T16:15:00Z,34.8,200.1,120.0,280.1,73.0,36.5,94.9,273.1,-1.9
2026-02-15T16:30:00Z,28.3,211.7,127.0,296.4,70.3,35.1,91.4,282.0,19.7
2026-02-15T16:45:00Z,12.9,181.2,108.7,253.6,72.6,36.3,94.4,253.8,9.2
2026-02-15T17:00:00Z,10.0,171.7,103.0,240.4,56.4,28.2,73.3,228.2,4.7
2026-02-15T17:15:00Z,18.5,165.8,99.5,232.1,49.6,24.8,64.5,215.3,13.8
2026-02-15T17:30:00Z,2.3,244.4,146.6,342.2,48.4,24.2,62.9,292.8,-22.1
2026-02-15T17:45:00Z,11.1,231.5,138.9,324.1,53.6,26.8,69.6,285.1,-16.5
2026-02-15T18:00:00Z,3.2,245.6,147.4,343.9,29.7,14.9,38.6,275.4,14.6
2026-02-15T18:15:00Z,10.9,212.2,127.3,297.1,33.6,16.8,43.7,245.8,-19.6
2026-02-15T18:30:00Z,40.3,192.4,115.5,269.4,30.2,15.1,39.3,222.6,2.7
2026-02-15T18:45:00Z,44.9,235.1,141.1,329.2,33.4,16.7,43.4,268.5,-20.3
2026-02-15T19:00:00Z,16.6,177.0,106.2,247.8,10.5,5.3,13.7,187.5,14.0
2026-02-15T19:15:00Z,19.1,159.1,95.5,222.8,11.8,5.9,15.4,170.9,4.3
2026-02-15T19:30:00Z,34.1,142.6,85.5,199.6,9.4,4.7,12.2,151.9,1.0
2026-02-15T19:45:00Z,18.8,222.2,133.3,311.1,10.6,5.3,13.8,232.8,-16.5
2026-02-15T20:00:00Z,17.1,198.4,119.0,277.7,0.0,0.0,0.0,198.4,-0.8
2026-02-15T20:15:00Z,8.2,230.3,138.2,322.5,0.0,0.0,0.0,230.3,-8.6
2026-02-15T20:30:00Z,24.8,226.7,136.0,317.3,0.0,0.0,0.0,226.7,16.9
2026-02-15T20:45:00Z,45.7,183.6,110.1,257.0,0.0,0.0,0.0,183.6,-6.4
2026-02-15T21:00:00Z,18.8,209.1,125.4,292.7,0,0,0.0,209.1,9.3
2026-02-15T21:15:00Z,24.8,237.4,142.4,332.4,0,0,0.0,237.4,2.5
2026-02-15T21:30:00Z,3.0,224.9,135.0,314.9,0,0,0.0,224.9,2.9
2026-02-15T21:45:00Z,14.6,202.5,121.5,283.6,0,0,0.0,202.5,4.2
2026-02-15T22:00:00Z,19.3,180.2,108.1,252.2,0,0,0.0,180.2,12.5
2026-02-15T22:15:00Z,12.9,202.9,121.7,284.1,0,0,0.0,202.9,3.0
2026-02-15T22:30:00Z,11.7,251.8,151.1,350,0,0,0.0,251.8,-10.8
2026-02-15T22:45:00Z,31.0,204.4,122.6,286.2,0,0,0.0,204.4,-21.8
2026-02-15T23:00:00Z,14.3,238.6,143.1,334.0,0,0,0.0,238.6,-8.4
2026-02-15T23:15:00Z,40.5,212.2,127.3,297.0,0,0,0.0,212.2,11.3
2026-02-15T23:30:00Z,39.5,257.1,154.3,350,0,0,0.0,257.1,10.2
2026-02-15T23:45:00Z,45.2,198.7,119.2,278.1,0,0,0.0,198.7,-25.3
2026-02-16T00:00:00Z,42.6,279.5,167.7,350,0,0,0.0,279.5,-14.5
2026-02-16T00:15:00Z,30.7,219.9,132.0,307.9,0,0,0.0,219.9,6.9
2026-02-16T00:30:00Z,32.9,242.4,145.4,339.3,0,0,0.0,242.4,22.0
2026-02-16T00:45:00Z,43.5,270.0,162.0,350,0,0,0.0,270.0,-6.9
2026-02-16T01:00:00Z,3.1,260.0,156.0,350,0,0,0.0,260.0,-11.2
2026-02-16T01:15:00Z,3.0,248.3,149.0,347.6,0,0,0.0,248.3,6.7
2026-02-16T01:30:00Z,28.5,249.4,149.6,349.1,0,0,0.0,249.4,-0.5
2026-02-16T01:45:00Z,17.1,237.6,142.5,332.6,0,0,0.0,237.6,-17.2
2026-02-16T02:00:00Z,15.2,230.1,138.0,322.1,0,0,0.0,230.1,-1.0
2026-02-16T02:15:00Z,20.9,258.6,155.2,350,0,0,0.0,258.6,-15.6
2026-02-16T02:30:00Z,30.3,280.8,168.5,350,0,0,0.0,280.8,-7.8
2026-02-16T02:45:00Z,4.9,225.4,135.3,315.6,0,0,0.0,225.4,4.5
2026-02-16T03:00:00Z,21.2,275.9,165.6,350,0,0,0.0,275.9,8.2
2026-02-16T03:15:00Z,21.4,271.9,163.1,350,0,0,0.0,271.9,8.7
2026-02-16T03:30:00Z,40.9,255.7,153.4,350,0,0,0.0,255.7,-16.7
2026-02-16T03:45:00Z,13.5,235.0,141.0,329.0,0,0,0.0,235.0,12.8
2026-02-16T04:00:00Z,24.7,258.3,155.0,350,0,0,0.0,258.3,30.6
2026-02-16T04:15:00Z,37.3,227.9,136.7,319.0,0,0,0.0,227.9,-16.6
2026-02-16T04:30:00Z,5.5,231.0,138.6,323.4,0,0,0.0,231.0,3.9
2026-02-16T04:45:00Z,20.7,277.1,166.2,350,0,0,0.0,277.1,-4.1
2026-02-16T05:00:00Z,27.0,277.4,166.4,350,0,0,0.0,277.4,-4.2
2026-02-16T05:15:00Z,35.4,286.0,171.6,350,0,0,0.0,286.0,-18.7
2026-02-16T05:30:00Z,12.5,235.8,141.5,330.2,0,0,0.0,235.8,-18.4
2026-02-16T05:45:00Z,21.5,243.5,146.1,340.9,0,0,0.0,243.5,-24.4
2026-02-16T06:00:00Z,42.6,284.5,170.7,350,0.0,0,0.0,284.5,-17.1
2026-02-16T06:15:00Z,2.1,279.3,167.6,350,0.0,0,0.0,279.3,-8.5
2026-02-16T06:30:00Z,13.3,265.9,159.5,350,0.0,0,0.0,265.9,12.4
2026-02-16T06:45:00Z,37.8,261.1,156.7,350,0.0,0,0.0,261.1,18.0
2026-02-16T07:00:00Z,29.2,266.8,160.1,350,12.4,6.2,16.1,279.2,-12.9
2026-02-16T07:15:00Z,40.7,242.2,145.3,339.1,10.5,5.2,13.6,252.7,-12.8
2026-02-16T07:30:00Z,1.6,248.6,149.1,348.0,10.3,5.1,13.3,258.8,-3.7
2026-02-16T07:45:00Z,15.1,245.3,147.2,343.4,8.9,4.5,11.6,254.2,29.1
2026-02-16T08:00:00Z,35.7,298.6,179.1,350,30.3,15.2,39.4,328.9,3.1
2026-02-16T08:15:00Z,47.8,281.4,168.8,350,27.9,13.9,36.2,309.2,-2.2
2026-02-16T08:30:00Z,45.7,277.0,166.2,350,25.7,12.8,33.4,302.7,24.0
2026-02-16T08:45:00Z,41.2,302.4,181.4,350,25.1,12.6,32.7,327.5,-15.4
2026-02-16T09:00:00Z,2.9,250.0,150.0,350.0,45.7,22.9,59.4,295.7,-7.9
2026-02-16T09:15:00Z,24.6,256.5,153.9,350,43.0,21.5,55.9,299.5,-11.4
2026-02-16T09:30:00Z,2.4,273.5,164.1,350,58.9,29.5,76.6,332.5,8.2
2026-02-16T09:45:00Z,41.1,256.8,154.1,350,43.0,21.5,56.0,299.8,-0.7
2026-02-16T10:00:00Z,7.7,296.0,177.6,350,79.9,40.0,103.9,376.0,-17.6
2026-02-16T10:15:00Z,2.4,272.7,163.6,350,74.6,37.3,96.9,347.3,-19.5
2026-02-16T10:30:00Z,47.0,280.0,168.0,350,68.6,34.3,89.1,348.6,-3.0
2026-02-16T10:45:00Z,11.6,276.4,165.8,350,80.6,40.3,104.8,357.0,5.4
2026-02-16T11:00:00Z,14.3,233.2,139.9,326.4,72.3,36.2,94.0,305.5,10.3
2026-02-16T11:15:00Z,45.7,257.8,154.7,350,80.7,40.3,104.9,338.5,27.4
2026-02-16T11:30:00Z,10.8,266.4,159.8,350,94.1,47.1,120,360.5,-9.8
2026-02-16T11:45:00Z,30.9,247.7,148.6,346.8,73.7,36.9,95.9,321.5,11.8
2026-02-16T12:00:00Z,47.8,291.8,175.1,350,97.6,48.8,120,389.4,-12.1
2026-02-16T12:15:00Z,40.0,237.6,142.5,332.6,99.9,49.9,120,337.4,0.6
2026-02-16T12:30:00Z,8.8,279.0,167.4,350,87.4,43.7,113.6,366.4,13.5
2026-02-16T12:45:00Z,19.8,283.2,169.9,350,106.0,53.0,120,389.1,-25.4
2026-02-16T13:00:00Z,24.9,240.8,144.5,337.2,94.6,47.3,120,335.5,-6.3
2026-02-16T13:15:00Z,22.5,239.9,144.0,335.9,112.5,56.3,120,352.5,1.6
2026-02-16T13:30:00Z,10.8,268.0,160.8,350,95.6,47.8,120,363.6,-36.6
2026-02-16T13:45:00Z,11.5,222.8,133.7,311.9,119.9,60.0,120,342.7,7.6
2026-02-16T14:00:00Z,21.6,236.0,141.6,330.4,91.7,45.8,119.2,327.7,1.4
2026-02-16T14:15:00Z,11.1,248.8,149.3,348.4,102.0,51.0,120,350.9,13.2
2026-02-16T14:30:00Z,38.1,236.2,141.7,330.7,99.1,49.5,120,335.3,-22.1
2026-02-16T14:45:00Z,10.5,215.9,129.5,302.3,102.5,51.2,120,318.4,4.1
2026-02-16T15:00:00Z,4.4,217.5,130.5,304.5,100.5,50.2,120,318.0,8.0
2026-02-16T15:15:00Z,44.9,266.4,159.8,350,73.8,36.9,95.9,340.2,-6.6
2026-02-16T15:30:00Z,23.7,271.9,163.1,350,85.1,42.6,110.7,357.0,17.0
2026-02-16T15:45:00Z,23.3,173.3,104.0,242.7,83.4,41.7,108.4,256.7,-12.6
2026-02-16T16:00:00Z,13.7,250.7,150.4,350,80.6,40.3,104.8,331.3,-17.3
2026-02-16T16:15:00Z,42.7,279.3,167.6,350,70.2,35.1,91.3,349.5,-8.2
2026-02-16T16:30:00Z,27.1,235.3,141.2,329.4,58.5,29.2,76.0,293.8,13.5
2026-02-16T16:45:00Z,1.4,206.1,123.6,288.5,63.7,31.9,82.9,269.8,10.3
2026-02-16T17:00:00Z,29.7,221.8,133.1,310.6,55.0,27.5,71.4,276.8,14.9
2026-02-16T17:15:00Z,35.4,227.5,136.5,318.5,51.3,25.6,66.6,278.8,-22.5
2026-02-16T17:30:00Z,33.6,210.7,126.4,295.0,47.4,23.7,61.6,258.1,-4.8
2026-02-16T17:45:00Z,21.7,249.5,149.7,349.3,55.3,27.6,71.9,304.8,-22.3
2026-02-16T18:00:00Z,19.0,206.1,123.6,288.5,25.8,12.9,33.6,231.9,0.3
2026-02-16T18:15:00Z,32.2,228.3,137.0,319.6,29.5,14.8,38.4,257.8,-28.1
2026-02-16T18:30:00Z,40.5,254.4,152.7,350,29.3,14.6,38.1,283.7,2.4
2026-02-16T18:45:00Z,4.9,223.1,133.8,312.3,27.5,13.7,35.7,250.5,-5.2
2026-02-16T19:00:00Z,14.4,191.9,115.2,268.7,10.0,5.0,13.0,201.9,5.2
2026-02-16T19:15:00Z,42.2,184.8,110.9,258.7,10.0,5.0,13.0,194.8,32.5
2026-02-16T19:30:00Z,9.2,223.5,134.1,312.9,9.0,4.5,11.8,232.6,-10.2
2026-02-16T19:45:00Z,5.2,202.0,121.2,282.8,12.4,6.2,16.1,214.4,9.2
2026-02-16T20:00:00Z,39.9,275.8,165.5,350,0.0,0.0,0.0,275.8,10.6
2026-02-16T20:15:00Z,2.6,249.8,149.9,349.8,0.0,0.0,0.0,249.8,7.3
2026-02-16T20:30:00Z,34.1,205.8,123.5,288.1,0.0,0.0,0.0,205.8,-17.2
2026-02-16T20:45:00Z,32.7,248.3,149.0,347.7,0.0,0.0,0.0,248.3,-0.9
2026-02-16T21:00:00Z,24.4,220.1,132.0,308.1,0,0,0.0,220.1,-1.0
2026-02-16T21:15:00Z,30.5,247.9,148.7,347.0,0,0,0.0,247.9,15.0
2026-02-16T21:30:00Z,32.0,247.7,148.6,346.8,0,0,0.0,247.7,3.9
2026-02-16T21:45:00Z,2.2,245.3,147.2,343.4,0,0,0.0,245.3,2.9
2026-02-16T22:00:00Z,14.9,242.3,145.4,339.2,0,0,0.0,242.3,2.0
2026-02-16T22:15:00Z,44.1,243.2,145.9,340.5,0,0,0.0,243.2,24.8
2026-02-16T22:30:00Z,7.1,229.9,138.0,321.9,0,0,0.0,229.9,-13.6
2026-02-16T22:45:00Z,25.5,257.4,154.5,350,0,0,0.0,257.4,-17.0
2026-02-16T23:00:00Z,28.9,262.9,157.7,350,0,0,0.0,262.9,-25.7
2026-02-16T23:15:00Z,25.2,210.6,126.4,294.9,0,0,0.0,210.6,-0.2
2026-02-16T23:30:00Z,25.8,225.5,135.3,315.8,0,0,0.0,225.5,-15.8
2026-02-16T23:45:00Z,38.2,225.9,135.6,316.3,0,0,0.0,225.9,46.1
2026-02-17T00:00:00Z,11.3,156.7,94.0,219.4,0,0,0.0,156.7,9.0
2026-02-17T00:15:00Z,0.9,169.5,101.7,237.3,0,0,0.0,169.5,-21.1
2026-02-17T00:30:00Z,33.8,209.4,125.6,293.2,0,0,0.0,209.4,-28.3
2026-02-17T00:45:00Z,5.0,243.2,145.9,340.5,0,0,0.0,243.2,1.4
2026-02-17T01:00:00Z,2.0,173.3,104.0,242.6,0,0,0.0,173.3,-20.1
2026-02-17T01:15:00Z,40.4,180.0,108.0,251.9,0,0,0.0,180.0,0.1
2026-02-17T01:30:00Z,38.0,243.3,146.0,340.6,0,0,0.0,243.3,-8.4
2026-02-17T01:45:00Z,46.7,214.8,128.9,300.7,0,0,0.0,214.8,25.3
2026-02-17T02:00:00Z,6.4,189.7,113.8,265.5,0,0,0.0,189.7,19.8
2026-02-17T02:15:00Z,15.3,245.7,147.4,343.9,0,0,0.0,245.7,-11.9
2026-02-17T02:30:00Z,4.5,150.4,90.3,210.6,0,0,0.0,150.4,-2.9
2026-02-17T02:45:00Z,2.2,190.1,114.0,266.1,0,0,0.0,190.1,15.0
2026-02-17T03:00:00Z,33.5,212.1,127.2,296.9,0,0,0.0,212.1,1.4
2026-02-17T03:15:00Z,45.7,155.4,93.2,217.6,0,0,0.0,155.4,-19.1
2026-02-17T03:30:00Z,18.8,255.2,153.1,350,0,0,0.0,255.2,8.9
2026-02-17T03:45:00Z,11.1,156.9,94.1,219.6,0,0,0.0,156.9,-12.2
2026-02-17T04:00:00Z,33.8,213.3,128.0,298.7,0,0,0.0,213.3,-19.3
2026-02-17T04:15:00Z,7.6,211.5,126.9,296.1,0,0,0.0,211.5,-7.9
2026-02-17T04:30:00Z,2.5,204.0,122.4,285.6,0,0,0.0,204.0,-2.4
2026-02-17T04:45:00Z,33.5,261.4,156.8,350,0,0,0.0,261.4,-15.0
2026-02-17T05:00:00Z,32.0,187.8,112.7,263.0,0,0,0.0,187.8,14.7
2026-02-17T05:15:00Z,18.4,236.9,142.2,331.7,0,0,0.0,236.9,10.2
2026-02-17T05:30:00Z,14.1,216.5,129.9,303.1,0,0,0.0,216.5,3.0
2026-02-17T05:45:00Z,32.0,211.3,126.8,295.8,0,0,0.0,211.3,-12.0
2026-02-17T06:00:00Z,46.8,194.9,117.0,272.9,0.0,0,0.0,194.9,7.1
2026-02-17T06:15:00Z,11.5,211.6,126.9,296.2,0.0,0,0.0,211.6,-4.5
2026-02-17T06:30:00Z,34.2,249.4,149.6,349.1,0.0,0,0.0,249.4,-3.6
2026-02-17T06:45:00Z,36.0,192.0,115.2,268.8,0.0,0,0.0,192.0,-17.9
2026-02-17T07:00:00Z,7.8,200.1,120.1,280.2,9.8,4.9,12.7,209.9,-1.1
2026-02-17T07:15:00Z,27.2,175.8,105.5,246.2,11.5,5.8,15.0,187.4,-8.8
2026-02-17T07:30:00Z,28.3,179.4,107.6,251.1,12.3,6.2,16.0,191.7,-1.0
2026-02-17T07:45:00Z,36.5,207.6,124.5,290.6,11.4,5.7,14.9,219.0,-6.9
2026-02-17T08:00:00Z,30.4,219.0,131.4,306.6,24.7,12.3,32.1,243.7,-8.4
2026-02-17T08:15:00Z,38.3,214.3,128.6,300.0,29.4,14.7,38.2,243.7,0.4
2026-02-17T08:30:00Z,7.6,184.4,110.7,258.2,33.8,16.9,43.9,218.2,-26.2
2026-02-17T08:45:00Z,40.5,198.2,118.9,277.4,27.7,13.8,36.0,225.8,15.8
2026-02-17T09:00:00Z,36.4,182.2,109.3,255.1,57.2,28.6,74.3,239.4,6.4
2026-02-17T09:15:00Z,37.9,203.9,122.3,285.5,52.9,26.5,68.8,256.8,16.3
2026-02-17T09:30:00Z,25.6,209.6,125.8,293.5,49.4,24.7,64.3,259.1,5.9
2026-02-17T09:45:00Z,18.2,201.2,120.7,281.6,48.8,24.4,63.4,249.9,-10.1
2026-02-17T10:00:00Z,42.8,179.3,107.6,251.0,73.3,36.6,95.2,252.5,-10.4
2026-02-17T10:15:00Z,2.4,239.4,143.6,335.1,67.7,33.8,88.0,307.1,-9.5
2026-02-17T10:30:00Z,15.9,191.4,114.8,268.0,62.7,31.3,81.5,254.1,-17.7
2026-02-17T10:45:00Z,6.1,169.5,101.7,237.4,69.6,34.8,90.4,239.1,-9.5
2026-02-17T11:00:00Z,18.8,153.9,92.4,215.5,101.8,50.9,120,255.7,-7.6
2026-02-17T11:15:00Z,35.1,211.0,126.6,295.4,91.9,45.9,119.4,302.9,9.9
2026-02-17T11:30:00Z,8.2,221.5,132.9,310.1,96.2,48.1,120,317.7,-34.0
2026-02-17T11:45:00Z,38.6,193.4,116.0,270.7,100.6,50.3,120,294.0,6.3
2026-02-17T12:00:00Z,24.9,168.3,101.0,235.6,109.4,54.7,120,277.6,-5.1
2026-02-17T12:15:00Z,10.4,155.8,93.5,218.1,99.4,49.7,120,255.3,19.7
2026-02-17T12:30:00Z,20.0,184.0,110.4,257.6,89.4,44.7,116.3,273.4,20.9
2026-02-17T12:45:00Z,46.0,184.6,110.8,258.4,106.1,53.1,120,290.7,44.7
2026-02-17T13:00:00Z,23.4,214.8,128.9,300.8,99.7,49.9,120,314.6,2.0
2026-02-17T13:15:00Z,21.2,161.5,96.9,226.1,106.8,53.4,120,268.3,-28.4
2026-02-17T13:30:00Z,36.7,154.5,92.7,216.4,100.5,50.3,120,255.0,13.3
2026-02-17T13:45:00Z,24.4,141.8,85.1,198.5,93.6,46.8,120,235.4,-20.5
2026-02-17T14:00:00Z,32.8,222.5,133.5,311.5,108.5,54.3,120,331.0,-11.2
2026-02-17T14:15:00Z,20.9,161.9,97.2,226.7,85.3,42.6,110.8,247.2,-4.8
2026-02-17T14:30:00Z,42.1,158.4,95.0,221.8,87.5,43.8,113.8,245.9,-15.7
2026-02-17T14:45:00Z,13.6,181.6,108.9,254.2,88.2,44.1,114.7,269.8,14.7
2026-02-17T15:00:00Z,39.3,182.6,109.6,255.7,94.9,47.4,120,277.5,10.5
2026-02-17T15:15:00Z,9.0,160.2,96.1,224.3,80.4,40.2,104.5,240.6,1.2
2026-02-17T15:30:00Z,32.3,161.6,96.9,226.2,101.6,50.8,120,263.2,-3.2
2026-02-17T15:45:00Z,19.2,218.6,131.2,306.0,92.7,46.4,120,311.3,19.1
2026-02-17T16:00:00Z,1.1,183.4,110.0,256.7,69.6,34.8,90.5,253.0,30.0
2026-02-17T16:15:00Z,39.5,189.6,113.8,265.5,68.1,34.0,88.5,257.7,-7.3
2026-02-17T16:30:00Z,18.4,195.2,117.1,273.3,71.3,35.6,92.7,266.5,35.9
2026-02-17T16:45:00Z,39.6,148.3,89.0,207.7,79.7,39.9,103.6,228.0,-20.9
2026-02-17T17:00:00Z,1.0,197.7,118.6,276.7,45.7,22.8,59.4,243.3,17.8
2026-02-17T17:15:00Z,25.6,134.5,80.7,188.3,51.7,25.9,67.3,186.2,-11.5
2026-02-17T17:30:00Z,29.0,196.8,118.1,275.5,53.5,26.7,69.5,250.2,-3.2
2026-02-17T17:45:00Z,34.9,233.4,140.1,326.8,49.9,24.9,64.8,283.3,-18.5
2026-02-17T18:00:00Z,44.4,142.5,85.5,199.5,31.0,15.5,40.3,173.5,-3.4
2026-02-17T18:15:00Z,30.6,195.8,117.5,274.1,33.8,16.9,44.0,229.6,-19.4
2026-02-17T18:30:00Z,18.1,127.4,76.5,178.4,33.3,16.7,43.3,160.7,13.0
2026-02-17T18:45:00Z,10.8,209.1,125.5,292.7,30.9,15.5,40.2,240.0,-8.3
2026-02-17T19:00:00Z,9.0,152.7,91.6,213.8,9.6,4.8,12.5,162.4,4.1
2026-02-17T19:15:00Z,38.4,135.3,81.2,189.4,10.0,5.0,12.9,145.3,26.3
2026-02-17T19:30:00Z,27.1,112.7,67.6,157.7,10.8,5.4,14.1,123.5,-17.7
2026-02-17T19:45:00Z,3.2,155.2,93.1,217.2,10.3,5.1,13.4,165.4,2.8
2026-02-17T20:00:00Z,7.8,149.7,89.8,209.6,0.0,0.0,0.0,149.7,16.1
2026-02-17T20:15:00Z,31.0,158.6,95.2,222.1,0.0,0.0,0.0,158.6,28.0
2026-02-17T20:30:00Z,41.0,133.1,79.8,186.3,0.0,0.0,0.0,133.1,-19.5
2026-02-17T20:45:00Z,35.9,198.9,119.3,278.4,0.0,0.0,0.0,198.9,11.4
2026-02-17T21:00:00Z,17.1,135.5,81.3,189.8,0,0,0.0,135.5,-0.4
2026-02-17T21:15:00Z,41.9,200.1,120.0,280.1,0,0,0.0,200.1,-9.9
2026-02-17T21:30:00Z,34.6,168.1,100.8,235.3,0,0,0.0,168.1,17.8
2026-02-17T21:45:00Z,3.1,153.1,91.9,214.3,0,0,0.0,153.1,-22.3
2026-02-17T22:00:00Z,21.1,234.2,140.5,327.8,0,0,0.0,234.2,-29.1
2026-02-17T22:15:00Z,10.5,172.9,103.7,242.1,0,0,0.0,172.9,4.7
2026-02-17T22:30:00Z,26.7,167.5,100.5,234.5,0,0,0.0,167.5,24.4
2026-02-17T22:45:00Z,16.7,183.8,110.3,257.3,0,0,0.0,183.8,13.4
2026-02-17T23:00:00Z,14.9,195.4,117.3,273.6,0,0,0.0,195.4,-13.6
2026-02-17T23:15:00Z,12.5,184.6,110.8,258.5,0,0,0.0,184.6,15.9
2026-02-17T23:30:00Z,43.6,149.3,89.6,209.1,0,0,0.0,149.3,2.6
2026-02-17T23:45:00Z,35.1,231.7,139.0,324.4,0,0,0.0,231.7,3.5
2026-02-18T00:00:00Z,38.4,205.8,123.5,288.1,0,0,0.0,205.8,0.8
2026-02-18T00:15:00Z,26.6,171.9,103.2,240.7,0,0,0.0,171.9,-0.6
2026-02-18T00:30:00Z,17.8,162.5,97.5,227.5,0,0,0.0,162.5,25.2
2026-02-18T00:45:00Z,17.3,164.6,98.8,230.4,0,0,0.0,164.6,21.3
2026-02-18T01:00:00Z,14.4,188.5,113.1,263.9,0,0,0.0,188.5,2.7
2026-02-18T01:15:00Z,13.5,193.9,116.3,271.5,0,0,0.0,193.9,15.6
2026-02-18T01:30:00Z,12.0,163.4,98.1,228.8,0,0,0.0,163.4,19.5
2026-02-18T01:45:00Z,32.2,187.8,112.7,263.0,0,0,0.0,187.8,6.6
2026-02-18T02:00:00Z,2.3,191.1,114.7,267.5,0,0,0.0,191.1,-2.9
2026-02-18T02:15:00Z,31.7,174.1,104.4,243.7,0,0,0.0,174.1,-0.8
2026-02-18T02:30:00Z,26.5,179.5,107.7,251.2,0,0,0.0,179.5,2.3
2026-02-18T02:45:00Z,23.5,165.9,99.5,232.2,0,0,0.0,165.9,-4.1
2026-02-18T03:00:00Z,18.9,166.0,99.6,232.4,0,0,0.0,166.0,0.3
2026-02-18T03:15:00Z,35.8,179.8,107.9,251.8,0,0,0.0,179.8,-19.5
2026-02-18T03:30:00Z,6.1,199.7,119.8,279.6,0,0,0.0,199.7,23.5
2026-02-18T03:45:00Z,4.3,181.6,108.9,254.2,0,0,0.0,181.6,-8.1
2026-02-18T04:00:00Z,22.1,191.2,114.7,267.7,0,0,0.0,191.2,-20.1
2026-02-18T04:15:00Z,9.7,228.2,136.9,319.5,0,0,0.0,228.2,30.8
2026-02-18T04:30:00Z,6.9,208.2,124.9,291.4,0,0,0.0,208.2,31.2
2026-02-18T04:45:00Z,7.8,204.9,122.9,286.8,0,0,0.0,204.9,27.0
2026-02-18T05:00:00Z,16.4,207.5,124.5,290.5,0,0,0.0,207.5,-5.0
2026-02-18T05:15:00Z,24.4,226.7,136.0,317.4,0,0,0.0,226.7,-1.2
2026-02-18T05:30:00Z,34.8,209.7,125.8,293.6,0,0,0.0,209.7,12.4
2026-02-18T05:45:00Z,13.5,226.9,136.1,317.7,0,0,0.0,226.9,0.2
2026-02-18T06:00:00Z,28.3,189.1,113.5,264.8,0.0,0,0.0,189.1,-21.3
2026-02-18T06:15:00Z,1.0,255.9,153.5,350,0.0,0,0.0,255.9,2.3
2026-02-18T06:30:00Z,0.6,152.7,91.6,213.7,0.0,0,0.0,152.7,1.0
2026-02-18T06:45:00Z,47.8,172.3,103.4,241.2,0.0,0,0.0,172.3,3.1
2026-02-18T07:00:00Z,40.2,188.6,113.1,264.0,11.7,5.8,15.2,200.2,-18.5
2026-02-18T07:15:00Z,24.7,196.0,117.6,274.4,10.5,5.2,13.6,206.4,17.6
2026-02-18T07:30:00Z,4.1,207.6,124.6,290.6,12.3,6.2,16.0,219.9,34.3
2026-02-18T07:45:00Z,30.9,239.3,143.6,335.0,10.5,5.3,13.7,249.9,1.2
2026-02-18T08:00:00Z,29.8,233.2,139.9,326.5,34.3,17.1,44.6,267.5,-11.4
2026-02-18T08:15:00Z,27.8,204.4,122.7,286.2,28.1,14.1,36.6,232.6,18.6
2026-02-18T08:30:00Z,7.7,169.6,101.7,237.4,30.7,15.4,39.9,200.3,-11.4
2026-02-18T08:45:00Z,4.9,155.8,93.5,218.1,33.6,16.8,43.7,189.5,14.0
2026-02-18T09:00:00Z,16.1,178.8,107.3,250.3,42.6,21.3,55.4,221.4,5.7
2026-02-18T09:15:00Z,38.8,202.4,121.4,283.4,58.1,29.1,75.5,260.5,-14.8
2026-02-18T09:30:00Z,15.1,206.9,124.1,289.6,56.5,28.2,73.4,263.3,-4.4
2026-02-18T09:45:00Z,34.6,168.4,101.1,235.8,58.4,29.2,75.9,226.8,-4.6
2026-02-18T10:00:00Z,21.3,212.9,127.7,298.1,60.5,30.2,78.6,273.4,-9.3
2026-02-18T10:15:00Z,30.6,196.1,117.7,274.6,75.2,37.6,97.7,271.3,3.7
2026-02-18T10:30:00Z,19.3,153.2,91.9,214.5,64.8,32.4,84.3,218.0,-3.0
2026-02-18T10:45:00Z,2.2,143.5,86.1,201.0,69.3,34.7,90.1,212.9,16.3
2026-02-18T11:00:00Z,19.5,221.7,133.0,310.3,88.6,44.3,115.2,310.3,-21.2
2026-02-18T11:15:00Z,3.6,179.6,107.8,251.5,86.5,43.2,112.4,266.1,8.9
2026-02-18T11:30:00Z,1.9,207.9,124.7,291.0,99.1,49.5,120,306.9,11.8
2026-02-18T11:45:00Z,24.0,171.9,103.2,240.7,74.0,37.0,96.2,246.0,-28.2
2026-02-18T12:00:00Z,19.3,195.4,117.3,273.6,106.9,53.5,120,302.4,10.2
2026-02-18T12:15:00Z,35.8,158.7,95.2,222.2,92.2,46.1,119.8,250.9,-4.3
2026-02-18T12:30:00Z,32.5,176.7,106.0,247.4,97.0,48.5,120,273.7,2.8
2026-02-18T12:45:00Z,10.4,172.8,103.7,241.9,103.0,51.5,120,275.8,15.3
2026-02-18T13:00:00Z,16.1,159.7,95.8,223.6,112.6,56.3,120,272.3,16.2
2026-02-18T13:15:00Z,13.0,162.8,97.7,228.0,98.9,49.4,120,261.7,7.5
2026-02-18T13:30:00Z,24.6,217.3,130.4,304.2,105.5,52.8,120,322.8,-2.6
2026-02-18T13:45:00Z,2.9,219.5,131.7,307.3,110.9,55.4,120,330.4,-6.5
2026-02-18T14:00:00Z,11.0,124.2,74.5,173.9,107.3,53.7,120,231.5,-20.2
2026-02-18T14:15:00Z,21.7,155.7,93.4,218.0,103.9,52.0,120,259.6,-15.1
2026-02-18T14:30:00Z,4.2,187.4,112.5,262.4,95.5,47.7,120,282.9,7.2
2026-02-18T14:45:00Z,29.5,184.0,110.4,257.6,110.7,55.4,120,294.7,14.8
2026-02-18T15:00:00Z,10.2,200.4,120.3,280.6,76.0,38.0,98.8,276.4,3.1
2026-02-18T15:15:00Z,26.0,161.3,96.8,225.8,94.5,47.2,120,255.8,-10.9
2026-02-18T15:30:00Z,26.7,175.7,105.4,245.9,80.2,40.1,104.3,255.9,13.8
2026-02-18T15:45:00Z,5.6,138.4,83.0,193.8,72.5,36.3,94.3,210.9,32.2
2026-02-18T16:00:00Z,2.5,140.9,84.6,197.3,59.8,29.9,77.7,200.7,-2.9
2026-02-18T16:15:00Z,23.2,157.4,94.4,220.3,58.4,29.2,75.9,215.7,-3.7
2026-02-18T16:30:00Z,30.6,169.6,101.8,237.4,63.5,31.8,82.6,233.1,10.2
2026-02-18T16:45:00Z,15.8,142.2,85.3,199.1,82.4,41.2,107.1,224.6,-7.1
2026-02-18T17:00:00Z,22.1,142.3,85.4,199.2,42.5,21.2,55.2,184.8,11.9
2026-02-18T17:15:00Z,2.4,190.6,114.3,266.8,41.7,20.8,54.2,232.3,12.9
2026-02-18T17:30:00Z,29.0,136.2,81.7,190.7,42.0,21.0,54.6,178.3,13.8
2026-02-18T17:45:00Z,22.9,145.8,87.5,204.1,54.8,27.4,71.2,200.5,-5.0
2026-02-18T18:00:00Z,15.0,165.8,99.5,232.1,31.9,15.9,41.4,197.7,4.0
2026-02-18T18:15:00Z,4.4,166.3,99.8,232.9,34.3,17.1,44.6,200.6,-12.9
2026-02-18T18:30:00Z,24.0,144.7,86.8,202.6,29.3,14.7,38.1,174.0,5.5
2026-02-18T18:45:00Z,30.1,134.4,80.6,188.1,24.9,12.4,32.4,159.3,13.5
2026-02-18T19:00:00Z,39.6,119.5,71.7,167.4,12.3,6.1,16.0,131.8,7.4
2026-02-18T19:15:00Z,18.1,174.2,104.5,243.9,11.2,5.6,14.6,185.5,-12.0
2026-02-18T19:30:00Z,2.9,170.2,102.1,238.2,12.6,6.3,16.3,182.7,-5.9
2026-02-18T19:45:00Z,47.7,138.6,83.2,194.0,11.0,5.5,14.3,149.6,-0.8
2026-02-18T20:00:00Z,11.2,156.5,93.9,219.1,0.0,0.0,0.0,156.5,5.2
2026-02-18T20:15:00Z,15.6,170.1,102.1,238.2,0.0,0.0,0.0,170.1,-2.0
2026-02-18T20:30:00Z,27.4,163.5,98.1,228.9,0.0,0.0,0.0,163.5,23.8
2026-02-18T20:45:00Z,24.6,147.3,88.4,206.3,0.0,0.0,0.0,147.3,16.7
2026-02-18T21:00:00Z,43.7,171.2,102.7,239.7,0,0,0.0,171.2,-14.5
2026-02-18T21:15:00Z,33.3,143.6,86.1,201.0,0,0,0.0,143.6,9.0
2026-02-18T21:30:00Z,16.9,154.1,92.4,215.7,0,0,0.0,154.1,19.2
2026-02-18T21:45:00Z,10.6,158.4,95.0,221.8,0,0,0.0,158.4,3.6
2026-02-18T22:00:00Z,17.8,157.4,94.4,220.3,0,0,0.0,157.4,28.4
2026-02-18T22:15:00Z,5.5,178.7,107.2,250.2,0,0,0.0,178.7,-4.4
2026-02-18T22:30:00Z,48.0,174.7,104.8,244.6,0,0,0.0,174.7,0.5
2026-02-18T22:45:00Z,40.4,203.4,122.0,284.8,0,0,0.0,203.4,-12.0
2026-02-18T23:00:00Z,37.4,182.0,109.2,254.9,0,0,0.0,182.0,7.6
2026-02-18T23:15:00Z,10.1,173.3,104.0,242.6,0,0,0.0,173.3,0.3
2026-02-18T23:30:00Z,10.0,155.5,93.3,217.7,0,0,0.0,155.5,14.6
2026-02-18T23:45:00Z,5.5,154.4,92.7,216.2,0,0,0.0,154.4,15.7
2026-02-19T00:00:00Z,44.9,206.5,123.9,289.1,0,0,0.0,206.5,9.7
2026-02-19T00:15:00Z,46.8,211.1,126.7,295.6,0,0,0.0,211.1,0.7
2026-02-19T00:30:00Z,3.8,204.0,122.4,285.6,0,0,0.0,204.0,15.7
2026-02-19T00:45:00Z,11.2,199.1,119.5,278.8,0,0,0.0,199.1,-8.5
2026-02-19T01:00:00Z,0.9,196.9,118.2,275.7,0,0,0.0,196.9,-15.8
2026-02-19T01:15:00Z,38.0,237.3,142.4,332.2,0,0,0.0,237.3,-22.8
2026-02-19T01:30:00Z,4.5,210.3,126.2,294.4,0,0,0.0,210.3,-26.1
2026-02-19T01:45:00Z,15.4,214.0,128.4,299.6,0,0,0.0,214.0,-3.8
2026-02-19T02:00:00Z,28.5,210.3,126.2,294.4,0,0,0.0,210.3,-9.8
2026-02-19T02:15:00Z,44.4,237.5,142.5,332.5,0,0,0.0,237.5,15.0
2026-02-19T02:30:00Z,36.6,254.7,152.8,350,0,0,0.0,254.7,13.4
2026-02-19T02:45:00Z,35.1,200.1,120.1,280.2,0,0,0.0,200.1,-23.6
2026-02-19T03:00:00Z,40.1,229.0,137.4,320.5,0,0,0.0,229.0,22.9
2026-02-19T03:15:00Z,26.6,216.2,129.7,302.7,0,0,0.0,216.2,-7.0
2026-02-19T03:30:00Z,47.9,244.8,146.9,342.8,0,0,0.0,244.8,-5.3
2026-02-19T03:45:00Z,1.9,281.6,169.0,350,0,0,0.0,281.6,-5.0
2026-02-19T04:00:00Z,43.2,221.7,133.0,310.3,0,0,0.0,221.7,10.6
2026-02-19T04:15:00Z,16.1,200.2,120.1,280.3,0,0,0.0,200.2,-4.9
2026-02-19T04:30:00Z,20.3,243.0,145.8,340.3,0,0,0.0,243.0,23.4
2026-02-19T04:45:00Z,25.2,216.5,129.9,303.1,0,0,0.0,216.5,-5.1
2026-02-19T05:00:00Z,43.9,208.5,125.1,291.9,0,0,0.0,208.5,-17.5
2026-02-19T05:15:00Z,1.1,223.4,134.1,312.8,0,0,0.0,223.4,-17.3
2026-02-19T05:30:00Z,2.8,237.9,142.8,333.1,0,0,0.0,237.9,2.7
2026-02-19T05:45:00Z,26.5,225.6,135.4,315.8,0,0,0.0,225.6,-2.9
2026-02-19T06:00:00Z,10.9,259.5,155.7,350,0.0,0,0.0,259.5,32.5
2026-02-19T06:15:00Z,14.4,239.9,143.9,335.8,0.0,0,0.0,239.9,-15.1
2026-02-19T06:30:00Z,11.3,231.2,138.7,323.7,0.0,0,0.0,231.2,-7.7
2026-02-19T06:45:00Z,6.3,287.4,172.4,350,0.0,0,0.0,287.4,8.7
2026-02-19T07:00:00Z,13.4,198.4,119.1,277.8,10.3,5.1,13.4,208.7,11.7
2026-02-19T07:15:00Z,13.2,244.6,146.8,342.5,10.7,5.4,14.0,255.4,-1.3
2026-02-19T07:30:00Z,27.8,235.8,141.5,330.1,9.1,4.6,11.9,244.9,-24.2
2026-02-19T07:45:00Z,7.0,242.4,145.4,339.3,12.5,6.2,16.2,254.9,-17.3
2026-02-19T08:00:00Z,38.0,191.7,115.0,268.4,26.6,13.3,34.5,218.3,8.9
2026-02-19T08:15:00Z,22.9,216.1,129.7,302.6,25.6,12.8,33.2,241.7,-7.9
2026-02-19T08:30:00Z,22.5,233.8,140.3,327.3,33.9,16.9,44.0,267.6,15.7
2026-02-19T08:45:00Z,32.1,209.1,125.4,292.7,27.4,13.7,35.6,236.5,9.2
2026-02-19T09:00:00Z,44.3,219.8,131.9,307.7,52.0,26.0,67.7,271.9,-31.7
2026-02-19T09:15:00Z,43.2,217.9,130.7,305.1,58.9,29.5,76.6,276.9,0.9
2026-02-19T09:30:00Z,47.8,221.9,133.1,310.6,50.9,25.5,66.2,272.8,29.4
2026-02-19T09:45:00Z,29.3,223.1,133.9,312.4,48.1,24.1,62.6,271.3,11.4
2026-02-19T10:00:00Z,29.5,261.8,157.1,350,78.5,39.3,102.1,340.3,4.6
2026-02-19T10:15:00Z,36.2,200.0,120.0,279.9,73.4,36.7,95.4,273.4,-6.8
2026-02-19T10:30:00Z,4.4,182.5,109.5,255.6,77.1,38.6,100.2,259.7,3.0
2026-02-19T10:45:00Z,44.1,245.1,147.1,343.1,66.8,33.4,86.9,311.9,-18.8
2026-02-19T11:00:00Z,14.5,227.0,136.2,317.8,91.4,45.7,118.8,318.3,-3.2
2026-02-19T11:15:00Z,5.5,233.2,139.9,326.5,97.6,48.8,120,330.8,16.7
2026-02-19T11:30:00Z,9.2,255.6,153.3,350,84.2,42.1,109.5,339.8,13.0
2026-02-19T11:45:00Z,31.2,247.8,148.7,346.9,76.7,38.4,99.7,324.5,8.1
2026-02-19T12:00:00Z,30.5,213.1,127.8,298.3,90.4,45.2,117.5,303.5,-24.9
2026-02-19T12:15:00Z,31.6,196.1,117.6,274.5,109.2,54.6,120,305.3,9.0
2026-02-19T12:30:00Z,27.7,234.4,140.7,328.2,100.7,50.4,120,335.1,21.1
2026-02-19T12:45:00Z,5.8,197.7,118.6,276.8,81.0,40.5,105.3,278.8,-12.7
2026-02-19T13:00:00Z,9.4,247.0,148.2,345.8,113.5,56.8,120,360.6,25.4
2026-02-19T13:15:00Z,11.6,167.5,100.5,234.5,105.4,52.7,120,272.9,-2.8
2026-02-19T13:30:00Z,35.2,209.6,125.8,293.5,95.7,47.8,120,305.3,-7.2
2026-02-19T13:45:00Z,28.2,224.9,134.9,314.8,98.5,49.3,120,323.4,-15.9
2026-02-19T14:00:00Z,3.1,214.2,128.5,299.9,97.7,48.9,120,312.0,-2.3
2026-02-19T14:15:00Z,2.7,178.9,107.4,250.5,102.8,51.4,120,281.7,-10.4
2026-02-19T14:30:00Z,42.0,191.8,115.1,268.5,92.4,46.2,120,284.2,9.2
2026-02-19T14:45:00Z,3.9,203.5,122.1,284.9,106.9,53.5,120,310.5,-0.7
2026-02-19T15:00:00Z,16.3,180.4,108.2,252.6,82.7,41.3,107.5,263.1,-4.2
2026-02-19T15:15:00Z,37.7,189.0,113.4,264.6,87.4,43.7,113.6,276.4,-16.6
2026-02-19T15:30:00Z,17.1,227.2,136.3,318.0,89.9,44.9,116.8,317.0,7.9
2026-02-19T15:45:00Z,1.9,209.0,125.4,292.6,71.9,36.0,93.5,280.9,-23.3
2026-02-19T16:00:00Z,42.6,202.2,121.3,283.1,80.0,40.0,104.0,282.2,-19.2
2026-02-19T16:15:00Z,42.2,166.1,99.7,232.6,67.2,33.6,87.3,233.3,-3.1
2026-02-19T16:30:00Z,2.0,196.0,117.6,274.4,69.5,34.7,90.3,265.5,-1.7
2026-02-19T16:45:00Z,4.2,166.6,100.0,233.3,81.0,40.5,105.3,247.6,-16.7
2026-02-19T17:00:00Z,35.7,175.1,105.1,245.1,48.5,24.3,63.1,223.6,12.8
2026-02-19T17:15:00Z,28.0,212.4,127.5,297.4,44.6,22.3,58.0,257.0,-8.1
2026-02-19T17:30:00Z,48.0,146.1,87.7,204.6,52.8,26.4,68.7,199.0,-7.9
2026-02-19T17:45:00Z,9.3,167.4,100.4,234.3,54.2,27.1,70.4,221.6,-23.5
2026-02-19T18:00:00Z,18.4,193.8,116.3,271.3,32.0,16.0,41.6,225.8,5.5
2026-02-19T18:15:00Z,42.3,206.7,124.0,289.4,25.7,12.9,33.4,232.5,-10.0
2026-02-19T18:30:00Z,8.7,208.6,125.2,292.0,25.7,12.9,33.4,234.3,-28.1
2026-02-19T18:45:00Z,41.4,176.1,105.7,246.5,31.6,15.8,41.1,207.7,5.2
2026-02-19T19:00:00Z,46.7,215.9,129.5,302.3,9.0,4.5,11.7,224.9,25.3
2026-02-19T19:15:00Z,46.3,206.5,123.9,289.1,11.7,5.8,15.2,218.1,-19.1
2026-02-19T19:30:00Z,39.6,178.9,107.3,250.4,12.4,6.2,16.1,191.3,-11.0
2026-02-19T19:45:00Z,45.0,219.3,131.6,307.0,10.7,5.4,13.9,230.0,-7.2
2026-02-19T20:00:00Z,22.6,252.6,151.6,350,0.0,0.0,0.0,252.6,-0.9
2026-02-19T20:15:00Z,26.0,180.8,108.5,253.2,0.0,0.0,0.0,180.8,11.5
2026-02-19T20:30:00Z,1.7,179.1,107.5,250.7,0.0,0.0,0.0,179.1,-11.3
2026-02-19T20:45:00Z,27.7,157.4,94.5,220.4,0.0,0.0,0.0,157.4,-15.1
2026-02-19T21:00:00Z,12.1,205.2,123.1,287.2,0,0,0.0,205.2,12.7
2026-02-19T21:15:00Z,36.9,212.0,127.2,296.7,0,0,0.0,212.0,-29.5
2026-02-19T21:30:00Z,41.4,182.2,109.3,255.1,0,0,0.0,182.2,7.5
2026-02-19T21:45:00Z,43.1,213.8,128.3,299.4,0,0,0.0,213.8,22.5
2026-02-19T22:00:00Z,17.0,189.4,113.6,265.1,0,0,0.0,189.4,-4.3
2026-02-19T22:15:00Z,12.4,179.6,107.8,251.5,0,0,0.0,179.6,-23.9
2026-02-19T22:30:00Z,34.8,164.3,98.6,230.1,0,0,0.0,164.3,0.3
2026-02-19T22:45:00Z,28.1,207.6,124.6,290.6,0,0,0.0,207.6,10.0
2026-02-19T23:00:00Z,31.5,177.3,106.4,248.2,0,0,0.0,177.3,20.8
2026-02-19T23:15:00Z,35.5,235.9,141.5,330.2,0,0,0.0,235.9,18.1
2026-02-19T23:30:00Z,5.6,192.7,115.6,269.7,0,0,0.0,192.7,22.7
2026-02-19T23:45:00Z,3.4,197.9,118.7,277.0,0,0,0.0,197.9,-21.4
2026-02-20T00:00:00Z,1.6,270.0,162.0,350,0,0,0.0,270.0,-11.0
2026-02-20T00:15:00Z,45.0,278.5,167.1,350,0,0,0.0,278.5,6.5
2026-02-20T00:30:00Z,18.6,286.7,172.0,350,0,0,0.0,286.7,-42.0
2026-02-20T00:45:00Z,35.8,315.8,189.5,350,0,0,0.0,315.8,-17.3
2026-02-20T01:00:00Z,14.8,307.4,184.4,350,0,0,0.0,307.4,5.9
2026-02-20T01:15:00Z,22.5,294.1,176.5,350,0,0,0.0,294.1,-6.5
2026-02-20T01:30:00Z,24.3,301.6,181.0,350,0,0,0.0,301.6,-7.6
2026-02-20T01:45:00Z,37.1,321.4,192.8,350,0,0,0.0,321.4,20.3
2026-02-20T02:00:00Z,22.9,325.5,195.3,350,0,0,0.0,325.5,-10.6
2026-02-20T02:15:00Z,8.9,311.0,186.6,350,0,0,0.0,311.0,-1.7
2026-02-20T02:30:00Z,20.4,281.5,168.9,350,0,0,0.0,281.5,-6.6
2026-02-20T02:45:00Z,32.1,316.1,189.6,350,0,0,0.0,316.1,-38.9
2026-02-20T03:00:00Z,37.0,302.8,181.7,350,0,0,0.0,302.8,15.9
2026-02-20T03:15:00Z,23.0,268.5,161.1,350,0,0,0.0,268.5,3.4
2026-02-20T03:30:00Z,23.3,330.6,198.4,350,0,0,0.0,330.6,-20.8
2026-02-20T03:45:00Z,22.2,346.8,208.1,350,0,0,0.0,346.8,-18.0
2026-02-20T04:00:00Z,34.0,332.6,199.5,350,0,0,0.0,332.6,24.8
2026-02-20T04:15:00Z,48.0,246.3,147.8,344.8,0,0,0.0,246.3,23.5
2026-02-20T04:30:00Z,19.5,287.4,172.4,350,0,0,0.0,287.4,-13.9
2026-02-20T04:45:00Z,47.0,310.8,186.5,350,0,0,0.0,310.8,-12.2
2026-02-20T05:00:00Z,9.0,273.7,164.2,350,0,0,0.0,273.7,-18.2
2026-02-20T05:15:00Z,29.7,293.2,175.9,350,0,0,0.0,293.2,4.5
2026-02-20T05:30:00Z,38.0,350,210.0,350,0,0,0.0,350,17.4
2026-02-20T05:45:00Z,12.4,262.7,157.6,350,0,0,0.0,262.7,-8.9
2026-02-20T06:00:00Z,36.3,261.2,156.7,350,0.0,0,0.0,261.2,21.8
2026-02-20T06:15:00Z,26.7,309.2,185.5,350,0.0,0,0.0,309.2,-1.0
2026-02-20T06:30:00Z,23.8,281.6,169.0,350,0.0,0,0.0,281.6,6.9
2026-02-20T06:45:00Z,30.4,293.2,175.9,350,0.0,0,0.0,293.2,-3.2
2026-02-20T07:00:00Z,3.7,316.3,189.8,350,12.0,6.0,15.6,328.3,-23.9
2026-02-20T07:15:00Z,42.5,350,210.0,350,12.4,6.2,16.1,362.4,7.3
2026-02-20T07:30:00Z,38.6,326.7,196.0,350,12.3,6.1,15.9,339.0,-21.8
2026-02-20T07:45:00Z,1.9,323.7,194.2,350,11.5,5.7,14.9,335.2,-17.0
2026-02-20T08:00:00Z,43.4,312.9,187.8,350,27.2,13.6,35.3,340.1,4.0
2026-02-20T08:15:00Z,39.8,265.9,159.5,350,30.9,15.4,40.1,296.8,-33.0
2026-02-20T08:30:00Z,46.8,294.1,176.4,350,26.6,13.3,34.6,320.7,-8.8
2026-02-20T08:45:00Z,43.6,337.4,202.4,350,27.6,13.8,35.9,365.0,18.8
2026-02-20T09:00:00Z,29.4,305.0,183.0,350,56.6,28.3,73.5,361.6,-14.5
2026-02-20T09:15:00Z,12.7,299.0,179.4,350,45.0,22.5,58.4,344.0,1.1
2026-02-20T09:30:00Z,6.8,271.6,163.0,350,44.6,22.3,58.0,316.2,-13.5
2026-02-20T09:45:00Z,44.3,293.0,175.8,350,42.3,21.1,55.0,335.3,0.0
2026-02-20T10:00:00Z,21.2,306.3,183.8,350,67.5,33.7,87.7,373.8,-8.6
2026-02-20T10:15:00Z,31.8,252.5,151.5,350,73.2,36.6,95.1,325.7,-22.2
2026-02-20T10:30:00Z,45.2,251.7,151.0,350,73.3,36.6,95.3,325.0,1.3
2026-02-20T10:45:00Z,16.8,334.7,200.8,350,79.4,39.7,103.3,414.2,12.1
2026-02-20T11:00:00Z,8.9,304.4,182.6,350,91.5,45.7,118.9,395.9,23.0
2026-02-20T11:15:00Z,9.8,306.2,183.7,350,86.7,43.3,112.7,392.9,-7.7
2026-02-20T11:30:00Z,9.5,314.6,188.8,350,74.6,37.3,97.0,389.2,14.6
2026-02-20T11:45:00Z,21.1,331.1,198.6,350,96.2,48.1,120,427.3,11.2
2026-02-20T12:00:00Z,34.3,279.0,167.4,350,93.4,46.7,120,372.4,40.2
2026-02-20T12:15:00Z,43.4,342.1,205.2,350,110.8,55.4,120,452.9,12.8
2026-02-20T12:30:00Z,15.2,278.4,167.0,350,81.4,40.7,105.8,359.7,14.1
2026-02-20T12:45:00Z,25.0,302.5,181.5,350,85.3,42.6,110.9,387.8,18.3
2026-02-20T13:00:00Z,28.3,279.6,167.7,350,107.8,53.9,120,387.3,-10.1
2026-02-20T13:15:00Z,36.3,276.0,165.6,350,119.6,59.8,120,395.6,25.8
2026-02-20T13:30:00Z,7.3,285.7,171.4,350,92.6,46.3,120,378.3,-9.6
2026-02-20T13:45:00Z,33.8,288.6,173.1,350,89.9,45.0,116.9,378.5,-27.9
2026-02-20T14:00:00Z,2.5,317.8,190.7,350,99.4,49.7,120,417.2,-12.8
2026-02-20T14:15:00Z,38.1,224.1,134.5,313.8,86.7,43.4,112.7,310.9,-7.9
2026-02-20T14:30:00Z,34.5,300.0,180.0,350,87.1,43.5,113.2,387.1,-15.9
2026-02-20T14:45:00Z,31.4,292.1,175.2,350,107.9,53.9,120,399.9,-17.8
2026-02-20T15:00:00Z,1.8,289.9,173.9,350,92.4,46.2,120,382.4,-11.0
2026-02-20T15:15:00Z,12.5,254.0,152.4,350,102.4,51.2,120,356.4,-16.9
2026-02-20T15:30:00Z,13.4,266.6,160.0,350,87.3,43.7,113.5,353.9,-17.0
2026-02-20T15:45:00Z,43.0,241.5,144.9,338.2,73.3,36.7,95.3,314.9,0.7
2026-02-20T16:00:00Z,18.6,324.5,194.7,350,63.4,31.7,82.5,388.0,-6.8
2026-02-20T16:15:00Z,46.4,249.0,149.4,348.6,68.6,34.3,89.1,317.6,-11.9
2026-02-20T16:30:00Z,6.8,279.6,167.7,350,64.1,32.0,83.3,343.7,-21.9
2026-02-20T16:45:00Z,14.4,240.1,144.1,336.2,82.5,41.3,107.3,322.6,-2.0
2026-02-20T17:00:00Z,24.8,263.4,158.0,350,56.5,28.2,73.4,319.8,31.2
2026-02-20T17:15:00Z,47.0,294.2,176.5,350,49.9,24.9,64.9,344.1,-27.0
2026-02-20T17:30:00Z,36.8,290.1,174.1,350,45.9,22.9,59.7,336.0,-10.7
2026-02-20T17:45:00Z,27.8,240.2,144.1,336.3,49.4,24.7,64.2,289.6,-20.8
2026-02-20T18:00:00Z,24.5,249.5,149.7,349.3,32.5,16.2,42.2,282.0,21.3
2026-02-20T18:15:00Z,43.1,310.0,186.0,350,34.0,17.0,44.2,344.0,17.3
2026-02-20T18:30:00Z,32.2,300.9,180.6,350,26.1,13.0,33.9,327.0,-0.1
2026-02-20T18:45:00Z,47.4,325.2,195.1,350,27.9,14.0,36.3,353.1,-4.3
2026-02-20T19:00:00Z,6.1,268.6,161.1,350,9.5,4.7,12.3,278.0,11.5
2026-02-20T19:15:00Z,24.1,225.0,135.0,314.9,10.8,5.4,14.1,235.8,13.0
2026-02-20T19:30:00Z,4.8,280.6,168.4,350,12.3,6.1,16.0,292.9,26.6
2026-02-20T19:45:00Z,6.0,251.4,150.9,350,12.1,6.1,15.8,263.6,2.2
2026-02-20T20:00:00Z,14.1,286.0,171.6,350,0.0,0.0,0.0,286.0,25.4
2026-02-20T20:15:00Z,2.8,305.2,183.1,350,0.0,0.0,0.0,305.2,-0.2
2026-02-20T20:30:00Z,32.6,257.0,154.2,350,0.0,0.0,0.0,257.0,-11.1
2026-02-20T20:45:00Z,35.5,242.0,145.2,338.8,0.0,0.0,0.0,242.0,-15.6
2026-02-20T21:00:00Z,18.7,245.5,147.3,343.8,0,0,0.0,245.5,13.7
2026-02-20T21:15:00Z,37.4,231.5,138.9,324.1,0,0,0.0,231.5,-3.5
2026-02-20T21:30:00Z,1.7,253.5,152.1,350,0,0,0.0,253.5,-13.4
2026-02-20T21:45:00Z,15.9,274.0,164.4,350,0,0,0.0,274.0,3.4
2026-02-20T22:00:00Z,27.9,300.0,180.0,350,0,0,0.0,300.0,-37.7
2026-02-20T22:15:00Z,37.0,313.4,188.1,350,0,0,0.0,313.4,6.3
2026-02-20T22:30:00Z,13.7,276.5,165.9,350,0,0,0.0,276.5,31.9
2026-02-20T22:45:00Z,10.2,296.5,177.9,350,0,0,0.0,296.5,-6.3
2026-02-20T23:00:00Z,25.4,284.0,170.4,350,0,0,0.0,284.0,8.7
2026-02-20T23:15:00Z,12.5,332.1,199.2,350,0,0,0.0,332.1,-14.1
2026-02-20T23:30:00Z,19.7,298.3,179.0,350,0,0,0.0,298.3,11.2
2026-02-20T23:45:00Z,24.7,267.5,160.5,350,0,0,0.0,267.5,6.5
2026-02-21T00:00:00Z,8.5,269.8,161.9,350,0,0,0.0,269.8,-11.6
2026-02-21T00:15:00Z,29.0,230.2,138.1,322.2,0,0,0.0,230.2,-40.9
2026-02-21T00:30:00Z,9.9,219.1,131.4,306.7,0,0,0.0,219.1,17.9
2026-02-21T00:45:00Z,31.1,173.2,103.9,242.4,0,0,0.0,173.2,-15.1
2026-02-21T01:00:00Z,29.5,221.8,133.1,310.5,0,0,0.0,221.8,-9.9
2026-02-21T01:15:00Z,24.5,280.2,168.1,350,0,0,0.0,280.2,-13.8
2026-02-21T01:30:00Z,10.7,195.0,117.0,273.0,0,0,0.0,195.0,10.1
2026-02-21T01:45:00Z,45.8,229.6,137.7,321.4,0,0,0.0,229.6,19.4
2026-02-21T02:00:00Z,8.6,211.8,127.1,296.5,0,0,0.0,211.8,-11.5
2026-02-21T02:15:00Z,16.3,242.0,145.2,338.8,0,0,0.0,242.0,-22.2
2026-02-21T02:30:00Z,0.5,242.2,145.3,339.1,0,0,0.0,242.2,-12.9
2026-02-21T02:45:00Z,36.8,265.9,159.5,350,0,0,0.0,265.9,-2.0
2026-02-21T03:00:00Z,41.5,244.2,146.5,341.9,0,0,0.0,244.2,-1.7
2026-02-21T03:15:00Z,7.7,238.1,142.9,333.3,0,0,0.0,238.1,-6.7
2026-02-21T03:30:00Z,43.8,244.5,146.7,342.3,0,0,0.0,244.5,7.6
2026-02-21T03:45:00Z,11.1,260.0,156.0,350,0,0,0.0,260.0,23.5
2026-02-21T04:00:00Z,26.8,251.4,150.8,350,0,0,0.0,251.4,-29.4
2026-02-21T04:15:00Z,29.6,260.9,156.6,350,0,0,0.0,260.9,6.9
2026-02-21T04:30:00Z,4.9,232.2,139.3,325.1,0,0,0.0,232.2,-16.3
2026-02-21T04:45:00Z,29.4,223.3,134.0,312.6,0,0,0.0,223.3,6.7
2026-02-21T05:00:00Z,10.8,251.9,151.2,350,0,0,0.0,251.9,10.9
2026-02-21T05:15:00Z,3.8,265.4,159.2,350,0,0,0.0,265.4,3.0
2026-02-21T05:30:00Z,7.4,259.1,155.5,350,0,0,0.0,259.1,7.3
2026-02-21T05:45:00Z,4.5,273.9,164.3,350,0,0,0.0,273.9,9.5
2026-02-21T06:00:00Z,9.3,266.4,159.8,350,0.0,0,0.0,266.4,-4.8
2026-02-21T06:15:00Z,44.7,279.2,167.5,350,0.0,0,0.0,279.2,28.4
2026-02-21T06:30:00Z,38.0,262.3,157.4,350,0.0,0,0.0,262.3,11.1
2026-02-21T06:45:00Z,28.7,249.5,149.7,349.4,0.0,0,0.0,249.5,-7.2
2026-02-21T07:00:00Z,22.0,257.6,154.6,350,9.5,4.8,12.4,267.2,26.8
2026-02-21T07:15:00Z,1.5,264.7,158.8,350,10.2,5.1,13.3,275.0,-1.1
2026-02-21T07:30:00Z,23.5,242.9,145.8,340.1,12.5,6.2,16.2,255.4,-15.2
2026-02-21T07:45:00Z,23.2,274.6,164.8,350,10.5,5.3,13.7,285.1,9.0
2026-02-21T08:00:00Z,34.4,247.2,148.3,346.1,30.3,15.2,39.4,277.5,15.3
2026-02-21T08:15:00Z,36.0,277.0,166.2,350,26.4,13.2,34.3,303.3,-2.2
2026-02-21T08:30:00Z,26.0,271.0,162.6,350,24.1,12.0,31.3,295.0,14.2
2026-02-21T08:45:00Z,15.3,306.5,183.9,350,29.5,14.7,38.3,335.9,-8.9
2026-02-21T09:00:00Z,37.1,222.2,133.3,311.1,56.6,28.3,73.6,278.8,23.8
2026-02-21T09:15:00Z,19.6,181.6,109.0,254.2,53.1,26.6,69.1,234.7,-10.4
2026-02-21T09:30:00Z,10.2,213.2,127.9,298.5,51.6,25.8,67.1,264.8,-18.1
2026-02-21T09:45:00Z,46.8,283.7,170.2,350,48.5,24.3,63.1,332.2,3.5
2026-02-21T10:00:00Z,39.5,247.9,148.8,347.1,66.0,33.0,85.8,313.9,0.6
2026-02-21T10:15:00Z,15.3,226.8,136.1,317.5,72.5,36.2,94.2,299.3,2.6
2026-02-21T10:30:00Z,7.6,232.0,139.2,324.8,71.6,35.8,93.1,303.6,1.8
2026-02-21T10:45:00Z,17.5,271.5,162.9,350,82.5,41.2,107.2,354.0,-16.8
2026-02-21T11:00:00Z,0.8,189.1,113.5,264.8,101.9,50.9,120,291.0,31.1
2026-02-21T11:15:00Z,32.7,202.9,121.7,284.0,75.1,37.6,97.7,278.0,11.2
2026-02-21T11:30:00Z,34.6,246.1,147.6,344.5,86.9,43.5,113.0,333.0,27.4
2026-02-21T11:45:00Z,36.3,265.6,159.4,350,85.1,42.6,110.7,350.8,-3.2
2026-02-21T12:00:00Z,17.7,223.2,133.9,312.5,101.1,50.5,120,324.3,8.1
2026-02-21T12:15:00Z,30.2,230.2,138.1,322.3,95.9,47.9,120,326.1,22.3
2026-02-21T12:30:00Z,12.4,162.1,97.3,226.9,112.5,56.2,120,274.5,-23.3
2026-02-21T12:45:00Z,13.6,269.7,161.8,350,85.9,43.0,111.7,355.7,6.0
2026-02-21T13:00:00Z,0.5,231.9,139.1,324.6,98.0,49.0,120,329.9,-24.2
2026-02-21T13:15:00Z,45.2,205.1,123.0,287.1,113.4,56.7,120,318.4,-5.8
2026-02-21T13:30:00Z,8.7,188.0,112.8,263.2,104.9,52.5,120,293.0,-4.2
2026-02-21T13:45:00Z,8.7,189.3,113.6,265.0,97.3,48.6,120,286.5,6.7
2026-02-21T14:00:00Z,46.3,191.0,114.6,267.4,88.4,44.2,114.9,279.4,-2.4
2026-02-21T14:15:00Z,45.3,217.5,130.5,304.5,98.0,49.0,120,315.4,4.2
2026-02-21T14:30:00Z,21.3,240.5,144.3,336.7,104.7,52.4,120,345.2,18.2
2026-02-21T14:45:00Z,22.3,235.4,141.2,329.5,105.0,52.5,120,340.4,0.8
2026-02-21T15:00:00Z,6.1,196.4,117.8,274.9,88.6,44.3,115.2,285.0,2.9
2026-02-21T15:15:00Z,21.5,176.8,106.1,247.5,98.7,49.4,120,275.5,17.3
2026-02-21T15:30:00Z,15.6,221.9,133.1,310.6,97.0,48.5,120,318.9,13.7
2026-02-21T15:45:00Z,23.7,231.6,138.9,324.2,95.1,47.5,120,326.6,18.0
2026-02-21T16:00:00Z,15.3,263.3,158.0,350,63.6,31.8,82.7,326.9,-48.5
2026-02-21T16:15:00Z,10.9,198.7,119.2,278.2,72.1,36.1,93.8,270.8,-15.5
2026-02-21T16:30:00Z,36.2,219.6,131.8,307.4,61.6,30.8,80.1,281.2,-13.0
2026-02-21T16:45:00Z,45.9,189.8,113.9,265.7,68.3,34.1,88.8,258.0,-7.9
2026-02-21T17:00:00Z,23.0,187.2,112.3,262.1,47.4,23.7,61.6,234.6,15.4
2026-02-21T17:15:00Z,35.9,209.4,125.6,293.1,44.3,22.2,57.7,253.7,-15.6
2026-02-21T17:30:00Z,13.1,205.6,123.4,287.9,43.3,21.7,56.3,248.9,7.4
2026-02-21T17:45:00Z,13.2,231.7,139.0,324.4,55.3,27.7,71.9,287.0,1.7
2026-02-21T18:00:00Z,30.9,206.0,123.6,288.4,30.2,15.1,39.2,236.2,-27.9
2026-02-21T18:15:00Z,15.2,194.2,116.5,271.8,29.4,14.7,38.3,223.6,-13.4
2026-02-21T18:30:00Z,46.6,184.2,110.5,257.9,32.1,16.1,41.8,216.4,-16.1
2026-02-21T18:45:00Z,10.6,257.6,154.5,350,33.0,16.5,42.9,290.5,-24.3
2026-02-21T19:00:00Z,4.6,191.6,115.0,268.2,11.6,5.8,15.0,203.1,-7.6
2026-02-21T19:15:00Z,3.6,212.2,127.3,297.0,10.7,5.4,13.9,222.9,11.5
2026-02-21T19:30:00Z,14.7,174.4,104.6,244.2,12.3,6.1,15.9,186.7,-13.0
2026-02-21T19:45:00Z,19.0,244.3,146.6,342.0,11.0,5.5,14.3,255.3,-12.3
2026-02-21T20:00:00Z,36.8,228.0,136.8,319.2,0.0,0.0,0.0,228.0,-11.7
2026-02-21T20:15:00Z,10.6,179.1,107.4,250.7,0.0,0.0,0.0,179.1,-1.9
2026-02-21T20:30:00Z,33.2,186.2,111.7,260.7,0.0,0.0,0.0,186.2,18.0
2026-02-21T20:45:00Z,7.1,202.9,121.7,284.0,0.0,0.0,0.0,202.9,2.0
2026-02-21T21:00:00Z,23.0,166.1,99.7,232.5,0,0,0.0,166.1,3.3
2026-02-21T21:15:00Z,17.8,217.6,130.6,304.7,0,0,0.0,217.6,9.9
2026-02-21T21:30:00Z,46.1,180.9,108.5,253.3,0,0,0.0,180.9,0.2
2026-02-21T21:45:00Z,38.0,185.5,111.3,259.8,0,0,0.0,185.5,-28.8
2026-02-21T22:00:00Z,32.6,187.8,112.7,262.9,0,0,0.0,187.8,29.1
2026-02-21T22:15:00Z,28.0,214.5,128.7,300.4,0,0,0.0,214.5,-19.8
2026-02-21T22:30:00Z,2.4,242.6,145.5,339.6,0,0,0.0,242.6,18.5
2026-02-21T22:45:00Z,17.0,208.9,125.3,292.4,0,0,0.0,208.9,-7.4
2026-02-21T23:00:00Z,11.4,195.3,117.2,273.5,0,0,0.0,195.3,21.8
2026-02-21T23:15:00Z,25.3,227.4,136.4,318.4,0,0,0.0,227.4,4.2
2026-02-21T23:30:00Z,22.4,221.6,133.0,310.3,0,0,0.0,221.6,-0.2
2026-02-21T23:45:00Z,12.0,198.0,118.8,277.2,0,0,0.0,198.0,8.0
2026-02-22T00:00:00Z,28.6,126.7,76.0,177.3,0,0,0.0,126.7,-18.9
2026-02-22T00:15:00Z,29.5,124.4,74.7,174.2,0,0,0.0,124.4,26.3
2026-02-22T00:30:00Z,19.1,144.5,86.7,202.3,0,0,0.0,144.5,-14.4
2026-02-22T00:45:00Z,33.5,94.0,56.4,131.6,0,0,0.0,94.0,-20.5
2026-02-22T01:00:00Z,28.7,113.7,68.2,159.1,0,0,0.0,113.7,-8.3
2026-02-22T01:15:00Z,4.9,175.1,105.1,245.2,0,0,0.0,175.1,-1.1
2026-02-22T01:30:00Z,42.1,171.9,103.1,240.6,0,0,0.0,171.9,22.2
2026-02-22T01:45:00Z,21.8,145.1,87.1,203.2,0,0,0.0,145.1,-7.9
2026-02-22T02:00:00Z,40.6,120.9,72.5,169.3,0,0,0.0,120.9,21.3
2026-02-22T02:15:00Z,29.3,160.2,96.1,224.2,0,0,0.0,160.2,16.1
2026-02-22T02:30:00Z,20.9,128.1,76.9,179.3,0,0,0.0,128.1,-5.4
2026-02-22T02:45:00Z,43.0,174.8,104.9,244.7,0,0,0.0,174.8,-12.8
2026-02-22T03:00:00Z,26.3,124.8,74.9,174.8,0,0,0.0,124.8,8.5
2026-02-22T03:15:00Z,44.5,125.9,75.5,176.3,0,0,0.0,125.9,16.2
2026-02-22T03:30:00Z,6.2,103.1,61.9,144.4,0,0,0.0,103.1,13.3
2026-02-22T03:45:00Z,3.4,161.8,97.1,226.5,0,0,0.0,161.8,3.9
2026-02-22T04:00:00Z,8.7,181.6,109.0,254.2,0,0,0.0,181.6,37.4
2026-02-22T04:15:00Z,34.0,142.2,85.3,199.0,0,0,0.0,142.2,1.4
2026-02-22T04:30:00Z,30.1,205.4,123.2,287.6,0,0,0.0,205.4,0.0
2026-02-22T04:45:00Z,17.5,148.4,89.1,207.8,0,0,0.0,148.4,-6.2
2026-02-22T05:00:00Z,44.3,160.9,96.6,225.3,0,0,0.0,160.9,-4.6
2026-02-22T05:15:00Z,22.1,150.3,90.2,210.4,0,0,0.0,150.3,26.8
2026-02-22T05:30:00Z,25.7,146.4,87.9,205.0,0,0,0.0,146.4,6.5
2026-02-22T05:45:00Z,14.8,155.6,93.4,217.9,0,0,0.0,155.6,-6.4
2026-02-22T06:00:00Z,29.6,187.4,112.4,262.4,0.0,0,0.0,187.4,7.5
2026-02-22T06:15:00Z,16.1,154.0,92.4,215.6,0.0,0,0.0,154.0,7.2
2026-02-22T06:30:00Z,0.6,161.1,96.7,225.6,0.0,0,0.0,161.1,25.7
2026-02-22T06:45:00Z,29.3,125.4,75.2,175.5,0.0,0,0.0,125.4,9.7
2026-02-22T07:00:00Z,44.8,152.0,91.2,212.8,9.8,4.9,12.7,161.8,8.8
2026-02-22T07:15:00Z,28.4,102.0,61.2,142.8,11.4,5.7,14.8,113.4,-4.0
2026-02-22T07:30:00Z,5.6,80.7,48.4,113.0,12.1,6.1,15.7,92.8,-19.1
2026-02-22T07:45:00Z,0.4,97.7,58.6,136.8,10.5,5.3,13.7,108.2,-27.9
2026-02-22T08:00:00Z,6.5,124.8,74.9,174.7,34.0,17.0,44.2,158.8,19.1
2026-02-22T08:15:00Z,40.6,176.5,105.9,247.1,33.1,16.6,43.1,209.6,9.2
2026-02-22T08:30:00Z,44.9,124.6,74.8,174.5,25.2,12.6,32.8,149.9,14.8
2026-02-22T08:45:00Z,41.6,90.9,54.5,127.3,30.1,15.0,39.1,121.0,-3.9
2026-02-22T09:00:00Z,5.7,139.8,83.9,195.7,56.5,28.3,73.5,196.3,-7.2
2026-02-22T09:15:00Z,34.2,158.1,94.9,221.4,44.3,22.1,57.6,202.4,10.2
2026-02-22T09:30:00Z,1.6,148.2,88.9,207.5,54.1,27.0,70.3,202.3,17.7
2026-02-22T09:45:00Z,10.4,167.3,100.4,234.3,46.9,23.4,60.9,214.2,-25.9
2026-02-22T10:00:00Z,43.9,180.1,108.1,252.1,80.1,40.0,104.1,260.2,33.3
2026-02-22T10:15:00Z,44.5,127.8,76.7,178.9,74.1,37.1,96.4,201.9,29.7
2026-02-22T10:30:00Z,22.6,144.1,86.4,201.7,75.6,37.8,98.2,219.6,-12.9
2026-02-22T10:45:00Z,29.2,162.7,97.6,227.8,70.3,35.1,91.4,233.0,15.4
2026-02-22T11:00:00Z,15.7,92.4,55.5,129.4,88.2,44.1,114.7,180.6,2.9
2026-02-22T11:15:00Z,0.4,130.8,78.5,183.1,77.5,38.8,100.8,208.3,4.0
2026-02-22T11:30:00Z,20.0,141.0,84.6,197.5,72.7,36.4,94.5,213.8,-22.9
2026-02-22T11:45:00Z,34.9,111.1,66.6,155.5,85.5,42.7,111.1,196.5,-4.3
2026-02-22T12:00:00Z,44.0,96.1,57.7,134.6,84.4,42.2,109.7,180.5,22.6
2026-02-22T12:15:00Z,7.1,83.5,50.1,116.9,107.5,53.7,120,191.0,13.3
2026-02-22T12:30:00Z,28.0,142.6,85.5,199.6,87.9,43.9,114.3,230.5,-6.7
2026-02-22T12:45:00Z,10.7,109.2,65.5,152.9,81.5,40.7,105.9,190.7,9.2
2026-02-22T13:00:00Z,31.8,124.0,74.4,173.6,103.1,51.5,120,227.1,-13.1
2026-02-22T13:15:00Z,7.0,126.8,76.1,177.5,117.5,58.7,120,244.3,15.1
2026-02-22T13:30:00Z,44.4,108.1,64.9,151.4,104.1,52.1,120,212.2,-7.8
2026-02-22T13:45:00Z,25.8,138.6,83.1,194.0,110.0,55.0,120,248.5,4.4
2026-02-22T14:00:00Z,47.4,101.3,60.8,141.9,83.9,41.9,109.0,185.2,21.1
2026-02-22T14:15:00Z,6.7,81.7,49.0,114.4,101.1,50.6,120,182.8,16.7
2026-02-22T14:30:00Z,35.0,126.5,75.9,177.0,111.0,55.5,120,237.5,-19.8
2026-02-22T14:45:00Z,33.3,116.4,69.8,162.9,111.5,55.7,120,227.8,-4.3
2026-02-22T15:00:00Z,27.4,105.5,63.3,147.7,81.6,40.8,106.1,187.1,-20.9
2026-02-22T15:15:00Z,3.8,142.9,85.7,200.0,73.9,37.0,96.1,216.8,-0.3
2026-02-22T15:30:00Z,27.8,97.2,58.3,136.1,79.3,39.7,103.1,176.5,3.3
2026-02-22T15:45:00Z,25.1,93.1,55.8,130.3,91.5,45.8,119.0,184.6,9.5
2026-02-22T16:00:00Z,45.8,123.2,73.9,172.5,77.8,38.9,101.1,201.0,6.8
2026-02-22T16:15:00Z,39.3,112.0,67.2,156.7,82.9,41.5,107.8,194.9,-23.1
2026-02-22T16:30:00Z,43.3,112.9,67.7,158.0,68.1,34.0,88.5,181.0,12.4
2026-02-22T16:45:00Z,30.7,95.6,57.4,133.9,61.8,30.9,80.3,157.4,8.1
2026-02-22T17:00:00Z,11.3,78.2,46.9,109.5,56.6,28.3,73.6,134.8,-1.1
2026-02-22T17:15:00Z,31.8,115.5,69.3,161.7,53.1,26.6,69.1,168.7,8.9
2026-02-22T17:30:00Z,43.1,94.3,56.6,132.0,48.9,24.4,63.5,143.2,7.0
2026-02-22T17:45:00Z,43.0,109.0,65.4,152.6,53.1,26.6,69.1,162.1,-15.1
2026-02-22T18:00:00Z,2.3,106.6,64.0,149.3,29.1,14.5,37.8,135.7,-4.1
2026-02-22T18:15:00Z,5.2,120.1,72.0,168.1,24.8,12.4,32.2,144.8,16.1
2026-02-22T18:30:00Z,15.7,131.9,79.1,184.7,26.3,13.1,34.1,158.2,-1.5
2026-02-22T18:45:00Z,26.9,79.3,47.6,111.0,31.6,15.8,41.1,110.9,-10.1
2026-02-22T19:00:00Z,4.4,88.4,53.0,123.7,11.6,5.8,15.1,100.0,7.8
2026-02-22T19:15:00Z,22.3,91.3,54.8,127.9,12.0,6.0,15.6,103.3,8.5
2026-02-22T19:30:00Z,8.9,107.4,64.5,150.4,9.2,4.6,11.9,116.6,17.5
2026-02-22T19:45:00Z,15.2,75.2,45.1,105.3,10.1,5.0,13.1,85.3,21.8
2026-02-22T20:00:00Z,33.1,89.1,53.5,124.8,0.0,0.0,0.0,89.1,-20.2
2026-02-22T20:15:00Z,30.0,87.4,52.4,122.3,0.0,0.0,0.0,87.4,-19.0
2026-02-22T20:30:00Z,26.5,115.1,69.0,161.1,0.0,0.0,0.0,115.1,-17.4
2026-02-22T20:45:00Z,10.1,130.4,78.2,182.6,0.0,0.0,0.0,130.4,13.6
2026-02-22T21:00:00Z,32.8,125.7,75.4,176.0,0,0,0.0,125.7,-17.8
2026-02-22T21:15:00Z,28.5,112.0,67.2,156.7,0,0,0.0,112.0,6.6
2026-02-22T21:30:00Z,37.0,147.6,88.6,206.6,0,0,0.0,147.6,-32.4
2026-02-22T21:45:00Z,13.6,129.9,77.9,181.9,0,0,0.0,129.9,20.4
2026-02-22T22:00:00Z,25.5,86.5,51.9,121.1,0,0,0.0,86.5,16.1
2026-02-22T22:15:00Z,22.2,138.6,83.2,194.1,0,0,0.0,138.6,0.9
2026-02-22T22:30:00Z,41.1,134.5,80.7,188.3,0,0,0.0,134.5,9.4
2026-02-22T22:45:00Z,45.6,129.7,77.8,181.6,0,0,0.0,129.7,8.2
2026-02-22T23:00:00Z,22.3,100.8,60.5,141.2,0,0,0.0,100.8,-7.7
2026-02-22T23:15:00Z,44.9,142.0,85.2,198.7,0,0,0.0,142.0,-6.7
2026-02-22T23:30:00Z,19.8,159.5,95.7,223.3,0,0,0.0,159.5,1.0
2026-02-22T23:45:00Z,34.8,121.6,73.0,170.2,0,0,0.0,121.6,5.9
2026-02-23T00:00:00Z,11.9,225.9,135.5,316.3,0,0,0.0,225.9,-20.2
2026-02-23T00:15:00Z,25.6,243.6,146.2,341.1,0,0,0.0,243.6,5.9
2026-02-23T00:30:00Z,5.3,250.9,150.5,350,0,0,0.0,250.9,20.0
2026-02-23T00:45:00Z,28.0,231.5,138.9,324.1,0,0,0.0,231.5,-8.2
2026-02-23T01:00:00Z,44.8,231.2,138.7,323.7,0,0,0.0,231.2,8.8
2026-02-23T01:15:00Z,31.8,234.5,140.7,328.4,0,0,0.0,234.5,-0.2
2026-02-23T01:30:00Z,8.9,207.1,124.3,290.0,0,0,0.0,207.1,22.9
2026-02-23T01:45:00Z,10.7,241.2,144.7,337.7,0,0,0.0,241.2,-13.4
2026-02-23T02:00:00Z,33.7,238.7,143.2,334.2,0,0,0.0,238.7,14.5
2026-02-23T02:15:00Z,0.5,208.7,125.2,292.2,0,0,0.0,208.7,-8.2
2026-02-23T02:30:00Z,18.4,290.7,174.4,350,0,0,0.0,290.7,-9.3
2026-02-23T02:45:00Z,37.1,210.6,126.4,294.8,0,0,0.0,210.6,4.2
2026-02-23T03:00:00Z,26.8,245.6,147.3,343.8,0,0,0.0,245.6,-17.6
2026-02-23T03:15:00Z,45.6,215.6,129.3,301.8,0,0,0.0,215.6,9.3
2026-02-23T03:30:00Z,14.4,294.0,176.4,350,0,0,0.0,294.0,13.8
2026-02-23T03:45:00Z,21.6,235.1,141.1,329.2,0,0,0.0,235.1,-2.3
2026-02-23T04:00:00Z,16.0,274.7,164.8,350,0,0,0.0,274.7,18.1
2026-02-23T04:15:00Z,44.8,226.2,135.7,316.7,0,0,0.0,226.2,-19.0
2026-02-23T04:30:00Z,28.1,241.0,144.6,337.5,0,0,0.0,241.0,-11.0
2026-02-23T04:45:00Z,44.0,282.5,169.5,350,0,0,0.0,282.5,29.2
2026-02-23T05:00:00Z,39.4,233.3,140.0,326.6,0,0,0.0,233.3,-2.4
2026-02-23T05:15:00Z,6.3,274.7,164.8,350,0,0,0.0,274.7,-5.2
2026-02-23T05:30:00Z,13.8,226.0,135.6,316.4,0,0,0.0,226.0,-5.8
2026-02-23T05:45:00Z,26.7,273.8,164.3,350,0,0,0.0,273.8,31.4
2026-02-23T06:00:00Z,37.7,269.0,161.4,350,0.0,0,0.0,269.0,5.4
2026-02-23T06:15:00Z,5.0,250.4,150.3,350,0.0,0,0.0,250.4,-9.6
2026-02-23T06:30:00Z,34.1,225.9,135.5,316.2,0.0,0,0.0,225.9,8.8
2026-02-23T06:45:00Z,16.7,301.2,180.7,350,0.0,0,0.0,301.2,-9.6
2026-02-23T07:00:00Z,12.7,240.7,144.4,336.9,12.2,6.1,15.9,252.9,17.2
2026-02-23T07:15:00Z,43.3,264.0,158.4,350,9.0,4.5,11.7,273.1,15.2
2026-02-23T07:30:00Z,21.0,200.7,120.4,281.0,9.9,4.9,12.8,210.6,-1.1
2026-02-23T07:45:00Z,15.4,225.2,135.1,315.3,10.6,5.3,13.8,235.8,23.9
2026-02-23T08:00:00Z,15.4,221.0,132.6,309.4,29.0,14.5,37.7,250.0,9.5
2026-02-23T08:15:00Z,46.1,254.0,152.4,350,26.0,13.0,33.7,279.9,12.9
2026-02-23T08:30:00Z,38.2,253.8,152.3,350,28.6,14.3,37.2,282.4,-7.8
2026-02-23T08:45:00Z,46.5,207.7,124.6,290.7,30.8,15.4,40.0,238.5,-8.4
2026-02-23T09:00:00Z,21.4,245.5,147.3,343.7,54.1,27.0,70.3,299.6,-38.3
2026-02-23T09:15:00Z,47.3,244.0,146.4,341.6,42.7,21.4,55.6,286.7,25.6
2026-02-23T09:30:00Z,44.3,308.1,184.8,350,42.1,21.1,54.8,350.2,7.7
2026-02-23T09:45:00Z,10.5,233.5,140.1,326.9,49.3,24.7,64.1,282.8,-25.2
2026-02-23T10:00:00Z,33.4,260.8,156.5,350,69.1,34.6,89.9,330.0,-14.5
2026-02-23T10:15:00Z,31.6,247.5,148.5,346.6,66.3,33.1,86.1,313.8,-11.5
2026-02-23T10:30:00Z,27.8,235.2,141.1,329.2,71.8,35.9,93.4,307.0,3.3
2026-02-23T10:45:00Z,8.9,237.9,142.8,333.1,71.6,35.8,93.0,309.5,-19.3
2026-02-23T11:00:00Z,19.3,246.6,147.9,345.2,83.2,41.6,108.2,329.8,-5.2
2026-02-23T11:15:00Z,4.6,236.7,142.0,331.4,97.2,48.6,120,333.9,-5.5
2026-02-23T11:30:00Z,44.2,241.2,144.7,337.7,93.9,47.0,120,335.1,-1.2
2026-02-23T11:45:00Z,16.6,183.1,109.9,256.3,76.9,38.5,100.0,260.0,-29.9
2026-02-23T12:00:00Z,21.2,272.3,163.4,350,100.5,50.2,120,372.7,19.7
2026-02-23T12:15:00Z,17.8,239.2,143.5,334.8,83.1,41.6,108.1,322.3,30.5
2026-02-23T12:30:00Z,46.6,204.5,122.7,286.3,109.8,54.9,120,314.3,-8.1
2026-02-23T12:45:00Z,45.3,249.4,149.6,349.1,100.9,50.4,120,350.2,18.1
2026-02-23T13:00:00Z,11.1,220.5,132.3,308.7,108.4,54.2,120,328.9,-23.6
2026-02-23T13:15:00Z,35.5,222.7,133.6,311.8,103.5,51.8,120,326.3,0.1
2026-02-23T13:30:00Z,10.0,247.1,148.3,345.9,88.0,44.0,114.4,335.1,-2.4
2026-02-23T13:45:00Z,32.2,205.2,123.1,287.2,89.3,44.6,116.1,294.4,-12.8
2026-02-23T14:00:00Z,6.3,227.5,136.5,318.4,94.6,47.3,120,322.1,1.8
2026-02-23T14:15:00Z,39.0,232.6,139.5,325.6,115.4,57.7,120,347.9,-5.4
2026-02-23T14:30:00Z,11.1,229.0,137.4,320.6,96.2,48.1,120,325.2,14.9
2026-02-23T14:45:00Z,40.7,253.2,151.9,350,113.4,56.7,120,366.6,5.6
2026-02-23T15:00:00Z,0.8,186.3,111.8,260.8,75.3,37.7,97.9,261.6,-5.3
2026-02-23T15:15:00Z,22.7,214.9,128.9,300.8,81.2,40.6,105.6,296.1,-17.2
2026-02-23T15:30:00Z,37.5,190.0,114.0,266.0,82.7,41.3,107.5,272.7,24.3
2026-02-23T15:45:00Z,10.1,225.3,135.2,315.4,87.7,43.9,114.0,313.0,5.7
2026-02-23T16:00:00Z,9.5,204.3,122.6,286.0,72.3,36.1,93.9,276.5,-4.8
2026-02-23T16:15:00Z,31.4,259.0,155.4,350,71.9,35.9,93.5,330.9,4.1
2026-02-23T16:30:00Z,18.0,216.9,130.1,303.6,79.1,39.5,102.8,295.9,4.4
2026-02-23T16:45:00Z,45.9,186.3,111.8,260.8,65.4,32.7,85.1,251.7,-16.0
2026-02-23T17:00:00Z,6.5,199.4,119.7,279.2,45.0,22.5,58.5,244.4,1.9
2026-02-23T17:15:00Z,8.6,228.7,137.2,320.2,52.8,26.4,68.6,281.5,-3.3
2026-02-23T17:30:00Z,29.5,315.1,189.0,350,53.2,26.6,69.2,368.3,-35.0
2026-02-23T17:45:00Z,36.7,192.8,115.7,270.0,47.7,23.9,62.0,240.6,10.5
2026-02-23T18:00:00Z,2.0,227.2,136.3,318.1,26.5,13.2,34.4,253.7,3.9
2026-02-23T18:15:00Z,28.2,205.7,123.4,288.0,34.2,17.1,44.5,239.9,-7.7
2026-02-23T18:30:00Z,29.6,224.5,134.7,314.3,25.9,12.9,33.6,250.4,9.1
2026-02-23T18:45:00Z,44.8,236.3,141.8,330.8,27.0,13.5,35.1,263.3,-15.8
2026-02-23T19:00:00Z,29.1,236.4,141.9,331.0,11.0,5.5,14.2,247.4,-0.9
2026-02-23T19:15:00Z,44.4,226.1,135.7,316.6,11.3,5.6,14.7,237.4,-11.4
2026-02-23T19:30:00Z,8.6,220.6,132.3,308.8,11.9,6.0,15.5,232.5,7.6
2026-02-23T19:45:00Z,35.6,208.2,124.9,291.5,10.1,5.1,13.2,218.4,11.2
2026-02-23T20:00:00Z,46.3,208.7,125.2,292.1,0.0,0.0,0.0,208.7,18.0
2026-02-23T20:15:00Z,8.8,208.0,124.8,291.3,0.0,0.0,0.0,208.0,5.4
2026-02-23T20:30:00Z,32.4,190.6,114.3,266.8,0.0,0.0,0.0,190.6,-11.2
2026-02-23T20:45:00Z,20.9,263.4,158.1,350,0.0,0.0,0.0,263.4,3.2
2026-02-23T21:00:00Z,2.0,210.6,126.4,294.9,0,0,0.0,210.6,-0.3
2026-02-23T21:15:00Z,11.3,212.4,127.4,297.3,0,0,0.0,212.4,9.3
2026-02-23T21:30:00Z,18.9,244.9,147.0,342.9,0,0,0.0,244.9,-0.1
2026-02-23T21:45:00Z,35.5,202.6,121.5,283.6,0,0,0.0,202.6,6.5
2026-02-23T22:00:00Z,23.3,195.2,117.1,273.3,0,0,0.0,195.2,-13.7
2026-02-23T22:15:00Z,0.8,175.1,105.1,245.2,0,0,0.0,175.1,-20.6
2026-02-23T22:30:00Z,7.1,187.9,112.7,263.0,0,0,0.0,187.9,-8.1
2026-02-23T22:45:00Z,5.4,187.7,112.6,262.8,0,0,0.0,187.7,30.9
2026-02-23T23:00:00Z,28.7,222.6,133.6,311.7,0,0,0.0,222.6,3.5
2026-02-23T23:15:00Z,5.0,199.9,120.0,279.9,0,0,0.0,199.9,-13.4
2026-02-23T23:30:00Z,36.6,270.6,162.3,350,0,0,0.0,270.6,12.3
2026-02-23T23:45:00Z,38.4,234.1,140.5,327.7,0,0,0.0,234.1,-16.3
2026-02-24T00:00:00Z,30.9,209.9,126.0,293.9,0,0,0.0,209.9,-18.1
2026-02-24T00:15:00Z,0.6,199.6,119.7,279.4,0,0,0.0,199.6,-18.2
2026-02-24T00:30:00Z,25.2,278.2,166.9,350,0,0,0.0,278.2,-26.1
2026-02-24T00:45:00Z,21.6,237.0,142.2,331.9,0,0,0.0,237.0,3.6
2026-02-24T01:00:00Z,43.2,224.6,134.7,314.4,0,0,0.0,224.6,-15.2
2026-02-24T01:15:00Z,40.0,215.7,129.4,302.0,0,0,0.0,215.7,6.4
2026-02-24T01:30:00Z,0.8,182.3,109.4,255.2,0,0,0.0,182.3,-23.5
2026-02-24T01:45:00Z,40.6,222.1,133.2,310.9,0,0,0.0,222.1,-12.4
2026-02-24T02:00:00Z,21.8,205.4,123.3,287.6,0,0,0.0,205.4,7.9
2026-02-24T02:15:00Z,43.8,206.1,123.6,288.5,0,0,0.0,206.1,-5.9
2026-02-24T02:30:00Z,45.7,203.3,122.0,284.6,0,0,0.0,203.3,-7.0
2026-02-24T02:45:00Z,13.3,178.2,106.9,249.5,0,0,0.0,178.2,27.4
2026-02-24T03:00:00Z,29.6,243.7,146.2,341.2,0,0,0.0,243.7,7.0
2026-02-24T03:15:00Z,31.4,248.2,148.9,347.5,0,0,0.0,248.2,2.3
2026-02-24T03:30:00Z,14.2,229.2,137.5,320.8,0,0,0.0,229.2,-5.4
2026-02-24T03:45:00Z,14.6,247.0,148.2,345.9,0,0,0.0,247.0,-7.6
2026-02-24T04:00:00Z,16.1,272.8,163.7,350,0,0,0.0,272.8,19.0
2026-02-24T04:15:00Z,28.5,289.7,173.8,350,0,0,0.0,289.7,35.4
2026-02-24T04:30:00Z,39.9,246.4,147.8,345.0,0,0,0.0,246.4,-3.4
2026-02-24T04:45:00Z,9.6,214.8,128.9,300.7,0,0,0.0,214.8,-0.4
2026-02-24T05:00:00Z,28.5,247.7,148.6,346.8,0,0,0.0,247.7,0.8
2026-02-24T05:15:00Z,38.1,325.9,195.5,350,0,0,0.0,325.9,-12.4
2026-02-24T05:30:00Z,11.9,241.4,144.8,338.0,0,0,0.0,241.4,-11.5
2026-02-24T05:45:00Z,37.3,201.7,121.0,282.4,0,0,0.0,201.7,-24.1
2026-02-24T06:00:00Z,40.4,216.1,129.7,302.5,0.0,0,0.0,216.1,-28.2
2026-02-24T06:15:00Z,42.8,217.9,130.7,305.0,0.0,0,0.0,217.9,-17.2
2026-02-24T06:30:00Z,40.9,239.9,144.0,335.9,0.0,0,0.0,239.9,-4.1
2026-02-24T06:45:00Z,22.9,273.2,163.9,350,0.0,0,0.0,273.2,-21.7
2026-02-24T07:00:00Z,35.6,206.9,124.1,289.7,11.5,5.8,15.0,218.4,-17.9
2026-02-24T07:15:00Z,22.0,222.6,133.6,311.7,8.8,4.4,11.5,231.5,20.8
2026-02-24T07:30:00Z,42.3,201.6,121.0,282.3,9.7,4.8,12.6,211.3,4.9
2026-02-24T07:45:00Z,7.8,229.0,137.4,320.6,10.7,5.4,13.9,239.7,5.8
2026-02-24T08:00:00Z,41.6,289.3,173.6,350,32.8,16.4,42.6,322.1,-23.5
2026-02-24T08:15:00Z,0.6,216.8,130.1,303.5,26.2,13.1,34.1,243.0,11.0
2026-02-24T08:30:00Z,37.7,294.9,176.9,350,28.0,14.0,36.5,323.0,15.8
2026-02-24T08:45:00Z,26.1,231.8,139.1,324.5,31.2,15.6,40.6,263.0,3.6
2026-02-24T09:00:00Z,38.5,256.8,154.1,350,53.6,26.8,69.7,310.4,13.3
2026-02-24T09:15:00Z,16.2,222.1,133.3,310.9,58.0,29.0,75.3,280.1,-3.5
2026-02-24T09:30:00Z,41.2,236.9,142.1,331.6,45.6,22.8,59.3,282.5,14.8
2026-02-24T09:45:00Z,29.1,256.8,154.1,350,52.7,26.3,68.5,309.5,13.6
2026-02-24T10:00:00Z,10.5,213.5,128.1,299.0,60.2,30.1,78.3,273.8,-9.1
2026-02-24T10:15:00Z,34.6,181.5,108.9,254.2,71.2,35.6,92.5,252.7,21.9
2026-02-24T10:30:00Z,40.1,239.7,143.8,335.6,58.8,29.4,76.4,298.5,-23.6
2026-02-24T10:45:00Z,33.6,288.9,173.3,350,82.4,41.2,107.1,371.2,22.6
2026-02-24T11:00:00Z,13.4,253.6,152.2,350,86.5,43.3,112.5,340.1,-5.2
2026-02-24T11:15:00Z,33.1,204.7,122.8,286.5,73.4,36.7,95.5,278.1,1.1
2026-02-24T11:30:00Z,8.3,204.2,122.5,285.9,94.7,47.3,120,298.9,6.9
2026-02-24T11:45:00Z,38.5,232.2,139.3,325.0,95.9,48.0,120,328.1,1.3
2026-02-24T12:00:00Z,11.9,195.1,117.1,273.2,105.6,52.8,120,300.7,2.9
2026-02-24T12:15:00Z,20.4,182.3,109.4,255.2,97.7,48.8,120,280.0,6.6
2026-02-24T12:30:00Z,22.2,202.8,121.7,283.9,91.4,45.7,118.8,294.2,-0.2
2026-02-24T12:45:00Z,2.2,182.2,109.3,255.1,112.0,56.0,120,294.3,-11.5
2026-02-24T13:00:00Z,30.8,230.9,138.5,323.3,118.5,59.3,120,349.4,3.1
2026-02-24T13:15:00Z,26.8,243.2,145.9,340.5,113.3,56.7,120,356.6,14.1
2026-02-24T13:30:00Z,47.2,224.5,134.7,314.3,105.5,52.7,120,329.9,-14.8
2026-02-24T13:45:00Z,37.6,243.3,146.0,340.6,87.2,43.6,113.4,330.5,7.6
2026-02-24T14:00:00Z,5.1,222.2,133.3,311.0,113.5,56.7,120,335.6,9.0
2026-02-24T14:15:00Z,11.4,229.1,137.5,320.8,113.6,56.8,120,342.7,-8.9
2026-02-24T14:30:00Z,24.2,203.9,122.3,285.4,83.0,41.5,107.9,286.9,-9.0
2026-02-24T14:45:00Z,29.4,213.3,128.0,298.7,85.4,42.7,111.0,298.8,25.6
2026-02-24T15:00:00Z,22.8,219.0,131.4,306.6,99.8,49.9,120,318.9,-4.6
2026-02-24T15:15:00Z,43.6,216.6,130.0,303.3,73.2,36.6,95.1,289.8,-31.9
2026-02-24T15:30:00Z,34.9,213.0,127.8,298.2,99.0,49.5,120,312.0,-3.1
2026-02-24T15:45:00Z,37.2,160.7,96.4,225.0,96.4,48.2,120,257.1,-15.7
2026-02-24T16:00:00Z,12.3,239.0,143.4,334.6,59.9,29.9,77.8,298.9,7.7
2026-02-24T16:15:00Z,2.2,242.9,145.7,340.0,71.0,35.5,92.3,313.8,-1.9
2026-02-24T16:30:00Z,16.4,183.0,109.8,256.2,72.0,36.0,93.6,254.9,3.3
2026-02-24T16:45:00Z,12.9,183.0,109.8,256.2,63.5,31.7,82.5,246.5,6.1
2026-02-24T17:00:00Z,32.2,227.7,136.6,318.8,43.9,22.0,57.1,271.6,11.2
2026-02-24T17:15:00Z,39.3,195.6,117.3,273.8,51.6,25.8,67.1,247.2,-2.9
2026-02-24T17:30:00Z,5.0,196.4,117.8,274.9,41.4,20.7,53.8,237.8,-15.1
2026-02-24T17:45:00Z,18.6,183.9,110.4,257.5,44.8,22.4,58.2,228.7,-26.1
2026-02-24T18:00:00Z,41.8,188.0,112.8,263.2,30.9,15.4,40.1,218.9,0.9
2026-02-24T18:15:00Z,18.7,217.3,130.4,304.2,25.0,12.5,32.5,242.3,-24.8
2026-02-24T18:30:00Z,41.2,265.4,159.2,350,32.5,16.3,42.3,297.9,-15.4
2026-02-24T18:45:00Z,22.4,237.9,142.7,333.0,25.3,12.7,32.9,263.2,9.6
2026-02-24T19:00:00Z,13.8,195.9,117.5,274.3,11.2,5.6,14.5,207.1,1.7
2026-02-24T19:15:00Z,0.8,265.9,159.5,350,12.4,6.2,16.1,278.2,-12.9
2026-02-24T19:30:00Z,43.6,203.5,122.1,284.9,11.8,5.9,15.3,215.2,7.0
2026-02-24T19:45:00Z,14.1,178.2,106.9,249.5,10.6,5.3,13.8,188.8,15.0
2026-02-24T20:00:00Z,12.6,192.2,115.3,269.1,0.0,0.0,0.0,192.2,-26.1
2026-02-24T20:15:00Z,39.6,191.0,114.6,267.3,0.0,0.0,0.0,191.0,5.0
2026-02-24T20:30:00Z,15.3,232.1,139.3,324.9,0.0,0.0,0.0,232.1,3.1
2026-02-24T20:45:00Z,0.3,196.9,118.2,275.7,0.0,0.0,0.0,196.9,8.1
2026-02-24T21:00:00Z,47.4,189.4,113.6,265.1,0,0,0.0,189.4,-10.6
2026-02-24T21:15:00Z,34.7,194.9,116.9,272.9,0,0,0.0,194.9,5.4
2026-02-24T21:30:00Z,22.4,236.2,141.7,330.7,0,0,0.0,236.2,7.7
2026-02-24T21:45:00Z,3.4,182.3,109.4,255.2,0,0,0.0,182.3,-17.5
2026-02-24T22:00:00Z,3.3,216.6,129.9,303.2,0,0,0.0,216.6,-9.5
2026-02-24T22:15:00Z,18.1,212.2,127.3,297.0,0,0,0.0,212.2,-0.3
2026-02-24T22:30:00Z,42.9,231.3,138.8,323.8,0,0,0.0,231.3,-11.7
2026-02-24T22:45:00Z,18.7,153.2,91.9,214.5,0,0,0.0,153.2,-8.2
2026-02-24T23:00:00Z,38.1,242.3,145.4,339.2,0,0,0.0,242.3,3.3
2026-02-24T23:15:00Z,23.5,230.4,138.2,322.5,0,0,0.0,230.4,-0.6
2026-02-24T23:30:00Z,38.3,190.1,114.1,266.2,0,0,0.0,190.1,-7.3
2026-02-24T23:45:00Z,40.8,221.5,132.9,310.1,0,0,0.0,221.5,0.2
2026-02-25T00:00:00Z,8.9,170.1,102.1,238.2,0,0,0.0,170.1,-0.7
2026-02-25T00:15:00Z,2.0,191.1,114.6,267.5,0,0,0.0,191.1,-5.9
2026-02-25T00:30:00Z,19.5,219.2,131.5,306.8,0,0,0.0,219.2,-4.0
2026-02-25T00:45:00Z,3.3,177.0,106.2,247.8,0,0,0.0,177.0,-16.9
2026-02-25T01:00:00Z,19.5,229.8,137.9,321.7,0,0,0.0,229.8,-20.3
2026-02-25T01:15:00Z,6.2,224.9,134.9,314.9,0,0,0.0,224.9,7.3
2026-02-25T01:30:00Z,45.4,226.5,135.9,317.1,0,0,0.0,226.5,1.5
2026-02-25T01:45:00Z,4.2,214.2,128.5,299.8,0,0,0.0,214.2,9.0
2026-02-25T02:00:00Z,11.3,204.6,122.7,286.4,0,0,0.0,204.6,17.0
2026-02-25T02:15:00Z,11.1,222.7,133.6,311.8,0,0,0.0,222.7,-40.0
2026-02-25T02:30:00Z,14.8,179.9,107.9,251.9,0,0,0.0,179.9,13.7
2026-02-25T02:45:00Z,16.5,184.0,110.4,257.6,0,0,0.0,184.0,-7.2
2026-02-25T03:00:00Z,24.9,262.8,157.7,350,0,0,0.0,262.8,-23.8
2026-02-25T03:15:00Z,10.2,223.6,134.2,313.1,0,0,0.0,223.6,7.0
2026-02-25T03:30:00Z,19.1,216.2,129.7,302.6,0,0,0.0,216.2,-3.9
2026-02-25T03:45:00Z,45.1,219.8,131.9,307.8,0,0,0.0,219.8,27.3
2026-02-25T04:00:00Z,23.8,188.7,113.2,264.2,0,0,0.0,188.7,9.1
2026-02-25T04:15:00Z,9.4,204.9,122.9,286.8,0,0,0.0,204.9,15.6
2026-02-25T04:30:00Z,16.5,192.3,115.4,269.2,0,0,0.0,192.3,20.7
2026-02-25T04:45:00Z,7.1,209.6,125.8,293.5,0,0,0.0,209.6,7.4
2026-02-25T05:00:00Z,6.3,220.9,132.5,309.2,0,0,0.0,220.9,21.0
2026-02-25T05:15:00Z,27.4,202.1,121.3,283.0,0,0,0.0,202.1,-3.8
2026-02-25T05:30:00Z,30.0,249.4,149.6,349.1,0,0,0.0,249.4,-28.4
2026-02-25T05:45:00Z,24.5,220.7,132.4,309.0,0,0,0.0,220.7,-8.1
2026-02-25T06:00:00Z,17.9,165.3,99.2,231.4,0.0,0,0.0,165.3,4.6
2026-02-25T06:15:00Z,4.5,187.7,112.6,262.7,0.0,0,0.0,187.7,5.6
2026-02-25T06:30:00Z,18.6,223.6,134.2,313.1,0.0,0,0.0,223.6,-41.1
2026-02-25T06:45:00Z,43.6,208.5,125.1,291.9,0.0,0,0.0,208.5,-0.4
2026-02-25T07:00:00Z,45.8,228.3,137.0,319.6,9.6,4.8,12.5,237.9,2.4
2026-02-25T07:15:00Z,39.2,220.7,132.4,309.0,11.5,5.7,14.9,232.2,19.5
2026-02-25T07:30:00Z,27.1,203.2,121.9,284.4,10.6,5.3,13.8,213.8,8.5
2026-02-25T07:45:00Z,17.2,236.0,141.6,330.4,9.2,4.6,12.0,245.2,-12.2
2026-02-25T08:00:00Z,23.8,197.9,118.7,277.1,26.2,13.1,34.1,224.1,17.0
2026-02-25T08:15:00Z,38.0,198.6,119.2,278.1,30.8,15.4,40.0,229.4,-2.0
2026-02-25T08:30:00Z,42.9,186.7,112.0,261.4,33.7,16.9,43.8,220.4,7.5
2026-02-25T08:45:00Z,17.9,224.6,134.8,314.4,32.8,16.4,42.6,257.4,-18.2
2026-02-25T09:00:00Z,20.5,225.4,135.3,315.6,51.8,25.9,67.3,277.2,13.0
2026-02-25T09:15:00Z,15.1,212.6,127.6,297.6,49.3,24.7,64.1,261.9,-14.9
2026-02-25T09:30:00Z,6.2,241.4,144.8,337.9,46.0,23.0,59.8,287.3,9.7
2026-02-25T09:45:00Z,28.1,168.5,101.1,235.9,54.0,27.0,70.3,222.5,-1.1
2026-02-25T10:00:00Z,9.6,240.1,144.1,336.2,78.9,39.4,102.6,319.0,3.9
2026-02-25T10:15:00Z,25.7,239.8,143.9,335.8,61.7,30.9,80.2,301.5,9.4
2026-02-25T10:30:00Z,28.4,193.4,116.0,270.7,81.4,40.7,105.8,274.8,-0.2
2026-02-25T10:45:00Z,33.2,206.7,124.0,289.3,80.4,40.2,104.5,287.1,-12.0
2026-02-25T11:00:00Z,21.8,169.8,101.9,237.7,85.2,42.6,110.7,255.0,4.1
2026-02-25T11:15:00Z,32.6,181.0,108.6,253.3,94.2,47.1,120,275.2,15.2
2026-02-25T11:30:00Z,46.7,196.9,118.1,275.6,78.1,39.0,101.5,274.9,7.7
2026-02-25T11:45:00Z,26.9,178.7,107.2,250.2,88.9,44.5,115.6,267.6,2.2
2026-02-25T12:00:00Z,40.1,256.3,153.8,350,84.3,42.1,109.5,340.6,2.8
2026-02-25T12:15:00Z,32.9,191.2,114.7,267.7,111.2,55.6,120,302.5,6.1
2026-02-25T12:30:00Z,32.5,123.0,73.8,172.2,93.2,46.6,120,216.2,-5.4
2026-02-25T12:45:00Z,20.4,202.1,121.2,282.9,93.0,46.5,120,295.1,8.5
2026-02-25T13:00:00Z,31.1,205.5,123.3,287.7,117.9,59.0,120,323.4,18.1
2026-02-25T13:15:00Z,12.3,224.8,134.9,314.7,98.4,49.2,120,323.2,6.3
2026-02-25T13:30:00Z,7.9,131.1,78.7,183.6,108.0,54.0,120,239.1,30.5
2026-02-25T13:45:00Z,9.4,182.9,109.7,256.1,105.4,52.7,120,288.3,-22.7
2026-02-25T14:00:00Z,41.6,202.4,121.4,283.3,87.5,43.7,113.7,289.8,1.7
2026-02-25T14:15:00Z,9.3,153.0,91.8,214.2,105.8,52.9,120,258.8,-8.9
2026-02-25T14:30:00Z,2.3,150.4,90.2,210.5,92.8,46.4,120,243.2,3.3
2026-02-25T14:45:00Z,3.5,224.4,134.6,314.1,84.5,42.3,109.9,308.9,-10.7
2026-02-25T15:00:00Z,12.0,190.8,114.5,267.2,80.4,40.2,104.5,271.2,-12.0
2026-02-25T15:15:00Z,33.9,193.7,116.2,271.1,98.6,49.3,120,292.3,5.7
2026-02-25T15:30:00Z,19.6,161.3,96.8,225.8,73.6,36.8,95.7,234.9,-19.7
2026-02-25T15:45:00Z,23.8,193.1,115.9,270.3,81.1,40.5,105.4,274.2,-33.8
2026-02-25T16:00:00Z,29.1,196.0,117.6,274.4,69.3,34.6,90.0,265.2,3.4
2026-02-25T16:15:00Z,27.1,151.2,90.7,211.6,66.9,33.5,87.0,218.1,-15.2
2026-02-25T16:30:00Z,38.0,171.5,102.9,240.1,81.3,40.7,105.7,252.8,25.2
2026-02-25T16:45:00Z,38.5,180.6,108.3,252.8,61.0,30.5,79.3,241.6,-8.0
2026-02-25T17:00:00Z,43.6,168.3,101.0,235.6,58.4,29.2,75.9,226.6,7.3
2026-02-25T17:15:00Z,42.8,160.7,96.4,224.9,44.4,22.2,57.8,205.1,1.3
2026-02-25T17:30:00Z,40.2,181.2,108.7,253.6,47.3,23.6,61.4,228.4,-25.2
2026-02-25T17:45:00Z,30.0,155.9,93.6,218.3,49.2,24.6,63.9,205.1,2.9
2026-02-25T18:00:00Z,2.4,154.0,92.4,215.6,30.1,15.0,39.1,184.1,-4.7
2026-02-25T18:15:00Z,24.6,183.6,110.2,257.0,26.1,13.1,34.0,209.7,0.7
2026-02-25T18:30:00Z,45.9,136.6,82.0,191.3,29.0,14.5,37.7,165.7,8.2
2026-02-25T18:45:00Z,29.0,154.4,92.6,216.2,29.6,14.8,38.5,184.0,12.1
2026-02-25T19:00:00Z,16.2,149.4,89.6,209.2,12.6,6.3,16.3,162.0,10.6
2026-02-25T19:15:00Z,45.8,193.3,116.0,270.6,9.8,4.9,12.8,203.1,18.0
2026-02-25T19:30:00Z,35.9,207.0,124.2,289.8,10.3,5.2,13.4,217.3,11.4
2026-02-25T19:45:00Z,18.0,169.4,101.7,237.2,9.3,4.7,12.1,178.8,-11.9
2026-02-25T20:00:00Z,8.0,169.3,101.6,237.0,0.0,0.0,0.0,169.3,17.6
2026-02-25T20:15:00Z,16.4,187.2,112.3,262.0,0.0,0.0,0.0,187.2,13.5
2026-02-25T20:30:00Z,1.1,162.2,97.3,227.1,0.0,0.0,0.0,162.2,-6.9
2026-02-25T20:45:00Z,40.0,173.4,104.0,242.8,0.0,0.0,0.0,173.4,23.5
2026-02-25T21:00:00Z,16.0,160.3,96.2,224.4,0,0,0.0,160.3,-14.9
2026-02-25T21:15:00Z,13.6,180.8,108.5,253.2,0,0,0.0,180.8,-7.1
2026-02-25T21:30:00Z,33.9,164.3,98.6,230.1,0,0,0.0,164.3,2.7
2026-02-25T21:45:00Z,19.4,159.2,95.5,222.9,0,0,0.0,159.2,12.5
2026-02-25T22:00:00Z,13.0,224.1,134.4,313.7,0,0,0.0,224.1,-3.5
2026-02-25T22:15:00Z,24.7,220.7,132.4,309.0,0,0,0.0,220.7,12.3
2026-02-25T22:30:00Z,35.0,202.5,121.5,283.5,0,0,0.0,202.5,-50.4
2026-02-25T22:45:00Z,38.5,138.7,83.2,194.2,0,0,0.0,138.7,12.2
2026-02-25T23:00:00Z,23.5,205.4,123.2,287.5,0,0,0.0,205.4,-15.3
2026-02-25T23:15:00Z,45.8,200.2,120.1,280.3,0,0,0.0,200.2,-7.1
2026-02-25T23:30:00Z,27.2,155.8,93.5,218.1,0,0,0.0,155.8,27.0
2026-02-25T23:45:00Z,6.2,190.7,114.4,267.0,0,0,0.0,190.7,-0.3
2026-02-26T00:00:00Z,35.2,191.2,114.7,267.6,0,0,0.0,191.2,22.6
2026-02-26T00:15:00Z,42.7,152.8,91.7,213.9,0,0,0.0,152.8,-3.7
2026-02-26T00:30:00Z,7.3,269.5,161.7,350,0,0,0.0,269.5,-10.2
2026-02-26T00:45:00Z,34.6,194.0,116.4,271.6,0,0,0.0,194.0,-20.0
2026-02-26T01:00:00Z,19.7,243.1,145.9,340.3,0,0,0.0,243.1,-5.9
2026-02-26T01:15:00Z,23.4,187.1,112.2,261.9,0,0,0.0,187.1,13.8
2026-02-26T01:30:00Z,35.7,235.0,141.0,329.0,0,0,0.0,235.0,6.6
2026-02-26T01:45:00Z,20.0,240.2,144.1,336.2,0,0,0.0,240.2,11.8
2026-02-26T02:00:00Z,35.2,234.1,140.5,327.7,0,0,0.0,234.1,1.1
2026-02-26T02:15:00Z,40.7,249.6,149.8,349.5,0,0,0.0,249.6,-26.7
2026-02-26T02:30:00Z,44.9,248.9,149.3,348.4,0,0,0.0,248.9,-30.8
2026-02-26T02:45:00Z,37.5,241.0,144.6,337.4,0,0,0.0,241.0,21.7
2026-02-26T03:00:00Z,32.4,325.7,195.4,350,0,0,0.0,325.7,-2.4
2026-02-26T03:15:00Z,35.8,253.8,152.3,350,0,0,0.0,253.8,19.1
2026-02-26T03:30:00Z,13.8,252.1,151.2,350,0,0,0.0,252.1,-1.0
2026-02-26T03:45:00Z,35.0,211.6,126.9,296.2,0,0,0.0,211.6,12.6
2026-02-26T04:00:00Z,32.3,198.8,119.3,278.3,0,0,0.0,198.8,24.0
2026-02-26T04:15:00Z,39.7,293.6,176.2,350,0,0,0.0,293.6,21.5
2026-02-26T04:30:00Z,5.1,180.0,108.0,252.0,0,0,0.0,180.0,35.5
2026-02-26T04:45:00Z,21.5,240.0,144.0,336.0,0,0,0.0,240.0,-5.9
2026-02-26T05:00:00Z,4.1,203.9,122.4,285.5,0,0,0.0,203.9,21.4
2026-02-26T05:15:00Z,22.7,244.3,146.6,342.0,0,0,0.0,244.3,18.8
2026-02-26T05:30:00Z,8.4,262.7,157.6,350,0,0,0.0,262.7,2.6
2026-02-26T05:45:00Z,45.4,251.9,151.1,350,0,0,0.0,251.9,17.6
2026-02-26T06:00:00Z,28.3,261.7,157.0,350,0.0,0,0.0,261.7,-9.3
2026-02-26T06:15:00Z,34.6,243.3,146.0,340.6,0.0,0,0.0,243.3,-10.6
2026-02-26T06:30:00Z,42.7,273.2,163.9,350,0.0,0,0.0,273.2,6.4
2026-02-26T06:45:00Z,18.5,240.7,144.4,337.0,0.0,0,0.0,240.7,15.1
2026-02-26T07:00:00Z,30.1,242.9,145.7,340.1,9.4,4.7,12.3,252.3,-4.7
2026-02-26T07:15:00Z,35.3,277.8,166.7,350,12.5,6.2,16.2,290.2,2.2
2026-02-26T07:30:00Z,5.9,223.1,133.8,312.3,10.0,5.0,13.0,233.0,-15.5
2026-02-26T07:45:00Z,34.2,236.1,141.7,330.5,8.8,4.4,11.5,244.9,5.4
2026-02-26T08:00:00Z,0.3,248.7,149.2,348.1,30.4,15.2,39.5,279.1,13.8
2026-02-26T08:15:00Z,39.2,271.9,163.1,350,32.1,16.0,41.7,304.0,11.6
2026-02-26T08:30:00Z,22.5,179.2,107.5,250.9,32.4,16.2,42.1,211.6,16.1
2026-02-26T08:45:00Z,21.3,233.0,139.8,326.2,27.6,13.8,35.9,260.6,6.5
2026-02-26T09:00:00Z,36.7,229.7,137.8,321.6,49.8,24.9,64.7,279.5,-23.4
2026-02-26T09:15:00Z,20.6,235.3,141.2,329.4,42.4,21.2,55.1,277.6,29.0
2026-02-26T09:30:00Z,22.4,274.8,164.9,350,48.2,24.1,62.7,323.0,16.8
2026-02-26T09:45:00Z,2.6,220.1,132.1,308.1,54.4,27.2,70.8,274.5,15.3
2026-02-26T10:00:00Z,18.5,154.2,92.5,215.9,80.3,40.1,104.4,234.5,-5.7
2026-02-26T10:15:00Z,6.0,223.1,133.9,312.3,77.2,38.6,100.4,300.3,3.1
2026-02-26T10:30:00Z,45.9,256.1,153.7,350,71.6,35.8,93.1,327.7,2.6
2026-02-26T10:45:00Z,47.6,258.3,155.0,350,63.0,31.5,81.9,321.3,0.1
2026-02-26T11:00:00Z,37.9,235.5,141.3,329.8,82.9,41.4,107.7,318.4,-23.0
2026-02-26T11:15:00Z,21.3,176.6,106.0,247.3,81.7,40.8,106.2,258.3,19.7
2026-02-26T11:30:00Z,6.9,231.4,138.9,324.0,92.0,46.0,119.6,323.4,5.8
2026-02-26T11:45:00Z,37.7,218.5,131.1,305.9,87.5,43.8,113.8,306.1,14.7
2026-02-26T12:00:00Z,17.5,225.6,135.3,315.8,92.7,46.3,120,318.2,7.7
2026-02-26T12:15:00Z,1.4,205.1,123.1,287.2,113.1,56.5,120,318.2,6.7
2026-02-26T12:30:00Z,32.4,226.8,136.1,317.6,95.1,47.5,120,321.9,10.8
2026-02-26T12:45:00Z,17.7,185.8,111.5,260.1,109.1,54.5,120,294.9,-32.1
2026-02-26T13:00:00Z,15.1,210.0,126.0,294.0,119.8,59.9,120,329.8,4.7
2026-02-26T13:15:00Z,21.1,197.5,118.5,276.4,113.1,56.5,120,310.5,9.8
2026-02-26T13:30:00Z,45.4,223.4,134.0,312.7,96.1,48.0,120,319.5,-0.7
2026-02-26T13:45:00Z,7.1,223.0,133.8,312.2,109.8,54.9,120,332.7,3.8
2026-02-26T14:00:00Z,42.6,194.8,116.9,272.8,113.0,56.5,120,307.8,2.6
2026-02-26T14:15:00Z,34.5,241.1,144.6,337.5,112.2,56.1,120,353.3,-31.7
2026-02-26T14:30:00Z,4.0,224.6,134.7,314.4,110.7,55.3,120,335.2,2.1
2026-02-26T14:45:00Z,37.2,214.0,128.4,299.7,90.2,45.1,117.3,304.3,17.8
2026-02-26T15:00:00Z,47.3,238.7,143.2,334.2,99.2,49.6,120,337.9,-19.0
2026-02-26T15:15:00Z,23.6,192.9,115.7,270.1,93.6,46.8,120,286.5,-15.6
2026-02-26T15:30:00Z,35.6,184.6,110.7,258.4,72.8,36.4,94.7,257.4,5.0
2026-02-26T15:45:00Z,39.4,175.2,105.1,245.3,76.6,38.3,99.5,251.7,-12.6
2026-02-26T16:00:00Z,29.1,254.1,152.4,350,72.8,36.4,94.6,326.8,9.3
2026-02-26T16:15:00Z,31.4,263.3,158.0,350,75.3,37.7,97.9,338.7,9.5
2026-02-26T16:30:00Z,24.9,232.6,139.5,325.6,67.3,33.6,87.4,299.8,-4.1
2026-02-26T16:45:00Z,29.4,186.5,111.9,261.1,78.6,39.3,102.2,265.1,3.9
2026-02-26T17:00:00Z,26.8,200.1,120.0,280.1,55.9,27.9,72.6,255.9,-31.4
2026-02-26T17:15:00Z,8.9,243.7,146.2,341.2,51.0,25.5,66.3,294.7,-17.3
2026-02-26T17:30:00Z,16.7,255.5,153.3,350,42.3,21.2,55.0,297.8,-9.6
2026-02-26T17:45:00Z,17.8,231.9,139.1,324.7,56.2,28.1,73.0,288.1,27.1
2026-02-26T18:00:00Z,16.6,152.6,91.5,213.6,33.1,16.5,43.0,185.6,16.2
2026-02-26T18:15:00Z,40.4,211.5,126.9,296.2,24.3,12.2,31.6,235.9,4.8
2026-02-26T18:30:00Z,40.8,204.9,123.0,286.9,32.9,16.4,42.7,237.8,8.6
2026-02-26T18:45:00Z,18.5,168.9,101.3,236.5,32.2,16.1,41.9,201.1,-18.2
2026-02-26T19:00:00Z,13.7,169.8,101.9,237.7,11.0,5.5,14.3,180.8,-4.2
2026-02-26T19:15:00Z,26.2,179.2,107.5,250.9,10.2,5.1,13.3,189.5,20.5
2026-02-26T19:30:00Z,42.1,212.5,127.5,297.4,12.1,6.0,15.7,224.5,3.5
2026-02-26T19:45:00Z,40.1,164.3,98.6,230.1,10.8,5.4,14.0,175.1,-24.7
2026-02-26T20:00:00Z,43.8,263.6,158.2,350,0.0,0.0,0.0,263.6,-17.5
2026-02-26T20:15:00Z,10.2,222.1,133.2,310.9,0.0,0.0,0.0,222.1,22.0
2026-02-26T20:30:00Z,21.3,252.9,151.7,350,0.0,0.0,0.0,252.9,7.5
2026-02-26T20:45:00Z,29.2,199.8,119.9,279.7,0.0,0.0,0.0,199.8,8.5
2026-02-26T21:00:00Z,25.4,184.1,110.4,257.7,0,0,0.0,184.1,-22.6
2026-02-26T21:15:00Z,35.7,205.5,123.3,287.7,0,0,0.0,205.5,-13.6
2026-02-26T21:30:00Z,22.8,202.6,121.6,283.7,0,0,0.0,202.6,-13.0
2026-02-26T21:45:00Z,37.8,231.2,138.7,323.6,0,0,0.0,231.2,-29.5
2026-02-26T22:00:00Z,19.8,223.8,134.3,313.4,0,0,0.0,223.8,-54.8
2026-02-26T22:15:00Z,5.7,211.7,127.0,296.3,0,0,0.0,211.7,-11.0
2026-02-26T22:30:00Z,45.5,222.3,133.4,311.3,0,0,0.0,222.3,2.5
2026-02-26T22:45:00Z,40.6,210.1,126.0,294.1,0,0,0.0,210.1,-18.2
2026-02-26T23:00:00Z,9.4,240.2,144.1,336.2,0,0,0.0,240.2,8.8
2026-02-26T23:15:00Z,46.4,229.3,137.6,321.0,0,0,0.0,229.3,-14.7
2026-02-26T23:30:00Z,22.3,215.2,129.1,301.3,0,0,0.0,215.2,23.0
2026-02-26T23:45:00Z,17.3,210.2,126.1,294.3,0,0,0.0,210.2,-9.3
2026-02-27T00:00:00Z,6.7,225.5,135.3,315.7,0,0,0.0,225.5,3.7
2026-02-27T00:15:00Z,2.0,267.2,160.3,350,0,0,0.0,267.2,9.5
2026-02-27T00:30:00Z,2.9,217.1,130.3,303.9,0,0,0.0,217.1,0.9
2026-02-27T00:45:00Z,11.4,219.5,131.7,307.3,0,0,0.0,219.5,-23.5
2026-02-27T01:00:00Z,41.2,168.9,101.3,236.4,0,0,0.0,168.9,11.0
2026-02-27T01:15:00Z,27.6,237.3,142.4,332.2,0,0,0.0,237.3,18.4
2026-02-27T01:30:00Z,19.7,245.5,147.3,343.7,0,0,0.0,245.5,-25.8
2026-02-27T01:45:00Z,39.5,216.1,129.6,302.5,0,0,0.0,216.1,2.5
2026-02-27T02:00:00Z,44.1,204.9,123.0,286.9,0,0,0.0,204.9,-18.3
2026-02-27T02:15:00Z,41.2,235.1,141.1,329.2,0,0,0.0,235.1,-10.5
2026-02-27T02:30:00Z,11.4,203.7,122.2,285.2,0,0,0.0,203.7,23.3
2026-02-27T02:45:00Z,44.6,199.2,119.5,278.9,0,0,0.0,199.2,3.2
2026-02-27T03:00:00Z,42.6,217.6,130.6,304.7,0,0,0.0,217.6,-14.6
2026-02-27T03:15:00Z,25.3,264.3,158.6,350,0,0,0.0,264.3,6.3
2026-02-27T03:30:00Z,37.0,286.1,171.6,350,0,0,0.0,286.1,-11.0
2026-02-27T03:45:00Z,7.5,247.9,148.7,347.0,0,0,0.0,247.9,25.1
2026-02-27T04:00:00Z,40.6,274.3,164.6,350,0,0,0.0,274.3,12.3
2026-02-27T04:15:00Z,17.5,224.1,134.5,313.8,0,0,0.0,224.1,10.2
2026-02-27T04:30:00Z,8.4,204.8,122.9,286.7,0,0,0.0,204.8,4.9
2026-02-27T04:45:00Z,22.3,228.3,137.0,319.6,0,0,0.0,228.3,-14.9
2026-02-27T05:00:00Z,41.4,267.8,160.7,350,0,0,0.0,267.8,25.8
2026-02-27T05:15:00Z,27.9,246.3,147.8,344.9,0,0,0.0,246.3,-1.9
2026-02-27T05:30:00Z,21.6,227.6,136.5,318.6,0,0,0.0,227.6,10.6
2026-02-27T05:45:00Z,12.1,215.1,129.0,301.1,0,0,0.0,215.1,-11.7
2026-02-27T06:00:00Z,41.4,221.2,132.7,309.6,0.0,0,0.0,221.2,15.6
2026-02-27T06:15:00Z,21.4,249.4,149.7,349.2,0.0,0,0.0,249.4,1.6
2026-02-27T06:30:00Z,9.6,195.2,117.1,273.2,0.0,0,0.0,195.2,-5.1
2026-02-27T06:45:00Z,36.5,214.2,128.5,299.8,0.0,0,0.0,214.2,18.2
2026-02-27T07:00:00Z,45.0,250.4,150.2,350,10.1,5.1,13.1,260.5,12.0
2026-02-27T07:15:00Z,22.3,206.7,124.0,289.3,9.7,4.8,12.6,216.3,3.8
2026-02-27T07:30:00Z,30.4,226.6,136.0,317.3,10.6,5.3,13.8,237.3,2.4
2026-02-27T07:45:00Z,8.7,220.8,132.5,309.2,12.5,6.3,16.3,233.4,0.9
2026-02-27T08:00:00Z,46.3,236.4,141.9,331.0,34.3,17.1,44.6,270.7,5.9
2026-02-27T08:15:00Z,20.6,252.5,151.5,350,33.7,16.8,43.8,286.2,-6.4
2026-02-27T08:30:00Z,25.1,249.6,149.8,349.4,34.0,17.0,44.3,283.6,-29.8
2026-02-27T08:45:00Z,12.7,230.5,138.3,322.7,32.6,16.3,42.3,263.0,-9.5
2026-02-27T09:00:00Z,45.3,214.1,128.5,299.7,53.7,26.9,69.9,267.8,25.9
2026-02-27T09:15:00Z,16.1,265.1,159.1,350,44.5,22.2,57.8,309.6,-33.1
2026-02-27T09:30:00Z,26.2,228.0,136.8,319.2,57.4,28.7,74.6,285.4,15.5
2026-02-27T09:45:00Z,32.1,224.2,134.5,313.9,50.6,25.3,65.8,274.8,-2.2
2026-02-27T10:00:00Z,26.7,264.3,158.6,350,75.5,37.8,98.2,339.9,21.5
2026-02-27T10:15:00Z,6.6,261.9,157.2,350,59.9,29.9,77.8,321.8,22.1
2026-02-27T10:30:00Z,38.4,227.7,136.6,318.7,60.5,30.3,78.7,288.2,25.0
2026-02-27T10:45:00Z,30.5,212.3,127.4,297.2,73.6,36.8,95.7,285.9,-15.9
2026-02-27T11:00:00Z,2.7,220.2,132.1,308.2,87.1,43.6,113.3,307.3,11.9
2026-02-27T11:15:00Z,16.9,188.3,113.0,263.7,89.4,44.7,116.2,277.7,-4.8
2026-02-27T11:30:00Z,30.8,248.2,148.9,347.5,101.7,50.8,120,349.9,-20.7
2026-02-27T11:45:00Z,35.7,172.4,103.4,241.3,78.8,39.4,102.5,251.2,5.9
2026-02-27T12:00:00Z,3.2,203.4,122.1,284.8,86.5,43.2,112.4,289.9,19.7
2026-02-27T12:15:00Z,0.9,229.1,137.5,320.7,111.3,55.6,120,340.3,-16.6
2026-02-27T12:30:00Z,19.5,234.3,140.6,328.0,97.2,48.6,120,331.5,5.2
2026-02-27T12:45:00Z,16.6,183.0,109.8,256.1,113.4,56.7,120,296.4,-1.7
2026-02-27T13:00:00Z,20.5,211.9,127.1,296.6,102.9,51.4,120,314.7,24.8
2026-02-27T13:15:00Z,24.1,199.5,119.7,279.3,107.1,53.6,120,306.6,3.5
2026-02-27T13:30:00Z,45.8,212.0,127.2,296.8,101.7,50.8,120,313.7,-41.0
2026-02-27T13:45:00Z,12.8,242.4,145.4,339.3,92.4,46.2,120,334.7,9.0
2026-02-27T14:00:00Z,37.6,199.8,119.9,279.7,91.4,45.7,118.8,291.2,4.4
2026-02-27T14:15:00Z,1.9,193.0,115.8,270.2,102.7,51.3,120,295.7,13.8
2026-02-27T14:30:00Z,15.4,204.5,122.7,286.4,97.7,48.8,120,302.2,20.3
2026-02-27T14:45:00Z,20.4,211.1,126.7,295.6,81.6,40.8,106.0,292.7,-13.9
2026-02-27T15:00:00Z,32.8,208.1,124.8,291.3,77.5,38.7,100.7,285.5,-2.9
2026-02-27T15:15:00Z,30.3,254.5,152.7,350,82.4,41.2,107.2,337.0,-17.9
2026-02-27T15:30:00Z,42.9,263.5,158.1,350,91.1,45.6,118.4,354.6,-1.7
2026-02-27T15:45:00Z,23.6,245.0,147.0,343.1,92.7,46.3,120,337.7,-4.6
2026-02-27T16:00:00Z,14.6,151.5,90.9,212.1,70.4,35.2,91.6,222.0,-11.2
2026-02-27T16:15:00Z,20.1,211.7,127.0,296.3,80.9,40.4,105.1,292.5,-31.3
2026-02-27T16:30:00Z,20.9,208.7,125.2,292.1,67.7,33.8,88.0,276.3,10.4
2026-02-27T16:45:00Z,17.8,205.5,123.3,287.7,71.4,35.7,92.8,276.9,7.4
2026-02-27T17:00:00Z,40.0,169.8,101.9,237.7,54.5,27.3,70.9,224.3,19.3
2026-02-27T17:15:00Z,16.1,206.0,123.6,288.4,55.2,27.6,71.7,261.2,-0.9
2026-02-27T17:30:00Z,16.2,182.0,109.2,254.9,54.1,27.1,70.4,236.2,3.7
2026-02-27T17:45:00Z,4.4,151.9,91.2,212.7,58.5,29.2,76.0,210.4,25.8
2026-02-27T18:00:00Z,0.6,215.5,129.3,301.7,28.6,14.3,37.2,244.1,10.6
2026-02-27T18:15:00Z,25.1,160.7,96.4,225.0,29.2,14.6,38.0,189.9,-4.4
2026-02-27T18:30:00Z,46.8,185.2,111.1,259.3,24.6,12.3,32.0,209.8,8.2
2026-02-27T18:45:00Z,18.3,197.0,118.2,275.8,27.2,13.6,35.3,224.2,4.6
2026-02-27T19:00:00Z,22.9,195.6,117.3,273.8,11.0,5.5,14.3,206.6,-2.6
2026-02-27T19:15:00Z,16.6,163.6,98.1,229.0,9.8,4.9,12.8,173.4,13.2
2026-02-27T19:30:00Z,26.4,224.5,134.7,314.3,9.8,4.9,12.7,234.3,-9.8
2026-02-27T19:45:00Z,46.5,172.0,103.2,240.9,11.4,5.7,14.8,183.5,-7.7
2026-02-27T20:00:00Z,11.8,203.9,122.3,285.5,0.0,0.0,0.0,203.9,9.8
2026-02-27T20:15:00Z,22.9,207.7,124.6,290.8,0.0,0.0,0.0,207.7,14.9
2026-02-27T20:30:00Z,37.9,241.5,144.9,338.1,0.0,0.0,0.0,241.5,-5.1
2026-02-27T20:45:00Z,1.4,200.8,120.5,281.1,0.0,0.0,0.0,200.8,9.2
2026-02-27T21:00:00Z,19.9,171.8,103.1,240.6,0,0,0.0,171.8,17.4
2026-02-27T21:15:00Z,42.3,183.6,110.2,257.1,0,0,0.0,183.6,-34.5
2026-02-27T21:30:00Z,8.3,156.9,94.1,219.6,0,0,0.0,156.9,2.4
2026-02-27T21:45:00Z,32.7,196.4,117.8,274.9,0,0,0.0,196.4,-8.4
2026-02-27T22:00:00Z,25.9,213.0,127.8,298.2,0,0,0.0,213.0,-13.5
2026-02-27T22:15:00Z,14.2,227.8,136.7,318.9,0,0,0.0,227.8,-28.9
2026-02-27T22:30:00Z,47.4,184.7,110.8,258.6,0,0,0.0,184.7,1.9
2026-02-27T22:45:00Z,1.2,195.5,117.3,273.7,0,0,0.0,195.5,8.2
2026-02-27T23:00:00Z,11.5,155.9,93.5,218.2,0,0,0.0,155.9,-7.9
2026-02-27T23:15:00Z,44.2,260.4,156.2,350,0,0,0.0,260.4,-21.6
2026-02-27T23:30:00Z,39.7,177.2,106.3,248.0,0,0,0.0,177.2,-27.0
2026-02-27T23:45:00Z,36.6,205.5,123.3,287.8,0,0,0.0,205.5,9.1
2026-02-28T00:00:00Z,15.7,265.6,159.4,350,0,0,0.0,265.6,-7.8
2026-02-28T00:15:00Z,33.5,220.7,132.4,309.0,0,0,0.0,220.7,4.7
2026-02-28T00:30:00Z,29.0,199.8,119.9,279.8,0,0,0.0,199.8,17.4
2026-02-28T00:45:00Z,13.6,225.3,135.2,315.4,0,0,0.0,225.3,-13.4
2026-02-28T01:00:00Z,45.1,187.7,112.6,262.8,0,0,0.0,187.7,-23.5
2026-02-28T01:15:00Z,6.3,196.0,117.6,274.4,0,0,0.0,196.0,-8.1
2026-02-28T01:30:00Z,25.2,216.5,129.9,303.1,0,0,0.0,216.5,20.3
2026-02-28T01:45:00Z,36.3,230.8,138.5,323.1,0,0,0.0,230.8,21.6
2026-02-28T02:00:00Z,1.6,221.9,133.1,310.6,0,0,0.0,221.9,2.4
2026-02-28T02:15:00Z,43.9,267.2,160.3,350,0,0,0.0,267.2,-5.6
2026-02-28T02:30:00Z,8.7,197.4,118.4,276.3,0,0,0.0,197.4,-21.7
2026-02-28T02:45:00Z,10.1,267.3,160.4,350,0,0,0.0,267.3,47.8
2026-02-28T03:00:00Z,16.2,259.1,155.5,350,0,0,0.0,259.1,-2.2
2026-02-28T03:15:00Z,1.9,201.4,120.8,281.9,0,0,0.0,201.4,-21.8
2026-02-28T03:30:00Z,16.6,206.8,124.1,289.5,0,0,0.0,206.8,2.7
2026-02-28T03:45:00Z,46.4,280.0,168.0,350,0,0,0.0,280.0,-4.3
2026-02-28T04:00:00Z,45.1,278.9,167.3,350,0,0,0.0,278.9,-23.1
2026-02-28T04:15:00Z,5.5,218.9,131.3,306.5,0,0,0.0,218.9,-4.1
2026-02-28T04:30:00Z,36.4,208.3,125.0,291.7,0,0,0.0,208.3,10.2
2026-02-28T04:45:00Z,18.6,221.9,133.1,310.6,0,0,0.0,221.9,4.9
2026-02-28T05:00:00Z,12.7,247.4,148.5,346.4,0,0,0.0,247.4,-39.1
2026-02-28T05:15:00Z,0.7,220.8,132.5,309.1,0,0,0.0,220.8,-26.6
2026-02-28T05:30:00Z,26.8,216.1,129.6,302.5,0,0,0.0,216.1,-2.4
2026-02-28T05:45:00Z,7.2,208.2,124.9,291.4,0,0,0.0,208.2,13.7
2026-02-28T06:00:00Z,36.4,249.5,149.7,349.3,0.0,0,0.0,249.5,-12.5
2026-02-28T06:15:00Z,32.5,195.9,117.6,274.3,0.0,0,0.0,195.9,-10.4
2026-02-28T06:30:00Z,12.5,248.8,149.3,348.4,0.0,0,0.0,248.8,17.3
2026-02-28T06:45:00Z,39.4,239.3,143.6,335.0,0.0,0,0.0,239.3,-0.3
2026-02-28T07:00:00Z,19.5,261.2,156.7,350,11.0,5.5,14.3,272.2,16.0
2026-02-28T07:15:00Z,11.3,226.4,135.9,317.0,10.9,5.4,14.1,237.3,-13.1
2026-02-28T07:30:00Z,30.1,262.1,157.2,350,8.9,4.5,11.6,271.0,-5.5
2026-02-28T07:45:00Z,33.8,256.5,153.9,350,12.5,6.3,16.3,269.0,-8.7
2026-02-28T08:00:00Z,21.1,196.0,117.6,274.4,28.7,14.3,37.3,224.7,-5.8
2026-02-28T08:15:00Z,47.9,243.1,145.9,340.4,26.6,13.3,34.6,269.7,9.5
2026-02-28T08:30:00Z,21.1,196.3,117.8,274.8,32.4,16.2,42.2,228.7,-13.9
2026-02-28T08:45:00Z,25.0,201.8,121.1,282.5,31.2,15.6,40.5,233.0,2.6
2026-02-28T09:00:00Z,17.4,243.7,146.2,341.2,44.6,22.3,57.9,288.3,-1.6
2026-02-28T09:15:00Z,12.8,241.0,144.6,337.5,56.4,28.2,73.4,297.5,6.5
2026-02-28T09:30:00Z,30.1,232.9,139.7,326.0,58.1,29.0,75.5,291.0,28.3
2026-02-28T09:45:00Z,35.6,201.8,121.1,282.5,53.6,26.8,69.7,255.4,7.8
2026-02-28T10:00:00Z,15.4,206.7,124.0,289.4,81.6,40.8,106.0,288.2,17.6
2026-02-28T10:15:00Z,15.9,225.4,135.2,315.5,78.5,39.2,102.0,303.8,-6.8
2026-02-28T10:30:00Z,39.9,257.9,154.7,350,72.1,36.0,93.7,330.0,-15.0
2026-02-28T10:45:00Z,36.2,217.0,130.2,303.8,77.2,38.6,100.3,294.2,27.1
2026-02-28T11:00:00Z,16.2,235.3,141.2,329.4,97.8,48.9,120,333.1,-11.0
2026-02-28T11:15:00Z,12.8,193.7,116.2,271.2,96.4,48.2,120,290.1,13.0
2026-02-28T11:30:00Z,7.8,218.8,131.3,306.3,98.3,49.1,120,317.1,-7.1
2026-02-28T11:45:00Z,20.4,190.5,114.3,266.7,77.9,39.0,101.3,268.4,-7.1
2026-02-28T12:00:00Z,32.5,180.8,108.5,253.2,92.9,46.5,120,273.7,-7.6
2026-02-28T12:15:00Z,40.4,217.6,130.5,304.6,83.8,41.9,108.9,301.3,4.9
2026-02-28T12:30:00Z,33.9,185.0,111.0,259.0,100.1,50.1,120,285.1,-11.6
2026-02-28T12:45:00Z,29.4,229.6,137.8,321.5,107.9,54.0,120,337.6,8.4
2026-02-28T13:00:00Z,17.8,164.9,99.0,230.9,93.5,46.7,120,258.4,6.7
2026-02-28T13:15:00Z,18.2,236.3,141.8,330.8,114.4,57.2,120,350.7,10.6
2026-02-28T13:30:00Z,32.0,231.7,139.0,324.3,112.3,56.1,120,343.9,-33.5
2026-02-28T13:45:00Z,22.2,189.4,113.7,265.2,110.1,55.1,120,299.5,-17.4
2026-02-28T14:00:00Z,47.0,151.4,90.8,211.9,107.3,53.6,120,258.7,11.6
2026-02-28T14:15:00Z,48.0,217.9,130.8,305.1,110.9,55.4,120,328.8,4.6
2026-02-28T14:30:00Z,42.1,208.7,125.2,292.1,104.6,52.3,120,313.3,-27.8
2026-02-28T14:45:00Z,15.4,240.7,144.4,337.0,88.6,44.3,115.1,329.3,18.3
2026-02-28T15:00:00Z,30.8,203.2,121.9,284.5,87.0,43.5,113.1,290.2,21.9
2026-02-28T15:15:00Z,10.2,207.5,124.5,290.4,91.4,45.7,118.8,298.8,-18.9
2026-02-28T15:30:00Z,0.4,164.5,98.7,230.3,83.1,41.5,108.0,247.6,36.0
2026-02-28T15:45:00Z,36.2,190.7,114.4,267.0,78.8,39.4,102.4,269.5,0.8
2026-02-28T16:00:00Z,8.2,187.7,112.6,262.8,60.6,30.3,78.7,248.3,-13.9
2026-02-28T16:15:00Z,9.6,232.3,139.4,325.2,63.4,31.7,82.5,295.7,-32.1
2026-02-28T16:30:00Z,41.3,200.6,120.4,280.9,61.7,30.9,80.3,262.4,-5.3
2026-02-28T16:45:00Z,35.9,204.3,122.6,286.0,70.9,35.5,92.2,275.2,-6.1
2026-02-28T17:00:00Z,22.5,211.7,127.0,296.4,48.3,24.1,62.7,260.0,13.4
2026-02-28T17:15:00Z,33.5,257.3,154.4,350,46.3,23.2,60.3,303.7,-13.3
2026-02-28T17:30:00Z,36.5,167.2,100.3,234.1,51.2,25.6,66.5,218.4,20.0
2026-02-28T17:45:00Z,5.1,218.3,131.0,305.7,57.8,28.9,75.2,276.2,26.7
2026-02-28T18:00:00Z,8.4,175.2,105.1,245.3,34.0,17.0,44.2,209.2,-0.4
2026-02-28T18:15:00Z,5.1,127.4,76.4,178.3,28.6,14.3,37.2,156.0,17.6
2026-02-28T18:30:00Z,18.6,204.0,122.4,285.6,28.2,14.1,36.7,232.3,-21.8
2026-02-28T18:45:00Z,11.7,207.1,124.2,289.9,28.9,14.5,37.6,236.0,-2.8
2026-02-28T19:00:00Z,46.2,181.7,109.0,254.4,9.6,4.8,12.5,191.3,-16.4
2026-02-28T19:15:00Z,34.7,178.2,106.9,249.5,11.1,5.5,14.4,189.3,-23.3
2026-02-28T19:30:00Z,31.9,203.2,121.9,284.5,10.4,5.2,13.5,213.6,-10.8
2026-02-28T19:45:00Z,29.8,164.9,99.0,230.9,9.2,4.6,11.9,174.1,1.8
2026-02-28T20:00:00Z,24.7,200.2,120.1,280.2,0.0,0.0,0.0,200.2,2.0
2026-02-28T20:15:00Z,12.7,213.9,128.3,299.5,0.0,0.0,0.0,213.9,3.1
2026-02-28T20:30:00Z,16.4,212.9,127.7,298.1,0.0,0.0,0.0,212.9,4.8
2026-02-28T20:45:00Z,35.1,222.5,133.5,311.5,0.0,0.0,0.0,222.5,-19.4
2026-02-28T21:00:00Z,42.6,167.7,100.6,234.8,0,0,0.0,167.7,-5.5
2026-02-28T21:15:00Z,21.5,184.8,110.9,258.7,0,0,0.0,184.8,14.9
2026-02-28T21:30:00Z,24.2,185.6,111.3,259.8,0,0,0.0,185.6,-28.9
2026-02-28T21:45:00Z,35.8,186.6,112.0,261.3,0,0,0.0,186.6,33.1
2026-02-28T22:00:00Z,6.3,217.1,130.3,304.0,0,0,0.0,217.1,-10.6
2026-02-28T22:15:00Z,14.1,231.5,138.9,324.1,0,0,0.0,231.5,-11.9
2026-02-28T22:30:00Z,40.5,194.0,116.4,271.6,0,0,0.0,194.0,-10.6
2026-02-28T22:45:00Z,17.3,210.9,126.5,295.2,0,0,0.0,210.9,-23.0
2026-02-28T23:00:00Z,25.9,224.3,134.6,314.0,0,0,0.0,224.3,40.5
2026-02-28T23:15:00Z,28.4,198.9,119.3,278.4,0,0,0.0,198.9,5.4
2026-02-28T23:30:00Z,3.9,188.3,113.0,263.6,0,0,0.0,188.3,17.5
2026-02-28T23:45:00Z,21.1,218.2,130.9,305.5,0,0,0.0,218.2,19.7
2026-03-01T00:00:00Z,5.1,220.7,132.4,309.0,0,0,0.0,220.7,-6.2
2026-03-01T00:15:00Z,27.4,223.0,133.8,312.2,0,0,0.0,223.0,-9.9
2026-03-01T00:30:00Z,47.0,195.6,117.4,273.8,0,0,0.0,195.6,5.3
2026-03-01T00:45:00Z,19.5,243.5,146.1,340.9,0,0,0.0,243.5,2.7
2026-03-01T01:00:00Z,40.4,235.2,141.1,329.2,0,0,0.0,235.2,-6.8
2026-03-01T01:15:00Z,25.9,166.1,99.7,232.6,0,0,0.0,166.1,-11.0
2026-03-01T01:30:00Z,30.4,232.2,139.3,325.1,0,0,0.0,232.2,19.0
2026-03-01T01:45:00Z,19.8,210.3,126.2,294.4,0,0,0.0,210.3,12.7
2026-03-01T02:00:00Z,38.6,219.4,131.7,307.2,0,0,0.0,219.4,-1.4
2026-03-01T02:15:00Z,10.4,248.3,149.0,347.6,0,0,0.0,248.3,-16.3
2026-03-01T02:30:00Z,28.5,211.5,126.9,296.1,0,0,0.0,211.5,16.0
2026-03-01T02:45:00Z,27.9,181.7,109.0,254.3,0,0,0.0,181.7,-29.1
2026-03-01T03:00:00Z,32.0,260.3,156.2,350,0,0,0.0,260.3,17.3
2026-03-01T03:15:00Z,29.8,200.9,120.5,281.3,0,0,0.0,200.9,-9.6
2026-03-01T03:30:00Z,28.4,192.7,115.6,269.8,0,0,0.0,192.7,6.6
2026-03-01T03:45:00Z,9.2,227.1,136.3,317.9,0,0,0.0,227.1,3.5
2026-03-01T04:00:00Z,28.6,191.6,115.0,268.2,0,0,0.0,191.6,17.0
2026-03-01T04:15:00Z,17.0,229.0,137.4,320.6,0,0,0.0,229.0,-19.2
2026-03-01T04:30:00Z,42.1,213.1,127.9,298.3,0,0,0.0,213.1,-0.6
2026-03-01T04:45:00Z,27.4,208.7,125.2,292.1,0,0,0.0,208.7,-4.1
2026-03-01T05:00:00Z,36.8,245.9,147.5,344.2,0,0,0.0,245.9,-9.2
2026-03-01T05:15:00Z,25.6,249.9,149.9,349.9,0,0,0.0,249.9,-26.1
2026-03-01T05:30:00Z,39.9,208.6,125.2,292.0,0,0,0.0,208.6,-8.4
2026-03-01T05:45:00Z,8.9,238.8,143.3,334.3,0,0,0.0,238.8,-10.3
2026-03-01T06:00:00Z,24.9,217.9,130.7,305.1,0.0,0,0.0,217.9,0.7
2026-03-01T06:15:00Z,25.4,288.8,173.3,350,0.0,0,0.0,288.8,-13.7
2026-03-01T06:30:00Z,2.6,208.8,125.3,292.3,0.0,0,0.0,208.8,4.2
2026-03-01T06:45:00Z,27.1,197.9,118.7,277.0,0.0,0,0.0,197.9,-0.8
2026-03-01T07:00:00Z,11.1,242.3,145.4,339.3,11.4,5.7,14.8,253.7,3.0
2026-03-01T07:15:00Z,20.9,235.1,141.0,329.1,11.1,5.5,14.4,246.1,0.2
2026-03-01T07:30:00Z,11.4,224.5,134.7,314.4,9.5,4.7,12.3,234.0,-14.1
2026-03-01T07:45:00Z,20.9,248.9,149.3,348.4,11.1,5.6,14.5,260.0,-15.8
2026-03-01T08:00:00Z,36.2,236.5,141.9,331.1,25.0,12.5,32.6,261.6,-14.6
2026-03-01T08:15:00Z,40.5,201.5,120.9,282.1,31.9,15.9,41.4,233.4,14.6
2026-03-01T08:30:00Z,20.8,176.8,106.1,247.6,26.6,13.3,34.6,203.4,6.5
2026-03-01T08:45:00Z,47.5,228.2,136.9,319.5,26.8,13.4,34.9,255.0,-21.9
2026-03-01T09:00:00Z,6.6,174.4,104.7,244.2,47.5,23.8,61.8,222.0,-2.8
2026-03-01T09:15:00Z,10.1,167.9,100.7,235.0,45.6,22.8,59.2,213.4,-7.6
2026-03-01T09:30:00Z,37.7,192.4,115.4,269.3,45.2,22.6,58.8,237.6,6.8
2026-03-01T09:45:00Z,42.1,190.7,114.4,266.9,46.1,23.1,59.9,236.8,-8.0
2026-03-01T10:00:00Z,43.1,237.6,142.6,332.6,75.5,37.7,98.1,313.1,-38.7
2026-03-01T10:15:00Z,10.0,231.0,138.6,323.4,60.4,30.2,78.5,291.4,19.9
2026-03-01T10:30:00Z,39.8,222.7,133.6,311.8,81.5,40.8,106.0,304.2,-8.0
2026-03-01T10:45:00Z,45.8,242.5,145.5,339.6,63.7,31.9,82.8,306.3,15.2
2026-03-01T11:00:00Z,6.1,182.9,109.7,256.0,71.9,36.0,93.5,254.8,-27.6
2026-03-01T11:15:00Z,20.8,183.2,109.9,256.5,85.7,42.8,111.4,268.9,8.4
2026-03-01T11:30:00Z,40.1,214.4,128.6,300.1,88.4,44.2,114.9,302.7,-13.8
2026-03-01T11:45:00Z,26.2,220.6,132.4,308.9,101.3,50.7,120,322.0,18.7
2026-03-01T12:00:00Z,9.3,212.8,127.7,297.9,103.6,51.8,120,316.4,22.9
2026-03-01T12:15:00Z,25.7,221.1,132.7,309.6,112.4,56.2,120,333.5,15.1
2026-03-01T12:30:00Z,43.0,180.1,108.0,252.1,92.7,46.4,120,272.8,17.1
2026-03-01T12:45:00Z,46.4,205.0,123.0,287.1,91.0,45.5,118.2,296.0,5.6
2026-03-01T13:00:00Z,10.3,217.1,130.2,303.9,88.9,44.4,115.6,306.0,27.1
2026-03-01T13:15:00Z,43.3,198.0,118.8,277.2,102.7,51.3,120,300.7,-5.4
2026-03-01T13:30:00Z,19.8,200.5,120.3,280.7,115.3,57.7,120,315.8,8.1
2026-03-01T13:45:00Z,4.5,231.4,138.8,323.9,98.1,49.1,120,329.5,14.9
2026-03-01T14:00:00Z,30.2,197.2,118.3,276.1,110.6,55.3,120,307.8,4.2
2026-03-01T14:15:00Z,28.7,203.2,121.9,284.5,90.4,45.2,117.5,293.6,44.9
2026-03-01T14:30:00Z,5.8,178.8,107.3,250.4,105.9,53.0,120,284.7,18.3
2026-03-01T14:45:00Z,31.9,139.1,83.4,194.7,100.8,50.4,120,239.8,-6.7
2026-03-01T15:00:00Z,10.3,206.1,123.6,288.5,75.1,37.6,97.7,281.2,-14.2
2026-03-01T15:15:00Z,18.8,185.3,111.2,259.4,72.6,36.3,94.4,257.9,15.1
2026-03-01T15:30:00Z,47.5,152.7,91.6,213.7,73.3,36.7,95.3,226.0,-23.6
2026-03-01T15:45:00Z,17.6,212.9,127.8,298.1,84.0,42.0,109.2,297.0,-14.1
2026-03-01T16:00:00Z,11.0,157.3,94.4,220.3,58.3,29.1,75.7,215.6,30.2
2026-03-01T16:15:00Z,31.5,165.0,99.0,231.0,70.4,35.2,91.6,235.5,7.5
2026-03-01T16:30:00Z,11.2,207.4,124.4,290.4,72.9,36.5,94.8,280.3,-7.5
2026-03-01T16:45:00Z,31.8,174.1,104.5,243.7,75.3,37.6,97.9,249.4,28.8
2026-03-01T17:00:00Z,34.0,172.8,103.7,241.9,42.5,21.3,55.3,215.3,-7.3
2026-03-01T17:15:00Z,20.1,185.4,111.2,259.6,57.4,28.7,74.6,242.8,6.5
2026-03-01T17:30:00Z,5.7,241.1,144.7,337.6,54.4,27.2,70.8,295.6,12.6
2026-03-01T17:45:00Z,6.8,191.0,114.6,267.4,51.4,25.7,66.8,242.4,-2.5
2026-03-01T18:00:00Z,41.9,204.2,122.5,285.9,32.7,16.4,42.6,236.9,7.4
2026-03-01T18:15:00Z,5.8,230.7,138.4,323.0,32.3,16.2,42.0,263.0,-9.0
2026-03-01T18:30:00Z,40.7,185.2,111.1,259.3,31.4,15.7,40.8,216.6,17.8
2026-03-01T18:45:00Z,45.5,169.3,101.6,237.0,25.0,12.5,32.4,194.2,-3.3
2026-03-01T19:00:00Z,6.9,166.1,99.6,232.5,9.3,4.6,12.0,175.3,4.9
2026-03-01T19:15:00Z,32.3,166.7,100.0,233.4,9.9,5.0,12.9,176.6,6.9
2026-03-01T19:30:00Z,9.4,190.7,114.4,267.0,9.2,4.6,12.0,199.9,2.6
2026-03-01T19:45:00Z,2.3,179.2,107.5,250.9,9.9,4.9,12.8,189.1,-18.6
2026-03-01T20:00:00Z,34.3,196.6,118.0,275.2,0.0,0.0,0.0,196.6,-7.0
2026-03-01T20:15:00Z,25.1,156.0,93.6,218.4,0.0,0.0,0.0,156.0,1.5
2026-03-01T20:30:00Z,46.1,160.6,96.4,224.9,0.0,0.0,0.0,160.6,-15.6
2026-03-01T20:45:00Z,1.0,197.9,118.7,277.0,0.0,0.0,0.0,197.9,-20.2
2026-03-01T21:00:00Z,5.8,181.4,108.9,254.0,0,0,0.0,181.4,4.6
2026-03-01T21:15:00Z,44.4,194.9,116.9,272.8,0,0,0.0,194.9,4.9
2026-03-01T21:30:00Z,39.1,185.4,111.2,259.6,0,0,0.0,185.4,22.6
2026-03-01T21:45:00Z,45.5,192.5,115.5,269.6,0,0,0.0,192.5,-19.9
2026-03-01T22:00:00Z,16.2,197.7,118.6,276.8,0,0,0.0,197.7,-32.2
2026-03-01T22:15:00Z,13.6,194.2,116.5,271.9,0,0,0.0,194.2,-4.6
2026-03-01T22:30:00Z,16.2,207.6,124.6,290.7,0,0,0.0,207.6,10.3
2026-03-01T22:45:00Z,9.4,172.7,103.6,241.8,0,0,0.0,172.7,7.1
2026-03-01T23:00:00Z,28.7,181.1,108.7,253.6,0,0,0.0,181.1,-5.9
2026-03-01T23:15:00Z,13.9,207.2,124.3,290.1,0,0,0.0,207.2,-21.1
2026-03-01T23:30:00Z,32.7,233.6,140.1,327.0,0,0,0.0,233.6,-25.0
2026-03-01T23:45:00Z,46.6,193.5,116.1,271.0,0,0,0.0,193.5,-10.6
2026-03-02T00:00:00Z,38.8,140.1,84.1,196.2,0,0,0.0,140.1,-22.4
2026-03-02T00:15:00Z,44.6,171.4,102.9,240.0,0,0,0.0,171.4,-5.3
2026-03-02T00:30:00Z,32.7,166.6,100.0,233.3,0,0,0.0,166.6,3.6
2026-03-02T00:45:00Z,36.4,138.7,83.2,194.2,0,0,0.0,138.7,15.9
2026-03-02T01:00:00Z,25.4,145.3,87.2,203.5,0,0,0.0,145.3,18.6
2026-03-02T01:15:00Z,10.4,171.7,103.0,240.4,0,0,0.0,171.7,-25.6
2026-03-02T01:30:00Z,5.4,125.3,75.2,175.5,0,0,0.0,125.3,7.0
2026-03-02T01:45:00Z,37.5,157.2,94.3,220.0,0,0,0.0,157.2,13.3
2026-03-02T02:00:00Z,17.3,166.1,99.7,232.5,0,0,0.0,166.1,13.0
2026-03-02T02:15:00Z,36.9,169.9,101.9,237.9,0,0,0.0,169.9,1.4
2026-03-02T02:30:00Z,46.8,119.4,71.6,167.2,0,0,0.0,119.4,-17.3
2026-03-02T02:45:00Z,16.4,191.2,114.7,267.7,0,0,0.0,191.2,16.0
2026-03-02T03:00:00Z,17.9,179.1,107.5,250.8,0,0,0.0,179.1,-10.7
2026-03-02T03:15:00Z,38.2,176.0,105.6,246.4,0,0,0.0,176.0,-4.5
2026-03-02T03:30:00Z,47.0,158.7,95.2,222.1,0,0,0.0,158.7,-5.2
2026-03-02T03:45:00Z,39.3,162.3,97.4,227.2,0,0,0.0,162.3,-17.9
2026-03-02T04:00:00Z,27.5,168.4,101.0,235.7,0,0,0.0,168.4,5.9
2026-03-02T04:15:00Z,39.6,176.0,105.6,246.4,0,0,0.0,176.0,-1.9
2026-03-02T04:30:00Z,1.4,206.2,123.7,288.6,0,0,0.0,206.2,-21.1
2026-03-02T04:45:00Z,47.4,139.1,83.4,194.7,0,0,0.0,139.1,1.7
2026-03-02T05:00:00Z,11.4,179.5,107.7,251.3,0,0,0.0,179.5,11.5
2026-03-02T05:15:00Z,35.7,168.9,101.3,236.4,0,0,0.0,168.9,13.5
2026-03-02T05:30:00Z,35.3,165.7,99.4,232.0,0,0,0.0,165.7,5.5
2026-03-02T05:45:00Z,26.7,178.8,107.3,250.3,0,0,0.0,178.8,11.3
2026-03-02T06:00:00Z,32.4,167.3,100.4,234.3,0.0,0,0.0,167.3,-3.5
2026-03-02T06:15:00Z,16.3,140.1,84.1,196.2,0.0,0,0.0,140.1,4.1
2026-03-02T06:30:00Z,23.8,126.3,75.8,176.9,0.0,0,0.0,126.3,3.4
2026-03-02T06:45:00Z,16.4,171.8,103.1,240.6,0.0,0,0.0,171.8,12.2
2026-03-02T07:00:00Z,31.5,153.9,92.3,215.4,9.5,4.8,12.4,163.4,11.7
2026-03-02T07:15:00Z,39.0,167.4,100.4,234.4,10.5,5.3,13.7,177.9,8.2
2026-03-02T07:30:00Z,11.8,227.6,136.5,318.6,9.5,4.8,12.4,237.1,7.1
2026-03-02T07:45:00Z,34.3,204.2,122.5,285.9,10.1,5.0,13.1,214.3,-11.1
2026-03-02T08:00:00Z,8.1,234.1,140.5,327.8,25.7,12.8,33.4,259.8,19.1
2026-03-02T08:15:00Z,28.6,165.7,99.4,232.0,24.4,12.2,31.7,190.1,23.3
2026-03-02T08:30:00Z,20.3,169.4,101.6,237.1,24.2,12.1,31.5,193.6,1.5
2026-03-02T08:45:00Z,32.0,216.4,129.8,302.9,33.3,16.7,43.3,249.7,-2.8
2026-03-02T09:00:00Z,24.0,186.9,112.2,261.7,58.7,29.4,76.3,245.6,-10.2
2026-03-02T09:15:00Z,47.5,131.5,78.9,184.0,41.7,20.9,54.2,173.2,3.4
2026-03-02T09:30:00Z,45.8,199.4,119.6,279.2,47.7,23.9,62.1,247.1,17.2
2026-03-02T09:45:00Z,16.3,180.1,108.0,252.1,49.0,24.5,63.8,229.1,12.9
2026-03-02T10:00:00Z,15.7,180.5,108.3,252.8,75.2,37.6,97.7,255.7,-0.1
2026-03-02T10:15:00Z,20.6,194.2,116.5,271.8,78.4,39.2,101.9,272.6,23.5
2026-03-02T10:30:00Z,36.9,199.0,119.4,278.6,72.1,36.0,93.7,271.1,0.5
2026-03-02T10:45:00Z,17.0,188.6,113.1,264.0,60.7,30.4,79.0,249.3,-5.3
2026-03-02T11:00:00Z,6.6,185.0,111.0,259.0,97.9,49.0,120,282.9,17.2
2026-03-02T11:15:00Z,27.6,159.5,95.7,223.3,97.0,48.5,120,256.5,-11.9
2026-03-02T11:30:00Z,4.6,109.7,65.8,153.6,82.0,41.0,106.6,191.7,15.9
2026-03-02T11:45:00Z,15.0,111.9,67.2,156.7,92.5,46.3,120,204.5,22.5
2026-03-02T12:00:00Z,17.1,174.2,104.5,243.9,107.5,53.8,120,281.7,22.8
2026-03-02T12:15:00Z,10.5,182.2,109.3,255.1,99.3,49.7,120,281.5,-0.3
2026-03-02T12:30:00Z,35.6,126.7,76.0,177.3,83.3,41.6,108.3,210.0,0.7
2026-03-02T12:45:00Z,36.9,135.2,81.1,189.3,93.7,46.8,120,228.9,-1.4
2026-03-02T13:00:00Z,21.6,190.1,114.1,266.1,117.3,58.7,120,307.4,16.2
2026-03-02T13:15:00Z,43.4,181.7,109.0,254.4,86.7,43.3,112.7,268.4,-9.2
2026-03-02T13:30:00Z,0.4,161.6,97.0,226.2,91.0,45.5,118.4,252.7,-23.1
2026-03-02T13:45:00Z,10.7,129.0,77.4,180.6,93.0,46.5,120,222.0,18.1
2026-03-02T14:00:00Z,39.7,151.7,91.0,212.4,94.8,47.4,120,246.4,11.2
2026-03-02T14:15:00Z,28.8,146.3,87.8,204.8,105.1,52.5,120,251.3,-13.9
2026-03-02T14:30:00Z,0.7,100.8,60.5,141.1,101.9,50.9,120,202.7,5.9
2026-03-02T14:45:00Z,30.1,114.6,68.8,160.5,113.8,56.9,120,228.5,-2.9
2026-03-02T15:00:00Z,46.3,78.9,47.4,110.5,95.7,47.8,120,174.6,-14.0
2026-03-02T15:15:00Z,42.2,149.9,89.9,209.9,95.2,47.6,120,245.1,-15.3
2026-03-02T15:30:00Z,45.5,135.1,81.0,189.1,76.7,38.4,99.7,211.8,3.7
2026-03-02T15:45:00Z,5.0,108.6,65.2,152.0,78.0,39.0,101.4,186.6,-36.5
2026-03-02T16:00:00Z,38.3,196.7,118.0,275.3,59.5,29.8,77.4,256.2,-7.3
2026-03-02T16:15:00Z,32.1,155.4,93.2,217.6,81.5,40.7,105.9,236.9,-10.1
2026-03-02T16:30:00Z,47.2,94.8,56.9,132.7,82.9,41.5,107.8,177.7,-9.7
2026-03-02T16:45:00Z,29.3,115.3,69.2,161.5,71.5,35.8,93.0,186.9,3.8
2026-03-02T17:00:00Z,11.4,158.6,95.1,222.0,47.8,23.9,62.1,206.3,-11.0
2026-03-02T17:15:00Z,13.2,128.9,77.3,180.4,47.0,23.5,61.2,175.9,15.9
2026-03-02T17:30:00Z,6.0,119.0,71.4,166.6,55.8,27.9,72.6,174.8,1.7
2026-03-02T17:45:00Z,4.3,136.0,81.6,190.4,49.5,24.8,64.4,185.5,-26.3
2026-03-02T18:00:00Z,25.6,117.7,70.6,164.8,26.9,13.4,35.0,144.6,13.7
2026-03-02T18:15:00Z,19.3,133.1,79.9,186.4,25.6,12.8,33.3,158.7,-10.5
2026-03-02T18:30:00Z,13.2,123.0,73.8,172.3,30.5,15.3,39.7,153.6,-14.4
2026-03-02T18:45:00Z,45.5,171.0,102.6,239.3,32.7,16.3,42.5,203.7,-11.4
2026-03-02T19:00:00Z,8.2,112.6,67.5,157.6,11.2,5.6,14.6,123.8,-30.3
2026-03-02T19:15:00Z,30.2,106.9,64.1,149.7,10.7,5.4,13.9,117.6,17.0
2026-03-02T19:30:00Z,24.3,154.8,92.9,216.8,9.6,4.8,12.4,164.4,7.5
2026-03-02T19:45:00Z,5.6,162.2,97.3,227.1,12.6,6.3,16.3,174.8,3.4
2026-03-02T20:00:00Z,2.7,92.7,55.6,129.8,0.0,0.0,0.0,92.7,-14.5
2026-03-02T20:15:00Z,46.7,174.9,104.9,244.8,0.0,0.0,0.0,174.9,4.0
2026-03-02T20:30:00Z,11.5,138.6,83.2,194.0,0.0,0.0,0.0,138.6,28.1
2026-03-02T20:45:00Z,2.1,129.9,78.0,181.9,0.0,0.0,0.0,129.9,-8.4
2026-03-02T21:00:00Z,24.4,134.5,80.7,188.2,0,0,0.0,134.5,4.5
2026-03-02T21:15:00Z,36.0,156.8,94.1,219.5,0,0,0.0,156.8,-3.6
2026-03-02T21:30:00Z,8.2,147.7,88.6,206.8,0,0,0.0,147.7,0.4
2026-03-02T21:45:00Z,29.4,100.1,60.1,140.1,0,0,0.0,100.1,-11.6
2026-03-02T22:00:00Z,12.9,145.1,87.0,203.1,0,0,0.0,145.1,-15.2
2026-03-02T22:15:00Z,47.4,141.2,84.7,197.6,0,0,0.0,141.2,0.3
2026-03-02T22:30:00Z,38.4,144.0,86.4,201.7,0,0,0.0,144.0,-25.8
2026-03-02T22:45:00Z,37.6,133.9,80.3,187.4,0,0,0.0,133.9,16.6
2026-03-02T23:00:00Z,5.4,130.5,78.3,182.8,0,0,0.0,130.5,5.2
2026-03-02T23:15:00Z,1.5,139.6,83.8,195.5,0,0,0.0,139.6,0.8
2026-03-02T23:30:00Z,11.2,161.4,96.9,226.0,0,0,0.0,161.4,1.8
2026-03-02T23:45:00Z,36.3,154.2,92.5,215.8,0,0,0.0,154.2,-17.3
2026-03-03T00:00:00Z,44.5,212.4,127.4,297.3,0,0,0.0,212.4,-31.7
2026-03-03T00:15:00Z,45.0,168.7,101.2,236.2,0,0,0.0,168.7,-14.1
2026-03-03T00:30:00Z,37.3,192.3,115.4,269.2,0,0,0.0,192.3,-19.1
2026-03-03T00:45:00Z,32.5,171.8,103.1,240.5,0,0,0.0,171.8,18.7
2026-03-03T01:00:00Z,41.0,173.9,104.3,243.4,0,0,0.0,173.9,8.6
2026-03-03T01:15:00Z,18.0,177.2,106.3,248.1,0,0,0.0,177.2,-19.0
2026-03-03T01:30:00Z,20.6,156.4,93.8,218.9,0,0,0.0,156.4,28.3
2026-03-03T01:45:00Z,44.7,168.9,101.4,236.5,0,0,0.0,168.9,-9.9
2026-03-03T02:00:00Z,40.3,259.8,155.9,350,0,0,0.0,259.8,-40.0
2026-03-03T02:15:00Z,31.7,166.9,100.1,233.6,0,0,0.0,166.9,-9.3
2026-03-03T02:30:00Z,20.4,207.8,124.7,290.9,0,0,0.0,207.8,-4.6
2026-03-03T02:45:00Z,36.0,219.1,131.5,306.8,0,0,0.0,219.1,5.2
2026-03-03T03:00:00Z,9.9,193.3,116.0,270.6,0,0,0.0,193.3,23.2
2026-03-03T03:15:00Z,4.0,176.3,105.8,246.9,0,0,0.0,176.3,-14.6
2026-03-03T03:30:00Z,29.4,167.4,100.5,234.4,0,0,0.0,167.4,-13.2
2026-03-03T03:45:00Z,2.3,225.9,135.6,316.3,0,0,0.0,225.9,8.4
2026-03-03T04:00:00Z,20.3,167.1,100.3,234.0,0,0,0.0,167.1,-30.5
2026-03-03T04:15:00Z,22.7,216.8,130.1,303.6,0,0,0.0,216.8,17.5
2026-03-03T04:30:00Z,25.6,155.8,93.5,218.1,0,0,0.0,155.8,5.4
2026-03-03T04:45:00Z,23.6,135.8,81.5,190.1,0,0,0.0,135.8,5.0
2026-03-03T05:00:00Z,44.6,199.8,119.9,279.8,0,0,0.0,199.8,-5.8
2026-03-03T05:15:00Z,19.5,255.3,153.2,350,0,0,0.0,255.3,-5.8
2026-03-03T05:30:00Z,11.2,196.3,117.8,274.8,0,0,0.0,196.3,22.0
2026-03-03T05:45:00Z,36.3,230.3,138.2,322.5,0,0,0.0,230.3,-0.6
2026-03-03T06:00:00Z,23.8,240.2,144.1,336.2,0.0,0,0.0,240.2,16.8
2026-03-03T06:15:00Z,14.5,236.2,141.7,330.7,0.0,0,0.0,236.2,-14.7
2026-03-03T06:30:00Z,42.2,231.4,138.8,323.9,0.0,0,0.0,231.4,-10.7
2026-03-03T06:45:00Z,45.0,202.3,121.4,283.2,0.0,0,0.0,202.3,3.8
2026-03-03T07:00:00Z,2.9,220.5,132.3,308.7,12.2,6.1,15.8,232.6,-11.6
2026-03-03T07:15:00Z,26.1,195.0,117.0,273.1,10.4,5.2,13.5,205.4,0.1
2026-03-03T07:30:00Z,23.0,199.9,119.9,279.8,9.5,4.7,12.3,209.3,-17.0
2026-03-03T07:45:00Z,18.9,159.8,95.9,223.8,11.6,5.8,15.0,171.4,17.9
2026-03-03T08:00:00Z,21.7,175.6,105.4,245.9,33.0,16.5,42.9,208.6,22.9
2026-03-03T08:15:00Z,30.2,196.2,117.7,274.7,32.2,16.1,41.9,228.4,16.9
2026-03-03T08:30:00Z,21.2,228.3,137.0,319.6,26.4,13.2,34.3,254.7,-6.0
2026-03-03T08:45:00Z,40.6,174.8,104.9,244.7,31.0,15.5,40.3,205.8,0.1
2026-03-03T09:00:00Z,31.7,227.3,136.4,318.2,45.8,22.9,59.5,273.0,-1.0
2026-03-03T09:15:00Z,27.4,172.7,103.6,241.8,47.2,23.6,61.3,219.9,-9.4
2026-03-03T09:30:00Z,36.5,191.2,114.7,267.7,56.0,28.0,72.7,247.2,20.6
2026-03-03T09:45:00Z,17.0,203.0,121.8,284.2,45.7,22.8,59.4,248.7,-11.9
2026-03-03T10:00:00Z,7.1,155.8,93.5,218.1,82.2,41.1,106.8,238.0,7.9
2026-03-03T10:15:00Z,20.2,209.6,125.8,293.4,70.4,35.2,91.6,280.0,-8.9
2026-03-03T10:30:00Z,5.2,187.3,112.4,262.2,72.9,36.4,94.7,260.1,6.6
2026-03-03T10:45:00Z,35.8,172.7,103.6,241.8,63.4,31.7,82.4,236.1,-15.0
2026-03-03T11:00:00Z,30.4,186.6,112.0,261.3,84.8,42.4,110.3,271.5,14.0
2026-03-03T11:15:00Z,0.4,161.5,96.9,226.1,75.0,37.5,97.5,236.5,-15.4
2026-03-03T11:30:00Z,37.3,182.0,109.2,254.8,90.4,45.2,117.6,272.4,-40.9
2026-03-03T11:45:00Z,41.4,184.7,110.8,258.6,81.7,40.8,106.2,266.4,18.5
2026-03-03T12:00:00Z,3.9,170.6,102.3,238.8,114.5,57.3,120,285.1,12.8
2026-03-03T12:15:00Z,10.3,174.4,104.7,244.2,94.2,47.1,120,268.7,7.5
2026-03-03T12:30:00Z,9.4,220.9,132.5,309.3,83.3,41.6,108.3,304.2,10.3
2026-03-03T12:45:00Z,2.8,186.1,111.7,260.6,84.4,42.2,109.8,270.6,0.0
2026-03-03T13:00:00Z,18.6,169.7,101.8,237.6,101.1,50.6,120,270.8,2.4
2026-03-03T13:15:00Z,35.5,170.2,102.1,238.3,108.8,54.4,120,279.0,18.8
2026-03-03T13:30:00Z,17.9,137.0,82.2,191.7,111.0,55.5,120,248.0,13.4
2026-03-03T13:45:00Z,27.2,163.4,98.0,228.8,94.2,47.1,120,257.6,-9.4
2026-03-03T14:00:00Z,3.8,167.5,100.5,234.5,83.3,41.6,108.3,250.8,15.3
2026-03-03T14:15:00Z,22.3,154.5,92.7,216.3,82.7,41.4,107.5,237.2,8.9
2026-03-03T14:30:00Z,7.6,197.3,118.4,276.2,88.9,44.4,115.6,286.2,3.8
2026-03-03T14:45:00Z,17.6,182.4,109.4,255.3,105.2,52.6,120,287.5,16.0
2026-03-03T15:00:00Z,19.4,100.4,60.3,140.6,72.2,36.1,93.9,172.7,19.7
2026-03-03T15:15:00Z,18.0,126.7,76.0,177.4,75.1,37.5,97.6,201.8,10.4
2026-03-03T15:30:00Z,1.5,147.3,88.4,206.2,87.2,43.6,113.4,234.5,6.9
2026-03-03T15:45:00Z,31.2,113.2,67.9,158.4,75.6,37.8,98.3,188.8,1.4
2026-03-03T16:00:00Z,8.2,159.7,95.8,223.5,71.0,35.5,92.3,230.7,-15.8
2026-03-03T16:15:00Z,21.6,193.4,116.0,270.8,76.5,38.3,99.5,269.9,8.6
2026-03-03T16:30:00Z,33.4,187.9,112.8,263.1,64.9,32.5,84.4,252.9,-18.4
2026-03-03T16:45:00Z,23.4,151.0,90.6,211.3,80.1,40.0,104.1,231.0,-3.2
2026-03-03T17:00:00Z,22.2,128.6,77.1,180.0,52.2,26.1,67.8,180.7,20.5
2026-03-03T17:15:00Z,13.1,170.5,102.3,238.6,45.9,23.0,59.7,216.4,15.2
2026-03-03T17:30:00Z,2.6,128.8,77.3,180.3,48.9,24.5,63.6,177.7,-10.5
2026-03-03T17:45:00Z,10.2,166.7,100.0,233.3,53.6,26.8,69.6,220.2,-4.4
2026-03-03T18:00:00Z,13.6,119.9,71.9,167.9,24.1,12.1,31.3,144.0,-8.0
2026-03-03T18:15:00Z,29.6,120.8,72.5,169.1,26.9,13.5,35.0,147.7,-12.2
2026-03-03T18:30:00Z,15.0,132.1,79.3,184.9,29.4,14.7,38.3,161.5,3.6
2026-03-03T18:45:00Z,2.4,179.3,107.6,251.0,28.5,14.3,37.1,207.8,-15.2
2026-03-03T19:00:00Z,39.2,180.1,108.0,252.1,10.9,5.4,14.1,190.9,32.9
2026-03-03T19:15:00Z,18.4,117.8,70.7,164.9,11.4,5.7,14.8,129.2,-3.5
2026-03-03T19:30:00Z,19.9,165.1,99.1,231.2,11.1,5.5,14.4,176.2,-20.2
2026-03-03T19:45:00Z,9.5,165.4,99.2,231.5,11.9,5.9,15.5,177.3,-17.1
2026-03-03T20:00:00Z,45.2,170.0,102.0,237.9,0.0,0.0,0.0,170.0,-5.5
2026-03-03T20:15:00Z,31.4,175.1,105.1,245.2,0.0,0.0,0.0,175.1,-29.2
2026-03-03T20:30:00Z,9.1,147.7,88.6,206.7,0.0,0.0,0.0,147.7,-7.2
2026-03-03T20:45:00Z,42.8,182.7,109.6,255.8,0.0,0.0,0.0,182.7,-3.2
2026-03-03T21:00:00Z,7.3,118.3,71.0,165.6,0,0,0.0,118.3,-15.0
2026-03-03T21:15:00Z,21.3,187.0,112.2,261.8,0,0,0.0,187.0,-14.5
2026-03-03T21:30:00Z,33.6,192.6,115.6,269.6,0,0,0.0,192.6,3.7
2026-03-03T21:45:00Z,22.7,153.3,92.0,214.6,0,0,0.0,153.3,3.2
2026-03-03T22:00:00Z,24.5,142.3,85.4,199.3,0,0,0.0,142.3,-15.1
2026-03-03T22:15:00Z,4.5,144.8,86.9,202.8,0,0,0.0,144.8,-28.7
2026-03-03T22:30:00Z,45.3,175.7,105.4,245.9,0,0,0.0,175.7,-12.2
2026-03-03T22:45:00Z,47.6,162.9,97.7,228.0,0,0,0.0,162.9,-23.1
2026-03-03T23:00:00Z,14.5,194.7,116.8,272.5,0,0,0.0,194.7,15.5
2026-03-03T23:15:00Z,9.0,177.4,106.4,248.3,0,0,0.0,177.4,9.4
2026-03-03T23:30:00Z,0.7,153.3,92.0,214.6,0,0,0.0,153.3,-16.6
2026-03-03T23:45:00Z,26.7,207.6,124.6,290.7,0,0,0.0,207.6,-10.0
2026-03-04T00:00:00Z,29.1,194.1,116.5,271.8,0,0,0.0,194.1,-13.7
2026-03-04T00:15:00Z,33.3,208.0,124.8,291.2,0,0,0.0,208.0,-6.7
2026-03-04T00:30:00Z,8.4,240.4,144.2,336.5,0,0,0.0,240.4,22.5
2026-03-04T00:45:00Z,38.3,215.4,129.3,301.6,0,0,0.0,215.4,-5.5
2026-03-04T01:00:00Z,32.7,270.5,162.3,350,0,0,0.0,270.5,13.1
2026-03-04T01:15:00Z,34.3,202.2,121.3,283.1,0,0,0.0,202.2,-13.0
2026-03-04T01:30:00Z,34.9,196.8,118.1,275.5,0,0,0.0,196.8,16.4
2026-03-04T01:45:00Z,4.6,254.5,152.7,350,0,0,0.0,254.5,-17.9
2026-03-04T02:00:00Z,34.4,226.0,135.6,316.4,0,0,0.0,226.0,-4.2
2026-03-04T02:15:00Z,2.2,240.2,144.1,336.2,0,0,0.0,240.2,11.7
2026-03-04T02:30:00Z,3.5,280.4,168.3,350,0,0,0.0,280.4,15.9
2026-03-04T02:45:00Z,45.4,246.4,147.8,344.9,0,0,0.0,246.4,12.6
2026-03-04T03:00:00Z,44.8,245.2,147.1,343.3,0,0,0.0,245.2,-14.3
2026-03-04T03:15:00Z,31.3,203.6,122.1,285.0,0,0,0.0,203.6,37.0
2026-03-04T03:30:00Z,13.9,208.6,125.2,292.0,0,0,0.0,208.6,31.9
2026-03-04T03:45:00Z,16.9,249.7,149.8,349.6,0,0,0.0,249.7,-17.0
2026-03-04T04:00:00Z,0.5,279.1,167.5,350,0,0,0.0,279.1,26.9
2026-03-04T04:15:00Z,37.3,254.1,152.5,350,0,0,0.0,254.1,1.5
2026-03-04T04:30:00Z,29.1,249.8,149.9,349.8,0,0,0.0,249.8,-1.5
2026-03-04T04:45:00Z,23.1,278.2,166.9,350,0,0,0.0,278.2,8.2
2026-03-04T05:00:00Z,31.4,266.2,159.7,350,0,0,0.0,266.2,-17.8
2026-03-04T05:15:00Z,14.3,251.9,151.1,350,0,0,0.0,251.9,1.1
2026-03-04T05:30:00Z,25.4,282.1,169.3,350,0,0,0.0,282.1,0.4
2026-03-04T05:45:00Z,30.8,302.8,181.7,350,0,0,0.0,302.8,6.4
2026-03-04T06:00:00Z,28.6,255.8,153.5,350,0.0,0,0.0,255.8,-6.0
2026-03-04T06:15:00Z,45.1,256.2,153.7,350,0.0,0,0.0,256.2,-7.8
2026-03-04T06:30:00Z,15.7,252.2,151.3,350,0.0,0,0.0,252.2,-37.9
2026-03-04T06:45:00Z,33.4,274.4,164.6,350,0.0,0,0.0,274.4,7.2
2026-03-04T07:00:00Z,37.8,224.1,134.5,313.8,10.5,5.3,13.7,234.7,-11.0
2026-03-04T07:15:00Z,26.2,232.0,139.2,324.8,11.2,5.6,14.6,243.2,5.2
2026-03-04T07:30:00Z,44.8,253.6,152.1,350,11.4,5.7,14.8,264.9,-18.8
2026-03-04T07:45:00Z,38.2,287.1,172.3,350,11.2,5.6,14.5,298.3,-22.6
2026-03-04T08:00:00Z,16.8,237.0,142.2,331.8,25.4,12.7,33.0,262.4,1.9
2026-03-04T08:15:00Z,16.4,240.9,144.6,337.3,30.2,15.1,39.3,271.2,-15.6
2026-03-04T08:30:00Z,17.9,209.5,125.7,293.3,34.2,17.1,44.5,243.7,-2.8
2026-03-04T08:45:00Z,17.4,242.6,145.6,339.7,25.2,12.6,32.8,267.9,-2.9
2026-03-04T09:00:00Z,38.7,246.7,148.0,345.4,53.2,26.6,69.1,299.9,0.9
2026-03-04T09:15:00Z,11.6,237.5,142.5,332.6,41.5,20.7,53.9,279.0,-1.3
2026-03-04T09:30:00Z,44.7,235.1,141.1,329.2,41.8,20.9,54.3,276.9,15.5
2026-03-04T09:45:00Z,3.6,248.2,148.9,347.5,45.7,22.9,59.5,294.0,1.9
2026-03-04T10:00:00Z,4.2,255.7,153.4,350,76.4,38.2,99.4,332.2,-11.4
2026-03-04T10:15:00Z,9.5,227.4,136.4,318.3,80.3,40.1,104.4,307.6,0.4
2026-03-04T10:30:00Z,7.1,222.4,133.5,311.4,74.6,37.3,97.0,297.1,4.1
2026-03-04T10:45:00Z,21.1,235.4,141.3,329.6,80.2,40.1,104.2,315.6,20.0
2026-03-04T11:00:00Z,0.9,245.6,147.4,343.8,100.0,50.0,120,345.6,7.2
2026-03-04T11:15:00Z,23.2,241.0,144.6,337.4,74.5,37.2,96.8,315.4,9.9
2026-03-04T11:30:00Z,12.5,262.7,157.6,350,100.9,50.5,120,363.7,-3.8
2026-03-04T11:45:00Z,31.2,216.9,130.1,303.6,75.3,37.6,97.9,292.2,4.5
2026-03-04T12:00:00Z,17.1,231.5,138.9,324.1,102.9,51.5,120,334.4,-19.7
2026-03-04T12:15:00Z,43.8,233.1,139.9,326.4,110.7,55.4,120,343.9,0.5
2026-03-04T12:30:00Z,37.9,196.8,118.1,275.5,92.6,46.3,120,289.4,-8.9
2026-03-04T12:45:00Z,21.7,230.4,138.2,322.6,82.7,41.3,107.5,313.1,-15.7
2026-03-04T13:00:00Z,42.9,211.4,126.8,295.9,90.4,45.2,117.5,301.8,3.3
2026-03-04T13:15:00Z,5.1,159.6,95.8,223.5,114.9,57.5,120,274.5,-4.3
2026-03-04T13:30:00Z,28.3,215.1,129.1,301.1,95.2,47.6,120,310.3,-26.9
2026-03-04T13:45:00Z,9.1,227.1,136.2,317.9,97.4,48.7,120,324.5,-2.0
2026-03-04T14:00:00Z,8.2,178.2,106.9,249.5,86.6,43.3,112.6,264.8,6.8
2026-03-04T14:15:00Z,35.7,221.9,133.1,310.6,107.5,53.8,120,329.4,-1.4
2026-03-04T14:30:00Z,3.7,185.6,111.4,259.9,97.7,48.8,120,283.3,-0.5
2026-03-04T14:45:00Z,12.8,202.3,121.4,283.2,91.8,45.9,119.3,294.1,-13.2
2026-03-04T15:00:00Z,4.7,217.3,130.4,304.3,79.7,39.8,103.6,297.0,11.8
2026-03-04T15:15:00Z,2.2,223.0,133.8,312.3,78.7,39.3,102.3,301.7,-35.6
2026-03-04T15:30:00Z,37.9,198.2,118.9,277.5,89.6,44.8,116.5,287.8,-10.6
2026-03-04T15:45:00Z,22.3,223.8,134.3,313.3,92.6,46.3,120,316.3,-17.0
2026-03-04T16:00:00Z,3.6,227.9,136.8,319.1,61.6,30.8,80.0,289.5,-0.8
2026-03-04T16:15:00Z,39.5,181.6,109.0,254.3,59.2,29.6,77.0,240.9,-43.3
2026-03-04T16:30:00Z,28.4,154.4,92.7,216.2,71.5,35.8,93.0,226.0,-7.8
2026-03-04T16:45:00Z,34.5,181.0,108.6,253.4,76.6,38.3,99.6,257.7,1.9
2026-03-04T17:00:00Z,35.3,225.6,135.4,315.9,44.2,22.1,57.5,269.9,9.9
2026-03-04T17:15:00Z,34.1,189.6,113.8,265.5,43.4,21.7,56.5,233.1,1.9
2026-03-04T17:30:00Z,15.3,227.9,136.7,319.1,56.1,28.0,72.9,284.0,6.2
2026-03-04T17:45:00Z,3.7,192.0,115.2,268.9,43.1,21.5,56.0,235.1,-10.8
2026-03-04T18:00:00Z,41.4,227.7,136.6,318.7,30.3,15.2,39.4,258.0,-35.4
2026-03-04T18:15:00Z,29.0,193.6,116.2,271.1,30.7,15.4,39.9,224.3,2.4
2026-03-04T18:30:00Z,9.2,179.1,107.4,250.7,31.0,15.5,40.3,210.0,-1.9
2026-03-04T18:45:00Z,4.3,176.3,105.8,246.9,30.8,15.4,40.0,207.1,5.2
2026-03-04T19:00:00Z,14.3,239.6,143.8,335.5,11.2,5.6,14.5,250.8,-5.1
2026-03-04T19:15:00Z,4.1,220.6,132.4,308.8,11.7,5.8,15.2,232.2,26.9
2026-03-04T19:30:00Z,4.6,195.5,117.3,273.7,10.9,5.4,14.2,206.4,-1.5
2026-03-04T19:45:00Z,24.8,197.2,118.3,276.1,11.9,5.9,15.4,209.1,-6.4
2026-03-04T20:00:00Z,3.1,224.4,134.6,314.1,0.0,0.0,0.0,224.4,-0.9
2026-03-04T20:15:00Z,22.3,149.7,89.8,209.6,0.0,0.0,0.0,149.7,6.4
2026-03-04T20:30:00Z,40.4,282.2,169.3,350,0.0,0.0,0.0,282.2,7.2
2026-03-04T20:45:00Z,23.4,220.5,132.3,308.8,0.0,0.0,0.0,220.5,2.0
2026-03-04T21:00:00Z,26.2,184.9,110.9,258.9,0,0,0.0,184.9,-7.5
2026-03-04T21:15:00Z,3.7,215.4,129.3,301.6,0,0,0.0,215.4,-6.1
2026-03-04T21:30:00Z,27.0,213.7,128.2,299.2,0,0,0.0,213.7,-9.8
2026-03-04T21:45:00Z,3.9,250.9,150.5,350,0,0,0.0,250.9,21.1
2026-03-04T22:00:00Z,10.3,208.9,125.3,292.5,0,0,0.0,208.9,-15.8
2026-03-04T22:15:00Z,18.1,195.4,117.3,273.6,0,0,0.0,195.4,17.3
2026-03-04T22:30:00Z,27.6,268.0,160.8,350,0,0,0.0,268.0,-19.2
2026-03-04T22:45:00Z,14.8,174.0,104.4,243.6,0,0,0.0,174.0,-13.1
2026-03-04T23:00:00Z,14.5,237.2,142.3,332.0,0,0,0.0,237.2,-43.3
2026-03-04T23:15:00Z,42.4,221.1,132.7,309.6,0,0,0.0,221.1,16.9
2026-03-04T23:30:00Z,47.9,199.2,119.5,278.9,0,0,0.0,199.2,4.8
2026-03-04T23:45:00Z,17.3,274.7,164.8,350,0,0,0.0,274.7,12.0
2026-03-05T00:00:00Z,40.1,189.5,113.7,265.3,0,0,0.0,189.5,-19.5
2026-03-05T00:15:00Z,0.6,195.6,117.4,273.9,0,0,0.0,195.6,-4.9
2026-03-05T00:30:00Z,33.0,160.6,96.4,224.8,0,0,0.0,160.6,20.3
2026-03-05T00:45:00Z,40.5,202.7,121.6,283.7,0,0,0.0,202.7,-9.8
2026-03-05T01:00:00Z,22.4,186.5,111.9,261.0,0,0,0.0,186.5,-28.0
2026-03-05T01:15:00Z,34.7,160.6,96.4,224.8,0,0,0.0,160.6,-12.6
2026-03-05T01:30:00Z,7.2,222.8,133.7,312.0,0,0,0.0,222.8,14.5
2026-03-05T01:45:00Z,8.6,202.3,121.4,283.2,0,0,0.0,202.3,-12.2
2026-03-05T02:00:00Z,1.1,173.3,104.0,242.7,0,0,0.0,173.3,5.0
2026-03-05T02:15:00Z,19.5,176.6,106.0,247.3,0,0,0.0,176.6,-11.1
2026-03-05T02:30:00Z,16.1,196.0,117.6,274.4,0,0,0.0,196.0,-8.4
2026-03-05T02:45:00Z,7.8,231.5,138.9,324.0,0,0,0.0,231.5,-7.1
2026-03-05T03:00:00Z,18.9,178.7,107.2,250.2,0,0,0.0,178.7,-1.2
2026-03-05T03:15:00Z,45.3,233.8,140.3,327.4,0,0,0.0,233.8,-1.9
2026-03-05T03:30:00Z,17.7,180.6,108.3,252.8,0,0,0.0,180.6,-5.0
2026-03-05T03:45:00Z,26.3,145.7,87.4,204.0,0,0,0.0,145.7,-11.0
2026-03-05T04:00:00Z,18.2,209.6,125.8,293.5,0,0,0.0,209.6,-13.8
2026-03-05T04:15:00Z,21.3,177.6,106.5,248.6,0,0,0.0,177.6,5.8
2026-03-05T04:30:00Z,3.0,200.0,120.0,280.0,0,0,0.0,200.0,1.1
2026-03-05T04:45:00Z,42.4,232.8,139.7,326.0,0,0,0.0,232.8,12.5
2026-03-05T05:00:00Z,6.1,209.7,125.8,293.6,0,0,0.0,209.7,18.5
2026-03-05T05:15:00Z,43.1,168.7,101.2,236.2,0,0,0.0,168.7,4.9
2026-03-05T05:30:00Z,23.1,201.6,121.0,282.3,0,0,0.0,201.6,-4.6
2026-03-05T05:45:00Z,4.9,218.1,130.9,305.4,0,0,0.0,218.1,-8.5
2026-03-05T06:00:00Z,39.4,248.9,149.3,348.4,0.0,0,0.0,248.9,10.5
2026-03-05T06:15:00Z,10.9,211.4,126.9,296.0,0.0,0,0.0,211.4,21.6
2026-03-05T06:30:00Z,36.6,217.2,130.3,304.1,0.0,0,0.0,217.2,1.3
2026-03-05T06:45:00Z,25.6,237.6,142.6,332.7,0.0,0,0.0,237.6,-21.9
2026-03-05T07:00:00Z,41.9,145.3,87.2,203.4,12.4,6.2,16.2,157.7,-11.1
2026-03-05T07:15:00Z,38.9,129.5,77.7,181.4,11.2,5.6,14.6,140.8,-15.4
2026-03-05T07:30:00Z,28.2,224.8,134.9,314.7,10.2,5.1,13.3,235.0,-0.9
2026-03-05T07:45:00Z,19.0,216.0,129.6,302.4,10.9,5.5,14.2,226.9,-0.6
2026-03-05T08:00:00Z,4.7,223.5,134.1,312.9,29.0,14.5,37.7,252.5,-10.3
2026-03-05T08:15:00Z,42.3,178.6,107.2,250.0,24.6,12.3,32.0,203.2,-4.8
2026-03-05T08:30:00Z,13.5,179.5,107.7,251.3,30.1,15.0,39.1,209.6,-0.3
2026-03-05T08:45:00Z,19.0,156.1,93.7,218.5,26.0,13.0,33.8,182.1,10.7
2026-03-05T09:00:00Z,24.1,235.7,141.4,329.9,48.5,24.2,63.0,284.2,5.9
2026-03-05T09:15:00Z,47.9,185.1,111.1,259.1,52.8,26.4,68.6,237.8,17.5
2026-03-05T09:30:00Z,43.0,214.4,128.6,300.2,44.2,22.1,57.5,258.6,0.6
2026-03-05T09:45:00Z,5.2,194.9,116.9,272.8,58.9,29.5,76.6,253.8,-17.0
2026-03-05T10:00:00Z,10.8,157.9,94.7,221.0,71.3,35.6,92.6,229.1,-4.3
2026-03-05T10:15:00Z,3.4,179.2,107.5,250.8,61.4,30.7,79.9,240.6,9.0
2026-03-05T10:30:00Z,1.5,198.9,119.3,278.4,59.7,29.8,77.6,258.6,-16.1
2026-03-05T10:45:00Z,13.1,156.9,94.1,219.6,74.8,37.4,97.3,231.7,-10.5
2026-03-05T11:00:00Z,21.4,230.0,138.0,322.0,92.8,46.4,120,322.8,-5.9
2026-03-05T11:15:00Z,2.6,193.8,116.3,271.3,72.9,36.4,94.7,266.6,7.3
2026-03-05T11:30:00Z,39.7,211.8,127.1,296.6,86.5,43.3,112.5,298.4,-16.4
2026-03-05T11:45:00Z,39.1,190.8,114.5,267.1,82.1,41.1,106.8,273.0,6.9
2026-03-05T12:00:00Z,39.1,177.4,106.4,248.3,87.1,43.6,113.3,264.5,10.8
2026-03-05T12:15:00Z,26.3,199.4,119.7,279.2,87.4,43.7,113.6,286.8,9.8
2026-03-05T12:30:00Z,40.2,181.5,108.9,254.1,87.8,43.9,114.2,269.4,13.4
2026-03-05T12:45:00Z,26.6,131.5,78.9,184.2,95.3,47.7,120,226.9,-2.3
2026-03-05T13:00:00Z,4.9,180.4,108.2,252.6,89.6,44.8,116.5,270.0,14.7
2026-03-05T13:15:00Z,47.5,189.7,113.8,265.6,96.0,48.0,120,285.7,20.8
2026-03-05T13:30:00Z,30.1,167.7,100.6,234.8,88.4,44.2,115.0,256.2,-11.9
2026-03-05T13:45:00Z,1.0,181.9,109.2,254.7,111.1,55.5,120,293.0,3.9
2026-03-05T14:00:00Z,1.2,158.2,94.9,221.4,82.2,41.1,106.8,240.4,-20.5
2026-03-05T14:15:00Z,32.1,188.3,113.0,263.6,92.5,46.3,120,280.8,7.5
2026-03-05T14:30:00Z,24.3,212.8,127.7,297.9,107.6,53.8,120,320.4,13.9
2026-03-05T14:45:00Z,1.3,183.3,110.0,256.6,82.5,41.2,107.2,265.7,-26.9
2026-03-05T15:00:00Z,29.6,135.8,81.5,190.2,72.1,36.0,93.7,207.9,-10.2
2026-03-05T15:15:00Z,9.3,154.0,92.4,215.6,92.9,46.4,120,246.9,1.3
2026-03-05T15:30:00Z,34.5,208.1,124.8,291.3,89.7,44.8,116.5,297.7,-14.7
2026-03-05T15:45:00Z,24.9,162.0,97.2,226.7,85.5,42.8,111.2,247.5,-4.4
2026-03-05T16:00:00Z,4.1,170.7,102.4,239.0,66.0,33.0,85.8,236.7,8.3
2026-03-05T16:15:00Z,32.4,170.6,102.4,238.8,62.1,31.1,80.8,232.7,-15.7
2026-03-05T16:30:00Z,33.3,135.0,81.0,189.0,62.6,31.3,81.3,197.5,5.8
2026-03-05T16:45:00Z,34.7,129.9,77.9,181.9,64.8,32.4,84.3,194.7,2.7
2026-03-05T17:00:00Z,16.1,156.9,94.1,219.6,57.1,28.5,74.2,214.0,25.4
2026-03-05T17:15:00Z,36.5,216.1,129.7,302.5,50.2,25.1,65.2,266.3,-1.0
2026-03-05T17:30:00Z,1.6,174.7,104.8,244.5,57.0,28.5,74.1,231.7,-0.2
2026-03-05T17:45:00Z,24.6,156.2,93.7,218.7,47.8,23.9,62.2,204.0,5.2
2026-03-05T18:00:00Z,1.8,213.1,127.9,298.3,32.6,16.3,42.4,245.7,41.5
2026-03-05T18:15:00Z,7.3,176.6,106.0,247.2,32.6,16.3,42.4,209.2,-3.9
2026-03-05T18:30:00Z,18.9,151.4,90.8,212.0,25.4,12.7,33.0,176.8,-13.1
2026-03-05T18:45:00Z,18.6,164.5,98.7,230.3,30.4,15.2,39.6,195.0,20.9
2026-03-05T19:00:00Z,36.8,191.3,114.8,267.9,9.5,4.7,12.3,200.8,10.3
2026-03-05T19:15:00Z,18.4,144.8,86.9,202.7,12.0,6.0,15.5,156.7,4.5
2026-03-05T19:30:00Z,31.8,178.0,106.8,249.1,9.0,4.5,11.7,186.9,-3.7
2026-03-05T19:45:00Z,26.5,155.6,93.4,217.9,9.9,5.0,12.9,165.6,3.8
2026-03-05T20:00:00Z,42.8,160.0,96.0,224.0,0.0,0.0,0.0,160.0,0.2
2026-03-05T20:15:00Z,19.5,141.9,85.1,198.6,0.0,0.0,0.0,141.9,-5.9
2026-03-05T20:30:00Z,11.6,183.0,109.8,256.1,0.0,0.0,0.0,183.0,-14.6
2026-03-05T20:45:00Z,0.3,154.8,92.9,216.7,0.0,0.0,0.0,154.8,-11.7
2026-03-05T21:00:00Z,28.5,189.4,113.6,265.1,0,0,0.0,189.4,9.3
2026-03-05T21:15:00Z,4.0,188.5,113.1,263.9,0,0,0.0,188.5,-22.9
2026-03-05T21:30:00Z,2.1,165.4,99.2,231.6,0,0,0.0,165.4,14.2
2026-03-05T21:45:00Z,34.0,207.4,124.5,290.4,0,0,0.0,207.4,11.2
2026-03-05T22:00:00Z,9.2,199.9,120.0,279.9,0,0,0.0,199.9,-1.2
2026-03-05T22:15:00Z,41.4,197.1,118.3,275.9,0,0,0.0,197.1,-10.7
2026-03-05T22:30:00Z,42.9,172.6,103.6,241.6,0,0,0.0,172.6,19.5
2026-03-05T22:45:00Z,11.0,148.3,89.0,207.6,0,0,0.0,148.3,-5.3
2026-03-05T23:00:00Z,19.3,207.7,124.6,290.8,0,0,0.0,207.7,18.2
2026-03-05T23:15:00Z,38.7,211.2,126.7,295.6,0,0,0.0,211.2,19.4
2026-03-05T23:30:00Z,24.3,188.7,113.2,264.1,0,0,0.0,188.7,15.7
2026-03-05T23:45:00Z,34.3,204.3,122.6,286.0,0,0,0.0,204.3,9.0
2026-03-06T00:00:00Z,16.9,223.3,134.0,312.6,0,0,0.0,223.3,14.7
2026-03-06T00:15:00Z,12.8,196.1,117.7,274.6,0,0,0.0,196.1,16.9
2026-03-06T00:30:00Z,46.9,244.4,146.7,342.2,0,0,0.0,244.4,-15.8
2026-03-06T00:45:00Z,2.3,192.0,115.2,268.8,0,0,0.0,192.0,2.8
2026-03-06T01:00:00Z,39.3,207.7,124.6,290.8,0,0,0.0,207.7,-17.6
2026-03-06T01:15:00Z,45.5,254.6,152.8,350,0,0,0.0,254.6,-0.8
2026-03-06T01:30:00Z,7.6,238.1,142.8,333.3,0,0,0.0,238.1,7.0
2026-03-06T01:45:00Z,16.0,207.4,124.4,290.3,0,0,0.0,207.4,16.6
2026-03-06T02:00:00Z,21.6,239.2,143.5,334.9,0,0,0.0,239.2,-9.9
2026-03-06T02:15:00Z,4.7,238.3,143.0,333.7,0,0,0.0,238.3,-4.9
2026-03-06T02:30:00Z,15.3,261.1,156.7,350,0,0,0.0,261.1,18.2
2026-03-06T02:45:00Z,34.5,243.4,146.1,340.8,0,0,0.0,243.4,-5.1
2026-03-06T03:00:00Z,46.5,218.5,131.1,305.8,0,0,0.0,218.5,-6.2
2026-03-06T03:15:00Z,21.7,241.2,144.7,337.6,0,0,0.0,241.2,1.8
2026-03-06T03:30:00Z,22.1,302.5,181.5,350,0,0,0.0,302.5,14.0
2026-03-06T03:45:00Z,26.7,275.1,165.1,350,0,0,0.0,275.1,-1.7
2026-03-06T04:00:00Z,22.3,232.6,139.6,325.7,0,0,0.0,232.6,-4.2
2026-03-06T04:15:00Z,4.5,300.0,180.0,350,0,0,0.0,300.0,0.0
2026-03-06T04:30:00Z,33.7,256.6,153.9,350,0,0,0.0,256.6,8.2
2026-03-06T04:45:00Z,0.4,227.1,136.2,317.9,0,0,0.0,227.1,-6.1
2026-03-06T05:00:00Z,8.1,255.0,153.0,350,0,0,0.0,255.0,-4.0
2026-03-06T05:15:00Z,4.0,266.6,159.9,350,0,0,0.0,266.6,2.0
2026-03-06T05:30:00Z,43.9,232.7,139.6,325.8,0,0,0.0,232.7,2.9
2026-03-06T05:45:00Z,21.5,231.3,138.8,323.8,0,0,0.0,231.3,-29.5
2026-03-06T06:00:00Z,35.4,247.4,148.5,346.4,0.0,0,0.0,247.4,-17.4
2026-03-06T06:15:00Z,2.1,258.4,155.1,350,0.0,0,0.0,258.4,5.6
2026-03-06T06:30:00Z,3.9,234.4,140.6,328.1,0.0,0,0.0,234.4,-3.8
2026-03-06T06:45:00Z,13.8,253.2,151.9,350,0.0,0,0.0,253.2,6.4
2026-03-06T07:00:00Z,14.5,234.0,140.4,327.6,11.8,5.9,15.3,245.8,-4.1
2026-03-06T07:15:00Z,46.8,216.4,129.8,302.9,9.0,4.5,11.8,225.4,2.5
2026-03-06T07:30:00Z,36.0,200.6,120.4,280.8,11.3,5.6,14.7,211.9,2.3
2026-03-06T07:45:00Z,30.1,270.0,162.0,350,11.7,5.9,15.3,281.7,19.7
2026-03-06T08:00:00Z,28.0,267.4,160.5,350,30.5,15.2,39.6,297.9,-17.2
2026-03-06T08:15:00Z,18.1,256.7,154.0,350,24.5,12.3,31.9,281.2,-1.9
2026-03-06T08:30:00Z,35.4,254.6,152.8,350,30.9,15.4,40.2,285.5,-18.1
2026-03-06T08:45:00Z,19.0,261.7,157.0,350,25.2,12.6,32.8,286.9,-6.6
2026-03-06T09:00:00Z,25.9,242.6,145.5,339.6,46.7,23.4,60.8,289.3,-7.8
2026-03-06T09:15:00Z,41.5,240.0,144.0,336.0,49.1,24.6,63.8,289.1,-20.0
2026-03-06T09:30:00Z,25.1,233.1,139.8,326.3,53.3,26.6,69.3,286.3,37.8
2026-03-06T09:45:00Z,44.3,218.9,131.3,306.4,57.9,29.0,75.3,276.8,-15.8
2026-03-06T10:00:00Z,32.1,245.0,147.0,343.0,62.5,31.3,81.3,307.5,8.9
2026-03-06T10:15:00Z,20.3,251.1,150.7,350,72.5,36.2,94.2,323.6,-19.9
2026-03-06T10:30:00Z,45.8,272.3,163.4,350,60.7,30.3,78.9,333.0,13.4
2026-03-06T10:45:00Z,16.1,192.0,115.2,268.8,58.2,29.1,75.6,250.2,-16.0
2026-03-06T11:00:00Z,36.1,204.8,122.9,286.7,92.6,46.3,120,297.4,4.6
2026-03-06T11:15:00Z,21.7,271.9,163.2,350,89.2,44.6,115.9,361.1,2.9
2026-03-06T11:30:00Z,14.9,192.0,115.2,268.8,88.8,44.4,115.4,280.8,17.0
2026-03-06T11:45:00Z,6.8,175.1,105.1,245.2,92.9,46.5,120,268.1,12.9
2026-03-06T12:00:00Z,16.0,220.8,132.5,309.1,91.6,45.8,119.0,312.4,-15.6
2026-03-06T12:15:00Z,31.5,189.9,114.0,265.9,105.7,52.8,120,295.6,15.0
2026-03-06T12:30:00Z,43.0,245.9,147.6,344.3,87.1,43.5,113.2,333.0,6.9
2026-03-06T12:45:00Z,14.4,200.2,120.1,280.3,107.9,54.0,120,308.1,2.0
2026-03-06T13:00:00Z,40.0,230.8,138.5,323.1,108.9,54.4,120,339.7,22.6
2026-03-06T13:15:00Z,47.2,227.7,136.6,318.7,95.3,47.6,120,322.9,4.1
2026-03-06T13:30:00Z,39.8,210.3,126.2,294.5,100.3,50.1,120,310.6,3.2
2026-03-06T13:45:00Z,11.3,243.0,145.8,340.1,100.6,50.3,120,343.6,13.1
2026-03-06T14:00:00Z,44.2,225.9,135.5,316.2,93.4,46.7,120,319.3,18.3
2026-03-06T14:15:00Z,45.2,191.2,114.7,267.7,103.3,51.7,120,294.5,-28.0
2026-03-06T14:30:00Z,47.8,231.7,139.0,324.4,103.1,51.5,120,334.8,13.8
2026-03-06T14:45:00Z,6.2,162.9,97.7,228.1,100.9,50.5,120,263.9,27.1
2026-03-06T15:00:00Z,5.5,161.4,96.9,226.0,93.2,46.6,120,254.7,1.6
2026-03-06T15:15:00Z,36.5,181.3,108.8,253.8,94.8,47.4,120,276.0,2.1
2026-03-06T15:30:00Z,16.8,258.6,155.2,350,97.1,48.5,120,355.7,14.7
2026-03-06T15:45:00Z,9.8,232.7,139.6,325.8,99.0,49.5,120,331.8,-1.4
2026-03-06T16:00:00Z,1.6,223.1,133.8,312.3,60.0,30.0,78.1,283.1,-0.1
2026-03-06T16:15:00Z,38.2,214.4,128.6,300.1,64.7,32.4,84.1,279.1,-15.6
2026-03-06T16:30:00Z,37.1,182.6,109.6,255.7,63.9,32.0,83.1,246.6,-3.9
2026-03-06T16:45:00Z,36.5,257.3,154.4,350,69.4,34.7,90.3,326.8,-13.1
2026-03-06T17:00:00Z,16.7,205.5,123.3,287.8,49.1,24.5,63.8,254.6,2.7
2026-03-06T17:15:00Z,36.7,226.5,135.9,317.1,56.3,28.1,73.2,282.8,-15.2
2026-03-06T17:30:00Z,21.3,185.3,111.2,259.4,49.1,24.6,63.9,234.4,-26.7
2026-03-06T17:45:00Z,5.3,241.5,144.9,338.1,41.4,20.7,53.8,282.9,-9.9
2026-03-06T18:00:00Z,6.7,220.0,132.0,308.0,33.1,16.6,43.1,253.1,8.4
2026-03-06T18:15:00Z,36.0,211.9,127.1,296.6,25.5,12.7,33.1,237.3,-4.6
2026-03-06T18:30:00Z,29.7,205.5,123.3,287.7,34.1,17.0,44.3,239.6,8.0
2026-03-06T18:45:00Z,25.9,224.8,134.9,314.8,29.7,14.9,38.6,254.5,1.0
2026-03-06T19:00:00Z,11.6,220.1,132.1,308.2,12.4,6.2,16.2,232.6,-13.3
2026-03-06T19:15:00Z,22.1,208.1,124.8,291.3,9.6,4.8,12.5,217.7,-23.5
2026-03-06T19:30:00Z,20.1,198.5,119.1,277.9,11.4,5.7,14.8,209.9,-0.3
2026-03-06T19:45:00Z,0.9,240.1,144.0,336.1,9.5,4.8,12.4,249.6,20.7
2026-03-06T20:00:00Z,2.8,237.1,142.2,331.9,0.0,0.0,0.0,237.1,27.6
2026-03-06T20:15:00Z,1.5,177.8,106.7,249.0,0.0,0.0,0.0,177.8,17.6
2026-03-06T20:30:00Z,10.3,204.3,122.6,286.0,0.0,0.0,0.0,204.3,-1.0
2026-03-06T20:45:00Z,27.0,218.4,131.1,305.8,0.0,0.0,0.0,218.4,-4.8
2026-03-06T21:00:00Z,27.4,177.1,106.3,248.0,0,0,0.0,177.1,6.3
2026-03-06T21:15:00Z,2.8,180.8,108.5,253.1,0,0,0.0,180.8,6.8
2026-03-06T21:30:00Z,10.3,240.0,144.0,336.1,0,0,0.0,240.0,-0.5
2026-03-06T21:45:00Z,13.7,212.3,127.4,297.3,0,0,0.0,212.3,-5.9
2026-03-06T22:00:00Z,16.0,289.8,173.9,350,0,0,0.0,289.8,-13.6
2026-03-06T22:15:00Z,14.9,250.4,150.2,350,0,0,0.0,250.4,-23.1
2026-03-06T22:30:00Z,40.6,212.6,127.6,297.7,0,0,0.0,212.6,7.2
2026-03-06T22:45:00Z,42.8,291.8,175.1,350,0,0,0.0,291.8,-18.2
2026-03-06T23:00:00Z,1.0,247.0,148.2,345.8,0,0,0.0,247.0,-28.8
2026-03-06T23:15:00Z,11.9,224.8,134.9,314.7,0,0,0.0,224.8,-27.5
2026-03-06T23:30:00Z,21.1,272.4,163.4,350,0,0,0.0,272.4,-3.1
2026-03-06T23:45:00Z,14.5,260.0,156.0,350,0,0,0.0,260.0,-8.7
2026-03-07T00:00:00Z,21.5,301.5,180.9,350,0,0,0.0,301.5,-8.6
2026-03-07T00:15:00Z,22.6,278.5,167.1,350,0,0,0.0,278.5,1.2
2026-03-07T00:30:00Z,47.1,211.2,126.7,295.7,0,0,0.0,211.2,6.2
2026-03-07T00:45:00Z,7.6,284.7,170.8,350,0,0,0.0,284.7,16.6
2026-03-07T01:00:00Z,19.6,221.8,133.1,310.6,0,0,0.0,221.8,29.8
2026-03-07T01:15:00Z,3.3,202.2,121.3,283.1,0,0,0.0,202.2,-26.7
2026-03-07T01:30:00Z,18.4,267.3,160.4,350,0,0,0.0,267.3,-16.5
2026-03-07T01:45:00Z,25.5,276.4,165.8,350,0,0,0.0,276.4,15.9
2026-03-07T02:00:00Z,24.8,186.7,112.0,261.4,0,0,0.0,186.7,-13.9
2026-03-07T02:15:00Z,37.1,289.3,173.6,350,0,0,0.0,289.3,-0.9
2026-03-07T02:30:00Z,16.7,216.5,129.9,303.1,0,0,0.0,216.5,-12.8
2026-03-07T02:45:00Z,5.7,222.3,133.4,311.2,0,0,0.0,222.3,6.6
2026-03-07T03:00:00Z,37.5,253.9,152.3,350,0,0,0.0,253.9,-21.5
2026-03-07T03:15:00Z,37.9,225.7,135.4,316.0,0,0,0.0,225.7,39.3
2026-03-07T03:30:00Z,17.0,287.1,172.3,350,0,0,0.0,287.1,-19.2
2026-03-07T03:45:00Z,26.3,260.4,156.2,350,0,0,0.0,260.4,-3.1
2026-03-07T04:00:00Z,15.8,219.9,132.0,307.9,0,0,0.0,219.9,-20.8
2026-03-07T04:15:00Z,46.9,253.8,152.3,350,0,0,0.0,253.8,-4.8
2026-03-07T04:30:00Z,24.4,233.5,140.1,327.0,0,0,0.0,233.5,-10.4
2026-03-07T04:45:00Z,34.0,272.2,163.3,350,0,0,0.0,272.2,-15.8
2026-03-07T05:00:00Z,19.6,228.9,137.3,320.4,0,0,0.0,228.9,-18.1
2026-03-07T05:15:00Z,22.8,220.1,132.0,308.1,0,0,0.0,220.1,6.1
2026-03-07T05:30:00Z,25.7,222.5,133.5,311.4,0,0,0.0,222.5,22.3
2026-03-07T05:45:00Z,3.7,282.1,169.3,350,0,0,0.0,282.1,17.5
2026-03-07T06:00:00Z,27.4,250.6,150.4,350,0.0,0,0.0,250.6,-5.9
2026-03-07T06:15:00Z,31.3,277.4,166.4,350,0.0,0,0.0,277.4,-8.5
2026-03-07T06:30:00Z,36.9,267.3,160.4,350,0.0,0,0.0,267.3,9.1
2026-03-07T06:45:00Z,36.7,270.9,162.5,350,0.0,0,0.0,270.9,-14.2
2026-03-07T07:00:00Z,1.5,244.5,146.7,342.3,12.1,6.1,15.8,256.6,-19.6
2026-03-07T07:15:00Z,33.1,254.3,152.6,350,9.1,4.6,11.9,263.5,0.3
2026-03-07T07:30:00Z,26.9,231.0,138.6,323.4,12.4,6.2,16.2,243.4,-23.1
2026-03-07T07:45:00Z,40.5,283.7,170.2,350,9.3,4.6,12.0,293.0,14.3
2026-03-07T08:00:00Z,15.9,288.2,172.9,350,32.6,16.3,42.4,320.9,10.4
2026-03-07T08:15:00Z,6.1,276.6,166.0,350,32.0,16.0,41.5,308.6,9.7
2026-03-07T08:30:00Z,14.7,264.5,158.7,350,33.4,16.7,43.4,297.8,-9.7
2026-03-07T08:45:00Z,20.2,302.6,181.6,350,30.1,15.0,39.1,332.7,10.1
2026-03-07T09:00:00Z,14.3,257.9,154.8,350,42.1,21.1,54.8,300.1,-7.6
2026-03-07T09:15:00Z,11.5,248.7,149.2,348.1,55.4,27.7,72.0,304.0,-3.2
2026-03-07T09:30:00Z,1.2,248.4,149.1,347.8,43.5,21.8,56.6,292.0,-3.3
2026-03-07T09:45:00Z,44.7,241.3,144.8,337.8,58.2,29.1,75.7,299.5,-3.3
2026-03-07T10:00:00Z,26.5,284.2,170.5,350,70.1,35.0,91.1,354.3,0.5
2026-03-07T10:15:00Z,40.0,238.2,142.9,333.5,60.7,30.4,79.0,299.0,-13.9
2026-03-07T10:30:00Z,43.8,258.2,154.9,350,61.7,30.8,80.2,319.9,-11.0
2026-03-07T10:45:00Z,24.5,226.4,135.8,316.9,62.8,31.4,81.6,289.1,-3.8
2026-03-07T11:00:00Z,6.7,223.6,134.1,313.0,91.5,45.8,119.0,315.1,-2.6
2026-03-07T11:15:00Z,41.3,263.1,157.8,350,90.2,45.1,117.3,353.3,30.9
2026-03-07T11:30:00Z,40.4,283.4,170.0,350,94.9,47.5,120,378.3,20.4
2026-03-07T11:45:00Z,13.1,253.6,152.2,350,73.3,36.7,95.3,326.9,3.0
2026-03-07T12:00:00Z,31.8,230.6,138.4,322.8,85.1,42.5,110.6,315.7,5.4
2026-03-07T12:15:00Z,7.2,278.1,166.8,350,82.7,41.4,107.6,360.8,8.2
2026-03-07T12:30:00Z,28.3,188.7,113.2,264.2,113.0,56.5,120,301.7,-5.5
2026-03-07T12:45:00Z,18.2,243.9,146.4,341.5,83.2,41.6,108.2,327.2,-8.4
2026-03-07T13:00:00Z,16.9,223.6,134.1,313.0,111.6,55.8,120,335.2,1.6
2026-03-07T13:15:00Z,29.8,208.5,125.1,291.9,116.7,58.4,120,325.2,26.6
2026-03-07T13:30:00Z,26.8,271.6,163.0,350,96.1,48.1,120,367.8,-19.9
2026-03-07T13:45:00Z,6.7,228.1,136.8,319.3,117.1,58.6,120,345.2,-11.2
2026-03-07T14:00:00Z,27.1,192.4,115.4,269.4,94.6,47.3,120,287.0,-18.1
2026-03-07T14:15:00Z,21.1,231.2,138.7,323.7,106.3,53.2,120,337.5,11.0
2026-03-07T14:30:00Z,12.8,219.8,131.9,307.8,89.3,44.6,116.0,309.1,-8.4
2026-03-07T14:45:00Z,42.2,273.5,164.1,350,99.4,49.7,120,372.8,3.8
2026-03-07T15:00:00Z,6.0,269.9,161.9,350,77.0,38.5,100.1,346.8,1.5
2026-03-07T15:15:00Z,37.6,249.7,149.8,349.5,98.2,49.1,120,347.9,-27.9
2026-03-07T15:30:00Z,5.3,223.7,134.2,313.2,75.3,37.7,97.9,299.1,6.2
2026-03-07T15:45:00Z,43.4,192.9,115.7,270.0,95.4,47.7,120,288.3,18.9
2026-03-07T16:00:00Z,14.8,247.6,148.6,346.7,78.2,39.1,101.7,325.9,-9.5
2026-03-07T16:15:00Z,42.7,229.2,137.5,320.9,75.6,37.8,98.2,304.8,-27.4
2026-03-07T16:30:00Z,32.2,227.4,136.5,318.4,81.8,40.9,106.3,309.2,22.8
2026-03-07T16:45:00Z,6.4,183.9,110.3,257.5,67.5,33.7,87.7,251.4,-1.8
2026-03-07T17:00:00Z,40.7,196.2,117.7,274.7,56.9,28.5,74.0,253.1,-1.7
2026-03-07T17:15:00Z,3.4,253.8,152.3,350,48.7,24.4,63.3,302.5,11.2
2026-03-07T17:30:00Z,23.7,218.0,130.8,305.2,50.7,25.3,65.8,268.6,-5.4
2026-03-07T17:45:00Z,22.1,237.3,142.4,332.2,46.6,23.3,60.6,284.0,-7.7
2026-03-07T18:00:00Z,40.2,255.8,153.5,350,28.2,14.1,36.7,284.1,-12.0
2026-03-07T18:15:00Z,9.6,232.3,139.4,325.2,28.4,14.2,36.9,260.7,-13.8
2026-03-07T18:30:00Z,22.2,256.1,153.6,350,32.7,16.3,42.5,288.7,-10.5
2026-03-07T18:45:00Z,13.8,243.0,145.8,340.2,30.2,15.1,39.3,273.3,15.8
2026-03-07T19:00:00Z,30.1,211.9,127.2,296.7,10.3,5.2,13.4,222.3,2.3
2026-03-07T19:15:00Z,23.9,218.8,131.3,306.3,10.3,5.1,13.4,229.1,-9.8
2026-03-07T19:30:00Z,18.3,218.8,131.3,306.3,10.7,5.3,13.9,229.4,-11.1
2026-03-07T19:45:00Z,40.9,217.2,130.3,304.1,12.3,6.2,16.0,229.6,4.7
2026-03-07T20:00:00Z,36.5,236.4,141.9,331.0,0.0,0.0,0.0,236.4,-3.1
2026-03-07T20:15:00Z,10.2,218.2,130.9,305.4,0.0,0.0,0.0,218.2,5.9
2026-03-07T20:30:00Z,16.4,212.6,127.6,297.7,0.0,0.0,0.0,212.6,5.0
2026-03-07T20:45:00Z,11.3,252.3,151.4,350,0.0,0.0,0.0,252.3,-15.6
2026-03-07T21:00:00Z,9.8,224.9,135.0,314.9,0,0,0.0,224.9,-20.6
2026-03-07T21:15:00Z,7.3,230.9,138.5,323.2,0,0,0.0,230.9,-5.9
2026-03-07T21:30:00Z,19.9,258.7,155.2,350,0,0,0.0,258.7,1.2
2026-03-07T21:45:00Z,16.1,235.9,141.5,330.2,0,0,0.0,235.9,-3.2
2026-03-07T22:00:00Z,11.9,223.5,134.1,313.0,0,0,0.0,223.5,-13.6
2026-03-07T22:15:00Z,11.8,220.4,132.3,308.6,0,0,0.0,220.4,24.8
2026-03-07T22:30:00Z,13.0,260.1,156.1,350,0,0,0.0,260.1,-12.5
2026-03-07T22:45:00Z,36.6,262.5,157.5,350,0,0,0.0,262.5,-17.4
2026-03-07T23:00:00Z,8.5,234.5,140.7,328.3,0,0,0.0,234.5,17.0
2026-03-07T23:15:00Z,5.2,247.2,148.3,346.1,0,0,0.0,247.2,-13.9
2026-03-07T23:30:00Z,3.9,197.0,118.2,275.9,0,0,0.0,197.0,-7.4
2026-03-07T23:45:00Z,43.8,243.6,146.1,341.0,0,0,0.0,243.6,19.3
2026-03-08T00:00:00Z,39.2,248.4,149.0,347.7,0,0,0.0,248.4,-6.1
2026-03-08T00:15:00Z,46.8,256.4,153.8,350,0,0,0.0,256.4,18.5
2026-03-08T00:30:00Z,9.1,237.1,142.2,331.9,0,0,0.0,237.1,-9.4
2026-03-08T00:45:00Z,22.4,221.4,132.8,309.9,0,0,0.0,221.4,-3.9
2026-03-08T01:00:00Z,23.3,237.3,142.4,332.2,0,0,0.0,237.3,-20.0
2026-03-08T01:15:00Z,41.9,252.8,151.7,350,0,0,0.0,252.8,9.5
2026-03-08T01:30:00Z,4.8,241.3,144.8,337.9,0,0,0.0,241.3,12.4
2026-03-08T01:45:00Z,46.6,252.5,151.5,350,0,0,0.0,252.5,-10.1
2026-03-08T02:00:00Z,27.1,257.6,154.5,350,0,0,0.0,257.6,43.1
2026-03-08T02:15:00Z,44.8,248.1,148.9,347.3,0,0,0.0,248.1,-22.5
2026-03-08T02:30:00Z,37.9,238.3,143.0,333.6,0,0,0.0,238.3,19.0
2026-03-08T02:45:00Z,45.9,311.9,187.2,350,0,0,0.0,311.9,13.9
2026-03-08T03:00:00Z,28.8,284.2,170.5,350,0,0,0.0,284.2,26.8
2026-03-08T03:15:00Z,0.5,249.3,149.6,349.0,0,0,0.0,249.3,-0.4
2026-03-08T03:30:00Z,18.7,204.8,122.9,286.7,0,0,0.0,204.8,-1.9
2026-03-08T03:45:00Z,16.6,252.6,151.6,350,0,0,0.0,252.6,-15.4
2026-03-08T04:00:00Z,20.9,262.2,157.3,350,0,0,0.0,262.2,4.0
2026-03-08T04:15:00Z,41.8,250.1,150.1,350,0,0,0.0,250.1,25.9
2026-03-08T04:30:00Z,24.9,259.0,155.4,350,0,0,0.0,259.0,18.1
2026-03-08T04:45:00Z,19.7,215.0,129.0,301.0,0,0,0.0,215.0,9.2
2026-03-08T05:00:00Z,20.2,298.7,179.2,350,0,0,0.0,298.7,-28.8
2026-03-08T05:15:00Z,29.5,274.5,164.7,350,0,0,0.0,274.5,-5.0
2026-03-08T05:30:00Z,10.5,266.0,159.6,350,0,0,0.0,266.0,10.2
2026-03-08T05:45:00Z,44.2,230.3,138.2,322.4,0,0,0.0,230.3,17.7
2026-03-08T06:00:00Z,40.0,244.3,146.6,342.0,0.0,0,0.0,244.3,10.3
2026-03-08T06:15:00Z,17.4,281.7,169.0,350,0.0,0,0.0,281.7,-28.8
2026-03-08T06:30:00Z,2.5,276.6,166.0,350,0.0,0,0.0,276.6,-0.7
2026-03-08T06:45:00Z,7.5,263.8,158.3,350,0.0,0,0.0,263.8,9.9
2026-03-08T07:00:00Z,22.7,239.4,143.6,335.1,12.4,6.2,16.1,251.7,-8.5
2026-03-08T07:15:00Z,31.8,307.5,184.5,350,9.3,4.6,12.1,316.8,-1.5
2026-03-08T07:30:00Z,1.9,214.4,128.6,300.2,10.7,5.3,13.9,225.1,-20.5
2026-03-08T07:45:00Z,47.8,228.0,136.8,319.3,10.7,5.4,13.9,238.8,3.5
2026-03-08T08:00:00Z,31.6,230.0,138.0,322.0,26.7,13.3,34.7,256.6,-11.6
2026-03-08T08:15:00Z,4.9,273.7,164.2,350,29.5,14.7,38.3,303.2,-9.6
2026-03-08T08:30:00Z,5.2,288.3,173.0,350,24.9,12.5,32.4,313.2,-4.3
2026-03-08T08:45:00Z,25.7,249.9,149.9,349.9,27.3,13.6,35.4,277.2,14.6
2026-03-08T09:00:00Z,12.3,246.4,147.8,345.0,51.7,25.9,67.2,298.1,-8.4
2026-03-08T09:15:00Z,25.9,241.3,144.8,337.8,57.6,28.8,74.9,298.9,-28.0
2026-03-08T09:30:00Z,22.8,225.8,135.5,316.2,57.7,28.9,75.1,283.6,9.2
2026-03-08T09:45:00Z,32.7,264.3,158.6,350,46.7,23.3,60.7,311.0,-12.7
2026-03-08T10:00:00Z,5.9,232.5,139.5,325.5,70.6,35.3,91.8,303.1,20.6
2026-03-08T10:15:00Z,43.0,267.6,160.5,350,77.4,38.7,100.7,345.0,15.5
2026-03-08T10:30:00Z,11.0,262.7,157.6,350,61.8,30.9,80.3,324.5,-15.2
2026-03-08T10:45:00Z,25.8,270.2,162.1,350,58.1,29.1,75.6,328.4,-11.0
2026-03-08T11:00:00Z,44.1,247.3,148.4,346.2,101.6,50.8,120,348.9,16.5
2026-03-08T11:15:00Z,2.2,206.4,123.8,288.9,87.2,43.6,113.4,293.6,0.6
2026-03-08T11:30:00Z,37.7,225.4,135.2,315.5,94.0,47.0,120,319.4,-6.8
2026-03-08T11:45:00Z,23.0,253.7,152.2,350,82.0,41.0,106.5,335.6,15.2
2026-03-08T12:00:00Z,22.1,246.6,148.0,345.2,97.1,48.6,120,343.7,0.1
2026-03-08T12:15:00Z,24.6,212.2,127.3,297.1,82.3,41.1,106.9,294.5,-11.3
2026-03-08T12:30:00Z,35.6,230.6,138.4,322.9,92.1,46.0,119.7,322.7,-11.1
2026-03-08T12:45:00Z,1.3,199.8,119.9,279.7,84.0,42.0,109.2,283.8,-5.8
2026-03-08T13:00:00Z,20.6,227.9,136.7,319.1,101.0,50.5,120,328.9,-21.9
2026-03-08T13:15:00Z,4.0,228.2,136.9,319.4,98.3,49.2,120,326.5,-3.0
2026-03-08T13:30:00Z,2.9,215.4,129.2,301.5,96.7,48.4,120,312.1,-11.5
2026-03-08T13:45:00Z,9.1,227.1,136.3,318.0,108.1,54.1,120,335.2,12.7
2026-03-08T14:00:00Z,45.9,247.4,148.4,346.4,115.5,57.7,120,362.9,8.9
2026-03-08T14:15:00Z,21.9,230.4,138.2,322.5,87.3,43.6,113.5,317.7,8.1
2026-03-08T14:30:00Z,23.6,216.2,129.7,302.7,96.0,48.0,120,312.3,12.4
2026-03-08T14:45:00Z,3.9,235.1,141.1,329.2,112.1,56.1,120,347.3,6.5
2026-03-08T15:00:00Z,43.4,279.2,167.5,350,97.6,48.8,120,376.8,-0.9
2026-03-08T15:15:00Z,32.5,190.3,114.2,266.5,77.7,38.9,101.0,268.1,-17.4
2026-03-08T15:30:00Z,1.1,218.2,130.9,305.5,88.2,44.1,114.7,306.4,13.0
2026-03-08T15:45:00Z,34.0,225.6,135.3,315.8,85.2,42.6,110.7,310.7,7.6
2026-03-08T16:00:00Z,9.5,167.8,100.7,234.9,82.9,41.4,107.7,250.7,-13.3
2026-03-08T16:15:00Z,30.9,255.9,153.6,350,79.5,39.8,103.4,335.5,4.4
2026-03-08T16:30:00Z,42.2,204.3,122.6,286.1,81.6,40.8,106.1,285.9,-2.4
2026-03-08T16:45:00Z,14.5,198.5,119.1,277.9,77.6,38.8,100.8,276.1,-1.7
2026-03-08T17:00:00Z,26.3,192.5,115.5,269.6,57.3,28.6,74.4,249.8,12.4
2026-03-08T17:15:00Z,37.6,200.7,120.4,281.0,56.6,28.3,73.6,257.3,-10.4
2026-03-08T17:30:00Z,22.2,232.9,139.7,326.0,55.9,27.9,72.6,288.7,-15.7
2026-03-08T17:45:00Z,24.0,215.2,129.1,301.2,58.7,29.3,76.3,273.9,5.4
2026-03-08T18:00:00Z,13.8,237.8,142.7,332.9,31.5,15.8,41.0,269.3,8.7
2026-03-08T18:15:00Z,37.6,225.0,135.0,315.1,29.5,14.8,38.4,254.6,-4.6
2026-03-08T18:30:00Z,10.3,223.8,134.3,313.4,32.1,16.1,41.8,256.0,17.4
2026-03-08T18:45:00Z,20.6,214.3,128.6,300.0,27.6,13.8,35.9,241.9,-3.3
2026-03-08T19:00:00Z,41.8,244.4,146.7,342.2,9.6,4.8,12.5,254.1,-1.2
2026-03-08T19:15:00Z,11.1,173.6,104.1,243.0,11.8,5.9,15.3,185.3,14.5
2026-03-08T19:30:00Z,35.9,228.8,137.3,320.3,10.0,5.0,13.0,238.8,22.4
2026-03-08T19:45:00Z,14.7,200.6,120.4,280.8,11.3,5.7,14.7,211.9,-0.3
2026-03-08T20:00:00Z,10.2,223.8,134.3,313.4,0.0,0.0,0.0,223.8,1.3
2026-03-08T20:15:00Z,9.3,224.8,134.9,314.7,0.0,0.0,0.0,224.8,4.7
2026-03-08T20:30:00Z,2.5,240.9,144.5,337.2,0.0,0.0,0.0,240.9,-28.9
2026-03-08T20:45:00Z,5.4,204.4,122.7,286.2,0.0,0.0,0.0,204.4,21.8
2026-03-08T21:00:00Z,25.7,225.8,135.5,316.1,0,0,0.0,225.8,-12.8
2026-03-08T21:15:00Z,25.0,221.2,132.7,309.7,0,0,0.0,221.2,-13.2
2026-03-08T21:30:00Z,16.5,177.4,106.5,248.4,0,0,0.0,177.4,7.3
2026-03-08T21:45:00Z,23.4,205.6,123.4,287.8,0,0,0.0,205.6,2.7
2026-03-08T22:00:00Z,14.8,215.5,129.3,301.6,0,0,0.0,215.5,-3.2
2026-03-08T22:15:00Z,44.8,201.6,120.9,282.2,0,0,0.0,201.6,-15.7
2026-03-08T22:30:00Z,23.2,254.0,152.4,350,0,0,0.0,254.0,7.1
2026-03-08T22:45:00Z,28.9,231.4,138.8,324.0,0,0,0.0,231.4,-8.2
2026-03-08T23:00:00Z,44.1,247.9,148.7,347.1,0,0,0.0,247.9,2.7
2026-03-08T23:15:00Z,18.4,195.1,117.0,273.1,0,0,0.0,195.1,23.0
2026-03-08T23:30:00Z,42.2,239.1,143.5,334.8,0,0,0.0,239.1,-16.6
2026-03-08T23:45:00Z,38.8,162.9,97.7,228.0,0,0,0.0,162.9,-4.0
2026-03-09T00:00:00Z,42.6,207.4,124.4,290.3,0,0,0.0,207.4,-11.8
2026-03-09T00:15:00Z,6.0,170.6,102.4,238.9,0,0,0.0,170.6,-1.5
2026-03-09T00:30:00Z,23.9,193.4,116.0,270.8,0,0,0.0,193.4,-8.6
2026-03-09T00:45:00Z,26.5,216.1,129.7,302.6,0,0,0.0,216.1,-3.5
2026-03-09T01:00:00Z,43.2,196.8,118.1,275.6,0,0,0.0,196.8,-35.0
2026-03-09T01:15:00Z,20.8,187.5,112.5,262.5,0,0,0.0,187.5,-18.6
2026-03-09T01:30:00Z,15.9,204.6,122.7,286.4,0,0,0.0,204.6,8.5
2026-03-09T01:45:00Z,35.7,175.5,105.3,245.8,0,0,0.0,175.5,-7.5
2026-03-09T02:00:00Z,46.7,171.9,103.2,240.7,0,0,0.0,171.9,20.9
2026-03-09T02:15:00Z,0.8,166.9,100.1,233.7,0,0,0.0,166.9,10.6
2026-03-09T02:30:00Z,41.7,142.5,85.5,199.5,0,0,0.0,142.5,3.4
2026-03-09T02:45:00Z,13.4,198.1,118.9,277.3,0,0,0.0,198.1,26.7
2026-03-09T03:00:00Z,17.7,154.2,92.5,215.9,0,0,0.0,154.2,-10.4
2026-03-09T03:15:00Z,40.8,201.7,121.0,282.4,0,0,0.0,201.7,8.2
2026-03-09T03:30:00Z,30.2,179.5,107.7,251.3,0,0,0.0,179.5,4.1
2026-03-09T03:45:00Z,41.3,211.3,126.8,295.9,0,0,0.0,211.3,6.0
2026-03-09T04:00:00Z,46.0,189.3,113.6,265.0,0,0,0.0,189.3,18.7
2026-03-09T04:15:00Z,4.5,134.4,80.7,188.2,0,0,0.0,134.4,-11.7
2026-03-09T04:30:00Z,35.0,170.1,102.1,238.2,0,0,0.0,170.1,2.3
2026-03-09T04:45:00Z,6.8,140.9,84.6,197.3,0,0,0.0,140.9,17.5
2026-03-09T05:00:00Z,4.2,123.9,74.4,173.5,0,0,0.0,123.9,-12.5
2026-03-09T05:15:00Z,35.4,170.3,102.2,238.4,0,0,0.0,170.3,1.5
2026-03-09T05:30:00Z,3.9,184.2,110.5,257.9,0,0,0.0,184.2,-12.7
2026-03-09T05:45:00Z,28.6,184.3,110.6,258.0,0,0,0.0,184.3,-14.8
2026-03-09T06:00:00Z,21.7,174.0,104.4,243.5,0.0,0,0.0,174.0,3.7
2026-03-09T06:15:00Z,45.1,198.0,118.8,277.2,0.0,0,0.0,198.0,-2.9
2026-03-09T06:30:00Z,22.9,241.5,144.9,338.1,0.0,0,0.0,241.5,-10.9
2026-03-09T06:45:00Z,13.9,180.5,108.3,252.7,0.0,0,0.0,180.5,12.4
2026-03-09T07:00:00Z,44.3,200.4,120.2,280.5,8.8,4.4,11.5,209.2,9.9
2026-03-09T07:15:00Z,17.7,175.7,105.4,245.9,12.1,6.1,15.7,187.8,-18.0
2026-03-09T07:30:00Z,20.2,219.9,132.0,307.9,9.5,4.8,12.4,229.5,22.0
2026-03-09T07:45:00Z,39.2,168.3,101.0,235.6,10.8,5.4,14.1,179.1,24.0
2026-03-09T08:00:00Z,25.9,147.2,88.3,206.1,28.2,14.1,36.7,175.5,-9.2
2026-03-09T08:15:00Z,25.3,183.9,110.3,257.4,28.9,14.5,37.6,212.8,-7.5
2026-03-09T08:30:00Z,18.0,180.1,108.1,252.2,26.5,13.2,34.4,206.6,5.7
2026-03-09T08:45:00Z,1.8,242.8,145.7,339.9,30.3,15.2,39.4,273.1,-13.2
2026-03-09T09:00:00Z,30.8,175.5,105.3,245.6,58.0,29.0,75.4,233.4,-4.0
2026-03-09T09:15:00Z,9.7,189.4,113.6,265.1,51.4,25.7,66.8,240.8,-2.0
2026-03-09T09:30:00Z,19.6,188.8,113.3,264.3,53.9,27.0,70.1,242.7,-33.2
2026-03-09T09:45:00Z,27.6,214.1,128.5,299.7,53.5,26.7,69.5,267.6,7.3
2026-03-09T10:00:00Z,24.0,192.9,115.8,270.1,75.7,37.9,98.4,268.6,42.0
2026-03-09T10:15:00Z,9.8,186.7,112.0,261.3,68.5,34.3,89.1,255.2,-13.1
2026-03-09T10:30:00Z,14.0,151.8,91.1,212.5,82.2,41.1,106.8,234.0,-20.8
2026-03-09T10:45:00Z,41.8,132.7,79.6,185.8,82.0,41.0,106.6,214.7,18.8
2026-03-09T11:00:00Z,47.7,143.7,86.2,201.2,88.3,44.1,114.7,232.0,-24.8
2026-03-09T11:15:00Z,46.1,174.4,104.6,244.1,87.0,43.5,113.1,261.3,-29.0
2026-03-09T11:30:00Z,44.6,180.6,108.3,252.8,99.7,49.9,120,280.3,14.6
2026-03-09T11:45:00Z,41.7,170.2,102.1,238.2,84.4,42.2,109.7,254.6,-8.2
2026-03-09T12:00:00Z,17.3,172.6,103.6,241.7,115.2,57.6,120,287.9,20.4
2026-03-09T12:15:00Z,42.8,160.6,96.4,224.9,114.8,57.4,120,275.5,-5.7
2026-03-09T12:30:00Z,44.2,172.9,103.7,242.1,106.8,53.4,120,279.7,9.5
2026-03-09T12:45:00Z,32.6,195.8,117.5,274.2,113.2,56.6,120,309.0,13.8
2026-03-09T13:00:00Z,31.5,225.6,135.3,315.8,115.3,57.6,120,340.8,-26.1
2026-03-09T13:15:00Z,37.1,174.7,104.8,244.6,86.9,43.5,113.0,261.6,4.4
2026-03-09T13:30:00Z,24.3,151.0,90.6,211.4,87.4,43.7,113.6,238.4,7.1
2026-03-09T13:45:00Z,45.6,131.4,78.8,183.9,93.3,46.7,120,224.7,-34.6
2026-03-09T14:00:00Z,10.2,151.4,90.8,212.0,83.6,41.8,108.7,235.0,4.0
2026-03-09T14:15:00Z,40.9,199.9,119.9,279.8,110.7,55.4,120,310.6,8.6
2026-03-09T14:30:00Z,34.4,110.7,66.4,155.0,97.0,48.5,120,207.7,-19.1
2026-03-09T14:45:00Z,17.6,196.6,118.0,275.3,99.0,49.5,120,295.6,-15.5
2026-03-09T15:00:00Z,16.0,133.1,79.9,186.4,77.2,38.6,100.4,210.4,-5.9
2026-03-09T15:15:00Z,34.1,200.6,120.4,280.9,89.8,44.9,116.7,290.4,-2.2
2026-03-09T15:30:00Z,15.4,131.6,78.9,184.2,88.0,44.0,114.4,219.6,4.2
2026-03-09T15:45:00Z,9.8,116.1,69.7,162.5,92.9,46.4,120,209.0,26.9
2026-03-09T16:00:00Z,43.5,161.6,97.0,226.3,71.2,35.6,92.5,232.8,25.4
2026-03-09T16:15:00Z,3.7,126.2,75.7,176.7,58.2,29.1,75.7,184.4,6.6
2026-03-09T16:30:00Z,44.5,164.4,98.6,230.1,72.2,36.1,93.8,236.6,28.9
2026-03-09T16:45:00Z,8.1,188.0,112.8,263.2,58.3,29.1,75.8,246.3,-4.8
2026-03-09T17:00:00Z,44.6,129.9,77.9,181.9,46.5,23.2,60.4,176.4,-13.7
2026-03-09T17:15:00Z,43.2,162.9,97.7,228.1,48.7,24.3,63.3,211.6,16.2
2026-03-09T17:30:00Z,36.1,180.9,108.5,253.2,51.5,25.8,67.0,232.4,13.5
2026-03-09T17:45:00Z,10.3,117.0,70.2,163.8,55.6,27.8,72.3,172.6,-18.0
2026-03-09T18:00:00Z,13.9,137.1,82.3,192.0,27.4,13.7,35.6,164.5,13.1
2026-03-09T18:15:00Z,14.1,149.0,89.4,208.5,26.8,13.4,34.9,175.8,-9.3
2026-03-09T18:30:00Z,43.5,145.1,87.1,203.2,27.3,13.7,35.5,172.4,16.5
2026-03-09T18:45:00Z,33.7,188.6,113.1,264.0,25.3,12.6,32.9,213.9,2.5
2026-03-09T19:00:00Z,17.4,149.5,89.7,209.3,8.9,4.4,11.6,158.4,-7.7
2026-03-09T19:15:00Z,4.6,144.5,86.7,202.3,10.8,5.4,14.0,155.3,-7.1
2026-03-09T19:30:00Z,0.6,168.1,100.8,235.3,11.3,5.7,14.8,179.4,0.6
2026-03-09T19:45:00Z,24.5,165.7,99.4,232.0,9.2,4.6,12.0,174.9,-9.9
2026-03-09T20:00:00Z,27.3,140.1,84.1,196.1,0.0,0.0,0.0,140.1,3.6
2026-03-09T20:15:00Z,26.6,189.9,113.9,265.9,0.0,0.0,0.0,189.9,-26.1
2026-03-09T20:30:00Z,5.8,142.6,85.5,199.6,0.0,0.0,0.0,142.6,10.2
2026-03-09T20:45:00Z,35.9,187.3,112.4,262.2,0.0,0.0,0.0,187.3,0.5
2026-03-09T21:00:00Z,11.0,221.0,132.6,309.4,0,0,0.0,221.0,19.5
2026-03-09T21:15:00Z,12.4,183.6,110.2,257.0,0,0,0.0,183.6,12.7
2026-03-09T21:30:00Z,11.3,187.2,112.3,262.1,0,0,0.0,187.2,17.1
2026-03-09T21:45:00Z,20.2,148.7,89.2,208.2,0,0,0.0,148.7,18.8
2026-03-09T22:00:00Z,18.0,194.1,116.5,271.7,0,0,0.0,194.1,-16.8
2026-03-09T22:15:00Z,22.9,135.8,81.5,190.2,0,0,0.0,135.8,-21.3
2026-03-09T22:30:00Z,3.7,148.9,89.3,208.4,0,0,0.0,148.9,1.8
2026-03-09T22:45:00Z,14.5,144.5,86.7,202.4,0,0,0.0,144.5,-4.1
2026-03-09T23:00:00Z,10.8,159.4,95.6,223.2,0,0,0.0,159.4,-2.9
2026-03-09T23:15:00Z,30.7,188.2,112.9,263.4,0,0,0.0,188.2,-2.9
2026-03-09T23:30:00Z,39.0,147.7,88.6,206.7,0,0,0.0,147.7,-0.8
2026-03-09T23:45:00Z,24.9,136.9,82.1,191.6,0,0,0.0,136.9,-13.6
2026-03-10T00:00:00Z,25.8,256.5,153.9,350,0,0,0.0,256.5,-8.3
2026-03-10T00:15:00Z,35.3,278.5,167.1,350,0,0,0.0,278.5,-22.3
2026-03-10T00:30:00Z,34.3,221.8,133.1,310.6,0,0,0.0,221.8,-4.1
2026-03-10T00:45:00Z,5.1,211.0,126.6,295.4,0,0,0.0,211.0,-22.4
2026-03-10T01:00:00Z,27.5,263.0,157.8,350,0,0,0.0,263.0,-2.6
2026-03-10T01:15:00Z,4.4,276.5,165.9,350,0,0,0.0,276.5,-0.2
2026-03-10T01:30:00Z,27.2,307.1,184.3,350,0,0,0.0,307.1,-1.1
2026-03-10T01:45:00Z,0.5,266.4,159.8,350,0,0,0.0,266.4,12.7
2026-03-10T02:00:00Z,14.6,255.7,153.4,350,0,0,0.0,255.7,0.1
2026-03-10T02:15:00Z,8.1,242.7,145.6,339.7,0,0,0.0,242.7,16.1
2026-03-10T02:30:00Z,16.0,240.6,144.4,336.9,0,0,0.0,240.6,-28.5
2026-03-10T02:45:00Z,10.8,276.4,165.8,350,0,0,0.0,276.4,2.9
2026-03-10T03:00:00Z,39.8,229.1,137.4,320.7,0,0,0.0,229.1,16.8
2026-03-10T03:15:00Z,13.9,257.8,154.7,350,0,0,0.0,257.8,0.7
2026-03-10T03:30:00Z,24.3,253.4,152.1,350,0,0,0.0,253.4,-9.3
2026-03-10T03:45:00Z,7.9,272.3,163.4,350,0,0,0.0,272.3,-8.2
2026-03-10T04:00:00Z,32.9,271.2,162.7,350,0,0,0.0,271.2,1.2
2026-03-10T04:15:00Z,43.2,279.2,167.5,350,0,0,0.0,279.2,-4.3
2026-03-10T04:30:00Z,10.8,242.4,145.5,339.4,0,0,0.0,242.4,23.2
2026-03-10T04:45:00Z,27.4,252.4,151.4,350,0,0,0.0,252.4,18.8
2026-03-10T05:00:00Z,41.8,261.9,157.2,350,0,0,0.0,261.9,18.5
2026-03-10T05:15:00Z,30.5,284.4,170.7,350,0,0,0.0,284.4,1.7
2026-03-10T05:30:00Z,12.5,275.8,165.5,350,0,0,0.0,275.8,4.1
2026-03-10T05:45:00Z,26.7,272.5,163.5,350,0,0,0.0,272.5,-25.0
2026-03-10T06:00:00Z,6.5,298.5,179.1,350,0.0,0,0.0,298.5,10.8
2026-03-10T06:15:00Z,30.7,294.5,176.7,350,0.0,0,0.0,294.5,16.3
2026-03-10T06:30:00Z,4.9,266.8,160.1,350,0.0,0,0.0,266.8,-14.7
2026-03-10T06:45:00Z,26.7,279.9,167.9,350,0.0,0,0.0,279.9,43.8
2026-03-10T07:00:00Z,14.2,252.1,151.2,350,9.5,4.8,12.4,261.6,2.1
2026-03-10T07:15:00Z,33.8,257.9,154.8,350,10.9,5.4,14.2,268.8,-18.0
2026-03-10T07:30:00Z,8.7,308.0,184.8,350,10.2,5.1,13.2,318.2,-14.8
2026-03-10T07:45:00Z,21.5,281.1,168.6,350,12.1,6.0,15.7,293.1,7.3
2026-03-10T08:00:00Z,20.8,274.1,164.5,350,26.4,13.2,34.3,300.4,-14.8
2026-03-10T08:15:00Z,21.4,277.6,166.6,350,25.4,12.7,33.0,303.0,11.5
2026-03-10T08:30:00Z,8.2,267.9,160.7,350,32.6,16.3,42.4,300.5,-16.7
2026-03-10T08:45:00Z,15.2,298.6,179.2,350,25.0,12.5,32.5,323.6,-13.4
2026-03-10T09:00:00Z,26.3,254.2,152.5,350,57.3,28.7,74.5,311.6,-17.5
2026-03-10T09:15:00Z,21.3,249.1,149.5,348.8,48.7,24.3,63.3,297.8,-1.1
2026-03-10T09:30:00Z,38.8,251.0,150.6,350,43.6,21.8,56.7,294.6,7.8
2026-03-10T09:45:00Z,34.5,257.8,154.7,350,45.1,22.5,58.6,302.9,20.0
2026-03-10T10:00:00Z,16.2,239.9,144.0,335.9,75.8,37.9,98.5,315.7,3.7
2026-03-10T10:15:00Z,1.1,280.0,168.0,350,64.1,32.1,83.4,344.1,3.3
2026-03-10T10:30:00Z,47.6,253.1,151.9,350,61.2,30.6,79.5,314.3,-13.2
2026-03-10T10:45:00Z,3.3,237.5,142.5,332.4,63.6,31.8,82.7,301.1,12.0
2026-03-10T11:00:00Z,16.9,215.1,129.1,301.1,96.9,48.4,120,312.0,39.5
2026-03-10T11:15:00Z,37.7,251.6,151.0,350,89.9,44.9,116.9,341.5,-13.4
2026-03-10T11:30:00Z,18.3,215.0,129.0,301.0,72.4,36.2,94.2,287.4,-12.0
2026-03-10T11:45:00Z,27.5,264.8,158.9,350,88.4,44.2,114.9,353.2,15.5
2026-03-10T12:00:00Z,37.7,251.3,150.8,350,102.0,51.0,120,353.3,6.7
2026-03-10T12:15:00Z,42.1,274.5,164.7,350,105.3,52.6,120,379.7,10.7
2026-03-10T12:30:00Z,26.9,251.7,151.0,350,87.4,43.7,113.6,339.0,-16.7
2026-03-10T12:45:00Z,9.5,185.2,111.1,259.2,93.8,46.9,120,279.0,-20.7
2026-03-10T13:00:00Z,45.9,247.7,148.6,346.7,99.3,49.7,120,347.0,24.1
2026-03-10T13:15:00Z,9.1,208.9,125.3,292.4,119.1,59.6,120,328.0,-3.8
2026-03-10T13:30:00Z,4.4,230.8,138.5,323.1,112.8,56.4,120,343.6,9.2
2026-03-10T13:45:00Z,31.6,257.2,154.3,350,94.1,47.1,120,351.4,-11.2
2026-03-10T14:00:00Z,47.5,261.0,156.6,350,87.6,43.8,113.9,348.6,-13.0
2026-03-10T14:15:00Z,11.7,256.3,153.8,350,91.3,45.7,118.7,347.6,11.9
2026-03-10T14:30:00Z,40.3,195.5,117.3,273.7,86.4,43.2,112.3,281.9,-20.3
2026-03-10T14:45:00Z,39.9,266.2,159.7,350,80.9,40.4,105.2,347.1,5.9
2026-03-10T15:00:00Z,24.4,246.6,148.0,345.3,93.3,46.6,120,339.9,2.3
2026-03-10T15:15:00Z,43.4,229.1,137.5,320.8,101.1,50.5,120,330.2,27.2
2026-03-10T15:30:00Z,8.2,208.4,125.0,291.7,94.5,47.3,120,302.9,-14.5
2026-03-10T15:45:00Z,11.1,230.1,138.0,322.1,100.5,50.3,120,330.6,2.0
2026-03-10T16:00:00Z,1.5,219.7,131.8,307.5,76.6,38.3,99.5,296.2,-20.8
2026-03-10T16:15:00Z,30.6,249.6,149.8,349.5,75.8,37.9,98.5,325.4,3.6
2026-03-10T16:30:00Z,16.6,264.6,158.8,350,82.6,41.3,107.4,347.2,2.5
2026-03-10T16:45:00Z,28.5,176.9,106.1,247.6,75.6,37.8,98.3,252.5,-22.0
2026-03-10T17:00:00Z,44.0,229.6,137.7,321.4,53.9,26.9,70.0,283.4,21.3
2026-03-10T17:15:00Z,43.8,208.1,124.9,291.3,43.9,22.0,57.1,252.0,-16.0
2026-03-10T17:30:00Z,47.8,251.5,150.9,350,47.7,23.9,62.1,299.2,-8.2
2026-03-10T17:45:00Z,38.9,232.2,139.3,325.0,41.8,20.9,54.4,274.0,3.6
2026-03-10T18:00:00Z,14.3,209.8,125.9,293.7,27.3,13.6,35.4,237.0,16.3
2026-03-10T18:15:00Z,27.9,204.5,122.7,286.3,34.3,17.1,44.5,238.7,3.4
2026-03-10T18:30:00Z,40.2,231.2,138.7,323.6,25.2,12.6,32.7,256.4,1.8
2026-03-10T18:45:00Z,0.7,236.5,141.9,331.1,34.3,17.1,44.5,270.8,-19.6
2026-03-10T19:00:00Z,4.8,252.3,151.4,350,11.1,5.6,14.5,263.4,-17.2
2026-03-10T19:15:00Z,4.1,208.0,124.8,291.2,11.8,5.9,15.3,219.8,3.8
2026-03-10T19:30:00Z,20.5,243.1,145.8,340.3,9.7,4.9,12.6,252.8,0.8
2026-03-10T19:45:00Z,30.5,210.8,126.5,295.1,11.0,5.5,14.3,221.8,-18.3
2026-03-10T20:00:00Z,21.0,277.9,166.8,350,0.0,0.0,0.0,277.9,8.4
2026-03-10T20:15:00Z,47.1,202.9,121.7,284.0,0.0,0.0,0.0,202.9,30.0
2026-03-10T20:30:00Z,29.5,225.7,135.4,316.0,0.0,0.0,0.0,225.7,7.5
2026-03-10T20:45:00Z,8.4,243.6,146.1,341.0,0.0,0.0,0.0,243.6,-19.9
2026-03-10T21:00:00Z,33.2,239.1,143.4,334.7,0,0,0.0,239.1,-1.3
2026-03-10T21:15:00Z,38.2,247.5,148.5,346.4,0,0,0.0,247.5,0.1
2026-03-10T21:30:00Z,42.7,243.7,146.2,341.2,0,0,0.0,243.7,0.9
2026-03-10T21:45:00Z,7.8,198.5,119.1,277.9,0,0,0.0,198.5,27.3
2026-03-10T22:00:00Z,19.5,236.1,141.7,330.6,0,0,0.0,236.1,5.6
2026-03-10T22:15:00Z,25.6,212.5,127.5,297.5,0,0,0.0,212.5,2.2
2026-03-10T22:30:00Z,17.6,183.5,110.1,256.9,0,0,0.0,183.5,-0.9
2026-03-10T22:45:00Z,36.5,260.6,156.4,350,0,0,0.0,260.6,0.6
2026-03-10T23:00:00Z,37.4,246.2,147.7,344.6,0,0,0.0,246.2,-0.7
2026-03-10T23:15:00Z,14.3,237.9,142.7,333.1,0,0,0.0,237.9,10.8
2026-03-10T23:30:00Z,38.7,221.9,133.1,310.6,0,0,0.0,221.9,-11.5
2026-03-10T23:45:00Z,25.9,233.7,140.2,327.2,0,0,0.0,233.7,-14.4
2026-03-11T00:00:00Z,43.5,183.7,110.2,257.1,0,0,0.0,183.7,14.9
2026-03-11T00:15:00Z,9.0,168.3,101.0,235.7,0,0,0.0,168.3,-9.9
2026-03-11T00:30:00Z,26.0,205.6,123.4,287.8,0,0,0.0,205.6,12.2
2026-03-11T00:45:00Z,17.8,174.0,104.4,243.6,0,0,0.0,174.0,-7.8
2026-03-11T01:00:00Z,7.1,223.7,134.2,313.2,0,0,0.0,223.7,8.7
2026-03-11T01:15:00Z,6.8,220.9,132.6,309.3,0,0,0.0,220.9,13.4
2026-03-11T01:30:00Z,20.3,206.9,124.1,289.7,0,0,0.0,206.9,1.1
2026-03-11T01:45:00Z,9.3,190.0,114.0,266.0,0,0,0.0,190.0,18.6
2026-03-11T02:00:00Z,36.7,203.5,122.1,284.9,0,0,0.0,203.5,21.9
2026-03-11T02:15:00Z,28.1,187.6,112.6,262.7,0,0,0.0,187.6,-8.6
2026-03-11T02:30:00Z,13.8,222.5,133.5,311.5,0,0,0.0,222.5,-3.2
2026-03-11T02:45:00Z,11.5,194.2,116.5,271.9,0,0,0.0,194.2,-2.2
2026-03-11T03:00:00Z,10.4,208.8,125.3,292.3,0,0,0.0,208.8,-8.6
2026-03-11T03:15:00Z,7.0,241.7,145.0,338.3,0,0,0.0,241.7,35.1
2026-03-11T03:30:00Z,17.9,246.7,148.0,345.3,0,0,0.0,246.7,5.6
2026-03-11T03:45:00Z,28.7,226.8,136.1,317.5,0,0,0.0,226.8,-13.8
2026-03-11T04:00:00Z,25.2,197.5,118.5,276.5,0,0,0.0,197.5,2.9
2026-03-11T04:15:00Z,5.8,211.8,127.1,296.5,0,0,0.0,211.8,5.6
2026-03-11T04:30:00Z,16.0,209.2,125.5,292.8,0,0,0.0,209.2,-2.2
2026-03-11T04:45:00Z,7.3,211.9,127.2,296.7,0,0,0.0,211.9,1.5
2026-03-11T05:00:00Z,21.6,181.1,108.7,253.5,0,0,0.0,181.1,16.4
2026-03-11T05:15:00Z,12.5,208.6,125.2,292.1,0,0,0.0,208.6,28.5
2026-03-11T05:30:00Z,7.9,222.3,133.4,311.2,0,0,0.0,222.3,16.4
2026-03-11T05:45:00Z,1.3,202.8,121.7,283.9,0,0,0.0,202.8,9.4
2026-03-11T06:00:00Z,22.4,226.0,135.6,316.5,0.0,0,0.0,226.0,-20.9
2026-03-11T06:15:00Z,25.1,222.2,133.3,311.1,0.0,0,0.0,222.2,2.6
2026-03-11T06:30:00Z,17.1,196.1,117.7,274.6,0.0,0,0.0,196.1,-24.1
2026-03-11T06:45:00Z,35.1,196.8,118.1,275.5,0.0,0,0.0,196.8,3.9
2026-03-11T07:00:00Z,37.2,250.9,150.5,350,10.3,5.2,13.4,261.2,10.6
2026-03-11T07:15:00Z,5.8,189.1,113.5,264.8,10.6,5.3,13.8,199.8,0.3
2026-03-11T07:30:00Z,10.4,233.2,139.9,326.4,11.1,5.5,14.4,244.2,-18.1
2026-03-11T07:45:00Z,38.9,255.2,153.1,350,12.4,6.2,16.1,267.6,1.6
2026-03-11T08:00:00Z,20.0,223.0,133.8,312.1,25.2,12.6,32.8,248.2,14.7
2026-03-11T08:15:00Z,36.4,204.1,122.5,285.8,30.9,15.5,40.2,235.1,-6.7
2026-03-11T08:30:00Z,23.3,221.2,132.7,309.7,29.0,14.5,37.7,250.3,-16.5
2026-03-11T08:45:00Z,45.9,198.8,119.3,278.3,29.2,14.6,38.0,228.0,-24.1
2026-03-11T09:00:00Z,1.4,218.0,130.8,305.2,46.9,23.4,61.0,264.9,3.7
2026-03-11T09:15:00Z,15.5,207.7,124.6,290.8,55.8,27.9,72.5,263.5,3.9
2026-03-11T09:30:00Z,34.5,189.2,113.5,264.9,43.3,21.7,56.3,232.5,-14.0
2026-03-11T09:45:00Z,47.9,147.2,88.3,206.1,44.6,22.3,57.9,191.8,-11.6
2026-03-11T10:00:00Z,0.7,206.0,123.6,288.4,68.7,34.4,89.3,274.7,-2.1
2026-03-11T10:15:00Z,28.3,192.3,115.4,269.2,72.5,36.3,94.3,264.8,-33.2
2026-03-11T10:30:00Z,32.2,204.3,122.6,286.0,77.0,38.5,100.0,281.3,3.1
2026-03-11T10:45:00Z,26.6,182.6,109.5,255.6,76.6,38.3,99.6,259.1,0.5
2026-03-11T11:00:00Z,36.3,210.3,126.2,294.4,86.8,43.4,112.8,297.0,13.4
2026-03-11T11:15:00Z,0.7,139.9,84.0,195.9,81.3,40.6,105.7,221.2,3.1
2026-03-11T11:30:00Z,15.3,190.2,114.1,266.3,96.7,48.3,120,286.9,-8.1
2026-03-11T11:45:00Z,47.8,124.6,74.7,174.4,83.9,41.9,109.0,208.4,18.4
2026-03-11T12:00:00Z,1.5,183.4,110.0,256.8,87.1,43.6,113.3,270.6,17.8
2026-03-11T12:15:00Z,31.8,232.9,139.7,326.1,81.3,40.7,105.7,314.2,4.7
2026-03-11T12:30:00Z,8.8,161.7,97.0,226.4,83.8,41.9,108.9,245.5,-5.5
2026-03-11T12:45:00Z,16.3,179.7,107.8,251.6,90.3,45.1,117.4,270.0,42.9
2026-03-11T13:00:00Z,36.3,173.3,104.0,242.6,91.1,45.6,118.5,264.4,-25.4
2026-03-11T13:15:00Z,11.2,179.5,107.7,251.3,100.0,50.0,120,279.5,0.6
2026-03-11T13:30:00Z,30.2,213.6,128.2,299.1,113.4,56.7,120,327.0,-9.5
2026-03-11T13:45:00Z,3.3,141.3,84.8,197.8,90.2,45.1,117.2,231.5,-10.7
2026-03-11T14:00:00Z,14.9,177.9,106.7,249.0,88.9,44.4,115.6,266.8,15.5
2026-03-11T14:15:00Z,37.5,178.0,106.8,249.2,83.8,41.9,108.9,261.8,1.4
2026-03-11T14:30:00Z,17.3,181.8,109.1,254.6,87.5,43.8,113.8,269.4,-3.6
2026-03-11T14:45:00Z,12.8,170.8,102.5,239.2,113.8,56.9,120,284.6,-31.2
2026-03-11T15:00:00Z,37.5,229.0,137.4,320.6,97.5,48.7,120,326.5,12.3
2026-03-11T15:15:00Z,18.4,169.7,101.8,237.6,101.7,50.8,120,271.4,17.8
2026-03-11T15:30:00Z,36.6,181.5,108.9,254.1,86.8,43.4,112.8,268.3,5.9
2026-03-11T15:45:00Z,18.8,209.9,125.9,293.8,94.2,47.1,120,304.1,-8.3
2026-03-11T16:00:00Z,44.5,191.5,114.9,268.1,58.5,29.2,76.0,250.0,-0.5
2026-03-11T16:15:00Z,2.7,164.6,98.8,230.4,71.6,35.8,93.1,236.2,-13.5
2026-03-11T16:30:00Z,34.5,210.9,126.5,295.2,78.3,39.2,101.8,289.2,-2.4
2026-03-11T16:45:00Z,24.8,175.2,105.1,245.3,63.3,31.6,82.3,238.5,-31.7
2026-03-11T17:00:00Z,9.3,174.6,104.8,244.4,51.2,25.6,66.6,225.8,9.4
2026-03-11T17:15:00Z,26.8,158.9,95.3,222.4,43.2,21.6,56.1,202.1,-14.3
2026-03-11T17:30:00Z,31.0,163.9,98.4,229.5,41.7,20.9,54.3,205.7,18.2
2026-03-11T17:45:00Z,30.4,173.1,103.9,242.3,53.5,26.7,69.5,226.6,-14.8
2026-03-11T18:00:00Z,27.1,151.6,91.0,212.3,33.6,16.8,43.6,185.2,9.9
2026-03-11T18:15:00Z,38.1,164.9,98.9,230.8,29.7,14.8,38.6,194.5,-1.8
2026-03-11T18:30:00Z,17.2,164.5,98.7,230.3,24.3,12.2,31.6,188.8,24.3
2026-03-11T18:45:00Z,44.8,182.2,109.3,255.0,34.2,17.1,44.5,216.4,-15.9
2026-03-11T19:00:00Z,14.0,169.6,101.7,237.4,9.9,4.9,12.9,179.5,-6.1
2026-03-11T19:15:00Z,31.9,189.9,113.9,265.8,9.1,4.6,11.9,199.0,10.7
2026-03-11T19:30:00Z,12.2,145.3,87.2,203.5,9.5,4.8,12.4,154.9,-19.1
2026-03-11T19:45:00Z,40.1,146.0,87.6,204.3,9.4,4.7,12.2,155.3,-3.0
2026-03-11T20:00:00Z,42.1,144.4,86.7,202.2,0.0,0.0,0.0,144.4,-3.1
2026-03-11T20:15:00Z,15.1,220.8,132.5,309.2,0.0,0.0,0.0,220.8,13.7
2026-03-11T20:30:00Z,23.8,154.2,92.5,215.8,0.0,0.0,0.0,154.2,2.1
2026-03-11T20:45:00Z,24.5,162.0,97.2,226.7,0.0,0.0,0.0,162.0,32.3
2026-03-11T21:00:00Z,47.3,216.2,129.7,302.7,0,0,0.0,216.2,4.7
2026-03-11T21:15:00Z,44.8,215.9,129.5,302.3,0,0,0.0,215.9,-12.2
2026-03-11T21:30:00Z,6.0,175.2,105.1,245.3,0,0,0.0,175.2,-8.3
2026-03-11T21:45:00Z,47.3,192.4,115.4,269.3,0,0,0.0,192.4,29.6
2026-03-11T22:00:00Z,25.6,216.5,129.9,303.1,0,0,0.0,216.5,-6.5
2026-03-11T22:15:00Z,5.6,193.6,116.2,271.1,0,0,0.0,193.6,16.9
2026-03-11T22:30:00Z,15.4,151.9,91.1,212.7,0,0,0.0,151.9,-3.6
2026-03-11T22:45:00Z,28.6,175.2,105.1,245.2,0,0,0.0,175.2,22.8
2026-03-11T23:00:00Z,23.2,184.4,110.6,258.1,0,0,0.0,184.4,-5.1
2026-03-11T23:15:00Z,38.8,229.7,137.8,321.6,0,0,0.0,229.7,-20.3
2026-03-11T23:30:00Z,18.9,182.7,109.6,255.8,0,0,0.0,182.7,-6.8
2026-03-11T23:45:00Z,35.3,191.9,115.1,268.6,0,0,0.0,191.9,9.8
2026-03-12T00:00:00Z,12.6,201.3,120.8,281.9,0,0,0.0,201.3,14.7
2026-03-12T00:15:00Z,28.2,209.8,125.9,293.7,0,0,0.0,209.8,-18.0
2026-03-12T00:30:00Z,45.8,194.7,116.8,272.5,0,0,0.0,194.7,-32.6
2026-03-12T00:45:00Z,16.4,193.1,115.9,270.4,0,0,0.0,193.1,4.9
2026-03-12T01:00:00Z,26.5,202.3,121.4,283.2,0,0,0.0,202.3,-4.1
2026-03-12T01:15:00Z,7.4,177.0,106.2,247.8,0,0,0.0,177.0,13.6
2026-03-12T01:30:00Z,24.4,196.2,117.7,274.7,0,0,0.0,196.2,3.9
2026-03-12T01:45:00Z,24.3,242.9,145.8,340.1,0,0,0.0,242.9,12.0
2026-03-12T02:00:00Z,5.2,182.6,109.5,255.6,0,0,0.0,182.6,4.1
2026-03-12T02:15:00Z,21.6,154.8,92.9,216.7,0,0,0.0,154.8,-3.7
2026-03-12T02:30:00Z,15.3,168.0,100.8,235.2,0,0,0.0,168.0,-12.6
2026-03-12T02:45:00Z,11.9,211.9,127.1,296.6,0,0,0.0,211.9,-12.2
2026-03-12T03:00:00Z,20.1,210.3,126.2,294.4,0,0,0.0,210.3,17.1
2026-03-12T03:15:00Z,39.0,244.7,146.8,342.6,0,0,0.0,244.7,-8.4
2026-03-12T03:30:00Z,40.7,201.4,120.8,281.9,0,0,0.0,201.4,-16.2
2026-03-12T03:45:00Z,28.7,198.3,119.0,277.6,0,0,0.0,198.3,-6.2
2026-03-12T04:00:00Z,20.1,223.8,134.3,313.3,0,0,0.0,223.8,27.8
2026-03-12T04:15:00Z,40.1,173.2,103.9,242.5,0,0,0.0,173.2,-22.9
2026-03-12T04:30:00Z,43.1,217.1,130.2,303.9,0,0,0.0,217.1,6.4
2026-03-12T04:45:00Z,7.4,197.4,118.5,276.4,0,0,0.0,197.4,6.4
2026-03-12T05:00:00Z,32.2,210.7,126.4,295.0,0,0,0.0,210.7,-2.3
2026-03-12T05:15:00Z,38.8,206.0,123.6,288.4,0,0,0.0,206.0,-3.2
2026-03-12T05:30:00Z,47.6,204.3,122.6,286.1,0,0,0.0,204.3,-27.0
2026-03-12T05:45:00Z,46.6,203.8,122.3,285.3,0,0,0.0,203.8,23.2
2026-03-12T06:00:00Z,38.8,163.0,97.8,228.2,0.0,0,0.0,163.0,32.6
2026-03-12T06:15:00Z,44.9,150.0,90.0,210.0,0.0,0,0.0,150.0,-4.3
2026-03-12T06:30:00Z,2.7,234.3,140.6,328.0,0.0,0,0.0,234.3,9.7
2026-03-12T06:45:00Z,3.6,160.1,96.1,224.1,0.0,0,0.0,160.1,-26.2
2026-03-12T07:00:00Z,25.1,249.8,149.9,349.7,10.7,5.3,13.9,260.5,-4.2
2026-03-12T07:15:00Z,46.6,216.3,129.8,302.8,9.6,4.8,12.5,225.9,-12.7
2026-03-12T07:30:00Z,41.8,202.7,121.6,283.8,11.7,5.9,15.3,214.4,18.9
2026-03-12T07:45:00Z,35.8,187.4,112.4,262.3,10.8,5.4,14.0,198.1,3.2
2026-03-12T08:00:00Z,31.2,160.2,96.1,224.3,26.9,13.4,34.9,187.1,-2.9
2026-03-12T08:15:00Z,26.4,225.1,135.1,315.2,30.9,15.4,40.1,256.0,-9.0
2026-03-12T08:30:00Z,24.3,205.4,123.2,287.6,28.3,14.2,36.8,233.7,6.2
2026-03-12T08:45:00Z,22.4,191.2,114.7,267.7,26.7,13.4,34.7,217.9,-2.3
2026-03-12T09:00:00Z,5.2,136.9,82.1,191.7,58.6,29.3,76.2,195.5,-6.6
2026-03-12T09:15:00Z,10.6,222.8,133.7,311.9,51.8,25.9,67.3,274.6,-8.3
2026-03-12T09:30:00Z,1.2,217.6,130.6,304.7,54.7,27.4,71.1,272.3,-11.7
2026-03-12T09:45:00Z,8.1,219.9,132.0,307.9,50.2,25.1,65.2,270.1,10.8
2026-03-12T10:00:00Z,3.1,208.2,124.9,291.5,68.5,34.2,89.0,276.7,-31.1
2026-03-12T10:15:00Z,17.4,182.0,109.2,254.8,81.7,40.8,106.2,263.7,3.5
2026-03-12T10:30:00Z,43.9,200.9,120.6,281.3,69.8,34.9,90.8,270.8,2.1
2026-03-12T10:45:00Z,16.1,169.4,101.7,237.2,70.5,35.3,91.7,239.9,15.4
2026-03-12T11:00:00Z,6.7,188.5,113.1,263.9,87.7,43.9,114.0,276.2,18.6
2026-03-12T11:15:00Z,16.3,190.7,114.4,267.0,82.5,41.2,107.2,273.2,18.7
2026-03-12T11:30:00Z,7.3,188.7,113.2,264.2,81.5,40.8,106.0,270.2,6.7
2026-03-12T11:45:00Z,18.2,206.4,123.8,288.9,88.5,44.2,115.0,294.9,16.2
2026-03-12T12:00:00Z,20.4,191.2,114.7,267.6,84.4,42.2,109.8,275.6,1.8
2026-03-12T12:15:00Z,14.1,194.8,116.9,272.7,100.8,50.4,120,295.6,-11.4
2026-03-12T12:30:00Z,25.2,207.1,124.2,289.9,94.9,47.4,120,301.9,11.7
2026-03-12T12:45:00Z,1.1,195.8,117.5,274.2,94.3,47.1,120,290.1,24.4
2026-03-12T13:00:00Z,28.4,206.6,124.0,289.3,105.6,52.8,120,312.2,0.9
2026-03-12T13:15:00Z,11.1,182.1,109.3,255.0,93.8,46.9,120,275.9,-12.6
2026-03-12T13:30:00Z,45.1,209.7,125.8,293.5,114.8,57.4,120,324.4,7.2
2026-03-12T13:45:00Z,35.7,199.1,119.4,278.7,86.2,43.1,112.0,285.2,-16.9
2026-03-12T14:00:00Z,22.4,211.0,126.6,295.4,106.4,53.2,120,317.4,22.5
2026-03-12T14:15:00Z,48.0,165.5,99.3,231.7,114.2,57.1,120,279.7,-28.1
2026-03-12T14:30:00Z,5.9,172.7,103.6,241.8,96.7,48.3,120,269.4,6.6
2026-03-12T14:45:00Z,20.7,170.8,102.5,239.2,91.5,45.8,119.0,262.4,24.2
2026-03-12T15:00:00Z,31.3,180.2,108.1,252.3,101.6,50.8,120,281.8,-9.3
2026-03-12T15:15:00Z,11.6,177.5,106.5,248.5,85.6,42.8,111.3,263.1,3.6
2026-03-12T15:30:00Z,21.4,172.3,103.4,241.2,75.8,37.9,98.6,248.1,-32.0
2026-03-12T15:45:00Z,28.6,162.1,97.2,226.9,102.1,51.0,120,264.1,11.8
2026-03-12T16:00:00Z,19.9,176.3,105.8,246.8,65.3,32.7,84.9,241.6,-8.0
2026-03-12T16:15:00Z,33.7,159.6,95.7,223.4,63.6,31.8,82.7,223.2,5.1
2026-03-12T16:30:00Z,23.5,139.1,83.5,194.8,74.3,37.2,96.6,213.4,-7.7
2026-03-12T16:45:00Z,16.5,178.8,107.3,250.3,63.0,31.5,81.9,241.8,10.0
2026-03-12T17:00:00Z,36.5,160.5,96.3,224.7,44.4,22.2,57.8,204.9,19.7
2026-03-12T17:15:00Z,19.7,165.4,99.2,231.5,54.0,27.0,70.2,219.3,12.5
2026-03-12T17:30:00Z,29.6,183.5,110.1,256.8,48.4,24.2,62.9,231.8,-38.9
2026-03-12T17:45:00Z,17.3,132.9,79.8,186.1,50.6,25.3,65.8,183.6,1.5
2026-03-12T18:00:00Z,20.8,150.1,90.0,210.1,32.8,16.4,42.7,182.9,-1.6
2026-03-12T18:15:00Z,40.7,176.3,105.8,246.8,31.1,15.6,40.5,207.4,8.4
2026-03-12T18:30:00Z,5.3,209.1,125.4,292.7,30.3,15.1,39.4,239.3,8.6
2026-03-12T18:45:00Z,26.5,154.0,92.4,215.7,34.1,17.1,44.3,188.2,-9.0
2026-03-12T19:00:00Z,5.5,213.2,127.9,298.5,11.5,5.7,14.9,224.7,3.1
2026-03-12T19:15:00Z,32.7,191.6,115.0,268.3,11.2,5.6,14.6,202.8,-25.4
2026-03-12T19:30:00Z,7.7,148.2,88.9,207.4,11.8,5.9,15.3,160.0,-8.1
2026-03-12T19:45:00Z,31.1,180.5,108.3,252.7,10.1,5.0,13.1,190.6,37.6
2026-03-12T20:00:00Z,19.5,178.1,106.8,249.3,0.0,0.0,0.0,178.1,1.4
2026-03-12T20:15:00Z,23.0,185.0,111.0,259.0,0.0,0.0,0.0,185.0,20.3
2026-03-12T20:30:00Z,14.5,185.0,111.0,258.9,0.0,0.0,0.0,185.0,-10.6
2026-03-12T20:45:00Z,30.0,189.1,113.4,264.7,0.0,0.0,0.0,189.1,4.0
2026-03-12T21:00:00Z,45.9,146.0,87.6,204.4,0,0,0.0,146.0,-3.2
2026-03-12T21:15:00Z,7.2,163.8,98.3,229.3,0,0,0.0,163.8,-3.7
2026-03-12T21:30:00Z,27.1,210.2,126.1,294.3,0,0,0.0,210.2,1.3
2026-03-12T21:45:00Z,13.5,181.7,109.0,254.4,0,0,0.0,181.7,-21.6
2026-03-12T22:00:00Z,41.1,176.4,105.8,247.0,0,0,0.0,176.4,-2.5
2026-03-12T22:15:00Z,17.5,206.3,123.8,288.9,0,0,0.0,206.3,24.3
2026-03-12T22:30:00Z,29.7,165.3,99.2,231.4,0,0,0.0,165.3,7.6
2026-03-12T22:45:00Z,3.2,116.3,69.8,162.8,0,0,0.0,116.3,-40.9
2026-03-12T23:00:00Z,23.1,147.8,88.7,207.0,0,0,0.0,147.8,-6.0
2026-03-12T23:15:00Z,17.8,201.6,121.0,282.3,0,0,0.0,201.6,-11.7
2026-03-12T23:30:00Z,32.8,159.5,95.7,223.3,0,0,0.0,159.5,5.7
2026-03-12T23:45:00Z,36.2,173.1,103.8,242.3,0,0,0.0,173.1,15.0
2026-03-13T00:00:00Z,32.0,265.6,159.4,350,0,0,0.0,265.6,-10.3
2026-03-13T00:15:00Z,40.6,322.0,193.2,350,0,0,0.0,322.0,-6.5
2026-03-13T00:30:00Z,25.8,253.1,151.9,350,0,0,0.0,253.1,23.0
2026-03-13T00:45:00Z,30.0,219.9,131.9,307.8,0,0,0.0,219.9,-1.3
2026-03-13T01:00:00Z,46.3,316.7,190.0,350,0,0,0.0,316.7,11.7
2026-03-13T01:15:00Z,23.4,311.0,186.6,350,0,0,0.0,311.0,-12.4
2026-03-13T01:30:00Z,31.5,313.0,187.8,350,0,0,0.0,313.0,11.5
2026-03-13T01:45:00Z,24.1,305.9,183.5,350,0,0,0.0,305.9,-11.7
2026-03-13T02:00:00Z,27.0,265.3,159.2,350,0,0,0.0,265.3,-14.6
2026-03-13T02:15:00Z,35.2,284.4,170.6,350,0,0,0.0,284.4,1.7
2026-03-13T02:30:00Z,42.5,326.4,195.9,350,0,0,0.0,326.4,0.2
2026-03-13T02:45:00Z,14.8,274.6,164.8,350,0,0,0.0,274.6,-16.4
2026-03-13T03:00:00Z,26.9,271.8,163.1,350,0,0,0.0,271.8,4.4
2026-03-13T03:15:00Z,33.1,254.2,152.5,350,0,0,0.0,254.2,9.2
2026-03-13T03:30:00Z,45.6,288.8,173.3,350,0,0,0.0,288.8,-23.2
2026-03-13T03:45:00Z,35.1,318.1,190.9,350,0,0,0.0,318.1,-9.6
2026-03-13T04:00:00Z,36.4,305.2,183.1,350,0,0,0.0,305.2,22.3
2026-03-13T04:15:00Z,2.5,289.1,173.5,350,0,0,0.0,289.1,-2.5
2026-03-13T04:30:00Z,1.3,297.0,178.2,350,0,0,0.0,297.0,21.6
2026-03-13T04:45:00Z,31.4,322.9,193.7,350,0,0,0.0,322.9,8.1
2026-03-13T05:00:00Z,24.5,290.6,174.4,350,0,0,0.0,290.6,-5.2
2026-03-13T05:15:00Z,41.5,306.5,183.9,350,0,0,0.0,306.5,14.4
2026-03-13T05:30:00Z,5.5,314.3,188.6,350,0,0,0.0,314.3,-11.5
2026-03-13T05:45:00Z,10.4,263.3,158.0,350,0,0,0.0,263.3,25.9
2026-03-13T06:00:00Z,10.1,335.8,201.5,350,0.0,0,0.0,335.8,-14.3
2026-03-13T06:15:00Z,12.2,319.1,191.5,350,0.0,0,0.0,319.1,11.4
2026-03-13T06:30:00Z,35.1,288.3,173.0,350,0.0,0,0.0,288.3,-8.9
2026-03-13T06:45:00Z,47.4,318.7,191.2,350,0.0,0,0.0,318.7,-10.3
2026-03-13T07:00:00Z,34.1,260.5,156.3,350,12.3,6.1,16.0,272.8,3.8
2026-03-13T07:15:00Z,29.6,240.3,144.2,336.4,9.3,4.6,12.1,249.6,14.2
2026-03-13T07:30:00Z,7.0,285.8,171.5,350,10.1,5.0,13.1,295.9,5.6
2026-03-13T07:45:00Z,36.6,278.7,167.2,350,12.0,6.0,15.6,290.7,-8.5
2026-03-13T08:00:00Z,22.3,291.3,174.8,350,24.7,12.4,32.2,316.1,-18.1
2026-03-13T08:15:00Z,30.5,292.6,175.5,350,33.3,16.6,43.3,325.9,-12.1
2026-03-13T08:30:00Z,43.5,295.4,177.3,350,27.3,13.6,35.5,322.7,5.1
2026-03-13T08:45:00Z,42.9,293.4,176.1,350,30.5,15.3,39.7,324.0,29.8
2026-03-13T09:00:00Z,37.5,285.7,171.4,350,50.3,25.1,65.3,335.9,-4.7
2026-03-13T09:15:00Z,42.5,310.8,186.5,350,58.2,29.1,75.6,368.9,8.0
2026-03-13T09:30:00Z,13.6,287.8,172.7,350,48.9,24.4,63.5,336.7,5.0
2026-03-13T09:45:00Z,44.2,325.5,195.3,350,43.2,21.6,56.2,368.7,9.2
2026-03-13T10:00:00Z,37.8,252.5,151.5,350,63.5,31.8,82.6,316.0,-3.3
2026-03-13T10:15:00Z,3.1,250.5,150.3,350,79.3,39.7,103.1,329.8,20.0
2026-03-13T10:30:00Z,38.8,272.8,163.7,350,65.6,32.8,85.3,338.4,-14.3
2026-03-13T10:45:00Z,26.6,276.5,165.9,350,63.3,31.6,82.3,339.8,25.6
2026-03-13T11:00:00Z,8.6,284.6,170.8,350,72.5,36.3,94.3,357.2,21.7
2026-03-13T11:15:00Z,17.9,255.2,153.1,350,75.7,37.8,98.3,330.9,-7.7
2026-03-13T11:30:00Z,23.2,302.3,181.4,350,79.2,39.6,102.9,381.5,9.0
2026-03-13T11:45:00Z,41.7,240.7,144.4,337.0,85.4,42.7,111.0,326.1,13.2
2026-03-13T12:00:00Z,20.6,255.3,153.2,350,98.6,49.3,120,353.8,-10.0
2026-03-13T12:15:00Z,43.0,300.5,180.3,350,107.9,53.9,120,408.4,-6.2
2026-03-13T12:30:00Z,27.1,290.7,174.4,350,114.7,57.4,120,405.4,5.3
2026-03-13T12:45:00Z,29.0,226.7,136.0,317.4,87.7,43.8,114.0,314.4,-5.9
2026-03-13T13:00:00Z,5.2,301.9,181.2,350,114.8,57.4,120,416.7,-3.7
2026-03-13T13:15:00Z,19.2,265.1,159.1,350,117.0,58.5,120,382.1,5.2
2026-03-13T13:30:00Z,45.3,310.1,186.0,350,119.4,59.7,120,429.5,-4.6
2026-03-13T13:45:00Z,46.1,290.6,174.4,350,96.7,48.4,120,387.3,17.8
2026-03-13T14:00:00Z,33.0,258.8,155.3,350,97.6,48.8,120,356.4,8.3
2026-03-13T14:15:00Z,0.7,247.7,148.6,346.7,100.6,50.3,120,348.3,5.3
2026-03-13T14:30:00Z,44.8,275.3,165.2,350,109.6,54.8,120,384.9,-12.3
2026-03-13T14:45:00Z,33.6,278.5,167.1,350,95.9,48.0,120,374.4,14.2
2026-03-13T15:00:00Z,36.7,281.5,168.9,350,100.7,50.4,120,382.2,-1.1
2026-03-13T15:15:00Z,29.0,227.3,136.4,318.2,78.0,39.0,101.4,305.3,-1.8
2026-03-13T15:30:00Z,35.0,250.0,150.0,350.0,74.1,37.0,96.3,324.1,6.9
2026-03-13T15:45:00Z,4.5,285.9,171.5,350,93.6,46.8,120,379.5,6.6
2026-03-13T16:00:00Z,36.9,296.7,178.0,350,68.9,34.4,89.5,365.5,13.3
2026-03-13T16:15:00Z,46.4,264.7,158.8,350,65.0,32.5,84.5,329.6,-10.3
2026-03-13T16:30:00Z,44.2,267.4,160.5,350,65.2,32.6,84.7,332.6,-25.0
2026-03-13T16:45:00Z,23.1,263.5,158.1,350,60.7,30.3,78.9,324.2,-5.7
2026-03-13T17:00:00Z,25.5,270.1,162.1,350,45.1,22.5,58.6,315.2,-17.3
2026-03-13T17:15:00Z,14.0,268.1,160.9,350,52.0,26.0,67.6,320.1,-18.0
2026-03-13T17:30:00Z,47.1,258.8,155.3,350,46.1,23.0,59.9,304.9,32.4
2026-03-13T17:45:00Z,16.5,211.8,127.1,296.5,53.4,26.7,69.4,265.2,24.4
2026-03-13T18:00:00Z,46.1,272.1,163.3,350,32.8,16.4,42.7,304.9,17.7
2026-03-13T18:15:00Z,43.1,242.9,145.8,340.1,27.7,13.8,36.0,270.6,-16.6
2026-03-13T18:30:00Z,34.8,291.7,175.0,350,26.6,13.3,34.6,318.3,-22.6
2026-03-13T18:45:00Z,2.1,211.8,127.1,296.6,28.1,14.0,36.5,239.9,1.3
2026-03-13T19:00:00Z,30.1,258.5,155.1,350,9.9,5.0,12.9,268.4,-29.6
2026-03-13T19:15:00Z,17.9,267.0,160.2,350,10.8,5.4,14.0,277.7,-16.0
2026-03-13T19:30:00Z,7.0,228.2,136.9,319.5,9.0,4.5,11.7,237.2,6.9
2026-03-13T19:45:00Z,26.2,235.3,141.2,329.4,11.2,5.6,14.5,246.5,-17.0
2026-03-13T20:00:00Z,39.9,270.3,162.2,350,0.0,0.0,0.0,270.3,-6.2
2026-03-13T20:15:00Z,37.9,264.4,158.6,350,0.0,0.0,0.0,264.4,2.3
2026-03-13T20:30:00Z,5.6,219.9,131.9,307.8,0.0,0.0,0.0,219.9,27.3
2026-03-13T20:45:00Z,10.9,264.6,158.8,350,0.0,0.0,0.0,264.6,9.7
2026-03-13T21:00:00Z,46.7,295.0,177.0,350,0,0,0.0,295.0,-16.4
2026-03-13T21:15:00Z,32.6,229.0,137.4,320.6,0,0,0.0,229.0,-12.4
2026-03-13T21:30:00Z,24.6,250.4,150.3,350,0,0,0.0,250.4,13.0
2026-03-13T21:45:00Z,37.9,246.0,147.6,344.4,0,0,0.0,246.0,17.0
2026-03-13T22:00:00Z,7.3,258.7,155.2,350,0,0,0.0,258.7,-6.3
2026-03-13T22:15:00Z,31.5,201.3,120.8,281.8,0,0,0.0,201.3,5.8
2026-03-13T22:30:00Z,46.0,258.9,155.4,350,0,0,0.0,258.9,33.1
2026-03-13T22:45:00Z,35.4,248.8,149.3,348.3,0,0,0.0,248.8,-15.0
2026-03-13T23:00:00Z,22.3,280.5,168.3,350,0,0,0.0,280.5,-11.6
2026-03-13T23:15:00Z,7.0,272.8,163.7,350,0,0,0.0,272.8,-1.0
2026-03-13T23:30:00Z,41.6,246.0,147.6,344.4,0,0,0.0,246.0,24.5
2026-03-13T23:45:00Z,14.0,301.1,180.7,350,0,0,0.0,301.1,0.6
2026-03-14T00:00:00Z,25.2,321.3,192.8,350,0,0,0.0,321.3,15.5
2026-03-14T00:15:00Z,31.6,263.8,158.3,350,0,0,0.0,263.8,-4.5
2026-03-14T00:30:00Z,42.0,281.2,168.7,350,0,0,0.0,281.2,6.3
2026-03-14T00:45:00Z,19.3,337.5,202.5,350,0,0,0.0,337.5,4.7
2026-03-14T01:00:00Z,47.8,323.9,194.4,350,0,0,0.0,323.9,-1.5
2026-03-14T01:15:00Z,14.8,304.4,182.6,350,0,0,0.0,304.4,10.6
2026-03-14T01:30:00Z,33.6,314.9,188.9,350,0,0,0.0,314.9,1.8
2026-03-14T01:45:00Z,44.2,312.0,187.2,350,0,0,0.0,312.0,-7.3
2026-03-14T02:00:00Z,3.0,283.8,170.3,350,0,0,0.0,283.8,9.9
2026-03-14T02:15:00Z,9.1,261.1,156.6,350,0,0,0.0,261.1,17.2
2026-03-14T02:30:00Z,18.1,313.5,188.1,350,0,0,0.0,313.5,2.6
2026-03-14T02:45:00Z,29.7,327.8,196.7,350,0,0,0.0,327.8,-9.5
2026-03-14T03:00:00Z,6.8,342.9,205.7,350,0,0,0.0,342.9,-17.1
2026-03-14T03:15:00Z,35.8,320.7,192.4,350,0,0,0.0,320.7,-3.8
2026-03-14T03:30:00Z,24.9,348.8,209.3,350,0,0,0.0,348.8,13.9
2026-03-14T03:45:00Z,25.2,343.6,206.2,350,0,0,0.0,343.6,3.6
2026-03-14T04:00:00Z,0.9,350,210.0,350,0,0,0.0,350,-7.8
2026-03-14T04:15:00Z,15.7,350,210.0,350,0,0,0.0,350,-14.1
2026-03-14T04:30:00Z,14.3,350,210.0,350,0,0,0.0,350,-3.3
2026-03-14T04:45:00Z,23.6,307.6,184.6,350,0,0,0.0,307.6,-14.0
2026-03-14T05:00:00Z,33.5,300.6,180.4,350,0,0,0.0,300.6,-17.1
2026-03-14T05:15:00Z,36.6,312.5,187.5,350,0,0,0.0,312.5,9.5
2026-03-14T05:30:00Z,35.3,348.3,209.0,350,0,0,0.0,348.3,21.3
2026-03-14T05:45:00Z,27.0,338.1,202.9,350,0,0,0.0,338.1,13.4
2026-03-14T06:00:00Z,13.0,296.1,177.7,350,0.0,0,0.0,296.1,1.8
2026-03-14T06:15:00Z,34.7,314.9,188.9,350,0.0,0,0.0,314.9,-10.6
2026-03-14T06:30:00Z,25.8,276.8,166.1,350,0.0,0,0.0,276.8,-7.7
2026-03-14T06:45:00Z,35.4,350,210.0,350,0.0,0,0.0,350.0,7.2
2026-03-14T07:00:00Z,21.2,324.5,194.7,350,11.3,5.6,14.7,335.8,1.9
2026-03-14T07:15:00Z,15.8,328.4,197.1,350,10.5,5.3,13.7,339.0,-12.1
2026-03-14T07:30:00Z,37.0,329.8,197.9,350,9.8,4.9,12.8,339.6,0.0
2026-03-14T07:45:00Z,21.5,285.6,171.4,350,11.0,5.5,14.3,296.7,-21.6
2026-03-14T08:00:00Z,33.8,318.3,191.0,350,32.4,16.2,42.2,350.7,-0.9
2026-03-14T08:15:00Z,1.9,303.8,182.3,350,27.8,13.9,36.2,331.6,-1.0
2026-03-14T08:30:00Z,43.4,322.2,193.3,350,30.9,15.4,40.1,353.1,20.0
2026-03-14T08:45:00Z,40.1,310.6,186.4,350,30.6,15.3,39.7,341.2,16.9
2026-03-14T09:00:00Z,27.7,309.8,185.9,350,49.9,25.0,64.9,359.8,5.0
2026-03-14T09:15:00Z,17.2,280.1,168.0,350,57.8,28.9,75.1,337.8,-25.0
2026-03-14T09:30:00Z,14.9,331.9,199.1,350,42.5,21.2,55.2,374.3,-3.1
2026-03-14T09:45:00Z,29.3,329.3,197.6,350,43.6,21.8,56.6,372.8,-16.3
2026-03-14T10:00:00Z,45.3,295.9,177.5,350,64.1,32.0,83.3,360.0,-18.5
2026-03-14T10:15:00Z,7.1,306.6,183.9,350,68.0,34.0,88.4,374.5,-12.6
2026-03-14T10:30:00Z,13.2,335.0,201.0,350,78.6,39.3,102.1,413.5,-15.0
2026-03-14T10:45:00Z,3.9,311.2,186.7,350,63.5,31.7,82.5,374.7,4.7
2026-03-14T11:00:00Z,30.2,331.8,199.1,350,96.7,48.4,120,428.5,5.2
2026-03-14T11:15:00Z,11.1,325.2,195.1,350,72.8,36.4,94.6,398.0,5.3
2026-03-14T11:30:00Z,27.4,350,210.0,350,90.9,45.5,118.2,440.9,-21.0
2026-03-14T11:45:00Z,15.3,336.6,201.9,350,85.6,42.8,111.3,422.2,11.7
2026-03-14T12:00:00Z,47.6,324.4,194.6,350,86.6,43.3,112.6,411.0,-10.1
2026-03-14T12:15:00Z,9.8,318.3,191.0,350,100.1,50.0,120,418.4,-16.2
2026-03-14T12:30:00Z,37.2,299.2,179.5,350,108.4,54.2,120,407.6,21.8
2026-03-14T12:45:00Z,34.6,264.2,158.5,350,84.7,42.4,110.1,348.9,1.0
2026-03-14T13:00:00Z,5.9,303.9,182.4,350,92.6,46.3,120,396.5,23.6
2026-03-14T13:15:00Z,26.0,287.5,172.5,350,112.5,56.2,120,400.0,3.7
2026-03-14T13:30:00Z,31.1,233.0,139.8,326.1,99.6,49.8,120,332.5,-18.1
2026-03-14T13:45:00Z,26.3,322.2,193.3,350,93.0,46.5,120,415.2,-10.5
2026-03-14T14:00:00Z,45.3,271.3,162.8,350,86.6,43.3,112.6,357.9,19.2
2026-03-14T14:15:00Z,39.1,254.8,152.9,350,89.7,44.9,116.7,344.5,0.5
2026-03-14T14:30:00Z,7.4,282.9,169.7,350,105.5,52.8,120,388.4,-5.2
2026-03-14T14:45:00Z,13.7,302.3,181.4,350,83.7,41.9,108.9,386.0,-6.0
2026-03-14T15:00:00Z,18.6,281.5,168.9,350,83.8,41.9,109.0,365.3,-24.6
2026-03-14T15:15:00Z,42.7,268.8,161.3,350,74.4,37.2,96.8,343.3,-14.4
2026-03-14T15:30:00Z,31.9,205.8,123.5,288.1,72.8,36.4,94.6,278.6,-11.1
2026-03-14T15:45:00Z,4.7,295.9,177.5,350,93.7,46.9,120,389.6,16.9
2026-03-14T16:00:00Z,33.0,309.3,185.6,350,78.0,39.0,101.4,387.3,3.4
2026-03-14T16:15:00Z,43.8,307.3,184.4,350,59.5,29.7,77.3,366.8,9.6
2026-03-14T16:30:00Z,9.6,252.2,151.3,350,80.9,40.5,105.2,333.1,27.7
2026-03-14T16:45:00Z,17.4,244.0,146.4,341.6,63.2,31.6,82.2,307.2,-12.3
2026-03-14T17:00:00Z,32.8,295.1,177.1,350,47.8,23.9,62.1,342.9,-0.8
2026-03-14T17:15:00Z,28.3,309.4,185.6,350,49.1,24.5,63.8,358.5,10.6
2026-03-14T17:30:00Z,5.4,289.1,173.5,350,51.3,25.6,66.6,340.4,-12.7
2026-03-14T17:45:00Z,4.7,271.9,163.1,350,47.3,23.6,61.5,319.1,11.7
2026-03-14T18:00:00Z,31.3,263.6,158.2,350,27.2,13.6,35.4,290.9,26.1
2026-03-14T18:15:00Z,46.9,290.8,174.5,350,30.7,15.3,39.9,321.5,2.0
2026-03-14T18:30:00Z,44.1,279.1,167.4,350,33.4,16.7,43.4,312.5,2.8
2026-03-14T18:45:00Z,24.3,305.1,183.1,350,32.0,16.0,41.6,337.1,-11.8
2026-03-14T19:00:00Z,4.0,295.5,177.3,350,11.6,5.8,15.1,307.1,17.5
2026-03-14T19:15:00Z,21.8,306.9,184.1,350,11.6,5.8,15.1,318.5,-9.9
2026-03-14T19:30:00Z,4.8,301.7,181.0,350,10.5,5.2,13.6,312.2,3.2
2026-03-14T19:45:00Z,13.6,277.2,166.3,350,11.3,5.7,14.7,288.6,-6.2
2026-03-14T20:00:00Z,33.1,350,210.0,350,0.0,0.0,0.0,350.0,16.4
2026-03-14T20:15:00Z,3.6,282.4,169.4,350,0.0,0.0,0.0,282.4,-12.7
2026-03-14T20:30:00Z,0.9,276.7,166.0,350,0.0,0.0,0.0,276.7,10.9
2026-03-14T20:45:00Z,18.8,293.0,175.8,350,0.0,0.0,0.0,293.0,-1.4
2026-03-14T21:00:00Z,2.8,306.0,183.6,350,0,0,0.0,306.0,12.8
2026-03-14T21:15:00Z,18.7,337.2,202.3,350,0,0,0.0,337.2,6.7
2026-03-14T21:30:00Z,18.2,273.4,164.0,350,0,0,0.0,273.4,-0.2
2026-03-14T21:45:00Z,2.7,282.4,169.4,350,0,0,0.0,282.4,-10.1
2026-03-14T22:00:00Z,42.8,297.0,178.2,350,0,0,0.0,297.0,-4.5
2026-03-14T22:15:00Z,44.3,333.4,200.0,350,0,0,0.0,333.4,11.7
2026-03-14T22:30:00Z,38.3,292.8,175.7,350,0,0,0.0,292.8,1.4
2026-03-14T22:45:00Z,25.2,280.4,168.2,350,0,0,0.0,280.4,17.4
2026-03-14T23:00:00Z,45.8,244.8,146.9,342.7,0,0,0.0,244.8,-9.2
2026-03-14T23:15:00Z,2.9,290.4,174.2,350,0,0,0.0,290.4,-1.3
2026-03-14T23:30:00Z,14.4,303.1,181.8,350,0,0,0.0,303.1,37.7
2026-03-14T23:45:00Z,2.5,316.3,189.8,350,0,0,0.0,316.3,-12.3
2026-03-15T00:00:00Z,41.7,178.6,107.2,250.0,0,0,0.0,178.6,-3.4
2026-03-15T00:15:00Z,25.0,202.8,121.7,284.0,0,0,0.0,202.8,1.4
2026-03-15T00:30:00Z,18.3,225.1,135.0,315.1,0,0,0.0,225.1,-25.9
2026-03-15T00:45:00Z,47.2,178.9,107.3,250.5,0,0,0.0,178.9,-20.7
2026-03-15T01:00:00Z,35.0,196.7,118.0,275.3,0,0,0.0,196.7,-17.2
2026-03-15T01:15:00Z,26.5,179.3,107.6,251.0,0,0,0.0,179.3,13.0
2026-03-15T01:30:00Z,22.6,150.8,90.5,211.1,0,0,0.0,150.8,-7.8
2026-03-15T01:45:00Z,39.9,201.6,121.0,282.3,0,0,0.0,201.6,-29.3
2026-03-15T02:00:00Z,25.1,154.3,92.6,216.0,0,0,0.0,154.3,-29.1
2026-03-15T02:15:00Z,25.0,184.4,110.6,258.1,0,0,0.0,184.4,-12.2
2026-03-15T02:30:00Z,32.7,238.1,142.9,333.4,0,0,0.0,238.1,-15.2
2026-03-15T02:45:00Z,14.1,171.3,102.8,239.8,0,0,0.0,171.3,-6.8
2026-03-15T03:00:00Z,34.3,197.9,118.7,277.0,0,0,0.0,197.9,13.3
2026-03-15T03:15:00Z,28.3,203.8,122.3,285.3,0,0,0.0,203.8,4.4
2026-03-15T03:30:00Z,33.8,180.9,108.6,253.3,0,0,0.0,180.9,16.2
2026-03-15T03:45:00Z,45.2,211.0,126.6,295.3,0,0,0.0,211.0,3.3
2026-03-15T04:00:00Z,13.1,231.0,138.6,323.4,0,0,0.0,231.0,-5.3
2026-03-15T04:15:00Z,46.7,239.8,143.9,335.8,0,0,0.0,239.8,-5.2
2026-03-15T04:30:00Z,42.6,199.2,119.5,278.9,0,0,0.0,199.2,-16.9
2026-03-15T04:45:00Z,21.3,179.9,107.9,251.9,0,0,0.0,179.9,13.7
2026-03-15T05:00:00Z,18.9,157.6,94.6,220.6,0,0,0.0,157.6,24.1
2026-03-15T05:15:00Z,34.6,205.8,123.5,288.1,0,0,0.0,205.8,-16.3
2026-03-15T05:30:00Z,2.2,224.2,134.5,313.9,0,0,0.0,224.2,3.8
2026-03-15T05:45:00Z,36.4,191.0,114.6,267.3,0,0,0.0,191.0,-12.4
2026-03-15T06:00:00Z,22.5,213.6,128.1,299.0,0.0,0,0.0,213.6,-4.7
2026-03-15T06:15:00Z,20.5,205.3,123.2,287.5,0.0,0,0.0,205.3,-9.0
2026-03-15T06:30:00Z,29.3,211.2,126.7,295.7,0.0,0,0.0,211.2,3.8
2026-03-15T06:45:00Z,31.3,194.5,116.7,272.3,0.0,0,0.0,194.5,21.0
2026-03-15T07:00:00Z,30.3,230.9,138.5,323.3,9.7,4.9,12.7,240.6,-6.2
2026-03-15T07:15:00Z,13.6,199.4,119.7,279.2,10.1,5.1,13.1,209.5,5.2
2026-03-15T07:30:00Z,10.7,199.5,119.7,279.3,11.1,5.6,14.5,210.7,-6.1
2026-03-15T07:45:00Z,11.4,210.1,126.0,294.1,11.5,5.8,15.0,221.6,-0.5
2026-03-15T08:00:00Z,23.6,188.1,112.8,263.3,32.3,16.2,42.0,220.4,-11.3
2026-03-15T08:15:00Z,47.6,177.6,106.6,248.6,25.3,12.6,32.9,202.9,11.2
2026-03-15T08:30:00Z,31.3,206.6,124.0,289.2,27.3,13.6,35.4,233.8,-11.3
2026-03-15T08:45:00Z,31.0,219.3,131.6,307.0,34.3,17.1,44.5,253.5,27.6
2026-03-15T09:00:00Z,36.2,163.3,98.0,228.6,44.7,22.3,58.1,208.0,27.7
2026-03-15T09:15:00Z,29.9,231.9,139.2,324.7,51.6,25.8,67.1,283.5,-5.9
2026-03-15T09:30:00Z,27.7,172.6,103.5,241.6,47.9,24.0,62.3,220.5,-4.0
2026-03-15T09:45:00Z,37.8,230.2,138.1,322.2,47.2,23.6,61.4,277.4,-5.5
2026-03-15T10:00:00Z,5.5,181.2,108.7,253.6,78.5,39.2,102.0,259.7,21.5
2026-03-15T10:15:00Z,22.3,203.1,121.8,284.3,80.7,40.3,104.9,283.7,13.6
2026-03-15T10:30:00Z,23.5,161.5,96.9,226.1,58.7,29.3,76.3,220.2,23.1
2026-03-15T10:45:00Z,4.3,203.6,122.2,285.1,58.4,29.2,75.9,262.0,-1.2
2026-03-15T11:00:00Z,39.4,173.1,103.9,242.4,82.8,41.4,107.7,256.0,6.7
2026-03-15T11:15:00Z,36.5,186.3,111.8,260.8,85.6,42.8,111.3,271.9,-16.2
2026-03-15T11:30:00Z,19.0,233.1,139.8,326.3,101.0,50.5,120,334.1,20.9
2026-03-15T11:45:00Z,12.6,226.9,136.1,317.7,81.7,40.8,106.2,308.6,13.6
2026-03-15T12:00:00Z,44.5,156.5,93.9,219.1,104.4,52.2,120,260.9,6.5
2026-03-15T12:15:00Z,32.3,200.5,120.3,280.7,81.1,40.6,105.4,281.6,-5.7
2026-03-15T12:30:00Z,17.9,214.5,128.7,300.3,103.1,51.5,120,317.6,-4.7
2026-03-15T12:45:00Z,31.9,210.1,126.0,294.1,115.1,57.6,120,325.2,-5.5
2026-03-15T13:00:00Z,42.5,167.0,100.2,233.8,104.3,52.2,120,271.3,-15.4
2026-03-15T13:15:00Z,27.3,112.8,67.7,157.9,96.5,48.3,120,209.3,-22.8
2026-03-15T13:30:00Z,23.9,185.6,111.4,259.8,110.9,55.4,120,296.5,-10.8
2026-03-15T13:45:00Z,40.7,156.3,93.8,218.8,118.2,59.1,120,274.5,-14.9
2026-03-15T14:00:00Z,23.9,184.1,110.5,257.8,106.2,53.1,120,290.3,4.3
2026-03-15T14:15:00Z,12.5,147.0,88.2,205.8,108.8,54.4,120,255.8,6.5
2026-03-15T14:30:00Z,4.9,149.3,89.6,209.0,83.7,41.9,108.8,233.0,19.2
2026-03-15T14:45:00Z,23.2,182.7,109.6,255.7,112.7,56.4,120,295.4,5.9
2026-03-15T15:00:00Z,20.9,170.8,102.5,239.1,89.2,44.6,115.9,259.9,11.3
2026-03-15T15:15:00Z,7.6,133.9,80.3,187.4,79.3,39.7,103.1,213.2,17.1
2026-03-15T15:30:00Z,42.9,194.3,116.6,272.1,85.9,42.9,111.6,280.2,-0.2
2026-03-15T15:45:00Z,10.0,158.3,95.0,221.6,82.7,41.3,107.5,240.9,-2.8
2026-03-15T16:00:00Z,32.7,170.8,102.5,239.2,69.7,34.9,90.6,240.6,-7.7
2026-03-15T16:15:00Z,31.4,158.2,94.9,221.5,68.1,34.0,88.5,226.3,3.2
2026-03-15T16:30:00Z,24.8,168.6,101.2,236.1,59.6,29.8,77.5,228.2,10.2
2026-03-15T16:45:00Z,20.8,151.3,90.8,211.8,72.7,36.3,94.5,224.0,-32.9
2026-03-15T17:00:00Z,24.7,186.7,112.0,261.4,53.8,26.9,69.9,240.4,-16.2
2026-03-15T17:15:00Z,27.6,172.4,103.5,241.4,51.8,25.9,67.3,224.2,55.6
2026-03-15T17:30:00Z,2.4,144.2,86.5,201.8,45.6,22.8,59.3,189.8,8.7
2026-03-15T17:45:00Z,9.5,178.0,106.8,249.2,45.2,22.6,58.8,223.2,-12.3
2026-03-15T18:00:00Z,26.1,134.7,80.8,188.6,34.2,17.1,44.5,168.9,12.4
2026-03-15T18:15:00Z,27.2,163.5,98.1,228.9,26.4,13.2,34.4,190.0,-5.5
2026-03-15T18:30:00Z,46.6,169.7,101.8,237.6,24.9,12.4,32.3,194.6,7.8
2026-03-15T18:45:00Z,4.0,177.0,106.2,247.8,26.2,13.1,34.0,203.2,-16.2
2026-03-15T19:00:00Z,37.9,177.0,106.2,247.7,12.5,6.3,16.3,189.5,-16.3
2026-03-15T19:15:00Z,19.3,166.9,100.2,233.7,11.8,5.9,15.3,178.7,-1.8
2026-03-15T19:30:00Z,17.1,141.0,84.6,197.4,11.1,5.6,14.4,152.1,11.8
2026-03-15T19:45:00Z,26.0,188.5,113.1,263.8,10.6,5.3,13.8,199.1,-1.2
2026-03-15T20:00:00Z,37.7,152.8,91.7,214.0,0.0,0.0,0.0,152.8,-3.0
2026-03-15T20:15:00Z,25.3,177.3,106.4,248.2,0.0,0.0,0.0,177.3,1.4
2026-03-15T20:30:00Z,11.6,184.5,110.7,258.3,0.0,0.0,0.0,184.5,-20.1
2026-03-15T20:45:00Z,13.3,152.8,91.7,214.0,0.0,0.0,0.0,152.8,3.9
2026-03-15T21:00:00Z,23.2,158.4,95.0,221.7,0,0,0.0,158.4,-2.3
2026-03-15T21:15:00Z,12.4,152.2,91.3,213.1,0,0,0.0,152.2,27.3
2026-03-15T21:30:00Z,2.9,176.8,106.1,247.5,0,0,0.0,176.8,3.3
2026-03-15T21:45:00Z,16.3,210.8,126.5,295.1,0,0,0.0,210.8,5.4
2026-03-15T22:00:00Z,38.1,140.5,84.3,196.6,0,0,0.0,140.5,16.5
2026-03-15T22:15:00Z,20.2,158.1,94.9,221.3,0,0,0.0,158.1,-8.9
2026-03-15T22:30:00Z,14.8,179.6,107.8,251.5,0,0,0.0,179.6,1.2
2026-03-15T22:45:00Z,21.6,188.3,113.0,263.6,0,0,0.0,188.3,3.7
2026-03-15T23:00:00Z,24.1,198.7,119.2,278.2,0,0,0.0,198.7,-14.7
2026-03-15T23:15:00Z,31.4,213.6,128.2,299.0,0,0,0.0,213.6,44.1
2026-03-15T23:30:00Z,29.6,174.6,104.8,244.5,0,0,0.0,174.6,-19.3
2026-03-15T23:45:00Z,15.0,211.9,127.2,296.7,0,0,0.0,211.9,-7.1
2026-03-16T00:00:00Z,25.3,230.1,138.1,322.1,0,0,0.0,230.1,15.3
2026-03-16T00:15:00Z,40.0,222.5,133.5,311.5,0,0,0.0,222.5,5.8
2026-03-16T00:30:00Z,46.0,208.4,125.1,291.8,0,0,0.0,208.4,11.5
2026-03-16T00:45:00Z,23.2,221.2,132.7,309.7,0,0,0.0,221.2,-26.3
2026-03-16T01:00:00Z,44.8,197.1,118.3,276.0,0,0,0.0,197.1,-6.4
2026-03-16T01:15:00Z,3.2,218.3,131.0,305.7,0,0,0.0,218.3,10.2
2026-03-16T01:30:00Z,26.2,211.5,126.9,296.1,0,0,0.0,211.5,-1.3
2026-03-16T01:45:00Z,17.5,224.1,134.5,313.8,0,0,0.0,224.1,-9.0
2026-03-16T02:00:00Z,30.9,231.0,138.6,323.4,0,0,0.0,231.0,12.2
2026-03-16T02:15:00Z,12.0,148.4,89.0,207.7,0,0,0.0,148.4,11.2
2026-03-16T02:30:00Z,26.2,236.3,141.8,330.8,0,0,0.0,236.3,5.2
2026-03-16T02:45:00Z,14.5,244.5,146.7,342.3,0,0,0.0,244.5,11.2
2026-03-16T03:00:00Z,38.8,178.7,107.2,250.2,0,0,0.0,178.7,5.1
2026-03-16T03:15:00Z,10.4,202.5,121.5,283.4,0,0,0.0,202.5,3.8
2026-03-16T03:30:00Z,10.0,259.7,155.8,350,0,0,0.0,259.7,11.8
2026-03-16T03:45:00Z,15.0,196.9,118.2,275.7,0,0,0.0,196.9,3.1
2026-03-16T04:00:00Z,4.0,218.7,131.2,306.1,0,0,0.0,218.7,-3.4
2026-03-16T04:15:00Z,20.8,253.4,152.0,350,0,0,0.0,253.4,-8.4
2026-03-16T04:30:00Z,26.6,200.6,120.4,280.8,0,0,0.0,200.6,1.8
2026-03-16T04:45:00Z,23.2,213.1,127.9,298.3,0,0,0.0,213.1,-13.7
2026-03-16T05:00:00Z,31.5,209.3,125.6,293.0,0,0,0.0,209.3,8.7
2026-03-16T05:15:00Z,46.2,275.1,165.0,350,0,0,0.0,275.1,1.4
2026-03-16T05:30:00Z,19.5,214.0,128.4,299.7,0,0,0.0,214.0,-15.8
2026-03-16T05:45:00Z,13.5,215.5,129.3,301.7,0,0,0.0,215.5,0.8
2026-03-16T06:00:00Z,12.2,235.3,141.2,329.5,0.0,0,0.0,235.3,-34.1
2026-03-16T06:15:00Z,13.0,220.9,132.5,309.3,0.0,0,0.0,220.9,2.2
2026-03-16T06:30:00Z,43.3,209.5,125.7,293.4,0.0,0,0.0,209.5,16.0
2026-03-16T06:45:00Z,11.4,218.9,131.4,306.5,0.0,0,0.0,218.9,-22.4
2026-03-16T07:00:00Z,30.0,198.8,119.3,278.4,11.7,5.8,15.2,210.5,17.7
2026-03-16T07:15:00Z,14.6,217.1,130.3,304.0,11.0,5.5,14.3,228.1,-26.9
2026-03-16T07:30:00Z,44.9,227.5,136.5,318.6,12.0,6.0,15.7,239.6,1.3
2026-03-16T07:45:00Z,26.4,222.1,133.3,311.0,8.8,4.4,11.5,231.0,13.9
2026-03-16T08:00:00Z,38.0,210.1,126.0,294.1,27.5,13.8,35.8,237.6,-19.3
2026-03-16T08:15:00Z,30.5,203.1,121.9,284.4,28.0,14.0,36.4,231.1,-1.8
2026-03-16T08:30:00Z,25.4,229.8,137.9,321.7,32.6,16.3,42.4,262.4,-4.8
2026-03-16T08:45:00Z,2.3,212.0,127.2,296.8,28.6,14.3,37.2,240.6,16.1
2026-03-16T09:00:00Z,41.1,201.5,120.9,282.1,58.6,29.3,76.2,260.1,19.0
2026-03-16T09:15:00Z,20.3,220.1,132.1,308.1,42.9,21.4,55.7,263.0,6.4
2026-03-16T09:30:00Z,4.3,231.7,139.0,324.4,50.8,25.4,66.1,282.5,12.5
2026-03-16T09:45:00Z,31.1,214.7,128.8,300.6,58.1,29.0,75.5,272.8,-11.9
2026-03-16T10:00:00Z,10.2,223.8,134.3,313.3,69.2,34.6,89.9,293.0,-23.0
2026-03-16T10:15:00Z,17.3,221.2,132.7,309.7,72.2,36.1,93.9,293.5,31.9
2026-03-16T10:30:00Z,45.3,231.7,139.0,324.3,80.6,40.3,104.8,312.3,30.5
2026-03-16T10:45:00Z,40.0,199.9,119.9,279.9,62.1,31.0,80.7,262.0,30.8
2026-03-16T11:00:00Z,21.9,244.1,146.5,341.8,76.2,38.1,99.1,320.4,-18.7
2026-03-16T11:15:00Z,25.8,205.6,123.3,287.8,93.2,46.6,120,298.7,-5.6
2026-03-16T11:30:00Z,34.9,200.5,120.3,280.6,77.2,38.6,100.4,277.7,-14.0
2026-03-16T11:45:00Z,15.7,215.5,129.3,301.8,79.3,39.6,103.1,294.8,4.6
2026-03-16T12:00:00Z,8.6,183.7,110.2,257.2,81.0,40.5,105.4,264.8,-35.1
2026-03-16T12:15:00Z,14.8,238.8,143.3,334.4,101.5,50.7,120,340.3,13.5
2026-03-16T12:30:00Z,31.3,195.9,117.5,274.2,104.8,52.4,120,300.7,24.6
2026-03-16T12:45:00Z,43.9,219.8,131.9,307.7,87.0,43.5,113.1,306.8,3.5
2026-03-16T13:00:00Z,34.8,266.5,159.9,350,95.4,47.7,120,361.8,10.2
2026-03-16T13:15:00Z,25.6,216.0,129.6,302.4,99.1,49.5,120,315.1,-26.1
2026-03-16T13:30:00Z,29.3,194.1,116.5,271.8,107.7,53.8,120,301.8,15.4
2026-03-16T13:45:00Z,30.4,166.5,99.9,233.2,112.0,56.0,120,278.6,-7.4
2026-03-16T14:00:00Z,32.6,193.1,115.9,270.4,103.8,51.9,120,296.9,-15.0
2026-03-16T14:15:00Z,6.2,187.0,112.2,261.8,101.3,50.6,120,288.3,-14.3
2026-03-16T14:30:00Z,41.9,215.1,129.0,301.1,98.1,49.1,120,313.2,-8.1
2026-03-16T14:45:00Z,27.2,203.7,122.2,285.2,98.6,49.3,120,302.3,31.1
2026-03-16T15:00:00Z,27.5,207.7,124.6,290.7,72.5,36.3,94.3,280.2,-18.4
2026-03-16T15:15:00Z,35.6,213.6,128.2,299.0,87.1,43.5,113.2,300.7,8.1
2026-03-16T15:30:00Z,6.7,188.4,113.1,263.8,89.4,44.7,116.2,277.9,-12.0
2026-03-16T15:45:00Z,4.8,188.0,112.8,263.1,79.6,39.8,103.5,267.6,2.6
2026-03-16T16:00:00Z,22.6,162.6,97.6,227.7,70.0,35.0,91.0,232.6,6.7
2026-03-16T16:15:00Z,15.2,154.8,92.9,216.7,72.6,36.3,94.4,227.4,3.4
2026-03-16T16:30:00Z,29.1,154.8,92.9,216.7,77.5,38.8,100.8,232.3,-7.7
2026-03-16T16:45:00Z,7.3,201.4,120.8,281.9,81.6,40.8,106.1,282.9,-4.8
2026-03-16T17:00:00Z,24.2,195.2,117.1,273.2,52.4,26.2,68.1,247.5,13.7
2026-03-16T17:15:00Z,38.1,219.7,131.8,307.6,52.4,26.2,68.2,272.1,-6.5
2026-03-16T17:30:00Z,40.5,163.4,98.0,228.8,53.7,26.9,69.8,217.1,15.7
2026-03-16T17:45:00Z,20.5,128.8,77.3,180.3,55.7,27.8,72.4,184.5,17.0
2026-03-16T18:00:00Z,37.3,188.5,113.1,263.9,33.2,16.6,43.1,221.7,-24.7
2026-03-16T18:15:00Z,15.7,225.3,135.2,315.4,24.8,12.4,32.2,250.1,-14.9
2026-03-16T18:30:00Z,1.5,197.2,118.3,276.1,31.7,15.8,41.2,228.9,8.9
2026-03-16T18:45:00Z,3.1,205.7,123.4,288.0,29.3,14.6,38.1,235.0,-1.8
2026-03-16T19:00:00Z,30.7,169.1,101.5,236.8,12.2,6.1,15.9,181.3,-20.6
2026-03-16T19:15:00Z,33.4,172.5,103.5,241.5,10.7,5.4,13.9,183.2,0.7
2026-03-16T19:30:00Z,19.4,214.1,128.5,299.7,9.8,4.9,12.7,223.9,-4.7
2026-03-16T19:45:00Z,26.7,173.4,104.0,242.7,11.0,5.5,14.4,184.4,-1.6
2026-03-16T20:00:00Z,33.2,193.3,116.0,270.6,0.0,0.0,0.0,193.3,-3.3
2026-03-16T20:15:00Z,19.4,187.7,112.6,262.7,0.0,0.0,0.0,187.7,-2.9
2026-03-16T20:30:00Z,8.4,197.5,118.5,276.5,0.0,0.0,0.0,197.5,-12.1
2026-03-16T20:45:00Z,10.6,202.1,121.3,283.0,0.0,0.0,0.0,202.1,3.6
2026-03-16T21:00:00Z,44.6,227.6,136.5,318.6,0,0,0.0,227.6,-21.5
2026-03-16T21:15:00Z,3.0,144.7,86.8,202.5,0,0,0.0,144.7,27.5
2026-03-16T21:30:00Z,40.0,232.0,139.2,324.9,0,0,0.0,232.0,-1.5
2026-03-16T21:45:00Z,30.6,253.8,152.3,350,0,0,0.0,253.8,-6.5
2026-03-16T22:00:00Z,32.4,139.5,83.7,195.3,0,0,0.0,139.5,26.7
2026-03-16T22:15:00Z,19.1,216.7,130.0,303.4,0,0,0.0,216.7,0.1
2026-03-16T22:30:00Z,28.5,193.2,115.9,270.5,0,0,0.0,193.2,11.5
2026-03-16T22:45:00Z,10.7,237.3,142.4,332.2,0,0,0.0,237.3,2.3
2026-03-16T23:00:00Z,29.8,207.3,124.4,290.3,0,0,0.0,207.3,9.3
2026-03-16T23:15:00Z,34.8,171.6,103.0,240.2,0,0,0.0,171.6,-17.7
2026-03-16T23:30:00Z,1.4,219.5,131.7,307.2,0,0,0.0,219.5,13.1
2026-03-16T23:45:00Z,7.5,211.0,126.6,295.4,0,0,0.0,211.0,-7.1
2026-03-17T00:00:00Z,39.8,206.8,124.1,289.5,0,0,0.0,206.8,-2.1
2026-03-17T00:15:00Z,42.8,197.1,118.3,276.0,0,0,0.0,197.1,-16.8
2026-03-17T00:30:00Z,24.4,217.6,130.5,304.6,0,0,0.0,217.6,-9.5
2026-03-17T00:45:00Z,27.7,227.4,136.4,318.4,0,0,0.0,227.4,-3.7
2026-03-17T01:00:00Z,5.4,231.5,138.9,324.0,0,0,0.0,231.5,7.4
2026-03-17T01:15:00Z,8.9,222.0,133.2,310.8,0,0,0.0,222.0,9.9
2026-03-17T01:30:00Z,26.3,191.1,114.6,267.5,0,0,0.0,191.1,2.4
2026-03-17T01:45:00Z,21.8,190.1,114.0,266.1,0,0,0.0,190.1,-15.1
2026-03-17T02:00:00Z,23.3,175.4,105.2,245.5,0,0,0.0,175.4,-4.4
2026-03-17T02:15:00Z,5.0,239.0,143.4,334.6,0,0,0.0,239.0,14.0
2026-03-17T02:30:00Z,17.1,214.4,128.6,300.1,0,0,0.0,214.4,-35.7
2026-03-17T02:45:00Z,41.0,197.7,118.6,276.8,0,0,0.0,197.7,4.3
2026-03-17T03:00:00Z,1.9,216.0,129.6,302.4,0,0,0.0,216.0,-22.9
2026-03-17T03:15:00Z,25.3,203.8,122.3,285.3,0,0,0.0,203.8,3.5
2026-03-17T03:30:00Z,29.2,216.8,130.1,303.5,0,0,0.0,216.8,-32.5
2026-03-17T03:45:00Z,20.3,182.1,109.3,255.0,0,0,0.0,182.1,13.4
2026-03-17T04:00:00Z,43.6,284.9,170.9,350,0,0,0.0,284.9,-27.0
2026-03-17T04:15:00Z,34.2,226.3,135.8,316.8,0,0,0.0,226.3,-26.1
2026-03-17T04:30:00Z,20.9,239.2,143.5,334.8,0,0,0.0,239.2,-8.5
2026-03-17T04:45:00Z,7.3,230.0,138.0,322.0,0,0,0.0,230.0,-2.0
2026-03-17T05:00:00Z,44.4,243.9,146.4,341.5,0,0,0.0,243.9,19.0
2026-03-17T05:15:00Z,3.2,243.9,146.3,341.5,0,0,0.0,243.9,3.2
2026-03-17T05:30:00Z,32.6,220.9,132.6,309.3,0,0,0.0,220.9,-3.5
2026-03-17T05:45:00Z,21.3,272.7,163.6,350,0,0,0.0,272.7,12.8
2026-03-17T06:00:00Z,18.4,238.6,143.1,334.0,0.0,0,0.0,238.6,-21.8
2026-03-17T06:15:00Z,21.3,271.7,163.0,350,0.0,0,0.0,271.7,-5.6
2026-03-17T06:30:00Z,7.0,247.8,148.7,346.9,0.0,0,0.0,247.8,24.1
2026-03-17T06:45:00Z,30.9,244.5,146.7,342.2,0.0,0,0.0,244.5,-12.1
2026-03-17T07:00:00Z,18.9,187.0,112.2,261.8,9.2,4.6,12.0,196.2,-3.7
2026-03-17T07:15:00Z,33.8,204.0,122.4,285.6,10.7,5.3,13.9,214.7,8.4
2026-03-17T07:30:00Z,36.8,234.2,140.5,327.9,12.6,6.3,16.3,246.8,4.7
2026-03-17T07:45:00Z,21.2,219.9,131.9,307.8,8.9,4.5,11.6,228.8,29.6
2026-03-17T08:00:00Z,27.7,203.8,122.3,285.4,29.6,14.8,38.4,233.4,-5.2
2026-03-17T08:15:00Z,30.5,226.0,135.6,316.4,29.2,14.6,38.0,255.2,18.5
2026-03-17T08:30:00Z,25.3,262.5,157.5,350,28.3,14.2,36.9,290.8,32.7
2026-03-17T08:45:00Z,8.1,233.0,139.8,326.2,32.4,16.2,42.1,265.4,1.3
2026-03-17T09:00:00Z,22.1,216.4,129.8,303.0,53.3,26.7,69.3,269.7,-4.8
2026-03-17T09:15:00Z,35.1,191.8,115.1,268.6,57.5,28.7,74.7,249.3,-10.3
2026-03-17T09:30:00Z,30.7,228.7,137.2,320.2,57.2,28.6,74.4,285.9,4.1
2026-03-17T09:45:00Z,10.6,193.9,116.4,271.5,54.0,27.0,70.3,248.0,16.5
2026-03-17T10:00:00Z,18.6,211.0,126.6,295.4,78.5,39.2,102.0,289.5,4.8
2026-03-17T10:15:00Z,22.4,224.5,134.7,314.3,61.4,30.7,79.8,285.9,5.9
2026-03-17T10:30:00Z,12.2,191.7,115.0,268.4,58.8,29.4,76.5,250.5,-35.9
2026-03-17T10:45:00Z,31.7,182.7,109.6,255.8,78.2,39.1,101.6,260.9,10.6
2026-03-17T11:00:00Z,22.8,243.6,146.1,341.0,98.9,49.5,120,342.5,18.9
2026-03-17T11:15:00Z,2.8,211.7,127.0,296.4,73.2,36.6,95.1,284.9,-8.8
2026-03-17T11:30:00Z,27.3,203.9,122.3,285.4,96.9,48.5,120,300.8,9.2
2026-03-17T11:45:00Z,5.8,198.8,119.3,278.3,80.4,40.2,104.6,279.2,-21.4
2026-03-17T12:00:00Z,36.4,212.8,127.7,297.9,98.3,49.1,120,311.0,-1.7
2026-03-17T12:15:00Z,37.7,215.8,129.5,302.1,88.6,44.3,115.1,304.4,-2.6
2026-03-17T12:30:00Z,41.6,206.6,124.0,289.2,96.8,48.4,120,303.4,4.2
2026-03-17T12:45:00Z,11.4,219.6,131.8,307.5,93.2,46.6,120,312.8,-14.0
2026-03-17T13:00:00Z,38.0,195.3,117.2,273.4,90.6,45.3,117.8,285.9,-6.5
2026-03-17T13:15:00Z,35.4,137.1,82.3,191.9,111.1,55.6,120,248.2,2.9
2026-03-17T13:30:00Z,8.6,206.7,124.0,289.4,87.0,43.5,113.1,293.7,-18.3
2026-03-17T13:45:00Z,44.3,237.4,142.5,332.4,87.4,43.7,113.6,324.8,15.7
2026-03-17T14:00:00Z,17.7,253.5,152.1,350,111.8,55.9,120,365.3,8.6
2026-03-17T14:15:00Z,4.0,186.4,111.8,260.9,84.3,42.2,109.6,270.7,-5.9
2026-03-17T14:30:00Z,4.2,196.8,118.1,275.5,109.8,54.9,120,306.6,19.4
2026-03-17T14:45:00Z,22.4,167.6,100.5,234.6,98.2,49.1,120,265.7,30.2
2026-03-17T15:00:00Z,38.4,142.1,85.2,198.9,100.8,50.4,120,242.8,16.1
2026-03-17T15:15:00Z,24.4,208.7,125.2,292.2,88.0,44.0,114.4,296.7,10.0
2026-03-17T15:30:00Z,15.6,193.1,115.9,270.4,74.5,37.3,96.9,267.7,11.0
2026-03-17T15:45:00Z,20.7,225.9,135.5,316.2,89.5,44.8,116.4,315.4,17.2
2026-03-17T16:00:00Z,0.6,195.6,117.4,273.9,82.7,41.3,107.5,278.3,5.2
2026-03-17T16:15:00Z,32.1,213.6,128.2,299.0,74.7,37.4,97.2,288.3,14.3
2026-03-17T16:30:00Z,19.1,176.0,105.6,246.4,62.9,31.4,81.8,238.9,18.9
2026-03-17T16:45:00Z,11.8,247.0,148.2,345.8,66.2,33.1,86.1,313.3,11.1
2026-03-17T17:00:00Z,10.9,169.7,101.8,237.6,50.8,25.4,66.0,220.5,7.2
2026-03-17T17:15:00Z,11.1,221.8,133.1,310.5,56.9,28.4,73.9,278.6,-16.4
2026-03-17T17:30:00Z,2.1,161.0,96.6,225.4,47.9,23.9,62.3,208.9,11.0
2026-03-17T17:45:00Z,44.9,188.2,112.9,263.4,58.9,29.4,76.6,247.1,8.6
2026-03-17T18:00:00Z,20.9,184.8,110.9,258.8,26.6,13.3,34.5,211.4,9.3
2026-03-17T18:15:00Z,6.0,229.4,137.6,321.1,25.2,12.6,32.8,254.6,-6.9
2026-03-17T18:30:00Z,8.8,197.7,118.6,276.7,30.7,15.4,40.0,228.4,28.2
2026-03-17T18:45:00Z,41.3,189.1,113.5,264.8,33.0,16.5,42.9,222.1,31.0
2026-03-17T19:00:00Z,27.9,200.1,120.1,280.1,9.5,4.7,12.3,209.6,1.3
2026-03-17T19:15:00Z,21.9,195.1,117.1,273.2,11.9,6.0,15.5,207.1,-9.0
2026-03-17T19:30:00Z,44.1,191.5,114.9,268.1,9.7,4.8,12.6,201.2,-13.1
2026-03-17T19:45:00Z,27.7,184.7,110.8,258.5,10.3,5.2,13.4,195.0,-26.2
2026-03-17T20:00:00Z,33.6,199.2,119.5,278.9,0.0,0.0,0.0,199.2,2.7
2026-03-17T20:15:00Z,18.8,195.4,117.3,273.6,0.0,0.0,0.0,195.4,2.1
2026-03-17T20:30:00Z,0.4,167.6,100.6,234.6,0.0,0.0,0.0,167.6,12.4
2026-03-17T20:45:00Z,47.1,189.3,113.6,265.0,0.0,0.0,0.0,189.3,0.6
2026-03-17T21:00:00Z,45.5,160.2,96.1,224.3,0,0,0.0,160.2,13.6
2026-03-17T21:15:00Z,1.0,179.9,107.9,251.8,0,0,0.0,179.9,-29.7
2026-03-17T21:30:00Z,6.9,233.1,139.9,326.3,0,0,0.0,233.1,15.1
2026-03-17T21:45:00Z,41.2,204.4,122.6,286.1,0,0,0.0,204.4,-20.3
2026-03-17T22:00:00Z,23.7,220.4,132.2,308.5,0,0,0.0,220.4,-18.2
2026-03-17T22:15:00Z,47.9,202.2,121.3,283.1,0,0,0.0,202.2,22.2
2026-03-17T22:30:00Z,24.2,221.5,132.9,310.1,0,0,0.0,221.5,-7.7
2026-03-17T22:45:00Z,5.9,234.7,140.8,328.5,0,0,0.0,234.7,40.4
2026-03-17T23:00:00Z,21.7,195.0,117.0,273.1,0,0,0.0,195.0,5.4
2026-03-17T23:15:00Z,24.6,154.1,92.4,215.7,0,0,0.0,154.1,4.0
2026-03-17T23:30:00Z,11.9,232.2,139.3,325.1,0,0,0.0,232.2,-4.2
2026-03-17T23:45:00Z,32.5,230.8,138.5,323.1,0,0,0.0,230.8,19.3
2026-03-18T00:00:00Z,34.2,205.8,123.5,288.2,0,0,0.0,205.8,-1.5
2026-03-18T00:15:00Z,21.7,271.0,162.6,350,0,0,0.0,271.0,18.7
2026-03-18T00:30:00Z,6.2,240.8,144.5,337.1,0,0,0.0,240.8,8.1
2026-03-18T00:45:00Z,34.7,276.3,165.8,350,0,0,0.0,276.3,9.5
2026-03-18T01:00:00Z,35.4,259.9,155.9,350,0,0,0.0,259.9,1.2
2026-03-18T01:15:00Z,15.8,259.5,155.7,350,0,0,0.0,259.5,-15.0
2026-03-18T01:30:00Z,23.8,244.6,146.8,342.5,0,0,0.0,244.6,23.7
2026-03-18T01:45:00Z,6.0,232.3,139.4,325.3,0,0,0.0,232.3,4.2
2026-03-18T02:00:00Z,2.3,293.0,175.8,350,0,0,0.0,293.0,-7.3
2026-03-18T02:15:00Z,0.8,254.4,152.7,350,0,0,0.0,254.4,8.7
2026-03-18T02:30:00Z,16.9,270.1,162.0,350,0,0,0.0,270.1,-6.1
2026-03-18T02:45:00Z,1.9,307.1,184.3,350,0,0,0.0,307.1,1.1
2026-03-18T03:00:00Z,26.4,283.6,170.1,350,0,0,0.0,283.6,13.2
2026-03-18T03:15:00Z,27.6,282.9,169.7,350,0,0,0.0,282.9,-3.6
2026-03-18T03:30:00Z,22.6,317.4,190.4,350,0,0,0.0,317.4,20.8
2026-03-18T03:45:00Z,33.2,255.6,153.4,350,0,0,0.0,255.6,-1.8
2026-03-18T04:00:00Z,17.8,280.3,168.2,350,0,0,0.0,280.3,16.9
2026-03-18T04:15:00Z,15.6,205.9,123.6,288.3,0,0,0.0,205.9,11.2
2026-03-18T04:30:00Z,2.6,272.5,163.5,350,0,0,0.0,272.5,-16.4
2026-03-18T04:45:00Z,25.2,310.2,186.1,350,0,0,0.0,310.2,-8.0
2026-03-18T05:00:00Z,42.2,289.4,173.7,350,0,0,0.0,289.4,-2.4
2026-03-18T05:15:00Z,6.1,239.8,143.9,335.7,0,0,0.0,239.8,-16.5
2026-03-18T05:30:00Z,15.7,265.4,159.3,350,0,0,0.0,265.4,2.3
2026-03-18T05:45:00Z,20.6,296.5,177.9,350,0,0,0.0,296.5,-1.5
2026-03-18T06:00:00Z,15.8,273.0,163.8,350,0.0,0,0.0,273.0,13.0
2026-03-18T06:15:00Z,3.8,233.0,139.8,326.2,0.0,0,0.0,233.0,12.5
2026-03-18T06:30:00Z,17.6,268.2,160.9,350,0.0,0,0.0,268.2,-8.8
2026-03-18T06:45:00Z,31.6,275.4,165.3,350,0.0,0,0.0,275.4,19.0
2026-03-18T07:00:00Z,34.6,244.1,146.5,341.8,10.7,5.4,14.0,254.9,-10.3
2026-03-18T07:15:00Z,10.5,289.5,173.7,350,9.6,4.8,12.5,299.2,24.5
2026-03-18T07:30:00Z,9.6,242.8,145.7,339.9,9.2,4.6,12.0,252.0,6.6
2026-03-18T07:45:00Z,7.5,244.2,146.5,341.9,12.1,6.1,15.7,256.3,8.1
2026-03-18T08:00:00Z,25.2,258.1,154.8,350,33.3,16.6,43.3,291.4,11.3
2026-03-18T08:15:00Z,10.4,304.5,182.7,350,31.4,15.7,40.9,335.9,10.6
2026-03-18T08:30:00Z,31.7,263.2,157.9,350,26.1,13.1,33.9,289.3,14.0
2026-03-18T08:45:00Z,25.3,263.6,158.2,350,31.2,15.6,40.5,294.7,5.7
2026-03-18T09:00:00Z,18.1,249.5,149.7,349.4,42.3,21.1,55.0,291.8,-2.4
2026-03-18T09:15:00Z,26.1,278.4,167.0,350,45.5,22.7,59.1,323.9,1.5
2026-03-18T09:30:00Z,40.0,264.9,158.9,350,46.4,23.2,60.3,311.3,10.8
2026-03-18T09:45:00Z,1.6,266.5,159.9,350,45.0,22.5,58.5,311.5,6.8
2026-03-18T10:00:00Z,46.5,251.9,151.1,350,59.8,29.9,77.7,311.7,19.6
2026-03-18T10:15:00Z,24.0,314.1,188.4,350,63.0,31.5,81.8,377.0,-18.9
2026-03-18T10:30:00Z,47.1,265.9,159.5,350,82.0,41.0,106.6,347.8,-3.0
2026-03-18T10:45:00Z,43.6,216.8,130.1,303.5,81.8,40.9,106.3,298.5,9.6
2026-03-18T11:00:00Z,5.4,262.0,157.2,350,73.0,36.5,94.9,335.0,-31.5
2026-03-18T11:15:00Z,17.0,247.0,148.2,345.7,91.5,45.8,119.0,338.5,-7.5
2026-03-18T11:30:00Z,44.2,258.9,155.3,350,102.4,51.2,120,361.3,-13.7
2026-03-18T11:45:00Z,38.7,224.6,134.8,314.5,102.0,51.0,120,326.6,-12.5
2026-03-18T12:00:00Z,34.0,250.8,150.5,350,94.9,47.5,120,345.8,-3.9
2026-03-18T12:15:00Z,8.0,267.2,160.3,350,109.1,54.6,120,376.4,-35.3
2026-03-18T12:30:00Z,43.3,252.0,151.2,350,99.0,49.5,120,351.0,-24.0
2026-03-18T12:45:00Z,22.0,248.3,149.0,347.6,87.6,43.8,113.9,335.9,-7.5
2026-03-18T13:00:00Z,20.5,285.5,171.3,350,112.9,56.4,120,398.4,-3.0
2026-03-18T13:15:00Z,10.8,262.7,157.6,350,95.5,47.8,120,358.2,-2.1
2026-03-18T13:30:00Z,14.9,282.3,169.4,350,102.1,51.0,120,384.3,13.7
2026-03-18T13:45:00Z,17.2,245.7,147.4,344.0,92.9,46.5,120,338.6,4.9
2026-03-18T14:00:00Z,0.5,216.0,129.6,302.4,94.2,47.1,120,310.2,-13.4
2026-03-18T14:15:00Z,30.4,257.1,154.3,350,84.6,42.3,110.0,341.7,-27.2
2026-03-18T14:30:00Z,37.9,280.4,168.2,350,89.8,44.9,116.8,370.2,-5.0
2026-03-18T14:45:00Z,10.9,232.5,139.5,325.5,87.6,43.8,113.8,320.0,-3.9
2026-03-18T15:00:00Z,13.8,241.6,144.9,338.2,77.5,38.8,100.8,319.1,7.5
2026-03-18T15:15:00Z,20.2,241.8,145.1,338.6,86.0,43.0,111.8,327.8,-32.4
2026-03-18T15:30:00Z,28.7,266.8,160.1,350,73.6,36.8,95.7,340.3,-5.5
2026-03-18T15:45:00Z,3.6,237.1,142.3,332.0,73.2,36.6,95.1,310.3,-24.5
2026-03-18T16:00:00Z,31.6,246.9,148.1,345.7,62.5,31.2,81.2,309.4,-9.4
2026-03-18T16:15:00Z,16.6,214.9,128.9,300.8,62.5,31.2,81.2,277.4,30.9
2026-03-18T16:30:00Z,27.8,197.9,118.8,277.1,80.6,40.3,104.8,278.6,-27.7
2026-03-18T16:45:00Z,25.6,180.5,108.3,252.7,77.7,38.9,101.0,258.2,28.5
2026-03-18T17:00:00Z,12.1,271.7,163.0,350,45.6,22.8,59.3,317.3,26.7
2026-03-18T17:15:00Z,28.9,236.6,142.0,331.3,54.6,27.3,71.0,291.2,12.5
2026-03-18T17:30:00Z,12.2,255.0,153.0,350,42.7,21.4,55.5,297.8,-18.3
2026-03-18T17:45:00Z,19.4,217.2,130.3,304.1,46.2,23.1,60.1,263.5,-19.8
2026-03-18T18:00:00Z,11.7,206.2,123.7,288.7,30.4,15.2,39.6,236.6,15.2
2026-03-18T18:15:00Z,41.5,246.3,147.8,344.8,30.1,15.1,39.2,276.4,5.5
2026-03-18T18:30:00Z,28.8,248.4,149.0,347.7,24.7,12.4,32.1,273.1,0.1
2026-03-18T18:45:00Z,41.9,270.7,162.4,350,27.9,14.0,36.3,298.6,-15.6
2026-03-18T19:00:00Z,6.4,218.3,131.0,305.6,11.9,5.9,15.4,230.1,-12.2
2026-03-18T19:15:00Z,7.0,265.5,159.3,350,9.4,4.7,12.3,274.9,17.3
2026-03-18T19:30:00Z,10.3,255.1,153.1,350,11.5,5.8,15.0,266.6,-16.0
2026-03-18T19:45:00Z,11.4,256.5,153.9,350,12.0,6.0,15.6,268.5,-2.4
2026-03-18T20:00:00Z,45.7,260.9,156.5,350,0.0,0.0,0.0,260.9,8.6
2026-03-18T20:15:00Z,46.8,279.6,167.8,350,0.0,0.0,0.0,279.6,28.8
2026-03-18T20:30:00Z,6.2,270.3,162.2,350,0.0,0.0,0.0,270.3,-5.4
2026-03-18T20:45:00Z,39.7,242.7,145.6,339.8,0.0,0.0,0.0,242.7,11.3
2026-03-18T21:00:00Z,25.9,208.3,125.0,291.7,0,0,0.0,208.3,2.2
2026-03-18T21:15:00Z,7.6,233.2,139.9,326.4,0,0,0.0,233.2,-10.4
2026-03-18T21:30:00Z,40.2,293.2,175.9,350,0,0,0.0,293.2,-4.3
2026-03-18T21:45:00Z,36.4,245.0,147.0,343.0,0,0,0.0,245.0,3.8
2026-03-18T22:00:00Z,15.4,241.1,144.7,337.6,0,0,0.0,241.1,-0.9
2026-03-18T22:15:00Z,7.9,263.6,158.1,350,0,0,0.0,263.6,-23.8
2026-03-18T22:30:00Z,1.3,241.3,144.8,337.9,0,0,0.0,241.3,51.9
2026-03-18T22:45:00Z,14.1,239.1,143.5,334.8,0,0,0.0,239.1,28.4
2026-03-18T23:00:00Z,3.4,257.9,154.7,350,0,0,0.0,257.9,-10.2
2026-03-18T23:15:00Z,6.3,305.8,183.5,350,0,0,0.0,305.8,-18.2
2026-03-18T23:30:00Z,21.3,207.0,124.2,289.7,0,0,0.0,207.0,1.2
2026-03-18T23:45:00Z,14.2,262.0,157.2,350,0,0,0.0,262.0,-6.4
2026-03-19T00:00:00Z,10.3,245.1,147.1,343.2,0,0,0.0,245.1,-10.2
2026-03-19T00:15:00Z,14.0,211.4,126.8,296.0,0,0,0.0,211.4,-16.6
2026-03-19T00:30:00Z,20.1,215.4,129.2,301.6,0,0,0.0,215.4,-7.6
2026-03-19T00:45:00Z,34.4,214.1,128.4,299.7,0,0,0.0,214.1,25.4
2026-03-19T01:00:00Z,47.2,227.2,136.3,318.0,0,0,0.0,227.2,-6.3
2026-03-19T01:15:00Z,7.9,242.4,145.5,339.4,0,0,0.0,242.4,24.1
2026-03-19T01:30:00Z,31.3,213.6,128.2,299.1,0,0,0.0,213.6,2.0
2026-03-19T01:45:00Z,27.7,225.3,135.2,315.4,0,0,0.0,225.3,23.4
2026-03-19T02:00:00Z,29.0,247.1,148.3,345.9,0,0,0.0,247.1,-9.2
2026-03-19T02:15:00Z,21.5,222.7,133.6,311.8,0,0,0.0,222.7,-10.6
2026-03-19T02:30:00Z,8.8,267.9,160.7,350,0,0,0.0,267.9,7.9
2026-03-19T02:45:00Z,7.6,242.3,145.4,339.2,0,0,0.0,242.3,-16.3
2026-03-19T03:00:00Z,41.2,216.3,129.8,302.8,0,0,0.0,216.3,-2.4
2026-03-19T03:15:00Z,36.4,244.2,146.5,341.9,0,0,0.0,244.2,4.0
2026-03-19T03:30:00Z,10.5,226.5,135.9,317.0,0,0,0.0,226.5,4.4
2026-03-19T03:45:00Z,20.6,237.0,142.2,331.7,0,0,0.0,237.0,6.2
2026-03-19T04:00:00Z,20.3,247.5,148.5,346.4,0,0,0.0,247.5,-10.6
2026-03-19T04:15:00Z,37.4,223.3,134.0,312.6,0,0,0.0,223.3,-13.3
2026-03-19T04:30:00Z,40.3,292.5,175.5,350,0,0,0.0,292.5,-9.8
2026-03-19T04:45:00Z,40.6,266.1,159.6,350,0,0,0.0,266.1,-4.4
2026-03-19T05:00:00Z,10.8,228.2,136.9,319.4,0,0,0.0,228.2,5.3
2026-03-19T05:15:00Z,22.2,208.3,125.0,291.6,0,0,0.0,208.3,-22.4
2026-03-19T05:30:00Z,27.7,235.9,141.5,330.2,0,0,0.0,235.9,9.7
2026-03-19T05:45:00Z,10.5,283.7,170.2,350,0,0,0.0,283.7,17.8
2026-03-19T06:00:00Z,26.1,197.9,118.8,277.1,0.0,0,0.0,197.9,-17.1
2026-03-19T06:15:00Z,27.3,239.5,143.7,335.2,0.0,0,0.0,239.5,-21.3
2026-03-19T06:30:00Z,24.1,232.6,139.5,325.6,0.0,0,0.0,232.6,2.1
2026-03-19T06:45:00Z,20.8,257.8,154.7,350,0.0,0,0.0,257.8,-7.3
2026-03-19T07:00:00Z,11.0,265.4,159.2,350,9.4,4.7,12.2,274.8,-21.4
2026-03-19T07:15:00Z,35.1,239.9,143.9,335.9,8.9,4.4,11.5,248.8,11.1
2026-03-19T07:30:00Z,32.8,275.7,165.4,350,11.6,5.8,15.1,287.3,26.4
2026-03-19T07:45:00Z,42.4,286.1,171.6,350,10.3,5.2,13.4,296.4,16.5
2026-03-19T08:00:00Z,34.1,282.7,169.6,350,33.1,16.5,43.0,315.8,0.5
2026-03-19T08:15:00Z,44.1,255.9,153.5,350,27.7,13.9,36.1,283.6,8.5
2026-03-19T08:30:00Z,3.4,236.9,142.2,331.7,31.8,15.9,41.3,268.7,21.5
2026-03-19T08:45:00Z,27.7,234.9,141.0,328.9,30.1,15.0,39.1,265.0,18.0
2026-03-19T09:00:00Z,5.8,226.2,135.7,316.6,42.7,21.3,55.5,268.8,6.1
2026-03-19T09:15:00Z,6.3,265.1,159.0,350,56.3,28.1,73.2,321.3,-0.4
2026-03-19T09:30:00Z,4.9,248.5,149.1,347.9,53.6,26.8,69.6,302.1,26.7
2026-03-19T09:45:00Z,27.0,200.5,120.3,280.6,56.1,28.0,72.9,256.5,-6.3
2026-03-19T10:00:00Z,45.2,248.4,149.1,347.8,70.9,35.4,92.1,319.3,6.7
2026-03-19T10:15:00Z,18.2,244.1,146.5,341.7,75.1,37.5,97.6,319.1,5.7
2026-03-19T10:30:00Z,9.9,241.0,144.6,337.4,78.9,39.4,102.6,319.9,7.6
2026-03-19T10:45:00Z,2.1,260.1,156.1,350,68.3,34.1,88.8,328.4,-16.6
2026-03-19T11:00:00Z,11.7,252.7,151.6,350,82.7,41.3,107.5,335.4,7.0
2026-03-19T11:15:00Z,30.7,245.4,147.3,343.6,98.0,49.0,120,343.4,-25.8
2026-03-19T11:30:00Z,12.2,230.6,138.3,322.8,77.3,38.6,100.5,307.8,-10.8
2026-03-19T11:45:00Z,40.5,221.0,132.6,309.4,98.8,49.4,120,319.8,12.3
2026-03-19T12:00:00Z,5.4,241.1,144.7,337.6,98.1,49.1,120,339.2,-13.9
2026-03-19T12:15:00Z,29.7,247.4,148.4,346.3,85.6,42.8,111.3,333.0,-11.3
2026-03-19T12:30:00Z,25.2,229.6,137.8,321.5,98.5,49.2,120,328.1,-15.9
2026-03-19T12:45:00Z,36.8,263.8,158.3,350,93.5,46.7,120,357.3,-1.0
2026-03-19T13:00:00Z,33.8,178.3,107.0,249.6,102.8,51.4,120,281.1,-12.1
2026-03-19T13:15:00Z,35.8,192.7,115.6,269.8,98.2,49.1,120,290.9,1.6
2026-03-19T13:30:00Z,4.0,214.4,128.6,300.1,119.5,59.8,120,333.9,-23.5
2026-03-19T13:45:00Z,25.7,234.9,140.9,328.9,103.3,51.6,120,338.2,-25.0
2026-03-19T14:00:00Z,45.2,252.1,151.3,350,87.2,43.6,113.3,339.2,-2.1
2026-03-19T14:15:00Z,34.6,243.7,146.2,341.2,101.4,50.7,120,345.1,19.7
2026-03-19T14:30:00Z,13.4,200.0,120.0,280.0,96.3,48.1,120,296.3,8.3
2026-03-19T14:45:00Z,42.3,207.7,124.6,290.8,86.6,43.3,112.6,294.3,33.4
2026-03-19T15:00:00Z,37.4,213.1,127.8,298.3,79.4,39.7,103.2,292.5,9.1
2026-03-19T15:15:00Z,46.8,232.1,139.2,324.9,84.9,42.5,110.4,317.0,-31.9
2026-03-19T15:30:00Z,43.9,243.2,145.9,340.5,91.3,45.7,118.7,334.5,-17.0
2026-03-19T15:45:00Z,31.4,253.9,152.4,350,93.7,46.8,120,347.6,-0.1
2026-03-19T16:00:00Z,17.1,198.1,118.9,277.3,67.4,33.7,87.6,265.5,-17.7
2026-03-19T16:15:00Z,39.3,177.3,106.4,248.3,65.4,32.7,85.0,242.7,1.6
2026-03-19T16:30:00Z,6.1,222.9,133.7,312.0,61.2,30.6,79.5,284.1,12.3
2026-03-19T16:45:00Z,10.6,217.7,130.6,304.8,64.6,32.3,83.9,282.3,-2.7
2026-03-19T17:00:00Z,40.5,243.9,146.3,341.4,50.3,25.2,65.4,294.2,15.3
2026-03-19T17:15:00Z,15.2,189.1,113.4,264.7,46.6,23.3,60.6,235.7,-12.1
2026-03-19T17:30:00Z,3.5,206.5,123.9,289.1,53.0,26.5,68.9,259.5,-11.2
2026-03-19T17:45:00Z,30.5,224.9,134.9,314.8,43.5,21.7,56.5,268.3,11.9
2026-03-19T18:00:00Z,28.4,204.1,122.5,285.7,30.3,15.2,39.4,234.4,-13.7
2026-03-19T18:15:00Z,24.1,207.4,124.5,290.4,27.5,13.7,35.7,234.9,21.3
2026-03-19T18:30:00Z,24.3,205.4,123.3,287.6,30.9,15.5,40.2,236.4,19.4
2026-03-19T18:45:00Z,30.1,198.1,118.9,277.4,26.0,13.0,33.8,224.1,-11.6
2026-03-19T19:00:00Z,30.5,190.3,114.2,266.4,12.1,6.1,15.7,202.4,-6.6
2026-03-19T19:15:00Z,35.6,202.7,121.6,283.8,12.1,6.0,15.7,214.8,10.9
2026-03-19T19:30:00Z,29.7,149.8,89.9,209.7,10.1,5.0,13.1,159.8,-16.6
2026-03-19T19:45:00Z,41.9,248.4,149.1,347.8,11.0,5.5,14.3,259.4,-14.9
2026-03-19T20:00:00Z,38.2,203.7,122.2,285.2,0.0,0.0,0.0,203.7,-30.9
2026-03-19T20:15:00Z,24.0,252.8,151.7,350,0.0,0.0,0.0,252.8,-22.7
2026-03-19T20:30:00Z,2.4,219.8,131.9,307.7,0.0,0.0,0.0,219.8,0.7
2026-03-19T20:45:00Z,13.4,245.6,147.4,343.8,0.0,0.0,0.0,245.6,-10.1
2026-03-19T21:00:00Z,29.8,228.4,137.0,319.7,0,0,0.0,228.4,-20.8
2026-03-19T21:15:00Z,29.1,191.2,114.7,267.7,0,0,0.0,191.2,-6.6
2026-03-19T21:30:00Z,1.1,257.8,154.7,350,0,0,0.0,257.8,-14.0
2026-03-19T21:45:00Z,13.8,220.5,132.3,308.7,0,0,0.0,220.5,4.7
2026-03-19T22:00:00Z,2.7,214.1,128.5,299.8,0,0,0.0,214.1,-0.8
2026-03-19T22:15:00Z,23.8,235.5,141.3,329.8,0,0,0.0,235.5,3.0
2026-03-19T22:30:00Z,21.9,209.7,125.8,293.6,0,0,0.0,209.7,18.2
2026-03-19T22:45:00Z,0.8,207.6,124.6,290.7,0,0,0.0,207.6,-12.5
2026-03-19T23:00:00Z,20.8,176.0,105.6,246.4,0,0,0.0,176.0,-6.4
2026-03-19T23:15:00Z,43.9,211.0,126.6,295.4,0,0,0.0,211.0,-1.5
2026-03-19T23:30:00Z,7.4,253.5,152.1,350,0,0,0.0,253.5,6.2
2026-03-19T23:45:00Z,7.6,200.6,120.4,280.9,0,0,0.0,200.6,-29.5
2026-03-20T00:00:00Z,41.6,238.2,142.9,333.4,0,0,0.0,238.2,-5.3
2026-03-20T00:15:00Z,2.3,252.0,151.2,350,0,0,0.0,252.0,5.9
2026-03-20T00:30:00Z,13.6,251.4,150.8,350,0,0,0.0,251.4,7.0
2026-03-20T00:45:00Z,24.7,208.4,125.1,291.8,0,0,0.0,208.4,13.3
2026-03-20T01:00:00Z,29.2,220.5,132.3,308.7,0,0,0.0,220.5,-4.5
2026-03-20T01:15:00Z,24.4,258.5,155.1,350,0,0,0.0,258.5,10.7
2026-03-20T01:30:00Z,1.2,226.3,135.8,316.8,0,0,0.0,226.3,0.5
2026-03-20T01:45:00Z,21.2,246.3,147.8,344.8,0,0,0.0,246.3,-1.5
2026-03-20T02:00:00Z,5.6,264.5,158.7,350,0,0,0.0,264.5,-9.5
2026-03-20T02:15:00Z,1.9,184.8,110.9,258.7,0,0,0.0,184.8,32.8
2026-03-20T02:30:00Z,40.6,225.4,135.2,315.5,0,0,0.0,225.4,-10.1
2026-03-20T02:45:00Z,3.9,253.2,151.9,350,0,0,0.0,253.2,-1.1
2026-03-20T03:00:00Z,20.2,236.8,142.1,331.6,0,0,0.0,236.8,-2.6
2026-03-20T03:15:00Z,46.7,250.9,150.5,350,0,0,0.0,250.9,-14.1
2026-03-20T03:30:00Z,43.6,225.5,135.3,315.8,0,0,0.0,225.5,15.4
2026-03-20T03:45:00Z,40.9,236.4,141.9,331.0,0,0,0.0,236.4,3.7
2026-03-20T04:00:00Z,39.2,254.0,152.4,350,0,0,0.0,254.0,-13.7
2026-03-20T04:15:00Z,13.5,183.1,109.9,256.3,0,0,0.0,183.1,42.2
2026-03-20T04:30:00Z,41.9,218.2,130.9,305.4,0,0,0.0,218.2,-16.3
2026-03-20T04:45:00Z,9.8,238.0,142.8,333.1,0,0,0.0,238.0,-7.2
2026-03-20T05:00:00Z,36.8,214.8,128.9,300.7,0,0,0.0,214.8,-11.4
2026-03-20T05:15:00Z,4.8,289.9,173.9,350,0,0,0.0,289.9,-11.3
2026-03-20T05:30:00Z,32.2,279.4,167.6,350,0,0,0.0,279.4,28.6
2026-03-20T05:45:00Z,18.0,231.6,138.9,324.2,0,0,0.0,231.6,-15.0
2026-03-20T06:00:00Z,35.2,292.2,175.3,350,0.0,0,0.0,292.2,8.0
2026-03-20T06:15:00Z,27.3,204.2,122.5,285.8,0.0,0,0.0,204.2,39.9
2026-03-20T06:30:00Z,43.6,218.9,131.4,306.5,0.0,0,0.0,218.9,-1.6
2026-03-20T06:45:00Z,13.2,315.6,189.3,350,0.0,0,0.0,315.6,-22.2
2026-03-20T07:00:00Z,32.5,230.1,138.0,322.1,10.5,5.3,13.7,240.6,2.8
2026-03-20T07:15:00Z,0.3,228.0,136.8,319.2,9.1,4.5,11.8,237.1,-0.8
2026-03-20T07:30:00Z,9.9,242.1,145.3,338.9,9.2,4.6,12.0,251.3,19.6
2026-03-20T07:45:00Z,31.9,270.4,162.2,350,10.4,5.2,13.6,280.8,-3.9
2026-03-20T08:00:00Z,20.1,266.1,159.6,350,27.2,13.6,35.4,293.3,-12.5
2026-03-20T08:15:00Z,47.1,283.2,169.9,350,30.2,15.1,39.3,313.5,21.9
2026-03-20T08:30:00Z,2.9,265.2,159.1,350,25.6,12.8,33.2,290.8,-4.0
2026-03-20T08:45:00Z,40.2,256.7,154.0,350,29.8,14.9,38.7,286.4,-25.6
2026-03-20T09:00:00Z,25.3,196.8,118.1,275.6,42.1,21.1,54.8,239.0,12.8
2026-03-20T09:15:00Z,4.7,231.3,138.8,323.8,48.3,24.2,62.8,279.6,-2.7
2026-03-20T09:30:00Z,13.8,259.2,155.5,350,47.6,23.8,61.9,306.9,2.2
2026-03-20T09:45:00Z,15.9,251.4,150.9,350,43.6,21.8,56.7,295.0,7.9
2026-03-20T10:00:00Z,2.4,259.6,155.8,350,72.2,36.1,93.9,331.8,9.1
2026-03-20T10:15:00Z,15.6,245.3,147.2,343.4,73.8,36.9,96.0,319.1,26.7
2026-03-20T10:30:00Z,3.1,272.5,163.5,350,61.9,30.9,80.4,334.3,12.1
2026-03-20T10:45:00Z,45.6,251.8,151.1,350,77.3,38.7,100.6,329.1,20.1
2026-03-20T11:00:00Z,39.7,266.7,160.0,350,90.0,45.0,116.9,356.7,7.1
2026-03-20T11:15:00Z,10.0,204.5,122.7,286.3,90.9,45.4,118.1,295.4,-7.0
2026-03-20T11:30:00Z,43.5,208.4,125.0,291.8,84.2,42.1,109.5,292.7,-11.9
2026-03-20T11:45:00Z,43.6,240.9,144.6,337.3,79.0,39.5,102.7,319.9,21.0
2026-03-20T12:00:00Z,26.1,219.2,131.5,306.9,107.7,53.9,120,326.9,28.6
2026-03-20T12:15:00Z,40.4,263.0,157.8,350,92.0,46.0,119.7,355.1,-26.4
2026-03-20T12:30:00Z,1.1,222.8,133.7,311.9,90.4,45.2,117.6,313.2,-7.5
2026-03-20T12:45:00Z,33.2,249.9,149.9,349.8,89.0,44.5,115.7,338.8,-14.1
2026-03-20T13:00:00Z,25.6,234.4,140.7,328.2,97.0,48.5,120,331.5,1.1
2026-03-20T13:15:00Z,13.6,221.7,133.0,310.4,92.4,46.2,120,314.2,-38.4
2026-03-20T13:30:00Z,26.2,236.6,141.9,331.2,117.3,58.7,120,353.9,-43.2
2026-03-20T13:45:00Z,2.8,204.9,122.9,286.8,105.9,53.0,120,310.8,-3.0
2026-03-20T14:00:00Z,12.4,240.3,144.2,336.5,92.5,46.2,120,332.8,24.7
2026-03-20T14:15:00Z,15.4,167.7,100.6,234.8,92.7,46.4,120,260.4,-4.7
2026-03-20T14:30:00Z,29.3,196.4,117.8,274.9,107.9,54.0,120,304.3,14.3
2026-03-20T14:45:00Z,34.1,229.8,137.9,321.7,88.1,44.0,114.5,317.9,-16.9
2026-03-20T15:00:00Z,34.3,240.1,144.1,336.2,85.3,42.7,110.9,325.4,21.6
2026-03-20T15:15:00Z,31.6,233.1,139.9,326.3,81.0,40.5,105.3,314.1,19.7
2026-03-20T15:30:00Z,35.8,242.2,145.3,339.1,97.5,48.8,120,339.7,1.9
2026-03-20T15:45:00Z,6.7,241.3,144.8,337.9,92.5,46.2,120,333.8,-4.9
2026-03-20T16:00:00Z,44.7,216.2,129.7,302.7,73.1,36.5,95.0,289.3,-1.6
2026-03-20T16:15:00Z,42.4,214.8,128.9,300.7,77.2,38.6,100.4,292.0,14.7
2026-03-20T16:30:00Z,21.4,214.7,128.8,300.6,64.3,32.1,83.6,279.0,-8.9
2026-03-20T16:45:00Z,40.8,214.7,128.8,300.6,73.0,36.5,95.0,287.7,15.5
2026-03-20T17:00:00Z,23.9,180.8,108.5,253.1,48.1,24.0,62.5,228.9,-11.2
2026-03-20T17:15:00Z,19.4,220.8,132.5,309.2,48.2,24.1,62.7,269.0,-2.3
2026-03-20T17:30:00Z,29.5,189.6,113.8,265.5,50.2,25.1,65.3,239.8,-10.6
2026-03-20T17:45:00Z,35.8,186.6,111.9,261.2,48.0,24.0,62.4,234.6,-17.2
2026-03-20T18:00:00Z,19.6,242.9,145.8,340.1,33.2,16.6,43.1,276.1,-10.3
2026-03-20T18:15:00Z,35.1,183.5,110.1,256.9,27.3,13.6,35.5,210.8,5.3
2026-03-20T18:30:00Z,32.0,204.5,122.7,286.3,26.4,13.2,34.3,230.9,-15.7
2026-03-20T18:45:00Z,47.2,216.3,129.8,302.8,28.0,14.0,36.4,244.3,0.7
2026-03-20T19:00:00Z,43.5,177.6,106.6,248.7,10.6,5.3,13.8,188.2,14.1
2026-03-20T19:15:00Z,14.3,209.4,125.6,293.2,9.0,4.5,11.7,218.4,4.1
2026-03-20T19:30:00Z,20.6,222.8,133.7,311.9,9.7,4.9,12.6,232.5,14.7
2026-03-20T19:45:00Z,4.6,182.4,109.4,255.3,11.0,5.5,14.3,193.4,-23.8
2026-03-20T20:00:00Z,33.3,188.1,112.9,263.4,0.0,0.0,0.0,188.1,4.4
2026-03-20T20:15:00Z,14.3,178.1,106.9,249.4,0.0,0.0,0.0,178.1,-6.1
2026-03-20T20:30:00Z,44.3,202.8,121.7,283.9,0.0,0.0,0.0,202.8,-2.5
2026-03-20T20:45:00Z,1.7,189.7,113.8,265.6,0.0,0.0,0.0,189.7,13.1
2026-03-20T21:00:00Z,33.6,258.3,155.0,350,0,0,0.0,258.3,-22.5
2026-03-20T21:15:00Z,11.9,234.7,140.8,328.6,0,0,0.0,234.7,12.7
2026-03-20T21:30:00Z,4.7,217.3,130.4,304.3,0,0,0.0,217.3,-13.4
2026-03-20T21:45:00Z,18.5,238.9,143.3,334.4,0,0,0.0,238.9,-18.7
2026-03-20T22:00:00Z,36.3,277.6,166.6,350,0,0,0.0,277.6,-7.2
2026-03-20T22:15:00Z,32.5,240.1,144.1,336.2,0,0,0.0,240.1,4.0
2026-03-20T22:30:00Z,39.8,208.0,124.8,291.2,0,0,0.0,208.0,-14.7
2026-03-20T22:45:00Z,30.1,238.4,143.1,333.8,0,0,0.0,238.4,-26.8
2026-03-20T23:00:00Z,16.1,194.0,116.4,271.7,0,0,0.0,194.0,-6.1
2026-03-20T23:15:00Z,0.6,191.2,114.7,267.6,0,0,0.0,191.2,-16.5
2026-03-20T23:30:00Z,18.8,263.9,158.4,350,0,0,0.0,263.9,-5.5
2026-03-20T23:45:00Z,45.9,201.3,120.8,281.8,0,0,0.0,201.3,8.7
2026-03-21T00:00:00Z,29.9,153.5,92.1,214.9,0,0,0.0,153.5,8.4
2026-03-21T00:15:00Z,0.6,170.3,102.2,238.4,0,0,0.0,170.3,-24.5
2026-03-21T00:30:00Z,3.3,140.1,84.0,196.1,0,0,0.0,140.1,4.7
2026-03-21T00:45:00Z,44.2,159.9,95.9,223.9,0,0,0.0,159.9,21.1
2026-03-21T01:00:00Z,4.8,139.4,83.6,195.1,0,0,0.0,139.4,-23.3
2026-03-21T01:15:00Z,22.5,151.1,90.6,211.5,0,0,0.0,151.1,-7.7
2026-03-21T01:30:00Z,46.8,141.5,84.9,198.1,0,0,0.0,141.5,-10.0
2026-03-21T01:45:00Z,31.3,141.7,85.0,198.4,0,0,0.0,141.7,-19.1
2026-03-21T02:00:00Z,8.8,116.5,69.9,163.0,0,0,0.0,116.5,-4.1
2026-03-21T02:15:00Z,24.1,152.2,91.3,213.0,0,0,0.0,152.2,21.9
2026-03-21T02:30:00Z,24.5,101.9,61.1,142.6,0,0,0.0,101.9,-8.9
2026-03-21T02:45:00Z,21.2,152.2,91.3,213.0,0,0,0.0,152.2,18.2
2026-03-21T03:00:00Z,11.6,140.4,84.3,196.6,0,0,0.0,140.4,5.7
2026-03-21T03:15:00Z,15.1,149.5,89.7,209.4,0,0,0.0,149.5,37.7
2026-03-21T03:30:00Z,38.4,173.8,104.3,243.3,0,0,0.0,173.8,-1.5
2026-03-21T03:45:00Z,30.4,151.9,91.1,212.6,0,0,0.0,151.9,0.1
2026-03-21T04:00:00Z,27.6,157.2,94.3,220.0,0,0,0.0,157.2,5.0
2026-03-21T04:15:00Z,29.1,163.0,97.8,228.2,0,0,0.0,163.0,0.1
2026-03-21T04:30:00Z,39.7,171.2,102.7,239.7,0,0,0.0,171.2,26.7
2026-03-21T04:45:00Z,35.9,120.7,72.4,168.9,0,0,0.0,120.7,-0.6
2026-03-21T05:00:00Z,2.2,128.4,77.1,179.8,0,0,0.0,128.4,-0.1
2026-03-21T05:15:00Z,43.4,166.2,99.7,232.6,0,0,0.0,166.2,-4.6
2026-03-21T05:30:00Z,43.2,126.7,76.0,177.4,0,0,0.0,126.7,-8.8
2026-03-21T05:45:00Z,6.5,155.1,93.1,217.1,0,0,0.0,155.1,-13.5
2026-03-21T06:00:00Z,35.4,179.8,107.9,251.8,0.0,0,0.0,179.8,13.4
2026-03-21T06:15:00Z,22.8,194.0,116.4,271.6,0.0,0,0.0,194.0,-32.6
2026-03-21T06:30:00Z,43.7,186.2,111.7,260.7,0.0,0,0.0,186.2,23.7
2026-03-21T06:45:00Z,13.2,159.6,95.8,223.5,0.0,0,0.0,159.6,11.8
2026-03-21T07:00:00Z,33.9,188.8,113.3,264.3,9.9,4.9,12.9,198.7,4.8
2026-03-21T07:15:00Z,20.0,149.1,89.5,208.7,11.9,6.0,15.5,161.0,17.3
2026-03-21T07:30:00Z,27.7,139.3,83.6,195.1,10.7,5.4,13.9,150.1,42.1
2026-03-21T07:45:00Z,39.0,170.5,102.3,238.7,10.6,5.3,13.7,181.0,4.3
2026-03-21T08:00:00Z,43.6,175.3,105.2,245.5,30.1,15.0,39.1,205.4,-11.2
2026-03-21T08:15:00Z,26.1,169.2,101.5,236.9,26.4,13.2,34.4,195.7,4.7
2026-03-21T08:30:00Z,30.7,153.0,91.8,214.2,28.6,14.3,37.2,181.5,-2.2
2026-03-21T08:45:00Z,18.1,178.4,107.1,249.8,24.9,12.5,32.4,203.3,-10.1
2026-03-21T09:00:00Z,36.4,164.6,98.8,230.5,46.1,23.0,59.9,210.7,27.7
2026-03-21T09:15:00Z,46.9,162.0,97.2,226.8,42.1,21.0,54.7,204.1,10.4
2026-03-21T09:30:00Z,45.7,142.5,85.5,199.6,57.4,28.7,74.6,199.9,13.1
2026-03-21T09:45:00Z,21.4,154.5,92.7,216.4,44.3,22.1,57.5,198.8,-10.9
2026-03-21T10:00:00Z,40.4,132.4,79.5,185.4,67.2,33.6,87.4,199.7,-1.4
2026-03-21T10:15:00Z,13.7,152.8,91.7,213.9,77.4,38.7,100.7,230.2,9.5
2026-03-21T10:30:00Z,25.5,152.8,91.7,213.9,72.8,36.4,94.6,225.6,21.2
2026-03-21T10:45:00Z,11.1,184.7,110.8,258.6,82.8,41.4,107.6,267.5,-3.9
2026-03-21T11:00:00Z,8.5,185.4,111.2,259.5,92.5,46.2,120,277.9,14.6
2026-03-21T11:15:00Z,15.5,161.0,96.6,225.3,96.4,48.2,120,257.4,8.4
2026-03-21T11:30:00Z,7.2,120.1,72.1,168.2,74.6,37.3,97.0,194.7,-4.2
2026-03-21T11:45:00Z,7.9,148.1,88.9,207.4,75.6,37.8,98.3,223.7,9.8
2026-03-21T12:00:00Z,36.1,139.9,83.9,195.8,98.5,49.2,120,238.4,-14.6
2026-03-21T12:15:00Z,42.1,173.1,103.9,242.3,98.4,49.2,120,271.5,-1.2
2026-03-21T12:30:00Z,16.3,148.4,89.0,207.7,107.9,53.9,120,256.2,-7.9
2026-03-21T12:45:00Z,28.5,158.1,94.8,221.3,108.2,54.1,120,266.3,-1.9
2026-03-21T13:00:00Z,46.6,128.0,76.8,179.3,96.0,48.0,120,224.1,17.6
2026-03-21T13:15:00Z,42.0,140.9,84.5,197.2,112.4,56.2,120,253.3,-2.8
2026-03-21T13:30:00Z,35.1,152.8,91.7,214.0,114.0,57.0,120,266.9,-16.0
2026-03-21T13:45:00Z,43.2,126.4,75.8,177.0,116.2,58.1,120,242.6,17.5
2026-03-21T14:00:00Z,6.1,115.1,69.0,161.1,90.6,45.3,117.8,205.7,38.7
2026-03-21T14:15:00Z,24.5,152.3,91.4,213.2,101.6,50.8,120,253.9,-19.7
2026-03-21T14:30:00Z,37.5,119.4,71.7,167.2,101.5,50.8,120,220.9,-11.5
2026-03-21T14:45:00Z,43.4,139.7,83.8,195.6,93.1,46.6,120,232.8,21.5
2026-03-21T15:00:00Z,10.2,141.2,84.7,197.7,91.0,45.5,118.3,232.2,-7.1
2026-03-21T15:15:00Z,43.8,81.3,48.8,113.8,74.6,37.3,97.0,155.9,-8.2
2026-03-21T15:30:00Z,3.8,179.4,107.6,251.1,87.4,43.7,113.6,266.8,-26.0
2026-03-21T15:45:00Z,25.2,111.3,66.8,155.9,102.1,51.0,120,213.4,-9.7
2026-03-21T16:00:00Z,22.0,124.2,74.5,173.8,79.0,39.5,102.7,203.1,2.8
2026-03-21T16:15:00Z,43.5,110.5,66.3,154.7,66.8,33.4,86.9,177.4,16.2
2026-03-21T16:30:00Z,46.0,127.3,76.4,178.3,81.1,40.5,105.4,208.4,3.6
2026-03-21T16:45:00Z,33.6,116.7,70.0,163.4,74.7,37.3,97.1,191.4,-25.2
2026-03-21T17:00:00Z,28.2,143.0,85.8,200.3,52.2,26.1,67.8,195.2,11.0
2026-03-21T17:15:00Z,12.1,165.0,99.0,231.0,42.1,21.0,54.7,207.1,-3.7
2026-03-21T17:30:00Z,29.0,70.4,42.3,98.6,49.8,24.9,64.8,120.3,-17.3
2026-03-21T17:45:00Z,29.9,106.0,63.6,148.4,58.6,29.3,76.2,164.6,9.5
2026-03-21T18:00:00Z,22.3,138.6,83.2,194.1,24.3,12.1,31.6,162.9,25.2
2026-03-21T18:15:00Z,32.3,160.3,96.2,224.5,32.9,16.5,42.8,193.2,-15.1
2026-03-21T18:30:00Z,6.5,114.2,68.5,159.9,30.5,15.2,39.6,144.7,13.3
2026-03-21T18:45:00Z,19.5,142.4,85.4,199.3,27.9,13.9,36.2,170.2,15.4
2026-03-21T19:00:00Z,36.4,146.0,87.6,204.4,11.8,5.9,15.3,157.7,1.5
2026-03-21T19:15:00Z,21.7,131.7,79.0,184.3,11.8,5.9,15.3,143.5,-15.8
2026-03-21T19:30:00Z,37.6,62.8,37.7,88.0,11.6,5.8,15.1,74.5,18.6
2026-03-21T19:45:00Z,35.9,115.9,69.5,162.3,9.9,5.0,12.9,125.8,7.2
2026-03-21T20:00:00Z,8.4,102.5,61.5,143.6,0.0,0.0,0.0,102.5,-16.8
2026-03-21T20:15:00Z,45.0,111.4,66.8,155.9,0.0,0.0,0.0,111.4,-7.9
2026-03-21T20:30:00Z,10.2,113.2,67.9,158.5,0.0,0.0,0.0,113.2,-6.4
2026-03-21T20:45:00Z,17.1,104.5,62.7,146.2,0.0,0.0,0.0,104.5,12.7
2026-03-21T21:00:00Z,8.7,113.7,68.2,159.1,0,0,0.0,113.7,3.6
2026-03-21T21:15:00Z,36.0,131.8,79.1,184.6,0,0,0.0,131.8,28.6
2026-03-21T21:30:00Z,9.4,110.5,66.3,154.6,0,0,0.0,110.5,-2.3
2026-03-21T21:45:00Z,18.0,179.6,107.8,251.5,0,0,0.0,179.6,11.6
2026-03-21T22:00:00Z,36.4,150.1,90.0,210.1,0,0,0.0,150.1,16.2
2026-03-21T22:15:00Z,13.3,128.0,76.8,179.2,0,0,0.0,128.0,-12.0
2026-03-21T22:30:00Z,47.8,162.1,97.3,226.9,0,0,0.0,162.1,11.6
2026-03-21T22:45:00Z,34.2,128.9,77.4,180.5,0,0,0.0,128.9,-16.9
2026-03-21T23:00:00Z,46.5,135.9,81.5,190.2,0,0,0.0,135.9,27.6
2026-03-21T23:15:00Z,24.4,111.8,67.1,156.5,0,0,0.0,111.8,1.7
2026-03-21T23:30:00Z,1.2,188.2,112.9,263.4,0,0,0.0,188.2,-2.4
2026-03-21T23:45:00Z,6.2,120.8,72.5,169.1,0,0,0.0,120.8,9.3
2026-03-22T00:00:00Z,25.0,187.3,112.4,262.3,0,0,0.0,187.3,4.9
2026-03-22T00:15:00Z,15.5,194.3,116.6,272.0,0,0,0.0,194.3,-0.2
2026-03-22T00:30:00Z,19.6,220.0,132.0,307.9,0,0,0.0,220.0,-14.0
2026-03-22T00:45:00Z,36.3,234.3,140.6,328.0,0,0,0.0,234.3,0.1
2026-03-22T01:00:00Z,34.7,185.4,111.2,259.5,0,0,0.0,185.4,-0.5
2026-03-22T01:15:00Z,9.7,222.4,133.4,311.3,0,0,0.0,222.4,7.9
2026-03-22T01:30:00Z,6.3,179.2,107.5,250.9,0,0,0.0,179.2,17.1
2026-03-22T01:45:00Z,13.8,207.3,124.4,290.2,0,0,0.0,207.3,21.3
2026-03-22T02:00:00Z,10.0,190.7,114.4,267.0,0,0,0.0,190.7,-6.0
2026-03-22T02:15:00Z,35.1,210.9,126.6,295.3,0,0,0.0,210.9,-12.2
2026-03-22T02:30:00Z,14.6,169.2,101.5,236.9,0,0,0.0,169.2,1.4
2026-03-22T02:45:00Z,15.0,167.5,100.5,234.5,0,0,0.0,167.5,8.6
2026-03-22T03:00:00Z,29.0,263.4,158.0,350,0,0,0.0,263.4,16.6
2026-03-22T03:15:00Z,34.0,233.7,140.2,327.1,0,0,0.0,233.7,19.6
2026-03-22T03:30:00Z,1.0,190.7,114.4,267.0,0,0,0.0,190.7,16.4
2026-03-22T03:45:00Z,36.1,228.7,137.2,320.1,0,0,0.0,228.7,10.7
2026-03-22T04:00:00Z,37.8,216.3,129.8,302.9,0,0,0.0,216.3,24.9
2026-03-22T04:15:00Z,35.8,197.4,118.4,276.3,0,0,0.0,197.4,-4.7
2026-03-22T04:30:00Z,0.6,204.6,122.7,286.4,0,0,0.0,204.6,-7.0
2026-03-22T04:45:00Z,7.3,189.0,113.4,264.6,0,0,0.0,189.0,8.7
2026-03-22T05:00:00Z,3.8,272.8,163.7,350,0,0,0.0,272.8,44.5
2026-03-22T05:15:00Z,7.1,212.6,127.5,297.6,0,0,0.0,212.6,-6.2
2026-03-22T05:30:00Z,29.8,213.3,128.0,298.6,0,0,0.0,213.3,3.5
2026-03-22T05:45:00Z,32.7,223.2,133.9,312.5,0,0,0.0,223.2,-11.9
2026-03-22T06:00:00Z,3.6,210.1,126.1,294.1,0.0,0,0.0,210.1,-16.9
2026-03-22T06:15:00Z,9.1,177.2,106.3,248.1,0.0,0,0.0,177.2,-5.4
2026-03-22T06:30:00Z,45.2,230.5,138.3,322.6,0.0,0,0.0,230.5,8.8
2026-03-22T06:45:00Z,1.0,206.1,123.7,288.5,0.0,0,0.0,206.1,-10.4
2026-03-22T07:00:00Z,33.1,220.1,132.0,308.1,9.6,4.8,12.4,229.6,-7.2
2026-03-22T07:15:00Z,13.7,208.2,124.9,291.5,10.3,5.1,13.3,218.5,25.3
2026-03-22T07:30:00Z,45.3,210.1,126.1,294.1,9.2,4.6,12.0,219.3,8.3
2026-03-22T07:45:00Z,8.9,215.2,129.1,301.3,10.8,5.4,14.0,226.0,-13.0
2026-03-22T08:00:00Z,15.0,219.9,132.0,307.9,31.0,15.5,40.4,251.0,12.6
2026-03-22T08:15:00Z,17.6,198.0,118.8,277.2,32.6,16.3,42.4,230.6,19.1
2026-03-22T08:30:00Z,9.8,241.9,145.1,338.6,26.5,13.2,34.4,268.4,8.7
2026-03-22T08:45:00Z,10.1,194.7,116.8,272.5,33.3,16.7,43.3,228.0,-23.3
2026-03-22T09:00:00Z,18.6,177.9,106.8,249.1,48.3,24.2,62.8,226.3,-14.5
2026-03-22T09:15:00Z,35.3,217.7,130.6,304.8,54.0,27.0,70.2,271.7,18.3
2026-03-22T09:30:00Z,46.4,191.9,115.1,268.6,42.3,21.1,54.9,234.1,0.1
2026-03-22T09:45:00Z,34.5,204.7,122.8,286.6,53.6,26.8,69.7,258.3,0.8
2026-03-22T10:00:00Z,33.3,235.0,141.0,329.1,80.0,40.0,104.0,315.0,18.6
2026-03-22T10:15:00Z,38.8,199.2,119.5,278.9,70.0,35.0,91.0,269.2,5.0
2026-03-22T10:30:00Z,42.4,197.1,118.3,276.0,70.8,35.4,92.0,267.9,-29.5
2026-03-22T10:45:00Z,13.7,206.4,123.8,288.9,62.6,31.3,81.4,269.0,19.4
2026-03-22T11:00:00Z,39.3,196.5,117.9,275.0,98.2,49.1,120,294.6,-14.0
2026-03-22T11:15:00Z,46.9,196.3,117.8,274.8,83.1,41.6,108.1,279.4,-0.8
2026-03-22T11:30:00Z,9.5,235.9,141.6,330.3,78.5,39.3,102.1,314.4,3.4
2026-03-22T11:45:00Z,36.3,213.0,127.8,298.3,102.4,51.2,120,315.5,2.1
2026-03-22T12:00:00Z,32.0,190.4,114.2,266.5,88.7,44.3,115.3,279.0,-7.3
2026-03-22T12:15:00Z,27.3,208.2,124.9,291.4,87.2,43.6,113.3,295.3,-5.7
2026-03-22T12:30:00Z,5.5,221.8,133.1,310.5,96.1,48.0,120,317.9,7.2
2026-03-22T12:45:00Z,42.6,207.5,124.5,290.5,84.2,42.1,109.5,291.7,-14.8
2026-03-22T13:00:00Z,44.9,222.8,133.7,312.0,106.1,53.0,120,328.9,14.6
2026-03-22T13:15:00Z,28.6,258.6,155.2,350,111.3,55.6,120,369.9,-7.2
2026-03-22T13:30:00Z,10.6,221.3,132.8,309.9,101.7,50.8,120,323.0,-9.8
2026-03-22T13:45:00Z,6.3,174.4,104.6,244.1,114.9,57.4,120,289.3,7.8
2026-03-22T14:00:00Z,38.4,212.9,127.8,298.1,85.4,42.7,111.0,298.3,13.3
2026-03-22T14:15:00Z,44.1,199.7,119.8,279.6,112.3,56.2,120,312.0,15.9
2026-03-22T14:30:00Z,23.7,206.8,124.1,289.5,88.1,44.0,114.5,294.9,-7.2
2026-03-22T14:45:00Z,39.2,171.5,102.9,240.1,111.1,55.6,120,282.6,11.6
2026-03-22T15:00:00Z,18.7,208.6,125.2,292.0,74.9,37.5,97.4,283.5,-2.6
2026-03-22T15:15:00Z,1.7,172.5,103.5,241.5,84.2,42.1,109.4,256.7,-6.2
2026-03-22T15:30:00Z,8.9,165.6,99.4,231.8,75.0,37.5,97.5,240.6,-1.9
2026-03-22T15:45:00Z,28.4,140.6,84.3,196.8,82.7,41.4,107.5,223.3,-8.4
2026-03-22T16:00:00Z,6.2,140.7,84.4,197.0,79.0,39.5,102.7,219.7,-11.4
2026-03-22T16:15:00Z,33.9,213.9,128.4,299.5,58.7,29.4,76.3,272.7,-7.8
2026-03-22T16:30:00Z,13.9,197.7,118.6,276.8,67.9,34.0,88.3,265.6,-13.5
2026-03-22T16:45:00Z,44.9,152.2,91.3,213.1,63.9,31.9,83.1,216.1,6.5
2026-03-22T17:00:00Z,13.7,168.9,101.3,236.5,50.4,25.2,65.5,219.3,-3.4
2026-03-22T17:15:00Z,2.4,227.2,136.3,318.1,56.9,28.4,74.0,284.1,-14.4
2026-03-22T17:30:00Z,19.0,230.2,138.1,322.3,57.0,28.5,74.1,287.2,2.1
2026-03-22T17:45:00Z,12.1,175.7,105.4,246.0,44.4,22.2,57.8,220.2,30.5
2026-03-22T18:00:00Z,30.2,194.5,116.7,272.3,33.9,16.9,44.0,228.4,-5.6
2026-03-22T18:15:00Z,28.0,200.4,120.3,280.6,31.1,15.6,40.4,231.5,-11.4
2026-03-22T18:30:00Z,34.7,155.9,93.6,218.3,29.3,14.7,38.1,185.3,-10.2
2026-03-22T18:45:00Z,46.4,200.9,120.5,281.2,31.0,15.5,40.4,231.9,12.7
2026-03-22T19:00:00Z,43.7,180.2,108.1,252.2,9.7,4.9,12.6,189.9,-6.3
2026-03-22T19:15:00Z,44.0,165.9,99.6,232.3,11.8,5.9,15.4,177.7,-5.7
2026-03-22T19:30:00Z,36.3,145.8,87.5,204.2,10.6,5.3,13.8,156.4,-11.7
2026-03-22T19:45:00Z,4.7,186.9,112.1,261.6,12.0,6.0,15.6,198.8,-5.6
2026-03-22T20:00:00Z,1.4,231.8,139.1,324.6,0.0,0.0,0.0,231.8,-13.9
2026-03-22T20:15:00Z,19.5,198.3,119.0,277.6,0.0,0.0,0.0,198.3,-29.3
2026-03-22T20:30:00Z,43.6,233.0,139.8,326.2,0.0,0.0,0.0,233.0,-4.2
2026-03-22T20:45:00Z,9.2,155.1,93.1,217.1,0.0,0.0,0.0,155.1,13.3
2026-03-22T21:00:00Z,47.1,227.2,136.3,318.0,0,0,0.0,227.2,-1.3
2026-03-22T21:15:00Z,44.2,194.4,116.7,272.2,0,0,0.0,194.4,-7.0
2026-03-22T21:30:00Z,12.4,210.5,126.3,294.7,0,0,0.0,210.5,-11.8
2026-03-22T21:45:00Z,10.8,148.8,89.3,208.3,0,0,0.0,148.8,-16.2
2026-03-22T22:00:00Z,21.3,166.6,100.0,233.3,0,0,0.0,166.6,0.0
2026-03-22T22:15:00Z,44.5,186.8,112.1,261.5,0,0,0.0,186.8,-4.9
2026-03-22T22:30:00Z,48.0,192.9,115.8,270.1,0,0,0.0,192.9,13.6
2026-03-22T22:45:00Z,1.4,157.3,94.4,220.3,0,0,0.0,157.3,4.7
2026-03-22T23:00:00Z,36.2,211.2,126.7,295.7,0,0,0.0,211.2,4.4
2026-03-22T23:15:00Z,39.4,155.1,93.1,217.2,0,0,0.0,155.1,22.7
2026-03-22T23:30:00Z,8.5,149.3,89.6,209.1,0,0,0.0,149.3,-8.5
2026-03-22T23:45:00Z,6.9,200.1,120.1,280.2,0,0,0.0,200.1,-16.7
2026-03-23T00:00:00Z,14.5,302.9,181.8,350,0,0,0.0,302.9,-3.5
2026-03-23T00:15:00Z,15.4,240.7,144.4,336.9,0,0,0.0,240.7,19.1
2026-03-23T00:30:00Z,43.6,246.4,147.8,344.9,0,0,0.0,246.4,1.8
2026-03-23T00:45:00Z,37.9,262.5,157.5,350,0,0,0.0,262.5,-5.4
2026-03-23T01:00:00Z,1.6,292.8,175.7,350,0,0,0.0,292.8,1.2
2026-03-23T01:15:00Z,38.9,255.7,153.4,350,0,0,0.0,255.7,0.6
2026-03-23T01:30:00Z,17.0,284.3,170.6,350,0,0,0.0,284.3,9.9
2026-03-23T01:45:00Z,11.8,311.0,186.6,350,0,0,0.0,311.0,11.2
2026-03-23T02:00:00Z,33.5,262.3,157.4,350,0,0,0.0,262.3,-2.0
2026-03-23T02:15:00Z,13.4,269.7,161.8,350,0,0,0.0,269.7,-7.6
2026-03-23T02:30:00Z,2.7,319.2,191.5,350,0,0,0.0,319.2,-9.8
2026-03-23T02:45:00Z,18.4,313.7,188.2,350,0,0,0.0,313.7,-12.5
2026-03-23T03:00:00Z,14.6,305.0,183.0,350,0,0,0.0,305.0,-37.3
2026-03-23T03:15:00Z,10.5,276.0,165.6,350,0,0,0.0,276.0,1.3
2026-03-23T03:30:00Z,38.0,258.7,155.2,350,0,0,0.0,258.7,-20.5
2026-03-23T03:45:00Z,14.4,286.6,172.0,350,0,0,0.0,286.6,-5.8
2026-03-23T04:00:00Z,35.5,212.3,127.4,297.2,0,0,0.0,212.3,33.3
2026-03-23T04:15:00Z,16.6,338.2,202.9,350,0,0,0.0,338.2,-28.8
2026-03-23T04:30:00Z,22.4,283.3,170.0,350,0,0,0.0,283.3,-6.2
2026-03-23T04:45:00Z,15.2,230.9,138.6,323.3,0,0,0.0,230.9,-35.5
2026-03-23T05:00:00Z,36.9,307.1,184.2,350,0,0,0.0,307.1,-13.9
2026-03-23T05:15:00Z,39.2,303.3,182.0,350,0,0,0.0,303.3,-23.3
2026-03-23T05:30:00Z,21.3,283.1,169.9,350,0,0,0.0,283.1,8.0
2026-03-23T05:45:00Z,23.4,345.8,207.5,350,0,0,0.0,345.8,-15.9
2026-03-23T06:00:00Z,29.6,266.1,159.7,350,0.0,0,0.0,266.1,-4.3
2026-03-23T06:15:00Z,38.3,301.5,180.9,350,0.0,0,0.0,301.5,-29.1
2026-03-23T06:30:00Z,7.4,282.0,169.2,350,0.0,0,0.0,282.0,-16.8
2026-03-23T06:45:00Z,30.5,300.4,180.2,350,0.0,0,0.0,300.4,11.0
2026-03-23T07:00:00Z,42.0,309.7,185.8,350,10.3,5.1,13.4,320.0,2.9
2026-03-23T07:15:00Z,47.2,292.9,175.7,350,10.2,5.1,13.3,303.1,9.8
2026-03-23T07:30:00Z,32.9,245.1,147.1,343.2,12.3,6.1,15.9,257.4,-6.2
2026-03-23T07:45:00Z,40.7,331.8,199.1,350,10.0,5.0,13.0,341.8,-12.7
2026-03-23T08:00:00Z,10.5,308.6,185.2,350,25.2,12.6,32.8,333.8,6.1
2026-03-23T08:15:00Z,5.9,304.4,182.6,350,24.9,12.4,32.3,329.3,19.9
2026-03-23T08:30:00Z,32.9,296.7,178.0,350,25.3,12.7,32.9,322.0,-14.0
2026-03-23T08:45:00Z,5.4,293.9,176.3,350,29.3,14.7,38.1,323.2,-4.5
2026-03-23T09:00:00Z,12.1,324.9,195.0,350,59.0,29.5,76.7,383.9,-5.5
2026-03-23T09:15:00Z,2.3,312.8,187.7,350,46.5,23.2,60.4,359.3,5.8
2026-03-23T09:30:00Z,26.7,319.9,192.0,350,43.6,21.8,56.7,363.5,-20.1
2026-03-23T09:45:00Z,24.8,306.7,184.0,350,58.1,29.0,75.5,364.8,16.8
2026-03-23T10:00:00Z,27.1,297.8,178.7,350,72.7,36.4,94.5,370.5,-0.6
2026-03-23T10:15:00Z,47.5,268.3,161.0,350,82.3,41.2,107.0,350.6,18.0
2026-03-23T10:30:00Z,41.4,270.8,162.5,350,77.5,38.8,100.8,348.4,18.3
2026-03-23T10:45:00Z,31.8,289.8,173.9,350,68.9,34.5,89.6,358.7,10.7
2026-03-23T11:00:00Z,26.0,278.1,166.9,350,94.5,47.3,120,372.6,-8.2
2026-03-23T11:15:00Z,36.4,311.1,186.7,350,99.2,49.6,120,410.3,-30.1
2026-03-23T11:30:00Z,37.8,274.4,164.6,350,83.3,41.6,108.3,357.7,-9.7
2026-03-23T11:45:00Z,2.2,284.6,170.7,350,101.7,50.9,120,386.3,-2.8
2026-03-23T12:00:00Z,5.1,291.9,175.1,350,99.0,49.5,120,390.9,-13.8
2026-03-23T12:15:00Z,22.9,213.2,127.9,298.5,98.9,49.4,120,312.1,-5.8
2026-03-23T12:30:00Z,18.6,271.7,163.0,350,95.7,47.9,120,367.4,20.2
2026-03-23T12:45:00Z,9.1,255.2,153.1,350,106.1,53.1,120,361.3,-12.6
2026-03-23T13:00:00Z,33.0,289.3,173.6,350,91.4,45.7,118.8,380.7,-14.1
2026-03-23T13:15:00Z,36.8,303.5,182.1,350,112.4,56.2,120,415.9,28.7
2026-03-23T13:30:00Z,7.0,273.1,163.8,350,87.3,43.7,113.5,360.4,4.2
2026-03-23T13:45:00Z,39.4,214.6,128.7,300.4,87.4,43.7,113.6,302.0,0.8
2026-03-23T14:00:00Z,10.4,307.8,184.7,350,84.7,42.4,110.1,392.5,2.8
2026-03-23T14:15:00Z,15.7,249.1,149.5,348.8,87.9,44.0,114.3,337.0,35.7
2026-03-23T14:30:00Z,14.0,266.5,159.9,350,108.7,54.4,120,375.2,14.6
2026-03-23T14:45:00Z,16.3,274.2,164.5,350,83.3,41.6,108.3,357.5,6.8
2026-03-23T15:00:00Z,20.7,256.8,154.1,350,100.4,50.2,120,357.2,-14.9
2026-03-23T15:15:00Z,29.3,283.9,170.3,350,89.3,44.7,116.1,373.2,-29.8
2026-03-23T15:30:00Z,9.6,246.4,147.8,344.9,99.4,49.7,120,345.7,-27.4
2026-03-23T15:45:00Z,7.3,241.7,145.0,338.4,83.7,41.9,108.8,325.4,-6.7
2026-03-23T16:00:00Z,45.2,245.3,147.2,343.4,60.9,30.4,79.1,306.2,-17.8
2026-03-23T16:15:00Z,47.5,244.7,146.8,342.6,68.8,34.4,89.4,313.5,16.3
2026-03-23T16:30:00Z,35.3,208.0,124.8,291.2,78.8,39.4,102.4,286.8,-35.1
2026-03-23T16:45:00Z,32.3,246.1,147.7,344.6,58.4,29.2,75.9,304.5,16.3
2026-03-23T17:00:00Z,7.8,254.5,152.7,350,55.5,27.7,72.1,309.9,-12.5
2026-03-23T17:15:00Z,10.3,243.3,146.0,340.6,44.6,22.3,58.0,287.9,9.6
2026-03-23T17:30:00Z,26.5,258.0,154.8,350,42.8,21.4,55.6,300.8,12.3
2026-03-23T17:45:00Z,20.4,260.4,156.3,350,55.9,28.0,72.7,316.4,3.5
2026-03-23T18:00:00Z,4.2,290.0,174.0,350,32.6,16.3,42.4,322.6,-1.2
2026-03-23T18:15:00Z,9.0,303.1,181.8,350,33.8,16.9,44.0,336.9,9.1
2026-03-23T18:30:00Z,42.8,257.6,154.6,350,28.7,14.4,37.4,286.4,-26.5
2026-03-23T18:45:00Z,35.6,262.5,157.5,350,30.9,15.5,40.2,293.4,-1.5
2026-03-23T19:00:00Z,28.4,244.4,146.6,342.1,12.1,6.0,15.7,256.4,14.5
2026-03-23T19:15:00Z,47.9,270.0,162.0,350,12.0,6.0,15.6,282.1,-1.9
2026-03-23T19:30:00Z,17.6,307.3,184.4,350,11.8,5.9,15.3,319.1,6.2
2026-03-23T19:45:00Z,25.4,261.7,157.0,350,10.8,5.4,14.1,272.5,-12.6
2026-03-23T20:00:00Z,36.3,243.3,146.0,340.7,0.0,0.0,0.0,243.3,-11.0
2026-03-23T20:15:00Z,26.2,251.7,151.0,350,0.0,0.0,0.0,251.7,-26.2
2026-03-23T20:30:00Z,23.4,304.9,182.9,350,0.0,0.0,0.0,304.9,6.9
2026-03-23T20:45:00Z,38.9,273.5,164.1,350,0.0,0.0,0.0,273.5,14.4
2026-03-23T21:00:00Z,40.0,274.4,164.6,350,0,0,0.0,274.4,7.9
2026-03-23T21:15:00Z,17.7,268.2,160.9,350,0,0,0.0,268.2,4.1
2026-03-23T21:30:00Z,38.3,261.7,157.0,350,0,0,0.0,261.7,-5.3
2026-03-23T21:45:00Z,11.6,279.6,167.8,350,0,0,0.0,279.6,30.2
2026-03-23T22:00:00Z,0.7,281.5,168.9,350,0,0,0.0,281.5,11.4
2026-03-23T22:15:00Z,33.7,260.7,156.4,350,0,0,0.0,260.7,-8.5
2026-03-23T22:30:00Z,30.3,224.5,134.7,314.4,0,0,0.0,224.5,-0.7
2026-03-23T22:45:00Z,32.7,276.5,165.9,350,0,0,0.0,276.5,20.5
2026-03-23T23:00:00Z,30.7,274.2,164.5,350,0,0,0.0,274.2,-11.0
2026-03-23T23:15:00Z,4.0,271.8,163.1,350,0,0,0.0,271.8,-18.9
2026-03-23T23:30:00Z,24.9,291.9,175.1,350,0,0,0.0,291.9,-17.8
2026-03-23T23:45:00Z,41.1,266.7,160.0,350,0,0,0.0,266.7,-8.3
2026-03-24T00:00:00Z,20.7,242.9,145.7,340.0,0,0,0.0,242.9,2.9
2026-03-24T00:15:00Z,23.2,239.4,143.6,335.1,0,0,0.0,239.4,20.8
2026-03-24T00:30:00Z,40.9,235.4,141.2,329.5,0,0,0.0,235.4,-25.5
2026-03-24T00:45:00Z,28.8,228.2,136.9,319.4,0,0,0.0,228.2,-7.4
2026-03-24T01:00:00Z,2.1,227.5,136.5,318.6,0,0,0.0,227.5,8.0
2026-03-24T01:15:00Z,33.3,268.7,161.2,350,0,0,0.0,268.7,24.7
2026-03-24T01:30:00Z,46.0,220.5,132.3,308.8,0,0,0.0,220.5,-9.1
2026-03-24T01:45:00Z,2.9,265.4,159.2,350,0,0,0.0,265.4,-15.5
2026-03-24T02:00:00Z,33.0,278.5,167.1,350,0,0,0.0,278.5,-0.7
2026-03-24T02:15:00Z,39.0,238.9,143.4,334.5,0,0,0.0,238.9,15.7
2026-03-24T02:30:00Z,39.6,249.3,149.6,349.0,0,0,0.0,249.3,-8.8
2026-03-24T02:45:00Z,22.7,237.7,142.6,332.8,0,0,0.0,237.7,13.7
2026-03-24T03:00:00Z,31.0,218.5,131.1,305.9,0,0,0.0,218.5,-20.5
2026-03-24T03:15:00Z,11.4,255.8,153.5,350,0,0,0.0,255.8,-19.2
2026-03-24T03:30:00Z,21.1,237.2,142.3,332.1,0,0,0.0,237.2,-1.6
2026-03-24T03:45:00Z,15.2,246.0,147.6,344.4,0,0,0.0,246.0,16.1
2026-03-24T04:00:00Z,26.8,265.5,159.3,350,0,0,0.0,265.5,-12.0
2026-03-24T04:15:00Z,37.9,262.8,157.7,350,0,0,0.0,262.8,-37.2
2026-03-24T04:30:00Z,47.3,245.7,147.4,343.9,0,0,0.0,245.7,-12.0
2026-03-24T04:45:00Z,23.4,303.6,182.1,350,0,0,0.0,303.6,-17.3
2026-03-24T05:00:00Z,5.6,246.6,147.9,345.2,0,0,0.0,246.6,-1.1
2026-03-24T05:15:00Z,3.4,259.1,155.4,350,0,0,0.0,259.1,1.2
2026-03-24T05:30:00Z,28.0,239.1,143.5,334.8,0,0,0.0,239.1,-8.4
2026-03-24T05:45:00Z,41.6,237.3,142.4,332.3,0,0,0.0,237.3,4.0
2026-03-24T06:00:00Z,25.7,221.3,132.8,309.8,0.0,0,0.0,221.3,-16.4
2026-03-24T06:15:00Z,2.1,257.2,154.3,350,0.0,0,0.0,257.2,-7.9
2026-03-24T06:30:00Z,7.0,266.5,159.9,350,0.0,0,0.0,266.5,-10.9
2026-03-24T06:45:00Z,5.8,274.5,164.7,350,0.0,0,0.0,274.5,3.1
2026-03-24T07:00:00Z,0.9,313.7,188.2,350,9.0,4.5,11.7,322.7,-26.3
2026-03-24T07:15:00Z,0.7,267.4,160.4,350,12.4,6.2,16.1,279.8,-7.8
2026-03-24T07:30:00Z,29.9,217.3,130.4,304.2,11.3,5.7,14.7,228.6,-24.4
2026-03-24T07:45:00Z,35.1,277.3,166.4,350,11.7,5.8,15.2,289.0,11.1
2026-03-24T08:00:00Z,0.4,288.7,173.2,350,31.3,15.6,40.7,320.0,0.6
2026-03-24T08:15:00Z,13.2,308.6,185.1,350,34.3,17.1,44.5,342.8,14.2
2026-03-24T08:30:00Z,31.3,254.4,152.6,350,29.4,14.7,38.2,283.8,2.8
2026-03-24T08:45:00Z,22.0,223.0,133.8,312.3,29.7,14.9,38.6,252.8,-16.1
2026-03-24T09:00:00Z,46.7,229.6,137.7,321.4,57.1,28.6,74.2,286.7,9.6
2026-03-24T09:15:00Z,35.3,213.9,128.3,299.5,49.5,24.8,64.4,263.4,1.1
2026-03-24T09:30:00Z,9.0,282.6,169.6,350,42.3,21.2,55.0,324.9,18.7
2026-03-24T09:45:00Z,4.0,265.4,159.3,350,56.8,28.4,73.9,322.3,-38.1
2026-03-24T10:00:00Z,47.9,242.9,145.8,340.1,59.9,29.9,77.9,302.8,-17.2
2026-03-24T10:15:00Z,39.0,272.2,163.3,350,59.7,29.8,77.6,331.8,23.4
2026-03-24T10:30:00Z,19.5,255.3,153.2,350,81.9,40.9,106.4,337.2,-0.2
2026-03-24T10:45:00Z,15.9,253.7,152.2,350,75.4,37.7,98.1,329.1,-15.5
2026-03-24T11:00:00Z,20.7,250.4,150.3,350,95.6,47.8,120,346.1,-5.5
2026-03-24T11:15:00Z,42.8,286.5,171.9,350,73.3,36.6,95.3,359.8,6.8
2026-03-24T11:30:00Z,37.9,248.7,149.2,348.2,78.8,39.4,102.5,327.5,-12.5
2026-03-24T11:45:00Z,36.9,246.4,147.9,345.0,89.4,44.7,116.2,335.9,4.6
2026-03-24T12:00:00Z,20.1,270.3,162.2,350,101.0,50.5,120,371.2,-12.4
2026-03-24T12:15:00Z,15.9,227.0,136.2,317.8,112.1,56.0,120,339.1,-1.0
2026-03-24T12:30:00Z,30.0,207.0,124.2,289.8,111.1,55.5,120,318.1,-9.7
2026-03-24T12:45:00Z,3.2,242.2,145.3,339.1,92.3,46.1,119.9,334.5,4.3
2026-03-24T13:00:00Z,25.1,291.1,174.7,350,109.7,54.9,120,400.8,-7.6
2026-03-24T13:15:00Z,3.7,217.6,130.5,304.6,100.7,50.3,120,318.2,-8.8
2026-03-24T13:30:00Z,14.5,217.7,130.6,304.8,85.3,42.7,110.9,303.0,-0.7
2026-03-24T13:45:00Z,46.9,241.2,144.7,337.7,100.8,50.4,120,342.0,21.7
2026-03-24T14:00:00Z,33.9,200.5,120.3,280.8,109.5,54.7,120,310.0,1.9
2026-03-24T14:15:00Z,42.6,247.6,148.5,346.6,86.0,43.0,111.9,333.6,-23.4
2026-03-24T14:30:00Z,47.0,223.7,134.2,313.2,99.8,49.9,120,323.5,19.2
2026-03-24T14:45:00Z,20.4,253.1,151.9,350,91.9,46.0,119.5,345.1,-0.2
2026-03-24T15:00:00Z,44.8,253.4,152.1,350,97.1,48.5,120,350.5,-23.0
2026-03-24T15:15:00Z,1.4,234.3,140.6,328.0,75.8,37.9,98.6,310.1,22.1
2026-03-24T15:30:00Z,27.9,257.2,154.3,350,102.0,51.0,120,359.2,-12.0
2026-03-24T15:45:00Z,16.0,233.7,140.2,327.2,92.9,46.4,120,326.6,-8.2
2026-03-24T16:00:00Z,46.5,198.5,119.1,277.9,63.2,31.6,82.2,261.7,17.9
2026-03-24T16:15:00Z,1.9,220.0,132.0,308.1,62.0,31.0,80.6,282.1,-5.2
2026-03-24T16:30:00Z,38.1,182.7,109.6,255.8,79.7,39.9,103.6,262.5,-7.1
2026-03-24T16:45:00Z,14.4,176.7,106.0,247.3,80.1,40.0,104.1,256.7,19.0
2026-03-24T17:00:00Z,1.5,215.9,129.5,302.3,53.3,26.6,69.3,269.2,7.1
2026-03-24T17:15:00Z,20.6,187.0,112.2,261.8,52.0,26.0,67.6,239.0,-16.2
2026-03-24T17:30:00Z,29.5,214.7,128.8,300.6,44.7,22.4,58.1,259.4,-13.3
2026-03-24T17:45:00Z,5.0,196.4,117.9,275.0,56.8,28.4,73.9,253.3,-10.8
2026-03-24T18:00:00Z,45.4,232.4,139.5,325.4,24.8,12.4,32.3,257.3,10.4
2026-03-24T18:15:00Z,43.3,198.5,119.1,278.0,29.3,14.7,38.1,227.9,2.9
2026-03-24T18:30:00Z,25.4,198.3,119.0,277.6,34.1,17.0,44.3,232.4,-18.9
2026-03-24T18:45:00Z,21.3,178.1,106.9,249.3,30.5,15.3,39.7,208.6,0.9
2026-03-24T19:00:00Z,42.0,185.4,111.2,259.5,12.1,6.1,15.8,197.5,-5.4
2026-03-24T19:15:00Z,6.8,220.1,132.0,308.1,9.4,4.7,12.3,229.5,7.2
2026-03-24T19:30:00Z,46.3,199.3,119.6,279.0,9.4,4.7,12.3,208.7,4.0
2026-03-24T19:45:00Z,34.1,205.2,123.1,287.2,11.8,5.9,15.3,217.0,-19.4
2026-03-24T20:00:00Z,40.6,229.8,137.9,321.7,0.0,0.0,0.0,229.8,7.4
2026-03-24T20:15:00Z,16.4,237.2,142.3,332.1,0.0,0.0,0.0,237.2,6.1
2026-03-24T20:30:00Z,43.8,192.0,115.2,268.8,0.0,0.0,0.0,192.0,-2.9
2026-03-24T20:45:00Z,36.4,236.5,141.9,331.1,0.0,0.0,0.0,236.5,-19.1
2026-03-24T21:00:00Z,6.7,236.9,142.2,331.7,0,0,0.0,236.9,7.0
2026-03-24T21:15:00Z,4.2,196.4,117.8,274.9,0,0,0.0,196.4,-0.5
2026-03-24T21:30:00Z,13.9,202.2,121.3,283.0,0,0,0.0,202.2,13.5
2026-03-24T21:45:00Z,28.5,257.6,154.5,350,0,0,0.0,257.6,14.5
2026-03-24T22:00:00Z,40.0,200.1,120.0,280.1,0,0,0.0,200.1,-22.1
2026-03-24T22:15:00Z,12.0,238.1,142.9,333.4,0,0,0.0,238.1,-5.1
2026-03-24T22:30:00Z,18.8,194.2,116.5,271.9,0,0,0.0,194.2,-2.9
2026-03-24T22:45:00Z,15.9,235.9,141.5,330.3,0,0,0.0,235.9,15.1
2026-03-24T23:00:00Z,1.3,232.7,139.6,325.8,0,0,0.0,232.7,-1.1
2026-03-24T23:15:00Z,8.1,256.2,153.7,350,0,0,0.0,256.2,-12.3
2026-03-24T23:30:00Z,13.9,228.5,137.1,319.9,0,0,0.0,228.5,10.8
2026-03-24T23:45:00Z,9.0,225.5,135.3,315.7,0,0,0.0,225.5,-34.0
2026-03-25T00:00:00Z,8.3,246.0,147.6,344.4,0,0,0.0,246.0,-1.3
2026-03-25T00:15:00Z,9.9,220.7,132.4,309.0,0,0,0.0,220.7,14.4
2026-03-25T00:30:00Z,48.0,256.1,153.7,350,0,0,0.0,256.1,-28.3
2026-03-25T00:45:00Z,7.1,222.0,133.2,310.8,0,0,0.0,222.0,8.2
2026-03-25T01:00:00Z,40.1,334.5,200.7,350,0,0,0.0,334.5,-21.6
2026-03-25T01:15:00Z,45.5,258.0,154.8,350,0,0,0.0,258.0,8.6
2026-03-25T01:30:00Z,13.1,252.9,151.7,350,0,0,0.0,252.9,2.1
2026-03-25T01:45:00Z,11.8,274.0,164.4,350,0,0,0.0,274.0,2.3
2026-03-25T02:00:00Z,13.4,220.0,132.0,308.0,0,0,0.0,220.0,4.7
2026-03-25T02:15:00Z,40.2,249.7,149.8,349.6,0,0,0.0,249.7,12.0
2026-03-25T02:30:00Z,3.3,213.8,128.3,299.4,0,0,0.0,213.8,-17.4
2026-03-25T02:45:00Z,23.5,211.7,127.0,296.3,0,0,0.0,211.7,12.1
2026-03-25T03:00:00Z,17.9,307.5,184.5,350,0,0,0.0,307.5,-1.0
2026-03-25T03:15:00Z,3.0,320.5,192.3,350,0,0,0.0,320.5,-2.4
2026-03-25T03:30:00Z,35.6,224.1,134.4,313.7,0,0,0.0,224.1,-3.7
2026-03-25T03:45:00Z,19.5,274.2,164.5,350,0,0,0.0,274.2,3.4
2026-03-25T04:00:00Z,46.5,252.5,151.5,350,0,0,0.0,252.5,1.1
2026-03-25T04:15:00Z,32.3,277.5,166.5,350,0,0,0.0,277.5,9.2
2026-03-25T04:30:00Z,5.1,228.9,137.4,320.5,0,0,0.0,228.9,10.7
2026-03-25T04:45:00Z,44.7,244.0,146.4,341.6,0,0,0.0,244.0,7.6
2026-03-25T05:00:00Z,32.2,220.3,132.2,308.4,0,0,0.0,220.3,-18.0
2026-03-25T05:15:00Z,2.2,291.0,174.6,350,0,0,0.0,291.0,15.5
2026-03-25T05:30:00Z,7.3,266.1,159.7,350,0,0,0.0,266.1,-3.1
2026-03-25T05:45:00Z,14.1,264.1,158.5,350,0,0,0.0,264.1,26.7
2026-03-25T06:00:00Z,11.8,211.2,126.7,295.6,0.0,0,0.0,211.2,13.5
2026-03-25T06:15:00Z,6.2,233.5,140.1,326.9,0.0,0,0.0,233.5,-18.7
2026-03-25T06:30:00Z,34.2,220.1,132.1,308.2,0.0,0,0.0,220.1,27.2
2026-03-25T06:45:00Z,12.1,256.1,153.7,350,0.0,0,0.0,256.1,-7.3
2026-03-25T07:00:00Z,0.9,268.6,161.2,350,9.7,4.8,12.6,278.3,-29.9
2026-03-25T07:15:00Z,46.4,278.7,167.2,350,9.6,4.8,12.5,288.3,0.2
2026-03-25T07:30:00Z,19.2,254.2,152.5,350,11.0,5.5,14.3,265.2,4.9
2026-03-25T07:45:00Z,20.3,292.5,175.5,350,11.7,5.8,15.2,304.2,9.6
2026-03-25T08:00:00Z,4.4,250.3,150.2,350,26.2,13.1,34.1,276.5,-0.7
2026-03-25T08:15:00Z,37.6,251.2,150.7,350,33.9,16.9,44.0,285.1,29.4
2026-03-25T08:30:00Z,19.6,244.7,146.8,342.6,29.5,14.7,38.3,274.2,-17.7
2026-03-25T08:45:00Z,15.9,271.0,162.6,350,32.3,16.2,42.0,303.3,17.4
2026-03-25T09:00:00Z,4.7,288.6,173.2,350,49.4,24.7,64.2,337.9,-2.4
2026-03-25T09:15:00Z,14.8,276.8,166.1,350,46.4,23.2,60.3,323.2,-10.7
2026-03-25T09:30:00Z,36.9,295.3,177.2,350,54.1,27.1,70.3,349.4,-31.4
2026-03-25T09:45:00Z,37.7,273.0,163.8,350,55.3,27.6,71.9,328.3,9.5
2026-03-25T10:00:00Z,36.7,261.1,156.7,350,75.7,37.8,98.4,336.8,-38.6
2026-03-25T10:15:00Z,37.3,256.1,153.7,350,68.8,34.4,89.4,324.9,-13.9
2026-03-25T10:30:00Z,19.9,213.1,127.9,298.4,59.6,29.8,77.5,272.8,-5.6
2026-03-25T10:45:00Z,13.9,245.4,147.3,343.6,81.6,40.8,106.1,327.1,7.2
2026-03-25T11:00:00Z,44.7,292.7,175.6,350,102.0,51.0,120,394.7,1.9
2026-03-25T11:15:00Z,30.7,222.8,133.7,312.0,91.3,45.7,118.7,314.2,-9.0
2026-03-25T11:30:00Z,11.2,256.2,153.7,350,83.3,41.6,108.3,339.5,24.2
2026-03-25T11:45:00Z,46.3,209.8,125.9,293.7,97.1,48.5,120,306.9,-11.0
2026-03-25T12:00:00Z,14.1,259.8,155.9,350,93.9,46.9,120,353.7,-3.6
2026-03-25T12:15:00Z,46.3,261.9,157.2,350,103.9,51.9,120,365.8,-9.2
2026-03-25T12:30:00Z,10.4,226.8,136.1,317.5,95.2,47.6,120,322.0,-0.7
2026-03-25T12:45:00Z,23.4,249.7,149.8,349.5,110.1,55.0,120,359.7,4.5
2026-03-25T13:00:00Z,2.1,254.1,152.5,350,95.5,47.8,120,349.6,2.9
2026-03-25T13:15:00Z,41.1,226.2,135.7,316.7,111.4,55.7,120,337.6,-31.1
2026-03-25T13:30:00Z,9.0,189.1,113.4,264.7,89.3,44.7,116.1,278.4,-4.0
2026-03-25T13:45:00Z,2.5,215.8,129.5,302.2,91.8,45.9,119.4,307.6,-13.7
2026-03-25T14:00:00Z,45.2,214.2,128.5,299.9,93.8,46.9,120,307.9,16.3
2026-03-25T14:15:00Z,1.7,246.2,147.7,344.7,85.8,42.9,111.5,332.0,-42.6
2026-03-25T14:30:00Z,12.5,269.5,161.7,350,104.0,52.0,120,373.4,-1.9
2026-03-25T14:45:00Z,34.2,215.0,129.0,301.0,114.5,57.2,120,329.4,19.9
2026-03-25T15:00:00Z,35.7,219.2,131.5,306.9,93.7,46.8,120,312.9,-5.8
2026-03-25T15:15:00Z,37.5,231.9,139.1,324.7,78.0,39.0,101.4,309.9,20.4
2026-03-25T15:30:00Z,42.7,257.1,154.2,350,95.4,47.7,120,352.5,-0.2
2026-03-25T15:45:00Z,31.4,238.7,143.2,334.2,74.4,37.2,96.8,313.2,-16.7
2026-03-25T16:00:00Z,34.1,210.2,126.1,294.2,65.9,33.0,85.7,276.1,-4.3
2026-03-25T16:15:00Z,31.2,163.3,98.0,228.6,74.2,37.1,96.5,237.5,5.8
2026-03-25T16:30:00Z,11.4,156.2,93.7,218.7,72.7,36.4,94.5,228.9,19.9
2026-03-25T16:45:00Z,6.8,255.4,153.2,350,79.5,39.7,103.3,334.8,-25.2
2026-03-25T17:00:00Z,16.7,274.2,164.5,350,51.6,25.8,67.1,325.8,-4.0
2026-03-25T17:15:00Z,47.9,272.2,163.3,350,49.2,24.6,63.9,321.4,-11.3
2026-03-25T17:30:00Z,42.1,219.3,131.6,307.0,55.3,27.6,71.8,274.6,10.7
2026-03-25T17:45:00Z,38.4,229.1,137.4,320.7,52.1,26.0,67.7,281.2,-9.2
2026-03-25T18:00:00Z,12.4,194.8,116.9,272.7,29.0,14.5,37.7,223.7,26.8
2026-03-25T18:15:00Z,30.5,219.6,131.8,307.5,32.0,16.0,41.6,251.6,21.6
2026-03-25T18:30:00Z,44.6,206.9,124.2,289.7,26.2,13.1,34.1,233.2,-5.6
2026-03-25T18:45:00Z,44.2,191.7,115.0,268.4,26.7,13.3,34.7,218.4,-5.4
2026-03-25T19:00:00Z,3.5,203.3,122.0,284.6,8.9,4.5,11.6,212.2,23.1
2026-03-25T19:15:00Z,21.1,182.9,109.7,256.1,8.8,4.4,11.5,191.7,5.1
2026-03-25T19:30:00Z,3.0,227.4,136.5,318.4,10.6,5.3,13.8,238.1,14.4
2026-03-25T19:45:00Z,25.0,228.3,137.0,319.6,9.4,4.7,12.2,237.7,-27.0
2026-03-25T20:00:00Z,47.9,219.7,131.8,307.5,0.0,0.0,0.0,219.7,1.7
2026-03-25T20:15:00Z,30.0,225.8,135.5,316.2,0.0,0.0,0.0,225.8,0.3
2026-03-25T20:30:00Z,27.9,236.0,141.6,330.4,0.0,0.0,0.0,236.0,2.9
2026-03-25T20:45:00Z,25.2,207.8,124.7,290.9,0.0,0.0,0.0,207.8,25.7
2026-03-25T21:00:00Z,33.8,206.2,123.7,288.7,0,0,0.0,206.2,15.4
2026-03-25T21:15:00Z,13.7,247.4,148.4,346.3,0,0,0.0,247.4,-22.9
2026-03-25T21:30:00Z,29.7,256.1,153.7,350,0,0,0.0,256.1,0.5
2026-03-25T21:45:00Z,28.8,202.9,121.8,284.1,0,0,0.0,202.9,-18.6
2026-03-25T22:00:00Z,12.2,222.7,133.6,311.7,0,0,0.0,222.7,-8.8
2026-03-25T22:15:00Z,39.8,268.0,160.8,350,0,0,0.0,268.0,11.5
2026-03-25T22:30:00Z,34.0,214.3,128.6,300.0,0,0,0.0,214.3,-23.0
2026-03-25T22:45:00Z,20.4,223.3,134.0,312.7,0,0,0.0,223.3,0.3
2026-03-25T23:00:00Z,36.6,265.7,159.4,350,0,0,0.0,265.7,-3.6
2026-03-25T23:15:00Z,43.7,226.0,135.6,316.4,0,0,0.0,226.0,9.8
2026-03-25T23:30:00Z,14.5,248.4,149.0,347.8,0,0,0.0,248.4,13.2
2026-03-25T23:45:00Z,32.4,262.9,157.7,350,0,0,0.0,262.9,5.7
2026-03-26T00:00:00Z,24.7,253.3,152.0,350,0,0,0.0,253.3,-6.0
2026-03-26T00:15:00Z,3.7,244.0,146.4,341.6,0,0,0.0,244.0,20.4
2026-03-26T00:30:00Z,23.3,266.1,159.7,350,0,0,0.0,266.1,-15.7
2026-03-26T00:45:00Z,26.6,213.3,128.0,298.6,0,0,0.0,213.3,7.6
2026-03-26T01:00:00Z,26.3,238.1,142.9,333.4,0,0,0.0,238.1,-7.8
2026-03-26T01:15:00Z,42.3,233.6,140.2,327.0,0,0,0.0,233.6,6.5
2026-03-26T01:30:00Z,41.2,268.5,161.1,350,0,0,0.0,268.5,-2.6
2026-03-26T01:45:00Z,31.6,300.8,180.5,350,0,0,0.0,300.8,22.2
2026-03-26T02:00:00Z,45.3,266.1,159.7,350,0,0,0.0,266.1,-3.1
2026-03-26T02:15:00Z,24.4,260.7,156.4,350,0,0,0.0,260.7,-18.9
2026-03-26T02:30:00Z,10.5,233.9,140.3,327.5,0,0,0.0,233.9,-17.4
2026-03-26T02:45:00Z,34.3,270.1,162.1,350,0,0,0.0,270.1,13.5
2026-03-26T03:00:00Z,32.8,244.8,146.9,342.8,0,0,0.0,244.8,-0.6
2026-03-26T03:15:00Z,4.5,245.6,147.3,343.8,0,0,0.0,245.6,7.9
2026-03-26T03:30:00Z,26.7,270.0,162.0,350,0,0,0.0,270.0,3.0
2026-03-26T03:45:00Z,4.5,260.6,156.4,350,0,0,0.0,260.6,41.5
2026-03-26T04:00:00Z,16.1,286.6,171.9,350,0,0,0.0,286.6,-0.7
2026-03-26T04:15:00Z,25.7,263.0,157.8,350,0,0,0.0,263.0,16.2
2026-03-26T04:30:00Z,1.6,284.8,170.9,350,0,0,0.0,284.8,17.2
2026-03-26T04:45:00Z,35.0,300.0,180.0,350,0,0,0.0,300.0,8.7
2026-03-26T05:00:00Z,0.4,254.2,152.5,350,0,0,0.0,254.2,8.0
2026-03-26T05:15:00Z,12.8,257.7,154.6,350,0,0,0.0,257.7,13.3
2026-03-26T05:30:00Z,29.6,258.8,155.3,350,0,0,0.0,258.8,-4.8
2026-03-26T05:45:00Z,33.1,277.0,166.2,350,0,0,0.0,277.0,4.0
2026-03-26T06:00:00Z,6.5,257.5,154.5,350,0.0,0,0.0,257.5,-2.1
2026-03-26T06:15:00Z,39.8,272.1,163.3,350,0.0,0,0.0,272.1,23.9
2026-03-26T06:30:00Z,4.7,256.5,153.9,350,0.0,0,0.0,256.5,9.5
2026-03-26T06:45:00Z,11.5,274.6,164.8,350,0.0,0,0.0,274.6,-9.4
2026-03-26T07:00:00Z,17.4,294.3,176.6,350,9.5,4.8,12.4,303.8,-8.8
2026-03-26T07:15:00Z,2.0,293.0,175.8,350,11.7,5.9,15.2,304.7,-1.0
2026-03-26T07:30:00Z,33.8,285.4,171.2,350,12.5,6.3,16.3,297.9,-25.1
2026-03-26T07:45:00Z,11.5,255.2,153.1,350,11.9,6.0,15.5,267.2,-6.0
2026-03-26T08:00:00Z,0.3,258.2,154.9,350,33.0,16.5,42.8,291.2,1.5
2026-03-26T08:15:00Z,35.0,268.0,160.8,350,25.0,12.5,32.6,293.0,4.2
2026-03-26T08:30:00Z,13.2,299.9,179.9,350,25.4,12.7,33.1,325.3,22.8
2026-03-26T08:45:00Z,19.5,305.4,183.2,350,27.5,13.7,35.7,332.9,-29.8
2026-03-26T09:00:00Z,30.5,195.7,117.4,274.0,42.9,21.5,55.8,238.6,22.5
2026-03-26T09:15:00Z,17.7,286.0,171.6,350,52.3,26.2,68.0,338.4,24.4
2026-03-26T09:30:00Z,45.7,244.8,146.9,342.7,48.8,24.4,63.5,293.6,-14.4
2026-03-26T09:45:00Z,0.5,283.6,170.2,350,54.3,27.2,70.6,337.9,11.7
2026-03-26T10:00:00Z,42.3,198.0,118.8,277.2,78.4,39.2,101.9,276.4,-6.8
2026-03-26T10:15:00Z,22.4,220.9,132.5,309.2,81.8,40.9,106.3,302.6,-12.5
2026-03-26T10:30:00Z,13.7,236.9,142.2,331.7,80.1,40.0,104.1,317.0,-34.8
2026-03-26T10:45:00Z,8.3,245.2,147.1,343.3,71.7,35.8,93.2,316.9,-14.0
2026-03-26T11:00:00Z,18.2,259.3,155.6,350,76.1,38.1,99.0,335.5,-27.1
2026-03-26T11:15:00Z,1.7,258.0,154.8,350,76.8,38.4,99.9,334.9,-16.4
2026-03-26T11:30:00Z,40.2,265.0,159.0,350,80.5,40.2,104.6,345.5,6.8
2026-03-26T11:45:00Z,35.8,251.7,151.0,350,98.2,49.1,120,349.9,12.1
2026-03-26T12:00:00Z,8.2,256.7,154.0,350,109.7,54.8,120,366.3,-5.4
2026-03-26T12:15:00Z,10.8,267.3,160.4,350,102.3,51.2,120,369.6,-6.3
2026-03-26T12:30:00Z,9.2,235.6,141.3,329.8,97.5,48.8,120,333.1,-13.2
2026-03-26T12:45:00Z,16.5,256.5,153.9,350,103.5,51.7,120,359.9,-14.7
2026-03-26T13:00:00Z,28.6,210.0,126.0,294.0,104.4,52.2,120,314.3,1.7
2026-03-26T13:15:00Z,40.0,293.8,176.3,350,85.1,42.6,110.6,378.9,5.5
2026-03-26T13:30:00Z,36.7,245.1,147.1,343.2,109.4,54.7,120,354.6,8.2
2026-03-26T13:45:00Z,21.9,240.6,144.4,336.9,84.1,42.1,109.3,324.7,-0.3
2026-03-26T14:00:00Z,11.3,258.0,154.8,350,112.6,56.3,120,370.7,-18.9
2026-03-26T14:15:00Z,19.6,223.1,133.8,312.3,106.7,53.3,120,329.7,7.9
2026-03-26T14:30:00Z,7.5,244.8,146.9,342.8,106.7,53.3,120,351.5,32.7
2026-03-26T14:45:00Z,34.0,306.9,184.1,350,110.8,55.4,120,417.7,-2.7
2026-03-26T15:00:00Z,20.8,259.5,155.7,350,99.3,49.6,120,358.8,-1.9
2026-03-26T15:15:00Z,1.3,249.5,149.7,349.4,80.9,40.5,105.2,330.5,8.9
2026-03-26T15:30:00Z,36.9,238.5,143.1,333.9,96.3,48.2,120,334.8,22.6
2026-03-26T15:45:00Z,29.0,216.9,130.1,303.6,76.3,38.2,99.2,293.2,6.2
2026-03-26T16:00:00Z,45.2,211.0,126.6,295.4,68.9,34.4,89.5,279.8,-13.9
2026-03-26T16:15:00Z,39.6,207.1,124.3,289.9,62.6,31.3,81.3,269.7,-13.9
2026-03-26T16:30:00Z,45.0,259.6,155.8,350,68.1,34.1,88.6,327.8,3.7
2026-03-26T16:45:00Z,41.6,209.2,125.5,292.9,69.0,34.5,89.7,278.3,7.2
2026-03-26T17:00:00Z,29.9,170.8,102.5,239.2,43.0,21.5,55.9,213.8,-2.6
2026-03-26T17:15:00Z,17.2,185.1,111.1,259.1,48.5,24.3,63.1,233.6,18.4
2026-03-26T17:30:00Z,43.5,232.9,139.8,326.1,58.5,29.3,76.1,291.5,19.6
2026-03-26T17:45:00Z,14.3,191.6,115.0,268.2,55.0,27.5,71.5,246.6,12.4
2026-03-26T18:00:00Z,6.8,232.6,139.6,325.7,28.1,14.1,36.5,260.7,-6.4
2026-03-26T18:15:00Z,24.4,172.1,103.3,240.9,34.0,17.0,44.2,206.1,-0.1
2026-03-26T18:30:00Z,25.6,179.7,107.8,251.6,31.9,16.0,41.5,211.7,-15.7
2026-03-26T18:45:00Z,40.5,168.6,101.2,236.1,31.3,15.7,40.7,199.9,-14.0
2026-03-26T19:00:00Z,34.1,199.3,119.6,279.0,9.4,4.7,12.2,208.7,24.1
2026-03-26T19:15:00Z,5.9,191.6,115.0,268.3,11.1,5.5,14.4,202.7,-30.0
2026-03-26T19:30:00Z,16.0,200.7,120.4,280.9,12.1,6.0,15.7,212.8,-12.7
2026-03-26T19:45:00Z,41.1,247.6,148.6,346.6,11.1,5.6,14.4,258.7,0.4
2026-03-26T20:00:00Z,36.0,210.9,126.6,295.3,0.0,0.0,0.0,210.9,12.2
2026-03-26T20:15:00Z,8.8,251.7,151.0,350,0.0,0.0,0.0,251.7,-6.7
2026-03-26T20:30:00Z,12.4,269.8,161.9,350,0.0,0.0,0.0,269.8,4.1
2026-03-26T20:45:00Z,14.5,208.9,125.3,292.5,0.0,0.0,0.0,208.9,3.8
2026-03-26T21:00:00Z,26.9,256.3,153.8,350,0,0,0.0,256.3,-2.3
2026-03-26T21:15:00Z,2.5,230.3,138.2,322.4,0,0,0.0,230.3,6.6
2026-03-26T21:30:00Z,3.2,245.5,147.3,343.7,0,0,0.0,245.5,31.0
2026-03-26T21:45:00Z,43.4,232.6,139.5,325.6,0,0,0.0,232.6,-11.0
2026-03-26T22:00:00Z,22.2,218.4,131.0,305.8,0,0,0.0,218.4,6.8
2026-03-26T22:15:00Z,19.0,242.0,145.2,338.8,0,0,0.0,242.0,-17.1
2026-03-26T22:30:00Z,32.8,242.7,145.6,339.8,0,0,0.0,242.7,-4.9
2026-03-26T22:45:00Z,28.7,215.7,129.4,302.0,0,0,0.0,215.7,-6.2
2026-03-26T23:00:00Z,45.7,263.9,158.3,350,0,0,0.0,263.9,5.8
2026-03-26T23:15:00Z,31.3,224.5,134.7,314.3,0,0,0.0,224.5,-24.8
2026-03-26T23:30:00Z,30.9,254.1,152.5,350,0,0,0.0,254.1,1.1
2026-03-26T23:45:00Z,5.9,293.3,176.0,350,0,0,0.0,293.3,33.7
2026-03-27T00:00:00Z,9.1,117.5,70.5,164.4,0,0,0.0,117.5,-9.6
2026-03-27T00:15:00Z,32.0,140.1,84.1,196.2,0,0,0.0,140.1,-26.3
2026-03-27T00:30:00Z,6.4,122.0,73.2,170.8,0,0,0.0,122.0,-9.2
2026-03-27T00:45:00Z,41.0,180.3,108.2,252.5,0,0,0.0,180.3,-24.2
2026-03-27T01:00:00Z,26.9,177.8,106.7,249.0,0,0,0.0,177.8,7.3
2026-03-27T01:15:00Z,38.9,175.4,105.3,245.6,0,0,0.0,175.4,25.1
2026-03-27T01:30:00Z,24.8,192.6,115.5,269.6,0,0,0.0,192.6,-17.0
2026-03-27T01:45:00Z,45.7,141.6,85.0,198.3,0,0,0.0,141.6,1.7
2026-03-27T02:00:00Z,20.3,178.0,106.8,249.2,0,0,0.0,178.0,14.7
2026-03-27T02:15:00Z,32.9,201.6,120.9,282.2,0,0,0.0,201.6,23.5
2026-03-27T02:30:00Z,22.3,157.6,94.5,220.6,0,0,0.0,157.6,5.2
2026-03-27T02:45:00Z,35.6,155.3,93.2,217.4,0,0,0.0,155.3,-23.2
2026-03-27T03:00:00Z,33.2,179.1,107.4,250.7,0,0,0.0,179.1,-5.9
2026-03-27T03:15:00Z,37.7,146.2,87.7,204.7,0,0,0.0,146.2,-23.5
2026-03-27T03:30:00Z,7.3,193.5,116.1,271.0,0,0,0.0,193.5,-11.1
2026-03-27T03:45:00Z,8.3,163.6,98.2,229.0,0,0,0.0,163.6,-18.0
2026-03-27T04:00:00Z,19.8,156.5,93.9,219.1,0,0,0.0,156.5,9.0
2026-03-27T04:15:00Z,34.8,156.0,93.6,218.4,0,0,0.0,156.0,17.1
2026-03-27T04:30:00Z,39.2,155.4,93.2,217.5,0,0,0.0,155.4,21.2
2026-03-27T04:45:00Z,11.5,166.7,100.0,233.4,0,0,0.0,166.7,5.2
2026-03-27T05:00:00Z,35.6,128.2,76.9,179.5,0,0,0.0,128.2,1.5
2026-03-27T05:15:00Z,40.6,185.8,111.5,260.1,0,0,0.0,185.8,-15.3
2026-03-27T05:30:00Z,28.7,185.2,111.1,259.3,0,0,0.0,185.2,-1.1
2026-03-27T05:45:00Z,41.6,199.5,119.7,279.3,0,0,0.0,199.5,3.5
2026-03-27T06:00:00Z,39.6,153.9,92.4,215.5,0.0,0,0.0,153.9,36.5
2026-03-27T06:15:00Z,33.1,175.1,105.1,245.2,0.0,0,0.0,175.1,13.8
2026-03-27T06:30:00Z,32.7,138.7,83.2,194.2,0.0,0,0.0,138.7,-0.2
2026-03-27T06:45:00Z,20.2,183.5,110.1,256.9,0.0,0,0.0,183.5,-25.4
2026-03-27T07:00:00Z,26.8,145.7,87.4,204.0,10.4,5.2,13.5,156.1,9.2
2026-03-27T07:15:00Z,28.7,209.4,125.7,293.2,9.2,4.6,12.0,218.7,11.8
2026-03-27T07:30:00Z,27.6,197.1,118.2,275.9,9.8,4.9,12.7,206.8,-4.7
2026-03-27T07:45:00Z,32.0,141.9,85.1,198.7,10.3,5.1,13.4,152.2,14.6
2026-03-27T08:00:00Z,42.0,123.0,73.8,172.1,27.9,13.9,36.2,150.8,-18.0
2026-03-27T08:15:00Z,40.4,173.6,104.2,243.1,28.6,14.3,37.1,202.2,9.3
2026-03-27T08:30:00Z,34.4,202.9,121.7,284.0,24.5,12.3,31.9,227.4,8.0
2026-03-27T08:45:00Z,42.0,166.6,99.9,233.2,30.6,15.3,39.8,197.2,-17.3
2026-03-27T09:00:00Z,43.4,176.4,105.8,247.0,41.7,20.8,54.2,218.1,12.7
2026-03-27T09:15:00Z,5.1,151.0,90.6,211.3,56.0,28.0,72.8,207.0,20.0
2026-03-27T09:30:00Z,38.0,162.2,97.3,227.1,58.9,29.4,76.5,221.0,-9.5
2026-03-27T09:45:00Z,6.6,129.2,77.5,180.9,47.6,23.8,61.9,176.9,5.3
2026-03-27T10:00:00Z,32.1,136.7,82.0,191.3,79.2,39.6,102.9,215.8,5.7
2026-03-27T10:15:00Z,23.5,189.2,113.5,264.8,58.4,29.2,75.9,247.6,8.8
2026-03-27T10:30:00Z,9.6,150.0,90.0,209.9,82.3,41.1,107.0,232.3,-1.5
2026-03-27T10:45:00Z,25.4,153.2,91.9,214.5,65.7,32.9,85.5,218.9,-11.3
2026-03-27T11:00:00Z,5.7,181.3,108.8,253.9,92.6,46.3,120,273.9,3.8
2026-03-27T11:15:00Z,3.4,119.6,71.7,167.4,83.2,41.6,108.2,202.8,14.4
2026-03-27T11:30:00Z,40.9,172.8,103.7,241.9,89.2,44.6,116.0,262.0,1.5
2026-03-27T11:45:00Z,23.0,127.3,76.4,178.3,100.5,50.2,120,227.8,4.9
2026-03-27T12:00:00Z,2.9,149.8,89.9,209.7,112.9,56.5,120,262.7,34.0
2026-03-27T12:15:00Z,22.6,142.1,85.3,198.9,101.6,50.8,120,243.7,8.6
2026-03-27T12:30:00Z,12.2,138.9,83.3,194.5,114.9,57.5,120,253.8,16.9
2026-03-27T12:45:00Z,2.9,124.4,74.6,174.1,106.1,53.1,120,230.5,9.6
2026-03-27T13:00:00Z,47.1,153.5,92.1,215.0,108.5,54.2,120,262.0,-18.8
2026-03-27T13:15:00Z,38.9,119.2,71.5,166.9,103.8,51.9,120,223.0,-21.5
2026-03-27T13:30:00Z,12.4,123.3,74.0,172.6,119.7,59.8,120,243.0,-0.2
2026-03-27T13:45:00Z,31.1,90.0,54.0,125.9,106.9,53.4,120,196.8,-1.5
2026-03-27T14:00:00Z,3.4,156.7,94.0,219.3,91.5,45.8,119.0,248.2,6.5
2026-03-27T14:15:00Z,17.7,122.1,73.2,170.9,92.3,46.1,120.0,214.4,-23.0
2026-03-27T14:30:00Z,9.0,132.9,79.7,186.0,83.4,41.7,108.4,216.3,-16.5
2026-03-27T14:45:00Z,39.8,117.2,70.3,164.1,102.8,51.4,120,220.0,7.7
2026-03-27T15:00:00Z,18.0,132.3,79.4,185.2,97.2,48.6,120,229.5,-7.2
2026-03-27T15:15:00Z,14.7,145.6,87.4,203.9,100.5,50.2,120,246.1,3.7
2026-03-27T15:30:00Z,28.4,134.3,80.6,188.0,96.5,48.2,120,230.8,1.3
2026-03-27T15:45:00Z,2.7,155.3,93.2,217.4,96.8,48.4,120,252.0,-24.8
2026-03-27T16:00:00Z,2.5,128.6,77.2,180.1,68.2,34.1,88.7,196.8,-5.3
2026-03-27T16:15:00Z,44.6,163.8,98.3,229.3,61.0,30.5,79.3,224.8,-30.9
2026-03-27T16:30:00Z,38.3,160.7,96.4,225.0,74.7,37.4,97.1,235.4,-10.4
2026-03-27T16:45:00Z,35.7,113.2,67.9,158.5,62.3,31.2,81.0,175.5,11.8
2026-03-27T17:00:00Z,15.5,151.8,91.1,212.5,44.9,22.4,58.3,196.6,-17.2
2026-03-27T17:15:00Z,16.8,124.1,74.4,173.7,43.3,21.7,56.3,167.4,-26.2
2026-03-27T17:30:00Z,34.3,107.1,64.2,149.9,42.4,21.2,55.1,149.5,-9.6
2026-03-27T17:45:00Z,5.3,111.4,66.9,156.0,53.6,26.8,69.7,165.1,16.9
2026-03-27T18:00:00Z,4.3,105.7,63.4,147.9,24.2,12.1,31.4,129.8,7.4
2026-03-27T18:15:00Z,26.9,101.9,61.2,142.7,28.2,14.1,36.7,130.2,-10.1
2026-03-27T18:30:00Z,2.7,129.1,77.5,180.8,27.7,13.9,36.1,156.9,-4.0
2026-03-27T18:45:00Z,46.2,152.2,91.3,213.1,30.4,15.2,39.5,182.6,12.6
2026-03-27T19:00:00Z,24.0,158.3,95.0,221.6,11.5,5.8,15.0,169.8,11.6
2026-03-27T19:15:00Z,42.5,99.6,59.8,139.5,9.5,4.8,12.4,109.1,13.5
2026-03-27T19:30:00Z,36.8,108.0,64.8,151.2,9.0,4.5,11.7,117.0,-5.7
2026-03-27T19:45:00Z,43.5,129.8,77.9,181.8,11.2,5.6,14.5,141.0,6.0
2026-03-27T20:00:00Z,8.4,106.8,64.1,149.5,0.0,0.0,0.0,106.8,-0.7
2026-03-27T20:15:00Z,19.5,112.4,67.4,157.4,0.0,0.0,0.0,112.4,10.0
2026-03-27T20:30:00Z,3.2,112.7,67.6,157.8,0.0,0.0,0.0,112.7,-16.2
2026-03-27T20:45:00Z,26.9,116.7,70.0,163.3,0.0,0.0,0.0,116.7,-12.0
2026-03-27T21:00:00Z,46.0,71.3,42.8,99.8,0,0,0.0,71.3,4.8
2026-03-27T21:15:00Z,20.2,106.7,64.0,149.4,0,0,0.0,106.7,-12.9
2026-03-27T21:30:00Z,12.0,130.1,78.1,182.2,0,0,0.0,130.1,3.3
2026-03-27T21:45:00Z,21.8,101.8,61.1,142.6,0,0,0.0,101.8,19.7
2026-03-27T22:00:00Z,22.0,184.4,110.7,258.2,0,0,0.0,184.4,-4.6
2026-03-27T22:15:00Z,26.5,176.3,105.8,246.9,0,0,0.0,176.3,-10.8
2026-03-27T22:30:00Z,23.1,149.5,89.7,209.3,0,0,0.0,149.5,10.1
2026-03-27T22:45:00Z,32.0,114.0,68.4,159.6,0,0,0.0,114.0,-6.2
2026-03-27T23:00:00Z,12.6,117.6,70.6,164.7,0,0,0.0,117.6,7.5
2026-03-27T23:15:00Z,34.0,148.3,89.0,207.6,0,0,0.0,148.3,-13.5
2026-03-27T23:30:00Z,19.8,161.5,96.9,226.1,0,0,0.0,161.5,-0.9
2026-03-27T23:45:00Z,1.0,145.1,87.0,203.1,0,0,0.0,145.1,1.8
2026-03-28T00:00:00Z,1.7,266.4,159.8,350,0,0,0.0,266.4,-4.6
2026-03-28T00:15:00Z,9.4,209.4,125.7,293.2,0,0,0.0,209.4,-14.3
2026-03-28T00:30:00Z,6.3,230.3,138.2,322.5,0,0,0.0,230.3,13.7
2026-03-28T00:45:00Z,23.3,270.7,162.4,350,0,0,0.0,270.7,14.3
2026-03-28T01:00:00Z,22.6,263.0,157.8,350,0,0,0.0,263.0,-3.8
2026-03-28T01:15:00Z,36.7,239.5,143.7,335.4,0,0,0.0,239.5,-15.7
2026-03-28T01:30:00Z,10.4,274.9,164.9,350,0,0,0.0,274.9,-6.3
2026-03-28T01:45:00Z,38.9,217.5,130.5,304.5,0,0,0.0,217.5,-8.7
2026-03-28T02:00:00Z,36.2,317.3,190.4,350,0,0,0.0,317.3,15.8
2026-03-28T02:15:00Z,44.1,276.3,165.8,350,0,0,0.0,276.3,11.6
2026-03-28T02:30:00Z,1.5,220.6,132.4,308.9,0,0,0.0,220.6,-14.2
2026-03-28T02:45:00Z,34.8,263.7,158.2,350,0,0,0.0,263.7,-2.1
2026-03-28T03:00:00Z,16.9,256.0,153.6,350,0,0,0.0,256.0,-15.6
2026-03-28T03:15:00Z,36.1,277.6,166.6,350,0,0,0.0,277.6,-12.2
2026-03-28T03:30:00Z,12.6,263.6,158.2,350,0,0,0.0,263.6,-28.4
2026-03-28T03:45:00Z,24.4,275.5,165.3,350,0,0,0.0,275.5,-5.2
2026-03-28T04:00:00Z,17.1,293.1,175.9,350,0,0,0.0,293.1,17.1
2026-03-28T04:15:00Z,15.1,286.1,171.7,350,0,0,0.0,286.1,-6.2
2026-03-28T04:30:00Z,12.3,245.7,147.4,343.9,0,0,0.0,245.7,16.9
2026-03-28T04:45:00Z,6.0,241.8,145.1,338.5,0,0,0.0,241.8,3.0
2026-03-28T05:00:00Z,27.7,208.3,125.0,291.6,0,0,0.0,208.3,1.9
2026-03-28T05:15:00Z,27.9,303.7,182.2,350,0,0,0.0,303.7,-10.2
2026-03-28T05:30:00Z,21.0,251.1,150.7,350,0,0,0.0,251.1,-9.2
2026-03-28T05:45:00Z,34.9,208.8,125.3,292.3,0,0,0.0,208.8,10.5
2026-03-28T06:00:00Z,21.0,264.5,158.7,350,0.0,0,0.0,264.5,-41.8
2026-03-28T06:15:00Z,8.1,234.9,140.9,328.8,0.0,0,0.0,234.9,-14.7
2026-03-28T06:30:00Z,32.7,242.7,145.6,339.7,0.0,0,0.0,242.7,-2.6
2026-03-28T06:45:00Z,44.0,270.6,162.4,350,0.0,0,0.0,270.6,-4.3
2026-03-28T07:00:00Z,37.0,267.4,160.4,350,12.6,6.3,16.4,279.9,8.7
2026-03-28T07:15:00Z,42.6,286.1,171.7,350,11.8,5.9,15.4,297.9,15.9
2026-03-28T07:30:00Z,39.7,253.3,152.0,350,9.7,4.8,12.6,263.0,4.0
2026-03-28T07:45:00Z,28.5,285.8,171.5,350,12.3,6.1,15.9,298.0,11.5
2026-03-28T08:00:00Z,18.7,234.9,140.9,328.8,29.7,14.8,38.6,264.6,2.1
2026-03-28T08:15:00Z,14.8,278.3,167.0,350,29.2,14.6,37.9,307.4,-6.6
2026-03-28T08:30:00Z,23.9,247.5,148.5,346.5,31.4,15.7,40.9,279.0,15.2
2026-03-28T08:45:00Z,18.4,244.9,146.9,342.8,32.9,16.5,42.8,277.8,-10.7
2026-03-28T09:00:00Z,7.9,232.8,139.7,326.0,47.9,24.0,62.3,280.8,2.0
2026-03-28T09:15:00Z,33.8,241.0,144.6,337.4,43.2,21.6,56.2,284.2,-12.5
2026-03-28T09:30:00Z,6.8,265.2,159.1,350,48.5,24.2,63.0,313.7,-3.1
2026-03-28T09:45:00Z,1.4,238.9,143.3,334.4,56.4,28.2,73.3,295.3,12.5
2026-03-28T10:00:00Z,32.5,226.5,135.9,317.1,63.3,31.6,82.3,289.8,5.4
2026-03-28T10:15:00Z,19.4,249.2,149.5,348.9,64.7,32.4,84.1,314.0,18.5
2026-03-28T10:30:00Z,32.4,220.6,132.4,308.9,61.8,30.9,80.4,282.5,1.5
2026-03-28T10:45:00Z,21.6,233.2,139.9,326.5,82.4,41.2,107.2,315.6,7.1
2026-03-28T11:00:00Z,11.2,213.3,128.0,298.6,81.6,40.8,106.1,294.9,-5.6
2026-03-28T11:15:00Z,22.4,207.6,124.5,290.6,73.4,36.7,95.5,281.0,3.5
2026-03-28T11:30:00Z,45.9,210.3,126.2,294.4,75.7,37.9,98.4,286.0,11.6
2026-03-28T11:45:00Z,5.5,282.2,169.3,350,81.4,40.7,105.8,363.6,3.3
2026-03-28T12:00:00Z,45.4,243.9,146.3,341.4,105.9,52.9,120,349.7,-2.6
2026-03-28T12:15:00Z,42.8,216.7,130.0,303.4,88.0,44.0,114.4,304.7,-2.1
2026-03-28T12:30:00Z,21.8,256.9,154.1,350,109.2,54.6,120,366.1,28.2
2026-03-28T12:45:00Z,28.4,195.8,117.5,274.1,101.9,51.0,120,297.7,17.7
2026-03-28T13:00:00Z,27.4,254.9,152.9,350,100.9,50.5,120,355.8,-9.2
2026-03-28T13:15:00Z,18.2,188.8,113.3,264.4,99.1,49.6,120,287.9,5.7
2026-03-28T13:30:00Z,42.9,223.5,134.1,312.9,101.5,50.8,120,325.0,6.1
2026-03-28T13:45:00Z,42.8,224.7,134.8,314.6,111.8,55.9,120,336.5,-5.5
2026-03-28T14:00:00Z,18.7,222.5,133.5,311.5,109.9,55.0,120,332.4,7.1
2026-03-28T14:15:00Z,40.3,227.5,136.5,318.5,97.1,48.5,120,324.6,2.0
2026-03-28T14:30:00Z,37.6,220.4,132.2,308.6,106.7,53.4,120,327.1,-4.8
2026-03-28T14:45:00Z,24.9,220.7,132.4,308.9,104.8,52.4,120,325.4,-22.2
2026-03-28T15:00:00Z,44.5,210.4,126.2,294.5,87.6,43.8,113.8,297.9,-15.2
2026-03-28T15:15:00Z,16.3,231.0,138.6,323.4,74.5,37.2,96.8,305.4,-4.5
2026-03-28T15:30:00Z,25.3,218.0,130.8,305.1,92.8,46.4,120,310.7,3.5
2026-03-28T15:45:00Z,21.5,223.1,133.8,312.3,88.9,44.5,115.6,312.0,10.7
2026-03-28T16:00:00Z,47.6,216.4,129.9,303.0,81.7,40.9,106.3,298.2,6.3
2026-03-28T16:15:00Z,28.9,226.1,135.7,316.6,70.9,35.4,92.2,297.0,-13.8
2026-03-28T16:30:00Z,3.3,201.6,121.0,282.2,64.4,32.2,83.7,266.0,-9.6
2026-03-28T16:45:00Z,22.0,175.0,105.0,245.0,66.8,33.4,86.8,241.7,4.1
2026-03-28T17:00:00Z,41.0,207.0,124.2,289.8,44.5,22.3,57.9,251.5,3.1
2026-03-28T17:15:00Z,22.3,213.3,128.0,298.6,57.2,28.6,74.3,270.4,-3.2
2026-03-28T17:30:00Z,43.0,208.0,124.8,291.2,43.1,21.5,56.0,251.1,6.7
2026-03-28T17:45:00Z,26.4,212.7,127.6,297.8,46.6,23.3,60.6,259.4,32.6
2026-03-28T18:00:00Z,42.9,226.8,136.1,317.5,30.2,15.1,39.2,256.9,3.4
2026-03-28T18:15:00Z,0.9,230.2,138.1,322.3,33.8,16.9,43.9,264.0,-23.4
2026-03-28T18:30:00Z,13.7,209.7,125.8,293.6,26.4,13.2,34.3,236.1,-3.0
2026-03-28T18:45:00Z,0.4,221.7,133.0,310.4,34.1,17.0,44.3,255.8,12.3
2026-03-28T19:00:00Z,21.2,256.9,154.1,350,11.5,5.8,15.0,268.4,0.2
2026-03-28T19:15:00Z,39.8,238.5,143.1,333.9,9.6,4.8,12.5,248.1,-2.8
2026-03-28T19:30:00Z,19.7,232.9,139.7,326.1,9.6,4.8,12.5,242.5,-9.5
2026-03-28T19:45:00Z,33.8,244.5,146.7,342.3,12.6,6.3,16.3,257.1,-27.2
2026-03-28T20:00:00Z,45.1,203.3,122.0,284.6,0.0,0.0,0.0,203.3,4.2
2026-03-28T20:15:00Z,19.0,226.5,135.9,317.1,0.0,0.0,0.0,226.5,-1.7
2026-03-28T20:30:00Z,20.7,214.0,128.4,299.6,0.0,0.0,0.0,214.0,4.8
2026-03-28T20:45:00Z,28.6,171.1,102.7,239.6,0.0,0.0,0.0,171.1,10.2
2026-03-28T21:00:00Z,18.9,217.6,130.5,304.6,0,0,0.0,217.6,22.6
2026-03-28T21:15:00Z,35.1,199.6,119.8,279.5,0,0,0.0,199.6,9.5
2026-03-28T21:30:00Z,29.4,197.1,118.3,276.0,0,0,0.0,197.1,-10.1
2026-03-28T21:45:00Z,44.7,194.1,116.4,271.7,0,0,0.0,194.1,6.2
2026-03-28T22:00:00Z,10.0,224.1,134.5,313.7,0,0,0.0,224.1,-10.2
2026-03-28T22:15:00Z,12.6,259.1,155.5,350,0,0,0.0,259.1,22.5
2026-03-28T22:30:00Z,23.2,232.6,139.6,325.7,0,0,0.0,232.6,3.9
2026-03-28T22:45:00Z,12.6,219.5,131.7,307.4,0,0,0.0,219.5,-17.4
2026-03-28T23:00:00Z,11.4,252.2,151.3,350,0,0,0.0,252.2,-8.1
2026-03-28T23:15:00Z,3.7,302.9,181.7,350,0,0,0.0,302.9,-0.6
2026-03-28T23:30:00Z,1.1,245.4,147.2,343.6,0,0,0.0,245.4,13.3
2026-03-28T23:45:00Z,38.4,243.7,146.2,341.1,0,0,0.0,243.7,4.5
2026-03-29T00:00:00Z,21.9,200.4,120.2,280.5,0,0,0.0,200.4,10.3
2026-03-29T00:15:00Z,14.9,171.4,102.8,239.9,0,0,0.0,171.4,16.7
2026-03-29T00:30:00Z,41.0,193.6,116.2,271.1,0,0,0.0,193.6,11.3
2026-03-29T00:45:00Z,6.6,220.5,132.3,308.6,0,0,0.0,220.5,-2.5
2026-03-29T01:00:00Z,30.2,192.5,115.5,269.5,0,0,0.0,192.5,-14.5
2026-03-29T01:15:00Z,19.1,217.4,130.5,304.4,0,0,0.0,217.4,2.7
2026-03-29T01:30:00Z,42.5,222.7,133.6,311.8,0,0,0.0,222.7,-16.4
2026-03-29T01:45:00Z,1.6,236.9,142.1,331.6,0,0,0.0,236.9,4.5
2026-03-29T02:00:00Z,1.4,182.2,109.3,255.1,0,0,0.0,182.2,-3.8
2026-03-29T02:15:00Z,22.3,217.4,130.4,304.3,0,0,0.0,217.4,15.4
2026-03-29T02:30:00Z,40.4,203.9,122.3,285.4,0,0,0.0,203.9,10.5
2026-03-29T02:45:00Z,24.9,201.5,120.9,282.1,0,0,0.0,201.5,6.1
2026-03-29T03:00:00Z,26.8,257.3,154.4,350,0,0,0.0,257.3,21.1
2026-03-29T03:15:00Z,29.1,207.3,124.4,290.3,0,0,0.0,207.3,9.2
2026-03-29T03:30:00Z,21.3,200.6,120.4,280.9,0,0,0.0,200.6,-14.7
2026-03-29T03:45:00Z,12.6,209.5,125.7,293.3,0,0,0.0,209.5,-31.5
2026-03-29T04:00:00Z,1.8,198.9,119.3,278.4,0,0,0.0,198.9,1.0
2026-03-29T04:15:00Z,14.6,203.2,121.9,284.5,0,0,0.0,203.2,17.4
2026-03-29T04:30:00Z,43.2,215.6,129.4,301.8,0,0,0.0,215.6,-6.3
2026-03-29T04:45:00Z,37.8,175.4,105.3,245.6,0,0,0.0,175.4,-17.6
2026-03-29T05:00:00Z,14.7,203.6,122.2,285.1,0,0,0.0,203.6,-8.5
2026-03-29T05:15:00Z,32.2,212.7,127.6,297.8,0,0,0.0,212.7,-9.6
2026-03-29T05:30:00Z,7.5,183.4,110.0,256.7,0,0,0.0,183.4,-22.3
2026-03-29T05:45:00Z,36.5,233.1,139.8,326.3,0,0,0.0,233.1,12.7
2026-03-29T06:00:00Z,45.9,239.4,143.6,335.2,0.0,0,0.0,239.4,28.3
2026-03-29T06:15:00Z,11.2,247.4,148.4,346.4,0.0,0,0.0,247.4,-4.5
2026-03-29T06:30:00Z,41.1,177.5,106.5,248.5,0.0,0,0.0,177.5,-0.5
2026-03-29T06:45:00Z,22.7,235.6,141.4,329.9,0.0,0,0.0,235.6,-8.8
2026-03-29T07:00:00Z,45.3,235.9,141.5,330.2,11.7,5.9,15.2,247.6,-4.6
2026-03-29T07:15:00Z,20.0,202.9,121.7,284.1,10.5,5.2,13.6,213.4,-0.2
2026-03-29T07:30:00Z,30.9,224.4,134.6,314.2,12.5,6.3,16.3,237.0,-8.0
2026-03-29T07:45:00Z,20.6,173.1,103.9,242.4,12.2,6.1,15.8,185.3,-14.6
2026-03-29T08:00:00Z,33.7,203.3,122.0,284.7,29.1,14.5,37.8,232.4,-10.5
2026-03-29T08:15:00Z,9.8,222.0,133.2,310.8,27.5,13.7,35.7,249.4,-8.5
2026-03-29T08:30:00Z,28.6,237.2,142.3,332.1,32.9,16.4,42.7,270.1,-13.8
2026-03-29T08:45:00Z,18.1,238.7,143.2,334.1,30.4,15.2,39.5,269.1,-18.0
2026-03-29T09:00:00Z,9.1,235.5,141.3,329.7,50.1,25.1,65.2,285.6,8.4
2026-03-29T09:15:00Z,23.7,206.4,123.8,288.9,49.9,24.9,64.8,256.2,6.7
2026-03-29T09:30:00Z,30.7,219.5,131.7,307.3,57.8,28.9,75.2,277.3,-20.7
2026-03-29T09:45:00Z,23.5,248.6,149.2,348.1,41.8,20.9,54.4,290.5,-10.3
2026-03-29T10:00:00Z,38.0,242.8,145.7,339.9,69.2,34.6,89.9,312.0,4.0
2026-03-29T10:15:00Z,17.5,207.9,124.7,291.1,72.1,36.1,93.8,280.0,-0.0
2026-03-29T10:30:00Z,9.0,207.9,124.7,291.0,62.1,31.1,80.8,270.0,-1.0
2026-03-29T10:45:00Z,44.9,221.0,132.6,309.4,74.1,37.0,96.3,295.1,4.2
2026-03-29T11:00:00Z,46.2,251.7,151.0,350,97.4,48.7,120,349.1,-0.9
2026-03-29T11:15:00Z,47.7,213.2,127.9,298.4,98.9,49.5,120,312.1,-13.1
2026-03-29T11:30:00Z,46.1,212.7,127.6,297.8,75.9,37.9,98.6,288.6,7.7
2026-03-29T11:45:00Z,33.4,253.7,152.2,350,90.9,45.4,118.1,344.5,-18.9
2026-03-29T12:00:00Z,12.1,187.9,112.7,263.0,92.3,46.2,120,280.2,-10.1
2026-03-29T12:15:00Z,36.4,173.6,104.2,243.1,108.8,54.4,120,282.5,-22.9
2026-03-29T12:30:00Z,10.9,189.5,113.7,265.2,90.8,45.4,118.0,280.2,0.3
2026-03-29T12:45:00Z,28.8,237.1,142.3,332.0,111.4,55.7,120,348.6,14.7
2026-03-29T13:00:00Z,35.5,157.7,94.6,220.8,99.8,49.9,120,257.5,-7.1
2026-03-29T13:15:00Z,6.1,207.7,124.6,290.8,100.4,50.2,120,308.1,0.2
2026-03-29T13:30:00Z,1.4,198.6,119.2,278.0,92.4,46.2,120,291.0,-19.9
2026-03-29T13:45:00Z,37.0,182.6,109.6,255.7,119.7,59.8,120,302.3,9.8
2026-03-29T14:00:00Z,19.5,171.7,103.0,240.4,96.4,48.2,120,268.1,11.3
2026-03-29T14:15:00Z,16.9,219.0,131.4,306.6,92.6,46.3,120,311.6,0.7
2026-03-29T14:30:00Z,22.9,193.0,115.8,270.2,82.2,41.1,106.9,275.2,-14.6
2026-03-29T14:45:00Z,32.3,190.2,114.1,266.3,85.8,42.9,111.5,276.0,-4.0
2026-03-29T15:00:00Z,34.0,227.2,136.3,318.0,72.4,36.2,94.1,299.6,15.6
2026-03-29T15:15:00Z,30.1,190.5,114.3,266.7,83.2,41.6,108.2,273.7,7.3
2026-03-29T15:30:00Z,37.4,147.6,88.6,206.7,101.9,51.0,120,249.5,-10.9
2026-03-29T15:45:00Z,15.0,182.6,109.6,255.7,75.0,37.5,97.5,257.6,-3.4
2026-03-29T16:00:00Z,2.1,172.2,103.3,241.0,59.5,29.7,77.3,231.6,-15.2
2026-03-29T16:15:00Z,1.2,168.7,101.2,236.2,66.3,33.2,86.2,235.0,16.0
2026-03-29T16:30:00Z,42.7,206.0,123.6,288.5,78.0,39.0,101.4,284.0,3.5
2026-03-29T16:45:00Z,20.2,213.8,128.3,299.3,58.7,29.3,76.3,272.5,15.8
2026-03-29T17:00:00Z,41.4,231.6,139.0,324.3,48.4,24.2,62.9,280.0,-3.2
2026-03-29T17:15:00Z,14.4,231.3,138.8,323.8,55.1,27.5,71.6,286.3,15.9
2026-03-29T17:30:00Z,33.4,157.4,94.5,220.4,46.2,23.1,60.0,203.6,-11.8
2026-03-29T17:45:00Z,19.6,180.4,108.2,252.6,59.0,29.5,76.7,239.4,-8.2
2026-03-29T18:00:00Z,20.4,201.9,121.1,282.6,33.6,16.8,43.6,235.5,5.1
2026-03-29T18:15:00Z,34.8,162.8,97.7,227.9,24.2,12.1,31.4,187.0,27.3
2026-03-29T18:30:00Z,2.9,203.9,122.4,285.5,31.2,15.6,40.6,235.2,-34.5
2026-03-29T18:45:00Z,20.7,178.6,107.2,250.1,31.7,15.8,41.2,210.3,15.3
2026-03-29T19:00:00Z,40.0,209.9,125.9,293.8,10.7,5.3,13.9,220.6,-16.2
2026-03-29T19:15:00Z,42.7,197.9,118.8,277.1,8.9,4.4,11.5,206.8,-15.8
2026-03-29T19:30:00Z,25.7,208.3,125.0,291.7,8.8,4.4,11.5,217.2,-22.9
2026-03-29T19:45:00Z,33.5,176.0,105.6,246.5,9.3,4.6,12.0,185.3,22.1
2026-03-29T20:00:00Z,30.7,175.8,105.5,246.2,0.0,0.0,0.0,175.8,-11.3
2026-03-29T20:15:00Z,29.8,187.2,112.3,262.1,0.0,0.0,0.0,187.2,-12.4
2026-03-29T20:30:00Z,37.1,215.9,129.5,302.2,0.0,0.0,0.0,215.9,-1.0
2026-03-29T20:45:00Z,47.9,134.7,80.8,188.6,0.0,0.0,0.0,134.7,21.2
2026-03-29T21:00:00Z,43.2,195.0,117.0,272.9,0,0,0.0,195.0,16.8
2026-03-29T21:15:00Z,45.3,199.8,119.9,279.7,0,0,0.0,199.8,-3.0
2026-03-29T21:30:00Z,18.8,193.9,116.4,271.5,0,0,0.0,193.9,3.0
2026-03-29T21:45:00Z,47.2,185.6,111.3,259.8,0,0,0.0,185.6,-24.4
2026-03-29T22:00:00Z,14.6,173.5,104.1,242.8,0,0,0.0,173.5,-4.8
2026-03-29T22:15:00Z,1.7,140.5,84.3,196.6,0,0,0.0,140.5,25.0
2026-03-29T22:30:00Z,27.2,200.7,120.4,281.0,0,0,0.0,200.7,-1.6
2026-03-29T22:45:00Z,45.4,188.0,112.8,263.2,0,0,0.0,188.0,3.5
2026-03-29T23:00:00Z,38.8,193.2,115.9,270.4,0,0,0.0,193.2,-16.0
2026-03-29T23:15:00Z,39.5,232.8,139.7,325.9,0,0,0.0,232.8,-10.7
2026-03-29T23:30:00Z,5.4,181.7,109.0,254.4,0,0,0.0,181.7,16.1
2026-03-29T23:45:00Z,34.8,246.5,147.9,345.1,0,0,0.0,246.5,-3.4
2026-03-30T00:00:00Z,15.2,266.6,159.9,350,0,0,0.0,266.6,7.0
2026-03-30T00:15:00Z,34.6,253.3,152.0,350,0,0,0.0,253.3,-33.6
2026-03-30T00:30:00Z,3.8,251.9,151.1,350,0,0,0.0,251.9,10.4
2026-03-30T00:45:00Z,18.6,269.2,161.5,350,0,0,0.0,269.2,-27.5
2026-03-30T01:00:00Z,18.2,206.0,123.6,288.4,0,0,0.0,206.0,-1.5
2026-03-30T01:15:00Z,24.3,251.6,151.0,350,0,0,0.0,251.6,-35.9
2026-03-30T01:30:00Z,36.2,245.8,147.5,344.1,0,0,0.0,245.8,-17.1
2026-03-30T01:45:00Z,1.8,233.3,140.0,326.7,0,0,0.0,233.3,21.7
2026-03-30T02:00:00Z,20.3,213.4,128.0,298.8,0,0,0.0,213.4,14.4
2026-03-30T02:15:00Z,43.7,261.5,156.9,350,0,0,0.0,261.5,30.0
2026-03-30T02:30:00Z,5.1,209.6,125.7,293.4,0,0,0.0,209.6,33.3
2026-03-30T02:45:00Z,16.6,249.1,149.5,348.7,0,0,0.0,249.1,9.5
2026-03-30T03:00:00Z,20.0,269.2,161.5,350,0,0,0.0,269.2,-23.8
2026-03-30T03:15:00Z,10.0,268.5,161.1,350,0,0,0.0,268.5,7.8
2026-03-30T03:30:00Z,38.6,207.8,124.7,291.0,0,0,0.0,207.8,-16.0
2026-03-30T03:45:00Z,3.7,256.2,153.7,350,0,0,0.0,256.2,7.8
2026-03-30T04:00:00Z,15.3,232.2,139.3,325.1,0,0,0.0,232.2,2.3
2026-03-30T04:15:00Z,24.2,244.5,146.7,342.4,0,0,0.0,244.5,-23.2
2026-03-30T04:30:00Z,30.8,227.6,136.5,318.6,0,0,0.0,227.6,-11.8
2026-03-30T04:45:00Z,34.7,173.4,104.0,242.7,0,0,0.0,173.4,-3.9
2026-03-30T05:00:00Z,16.2,277.9,166.7,350,0,0,0.0,277.9,3.5
2026-03-30T05:15:00Z,47.8,260.4,156.2,350,0,0,0.0,260.4,1.3
2026-03-30T05:30:00Z,38.0,224.8,134.9,314.8,0,0,0.0,224.8,-17.2
2026-03-30T05:45:00Z,35.2,220.9,132.6,309.3,0,0,0.0,220.9,-1.4
2026-03-30T06:00:00Z,7.9,254.0,152.4,350,0.0,0,0.0,254.0,2.5
2026-03-30T06:15:00Z,18.0,218.8,131.3,306.4,0.0,0,0.0,218.8,-23.6
2026-03-30T06:30:00Z,28.9,268.3,161.0,350,0.0,0,0.0,268.3,-1.5
2026-03-30T06:45:00Z,29.6,245.4,147.3,343.6,0.0,0,0.0,245.4,-23.1
2026-03-30T07:00:00Z,27.8,288.4,173.0,350,9.2,4.6,11.9,297.6,-15.5
2026-03-30T07:15:00Z,27.4,282.1,169.3,350,11.0,5.5,14.4,293.2,3.5
2026-03-30T07:30:00Z,40.2,241.0,144.6,337.4,11.5,5.8,15.0,252.5,-18.6
2026-03-30T07:45:00Z,3.3,284.9,170.9,350,11.1,5.6,14.5,296.0,2.0
2026-03-30T08:00:00Z,37.1,263.7,158.2,350,25.1,12.6,32.7,288.8,-28.3
2026-03-30T08:15:00Z,37.0,272.3,163.4,350,32.0,16.0,41.5,304.2,32.7
2026-03-30T08:30:00Z,42.3,264.1,158.5,350,24.4,12.2,31.7,288.5,-39.6
2026-03-30T08:45:00Z,16.2,253.1,151.9,350,25.0,12.5,32.5,278.1,-9.0
2026-03-30T09:00:00Z,46.1,237.3,142.4,332.3,49.1,24.5,63.8,286.4,16.6
2026-03-30T09:15:00Z,26.6,210.9,126.5,295.2,48.0,24.0,62.5,258.9,-3.9
2026-03-30T09:30:00Z,20.2,235.7,141.4,329.9,57.8,28.9,75.1,293.4,2.7
2026-03-30T09:45:00Z,36.1,216.4,129.9,303.0,51.2,25.6,66.5,267.6,-5.7
2026-03-30T10:00:00Z,1.3,215.7,129.4,302.0,63.6,31.8,82.7,279.4,0.0
2026-03-30T10:15:00Z,8.0,235.2,141.1,329.3,73.4,36.7,95.5,308.6,6.8
2026-03-30T10:30:00Z,47.4,207.2,124.3,290.1,71.5,35.8,93.0,278.8,-10.2
2026-03-30T10:45:00Z,41.3,222.0,133.2,310.8,61.8,30.9,80.3,283.8,-14.7
2026-03-30T11:00:00Z,38.7,270.3,162.2,350,89.8,44.9,116.7,360.0,-13.8
2026-03-30T11:15:00Z,40.4,242.4,145.4,339.4,76.1,38.1,98.9,318.5,-1.0
2026-03-30T11:30:00Z,44.8,238.4,143.1,333.8,88.2,44.1,114.7,326.7,-1.8
2026-03-30T11:45:00Z,1.5,227.5,136.5,318.6,83.6,41.8,108.6,311.1,-17.7
2026-03-30T12:00:00Z,43.8,228.5,137.1,319.9,85.2,42.6,110.8,313.7,14.0
2026-03-30T12:15:00Z,36.3,229.7,137.8,321.6,91.9,45.9,119.4,321.6,-2.7
2026-03-30T12:30:00Z,10.8,220.8,132.5,309.1,103.3,51.6,120,324.1,6.1
2026-03-30T12:45:00Z,14.0,222.3,133.4,311.2,90.7,45.4,117.9,313.0,1.5
2026-03-30T13:00:00Z,45.1,212.5,127.5,297.5,103.3,51.7,120,315.8,10.3
2026-03-30T13:15:00Z,44.6,226.3,135.8,316.8,97.6,48.8,120,323.9,3.9
2026-03-30T13:30:00Z,13.1,174.8,104.9,244.8,109.3,54.6,120,284.1,-10.3
2026-03-30T13:45:00Z,20.3,220.4,132.2,308.5,94.6,47.3,120,315.0,-6.9
2026-03-30T14:00:00Z,36.3,247.7,148.6,346.8,85.9,43.0,111.7,333.7,5.3
2026-03-30T14:15:00Z,24.7,238.9,143.3,334.4,99.9,50.0,120,338.8,0.8
2026-03-30T14:30:00Z,17.1,253.0,151.8,350,106.4,53.2,120,359.5,16.0
2026-03-30T14:45:00Z,3.2,254.6,152.7,350,109.9,54.9,120,364.4,-7.4
2026-03-30T15:00:00Z,3.5,198.6,119.2,278.0,86.3,43.2,112.3,285.0,14.7
2026-03-30T15:15:00Z,16.6,195.9,117.6,274.3,89.5,44.8,116.4,285.4,22.6
2026-03-30T15:30:00Z,29.2,250.5,150.3,350,98.3,49.1,120,348.7,10.0
2026-03-30T15:45:00Z,8.9,223.6,134.2,313.0,73.7,36.8,95.8,297.3,0.2
2026-03-30T16:00:00Z,7.0,162.5,97.5,227.6,69.8,34.9,90.7,232.3,19.7
2026-03-30T16:15:00Z,27.3,203.8,122.3,285.3,58.5,29.3,76.1,262.3,2.8
2026-03-30T16:30:00Z,40.1,206.2,123.7,288.7,69.3,34.6,90.0,275.5,11.7
2026-03-30T16:45:00Z,10.6,248.4,149.0,347.7,80.8,40.4,105.1,329.2,-9.0
2026-03-30T17:00:00Z,10.3,177.9,106.7,249.0,44.2,22.1,57.5,222.1,12.8
2026-03-30T17:15:00Z,19.5,205.2,123.1,287.3,57.8,28.9,75.1,263.0,14.4
2026-03-30T17:30:00Z,20.1,225.4,135.2,315.5,57.5,28.8,74.8,282.9,-19.6
2026-03-30T17:45:00Z,14.2,217.4,130.4,304.3,44.5,22.2,57.8,261.9,-23.7
2026-03-30T18:00:00Z,15.5,222.7,133.6,311.8,29.4,14.7,38.2,252.1,-16.5
2026-03-30T18:15:00Z,4.9,222.4,133.4,311.3,24.4,12.2,31.7,246.8,10.6
2026-03-30T18:30:00Z,43.1,241.4,144.8,337.9,24.1,12.0,31.3,265.5,0.6
2026-03-30T18:45:00Z,9.9,229.7,137.8,321.6,24.4,12.2,31.7,254.1,-29.1
2026-03-30T19:00:00Z,19.7,194.2,116.5,271.9,12.2,6.1,15.8,206.4,-8.3
2026-03-30T19:15:00Z,4.6,216.7,130.0,303.4,12.6,6.3,16.3,229.3,-20.5
2026-03-30T19:30:00Z,7.3,213.0,127.8,298.3,11.8,5.9,15.4,224.9,-10.0
2026-03-30T19:45:00Z,37.6,269.1,161.5,350,9.6,4.8,12.5,278.8,19.1
2026-03-30T20:00:00Z,19.5,204.2,122.5,285.8,0.0,0.0,0.0,204.2,28.1
2026-03-30T20:15:00Z,11.8,216.7,130.0,303.4,0.0,0.0,0.0,216.7,6.6
2026-03-30T20:30:00Z,13.0,207.4,124.5,290.4,0.0,0.0,0.0,207.4,28.7
2026-03-30T20:45:00Z,13.4,192.4,115.4,269.3,0.0,0.0,0.0,192.4,-17.0
2026-03-30T21:00:00Z,18.8,243.6,146.1,341.0,0,0,0.0,243.6,-17.4
2026-03-30T21:15:00Z,9.4,234.0,140.4,327.7,0,0,0.0,234.0,10.0
2026-03-30T21:30:00Z,19.8,279.8,167.9,350,0,0,0.0,279.8,14.6
2026-03-30T21:45:00Z,16.3,200.1,120.0,280.1,0,0,0.0,200.1,-8.6
2026-03-30T22:00:00Z,38.1,221.5,132.9,310.0,0,0,0.0,221.5,-3.8
2026-03-30T22:15:00Z,13.9,250.6,150.4,350,0,0,0.0,250.6,19.3
2026-03-30T22:30:00Z,14.3,225.7,135.4,315.9,0,0,0.0,225.7,4.9
2026-03-30T22:45:00Z,47.5,222.6,133.6,311.7,0,0,0.0,222.6,18.8
2026-03-30T23:00:00Z,20.7,217.0,130.2,303.8,0,0,0.0,217.0,10.8
2026-03-30T23:15:00Z,18.7,246.8,148.1,345.6,0,0,0.0,246.8,-16.5
2026-03-30T23:30:00Z,4.5,205.1,123.1,287.2,0,0,0.0,205.1,-6.7
2026-03-30T23:45:00Z,46.6,202.9,121.7,284.1,0,0,0.0,202.9,11.9
2026-03-31T00:00:00Z,38.7,164.7,98.8,230.5,0,0,0.0,164.7,17.2
2026-03-31T00:15:00Z,23.7,201.7,121.0,282.4,0,0,0.0,201.7,-4.5
2026-03-31T00:30:00Z,4.8,187.7,112.6,262.8,0,0,0.0,187.7,8.7
2026-03-31T00:45:00Z,13.1,178.0,106.8,249.2,0,0,0.0,178.0,-12.2
2026-03-31T01:00:00Z,14.0,188.2,112.9,263.4,0,0,0.0,188.2,-7.2
2026-03-31T01:15:00Z,25.3,212.9,127.8,298.1,0,0,0.0,212.9,1.1
2026-03-31T01:30:00Z,11.8,220.6,132.4,308.9,0,0,0.0,220.6,8.3
2026-03-31T01:45:00Z,13.1,187.5,112.5,262.4,0,0,0.0,187.5,-24.9
2026-03-31T02:00:00Z,38.6,271.4,162.8,350,0,0,0.0,271.4,-18.7
2026-03-31T02:15:00Z,43.0,209.8,125.9,293.7,0,0,0.0,209.8,17.9
2026-03-31T02:30:00Z,7.4,283.0,169.8,350,0,0,0.0,283.0,23.0
2026-03-31T02:45:00Z,22.4,222.9,133.7,312.1,0,0,0.0,222.9,-6.8
2026-03-31T03:00:00Z,13.1,241.4,144.8,338.0,0,0,0.0,241.4,-23.2
2026-03-31T03:15:00Z,25.3,176.5,105.9,247.1,0,0,0.0,176.5,-14.7
2026-03-31T03:30:00Z,9.4,226.0,135.6,316.4,0,0,0.0,226.0,-14.4
2026-03-31T03:45:00Z,13.9,214.0,128.4,299.6,0,0,0.0,214.0,-2.1
2026-03-31T04:00:00Z,19.2,276.6,165.9,350,0,0,0.0,276.6,6.9
2026-03-31T04:15:00Z,14.8,197.3,118.4,276.2,0,0,0.0,197.3,11.3
2026-03-31T04:30:00Z,20.1,203.6,122.1,285.0,0,0,0.0,203.6,-11.6
2026-03-31T04:45:00Z,44.7,236.0,141.6,330.5,0,0,0.0,236.0,13.4
2026-03-31T05:00:00Z,19.2,199.4,119.7,279.2,0,0,0.0,199.4,23.7
2026-03-31T05:15:00Z,47.7,252.3,151.4,350,0,0,0.0,252.3,9.5
2026-03-31T05:30:00Z,17.5,238.7,143.2,334.1,0,0,0.0,238.7,10.5
2026-03-31T05:45:00Z,8.7,231.8,139.1,324.5,0,0,0.0,231.8,4.8
2026-03-31T06:00:00Z,38.2,214.1,128.4,299.7,0.0,0,0.0,214.1,22.6
2026-03-31T06:15:00Z,38.7,267.5,160.5,350,0.0,0,0.0,267.5,11.9
2026-03-31T06:30:00Z,38.0,190.5,114.3,266.7,0.0,0,0.0,190.5,6.1
2026-03-31T06:45:00Z,34.1,179.7,107.8,251.6,0.0,0,0.0,179.7,6.8
2026-03-31T07:00:00Z,6.0,263.9,158.3,350,10.0,5.0,13.0,273.9,-0.7
2026-03-31T07:15:00Z,41.8,219.0,131.4,306.6,12.3,6.2,16.0,231.4,17.3
2026-03-31T07:30:00Z,27.8,204.0,122.4,285.6,11.3,5.7,14.7,215.3,5.3
2026-03-31T07:45:00Z,11.6,204.5,122.7,286.3,10.4,5.2,13.5,214.9,-1.8
2026-03-31T08:00:00Z,26.7,231.6,139.0,324.3,25.6,12.8,33.2,257.2,-7.9
2026-03-31T08:15:00Z,21.8,237.4,142.4,332.4,33.3,16.7,43.3,270.7,-2.7
2026-03-31T08:30:00Z,21.0,237.0,142.2,331.7,33.8,16.9,44.0,270.8,19.1
2026-03-31T08:45:00Z,37.8,230.7,138.4,323.0,24.8,12.4,32.3,255.5,16.5
2026-03-31T09:00:00Z,21.2,228.5,137.1,319.8,51.8,25.9,67.3,280.2,-17.4
2026-03-31T09:15:00Z,17.6,225.2,135.1,315.3,46.9,23.4,60.9,272.1,-36.9
2026-03-31T09:30:00Z,14.7,176.0,105.6,246.4,50.6,25.3,65.8,226.6,13.9
2026-03-31T09:45:00Z,40.4,278.6,167.2,350,49.6,24.8,64.5,328.3,4.6
2026-03-31T10:00:00Z,22.8,151.9,91.1,212.6,61.8,30.9,80.3,213.7,1.1
2026-03-31T10:15:00Z,30.9,202.9,121.8,284.1,74.0,37.0,96.2,276.9,7.5
2026-03-31T10:30:00Z,10.2,195.5,117.3,273.7,71.0,35.5,92.3,266.5,9.7
2026-03-31T10:45:00Z,16.2,177.1,106.3,247.9,78.7,39.3,102.3,255.8,-20.5
2026-03-31T11:00:00Z,33.7,219.4,131.7,307.2,88.4,44.2,114.9,307.8,-5.7
2026-03-31T11:15:00Z,14.7,251.4,150.8,350,77.2,38.6,100.4,328.6,11.2
2026-03-31T11:30:00Z,1.4,223.7,134.2,313.2,78.0,39.0,101.4,301.8,-7.8
2026-03-31T11:45:00Z,28.5,212.3,127.4,297.2,99.3,49.7,120,311.6,7.1
2026-03-31T12:00:00Z,21.1,177.3,106.4,248.3,94.3,47.2,120,271.7,-13.9
2026-03-31T12:15:00Z,30.7,193.8,116.3,271.4,92.2,46.1,119.9,286.0,28.5
2026-03-31T12:30:00Z,3.5,210.7,126.4,295.0,101.9,50.9,120,312.6,-3.6
2026-03-31T12:45:00Z,24.6,166.3,99.8,232.8,103.9,51.9,120,270.1,-20.0
2026-03-31T13:00:00Z,30.9,208.2,124.9,291.5,94.7,47.3,120,302.9,-19.2
2026-03-31T13:15:00Z,36.7,203.0,121.8,284.2,94.7,47.3,120,297.7,-12.2
2026-03-31T13:30:00Z,24.6,173.2,103.9,242.4,111.4,55.7,120,284.5,0.2
2026-03-31T13:45:00Z,8.8,151.0,90.6,211.4,97.4,48.7,120,248.4,6.3
2026-03-31T14:00:00Z,1.6,231.9,139.2,324.7,83.8,41.9,109.0,315.7,-14.1
2026-03-31T14:15:00Z,8.4,202.6,121.5,283.6,85.0,42.5,110.5,287.6,-8.1
2026-03-31T14:30:00Z,20.0,147.4,88.5,206.4,89.4,44.7,116.2,236.8,7.8
2026-03-31T14:45:00Z,17.0,162.1,97.3,227.0,106.6,53.3,120,268.7,-17.0
2026-03-31T15:00:00Z,40.3,201.5,120.9,282.1,78.4,39.2,102.0,279.9,-26.3
2026-03-31T15:15:00Z,24.4,182.7,109.6,255.8,87.0,43.5,113.1,269.7,-20.2
2026-03-31T15:30:00Z,5.4,227.9,136.7,319.0,92.6,46.3,120,320.5,1.6
2026-03-31T15:45:00Z,20.1,220.1,132.1,308.2,95.5,47.8,120,315.6,-2.3
2026-03-31T16:00:00Z,33.5,167.8,100.7,234.9,67.1,33.6,87.3,234.9,12.1
2026-03-31T16:15:00Z,35.8,199.6,119.7,279.4,70.5,35.2,91.6,270.0,26.0
2026-03-31T16:30:00Z,11.3,233.0,139.8,326.3,78.2,39.1,101.7,311.3,4.0
2026-03-31T16:45:00Z,44.9,208.5,125.1,291.8,64.4,32.2,83.8,272.9,-5.0
2026-03-31T17:00:00Z,12.0,192.2,115.3,269.1,47.1,23.5,61.2,239.3,13.2
2026-03-31T17:15:00Z,4.9,193.1,115.9,270.3,54.6,27.3,71.0,247.7,-7.3
2026-03-31T17:30:00Z,40.6,172.8,103.7,241.9,44.8,22.4,58.3,217.6,-5.7
2026-03-31T17:45:00Z,47.5,191.0,114.6,267.4,56.2,28.1,73.1,247.2,10.2
2026-03-31T18:00:00Z,46.8,183.1,109.8,256.3,28.5,14.3,37.1,211.6,-7.0
2026-03-31T18:15:00Z,18.4,178.9,107.3,250.4,32.8,16.4,42.7,211.7,-12.3
2026-03-31T18:30:00Z,42.3,171.7,103.0,240.3,26.1,13.1,34.0,197.8,-38.0
2026-03-31T18:45:00Z,21.4,134.3,80.6,188.0,26.9,13.5,35.0,161.2,-0.7
2026-03-31T19:00:00Z,34.3,215.8,129.5,302.1,12.4,6.2,16.1,228.2,5.0
2026-03-31T19:15:00Z,21.4,170.7,102.4,239.0,11.6,5.8,15.1,182.3,-13.5
2026-03-31T19:30:00Z,41.3,206.2,123.7,288.7,9.7,4.8,12.6,215.9,-1.5
2026-03-31T19:45:00Z,23.2,166.5,99.9,233.1,11.0,5.5,14.3,177.5,-9.8
2026-03-31T20:00:00Z,15.2,170.2,102.1,238.2,0.0,0.0,0.0,170.2,0.4
2026-03-31T20:15:00Z,6.8,179.4,107.6,251.1,0.0,0.0,0.0,179.4,-0.3
2026-03-31T20:30:00Z,20.8,205.3,123.2,287.4,0.0,0.0,0.0,205.3,-6.0
2026-03-31T20:45:00Z,19.0,147.5,88.5,206.5,0.0,0.0,0.0,147.5,-3.2
2026-03-31T21:00:00Z,1.1,189.4,113.7,265.2,0,0,0.0,189.4,-19.1
2026-03-31T21:15:00Z,29.9,203.4,122.0,284.7,0,0,0.0,203.4,15.9
2026-03-31T21:30:00Z,14.4,164.9,98.9,230.8,0,0,0.0,164.9,-1.6
2026-03-31T21:45:00Z,32.8,222.3,133.4,311.2,0,0,0.0,222.3,23.8
2026-03-31T22:00:00Z,33.7,210.6,126.4,294.9,0,0,0.0,210.6,-9.8
2026-03-31T22:15:00Z,45.6,165.4,99.2,231.5,0,0,0.0,165.4,14.1
2026-03-31T22:30:00Z,8.0,195.7,117.4,273.9,0,0,0.0,195.7,-23.5
2026-03-31T22:45:00Z,27.0,255.8,153.5,350,0,0,0.0,255.8,-13.6
2026-03-31T23:00:00Z,9.9,201.6,121.0,282.2,0,0,0.0,201.6,-17.4
2026-03-31T23:15:00Z,1.2,222.0,133.2,310.9,0,0,0.0,222.0,6.6
2026-03-31T23:30:00Z,38.2,211.1,126.6,295.5,0,0,0.0,211.1,6.7
2026-03-31T23:45:00Z,16.8,218.4,131.1,305.8,0,0,0.0,218.4,-12.3
2026-04-01T00:00:00Z,4.8,202.7,121.6,283.7,0,0,0.0,202.7,14.1
2026-04-01T00:15:00Z,40.1,169.2,101.5,236.9,0,0,0.0,169.2,5.9
2026-04-01T00:30:00Z,2.7,219.9,132.0,307.9,0,0,0.0,219.9,-6.4
2026-04-01T00:45:00Z,34.8,169.9,102.0,237.9,0,0,0.0,169.9,-1.7
2026-04-01T01:00:00Z,24.0,141.7,85.0,198.4,0,0,0.0,141.7,4.6
2026-04-01T01:15:00Z,33.8,165.1,99.1,231.1,0,0,0.0,165.1,-10.4
2026-04-01T01:30:00Z,20.0,159.9,95.9,223.9,0,0,0.0,159.9,10.6
2026-04-01T01:45:00Z,33.4,172.5,103.5,241.4,0,0,0.0,172.5,-14.6
2026-04-01T02:00:00Z,1.2,182.3,109.4,255.3,0,0,0.0,182.3,1.5
2026-04-01T02:15:00Z,4.6,197.3,118.4,276.2,0,0,0.0,197.3,4.1
2026-04-01T02:30:00Z,15.0,216.8,130.1,303.5,0,0,0.0,216.8,5.0
2026-04-01T02:45:00Z,24.9,164.6,98.7,230.4,0,0,0.0,164.6,3.5
2026-04-01T03:00:00Z,9.9,200.0,120.0,280.0,0,0,0.0,200.0,-13.6
2026-04-01T03:15:00Z,14.9,223.6,134.2,313.1,0,0,0.0,223.6,-19.3
2026-04-01T03:30:00Z,39.0,169.8,101.9,237.7,0,0,0.0,169.8,4.2
2026-04-01T03:45:00Z,3.6,200.9,120.6,281.3,0,0,0.0,200.9,7.1
2026-04-01T04:00:00Z,25.6,152.6,91.6,213.7,0,0,0.0,152.6,6.6
2026-04-01T04:15:00Z,3.3,107.8,64.7,150.9,0,0,0.0,107.8,-9.7
2026-04-01T04:30:00Z,43.0,157.4,94.4,220.3,0,0,0.0,157.4,15.6
2026-04-01T04:45:00Z,9.6,210.5,126.3,294.7,0,0,0.0,210.5,28.2
2026-04-01T05:00:00Z,4.2,243.4,146.0,340.8,0,0,0.0,243.4,5.2
2026-04-01T05:15:00Z,1.5,167.5,100.5,234.5,0,0,0.0,167.5,5.3
2026-04-01T05:30:00Z,4.0,175.6,105.4,245.9,0,0,0.0,175.6,-1.7
2026-04-01T05:45:00Z,47.6,179.6,107.8,251.5,0,0,0.0,179.6,10.3
2026-04-01T06:00:00Z,16.1,204.3,122.6,286.0,0.0,0,0.0,204.3,16.2
2026-04-01T06:15:00Z,10.5,207.0,124.2,289.9,0.0,0,0.0,207.0,-8.8
2026-04-01T06:30:00Z,24.1,182.5,109.5,255.5,0.0,0,0.0,182.5,-7.7
2026-04-01T06:45:00Z,7.5,142.7,85.6,199.8,0.0,0,0.0,142.7,-13.4
2026-04-01T07:00:00Z,35.5,210.6,126.3,294.8,11.2,5.6,14.6,221.8,9.0
2026-04-01T07:15:00Z,36.1,156.0,93.6,218.4,10.9,5.4,14.1,166.9,-11.7
2026-04-01T07:30:00Z,0.6,193.8,116.3,271.3,9.7,4.9,12.6,203.5,-12.0
2026-04-01T07:45:00Z,13.0,169.8,101.9,237.7,9.8,4.9,12.7,179.6,-2.3
2026-04-01T08:00:00Z,18.3,208.2,124.9,291.5,29.0,14.5,37.7,237.2,-17.7
2026-04-01T08:15:00Z,23.7,202.2,121.3,283.1,28.9,14.5,37.6,231.1,6.9
2026-04-01T08:30:00Z,29.0,228.3,137.0,319.6,31.0,15.5,40.3,259.3,-0.8
2026-04-01T08:45:00Z,37.3,207.5,124.5,290.5,31.4,15.7,40.8,238.9,7.6
2026-04-01T09:00:00Z,41.7,143.6,86.2,201.0,58.0,29.0,75.3,201.5,-12.5
2026-04-01T09:15:00Z,4.5,213.9,128.3,299.4,49.3,24.6,64.1,263.2,7.4
2026-04-01T09:30:00Z,47.2,197.4,118.4,276.3,56.0,28.0,72.7,253.3,-1.7
2026-04-01T09:45:00Z,3.3,179.6,107.8,251.4,56.8,28.4,73.8,236.4,15.3
2026-04-01T10:00:00Z,1.6,187.6,112.6,262.7,65.5,32.7,85.1,253.1,1.2
2026-04-01T10:15:00Z,21.1,151.1,90.6,211.5,64.9,32.4,84.4,216.0,19.3
2026-04-01T10:30:00Z,34.4,146.7,88.0,205.4,70.0,35.0,90.9,216.7,-5.6
2026-04-01T10:45:00Z,43.9,205.2,123.1,287.3,81.3,40.6,105.6,286.5,14.0
2026-04-01T11:00:00Z,2.1,164.5,98.7,230.4,102.5,51.3,120,267.0,-24.0
2026-04-01T11:15:00Z,23.2,156.8,94.1,219.5,102.5,51.3,120,259.3,-5.4
2026-04-01T11:30:00Z,35.7,186.6,111.9,261.2,80.4,40.2,104.5,267.0,-14.9
2026-04-01T11:45:00Z,23.0,170.7,102.4,239.0,71.9,36.0,93.5,242.7,-4.0
2026-04-01T12:00:00Z,47.5,171.1,102.6,239.5,115.1,57.5,120,286.1,21.6
2026-04-01T12:15:00Z,4.3,205.9,123.5,288.2,99.3,49.6,120,305.1,-12.4
2026-04-01T12:30:00Z,23.3,150.2,90.1,210.2,99.8,49.9,120,249.9,-37.8
2026-04-01T12:45:00Z,22.3,169.9,102.0,237.9,85.4,42.7,111.1,255.4,-33.9
2026-04-01T13:00:00Z,11.2,193.0,115.8,270.2,104.4,52.2,120,297.4,-9.0
2026-04-01T13:15:00Z,10.0,182.2,109.3,255.1,115.8,57.9,120,298.1,7.3
2026-04-01T13:30:00Z,33.2,159.7,95.8,223.6,85.4,42.7,111.0,245.1,-24.0
2026-04-01T13:45:00Z,11.6,169.8,101.9,237.7,95.6,47.8,120,265.4,-0.3
2026-04-01T14:00:00Z,7.5,147.4,88.5,206.4,89.4,44.7,116.2,236.8,-8.4
2026-04-01T14:15:00Z,41.4,148.2,88.9,207.5,111.9,55.9,120,260.1,-10.6
2026-04-01T14:30:00Z,17.1,146.4,87.9,205.0,93.7,46.8,120,240.1,-1.8
2026-04-01T14:45:00Z,28.4,158.1,94.9,221.4,105.6,52.8,120,263.7,9.1
2026-04-01T15:00:00Z,44.3,179.3,107.6,251.1,83.9,41.9,109.0,263.2,11.0
2026-04-01T15:15:00Z,2.8,114.2,68.5,159.9,75.9,37.9,98.7,190.1,-10.7
2026-04-01T15:30:00Z,38.3,130.6,78.4,182.8,98.2,49.1,120,228.8,8.1
2026-04-01T15:45:00Z,27.0,140.8,84.5,197.1,75.0,37.5,97.6,215.8,-4.4
2026-04-01T16:00:00Z,13.6,157.2,94.3,220.1,75.9,37.9,98.6,233.1,-19.4
2026-04-01T16:15:00Z,14.1,136.9,82.2,191.7,81.8,40.9,106.3,218.7,7.1
2026-04-01T16:30:00Z,18.1,174.7,104.8,244.6,65.0,32.5,84.5,239.7,36.2
2026-04-01T16:45:00Z,27.8,156.2,93.7,218.6,82.4,41.2,107.1,238.5,2.0
2026-04-01T17:00:00Z,12.8,135.4,81.2,189.6,56.7,28.3,73.7,192.1,3.4
2026-04-01T17:15:00Z,34.3,134.7,80.8,188.6,52.0,26.0,67.6,186.7,-23.4
2026-04-01T17:30:00Z,9.1,114.0,68.4,159.6,54.2,27.1,70.4,168.1,2.5
2026-04-01T17:45:00Z,46.8,151.0,90.6,211.4,50.5,25.3,65.7,201.5,4.0
2026-04-01T18:00:00Z,33.7,159.7,95.8,223.6,24.6,12.3,32.0,184.3,-26.3
2026-04-01T18:15:00Z,15.7,151.9,91.2,212.7,32.7,16.4,42.5,184.6,3.8
2026-04-01T18:30:00Z,7.5,177.3,106.4,248.2,33.9,16.9,44.1,211.2,-12.4
2026-04-01T18:45:00Z,0.4,176.9,106.2,247.7,29.2,14.6,38.0,206.1,29.0
2026-04-01T19:00:00Z,39.9,111.8,67.1,156.5,11.6,5.8,15.1,123.4,-22.0
2026-04-01T19:15:00Z,5.2,101.9,61.1,142.7,11.5,5.7,14.9,113.4,-2.5
2026-04-01T19:30:00Z,37.2,194.0,116.4,271.6,11.3,5.7,14.7,205.3,-2.0
2026-04-01T19:45:00Z,11.4,178.1,106.9,249.4,11.0,5.5,14.3,189.1,-2.4
2026-04-01T20:00:00Z,25.3,143.3,86.0,200.7,0.0,0.0,0.0,143.3,2.7
2026-04-01T20:15:00Z,31.5,128.2,76.9,179.5,0.0,0.0,0.0,128.2,-1.7
2026-04-01T20:30:00Z,31.3,147.1,88.3,205.9,0.0,0.0,0.0,147.1,-25.0
2026-04-01T20:45:00Z,42.5,177.3,106.4,248.2,0.0,0.0,0.0,177.3,6.1
2026-04-01T21:00:00Z,7.8,184.8,110.9,258.7,0,0,0.0,184.8,-16.3
2026-04-01T21:15:00Z,37.1,153.2,91.9,214.5,0,0,0.0,153.2,-8.8
2026-04-01T21:30:00Z,29.2,125.3,75.2,175.4,0,0,0.0,125.3,-5.8
2026-04-01T21:45:00Z,21.3,132.1,79.2,184.9,0,0,0.0,132.1,-5.8
2026-04-01T22:00:00Z,47.9,198.0,118.8,277.2,0,0,0.0,198.0,5.4
2026-04-01T22:15:00Z,0.4,177.3,106.4,248.3,0,0,0.0,177.3,21.2
2026-04-01T22:30:00Z,37.9,203.3,122.0,284.7,0,0,0.0,203.3,0.5
2026-04-01T22:45:00Z,34.5,183.5,110.1,256.8,0,0,0.0,183.5,-3.8
2026-04-01T23:00:00Z,47.3,126.5,75.9,177.1,0,0,0.0,126.5,-6.3
2026-04-01T23:15:00Z,5.3,155.3,93.2,217.4,0,0,0.0,155.3,-11.3
2026-04-01T23:30:00Z,30.4,173.1,103.9,242.4,0,0,0.0,173.1,7.9
2026-04-01T23:45:00Z,13.9,148.3,89.0,207.6,0,0,0.0,148.3,2.5
2026-04-02T00:00:00Z,12.1,248.2,148.9,347.5,0,0,0.0,248.2,-7.5
2026-04-02T00:15:00Z,35.3,184.5,110.7,258.3,0,0,0.0,184.5,13.6
2026-04-02T00:30:00Z,44.8,222.9,133.7,312.0,0,0,0.0,222.9,-8.9
2026-04-02T00:45:00Z,19.4,196.7,118.0,275.3,0,0,0.0,196.7,2.8
2026-04-02T01:00:00Z,2.6,243.4,146.0,340.7,0,0,0.0,243.4,7.0
2026-04-02T01:15:00Z,30.4,269.1,161.4,350,0,0,0.0,269.1,5.6
2026-04-02T01:30:00Z,26.5,236.0,141.6,330.3,0,0,0.0,236.0,-4.8
2026-04-02T01:45:00Z,12.5,208.7,125.2,292.2,0,0,0.0,208.7,9.8
2026-04-02T02:00:00Z,1.2,268.3,161.0,350,0,0,0.0,268.3,-18.9
2026-04-02T02:15:00Z,12.3,237.2,142.3,332.1,0,0,0.0,237.2,5.0
2026-04-02T02:30:00Z,12.6,249.5,149.7,349.2,0,0,0.0,249.5,10.9
2026-04-02T02:45:00Z,10.2,256.9,154.1,350,0,0,0.0,256.9,-3.9
2026-04-02T03:00:00Z,9.9,219.8,131.9,307.8,0,0,0.0,219.8,6.6
2026-04-02T03:15:00Z,5.7,243.8,146.3,341.4,0,0,0.0,243.8,3.5
2026-04-02T03:30:00Z,28.3,250.2,150.1,350,0,0,0.0,250.2,7.2
2026-04-02T03:45:00Z,43.5,197.4,118.4,276.3,0,0,0.0,197.4,0.9
2026-04-02T04:00:00Z,44.0,230.9,138.5,323.3,0,0,0.0,230.9,-8.2
2026-04-02T04:15:00Z,43.7,289.9,173.9,350,0,0,0.0,289.9,14.8
2026-04-02T04:30:00Z,26.9,284.6,170.7,350,0,0,0.0,284.6,-3.2
2026-04-02T04:45:00Z,8.0,229.8,137.9,321.7,0,0,0.0,229.8,32.4
2026-04-02T05:00:00Z,18.3,269.7,161.8,350,0,0,0.0,269.7,-9.4
2026-04-02T05:15:00Z,34.1,295.1,177.0,350,0,0,0.0,295.1,-20.4
2026-04-02T05:30:00Z,20.3,252.1,151.3,350,0,0,0.0,252.1,-5.1
2026-04-02T05:45:00Z,31.5,295.1,177.1,350,0,0,0.0,295.1,-4.5
2026-04-02T06:00:00Z,21.8,238.5,143.1,333.9,0.0,0,0.0,238.5,-9.8
2026-04-02T06:15:00Z,5.7,270.3,162.2,350,0.0,0,0.0,270.3,23.6
2026-04-02T06:30:00Z,15.1,226.7,136.0,317.4,0.0,0,0.0,226.7,7.0
2026-04-02T06:45:00Z,8.6,203.9,122.3,285.4,0.0,0,0.0,203.9,-16.9
2026-04-02T07:00:00Z,8.6,250.8,150.5,350,10.7,5.3,13.9,261.4,-2.7
2026-04-02T07:15:00Z,14.9,233.7,140.2,327.1,9.9,5.0,12.9,243.6,-21.6
2026-04-02T07:30:00Z,4.6,233.3,140.0,326.6,11.1,5.6,14.4,244.4,23.4
2026-04-02T07:45:00Z,24.0,261.1,156.6,350,10.0,5.0,13.0,271.1,-3.4
2026-04-02T08:00:00Z,14.9,255.1,153.0,350,24.8,12.4,32.3,279.9,-18.7
2026-04-02T08:15:00Z,21.4,208.1,124.9,291.3,27.5,13.7,35.7,235.5,-17.8
2026-04-02T08:30:00Z,0.4,317.1,190.3,350,27.3,13.7,35.5,344.5,-3.5
2026-04-02T08:45:00Z,46.8,253.0,151.8,350,25.7,12.8,33.4,278.7,-3.8
2026-04-02T09:00:00Z,14.4,211.2,126.7,295.7,55.8,27.9,72.6,267.1,-6.0
2026-04-02T09:15:00Z,45.9,284.7,170.8,350,53.0,26.5,68.9,337.7,13.0
2026-04-02T09:30:00Z,32.3,281.4,168.9,350,44.9,22.5,58.4,326.3,0.7
2026-04-02T09:45:00Z,14.8,230.8,138.5,323.1,44.7,22.3,58.1,275.5,-8.4
2026-04-02T10:00:00Z,37.6,241.7,145.0,338.4,75.7,37.8,98.4,317.4,9.8
2026-04-02T10:15:00Z,15.6,272.7,163.6,350,76.2,38.1,99.0,348.8,11.3
2026-04-02T10:30:00Z,4.9,246.5,147.9,345.1,74.4,37.2,96.7,320.9,-6.7
2026-04-02T10:45:00Z,34.2,259.0,155.4,350,61.9,31.0,80.5,320.9,33.9
2026-04-02T11:00:00Z,27.3,218.7,131.2,306.1,85.1,42.5,110.6,303.8,4.5
2026-04-02T11:15:00Z,27.7,247.6,148.6,346.6,88.0,44.0,114.4,335.6,2.2
2026-04-02T11:30:00Z,4.3,225.0,135.0,315.0,78.6,39.3,102.2,303.6,-4.8
2026-04-02T11:45:00Z,13.5,231.2,138.7,323.7,89.3,44.6,116.0,320.5,18.7
2026-04-02T12:00:00Z,11.3,215.6,129.3,301.8,92.5,46.2,120,308.1,23.4
2026-04-02T12:15:00Z,10.5,236.5,141.9,331.1,102.9,51.5,120,339.4,-11.9
2026-04-02T12:30:00Z,18.9,212.2,127.3,297.1,103.2,51.6,120,315.4,-14.7
2026-04-02T12:45:00Z,47.1,274.2,164.5,350,94.9,47.5,120,369.1,-10.7
2026-04-02T13:00:00Z,3.5,234.4,140.7,328.2,116.0,58.0,120,350.4,-17.2
2026-04-02T13:15:00Z,11.7,205.6,123.3,287.8,101.1,50.5,120,306.6,-11.3
2026-04-02T13:30:00Z,3.2,245.9,147.5,344.2,112.4,56.2,120,358.2,28.3
2026-04-02T13:45:00Z,28.1,187.5,112.5,262.5,90.8,45.4,118.1,278.3,0.1
2026-04-02T14:00:00Z,33.8,216.0,129.6,302.4,102.7,51.3,120,318.7,18.4
2026-04-02T14:15:00Z,40.6,241.6,145.0,338.3,83.3,41.6,108.3,324.9,25.0
2026-04-02T14:30:00Z,40.2,200.1,120.1,280.1,101.4,50.7,120,301.4,-26.6
2026-04-02T14:45:00Z,35.4,190.7,114.4,267.0,83.6,41.8,108.7,274.3,-15.9
2026-04-02T15:00:00Z,13.8,194.1,116.5,271.8,84.7,42.4,110.2,278.9,11.2
2026-04-02T15:15:00Z,25.3,194.1,116.5,271.8,97.7,48.8,120,291.8,26.6
2026-04-02T15:30:00Z,8.3,233.2,139.9,326.4,76.0,38.0,98.7,309.1,-4.3
2026-04-02T15:45:00Z,47.9,217.8,130.7,304.9,94.4,47.2,120,312.2,-12.5
2026-04-02T16:00:00Z,7.8,215.2,129.1,301.2,76.8,38.4,99.8,292.0,1.8
2026-04-02T16:15:00Z,7.3,234.1,140.5,327.8,78.9,39.5,102.6,313.1,5.9
2026-04-02T16:30:00Z,20.9,218.8,131.3,306.3,69.4,34.7,90.2,288.1,4.1
2026-04-02T16:45:00Z,7.3,182.0,109.2,254.8,60.0,30.0,78.0,242.0,-8.7
2026-04-02T17:00:00Z,48.0,242.7,145.6,339.8,44.2,22.1,57.5,286.9,-22.4
2026-04-02T17:15:00Z,19.8,228.2,136.9,319.5,57.1,28.6,74.2,285.3,2.6
2026-04-02T17:30:00Z,41.5,226.6,136.0,317.3,46.9,23.4,60.9,273.5,-4.1
2026-04-02T17:45:00Z,12.2,230.7,138.4,323.0,49.5,24.8,64.4,280.3,38.8
2026-04-02T18:00:00Z,30.2,202.0,121.2,282.8,26.4,13.2,34.3,228.4,13.5
2026-04-02T18:15:00Z,1.2,203.2,121.9,284.5,28.3,14.1,36.7,231.5,29.3
2026-04-02T18:30:00Z,10.6,213.4,128.0,298.7,26.7,13.4,34.8,240.1,-16.6
2026-04-02T18:45:00Z,39.2,245.9,147.5,344.2,24.5,12.2,31.8,270.4,-32.7
2026-04-02T19:00:00Z,25.0,219.1,131.5,306.8,9.2,4.6,12.0,228.3,9.7
2026-04-02T19:15:00Z,5.3,247.4,148.5,346.4,12.0,6.0,15.6,259.4,-10.1
2026-04-02T19:30:00Z,26.0,206.7,124.0,289.3,11.3,5.7,14.7,218.0,26.0
2026-04-02T19:45:00Z,45.2,207.2,124.3,290.1,10.6,5.3,13.8,217.8,-4.6
2026-04-02T20:00:00Z,29.7,178.9,107.4,250.5,0.0,0.0,0.0,178.9,4.5
2026-04-02T20:15:00Z,42.2,224.4,134.7,314.2,0.0,0.0,0.0,224.4,4.5
2026-04-02T20:30:00Z,25.4,234.3,140.6,328.1,0.0,0.0,0.0,234.3,-0.0
2026-04-02T20:45:00Z,32.0,215.3,129.2,301.5,0.0,0.0,0.0,215.3,-8.7
2026-04-02T21:00:00Z,7.0,211.0,126.6,295.4,0,0,0.0,211.0,-6.3
2026-04-02T21:15:00Z,34.4,204.9,122.9,286.8,0,0,0.0,204.9,10.9
2026-04-02T21:30:00Z,1.3,187.0,112.2,261.8,0,0,0.0,187.0,-2.3
2026-04-02T21:45:00Z,40.5,233.0,139.8,326.3,0,0,0.0,233.0,-7.4
2026-04-02T22:00:00Z,46.8,226.2,135.7,316.7,0,0,0.0,226.2,20.3
2026-04-02T22:15:00Z,35.0,252.0,151.2,350,0,0,0.0,252.0,5.8
2026-04-02T22:30:00Z,34.5,223.0,133.8,312.3,0,0,0.0,223.0,-14.7
2026-04-02T22:45:00Z,13.2,249.3,149.6,349.0,0,0,0.0,249.3,9.6
2026-04-02T23:00:00Z,38.9,213.5,128.1,298.9,0,0,0.0,213.5,16.8
2026-04-02T23:15:00Z,46.3,233.8,140.3,327.3,0,0,0.0,233.8,-22.9
2026-04-02T23:30:00Z,34.5,201.2,120.7,281.7,0,0,0.0,201.2,17.1
2026-04-02T23:45:00Z,28.0,229.6,137.7,321.4,0,0,0.0,229.6,-13.3
2026-04-03T00:00:00Z,22.3,254.2,152.5,350,0,0,0.0,254.2,19.5
2026-04-03T00:15:00Z,3.9,230.2,138.1,322.3,0,0,0.0,230.2,-9.5
2026-04-03T00:30:00Z,34.3,273.5,164.1,350,0,0,0.0,273.5,11.6
2026-04-03T00:45:00Z,42.9,249.1,149.4,348.7,0,0,0.0,249.1,-7.5
2026-04-03T01:00:00Z,47.2,244.4,146.6,342.1,0,0,0.0,244.4,-12.8
2026-04-03T01:15:00Z,10.3,296.0,177.6,350,0,0,0.0,296.0,-6.1
2026-04-03T01:30:00Z,15.4,306.6,183.9,350,0,0,0.0,306.6,-12.8
2026-04-03T01:45:00Z,23.5,275.4,165.2,350,0,0,0.0,275.4,-14.3
2026-04-03T02:00:00Z,37.7,269.1,161.4,350,0,0,0.0,269.1,16.0
2026-04-03T02:15:00Z,4.9,275.0,165.0,350,0,0,0.0,275.0,17.2
2026-04-03T02:30:00Z,4.7,314.3,188.6,350,0,0,0.0,314.3,12.1
2026-04-03T02:45:00Z,24.2,224.5,134.7,314.3,0,0,0.0,224.5,10.8
2026-04-03T03:00:00Z,9.1,290.9,174.5,350,0,0,0.0,290.9,-32.4
2026-04-03T03:15:00Z,42.0,279.6,167.7,350,0,0,0.0,279.6,5.8
2026-04-03T03:30:00Z,2.4,281.4,168.8,350,0,0,0.0,281.4,8.6
2026-04-03T03:45:00Z,11.2,290.1,174.0,350,0,0,0.0,290.1,-2.1
2026-04-03T04:00:00Z,26.5,218.9,131.3,306.5,0,0,0.0,218.9,7.6
2026-04-03T04:15:00Z,19.8,279.7,167.8,350,0,0,0.0,279.7,0.3
2026-04-03T04:30:00Z,38.6,247.4,148.5,346.4,0,0,0.0,247.4,-13.7
2026-04-03T04:45:00Z,32.7,242.4,145.4,339.3,0,0,0.0,242.4,29.3
2026-04-03T05:00:00Z,4.8,233.3,140.0,326.6,0,0,0.0,233.3,0.8
2026-04-03T05:15:00Z,7.4,281.9,169.1,350,0,0,0.0,281.9,4.8
2026-04-03T05:30:00Z,47.4,270.4,162.2,350,0,0,0.0,270.4,-10.8
2026-04-03T05:45:00Z,22.7,304.6,182.7,350,0,0,0.0,304.6,-2.9
2026-04-03T06:00:00Z,27.6,314.0,188.4,350,0.0,0,0.0,314.0,29.8
2026-04-03T06:15:00Z,5.7,280.2,168.1,350,0.0,0,0.0,280.2,14.3
2026-04-03T06:30:00Z,2.1,288.2,172.9,350,0.0,0,0.0,288.2,-2.9
2026-04-03T06:45:00Z,4.3,280.9,168.5,350,0.0,0,0.0,280.9,-20.0
2026-04-03T07:00:00Z,29.3,262.5,157.5,350,12.6,6.3,16.3,275.0,12.7
2026-04-03T07:15:00Z,38.4,245.3,147.2,343.4,9.7,4.9,12.6,255.0,10.4
2026-04-03T07:30:00Z,29.5,277.6,166.6,350,9.6,4.8,12.4,287.2,-1.7
2026-04-03T07:45:00Z,28.2,243.9,146.3,341.4,11.5,5.7,14.9,255.4,20.5
2026-04-03T08:00:00Z,41.0,284.3,170.6,350,31.7,15.8,41.2,316.0,-1.3
2026-04-03T08:15:00Z,29.2,289.5,173.7,350,31.6,15.8,41.1,321.2,21.6
2026-04-03T08:30:00Z,12.2,264.8,158.9,350,31.4,15.7,40.8,296.2,-11.0
2026-04-03T08:45:00Z,1.8,280.6,168.3,350,28.1,14.1,36.6,308.7,-17.8
2026-04-03T09:00:00Z,33.1,291.7,175.0,350,58.2,29.1,75.7,349.9,-10.5
2026-04-03T09:15:00Z,30.3,282.8,169.7,350,54.9,27.4,71.3,337.7,-18.1
2026-04-03T09:30:00Z,44.6,278.7,167.2,350,45.6,22.8,59.3,324.4,-24.7
2026-04-03T09:45:00Z,15.4,274.0,164.4,350,54.8,27.4,71.3,328.8,-9.5
2026-04-03T10:00:00Z,34.7,293.0,175.8,350,60.8,30.4,79.1,353.8,-13.5
2026-04-03T10:15:00Z,3.7,283.8,170.3,350,80.6,40.3,104.8,364.4,8.7
2026-04-03T10:30:00Z,42.5,259.7,155.8,350,82.4,41.2,107.1,342.1,35.2
2026-04-03T10:45:00Z,31.6,290.4,174.2,350,66.3,33.2,86.2,356.8,-28.6
2026-04-03T11:00:00Z,0.6,267.2,160.3,350,78.3,39.2,101.8,345.5,29.2
2026-04-03T11:15:00Z,34.3,234.2,140.5,327.8,94.2,47.1,120,328.4,-15.8
2026-04-03T11:30:00Z,44.3,259.3,155.6,350,88.4,44.2,114.9,347.7,14.8
2026-04-03T11:45:00Z,6.5,262.1,157.3,350,100.6,50.3,120,362.7,-1.9
2026-04-03T12:00:00Z,1.4,278.2,166.9,350,111.7,55.9,120,389.9,-6.7
2026-04-03T12:15:00Z,4.5,221.2,132.7,309.6,103.1,51.5,120,324.2,15.7
2026-04-03T12:30:00Z,5.1,254.6,152.8,350,108.9,54.4,120,363.5,9.9
2026-04-03T12:45:00Z,25.9,271.8,163.1,350,96.5,48.3,120,368.3,5.5
2026-04-03T13:00:00Z,24.0,259.1,155.4,350,101.6,50.8,120,360.7,30.4
2026-04-03T13:15:00Z,15.2,266.1,159.6,350,108.6,54.3,120,374.7,-18.2
2026-04-03T13:30:00Z,18.4,217.6,130.6,304.7,111.4,55.7,120,329.0,5.2
2026-04-03T13:45:00Z,30.4,260.7,156.4,350,95.8,47.9,120,356.5,-15.7
2026-04-03T14:00:00Z,37.3,235.4,141.2,329.6,91.7,45.8,119.2,327.1,-6.8
2026-04-03T14:15:00Z,26.8,209.8,125.9,293.7,83.6,41.8,108.7,293.4,28.6
2026-04-03T14:30:00Z,32.9,230.9,138.6,323.3,97.2,48.6,120,328.2,-7.6
2026-04-03T14:45:00Z,22.6,208.0,124.8,291.3,86.5,43.3,112.5,294.6,2.7
2026-04-03T15:00:00Z,42.3,227.2,136.3,318.1,99.2,49.6,120,326.4,-2.1
2026-04-03T15:15:00Z,45.5,265.9,159.5,350,73.6,36.8,95.6,339.5,14.1
2026-04-03T15:30:00Z,22.6,253.6,152.1,350,71.9,35.9,93.4,325.4,-4.0
2026-04-03T15:45:00Z,38.7,229.9,138.0,321.9,97.0,48.5,120,327.0,2.6
2026-04-03T16:00:00Z,9.0,282.8,169.7,350,76.7,38.3,99.7,359.5,-15.2
2026-04-03T16:15:00Z,28.3,257.9,154.7,350,77.1,38.6,100.3,335.0,8.5
2026-04-03T16:30:00Z,11.1,257.6,154.5,350,78.1,39.1,101.6,335.7,31.8
2026-04-03T16:45:00Z,28.5,216.7,130.0,303.4,62.8,31.4,81.7,279.5,-1.5
2026-04-03T17:00:00Z,45.2,256.1,153.7,350,42.9,21.4,55.8,299.0,4.9
2026-04-03T17:15:00Z,33.0,191.4,114.8,268.0,55.1,27.6,71.7,246.6,11.0
2026-04-03T17:30:00Z,42.7,225.7,135.4,315.9,50.0,25.0,65.0,275.6,28.9
2026-04-03T17:45:00Z,38.5,254.5,152.7,350,50.9,25.4,66.1,305.4,9.4
2026-04-03T18:00:00Z,8.4,219.3,131.6,307.0,29.7,14.8,38.6,249.0,-10.8
2026-04-03T18:15:00Z,45.2,242.9,145.7,340.1,33.2,16.6,43.2,276.1,-6.1
2026-04-03T18:30:00Z,44.5,265.5,159.3,350,31.6,15.8,41.1,297.2,-1.9
2026-04-03T18:45:00Z,10.3,258.0,154.8,350,30.3,15.1,39.3,288.2,16.6
2026-04-03T19:00:00Z,16.4,248.0,148.8,347.2,11.7,5.9,15.2,259.7,25.5
2026-04-03T19:15:00Z,37.4,220.2,132.1,308.2,11.9,6.0,15.5,232.1,-5.4
2026-04-03T19:30:00Z,43.1,259.7,155.8,350,11.4,5.7,14.8,271.1,0.5
2026-04-03T19:45:00Z,4.7,267.2,160.3,350,12.3,6.1,16.0,279.5,-1.4
2026-04-03T20:00:00Z,29.5,297.8,178.7,350,0.0,0.0,0.0,297.8,-0.6
2026-04-03T20:15:00Z,25.1,244.7,146.8,342.6,0.0,0.0,0.0,244.7,-14.0
2026-04-03T20:30:00Z,46.9,271.3,162.8,350,0.0,0.0,0.0,271.3,-31.0
2026-04-03T20:45:00Z,1.1,307.1,184.3,350,0.0,0.0,0.0,307.1,-23.5
2026-04-03T21:00:00Z,20.9,185.6,111.4,259.9,0,0,0.0,185.6,-28.5
2026-04-03T21:15:00Z,28.7,223.6,134.2,313.1,0,0,0.0,223.6,0.3
2026-04-03T21:30:00Z,43.9,264.4,158.6,350,0,0,0.0,264.4,22.6
2026-04-03T21:45:00Z,37.3,286.1,171.7,350,0,0,0.0,286.1,-14.7
2026-04-03T22:00:00Z,43.5,244.6,146.8,342.5,0,0,0.0,244.6,-12.8
2026-04-03T22:15:00Z,8.1,267.6,160.6,350,0,0,0.0,267.6,36.6
2026-04-03T22:30:00Z,46.9,244.4,146.7,342.2,0,0,0.0,244.4,25.8
2026-04-03T22:45:00Z,23.4,264.7,158.8,350,0,0,0.0,264.7,14.4
2026-04-03T23:00:00Z,21.4,247.6,148.6,346.6,0,0,0.0,247.6,-12.0
2026-04-03T23:15:00Z,30.6,279.6,167.7,350,0,0,0.0,279.6,16.4
2026-04-03T23:30:00Z,6.8,249.4,149.6,349.2,0,0,0.0,249.4,-16.5
2026-04-03T23:45:00Z,6.5,290.5,174.3,350,0,0,0.0,290.5,0.2
2026-04-04T00:00:00Z,47.1,265.9,159.6,350,0,0,0.0,265.9,7.0
2026-04-04T00:15:00Z,17.2,238.9,143.4,334.5,0,0,0.0,238.9,24.1
2026-04-04T00:30:00Z,8.5,252.3,151.4,350,0,0,0.0,252.3,-8.3
2026-04-04T00:45:00Z,42.4,238.0,142.8,333.3,0,0,0.0,238.0,17.8
2026-04-04T01:00:00Z,26.4,227.8,136.7,318.9,0,0,0.0,227.8,-32.5
2026-04-04T01:15:00Z,44.6,240.4,144.2,336.5,0,0,0.0,240.4,-28.1
2026-04-04T01:30:00Z,43.6,272.2,163.3,350,0,0,0.0,272.2,-8.5
2026-04-04T01:45:00Z,44.0,235.8,141.5,330.1,0,0,0.0,235.8,3.9
2026-04-04T02:00:00Z,1.4,301.4,180.8,350,0,0,0.0,301.4,3.3
2026-04-04T02:15:00Z,18.9,285.6,171.3,350,0,0,0.0,285.6,15.5
2026-04-04T02:30:00Z,25.5,266.4,159.8,350,0,0,0.0,266.4,15.9
2026-04-04T02:45:00Z,36.1,278.8,167.3,350,0,0,0.0,278.8,-4.2
2026-04-04T03:00:00Z,37.3,240.0,144.0,336.0,0,0,0.0,240.0,-34.1
2026-04-04T03:15:00Z,8.9,249.9,149.9,349.8,0,0,0.0,249.9,12.0
2026-04-04T03:30:00Z,33.8,261.5,156.9,350,0,0,0.0,261.5,-22.2
2026-04-04T03:45:00Z,4.3,309.5,185.7,350,0,0,0.0,309.5,8.6
2026-04-04T04:00:00Z,3.1,246.8,148.1,345.5,0,0,0.0,246.8,9.4
2026-04-04T04:15:00Z,27.8,228.6,137.2,320.0,0,0,0.0,228.6,-2.9
2026-04-04T04:30:00Z,16.7,251.3,150.8,350,0,0,0.0,251.3,1.0
2026-04-04T04:45:00Z,7.2,237.3,142.4,332.3,0,0,0.0,237.3,-4.9
2026-04-04T05:00:00Z,23.2,286.8,172.1,350,0,0,0.0,286.8,5.8
2026-04-04T05:15:00Z,26.8,245.6,147.3,343.8,0,0,0.0,245.6,11.8
2026-04-04T05:30:00Z,38.0,299.8,179.9,350,0,0,0.0,299.8,-21.1
2026-04-04T05:45:00Z,39.4,260.0,156.0,350,0,0,0.0,260.0,-2.2
2026-04-04T06:00:00Z,22.3,225.5,135.3,315.7,0.0,0,0.0,225.5,22.5
2026-04-04T06:15:00Z,42.8,287.5,172.5,350,0.0,0,0.0,287.5,4.5
2026-04-04T06:30:00Z,19.7,262.0,157.2,350,0.0,0,0.0,262.0,-13.1
2026-04-04T06:45:00Z,32.9,274.4,164.7,350,0.0,0,0.0,274.4,-30.8
2026-04-04T07:00:00Z,47.0,269.7,161.8,350,9.5,4.8,12.4,279.2,-20.4
2026-04-04T07:15:00Z,4.6,288.6,173.2,350,10.6,5.3,13.7,299.2,-8.8
2026-04-04T07:30:00Z,24.2,321.3,192.8,350,9.0,4.5,11.7,330.3,13.9
2026-04-04T07:45:00Z,25.2,289.3,173.6,350,10.7,5.3,13.9,299.9,-11.4
2026-04-04T08:00:00Z,15.4,259.8,155.9,350,25.3,12.7,32.9,285.1,-17.6
2026-04-04T08:15:00Z,46.1,227.6,136.6,318.6,24.7,12.4,32.2,252.3,-9.4
2026-04-04T08:30:00Z,19.7,263.2,157.9,350,32.2,16.1,41.9,295.4,20.2
2026-04-04T08:45:00Z,7.1,248.3,149.0,347.6,26.6,13.3,34.6,274.9,14.4
2026-04-04T09:00:00Z,14.9,271.2,162.7,350,52.7,26.3,68.4,323.8,-2.4
2026-04-04T09:15:00Z,7.2,270.7,162.4,350,44.0,22.0,57.1,314.6,-10.2
2026-04-04T09:30:00Z,33.4,240.8,144.5,337.2,54.0,27.0,70.2,294.8,19.0
2026-04-04T09:45:00Z,3.4,261.7,157.0,350,43.7,21.9,56.8,305.4,13.4
2026-04-04T10:00:00Z,35.2,258.8,155.3,350,67.4,33.7,87.7,326.3,19.9
2026-04-04T10:15:00Z,23.2,192.4,115.4,269.4,82.2,41.1,106.9,274.6,4.0
2026-04-04T10:30:00Z,8.2,284.9,170.9,350,61.4,30.7,79.8,346.3,12.0
2026-04-04T10:45:00Z,21.1,262.8,157.7,350,60.4,30.2,78.5,323.2,4.4
2026-04-04T11:00:00Z,11.3,237.6,142.6,332.7,80.0,40.0,104.0,317.6,14.0
2026-04-04T11:15:00Z,14.4,230.5,138.3,322.7,73.2,36.6,95.1,303.7,1.1
2026-04-04T11:30:00Z,45.0,221.5,132.9,310.1,98.3,49.1,120,319.8,-10.6
2026-04-04T11:45:00Z,11.4,217.0,130.2,303.7,96.1,48.1,120,313.1,-25.6
2026-04-04T12:00:00Z,1.3,256.6,153.9,350,86.4,43.2,112.3,342.9,-9.1
2026-04-04T12:15:00Z,25.6,303.8,182.3,350,89.3,44.6,116.0,393.1,-6.6
2026-04-04T12:30:00Z,24.0,284.4,170.6,350,107.2,53.6,120,391.6,26.3
2026-04-04T12:45:00Z,33.7,297.1,178.3,350,93.8,46.9,120,390.9,-4.0
2026-04-04T13:00:00Z,17.5,250.6,150.3,350,102.0,51.0,120,352.6,7.5
2026-04-04T13:15:00Z,26.7,263.3,158.0,350,92.1,46.1,119.7,355.4,-3.7
2026-04-04T13:30:00Z,19.3,243.2,145.9,340.4,94.1,47.0,120,337.2,11.5
2026-04-04T13:45:00Z,17.3,282.6,169.6,350,103.7,51.8,120,386.3,4.2
2026-04-04T14:00:00Z,16.9,264.2,158.5,350,113.0,56.5,120,377.2,6.6
2026-04-04T14:15:00Z,39.5,240.0,144.0,336.0,103.0,51.5,120,343.0,-4.3
2026-04-04T14:30:00Z,10.4,187.9,112.8,263.1,107.7,53.9,120,295.7,2.4
2026-04-04T14:45:00Z,26.7,245.4,147.3,343.6,111.0,55.5,120,356.5,6.0
2026-04-04T15:00:00Z,16.8,199.7,119.8,279.5,95.7,47.8,120,295.3,35.9
2026-04-04T15:15:00Z,28.0,227.3,136.4,318.2,89.8,44.9,116.8,317.2,9.6
2026-04-04T15:30:00Z,35.6,215.8,129.5,302.2,84.0,42.0,109.2,299.9,21.8
2026-04-04T15:45:00Z,27.8,210.1,126.1,294.2,76.7,38.4,99.7,286.8,-23.2
2026-04-04T16:00:00Z,9.8,247.0,148.2,345.7,73.4,36.7,95.4,320.4,16.9
2026-04-04T16:15:00Z,45.8,271.5,162.9,350,81.3,40.7,105.7,352.8,1.6
2026-04-04T16:30:00Z,41.7,267.2,160.3,350,74.3,37.2,96.6,341.5,15.3
2026-04-04T16:45:00Z,47.6,192.1,115.3,269.0,67.6,33.8,87.9,259.8,-9.5
2026-04-04T17:00:00Z,44.5,304.3,182.6,350,46.7,23.3,60.7,351.0,2.9
2026-04-04T17:15:00Z,4.6,257.6,154.6,350,47.0,23.5,61.1,304.6,-20.8
2026-04-04T17:30:00Z,7.2,217.3,130.4,304.2,50.1,25.1,65.2,267.4,3.4
2026-04-04T17:45:00Z,1.3,185.0,111.0,258.9,47.4,23.7,61.6,232.3,13.8
2026-04-04T18:00:00Z,0.7,212.7,127.6,297.8,32.7,16.4,42.5,245.5,-20.8
2026-04-04T18:15:00Z,24.7,196.1,117.7,274.6,34.1,17.1,44.4,230.2,1.5
2026-04-04T18:30:00Z,35.2,272.9,163.7,350,33.4,16.7,43.4,306.3,-1.2
2026-04-04T18:45:00Z,39.7,205.2,123.1,287.3,32.5,16.3,42.3,237.8,9.7
2026-04-04T19:00:00Z,28.8,273.5,164.1,350,9.0,4.5,11.7,282.5,1.4
2026-04-04T19:15:00Z,4.9,268.3,161.0,350,11.5,5.7,14.9,279.8,-16.4
2026-04-04T19:30:00Z,42.1,207.5,124.5,290.6,11.3,5.7,14.7,218.9,11.4
2026-04-04T19:45:00Z,26.6,208.9,125.4,292.5,12.3,6.2,16.0,221.3,11.1
2026-04-04T20:00:00Z,8.9,249.3,149.6,349.0,0.0,0.0,0.0,249.3,15.0
2026-04-04T20:15:00Z,27.1,213.1,127.9,298.3,0.0,0.0,0.0,213.1,-3.9
2026-04-04T20:30:00Z,20.7,249.3,149.6,349.1,0.0,0.0,0.0,249.3,-5.7
2026-04-04T20:45:00Z,35.5,234.9,140.9,328.8,0.0,0.0,0.0,234.9,-4.0
2026-04-04T21:00:00Z,27.3,205.1,123.1,287.2,0,0,0.0,205.1,-2.9
2026-04-04T21:15:00Z,34.8,249.2,149.5,348.8,0,0,0.0,249.2,28.2
2026-04-04T21:30:00Z,43.9,246.2,147.7,344.7,0,0,0.0,246.2,-2.8
2026-04-04T21:45:00Z,21.2,241.9,145.1,338.6,0,0,0.0,241.9,-9.9
2026-04-04T22:00:00Z,41.1,228.8,137.3,320.3,0,0,0.0,228.8,10.8
2026-04-04T22:15:00Z,6.4,264.8,158.9,350,0,0,0.0,264.8,-8.9
2026-04-04T22:30:00Z,19.8,234.3,140.6,328.0,0,0,0.0,234.3,13.9
2026-04-04T22:45:00Z,43.9,227.5,136.5,318.5,0,0,0.0,227.5,-18.1
2026-04-04T23:00:00Z,7.9,261.7,157.0,350,0,0,0.0,261.7,6.4
2026-04-04T23:15:00Z,4.0,251.4,150.9,350,0,0,0.0,251.4,16.0
2026-04-04T23:30:00Z,16.2,285.5,171.3,350,0,0,0.0,285.5,-4.9
2026-04-04T23:45:00Z,16.5,237.6,142.6,332.6,0,0,0.0,237.6,10.9
