timestamp_utc,location,temperature_c,wind_speed_ms,wind_direction_deg,solar_irradiance_wm2,cloud_cover_pct,humidity_pct,pressure_hpa,is_forecast,forecast_source
2026-01-05T00:00:00Z,Karlsruhe_CCGT,-5.0,0,199.0,0,0,81.0,1014.9,False,ACTUAL
2026-01-05T00:00:00Z,Landshut_OCGT,-2.2,1.5,93.0,0,43.0,92.0,1004.5,False,ECMWF
2026-01-05T00:00:00Z,Nordsee_Wind,-6.2,4.4,83.0,0,93.0,42.0,1012.1,False,GFS
2026-01-05T00:00:00Z,Augsburg_Solar,-1.7,7.8,321.0,0,66.0,48.0,1001.6,False,GFS
2026-01-05T01:00:00Z,Karlsruhe_CCGT,-4.0,1.1,212.0,0,65.0,64.0,1005.3,True,GFS
2026-01-05T01:00:00Z,Landshut_OCGT,-1.2,3.9,171.0,0,65.0,65.0,1019.4,True,GFS
2026-01-05T01:00:00Z,Nordsee_Wind,-3.4,5.3,76.0,0,64.0,68.0,1011.4,True,ECMWF
2026-01-05T01:00:00Z,Augsburg_Solar,-8.0,0.9,11.0,0,21.0,77.0,1017.7,False,GFS
2026-01-05T02:00:00Z,Karlsruhe_CCGT,-1.8,2.2,205.0,0,42.0,63.0,1008.2,True,ECMWF
2026-01-05T02:00:00Z,Landshut_OCGT,-2.9,3.9,281.0,0,88.0,55.0,1021.0,False,GFS
2026-01-05T02:00:00Z,Nordsee_Wind,-0.2,7.8,47.0,0,76.0,55.0,1013.5,True,ECMWF
2026-01-05T02:00:00Z,Augsburg_Solar,-5.3,1.0,313.0,0,14.0,91.0,1017.5,False,ECMWF
2026-01-05T03:00:00Z,Karlsruhe_CCGT,4.2,2.2,165.0,0,33.0,90.0,1021.4,False,ECMWF
2026-01-05T03:00:00Z,Landshut_OCGT,-1.9,6.4,127.0,0,42.0,86.0,1006.6,True,ECMWF
2026-01-05T03:00:00Z,Nordsee_Wind,3.0,8.3,359.0,0,71.0,70.0,1021.0,False,GFS
2026-01-05T03:00:00Z,Augsburg_Solar,-5.5,2.7,94.0,0,16.0,64.0,1026.1,False,GFS
2026-01-05T04:00:00Z,Karlsruhe_CCGT,-2.7,7.7,40.0,0,73.0,45.0,1014.2,False,ACTUAL
2026-01-05T04:00:00Z,Landshut_OCGT,-0.3,3.0,302.0,0,67.0,73.0,1028.1,True,ACTUAL
2026-01-05T04:00:00Z,Nordsee_Wind,1.4,8.5,253.0,0,86.0,55.0,1010.9,False,ACTUAL
2026-01-05T04:00:00Z,Augsburg_Solar,-3.7,2.1,218.0,0,49.0,48.0,1012.7,True,ECMWF
2026-01-05T05:00:00Z,Karlsruhe_CCGT,1.5,0.9,219.0,0,29.0,65.0,1017.3,True,GFS
2026-01-05T05:00:00Z,Landshut_OCGT,-1.1,2.5,113.0,0,80.0,78.0,1018.6,True,ACTUAL
2026-01-05T05:00:00Z,Nordsee_Wind,0.2,6.6,1.0,0,0,59.0,1008.4,True,ACTUAL
2026-01-05T05:00:00Z,Augsburg_Solar,-1.9,3.3,304.0,0,34.0,52.0,1017.9,True,GFS
2026-01-05T06:00:00Z,Karlsruhe_CCGT,0.2,2.5,229.0,0,34.0,77.0,1018.9,True,ECMWF
2026-01-05T06:00:00Z,Landshut_OCGT,2.6,3.2,222.0,0,53.0,89.0,1001.0,True,ECMWF
2026-01-05T06:00:00Z,Nordsee_Wind,2.5,8.1,341.0,0,53.0,66.0,1013.9,True,ACTUAL
2026-01-05T06:00:00Z,Augsburg_Solar,6.1,5.8,316.0,0,61.0,45.0,1018.8,False,ECMWF
2026-01-05T07:00:00Z,Karlsruhe_CCGT,-0.4,3.2,84.0,0,63.0,46.0,1037.6,False,GFS
2026-01-05T07:00:00Z,Landshut_OCGT,0.8,8.0,196.0,0,42.0,61.0,1018.9,False,ACTUAL
2026-01-05T07:00:00Z,Nordsee_Wind,-0.9,7.5,201.0,0,41.0,66.0,1011.8,False,GFS
2026-01-05T07:00:00Z,Augsburg_Solar,-0.1,4.5,360.0,98.0,58.0,63.0,1011.9,False,ECMWF
2026-01-05T08:00:00Z,Karlsruhe_CCGT,-5.2,7.5,9.0,0,41.0,83.0,1015.1,True,ACTUAL
2026-01-05T08:00:00Z,Landshut_OCGT,2.5,6.7,78.0,0,52.0,33.0,1028.4,True,ECMWF
2026-01-05T08:00:00Z,Nordsee_Wind,-2.2,8.1,186.0,0,51.0,43.0,1011.9,True,ACTUAL
2026-01-05T08:00:00Z,Augsburg_Solar,2.4,3.5,328.0,154.0,28.0,75.0,1009.1,False,GFS
2026-01-05T09:00:00Z,Karlsruhe_CCGT,-2.4,4.6,314.0,0,58.0,54.0,1018.4,True,ECMWF
2026-01-05T09:00:00Z,Landshut_OCGT,-3.0,0.1,309.0,0,47.0,63.0,1022.4,True,ACTUAL
2026-01-05T09:00:00Z,Nordsee_Wind,-0.8,10.1,298.0,0,53.0,73.0,1008.3,True,ECMWF
2026-01-05T09:00:00Z,Augsburg_Solar,-4.8,1.8,292.0,365.0,40.0,78.0,1017.6,False,GFS
2026-01-05T10:00:00Z,Karlsruhe_CCGT,-2.0,0,69.0,0,30.0,59.0,1022.4,False,ACTUAL
2026-01-05T10:00:00Z,Landshut_OCGT,-4.0,0.9,77.0,0,49.0,64.0,1010.0,True,ACTUAL
2026-01-05T10:00:00Z,Nordsee_Wind,-0.3,8.8,291.0,0,91.0,56.0,1000.8,True,GFS
2026-01-05T10:00:00Z,Augsburg_Solar,-1.0,4.0,230.0,407.0,44.0,59.0,1032.5,True,ECMWF
2026-01-05T11:00:00Z,Karlsruhe_CCGT,1.6,0,287.0,0,19.0,42.0,1020.0,True,GFS
2026-01-05T11:00:00Z,Landshut_OCGT,-2.2,2.9,31.0,0,51.0,67.0,1016.3,True,ECMWF
2026-01-05T11:00:00Z,Nordsee_Wind,-9.0,6.6,350.0,0,36.0,100,1003.1,True,ACTUAL
2026-01-05T11:00:00Z,Augsburg_Solar,-3.9,5.5,41.0,233.0,1.0,70.0,1023.0,False,GFS
2026-01-05T12:00:00Z,Karlsruhe_CCGT,-3.5,0,235.0,0,60.0,64.0,1016.5,False,ACTUAL
2026-01-05T12:00:00Z,Landshut_OCGT,-7.3,2.7,161.0,0,48.0,62.0,996.4,True,ECMWF
2026-01-05T12:00:00Z,Nordsee_Wind,-2.2,12.1,355.0,0,37.0,78.0,1008.1,False,ECMWF
2026-01-05T12:00:00Z,Augsburg_Solar,-5.7,0,141.0,471.0,32.0,48.0,998.5,True,ACTUAL
2026-01-05T13:00:00Z,Karlsruhe_CCGT,-6.3,0,245.0,0,7.0,54.0,1015.2,False,ACTUAL
2026-01-05T13:00:00Z,Landshut_OCGT,-1.3,0,139.0,0,50.0,64.0,1002.0,False,ACTUAL
2026-01-05T13:00:00Z,Nordsee_Wind,-3.8,0.9,102.0,0,76.0,57.0,1008.5,False,GFS
2026-01-05T13:00:00Z,Augsburg_Solar,-6.6,0.5,155.0,515.0,85.0,74.0,1029.6,True,ACTUAL
2026-01-05T14:00:00Z,Karlsruhe_CCGT,-4.3,3.1,350.0,0,3.0,63.0,1017.5,False,ACTUAL
2026-01-05T14:00:00Z,Landshut_OCGT,-10.4,1.4,59.0,0,36.0,100,1013.0,False,GFS
2026-01-05T14:00:00Z,Nordsee_Wind,-12.1,8.6,66.0,0,14.0,77.0,1015.9,True,GFS
2026-01-05T14:00:00Z,Augsburg_Solar,-7.4,0,146.0,236.0,30.0,43.0,1008.4,True,ECMWF
2026-01-05T15:00:00Z,Karlsruhe_CCGT,-9.5,2.2,91.0,0,63.0,70.0,1012.4,True,GFS
2026-01-05T15:00:00Z,Landshut_OCGT,-6.3,2.3,201.0,0,69.0,64.0,1027.8,False,GFS
2026-01-05T15:00:00Z,Nordsee_Wind,-4.1,3.1,310.0,0,5.0,80.0,1023.2,True,GFS
2026-01-05T15:00:00Z,Augsburg_Solar,-9.3,3.7,221.0,217.0,30.0,71.0,1003.1,False,ECMWF
2026-01-05T16:00:00Z,Karlsruhe_CCGT,-8.6,3.8,256.0,0,35.0,78.0,1006.4,False,ACTUAL
2026-01-05T16:00:00Z,Landshut_OCGT,-11.6,9.4,206.0,0,50.0,73.0,1005.4,True,GFS
2026-01-05T16:00:00Z,Nordsee_Wind,-11.0,14.4,274.0,0,80.0,68.0,1021.2,True,GFS
2026-01-05T16:00:00Z,Augsburg_Solar,-12.2,4.7,54.0,393.0,48.0,44.0,1020.5,False,ACTUAL
2026-01-05T17:00:00Z,Karlsruhe_CCGT,-7.9,4.9,208.0,0,51.0,67.0,1025.4,False,ECMWF
2026-01-05T17:00:00Z,Landshut_OCGT,-6.0,9.0,256.0,0,62.0,61.0,1019.2,False,ACTUAL
2026-01-05T17:00:00Z,Nordsee_Wind,-10.3,10.9,74.0,0,57.0,71.0,1010.6,False,ECMWF
2026-01-05T17:00:00Z,Augsburg_Solar,-6.3,1.8,298.0,239.0,64.0,70.0,1003.5,True,ECMWF
2026-01-05T18:00:00Z,Karlsruhe_CCGT,-4.8,3.6,196.0,0,74.0,70.0,1006.0,True,ACTUAL
2026-01-05T18:00:00Z,Landshut_OCGT,-10.3,0,127.0,0,37.0,50.0,1002.9,False,GFS
2026-01-05T18:00:00Z,Nordsee_Wind,-16.2,8.0,1.0,0,45.0,62.0,988.1,False,GFS
2026-01-05T18:00:00Z,Augsburg_Solar,-11.5,0,29.0,239.0,80.0,67.0,1017.2,True,ECMWF
2026-01-05T19:00:00Z,Karlsruhe_CCGT,-12.5,7.8,129.0,0,54.0,60.0,1015.2,False,ECMWF
2026-01-05T19:00:00Z,Landshut_OCGT,-8.5,1.5,354.0,0,51.0,74.0,1000.1,False,GFS
2026-01-05T19:00:00Z,Nordsee_Wind,-12.3,6.3,304.0,0,58.0,78.0,1008.7,True,ACTUAL
2026-01-05T19:00:00Z,Augsburg_Solar,-9.5,0,229.0,82.0,50.0,53.0,1008.0,True,GFS
2026-01-05T20:00:00Z,Karlsruhe_CCGT,-10.9,4.1,180.0,0,84.0,81.0,1021.8,True,ECMWF
2026-01-05T20:00:00Z,Landshut_OCGT,-10.9,6.1,1.0,0,1.0,70.0,1005.1,False,ACTUAL
2026-01-05T20:00:00Z,Nordsee_Wind,-13.3,12.0,316.0,0,26.0,97.0,1016.1,True,ECMWF
2026-01-05T20:00:00Z,Augsburg_Solar,-8.5,3.0,260.0,0.0,32.0,68.0,1012.4,False,ACTUAL
2026-01-05T21:00:00Z,Karlsruhe_CCGT,-7.3,4.8,248.0,0,79.0,82.0,1007.1,True,GFS
2026-01-05T21:00:00Z,Landshut_OCGT,-9.6,2.9,165.0,0,68.0,72.0,1007.3,False,GFS
2026-01-05T21:00:00Z,Nordsee_Wind,-3.8,8.1,167.0,0,48.0,42.0,1015.0,False,GFS
2026-01-05T21:00:00Z,Augsburg_Solar,-6.3,3.4,104.0,0,37.0,81.0,1012.1,True,ACTUAL
2026-01-05T22:00:00Z,Karlsruhe_CCGT,-6.1,3.7,196.0,0,23.0,66.0,1013.1,True,GFS
2026-01-05T22:00:00Z,Landshut_OCGT,-7.4,2.3,34.0,0,82.0,78.0,1005.3,False,ACTUAL
2026-01-05T22:00:00Z,Nordsee_Wind,-7.8,10.1,56.0,0,50.0,65.0,1013.8,False,ECMWF
2026-01-05T22:00:00Z,Augsburg_Solar,-10.5,4.2,137.0,0,53.0,91.0,1018.5,False,GFS
2026-01-05T23:00:00Z,Karlsruhe_CCGT,-5.5,5.8,100.0,0,20.0,61.0,997.4,True,GFS
2026-01-05T23:00:00Z,Landshut_OCGT,-6.0,0,294.0,0,36.0,67.0,1007.1,False,ACTUAL
2026-01-05T23:00:00Z,Nordsee_Wind,-5.1,6.8,254.0,0,43.0,53.0,1015.2,False,ECMWF
2026-01-05T23:00:00Z,Augsburg_Solar,-5.9,6.5,348.0,0,55.0,87.0,1006.9,True,ACTUAL
2026-01-06T00:00:00Z,Karlsruhe_CCGT,-4.8,3.5,179.0,0,41.0,48.0,1016.7,False,ECMWF
2026-01-06T00:00:00Z,Landshut_OCGT,-4.0,9.3,150.0,0,77.0,64.0,1002.6,False,ACTUAL
2026-01-06T00:00:00Z,Nordsee_Wind,-0.6,3.7,285.0,0,71.0,57.0,1026.5,True,ACTUAL
2026-01-06T00:00:00Z,Augsburg_Solar,-8.7,6.7,149.0,0,58.0,62.0,1029.4,False,GFS
2026-01-06T01:00:00Z,Karlsruhe_CCGT,-4.6,2.4,352.0,0,56.0,67.0,1008.5,True,ECMWF
2026-01-06T01:00:00Z,Landshut_OCGT,-3.7,3.3,27.0,0,50.0,99.0,1003.8,False,GFS
2026-01-06T01:00:00Z,Nordsee_Wind,0.3,5.8,274.0,0,76.0,60.0,1015.4,False,ECMWF
2026-01-06T01:00:00Z,Augsburg_Solar,-1.4,1.1,272.0,0,0,75.0,1020.6,True,ECMWF
2026-01-06T02:00:00Z,Karlsruhe_CCGT,-0.4,2.1,261.0,0,81.0,79.0,1011.7,False,GFS
2026-01-06T02:00:00Z,Landshut_OCGT,-1.3,3.6,152.0,0,43.0,66.0,1006.3,True,ECMWF
2026-01-06T02:00:00Z,Nordsee_Wind,-2.0,3.6,94.0,0,48.0,60.0,1013.3,True,GFS
2026-01-06T02:00:00Z,Augsburg_Solar,1.2,0,79.0,0,40.0,77.0,1005.3,True,ECMWF
2026-01-06T03:00:00Z,Karlsruhe_CCGT,-2.2,2.3,20.0,0,48.0,38.0,1025.1,False,ACTUAL
2026-01-06T03:00:00Z,Landshut_OCGT,-6.0,0,126.0,0,36.0,58.0,1015.9,True,ACTUAL
2026-01-06T03:00:00Z,Nordsee_Wind,3.3,9.6,130.0,0,66.0,79.0,1018.1,False,GFS
2026-01-06T03:00:00Z,Augsburg_Solar,-2.2,0,305.0,0,31.0,57.0,1025.3,False,ECMWF
2026-01-06T04:00:00Z,Karlsruhe_CCGT,-3.6,1.2,283.0,0,42.0,53.0,1014.5,True,ACTUAL
2026-01-06T04:00:00Z,Landshut_OCGT,-1.1,0,121.0,0,25.0,68.0,999.1,False,ACTUAL
2026-01-06T04:00:00Z,Nordsee_Wind,-2.3,13.3,188.0,0,18.0,54.0,1008.7,False,ACTUAL
2026-01-06T04:00:00Z,Augsburg_Solar,-5.4,5.6,248.0,0,53.0,60.0,1024.7,True,ECMWF
2026-01-06T05:00:00Z,Karlsruhe_CCGT,3.0,3.4,207.0,0,61.0,86.0,1008.3,False,GFS
2026-01-06T05:00:00Z,Landshut_OCGT,9.4,3.6,77.0,0,96.0,92.0,1005.4,False,ACTUAL
2026-01-06T05:00:00Z,Nordsee_Wind,5.1,5.2,149.0,0,0,85.0,1013.5,False,ECMWF
2026-01-06T05:00:00Z,Augsburg_Solar,-1.5,8.1,329.0,0,78.0,63.0,1006.5,True,ECMWF
2026-01-06T06:00:00Z,Karlsruhe_CCGT,7.6,8.2,274.0,0,61.0,41.0,1005.3,True,GFS
2026-01-06T06:00:00Z,Landshut_OCGT,3.7,2.4,334.0,0,75.0,51.0,1015.8,True,ACTUAL
2026-01-06T06:00:00Z,Nordsee_Wind,4.9,6.3,56.0,0,83.0,59.0,1017.0,True,ECMWF
2026-01-06T06:00:00Z,Augsburg_Solar,0.6,0,7.0,0,9.0,44.0,1009.3,True,ECMWF
2026-01-06T07:00:00Z,Karlsruhe_CCGT,-0.3,4.7,163.0,0,0,60.0,1012.0,False,ECMWF
2026-01-06T07:00:00Z,Landshut_OCGT,4.2,4.6,88.0,0,23.0,50.0,1013.6,False,GFS
2026-01-06T07:00:00Z,Nordsee_Wind,-0.4,6.5,109.0,0,56.0,51.0,1002.6,False,ACTUAL
2026-01-06T07:00:00Z,Augsburg_Solar,2.6,1.6,253.0,128.0,71.0,44.0,1016.3,True,ECMWF
2026-01-06T08:00:00Z,Karlsruhe_CCGT,0.6,2.3,304.0,0,20.0,76.0,1013.4,True,ACTUAL
2026-01-06T08:00:00Z,Landshut_OCGT,-1.0,0,147.0,0,48.0,71.0,1028.5,False,ECMWF
2026-01-06T08:00:00Z,Nordsee_Wind,3.7,8.6,336.0,0,72.0,100,1001.0,True,ECMWF
2026-01-06T08:00:00Z,Augsburg_Solar,-0.2,0,349.0,260.0,32.0,62.0,1011.4,False,GFS
2026-01-06T09:00:00Z,Karlsruhe_CCGT,-4.5,0.7,48.0,0,78.0,63.0,991.5,True,ECMWF
2026-01-06T09:00:00Z,Landshut_OCGT,3.3,2.3,268.0,0,29.0,77.0,1013.3,False,GFS
2026-01-06T09:00:00Z,Nordsee_Wind,-6.5,8.4,1.0,0,9.0,83.0,1005.9,True,GFS
2026-01-06T09:00:00Z,Augsburg_Solar,1.1,2.0,21.0,337.0,85.0,38.0,1010.2,False,ACTUAL
2026-01-06T10:00:00Z,Karlsruhe_CCGT,-1.1,4.6,104.0,0,39.0,97.0,1008.8,True,GFS
2026-01-06T10:00:00Z,Landshut_OCGT,-4.9,1.1,258.0,0,75.0,36.0,1015.3,False,ACTUAL
2026-01-06T10:00:00Z,Nordsee_Wind,-7.6,8.6,341.0,0,72.0,88.0,1004.3,False,ACTUAL
2026-01-06T10:00:00Z,Augsburg_Solar,-5.5,0,277.0,422.0,63.0,66.0,1001.2,True,ECMWF
2026-01-06T11:00:00Z,Karlsruhe_CCGT,1.3,0.5,164.0,0,37.0,81.0,1007.1,True,ECMWF
2026-01-06T11:00:00Z,Landshut_OCGT,-4.7,1.5,253.0,0,55.0,67.0,1006.6,True,ECMWF
2026-01-06T11:00:00Z,Nordsee_Wind,3.2,11.3,275.0,0,77.0,48.0,1013.7,False,GFS
2026-01-06T11:00:00Z,Augsburg_Solar,-2.4,4.7,266.0,524.0,53.0,37.0,1002.5,False,ACTUAL
2026-01-06T12:00:00Z,Karlsruhe_CCGT,-6.0,1.4,349.0,0,59.0,78.0,1027.1,False,GFS
2026-01-06T12:00:00Z,Landshut_OCGT,-8.2,0,317.0,0,0,65.0,1003.7,False,GFS
2026-01-06T12:00:00Z,Nordsee_Wind,-1.8,9.5,308.0,0,56.0,47.0,1009.2,True,GFS
2026-01-06T12:00:00Z,Augsburg_Solar,-7.5,3.5,226.0,319.0,25.0,100,1010.2,False,ECMWF
2026-01-06T13:00:00Z,Karlsruhe_CCGT,-10.2,2.7,352.0,0,83.0,67.0,1016.6,True,ECMWF
2026-01-06T13:00:00Z,Landshut_OCGT,-4.1,3.5,347.0,0,58.0,47.0,1027.4,False,ECMWF
2026-01-06T13:00:00Z,Nordsee_Wind,-3.7,15.5,207.0,0,28.0,74.0,1006.4,True,ECMWF
2026-01-06T13:00:00Z,Augsburg_Solar,-7.4,0.1,145.0,579.0,52.0,62.0,1002.6,True,ECMWF
2026-01-06T14:00:00Z,Karlsruhe_CCGT,-5.7,4.5,315.0,0,26.0,72.0,1016.1,True,GFS
2026-01-06T14:00:00Z,Landshut_OCGT,-4.2,0,142.0,0,23.0,58.0,1009.8,False,GFS
2026-01-06T14:00:00Z,Nordsee_Wind,-11.3,8.2,100.0,0,42.0,59.0,1015.5,True,ECMWF
2026-01-06T14:00:00Z,Augsburg_Solar,-4.3,10.7,80.0,408.0,40.0,99.0,1024.3,False,ACTUAL
2026-01-06T15:00:00Z,Karlsruhe_CCGT,-9.5,0.7,319.0,0,66.0,74.0,1004.6,False,ECMWF
2026-01-06T15:00:00Z,Landshut_OCGT,-4.7,3.8,90.0,0,58.0,68.0,1010.3,False,ECMWF
2026-01-06T15:00:00Z,Nordsee_Wind,-6.2,12.5,181.0,0,51.0,76.0,1016.4,False,GFS
2026-01-06T15:00:00Z,Augsburg_Solar,-4.9,3.4,4.0,167.0,34.0,43.0,1017.1,True,GFS
2026-01-06T16:00:00Z,Karlsruhe_CCGT,-8.2,3.9,271.0,0,47.0,55.0,1023.9,False,ACTUAL
2026-01-06T16:00:00Z,Landshut_OCGT,-12.0,2.6,252.0,0,2.0,67.0,1005.5,True,GFS
2026-01-06T16:00:00Z,Nordsee_Wind,-7.9,4.0,340.0,0,66.0,63.0,1006.7,False,ECMWF
2026-01-06T16:00:00Z,Augsburg_Solar,-7.8,2.1,155.0,231.0,36.0,46.0,1006.6,True,ECMWF
2026-01-06T17:00:00Z,Karlsruhe_CCGT,-10.9,4.4,164.0,0,29.0,48.0,1003.6,True,ACTUAL
2026-01-06T17:00:00Z,Landshut_OCGT,-9.0,0,355.0,0,90.0,81.0,1011.9,True,ECMWF
2026-01-06T17:00:00Z,Nordsee_Wind,-10.7,6.3,175.0,0,19.0,74.0,1010.3,True,ECMWF
2026-01-06T17:00:00Z,Augsburg_Solar,-10.1,7.1,354.0,254.0,51.0,79.0,1014.2,True,ECMWF
2026-01-06T18:00:00Z,Karlsruhe_CCGT,-10.4,1.1,327.0,0,52.0,65.0,1018.3,False,ECMWF
2026-01-06T18:00:00Z,Landshut_OCGT,-12.0,1.9,205.0,0,54.0,51.0,1005.6,False,ACTUAL
2026-01-06T18:00:00Z,Nordsee_Wind,-6.8,7.0,352.0,0,43.0,49.0,1008.8,False,ECMWF
2026-01-06T18:00:00Z,Augsburg_Solar,-6.0,7.1,56.0,225.0,72.0,58.0,1012.4,True,GFS
2026-01-06T19:00:00Z,Karlsruhe_CCGT,-7.7,3.2,97.0,0,0,90.0,1011.8,True,GFS
2026-01-06T19:00:00Z,Landshut_OCGT,-18.2,5.5,95.0,0,71.0,60.0,1028.2,True,ECMWF
2026-01-06T19:00:00Z,Nordsee_Wind,-8.0,11.6,55.0,0,59.0,63.0,1023.6,True,ECMWF
2026-01-06T19:00:00Z,Augsburg_Solar,-3.4,0.8,168.0,48.0,53.0,66.0,1008.8,True,GFS
2026-01-06T20:00:00Z,Karlsruhe_CCGT,-6.9,1.1,121.0,0,34.0,70.0,1005.0,True,ECMWF
2026-01-06T20:00:00Z,Landshut_OCGT,-6.0,3.0,7.0,0,60.0,58.0,1027.4,True,ACTUAL
2026-01-06T20:00:00Z,Nordsee_Wind,-5.7,10.8,20.0,0,31.0,63.0,1016.5,False,ECMWF
2026-01-06T20:00:00Z,Augsburg_Solar,-10.5,0,54.0,0.0,46.0,90.0,1018.6,True,ECMWF
2026-01-06T21:00:00Z,Karlsruhe_CCGT,-5.6,3.2,129.0,0,60.0,47.0,1003.5,False,ECMWF
2026-01-06T21:00:00Z,Landshut_OCGT,-10.3,4.0,350.0,0,34.0,53.0,1016.7,True,ACTUAL
2026-01-06T21:00:00Z,Nordsee_Wind,-6.6,11.4,80.0,0,60.0,36.0,1003.5,True,ACTUAL
2026-01-06T21:00:00Z,Augsburg_Solar,-9.3,3.9,359.0,0,42.0,88.0,1014.9,False,GFS
2026-01-06T22:00:00Z,Karlsruhe_CCGT,-4.0,3.8,173.0,0,0,94.0,1004.9,False,GFS
2026-01-06T22:00:00Z,Landshut_OCGT,-4.8,5.6,283.0,0,82.0,58.0,997.4,False,ECMWF
2026-01-06T22:00:00Z,Nordsee_Wind,-8.7,12.1,184.0,0,35.0,58.0,1008.6,False,ACTUAL
2026-01-06T22:00:00Z,Augsburg_Solar,-5.0,1.4,27.0,0,60.0,45.0,1000.6,True,ACTUAL
2026-01-06T23:00:00Z,Karlsruhe_CCGT,-5.5,2.3,261.0,0,73.0,84.0,1016.1,False,ACTUAL
2026-01-06T23:00:00Z,Landshut_OCGT,-6.3,1.0,37.0,0,68.0,88.0,1008.1,True,ECMWF
2026-01-06T23:00:00Z,Nordsee_Wind,0.9,7.3,113.0,0,72.0,78.0,1007.5,False,ECMWF
2026-01-06T23:00:00Z,Augsburg_Solar,-5.4,1.4,326.0,0,82.0,68.0,1008.7,False,ECMWF
2026-01-07T00:00:00Z,Karlsruhe_CCGT,-3.3,6.6,121.0,0,61.0,62.0,1010.1,False,GFS
2026-01-07T00:00:00Z,Landshut_OCGT,-4.9,3.5,34.0,0,81.0,77.0,1012.9,True,ECMWF
2026-01-07T00:00:00Z,Nordsee_Wind,-6.4,4.1,113.0,0,34.0,40.0,1006.3,True,GFS
2026-01-07T00:00:00Z,Augsburg_Solar,-2.0,3.8,14.0,0,73.0,49.0,1023.9,False,GFS
2026-01-07T01:00:00Z,Karlsruhe_CCGT,0.3,1.1,259.0,0,39.0,48.0,996.1,True,ACTUAL
2026-01-07T01:00:00Z,Landshut_OCGT,-6.3,4.5,206.0,0,72.0,79.0,1019.0,True,ACTUAL
2026-01-07T01:00:00Z,Nordsee_Wind,-0.6,6.1,64.0,0,0,82.0,1012.4,False,ACTUAL
2026-01-07T01:00:00Z,Augsburg_Solar,-4.1,1.8,247.0,0,37.0,86.0,1024.2,False,ACTUAL
2026-01-07T02:00:00Z,Karlsruhe_CCGT,4.1,5.0,308.0,0,42.0,87.0,1010.8,False,GFS
2026-01-07T02:00:00Z,Landshut_OCGT,0.9,0.8,55.0,0,40.0,81.0,1013.2,True,ACTUAL
2026-01-07T02:00:00Z,Nordsee_Wind,-6.4,10.9,126.0,0,0,75.0,1010.9,True,ECMWF
2026-01-07T02:00:00Z,Augsburg_Solar,-0.5,1.7,203.0,0,42.0,67.0,1019.8,True,GFS
2026-01-07T03:00:00Z,Karlsruhe_CCGT,-4.5,6.4,184.0,0,35.0,69.0,1013.4,True,ECMWF
2026-01-07T03:00:00Z,Landshut_OCGT,-2.2,0,109.0,0,62.0,84.0,1016.5,False,ACTUAL
2026-01-07T03:00:00Z,Nordsee_Wind,1.8,8.9,60.0,0,44.0,80.0,1011.9,True,ACTUAL
2026-01-07T03:00:00Z,Augsburg_Solar,1.0,0.7,232.0,0,76.0,67.0,1005.2,False,ACTUAL
2026-01-07T04:00:00Z,Karlsruhe_CCGT,-1.0,1.3,343.0,0,50.0,89.0,1004.0,True,ECMWF
2026-01-07T04:00:00Z,Landshut_OCGT,0.1,7.7,148.0,0,91.0,51.0,1015.9,True,ACTUAL
2026-01-07T04:00:00Z,Nordsee_Wind,-1.5,5.7,329.0,0,64.0,66.0,1012.5,True,ECMWF
2026-01-07T04:00:00Z,Augsburg_Solar,0.9,2.7,125.0,0,48.0,92.0,1011.5,True,GFS
2026-01-07T05:00:00Z,Karlsruhe_CCGT,-5.9,5.3,335.0,0,30.0,93.0,1008.0,False,GFS
2026-01-07T05:00:00Z,Landshut_OCGT,-1.4,1.7,45.0,0,59.0,57.0,1015.5,True,GFS
2026-01-07T05:00:00Z,Nordsee_Wind,-4.1,7.6,70.0,0,60.0,78.0,1004.5,False,GFS
2026-01-07T05:00:00Z,Augsburg_Solar,-0.6,0,66.0,0,29.0,55.0,1006.1,True,ECMWF
2026-01-07T06:00:00Z,Karlsruhe_CCGT,5.6,6.3,211.0,0,39.0,97.0,1010.6,True,ECMWF
2026-01-07T06:00:00Z,Landshut_OCGT,-0.1,5.0,220.0,0,88.0,57.0,1013.7,True,ACTUAL
2026-01-07T06:00:00Z,Nordsee_Wind,3.5,4.9,62.0,0,68.0,74.0,1008.2,False,ACTUAL
2026-01-07T06:00:00Z,Augsburg_Solar,-2.9,0,233.0,0,30.0,55.0,1008.7,True,ECMWF
2026-01-07T07:00:00Z,Karlsruhe_CCGT,-1.6,3.0,274.0,0,66.0,84.0,1011.4,False,ACTUAL
2026-01-07T07:00:00Z,Landshut_OCGT,0.8,0,21.0,0,0,54.0,1012.4,False,GFS
2026-01-07T07:00:00Z,Nordsee_Wind,-0.3,7.9,189.0,0,62.0,66.0,1003.2,False,ECMWF
2026-01-07T07:00:00Z,Augsburg_Solar,-4.6,0,283.0,54.0,50.0,57.0,1006.6,True,ECMWF
2026-01-07T08:00:00Z,Karlsruhe_CCGT,-1.9,2.9,5.0,0,51.0,57.0,1003.6,False,ECMWF
2026-01-07T08:00:00Z,Landshut_OCGT,-1.9,4.0,324.0,0,47.0,64.0,1007.0,True,GFS
2026-01-07T08:00:00Z,Nordsee_Wind,-2.0,6.5,44.0,0,20.0,50.0,1010.3,False,ECMWF
2026-01-07T08:00:00Z,Augsburg_Solar,-0.8,5.8,155.0,148.0,21.0,60.0,1015.5,False,GFS
2026-01-07T09:00:00Z,Karlsruhe_CCGT,-3.1,2.2,203.0,0,47.0,63.0,1013.0,True,ECMWF
2026-01-07T09:00:00Z,Landshut_OCGT,-3.0,3.0,245.0,0,80.0,62.0,1023.7,False,ACTUAL
2026-01-07T09:00:00Z,Nordsee_Wind,-0.2,4.9,183.0,0,30.0,59.0,1006.1,True,GFS
2026-01-07T09:00:00Z,Augsburg_Solar,-1.2,0,223.0,278.0,39.0,67.0,1015.9,False,GFS
2026-01-07T10:00:00Z,Karlsruhe_CCGT,-6.0,2.6,71.0,0,15.0,89.0,995.1,False,ECMWF
2026-01-07T10:00:00Z,Landshut_OCGT,-4.3,1.8,316.0,0,52.0,60.0,1016.9,True,ACTUAL
2026-01-07T10:00:00Z,Nordsee_Wind,-5.7,11.7,155.0,0,27.0,62.0,1006.9,True,ACTUAL
2026-01-07T10:00:00Z,Augsburg_Solar,-0.2,0,322.0,408.0,47.0,76.0,1023.5,True,GFS
2026-01-07T11:00:00Z,Karlsruhe_CCGT,-5.0,0,151.0,0,72.0,65.0,1002.7,False,ECMWF
2026-01-07T11:00:00Z,Landshut_OCGT,-1.8,0.2,40.0,0,69.0,64.0,1015.0,True,GFS
2026-01-07T11:00:00Z,Nordsee_Wind,-3.8,6.9,131.0,0,89.0,77.0,1013.8,False,GFS
2026-01-07T11:00:00Z,Augsburg_Solar,-5.9,3.2,210.0,267.0,60.0,69.0,1003.1,True,GFS
2026-01-07T12:00:00Z,Karlsruhe_CCGT,0.2,6.8,327.0,0,23.0,57.0,1022.6,False,GFS
2026-01-07T12:00:00Z,Landshut_OCGT,-6.5,4.4,234.0,0,16.0,61.0,1007.5,False,ECMWF
2026-01-07T12:00:00Z,Nordsee_Wind,-12.2,4.7,70.0,0,62.0,57.0,1017.6,True,ACTUAL
2026-01-07T12:00:00Z,Augsburg_Solar,-9.2,2.1,57.0,341.0,61.0,56.0,1012.6,True,ACTUAL
2026-01-07T13:00:00Z,Karlsruhe_CCGT,-4.3,1.1,179.0,0,68.0,50.0,1010.4,False,GFS
2026-01-07T13:00:00Z,Landshut_OCGT,-5.0,1.6,31.0,0,0,42.0,1013.1,True,ECMWF
2026-01-07T13:00:00Z,Nordsee_Wind,-6.3,8.6,247.0,0,0.0,85.0,1019.7,False,GFS
2026-01-07T13:00:00Z,Augsburg_Solar,-10.0,1.5,206.0,279.0,52.0,54.0,1025.3,True,GFS
2026-01-07T14:00:00Z,Karlsruhe_CCGT,-8.2,8.2,117.0,0,39.0,69.0,999.4,False,ACTUAL
2026-01-07T14:00:00Z,Landshut_OCGT,-8.2,0.9,257.0,0,79.0,72.0,1028.7,False,ACTUAL
2026-01-07T14:00:00Z,Nordsee_Wind,-6.6,6.5,239.0,0,31.0,43.0,1000.5,True,GFS
2026-01-07T14:00:00Z,Augsburg_Solar,-9.5,5.3,276.0,552.0,23.0,65.0,1025.9,False,GFS
2026-01-07T15:00:00Z,Karlsruhe_CCGT,-14.6,6.0,271.0,0,42.0,92.0,1015.5,False,ACTUAL
2026-01-07T15:00:00Z,Landshut_OCGT,-11.7,4.6,83.0,0,54.0,84.0,994.7,True,ACTUAL
2026-01-07T15:00:00Z,Nordsee_Wind,-12.3,3.8,345.0,0,54.0,66.0,1011.9,False,GFS
2026-01-07T15:00:00Z,Augsburg_Solar,-16.1,6.7,280.0,220.0,26.0,64.0,1007.9,False,GFS
2026-01-07T16:00:00Z,Karlsruhe_CCGT,-11.3,3.8,148.0,0,61.0,63.0,1026.8,False,GFS
2026-01-07T16:00:00Z,Landshut_OCGT,-11.2,1.4,151.0,0,39.0,67.0,1003.8,True,GFS
2026-01-07T16:00:00Z,Nordsee_Wind,-5.8,5.3,336.0,0,71.0,95.0,1023.4,False,ECMWF
2026-01-07T16:00:00Z,Augsburg_Solar,-9.9,4.2,253.0,447.0,84.0,56.0,1019.7,True,ACTUAL
2026-01-07T17:00:00Z,Karlsruhe_CCGT,-10.2,4.5,236.0,0,46.0,62.0,998.3,True,ECMWF
2026-01-07T17:00:00Z,Landshut_OCGT,-10.7,0,92.0,0,65.0,49.0,1009.6,False,GFS
2026-01-07T17:00:00Z,Nordsee_Wind,-9.9,4.8,232.0,0,51.0,69.0,1027.1,True,GFS
2026-01-07T17:00:00Z,Augsburg_Solar,-9.5,2.6,353.0,353.0,8.0,69.0,998.2,False,GFS
2026-01-07T18:00:00Z,Karlsruhe_CCGT,-9.5,0.4,114.0,0,70.0,70.0,1016.0,True,GFS
2026-01-07T18:00:00Z,Landshut_OCGT,-10.5,5.9,24.0,0,24.0,75.0,1038.3,False,ACTUAL
2026-01-07T18:00:00Z,Nordsee_Wind,-13.3,9.7,227.0,0,35.0,85.0,1022.0,False,ACTUAL
2026-01-07T18:00:00Z,Augsburg_Solar,-6.0,0,353.0,121.0,60.0,63.0,1010.6,False,GFS
2026-01-07T19:00:00Z,Karlsruhe_CCGT,-11.9,3.2,39.0,0,22.0,56.0,1016.7,True,ACTUAL
2026-01-07T19:00:00Z,Landshut_OCGT,-10.4,0.1,218.0,0,2.0,77.0,1017.0,True,GFS
2026-01-07T19:00:00Z,Nordsee_Wind,-11.5,2.1,278.0,0,61.0,73.0,1009.0,False,GFS
2026-01-07T19:00:00Z,Augsburg_Solar,-5.4,2.0,276.0,133.0,36.0,53.0,1003.4,True,ACTUAL
2026-01-07T20:00:00Z,Karlsruhe_CCGT,-9.0,0.3,322.0,0,0,56.0,1014.4,False,GFS
2026-01-07T20:00:00Z,Landshut_OCGT,-12.4,4.6,151.0,0,57.0,65.0,1010.0,True,ACTUAL
2026-01-07T20:00:00Z,Nordsee_Wind,-11.9,10.5,288.0,0,29.0,79.0,1009.3,True,ECMWF
2026-01-07T20:00:00Z,Augsburg_Solar,-11.9,3.1,208.0,0.0,22.0,69.0,1023.7,False,ACTUAL
2026-01-07T21:00:00Z,Karlsruhe_CCGT,-13.3,3.6,300.0,0,51.0,64.0,1006.9,False,ECMWF
2026-01-07T21:00:00Z,Landshut_OCGT,-5.9,0,321.0,0,67.0,76.0,1025.9,True,GFS
2026-01-07T21:00:00Z,Nordsee_Wind,-10.4,9.1,56.0,0,56.0,50.0,1012.8,False,ACTUAL
2026-01-07T21:00:00Z,Augsburg_Solar,-8.4,0,282.0,0,59.0,56.0,1022.4,True,GFS
2026-01-07T22:00:00Z,Karlsruhe_CCGT,-9.6,1.6,200.0,0,89.0,99.0,1018.0,True,GFS
2026-01-07T22:00:00Z,Landshut_OCGT,-4.6,4.4,100.0,0,17.0,55.0,1017.4,True,ECMWF
2026-01-07T22:00:00Z,Nordsee_Wind,-11.5,6.8,175.0,0,50.0,66.0,1009.0,False,ACTUAL
2026-01-07T22:00:00Z,Augsburg_Solar,-5.3,2.6,163.0,0,75.0,50.0,1017.9,True,ECMWF
2026-01-07T23:00:00Z,Karlsruhe_CCGT,-8.4,8.8,155.0,0,66.0,55.0,1006.4,False,ECMWF
2026-01-07T23:00:00Z,Landshut_OCGT,-8.4,4.1,11.0,0,28.0,63.0,1023.5,False,GFS
2026-01-07T23:00:00Z,Nordsee_Wind,-6.5,1.7,136.0,0,65.0,85.0,1019.0,True,ECMWF
2026-01-07T23:00:00Z,Augsburg_Solar,-6.0,3.4,77.0,0,59.0,75.0,1016.8,False,ECMWF
2026-01-08T00:00:00Z,Karlsruhe_CCGT,-4.5,3.3,196.0,0,0,62.0,1004.7,False,GFS
2026-01-08T00:00:00Z,Landshut_OCGT,-11.0,1.0,258.0,0,76.0,57.0,1009.0,False,ACTUAL
2026-01-08T00:00:00Z,Nordsee_Wind,-6.8,13.2,221.0,0,49.0,81.0,1015.7,True,GFS
2026-01-08T00:00:00Z,Augsburg_Solar,-6.2,3.7,204.0,0,54.0,93.0,1016.8,True,ECMWF
2026-01-08T01:00:00Z,Karlsruhe_CCGT,1.1,1.1,19.0,0,57.0,77.0,1014.0,False,ACTUAL
2026-01-08T01:00:00Z,Landshut_OCGT,-8.6,1.6,1.0,0,43.0,75.0,1005.7,False,ECMWF
2026-01-08T01:00:00Z,Nordsee_Wind,-1.1,8.9,311.0,0,55.0,79.0,1016.3,True,ACTUAL
2026-01-08T01:00:00Z,Augsburg_Solar,2.3,3.9,109.0,0,24.0,72.0,1017.3,True,ECMWF
2026-01-08T02:00:00Z,Karlsruhe_CCGT,-8.1,5.8,105.0,0,66.0,73.0,1027.6,True,ACTUAL
2026-01-08T02:00:00Z,Landshut_OCGT,-0.3,5.3,219.0,0,39.0,37.0,1014.9,True,ECMWF
2026-01-08T02:00:00Z,Nordsee_Wind,0.7,8.1,300.0,0,43.0,63.0,1015.8,True,ACTUAL
2026-01-08T02:00:00Z,Augsburg_Solar,-2.8,0,339.0,0,48.0,77.0,1013.4,False,ACTUAL
2026-01-08T03:00:00Z,Karlsruhe_CCGT,-6.4,5.3,63.0,0,88.0,51.0,1022.4,True,ECMWF
2026-01-08T03:00:00Z,Landshut_OCGT,-4.0,8.4,289.0,0,18.0,48.0,1000.4,False,ACTUAL
2026-01-08T03:00:00Z,Nordsee_Wind,1.1,10.5,309.0,0,92.0,76.0,1022.2,False,GFS
2026-01-08T03:00:00Z,Augsburg_Solar,-3.0,2.9,285.0,0,52.0,68.0,1010.8,True,ACTUAL
2026-01-08T04:00:00Z,Karlsruhe_CCGT,-2.9,9.1,168.0,0,44.0,66.0,1013.7,True,ECMWF
2026-01-08T04:00:00Z,Landshut_OCGT,-0.9,4.9,204.0,0,25.0,67.0,1016.1,True,ECMWF
2026-01-08T04:00:00Z,Nordsee_Wind,-1.4,9.1,149.0,0,77.0,56.0,1019.6,True,ACTUAL
2026-01-08T04:00:00Z,Augsburg_Solar,4.7,0,182.0,0,22.0,48.0,1012.4,False,GFS
2026-01-08T05:00:00Z,Karlsruhe_CCGT,-0.6,2.6,61.0,0,42.0,49.0,1003.2,True,ECMWF
2026-01-08T05:00:00Z,Landshut_OCGT,0.2,0.8,141.0,0,23.0,82.0,1001.9,False,ACTUAL
2026-01-08T05:00:00Z,Nordsee_Wind,1.1,7.2,86.0,0,57.0,71.0,1018.8,False,ACTUAL
2026-01-08T05:00:00Z,Augsburg_Solar,0.3,1.4,275.0,0,47.0,51.0,1018.5,False,GFS
2026-01-08T06:00:00Z,Karlsruhe_CCGT,3.7,3.1,109.0,0,84.0,79.0,1027.4,False,ACTUAL
2026-01-08T06:00:00Z,Landshut_OCGT,-0.3,5.8,222.0,0,55.0,59.0,1009.3,False,ACTUAL
2026-01-08T06:00:00Z,Nordsee_Wind,-0.6,3.7,190.0,0,55.0,34.0,1025.5,False,ECMWF
2026-01-08T06:00:00Z,Augsburg_Solar,1.6,3.0,22.0,0,11.0,82.0,1028.4,True,ECMWF
2026-01-08T07:00:00Z,Karlsruhe_CCGT,0.9,2.4,133.0,0,81.0,73.0,1011.1,False,ECMWF
2026-01-08T07:00:00Z,Landshut_OCGT,-2.6,1.5,161.0,0,20.0,46.0,1014.3,True,GFS
2026-01-08T07:00:00Z,Nordsee_Wind,2.9,8.8,96.0,0,57.0,68.0,1030.4,True,ECMWF
2026-01-08T07:00:00Z,Augsburg_Solar,-1.4,4.7,267.0,89.0,23.0,62.0,1021.0,True,GFS
2026-01-08T08:00:00Z,Karlsruhe_CCGT,-5.9,7.9,264.0,0,77.0,43.0,1007.8,False,ECMWF
2026-01-08T08:00:00Z,Landshut_OCGT,-6.4,4.6,318.0,0,49.0,51.0,1013.3,False,ACTUAL
2026-01-08T08:00:00Z,Nordsee_Wind,-1.6,2.8,92.0,0,47.0,49.0,1017.0,True,ECMWF
2026-01-08T08:00:00Z,Augsburg_Solar,-5.3,0,242.0,254.0,78.0,83.0,1001.6,True,GFS
2026-01-08T09:00:00Z,Karlsruhe_CCGT,-5.8,1.6,206.0,0,100,70.0,1017.2,False,ECMWF
2026-01-08T09:00:00Z,Landshut_OCGT,-5.7,8.7,120.0,0,25.0,39.0,1005.6,True,GFS
2026-01-08T09:00:00Z,Nordsee_Wind,-1.4,6.5,20.0,0,43.0,59.0,1017.0,True,ACTUAL
2026-01-08T09:00:00Z,Augsburg_Solar,1.3,0.3,63.0,231.0,57.0,65.0,1011.6,True,ECMWF
2026-01-08T10:00:00Z,Karlsruhe_CCGT,-2.0,0,95.0,0,57.0,56.0,1015.4,True,ACTUAL
2026-01-08T10:00:00Z,Landshut_OCGT,0.8,0.3,126.0,0,55.0,78.0,999.1,True,ECMWF
2026-01-08T10:00:00Z,Nordsee_Wind,-3.9,8.3,39.0,0,58.0,57.0,1004.2,False,ECMWF
2026-01-08T10:00:00Z,Augsburg_Solar,-3.7,6.9,4.0,426.0,42.0,75.0,1030.6,False,ECMWF
2026-01-08T11:00:00Z,Karlsruhe_CCGT,-2.3,0.8,246.0,0,88.0,96.0,1021.6,True,GFS
2026-01-08T11:00:00Z,Landshut_OCGT,-6.0,5.8,162.0,0,42.0,74.0,1001.4,True,ACTUAL
2026-01-08T11:00:00Z,Nordsee_Wind,-2.2,8.8,318.0,0,65.0,78.0,1028.1,False,GFS
2026-01-08T11:00:00Z,Augsburg_Solar,-4.3,3.2,116.0,291.0,26.0,62.0,1007.4,False,ACTUAL
2026-01-08T12:00:00Z,Karlsruhe_CCGT,-8.3,6.9,283.0,0,62.0,82.0,1009.5,True,GFS
2026-01-08T12:00:00Z,Landshut_OCGT,-7.5,0.4,6.0,0,59.0,73.0,1008.6,True,GFS
2026-01-08T12:00:00Z,Nordsee_Wind,-9.3,6.2,189.0,0,78.0,47.0,1014.3,True,GFS
2026-01-08T12:00:00Z,Augsburg_Solar,-0.5,0.5,207.0,364.0,47.0,44.0,1019.5,True,ECMWF
2026-01-08T13:00:00Z,Karlsruhe_CCGT,-3.7,0,216.0,0,59.0,74.0,1021.1,False,GFS
2026-01-08T13:00:00Z,Landshut_OCGT,-1.6,1.7,115.0,0,89.0,40.0,1015.9,True,GFS
2026-01-08T13:00:00Z,Nordsee_Wind,-5.2,8.2,245.0,0,79.0,58.0,1007.5,True,ECMWF
2026-01-08T13:00:00Z,Augsburg_Solar,-5.2,0,337.0,511.0,58.0,72.0,1024.8,True,ECMWF
2026-01-08T14:00:00Z,Karlsruhe_CCGT,-9.1,5.2,282.0,0,59.0,82.0,1022.1,True,ECMWF
2026-01-08T14:00:00Z,Landshut_OCGT,-8.6,0,255.0,0,76.0,75.0,1008.8,False,ECMWF
2026-01-08T14:00:00Z,Nordsee_Wind,-10.1,10.5,231.0,0,58.0,63.0,1009.5,False,ACTUAL
2026-01-08T14:00:00Z,Augsburg_Solar,-4.3,0,270.0,480.0,96.0,62.0,1022.4,False,ACTUAL
2026-01-08T15:00:00Z,Karlsruhe_CCGT,0.2,1.9,46.0,0,12.0,55.0,996.4,True,GFS
2026-01-08T15:00:00Z,Landshut_OCGT,-9.8,2.0,335.0,0,37.0,58.0,1014.4,False,GFS
2026-01-08T15:00:00Z,Nordsee_Wind,-9.5,10.5,122.0,0,85.0,46.0,1014.2,False,GFS
2026-01-08T15:00:00Z,Augsburg_Solar,-10.2,2.8,263.0,530.0,80.0,44.0,1018.8,False,GFS
2026-01-08T16:00:00Z,Karlsruhe_CCGT,-14.0,3.5,232.0,0,15.0,68.0,1025.0,True,ACTUAL
2026-01-08T16:00:00Z,Landshut_OCGT,-7.2,2.7,245.0,0,52.0,88.0,1010.9,True,ACTUAL
2026-01-08T16:00:00Z,Nordsee_Wind,-12.4,8.1,23.0,0,20.0,33.0,1008.2,True,ACTUAL
2026-01-08T16:00:00Z,Augsburg_Solar,-2.7,0.1,44.0,190.0,46.0,67.0,1004.7,True,ECMWF
2026-01-08T17:00:00Z,Karlsruhe_CCGT,-5.0,3.4,246.0,0,57.0,59.0,1005.2,False,GFS
2026-01-08T17:00:00Z,Landshut_OCGT,-8.1,2.3,15.0,0,73.0,63.0,1011.5,False,ACTUAL
2026-01-08T17:00:00Z,Nordsee_Wind,-6.1,9.6,290.0,0,80.0,82.0,1013.7,True,GFS
2026-01-08T17:00:00Z,Augsburg_Solar,-14.9,4.0,37.0,146.0,86.0,75.0,1010.7,False,GFS
2026-01-08T18:00:00Z,Karlsruhe_CCGT,-10.0,0.7,59.0,0,63.0,77.0,1007.2,True,GFS
2026-01-08T18:00:00Z,Landshut_OCGT,-7.0,4.7,145.0,0,73.0,73.0,1002.1,True,ACTUAL
2026-01-08T18:00:00Z,Nordsee_Wind,-4.2,8.6,36.0,0,60.0,40.0,1026.9,True,ACTUAL
2026-01-08T18:00:00Z,Augsburg_Solar,-10.3,9.0,190.0,92.0,41.0,75.0,1005.3,True,ACTUAL
2026-01-08T19:00:00Z,Karlsruhe_CCGT,-10.7,0,248.0,0,14.0,89.0,1007.3,True,ECMWF
2026-01-08T19:00:00Z,Landshut_OCGT,-10.8,0,275.0,0,47.0,62.0,1006.7,False,ECMWF
2026-01-08T19:00:00Z,Nordsee_Wind,-13.0,6.1,295.0,0,19.0,52.0,1019.1,True,GFS
2026-01-08T19:00:00Z,Augsburg_Solar,-8.1,8.4,37.0,123.0,41.0,79.0,1008.0,False,GFS
2026-01-08T20:00:00Z,Karlsruhe_CCGT,-6.3,6.7,261.0,0,58.0,65.0,1005.8,False,GFS
2026-01-08T20:00:00Z,Landshut_OCGT,-9.9,3.2,19.0,0,27.0,48.0,1009.5,False,ACTUAL
2026-01-08T20:00:00Z,Nordsee_Wind,-13.6,10.8,111.0,0,43.0,56.0,1010.4,True,ECMWF
2026-01-08T20:00:00Z,Augsburg_Solar,-12.1,0,87.0,0.0,81.0,61.0,1014.8,True,ECMWF
2026-01-08T21:00:00Z,Karlsruhe_CCGT,-6.5,0.4,217.0,0,52.0,59.0,1001.1,True,ACTUAL
2026-01-08T21:00:00Z,Landshut_OCGT,-9.3,1.9,316.0,0,62.0,65.0,1017.1,False,ECMWF
2026-01-08T21:00:00Z,Nordsee_Wind,-10.3,8.4,165.0,0,55.0,60.0,1004.4,False,GFS
2026-01-08T21:00:00Z,Augsburg_Solar,-7.0,3.8,220.0,0,81.0,50.0,1005.9,False,GFS
2026-01-08T22:00:00Z,Karlsruhe_CCGT,-7.9,1.0,135.0,0,28.0,67.0,996.3,True,ECMWF
2026-01-08T22:00:00Z,Landshut_OCGT,-12.5,6.5,48.0,0,47.0,91.0,1021.2,False,ECMWF
2026-01-08T22:00:00Z,Nordsee_Wind,-8.4,8.8,273.0,0,54.0,58.0,1023.6,False,ECMWF
2026-01-08T22:00:00Z,Augsburg_Solar,-4.6,0,206.0,0,68.0,82.0,1011.8,False,ACTUAL
2026-01-08T23:00:00Z,Karlsruhe_CCGT,-6.2,2.2,230.0,0,35.0,50.0,1016.2,True,ECMWF
2026-01-08T23:00:00Z,Landshut_OCGT,-2.7,6.2,319.0,0,39.0,60.0,1007.1,False,ECMWF
2026-01-08T23:00:00Z,Nordsee_Wind,-6.4,9.3,269.0,0,40.0,79.0,1008.7,True,ECMWF
2026-01-08T23:00:00Z,Augsburg_Solar,-9.5,0.8,63.0,0,29.0,44.0,1012.4,False,GFS
2026-01-09T00:00:00Z,Karlsruhe_CCGT,-4.8,0.0,289.0,0,23.0,75.0,1021.0,True,ACTUAL
2026-01-09T00:00:00Z,Landshut_OCGT,-0.5,3.8,266.0,0,46.0,57.0,1023.1,True,ACTUAL
2026-01-09T00:00:00Z,Nordsee_Wind,-2.4,12.4,67.0,0,74.0,49.0,1014.3,True,ECMWF
2026-01-09T00:00:00Z,Augsburg_Solar,-6.9,8.3,340.0,0,6.0,46.0,1014.6,True,GFS
2026-01-09T01:00:00Z,Karlsruhe_CCGT,-4.1,4.1,104.0,0,19.0,69.0,1007.8,False,ACTUAL
2026-01-09T01:00:00Z,Landshut_OCGT,-4.1,0,301.0,0,8.0,72.0,1006.5,False,GFS
2026-01-09T01:00:00Z,Nordsee_Wind,2.2,10.0,308.0,0,78.0,31.0,1011.2,True,ECMWF
2026-01-09T01:00:00Z,Augsburg_Solar,-4.9,0,156.0,0,13.0,60.0,1006.9,False,ECMWF
2026-01-09T02:00:00Z,Karlsruhe_CCGT,-3.2,4.4,222.0,0,59.0,59.0,1029.5,False,ECMWF
2026-01-09T02:00:00Z,Landshut_OCGT,4.6,2.8,28.0,0,60.0,40.0,1023.4,False,ACTUAL
2026-01-09T02:00:00Z,Nordsee_Wind,-6.4,9.8,34.0,0,61.0,32.0,1010.5,True,ECMWF
2026-01-09T02:00:00Z,Augsburg_Solar,-5.9,0.8,36.0,0,37.0,44.0,996.9,True,ACTUAL
2026-01-09T03:00:00Z,Karlsruhe_CCGT,-2.8,1.1,38.0,0,18.0,48.0,1003.7,False,GFS
2026-01-09T03:00:00Z,Landshut_OCGT,-5.4,5.2,263.0,0,57.0,94.0,1022.7,False,GFS
2026-01-09T03:00:00Z,Nordsee_Wind,1.1,8.5,136.0,0,32.0,70.0,1017.4,True,ECMWF
2026-01-09T03:00:00Z,Augsburg_Solar,-5.2,0,101.0,0,16.0,51.0,1011.0,True,GFS
2026-01-09T04:00:00Z,Karlsruhe_CCGT,-4.8,5.4,49.0,0,17.0,32.0,1020.8,False,ECMWF
2026-01-09T04:00:00Z,Landshut_OCGT,-0.7,0,121.0,0,39.0,71.0,1000.6,False,GFS
2026-01-09T04:00:00Z,Nordsee_Wind,-2.5,6.5,265.0,0,56.0,61.0,1022.3,True,ACTUAL
2026-01-09T04:00:00Z,Augsburg_Solar,0.5,6.3,301.0,0,75.0,72.0,1014.9,False,ECMWF
2026-01-09T05:00:00Z,Karlsruhe_CCGT,0.7,3.9,256.0,0,55.0,47.0,1013.6,False,GFS
2026-01-09T05:00:00Z,Landshut_OCGT,-2.0,4.1,39.0,0,18.0,66.0,1026.6,True,ECMWF
2026-01-09T05:00:00Z,Nordsee_Wind,-2.4,9.7,31.0,0,55.0,73.0,999.5,False,GFS
2026-01-09T05:00:00Z,Augsburg_Solar,-0.9,5.3,331.0,0,65.0,48.0,995.3,False,ACTUAL
2026-01-09T06:00:00Z,Karlsruhe_CCGT,2.9,3.5,301.0,0,68.0,63.0,1019.7,False,ACTUAL
2026-01-09T06:00:00Z,Landshut_OCGT,2.0,2.4,356.0,0,64.0,66.0,1021.1,True,ACTUAL
2026-01-09T06:00:00Z,Nordsee_Wind,3.3,9.2,284.0,0,3.0,43.0,1012.7,False,ACTUAL
2026-01-09T06:00:00Z,Augsburg_Solar,-2.7,2.8,94.0,0,87.0,43.0,1018.0,False,ECMWF
2026-01-09T07:00:00Z,Karlsruhe_CCGT,-0.2,2.5,102.0,0,50.0,67.0,1021.6,True,ECMWF
2026-01-09T07:00:00Z,Landshut_OCGT,-1.0,4.2,231.0,0,68.0,63.0,1007.5,True,ACTUAL
2026-01-09T07:00:00Z,Nordsee_Wind,4.9,7.1,15.0,0,44.0,81.0,1012.5,True,ECMWF
2026-01-09T07:00:00Z,Augsburg_Solar,3.7,2.4,21.0,53.0,0,78.0,993.8,False,ACTUAL
2026-01-09T08:00:00Z,Karlsruhe_CCGT,0.9,3.1,175.0,0,41.0,72.0,997.7,False,ECMWF
2026-01-09T08:00:00Z,Landshut_OCGT,1.8,4.2,229.0,0,78.0,65.0,1020.9,False,ACTUAL
2026-01-09T08:00:00Z,Nordsee_Wind,-3.5,9.5,48.0,0,27.0,60.0,1015.5,False,ECMWF
2026-01-09T08:00:00Z,Augsburg_Solar,-2.4,1.3,88.0,183.0,42.0,57.0,1015.1,False,GFS
2026-01-09T09:00:00Z,Karlsruhe_CCGT,-1.5,1.8,150.0,0,64.0,56.0,1015.6,True,ACTUAL
2026-01-09T09:00:00Z,Landshut_OCGT,-3.0,4.9,78.0,0,39.0,40.0,1014.8,True,ACTUAL
2026-01-09T09:00:00Z,Nordsee_Wind,1.2,14.5,293.0,0,82.0,58.0,1007.3,False,ACTUAL
2026-01-09T09:00:00Z,Augsburg_Solar,5.1,6.1,79.0,223.0,30.0,59.0,1018.3,True,ACTUAL
2026-01-09T10:00:00Z,Karlsruhe_CCGT,-7.8,3.4,352.0,0,35.0,76.0,1010.8,False,GFS
2026-01-09T10:00:00Z,Landshut_OCGT,2.8,4.5,165.0,0,55.0,87.0,1005.8,True,ACTUAL
2026-01-09T10:00:00Z,Nordsee_Wind,1.8,8.4,201.0,0,67.0,56.0,1008.9,False,ACTUAL
2026-01-09T10:00:00Z,Augsburg_Solar,-2.9,1.9,236.0,198.0,34.0,72.0,998.4,False,ECMWF
2026-01-09T11:00:00Z,Karlsruhe_CCGT,-4.1,5.5,340.0,0,57.0,56.0,992.7,False,ACTUAL
2026-01-09T11:00:00Z,Landshut_OCGT,-2.3,1.4,120.0,0,65.0,85.0,1012.0,False,ACTUAL
2026-01-09T11:00:00Z,Nordsee_Wind,-1.2,7.5,31.0,0,56.0,63.0,1009.2,True,ECMWF
2026-01-09T11:00:00Z,Augsburg_Solar,-0.9,4.3,92.0,327.0,36.0,73.0,1010.8,True,GFS
2026-01-09T12:00:00Z,Karlsruhe_CCGT,-5.3,2.7,225.0,0,14.0,58.0,1014.6,True,ACTUAL
2026-01-09T12:00:00Z,Landshut_OCGT,-3.0,5.7,115.0,0,42.0,63.0,1025.9,True,ECMWF
2026-01-09T12:00:00Z,Nordsee_Wind,-5.6,9.2,133.0,0,71.0,75.0,1016.6,True,ACTUAL
2026-01-09T12:00:00Z,Augsburg_Solar,-5.4,0,160.0,344.0,36.0,68.0,1019.1,True,ACTUAL
2026-01-09T13:00:00Z,Karlsruhe_CCGT,-3.3,0.8,170.0,0,74.0,82.0,1015.2,False,GFS
2026-01-09T13:00:00Z,Landshut_OCGT,-5.2,3.7,9.0,0,42.0,92.0,1009.1,True,GFS
2026-01-09T13:00:00Z,Nordsee_Wind,-8.7,8.6,325.0,0,33.0,35.0,1021.1,False,ACTUAL
2026-01-09T13:00:00Z,Augsburg_Solar,-4.6,2.3,205.0,262.0,28.0,89.0,1015.7,False,ECMWF
2026-01-09T14:00:00Z,Karlsruhe_CCGT,-8.7,3.0,327.0,0,32.0,82.0,1005.6,False,ECMWF
2026-01-09T14:00:00Z,Landshut_OCGT,-8.7,0,335.0,0,80.0,54.0,1020.1,True,ECMWF
2026-01-09T14:00:00Z,Nordsee_Wind,-7.9,11.3,174.0,0,100,57.0,1009.1,True,ACTUAL
2026-01-09T14:00:00Z,Augsburg_Solar,-4.9,9.1,322.0,566.0,75.0,37.0,999.8,True,ECMWF
2026-01-09T15:00:00Z,Karlsruhe_CCGT,-7.0,3.3,260.0,0,21.0,50.0,1016.9,True,ACTUAL
2026-01-09T15:00:00Z,Landshut_OCGT,-6.0,2.9,138.0,0,26.0,82.0,1017.2,True,GFS
2026-01-09T15:00:00Z,Nordsee_Wind,-8.6,11.1,148.0,0,20.0,77.0,1017.2,True,ACTUAL
2026-01-09T15:00:00Z,Augsburg_Solar,-12.3,0,261.0,421.0,100,83.0,1011.0,False,ACTUAL
2026-01-09T16:00:00Z,Karlsruhe_CCGT,-10.2,2.9,234.0,0,53.0,82.0,1007.1,True,GFS
2026-01-09T16:00:00Z,Landshut_OCGT,-9.8,0.8,291.0,0,49.0,71.0,1013.4,True,GFS
2026-01-09T16:00:00Z,Nordsee_Wind,-8.1,10.2,236.0,0,46.0,49.0,1012.5,False,GFS
2026-01-09T16:00:00Z,Augsburg_Solar,-9.3,2.6,109.0,381.0,45.0,84.0,1023.0,False,GFS
2026-01-09T17:00:00Z,Karlsruhe_CCGT,-7.9,6.1,357.0,0,44.0,62.0,1014.7,False,GFS
2026-01-09T17:00:00Z,Landshut_OCGT,-9.5,1.5,90.0,0,51.0,66.0,1024.8,False,ACTUAL
2026-01-09T17:00:00Z,Nordsee_Wind,-6.0,3.9,292.0,0,55.0,53.0,1028.0,False,ECMWF
2026-01-09T17:00:00Z,Augsburg_Solar,-10.2,2.0,75.0,301.0,76.0,63.0,1004.4,False,GFS
2026-01-09T18:00:00Z,Karlsruhe_CCGT,-4.4,5.2,86.0,0,43.0,64.0,1017.1,False,ECMWF
2026-01-09T18:00:00Z,Landshut_OCGT,-10.4,2.6,347.0,0,94.0,59.0,1026.4,False,ECMWF
2026-01-09T18:00:00Z,Nordsee_Wind,-8.6,9.5,19.0,0,69.0,82.0,1011.2,False,ECMWF
2026-01-09T18:00:00Z,Augsburg_Solar,-5.9,1.7,196.0,186.0,32.0,56.0,1003.4,False,GFS
2026-01-09T19:00:00Z,Karlsruhe_CCGT,-8.6,3.4,350.0,0,72.0,59.0,1008.1,False,ACTUAL
2026-01-09T19:00:00Z,Landshut_OCGT,-12.5,0,35.0,0,52.0,75.0,1010.1,False,GFS
2026-01-09T19:00:00Z,Nordsee_Wind,-9.3,6.9,241.0,0,35.0,69.0,1010.8,False,ECMWF
2026-01-09T19:00:00Z,Augsburg_Solar,-8.2,2.6,205.0,61.0,47.0,44.0,1010.7,False,GFS
2026-01-09T20:00:00Z,Karlsruhe_CCGT,-8.1,6.7,169.0,0,28.0,74.0,1010.0,True,ACTUAL
2026-01-09T20:00:00Z,Landshut_OCGT,-6.2,2.2,300.0,0,64.0,60.0,1005.7,True,ACTUAL
2026-01-09T20:00:00Z,Nordsee_Wind,-13.6,3.8,280.0,0,54.0,73.0,1016.5,True,GFS
2026-01-09T20:00:00Z,Augsburg_Solar,-8.3,1.1,6.0,0.0,53.0,47.0,1019.6,False,GFS
2026-01-09T21:00:00Z,Karlsruhe_CCGT,-6.9,2.6,316.0,0,54.0,59.0,1010.3,True,ECMWF
2026-01-09T21:00:00Z,Landshut_OCGT,-12.6,2.7,87.0,0,38.0,83.0,1027.8,True,GFS
2026-01-09T21:00:00Z,Nordsee_Wind,-11.1,15.1,312.0,0,26.0,50.0,1012.0,True,ACTUAL
2026-01-09T21:00:00Z,Augsburg_Solar,-6.1,4.3,293.0,0,69.0,49.0,1026.1,False,ECMWF
2026-01-09T22:00:00Z,Karlsruhe_CCGT,-9.8,0.7,197.0,0,82.0,64.0,1007.2,True,GFS
2026-01-09T22:00:00Z,Landshut_OCGT,-3.8,1.1,166.0,0,46.0,61.0,1015.0,False,GFS
2026-01-09T22:00:00Z,Nordsee_Wind,-5.7,5.8,39.0,0,68.0,50.0,1004.8,False,ECMWF
2026-01-09T22:00:00Z,Augsburg_Solar,-7.1,3.3,358.0,0,25.0,69.0,999.4,False,ACTUAL
2026-01-09T23:00:00Z,Karlsruhe_CCGT,-5.8,2.0,245.0,0,49.0,54.0,1012.4,False,ACTUAL
2026-01-09T23:00:00Z,Landshut_OCGT,-6.3,4.0,199.0,0,27.0,90.0,1018.8,True,ACTUAL
2026-01-09T23:00:00Z,Nordsee_Wind,-7.5,11.9,89.0,0,41.0,45.0,1007.6,False,GFS
2026-01-09T23:00:00Z,Augsburg_Solar,-4.2,5.9,334.0,0,20.0,60.0,992.3,True,ACTUAL
2026-01-10T00:00:00Z,Karlsruhe_CCGT,-10.4,2.8,39.0,0,71.0,38.0,1004.4,False,GFS
2026-01-10T00:00:00Z,Landshut_OCGT,-5.6,5.4,283.0,0,66.0,62.0,1023.2,False,ACTUAL
2026-01-10T00:00:00Z,Nordsee_Wind,-7.3,9.5,275.0,0,75.0,75.0,1024.2,True,GFS
2026-01-10T00:00:00Z,Augsburg_Solar,-5.1,1.5,165.0,0,53.0,57.0,1012.1,True,ECMWF
2026-01-10T01:00:00Z,Karlsruhe_CCGT,-3.5,3.5,1.0,0,0,43.0,1023.7,False,GFS
2026-01-10T01:00:00Z,Landshut_OCGT,-5.3,3.6,293.0,0,41.0,70.0,1008.6,False,ACTUAL
2026-01-10T01:00:00Z,Nordsee_Wind,-2.9,9.4,189.0,0,40.0,63.0,1014.7,True,ACTUAL
2026-01-10T01:00:00Z,Augsburg_Solar,-1.1,1.8,21.0,0,59.0,68.0,1018.8,False,GFS
2026-01-10T02:00:00Z,Karlsruhe_CCGT,-7.4,2.6,181.0,0,100,80.0,1011.5,False,ECMWF
2026-01-10T02:00:00Z,Landshut_OCGT,3.9,0,54.0,0,61.0,57.0,1015.6,False,ECMWF
2026-01-10T02:00:00Z,Nordsee_Wind,2.1,8.6,150.0,0,23.0,68.0,1014.4,True,ACTUAL
2026-01-10T02:00:00Z,Augsburg_Solar,-2.9,2.3,316.0,0,54.0,56.0,1017.8,True,ECMWF
2026-01-10T03:00:00Z,Karlsruhe_CCGT,2.1,8.5,68.0,0,49.0,99.0,999.3,False,GFS
2026-01-10T03:00:00Z,Landshut_OCGT,-7.8,4.3,18.0,0,47.0,55.0,1017.9,True,GFS
2026-01-10T03:00:00Z,Nordsee_Wind,-1.7,10.9,143.0,0,60.0,71.0,988.9,False,GFS
2026-01-10T03:00:00Z,Augsburg_Solar,5.2,0,60.0,0,48.0,35.0,1020.4,False,GFS
2026-01-10T04:00:00Z,Karlsruhe_CCGT,0.8,2.2,238.0,0,46.0,55.0,1011.5,True,ECMWF
2026-01-10T04:00:00Z,Landshut_OCGT,6.7,0,43.0,0,0,71.0,1003.5,False,ECMWF
2026-01-10T04:00:00Z,Nordsee_Wind,2.9,7.3,77.0,0,42.0,65.0,1017.4,True,GFS
2026-01-10T04:00:00Z,Augsburg_Solar,0.3,2.4,260.0,0,16.0,50.0,1030.4,True,GFS
2026-01-10T05:00:00Z,Karlsruhe_CCGT,-4.8,2.0,220.0,0,59.0,65.0,1010.0,True,GFS
2026-01-10T05:00:00Z,Landshut_OCGT,1.9,4.9,166.0,0,25.0,86.0,1017.8,True,GFS
2026-01-10T05:00:00Z,Nordsee_Wind,2.3,13.8,233.0,0,91.0,60.0,1001.4,True,ECMWF
2026-01-10T05:00:00Z,Augsburg_Solar,0.8,2.1,96.0,0,60.0,46.0,1029.9,False,GFS
2026-01-10T06:00:00Z,Karlsruhe_CCGT,-3.7,1.2,205.0,0,80.0,66.0,1001.5,False,ACTUAL
2026-01-10T06:00:00Z,Landshut_OCGT,1.1,4.3,56.0,0,60.0,78.0,997.0,True,ACTUAL
2026-01-10T06:00:00Z,Nordsee_Wind,3.2,5.8,268.0,0,73.0,72.0,1009.5,False,ACTUAL
2026-01-10T06:00:00Z,Augsburg_Solar,2.7,2.7,79.0,0,4.0,80.0,1023.6,False,ECMWF
2026-01-10T07:00:00Z,Karlsruhe_CCGT,0.7,2.7,69.0,0,51.0,42.0,1006.8,True,ACTUAL
2026-01-10T07:00:00Z,Landshut_OCGT,-1.2,1.5,89.0,0,36.0,68.0,1010.3,False,GFS
2026-01-10T07:00:00Z,Nordsee_Wind,-0.5,5.3,248.0,0,88.0,54.0,1009.3,True,GFS
2026-01-10T07:00:00Z,Augsburg_Solar,6.9,6.6,355.0,45.0,60.0,63.0,1023.8,True,GFS
2026-01-10T08:00:00Z,Karlsruhe_CCGT,0.5,2.6,101.0,0,65.0,56.0,1009.8,False,ACTUAL
2026-01-10T08:00:00Z,Landshut_OCGT,0.3,3.4,43.0,0,56.0,61.0,1014.5,True,GFS
2026-01-10T08:00:00Z,Nordsee_Wind,-5.8,2.5,324.0,0,58.0,73.0,1016.5,False,ACTUAL
2026-01-10T08:00:00Z,Augsburg_Solar,3.2,8.5,252.0,146.0,41.0,61.0,1008.2,False,ACTUAL
2026-01-10T09:00:00Z,Karlsruhe_CCGT,-8.9,6.0,358.0,0,48.0,72.0,1017.4,False,GFS
2026-01-10T09:00:00Z,Landshut_OCGT,0.1,7.1,267.0,0,2.0,63.0,1011.1,False,ACTUAL
2026-01-10T09:00:00Z,Nordsee_Wind,-0.5,10.3,219.0,0,86.0,52.0,1014.8,False,ECMWF
2026-01-10T09:00:00Z,Augsburg_Solar,-2.7,1.8,344.0,124.0,52.0,78.0,1012.0,False,GFS
2026-01-10T10:00:00Z,Karlsruhe_CCGT,5.4,1.5,162.0,0,52.0,86.0,1008.7,False,ECMWF
2026-01-10T10:00:00Z,Landshut_OCGT,2.5,2.1,243.0,0,37.0,59.0,1017.2,False,ECMWF
2026-01-10T10:00:00Z,Nordsee_Wind,-2.3,5.4,9.0,0,77.0,71.0,1017.8,False,GFS
2026-01-10T10:00:00Z,Augsburg_Solar,-3.6,1.0,206.0,252.0,25.0,60.0,1005.3,False,GFS
2026-01-10T11:00:00Z,Karlsruhe_CCGT,-5.7,7.0,139.0,0,47.0,81.0,1019.9,False,GFS
2026-01-10T11:00:00Z,Landshut_OCGT,-8.0,5.3,260.0,0,65.0,72.0,1015.0,True,ECMWF
2026-01-10T11:00:00Z,Nordsee_Wind,-4.8,14.5,337.0,0,39.0,64.0,1019.8,False,ECMWF
2026-01-10T11:00:00Z,Augsburg_Solar,-5.6,0,98.0,290.0,75.0,49.0,1005.8,True,GFS
2026-01-10T12:00:00Z,Karlsruhe_CCGT,-4.8,5.3,17.0,0,90.0,55.0,1009.4,False,ECMWF
2026-01-10T12:00:00Z,Landshut_OCGT,-6.2,4.5,291.0,0,26.0,50.0,1008.2,True,GFS
2026-01-10T12:00:00Z,Nordsee_Wind,-7.4,10.4,24.0,0,69.0,47.0,1019.7,False,ECMWF
2026-01-10T12:00:00Z,Augsburg_Solar,-8.4,4.1,278.0,315.0,61.0,34.0,1016.3,True,ACTUAL
2026-01-10T13:00:00Z,Karlsruhe_CCGT,-3.5,2.4,163.0,0,59.0,85.0,1021.0,True,GFS
2026-01-10T13:00:00Z,Landshut_OCGT,-10.0,2.6,12.0,0,31.0,79.0,1002.8,True,ECMWF
2026-01-10T13:00:00Z,Nordsee_Wind,-5.2,6.4,110.0,0,0,68.0,1008.8,False,GFS
2026-01-10T13:00:00Z,Augsburg_Solar,-1.2,0,318.0,478.0,30.0,56.0,1007.6,False,ACTUAL
2026-01-10T14:00:00Z,Karlsruhe_CCGT,-2.2,0,51.0,0,21.0,68.0,1016.6,True,ACTUAL
2026-01-10T14:00:00Z,Landshut_OCGT,-5.3,1.0,24.0,0,32.0,57.0,1019.4,True,ECMWF
2026-01-10T14:00:00Z,Nordsee_Wind,-11.8,9.5,27.0,0,75.0,69.0,1026.5,False,GFS
2026-01-10T14:00:00Z,Augsburg_Solar,-3.9,0.1,333.0,527.0,2.0,100,999.4,False,ECMWF
2026-01-10T15:00:00Z,Karlsruhe_CCGT,-9.3,6.7,68.0,0,74.0,54.0,1020.8,True,ACTUAL
2026-01-10T15:00:00Z,Landshut_OCGT,-10.6,6.4,289.0,0,63.0,93.0,1007.5,True,ECMWF
2026-01-10T15:00:00Z,Nordsee_Wind,-10.5,2.9,308.0,0,21.0,65.0,1007.1,True,ECMWF
2026-01-10T15:00:00Z,Augsburg_Solar,-5.0,0,234.0,517.0,20.0,48.0,1017.5,False,ACTUAL
2026-01-10T16:00:00Z,Karlsruhe_CCGT,-7.2,3.5,143.0,0,63.0,27.0,1013.7,False,ACTUAL
2026-01-10T16:00:00Z,Landshut_OCGT,-10.2,5.9,186.0,0,78.0,70.0,1009.7,False,ACTUAL
2026-01-10T16:00:00Z,Nordsee_Wind,-3.6,10.7,287.0,0,70.0,41.0,1002.3,True,GFS
2026-01-10T16:00:00Z,Augsburg_Solar,-14.8,0,255.0,406.0,30.0,55.0,1012.5,True,GFS
2026-01-10T17:00:00Z,Karlsruhe_CCGT,-7.9,2.6,109.0,0,53.0,44.0,1002.8,True,ECMWF
2026-01-10T17:00:00Z,Landshut_OCGT,-7.4,4.3,267.0,0,59.0,56.0,999.4,True,ACTUAL
2026-01-10T17:00:00Z,Nordsee_Wind,-9.0,9.0,334.0,0,97.0,75.0,1021.9,True,GFS
2026-01-10T17:00:00Z,Augsburg_Solar,-10.8,0.7,353.0,250.0,70.0,75.0,1022.4,True,GFS
2026-01-10T18:00:00Z,Karlsruhe_CCGT,-13.8,0.8,336.0,0,42.0,47.0,1015.3,False,ECMWF
2026-01-10T18:00:00Z,Landshut_OCGT,-7.2,0,275.0,0,24.0,47.0,1006.2,True,GFS
2026-01-10T18:00:00Z,Nordsee_Wind,-10.9,8.0,51.0,0,68.0,65.0,1005.1,True,ACTUAL
2026-01-10T18:00:00Z,Augsburg_Solar,-12.4,2.0,82.0,197.0,26.0,46.0,1016.9,True,ACTUAL
2026-01-10T19:00:00Z,Karlsruhe_CCGT,-10.8,0,321.0,0,34.0,55.0,1009.6,False,GFS
2026-01-10T19:00:00Z,Landshut_OCGT,-14.0,5.0,15.0,0,100,58.0,1033.3,False,ECMWF
2026-01-10T19:00:00Z,Nordsee_Wind,-13.7,12.9,342.0,0,55.0,38.0,1018.9,True,ECMWF
2026-01-10T19:00:00Z,Augsburg_Solar,-6.1,4.6,115.0,96.0,39.0,90.0,1018.8,False,GFS
2026-01-10T20:00:00Z,Karlsruhe_CCGT,-7.6,4.1,222.0,0,37.0,65.0,1026.3,False,ACTUAL
2026-01-10T20:00:00Z,Landshut_OCGT,-13.4,5.0,64.0,0,73.0,58.0,1016.5,False,GFS
2026-01-10T20:00:00Z,Nordsee_Wind,-9.9,5.6,315.0,0,46.0,77.0,1018.8,True,ECMWF
2026-01-10T20:00:00Z,Augsburg_Solar,-8.3,7.6,291.0,0.0,37.0,73.0,1012.2,False,ACTUAL
2026-01-10T21:00:00Z,Karlsruhe_CCGT,-9.4,6.1,123.0,0,62.0,49.0,994.8,False,ECMWF
2026-01-10T21:00:00Z,Landshut_OCGT,-9.1,1.4,358.0,0,40.0,82.0,1025.7,True,ECMWF
2026-01-10T21:00:00Z,Nordsee_Wind,-9.0,12.8,41.0,0,11.0,71.0,1004.7,False,ECMWF
2026-01-10T21:00:00Z,Augsburg_Solar,-9.1,0,92.0,0,62.0,46.0,1014.2,False,ECMWF
2026-01-10T22:00:00Z,Karlsruhe_CCGT,-11.5,1.9,314.0,0,3.0,55.0,1027.6,True,GFS
2026-01-10T22:00:00Z,Landshut_OCGT,-2.7,0.1,125.0,0,69.0,62.0,1018.0,False,ACTUAL
2026-01-10T22:00:00Z,Nordsee_Wind,-4.1,8.4,277.0,0,69.0,73.0,1028.3,True,GFS
2026-01-10T22:00:00Z,Augsburg_Solar,-9.2,2.3,32.0,0,51.0,72.0,1008.6,False,ECMWF
2026-01-10T23:00:00Z,Karlsruhe_CCGT,-3.6,3.4,280.0,0,45.0,57.0,1009.3,True,ACTUAL
2026-01-10T23:00:00Z,Landshut_OCGT,-11.9,0.1,9.0,0,23.0,81.0,998.3,True,GFS
2026-01-10T23:00:00Z,Nordsee_Wind,-10.3,10.3,15.0,0,57.0,61.0,1020.5,True,ECMWF
2026-01-10T23:00:00Z,Augsburg_Solar,-5.8,1.7,129.0,0,29.0,80.0,1001.4,False,ECMWF
2026-01-11T00:00:00Z,Karlsruhe_CCGT,-7.6,1.9,271.0,0,35.0,69.0,1020.2,False,ACTUAL
2026-01-11T00:00:00Z,Landshut_OCGT,-7.0,6.7,173.0,0,49.0,53.0,1023.3,True,GFS
2026-01-11T00:00:00Z,Nordsee_Wind,2.6,2.9,60.0,0,25.0,72.0,1012.8,True,ECMWF
2026-01-11T00:00:00Z,Augsburg_Solar,0.1,6.1,74.0,0,85.0,78.0,1015.0,True,ECMWF
2026-01-11T01:00:00Z,Karlsruhe_CCGT,-3.2,0.6,127.0,0,100,50.0,1000.6,False,GFS
2026-01-11T01:00:00Z,Landshut_OCGT,-1.4,6.8,133.0,0,36.0,79.0,995.7,False,ECMWF
2026-01-11T01:00:00Z,Nordsee_Wind,-10.5,6.9,203.0,0,0,45.0,1009.7,False,ACTUAL
2026-01-11T01:00:00Z,Augsburg_Solar,-3.4,0,113.0,0,62.0,58.0,1022.6,True,ACTUAL
2026-01-11T02:00:00Z,Karlsruhe_CCGT,-1.2,0.3,120.0,0,87.0,84.0,1017.3,False,GFS
2026-01-11T02:00:00Z,Landshut_OCGT,-3.1,0.5,276.0,0,55.0,62.0,1005.7,False,ACTUAL
2026-01-11T02:00:00Z,Nordsee_Wind,4.6,7.8,12.0,0,74.0,74.0,1016.7,False,GFS
2026-01-11T02:00:00Z,Augsburg_Solar,-2.9,0.5,151.0,0,49.0,51.0,1022.0,True,ECMWF
2026-01-11T03:00:00Z,Karlsruhe_CCGT,1.4,0,83.0,0,44.0,71.0,1014.2,False,ACTUAL
2026-01-11T03:00:00Z,Landshut_OCGT,-3.2,0,54.0,0,49.0,84.0,1003.6,False,GFS
2026-01-11T03:00:00Z,Nordsee_Wind,0.3,5.5,337.0,0,75.0,100,1018.6,True,ACTUAL
2026-01-11T03:00:00Z,Augsburg_Solar,-3.0,1.6,141.0,0,90.0,63.0,1018.5,True,ACTUAL
2026-01-11T04:00:00Z,Karlsruhe_CCGT,-3.3,4.4,284.0,0,98.0,57.0,1000.8,False,GFS
2026-01-11T04:00:00Z,Landshut_OCGT,0.0,0,332.0,0,54.0,61.0,1014.4,True,ECMWF
2026-01-11T04:00:00Z,Nordsee_Wind,3.9,6.3,341.0,0,48.0,79.0,1008.1,False,ECMWF
2026-01-11T04:00:00Z,Augsburg_Solar,-6.6,4.1,356.0,0,39.0,81.0,1021.5,False,ACTUAL
2026-01-11T05:00:00Z,Karlsruhe_CCGT,-1.0,0,23.0,0,22.0,67.0,1009.4,False,GFS
2026-01-11T05:00:00Z,Landshut_OCGT,3.7,1.3,264.0,0,41.0,74.0,1014.1,False,ECMWF
2026-01-11T05:00:00Z,Nordsee_Wind,0.6,10.6,112.0,0,95.0,75.0,1024.6,True,ACTUAL
2026-01-11T05:00:00Z,Augsburg_Solar,-3.9,3.2,74.0,0,44.0,82.0,1013.2,True,ECMWF
2026-01-11T06:00:00Z,Karlsruhe_CCGT,1.0,0,330.0,0,17.0,85.0,1022.9,True,GFS
2026-01-11T06:00:00Z,Landshut_OCGT,1.9,1.2,291.0,0,69.0,70.0,1016.6,False,GFS
2026-01-11T06:00:00Z,Nordsee_Wind,-1.2,10.1,239.0,0,37.0,85.0,1007.4,False,ACTUAL
2026-01-11T06:00:00Z,Augsburg_Solar,1.3,3.6,169.0,0,57.0,66.0,1003.7,True,ACTUAL
2026-01-11T07:00:00Z,Karlsruhe_CCGT,-1.4,2.4,331.0,0,50.0,84.0,1012.8,True,ACTUAL
2026-01-11T07:00:00Z,Landshut_OCGT,-4.1,1.4,220.0,0,45.0,74.0,1012.8,False,ECMWF
2026-01-11T07:00:00Z,Nordsee_Wind,-3.1,10.1,83.0,0,56.0,51.0,1028.0,True,GFS
2026-01-11T07:00:00Z,Augsburg_Solar,-0.2,2.4,291.0,110.0,13.0,36.0,1016.5,True,ACTUAL
2026-01-11T08:00:00Z,Karlsruhe_CCGT,-1.8,3.3,257.0,0,51.0,53.0,1007.0,True,ACTUAL
2026-01-11T08:00:00Z,Landshut_OCGT,3.7,1.5,263.0,0,30.0,84.0,1027.0,True,GFS
2026-01-11T08:00:00Z,Nordsee_Wind,2.6,5.2,270.0,0,59.0,59.0,1018.8,True,GFS
2026-01-11T08:00:00Z,Augsburg_Solar,3.0,9.7,11.0,137.0,33.0,84.0,1014.0,True,ECMWF
2026-01-11T09:00:00Z,Karlsruhe_CCGT,3.6,3.9,52.0,0,56.0,59.0,1015.7,False,ACTUAL
2026-01-11T09:00:00Z,Landshut_OCGT,-0.4,0,151.0,0,25.0,71.0,1004.2,True,GFS
2026-01-11T09:00:00Z,Nordsee_Wind,1.0,12.4,207.0,0,55.0,76.0,1010.7,False,ACTUAL
2026-01-11T09:00:00Z,Augsburg_Solar,-0.4,1.1,49.0,197.0,13.0,60.0,1017.0,True,ECMWF
2026-01-11T10:00:00Z,Karlsruhe_CCGT,-3.6,3.6,208.0,0,64.0,75.0,992.9,False,ECMWF
2026-01-11T10:00:00Z,Landshut_OCGT,1.4,5.0,279.0,0,85.0,77.0,1016.6,True,ECMWF
2026-01-11T10:00:00Z,Nordsee_Wind,-6.0,6.6,290.0,0,53.0,63.0,1022.0,False,ACTUAL
2026-01-11T10:00:00Z,Augsburg_Solar,-0.4,2.9,338.0,310.0,27.0,61.0,1013.2,False,ECMWF
2026-01-11T11:00:00Z,Karlsruhe_CCGT,-1.6,0,249.0,0,51.0,74.0,1006.5,False,ACTUAL
2026-01-11T11:00:00Z,Landshut_OCGT,-0.0,0,99.0,0,46.0,70.0,1013.9,True,ECMWF
2026-01-11T11:00:00Z,Nordsee_Wind,-4.1,9.3,0.0,0,60.0,50.0,1021.1,False,ECMWF
2026-01-11T11:00:00Z,Augsburg_Solar,-10.2,1.5,0.0,193.0,40.0,94.0,1000.1,True,ECMWF
2026-01-11T12:00:00Z,Karlsruhe_CCGT,0.8,3.0,101.0,0,32.0,72.0,998.9,False,GFS
2026-01-11T12:00:00Z,Landshut_OCGT,-5.3,4.5,107.0,0,14.0,63.0,1012.8,False,ACTUAL
2026-01-11T12:00:00Z,Nordsee_Wind,-4.4,11.0,143.0,0,13.0,76.0,1025.6,True,ECMWF
2026-01-11T12:00:00Z,Augsburg_Solar,2.3,1.8,205.0,353.0,64.0,69.0,1028.7,True,ECMWF
2026-01-11T13:00:00Z,Karlsruhe_CCGT,-3.4,0.8,245.0,0,57.0,60.0,1015.1,False,GFS
2026-01-11T13:00:00Z,Landshut_OCGT,-2.7,4.2,310.0,0,39.0,68.0,1016.6,True,ACTUAL
2026-01-11T13:00:00Z,Nordsee_Wind,-5.9,10.3,226.0,0,66.0,69.0,1013.2,True,ACTUAL
2026-01-11T13:00:00Z,Augsburg_Solar,-4.0,3.1,128.0,448.0,3.0,57.0,1000.9,False,ECMWF
2026-01-11T14:00:00Z,Karlsruhe_CCGT,-5.5,1.2,171.0,0,60.0,80.0,1009.9,False,GFS
2026-01-11T14:00:00Z,Landshut_OCGT,-10.8,0,84.0,0,79.0,62.0,1009.3,False,ACTUAL
2026-01-11T14:00:00Z,Nordsee_Wind,-2.6,8.1,229.0,0,41.0,64.0,1006.8,True,ACTUAL
2026-01-11T14:00:00Z,Augsburg_Solar,-3.5,2.5,225.0,480.0,37.0,83.0,1014.6,True,GFS
2026-01-11T15:00:00Z,Karlsruhe_CCGT,-6.4,4.7,257.0,0,62.0,62.0,1011.4,True,GFS
2026-01-11T15:00:00Z,Landshut_OCGT,-6.5,0,140.0,0,34.0,64.0,1011.0,False,GFS
2026-01-11T15:00:00Z,Nordsee_Wind,-7.8,7.2,298.0,0,75.0,45.0,1016.5,True,ECMWF
2026-01-11T15:00:00Z,Augsburg_Solar,-7.3,7.7,241.0,249.0,65.0,64.0,1009.4,True,GFS
2026-01-11T16:00:00Z,Karlsruhe_CCGT,-12.9,0.8,172.0,0,64.0,87.0,1015.5,False,GFS
2026-01-11T16:00:00Z,Landshut_OCGT,-11.0,3.5,325.0,0,49.0,73.0,1010.4,True,ECMWF
2026-01-11T16:00:00Z,Nordsee_Wind,-9.1,3.0,220.0,0,55.0,74.0,1005.9,True,ECMWF
2026-01-11T16:00:00Z,Augsburg_Solar,-11.3,0.9,116.0,186.0,27.0,87.0,1004.5,False,ACTUAL
2026-01-11T17:00:00Z,Karlsruhe_CCGT,-5.7,4.0,64.0,0,24.0,65.0,1008.6,True,GFS
2026-01-11T17:00:00Z,Landshut_OCGT,-11.9,5.5,182.0,0,55.0,58.0,1034.5,False,GFS
2026-01-11T17:00:00Z,Nordsee_Wind,-5.8,9.7,117.0,0,29.0,80.0,1029.1,True,ECMWF
2026-01-11T17:00:00Z,Augsburg_Solar,-8.8,0,346.0,191.0,63.0,52.0,1023.1,False,ACTUAL
2026-01-11T18:00:00Z,Karlsruhe_CCGT,-8.8,8.2,241.0,0,35.0,49.0,1013.1,True,GFS
2026-01-11T18:00:00Z,Landshut_OCGT,-11.5,5.5,25.0,0,83.0,66.0,1018.6,False,ACTUAL
2026-01-11T18:00:00Z,Nordsee_Wind,-8.9,10.7,140.0,0,19.0,73.0,1016.7,True,ACTUAL
2026-01-11T18:00:00Z,Augsburg_Solar,-10.5,4.7,190.0,214.0,80.0,56.0,1004.4,True,ECMWF
2026-01-11T19:00:00Z,Karlsruhe_CCGT,-11.0,6.7,38.0,0,63.0,96.0,1010.8,True,ACTUAL
2026-01-11T19:00:00Z,Landshut_OCGT,-9.0,1.2,85.0,0,62.0,66.0,1014.3,False,ECMWF
2026-01-11T19:00:00Z,Nordsee_Wind,-13.4,6.2,235.0,0,46.0,50.0,1001.5,False,ACTUAL
2026-01-11T19:00:00Z,Augsburg_Solar,-6.2,6.0,242.0,99.0,37.0,49.0,1028.5,True,GFS
2026-01-11T20:00:00Z,Karlsruhe_CCGT,-8.9,3.3,336.0,0,64.0,36.0,1024.1,False,ACTUAL
2026-01-11T20:00:00Z,Landshut_OCGT,-12.4,1.1,304.0,0,76.0,45.0,1005.1,False,ECMWF
2026-01-11T20:00:00Z,Nordsee_Wind,-10.3,10.0,15.0,0,29.0,98.0,1010.3,True,ECMWF
2026-01-11T20:00:00Z,Augsburg_Solar,-8.6,1.0,38.0,0.0,14.0,70.0,1015.1,False,ECMWF
2026-01-11T21:00:00Z,Karlsruhe_CCGT,-6.9,2.5,220.0,0,59.0,67.0,1014.1,False,ACTUAL
2026-01-11T21:00:00Z,Landshut_OCGT,-9.0,4.1,182.0,0,69.0,71.0,1002.0,True,ACTUAL
2026-01-11T21:00:00Z,Nordsee_Wind,-11.0,7.0,345.0,0,70.0,55.0,1011.4,True,ECMWF
2026-01-11T21:00:00Z,Augsburg_Solar,-6.2,5.3,200.0,0,34.0,55.0,1021.0,False,ECMWF
2026-01-11T22:00:00Z,Karlsruhe_CCGT,-8.8,3.5,118.0,0,0,70.0,1021.4,False,ECMWF
2026-01-11T22:00:00Z,Landshut_OCGT,-4.5,3.9,343.0,0,28.0,61.0,1023.5,True,GFS
2026-01-11T22:00:00Z,Nordsee_Wind,-1.8,5.9,67.0,0,0,51.0,1014.1,False,ACTUAL
2026-01-11T22:00:00Z,Augsburg_Solar,-5.9,5.5,299.0,0,48.0,66.0,1020.0,True,ECMWF
2026-01-11T23:00:00Z,Karlsruhe_CCGT,-5.1,2.5,183.0,0,74.0,59.0,1020.6,False,ECMWF
2026-01-11T23:00:00Z,Landshut_OCGT,-3.4,3.2,178.0,0,27.0,45.0,1017.3,False,ACTUAL
2026-01-11T23:00:00Z,Nordsee_Wind,-7.6,7.0,317.0,0,51.0,76.0,1010.8,False,ACTUAL
2026-01-11T23:00:00Z,Augsburg_Solar,-12.4,3.6,184.0,0,58.0,36.0,1011.6,False,ECMWF
2026-01-12T00:00:00Z,Karlsruhe_CCGT,-5.9,0.4,93.0,0,81.0,67.0,1011.8,True,ECMWF
2026-01-12T00:00:00Z,Landshut_OCGT,-3.9,0,114.0,0,61.0,82.0,1013.2,False,ECMWF
2026-01-12T00:00:00Z,Nordsee_Wind,1.0,7.7,337.0,0,43.0,57.0,1017.8,False,ECMWF
2026-01-12T00:00:00Z,Augsburg_Solar,-9.7,0.4,51.0,0,60.0,81.0,1003.7,False,ECMWF
2026-01-12T01:00:00Z,Karlsruhe_CCGT,-1.1,10.3,86.0,0,45.0,41.0,1012.0,False,ACTUAL
2026-01-12T01:00:00Z,Landshut_OCGT,-3.5,0.2,224.0,0,14.0,50.0,1004.4,False,ECMWF
2026-01-12T01:00:00Z,Nordsee_Wind,-7.4,5.2,43.0,0,21.0,77.0,1016.7,True,GFS
2026-01-12T01:00:00Z,Augsburg_Solar,-7.3,2.1,104.0,0,43.0,73.0,1016.3,False,ECMWF
2026-01-12T02:00:00Z,Karlsruhe_CCGT,-7.0,2.1,81.0,0,81.0,75.0,1017.3,True,GFS
2026-01-12T02:00:00Z,Landshut_OCGT,-3.1,0.7,307.0,0,41.0,96.0,1025.3,True,ACTUAL
2026-01-12T02:00:00Z,Nordsee_Wind,-0.0,13.9,202.0,0,59.0,68.0,998.5,False,ECMWF
2026-01-12T02:00:00Z,Augsburg_Solar,-5.7,4.8,285.0,0,50.0,69.0,1016.5,True,GFS
2026-01-12T03:00:00Z,Karlsruhe_CCGT,-2.3,0,180.0,0,0,79.0,1008.0,False,ACTUAL
2026-01-12T03:00:00Z,Landshut_OCGT,-4.5,4.2,327.0,0,0,52.0,1008.2,True,ECMWF
2026-01-12T03:00:00Z,Nordsee_Wind,-1.8,5.9,202.0,0,41.0,76.0,1009.6,False,GFS
2026-01-12T03:00:00Z,Augsburg_Solar,-1.5,0,262.0,0,53.0,71.0,1011.7,True,ACTUAL
2026-01-12T04:00:00Z,Karlsruhe_CCGT,1.9,7.0,22.0,0,86.0,62.0,1005.8,False,GFS
2026-01-12T04:00:00Z,Landshut_OCGT,-2.4,2.1,137.0,0,18.0,64.0,1007.6,True,GFS
2026-01-12T04:00:00Z,Nordsee_Wind,4.0,7.7,212.0,0,46.0,74.0,1010.7,True,GFS
2026-01-12T04:00:00Z,Augsburg_Solar,1.9,0,155.0,0,97.0,76.0,1014.6,True,ECMWF
2026-01-12T05:00:00Z,Karlsruhe_CCGT,0.4,0,226.0,0,55.0,76.0,1012.0,True,ACTUAL
2026-01-12T05:00:00Z,Landshut_OCGT,3.3,0,71.0,0,79.0,69.0,1002.5,True,GFS
2026-01-12T05:00:00Z,Nordsee_Wind,0.3,2.3,269.0,0,19.0,46.0,1021.8,False,GFS
2026-01-12T05:00:00Z,Augsburg_Solar,-3.4,5.7,110.0,0,63.0,52.0,1021.3,True,GFS
2026-01-12T06:00:00Z,Karlsruhe_CCGT,2.1,0,79.0,0,64.0,63.0,1019.8,True,ACTUAL
2026-01-12T06:00:00Z,Landshut_OCGT,1.1,3.5,272.0,0,52.0,67.0,1019.6,False,ECMWF
2026-01-12T06:00:00Z,Nordsee_Wind,-0.5,4.7,23.0,0,41.0,59.0,1013.2,True,GFS
2026-01-12T06:00:00Z,Augsburg_Solar,-1.6,1.6,55.0,0,51.0,63.0,1007.6,False,ACTUAL
2026-01-12T07:00:00Z,Karlsruhe_CCGT,1.6,2.7,33.0,0,65.0,63.0,1006.5,True,ECMWF
2026-01-12T07:00:00Z,Landshut_OCGT,0.6,6.6,4.0,0,11.0,73.0,1026.7,True,ECMWF
2026-01-12T07:00:00Z,Nordsee_Wind,-1.4,8.6,307.0,0,0,72.0,1003.7,True,ACTUAL
2026-01-12T07:00:00Z,Augsburg_Solar,-4.9,4.2,39.0,94.0,89.0,98.0,1013.3,True,GFS
2026-01-12T08:00:00Z,Karlsruhe_CCGT,-0.6,5.1,203.0,0,91.0,85.0,1012.5,False,ACTUAL
2026-01-12T08:00:00Z,Landshut_OCGT,-0.5,5.1,212.0,0,59.0,59.0,1007.0,False,ECMWF
2026-01-12T08:00:00Z,Nordsee_Wind,-2.4,6.8,76.0,0,57.0,64.0,1015.4,True,ECMWF
2026-01-12T08:00:00Z,Augsburg_Solar,0.3,3.6,225.0,168.0,91.0,71.0,1017.1,True,ECMWF
2026-01-12T09:00:00Z,Karlsruhe_CCGT,-0.5,3.9,211.0,0,63.0,85.0,1023.8,False,GFS
2026-01-12T09:00:00Z,Landshut_OCGT,-3.7,2.1,43.0,0,39.0,60.0,1010.8,True,ECMWF
2026-01-12T09:00:00Z,Nordsee_Wind,-5.9,3.9,138.0,0,31.0,85.0,1011.6,False,ECMWF
2026-01-12T09:00:00Z,Augsburg_Solar,-1.2,2.1,301.0,167.0,47.0,71.0,1011.2,False,GFS
2026-01-12T10:00:00Z,Karlsruhe_CCGT,-3.9,0,358.0,0,0,76.0,1000.8,False,GFS
2026-01-12T10:00:00Z,Landshut_OCGT,-2.1,2.4,195.0,0,78.0,57.0,1017.0,False,GFS
2026-01-12T10:00:00Z,Nordsee_Wind,-5.3,5.6,213.0,0,100,99.0,1003.3,False,ACTUAL
2026-01-12T10:00:00Z,Augsburg_Solar,-4.8,5.1,85.0,409.0,41.0,77.0,1009.4,False,ECMWF
2026-01-12T11:00:00Z,Karlsruhe_CCGT,-0.6,1.3,60.0,0,35.0,92.0,1013.8,True,ACTUAL
2026-01-12T11:00:00Z,Landshut_OCGT,-5.1,1.1,104.0,0,56.0,27.0,1010.4,True,ECMWF
2026-01-12T11:00:00Z,Nordsee_Wind,-4.0,7.5,142.0,0,93.0,68.0,1000.9,False,ACTUAL
2026-01-12T11:00:00Z,Augsburg_Solar,-2.8,5.9,167.0,221.0,51.0,63.0,994.8,False,ACTUAL
2026-01-12T12:00:00Z,Karlsruhe_CCGT,-3.7,5.9,179.0,0,32.0,84.0,1009.1,False,ACTUAL
2026-01-12T12:00:00Z,Landshut_OCGT,-4.4,1.6,84.0,0,51.0,65.0,1023.7,False,ACTUAL
2026-01-12T12:00:00Z,Nordsee_Wind,-8.8,11.4,34.0,0,55.0,39.0,1024.6,True,ECMWF
2026-01-12T12:00:00Z,Augsburg_Solar,-5.4,6.0,163.0,273.0,19.0,24.0,1014.8,True,ECMWF
2026-01-12T13:00:00Z,Karlsruhe_CCGT,0.4,2.6,15.0,0,49.0,79.0,1010.8,True,ACTUAL
2026-01-12T13:00:00Z,Landshut_OCGT,-3.6,2.1,140.0,0,9.0,51.0,1022.4,False,ACTUAL
2026-01-12T13:00:00Z,Nordsee_Wind,-9.9,6.8,171.0,0,100,56.0,1018.7,False,GFS
2026-01-12T13:00:00Z,Augsburg_Solar,-3.9,6.1,191.0,221.0,38.0,50.0,1011.0,True,ACTUAL
2026-01-12T14:00:00Z,Karlsruhe_CCGT,-14.0,3.8,299.0,0,22.0,66.0,1016.4,True,GFS
2026-01-12T14:00:00Z,Landshut_OCGT,-7.6,0.4,344.0,0,19.0,54.0,1011.0,False,GFS
2026-01-12T14:00:00Z,Nordsee_Wind,-6.6,5.4,7.0,0,28.0,37.0,1028.8,False,ECMWF
2026-01-12T14:00:00Z,Augsburg_Solar,-6.4,3.0,56.0,420.0,59.0,69.0,1020.3,False,ACTUAL
2026-01-12T15:00:00Z,Karlsruhe_CCGT,-8.2,0,244.0,0,76.0,52.0,996.5,True,ACTUAL
2026-01-12T15:00:00Z,Landshut_OCGT,-10.4,0,149.0,0,75.0,87.0,1015.9,False,ACTUAL
2026-01-12T15:00:00Z,Nordsee_Wind,-16.8,10.0,0.0,0,24.0,67.0,1003.1,False,ECMWF
2026-01-12T15:00:00Z,Augsburg_Solar,-0.2,3.2,102.0,499.0,17.0,51.0,1022.9,False,ECMWF
2026-01-12T16:00:00Z,Karlsruhe_CCGT,-11.1,3.3,183.0,0,82.0,62.0,1023.1,False,GFS
2026-01-12T16:00:00Z,Landshut_OCGT,-11.7,4.2,275.0,0,74.0,79.0,1001.4,False,ACTUAL
2026-01-12T16:00:00Z,Nordsee_Wind,-8.6,10.2,161.0,0,100,84.0,1010.6,False,GFS
2026-01-12T16:00:00Z,Augsburg_Solar,-9.1,2.7,239.0,313.0,37.0,58.0,1014.6,True,ECMWF
2026-01-12T17:00:00Z,Karlsruhe_CCGT,-10.1,0,335.0,0,35.0,51.0,1021.3,False,ECMWF
2026-01-12T17:00:00Z,Landshut_OCGT,-11.9,1.2,226.0,0,74.0,85.0,997.7,False,ACTUAL
2026-01-12T17:00:00Z,Nordsee_Wind,-9.2,10.3,357.0,0,22.0,81.0,1009.7,True,GFS
2026-01-12T17:00:00Z,Augsburg_Solar,-9.5,0,315.0,124.0,35.0,71.0,1001.8,False,ACTUAL
2026-01-12T18:00:00Z,Karlsruhe_CCGT,-10.3,1.3,341.0,0,10.0,47.0,993.4,True,ECMWF
2026-01-12T18:00:00Z,Landshut_OCGT,-12.3,4.5,315.0,0,43.0,64.0,1022.2,True,ACTUAL
2026-01-12T18:00:00Z,Nordsee_Wind,-12.8,6.9,228.0,0,29.0,76.0,1026.4,False,ACTUAL
2026-01-12T18:00:00Z,Augsburg_Solar,-14.1,5.6,294.0,187.0,35.0,63.0,1007.2,False,ACTUAL
2026-01-12T19:00:00Z,Karlsruhe_CCGT,-11.2,3.2,171.0,0,86.0,81.0,1021.9,True,ECMWF
2026-01-12T19:00:00Z,Landshut_OCGT,-8.2,3.9,56.0,0,16.0,37.0,1011.3,True,ECMWF
2026-01-12T19:00:00Z,Nordsee_Wind,-7.8,9.7,28.0,0,5.0,66.0,1010.8,True,ACTUAL
2026-01-12T19:00:00Z,Augsburg_Solar,-9.7,7.9,189.0,54.0,81.0,66.0,1007.2,False,GFS
2026-01-12T20:00:00Z,Karlsruhe_CCGT,-7.7,3.0,298.0,0,100,64.0,1021.3,True,ACTUAL
2026-01-12T20:00:00Z,Landshut_OCGT,-6.9,1.6,43.0,0,27.0,66.0,999.0,False,ECMWF
2026-01-12T20:00:00Z,Nordsee_Wind,-8.3,11.0,170.0,0,0,57.0,997.8,False,ACTUAL
2026-01-12T20:00:00Z,Augsburg_Solar,-10.4,0,342.0,0.0,39.0,59.0,1011.6,True,ACTUAL
2026-01-12T21:00:00Z,Karlsruhe_CCGT,-8.5,0,175.0,0,35.0,61.0,1000.5,False,ACTUAL
2026-01-12T21:00:00Z,Landshut_OCGT,-7.0,3.3,196.0,0,76.0,61.0,1018.0,False,ECMWF
2026-01-12T21:00:00Z,Nordsee_Wind,-8.1,8.9,247.0,0,72.0,63.0,1024.8,False,ECMWF
2026-01-12T21:00:00Z,Augsburg_Solar,-4.2,2.5,318.0,0,19.0,56.0,1010.3,True,ECMWF
2026-01-12T22:00:00Z,Karlsruhe_CCGT,-13.5,4.4,25.0,0,46.0,54.0,1016.6,True,GFS
2026-01-12T22:00:00Z,Landshut_OCGT,-7.0,7.3,276.0,0,90.0,48.0,1016.7,False,GFS
2026-01-12T22:00:00Z,Nordsee_Wind,-4.0,7.4,304.0,0,54.0,68.0,1016.3,False,GFS
2026-01-12T22:00:00Z,Augsburg_Solar,-1.2,4.2,251.0,0,69.0,56.0,1025.9,False,GFS
2026-01-12T23:00:00Z,Karlsruhe_CCGT,-8.2,0.6,91.0,0,69.0,50.0,1004.8,True,GFS
2026-01-12T23:00:00Z,Landshut_OCGT,-7.9,6.7,200.0,0,68.0,54.0,1011.5,False,GFS
2026-01-12T23:00:00Z,Nordsee_Wind,-5.1,3.1,232.0,0,81.0,59.0,1017.5,True,ACTUAL
2026-01-12T23:00:00Z,Augsburg_Solar,-3.5,2.5,230.0,0,45.0,62.0,1003.0,False,GFS
2026-01-13T00:00:00Z,Karlsruhe_CCGT,-4.4,1.8,282.0,0,82.0,47.0,1017.1,False,ECMWF
2026-01-13T00:00:00Z,Landshut_OCGT,-2.5,0,248.0,0,62.0,90.0,1005.9,False,ECMWF
2026-01-13T00:00:00Z,Nordsee_Wind,-6.4,7.4,79.0,0,47.0,64.0,1021.8,True,ACTUAL
2026-01-13T00:00:00Z,Augsburg_Solar,-7.8,2.9,156.0,0,3.0,60.0,1018.7,False,GFS
2026-01-13T01:00:00Z,Karlsruhe_CCGT,-0.0,5.9,187.0,0,44.0,80.0,1004.4,False,ECMWF
2026-01-13T01:00:00Z,Landshut_OCGT,-1.1,3.8,185.0,0,12.0,50.0,1012.6,False,ECMWF
2026-01-13T01:00:00Z,Nordsee_Wind,-0.3,12.0,222.0,0,92.0,57.0,1001.9,True,GFS
2026-01-13T01:00:00Z,Augsburg_Solar,-7.5,0,249.0,0,35.0,47.0,1004.8,True,GFS
2026-01-13T02:00:00Z,Karlsruhe_CCGT,1.6,7.5,278.0,0,73.0,66.0,1008.7,False,GFS
2026-01-13T02:00:00Z,Landshut_OCGT,2.3,4.8,262.0,0,95.0,47.0,1017.0,True,ECMWF
2026-01-13T02:00:00Z,Nordsee_Wind,-3.5,5.4,222.0,0,72.0,51.0,1007.0,False,ACTUAL
2026-01-13T02:00:00Z,Augsburg_Solar,-7.1,7.3,72.0,0,67.0,64.0,1004.6,True,GFS
2026-01-13T03:00:00Z,Karlsruhe_CCGT,-1.1,2.3,75.0,0,59.0,61.0,1010.9,False,GFS
2026-01-13T03:00:00Z,Landshut_OCGT,2.2,7.4,151.0,0,54.0,77.0,1017.8,True,GFS
2026-01-13T03:00:00Z,Nordsee_Wind,1.3,7.2,185.0,0,60.0,57.0,1022.1,False,ACTUAL
2026-01-13T03:00:00Z,Augsburg_Solar,-2.0,5.9,261.0,0,52.0,78.0,1013.5,False,ACTUAL
2026-01-13T04:00:00Z,Karlsruhe_CCGT,-5.1,0,354.0,0,17.0,68.0,1014.6,True,ACTUAL
2026-01-13T04:00:00Z,Landshut_OCGT,-3.4,3.4,221.0,0,73.0,58.0,1017.7,False,GFS
2026-01-13T04:00:00Z,Nordsee_Wind,1.6,3.9,0.0,0,43.0,83.0,1011.7,True,ECMWF
2026-01-13T04:00:00Z,Augsburg_Solar,3.1,5.2,354.0,0,32.0,73.0,1021.8,True,ECMWF
2026-01-13T05:00:00Z,Karlsruhe_CCGT,-4.6,0.8,87.0,0,23.0,79.0,1015.4,False,ECMWF
2026-01-13T05:00:00Z,Landshut_OCGT,3.2,3.4,82.0,0,28.0,60.0,1005.3,True,GFS
2026-01-13T05:00:00Z,Nordsee_Wind,2.1,6.4,285.0,0,21.0,77.0,1017.5,True,ECMWF
2026-01-13T05:00:00Z,Augsburg_Solar,-0.4,3.4,34.0,0,71.0,80.0,1017.5,True,ACTUAL
2026-01-13T06:00:00Z,Karlsruhe_CCGT,1.5,4.3,338.0,0,50.0,84.0,1013.1,True,ECMWF
2026-01-13T06:00:00Z,Landshut_OCGT,0.8,0,234.0,0,96.0,76.0,1015.6,False,ECMWF
2026-01-13T06:00:00Z,Nordsee_Wind,1.5,2.8,337.0,0,44.0,76.0,1011.2,False,GFS
2026-01-13T06:00:00Z,Augsburg_Solar,-3.1,7.9,340.0,0,83.0,58.0,1007.2,False,ECMWF
2026-01-13T07:00:00Z,Karlsruhe_CCGT,7.0,2.4,341.0,0,56.0,79.0,1008.3,False,ECMWF
2026-01-13T07:00:00Z,Landshut_OCGT,-3.3,11.4,111.0,0,100,48.0,1025.0,True,ACTUAL
2026-01-13T07:00:00Z,Nordsee_Wind,0.5,8.2,34.0,0,0,52.0,1015.7,True,ECMWF
2026-01-13T07:00:00Z,Augsburg_Solar,-4.9,0,136.0,42.0,39.0,74.0,1013.4,False,ECMWF
2026-01-13T08:00:00Z,Karlsruhe_CCGT,-0.1,4.6,175.0,0,53.0,59.0,999.2,False,GFS
2026-01-13T08:00:00Z,Landshut_OCGT,5.7,5.0,194.0,0,41.0,55.0,1005.2,True,GFS
2026-01-13T08:00:00Z,Nordsee_Wind,-0.7,6.5,30.0,0,41.0,81.0,1017.7,True,GFS
2026-01-13T08:00:00Z,Augsburg_Solar,0.5,2.5,273.0,180.0,0,56.0,1003.9,True,GFS
2026-01-13T09:00:00Z,Karlsruhe_CCGT,4.5,2.8,261.0,0,71.0,50.0,1010.0,False,ECMWF
2026-01-13T09:00:00Z,Landshut_OCGT,-2.6,0.5,158.0,0,76.0,58.0,1013.1,True,ACTUAL
2026-01-13T09:00:00Z,Nordsee_Wind,1.0,5.9,326.0,0,70.0,60.0,1024.5,True,ACTUAL
2026-01-13T09:00:00Z,Augsburg_Solar,-3.3,3.8,292.0,121.0,61.0,49.0,1007.8,False,ECMWF
2026-01-13T10:00:00Z,Karlsruhe_CCGT,0.4,5.2,46.0,0,59.0,48.0,1020.2,False,ACTUAL
2026-01-13T10:00:00Z,Landshut_OCGT,0.4,0,73.0,0,75.0,82.0,1018.2,False,GFS
2026-01-13T10:00:00Z,Nordsee_Wind,3.4,10.0,28.0,0,82.0,74.0,1017.5,True,ECMWF
2026-01-13T10:00:00Z,Augsburg_Solar,3.1,3.7,56.0,287.0,19.0,65.0,1011.2,True,GFS
2026-01-13T11:00:00Z,Karlsruhe_CCGT,-5.4,1.9,178.0,0,41.0,61.0,1020.7,True,ECMWF
2026-01-13T11:00:00Z,Landshut_OCGT,-8.4,14.1,122.0,0,28.0,57.0,1011.0,False,ECMWF
2026-01-13T11:00:00Z,Nordsee_Wind,0.2,5.1,354.0,0,90.0,69.0,1003.3,False,GFS
2026-01-13T11:00:00Z,Augsburg_Solar,2.9,3.6,108.0,357.0,32.0,96.0,1012.6,False,GFS
2026-01-13T12:00:00Z,Karlsruhe_CCGT,-1.6,3.2,172.0,0,71.0,98.0,1014.1,False,ACTUAL
2026-01-13T12:00:00Z,Landshut_OCGT,-3.5,1.3,301.0,0,23.0,48.0,1024.4,False,ACTUAL
2026-01-13T12:00:00Z,Nordsee_Wind,-6.0,7.4,183.0,0,43.0,73.0,1005.2,True,ACTUAL
2026-01-13T12:00:00Z,Augsburg_Solar,-4.8,2.5,174.0,481.0,54.0,57.0,1026.2,False,ACTUAL
2026-01-13T13:00:00Z,Karlsruhe_CCGT,-3.3,7.5,182.0,0,33.0,48.0,1008.1,False,ECMWF
2026-01-13T13:00:00Z,Landshut_OCGT,0.3,1.7,324.0,0,23.0,58.0,1011.1,True,ECMWF
2026-01-13T13:00:00Z,Nordsee_Wind,-0.5,15.4,66.0,0,33.0,89.0,1012.0,False,ACTUAL
2026-01-13T13:00:00Z,Augsburg_Solar,-8.5,0.4,23.0,292.0,80.0,59.0,1003.4,True,GFS
2026-01-13T14:00:00Z,Karlsruhe_CCGT,-10.1,3.7,184.0,0,67.0,68.0,1011.8,False,ACTUAL
2026-01-13T14:00:00Z,Landshut_OCGT,-4.5,4.9,62.0,0,12.0,52.0,1016.9,True,GFS
2026-01-13T14:00:00Z,Nordsee_Wind,-0.5,13.1,206.0,0,73.0,71.0,1014.5,True,GFS
2026-01-13T14:00:00Z,Augsburg_Solar,-5.4,0.1,336.0,479.0,48.0,72.0,1021.8,True,ECMWF
2026-01-13T15:00:00Z,Karlsruhe_CCGT,-13.5,8.3,152.0,0,17.0,21.0,996.2,False,ACTUAL
2026-01-13T15:00:00Z,Landshut_OCGT,-8.6,1.2,23.0,0,58.0,65.0,1014.0,False,ACTUAL
2026-01-13T15:00:00Z,Nordsee_Wind,-10.1,6.5,248.0,0,83.0,88.0,1014.9,False,GFS
2026-01-13T15:00:00Z,Augsburg_Solar,-8.4,8.4,115.0,511.0,81.0,66.0,1012.6,False,ACTUAL
2026-01-13T16:00:00Z,Karlsruhe_CCGT,-13.4,2.4,271.0,0,74.0,42.0,1004.3,True,GFS
2026-01-13T16:00:00Z,Landshut_OCGT,-2.7,3.8,102.0,0,55.0,75.0,1020.2,False,ECMWF
2026-01-13T16:00:00Z,Nordsee_Wind,-6.8,3.8,354.0,0,23.0,59.0,1030.8,True,ACTUAL
2026-01-13T16:00:00Z,Augsburg_Solar,-10.0,2.0,123.0,264.0,54.0,89.0,1019.4,False,GFS
2026-01-13T17:00:00Z,Karlsruhe_CCGT,-14.3,4.4,218.0,0,20.0,88.0,1010.3,True,GFS
2026-01-13T17:00:00Z,Landshut_OCGT,-7.4,4.2,202.0,0,58.0,63.0,1005.2,False,ECMWF
2026-01-13T17:00:00Z,Nordsee_Wind,-9.2,7.2,123.0,0,27.0,64.0,1012.0,True,ACTUAL
2026-01-13T17:00:00Z,Augsburg_Solar,-6.3,6.2,216.0,323.0,92.0,36.0,1017.0,False,ECMWF
2026-01-13T18:00:00Z,Karlsruhe_CCGT,-9.3,4.0,295.0,0,27.0,72.0,1002.8,True,ECMWF
2026-01-13T18:00:00Z,Landshut_OCGT,-11.7,3.4,93.0,0,88.0,56.0,1011.3,True,GFS
2026-01-13T18:00:00Z,Nordsee_Wind,-12.0,6.6,89.0,0,95.0,86.0,1011.2,False,ACTUAL
2026-01-13T18:00:00Z,Augsburg_Solar,-8.9,7.7,268.0,161.0,34.0,55.0,1008.9,False,ACTUAL
2026-01-13T19:00:00Z,Karlsruhe_CCGT,-12.4,0,1.0,0,59.0,30.0,996.9,True,ACTUAL
2026-01-13T19:00:00Z,Landshut_OCGT,-11.8,0,231.0,0,14.0,37.0,1021.8,False,GFS
2026-01-13T19:00:00Z,Nordsee_Wind,-9.1,6.0,16.0,0,36.0,74.0,1016.3,True,ACTUAL
2026-01-13T19:00:00Z,Augsburg_Solar,-11.8,4.0,80.0,48.0,52.0,39.0,1019.4,True,ECMWF
2026-01-13T20:00:00Z,Karlsruhe_CCGT,-9.9,1.6,60.0,0,23.0,66.0,1013.6,False,ACTUAL
2026-01-13T20:00:00Z,Landshut_OCGT,-6.2,2.8,169.0,0,81.0,54.0,1020.0,False,ECMWF
2026-01-13T20:00:00Z,Nordsee_Wind,-7.4,10.0,146.0,0,78.0,49.0,1015.4,True,ACTUAL
2026-01-13T20:00:00Z,Augsburg_Solar,-7.5,4.4,71.0,0.0,21.0,68.0,1014.9,False,GFS
2026-01-13T21:00:00Z,Karlsruhe_CCGT,-9.1,3.3,96.0,0,65.0,45.0,1005.0,True,GFS
2026-01-13T21:00:00Z,Landshut_OCGT,-4.0,2.3,53.0,0,71.0,66.0,1014.1,False,ACTUAL
2026-01-13T21:00:00Z,Nordsee_Wind,-5.4,6.3,83.0,0,77.0,76.0,1017.8,True,ACTUAL
2026-01-13T21:00:00Z,Augsburg_Solar,-4.0,0.4,345.0,0,59.0,99.0,999.9,True,ACTUAL
2026-01-13T22:00:00Z,Karlsruhe_CCGT,-12.1,3.2,74.0,0,49.0,56.0,1020.7,True,GFS
2026-01-13T22:00:00Z,Landshut_OCGT,-7.8,0,175.0,0,4.0,38.0,1016.2,False,GFS
2026-01-13T22:00:00Z,Nordsee_Wind,-7.0,3.5,198.0,0,14.0,69.0,1010.6,True,ECMWF
2026-01-13T22:00:00Z,Augsburg_Solar,-5.8,2.3,75.0,0,36.0,52.0,1019.6,False,ECMWF
2026-01-13T23:00:00Z,Karlsruhe_CCGT,-5.9,2.4,177.0,0,50.0,69.0,1018.2,True,ECMWF
2026-01-13T23:00:00Z,Landshut_OCGT,-1.8,2.9,173.0,0,69.0,76.0,1013.9,True,ECMWF
2026-01-13T23:00:00Z,Nordsee_Wind,-6.6,7.8,135.0,0,68.0,100,1019.8,False,GFS
2026-01-13T23:00:00Z,Augsburg_Solar,-4.9,0,261.0,0,69.0,42.0,1023.9,True,GFS
2026-01-14T00:00:00Z,Karlsruhe_CCGT,-7.6,0.6,17.0,0,73.0,58.0,1014.8,True,ACTUAL
2026-01-14T00:00:00Z,Landshut_OCGT,-0.9,7.1,345.0,0,55.0,60.0,1007.5,False,ACTUAL
2026-01-14T00:00:00Z,Nordsee_Wind,-5.2,7.1,148.0,0,63.0,56.0,1015.1,True,GFS
2026-01-14T00:00:00Z,Augsburg_Solar,-2.0,5.0,160.0,0,50.0,85.0,1008.5,True,ACTUAL
2026-01-14T01:00:00Z,Karlsruhe_CCGT,-2.7,1.8,225.0,0,38.0,59.0,1011.5,False,ECMWF
2026-01-14T01:00:00Z,Landshut_OCGT,-2.8,1.3,197.0,0,10.0,81.0,1026.8,True,ECMWF
2026-01-14T01:00:00Z,Nordsee_Wind,-0.4,6.4,61.0,0,56.0,69.0,999.4,True,ECMWF
2026-01-14T01:00:00Z,Augsburg_Solar,-5.3,8.4,47.0,0,6.0,62.0,1008.8,True,GFS
2026-01-14T02:00:00Z,Karlsruhe_CCGT,2.8,9.5,330.0,0,29.0,54.0,1010.9,False,GFS
2026-01-14T02:00:00Z,Landshut_OCGT,-4.1,1.0,330.0,0,69.0,67.0,1016.9,True,GFS
2026-01-14T02:00:00Z,Nordsee_Wind,-3.6,3.2,227.0,0,9.0,55.0,1015.1,True,GFS
2026-01-14T02:00:00Z,Augsburg_Solar,-2.3,1.6,259.0,0,44.0,37.0,1016.6,False,ACTUAL
2026-01-14T03:00:00Z,Karlsruhe_CCGT,-1.9,9.7,228.0,0,70.0,47.0,1012.0,False,GFS
2026-01-14T03:00:00Z,Landshut_OCGT,0.7,3.1,25.0,0,11.0,46.0,1019.2,False,ECMWF
2026-01-14T03:00:00Z,Nordsee_Wind,-1.6,6.1,144.0,0,55.0,68.0,1014.2,False,ECMWF
2026-01-14T03:00:00Z,Augsburg_Solar,-2.4,1.7,336.0,0,0,81.0,1015.3,False,GFS
2026-01-14T04:00:00Z,Karlsruhe_CCGT,2.8,6.3,189.0,0,52.0,64.0,1011.4,True,ECMWF
2026-01-14T04:00:00Z,Landshut_OCGT,-1.4,2.3,137.0,0,28.0,93.0,1014.0,True,ACTUAL
2026-01-14T04:00:00Z,Nordsee_Wind,2.4,9.2,224.0,0,71.0,100,1000.5,True,GFS
2026-01-14T04:00:00Z,Augsburg_Solar,5.7,0,351.0,0,31.0,48.0,1013.1,False,ECMWF
2026-01-14T05:00:00Z,Karlsruhe_CCGT,-0.1,0,58.0,0,78.0,50.0,1017.2,True,GFS
2026-01-14T05:00:00Z,Landshut_OCGT,4.7,4.9,33.0,0,58.0,56.0,997.3,True,GFS
2026-01-14T05:00:00Z,Nordsee_Wind,-0.2,7.5,33.0,0,49.0,68.0,1009.1,False,GFS
2026-01-14T05:00:00Z,Augsburg_Solar,0.7,2.0,127.0,0,88.0,100,1008.5,False,GFS
2026-01-14T06:00:00Z,Karlsruhe_CCGT,4.3,3.1,168.0,0,40.0,47.0,1003.9,True,ACTUAL
2026-01-14T06:00:00Z,Landshut_OCGT,8.7,4.9,188.0,0,36.0,62.0,1013.0,True,ACTUAL
2026-01-14T06:00:00Z,Nordsee_Wind,2.7,7.6,103.0,0,65.0,77.0,1012.9,True,GFS
2026-01-14T06:00:00Z,Augsburg_Solar,3.1,0.4,300.0,0,75.0,66.0,1003.0,False,ACTUAL
2026-01-14T07:00:00Z,Karlsruhe_CCGT,0.5,0,260.0,0,6.0,61.0,999.5,False,ACTUAL
2026-01-14T07:00:00Z,Landshut_OCGT,-2.9,0.9,231.0,0,15.0,55.0,1017.2,True,GFS
2026-01-14T07:00:00Z,Nordsee_Wind,2.0,6.1,267.0,0,70.0,58.0,998.6,True,GFS
2026-01-14T07:00:00Z,Augsburg_Solar,-1.6,2.6,44.0,63.0,85.0,54.0,1002.9,False,ACTUAL
2026-01-14T08:00:00Z,Karlsruhe_CCGT,1.6,4.9,0.0,0,32.0,68.0,1003.5,False,GFS
2026-01-14T08:00:00Z,Landshut_OCGT,6.0,6.7,337.0,0,85.0,73.0,1019.2,False,ECMWF
2026-01-14T08:00:00Z,Nordsee_Wind,-2.4,10.8,298.0,0,43.0,68.0,1017.8,True,GFS
2026-01-14T08:00:00Z,Augsburg_Solar,-1.6,1.5,116.0,149.0,81.0,78.0,1009.1,False,ECMWF
2026-01-14T09:00:00Z,Karlsruhe_CCGT,-0.4,3.5,125.0,0,36.0,62.0,1013.9,True,GFS
2026-01-14T09:00:00Z,Landshut_OCGT,-1.3,2.9,59.0,0,78.0,44.0,1020.7,False,ECMWF
2026-01-14T09:00:00Z,Nordsee_Wind,6.1,9.1,51.0,0,6.0,56.0,1013.7,True,ACTUAL
2026-01-14T09:00:00Z,Augsburg_Solar,0.4,1.5,144.0,255.0,62.0,59.0,1025.7,True,GFS
2026-01-14T10:00:00Z,Karlsruhe_CCGT,-7.3,0.2,353.0,0,87.0,53.0,1012.9,True,ECMWF
2026-01-14T10:00:00Z,Landshut_OCGT,-4.8,6.7,342.0,0,54.0,69.0,1020.4,False,ECMWF
2026-01-14T10:00:00Z,Nordsee_Wind,-5.2,8.7,277.0,0,62.0,79.0,1015.3,True,ECMWF
2026-01-14T10:00:00Z,Augsburg_Solar,1.8,5.4,236.0,237.0,51.0,55.0,1004.3,True,ACTUAL
2026-01-14T11:00:00Z,Karlsruhe_CCGT,-8.5,0.8,35.0,0,75.0,37.0,1021.3,False,GFS
2026-01-14T11:00:00Z,Landshut_OCGT,-1.3,0.2,70.0,0,82.0,73.0,1012.8,False,GFS
2026-01-14T11:00:00Z,Nordsee_Wind,-8.3,7.7,267.0,0,78.0,78.0,1016.4,False,ACTUAL
2026-01-14T11:00:00Z,Augsburg_Solar,-2.2,0,203.0,314.0,30.0,71.0,1020.5,False,ACTUAL
2026-01-14T12:00:00Z,Karlsruhe_CCGT,-7.5,0,292.0,0,92.0,48.0,1017.4,True,GFS
2026-01-14T12:00:00Z,Landshut_OCGT,-4.7,4.7,224.0,0,43.0,77.0,1008.7,False,ACTUAL
2026-01-14T12:00:00Z,Nordsee_Wind,-5.1,14.8,168.0,0,73.0,71.0,1034.7,False,ECMWF
2026-01-14T12:00:00Z,Augsburg_Solar,-4.8,5.8,341.0,511.0,48.0,70.0,1011.5,False,ECMWF
2026-01-14T13:00:00Z,Karlsruhe_CCGT,-4.8,4.3,314.0,0,54.0,83.0,1003.3,False,ACTUAL
2026-01-14T13:00:00Z,Landshut_OCGT,-7.4,4.5,130.0,0,36.0,85.0,1016.4,True,ACTUAL
2026-01-14T13:00:00Z,Nordsee_Wind,-4.4,7.8,332.0,0,50.0,68.0,1006.5,False,ECMWF
2026-01-14T13:00:00Z,Augsburg_Solar,-4.2,9.1,62.0,564.0,36.0,79.0,1014.7,True,ECMWF
2026-01-14T14:00:00Z,Karlsruhe_CCGT,-5.1,2.0,149.0,0,100,44.0,1025.5,True,GFS
2026-01-14T14:00:00Z,Landshut_OCGT,-5.2,5.1,89.0,0,100,41.0,997.9,True,GFS
2026-01-14T14:00:00Z,Nordsee_Wind,-5.9,6.4,229.0,0,61.0,71.0,1020.7,True,ECMWF
2026-01-14T14:00:00Z,Augsburg_Solar,-0.4,2.5,225.0,407.0,0,73.0,1018.2,True,ACTUAL
2026-01-14T15:00:00Z,Karlsruhe_CCGT,-11.2,0,277.0,0,38.0,74.0,1009.4,False,ECMWF
2026-01-14T15:00:00Z,Landshut_OCGT,-9.2,1.0,182.0,0,67.0,43.0,1023.6,True,ECMWF
2026-01-14T15:00:00Z,Nordsee_Wind,-10.1,13.3,122.0,0,31.0,40.0,1022.3,False,ECMWF
2026-01-14T15:00:00Z,Augsburg_Solar,-1.9,5.9,212.0,286.0,67.0,74.0,1010.5,False,GFS
2026-01-14T16:00:00Z,Karlsruhe_CCGT,-16.6,0.5,193.0,0,4.0,51.0,1017.3,False,ACTUAL
2026-01-14T16:00:00Z,Landshut_OCGT,-11.8,0.3,317.0,0,39.0,79.0,1008.4,True,ACTUAL
2026-01-14T16:00:00Z,Nordsee_Wind,-5.5,7.4,17.0,0,40.0,59.0,1011.9,True,GFS
2026-01-14T16:00:00Z,Augsburg_Solar,-11.3,1.8,324.0,243.0,20.0,56.0,1000.0,True,GFS
2026-01-14T17:00:00Z,Karlsruhe_CCGT,-9.4,4.4,234.0,0,31.0,51.0,997.7,False,GFS
2026-01-14T17:00:00Z,Landshut_OCGT,-14.4,3.4,190.0,0,4.0,66.0,1015.0,False,ECMWF
2026-01-14T17:00:00Z,Nordsee_Wind,-3.3,3.1,10.0,0,12.0,78.0,1025.1,False,ECMWF
2026-01-14T17:00:00Z,Augsburg_Solar,-6.6,3.8,36.0,181.0,17.0,58.0,1010.5,False,ACTUAL
2026-01-14T18:00:00Z,Karlsruhe_CCGT,-8.9,8.5,167.0,0,52.0,50.0,1011.4,True,ACTUAL
2026-01-14T18:00:00Z,Landshut_OCGT,-11.5,0.4,36.0,0,22.0,65.0,1013.8,True,ECMWF
2026-01-14T18:00:00Z,Nordsee_Wind,-7.7,1.1,47.0,0,36.0,76.0,999.7,False,ECMWF
2026-01-14T18:00:00Z,Augsburg_Solar,-6.3,3.0,8.0,86.0,15.0,67.0,995.8,False,GFS
2026-01-14T19:00:00Z,Karlsruhe_CCGT,-13.9,7.4,76.0,0,33.0,80.0,1002.5,False,ACTUAL
2026-01-14T19:00:00Z,Landshut_OCGT,-5.9,5.6,65.0,0,61.0,78.0,1027.4,True,GFS
2026-01-14T19:00:00Z,Nordsee_Wind,-10.8,5.6,301.0,0,40.0,56.0,1015.5,False,GFS
2026-01-14T19:00:00Z,Augsburg_Solar,-10.4,0,315.0,128.0,46.0,53.0,1018.8,True,ACTUAL
2026-01-14T20:00:00Z,Karlsruhe_CCGT,-10.7,5.1,211.0,0,41.0,45.0,1021.5,True,ACTUAL
2026-01-14T20:00:00Z,Landshut_OCGT,-8.2,8.2,330.0,0,3.0,64.0,1011.0,False,ACTUAL
2026-01-14T20:00:00Z,Nordsee_Wind,-10.1,4.1,135.0,0,86.0,54.0,1000.7,True,ACTUAL
2026-01-14T20:00:00Z,Augsburg_Solar,-7.8,1.0,23.0,0.0,75.0,78.0,1001.7,False,ACTUAL
2026-01-14T21:00:00Z,Karlsruhe_CCGT,-9.6,3.5,315.0,0,61.0,64.0,1023.3,False,ACTUAL
2026-01-14T21:00:00Z,Landshut_OCGT,-5.2,7.6,157.0,0,57.0,68.0,1015.9,True,ACTUAL
2026-01-14T21:00:00Z,Nordsee_Wind,-10.3,9.8,77.0,0,41.0,71.0,1001.2,True,ACTUAL
2026-01-14T21:00:00Z,Augsburg_Solar,-9.6,2.7,359.0,0,34.0,59.0,1018.7,True,ECMWF
2026-01-14T22:00:00Z,Karlsruhe_CCGT,-2.8,5.4,280.0,0,27.0,56.0,1018.4,True,ACTUAL
2026-01-14T22:00:00Z,Landshut_OCGT,0.1,3.2,49.0,0,58.0,74.0,1020.4,True,ACTUAL
2026-01-14T22:00:00Z,Nordsee_Wind,-4.3,2.7,260.0,0,46.0,85.0,1020.8,True,GFS
2026-01-14T22:00:00Z,Augsburg_Solar,-5.8,1.5,239.0,0,58.0,46.0,1017.7,False,GFS
2026-01-14T23:00:00Z,Karlsruhe_CCGT,-6.9,3.2,62.0,0,60.0,53.0,1011.4,True,ECMWF
2026-01-14T23:00:00Z,Landshut_OCGT,-2.9,4.2,264.0,0,100,72.0,1005.8,True,GFS
2026-01-14T23:00:00Z,Nordsee_Wind,-8.8,7.0,285.0,0,72.0,70.0,1006.5,False,ECMWF
2026-01-14T23:00:00Z,Augsburg_Solar,-1.3,4.0,29.0,0,2.0,79.0,1018.9,False,ACTUAL
2026-01-15T00:00:00Z,Karlsruhe_CCGT,-7.7,1.1,240.0,0,30.0,71.0,1020.1,True,GFS
2026-01-15T00:00:00Z,Landshut_OCGT,-3.6,4.5,328.0,0,16.0,51.0,1023.4,True,ACTUAL
2026-01-15T00:00:00Z,Nordsee_Wind,-5.1,6.8,156.0,0,23.0,63.0,1016.9,False,ACTUAL
2026-01-15T00:00:00Z,Augsburg_Solar,-7.6,7.8,323.0,0,51.0,62.0,1027.6,True,ACTUAL
2026-01-15T01:00:00Z,Karlsruhe_CCGT,-3.8,4.0,258.0,0,58.0,93.0,1013.0,True,ECMWF
2026-01-15T01:00:00Z,Landshut_OCGT,-10.6,4.7,79.0,0,49.0,66.0,1009.1,True,ECMWF
2026-01-15T01:00:00Z,Nordsee_Wind,-5.3,8.3,297.0,0,84.0,53.0,1017.0,False,ACTUAL
2026-01-15T01:00:00Z,Augsburg_Solar,-4.2,2.5,268.0,0,45.0,72.0,1023.5,False,ACTUAL
2026-01-15T02:00:00Z,Karlsruhe_CCGT,1.2,4.6,216.0,0,23.0,37.0,1004.1,True,ECMWF
2026-01-15T02:00:00Z,Landshut_OCGT,-3.5,4.3,64.0,0,41.0,64.0,1018.8,False,ECMWF
2026-01-15T02:00:00Z,Nordsee_Wind,0.2,5.3,191.0,0,73.0,51.0,1008.7,False,ACTUAL
2026-01-15T02:00:00Z,Augsburg_Solar,-2.4,0.9,150.0,0,81.0,55.0,1005.3,False,ECMWF
2026-01-15T03:00:00Z,Karlsruhe_CCGT,-4.6,0,21.0,0,83.0,51.0,1022.9,True,ECMWF
2026-01-15T03:00:00Z,Landshut_OCGT,-1.6,1.7,192.0,0,53.0,72.0,1000.6,True,GFS
2026-01-15T03:00:00Z,Nordsee_Wind,-3.0,5.7,324.0,0,69.0,59.0,1011.0,True,ECMWF
2026-01-15T03:00:00Z,Augsburg_Solar,1.4,2.7,52.0,0,18.0,82.0,1015.1,True,ECMWF
2026-01-15T04:00:00Z,Karlsruhe_CCGT,-2.4,0,78.0,0,29.0,61.0,1002.0,False,ECMWF
2026-01-15T04:00:00Z,Landshut_OCGT,-1.2,7.6,111.0,0,89.0,88.0,1015.3,True,ACTUAL
2026-01-15T04:00:00Z,Nordsee_Wind,0.9,8.4,291.0,0,47.0,38.0,1015.0,False,ECMWF
2026-01-15T04:00:00Z,Augsburg_Solar,1.4,0,284.0,0,22.0,70.0,1004.9,False,ECMWF
2026-01-15T05:00:00Z,Karlsruhe_CCGT,2.6,3.2,80.0,0,46.0,80.0,1026.0,True,ECMWF
2026-01-15T05:00:00Z,Landshut_OCGT,-4.8,2.1,212.0,0,63.0,71.0,1013.3,False,ECMWF
2026-01-15T05:00:00Z,Nordsee_Wind,2.2,4.7,276.0,0,57.0,46.0,1005.5,True,GFS
2026-01-15T05:00:00Z,Augsburg_Solar,-2.3,0,232.0,0,49.0,65.0,1017.0,True,GFS
2026-01-15T06:00:00Z,Karlsruhe_CCGT,-4.1,5.7,107.0,0,46.0,70.0,1008.7,False,ECMWF
2026-01-15T06:00:00Z,Landshut_OCGT,-2.9,3.9,358.0,0,38.0,100,1019.5,True,ECMWF
2026-01-15T06:00:00Z,Nordsee_Wind,5.6,10.3,102.0,0,59.0,78.0,1030.0,False,ACTUAL
2026-01-15T06:00:00Z,Augsburg_Solar,3.5,0,54.0,0,84.0,100,1010.2,True,ACTUAL
2026-01-15T07:00:00Z,Karlsruhe_CCGT,1.2,0,293.0,0,74.0,66.0,1005.5,False,ACTUAL
2026-01-15T07:00:00Z,Landshut_OCGT,-1.8,0,19.0,0,37.0,52.0,1014.2,True,ECMWF
2026-01-15T07:00:00Z,Nordsee_Wind,-1.8,7.9,178.0,0,33.0,42.0,1009.7,True,ECMWF
2026-01-15T07:00:00Z,Augsburg_Solar,-6.6,4.7,84.0,100.0,97.0,65.0,1029.9,True,ECMWF
2026-01-15T08:00:00Z,Karlsruhe_CCGT,1.2,7.5,69.0,0,24.0,53.0,1014.1,True,ACTUAL
2026-01-15T08:00:00Z,Landshut_OCGT,-2.3,3.8,137.0,0,58.0,69.0,994.5,False,GFS
2026-01-15T08:00:00Z,Nordsee_Wind,-3.4,13.5,149.0,0,29.0,64.0,1003.9,False,ACTUAL
2026-01-15T08:00:00Z,Augsburg_Solar,-1.3,3.1,231.0,196.0,60.0,60.0,1019.0,False,GFS
2026-01-15T09:00:00Z,Karlsruhe_CCGT,2.7,2.3,155.0,0,36.0,87.0,1001.8,False,ACTUAL
2026-01-15T09:00:00Z,Landshut_OCGT,-1.1,5.9,166.0,0,29.0,77.0,1005.0,False,ACTUAL
2026-01-15T09:00:00Z,Nordsee_Wind,-4.5,5.9,108.0,0,17.0,65.0,1010.2,True,GFS
2026-01-15T09:00:00Z,Augsburg_Solar,-0.2,0.0,304.0,168.0,33.0,66.0,1002.1,True,ACTUAL
2026-01-15T10:00:00Z,Karlsruhe_CCGT,-2.7,3.1,323.0,0,54.0,46.0,1016.9,True,ECMWF
2026-01-15T10:00:00Z,Landshut_OCGT,-0.0,0,334.0,0,58.0,64.0,1016.6,False,ACTUAL
2026-01-15T10:00:00Z,Nordsee_Wind,-4.9,0,300.0,0,0,78.0,1026.4,False,ACTUAL
2026-01-15T10:00:00Z,Augsburg_Solar,-1.9,4.3,185.0,443.0,73.0,77.0,1021.9,True,ACTUAL
2026-01-15T11:00:00Z,Karlsruhe_CCGT,-2.9,8.7,34.0,0,33.0,94.0,1011.3,True,ACTUAL
2026-01-15T11:00:00Z,Landshut_OCGT,1.2,8.9,170.0,0,53.0,64.0,1000.8,False,ACTUAL
2026-01-15T11:00:00Z,Nordsee_Wind,-1.5,6.5,116.0,0,83.0,74.0,1011.2,True,GFS
2026-01-15T11:00:00Z,Augsburg_Solar,-3.4,0,149.0,219.0,69.0,65.0,1013.6,False,ECMWF
2026-01-15T12:00:00Z,Karlsruhe_CCGT,-2.4,6.0,159.0,0,48.0,69.0,1016.6,False,ECMWF
2026-01-15T12:00:00Z,Landshut_OCGT,-5.2,3.6,229.0,0,40.0,86.0,1011.5,False,ACTUAL
2026-01-15T12:00:00Z,Nordsee_Wind,-5.3,9.4,83.0,0,9.0,64.0,1006.5,True,ECMWF
2026-01-15T12:00:00Z,Augsburg_Solar,-4.5,0,249.0,201.0,76.0,83.0,1025.4,True,GFS
2026-01-15T13:00:00Z,Karlsruhe_CCGT,-2.6,0,359.0,0,63.0,75.0,1010.4,False,GFS
2026-01-15T13:00:00Z,Landshut_OCGT,-9.7,6.9,59.0,0,73.0,68.0,1025.0,False,GFS
2026-01-15T13:00:00Z,Nordsee_Wind,-2.6,11.0,212.0,0,56.0,84.0,997.0,False,GFS
2026-01-15T13:00:00Z,Augsburg_Solar,-6.7,2.3,232.0,232.0,60.0,95.0,1006.1,True,ACTUAL
2026-01-15T14:00:00Z,Karlsruhe_CCGT,-11.1,2.3,319.0,0,90.0,39.0,1019.7,False,GFS
2026-01-15T14:00:00Z,Landshut_OCGT,-2.4,2.1,159.0,0,68.0,52.0,1014.7,True,ECMWF
2026-01-15T14:00:00Z,Nordsee_Wind,-7.9,5.0,189.0,0,52.0,91.0,1006.1,False,ECMWF
2026-01-15T14:00:00Z,Augsburg_Solar,-11.3,2.8,164.0,284.0,36.0,62.0,1003.9,False,ACTUAL
2026-01-15T15:00:00Z,Karlsruhe_CCGT,-8.3,2.8,298.0,0,9.0,71.0,1018.0,True,ECMWF
2026-01-15T15:00:00Z,Landshut_OCGT,-6.1,3.0,277.0,0,50.0,72.0,1004.7,False,GFS
2026-01-15T15:00:00Z,Nordsee_Wind,-8.4,0,343.0,0,64.0,66.0,1017.0,True,ECMWF
2026-01-15T15:00:00Z,Augsburg_Solar,-8.5,0,185.0,416.0,65.0,80.0,1012.8,True,ECMWF
2026-01-15T16:00:00Z,Karlsruhe_CCGT,-8.9,1.0,13.0,0,27.0,67.0,999.7,False,ECMWF
2026-01-15T16:00:00Z,Landshut_OCGT,-6.4,2.4,216.0,0,66.0,68.0,1019.2,False,ECMWF
2026-01-15T16:00:00Z,Nordsee_Wind,-8.1,8.0,287.0,0,1.0,89.0,1008.3,True,GFS
2026-01-15T16:00:00Z,Augsburg_Solar,-6.6,4.3,93.0,461.0,83.0,67.0,1000.7,False,ECMWF
2026-01-15T17:00:00Z,Karlsruhe_CCGT,-3.6,1.1,120.0,0,75.0,84.0,1010.5,False,ECMWF
2026-01-15T17:00:00Z,Landshut_OCGT,-12.0,5.9,171.0,0,56.0,66.0,1020.6,True,GFS
2026-01-15T17:00:00Z,Nordsee_Wind,-4.3,10.7,259.0,0,37.0,73.0,1013.1,True,GFS
2026-01-15T17:00:00Z,Augsburg_Solar,-13.8,5.5,234.0,164.0,66.0,76.0,1009.0,False,ECMWF
2026-01-15T18:00:00Z,Karlsruhe_CCGT,-10.4,5.7,32.0,0,73.0,73.0,1015.5,True,ECMWF
2026-01-15T18:00:00Z,Landshut_OCGT,-4.4,4.3,318.0,0,73.0,50.0,1001.5,True,ECMWF
2026-01-15T18:00:00Z,Nordsee_Wind,-3.9,10.5,43.0,0,78.0,45.0,1020.6,True,ACTUAL
2026-01-15T18:00:00Z,Augsburg_Solar,-10.1,0,122.0,116.0,67.0,67.0,999.3,False,ECMWF
2026-01-15T19:00:00Z,Karlsruhe_CCGT,-3.6,2.2,244.0,0,66.0,57.0,1015.6,False,ECMWF
2026-01-15T19:00:00Z,Landshut_OCGT,-7.6,4.6,226.0,0,51.0,55.0,1017.8,False,GFS
2026-01-15T19:00:00Z,Nordsee_Wind,-9.2,6.9,86.0,0,67.0,78.0,1014.4,False,ACTUAL
2026-01-15T19:00:00Z,Augsburg_Solar,-10.2,2.3,323.0,45.0,13.0,83.0,1030.1,False,GFS
2026-01-15T20:00:00Z,Karlsruhe_CCGT,-9.7,3.0,146.0,0,0,81.0,1005.7,True,GFS
2026-01-15T20:00:00Z,Landshut_OCGT,-16.7,5.3,138.0,0,63.0,65.0,1013.1,False,ECMWF
2026-01-15T20:00:00Z,Nordsee_Wind,-9.4,3.8,173.0,0,100,78.0,997.6,False,ACTUAL
2026-01-15T20:00:00Z,Augsburg_Solar,0.8,0,155.0,0.0,46.0,25.0,1012.4,False,GFS
2026-01-15T21:00:00Z,Karlsruhe_CCGT,-6.9,5.5,257.0,0,49.0,45.0,1008.7,False,ACTUAL
2026-01-15T21:00:00Z,Landshut_OCGT,-7.4,4.0,353.0,0,44.0,82.0,1008.1,False,GFS
2026-01-15T21:00:00Z,Nordsee_Wind,-6.9,9.6,282.0,0,61.0,78.0,1009.4,False,GFS
2026-01-15T21:00:00Z,Augsburg_Solar,-11.8,0,359.0,0,73.0,82.0,1008.2,False,ACTUAL
2026-01-15T22:00:00Z,Karlsruhe_CCGT,-4.3,5.2,139.0,0,70.0,48.0,1020.3,False,ACTUAL
2026-01-15T22:00:00Z,Landshut_OCGT,-3.5,3.0,86.0,0,63.0,63.0,1036.7,True,GFS
2026-01-15T22:00:00Z,Nordsee_Wind,-5.7,8.3,156.0,0,74.0,68.0,1011.3,False,ECMWF
2026-01-15T22:00:00Z,Augsburg_Solar,-8.3,0,155.0,0,99.0,71.0,1017.3,False,ECMWF
2026-01-15T23:00:00Z,Karlsruhe_CCGT,-6.9,0,269.0,0,93.0,99.0,1026.7,False,GFS
2026-01-15T23:00:00Z,Landshut_OCGT,-8.0,2.3,162.0,0,47.0,49.0,1014.3,False,ECMWF
2026-01-15T23:00:00Z,Nordsee_Wind,-4.3,13.0,39.0,0,18.0,59.0,1009.5,False,GFS
2026-01-15T23:00:00Z,Augsburg_Solar,-4.5,3.6,169.0,0,75.0,82.0,995.7,False,ACTUAL
2026-01-16T00:00:00Z,Karlsruhe_CCGT,-5.9,0,176.0,0,28.0,24.0,1002.0,True,ACTUAL
2026-01-16T00:00:00Z,Landshut_OCGT,-8.1,0,61.0,0,55.0,62.0,1011.8,False,ECMWF
2026-01-16T00:00:00Z,Nordsee_Wind,-3.6,7.6,209.0,0,27.0,81.0,1012.3,True,ACTUAL
2026-01-16T00:00:00Z,Augsburg_Solar,-4.3,0.4,2.0,0,62.0,70.0,1010.6,True,GFS
2026-01-16T01:00:00Z,Karlsruhe_CCGT,-3.5,0.5,237.0,0,47.0,64.0,1009.0,False,ECMWF
2026-01-16T01:00:00Z,Landshut_OCGT,-4.0,2.6,209.0,0,0,63.0,1020.9,False,ACTUAL
2026-01-16T01:00:00Z,Nordsee_Wind,-2.7,3.8,24.0,0,89.0,86.0,1021.6,True,GFS
2026-01-16T01:00:00Z,Augsburg_Solar,-3.9,3.1,273.0,0,61.0,28.0,1022.8,False,ACTUAL
2026-01-16T02:00:00Z,Karlsruhe_CCGT,-0.8,5.1,311.0,0,14.0,91.0,1011.1,True,ECMWF
2026-01-16T02:00:00Z,Landshut_OCGT,-6.4,1.2,339.0,0,47.0,39.0,1009.6,True,GFS
2026-01-16T02:00:00Z,Nordsee_Wind,-2.9,4.0,101.0,0,18.0,57.0,1020.2,True,ECMWF
2026-01-16T02:00:00Z,Augsburg_Solar,-3.5,7.7,256.0,0,62.0,39.0,1003.3,False,ECMWF
2026-01-16T03:00:00Z,Karlsruhe_CCGT,-1.2,5.8,312.0,0,56.0,47.0,1003.6,True,GFS
2026-01-16T03:00:00Z,Landshut_OCGT,0.8,4.2,34.0,0,100,85.0,1005.7,True,GFS
2026-01-16T03:00:00Z,Nordsee_Wind,1.3,9.9,6.0,0,3.0,54.0,1007.7,False,ECMWF
2026-01-16T03:00:00Z,Augsburg_Solar,-1.2,0,245.0,0,81.0,80.0,1011.3,True,ACTUAL
2026-01-16T04:00:00Z,Karlsruhe_CCGT,0.5,9.4,117.0,0,80.0,55.0,1016.5,True,ACTUAL
2026-01-16T04:00:00Z,Landshut_OCGT,0.6,0,164.0,0,36.0,66.0,1017.9,False,ACTUAL
2026-01-16T04:00:00Z,Nordsee_Wind,-3.5,7.2,187.0,0,42.0,67.0,1003.6,True,ECMWF
2026-01-16T04:00:00Z,Augsburg_Solar,2.2,5.5,154.0,0,41.0,53.0,999.0,True,GFS
2026-01-16T05:00:00Z,Karlsruhe_CCGT,3.0,5.1,157.0,0,52.0,52.0,999.7,False,GFS
2026-01-16T05:00:00Z,Landshut_OCGT,-2.6,1.7,82.0,0,53.0,85.0,1006.9,False,ECMWF
2026-01-16T05:00:00Z,Nordsee_Wind,0.9,10.5,330.0,0,54.0,60.0,1021.5,False,GFS
2026-01-16T05:00:00Z,Augsburg_Solar,6.3,1.0,136.0,0,79.0,79.0,1019.9,False,ECMWF
2026-01-16T06:00:00Z,Karlsruhe_CCGT,2.4,1.3,38.0,0,65.0,71.0,992.5,True,GFS
2026-01-16T06:00:00Z,Landshut_OCGT,2.9,6.0,102.0,0,36.0,50.0,1008.9,False,GFS
2026-01-16T06:00:00Z,Nordsee_Wind,2.4,7.5,331.0,0,15.0,54.0,1015.4,True,ACTUAL
2026-01-16T06:00:00Z,Augsburg_Solar,7.6,0,275.0,0,60.0,59.0,1009.1,False,GFS
2026-01-16T07:00:00Z,Karlsruhe_CCGT,-1.6,3.4,87.0,0,63.0,85.0,1010.2,True,ECMWF
2026-01-16T07:00:00Z,Landshut_OCGT,3.3,2.8,112.0,0,69.0,55.0,1011.6,True,GFS
2026-01-16T07:00:00Z,Nordsee_Wind,-2.1,6.7,207.0,0,55.0,68.0,1015.0,False,ACTUAL
2026-01-16T07:00:00Z,Augsburg_Solar,1.6,5.0,39.0,56.0,45.0,56.0,1015.8,False,ACTUAL
2026-01-16T08:00:00Z,Karlsruhe_CCGT,-0.6,3.2,208.0,0,42.0,69.0,1014.6,False,ACTUAL
2026-01-16T08:00:00Z,Landshut_OCGT,-1.3,5.3,180.0,0,38.0,76.0,1023.5,True,GFS
2026-01-16T08:00:00Z,Nordsee_Wind,-2.1,7.8,151.0,0,20.0,79.0,1017.1,False,ECMWF
2026-01-16T08:00:00Z,Augsburg_Solar,-1.3,3.0,198.0,160.0,40.0,83.0,1019.4,True,GFS
2026-01-16T09:00:00Z,Karlsruhe_CCGT,6.0,2.7,202.0,0,75.0,85.0,1005.5,True,GFS
2026-01-16T09:00:00Z,Landshut_OCGT,-0.8,5.7,275.0,0,0,67.0,1007.8,False,ACTUAL
2026-01-16T09:00:00Z,Nordsee_Wind,2.1,6.6,177.0,0,42.0,69.0,1005.2,True,GFS
2026-01-16T09:00:00Z,Augsburg_Solar,-1.4,2.0,261.0,201.0,0,71.0,999.0,False,GFS
2026-01-16T10:00:00Z,Karlsruhe_CCGT,-0.3,6.1,304.0,0,70.0,71.0,1011.7,True,ACTUAL
2026-01-16T10:00:00Z,Landshut_OCGT,-2.5,3.4,237.0,0,45.0,73.0,1012.2,True,GFS
2026-01-16T10:00:00Z,Nordsee_Wind,-1.5,10.9,201.0,0,67.0,54.0,1009.8,False,GFS
2026-01-16T10:00:00Z,Augsburg_Solar,-4.6,0,180.0,158.0,17.0,54.0,1018.2,False,ECMWF
2026-01-16T11:00:00Z,Karlsruhe_CCGT,-7.0,5.0,238.0,0,41.0,49.0,1004.9,True,ACTUAL
2026-01-16T11:00:00Z,Landshut_OCGT,-1.3,5.9,42.0,0,7.0,56.0,1005.3,False,GFS
2026-01-16T11:00:00Z,Nordsee_Wind,-3.3,8.0,64.0,0,34.0,63.0,1023.7,True,GFS
2026-01-16T11:00:00Z,Augsburg_Solar,0.1,7.6,49.0,189.0,65.0,64.0,1017.3,True,ACTUAL
2026-01-16T12:00:00Z,Karlsruhe_CCGT,-6.4,0.5,230.0,0,98.0,60.0,1008.0,False,ACTUAL
2026-01-16T12:00:00Z,Landshut_OCGT,-1.1,7.3,315.0,0,58.0,67.0,1003.8,True,GFS
2026-01-16T12:00:00Z,Nordsee_Wind,1.2,8.7,70.0,0,44.0,55.0,1032.7,True,GFS
2026-01-16T12:00:00Z,Augsburg_Solar,-1.7,7.1,105.0,548.0,68.0,80.0,1011.8,False,GFS
2026-01-16T13:00:00Z,Karlsruhe_CCGT,-8.3,8.2,293.0,0,31.0,56.0,1019.8,True,GFS
2026-01-16T13:00:00Z,Landshut_OCGT,-4.6,3.8,264.0,0,58.0,80.0,1018.2,False,ACTUAL
2026-01-16T13:00:00Z,Nordsee_Wind,-5.7,2.4,356.0,0,57.0,74.0,1012.2,True,ACTUAL
2026-01-16T13:00:00Z,Augsburg_Solar,-9.4,7.2,151.0,288.0,41.0,83.0,1022.6,True,ACTUAL
2026-01-16T14:00:00Z,Karlsruhe_CCGT,-8.7,0,13.0,0,26.0,65.0,1017.7,False,GFS
2026-01-16T14:00:00Z,Landshut_OCGT,-7.2,1.0,270.0,0,61.0,73.0,1009.8,False,ECMWF
2026-01-16T14:00:00Z,Nordsee_Wind,-7.4,8.3,22.0,0,63.0,75.0,1028.1,False,ACTUAL
2026-01-16T14:00:00Z,Augsburg_Solar,-7.8,9.6,288.0,231.0,37.0,66.0,1025.5,True,ACTUAL
2026-01-16T15:00:00Z,Karlsruhe_CCGT,-7.6,3.3,299.0,0,28.0,61.0,1030.1,False,ACTUAL
2026-01-16T15:00:00Z,Landshut_OCGT,-5.4,2.8,127.0,0,13.0,54.0,1007.4,True,ACTUAL
2026-01-16T15:00:00Z,Nordsee_Wind,-4.9,8.5,297.0,0,48.0,71.0,1025.0,False,GFS
2026-01-16T15:00:00Z,Augsburg_Solar,-6.0,0,37.0,410.0,91.0,68.0,1009.7,True,ACTUAL
2026-01-16T16:00:00Z,Karlsruhe_CCGT,-8.6,8.1,193.0,0,19.0,66.0,1022.7,True,ACTUAL
2026-01-16T16:00:00Z,Landshut_OCGT,-7.9,0,346.0,0,0,85.0,1002.3,False,ECMWF
2026-01-16T16:00:00Z,Nordsee_Wind,-6.2,7.2,32.0,0,40.0,100,1015.7,True,ECMWF
2026-01-16T16:00:00Z,Augsburg_Solar,-9.7,4.5,137.0,186.0,46.0,82.0,1003.4,False,GFS
2026-01-16T17:00:00Z,Karlsruhe_CCGT,-5.9,4.3,288.0,0,77.0,60.0,1011.0,True,ECMWF
2026-01-16T17:00:00Z,Landshut_OCGT,-9.8,4.4,26.0,0,39.0,46.0,1014.7,True,ECMWF
2026-01-16T17:00:00Z,Nordsee_Wind,-7.9,6.5,200.0,0,41.0,67.0,1015.0,False,ECMWF
2026-01-16T17:00:00Z,Augsburg_Solar,-8.8,0.8,67.0,347.0,61.0,62.0,1022.0,False,ACTUAL
2026-01-16T18:00:00Z,Karlsruhe_CCGT,-15.9,0.2,178.0,0,16.0,77.0,1007.6,True,ECMWF
2026-01-16T18:00:00Z,Landshut_OCGT,-12.6,0,165.0,0,76.0,45.0,1021.2,False,ACTUAL
2026-01-16T18:00:00Z,Nordsee_Wind,-8.8,7.2,173.0,0,14.0,71.0,1014.7,False,ACTUAL
2026-01-16T18:00:00Z,Augsburg_Solar,-6.9,4.6,135.0,223.0,11.0,44.0,999.2,True,GFS
2026-01-16T19:00:00Z,Karlsruhe_CCGT,-12.7,0,202.0,0,53.0,83.0,1013.7,True,ACTUAL
2026-01-16T19:00:00Z,Landshut_OCGT,-8.1,0,323.0,0,35.0,69.0,1036.0,True,ACTUAL
2026-01-16T19:00:00Z,Nordsee_Wind,-11.7,3.5,327.0,0,93.0,65.0,1013.6,False,ECMWF
2026-01-16T19:00:00Z,Augsburg_Solar,-9.7,4.5,185.0,132.0,56.0,87.0,1020.5,False,GFS
2026-01-16T20:00:00Z,Karlsruhe_CCGT,-8.0,6.0,19.0,0,94.0,93.0,1009.0,True,ACTUAL
2026-01-16T20:00:00Z,Landshut_OCGT,-9.6,6.9,170.0,0,68.0,60.0,1023.5,True,ACTUAL
2026-01-16T20:00:00Z,Nordsee_Wind,-10.9,7.5,319.0,0,74.0,58.0,1011.8,False,ECMWF
2026-01-16T20:00:00Z,Augsburg_Solar,-9.1,3.4,357.0,0.0,25.0,72.0,1017.0,False,ACTUAL
2026-01-16T21:00:00Z,Karlsruhe_CCGT,-12.3,4.4,299.0,0,29.0,75.0,1008.9,False,GFS
2026-01-16T21:00:00Z,Landshut_OCGT,-9.0,1.8,153.0,0,83.0,79.0,1012.4,False,GFS
2026-01-16T21:00:00Z,Nordsee_Wind,-2.6,9.3,60.0,0,89.0,53.0,1018.5,False,GFS
2026-01-16T21:00:00Z,Augsburg_Solar,-8.7,4.5,52.0,0,100,78.0,1013.3,False,ECMWF
2026-01-16T22:00:00Z,Karlsruhe_CCGT,-11.2,5.0,133.0,0,47.0,54.0,1023.5,True,ECMWF
2026-01-16T22:00:00Z,Landshut_OCGT,-4.6,2.3,50.0,0,63.0,75.0,1013.5,False,ECMWF
2026-01-16T22:00:00Z,Nordsee_Wind,-8.5,7.9,126.0,0,81.0,83.0,1008.2,True,GFS
2026-01-16T22:00:00Z,Augsburg_Solar,-9.3,5.8,118.0,0,12.0,64.0,1007.7,True,ECMWF
2026-01-16T23:00:00Z,Karlsruhe_CCGT,-4.2,0,80.0,0,9.0,69.0,1006.6,False,ECMWF
2026-01-16T23:00:00Z,Landshut_OCGT,-5.4,7.8,185.0,0,75.0,58.0,1003.8,True,GFS
2026-01-16T23:00:00Z,Nordsee_Wind,-6.2,10.1,248.0,0,45.0,51.0,1016.0,False,ACTUAL
2026-01-16T23:00:00Z,Augsburg_Solar,3.3,0,118.0,0,41.0,61.0,1025.6,False,ACTUAL
2026-01-17T00:00:00Z,Karlsruhe_CCGT,-0.9,3.3,310.0,0,23.0,87.0,1013.6,False,ACTUAL
2026-01-17T00:00:00Z,Landshut_OCGT,-4.2,1.6,262.0,0,42.0,56.0,1000.3,False,GFS
2026-01-17T00:00:00Z,Nordsee_Wind,-4.5,7.0,105.0,0,69.0,97.0,1004.6,True,ACTUAL
2026-01-17T00:00:00Z,Augsburg_Solar,-8.1,3.2,34.0,0,91.0,57.0,1014.0,True,GFS
2026-01-17T01:00:00Z,Karlsruhe_CCGT,-4.1,5.8,349.0,0,56.0,81.0,1008.9,True,GFS
2026-01-17T01:00:00Z,Landshut_OCGT,-1.7,7.2,223.0,0,63.0,73.0,1002.3,False,ACTUAL
2026-01-17T01:00:00Z,Nordsee_Wind,0.1,4.8,18.0,0,68.0,37.0,1007.6,False,ACTUAL
2026-01-17T01:00:00Z,Augsburg_Solar,-5.4,0.2,352.0,0,33.0,66.0,992.3,True,GFS
2026-01-17T02:00:00Z,Karlsruhe_CCGT,2.8,0,64.0,0,42.0,80.0,1007.5,True,GFS
2026-01-17T02:00:00Z,Landshut_OCGT,1.0,0.1,301.0,0,43.0,80.0,1031.2,True,GFS
2026-01-17T02:00:00Z,Nordsee_Wind,-2.5,2.6,54.0,0,6.0,60.0,1006.5,False,ECMWF
2026-01-17T02:00:00Z,Augsburg_Solar,-0.7,1.5,150.0,0,55.0,39.0,1028.0,True,ACTUAL
2026-01-17T03:00:00Z,Karlsruhe_CCGT,-2.9,0,273.0,0,48.0,67.0,1010.9,True,ECMWF
2026-01-17T03:00:00Z,Landshut_OCGT,-3.2,7.2,79.0,0,92.0,78.0,1018.5,True,GFS
2026-01-17T03:00:00Z,Nordsee_Wind,1.0,5.6,160.0,0,89.0,57.0,1011.0,True,ECMWF
2026-01-17T03:00:00Z,Augsburg_Solar,-2.4,3.9,177.0,0,30.0,56.0,1020.6,True,ECMWF
2026-01-17T04:00:00Z,Karlsruhe_CCGT,4.1,0,305.0,0,51.0,75.0,1013.0,True,ECMWF
2026-01-17T04:00:00Z,Landshut_OCGT,3.1,2.6,199.0,0,77.0,66.0,1002.1,True,ECMWF
2026-01-17T04:00:00Z,Nordsee_Wind,-1.5,6.8,46.0,0,56.0,64.0,1004.6,True,ECMWF
2026-01-17T04:00:00Z,Augsburg_Solar,1.7,5.9,302.0,0,67.0,56.0,1005.0,True,ACTUAL
2026-01-17T05:00:00Z,Karlsruhe_CCGT,-1.1,2.9,205.0,0,39.0,70.0,1015.7,False,ACTUAL
2026-01-17T05:00:00Z,Landshut_OCGT,8.7,5.0,210.0,0,0,47.0,1002.5,False,GFS
2026-01-17T05:00:00Z,Nordsee_Wind,2.3,9.9,277.0,0,21.0,59.0,1006.6,True,ECMWF
2026-01-17T05:00:00Z,Augsburg_Solar,2.2,2.4,34.0,0,63.0,59.0,1013.2,True,ECMWF
2026-01-17T06:00:00Z,Karlsruhe_CCGT,3.7,6.2,114.0,0,51.0,89.0,1026.3,False,GFS
2026-01-17T06:00:00Z,Landshut_OCGT,-1.5,0,324.0,0,16.0,80.0,1005.4,True,GFS
2026-01-17T06:00:00Z,Nordsee_Wind,2.0,8.1,62.0,0,53.0,85.0,1010.8,False,GFS
2026-01-17T06:00:00Z,Augsburg_Solar,1.7,9.8,180.0,0,77.0,33.0,1016.3,False,ECMWF
2026-01-17T07:00:00Z,Karlsruhe_CCGT,2.1,6.6,18.0,0,33.0,73.0,1018.9,False,ACTUAL
2026-01-17T07:00:00Z,Landshut_OCGT,4.1,2.4,265.0,0,31.0,60.0,1015.4,True,ECMWF
2026-01-17T07:00:00Z,Nordsee_Wind,0.0,6.0,111.0,0,44.0,67.0,1014.6,False,GFS
2026-01-17T07:00:00Z,Augsburg_Solar,2.5,4.9,94.0,53.0,8.0,60.0,1006.7,False,GFS
2026-01-17T08:00:00Z,Karlsruhe_CCGT,2.0,5.7,324.0,0,72.0,53.0,1025.7,False,ECMWF
2026-01-17T08:00:00Z,Landshut_OCGT,-0.8,0,264.0,0,61.0,60.0,1009.5,False,ECMWF
2026-01-17T08:00:00Z,Nordsee_Wind,-1.1,10.0,97.0,0,62.0,43.0,1009.2,False,GFS
2026-01-17T08:00:00Z,Augsburg_Solar,5.4,3.6,277.0,183.0,98.0,56.0,1012.9,True,ACTUAL
2026-01-17T09:00:00Z,Karlsruhe_CCGT,-2.6,0.8,222.0,0,50.0,65.0,1002.7,False,ACTUAL
2026-01-17T09:00:00Z,Landshut_OCGT,-2.8,4.4,67.0,0,19.0,86.0,1021.0,True,ACTUAL
2026-01-17T09:00:00Z,Nordsee_Wind,2.0,5.8,208.0,0,38.0,78.0,1013.1,True,GFS
2026-01-17T09:00:00Z,Augsburg_Solar,-0.5,4.6,324.0,189.0,38.0,59.0,1005.7,False,ACTUAL
2026-01-17T10:00:00Z,Karlsruhe_CCGT,-3.9,2.8,135.0,0,73.0,52.0,1021.4,True,ECMWF
2026-01-17T10:00:00Z,Landshut_OCGT,-1.0,1.9,266.0,0,30.0,44.0,1004.8,False,GFS
2026-01-17T10:00:00Z,Nordsee_Wind,-4.1,10.4,329.0,0,54.0,78.0,1021.8,False,ACTUAL
2026-01-17T10:00:00Z,Augsburg_Solar,-6.7,4.8,58.0,438.0,20.0,38.0,1033.4,True,ECMWF
2026-01-17T11:00:00Z,Karlsruhe_CCGT,-6.8,5.0,251.0,0,55.0,82.0,1026.7,True,ACTUAL
2026-01-17T11:00:00Z,Landshut_OCGT,-3.1,0,244.0,0,34.0,84.0,1003.7,False,ECMWF
2026-01-17T11:00:00Z,Nordsee_Wind,-1.5,7.6,118.0,0,13.0,61.0,1006.4,False,ACTUAL
2026-01-17T11:00:00Z,Augsburg_Solar,-0.0,7.1,44.0,290.0,62.0,61.0,1009.2,True,ECMWF
2026-01-17T12:00:00Z,Karlsruhe_CCGT,-5.7,4.6,268.0,0,89.0,62.0,1011.1,False,GFS
2026-01-17T12:00:00Z,Landshut_OCGT,-2.7,3.6,213.0,0,23.0,37.0,1012.0,True,ECMWF
2026-01-17T12:00:00Z,Nordsee_Wind,-4.8,5.9,263.0,0,86.0,58.0,1005.2,True,ECMWF
2026-01-17T12:00:00Z,Augsburg_Solar,-4.7,0.3,197.0,523.0,17.0,39.0,1005.2,True,ACTUAL
2026-01-17T13:00:00Z,Karlsruhe_CCGT,-4.0,0,205.0,0,97.0,47.0,1005.9,False,GFS
2026-01-17T13:00:00Z,Landshut_OCGT,-5.9,4.4,20.0,0,59.0,44.0,1001.7,False,ECMWF
2026-01-17T13:00:00Z,Nordsee_Wind,-2.5,7.3,123.0,0,36.0,79.0,1013.0,False,GFS
2026-01-17T13:00:00Z,Augsburg_Solar,-2.3,2.5,238.0,532.0,69.0,50.0,1012.4,False,GFS
2026-01-17T14:00:00Z,Karlsruhe_CCGT,-4.7,1.0,51.0,0,45.0,100,1018.0,False,ECMWF
2026-01-17T14:00:00Z,Landshut_OCGT,-1.4,5.4,237.0,0,44.0,61.0,1012.3,False,ECMWF
2026-01-17T14:00:00Z,Nordsee_Wind,-9.5,8.6,211.0,0,72.0,70.0,1009.4,True,ECMWF
2026-01-17T14:00:00Z,Augsburg_Solar,-10.3,8.7,99.0,507.0,37.0,76.0,1009.1,True,ACTUAL
2026-01-17T15:00:00Z,Karlsruhe_CCGT,-7.6,2.6,26.0,0,38.0,59.0,1006.8,False,GFS
2026-01-17T15:00:00Z,Landshut_OCGT,-5.1,0,40.0,0,32.0,67.0,1006.3,False,ECMWF
2026-01-17T15:00:00Z,Nordsee_Wind,-8.8,2.6,148.0,0,29.0,36.0,1007.5,True,GFS
2026-01-17T15:00:00Z,Augsburg_Solar,-7.0,8.8,177.0,174.0,46.0,89.0,1009.1,True,GFS
2026-01-17T16:00:00Z,Karlsruhe_CCGT,-7.1,2.3,66.0,0,33.0,70.0,1021.2,False,ACTUAL
2026-01-17T16:00:00Z,Landshut_OCGT,-4.2,5.3,171.0,0,80.0,71.0,1006.9,False,ECMWF
2026-01-17T16:00:00Z,Nordsee_Wind,-8.1,11.3,33.0,0,0,78.0,1025.1,True,ECMWF
2026-01-17T16:00:00Z,Augsburg_Solar,-7.5,0,0.0,450.0,13.0,84.0,1016.6,True,ACTUAL
2026-01-17T17:00:00Z,Karlsruhe_CCGT,-5.6,2.4,258.0,0,40.0,83.0,1002.7,False,ECMWF
2026-01-17T17:00:00Z,Landshut_OCGT,-7.2,1.5,165.0,0,76.0,40.0,1014.3,True,ECMWF
2026-01-17T17:00:00Z,Nordsee_Wind,-9.9,10.9,89.0,0,71.0,67.0,1015.7,False,GFS
2026-01-17T17:00:00Z,Augsburg_Solar,-6.3,6.6,207.0,356.0,39.0,64.0,1001.4,False,ACTUAL
2026-01-17T18:00:00Z,Karlsruhe_CCGT,-4.7,2.6,215.0,0,79.0,64.0,1013.5,True,ACTUAL
2026-01-17T18:00:00Z,Landshut_OCGT,-5.6,0,7.0,0,40.0,32.0,1003.5,False,GFS
2026-01-17T18:00:00Z,Nordsee_Wind,-10.2,2.9,360.0,0,97.0,79.0,1006.1,True,ECMWF
2026-01-17T18:00:00Z,Augsburg_Solar,-10.2,2.6,20.0,223.0,11.0,61.0,1017.3,False,ECMWF
2026-01-17T19:00:00Z,Karlsruhe_CCGT,-5.9,0,265.0,0,34.0,77.0,1026.1,False,ACTUAL
2026-01-17T19:00:00Z,Landshut_OCGT,-8.2,4.7,277.0,0,59.0,84.0,1014.6,False,ECMWF
2026-01-17T19:00:00Z,Nordsee_Wind,-7.4,7.9,297.0,0,77.0,64.0,1012.3,True,ACTUAL
2026-01-17T19:00:00Z,Augsburg_Solar,-8.0,0,339.0,46.0,37.0,21.0,1017.4,False,ACTUAL
2026-01-17T20:00:00Z,Karlsruhe_CCGT,-5.4,2.4,21.0,0,55.0,61.0,1035.2,False,GFS
2026-01-17T20:00:00Z,Landshut_OCGT,-9.9,1.6,348.0,0,60.0,52.0,1023.5,True,GFS
2026-01-17T20:00:00Z,Nordsee_Wind,-8.5,9.4,228.0,0,42.0,71.0,1014.2,False,ACTUAL
2026-01-17T20:00:00Z,Augsburg_Solar,-10.2,2.4,340.0,0.0,87.0,41.0,998.6,False,ACTUAL
2026-01-17T21:00:00Z,Karlsruhe_CCGT,-12.5,0,113.0,0,61.0,51.0,1009.5,False,GFS
2026-01-17T21:00:00Z,Landshut_OCGT,-8.2,0.6,187.0,0,64.0,45.0,1009.2,False,GFS
2026-01-17T21:00:00Z,Nordsee_Wind,-9.7,12.1,218.0,0,31.0,48.0,1015.3,True,ECMWF
2026-01-17T21:00:00Z,Augsburg_Solar,-7.3,4.2,113.0,0,82.0,65.0,1010.4,True,GFS
2026-01-17T22:00:00Z,Karlsruhe_CCGT,-5.5,1.1,344.0,0,33.0,75.0,1022.6,False,GFS
2026-01-17T22:00:00Z,Landshut_OCGT,-7.4,6.3,220.0,0,80.0,39.0,1012.4,False,ACTUAL
2026-01-17T22:00:00Z,Nordsee_Wind,-11.8,7.1,254.0,0,43.0,77.0,1013.3,True,ECMWF
2026-01-17T22:00:00Z,Augsburg_Solar,-8.7,2.9,279.0,0,53.0,84.0,1011.0,True,GFS
2026-01-17T23:00:00Z,Karlsruhe_CCGT,-3.6,1.3,243.0,0,98.0,81.0,993.6,False,GFS
2026-01-17T23:00:00Z,Landshut_OCGT,-2.4,4.2,207.0,0,84.0,67.0,1008.1,False,ACTUAL
2026-01-17T23:00:00Z,Nordsee_Wind,-7.7,1.3,351.0,0,90.0,51.0,1021.1,True,ACTUAL
2026-01-17T23:00:00Z,Augsburg_Solar,-2.7,0.4,308.0,0,48.0,65.0,1014.1,False,ECMWF
2026-01-18T00:00:00Z,Karlsruhe_CCGT,-9.1,0.6,37.0,0,49.0,58.0,992.9,False,ECMWF
2026-01-18T00:00:00Z,Landshut_OCGT,-7.2,4.8,233.0,0,92.0,35.0,1030.3,True,GFS
2026-01-18T00:00:00Z,Nordsee_Wind,-3.8,10.7,115.0,0,17.0,84.0,1017.8,False,ECMWF
2026-01-18T00:00:00Z,Augsburg_Solar,-4.9,2.1,189.0,0,40.0,59.0,1021.2,False,GFS
2026-01-18T01:00:00Z,Karlsruhe_CCGT,-0.3,0.8,129.0,0,88.0,60.0,1012.3,False,ECMWF
2026-01-18T01:00:00Z,Landshut_OCGT,-4.5,7.6,249.0,0,13.0,74.0,1017.7,False,GFS
2026-01-18T01:00:00Z,Nordsee_Wind,-7.0,8.4,47.0,0,45.0,47.0,1006.5,False,GFS
2026-01-18T01:00:00Z,Augsburg_Solar,0.8,2.4,257.0,0,65.0,33.0,1023.2,False,ACTUAL
2026-01-18T02:00:00Z,Karlsruhe_CCGT,-7.8,1.6,202.0,0,76.0,69.0,1023.6,False,ACTUAL
2026-01-18T02:00:00Z,Landshut_OCGT,-5.3,6.9,74.0,0,0,86.0,1001.8,True,ECMWF
2026-01-18T02:00:00Z,Nordsee_Wind,1.4,8.2,199.0,0,60.0,49.0,1021.7,True,GFS
2026-01-18T02:00:00Z,Augsburg_Solar,0.5,7.2,288.0,0,82.0,20,1017.7,False,ACTUAL
2026-01-18T03:00:00Z,Karlsruhe_CCGT,1.5,4.2,237.0,0,39.0,51.0,1022.4,False,ECMWF
2026-01-18T03:00:00Z,Landshut_OCGT,-1.3,1.3,70.0,0,58.0,51.0,1008.6,False,ECMWF
2026-01-18T03:00:00Z,Nordsee_Wind,3.5,6.9,6.0,0,40.0,58.0,998.4,False,ECMWF
2026-01-18T03:00:00Z,Augsburg_Solar,-2.1,1.5,102.0,0,61.0,38.0,1028.7,True,ECMWF
2026-01-18T04:00:00Z,Karlsruhe_CCGT,-1.6,0,137.0,0,79.0,53.0,1001.2,False,GFS
2026-01-18T04:00:00Z,Landshut_OCGT,3.3,2.3,222.0,0,70.0,54.0,1020.4,True,ECMWF
2026-01-18T04:00:00Z,Nordsee_Wind,4.8,8.4,175.0,0,45.0,80.0,1014.6,False,ECMWF
2026-01-18T04:00:00Z,Augsburg_Solar,-2.4,3.3,271.0,0,72.0,54.0,1021.8,True,ACTUAL
2026-01-18T05:00:00Z,Karlsruhe_CCGT,6.9,0,279.0,0,15.0,62.0,1018.3,False,ACTUAL
2026-01-18T05:00:00Z,Landshut_OCGT,3.1,6.0,180.0,0,39.0,42.0,1017.3,False,ECMWF
2026-01-18T05:00:00Z,Nordsee_Wind,-1.5,12.1,128.0,0,47.0,41.0,1010.0,True,GFS
2026-01-18T05:00:00Z,Augsburg_Solar,-2.3,7.4,24.0,0,55.0,66.0,1009.7,True,ACTUAL
2026-01-18T06:00:00Z,Karlsruhe_CCGT,2.5,0.6,175.0,0,35.0,89.0,1005.6,True,ACTUAL
2026-01-18T06:00:00Z,Landshut_OCGT,-1.6,2.6,106.0,0,50.0,49.0,1000.9,True,ECMWF
2026-01-18T06:00:00Z,Nordsee_Wind,-1.7,6.1,76.0,0,30.0,35.0,1019.3,False,ECMWF
2026-01-18T06:00:00Z,Augsburg_Solar,1.2,5.2,139.0,0,55.0,49.0,1013.7,False,GFS
2026-01-18T07:00:00Z,Karlsruhe_CCGT,1.1,2.9,134.0,0,44.0,80.0,1015.6,True,ACTUAL
2026-01-18T07:00:00Z,Landshut_OCGT,-3.9,3.3,41.0,0,7.0,81.0,1014.8,False,ECMWF
2026-01-18T07:00:00Z,Nordsee_Wind,-4.3,8.5,183.0,0,18.0,84.0,1006.9,False,ACTUAL
2026-01-18T07:00:00Z,Augsburg_Solar,-2.6,7.0,325.0,100.0,80.0,61.0,1017.4,True,ECMWF
2026-01-18T08:00:00Z,Karlsruhe_CCGT,4.0,5.8,241.0,0,95.0,46.0,1024.5,False,ECMWF
2026-01-18T08:00:00Z,Landshut_OCGT,-0.5,4.4,185.0,0,10.0,47.0,1035.9,True,ECMWF
2026-01-18T08:00:00Z,Nordsee_Wind,7.1,6.4,320.0,0,54.0,53.0,1006.3,True,GFS
2026-01-18T08:00:00Z,Augsburg_Solar,4.4,5.3,197.0,188.0,67.0,45.0,1005.8,False,GFS
2026-01-18T09:00:00Z,Karlsruhe_CCGT,-2.8,3.8,182.0,0,56.0,61.0,1003.0,True,ECMWF
2026-01-18T09:00:00Z,Landshut_OCGT,1.4,0,274.0,0,65.0,80.0,1016.3,False,GFS
2026-01-18T09:00:00Z,Nordsee_Wind,3.8,9.7,287.0,0,14.0,99.0,1008.2,False,GFS
2026-01-18T09:00:00Z,Augsburg_Solar,-2.7,2.1,134.0,324.0,97.0,50.0,1003.9,True,GFS
2026-01-18T10:00:00Z,Karlsruhe_CCGT,-3.6,2.7,79.0,0,39.0,77.0,1013.6,True,ECMWF
2026-01-18T10:00:00Z,Landshut_OCGT,0.5,3.6,106.0,0,24.0,59.0,1005.2,True,ECMWF
2026-01-18T10:00:00Z,Nordsee_Wind,-2.1,9.7,122.0,0,32.0,68.0,1005.3,False,ACTUAL
2026-01-18T10:00:00Z,Augsburg_Solar,0.2,4.2,359.0,442.0,35.0,57.0,1009.4,False,ACTUAL
2026-01-18T11:00:00Z,Karlsruhe_CCGT,-7.0,3.7,137.0,0,60.0,65.0,1010.9,False,GFS
2026-01-18T11:00:00Z,Landshut_OCGT,-3.6,4.3,280.0,0,11.0,66.0,1017.7,False,ACTUAL
2026-01-18T11:00:00Z,Nordsee_Wind,-0.1,4.7,70.0,0,0,60.0,1003.2,False,ECMWF
2026-01-18T11:00:00Z,Augsburg_Solar,0.3,1.8,139.0,477.0,26.0,64.0,1000.5,False,ACTUAL
2026-01-18T12:00:00Z,Karlsruhe_CCGT,-5.9,0,98.0,0,13.0,93.0,1016.6,False,ACTUAL
2026-01-18T12:00:00Z,Landshut_OCGT,-8.1,2.5,294.0,0,26.0,67.0,1018.0,False,ECMWF
2026-01-18T12:00:00Z,Nordsee_Wind,-4.5,6.8,156.0,0,79.0,94.0,1019.2,False,ACTUAL
2026-01-18T12:00:00Z,Augsburg_Solar,-3.7,1.7,26.0,500.0,39.0,88.0,1016.6,True,GFS
2026-01-18T13:00:00Z,Karlsruhe_CCGT,-10.6,8.4,87.0,0,63.0,65.0,1001.8,False,GFS
2026-01-18T13:00:00Z,Landshut_OCGT,-6.0,4.1,8.0,0,51.0,67.0,1018.4,False,GFS
2026-01-18T13:00:00Z,Nordsee_Wind,-9.7,9.8,342.0,0,68.0,70.0,1009.6,True,GFS
2026-01-18T13:00:00Z,Augsburg_Solar,-8.2,1.8,268.0,523.0,73.0,58.0,1003.2,True,GFS
2026-01-18T14:00:00Z,Karlsruhe_CCGT,-3.8,2.6,34.0,0,42.0,54.0,995.2,False,ACTUAL
2026-01-18T14:00:00Z,Landshut_OCGT,-11.2,0,202.0,0,76.0,84.0,1008.2,True,GFS
2026-01-18T14:00:00Z,Nordsee_Wind,-7.3,1.6,280.0,0,69.0,50.0,1017.5,True,ACTUAL
2026-01-18T14:00:00Z,Augsburg_Solar,-3.5,2.5,242.0,381.0,32.0,70.0,1025.8,False,GFS
2026-01-18T15:00:00Z,Karlsruhe_CCGT,-5.5,1.0,355.0,0,45.0,83.0,1018.5,False,ACTUAL
2026-01-18T15:00:00Z,Landshut_OCGT,-11.3,5.6,33.0,0,10.0,56.0,1016.0,True,ACTUAL
2026-01-18T15:00:00Z,Nordsee_Wind,-11.1,5.3,211.0,0,70.0,63.0,1014.3,True,ACTUAL
2026-01-18T15:00:00Z,Augsburg_Solar,-6.5,8.3,34.0,170.0,32.0,65.0,1000.0,False,ECMWF
2026-01-18T16:00:00Z,Karlsruhe_CCGT,-6.0,3.3,355.0,0,68.0,58.0,995.5,True,GFS
2026-01-18T16:00:00Z,Landshut_OCGT,-8.8,0,190.0,0,100,58.0,1001.8,False,GFS
2026-01-18T16:00:00Z,Nordsee_Wind,-10.7,10.0,265.0,0,30.0,56.0,1024.0,False,GFS
2026-01-18T16:00:00Z,Augsburg_Solar,-7.8,5.4,112.0,162.0,21.0,85.0,1002.4,True,GFS
2026-01-18T17:00:00Z,Karlsruhe_CCGT,-5.2,6.9,189.0,0,62.0,81.0,1016.6,False,ACTUAL
2026-01-18T17:00:00Z,Landshut_OCGT,-10.0,4.0,82.0,0,36.0,54.0,1006.9,True,ACTUAL
2026-01-18T17:00:00Z,Nordsee_Wind,-7.5,9.6,15.0,0,29.0,44.0,1017.2,True,ACTUAL
2026-01-18T17:00:00Z,Augsburg_Solar,-8.5,5.6,16.0,179.0,0,69.0,999.6,False,ECMWF
2026-01-18T18:00:00Z,Karlsruhe_CCGT,-7.1,6.5,75.0,0,57.0,56.0,1011.4,False,ECMWF
2026-01-18T18:00:00Z,Landshut_OCGT,-9.0,3.0,92.0,0,68.0,90.0,1016.6,True,ECMWF
2026-01-18T18:00:00Z,Nordsee_Wind,-8.7,7.3,148.0,0,32.0,43.0,1020.6,True,ACTUAL
2026-01-18T18:00:00Z,Augsburg_Solar,-10.9,6.7,51.0,250.0,64.0,65.0,1025.5,False,ECMWF
2026-01-18T19:00:00Z,Karlsruhe_CCGT,-10.0,0,220.0,0,33.0,72.0,1016.2,False,ECMWF
2026-01-18T19:00:00Z,Landshut_OCGT,-7.4,0.3,261.0,0,100.0,83.0,1023.0,False,GFS
2026-01-18T19:00:00Z,Nordsee_Wind,-12.2,8.5,328.0,0,23.0,51.0,1007.6,False,GFS
2026-01-18T19:00:00Z,Augsburg_Solar,-7.8,0.9,320.0,105.0,33.0,63.0,1011.3,False,GFS
2026-01-18T20:00:00Z,Karlsruhe_CCGT,-3.0,6.5,212.0,0,70.0,66.0,1018.0,False,GFS
2026-01-18T20:00:00Z,Landshut_OCGT,-3.3,8.8,321.0,0,69.0,68.0,1018.3,True,GFS
2026-01-18T20:00:00Z,Nordsee_Wind,-9.5,4.2,95.0,0,81.0,56.0,1013.3,True,ECMWF
2026-01-18T20:00:00Z,Augsburg_Solar,-7.2,6.2,171.0,0.0,58.0,56.0,1006.7,True,ECMWF
2026-01-18T21:00:00Z,Karlsruhe_CCGT,-6.9,0,40.0,0,70.0,69.0,998.5,True,GFS
2026-01-18T21:00:00Z,Landshut_OCGT,-6.0,0.6,314.0,0,17.0,70.0,1009.0,False,GFS
2026-01-18T21:00:00Z,Nordsee_Wind,-6.5,7.2,173.0,0,80.0,52.0,1016.8,True,ECMWF
2026-01-18T21:00:00Z,Augsburg_Solar,-8.8,2.5,333.0,0,68.0,67.0,1008.2,False,ACTUAL
2026-01-18T22:00:00Z,Karlsruhe_CCGT,-8.2,4.2,209.0,0,40.0,49.0,1014.6,True,GFS
2026-01-18T22:00:00Z,Landshut_OCGT,-4.7,2.1,98.0,0,35.0,72.0,1008.1,True,ACTUAL
2026-01-18T22:00:00Z,Nordsee_Wind,-5.0,9.1,80.0,0,23.0,39.0,1016.4,False,ACTUAL
2026-01-18T22:00:00Z,Augsburg_Solar,-6.8,0,279.0,0,58.0,63.0,1002.8,False,ACTUAL
2026-01-18T23:00:00Z,Karlsruhe_CCGT,-2.5,0,355.0,0,29.0,54.0,1015.9,True,ECMWF
2026-01-18T23:00:00Z,Landshut_OCGT,-3.1,2.9,318.0,0,42.0,54.0,1014.2,False,ACTUAL
2026-01-18T23:00:00Z,Nordsee_Wind,0.1,8.3,186.0,0,42.0,65.0,1004.9,False,ECMWF
2026-01-18T23:00:00Z,Augsburg_Solar,-2.9,1.0,345.0,0,19.0,76.0,1007.9,True,ACTUAL
2026-01-19T00:00:00Z,Karlsruhe_CCGT,-7.2,6.3,265.0,0,82.0,74.0,1030.5,False,ACTUAL
2026-01-19T00:00:00Z,Landshut_OCGT,-7.0,6.3,98.0,0,87.0,81.0,1018.4,False,GFS
2026-01-19T00:00:00Z,Nordsee_Wind,-5.2,2.7,129.0,0,61.0,81.0,1025.0,True,GFS
2026-01-19T00:00:00Z,Augsburg_Solar,-8.7,0.2,221.0,0,34.0,58.0,1003.8,False,ACTUAL
2026-01-19T01:00:00Z,Karlsruhe_CCGT,-2.1,2.1,253.0,0,44.0,67.0,1014.7,True,ACTUAL
2026-01-19T01:00:00Z,Landshut_OCGT,-4.2,6.9,59.0,0,100,66.0,1019.6,False,GFS
2026-01-19T01:00:00Z,Nordsee_Wind,-3.0,3.7,352.0,0,70.0,73.0,1013.9,False,ACTUAL
2026-01-19T01:00:00Z,Augsburg_Solar,-2.4,7.2,4.0,0,60.0,62.0,1012.6,True,GFS
2026-01-19T02:00:00Z,Karlsruhe_CCGT,1.7,3.6,137.0,0,30.0,59.0,1013.5,False,ACTUAL
2026-01-19T02:00:00Z,Landshut_OCGT,-1.4,0,95.0,0,12.0,80.0,1017.5,True,GFS
2026-01-19T02:00:00Z,Nordsee_Wind,-2.3,7.4,210.0,0,4.0,47.0,1001.4,False,ACTUAL
2026-01-19T02:00:00Z,Augsburg_Solar,-1.0,0.3,265.0,0,34.0,60.0,1010.2,True,ACTUAL
2026-01-19T03:00:00Z,Karlsruhe_CCGT,1.8,6.0,228.0,0,42.0,62.0,1028.5,True,ACTUAL
2026-01-19T03:00:00Z,Landshut_OCGT,-1.3,4.1,331.0,0,68.0,45.0,1015.4,True,GFS
2026-01-19T03:00:00Z,Nordsee_Wind,-3.0,12.6,54.0,0,100,84.0,1016.0,False,GFS
2026-01-19T03:00:00Z,Augsburg_Solar,-1.2,4.1,176.0,0,25.0,98.0,1007.3,False,ECMWF
2026-01-19T04:00:00Z,Karlsruhe_CCGT,-4.1,0.9,173.0,0,38.0,61.0,1016.5,False,ACTUAL
2026-01-19T04:00:00Z,Landshut_OCGT,-3.7,2.5,47.0,0,100,75.0,1005.2,True,ECMWF
2026-01-19T04:00:00Z,Nordsee_Wind,0.7,7.0,118.0,0,93.0,64.0,1008.8,False,ACTUAL
2026-01-19T04:00:00Z,Augsburg_Solar,3.2,0.8,149.0,0,77.0,60.0,1007.7,True,ECMWF
2026-01-19T05:00:00Z,Karlsruhe_CCGT,2.3,0,342.0,0,42.0,70.0,1008.1,False,GFS
2026-01-19T05:00:00Z,Landshut_OCGT,2.7,4.6,263.0,0,100,59.0,1010.5,False,GFS
2026-01-19T05:00:00Z,Nordsee_Wind,-2.4,10.2,18.0,0,58.0,54.0,1006.6,True,ECMWF
2026-01-19T05:00:00Z,Augsburg_Solar,3.8,1.8,185.0,0,49.0,61.0,1020.9,False,ACTUAL
2026-01-19T06:00:00Z,Karlsruhe_CCGT,-3.0,0,14.0,0,89.0,57.0,1016.4,False,GFS
2026-01-19T06:00:00Z,Landshut_OCGT,-3.2,4.0,30.0,0,35.0,82.0,1012.1,False,ECMWF
2026-01-19T06:00:00Z,Nordsee_Wind,3.5,5.5,251.0,0,52.0,57.0,1022.0,False,ECMWF
2026-01-19T06:00:00Z,Augsburg_Solar,2.0,0.3,157.0,0,67.0,70.0,1022.0,False,ECMWF
2026-01-19T07:00:00Z,Karlsruhe_CCGT,-2.7,7.2,345.0,0,64.0,61.0,1018.5,False,ECMWF
2026-01-19T07:00:00Z,Landshut_OCGT,-2.9,1.7,264.0,0,72.0,68.0,1019.1,False,ECMWF
2026-01-19T07:00:00Z,Nordsee_Wind,3.9,11.7,213.0,0,56.0,51.0,1017.4,True,ECMWF
2026-01-19T07:00:00Z,Augsburg_Solar,-1.4,6.0,31.0,88.0,47.0,52.0,1032.3,False,ACTUAL
2026-01-19T08:00:00Z,Karlsruhe_CCGT,0.7,3.1,124.0,0,70.0,64.0,1006.4,False,GFS
2026-01-19T08:00:00Z,Landshut_OCGT,-3.0,0,209.0,0,38.0,67.0,1015.4,False,ECMWF
2026-01-19T08:00:00Z,Nordsee_Wind,-1.8,8.9,288.0,0,38.0,56.0,1015.4,True,ECMWF
2026-01-19T08:00:00Z,Augsburg_Solar,0.3,4.6,189.0,106.0,44.0,59.0,1000.2,False,ACTUAL
2026-01-19T09:00:00Z,Karlsruhe_CCGT,-2.0,0,198.0,0,33.0,55.0,1015.0,False,GFS
2026-01-19T09:00:00Z,Landshut_OCGT,-3.3,2.3,181.0,0,62.0,60.0,1011.8,True,ACTUAL
2026-01-19T09:00:00Z,Nordsee_Wind,-1.4,3.4,23.0,0,55.0,28.0,1009.0,False,GFS
2026-01-19T09:00:00Z,Augsburg_Solar,-0.5,4.6,91.0,160.0,38.0,84.0,1020.3,False,GFS
2026-01-19T10:00:00Z,Karlsruhe_CCGT,-5.2,0,328.0,0,71.0,77.0,1012.7,False,ACTUAL
2026-01-19T10:00:00Z,Landshut_OCGT,-3.9,6.4,203.0,0,80.0,78.0,1011.0,True,ACTUAL
2026-01-19T10:00:00Z,Nordsee_Wind,0.9,10.4,156.0,0,36.0,41.0,1018.2,True,ECMWF
2026-01-19T10:00:00Z,Augsburg_Solar,-0.4,5.6,247.0,356.0,95.0,71.0,1008.3,False,ACTUAL
2026-01-19T11:00:00Z,Karlsruhe_CCGT,-0.4,4.3,182.0,0,15.0,72.0,1015.7,False,ECMWF
2026-01-19T11:00:00Z,Landshut_OCGT,-3.8,4.3,142.0,0,36.0,47.0,1018.7,False,GFS
2026-01-19T11:00:00Z,Nordsee_Wind,-7.7,6.7,304.0,0,86.0,77.0,1011.8,False,ECMWF
2026-01-19T11:00:00Z,Augsburg_Solar,-4.3,2.0,63.0,231.0,30.0,47.0,1014.0,False,ECMWF
2026-01-19T12:00:00Z,Karlsruhe_CCGT,-5.4,0,176.0,0,44.0,37.0,1021.7,True,ACTUAL
2026-01-19T12:00:00Z,Landshut_OCGT,-8.6,4.3,129.0,0,44.0,55.0,1017.1,False,ECMWF
2026-01-19T12:00:00Z,Nordsee_Wind,-6.7,10.7,52.0,0,35.0,48.0,1023.3,True,ECMWF
2026-01-19T12:00:00Z,Augsburg_Solar,-7.3,1.0,42.0,569.0,49.0,55.0,998.4,False,GFS
2026-01-19T13:00:00Z,Karlsruhe_CCGT,-5.6,5.3,40.0,0,39.0,57.0,1009.0,False,ECMWF
2026-01-19T13:00:00Z,Landshut_OCGT,-5.3,2.0,224.0,0,24.0,59.0,1015.0,True,GFS
2026-01-19T13:00:00Z,Nordsee_Wind,-3.3,10.7,257.0,0,61.0,50.0,1022.2,False,ACTUAL
2026-01-19T13:00:00Z,Augsburg_Solar,-4.7,5.5,146.0,493.0,23.0,70.0,1009.5,True,GFS
2026-01-19T14:00:00Z,Karlsruhe_CCGT,1.6,2.0,130.0,0,29.0,82.0,1003.0,True,ECMWF
2026-01-19T14:00:00Z,Landshut_OCGT,-5.7,0,6.0,0,92.0,54.0,1003.5,True,ACTUAL
2026-01-19T14:00:00Z,Nordsee_Wind,-5.3,9.6,323.0,0,77.0,88.0,1012.3,True,ACTUAL
2026-01-19T14:00:00Z,Augsburg_Solar,-4.8,2.9,117.0,517.0,49.0,65.0,1013.7,True,GFS
2026-01-19T15:00:00Z,Karlsruhe_CCGT,-11.0,5.2,135.0,0,43.0,94.0,1014.5,True,ECMWF
2026-01-19T15:00:00Z,Landshut_OCGT,-7.1,0,358.0,0,9.0,77.0,992.4,True,ECMWF
2026-01-19T15:00:00Z,Nordsee_Wind,-9.9,6.4,186.0,0,37.0,76.0,1017.2,True,ECMWF
2026-01-19T15:00:00Z,Augsburg_Solar,-6.7,0,228.0,389.0,47.0,55.0,1006.3,True,ECMWF
2026-01-19T16:00:00Z,Karlsruhe_CCGT,-7.6,0.0,261.0,0,81.0,47.0,1012.9,False,ECMWF
2026-01-19T16:00:00Z,Landshut_OCGT,-12.3,8.1,206.0,0,58.0,47.0,1018.3,False,ECMWF
2026-01-19T16:00:00Z,Nordsee_Wind,-10.7,5.8,143.0,0,19.0,69.0,1012.6,True,ECMWF
2026-01-19T16:00:00Z,Augsburg_Solar,-10.6,1.5,323.0,191.0,80.0,80.0,1027.8,True,GFS
2026-01-19T17:00:00Z,Karlsruhe_CCGT,-5.3,3.6,61.0,0,36.0,82.0,1018.6,False,ECMWF
2026-01-19T17:00:00Z,Landshut_OCGT,-8.1,2.1,331.0,0,36.0,63.0,1020.6,False,ACTUAL
2026-01-19T17:00:00Z,Nordsee_Wind,-8.6,10.6,32.0,0,39.0,59.0,1010.3,True,GFS
2026-01-19T17:00:00Z,Augsburg_Solar,-12.4,5.0,147.0,260.0,47.0,91.0,1004.9,False,GFS
2026-01-19T18:00:00Z,Karlsruhe_CCGT,-8.5,2.6,325.0,0,59.0,40.0,1019.5,False,ECMWF
2026-01-19T18:00:00Z,Landshut_OCGT,-6.3,0,285.0,0,73.0,48.0,1009.6,True,ACTUAL
2026-01-19T18:00:00Z,Nordsee_Wind,-12.1,5.3,55.0,0,21.0,83.0,1002.6,False,ECMWF
2026-01-19T18:00:00Z,Augsburg_Solar,-10.1,3.3,240.0,85.0,40.0,40.0,1016.4,True,ACTUAL
2026-01-19T19:00:00Z,Karlsruhe_CCGT,-11.4,3.9,326.0,0,48.0,73.0,1028.6,True,GFS
2026-01-19T19:00:00Z,Landshut_OCGT,-6.8,9.0,19.0,0,30.0,66.0,1004.8,True,ECMWF
2026-01-19T19:00:00Z,Nordsee_Wind,-7.1,3.7,60.0,0,52.0,53.0,1030.0,True,GFS
2026-01-19T19:00:00Z,Augsburg_Solar,-6.8,2.3,86.0,132.0,32.0,84.0,1012.7,True,ACTUAL
2026-01-19T20:00:00Z,Karlsruhe_CCGT,-11.2,1.4,228.0,0,27.0,62.0,1015.6,True,GFS
2026-01-19T20:00:00Z,Landshut_OCGT,-7.6,6.8,11.0,0,58.0,44.0,1010.4,False,ECMWF
2026-01-19T20:00:00Z,Nordsee_Wind,-6.1,5.0,182.0,0,61.0,64.0,1026.2,False,GFS
2026-01-19T20:00:00Z,Augsburg_Solar,-9.3,4.8,342.0,0.0,76.0,77.0,1019.5,True,ECMWF
2026-01-19T21:00:00Z,Karlsruhe_CCGT,-11.1,4.8,263.0,0,71.0,61.0,1011.0,False,ECMWF
2026-01-19T21:00:00Z,Landshut_OCGT,-8.3,2.5,104.0,0,30.0,37.0,1008.4,False,ECMWF
2026-01-19T21:00:00Z,Nordsee_Wind,-4.6,8.6,58.0,0,62.0,39.0,1009.4,False,ECMWF
2026-01-19T21:00:00Z,Augsburg_Solar,-5.0,4.2,213.0,0,0,66.0,1012.1,True,GFS
2026-01-19T22:00:00Z,Karlsruhe_CCGT,-2.8,0.2,262.0,0,43.0,70.0,1003.9,True,GFS
2026-01-19T22:00:00Z,Landshut_OCGT,-5.1,0,14.0,0,76.0,69.0,1021.5,True,GFS
2026-01-19T22:00:00Z,Nordsee_Wind,-4.7,4.6,253.0,0,100,71.0,1007.6,False,ACTUAL
2026-01-19T22:00:00Z,Augsburg_Solar,-8.7,3.1,270.0,0,80.0,78.0,1007.3,False,ECMWF
2026-01-19T23:00:00Z,Karlsruhe_CCGT,-2.6,1.8,92.0,0,82.0,67.0,1013.0,False,GFS
2026-01-19T23:00:00Z,Landshut_OCGT,-2.5,4.1,111.0,0,39.0,70.0,1015.2,False,GFS
2026-01-19T23:00:00Z,Nordsee_Wind,-7.5,10.6,18.0,0,63.0,58.0,1018.9,True,GFS
2026-01-19T23:00:00Z,Augsburg_Solar,-5.1,0,336.0,0,42.0,71.0,1010.6,False,GFS
2026-01-20T00:00:00Z,Karlsruhe_CCGT,-0.9,0.8,74.0,0,32.0,25.0,1007.3,True,ACTUAL
2026-01-20T00:00:00Z,Landshut_OCGT,-1.2,2.1,332.0,0,58.0,62.0,1003.6,False,ACTUAL
2026-01-20T00:00:00Z,Nordsee_Wind,2.7,5.5,48.0,0,42.0,75.0,1015.8,True,ECMWF
2026-01-20T00:00:00Z,Augsburg_Solar,-1.9,5.6,184.0,0,34.0,71.0,1029.0,True,ACTUAL
2026-01-20T01:00:00Z,Karlsruhe_CCGT,-3.1,0.7,65.0,0,32.0,51.0,1010.9,True,GFS
2026-01-20T01:00:00Z,Landshut_OCGT,3.7,9.8,51.0,0,73.0,70.0,1003.9,True,ECMWF
2026-01-20T01:00:00Z,Nordsee_Wind,-11.4,8.9,153.0,0,35.0,61.0,1017.2,True,ECMWF
2026-01-20T01:00:00Z,Augsburg_Solar,0.9,1.1,109.0,0,45.0,82.0,1018.3,True,GFS
2026-01-20T02:00:00Z,Karlsruhe_CCGT,-2.3,2.2,174.0,0,64.0,76.0,1013.8,False,GFS
2026-01-20T02:00:00Z,Landshut_OCGT,-1.2,2.1,25.0,0,59.0,75.0,1019.2,True,GFS
2026-01-20T02:00:00Z,Nordsee_Wind,-3.0,9.9,24.0,0,80.0,59.0,1013.9,True,GFS
2026-01-20T02:00:00Z,Augsburg_Solar,-1.1,8.7,31.0,0,60.0,51.0,1004.5,True,GFS
2026-01-20T03:00:00Z,Karlsruhe_CCGT,3.0,2.2,339.0,0,54.0,84.0,1015.3,True,GFS
2026-01-20T03:00:00Z,Landshut_OCGT,-3.0,2.2,337.0,0,32.0,58.0,1012.3,True,ECMWF
2026-01-20T03:00:00Z,Nordsee_Wind,-0.6,4.6,269.0,0,85.0,71.0,998.2,True,GFS
2026-01-20T03:00:00Z,Augsburg_Solar,2.9,0.3,203.0,0,99.0,32.0,1001.6,True,ECMWF
2026-01-20T04:00:00Z,Karlsruhe_CCGT,-2.0,5.1,13.0,0,50.0,61.0,1009.2,True,ACTUAL
2026-01-20T04:00:00Z,Landshut_OCGT,1.1,0.1,319.0,0,55.0,88.0,1014.0,False,ECMWF
2026-01-20T04:00:00Z,Nordsee_Wind,4.6,14.2,68.0,0,42.0,72.0,1008.2,True,GFS
2026-01-20T04:00:00Z,Augsburg_Solar,-5.0,7.2,138.0,0,77.0,64.0,1011.3,True,ECMWF
2026-01-20T05:00:00Z,Karlsruhe_CCGT,-3.9,5.1,323.0,0,69.0,36.0,1019.8,False,ACTUAL
2026-01-20T05:00:00Z,Landshut_OCGT,-0.0,0.8,227.0,0,50.0,71.0,1001.7,True,ACTUAL
2026-01-20T05:00:00Z,Nordsee_Wind,0.6,10.0,240.0,0,51.0,61.0,1019.6,False,ECMWF
2026-01-20T05:00:00Z,Augsburg_Solar,3.7,5.4,32.0,0,72.0,72.0,1015.2,True,ECMWF
2026-01-20T06:00:00Z,Karlsruhe_CCGT,-4.8,2.5,135.0,0,38.0,87.0,1017.1,True,ECMWF
2026-01-20T06:00:00Z,Landshut_OCGT,1.5,4.5,175.0,0,22.0,56.0,1011.6,False,ACTUAL
2026-01-20T06:00:00Z,Nordsee_Wind,-1.7,3.3,211.0,0,29.0,65.0,1013.4,False,ACTUAL
2026-01-20T06:00:00Z,Augsburg_Solar,-0.2,7.7,248.0,0,41.0,71.0,1008.7,True,GFS
2026-01-20T07:00:00Z,Karlsruhe_CCGT,5.7,5.0,9.0,0,25.0,47.0,1013.1,True,GFS
2026-01-20T07:00:00Z,Landshut_OCGT,6.5,5.2,53.0,0,75.0,57.0,1012.8,True,ECMWF
2026-01-20T07:00:00Z,Nordsee_Wind,2.8,6.7,114.0,0,66.0,86.0,1008.5,False,GFS
2026-01-20T07:00:00Z,Augsburg_Solar,2.4,0,178.0,103.0,60.0,54.0,1000.9,True,ACTUAL
2026-01-20T08:00:00Z,Karlsruhe_CCGT,-4.5,6.9,126.0,0,70.0,74.0,1017.3,False,GFS
2026-01-20T08:00:00Z,Landshut_OCGT,1.0,2.2,319.0,0,31.0,43.0,1013.6,False,ACTUAL
2026-01-20T08:00:00Z,Nordsee_Wind,-3.3,7.4,70.0,0,45.0,75.0,1017.4,False,ACTUAL
2026-01-20T08:00:00Z,Augsburg_Solar,-0.4,5.0,102.0,159.0,28.0,62.0,1005.6,False,ECMWF
2026-01-20T09:00:00Z,Karlsruhe_CCGT,1.0,7.4,87.0,0,12.0,39.0,1006.6,False,GFS
2026-01-20T09:00:00Z,Landshut_OCGT,-3.6,4.1,236.0,0,51.0,59.0,1019.3,True,ACTUAL
2026-01-20T09:00:00Z,Nordsee_Wind,1.8,10.1,109.0,0,40.0,73.0,1012.9,True,GFS
2026-01-20T09:00:00Z,Augsburg_Solar,1.2,5.9,187.0,151.0,28.0,75.0,1002.9,True,GFS
2026-01-20T10:00:00Z,Karlsruhe_CCGT,3.8,3.3,352.0,0,40.0,52.0,1010.4,True,ACTUAL
2026-01-20T10:00:00Z,Landshut_OCGT,-5.0,0,311.0,0,5.0,50.0,1022.1,True,ECMWF
2026-01-20T10:00:00Z,Nordsee_Wind,-2.9,16.3,82.0,0,53.0,82.0,1017.7,False,ACTUAL
2026-01-20T10:00:00Z,Augsburg_Solar,1.0,8.4,299.0,249.0,46.0,85.0,1023.1,True,GFS
2026-01-20T11:00:00Z,Karlsruhe_CCGT,-1.9,6.2,143.0,0,40.0,67.0,1001.3,True,ECMWF
2026-01-20T11:00:00Z,Landshut_OCGT,0.3,0,16.0,0,6.0,52.0,1023.5,False,ACTUAL
2026-01-20T11:00:00Z,Nordsee_Wind,-1.8,5.2,235.0,0,56.0,59.0,1008.4,False,ACTUAL
2026-01-20T11:00:00Z,Augsburg_Solar,-0.1,2.2,196.0,503.0,51.0,64.0,993.5,False,GFS
2026-01-20T12:00:00Z,Karlsruhe_CCGT,-6.8,3.2,175.0,0,52.0,58.0,1010.7,False,ECMWF
2026-01-20T12:00:00Z,Landshut_OCGT,-6.9,0,90.0,0,40.0,60.0,1007.1,True,GFS
2026-01-20T12:00:00Z,Nordsee_Wind,-9.0,9.5,257.0,0,84.0,58.0,1017.3,True,GFS
2026-01-20T12:00:00Z,Augsburg_Solar,-8.0,2.8,49.0,281.0,35.0,90.0,998.0,True,ECMWF
2026-01-20T13:00:00Z,Karlsruhe_CCGT,-3.9,1.3,281.0,0,53.0,66.0,1019.7,True,GFS
2026-01-20T13:00:00Z,Landshut_OCGT,-5.7,3.3,88.0,0,93.0,45.0,1015.8,False,ACTUAL
2026-01-20T13:00:00Z,Nordsee_Wind,-4.5,7.7,201.0,0,52.0,73.0,1010.3,False,ACTUAL
2026-01-20T13:00:00Z,Augsburg_Solar,-4.7,3.5,44.0,560.0,87.0,73.0,1015.6,True,ACTUAL
2026-01-20T14:00:00Z,Karlsruhe_CCGT,-0.2,1.7,182.0,0,35.0,76.0,1013.9,True,ECMWF
2026-01-20T14:00:00Z,Landshut_OCGT,-12.1,5.3,210.0,0,51.0,67.0,1021.7,True,GFS
2026-01-20T14:00:00Z,Nordsee_Wind,-4.3,4.8,324.0,0,18.0,48.0,1008.3,False,ECMWF
2026-01-20T14:00:00Z,Augsburg_Solar,-3.7,1.5,267.0,536.0,39.0,63.0,1020.9,False,ECMWF
2026-01-20T15:00:00Z,Karlsruhe_CCGT,-6.7,3.7,235.0,0,49.0,80.0,1017.6,False,ACTUAL
2026-01-20T15:00:00Z,Landshut_OCGT,-12.3,5.2,130.0,0,50.0,56.0,1016.3,False,ECMWF
2026-01-20T15:00:00Z,Nordsee_Wind,-8.4,10.9,263.0,0,38.0,88.0,1012.2,True,ACTUAL
2026-01-20T15:00:00Z,Augsburg_Solar,-9.5,5.9,78.0,453.0,38.0,70.0,1019.8,True,ACTUAL
2026-01-20T16:00:00Z,Karlsruhe_CCGT,-8.2,4.4,170.0,0,88.0,80.0,1013.8,False,ACTUAL
2026-01-20T16:00:00Z,Landshut_OCGT,-8.1,2.8,294.0,0,44.0,76.0,1015.1,False,GFS
2026-01-20T16:00:00Z,Nordsee_Wind,-3.3,8.0,71.0,0,42.0,73.0,1011.0,False,ECMWF
2026-01-20T16:00:00Z,Augsburg_Solar,-11.0,0.1,252.0,145.0,73.0,60.0,1011.9,True,ACTUAL
2026-01-20T17:00:00Z,Karlsruhe_CCGT,-12.2,4.9,162.0,0,72.0,78.0,997.7,False,GFS
2026-01-20T17:00:00Z,Landshut_OCGT,-7.7,3.1,60.0,0,28.0,87.0,1004.9,True,ACTUAL
2026-01-20T17:00:00Z,Nordsee_Wind,-7.1,1.1,8.0,0,87.0,76.0,1020.8,False,ACTUAL
2026-01-20T17:00:00Z,Augsburg_Solar,-6.9,8.0,10.0,328.0,32.0,42.0,993.7,False,ECMWF
2026-01-20T18:00:00Z,Karlsruhe_CCGT,-13.5,2.2,245.0,0,28.0,83.0,1017.6,False,GFS
2026-01-20T18:00:00Z,Landshut_OCGT,-7.2,0,327.0,0,39.0,81.0,1023.1,False,ECMWF
2026-01-20T18:00:00Z,Nordsee_Wind,-3.2,2.8,124.0,0,39.0,48.0,1003.1,False,ECMWF
2026-01-20T18:00:00Z,Augsburg_Solar,-8.8,0.8,331.0,124.0,27.0,59.0,1013.7,True,GFS
2026-01-20T19:00:00Z,Karlsruhe_CCGT,-9.1,8.9,290.0,0,41.0,46.0,1012.3,True,ECMWF
2026-01-20T19:00:00Z,Landshut_OCGT,-10.0,0,306.0,0,55.0,70.0,1029.8,False,ACTUAL
2026-01-20T19:00:00Z,Nordsee_Wind,-5.9,6.6,65.0,0,66.0,55.0,1023.2,True,GFS
2026-01-20T19:00:00Z,Augsburg_Solar,-10.2,1.2,305.0,119.0,48.0,71.0,1011.6,False,GFS
2026-01-20T20:00:00Z,Karlsruhe_CCGT,-7.7,6.5,240.0,0,54.0,67.0,1011.3,True,GFS
2026-01-20T20:00:00Z,Landshut_OCGT,-8.3,5.9,162.0,0,60.0,48.0,1016.6,False,GFS
2026-01-20T20:00:00Z,Nordsee_Wind,-10.7,3.9,58.0,0,46.0,71.0,1023.4,True,GFS
2026-01-20T20:00:00Z,Augsburg_Solar,-5.1,1.2,336.0,0.0,36.0,46.0,1003.0,True,GFS
2026-01-20T21:00:00Z,Karlsruhe_CCGT,-4.3,0.5,186.0,0,33.0,88.0,1010.9,False,GFS
2026-01-20T21:00:00Z,Landshut_OCGT,-7.2,0.9,315.0,0,30.0,80.0,1020.0,False,GFS
2026-01-20T21:00:00Z,Nordsee_Wind,-8.6,7.3,204.0,0,81.0,72.0,1005.7,False,ACTUAL
2026-01-20T21:00:00Z,Augsburg_Solar,-7.7,0.6,178.0,0,12.0,56.0,1006.6,False,GFS
2026-01-20T22:00:00Z,Karlsruhe_CCGT,-4.8,5.0,131.0,0,76.0,69.0,1013.6,False,GFS
2026-01-20T22:00:00Z,Landshut_OCGT,-8.3,5.2,332.0,0,21.0,59.0,1016.2,False,ACTUAL
2026-01-20T22:00:00Z,Nordsee_Wind,-5.3,10.3,252.0,0,50.0,88.0,1017.8,True,ACTUAL
2026-01-20T22:00:00Z,Augsburg_Solar,-1.9,6.1,358.0,0,4.0,66.0,1025.7,True,ECMWF
2026-01-20T23:00:00Z,Karlsruhe_CCGT,-4.8,0.1,332.0,0,37.0,65.0,1022.5,False,ECMWF
2026-01-20T23:00:00Z,Landshut_OCGT,-4.4,0,125.0,0,32.0,46.0,998.5,True,ACTUAL
2026-01-20T23:00:00Z,Nordsee_Wind,-9.1,10.7,299.0,0,28.0,44.0,1006.8,True,GFS
2026-01-20T23:00:00Z,Augsburg_Solar,-10.6,7.1,276.0,0,38.0,85.0,1008.8,True,ACTUAL
2026-01-21T00:00:00Z,Karlsruhe_CCGT,-4.0,4.7,207.0,0,71.0,47.0,1011.3,True,ECMWF
2026-01-21T00:00:00Z,Landshut_OCGT,-5.0,4.7,1.0,0,50.0,53.0,1014.3,True,GFS
2026-01-21T00:00:00Z,Nordsee_Wind,-0.9,7.6,299.0,0,51.0,81.0,1005.2,True,ECMWF
2026-01-21T00:00:00Z,Augsburg_Solar,-5.4,0.4,193.0,0,9.0,83.0,1019.5,False,GFS
2026-01-21T01:00:00Z,Karlsruhe_CCGT,-4.1,0,267.0,0,53.0,66.0,1014.2,True,ECMWF
2026-01-21T01:00:00Z,Landshut_OCGT,-0.9,0,106.0,0,67.0,81.0,1008.7,True,ECMWF
2026-01-21T01:00:00Z,Nordsee_Wind,-3.4,9.7,177.0,0,41.0,72.0,1017.3,False,ACTUAL
2026-01-21T01:00:00Z,Augsburg_Solar,-5.7,0,169.0,0,80.0,54.0,1013.8,True,ECMWF
2026-01-21T02:00:00Z,Karlsruhe_CCGT,-2.2,1.3,74.0,0,55.0,64.0,1007.8,True,GFS
2026-01-21T02:00:00Z,Landshut_OCGT,-2.0,0.0,198.0,0,27.0,53.0,1013.2,True,ACTUAL
2026-01-21T02:00:00Z,Nordsee_Wind,-1.7,8.9,278.0,0,57.0,42.0,1009.5,False,ECMWF
2026-01-21T02:00:00Z,Augsburg_Solar,0.5,1.4,292.0,0,34.0,51.0,1005.9,False,ACTUAL
2026-01-21T03:00:00Z,Karlsruhe_CCGT,-2.7,5.8,106.0,0,56.0,79.0,1010.2,False,ECMWF
2026-01-21T03:00:00Z,Landshut_OCGT,-1.6,5.7,70.0,0,92.0,53.0,1006.3,False,GFS
2026-01-21T03:00:00Z,Nordsee_Wind,-4.5,9.8,30.0,0,27.0,76.0,1008.2,True,ACTUAL
2026-01-21T03:00:00Z,Augsburg_Solar,1.7,5.4,75.0,0,18.0,73.0,1007.1,True,ECMWF
2026-01-21T04:00:00Z,Karlsruhe_CCGT,0.7,2.7,128.0,0,59.0,77.0,1023.0,False,ACTUAL
2026-01-21T04:00:00Z,Landshut_OCGT,4.4,0,199.0,0,76.0,83.0,1026.0,False,ECMWF
2026-01-21T04:00:00Z,Nordsee_Wind,-3.4,7.8,4.0,0,56.0,76.0,1017.2,False,ACTUAL
2026-01-21T04:00:00Z,Augsburg_Solar,2.1,2.3,89.0,0,47.0,87.0,1012.1,False,GFS
2026-01-21T05:00:00Z,Karlsruhe_CCGT,2.3,0.5,92.0,0,53.0,76.0,1006.5,False,ECMWF
2026-01-21T05:00:00Z,Landshut_OCGT,7.6,5.0,216.0,0,30.0,63.0,1009.3,True,GFS
2026-01-21T05:00:00Z,Nordsee_Wind,-1.2,9.6,207.0,0,55.0,50.0,1022.7,True,ACTUAL
2026-01-21T05:00:00Z,Augsburg_Solar,5.0,6.6,280.0,0,41.0,57.0,1001.4,False,ECMWF
2026-01-21T06:00:00Z,Karlsruhe_CCGT,1.0,1.4,286.0,0,97.0,84.0,1015.8,False,ECMWF
2026-01-21T06:00:00Z,Landshut_OCGT,5.1,4.1,226.0,0,44.0,71.0,1008.5,True,ECMWF
2026-01-21T06:00:00Z,Nordsee_Wind,-2.5,13.0,235.0,0,83.0,61.0,1014.4,False,GFS
2026-01-21T06:00:00Z,Augsburg_Solar,-1.5,0,116.0,0,34.0,46.0,1024.8,False,GFS
2026-01-21T07:00:00Z,Karlsruhe_CCGT,-1.9,2.1,133.0,0,75.0,94.0,1016.4,False,GFS
2026-01-21T07:00:00Z,Landshut_OCGT,-5.8,0,302.0,0,55.0,48.0,1033.4,True,ECMWF
2026-01-21T07:00:00Z,Nordsee_Wind,-1.5,6.4,237.0,0,70.0,60.0,1021.3,True,ACTUAL
2026-01-21T07:00:00Z,Augsburg_Solar,4.3,0.5,272.0,124.0,33.0,61.0,1012.6,False,ACTUAL
2026-01-21T08:00:00Z,Karlsruhe_CCGT,-0.6,0.1,112.0,0,45.0,46.0,1012.9,True,GFS
2026-01-21T08:00:00Z,Landshut_OCGT,0.2,6.4,13.0,0,41.0,59.0,1021.0,False,ECMWF
2026-01-21T08:00:00Z,Nordsee_Wind,0.8,7.5,258.0,0,80.0,70.0,1012.9,False,ACTUAL
2026-01-21T08:00:00Z,Augsburg_Solar,1.4,0,160.0,201.0,58.0,41.0,1020.6,False,GFS
2026-01-21T09:00:00Z,Karlsruhe_CCGT,0.9,1.6,136.0,0,38.0,67.0,1014.9,False,ACTUAL
2026-01-21T09:00:00Z,Landshut_OCGT,-2.1,0,286.0,0,91.0,50.0,1017.1,False,ECMWF
2026-01-21T09:00:00Z,Nordsee_Wind,0.8,10.1,69.0,0,47.0,62.0,1004.5,False,ECMWF
2026-01-21T09:00:00Z,Augsburg_Solar,-0.0,2.1,243.0,192.0,18.0,73.0,1020.3,True,GFS
2026-01-21T10:00:00Z,Karlsruhe_CCGT,-4.2,5.8,221.0,0,87.0,81.0,1021.8,False,ACTUAL
2026-01-21T10:00:00Z,Landshut_OCGT,1.7,6.5,128.0,0,68.0,75.0,1002.5,False,ECMWF
2026-01-21T10:00:00Z,Nordsee_Wind,-2.7,13.1,133.0,0,69.0,64.0,1018.9,False,GFS
2026-01-21T10:00:00Z,Augsburg_Solar,-5.0,0,212.0,183.0,30.0,67.0,1012.6,False,GFS
2026-01-21T11:00:00Z,Karlsruhe_CCGT,-5.3,2.6,51.0,0,58.0,48.0,1022.3,True,ECMWF
2026-01-21T11:00:00Z,Landshut_OCGT,-5.6,1.6,229.0,0,62.0,71.0,1008.6,True,GFS
2026-01-21T11:00:00Z,Nordsee_Wind,-3.9,8.0,120.0,0,12.0,82.0,1018.7,True,ACTUAL
2026-01-21T11:00:00Z,Augsburg_Solar,-5.4,0,297.0,204.0,47.0,68.0,1018.2,False,GFS
2026-01-21T12:00:00Z,Karlsruhe_CCGT,0.5,1.4,51.0,0,51.0,71.0,1017.3,True,ECMWF
2026-01-21T12:00:00Z,Landshut_OCGT,-2.8,5.9,245.0,0,60.0,55.0,1003.1,False,ECMWF
2026-01-21T12:00:00Z,Nordsee_Wind,-3.9,11.3,66.0,0,69.0,54.0,1001.0,False,GFS
2026-01-21T12:00:00Z,Augsburg_Solar,-8.0,4.4,180.0,242.0,44.0,61.0,1011.5,False,ACTUAL
2026-01-21T13:00:00Z,Karlsruhe_CCGT,0.1,0.7,325.0,0,85.0,43.0,1016.0,True,GFS
2026-01-21T13:00:00Z,Landshut_OCGT,-3.6,0.2,183.0,0,32.0,34.0,989.7,False,GFS
2026-01-21T13:00:00Z,Nordsee_Wind,-10.5,6.4,41.0,0,34.0,59.0,1015.7,False,ACTUAL
2026-01-21T13:00:00Z,Augsburg_Solar,-5.4,8.2,310.0,225.0,35.0,66.0,1016.7,True,ACTUAL
2026-01-21T14:00:00Z,Karlsruhe_CCGT,-10.6,0,344.0,0,73.0,45.0,1013.3,True,GFS
2026-01-21T14:00:00Z,Landshut_OCGT,-2.0,5.2,151.0,0,61.0,63.0,1006.9,False,GFS
2026-01-21T14:00:00Z,Nordsee_Wind,-7.3,10.9,258.0,0,15.0,64.0,1008.0,True,GFS
2026-01-21T14:00:00Z,Augsburg_Solar,-7.0,6.3,83.0,272.0,51.0,66.0,1009.7,False,ACTUAL
2026-01-21T15:00:00Z,Karlsruhe_CCGT,-6.8,2.6,176.0,0,53.0,82.0,1010.4,True,GFS
2026-01-21T15:00:00Z,Landshut_OCGT,-8.2,5.0,73.0,0,62.0,40.0,1014.3,True,ACTUAL
2026-01-21T15:00:00Z,Nordsee_Wind,-5.8,11.4,172.0,0,39.0,57.0,1015.9,True,ECMWF
2026-01-21T15:00:00Z,Augsburg_Solar,-1.0,3.8,188.0,274.0,63.0,75.0,996.8,True,GFS
2026-01-21T16:00:00Z,Karlsruhe_CCGT,-12.2,3.1,86.0,0,66.0,70.0,1019.8,True,GFS
2026-01-21T16:00:00Z,Landshut_OCGT,-12.1,1.8,24.0,0,85.0,54.0,1012.7,True,ECMWF
2026-01-21T16:00:00Z,Nordsee_Wind,-5.1,10.2,277.0,0,29.0,71.0,1024.2,False,ACTUAL
2026-01-21T16:00:00Z,Augsburg_Solar,-8.1,4.8,175.0,419.0,51.0,60.0,998.1,True,ACTUAL
2026-01-21T17:00:00Z,Karlsruhe_CCGT,-14.9,3.0,285.0,0,47.0,66.0,1008.9,True,ECMWF
2026-01-21T17:00:00Z,Landshut_OCGT,-7.0,0,336.0,0,55.0,73.0,1010.0,True,ECMWF
2026-01-21T17:00:00Z,Nordsee_Wind,-8.0,5.5,188.0,0,27.0,91.0,1009.5,False,ACTUAL
2026-01-21T17:00:00Z,Augsburg_Solar,-10.2,0.8,174.0,197.0,53.0,36.0,1024.0,False,GFS
2026-01-21T18:00:00Z,Karlsruhe_CCGT,-7.0,0,48.0,0,39.0,69.0,1009.2,False,GFS
2026-01-21T18:00:00Z,Landshut_OCGT,-7.6,8.9,283.0,0,93.0,58.0,1018.3,True,ECMWF
2026-01-21T18:00:00Z,Nordsee_Wind,-6.8,2.1,79.0,0,100,74.0,1013.5,False,GFS
2026-01-21T18:00:00Z,Augsburg_Solar,-5.2,4.2,66.0,119.0,66.0,49.0,1009.8,False,ACTUAL
2026-01-21T19:00:00Z,Karlsruhe_CCGT,-8.2,1.7,354.0,0,94.0,46.0,999.1,False,ACTUAL
2026-01-21T19:00:00Z,Landshut_OCGT,-10.1,1.6,252.0,0,44.0,75.0,1013.3,False,GFS
2026-01-21T19:00:00Z,Nordsee_Wind,-5.6,3.6,339.0,0,31.0,71.0,1020.7,False,ACTUAL
2026-01-21T19:00:00Z,Augsburg_Solar,-8.2,5.6,107.0,89.0,62.0,41.0,1008.7,True,ECMWF
2026-01-21T20:00:00Z,Karlsruhe_CCGT,-5.7,0,54.0,0,40.0,71.0,1006.3,False,ACTUAL
2026-01-21T20:00:00Z,Landshut_OCGT,-5.0,5.1,240.0,0,56.0,76.0,999.1,False,ECMWF
2026-01-21T20:00:00Z,Nordsee_Wind,-2.5,8.1,170.0,0,53.0,61.0,1012.4,True,GFS
2026-01-21T20:00:00Z,Augsburg_Solar,-9.2,4.4,283.0,0.0,66.0,73.0,1021.2,True,ACTUAL
2026-01-21T21:00:00Z,Karlsruhe_CCGT,-10.6,2.0,265.0,0,100,58.0,1023.5,False,GFS
2026-01-21T21:00:00Z,Landshut_OCGT,-4.8,0,320.0,0,15.0,68.0,1013.6,True,ECMWF
2026-01-21T21:00:00Z,Nordsee_Wind,-5.2,6.1,69.0,0,67.0,51.0,1029.4,False,ACTUAL
2026-01-21T21:00:00Z,Augsburg_Solar,-8.3,2.8,96.0,0,65.0,88.0,1017.7,True,GFS
2026-01-21T22:00:00Z,Karlsruhe_CCGT,-1.9,4.9,261.0,0,41.0,62.0,1025.9,True,ACTUAL
2026-01-21T22:00:00Z,Landshut_OCGT,-4.1,1.8,182.0,0,29.0,75.0,1010.5,True,ACTUAL
2026-01-21T22:00:00Z,Nordsee_Wind,-9.0,11.0,168.0,0,36.0,71.0,1024.9,True,ECMWF
2026-01-21T22:00:00Z,Augsburg_Solar,-6.0,0,103.0,0,30.0,61.0,1012.7,False,ACTUAL
2026-01-21T23:00:00Z,Karlsruhe_CCGT,-4.3,6.9,221.0,0,41.0,91.0,1020.2,True,GFS
2026-01-21T23:00:00Z,Landshut_OCGT,-6.7,3.7,285.0,0,18.0,67.0,1003.3,False,GFS
2026-01-21T23:00:00Z,Nordsee_Wind,-2.3,9.6,281.0,0,26.0,83.0,997.5,True,ACTUAL
2026-01-21T23:00:00Z,Augsburg_Solar,-7.4,8.1,267.0,0,72.0,64.0,1010.6,True,ACTUAL
2026-01-22T00:00:00Z,Karlsruhe_CCGT,-2.9,3.1,205.0,0,68.0,70.0,1010.5,False,GFS
2026-01-22T00:00:00Z,Landshut_OCGT,-2.5,3.7,357.0,0,37.0,88.0,1012.7,True,ACTUAL
2026-01-22T00:00:00Z,Nordsee_Wind,-2.7,9.2,234.0,0,46.0,69.0,1015.5,True,ACTUAL
2026-01-22T00:00:00Z,Augsburg_Solar,-4.2,0.9,278.0,0,47.0,76.0,1003.6,True,ECMWF
2026-01-22T01:00:00Z,Karlsruhe_CCGT,-2.2,2.0,312.0,0,49.0,41.0,1009.1,True,ECMWF
2026-01-22T01:00:00Z,Landshut_OCGT,0.2,0,323.0,0,99.0,58.0,1013.1,False,ACTUAL
2026-01-22T01:00:00Z,Nordsee_Wind,1.0,5.6,112.0,0,81.0,93.0,1015.2,False,ECMWF
2026-01-22T01:00:00Z,Augsburg_Solar,-4.6,4.7,263.0,0,64.0,54.0,1012.8,True,ECMWF
2026-01-22T02:00:00Z,Karlsruhe_CCGT,-5.3,0,211.0,0,34.0,83.0,1015.6,True,GFS
2026-01-22T02:00:00Z,Landshut_OCGT,-1.9,4.8,169.0,0,5.0,51.0,1024.4,True,GFS
2026-01-22T02:00:00Z,Nordsee_Wind,1.1,1.5,258.0,0,45.0,80.0,1025.2,True,GFS
2026-01-22T02:00:00Z,Augsburg_Solar,0.2,3.1,333.0,0,27.0,37.0,1022.3,True,ACTUAL
2026-01-22T03:00:00Z,Karlsruhe_CCGT,-3.4,5.4,59.0,0,29.0,76.0,1000.5,True,GFS
2026-01-22T03:00:00Z,Landshut_OCGT,-2.1,3.2,286.0,0,14.0,56.0,1024.7,True,GFS
2026-01-22T03:00:00Z,Nordsee_Wind,0.3,9.9,189.0,0,58.0,61.0,1017.8,True,GFS
2026-01-22T03:00:00Z,Augsburg_Solar,2.6,6.6,15.0,0,100,43.0,1015.1,False,ECMWF
2026-01-22T04:00:00Z,Karlsruhe_CCGT,-3.5,0,181.0,0,61.0,88.0,1024.4,True,ACTUAL
2026-01-22T04:00:00Z,Landshut_OCGT,-1.5,7.4,137.0,0,72.0,54.0,1009.0,False,GFS
2026-01-22T04:00:00Z,Nordsee_Wind,7.0,6.4,37.0,0,73.0,66.0,1019.2,False,ECMWF
2026-01-22T04:00:00Z,Augsburg_Solar,-0.7,2.3,51.0,0,64.0,74.0,1005.6,True,ACTUAL
2026-01-22T05:00:00Z,Karlsruhe_CCGT,-0.7,1.7,86.0,0,71.0,70.0,1005.3,False,GFS
2026-01-22T05:00:00Z,Landshut_OCGT,-1.3,3.8,27.0,0,32.0,71.0,1022.2,True,ACTUAL
2026-01-22T05:00:00Z,Nordsee_Wind,5.8,6.5,92.0,0,70.0,34.0,1025.8,False,GFS
2026-01-22T05:00:00Z,Augsburg_Solar,0.6,1.7,210.0,0,55.0,72.0,1010.5,False,GFS
2026-01-22T06:00:00Z,Karlsruhe_CCGT,1.2,4.1,294.0,0,35.0,52.0,1022.1,False,GFS
2026-01-22T06:00:00Z,Landshut_OCGT,0.1,6.2,327.0,0,36.0,62.0,1014.0,True,ACTUAL
2026-01-22T06:00:00Z,Nordsee_Wind,3.1,5.0,349.0,0,76.0,70.0,1013.6,False,ACTUAL
2026-01-22T06:00:00Z,Augsburg_Solar,2.2,2.5,240.0,0,36.0,91.0,1017.0,False,ECMWF
2026-01-22T07:00:00Z,Karlsruhe_CCGT,0.8,4.0,267.0,0,61.0,64.0,1023.1,True,GFS
2026-01-22T07:00:00Z,Landshut_OCGT,7.7,5.6,137.0,0,60.0,89.0,1017.3,True,GFS
2026-01-22T07:00:00Z,Nordsee_Wind,1.9,10.7,206.0,0,49.0,76.0,1004.7,True,ECMWF
2026-01-22T07:00:00Z,Augsburg_Solar,-1.1,7.7,269.0,100.0,53.0,71.0,1004.9,False,ECMWF
2026-01-22T08:00:00Z,Karlsruhe_CCGT,-2.6,2.6,39.0,0,44.0,80.0,1007.4,True,GFS
2026-01-22T08:00:00Z,Landshut_OCGT,-0.7,2.3,176.0,0,51.0,71.0,1014.5,True,ECMWF
2026-01-22T08:00:00Z,Nordsee_Wind,-4.5,8.5,246.0,0,28.0,59.0,1012.3,True,GFS
2026-01-22T08:00:00Z,Augsburg_Solar,1.7,5.1,55.0,140.0,44.0,58.0,1019.7,True,GFS
2026-01-22T09:00:00Z,Karlsruhe_CCGT,-7.8,3.8,211.0,0,64.0,28.0,1015.2,True,GFS
2026-01-22T09:00:00Z,Landshut_OCGT,-0.8,4.0,314.0,0,45.0,65.0,1006.8,False,ACTUAL
2026-01-22T09:00:00Z,Nordsee_Wind,2.6,4.5,351.0,0,28.0,65.0,1024.3,False,GFS
2026-01-22T09:00:00Z,Augsburg_Solar,-3.7,3.8,339.0,149.0,52.0,68.0,997.0,True,GFS
2026-01-22T10:00:00Z,Karlsruhe_CCGT,3.2,1.9,74.0,0,52.0,69.0,1020.1,False,ACTUAL
2026-01-22T10:00:00Z,Landshut_OCGT,-6.9,0.8,152.0,0,53.0,83.0,1006.1,False,ECMWF
2026-01-22T10:00:00Z,Nordsee_Wind,2.1,2.8,51.0,0,34.0,68.0,1011.3,True,ECMWF
2026-01-22T10:00:00Z,Augsburg_Solar,-5.9,5.1,55.0,388.0,45.0,64.0,1012.6,True,ECMWF
2026-01-22T11:00:00Z,Karlsruhe_CCGT,-7.3,6.0,340.0,0,34.0,38.0,1010.3,True,ACTUAL
2026-01-22T11:00:00Z,Landshut_OCGT,-3.1,2.4,87.0,0,82.0,51.0,1006.1,False,ECMWF
2026-01-22T11:00:00Z,Nordsee_Wind,-1.3,10.7,114.0,0,48.0,79.0,1007.3,True,ECMWF
2026-01-22T11:00:00Z,Augsburg_Solar,-1.6,1.5,299.0,212.0,63.0,92.0,1001.7,True,ECMWF
2026-01-22T12:00:00Z,Karlsruhe_CCGT,-6.5,5.9,70.0,0,63.0,49.0,1013.1,True,ACTUAL
2026-01-22T12:00:00Z,Landshut_OCGT,-1.1,0,262.0,0,65.0,42.0,1013.6,True,ACTUAL
2026-01-22T12:00:00Z,Nordsee_Wind,-7.6,11.0,247.0,0,62.0,50.0,996.6,True,GFS
2026-01-22T12:00:00Z,Augsburg_Solar,-5.3,2.6,195.0,277.0,46.0,60.0,1004.4,False,GFS
2026-01-22T13:00:00Z,Karlsruhe_CCGT,-5.3,3.8,156.0,0,71.0,54.0,1007.5,True,GFS
2026-01-22T13:00:00Z,Landshut_OCGT,-5.5,0.2,229.0,0,23.0,76.0,997.5,True,GFS
2026-01-22T13:00:00Z,Nordsee_Wind,-2.7,7.7,52.0,0,66.0,64.0,1006.4,False,ACTUAL
2026-01-22T13:00:00Z,Augsburg_Solar,-4.8,1.0,193.0,339.0,67.0,78.0,1008.2,True,GFS
2026-01-22T14:00:00Z,Karlsruhe_CCGT,-0.4,0,159.0,0,88.0,88.0,1013.5,True,GFS
2026-01-22T14:00:00Z,Landshut_OCGT,-8.2,0,25.0,0,64.0,60.0,1005.9,True,ECMWF
2026-01-22T14:00:00Z,Nordsee_Wind,-4.0,11.5,123.0,0,63.0,79.0,1019.1,False,GFS
2026-01-22T14:00:00Z,Augsburg_Solar,-7.4,0.5,103.0,567.0,45.0,80.0,1019.5,False,GFS
2026-01-22T15:00:00Z,Karlsruhe_CCGT,-11.2,2.8,67.0,0,64.0,57.0,1008.3,False,ACTUAL
2026-01-22T15:00:00Z,Landshut_OCGT,-6.8,3.1,206.0,0,48.0,57.0,1017.1,False,ACTUAL
2026-01-22T15:00:00Z,Nordsee_Wind,-8.4,3.6,83.0,0,36.0,83.0,1016.4,False,GFS
2026-01-22T15:00:00Z,Augsburg_Solar,-9.1,7.2,220.0,207.0,14.0,78.0,1011.7,False,GFS
2026-01-22T16:00:00Z,Karlsruhe_CCGT,-5.7,2.8,341.0,0,57.0,82.0,1003.2,True,ACTUAL
2026-01-22T16:00:00Z,Landshut_OCGT,-9.4,0,71.0,0,33.0,50.0,1011.7,True,ACTUAL
2026-01-22T16:00:00Z,Nordsee_Wind,-2.0,12.1,309.0,0,56.0,72.0,1013.8,True,GFS
2026-01-22T16:00:00Z,Augsburg_Solar,-7.3,0,176.0,314.0,21.0,56.0,1008.6,True,ACTUAL
2026-01-22T17:00:00Z,Karlsruhe_CCGT,-8.1,6.6,269.0,0,98.0,54.0,1021.8,False,ACTUAL
2026-01-22T17:00:00Z,Landshut_OCGT,-7.7,5.9,255.0,0,24.0,36.0,1014.9,True,GFS
2026-01-22T17:00:00Z,Nordsee_Wind,-11.1,8.2,177.0,0,38.0,74.0,1018.5,False,ECMWF
2026-01-22T17:00:00Z,Augsburg_Solar,-6.0,0,21.0,184.0,40.0,40.0,1005.0,False,ACTUAL
2026-01-22T18:00:00Z,Karlsruhe_CCGT,-13.5,0.6,192.0,0,42.0,74.0,1002.0,True,ECMWF
2026-01-22T18:00:00Z,Landshut_OCGT,-8.8,7.3,208.0,0,67.0,66.0,1025.8,True,ECMWF
2026-01-22T18:00:00Z,Nordsee_Wind,-11.8,9.6,125.0,0,100,58.0,1009.1,False,ACTUAL
2026-01-22T18:00:00Z,Augsburg_Solar,-7.8,3.5,232.0,81.0,19.0,54.0,1019.2,True,GFS
2026-01-22T19:00:00Z,Karlsruhe_CCGT,-10.1,3.5,123.0,0,50.0,53.0,1013.1,True,ACTUAL
2026-01-22T19:00:00Z,Landshut_OCGT,-1.4,2.1,341.0,0,50.0,61.0,1012.6,True,ACTUAL
2026-01-22T19:00:00Z,Nordsee_Wind,-7.8,9.8,24.0,0,80.0,66.0,1016.1,False,ACTUAL
2026-01-22T19:00:00Z,Augsburg_Solar,-6.9,4.5,131.0,91.0,42.0,46.0,1010.3,False,ACTUAL
2026-01-22T20:00:00Z,Karlsruhe_CCGT,-3.2,0,190.0,0,82.0,67.0,1024.2,True,GFS
2026-01-22T20:00:00Z,Landshut_OCGT,-6.3,0,58.0,0,71.0,73.0,998.8,True,ECMWF
2026-01-22T20:00:00Z,Nordsee_Wind,-10.3,8.2,188.0,0,65.0,58.0,1009.2,True,ACTUAL
2026-01-22T20:00:00Z,Augsburg_Solar,-8.7,8.0,144.0,0.0,23.0,39.0,1017.5,True,GFS
2026-01-22T21:00:00Z,Karlsruhe_CCGT,-9.4,6.0,264.0,0,14.0,41.0,1005.1,True,GFS
2026-01-22T21:00:00Z,Landshut_OCGT,-2.0,6.5,41.0,0,41.0,80.0,1012.5,False,ECMWF
2026-01-22T21:00:00Z,Nordsee_Wind,-11.7,9.4,102.0,0,67.0,59.0,1025.8,True,ECMWF
2026-01-22T21:00:00Z,Augsburg_Solar,-14.2,9.3,260.0,0,59.0,58.0,1019.4,True,ECMWF
2026-01-22T22:00:00Z,Karlsruhe_CCGT,-0.6,7.4,247.0,0,24.0,53.0,1027.7,True,ECMWF
2026-01-22T22:00:00Z,Landshut_OCGT,-6.0,5.9,344.0,0,73.0,68.0,1007.3,False,ACTUAL
2026-01-22T22:00:00Z,Nordsee_Wind,0.2,5.6,82.0,0,45.0,50.0,1004.9,True,ECMWF
2026-01-22T22:00:00Z,Augsburg_Solar,-6.6,3.8,234.0,0,40.0,50.0,1009.2,False,GFS
2026-01-22T23:00:00Z,Karlsruhe_CCGT,-6.1,1.9,102.0,0,59.0,51.0,1008.9,False,ECMWF
2026-01-22T23:00:00Z,Landshut_OCGT,-3.9,0.0,277.0,0,13.0,64.0,1012.8,True,GFS
2026-01-22T23:00:00Z,Nordsee_Wind,-5.2,8.7,62.0,0,58.0,65.0,1016.2,False,ACTUAL
2026-01-22T23:00:00Z,Augsburg_Solar,-7.0,6.8,213.0,0,31.0,37.0,1026.3,True,ACTUAL
2026-01-23T00:00:00Z,Karlsruhe_CCGT,-4.5,6.2,40.0,0,20.0,64.0,1008.0,True,ECMWF
2026-01-23T00:00:00Z,Landshut_OCGT,-3.6,7.2,208.0,0,67.0,63.0,1011.3,False,ECMWF
2026-01-23T00:00:00Z,Nordsee_Wind,-2.7,6.3,21.0,0,14.0,78.0,1010.4,False,GFS
2026-01-23T00:00:00Z,Augsburg_Solar,-3.8,1.5,78.0,0,18.0,36.0,1026.6,True,ACTUAL
2026-01-23T01:00:00Z,Karlsruhe_CCGT,-3.4,1.6,140.0,0,84.0,63.0,1027.0,True,ECMWF
2026-01-23T01:00:00Z,Landshut_OCGT,-4.7,0,258.0,0,31.0,59.0,1015.3,True,ECMWF
2026-01-23T01:00:00Z,Nordsee_Wind,1.3,7.8,347.0,0,68.0,75.0,1022.2,True,ECMWF
2026-01-23T01:00:00Z,Augsburg_Solar,-7.2,4.0,39.0,0,72.0,46.0,1001.2,False,ECMWF
2026-01-23T02:00:00Z,Karlsruhe_CCGT,-0.1,7.7,145.0,0,66.0,56.0,998.9,True,GFS
2026-01-23T02:00:00Z,Landshut_OCGT,0.0,0,8.0,0,35.0,73.0,1008.9,False,ACTUAL
2026-01-23T02:00:00Z,Nordsee_Wind,1.3,8.0,264.0,0,47.0,71.0,1010.8,True,ECMWF
2026-01-23T02:00:00Z,Augsburg_Solar,1.5,0,13.0,0,33.0,59.0,1016.0,False,ACTUAL
2026-01-23T03:00:00Z,Karlsruhe_CCGT,-3.0,6.5,106.0,0,33.0,71.0,1015.5,False,ACTUAL
2026-01-23T03:00:00Z,Landshut_OCGT,-4.3,6.7,119.0,0,47.0,75.0,996.5,False,GFS
2026-01-23T03:00:00Z,Nordsee_Wind,-0.5,9.6,139.0,0,34.0,56.0,1022.7,False,ECMWF
2026-01-23T03:00:00Z,Augsburg_Solar,-2.8,1.7,162.0,0,30.0,80.0,1019.7,False,ACTUAL
2026-01-23T04:00:00Z,Karlsruhe_CCGT,-1.2,2.1,352.0,0,34.0,58.0,1010.9,True,GFS
2026-01-23T04:00:00Z,Landshut_OCGT,-2.5,1.2,203.0,0,33.0,67.0,1004.0,False,ACTUAL
2026-01-23T04:00:00Z,Nordsee_Wind,-4.0,6.3,124.0,0,47.0,81.0,1014.7,True,GFS
2026-01-23T04:00:00Z,Augsburg_Solar,-1.2,7.0,132.0,0,67.0,61.0,1018.8,True,GFS
2026-01-23T05:00:00Z,Karlsruhe_CCGT,2.3,9.2,278.0,0,0,51.0,1018.3,True,ACTUAL
2026-01-23T05:00:00Z,Landshut_OCGT,-5.2,2.0,100.0,0,53.0,77.0,1012.7,False,ACTUAL
2026-01-23T05:00:00Z,Nordsee_Wind,5.1,9.3,240.0,0,77.0,24.0,1030.2,False,ACTUAL
2026-01-23T05:00:00Z,Augsburg_Solar,3.4,6.3,255.0,0,23.0,64.0,1011.5,True,ECMWF
2026-01-23T06:00:00Z,Karlsruhe_CCGT,-3.2,8.4,267.0,0,45.0,54.0,998.6,False,ACTUAL
2026-01-23T06:00:00Z,Landshut_OCGT,0.7,3.8,196.0,0,100,70.0,1009.5,True,GFS
2026-01-23T06:00:00Z,Nordsee_Wind,1.8,10.2,330.0,0,61.0,56.0,1011.8,False,ECMWF
2026-01-23T06:00:00Z,Augsburg_Solar,2.7,5.1,97.0,0,81.0,77.0,1015.2,True,ECMWF
2026-01-23T07:00:00Z,Karlsruhe_CCGT,-1.7,0.0,141.0,0,78.0,77.0,1017.2,False,ECMWF
2026-01-23T07:00:00Z,Landshut_OCGT,0.8,0,236.0,0,52.0,63.0,1016.7,False,GFS
2026-01-23T07:00:00Z,Nordsee_Wind,0.5,7.0,323.0,0,57.0,60.0,1003.6,True,GFS
2026-01-23T07:00:00Z,Augsburg_Solar,1.5,3.6,329.0,122.0,4.0,20,1011.5,True,ACTUAL
2026-01-23T08:00:00Z,Karlsruhe_CCGT,2.9,0,186.0,0,39.0,57.0,1007.1,True,ECMWF
2026-01-23T08:00:00Z,Landshut_OCGT,-4.1,0,199.0,0,22.0,42.0,1014.3,True,ECMWF
2026-01-23T08:00:00Z,Nordsee_Wind,7.4,3.9,125.0,0,50.0,66.0,1008.6,False,ECMWF
2026-01-23T08:00:00Z,Augsburg_Solar,6.9,3.8,238.0,254.0,95.0,84.0,1025.2,True,GFS
2026-01-23T09:00:00Z,Karlsruhe_CCGT,-3.0,3.1,69.0,0,73.0,77.0,1024.8,True,ECMWF
2026-01-23T09:00:00Z,Landshut_OCGT,2.3,7.9,182.0,0,61.0,55.0,1009.7,False,ACTUAL
2026-01-23T09:00:00Z,Nordsee_Wind,-1.0,13.6,135.0,0,0,63.0,1011.0,True,GFS
2026-01-23T09:00:00Z,Augsburg_Solar,-0.6,0.1,227.0,171.0,77.0,21.0,1011.2,False,ACTUAL
2026-01-23T10:00:00Z,Karlsruhe_CCGT,-0.8,0,263.0,0,43.0,73.0,1004.1,False,ECMWF
2026-01-23T10:00:00Z,Landshut_OCGT,-10.4,3.6,93.0,0,35.0,65.0,1027.6,True,ACTUAL
2026-01-23T10:00:00Z,Nordsee_Wind,-0.1,11.6,36.0,0,28.0,88.0,1015.9,False,ECMWF
2026-01-23T10:00:00Z,Augsburg_Solar,2.2,0,63.0,245.0,56.0,78.0,1009.0,True,GFS
2026-01-23T11:00:00Z,Karlsruhe_CCGT,-3.1,6.5,239.0,0,5.0,63.0,1008.8,True,ECMWF
2026-01-23T11:00:00Z,Landshut_OCGT,-1.3,0,120.0,0,81.0,100,1004.0,False,ECMWF
2026-01-23T11:00:00Z,Nordsee_Wind,-9.8,9.6,169.0,0,23.0,94.0,1016.9,False,ACTUAL
2026-01-23T11:00:00Z,Augsburg_Solar,2.0,4.8,105.0,492.0,38.0,59.0,1005.6,True,ECMWF
2026-01-23T12:00:00Z,Karlsruhe_CCGT,-12.6,4.5,191.0,0,64.0,52.0,1013.2,False,ECMWF
2026-01-23T12:00:00Z,Landshut_OCGT,-1.9,5.0,159.0,0,5.0,24.0,1024.9,False,GFS
2026-01-23T12:00:00Z,Nordsee_Wind,-2.4,7.7,164.0,0,99.0,74.0,1008.8,False,ECMWF
2026-01-23T12:00:00Z,Augsburg_Solar,-1.6,5.7,225.0,562.0,32.0,75.0,1009.3,False,ECMWF
2026-01-23T13:00:00Z,Karlsruhe_CCGT,-3.2,8.3,204.0,0,86.0,64.0,1008.6,True,ACTUAL
2026-01-23T13:00:00Z,Landshut_OCGT,-9.7,5.8,55.0,0,22.0,53.0,1008.5,True,GFS
2026-01-23T13:00:00Z,Nordsee_Wind,-3.8,10.8,82.0,0,0,66.0,1019.6,False,ECMWF
2026-01-23T13:00:00Z,Augsburg_Solar,-4.8,3.7,340.0,309.0,71.0,59.0,1032.9,False,ACTUAL
2026-01-23T14:00:00Z,Karlsruhe_CCGT,-2.3,10.3,186.0,0,42.0,56.0,1007.4,False,ECMWF
2026-01-23T14:00:00Z,Landshut_OCGT,0.7,0,154.0,0,100,57.0,1017.5,False,ECMWF
2026-01-23T14:00:00Z,Nordsee_Wind,-7.6,4.2,285.0,0,51.0,67.0,1008.7,False,ECMWF
2026-01-23T14:00:00Z,Augsburg_Solar,-7.2,0.8,114.0,330.0,64.0,54.0,1028.1,False,GFS
2026-01-23T15:00:00Z,Karlsruhe_CCGT,-13.7,0,35.0,0,93.0,54.0,1007.0,False,ECMWF
2026-01-23T15:00:00Z,Landshut_OCGT,-9.7,9.8,35.0,0,40.0,72.0,1001.4,False,ACTUAL
2026-01-23T15:00:00Z,Nordsee_Wind,-4.6,7.9,224.0,0,97.0,72.0,1009.7,True,GFS
2026-01-23T15:00:00Z,Augsburg_Solar,-3.9,5.0,279.0,184.0,67.0,74.0,1009.5,False,GFS
2026-01-23T16:00:00Z,Karlsruhe_CCGT,-10.6,4.3,34.0,0,43.0,73.0,1014.7,False,ECMWF
2026-01-23T16:00:00Z,Landshut_OCGT,-6.9,0,274.0,0,21.0,41.0,1005.8,True,GFS
2026-01-23T16:00:00Z,Nordsee_Wind,-10.7,8.7,355.0,0,24.0,85.0,1011.2,True,ECMWF
2026-01-23T16:00:00Z,Augsburg_Solar,-8.6,3.8,356.0,363.0,57.0,52.0,1004.1,True,GFS
2026-01-23T17:00:00Z,Karlsruhe_CCGT,-9.6,0.9,35.0,0,49.0,100,1008.6,False,ACTUAL
2026-01-23T17:00:00Z,Landshut_OCGT,0.7,2.9,85.0,0,74.0,54.0,1005.0,True,ECMWF
2026-01-23T17:00:00Z,Nordsee_Wind,-6.5,0,205.0,0,67.0,71.0,1009.5,False,ACTUAL
2026-01-23T17:00:00Z,Augsburg_Solar,-8.5,4.6,148.0,331.0,0,60.0,1015.3,True,GFS
2026-01-23T18:00:00Z,Karlsruhe_CCGT,-10.9,2.5,4.0,0,64.0,41.0,1019.5,True,ACTUAL
2026-01-23T18:00:00Z,Landshut_OCGT,-8.8,6.5,329.0,0,47.0,65.0,1020.3,True,ACTUAL
2026-01-23T18:00:00Z,Nordsee_Wind,-5.4,10.4,135.0,0,46.0,38.0,1007.5,True,ECMWF
2026-01-23T18:00:00Z,Augsburg_Solar,-10.3,2.9,35.0,222.0,20.0,45.0,1015.1,True,ECMWF
2026-01-23T19:00:00Z,Karlsruhe_CCGT,-8.7,1.8,77.0,0,56.0,41.0,1011.0,True,GFS
2026-01-23T19:00:00Z,Landshut_OCGT,-12.4,0.4,96.0,0,50.0,67.0,998.0,False,GFS
2026-01-23T19:00:00Z,Nordsee_Wind,-11.9,10.6,220.0,0,68.0,100,1016.0,True,ACTUAL
2026-01-23T19:00:00Z,Augsburg_Solar,-10.0,3.6,39.0,88.0,58.0,53.0,1012.8,False,ACTUAL
2026-01-23T20:00:00Z,Karlsruhe_CCGT,-13.9,1.4,119.0,0,46.0,61.0,1016.0,True,ECMWF
2026-01-23T20:00:00Z,Landshut_OCGT,-7.1,2.2,91.0,0,65.0,61.0,1013.2,False,ECMWF
2026-01-23T20:00:00Z,Nordsee_Wind,-6.3,3.0,28.0,0,23.0,63.0,994.0,True,GFS
2026-01-23T20:00:00Z,Augsburg_Solar,-7.7,2.2,262.0,0.0,0,44.0,1009.6,False,GFS
2026-01-23T21:00:00Z,Karlsruhe_CCGT,-7.6,0,1.0,0,7.0,53.0,1014.8,False,GFS
2026-01-23T21:00:00Z,Landshut_OCGT,-6.6,4.3,292.0,0,52.0,50.0,1012.6,True,ACTUAL
2026-01-23T21:00:00Z,Nordsee_Wind,-10.7,11.1,62.0,0,34.0,56.0,1016.1,True,ACTUAL
2026-01-23T21:00:00Z,Augsburg_Solar,-11.5,1.4,286.0,0,34.0,34.0,984.4,True,ECMWF
2026-01-23T22:00:00Z,Karlsruhe_CCGT,-3.7,3.2,97.0,0,52.0,60.0,1026.0,True,GFS
2026-01-23T22:00:00Z,Landshut_OCGT,-7.2,1.0,207.0,0,83.0,68.0,1010.8,True,ACTUAL
2026-01-23T22:00:00Z,Nordsee_Wind,-4.6,9.7,2.0,0,61.0,46.0,1009.2,False,ECMWF
2026-01-23T22:00:00Z,Augsburg_Solar,-7.3,9.3,113.0,0,11.0,78.0,1025.4,True,GFS
2026-01-23T23:00:00Z,Karlsruhe_CCGT,-1.6,0,204.0,0,13.0,46.0,1004.7,True,GFS
2026-01-23T23:00:00Z,Landshut_OCGT,-8.1,6.2,58.0,0,41.0,57.0,1020.3,False,ACTUAL
2026-01-23T23:00:00Z,Nordsee_Wind,-6.9,7.7,285.0,0,46.0,67.0,1028.5,False,ACTUAL
2026-01-23T23:00:00Z,Augsburg_Solar,-5.5,4.3,86.0,0,53.0,67.0,1022.5,True,ACTUAL
2026-01-24T00:00:00Z,Karlsruhe_CCGT,-3.9,3.4,3.0,0,4.0,36.0,1010.7,False,ECMWF
2026-01-24T00:00:00Z,Landshut_OCGT,-5.7,3.3,300.0,0,63.0,40.0,1016.6,False,GFS
2026-01-24T00:00:00Z,Nordsee_Wind,-9.7,6.5,189.0,0,41.0,49.0,1019.6,False,ECMWF
2026-01-24T00:00:00Z,Augsburg_Solar,-5.8,2.5,286.0,0,31.0,55.0,1011.7,True,ECMWF
2026-01-24T01:00:00Z,Karlsruhe_CCGT,-1.5,2.2,99.0,0,97.0,92.0,1016.6,False,ECMWF
2026-01-24T01:00:00Z,Landshut_OCGT,-1.4,6.0,268.0,0,46.0,36.0,1011.4,False,ACTUAL
2026-01-24T01:00:00Z,Nordsee_Wind,-3.8,8.7,62.0,0,68.0,84.0,1011.1,False,ECMWF
2026-01-24T01:00:00Z,Augsburg_Solar,-7.4,3.4,70.0,0,62.0,56.0,1025.4,False,ACTUAL
2026-01-24T02:00:00Z,Karlsruhe_CCGT,1.3,5.7,92.0,0,57.0,64.0,1012.9,False,ACTUAL
2026-01-24T02:00:00Z,Landshut_OCGT,-1.4,6.8,332.0,0,77.0,73.0,998.3,False,GFS
2026-01-24T02:00:00Z,Nordsee_Wind,-0.1,6.7,85.0,0,25.0,62.0,1017.1,False,ACTUAL
2026-01-24T02:00:00Z,Augsburg_Solar,-0.3,1.2,330.0,0,35.0,76.0,1010.1,True,ACTUAL
2026-01-24T03:00:00Z,Karlsruhe_CCGT,-4.8,5.8,228.0,0,44.0,65.0,1011.8,True,ACTUAL
2026-01-24T03:00:00Z,Landshut_OCGT,-3.4,5.1,360.0,0,73.0,95.0,1010.9,True,ECMWF
2026-01-24T03:00:00Z,Nordsee_Wind,-3.2,11.2,325.0,0,33.0,55.0,999.2,True,GFS
2026-01-24T03:00:00Z,Augsburg_Solar,-1.8,3.1,204.0,0,46.0,55.0,1015.2,False,ACTUAL
2026-01-24T04:00:00Z,Karlsruhe_CCGT,-0.1,7.6,88.0,0,42.0,62.0,1019.5,True,ACTUAL
2026-01-24T04:00:00Z,Landshut_OCGT,-5.4,0.5,208.0,0,100,54.0,1020.9,True,ECMWF
2026-01-24T04:00:00Z,Nordsee_Wind,7.1,6.5,99.0,0,77.0,66.0,1019.6,False,ACTUAL
2026-01-24T04:00:00Z,Augsburg_Solar,-1.3,1.2,223.0,0,60.0,46.0,1006.3,False,GFS
2026-01-24T05:00:00Z,Karlsruhe_CCGT,3.9,0.3,301.0,0,61.0,38.0,1014.4,False,ECMWF
2026-01-24T05:00:00Z,Landshut_OCGT,-3.7,7.3,153.0,0,26.0,99.0,1025.0,True,ECMWF
2026-01-24T05:00:00Z,Nordsee_Wind,-0.6,7.2,281.0,0,64.0,61.0,1009.2,False,ECMWF
2026-01-24T05:00:00Z,Augsburg_Solar,3.7,1.0,264.0,0,25.0,66.0,1011.3,False,ACTUAL
2026-01-24T06:00:00Z,Karlsruhe_CCGT,1.0,5.6,258.0,0,85.0,71.0,1020.1,True,GFS
2026-01-24T06:00:00Z,Landshut_OCGT,2.3,6.7,178.0,0,48.0,84.0,1015.4,True,ACTUAL
2026-01-24T06:00:00Z,Nordsee_Wind,2.4,5.5,301.0,0,20.0,42.0,1015.7,False,ACTUAL
2026-01-24T06:00:00Z,Augsburg_Solar,0.0,3.2,196.0,0,19.0,52.0,997.9,True,ACTUAL
2026-01-24T07:00:00Z,Karlsruhe_CCGT,1.5,5.6,147.0,0,87.0,75.0,1002.4,False,ECMWF
2026-01-24T07:00:00Z,Landshut_OCGT,-0.5,0,325.0,0,12.0,66.0,1009.6,True,ECMWF
2026-01-24T07:00:00Z,Nordsee_Wind,-0.2,5.7,174.0,0,72.0,58.0,1005.5,False,GFS
2026-01-24T07:00:00Z,Augsburg_Solar,3.2,0,21.0,86.0,44.0,74.0,1014.7,False,ECMWF
2026-01-24T08:00:00Z,Karlsruhe_CCGT,-6.0,0,245.0,0,16.0,59.0,1014.6,False,GFS
2026-01-24T08:00:00Z,Landshut_OCGT,3.6,10.1,64.0,0,31.0,53.0,1003.3,True,ECMWF
2026-01-24T08:00:00Z,Nordsee_Wind,0.6,6.3,139.0,0,83.0,77.0,1012.7,False,ACTUAL
2026-01-24T08:00:00Z,Augsburg_Solar,1.1,2.9,155.0,170.0,58.0,59.0,1003.7,True,GFS
2026-01-24T09:00:00Z,Karlsruhe_CCGT,-5.9,3.8,217.0,0,71.0,57.0,1023.1,False,ECMWF
2026-01-24T09:00:00Z,Landshut_OCGT,0.0,7.1,303.0,0,53.0,66.0,1001.9,True,ACTUAL
2026-01-24T09:00:00Z,Nordsee_Wind,0.8,10.4,76.0,0,59.0,64.0,1012.1,False,GFS
2026-01-24T09:00:00Z,Augsburg_Solar,2.9,7.2,10.0,113.0,92.0,55.0,1018.2,True,ACTUAL
2026-01-24T10:00:00Z,Karlsruhe_CCGT,-1.5,5.6,40.0,0,50.0,56.0,1011.2,True,ECMWF
2026-01-24T10:00:00Z,Landshut_OCGT,-2.4,5.8,174.0,0,17.0,90.0,995.1,True,ECMWF
2026-01-24T10:00:00Z,Nordsee_Wind,-4.0,5.6,55.0,0,86.0,77.0,1020.4,True,GFS
2026-01-24T10:00:00Z,Augsburg_Solar,1.2,1.8,355.0,222.0,61.0,38.0,998.9,True,ACTUAL
2026-01-24T11:00:00Z,Karlsruhe_CCGT,-1.8,0,129.0,0,90.0,69.0,1009.4,False,ECMWF
2026-01-24T11:00:00Z,Landshut_OCGT,1.1,0,84.0,0,35.0,77.0,1006.4,False,GFS
2026-01-24T11:00:00Z,Nordsee_Wind,-3.3,4.5,284.0,0,74.0,64.0,1025.3,False,GFS
2026-01-24T11:00:00Z,Augsburg_Solar,-0.7,3.4,122.0,462.0,50.0,64.0,1007.2,False,ACTUAL
2026-01-24T12:00:00Z,Karlsruhe_CCGT,-2.2,4.7,138.0,0,83.0,50.0,1028.4,True,GFS
2026-01-24T12:00:00Z,Landshut_OCGT,-6.1,5.4,145.0,0,76.0,57.0,1001.8,False,GFS
2026-01-24T12:00:00Z,Nordsee_Wind,1.0,7.2,92.0,0,80.0,64.0,1025.7,False,GFS
2026-01-24T12:00:00Z,Augsburg_Solar,-3.0,6.0,233.0,395.0,49.0,55.0,1021.5,False,ACTUAL
2026-01-24T13:00:00Z,Karlsruhe_CCGT,-9.7,0,217.0,0,28.0,99.0,1032.4,True,ACTUAL
2026-01-24T13:00:00Z,Landshut_OCGT,-8.5,4.3,33.0,0,46.0,62.0,1010.8,False,ECMWF
2026-01-24T13:00:00Z,Nordsee_Wind,1.1,6.1,97.0,0,13.0,58.0,1006.3,False,ACTUAL
2026-01-24T13:00:00Z,Augsburg_Solar,-2.2,0,5.0,500.0,81.0,58.0,1014.9,True,GFS
2026-01-24T14:00:00Z,Karlsruhe_CCGT,-2.3,3.0,308.0,0,44.0,68.0,1019.1,False,ACTUAL
2026-01-24T14:00:00Z,Landshut_OCGT,-3.5,0,298.0,0,70.0,72.0,996.5,True,ECMWF
2026-01-24T14:00:00Z,Nordsee_Wind,-1.7,10.0,302.0,0,78.0,62.0,1019.7,False,ACTUAL
2026-01-24T14:00:00Z,Augsburg_Solar,-11.9,2.3,308.0,194.0,11.0,40.0,1015.9,True,GFS
2026-01-24T15:00:00Z,Karlsruhe_CCGT,-5.3,4.9,262.0,0,79.0,59.0,1008.3,False,ECMWF
2026-01-24T15:00:00Z,Landshut_OCGT,-5.4,1.0,326.0,0,26.0,100,1017.3,True,GFS
2026-01-24T15:00:00Z,Nordsee_Wind,-1.3,13.1,347.0,0,91.0,63.0,1013.3,False,ACTUAL
2026-01-24T15:00:00Z,Augsburg_Solar,-6.6,8.3,302.0,383.0,69.0,66.0,1013.5,True,ACTUAL
2026-01-24T16:00:00Z,Karlsruhe_CCGT,-4.3,0,60.0,0,37.0,77.0,1013.1,True,ACTUAL
2026-01-24T16:00:00Z,Landshut_OCGT,-9.2,0.3,108.0,0,41.0,71.0,1021.4,False,GFS
2026-01-24T16:00:00Z,Nordsee_Wind,-10.1,6.6,91.0,0,62.0,59.0,1017.7,True,GFS
2026-01-24T16:00:00Z,Augsburg_Solar,-9.7,2.4,185.0,146.0,100,82.0,1020.1,True,GFS
2026-01-24T17:00:00Z,Karlsruhe_CCGT,-7.8,1.5,322.0,0,80.0,51.0,1008.8,True,ECMWF
2026-01-24T17:00:00Z,Landshut_OCGT,-7.0,0,328.0,0,71.0,62.0,1006.3,False,GFS
2026-01-24T17:00:00Z,Nordsee_Wind,-6.1,9.9,244.0,0,69.0,71.0,1014.3,False,ECMWF
2026-01-24T17:00:00Z,Augsburg_Solar,-9.5,5.4,214.0,273.0,82.0,68.0,1015.0,True,ECMWF
2026-01-24T18:00:00Z,Karlsruhe_CCGT,-3.2,0,350.0,0,67.0,56.0,1029.6,False,GFS
2026-01-24T18:00:00Z,Landshut_OCGT,-5.5,7.7,251.0,0,40.0,64.0,999.2,False,GFS
2026-01-24T18:00:00Z,Nordsee_Wind,-10.6,4.6,208.0,0,33.0,50.0,1003.6,False,GFS
2026-01-24T18:00:00Z,Augsburg_Solar,-10.1,4.7,142.0,218.0,29.0,57.0,1015.2,False,ECMWF
2026-01-24T19:00:00Z,Karlsruhe_CCGT,-13.5,6.7,216.0,0,44.0,32.0,1002.1,False,ECMWF
2026-01-24T19:00:00Z,Landshut_OCGT,-10.0,2.2,352.0,0,0,40.0,1007.3,False,ACTUAL
2026-01-24T19:00:00Z,Nordsee_Wind,-3.4,8.4,275.0,0,14.0,42.0,1013.8,True,ECMWF
2026-01-24T19:00:00Z,Augsburg_Solar,-8.0,3.6,67.0,102.0,11.0,42.0,1015.5,True,ACTUAL
2026-01-24T20:00:00Z,Karlsruhe_CCGT,-10.8,0,203.0,0,57.0,42.0,1025.6,False,ECMWF
2026-01-24T20:00:00Z,Landshut_OCGT,-9.5,2.7,90.0,0,41.0,80.0,1001.8,False,ACTUAL
2026-01-24T20:00:00Z,Nordsee_Wind,-4.1,9.0,257.0,0,74.0,86.0,1030.8,True,ACTUAL
2026-01-24T20:00:00Z,Augsburg_Solar,-10.7,5.8,241.0,0.0,28.0,71.0,1035.1,False,ECMWF
2026-01-24T21:00:00Z,Karlsruhe_CCGT,-1.5,4.6,296.0,0,82.0,64.0,1023.0,False,ACTUAL
2026-01-24T21:00:00Z,Landshut_OCGT,-6.6,0,259.0,0,46.0,62.0,1025.0,True,ECMWF
2026-01-24T21:00:00Z,Nordsee_Wind,-2.0,4.3,350.0,0,67.0,44.0,1006.9,True,GFS
2026-01-24T21:00:00Z,Augsburg_Solar,-9.7,3.7,11.0,0,68.0,73.0,1008.6,True,ECMWF
2026-01-24T22:00:00Z,Karlsruhe_CCGT,-4.5,4.4,220.0,0,45.0,72.0,1010.9,True,ACTUAL
2026-01-24T22:00:00Z,Landshut_OCGT,-3.1,2.4,19.0,0,76.0,49.0,1017.6,False,GFS
2026-01-24T22:00:00Z,Nordsee_Wind,-3.0,6.6,147.0,0,75.0,66.0,1019.2,True,ACTUAL
2026-01-24T22:00:00Z,Augsburg_Solar,-7.9,0,57.0,0,14.0,66.0,1009.2,True,ACTUAL
2026-01-24T23:00:00Z,Karlsruhe_CCGT,-9.0,4.8,171.0,0,58.0,68.0,1020.8,False,ACTUAL
2026-01-24T23:00:00Z,Landshut_OCGT,-6.7,6.2,142.0,0,56.0,66.0,1006.0,True,ACTUAL
2026-01-24T23:00:00Z,Nordsee_Wind,-4.4,8.4,251.0,0,34.0,48.0,1021.4,True,GFS
2026-01-24T23:00:00Z,Augsburg_Solar,-4.9,5.6,216.0,0,49.0,63.0,1013.8,True,ACTUAL
2026-01-25T00:00:00Z,Karlsruhe_CCGT,-5.9,0,208.0,0,53.0,74.0,997.3,False,ACTUAL
2026-01-25T00:00:00Z,Landshut_OCGT,-1.0,0,17.0,0,49.0,69.0,1020.5,False,GFS
2026-01-25T00:00:00Z,Nordsee_Wind,0.4,5.8,309.0,0,66.0,55.0,999.2,False,ACTUAL
2026-01-25T00:00:00Z,Augsburg_Solar,-5.2,2.4,142.0,0,81.0,83.0,1009.0,True,GFS
2026-01-25T01:00:00Z,Karlsruhe_CCGT,-0.8,6.1,323.0,0,39.0,66.0,1013.1,False,GFS
2026-01-25T01:00:00Z,Landshut_OCGT,0.6,11.4,335.0,0,5.0,64.0,999.2,True,ACTUAL
2026-01-25T01:00:00Z,Nordsee_Wind,-2.7,1.8,265.0,0,27.0,65.0,1018.2,False,ECMWF
2026-01-25T01:00:00Z,Augsburg_Solar,6.7,0,284.0,0,49.0,63.0,1004.2,True,ECMWF
2026-01-25T02:00:00Z,Karlsruhe_CCGT,2.1,3.1,279.0,0,53.0,60.0,1000.8,True,ACTUAL
2026-01-25T02:00:00Z,Landshut_OCGT,0.1,4.3,242.0,0,20.0,58.0,1007.8,True,GFS
2026-01-25T02:00:00Z,Nordsee_Wind,2.2,7.0,115.0,0,0,56.0,1017.4,False,GFS
2026-01-25T02:00:00Z,Augsburg_Solar,-3.3,5.3,121.0,0,38.0,44.0,1033.4,True,GFS
2026-01-25T03:00:00Z,Karlsruhe_CCGT,3.9,1.6,111.0,0,25.0,88.0,1022.5,False,ACTUAL
2026-01-25T03:00:00Z,Landshut_OCGT,-3.8,5.2,281.0,0,65.0,54.0,1022.6,True,ECMWF
2026-01-25T03:00:00Z,Nordsee_Wind,0.3,9.0,43.0,0,58.0,67.0,1009.1,False,ECMWF
2026-01-25T03:00:00Z,Augsburg_Solar,-1.4,0,299.0,0,68.0,69.0,1011.6,True,ECMWF
2026-01-25T04:00:00Z,Karlsruhe_CCGT,1.4,4.1,313.0,0,56.0,56.0,1011.0,False,ACTUAL
2026-01-25T04:00:00Z,Landshut_OCGT,-4.2,1.8,221.0,0,4.0,49.0,1018.9,False,ACTUAL
2026-01-25T04:00:00Z,Nordsee_Wind,6.4,9.1,357.0,0,37.0,81.0,1026.3,False,GFS
2026-01-25T04:00:00Z,Augsburg_Solar,5.5,0,1.0,0,26.0,50.0,1012.2,True,ACTUAL
2026-01-25T05:00:00Z,Karlsruhe_CCGT,4.6,2.7,143.0,0,50.0,50.0,1010.9,False,ACTUAL
2026-01-25T05:00:00Z,Landshut_OCGT,-2.2,3.9,336.0,0,6.0,68.0,1020.7,False,ACTUAL
2026-01-25T05:00:00Z,Nordsee_Wind,2.2,11.1,151.0,0,42.0,46.0,1016.6,True,ECMWF
2026-01-25T05:00:00Z,Augsburg_Solar,-2.9,6.0,174.0,0,65.0,48.0,1014.6,True,ECMWF
2026-01-25T06:00:00Z,Karlsruhe_CCGT,-1.2,7.3,256.0,0,31.0,56.0,1016.9,False,GFS
2026-01-25T06:00:00Z,Landshut_OCGT,4.4,4.0,10.0,0,31.0,49.0,1016.3,True,ECMWF
2026-01-25T06:00:00Z,Nordsee_Wind,1.8,8.1,240.0,0,30.0,76.0,1009.6,True,ACTUAL
2026-01-25T06:00:00Z,Augsburg_Solar,1.3,4.4,216.0,0,38.0,63.0,1025.7,False,GFS
2026-01-25T07:00:00Z,Karlsruhe_CCGT,2.9,2.3,34.0,0,56.0,36.0,1007.3,True,GFS
2026-01-25T07:00:00Z,Landshut_OCGT,-4.3,0.6,63.0,0,95.0,49.0,993.1,False,GFS
2026-01-25T07:00:00Z,Nordsee_Wind,1.2,8.8,353.0,0,40.0,45.0,1006.1,False,GFS
2026-01-25T07:00:00Z,Augsburg_Solar,1.7,7.2,350.0,66.0,68.0,100,1011.9,False,ACTUAL
2026-01-25T08:00:00Z,Karlsruhe_CCGT,1.9,7.9,53.0,0,74.0,70.0,997.6,True,ACTUAL
2026-01-25T08:00:00Z,Landshut_OCGT,2.2,5.1,61.0,0,74.0,93.0,1013.4,True,ECMWF
2026-01-25T08:00:00Z,Nordsee_Wind,0.2,4.4,267.0,0,71.0,69.0,1026.6,True,ACTUAL
2026-01-25T08:00:00Z,Augsburg_Solar,0.2,4.9,43.0,244.0,42.0,81.0,1002.5,True,ECMWF
2026-01-25T09:00:00Z,Karlsruhe_CCGT,-0.8,0,174.0,0,63.0,57.0,1007.8,True,GFS
2026-01-25T09:00:00Z,Landshut_OCGT,-1.9,9.4,234.0,0,69.0,52.0,1008.0,False,ACTUAL
2026-01-25T09:00:00Z,Nordsee_Wind,6.2,9.4,262.0,0,62.0,94.0,996.7,True,ACTUAL
2026-01-25T09:00:00Z,Augsburg_Solar,-1.9,8.1,9.0,288.0,68.0,68.0,1021.9,False,ACTUAL
2026-01-25T10:00:00Z,Karlsruhe_CCGT,-4.9,9.0,241.0,0,74.0,72.0,1012.5,False,GFS
2026-01-25T10:00:00Z,Landshut_OCGT,-7.7,4.3,104.0,0,100,70.0,1000.5,False,ECMWF
2026-01-25T10:00:00Z,Nordsee_Wind,-5.8,5.6,224.0,0,100,79.0,1014.3,False,GFS
2026-01-25T10:00:00Z,Augsburg_Solar,-3.7,3.8,220.0,358.0,81.0,87.0,1028.3,False,ECMWF
2026-01-25T11:00:00Z,Karlsruhe_CCGT,3.7,5.1,277.0,0,71.0,86.0,1007.7,False,GFS
2026-01-25T11:00:00Z,Landshut_OCGT,-4.7,1.6,321.0,0,35.0,49.0,1029.9,True,ECMWF
2026-01-25T11:00:00Z,Nordsee_Wind,-3.4,5.3,254.0,0,45.0,44.0,1024.5,False,GFS
2026-01-25T11:00:00Z,Augsburg_Solar,-7.1,0,237.0,219.0,47.0,71.0,1012.5,False,GFS
2026-01-25T12:00:00Z,Karlsruhe_CCGT,-2.4,3.2,239.0,0,61.0,72.0,1011.9,False,ACTUAL
2026-01-25T12:00:00Z,Landshut_OCGT,-6.4,6.8,22.0,0,22.0,76.0,1007.7,True,GFS
2026-01-25T12:00:00Z,Nordsee_Wind,-6.8,10.1,81.0,0,40.0,68.0,1022.2,False,ECMWF
2026-01-25T12:00:00Z,Augsburg_Solar,-6.9,0.9,20.0,257.0,46.0,65.0,1013.7,True,GFS
2026-01-25T13:00:00Z,Karlsruhe_CCGT,-6.1,0,206.0,0,21.0,64.0,1014.4,True,ECMWF
2026-01-25T13:00:00Z,Landshut_OCGT,-6.5,0,270.0,0,40.0,67.0,1009.5,True,ACTUAL
2026-01-25T13:00:00Z,Nordsee_Wind,-11.4,4.4,46.0,0,30.0,74.0,1020.4,True,ACTUAL
2026-01-25T13:00:00Z,Augsburg_Solar,-7.3,8.2,316.0,270.0,59.0,68.0,1012.3,False,ACTUAL
2026-01-25T14:00:00Z,Karlsruhe_CCGT,-0.4,5.7,95.0,0,87.0,79.0,1017.9,False,ACTUAL
2026-01-25T14:00:00Z,Landshut_OCGT,-11.1,1.0,158.0,0,52.0,59.0,1003.0,False,GFS
2026-01-25T14:00:00Z,Nordsee_Wind,-7.2,3.5,81.0,0,44.0,60.0,1015.5,False,ECMWF
2026-01-25T14:00:00Z,Augsburg_Solar,-0.8,3.8,28.0,567.0,16.0,64.0,1005.7,False,GFS
2026-01-25T15:00:00Z,Karlsruhe_CCGT,-2.6,3.5,46.0,0,44.0,70.0,1019.4,True,ECMWF
2026-01-25T15:00:00Z,Landshut_OCGT,-6.8,0,227.0,0,38.0,70.0,1013.8,False,GFS
2026-01-25T15:00:00Z,Nordsee_Wind,-12.5,10.1,18.0,0,21.0,57.0,1008.9,False,ACTUAL
2026-01-25T15:00:00Z,Augsburg_Solar,-5.5,6.3,5.0,220.0,69.0,55.0,1000.2,True,GFS
2026-01-25T16:00:00Z,Karlsruhe_CCGT,-13.7,3.9,334.0,0,39.0,60.0,1008.4,False,GFS
2026-01-25T16:00:00Z,Landshut_OCGT,-7.2,3.4,203.0,0,0,58.0,1014.9,True,ECMWF
2026-01-25T16:00:00Z,Nordsee_Wind,-10.2,6.0,257.0,0,61.0,66.0,1016.2,True,GFS
2026-01-25T16:00:00Z,Augsburg_Solar,-7.1,0,10.0,428.0,56.0,81.0,1015.3,True,GFS
2026-01-25T17:00:00Z,Karlsruhe_CCGT,-7.2,4.1,241.0,0,34.0,88.0,1019.0,True,GFS
2026-01-25T17:00:00Z,Landshut_OCGT,-7.5,4.4,195.0,0,64.0,68.0,1021.7,True,ACTUAL
2026-01-25T17:00:00Z,Nordsee_Wind,-6.4,7.0,268.0,0,34.0,67.0,1006.0,False,ACTUAL
2026-01-25T17:00:00Z,Augsburg_Solar,-9.8,1.5,323.0,257.0,60.0,52.0,1016.2,True,ACTUAL
2026-01-25T18:00:00Z,Karlsruhe_CCGT,-5.3,6.7,248.0,0,56.0,48.0,1008.5,False,GFS
2026-01-25T18:00:00Z,Landshut_OCGT,-12.5,3.1,118.0,0,60.0,61.0,1019.4,False,GFS
2026-01-25T18:00:00Z,Nordsee_Wind,-14.6,8.2,87.0,0,48.0,76.0,1012.2,True,ACTUAL
2026-01-25T18:00:00Z,Augsburg_Solar,-5.8,3.2,175.0,257.0,78.0,90.0,1018.2,False,ACTUAL
2026-01-25T19:00:00Z,Karlsruhe_CCGT,-8.8,2.8,196.0,0,70.0,49.0,1006.9,True,GFS
2026-01-25T19:00:00Z,Landshut_OCGT,-10.2,2.5,33.0,0,76.0,56.0,1012.2,False,ACTUAL
2026-01-25T19:00:00Z,Nordsee_Wind,-7.5,12.5,206.0,0,55.0,60.0,1022.2,True,ECMWF
2026-01-25T19:00:00Z,Augsburg_Solar,-10.5,1.6,182.0,52.0,24.0,34.0,1016.6,False,ECMWF
2026-01-25T20:00:00Z,Karlsruhe_CCGT,-5.7,5.1,38.0,0,67.0,75.0,1001.8,True,ACTUAL
2026-01-25T20:00:00Z,Landshut_OCGT,-2.0,2.0,78.0,0,23.0,54.0,1016.0,True,GFS
2026-01-25T20:00:00Z,Nordsee_Wind,-9.5,9.1,152.0,0,60.0,64.0,1023.4,True,ECMWF
2026-01-25T20:00:00Z,Augsburg_Solar,-6.3,3.8,193.0,0.0,80.0,57.0,1004.9,True,ECMWF
2026-01-25T21:00:00Z,Karlsruhe_CCGT,-6.1,0,317.0,0,53.0,61.0,1008.4,False,ACTUAL
2026-01-25T21:00:00Z,Landshut_OCGT,-10.5,0,165.0,0,16.0,83.0,1028.2,False,GFS
2026-01-25T21:00:00Z,Nordsee_Wind,-8.8,7.3,280.0,0,56.0,68.0,1012.4,False,GFS
2026-01-25T21:00:00Z,Augsburg_Solar,-6.4,0,83.0,0,99.0,69.0,1013.6,False,ACTUAL
2026-01-25T22:00:00Z,Karlsruhe_CCGT,-2.0,0.4,105.0,0,45.0,37.0,1002.2,False,GFS
2026-01-25T22:00:00Z,Landshut_OCGT,-5.2,0.2,4.0,0,46.0,42.0,1021.7,False,GFS
2026-01-25T22:00:00Z,Nordsee_Wind,-3.2,11.2,277.0,0,7.0,67.0,1018.2,True,ACTUAL
2026-01-25T22:00:00Z,Augsburg_Solar,-5.3,3.2,189.0,0,45.0,84.0,1010.9,True,ECMWF
2026-01-25T23:00:00Z,Karlsruhe_CCGT,-6.5,3.9,314.0,0,71.0,68.0,1010.2,False,ACTUAL
2026-01-25T23:00:00Z,Landshut_OCGT,-2.5,3.7,237.0,0,57.0,72.0,1021.9,True,ECMWF
2026-01-25T23:00:00Z,Nordsee_Wind,-4.1,10.3,261.0,0,20.0,74.0,1005.6,True,GFS
2026-01-25T23:00:00Z,Augsburg_Solar,-2.9,3.5,156.0,0,55.0,45.0,999.9,True,ECMWF
2026-01-26T00:00:00Z,Karlsruhe_CCGT,0.6,0,260.0,0,32.0,67.0,1005.0,False,GFS
2026-01-26T00:00:00Z,Landshut_OCGT,-6.8,5.8,83.0,0,26.0,81.0,1017.7,True,ACTUAL
2026-01-26T00:00:00Z,Nordsee_Wind,-2.7,14.0,33.0,0,37.0,58.0,1012.8,False,GFS
2026-01-26T00:00:00Z,Augsburg_Solar,-1.7,7.7,125.0,0,51.0,58.0,1024.0,True,GFS
2026-01-26T01:00:00Z,Karlsruhe_CCGT,3.3,5.2,200.0,0,64.0,56.0,1020.6,True,ACTUAL
2026-01-26T01:00:00Z,Landshut_OCGT,-4.5,0,212.0,0,81.0,61.0,1025.8,False,ECMWF
2026-01-26T01:00:00Z,Nordsee_Wind,-3.2,7.4,184.0,0,49.0,29.0,1007.0,False,ECMWF
2026-01-26T01:00:00Z,Augsburg_Solar,1.6,0.8,326.0,0,33.0,62.0,996.0,False,ACTUAL
2026-01-26T02:00:00Z,Karlsruhe_CCGT,2.5,8.4,235.0,0,35.0,65.0,1015.5,True,GFS
2026-01-26T02:00:00Z,Landshut_OCGT,-4.1,3.6,209.0,0,87.0,81.0,1016.0,False,GFS
2026-01-26T02:00:00Z,Nordsee_Wind,-3.0,4.5,4.0,0,40.0,68.0,1016.9,True,ACTUAL
2026-01-26T02:00:00Z,Augsburg_Solar,-0.1,3.0,76.0,0,33.0,89.0,1020.7,True,GFS
2026-01-26T03:00:00Z,Karlsruhe_CCGT,-2.5,0.3,106.0,0,67.0,80.0,1018.7,False,ACTUAL
2026-01-26T03:00:00Z,Landshut_OCGT,1.8,0,269.0,0,70.0,70.0,1017.7,False,ACTUAL
2026-01-26T03:00:00Z,Nordsee_Wind,1.4,3.8,90.0,0,45.0,57.0,1007.5,False,GFS
2026-01-26T03:00:00Z,Augsburg_Solar,-3.0,1.6,134.0,0,76.0,80.0,1006.5,True,ACTUAL
2026-01-26T04:00:00Z,Karlsruhe_CCGT,-0.8,0,252.0,0,14.0,67.0,1011.0,True,ECMWF
2026-01-26T04:00:00Z,Landshut_OCGT,-3.4,5.5,14.0,0,30.0,54.0,1027.5,True,ACTUAL
2026-01-26T04:00:00Z,Nordsee_Wind,2.7,2.3,190.0,0,81.0,73.0,1011.2,True,ACTUAL
2026-01-26T04:00:00Z,Augsburg_Solar,3.1,3.1,222.0,0,66.0,56.0,1025.8,False,ECMWF
2026-01-26T05:00:00Z,Karlsruhe_CCGT,-1.3,1.9,124.0,0,56.0,83.0,1003.5,False,GFS
2026-01-26T05:00:00Z,Landshut_OCGT,8.4,6.8,309.0,0,86.0,78.0,1025.1,True,GFS
2026-01-26T05:00:00Z,Nordsee_Wind,5.0,10.3,32.0,0,54.0,71.0,1016.8,False,ECMWF
2026-01-26T05:00:00Z,Augsburg_Solar,-0.4,0.7,198.0,0,49.0,61.0,1021.2,True,ACTUAL
2026-01-26T06:00:00Z,Karlsruhe_CCGT,1.3,1.1,181.0,0,41.0,40.0,1023.8,True,ACTUAL
2026-01-26T06:00:00Z,Landshut_OCGT,-3.8,4.7,222.0,0,58.0,41.0,1002.1,False,GFS
2026-01-26T06:00:00Z,Nordsee_Wind,-6.6,6.9,42.0,0,13.0,56.0,1009.9,False,ECMWF
2026-01-26T06:00:00Z,Augsburg_Solar,4.3,0.9,332.0,0,35.0,49.0,1014.9,True,GFS
2026-01-26T07:00:00Z,Karlsruhe_CCGT,2.0,0,47.0,0,77.0,85.0,1015.8,False,ECMWF
2026-01-26T07:00:00Z,Landshut_OCGT,0.9,0,222.0,0,95.0,86.0,1017.4,False,ECMWF
2026-01-26T07:00:00Z,Nordsee_Wind,-0.3,6.6,56.0,0,49.0,50.0,1010.1,True,ACTUAL
2026-01-26T07:00:00Z,Augsburg_Solar,1.0,4.9,119.0,74.0,61.0,70.0,1020.3,True,ECMWF
2026-01-26T08:00:00Z,Karlsruhe_CCGT,1.3,0,312.0,0,32.0,57.0,1009.4,True,ECMWF
2026-01-26T08:00:00Z,Landshut_OCGT,-3.6,9.0,42.0,0,51.0,71.0,1008.4,False,GFS
2026-01-26T08:00:00Z,Nordsee_Wind,6.0,1.0,9.0,0,86.0,45.0,1005.7,False,ECMWF
2026-01-26T08:00:00Z,Augsburg_Solar,-1.8,1.6,127.0,132.0,86.0,26.0,1006.9,False,GFS
2026-01-26T09:00:00Z,Karlsruhe_CCGT,1.0,4.5,277.0,0,45.0,78.0,1013.7,True,ECMWF
2026-01-26T09:00:00Z,Landshut_OCGT,-2.2,6.6,275.0,0,42.0,49.0,1005.2,True,ACTUAL
2026-01-26T09:00:00Z,Nordsee_Wind,-2.4,8.9,197.0,0,5.0,76.0,1010.7,False,ACTUAL
2026-01-26T09:00:00Z,Augsburg_Solar,-0.6,2.1,222.0,158.0,0,53.0,1010.0,False,GFS
2026-01-26T10:00:00Z,Karlsruhe_CCGT,1.8,5.2,42.0,0,51.0,67.0,1011.7,True,GFS
2026-01-26T10:00:00Z,Landshut_OCGT,-0.7,6.6,51.0,0,100,50.0,1016.9,False,ACTUAL
2026-01-26T10:00:00Z,Nordsee_Wind,-1.4,5.8,178.0,0,0,66.0,1019.7,False,ACTUAL
2026-01-26T10:00:00Z,Augsburg_Solar,-4.0,5.4,206.0,318.0,0,59.0,1011.5,False,GFS
2026-01-26T11:00:00Z,Karlsruhe_CCGT,0.8,3.2,143.0,0,76.0,55.0,1024.7,True,ECMWF
2026-01-26T11:00:00Z,Landshut_OCGT,-0.4,3.0,265.0,0,51.0,73.0,1000.2,True,GFS
2026-01-26T11:00:00Z,Nordsee_Wind,-5.6,10.4,180.0,0,53.0,73.0,1011.3,True,ECMWF
2026-01-26T11:00:00Z,Augsburg_Solar,1.3,2.2,166.0,475.0,20.0,78.0,1010.1,True,ECMWF
2026-01-26T12:00:00Z,Karlsruhe_CCGT,-2.3,1.8,335.0,0,32.0,45.0,1023.2,True,GFS
2026-01-26T12:00:00Z,Landshut_OCGT,-0.8,4.6,53.0,0,78.0,77.0,1014.6,True,GFS
2026-01-26T12:00:00Z,Nordsee_Wind,-5.7,7.2,177.0,0,50.0,48.0,1014.8,False,ECMWF
2026-01-26T12:00:00Z,Augsburg_Solar,-6.5,3.3,88.0,355.0,70.0,67.0,1008.3,True,ECMWF
2026-01-26T13:00:00Z,Karlsruhe_CCGT,-3.9,2.3,32.0,0,62.0,61.0,1009.1,True,ACTUAL
2026-01-26T13:00:00Z,Landshut_OCGT,-2.5,0,27.0,0,100,97.0,1017.6,False,GFS
2026-01-26T13:00:00Z,Nordsee_Wind,-6.3,6.1,338.0,0,26.0,77.0,996.4,False,ECMWF
2026-01-26T13:00:00Z,Augsburg_Solar,-7.2,4.2,129.0,215.0,87.0,61.0,1009.4,True,ECMWF
2026-01-26T14:00:00Z,Karlsruhe_CCGT,-2.3,5.3,153.0,0,60.0,57.0,1021.9,True,ECMWF
2026-01-26T14:00:00Z,Landshut_OCGT,-4.9,2.9,122.0,0,36.0,70.0,1004.0,True,GFS
2026-01-26T14:00:00Z,Nordsee_Wind,-6.9,7.3,340.0,0,37.0,55.0,1006.0,False,ACTUAL
2026-01-26T14:00:00Z,Augsburg_Solar,-8.8,1.9,359.0,447.0,71.0,67.0,1021.0,False,GFS
2026-01-26T15:00:00Z,Karlsruhe_CCGT,-9.7,5.9,307.0,0,89.0,52.0,1018.7,False,ECMWF
2026-01-26T15:00:00Z,Landshut_OCGT,-4.9,0.4,204.0,0,14.0,52.0,1013.4,False,ECMWF
2026-01-26T15:00:00Z,Nordsee_Wind,-13.8,6.0,162.0,0,49.0,69.0,1007.6,False,ECMWF
2026-01-26T15:00:00Z,Augsburg_Solar,-10.3,7.9,208.0,210.0,40.0,63.0,996.0,True,ACTUAL
2026-01-26T16:00:00Z,Karlsruhe_CCGT,-10.8,0,259.0,0,52.0,47.0,1002.6,True,ACTUAL
2026-01-26T16:00:00Z,Landshut_OCGT,-8.2,6.3,258.0,0,51.0,47.0,1007.0,False,ECMWF
2026-01-26T16:00:00Z,Nordsee_Wind,-7.7,5.4,102.0,0,46.0,64.0,1025.5,False,ACTUAL
2026-01-26T16:00:00Z,Augsburg_Solar,-13.6,4.4,242.0,358.0,17.0,55.0,1014.3,True,ECMWF
2026-01-26T17:00:00Z,Karlsruhe_CCGT,-7.9,0.1,9.0,0,62.0,54.0,1015.8,False,ACTUAL
2026-01-26T17:00:00Z,Landshut_OCGT,-6.4,3.8,15.0,0,46.0,65.0,1025.6,False,ECMWF
2026-01-26T17:00:00Z,Nordsee_Wind,-13.4,5.9,100.0,0,9.0,56.0,1012.6,True,ECMWF
2026-01-26T17:00:00Z,Augsburg_Solar,-8.4,2.3,211.0,337.0,53.0,76.0,1012.3,True,ECMWF
2026-01-26T18:00:00Z,Karlsruhe_CCGT,-8.3,7.7,300.0,0,22.0,67.0,1021.6,False,GFS
2026-01-26T18:00:00Z,Landshut_OCGT,-8.6,0,173.0,0,54.0,58.0,1002.7,True,GFS
2026-01-26T18:00:00Z,Nordsee_Wind,-8.9,5.0,211.0,0,52.0,41.0,1027.6,True,ACTUAL
2026-01-26T18:00:00Z,Augsburg_Solar,-12.6,4.6,239.0,174.0,42.0,61.0,1033.2,True,GFS
2026-01-26T19:00:00Z,Karlsruhe_CCGT,-12.3,1.7,310.0,0,100,70.0,1004.4,True,ECMWF
2026-01-26T19:00:00Z,Landshut_OCGT,-9.1,4.1,289.0,0,52.0,77.0,1017.8,True,ECMWF
2026-01-26T19:00:00Z,Nordsee_Wind,-6.9,10.6,277.0,0,48.0,59.0,1018.5,True,GFS
2026-01-26T19:00:00Z,Augsburg_Solar,-4.6,5.6,39.0,72.0,40.0,70.0,1007.7,False,ECMWF
2026-01-26T20:00:00Z,Karlsruhe_CCGT,-8.8,0,22.0,0,44.0,100,1019.5,True,GFS
2026-01-26T20:00:00Z,Landshut_OCGT,-7.6,6.7,179.0,0,67.0,68.0,1009.7,True,GFS
2026-01-26T20:00:00Z,Nordsee_Wind,-5.6,10.3,272.0,0,35.0,62.0,1013.0,True,ECMWF
2026-01-26T20:00:00Z,Augsburg_Solar,-10.0,1.0,290.0,0.0,49.0,84.0,1014.2,False,GFS
2026-01-26T21:00:00Z,Karlsruhe_CCGT,-8.2,3.8,38.0,0,7.0,66.0,1008.9,True,ECMWF
2026-01-26T21:00:00Z,Landshut_OCGT,-7.4,5.2,132.0,0,77.0,84.0,1006.4,True,ECMWF
2026-01-26T21:00:00Z,Nordsee_Wind,-7.2,8.5,345.0,0,45.0,69.0,1017.8,True,ACTUAL
2026-01-26T21:00:00Z,Augsburg_Solar,-7.8,6.8,220.0,0,58.0,57.0,1023.4,False,GFS
2026-01-26T22:00:00Z,Karlsruhe_CCGT,-7.4,2.5,53.0,0,69.0,77.0,1027.0,False,ECMWF
2026-01-26T22:00:00Z,Landshut_OCGT,-9.8,8.3,208.0,0,13.0,68.0,1010.9,False,GFS
2026-01-26T22:00:00Z,Nordsee_Wind,-1.4,6.8,94.0,0,42.0,51.0,1006.9,False,ACTUAL
2026-01-26T22:00:00Z,Augsburg_Solar,-3.9,1.5,20.0,0,92.0,55.0,1009.7,False,ACTUAL
2026-01-26T23:00:00Z,Karlsruhe_CCGT,-2.8,0,258.0,0,59.0,65.0,1016.5,True,GFS
2026-01-26T23:00:00Z,Landshut_OCGT,-5.1,0,13.0,0,47.0,38.0,1010.7,False,ECMWF
2026-01-26T23:00:00Z,Nordsee_Wind,-3.5,5.0,167.0,0,79.0,67.0,998.1,True,ACTUAL
2026-01-26T23:00:00Z,Augsburg_Solar,-10.7,1.5,7.0,0,0,78.0,1017.8,False,ECMWF
2026-01-27T00:00:00Z,Karlsruhe_CCGT,-0.1,5.1,233.0,0,48.0,48.0,1009.0,False,ECMWF
2026-01-27T00:00:00Z,Landshut_OCGT,-6.4,7.9,131.0,0,51.0,70.0,1007.0,False,ACTUAL
2026-01-27T00:00:00Z,Nordsee_Wind,-1.2,3.3,337.0,0,52.0,53.0,1000.7,False,ACTUAL
2026-01-27T00:00:00Z,Augsburg_Solar,-4.8,0,217.0,0,92.0,70.0,1012.7,True,GFS
2026-01-27T01:00:00Z,Karlsruhe_CCGT,-1.2,5.3,12.0,0,39.0,45.0,1014.3,True,GFS
2026-01-27T01:00:00Z,Landshut_OCGT,-3.4,5.0,135.0,0,39.0,75.0,1009.5,False,ACTUAL
2026-01-27T01:00:00Z,Nordsee_Wind,-6.6,7.5,99.0,0,68.0,67.0,1017.9,True,ECMWF
2026-01-27T01:00:00Z,Augsburg_Solar,-1.8,0,278.0,0,57.0,45.0,1009.9,True,ECMWF
2026-01-27T02:00:00Z,Karlsruhe_CCGT,-1.4,7.3,268.0,0,75.0,72.0,1010.2,True,GFS
2026-01-27T02:00:00Z,Landshut_OCGT,0.2,0,116.0,0,28.0,53.0,1014.0,False,ECMWF
2026-01-27T02:00:00Z,Nordsee_Wind,-3.3,6.9,76.0,0,71.0,74.0,1014.6,False,ECMWF
2026-01-27T02:00:00Z,Augsburg_Solar,-0.3,0,228.0,0,55.0,65.0,1027.4,False,ACTUAL
2026-01-27T03:00:00Z,Karlsruhe_CCGT,3.7,1.2,291.0,0,63.0,47.0,1012.7,True,GFS
2026-01-27T03:00:00Z,Landshut_OCGT,1.5,0,297.0,0,35.0,63.0,1006.3,False,ECMWF
2026-01-27T03:00:00Z,Nordsee_Wind,0.1,8.3,351.0,0,0,75.0,1015.6,False,GFS
2026-01-27T03:00:00Z,Augsburg_Solar,1.5,0,3.0,0,70.0,81.0,1007.1,True,ACTUAL
2026-01-27T04:00:00Z,Karlsruhe_CCGT,3.4,3.1,81.0,0,71.0,45.0,1018.5,False,ACTUAL
2026-01-27T04:00:00Z,Landshut_OCGT,0.1,3.1,219.0,0,50.0,89.0,1005.5,False,GFS
2026-01-27T04:00:00Z,Nordsee_Wind,1.5,9.7,51.0,0,61.0,62.0,1018.7,False,GFS
2026-01-27T04:00:00Z,Augsburg_Solar,2.1,3.3,129.0,0,58.0,61.0,1010.3,True,ECMWF
2026-01-27T05:00:00Z,Karlsruhe_CCGT,-0.8,1.7,224.0,0,65.0,67.0,1012.1,False,ECMWF
2026-01-27T05:00:00Z,Landshut_OCGT,7.9,4.8,35.0,0,73.0,34.0,1014.4,False,GFS
2026-01-27T05:00:00Z,Nordsee_Wind,-1.0,9.2,223.0,0,60.0,51.0,1013.5,True,GFS
2026-01-27T05:00:00Z,Augsburg_Solar,-4.4,2.3,231.0,0,56.0,79.0,1016.6,True,ECMWF
2026-01-27T06:00:00Z,Karlsruhe_CCGT,-3.7,0,310.0,0,53.0,44.0,1014.0,False,ACTUAL
2026-01-27T06:00:00Z,Landshut_OCGT,0.1,3.9,155.0,0,29.0,76.0,1025.2,False,ACTUAL
2026-01-27T06:00:00Z,Nordsee_Wind,1.2,9.8,169.0,0,27.0,84.0,1002.6,True,ECMWF
2026-01-27T06:00:00Z,Augsburg_Solar,0.4,0,72.0,0,76.0,56.0,1004.0,False,ECMWF
2026-01-27T07:00:00Z,Karlsruhe_CCGT,4.3,0,155.0,0,55.0,95.0,1016.5,True,ACTUAL
2026-01-27T07:00:00Z,Landshut_OCGT,2.8,6.4,274.0,0,70.0,84.0,1015.4,False,ECMWF
2026-01-27T07:00:00Z,Nordsee_Wind,-0.2,10.5,342.0,0,62.0,64.0,1030.7,False,ECMWF
2026-01-27T07:00:00Z,Augsburg_Solar,1.1,4.9,293.0,44.0,37.0,70.0,1008.4,False,GFS
2026-01-27T08:00:00Z,Karlsruhe_CCGT,-7.7,3.0,160.0,0,0,62.0,1010.2,False,GFS
2026-01-27T08:00:00Z,Landshut_OCGT,-0.3,3.6,86.0,0,56.0,41.0,1019.4,False,ACTUAL
2026-01-27T08:00:00Z,Nordsee_Wind,1.6,5.7,225.0,0,37.0,73.0,1012.0,True,GFS
2026-01-27T08:00:00Z,Augsburg_Solar,0.5,0,155.0,194.0,27.0,80.0,1006.7,True,GFS
2026-01-27T09:00:00Z,Karlsruhe_CCGT,4.2,7.1,169.0,0,65.0,91.0,1026.1,True,ACTUAL
2026-01-27T09:00:00Z,Landshut_OCGT,-4.1,0,239.0,0,48.0,51.0,1011.9,False,GFS
2026-01-27T09:00:00Z,Nordsee_Wind,-3.8,7.6,255.0,0,37.0,33.0,1013.5,False,ACTUAL
2026-01-27T09:00:00Z,Augsburg_Solar,3.3,4.4,280.0,136.0,56.0,36.0,1004.0,True,GFS
2026-01-27T10:00:00Z,Karlsruhe_CCGT,1.5,0,215.0,0,73.0,69.0,1015.6,True,GFS
2026-01-27T10:00:00Z,Landshut_OCGT,-0.4,5.7,138.0,0,50.0,64.0,1005.6,True,ECMWF
2026-01-27T10:00:00Z,Nordsee_Wind,2.2,8.8,230.0,0,52.0,23.0,1010.8,False,ACTUAL
2026-01-27T10:00:00Z,Augsburg_Solar,3.3,5.2,64.0,380.0,45.0,84.0,1003.5,False,GFS
2026-01-27T11:00:00Z,Karlsruhe_CCGT,-6.3,6.5,183.0,0,84.0,78.0,1013.0,False,ECMWF
2026-01-27T11:00:00Z,Landshut_OCGT,-9.9,1.5,297.0,0,29.0,55.0,1006.7,True,GFS
2026-01-27T11:00:00Z,Nordsee_Wind,-1.1,6.2,297.0,0,41.0,69.0,1017.5,False,ACTUAL
2026-01-27T11:00:00Z,Augsburg_Solar,-4.7,7.2,72.0,530.0,84.0,69.0,1014.0,False,GFS
2026-01-27T12:00:00Z,Karlsruhe_CCGT,-1.3,3.2,136.0,0,63.0,79.0,1010.2,True,ACTUAL
2026-01-27T12:00:00Z,Landshut_OCGT,-2.1,0.9,228.0,0,71.0,89.0,1009.8,True,GFS
2026-01-27T12:00:00Z,Nordsee_Wind,-9.7,3.7,126.0,0,80.0,54.0,1003.2,False,GFS
2026-01-27T12:00:00Z,Augsburg_Solar,-1.6,8.5,123.0,481.0,95.0,62.0,1007.8,False,ECMWF
2026-01-27T13:00:00Z,Karlsruhe_CCGT,-6.3,0.6,87.0,0,48.0,47.0,1021.1,True,ACTUAL
2026-01-27T13:00:00Z,Landshut_OCGT,-6.9,3.5,94.0,0,86.0,63.0,1013.2,False,GFS
2026-01-27T13:00:00Z,Nordsee_Wind,-6.8,18.4,266.0,0,16.0,57.0,1008.8,True,ACTUAL
2026-01-27T13:00:00Z,Augsburg_Solar,-6.5,4.8,104.0,366.0,70.0,35.0,995.2,True,ACTUAL
2026-01-27T14:00:00Z,Karlsruhe_CCGT,-5.0,5.7,212.0,0,100,87.0,1015.2,True,GFS
2026-01-27T14:00:00Z,Landshut_OCGT,-7.3,4.6,195.0,0,38.0,55.0,1021.8,False,ACTUAL
2026-01-27T14:00:00Z,Nordsee_Wind,-9.2,7.8,206.0,0,34.0,76.0,1004.1,False,ACTUAL
2026-01-27T14:00:00Z,Augsburg_Solar,-7.2,3.8,92.0,557.0,81.0,51.0,1011.3,True,ACTUAL
2026-01-27T15:00:00Z,Karlsruhe_CCGT,-4.0,4.7,41.0,0,74.0,39.0,1015.5,True,ECMWF
2026-01-27T15:00:00Z,Landshut_OCGT,-11.7,3.2,94.0,0,0,78.0,1004.4,True,ACTUAL
2026-01-27T15:00:00Z,Nordsee_Wind,-4.3,11.5,213.0,0,38.0,76.0,1004.9,False,ACTUAL
2026-01-27T15:00:00Z,Augsburg_Solar,-10.3,3.7,104.0,239.0,61.0,68.0,1020.3,True,GFS
2026-01-27T16:00:00Z,Karlsruhe_CCGT,-5.8,2.9,64.0,0,22.0,58.0,1005.1,False,ACTUAL
2026-01-27T16:00:00Z,Landshut_OCGT,-4.0,0,240.0,0,30.0,81.0,1017.0,True,ECMWF
2026-01-27T16:00:00Z,Nordsee_Wind,-11.4,9.5,116.0,0,57.0,55.0,1005.6,True,ACTUAL
2026-01-27T16:00:00Z,Augsburg_Solar,4.9,3.5,225.0,462.0,67.0,71.0,1014.5,False,ECMWF
2026-01-27T17:00:00Z,Karlsruhe_CCGT,-14.8,1.1,164.0,0,21.0,49.0,1004.1,False,ACTUAL
2026-01-27T17:00:00Z,Landshut_OCGT,-10.2,6.0,231.0,0,47.0,68.0,1030.7,False,ACTUAL
2026-01-27T17:00:00Z,Nordsee_Wind,-3.2,2.3,123.0,0,0,41.0,1010.9,False,GFS
2026-01-27T17:00:00Z,Augsburg_Solar,-6.5,8.1,82.0,126.0,75.0,46.0,1019.0,False,ACTUAL
2026-01-27T18:00:00Z,Karlsruhe_CCGT,-10.0,0.4,308.0,0,55.0,61.0,998.3,True,ACTUAL
2026-01-27T18:00:00Z,Landshut_OCGT,-3.3,0,4.0,0,62.0,56.0,1012.7,False,GFS
2026-01-27T18:00:00Z,Nordsee_Wind,-6.2,7.3,290.0,0,0,50.0,1022.4,False,ACTUAL
2026-01-27T18:00:00Z,Augsburg_Solar,-10.2,2.9,82.0,231.0,38.0,47.0,1010.8,False,ACTUAL
2026-01-27T19:00:00Z,Karlsruhe_CCGT,-6.1,0.8,82.0,0,27.0,59.0,1024.9,True,ECMWF
2026-01-27T19:00:00Z,Landshut_OCGT,-9.4,5.0,85.0,0,11.0,75.0,1009.4,False,ACTUAL
2026-01-27T19:00:00Z,Nordsee_Wind,-7.2,6.6,272.0,0,56.0,52.0,1008.2,True,GFS
2026-01-27T19:00:00Z,Augsburg_Solar,-8.6,1.2,267.0,49.0,73.0,65.0,1001.5,False,GFS
2026-01-27T20:00:00Z,Karlsruhe_CCGT,-11.8,3.2,159.0,0,61.0,69.0,1008.4,False,ACTUAL
2026-01-27T20:00:00Z,Landshut_OCGT,-8.1,0,326.0,0,5.0,93.0,1026.6,True,GFS
2026-01-27T20:00:00Z,Nordsee_Wind,-5.2,10.1,242.0,0,22.0,42.0,1024.3,True,ACTUAL
2026-01-27T20:00:00Z,Augsburg_Solar,-5.6,0,225.0,0.0,50.0,86.0,1009.1,True,ACTUAL
2026-01-27T21:00:00Z,Karlsruhe_CCGT,-7.3,0,182.0,0,48.0,75.0,1015.3,False,GFS
2026-01-27T21:00:00Z,Landshut_OCGT,-1.6,1.2,344.0,0,67.0,81.0,1008.7,True,ECMWF
2026-01-27T21:00:00Z,Nordsee_Wind,-4.1,6.3,253.0,0,15.0,82.0,1002.0,False,ECMWF
2026-01-27T21:00:00Z,Augsburg_Solar,-8.1,3.9,119.0,0,0,51.0,1018.5,False,ECMWF
2026-01-27T22:00:00Z,Karlsruhe_CCGT,-6.4,0,137.0,0,36.0,64.0,1002.9,True,GFS
2026-01-27T22:00:00Z,Landshut_OCGT,-0.6,1.3,85.0,0,21.0,44.0,1010.5,True,ACTUAL
2026-01-27T22:00:00Z,Nordsee_Wind,-3.0,5.9,114.0,0,10.0,50.0,1013.5,False,ACTUAL
2026-01-27T22:00:00Z,Augsburg_Solar,-5.7,5.2,78.0,0,73.0,59.0,1007.6,True,ECMWF
2026-01-27T23:00:00Z,Karlsruhe_CCGT,-0.8,4.5,230.0,0,52.0,68.0,1029.1,True,ECMWF
2026-01-27T23:00:00Z,Landshut_OCGT,-3.7,4.7,318.0,0,51.0,77.0,1013.3,True,ACTUAL
2026-01-27T23:00:00Z,Nordsee_Wind,0.3,9.4,247.0,0,46.0,51.0,1018.3,False,GFS
2026-01-27T23:00:00Z,Augsburg_Solar,-9.5,0.4,100.0,0,54.0,79.0,1012.9,True,ECMWF
2026-01-28T00:00:00Z,Karlsruhe_CCGT,-1.0,2.5,17.0,0,24.0,51.0,1012.8,False,ACTUAL
2026-01-28T00:00:00Z,Landshut_OCGT,-4.1,2.2,72.0,0,52.0,75.0,1005.5,True,ECMWF
2026-01-28T00:00:00Z,Nordsee_Wind,-2.8,5.2,281.0,0,45.0,84.0,1013.4,True,GFS
2026-01-28T00:00:00Z,Augsburg_Solar,-2.8,4.5,154.0,0,77.0,61.0,1019.0,False,ECMWF
2026-01-28T01:00:00Z,Karlsruhe_CCGT,-0.8,4.5,11.0,0,59.0,68.0,1006.1,False,GFS
2026-01-28T01:00:00Z,Landshut_OCGT,-4.4,1.2,73.0,0,47.0,91.0,1007.0,True,ECMWF
2026-01-28T01:00:00Z,Nordsee_Wind,-6.2,10.0,54.0,0,71.0,74.0,1019.8,True,ACTUAL
2026-01-28T01:00:00Z,Augsburg_Solar,0.1,3.8,149.0,0,44.0,37.0,1007.7,True,GFS
2026-01-28T02:00:00Z,Karlsruhe_CCGT,-0.5,1.0,105.0,0,59.0,60.0,1017.9,False,ECMWF
2026-01-28T02:00:00Z,Landshut_OCGT,-5.4,0,289.0,0,6.0,74.0,1006.6,True,ECMWF
2026-01-28T02:00:00Z,Nordsee_Wind,-0.3,7.2,254.0,0,78.0,89.0,1016.0,False,GFS
2026-01-28T02:00:00Z,Augsburg_Solar,-1.7,3.3,116.0,0,35.0,62.0,1021.7,False,ACTUAL
2026-01-28T03:00:00Z,Karlsruhe_CCGT,0.8,3.5,94.0,0,39.0,56.0,1017.1,True,ACTUAL
2026-01-28T03:00:00Z,Landshut_OCGT,2.5,5.5,66.0,0,37.0,83.0,1011.0,False,ACTUAL
2026-01-28T03:00:00Z,Nordsee_Wind,-5.0,4.3,67.0,0,25.0,66.0,1027.8,True,ACTUAL
2026-01-28T03:00:00Z,Augsburg_Solar,1.7,3.5,114.0,0,66.0,68.0,1002.8,False,GFS
2026-01-28T04:00:00Z,Karlsruhe_CCGT,-5.5,1.8,146.0,0,63.0,46.0,1016.5,True,ECMWF
2026-01-28T04:00:00Z,Landshut_OCGT,-0.3,2.9,106.0,0,33.0,83.0,1016.4,False,ACTUAL
2026-01-28T04:00:00Z,Nordsee_Wind,-4.3,6.4,33.0,0,68.0,84.0,1016.9,True,ACTUAL
2026-01-28T04:00:00Z,Augsburg_Solar,3.6,0.8,242.0,0,38.0,32.0,989.0,False,GFS
2026-01-28T05:00:00Z,Karlsruhe_CCGT,1.3,4.1,320.0,0,49.0,67.0,1013.5,True,ECMWF
2026-01-28T05:00:00Z,Landshut_OCGT,4.9,4.2,257.0,0,89.0,57.0,1015.5,False,ECMWF
2026-01-28T05:00:00Z,Nordsee_Wind,5.4,7.0,137.0,0,56.0,44.0,1024.0,False,ECMWF
2026-01-28T05:00:00Z,Augsburg_Solar,3.4,1.0,149.0,0,100,41.0,1020.7,False,ECMWF
2026-01-28T06:00:00Z,Karlsruhe_CCGT,-0.9,7.4,268.0,0,0,77.0,1010.2,False,ECMWF
2026-01-28T06:00:00Z,Landshut_OCGT,-1.9,1.6,190.0,0,51.0,100,1010.6,True,ACTUAL
2026-01-28T06:00:00Z,Nordsee_Wind,4.1,6.8,164.0,0,100,87.0,1017.9,False,ECMWF
2026-01-28T06:00:00Z,Augsburg_Solar,-0.7,0,254.0,0,11.0,82.0,1014.6,False,ACTUAL
2026-01-28T07:00:00Z,Karlsruhe_CCGT,-2.6,6.7,299.0,0,27.0,72.0,1004.3,True,GFS
2026-01-28T07:00:00Z,Landshut_OCGT,-2.0,0.1,279.0,0,82.0,59.0,1000.0,False,ACTUAL
2026-01-28T07:00:00Z,Nordsee_Wind,5.8,8.9,3.0,0,63.0,54.0,1014.8,False,GFS
2026-01-28T07:00:00Z,Augsburg_Solar,4.8,0,254.0,71.0,81.0,55.0,998.7,True,ACTUAL
2026-01-28T08:00:00Z,Karlsruhe_CCGT,1.2,5.3,49.0,0,19.0,42.0,1008.2,True,ACTUAL
2026-01-28T08:00:00Z,Landshut_OCGT,3.1,0,267.0,0,53.0,45.0,1029.0,True,ACTUAL
2026-01-28T08:00:00Z,Nordsee_Wind,2.1,14.5,231.0,0,32.0,63.0,1020.1,True,GFS
2026-01-28T08:00:00Z,Augsburg_Solar,1.5,4.5,304.0,237.0,75.0,50.0,1015.1,True,ACTUAL
2026-01-28T09:00:00Z,Karlsruhe_CCGT,4.8,0,130.0,0,47.0,75.0,1005.7,False,ACTUAL
2026-01-28T09:00:00Z,Landshut_OCGT,-1.6,3.0,260.0,0,29.0,60.0,1012.9,True,ACTUAL
2026-01-28T09:00:00Z,Nordsee_Wind,-1.1,6.4,220.0,0,54.0,70.0,1005.6,False,ACTUAL
2026-01-28T09:00:00Z,Augsburg_Solar,0.3,2.7,45.0,208.0,43.0,60.0,999.7,True,ECMWF
2026-01-28T10:00:00Z,Karlsruhe_CCGT,-5.3,0,49.0,0,46.0,64.0,1011.2,True,ACTUAL
2026-01-28T10:00:00Z,Landshut_OCGT,-1.9,0,356.0,0,19.0,54.0,1009.4,True,ACTUAL
2026-01-28T10:00:00Z,Nordsee_Wind,-4.0,8.3,83.0,0,43.0,70.0,1017.3,False,GFS
2026-01-28T10:00:00Z,Augsburg_Solar,1.7,5.8,30.0,391.0,55.0,63.0,1016.7,False,GFS
2026-01-28T11:00:00Z,Karlsruhe_CCGT,2.5,6.7,354.0,0,42.0,69.0,1024.5,True,ACTUAL
2026-01-28T11:00:00Z,Landshut_OCGT,-1.8,0,196.0,0,73.0,82.0,999.2,False,GFS
2026-01-28T11:00:00Z,Nordsee_Wind,-3.4,10.8,223.0,0,67.0,74.0,1000.4,True,GFS
2026-01-28T11:00:00Z,Augsburg_Solar,-5.5,0,24.0,288.0,67.0,60.0,1005.9,True,GFS
2026-01-28T12:00:00Z,Karlsruhe_CCGT,2.5,0.3,359.0,0,34.0,69.0,1015.0,True,GFS
2026-01-28T12:00:00Z,Landshut_OCGT,3.2,7.7,214.0,0,42.0,85.0,1013.6,True,ECMWF
2026-01-28T12:00:00Z,Nordsee_Wind,0.4,6.3,68.0,0,74.0,82.0,1011.7,True,GFS
2026-01-28T12:00:00Z,Augsburg_Solar,-2.8,4.6,184.0,178.0,29.0,59.0,1011.2,False,GFS
2026-01-28T13:00:00Z,Karlsruhe_CCGT,-8.8,1.8,299.0,0,48.0,57.0,1010.3,False,GFS
2026-01-28T13:00:00Z,Landshut_OCGT,-2.6,2.0,239.0,0,60.0,83.0,1015.5,True,ACTUAL
2026-01-28T13:00:00Z,Nordsee_Wind,-7.6,2.4,232.0,0,82.0,87.0,1018.6,False,ECMWF
2026-01-28T13:00:00Z,Augsburg_Solar,-2.9,1.3,267.0,400.0,79.0,58.0,1018.8,True,ACTUAL
2026-01-28T14:00:00Z,Karlsruhe_CCGT,-3.2,4.4,284.0,0,86.0,98.0,1014.8,True,ACTUAL
2026-01-28T14:00:00Z,Landshut_OCGT,-9.6,0,213.0,0,85.0,82.0,1013.3,True,GFS
2026-01-28T14:00:00Z,Nordsee_Wind,-1.6,8.1,251.0,0,24.0,49.0,1016.5,False,ACTUAL
2026-01-28T14:00:00Z,Augsburg_Solar,-8.8,5.2,71.0,266.0,95.0,50.0,1026.4,False,ECMWF
2026-01-28T15:00:00Z,Karlsruhe_CCGT,-4.0,6.3,168.0,0,75.0,94.0,1022.3,False,ACTUAL
2026-01-28T15:00:00Z,Landshut_OCGT,-8.8,0.5,182.0,0,21.0,81.0,1002.1,False,ACTUAL
2026-01-28T15:00:00Z,Nordsee_Wind,-6.0,13.0,20.0,0,15.0,38.0,1010.6,True,ECMWF
2026-01-28T15:00:00Z,Augsburg_Solar,-3.8,4.0,269.0,523.0,50.0,57.0,1013.1,True,ECMWF
2026-01-28T16:00:00Z,Karlsruhe_CCGT,-7.5,0,201.0,0,68.0,66.0,1018.2,True,GFS
2026-01-28T16:00:00Z,Landshut_OCGT,-10.2,6.4,270.0,0,55.0,66.0,1009.1,False,ECMWF
2026-01-28T16:00:00Z,Nordsee_Wind,-7.1,4.2,345.0,0,45.0,40.0,1012.5,True,ACTUAL
2026-01-28T16:00:00Z,Augsburg_Solar,0.8,0,309.0,240.0,17.0,80.0,1013.5,False,ECMWF
2026-01-28T17:00:00Z,Karlsruhe_CCGT,-5.6,1.9,231.0,0,81.0,51.0,1006.8,True,GFS
2026-01-28T17:00:00Z,Landshut_OCGT,-5.5,7.6,70.0,0,100,76.0,1022.1,False,ECMWF
2026-01-28T17:00:00Z,Nordsee_Wind,-4.1,6.3,171.0,0,21.0,57.0,1009.8,False,ACTUAL
2026-01-28T17:00:00Z,Augsburg_Solar,-6.5,6.4,21.0,195.0,71.0,77.0,1022.0,True,ECMWF
2026-01-28T18:00:00Z,Karlsruhe_CCGT,-10.8,2.8,253.0,0,11.0,74.0,1007.3,True,GFS
2026-01-28T18:00:00Z,Landshut_OCGT,-12.6,1.8,259.0,0,76.0,64.0,1027.4,True,ACTUAL
2026-01-28T18:00:00Z,Nordsee_Wind,-0.6,8.5,136.0,0,59.0,68.0,1001.4,False,ACTUAL
2026-01-28T18:00:00Z,Augsburg_Solar,-10.2,0,340.0,82.0,8.0,84.0,1013.7,True,ECMWF
2026-01-28T19:00:00Z,Karlsruhe_CCGT,-8.0,2.5,44.0,0,47.0,60.0,1015.6,True,GFS
2026-01-28T19:00:00Z,Landshut_OCGT,-7.2,4.0,74.0,0,53.0,50.0,1018.1,True,ACTUAL
2026-01-28T19:00:00Z,Nordsee_Wind,-5.3,11.1,235.0,0,42.0,53.0,1020.3,True,ACTUAL
2026-01-28T19:00:00Z,Augsburg_Solar,-2.8,4.9,101.0,81.0,27.0,61.0,1020.7,True,ACTUAL
2026-01-28T20:00:00Z,Karlsruhe_CCGT,-10.8,6.4,261.0,0,59.0,54.0,1003.8,True,ACTUAL
2026-01-28T20:00:00Z,Landshut_OCGT,-4.5,1.9,311.0,0,79.0,85.0,1003.5,False,ACTUAL
2026-01-28T20:00:00Z,Nordsee_Wind,-8.1,7.0,8.0,0,32.0,57.0,1031.4,True,ACTUAL
2026-01-28T20:00:00Z,Augsburg_Solar,-12.5,1.8,127.0,0.0,69.0,58.0,1013.0,True,GFS
2026-01-28T21:00:00Z,Karlsruhe_CCGT,-9.1,5.0,330.0,0,60.0,43.0,1017.9,True,ACTUAL
2026-01-28T21:00:00Z,Landshut_OCGT,-7.9,1.1,167.0,0,9.0,49.0,1008.6,False,ACTUAL
2026-01-28T21:00:00Z,Nordsee_Wind,-7.5,13.3,87.0,0,100,65.0,1005.8,True,ECMWF
2026-01-28T21:00:00Z,Augsburg_Solar,-8.2,0.4,314.0,0,35.0,33.0,1007.9,False,ECMWF
2026-01-28T22:00:00Z,Karlsruhe_CCGT,-4.7,6.2,255.0,0,73.0,61.0,1011.6,False,ECMWF
2026-01-28T22:00:00Z,Landshut_OCGT,-5.8,2.1,191.0,0,81.0,71.0,1003.4,True,GFS
2026-01-28T22:00:00Z,Nordsee_Wind,-7.3,8.5,12.0,0,98.0,69.0,1013.2,True,ACTUAL
2026-01-28T22:00:00Z,Augsburg_Solar,-3.6,0,306.0,0,84.0,75.0,1013.4,True,GFS
2026-01-28T23:00:00Z,Karlsruhe_CCGT,-4.1,0.9,38.0,0,41.0,62.0,1012.1,True,ACTUAL
2026-01-28T23:00:00Z,Landshut_OCGT,-7.7,0.9,51.0,0,42.0,57.0,1015.0,False,ACTUAL
2026-01-28T23:00:00Z,Nordsee_Wind,-5.3,11.4,324.0,0,75.0,80.0,1016.7,False,ACTUAL
2026-01-28T23:00:00Z,Augsburg_Solar,-9.5,0,227.0,0,32.0,67.0,999.2,True,GFS
2026-01-29T00:00:00Z,Karlsruhe_CCGT,-0.4,5.0,291.0,0,90.0,85.0,1016.5,False,ECMWF
2026-01-29T00:00:00Z,Landshut_OCGT,2.2,3.6,266.0,0,64.0,58.0,1005.4,True,ECMWF
2026-01-29T00:00:00Z,Nordsee_Wind,-5.5,6.2,27.0,0,23.0,71.0,1023.8,False,ACTUAL
2026-01-29T00:00:00Z,Augsburg_Solar,-7.0,0,318.0,0,20.0,63.0,1008.6,True,GFS
2026-01-29T01:00:00Z,Karlsruhe_CCGT,0.4,3.7,256.0,0,100,62.0,1016.3,False,ECMWF
2026-01-29T01:00:00Z,Landshut_OCGT,0.3,4.1,63.0,0,61.0,51.0,1006.8,True,ECMWF
2026-01-29T01:00:00Z,Nordsee_Wind,-2.7,6.7,152.0,0,21.0,71.0,1010.8,True,ACTUAL
2026-01-29T01:00:00Z,Augsburg_Solar,1.5,6.5,49.0,0,7.0,65.0,1013.5,False,ECMWF
2026-01-29T02:00:00Z,Karlsruhe_CCGT,2.9,6.3,3.0,0,25.0,72.0,1005.7,True,ECMWF
2026-01-29T02:00:00Z,Landshut_OCGT,-0.6,2.2,302.0,0,21.0,100,1018.4,False,GFS
2026-01-29T02:00:00Z,Nordsee_Wind,-2.5,7.4,250.0,0,49.0,42.0,1001.2,True,ACTUAL
2026-01-29T02:00:00Z,Augsburg_Solar,-3.6,5.6,32.0,0,86.0,73.0,1012.8,True,GFS
2026-01-29T03:00:00Z,Karlsruhe_CCGT,4.4,1.6,95.0,0,67.0,68.0,1006.6,True,ACTUAL
2026-01-29T03:00:00Z,Landshut_OCGT,5.9,2.0,107.0,0,59.0,76.0,1022.4,False,ECMWF
2026-01-29T03:00:00Z,Nordsee_Wind,-5.9,9.1,318.0,0,19.0,82.0,1013.6,True,ACTUAL
2026-01-29T03:00:00Z,Augsburg_Solar,-4.3,1.7,336.0,0,91.0,66.0,1014.8,True,GFS
2026-01-29T04:00:00Z,Karlsruhe_CCGT,7.5,4.3,209.0,0,50.0,54.0,1025.1,True,ACTUAL
2026-01-29T04:00:00Z,Landshut_OCGT,-0.1,0,351.0,0,100,77.0,1005.5,True,ACTUAL
2026-01-29T04:00:00Z,Nordsee_Wind,-3.9,5.5,300.0,0,70.0,60.0,1005.8,True,ACTUAL
2026-01-29T04:00:00Z,Augsburg_Solar,1.8,0,284.0,0,20.0,96.0,1014.3,False,GFS
2026-01-29T05:00:00Z,Karlsruhe_CCGT,3.1,12.0,326.0,0,65.0,69.0,1008.7,False,GFS
2026-01-29T05:00:00Z,Landshut_OCGT,2.0,0.2,73.0,0,0,32.0,997.0,False,ACTUAL
2026-01-29T05:00:00Z,Nordsee_Wind,8.0,7.9,215.0,0,65.0,44.0,1006.5,False,ACTUAL
2026-01-29T05:00:00Z,Augsburg_Solar,0.3,11.7,101.0,0,77.0,89.0,1024.0,False,ECMWF
2026-01-29T06:00:00Z,Karlsruhe_CCGT,-8.5,0,327.0,0,33.0,48.0,991.7,False,ACTUAL
2026-01-29T06:00:00Z,Landshut_OCGT,0.1,0,39.0,0,54.0,56.0,1021.2,True,ECMWF
2026-01-29T06:00:00Z,Nordsee_Wind,2.8,9.6,358.0,0,60.0,46.0,1013.7,True,ECMWF
2026-01-29T06:00:00Z,Augsburg_Solar,-4.0,4.4,138.0,0,23.0,35.0,1021.2,False,ACTUAL
2026-01-29T07:00:00Z,Karlsruhe_CCGT,2.4,0.2,350.0,0,69.0,43.0,1002.4,True,ECMWF
2026-01-29T07:00:00Z,Landshut_OCGT,-2.8,1.9,33.0,0,39.0,45.0,1009.3,False,ACTUAL
2026-01-29T07:00:00Z,Nordsee_Wind,-0.8,5.9,188.0,0,40.0,90.0,1012.6,False,GFS
2026-01-29T07:00:00Z,Augsburg_Solar,-0.1,1.4,105.0,115.0,61.0,44.0,1016.3,True,ECMWF
2026-01-29T08:00:00Z,Karlsruhe_CCGT,-2.3,6.8,236.0,0,26.0,59.0,1016.5,True,GFS
2026-01-29T08:00:00Z,Landshut_OCGT,0.4,3.3,112.0,0,93.0,59.0,1015.5,True,ACTUAL
2026-01-29T08:00:00Z,Nordsee_Wind,5.7,5.9,85.0,0,56.0,60.0,1018.4,False,GFS
2026-01-29T08:00:00Z,Augsburg_Solar,3.9,1.4,237.0,227.0,59.0,44.0,1035.3,True,ACTUAL
2026-01-29T09:00:00Z,Karlsruhe_CCGT,5.4,2.5,7.0,0,39.0,67.0,1013.8,True,GFS
2026-01-29T09:00:00Z,Landshut_OCGT,-1.4,1.4,52.0,0,23.0,55.0,1018.8,False,ECMWF
2026-01-29T09:00:00Z,Nordsee_Wind,-3.5,6.3,334.0,0,48.0,64.0,1003.1,True,ECMWF
2026-01-29T09:00:00Z,Augsburg_Solar,-0.9,3.5,220.0,224.0,80.0,55.0,1028.8,True,ECMWF
2026-01-29T10:00:00Z,Karlsruhe_CCGT,1.5,0,157.0,0,54.0,66.0,1025.6,False,GFS
2026-01-29T10:00:00Z,Landshut_OCGT,-2.4,0,150.0,0,79.0,53.0,999.3,True,GFS
2026-01-29T10:00:00Z,Nordsee_Wind,-1.6,9.3,39.0,0,78.0,85.0,1005.8,False,ECMWF
2026-01-29T10:00:00Z,Augsburg_Solar,-2.6,2.7,229.0,193.0,64.0,68.0,1017.3,True,ACTUAL
2026-01-29T11:00:00Z,Karlsruhe_CCGT,-7.1,5.0,289.0,0,41.0,64.0,1005.5,True,ACTUAL
2026-01-29T11:00:00Z,Landshut_OCGT,-0.8,4.1,186.0,0,63.0,87.0,1023.7,False,ECMWF
2026-01-29T11:00:00Z,Nordsee_Wind,-2.4,9.8,339.0,0,42.0,92.0,1016.5,False,GFS
2026-01-29T11:00:00Z,Augsburg_Solar,4.5,0,196.0,392.0,81.0,56.0,1007.7,False,ECMWF
2026-01-29T12:00:00Z,Karlsruhe_CCGT,0.0,1.1,198.0,0,54.0,53.0,1014.7,False,ECMWF
2026-01-29T12:00:00Z,Landshut_OCGT,-4.9,8.7,292.0,0,0,56.0,1025.5,False,GFS
2026-01-29T12:00:00Z,Nordsee_Wind,2.0,10.3,159.0,0,59.0,87.0,1009.7,True,GFS
2026-01-29T12:00:00Z,Augsburg_Solar,-3.5,6.9,269.0,529.0,54.0,85.0,1003.4,False,GFS
2026-01-29T13:00:00Z,Karlsruhe_CCGT,-2.6,5.1,146.0,0,25.0,79.0,1005.3,False,GFS
2026-01-29T13:00:00Z,Landshut_OCGT,-7.3,9.6,262.0,0,76.0,70.0,1001.0,False,ECMWF
2026-01-29T13:00:00Z,Nordsee_Wind,-8.3,8.4,36.0,0,72.0,53.0,1028.3,False,ECMWF
2026-01-29T13:00:00Z,Augsburg_Solar,-9.8,0,74.0,508.0,51.0,50.0,1012.9,False,ACTUAL
2026-01-29T14:00:00Z,Karlsruhe_CCGT,-8.2,2.4,119.0,0,58.0,70.0,1002.3,False,GFS
2026-01-29T14:00:00Z,Landshut_OCGT,-6.7,2.4,60.0,0,55.0,71.0,1009.0,False,GFS
2026-01-29T14:00:00Z,Nordsee_Wind,-2.1,13.0,201.0,0,81.0,63.0,1012.1,False,GFS
2026-01-29T14:00:00Z,Augsburg_Solar,-7.6,0,297.0,493.0,32.0,68.0,1001.3,True,ACTUAL
2026-01-29T15:00:00Z,Karlsruhe_CCGT,-6.4,2.0,84.0,0,45.0,52.0,1018.5,False,GFS
2026-01-29T15:00:00Z,Landshut_OCGT,-3.5,4.7,79.0,0,41.0,57.0,1008.9,False,ACTUAL
2026-01-29T15:00:00Z,Nordsee_Wind,-9.7,4.3,175.0,0,100,41.0,1007.8,False,ECMWF
2026-01-29T15:00:00Z,Augsburg_Solar,-4.6,5.8,79.0,381.0,32.0,54.0,1009.7,False,ACTUAL
2026-01-29T16:00:00Z,Karlsruhe_CCGT,-5.7,7.6,305.0,0,74.0,38.0,1012.1,False,ACTUAL
2026-01-29T16:00:00Z,Landshut_OCGT,-9.0,2.5,215.0,0,33.0,76.0,1004.8,True,ACTUAL
2026-01-29T16:00:00Z,Nordsee_Wind,-10.5,9.8,275.0,0,100,24.0,1003.4,True,ACTUAL
2026-01-29T16:00:00Z,Augsburg_Solar,-12.0,6.2,133.0,351.0,30.0,70.0,1013.9,True,ACTUAL
2026-01-29T17:00:00Z,Karlsruhe_CCGT,-11.0,0,341.0,0,41.0,70.0,1013.2,True,ACTUAL
2026-01-29T17:00:00Z,Landshut_OCGT,-4.7,1.7,40.0,0,46.0,40.0,1009.3,True,ECMWF
2026-01-29T17:00:00Z,Nordsee_Wind,-6.5,8.4,22.0,0,39.0,78.0,1023.2,True,GFS
2026-01-29T17:00:00Z,Augsburg_Solar,-5.6,7.5,56.0,320.0,59.0,64.0,1020.8,False,ACTUAL
2026-01-29T18:00:00Z,Karlsruhe_CCGT,-4.1,0,301.0,0,96.0,47.0,1003.5,False,ECMWF
2026-01-29T18:00:00Z,Landshut_OCGT,-9.1,3.4,272.0,0,64.0,76.0,1013.2,False,ACTUAL
2026-01-29T18:00:00Z,Nordsee_Wind,-8.2,6.5,43.0,0,73.0,67.0,1010.3,True,GFS
2026-01-29T18:00:00Z,Augsburg_Solar,-9.7,4.5,356.0,194.0,49.0,78.0,1024.0,False,GFS
2026-01-29T19:00:00Z,Karlsruhe_CCGT,-7.6,1.3,6.0,0,57.0,70.0,1006.9,True,GFS
2026-01-29T19:00:00Z,Landshut_OCGT,-9.1,0,276.0,0,44.0,60.0,1025.1,False,GFS
2026-01-29T19:00:00Z,Nordsee_Wind,-5.8,8.2,263.0,0,64.0,77.0,1017.4,False,ECMWF
2026-01-29T19:00:00Z,Augsburg_Solar,-6.3,6.2,1.0,68.0,88.0,92.0,1010.9,False,ACTUAL
2026-01-29T20:00:00Z,Karlsruhe_CCGT,-9.2,0.5,179.0,0,47.0,74.0,1014.1,False,ECMWF
2026-01-29T20:00:00Z,Landshut_OCGT,-8.0,4.5,210.0,0,52.0,63.0,1009.2,True,ACTUAL
2026-01-29T20:00:00Z,Nordsee_Wind,-5.6,3.5,198.0,0,45.0,69.0,1009.5,True,GFS
2026-01-29T20:00:00Z,Augsburg_Solar,-7.7,4.9,324.0,0.0,61.0,68.0,1007.8,True,ECMWF
2026-01-29T21:00:00Z,Karlsruhe_CCGT,-8.2,3.8,97.0,0,45.0,56.0,1011.9,True,GFS
2026-01-29T21:00:00Z,Landshut_OCGT,-3.8,2.5,97.0,0,36.0,59.0,1013.2,True,GFS
2026-01-29T21:00:00Z,Nordsee_Wind,-10.5,7.4,147.0,0,24.0,52.0,1012.0,True,ACTUAL
2026-01-29T21:00:00Z,Augsburg_Solar,-3.9,0,38.0,0,44.0,69.0,1022.9,True,ECMWF
2026-01-29T22:00:00Z,Karlsruhe_CCGT,-6.2,1.8,296.0,0,100,79.0,1007.4,True,GFS
2026-01-29T22:00:00Z,Landshut_OCGT,0.6,0,233.0,0,43.0,60.0,1012.1,True,ECMWF
2026-01-29T22:00:00Z,Nordsee_Wind,-6.2,10.4,245.0,0,99.0,74.0,1007.4,False,ECMWF
2026-01-29T22:00:00Z,Augsburg_Solar,-3.6,2.6,69.0,0,67.0,73.0,1005.2,False,ACTUAL
2026-01-29T23:00:00Z,Karlsruhe_CCGT,-6.2,2.0,223.0,0,81.0,62.0,1017.5,False,ACTUAL
2026-01-29T23:00:00Z,Landshut_OCGT,0.5,4.1,171.0,0,50.0,88.0,1011.1,True,ECMWF
2026-01-29T23:00:00Z,Nordsee_Wind,-6.4,14.0,163.0,0,34.0,73.0,1000.6,False,ECMWF
2026-01-29T23:00:00Z,Augsburg_Solar,-4.0,6.6,17.0,0,63.0,60.0,1025.6,True,GFS
2026-01-30T00:00:00Z,Karlsruhe_CCGT,-4.9,4.9,208.0,0,74.0,70.0,1013.5,True,ECMWF
2026-01-30T00:00:00Z,Landshut_OCGT,-3.2,1.7,212.0,0,47.0,73.0,1014.3,False,ECMWF
2026-01-30T00:00:00Z,Nordsee_Wind,2.1,5.4,105.0,0,54.0,66.0,1014.7,False,ECMWF
2026-01-30T00:00:00Z,Augsburg_Solar,-4.6,2.7,39.0,0,26.0,82.0,994.6,True,ECMWF
2026-01-30T01:00:00Z,Karlsruhe_CCGT,-0.5,0,82.0,0,78.0,72.0,1020.8,False,ECMWF
2026-01-30T01:00:00Z,Landshut_OCGT,1.3,1.1,197.0,0,85.0,73.0,1016.1,False,GFS
2026-01-30T01:00:00Z,Nordsee_Wind,-3.7,3.5,252.0,0,52.0,75.0,1013.8,False,GFS
2026-01-30T01:00:00Z,Augsburg_Solar,-6.1,4.7,218.0,0,58.0,55.0,1009.1,True,ECMWF
2026-01-30T02:00:00Z,Karlsruhe_CCGT,-4.0,1.6,325.0,0,90.0,55.0,1013.0,True,ECMWF
2026-01-30T02:00:00Z,Landshut_OCGT,-0.8,3.8,359.0,0,35.0,64.0,1008.1,False,GFS
2026-01-30T02:00:00Z,Nordsee_Wind,-3.8,7.9,233.0,0,65.0,56.0,1020.7,True,ECMWF
2026-01-30T02:00:00Z,Augsburg_Solar,0.4,0.6,341.0,0,8.0,61.0,1008.6,False,GFS
2026-01-30T03:00:00Z,Karlsruhe_CCGT,1.4,6.2,209.0,0,53.0,37.0,1014.8,False,ECMWF
2026-01-30T03:00:00Z,Landshut_OCGT,2.8,4.3,168.0,0,47.0,84.0,1024.8,False,ECMWF
2026-01-30T03:00:00Z,Nordsee_Wind,3.3,7.6,354.0,0,74.0,53.0,1015.2,False,ACTUAL
2026-01-30T03:00:00Z,Augsburg_Solar,8.1,0,345.0,0,32.0,49.0,1003.2,True,ACTUAL
2026-01-30T04:00:00Z,Karlsruhe_CCGT,0.5,6.2,12.0,0,40.0,68.0,1018.4,True,GFS
2026-01-30T04:00:00Z,Landshut_OCGT,1.5,6.1,129.0,0,49.0,61.0,1008.8,True,ACTUAL
2026-01-30T04:00:00Z,Nordsee_Wind,-0.8,9.4,68.0,0,20.0,66.0,1007.7,True,ACTUAL
2026-01-30T04:00:00Z,Augsburg_Solar,0.8,4.4,1.0,0,15.0,80.0,1001.1,False,ACTUAL
2026-01-30T05:00:00Z,Karlsruhe_CCGT,4.6,1.1,153.0,0,7.0,52.0,1013.2,True,ECMWF
2026-01-30T05:00:00Z,Landshut_OCGT,2.5,7.3,201.0,0,5.0,82.0,1022.7,True,ACTUAL
2026-01-30T05:00:00Z,Nordsee_Wind,4.2,8.9,91.0,0,58.0,69.0,1017.0,False,ACTUAL
2026-01-30T05:00:00Z,Augsburg_Solar,6.3,5.6,272.0,0,27.0,54.0,999.3,True,ECMWF
2026-01-30T06:00:00Z,Karlsruhe_CCGT,3.5,6.5,324.0,0,30.0,51.0,1003.5,False,ACTUAL
2026-01-30T06:00:00Z,Landshut_OCGT,4.0,3.9,225.0,0,36.0,60.0,1013.4,True,ACTUAL
2026-01-30T06:00:00Z,Nordsee_Wind,-0.5,9.5,70.0,0,59.0,68.0,1009.5,False,ACTUAL
2026-01-30T06:00:00Z,Augsburg_Solar,1.5,0.2,322.0,0,51.0,61.0,1008.5,False,GFS
2026-01-30T07:00:00Z,Karlsruhe_CCGT,2.1,0,181.0,0,70.0,66.0,1005.9,True,ECMWF
2026-01-30T07:00:00Z,Landshut_OCGT,4.3,3.5,291.0,0,100,75.0,1004.6,False,GFS
2026-01-30T07:00:00Z,Nordsee_Wind,3.2,8.2,90.0,0,76.0,56.0,1014.1,True,ACTUAL
2026-01-30T07:00:00Z,Augsburg_Solar,-0.5,9.1,348.0,54.0,100,85.0,1028.2,False,GFS
2026-01-30T08:00:00Z,Karlsruhe_CCGT,8.6,0.3,120.0,0,90.0,63.0,1006.7,False,ACTUAL
2026-01-30T08:00:00Z,Landshut_OCGT,-0.9,0,106.0,0,61.0,38.0,1009.2,True,ACTUAL
2026-01-30T08:00:00Z,Nordsee_Wind,3.3,5.5,261.0,0,33.0,51.0,1006.9,True,ACTUAL
2026-01-30T08:00:00Z,Augsburg_Solar,1.6,6.5,142.0,185.0,82.0,53.0,1003.8,False,GFS
2026-01-30T09:00:00Z,Karlsruhe_CCGT,1.3,1.2,316.0,0,38.0,67.0,1017.1,False,ACTUAL
2026-01-30T09:00:00Z,Landshut_OCGT,3.6,5.5,269.0,0,44.0,37.0,1012.1,False,ACTUAL
2026-01-30T09:00:00Z,Nordsee_Wind,-4.1,7.0,301.0,0,57.0,59.0,1017.6,True,ACTUAL
2026-01-30T09:00:00Z,Augsburg_Solar,7.5,5.0,260.0,192.0,51.0,65.0,1010.7,True,ACTUAL
2026-01-30T10:00:00Z,Karlsruhe_CCGT,-3.9,0,148.0,0,63.0,20.0,1004.8,True,ECMWF
2026-01-30T10:00:00Z,Landshut_OCGT,1.0,1.0,319.0,0,5.0,65.0,1012.5,False,ACTUAL
2026-01-30T10:00:00Z,Nordsee_Wind,-5.6,8.9,319.0,0,23.0,82.0,1013.9,False,ECMWF
2026-01-30T10:00:00Z,Augsburg_Solar,-0.1,0,335.0,279.0,72.0,77.0,1028.8,False,GFS
2026-01-30T11:00:00Z,Karlsruhe_CCGT,-0.8,3.8,65.0,0,56.0,84.0,1012.9,True,ECMWF
2026-01-30T11:00:00Z,Landshut_OCGT,-7.6,2.5,141.0,0,99.0,35.0,1023.2,True,ECMWF
2026-01-30T11:00:00Z,Nordsee_Wind,1.2,7.1,39.0,0,73.0,88.0,1018.3,True,ECMWF
2026-01-30T11:00:00Z,Augsburg_Solar,-0.2,3.0,19.0,299.0,0,86.0,1015.6,True,ECMWF
2026-01-30T12:00:00Z,Karlsruhe_CCGT,-3.9,8.2,265.0,0,38.0,56.0,1018.7,True,GFS
2026-01-30T12:00:00Z,Landshut_OCGT,-1.6,2.3,106.0,0,58.0,39.0,1019.4,False,ECMWF
2026-01-30T12:00:00Z,Nordsee_Wind,-0.4,8.9,195.0,0,30.0,58.0,1003.6,False,GFS
2026-01-30T12:00:00Z,Augsburg_Solar,-0.2,0,18.0,386.0,19.0,65.0,1006.5,False,ACTUAL
2026-01-30T13:00:00Z,Karlsruhe_CCGT,-6.2,2.1,138.0,0,30.0,63.0,1021.1,True,GFS
2026-01-30T13:00:00Z,Landshut_OCGT,-3.7,1.2,44.0,0,40.0,68.0,1013.2,True,ECMWF
2026-01-30T13:00:00Z,Nordsee_Wind,-3.7,15.6,17.0,0,23.0,68.0,1012.5,True,GFS
2026-01-30T13:00:00Z,Augsburg_Solar,-3.1,3.1,242.0,589.0,44.0,40.0,1020.2,False,GFS
2026-01-30T14:00:00Z,Karlsruhe_CCGT,-6.0,8.6,349.0,0,30.0,45.0,1006.8,False,ECMWF
2026-01-30T14:00:00Z,Landshut_OCGT,-10.0,4.6,133.0,0,57.0,69.0,1013.8,True,GFS
2026-01-30T14:00:00Z,Nordsee_Wind,-10.5,12.9,281.0,0,64.0,71.0,1015.3,False,ACTUAL
2026-01-30T14:00:00Z,Augsburg_Solar,-8.1,0,249.0,437.0,0,95.0,1014.1,False,ECMWF
2026-01-30T15:00:00Z,Karlsruhe_CCGT,-5.5,0.9,157.0,0,56.0,68.0,1010.0,True,ACTUAL
2026-01-30T15:00:00Z,Landshut_OCGT,-3.2,5.8,315.0,0,77.0,44.0,1018.8,False,GFS
2026-01-30T15:00:00Z,Nordsee_Wind,-4.8,7.0,356.0,0,44.0,41.0,1017.5,True,ECMWF
2026-01-30T15:00:00Z,Augsburg_Solar,-1.9,1.3,207.0,270.0,36.0,60.0,1004.7,True,ACTUAL
2026-01-30T16:00:00Z,Karlsruhe_CCGT,-11.3,4.5,306.0,0,43.0,93.0,1001.1,False,ECMWF
2026-01-30T16:00:00Z,Landshut_OCGT,-3.1,2.1,330.0,0,19.0,65.0,1016.5,False,ACTUAL
2026-01-30T16:00:00Z,Nordsee_Wind,-7.6,11.7,20.0,0,34.0,56.0,1013.2,False,ECMWF
2026-01-30T16:00:00Z,Augsburg_Solar,-8.5,3.6,276.0,398.0,26.0,80.0,1006.3,True,ACTUAL
2026-01-30T17:00:00Z,Karlsruhe_CCGT,-7.5,2.6,71.0,0,36.0,55.0,1020.3,False,ECMWF
2026-01-30T17:00:00Z,Landshut_OCGT,-4.4,3.3,320.0,0,17.0,86.0,1011.2,True,ACTUAL
2026-01-30T17:00:00Z,Nordsee_Wind,-4.5,7.5,50.0,0,0,82.0,1003.9,True,ECMWF
2026-01-30T17:00:00Z,Augsburg_Solar,-5.7,4.1,295.0,290.0,62.0,67.0,1025.5,False,ACTUAL
2026-01-30T18:00:00Z,Karlsruhe_CCGT,-7.4,6.1,125.0,0,100,89.0,1015.9,False,GFS
2026-01-30T18:00:00Z,Landshut_OCGT,-8.9,2.9,346.0,0,4.0,64.0,1007.8,True,ECMWF
2026-01-30T18:00:00Z,Nordsee_Wind,-4.5,8.6,263.0,0,30.0,92.0,1003.1,False,ACTUAL
2026-01-30T18:00:00Z,Augsburg_Solar,-8.4,4.3,348.0,212.0,18.0,49.0,1004.1,True,ECMWF
2026-01-30T19:00:00Z,Karlsruhe_CCGT,-8.2,2.2,223.0,0,68.0,44.0,1009.9,True,ECMWF
2026-01-30T19:00:00Z,Landshut_OCGT,-7.0,1.9,124.0,0,27.0,26.0,1032.4,True,ECMWF
2026-01-30T19:00:00Z,Nordsee_Wind,-8.6,3.1,109.0,0,70.0,76.0,1005.2,True,GFS
2026-01-30T19:00:00Z,Augsburg_Solar,-4.1,0,325.0,78.0,30.0,50.0,1026.8,True,ACTUAL
2026-01-30T20:00:00Z,Karlsruhe_CCGT,-7.3,6.5,92.0,0,51.0,75.0,1010.9,True,ACTUAL
2026-01-30T20:00:00Z,Landshut_OCGT,-11.1,0,272.0,0,67.0,53.0,1016.0,True,ECMWF
2026-01-30T20:00:00Z,Nordsee_Wind,-6.5,10.1,149.0,0,6.0,64.0,1015.4,False,GFS
2026-01-30T20:00:00Z,Augsburg_Solar,-7.7,4.0,308.0,0.0,31.0,56.0,1011.6,False,ACTUAL
2026-01-30T21:00:00Z,Karlsruhe_CCGT,-3.1,2.4,103.0,0,0,72.0,985.2,False,GFS
2026-01-30T21:00:00Z,Landshut_OCGT,-7.7,4.1,42.0,0,50.0,45.0,1019.3,False,GFS
2026-01-30T21:00:00Z,Nordsee_Wind,-11.8,7.1,37.0,0,0,85.0,1013.1,True,ECMWF
2026-01-30T21:00:00Z,Augsburg_Solar,-2.0,0.9,92.0,0,71.0,57.0,1007.4,False,ECMWF
2026-01-30T22:00:00Z,Karlsruhe_CCGT,-3.6,6.6,320.0,0,46.0,55.0,1011.2,True,ACTUAL
2026-01-30T22:00:00Z,Landshut_OCGT,-5.1,3.5,53.0,0,29.0,70.0,1026.7,False,ACTUAL
2026-01-30T22:00:00Z,Nordsee_Wind,-5.7,7.6,55.0,0,88.0,80.0,1012.7,True,GFS
2026-01-30T22:00:00Z,Augsburg_Solar,-4.9,0,121.0,0,39.0,61.0,990.3,False,GFS
2026-01-30T23:00:00Z,Karlsruhe_CCGT,-6.6,0.8,67.0,0,95.0,69.0,1013.6,False,GFS
2026-01-30T23:00:00Z,Landshut_OCGT,-5.6,2.4,155.0,0,63.0,55.0,1011.3,False,ECMWF
2026-01-30T23:00:00Z,Nordsee_Wind,0.1,6.5,254.0,0,75.0,56.0,1020.1,False,ACTUAL
2026-01-30T23:00:00Z,Augsburg_Solar,-8.0,0,36.0,0,0,72.0,1014.2,False,GFS
2026-01-31T00:00:00Z,Karlsruhe_CCGT,2.0,5.2,343.0,0,65.0,89.0,1018.1,True,ACTUAL
2026-01-31T00:00:00Z,Landshut_OCGT,-8.8,4.2,333.0,0,33.0,44.0,1009.3,True,ECMWF
2026-01-31T00:00:00Z,Nordsee_Wind,-2.0,7.5,8.0,0,15.0,53.0,1018.3,False,ECMWF
2026-01-31T00:00:00Z,Augsburg_Solar,-1.2,5.5,193.0,0,3.0,72.0,1017.7,False,GFS
2026-01-31T01:00:00Z,Karlsruhe_CCGT,1.2,0,98.0,0,78.0,61.0,1015.9,True,ACTUAL
2026-01-31T01:00:00Z,Landshut_OCGT,-7.4,0,133.0,0,67.0,53.0,1010.8,False,ECMWF
2026-01-31T01:00:00Z,Nordsee_Wind,-1.0,2.6,76.0,0,54.0,41.0,1017.0,True,ACTUAL
2026-01-31T01:00:00Z,Augsburg_Solar,-1.8,0,197.0,0,100,63.0,1021.9,True,ACTUAL
2026-01-31T02:00:00Z,Karlsruhe_CCGT,-0.9,1.3,31.0,0,29.0,79.0,1019.0,True,GFS
2026-01-31T02:00:00Z,Landshut_OCGT,4.6,1.1,202.0,0,26.0,78.0,1018.8,True,ACTUAL
2026-01-31T02:00:00Z,Nordsee_Wind,4.2,10.5,69.0,0,91.0,52.0,1013.4,False,ECMWF
2026-01-31T02:00:00Z,Augsburg_Solar,-2.5,4.9,210.0,0,39.0,55.0,1015.3,True,ACTUAL
2026-01-31T03:00:00Z,Karlsruhe_CCGT,0.7,2.5,197.0,0,31.0,53.0,1001.1,True,ACTUAL
2026-01-31T03:00:00Z,Landshut_OCGT,2.9,2.9,63.0,0,86.0,87.0,1013.8,True,ECMWF
2026-01-31T03:00:00Z,Nordsee_Wind,0.7,7.2,186.0,0,63.0,55.0,1014.8,False,ACTUAL
2026-01-31T03:00:00Z,Augsburg_Solar,2.2,3.3,147.0,0,50.0,70.0,1020.6,True,ECMWF
2026-01-31T04:00:00Z,Karlsruhe_CCGT,0.5,5.0,225.0,0,19.0,68.0,1014.2,True,GFS
2026-01-31T04:00:00Z,Landshut_OCGT,4.2,2.3,310.0,0,63.0,75.0,1032.8,False,ACTUAL
2026-01-31T04:00:00Z,Nordsee_Wind,-1.7,9.9,87.0,0,65.0,65.0,1010.4,True,ECMWF
2026-01-31T04:00:00Z,Augsburg_Solar,2.1,6.9,112.0,0,43.0,58.0,1002.6,False,GFS
2026-01-31T05:00:00Z,Karlsruhe_CCGT,2.8,3.2,254.0,0,83.0,38.0,1008.6,False,ECMWF
2026-01-31T05:00:00Z,Landshut_OCGT,3.6,4.4,208.0,0,42.0,63.0,999.3,True,ACTUAL
2026-01-31T05:00:00Z,Nordsee_Wind,4.4,13.2,221.0,0,22.0,67.0,1017.9,True,GFS
2026-01-31T05:00:00Z,Augsburg_Solar,5.6,3.9,21.0,0,55.0,72.0,1013.9,False,ACTUAL
2026-01-31T06:00:00Z,Karlsruhe_CCGT,1.7,0,7.0,0,9.0,38.0,1023.8,False,ECMWF
2026-01-31T06:00:00Z,Landshut_OCGT,-1.2,4.2,104.0,0,0,60.0,1017.1,False,ACTUAL
2026-01-31T06:00:00Z,Nordsee_Wind,-4.0,9.7,37.0,0,59.0,69.0,1009.7,True,GFS
2026-01-31T06:00:00Z,Augsburg_Solar,2.3,4.1,302.0,0,91.0,47.0,1013.8,True,ACTUAL
2026-01-31T07:00:00Z,Karlsruhe_CCGT,0.9,6.4,254.0,0,97.0,92.0,1013.4,False,ECMWF
2026-01-31T07:00:00Z,Landshut_OCGT,4.4,3.8,262.0,0,100,33.0,1008.0,True,ECMWF
2026-01-31T07:00:00Z,Nordsee_Wind,2.1,15.8,357.0,0,39.0,67.0,1026.5,True,ECMWF
2026-01-31T07:00:00Z,Augsburg_Solar,1.1,5.6,21.0,75.0,59.0,60.0,1009.7,False,GFS
2026-01-31T08:00:00Z,Karlsruhe_CCGT,2.6,7.1,102.0,0,63.0,54.0,1014.5,True,ACTUAL
2026-01-31T08:00:00Z,Landshut_OCGT,-0.5,6.6,40.0,0,88.0,62.0,1002.3,True,GFS
2026-01-31T08:00:00Z,Nordsee_Wind,3.5,7.6,198.0,0,37.0,54.0,1019.2,True,GFS
2026-01-31T08:00:00Z,Augsburg_Solar,1.4,2.8,247.0,163.0,65.0,61.0,1005.4,False,ECMWF
2026-01-31T09:00:00Z,Karlsruhe_CCGT,1.9,2.2,5.0,0,62.0,72.0,1013.9,True,ACTUAL
2026-01-31T09:00:00Z,Landshut_OCGT,7.6,1.1,224.0,0,69.0,53.0,1019.3,False,ECMWF
2026-01-31T09:00:00Z,Nordsee_Wind,4.3,7.5,288.0,0,37.0,69.0,1014.6,False,GFS
2026-01-31T09:00:00Z,Augsburg_Solar,-0.6,0.8,100.0,247.0,59.0,83.0,1016.4,True,ECMWF
2026-01-31T10:00:00Z,Karlsruhe_CCGT,-2.7,0,273.0,0,67.0,58.0,1022.0,False,ACTUAL
2026-01-31T10:00:00Z,Landshut_OCGT,1.7,2.8,310.0,0,42.0,71.0,1013.9,False,ECMWF
2026-01-31T10:00:00Z,Nordsee_Wind,-5.9,7.8,266.0,0,65.0,70.0,1019.9,False,GFS
2026-01-31T10:00:00Z,Augsburg_Solar,-1.5,1.5,49.0,426.0,19.0,40.0,1007.4,False,ACTUAL
2026-01-31T11:00:00Z,Karlsruhe_CCGT,-2.6,1.9,338.0,0,98.0,43.0,1006.6,False,ECMWF
2026-01-31T11:00:00Z,Landshut_OCGT,-0.9,4.2,338.0,0,48.0,57.0,1010.9,True,GFS
2026-01-31T11:00:00Z,Nordsee_Wind,-3.6,7.1,14.0,0,65.0,56.0,1016.5,True,GFS
2026-01-31T11:00:00Z,Augsburg_Solar,-3.1,8.2,24.0,423.0,37.0,70.0,1013.1,False,GFS
2026-01-31T12:00:00Z,Karlsruhe_CCGT,-6.7,0,72.0,0,40.0,67.0,1019.3,True,GFS
2026-01-31T12:00:00Z,Landshut_OCGT,-5.6,8.1,266.0,0,37.0,100,1002.6,False,ACTUAL
2026-01-31T12:00:00Z,Nordsee_Wind,-4.4,7.4,291.0,0,90.0,66.0,1024.0,True,ECMWF
2026-01-31T12:00:00Z,Augsburg_Solar,-1.1,2.8,298.0,564.0,30.0,57.0,1024.8,True,ACTUAL
2026-01-31T13:00:00Z,Karlsruhe_CCGT,-4.1,4.5,195.0,0,46.0,54.0,1014.5,True,ECMWF
2026-01-31T13:00:00Z,Landshut_OCGT,-3.3,0,324.0,0,26.0,64.0,1014.4,True,ACTUAL
2026-01-31T13:00:00Z,Nordsee_Wind,2.9,5.7,94.0,0,37.0,78.0,1016.9,False,GFS
2026-01-31T13:00:00Z,Augsburg_Solar,-0.3,6.9,261.0,407.0,19.0,56.0,1014.0,True,ACTUAL
2026-01-31T14:00:00Z,Karlsruhe_CCGT,-2.5,5.9,66.0,0,81.0,50.0,1018.1,False,GFS
2026-01-31T14:00:00Z,Landshut_OCGT,-11.9,3.4,331.0,0,42.0,55.0,1012.0,False,GFS
2026-01-31T14:00:00Z,Nordsee_Wind,-10.6,8.7,23.0,0,20.0,70.0,1008.4,True,ACTUAL
2026-01-31T14:00:00Z,Augsburg_Solar,-8.8,5.0,210.0,186.0,0,61.0,1013.9,False,GFS
2026-01-31T15:00:00Z,Karlsruhe_CCGT,-7.6,0,140.0,0,75.0,57.0,1016.0,False,ECMWF
2026-01-31T15:00:00Z,Landshut_OCGT,-9.5,7.5,118.0,0,45.0,55.0,1018.3,False,ACTUAL
2026-01-31T15:00:00Z,Nordsee_Wind,-7.8,7.7,51.0,0,11.0,86.0,1012.8,True,GFS
2026-01-31T15:00:00Z,Augsburg_Solar,-12.6,2.2,256.0,465.0,63.0,38.0,1012.7,True,GFS
2026-01-31T16:00:00Z,Karlsruhe_CCGT,-10.9,1.3,359.0,0,47.0,79.0,1012.8,False,ACTUAL
2026-01-31T16:00:00Z,Landshut_OCGT,-6.4,6.7,32.0,0,72.0,71.0,1019.0,True,GFS
2026-01-31T16:00:00Z,Nordsee_Wind,-11.5,8.3,224.0,0,100,46.0,1009.8,True,GFS
2026-01-31T16:00:00Z,Augsburg_Solar,-8.6,4.4,233.0,348.0,16.0,73.0,1015.6,True,ECMWF
2026-01-31T17:00:00Z,Karlsruhe_CCGT,-7.1,3.4,31.0,0,69.0,67.0,1012.5,True,ACTUAL
2026-01-31T17:00:00Z,Landshut_OCGT,-7.0,0,259.0,0,94.0,61.0,1021.9,False,ACTUAL
2026-01-31T17:00:00Z,Nordsee_Wind,-4.7,12.1,39.0,0,37.0,76.0,1018.8,False,GFS
2026-01-31T17:00:00Z,Augsburg_Solar,-9.4,1.5,128.0,242.0,81.0,69.0,1009.5,False,GFS
2026-01-31T18:00:00Z,Karlsruhe_CCGT,-6.9,0,149.0,0,10.0,67.0,1022.0,True,GFS
2026-01-31T18:00:00Z,Landshut_OCGT,-4.6,5.8,104.0,0,54.0,44.0,1017.6,True,ACTUAL
2026-01-31T18:00:00Z,Nordsee_Wind,-12.5,6.9,359.0,0,33.0,100,995.2,False,GFS
2026-01-31T18:00:00Z,Augsburg_Solar,-13.0,8.9,307.0,230.0,67.0,68.0,1008.1,True,ACTUAL
2026-01-31T19:00:00Z,Karlsruhe_CCGT,0.2,7.5,6.0,0,64.0,74.0,1003.6,False,ECMWF
2026-01-31T19:00:00Z,Landshut_OCGT,-7.7,6.1,201.0,0,35.0,54.0,1007.4,True,ACTUAL
2026-01-31T19:00:00Z,Nordsee_Wind,-6.5,10.1,213.0,0,49.0,97.0,1017.1,True,ACTUAL
2026-01-31T19:00:00Z,Augsburg_Solar,-12.8,2.2,356.0,72.0,50.0,50.0,1007.9,False,ECMWF
2026-01-31T20:00:00Z,Karlsruhe_CCGT,-2.8,5.3,180.0,0,16.0,54.0,1012.4,False,ECMWF
2026-01-31T20:00:00Z,Landshut_OCGT,-12.8,7.0,307.0,0,62.0,68.0,1005.9,False,ECMWF
2026-01-31T20:00:00Z,Nordsee_Wind,-1.6,5.5,103.0,0,76.0,94.0,1005.4,False,GFS
2026-01-31T20:00:00Z,Augsburg_Solar,-4.3,2.2,160.0,0.0,27.0,75.0,1018.9,True,ECMWF
2026-01-31T21:00:00Z,Karlsruhe_CCGT,-10.9,5.5,16.0,0,62.0,82.0,1012.7,False,ECMWF
2026-01-31T21:00:00Z,Landshut_OCGT,-2.8,0.1,66.0,0,13.0,61.0,1019.1,True,GFS
2026-01-31T21:00:00Z,Nordsee_Wind,-8.6,6.2,249.0,0,47.0,75.0,1018.5,False,GFS
2026-01-31T21:00:00Z,Augsburg_Solar,-5.8,0,6.0,0,34.0,46.0,1015.7,True,ACTUAL
2026-01-31T22:00:00Z,Karlsruhe_CCGT,-7.0,0.5,278.0,0,63.0,95.0,1012.1,True,GFS
2026-01-31T22:00:00Z,Landshut_OCGT,-2.5,0,129.0,0,55.0,77.0,1018.8,True,ACTUAL
2026-01-31T22:00:00Z,Nordsee_Wind,-0.3,5.7,167.0,0,12.0,69.0,1005.5,False,ECMWF
2026-01-31T22:00:00Z,Augsburg_Solar,-6.6,0.2,33.0,0,92.0,60.0,1013.1,False,ECMWF
2026-01-31T23:00:00Z,Karlsruhe_CCGT,1.4,3.8,169.0,0,63.0,83.0,1008.9,True,GFS
2026-01-31T23:00:00Z,Landshut_OCGT,-1.0,4.0,227.0,0,64.0,74.0,1011.7,False,GFS
2026-01-31T23:00:00Z,Nordsee_Wind,-4.2,4.6,164.0,0,54.0,86.0,1025.1,True,ACTUAL
2026-01-31T23:00:00Z,Augsburg_Solar,-3.9,5.4,295.0,0,54.0,50.0,1006.7,False,GFS
2026-02-01T00:00:00Z,Karlsruhe_CCGT,-2.1,6.7,157.0,0,50.0,63.0,1018.7,False,ACTUAL
2026-02-01T00:00:00Z,Landshut_OCGT,-4.8,1.6,203.0,0,39.0,59.0,1025.0,False,ECMWF
2026-02-01T00:00:00Z,Nordsee_Wind,-3.6,5.1,42.0,0,59.0,74.0,1009.3,False,ECMWF
2026-02-01T00:00:00Z,Augsburg_Solar,-1.8,0,210.0,0,76.0,54.0,1020.0,False,GFS
2026-02-01T01:00:00Z,Karlsruhe_CCGT,-3.6,2.9,342.0,0,79.0,81.0,1020.7,False,ECMWF
2026-02-01T01:00:00Z,Landshut_OCGT,-4.2,2.4,211.0,0,94.0,78.0,1023.1,False,ECMWF
2026-02-01T01:00:00Z,Nordsee_Wind,0.7,4.1,329.0,0,59.0,47.0,1012.0,False,ECMWF
2026-02-01T01:00:00Z,Augsburg_Solar,-1.4,1.0,176.0,0,64.0,59.0,1016.9,True,ECMWF
2026-02-01T02:00:00Z,Karlsruhe_CCGT,-5.8,3.3,117.0,0,78.0,45.0,1004.4,True,GFS
2026-02-01T02:00:00Z,Landshut_OCGT,-3.2,3.5,243.0,0,64.0,76.0,1019.2,False,ACTUAL
2026-02-01T02:00:00Z,Nordsee_Wind,0.6,5.7,138.0,0,53.0,85.0,1008.4,False,ACTUAL
2026-02-01T02:00:00Z,Augsburg_Solar,-3.2,3.2,255.0,0,48.0,37.0,1015.3,True,GFS
2026-02-01T03:00:00Z,Karlsruhe_CCGT,3.9,2.8,215.0,0,65.0,62.0,1007.5,True,ECMWF
2026-02-01T03:00:00Z,Landshut_OCGT,-5.2,0.5,67.0,0,45.0,40.0,1020.6,True,ACTUAL
2026-02-01T03:00:00Z,Nordsee_Wind,-1.2,2.5,52.0,0,53.0,52.0,1033.6,True,GFS
2026-02-01T03:00:00Z,Augsburg_Solar,4.7,2.2,316.0,0,59.0,78.0,1020.9,True,ECMWF
2026-02-01T04:00:00Z,Karlsruhe_CCGT,5.4,7.1,159.0,0,40.0,75.0,1015.8,False,GFS
2026-02-01T04:00:00Z,Landshut_OCGT,0.2,5.6,55.0,0,61.0,71.0,1010.9,False,ACTUAL
2026-02-01T04:00:00Z,Nordsee_Wind,4.4,7.1,159.0,0,45.0,82.0,1013.3,True,ECMWF
2026-02-01T04:00:00Z,Augsburg_Solar,2.4,2.0,189.0,0,71.0,56.0,1008.1,False,GFS
2026-02-01T05:00:00Z,Karlsruhe_CCGT,-0.7,1.9,299.0,0,14.0,65.0,1030.3,False,GFS
2026-02-01T05:00:00Z,Landshut_OCGT,7.9,1.5,232.0,0,35.0,68.0,1014.5,True,ECMWF
2026-02-01T05:00:00Z,Nordsee_Wind,3.9,7.0,190.0,0,69.0,56.0,1015.8,True,GFS
2026-02-01T05:00:00Z,Augsburg_Solar,-4.8,5.4,10.0,0,49.0,42.0,1004.4,False,ACTUAL
2026-02-01T06:00:00Z,Karlsruhe_CCGT,4.8,2.6,27.0,0,62.0,80.0,998.7,False,GFS
2026-02-01T06:00:00Z,Landshut_OCGT,4.1,4.5,175.0,0,33.0,51.0,1013.9,False,GFS
2026-02-01T06:00:00Z,Nordsee_Wind,-0.8,11.0,152.0,0,0.0,56.0,1006.1,False,ECMWF
2026-02-01T06:00:00Z,Augsburg_Solar,3.4,1.9,306.0,0,41.0,55.0,1016.1,False,GFS
2026-02-01T07:00:00Z,Karlsruhe_CCGT,-0.3,4.4,118.0,0,29.0,64.0,1011.1,True,ECMWF
2026-02-01T07:00:00Z,Landshut_OCGT,5.7,3.0,204.0,0,55.0,43.0,1014.7,True,GFS
2026-02-01T07:00:00Z,Nordsee_Wind,2.8,5.4,350.0,0,25.0,89.0,1021.1,True,ACTUAL
2026-02-01T07:00:00Z,Augsburg_Solar,-1.7,1.6,135.0,67.0,24.0,90.0,1005.0,True,ACTUAL
2026-02-01T08:00:00Z,Karlsruhe_CCGT,0.6,0.7,8.0,0,56.0,66.0,1016.7,False,GFS
2026-02-01T08:00:00Z,Landshut_OCGT,-2.2,2.8,325.0,0,77.0,60.0,1014.0,True,GFS
2026-02-01T08:00:00Z,Nordsee_Wind,0.7,9.4,244.0,0,0,68.0,1014.0,False,ACTUAL
2026-02-01T08:00:00Z,Augsburg_Solar,-1.1,3.1,209.0,181.0,31.0,81.0,1012.4,True,ACTUAL
2026-02-01T09:00:00Z,Karlsruhe_CCGT,3.0,4.2,91.0,0,76.0,42.0,1025.2,True,GFS
2026-02-01T09:00:00Z,Landshut_OCGT,-5.7,2.0,265.0,0,55.0,47.0,1002.7,False,ECMWF
2026-02-01T09:00:00Z,Nordsee_Wind,-2.6,9.0,252.0,0,43.0,52.0,1011.9,False,ACTUAL
2026-02-01T09:00:00Z,Augsburg_Solar,-2.4,1.7,323.0,117.0,12.0,91.0,1000.6,False,GFS
2026-02-01T10:00:00Z,Karlsruhe_CCGT,-1.2,0.6,272.0,0,24.0,72.0,1010.2,False,ACTUAL
2026-02-01T10:00:00Z,Landshut_OCGT,-0.8,4.7,296.0,0,100.0,54.0,1023.0,False,ACTUAL
2026-02-01T10:00:00Z,Nordsee_Wind,1.9,10.1,205.0,0,64.0,64.0,1013.6,False,ACTUAL
2026-02-01T10:00:00Z,Augsburg_Solar,5.2,0.1,16.0,278.0,84.0,56.0,1016.0,False,GFS
2026-02-01T11:00:00Z,Karlsruhe_CCGT,-4.2,0.8,344.0,0,51.0,79.0,1006.6,False,ACTUAL
2026-02-01T11:00:00Z,Landshut_OCGT,-8.2,5.5,291.0,0,42.0,68.0,1022.0,True,ECMWF
2026-02-01T11:00:00Z,Nordsee_Wind,-4.0,5.8,286.0,0,88.0,83.0,1025.3,True,GFS
2026-02-01T11:00:00Z,Augsburg_Solar,-8.0,6.5,50.0,473.0,34.0,58.0,1015.0,True,GFS
2026-02-01T12:00:00Z,Karlsruhe_CCGT,-3.4,2.8,162.0,0,93.0,26.0,1011.5,False,ECMWF
2026-02-01T12:00:00Z,Landshut_OCGT,-6.8,6.0,111.0,0,80.0,84.0,1006.6,True,GFS
2026-02-01T12:00:00Z,Nordsee_Wind,-1.6,9.2,207.0,0,20.0,51.0,1030.0,True,ECMWF
2026-02-01T12:00:00Z,Augsburg_Solar,2.8,2.1,68.0,566.0,77.0,56.0,1022.3,False,ACTUAL
2026-02-01T13:00:00Z,Karlsruhe_CCGT,-2.4,0,71.0,0,42.0,63.0,1019.1,True,ECMWF
2026-02-01T13:00:00Z,Landshut_OCGT,-1.7,4.4,273.0,0,68.0,57.0,1015.1,False,GFS
2026-02-01T13:00:00Z,Nordsee_Wind,-9.0,6.4,218.0,0,18.0,74.0,1018.9,False,GFS
2026-02-01T13:00:00Z,Augsburg_Solar,-1.0,2.2,22.0,272.0,0,81.0,1024.7,False,ACTUAL
2026-02-01T14:00:00Z,Karlsruhe_CCGT,-3.0,4.0,302.0,0,36.0,58.0,1022.1,True,ECMWF
2026-02-01T14:00:00Z,Landshut_OCGT,-6.2,5.4,146.0,0,46.0,65.0,1010.5,True,GFS
2026-02-01T14:00:00Z,Nordsee_Wind,-4.6,2.8,194.0,0,24.0,85.0,1010.5,True,ECMWF
2026-02-01T14:00:00Z,Augsburg_Solar,-3.5,2.6,127.0,573.0,35.0,68.0,1015.7,False,ACTUAL
2026-02-01T15:00:00Z,Karlsruhe_CCGT,-4.4,3.4,77.0,0,58.0,86.0,1004.4,True,GFS
2026-02-01T15:00:00Z,Landshut_OCGT,-4.0,4.5,272.0,0,80.0,48.0,1016.4,True,ACTUAL
2026-02-01T15:00:00Z,Nordsee_Wind,-11.0,5.6,304.0,0,43.0,75.0,1005.4,False,ECMWF
2026-02-01T15:00:00Z,Augsburg_Solar,-3.8,3.5,96.0,388.0,34.0,86.0,1015.1,True,GFS
2026-02-01T16:00:00Z,Karlsruhe_CCGT,-13.3,2.2,139.0,0,58.0,43.0,1025.6,False,ACTUAL
2026-02-01T16:00:00Z,Landshut_OCGT,-8.2,7.9,360.0,0,56.0,97.0,1010.1,True,ECMWF
2026-02-01T16:00:00Z,Nordsee_Wind,-5.8,9.6,92.0,0,73.0,60.0,1019.9,False,ECMWF
2026-02-01T16:00:00Z,Augsburg_Solar,-9.6,0,15.0,236.0,46.0,43.0,1018.1,True,GFS
2026-02-01T17:00:00Z,Karlsruhe_CCGT,-11.9,0,230.0,0,73.0,78.0,1009.6,True,ACTUAL
2026-02-01T17:00:00Z,Landshut_OCGT,-5.4,3.4,71.0,0,9.0,56.0,1014.4,False,ACTUAL
2026-02-01T17:00:00Z,Nordsee_Wind,-12.1,4.7,6.0,0,74.0,34.0,1018.3,False,GFS
2026-02-01T17:00:00Z,Augsburg_Solar,-5.7,3.9,107.0,218.0,61.0,96.0,1006.0,True,GFS
2026-02-01T18:00:00Z,Karlsruhe_CCGT,-9.8,7.4,150.0,0,70.0,71.0,1019.4,True,ECMWF
2026-02-01T18:00:00Z,Landshut_OCGT,-7.3,4.3,166.0,0,71.0,85.0,1018.8,False,GFS
2026-02-01T18:00:00Z,Nordsee_Wind,-16.2,5.6,51.0,0,40.0,62.0,1018.3,True,GFS
2026-02-01T18:00:00Z,Augsburg_Solar,-4.6,9.6,282.0,82.0,44.0,64.0,1012.3,True,ACTUAL
2026-02-01T19:00:00Z,Karlsruhe_CCGT,-0.1,2.9,16.0,0,90.0,74.0,1011.7,True,ACTUAL
2026-02-01T19:00:00Z,Landshut_OCGT,-7.6,4.8,321.0,0,17.0,37.0,1001.1,True,ACTUAL
2026-02-01T19:00:00Z,Nordsee_Wind,-6.7,10.0,340.0,0,55.0,47.0,1005.9,True,ECMWF
2026-02-01T19:00:00Z,Augsburg_Solar,-11.4,0,304.0,73.0,77.0,74.0,1020.8,True,ECMWF
2026-02-01T20:00:00Z,Karlsruhe_CCGT,-8.7,0,327.0,0,87.0,72.0,1020.4,False,ACTUAL
2026-02-01T20:00:00Z,Landshut_OCGT,-8.0,5.7,15.0,0,37.0,73.0,1019.5,False,ECMWF
2026-02-01T20:00:00Z,Nordsee_Wind,-4.2,6.5,295.0,0,0,48.0,1010.9,False,GFS
2026-02-01T20:00:00Z,Augsburg_Solar,-5.1,2.4,6.0,0.0,73.0,55.0,1015.8,True,ACTUAL
2026-02-01T21:00:00Z,Karlsruhe_CCGT,-12.5,6.3,114.0,0,73.0,81.0,1014.0,True,GFS
2026-02-01T21:00:00Z,Landshut_OCGT,-7.8,0.2,245.0,0,55.0,69.0,999.7,True,ECMWF
2026-02-01T21:00:00Z,Nordsee_Wind,-9.6,9.9,201.0,0,67.0,45.0,1028.3,True,ECMWF
2026-02-01T21:00:00Z,Augsburg_Solar,-4.8,3.9,122.0,0,33.0,44.0,1010.5,True,ACTUAL
2026-02-01T22:00:00Z,Karlsruhe_CCGT,-5.5,0,6.0,0,68.0,90.0,1021.5,False,ECMWF
2026-02-01T22:00:00Z,Landshut_OCGT,-6.2,0.6,98.0,0,14.0,48.0,1003.7,True,GFS
2026-02-01T22:00:00Z,Nordsee_Wind,-11.2,7.7,53.0,0,52.0,49.0,1007.7,False,GFS
2026-02-01T22:00:00Z,Augsburg_Solar,-0.7,0,267.0,0,32.0,69.0,1005.0,True,GFS
2026-02-01T23:00:00Z,Karlsruhe_CCGT,1.8,6.4,213.0,0,40.0,66.0,996.8,True,GFS
2026-02-01T23:00:00Z,Landshut_OCGT,-5.6,3.7,333.0,0,65.0,69.0,1001.9,True,ACTUAL
2026-02-01T23:00:00Z,Nordsee_Wind,-3.0,8.0,330.0,0,67.0,68.0,1026.8,False,GFS
2026-02-01T23:00:00Z,Augsburg_Solar,-3.7,1.5,238.0,0,71.0,58.0,1006.0,False,ECMWF
2026-02-02T00:00:00Z,Karlsruhe_CCGT,-3.4,0,19.0,0,58.0,73.0,1020.0,True,GFS
2026-02-02T00:00:00Z,Landshut_OCGT,-0.2,1.1,208.0,0,77.0,42.0,1023.0,True,GFS
2026-02-02T00:00:00Z,Nordsee_Wind,-3.4,5.2,67.0,0,61.0,63.0,1016.3,False,GFS
2026-02-02T00:00:00Z,Augsburg_Solar,2.4,9.1,240.0,0,91.0,54.0,1016.2,False,ACTUAL
2026-02-02T01:00:00Z,Karlsruhe_CCGT,-5.7,7.0,48.0,0,55.0,72.0,1004.6,True,ECMWF
2026-02-02T01:00:00Z,Landshut_OCGT,4.0,6.7,298.0,0,60.0,44.0,996.9,False,GFS
2026-02-02T01:00:00Z,Nordsee_Wind,0.8,12.1,347.0,0,81.0,75.0,1009.6,False,ACTUAL
2026-02-02T01:00:00Z,Augsburg_Solar,-1.8,0.2,177.0,0,74.0,35.0,1015.6,False,GFS
2026-02-02T02:00:00Z,Karlsruhe_CCGT,-4.7,7.5,7.0,0,44.0,72.0,1023.1,False,ACTUAL
2026-02-02T02:00:00Z,Landshut_OCGT,-0.5,3.2,101.0,0,16.0,68.0,1017.3,False,GFS
2026-02-02T02:00:00Z,Nordsee_Wind,1.1,3.8,347.0,0,45.0,74.0,1022.9,True,GFS
2026-02-02T02:00:00Z,Augsburg_Solar,0.1,2.3,48.0,0,24.0,98.0,1005.0,True,ACTUAL
2026-02-02T03:00:00Z,Karlsruhe_CCGT,5.5,8.2,137.0,0,73.0,67.0,1006.8,True,GFS
2026-02-02T03:00:00Z,Landshut_OCGT,1.3,4.2,354.0,0,48.0,70.0,1010.4,True,ECMWF
2026-02-02T03:00:00Z,Nordsee_Wind,-1.5,12.0,355.0,0,35.0,70.0,1012.1,False,ECMWF
2026-02-02T03:00:00Z,Augsburg_Solar,0.9,5.1,191.0,0,52.0,71.0,1004.2,False,ECMWF
2026-02-02T04:00:00Z,Karlsruhe_CCGT,2.9,0.6,245.0,0,88.0,71.0,1024.1,False,ACTUAL
2026-02-02T04:00:00Z,Landshut_OCGT,-0.7,2.1,213.0,0,25.0,74.0,1012.7,True,GFS
2026-02-02T04:00:00Z,Nordsee_Wind,0.9,9.0,231.0,0,42.0,96.0,1011.4,True,GFS
2026-02-02T04:00:00Z,Augsburg_Solar,1.0,3.5,228.0,0,40.0,46.0,1019.3,False,GFS
2026-02-02T05:00:00Z,Karlsruhe_CCGT,-0.4,4.3,153.0,0,57.0,69.0,1004.3,False,ACTUAL
2026-02-02T05:00:00Z,Landshut_OCGT,-1.6,5.6,220.0,0,34.0,62.0,1000.2,False,GFS
2026-02-02T05:00:00Z,Nordsee_Wind,-3.2,13.7,160.0,0,33.0,50.0,1030.1,False,GFS
2026-02-02T05:00:00Z,Augsburg_Solar,1.9,6.4,154.0,0,33.0,73.0,1005.5,False,ECMWF
2026-02-02T06:00:00Z,Karlsruhe_CCGT,-2.8,6.3,185.0,0,64.0,64.0,1005.5,False,ACTUAL
2026-02-02T06:00:00Z,Landshut_OCGT,-1.0,2.2,95.0,0,43.0,56.0,1012.9,False,ACTUAL
2026-02-02T06:00:00Z,Nordsee_Wind,1.6,7.4,353.0,0,70.0,77.0,1021.0,True,ACTUAL
2026-02-02T06:00:00Z,Augsburg_Solar,3.5,6.0,205.0,0,51.0,62.0,1021.1,False,ECMWF
2026-02-02T07:00:00Z,Karlsruhe_CCGT,-2.2,4.5,333.0,0,99.0,77.0,1015.8,True,GFS
2026-02-02T07:00:00Z,Landshut_OCGT,2.7,7.9,10.0,0,92.0,47.0,1018.3,True,GFS
2026-02-02T07:00:00Z,Nordsee_Wind,3.4,6.9,308.0,0,59.0,40.0,1013.7,True,ACTUAL
2026-02-02T07:00:00Z,Augsburg_Solar,7.2,0.3,350.0,49.0,23.0,70.0,1004.1,True,ACTUAL
2026-02-02T08:00:00Z,Karlsruhe_CCGT,0.2,6.5,261.0,0,79.0,54.0,1001.5,True,ACTUAL
2026-02-02T08:00:00Z,Landshut_OCGT,3.7,5.3,191.0,0,56.0,61.0,1011.2,True,ACTUAL
2026-02-02T08:00:00Z,Nordsee_Wind,4.5,9.3,233.0,0,57.0,58.0,1023.4,True,ACTUAL
2026-02-02T08:00:00Z,Augsburg_Solar,9.0,1.2,137.0,254.0,100,56.0,1024.8,False,GFS
2026-02-02T09:00:00Z,Karlsruhe_CCGT,2.2,4.6,127.0,0,56.0,48.0,1015.3,False,ACTUAL
2026-02-02T09:00:00Z,Landshut_OCGT,-1.2,5.0,25.0,0,56.0,68.0,1017.5,True,ACTUAL
2026-02-02T09:00:00Z,Nordsee_Wind,1.5,5.4,17.0,0,51.0,68.0,1024.7,True,ECMWF
2026-02-02T09:00:00Z,Augsburg_Solar,-3.7,4.9,341.0,340.0,46.0,58.0,1007.8,False,ECMWF
2026-02-02T10:00:00Z,Karlsruhe_CCGT,0.8,2.4,323.0,0,70.0,72.0,1023.1,True,ACTUAL
2026-02-02T10:00:00Z,Landshut_OCGT,-2.4,1.6,62.0,0,16.0,86.0,1004.2,False,GFS
2026-02-02T10:00:00Z,Nordsee_Wind,-5.4,1.4,11.0,0,52.0,74.0,1009.8,True,GFS
2026-02-02T10:00:00Z,Augsburg_Solar,1.1,0.1,177.0,442.0,77.0,64.0,1004.9,True,GFS
2026-02-02T11:00:00Z,Karlsruhe_CCGT,-2.2,6.7,262.0,0,67.0,60.0,1018.3,False,GFS
2026-02-02T11:00:00Z,Landshut_OCGT,-0.4,4.1,244.0,0,67.0,70.0,1010.6,True,ECMWF
2026-02-02T11:00:00Z,Nordsee_Wind,-2.0,5.1,335.0,0,38.0,85.0,1011.2,True,ECMWF
2026-02-02T11:00:00Z,Augsburg_Solar,-3.7,0,91.0,410.0,60.0,45.0,1011.4,True,GFS
2026-02-02T12:00:00Z,Karlsruhe_CCGT,-1.3,0.8,85.0,0,66.0,66.0,1019.6,True,ECMWF
2026-02-02T12:00:00Z,Landshut_OCGT,-0.4,0,193.0,0,62.0,56.0,1016.2,True,ECMWF
2026-02-02T12:00:00Z,Nordsee_Wind,-7.4,10.5,142.0,0,30.0,87.0,1020.5,False,GFS
2026-02-02T12:00:00Z,Augsburg_Solar,0.1,2.4,230.0,244.0,44.0,53.0,1019.3,False,ECMWF
2026-02-02T13:00:00Z,Karlsruhe_CCGT,-2.6,4.2,284.0,0,76.0,64.0,1009.6,False,ECMWF
2026-02-02T13:00:00Z,Landshut_OCGT,0.1,3.8,51.0,0,55.0,72.0,1021.5,True,ECMWF
2026-02-02T13:00:00Z,Nordsee_Wind,-7.5,9.4,215.0,0,28.0,81.0,1014.8,False,ACTUAL
2026-02-02T13:00:00Z,Augsburg_Solar,-2.4,0,49.0,362.0,49.0,51.0,1019.5,True,GFS
2026-02-02T14:00:00Z,Karlsruhe_CCGT,-1.8,4.7,274.0,0,36.0,59.0,1005.7,False,GFS
2026-02-02T14:00:00Z,Landshut_OCGT,-4.3,1.1,295.0,0,1.0,82.0,1018.5,False,GFS
2026-02-02T14:00:00Z,Nordsee_Wind,-4.1,10.3,170.0,0,42.0,70.0,1015.7,True,ECMWF
2026-02-02T14:00:00Z,Augsburg_Solar,-3.7,7.0,208.0,412.0,75.0,54.0,1019.4,False,ECMWF
2026-02-02T15:00:00Z,Karlsruhe_CCGT,-6.7,0,331.0,0,94.0,61.0,996.2,False,ACTUAL
2026-02-02T15:00:00Z,Landshut_OCGT,-1.8,0,135.0,0,40.0,72.0,1025.3,True,ACTUAL
2026-02-02T15:00:00Z,Nordsee_Wind,-7.2,12.5,234.0,0,74.0,81.0,1010.2,True,ECMWF
2026-02-02T15:00:00Z,Augsburg_Solar,-5.0,1.9,253.0,408.0,60.0,78.0,1020.6,True,GFS
2026-02-02T16:00:00Z,Karlsruhe_CCGT,-8.1,1.9,213.0,0,55.0,65.0,1018.0,True,GFS
2026-02-02T16:00:00Z,Landshut_OCGT,-7.9,0,190.0,0,52.0,60.0,1016.2,True,GFS
2026-02-02T16:00:00Z,Nordsee_Wind,-5.8,8.4,196.0,0,23.0,60.0,1009.1,True,ECMWF
2026-02-02T16:00:00Z,Augsburg_Solar,-9.8,2.2,66.0,331.0,49.0,67.0,1017.2,False,ACTUAL
2026-02-02T17:00:00Z,Karlsruhe_CCGT,-9.3,3.1,14.0,0,40.0,52.0,1008.8,False,GFS
2026-02-02T17:00:00Z,Landshut_OCGT,-4.7,4.8,352.0,0,81.0,66.0,1011.3,True,ECMWF
2026-02-02T17:00:00Z,Nordsee_Wind,-10.9,8.5,278.0,0,35.0,51.0,1017.0,True,ECMWF
2026-02-02T17:00:00Z,Augsburg_Solar,-7.3,0,172.0,268.0,44.0,41.0,1021.1,True,GFS
2026-02-02T18:00:00Z,Karlsruhe_CCGT,-8.9,7.8,144.0,0,74.0,63.0,1000.9,True,GFS
2026-02-02T18:00:00Z,Landshut_OCGT,-10.9,1.3,68.0,0,73.0,77.0,1022.2,False,GFS
2026-02-02T18:00:00Z,Nordsee_Wind,-7.6,8.6,249.0,0,72.0,83.0,1009.9,False,ACTUAL
2026-02-02T18:00:00Z,Augsburg_Solar,-8.1,0,230.0,99.0,100,33.0,1021.5,True,ECMWF
2026-02-02T19:00:00Z,Karlsruhe_CCGT,-9.7,1.9,273.0,0,34.0,54.0,1002.1,False,GFS
2026-02-02T19:00:00Z,Landshut_OCGT,-9.7,1.2,130.0,0,43.0,53.0,1009.8,False,GFS
2026-02-02T19:00:00Z,Nordsee_Wind,-8.2,10.9,32.0,0,33.0,88.0,1011.1,False,ECMWF
2026-02-02T19:00:00Z,Augsburg_Solar,-8.0,4.3,122.0,123.0,38.0,37.0,1019.1,True,ECMWF
2026-02-02T20:00:00Z,Karlsruhe_CCGT,-11.1,5.5,255.0,0,68.0,55.0,1013.3,True,ACTUAL
2026-02-02T20:00:00Z,Landshut_OCGT,-5.1,2.3,168.0,0,26.0,47.0,1017.6,True,GFS
2026-02-02T20:00:00Z,Nordsee_Wind,-9.1,10.8,110.0,0,51.0,63.0,1021.6,False,ACTUAL
2026-02-02T20:00:00Z,Augsburg_Solar,-9.8,8.5,60.0,0.0,70.0,70.0,1014.6,False,ACTUAL
2026-02-02T21:00:00Z,Karlsruhe_CCGT,3.1,0,39.0,0,45.0,64.0,1015.9,False,GFS
2026-02-02T21:00:00Z,Landshut_OCGT,-4.6,0.8,74.0,0,11.0,85.0,1024.6,False,GFS
2026-02-02T21:00:00Z,Nordsee_Wind,-9.6,4.9,250.0,0,81.0,52.0,1013.0,True,ECMWF
2026-02-02T21:00:00Z,Augsburg_Solar,-7.0,6.4,26.0,0,36.0,53.0,1020.0,True,ACTUAL
2026-02-02T22:00:00Z,Karlsruhe_CCGT,-0.0,0.6,131.0,0,96.0,64.0,1002.3,False,ECMWF
2026-02-02T22:00:00Z,Landshut_OCGT,-10.7,1.2,226.0,0,59.0,74.0,1005.7,False,ACTUAL
2026-02-02T22:00:00Z,Nordsee_Wind,-4.8,6.6,24.0,0,60.0,66.0,1020.0,False,ACTUAL
2026-02-02T22:00:00Z,Augsburg_Solar,2.1,2.2,210.0,0,63.0,95.0,1016.1,True,GFS
2026-02-02T23:00:00Z,Karlsruhe_CCGT,-5.2,0,98.0,0,82.0,63.0,1002.4,False,GFS
2026-02-02T23:00:00Z,Landshut_OCGT,-2.5,2.2,286.0,0,58.0,69.0,1006.1,True,GFS
2026-02-02T23:00:00Z,Nordsee_Wind,-3.9,9.1,94.0,0,33.0,58.0,1017.0,True,ACTUAL
2026-02-02T23:00:00Z,Augsburg_Solar,-8.7,0,49.0,0,56.0,59.0,1013.6,False,GFS
2026-02-03T00:00:00Z,Karlsruhe_CCGT,-1.8,1.9,240.0,0,82.0,61.0,996.0,True,ACTUAL
2026-02-03T00:00:00Z,Landshut_OCGT,0.7,0,5.0,0,37.0,56.0,1014.8,False,GFS
2026-02-03T00:00:00Z,Nordsee_Wind,-3.7,5.3,55.0,0,30.0,67.0,1023.7,False,ECMWF
2026-02-03T00:00:00Z,Augsburg_Solar,-6.4,0,284.0,0,53.0,73.0,1010.9,True,ACTUAL
2026-02-03T01:00:00Z,Karlsruhe_CCGT,-5.2,1.2,240.0,0,49.0,58.0,1015.3,True,ACTUAL
2026-02-03T01:00:00Z,Landshut_OCGT,-0.3,5.4,93.0,0,46.0,75.0,1001.6,False,GFS
2026-02-03T01:00:00Z,Nordsee_Wind,0.1,4.8,208.0,0,2.0,55.0,1007.5,False,GFS
2026-02-03T01:00:00Z,Augsburg_Solar,-1.6,3.4,11.0,0,24.0,79.0,1019.7,True,ECMWF
2026-02-03T02:00:00Z,Karlsruhe_CCGT,3.1,6.6,41.0,0,58.0,57.0,1011.9,False,ACTUAL
2026-02-03T02:00:00Z,Landshut_OCGT,-1.0,7.0,313.0,0,71.0,54.0,1025.2,False,ECMWF
2026-02-03T02:00:00Z,Nordsee_Wind,2.7,7.8,10.0,0,48.0,60.0,1005.8,True,ACTUAL
2026-02-03T02:00:00Z,Augsburg_Solar,-0.8,0,32.0,0,26.0,71.0,1020.5,False,ECMWF
2026-02-03T03:00:00Z,Karlsruhe_CCGT,-0.4,3.3,323.0,0,52.0,81.0,1022.5,True,GFS
2026-02-03T03:00:00Z,Landshut_OCGT,5.2,0,246.0,0,24.0,80.0,1010.6,True,GFS
2026-02-03T03:00:00Z,Nordsee_Wind,3.7,7.7,133.0,0,53.0,76.0,1016.1,True,ECMWF
2026-02-03T03:00:00Z,Augsburg_Solar,1.7,3.5,322.0,0,55.0,33.0,1011.9,False,ECMWF
2026-02-03T04:00:00Z,Karlsruhe_CCGT,1.7,0,165.0,0,62.0,92.0,1014.2,True,ACTUAL
2026-02-03T04:00:00Z,Landshut_OCGT,0.9,1.4,248.0,0,1.0,80.0,1006.5,False,ACTUAL
2026-02-03T04:00:00Z,Nordsee_Wind,-0.6,9.2,337.0,0,76.0,50.0,1014.4,False,ECMWF
2026-02-03T04:00:00Z,Augsburg_Solar,5.7,2.3,293.0,0,34.0,79.0,1008.1,False,ECMWF
2026-02-03T05:00:00Z,Karlsruhe_CCGT,-1.1,0.7,222.0,0,24.0,79.0,1003.3,True,GFS
2026-02-03T05:00:00Z,Landshut_OCGT,4.3,8.3,311.0,0,62.0,45.0,1018.1,True,ACTUAL
2026-02-03T05:00:00Z,Nordsee_Wind,-2.4,7.2,339.0,0,9.0,57.0,1012.4,True,ACTUAL
2026-02-03T05:00:00Z,Augsburg_Solar,0.7,9.2,58.0,0,12.0,52.0,1028.5,False,ACTUAL
2026-02-03T06:00:00Z,Karlsruhe_CCGT,1.6,7.8,241.0,0,24.0,63.0,1012.7,True,ACTUAL
2026-02-03T06:00:00Z,Landshut_OCGT,-4.5,3.9,67.0,0,38.0,69.0,1009.8,False,ECMWF
2026-02-03T06:00:00Z,Nordsee_Wind,4.8,6.2,355.0,0,58.0,82.0,1014.1,True,GFS
2026-02-03T06:00:00Z,Augsburg_Solar,4.5,3.4,123.0,0,40.0,65.0,1009.3,False,ECMWF
2026-02-03T07:00:00Z,Karlsruhe_CCGT,1.3,2.6,70.0,0,8.0,57.0,1010.3,False,GFS
2026-02-03T07:00:00Z,Landshut_OCGT,5.0,3.2,190.0,0,100,77.0,1012.0,False,ECMWF
2026-02-03T07:00:00Z,Nordsee_Wind,8.6,9.7,252.0,0,11.0,63.0,1003.9,True,ECMWF
2026-02-03T07:00:00Z,Augsburg_Solar,-0.5,0,180.0,75.0,65.0,73.0,1022.1,False,ACTUAL
2026-02-03T08:00:00Z,Karlsruhe_CCGT,3.7,16.6,78.0,0,81.0,72.0,1014.5,True,GFS
2026-02-03T08:00:00Z,Landshut_OCGT,-2.3,0,293.0,0,100.0,77.0,1006.6,False,ECMWF
2026-02-03T08:00:00Z,Nordsee_Wind,3.4,7.0,80.0,0,57.0,86.0,1015.4,False,GFS
2026-02-03T08:00:00Z,Augsburg_Solar,1.3,5.8,333.0,87.0,58.0,71.0,1012.2,True,ACTUAL
2026-02-03T09:00:00Z,Karlsruhe_CCGT,-5.8,3.8,323.0,0,42.0,39.0,999.1,False,ECMWF
2026-02-03T09:00:00Z,Landshut_OCGT,-4.2,7.1,257.0,0,40.0,83.0,1014.9,True,GFS
2026-02-03T09:00:00Z,Nordsee_Wind,-0.1,6.0,328.0,0,48.0,61.0,1004.8,True,ECMWF
2026-02-03T09:00:00Z,Augsburg_Solar,1.3,0,199.0,371.0,68.0,81.0,1002.5,False,ECMWF
2026-02-03T10:00:00Z,Karlsruhe_CCGT,-3.1,7.4,249.0,0,33.0,97.0,1015.8,True,ACTUAL
2026-02-03T10:00:00Z,Landshut_OCGT,-0.3,0,201.0,0,74.0,78.0,1012.5,False,ECMWF
2026-02-03T10:00:00Z,Nordsee_Wind,0.5,11.4,225.0,0,62.0,38.0,1019.5,False,ACTUAL
2026-02-03T10:00:00Z,Augsburg_Solar,1.9,1.4,355.0,239.0,43.0,48.0,1005.2,False,ECMWF
2026-02-03T11:00:00Z,Karlsruhe_CCGT,1.5,0.2,313.0,0,67.0,52.0,1020.6,False,ACTUAL
2026-02-03T11:00:00Z,Landshut_OCGT,1.0,3.2,323.0,0,39.0,62.0,1027.6,False,ACTUAL
2026-02-03T11:00:00Z,Nordsee_Wind,0.8,7.6,161.0,0,57.0,96.0,1016.8,True,ACTUAL
2026-02-03T11:00:00Z,Augsburg_Solar,5.8,1.9,77.0,270.0,41.0,53.0,1019.2,True,ECMWF
2026-02-03T12:00:00Z,Karlsruhe_CCGT,1.6,1.5,116.0,0,80.0,65.0,1013.8,True,GFS
2026-02-03T12:00:00Z,Landshut_OCGT,4.9,2.5,38.0,0,49.0,38.0,1009.5,True,ACTUAL
2026-02-03T12:00:00Z,Nordsee_Wind,-0.5,9.3,172.0,0,89.0,63.0,1016.7,False,GFS
2026-02-03T12:00:00Z,Augsburg_Solar,-3.9,6.4,207.0,306.0,54.0,44.0,1022.2,True,ACTUAL
2026-02-03T13:00:00Z,Karlsruhe_CCGT,-8.4,1.3,350.0,0,63.0,78.0,1010.3,True,ECMWF
2026-02-03T13:00:00Z,Landshut_OCGT,-5.1,3.0,235.0,0,66.0,59.0,1015.4,False,ACTUAL
2026-02-03T13:00:00Z,Nordsee_Wind,-0.7,7.3,298.0,0,45.0,59.0,1009.8,True,ECMWF
2026-02-03T13:00:00Z,Augsburg_Solar,-9.9,10.5,199.0,181.0,53.0,45.0,1015.0,True,ECMWF
2026-02-03T14:00:00Z,Karlsruhe_CCGT,-6.5,1.6,13.0,0,59.0,63.0,1019.5,True,GFS
2026-02-03T14:00:00Z,Landshut_OCGT,-8.1,2.9,49.0,0,52.0,71.0,1016.7,False,ECMWF
2026-02-03T14:00:00Z,Nordsee_Wind,-5.7,7.3,199.0,0,42.0,49.0,1028.8,True,ECMWF
2026-02-03T14:00:00Z,Augsburg_Solar,-5.7,2.7,136.0,530.0,66.0,40.0,1010.7,True,ECMWF
2026-02-03T15:00:00Z,Karlsruhe_CCGT,-8.4,7.3,80.0,0,71.0,72.0,1018.6,True,ACTUAL
2026-02-03T15:00:00Z,Landshut_OCGT,-8.0,4.1,73.0,0,60.0,79.0,1015.8,True,ECMWF
2026-02-03T15:00:00Z,Nordsee_Wind,-5.2,6.6,238.0,0,19.0,38.0,1011.4,False,GFS
2026-02-03T15:00:00Z,Augsburg_Solar,-2.2,5.4,357.0,352.0,22.0,66.0,1011.9,True,ACTUAL
2026-02-03T16:00:00Z,Karlsruhe_CCGT,-10.6,0.6,347.0,0,28.0,60.0,1014.0,True,ECMWF
2026-02-03T16:00:00Z,Landshut_OCGT,-10.4,0.5,296.0,0,68.0,46.0,1012.6,True,ACTUAL
2026-02-03T16:00:00Z,Nordsee_Wind,-5.7,11.9,25.0,0,36.0,68.0,1024.0,True,ECMWF
2026-02-03T16:00:00Z,Augsburg_Solar,-6.4,0,94.0,442.0,67.0,61.0,1002.1,True,GFS
2026-02-03T17:00:00Z,Karlsruhe_CCGT,-8.8,2.0,204.0,0,74.0,84.0,997.5,False,GFS
2026-02-03T17:00:00Z,Landshut_OCGT,-6.0,6.7,287.0,0,67.0,55.0,1013.1,True,ACTUAL
2026-02-03T17:00:00Z,Nordsee_Wind,-8.0,7.7,208.0,0,27.0,63.0,1005.5,False,ACTUAL
2026-02-03T17:00:00Z,Augsburg_Solar,-6.1,4.8,266.0,351.0,47.0,88.0,1020.3,False,ECMWF
2026-02-03T18:00:00Z,Karlsruhe_CCGT,-12.7,0,93.0,0,37.0,60.0,1012.6,False,ECMWF
2026-02-03T18:00:00Z,Landshut_OCGT,-10.0,0,298.0,0,44.0,50.0,1008.5,True,ACTUAL
2026-02-03T18:00:00Z,Nordsee_Wind,-9.0,7.1,335.0,0,23.0,65.0,999.8,True,ACTUAL
2026-02-03T18:00:00Z,Augsburg_Solar,-6.9,1.7,268.0,120.0,56.0,74.0,1010.5,True,GFS
2026-02-03T19:00:00Z,Karlsruhe_CCGT,-8.4,6.8,202.0,0,56.0,80.0,1007.9,False,GFS
2026-02-03T19:00:00Z,Landshut_OCGT,-13.3,0.7,23.0,0,66.0,72.0,1011.4,True,ACTUAL
2026-02-03T19:00:00Z,Nordsee_Wind,-4.6,6.8,100.0,0,29.0,69.0,1014.6,False,ACTUAL
2026-02-03T19:00:00Z,Augsburg_Solar,-8.9,4.1,20.0,116.0,39.0,75.0,1013.8,True,GFS
2026-02-03T20:00:00Z,Karlsruhe_CCGT,-7.6,4.7,224.0,0,92.0,44.0,1008.8,True,ACTUAL
2026-02-03T20:00:00Z,Landshut_OCGT,-9.5,5.6,64.0,0,79.0,52.0,1008.1,True,ACTUAL
2026-02-03T20:00:00Z,Nordsee_Wind,-6.0,5.8,44.0,0,9.0,51.0,1018.2,False,ECMWF
2026-02-03T20:00:00Z,Augsburg_Solar,-9.7,3.5,262.0,0.0,39.0,78.0,1013.6,False,ECMWF
2026-02-03T21:00:00Z,Karlsruhe_CCGT,-11.9,0,40.0,0,53.0,54.0,1014.5,True,ACTUAL
2026-02-03T21:00:00Z,Landshut_OCGT,-4.9,3.5,279.0,0,44.0,71.0,1006.4,False,GFS
2026-02-03T21:00:00Z,Nordsee_Wind,-4.0,9.6,312.0,0,43.0,54.0,1001.3,False,GFS
2026-02-03T21:00:00Z,Augsburg_Solar,-3.4,1.8,241.0,0,43.0,59.0,1012.9,True,GFS
2026-02-03T22:00:00Z,Karlsruhe_CCGT,-1.0,5.3,206.0,0,16.0,61.0,1028.1,True,ACTUAL
2026-02-03T22:00:00Z,Landshut_OCGT,-5.6,3.0,237.0,0,39.0,39.0,1019.4,True,GFS
2026-02-03T22:00:00Z,Nordsee_Wind,-8.3,8.2,89.0,0,90.0,78.0,1021.4,False,ACTUAL
2026-02-03T22:00:00Z,Augsburg_Solar,-5.7,0,129.0,0,22.0,65.0,1012.7,True,ACTUAL
2026-02-03T23:00:00Z,Karlsruhe_CCGT,-1.9,1.0,229.0,0,20.0,64.0,1011.2,False,ACTUAL
2026-02-03T23:00:00Z,Landshut_OCGT,-6.1,3.9,309.0,0,12.0,45.0,1017.8,True,ACTUAL
2026-02-03T23:00:00Z,Nordsee_Wind,-3.0,11.5,7.0,0,77.0,44.0,1007.8,True,ACTUAL
2026-02-03T23:00:00Z,Augsburg_Solar,-2.6,4.0,47.0,0,29.0,86.0,1000.4,False,ECMWF
2026-02-04T00:00:00Z,Karlsruhe_CCGT,-1.6,4.9,29.0,0,31.0,59.0,1011.2,True,GFS
2026-02-04T00:00:00Z,Landshut_OCGT,-1.5,6.8,287.0,0,37.0,50.0,1011.6,False,ACTUAL
2026-02-04T00:00:00Z,Nordsee_Wind,-0.9,4.4,83.0,0,72.0,35.0,1022.0,True,GFS
2026-02-04T00:00:00Z,Augsburg_Solar,-2.5,10.6,71.0,0,47.0,71.0,1014.3,True,GFS
2026-02-04T01:00:00Z,Karlsruhe_CCGT,4.1,4.0,246.0,0,22.0,84.0,1016.5,False,ECMWF
2026-02-04T01:00:00Z,Landshut_OCGT,-3.7,1.7,105.0,0,47.0,65.0,1013.9,True,ACTUAL
2026-02-04T01:00:00Z,Nordsee_Wind,-3.9,9.3,166.0,0,6.0,61.0,1010.4,True,ECMWF
2026-02-04T01:00:00Z,Augsburg_Solar,-6.4,1.2,129.0,0,83.0,93.0,1016.7,False,ECMWF
2026-02-04T02:00:00Z,Karlsruhe_CCGT,-3.9,3.6,224.0,0,66.0,59.0,1025.8,False,ECMWF
2026-02-04T02:00:00Z,Landshut_OCGT,4.5,3.5,318.0,0,0,59.0,1006.8,True,ECMWF
2026-02-04T02:00:00Z,Nordsee_Wind,4.2,5.5,15.0,0,43.0,57.0,1018.4,False,ECMWF
2026-02-04T02:00:00Z,Augsburg_Solar,-0.4,1.9,275.0,0,52.0,68.0,1019.8,False,GFS
2026-02-04T03:00:00Z,Karlsruhe_CCGT,3.4,5.4,109.0,0,28.0,57.0,1000.7,True,ECMWF
2026-02-04T03:00:00Z,Landshut_OCGT,0.7,1.5,108.0,0,23.0,75.0,1029.2,False,ECMWF
2026-02-04T03:00:00Z,Nordsee_Wind,-2.5,8.4,342.0,0,89.0,56.0,1012.5,True,GFS
2026-02-04T03:00:00Z,Augsburg_Solar,3.1,0.2,275.0,0,35.0,72.0,1015.4,False,ECMWF
2026-02-04T04:00:00Z,Karlsruhe_CCGT,2.7,0,31.0,0,26.0,82.0,1018.5,True,ACTUAL
2026-02-04T04:00:00Z,Landshut_OCGT,-0.1,6.6,220.0,0,48.0,57.0,1007.2,True,ACTUAL
2026-02-04T04:00:00Z,Nordsee_Wind,-0.4,5.3,114.0,0,35.0,70.0,1015.9,True,ACTUAL
2026-02-04T04:00:00Z,Augsburg_Solar,0.6,2.5,47.0,0,44.0,56.0,1010.1,True,ECMWF
2026-02-04T05:00:00Z,Karlsruhe_CCGT,3.7,6.6,322.0,0,86.0,74.0,1014.9,False,GFS
2026-02-04T05:00:00Z,Landshut_OCGT,5.4,3.2,224.0,0,45.0,58.0,1009.5,False,ACTUAL
2026-02-04T05:00:00Z,Nordsee_Wind,1.6,7.8,276.0,0,38.0,58.0,1007.2,False,ACTUAL
2026-02-04T05:00:00Z,Augsburg_Solar,4.3,6.1,82.0,0,53.0,56.0,1007.6,False,GFS
2026-02-04T06:00:00Z,Karlsruhe_CCGT,-6.5,5.5,230.0,0,67.0,67.0,1017.7,False,GFS
2026-02-04T06:00:00Z,Landshut_OCGT,2.7,5.6,98.0,0,69.0,63.0,1016.4,False,ACTUAL
2026-02-04T06:00:00Z,Nordsee_Wind,3.3,10.2,333.0,0,56.0,56.0,1002.8,True,ECMWF
2026-02-04T06:00:00Z,Augsburg_Solar,-1.1,0,7.0,0,56.0,62.0,1022.2,False,ACTUAL
2026-02-04T07:00:00Z,Karlsruhe_CCGT,-0.8,2.1,305.0,0,63.0,43.0,1012.4,True,ACTUAL
2026-02-04T07:00:00Z,Landshut_OCGT,2.0,5.4,200.0,0,29.0,53.0,1023.6,False,ACTUAL
2026-02-04T07:00:00Z,Nordsee_Wind,-1.4,5.2,241.0,0,50.0,65.0,1002.3,False,ACTUAL
2026-02-04T07:00:00Z,Augsburg_Solar,-1.4,0,1.0,104.0,52.0,53.0,1023.1,True,ACTUAL
2026-02-04T08:00:00Z,Karlsruhe_CCGT,-2.8,0,299.0,0,39.0,76.0,1005.8,True,ECMWF
2026-02-04T08:00:00Z,Landshut_OCGT,1.8,4.8,132.0,0,47.0,99.0,1006.2,True,GFS
2026-02-04T08:00:00Z,Nordsee_Wind,-1.4,11.6,173.0,0,63.0,74.0,1015.0,False,ECMWF
2026-02-04T08:00:00Z,Augsburg_Solar,5.2,8.8,199.0,140.0,53.0,42.0,1011.9,True,GFS
2026-02-04T09:00:00Z,Karlsruhe_CCGT,-0.3,4.4,269.0,0,91.0,63.0,1003.5,True,GFS
2026-02-04T09:00:00Z,Landshut_OCGT,-0.9,0,186.0,0,79.0,71.0,1022.3,False,ACTUAL
2026-02-04T09:00:00Z,Nordsee_Wind,-6.0,9.0,59.0,0,35.0,63.0,1016.0,True,GFS
2026-02-04T09:00:00Z,Augsburg_Solar,3.7,6.9,248.0,361.0,44.0,51.0,1022.5,False,ECMWF
2026-02-04T10:00:00Z,Karlsruhe_CCGT,5.2,4.7,138.0,0,56.0,62.0,1018.9,True,GFS
2026-02-04T10:00:00Z,Landshut_OCGT,-5.0,6.9,239.0,0,53.0,57.0,1000.9,True,ECMWF
2026-02-04T10:00:00Z,Nordsee_Wind,1.2,4.6,354.0,0,10.0,32.0,1025.6,True,ECMWF
2026-02-04T10:00:00Z,Augsburg_Solar,3.9,4.2,353.0,408.0,18.0,58.0,1017.7,False,ECMWF
2026-02-04T11:00:00Z,Karlsruhe_CCGT,-1.3,3.5,124.0,0,1.0,67.0,1010.5,True,ECMWF
2026-02-04T11:00:00Z,Landshut_OCGT,2.5,9.7,35.0,0,37.0,50.0,1018.6,False,ACTUAL
2026-02-04T11:00:00Z,Nordsee_Wind,1.2,10.9,242.0,0,36.0,46.0,1022.2,True,ACTUAL
2026-02-04T11:00:00Z,Augsburg_Solar,-3.8,5.6,198.0,328.0,22.0,73.0,1023.0,False,ACTUAL
2026-02-04T12:00:00Z,Karlsruhe_CCGT,-6.2,8.0,330.0,0,34.0,49.0,1024.1,True,GFS
2026-02-04T12:00:00Z,Landshut_OCGT,-5.6,2.3,24.0,0,7.0,58.0,1025.5,True,ACTUAL
2026-02-04T12:00:00Z,Nordsee_Wind,-2.8,7.2,56.0,0,86.0,52.0,996.3,False,GFS
2026-02-04T12:00:00Z,Augsburg_Solar,-10.1,6.0,233.0,397.0,77.0,71.0,1020.4,True,ECMWF
2026-02-04T13:00:00Z,Karlsruhe_CCGT,-5.6,5.7,294.0,0,17.0,61.0,1011.5,False,ECMWF
2026-02-04T13:00:00Z,Landshut_OCGT,-1.3,2.2,65.0,0,64.0,34.0,1003.8,False,ECMWF
2026-02-04T13:00:00Z,Nordsee_Wind,-1.1,8.2,294.0,0,33.0,48.0,1007.2,True,GFS
2026-02-04T13:00:00Z,Augsburg_Solar,-1.6,0.5,50.0,441.0,50.0,52.0,1000.9,True,ECMWF
2026-02-04T14:00:00Z,Karlsruhe_CCGT,0.9,5.6,135.0,0,87.0,48.0,1011.9,False,ACTUAL
2026-02-04T14:00:00Z,Landshut_OCGT,-0.8,0,340.0,0,100,75.0,1010.6,False,ACTUAL
2026-02-04T14:00:00Z,Nordsee_Wind,-7.5,4.8,349.0,0,68.0,85.0,1010.9,True,ACTUAL
2026-02-04T14:00:00Z,Augsburg_Solar,-11.6,8.3,116.0,525.0,29.0,73.0,1002.4,True,ECMWF
2026-02-04T15:00:00Z,Karlsruhe_CCGT,-7.9,0,222.0,0,23.0,72.0,1000.0,True,ACTUAL
2026-02-04T15:00:00Z,Landshut_OCGT,-2.6,5.4,207.0,0,50.0,63.0,1031.2,True,GFS
2026-02-04T15:00:00Z,Nordsee_Wind,-6.6,7.1,322.0,0,24.0,77.0,1018.9,False,ECMWF
2026-02-04T15:00:00Z,Augsburg_Solar,-3.1,3.1,175.0,521.0,49.0,49.0,1012.8,True,ECMWF
2026-02-04T16:00:00Z,Karlsruhe_CCGT,-7.2,0.8,109.0,0,42.0,66.0,1007.3,True,ECMWF
2026-02-04T16:00:00Z,Landshut_OCGT,-4.1,4.6,149.0,0,90.0,63.0,1008.0,True,ACTUAL
2026-02-04T16:00:00Z,Nordsee_Wind,-5.9,9.3,357.0,0,72.0,58.0,1007.7,True,ECMWF
2026-02-04T16:00:00Z,Augsburg_Solar,-8.2,2.1,120.0,341.0,58.0,78.0,1002.2,True,GFS
2026-02-04T17:00:00Z,Karlsruhe_CCGT,-5.3,3.4,345.0,0,35.0,57.0,1020.8,True,ACTUAL
2026-02-04T17:00:00Z,Landshut_OCGT,-11.4,5.1,20.0,0,83.0,38.0,1006.5,True,GFS
2026-02-04T17:00:00Z,Nordsee_Wind,-6.2,2.8,196.0,0,59.0,47.0,1016.9,False,GFS
2026-02-04T17:00:00Z,Augsburg_Solar,-4.1,6.5,75.0,214.0,73.0,60.0,1014.9,False,ACTUAL
2026-02-04T18:00:00Z,Karlsruhe_CCGT,-4.9,0,116.0,0,49.0,59.0,1020.8,True,ECMWF
2026-02-04T18:00:00Z,Landshut_OCGT,-7.3,0.7,5.0,0,72.0,57.0,1030.1,True,GFS
2026-02-04T18:00:00Z,Nordsee_Wind,-9.8,5.6,182.0,0,13.0,64.0,1001.1,True,GFS
2026-02-04T18:00:00Z,Augsburg_Solar,-6.0,2.3,1.0,237.0,25.0,41.0,1010.9,False,GFS
2026-02-04T19:00:00Z,Karlsruhe_CCGT,-11.1,9.5,184.0,0,93.0,67.0,1018.3,True,GFS
2026-02-04T19:00:00Z,Landshut_OCGT,-5.4,5.9,23.0,0,60.0,65.0,1013.0,True,ECMWF
2026-02-04T19:00:00Z,Nordsee_Wind,-0.7,8.2,111.0,0,90.0,64.0,1009.7,False,ACTUAL
2026-02-04T19:00:00Z,Augsburg_Solar,-5.0,0,360.0,132.0,66.0,53.0,1009.8,False,ACTUAL
2026-02-04T20:00:00Z,Karlsruhe_CCGT,-10.1,5.9,194.0,0,28.0,30.0,1018.4,True,GFS
2026-02-04T20:00:00Z,Landshut_OCGT,-3.6,2.5,253.0,0,74.0,91.0,1019.5,True,GFS
2026-02-04T20:00:00Z,Nordsee_Wind,-9.7,13.2,1.0,0,60.0,37.0,1008.1,False,ACTUAL
2026-02-04T20:00:00Z,Augsburg_Solar,-7.5,3.4,355.0,0.0,67.0,67.0,1017.8,True,ACTUAL
2026-02-04T21:00:00Z,Karlsruhe_CCGT,-6.6,0.8,16.0,0,53.0,72.0,1007.5,True,GFS
2026-02-04T21:00:00Z,Landshut_OCGT,-3.5,2.2,104.0,0,29.0,55.0,1018.6,False,ECMWF
2026-02-04T21:00:00Z,Nordsee_Wind,-3.6,8.7,339.0,0,34.0,61.0,1008.4,False,ACTUAL
2026-02-04T21:00:00Z,Augsburg_Solar,-3.9,0,2.0,0,0,51.0,1007.1,False,ACTUAL
2026-02-04T22:00:00Z,Karlsruhe_CCGT,-5.7,2.4,110.0,0,12.0,70.0,1009.8,False,ACTUAL
2026-02-04T22:00:00Z,Landshut_OCGT,-6.5,0.3,331.0,0,0,93.0,999.3,False,ACTUAL
2026-02-04T22:00:00Z,Nordsee_Wind,-2.8,8.3,351.0,0,16.0,77.0,1014.7,False,GFS
2026-02-04T22:00:00Z,Augsburg_Solar,-2.1,1.5,168.0,0,100,70.0,1005.7,True,GFS
2026-02-04T23:00:00Z,Karlsruhe_CCGT,-5.5,0,19.0,0,96.0,64.0,1034.3,False,ACTUAL
2026-02-04T23:00:00Z,Landshut_OCGT,-3.7,0,135.0,0,94.0,68.0,1021.1,False,GFS
2026-02-04T23:00:00Z,Nordsee_Wind,-5.2,7.0,144.0,0,12.0,71.0,997.7,True,GFS
2026-02-04T23:00:00Z,Augsburg_Solar,-5.1,0.4,145.0,0,100,87.0,999.9,False,ACTUAL
2026-02-05T00:00:00Z,Karlsruhe_CCGT,-7.7,1.8,264.0,0,56.0,66.0,1013.1,True,ACTUAL
2026-02-05T00:00:00Z,Landshut_OCGT,-4.4,0,326.0,0,28.0,93.0,1013.4,True,GFS
2026-02-05T00:00:00Z,Nordsee_Wind,-2.3,7.8,3.0,0,74.0,76.0,1003.3,False,GFS
2026-02-05T00:00:00Z,Augsburg_Solar,-1.9,2.9,242.0,0,43.0,58.0,1026.2,False,ECMWF
2026-02-05T01:00:00Z,Karlsruhe_CCGT,-4.8,3.3,113.0,0,44.0,95.0,1014.0,False,GFS
2026-02-05T01:00:00Z,Landshut_OCGT,2.4,6.9,37.0,0,68.0,67.0,1019.1,False,GFS
2026-02-05T01:00:00Z,Nordsee_Wind,-1.4,8.3,200.0,0,75.0,69.0,1004.6,False,ACTUAL
2026-02-05T01:00:00Z,Augsburg_Solar,-4.5,6.2,199.0,0,54.0,59.0,1026.7,True,ACTUAL
2026-02-05T02:00:00Z,Karlsruhe_CCGT,1.0,7.7,140.0,0,51.0,100,1025.4,True,ACTUAL
2026-02-05T02:00:00Z,Landshut_OCGT,-0.3,0,297.0,0,50.0,65.0,1019.1,False,ECMWF
2026-02-05T02:00:00Z,Nordsee_Wind,-1.7,8.4,226.0,0,42.0,75.0,1008.0,False,ACTUAL
2026-02-05T02:00:00Z,Augsburg_Solar,-3.3,3.5,301.0,0,77.0,68.0,1004.6,True,ACTUAL
2026-02-05T03:00:00Z,Karlsruhe_CCGT,0.9,1.7,46.0,0,65.0,73.0,1008.3,True,ACTUAL
2026-02-05T03:00:00Z,Landshut_OCGT,5.5,3.1,9.0,0,22.0,49.0,1000.5,True,ECMWF
2026-02-05T03:00:00Z,Nordsee_Wind,-0.4,8.8,24.0,0,87.0,59.0,1009.9,False,GFS
2026-02-05T03:00:00Z,Augsburg_Solar,4.6,3.3,353.0,0,19.0,46.0,1009.5,False,GFS
2026-02-05T04:00:00Z,Karlsruhe_CCGT,-0.2,2.9,315.0,0,20.0,64.0,1012.2,True,GFS
2026-02-05T04:00:00Z,Landshut_OCGT,2.9,3.9,263.0,0,46.0,48.0,1008.5,False,GFS
2026-02-05T04:00:00Z,Nordsee_Wind,-1.0,3.0,218.0,0,49.0,71.0,1012.3,True,ECMWF
2026-02-05T04:00:00Z,Augsburg_Solar,1.5,1.5,311.0,0,73.0,51.0,1014.4,True,ACTUAL
2026-02-05T05:00:00Z,Karlsruhe_CCGT,0.5,4.3,234.0,0,68.0,69.0,1006.7,False,ECMWF
2026-02-05T05:00:00Z,Landshut_OCGT,4.1,7.6,245.0,0,9.0,70.0,1011.3,False,ECMWF
2026-02-05T05:00:00Z,Nordsee_Wind,5.9,6.1,46.0,0,70.0,43.0,1010.6,True,GFS
2026-02-05T05:00:00Z,Augsburg_Solar,5.3,1.7,45.0,0,21.0,72.0,1017.3,True,ACTUAL
2026-02-05T06:00:00Z,Karlsruhe_CCGT,-3.2,4.6,242.0,0,47.0,80.0,1011.8,True,ECMWF
2026-02-05T06:00:00Z,Landshut_OCGT,8.1,0.2,342.0,0,47.0,98.0,1014.8,True,ACTUAL
2026-02-05T06:00:00Z,Nordsee_Wind,4.0,3.2,354.0,0,50.0,67.0,1007.5,True,ACTUAL
2026-02-05T06:00:00Z,Augsburg_Solar,3.0,5.5,342.0,0,55.0,63.0,1021.0,False,ECMWF
2026-02-05T07:00:00Z,Karlsruhe_CCGT,3.4,6.9,306.0,0,78.0,47.0,1007.6,False,ACTUAL
2026-02-05T07:00:00Z,Landshut_OCGT,4.0,0.2,230.0,0,50.0,62.0,1009.3,True,ECMWF
2026-02-05T07:00:00Z,Nordsee_Wind,-1.2,8.1,40.0,0,1.0,82.0,1019.8,False,GFS
2026-02-05T07:00:00Z,Augsburg_Solar,-1.3,5.0,166.0,79.0,6.0,48.0,1024.6,True,GFS
2026-02-05T08:00:00Z,Karlsruhe_CCGT,2.7,1.7,194.0,0,89.0,60.0,1009.2,True,ECMWF
2026-02-05T08:00:00Z,Landshut_OCGT,1.0,1.2,81.0,0,45.0,44.0,1013.4,True,GFS
2026-02-05T08:00:00Z,Nordsee_Wind,0.9,8.6,171.0,0,25.0,66.0,1018.6,True,ACTUAL
2026-02-05T08:00:00Z,Augsburg_Solar,7.4,1.2,141.0,147.0,29.0,36.0,1005.5,False,ECMWF
2026-02-05T09:00:00Z,Karlsruhe_CCGT,-1.2,0,136.0,0,45.0,66.0,1010.6,False,ACTUAL
2026-02-05T09:00:00Z,Landshut_OCGT,3.6,4.7,159.0,0,28.0,53.0,1016.9,False,ACTUAL
2026-02-05T09:00:00Z,Nordsee_Wind,4.6,7.8,313.0,0,70.0,60.0,1005.7,False,ECMWF
2026-02-05T09:00:00Z,Augsburg_Solar,-1.8,6.1,128.0,301.0,69.0,71.0,1008.1,True,GFS
2026-02-05T10:00:00Z,Karlsruhe_CCGT,-8.1,1.7,72.0,0,32.0,50.0,1006.5,False,ECMWF
2026-02-05T10:00:00Z,Landshut_OCGT,0.9,7.9,9.0,0,37.0,60.0,1006.1,False,GFS
2026-02-05T10:00:00Z,Nordsee_Wind,0.9,11.3,307.0,0,66.0,82.0,1017.5,False,GFS
2026-02-05T10:00:00Z,Augsburg_Solar,0.7,5.3,323.0,386.0,62.0,78.0,1009.6,True,GFS
2026-02-05T11:00:00Z,Karlsruhe_CCGT,-0.2,5.4,342.0,0,32.0,66.0,1006.5,False,ECMWF
2026-02-05T11:00:00Z,Landshut_OCGT,-1.4,0,32.0,0,0,66.0,1007.7,False,ACTUAL
2026-02-05T11:00:00Z,Nordsee_Wind,-2.0,5.7,169.0,0,10.0,67.0,1016.4,True,ACTUAL
2026-02-05T11:00:00Z,Augsburg_Solar,2.1,0,80.0,486.0,31.0,64.0,1011.0,False,ECMWF
2026-02-05T12:00:00Z,Karlsruhe_CCGT,-4.3,3.8,41.0,0,39.0,40.0,1010.9,True,GFS
2026-02-05T12:00:00Z,Landshut_OCGT,-5.8,0,109.0,0,24.0,84.0,1022.8,False,ECMWF
2026-02-05T12:00:00Z,Nordsee_Wind,0.3,9.6,263.0,0,53.0,31.0,1010.9,True,ECMWF
2026-02-05T12:00:00Z,Augsburg_Solar,-5.3,1.7,0.0,208.0,20.0,62.0,1012.6,True,ECMWF
2026-02-05T13:00:00Z,Karlsruhe_CCGT,-1.0,2.7,274.0,0,0,57.0,1014.1,True,ACTUAL
2026-02-05T13:00:00Z,Landshut_OCGT,-3.6,2.5,179.0,0,54.0,76.0,1017.2,True,ECMWF
2026-02-05T13:00:00Z,Nordsee_Wind,-9.5,10.1,327.0,0,34.0,63.0,1000.6,True,ACTUAL
2026-02-05T13:00:00Z,Augsburg_Solar,-10.3,2.2,129.0,350.0,100,73.0,1021.7,True,ACTUAL
2026-02-05T14:00:00Z,Karlsruhe_CCGT,-7.5,2.7,79.0,0,43.0,59.0,1013.3,False,GFS
2026-02-05T14:00:00Z,Landshut_OCGT,-4.0,2.0,288.0,0,11.0,94.0,1023.2,False,ACTUAL
2026-02-05T14:00:00Z,Nordsee_Wind,-4.6,2.1,335.0,0,48.0,75.0,1008.4,False,ECMWF
2026-02-05T14:00:00Z,Augsburg_Solar,-7.5,5.1,307.0,303.0,75.0,61.0,1008.5,True,ACTUAL
2026-02-05T15:00:00Z,Karlsruhe_CCGT,-11.7,3.9,290.0,0,65.0,42.0,1015.4,True,ECMWF
2026-02-05T15:00:00Z,Landshut_OCGT,-2.3,1.3,57.0,0,22.0,66.0,1014.9,True,ECMWF
2026-02-05T15:00:00Z,Nordsee_Wind,-5.7,7.1,218.0,0,4.0,66.0,1006.5,True,ACTUAL
2026-02-05T15:00:00Z,Augsburg_Solar,-9.0,4.7,285.0,495.0,5.0,70.0,1015.8,False,GFS
2026-02-05T16:00:00Z,Karlsruhe_CCGT,-5.7,3.0,220.0,0,52.0,72.0,1021.2,False,ECMWF
2026-02-05T16:00:00Z,Landshut_OCGT,-17.5,3.9,285.0,0,8.0,61.0,1016.2,False,ECMWF
2026-02-05T16:00:00Z,Nordsee_Wind,-5.4,0.9,54.0,0,37.0,59.0,1013.1,True,ECMWF
2026-02-05T16:00:00Z,Augsburg_Solar,-6.4,3.8,96.0,209.0,33.0,85.0,1009.3,False,GFS
2026-02-05T17:00:00Z,Karlsruhe_CCGT,-9.2,0,265.0,0,18.0,50.0,1007.2,False,ECMWF
2026-02-05T17:00:00Z,Landshut_OCGT,-8.3,3.7,283.0,0,41.0,71.0,1005.1,False,ACTUAL
2026-02-05T17:00:00Z,Nordsee_Wind,-13.0,1.1,23.0,0,18.0,60.0,1014.0,False,ACTUAL
2026-02-05T17:00:00Z,Augsburg_Solar,-6.2,1.2,123.0,276.0,50.0,61.0,1011.6,True,ACTUAL
2026-02-05T18:00:00Z,Karlsruhe_CCGT,-5.9,2.9,357.0,0,100,80.0,1016.1,False,ECMWF
2026-02-05T18:00:00Z,Landshut_OCGT,-10.6,2.1,182.0,0,52.0,45.0,1005.2,False,ECMWF
2026-02-05T18:00:00Z,Nordsee_Wind,-6.6,12.5,117.0,0,92.0,43.0,1001.6,False,GFS
2026-02-05T18:00:00Z,Augsburg_Solar,-2.1,4.3,192.0,164.0,15.0,85.0,1016.5,False,ECMWF
2026-02-05T19:00:00Z,Karlsruhe_CCGT,-10.5,2.4,318.0,0,60.0,44.0,1014.1,False,ECMWF
2026-02-05T19:00:00Z,Landshut_OCGT,-4.9,0,53.0,0,45.0,84.0,1025.7,True,GFS
2026-02-05T19:00:00Z,Nordsee_Wind,-11.3,11.3,54.0,0,55.0,72.0,1017.5,True,ACTUAL
2026-02-05T19:00:00Z,Augsburg_Solar,-13.1,0,103.0,110.0,81.0,81.0,1007.8,True,ECMWF
2026-02-05T20:00:00Z,Karlsruhe_CCGT,-12.7,0.9,139.0,0,9.0,76.0,1013.5,True,ECMWF
2026-02-05T20:00:00Z,Landshut_OCGT,-6.1,6.3,103.0,0,93.0,54.0,1019.1,True,ECMWF
2026-02-05T20:00:00Z,Nordsee_Wind,-6.5,5.3,261.0,0,32.0,66.0,1014.9,False,GFS
2026-02-05T20:00:00Z,Augsburg_Solar,-5.8,3.1,265.0,0.0,68.0,68.0,1025.0,True,ECMWF
2026-02-05T21:00:00Z,Karlsruhe_CCGT,-5.6,0,194.0,0,68.0,60.0,1025.9,True,ECMWF
2026-02-05T21:00:00Z,Landshut_OCGT,0.5,0.2,61.0,0,52.0,55.0,1024.6,False,ECMWF
2026-02-05T21:00:00Z,Nordsee_Wind,-3.8,6.6,158.0,0,60.0,41.0,1021.4,False,ACTUAL
2026-02-05T21:00:00Z,Augsburg_Solar,-8.4,1.7,340.0,0,71.0,30.0,1014.2,True,ECMWF
2026-02-05T22:00:00Z,Karlsruhe_CCGT,-1.9,5.4,127.0,0,36.0,68.0,1005.2,True,GFS
2026-02-05T22:00:00Z,Landshut_OCGT,-7.6,9.1,26.0,0,37.0,61.0,1025.3,False,ECMWF
2026-02-05T22:00:00Z,Nordsee_Wind,-7.5,5.2,342.0,0,51.0,58.0,1014.9,True,ECMWF
2026-02-05T22:00:00Z,Augsburg_Solar,-3.8,3.0,136.0,0,28.0,75.0,1017.4,True,ACTUAL
2026-02-05T23:00:00Z,Karlsruhe_CCGT,-7.7,0.2,270.0,0,12.0,64.0,1006.2,False,ACTUAL
2026-02-05T23:00:00Z,Landshut_OCGT,-7.3,0,288.0,0,11.0,60.0,1022.4,True,GFS
2026-02-05T23:00:00Z,Nordsee_Wind,-1.1,5.1,165.0,0,91.0,85.0,1000.6,False,ECMWF
2026-02-05T23:00:00Z,Augsburg_Solar,0.6,3.0,354.0,0,50.0,79.0,1014.3,True,ACTUAL
2026-02-06T00:00:00Z,Karlsruhe_CCGT,-1.0,1.7,169.0,0,43.0,80.0,1022.8,True,GFS
2026-02-06T00:00:00Z,Landshut_OCGT,-2.7,5.8,51.0,0,34.0,40.0,1015.8,True,ACTUAL
2026-02-06T00:00:00Z,Nordsee_Wind,1.0,6.0,226.0,0,11.0,60.0,1010.6,True,ACTUAL
2026-02-06T00:00:00Z,Augsburg_Solar,-3.0,2.9,207.0,0,9.0,83.0,1013.6,True,ACTUAL
2026-02-06T01:00:00Z,Karlsruhe_CCGT,-2.7,0,182.0,0,9.0,45.0,1017.7,False,ECMWF
2026-02-06T01:00:00Z,Landshut_OCGT,-2.3,4.5,176.0,0,67.0,81.0,1021.5,True,ECMWF
2026-02-06T01:00:00Z,Nordsee_Wind,5.9,6.4,150.0,0,87.0,41.0,1001.4,True,GFS
2026-02-06T01:00:00Z,Augsburg_Solar,-1.1,2.9,119.0,0,47.0,72.0,1002.7,False,ACTUAL
2026-02-06T02:00:00Z,Karlsruhe_CCGT,-5.2,5.8,39.0,0,79.0,68.0,1012.8,True,ACTUAL
2026-02-06T02:00:00Z,Landshut_OCGT,3.3,0,210.0,0,82.0,79.0,1015.7,False,ECMWF
2026-02-06T02:00:00Z,Nordsee_Wind,5.8,10.9,157.0,0,70.0,60.0,1012.7,True,ECMWF
2026-02-06T02:00:00Z,Augsburg_Solar,3.3,3.5,135.0,0,59.0,79.0,1012.1,False,GFS
2026-02-06T03:00:00Z,Karlsruhe_CCGT,1.9,4.5,2.0,0,85.0,33.0,996.2,True,GFS
2026-02-06T03:00:00Z,Landshut_OCGT,-4.6,7.7,232.0,0,98.0,76.0,1007.8,False,GFS
2026-02-06T03:00:00Z,Nordsee_Wind,-1.6,5.5,26.0,0,7.0,68.0,1004.3,True,GFS
2026-02-06T03:00:00Z,Augsburg_Solar,3.9,4.9,8.0,0,63.0,39.0,1006.4,True,ACTUAL
2026-02-06T04:00:00Z,Karlsruhe_CCGT,2.4,0,54.0,0,59.0,71.0,1020.5,False,ECMWF
2026-02-06T04:00:00Z,Landshut_OCGT,7.0,4.9,228.0,0,65.0,51.0,1005.5,False,ECMWF
2026-02-06T04:00:00Z,Nordsee_Wind,-5.2,2.6,180.0,0,25.0,69.0,1013.1,True,GFS
2026-02-06T04:00:00Z,Augsburg_Solar,2.7,3.1,6.0,0,98.0,54.0,994.6,True,GFS
2026-02-06T05:00:00Z,Karlsruhe_CCGT,2.6,0,248.0,0,73.0,89.0,1027.8,True,GFS
2026-02-06T05:00:00Z,Landshut_OCGT,2.7,7.2,35.0,0,24.0,32.0,1018.5,True,ACTUAL
2026-02-06T05:00:00Z,Nordsee_Wind,3.9,7.6,231.0,0,51.0,64.0,1006.9,False,ECMWF
2026-02-06T05:00:00Z,Augsburg_Solar,-2.0,8.9,232.0,0,54.0,66.0,997.5,True,GFS
2026-02-06T06:00:00Z,Karlsruhe_CCGT,-0.1,5.7,96.0,0,51.0,54.0,1025.3,False,ACTUAL
2026-02-06T06:00:00Z,Landshut_OCGT,0.2,5.8,294.0,0,45.0,33.0,1006.5,False,GFS
2026-02-06T06:00:00Z,Nordsee_Wind,6.6,4.9,296.0,0,55.0,89.0,1016.1,False,ECMWF
2026-02-06T06:00:00Z,Augsburg_Solar,3.6,4.5,105.0,0,47.0,64.0,1020.4,True,ACTUAL
2026-02-06T07:00:00Z,Karlsruhe_CCGT,3.6,3.0,246.0,0,94.0,50.0,1010.0,True,ECMWF
2026-02-06T07:00:00Z,Landshut_OCGT,-0.5,3.2,35.0,0,52.0,39.0,1007.6,False,GFS
2026-02-06T07:00:00Z,Nordsee_Wind,4.6,8.3,218.0,0,18.0,66.0,1002.3,False,ECMWF
2026-02-06T07:00:00Z,Augsburg_Solar,3.5,2.3,130.0,54.0,48.0,54.0,1011.3,True,ACTUAL
2026-02-06T08:00:00Z,Karlsruhe_CCGT,5.1,3.8,169.0,0,44.0,76.0,1002.7,True,GFS
2026-02-06T08:00:00Z,Landshut_OCGT,3.8,0,194.0,0,66.0,83.0,1006.4,True,ECMWF
2026-02-06T08:00:00Z,Nordsee_Wind,3.5,9.4,9.0,0,40.0,82.0,1011.0,False,ACTUAL
2026-02-06T08:00:00Z,Augsburg_Solar,5.4,0,331.0,231.0,45.0,45.0,1007.7,True,ECMWF
2026-02-06T09:00:00Z,Karlsruhe_CCGT,2.3,2.6,138.0,0,53.0,65.0,1000.2,False,ACTUAL
2026-02-06T09:00:00Z,Landshut_OCGT,1.4,0,331.0,0,57.0,58.0,1014.3,False,ACTUAL
2026-02-06T09:00:00Z,Nordsee_Wind,4.3,6.7,174.0,0,31.0,84.0,1016.9,False,GFS
2026-02-06T09:00:00Z,Augsburg_Solar,3.3,7.4,250.0,154.0,37.0,71.0,1026.1,True,GFS
2026-02-06T10:00:00Z,Karlsruhe_CCGT,8.8,6.1,247.0,0,5.0,63.0,1012.2,False,ACTUAL
2026-02-06T10:00:00Z,Landshut_OCGT,5.1,0,26.0,0,40.0,52.0,1018.0,True,ECMWF
2026-02-06T10:00:00Z,Nordsee_Wind,5.6,7.0,101.0,0,32.0,58.0,1019.0,False,ACTUAL
2026-02-06T10:00:00Z,Augsburg_Solar,2.1,5.4,93.0,386.0,74.0,31.0,1015.9,True,ACTUAL
2026-02-06T11:00:00Z,Karlsruhe_CCGT,-0.9,0.4,65.0,0,8.0,64.0,1010.0,False,ACTUAL
2026-02-06T11:00:00Z,Landshut_OCGT,-0.3,0.7,90.0,0,58.0,77.0,1005.5,False,ECMWF
2026-02-06T11:00:00Z,Nordsee_Wind,2.1,3.4,271.0,0,33.0,73.0,1000.6,True,ECMWF
2026-02-06T11:00:00Z,Augsburg_Solar,1.5,1.1,225.0,254.0,29.0,80.0,1017.2,False,ACTUAL
2026-02-06T12:00:00Z,Karlsruhe_CCGT,-6.1,0,318.0,0,69.0,46.0,1007.9,True,ACTUAL
2026-02-06T12:00:00Z,Landshut_OCGT,-2.8,0,49.0,0,63.0,87.0,1002.8,False,ECMWF
2026-02-06T12:00:00Z,Nordsee_Wind,-4.5,9.4,249.0,0,8.0,65.0,1016.2,True,ACTUAL
2026-02-06T12:00:00Z,Augsburg_Solar,-6.0,0.0,285.0,192.0,55.0,67.0,1016.6,True,ECMWF
2026-02-06T13:00:00Z,Karlsruhe_CCGT,-1.4,1.9,170.0,0,63.0,87.0,1014.3,True,ECMWF
2026-02-06T13:00:00Z,Landshut_OCGT,-2.3,1.2,112.0,0,68.0,74.0,1015.5,True,GFS
2026-02-06T13:00:00Z,Nordsee_Wind,-5.5,7.9,275.0,0,16.0,49.0,998.6,False,ACTUAL
2026-02-06T13:00:00Z,Augsburg_Solar,0.2,0,216.0,400.0,62.0,73.0,1026.1,False,GFS
2026-02-06T14:00:00Z,Karlsruhe_CCGT,-7.2,1.9,112.0,0,81.0,68.0,999.5,True,ECMWF
2026-02-06T14:00:00Z,Landshut_OCGT,-6.5,4.0,36.0,0,61.0,77.0,1012.4,False,ACTUAL
2026-02-06T14:00:00Z,Nordsee_Wind,-7.1,9.3,347.0,0,68.0,72.0,1018.6,True,ECMWF
2026-02-06T14:00:00Z,Augsburg_Solar,2.5,0,173.0,238.0,67.0,77.0,1008.4,False,ACTUAL
2026-02-06T15:00:00Z,Karlsruhe_CCGT,-8.1,2.0,316.0,0,0,56.0,1009.1,True,ECMWF
2026-02-06T15:00:00Z,Landshut_OCGT,-3.8,5.2,230.0,0,87.0,72.0,1021.5,True,ACTUAL
2026-02-06T15:00:00Z,Nordsee_Wind,-5.4,7.8,171.0,0,60.0,52.0,1003.4,False,ECMWF
2026-02-06T15:00:00Z,Augsburg_Solar,-2.4,2.4,162.0,403.0,53.0,63.0,1005.3,True,ACTUAL
2026-02-06T16:00:00Z,Karlsruhe_CCGT,-4.8,0.6,117.0,0,39.0,57.0,1021.1,True,ACTUAL
2026-02-06T16:00:00Z,Landshut_OCGT,-9.1,10.5,265.0,0,85.0,72.0,1029.1,True,GFS
2026-02-06T16:00:00Z,Nordsee_Wind,-9.7,9.6,345.0,0,46.0,77.0,1021.2,True,GFS
2026-02-06T16:00:00Z,Augsburg_Solar,-6.9,0,313.0,394.0,64.0,58.0,1006.8,True,GFS
2026-02-06T17:00:00Z,Karlsruhe_CCGT,-9.9,1.8,322.0,0,100,68.0,1002.5,True,ACTUAL
2026-02-06T17:00:00Z,Landshut_OCGT,-6.1,0.3,195.0,0,73.0,73.0,1009.5,True,GFS
2026-02-06T17:00:00Z,Nordsee_Wind,-6.4,8.8,164.0,0,59.0,58.0,1001.0,True,ECMWF
2026-02-06T17:00:00Z,Augsburg_Solar,-5.9,1.6,76.0,227.0,47.0,60.0,1019.8,True,GFS
2026-02-06T18:00:00Z,Karlsruhe_CCGT,-5.4,5.0,352.0,0,64.0,58.0,1013.9,True,ACTUAL
2026-02-06T18:00:00Z,Landshut_OCGT,-8.5,3.0,336.0,0,54.0,57.0,1035.3,True,ACTUAL
2026-02-06T18:00:00Z,Nordsee_Wind,-11.0,11.0,114.0,0,19.0,43.0,1016.6,True,ACTUAL
2026-02-06T18:00:00Z,Augsburg_Solar,-9.4,2.6,52.0,99.0,35.0,58.0,1010.4,True,ECMWF
2026-02-06T19:00:00Z,Karlsruhe_CCGT,-5.9,0.4,326.0,0,42.0,59.0,1017.8,False,ECMWF
2026-02-06T19:00:00Z,Landshut_OCGT,-3.9,3.5,245.0,0,96.0,60.0,1015.3,False,ACTUAL
2026-02-06T19:00:00Z,Nordsee_Wind,-7.7,5.7,250.0,0,39.0,55.0,1010.8,True,ACTUAL
2026-02-06T19:00:00Z,Augsburg_Solar,-3.5,5.5,196.0,126.0,29.0,47.0,1011.0,False,ACTUAL
2026-02-06T20:00:00Z,Karlsruhe_CCGT,-5.4,0,266.0,0,45.0,77.0,999.8,False,GFS
2026-02-06T20:00:00Z,Landshut_OCGT,-15.6,2.1,179.0,0,48.0,70.0,1028.7,False,ECMWF
2026-02-06T20:00:00Z,Nordsee_Wind,-2.1,9.0,167.0,0,61.0,65.0,1017.1,True,ACTUAL
2026-02-06T20:00:00Z,Augsburg_Solar,-5.7,0,352.0,0.0,54.0,43.0,1012.3,True,GFS
2026-02-06T21:00:00Z,Karlsruhe_CCGT,-7.8,1.6,242.0,0,66.0,50.0,1012.3,True,GFS
2026-02-06T21:00:00Z,Landshut_OCGT,-2.9,0,356.0,0,59.0,48.0,1002.6,True,ECMWF
2026-02-06T21:00:00Z,Nordsee_Wind,-7.8,10.5,20.0,0,40.0,64.0,1004.9,True,ACTUAL
2026-02-06T21:00:00Z,Augsburg_Solar,-8.5,2.4,200.0,0,73.0,67.0,1015.7,True,ACTUAL
2026-02-06T22:00:00Z,Karlsruhe_CCGT,-4.0,1.8,131.0,0,65.0,78.0,1003.4,True,ECMWF
2026-02-06T22:00:00Z,Landshut_OCGT,-2.8,2.9,234.0,0,67.0,55.0,1006.1,False,ECMWF
2026-02-06T22:00:00Z,Nordsee_Wind,-6.0,2.4,278.0,0,81.0,66.0,1009.1,True,ACTUAL
2026-02-06T22:00:00Z,Augsburg_Solar,-4.0,3.4,154.0,0,47.0,27.0,1015.7,True,ECMWF
2026-02-06T23:00:00Z,Karlsruhe_CCGT,0.3,0,254.0,0,59.0,63.0,1006.6,False,GFS
2026-02-06T23:00:00Z,Landshut_OCGT,-3.9,0,144.0,0,100,76.0,1024.4,False,GFS
2026-02-06T23:00:00Z,Nordsee_Wind,-2.6,12.6,331.0,0,32.0,54.0,1010.9,True,GFS
2026-02-06T23:00:00Z,Augsburg_Solar,-5.7,4.0,19.0,0,51.0,88.0,1017.1,True,ECMWF
2026-02-07T00:00:00Z,Karlsruhe_CCGT,-1.6,6.5,148.0,0,14.0,52.0,1011.6,True,ECMWF
2026-02-07T00:00:00Z,Landshut_OCGT,2.6,0.8,183.0,0,29.0,63.0,1009.9,False,GFS
2026-02-07T00:00:00Z,Nordsee_Wind,0.3,9.9,191.0,0,68.0,62.0,1018.9,False,GFS
2026-02-07T00:00:00Z,Augsburg_Solar,-5.6,5.4,277.0,0,40.0,100,1017.6,True,ACTUAL
2026-02-07T01:00:00Z,Karlsruhe_CCGT,0.8,0.7,158.0,0,39.0,28.0,1007.1,True,ACTUAL
2026-02-07T01:00:00Z,Landshut_OCGT,2.0,3.1,133.0,0,7.0,66.0,1019.0,True,ACTUAL
2026-02-07T01:00:00Z,Nordsee_Wind,-3.5,4.2,193.0,0,52.0,54.0,1006.6,True,ACTUAL
2026-02-07T01:00:00Z,Augsburg_Solar,1.0,0.7,333.0,0,32.0,58.0,1004.1,True,GFS
2026-02-07T02:00:00Z,Karlsruhe_CCGT,1.0,0,54.0,0,15.0,86.0,1007.7,True,GFS
2026-02-07T02:00:00Z,Landshut_OCGT,4.2,6.0,95.0,0,25.0,82.0,1001.6,True,ECMWF
2026-02-07T02:00:00Z,Nordsee_Wind,2.8,12.3,251.0,0,62.0,44.0,1022.3,True,ACTUAL
2026-02-07T02:00:00Z,Augsburg_Solar,-4.3,7.9,319.0,0,36.0,68.0,1010.4,False,ECMWF
2026-02-07T03:00:00Z,Karlsruhe_CCGT,-0.7,2.5,354.0,0,71.0,59.0,1009.3,True,ECMWF
2026-02-07T03:00:00Z,Landshut_OCGT,-1.6,8.2,143.0,0,70.0,66.0,1028.7,True,ECMWF
2026-02-07T03:00:00Z,Nordsee_Wind,-0.4,12.6,68.0,0,65.0,60.0,1016.0,True,ECMWF
2026-02-07T03:00:00Z,Augsburg_Solar,0.1,2.3,87.0,0,60.0,51.0,1010.3,False,GFS
2026-02-07T04:00:00Z,Karlsruhe_CCGT,1.4,2.3,207.0,0,75.0,72.0,1012.7,True,GFS
2026-02-07T04:00:00Z,Landshut_OCGT,0.4,8.6,222.0,0,22.0,47.0,1003.3,True,ECMWF
2026-02-07T04:00:00Z,Nordsee_Wind,2.9,6.2,80.0,0,35.0,56.0,1006.3,True,GFS
2026-02-07T04:00:00Z,Augsburg_Solar,4.3,6.4,143.0,0,84.0,83.0,1014.5,True,ECMWF
2026-02-07T05:00:00Z,Karlsruhe_CCGT,4.4,4.4,153.0,0,38.0,86.0,1010.2,False,ECMWF
2026-02-07T05:00:00Z,Landshut_OCGT,5.4,0.4,11.0,0,84.0,65.0,1006.0,True,GFS
2026-02-07T05:00:00Z,Nordsee_Wind,8.5,9.9,78.0,0,63.0,85.0,1002.3,False,GFS
2026-02-07T05:00:00Z,Augsburg_Solar,4.6,6.1,106.0,0,71.0,59.0,1015.9,True,ACTUAL
2026-02-07T06:00:00Z,Karlsruhe_CCGT,4.3,0,300.0,0,56.0,61.0,1004.4,True,ECMWF
2026-02-07T06:00:00Z,Landshut_OCGT,1.8,5.2,333.0,0,60.0,24.0,1007.1,False,GFS
2026-02-07T06:00:00Z,Nordsee_Wind,8.5,8.7,201.0,0,45.0,59.0,1016.5,True,GFS
2026-02-07T06:00:00Z,Augsburg_Solar,-1.3,1.9,104.0,0,41.0,66.0,1011.9,False,ACTUAL
2026-02-07T07:00:00Z,Karlsruhe_CCGT,3.3,2.0,204.0,0,55.0,55.0,1008.4,False,ECMWF
2026-02-07T07:00:00Z,Landshut_OCGT,6.0,0.2,173.0,0,69.0,38.0,1005.6,False,ACTUAL
2026-02-07T07:00:00Z,Nordsee_Wind,7.9,8.0,33.0,0,21.0,65.0,1015.3,False,ECMWF
2026-02-07T07:00:00Z,Augsburg_Solar,6.2,3.1,296.0,122.0,90.0,67.0,1028.1,False,ACTUAL
2026-02-07T08:00:00Z,Karlsruhe_CCGT,1.4,1.5,4.0,0,39.0,68.0,1022.9,False,ECMWF
2026-02-07T08:00:00Z,Landshut_OCGT,-0.7,3.1,269.0,0,43.0,71.0,1005.5,True,GFS
2026-02-07T08:00:00Z,Nordsee_Wind,5.6,6.2,51.0,0,69.0,63.0,1006.2,True,ECMWF
2026-02-07T08:00:00Z,Augsburg_Solar,-0.2,5.8,133.0,161.0,70.0,69.0,1014.6,False,GFS
2026-02-07T09:00:00Z,Karlsruhe_CCGT,2.1,1.9,48.0,0,47.0,42.0,1017.9,False,ACTUAL
2026-02-07T09:00:00Z,Landshut_OCGT,3.0,0.5,52.0,0,34.0,49.0,1021.8,False,ACTUAL
2026-02-07T09:00:00Z,Nordsee_Wind,2.0,8.3,113.0,0,48.0,52.0,1029.1,False,GFS
2026-02-07T09:00:00Z,Augsburg_Solar,3.5,0.8,73.0,313.0,62.0,52.0,1010.3,True,ECMWF
2026-02-07T10:00:00Z,Karlsruhe_CCGT,2.4,0,10.0,0,19.0,69.0,1007.3,False,GFS
2026-02-07T10:00:00Z,Landshut_OCGT,2.8,3.4,190.0,0,7.0,60.0,1009.7,False,ACTUAL
2026-02-07T10:00:00Z,Nordsee_Wind,0.8,6.6,25.0,0,71.0,64.0,1012.9,False,ACTUAL
2026-02-07T10:00:00Z,Augsburg_Solar,-1.5,3.0,174.0,398.0,84.0,50.0,1016.9,False,ECMWF
2026-02-07T11:00:00Z,Karlsruhe_CCGT,0.4,1.5,279.0,0,23.0,50.0,1026.5,True,ACTUAL
2026-02-07T11:00:00Z,Landshut_OCGT,-5.8,2.8,49.0,0,56.0,68.0,1009.5,True,GFS
2026-02-07T11:00:00Z,Nordsee_Wind,-1.1,2.6,86.0,0,55.0,69.0,1003.0,True,ACTUAL
2026-02-07T11:00:00Z,Augsburg_Solar,-2.7,0,137.0,431.0,49.0,77.0,1014.2,False,ECMWF
2026-02-07T12:00:00Z,Karlsruhe_CCGT,-4.9,0.1,64.0,0,54.0,39.0,1028.4,True,GFS
2026-02-07T12:00:00Z,Landshut_OCGT,-5.4,0,115.0,0,26.0,68.0,1012.4,True,ACTUAL
2026-02-07T12:00:00Z,Nordsee_Wind,-1.9,9.1,17.0,0,99.0,74.0,1012.5,False,GFS
2026-02-07T12:00:00Z,Augsburg_Solar,-3.3,3.6,9.0,491.0,63.0,90.0,998.3,False,GFS
2026-02-07T13:00:00Z,Karlsruhe_CCGT,-1.6,5.3,205.0,0,93.0,66.0,1026.3,False,ECMWF
2026-02-07T13:00:00Z,Landshut_OCGT,-3.6,3.5,6.0,0,48.0,63.0,1006.8,False,GFS
2026-02-07T13:00:00Z,Nordsee_Wind,-5.1,11.4,21.0,0,99.0,80.0,1014.6,False,ECMWF
2026-02-07T13:00:00Z,Augsburg_Solar,-6.5,2.6,87.0,370.0,66.0,57.0,1034.0,True,GFS
2026-02-07T14:00:00Z,Karlsruhe_CCGT,-4.7,4.1,123.0,0,81.0,87.0,1021.0,True,ECMWF
2026-02-07T14:00:00Z,Landshut_OCGT,-4.1,0,3.0,0,29.0,48.0,1007.0,True,ECMWF
2026-02-07T14:00:00Z,Nordsee_Wind,-2.6,14.1,134.0,0,64.0,80.0,1017.2,True,ACTUAL
2026-02-07T14:00:00Z,Augsburg_Solar,-2.2,4.0,316.0,209.0,16.0,58.0,1023.1,False,ECMWF
2026-02-07T15:00:00Z,Karlsruhe_CCGT,-0.9,0,6.0,0,18.0,65.0,1020.2,False,ECMWF
2026-02-07T15:00:00Z,Landshut_OCGT,-4.0,0,275.0,0,84.0,48.0,1014.5,True,ECMWF
2026-02-07T15:00:00Z,Nordsee_Wind,-8.2,5.8,282.0,0,66.0,33.0,1023.7,True,ECMWF
2026-02-07T15:00:00Z,Augsburg_Solar,-3.4,0.5,98.0,511.0,48.0,75.0,1011.4,False,GFS
2026-02-07T16:00:00Z,Karlsruhe_CCGT,-3.1,0.7,18.0,0,19.0,46.0,1005.7,True,ECMWF
2026-02-07T16:00:00Z,Landshut_OCGT,-4.7,0,358.0,0,100,46.0,1010.3,True,GFS
2026-02-07T16:00:00Z,Nordsee_Wind,-5.4,12.5,209.0,0,23.0,61.0,1011.5,True,ACTUAL
2026-02-07T16:00:00Z,Augsburg_Solar,-6.3,0,311.0,460.0,77.0,75.0,1026.5,False,ECMWF
2026-02-07T17:00:00Z,Karlsruhe_CCGT,-7.4,4.4,170.0,0,52.0,100,1019.3,False,ACTUAL
2026-02-07T17:00:00Z,Landshut_OCGT,-4.6,2.9,344.0,0,28.0,65.0,995.7,True,ECMWF
2026-02-07T17:00:00Z,Nordsee_Wind,-6.2,8.7,89.0,0,60.0,66.0,1016.2,True,ECMWF
2026-02-07T17:00:00Z,Augsburg_Solar,-6.9,9.3,102.0,306.0,57.0,54.0,1010.1,True,ACTUAL
2026-02-07T18:00:00Z,Karlsruhe_CCGT,-6.7,4.0,189.0,0,34.0,60.0,1008.7,False,GFS
2026-02-07T18:00:00Z,Landshut_OCGT,-1.8,2.7,229.0,0,81.0,61.0,1012.8,False,GFS
2026-02-07T18:00:00Z,Nordsee_Wind,-9.6,3.9,143.0,0,56.0,100,1013.8,True,GFS
2026-02-07T18:00:00Z,Augsburg_Solar,-3.4,6.6,288.0,109.0,61.0,70.0,1024.0,True,ECMWF
2026-02-07T19:00:00Z,Karlsruhe_CCGT,-0.0,4.1,245.0,0,51.0,70.0,1016.0,False,ECMWF
2026-02-07T19:00:00Z,Landshut_OCGT,-3.2,1.1,205.0,0,75.0,83.0,1019.5,True,ACTUAL
2026-02-07T19:00:00Z,Nordsee_Wind,-6.9,5.1,350.0,0,67.0,71.0,1012.4,True,GFS
2026-02-07T19:00:00Z,Augsburg_Solar,-7.2,3.0,63.0,43.0,36.0,95.0,1016.1,False,GFS
2026-02-07T20:00:00Z,Karlsruhe_CCGT,-12.6,6.0,317.0,0,61.0,51.0,1005.7,True,ACTUAL
2026-02-07T20:00:00Z,Landshut_OCGT,-6.6,3.5,2.0,0,53.0,71.0,1004.9,True,ACTUAL
2026-02-07T20:00:00Z,Nordsee_Wind,-7.0,4.7,241.0,0,20.0,58.0,1005.9,True,GFS
2026-02-07T20:00:00Z,Augsburg_Solar,-6.1,3.5,12.0,0.0,45.0,66.0,1018.6,False,GFS
2026-02-07T21:00:00Z,Karlsruhe_CCGT,-10.7,8.1,124.0,0,100,82.0,1006.9,False,GFS
2026-02-07T21:00:00Z,Landshut_OCGT,-8.3,2.2,153.0,0,69.0,77.0,1012.5,False,ACTUAL
2026-02-07T21:00:00Z,Nordsee_Wind,-6.3,16.1,332.0,0,53.0,54.0,1017.5,True,ECMWF
2026-02-07T21:00:00Z,Augsburg_Solar,-6.5,0,235.0,0,51.0,50.0,1022.9,True,ACTUAL
2026-02-07T22:00:00Z,Karlsruhe_CCGT,-3.7,0,24.0,0,69.0,52.0,1014.6,False,ECMWF
2026-02-07T22:00:00Z,Landshut_OCGT,-5.4,6.7,329.0,0,99.0,50.0,1012.2,True,GFS
2026-02-07T22:00:00Z,Nordsee_Wind,-9.1,3.9,262.0,0,9.0,41.0,1012.5,True,ACTUAL
2026-02-07T22:00:00Z,Augsburg_Solar,-4.8,0,34.0,0,84.0,77.0,1008.5,False,ACTUAL
2026-02-07T23:00:00Z,Karlsruhe_CCGT,-2.0,6.6,3.0,0,48.0,64.0,1003.6,False,GFS
2026-02-07T23:00:00Z,Landshut_OCGT,-2.8,5.3,74.0,0,49.0,71.0,1016.5,True,ECMWF
2026-02-07T23:00:00Z,Nordsee_Wind,-3.9,8.8,124.0,0,47.0,40.0,1007.8,False,ECMWF
2026-02-07T23:00:00Z,Augsburg_Solar,-8.4,3.9,96.0,0,94.0,65.0,1000.1,True,ACTUAL
2026-02-08T00:00:00Z,Karlsruhe_CCGT,0.6,3.3,166.0,0,63.0,44.0,1012.9,True,ECMWF
2026-02-08T00:00:00Z,Landshut_OCGT,-1.5,1.8,104.0,0,38.0,58.0,1021.5,False,ACTUAL
2026-02-08T00:00:00Z,Nordsee_Wind,-3.8,4.9,12.0,0,40.0,48.0,1006.8,True,ECMWF
2026-02-08T00:00:00Z,Augsburg_Solar,-6.3,6.0,136.0,0,24.0,81.0,1006.7,True,GFS
2026-02-08T01:00:00Z,Karlsruhe_CCGT,-3.2,1.8,304.0,0,82.0,97.0,1019.7,False,GFS
2026-02-08T01:00:00Z,Landshut_OCGT,-4.4,0,341.0,0,88.0,70.0,998.8,True,ACTUAL
2026-02-08T01:00:00Z,Nordsee_Wind,-2.3,9.4,255.0,0,20.0,63.0,1001.8,True,ACTUAL
2026-02-08T01:00:00Z,Augsburg_Solar,1.6,2.2,4.0,0,47.0,72.0,1006.2,False,ECMWF
2026-02-08T02:00:00Z,Karlsruhe_CCGT,-1.8,3.4,152.0,0,27.0,73.0,1031.0,True,GFS
2026-02-08T02:00:00Z,Landshut_OCGT,2.2,3.7,106.0,0,41.0,60.0,1015.4,False,GFS
2026-02-08T02:00:00Z,Nordsee_Wind,-5.4,9.4,296.0,0,36.0,63.0,1021.9,True,ACTUAL
2026-02-08T02:00:00Z,Augsburg_Solar,6.4,1.9,233.0,0,67.0,100,1008.7,False,ACTUAL
2026-02-08T03:00:00Z,Karlsruhe_CCGT,1.9,4.8,305.0,0,41.0,47.0,1008.6,False,ECMWF
2026-02-08T03:00:00Z,Landshut_OCGT,-2.1,2.2,60.0,0,30.0,75.0,1017.9,True,ACTUAL
2026-02-08T03:00:00Z,Nordsee_Wind,5.7,9.8,309.0,0,30.0,82.0,1012.3,True,ECMWF
2026-02-08T03:00:00Z,Augsburg_Solar,3.1,6.1,155.0,0,48.0,53.0,1016.7,False,ACTUAL
2026-02-08T04:00:00Z,Karlsruhe_CCGT,6.0,2.4,282.0,0,19.0,82.0,1009.6,True,ACTUAL
2026-02-08T04:00:00Z,Landshut_OCGT,-1.0,3.2,302.0,0,55.0,73.0,1021.2,False,ACTUAL
2026-02-08T04:00:00Z,Nordsee_Wind,0.5,8.0,62.0,0,42.0,82.0,1019.8,True,ACTUAL
2026-02-08T04:00:00Z,Augsburg_Solar,-1.4,6.3,99.0,0,60.0,62.0,1005.3,False,ECMWF
2026-02-08T05:00:00Z,Karlsruhe_CCGT,1.1,1.5,224.0,0,100,59.0,1013.2,False,GFS
2026-02-08T05:00:00Z,Landshut_OCGT,5.7,9.0,292.0,0,57.0,77.0,1008.9,True,ACTUAL
2026-02-08T05:00:00Z,Nordsee_Wind,-3.0,10.7,102.0,0,42.0,63.0,1000.5,True,GFS
2026-02-08T05:00:00Z,Augsburg_Solar,0.4,3.3,200.0,0,47.0,84.0,1034.3,False,ECMWF
2026-02-08T06:00:00Z,Karlsruhe_CCGT,2.1,4.4,25.0,0,57.0,78.0,1018.2,False,ECMWF
2026-02-08T06:00:00Z,Landshut_OCGT,0.1,0,89.0,0,28.0,47.0,1002.2,True,GFS
2026-02-08T06:00:00Z,Nordsee_Wind,2.5,7.1,211.0,0,45.0,69.0,1023.2,True,ACTUAL
2026-02-08T06:00:00Z,Augsburg_Solar,1.5,2.4,223.0,0,42.0,45.0,1026.6,True,ECMWF
2026-02-08T07:00:00Z,Karlsruhe_CCGT,1.2,5.6,156.0,0,42.0,69.0,1020.2,False,ACTUAL
2026-02-08T07:00:00Z,Landshut_OCGT,4.7,0.9,178.0,0,73.0,91.0,1014.6,False,GFS
2026-02-08T07:00:00Z,Nordsee_Wind,3.6,9.2,76.0,0,44.0,65.0,1015.9,True,ECMWF
2026-02-08T07:00:00Z,Augsburg_Solar,4.6,6.4,105.0,42.0,9.0,72.0,1015.1,False,ECMWF
2026-02-08T08:00:00Z,Karlsruhe_CCGT,5.4,3.9,8.0,0,12.0,67.0,1019.8,False,ACTUAL
2026-02-08T08:00:00Z,Landshut_OCGT,5.1,10.9,261.0,0,100,78.0,1003.6,False,ECMWF
2026-02-08T08:00:00Z,Nordsee_Wind,4.0,2.8,35.0,0,60.0,60.0,1006.7,True,ECMWF
2026-02-08T08:00:00Z,Augsburg_Solar,4.8,0.9,204.0,180.0,49.0,80.0,1016.9,False,ACTUAL
2026-02-08T09:00:00Z,Karlsruhe_CCGT,2.5,2.4,237.0,0,48.0,71.0,1014.8,True,ECMWF
2026-02-08T09:00:00Z,Landshut_OCGT,4.3,3.9,345.0,0,10.0,66.0,994.6,False,GFS
2026-02-08T09:00:00Z,Nordsee_Wind,3.5,9.4,167.0,0,52.0,72.0,1018.4,True,ACTUAL
2026-02-08T09:00:00Z,Augsburg_Solar,6.1,5.1,53.0,207.0,54.0,63.0,1014.4,False,ACTUAL
2026-02-08T10:00:00Z,Karlsruhe_CCGT,3.4,2.6,132.0,0,36.0,95.0,1017.8,True,ECMWF
2026-02-08T10:00:00Z,Landshut_OCGT,1.8,0,225.0,0,39.0,64.0,1015.0,True,GFS
2026-02-08T10:00:00Z,Nordsee_Wind,-2.2,9.8,34.0,0,79.0,47.0,1011.2,True,ECMWF
2026-02-08T10:00:00Z,Augsburg_Solar,2.2,0,327.0,274.0,100,62.0,1000.0,False,ECMWF
2026-02-08T11:00:00Z,Karlsruhe_CCGT,-0.9,2.5,120.0,0,20.0,62.0,1020.9,True,ACTUAL
2026-02-08T11:00:00Z,Landshut_OCGT,-0.0,4.2,315.0,0,34.0,72.0,1016.9,True,ECMWF
2026-02-08T11:00:00Z,Nordsee_Wind,1.4,11.9,17.0,0,36.0,58.0,1022.8,True,ECMWF
2026-02-08T11:00:00Z,Augsburg_Solar,3.8,0,260.0,334.0,100,89.0,1018.7,True,ACTUAL
2026-02-08T12:00:00Z,Karlsruhe_CCGT,-4.9,2.9,276.0,0,85.0,71.0,1005.5,False,ECMWF
2026-02-08T12:00:00Z,Landshut_OCGT,-0.1,1.4,104.0,0,8.0,58.0,1010.8,True,ECMWF
2026-02-08T12:00:00Z,Nordsee_Wind,-6.5,6.1,254.0,0,73.0,99.0,1016.5,False,ACTUAL
2026-02-08T12:00:00Z,Augsburg_Solar,-1.7,2.4,14.0,402.0,11.0,38.0,1015.4,False,ACTUAL
2026-02-08T13:00:00Z,Karlsruhe_CCGT,-4.9,1.1,259.0,0,68.0,65.0,1012.8,True,ECMWF
2026-02-08T13:00:00Z,Landshut_OCGT,-3.3,0.7,319.0,0,76.0,100,1012.5,True,ECMWF
2026-02-08T13:00:00Z,Nordsee_Wind,-6.3,7.9,143.0,0,28.0,98.0,1021.8,True,ECMWF
2026-02-08T13:00:00Z,Augsburg_Solar,-5.7,3.9,267.0,539.0,11.0,60.0,1029.9,False,GFS
2026-02-08T14:00:00Z,Karlsruhe_CCGT,-2.2,4.3,109.0,0,35.0,71.0,1018.6,False,ACTUAL
2026-02-08T14:00:00Z,Landshut_OCGT,-5.7,1.2,112.0,0,69.0,74.0,1009.7,True,ACTUAL
2026-02-08T14:00:00Z,Nordsee_Wind,-3.4,8.7,18.0,0,76.0,62.0,1012.6,True,ECMWF
2026-02-08T14:00:00Z,Augsburg_Solar,-2.9,3.2,151.0,367.0,59.0,72.0,1019.2,False,GFS
2026-02-08T15:00:00Z,Karlsruhe_CCGT,-4.8,2.0,268.0,0,18.0,45.0,1007.5,True,ECMWF
2026-02-08T15:00:00Z,Landshut_OCGT,-4.7,0.3,164.0,0,100,35.0,1015.4,False,ACTUAL
2026-02-08T15:00:00Z,Nordsee_Wind,-1.9,12.2,277.0,0,51.0,68.0,1006.8,False,ECMWF
2026-02-08T15:00:00Z,Augsburg_Solar,-7.3,9.0,199.0,391.0,36.0,67.0,1030.0,False,ECMWF
2026-02-08T16:00:00Z,Karlsruhe_CCGT,0.6,6.4,160.0,0,44.0,47.0,1014.0,False,ECMWF
2026-02-08T16:00:00Z,Landshut_OCGT,-6.7,0.3,210.0,0,47.0,62.0,1018.1,True,GFS
2026-02-08T16:00:00Z,Nordsee_Wind,-2.2,3.9,285.0,0,65.0,100,1005.8,True,ECMWF
2026-02-08T16:00:00Z,Augsburg_Solar,-5.8,3.1,101.0,145.0,18.0,50.0,1007.7,True,GFS
2026-02-08T17:00:00Z,Karlsruhe_CCGT,-10.0,0,176.0,0,0,74.0,1011.0,True,GFS
2026-02-08T17:00:00Z,Landshut_OCGT,-4.4,0,201.0,0,8.0,65.0,999.5,True,GFS
2026-02-08T17:00:00Z,Nordsee_Wind,-6.9,9.5,23.0,0,58.0,62.0,1005.8,False,ACTUAL
2026-02-08T17:00:00Z,Augsburg_Solar,-9.0,4.7,4.0,171.0,39.0,71.0,1003.0,False,GFS
2026-02-08T18:00:00Z,Karlsruhe_CCGT,-6.1,4.9,290.0,0,43.0,61.0,1016.9,True,GFS
2026-02-08T18:00:00Z,Landshut_OCGT,-8.9,5.0,72.0,0,61.0,80.0,1024.7,True,ACTUAL
2026-02-08T18:00:00Z,Nordsee_Wind,-15.6,7.1,258.0,0,0,50.0,1016.0,True,GFS
2026-02-08T18:00:00Z,Augsburg_Solar,-7.9,7.1,340.0,85.0,25.0,68.0,1012.7,False,GFS
2026-02-08T19:00:00Z,Karlsruhe_CCGT,-10.4,2.4,239.0,0,16.0,68.0,1004.7,True,ECMWF
2026-02-08T19:00:00Z,Landshut_OCGT,-4.1,3.6,145.0,0,77.0,69.0,998.4,True,ECMWF
2026-02-08T19:00:00Z,Nordsee_Wind,-6.8,6.5,121.0,0,16.0,66.0,1015.8,False,ECMWF
2026-02-08T19:00:00Z,Augsburg_Solar,-4.7,7.5,309.0,119.0,78.0,67.0,1024.2,False,GFS
2026-02-08T20:00:00Z,Karlsruhe_CCGT,4.8,0,201.0,0,28.0,32.0,1011.9,True,ECMWF
2026-02-08T20:00:00Z,Landshut_OCGT,-7.7,0,262.0,0,58.0,44.0,1017.0,True,GFS
2026-02-08T20:00:00Z,Nordsee_Wind,-4.7,12.4,293.0,0,52.0,85.0,1016.1,False,ACTUAL
2026-02-08T20:00:00Z,Augsburg_Solar,-8.5,3.5,200.0,0.0,53.0,36.0,1015.4,False,ACTUAL
2026-02-08T21:00:00Z,Karlsruhe_CCGT,-6.6,2.4,296.0,0,41.0,49.0,1008.4,False,GFS
2026-02-08T21:00:00Z,Landshut_OCGT,-6.7,4.9,197.0,0,92.0,72.0,1007.4,False,ECMWF
2026-02-08T21:00:00Z,Nordsee_Wind,-6.5,3.3,321.0,0,38.0,52.0,1023.1,True,ECMWF
2026-02-08T21:00:00Z,Augsburg_Solar,-5.9,5.2,210.0,0,12.0,73.0,1000.7,True,ACTUAL
2026-02-08T22:00:00Z,Karlsruhe_CCGT,-7.4,0.4,342.0,0,75.0,62.0,1012.0,True,GFS
2026-02-08T22:00:00Z,Landshut_OCGT,-10.0,3.4,195.0,0,59.0,63.0,1009.3,False,ACTUAL
2026-02-08T22:00:00Z,Nordsee_Wind,-8.1,9.5,133.0,0,52.0,49.0,1022.2,False,ACTUAL
2026-02-08T22:00:00Z,Augsburg_Solar,-4.8,5.3,199.0,0,67.0,100.0,1022.9,False,ECMWF
2026-02-08T23:00:00Z,Karlsruhe_CCGT,-5.8,4.8,82.0,0,68.0,67.0,1004.0,False,ACTUAL
2026-02-08T23:00:00Z,Landshut_OCGT,-0.9,1.4,343.0,0,55.0,55.0,1022.0,False,ACTUAL
2026-02-08T23:00:00Z,Nordsee_Wind,-3.1,6.8,168.0,0,58.0,53.0,1003.2,False,GFS
2026-02-08T23:00:00Z,Augsburg_Solar,-1.3,5.6,161.0,0,48.0,64.0,1013.3,True,GFS
2026-02-09T00:00:00Z,Karlsruhe_CCGT,-5.6,1.4,360.0,0,44.0,48.0,1022.6,False,ECMWF
2026-02-09T00:00:00Z,Landshut_OCGT,-1.9,1.4,320.0,0,26.0,56.0,998.7,True,ACTUAL
2026-02-09T00:00:00Z,Nordsee_Wind,-3.7,4.0,11.0,0,68.0,86.0,1013.8,True,ECMWF
2026-02-09T00:00:00Z,Augsburg_Solar,3.3,3.9,325.0,0,34.0,50.0,1016.9,False,GFS
2026-02-09T01:00:00Z,Karlsruhe_CCGT,4.4,2.2,220.0,0,60.0,51.0,1033.1,False,ACTUAL
2026-02-09T01:00:00Z,Landshut_OCGT,0.9,2.8,246.0,0,68.0,71.0,1000.4,True,ECMWF
2026-02-09T01:00:00Z,Nordsee_Wind,-1.6,16.0,69.0,0,36.0,87.0,1007.2,True,ACTUAL
2026-02-09T01:00:00Z,Augsburg_Solar,-4.1,2.8,31.0,0,53.0,75.0,1011.2,True,GFS
2026-02-09T02:00:00Z,Karlsruhe_CCGT,-0.2,0,163.0,0,77.0,75.0,1028.2,True,ACTUAL
2026-02-09T02:00:00Z,Landshut_OCGT,-4.3,2.0,231.0,0,84.0,75.0,1015.4,False,ACTUAL
2026-02-09T02:00:00Z,Nordsee_Wind,6.0,7.8,218.0,0,12.0,63.0,1027.2,True,ECMWF
2026-02-09T02:00:00Z,Augsburg_Solar,4.3,9.3,193.0,0,62.0,70.0,1025.1,True,ECMWF
2026-02-09T03:00:00Z,Karlsruhe_CCGT,1.7,4.5,346.0,0,65.0,86.0,1009.4,False,GFS
2026-02-09T03:00:00Z,Landshut_OCGT,2.6,0,325.0,0,18.0,61.0,1029.6,True,GFS
2026-02-09T03:00:00Z,Nordsee_Wind,-0.3,12.6,8.0,0,46.0,60.0,1019.6,False,ACTUAL
2026-02-09T03:00:00Z,Augsburg_Solar,-0.0,4.3,161.0,0,72.0,67.0,1013.7,False,GFS
2026-02-09T04:00:00Z,Karlsruhe_CCGT,4.5,7.2,132.0,0,41.0,58.0,1004.0,True,ECMWF
2026-02-09T04:00:00Z,Landshut_OCGT,-0.4,5.6,295.0,0,80.0,69.0,1012.2,True,ACTUAL
2026-02-09T04:00:00Z,Nordsee_Wind,5.4,13.0,319.0,0,31.0,78.0,1018.1,False,ECMWF
2026-02-09T04:00:00Z,Augsburg_Solar,0.6,4.0,142.0,0,28.0,59.0,1023.2,True,ACTUAL
2026-02-09T05:00:00Z,Karlsruhe_CCGT,3.3,8.9,127.0,0,62.0,47.0,1009.2,False,GFS
2026-02-09T05:00:00Z,Landshut_OCGT,7.8,3.0,314.0,0,36.0,60.0,1011.8,False,ECMWF
2026-02-09T05:00:00Z,Nordsee_Wind,-0.3,8.4,21.0,0,34.0,66.0,1003.8,True,ECMWF
2026-02-09T05:00:00Z,Augsburg_Solar,1.5,0.8,15.0,0,0,48.0,1005.0,False,ACTUAL
2026-02-09T06:00:00Z,Karlsruhe_CCGT,3.7,4.5,148.0,0,6.0,55.0,1017.1,False,ECMWF
2026-02-09T06:00:00Z,Landshut_OCGT,4.7,4.7,335.0,0,53.0,62.0,1018.6,False,ACTUAL
2026-02-09T06:00:00Z,Nordsee_Wind,5.0,6.7,102.0,0,45.0,100,1018.9,True,GFS
2026-02-09T06:00:00Z,Augsburg_Solar,6.6,3.6,152.0,0,73.0,64.0,1008.8,False,ACTUAL
2026-02-09T07:00:00Z,Karlsruhe_CCGT,9.1,3.2,265.0,0,49.0,51.0,1021.5,False,GFS
2026-02-09T07:00:00Z,Landshut_OCGT,4.6,0.5,118.0,0,83.0,48.0,1000.8,True,ECMWF
2026-02-09T07:00:00Z,Nordsee_Wind,2.2,5.8,303.0,0,35.0,79.0,1003.7,False,ACTUAL
2026-02-09T07:00:00Z,Augsburg_Solar,3.9,5.9,266.0,120.0,0,40.0,1020.1,True,ECMWF
2026-02-09T08:00:00Z,Karlsruhe_CCGT,0.5,5.0,350.0,0,61.0,73.0,999.2,True,GFS
2026-02-09T08:00:00Z,Landshut_OCGT,4.6,0,46.0,0,78.0,80.0,1015.3,True,ECMWF
2026-02-09T08:00:00Z,Nordsee_Wind,4.9,7.9,272.0,0,57.0,79.0,1017.6,False,ECMWF
2026-02-09T08:00:00Z,Augsburg_Solar,3.5,6.2,342.0,227.0,28.0,70.0,1007.4,True,ACTUAL
2026-02-09T09:00:00Z,Karlsruhe_CCGT,3.4,4.7,351.0,0,43.0,70.0,1008.4,False,ECMWF
2026-02-09T09:00:00Z,Landshut_OCGT,5.1,3.1,276.0,0,38.0,65.0,1002.2,True,GFS
2026-02-09T09:00:00Z,Nordsee_Wind,1.4,8.1,72.0,0,63.0,73.0,1017.0,True,ECMWF
2026-02-09T09:00:00Z,Augsburg_Solar,4.2,2.0,65.0,294.0,31.0,39.0,1018.0,False,GFS
2026-02-09T10:00:00Z,Karlsruhe_CCGT,-1.8,2.7,226.0,0,60.0,60.0,1014.2,False,ECMWF
2026-02-09T10:00:00Z,Landshut_OCGT,1.9,2.1,221.0,0,84.0,70.0,1020.3,True,GFS
2026-02-09T10:00:00Z,Nordsee_Wind,5.3,10.9,94.0,0,81.0,56.0,1016.4,True,ACTUAL
2026-02-09T10:00:00Z,Augsburg_Solar,-4.4,0,206.0,195.0,74.0,49.0,1007.1,False,ACTUAL
2026-02-09T11:00:00Z,Karlsruhe_CCGT,-0.3,3.4,354.0,0,35.0,78.0,1007.3,True,ACTUAL
2026-02-09T11:00:00Z,Landshut_OCGT,1.1,3.4,171.0,0,61.0,76.0,1022.6,False,ACTUAL
2026-02-09T11:00:00Z,Nordsee_Wind,-2.5,10.9,98.0,0,43.0,78.0,1009.5,True,ECMWF
2026-02-09T11:00:00Z,Augsburg_Solar,-2.0,0,161.0,175.0,10.0,39.0,1022.1,True,GFS
2026-02-09T12:00:00Z,Karlsruhe_CCGT,0.5,3.4,113.0,0,100,82.0,1011.7,False,ACTUAL
2026-02-09T12:00:00Z,Landshut_OCGT,-5.7,3.2,112.0,0,65.0,75.0,1018.9,True,GFS
2026-02-09T12:00:00Z,Nordsee_Wind,-5.8,4.3,178.0,0,26.0,30.0,1001.5,False,ECMWF
2026-02-09T12:00:00Z,Augsburg_Solar,-7.5,2.1,141.0,476.0,72.0,90.0,1023.6,True,ACTUAL
2026-02-09T13:00:00Z,Karlsruhe_CCGT,-3.4,5.3,67.0,0,63.0,68.0,1014.8,False,ECMWF
2026-02-09T13:00:00Z,Landshut_OCGT,-3.9,0.5,128.0,0,76.0,67.0,1008.1,False,ECMWF
2026-02-09T13:00:00Z,Nordsee_Wind,-4.5,10.2,44.0,0,31.0,63.0,1014.6,True,GFS
2026-02-09T13:00:00Z,Augsburg_Solar,-1.8,0,2.0,270.0,9.0,54.0,1010.3,True,ACTUAL
2026-02-09T14:00:00Z,Karlsruhe_CCGT,-7.1,3.0,32.0,0,76.0,76.0,1016.3,False,ACTUAL
2026-02-09T14:00:00Z,Landshut_OCGT,-4.8,4.6,179.0,0,54.0,75.0,1017.2,True,ACTUAL
2026-02-09T14:00:00Z,Nordsee_Wind,-5.5,12.2,111.0,0,48.0,66.0,1018.7,True,ECMWF
2026-02-09T14:00:00Z,Augsburg_Solar,-9.6,2.1,79.0,351.0,21.0,69.0,1015.0,True,GFS
2026-02-09T15:00:00Z,Karlsruhe_CCGT,-4.3,3.8,54.0,0,43.0,56.0,1016.9,True,ACTUAL
2026-02-09T15:00:00Z,Landshut_OCGT,-6.1,6.9,78.0,0,35.0,78.0,1022.0,True,ACTUAL
2026-02-09T15:00:00Z,Nordsee_Wind,-5.0,7.6,84.0,0,56.0,62.0,1009.5,False,GFS
2026-02-09T15:00:00Z,Augsburg_Solar,-5.5,0,293.0,445.0,28.0,61.0,1015.7,False,ECMWF
2026-02-09T16:00:00Z,Karlsruhe_CCGT,-9.0,8.6,175.0,0,52.0,54.0,1002.5,False,GFS
2026-02-09T16:00:00Z,Landshut_OCGT,-1.0,3.6,43.0,0,32.0,48.0,1016.9,False,GFS
2026-02-09T16:00:00Z,Nordsee_Wind,-7.4,9.0,61.0,0,94.0,46.0,1009.7,True,GFS
2026-02-09T16:00:00Z,Augsburg_Solar,-12.5,0.1,159.0,223.0,32.0,41.0,1019.9,False,GFS
2026-02-09T17:00:00Z,Karlsruhe_CCGT,-11.5,2.7,60.0,0,5.0,83.0,1011.6,False,GFS
2026-02-09T17:00:00Z,Landshut_OCGT,-12.0,0.8,195.0,0,79.0,44.0,1022.9,True,ACTUAL
2026-02-09T17:00:00Z,Nordsee_Wind,-7.1,4.9,119.0,0,15.0,69.0,1007.4,True,ACTUAL
2026-02-09T17:00:00Z,Augsburg_Solar,-7.0,4.7,358.0,299.0,22.0,76.0,998.7,False,GFS
2026-02-09T18:00:00Z,Karlsruhe_CCGT,-1.2,5.2,211.0,0,46.0,65.0,1012.6,True,ACTUAL
2026-02-09T18:00:00Z,Landshut_OCGT,-7.3,1.4,142.0,0,83.0,61.0,1010.6,True,ACTUAL
2026-02-09T18:00:00Z,Nordsee_Wind,-7.1,7.2,49.0,0,37.0,72.0,1014.1,True,ACTUAL
2026-02-09T18:00:00Z,Augsburg_Solar,-7.8,1.1,42.0,193.0,24.0,33.0,1018.1,False,ACTUAL
2026-02-09T19:00:00Z,Karlsruhe_CCGT,-10.8,7.6,258.0,0,64.0,71.0,1013.8,True,ACTUAL
2026-02-09T19:00:00Z,Landshut_OCGT,-9.5,1.7,82.0,0,56.0,48.0,1021.9,False,ACTUAL
2026-02-09T19:00:00Z,Nordsee_Wind,-4.5,5.9,90.0,0,47.0,53.0,1014.8,False,ECMWF
2026-02-09T19:00:00Z,Augsburg_Solar,-2.0,0.4,165.0,44.0,56.0,74.0,998.9,False,ECMWF
2026-02-09T20:00:00Z,Karlsruhe_CCGT,-4.8,6.4,69.0,0,62.0,81.0,1012.9,False,GFS
2026-02-09T20:00:00Z,Landshut_OCGT,-2.7,0,325.0,0,42.0,35.0,1025.0,False,ACTUAL
2026-02-09T20:00:00Z,Nordsee_Wind,-6.0,5.8,289.0,0,78.0,66.0,1015.8,False,ACTUAL
2026-02-09T20:00:00Z,Augsburg_Solar,-8.6,4.8,239.0,0.0,45.0,72.0,1029.6,True,ACTUAL
2026-02-09T21:00:00Z,Karlsruhe_CCGT,-11.5,6.6,287.0,0,64.0,63.0,1016.2,True,ACTUAL
2026-02-09T21:00:00Z,Landshut_OCGT,-1.8,5.2,310.0,0,20.0,53.0,997.4,True,GFS
2026-02-09T21:00:00Z,Nordsee_Wind,-4.6,12.6,281.0,0,15.0,76.0,1023.4,False,ACTUAL
2026-02-09T21:00:00Z,Augsburg_Solar,-3.9,0.6,145.0,0,47.0,69.0,1025.8,False,GFS
2026-02-09T22:00:00Z,Karlsruhe_CCGT,1.4,0,48.0,0,77.0,74.0,1015.8,False,ACTUAL
2026-02-09T22:00:00Z,Landshut_OCGT,-1.4,0,222.0,0,58.0,87.0,1029.6,False,ACTUAL
2026-02-09T22:00:00Z,Nordsee_Wind,-5.2,8.8,347.0,0,4.0,60.0,1029.9,False,ECMWF
2026-02-09T22:00:00Z,Augsburg_Solar,-6.2,5.4,328.0,0,64.0,86.0,1008.1,False,GFS
2026-02-09T23:00:00Z,Karlsruhe_CCGT,-1.6,0,227.0,0,57.0,60.0,1034.4,False,GFS
2026-02-09T23:00:00Z,Landshut_OCGT,-3.9,0,179.0,0,74.0,89.0,1007.0,False,GFS
2026-02-09T23:00:00Z,Nordsee_Wind,-5.8,4.4,260.0,0,53.0,86.0,1005.8,True,GFS
2026-02-09T23:00:00Z,Augsburg_Solar,1.8,4.9,133.0,0,52.0,51.0,1013.5,False,GFS
2026-02-10T00:00:00Z,Karlsruhe_CCGT,-0.7,5.2,146.0,0,55.0,62.0,997.2,False,GFS
2026-02-10T00:00:00Z,Landshut_OCGT,-0.6,0.6,353.0,0,33.0,65.0,1008.9,True,ECMWF
2026-02-10T00:00:00Z,Nordsee_Wind,2.6,3.8,102.0,0,11.0,76.0,1014.6,True,ACTUAL
2026-02-10T00:00:00Z,Augsburg_Solar,-4.0,1.0,353.0,0,72.0,64.0,1007.6,True,ECMWF
2026-02-10T01:00:00Z,Karlsruhe_CCGT,-0.2,0.8,151.0,0,42.0,55.0,1025.4,False,GFS
2026-02-10T01:00:00Z,Landshut_OCGT,-2.1,2.2,185.0,0,68.0,59.0,1017.4,False,ACTUAL
2026-02-10T01:00:00Z,Nordsee_Wind,0.1,11.7,45.0,0,55.0,85.0,1023.4,True,GFS
2026-02-10T01:00:00Z,Augsburg_Solar,4.0,2.4,81.0,0,41.0,53.0,1004.8,False,ACTUAL
2026-02-10T02:00:00Z,Karlsruhe_CCGT,-1.1,5.9,109.0,0,52.0,42.0,1013.5,False,ECMWF
2026-02-10T02:00:00Z,Landshut_OCGT,-1.4,2.9,164.0,0,96.0,74.0,1011.8,True,GFS
2026-02-10T02:00:00Z,Nordsee_Wind,0.5,6.2,200.0,0,52.0,42.0,1012.6,False,GFS
2026-02-10T02:00:00Z,Augsburg_Solar,-1.1,1.1,15.0,0,31.0,57.0,1018.1,False,ACTUAL
2026-02-10T03:00:00Z,Karlsruhe_CCGT,3.1,5.9,8.0,0,44.0,36.0,1012.6,True,ECMWF
2026-02-10T03:00:00Z,Landshut_OCGT,-2.0,4.7,46.0,0,71.0,54.0,1015.1,True,GFS
2026-02-10T03:00:00Z,Nordsee_Wind,3.4,7.3,243.0,0,72.0,64.0,1023.7,True,ECMWF
2026-02-10T03:00:00Z,Augsburg_Solar,-2.5,7.4,160.0,0,21.0,83.0,1010.3,True,ECMWF
2026-02-10T04:00:00Z,Karlsruhe_CCGT,5.3,6.1,245.0,0,69.0,33.0,1019.7,False,ECMWF
2026-02-10T04:00:00Z,Landshut_OCGT,6.1,5.0,203.0,0,49.0,52.0,1016.9,False,GFS
2026-02-10T04:00:00Z,Nordsee_Wind,11.3,10.2,247.0,0,36.0,77.0,1021.6,True,ECMWF
2026-02-10T04:00:00Z,Augsburg_Solar,2.9,1.6,336.0,0,77.0,64.0,1017.1,True,GFS
2026-02-10T05:00:00Z,Karlsruhe_CCGT,3.3,0.3,205.0,0,57.0,30.0,1018.4,True,ECMWF
2026-02-10T05:00:00Z,Landshut_OCGT,0.8,5.1,352.0,0,62.0,47.0,1005.5,False,ACTUAL
2026-02-10T05:00:00Z,Nordsee_Wind,4.0,7.6,64.0,0,72.0,52.0,1011.3,True,ECMWF
2026-02-10T05:00:00Z,Augsburg_Solar,1.6,0,3.0,0,57.0,86.0,1009.3,True,GFS
2026-02-10T06:00:00Z,Karlsruhe_CCGT,5.9,6.1,179.0,0,76.0,100,1017.2,True,GFS
2026-02-10T06:00:00Z,Landshut_OCGT,5.1,4.7,278.0,0,62.0,45.0,1013.5,True,ECMWF
2026-02-10T06:00:00Z,Nordsee_Wind,1.7,1.8,69.0,0,22.0,51.0,1008.5,True,GFS
2026-02-10T06:00:00Z,Augsburg_Solar,0.8,0.8,201.0,0,88.0,20,1026.9,False,GFS
2026-02-10T07:00:00Z,Karlsruhe_CCGT,1.9,1.9,221.0,0,87.0,58.0,1017.5,False,ACTUAL
2026-02-10T07:00:00Z,Landshut_OCGT,0.5,2.7,74.0,0,39.0,76.0,1014.5,True,ECMWF
2026-02-10T07:00:00Z,Nordsee_Wind,1.3,2.7,178.0,0,91.0,58.0,1013.0,False,ECMWF
2026-02-10T07:00:00Z,Augsburg_Solar,1.7,7.0,260.0,116.0,31.0,67.0,1015.8,False,ACTUAL
2026-02-10T08:00:00Z,Karlsruhe_CCGT,9.1,0.5,183.0,0,59.0,62.0,1027.5,False,GFS
2026-02-10T08:00:00Z,Landshut_OCGT,-0.4,8.1,102.0,0,95.0,100,1026.3,True,GFS
2026-02-10T08:00:00Z,Nordsee_Wind,3.5,2.6,105.0,0,54.0,68.0,1024.9,True,ACTUAL
2026-02-10T08:00:00Z,Augsburg_Solar,5.9,4.3,100.0,101.0,79.0,62.0,1016.0,False,ACTUAL
2026-02-10T09:00:00Z,Karlsruhe_CCGT,-1.4,4.8,240.0,0,26.0,62.0,1017.5,True,ECMWF
2026-02-10T09:00:00Z,Landshut_OCGT,3.6,4.5,43.0,0,75.0,71.0,1012.9,False,GFS
2026-02-10T09:00:00Z,Nordsee_Wind,8.6,12.9,289.0,0,63.0,64.0,1005.5,True,GFS
2026-02-10T09:00:00Z,Augsburg_Solar,-0.7,0,135.0,191.0,44.0,74.0,1011.6,False,GFS
2026-02-10T10:00:00Z,Karlsruhe_CCGT,5.4,6.1,34.0,0,38.0,50.0,1013.1,False,GFS
2026-02-10T10:00:00Z,Landshut_OCGT,-0.4,0,80.0,0,31.0,48.0,1014.3,True,GFS
2026-02-10T10:00:00Z,Nordsee_Wind,2.4,8.2,334.0,0,56.0,72.0,1012.5,True,ECMWF
2026-02-10T10:00:00Z,Augsburg_Solar,0.9,5.5,322.0,183.0,69.0,72.0,1002.0,True,GFS
2026-02-10T11:00:00Z,Karlsruhe_CCGT,1.4,3.7,266.0,0,66.0,58.0,1013.8,False,ECMWF
2026-02-10T11:00:00Z,Landshut_OCGT,1.6,1.4,200.0,0,65.0,53.0,1010.1,True,GFS
2026-02-10T11:00:00Z,Nordsee_Wind,2.5,8.8,160.0,0,25.0,71.0,1025.2,False,ECMWF
2026-02-10T11:00:00Z,Augsburg_Solar,-1.2,3.7,103.0,386.0,64.0,55.0,1014.7,True,ACTUAL
2026-02-10T12:00:00Z,Karlsruhe_CCGT,2.0,2.6,306.0,0,0,56.0,1023.9,False,ACTUAL
2026-02-10T12:00:00Z,Landshut_OCGT,-5.5,0,335.0,0,34.0,68.0,1001.8,False,ECMWF
2026-02-10T12:00:00Z,Nordsee_Wind,1.8,13.2,214.0,0,9.0,70.0,1024.0,True,GFS
2026-02-10T12:00:00Z,Augsburg_Solar,-0.3,0,226.0,176.0,46.0,84.0,1005.0,True,ACTUAL
2026-02-10T13:00:00Z,Karlsruhe_CCGT,-0.7,5.9,192.0,0,63.0,54.0,1011.6,True,ECMWF
2026-02-10T13:00:00Z,Landshut_OCGT,1.0,8.8,339.0,0,48.0,49.0,1015.4,False,ECMWF
2026-02-10T13:00:00Z,Nordsee_Wind,-1.0,6.5,339.0,0,51.0,71.0,1010.9,True,GFS
2026-02-10T13:00:00Z,Augsburg_Solar,-2.6,5.6,4.0,426.0,23.0,69.0,1008.6,False,GFS
2026-02-10T14:00:00Z,Karlsruhe_CCGT,-6.7,2.7,133.0,0,46.0,95.0,996.7,True,GFS
2026-02-10T14:00:00Z,Landshut_OCGT,-2.6,2.6,277.0,0,73.0,82.0,1012.8,False,ACTUAL
2026-02-10T14:00:00Z,Nordsee_Wind,-1.3,7.6,25.0,0,20.0,45.0,1009.3,False,ECMWF
2026-02-10T14:00:00Z,Augsburg_Solar,-6.3,1.2,168.0,386.0,78.0,74.0,1006.1,False,ECMWF
2026-02-10T15:00:00Z,Karlsruhe_CCGT,-7.0,2.9,176.0,0,72.0,64.0,1014.7,True,GFS
2026-02-10T15:00:00Z,Landshut_OCGT,-3.5,2.7,178.0,0,19.0,63.0,1017.2,True,ECMWF
2026-02-10T15:00:00Z,Nordsee_Wind,-9.4,10.3,70.0,0,0,61.0,1004.6,True,ECMWF
2026-02-10T15:00:00Z,Augsburg_Solar,-3.9,3.6,228.0,456.0,68.0,72.0,1008.3,False,ACTUAL
2026-02-10T16:00:00Z,Karlsruhe_CCGT,-6.4,4.4,234.0,0,20.0,75.0,1007.5,True,ACTUAL
2026-02-10T16:00:00Z,Landshut_OCGT,-2.9,4.4,13.0,0,18.0,70.0,1016.0,False,ECMWF
2026-02-10T16:00:00Z,Nordsee_Wind,-2.9,8.9,129.0,0,83.0,33.0,1009.3,True,ECMWF
2026-02-10T16:00:00Z,Augsburg_Solar,-6.4,2.2,140.0,184.0,45.0,60.0,1002.5,False,ECMWF
2026-02-10T17:00:00Z,Karlsruhe_CCGT,-4.8,5.1,251.0,0,93.0,58.0,1009.0,True,ECMWF
2026-02-10T17:00:00Z,Landshut_OCGT,-8.2,0,173.0,0,36.0,52.0,1010.2,True,ACTUAL
2026-02-10T17:00:00Z,Nordsee_Wind,-8.9,6.3,290.0,0,100,45.0,999.6,True,ACTUAL
2026-02-10T17:00:00Z,Augsburg_Solar,-5.2,3.6,132.0,359.0,31.0,67.0,1012.2,False,ECMWF
2026-02-10T18:00:00Z,Karlsruhe_CCGT,-6.9,2.0,191.0,0,77.0,65.0,1006.0,True,GFS
2026-02-10T18:00:00Z,Landshut_OCGT,-3.8,4.1,214.0,0,55.0,51.0,1015.0,True,GFS
2026-02-10T18:00:00Z,Nordsee_Wind,-7.4,5.3,61.0,0,44.0,72.0,1007.7,True,ECMWF
2026-02-10T18:00:00Z,Augsburg_Solar,-2.9,1.0,10.0,133.0,34.0,87.0,1017.7,False,GFS
2026-02-10T19:00:00Z,Karlsruhe_CCGT,-9.9,2.2,137.0,0,44.0,81.0,1004.2,True,ACTUAL
2026-02-10T19:00:00Z,Landshut_OCGT,-5.9,0,28.0,0,40.0,83.0,1024.2,False,GFS
2026-02-10T19:00:00Z,Nordsee_Wind,-6.2,5.7,333.0,0,29.0,75.0,1016.5,True,GFS
2026-02-10T19:00:00Z,Augsburg_Solar,-7.2,1.3,116.0,123.0,61.0,69.0,1026.8,False,ECMWF
2026-02-10T20:00:00Z,Karlsruhe_CCGT,-8.4,5.4,117.0,0,76.0,71.0,992.2,False,ACTUAL
2026-02-10T20:00:00Z,Landshut_OCGT,-5.0,4.1,255.0,0,41.0,55.0,1014.7,True,GFS
2026-02-10T20:00:00Z,Nordsee_Wind,-4.6,10.7,342.0,0,23.0,59.0,1006.9,False,ECMWF
2026-02-10T20:00:00Z,Augsburg_Solar,-3.9,5.2,186.0,0.0,63.0,74.0,1007.9,False,ECMWF
2026-02-10T21:00:00Z,Karlsruhe_CCGT,-7.6,1.8,279.0,0,43.0,59.0,998.7,True,GFS
2026-02-10T21:00:00Z,Landshut_OCGT,-1.8,12.3,173.0,0,75.0,84.0,1012.8,True,ECMWF
2026-02-10T21:00:00Z,Nordsee_Wind,-8.7,4.0,298.0,0,8.0,86.0,1015.6,False,ACTUAL
2026-02-10T21:00:00Z,Augsburg_Solar,-2.5,0,199.0,0,55.0,70.0,1013.9,True,ACTUAL
2026-02-10T22:00:00Z,Karlsruhe_CCGT,-8.4,3.8,39.0,0,57.0,75.0,1003.3,False,ACTUAL
2026-02-10T22:00:00Z,Landshut_OCGT,-4.9,6.0,96.0,0,45.0,59.0,1012.5,True,ECMWF
2026-02-10T22:00:00Z,Nordsee_Wind,-1.2,6.3,14.0,0,57.0,77.0,997.4,False,GFS
2026-02-10T22:00:00Z,Augsburg_Solar,-0.8,0,38.0,0,38.0,63.0,1018.4,True,GFS
2026-02-10T23:00:00Z,Karlsruhe_CCGT,1.9,6.6,147.0,0,39.0,66.0,1011.4,True,ACTUAL
2026-02-10T23:00:00Z,Landshut_OCGT,-9.1,0,129.0,0,9.0,74.0,1007.4,True,GFS
2026-02-10T23:00:00Z,Nordsee_Wind,-3.3,11.0,344.0,0,40.0,48.0,993.4,False,ACTUAL
2026-02-10T23:00:00Z,Augsburg_Solar,-5.3,1.1,229.0,0,100,76.0,1011.4,True,ACTUAL
2026-02-11T00:00:00Z,Karlsruhe_CCGT,-4.3,2.4,26.0,0,55.0,85.0,1018.3,True,ECMWF
2026-02-11T00:00:00Z,Landshut_OCGT,-1.5,3.6,227.0,0,70.0,62.0,1021.9,True,ACTUAL
2026-02-11T00:00:00Z,Nordsee_Wind,-1.4,6.7,113.0,0,63.0,66.0,1028.3,False,ACTUAL
2026-02-11T00:00:00Z,Augsburg_Solar,4.1,3.1,4.0,0,72.0,63.0,1015.1,False,ECMWF
2026-02-11T01:00:00Z,Karlsruhe_CCGT,3.5,4.8,90.0,0,46.0,37.0,995.5,False,GFS
2026-02-11T01:00:00Z,Landshut_OCGT,3.1,2.9,214.0,0,68.0,83.0,1013.5,False,ACTUAL
2026-02-11T01:00:00Z,Nordsee_Wind,-1.6,4.1,295.0,0,49.0,52.0,1002.8,False,ECMWF
2026-02-11T01:00:00Z,Augsburg_Solar,-0.1,8.3,81.0,0,50.0,75.0,1007.5,True,ECMWF
2026-02-11T02:00:00Z,Karlsruhe_CCGT,1.7,0,75.0,0,9.0,65.0,1023.7,True,ECMWF
2026-02-11T02:00:00Z,Landshut_OCGT,0.7,0,231.0,0,32.0,67.0,1005.7,True,GFS
2026-02-11T02:00:00Z,Nordsee_Wind,4.2,9.9,225.0,0,57.0,60.0,1003.4,True,ACTUAL
2026-02-11T02:00:00Z,Augsburg_Solar,-0.3,4.2,15.0,0,45.0,93.0,1017.3,False,ECMWF
2026-02-11T03:00:00Z,Karlsruhe_CCGT,3.6,5.2,100.0,0,46.0,62.0,1003.9,False,ECMWF
2026-02-11T03:00:00Z,Landshut_OCGT,0.8,2.5,285.0,0,54.0,54.0,1018.4,True,ECMWF
2026-02-11T03:00:00Z,Nordsee_Wind,8.9,8.2,314.0,0,46.0,73.0,1007.6,False,ACTUAL
2026-02-11T03:00:00Z,Augsburg_Solar,0.6,3.7,227.0,0,54.0,85.0,1007.8,True,GFS
2026-02-11T04:00:00Z,Karlsruhe_CCGT,-1.5,0,94.0,0,42.0,68.0,1016.7,True,GFS
2026-02-11T04:00:00Z,Landshut_OCGT,2.8,4.8,300.0,0,90.0,63.0,1007.5,False,GFS
2026-02-11T04:00:00Z,Nordsee_Wind,0.3,7.6,334.0,0,36.0,28.0,1011.0,True,ECMWF
2026-02-11T04:00:00Z,Augsburg_Solar,3.1,1.2,331.0,0,73.0,56.0,1012.7,False,GFS
2026-02-11T05:00:00Z,Karlsruhe_CCGT,-0.3,3.9,224.0,0,38.0,89.0,1022.2,True,ECMWF
2026-02-11T05:00:00Z,Landshut_OCGT,0.6,0.2,216.0,0,61.0,51.0,1018.2,True,GFS
2026-02-11T05:00:00Z,Nordsee_Wind,4.3,11.0,98.0,0,45.0,65.0,1009.9,False,ECMWF
2026-02-11T05:00:00Z,Augsburg_Solar,2.9,0,28.0,0,28.0,78.0,1019.3,False,ACTUAL
2026-02-11T06:00:00Z,Karlsruhe_CCGT,1.6,5.7,72.0,0,46.0,58.0,1013.2,False,GFS
2026-02-11T06:00:00Z,Landshut_OCGT,6.7,0,132.0,0,94.0,71.0,1014.8,True,ACTUAL
2026-02-11T06:00:00Z,Nordsee_Wind,-0.1,6.9,175.0,0,62.0,76.0,1007.4,False,ACTUAL
2026-02-11T06:00:00Z,Augsburg_Solar,0.7,10.1,118.0,0,12.0,51.0,1003.0,False,GFS
2026-02-11T07:00:00Z,Karlsruhe_CCGT,5.5,5.6,237.0,0,51.0,83.0,1008.3,True,GFS
2026-02-11T07:00:00Z,Landshut_OCGT,1.4,4.2,61.0,0,84.0,76.0,1019.0,True,ECMWF
2026-02-11T07:00:00Z,Nordsee_Wind,0.2,7.6,52.0,0,57.0,39.0,1014.6,False,ACTUAL
2026-02-11T07:00:00Z,Augsburg_Solar,-0.6,6.5,29.0,125.0,80.0,52.0,1027.9,False,ECMWF
2026-02-11T08:00:00Z,Karlsruhe_CCGT,1.1,0.1,299.0,0,21.0,90.0,1018.0,False,ECMWF
2026-02-11T08:00:00Z,Landshut_OCGT,-2.6,8.4,111.0,0,62.0,50.0,1014.9,True,ACTUAL
2026-02-11T08:00:00Z,Nordsee_Wind,8.1,5.0,322.0,0,27.0,74.0,1028.2,False,GFS
2026-02-11T08:00:00Z,Augsburg_Solar,-4.2,4.8,114.0,99.0,6.0,40.0,1015.7,True,ECMWF
2026-02-11T09:00:00Z,Karlsruhe_CCGT,5.1,0,47.0,0,70.0,67.0,1031.6,True,ACTUAL
2026-02-11T09:00:00Z,Landshut_OCGT,0.2,2.7,134.0,0,42.0,73.0,995.5,False,ACTUAL
2026-02-11T09:00:00Z,Nordsee_Wind,1.8,7.2,200.0,0,36.0,55.0,1020.2,False,ECMWF
2026-02-11T09:00:00Z,Augsburg_Solar,3.8,0.9,31.0,319.0,53.0,73.0,1010.9,True,ECMWF
2026-02-11T10:00:00Z,Karlsruhe_CCGT,5.9,7.4,287.0,0,25.0,79.0,1019.3,True,GFS
2026-02-11T10:00:00Z,Landshut_OCGT,-0.3,0,17.0,0,50.0,73.0,1010.0,False,ECMWF
2026-02-11T10:00:00Z,Nordsee_Wind,-2.0,10.1,74.0,0,100,61.0,1015.9,False,ECMWF
2026-02-11T10:00:00Z,Augsburg_Solar,1.4,0.4,316.0,262.0,40.0,63.0,1016.0,True,ACTUAL
2026-02-11T11:00:00Z,Karlsruhe_CCGT,2.5,8.3,201.0,0,85.0,70.0,1029.8,True,ECMWF
2026-02-11T11:00:00Z,Landshut_OCGT,-2.8,2.0,32.0,0,27.0,43.0,1018.2,True,ECMWF
2026-02-11T11:00:00Z,Nordsee_Wind,-2.4,8.6,33.0,0,85.0,80.0,1014.2,True,ACTUAL
2026-02-11T11:00:00Z,Augsburg_Solar,-0.3,6.8,7.0,230.0,54.0,80.0,1000.5,False,ECMWF
2026-02-11T12:00:00Z,Karlsruhe_CCGT,-0.7,0,338.0,0,100,83.0,1025.4,True,ECMWF
2026-02-11T12:00:00Z,Landshut_OCGT,0.2,0,167.0,0,42.0,90.0,1013.9,False,GFS
2026-02-11T12:00:00Z,Nordsee_Wind,-6.3,6.5,326.0,0,41.0,54.0,1012.0,True,ACTUAL
2026-02-11T12:00:00Z,Augsburg_Solar,-1.8,0.7,147.0,550.0,0,60.0,996.4,True,GFS
2026-02-11T13:00:00Z,Karlsruhe_CCGT,-5.1,2.5,202.0,0,78.0,79.0,1022.0,True,ACTUAL
2026-02-11T13:00:00Z,Landshut_OCGT,-4.4,6.3,217.0,0,39.0,52.0,1004.0,True,ACTUAL
2026-02-11T13:00:00Z,Nordsee_Wind,-3.6,7.7,301.0,0,68.0,74.0,1014.0,False,GFS
2026-02-11T13:00:00Z,Augsburg_Solar,-5.3,6.6,127.0,418.0,2.0,73.0,1018.2,False,GFS
2026-02-11T14:00:00Z,Karlsruhe_CCGT,0.1,2.1,103.0,0,66.0,73.0,1013.6,False,ACTUAL
2026-02-11T14:00:00Z,Landshut_OCGT,-3.4,2.7,289.0,0,86.0,68.0,1020.9,False,ECMWF
2026-02-11T14:00:00Z,Nordsee_Wind,-1.6,14.0,14.0,0,71.0,88.0,1005.7,False,ACTUAL
2026-02-11T14:00:00Z,Augsburg_Solar,-3.2,4.8,233.0,179.0,46.0,45.0,1020.2,False,ACTUAL
2026-02-11T15:00:00Z,Karlsruhe_CCGT,-4.1,2.5,43.0,0,78.0,58.0,1016.2,True,ACTUAL
2026-02-11T15:00:00Z,Landshut_OCGT,-3.7,0,250.0,0,21.0,49.0,1011.3,False,ECMWF
2026-02-11T15:00:00Z,Nordsee_Wind,-7.6,11.4,168.0,0,70.0,77.0,1024.4,False,GFS
2026-02-11T15:00:00Z,Augsburg_Solar,-2.5,2.3,181.0,248.0,30.0,54.0,1018.1,False,ECMWF
2026-02-11T16:00:00Z,Karlsruhe_CCGT,-7.0,7.6,285.0,0,49.0,73.0,1015.2,True,ECMWF
2026-02-11T16:00:00Z,Landshut_OCGT,-3.6,4.2,264.0,0,47.0,82.0,991.3,True,ECMWF
2026-02-11T16:00:00Z,Nordsee_Wind,-7.8,15.4,343.0,0,63.0,60.0,1019.9,False,ACTUAL
2026-02-11T16:00:00Z,Augsburg_Solar,-9.0,1.7,26.0,465.0,40.0,82.0,1004.4,True,GFS
2026-02-11T17:00:00Z,Karlsruhe_CCGT,-10.0,4.4,286.0,0,34.0,54.0,1012.4,True,ECMWF
2026-02-11T17:00:00Z,Landshut_OCGT,0.9,3.5,317.0,0,61.0,73.0,1010.5,True,GFS
2026-02-11T17:00:00Z,Nordsee_Wind,-7.8,9.7,263.0,0,59.0,65.0,1002.8,False,ECMWF
2026-02-11T17:00:00Z,Augsburg_Solar,-4.0,0.2,109.0,143.0,42.0,65.0,1021.7,False,ACTUAL
2026-02-11T18:00:00Z,Karlsruhe_CCGT,-4.5,3.8,323.0,0,52.0,74.0,1010.9,True,ECMWF
2026-02-11T18:00:00Z,Landshut_OCGT,-5.9,7.7,229.0,0,66.0,59.0,1019.0,False,GFS
2026-02-11T18:00:00Z,Nordsee_Wind,-10.3,9.7,317.0,0,14.0,59.0,1011.1,True,ECMWF
2026-02-11T18:00:00Z,Augsburg_Solar,-8.0,0.1,306.0,197.0,46.0,76.0,1005.8,False,ACTUAL
2026-02-11T19:00:00Z,Karlsruhe_CCGT,-9.9,2.0,243.0,0,96.0,44.0,1016.3,False,GFS
2026-02-11T19:00:00Z,Landshut_OCGT,-7.0,0.7,350.0,0,11.0,49.0,1020.0,False,ACTUAL
2026-02-11T19:00:00Z,Nordsee_Wind,-0.1,10.1,53.0,0,29.0,49.0,1005.1,True,GFS
2026-02-11T19:00:00Z,Augsburg_Solar,-8.4,0.7,16.0,74.0,44.0,43.0,1012.5,False,GFS
2026-02-11T20:00:00Z,Karlsruhe_CCGT,-5.8,0.3,12.0,0,45.0,47.0,1018.3,False,ACTUAL
2026-02-11T20:00:00Z,Landshut_OCGT,-7.8,1.1,14.0,0,25.0,56.0,1009.4,False,ECMWF
2026-02-11T20:00:00Z,Nordsee_Wind,-6.0,13.1,171.0,0,57.0,58.0,1028.4,True,ECMWF
2026-02-11T20:00:00Z,Augsburg_Solar,-7.3,6.9,298.0,0.0,83.0,44.0,1005.3,True,ECMWF
2026-02-11T21:00:00Z,Karlsruhe_CCGT,-7.0,2.9,216.0,0,52.0,76.0,1019.7,False,ECMWF
2026-02-11T21:00:00Z,Landshut_OCGT,1.1,3.6,325.0,0,38.0,78.0,1019.4,True,GFS
2026-02-11T21:00:00Z,Nordsee_Wind,-10.3,4.5,185.0,0,77.0,62.0,1018.2,True,ACTUAL
2026-02-11T21:00:00Z,Augsburg_Solar,-6.8,0,232.0,0,44.0,64.0,1012.7,False,GFS
2026-02-11T22:00:00Z,Karlsruhe_CCGT,0.1,3.3,23.0,0,48.0,73.0,1013.9,True,GFS
2026-02-11T22:00:00Z,Landshut_OCGT,-4.5,4.0,171.0,0,93.0,57.0,1010.9,False,GFS
2026-02-11T22:00:00Z,Nordsee_Wind,-1.5,9.4,226.0,0,8.0,54.0,1002.9,True,ACTUAL
2026-02-11T22:00:00Z,Augsburg_Solar,-7.7,1.6,73.0,0,59.0,63.0,1003.1,False,ACTUAL
2026-02-11T23:00:00Z,Karlsruhe_CCGT,-3.8,0,4.0,0,78.0,65.0,1017.5,False,GFS
2026-02-11T23:00:00Z,Landshut_OCGT,-5.1,5.4,266.0,0,49.0,51.0,1012.7,False,ECMWF
2026-02-11T23:00:00Z,Nordsee_Wind,-3.1,3.4,1.0,0,49.0,85.0,1013.1,False,GFS
2026-02-11T23:00:00Z,Augsburg_Solar,-3.4,4.5,47.0,0,40.0,56.0,1000.3,False,GFS
2026-02-12T00:00:00Z,Karlsruhe_CCGT,-2.8,0,277.0,0,0.0,87.0,1020.4,False,GFS
2026-02-12T00:00:00Z,Landshut_OCGT,4.4,2.1,188.0,0,67.0,58.0,1020.9,True,ECMWF
2026-02-12T00:00:00Z,Nordsee_Wind,-1.4,5.5,197.0,0,55.0,44.0,1010.3,False,ECMWF
2026-02-12T00:00:00Z,Augsburg_Solar,-0.7,4.3,88.0,0,69.0,67.0,1007.6,True,GFS
2026-02-12T01:00:00Z,Karlsruhe_CCGT,-4.8,1.9,203.0,0,76.0,40.0,1019.9,True,ECMWF
2026-02-12T01:00:00Z,Landshut_OCGT,3.3,0,87.0,0,100,75.0,1022.2,True,ACTUAL
2026-02-12T01:00:00Z,Nordsee_Wind,2.1,10.4,237.0,0,24.0,73.0,1014.7,False,ECMWF
2026-02-12T01:00:00Z,Augsburg_Solar,0.1,4.1,28.0,0,21.0,62.0,1014.5,True,GFS
2026-02-12T02:00:00Z,Karlsruhe_CCGT,2.1,2.4,79.0,0,3.0,53.0,1015.9,False,GFS
2026-02-12T02:00:00Z,Landshut_OCGT,1.6,3.4,179.0,0,36.0,64.0,1015.5,False,ECMWF
2026-02-12T02:00:00Z,Nordsee_Wind,3.4,7.9,162.0,0,56.0,63.0,1005.3,False,ACTUAL
2026-02-12T02:00:00Z,Augsburg_Solar,5.9,2.0,316.0,0,72.0,74.0,1018.7,False,GFS
2026-02-12T03:00:00Z,Karlsruhe_CCGT,1.8,4.8,78.0,0,73.0,39.0,991.5,True,GFS
2026-02-12T03:00:00Z,Landshut_OCGT,-3.1,0.6,25.0,0,50.0,48.0,1022.0,False,ECMWF
2026-02-12T03:00:00Z,Nordsee_Wind,4.5,6.9,307.0,0,15.0,38.0,1024.5,False,ACTUAL
2026-02-12T03:00:00Z,Augsburg_Solar,0.2,9.8,220.0,0,80.0,75.0,1003.4,False,ACTUAL
2026-02-12T04:00:00Z,Karlsruhe_CCGT,5.1,2.5,356.0,0,42.0,86.0,993.1,False,ECMWF
2026-02-12T04:00:00Z,Landshut_OCGT,4.7,2.9,72.0,0,46.0,63.0,1003.8,True,ECMWF
2026-02-12T04:00:00Z,Nordsee_Wind,2.8,8.7,188.0,0,67.0,88.0,1006.8,True,GFS
2026-02-12T04:00:00Z,Augsburg_Solar,5.9,1.6,198.0,0,68.0,87.0,1013.9,True,GFS
2026-02-12T05:00:00Z,Karlsruhe_CCGT,3.8,6.2,308.0,0,10.0,42.0,1003.6,True,ACTUAL
2026-02-12T05:00:00Z,Landshut_OCGT,6.6,5.0,235.0,0,71.0,66.0,1015.8,False,ACTUAL
2026-02-12T05:00:00Z,Nordsee_Wind,-0.9,11.2,170.0,0,58.0,46.0,1016.4,False,ECMWF
2026-02-12T05:00:00Z,Augsburg_Solar,2.6,1.7,232.0,0,50.0,54.0,1011.6,False,ECMWF
2026-02-12T06:00:00Z,Karlsruhe_CCGT,4.6,4.6,153.0,0,31.0,69.0,1009.5,False,ACTUAL
2026-02-12T06:00:00Z,Landshut_OCGT,7.5,5.1,32.0,0,49.0,58.0,1020.2,True,GFS
2026-02-12T06:00:00Z,Nordsee_Wind,-0.4,11.2,2.0,0,0,46.0,1013.7,False,ACTUAL
2026-02-12T06:00:00Z,Augsburg_Solar,2.4,0,20.0,0,7.0,76.0,1018.7,True,ACTUAL
2026-02-12T07:00:00Z,Karlsruhe_CCGT,1.0,1.2,344.0,0,57.0,77.0,1018.0,False,ECMWF
2026-02-12T07:00:00Z,Landshut_OCGT,8.8,0.4,1.0,0,100,55.0,1011.0,True,ECMWF
2026-02-12T07:00:00Z,Nordsee_Wind,4.7,8.1,160.0,0,51.0,100,1020.5,False,GFS
2026-02-12T07:00:00Z,Augsburg_Solar,3.6,0.1,88.0,106.0,55.0,53.0,1016.0,True,ACTUAL
2026-02-12T08:00:00Z,Karlsruhe_CCGT,8.2,1.1,179.0,0,27.0,84.0,996.2,False,GFS
2026-02-12T08:00:00Z,Landshut_OCGT,-0.1,5.4,300.0,0,38.0,46.0,1025.8,True,ACTUAL
2026-02-12T08:00:00Z,Nordsee_Wind,-0.1,8.2,68.0,0,57.0,79.0,1017.7,False,ECMWF
2026-02-12T08:00:00Z,Augsburg_Solar,1.5,4.2,335.0,168.0,80.0,83.0,1015.6,True,ECMWF
2026-02-12T09:00:00Z,Karlsruhe_CCGT,-0.8,7.1,315.0,0,35.0,41.0,987.2,True,ACTUAL
2026-02-12T09:00:00Z,Landshut_OCGT,4.3,0,212.0,0,55.0,58.0,1008.0,False,ECMWF
2026-02-12T09:00:00Z,Nordsee_Wind,3.4,5.4,125.0,0,40.0,58.0,1013.5,True,ACTUAL
2026-02-12T09:00:00Z,Augsburg_Solar,-2.8,3.9,332.0,307.0,56.0,59.0,1021.6,True,ECMWF
2026-02-12T10:00:00Z,Karlsruhe_CCGT,-2.1,2.8,299.0,0,38.0,49.0,1018.6,False,GFS
2026-02-12T10:00:00Z,Landshut_OCGT,2.5,6.9,346.0,0,87.0,70.0,1019.1,True,GFS
2026-02-12T10:00:00Z,Nordsee_Wind,-2.3,10.9,181.0,0,21.0,57.0,1007.4,True,ACTUAL
2026-02-12T10:00:00Z,Augsburg_Solar,-2.1,3.8,125.0,292.0,56.0,35.0,1002.3,False,ACTUAL
2026-02-12T11:00:00Z,Karlsruhe_CCGT,2.6,2.8,57.0,0,33.0,88.0,1012.1,False,ACTUAL
2026-02-12T11:00:00Z,Landshut_OCGT,2.8,3.6,39.0,0,48.0,73.0,995.8,True,ACTUAL
2026-02-12T11:00:00Z,Nordsee_Wind,-1.7,6.2,345.0,0,53.0,64.0,1004.0,False,GFS
2026-02-12T11:00:00Z,Augsburg_Solar,4.9,3.7,234.0,189.0,66.0,50.0,1009.0,False,ACTUAL
2026-02-12T12:00:00Z,Karlsruhe_CCGT,-6.2,6.3,180.0,0,52.0,55.0,1008.0,True,ECMWF
2026-02-12T12:00:00Z,Landshut_OCGT,-0.5,3.1,283.0,0,53.0,49.0,1015.1,False,GFS
2026-02-12T12:00:00Z,Nordsee_Wind,1.7,11.3,236.0,0,36.0,62.0,1007.1,True,GFS
2026-02-12T12:00:00Z,Augsburg_Solar,-3.2,7.8,74.0,504.0,29.0,49.0,1021.7,False,ECMWF
2026-02-12T13:00:00Z,Karlsruhe_CCGT,-0.7,2.7,354.0,0,56.0,71.0,992.2,True,GFS
2026-02-12T13:00:00Z,Landshut_OCGT,-0.6,2.1,249.0,0,40.0,28.0,1031.8,False,ECMWF
2026-02-12T13:00:00Z,Nordsee_Wind,-3.5,6.6,42.0,0,14.0,52.0,1005.2,True,ECMWF
2026-02-12T13:00:00Z,Augsburg_Solar,-5.8,0.9,219.0,397.0,48.0,65.0,1022.8,True,ECMWF
2026-02-12T14:00:00Z,Karlsruhe_CCGT,-5.4,0,151.0,0,58.0,74.0,1011.3,True,ECMWF
2026-02-12T14:00:00Z,Landshut_OCGT,-7.1,9.2,342.0,0,69.0,49.0,1005.8,True,ACTUAL
2026-02-12T14:00:00Z,Nordsee_Wind,-4.7,5.7,183.0,0,32.0,74.0,1011.4,True,GFS
2026-02-12T14:00:00Z,Augsburg_Solar,-8.7,4.6,261.0,260.0,66.0,37.0,1007.9,True,ACTUAL
2026-02-12T15:00:00Z,Karlsruhe_CCGT,-6.0,0,143.0,0,58.0,76.0,1006.0,True,ACTUAL
2026-02-12T15:00:00Z,Landshut_OCGT,-4.3,2.1,4.0,0,64.0,67.0,1008.3,True,ACTUAL
2026-02-12T15:00:00Z,Nordsee_Wind,-5.0,7.8,333.0,0,59.0,50.0,1011.2,False,GFS
2026-02-12T15:00:00Z,Augsburg_Solar,-2.9,3.5,19.0,243.0,88.0,77.0,1001.6,False,GFS
2026-02-12T16:00:00Z,Karlsruhe_CCGT,-9.6,1.6,5.0,0,16.0,82.0,1013.2,True,ECMWF
2026-02-12T16:00:00Z,Landshut_OCGT,-6.5,3.2,102.0,0,37.0,92.0,1029.8,True,ECMWF
2026-02-12T16:00:00Z,Nordsee_Wind,-8.5,13.1,159.0,0,46.0,47.0,1004.6,True,ECMWF
2026-02-12T16:00:00Z,Augsburg_Solar,-5.9,2.0,223.0,163.0,62.0,71.0,1025.1,True,ACTUAL
2026-02-12T17:00:00Z,Karlsruhe_CCGT,-4.0,0.9,299.0,0,100.0,56.0,1022.0,True,ECMWF
2026-02-12T17:00:00Z,Landshut_OCGT,-1.9,0.4,142.0,0,7.0,38.0,1027.5,False,GFS
2026-02-12T17:00:00Z,Nordsee_Wind,-11.6,8.9,120.0,0,15.0,66.0,995.7,False,ACTUAL
2026-02-12T17:00:00Z,Augsburg_Solar,-9.9,0,281.0,265.0,72.0,69.0,1010.7,True,GFS
2026-02-12T18:00:00Z,Karlsruhe_CCGT,-10.3,0,289.0,0,28.0,67.0,1000.5,False,ACTUAL
2026-02-12T18:00:00Z,Landshut_OCGT,-7.3,1.2,184.0,0,29.0,43.0,1009.8,False,ECMWF
2026-02-12T18:00:00Z,Nordsee_Wind,-5.8,4.8,291.0,0,38.0,45.0,1015.2,False,ECMWF
2026-02-12T18:00:00Z,Augsburg_Solar,-10.8,6.3,6.0,142.0,37.0,93.0,1007.8,False,ECMWF
2026-02-12T19:00:00Z,Karlsruhe_CCGT,-3.9,1.3,213.0,0,62.0,77.0,1009.4,False,ACTUAL
2026-02-12T19:00:00Z,Landshut_OCGT,-7.5,5.8,326.0,0,64.0,78.0,1014.4,False,ECMWF
2026-02-12T19:00:00Z,Nordsee_Wind,-10.6,11.6,347.0,0,26.0,84.0,1017.3,True,GFS
2026-02-12T19:00:00Z,Augsburg_Solar,-4.9,2.5,164.0,104.0,42.0,61.0,1002.8,True,GFS
2026-02-12T20:00:00Z,Karlsruhe_CCGT,-3.9,3.1,340.0,0,32.0,85.0,1015.4,False,ACTUAL
2026-02-12T20:00:00Z,Landshut_OCGT,-4.6,3.1,145.0,0,47.0,66.0,1006.8,False,GFS
2026-02-12T20:00:00Z,Nordsee_Wind,-8.4,9.6,118.0,0,65.0,66.0,1018.1,False,ECMWF
2026-02-12T20:00:00Z,Augsburg_Solar,-3.0,0.5,310.0,0.0,46.0,48.0,1008.0,True,ECMWF
2026-02-12T21:00:00Z,Karlsruhe_CCGT,-4.9,0,138.0,0,81.0,61.0,1016.7,False,GFS
2026-02-12T21:00:00Z,Landshut_OCGT,-5.8,4.4,171.0,0,75.0,73.0,1018.6,True,GFS
2026-02-12T21:00:00Z,Nordsee_Wind,-2.9,9.6,138.0,0,43.0,58.0,1026.7,True,ECMWF
2026-02-12T21:00:00Z,Augsburg_Solar,-2.4,4.3,145.0,0,35.0,70.0,1001.6,False,GFS
2026-02-12T22:00:00Z,Karlsruhe_CCGT,-0.9,3.8,313.0,0,40.0,50.0,1018.6,False,ECMWF
2026-02-12T22:00:00Z,Landshut_OCGT,-8.8,7.8,235.0,0,42.0,71.0,1031.5,False,ACTUAL
2026-02-12T22:00:00Z,Nordsee_Wind,-3.6,8.0,88.0,0,43.0,56.0,1003.0,False,ECMWF
2026-02-12T22:00:00Z,Augsburg_Solar,-4.3,4.8,345.0,0,23.0,71.0,1013.2,False,ACTUAL
2026-02-12T23:00:00Z,Karlsruhe_CCGT,-1.6,0.1,233.0,0,26.0,57.0,1001.4,False,ECMWF
2026-02-12T23:00:00Z,Landshut_OCGT,-4.0,1.0,259.0,0,55.0,72.0,1002.7,False,GFS
2026-02-12T23:00:00Z,Nordsee_Wind,-4.6,12.2,57.0,0,71.0,88.0,1004.2,True,ECMWF
2026-02-12T23:00:00Z,Augsburg_Solar,-0.6,1.2,48.0,0,45.0,80.0,1009.7,False,ACTUAL
2026-02-13T00:00:00Z,Karlsruhe_CCGT,3.9,7.5,355.0,0,70.0,49.0,1007.7,False,ECMWF
2026-02-13T00:00:00Z,Landshut_OCGT,-4.4,0.4,93.0,0,49.0,71.0,1012.2,True,GFS
2026-02-13T00:00:00Z,Nordsee_Wind,-1.4,10.4,140.0,0,24.0,49.0,1002.2,False,ECMWF
2026-02-13T00:00:00Z,Augsburg_Solar,-5.2,7.5,243.0,0,81.0,74.0,1004.7,True,GFS
2026-02-13T01:00:00Z,Karlsruhe_CCGT,-4.0,3.8,315.0,0,52.0,52.0,1011.6,True,ECMWF
2026-02-13T01:00:00Z,Landshut_OCGT,-2.4,6.5,248.0,0,88.0,96.0,1014.6,True,ACTUAL
2026-02-13T01:00:00Z,Nordsee_Wind,-1.4,5.6,332.0,0,58.0,73.0,1033.5,False,ECMWF
2026-02-13T01:00:00Z,Augsburg_Solar,-1.8,2.9,107.0,0,38.0,60.0,1007.7,False,ACTUAL
2026-02-13T02:00:00Z,Karlsruhe_CCGT,6.0,1.4,52.0,0,67.0,97.0,1019.1,False,ACTUAL
2026-02-13T02:00:00Z,Landshut_OCGT,6.3,0,316.0,0,24.0,68.0,1011.3,False,ACTUAL
2026-02-13T02:00:00Z,Nordsee_Wind,-3.6,7.4,57.0,0,24.0,49.0,995.0,False,GFS
2026-02-13T02:00:00Z,Augsburg_Solar,6.4,5.7,123.0,0,45.0,61.0,1015.1,False,GFS
2026-02-13T03:00:00Z,Karlsruhe_CCGT,2.4,3.7,185.0,0,100,71.0,1014.6,False,ACTUAL
2026-02-13T03:00:00Z,Landshut_OCGT,-0.6,0,226.0,0,91.0,49.0,1016.7,False,ECMWF
2026-02-13T03:00:00Z,Nordsee_Wind,4.1,7.7,104.0,0,63.0,66.0,1006.6,True,GFS
2026-02-13T03:00:00Z,Augsburg_Solar,4.7,0,324.0,0,44.0,83.0,1022.9,False,ACTUAL
2026-02-13T04:00:00Z,Karlsruhe_CCGT,3.4,2.4,86.0,0,77.0,50.0,1012.0,True,GFS
2026-02-13T04:00:00Z,Landshut_OCGT,-1.9,0,99.0,0,77.0,63.0,1007.1,True,GFS
2026-02-13T04:00:00Z,Nordsee_Wind,5.8,7.5,72.0,0,25.0,76.0,1002.9,True,ACTUAL
2026-02-13T04:00:00Z,Augsburg_Solar,-2.7,6.6,36.0,0,47.0,42.0,1015.3,False,ACTUAL
2026-02-13T05:00:00Z,Karlsruhe_CCGT,5.0,2.0,140.0,0,84.0,46.0,1008.6,True,GFS
2026-02-13T05:00:00Z,Landshut_OCGT,3.2,0,335.0,0,55.0,49.0,1000.1,False,ECMWF
2026-02-13T05:00:00Z,Nordsee_Wind,-0.2,8.5,323.0,0,41.0,72.0,1011.0,False,ACTUAL
2026-02-13T05:00:00Z,Augsburg_Solar,4.8,6.6,284.0,0,16.0,76.0,1033.0,True,ACTUAL
2026-02-13T06:00:00Z,Karlsruhe_CCGT,1.6,7.1,349.0,0,0,40.0,1013.6,True,ECMWF
2026-02-13T06:00:00Z,Landshut_OCGT,1.5,3.3,179.0,0,23.0,49.0,1013.8,True,ACTUAL
2026-02-13T06:00:00Z,Nordsee_Wind,3.9,6.0,230.0,0,29.0,57.0,1014.0,True,GFS
2026-02-13T06:00:00Z,Augsburg_Solar,1.9,1.3,276.0,0,25.0,58.0,1016.6,True,GFS
2026-02-13T07:00:00Z,Karlsruhe_CCGT,5.8,2.2,255.0,0,33.0,81.0,1005.4,True,GFS
2026-02-13T07:00:00Z,Landshut_OCGT,5.2,7.2,245.0,0,49.0,70.0,1004.6,False,GFS
2026-02-13T07:00:00Z,Nordsee_Wind,1.3,9.1,20.0,0,0,54.0,1001.8,False,ECMWF
2026-02-13T07:00:00Z,Augsburg_Solar,6.6,0,209.0,86.0,30.0,46.0,1013.5,True,ECMWF
2026-02-13T08:00:00Z,Karlsruhe_CCGT,-0.7,2.6,155.0,0,77.0,86.0,1006.9,False,ACTUAL
2026-02-13T08:00:00Z,Landshut_OCGT,-0.5,0,70.0,0,46.0,82.0,1021.7,True,ECMWF
2026-02-13T08:00:00Z,Nordsee_Wind,1.2,4.6,270.0,0,78.0,48.0,1014.5,True,ECMWF
2026-02-13T08:00:00Z,Augsburg_Solar,0.7,0,76.0,247.0,43.0,78.0,1013.6,True,ACTUAL
2026-02-13T09:00:00Z,Karlsruhe_CCGT,0.2,2.9,97.0,0,18.0,82.0,1008.6,True,ECMWF
2026-02-13T09:00:00Z,Landshut_OCGT,2.9,3.3,260.0,0,56.0,83.0,1009.7,True,ACTUAL
2026-02-13T09:00:00Z,Nordsee_Wind,9.0,8.5,237.0,0,27.0,50.0,1021.4,False,ECMWF
2026-02-13T09:00:00Z,Augsburg_Solar,6.6,2.6,335.0,166.0,43.0,45.0,1008.5,True,ACTUAL
2026-02-13T10:00:00Z,Karlsruhe_CCGT,1.4,1.2,276.0,0,9.0,88.0,1011.4,True,GFS
2026-02-13T10:00:00Z,Landshut_OCGT,-3.8,8.2,175.0,0,99.0,57.0,1009.3,False,ACTUAL
2026-02-13T10:00:00Z,Nordsee_Wind,-0.6,14.6,144.0,0,10.0,60.0,1020.7,False,ECMWF
2026-02-13T10:00:00Z,Augsburg_Solar,0.1,5.1,127.0,290.0,29.0,78.0,997.2,True,ECMWF
2026-02-13T11:00:00Z,Karlsruhe_CCGT,1.1,3.3,230.0,0,29.0,64.0,1021.0,False,ACTUAL
2026-02-13T11:00:00Z,Landshut_OCGT,-2.1,2.7,244.0,0,30.0,63.0,1014.6,True,ACTUAL
2026-02-13T11:00:00Z,Nordsee_Wind,-2.3,4.8,131.0,0,36.0,45.0,1031.4,False,ECMWF
2026-02-13T11:00:00Z,Augsburg_Solar,2.5,3.2,219.0,305.0,71.0,55.0,1025.0,True,GFS
2026-02-13T12:00:00Z,Karlsruhe_CCGT,-1.1,6.3,45.0,0,98.0,56.0,1020.7,True,GFS
2026-02-13T12:00:00Z,Landshut_OCGT,-1.7,3.6,301.0,0,39.0,60.0,1021.0,False,ACTUAL
2026-02-13T12:00:00Z,Nordsee_Wind,-5.2,10.3,76.0,0,75.0,39.0,1020.8,False,ECMWF
2026-02-13T12:00:00Z,Augsburg_Solar,-2.5,6.8,258.0,465.0,33.0,79.0,1018.9,True,GFS
2026-02-13T13:00:00Z,Karlsruhe_CCGT,-1.8,0,225.0,0,14.0,75.0,1017.7,False,ECMWF
2026-02-13T13:00:00Z,Landshut_OCGT,-1.9,2.1,19.0,0,68.0,41.0,1025.5,True,ECMWF
2026-02-13T13:00:00Z,Nordsee_Wind,-5.1,5.4,341.0,0,68.0,55.0,1012.3,False,GFS
2026-02-13T13:00:00Z,Augsburg_Solar,-1.6,6.5,182.0,414.0,77.0,56.0,1011.6,False,GFS
2026-02-13T14:00:00Z,Karlsruhe_CCGT,-4.3,2.5,121.0,0,45.0,84.0,1022.6,False,ACTUAL
2026-02-13T14:00:00Z,Landshut_OCGT,-5.0,0.4,305.0,0,44.0,67.0,1014.5,True,ACTUAL
2026-02-13T14:00:00Z,Nordsee_Wind,-1.0,8.0,79.0,0,10.0,75.0,1014.6,True,GFS
2026-02-13T14:00:00Z,Augsburg_Solar,-9.7,0,276.0,573.0,32.0,72.0,1014.3,False,ECMWF
2026-02-13T15:00:00Z,Karlsruhe_CCGT,3.4,3.7,100.0,0,61.0,58.0,1004.7,True,ECMWF
2026-02-13T15:00:00Z,Landshut_OCGT,-2.1,3.6,36.0,0,83.0,98.0,1004.2,True,GFS
2026-02-13T15:00:00Z,Nordsee_Wind,-10.5,11.9,151.0,0,38.0,72.0,1008.9,False,ACTUAL
2026-02-13T15:00:00Z,Augsburg_Solar,2.9,3.2,337.0,366.0,30.0,60.0,1007.7,True,ACTUAL
2026-02-13T16:00:00Z,Karlsruhe_CCGT,-4.8,8.0,179.0,0,40.0,52.0,999.7,False,GFS
2026-02-13T16:00:00Z,Landshut_OCGT,-3.1,0.8,118.0,0,47.0,77.0,1024.6,False,ACTUAL
2026-02-13T16:00:00Z,Nordsee_Wind,-5.1,3.8,165.0,0,69.0,84.0,1009.5,True,GFS
2026-02-13T16:00:00Z,Augsburg_Solar,-0.4,0,303.0,396.0,100,76.0,1022.7,True,GFS
2026-02-13T17:00:00Z,Karlsruhe_CCGT,-4.5,5.6,51.0,0,46.0,82.0,1013.7,True,ECMWF
2026-02-13T17:00:00Z,Landshut_OCGT,-5.9,2.6,221.0,0,41.0,90.0,1012.2,True,ACTUAL
2026-02-13T17:00:00Z,Nordsee_Wind,-4.4,8.4,156.0,0,54.0,65.0,1001.9,True,ACTUAL
2026-02-13T17:00:00Z,Augsburg_Solar,-7.1,1.9,303.0,167.0,4.0,82.0,1016.1,True,ECMWF
2026-02-13T18:00:00Z,Karlsruhe_CCGT,-7.7,5.7,27.0,0,59.0,47.0,1004.5,True,ACTUAL
2026-02-13T18:00:00Z,Landshut_OCGT,-6.3,6.1,300.0,0,70.0,70.0,1013.6,False,GFS
2026-02-13T18:00:00Z,Nordsee_Wind,-2.0,5.1,8.0,0,72.0,47.0,1014.7,False,ACTUAL
2026-02-13T18:00:00Z,Augsburg_Solar,-6.2,0.9,342.0,144.0,48.0,95.0,1010.5,False,ACTUAL
2026-02-13T19:00:00Z,Karlsruhe_CCGT,-5.5,1.8,71.0,0,38.0,68.0,1011.1,False,ECMWF
2026-02-13T19:00:00Z,Landshut_OCGT,-6.7,6.4,317.0,0,46.0,54.0,1025.3,True,ACTUAL
2026-02-13T19:00:00Z,Nordsee_Wind,-2.3,5.9,48.0,0,25.0,62.0,1003.2,False,ACTUAL
2026-02-13T19:00:00Z,Augsburg_Solar,2.2,0,250.0,85.0,77.0,64.0,1016.2,True,ECMWF
2026-02-13T20:00:00Z,Karlsruhe_CCGT,-8.1,2.5,130.0,0,42.0,87.0,1008.9,True,ACTUAL
2026-02-13T20:00:00Z,Landshut_OCGT,-1.9,1.7,313.0,0,51.0,69.0,1024.1,True,ACTUAL
2026-02-13T20:00:00Z,Nordsee_Wind,-5.3,0.5,312.0,0,0,72.0,1016.0,True,ECMWF
2026-02-13T20:00:00Z,Augsburg_Solar,-4.6,0.1,346.0,0.0,9.0,60.0,1017.9,True,ACTUAL
2026-02-13T21:00:00Z,Karlsruhe_CCGT,-8.0,0,329.0,0,66.0,100,1025.2,False,ACTUAL
2026-02-13T21:00:00Z,Landshut_OCGT,-5.9,6.2,276.0,0,58.0,58.0,1022.2,False,GFS
2026-02-13T21:00:00Z,Nordsee_Wind,-6.4,7.1,128.0,0,81.0,84.0,1010.6,True,GFS
2026-02-13T21:00:00Z,Augsburg_Solar,-4.3,0.9,210.0,0,50.0,69.0,1016.0,True,GFS
2026-02-13T22:00:00Z,Karlsruhe_CCGT,-1.1,4.4,161.0,0,35.0,50.0,1014.0,False,GFS
2026-02-13T22:00:00Z,Landshut_OCGT,-3.3,3.4,116.0,0,31.0,50.0,1015.3,False,ECMWF
2026-02-13T22:00:00Z,Nordsee_Wind,-9.1,11.2,332.0,0,84.0,51.0,1020.6,False,ACTUAL
2026-02-13T22:00:00Z,Augsburg_Solar,-8.7,0,156.0,0,53.0,86.0,1003.4,True,GFS
2026-02-13T23:00:00Z,Karlsruhe_CCGT,-7.3,1.8,33.0,0,25.0,81.0,1006.2,False,ACTUAL
2026-02-13T23:00:00Z,Landshut_OCGT,-6.4,5.7,223.0,0,12.0,60.0,1034.9,True,GFS
2026-02-13T23:00:00Z,Nordsee_Wind,-5.3,8.3,321.0,0,19.0,48.0,1010.1,False,ACTUAL
2026-02-13T23:00:00Z,Augsburg_Solar,-7.0,0,63.0,0,50.0,38.0,1017.4,False,GFS
2026-02-14T00:00:00Z,Karlsruhe_CCGT,-6.5,3.1,157.0,0,47.0,52.0,1002.7,True,GFS
2026-02-14T00:00:00Z,Landshut_OCGT,1.3,6.0,186.0,0,0,76.0,1011.4,True,ACTUAL
2026-02-14T00:00:00Z,Nordsee_Wind,0.7,5.3,8.0,0,49.0,56.0,1026.1,True,GFS
2026-02-14T00:00:00Z,Augsburg_Solar,-1.8,2.2,54.0,0,11.0,60.0,1019.1,False,GFS
2026-02-14T01:00:00Z,Karlsruhe_CCGT,-4.2,4.1,136.0,0,53.0,75.0,1026.4,True,ECMWF
2026-02-14T01:00:00Z,Landshut_OCGT,1.4,5.0,325.0,0,22.0,79.0,1016.6,False,GFS
2026-02-14T01:00:00Z,Nordsee_Wind,-3.9,11.3,12.0,0,28.0,53.0,1007.1,False,GFS
2026-02-14T01:00:00Z,Augsburg_Solar,3.6,5.7,156.0,0,51.0,83.0,1007.0,False,ACTUAL
2026-02-14T02:00:00Z,Karlsruhe_CCGT,5.0,2.1,33.0,0,62.0,59.0,1025.9,False,GFS
2026-02-14T02:00:00Z,Landshut_OCGT,4.1,5.2,80.0,0,13.0,84.0,1011.3,True,GFS
2026-02-14T02:00:00Z,Nordsee_Wind,3.5,6.3,102.0,0,46.0,51.0,1010.7,False,GFS
2026-02-14T02:00:00Z,Augsburg_Solar,2.3,3.7,325.0,0,75.0,61.0,1001.5,False,GFS
2026-02-14T03:00:00Z,Karlsruhe_CCGT,0.6,11.5,339.0,0,49.0,72.0,1010.3,True,GFS
2026-02-14T03:00:00Z,Landshut_OCGT,2.5,5.9,197.0,0,30.0,59.0,1016.7,True,ECMWF
2026-02-14T03:00:00Z,Nordsee_Wind,4.1,8.5,31.0,0,58.0,70.0,999.6,False,ACTUAL
2026-02-14T03:00:00Z,Augsburg_Solar,1.7,6.7,267.0,0,38.0,66.0,999.2,True,ECMWF
2026-02-14T04:00:00Z,Karlsruhe_CCGT,3.6,2.4,30.0,0,8.0,84.0,1013.2,True,ACTUAL
2026-02-14T04:00:00Z,Landshut_OCGT,-1.7,1.2,95.0,0,79.0,56.0,1010.3,False,ACTUAL
2026-02-14T04:00:00Z,Nordsee_Wind,3.7,16.4,344.0,0,30.0,54.0,1015.6,False,ECMWF
2026-02-14T04:00:00Z,Augsburg_Solar,4.7,2.9,23.0,0,74.0,60.0,1010.6,True,ACTUAL
2026-02-14T05:00:00Z,Karlsruhe_CCGT,1.0,3.2,83.0,0,50.0,85.0,1009.1,True,GFS
2026-02-14T05:00:00Z,Landshut_OCGT,3.8,4.1,98.0,0,16.0,39.0,1011.4,False,ECMWF
2026-02-14T05:00:00Z,Nordsee_Wind,-2.4,14.1,136.0,0,28.0,64.0,1017.9,False,ACTUAL
2026-02-14T05:00:00Z,Augsburg_Solar,2.7,0.6,181.0,0,100,79.0,1010.5,True,ECMWF
2026-02-14T06:00:00Z,Karlsruhe_CCGT,5.1,6.4,242.0,0,54.0,67.0,1001.7,False,GFS
2026-02-14T06:00:00Z,Landshut_OCGT,6.3,0,77.0,0,89.0,57.0,1012.7,False,ACTUAL
2026-02-14T06:00:00Z,Nordsee_Wind,3.3,8.1,45.0,0,77.0,75.0,1020.5,True,ACTUAL
2026-02-14T06:00:00Z,Augsburg_Solar,3.5,2.1,192.0,0,74.0,87.0,1009.6,False,GFS
2026-02-14T07:00:00Z,Karlsruhe_CCGT,0.6,0.3,116.0,0,25.0,61.0,997.3,False,GFS
2026-02-14T07:00:00Z,Landshut_OCGT,3.9,1.6,81.0,0,66.0,73.0,1005.2,True,ACTUAL
2026-02-14T07:00:00Z,Nordsee_Wind,-2.2,9.3,272.0,0,52.0,81.0,1007.3,False,GFS
2026-02-14T07:00:00Z,Augsburg_Solar,4.7,0.8,56.0,111.0,49.0,61.0,1010.1,False,ECMWF
2026-02-14T08:00:00Z,Karlsruhe_CCGT,2.3,2.1,214.0,0,35.0,58.0,1018.8,False,ACTUAL
2026-02-14T08:00:00Z,Landshut_OCGT,3.7,2.9,18.0,0,80.0,69.0,998.9,False,ACTUAL
2026-02-14T08:00:00Z,Nordsee_Wind,0.4,7.7,5.0,0,66.0,56.0,1012.6,False,GFS
2026-02-14T08:00:00Z,Augsburg_Solar,2.9,2.1,124.0,115.0,25.0,49.0,1012.5,False,ECMWF
2026-02-14T09:00:00Z,Karlsruhe_CCGT,7.4,4.1,124.0,0,71.0,50.0,1020.0,False,ECMWF
2026-02-14T09:00:00Z,Landshut_OCGT,1.8,7.7,353.0,0,33.0,61.0,1013.2,False,GFS
2026-02-14T09:00:00Z,Nordsee_Wind,5.3,6.6,341.0,0,57.0,69.0,1008.9,True,ECMWF
2026-02-14T09:00:00Z,Augsburg_Solar,4.7,4.6,248.0,122.0,79.0,58.0,1012.2,True,ACTUAL
2026-02-14T10:00:00Z,Karlsruhe_CCGT,4.1,7.9,111.0,0,67.0,58.0,1017.8,True,GFS
2026-02-14T10:00:00Z,Landshut_OCGT,4.2,2.7,357.0,0,39.0,70.0,1015.4,False,ACTUAL
2026-02-14T10:00:00Z,Nordsee_Wind,2.0,2.2,198.0,0,34.0,81.0,1013.9,True,ACTUAL
2026-02-14T10:00:00Z,Augsburg_Solar,0.6,3.4,85.0,321.0,60.0,61.0,1016.4,True,GFS
2026-02-14T11:00:00Z,Karlsruhe_CCGT,1.0,2.6,166.0,0,41.0,20,1011.9,True,GFS
2026-02-14T11:00:00Z,Landshut_OCGT,-2.0,3.7,230.0,0,44.0,55.0,1010.9,True,GFS
2026-02-14T11:00:00Z,Nordsee_Wind,2.7,5.1,298.0,0,49.0,29.0,1010.7,True,ECMWF
2026-02-14T11:00:00Z,Augsburg_Solar,2.4,7.6,313.0,163.0,59.0,92.0,1014.6,True,ACTUAL
2026-02-14T12:00:00Z,Karlsruhe_CCGT,-1.8,3.3,34.0,0,42.0,51.0,1014.6,True,ACTUAL
2026-02-14T12:00:00Z,Landshut_OCGT,2.6,7.1,21.0,0,50.0,62.0,1018.6,False,GFS
2026-02-14T12:00:00Z,Nordsee_Wind,-1.8,5.5,350.0,0,45.0,60.0,1002.3,False,GFS
2026-02-14T12:00:00Z,Augsburg_Solar,1.8,1.9,317.0,526.0,71.0,45.0,1015.5,True,ACTUAL
2026-02-14T13:00:00Z,Karlsruhe_CCGT,-4.2,0.5,111.0,0,14.0,73.0,1017.2,True,ECMWF
2026-02-14T13:00:00Z,Landshut_OCGT,-1.3,3.2,238.0,0,0,79.0,1005.6,True,ACTUAL
2026-02-14T13:00:00Z,Nordsee_Wind,-3.9,6.8,94.0,0,65.0,46.0,1005.3,False,ECMWF
2026-02-14T13:00:00Z,Augsburg_Solar,-6.5,0,168.0,572.0,56.0,49.0,1017.8,True,ECMWF
2026-02-14T14:00:00Z,Karlsruhe_CCGT,-0.3,2.2,299.0,0,46.0,74.0,1005.7,False,GFS
2026-02-14T14:00:00Z,Landshut_OCGT,-5.7,0,225.0,0,89.0,45.0,1010.3,True,ACTUAL
2026-02-14T14:00:00Z,Nordsee_Wind,-4.6,7.6,118.0,0,63.0,80.0,1020.9,False,ECMWF
2026-02-14T14:00:00Z,Augsburg_Solar,-5.1,0,271.0,449.0,83.0,50.0,1015.3,True,ECMWF
2026-02-14T15:00:00Z,Karlsruhe_CCGT,-5.2,4.5,200.0,0,22.0,47.0,1006.0,False,ECMWF
2026-02-14T15:00:00Z,Landshut_OCGT,-4.9,0,31.0,0,61.0,48.0,1002.3,False,ACTUAL
2026-02-14T15:00:00Z,Nordsee_Wind,-4.2,9.2,162.0,0,5.0,61.0,1008.7,True,GFS
2026-02-14T15:00:00Z,Augsburg_Solar,-8.3,8.1,144.0,452.0,38.0,69.0,1025.6,False,ACTUAL
2026-02-14T16:00:00Z,Karlsruhe_CCGT,-6.1,2.3,328.0,0,97.0,76.0,1017.6,False,ECMWF
2026-02-14T16:00:00Z,Landshut_OCGT,-10.6,9.2,344.0,0,44.0,38.0,1013.8,True,GFS
2026-02-14T16:00:00Z,Nordsee_Wind,-10.3,13.4,42.0,0,18.0,48.0,1016.3,False,ACTUAL
2026-02-14T16:00:00Z,Augsburg_Solar,-7.0,7.0,222.0,337.0,41.0,73.0,1010.3,True,ECMWF
2026-02-14T17:00:00Z,Karlsruhe_CCGT,-6.8,0,125.0,0,31.0,71.0,1002.6,True,GFS
2026-02-14T17:00:00Z,Landshut_OCGT,-10.2,8.2,26.0,0,76.0,89.0,1003.2,True,ECMWF
2026-02-14T17:00:00Z,Nordsee_Wind,-5.4,5.7,1.0,0,58.0,47.0,1023.1,True,ECMWF
2026-02-14T17:00:00Z,Augsburg_Solar,-6.0,4.9,4.0,155.0,35.0,77.0,1007.2,True,ECMWF
2026-02-14T18:00:00Z,Karlsruhe_CCGT,-4.1,0,22.0,0,60.0,80.0,1013.9,False,ACTUAL
2026-02-14T18:00:00Z,Landshut_OCGT,-7.6,0,166.0,0,74.0,91.0,1021.9,True,ACTUAL
2026-02-14T18:00:00Z,Nordsee_Wind,-5.8,7.5,155.0,0,64.0,58.0,1012.5,True,ECMWF
2026-02-14T18:00:00Z,Augsburg_Solar,-9.8,0,104.0,235.0,32.0,71.0,1014.7,True,ACTUAL
2026-02-14T19:00:00Z,Karlsruhe_CCGT,-8.5,2.2,5.0,0,28.0,81.0,1021.8,True,ACTUAL
2026-02-14T19:00:00Z,Landshut_OCGT,-4.9,4.9,70.0,0,22.0,59.0,1007.7,False,GFS
2026-02-14T19:00:00Z,Nordsee_Wind,-6.9,10.1,317.0,0,46.0,74.0,1035.6,False,ECMWF
2026-02-14T19:00:00Z,Augsburg_Solar,-8.3,4.3,133.0,71.0,52.0,71.0,1013.6,False,ACTUAL
2026-02-14T20:00:00Z,Karlsruhe_CCGT,-8.8,4.6,353.0,0,0,63.0,1007.5,True,GFS
2026-02-14T20:00:00Z,Landshut_OCGT,-7.5,0.8,352.0,0,36.0,63.0,1018.6,False,GFS
2026-02-14T20:00:00Z,Nordsee_Wind,-6.5,6.0,87.0,0,62.0,81.0,1002.3,False,GFS
2026-02-14T20:00:00Z,Augsburg_Solar,-10.9,2.3,349.0,0.0,61.0,56.0,1009.5,False,ACTUAL
2026-02-14T21:00:00Z,Karlsruhe_CCGT,-8.6,1.8,359.0,0,100,32.0,1014.9,False,ECMWF
2026-02-14T21:00:00Z,Landshut_OCGT,-9.2,4.3,267.0,0,16.0,62.0,1012.7,True,ACTUAL
2026-02-14T21:00:00Z,Nordsee_Wind,-7.1,10.9,286.0,0,55.0,63.0,1010.2,False,ECMWF
2026-02-14T21:00:00Z,Augsburg_Solar,-5.5,4.0,312.0,0,29.0,79.0,1011.0,False,GFS
2026-02-14T22:00:00Z,Karlsruhe_CCGT,-4.2,4.5,120.0,0,78.0,83.0,1011.4,True,ECMWF
2026-02-14T22:00:00Z,Landshut_OCGT,-3.6,0,309.0,0,37.0,68.0,1017.9,False,GFS
2026-02-14T22:00:00Z,Nordsee_Wind,-8.9,3.8,154.0,0,90.0,99.0,1006.8,True,ECMWF
2026-02-14T22:00:00Z,Augsburg_Solar,-3.7,3.2,351.0,0,29.0,84.0,1004.4,True,ECMWF
2026-02-14T23:00:00Z,Karlsruhe_CCGT,-5.9,7.3,103.0,0,34.0,57.0,1018.6,False,ACTUAL
2026-02-14T23:00:00Z,Landshut_OCGT,-2.4,3.6,237.0,0,8.0,41.0,1020.7,True,GFS
2026-02-14T23:00:00Z,Nordsee_Wind,-0.8,8.9,180.0,0,12.0,51.0,1001.2,True,ECMWF
2026-02-14T23:00:00Z,Augsburg_Solar,-5.8,2.2,265.0,0,57.0,91.0,1007.5,True,GFS
2026-02-15T00:00:00Z,Karlsruhe_CCGT,-0.9,6.9,235.0,0,11.0,67.0,1009.3,True,ECMWF
2026-02-15T00:00:00Z,Landshut_OCGT,-0.3,0,217.0,0,55.0,52.0,1014.6,True,ACTUAL
2026-02-15T00:00:00Z,Nordsee_Wind,-3.2,8.3,264.0,0,21.0,83.0,1001.3,True,GFS
2026-02-15T00:00:00Z,Augsburg_Solar,-1.3,0.0,189.0,0,46.0,52.0,1007.1,True,ACTUAL
2026-02-15T01:00:00Z,Karlsruhe_CCGT,5.5,2.9,285.0,0,26.0,68.0,1017.4,True,GFS
2026-02-15T01:00:00Z,Landshut_OCGT,-2.3,6.9,26.0,0,42.0,89.0,1007.5,False,ACTUAL
2026-02-15T01:00:00Z,Nordsee_Wind,-1.4,10.1,4.0,0,12.0,75.0,1017.1,True,GFS
2026-02-15T01:00:00Z,Augsburg_Solar,0.5,9.1,57.0,0,47.0,61.0,1009.7,True,ECMWF
2026-02-15T02:00:00Z,Karlsruhe_CCGT,0.7,5.7,104.0,0,64.0,44.0,1012.0,False,GFS
2026-02-15T02:00:00Z,Landshut_OCGT,1.6,9.1,185.0,0,85.0,72.0,1016.5,True,ECMWF
2026-02-15T02:00:00Z,Nordsee_Wind,7.2,6.9,115.0,0,70.0,72.0,1000.3,False,ECMWF
2026-02-15T02:00:00Z,Augsburg_Solar,0.2,2.9,221.0,0,83.0,67.0,1024.5,False,GFS
2026-02-15T03:00:00Z,Karlsruhe_CCGT,-2.8,4.6,296.0,0,64.0,41.0,1006.2,False,ACTUAL
2026-02-15T03:00:00Z,Landshut_OCGT,3.6,3.2,28.0,0,71.0,55.0,1007.4,True,ACTUAL
2026-02-15T03:00:00Z,Nordsee_Wind,-1.6,10.7,336.0,0,15.0,64.0,1009.5,True,GFS
2026-02-15T03:00:00Z,Augsburg_Solar,3.6,4.3,26.0,0,49.0,48.0,1012.9,True,ECMWF
2026-02-15T04:00:00Z,Karlsruhe_CCGT,-1.1,9.5,64.0,0,64.0,34.0,1009.2,False,GFS
2026-02-15T04:00:00Z,Landshut_OCGT,2.4,6.9,210.0,0,10.0,65.0,1020.3,True,GFS
2026-02-15T04:00:00Z,Nordsee_Wind,4.9,9.2,246.0,0,45.0,55.0,1009.3,False,GFS
2026-02-15T04:00:00Z,Augsburg_Solar,5.2,2.8,71.0,0,62.0,41.0,1017.1,False,ECMWF
2026-02-15T05:00:00Z,Karlsruhe_CCGT,8.0,0,334.0,0,73.0,40.0,1017.9,False,ECMWF
2026-02-15T05:00:00Z,Landshut_OCGT,2.7,6.3,151.0,0,55.0,49.0,1011.9,True,ECMWF
2026-02-15T05:00:00Z,Nordsee_Wind,-0.6,2.7,194.0,0,91.0,80.0,1006.1,False,ACTUAL
2026-02-15T05:00:00Z,Augsburg_Solar,6.0,1.6,179.0,0,55.0,92.0,1007.9,True,GFS
2026-02-15T06:00:00Z,Karlsruhe_CCGT,0.5,4.1,178.0,0,32.0,43.0,1015.2,False,ACTUAL
2026-02-15T06:00:00Z,Landshut_OCGT,1.7,6.6,331.0,0,44.0,44.0,1019.6,True,ACTUAL
2026-02-15T06:00:00Z,Nordsee_Wind,1.5,8.4,194.0,0,55.0,52.0,1007.7,False,ACTUAL
2026-02-15T06:00:00Z,Augsburg_Solar,4.7,0,44.0,0,32.0,82.0,1030.1,False,ACTUAL
2026-02-15T07:00:00Z,Karlsruhe_CCGT,5.4,0,17.0,0,55.0,67.0,1015.1,False,ACTUAL
2026-02-15T07:00:00Z,Landshut_OCGT,0.9,0,138.0,0,55.0,62.0,1005.5,False,ACTUAL
2026-02-15T07:00:00Z,Nordsee_Wind,7.3,5.2,286.0,0,48.0,36.0,1009.3,True,GFS
2026-02-15T07:00:00Z,Augsburg_Solar,4.5,4.7,86.0,124.0,48.0,63.0,1014.2,True,ACTUAL
2026-02-15T08:00:00Z,Karlsruhe_CCGT,-3.5,0.8,299.0,0,40.0,45.0,1030.0,True,GFS
2026-02-15T08:00:00Z,Landshut_OCGT,4.9,8.9,111.0,0,69.0,40.0,1011.7,True,GFS
2026-02-15T08:00:00Z,Nordsee_Wind,-0.3,5.9,314.0,0,60.0,71.0,1026.5,True,ACTUAL
2026-02-15T08:00:00Z,Augsburg_Solar,9.1,0,80.0,154.0,94.0,83.0,993.3,False,ECMWF
2026-02-15T09:00:00Z,Karlsruhe_CCGT,4.0,6.0,334.0,0,20.0,68.0,1006.0,False,ACTUAL
2026-02-15T09:00:00Z,Landshut_OCGT,4.8,7.9,203.0,0,35.0,58.0,1018.2,True,GFS
2026-02-15T09:00:00Z,Nordsee_Wind,3.8,2.1,118.0,0,43.0,67.0,1018.5,False,GFS
2026-02-15T09:00:00Z,Augsburg_Solar,-4.2,0.5,17.0,189.0,24.0,67.0,1019.8,True,ECMWF
2026-02-15T10:00:00Z,Karlsruhe_CCGT,0.3,3.2,129.0,0,41.0,70.0,1013.8,True,GFS
2026-02-15T10:00:00Z,Landshut_OCGT,1.0,4.2,182.0,0,93.0,61.0,1012.0,True,ACTUAL
2026-02-15T10:00:00Z,Nordsee_Wind,-2.9,5.5,87.0,0,17.0,69.0,1011.6,False,ACTUAL
2026-02-15T10:00:00Z,Augsburg_Solar,-3.4,7.5,245.0,301.0,43.0,95.0,1000.6,True,GFS
2026-02-15T11:00:00Z,Karlsruhe_CCGT,-0.3,6.5,190.0,0,51.0,79.0,1021.6,False,ACTUAL
2026-02-15T11:00:00Z,Landshut_OCGT,-3.5,3.6,212.0,0,80.0,60.0,1009.5,True,ECMWF
2026-02-15T11:00:00Z,Nordsee_Wind,1.2,6.3,192.0,0,21.0,44.0,1017.9,True,GFS
2026-02-15T11:00:00Z,Augsburg_Solar,6.0,7.1,251.0,377.0,25.0,98.0,1031.5,True,GFS
2026-02-15T12:00:00Z,Karlsruhe_CCGT,-0.8,8.1,73.0,0,0,71.0,1006.9,False,ECMWF
2026-02-15T12:00:00Z,Landshut_OCGT,-3.3,4.3,7.0,0,73.0,76.0,1010.2,False,GFS
2026-02-15T12:00:00Z,Nordsee_Wind,2.6,5.0,343.0,0,31.0,77.0,1008.2,False,GFS
2026-02-15T12:00:00Z,Augsburg_Solar,0.5,0,346.0,358.0,37.0,78.0,1021.2,False,GFS
2026-02-15T13:00:00Z,Karlsruhe_CCGT,-1.2,4.9,337.0,0,20.0,66.0,989.6,True,ACTUAL
2026-02-15T13:00:00Z,Landshut_OCGT,-4.6,3.4,241.0,0,41.0,59.0,1022.2,True,GFS
2026-02-15T13:00:00Z,Nordsee_Wind,1.3,8.6,346.0,0,65.0,50.0,1011.8,True,ECMWF
2026-02-15T13:00:00Z,Augsburg_Solar,-5.1,3.1,149.0,503.0,31.0,46.0,1014.3,True,ECMWF
2026-02-15T14:00:00Z,Karlsruhe_CCGT,-0.5,3.5,241.0,0,38.0,20,1012.1,False,GFS
2026-02-15T14:00:00Z,Landshut_OCGT,-3.2,3.4,297.0,0,62.0,75.0,1004.0,True,ECMWF
2026-02-15T14:00:00Z,Nordsee_Wind,-3.5,9.1,354.0,0,60.0,52.0,1013.6,True,ACTUAL
2026-02-15T14:00:00Z,Augsburg_Solar,-0.3,9.9,263.0,511.0,53.0,52.0,1020.5,False,GFS
2026-02-15T15:00:00Z,Karlsruhe_CCGT,-6.1,4.8,6.0,0,50.0,67.0,1002.3,False,ACTUAL
2026-02-15T15:00:00Z,Landshut_OCGT,-6.3,0.7,1.0,0,80.0,61.0,1027.9,False,ACTUAL
2026-02-15T15:00:00Z,Nordsee_Wind,-9.1,8.4,340.0,0,20.0,41.0,1014.6,False,ACTUAL
2026-02-15T15:00:00Z,Augsburg_Solar,-3.3,4.1,52.0,411.0,1.0,66.0,1006.3,False,GFS
2026-02-15T16:00:00Z,Karlsruhe_CCGT,-8.1,1.6,316.0,0,61.0,51.0,1020.8,True,GFS
2026-02-15T16:00:00Z,Landshut_OCGT,-5.0,8.5,179.0,0,55.0,95.0,1009.9,True,ACTUAL
2026-02-15T16:00:00Z,Nordsee_Wind,-1.2,11.8,172.0,0,100,64.0,1007.9,True,ACTUAL
2026-02-15T16:00:00Z,Augsburg_Solar,-3.4,5.9,315.0,468.0,79.0,60.0,1011.7,True,GFS
2026-02-15T17:00:00Z,Karlsruhe_CCGT,-4.1,1.8,359.0,0,13.0,63.0,998.3,True,GFS
2026-02-15T17:00:00Z,Landshut_OCGT,-5.3,1.4,246.0,0,100,82.0,1015.0,False,ACTUAL
2026-02-15T17:00:00Z,Nordsee_Wind,-6.8,5.7,152.0,0,55.0,54.0,997.7,True,ACTUAL
2026-02-15T17:00:00Z,Augsburg_Solar,-7.6,0,157.0,151.0,84.0,51.0,1030.1,True,ACTUAL
2026-02-15T18:00:00Z,Karlsruhe_CCGT,-4.0,5.2,35.0,0,63.0,86.0,1006.4,True,GFS
2026-02-15T18:00:00Z,Landshut_OCGT,-3.1,4.1,207.0,0,40.0,51.0,1013.1,False,ACTUAL
2026-02-15T18:00:00Z,Nordsee_Wind,-4.4,10.2,150.0,0,70.0,77.0,1025.9,True,ECMWF
2026-02-15T18:00:00Z,Augsburg_Solar,-5.2,2.4,360.0,166.0,28.0,35.0,1013.0,False,ECMWF
2026-02-15T19:00:00Z,Karlsruhe_CCGT,-7.6,5.5,360.0,0,49.0,61.0,1003.5,False,GFS
2026-02-15T19:00:00Z,Landshut_OCGT,-1.0,2.9,131.0,0,57.0,76.0,1014.2,False,ECMWF
2026-02-15T19:00:00Z,Nordsee_Wind,-5.1,4.7,190.0,0,21.0,58.0,1016.8,False,GFS
2026-02-15T19:00:00Z,Augsburg_Solar,-8.0,0.1,64.0,129.0,24.0,61.0,1004.3,True,ACTUAL
2026-02-15T20:00:00Z,Karlsruhe_CCGT,-10.0,8.6,304.0,0,62.0,73.0,1025.6,False,ECMWF
2026-02-15T20:00:00Z,Landshut_OCGT,-5.2,0,312.0,0,60.0,64.0,1003.9,True,GFS
2026-02-15T20:00:00Z,Nordsee_Wind,-3.8,3.6,322.0,0,37.0,58.0,1032.4,False,ACTUAL
2026-02-15T20:00:00Z,Augsburg_Solar,-3.7,0,170.0,0.0,57.0,66.0,1011.4,False,ACTUAL
2026-02-15T21:00:00Z,Karlsruhe_CCGT,-2.8,3.4,123.0,0,69.0,62.0,1015.4,False,ECMWF
2026-02-15T21:00:00Z,Landshut_OCGT,-2.8,6.4,61.0,0,87.0,70.0,1015.4,True,ACTUAL
2026-02-15T21:00:00Z,Nordsee_Wind,-4.7,12.4,155.0,0,93.0,76.0,1021.3,False,ECMWF
2026-02-15T21:00:00Z,Augsburg_Solar,-10.0,4.4,263.0,0,4.0,72.0,1023.7,False,GFS
2026-02-15T22:00:00Z,Karlsruhe_CCGT,-0.7,1.5,182.0,0,59.0,70.0,1020.6,True,ECMWF
2026-02-15T22:00:00Z,Landshut_OCGT,-0.4,0.4,201.0,0,80.0,85.0,1002.0,True,ACTUAL
2026-02-15T22:00:00Z,Nordsee_Wind,-4.8,8.0,261.0,0,54.0,79.0,1012.2,True,GFS
2026-02-15T22:00:00Z,Augsburg_Solar,-6.2,10.4,265.0,0,59.0,58.0,1020.6,False,ECMWF
2026-02-15T23:00:00Z,Karlsruhe_CCGT,0.0,5.6,263.0,0,36.0,62.0,997.3,False,GFS
2026-02-15T23:00:00Z,Landshut_OCGT,-0.2,7.5,21.0,0,28.0,90.0,1025.3,False,ECMWF
2026-02-15T23:00:00Z,Nordsee_Wind,-3.4,4.6,331.0,0,39.0,58.0,1014.4,False,GFS
2026-02-15T23:00:00Z,Augsburg_Solar,-2.5,3.0,233.0,0,36.0,74.0,1012.3,False,ACTUAL
2026-02-16T00:00:00Z,Karlsruhe_CCGT,-3.3,3.3,111.0,0,43.0,73.0,1016.0,True,GFS
2026-02-16T00:00:00Z,Landshut_OCGT,-0.7,4.2,288.0,0,63.0,89.0,991.4,False,ECMWF
2026-02-16T00:00:00Z,Nordsee_Wind,1.3,6.9,47.0,0,2.0,95.0,1007.0,False,ECMWF
2026-02-16T00:00:00Z,Augsburg_Solar,0.1,1.5,287.0,0,53.0,80.0,1022.1,False,GFS
2026-02-16T01:00:00Z,Karlsruhe_CCGT,5.2,0.7,19.0,0,50.0,51.0,1020.0,True,ECMWF
2026-02-16T01:00:00Z,Landshut_OCGT,1.4,1.2,331.0,0,68.0,69.0,1012.7,False,ACTUAL
2026-02-16T01:00:00Z,Nordsee_Wind,-3.1,9.1,138.0,0,48.0,63.0,1010.3,False,ECMWF
2026-02-16T01:00:00Z,Augsburg_Solar,7.0,1.8,338.0,0,74.0,72.0,1023.8,False,GFS
2026-02-16T02:00:00Z,Karlsruhe_CCGT,0.4,0,23.0,0,69.0,54.0,1013.0,False,ACTUAL
2026-02-16T02:00:00Z,Landshut_OCGT,-0.1,4.7,242.0,0,71.0,66.0,1012.0,True,GFS
2026-02-16T02:00:00Z,Nordsee_Wind,8.0,6.5,119.0,0,56.0,66.0,1003.3,True,GFS
2026-02-16T02:00:00Z,Augsburg_Solar,2.2,2.3,57.0,0,48.0,78.0,1020.2,True,GFS
2026-02-16T03:00:00Z,Karlsruhe_CCGT,6.5,4.5,148.0,0,53.0,75.0,992.2,False,GFS
2026-02-16T03:00:00Z,Landshut_OCGT,2.6,3.7,19.0,0,27.0,72.0,1007.2,True,ECMWF
2026-02-16T03:00:00Z,Nordsee_Wind,7.7,6.8,38.0,0,91.0,71.0,1006.3,False,ECMWF
2026-02-16T03:00:00Z,Augsburg_Solar,-5.7,0,141.0,0,47.0,43.0,1033.7,False,ECMWF
2026-02-16T04:00:00Z,Karlsruhe_CCGT,4.7,4.6,326.0,0,87.0,81.0,1013.6,False,ECMWF
2026-02-16T04:00:00Z,Landshut_OCGT,-2.9,3.3,239.0,0,78.0,74.0,1022.4,False,ECMWF
2026-02-16T04:00:00Z,Nordsee_Wind,1.4,5.3,340.0,0,100,76.0,1012.7,True,ECMWF
2026-02-16T04:00:00Z,Augsburg_Solar,2.2,2.6,34.0,0,64.0,69.0,1013.4,False,ECMWF
2026-02-16T05:00:00Z,Karlsruhe_CCGT,6.7,0.2,299.0,0,20.0,75.0,1018.8,True,ACTUAL
2026-02-16T05:00:00Z,Landshut_OCGT,3.2,0,254.0,0,0,63.0,1020.1,False,GFS
2026-02-16T05:00:00Z,Nordsee_Wind,2.2,10.1,261.0,0,73.0,58.0,1022.2,False,GFS
2026-02-16T05:00:00Z,Augsburg_Solar,2.7,2.3,134.0,0,0,52.0,1016.0,False,GFS
2026-02-16T06:00:00Z,Karlsruhe_CCGT,6.6,1.1,326.0,0,77.0,60.0,1027.6,False,GFS
2026-02-16T06:00:00Z,Landshut_OCGT,10.5,0,109.0,0,71.0,66.0,1015.7,True,ACTUAL
2026-02-16T06:00:00Z,Nordsee_Wind,9.7,9.4,179.0,0,52.0,91.0,1016.7,True,ECMWF
2026-02-16T06:00:00Z,Augsburg_Solar,3.4,1.0,192.0,0,56.0,57.0,1016.8,False,ACTUAL
2026-02-16T07:00:00Z,Karlsruhe_CCGT,1.0,2.0,1.0,0,65.0,62.0,996.5,False,ACTUAL
2026-02-16T07:00:00Z,Landshut_OCGT,9.9,5.8,200.0,0,28.0,81.0,1015.8,True,ECMWF
2026-02-16T07:00:00Z,Nordsee_Wind,2.5,9.1,243.0,0,54.0,76.0,1002.7,False,ACTUAL
2026-02-16T07:00:00Z,Augsburg_Solar,6.1,2.2,333.0,123.0,41.0,58.0,1008.4,True,GFS
2026-02-16T08:00:00Z,Karlsruhe_CCGT,6.4,0,171.0,0,94.0,54.0,1016.6,False,ECMWF
2026-02-16T08:00:00Z,Landshut_OCGT,1.7,6.1,321.0,0,73.0,79.0,1020.1,True,ECMWF
2026-02-16T08:00:00Z,Nordsee_Wind,4.7,4.9,198.0,0,76.0,77.0,1003.1,True,GFS
2026-02-16T08:00:00Z,Augsburg_Solar,2.9,3.2,287.0,139.0,1.0,69.0,1010.9,False,ECMWF
2026-02-16T09:00:00Z,Karlsruhe_CCGT,3.9,2.3,48.0,0,0,80.0,1026.4,False,GFS
2026-02-16T09:00:00Z,Landshut_OCGT,4.3,7.8,245.0,0,50.0,72.0,1000.4,False,ECMWF
2026-02-16T09:00:00Z,Nordsee_Wind,0.2,6.4,273.0,0,33.0,92.0,1007.2,False,ACTUAL
2026-02-16T09:00:00Z,Augsburg_Solar,5.0,0.5,54.0,266.0,74.0,67.0,1012.0,True,ACTUAL
2026-02-16T10:00:00Z,Karlsruhe_CCGT,2.2,1.2,274.0,0,63.0,69.0,1005.0,False,ACTUAL
2026-02-16T10:00:00Z,Landshut_OCGT,1.4,1.5,79.0,0,62.0,73.0,1020.5,True,ACTUAL
2026-02-16T10:00:00Z,Nordsee_Wind,-2.1,8.1,121.0,0,26.0,43.0,1020.0,True,ECMWF
2026-02-16T10:00:00Z,Augsburg_Solar,-2.8,2.0,117.0,440.0,53.0,67.0,1015.8,True,ECMWF
2026-02-16T11:00:00Z,Karlsruhe_CCGT,-0.9,6.9,82.0,0,7.0,65.0,1014.1,False,ACTUAL
2026-02-16T11:00:00Z,Landshut_OCGT,-0.3,6.2,352.0,0,80.0,51.0,1017.8,False,GFS
2026-02-16T11:00:00Z,Nordsee_Wind,0.9,2.2,232.0,0,49.0,43.0,1006.2,False,ECMWF
2026-02-16T11:00:00Z,Augsburg_Solar,5.2,1.5,135.0,391.0,61.0,49.0,1008.7,True,ACTUAL
2026-02-16T12:00:00Z,Karlsruhe_CCGT,-1.6,1.4,353.0,0,66.0,84.0,1020.4,False,ECMWF
2026-02-16T12:00:00Z,Landshut_OCGT,1.6,0.6,170.0,0,14.0,79.0,1021.3,True,GFS
2026-02-16T12:00:00Z,Nordsee_Wind,-2.4,12.1,94.0,0,57.0,34.0,1016.2,True,ACTUAL
2026-02-16T12:00:00Z,Augsburg_Solar,-2.3,5.4,64.0,494.0,29.0,70.0,1025.1,True,ACTUAL
2026-02-16T13:00:00Z,Karlsruhe_CCGT,5.4,4.2,296.0,0,47.0,63.0,1008.8,True,ACTUAL
2026-02-16T13:00:00Z,Landshut_OCGT,1.8,0,123.0,0,76.0,66.0,1011.5,True,ECMWF
2026-02-16T13:00:00Z,Nordsee_Wind,-6.8,6.9,100.0,0,12.0,84.0,1018.9,False,ACTUAL
2026-02-16T13:00:00Z,Augsburg_Solar,-4.9,4.0,93.0,219.0,18.0,58.0,1017.5,True,ACTUAL
2026-02-16T14:00:00Z,Karlsruhe_CCGT,-0.9,5.8,176.0,0,53.0,68.0,1012.6,False,GFS
2026-02-16T14:00:00Z,Landshut_OCGT,-0.1,1.5,15.0,0,39.0,41.0,1007.2,False,ECMWF
2026-02-16T14:00:00Z,Nordsee_Wind,4.9,9.5,241.0,0,51.0,70.0,1025.2,True,ECMWF
2026-02-16T14:00:00Z,Augsburg_Solar,-6.8,5.0,175.0,363.0,44.0,61.0,1007.5,True,GFS
2026-02-16T15:00:00Z,Karlsruhe_CCGT,-0.3,0.9,185.0,0,87.0,48.0,1000.4,True,GFS
2026-02-16T15:00:00Z,Landshut_OCGT,-2.4,0.9,287.0,0,100,96.0,1015.1,True,ECMWF
2026-02-16T15:00:00Z,Nordsee_Wind,-4.7,6.1,0.0,0,79.0,61.0,1010.3,False,ACTUAL
2026-02-16T15:00:00Z,Augsburg_Solar,0.6,0,140.0,493.0,67.0,68.0,1004.9,True,GFS
2026-02-16T16:00:00Z,Karlsruhe_CCGT,-1.5,2.5,54.0,0,88.0,70.0,1007.4,False,ACTUAL
2026-02-16T16:00:00Z,Landshut_OCGT,-2.7,0,99.0,0,44.0,61.0,999.8,False,ECMWF
2026-02-16T16:00:00Z,Nordsee_Wind,-5.9,8.8,236.0,0,60.0,45.0,1024.9,False,ACTUAL
2026-02-16T16:00:00Z,Augsburg_Solar,-6.1,1.4,202.0,335.0,37.0,64.0,1025.7,False,GFS
2026-02-16T17:00:00Z,Karlsruhe_CCGT,-6.3,7.6,167.0,0,71.0,59.0,1021.0,True,ACTUAL
2026-02-16T17:00:00Z,Landshut_OCGT,-7.8,0,345.0,0,63.0,91.0,1027.3,False,GFS
2026-02-16T17:00:00Z,Nordsee_Wind,-4.1,10.8,264.0,0,42.0,60.0,1011.5,True,ACTUAL
2026-02-16T17:00:00Z,Augsburg_Solar,-6.2,7.3,31.0,164.0,51.0,76.0,1013.5,True,GFS
2026-02-16T18:00:00Z,Karlsruhe_CCGT,-2.1,3.3,331.0,0,45.0,98.0,1021.3,False,ECMWF
2026-02-16T18:00:00Z,Landshut_OCGT,-5.6,7.7,278.0,0,29.0,73.0,1023.7,False,GFS
2026-02-16T18:00:00Z,Nordsee_Wind,-2.1,10.5,336.0,0,42.0,68.0,994.2,True,ACTUAL
2026-02-16T18:00:00Z,Augsburg_Solar,-3.8,3.0,99.0,234.0,7.0,62.0,1010.9,True,ECMWF
2026-02-16T19:00:00Z,Karlsruhe_CCGT,-2.0,2.6,281.0,0,25.0,93.0,1022.5,True,ECMWF
2026-02-16T19:00:00Z,Landshut_OCGT,-7.5,5.4,252.0,0,38.0,44.0,1006.3,True,ECMWF
2026-02-16T19:00:00Z,Nordsee_Wind,-1.8,6.9,287.0,0,76.0,89.0,1011.8,True,ECMWF
2026-02-16T19:00:00Z,Augsburg_Solar,-5.9,0,13.0,78.0,67.0,55.0,1013.9,False,GFS
2026-02-16T20:00:00Z,Karlsruhe_CCGT,-3.6,7.1,179.0,0,42.0,65.0,1025.4,True,ACTUAL
2026-02-16T20:00:00Z,Landshut_OCGT,-8.6,2.7,67.0,0,0,72.0,1012.3,False,ECMWF
2026-02-16T20:00:00Z,Nordsee_Wind,-0.4,9.2,318.0,0,29.0,72.0,1003.8,True,GFS
2026-02-16T20:00:00Z,Augsburg_Solar,-5.7,3.0,305.0,0.0,35.0,44.0,1013.6,False,ACTUAL
2026-02-16T21:00:00Z,Karlsruhe_CCGT,-1.5,2.0,270.0,0,40.0,36.0,1006.3,True,ACTUAL
2026-02-16T21:00:00Z,Landshut_OCGT,-5.8,8.3,240.0,0,42.0,71.0,1015.5,False,ECMWF
2026-02-16T21:00:00Z,Nordsee_Wind,-7.9,7.7,135.0,0,61.0,69.0,1007.7,False,GFS
2026-02-16T21:00:00Z,Augsburg_Solar,2.9,1.0,92.0,0,53.0,58.0,1003.5,False,GFS
2026-02-16T22:00:00Z,Karlsruhe_CCGT,-1.5,3.8,187.0,0,84.0,67.0,1012.7,False,ACTUAL
2026-02-16T22:00:00Z,Landshut_OCGT,-3.7,0.2,213.0,0,0,61.0,1008.5,True,GFS
2026-02-16T22:00:00Z,Nordsee_Wind,-0.5,4.0,256.0,0,64.0,61.0,986.4,False,ACTUAL
2026-02-16T22:00:00Z,Augsburg_Solar,1.0,2.7,145.0,0,42.0,72.0,1015.2,False,GFS
2026-02-16T23:00:00Z,Karlsruhe_CCGT,3.8,0,288.0,0,36.0,66.0,1009.4,True,ACTUAL
2026-02-16T23:00:00Z,Landshut_OCGT,5.0,0,192.0,0,43.0,66.0,1011.4,True,GFS
2026-02-16T23:00:00Z,Nordsee_Wind,4.7,9.6,72.0,0,63.0,43.0,1019.6,False,GFS
2026-02-16T23:00:00Z,Augsburg_Solar,-5.8,0,144.0,0,50.0,62.0,1012.2,True,GFS
2026-02-17T00:00:00Z,Karlsruhe_CCGT,-1.2,3.7,352.0,0,31.0,52.0,1016.8,True,ACTUAL
2026-02-17T00:00:00Z,Landshut_OCGT,-1.5,2.3,160.0,0,95.0,75.0,1014.0,True,ACTUAL
2026-02-17T00:00:00Z,Nordsee_Wind,-0.8,7.4,120.0,0,38.0,45.0,1025.9,True,GFS
2026-02-17T00:00:00Z,Augsburg_Solar,8.8,4.9,253.0,0,3.0,78.0,1007.7,True,ECMWF
2026-02-17T01:00:00Z,Karlsruhe_CCGT,-3.2,1.3,47.0,0,59.0,44.0,1009.4,False,GFS
2026-02-17T01:00:00Z,Landshut_OCGT,0.7,4.5,47.0,0,31.0,89.0,1009.5,False,ACTUAL
2026-02-17T01:00:00Z,Nordsee_Wind,-2.3,7.9,357.0,0,60.0,83.0,1018.8,False,GFS
2026-02-17T01:00:00Z,Augsburg_Solar,-2.8,0,44.0,0,53.0,59.0,1026.4,True,ACTUAL
2026-02-17T02:00:00Z,Karlsruhe_CCGT,3.4,4.2,217.0,0,54.0,75.0,1018.4,True,ECMWF
2026-02-17T02:00:00Z,Landshut_OCGT,3.4,3.7,2.0,0,17.0,59.0,1003.2,False,ECMWF
2026-02-17T02:00:00Z,Nordsee_Wind,-3.3,6.8,49.0,0,43.0,75.0,1009.7,True,GFS
2026-02-17T02:00:00Z,Augsburg_Solar,0.8,2.4,165.0,0,65.0,57.0,1026.7,False,ACTUAL
2026-02-17T03:00:00Z,Karlsruhe_CCGT,0.2,1.5,241.0,0,73.0,33.0,1020.0,True,ECMWF
2026-02-17T03:00:00Z,Landshut_OCGT,1.9,5.7,300.0,0,24.0,38.0,1016.9,True,ECMWF
2026-02-17T03:00:00Z,Nordsee_Wind,1.6,7.2,24.0,0,75.0,60.0,1018.2,False,ECMWF
2026-02-17T03:00:00Z,Augsburg_Solar,7.8,3.3,336.0,0,72.0,69.0,1002.4,False,ECMWF
2026-02-17T04:00:00Z,Karlsruhe_CCGT,4.9,3.6,280.0,0,77.0,76.0,1008.3,False,GFS
2026-02-17T04:00:00Z,Landshut_OCGT,3.6,2.1,213.0,0,76.0,41.0,1005.8,False,GFS
2026-02-17T04:00:00Z,Nordsee_Wind,6.1,2.8,241.0,0,46.0,74.0,1017.8,True,GFS
2026-02-17T04:00:00Z,Augsburg_Solar,5.4,3.7,223.0,0,46.0,67.0,1028.0,True,GFS
2026-02-17T05:00:00Z,Karlsruhe_CCGT,2.1,1.2,98.0,0,60.0,72.0,997.1,False,ECMWF
2026-02-17T05:00:00Z,Landshut_OCGT,8.5,1.0,10.0,0,20.0,55.0,1023.7,True,ECMWF
2026-02-17T05:00:00Z,Nordsee_Wind,9.4,7.1,51.0,0,30.0,54.0,1001.4,False,GFS
2026-02-17T05:00:00Z,Augsburg_Solar,7.3,2.0,150.0,0,15.0,51.0,1009.5,False,ACTUAL
2026-02-17T06:00:00Z,Karlsruhe_CCGT,-2.3,1.6,293.0,0,28.0,65.0,1014.0,True,ACTUAL
2026-02-17T06:00:00Z,Landshut_OCGT,4.9,4.5,151.0,0,62.0,49.0,1009.8,True,ACTUAL
2026-02-17T06:00:00Z,Nordsee_Wind,10.0,3.6,347.0,0,76.0,100,1005.4,True,ECMWF
2026-02-17T06:00:00Z,Augsburg_Solar,9.1,0.1,116.0,0,52.0,49.0,1016.9,True,GFS
2026-02-17T07:00:00Z,Karlsruhe_CCGT,3.5,8.0,246.0,0,51.0,81.0,1014.0,True,ECMWF
2026-02-17T07:00:00Z,Landshut_OCGT,10.6,8.9,285.0,0,92.0,79.0,1017.0,False,ACTUAL
2026-02-17T07:00:00Z,Nordsee_Wind,1.8,6.0,11.0,0,62.0,75.0,1008.5,True,ACTUAL
2026-02-17T07:00:00Z,Augsburg_Solar,1.6,2.5,72.0,119.0,6.0,82.0,1006.8,True,GFS
2026-02-17T08:00:00Z,Karlsruhe_CCGT,0.7,7.1,42.0,0,12.0,34.0,1004.5,True,ECMWF
2026-02-17T08:00:00Z,Landshut_OCGT,-5.1,4.5,214.0,0,41.0,64.0,1014.3,True,ECMWF
2026-02-17T08:00:00Z,Nordsee_Wind,-0.1,10.3,69.0,0,55.0,49.0,1009.8,False,ACTUAL
2026-02-17T08:00:00Z,Augsburg_Solar,5.4,0,293.0,80.0,66.0,60.0,1011.0,False,ECMWF
2026-02-17T09:00:00Z,Karlsruhe_CCGT,2.3,2.0,202.0,0,45.0,67.0,1023.1,True,ECMWF
2026-02-17T09:00:00Z,Landshut_OCGT,5.8,2.6,88.0,0,87.0,48.0,1016.4,True,ACTUAL
2026-02-17T09:00:00Z,Nordsee_Wind,2.4,5.7,139.0,0,61.0,58.0,1010.7,True,GFS
2026-02-17T09:00:00Z,Augsburg_Solar,2.2,5.5,102.0,154.0,80.0,30.0,1008.7,False,ACTUAL
2026-02-17T10:00:00Z,Karlsruhe_CCGT,0.4,2.7,113.0,0,58.0,79.0,1010.9,True,GFS
2026-02-17T10:00:00Z,Landshut_OCGT,4.5,1.0,147.0,0,19.0,60.0,1018.1,False,ECMWF
2026-02-17T10:00:00Z,Nordsee_Wind,-1.9,10.2,154.0,0,19.0,56.0,1004.4,True,ACTUAL
2026-02-17T10:00:00Z,Augsburg_Solar,0.9,6.4,60.0,310.0,68.0,78.0,1017.2,False,ECMWF
2026-02-17T11:00:00Z,Karlsruhe_CCGT,1.7,1.2,172.0,0,60.0,70.0,1018.2,True,ACTUAL
2026-02-17T11:00:00Z,Landshut_OCGT,1.3,1.3,261.0,0,43.0,58.0,1020.7,True,ACTUAL
2026-02-17T11:00:00Z,Nordsee_Wind,-1.3,5.2,168.0,0,43.0,76.0,1004.1,False,ECMWF
2026-02-17T11:00:00Z,Augsburg_Solar,-2.4,4.6,96.0,488.0,54.0,78.0,1010.2,False,ACTUAL
2026-02-17T12:00:00Z,Karlsruhe_CCGT,-2.0,7.9,212.0,0,75.0,51.0,1001.1,False,ECMWF
2026-02-17T12:00:00Z,Landshut_OCGT,3.9,4.3,271.0,0,100,51.0,991.6,True,ECMWF
2026-02-17T12:00:00Z,Nordsee_Wind,-8.6,7.3,266.0,0,46.0,69.0,1011.4,False,ACTUAL
2026-02-17T12:00:00Z,Augsburg_Solar,-2.4,2.6,261.0,381.0,21.0,69.0,1012.9,False,ACTUAL
2026-02-17T13:00:00Z,Karlsruhe_CCGT,1.4,6.9,345.0,0,56.0,63.0,1018.8,True,GFS
2026-02-17T13:00:00Z,Landshut_OCGT,-3.0,2.8,51.0,0,81.0,61.0,1016.1,False,ACTUAL
2026-02-17T13:00:00Z,Nordsee_Wind,-3.3,8.3,209.0,0,23.0,68.0,1012.3,True,ACTUAL
2026-02-17T13:00:00Z,Augsburg_Solar,-0.5,7.0,125.0,324.0,65.0,60.0,1010.3,False,GFS
2026-02-17T14:00:00Z,Karlsruhe_CCGT,-3.7,2.9,136.0,0,71.0,80.0,1004.8,True,ACTUAL
2026-02-17T14:00:00Z,Landshut_OCGT,-1.4,5.9,336.0,0,17.0,79.0,999.6,True,ACTUAL
2026-02-17T14:00:00Z,Nordsee_Wind,-4.5,4.4,115.0,0,48.0,86.0,1004.3,True,ECMWF
2026-02-17T14:00:00Z,Augsburg_Solar,-3.4,3.5,96.0,344.0,100,52.0,1005.6,False,ACTUAL
2026-02-17T15:00:00Z,Karlsruhe_CCGT,-8.2,0,163.0,0,66.0,77.0,1012.8,True,ACTUAL
2026-02-17T15:00:00Z,Landshut_OCGT,-3.5,5.9,228.0,0,53.0,37.0,1025.8,True,GFS
2026-02-17T15:00:00Z,Nordsee_Wind,-4.9,10.8,324.0,0,83.0,85.0,1002.8,True,ACTUAL
2026-02-17T15:00:00Z,Augsburg_Solar,3.4,0,55.0,286.0,39.0,79.0,1012.3,False,ACTUAL
2026-02-17T16:00:00Z,Karlsruhe_CCGT,-4.8,0.1,266.0,0,72.0,44.0,1007.9,False,GFS
2026-02-17T16:00:00Z,Landshut_OCGT,-6.2,1.2,114.0,0,32.0,82.0,1014.0,False,GFS
2026-02-17T16:00:00Z,Nordsee_Wind,-5.7,6.5,229.0,0,22.0,47.0,1023.8,True,GFS
2026-02-17T16:00:00Z,Augsburg_Solar,-8.7,1.8,237.0,205.0,32.0,60.0,1004.6,True,GFS
2026-02-17T17:00:00Z,Karlsruhe_CCGT,-2.5,0,190.0,0,63.0,74.0,1022.0,False,ECMWF
2026-02-17T17:00:00Z,Landshut_OCGT,-2.2,3.1,332.0,0,31.0,75.0,1002.7,False,ECMWF
2026-02-17T17:00:00Z,Nordsee_Wind,-4.9,7.5,171.0,0,49.0,69.0,1038.4,False,ECMWF
2026-02-17T17:00:00Z,Augsburg_Solar,-7.0,0.0,168.0,279.0,27.0,53.0,1034.8,True,ACTUAL
2026-02-17T18:00:00Z,Karlsruhe_CCGT,-10.0,4.4,109.0,0,12.0,80.0,1017.9,False,ACTUAL
2026-02-17T18:00:00Z,Landshut_OCGT,-5.5,5.2,249.0,0,38.0,73.0,1005.2,True,GFS
2026-02-17T18:00:00Z,Nordsee_Wind,-8.7,5.0,139.0,0,40.0,39.0,1015.0,False,GFS
2026-02-17T18:00:00Z,Augsburg_Solar,-11.2,6.7,209.0,106.0,58.0,63.0,1007.7,True,ECMWF
2026-02-17T19:00:00Z,Karlsruhe_CCGT,-3.8,2.8,296.0,0,45.0,75.0,1017.2,True,ECMWF
2026-02-17T19:00:00Z,Landshut_OCGT,-5.0,0.6,195.0,0,36.0,51.0,1014.5,True,ACTUAL
2026-02-17T19:00:00Z,Nordsee_Wind,-6.0,7.5,15.0,0,25.0,60.0,989.9,True,ECMWF
2026-02-17T19:00:00Z,Augsburg_Solar,-3.2,5.1,328.0,43.0,74.0,82.0,1021.8,False,ACTUAL
2026-02-17T20:00:00Z,Karlsruhe_CCGT,-9.2,2.0,299.0,0,35.0,51.0,1005.4,True,ECMWF
2026-02-17T20:00:00Z,Landshut_OCGT,-8.8,1.5,48.0,0,57.0,69.0,1010.7,True,ECMWF
2026-02-17T20:00:00Z,Nordsee_Wind,-5.2,9.0,94.0,0,49.0,37.0,1009.2,True,GFS
2026-02-17T20:00:00Z,Augsburg_Solar,-1.6,2.9,269.0,0.0,89.0,47.0,1003.0,True,GFS
2026-02-17T21:00:00Z,Karlsruhe_CCGT,-5.3,4.9,131.0,0,45.0,85.0,1010.0,False,GFS
2026-02-17T21:00:00Z,Landshut_OCGT,-6.5,1.0,328.0,0,54.0,80.0,998.1,True,GFS
2026-02-17T21:00:00Z,Nordsee_Wind,-5.4,5.2,104.0,0,24.0,81.0,1021.6,True,GFS
2026-02-17T21:00:00Z,Augsburg_Solar,-1.6,1.6,108.0,0,39.0,65.0,1024.7,True,GFS
2026-02-17T22:00:00Z,Karlsruhe_CCGT,-2.2,0,85.0,0,79.0,65.0,1013.8,False,ACTUAL
2026-02-17T22:00:00Z,Landshut_OCGT,-6.7,2.1,114.0,0,33.0,70.0,1003.3,True,ECMWF
2026-02-17T22:00:00Z,Nordsee_Wind,-2.7,5.6,106.0,0,54.0,75.0,1019.1,True,ACTUAL
2026-02-17T22:00:00Z,Augsburg_Solar,-9.1,4.4,195.0,0,60.0,60.0,1019.4,True,ACTUAL
2026-02-17T23:00:00Z,Karlsruhe_CCGT,-2.0,7.0,255.0,0,10.0,67.0,1009.6,False,ACTUAL
2026-02-17T23:00:00Z,Landshut_OCGT,-3.7,2.1,255.0,0,15.0,47.0,1012.4,True,ECMWF
2026-02-17T23:00:00Z,Nordsee_Wind,-2.6,7.5,339.0,0,47.0,92.0,1009.9,True,ACTUAL
2026-02-17T23:00:00Z,Augsburg_Solar,-3.3,1.7,266.0,0,42.0,67.0,1023.7,True,ECMWF
2026-02-18T00:00:00Z,Karlsruhe_CCGT,-0.3,4.4,331.0,0,51.0,67.0,1016.4,False,ECMWF
2026-02-18T00:00:00Z,Landshut_OCGT,-0.7,9.2,51.0,0,22.0,59.0,1000.4,False,GFS
2026-02-18T00:00:00Z,Nordsee_Wind,-5.0,13.3,350.0,0,75.0,47.0,1010.9,True,ECMWF
2026-02-18T00:00:00Z,Augsburg_Solar,0.3,3.8,74.0,0,18.0,100,1008.3,True,GFS
2026-02-18T01:00:00Z,Karlsruhe_CCGT,-1.6,1.2,324.0,0,88.0,65.0,997.1,False,ACTUAL
2026-02-18T01:00:00Z,Landshut_OCGT,4.3,0,223.0,0,75.0,53.0,1012.3,False,GFS
2026-02-18T01:00:00Z,Nordsee_Wind,1.2,7.3,351.0,0,100,60.0,1006.2,False,GFS
2026-02-18T01:00:00Z,Augsburg_Solar,2.1,3.2,166.0,0,47.0,71.0,1003.5,True,GFS
2026-02-18T02:00:00Z,Karlsruhe_CCGT,-4.9,7.7,206.0,0,78.0,69.0,1007.9,False,ACTUAL
2026-02-18T02:00:00Z,Landshut_OCGT,-2.3,0,30.0,0,29.0,53.0,1008.5,True,ECMWF
2026-02-18T02:00:00Z,Nordsee_Wind,-0.2,5.6,142.0,0,58.0,76.0,1029.9,False,GFS
2026-02-18T02:00:00Z,Augsburg_Solar,-0.2,5.7,248.0,0,33.0,83.0,1015.6,False,ECMWF
2026-02-18T03:00:00Z,Karlsruhe_CCGT,6.7,1.8,291.0,0,52.0,53.0,1011.0,True,ACTUAL
2026-02-18T03:00:00Z,Landshut_OCGT,10.6,0,179.0,0,3.0,55.0,1016.5,False,GFS
2026-02-18T03:00:00Z,Nordsee_Wind,4.7,10.5,130.0,0,21.0,73.0,1014.0,True,ECMWF
2026-02-18T03:00:00Z,Augsburg_Solar,0.1,0,180.0,0,84.0,96.0,1002.7,True,ECMWF
2026-02-18T04:00:00Z,Karlsruhe_CCGT,2.6,2.1,89.0,0,40.0,73.0,1010.6,True,GFS
2026-02-18T04:00:00Z,Landshut_OCGT,-0.8,3.3,199.0,0,40.0,68.0,1002.0,True,ECMWF
2026-02-18T04:00:00Z,Nordsee_Wind,-1.6,9.3,13.0,0,29.0,44.0,1009.3,False,GFS
2026-02-18T04:00:00Z,Augsburg_Solar,2.4,4.6,278.0,0,35.0,35.0,1012.6,False,ECMWF
2026-02-18T05:00:00Z,Karlsruhe_CCGT,6.2,4.7,28.0,0,60.0,47.0,1017.0,False,ECMWF
2026-02-18T05:00:00Z,Landshut_OCGT,8.1,0,84.0,0,41.0,52.0,1014.6,True,GFS
2026-02-18T05:00:00Z,Nordsee_Wind,3.4,8.8,256.0,0,59.0,75.0,1016.8,False,ECMWF
2026-02-18T05:00:00Z,Augsburg_Solar,8.5,2.7,213.0,0,18.0,44.0,1003.3,True,ACTUAL
2026-02-18T06:00:00Z,Karlsruhe_CCGT,10.1,1.0,131.0,0,63.0,100,1011.6,False,GFS
2026-02-18T06:00:00Z,Landshut_OCGT,4.6,0,352.0,0,70.0,70.0,1011.5,True,ECMWF
2026-02-18T06:00:00Z,Nordsee_Wind,2.9,11.8,351.0,0,39.0,57.0,1028.2,True,ACTUAL
2026-02-18T06:00:00Z,Augsburg_Solar,4.8,0.1,4.0,0,55.0,62.0,1010.3,False,ECMWF
2026-02-18T07:00:00Z,Karlsruhe_CCGT,1.1,0,22.0,0,78.0,82.0,1003.4,False,ECMWF
2026-02-18T07:00:00Z,Landshut_OCGT,9.5,0,168.0,0,37.0,81.0,1005.3,True,GFS
2026-02-18T07:00:00Z,Nordsee_Wind,6.3,13.6,72.0,0,60.0,69.0,1007.6,False,ECMWF
2026-02-18T07:00:00Z,Augsburg_Solar,6.6,0,226.0,80.0,47.0,86.0,998.4,True,ECMWF
2026-02-18T08:00:00Z,Karlsruhe_CCGT,3.2,0.2,27.0,0,51.0,76.0,1024.0,True,ECMWF
2026-02-18T08:00:00Z,Landshut_OCGT,3.2,5.0,194.0,0,20.0,75.0,1005.7,True,ECMWF
2026-02-18T08:00:00Z,Nordsee_Wind,7.7,8.2,209.0,0,90.0,74.0,1019.4,True,GFS
2026-02-18T08:00:00Z,Augsburg_Solar,9.0,3.2,284.0,113.0,9.0,52.0,993.9,False,ECMWF
2026-02-18T09:00:00Z,Karlsruhe_CCGT,1.3,2.7,272.0,0,36.0,44.0,1027.3,False,ECMWF
2026-02-18T09:00:00Z,Landshut_OCGT,2.6,0.2,4.0,0,32.0,100,1019.1,False,ECMWF
2026-02-18T09:00:00Z,Nordsee_Wind,5.0,10.2,181.0,0,48.0,58.0,1016.3,False,GFS
2026-02-18T09:00:00Z,Augsburg_Solar,5.0,6.5,162.0,364.0,72.0,65.0,1024.4,True,GFS
2026-02-18T10:00:00Z,Karlsruhe_CCGT,3.6,4.5,198.0,0,72.0,56.0,1012.2,False,GFS
2026-02-18T10:00:00Z,Landshut_OCGT,1.4,2.7,43.0,0,40.0,51.0,990.4,True,ACTUAL
2026-02-18T10:00:00Z,Nordsee_Wind,1.2,12.6,204.0,0,62.0,57.0,1016.5,True,GFS
2026-02-18T10:00:00Z,Augsburg_Solar,1.3,7.3,281.0,147.0,79.0,56.0,1013.7,True,ACTUAL
2026-02-18T11:00:00Z,Karlsruhe_CCGT,1.9,0,12.0,0,49.0,87.0,1005.3,True,ACTUAL
2026-02-18T11:00:00Z,Landshut_OCGT,-1.0,4.2,37.0,0,8.0,50.0,1018.6,False,ECMWF
2026-02-18T11:00:00Z,Nordsee_Wind,4.8,12.6,134.0,0,44.0,54.0,1019.9,True,ACTUAL
2026-02-18T11:00:00Z,Augsburg_Solar,-4.8,4.7,41.0,414.0,38.0,79.0,1011.1,True,ECMWF
2026-02-18T12:00:00Z,Karlsruhe_CCGT,-2.6,3.1,244.0,0,16.0,70.0,1020.2,True,GFS
2026-02-18T12:00:00Z,Landshut_OCGT,-2.1,7.0,124.0,0,75.0,51.0,1019.3,True,ACTUAL
2026-02-18T12:00:00Z,Nordsee_Wind,0.4,6.8,317.0,0,25.0,52.0,1011.4,False,ACTUAL
2026-02-18T12:00:00Z,Augsburg_Solar,0.4,7.5,5.0,378.0,51.0,73.0,1015.9,True,GFS
2026-02-18T13:00:00Z,Karlsruhe_CCGT,-4.8,0,182.0,0,82.0,61.0,1012.3,True,GFS
2026-02-18T13:00:00Z,Landshut_OCGT,-1.0,1.3,127.0,0,16.0,77.0,1020.3,False,GFS
2026-02-18T13:00:00Z,Nordsee_Wind,-0.7,1.9,186.0,0,25.0,33.0,1003.7,True,ACTUAL
2026-02-18T13:00:00Z,Augsburg_Solar,0.9,9.4,95.0,181.0,64.0,64.0,1019.8,True,ACTUAL
2026-02-18T14:00:00Z,Karlsruhe_CCGT,-5.8,5.2,190.0,0,64.0,81.0,1019.8,True,ECMWF
2026-02-18T14:00:00Z,Landshut_OCGT,0.3,4.1,244.0,0,79.0,35.0,1008.4,True,ECMWF
2026-02-18T14:00:00Z,Nordsee_Wind,-1.4,12.3,79.0,0,25.0,51.0,1012.8,True,ACTUAL
2026-02-18T14:00:00Z,Augsburg_Solar,1.2,6.7,286.0,379.0,62.0,70.0,1028.8,True,GFS
2026-02-18T15:00:00Z,Karlsruhe_CCGT,0.3,4.7,114.0,0,59.0,32.0,1016.4,False,ACTUAL
2026-02-18T15:00:00Z,Landshut_OCGT,-10.5,1.3,59.0,0,32.0,34.0,1021.3,True,ACTUAL
2026-02-18T15:00:00Z,Nordsee_Wind,-3.8,10.2,154.0,0,12.0,76.0,1007.8,False,ECMWF
2026-02-18T15:00:00Z,Augsburg_Solar,-1.3,2.1,190.0,444.0,61.0,52.0,1011.7,True,GFS
2026-02-18T16:00:00Z,Karlsruhe_CCGT,-7.4,4.7,137.0,0,49.0,73.0,1008.9,True,GFS
2026-02-18T16:00:00Z,Landshut_OCGT,-1.4,4.0,169.0,0,100,54.0,1013.7,True,GFS
2026-02-18T16:00:00Z,Nordsee_Wind,-4.1,10.8,176.0,0,46.0,20,1010.3,True,ECMWF
2026-02-18T16:00:00Z,Augsburg_Solar,-3.5,4.7,230.0,412.0,41.0,65.0,1020.3,False,GFS
2026-02-18T17:00:00Z,Karlsruhe_CCGT,-3.8,0,143.0,0,29.0,68.0,1003.8,True,ACTUAL
2026-02-18T17:00:00Z,Landshut_OCGT,-7.6,1.9,147.0,0,41.0,61.0,1026.1,False,ECMWF
2026-02-18T17:00:00Z,Nordsee_Wind,-8.6,8.0,180.0,0,32.0,65.0,1006.1,True,ACTUAL
2026-02-18T17:00:00Z,Augsburg_Solar,-4.0,3.6,206.0,342.0,20.0,55.0,1027.9,False,GFS
2026-02-18T18:00:00Z,Karlsruhe_CCGT,-5.8,0.8,313.0,0,100,69.0,1031.6,False,ACTUAL
2026-02-18T18:00:00Z,Landshut_OCGT,-2.5,2.1,94.0,0,50.0,53.0,1019.5,True,ACTUAL
2026-02-18T18:00:00Z,Nordsee_Wind,-7.0,9.0,216.0,0,33.0,79.0,1009.0,True,GFS
2026-02-18T18:00:00Z,Augsburg_Solar,-7.7,5.5,173.0,174.0,54.0,74.0,1017.8,False,ECMWF
2026-02-18T19:00:00Z,Karlsruhe_CCGT,-4.3,4.9,137.0,0,44.0,71.0,1008.2,True,ECMWF
2026-02-18T19:00:00Z,Landshut_OCGT,-0.5,4.4,70.0,0,40.0,73.0,1034.2,True,ACTUAL
2026-02-18T19:00:00Z,Nordsee_Wind,-9.3,10.1,118.0,0,50.0,55.0,991.3,False,ACTUAL
2026-02-18T19:00:00Z,Augsburg_Solar,-3.2,9.0,345.0,73.0,4.0,52.0,1016.8,True,GFS
2026-02-18T20:00:00Z,Karlsruhe_CCGT,-6.5,2.3,52.0,0,100,82.0,1008.0,True,ACTUAL
2026-02-18T20:00:00Z,Landshut_OCGT,-4.6,2.8,315.0,0,37.0,77.0,1017.5,False,ACTUAL
2026-02-18T20:00:00Z,Nordsee_Wind,-4.5,11.5,134.0,0,100,92.0,1017.3,True,ECMWF
2026-02-18T20:00:00Z,Augsburg_Solar,-2.0,9.2,132.0,0.0,76.0,65.0,1028.0,False,ECMWF
2026-02-18T21:00:00Z,Karlsruhe_CCGT,-7.2,6.5,190.0,0,66.0,47.0,1017.4,True,ECMWF
2026-02-18T21:00:00Z,Landshut_OCGT,-6.6,0,67.0,0,57.0,58.0,1010.7,True,GFS
2026-02-18T21:00:00Z,Nordsee_Wind,-3.0,8.5,262.0,0,40.0,72.0,1027.8,False,GFS
2026-02-18T21:00:00Z,Augsburg_Solar,-4.9,2.5,156.0,0,43.0,57.0,1017.5,False,ECMWF
2026-02-18T22:00:00Z,Karlsruhe_CCGT,-0.5,7.4,248.0,0,47.0,43.0,1025.0,False,ACTUAL
2026-02-18T22:00:00Z,Landshut_OCGT,-1.7,1.9,57.0,0,44.0,45.0,989.4,False,ACTUAL
2026-02-18T22:00:00Z,Nordsee_Wind,-4.3,9.7,15.0,0,78.0,68.0,1015.2,True,ACTUAL
2026-02-18T22:00:00Z,Augsburg_Solar,-2.3,5.3,310.0,0,83.0,85.0,1011.4,False,ACTUAL
2026-02-18T23:00:00Z,Karlsruhe_CCGT,-3.8,1.3,352.0,0,25.0,57.0,1007.4,False,GFS
2026-02-18T23:00:00Z,Landshut_OCGT,0.5,1.8,219.0,0,46.0,70.0,1010.6,False,GFS
2026-02-18T23:00:00Z,Nordsee_Wind,-2.1,9.2,6.0,0,78.0,94.0,1013.2,True,ECMWF
2026-02-18T23:00:00Z,Augsburg_Solar,-5.3,5.5,331.0,0,99.0,80.0,1011.7,True,GFS
2026-02-19T00:00:00Z,Karlsruhe_CCGT,-2.8,5.3,34.0,0,49.0,53.0,995.3,True,ECMWF
2026-02-19T00:00:00Z,Landshut_OCGT,-1.9,2.7,136.0,0,45.0,74.0,1012.2,False,ACTUAL
2026-02-19T00:00:00Z,Nordsee_Wind,3.2,9.3,68.0,0,56.0,92.0,1006.2,False,ACTUAL
2026-02-19T00:00:00Z,Augsburg_Solar,2.6,2.5,283.0,0,64.0,71.0,1006.7,False,GFS
2026-02-19T01:00:00Z,Karlsruhe_CCGT,1.2,1.1,43.0,0,37.0,59.0,1024.5,False,ECMWF
2026-02-19T01:00:00Z,Landshut_OCGT,5.4,4.5,287.0,0,49.0,83.0,1013.4,False,ACTUAL
2026-02-19T01:00:00Z,Nordsee_Wind,-1.0,7.1,11.0,0,85.0,49.0,1002.2,True,ECMWF
2026-02-19T01:00:00Z,Augsburg_Solar,2.3,1.0,291.0,0,18.0,83.0,997.5,False,ACTUAL
2026-02-19T02:00:00Z,Karlsruhe_CCGT,2.5,2.1,215.0,0,53.0,60.0,1020.9,True,ECMWF
2026-02-19T02:00:00Z,Landshut_OCGT,3.0,2.0,13.0,0,70.0,44.0,1025.1,True,ECMWF
2026-02-19T02:00:00Z,Nordsee_Wind,7.3,8.1,41.0,0,27.0,59.0,1012.7,False,ACTUAL
2026-02-19T02:00:00Z,Augsburg_Solar,3.2,1.7,139.0,0,89.0,43.0,1014.0,False,GFS
2026-02-19T03:00:00Z,Karlsruhe_CCGT,3.1,0,253.0,0,49.0,61.0,1015.2,False,ECMWF
2026-02-19T03:00:00Z,Landshut_OCGT,2.8,4.4,305.0,0,55.0,98.0,1010.3,True,ACTUAL
2026-02-19T03:00:00Z,Nordsee_Wind,5.0,4.7,181.0,0,52.0,56.0,1007.2,True,ACTUAL
2026-02-19T03:00:00Z,Augsburg_Solar,7.5,7.2,229.0,0,62.0,64.0,1022.4,False,GFS
2026-02-19T04:00:00Z,Karlsruhe_CCGT,1.6,2.9,148.0,0,64.0,86.0,1030.2,False,GFS
2026-02-19T04:00:00Z,Landshut_OCGT,8.1,4.4,22.0,0,75.0,42.0,1009.7,True,ACTUAL
2026-02-19T04:00:00Z,Nordsee_Wind,-0.3,3.5,67.0,0,54.0,81.0,1029.0,True,ECMWF
2026-02-19T04:00:00Z,Augsburg_Solar,2.3,1.6,206.0,0,87.0,56.0,1005.3,False,GFS
2026-02-19T05:00:00Z,Karlsruhe_CCGT,8.6,5.9,244.0,0,71.0,64.0,1023.3,False,ACTUAL
2026-02-19T05:00:00Z,Landshut_OCGT,3.1,3.3,357.0,0,72.0,93.0,1005.0,True,ECMWF
2026-02-19T05:00:00Z,Nordsee_Wind,5.9,5.8,346.0,0,70.0,73.0,1019.5,True,ACTUAL
2026-02-19T05:00:00Z,Augsburg_Solar,7.3,4.5,137.0,0,40.0,93.0,1026.4,True,GFS
2026-02-19T06:00:00Z,Karlsruhe_CCGT,1.8,4.0,67.0,0,69.0,83.0,998.4,False,ACTUAL
2026-02-19T06:00:00Z,Landshut_OCGT,5.2,0,233.0,0,47.0,54.0,1000.4,False,ECMWF
2026-02-19T06:00:00Z,Nordsee_Wind,3.0,5.3,323.0,0,54.0,69.0,1017.3,False,ACTUAL
2026-02-19T06:00:00Z,Augsburg_Solar,4.9,1.1,238.0,0,42.0,97.0,1007.9,True,ECMWF
2026-02-19T07:00:00Z,Karlsruhe_CCGT,-0.3,0,76.0,0,39.0,49.0,1029.8,False,GFS
2026-02-19T07:00:00Z,Landshut_OCGT,5.2,3.4,154.0,0,33.0,59.0,998.5,False,ECMWF
2026-02-19T07:00:00Z,Nordsee_Wind,14.1,0.7,351.0,0,40.0,82.0,1005.7,False,ECMWF
2026-02-19T07:00:00Z,Augsburg_Solar,6.6,4.0,138.0,103.0,39.0,66.0,1013.9,False,ACTUAL
2026-02-19T08:00:00Z,Karlsruhe_CCGT,3.8,7.3,58.0,0,51.0,54.0,1014.7,True,ECMWF
2026-02-19T08:00:00Z,Landshut_OCGT,3.1,8.3,314.0,0,59.0,75.0,996.5,False,ACTUAL
2026-02-19T08:00:00Z,Nordsee_Wind,4.2,8.7,153.0,0,39.0,76.0,1018.9,False,GFS
2026-02-19T08:00:00Z,Augsburg_Solar,9.8,3.1,133.0,196.0,15.0,86.0,1010.4,True,GFS
2026-02-19T09:00:00Z,Karlsruhe_CCGT,-1.9,0,70.0,0,49.0,93.0,1020.5,True,GFS
2026-02-19T09:00:00Z,Landshut_OCGT,8.9,3.4,277.0,0,92.0,72.0,1010.5,False,ECMWF
2026-02-19T09:00:00Z,Nordsee_Wind,4.8,7.1,20.0,0,97.0,60.0,996.9,False,ACTUAL
2026-02-19T09:00:00Z,Augsburg_Solar,5.9,5.3,150.0,281.0,64.0,56.0,1011.6,True,GFS
2026-02-19T10:00:00Z,Karlsruhe_CCGT,2.3,0,143.0,0,41.0,83.0,1011.2,True,ECMWF
2026-02-19T10:00:00Z,Landshut_OCGT,0.9,5.2,23.0,0,25.0,85.0,1016.4,True,ACTUAL
2026-02-19T10:00:00Z,Nordsee_Wind,1.6,9.6,131.0,0,46.0,69.0,997.2,False,ECMWF
2026-02-19T10:00:00Z,Augsburg_Solar,-1.3,2.3,61.0,303.0,67.0,60.0,1002.7,True,ECMWF
2026-02-19T11:00:00Z,Karlsruhe_CCGT,1.0,5.8,277.0,0,70.0,50.0,1025.2,False,ECMWF
2026-02-19T11:00:00Z,Landshut_OCGT,0.9,0.2,88.0,0,73.0,42.0,1017.7,False,ECMWF
2026-02-19T11:00:00Z,Nordsee_Wind,-2.5,13.4,275.0,0,26.0,68.0,1015.9,False,GFS
2026-02-19T11:00:00Z,Augsburg_Solar,-7.0,4.4,119.0,307.0,20.0,91.0,1017.4,False,ACTUAL
2026-02-19T12:00:00Z,Karlsruhe_CCGT,-6.2,0,355.0,0,76.0,83.0,1017.6,True,GFS
2026-02-19T12:00:00Z,Landshut_OCGT,0.3,4.6,40.0,0,56.0,71.0,1021.8,False,GFS
2026-02-19T12:00:00Z,Nordsee_Wind,-4.3,5.5,39.0,0,39.0,71.0,1038.1,False,ECMWF
2026-02-19T12:00:00Z,Augsburg_Solar,-2.1,2.0,199.0,445.0,49.0,68.0,1001.9,True,ACTUAL
2026-02-19T13:00:00Z,Karlsruhe_CCGT,-5.8,0,21.0,0,18.0,69.0,1026.8,False,ACTUAL
2026-02-19T13:00:00Z,Landshut_OCGT,-4.0,4.2,350.0,0,78.0,65.0,1024.1,True,GFS
2026-02-19T13:00:00Z,Nordsee_Wind,-4.6,6.9,295.0,0,44.0,55.0,1020.5,False,GFS
2026-02-19T13:00:00Z,Augsburg_Solar,2.1,3.4,297.0,365.0,53.0,68.0,997.3,True,ACTUAL
2026-02-19T14:00:00Z,Karlsruhe_CCGT,1.4,1.6,143.0,0,38.0,73.0,1027.7,False,GFS
2026-02-19T14:00:00Z,Landshut_OCGT,4.6,3.5,152.0,0,90.0,45.0,996.9,True,ECMWF
2026-02-19T14:00:00Z,Nordsee_Wind,-5.3,5.2,83.0,0,70.0,44.0,1016.4,False,GFS
2026-02-19T14:00:00Z,Augsburg_Solar,-9.4,3.2,56.0,541.0,46.0,59.0,1013.6,False,ACTUAL
2026-02-19T15:00:00Z,Karlsruhe_CCGT,-6.1,3.2,143.0,0,56.0,77.0,1004.3,True,GFS
2026-02-19T15:00:00Z,Landshut_OCGT,-7.8,2.4,185.0,0,77.0,94.0,1012.5,True,ACTUAL
2026-02-19T15:00:00Z,Nordsee_Wind,-6.3,2.8,272.0,0,54.0,68.0,1000.5,False,GFS
2026-02-19T15:00:00Z,Augsburg_Solar,-1.2,5.1,334.0,211.0,61.0,70.0,1013.9,True,GFS
2026-02-19T16:00:00Z,Karlsruhe_CCGT,-3.2,2.3,240.0,0,32.0,89.0,1002.5,False,ACTUAL
2026-02-19T16:00:00Z,Landshut_OCGT,-4.1,3.5,161.0,0,100,46.0,1019.1,True,GFS
2026-02-19T16:00:00Z,Nordsee_Wind,-3.8,17.0,69.0,0,25.0,40.0,1017.6,False,GFS
2026-02-19T16:00:00Z,Augsburg_Solar,-6.1,4.9,192.0,409.0,40.0,57.0,1019.4,False,GFS
2026-02-19T17:00:00Z,Karlsruhe_CCGT,-3.3,6.5,67.0,0,53.0,75.0,999.0,False,GFS
2026-02-19T17:00:00Z,Landshut_OCGT,-8.0,0,266.0,0,43.0,90.0,1015.8,True,GFS
2026-02-19T17:00:00Z,Nordsee_Wind,-5.9,7.5,236.0,0,35.0,78.0,1014.7,True,GFS
2026-02-19T17:00:00Z,Augsburg_Solar,-8.7,5.4,80.0,374.0,42.0,73.0,1005.1,True,ACTUAL
2026-02-19T18:00:00Z,Karlsruhe_CCGT,-4.6,1.8,304.0,0,37.0,55.0,1017.1,True,ACTUAL
2026-02-19T18:00:00Z,Landshut_OCGT,-6.5,1.0,221.0,0,66.0,57.0,1003.4,True,ECMWF
2026-02-19T18:00:00Z,Nordsee_Wind,-3.5,4.9,177.0,0,27.0,70.0,999.6,False,ACTUAL
2026-02-19T18:00:00Z,Augsburg_Solar,-5.9,5.9,99.0,167.0,17.0,71.0,1012.0,True,ECMWF
2026-02-19T19:00:00Z,Karlsruhe_CCGT,-2.5,3.2,177.0,0,47.0,52.0,1001.4,True,ECMWF
2026-02-19T19:00:00Z,Landshut_OCGT,-4.7,0,171.0,0,38.0,88.0,1009.2,True,GFS
2026-02-19T19:00:00Z,Nordsee_Wind,-4.4,9.2,358.0,0,58.0,47.0,1005.7,True,ACTUAL
2026-02-19T19:00:00Z,Augsburg_Solar,-3.4,0,58.0,44.0,39.0,58.0,1003.0,False,ECMWF
2026-02-19T20:00:00Z,Karlsruhe_CCGT,-6.2,6.6,142.0,0,18.0,46.0,997.0,False,ECMWF
2026-02-19T20:00:00Z,Landshut_OCGT,-7.9,0,37.0,0,84.0,59.0,1012.4,True,ACTUAL
2026-02-19T20:00:00Z,Nordsee_Wind,-2.7,6.9,186.0,0,76.0,74.0,1010.2,True,ACTUAL
2026-02-19T20:00:00Z,Augsburg_Solar,-0.2,0.2,127.0,0.0,64.0,66.0,1001.6,False,ECMWF
2026-02-19T21:00:00Z,Karlsruhe_CCGT,-7.5,8.1,145.0,0,11.0,56.0,1013.9,False,GFS
2026-02-19T21:00:00Z,Landshut_OCGT,-8.8,0,202.0,0,85.0,68.0,1005.8,True,GFS
2026-02-19T21:00:00Z,Nordsee_Wind,-0.3,6.4,123.0,0,59.0,82.0,1013.8,False,ECMWF
2026-02-19T21:00:00Z,Augsburg_Solar,-4.0,2.7,229.0,0,37.0,47.0,1011.3,True,ACTUAL
2026-02-19T22:00:00Z,Karlsruhe_CCGT,-7.1,0,275.0,0,78.0,87.0,1007.0,True,ECMWF
2026-02-19T22:00:00Z,Landshut_OCGT,2.2,0.8,139.0,0,49.0,71.0,1026.4,False,ACTUAL
2026-02-19T22:00:00Z,Nordsee_Wind,-5.3,12.0,24.0,0,81.0,80.0,1012.1,False,ECMWF
2026-02-19T22:00:00Z,Augsburg_Solar,-3.1,3.5,324.0,0,33.0,50.0,1010.6,True,ECMWF
2026-02-19T23:00:00Z,Karlsruhe_CCGT,0.3,6.5,167.0,0,63.0,52.0,1010.0,True,GFS
2026-02-19T23:00:00Z,Landshut_OCGT,-1.7,0,229.0,0,55.0,48.0,1031.6,False,ACTUAL
2026-02-19T23:00:00Z,Nordsee_Wind,-3.1,10.8,150.0,0,22.0,87.0,1017.8,False,GFS
2026-02-19T23:00:00Z,Augsburg_Solar,-3.0,8.1,124.0,0,100,42.0,1013.3,False,ECMWF
2026-02-20T00:00:00Z,Karlsruhe_CCGT,4.6,2.0,40.0,0,38.0,62.0,1005.8,True,ECMWF
2026-02-20T00:00:00Z,Landshut_OCGT,-4.1,6.5,233.0,0,47.0,71.0,1021.1,False,GFS
2026-02-20T00:00:00Z,Nordsee_Wind,-1.2,7.0,224.0,0,61.0,82.0,1022.8,True,ECMWF
2026-02-20T00:00:00Z,Augsburg_Solar,2.5,8.0,359.0,0,52.0,48.0,1030.1,False,GFS
2026-02-20T01:00:00Z,Karlsruhe_CCGT,-0.5,0.2,218.0,0,50.0,80.0,1006.8,False,GFS
2026-02-20T01:00:00Z,Landshut_OCGT,-2.3,5.2,154.0,0,29.0,74.0,1012.4,False,GFS
2026-02-20T01:00:00Z,Nordsee_Wind,2.1,11.4,5.0,0,37.0,61.0,1005.2,False,GFS
2026-02-20T01:00:00Z,Augsburg_Solar,-1.5,0,51.0,0,88.0,100,1017.3,False,GFS
2026-02-20T02:00:00Z,Karlsruhe_CCGT,-1.7,1.8,264.0,0,68.0,60.0,1003.0,True,GFS
2026-02-20T02:00:00Z,Landshut_OCGT,1.1,3.6,13.0,0,74.0,63.0,1026.2,False,ACTUAL
2026-02-20T02:00:00Z,Nordsee_Wind,0.5,10.6,262.0,0,57.0,57.0,1017.5,False,ACTUAL
2026-02-20T02:00:00Z,Augsburg_Solar,3.1,5.1,92.0,0,32.0,46.0,1009.2,True,ACTUAL
2026-02-20T03:00:00Z,Karlsruhe_CCGT,4.5,2.4,291.0,0,81.0,81.0,1005.3,True,GFS
2026-02-20T03:00:00Z,Landshut_OCGT,3.7,0.2,325.0,0,34.0,47.0,1017.6,False,ECMWF
2026-02-20T03:00:00Z,Nordsee_Wind,11.1,11.7,145.0,0,40.0,58.0,1018.9,False,ACTUAL
2026-02-20T03:00:00Z,Augsburg_Solar,-3.0,1.6,156.0,0,100,39.0,1019.3,True,ACTUAL
2026-02-20T04:00:00Z,Karlsruhe_CCGT,5.6,2.2,328.0,0,77.0,57.0,1004.9,False,ECMWF
2026-02-20T04:00:00Z,Landshut_OCGT,6.2,8.0,288.0,0,27.0,70.0,1010.9,True,ECMWF
2026-02-20T04:00:00Z,Nordsee_Wind,-3.6,5.0,273.0,0,84.0,84.0,1015.8,True,GFS
2026-02-20T04:00:00Z,Augsburg_Solar,1.5,3.8,150.0,0,35.0,61.0,999.7,False,ACTUAL
2026-02-20T05:00:00Z,Karlsruhe_CCGT,5.2,0,6.0,0,16.0,88.0,1012.5,True,GFS
2026-02-20T05:00:00Z,Landshut_OCGT,5.1,0.5,26.0,0,100,44.0,1018.7,True,GFS
2026-02-20T05:00:00Z,Nordsee_Wind,4.7,9.1,322.0,0,39.0,56.0,1009.4,False,ACTUAL
2026-02-20T05:00:00Z,Augsburg_Solar,6.1,0.6,83.0,0,58.0,56.0,1011.7,False,ECMWF
2026-02-20T06:00:00Z,Karlsruhe_CCGT,-1.7,3.0,318.0,0,34.0,53.0,1020.2,False,GFS
2026-02-20T06:00:00Z,Landshut_OCGT,2.8,0,58.0,0,41.0,46.0,1021.9,True,ECMWF
2026-02-20T06:00:00Z,Nordsee_Wind,4.7,7.0,272.0,0,52.0,63.0,1009.5,True,ECMWF
2026-02-20T06:00:00Z,Augsburg_Solar,6.5,5.2,98.0,0,77.0,43.0,995.9,True,ECMWF
2026-02-20T07:00:00Z,Karlsruhe_CCGT,0.3,3.9,266.0,0,6.0,66.0,1021.7,False,ECMWF
2026-02-20T07:00:00Z,Landshut_OCGT,3.8,2.2,161.0,0,54.0,84.0,1015.1,False,GFS
2026-02-20T07:00:00Z,Nordsee_Wind,3.8,0.8,2.0,0,61.0,72.0,1018.9,True,ECMWF
2026-02-20T07:00:00Z,Augsburg_Solar,8.5,1.1,332.0,67.0,55.0,42.0,1012.5,False,ECMWF
2026-02-20T08:00:00Z,Karlsruhe_CCGT,6.3,5.0,330.0,0,40.0,81.0,1017.5,False,GFS
2026-02-20T08:00:00Z,Landshut_OCGT,5.4,5.0,9.0,0,24.0,78.0,1003.7,True,GFS
2026-02-20T08:00:00Z,Nordsee_Wind,0.5,11.3,320.0,0,45.0,51.0,1007.5,True,GFS
2026-02-20T08:00:00Z,Augsburg_Solar,3.4,8.7,96.0,88.0,34.0,36.0,1020.2,True,GFS
2026-02-20T09:00:00Z,Karlsruhe_CCGT,-4.6,2.4,105.0,0,15.0,76.0,1015.8,True,ACTUAL
2026-02-20T09:00:00Z,Landshut_OCGT,5.2,4.1,274.0,0,88.0,60.0,998.9,True,ACTUAL
2026-02-20T09:00:00Z,Nordsee_Wind,-2.7,4.1,292.0,0,91.0,59.0,1026.5,True,ECMWF
2026-02-20T09:00:00Z,Augsburg_Solar,3.5,3.7,144.0,124.0,0,71.0,1005.7,False,GFS
2026-02-20T10:00:00Z,Karlsruhe_CCGT,1.2,5.7,8.0,0,53.0,87.0,1008.3,False,ACTUAL
2026-02-20T10:00:00Z,Landshut_OCGT,3.3,5.3,209.0,0,91.0,67.0,1010.1,False,ECMWF
2026-02-20T10:00:00Z,Nordsee_Wind,1.4,6.5,255.0,0,24.0,53.0,1028.4,True,ACTUAL
2026-02-20T10:00:00Z,Augsburg_Solar,0.2,3.7,4.0,407.0,58.0,69.0,1009.4,False,ACTUAL
2026-02-20T11:00:00Z,Karlsruhe_CCGT,2.0,3.7,129.0,0,25.0,58.0,1004.6,True,GFS
2026-02-20T11:00:00Z,Landshut_OCGT,0.2,3.7,242.0,0,70.0,48.0,1018.7,True,ACTUAL
2026-02-20T11:00:00Z,Nordsee_Wind,1.5,6.8,12.0,0,63.0,71.0,1018.3,False,GFS
2026-02-20T11:00:00Z,Augsburg_Solar,1.4,5.6,10.0,392.0,71.0,57.0,1011.6,False,ECMWF
2026-02-20T12:00:00Z,Karlsruhe_CCGT,-2.9,1.9,191.0,0,10.0,69.0,1017.0,False,ACTUAL
2026-02-20T12:00:00Z,Landshut_OCGT,-0.9,0,261.0,0,57.0,62.0,1017.8,True,ECMWF
2026-02-20T12:00:00Z,Nordsee_Wind,2.9,7.5,123.0,0,54.0,76.0,1019.9,True,ECMWF
2026-02-20T12:00:00Z,Augsburg_Solar,0.8,2.3,287.0,232.0,61.0,48.0,1021.1,False,ECMWF
2026-02-20T13:00:00Z,Karlsruhe_CCGT,-0.1,0,253.0,0,23.0,68.0,1015.7,True,ECMWF
2026-02-20T13:00:00Z,Landshut_OCGT,-2.4,1.1,250.0,0,50.0,71.0,1009.7,False,ACTUAL
2026-02-20T13:00:00Z,Nordsee_Wind,-0.9,8.5,14.0,0,43.0,69.0,999.9,True,ECMWF
2026-02-20T13:00:00Z,Augsburg_Solar,0.5,7.2,266.0,318.0,75.0,72.0,1016.7,True,ECMWF
2026-02-20T14:00:00Z,Karlsruhe_CCGT,2.0,1.2,6.0,0,19.0,81.0,1022.3,True,GFS
2026-02-20T14:00:00Z,Landshut_OCGT,-1.2,6.0,98.0,0,82.0,69.0,1019.8,False,GFS
2026-02-20T14:00:00Z,Nordsee_Wind,-1.2,5.4,151.0,0,86.0,75.0,1022.9,True,ACTUAL
2026-02-20T14:00:00Z,Augsburg_Solar,-3.0,1.2,308.0,548.0,28.0,67.0,1013.9,True,ACTUAL
2026-02-20T15:00:00Z,Karlsruhe_CCGT,-2.1,1.7,170.0,0,71.0,78.0,1009.6,True,GFS
2026-02-20T15:00:00Z,Landshut_OCGT,-3.5,2.6,227.0,0,10.0,84.0,1014.8,False,ACTUAL
2026-02-20T15:00:00Z,Nordsee_Wind,-7.9,4.8,254.0,0,26.0,40.0,1016.1,True,GFS
2026-02-20T15:00:00Z,Augsburg_Solar,-3.8,4.9,65.0,325.0,84.0,74.0,1006.4,False,ACTUAL
2026-02-20T16:00:00Z,Karlsruhe_CCGT,2.2,7.5,226.0,0,39.0,70.0,1003.4,False,ECMWF
2026-02-20T16:00:00Z,Landshut_OCGT,-6.8,5.6,67.0,0,45.0,63.0,1003.5,True,ACTUAL
2026-02-20T16:00:00Z,Nordsee_Wind,-0.0,9.3,196.0,0,79.0,50.0,998.3,False,ECMWF
2026-02-20T16:00:00Z,Augsburg_Solar,-7.7,2.8,296.0,463.0,7.0,44.0,1006.9,True,GFS
2026-02-20T17:00:00Z,Karlsruhe_CCGT,-8.5,3.8,304.0,0,79.0,30.0,1017.3,False,GFS
2026-02-20T17:00:00Z,Landshut_OCGT,-3.1,0.3,185.0,0,47.0,46.0,1010.7,True,GFS
2026-02-20T17:00:00Z,Nordsee_Wind,-1.4,7.3,130.0,0,100,45.0,1005.9,False,ACTUAL
2026-02-20T17:00:00Z,Augsburg_Solar,-0.8,5.1,135.0,365.0,59.0,33.0,1005.8,False,ECMWF
2026-02-20T18:00:00Z,Karlsruhe_CCGT,-5.2,2.1,94.0,0,57.0,90.0,1010.3,False,ECMWF
2026-02-20T18:00:00Z,Landshut_OCGT,-4.4,2.6,332.0,0,74.0,69.0,1015.5,False,GFS
2026-02-20T18:00:00Z,Nordsee_Wind,-3.6,5.4,81.0,0,33.0,71.0,1022.2,True,ACTUAL
2026-02-20T18:00:00Z,Augsburg_Solar,-10.8,2.4,147.0,88.0,71.0,48.0,1009.6,False,GFS
2026-02-20T19:00:00Z,Karlsruhe_CCGT,-4.4,5.2,195.0,0,50.0,51.0,1016.4,False,ACTUAL
2026-02-20T19:00:00Z,Landshut_OCGT,-3.5,4.9,53.0,0,74.0,70.0,1004.5,False,ECMWF
2026-02-20T19:00:00Z,Nordsee_Wind,-0.7,7.1,164.0,0,56.0,53.0,1018.7,True,ECMWF
2026-02-20T19:00:00Z,Augsburg_Solar,-7.3,0,283.0,118.0,41.0,49.0,1031.7,False,ECMWF
2026-02-20T20:00:00Z,Karlsruhe_CCGT,-5.2,5.5,142.0,0,40.0,92.0,1017.7,False,ACTUAL
2026-02-20T20:00:00Z,Landshut_OCGT,0.1,5.6,241.0,0,57.0,83.0,1020.9,False,GFS
2026-02-20T20:00:00Z,Nordsee_Wind,-4.2,8.5,3.0,0,100,59.0,1012.6,False,ECMWF
2026-02-20T20:00:00Z,Augsburg_Solar,-6.5,4.0,29.0,0.0,41.0,34.0,1008.8,True,ECMWF
2026-02-20T21:00:00Z,Karlsruhe_CCGT,1.6,1.8,276.0,0,24.0,72.0,1017.3,True,ACTUAL
2026-02-20T21:00:00Z,Landshut_OCGT,-3.4,4.5,225.0,0,12.0,74.0,1008.0,True,GFS
2026-02-20T21:00:00Z,Nordsee_Wind,-7.4,9.8,255.0,0,56.0,78.0,1011.8,True,GFS
2026-02-20T21:00:00Z,Augsburg_Solar,-8.4,0.1,296.0,0,59.0,68.0,1033.9,False,ECMWF
2026-02-20T22:00:00Z,Karlsruhe_CCGT,-4.1,5.5,240.0,0,39.0,56.0,1008.7,True,ACTUAL
2026-02-20T22:00:00Z,Landshut_OCGT,0.4,7.4,155.0,0,54.0,69.0,1016.6,True,ACTUAL
2026-02-20T22:00:00Z,Nordsee_Wind,-1.7,4.9,16.0,0,47.0,95.0,1002.2,True,ACTUAL
2026-02-20T22:00:00Z,Augsburg_Solar,-2.0,4.2,186.0,0,14.0,56.0,1013.1,True,ACTUAL
2026-02-20T23:00:00Z,Karlsruhe_CCGT,-1.5,3.5,143.0,0,47.0,53.0,1011.7,False,ECMWF
2026-02-20T23:00:00Z,Landshut_OCGT,-6.6,1.4,300.0,0,41.0,67.0,1015.2,True,ACTUAL
2026-02-20T23:00:00Z,Nordsee_Wind,2.5,5.6,247.0,0,38.0,60.0,1025.9,True,GFS
2026-02-20T23:00:00Z,Augsburg_Solar,5.4,3.2,134.0,0,53.0,83.0,1032.2,True,ACTUAL
2026-02-21T00:00:00Z,Karlsruhe_CCGT,-2.1,2.0,191.0,0,21.0,100,1024.4,False,ECMWF
2026-02-21T00:00:00Z,Landshut_OCGT,-1.1,3.0,255.0,0,38.0,61.0,994.4,True,ACTUAL
2026-02-21T00:00:00Z,Nordsee_Wind,-6.6,12.6,271.0,0,51.0,76.0,1021.6,True,ECMWF
2026-02-21T00:00:00Z,Augsburg_Solar,-0.8,0.3,87.0,0,69.0,61.0,1017.1,True,ECMWF
2026-02-21T01:00:00Z,Karlsruhe_CCGT,3.8,6.2,210.0,0,49.0,35.0,1021.8,False,GFS
2026-02-21T01:00:00Z,Landshut_OCGT,4.9,0,215.0,0,48.0,53.0,1027.2,True,ECMWF
2026-02-21T01:00:00Z,Nordsee_Wind,5.2,9.2,129.0,0,52.0,76.0,1009.3,False,ECMWF
2026-02-21T01:00:00Z,Augsburg_Solar,-1.9,3.3,360.0,0,49.0,81.0,1011.7,True,ECMWF
2026-02-21T02:00:00Z,Karlsruhe_CCGT,5.9,3.3,275.0,0,41.0,77.0,1009.8,False,ACTUAL
2026-02-21T02:00:00Z,Landshut_OCGT,4.3,0,195.0,0,45.0,82.0,1012.7,False,GFS
2026-02-21T02:00:00Z,Nordsee_Wind,-1.7,9.5,58.0,0,46.0,48.0,995.1,False,ACTUAL
2026-02-21T02:00:00Z,Augsburg_Solar,1.9,7.1,76.0,0,10.0,76.0,1017.5,True,GFS
2026-02-21T03:00:00Z,Karlsruhe_CCGT,5.1,5.4,35.0,0,60.0,84.0,1029.4,False,ECMWF
2026-02-21T03:00:00Z,Landshut_OCGT,-1.9,2.5,357.0,0,71.0,49.0,1025.9,True,ECMWF
2026-02-21T03:00:00Z,Nordsee_Wind,0.8,7.9,232.0,0,66.0,57.0,1005.8,False,ECMWF
2026-02-21T03:00:00Z,Augsburg_Solar,0.3,0,49.0,0,39.0,60.0,1014.9,True,ECMWF
2026-02-21T04:00:00Z,Karlsruhe_CCGT,-2.3,6.8,323.0,0,49.0,60.0,1013.8,True,ECMWF
2026-02-21T04:00:00Z,Landshut_OCGT,0.8,2.1,57.0,0,64.0,80.0,1013.9,False,ECMWF
2026-02-21T04:00:00Z,Nordsee_Wind,2.6,9.0,7.0,0,71.0,36.0,1014.6,True,ECMWF
2026-02-21T04:00:00Z,Augsburg_Solar,1.1,1.8,274.0,0,42.0,65.0,1011.8,False,ACTUAL
2026-02-21T05:00:00Z,Karlsruhe_CCGT,6.0,0,198.0,0,77.0,93.0,1013.5,False,ACTUAL
2026-02-21T05:00:00Z,Landshut_OCGT,0.7,4.9,67.0,0,32.0,69.0,1007.7,True,ECMWF
2026-02-21T05:00:00Z,Nordsee_Wind,1.9,6.6,57.0,0,39.0,61.0,1018.2,True,GFS
2026-02-21T05:00:00Z,Augsburg_Solar,2.7,5.7,135.0,0,55.0,86.0,1024.8,False,ACTUAL
2026-02-21T06:00:00Z,Karlsruhe_CCGT,10.0,1.9,84.0,0,27.0,57.0,1013.1,True,GFS
2026-02-21T06:00:00Z,Landshut_OCGT,5.2,6.2,192.0,0,50.0,79.0,1009.0,False,GFS
2026-02-21T06:00:00Z,Nordsee_Wind,8.5,14.5,331.0,0,41.0,71.0,1022.9,True,ECMWF
2026-02-21T06:00:00Z,Augsburg_Solar,9.2,3.8,268.0,0,68.0,57.0,1018.6,False,ECMWF
2026-02-21T07:00:00Z,Karlsruhe_CCGT,2.6,7.5,78.0,0,19.0,47.0,1011.2,True,ECMWF
2026-02-21T07:00:00Z,Landshut_OCGT,5.2,5.1,24.0,0,50.0,48.0,1016.5,True,ACTUAL
2026-02-21T07:00:00Z,Nordsee_Wind,9.2,7.1,205.0,0,89.0,65.0,1023.3,True,GFS
2026-02-21T07:00:00Z,Augsburg_Solar,6.4,0,212.0,88.0,30.0,70.0,1024.1,False,ACTUAL
2026-02-21T08:00:00Z,Karlsruhe_CCGT,6.8,0,114.0,0,88.0,53.0,1003.8,True,GFS
2026-02-21T08:00:00Z,Landshut_OCGT,1.7,0.8,67.0,0,40.0,44.0,1003.0,False,ECMWF
2026-02-21T08:00:00Z,Nordsee_Wind,0.9,8.5,319.0,0,59.0,84.0,1004.4,True,GFS
2026-02-21T08:00:00Z,Augsburg_Solar,6.6,1.5,289.0,127.0,33.0,67.0,1012.4,True,ACTUAL
2026-02-21T09:00:00Z,Karlsruhe_CCGT,2.3,3.1,193.0,0,65.0,56.0,1009.3,False,GFS
2026-02-21T09:00:00Z,Landshut_OCGT,3.6,3.9,228.0,0,73.0,30.0,1015.7,False,ECMWF
2026-02-21T09:00:00Z,Nordsee_Wind,0.7,8.2,289.0,0,45.0,73.0,1011.1,True,GFS
2026-02-21T09:00:00Z,Augsburg_Solar,-6.5,4.3,59.0,216.0,0,70.0,1016.5,False,ECMWF
2026-02-21T10:00:00Z,Karlsruhe_CCGT,3.0,4.6,330.0,0,4.0,69.0,1007.0,True,ECMWF
2026-02-21T10:00:00Z,Landshut_OCGT,-0.4,6.1,342.0,0,100,58.0,1008.3,False,GFS
2026-02-21T10:00:00Z,Nordsee_Wind,-1.7,7.4,118.0,0,75.0,61.0,1012.2,True,ACTUAL
2026-02-21T10:00:00Z,Augsburg_Solar,1.4,2.6,294.0,457.0,24.0,59.0,1023.4,True,ECMWF
2026-02-21T11:00:00Z,Karlsruhe_CCGT,-0.6,1.6,83.0,0,54.0,77.0,1007.0,False,ACTUAL
2026-02-21T11:00:00Z,Landshut_OCGT,-0.4,5.0,341.0,0,36.0,61.0,1007.5,False,ACTUAL
2026-02-21T11:00:00Z,Nordsee_Wind,3.6,4.8,226.0,0,68.0,100,1001.4,True,ECMWF
2026-02-21T11:00:00Z,Augsburg_Solar,0.5,2.1,70.0,512.0,94.0,64.0,1008.2,False,GFS
2026-02-21T12:00:00Z,Karlsruhe_CCGT,-3.5,1.7,158.0,0,86.0,67.0,1013.8,True,GFS
2026-02-21T12:00:00Z,Landshut_OCGT,3.6,0.4,48.0,0,73.0,72.0,1009.2,False,ECMWF
2026-02-21T12:00:00Z,Nordsee_Wind,-3.5,5.6,229.0,0,63.0,62.0,1010.1,False,GFS
2026-02-21T12:00:00Z,Augsburg_Solar,1.2,0,224.0,524.0,49.0,65.0,1005.3,False,GFS
2026-02-21T13:00:00Z,Karlsruhe_CCGT,-5.6,0,358.0,0,56.0,49.0,1002.2,True,GFS
2026-02-21T13:00:00Z,Landshut_OCGT,-2.2,5.6,54.0,0,58.0,92.0,1025.7,True,ACTUAL
2026-02-21T13:00:00Z,Nordsee_Wind,-1.8,7.7,182.0,0,48.0,78.0,1011.4,True,ECMWF
2026-02-21T13:00:00Z,Augsburg_Solar,2.2,3.3,232.0,277.0,73.0,55.0,1011.5,True,ACTUAL
2026-02-21T14:00:00Z,Karlsruhe_CCGT,-2.8,0,294.0,0,64.0,39.0,1010.0,False,ACTUAL
2026-02-21T14:00:00Z,Landshut_OCGT,-1.5,0,3.0,0,51.0,47.0,1022.3,True,ECMWF
2026-02-21T14:00:00Z,Nordsee_Wind,-1.6,6.9,0.0,0,23.0,67.0,1009.0,False,ECMWF
2026-02-21T14:00:00Z,Augsburg_Solar,-3.3,0.8,256.0,399.0,14.0,48.0,1014.7,True,GFS
2026-02-21T15:00:00Z,Karlsruhe_CCGT,-3.6,0,108.0,0,54.0,46.0,1026.1,False,ACTUAL
2026-02-21T15:00:00Z,Landshut_OCGT,-2.1,6.9,94.0,0,29.0,45.0,1007.4,True,ACTUAL
2026-02-21T15:00:00Z,Nordsee_Wind,-1.6,8.6,318.0,0,76.0,43.0,1008.3,True,GFS
2026-02-21T15:00:00Z,Augsburg_Solar,-1.9,7.0,339.0,498.0,14.0,77.0,1012.6,True,GFS
2026-02-21T16:00:00Z,Karlsruhe_CCGT,-7.8,2.1,241.0,0,27.0,75.0,1000.2,False,ECMWF
2026-02-21T16:00:00Z,Landshut_OCGT,-5.7,8.1,134.0,0,40.0,62.0,1009.9,False,GFS
2026-02-21T16:00:00Z,Nordsee_Wind,-1.7,8.7,51.0,0,55.0,41.0,1005.4,True,ECMWF
2026-02-21T16:00:00Z,Augsburg_Solar,-4.9,1.2,28.0,196.0,31.0,69.0,1004.2,False,ACTUAL
2026-02-21T17:00:00Z,Karlsruhe_CCGT,-5.9,2.9,153.0,0,64.0,67.0,1011.5,True,ECMWF
2026-02-21T17:00:00Z,Landshut_OCGT,-6.8,3.4,138.0,0,6.0,48.0,1031.2,False,ECMWF
2026-02-21T17:00:00Z,Nordsee_Wind,-5.8,5.8,120.0,0,43.0,74.0,1011.3,True,ACTUAL
2026-02-21T17:00:00Z,Augsburg_Solar,-8.5,2.4,185.0,173.0,71.0,52.0,999.5,True,ACTUAL
2026-02-21T18:00:00Z,Karlsruhe_CCGT,-6.4,9.0,241.0,0,0,75.0,1025.2,True,ACTUAL
2026-02-21T18:00:00Z,Landshut_OCGT,-5.7,0,104.0,0,8.0,61.0,1010.2,False,GFS
2026-02-21T18:00:00Z,Nordsee_Wind,-6.8,6.5,325.0,0,87.0,59.0,1000.1,True,GFS
2026-02-21T18:00:00Z,Augsburg_Solar,-7.8,4.4,240.0,254.0,52.0,71.0,1025.2,False,ECMWF
2026-02-21T19:00:00Z,Karlsruhe_CCGT,-6.0,0,209.0,0,54.0,83.0,1020.7,False,ECMWF
2026-02-21T19:00:00Z,Landshut_OCGT,-5.8,2.2,180.0,0,60.0,60.0,1001.8,True,GFS
2026-02-21T19:00:00Z,Nordsee_Wind,-3.8,10.8,162.0,0,58.0,54.0,1008.5,True,ECMWF
2026-02-21T19:00:00Z,Augsburg_Solar,-7.4,4.8,16.0,115.0,56.0,65.0,1006.5,False,GFS
2026-02-21T20:00:00Z,Karlsruhe_CCGT,-3.9,3.8,16.0,0,100,56.0,1018.6,True,ACTUAL
2026-02-21T20:00:00Z,Landshut_OCGT,-4.3,5.9,278.0,0,36.0,72.0,1014.1,True,ACTUAL
2026-02-21T20:00:00Z,Nordsee_Wind,-5.2,11.7,235.0,0,16.0,51.0,1010.4,True,GFS
2026-02-21T20:00:00Z,Augsburg_Solar,-2.7,0,174.0,0.0,28.0,91.0,1022.6,False,ACTUAL
2026-02-21T21:00:00Z,Karlsruhe_CCGT,1.5,5.9,11.0,0,50.0,54.0,1007.9,True,ACTUAL
2026-02-21T21:00:00Z,Landshut_OCGT,-6.4,5.8,194.0,0,70.0,86.0,1010.3,True,ECMWF
2026-02-21T21:00:00Z,Nordsee_Wind,-6.3,9.8,262.0,0,88.0,59.0,1007.7,False,GFS
2026-02-21T21:00:00Z,Augsburg_Solar,-3.2,3.2,327.0,0,78.0,67.0,1013.0,False,GFS
2026-02-21T22:00:00Z,Karlsruhe_CCGT,-1.8,0,12.0,0,68.0,64.0,1010.8,True,ACTUAL
2026-02-21T22:00:00Z,Landshut_OCGT,4.1,0.1,31.0,0,58.0,59.0,1005.2,True,GFS
2026-02-21T22:00:00Z,Nordsee_Wind,-2.0,6.3,64.0,0,70.0,78.0,1017.5,True,ECMWF
2026-02-21T22:00:00Z,Augsburg_Solar,-1.6,0.6,187.0,0,22.0,51.0,1003.8,False,ECMWF
2026-02-21T23:00:00Z,Karlsruhe_CCGT,-4.0,0,239.0,0,65.0,36.0,1005.4,False,ACTUAL
2026-02-21T23:00:00Z,Landshut_OCGT,-6.4,3.7,116.0,0,79.0,90.0,1002.9,True,ACTUAL
2026-02-21T23:00:00Z,Nordsee_Wind,-0.1,3.7,118.0,0,42.0,62.0,1021.1,True,ACTUAL
2026-02-21T23:00:00Z,Augsburg_Solar,1.1,7.3,61.0,0,69.0,72.0,1022.9,False,GFS
2026-02-22T00:00:00Z,Karlsruhe_CCGT,-3.4,4.9,71.0,0,4.0,56.0,1002.7,True,ECMWF
2026-02-22T00:00:00Z,Landshut_OCGT,2.3,3.6,291.0,0,50.0,81.0,1009.6,True,GFS
2026-02-22T00:00:00Z,Nordsee_Wind,-2.7,4.2,20.0,0,91.0,38.0,1023.2,False,GFS
2026-02-22T00:00:00Z,Augsburg_Solar,1.3,1.6,31.0,0,66.0,61.0,1014.1,True,GFS
2026-02-22T01:00:00Z,Karlsruhe_CCGT,0.3,2.8,27.0,0,15.0,54.0,1016.9,False,GFS
2026-02-22T01:00:00Z,Landshut_OCGT,1.5,6.0,316.0,0,28.0,60.0,1008.0,True,ECMWF
2026-02-22T01:00:00Z,Nordsee_Wind,5.0,3.9,273.0,0,52.0,66.0,1011.6,True,GFS
2026-02-22T01:00:00Z,Augsburg_Solar,0.9,4.3,56.0,0,61.0,36.0,1016.4,False,ECMWF
2026-02-22T02:00:00Z,Karlsruhe_CCGT,-3.3,6.9,286.0,0,44.0,76.0,1003.9,False,ACTUAL
2026-02-22T02:00:00Z,Landshut_OCGT,-3.5,0,195.0,0,72.0,66.0,1003.9,True,GFS
2026-02-22T02:00:00Z,Nordsee_Wind,2.7,11.3,27.0,0,50.0,64.0,1009.2,True,ACTUAL
2026-02-22T02:00:00Z,Augsburg_Solar,-2.3,4.7,201.0,0,95.0,94.0,1010.9,False,ECMWF
2026-02-22T03:00:00Z,Karlsruhe_CCGT,5.3,3.8,175.0,0,75.0,49.0,1005.4,False,ACTUAL
2026-02-22T03:00:00Z,Landshut_OCGT,8.3,0.5,215.0,0,27.0,41.0,1005.3,True,ACTUAL
2026-02-22T03:00:00Z,Nordsee_Wind,3.6,13.6,107.0,0,100,77.0,1009.5,False,GFS
2026-02-22T03:00:00Z,Augsburg_Solar,1.6,4.7,150.0,0,45.0,47.0,1028.0,True,GFS
2026-02-22T04:00:00Z,Karlsruhe_CCGT,8.2,1.6,127.0,0,7.0,89.0,1016.7,True,ECMWF
2026-02-22T04:00:00Z,Landshut_OCGT,-0.5,8.4,228.0,0,73.0,68.0,1012.6,False,ECMWF
2026-02-22T04:00:00Z,Nordsee_Wind,5.7,11.2,201.0,0,5.0,68.0,1005.9,True,ACTUAL
2026-02-22T04:00:00Z,Augsburg_Solar,5.1,0,116.0,0,47.0,79.0,1010.0,True,ACTUAL
2026-02-22T05:00:00Z,Karlsruhe_CCGT,3.4,5.0,289.0,0,62.0,86.0,1001.8,True,GFS
2026-02-22T05:00:00Z,Landshut_OCGT,4.2,1.6,111.0,0,38.0,50.0,1012.7,True,GFS
2026-02-22T05:00:00Z,Nordsee_Wind,-2.3,8.6,310.0,0,37.0,49.0,1013.9,True,GFS
2026-02-22T05:00:00Z,Augsburg_Solar,4.4,0,91.0,0,40.0,56.0,1015.6,True,ECMWF
2026-02-22T06:00:00Z,Karlsruhe_CCGT,0.8,0.4,167.0,0,0,100,1012.7,True,ECMWF
2026-02-22T06:00:00Z,Landshut_OCGT,6.0,4.8,164.0,0,56.0,51.0,1013.4,False,ECMWF
2026-02-22T06:00:00Z,Nordsee_Wind,2.1,8.6,69.0,0,23.0,36.0,1015.9,False,GFS
2026-02-22T06:00:00Z,Augsburg_Solar,-1.0,9.4,268.0,0,34.0,75.0,1011.8,True,ECMWF
2026-02-22T07:00:00Z,Karlsruhe_CCGT,1.6,3.7,262.0,0,20.0,58.0,1007.6,True,ACTUAL
2026-02-22T07:00:00Z,Landshut_OCGT,5.1,7.9,107.0,0,28.0,69.0,1012.8,True,ECMWF
2026-02-22T07:00:00Z,Nordsee_Wind,1.4,6.2,44.0,0,30.0,61.0,1020.4,True,GFS
2026-02-22T07:00:00Z,Augsburg_Solar,4.7,4.8,129.0,79.0,64.0,66.0,1025.8,True,ACTUAL
2026-02-22T08:00:00Z,Karlsruhe_CCGT,-0.0,2.2,27.0,0,60.0,91.0,1022.1,False,ACTUAL
2026-02-22T08:00:00Z,Landshut_OCGT,7.1,0,278.0,0,21.0,71.0,1013.2,False,ACTUAL
2026-02-22T08:00:00Z,Nordsee_Wind,4.1,6.9,173.0,0,40.0,64.0,1018.5,False,ECMWF
2026-02-22T08:00:00Z,Augsburg_Solar,4.8,4.1,128.0,86.0,22.0,75.0,1009.9,False,ECMWF
2026-02-22T09:00:00Z,Karlsruhe_CCGT,5.4,2.7,185.0,0,65.0,80.0,1022.7,False,ACTUAL
2026-02-22T09:00:00Z,Landshut_OCGT,4.0,13.1,262.0,0,48.0,70.0,1006.7,True,GFS
2026-02-22T09:00:00Z,Nordsee_Wind,7.9,13.9,330.0,0,42.0,63.0,998.0,False,ECMWF
2026-02-22T09:00:00Z,Augsburg_Solar,4.5,0,277.0,333.0,65.0,69.0,1008.6,True,ACTUAL
2026-02-22T10:00:00Z,Karlsruhe_CCGT,3.9,3.2,41.0,0,96.0,81.0,1013.6,True,GFS
2026-02-22T10:00:00Z,Landshut_OCGT,5.3,2.9,32.0,0,74.0,47.0,1022.4,True,GFS
2026-02-22T10:00:00Z,Nordsee_Wind,-2.0,12.3,283.0,0,15.0,58.0,1016.6,False,GFS
2026-02-22T10:00:00Z,Augsburg_Solar,2.2,7.8,85.0,311.0,34.0,47.0,1000.2,True,ECMWF
2026-02-22T11:00:00Z,Karlsruhe_CCGT,1.5,3.9,306.0,0,52.0,62.0,1021.2,True,ECMWF
2026-02-22T11:00:00Z,Landshut_OCGT,6.8,0.3,96.0,0,57.0,30.0,1019.3,False,GFS
2026-02-22T11:00:00Z,Nordsee_Wind,3.1,4.8,306.0,0,77.0,55.0,1015.7,False,GFS
2026-02-22T11:00:00Z,Augsburg_Solar,1.3,2.3,4.0,294.0,16.0,37.0,1012.8,True,GFS
2026-02-22T12:00:00Z,Karlsruhe_CCGT,3.1,4.3,112.0,0,63.0,91.0,996.2,True,ACTUAL
2026-02-22T12:00:00Z,Landshut_OCGT,0.8,0,311.0,0,90.0,47.0,1007.5,True,ECMWF
2026-02-22T12:00:00Z,Nordsee_Wind,-3.3,12.2,219.0,0,31.0,62.0,1004.3,True,ACTUAL
2026-02-22T12:00:00Z,Augsburg_Solar,1.4,0.9,50.0,406.0,51.0,60.0,1012.0,False,GFS
2026-02-22T13:00:00Z,Karlsruhe_CCGT,-2.1,0.1,116.0,0,26.0,87.0,1010.3,True,ECMWF
2026-02-22T13:00:00Z,Landshut_OCGT,-4.9,5.6,227.0,0,91.0,88.0,1014.8,False,GFS
2026-02-22T13:00:00Z,Nordsee_Wind,0.1,3.6,90.0,0,53.0,80.0,1024.3,True,ACTUAL
2026-02-22T13:00:00Z,Augsburg_Solar,-3.1,9.5,269.0,477.0,39.0,100,1017.1,False,ACTUAL
2026-02-22T14:00:00Z,Karlsruhe_CCGT,-0.5,3.9,320.0,0,98.0,82.0,1004.3,False,ACTUAL
2026-02-22T14:00:00Z,Landshut_OCGT,-2.3,7.7,108.0,0,11.0,72.0,1010.7,True,GFS
2026-02-22T14:00:00Z,Nordsee_Wind,-0.3,3.5,50.0,0,14.0,89.0,1007.4,True,ECMWF
2026-02-22T14:00:00Z,Augsburg_Solar,0.6,8.9,350.0,337.0,86.0,74.0,1012.2,True,ACTUAL
2026-02-22T15:00:00Z,Karlsruhe_CCGT,-0.6,6.1,354.0,0,71.0,51.0,1009.7,True,ECMWF
2026-02-22T15:00:00Z,Landshut_OCGT,-12.3,5.7,188.0,0,47.0,80.0,1013.7,False,GFS
2026-02-22T15:00:00Z,Nordsee_Wind,-5.1,9.0,101.0,0,35.0,58.0,1012.0,False,ECMWF
2026-02-22T15:00:00Z,Augsburg_Solar,-6.4,1.3,196.0,199.0,70.0,52.0,1014.5,True,ACTUAL
2026-02-22T16:00:00Z,Karlsruhe_CCGT,-4.9,2.6,124.0,0,38.0,73.0,995.6,False,ECMWF
2026-02-22T16:00:00Z,Landshut_OCGT,-0.5,1.2,37.0,0,72.0,63.0,1002.7,True,GFS
2026-02-22T16:00:00Z,Nordsee_Wind,-6.4,14.1,64.0,0,31.0,41.0,1006.6,False,ECMWF
2026-02-22T16:00:00Z,Augsburg_Solar,-5.4,2.9,204.0,248.0,43.0,82.0,1009.1,True,ACTUAL
2026-02-22T17:00:00Z,Karlsruhe_CCGT,-5.3,4.9,104.0,0,35.0,66.0,1000.8,True,ACTUAL
2026-02-22T17:00:00Z,Landshut_OCGT,-6.4,4.2,101.0,0,67.0,37.0,1008.3,True,ECMWF
2026-02-22T17:00:00Z,Nordsee_Wind,-8.8,8.9,3.0,0,52.0,64.0,1000.2,True,GFS
2026-02-22T17:00:00Z,Augsburg_Solar,-3.1,2.3,282.0,289.0,44.0,79.0,1011.4,True,ACTUAL
2026-02-22T18:00:00Z,Karlsruhe_CCGT,-4.9,8.0,283.0,0,18.0,81.0,1013.9,True,GFS
2026-02-22T18:00:00Z,Landshut_OCGT,-4.5,4.4,167.0,0,57.0,52.0,1001.2,False,ACTUAL
2026-02-22T18:00:00Z,Nordsee_Wind,-7.2,7.3,279.0,0,39.0,48.0,1011.0,False,ECMWF
2026-02-22T18:00:00Z,Augsburg_Solar,-7.0,4.3,310.0,246.0,100,67.0,1008.4,True,ACTUAL
2026-02-22T19:00:00Z,Karlsruhe_CCGT,-4.7,3.3,312.0,0,53.0,100.0,1014.4,False,ECMWF
2026-02-22T19:00:00Z,Landshut_OCGT,-2.4,2.0,349.0,0,68.0,63.0,1010.5,False,ACTUAL
2026-02-22T19:00:00Z,Nordsee_Wind,-2.7,9.9,73.0,0,34.0,68.0,1010.5,False,GFS
2026-02-22T19:00:00Z,Augsburg_Solar,-9.1,5.1,169.0,128.0,55.0,56.0,1011.3,True,GFS
2026-02-22T20:00:00Z,Karlsruhe_CCGT,-7.8,0,272.0,0,34.0,46.0,1022.7,True,GFS
2026-02-22T20:00:00Z,Landshut_OCGT,-11.6,0.9,123.0,0,41.0,68.0,1022.1,True,ECMWF
2026-02-22T20:00:00Z,Nordsee_Wind,-3.6,5.6,31.0,0,48.0,64.0,1004.8,False,ACTUAL
2026-02-22T20:00:00Z,Augsburg_Solar,-8.2,4.1,87.0,0.0,67.0,43.0,1000.6,False,GFS
2026-02-22T21:00:00Z,Karlsruhe_CCGT,-1.5,2.4,80.0,0,81.0,58.0,1007.5,False,GFS
2026-02-22T21:00:00Z,Landshut_OCGT,-5.8,0,76.0,0,63.0,81.0,1007.2,True,ECMWF
2026-02-22T21:00:00Z,Nordsee_Wind,-6.8,7.6,91.0,0,49.0,52.0,1028.8,False,GFS
2026-02-22T21:00:00Z,Augsburg_Solar,-1.0,2.0,192.0,0,45.0,87.0,999.7,True,ACTUAL
2026-02-22T22:00:00Z,Karlsruhe_CCGT,-5.7,3.4,122.0,0,71.0,43.0,1007.5,True,GFS
2026-02-22T22:00:00Z,Landshut_OCGT,-1.4,1.1,87.0,0,77.0,60.0,1010.8,True,ACTUAL
2026-02-22T22:00:00Z,Nordsee_Wind,-0.1,6.1,22.0,0,63.0,67.0,1013.5,False,GFS
2026-02-22T22:00:00Z,Augsburg_Solar,-3.1,0.5,144.0,0,26.0,85.0,1013.4,True,ECMWF
2026-02-22T23:00:00Z,Karlsruhe_CCGT,-2.9,4.7,28.0,0,34.0,72.0,1010.4,False,ECMWF
2026-02-22T23:00:00Z,Landshut_OCGT,-2.1,2.4,312.0,0,58.0,94.0,1018.0,False,GFS
2026-02-22T23:00:00Z,Nordsee_Wind,-3.3,11.9,203.0,0,61.0,50.0,1012.4,True,ACTUAL
2026-02-22T23:00:00Z,Augsburg_Solar,-7.3,0.8,231.0,0,68.0,43.0,1005.8,False,ECMWF
2026-02-23T00:00:00Z,Karlsruhe_CCGT,2.4,4.2,296.0,0,52.0,94.0,1004.6,False,ACTUAL
2026-02-23T00:00:00Z,Landshut_OCGT,4.8,2.6,76.0,0,47.0,69.0,1015.0,False,GFS
2026-02-23T00:00:00Z,Nordsee_Wind,-7.7,7.1,171.0,0,9.0,70.0,1019.0,False,GFS
2026-02-23T00:00:00Z,Augsburg_Solar,-0.3,3.2,281.0,0,11.0,87.0,1013.4,True,ECMWF
2026-02-23T01:00:00Z,Karlsruhe_CCGT,-3.8,5.8,252.0,0,32.0,100,1030.3,False,ECMWF
2026-02-23T01:00:00Z,Landshut_OCGT,-1.7,0,53.0,0,48.0,71.0,1002.9,False,GFS
2026-02-23T01:00:00Z,Nordsee_Wind,-7.7,6.1,233.0,0,9.0,53.0,1002.8,True,ECMWF
2026-02-23T01:00:00Z,Augsburg_Solar,2.9,7.2,8.0,0,55.0,60.0,1008.7,True,GFS
2026-02-23T02:00:00Z,Karlsruhe_CCGT,4.9,2.0,16.0,0,35.0,83.0,1008.6,False,GFS
2026-02-23T02:00:00Z,Landshut_OCGT,3.3,0.7,280.0,0,48.0,70.0,1014.4,False,GFS
2026-02-23T02:00:00Z,Nordsee_Wind,3.5,7.5,227.0,0,61.0,56.0,1022.9,True,ACTUAL
2026-02-23T02:00:00Z,Augsburg_Solar,-0.8,1.7,211.0,0,65.0,46.0,1017.1,False,ECMWF
2026-02-23T03:00:00Z,Karlsruhe_CCGT,5.9,1.8,243.0,0,87.0,64.0,1007.3,True,ACTUAL
2026-02-23T03:00:00Z,Landshut_OCGT,3.8,0.9,135.0,0,0,69.0,1017.2,True,ECMWF
2026-02-23T03:00:00Z,Nordsee_Wind,2.7,8.0,295.0,0,36.0,52.0,1014.2,False,ECMWF
2026-02-23T03:00:00Z,Augsburg_Solar,-1.2,0,291.0,0,44.0,58.0,1015.1,True,ECMWF
2026-02-23T04:00:00Z,Karlsruhe_CCGT,-1.4,3.5,205.0,0,25.0,68.0,1017.0,False,ACTUAL
2026-02-23T04:00:00Z,Landshut_OCGT,1.5,7.7,341.0,0,0,63.0,1020.5,True,GFS
2026-02-23T04:00:00Z,Nordsee_Wind,9.2,3.2,114.0,0,54.0,58.0,1012.0,True,ACTUAL
2026-02-23T04:00:00Z,Augsburg_Solar,6.3,3.2,146.0,0,29.0,66.0,1010.0,False,GFS
2026-02-23T05:00:00Z,Karlsruhe_CCGT,6.0,0,50.0,0,3.0,65.0,1018.4,True,GFS
2026-02-23T05:00:00Z,Landshut_OCGT,3.5,4.6,77.0,0,56.0,51.0,1010.2,False,ACTUAL
2026-02-23T05:00:00Z,Nordsee_Wind,6.8,12.0,78.0,0,83.0,54.0,1009.4,False,ACTUAL
2026-02-23T05:00:00Z,Augsburg_Solar,9.9,3.3,88.0,0,64.0,73.0,1012.4,False,GFS
2026-02-23T06:00:00Z,Karlsruhe_CCGT,4.5,3.0,253.0,0,67.0,42.0,1006.4,False,ECMWF
2026-02-23T06:00:00Z,Landshut_OCGT,-2.9,6.8,106.0,0,71.0,96.0,1013.3,False,ECMWF
2026-02-23T06:00:00Z,Nordsee_Wind,9.2,6.7,17.0,0,31.0,83.0,1011.4,False,GFS
2026-02-23T06:00:00Z,Augsburg_Solar,12.1,0.2,85.0,0,45.0,77.0,1022.9,False,ACTUAL
2026-02-23T07:00:00Z,Karlsruhe_CCGT,9.2,2.4,282.0,0,87.0,73.0,1013.1,True,GFS
2026-02-23T07:00:00Z,Landshut_OCGT,7.1,7.2,224.0,0,45.0,56.0,1025.8,False,ACTUAL
2026-02-23T07:00:00Z,Nordsee_Wind,2.1,8.7,59.0,0,33.0,60.0,1005.9,True,ACTUAL
2026-02-23T07:00:00Z,Augsburg_Solar,1.7,2.8,212.0,73.0,88.0,24.0,1025.0,False,GFS
2026-02-23T08:00:00Z,Karlsruhe_CCGT,7.5,2.9,269.0,0,57.0,48.0,1019.6,False,ACTUAL
2026-02-23T08:00:00Z,Landshut_OCGT,8.6,5.4,218.0,0,56.0,37.0,1026.0,False,GFS
2026-02-23T08:00:00Z,Nordsee_Wind,2.2,12.1,257.0,0,11.0,89.0,1028.0,False,ACTUAL
2026-02-23T08:00:00Z,Augsburg_Solar,1.8,0,52.0,226.0,59.0,69.0,1022.4,True,ECMWF
2026-02-23T09:00:00Z,Karlsruhe_CCGT,2.5,3.0,220.0,0,45.0,67.0,1012.0,False,GFS
2026-02-23T09:00:00Z,Landshut_OCGT,8.7,7.1,60.0,0,55.0,67.0,1018.0,True,ACTUAL
2026-02-23T09:00:00Z,Nordsee_Wind,6.9,4.2,104.0,0,76.0,69.0,1014.3,True,GFS
2026-02-23T09:00:00Z,Augsburg_Solar,6.4,0,169.0,321.0,72.0,82.0,1014.6,True,ACTUAL
2026-02-23T10:00:00Z,Karlsruhe_CCGT,3.7,7.1,270.0,0,60.0,64.0,1013.3,False,GFS
2026-02-23T10:00:00Z,Landshut_OCGT,3.8,6.6,353.0,0,48.0,81.0,1019.0,False,ECMWF
2026-02-23T10:00:00Z,Nordsee_Wind,8.8,10.0,157.0,0,45.0,89.0,1008.5,True,ECMWF
2026-02-23T10:00:00Z,Augsburg_Solar,3.5,8.1,14.0,415.0,54.0,51.0,1011.3,False,ACTUAL
2026-02-23T11:00:00Z,Karlsruhe_CCGT,4.9,1.5,24.0,0,58.0,66.0,1005.0,True,ECMWF
2026-02-23T11:00:00Z,Landshut_OCGT,-1.1,0,48.0,0,63.0,59.0,1027.6,False,GFS
2026-02-23T11:00:00Z,Nordsee_Wind,-0.5,5.0,163.0,0,64.0,79.0,1015.8,False,ECMWF
2026-02-23T11:00:00Z,Augsburg_Solar,-0.9,1.1,209.0,335.0,39.0,90.0,1015.7,True,ECMWF
2026-02-23T12:00:00Z,Karlsruhe_CCGT,-3.9,8.0,154.0,0,59.0,65.0,1018.5,False,GFS
2026-02-23T12:00:00Z,Landshut_OCGT,0.8,1.5,340.0,0,10.0,64.0,1021.4,True,ACTUAL
2026-02-23T12:00:00Z,Nordsee_Wind,0.7,10.2,221.0,0,59.0,50.0,1018.6,True,GFS
2026-02-23T12:00:00Z,Augsburg_Solar,-3.7,4.4,218.0,207.0,42.0,91.0,1021.0,True,ECMWF
2026-02-23T13:00:00Z,Karlsruhe_CCGT,-0.5,0,57.0,0,57.0,67.0,993.7,True,GFS
2026-02-23T13:00:00Z,Landshut_OCGT,-3.7,0,68.0,0,47.0,66.0,1018.8,False,ACTUAL
2026-02-23T13:00:00Z,Nordsee_Wind,2.0,6.4,341.0,0,100,81.0,1019.8,True,GFS
2026-02-23T13:00:00Z,Augsburg_Solar,0.3,4.5,57.0,447.0,93.0,62.0,1016.5,False,GFS
2026-02-23T14:00:00Z,Karlsruhe_CCGT,0.2,3.1,112.0,0,37.0,47.0,1004.2,False,ECMWF
2026-02-23T14:00:00Z,Landshut_OCGT,-4.6,6.9,144.0,0,33.0,69.0,1008.7,False,GFS
2026-02-23T14:00:00Z,Nordsee_Wind,-3.4,7.8,207.0,0,74.0,55.0,1007.6,False,GFS
2026-02-23T14:00:00Z,Augsburg_Solar,2.9,2.8,299.0,208.0,48.0,58.0,1016.1,False,ACTUAL
2026-02-23T15:00:00Z,Karlsruhe_CCGT,-3.4,5.6,213.0,0,56.0,89.0,1008.8,True,ECMWF
2026-02-23T15:00:00Z,Landshut_OCGT,-3.0,2.5,31.0,0,54.0,79.0,1005.2,True,ECMWF
2026-02-23T15:00:00Z,Nordsee_Wind,1.9,5.0,318.0,0,68.0,64.0,1003.4,True,ACTUAL
2026-02-23T15:00:00Z,Augsburg_Solar,0.2,3.4,130.0,317.0,62.0,52.0,1016.6,True,GFS
2026-02-23T16:00:00Z,Karlsruhe_CCGT,7.7,0,350.0,0,64.0,70.0,1010.3,True,ACTUAL
2026-02-23T16:00:00Z,Landshut_OCGT,-3.9,0.2,110.0,0,45.0,64.0,1019.1,False,ECMWF
2026-02-23T16:00:00Z,Nordsee_Wind,-8.3,5.4,129.0,0,63.0,47.0,1021.0,False,ACTUAL
2026-02-23T16:00:00Z,Augsburg_Solar,-2.6,5.5,20.0,428.0,15.0,79.0,1011.2,True,ECMWF
2026-02-23T17:00:00Z,Karlsruhe_CCGT,-7.6,0,166.0,0,20.0,85.0,1007.1,False,ACTUAL
2026-02-23T17:00:00Z,Landshut_OCGT,-6.3,1.9,221.0,0,56.0,62.0,999.6,False,ACTUAL
2026-02-23T17:00:00Z,Nordsee_Wind,-7.2,8.3,280.0,0,4.0,66.0,1015.0,False,GFS
2026-02-23T17:00:00Z,Augsburg_Solar,-2.3,0.3,8.0,260.0,64.0,52.0,1003.8,False,GFS
2026-02-23T18:00:00Z,Karlsruhe_CCGT,-3.7,7.8,251.0,0,37.0,42.0,993.9,True,GFS
2026-02-23T18:00:00Z,Landshut_OCGT,-8.3,1.0,99.0,0,71.0,64.0,1017.1,False,GFS
2026-02-23T18:00:00Z,Nordsee_Wind,-3.4,3.9,96.0,0,20.0,43.0,1031.6,True,ECMWF
2026-02-23T18:00:00Z,Augsburg_Solar,-3.4,0,115.0,248.0,99.0,45.0,1002.9,False,ECMWF
2026-02-23T19:00:00Z,Karlsruhe_CCGT,-4.2,5.2,184.0,0,57.0,70.0,1007.0,False,GFS
2026-02-23T19:00:00Z,Landshut_OCGT,-3.1,0.7,208.0,0,74.0,63.0,1013.5,False,ECMWF
2026-02-23T19:00:00Z,Nordsee_Wind,-3.5,5.6,80.0,0,74.0,65.0,1019.7,True,ECMWF
2026-02-23T19:00:00Z,Augsburg_Solar,-4.5,5.6,230.0,94.0,31.0,49.0,1006.9,True,ACTUAL
2026-02-23T20:00:00Z,Karlsruhe_CCGT,-4.1,5.1,206.0,0,86.0,62.0,1014.6,True,ECMWF
2026-02-23T20:00:00Z,Landshut_OCGT,-4.0,0,66.0,0,70.0,56.0,1005.3,True,GFS
2026-02-23T20:00:00Z,Nordsee_Wind,-6.1,9.6,307.0,0,32.0,56.0,1007.0,False,GFS
2026-02-23T20:00:00Z,Augsburg_Solar,-0.0,5.6,104.0,0.0,42.0,74.0,1000.5,False,ACTUAL
2026-02-23T21:00:00Z,Karlsruhe_CCGT,-3.2,5.4,349.0,0,38.0,65.0,1008.6,True,ECMWF
2026-02-23T21:00:00Z,Landshut_OCGT,0.7,6.0,98.0,0,45.0,67.0,1013.8,True,ECMWF
2026-02-23T21:00:00Z,Nordsee_Wind,-6.7,6.3,124.0,0,59.0,79.0,1018.4,False,GFS
2026-02-23T21:00:00Z,Augsburg_Solar,-0.8,0.5,347.0,0,8.0,50.0,1009.4,True,ECMWF
2026-02-23T22:00:00Z,Karlsruhe_CCGT,0.8,1.1,320.0,0,22.0,56.0,1001.6,True,ACTUAL
2026-02-23T22:00:00Z,Landshut_OCGT,-4.5,0,272.0,0,94.0,72.0,1018.1,False,GFS
2026-02-23T22:00:00Z,Nordsee_Wind,-5.9,8.0,45.0,0,28.0,64.0,1023.3,True,ECMWF
2026-02-23T22:00:00Z,Augsburg_Solar,-3.6,6.2,279.0,0,34.0,50.0,993.3,True,ECMWF
2026-02-23T23:00:00Z,Karlsruhe_CCGT,2.5,0.6,62.0,0,76.0,74.0,1006.8,True,GFS
2026-02-23T23:00:00Z,Landshut_OCGT,-5.0,0.7,20.0,0,50.0,70.0,1009.9,False,GFS
2026-02-23T23:00:00Z,Nordsee_Wind,2.1,7.5,17.0,0,57.0,60.0,1014.8,True,GFS
2026-02-23T23:00:00Z,Augsburg_Solar,1.5,3.4,340.0,0,80.0,100,1019.3,True,GFS
2026-02-24T00:00:00Z,Karlsruhe_CCGT,-2.9,4.6,26.0,0,37.0,42.0,1005.9,True,ACTUAL
2026-02-24T00:00:00Z,Landshut_OCGT,3.6,5.5,151.0,0,96.0,79.0,1015.1,True,GFS
2026-02-24T00:00:00Z,Nordsee_Wind,4.4,8.2,293.0,0,61.0,57.0,1005.6,False,ECMWF
2026-02-24T00:00:00Z,Augsburg_Solar,0.7,4.2,129.0,0,96.0,64.0,1021.0,False,ACTUAL
2026-02-24T01:00:00Z,Karlsruhe_CCGT,4.5,0,129.0,0,88.0,71.0,1020.2,True,GFS
2026-02-24T01:00:00Z,Landshut_OCGT,3.1,3.8,149.0,0,23.0,47.0,1006.3,True,ECMWF
2026-02-24T01:00:00Z,Nordsee_Wind,-5.0,8.4,249.0,0,81.0,63.0,1010.1,False,ACTUAL
2026-02-24T01:00:00Z,Augsburg_Solar,0.6,1.3,351.0,0,26.0,55.0,1003.2,True,ECMWF
2026-02-24T02:00:00Z,Karlsruhe_CCGT,0.3,6.1,89.0,0,27.0,77.0,1017.6,False,ACTUAL
2026-02-24T02:00:00Z,Landshut_OCGT,3.2,2.8,168.0,0,26.0,80.0,1012.2,True,GFS
2026-02-24T02:00:00Z,Nordsee_Wind,2.0,9.3,96.0,0,26.0,53.0,1012.6,False,GFS
2026-02-24T02:00:00Z,Augsburg_Solar,-0.8,6.5,163.0,0,70.0,65.0,1000.5,True,GFS
2026-02-24T03:00:00Z,Karlsruhe_CCGT,7.9,1.4,328.0,0,36.0,58.0,1019.1,False,ECMWF
2026-02-24T03:00:00Z,Landshut_OCGT,4.5,3.7,320.0,0,64.0,65.0,1014.0,False,GFS
2026-02-24T03:00:00Z,Nordsee_Wind,2.9,15.6,45.0,0,42.0,76.0,1017.8,True,ACTUAL
2026-02-24T03:00:00Z,Augsburg_Solar,-1.6,8.6,81.0,0,38.0,70.0,1022.3,False,ECMWF
2026-02-24T04:00:00Z,Karlsruhe_CCGT,-1.3,7.1,306.0,0,69.0,40.0,1013.9,False,ACTUAL
2026-02-24T04:00:00Z,Landshut_OCGT,6.4,2.9,351.0,0,47.0,44.0,1031.4,True,GFS
2026-02-24T04:00:00Z,Nordsee_Wind,10.1,8.7,92.0,0,70.0,31.0,1011.3,False,ACTUAL
2026-02-24T04:00:00Z,Augsburg_Solar,6.8,0,180.0,0,66.0,69.0,1021.9,True,ECMWF
2026-02-24T05:00:00Z,Karlsruhe_CCGT,8.2,3.4,75.0,0,100,76.0,1005.8,False,GFS
2026-02-24T05:00:00Z,Landshut_OCGT,2.9,5.9,20.0,0,53.0,72.0,1004.4,False,GFS
2026-02-24T05:00:00Z,Nordsee_Wind,0.1,7.2,192.0,0,36.0,83.0,1017.6,True,GFS
2026-02-24T05:00:00Z,Augsburg_Solar,8.4,5.8,245.0,0,65.0,61.0,1020.7,False,ACTUAL
2026-02-24T06:00:00Z,Karlsruhe_CCGT,5.9,6.1,79.0,0,74.0,63.0,1009.2,True,ECMWF
2026-02-24T06:00:00Z,Landshut_OCGT,7.8,6.0,14.0,0,36.0,75.0,1012.5,False,ECMWF
2026-02-24T06:00:00Z,Nordsee_Wind,4.2,6.4,203.0,0,48.0,84.0,994.2,False,ACTUAL
2026-02-24T06:00:00Z,Augsburg_Solar,3.7,7.5,13.0,0,84.0,72.0,1020.2,True,ACTUAL
2026-02-24T07:00:00Z,Karlsruhe_CCGT,6.8,6.2,34.0,0,33.0,55.0,1003.5,True,ACTUAL
2026-02-24T07:00:00Z,Landshut_OCGT,2.5,5.0,109.0,0,63.0,41.0,1007.1,False,GFS
2026-02-24T07:00:00Z,Nordsee_Wind,9.6,7.1,291.0,0,23.0,78.0,1012.6,True,GFS
2026-02-24T07:00:00Z,Augsburg_Solar,-1.2,3.6,31.0,109.0,55.0,73.0,1006.5,True,ACTUAL
2026-02-24T08:00:00Z,Karlsruhe_CCGT,2.6,4.2,114.0,0,87.0,69.0,1015.7,False,GFS
2026-02-24T08:00:00Z,Landshut_OCGT,3.1,5.2,121.0,0,33.0,59.0,1018.2,False,GFS
2026-02-24T08:00:00Z,Nordsee_Wind,4.9,6.2,224.0,0,68.0,60.0,1013.1,False,GFS
2026-02-24T08:00:00Z,Augsburg_Solar,2.8,5.9,276.0,221.0,15.0,57.0,1025.4,True,GFS
2026-02-24T09:00:00Z,Karlsruhe_CCGT,5.9,6.4,115.0,0,61.0,78.0,1018.9,False,ECMWF
2026-02-24T09:00:00Z,Landshut_OCGT,9.1,0,77.0,0,27.0,67.0,1028.3,True,ECMWF
2026-02-24T09:00:00Z,Nordsee_Wind,3.5,8.4,322.0,0,66.0,41.0,1011.0,False,ECMWF
2026-02-24T09:00:00Z,Augsburg_Solar,7.8,3.6,127.0,369.0,33.0,71.0,1034.7,True,ACTUAL
2026-02-24T10:00:00Z,Karlsruhe_CCGT,0.1,0,32.0,0,56.0,44.0,1010.7,True,ACTUAL
2026-02-24T10:00:00Z,Landshut_OCGT,1.9,1.5,76.0,0,38.0,92.0,1003.4,False,ACTUAL
2026-02-24T10:00:00Z,Nordsee_Wind,7.1,7.0,319.0,0,15.0,57.0,1006.5,False,GFS
2026-02-24T10:00:00Z,Augsburg_Solar,3.3,1.2,343.0,191.0,57.0,52.0,1014.1,True,ACTUAL
2026-02-24T11:00:00Z,Karlsruhe_CCGT,6.1,1.0,148.0,0,81.0,65.0,1019.0,False,ECMWF
2026-02-24T11:00:00Z,Landshut_OCGT,10.1,3.2,207.0,0,49.0,34.0,1016.1,True,ACTUAL
2026-02-24T11:00:00Z,Nordsee_Wind,-5.7,8.8,0.0,0,44.0,91.0,1001.4,True,GFS
2026-02-24T11:00:00Z,Augsburg_Solar,6.5,4.9,289.0,375.0,0,92.0,1008.6,False,ECMWF
2026-02-24T12:00:00Z,Karlsruhe_CCGT,3.1,6.6,322.0,0,66.0,30.0,1018.2,False,GFS
2026-02-24T12:00:00Z,Landshut_OCGT,3.9,2.4,73.0,0,5.0,61.0,1009.1,False,ACTUAL
2026-02-24T12:00:00Z,Nordsee_Wind,-0.0,8.7,254.0,0,100,78.0,1007.1,False,GFS
2026-02-24T12:00:00Z,Augsburg_Solar,4.7,1.8,274.0,417.0,58.0,58.0,1018.6,False,ACTUAL
2026-02-24T13:00:00Z,Karlsruhe_CCGT,-0.8,0,319.0,0,46.0,81.0,1031.7,False,GFS
2026-02-24T13:00:00Z,Landshut_OCGT,-7.3,6.4,274.0,0,80.0,71.0,1020.2,False,ECMWF
2026-02-24T13:00:00Z,Nordsee_Wind,-1.8,0.6,126.0,0,74.0,77.0,1001.9,True,ACTUAL
2026-02-24T13:00:00Z,Augsburg_Solar,0.2,8.1,192.0,289.0,48.0,58.0,998.4,False,ACTUAL
2026-02-24T14:00:00Z,Karlsruhe_CCGT,-5.5,0,253.0,0,50.0,72.0,1005.7,True,ECMWF
2026-02-24T14:00:00Z,Landshut_OCGT,2.5,4.3,235.0,0,90.0,81.0,1007.0,True,ECMWF
2026-02-24T14:00:00Z,Nordsee_Wind,0.4,7.9,295.0,0,69.0,70.0,1004.2,False,ECMWF
2026-02-24T14:00:00Z,Augsburg_Solar,-1.3,4.9,337.0,312.0,33.0,94.0,1007.2,False,ECMWF
2026-02-24T15:00:00Z,Karlsruhe_CCGT,-1.6,4.4,90.0,0,37.0,89.0,1015.5,True,GFS
2026-02-24T15:00:00Z,Landshut_OCGT,-1.4,6.5,43.0,0,13.0,53.0,1025.3,False,GFS
2026-02-24T15:00:00Z,Nordsee_Wind,-5.6,10.1,147.0,0,31.0,68.0,1015.0,False,ECMWF
2026-02-24T15:00:00Z,Augsburg_Solar,-6.9,5.3,190.0,284.0,36.0,52.0,1022.6,False,GFS
2026-02-24T16:00:00Z,Karlsruhe_CCGT,-4.9,8.1,288.0,0,62.0,82.0,1029.6,False,ECMWF
2026-02-24T16:00:00Z,Landshut_OCGT,-5.1,2.5,296.0,0,21.0,49.0,1005.1,False,ACTUAL
2026-02-24T16:00:00Z,Nordsee_Wind,-11.7,8.8,33.0,0,45.0,68.0,1001.7,False,GFS
2026-02-24T16:00:00Z,Augsburg_Solar,1.8,4.2,261.0,347.0,29.0,64.0,1008.4,False,ACTUAL
2026-02-24T17:00:00Z,Karlsruhe_CCGT,-6.8,2.2,272.0,0,75.0,67.0,1007.9,False,ACTUAL
2026-02-24T17:00:00Z,Landshut_OCGT,-6.3,4.6,98.0,0,28.0,70.0,1012.5,True,GFS
2026-02-24T17:00:00Z,Nordsee_Wind,-1.8,10.7,65.0,0,63.0,61.0,1022.4,False,ACTUAL
2026-02-24T17:00:00Z,Augsburg_Solar,-3.7,4.2,128.0,289.0,62.0,64.0,1001.0,False,ACTUAL
2026-02-24T18:00:00Z,Karlsruhe_CCGT,-6.3,0,63.0,0,60.0,72.0,1014.7,False,GFS
2026-02-24T18:00:00Z,Landshut_OCGT,-7.5,1.8,175.0,0,25.0,37.0,1017.8,True,ECMWF
2026-02-24T18:00:00Z,Nordsee_Wind,-7.1,11.3,220.0,0,61.0,53.0,1030.9,False,ACTUAL
2026-02-24T18:00:00Z,Augsburg_Solar,-3.4,1.8,108.0,228.0,48.0,55.0,1010.7,True,GFS
2026-02-24T19:00:00Z,Karlsruhe_CCGT,-0.2,4.2,342.0,0,66.0,73.0,1004.3,True,ACTUAL
2026-02-24T19:00:00Z,Landshut_OCGT,0.6,4.3,220.0,0,54.0,51.0,1007.9,True,ACTUAL
2026-02-24T19:00:00Z,Nordsee_Wind,-6.3,6.3,172.0,0,100,74.0,1016.9,True,ACTUAL
2026-02-24T19:00:00Z,Augsburg_Solar,-1.9,0,246.0,100.0,91.0,83.0,1009.1,True,ACTUAL
2026-02-24T20:00:00Z,Karlsruhe_CCGT,-3.7,4.2,331.0,0,62.0,66.0,1007.9,True,ECMWF
2026-02-24T20:00:00Z,Landshut_OCGT,-12.1,4.5,171.0,0,35.0,75.0,1005.8,True,ACTUAL
2026-02-24T20:00:00Z,Nordsee_Wind,-1.9,12.2,190.0,0,50.0,62.0,1013.6,True,ACTUAL
2026-02-24T20:00:00Z,Augsburg_Solar,-8.1,9.8,169.0,0.0,10.0,72.0,1013.1,True,ECMWF
2026-02-24T21:00:00Z,Karlsruhe_CCGT,3.0,6.8,56.0,0,88.0,46.0,1022.9,False,GFS
2026-02-24T21:00:00Z,Landshut_OCGT,-3.5,4.3,221.0,0,78.0,62.0,1018.4,False,ACTUAL
2026-02-24T21:00:00Z,Nordsee_Wind,0.4,9.3,171.0,0,32.0,79.0,1019.0,True,ECMWF
2026-02-24T21:00:00Z,Augsburg_Solar,3.1,1.0,180.0,0,0,60.0,998.7,False,ACTUAL
2026-02-24T22:00:00Z,Karlsruhe_CCGT,-6.3,5.1,189.0,0,100,78.0,1006.5,False,ECMWF
2026-02-24T22:00:00Z,Landshut_OCGT,-3.5,2.3,173.0,0,80.0,87.0,1007.7,False,ECMWF
2026-02-24T22:00:00Z,Nordsee_Wind,-7.1,6.7,179.0,0,71.0,50.0,1010.6,False,ACTUAL
2026-02-24T22:00:00Z,Augsburg_Solar,-1.7,0,190.0,0,66.0,55.0,1019.8,True,GFS
2026-02-24T23:00:00Z,Karlsruhe_CCGT,-3.9,6.7,346.0,0,46.0,56.0,1009.9,True,ACTUAL
2026-02-24T23:00:00Z,Landshut_OCGT,-5.0,0.3,181.0,0,100,49.0,1017.0,False,ECMWF
2026-02-24T23:00:00Z,Nordsee_Wind,-0.3,6.8,4.0,0,67.0,68.0,1022.0,True,GFS
2026-02-24T23:00:00Z,Augsburg_Solar,-8.9,2.0,186.0,0,68.0,34.0,1007.8,True,ECMWF
2026-02-25T00:00:00Z,Karlsruhe_CCGT,-4.1,4.9,232.0,0,11.0,44.0,1013.8,True,ECMWF
2026-02-25T00:00:00Z,Landshut_OCGT,1.2,4.7,303.0,0,50.0,58.0,999.8,True,ECMWF
2026-02-25T00:00:00Z,Nordsee_Wind,3.8,2.0,209.0,0,73.0,80.0,1014.8,False,ECMWF
2026-02-25T00:00:00Z,Augsburg_Solar,-4.7,3.0,180.0,0,61.0,57.0,1001.3,False,GFS
2026-02-25T01:00:00Z,Karlsruhe_CCGT,-2.1,2.5,167.0,0,58.0,59.0,1023.5,True,ACTUAL
2026-02-25T01:00:00Z,Landshut_OCGT,5.9,2.6,48.0,0,60.0,64.0,1027.8,True,ACTUAL
2026-02-25T01:00:00Z,Nordsee_Wind,0.3,8.0,198.0,0,65.0,44.0,1017.1,True,ECMWF
2026-02-25T01:00:00Z,Augsburg_Solar,3.2,9.9,103.0,0,13.0,84.0,1013.2,False,GFS
2026-02-25T02:00:00Z,Karlsruhe_CCGT,0.7,0,219.0,0,51.0,49.0,1005.6,False,ACTUAL
2026-02-25T02:00:00Z,Landshut_OCGT,5.0,5.8,91.0,0,31.0,71.0,1006.8,True,ACTUAL
2026-02-25T02:00:00Z,Nordsee_Wind,4.6,6.4,273.0,0,41.0,48.0,1027.2,True,GFS
2026-02-25T02:00:00Z,Augsburg_Solar,-1.3,5.0,101.0,0,10.0,71.0,1008.6,True,ACTUAL
2026-02-25T03:00:00Z,Karlsruhe_CCGT,3.4,4.4,242.0,0,19.0,71.0,1012.8,True,GFS
2026-02-25T03:00:00Z,Landshut_OCGT,2.8,4.5,333.0,0,55.0,70.0,1009.8,False,GFS
2026-02-25T03:00:00Z,Nordsee_Wind,3.3,8.8,47.0,0,100,74.0,1019.6,True,GFS
2026-02-25T03:00:00Z,Augsburg_Solar,2.6,7.1,211.0,0,29.0,51.0,1019.8,False,GFS
2026-02-25T04:00:00Z,Karlsruhe_CCGT,6.8,5.5,34.0,0,54.0,55.0,1013.7,True,GFS
2026-02-25T04:00:00Z,Landshut_OCGT,3.5,8.3,144.0,0,55.0,41.0,1005.6,False,GFS
2026-02-25T04:00:00Z,Nordsee_Wind,-2.4,5.6,173.0,0,29.0,62.0,1006.8,False,ECMWF
2026-02-25T04:00:00Z,Augsburg_Solar,8.8,3.8,209.0,0,65.0,85.0,1012.6,False,ECMWF
2026-02-25T05:00:00Z,Karlsruhe_CCGT,0.5,1.0,69.0,0,4.0,69.0,1013.3,True,ACTUAL
2026-02-25T05:00:00Z,Landshut_OCGT,1.2,2.1,261.0,0,43.0,75.0,1011.9,True,GFS
2026-02-25T05:00:00Z,Nordsee_Wind,3.8,10.4,95.0,0,74.0,49.0,1001.8,False,ACTUAL
2026-02-25T05:00:00Z,Augsburg_Solar,3.8,0,81.0,0,48.0,44.0,1008.0,True,ACTUAL
2026-02-25T06:00:00Z,Karlsruhe_CCGT,2.9,0,160.0,0,84.0,81.0,1020.8,True,ACTUAL
2026-02-25T06:00:00Z,Landshut_OCGT,8.8,4.3,274.0,0,98.0,33.0,1007.8,True,GFS
2026-02-25T06:00:00Z,Nordsee_Wind,5.0,4.7,328.0,0,61.0,67.0,1019.2,True,GFS
2026-02-25T06:00:00Z,Augsburg_Solar,7.7,2.2,173.0,0,35.0,74.0,1009.3,True,ACTUAL
2026-02-25T07:00:00Z,Karlsruhe_CCGT,7.4,3.3,164.0,0,44.0,73.0,1018.5,False,ACTUAL
2026-02-25T07:00:00Z,Landshut_OCGT,6.0,3.3,317.0,0,48.0,39.0,1016.7,True,ECMWF
2026-02-25T07:00:00Z,Nordsee_Wind,2.8,5.9,259.0,0,31.0,71.0,1007.3,True,ECMWF
2026-02-25T07:00:00Z,Augsburg_Solar,8.1,5.2,239.0,122.0,60.0,48.0,1017.5,False,GFS
2026-02-25T08:00:00Z,Karlsruhe_CCGT,3.2,0,326.0,0,42.0,43.0,997.5,True,GFS
2026-02-25T08:00:00Z,Landshut_OCGT,8.9,5.3,57.0,0,53.0,49.0,1007.6,False,GFS
2026-02-25T08:00:00Z,Nordsee_Wind,6.6,5.9,20.0,0,42.0,72.0,1024.1,True,ACTUAL
2026-02-25T08:00:00Z,Augsburg_Solar,9.6,0,133.0,89.0,37.0,91.0,1025.4,False,ACTUAL
2026-02-25T09:00:00Z,Karlsruhe_CCGT,3.7,6.3,107.0,0,0,61.0,1024.8,True,ECMWF
2026-02-25T09:00:00Z,Landshut_OCGT,3.9,0,337.0,0,52.0,84.0,1004.8,False,ECMWF
2026-02-25T09:00:00Z,Nordsee_Wind,4.6,11.1,303.0,0,45.0,69.0,1021.0,True,GFS
2026-02-25T09:00:00Z,Augsburg_Solar,4.5,10.4,344.0,241.0,36.0,59.0,1008.5,False,GFS
2026-02-25T10:00:00Z,Karlsruhe_CCGT,4.8,0.0,312.0,0,74.0,77.0,1021.4,False,GFS
2026-02-25T10:00:00Z,Landshut_OCGT,1.4,5.6,195.0,0,28.0,74.0,1015.4,True,ECMWF
2026-02-25T10:00:00Z,Nordsee_Wind,3.1,11.8,244.0,0,89.0,55.0,1016.7,False,ACTUAL
2026-02-25T10:00:00Z,Augsburg_Solar,2.9,0,208.0,309.0,58.0,56.0,1018.0,False,GFS
2026-02-25T11:00:00Z,Karlsruhe_CCGT,0.2,0,21.0,0,24.0,87.0,1004.6,False,ECMWF
2026-02-25T11:00:00Z,Landshut_OCGT,-1.4,3.6,159.0,0,83.0,84.0,1004.9,True,GFS
2026-02-25T11:00:00Z,Nordsee_Wind,2.6,12.3,53.0,0,63.0,66.0,1004.8,False,GFS
2026-02-25T11:00:00Z,Augsburg_Solar,-4.6,5.3,120.0,431.0,70.0,56.0,1005.4,True,ECMWF
2026-02-25T12:00:00Z,Karlsruhe_CCGT,0.5,1.6,138.0,0,7.0,49.0,1014.2,True,ECMWF
2026-02-25T12:00:00Z,Landshut_OCGT,1.3,3.7,201.0,0,53.0,91.0,1008.7,False,ECMWF
2026-02-25T12:00:00Z,Nordsee_Wind,1.6,6.1,18.0,0,34.0,68.0,1006.1,True,ACTUAL
2026-02-25T12:00:00Z,Augsburg_Solar,1.6,0,287.0,358.0,62.0,55.0,1006.6,True,GFS
2026-02-25T13:00:00Z,Karlsruhe_CCGT,0.1,7.4,321.0,0,77.0,61.0,997.9,True,ECMWF
2026-02-25T13:00:00Z,Landshut_OCGT,-4.5,1.6,10.0,0,0,74.0,1023.7,False,ECMWF
2026-02-25T13:00:00Z,Nordsee_Wind,-2.3,10.8,103.0,0,47.0,67.0,1011.3,True,ACTUAL
2026-02-25T13:00:00Z,Augsburg_Solar,-0.2,0.6,349.0,300.0,44.0,62.0,1011.8,False,ECMWF
2026-02-25T14:00:00Z,Karlsruhe_CCGT,-2.3,0.3,238.0,0,54.0,77.0,1019.8,True,ACTUAL
2026-02-25T14:00:00Z,Landshut_OCGT,-1.8,1.7,331.0,0,56.0,56.0,1008.1,True,ACTUAL
2026-02-25T14:00:00Z,Nordsee_Wind,-2.4,6.5,248.0,0,37.0,57.0,1002.5,False,GFS
2026-02-25T14:00:00Z,Augsburg_Solar,-2.0,10.5,312.0,400.0,50.0,39.0,1012.7,False,ACTUAL
2026-02-25T15:00:00Z,Karlsruhe_CCGT,1.0,7.7,170.0,0,61.0,79.0,1006.4,True,GFS
2026-02-25T15:00:00Z,Landshut_OCGT,1.7,3.7,46.0,0,62.0,85.0,1022.8,False,ACTUAL
2026-02-25T15:00:00Z,Nordsee_Wind,-0.8,4.6,292.0,0,54.0,72.0,1015.6,False,GFS
2026-02-25T15:00:00Z,Augsburg_Solar,0.4,5.8,317.0,461.0,74.0,51.0,998.5,True,ACTUAL
2026-02-25T16:00:00Z,Karlsruhe_CCGT,-2.3,6.1,281.0,0,84.0,56.0,1015.0,False,GFS
2026-02-25T16:00:00Z,Landshut_OCGT,-1.1,3.2,219.0,0,43.0,66.0,1001.7,False,GFS
2026-02-25T16:00:00Z,Nordsee_Wind,-2.0,12.7,166.0,0,25.0,48.0,1002.8,False,ECMWF
2026-02-25T16:00:00Z,Augsburg_Solar,-9.2,7.3,48.0,365.0,38.0,80.0,1021.2,False,GFS
2026-02-25T17:00:00Z,Karlsruhe_CCGT,-2.6,8.0,324.0,0,64.0,47.0,1025.5,False,ECMWF
2026-02-25T17:00:00Z,Landshut_OCGT,0.5,7.1,177.0,0,55.0,59.0,1016.1,True,GFS
2026-02-25T17:00:00Z,Nordsee_Wind,-2.8,13.0,137.0,0,47.0,62.0,1008.4,True,ECMWF
2026-02-25T17:00:00Z,Augsburg_Solar,-9.0,0,10.0,240.0,93.0,46.0,1011.5,False,GFS
2026-02-25T18:00:00Z,Karlsruhe_CCGT,-5.8,1.1,85.0,0,61.0,60.0,1004.5,True,ACTUAL
2026-02-25T18:00:00Z,Landshut_OCGT,-7.4,0.3,165.0,0,67.0,80.0,1010.4,True,GFS
2026-02-25T18:00:00Z,Nordsee_Wind,-6.6,10.8,190.0,0,45.0,40.0,1011.6,False,ACTUAL
2026-02-25T18:00:00Z,Augsburg_Solar,-8.4,10.1,10.0,139.0,87.0,71.0,1023.7,True,GFS
2026-02-25T19:00:00Z,Karlsruhe_CCGT,-4.9,2.4,309.0,0,51.0,46.0,1021.4,True,GFS
2026-02-25T19:00:00Z,Landshut_OCGT,-4.2,2.9,57.0,0,100,49.0,1008.6,False,GFS
2026-02-25T19:00:00Z,Nordsee_Wind,-7.1,5.1,201.0,0,47.0,61.0,1017.9,False,GFS
2026-02-25T19:00:00Z,Augsburg_Solar,-4.6,1.2,265.0,126.0,12.0,69.0,1004.1,False,ACTUAL
2026-02-25T20:00:00Z,Karlsruhe_CCGT,1.7,5.1,77.0,0,19.0,83.0,1018.6,False,ACTUAL
2026-02-25T20:00:00Z,Landshut_OCGT,-8.7,1.4,238.0,0,14.0,80.0,1018.3,True,ACTUAL
2026-02-25T20:00:00Z,Nordsee_Wind,-5.5,11.0,41.0,0,95.0,79.0,1019.3,False,ECMWF
2026-02-25T20:00:00Z,Augsburg_Solar,-2.2,1.3,150.0,0.0,100,94.0,1009.8,False,ECMWF
2026-02-25T21:00:00Z,Karlsruhe_CCGT,-2.0,0,248.0,0,65.0,70.0,1002.2,True,ECMWF
2026-02-25T21:00:00Z,Landshut_OCGT,2.1,0.8,259.0,0,39.0,57.0,1005.3,False,ECMWF
2026-02-25T21:00:00Z,Nordsee_Wind,-1.5,8.5,165.0,0,27.0,54.0,1009.1,False,ECMWF
2026-02-25T21:00:00Z,Augsburg_Solar,-5.0,0,176.0,0,0,73.0,1016.8,True,ECMWF
2026-02-25T22:00:00Z,Karlsruhe_CCGT,-2.6,5.6,281.0,0,28.0,68.0,1016.6,True,ECMWF
2026-02-25T22:00:00Z,Landshut_OCGT,-2.6,4.2,143.0,0,38.0,60.0,1002.6,False,ACTUAL
2026-02-25T22:00:00Z,Nordsee_Wind,-2.6,3.9,185.0,0,60.0,68.0,1006.3,True,GFS
2026-02-25T22:00:00Z,Augsburg_Solar,-1.2,0,62.0,0,59.0,78.0,1029.4,True,ACTUAL
2026-02-25T23:00:00Z,Karlsruhe_CCGT,-0.6,0,61.0,0,0,93.0,998.9,False,ACTUAL
2026-02-25T23:00:00Z,Landshut_OCGT,-1.3,5.8,237.0,0,10.0,77.0,1025.2,False,GFS
2026-02-25T23:00:00Z,Nordsee_Wind,1.5,8.2,154.0,0,48.0,81.0,1016.4,True,ECMWF
2026-02-25T23:00:00Z,Augsburg_Solar,0.4,0.4,178.0,0,60.0,70.0,1011.6,True,GFS
2026-02-26T00:00:00Z,Karlsruhe_CCGT,1.0,2.5,285.0,0,31.0,61.0,1013.9,False,GFS
2026-02-26T00:00:00Z,Landshut_OCGT,3.3,3.6,326.0,0,34.0,53.0,1009.7,True,GFS
2026-02-26T00:00:00Z,Nordsee_Wind,6.6,6.4,287.0,0,8.0,99.0,1009.0,False,ACTUAL
2026-02-26T00:00:00Z,Augsburg_Solar,1.9,2.9,230.0,0,16.0,72.0,1000.2,False,GFS
2026-02-26T01:00:00Z,Karlsruhe_CCGT,0.6,5.2,244.0,0,7.0,72.0,1012.6,False,GFS
2026-02-26T01:00:00Z,Landshut_OCGT,-2.0,2.5,78.0,0,64.0,67.0,1004.8,True,ECMWF
2026-02-26T01:00:00Z,Nordsee_Wind,6.0,2.8,279.0,0,12.0,80.0,1014.3,True,GFS
2026-02-26T01:00:00Z,Augsburg_Solar,1.4,2.4,91.0,0,76.0,69.0,1008.4,False,GFS
2026-02-26T02:00:00Z,Karlsruhe_CCGT,1.2,4.6,4.0,0,37.0,47.0,1018.8,True,ECMWF
2026-02-26T02:00:00Z,Landshut_OCGT,5.7,2.0,345.0,0,71.0,80.0,1015.0,True,ACTUAL
2026-02-26T02:00:00Z,Nordsee_Wind,6.1,10.3,98.0,0,64.0,81.0,1005.8,False,ACTUAL
2026-02-26T02:00:00Z,Augsburg_Solar,5.8,4.6,265.0,0,56.0,69.0,1016.1,False,ECMWF
2026-02-26T03:00:00Z,Karlsruhe_CCGT,3.1,9.3,324.0,0,20.0,63.0,1013.1,False,ECMWF
2026-02-26T03:00:00Z,Landshut_OCGT,0.4,0.5,113.0,0,51.0,77.0,1011.0,False,ACTUAL
2026-02-26T03:00:00Z,Nordsee_Wind,2.6,9.8,205.0,0,55.0,65.0,1003.6,True,GFS
2026-02-26T03:00:00Z,Augsburg_Solar,6.8,5.3,32.0,0,67.0,38.0,998.3,False,GFS
2026-02-26T04:00:00Z,Karlsruhe_CCGT,8.8,6.3,271.0,0,21.0,63.0,1015.6,False,ECMWF
2026-02-26T04:00:00Z,Landshut_OCGT,6.5,0,179.0,0,69.0,74.0,1013.8,False,ECMWF
2026-02-26T04:00:00Z,Nordsee_Wind,7.7,4.9,15.0,0,77.0,66.0,1008.4,True,ACTUAL
2026-02-26T04:00:00Z,Augsburg_Solar,3.5,2.6,24.0,0,32.0,70.0,1002.4,True,ACTUAL
2026-02-26T05:00:00Z,Karlsruhe_CCGT,6.3,1.4,56.0,0,49.0,92.0,1005.4,False,ACTUAL
2026-02-26T05:00:00Z,Landshut_OCGT,7.5,1.4,356.0,0,48.0,76.0,1022.3,False,ECMWF
2026-02-26T05:00:00Z,Nordsee_Wind,4.8,9.0,314.0,0,20.0,38.0,1003.1,True,ECMWF
2026-02-26T05:00:00Z,Augsburg_Solar,9.0,1.4,152.0,0,8.0,73.0,1008.6,True,ECMWF
2026-02-26T06:00:00Z,Karlsruhe_CCGT,5.4,2.8,197.0,0,46.0,79.0,1001.3,False,ACTUAL
2026-02-26T06:00:00Z,Landshut_OCGT,4.7,4.2,248.0,0,14.0,60.0,1004.0,True,ACTUAL
2026-02-26T06:00:00Z,Nordsee_Wind,8.2,6.0,299.0,0,60.0,70.0,1017.3,True,ACTUAL
2026-02-26T06:00:00Z,Augsburg_Solar,6.8,1.3,168.0,0,40.0,60.0,1012.6,True,ACTUAL
2026-02-26T07:00:00Z,Karlsruhe_CCGT,0.6,6.5,239.0,0,24.0,75.0,1016.5,False,ACTUAL
2026-02-26T07:00:00Z,Landshut_OCGT,6.3,7.0,198.0,0,59.0,53.0,1007.9,True,GFS
2026-02-26T07:00:00Z,Nordsee_Wind,1.1,8.8,41.0,0,36.0,84.0,1010.5,False,ACTUAL
2026-02-26T07:00:00Z,Augsburg_Solar,1.0,0.8,209.0,98.0,77.0,53.0,1010.1,False,ECMWF
2026-02-26T08:00:00Z,Karlsruhe_CCGT,3.3,0.4,26.0,0,45.0,61.0,1005.0,True,GFS
2026-02-26T08:00:00Z,Landshut_OCGT,0.5,0,7.0,0,0,69.0,1008.7,True,ECMWF
2026-02-26T08:00:00Z,Nordsee_Wind,1.9,11.4,6.0,0,15.0,48.0,1005.6,False,GFS
2026-02-26T08:00:00Z,Augsburg_Solar,1.6,6.4,16.0,147.0,19.0,72.0,1003.0,True,ACTUAL
2026-02-26T09:00:00Z,Karlsruhe_CCGT,6.3,5.2,215.0,0,26.0,67.0,1013.1,True,GFS
2026-02-26T09:00:00Z,Landshut_OCGT,6.2,2.7,66.0,0,41.0,67.0,1013.5,False,ECMWF
2026-02-26T09:00:00Z,Nordsee_Wind,5.6,9.8,236.0,0,26.0,58.0,1015.3,False,ACTUAL
2026-02-26T09:00:00Z,Augsburg_Solar,2.3,5.9,1.0,204.0,54.0,73.0,1012.0,True,ECMWF
2026-02-26T10:00:00Z,Karlsruhe_CCGT,1.0,0,145.0,0,19.0,56.0,1012.5,True,ACTUAL
2026-02-26T10:00:00Z,Landshut_OCGT,-3.5,0,242.0,0,61.0,65.0,1005.0,True,ECMWF
2026-02-26T10:00:00Z,Nordsee_Wind,-0.1,5.3,0.0,0,43.0,30.0,999.8,False,ECMWF
2026-02-26T10:00:00Z,Augsburg_Solar,7.9,0.6,65.0,190.0,52.0,73.0,1008.4,True,GFS
2026-02-26T11:00:00Z,Karlsruhe_CCGT,2.2,0.5,141.0,0,76.0,89.0,1018.6,False,ACTUAL
2026-02-26T11:00:00Z,Landshut_OCGT,5.3,0,60.0,0,53.0,72.0,1013.7,True,GFS
2026-02-26T11:00:00Z,Nordsee_Wind,3.2,10.9,119.0,0,53.0,66.0,1026.6,True,ECMWF
2026-02-26T11:00:00Z,Augsburg_Solar,5.7,0.9,223.0,267.0,43.0,63.0,1010.9,False,GFS
2026-02-26T12:00:00Z,Karlsruhe_CCGT,3.3,2.7,27.0,0,37.0,65.0,1027.5,False,GFS
2026-02-26T12:00:00Z,Landshut_OCGT,2.3,1.8,299.0,0,61.0,59.0,1014.8,True,ECMWF
2026-02-26T12:00:00Z,Nordsee_Wind,2.4,13.1,189.0,0,38.0,100,1003.3,True,GFS
2026-02-26T12:00:00Z,Augsburg_Solar,-0.9,9.5,248.0,521.0,56.0,90.0,1007.1,True,GFS
2026-02-26T13:00:00Z,Karlsruhe_CCGT,-2.8,3.5,346.0,0,81.0,49.0,1012.6,True,ECMWF
2026-02-26T13:00:00Z,Landshut_OCGT,-2.7,3.7,102.0,0,80.0,56.0,1018.3,True,ECMWF
2026-02-26T13:00:00Z,Nordsee_Wind,-1.4,8.3,346.0,0,17.0,64.0,1015.6,True,ACTUAL
2026-02-26T13:00:00Z,Augsburg_Solar,1.3,6.0,316.0,239.0,45.0,75.0,1010.7,True,ECMWF
2026-02-26T14:00:00Z,Karlsruhe_CCGT,-2.6,5.8,338.0,0,40.0,79.0,1012.9,False,ECMWF
2026-02-26T14:00:00Z,Landshut_OCGT,-8.7,0,39.0,0,79.0,74.0,1021.3,False,ACTUAL
2026-02-26T14:00:00Z,Nordsee_Wind,-5.0,4.3,26.0,0,53.0,34.0,1006.6,True,ACTUAL
2026-02-26T14:00:00Z,Augsburg_Solar,-4.5,0,93.0,242.0,30.0,65.0,1016.5,False,ECMWF
2026-02-26T15:00:00Z,Karlsruhe_CCGT,-8.9,0,97.0,0,25.0,66.0,1034.3,False,GFS
2026-02-26T15:00:00Z,Landshut_OCGT,-1.8,0.3,241.0,0,47.0,54.0,1016.5,False,ECMWF
2026-02-26T15:00:00Z,Nordsee_Wind,-1.0,8.2,48.0,0,49.0,82.0,998.8,False,ECMWF
2026-02-26T15:00:00Z,Augsburg_Solar,-0.1,2.3,309.0,191.0,44.0,67.0,1014.2,False,ACTUAL
2026-02-26T16:00:00Z,Karlsruhe_CCGT,-1.4,9.8,172.0,0,79.0,59.0,1026.3,False,ACTUAL
2026-02-26T16:00:00Z,Landshut_OCGT,-1.7,0,32.0,0,17.0,82.0,1019.2,True,ECMWF
2026-02-26T16:00:00Z,Nordsee_Wind,-3.0,4.4,84.0,0,82.0,52.0,1027.3,False,ECMWF
2026-02-26T16:00:00Z,Augsburg_Solar,-0.4,1.4,275.0,195.0,12.0,74.0,1018.3,True,ECMWF
2026-02-26T17:00:00Z,Karlsruhe_CCGT,-6.9,6.7,243.0,0,5.0,47.0,1008.5,True,GFS
2026-02-26T17:00:00Z,Landshut_OCGT,-5.2,4.8,343.0,0,39.0,41.0,1022.4,True,ACTUAL
2026-02-26T17:00:00Z,Nordsee_Wind,-0.2,5.5,326.0,0,82.0,70.0,1018.1,True,GFS
2026-02-26T17:00:00Z,Augsburg_Solar,-10.5,5.4,253.0,214.0,44.0,48.0,1000.1,True,GFS
2026-02-26T18:00:00Z,Karlsruhe_CCGT,-13.8,3.6,339.0,0,68.0,48.0,1002.9,False,ECMWF
2026-02-26T18:00:00Z,Landshut_OCGT,-0.4,2.7,161.0,0,18.0,71.0,1020.8,False,ECMWF
2026-02-26T18:00:00Z,Nordsee_Wind,-3.4,5.5,285.0,0,20.0,37.0,1008.9,False,GFS
2026-02-26T18:00:00Z,Augsburg_Solar,1.1,9.0,22.0,152.0,4.0,74.0,1036.4,False,ACTUAL
2026-02-26T19:00:00Z,Karlsruhe_CCGT,-1.2,2.2,298.0,0,41.0,40.0,1015.2,True,ECMWF
2026-02-26T19:00:00Z,Landshut_OCGT,-4.8,3.3,323.0,0,63.0,46.0,1021.2,True,ECMWF
2026-02-26T19:00:00Z,Nordsee_Wind,-1.0,3.8,176.0,0,14.0,73.0,1013.8,False,ACTUAL
2026-02-26T19:00:00Z,Augsburg_Solar,-9.4,4.6,212.0,132.0,100,32.0,1015.9,False,ACTUAL
2026-02-26T20:00:00Z,Karlsruhe_CCGT,1.0,0.5,232.0,0,54.0,94.0,1038.6,False,ECMWF
2026-02-26T20:00:00Z,Landshut_OCGT,-7.6,4.7,18.0,0,40.0,50.0,1024.0,False,GFS
2026-02-26T20:00:00Z,Nordsee_Wind,-0.2,4.2,349.0,0,75.0,74.0,994.5,False,ACTUAL
2026-02-26T20:00:00Z,Augsburg_Solar,-4.7,3.5,329.0,0.0,0,55.0,1013.3,False,ACTUAL
2026-02-26T21:00:00Z,Karlsruhe_CCGT,-6.8,0,205.0,0,80.0,34.0,1020.8,True,GFS
2026-02-26T21:00:00Z,Landshut_OCGT,-6.1,2.7,207.0,0,78.0,47.0,1015.6,False,ACTUAL
2026-02-26T21:00:00Z,Nordsee_Wind,-4.8,9.5,105.0,0,3.0,60.0,1009.9,True,GFS
2026-02-26T21:00:00Z,Augsburg_Solar,-4.7,0.3,321.0,0,69.0,95.0,1018.5,True,GFS
2026-02-26T22:00:00Z,Karlsruhe_CCGT,-2.5,4.8,166.0,0,19.0,71.0,995.5,False,ECMWF
2026-02-26T22:00:00Z,Landshut_OCGT,-3.7,0.9,3.0,0,30.0,62.0,1009.8,False,ECMWF
2026-02-26T22:00:00Z,Nordsee_Wind,0.0,6.4,42.0,0,80.0,66.0,1023.6,True,GFS
2026-02-26T22:00:00Z,Augsburg_Solar,-0.7,0,356.0,0,54.0,57.0,1003.6,False,ECMWF
2026-02-26T23:00:00Z,Karlsruhe_CCGT,-2.0,3.3,40.0,0,73.0,39.0,998.4,False,ECMWF
2026-02-26T23:00:00Z,Landshut_OCGT,1.1,3.3,127.0,0,21.0,65.0,1012.2,False,ACTUAL
2026-02-26T23:00:00Z,Nordsee_Wind,2.6,9.4,39.0,0,55.0,56.0,1016.5,False,ACTUAL
2026-02-26T23:00:00Z,Augsburg_Solar,1.6,3.4,61.0,0,12.0,82.0,1028.4,False,ACTUAL
2026-02-27T00:00:00Z,Karlsruhe_CCGT,0.4,7.2,139.0,0,58.0,37.0,1021.2,False,GFS
2026-02-27T00:00:00Z,Landshut_OCGT,2.4,10.6,156.0,0,62.0,57.0,1012.3,True,ECMWF
2026-02-27T00:00:00Z,Nordsee_Wind,2.5,6.2,99.0,0,78.0,74.0,1015.2,True,GFS
2026-02-27T00:00:00Z,Augsburg_Solar,1.6,5.5,309.0,0,50.0,53.0,1008.8,False,ACTUAL
2026-02-27T01:00:00Z,Karlsruhe_CCGT,2.6,2.9,286.0,0,26.0,85.0,1027.6,False,ECMWF
2026-02-27T01:00:00Z,Landshut_OCGT,5.2,0,75.0,0,84.0,55.0,1016.5,True,ECMWF
2026-02-27T01:00:00Z,Nordsee_Wind,6.9,8.8,280.0,0,27.0,71.0,1008.5,False,ACTUAL
2026-02-27T01:00:00Z,Augsburg_Solar,1.7,4.9,141.0,0,75.0,70.0,1016.5,True,GFS
2026-02-27T02:00:00Z,Karlsruhe_CCGT,6.3,2.1,39.0,0,60.0,52.0,996.0,False,ECMWF
2026-02-27T02:00:00Z,Landshut_OCGT,4.8,4.3,185.0,0,25.0,57.0,1016.6,True,ACTUAL
2026-02-27T02:00:00Z,Nordsee_Wind,1.6,7.9,61.0,0,73.0,58.0,1009.4,False,ACTUAL
2026-02-27T02:00:00Z,Augsburg_Solar,5.1,7.4,125.0,0,80.0,86.0,1003.0,False,ECMWF
2026-02-27T03:00:00Z,Karlsruhe_CCGT,4.8,0.2,57.0,0,100,63.0,1010.4,False,ACTUAL
2026-02-27T03:00:00Z,Landshut_OCGT,2.5,7.1,33.0,0,69.0,75.0,1017.5,True,GFS
2026-02-27T03:00:00Z,Nordsee_Wind,5.3,10.5,254.0,0,42.0,39.0,1017.9,True,ECMWF
2026-02-27T03:00:00Z,Augsburg_Solar,6.0,1.9,29.0,0,7.0,56.0,1005.1,True,ECMWF
2026-02-27T04:00:00Z,Karlsruhe_CCGT,10.5,2.1,308.0,0,64.0,65.0,1002.1,True,GFS
2026-02-27T04:00:00Z,Landshut_OCGT,9.4,4.5,349.0,0,54.0,63.0,1022.6,True,GFS
2026-02-27T04:00:00Z,Nordsee_Wind,4.0,6.7,275.0,0,25.0,86.0,1017.3,True,ECMWF
2026-02-27T04:00:00Z,Augsburg_Solar,5.6,0,339.0,0,44.0,67.0,1012.3,True,ECMWF
2026-02-27T05:00:00Z,Karlsruhe_CCGT,1.4,9.0,101.0,0,29.0,53.0,1016.2,False,ECMWF
2026-02-27T05:00:00Z,Landshut_OCGT,-2.3,0,129.0,0,54.0,68.0,1012.6,False,ACTUAL
2026-02-27T05:00:00Z,Nordsee_Wind,6.5,7.3,213.0,0,43.0,83.0,1002.2,True,ACTUAL
2026-02-27T05:00:00Z,Augsburg_Solar,7.2,4.0,209.0,0,28.0,86.0,1011.7,False,ACTUAL
2026-02-27T06:00:00Z,Karlsruhe_CCGT,7.7,7.0,261.0,0,19.0,65.0,1015.6,True,ACTUAL
2026-02-27T06:00:00Z,Landshut_OCGT,8.2,2.6,140.0,0,14.0,57.0,1003.8,False,ACTUAL
2026-02-27T06:00:00Z,Nordsee_Wind,1.0,10.8,39.0,0,70.0,46.0,998.4,True,ACTUAL
2026-02-27T06:00:00Z,Augsburg_Solar,6.6,3.2,121.0,0,39.0,69.0,998.7,True,GFS
2026-02-27T07:00:00Z,Karlsruhe_CCGT,5.8,2.1,115.0,0,63.0,64.0,1014.0,False,ECMWF
2026-02-27T07:00:00Z,Landshut_OCGT,9.8,0,273.0,0,51.0,89.0,1003.4,False,ACTUAL
2026-02-27T07:00:00Z,Nordsee_Wind,6.7,9.3,272.0,0,5.0,80.0,1027.0,False,GFS
2026-02-27T07:00:00Z,Augsburg_Solar,10.8,0.0,128.0,88.0,100,30.0,1011.7,True,GFS
2026-02-27T08:00:00Z,Karlsruhe_CCGT,0.9,9.7,355.0,0,37.0,64.0,1004.1,True,ACTUAL
2026-02-27T08:00:00Z,Landshut_OCGT,4.9,4.7,282.0,0,73.0,72.0,1010.6,True,ECMWF
2026-02-27T08:00:00Z,Nordsee_Wind,6.4,1.3,289.0,0,47.0,36.0,1013.6,False,ACTUAL
2026-02-27T08:00:00Z,Augsburg_Solar,4.6,6.0,31.0,144.0,24.0,35.0,1015.5,False,ACTUAL
2026-02-27T09:00:00Z,Karlsruhe_CCGT,-0.7,4.7,66.0,0,58.0,59.0,1022.1,True,GFS
2026-02-27T09:00:00Z,Landshut_OCGT,6.1,9.3,38.0,0,29.0,71.0,1001.0,False,ACTUAL
2026-02-27T09:00:00Z,Nordsee_Wind,2.0,11.7,262.0,0,29.0,45.0,1028.9,True,ECMWF
2026-02-27T09:00:00Z,Augsburg_Solar,5.1,1.7,227.0,137.0,62.0,47.0,1010.1,True,GFS
2026-02-27T10:00:00Z,Karlsruhe_CCGT,3.1,1.5,270.0,0,21.0,72.0,1018.2,False,ECMWF
2026-02-27T10:00:00Z,Landshut_OCGT,1.8,3.5,90.0,0,47.0,53.0,1014.9,False,GFS
2026-02-27T10:00:00Z,Nordsee_Wind,2.0,2.5,149.0,0,25.0,66.0,1007.9,False,ECMWF
2026-02-27T10:00:00Z,Augsburg_Solar,3.2,2.2,108.0,432.0,40.0,67.0,1008.4,False,GFS
2026-02-27T11:00:00Z,Karlsruhe_CCGT,3.1,6.4,311.0,0,15.0,75.0,1008.2,True,GFS
2026-02-27T11:00:00Z,Landshut_OCGT,3.1,2.5,65.0,0,33.0,71.0,1019.8,True,ACTUAL
2026-02-27T11:00:00Z,Nordsee_Wind,1.8,8.1,333.0,0,51.0,57.0,1025.3,False,ACTUAL
2026-02-27T11:00:00Z,Augsburg_Solar,1.8,7.0,285.0,511.0,16.0,65.0,1022.4,True,GFS
2026-02-27T12:00:00Z,Karlsruhe_CCGT,-1.3,2.5,105.0,0,95.0,76.0,1026.7,True,ECMWF
2026-02-27T12:00:00Z,Landshut_OCGT,0.0,2.5,340.0,0,65.0,74.0,1018.0,True,ACTUAL
2026-02-27T12:00:00Z,Nordsee_Wind,2.3,10.7,339.0,0,11.0,100,1012.0,False,GFS
2026-02-27T12:00:00Z,Augsburg_Solar,-4.6,3.2,160.0,348.0,40.0,64.0,1020.4,False,ECMWF
2026-02-27T13:00:00Z,Karlsruhe_CCGT,-0.3,7.5,86.0,0,79.0,87.0,1007.8,False,GFS
2026-02-27T13:00:00Z,Landshut_OCGT,-1.4,3.2,332.0,0,69.0,43.0,1019.8,False,ACTUAL
2026-02-27T13:00:00Z,Nordsee_Wind,-2.1,9.5,258.0,0,100,78.0,1004.7,False,ACTUAL
2026-02-27T13:00:00Z,Augsburg_Solar,-1.7,8.9,350.0,189.0,51.0,75.0,1020.9,False,GFS
2026-02-27T14:00:00Z,Karlsruhe_CCGT,-2.3,2.4,53.0,0,71.0,60.0,1008.7,False,ACTUAL
2026-02-27T14:00:00Z,Landshut_OCGT,1.5,2.8,79.0,0,39.0,63.0,1016.9,False,ACTUAL
2026-02-27T14:00:00Z,Nordsee_Wind,-5.4,10.6,85.0,0,58.0,67.0,1016.1,False,GFS
2026-02-27T14:00:00Z,Augsburg_Solar,-3.1,0,359.0,467.0,43.0,79.0,1001.0,False,GFS
2026-02-27T15:00:00Z,Karlsruhe_CCGT,0.4,6.1,214.0,0,40.0,72.0,1002.9,False,ACTUAL
2026-02-27T15:00:00Z,Landshut_OCGT,-4.5,2.0,205.0,0,41.0,57.0,1022.3,True,ECMWF
2026-02-27T15:00:00Z,Nordsee_Wind,-3.5,6.0,77.0,0,54.0,61.0,1016.3,True,GFS
2026-02-27T15:00:00Z,Augsburg_Solar,-0.4,3.5,177.0,498.0,49.0,58.0,1013.6,False,ECMWF
2026-02-27T16:00:00Z,Karlsruhe_CCGT,-1.8,0,98.0,0,39.0,60.0,1028.9,True,GFS
2026-02-27T16:00:00Z,Landshut_OCGT,-2.7,3.4,266.0,0,2.0,43.0,1008.4,True,ECMWF
2026-02-27T16:00:00Z,Nordsee_Wind,0.0,6.7,226.0,0,87.0,42.0,1014.5,True,ACTUAL
2026-02-27T16:00:00Z,Augsburg_Solar,-3.5,6.1,162.0,152.0,64.0,69.0,1018.7,False,ECMWF
2026-02-27T17:00:00Z,Karlsruhe_CCGT,-2.6,6.3,134.0,0,95.0,54.0,1019.9,False,ECMWF
2026-02-27T17:00:00Z,Landshut_OCGT,-4.7,6.0,210.0,0,19.0,90.0,1030.7,True,ECMWF
2026-02-27T17:00:00Z,Nordsee_Wind,-4.5,5.6,240.0,0,44.0,67.0,1013.5,False,GFS
2026-02-27T17:00:00Z,Augsburg_Solar,-10.6,3.6,227.0,266.0,36.0,86.0,1005.9,False,GFS
2026-02-27T18:00:00Z,Karlsruhe_CCGT,-2.4,1.4,353.0,0,8.0,78.0,1007.0,False,GFS
2026-02-27T18:00:00Z,Landshut_OCGT,-1.6,5.2,324.0,0,70.0,55.0,997.1,False,ACTUAL
2026-02-27T18:00:00Z,Nordsee_Wind,-2.7,7.5,258.0,0,24.0,48.0,1028.4,False,GFS
2026-02-27T18:00:00Z,Augsburg_Solar,-5.2,0,41.0,199.0,59.0,60.0,1008.1,True,ECMWF
2026-02-27T19:00:00Z,Karlsruhe_CCGT,-1.4,5.3,13.0,0,26.0,79.0,1002.9,False,ACTUAL
2026-02-27T19:00:00Z,Landshut_OCGT,-1.0,3.4,235.0,0,47.0,66.0,1010.2,False,GFS
2026-02-27T19:00:00Z,Nordsee_Wind,-6.6,4.1,109.0,0,44.0,97.0,1009.5,True,ACTUAL
2026-02-27T19:00:00Z,Augsburg_Solar,0.1,1.8,172.0,121.0,37.0,39.0,1005.7,True,ACTUAL
2026-02-27T20:00:00Z,Karlsruhe_CCGT,-6.2,8.7,100.0,0,75.0,55.0,1014.0,True,GFS
2026-02-27T20:00:00Z,Landshut_OCGT,-4.8,2.5,59.0,0,62.0,62.0,999.4,False,ACTUAL
2026-02-27T20:00:00Z,Nordsee_Wind,-6.3,11.5,329.0,0,66.0,66.0,1029.1,True,ECMWF
2026-02-27T20:00:00Z,Augsburg_Solar,-9.2,0,354.0,0.0,91.0,77.0,993.9,False,ACTUAL
2026-02-27T21:00:00Z,Karlsruhe_CCGT,-2.4,4.3,200.0,0,63.0,71.0,1016.2,False,GFS
2026-02-27T21:00:00Z,Landshut_OCGT,-8.6,0.9,303.0,0,47.0,83.0,1008.4,True,GFS
2026-02-27T21:00:00Z,Nordsee_Wind,0.7,5.2,112.0,0,97.0,90.0,1010.0,True,ECMWF
2026-02-27T21:00:00Z,Augsburg_Solar,-4.2,1.3,276.0,0,67.0,47.0,1009.6,True,ECMWF
2026-02-27T22:00:00Z,Karlsruhe_CCGT,0.3,4.6,61.0,0,60.0,64.0,1023.0,False,ECMWF
2026-02-27T22:00:00Z,Landshut_OCGT,0.4,5.6,105.0,0,47.0,55.0,1014.3,True,ECMWF
2026-02-27T22:00:00Z,Nordsee_Wind,1.7,9.2,328.0,0,44.0,43.0,1009.5,True,ECMWF
2026-02-27T22:00:00Z,Augsburg_Solar,-3.2,3.4,148.0,0,78.0,57.0,1010.7,False,ECMWF
2026-02-27T23:00:00Z,Karlsruhe_CCGT,-3.6,3.5,192.0,0,39.0,20,1003.1,False,ECMWF
2026-02-27T23:00:00Z,Landshut_OCGT,-4.1,6.2,189.0,0,31.0,83.0,1012.9,True,ACTUAL
2026-02-27T23:00:00Z,Nordsee_Wind,-0.1,7.2,83.0,0,62.0,56.0,1022.9,True,GFS
2026-02-27T23:00:00Z,Augsburg_Solar,1.9,0.7,107.0,0,38.0,57.0,1010.7,False,ECMWF
2026-02-28T00:00:00Z,Karlsruhe_CCGT,-4.1,0,163.0,0,2.0,54.0,995.0,False,ECMWF
2026-02-28T00:00:00Z,Landshut_OCGT,2.6,3.8,116.0,0,87.0,91.0,997.4,False,ACTUAL
2026-02-28T00:00:00Z,Nordsee_Wind,-1.1,9.2,331.0,0,83.0,53.0,1016.3,True,ECMWF
2026-02-28T00:00:00Z,Augsburg_Solar,-5.3,6.6,333.0,0,40.0,48.0,1008.7,True,ACTUAL
2026-02-28T01:00:00Z,Karlsruhe_CCGT,3.3,0.9,326.0,0,69.0,65.0,1025.9,False,ACTUAL
2026-02-28T01:00:00Z,Landshut_OCGT,0.6,3.6,6.0,0,75.0,83.0,1023.1,False,ACTUAL
2026-02-28T01:00:00Z,Nordsee_Wind,-3.1,7.8,324.0,0,45.0,47.0,1020.4,True,ECMWF
2026-02-28T01:00:00Z,Augsburg_Solar,0.9,3.6,255.0,0,54.0,49.0,1011.1,True,ACTUAL
2026-02-28T02:00:00Z,Karlsruhe_CCGT,4.3,3.5,84.0,0,33.0,77.0,1015.3,True,GFS
2026-02-28T02:00:00Z,Landshut_OCGT,1.6,6.4,261.0,0,32.0,52.0,1015.5,False,GFS
2026-02-28T02:00:00Z,Nordsee_Wind,7.1,12.4,179.0,0,44.0,31.0,1024.2,True,GFS
2026-02-28T02:00:00Z,Augsburg_Solar,4.8,2.4,42.0,0,33.0,50.0,1010.0,True,ACTUAL
2026-02-28T03:00:00Z,Karlsruhe_CCGT,4.9,10.3,192.0,0,96.0,47.0,1012.2,True,ECMWF
2026-02-28T03:00:00Z,Landshut_OCGT,4.5,0,82.0,0,41.0,72.0,998.2,True,GFS
2026-02-28T03:00:00Z,Nordsee_Wind,5.6,9.8,15.0,0,36.0,65.0,1010.6,True,ECMWF
2026-02-28T03:00:00Z,Augsburg_Solar,6.0,2.6,347.0,0,55.0,91.0,1015.3,True,GFS
2026-02-28T04:00:00Z,Karlsruhe_CCGT,10.1,4.2,56.0,0,69.0,55.0,1020.6,True,ECMWF
2026-02-28T04:00:00Z,Landshut_OCGT,4.2,1.8,46.0,0,32.0,69.0,1019.5,True,ECMWF
2026-02-28T04:00:00Z,Nordsee_Wind,8.4,14.7,63.0,0,60.0,75.0,1020.2,False,ACTUAL
2026-02-28T04:00:00Z,Augsburg_Solar,7.8,0.9,90.0,0,82.0,66.0,999.3,False,GFS
2026-02-28T05:00:00Z,Karlsruhe_CCGT,7.9,6.2,97.0,0,72.0,56.0,1014.9,True,GFS
2026-02-28T05:00:00Z,Landshut_OCGT,5.6,7.9,15.0,0,14.0,64.0,1015.7,True,GFS
2026-02-28T05:00:00Z,Nordsee_Wind,8.6,8.2,117.0,0,30.0,43.0,1019.5,False,ACTUAL
2026-02-28T05:00:00Z,Augsburg_Solar,0.2,0,63.0,0,70.0,69.0,1007.8,False,GFS
2026-02-28T06:00:00Z,Karlsruhe_CCGT,8.6,0,342.0,0,73.0,44.0,1010.5,False,ECMWF
2026-02-28T06:00:00Z,Landshut_OCGT,1.0,5.0,344.0,0,69.0,54.0,1011.4,True,GFS
2026-02-28T06:00:00Z,Nordsee_Wind,8.8,10.6,262.0,0,59.0,65.0,1009.1,False,ACTUAL
2026-02-28T06:00:00Z,Augsburg_Solar,4.4,2.8,215.0,0,63.0,46.0,1015.0,True,ACTUAL
2026-02-28T07:00:00Z,Karlsruhe_CCGT,4.8,0,142.0,0,45.0,66.0,1016.4,True,ECMWF
2026-02-28T07:00:00Z,Landshut_OCGT,6.8,4.9,166.0,0,100,73.0,1003.6,True,ACTUAL
2026-02-28T07:00:00Z,Nordsee_Wind,11.4,8.8,154.0,0,36.0,92.0,1014.5,True,ECMWF
2026-02-28T07:00:00Z,Augsburg_Solar,7.3,1.9,194.0,128.0,31.0,76.0,1009.1,True,ECMWF
2026-02-28T08:00:00Z,Karlsruhe_CCGT,1.3,5.7,155.0,0,56.0,61.0,1015.6,False,ECMWF
2026-02-28T08:00:00Z,Landshut_OCGT,5.2,0,122.0,0,68.0,92.0,1019.7,True,GFS
2026-02-28T08:00:00Z,Nordsee_Wind,9.7,9.7,128.0,0,61.0,70.0,1021.5,False,ACTUAL
2026-02-28T08:00:00Z,Augsburg_Solar,7.6,6.1,293.0,122.0,37.0,82.0,1014.1,False,ACTUAL
2026-02-28T09:00:00Z,Karlsruhe_CCGT,6.7,3.0,50.0,0,83.0,69.0,1010.7,False,GFS
2026-02-28T09:00:00Z,Landshut_OCGT,5.9,1.9,304.0,0,49.0,66.0,1018.3,False,GFS
2026-02-28T09:00:00Z,Nordsee_Wind,1.0,10.2,18.0,0,36.0,80.0,1004.9,True,ECMWF
2026-02-28T09:00:00Z,Augsburg_Solar,4.9,4.2,174.0,314.0,58.0,54.0,1010.9,False,GFS
2026-02-28T10:00:00Z,Karlsruhe_CCGT,2.7,5.1,169.0,0,83.0,72.0,1013.8,True,GFS
2026-02-28T10:00:00Z,Landshut_OCGT,3.5,1.3,181.0,0,71.0,48.0,1011.1,True,GFS
2026-02-28T10:00:00Z,Nordsee_Wind,3.7,1.0,150.0,0,52.0,56.0,1022.3,False,ECMWF
2026-02-28T10:00:00Z,Augsburg_Solar,1.8,1.3,217.0,295.0,85.0,100,1014.6,True,GFS
2026-02-28T11:00:00Z,Karlsruhe_CCGT,-1.6,3.3,254.0,0,41.0,52.0,1015.0,True,ACTUAL
2026-02-28T11:00:00Z,Landshut_OCGT,6.8,3.9,182.0,0,56.0,69.0,1012.3,False,ECMWF
2026-02-28T11:00:00Z,Nordsee_Wind,3.3,6.9,221.0,0,41.0,39.0,1010.4,True,ECMWF
2026-02-28T11:00:00Z,Augsburg_Solar,2.9,0.1,260.0,213.0,55.0,86.0,1013.9,False,ACTUAL
2026-02-28T12:00:00Z,Karlsruhe_CCGT,5.2,4.9,249.0,0,66.0,96.0,1013.4,False,ACTUAL
2026-02-28T12:00:00Z,Landshut_OCGT,-2.2,1.5,278.0,0,60.0,65.0,1002.1,False,ECMWF
2026-02-28T12:00:00Z,Nordsee_Wind,-4.2,8.5,222.0,0,1.0,74.0,1013.1,False,ECMWF
2026-02-28T12:00:00Z,Augsburg_Solar,2.4,0,177.0,178.0,51.0,69.0,1003.8,True,ECMWF
2026-02-28T13:00:00Z,Karlsruhe_CCGT,-4.4,0.8,315.0,0,64.0,87.0,1012.7,False,GFS
2026-02-28T13:00:00Z,Landshut_OCGT,2.9,3.0,190.0,0,71.0,59.0,999.2,True,ACTUAL
2026-02-28T13:00:00Z,Nordsee_Wind,-0.8,5.1,98.0,0,27.0,74.0,1009.8,True,GFS
2026-02-28T13:00:00Z,Augsburg_Solar,-0.4,4.8,210.0,331.0,27.0,64.0,1013.5,True,ACTUAL
2026-02-28T14:00:00Z,Karlsruhe_CCGT,1.0,6.8,4.0,0,79.0,59.0,998.8,False,ACTUAL
2026-02-28T14:00:00Z,Landshut_OCGT,-7.7,5.2,265.0,0,70.0,57.0,998.9,True,ECMWF
2026-02-28T14:00:00Z,Nordsee_Wind,-4.4,13.5,113.0,0,45.0,85.0,1014.5,False,GFS
2026-02-28T14:00:00Z,Augsburg_Solar,-1.0,1.1,307.0,561.0,62.0,64.0,999.9,False,ACTUAL
2026-02-28T15:00:00Z,Karlsruhe_CCGT,-5.7,0,209.0,0,71.0,49.0,1012.8,False,GFS
2026-02-28T15:00:00Z,Landshut_OCGT,-8.4,5.3,61.0,0,41.0,60.0,1016.3,True,ECMWF
2026-02-28T15:00:00Z,Nordsee_Wind,-1.8,6.8,319.0,0,46.0,66.0,1007.0,True,ACTUAL
2026-02-28T15:00:00Z,Augsburg_Solar,-0.7,0,359.0,239.0,38.0,69.0,1023.9,True,ACTUAL
2026-02-28T16:00:00Z,Karlsruhe_CCGT,-1.5,2.9,282.0,0,3.0,65.0,1011.6,False,ACTUAL
2026-02-28T16:00:00Z,Landshut_OCGT,-6.5,0.6,265.0,0,96.0,87.0,1002.0,False,ECMWF
2026-02-28T16:00:00Z,Nordsee_Wind,-1.0,8.0,271.0,0,51.0,78.0,1019.6,False,ACTUAL
2026-02-28T16:00:00Z,Augsburg_Solar,2.3,2.1,139.0,241.0,66.0,62.0,1024.9,True,ACTUAL
2026-02-28T17:00:00Z,Karlsruhe_CCGT,-0.2,4.4,200.0,0,21.0,65.0,1017.9,False,GFS
2026-02-28T17:00:00Z,Landshut_OCGT,1.1,4.0,271.0,0,13.0,58.0,1024.6,False,ACTUAL
2026-02-28T17:00:00Z,Nordsee_Wind,-7.7,9.0,122.0,0,51.0,58.0,1002.9,False,ECMWF
2026-02-28T17:00:00Z,Augsburg_Solar,-5.5,0.2,295.0,369.0,63.0,68.0,1004.3,False,ACTUAL
2026-02-28T18:00:00Z,Karlsruhe_CCGT,-3.2,0,283.0,0,36.0,63.0,1012.2,False,GFS
2026-02-28T18:00:00Z,Landshut_OCGT,-2.8,2.1,21.0,0,52.0,61.0,1019.8,True,ACTUAL
2026-02-28T18:00:00Z,Nordsee_Wind,-5.0,8.5,137.0,0,35.0,69.0,1011.3,True,ECMWF
2026-02-28T18:00:00Z,Augsburg_Solar,-0.6,4.1,146.0,148.0,100,72.0,1014.7,False,ECMWF
2026-02-28T19:00:00Z,Karlsruhe_CCGT,-4.0,5.1,143.0,0,27.0,52.0,1015.1,True,GFS
2026-02-28T19:00:00Z,Landshut_OCGT,-4.7,4.1,131.0,0,21.0,67.0,1010.3,True,GFS
2026-02-28T19:00:00Z,Nordsee_Wind,-5.2,7.1,76.0,0,16.0,63.0,1025.9,False,ECMWF
2026-02-28T19:00:00Z,Augsburg_Solar,-1.2,4.6,349.0,72.0,29.0,54.0,1022.8,True,ECMWF
2026-02-28T20:00:00Z,Karlsruhe_CCGT,-2.4,0.3,13.0,0,67.0,71.0,1022.8,False,ECMWF
2026-02-28T20:00:00Z,Landshut_OCGT,-3.1,3.4,264.0,0,80.0,50.0,1028.0,False,ECMWF
2026-02-28T20:00:00Z,Nordsee_Wind,-0.1,4.5,216.0,0,70.0,68.0,1019.0,True,ECMWF
2026-02-28T20:00:00Z,Augsburg_Solar,0.3,4.3,39.0,0.0,37.0,51.0,1007.1,False,ECMWF
2026-02-28T21:00:00Z,Karlsruhe_CCGT,2.6,7.9,179.0,0,29.0,96.0,1017.6,True,ACTUAL
2026-02-28T21:00:00Z,Landshut_OCGT,-4.5,4.0,252.0,0,51.0,78.0,1016.4,False,ACTUAL
2026-02-28T21:00:00Z,Nordsee_Wind,-8.4,9.5,257.0,0,29.0,81.0,1010.7,False,ACTUAL
2026-02-28T21:00:00Z,Augsburg_Solar,-8.0,7.5,217.0,0,43.0,78.0,1011.2,False,ECMWF
2026-02-28T22:00:00Z,Karlsruhe_CCGT,-0.4,3.1,17.0,0,39.0,63.0,1021.9,True,ACTUAL
2026-02-28T22:00:00Z,Landshut_OCGT,-2.5,2.4,190.0,0,92.0,53.0,1023.5,True,ACTUAL
2026-02-28T22:00:00Z,Nordsee_Wind,3.4,6.6,334.0,0,30.0,59.0,1014.0,False,ECMWF
2026-02-28T22:00:00Z,Augsburg_Solar,-4.1,1.0,275.0,0,39.0,41.0,1004.1,False,ECMWF
2026-02-28T23:00:00Z,Karlsruhe_CCGT,-3.7,6.1,327.0,0,60.0,60.0,1019.0,False,GFS
2026-02-28T23:00:00Z,Landshut_OCGT,3.3,3.5,234.0,0,49.0,68.0,1005.6,True,ACTUAL
2026-02-28T23:00:00Z,Nordsee_Wind,0.7,5.1,128.0,0,56.0,79.0,998.7,True,ECMWF
2026-02-28T23:00:00Z,Augsburg_Solar,0.1,2.2,212.0,0,0,50.0,1014.3,True,ECMWF
2026-03-01T00:00:00Z,Karlsruhe_CCGT,2.6,4.9,130.0,0,44.0,59.0,1017.3,True,ACTUAL
2026-03-01T00:00:00Z,Landshut_OCGT,8.5,1.5,167.0,0,43.0,76.0,1012.9,True,ECMWF
2026-03-01T00:00:00Z,Nordsee_Wind,-0.4,11.7,45.0,0,20.0,51.0,1021.3,False,ECMWF
2026-03-01T00:00:00Z,Augsburg_Solar,1.4,2.0,268.0,0,40.0,69.0,1016.0,True,ACTUAL
2026-03-01T01:00:00Z,Karlsruhe_CCGT,1.8,1.9,128.0,0,52.0,84.0,1017.6,False,ECMWF
2026-03-01T01:00:00Z,Landshut_OCGT,-0.4,3.8,160.0,0,25.0,84.0,1011.6,True,ECMWF
2026-03-01T01:00:00Z,Nordsee_Wind,0.5,11.1,268.0,0,94.0,52.0,1013.3,True,ECMWF
2026-03-01T01:00:00Z,Augsburg_Solar,-0.2,1.0,294.0,0,77.0,77.0,1026.5,True,ECMWF
2026-03-01T02:00:00Z,Karlsruhe_CCGT,-3.8,7.2,179.0,0,48.0,70.0,1024.4,True,ECMWF
2026-03-01T02:00:00Z,Landshut_OCGT,4.9,4.0,111.0,0,83.0,46.0,1006.4,False,ACTUAL
2026-03-01T02:00:00Z,Nordsee_Wind,-1.8,3.6,344.0,0,39.0,71.0,997.5,True,GFS
2026-03-01T02:00:00Z,Augsburg_Solar,5.7,0.7,156.0,0,71.0,49.0,1018.5,True,GFS
2026-03-01T03:00:00Z,Karlsruhe_CCGT,5.8,6.8,80.0,0,63.0,85.0,1028.9,True,GFS
2026-03-01T03:00:00Z,Landshut_OCGT,4.2,8.3,167.0,0,55.0,58.0,1026.7,True,GFS
2026-03-01T03:00:00Z,Nordsee_Wind,7.8,8.9,345.0,0,39.0,40.0,1000.7,True,ECMWF
2026-03-01T03:00:00Z,Augsburg_Solar,3.0,2.7,199.0,0,57.0,49.0,1011.0,False,ECMWF
2026-03-01T04:00:00Z,Karlsruhe_CCGT,4.6,1.9,91.0,0,71.0,97.0,1015.1,True,GFS
2026-03-01T04:00:00Z,Landshut_OCGT,4.3,2.2,55.0,0,47.0,61.0,1016.9,True,ECMWF
2026-03-01T04:00:00Z,Nordsee_Wind,5.1,7.9,94.0,0,2.0,45.0,1025.3,True,ACTUAL
2026-03-01T04:00:00Z,Augsburg_Solar,8.0,6.2,52.0,0,44.0,76.0,1009.9,True,ACTUAL
2026-03-01T05:00:00Z,Karlsruhe_CCGT,2.3,0,101.0,0,39.0,72.0,1010.0,False,ACTUAL
2026-03-01T05:00:00Z,Landshut_OCGT,8.1,6.8,72.0,0,57.0,60.0,1005.1,False,ACTUAL
2026-03-01T05:00:00Z,Nordsee_Wind,1.0,10.5,298.0,0,3.0,82.0,1016.1,False,ECMWF
2026-03-01T05:00:00Z,Augsburg_Solar,9.2,1.0,126.0,0,58.0,61.0,1016.4,True,ECMWF
2026-03-01T06:00:00Z,Karlsruhe_CCGT,0.8,0.4,85.0,0,19.0,73.0,1005.5,False,ECMWF
2026-03-01T06:00:00Z,Landshut_OCGT,7.9,1.3,118.0,0,69.0,65.0,1007.8,True,ACTUAL
2026-03-01T06:00:00Z,Nordsee_Wind,12.1,8.3,351.0,0,27.0,89.0,1025.2,True,ECMWF
2026-03-01T06:00:00Z,Augsburg_Solar,6.6,5.4,257.0,0,61.0,39.0,1018.2,False,ECMWF
2026-03-01T07:00:00Z,Karlsruhe_CCGT,6.0,2.1,21.0,0,43.0,70.0,1007.6,False,GFS
2026-03-01T07:00:00Z,Landshut_OCGT,9.5,1.7,85.0,0,43.0,67.0,1013.7,True,ECMWF
2026-03-01T07:00:00Z,Nordsee_Wind,10.8,4.8,290.0,0,21.0,91.0,1008.8,False,ACTUAL
2026-03-01T07:00:00Z,Augsburg_Solar,12.3,0.8,112.0,131.0,46.0,74.0,1006.8,False,ECMWF
2026-03-01T08:00:00Z,Karlsruhe_CCGT,5.1,2.7,4.0,0,91.0,41.0,1001.5,False,ECMWF
2026-03-01T08:00:00Z,Landshut_OCGT,7.1,7.6,336.0,0,49.0,59.0,1017.9,True,GFS
2026-03-01T08:00:00Z,Nordsee_Wind,6.8,3.6,49.0,0,65.0,57.0,1014.0,False,ACTUAL
2026-03-01T08:00:00Z,Augsburg_Solar,5.3,0,86.0,125.0,51.0,62.0,1015.3,True,ECMWF
2026-03-01T09:00:00Z,Karlsruhe_CCGT,2.5,0,244.0,0,61.0,33.0,1013.5,False,ACTUAL
2026-03-01T09:00:00Z,Landshut_OCGT,-0.6,2.7,143.0,0,77.0,69.0,1021.7,True,ACTUAL
2026-03-01T09:00:00Z,Nordsee_Wind,2.7,7.2,102.0,0,37.0,69.0,1029.0,False,GFS
2026-03-01T09:00:00Z,Augsburg_Solar,5.5,0,340.0,228.0,47.0,48.0,1018.8,False,ECMWF
2026-03-01T10:00:00Z,Karlsruhe_CCGT,5.0,3.1,184.0,0,60.0,64.0,1009.4,False,ECMWF
2026-03-01T10:00:00Z,Landshut_OCGT,2.7,1.3,31.0,0,10.0,50.0,1020.5,True,ACTUAL
2026-03-01T10:00:00Z,Nordsee_Wind,1.0,6.1,315.0,0,40.0,72.0,1024.3,False,ECMWF
2026-03-01T10:00:00Z,Augsburg_Solar,7.4,2.0,211.0,281.0,50.0,76.0,1014.7,True,ACTUAL
2026-03-01T11:00:00Z,Karlsruhe_CCGT,3.6,6.6,161.0,0,41.0,64.0,1022.5,True,GFS
2026-03-01T11:00:00Z,Landshut_OCGT,3.5,0,127.0,0,37.0,67.0,1006.5,False,ACTUAL
2026-03-01T11:00:00Z,Nordsee_Wind,-0.3,6.2,303.0,0,61.0,61.0,1003.1,True,GFS
2026-03-01T11:00:00Z,Augsburg_Solar,6.3,3.6,357.0,445.0,27.0,50.0,1008.3,True,ECMWF
2026-03-01T12:00:00Z,Karlsruhe_CCGT,-1.8,1.4,225.0,0,70.0,66.0,1009.5,False,ECMWF
2026-03-01T12:00:00Z,Landshut_OCGT,2.4,0.7,315.0,0,20.0,69.0,1015.7,True,ACTUAL
2026-03-01T12:00:00Z,Nordsee_Wind,2.1,5.2,247.0,0,73.0,71.0,1012.6,True,GFS
2026-03-01T12:00:00Z,Augsburg_Solar,0.9,6.1,79.0,550.0,68.0,37.0,1014.2,False,GFS
2026-03-01T13:00:00Z,Karlsruhe_CCGT,0.5,3.2,17.0,0,25.0,69.0,1011.3,True,GFS
2026-03-01T13:00:00Z,Landshut_OCGT,-0.0,6.2,238.0,0,55.0,64.0,1020.2,False,ACTUAL
2026-03-01T13:00:00Z,Nordsee_Wind,-3.3,7.4,180.0,0,91.0,45.0,1010.9,True,GFS
2026-03-01T13:00:00Z,Augsburg_Solar,-0.4,7.8,14.0,339.0,100,78.0,1015.8,False,ECMWF
2026-03-01T14:00:00Z,Karlsruhe_CCGT,-2.3,3.5,247.0,0,24.0,68.0,1026.1,True,GFS
2026-03-01T14:00:00Z,Landshut_OCGT,2.0,2.0,317.0,0,35.0,51.0,1023.3,False,GFS
2026-03-01T14:00:00Z,Nordsee_Wind,4.9,10.8,235.0,0,31.0,56.0,1003.0,False,ACTUAL
2026-03-01T14:00:00Z,Augsburg_Solar,-6.6,0.5,81.0,211.0,55.0,47.0,1001.4,True,GFS
2026-03-01T15:00:00Z,Karlsruhe_CCGT,-2.8,5.6,257.0,0,26.0,56.0,1013.7,True,ECMWF
2026-03-01T15:00:00Z,Landshut_OCGT,-3.4,6.6,8.0,0,59.0,56.0,1003.7,False,GFS
2026-03-01T15:00:00Z,Nordsee_Wind,-2.8,11.2,58.0,0,28.0,53.0,1022.3,True,ECMWF
2026-03-01T15:00:00Z,Augsburg_Solar,-9.7,0,122.0,357.0,37.0,73.0,1015.8,True,ECMWF
2026-03-01T16:00:00Z,Karlsruhe_CCGT,-3.6,1.2,324.0,0,84.0,87.0,1006.0,True,GFS
2026-03-01T16:00:00Z,Landshut_OCGT,-3.7,0,176.0,0,54.0,61.0,1004.5,False,ECMWF
2026-03-01T16:00:00Z,Nordsee_Wind,-6.0,9.8,101.0,0,35.0,29.0,1001.8,True,ACTUAL
2026-03-01T16:00:00Z,Augsburg_Solar,-7.3,5.9,262.0,330.0,11.0,69.0,1000.7,False,ECMWF
2026-03-01T17:00:00Z,Karlsruhe_CCGT,-7.2,0,221.0,0,19.0,77.0,1018.0,False,GFS
2026-03-01T17:00:00Z,Landshut_OCGT,-4.2,1.6,233.0,0,45.0,70.0,999.0,True,ECMWF
2026-03-01T17:00:00Z,Nordsee_Wind,-4.2,15.0,319.0,0,67.0,94.0,1007.0,False,ECMWF
2026-03-01T17:00:00Z,Augsburg_Solar,-3.1,7.9,88.0,192.0,58.0,63.0,1007.0,False,GFS
2026-03-01T18:00:00Z,Karlsruhe_CCGT,-2.9,8.4,314.0,0,0,97.0,1005.8,True,ECMWF
2026-03-01T18:00:00Z,Landshut_OCGT,-4.1,7.7,113.0,0,69.0,62.0,1011.3,True,GFS
2026-03-01T18:00:00Z,Nordsee_Wind,-6.5,14.4,14.0,0,58.0,47.0,1024.3,True,ACTUAL
2026-03-01T18:00:00Z,Augsburg_Solar,-9.1,0,324.0,79.0,18.0,58.0,1004.1,True,GFS
2026-03-01T19:00:00Z,Karlsruhe_CCGT,-7.7,6.6,23.0,0,38.0,69.0,1012.9,False,ECMWF
2026-03-01T19:00:00Z,Landshut_OCGT,-6.4,1.2,134.0,0,36.0,59.0,1016.6,False,GFS
2026-03-01T19:00:00Z,Nordsee_Wind,-7.1,8.7,203.0,0,100,58.0,1013.6,False,GFS
2026-03-01T19:00:00Z,Augsburg_Solar,-4.1,2.3,205.0,73.0,43.0,61.0,1023.9,False,ACTUAL
2026-03-01T20:00:00Z,Karlsruhe_CCGT,2.4,3.2,142.0,0,10.0,73.0,1022.6,False,ACTUAL
2026-03-01T20:00:00Z,Landshut_OCGT,-4.3,1.1,300.0,0,30.0,63.0,1015.1,False,GFS
2026-03-01T20:00:00Z,Nordsee_Wind,-5.4,10.1,8.0,0,93.0,92.0,1002.6,False,GFS
2026-03-01T20:00:00Z,Augsburg_Solar,-6.4,0,353.0,0.0,51.0,97.0,1016.2,True,ECMWF
2026-03-01T21:00:00Z,Karlsruhe_CCGT,-3.0,3.7,308.0,0,67.0,60.0,1020.5,False,ECMWF
2026-03-01T21:00:00Z,Landshut_OCGT,1.8,1.5,138.0,0,39.0,54.0,1010.3,False,GFS
2026-03-01T21:00:00Z,Nordsee_Wind,-4.6,10.0,147.0,0,53.0,56.0,1011.0,False,GFS
2026-03-01T21:00:00Z,Augsburg_Solar,0.5,2.6,279.0,0,54.0,46.0,1009.7,True,ACTUAL
2026-03-01T22:00:00Z,Karlsruhe_CCGT,-4.6,7.0,328.0,0,37.0,71.0,1016.4,True,ECMWF
2026-03-01T22:00:00Z,Landshut_OCGT,-1.8,0,21.0,0,41.0,70.0,1012.8,False,GFS
2026-03-01T22:00:00Z,Nordsee_Wind,-1.2,3.9,112.0,0,71.0,53.0,1013.2,False,GFS
2026-03-01T22:00:00Z,Augsburg_Solar,8.1,3.7,69.0,0,55.0,36.0,1003.0,False,GFS
2026-03-01T23:00:00Z,Karlsruhe_CCGT,0.2,5.3,157.0,0,18.0,56.0,1018.7,False,ACTUAL
2026-03-01T23:00:00Z,Landshut_OCGT,-0.1,3.9,20.0,0,67.0,66.0,1002.1,False,ECMWF
2026-03-01T23:00:00Z,Nordsee_Wind,2.2,4.9,263.0,0,27.0,78.0,1006.9,True,GFS
2026-03-01T23:00:00Z,Augsburg_Solar,1.5,0,66.0,0,30.0,40.0,1005.1,False,ECMWF
2026-03-02T00:00:00Z,Karlsruhe_CCGT,4.3,9.2,59.0,0,19.0,79.0,1004.1,False,GFS
2026-03-02T00:00:00Z,Landshut_OCGT,2.2,3.8,154.0,0,30.0,49.0,1001.1,True,ACTUAL
2026-03-02T00:00:00Z,Nordsee_Wind,-2.6,9.4,271.0,0,38.0,39.0,1017.4,True,GFS
2026-03-02T00:00:00Z,Augsburg_Solar,4.1,0.5,156.0,0,57.0,58.0,1015.1,True,GFS
2026-03-02T01:00:00Z,Karlsruhe_CCGT,-3.4,2.1,288.0,0,46.0,83.0,1025.5,False,ACTUAL
2026-03-02T01:00:00Z,Landshut_OCGT,8.5,9.0,269.0,0,71.0,74.0,1016.1,False,ECMWF
2026-03-02T01:00:00Z,Nordsee_Wind,-0.8,9.3,245.0,0,53.0,76.0,1018.5,False,ECMWF
2026-03-02T01:00:00Z,Augsburg_Solar,4.7,6.3,76.0,0,19.0,44.0,1019.1,False,ACTUAL
2026-03-02T02:00:00Z,Karlsruhe_CCGT,1.9,2.6,259.0,0,43.0,61.0,1014.5,True,ACTUAL
2026-03-02T02:00:00Z,Landshut_OCGT,2.6,0.2,181.0,0,99.0,53.0,1008.7,True,ACTUAL
2026-03-02T02:00:00Z,Nordsee_Wind,6.2,10.9,17.0,0,44.0,60.0,1008.3,True,GFS
2026-03-02T02:00:00Z,Augsburg_Solar,0.3,0,247.0,0,64.0,73.0,1016.7,False,GFS
2026-03-02T03:00:00Z,Karlsruhe_CCGT,5.3,1.7,330.0,0,18.0,58.0,1006.9,False,ECMWF
2026-03-02T03:00:00Z,Landshut_OCGT,4.6,2.8,125.0,0,37.0,73.0,997.1,False,GFS
2026-03-02T03:00:00Z,Nordsee_Wind,5.3,4.4,290.0,0,58.0,64.0,1012.8,True,GFS
2026-03-02T03:00:00Z,Augsburg_Solar,8.5,0,15.0,0,89.0,77.0,1020.4,False,ECMWF
2026-03-02T04:00:00Z,Karlsruhe_CCGT,4.5,0.2,159.0,0,47.0,62.0,1022.0,True,GFS
2026-03-02T04:00:00Z,Landshut_OCGT,3.7,1.1,359.0,0,65.0,65.0,1005.6,True,ACTUAL
2026-03-02T04:00:00Z,Nordsee_Wind,9.5,10.7,354.0,0,36.0,44.0,1017.8,False,ACTUAL
2026-03-02T04:00:00Z,Augsburg_Solar,6.3,1.0,107.0,0,48.0,71.0,1010.2,False,ECMWF
2026-03-02T05:00:00Z,Karlsruhe_CCGT,5.1,3.5,190.0,0,74.0,58.0,1013.5,True,GFS
2026-03-02T05:00:00Z,Landshut_OCGT,6.0,1.8,159.0,0,40.0,59.0,1009.3,False,ACTUAL
2026-03-02T05:00:00Z,Nordsee_Wind,1.2,9.3,139.0,0,91.0,78.0,1006.1,False,GFS
2026-03-02T05:00:00Z,Augsburg_Solar,3.9,0,201.0,0,46.0,81.0,1008.9,True,ECMWF
2026-03-02T06:00:00Z,Karlsruhe_CCGT,8.7,0,32.0,0,74.0,58.0,1013.5,True,GFS
2026-03-02T06:00:00Z,Landshut_OCGT,3.6,4.5,331.0,0,59.0,40.0,1007.3,True,ECMWF
2026-03-02T06:00:00Z,Nordsee_Wind,6.2,9.8,106.0,0,59.0,70.0,1004.6,False,GFS
2026-03-02T06:00:00Z,Augsburg_Solar,2.9,2.2,257.0,0,57.0,68.0,1021.6,False,ECMWF
2026-03-02T07:00:00Z,Karlsruhe_CCGT,5.6,3.7,206.0,0,33.0,88.0,1012.1,True,ECMWF
2026-03-02T07:00:00Z,Landshut_OCGT,7.5,1.7,153.0,0,51.0,30.0,1006.9,True,ACTUAL
2026-03-02T07:00:00Z,Nordsee_Wind,4.6,13.2,106.0,0,35.0,75.0,1019.0,True,ACTUAL
2026-03-02T07:00:00Z,Augsburg_Solar,7.6,5.6,63.0,108.0,0,41.0,1014.2,True,ACTUAL
2026-03-02T08:00:00Z,Karlsruhe_CCGT,2.6,3.7,279.0,0,70.0,65.0,1015.9,True,GFS
2026-03-02T08:00:00Z,Landshut_OCGT,8.0,1.6,52.0,0,25.0,54.0,1001.6,True,ECMWF
2026-03-02T08:00:00Z,Nordsee_Wind,4.9,15.7,97.0,0,66.0,63.0,1001.3,False,GFS
2026-03-02T08:00:00Z,Augsburg_Solar,8.2,5.0,272.0,92.0,69.0,79.0,1016.4,False,ECMWF
2026-03-02T09:00:00Z,Karlsruhe_CCGT,8.7,8.1,214.0,0,23.0,47.0,1017.2,False,ECMWF
2026-03-02T09:00:00Z,Landshut_OCGT,6.8,4.1,245.0,0,35.0,62.0,1018.5,True,GFS
2026-03-02T09:00:00Z,Nordsee_Wind,4.9,10.1,51.0,0,65.0,62.0,1013.7,True,ECMWF
2026-03-02T09:00:00Z,Augsburg_Solar,3.4,0,332.0,135.0,92.0,64.0,1005.8,True,GFS
2026-03-02T10:00:00Z,Karlsruhe_CCGT,-1.0,0.3,101.0,0,80.0,73.0,1015.8,False,ECMWF
2026-03-02T10:00:00Z,Landshut_OCGT,0.4,3.6,275.0,0,49.0,70.0,1013.2,True,GFS
2026-03-02T10:00:00Z,Nordsee_Wind,-1.1,11.1,225.0,0,59.0,64.0,1008.8,False,ACTUAL
2026-03-02T10:00:00Z,Augsburg_Solar,3.8,2.2,92.0,250.0,37.0,34.0,1027.5,False,ACTUAL
2026-03-02T11:00:00Z,Karlsruhe_CCGT,0.4,10.1,23.0,0,1.0,58.0,1019.0,False,ECMWF
2026-03-02T11:00:00Z,Landshut_OCGT,4.7,1.6,223.0,0,30.0,54.0,1003.8,True,ECMWF
2026-03-02T11:00:00Z,Nordsee_Wind,1.2,13.2,268.0,0,56.0,36.0,1012.9,True,GFS
2026-03-02T11:00:00Z,Augsburg_Solar,5.4,4.4,57.0,341.0,47.0,68.0,1015.3,True,GFS
2026-03-02T12:00:00Z,Karlsruhe_CCGT,1.7,3.6,15.0,0,31.0,48.0,1017.5,True,GFS
2026-03-02T12:00:00Z,Landshut_OCGT,4.6,0,294.0,0,73.0,71.0,1012.1,False,GFS
2026-03-02T12:00:00Z,Nordsee_Wind,2.3,8.1,330.0,0,32.0,58.0,1020.1,False,GFS
2026-03-02T12:00:00Z,Augsburg_Solar,1.5,6.9,69.0,509.0,72.0,67.0,1013.7,False,ACTUAL
2026-03-02T13:00:00Z,Karlsruhe_CCGT,-4.7,3.1,51.0,0,40.0,61.0,1019.4,True,GFS
2026-03-02T13:00:00Z,Landshut_OCGT,-0.9,3.6,277.0,0,39.0,81.0,1010.0,True,ECMWF
2026-03-02T13:00:00Z,Nordsee_Wind,1.3,5.8,144.0,0,56.0,77.0,1005.1,False,GFS
2026-03-02T13:00:00Z,Augsburg_Solar,0.1,2.8,357.0,583.0,32.0,68.0,1024.7,True,ECMWF
2026-03-02T14:00:00Z,Karlsruhe_CCGT,-1.1,0,17.0,0,75.0,46.0,1023.5,True,GFS
2026-03-02T14:00:00Z,Landshut_OCGT,-2.1,0.6,181.0,0,53.0,55.0,1008.0,True,ECMWF
2026-03-02T14:00:00Z,Nordsee_Wind,-1.3,7.5,131.0,0,82.0,57.0,1021.3,False,GFS
2026-03-02T14:00:00Z,Augsburg_Solar,-3.9,3.1,214.0,509.0,30.0,57.0,1019.1,False,ACTUAL
2026-03-02T15:00:00Z,Karlsruhe_CCGT,-3.5,7.7,82.0,0,20.0,91.0,1011.4,False,ECMWF
2026-03-02T15:00:00Z,Landshut_OCGT,-3.1,2.7,260.0,0,56.0,61.0,1019.1,False,ECMWF
2026-03-02T15:00:00Z,Nordsee_Wind,1.2,6.8,346.0,0,39.0,47.0,1007.4,False,ECMWF
2026-03-02T15:00:00Z,Augsburg_Solar,-1.9,0.1,176.0,298.0,75.0,78.0,1024.3,False,ACTUAL
2026-03-02T16:00:00Z,Karlsruhe_CCGT,-5.3,5.6,291.0,0,29.0,65.0,1019.2,True,GFS
2026-03-02T16:00:00Z,Landshut_OCGT,-4.3,0.8,196.0,0,100,63.0,1006.8,True,ACTUAL
2026-03-02T16:00:00Z,Nordsee_Wind,-5.2,3.5,160.0,0,93.0,52.0,1010.5,True,GFS
2026-03-02T16:00:00Z,Augsburg_Solar,-4.3,0.2,268.0,350.0,46.0,72.0,1015.7,False,ACTUAL
2026-03-02T17:00:00Z,Karlsruhe_CCGT,1.2,0,272.0,0,88.0,52.0,1013.3,False,ACTUAL
2026-03-02T17:00:00Z,Landshut_OCGT,-1.7,5.1,107.0,0,43.0,75.0,1013.8,False,ECMWF
2026-03-02T17:00:00Z,Nordsee_Wind,-0.5,9.4,53.0,0,24.0,44.0,1008.7,True,ECMWF
2026-03-02T17:00:00Z,Augsburg_Solar,-3.6,4.2,290.0,169.0,75.0,77.0,1016.5,True,ACTUAL
2026-03-02T18:00:00Z,Karlsruhe_CCGT,-9.3,1.8,256.0,0,50.0,85.0,1020.4,True,ACTUAL
2026-03-02T18:00:00Z,Landshut_OCGT,-5.7,6.8,100.0,0,40.0,60.0,1014.0,True,GFS
2026-03-02T18:00:00Z,Nordsee_Wind,-9.7,4.8,19.0,0,76.0,79.0,1017.4,True,GFS
2026-03-02T18:00:00Z,Augsburg_Solar,-1.8,1.0,11.0,142.0,89.0,61.0,1021.2,True,GFS
2026-03-02T19:00:00Z,Karlsruhe_CCGT,-2.7,1.5,213.0,0,54.0,59.0,1017.7,False,GFS
2026-03-02T19:00:00Z,Landshut_OCGT,-7.0,0.6,43.0,0,68.0,61.0,1013.0,True,ACTUAL
2026-03-02T19:00:00Z,Nordsee_Wind,-8.7,4.8,216.0,0,23.0,73.0,1019.3,True,ACTUAL
2026-03-02T19:00:00Z,Augsburg_Solar,-8.0,4.5,359.0,40.0,31.0,98.0,1018.1,True,GFS
2026-03-02T20:00:00Z,Karlsruhe_CCGT,-6.1,3.5,183.0,0,60.0,83.0,1028.2,False,ACTUAL
2026-03-02T20:00:00Z,Landshut_OCGT,-4.9,4.5,227.0,0,46.0,70.0,1027.4,True,GFS
2026-03-02T20:00:00Z,Nordsee_Wind,-4.1,10.0,335.0,0,49.0,72.0,1003.3,True,ACTUAL
2026-03-02T20:00:00Z,Augsburg_Solar,-6.7,1.8,234.0,0.0,26.0,51.0,1016.9,False,ECMWF
2026-03-02T21:00:00Z,Karlsruhe_CCGT,0.5,5.7,114.0,0,30.0,59.0,1018.6,False,ECMWF
2026-03-02T21:00:00Z,Landshut_OCGT,-1.4,0,278.0,0,67.0,74.0,1013.7,True,ACTUAL
2026-03-02T21:00:00Z,Nordsee_Wind,-0.5,8.8,96.0,0,43.0,85.0,1015.2,False,GFS
2026-03-02T21:00:00Z,Augsburg_Solar,-5.4,1.6,232.0,0,26.0,76.0,1015.4,True,ECMWF
2026-03-02T22:00:00Z,Karlsruhe_CCGT,-2.7,2.9,45.0,0,33.0,47.0,1028.6,True,ACTUAL
2026-03-02T22:00:00Z,Landshut_OCGT,-2.3,2.6,5.0,0,55.0,37.0,1014.2,True,ECMWF
2026-03-02T22:00:00Z,Nordsee_Wind,0.8,8.5,127.0,0,78.0,84.0,1021.2,True,ACTUAL
2026-03-02T22:00:00Z,Augsburg_Solar,0.0,5.0,142.0,0,45.0,82.0,1009.7,False,GFS
2026-03-02T23:00:00Z,Karlsruhe_CCGT,-1.8,0,241.0,0,39.0,76.0,1008.1,False,ECMWF
2026-03-02T23:00:00Z,Landshut_OCGT,2.3,4.4,317.0,0,10.0,95.0,1017.3,False,ACTUAL
2026-03-02T23:00:00Z,Nordsee_Wind,-3.0,8.5,342.0,0,55.0,100,1014.1,True,GFS
2026-03-02T23:00:00Z,Augsburg_Solar,-1.3,6.4,210.0,0,64.0,37.0,1005.1,False,ACTUAL
2026-03-03T00:00:00Z,Karlsruhe_CCGT,4.4,1.4,276.0,0,26.0,77.0,1004.8,True,ECMWF
2026-03-03T00:00:00Z,Landshut_OCGT,-1.5,1.8,54.0,0,41.0,75.0,1014.9,False,ACTUAL
2026-03-03T00:00:00Z,Nordsee_Wind,3.3,6.0,338.0,0,30.0,61.0,1009.9,False,ECMWF
2026-03-03T00:00:00Z,Augsburg_Solar,8.6,8.7,15.0,0,100,67.0,1017.7,True,ACTUAL
2026-03-03T01:00:00Z,Karlsruhe_CCGT,1.7,6.1,339.0,0,62.0,77.0,1012.2,False,ECMWF
2026-03-03T01:00:00Z,Landshut_OCGT,6.1,1.0,164.0,0,10.0,76.0,992.5,True,ECMWF
2026-03-03T01:00:00Z,Nordsee_Wind,3.8,5.6,217.0,0,10.0,63.0,1008.1,True,ECMWF
2026-03-03T01:00:00Z,Augsburg_Solar,-3.5,1.7,184.0,0,28.0,61.0,1019.1,True,GFS
2026-03-03T02:00:00Z,Karlsruhe_CCGT,5.8,1.2,179.0,0,56.0,69.0,1018.5,False,GFS
2026-03-03T02:00:00Z,Landshut_OCGT,6.9,3.7,64.0,0,73.0,67.0,1019.6,False,ECMWF
2026-03-03T02:00:00Z,Nordsee_Wind,-0.4,7.5,216.0,0,51.0,71.0,1011.2,True,ACTUAL
2026-03-03T02:00:00Z,Augsburg_Solar,3.6,2.3,164.0,0,100,42.0,1024.2,True,ACTUAL
2026-03-03T03:00:00Z,Karlsruhe_CCGT,5.7,0,289.0,0,64.0,61.0,1007.5,False,ACTUAL
2026-03-03T03:00:00Z,Landshut_OCGT,5.3,0,162.0,0,86.0,52.0,1027.5,False,GFS
2026-03-03T03:00:00Z,Nordsee_Wind,-1.5,5.2,146.0,0,34.0,47.0,1009.7,False,ACTUAL
2026-03-03T03:00:00Z,Augsburg_Solar,1.2,0.1,325.0,0,66.0,52.0,1010.4,False,GFS
2026-03-03T04:00:00Z,Karlsruhe_CCGT,2.4,0.3,298.0,0,54.0,44.0,1013.9,False,ECMWF
2026-03-03T04:00:00Z,Landshut_OCGT,2.3,0,63.0,0,61.0,85.0,1009.7,True,GFS
2026-03-03T04:00:00Z,Nordsee_Wind,2.8,7.9,13.0,0,62.0,87.0,1007.8,False,ACTUAL
2026-03-03T04:00:00Z,Augsburg_Solar,8.5,3.5,189.0,0,81.0,38.0,1009.6,False,GFS
2026-03-03T05:00:00Z,Karlsruhe_CCGT,0.8,4.2,7.0,0,30.0,49.0,1013.2,False,GFS
2026-03-03T05:00:00Z,Landshut_OCGT,5.8,2.1,144.0,0,21.0,89.0,1017.3,False,ACTUAL
2026-03-03T05:00:00Z,Nordsee_Wind,7.7,10.6,30.0,0,90.0,53.0,1020.3,False,ACTUAL
2026-03-03T05:00:00Z,Augsburg_Solar,5.0,0.7,32.0,0,58.0,68.0,1007.7,True,ECMWF
2026-03-03T06:00:00Z,Karlsruhe_CCGT,3.4,7.1,290.0,0,24.0,36.0,1014.2,False,ACTUAL
2026-03-03T06:00:00Z,Landshut_OCGT,7.4,5.5,160.0,0,54.0,77.0,1008.9,True,ECMWF
2026-03-03T06:00:00Z,Nordsee_Wind,3.9,15.5,259.0,0,0,53.0,1021.6,False,GFS
2026-03-03T06:00:00Z,Augsburg_Solar,5.4,0,318.0,0,59.0,71.0,1015.3,False,ECMWF
2026-03-03T07:00:00Z,Karlsruhe_CCGT,3.7,4.4,160.0,0,66.0,86.0,1015.4,True,ECMWF
2026-03-03T07:00:00Z,Landshut_OCGT,2.1,5.4,320.0,0,90.0,42.0,1022.7,False,ACTUAL
2026-03-03T07:00:00Z,Nordsee_Wind,4.4,5.8,175.0,0,46.0,72.0,1005.4,False,ACTUAL
2026-03-03T07:00:00Z,Augsburg_Solar,5.6,2.0,261.0,59.0,30.0,58.0,1025.5,True,ECMWF
2026-03-03T08:00:00Z,Karlsruhe_CCGT,8.6,0,56.0,0,70.0,48.0,1013.9,False,ACTUAL
2026-03-03T08:00:00Z,Landshut_OCGT,3.2,9.6,3.0,0,89.0,76.0,1014.3,False,ACTUAL
2026-03-03T08:00:00Z,Nordsee_Wind,6.4,3.4,196.0,0,37.0,74.0,1026.6,True,ACTUAL
2026-03-03T08:00:00Z,Augsburg_Solar,2.8,4.0,220.0,113.0,17.0,70.0,1017.5,True,ECMWF
2026-03-03T09:00:00Z,Karlsruhe_CCGT,-1.6,6.6,244.0,0,65.0,56.0,1017.1,False,ACTUAL
2026-03-03T09:00:00Z,Landshut_OCGT,6.8,2.2,205.0,0,36.0,86.0,1012.2,True,ECMWF
2026-03-03T09:00:00Z,Nordsee_Wind,7.6,7.9,58.0,0,51.0,51.0,1006.5,False,GFS
2026-03-03T09:00:00Z,Augsburg_Solar,7.4,3.8,197.0,218.0,23.0,68.0,1007.9,False,GFS
2026-03-03T10:00:00Z,Karlsruhe_CCGT,0.6,0.7,69.0,0,6.0,71.0,1023.0,True,ECMWF
2026-03-03T10:00:00Z,Landshut_OCGT,2.6,7.0,316.0,0,73.0,94.0,1005.8,True,ACTUAL
2026-03-03T10:00:00Z,Nordsee_Wind,2.1,9.4,197.0,0,43.0,47.0,1007.5,True,ECMWF
2026-03-03T10:00:00Z,Augsburg_Solar,8.8,4.7,44.0,251.0,12.0,79.0,1010.9,True,ECMWF
2026-03-03T11:00:00Z,Karlsruhe_CCGT,-1.0,2.9,262.0,0,49.0,67.0,1006.1,False,GFS
2026-03-03T11:00:00Z,Landshut_OCGT,-0.8,5.6,257.0,0,3.0,62.0,1011.9,False,ECMWF
2026-03-03T11:00:00Z,Nordsee_Wind,0.8,3.6,141.0,0,77.0,43.0,1014.1,True,ACTUAL
2026-03-03T11:00:00Z,Augsburg_Solar,0.7,4.9,123.0,435.0,53.0,72.0,1013.0,True,GFS
2026-03-03T12:00:00Z,Karlsruhe_CCGT,0.9,0,74.0,0,47.0,68.0,1004.4,False,ECMWF
2026-03-03T12:00:00Z,Landshut_OCGT,2.0,5.8,80.0,0,46.0,82.0,1017.2,True,ACTUAL
2026-03-03T12:00:00Z,Nordsee_Wind,0.0,9.6,335.0,0,95.0,48.0,1030.2,True,ACTUAL
2026-03-03T12:00:00Z,Augsburg_Solar,1.8,3.1,140.0,440.0,69.0,45.0,1019.1,True,GFS
2026-03-03T13:00:00Z,Karlsruhe_CCGT,-2.8,4.4,312.0,0,61.0,91.0,1011.8,True,ACTUAL
2026-03-03T13:00:00Z,Landshut_OCGT,4.1,0.1,301.0,0,46.0,74.0,998.6,True,GFS
2026-03-03T13:00:00Z,Nordsee_Wind,-2.4,11.0,235.0,0,28.0,80.0,1022.0,True,ACTUAL
2026-03-03T13:00:00Z,Augsburg_Solar,1.1,5.7,65.0,428.0,87.0,47.0,1023.3,False,GFS
2026-03-03T14:00:00Z,Karlsruhe_CCGT,0.6,3.2,46.0,0,40.0,48.0,1009.4,False,ACTUAL
2026-03-03T14:00:00Z,Landshut_OCGT,1.3,4.8,21.0,0,72.0,79.0,1009.5,False,ACTUAL
2026-03-03T14:00:00Z,Nordsee_Wind,3.2,7.6,196.0,0,0,43.0,1001.4,False,ECMWF
2026-03-03T14:00:00Z,Augsburg_Solar,-3.0,2.2,270.0,190.0,38.0,80.0,1005.2,False,ACTUAL
2026-03-03T15:00:00Z,Karlsruhe_CCGT,-1.4,6.5,125.0,0,18.0,87.0,1015.8,False,ECMWF
2026-03-03T15:00:00Z,Landshut_OCGT,-6.0,11.1,42.0,0,33.0,43.0,1025.3,True,ECMWF
2026-03-03T15:00:00Z,Nordsee_Wind,-6.0,11.2,325.0,0,68.0,75.0,1022.5,False,GFS
2026-03-03T15:00:00Z,Augsburg_Solar,-11.8,4.7,104.0,359.0,43.0,94.0,1019.8,True,GFS
2026-03-03T16:00:00Z,Karlsruhe_CCGT,-3.6,0,288.0,0,0,71.0,1011.9,True,GFS
2026-03-03T16:00:00Z,Landshut_OCGT,-6.5,2.4,116.0,0,57.0,46.0,1002.3,True,GFS
2026-03-03T16:00:00Z,Nordsee_Wind,-6.9,6.7,45.0,0,71.0,52.0,1013.3,True,GFS
2026-03-03T16:00:00Z,Augsburg_Solar,-2.8,4.1,214.0,325.0,12.0,79.0,1024.0,False,ECMWF
2026-03-03T17:00:00Z,Karlsruhe_CCGT,-0.6,4.8,137.0,0,87.0,68.0,1009.3,True,ECMWF
2026-03-03T17:00:00Z,Landshut_OCGT,-2.1,1.2,70.0,0,47.0,82.0,1010.3,True,GFS
2026-03-03T17:00:00Z,Nordsee_Wind,-3.8,9.3,166.0,0,74.0,52.0,1020.6,True,ACTUAL
2026-03-03T17:00:00Z,Augsburg_Solar,-3.6,3.7,75.0,330.0,67.0,89.0,1008.6,False,ECMWF
2026-03-03T18:00:00Z,Karlsruhe_CCGT,-1.1,2.3,45.0,0,46.0,32.0,1011.1,True,ACTUAL
2026-03-03T18:00:00Z,Landshut_OCGT,-2.6,7.1,81.0,0,100,76.0,1001.9,False,ACTUAL
2026-03-03T18:00:00Z,Nordsee_Wind,-3.4,8.2,39.0,0,41.0,72.0,1029.9,True,ECMWF
2026-03-03T18:00:00Z,Augsburg_Solar,0.5,3.8,39.0,188.0,31.0,58.0,1009.2,False,ACTUAL
2026-03-03T19:00:00Z,Karlsruhe_CCGT,-9.3,0.2,356.0,0,35.0,77.0,999.2,False,ECMWF
2026-03-03T19:00:00Z,Landshut_OCGT,-2.4,2.1,297.0,0,99.0,35.0,1011.6,True,ACTUAL
2026-03-03T19:00:00Z,Nordsee_Wind,-8.1,8.7,280.0,0,66.0,73.0,1018.1,True,ACTUAL
2026-03-03T19:00:00Z,Augsburg_Solar,-1.1,6.1,359.0,78.0,37.0,62.0,1009.2,False,ECMWF
2026-03-03T20:00:00Z,Karlsruhe_CCGT,0.1,3.9,315.0,0,27.0,58.0,1008.3,True,GFS
2026-03-03T20:00:00Z,Landshut_OCGT,1.0,4.3,163.0,0,96.0,45.0,1017.7,False,ACTUAL
2026-03-03T20:00:00Z,Nordsee_Wind,-4.4,11.6,201.0,0,73.0,49.0,1017.5,False,ACTUAL
2026-03-03T20:00:00Z,Augsburg_Solar,2.1,0,87.0,0.0,100,38.0,1003.3,False,GFS
2026-03-03T21:00:00Z,Karlsruhe_CCGT,-6.0,2.3,117.0,0,46.0,87.0,1017.1,False,ACTUAL
2026-03-03T21:00:00Z,Landshut_OCGT,-7.8,0.8,60.0,0,52.0,71.0,1010.3,False,GFS
2026-03-03T21:00:00Z,Nordsee_Wind,-4.7,9.3,331.0,0,4.0,56.0,1007.5,False,ACTUAL
2026-03-03T21:00:00Z,Augsburg_Solar,-1.8,1.9,360.0,0,83.0,64.0,1014.9,False,GFS
2026-03-03T22:00:00Z,Karlsruhe_CCGT,2.9,4.5,148.0,0,19.0,49.0,1000.6,False,ACTUAL
2026-03-03T22:00:00Z,Landshut_OCGT,1.3,1.7,277.0,0,63.0,56.0,1016.8,False,ECMWF
2026-03-03T22:00:00Z,Nordsee_Wind,4.1,6.6,333.0,0,27.0,60.0,1009.2,True,GFS
2026-03-03T22:00:00Z,Augsburg_Solar,-0.6,4.2,195.0,0,43.0,50.0,1001.8,False,ECMWF
2026-03-03T23:00:00Z,Karlsruhe_CCGT,-6.1,4.9,129.0,0,59.0,52.0,998.7,False,GFS
2026-03-03T23:00:00Z,Landshut_OCGT,5.2,2.3,317.0,0,42.0,70.0,1023.3,True,ACTUAL
2026-03-03T23:00:00Z,Nordsee_Wind,0.7,13.9,261.0,0,81.0,82.0,1018.2,False,ACTUAL
2026-03-03T23:00:00Z,Augsburg_Solar,1.8,1.7,71.0,0,41.0,81.0,1008.1,True,GFS
2026-03-04T00:00:00Z,Karlsruhe_CCGT,5.8,10.7,62.0,0,29.0,81.0,1008.5,True,ECMWF
2026-03-04T00:00:00Z,Landshut_OCGT,1.4,4.8,83.0,0,33.0,50.0,1025.4,True,ACTUAL
2026-03-04T00:00:00Z,Nordsee_Wind,-0.6,6.7,4.0,0,14.0,78.0,1007.4,True,GFS
2026-03-04T00:00:00Z,Augsburg_Solar,-2.4,0.9,317.0,0,37.0,41.0,1013.1,True,GFS
2026-03-04T01:00:00Z,Karlsruhe_CCGT,2.1,4.8,97.0,0,19.0,86.0,1017.3,True,ECMWF
2026-03-04T01:00:00Z,Landshut_OCGT,3.4,6.9,266.0,0,21.0,78.0,1013.6,False,ACTUAL
2026-03-04T01:00:00Z,Nordsee_Wind,4.2,9.5,117.0,0,84.0,50.0,1012.5,True,ACTUAL
2026-03-04T01:00:00Z,Augsburg_Solar,0.1,11.9,208.0,0,77.0,64.0,1010.4,False,ECMWF
2026-03-04T02:00:00Z,Karlsruhe_CCGT,6.7,1.4,192.0,0,51.0,42.0,1008.5,False,GFS
2026-03-04T02:00:00Z,Landshut_OCGT,5.4,2.2,173.0,0,67.0,75.0,1021.3,False,GFS
2026-03-04T02:00:00Z,Nordsee_Wind,6.4,7.7,25.0,0,39.0,86.0,1013.2,True,ACTUAL
2026-03-04T02:00:00Z,Augsburg_Solar,1.4,0.5,351.0,0,55.0,84.0,1004.8,True,ECMWF
2026-03-04T03:00:00Z,Karlsruhe_CCGT,6.2,1.8,245.0,0,46.0,74.0,1006.4,False,ECMWF
2026-03-04T03:00:00Z,Landshut_OCGT,7.5,0,79.0,0,31.0,25.0,1023.2,True,ECMWF
2026-03-04T03:00:00Z,Nordsee_Wind,3.8,6.3,180.0,0,82.0,68.0,1006.6,False,ECMWF
2026-03-04T03:00:00Z,Augsburg_Solar,4.0,2.0,96.0,0,28.0,69.0,1011.1,True,ACTUAL
2026-03-04T04:00:00Z,Karlsruhe_CCGT,8.3,2.5,193.0,0,10.0,65.0,1007.4,True,ECMWF
2026-03-04T04:00:00Z,Landshut_OCGT,8.3,2.8,225.0,0,62.0,31.0,1027.3,False,ACTUAL
2026-03-04T04:00:00Z,Nordsee_Wind,6.7,9.7,230.0,0,32.0,74.0,1028.3,False,ACTUAL
2026-03-04T04:00:00Z,Augsburg_Solar,6.1,2.6,347.0,0,50.0,54.0,1015.6,True,GFS
2026-03-04T05:00:00Z,Karlsruhe_CCGT,3.9,9.6,283.0,0,83.0,69.0,1029.6,False,ACTUAL
2026-03-04T05:00:00Z,Landshut_OCGT,7.9,8.0,8.0,0,33.0,59.0,1014.3,False,ECMWF
2026-03-04T05:00:00Z,Nordsee_Wind,3.9,8.8,339.0,0,62.0,49.0,1019.7,False,GFS
2026-03-04T05:00:00Z,Augsburg_Solar,4.8,5.3,45.0,0,11.0,70.0,1027.7,False,ECMWF
2026-03-04T06:00:00Z,Karlsruhe_CCGT,5.4,7.4,13.0,0,35.0,43.0,1009.5,False,GFS
2026-03-04T06:00:00Z,Landshut_OCGT,10.1,1.4,20.0,0,100,74.0,1024.4,False,ACTUAL
2026-03-04T06:00:00Z,Nordsee_Wind,4.1,5.6,288.0,0,59.0,55.0,1012.9,False,GFS
2026-03-04T06:00:00Z,Augsburg_Solar,9.1,7.4,212.0,0,17.0,57.0,1025.3,False,GFS
2026-03-04T07:00:00Z,Karlsruhe_CCGT,5.7,8.1,247.0,0,45.0,46.0,1020.1,False,ECMWF
2026-03-04T07:00:00Z,Landshut_OCGT,2.9,1.4,14.0,0,76.0,56.0,1004.0,False,GFS
2026-03-04T07:00:00Z,Nordsee_Wind,4.8,3.9,90.0,0,49.0,74.0,1015.0,True,ECMWF
2026-03-04T07:00:00Z,Augsburg_Solar,8.2,2.4,50.0,89.0,46.0,54.0,1002.7,False,ACTUAL
2026-03-04T08:00:00Z,Karlsruhe_CCGT,4.7,0.9,130.0,0,18.0,89.0,997.8,False,GFS
2026-03-04T08:00:00Z,Landshut_OCGT,5.5,4.9,252.0,0,61.0,95.0,1005.1,True,ACTUAL
2026-03-04T08:00:00Z,Nordsee_Wind,5.9,7.9,107.0,0,75.0,39.0,1018.7,False,GFS
2026-03-04T08:00:00Z,Augsburg_Solar,3.0,1.7,203.0,146.0,55.0,83.0,1015.7,False,ACTUAL
2026-03-04T09:00:00Z,Karlsruhe_CCGT,-0.9,0,45.0,0,25.0,72.0,1007.1,True,ECMWF
2026-03-04T09:00:00Z,Landshut_OCGT,8.0,6.8,127.0,0,42.0,61.0,1014.9,True,ACTUAL
2026-03-04T09:00:00Z,Nordsee_Wind,9.1,6.8,208.0,0,42.0,94.0,1013.5,True,ACTUAL
2026-03-04T09:00:00Z,Augsburg_Solar,5.6,4.9,21.0,171.0,28.0,48.0,1016.0,False,GFS
2026-03-04T10:00:00Z,Karlsruhe_CCGT,-2.0,0,238.0,0,65.0,42.0,1023.3,True,GFS
2026-03-04T10:00:00Z,Landshut_OCGT,3.9,3.5,179.0,0,21.0,68.0,1009.4,True,GFS
2026-03-04T10:00:00Z,Nordsee_Wind,9.7,9.5,269.0,0,51.0,72.0,1024.3,False,ECMWF
2026-03-04T10:00:00Z,Augsburg_Solar,0.8,4.5,38.0,454.0,58.0,71.0,1042.0,True,GFS
2026-03-04T11:00:00Z,Karlsruhe_CCGT,2.9,6.6,221.0,0,37.0,82.0,1017.1,True,ACTUAL
2026-03-04T11:00:00Z,Landshut_OCGT,2.3,2.3,34.0,0,65.0,63.0,1006.6,False,ACTUAL
2026-03-04T11:00:00Z,Nordsee_Wind,5.7,10.4,294.0,0,46.0,40.0,1012.5,True,ACTUAL
2026-03-04T11:00:00Z,Augsburg_Solar,0.1,8.0,134.0,483.0,0,99.0,1011.5,True,ECMWF
2026-03-04T12:00:00Z,Karlsruhe_CCGT,-0.4,0,56.0,0,87.0,80.0,1021.9,False,ACTUAL
2026-03-04T12:00:00Z,Landshut_OCGT,2.3,4.3,336.0,0,40.0,84.0,1002.0,True,GFS
2026-03-04T12:00:00Z,Nordsee_Wind,-2.0,9.1,285.0,0,94.0,30.0,1011.2,False,GFS
2026-03-04T12:00:00Z,Augsburg_Solar,-2.6,4.8,143.0,202.0,43.0,97.0,1016.3,False,ECMWF
2026-03-04T13:00:00Z,Karlsruhe_CCGT,-0.8,2.1,157.0,0,54.0,75.0,1008.6,True,ECMWF
2026-03-04T13:00:00Z,Landshut_OCGT,-0.2,3.3,150.0,0,18.0,77.0,1007.6,False,ACTUAL
2026-03-04T13:00:00Z,Nordsee_Wind,-4.2,10.6,255.0,0,35.0,82.0,997.3,False,ECMWF
2026-03-04T13:00:00Z,Augsburg_Solar,-1.9,1.7,194.0,506.0,25.0,71.0,1007.7,False,ECMWF
2026-03-04T14:00:00Z,Karlsruhe_CCGT,-1.6,3.7,85.0,0,12.0,54.0,1018.6,False,ECMWF
2026-03-04T14:00:00Z,Landshut_OCGT,1.2,6.1,281.0,0,54.0,72.0,1019.1,True,GFS
2026-03-04T14:00:00Z,Nordsee_Wind,0.3,8.7,212.0,0,23.0,52.0,1016.0,True,ACTUAL
2026-03-04T14:00:00Z,Augsburg_Solar,-0.7,1.4,33.0,267.0,59.0,72.0,1007.9,True,GFS
2026-03-04T15:00:00Z,Karlsruhe_CCGT,-4.4,0,64.0,0,73.0,75.0,1011.1,False,ECMWF
2026-03-04T15:00:00Z,Landshut_OCGT,-0.6,2.6,352.0,0,100,74.0,1016.7,False,ECMWF
2026-03-04T15:00:00Z,Nordsee_Wind,-7.0,5.3,283.0,0,48.0,54.0,1013.9,True,ECMWF
2026-03-04T15:00:00Z,Augsburg_Solar,-0.3,2.0,217.0,366.0,60.0,76.0,1020.7,False,GFS
2026-03-04T16:00:00Z,Karlsruhe_CCGT,-2.7,2.6,263.0,0,59.0,69.0,1002.2,False,GFS
2026-03-04T16:00:00Z,Landshut_OCGT,-0.5,0,214.0,0,61.0,89.0,1007.4,True,ECMWF
2026-03-04T16:00:00Z,Nordsee_Wind,-5.2,10.9,171.0,0,65.0,88.0,999.6,False,GFS
2026-03-04T16:00:00Z,Augsburg_Solar,-1.6,3.3,130.0,409.0,73.0,72.0,1012.3,True,ACTUAL
2026-03-04T17:00:00Z,Karlsruhe_CCGT,-2.1,6.2,251.0,0,90.0,33.0,1024.2,False,ECMWF
2026-03-04T17:00:00Z,Landshut_OCGT,-1.1,0,308.0,0,74.0,63.0,1010.0,False,ACTUAL
2026-03-04T17:00:00Z,Nordsee_Wind,-4.7,15.3,152.0,0,15.0,76.0,1002.0,True,GFS
2026-03-04T17:00:00Z,Augsburg_Solar,-3.7,3.9,300.0,279.0,41.0,80.0,1022.7,False,ECMWF
2026-03-04T18:00:00Z,Karlsruhe_CCGT,-4.1,4.4,285.0,0,35.0,79.0,996.8,True,ECMWF
2026-03-04T18:00:00Z,Landshut_OCGT,-3.3,0,16.0,0,35.0,63.0,1015.5,False,ECMWF
2026-03-04T18:00:00Z,Nordsee_Wind,-4.9,8.3,107.0,0,66.0,69.0,1016.7,False,ECMWF
2026-03-04T18:00:00Z,Augsburg_Solar,-8.1,3.2,270.0,130.0,77.0,61.0,995.6,False,ACTUAL
2026-03-04T19:00:00Z,Karlsruhe_CCGT,-3.6,3.3,97.0,0,64.0,62.0,1009.9,True,GFS
2026-03-04T19:00:00Z,Landshut_OCGT,-10.7,4.9,350.0,0,55.0,82.0,1007.5,True,ECMWF
2026-03-04T19:00:00Z,Nordsee_Wind,-3.5,10.6,355.0,0,41.0,59.0,1007.1,False,GFS
2026-03-04T19:00:00Z,Augsburg_Solar,-4.4,5.4,161.0,75.0,14.0,66.0,1019.2,True,ACTUAL
2026-03-04T20:00:00Z,Karlsruhe_CCGT,-4.0,3.8,148.0,0,32.0,75.0,1029.0,True,GFS
2026-03-04T20:00:00Z,Landshut_OCGT,-4.9,8.5,10.0,0,64.0,75.0,1017.4,False,ECMWF
2026-03-04T20:00:00Z,Nordsee_Wind,-3.1,13.0,265.0,0,1.0,72.0,1012.8,True,ACTUAL
2026-03-04T20:00:00Z,Augsburg_Solar,-4.9,7.0,107.0,0.0,36.0,54.0,1023.0,False,ECMWF
2026-03-04T21:00:00Z,Karlsruhe_CCGT,6.9,6.8,284.0,0,6.0,38.0,1005.6,True,ECMWF
2026-03-04T21:00:00Z,Landshut_OCGT,-2.1,0,32.0,0,41.0,77.0,1013.8,False,GFS
2026-03-04T21:00:00Z,Nordsee_Wind,-0.2,12.8,152.0,0,58.0,36.0,1009.1,True,ACTUAL
2026-03-04T21:00:00Z,Augsburg_Solar,-2.7,4.2,58.0,0,48.0,65.0,1014.9,True,ACTUAL
2026-03-04T22:00:00Z,Karlsruhe_CCGT,-4.3,6.9,122.0,0,52.0,47.0,1015.9,False,GFS
2026-03-04T22:00:00Z,Landshut_OCGT,0.7,7.0,226.0,0,27.0,53.0,1011.1,True,ACTUAL
2026-03-04T22:00:00Z,Nordsee_Wind,0.8,9.2,197.0,0,62.0,75.0,1017.5,True,GFS
2026-03-04T22:00:00Z,Augsburg_Solar,-1.1,0,31.0,0,17.0,51.0,1007.7,False,ACTUAL
2026-03-04T23:00:00Z,Karlsruhe_CCGT,4.2,3.2,171.0,0,78.0,55.0,1011.4,False,ACTUAL
2026-03-04T23:00:00Z,Landshut_OCGT,-4.1,0,48.0,0,63.0,82.0,1012.2,False,GFS
2026-03-04T23:00:00Z,Nordsee_Wind,1.9,9.1,355.0,0,38.0,47.0,997.4,False,GFS
2026-03-04T23:00:00Z,Augsburg_Solar,-0.8,0.0,9.0,0,86.0,70.0,1013.4,False,ACTUAL
2026-03-05T00:00:00Z,Karlsruhe_CCGT,3.6,5.4,217.0,0,65.0,67.0,1012.5,True,ACTUAL
2026-03-05T00:00:00Z,Landshut_OCGT,-1.9,3.6,58.0,0,64.0,72.0,1011.2,False,ACTUAL
2026-03-05T00:00:00Z,Nordsee_Wind,2.2,13.1,230.0,0,56.0,61.0,1009.8,True,GFS
2026-03-05T00:00:00Z,Augsburg_Solar,8.8,1.9,143.0,0,40.0,59.0,1011.2,False,ECMWF
2026-03-05T01:00:00Z,Karlsruhe_CCGT,5.2,4.4,239.0,0,13.0,64.0,1010.4,False,ACTUAL
2026-03-05T01:00:00Z,Landshut_OCGT,10.5,6.1,236.0,0,42.0,42.0,1018.3,True,GFS
2026-03-05T01:00:00Z,Nordsee_Wind,4.5,13.1,195.0,0,95.0,46.0,1008.8,False,ECMWF
2026-03-05T01:00:00Z,Augsburg_Solar,3.4,5.5,110.0,0,9.0,48.0,1030.0,False,ECMWF
2026-03-05T02:00:00Z,Karlsruhe_CCGT,6.6,0.5,166.0,0,8.0,63.0,1000.8,False,ECMWF
2026-03-05T02:00:00Z,Landshut_OCGT,2.0,0,223.0,0,19.0,80.0,1006.3,True,ECMWF
2026-03-05T02:00:00Z,Nordsee_Wind,0.4,12.6,63.0,0,77.0,91.0,1004.9,True,ACTUAL
2026-03-05T02:00:00Z,Augsburg_Solar,3.6,0.2,95.0,0,27.0,81.0,1009.5,False,GFS
2026-03-05T03:00:00Z,Karlsruhe_CCGT,0.4,0.9,133.0,0,89.0,52.0,1008.7,False,GFS
2026-03-05T03:00:00Z,Landshut_OCGT,3.6,2.3,225.0,0,80.0,51.0,1016.0,True,ECMWF
2026-03-05T03:00:00Z,Nordsee_Wind,1.9,8.4,344.0,0,30.0,66.0,1010.3,True,ACTUAL
2026-03-05T03:00:00Z,Augsburg_Solar,6.5,0.9,70.0,0,15.0,92.0,1020.3,False,ACTUAL
2026-03-05T04:00:00Z,Karlsruhe_CCGT,3.7,4.6,68.0,0,68.0,59.0,1007.1,True,GFS
2026-03-05T04:00:00Z,Landshut_OCGT,5.2,6.7,33.0,0,43.0,75.0,1017.7,False,GFS
2026-03-05T04:00:00Z,Nordsee_Wind,4.7,8.5,10.0,0,43.0,74.0,1018.6,False,ACTUAL
2026-03-05T04:00:00Z,Augsburg_Solar,1.6,2.2,186.0,0,91.0,52.0,1022.0,True,ACTUAL
2026-03-05T05:00:00Z,Karlsruhe_CCGT,6.5,5.2,230.0,0,40.0,69.0,1009.4,True,ECMWF
2026-03-05T05:00:00Z,Landshut_OCGT,9.4,3.0,42.0,0,37.0,73.0,1010.1,True,ACTUAL
2026-03-05T05:00:00Z,Nordsee_Wind,8.9,12.2,222.0,0,43.0,41.0,1011.4,True,GFS
2026-03-05T05:00:00Z,Augsburg_Solar,6.1,0,125.0,0,53.0,47.0,1021.2,True,ACTUAL
2026-03-05T06:00:00Z,Karlsruhe_CCGT,9.7,4.2,187.0,0,72.0,64.0,1013.8,False,GFS
2026-03-05T06:00:00Z,Landshut_OCGT,6.0,4.5,154.0,0,74.0,62.0,1009.6,False,ACTUAL
2026-03-05T06:00:00Z,Nordsee_Wind,9.1,8.3,218.0,0,38.0,69.0,1011.4,False,ECMWF
2026-03-05T06:00:00Z,Augsburg_Solar,6.9,0.5,239.0,0,27.0,41.0,1022.9,True,ECMWF
2026-03-05T07:00:00Z,Karlsruhe_CCGT,9.1,3.0,177.0,0,77.0,93.0,1000.8,False,ECMWF
2026-03-05T07:00:00Z,Landshut_OCGT,1.4,5.5,210.0,0,51.0,72.0,1017.9,False,ACTUAL
2026-03-05T07:00:00Z,Nordsee_Wind,5.4,8.9,12.0,0,29.0,78.0,1013.2,False,ACTUAL
2026-03-05T07:00:00Z,Augsburg_Solar,8.6,5.4,170.0,97.0,66.0,76.0,1011.8,False,ACTUAL
2026-03-05T08:00:00Z,Karlsruhe_CCGT,6.2,0.8,27.0,0,59.0,75.0,1017.0,True,ECMWF
2026-03-05T08:00:00Z,Landshut_OCGT,8.8,4.4,230.0,0,0.0,46.0,1004.5,True,ECMWF
2026-03-05T08:00:00Z,Nordsee_Wind,10.2,8.3,336.0,0,43.0,42.0,1006.9,False,ECMWF
2026-03-05T08:00:00Z,Augsburg_Solar,3.1,8.9,221.0,135.0,25.0,50.0,1013.3,True,ACTUAL
2026-03-05T09:00:00Z,Karlsruhe_CCGT,2.4,3.3,241.0,0,20.0,45.0,1014.9,True,GFS
2026-03-05T09:00:00Z,Landshut_OCGT,9.4,1.7,242.0,0,17.0,70.0,1018.6,False,ACTUAL
2026-03-05T09:00:00Z,Nordsee_Wind,3.7,8.5,229.0,0,17.0,60.0,1009.7,False,GFS
2026-03-05T09:00:00Z,Augsburg_Solar,3.0,0.2,268.0,374.0,44.0,75.0,1007.2,False,ECMWF
2026-03-05T10:00:00Z,Karlsruhe_CCGT,11.0,6.9,313.0,0,72.0,71.0,994.8,True,GFS
2026-03-05T10:00:00Z,Landshut_OCGT,8.1,0,81.0,0,81.0,57.0,1029.9,True,ACTUAL
2026-03-05T10:00:00Z,Nordsee_Wind,1.9,5.6,253.0,0,61.0,44.0,993.0,False,GFS
2026-03-05T10:00:00Z,Augsburg_Solar,2.6,6.9,72.0,167.0,31.0,59.0,1013.9,False,ECMWF
2026-03-05T11:00:00Z,Karlsruhe_CCGT,5.0,8.0,76.0,0,68.0,62.0,1027.8,True,ACTUAL
2026-03-05T11:00:00Z,Landshut_OCGT,4.5,7.6,297.0,0,35.0,56.0,1024.5,False,ECMWF
2026-03-05T11:00:00Z,Nordsee_Wind,5.4,6.4,229.0,0,75.0,78.0,1025.5,True,ECMWF
2026-03-05T11:00:00Z,Augsburg_Solar,2.3,3.7,40.0,235.0,35.0,57.0,1013.6,False,ACTUAL
2026-03-05T12:00:00Z,Karlsruhe_CCGT,3.2,3.7,227.0,0,88.0,54.0,1003.0,False,GFS
2026-03-05T12:00:00Z,Landshut_OCGT,2.0,1.5,118.0,0,0,67.0,1011.8,False,GFS
2026-03-05T12:00:00Z,Nordsee_Wind,-1.3,8.3,166.0,0,70.0,65.0,1007.5,False,ACTUAL
2026-03-05T12:00:00Z,Augsburg_Solar,-0.1,5.6,154.0,361.0,65.0,63.0,1008.9,False,GFS
2026-03-05T13:00:00Z,Karlsruhe_CCGT,-2.4,3.5,283.0,0,32.0,69.0,1012.7,True,GFS
2026-03-05T13:00:00Z,Landshut_OCGT,4.2,7.5,11.0,0,62.0,65.0,1004.3,True,ECMWF
2026-03-05T13:00:00Z,Nordsee_Wind,-5.0,11.0,26.0,0,59.0,55.0,1014.2,False,GFS
2026-03-05T13:00:00Z,Augsburg_Solar,-1.6,1.6,134.0,392.0,25.0,61.0,1012.5,True,GFS
2026-03-05T14:00:00Z,Karlsruhe_CCGT,1.2,4.5,139.0,0,63.0,71.0,1012.2,True,ACTUAL
2026-03-05T14:00:00Z,Landshut_OCGT,-7.2,6.2,266.0,0,30.0,73.0,1012.1,True,ECMWF
2026-03-05T14:00:00Z,Nordsee_Wind,-1.3,13.3,182.0,0,59.0,67.0,1014.4,False,GFS
2026-03-05T14:00:00Z,Augsburg_Solar,0.6,13.0,208.0,578.0,44.0,40.0,1014.2,True,GFS
2026-03-05T15:00:00Z,Karlsruhe_CCGT,-2.2,3.6,219.0,0,36.0,42.0,1014.6,True,ECMWF
2026-03-05T15:00:00Z,Landshut_OCGT,-1.6,5.3,149.0,0,37.0,83.0,1010.6,True,ECMWF
2026-03-05T15:00:00Z,Nordsee_Wind,-9.6,3.3,290.0,0,48.0,70.0,1016.6,True,ECMWF
2026-03-05T15:00:00Z,Augsburg_Solar,-4.5,2.9,209.0,524.0,61.0,62.0,1010.4,True,ECMWF
2026-03-05T16:00:00Z,Karlsruhe_CCGT,-3.6,2.4,342.0,0,41.0,60.0,1009.9,False,ECMWF
2026-03-05T16:00:00Z,Landshut_OCGT,-3.6,4.9,211.0,0,94.0,71.0,1017.2,True,ACTUAL
2026-03-05T16:00:00Z,Nordsee_Wind,-3.0,11.3,103.0,0,24.0,33.0,1001.9,True,GFS
2026-03-05T16:00:00Z,Augsburg_Solar,-3.3,2.2,82.0,181.0,93.0,79.0,1016.0,True,GFS
2026-03-05T17:00:00Z,Karlsruhe_CCGT,-4.5,6.2,351.0,0,13.0,67.0,1010.9,False,GFS
2026-03-05T17:00:00Z,Landshut_OCGT,-3.2,0,14.0,0,38.0,52.0,1023.2,True,ECMWF
2026-03-05T17:00:00Z,Nordsee_Wind,-5.6,9.1,290.0,0,64.0,76.0,1000.0,False,ACTUAL
2026-03-05T17:00:00Z,Augsburg_Solar,-1.6,2.7,95.0,316.0,95.0,42.0,1005.6,True,GFS
2026-03-05T18:00:00Z,Karlsruhe_CCGT,-8.4,4.3,130.0,0,45.0,83.0,1004.7,True,GFS
2026-03-05T18:00:00Z,Landshut_OCGT,-3.0,3.1,9.0,0,68.0,65.0,1008.7,False,ECMWF
2026-03-05T18:00:00Z,Nordsee_Wind,0.9,11.9,68.0,0,39.0,77.0,1030.0,True,ACTUAL
2026-03-05T18:00:00Z,Augsburg_Solar,-7.2,7.9,304.0,112.0,47.0,81.0,995.1,False,ECMWF
2026-03-05T19:00:00Z,Karlsruhe_CCGT,-2.1,4.8,226.0,0,54.0,74.0,1024.8,True,ECMWF
2026-03-05T19:00:00Z,Landshut_OCGT,-4.2,0,18.0,0,47.0,67.0,997.2,False,ECMWF
2026-03-05T19:00:00Z,Nordsee_Wind,-1.5,5.0,135.0,0,45.0,100,1029.4,False,ACTUAL
2026-03-05T19:00:00Z,Augsburg_Solar,-4.3,5.5,332.0,90.0,53.0,98.0,1011.4,True,GFS
2026-03-05T20:00:00Z,Karlsruhe_CCGT,-4.6,5.6,253.0,0,44.0,65.0,1026.6,False,ECMWF
2026-03-05T20:00:00Z,Landshut_OCGT,-0.3,11.0,74.0,0,29.0,71.0,1015.0,False,GFS
2026-03-05T20:00:00Z,Nordsee_Wind,0.4,10.7,313.0,0,46.0,61.0,1010.0,False,ACTUAL
2026-03-05T20:00:00Z,Augsburg_Solar,-6.0,0.1,137.0,0.0,19.0,53.0,1011.6,True,GFS
2026-03-05T21:00:00Z,Karlsruhe_CCGT,-4.0,2.5,61.0,0,0,64.0,1017.0,True,GFS
2026-03-05T21:00:00Z,Landshut_OCGT,-2.4,2.8,344.0,0,42.0,76.0,1009.8,True,ECMWF
2026-03-05T21:00:00Z,Nordsee_Wind,2.2,3.6,209.0,0,46.0,41.0,1012.1,False,ACTUAL
2026-03-05T21:00:00Z,Augsburg_Solar,-0.3,0.1,161.0,0,46.0,69.0,1023.7,False,GFS
2026-03-05T22:00:00Z,Karlsruhe_CCGT,-4.5,9.1,164.0,0,50.0,41.0,1018.6,True,ECMWF
2026-03-05T22:00:00Z,Landshut_OCGT,-1.1,0,169.0,0,54.0,50.0,1010.8,True,ECMWF
2026-03-05T22:00:00Z,Nordsee_Wind,-2.5,6.1,18.0,0,70.0,57.0,1012.8,False,ACTUAL
2026-03-05T22:00:00Z,Augsburg_Solar,3.0,4.2,354.0,0,33.0,46.0,1022.0,True,GFS
2026-03-05T23:00:00Z,Karlsruhe_CCGT,1.1,0,250.0,0,37.0,55.0,1024.7,True,GFS
2026-03-05T23:00:00Z,Landshut_OCGT,4.3,0.5,95.0,0,82.0,61.0,1016.3,True,ECMWF
2026-03-05T23:00:00Z,Nordsee_Wind,-4.2,7.6,162.0,0,63.0,65.0,997.5,False,ACTUAL
2026-03-05T23:00:00Z,Augsburg_Solar,3.6,6.1,253.0,0,43.0,70.0,1015.6,False,ECMWF
2026-03-06T00:00:00Z,Karlsruhe_CCGT,0.0,5.2,349.0,0,90.0,91.0,1015.6,True,ACTUAL
2026-03-06T00:00:00Z,Landshut_OCGT,-0.1,0,344.0,0,15.0,50.0,1011.6,True,ECMWF
2026-03-06T00:00:00Z,Nordsee_Wind,0.5,9.0,67.0,0,63.0,51.0,1008.2,True,GFS
2026-03-06T00:00:00Z,Augsburg_Solar,1.7,1.2,84.0,0,15.0,33.0,1023.8,True,ACTUAL
2026-03-06T01:00:00Z,Karlsruhe_CCGT,3.3,2.9,184.0,0,0,60.0,1027.5,True,ECMWF
2026-03-06T01:00:00Z,Landshut_OCGT,0.8,1.1,308.0,0,32.0,70.0,1002.8,True,GFS
2026-03-06T01:00:00Z,Nordsee_Wind,-1.2,4.9,354.0,0,94.0,44.0,1016.9,False,ACTUAL
2026-03-06T01:00:00Z,Augsburg_Solar,0.8,1.9,301.0,0,38.0,51.0,1009.0,False,GFS
2026-03-06T02:00:00Z,Karlsruhe_CCGT,3.8,0.3,209.0,0,10.0,59.0,1014.0,False,ECMWF
2026-03-06T02:00:00Z,Landshut_OCGT,5.7,6.2,29.0,0,44.0,45.0,1010.4,False,GFS
2026-03-06T02:00:00Z,Nordsee_Wind,3.3,10.0,138.0,0,80.0,90.0,1006.8,False,ECMWF
2026-03-06T02:00:00Z,Augsburg_Solar,8.4,3.5,256.0,0,31.0,66.0,1000.9,False,GFS
2026-03-06T03:00:00Z,Karlsruhe_CCGT,7.5,6.4,280.0,0,67.0,54.0,1000.7,False,ECMWF
2026-03-06T03:00:00Z,Landshut_OCGT,3.6,0.4,274.0,0,20.0,80.0,1001.5,True,ECMWF
2026-03-06T03:00:00Z,Nordsee_Wind,8.0,14.1,61.0,0,99.0,54.0,1003.9,False,ACTUAL
2026-03-06T03:00:00Z,Augsburg_Solar,5.2,0.2,84.0,0,59.0,57.0,1016.9,True,ECMWF
2026-03-06T04:00:00Z,Karlsruhe_CCGT,3.5,2.8,38.0,0,54.0,51.0,1010.2,False,ECMWF
2026-03-06T04:00:00Z,Landshut_OCGT,-1.1,7.5,73.0,0,30.0,89.0,1003.1,True,ECMWF
2026-03-06T04:00:00Z,Nordsee_Wind,9.2,3.2,184.0,0,67.0,60.0,1019.6,True,GFS
2026-03-06T04:00:00Z,Augsburg_Solar,0.9,0,179.0,0,55.0,92.0,1019.2,False,ACTUAL
2026-03-06T05:00:00Z,Karlsruhe_CCGT,7.1,2.5,159.0,0,48.0,67.0,1004.9,False,GFS
2026-03-06T05:00:00Z,Landshut_OCGT,7.5,6.0,248.0,0,80.0,62.0,1017.1,True,ECMWF
2026-03-06T05:00:00Z,Nordsee_Wind,6.3,7.1,208.0,0,54.0,61.0,1008.6,True,ECMWF
2026-03-06T05:00:00Z,Augsburg_Solar,12.3,4.1,157.0,0,58.0,71.0,1014.9,True,ACTUAL
2026-03-06T06:00:00Z,Karlsruhe_CCGT,8.2,0.2,126.0,0,18.0,63.0,1019.5,True,ECMWF
2026-03-06T06:00:00Z,Landshut_OCGT,4.2,5.0,344.0,0,82.0,83.0,1007.9,True,GFS
2026-03-06T06:00:00Z,Nordsee_Wind,2.2,7.8,313.0,0,71.0,89.0,1008.0,False,GFS
2026-03-06T06:00:00Z,Augsburg_Solar,9.2,0,195.0,0,54.0,79.0,1006.4,True,GFS
2026-03-06T07:00:00Z,Karlsruhe_CCGT,7.3,4.5,141.0,0,0,66.0,1010.8,True,ACTUAL
2026-03-06T07:00:00Z,Landshut_OCGT,5.9,4.6,129.0,0,74.0,58.0,1007.0,False,ACTUAL
2026-03-06T07:00:00Z,Nordsee_Wind,6.6,3.6,305.0,0,54.0,70.0,1017.6,False,ACTUAL
2026-03-06T07:00:00Z,Augsburg_Solar,4.7,2.8,359.0,83.0,96.0,51.0,1018.0,False,GFS
2026-03-06T08:00:00Z,Karlsruhe_CCGT,7.1,0,203.0,0,49.0,51.0,1023.4,False,ACTUAL
2026-03-06T08:00:00Z,Landshut_OCGT,0.2,5.5,150.0,0,57.0,82.0,1000.9,True,ECMWF
2026-03-06T08:00:00Z,Nordsee_Wind,6.8,8.1,327.0,0,43.0,43.0,1014.9,False,ECMWF
2026-03-06T08:00:00Z,Augsburg_Solar,3.7,3.4,199.0,189.0,72.0,51.0,1007.1,False,GFS
2026-03-06T09:00:00Z,Karlsruhe_CCGT,5.7,0,204.0,0,46.0,67.0,1017.2,True,GFS
2026-03-06T09:00:00Z,Landshut_OCGT,7.5,0.2,292.0,0,63.0,44.0,1009.8,False,ECMWF
2026-03-06T09:00:00Z,Nordsee_Wind,7.9,9.9,322.0,0,50.0,64.0,1010.3,True,ECMWF
2026-03-06T09:00:00Z,Augsburg_Solar,6.3,1.9,112.0,262.0,75.0,57.0,1011.7,False,GFS
2026-03-06T10:00:00Z,Karlsruhe_CCGT,7.4,6.8,300.0,0,0,89.0,1006.2,True,ECMWF
2026-03-06T10:00:00Z,Landshut_OCGT,9.3,1.4,282.0,0,50.0,55.0,1003.7,False,GFS
2026-03-06T10:00:00Z,Nordsee_Wind,5.3,7.5,273.0,0,58.0,54.0,1005.4,True,GFS
2026-03-06T10:00:00Z,Augsburg_Solar,2.6,5.1,216.0,373.0,86.0,67.0,1022.4,False,ACTUAL
2026-03-06T11:00:00Z,Karlsruhe_CCGT,-1.5,0,15.0,0,87.0,55.0,1014.4,False,ACTUAL
2026-03-06T11:00:00Z,Landshut_OCGT,3.7,2.7,25.0,0,33.0,44.0,1006.8,False,ACTUAL
2026-03-06T11:00:00Z,Nordsee_Wind,6.8,6.4,154.0,0,45.0,79.0,1018.0,True,GFS
2026-03-06T11:00:00Z,Augsburg_Solar,1.8,4.1,291.0,438.0,82.0,72.0,1008.4,True,GFS
2026-03-06T12:00:00Z,Karlsruhe_CCGT,-3.6,5.6,84.0,0,85.0,65.0,1019.8,False,ECMWF
2026-03-06T12:00:00Z,Landshut_OCGT,2.1,7.8,38.0,0,50.0,35.0,1011.9,True,GFS
2026-03-06T12:00:00Z,Nordsee_Wind,0.1,13.5,302.0,0,47.0,84.0,999.6,False,ACTUAL
2026-03-06T12:00:00Z,Augsburg_Solar,-1.9,4.5,122.0,314.0,42.0,70.0,1019.1,True,ACTUAL
2026-03-06T13:00:00Z,Karlsruhe_CCGT,5.5,0,329.0,0,56.0,31.0,1013.0,False,GFS
2026-03-06T13:00:00Z,Landshut_OCGT,3.6,3.8,286.0,0,49.0,68.0,1002.4,False,ACTUAL
2026-03-06T13:00:00Z,Nordsee_Wind,2.5,2.2,94.0,0,48.0,56.0,1008.1,False,ECMWF
2026-03-06T13:00:00Z,Augsburg_Solar,2.9,5.2,108.0,214.0,58.0,54.0,1005.2,True,ACTUAL
2026-03-06T14:00:00Z,Karlsruhe_CCGT,-1.7,0.4,101.0,0,32.0,59.0,1007.8,False,ACTUAL
2026-03-06T14:00:00Z,Landshut_OCGT,-0.2,1.6,4.0,0,26.0,45.0,1016.6,False,ACTUAL
2026-03-06T14:00:00Z,Nordsee_Wind,-1.4,7.4,282.0,0,26.0,76.0,1015.4,False,ECMWF
2026-03-06T14:00:00Z,Augsburg_Solar,-0.2,1.3,183.0,391.0,99.0,47.0,1004.3,False,ACTUAL
2026-03-06T15:00:00Z,Karlsruhe_CCGT,-1.2,0.2,293.0,0,52.0,46.0,1013.4,True,GFS
2026-03-06T15:00:00Z,Landshut_OCGT,-1.1,4.8,360.0,0,37.0,69.0,1025.6,False,ACTUAL
2026-03-06T15:00:00Z,Nordsee_Wind,-5.0,0.9,256.0,0,23.0,81.0,1003.2,True,ECMWF
2026-03-06T15:00:00Z,Augsburg_Solar,-2.3,8.0,114.0,288.0,26.0,69.0,1004.3,False,GFS
2026-03-06T16:00:00Z,Karlsruhe_CCGT,2.5,3.7,312.0,0,45.0,77.0,1018.8,False,ECMWF
2026-03-06T16:00:00Z,Landshut_OCGT,-5.9,3.9,325.0,0,63.0,23.0,1000.3,True,ECMWF
2026-03-06T16:00:00Z,Nordsee_Wind,-7.1,5.1,226.0,0,100,48.0,1016.4,False,GFS
2026-03-06T16:00:00Z,Augsburg_Solar,-3.1,4.2,3.0,314.0,0,68.0,1014.2,False,GFS
2026-03-06T17:00:00Z,Karlsruhe_CCGT,-5.9,7.5,266.0,0,34.0,53.0,1028.2,True,ACTUAL
2026-03-06T17:00:00Z,Landshut_OCGT,4.0,8.5,129.0,0,27.0,67.0,1015.2,True,ACTUAL
2026-03-06T17:00:00Z,Nordsee_Wind,-2.7,7.8,240.0,0,84.0,97.0,1001.1,False,ACTUAL
2026-03-06T17:00:00Z,Augsburg_Solar,-3.0,2.3,200.0,367.0,31.0,60.0,1017.1,False,GFS
2026-03-06T18:00:00Z,Karlsruhe_CCGT,-6.2,0,74.0,0,64.0,77.0,999.9,False,GFS
2026-03-06T18:00:00Z,Landshut_OCGT,-0.2,5.6,63.0,0,67.0,63.0,1016.1,True,ECMWF
2026-03-06T18:00:00Z,Nordsee_Wind,-2.9,4.3,223.0,0,12.0,27.0,1016.4,True,ECMWF
2026-03-06T18:00:00Z,Augsburg_Solar,1.5,0.3,42.0,173.0,73.0,53.0,1021.3,True,ECMWF
2026-03-06T19:00:00Z,Karlsruhe_CCGT,-4.5,6.0,91.0,0,30.0,58.0,1021.8,False,ACTUAL
2026-03-06T19:00:00Z,Landshut_OCGT,-7.0,3.2,192.0,0,35.0,67.0,1028.2,False,ACTUAL
2026-03-06T19:00:00Z,Nordsee_Wind,-1.6,10.3,39.0,0,16.0,70.0,1002.7,True,GFS
2026-03-06T19:00:00Z,Augsburg_Solar,-5.3,0,108.0,106.0,75.0,75.0,1001.0,False,ECMWF
2026-03-06T20:00:00Z,Karlsruhe_CCGT,1.0,1.7,30.0,0,76.0,66.0,1005.3,False,ECMWF
2026-03-06T20:00:00Z,Landshut_OCGT,-6.9,3.6,192.0,0,16.0,45.0,1008.9,False,ECMWF
2026-03-06T20:00:00Z,Nordsee_Wind,-2.3,11.8,358.0,0,24.0,67.0,1010.7,True,GFS
2026-03-06T20:00:00Z,Augsburg_Solar,-3.7,1.1,149.0,0.0,68.0,57.0,1006.8,False,ACTUAL
2026-03-06T21:00:00Z,Karlsruhe_CCGT,-0.5,2.1,211.0,0,38.0,58.0,1015.2,False,GFS
2026-03-06T21:00:00Z,Landshut_OCGT,-3.0,0.7,182.0,0,70.0,79.0,1010.8,True,ECMWF
2026-03-06T21:00:00Z,Nordsee_Wind,-0.8,7.4,300.0,0,90.0,47.0,1019.7,False,ACTUAL
2026-03-06T21:00:00Z,Augsburg_Solar,-1.9,5.2,58.0,0,62.0,87.0,1011.1,False,ACTUAL
2026-03-06T22:00:00Z,Karlsruhe_CCGT,-2.8,4.7,74.0,0,8.0,46.0,1010.0,False,ECMWF
2026-03-06T22:00:00Z,Landshut_OCGT,1.9,5.6,260.0,0,48.0,95.0,1010.1,True,GFS
2026-03-06T22:00:00Z,Nordsee_Wind,-1.6,9.7,196.0,0,37.0,58.0,1020.0,True,ACTUAL
2026-03-06T22:00:00Z,Augsburg_Solar,-0.6,0.2,202.0,0,66.0,41.0,1020.1,False,ECMWF
2026-03-06T23:00:00Z,Karlsruhe_CCGT,2.9,0,240.0,0,51.0,56.0,1015.4,False,ACTUAL
2026-03-06T23:00:00Z,Landshut_OCGT,3.2,0.8,189.0,0,40.0,94.0,1006.4,False,GFS
2026-03-06T23:00:00Z,Nordsee_Wind,0.2,4.7,40.0,0,51.0,51.0,1005.9,True,GFS
2026-03-06T23:00:00Z,Augsburg_Solar,1.5,3.5,303.0,0,3.0,69.0,1002.4,True,ECMWF
2026-03-07T00:00:00Z,Karlsruhe_CCGT,-1.3,0,171.0,0,44.0,83.0,1016.2,True,GFS
2026-03-07T00:00:00Z,Landshut_OCGT,2.4,0,167.0,0,25.0,20,1020.9,True,ECMWF
2026-03-07T00:00:00Z,Nordsee_Wind,5.9,10.4,118.0,0,70.0,90.0,1017.5,False,ACTUAL
2026-03-07T00:00:00Z,Augsburg_Solar,-1.1,2.4,132.0,0,62.0,100,1010.9,True,GFS
2026-03-07T01:00:00Z,Karlsruhe_CCGT,0.3,6.8,256.0,0,84.0,73.0,1021.3,False,ACTUAL
2026-03-07T01:00:00Z,Landshut_OCGT,-0.5,2.9,163.0,0,37.0,53.0,1011.6,True,ECMWF
2026-03-07T01:00:00Z,Nordsee_Wind,3.2,10.6,120.0,0,64.0,71.0,1011.8,False,ACTUAL
2026-03-07T01:00:00Z,Augsburg_Solar,2.6,0.4,286.0,0,33.0,66.0,1007.0,True,ACTUAL
2026-03-07T02:00:00Z,Karlsruhe_CCGT,4.7,4.1,29.0,0,61.0,63.0,1011.8,True,GFS
2026-03-07T02:00:00Z,Landshut_OCGT,11.6,3.2,58.0,0,47.0,49.0,1005.6,True,GFS
2026-03-07T02:00:00Z,Nordsee_Wind,9.3,5.0,146.0,0,37.0,59.0,1002.7,False,GFS
2026-03-07T02:00:00Z,Augsburg_Solar,3.3,3.0,38.0,0,7.0,62.0,1004.8,True,GFS
2026-03-07T03:00:00Z,Karlsruhe_CCGT,3.9,5.6,52.0,0,77.0,56.0,1002.7,False,ECMWF
2026-03-07T03:00:00Z,Landshut_OCGT,4.8,1.1,279.0,0,31.0,47.0,1008.9,True,ECMWF
2026-03-07T03:00:00Z,Nordsee_Wind,9.4,6.0,94.0,0,88.0,62.0,1018.3,False,GFS
2026-03-07T03:00:00Z,Augsburg_Solar,3.7,0,229.0,0,23.0,52.0,1016.5,False,ACTUAL
2026-03-07T04:00:00Z,Karlsruhe_CCGT,3.1,4.1,327.0,0,58.0,58.0,1012.6,True,GFS
2026-03-07T04:00:00Z,Landshut_OCGT,9.4,0,257.0,0,67.0,49.0,991.2,True,GFS
2026-03-07T04:00:00Z,Nordsee_Wind,8.0,11.5,329.0,0,44.0,69.0,1006.1,False,ECMWF
2026-03-07T04:00:00Z,Augsburg_Solar,4.9,1.7,340.0,0,13.0,46.0,1001.9,True,ACTUAL
2026-03-07T05:00:00Z,Karlsruhe_CCGT,11.5,0,62.0,0,40.0,57.0,1027.1,True,GFS
2026-03-07T05:00:00Z,Landshut_OCGT,4.0,3.6,18.0,0,36.0,34.0,1014.5,True,ECMWF
2026-03-07T05:00:00Z,Nordsee_Wind,11.3,4.3,173.0,0,38.0,82.0,1020.6,False,GFS
2026-03-07T05:00:00Z,Augsburg_Solar,1.7,7.6,76.0,0,28.0,76.0,1017.5,True,ACTUAL
2026-03-07T06:00:00Z,Karlsruhe_CCGT,0.7,7.2,262.0,0,83.0,47.0,1011.1,True,ECMWF
2026-03-07T06:00:00Z,Landshut_OCGT,2.5,0.9,220.0,0,36.0,95.0,1011.1,True,GFS
2026-03-07T06:00:00Z,Nordsee_Wind,6.4,10.6,212.0,0,91.0,70.0,1017.6,True,ECMWF
2026-03-07T06:00:00Z,Augsburg_Solar,4.2,6.3,347.0,0,48.0,79.0,1010.2,True,ECMWF
2026-03-07T07:00:00Z,Karlsruhe_CCGT,10.1,2.8,273.0,0,43.0,72.0,1020.9,True,ACTUAL
2026-03-07T07:00:00Z,Landshut_OCGT,4.1,7.3,334.0,0,37.0,54.0,1011.7,False,ECMWF
2026-03-07T07:00:00Z,Nordsee_Wind,11.1,2.0,326.0,0,36.0,79.0,1020.3,True,GFS
2026-03-07T07:00:00Z,Augsburg_Solar,6.4,4.7,307.0,96.0,25.0,53.0,1016.7,True,ACTUAL
2026-03-07T08:00:00Z,Karlsruhe_CCGT,9.7,4.9,75.0,0,42.0,86.0,1017.7,True,GFS
2026-03-07T08:00:00Z,Landshut_OCGT,4.4,2.1,225.0,0,76.0,62.0,1014.9,False,ACTUAL
2026-03-07T08:00:00Z,Nordsee_Wind,7.8,4.3,213.0,0,51.0,24.0,1024.0,True,GFS
2026-03-07T08:00:00Z,Augsburg_Solar,5.8,1.5,175.0,144.0,4.0,50.0,1014.6,True,ACTUAL
2026-03-07T09:00:00Z,Karlsruhe_CCGT,4.5,3.9,108.0,0,55.0,71.0,1014.4,False,GFS
2026-03-07T09:00:00Z,Landshut_OCGT,2.5,1.7,187.0,0,56.0,91.0,1014.1,True,ECMWF
2026-03-07T09:00:00Z,Nordsee_Wind,3.4,7.7,358.0,0,59.0,31.0,1024.7,False,GFS
2026-03-07T09:00:00Z,Augsburg_Solar,5.2,0,202.0,131.0,73.0,56.0,1024.4,False,ACTUAL
2026-03-07T10:00:00Z,Karlsruhe_CCGT,5.9,0.2,279.0,0,80.0,65.0,1022.4,True,ACTUAL
2026-03-07T10:00:00Z,Landshut_OCGT,7.0,1.0,284.0,0,33.0,68.0,1031.7,True,GFS
2026-03-07T10:00:00Z,Nordsee_Wind,7.3,9.3,35.0,0,29.0,86.0,1003.1,False,ECMWF
2026-03-07T10:00:00Z,Augsburg_Solar,4.3,3.5,9.0,275.0,58.0,49.0,1022.6,True,ECMWF
2026-03-07T11:00:00Z,Karlsruhe_CCGT,2.9,0.2,46.0,0,44.0,73.0,1004.5,True,GFS
2026-03-07T11:00:00Z,Landshut_OCGT,1.7,0,277.0,0,30.0,76.0,1030.7,False,ACTUAL
2026-03-07T11:00:00Z,Nordsee_Wind,7.0,7.2,13.0,0,80.0,50.0,1005.0,True,ECMWF
2026-03-07T11:00:00Z,Augsburg_Solar,2.8,7.7,59.0,389.0,39.0,80.0,1017.4,False,ECMWF
2026-03-07T12:00:00Z,Karlsruhe_CCGT,-0.8,3.7,37.0,0,58.0,69.0,1013.9,True,GFS
2026-03-07T12:00:00Z,Landshut_OCGT,1.1,0.2,39.0,0,7.0,60.0,1008.3,True,GFS
2026-03-07T12:00:00Z,Nordsee_Wind,0.7,9.7,171.0,0,74.0,69.0,1010.4,True,ECMWF
2026-03-07T12:00:00Z,Augsburg_Solar,1.8,2.5,269.0,282.0,45.0,94.0,1015.1,False,ACTUAL
2026-03-07T13:00:00Z,Karlsruhe_CCGT,1.9,1.1,317.0,0,57.0,84.0,1010.5,False,ACTUAL
2026-03-07T13:00:00Z,Landshut_OCGT,-3.1,3.6,132.0,0,85.0,83.0,1014.9,False,GFS
2026-03-07T13:00:00Z,Nordsee_Wind,10.1,4.2,149.0,0,24.0,62.0,1010.2,True,GFS
2026-03-07T13:00:00Z,Augsburg_Solar,-0.8,0,295.0,585.0,53.0,41.0,1011.7,False,ACTUAL
2026-03-07T14:00:00Z,Karlsruhe_CCGT,0.6,1.8,3.0,0,83.0,61.0,1004.6,True,GFS
2026-03-07T14:00:00Z,Landshut_OCGT,-3.7,0,255.0,0,0,35.0,1004.1,True,GFS
2026-03-07T14:00:00Z,Nordsee_Wind,1.3,9.1,235.0,0,53.0,87.0,998.0,False,ACTUAL
2026-03-07T14:00:00Z,Augsburg_Solar,1.0,5.9,343.0,191.0,51.0,50.0,1024.7,True,ECMWF
2026-03-07T15:00:00Z,Karlsruhe_CCGT,-3.9,0,133.0,0,35.0,72.0,1020.0,True,GFS
2026-03-07T15:00:00Z,Landshut_OCGT,0.6,1.1,25.0,0,21.0,73.0,1015.2,True,ACTUAL
2026-03-07T15:00:00Z,Nordsee_Wind,-1.4,1.1,283.0,0,64.0,76.0,1016.6,False,ACTUAL
2026-03-07T15:00:00Z,Augsburg_Solar,-4.0,5.2,25.0,375.0,65.0,72.0,1021.1,True,ACTUAL
2026-03-07T16:00:00Z,Karlsruhe_CCGT,-6.6,2.5,131.0,0,32.0,65.0,1012.6,True,GFS
2026-03-07T16:00:00Z,Landshut_OCGT,0.4,1.8,168.0,0,41.0,39.0,1010.1,True,GFS
2026-03-07T16:00:00Z,Nordsee_Wind,-0.5,6.2,173.0,0,26.0,73.0,1022.5,True,GFS
2026-03-07T16:00:00Z,Augsburg_Solar,-5.8,0.9,228.0,148.0,33.0,66.0,1027.6,False,GFS
2026-03-07T17:00:00Z,Karlsruhe_CCGT,-6.6,0,249.0,0,81.0,67.0,1019.5,True,ACTUAL
2026-03-07T17:00:00Z,Landshut_OCGT,-1.9,5.2,21.0,0,57.0,49.0,1011.1,True,ACTUAL
2026-03-07T17:00:00Z,Nordsee_Wind,-4.0,2.3,61.0,0,73.0,84.0,1014.4,True,ECMWF
2026-03-07T17:00:00Z,Augsburg_Solar,-2.1,4.9,180.0,135.0,46.0,94.0,1012.2,False,ECMWF
2026-03-07T18:00:00Z,Karlsruhe_CCGT,-6.9,3.8,169.0,0,51.0,43.0,1015.7,False,ACTUAL
2026-03-07T18:00:00Z,Landshut_OCGT,-4.9,3.9,199.0,0,14.0,63.0,1005.6,False,ACTUAL
2026-03-07T18:00:00Z,Nordsee_Wind,-3.4,5.9,15.0,0,1.0,64.0,1002.6,True,ECMWF
2026-03-07T18:00:00Z,Augsburg_Solar,-14.4,3.8,121.0,140.0,24.0,71.0,1003.0,True,ECMWF
2026-03-07T19:00:00Z,Karlsruhe_CCGT,-2.6,0.2,338.0,0,41.0,56.0,1021.6,False,ECMWF
2026-03-07T19:00:00Z,Landshut_OCGT,-3.4,6.6,74.0,0,77.0,71.0,1010.9,False,GFS
2026-03-07T19:00:00Z,Nordsee_Wind,-3.1,10.1,100.0,0,18.0,70.0,1018.4,True,ACTUAL
2026-03-07T19:00:00Z,Augsburg_Solar,-1.5,6.6,309.0,78.0,68.0,82.0,1012.9,False,ACTUAL
2026-03-07T20:00:00Z,Karlsruhe_CCGT,-8.3,1.2,172.0,0,58.0,100,1006.7,True,ECMWF
2026-03-07T20:00:00Z,Landshut_OCGT,-6.0,2.7,128.0,0,55.0,67.0,1020.0,False,ACTUAL
2026-03-07T20:00:00Z,Nordsee_Wind,-3.4,8.4,31.0,0,29.0,69.0,1006.9,True,ECMWF
2026-03-07T20:00:00Z,Augsburg_Solar,-5.1,0.0,221.0,0.0,29.0,68.0,1001.2,False,ACTUAL
2026-03-07T21:00:00Z,Karlsruhe_CCGT,-3.3,0.3,76.0,0,55.0,67.0,1005.6,True,ECMWF
2026-03-07T21:00:00Z,Landshut_OCGT,-2.1,4.0,250.0,0,37.0,46.0,1022.6,False,GFS
2026-03-07T21:00:00Z,Nordsee_Wind,-2.9,5.0,146.0,0,62.0,62.0,1012.1,True,GFS
2026-03-07T21:00:00Z,Augsburg_Solar,-3.6,0.6,209.0,0,57.0,67.0,1008.0,False,GFS
2026-03-07T22:00:00Z,Karlsruhe_CCGT,-2.3,1.0,329.0,0,58.0,40.0,1012.4,False,ACTUAL
2026-03-07T22:00:00Z,Landshut_OCGT,-1.2,0.4,35.0,0,99.0,58.0,1014.8,True,ACTUAL
2026-03-07T22:00:00Z,Nordsee_Wind,-2.4,7.6,226.0,0,43.0,74.0,1015.3,True,GFS
2026-03-07T22:00:00Z,Augsburg_Solar,-1.1,0.2,97.0,0,54.0,64.0,1006.6,True,ACTUAL
2026-03-07T23:00:00Z,Karlsruhe_CCGT,0.8,4.0,301.0,0,75.0,89.0,1014.9,True,GFS
2026-03-07T23:00:00Z,Landshut_OCGT,0.6,5.3,12.0,0,37.0,51.0,1024.1,False,ACTUAL
2026-03-07T23:00:00Z,Nordsee_Wind,0.6,12.1,120.0,0,17.0,62.0,1023.9,True,GFS
2026-03-07T23:00:00Z,Augsburg_Solar,5.6,3.3,102.0,0,31.0,100,1011.1,False,GFS
2026-03-08T00:00:00Z,Karlsruhe_CCGT,-0.2,2.9,17.0,0,57.0,25.0,1011.4,True,ECMWF
2026-03-08T00:00:00Z,Landshut_OCGT,2.0,8.5,256.0,0,63.0,84.0,1004.9,False,ECMWF
2026-03-08T00:00:00Z,Nordsee_Wind,2.9,6.9,117.0,0,88.0,66.0,1011.3,True,GFS
2026-03-08T00:00:00Z,Augsburg_Solar,4.5,4.0,288.0,0,71.0,76.0,1009.5,False,GFS
2026-03-08T01:00:00Z,Karlsruhe_CCGT,3.5,0,290.0,0,95.0,61.0,1007.8,True,ECMWF
2026-03-08T01:00:00Z,Landshut_OCGT,4.5,0.4,264.0,0,49.0,60.0,1020.4,False,ECMWF
2026-03-08T01:00:00Z,Nordsee_Wind,1.7,8.4,291.0,0,84.0,66.0,1017.8,False,GFS
2026-03-08T01:00:00Z,Augsburg_Solar,4.4,3.2,239.0,0,69.0,65.0,1016.1,True,ECMWF
2026-03-08T02:00:00Z,Karlsruhe_CCGT,3.2,2.2,210.0,0,44.0,61.0,1008.7,False,ACTUAL
2026-03-08T02:00:00Z,Landshut_OCGT,5.1,7.5,181.0,0,6.0,56.0,1025.6,False,GFS
2026-03-08T02:00:00Z,Nordsee_Wind,0.8,6.5,31.0,0,52.0,78.0,1019.9,True,ECMWF
2026-03-08T02:00:00Z,Augsburg_Solar,4.7,0,212.0,0,65.0,89.0,1005.5,True,ECMWF
2026-03-08T03:00:00Z,Karlsruhe_CCGT,5.1,0,201.0,0,75.0,68.0,989.4,True,ECMWF
2026-03-08T03:00:00Z,Landshut_OCGT,3.6,5.4,132.0,0,62.0,66.0,1013.8,True,ECMWF
2026-03-08T03:00:00Z,Nordsee_Wind,5.2,9.6,71.0,0,43.0,63.0,1017.0,True,ACTUAL
2026-03-08T03:00:00Z,Augsburg_Solar,1.2,9.9,163.0,0,30.0,45.0,1010.0,False,ECMWF
2026-03-08T04:00:00Z,Karlsruhe_CCGT,3.2,2.7,298.0,0,80.0,75.0,1016.5,True,GFS
2026-03-08T04:00:00Z,Landshut_OCGT,6.5,0,284.0,0,20.0,74.0,1006.9,False,ECMWF
2026-03-08T04:00:00Z,Nordsee_Wind,5.4,10.7,337.0,0,23.0,68.0,1021.3,True,ACTUAL
2026-03-08T04:00:00Z,Augsburg_Solar,1.3,3.9,85.0,0,78.0,22.0,1000.5,False,GFS
2026-03-08T05:00:00Z,Karlsruhe_CCGT,7.2,4.4,13.0,0,92.0,63.0,1007.2,True,ECMWF
2026-03-08T05:00:00Z,Landshut_OCGT,4.2,4.0,277.0,0,16.0,92.0,1007.6,False,GFS
2026-03-08T05:00:00Z,Nordsee_Wind,7.0,7.4,133.0,0,33.0,62.0,1012.7,False,ECMWF
2026-03-08T05:00:00Z,Augsburg_Solar,11.0,3.9,274.0,0,31.0,69.0,1008.4,True,GFS
2026-03-08T06:00:00Z,Karlsruhe_CCGT,2.2,0,97.0,0,28.0,40.0,1005.6,True,ECMWF
2026-03-08T06:00:00Z,Landshut_OCGT,5.0,7.3,223.0,0,67.0,88.0,1012.4,True,ECMWF
2026-03-08T06:00:00Z,Nordsee_Wind,6.9,7.5,245.0,0,40.0,76.0,1015.9,True,ECMWF
2026-03-08T06:00:00Z,Augsburg_Solar,8.9,2.4,74.0,0,73.0,73.0,995.2,True,ECMWF
2026-03-08T07:00:00Z,Karlsruhe_CCGT,7.5,4.6,51.0,0,4.0,61.0,1005.3,False,ECMWF
2026-03-08T07:00:00Z,Landshut_OCGT,12.7,0,259.0,0,28.0,69.0,1007.7,True,ACTUAL
2026-03-08T07:00:00Z,Nordsee_Wind,6.0,7.9,206.0,0,70.0,73.0,999.1,True,GFS
2026-03-08T07:00:00Z,Augsburg_Solar,9.2,0,176.0,55.0,61.0,51.0,1013.2,False,ACTUAL
2026-03-08T08:00:00Z,Karlsruhe_CCGT,6.6,2.7,82.0,0,72.0,85.0,1014.9,True,ACTUAL
2026-03-08T08:00:00Z,Landshut_OCGT,2.2,4.6,2.0,0,34.0,64.0,1010.5,False,GFS
2026-03-08T08:00:00Z,Nordsee_Wind,2.1,9.2,140.0,0,56.0,79.0,1024.1,True,ECMWF
2026-03-08T08:00:00Z,Augsburg_Solar,3.7,6.3,208.0,101.0,48.0,35.0,1030.4,False,ECMWF
2026-03-08T09:00:00Z,Karlsruhe_CCGT,4.3,3.8,124.0,0,68.0,43.0,1015.3,True,GFS
2026-03-08T09:00:00Z,Landshut_OCGT,6.2,3.0,149.0,0,6.0,40.0,1008.4,True,GFS
2026-03-08T09:00:00Z,Nordsee_Wind,5.6,10.0,84.0,0,60.0,81.0,1010.9,True,ACTUAL
2026-03-08T09:00:00Z,Augsburg_Solar,5.3,2.9,266.0,245.0,95.0,76.0,1003.6,True,GFS
2026-03-08T10:00:00Z,Karlsruhe_CCGT,3.0,4.5,52.0,0,42.0,53.0,1014.0,False,ECMWF
2026-03-08T10:00:00Z,Landshut_OCGT,4.2,0,105.0,0,37.0,59.0,1021.2,True,GFS
2026-03-08T10:00:00Z,Nordsee_Wind,8.9,11.1,261.0,0,48.0,30.0,1010.7,False,ACTUAL
2026-03-08T10:00:00Z,Augsburg_Solar,2.1,7.6,5.0,461.0,36.0,67.0,999.6,True,ACTUAL
2026-03-08T11:00:00Z,Karlsruhe_CCGT,1.5,5.8,74.0,0,46.0,45.0,1002.4,True,ACTUAL
2026-03-08T11:00:00Z,Landshut_OCGT,3.9,5.0,287.0,0,58.0,82.0,1018.9,True,GFS
2026-03-08T11:00:00Z,Nordsee_Wind,-6.0,2.5,225.0,0,21.0,81.0,1013.6,True,ACTUAL
2026-03-08T11:00:00Z,Augsburg_Solar,3.5,5.6,168.0,221.0,88.0,93.0,1005.6,False,ACTUAL
2026-03-08T12:00:00Z,Karlsruhe_CCGT,-0.5,4.5,216.0,0,54.0,63.0,1000.8,False,ACTUAL
2026-03-08T12:00:00Z,Landshut_OCGT,2.7,2.5,82.0,0,42.0,70.0,1016.0,True,GFS
2026-03-08T12:00:00Z,Nordsee_Wind,2.9,6.5,60.0,0,74.0,75.0,1008.3,False,ACTUAL
2026-03-08T12:00:00Z,Augsburg_Solar,2.9,9.9,323.0,355.0,13.0,74.0,1008.4,True,GFS
2026-03-08T13:00:00Z,Karlsruhe_CCGT,1.5,1.0,190.0,0,60.0,95.0,1018.1,False,ACTUAL
2026-03-08T13:00:00Z,Landshut_OCGT,5.4,6.8,250.0,0,86.0,65.0,998.8,False,GFS
2026-03-08T13:00:00Z,Nordsee_Wind,-0.0,9.9,245.0,0,61.0,20,1018.8,True,ECMWF
2026-03-08T13:00:00Z,Augsburg_Solar,8.4,0,329.0,518.0,75.0,89.0,1016.2,True,ECMWF
2026-03-08T14:00:00Z,Karlsruhe_CCGT,3.7,0,207.0,0,30.0,63.0,1016.6,True,GFS
2026-03-08T14:00:00Z,Landshut_OCGT,-2.8,0,182.0,0,82.0,61.0,1014.0,True,ACTUAL
2026-03-08T14:00:00Z,Nordsee_Wind,0.9,8.4,173.0,0,17.0,48.0,1012.2,False,ACTUAL
2026-03-08T14:00:00Z,Augsburg_Solar,1.1,2.7,11.0,328.0,75.0,49.0,1001.5,False,ACTUAL
2026-03-08T15:00:00Z,Karlsruhe_CCGT,-3.1,8.5,139.0,0,53.0,62.0,1020.2,False,GFS
2026-03-08T15:00:00Z,Landshut_OCGT,-2.6,8.4,96.0,0,17.0,58.0,1007.0,False,GFS
2026-03-08T15:00:00Z,Nordsee_Wind,-0.6,5.3,317.0,0,64.0,77.0,1014.0,True,ECMWF
2026-03-08T15:00:00Z,Augsburg_Solar,-0.6,4.1,162.0,460.0,18.0,34.0,1010.2,False,ACTUAL
2026-03-08T16:00:00Z,Karlsruhe_CCGT,-2.5,0,128.0,0,50.0,73.0,991.8,False,ECMWF
2026-03-08T16:00:00Z,Landshut_OCGT,-5.5,3.0,132.0,0,63.0,62.0,1006.3,False,ECMWF
2026-03-08T16:00:00Z,Nordsee_Wind,4.4,6.9,286.0,0,28.0,57.0,1009.7,True,ECMWF
2026-03-08T16:00:00Z,Augsburg_Solar,-6.2,4.7,261.0,453.0,67.0,80.0,1018.6,True,ECMWF
2026-03-08T17:00:00Z,Karlsruhe_CCGT,-1.6,0,228.0,0,63.0,100,1008.0,True,GFS
2026-03-08T17:00:00Z,Landshut_OCGT,-5.4,3.0,105.0,0,25.0,82.0,1008.8,True,GFS
2026-03-08T17:00:00Z,Nordsee_Wind,-1.9,7.2,193.0,0,61.0,33.0,1012.1,False,ACTUAL
2026-03-08T17:00:00Z,Augsburg_Solar,-2.7,7.7,124.0,374.0,69.0,75.0,1005.9,False,GFS
2026-03-08T18:00:00Z,Karlsruhe_CCGT,-6.7,6.1,154.0,0,62.0,99.0,1012.0,False,ECMWF
2026-03-08T18:00:00Z,Landshut_OCGT,2.9,1.2,50.0,0,9.0,80.0,1011.4,False,GFS
2026-03-08T18:00:00Z,Nordsee_Wind,-8.7,10.9,145.0,0,26.0,54.0,1026.9,True,GFS
2026-03-08T18:00:00Z,Augsburg_Solar,-0.3,3.7,264.0,206.0,0,40.0,1011.1,False,ACTUAL
2026-03-08T19:00:00Z,Karlsruhe_CCGT,-3.8,0,175.0,0,3.0,41.0,1030.7,False,ACTUAL
2026-03-08T19:00:00Z,Landshut_OCGT,-8.5,7.3,359.0,0,88.0,64.0,1015.8,False,ACTUAL
2026-03-08T19:00:00Z,Nordsee_Wind,1.6,2.6,174.0,0,16.0,53.0,1021.7,True,ACTUAL
2026-03-08T19:00:00Z,Augsburg_Solar,-1.6,2.2,352.0,102.0,62.0,86.0,1017.9,True,ACTUAL
2026-03-08T20:00:00Z,Karlsruhe_CCGT,-2.1,5.3,36.0,0,16.0,45.0,1020.5,True,ECMWF
2026-03-08T20:00:00Z,Landshut_OCGT,-0.4,2.4,33.0,0,68.0,74.0,1001.1,True,ACTUAL
2026-03-08T20:00:00Z,Nordsee_Wind,-6.3,7.5,81.0,0,6.0,51.0,1002.6,True,ECMWF
2026-03-08T20:00:00Z,Augsburg_Solar,-2.2,2.7,256.0,0.0,22.0,77.0,1010.9,False,ACTUAL
2026-03-08T21:00:00Z,Karlsruhe_CCGT,-6.9,4.7,204.0,0,69.0,57.0,1002.8,False,ACTUAL
2026-03-08T21:00:00Z,Landshut_OCGT,-3.1,2.9,83.0,0,53.0,70.0,998.8,False,ECMWF
2026-03-08T21:00:00Z,Nordsee_Wind,-1.6,2.4,43.0,0,0,44.0,1011.3,False,GFS
2026-03-08T21:00:00Z,Augsburg_Solar,-1.9,1.7,264.0,0,47.0,53.0,1025.5,False,ECMWF
2026-03-08T22:00:00Z,Karlsruhe_CCGT,-1.1,5.5,235.0,0,77.0,96.0,1015.2,False,ECMWF
2026-03-08T22:00:00Z,Landshut_OCGT,-0.6,0.2,294.0,0,83.0,86.0,1008.7,False,ACTUAL
2026-03-08T22:00:00Z,Nordsee_Wind,4.5,9.3,308.0,0,0,100,1014.9,False,GFS
2026-03-08T22:00:00Z,Augsburg_Solar,-1.8,3.0,102.0,0,73.0,68.0,1004.3,True,GFS
2026-03-08T23:00:00Z,Karlsruhe_CCGT,-5.9,1.6,314.0,0,86.0,64.0,1008.7,False,ACTUAL
2026-03-08T23:00:00Z,Landshut_OCGT,2.6,3.2,153.0,0,10.0,54.0,1005.5,False,ACTUAL
2026-03-08T23:00:00Z,Nordsee_Wind,-1.5,9.7,274.0,0,43.0,69.0,1017.0,True,ACTUAL
2026-03-08T23:00:00Z,Augsburg_Solar,1.7,5.9,119.0,0,23.0,65.0,1022.5,True,GFS
2026-03-09T00:00:00Z,Karlsruhe_CCGT,0.8,5.0,160.0,0,63.0,67.0,1019.5,True,ECMWF
2026-03-09T00:00:00Z,Landshut_OCGT,1.9,1.3,99.0,0,46.0,80.0,1025.9,False,ECMWF
2026-03-09T00:00:00Z,Nordsee_Wind,-0.2,7.5,146.0,0,74.0,73.0,998.6,True,ACTUAL
2026-03-09T00:00:00Z,Augsburg_Solar,1.7,3.1,343.0,0,37.0,63.0,1013.6,False,GFS
2026-03-09T01:00:00Z,Karlsruhe_CCGT,4.4,0,146.0,0,60.0,70.0,1010.5,True,GFS
2026-03-09T01:00:00Z,Landshut_OCGT,5.6,4.1,130.0,0,50.0,91.0,1007.7,True,ACTUAL
2026-03-09T01:00:00Z,Nordsee_Wind,7.8,6.7,289.0,0,38.0,35.0,1008.8,True,GFS
2026-03-09T01:00:00Z,Augsburg_Solar,1.9,1.9,227.0,0,21.0,65.0,1018.1,True,GFS
2026-03-09T02:00:00Z,Karlsruhe_CCGT,4.4,6.1,301.0,0,33.0,53.0,1012.6,False,GFS
2026-03-09T02:00:00Z,Landshut_OCGT,5.5,3.6,266.0,0,66.0,38.0,1012.5,False,GFS
2026-03-09T02:00:00Z,Nordsee_Wind,6.6,9.2,111.0,0,59.0,73.0,1018.7,False,GFS
2026-03-09T02:00:00Z,Augsburg_Solar,4.0,0,23.0,0,42.0,43.0,1012.3,True,ECMWF
2026-03-09T03:00:00Z,Karlsruhe_CCGT,7.9,6.7,309.0,0,100,86.0,1012.8,False,ECMWF
2026-03-09T03:00:00Z,Landshut_OCGT,8.6,6.9,22.0,0,32.0,65.0,1015.3,False,ECMWF
2026-03-09T03:00:00Z,Nordsee_Wind,4.9,4.9,134.0,0,24.0,76.0,1013.4,True,GFS
2026-03-09T03:00:00Z,Augsburg_Solar,2.6,5.8,102.0,0,100,68.0,1000.4,False,ACTUAL
2026-03-09T04:00:00Z,Karlsruhe_CCGT,3.7,5.2,105.0,0,38.0,78.0,1023.7,False,ECMWF
2026-03-09T04:00:00Z,Landshut_OCGT,8.9,1.4,241.0,0,38.0,51.0,1005.4,True,ECMWF
2026-03-09T04:00:00Z,Nordsee_Wind,5.2,12.1,0.0,0,75.0,51.0,1012.6,False,ACTUAL
2026-03-09T04:00:00Z,Augsburg_Solar,4.5,0.6,231.0,0,39.0,86.0,996.2,False,ACTUAL
2026-03-09T05:00:00Z,Karlsruhe_CCGT,9.4,2.7,267.0,0,77.0,58.0,1022.9,True,GFS
2026-03-09T05:00:00Z,Landshut_OCGT,8.2,1.5,100.0,0,81.0,64.0,1007.8,False,GFS
2026-03-09T05:00:00Z,Nordsee_Wind,3.5,9.3,0.0,0,43.0,59.0,1005.6,False,ECMWF
2026-03-09T05:00:00Z,Augsburg_Solar,5.6,2.5,83.0,0,55.0,89.0,1015.3,True,ECMWF
2026-03-09T06:00:00Z,Karlsruhe_CCGT,2.7,3.2,324.0,0,76.0,73.0,1019.7,False,ECMWF
2026-03-09T06:00:00Z,Landshut_OCGT,7.8,0,148.0,0,69.0,77.0,1018.6,True,GFS
2026-03-09T06:00:00Z,Nordsee_Wind,3.3,10.8,65.0,0,50.0,52.0,1004.9,False,GFS
2026-03-09T06:00:00Z,Augsburg_Solar,7.2,2.4,61.0,0,19.0,50.0,1011.7,False,ECMWF
2026-03-09T07:00:00Z,Karlsruhe_CCGT,10.8,4.1,186.0,0,88.0,68.0,1020.6,True,ACTUAL
2026-03-09T07:00:00Z,Landshut_OCGT,5.2,0,166.0,0,0,56.0,1014.3,False,ECMWF
2026-03-09T07:00:00Z,Nordsee_Wind,3.1,9.1,354.0,0,23.0,62.0,1017.1,True,GFS
2026-03-09T07:00:00Z,Augsburg_Solar,7.9,5.1,63.0,58.0,100,54.0,1026.3,True,ECMWF
2026-03-09T08:00:00Z,Karlsruhe_CCGT,5.7,3.3,152.0,0,15.0,78.0,1025.9,True,ECMWF
2026-03-09T08:00:00Z,Landshut_OCGT,4.6,5.0,59.0,0,30.0,45.0,1012.7,False,ECMWF
2026-03-09T08:00:00Z,Nordsee_Wind,3.7,12.7,203.0,0,48.0,68.0,1003.7,True,ACTUAL
2026-03-09T08:00:00Z,Augsburg_Solar,7.3,4.5,355.0,174.0,23.0,72.0,998.1,True,GFS
2026-03-09T09:00:00Z,Karlsruhe_CCGT,1.9,0.5,290.0,0,48.0,85.0,1010.2,False,GFS
2026-03-09T09:00:00Z,Landshut_OCGT,-1.1,6.3,71.0,0,0,61.0,1020.9,True,GFS
2026-03-09T09:00:00Z,Nordsee_Wind,2.5,4.9,236.0,0,11.0,69.0,1014.5,False,GFS
2026-03-09T09:00:00Z,Augsburg_Solar,9.1,8.4,328.0,165.0,45.0,70.0,1019.1,True,ECMWF
2026-03-09T10:00:00Z,Karlsruhe_CCGT,6.5,0,79.0,0,71.0,87.0,1024.9,False,ACTUAL
2026-03-09T10:00:00Z,Landshut_OCGT,7.6,0.7,52.0,0,65.0,54.0,1016.4,True,ECMWF
2026-03-09T10:00:00Z,Nordsee_Wind,9.5,9.8,156.0,0,7.0,53.0,1010.9,True,GFS
2026-03-09T10:00:00Z,Augsburg_Solar,1.3,0,168.0,158.0,74.0,90.0,1005.6,False,ACTUAL
2026-03-09T11:00:00Z,Karlsruhe_CCGT,5.2,3.6,157.0,0,58.0,68.0,1017.6,False,GFS
2026-03-09T11:00:00Z,Landshut_OCGT,3.8,0.5,142.0,0,74.0,43.0,1013.8,True,ECMWF
2026-03-09T11:00:00Z,Nordsee_Wind,4.8,10.7,84.0,0,87.0,84.0,1012.0,True,ECMWF
2026-03-09T11:00:00Z,Augsburg_Solar,5.8,6.3,244.0,196.0,8.0,67.0,1009.7,False,ECMWF
2026-03-09T12:00:00Z,Karlsruhe_CCGT,4.6,0,314.0,0,42.0,76.0,1006.8,True,ACTUAL
2026-03-09T12:00:00Z,Landshut_OCGT,6.0,4.1,139.0,0,71.0,80.0,1026.8,True,ACTUAL
2026-03-09T12:00:00Z,Nordsee_Wind,3.6,11.1,79.0,0,46.0,78.0,1008.9,False,ECMWF
2026-03-09T12:00:00Z,Augsburg_Solar,0.7,1.7,165.0,489.0,4.0,83.0,1025.6,True,ACTUAL
2026-03-09T13:00:00Z,Karlsruhe_CCGT,3.1,5.7,216.0,0,39.0,62.0,1005.5,True,GFS
2026-03-09T13:00:00Z,Landshut_OCGT,3.1,0,3.0,0,33.0,82.0,1003.1,False,ACTUAL
2026-03-09T13:00:00Z,Nordsee_Wind,-1.1,7.3,163.0,0,79.0,61.0,1021.5,True,GFS
2026-03-09T13:00:00Z,Augsburg_Solar,2.1,5.9,167.0,372.0,62.0,100,1004.6,True,ECMWF
2026-03-09T14:00:00Z,Karlsruhe_CCGT,0.6,7.0,289.0,0,7.0,84.0,1016.9,False,ECMWF
2026-03-09T14:00:00Z,Landshut_OCGT,0.7,2.1,211.0,0,25.0,53.0,1012.8,False,ACTUAL
2026-03-09T14:00:00Z,Nordsee_Wind,2.4,12.8,207.0,0,73.0,68.0,996.0,False,GFS
2026-03-09T14:00:00Z,Augsburg_Solar,1.4,2.9,174.0,535.0,72.0,73.0,1011.2,True,GFS
2026-03-09T15:00:00Z,Karlsruhe_CCGT,1.0,1.4,88.0,0,10.0,57.0,1008.7,True,ACTUAL
2026-03-09T15:00:00Z,Landshut_OCGT,-2.0,3.5,351.0,0,5.0,55.0,1021.8,True,ECMWF
2026-03-09T15:00:00Z,Nordsee_Wind,2.4,4.5,148.0,0,57.0,49.0,1025.4,True,GFS
2026-03-09T15:00:00Z,Augsburg_Solar,-0.9,6.6,324.0,432.0,77.0,54.0,1002.0,True,ECMWF
2026-03-09T16:00:00Z,Karlsruhe_CCGT,-7.2,2.0,188.0,0,65.0,78.0,1013.7,True,ACTUAL
2026-03-09T16:00:00Z,Landshut_OCGT,2.1,3.2,9.0,0,38.0,31.0,1005.8,False,GFS
2026-03-09T16:00:00Z,Nordsee_Wind,-5.1,11.7,315.0,0,58.0,70.0,1013.4,False,GFS
2026-03-09T16:00:00Z,Augsburg_Solar,1.7,4.6,37.0,361.0,81.0,73.0,1008.1,False,ECMWF
2026-03-09T17:00:00Z,Karlsruhe_CCGT,-2.2,3.7,159.0,0,60.0,49.0,1020.2,True,GFS
2026-03-09T17:00:00Z,Landshut_OCGT,-0.9,3.7,168.0,0,64.0,77.0,1003.3,True,ECMWF
2026-03-09T17:00:00Z,Nordsee_Wind,-3.3,3.7,330.0,0,49.0,49.0,1005.9,True,ACTUAL
2026-03-09T17:00:00Z,Augsburg_Solar,-4.1,0,175.0,288.0,20.0,82.0,999.2,True,ACTUAL
2026-03-09T18:00:00Z,Karlsruhe_CCGT,-3.6,2.0,31.0,0,90.0,76.0,1008.8,False,GFS
2026-03-09T18:00:00Z,Landshut_OCGT,-2.5,4.7,352.0,0,38.0,59.0,1018.0,False,ACTUAL
2026-03-09T18:00:00Z,Nordsee_Wind,1.0,6.0,275.0,0,27.0,40.0,1022.6,True,ACTUAL
2026-03-09T18:00:00Z,Augsburg_Solar,-4.9,1.7,144.0,185.0,96.0,57.0,1009.2,False,GFS
2026-03-09T19:00:00Z,Karlsruhe_CCGT,-2.9,0,14.0,0,58.0,89.0,1004.6,False,GFS
2026-03-09T19:00:00Z,Landshut_OCGT,-1.2,0.7,278.0,0,68.0,76.0,1021.6,True,GFS
2026-03-09T19:00:00Z,Nordsee_Wind,3.1,9.6,20.0,0,52.0,55.0,1013.5,True,ECMWF
2026-03-09T19:00:00Z,Augsburg_Solar,-3.7,1.2,16.0,90.0,53.0,46.0,1000.0,False,ACTUAL
2026-03-09T20:00:00Z,Karlsruhe_CCGT,-1.5,6.6,198.0,0,25.0,73.0,1026.3,True,GFS
2026-03-09T20:00:00Z,Landshut_OCGT,-1.7,2.4,274.0,0,100,74.0,1011.9,True,GFS
2026-03-09T20:00:00Z,Nordsee_Wind,0.8,6.0,157.0,0,44.0,51.0,1024.2,True,ACTUAL
2026-03-09T20:00:00Z,Augsburg_Solar,-0.0,2.5,6.0,0.0,100,57.0,999.4,True,ACTUAL
2026-03-09T21:00:00Z,Karlsruhe_CCGT,-4.5,8.5,144.0,0,29.0,70.0,1017.3,True,GFS
2026-03-09T21:00:00Z,Landshut_OCGT,-3.0,2.8,119.0,0,42.0,51.0,1005.1,True,GFS
2026-03-09T21:00:00Z,Nordsee_Wind,-0.9,5.0,322.0,0,23.0,77.0,1010.4,False,GFS
2026-03-09T21:00:00Z,Augsburg_Solar,-0.1,1.5,306.0,0,79.0,75.0,1000.2,True,GFS
2026-03-09T22:00:00Z,Karlsruhe_CCGT,-1.6,0.2,139.0,0,48.0,62.0,1005.9,False,GFS
2026-03-09T22:00:00Z,Landshut_OCGT,-1.5,1.6,235.0,0,44.0,52.0,1023.3,False,ECMWF
2026-03-09T22:00:00Z,Nordsee_Wind,2.0,12.8,102.0,0,52.0,73.0,1021.9,False,GFS
2026-03-09T22:00:00Z,Augsburg_Solar,1.7,0,235.0,0,58.0,71.0,1014.9,False,GFS
2026-03-09T23:00:00Z,Karlsruhe_CCGT,-0.1,6.8,143.0,0,31.0,68.0,1009.1,False,GFS
2026-03-09T23:00:00Z,Landshut_OCGT,3.7,1.3,221.0,0,31.0,94.0,1022.5,True,GFS
2026-03-09T23:00:00Z,Nordsee_Wind,1.0,8.8,196.0,0,63.0,84.0,1003.4,False,ACTUAL
2026-03-09T23:00:00Z,Augsburg_Solar,-3.1,2.9,76.0,0,32.0,87.0,1010.8,True,GFS
2026-03-10T00:00:00Z,Karlsruhe_CCGT,2.4,4.8,107.0,0,30.0,75.0,995.3,True,GFS
2026-03-10T00:00:00Z,Landshut_OCGT,1.9,0.9,205.0,0,52.0,71.0,999.2,True,GFS
2026-03-10T00:00:00Z,Nordsee_Wind,3.5,3.3,49.0,0,64.0,77.0,1023.8,True,GFS
2026-03-10T00:00:00Z,Augsburg_Solar,6.7,1.9,44.0,0,7.0,73.0,1021.3,False,ECMWF
2026-03-10T01:00:00Z,Karlsruhe_CCGT,-0.0,6.5,195.0,0,77.0,70.0,1027.0,False,ECMWF
2026-03-10T01:00:00Z,Landshut_OCGT,4.0,2.9,301.0,0,54.0,59.0,1013.5,True,ACTUAL
2026-03-10T01:00:00Z,Nordsee_Wind,-2.2,5.1,255.0,0,68.0,68.0,1009.3,True,ECMWF
2026-03-10T01:00:00Z,Augsburg_Solar,-1.0,2.1,251.0,0,53.0,94.0,1013.1,False,ECMWF
2026-03-10T02:00:00Z,Karlsruhe_CCGT,7.8,6.4,291.0,0,52.0,72.0,1004.9,True,ECMWF
2026-03-10T02:00:00Z,Landshut_OCGT,2.7,7.2,356.0,0,48.0,37.0,1013.1,False,ECMWF
2026-03-10T02:00:00Z,Nordsee_Wind,1.9,10.5,190.0,0,40.0,68.0,1008.5,True,ECMWF
2026-03-10T02:00:00Z,Augsburg_Solar,5.2,1.2,180.0,0,18.0,90.0,1024.1,False,ACTUAL
2026-03-10T03:00:00Z,Karlsruhe_CCGT,8.2,3.1,262.0,0,65.0,71.0,1002.3,True,ACTUAL
2026-03-10T03:00:00Z,Landshut_OCGT,4.4,3.5,130.0,0,100,65.0,1032.8,True,ACTUAL
2026-03-10T03:00:00Z,Nordsee_Wind,5.5,4.6,161.0,0,31.0,65.0,1018.8,False,GFS
2026-03-10T03:00:00Z,Augsburg_Solar,-0.4,2.9,348.0,0,42.0,72.0,1008.8,True,ECMWF
2026-03-10T04:00:00Z,Karlsruhe_CCGT,8.0,7.0,187.0,0,5.0,75.0,1007.7,False,ECMWF
2026-03-10T04:00:00Z,Landshut_OCGT,2.9,1.2,111.0,0,42.0,78.0,1012.3,False,GFS
2026-03-10T04:00:00Z,Nordsee_Wind,9.1,5.1,21.0,0,60.0,36.0,1013.7,True,ECMWF
2026-03-10T04:00:00Z,Augsburg_Solar,5.1,8.7,194.0,0,46.0,44.0,1021.4,False,GFS
2026-03-10T05:00:00Z,Karlsruhe_CCGT,12.2,0,331.0,0,7.0,76.0,1013.5,True,ECMWF
2026-03-10T05:00:00Z,Landshut_OCGT,4.5,4.3,317.0,0,43.0,66.0,1012.2,False,ACTUAL
2026-03-10T05:00:00Z,Nordsee_Wind,4.6,1.1,87.0,0,48.0,61.0,1010.9,False,GFS
2026-03-10T05:00:00Z,Augsburg_Solar,7.8,8.7,317.0,0,12.0,54.0,1013.8,True,ACTUAL
2026-03-10T06:00:00Z,Karlsruhe_CCGT,8.0,2.0,322.0,0,22.0,100,1008.5,True,ECMWF
2026-03-10T06:00:00Z,Landshut_OCGT,3.3,0.9,63.0,0,76.0,57.0,1010.9,True,ACTUAL
2026-03-10T06:00:00Z,Nordsee_Wind,4.8,6.2,319.0,0,74.0,87.0,1019.6,True,ECMWF
2026-03-10T06:00:00Z,Augsburg_Solar,2.1,1.6,0.0,0,54.0,84.0,1020.7,True,GFS
2026-03-10T07:00:00Z,Karlsruhe_CCGT,8.7,3.2,278.0,0,40.0,69.0,1004.2,True,ECMWF
2026-03-10T07:00:00Z,Landshut_OCGT,7.9,3.1,206.0,0,94.0,55.0,1013.7,True,ECMWF
2026-03-10T07:00:00Z,Nordsee_Wind,5.6,0.8,291.0,0,17.0,73.0,1030.3,False,GFS
2026-03-10T07:00:00Z,Augsburg_Solar,10.1,1.9,259.0,49.0,63.0,72.0,1007.0,False,GFS
2026-03-10T08:00:00Z,Karlsruhe_CCGT,7.7,0.3,249.0,0,38.0,67.0,1007.3,False,GFS
2026-03-10T08:00:00Z,Landshut_OCGT,10.5,11.3,1.0,0,52.0,81.0,1005.3,False,ECMWF
2026-03-10T08:00:00Z,Nordsee_Wind,5.3,10.7,154.0,0,11.0,90.0,1006.4,False,ACTUAL
2026-03-10T08:00:00Z,Augsburg_Solar,3.7,0.1,171.0,257.0,49.0,69.0,1019.1,False,ECMWF
2026-03-10T09:00:00Z,Karlsruhe_CCGT,1.5,0,320.0,0,98.0,61.0,1003.4,False,ECMWF
2026-03-10T09:00:00Z,Landshut_OCGT,6.7,1.9,16.0,0,52.0,70.0,1012.9,True,GFS
2026-03-10T09:00:00Z,Nordsee_Wind,5.1,7.6,352.0,0,64.0,59.0,1015.8,False,ACTUAL
2026-03-10T09:00:00Z,Augsburg_Solar,-0.9,3.7,348.0,252.0,48.0,62.0,1006.5,True,ECMWF
2026-03-10T10:00:00Z,Karlsruhe_CCGT,1.6,0,72.0,0,34.0,59.0,1027.3,True,GFS
2026-03-10T10:00:00Z,Landshut_OCGT,6.6,0,309.0,0,67.0,69.0,1028.4,True,ACTUAL
2026-03-10T10:00:00Z,Nordsee_Wind,8.3,0.4,42.0,0,76.0,38.0,1012.2,False,ACTUAL
2026-03-10T10:00:00Z,Augsburg_Solar,7.6,3.1,38.0,385.0,14.0,62.0,1007.9,False,ECMWF
2026-03-10T11:00:00Z,Karlsruhe_CCGT,5.3,2.4,291.0,0,53.0,88.0,1009.6,True,ECMWF
2026-03-10T11:00:00Z,Landshut_OCGT,5.7,1.6,302.0,0,17.0,72.0,1010.3,True,GFS
2026-03-10T11:00:00Z,Nordsee_Wind,3.5,6.5,201.0,0,31.0,53.0,1007.6,False,ACTUAL
2026-03-10T11:00:00Z,Augsburg_Solar,8.4,5.0,147.0,382.0,52.0,77.0,1010.1,True,ACTUAL
2026-03-10T12:00:00Z,Karlsruhe_CCGT,5.5,1.3,335.0,0,92.0,80.0,1025.4,False,ACTUAL
2026-03-10T12:00:00Z,Landshut_OCGT,4.7,3.2,42.0,0,58.0,69.0,1014.0,True,ECMWF
2026-03-10T12:00:00Z,Nordsee_Wind,4.0,12.0,89.0,0,34.0,51.0,1008.0,True,ECMWF
2026-03-10T12:00:00Z,Augsburg_Solar,9.3,2.9,29.0,479.0,56.0,63.0,1019.3,True,GFS
2026-03-10T13:00:00Z,Karlsruhe_CCGT,1.6,1.0,209.0,0,80.0,39.0,1005.3,True,GFS
2026-03-10T13:00:00Z,Landshut_OCGT,3.8,0,331.0,0,88.0,82.0,1004.6,True,GFS
2026-03-10T13:00:00Z,Nordsee_Wind,-0.3,8.9,130.0,0,59.0,44.0,1015.9,False,ECMWF
2026-03-10T13:00:00Z,Augsburg_Solar,-1.9,4.4,295.0,373.0,68.0,69.0,1005.6,True,GFS
2026-03-10T14:00:00Z,Karlsruhe_CCGT,-6.4,1.6,296.0,0,53.0,70.0,1008.7,True,GFS
2026-03-10T14:00:00Z,Landshut_OCGT,-1.7,4.5,179.0,0,43.0,74.0,1006.7,False,ACTUAL
2026-03-10T14:00:00Z,Nordsee_Wind,-2.3,5.6,145.0,0,53.0,73.0,1003.1,False,ACTUAL
2026-03-10T14:00:00Z,Augsburg_Solar,1.0,2.7,278.0,257.0,69.0,45.0,1010.2,False,ACTUAL
2026-03-10T15:00:00Z,Karlsruhe_CCGT,-4.8,0.8,160.0,0,73.0,69.0,1002.6,False,ACTUAL
2026-03-10T15:00:00Z,Landshut_OCGT,-2.8,6.8,12.0,0,50.0,65.0,1000.7,True,ECMWF
2026-03-10T15:00:00Z,Nordsee_Wind,-1.0,8.9,252.0,0,42.0,77.0,1022.9,False,ECMWF
2026-03-10T15:00:00Z,Augsburg_Solar,5.0,2.9,51.0,198.0,52.0,46.0,1013.3,True,GFS
2026-03-10T16:00:00Z,Karlsruhe_CCGT,-3.3,2.1,250.0,0,55.0,68.0,1001.3,False,ACTUAL
2026-03-10T16:00:00Z,Landshut_OCGT,-5.4,0,55.0,0,39.0,41.0,1020.9,False,ACTUAL
2026-03-10T16:00:00Z,Nordsee_Wind,-0.9,4.1,258.0,0,82.0,64.0,1017.8,False,GFS
2026-03-10T16:00:00Z,Augsburg_Solar,-1.3,3.1,256.0,215.0,37.0,46.0,1022.1,False,ACTUAL
2026-03-10T17:00:00Z,Karlsruhe_CCGT,1.9,5.1,26.0,0,34.0,92.0,1011.0,True,ECMWF
2026-03-10T17:00:00Z,Landshut_OCGT,-4.7,4.2,252.0,0,37.0,71.0,1029.2,True,ECMWF
2026-03-10T17:00:00Z,Nordsee_Wind,4.7,6.9,276.0,0,13.0,76.0,1019.2,False,ECMWF
2026-03-10T17:00:00Z,Augsburg_Solar,-2.3,2.8,342.0,307.0,75.0,44.0,1020.0,False,ACTUAL
2026-03-10T18:00:00Z,Karlsruhe_CCGT,-3.6,3.4,37.0,0,70.0,83.0,1006.8,True,ECMWF
2026-03-10T18:00:00Z,Landshut_OCGT,-5.6,1.8,62.0,0,7.0,42.0,1018.5,True,ACTUAL
2026-03-10T18:00:00Z,Nordsee_Wind,-1.0,9.7,162.0,0,0,68.0,1005.1,False,GFS
2026-03-10T18:00:00Z,Augsburg_Solar,-2.8,2.3,123.0,155.0,50.0,81.0,1000.4,True,ECMWF
2026-03-10T19:00:00Z,Karlsruhe_CCGT,-8.1,0.3,170.0,0,56.0,58.0,1008.3,True,ECMWF
2026-03-10T19:00:00Z,Landshut_OCGT,1.6,2.9,28.0,0,29.0,44.0,1010.4,True,GFS
2026-03-10T19:00:00Z,Nordsee_Wind,-0.3,7.1,3.0,0,97.0,34.0,1014.1,True,ECMWF
2026-03-10T19:00:00Z,Augsburg_Solar,-4.3,2.7,92.0,92.0,95.0,83.0,1020.4,False,ACTUAL
2026-03-10T20:00:00Z,Karlsruhe_CCGT,-3.9,2.7,261.0,0,66.0,89.0,1002.7,True,GFS
2026-03-10T20:00:00Z,Landshut_OCGT,-2.9,3.4,278.0,0,86.0,74.0,1008.8,False,ECMWF
2026-03-10T20:00:00Z,Nordsee_Wind,-4.4,7.7,164.0,0,55.0,83.0,1007.2,False,ACTUAL
2026-03-10T20:00:00Z,Augsburg_Solar,-3.8,0.7,184.0,0.0,62.0,83.0,1002.5,True,GFS
2026-03-10T21:00:00Z,Karlsruhe_CCGT,0.1,0.8,45.0,0,89.0,68.0,1009.3,True,ECMWF
2026-03-10T21:00:00Z,Landshut_OCGT,-1.8,1.0,178.0,0,39.0,58.0,994.1,False,ACTUAL
2026-03-10T21:00:00Z,Nordsee_Wind,1.0,8.8,200.0,0,46.0,62.0,994.5,False,ECMWF
2026-03-10T21:00:00Z,Augsburg_Solar,0.9,5.1,215.0,0,83.0,63.0,998.6,True,ACTUAL
2026-03-10T22:00:00Z,Karlsruhe_CCGT,-2.6,0,240.0,0,29.0,46.0,1011.2,False,GFS
2026-03-10T22:00:00Z,Landshut_OCGT,-1.2,0.9,298.0,0,60.0,41.0,990.8,True,GFS
2026-03-10T22:00:00Z,Nordsee_Wind,0.6,8.3,254.0,0,58.0,77.0,1003.8,False,GFS
2026-03-10T22:00:00Z,Augsburg_Solar,2.3,2.1,271.0,0,61.0,67.0,1019.3,True,ECMWF
2026-03-10T23:00:00Z,Karlsruhe_CCGT,2.2,0,63.0,0,29.0,71.0,1018.3,True,ACTUAL
2026-03-10T23:00:00Z,Landshut_OCGT,4.7,3.6,160.0,0,60.0,43.0,1017.2,True,ACTUAL
2026-03-10T23:00:00Z,Nordsee_Wind,-1.0,2.4,106.0,0,60.0,60.0,1007.3,True,ACTUAL
2026-03-10T23:00:00Z,Augsburg_Solar,2.3,2.4,299.0,0,17.0,80.0,1001.7,False,ACTUAL
2026-03-11T00:00:00Z,Karlsruhe_CCGT,-0.1,1.5,100.0,0,29.0,59.0,1005.7,True,GFS
2026-03-11T00:00:00Z,Landshut_OCGT,1.9,3.3,158.0,0,36.0,88.0,1013.6,False,ACTUAL
2026-03-11T00:00:00Z,Nordsee_Wind,6.3,5.5,78.0,0,37.0,70.0,1017.1,False,GFS
2026-03-11T00:00:00Z,Augsburg_Solar,4.1,5.4,254.0,0,60.0,80.0,1016.6,False,GFS
2026-03-11T01:00:00Z,Karlsruhe_CCGT,2.8,0.5,59.0,0,40.0,66.0,1010.1,False,GFS
2026-03-11T01:00:00Z,Landshut_OCGT,-0.5,2.5,212.0,0,81.0,59.0,1014.3,False,ACTUAL
2026-03-11T01:00:00Z,Nordsee_Wind,2.3,13.7,244.0,0,7.0,76.0,1009.8,True,GFS
2026-03-11T01:00:00Z,Augsburg_Solar,4.4,1.3,207.0,0,30.0,71.0,1014.4,False,ECMWF
2026-03-11T02:00:00Z,Karlsruhe_CCGT,4.1,7.2,275.0,0,38.0,75.0,1015.4,False,GFS
2026-03-11T02:00:00Z,Landshut_OCGT,4.8,5.8,314.0,0,0,91.0,1010.1,True,ACTUAL
2026-03-11T02:00:00Z,Nordsee_Wind,1.0,8.7,57.0,0,58.0,85.0,1017.7,False,ECMWF
2026-03-11T02:00:00Z,Augsburg_Solar,14.0,0,237.0,0,44.0,51.0,1013.7,True,GFS
2026-03-11T03:00:00Z,Karlsruhe_CCGT,8.0,2.7,114.0,0,13.0,100,1015.6,False,GFS
2026-03-11T03:00:00Z,Landshut_OCGT,3.3,1.1,275.0,0,92.0,83.0,1014.3,True,ECMWF
2026-03-11T03:00:00Z,Nordsee_Wind,4.1,2.7,268.0,0,44.0,56.0,1026.8,True,ECMWF
2026-03-11T03:00:00Z,Augsburg_Solar,8.4,3.5,78.0,0,42.0,70.0,1015.4,False,GFS
2026-03-11T04:00:00Z,Karlsruhe_CCGT,2.0,8.1,90.0,0,41.0,61.0,1017.5,True,ACTUAL
2026-03-11T04:00:00Z,Landshut_OCGT,6.5,3.9,2.0,0,77.0,61.0,1004.4,True,ACTUAL
2026-03-11T04:00:00Z,Nordsee_Wind,-0.3,6.3,74.0,0,33.0,67.0,1014.6,True,ECMWF
2026-03-11T04:00:00Z,Augsburg_Solar,8.4,1.5,1.0,0,2.0,78.0,1011.8,False,ECMWF
2026-03-11T05:00:00Z,Karlsruhe_CCGT,7.4,14.8,42.0,0,39.0,51.0,1007.0,False,ECMWF
2026-03-11T05:00:00Z,Landshut_OCGT,10.6,0.0,99.0,0,43.0,86.0,1016.9,False,ECMWF
2026-03-11T05:00:00Z,Nordsee_Wind,8.0,12.5,128.0,0,53.0,57.0,1029.1,False,GFS
2026-03-11T05:00:00Z,Augsburg_Solar,6.4,4.4,63.0,0,42.0,68.0,1022.6,True,GFS
2026-03-11T06:00:00Z,Karlsruhe_CCGT,6.2,4.6,256.0,0,82.0,67.0,1010.6,True,GFS
2026-03-11T06:00:00Z,Landshut_OCGT,8.4,7.8,256.0,0,32.0,67.0,1017.3,False,GFS
2026-03-11T06:00:00Z,Nordsee_Wind,7.1,8.1,81.0,0,68.0,47.0,1002.8,False,ACTUAL
2026-03-11T06:00:00Z,Augsburg_Solar,9.4,1.7,124.0,0,36.0,52.0,1018.4,False,ACTUAL
2026-03-11T07:00:00Z,Karlsruhe_CCGT,3.3,1.4,148.0,0,4.0,83.0,1008.1,False,ECMWF
2026-03-11T07:00:00Z,Landshut_OCGT,9.0,1.4,142.0,0,33.0,88.0,1020.9,False,ACTUAL
2026-03-11T07:00:00Z,Nordsee_Wind,10.5,5.1,2.0,0,91.0,60.0,1023.9,False,ACTUAL
2026-03-11T07:00:00Z,Augsburg_Solar,9.6,0,62.0,67.0,71.0,47.0,1007.8,True,ECMWF
2026-03-11T08:00:00Z,Karlsruhe_CCGT,11.9,4.2,235.0,0,84.0,67.0,1016.2,False,ECMWF
2026-03-11T08:00:00Z,Landshut_OCGT,5.7,1.5,278.0,0,57.0,44.0,1012.1,True,GFS
2026-03-11T08:00:00Z,Nordsee_Wind,8.6,8.5,211.0,0,0,73.0,1001.1,True,ECMWF
2026-03-11T08:00:00Z,Augsburg_Solar,6.1,4.7,203.0,111.0,41.0,48.0,998.7,False,ACTUAL
2026-03-11T09:00:00Z,Karlsruhe_CCGT,5.5,6.5,207.0,0,66.0,73.0,1012.0,True,ACTUAL
2026-03-11T09:00:00Z,Landshut_OCGT,3.8,2.9,66.0,0,54.0,53.0,1012.4,True,GFS
2026-03-11T09:00:00Z,Nordsee_Wind,6.9,8.7,245.0,0,25.0,44.0,1006.5,False,ECMWF
2026-03-11T09:00:00Z,Augsburg_Solar,6.6,2.1,40.0,290.0,56.0,63.0,1014.5,True,GFS
2026-03-11T10:00:00Z,Karlsruhe_CCGT,6.0,0.1,8.0,0,46.0,71.0,1019.5,True,GFS
2026-03-11T10:00:00Z,Landshut_OCGT,4.5,3.2,262.0,0,60.0,37.0,1014.1,False,ACTUAL
2026-03-11T10:00:00Z,Nordsee_Wind,4.2,5.9,99.0,0,70.0,70.0,1017.5,True,ACTUAL
2026-03-11T10:00:00Z,Augsburg_Solar,1.1,3.3,12.0,423.0,37.0,79.0,1011.7,False,ACTUAL
2026-03-11T11:00:00Z,Karlsruhe_CCGT,3.7,5.2,19.0,0,32.0,63.0,1030.1,True,GFS
2026-03-11T11:00:00Z,Landshut_OCGT,4.9,0.2,8.0,0,41.0,56.0,1006.0,True,ECMWF
2026-03-11T11:00:00Z,Nordsee_Wind,6.2,11.2,120.0,0,84.0,76.0,1007.8,True,ECMWF
2026-03-11T11:00:00Z,Augsburg_Solar,1.8,0,271.0,448.0,96.0,90.0,1002.1,False,GFS
2026-03-11T12:00:00Z,Karlsruhe_CCGT,3.3,5.7,139.0,0,73.0,58.0,1021.5,False,ACTUAL
2026-03-11T12:00:00Z,Landshut_OCGT,-0.6,3.4,340.0,0,19.0,60.0,1018.6,False,ACTUAL
2026-03-11T12:00:00Z,Nordsee_Wind,-3.2,7.8,290.0,0,63.0,57.0,1003.5,True,GFS
2026-03-11T12:00:00Z,Augsburg_Solar,0.9,0,239.0,483.0,55.0,76.0,1011.9,False,ACTUAL
2026-03-11T13:00:00Z,Karlsruhe_CCGT,0.4,1.0,72.0,0,61.0,63.0,1023.5,True,ACTUAL
2026-03-11T13:00:00Z,Landshut_OCGT,3.9,3.7,100.0,0,46.0,70.0,1017.9,False,ECMWF
2026-03-11T13:00:00Z,Nordsee_Wind,-4.2,11.6,228.0,0,49.0,50.0,1012.8,False,ECMWF
2026-03-11T13:00:00Z,Augsburg_Solar,4.9,2.7,268.0,330.0,84.0,45.0,1020.7,False,GFS
2026-03-11T14:00:00Z,Karlsruhe_CCGT,0.1,5.2,95.0,0,36.0,55.0,1023.6,False,ECMWF
2026-03-11T14:00:00Z,Landshut_OCGT,-3.9,0.8,265.0,0,100,81.0,1019.3,False,ACTUAL
2026-03-11T14:00:00Z,Nordsee_Wind,4.4,2.1,82.0,0,18.0,82.0,1016.1,True,ECMWF
2026-03-11T14:00:00Z,Augsburg_Solar,-0.9,3.2,292.0,195.0,43.0,57.0,1021.9,True,GFS
2026-03-11T15:00:00Z,Karlsruhe_CCGT,1.3,3.6,346.0,0,50.0,64.0,1014.3,False,ACTUAL
2026-03-11T15:00:00Z,Landshut_OCGT,-1.4,7.0,128.0,0,24.0,47.0,1015.0,False,ECMWF
2026-03-11T15:00:00Z,Nordsee_Wind,0.7,3.0,170.0,0,33.0,79.0,1025.8,True,ACTUAL
2026-03-11T15:00:00Z,Augsburg_Solar,-2.5,1.7,127.0,378.0,92.0,61.0,1004.1,True,GFS
2026-03-11T16:00:00Z,Karlsruhe_CCGT,-3.6,0.4,118.0,0,37.0,62.0,1010.1,False,ACTUAL
2026-03-11T16:00:00Z,Landshut_OCGT,-3.3,0,358.0,0,68.0,67.0,1022.3,False,ACTUAL
2026-03-11T16:00:00Z,Nordsee_Wind,-2.6,8.6,207.0,0,57.0,52.0,999.7,True,ECMWF
2026-03-11T16:00:00Z,Augsburg_Solar,1.1,0,43.0,385.0,62.0,62.0,1009.1,True,ACTUAL
2026-03-11T17:00:00Z,Karlsruhe_CCGT,-1.3,0.1,116.0,0,50.0,66.0,1018.1,True,ACTUAL
2026-03-11T17:00:00Z,Landshut_OCGT,0.1,0,233.0,0,22.0,83.0,1014.0,False,ACTUAL
2026-03-11T17:00:00Z,Nordsee_Wind,-3.9,4.1,154.0,0,56.0,58.0,1021.6,False,GFS
2026-03-11T17:00:00Z,Augsburg_Solar,-5.5,0,239.0,274.0,56.0,85.0,1011.5,False,ACTUAL
2026-03-11T18:00:00Z,Karlsruhe_CCGT,-0.1,4.7,309.0,0,63.0,55.0,1008.0,False,ACTUAL
2026-03-11T18:00:00Z,Landshut_OCGT,-11.5,1.6,197.0,0,60.0,44.0,1012.9,False,ACTUAL
2026-03-11T18:00:00Z,Nordsee_Wind,-4.8,11.3,272.0,0,65.0,50.0,1012.6,False,ACTUAL
2026-03-11T18:00:00Z,Augsburg_Solar,-1.3,1.3,45.0,210.0,63.0,67.0,1012.2,False,ECMWF
2026-03-11T19:00:00Z,Karlsruhe_CCGT,-2.9,0.7,19.0,0,65.0,70.0,1004.7,True,ACTUAL
2026-03-11T19:00:00Z,Landshut_OCGT,0.2,0,104.0,0,44.0,55.0,1006.2,True,ECMWF
2026-03-11T19:00:00Z,Nordsee_Wind,1.8,6.9,9.0,0,42.0,79.0,1009.5,True,GFS
2026-03-11T19:00:00Z,Augsburg_Solar,-3.2,3.7,146.0,73.0,100,56.0,1020.0,True,GFS
2026-03-11T20:00:00Z,Karlsruhe_CCGT,1.8,2.3,99.0,0,72.0,68.0,1018.6,False,GFS
2026-03-11T20:00:00Z,Landshut_OCGT,0.9,2.4,228.0,0,21.0,71.0,1002.5,False,ACTUAL
2026-03-11T20:00:00Z,Nordsee_Wind,-0.5,13.7,295.0,0,32.0,82.0,1007.4,True,GFS
2026-03-11T20:00:00Z,Augsburg_Solar,-2.5,7.6,345.0,0.0,32.0,71.0,1006.4,True,GFS
2026-03-11T21:00:00Z,Karlsruhe_CCGT,-1.6,0,130.0,0,56.0,55.0,1011.0,True,ECMWF
2026-03-11T21:00:00Z,Landshut_OCGT,2.4,0,199.0,0,50.0,77.0,1013.9,True,GFS
2026-03-11T21:00:00Z,Nordsee_Wind,-2.7,6.6,129.0,0,70.0,68.0,1029.9,True,ACTUAL
2026-03-11T21:00:00Z,Augsburg_Solar,-2.2,0,335.0,0,58.0,91.0,1025.6,False,GFS
2026-03-11T22:00:00Z,Karlsruhe_CCGT,1.8,5.5,289.0,0,31.0,46.0,1000.7,True,ECMWF
2026-03-11T22:00:00Z,Landshut_OCGT,0.6,0,212.0,0,80.0,68.0,1014.2,False,ECMWF
2026-03-11T22:00:00Z,Nordsee_Wind,0.6,6.5,152.0,0,49.0,79.0,1012.6,True,ACTUAL
2026-03-11T22:00:00Z,Augsburg_Solar,-2.3,0,101.0,0,49.0,69.0,1013.0,True,ACTUAL
2026-03-11T23:00:00Z,Karlsruhe_CCGT,-0.5,0,293.0,0,74.0,82.0,1007.0,False,ECMWF
2026-03-11T23:00:00Z,Landshut_OCGT,1.3,9.2,284.0,0,52.0,52.0,1000.9,True,ACTUAL
2026-03-11T23:00:00Z,Nordsee_Wind,7.9,7.5,6.0,0,32.0,69.0,1022.8,True,GFS
2026-03-11T23:00:00Z,Augsburg_Solar,1.4,6.5,126.0,0,47.0,39.0,1022.4,False,GFS
2026-03-12T00:00:00Z,Karlsruhe_CCGT,1.4,0.1,224.0,0,100,70.0,1015.4,False,GFS
2026-03-12T00:00:00Z,Landshut_OCGT,1.3,1.4,71.0,0,83.0,81.0,1010.6,False,ECMWF
2026-03-12T00:00:00Z,Nordsee_Wind,4.9,7.0,291.0,0,39.0,46.0,1001.9,True,ACTUAL
2026-03-12T00:00:00Z,Augsburg_Solar,-0.9,0,173.0,0,66.0,73.0,1011.5,True,ACTUAL
2026-03-12T01:00:00Z,Karlsruhe_CCGT,1.6,1.2,14.0,0,24.0,39.0,1010.7,True,ACTUAL
2026-03-12T01:00:00Z,Landshut_OCGT,7.2,2.5,81.0,0,11.0,98.0,1018.2,True,ACTUAL
2026-03-12T01:00:00Z,Nordsee_Wind,6.5,14.7,113.0,0,35.0,71.0,1020.4,False,GFS
2026-03-12T01:00:00Z,Augsburg_Solar,1.8,4.6,290.0,0,73.0,47.0,1019.5,True,GFS
2026-03-12T02:00:00Z,Karlsruhe_CCGT,3.3,5.5,196.0,0,4.0,62.0,1016.7,True,GFS
2026-03-12T02:00:00Z,Landshut_OCGT,0.8,0.7,276.0,0,34.0,50.0,1020.1,True,ACTUAL
2026-03-12T02:00:00Z,Nordsee_Wind,8.6,7.8,150.0,0,38.0,68.0,1011.4,False,ACTUAL
2026-03-12T02:00:00Z,Augsburg_Solar,2.1,5.5,150.0,0,66.0,49.0,1015.4,True,ECMWF
2026-03-12T03:00:00Z,Karlsruhe_CCGT,8.2,2.1,160.0,0,31.0,51.0,1005.6,True,GFS
2026-03-12T03:00:00Z,Landshut_OCGT,7.0,3.4,271.0,0,2.0,45.0,1011.1,False,ECMWF
2026-03-12T03:00:00Z,Nordsee_Wind,5.6,5.6,178.0,0,32.0,51.0,1026.7,False,ACTUAL
2026-03-12T03:00:00Z,Augsburg_Solar,8.0,0,79.0,0,9.0,90.0,1014.8,False,ECMWF
2026-03-12T04:00:00Z,Karlsruhe_CCGT,12.4,10.0,312.0,0,48.0,58.0,1002.7,False,ECMWF
2026-03-12T04:00:00Z,Landshut_OCGT,5.0,4.4,121.0,0,20.0,60.0,1005.4,True,GFS
2026-03-12T04:00:00Z,Nordsee_Wind,-0.5,8.1,349.0,0,25.0,62.0,1014.1,False,ACTUAL
2026-03-12T04:00:00Z,Augsburg_Solar,10.5,1.9,35.0,0,56.0,56.0,1000.5,False,GFS
2026-03-12T05:00:00Z,Karlsruhe_CCGT,11.6,8.0,220.0,0,59.0,48.0,1021.0,True,ECMWF
2026-03-12T05:00:00Z,Landshut_OCGT,1.6,8.4,301.0,0,65.0,59.0,1026.1,False,ECMWF
2026-03-12T05:00:00Z,Nordsee_Wind,9.9,0.4,178.0,0,35.0,45.0,1015.8,False,GFS
2026-03-12T05:00:00Z,Augsburg_Solar,7.7,9.3,62.0,0,1.0,92.0,1006.5,True,ECMWF
2026-03-12T06:00:00Z,Karlsruhe_CCGT,7.2,5.4,298.0,0,40.0,60.0,1017.9,True,ECMWF
2026-03-12T06:00:00Z,Landshut_OCGT,7.7,5.3,90.0,0,53.0,41.0,1020.4,False,ACTUAL
2026-03-12T06:00:00Z,Nordsee_Wind,8.0,7.0,327.0,0,56.0,57.0,1015.8,False,GFS
2026-03-12T06:00:00Z,Augsburg_Solar,3.3,7.5,331.0,0,41.0,74.0,1019.5,True,ECMWF
2026-03-12T07:00:00Z,Karlsruhe_CCGT,6.7,2.4,251.0,0,34.0,51.0,1015.1,True,ECMWF
2026-03-12T07:00:00Z,Landshut_OCGT,9.0,2.4,55.0,0,76.0,47.0,1018.7,True,ACTUAL
2026-03-12T07:00:00Z,Nordsee_Wind,7.2,9.3,306.0,0,10.0,60.0,1006.6,False,ACTUAL
2026-03-12T07:00:00Z,Augsburg_Solar,9.4,0.4,1.0,120.0,100,55.0,1016.7,True,ECMWF
2026-03-12T08:00:00Z,Karlsruhe_CCGT,10.0,0,198.0,0,0,61.0,1015.8,True,ACTUAL
2026-03-12T08:00:00Z,Landshut_OCGT,3.7,0,204.0,0,97.0,67.0,1006.9,True,ACTUAL
2026-03-12T08:00:00Z,Nordsee_Wind,5.2,7.7,121.0,0,19.0,64.0,1010.0,True,ECMWF
2026-03-12T08:00:00Z,Augsburg_Solar,11.1,6.9,136.0,129.0,30.0,74.0,1016.5,False,GFS
2026-03-12T09:00:00Z,Karlsruhe_CCGT,3.6,3.5,146.0,0,50.0,65.0,997.2,False,ECMWF
2026-03-12T09:00:00Z,Landshut_OCGT,6.5,0.8,70.0,0,65.0,69.0,1013.7,True,ECMWF
2026-03-12T09:00:00Z,Nordsee_Wind,9.5,6.1,359.0,0,23.0,84.0,1008.6,False,ECMWF
2026-03-12T09:00:00Z,Augsburg_Solar,11.0,2.0,271.0,124.0,54.0,60.0,1008.0,False,ACTUAL
2026-03-12T10:00:00Z,Karlsruhe_CCGT,5.5,0.2,190.0,0,42.0,57.0,1015.6,False,ACTUAL
2026-03-12T10:00:00Z,Landshut_OCGT,3.2,4.0,139.0,0,43.0,66.0,1010.5,False,GFS
2026-03-12T10:00:00Z,Nordsee_Wind,7.4,12.4,192.0,0,41.0,54.0,1011.8,False,ECMWF
2026-03-12T10:00:00Z,Augsburg_Solar,1.3,0,177.0,353.0,66.0,51.0,1007.7,False,ACTUAL
2026-03-12T11:00:00Z,Karlsruhe_CCGT,-0.2,3.9,320.0,0,12.0,66.0,1012.5,True,ACTUAL
2026-03-12T11:00:00Z,Landshut_OCGT,8.5,0,291.0,0,43.0,74.0,1011.6,False,ECMWF
2026-03-12T11:00:00Z,Nordsee_Wind,1.7,8.7,92.0,0,37.0,78.0,1009.2,True,GFS
2026-03-12T11:00:00Z,Augsburg_Solar,6.5,5.1,304.0,276.0,88.0,42.0,1006.4,False,GFS
2026-03-12T12:00:00Z,Karlsruhe_CCGT,1.7,2.4,167.0,0,60.0,39.0,1018.0,True,ECMWF
2026-03-12T12:00:00Z,Landshut_OCGT,4.9,4.0,180.0,0,65.0,74.0,1006.4,False,GFS
2026-03-12T12:00:00Z,Nordsee_Wind,-1.5,8.5,243.0,0,13.0,47.0,1012.2,True,ACTUAL
2026-03-12T12:00:00Z,Augsburg_Solar,1.4,1.9,21.0,380.0,90.0,53.0,1004.3,True,ACTUAL
2026-03-12T13:00:00Z,Karlsruhe_CCGT,1.7,1.3,84.0,0,25.0,67.0,998.8,False,GFS
2026-03-12T13:00:00Z,Landshut_OCGT,0.1,5.3,185.0,0,82.0,52.0,1003.4,True,ECMWF
2026-03-12T13:00:00Z,Nordsee_Wind,9.1,5.1,13.0,0,40.0,90.0,1025.3,False,GFS
2026-03-12T13:00:00Z,Augsburg_Solar,-4.4,6.9,77.0,543.0,18.0,65.0,1012.5,True,ACTUAL
2026-03-12T14:00:00Z,Karlsruhe_CCGT,4.7,2.5,281.0,0,54.0,68.0,1012.1,False,ACTUAL
2026-03-12T14:00:00Z,Landshut_OCGT,2.4,3.8,194.0,0,54.0,85.0,1002.1,True,GFS
2026-03-12T14:00:00Z,Nordsee_Wind,0.6,11.8,123.0,0,24.0,57.0,998.2,False,GFS
2026-03-12T14:00:00Z,Augsburg_Solar,-0.2,0,3.0,203.0,38.0,52.0,1002.7,True,ACTUAL
2026-03-12T15:00:00Z,Karlsruhe_CCGT,5.0,3.2,219.0,0,21.0,54.0,1014.5,True,ACTUAL
2026-03-12T15:00:00Z,Landshut_OCGT,-0.8,5.5,57.0,0,54.0,21.0,1019.3,False,ACTUAL
2026-03-12T15:00:00Z,Nordsee_Wind,5.9,7.2,24.0,0,57.0,57.0,1019.6,False,GFS
2026-03-12T15:00:00Z,Augsburg_Solar,0.6,1.6,189.0,501.0,63.0,79.0,1013.2,True,ACTUAL
2026-03-12T16:00:00Z,Karlsruhe_CCGT,-1.9,5.0,52.0,0,18.0,83.0,1002.5,True,ECMWF
2026-03-12T16:00:00Z,Landshut_OCGT,-3.3,6.0,236.0,0,82.0,31.0,1008.0,True,ECMWF
2026-03-12T16:00:00Z,Nordsee_Wind,-1.5,5.0,206.0,0,75.0,38.0,1008.3,True,ECMWF
2026-03-12T16:00:00Z,Augsburg_Solar,3.2,4.9,15.0,299.0,41.0,56.0,1004.0,True,ECMWF
2026-03-12T17:00:00Z,Karlsruhe_CCGT,-0.2,4.7,205.0,0,21.0,48.0,1004.2,False,GFS
2026-03-12T17:00:00Z,Landshut_OCGT,-3.7,3.0,146.0,0,65.0,55.0,1011.7,True,GFS
2026-03-12T17:00:00Z,Nordsee_Wind,-2.9,7.2,250.0,0,39.0,89.0,1014.3,True,ECMWF
2026-03-12T17:00:00Z,Augsburg_Solar,-2.7,1.5,143.0,372.0,44.0,59.0,1004.9,True,ACTUAL
2026-03-12T18:00:00Z,Karlsruhe_CCGT,-2.0,0,249.0,0,58.0,67.0,1007.4,True,ECMWF
2026-03-12T18:00:00Z,Landshut_OCGT,1.9,0.9,57.0,0,46.0,84.0,1009.2,True,GFS
2026-03-12T18:00:00Z,Nordsee_Wind,-3.9,15.9,319.0,0,63.0,50.0,1008.0,False,ECMWF
2026-03-12T18:00:00Z,Augsburg_Solar,4.2,7.9,5.0,240.0,62.0,59.0,1004.0,False,ECMWF
2026-03-12T19:00:00Z,Karlsruhe_CCGT,4.4,2.5,156.0,0,83.0,86.0,1022.4,True,ECMWF
2026-03-12T19:00:00Z,Landshut_OCGT,-2.9,3.0,286.0,0,38.0,67.0,1020.7,True,ECMWF
2026-03-12T19:00:00Z,Nordsee_Wind,-0.8,9.3,147.0,0,81.0,66.0,1008.1,True,ECMWF
2026-03-12T19:00:00Z,Augsburg_Solar,-8.1,0,153.0,88.0,22.0,72.0,1024.6,False,ACTUAL
2026-03-12T20:00:00Z,Karlsruhe_CCGT,-2.0,6.6,346.0,0,41.0,64.0,1008.1,True,ACTUAL
2026-03-12T20:00:00Z,Landshut_OCGT,-3.3,4.2,157.0,0,62.0,82.0,1017.5,True,GFS
2026-03-12T20:00:00Z,Nordsee_Wind,2.4,5.7,49.0,0,31.0,92.0,1024.5,False,GFS
2026-03-12T20:00:00Z,Augsburg_Solar,0.2,0,69.0,0.0,37.0,76.0,998.7,False,ECMWF
2026-03-12T21:00:00Z,Karlsruhe_CCGT,-0.3,0.7,256.0,0,68.0,63.0,1014.8,False,ACTUAL
2026-03-12T21:00:00Z,Landshut_OCGT,0.4,5.9,287.0,0,87.0,73.0,1027.9,True,ECMWF
2026-03-12T21:00:00Z,Nordsee_Wind,0.6,14.0,118.0,0,63.0,77.0,1018.0,False,GFS
2026-03-12T21:00:00Z,Augsburg_Solar,0.8,0,79.0,0,86.0,78.0,1022.7,False,ACTUAL
2026-03-12T22:00:00Z,Karlsruhe_CCGT,3.1,1.8,13.0,0,56.0,61.0,1006.8,False,ECMWF
2026-03-12T22:00:00Z,Landshut_OCGT,-3.0,2.3,130.0,0,62.0,69.0,999.7,True,GFS
2026-03-12T22:00:00Z,Nordsee_Wind,-1.8,5.3,328.0,0,71.0,62.0,1017.2,False,ACTUAL
2026-03-12T22:00:00Z,Augsburg_Solar,-2.2,4.1,149.0,0,1.0,72.0,1021.9,True,ECMWF
2026-03-12T23:00:00Z,Karlsruhe_CCGT,-3.5,3.9,9.0,0,66.0,33.0,1020.0,False,ECMWF
2026-03-12T23:00:00Z,Landshut_OCGT,-1.3,0,49.0,0,57.0,71.0,1027.0,False,GFS
2026-03-12T23:00:00Z,Nordsee_Wind,1.4,10.6,140.0,0,53.0,61.0,990.2,True,ECMWF
2026-03-12T23:00:00Z,Augsburg_Solar,3.5,5.1,280.0,0,70.0,39.0,1026.4,False,GFS
2026-03-13T00:00:00Z,Karlsruhe_CCGT,4.3,0.5,68.0,0,34.0,44.0,1002.0,False,GFS
2026-03-13T00:00:00Z,Landshut_OCGT,3.4,3.5,314.0,0,53.0,61.0,1006.6,False,ACTUAL
2026-03-13T00:00:00Z,Nordsee_Wind,6.4,3.6,147.0,0,43.0,71.0,999.7,True,ECMWF
2026-03-13T00:00:00Z,Augsburg_Solar,0.4,4.0,241.0,0,28.0,76.0,998.6,False,GFS
2026-03-13T01:00:00Z,Karlsruhe_CCGT,5.7,7.3,251.0,0,43.0,69.0,1025.4,False,ECMWF
2026-03-13T01:00:00Z,Landshut_OCGT,3.3,1.6,229.0,0,92.0,85.0,1023.4,True,ECMWF
2026-03-13T01:00:00Z,Nordsee_Wind,1.5,6.5,222.0,0,16.0,76.0,1019.7,True,ACTUAL
2026-03-13T01:00:00Z,Augsburg_Solar,-3.2,4.0,206.0,0,46.0,85.0,1011.0,True,GFS
2026-03-13T02:00:00Z,Karlsruhe_CCGT,11.4,7.3,301.0,0,0,44.0,1015.7,True,ECMWF
2026-03-13T02:00:00Z,Landshut_OCGT,-0.8,2.1,39.0,0,34.0,41.0,1008.2,True,GFS
2026-03-13T02:00:00Z,Nordsee_Wind,4.3,7.6,311.0,0,75.0,59.0,1007.4,True,ACTUAL
2026-03-13T02:00:00Z,Augsburg_Solar,4.1,1.2,20.0,0,39.0,66.0,1008.5,False,ACTUAL
2026-03-13T03:00:00Z,Karlsruhe_CCGT,13.0,6.2,312.0,0,30.0,84.0,1020.8,False,ACTUAL
2026-03-13T03:00:00Z,Landshut_OCGT,5.4,3.6,201.0,0,67.0,51.0,1022.9,True,GFS
2026-03-13T03:00:00Z,Nordsee_Wind,8.7,7.2,302.0,0,51.0,75.0,1025.0,True,ECMWF
2026-03-13T03:00:00Z,Augsburg_Solar,9.3,2.2,132.0,0,75.0,38.0,1007.4,True,ECMWF
2026-03-13T04:00:00Z,Karlsruhe_CCGT,7.7,2.6,204.0,0,82.0,80.0,1020.0,False,ACTUAL
2026-03-13T04:00:00Z,Landshut_OCGT,10.4,2.2,89.0,0,24.0,81.0,1012.8,False,GFS
2026-03-13T04:00:00Z,Nordsee_Wind,7.8,10.1,266.0,0,86.0,73.0,1003.1,False,ACTUAL
2026-03-13T04:00:00Z,Augsburg_Solar,5.8,4.8,115.0,0,41.0,61.0,1009.6,False,GFS
2026-03-13T05:00:00Z,Karlsruhe_CCGT,6.9,1.2,273.0,0,74.0,71.0,1008.9,True,ECMWF
2026-03-13T05:00:00Z,Landshut_OCGT,0.9,2.4,99.0,0,35.0,60.0,1004.3,True,GFS
2026-03-13T05:00:00Z,Nordsee_Wind,11.0,3.4,161.0,0,46.0,61.0,1004.0,True,GFS
2026-03-13T05:00:00Z,Augsburg_Solar,6.1,4.3,88.0,0,0.0,59.0,999.1,True,ACTUAL
2026-03-13T06:00:00Z,Karlsruhe_CCGT,3.2,0,219.0,0,62.0,47.0,1020.2,False,GFS
2026-03-13T06:00:00Z,Landshut_OCGT,4.5,0,243.0,0,9.0,76.0,1022.0,False,ACTUAL
2026-03-13T06:00:00Z,Nordsee_Wind,12.4,7.7,233.0,0,62.0,71.0,1016.9,True,ACTUAL
2026-03-13T06:00:00Z,Augsburg_Solar,10.1,6.4,353.0,0,40.0,53.0,1012.8,False,ACTUAL
2026-03-13T07:00:00Z,Karlsruhe_CCGT,6.3,0.3,318.0,0,74.0,55.0,1015.7,True,ACTUAL
2026-03-13T07:00:00Z,Landshut_OCGT,10.0,3.7,232.0,0,63.0,71.0,1020.6,False,GFS
2026-03-13T07:00:00Z,Nordsee_Wind,12.7,10.9,4.0,0,59.0,77.0,997.4,False,ECMWF
2026-03-13T07:00:00Z,Augsburg_Solar,4.9,1.5,356.0,118.0,42.0,100,1015.8,True,GFS
2026-03-13T08:00:00Z,Karlsruhe_CCGT,3.3,3.1,339.0,0,77.0,77.0,1020.8,False,ACTUAL
2026-03-13T08:00:00Z,Landshut_OCGT,1.7,2.9,215.0,0,20.0,53.0,1024.1,False,ECMWF
2026-03-13T08:00:00Z,Nordsee_Wind,9.3,4.5,352.0,0,18.0,76.0,1019.9,False,ACTUAL
2026-03-13T08:00:00Z,Augsburg_Solar,10.1,3.8,191.0,139.0,56.0,46.0,1014.4,False,GFS
2026-03-13T09:00:00Z,Karlsruhe_CCGT,3.0,0,147.0,0,14.0,56.0,1016.6,True,ECMWF
2026-03-13T09:00:00Z,Landshut_OCGT,9.4,7.7,239.0,0,41.0,71.0,1024.6,False,ECMWF
2026-03-13T09:00:00Z,Nordsee_Wind,4.4,9.5,310.0,0,64.0,60.0,1010.7,True,ACTUAL
2026-03-13T09:00:00Z,Augsburg_Solar,16.4,2.9,27.0,351.0,42.0,65.0,1013.3,True,ECMWF
2026-03-13T10:00:00Z,Karlsruhe_CCGT,9.5,0,211.0,0,41.0,77.0,1005.8,False,GFS
2026-03-13T10:00:00Z,Landshut_OCGT,5.4,3.6,315.0,0,59.0,66.0,1021.7,False,ACTUAL
2026-03-13T10:00:00Z,Nordsee_Wind,5.5,6.4,8.0,0,42.0,61.0,1011.9,False,ACTUAL
2026-03-13T10:00:00Z,Augsburg_Solar,5.4,3.3,222.0,301.0,64.0,65.0,1010.3,False,ECMWF
2026-03-13T11:00:00Z,Karlsruhe_CCGT,10.2,0,353.0,0,0,57.0,1004.3,True,ACTUAL
2026-03-13T11:00:00Z,Landshut_OCGT,8.3,4.1,275.0,0,97.0,73.0,1008.7,False,GFS
2026-03-13T11:00:00Z,Nordsee_Wind,6.4,11.2,252.0,0,56.0,67.0,1007.5,False,ECMWF
2026-03-13T11:00:00Z,Augsburg_Solar,0.5,1.2,165.0,405.0,25.0,56.0,1011.1,False,GFS
2026-03-13T12:00:00Z,Karlsruhe_CCGT,2.6,2.2,163.0,0,31.0,60.0,1003.3,True,ACTUAL
2026-03-13T12:00:00Z,Landshut_OCGT,-2.2,4.1,262.0,0,71.0,66.0,1014.1,False,ECMWF
2026-03-13T12:00:00Z,Nordsee_Wind,4.8,1.8,1.0,0,32.0,88.0,1022.4,True,ECMWF
2026-03-13T12:00:00Z,Augsburg_Solar,2.9,3.6,177.0,204.0,21.0,48.0,999.8,False,ACTUAL
2026-03-13T13:00:00Z,Karlsruhe_CCGT,8.7,7.4,86.0,0,25.0,24.0,1004.7,False,GFS
2026-03-13T13:00:00Z,Landshut_OCGT,4.1,3.0,247.0,0,0,56.0,1010.8,True,GFS
2026-03-13T13:00:00Z,Nordsee_Wind,5.1,6.9,7.0,0,67.0,100,1008.5,True,GFS
2026-03-13T13:00:00Z,Augsburg_Solar,1.2,4.0,221.0,427.0,62.0,59.0,1012.5,True,ACTUAL
2026-03-13T14:00:00Z,Karlsruhe_CCGT,5.5,2.5,167.0,0,60.0,65.0,1015.4,True,GFS
2026-03-13T14:00:00Z,Landshut_OCGT,1.3,1.3,37.0,0,30.0,58.0,1026.3,True,ECMWF
2026-03-13T14:00:00Z,Nordsee_Wind,1.0,9.0,26.0,0,14.0,79.0,1007.5,True,ECMWF
2026-03-13T14:00:00Z,Augsburg_Solar,1.5,4.0,243.0,330.0,3.0,94.0,1024.8,True,GFS
2026-03-13T15:00:00Z,Karlsruhe_CCGT,1.1,6.0,33.0,0,17.0,87.0,992.9,False,GFS
2026-03-13T15:00:00Z,Landshut_OCGT,2.4,0,242.0,0,46.0,49.0,1007.7,False,ECMWF
2026-03-13T15:00:00Z,Nordsee_Wind,4.8,5.7,356.0,0,19.0,58.0,1025.3,False,ECMWF
2026-03-13T15:00:00Z,Augsburg_Solar,-5.9,4.0,40.0,285.0,40.0,63.0,1014.0,False,ECMWF
2026-03-13T16:00:00Z,Karlsruhe_CCGT,0.6,2.8,217.0,0,50.0,34.0,1007.1,False,ACTUAL
2026-03-13T16:00:00Z,Landshut_OCGT,1.6,1.6,104.0,0,13.0,64.0,1014.3,True,ECMWF
2026-03-13T16:00:00Z,Nordsee_Wind,-4.2,12.8,116.0,0,44.0,63.0,1008.3,False,GFS
2026-03-13T16:00:00Z,Augsburg_Solar,-2.3,4.1,256.0,440.0,32.0,73.0,1013.1,False,ECMWF
2026-03-13T17:00:00Z,Karlsruhe_CCGT,-0.7,5.5,354.0,0,28.0,29.0,1013.4,False,GFS
2026-03-13T17:00:00Z,Landshut_OCGT,2.3,0,218.0,0,61.0,79.0,1005.0,True,ACTUAL
2026-03-13T17:00:00Z,Nordsee_Wind,-0.6,13.4,210.0,0,33.0,76.0,1008.6,True,ACTUAL
2026-03-13T17:00:00Z,Augsburg_Solar,0.9,0,41.0,131.0,49.0,83.0,1013.8,False,ACTUAL
2026-03-13T18:00:00Z,Karlsruhe_CCGT,-3.0,4.7,18.0,0,63.0,82.0,1017.6,True,ECMWF
2026-03-13T18:00:00Z,Landshut_OCGT,-0.9,3.1,304.0,0,15.0,74.0,1015.2,False,ACTUAL
2026-03-13T18:00:00Z,Nordsee_Wind,1.7,12.4,125.0,0,46.0,74.0,1006.4,False,ACTUAL
2026-03-13T18:00:00Z,Augsburg_Solar,0.8,0,156.0,79.0,43.0,62.0,1019.1,False,GFS
2026-03-13T19:00:00Z,Karlsruhe_CCGT,-5.5,7.9,149.0,0,77.0,92.0,1012.3,False,GFS
2026-03-13T19:00:00Z,Landshut_OCGT,2.6,7.3,27.0,0,69.0,78.0,1019.9,False,ACTUAL
2026-03-13T19:00:00Z,Nordsee_Wind,-4.5,8.3,137.0,0,75.0,60.0,1012.2,False,ECMWF
2026-03-13T19:00:00Z,Augsburg_Solar,-1.9,5.2,349.0,127.0,65.0,71.0,1017.1,True,GFS
2026-03-13T20:00:00Z,Karlsruhe_CCGT,-0.1,3.5,122.0,0,36.0,100,1028.3,False,ACTUAL
2026-03-13T20:00:00Z,Landshut_OCGT,-1.5,5.2,327.0,0,59.0,59.0,1019.0,False,GFS
2026-03-13T20:00:00Z,Nordsee_Wind,0.8,3.3,127.0,0,31.0,61.0,1025.0,False,ACTUAL
2026-03-13T20:00:00Z,Augsburg_Solar,-0.9,4.3,51.0,0.0,6.0,48.0,1015.0,False,GFS
2026-03-13T21:00:00Z,Karlsruhe_CCGT,-7.4,4.2,346.0,0,47.0,67.0,1016.6,True,ACTUAL
2026-03-13T21:00:00Z,Landshut_OCGT,4.7,1.0,232.0,0,47.0,82.0,1018.1,True,GFS
2026-03-13T21:00:00Z,Nordsee_Wind,-0.9,3.1,333.0,0,34.0,77.0,1019.0,True,GFS
2026-03-13T21:00:00Z,Augsburg_Solar,-2.7,0,180.0,0,10.0,57.0,1025.5,True,ACTUAL
2026-03-13T22:00:00Z,Karlsruhe_CCGT,0.7,2.2,162.0,0,55.0,83.0,1028.9,True,GFS
2026-03-13T22:00:00Z,Landshut_OCGT,1.8,4.8,27.0,0,5.0,86.0,1006.3,False,ACTUAL
2026-03-13T22:00:00Z,Nordsee_Wind,2.4,8.4,202.0,0,23.0,51.0,1018.4,True,ECMWF
2026-03-13T22:00:00Z,Augsburg_Solar,2.8,1.6,134.0,0,70.0,74.0,1000.1,True,ECMWF
2026-03-13T23:00:00Z,Karlsruhe_CCGT,-0.4,2.6,348.0,0,90.0,55.0,1001.4,True,GFS
2026-03-13T23:00:00Z,Landshut_OCGT,0.5,3.8,76.0,0,57.0,57.0,1019.6,False,GFS
2026-03-13T23:00:00Z,Nordsee_Wind,3.5,5.0,25.0,0,51.0,66.0,1028.0,True,ECMWF
2026-03-13T23:00:00Z,Augsburg_Solar,3.0,2.6,357.0,0,67.0,63.0,1009.5,False,ACTUAL
2026-03-14T00:00:00Z,Karlsruhe_CCGT,4.8,3.6,284.0,0,83.0,53.0,1022.8,False,ECMWF
2026-03-14T00:00:00Z,Landshut_OCGT,3.4,1.5,47.0,0,75.0,87.0,1021.5,False,ACTUAL
2026-03-14T00:00:00Z,Nordsee_Wind,2.7,7.7,314.0,0,66.0,76.0,1023.8,True,GFS
2026-03-14T00:00:00Z,Augsburg_Solar,3.6,0.5,349.0,0,69.0,57.0,1015.5,False,ACTUAL
2026-03-14T01:00:00Z,Karlsruhe_CCGT,5.6,2.2,359.0,0,31.0,85.0,1011.7,True,GFS
2026-03-14T01:00:00Z,Landshut_OCGT,3.5,4.6,341.0,0,34.0,53.0,995.6,True,ACTUAL
2026-03-14T01:00:00Z,Nordsee_Wind,-1.5,5.9,175.0,0,14.0,32.0,1013.6,False,ACTUAL
2026-03-14T01:00:00Z,Augsburg_Solar,8.7,5.2,13.0,0,26.0,79.0,1003.7,False,ACTUAL
2026-03-14T02:00:00Z,Karlsruhe_CCGT,3.8,1.8,171.0,0,42.0,62.0,1018.4,True,ECMWF
2026-03-14T02:00:00Z,Landshut_OCGT,5.3,0,97.0,0,17.0,60.0,1022.4,True,GFS
2026-03-14T02:00:00Z,Nordsee_Wind,4.2,6.4,297.0,0,43.0,73.0,1025.4,True,GFS
2026-03-14T02:00:00Z,Augsburg_Solar,5.8,4.6,243.0,0,65.0,66.0,1012.8,False,ECMWF
2026-03-14T03:00:00Z,Karlsruhe_CCGT,4.6,1.0,256.0,0,40.0,58.0,1016.3,False,ACTUAL
2026-03-14T03:00:00Z,Landshut_OCGT,8.0,1.0,225.0,0,97.0,51.0,1000.2,False,ACTUAL
2026-03-14T03:00:00Z,Nordsee_Wind,8.7,7.5,189.0,0,40.0,47.0,1003.9,False,ECMWF
2026-03-14T03:00:00Z,Augsburg_Solar,6.6,2.2,153.0,0,9.0,62.0,1009.5,False,ECMWF
2026-03-14T04:00:00Z,Karlsruhe_CCGT,9.2,4.4,338.0,0,84.0,100.0,1012.0,True,ACTUAL
2026-03-14T04:00:00Z,Landshut_OCGT,4.6,5.4,142.0,0,44.0,64.0,1009.1,True,GFS
2026-03-14T04:00:00Z,Nordsee_Wind,9.2,9.3,148.0,0,34.0,49.0,1017.6,True,ECMWF
2026-03-14T04:00:00Z,Augsburg_Solar,7.2,4.4,251.0,0,51.0,85.0,1023.0,False,ECMWF
2026-03-14T05:00:00Z,Karlsruhe_CCGT,6.0,7.4,341.0,0,65.0,69.0,1011.7,True,ECMWF
2026-03-14T05:00:00Z,Landshut_OCGT,14.2,8.8,313.0,0,76.0,75.0,1015.3,False,ACTUAL
2026-03-14T05:00:00Z,Nordsee_Wind,5.5,8.6,30.0,0,65.0,87.0,1007.1,False,ECMWF
2026-03-14T05:00:00Z,Augsburg_Solar,5.0,4.1,356.0,0,42.0,58.0,1002.9,True,GFS
2026-03-14T06:00:00Z,Karlsruhe_CCGT,7.2,0,243.0,0,71.0,70.0,1023.2,True,GFS
2026-03-14T06:00:00Z,Landshut_OCGT,0.9,0,202.0,0,73.0,72.0,1006.0,True,GFS
2026-03-14T06:00:00Z,Nordsee_Wind,2.8,10.5,35.0,0,25.0,59.0,1011.3,True,ECMWF
2026-03-14T06:00:00Z,Augsburg_Solar,11.2,0,268.0,0,64.0,77.0,1018.3,False,ECMWF
2026-03-14T07:00:00Z,Karlsruhe_CCGT,6.4,0,65.0,0,54.0,89.0,1001.9,True,ACTUAL
2026-03-14T07:00:00Z,Landshut_OCGT,9.7,5.5,19.0,0,5.0,60.0,1010.2,True,ACTUAL
2026-03-14T07:00:00Z,Nordsee_Wind,6.7,5.6,334.0,0,47.0,57.0,1004.8,False,ACTUAL
2026-03-14T07:00:00Z,Augsburg_Solar,7.4,3.2,320.0,44.0,19.0,81.0,1020.9,True,ECMWF
2026-03-14T08:00:00Z,Karlsruhe_CCGT,9.8,3.7,307.0,0,18.0,65.0,1004.7,False,ECMWF
2026-03-14T08:00:00Z,Landshut_OCGT,7.6,8.6,54.0,0,69.0,72.0,1006.6,False,ECMWF
2026-03-14T08:00:00Z,Nordsee_Wind,4.2,4.3,56.0,0,72.0,89.0,1020.6,True,GFS
2026-03-14T08:00:00Z,Augsburg_Solar,5.5,2.7,195.0,260.0,0,60.0,1008.4,False,ACTUAL
2026-03-14T09:00:00Z,Karlsruhe_CCGT,10.4,2.0,173.0,0,66.0,60.0,1024.1,True,ECMWF
2026-03-14T09:00:00Z,Landshut_OCGT,5.2,5.7,307.0,0,26.0,70.0,1017.2,True,ACTUAL
2026-03-14T09:00:00Z,Nordsee_Wind,2.9,8.4,272.0,0,52.0,74.0,1017.4,True,GFS
2026-03-14T09:00:00Z,Augsburg_Solar,2.4,8.5,75.0,257.0,27.0,84.0,1017.8,True,ECMWF
2026-03-14T10:00:00Z,Karlsruhe_CCGT,4.2,0,68.0,0,74.0,77.0,1010.1,True,GFS
2026-03-14T10:00:00Z,Landshut_OCGT,8.4,2.6,125.0,0,18.0,80.0,1012.3,True,ECMWF
2026-03-14T10:00:00Z,Nordsee_Wind,2.9,5.9,238.0,0,73.0,63.0,998.0,True,ECMWF
2026-03-14T10:00:00Z,Augsburg_Solar,6.1,1.0,147.0,341.0,98.0,86.0,1021.3,True,GFS
2026-03-14T11:00:00Z,Karlsruhe_CCGT,4.9,0.6,292.0,0,84.0,80.0,1000.6,True,ACTUAL
2026-03-14T11:00:00Z,Landshut_OCGT,10.2,2.2,93.0,0,33.0,61.0,1015.3,False,ACTUAL
2026-03-14T11:00:00Z,Nordsee_Wind,1.9,8.3,215.0,0,78.0,67.0,1002.0,True,ECMWF
2026-03-14T11:00:00Z,Augsburg_Solar,-0.1,1.3,140.0,512.0,51.0,35.0,1003.7,False,ECMWF
2026-03-14T12:00:00Z,Karlsruhe_CCGT,-2.3,0.0,6.0,0,27.0,44.0,1002.3,True,ECMWF
2026-03-14T12:00:00Z,Landshut_OCGT,0.9,0,169.0,0,77.0,53.0,1011.5,False,ECMWF
2026-03-14T12:00:00Z,Nordsee_Wind,5.0,11.2,42.0,0,23.0,40.0,1008.2,True,ECMWF
2026-03-14T12:00:00Z,Augsburg_Solar,2.0,3.9,246.0,357.0,67.0,69.0,1007.7,False,ACTUAL
2026-03-14T13:00:00Z,Karlsruhe_CCGT,0.2,0,17.0,0,85.0,85.0,1007.7,True,GFS
2026-03-14T13:00:00Z,Landshut_OCGT,3.3,1.1,215.0,0,57.0,75.0,1019.8,False,ECMWF
2026-03-14T13:00:00Z,Nordsee_Wind,-0.5,9.9,67.0,0,68.0,70.0,1022.0,True,ECMWF
2026-03-14T13:00:00Z,Augsburg_Solar,3.9,8.7,6.0,416.0,65.0,64.0,1002.7,True,GFS
2026-03-14T14:00:00Z,Karlsruhe_CCGT,-2.3,2.6,49.0,0,53.0,79.0,1014.8,False,ECMWF
2026-03-14T14:00:00Z,Landshut_OCGT,0.3,1.1,346.0,0,86.0,88.0,1011.3,False,ECMWF
2026-03-14T14:00:00Z,Nordsee_Wind,-1.6,10.5,209.0,0,50.0,66.0,1006.5,True,ECMWF
2026-03-14T14:00:00Z,Augsburg_Solar,-1.3,0.5,133.0,532.0,53.0,67.0,1022.0,True,ACTUAL
2026-03-14T15:00:00Z,Karlsruhe_CCGT,0.7,0.8,273.0,0,40.0,65.0,1023.9,True,ACTUAL
2026-03-14T15:00:00Z,Landshut_OCGT,1.4,3.1,181.0,0,74.0,66.0,1000.0,True,GFS
2026-03-14T15:00:00Z,Nordsee_Wind,-4.1,8.3,190.0,0,26.0,73.0,1009.2,True,ACTUAL
2026-03-14T15:00:00Z,Augsburg_Solar,1.0,0.6,249.0,183.0,82.0,72.0,1010.7,False,GFS
2026-03-14T16:00:00Z,Karlsruhe_CCGT,1.6,1.6,277.0,0,32.0,69.0,1004.7,True,GFS
2026-03-14T16:00:00Z,Landshut_OCGT,-5.1,5.0,147.0,0,46.0,93.0,1008.7,False,ACTUAL
2026-03-14T16:00:00Z,Nordsee_Wind,-4.6,3.5,319.0,0,71.0,67.0,1013.5,False,GFS
2026-03-14T16:00:00Z,Augsburg_Solar,3.1,2.0,241.0,321.0,90.0,43.0,1014.2,True,GFS
2026-03-14T17:00:00Z,Karlsruhe_CCGT,-8.1,3.6,158.0,0,16.0,67.0,1007.4,True,ACTUAL
2026-03-14T17:00:00Z,Landshut_OCGT,-4.7,3.8,166.0,0,71.0,41.0,1026.5,True,GFS
2026-03-14T17:00:00Z,Nordsee_Wind,-1.1,5.9,262.0,0,40.0,70.0,999.5,True,GFS
2026-03-14T17:00:00Z,Augsburg_Solar,2.4,1.9,101.0,360.0,50.0,77.0,1005.0,True,GFS
2026-03-14T18:00:00Z,Karlsruhe_CCGT,-0.7,5.9,278.0,0,70.0,57.0,1011.6,True,GFS
2026-03-14T18:00:00Z,Landshut_OCGT,-2.0,5.4,61.0,0,88.0,56.0,1027.3,False,ECMWF
2026-03-14T18:00:00Z,Nordsee_Wind,-4.7,9.2,55.0,0,34.0,76.0,1010.7,False,GFS
2026-03-14T18:00:00Z,Augsburg_Solar,0.6,6.7,27.0,191.0,27.0,71.0,1003.8,False,ECMWF
2026-03-14T19:00:00Z,Karlsruhe_CCGT,-5.9,4.6,150.0,0,85.0,64.0,1003.0,True,GFS
2026-03-14T19:00:00Z,Landshut_OCGT,-2.4,2.3,122.0,0,60.0,62.0,1016.5,False,GFS
2026-03-14T19:00:00Z,Nordsee_Wind,-1.6,10.7,132.0,0,61.0,68.0,1009.3,True,ACTUAL
2026-03-14T19:00:00Z,Augsburg_Solar,0.2,3.9,212.0,84.0,93.0,74.0,1009.9,True,ECMWF
2026-03-14T20:00:00Z,Karlsruhe_CCGT,3.4,0.3,124.0,0,42.0,48.0,1019.3,True,ECMWF
2026-03-14T20:00:00Z,Landshut_OCGT,0.5,1.0,153.0,0,31.0,40.0,1006.4,True,ACTUAL
2026-03-14T20:00:00Z,Nordsee_Wind,1.7,12.3,151.0,0,21.0,78.0,1009.2,False,ACTUAL
2026-03-14T20:00:00Z,Augsburg_Solar,-2.5,2.2,309.0,0.0,0,50.0,1013.0,True,ACTUAL
2026-03-14T21:00:00Z,Karlsruhe_CCGT,-0.1,2.9,324.0,0,11.0,66.0,1035.1,False,ECMWF
2026-03-14T21:00:00Z,Landshut_OCGT,-1.5,8.4,192.0,0,51.0,67.0,1009.4,True,GFS
2026-03-14T21:00:00Z,Nordsee_Wind,-1.2,3.8,224.0,0,40.0,85.0,1010.1,False,ACTUAL
2026-03-14T21:00:00Z,Augsburg_Solar,-0.8,1.4,57.0,0,42.0,43.0,1002.7,False,ACTUAL
2026-03-14T22:00:00Z,Karlsruhe_CCGT,-1.3,8.2,319.0,0,50.0,69.0,1007.0,False,GFS
2026-03-14T22:00:00Z,Landshut_OCGT,-0.5,2.0,296.0,0,49.0,62.0,1010.9,False,ACTUAL
2026-03-14T22:00:00Z,Nordsee_Wind,2.7,13.2,146.0,0,53.0,76.0,1015.1,False,ECMWF
2026-03-14T22:00:00Z,Augsburg_Solar,9.9,0.2,210.0,0,35.0,81.0,1008.6,False,ECMWF
2026-03-14T23:00:00Z,Karlsruhe_CCGT,2.3,0,53.0,0,63.0,75.0,1010.0,True,ECMWF
2026-03-14T23:00:00Z,Landshut_OCGT,-0.7,7.1,151.0,0,15.0,54.0,1011.6,False,ECMWF
2026-03-14T23:00:00Z,Nordsee_Wind,3.3,6.7,66.0,0,41.0,52.0,1001.7,True,GFS
2026-03-14T23:00:00Z,Augsburg_Solar,-2.7,0.2,138.0,0,40.0,50.0,1019.4,False,GFS
2026-03-15T00:00:00Z,Karlsruhe_CCGT,6.6,1.2,233.0,0,78.0,44.0,1018.7,True,ACTUAL
2026-03-15T00:00:00Z,Landshut_OCGT,1.8,4.0,91.0,0,54.0,73.0,1021.7,True,ECMWF
2026-03-15T00:00:00Z,Nordsee_Wind,4.7,6.6,300.0,0,40.0,69.0,1011.1,False,ACTUAL
2026-03-15T00:00:00Z,Augsburg_Solar,-1.5,3.1,248.0,0,0,63.0,1008.2,False,ECMWF
2026-03-15T01:00:00Z,Karlsruhe_CCGT,1.7,8.5,259.0,0,51.0,70.0,997.8,False,ECMWF
2026-03-15T01:00:00Z,Landshut_OCGT,4.7,3.8,29.0,0,34.0,56.0,1022.2,False,GFS
2026-03-15T01:00:00Z,Nordsee_Wind,11.2,13.0,45.0,0,58.0,40.0,1018.9,True,ACTUAL
2026-03-15T01:00:00Z,Augsburg_Solar,5.5,0.9,163.0,0,17.0,73.0,1011.8,False,GFS
2026-03-15T02:00:00Z,Karlsruhe_CCGT,5.6,11.1,271.0,0,93.0,68.0,1008.4,False,ACTUAL
2026-03-15T02:00:00Z,Landshut_OCGT,6.1,1.1,12.0,0,62.0,68.0,1010.2,False,ECMWF
2026-03-15T02:00:00Z,Nordsee_Wind,3.0,11.7,181.0,0,63.0,49.0,1004.4,False,ECMWF
2026-03-15T02:00:00Z,Augsburg_Solar,4.5,3.3,74.0,0,47.0,42.0,1016.9,True,ECMWF
2026-03-15T03:00:00Z,Karlsruhe_CCGT,5.2,4.2,178.0,0,36.0,49.0,1015.1,True,GFS
2026-03-15T03:00:00Z,Landshut_OCGT,7.4,0,45.0,0,51.0,62.0,1017.5,False,GFS
2026-03-15T03:00:00Z,Nordsee_Wind,11.8,2.3,344.0,0,64.0,89.0,1013.7,False,ACTUAL
2026-03-15T03:00:00Z,Augsburg_Solar,4.7,6.3,105.0,0,66.0,88.0,1021.5,False,ACTUAL
2026-03-15T04:00:00Z,Karlsruhe_CCGT,9.0,3.2,17.0,0,22.0,56.0,1016.7,True,GFS
2026-03-15T04:00:00Z,Landshut_OCGT,9.7,3.7,271.0,0,0,56.0,1021.6,False,ACTUAL
2026-03-15T04:00:00Z,Nordsee_Wind,12.6,9.7,350.0,0,98.0,80.0,1015.8,False,ACTUAL
2026-03-15T04:00:00Z,Augsburg_Solar,9.7,0,304.0,0,18.0,46.0,1009.5,False,ECMWF
2026-03-15T05:00:00Z,Karlsruhe_CCGT,1.2,0.2,95.0,0,83.0,76.0,1006.9,True,ECMWF
2026-03-15T05:00:00Z,Landshut_OCGT,11.5,2.6,321.0,0,0,67.0,999.4,False,GFS
2026-03-15T05:00:00Z,Nordsee_Wind,12.3,11.7,186.0,0,2.0,66.0,1025.4,False,ACTUAL
2026-03-15T05:00:00Z,Augsburg_Solar,3.7,1.4,33.0,0,20.0,47.0,1022.2,True,GFS
2026-03-15T06:00:00Z,Karlsruhe_CCGT,6.4,1.6,258.0,0,81.0,58.0,1009.1,True,GFS
2026-03-15T06:00:00Z,Landshut_OCGT,10.2,0.9,304.0,0,59.0,49.0,1005.5,True,GFS
2026-03-15T06:00:00Z,Nordsee_Wind,8.6,8.3,280.0,0,47.0,61.0,1017.0,True,GFS
2026-03-15T06:00:00Z,Augsburg_Solar,4.7,3.0,229.0,0,67.0,66.0,997.9,False,ACTUAL
2026-03-15T07:00:00Z,Karlsruhe_CCGT,7.2,6.4,169.0,0,54.0,96.0,1008.5,True,ACTUAL
2026-03-15T07:00:00Z,Landshut_OCGT,8.5,0,310.0,0,41.0,52.0,1025.9,False,ECMWF
2026-03-15T07:00:00Z,Nordsee_Wind,7.7,8.2,235.0,0,40.0,58.0,1013.1,False,GFS
2026-03-15T07:00:00Z,Augsburg_Solar,3.0,5.5,86.0,86.0,45.0,52.0,1009.2,True,GFS
2026-03-15T08:00:00Z,Karlsruhe_CCGT,3.2,6.5,50.0,0,9.0,59.0,1017.4,False,ACTUAL
2026-03-15T08:00:00Z,Landshut_OCGT,9.8,3.7,338.0,0,25.0,40.0,1013.6,True,ECMWF
2026-03-15T08:00:00Z,Nordsee_Wind,8.5,4.9,203.0,0,7.0,44.0,1020.5,False,ACTUAL
2026-03-15T08:00:00Z,Augsburg_Solar,12.7,5.0,336.0,114.0,48.0,74.0,1002.3,True,ACTUAL
2026-03-15T09:00:00Z,Karlsruhe_CCGT,3.1,4.2,168.0,0,56.0,76.0,1025.5,True,ACTUAL
2026-03-15T09:00:00Z,Landshut_OCGT,4.5,8.0,179.0,0,79.0,67.0,1001.8,False,GFS
2026-03-15T09:00:00Z,Nordsee_Wind,0.3,10.3,54.0,0,32.0,62.0,1015.4,False,GFS
2026-03-15T09:00:00Z,Augsburg_Solar,2.2,0.2,329.0,232.0,42.0,78.0,1023.1,True,ECMWF
2026-03-15T10:00:00Z,Karlsruhe_CCGT,11.3,4.0,168.0,0,28.0,68.0,1021.0,False,ACTUAL
2026-03-15T10:00:00Z,Landshut_OCGT,9.7,3.0,340.0,0,41.0,61.0,1003.1,True,ACTUAL
2026-03-15T10:00:00Z,Nordsee_Wind,10.4,3.0,219.0,0,66.0,66.0,1015.2,True,ACTUAL
2026-03-15T10:00:00Z,Augsburg_Solar,3.8,3.6,208.0,312.0,86.0,69.0,1023.3,False,ECMWF
2026-03-15T11:00:00Z,Karlsruhe_CCGT,4.1,5.4,113.0,0,10.0,80.0,998.7,False,GFS
2026-03-15T11:00:00Z,Landshut_OCGT,8.2,5.2,118.0,0,54.0,60.0,1009.3,False,GFS
2026-03-15T11:00:00Z,Nordsee_Wind,5.0,7.3,176.0,0,53.0,90.0,1012.7,True,ECMWF
2026-03-15T11:00:00Z,Augsburg_Solar,6.6,4.7,123.0,191.0,70.0,72.0,1011.5,False,ACTUAL
2026-03-15T12:00:00Z,Karlsruhe_CCGT,2.5,1.1,264.0,0,83.0,92.0,1016.2,False,GFS
2026-03-15T12:00:00Z,Landshut_OCGT,7.7,0,326.0,0,60.0,79.0,1020.9,True,ACTUAL
2026-03-15T12:00:00Z,Nordsee_Wind,2.0,7.9,52.0,0,16.0,64.0,996.6,False,GFS
2026-03-15T12:00:00Z,Augsburg_Solar,4.7,3.2,324.0,243.0,21.0,80.0,1005.5,False,GFS
2026-03-15T13:00:00Z,Karlsruhe_CCGT,1.3,0.5,120.0,0,46.0,43.0,1014.7,True,ECMWF
2026-03-15T13:00:00Z,Landshut_OCGT,-2.2,0,115.0,0,25.0,74.0,1014.0,True,ECMWF
2026-03-15T13:00:00Z,Nordsee_Wind,0.2,17.6,221.0,0,11.0,76.0,1002.7,True,ECMWF
2026-03-15T13:00:00Z,Augsburg_Solar,1.6,0.6,143.0,412.0,67.0,68.0,1013.7,True,ACTUAL
2026-03-15T14:00:00Z,Karlsruhe_CCGT,-6.3,1.8,243.0,0,52.0,51.0,1015.8,True,ECMWF
2026-03-15T14:00:00Z,Landshut_OCGT,-1.7,5.7,238.0,0,56.0,69.0,1005.6,True,ECMWF
2026-03-15T14:00:00Z,Nordsee_Wind,1.0,6.6,226.0,0,88.0,34.0,1013.7,True,GFS
2026-03-15T14:00:00Z,Augsburg_Solar,-0.7,6.1,297.0,537.0,88.0,46.0,1014.2,False,GFS
2026-03-15T15:00:00Z,Karlsruhe_CCGT,-0.0,1.1,10.0,0,59.0,60.0,1026.6,True,ACTUAL
2026-03-15T15:00:00Z,Landshut_OCGT,2.4,6.2,247.0,0,45.0,71.0,1008.0,True,ECMWF
2026-03-15T15:00:00Z,Nordsee_Wind,-2.0,12.2,81.0,0,40.0,69.0,1018.4,True,GFS
2026-03-15T15:00:00Z,Augsburg_Solar,0.6,5.7,160.0,456.0,4.0,63.0,1015.1,True,ACTUAL
2026-03-15T16:00:00Z,Karlsruhe_CCGT,-5.1,9.3,52.0,0,89.0,76.0,1020.6,True,ACTUAL
2026-03-15T16:00:00Z,Landshut_OCGT,-5.8,0.8,268.0,0,40.0,87.0,1024.7,False,GFS
2026-03-15T16:00:00Z,Nordsee_Wind,1.3,5.3,181.0,0,83.0,91.0,1018.5,True,GFS
2026-03-15T16:00:00Z,Augsburg_Solar,3.1,0,185.0,409.0,80.0,68.0,1020.1,False,ECMWF
2026-03-15T17:00:00Z,Karlsruhe_CCGT,-0.6,4.6,260.0,0,54.0,62.0,1014.7,True,ACTUAL
2026-03-15T17:00:00Z,Landshut_OCGT,-1.6,5.2,320.0,0,83.0,35.0,1021.1,False,GFS
2026-03-15T17:00:00Z,Nordsee_Wind,-3.0,7.1,240.0,0,59.0,59.0,1005.5,False,ECMWF
2026-03-15T17:00:00Z,Augsburg_Solar,-1.4,3.9,311.0,133.0,19.0,92.0,1010.7,True,ECMWF
2026-03-15T18:00:00Z,Karlsruhe_CCGT,0.2,4.6,356.0,0,66.0,80.0,1022.9,False,ACTUAL
2026-03-15T18:00:00Z,Landshut_OCGT,-5.8,3.0,242.0,0,17.0,59.0,1021.1,True,ECMWF
2026-03-15T18:00:00Z,Nordsee_Wind,-6.4,7.1,27.0,0,100,48.0,1021.9,False,ECMWF
2026-03-15T18:00:00Z,Augsburg_Solar,-3.2,5.8,313.0,148.0,50.0,69.0,1001.5,True,ACTUAL
2026-03-15T19:00:00Z,Karlsruhe_CCGT,-8.1,0.5,118.0,0,87.0,64.0,1015.4,False,ECMWF
2026-03-15T19:00:00Z,Landshut_OCGT,4.2,6.3,244.0,0,43.0,56.0,1024.2,True,ECMWF
2026-03-15T19:00:00Z,Nordsee_Wind,-0.4,5.4,345.0,0,30.0,57.0,1013.2,False,GFS
2026-03-15T19:00:00Z,Augsburg_Solar,5.2,7.5,285.0,121.0,57.0,62.0,1021.4,True,ECMWF
2026-03-15T20:00:00Z,Karlsruhe_CCGT,-2.9,2.7,104.0,0,59.0,63.0,1020.3,False,ECMWF
2026-03-15T20:00:00Z,Landshut_OCGT,1.4,3.6,32.0,0,77.0,84.0,1013.3,False,ACTUAL
2026-03-15T20:00:00Z,Nordsee_Wind,2.7,8.8,183.0,0,98.0,68.0,1005.2,False,GFS
2026-03-15T20:00:00Z,Augsburg_Solar,1.3,3.6,49.0,0.0,25.0,92.0,1003.3,True,ECMWF
2026-03-15T21:00:00Z,Karlsruhe_CCGT,-3.9,9.1,154.0,0,100,76.0,1012.3,False,ACTUAL
2026-03-15T21:00:00Z,Landshut_OCGT,0.6,0,347.0,0,92.0,67.0,1026.2,True,ACTUAL
2026-03-15T21:00:00Z,Nordsee_Wind,5.3,10.7,198.0,0,43.0,28.0,1011.3,True,ACTUAL
2026-03-15T21:00:00Z,Augsburg_Solar,0.4,5.2,354.0,0,11.0,89.0,1012.4,False,ECMWF
2026-03-15T22:00:00Z,Karlsruhe_CCGT,-1.9,4.7,228.0,0,11.0,80.0,1003.7,False,GFS
2026-03-15T22:00:00Z,Landshut_OCGT,6.4,3.2,206.0,0,20.0,74.0,1002.9,True,ECMWF
2026-03-15T22:00:00Z,Nordsee_Wind,2.5,14.3,34.0,0,45.0,60.0,1011.7,False,ACTUAL
2026-03-15T22:00:00Z,Augsburg_Solar,-4.2,0,65.0,0,37.0,59.0,1020.1,True,ACTUAL
2026-03-15T23:00:00Z,Karlsruhe_CCGT,3.0,3.1,115.0,0,99.0,44.0,1023.9,True,GFS
2026-03-15T23:00:00Z,Landshut_OCGT,2.8,5.4,243.0,0,15.0,49.0,1006.9,False,GFS
2026-03-15T23:00:00Z,Nordsee_Wind,-3.1,5.9,268.0,0,67.0,68.0,1021.7,True,GFS
2026-03-15T23:00:00Z,Augsburg_Solar,0.1,2.2,93.0,0,47.0,50.0,1018.8,False,ECMWF
2026-03-16T00:00:00Z,Karlsruhe_CCGT,1.8,4.5,38.0,0,59.0,61.0,1016.0,True,GFS
2026-03-16T00:00:00Z,Landshut_OCGT,4.7,4.6,78.0,0,73.0,48.0,1013.5,False,ACTUAL
2026-03-16T00:00:00Z,Nordsee_Wind,-1.6,9.4,115.0,0,42.0,100,1000.7,False,ECMWF
2026-03-16T00:00:00Z,Augsburg_Solar,4.5,6.5,217.0,0,58.0,55.0,1005.7,True,ECMWF
2026-03-16T01:00:00Z,Karlsruhe_CCGT,5.2,3.6,181.0,0,51.0,92.0,1020.4,True,ACTUAL
2026-03-16T01:00:00Z,Landshut_OCGT,6.0,0,315.0,0,70.0,68.0,1013.5,True,ECMWF
2026-03-16T01:00:00Z,Nordsee_Wind,4.7,9.5,41.0,0,84.0,65.0,1019.9,False,ECMWF
2026-03-16T01:00:00Z,Augsburg_Solar,2.1,6.7,357.0,0,37.0,86.0,1023.8,True,GFS
2026-03-16T02:00:00Z,Karlsruhe_CCGT,8.3,3.2,346.0,0,10.0,78.0,1014.7,False,ACTUAL
2026-03-16T02:00:00Z,Landshut_OCGT,9.5,3.1,271.0,0,35.0,47.0,1008.6,False,GFS
2026-03-16T02:00:00Z,Nordsee_Wind,12.0,4.8,224.0,0,51.0,69.0,1025.3,False,ACTUAL
2026-03-16T02:00:00Z,Augsburg_Solar,3.7,0,335.0,0,11.0,73.0,1006.0,True,ECMWF
2026-03-16T03:00:00Z,Karlsruhe_CCGT,6.0,0.3,39.0,0,56.0,88.0,1026.4,True,ECMWF
2026-03-16T03:00:00Z,Landshut_OCGT,3.3,2.6,37.0,0,39.0,49.0,1014.6,False,ECMWF
2026-03-16T03:00:00Z,Nordsee_Wind,14.0,12.7,226.0,0,56.0,72.0,1019.1,False,GFS
2026-03-16T03:00:00Z,Augsburg_Solar,2.0,3.1,115.0,0,14.0,82.0,1005.1,True,GFS
2026-03-16T04:00:00Z,Karlsruhe_CCGT,3.5,7.7,11.0,0,48.0,53.0,1017.8,True,GFS
2026-03-16T04:00:00Z,Landshut_OCGT,6.6,5.3,346.0,0,26.0,67.0,1025.4,False,GFS
2026-03-16T04:00:00Z,Nordsee_Wind,5.9,3.8,80.0,0,54.0,85.0,1019.6,True,ACTUAL
2026-03-16T04:00:00Z,Augsburg_Solar,6.1,4.5,89.0,0,0,58.0,999.0,False,GFS
2026-03-16T05:00:00Z,Karlsruhe_CCGT,8.7,3.2,9.0,0,80.0,50.0,1006.8,False,ECMWF
2026-03-16T05:00:00Z,Landshut_OCGT,10.9,6.5,82.0,0,0,78.0,1023.2,False,GFS
2026-03-16T05:00:00Z,Nordsee_Wind,11.7,9.4,134.0,0,23.0,84.0,1010.0,True,ACTUAL
2026-03-16T05:00:00Z,Augsburg_Solar,9.2,4.5,173.0,0,46.0,53.0,1010.3,False,ECMWF
2026-03-16T06:00:00Z,Karlsruhe_CCGT,7.4,0,293.0,0,40.0,64.0,1024.2,False,ACTUAL
2026-03-16T06:00:00Z,Landshut_OCGT,11.3,1.3,264.0,0,79.0,78.0,999.0,False,ACTUAL
2026-03-16T06:00:00Z,Nordsee_Wind,11.2,6.4,122.0,0,49.0,62.0,1023.6,False,ECMWF
2026-03-16T06:00:00Z,Augsburg_Solar,7.1,5.7,317.0,0,56.0,69.0,1027.2,True,ECMWF
2026-03-16T07:00:00Z,Karlsruhe_CCGT,9.6,4.6,225.0,0,35.0,39.0,1028.3,True,ACTUAL
2026-03-16T07:00:00Z,Landshut_OCGT,8.4,2.1,300.0,0,80.0,67.0,1007.3,False,ECMWF
2026-03-16T07:00:00Z,Nordsee_Wind,10.0,9.3,210.0,0,33.0,67.0,1006.3,False,ACTUAL
2026-03-16T07:00:00Z,Augsburg_Solar,4.6,0,111.0,104.0,1.0,46.0,1025.4,False,ACTUAL
2026-03-16T08:00:00Z,Karlsruhe_CCGT,7.9,5.0,331.0,0,64.0,78.0,994.3,True,ECMWF
2026-03-16T08:00:00Z,Landshut_OCGT,2.5,3.1,247.0,0,69.0,60.0,1028.3,False,GFS
2026-03-16T08:00:00Z,Nordsee_Wind,6.4,7.8,138.0,0,0,57.0,1022.3,False,GFS
2026-03-16T08:00:00Z,Augsburg_Solar,5.0,6.6,81.0,81.0,5.0,51.0,1015.8,False,GFS
2026-03-16T09:00:00Z,Karlsruhe_CCGT,7.9,5.9,10.0,0,39.0,82.0,1004.2,False,ACTUAL
2026-03-16T09:00:00Z,Landshut_OCGT,9.0,2.3,318.0,0,35.0,55.0,1010.9,True,ACTUAL
2026-03-16T09:00:00Z,Nordsee_Wind,2.0,5.7,61.0,0,15.0,60.0,1014.9,True,ACTUAL
2026-03-16T09:00:00Z,Augsburg_Solar,9.4,3.7,102.0,290.0,29.0,59.0,1012.2,False,ACTUAL
2026-03-16T10:00:00Z,Karlsruhe_CCGT,3.7,2.6,169.0,0,91.0,56.0,1010.6,True,ACTUAL
2026-03-16T10:00:00Z,Landshut_OCGT,2.4,0.4,138.0,0,64.0,48.0,1008.0,True,ACTUAL
2026-03-16T10:00:00Z,Nordsee_Wind,5.4,14.3,335.0,0,37.0,69.0,1016.2,False,GFS
2026-03-16T10:00:00Z,Augsburg_Solar,5.5,0,154.0,457.0,66.0,57.0,1028.9,True,GFS
2026-03-16T11:00:00Z,Karlsruhe_CCGT,2.4,7.1,106.0,0,66.0,60.0,1006.9,False,ACTUAL
2026-03-16T11:00:00Z,Landshut_OCGT,1.1,1.3,257.0,0,72.0,92.0,1017.8,False,ECMWF
2026-03-16T11:00:00Z,Nordsee_Wind,2.4,8.1,238.0,0,47.0,47.0,1015.7,False,GFS
2026-03-16T11:00:00Z,Augsburg_Solar,7.6,8.1,223.0,196.0,20.0,71.0,1016.3,False,ECMWF
2026-03-16T12:00:00Z,Karlsruhe_CCGT,0.9,3.6,343.0,0,56.0,53.0,1008.3,False,ECMWF
2026-03-16T12:00:00Z,Landshut_OCGT,6.0,0.2,227.0,0,59.0,69.0,1013.4,True,ACTUAL
2026-03-16T12:00:00Z,Nordsee_Wind,1.2,3.7,122.0,0,25.0,66.0,1021.3,True,ACTUAL
2026-03-16T12:00:00Z,Augsburg_Solar,-0.2,1.5,317.0,311.0,40.0,71.0,1028.9,True,GFS
2026-03-16T13:00:00Z,Karlsruhe_CCGT,5.7,6.0,172.0,0,62.0,52.0,1010.8,True,GFS
2026-03-16T13:00:00Z,Landshut_OCGT,1.0,1.5,354.0,0,89.0,85.0,999.8,True,ACTUAL
2026-03-16T13:00:00Z,Nordsee_Wind,1.9,9.7,192.0,0,26.0,81.0,990.7,False,ACTUAL
2026-03-16T13:00:00Z,Augsburg_Solar,0.3,0,80.0,237.0,64.0,80.0,1023.1,True,GFS
2026-03-16T14:00:00Z,Karlsruhe_CCGT,3.5,0,330.0,0,10.0,88.0,997.0,True,ACTUAL
2026-03-16T14:00:00Z,Landshut_OCGT,0.1,4.4,185.0,0,59.0,66.0,1011.6,False,GFS
2026-03-16T14:00:00Z,Nordsee_Wind,1.0,7.3,269.0,0,47.0,58.0,1019.4,False,GFS
2026-03-16T14:00:00Z,Augsburg_Solar,-1.3,2.9,258.0,390.0,60.0,85.0,1014.3,True,GFS
2026-03-16T15:00:00Z,Karlsruhe_CCGT,-1.3,4.4,181.0,0,100,42.0,1008.8,True,ECMWF
2026-03-16T15:00:00Z,Landshut_OCGT,-0.0,0.7,263.0,0,43.0,65.0,1014.2,True,ACTUAL
2026-03-16T15:00:00Z,Nordsee_Wind,-1.1,4.3,156.0,0,100,82.0,1016.4,False,ECMWF
2026-03-16T15:00:00Z,Augsburg_Solar,0.4,1.9,75.0,426.0,75.0,58.0,993.5,False,ECMWF
2026-03-16T16:00:00Z,Karlsruhe_CCGT,1.4,2.3,191.0,0,53.0,75.0,1013.1,False,ACTUAL
2026-03-16T16:00:00Z,Landshut_OCGT,-6.9,2.5,150.0,0,7.0,73.0,1013.2,True,GFS
2026-03-16T16:00:00Z,Nordsee_Wind,2.0,8.4,352.0,0,70.0,72.0,1010.9,True,GFS
2026-03-16T16:00:00Z,Augsburg_Solar,-3.3,2.7,251.0,371.0,68.0,49.0,1005.6,False,ACTUAL
2026-03-16T17:00:00Z,Karlsruhe_CCGT,-1.9,2.7,96.0,0,70.0,32.0,1008.2,False,ECMWF
2026-03-16T17:00:00Z,Landshut_OCGT,0.2,1.0,138.0,0,50.0,62.0,1003.9,True,ACTUAL
2026-03-16T17:00:00Z,Nordsee_Wind,-0.4,7.1,238.0,0,58.0,63.0,1008.9,False,ECMWF
2026-03-16T17:00:00Z,Augsburg_Solar,-1.5,5.8,280.0,357.0,48.0,74.0,1022.6,False,ACTUAL
2026-03-16T18:00:00Z,Karlsruhe_CCGT,-2.5,4.0,98.0,0,49.0,62.0,1015.7,True,ACTUAL
2026-03-16T18:00:00Z,Landshut_OCGT,-2.5,3.3,302.0,0,75.0,61.0,1009.0,False,GFS
2026-03-16T18:00:00Z,Nordsee_Wind,-0.8,4.9,353.0,0,64.0,72.0,1015.1,True,ECMWF
2026-03-16T18:00:00Z,Augsburg_Solar,-2.2,4.2,340.0,97.0,26.0,67.0,1013.7,False,ECMWF
2026-03-16T19:00:00Z,Karlsruhe_CCGT,-7.9,0,317.0,0,51.0,69.0,1017.4,True,GFS
2026-03-16T19:00:00Z,Landshut_OCGT,3.7,2.6,58.0,0,9.0,75.0,1024.2,False,GFS
2026-03-16T19:00:00Z,Nordsee_Wind,0.5,5.5,130.0,0,79.0,60.0,1012.0,True,ACTUAL
2026-03-16T19:00:00Z,Augsburg_Solar,-6.0,3.4,2.0,78.0,39.0,62.0,1015.4,True,GFS
2026-03-16T20:00:00Z,Karlsruhe_CCGT,-5.3,0,97.0,0,74.0,69.0,1006.6,True,GFS
2026-03-16T20:00:00Z,Landshut_OCGT,-2.1,0,251.0,0,47.0,57.0,1009.5,False,ECMWF
2026-03-16T20:00:00Z,Nordsee_Wind,-0.2,10.8,224.0,0,65.0,99.0,1008.8,True,ACTUAL
2026-03-16T20:00:00Z,Augsburg_Solar,0.7,0,129.0,0.0,45.0,89.0,997.8,True,ECMWF
2026-03-16T21:00:00Z,Karlsruhe_CCGT,2.3,2.7,280.0,0,62.0,55.0,1005.3,True,GFS
2026-03-16T21:00:00Z,Landshut_OCGT,0.2,1.8,327.0,0,47.0,70.0,1014.1,False,ACTUAL
2026-03-16T21:00:00Z,Nordsee_Wind,-1.9,7.5,118.0,0,53.0,53.0,1023.0,True,ACTUAL
2026-03-16T21:00:00Z,Augsburg_Solar,0.7,0,352.0,0,100,68.0,1008.2,False,ECMWF
2026-03-16T22:00:00Z,Karlsruhe_CCGT,-2.8,0,68.0,0,65.0,56.0,1009.2,False,GFS
2026-03-16T22:00:00Z,Landshut_OCGT,-0.2,4.9,68.0,0,41.0,57.0,1010.7,True,GFS
2026-03-16T22:00:00Z,Nordsee_Wind,-1.4,13.3,261.0,0,0,72.0,1025.1,False,ACTUAL
2026-03-16T22:00:00Z,Augsburg_Solar,0.7,2.0,37.0,0,70.0,75.0,1014.3,True,GFS
2026-03-16T23:00:00Z,Karlsruhe_CCGT,1.6,3.8,50.0,0,53.0,56.0,1025.3,False,ACTUAL
2026-03-16T23:00:00Z,Landshut_OCGT,10.9,7.0,349.0,0,65.0,86.0,1012.3,False,ACTUAL
2026-03-16T23:00:00Z,Nordsee_Wind,5.6,6.2,328.0,0,89.0,47.0,1024.5,False,ECMWF
2026-03-16T23:00:00Z,Augsburg_Solar,-0.5,3.2,178.0,0,9.0,45.0,1001.9,True,ACTUAL
2026-03-17T00:00:00Z,Karlsruhe_CCGT,11.7,7.5,222.0,0,38.0,32.0,1003.6,False,ACTUAL
2026-03-17T00:00:00Z,Landshut_OCGT,3.5,7.8,250.0,0,77.0,91.0,1012.7,False,GFS
2026-03-17T00:00:00Z,Nordsee_Wind,5.6,7.1,197.0,0,53.0,52.0,1019.0,False,ACTUAL
2026-03-17T00:00:00Z,Augsburg_Solar,5.7,3.6,287.0,0,49.0,61.0,1006.5,False,ACTUAL
2026-03-17T01:00:00Z,Karlsruhe_CCGT,-0.3,1.1,177.0,0,44.0,53.0,1014.0,False,GFS
2026-03-17T01:00:00Z,Landshut_OCGT,6.2,5.1,249.0,0,36.0,63.0,1013.4,False,ECMWF
2026-03-17T01:00:00Z,Nordsee_Wind,-2.1,5.8,356.0,0,52.0,49.0,1010.0,False,ACTUAL
2026-03-17T01:00:00Z,Augsburg_Solar,5.4,0.8,131.0,0,16.0,55.0,1015.3,False,GFS
2026-03-17T02:00:00Z,Karlsruhe_CCGT,3.3,7.1,254.0,0,5.0,46.0,1014.5,False,ECMWF
2026-03-17T02:00:00Z,Landshut_OCGT,6.4,3.9,146.0,0,100,59.0,1016.3,True,GFS
2026-03-17T02:00:00Z,Nordsee_Wind,5.7,10.6,301.0,0,24.0,71.0,1005.9,True,ECMWF
2026-03-17T02:00:00Z,Augsburg_Solar,7.0,4.5,119.0,0,65.0,67.0,1009.0,True,ACTUAL
2026-03-17T03:00:00Z,Karlsruhe_CCGT,4.9,4.8,9.0,0,81.0,57.0,1026.4,True,GFS
2026-03-17T03:00:00Z,Landshut_OCGT,8.8,3.8,264.0,0,78.0,84.0,1005.8,False,ACTUAL
2026-03-17T03:00:00Z,Nordsee_Wind,4.6,9.4,23.0,0,52.0,44.0,1022.3,True,ECMWF
2026-03-17T03:00:00Z,Augsburg_Solar,4.0,8.1,146.0,0,64.0,56.0,999.3,False,ACTUAL
2026-03-17T04:00:00Z,Karlsruhe_CCGT,7.6,0.2,299.0,0,39.0,69.0,1018.7,False,ACTUAL
2026-03-17T04:00:00Z,Landshut_OCGT,5.3,5.7,258.0,0,51.0,60.0,1013.6,True,ACTUAL
2026-03-17T04:00:00Z,Nordsee_Wind,2.3,7.2,330.0,0,41.0,57.0,1023.7,True,ACTUAL
2026-03-17T04:00:00Z,Augsburg_Solar,4.1,0,78.0,0,74.0,90.0,1001.4,False,ACTUAL
2026-03-17T05:00:00Z,Karlsruhe_CCGT,11.4,0.8,242.0,0,49.0,63.0,1023.4,False,ACTUAL
2026-03-17T05:00:00Z,Landshut_OCGT,13.3,2.7,85.0,0,41.0,45.0,1022.5,True,GFS
2026-03-17T05:00:00Z,Nordsee_Wind,6.9,16.3,238.0,0,27.0,55.0,998.0,False,GFS
2026-03-17T05:00:00Z,Augsburg_Solar,6.0,0,66.0,0,41.0,62.0,1009.0,False,ACTUAL
2026-03-17T06:00:00Z,Karlsruhe_CCGT,4.6,0,317.0,0,53.0,49.0,1013.4,False,ACTUAL
2026-03-17T06:00:00Z,Landshut_OCGT,9.5,2.8,32.0,0,30.0,52.0,1014.6,False,ACTUAL
2026-03-17T06:00:00Z,Nordsee_Wind,10.7,7.5,290.0,0,46.0,66.0,1012.7,False,GFS
2026-03-17T06:00:00Z,Augsburg_Solar,5.6,2.8,176.0,0,57.0,67.0,1012.4,False,GFS
2026-03-17T07:00:00Z,Karlsruhe_CCGT,6.4,3.8,267.0,0,37.0,55.0,1018.4,True,GFS
2026-03-17T07:00:00Z,Landshut_OCGT,5.5,0,274.0,0,0,54.0,1007.8,False,GFS
2026-03-17T07:00:00Z,Nordsee_Wind,7.4,2.9,252.0,0,5.0,55.0,1009.1,True,ACTUAL
2026-03-17T07:00:00Z,Augsburg_Solar,14.0,4.0,158.0,79.0,42.0,83.0,1014.3,True,ACTUAL
2026-03-17T08:00:00Z,Karlsruhe_CCGT,12.8,6.8,346.0,0,4.0,49.0,1016.9,False,GFS
2026-03-17T08:00:00Z,Landshut_OCGT,9.4,6.2,318.0,0,48.0,61.0,1012.0,True,GFS
2026-03-17T08:00:00Z,Nordsee_Wind,9.2,2.0,148.0,0,59.0,47.0,1021.1,False,ECMWF
2026-03-17T08:00:00Z,Augsburg_Solar,6.2,3.7,124.0,84.0,63.0,84.0,1008.8,False,ECMWF
2026-03-17T09:00:00Z,Karlsruhe_CCGT,6.7,3.0,157.0,0,34.0,64.0,1014.1,False,GFS
2026-03-17T09:00:00Z,Landshut_OCGT,7.7,0,60.0,0,13.0,69.0,1010.6,False,GFS
2026-03-17T09:00:00Z,Nordsee_Wind,4.7,7.0,225.0,0,50.0,72.0,1008.1,False,ACTUAL
2026-03-17T09:00:00Z,Augsburg_Solar,7.4,0,288.0,305.0,8.0,82.0,1023.9,True,ECMWF
2026-03-17T10:00:00Z,Karlsruhe_CCGT,6.4,0,231.0,0,15.0,64.0,1017.4,True,GFS
2026-03-17T10:00:00Z,Landshut_OCGT,7.6,5.3,288.0,0,65.0,85.0,1018.7,True,ECMWF
2026-03-17T10:00:00Z,Nordsee_Wind,8.6,7.5,323.0,0,53.0,74.0,996.4,True,ECMWF
2026-03-17T10:00:00Z,Augsburg_Solar,4.1,13.3,359.0,463.0,75.0,64.0,1009.3,True,GFS
2026-03-17T11:00:00Z,Karlsruhe_CCGT,6.1,0,118.0,0,43.0,45.0,1006.4,False,ACTUAL
2026-03-17T11:00:00Z,Landshut_OCGT,6.2,3.6,336.0,0,70.0,39.0,996.7,False,GFS
2026-03-17T11:00:00Z,Nordsee_Wind,-2.1,8.6,251.0,0,46.0,64.0,1000.5,True,ACTUAL
2026-03-17T11:00:00Z,Augsburg_Solar,0.6,2.8,217.0,195.0,1.0,59.0,1010.8,False,ECMWF
2026-03-17T12:00:00Z,Karlsruhe_CCGT,4.9,4.1,66.0,0,67.0,71.0,1000.2,False,GFS
2026-03-17T12:00:00Z,Landshut_OCGT,1.7,2.4,40.0,0,51.0,81.0,1008.1,True,GFS
2026-03-17T12:00:00Z,Nordsee_Wind,2.8,5.3,161.0,0,47.0,51.0,1025.9,False,ECMWF
2026-03-17T12:00:00Z,Augsburg_Solar,5.3,6.1,243.0,498.0,65.0,58.0,1018.3,True,GFS
2026-03-17T13:00:00Z,Karlsruhe_CCGT,1.7,5.5,62.0,0,62.0,68.0,1001.3,False,GFS
2026-03-17T13:00:00Z,Landshut_OCGT,5.4,5.7,325.0,0,49.0,54.0,1012.0,False,ECMWF
2026-03-17T13:00:00Z,Nordsee_Wind,-1.3,8.7,78.0,0,66.0,48.0,1019.8,True,ACTUAL
2026-03-17T13:00:00Z,Augsburg_Solar,10.2,7.7,208.0,324.0,27.0,42.0,1021.4,False,GFS
2026-03-17T14:00:00Z,Karlsruhe_CCGT,-3.3,3.3,60.0,0,23.0,59.0,1003.6,False,ACTUAL
2026-03-17T14:00:00Z,Landshut_OCGT,-4.1,9.5,320.0,0,33.0,81.0,1017.6,False,ACTUAL
2026-03-17T14:00:00Z,Nordsee_Wind,-1.6,5.0,347.0,0,70.0,73.0,1008.5,False,ACTUAL
2026-03-17T14:00:00Z,Augsburg_Solar,-2.0,6.7,233.0,353.0,41.0,53.0,1020.0,True,ECMWF
2026-03-17T15:00:00Z,Karlsruhe_CCGT,0.5,1.7,347.0,0,3.0,51.0,1026.4,False,GFS
2026-03-17T15:00:00Z,Landshut_OCGT,1.8,1.6,286.0,0,71.0,65.0,1001.0,True,ACTUAL
2026-03-17T15:00:00Z,Nordsee_Wind,-2.5,9.3,99.0,0,20.0,96.0,1011.4,True,GFS
2026-03-17T15:00:00Z,Augsburg_Solar,-7.5,5.5,159.0,235.0,79.0,67.0,1019.5,True,ECMWF
2026-03-17T16:00:00Z,Karlsruhe_CCGT,-3.8,0,213.0,0,43.0,90.0,1015.1,True,ECMWF
2026-03-17T16:00:00Z,Landshut_OCGT,1.7,1.2,27.0,0,69.0,41.0,1025.9,False,ACTUAL
2026-03-17T16:00:00Z,Nordsee_Wind,1.4,8.9,86.0,0,58.0,44.0,999.5,False,ECMWF
2026-03-17T16:00:00Z,Augsburg_Solar,7.4,2.2,289.0,328.0,25.0,63.0,1008.2,True,ECMWF
2026-03-17T17:00:00Z,Karlsruhe_CCGT,5.5,0.6,304.0,0,18.0,76.0,1017.0,True,GFS
2026-03-17T17:00:00Z,Landshut_OCGT,-4.6,0,71.0,0,9.0,59.0,1013.4,False,ECMWF
2026-03-17T17:00:00Z,Nordsee_Wind,-3.9,9.2,28.0,0,88.0,76.0,1006.2,True,ACTUAL
2026-03-17T17:00:00Z,Augsburg_Solar,0.9,9.6,257.0,120.0,58.0,55.0,1013.3,True,ACTUAL
2026-03-17T18:00:00Z,Karlsruhe_CCGT,-10.1,4.2,7.0,0,45.0,51.0,998.8,True,GFS
2026-03-17T18:00:00Z,Landshut_OCGT,1.1,5.7,99.0,0,70.0,72.0,1005.0,True,ECMWF
2026-03-17T18:00:00Z,Nordsee_Wind,4.5,7.7,340.0,0,63.0,75.0,995.3,True,ACTUAL
2026-03-17T18:00:00Z,Augsburg_Solar,-5.8,3.5,192.0,170.0,87.0,54.0,1011.8,False,ECMWF
2026-03-17T19:00:00Z,Karlsruhe_CCGT,-6.2,0,325.0,0,43.0,47.0,1012.2,False,ACTUAL
2026-03-17T19:00:00Z,Landshut_OCGT,1.4,1.8,151.0,0,57.0,54.0,1012.9,True,ACTUAL
2026-03-17T19:00:00Z,Nordsee_Wind,-4.1,9.3,118.0,0,44.0,73.0,1019.8,True,ECMWF
2026-03-17T19:00:00Z,Augsburg_Solar,0.4,3.1,127.0,57.0,74.0,55.0,1009.3,True,GFS
2026-03-17T20:00:00Z,Karlsruhe_CCGT,-3.9,4.6,257.0,0,43.0,61.0,1002.4,False,ECMWF
2026-03-17T20:00:00Z,Landshut_OCGT,-2.1,1.1,326.0,0,35.0,71.0,1006.8,False,GFS
2026-03-17T20:00:00Z,Nordsee_Wind,-4.6,9.0,164.0,0,83.0,75.0,1011.6,False,GFS
2026-03-17T20:00:00Z,Augsburg_Solar,-3.6,2.0,33.0,0.0,47.0,62.0,1015.9,True,ACTUAL
2026-03-17T21:00:00Z,Karlsruhe_CCGT,2.7,0,91.0,0,44.0,71.0,1014.8,False,ECMWF
2026-03-17T21:00:00Z,Landshut_OCGT,-7.1,0,191.0,0,22.0,33.0,1004.0,True,ECMWF
2026-03-17T21:00:00Z,Nordsee_Wind,-3.9,9.3,248.0,0,66.0,81.0,1015.1,True,GFS
2026-03-17T21:00:00Z,Augsburg_Solar,1.0,6.4,161.0,0,71.0,47.0,1025.2,True,ACTUAL
2026-03-17T22:00:00Z,Karlsruhe_CCGT,4.7,6.5,156.0,0,48.0,72.0,993.0,True,GFS
2026-03-17T22:00:00Z,Landshut_OCGT,4.4,5.9,334.0,0,64.0,58.0,1010.4,True,ECMWF
2026-03-17T22:00:00Z,Nordsee_Wind,2.7,8.3,21.0,0,35.0,71.0,1011.5,False,ACTUAL
2026-03-17T22:00:00Z,Augsburg_Solar,6.0,4.9,139.0,0,78.0,84.0,1017.9,True,ACTUAL
2026-03-17T23:00:00Z,Karlsruhe_CCGT,-1.0,0,207.0,0,73.0,73.0,1012.2,True,ECMWF
2026-03-17T23:00:00Z,Landshut_OCGT,3.4,5.7,58.0,0,91.0,70.0,1022.7,False,GFS
2026-03-17T23:00:00Z,Nordsee_Wind,7.6,9.5,134.0,0,83.0,64.0,1004.6,False,ACTUAL
2026-03-17T23:00:00Z,Augsburg_Solar,0.1,3.6,237.0,0,46.0,59.0,1000.6,False,ACTUAL
2026-03-18T00:00:00Z,Karlsruhe_CCGT,-3.6,0,63.0,0,71.0,75.0,1007.7,True,GFS
2026-03-18T00:00:00Z,Landshut_OCGT,2.2,0.8,69.0,0,41.0,71.0,1019.3,True,ACTUAL
2026-03-18T00:00:00Z,Nordsee_Wind,6.5,10.3,344.0,0,71.0,78.0,1028.5,False,ECMWF
2026-03-18T00:00:00Z,Augsburg_Solar,-3.2,0.4,184.0,0,57.0,49.0,1016.2,True,GFS
2026-03-18T01:00:00Z,Karlsruhe_CCGT,2.2,0.3,61.0,0,4.0,56.0,1027.1,False,ECMWF
2026-03-18T01:00:00Z,Landshut_OCGT,-3.9,0.1,211.0,0,76.0,59.0,1012.5,False,ECMWF
2026-03-18T01:00:00Z,Nordsee_Wind,5.0,4.3,12.0,0,82.0,66.0,1005.4,True,GFS
2026-03-18T01:00:00Z,Augsburg_Solar,9.2,4.7,237.0,0,65.0,93.0,1009.0,True,ACTUAL
2026-03-18T02:00:00Z,Karlsruhe_CCGT,4.1,0,247.0,0,59.0,63.0,1021.1,False,ECMWF
2026-03-18T02:00:00Z,Landshut_OCGT,2.6,6.7,7.0,0,48.0,74.0,1005.2,True,ECMWF
2026-03-18T02:00:00Z,Nordsee_Wind,5.7,7.8,42.0,0,35.0,53.0,1009.2,True,ACTUAL
2026-03-18T02:00:00Z,Augsburg_Solar,6.7,1.2,62.0,0,15.0,78.0,1017.3,False,ECMWF
2026-03-18T03:00:00Z,Karlsruhe_CCGT,7.5,2.4,170.0,0,6.0,46.0,1019.2,True,ECMWF
2026-03-18T03:00:00Z,Landshut_OCGT,1.8,0,335.0,0,31.0,50.0,1007.2,False,GFS
2026-03-18T03:00:00Z,Nordsee_Wind,8.0,6.7,344.0,0,36.0,61.0,1021.7,False,GFS
2026-03-18T03:00:00Z,Augsburg_Solar,6.7,8.6,109.0,0,70.0,56.0,1018.7,False,GFS
2026-03-18T04:00:00Z,Karlsruhe_CCGT,13.0,7.2,249.0,0,8.0,73.0,1024.9,False,ECMWF
2026-03-18T04:00:00Z,Landshut_OCGT,4.2,2.7,34.0,0,30.0,46.0,1007.9,False,ACTUAL
2026-03-18T04:00:00Z,Nordsee_Wind,12.9,11.3,281.0,0,66.0,63.0,1015.9,False,ECMWF
2026-03-18T04:00:00Z,Augsburg_Solar,6.4,4.0,106.0,0,11.0,74.0,1008.1,True,GFS
2026-03-18T05:00:00Z,Karlsruhe_CCGT,2.6,1.9,73.0,0,31.0,65.0,1022.3,False,ACTUAL
2026-03-18T05:00:00Z,Landshut_OCGT,7.2,3.1,34.0,0,81.0,56.0,1003.2,False,ECMWF
2026-03-18T05:00:00Z,Nordsee_Wind,10.0,8.1,147.0,0,48.0,47.0,1022.0,False,ACTUAL
2026-03-18T05:00:00Z,Augsburg_Solar,8.7,2.2,306.0,0,78.0,71.0,1021.8,True,GFS
2026-03-18T06:00:00Z,Karlsruhe_CCGT,7.3,0,293.0,0,47.0,69.0,1008.6,True,ECMWF
2026-03-18T06:00:00Z,Landshut_OCGT,7.2,0,169.0,0,74.0,49.0,1011.0,False,ECMWF
2026-03-18T06:00:00Z,Nordsee_Wind,7.9,5.8,108.0,0,26.0,77.0,1007.9,True,GFS
2026-03-18T06:00:00Z,Augsburg_Solar,6.1,0.4,118.0,0,30.0,58.0,1009.7,False,ACTUAL
2026-03-18T07:00:00Z,Karlsruhe_CCGT,5.0,0,51.0,0,39.0,26.0,1013.1,False,ACTUAL
2026-03-18T07:00:00Z,Landshut_OCGT,3.3,4.3,16.0,0,39.0,63.0,1010.9,False,ACTUAL
2026-03-18T07:00:00Z,Nordsee_Wind,6.7,2.6,178.0,0,17.0,76.0,1032.4,True,ACTUAL
2026-03-18T07:00:00Z,Augsburg_Solar,12.7,5.1,338.0,118.0,49.0,79.0,1021.2,True,ECMWF
2026-03-18T08:00:00Z,Karlsruhe_CCGT,8.2,4.5,315.0,0,27.0,73.0,1022.1,False,ACTUAL
2026-03-18T08:00:00Z,Landshut_OCGT,13.3,3.1,74.0,0,70.0,42.0,1022.5,True,ACTUAL
2026-03-18T08:00:00Z,Nordsee_Wind,16.4,3.9,93.0,0,46.0,61.0,1021.5,True,GFS
2026-03-18T08:00:00Z,Augsburg_Solar,5.2,5.0,251.0,236.0,30.0,76.0,1009.1,True,GFS
2026-03-18T09:00:00Z,Karlsruhe_CCGT,7.2,1.9,107.0,0,93.0,37.0,1015.1,True,ECMWF
2026-03-18T09:00:00Z,Landshut_OCGT,1.2,4.9,80.0,0,88.0,67.0,998.5,True,ECMWF
2026-03-18T09:00:00Z,Nordsee_Wind,2.4,5.5,109.0,0,48.0,64.0,1005.1,True,ACTUAL
2026-03-18T09:00:00Z,Augsburg_Solar,5.4,5.2,307.0,229.0,33.0,46.0,1009.5,False,ACTUAL
2026-03-18T10:00:00Z,Karlsruhe_CCGT,7.4,5.9,164.0,0,72.0,34.0,1016.2,True,GFS
2026-03-18T10:00:00Z,Landshut_OCGT,3.9,1.8,108.0,0,55.0,45.0,1010.4,True,ACTUAL
2026-03-18T10:00:00Z,Nordsee_Wind,7.4,4.6,72.0,0,36.0,49.0,1011.1,True,ACTUAL
2026-03-18T10:00:00Z,Augsburg_Solar,0.1,1.6,2.0,143.0,77.0,69.0,1017.8,False,ECMWF
2026-03-18T11:00:00Z,Karlsruhe_CCGT,5.4,1.6,293.0,0,36.0,91.0,997.7,True,GFS
2026-03-18T11:00:00Z,Landshut_OCGT,9.7,5.0,118.0,0,60.0,57.0,1027.5,True,GFS
2026-03-18T11:00:00Z,Nordsee_Wind,7.1,9.3,256.0,0,73.0,94.0,1018.8,False,ACTUAL
2026-03-18T11:00:00Z,Augsburg_Solar,6.0,0,335.0,323.0,46.0,47.0,1004.9,False,GFS
2026-03-18T12:00:00Z,Karlsruhe_CCGT,5.4,2.0,6.0,0,53.0,71.0,1012.9,True,GFS
2026-03-18T12:00:00Z,Landshut_OCGT,7.1,4.4,163.0,0,36.0,52.0,1019.2,False,ECMWF
2026-03-18T12:00:00Z,Nordsee_Wind,4.8,7.4,186.0,0,48.0,64.0,1016.3,False,GFS
2026-03-18T12:00:00Z,Augsburg_Solar,1.4,10.5,256.0,235.0,59.0,86.0,1015.9,False,ECMWF
2026-03-18T13:00:00Z,Karlsruhe_CCGT,3.9,6.4,2.0,0,80.0,42.0,1025.0,True,GFS
2026-03-18T13:00:00Z,Landshut_OCGT,6.4,8.6,159.0,0,49.0,86.0,1017.0,True,ACTUAL
2026-03-18T13:00:00Z,Nordsee_Wind,1.0,5.4,261.0,0,46.0,98.0,1013.1,False,ACTUAL
2026-03-18T13:00:00Z,Augsburg_Solar,-3.5,2.0,164.0,499.0,47.0,66.0,1007.1,False,ACTUAL
2026-03-18T14:00:00Z,Karlsruhe_CCGT,4.7,3.0,160.0,0,41.0,54.0,1025.3,False,ACTUAL
2026-03-18T14:00:00Z,Landshut_OCGT,5.3,5.0,42.0,0,70.0,58.0,1010.7,False,ECMWF
2026-03-18T14:00:00Z,Nordsee_Wind,-2.1,8.5,288.0,0,79.0,51.0,1015.3,False,ECMWF
2026-03-18T14:00:00Z,Augsburg_Solar,-1.7,4.6,1.0,216.0,62.0,80.0,1015.5,False,ACTUAL
2026-03-18T15:00:00Z,Karlsruhe_CCGT,2.2,2.0,353.0,0,42.0,55.0,1021.6,True,ECMWF
2026-03-18T15:00:00Z,Landshut_OCGT,-4.4,3.4,260.0,0,4.0,60.0,1014.6,False,GFS
2026-03-18T15:00:00Z,Nordsee_Wind,-3.3,9.2,198.0,0,11.0,71.0,1004.1,True,ACTUAL
2026-03-18T15:00:00Z,Augsburg_Solar,-2.1,2.9,327.0,310.0,69.0,31.0,991.3,False,GFS
2026-03-18T16:00:00Z,Karlsruhe_CCGT,-1.1,4.0,254.0,0,34.0,68.0,1013.0,True,GFS
2026-03-18T16:00:00Z,Landshut_OCGT,-1.3,9.9,109.0,0,54.0,67.0,1016.5,False,GFS
2026-03-18T16:00:00Z,Nordsee_Wind,-2.1,9.6,158.0,0,52.0,53.0,1003.2,False,GFS
2026-03-18T16:00:00Z,Augsburg_Solar,1.4,0.2,76.0,238.0,42.0,77.0,1006.9,True,ECMWF
2026-03-18T17:00:00Z,Karlsruhe_CCGT,-2.7,3.1,279.0,0,80.0,72.0,1007.4,False,ACTUAL
2026-03-18T17:00:00Z,Landshut_OCGT,-2.8,0.4,112.0,0,64.0,75.0,1025.5,True,ECMWF
2026-03-18T17:00:00Z,Nordsee_Wind,2.9,4.9,132.0,0,100,76.0,1012.5,True,ACTUAL
2026-03-18T17:00:00Z,Augsburg_Solar,-1.3,6.1,148.0,259.0,56.0,64.0,1024.7,True,ACTUAL
2026-03-18T18:00:00Z,Karlsruhe_CCGT,-6.0,6.7,213.0,0,76.0,52.0,1018.1,False,ECMWF
2026-03-18T18:00:00Z,Landshut_OCGT,-4.9,2.1,282.0,0,67.0,31.0,1011.0,False,GFS
2026-03-18T18:00:00Z,Nordsee_Wind,-1.5,10.0,182.0,0,51.0,80.0,992.0,True,ACTUAL
2026-03-18T18:00:00Z,Augsburg_Solar,-6.5,4.3,248.0,176.0,7.0,69.0,1006.4,False,GFS
2026-03-18T19:00:00Z,Karlsruhe_CCGT,0.9,7.1,132.0,0,45.0,73.0,1007.7,True,ACTUAL
2026-03-18T19:00:00Z,Landshut_OCGT,2.4,0,93.0,0,37.0,72.0,1016.2,True,ECMWF
2026-03-18T19:00:00Z,Nordsee_Wind,-3.5,6.8,222.0,0,47.0,69.0,1024.2,True,ECMWF
2026-03-18T19:00:00Z,Augsburg_Solar,-3.1,5.1,327.0,128.0,11.0,79.0,1010.7,False,ECMWF
2026-03-18T20:00:00Z,Karlsruhe_CCGT,-5.2,0.5,267.0,0,27.0,92.0,1016.0,False,GFS
2026-03-18T20:00:00Z,Landshut_OCGT,-0.3,2.0,277.0,0,33.0,60.0,1010.4,False,GFS
2026-03-18T20:00:00Z,Nordsee_Wind,4.1,13.4,239.0,0,77.0,64.0,1001.9,False,ACTUAL
2026-03-18T20:00:00Z,Augsburg_Solar,-4.0,3.0,44.0,0.0,75.0,55.0,1011.9,True,ACTUAL
2026-03-18T21:00:00Z,Karlsruhe_CCGT,0.3,8.0,140.0,0,100,77.0,1005.8,False,ACTUAL
2026-03-18T21:00:00Z,Landshut_OCGT,1.0,4.8,353.0,0,91.0,70.0,1016.5,False,ECMWF
2026-03-18T21:00:00Z,Nordsee_Wind,-1.9,6.1,353.0,0,52.0,54.0,1002.0,False,ACTUAL
2026-03-18T21:00:00Z,Augsburg_Solar,1.6,3.8,356.0,0,44.0,51.0,1008.0,True,GFS
2026-03-18T22:00:00Z,Karlsruhe_CCGT,6.6,7.5,212.0,0,37.0,49.0,1009.4,True,ECMWF
2026-03-18T22:00:00Z,Landshut_OCGT,3.3,2.8,240.0,0,31.0,80.0,1007.4,False,GFS
2026-03-18T22:00:00Z,Nordsee_Wind,2.2,4.7,4.0,0,40.0,82.0,1015.6,False,ECMWF
2026-03-18T22:00:00Z,Augsburg_Solar,0.2,8.7,255.0,0,7.0,71.0,1017.9,False,ECMWF
2026-03-18T23:00:00Z,Karlsruhe_CCGT,2.6,5.3,204.0,0,59.0,58.0,1012.3,False,ACTUAL
2026-03-18T23:00:00Z,Landshut_OCGT,3.7,1.9,278.0,0,0,88.0,1008.7,False,ECMWF
2026-03-18T23:00:00Z,Nordsee_Wind,-2.2,7.7,192.0,0,88.0,71.0,1015.7,False,ACTUAL
2026-03-18T23:00:00Z,Augsburg_Solar,1.4,4.9,4.0,0,40.0,83.0,1010.6,True,ACTUAL
2026-03-19T00:00:00Z,Karlsruhe_CCGT,6.3,2.9,340.0,0,99.0,65.0,996.3,False,ACTUAL
2026-03-19T00:00:00Z,Landshut_OCGT,0.8,2.4,96.0,0,36.0,57.0,998.9,False,GFS
2026-03-19T00:00:00Z,Nordsee_Wind,2.9,7.6,318.0,0,46.0,72.0,1007.3,False,ACTUAL
2026-03-19T00:00:00Z,Augsburg_Solar,5.0,5.5,149.0,0,23.0,69.0,1016.2,True,ACTUAL
2026-03-19T01:00:00Z,Karlsruhe_CCGT,6.7,4.1,176.0,0,61.0,75.0,1031.1,True,ECMWF
2026-03-19T01:00:00Z,Landshut_OCGT,4.0,7.8,61.0,0,17.0,57.0,1020.4,False,ACTUAL
2026-03-19T01:00:00Z,Nordsee_Wind,11.1,8.9,174.0,0,51.0,75.0,1018.8,False,ACTUAL
2026-03-19T01:00:00Z,Augsburg_Solar,4.1,7.6,98.0,0,39.0,57.0,1005.2,True,ECMWF
2026-03-19T02:00:00Z,Karlsruhe_CCGT,5.8,7.3,225.0,0,65.0,63.0,1017.7,False,ECMWF
2026-03-19T02:00:00Z,Landshut_OCGT,8.2,0.7,312.0,0,33.0,100,1015.4,False,GFS
2026-03-19T02:00:00Z,Nordsee_Wind,4.3,5.2,292.0,0,37.0,32.0,1022.9,True,ACTUAL
2026-03-19T02:00:00Z,Augsburg_Solar,9.0,5.9,82.0,0,29.0,64.0,1014.1,False,GFS
2026-03-19T03:00:00Z,Karlsruhe_CCGT,12.5,2.3,326.0,0,42.0,46.0,996.3,False,ACTUAL
2026-03-19T03:00:00Z,Landshut_OCGT,7.6,0.5,128.0,0,57.0,66.0,1004.2,True,GFS
2026-03-19T03:00:00Z,Nordsee_Wind,10.6,10.5,61.0,0,6.0,54.0,1020.8,False,ECMWF
2026-03-19T03:00:00Z,Augsburg_Solar,1.3,0,140.0,0,58.0,83.0,1010.7,True,GFS
2026-03-19T04:00:00Z,Karlsruhe_CCGT,6.1,5.1,123.0,0,43.0,60.0,998.3,True,GFS
2026-03-19T04:00:00Z,Landshut_OCGT,8.6,3.8,216.0,0,35.0,50.0,1004.8,False,ACTUAL
2026-03-19T04:00:00Z,Nordsee_Wind,8.3,9.0,247.0,0,32.0,53.0,987.2,False,ACTUAL
2026-03-19T04:00:00Z,Augsburg_Solar,11.2,1.0,216.0,0,63.0,85.0,1027.6,False,ACTUAL
2026-03-19T05:00:00Z,Karlsruhe_CCGT,4.3,3.7,135.0,0,46.0,44.0,1004.7,True,ACTUAL
2026-03-19T05:00:00Z,Landshut_OCGT,5.6,3.5,235.0,0,50.0,86.0,1014.9,False,GFS
2026-03-19T05:00:00Z,Nordsee_Wind,6.0,9.5,93.0,0,100,57.0,1007.2,False,GFS
2026-03-19T05:00:00Z,Augsburg_Solar,14.5,2.5,208.0,0,45.0,80.0,1008.2,False,ACTUAL
2026-03-19T06:00:00Z,Karlsruhe_CCGT,11.4,0,322.0,0,15.0,28.0,1012.8,False,ACTUAL
2026-03-19T06:00:00Z,Landshut_OCGT,8.1,1.9,154.0,0,49.0,70.0,1018.9,True,ACTUAL
2026-03-19T06:00:00Z,Nordsee_Wind,10.9,7.7,85.0,0,88.0,70.0,1018.0,False,ACTUAL
2026-03-19T06:00:00Z,Augsburg_Solar,9.4,8.8,305.0,0,29.0,73.0,1012.4,False,GFS
2026-03-19T07:00:00Z,Karlsruhe_CCGT,11.4,2.5,121.0,0,37.0,100,1022.6,False,ACTUAL
2026-03-19T07:00:00Z,Landshut_OCGT,3.7,1.7,130.0,0,84.0,66.0,1000.1,True,ACTUAL
2026-03-19T07:00:00Z,Nordsee_Wind,9.0,6.1,178.0,0,15.0,74.0,1003.9,False,GFS
2026-03-19T07:00:00Z,Augsburg_Solar,9.2,4.6,191.0,43.0,30.0,92.0,1009.8,False,ACTUAL
2026-03-19T08:00:00Z,Karlsruhe_CCGT,5.2,0.7,53.0,0,43.0,62.0,1004.2,False,ACTUAL
2026-03-19T08:00:00Z,Landshut_OCGT,7.2,0,112.0,0,4.0,37.0,1014.8,False,ACTUAL
2026-03-19T08:00:00Z,Nordsee_Wind,8.3,2.9,30.0,0,25.0,64.0,1011.9,False,ACTUAL
2026-03-19T08:00:00Z,Augsburg_Solar,4.0,2.7,158.0,260.0,64.0,57.0,1012.2,True,GFS
2026-03-19T09:00:00Z,Karlsruhe_CCGT,7.6,5.7,85.0,0,20.0,34.0,1020.9,False,GFS
2026-03-19T09:00:00Z,Landshut_OCGT,5.8,0,85.0,0,17.0,41.0,1015.5,True,GFS
2026-03-19T09:00:00Z,Nordsee_Wind,10.2,7.1,43.0,0,61.0,39.0,1022.2,False,ECMWF
2026-03-19T09:00:00Z,Augsburg_Solar,1.8,1.1,273.0,241.0,40.0,61.0,1011.2,True,ACTUAL
2026-03-19T10:00:00Z,Karlsruhe_CCGT,10.7,0.3,215.0,0,30.0,72.0,1032.9,True,ECMWF
2026-03-19T10:00:00Z,Landshut_OCGT,5.6,1.5,146.0,0,74.0,82.0,1015.8,False,GFS
2026-03-19T10:00:00Z,Nordsee_Wind,7.8,3.9,318.0,0,51.0,95.0,1017.0,True,ACTUAL
2026-03-19T10:00:00Z,Augsburg_Solar,3.1,0.8,273.0,146.0,26.0,50.0,1011.5,False,GFS
2026-03-19T11:00:00Z,Karlsruhe_CCGT,4.9,3.6,125.0,0,39.0,94.0,1012.9,False,ECMWF
2026-03-19T11:00:00Z,Landshut_OCGT,3.9,3.4,314.0,0,22.0,66.0,1019.3,True,ACTUAL
2026-03-19T11:00:00Z,Nordsee_Wind,6.6,6.6,100.0,0,86.0,65.0,1014.1,True,GFS
2026-03-19T11:00:00Z,Augsburg_Solar,3.4,1.7,320.0,354.0,30.0,64.0,1002.3,True,ACTUAL
2026-03-19T12:00:00Z,Karlsruhe_CCGT,6.1,1.5,151.0,0,25.0,69.0,1011.7,True,ECMWF
2026-03-19T12:00:00Z,Landshut_OCGT,6.6,0.1,194.0,0,54.0,79.0,1031.6,True,ECMWF
2026-03-19T12:00:00Z,Nordsee_Wind,1.6,11.6,195.0,0,35.0,74.0,1015.5,False,ACTUAL
2026-03-19T12:00:00Z,Augsburg_Solar,3.5,2.3,297.0,229.0,44.0,62.0,1007.9,False,ACTUAL
2026-03-19T13:00:00Z,Karlsruhe_CCGT,2.2,3.9,44.0,0,34.0,72.0,1023.1,True,GFS
2026-03-19T13:00:00Z,Landshut_OCGT,4.3,0.8,33.0,0,0,81.0,1000.1,False,ECMWF
2026-03-19T13:00:00Z,Nordsee_Wind,4.2,8.0,92.0,0,47.0,77.0,1011.3,True,ECMWF
2026-03-19T13:00:00Z,Augsburg_Solar,7.9,2.8,7.0,526.0,65.0,80.0,1006.7,True,ECMWF
2026-03-19T14:00:00Z,Karlsruhe_CCGT,-0.2,3.0,10.0,0,54.0,54.0,1021.0,True,ECMWF
2026-03-19T14:00:00Z,Landshut_OCGT,3.8,1.4,314.0,0,80.0,91.0,1016.0,True,ACTUAL
2026-03-19T14:00:00Z,Nordsee_Wind,-2.6,2.9,231.0,0,36.0,64.0,1010.0,True,GFS
2026-03-19T14:00:00Z,Augsburg_Solar,4.6,2.2,177.0,478.0,5.0,79.0,1006.2,True,ECMWF
2026-03-19T15:00:00Z,Karlsruhe_CCGT,-2.7,2.0,345.0,0,48.0,62.0,1011.6,False,ACTUAL
2026-03-19T15:00:00Z,Landshut_OCGT,2.2,5.2,47.0,0,74.0,74.0,1018.2,True,ECMWF
2026-03-19T15:00:00Z,Nordsee_Wind,-3.9,11.9,126.0,0,70.0,74.0,1019.3,True,ECMWF
2026-03-19T15:00:00Z,Augsburg_Solar,-4.2,1.4,84.0,455.0,15.0,83.0,1014.1,False,ECMWF
2026-03-19T16:00:00Z,Karlsruhe_CCGT,0.0,4.7,194.0,0,86.0,52.0,1012.3,True,ECMWF
2026-03-19T16:00:00Z,Landshut_OCGT,-0.1,0,260.0,0,29.0,70.0,1016.6,False,ACTUAL
2026-03-19T16:00:00Z,Nordsee_Wind,2.4,8.6,76.0,0,13.0,66.0,1014.2,False,ACTUAL
2026-03-19T16:00:00Z,Augsburg_Solar,0.5,0.8,352.0,456.0,66.0,62.0,998.6,True,GFS
2026-03-19T17:00:00Z,Karlsruhe_CCGT,3.0,6.1,325.0,0,55.0,62.0,1013.3,False,ECMWF
2026-03-19T17:00:00Z,Landshut_OCGT,2.0,0,279.0,0,45.0,88.0,1013.5,True,ECMWF
2026-03-19T17:00:00Z,Nordsee_Wind,-2.8,2.3,276.0,0,28.0,78.0,1007.2,True,ECMWF
2026-03-19T17:00:00Z,Augsburg_Solar,-2.1,4.9,70.0,125.0,30.0,89.0,1011.9,True,ECMWF
2026-03-19T18:00:00Z,Karlsruhe_CCGT,-2.6,9.7,33.0,0,59.0,91.0,1002.6,True,ACTUAL
2026-03-19T18:00:00Z,Landshut_OCGT,-0.4,7.9,353.0,0,72.0,65.0,1021.6,True,ACTUAL
2026-03-19T18:00:00Z,Nordsee_Wind,1.3,7.2,285.0,0,58.0,40.0,1012.8,False,GFS
2026-03-19T18:00:00Z,Augsburg_Solar,-3.2,0,317.0,195.0,71.0,69.0,1011.8,True,ECMWF
2026-03-19T19:00:00Z,Karlsruhe_CCGT,-4.6,5.2,236.0,0,81.0,64.0,1015.4,True,ACTUAL
2026-03-19T19:00:00Z,Landshut_OCGT,-1.7,2.7,120.0,0,100,71.0,1005.8,True,GFS
2026-03-19T19:00:00Z,Nordsee_Wind,-4.2,9.5,47.0,0,26.0,67.0,1025.4,False,GFS
2026-03-19T19:00:00Z,Augsburg_Solar,-0.1,4.7,284.0,51.0,35.0,36.0,1015.7,True,ACTUAL
2026-03-19T20:00:00Z,Karlsruhe_CCGT,6.5,3.5,30.0,0,89.0,69.0,1016.5,False,ACTUAL
2026-03-19T20:00:00Z,Landshut_OCGT,-0.8,0,193.0,0,0,54.0,1022.3,True,GFS
2026-03-19T20:00:00Z,Nordsee_Wind,-0.6,8.5,170.0,0,49.0,55.0,1020.5,False,GFS
2026-03-19T20:00:00Z,Augsburg_Solar,5.0,8.0,146.0,0.0,84.0,54.0,1008.3,False,GFS
2026-03-19T21:00:00Z,Karlsruhe_CCGT,-2.3,2.8,79.0,0,0,93.0,1018.3,True,GFS
2026-03-19T21:00:00Z,Landshut_OCGT,2.5,1.1,264.0,0,18.0,67.0,1011.7,True,ACTUAL
2026-03-19T21:00:00Z,Nordsee_Wind,1.7,2.9,271.0,0,46.0,58.0,1017.0,True,GFS
2026-03-19T21:00:00Z,Augsburg_Solar,-3.6,0.7,265.0,0,45.0,82.0,1009.2,True,GFS
2026-03-19T22:00:00Z,Karlsruhe_CCGT,-2.0,5.5,126.0,0,68.0,55.0,1011.4,False,GFS
2026-03-19T22:00:00Z,Landshut_OCGT,6.4,2.6,18.0,0,55.0,73.0,1025.2,True,ACTUAL
2026-03-19T22:00:00Z,Nordsee_Wind,3.7,9.2,143.0,0,30.0,62.0,1000.1,False,ACTUAL
2026-03-19T22:00:00Z,Augsburg_Solar,0.4,0.6,216.0,0,52.0,36.0,1013.6,False,ECMWF
2026-03-19T23:00:00Z,Karlsruhe_CCGT,4.5,1.0,76.0,0,23.0,55.0,1000.2,False,ECMWF
2026-03-19T23:00:00Z,Landshut_OCGT,0.6,2.8,119.0,0,46.0,69.0,1002.6,True,ECMWF
2026-03-19T23:00:00Z,Nordsee_Wind,6.3,10.1,284.0,0,44.0,77.0,1022.8,False,ECMWF
2026-03-19T23:00:00Z,Augsburg_Solar,4.7,5.4,15.0,0,25.0,53.0,1028.9,False,ACTUAL
2026-03-20T00:00:00Z,Karlsruhe_CCGT,5.8,1.3,71.0,0,68.0,58.0,1006.9,False,ACTUAL
2026-03-20T00:00:00Z,Landshut_OCGT,-1.2,6.6,31.0,0,18.0,74.0,1023.4,False,ECMWF
2026-03-20T00:00:00Z,Nordsee_Wind,-1.7,9.7,294.0,0,20.0,82.0,1015.8,True,ECMWF
2026-03-20T00:00:00Z,Augsburg_Solar,8.1,3.5,316.0,0,0,55.0,1012.9,False,GFS
2026-03-20T01:00:00Z,Karlsruhe_CCGT,2.6,1.9,59.0,0,48.0,69.0,1014.1,False,GFS
2026-03-20T01:00:00Z,Landshut_OCGT,6.0,0.2,51.0,0,73.0,53.0,1011.0,True,ACTUAL
2026-03-20T01:00:00Z,Nordsee_Wind,5.0,6.4,142.0,0,74.0,55.0,1021.7,True,ECMWF
2026-03-20T01:00:00Z,Augsburg_Solar,3.6,3.8,62.0,0,33.0,61.0,1013.3,False,ECMWF
2026-03-20T02:00:00Z,Karlsruhe_CCGT,6.7,6.5,84.0,0,33.0,47.0,1021.8,False,ECMWF
2026-03-20T02:00:00Z,Landshut_OCGT,8.1,6.4,82.0,0,48.0,59.0,1012.3,False,ECMWF
2026-03-20T02:00:00Z,Nordsee_Wind,5.4,10.0,74.0,0,60.0,73.0,998.2,False,ECMWF
2026-03-20T02:00:00Z,Augsburg_Solar,4.5,2.4,190.0,0,49.0,56.0,1009.6,True,ACTUAL
2026-03-20T03:00:00Z,Karlsruhe_CCGT,14.3,0,237.0,0,31.0,76.0,1025.8,True,GFS
2026-03-20T03:00:00Z,Landshut_OCGT,7.9,0,99.0,0,46.0,72.0,1016.8,True,ACTUAL
2026-03-20T03:00:00Z,Nordsee_Wind,7.1,6.9,6.0,0,81.0,60.0,1005.9,True,ACTUAL
2026-03-20T03:00:00Z,Augsburg_Solar,6.8,5.7,155.0,0,88.0,68.0,1009.7,True,ECMWF
2026-03-20T04:00:00Z,Karlsruhe_CCGT,6.9,8.9,111.0,0,48.0,63.0,1015.6,True,GFS
2026-03-20T04:00:00Z,Landshut_OCGT,8.7,2.3,343.0,0,59.0,59.0,1017.8,False,ECMWF
2026-03-20T04:00:00Z,Nordsee_Wind,14.8,11.4,339.0,0,0,66.0,1001.3,True,ACTUAL
2026-03-20T04:00:00Z,Augsburg_Solar,7.3,4.6,26.0,0,28.0,76.0,1016.0,False,ACTUAL
2026-03-20T05:00:00Z,Karlsruhe_CCGT,6.9,2.8,67.0,0,10.0,57.0,1002.9,False,ACTUAL
2026-03-20T05:00:00Z,Landshut_OCGT,10.1,0,129.0,0,91.0,57.0,1014.2,True,ACTUAL
2026-03-20T05:00:00Z,Nordsee_Wind,5.0,10.8,336.0,0,67.0,61.0,1006.8,False,ECMWF
2026-03-20T05:00:00Z,Augsburg_Solar,13.6,2.4,291.0,0,71.0,55.0,1015.9,False,GFS
2026-03-20T06:00:00Z,Karlsruhe_CCGT,7.1,0,166.0,0,0,51.0,1009.5,True,ACTUAL
2026-03-20T06:00:00Z,Landshut_OCGT,10.2,1.8,77.0,0,27.0,76.0,1006.1,False,GFS
2026-03-20T06:00:00Z,Nordsee_Wind,11.8,10.5,142.0,0,65.0,77.0,1020.4,True,GFS
2026-03-20T06:00:00Z,Augsburg_Solar,7.0,3.2,178.0,0,48.0,88.0,1022.2,True,ACTUAL
2026-03-20T07:00:00Z,Karlsruhe_CCGT,4.9,7.3,230.0,0,82.0,48.0,1020.6,True,GFS
2026-03-20T07:00:00Z,Landshut_OCGT,4.0,6.5,17.0,0,52.0,78.0,1013.9,False,GFS
2026-03-20T07:00:00Z,Nordsee_Wind,10.0,9.2,258.0,0,71.0,55.0,1018.7,False,ECMWF
2026-03-20T07:00:00Z,Augsburg_Solar,7.8,6.4,56.0,98.0,18.0,61.0,996.4,False,GFS
2026-03-20T08:00:00Z,Karlsruhe_CCGT,5.2,0.5,147.0,0,37.0,62.0,1025.8,True,GFS
2026-03-20T08:00:00Z,Landshut_OCGT,11.6,3.1,347.0,0,76.0,36.0,1012.8,True,ACTUAL
2026-03-20T08:00:00Z,Nordsee_Wind,8.8,9.3,156.0,0,66.0,78.0,1014.0,False,ECMWF
2026-03-20T08:00:00Z,Augsburg_Solar,6.6,0,12.0,145.0,37.0,65.0,996.4,False,GFS
2026-03-20T09:00:00Z,Karlsruhe_CCGT,8.7,0,331.0,0,46.0,56.0,1012.3,True,ACTUAL
2026-03-20T09:00:00Z,Landshut_OCGT,8.5,3.2,154.0,0,30.0,49.0,1011.2,False,GFS
2026-03-20T09:00:00Z,Nordsee_Wind,8.1,2.5,188.0,0,47.0,57.0,1022.9,True,ECMWF
2026-03-20T09:00:00Z,Augsburg_Solar,9.9,3.5,292.0,191.0,28.0,80.0,1021.9,False,GFS
2026-03-20T10:00:00Z,Karlsruhe_CCGT,3.6,2.5,330.0,0,64.0,75.0,1025.5,True,ECMWF
2026-03-20T10:00:00Z,Landshut_OCGT,9.3,6.6,112.0,0,82.0,30.0,1007.8,True,ACTUAL
2026-03-20T10:00:00Z,Nordsee_Wind,2.0,10.9,102.0,0,59.0,52.0,1006.9,False,GFS
2026-03-20T10:00:00Z,Augsburg_Solar,-0.2,0.2,113.0,195.0,20.0,65.0,1016.5,True,GFS
2026-03-20T11:00:00Z,Karlsruhe_CCGT,4.6,3.3,333.0,0,13.0,62.0,1008.9,False,ACTUAL
2026-03-20T11:00:00Z,Landshut_OCGT,4.7,5.8,299.0,0,31.0,21.0,1020.8,True,GFS
2026-03-20T11:00:00Z,Nordsee_Wind,5.3,9.0,232.0,0,69.0,75.0,1013.5,False,ACTUAL
2026-03-20T11:00:00Z,Augsburg_Solar,8.7,3.8,7.0,283.0,45.0,78.0,1020.4,True,ACTUAL
2026-03-20T12:00:00Z,Karlsruhe_CCGT,5.6,0.0,110.0,0,62.0,81.0,1010.7,False,ECMWF
2026-03-20T12:00:00Z,Landshut_OCGT,5.5,8.1,197.0,0,85.0,65.0,1007.2,True,ACTUAL
2026-03-20T12:00:00Z,Nordsee_Wind,4.8,10.7,172.0,0,65.0,71.0,1006.0,True,ECMWF
2026-03-20T12:00:00Z,Augsburg_Solar,4.0,3.7,11.0,265.0,51.0,79.0,1015.7,True,ECMWF
2026-03-20T13:00:00Z,Karlsruhe_CCGT,6.6,6.6,101.0,0,38.0,87.0,1021.6,False,GFS
2026-03-20T13:00:00Z,Landshut_OCGT,2.9,0,181.0,0,63.0,56.0,1031.5,False,GFS
2026-03-20T13:00:00Z,Nordsee_Wind,4.9,11.2,112.0,0,74.0,75.0,1014.8,True,ECMWF
2026-03-20T13:00:00Z,Augsburg_Solar,-0.8,2.9,318.0,191.0,70.0,49.0,1015.2,False,GFS
2026-03-20T14:00:00Z,Karlsruhe_CCGT,3.6,7.5,360.0,0,17.0,48.0,1010.8,False,ECMWF
2026-03-20T14:00:00Z,Landshut_OCGT,2.2,10.3,132.0,0,46.0,79.0,1005.0,True,ACTUAL
2026-03-20T14:00:00Z,Nordsee_Wind,-1.6,9.2,110.0,0,53.0,40.0,1004.8,False,ACTUAL
2026-03-20T14:00:00Z,Augsburg_Solar,-2.1,3.4,339.0,542.0,36.0,88.0,1017.6,False,ECMWF
2026-03-20T15:00:00Z,Karlsruhe_CCGT,-2.5,6.7,250.0,0,65.0,71.0,996.5,False,GFS
2026-03-20T15:00:00Z,Landshut_OCGT,3.9,0.2,104.0,0,34.0,69.0,1013.5,True,ACTUAL
2026-03-20T15:00:00Z,Nordsee_Wind,3.4,13.4,298.0,0,64.0,82.0,1005.8,True,GFS
2026-03-20T15:00:00Z,Augsburg_Solar,-3.2,0,308.0,188.0,52.0,77.0,1017.1,True,ECMWF
2026-03-20T16:00:00Z,Karlsruhe_CCGT,-5.5,0,296.0,0,3.0,88.0,988.2,False,ACTUAL
2026-03-20T16:00:00Z,Landshut_OCGT,-2.1,0.0,99.0,0,71.0,70.0,1019.3,False,ACTUAL
2026-03-20T16:00:00Z,Nordsee_Wind,3.4,9.5,310.0,0,38.0,39.0,1018.5,False,ACTUAL
2026-03-20T16:00:00Z,Augsburg_Solar,1.1,2.2,46.0,405.0,82.0,73.0,1013.8,False,GFS
2026-03-20T17:00:00Z,Karlsruhe_CCGT,4.2,6.0,76.0,0,49.0,69.0,1018.5,True,GFS
2026-03-20T17:00:00Z,Landshut_OCGT,-1.0,7.8,93.0,0,17.0,52.0,1009.1,False,ACTUAL
2026-03-20T17:00:00Z,Nordsee_Wind,3.8,10.0,59.0,0,76.0,76.0,1012.0,False,ECMWF
2026-03-20T17:00:00Z,Augsburg_Solar,-0.6,5.1,163.0,209.0,15.0,73.0,1009.5,True,GFS
2026-03-20T18:00:00Z,Karlsruhe_CCGT,-2.2,0.2,287.0,0,90.0,67.0,1017.9,False,GFS
2026-03-20T18:00:00Z,Landshut_OCGT,-2.4,3.0,338.0,0,62.0,81.0,1003.1,False,ACTUAL
2026-03-20T18:00:00Z,Nordsee_Wind,-0.6,7.3,264.0,0,58.0,72.0,1014.8,True,ACTUAL
2026-03-20T18:00:00Z,Augsburg_Solar,-1.2,5.2,21.0,183.0,45.0,79.0,1007.6,True,ACTUAL
2026-03-20T19:00:00Z,Karlsruhe_CCGT,-4.3,7.5,3.0,0,52.0,59.0,1015.2,False,ECMWF
2026-03-20T19:00:00Z,Landshut_OCGT,0.3,1.3,299.0,0,0,83.0,1010.7,True,ECMWF
2026-03-20T19:00:00Z,Nordsee_Wind,-4.0,11.1,327.0,0,53.0,79.0,1008.4,True,ECMWF
2026-03-20T19:00:00Z,Augsburg_Solar,-0.3,8.5,269.0,124.0,39.0,30.0,1012.7,True,GFS
2026-03-20T20:00:00Z,Karlsruhe_CCGT,2.1,0,245.0,0,100,62.0,1029.6,False,GFS
2026-03-20T20:00:00Z,Landshut_OCGT,1.8,2.9,139.0,0,41.0,100,1017.6,True,ACTUAL
2026-03-20T20:00:00Z,Nordsee_Wind,-1.3,5.2,340.0,0,92.0,61.0,1019.3,True,ECMWF
2026-03-20T20:00:00Z,Augsburg_Solar,-5.3,2.2,263.0,0.0,55.0,71.0,1005.0,True,GFS
2026-03-20T21:00:00Z,Karlsruhe_CCGT,-2.0,1.8,320.0,0,83.0,70.0,1010.9,True,ACTUAL
2026-03-20T21:00:00Z,Landshut_OCGT,0.9,8.0,330.0,0,26.0,42.0,996.3,False,ACTUAL
2026-03-20T21:00:00Z,Nordsee_Wind,1.2,7.7,76.0,0,55.0,52.0,1013.2,True,ECMWF
2026-03-20T21:00:00Z,Augsburg_Solar,2.7,0.2,185.0,0,54.0,54.0,1004.4,True,ECMWF
2026-03-20T22:00:00Z,Karlsruhe_CCGT,2.8,7.2,178.0,0,89.0,75.0,994.9,False,GFS
2026-03-20T22:00:00Z,Landshut_OCGT,1.5,5.1,120.0,0,45.0,73.0,1025.2,True,ACTUAL
2026-03-20T22:00:00Z,Nordsee_Wind,0.6,7.8,249.0,0,63.0,47.0,992.2,False,ECMWF
2026-03-20T22:00:00Z,Augsburg_Solar,-0.7,1.3,129.0,0,100,94.0,1001.6,True,ACTUAL
2026-03-20T23:00:00Z,Karlsruhe_CCGT,2.6,6.5,189.0,0,84.0,68.0,1005.7,False,ACTUAL
2026-03-20T23:00:00Z,Landshut_OCGT,2.9,0,26.0,0,56.0,49.0,1007.3,True,ACTUAL
2026-03-20T23:00:00Z,Nordsee_Wind,2.9,4.2,196.0,0,62.0,62.0,1023.2,False,ACTUAL
2026-03-20T23:00:00Z,Augsburg_Solar,1.5,2.8,310.0,0,91.0,53.0,1017.9,False,ECMWF
2026-03-21T00:00:00Z,Karlsruhe_CCGT,3.9,3.8,62.0,0,67.0,67.0,1022.9,True,ECMWF
2026-03-21T00:00:00Z,Landshut_OCGT,6.2,5.5,112.0,0,44.0,40.0,1006.7,False,ECMWF
2026-03-21T00:00:00Z,Nordsee_Wind,3.0,9.7,192.0,0,29.0,42.0,1005.8,False,ECMWF
2026-03-21T00:00:00Z,Augsburg_Solar,5.3,0.5,316.0,0,28.0,58.0,1012.2,True,ACTUAL
2026-03-21T01:00:00Z,Karlsruhe_CCGT,8.7,6.7,163.0,0,26.0,53.0,1014.6,True,ACTUAL
2026-03-21T01:00:00Z,Landshut_OCGT,3.0,1.7,300.0,0,43.0,66.0,1009.2,False,ECMWF
2026-03-21T01:00:00Z,Nordsee_Wind,2.3,9.3,80.0,0,98.0,46.0,1002.2,True,ECMWF
2026-03-21T01:00:00Z,Augsburg_Solar,9.1,3.4,285.0,0,61.0,86.0,1031.3,True,ACTUAL
2026-03-21T02:00:00Z,Karlsruhe_CCGT,8.4,1.5,61.0,0,100,69.0,1013.3,True,ECMWF
2026-03-21T02:00:00Z,Landshut_OCGT,5.0,0,240.0,0,63.0,53.0,1017.6,False,GFS
2026-03-21T02:00:00Z,Nordsee_Wind,6.3,6.8,353.0,0,40.0,73.0,1006.7,True,ACTUAL
2026-03-21T02:00:00Z,Augsburg_Solar,4.4,3.5,183.0,0,74.0,85.0,1028.5,False,GFS
2026-03-21T03:00:00Z,Karlsruhe_CCGT,9.5,7.1,165.0,0,79.0,71.0,1008.2,False,GFS
2026-03-21T03:00:00Z,Landshut_OCGT,9.7,5.6,180.0,0,62.0,34.0,1005.9,False,GFS
2026-03-21T03:00:00Z,Nordsee_Wind,6.1,12.9,132.0,0,29.0,64.0,1002.4,True,GFS
2026-03-21T03:00:00Z,Augsburg_Solar,12.7,3.6,152.0,0,37.0,82.0,1010.2,True,ECMWF
2026-03-21T04:00:00Z,Karlsruhe_CCGT,11.4,1.4,119.0,0,45.0,64.0,1017.6,True,ACTUAL
2026-03-21T04:00:00Z,Landshut_OCGT,9.3,3.5,127.0,0,63.0,75.0,990.7,False,GFS
2026-03-21T04:00:00Z,Nordsee_Wind,8.3,6.0,38.0,0,41.0,47.0,1017.6,False,GFS
2026-03-21T04:00:00Z,Augsburg_Solar,11.0,4.0,109.0,0,57.0,72.0,1005.4,True,GFS
2026-03-21T05:00:00Z,Karlsruhe_CCGT,10.6,3.6,353.0,0,0,79.0,1016.9,True,ACTUAL
2026-03-21T05:00:00Z,Landshut_OCGT,9.7,5.2,238.0,0,38.0,75.0,1016.6,True,ACTUAL
2026-03-21T05:00:00Z,Nordsee_Wind,6.2,12.6,317.0,0,51.0,59.0,1009.7,True,ACTUAL
2026-03-21T05:00:00Z,Augsburg_Solar,6.7,6.7,149.0,0,88.0,61.0,1017.0,False,ACTUAL
2026-03-21T06:00:00Z,Karlsruhe_CCGT,6.5,0,21.0,0,95.0,61.0,1016.6,True,GFS
2026-03-21T06:00:00Z,Landshut_OCGT,13.7,5.5,271.0,0,21.0,72.0,1031.8,False,ECMWF
2026-03-21T06:00:00Z,Nordsee_Wind,9.8,9.5,176.0,0,10.0,78.0,1020.5,False,GFS
2026-03-21T06:00:00Z,Augsburg_Solar,9.1,4.8,90.0,0,46.0,79.0,1024.8,True,ACTUAL
2026-03-21T07:00:00Z,Karlsruhe_CCGT,12.1,0.1,292.0,0,38.0,56.0,1015.4,True,ECMWF
2026-03-21T07:00:00Z,Landshut_OCGT,12.6,4.0,348.0,0,35.0,64.0,1004.6,False,ECMWF
2026-03-21T07:00:00Z,Nordsee_Wind,9.3,6.7,99.0,0,55.0,80.0,1020.6,False,ECMWF
2026-03-21T07:00:00Z,Augsburg_Solar,7.2,2.6,260.0,125.0,44.0,86.0,1006.3,True,ACTUAL
2026-03-21T08:00:00Z,Karlsruhe_CCGT,10.9,5.6,261.0,0,71.0,77.0,1008.8,False,ECMWF
2026-03-21T08:00:00Z,Landshut_OCGT,11.3,6.5,196.0,0,69.0,67.0,1024.2,False,GFS
2026-03-21T08:00:00Z,Nordsee_Wind,11.5,6.2,237.0,0,78.0,56.0,1022.9,False,ACTUAL
2026-03-21T08:00:00Z,Augsburg_Solar,9.4,1.6,243.0,256.0,100,97.0,1013.3,True,GFS
2026-03-21T09:00:00Z,Karlsruhe_CCGT,9.0,0.8,118.0,0,30.0,80.0,1024.9,True,ECMWF
2026-03-21T09:00:00Z,Landshut_OCGT,7.5,7.0,56.0,0,59.0,61.0,1015.6,False,ACTUAL
2026-03-21T09:00:00Z,Nordsee_Wind,4.9,5.6,20.0,0,66.0,80.0,1007.2,True,ECMWF
2026-03-21T09:00:00Z,Augsburg_Solar,5.6,0.8,67.0,266.0,23.0,73.0,1015.4,False,ACTUAL
2026-03-21T10:00:00Z,Karlsruhe_CCGT,3.6,9.2,5.0,0,70.0,77.0,1015.4,False,ACTUAL
2026-03-21T10:00:00Z,Landshut_OCGT,0.8,5.7,334.0,0,0,81.0,998.9,True,ACTUAL
2026-03-21T10:00:00Z,Nordsee_Wind,6.7,4.7,258.0,0,79.0,66.0,1016.1,False,ECMWF
2026-03-21T10:00:00Z,Augsburg_Solar,15.2,5.2,23.0,439.0,8.0,74.0,1008.5,True,ECMWF
2026-03-21T11:00:00Z,Karlsruhe_CCGT,13.0,4.4,240.0,0,97.0,66.0,1005.2,False,GFS
2026-03-21T11:00:00Z,Landshut_OCGT,4.9,3.1,69.0,0,73.0,44.0,1001.8,False,ACTUAL
2026-03-21T11:00:00Z,Nordsee_Wind,2.1,7.2,291.0,0,82.0,49.0,1003.4,False,GFS
2026-03-21T11:00:00Z,Augsburg_Solar,8.0,5.1,161.0,414.0,42.0,72.0,1022.8,False,ACTUAL
2026-03-21T12:00:00Z,Karlsruhe_CCGT,4.3,1.1,182.0,0,74.0,87.0,999.0,False,ECMWF
2026-03-21T12:00:00Z,Landshut_OCGT,4.7,0.2,230.0,0,22.0,62.0,1014.5,True,ECMWF
2026-03-21T12:00:00Z,Nordsee_Wind,8.1,8.3,259.0,0,48.0,80.0,1002.1,True,ACTUAL
2026-03-21T12:00:00Z,Augsburg_Solar,-2.8,2.1,298.0,412.0,68.0,45.0,1006.8,False,GFS
2026-03-21T13:00:00Z,Karlsruhe_CCGT,4.5,3.5,60.0,0,39.0,50.0,1037.1,True,ACTUAL
2026-03-21T13:00:00Z,Landshut_OCGT,1.9,2.5,284.0,0,22.0,45.0,1011.6,True,GFS
2026-03-21T13:00:00Z,Nordsee_Wind,4.0,0,258.0,0,66.0,60.0,1005.3,True,ECMWF
2026-03-21T13:00:00Z,Augsburg_Solar,4.8,12.8,145.0,238.0,84.0,53.0,1013.4,False,ECMWF
2026-03-21T14:00:00Z,Karlsruhe_CCGT,6.2,0,7.0,0,51.0,50.0,1008.6,True,GFS
2026-03-21T14:00:00Z,Landshut_OCGT,-1.9,2.9,15.0,0,76.0,83.0,1003.6,True,ACTUAL
2026-03-21T14:00:00Z,Nordsee_Wind,0.3,9.1,244.0,0,29.0,64.0,1013.7,True,ACTUAL
2026-03-21T14:00:00Z,Augsburg_Solar,-0.8,8.9,194.0,579.0,55.0,64.0,1009.9,True,ECMWF
2026-03-21T15:00:00Z,Karlsruhe_CCGT,-4.9,0,170.0,0,28.0,70.0,1001.6,True,ECMWF
2026-03-21T15:00:00Z,Landshut_OCGT,3.8,3.9,346.0,0,66.0,42.0,1011.4,True,GFS
2026-03-21T15:00:00Z,Nordsee_Wind,-1.5,11.2,215.0,0,19.0,41.0,1012.2,False,ACTUAL
2026-03-21T15:00:00Z,Augsburg_Solar,3.8,1.2,112.0,281.0,0,62.0,1014.8,True,ECMWF
2026-03-21T16:00:00Z,Karlsruhe_CCGT,-5.8,5.0,161.0,0,64.0,76.0,1012.5,True,GFS
2026-03-21T16:00:00Z,Landshut_OCGT,-6.6,10.2,74.0,0,44.0,45.0,1014.5,False,GFS
2026-03-21T16:00:00Z,Nordsee_Wind,-3.5,12.0,339.0,0,24.0,91.0,1015.4,False,GFS
2026-03-21T16:00:00Z,Augsburg_Solar,4.9,0.2,206.0,238.0,73.0,54.0,1013.1,True,ACTUAL
2026-03-21T17:00:00Z,Karlsruhe_CCGT,-3.5,1.4,95.0,0,39.0,71.0,1012.5,False,ACTUAL
2026-03-21T17:00:00Z,Landshut_OCGT,0.5,0,131.0,0,100,45.0,1009.6,False,ECMWF
2026-03-21T17:00:00Z,Nordsee_Wind,0.9,10.6,116.0,0,44.0,50.0,1037.6,False,ACTUAL
2026-03-21T17:00:00Z,Augsburg_Solar,-4.7,3.4,305.0,167.0,32.0,48.0,1018.3,False,ECMWF
2026-03-21T18:00:00Z,Karlsruhe_CCGT,1.4,4.0,134.0,0,24.0,57.0,1011.3,True,GFS
2026-03-21T18:00:00Z,Landshut_OCGT,-5.9,4.2,130.0,0,23.0,52.0,1021.0,True,ECMWF
2026-03-21T18:00:00Z,Nordsee_Wind,-2.8,11.5,218.0,0,0,76.0,1021.5,False,ECMWF
2026-03-21T18:00:00Z,Augsburg_Solar,-3.0,0,98.0,148.0,44.0,76.0,1023.5,False,ACTUAL
2026-03-21T19:00:00Z,Karlsruhe_CCGT,1.7,1.5,326.0,0,19.0,81.0,1016.7,False,ECMWF
2026-03-21T19:00:00Z,Landshut_OCGT,-1.5,3.0,223.0,0,45.0,89.0,1014.5,False,ACTUAL
2026-03-21T19:00:00Z,Nordsee_Wind,3.8,13.8,220.0,0,22.0,78.0,1011.6,True,ECMWF
2026-03-21T19:00:00Z,Augsburg_Solar,-0.1,2.0,38.0,117.0,40.0,50.0,999.1,False,ECMWF
2026-03-21T20:00:00Z,Karlsruhe_CCGT,-0.5,0.8,294.0,0,46.0,55.0,1015.6,False,ACTUAL
2026-03-21T20:00:00Z,Landshut_OCGT,-2.4,2.5,38.0,0,98.0,84.0,1013.8,False,ECMWF
2026-03-21T20:00:00Z,Nordsee_Wind,6.3,12.9,297.0,0,30.0,54.0,1021.1,False,ECMWF
2026-03-21T20:00:00Z,Augsburg_Solar,2.0,1.5,286.0,0.0,100,44.0,1016.1,True,GFS
2026-03-21T21:00:00Z,Karlsruhe_CCGT,6.9,0.1,62.0,0,97.0,61.0,1013.5,True,ACTUAL
2026-03-21T21:00:00Z,Landshut_OCGT,1.2,0.7,92.0,0,51.0,56.0,1003.1,False,GFS
2026-03-21T21:00:00Z,Nordsee_Wind,1.5,8.3,15.0,0,90.0,84.0,996.0,True,ECMWF
2026-03-21T21:00:00Z,Augsburg_Solar,2.1,2.3,211.0,0,53.0,93.0,1031.9,False,ECMWF
2026-03-21T22:00:00Z,Karlsruhe_CCGT,2.7,5.5,113.0,0,34.0,56.0,1012.2,False,ECMWF
2026-03-21T22:00:00Z,Landshut_OCGT,5.3,7.3,67.0,0,15.0,65.0,1025.9,False,GFS
2026-03-21T22:00:00Z,Nordsee_Wind,5.5,8.9,259.0,0,50.0,75.0,998.6,False,GFS
2026-03-21T22:00:00Z,Augsburg_Solar,4.6,3.9,138.0,0,66.0,66.0,1014.4,False,ACTUAL
2026-03-21T23:00:00Z,Karlsruhe_CCGT,-0.9,4.8,351.0,0,44.0,51.0,1018.6,True,GFS
2026-03-21T23:00:00Z,Landshut_OCGT,6.3,1.4,346.0,0,74.0,77.0,1021.9,False,ECMWF
2026-03-21T23:00:00Z,Nordsee_Wind,5.5,9.0,85.0,0,54.0,63.0,1005.7,False,ACTUAL
2026-03-21T23:00:00Z,Augsburg_Solar,6.0,3.9,275.0,0,41.0,82.0,1027.7,True,ECMWF
2026-03-22T00:00:00Z,Karlsruhe_CCGT,2.9,1.2,59.0,0,0,76.0,1006.3,True,ECMWF
2026-03-22T00:00:00Z,Landshut_OCGT,2.4,0,104.0,0,33.0,89.0,1007.0,True,ACTUAL
2026-03-22T00:00:00Z,Nordsee_Wind,3.3,6.4,316.0,0,17.0,65.0,1008.0,True,ECMWF
2026-03-22T00:00:00Z,Augsburg_Solar,5.7,0.3,324.0,0,61.0,54.0,1020.0,False,GFS
2026-03-22T01:00:00Z,Karlsruhe_CCGT,1.8,1.7,164.0,0,40.0,73.0,1019.6,True,ECMWF
2026-03-22T01:00:00Z,Landshut_OCGT,6.7,3.4,317.0,0,1.0,65.0,1025.8,True,ACTUAL
2026-03-22T01:00:00Z,Nordsee_Wind,6.9,7.7,122.0,0,3.0,79.0,1012.5,True,GFS
2026-03-22T01:00:00Z,Augsburg_Solar,2.4,4.4,207.0,0,56.0,56.0,1002.4,False,GFS
2026-03-22T02:00:00Z,Karlsruhe_CCGT,3.3,6.7,122.0,0,56.0,52.0,1016.7,True,ECMWF
2026-03-22T02:00:00Z,Landshut_OCGT,3.6,0,68.0,0,24.0,63.0,1018.1,True,ECMWF
2026-03-22T02:00:00Z,Nordsee_Wind,1.3,4.7,159.0,0,70.0,67.0,1022.3,False,GFS
2026-03-22T02:00:00Z,Augsburg_Solar,3.7,1.1,74.0,0,24.0,36.0,994.6,False,ACTUAL
2026-03-22T03:00:00Z,Karlsruhe_CCGT,7.8,0,114.0,0,49.0,79.0,1021.8,True,ACTUAL
2026-03-22T03:00:00Z,Landshut_OCGT,4.2,1.3,198.0,0,88.0,39.0,1019.7,True,GFS
2026-03-22T03:00:00Z,Nordsee_Wind,6.0,7.4,167.0,0,100,67.0,1012.1,False,ACTUAL
2026-03-22T03:00:00Z,Augsburg_Solar,6.2,0,257.0,0,56.0,46.0,1006.4,False,ACTUAL
2026-03-22T04:00:00Z,Karlsruhe_CCGT,6.8,2.2,109.0,0,56.0,45.0,1019.9,False,ECMWF
2026-03-22T04:00:00Z,Landshut_OCGT,11.9,0.4,7.0,0,69.0,40.0,1018.4,False,ECMWF
2026-03-22T04:00:00Z,Nordsee_Wind,9.4,1.0,307.0,0,45.0,50.0,1017.2,False,ECMWF
2026-03-22T04:00:00Z,Augsburg_Solar,6.0,1.2,118.0,0,68.0,61.0,1023.6,False,ECMWF
2026-03-22T05:00:00Z,Karlsruhe_CCGT,9.9,10.8,174.0,0,50.0,52.0,1009.8,True,ACTUAL
2026-03-22T05:00:00Z,Landshut_OCGT,11.2,1.7,109.0,0,62.0,67.0,1016.6,False,ACTUAL
2026-03-22T05:00:00Z,Nordsee_Wind,5.8,10.7,11.0,0,47.0,83.0,1018.4,True,GFS
2026-03-22T05:00:00Z,Augsburg_Solar,8.2,2.4,359.0,0,99.0,40.0,1008.4,False,ACTUAL
2026-03-22T06:00:00Z,Karlsruhe_CCGT,14.3,7.8,213.0,0,36.0,70.0,1018.5,False,ACTUAL
2026-03-22T06:00:00Z,Landshut_OCGT,7.9,3.5,301.0,0,65.0,79.0,1015.2,False,GFS
2026-03-22T06:00:00Z,Nordsee_Wind,10.0,15.6,93.0,0,75.0,61.0,1026.0,True,ACTUAL
2026-03-22T06:00:00Z,Augsburg_Solar,9.8,1.1,221.0,0,55.0,60.0,1008.0,False,GFS
2026-03-22T07:00:00Z,Karlsruhe_CCGT,7.6,0,19.0,0,14.0,36.0,1016.1,True,GFS
2026-03-22T07:00:00Z,Landshut_OCGT,10.9,1.5,114.0,0,30.0,40.0,1019.2,True,GFS
2026-03-22T07:00:00Z,Nordsee_Wind,12.4,5.3,197.0,0,84.0,59.0,1014.7,True,ECMWF
2026-03-22T07:00:00Z,Augsburg_Solar,8.2,0.2,130.0,125.0,35.0,65.0,1016.1,False,GFS
2026-03-22T08:00:00Z,Karlsruhe_CCGT,12.1,2.5,204.0,0,0,90.0,1014.4,True,ACTUAL
2026-03-22T08:00:00Z,Landshut_OCGT,6.5,7.9,46.0,0,48.0,66.0,1022.0,True,GFS
2026-03-22T08:00:00Z,Nordsee_Wind,4.6,6.9,13.0,0,34.0,69.0,1022.3,True,ACTUAL
2026-03-22T08:00:00Z,Augsburg_Solar,13.0,0.8,284.0,210.0,72.0,46.0,1009.8,True,ECMWF
2026-03-22T09:00:00Z,Karlsruhe_CCGT,10.3,1.6,65.0,0,28.0,91.0,1009.8,True,ACTUAL
2026-03-22T09:00:00Z,Landshut_OCGT,12.3,0.8,221.0,0,29.0,59.0,1002.3,True,GFS
2026-03-22T09:00:00Z,Nordsee_Wind,3.1,12.9,140.0,0,77.0,71.0,999.7,True,ACTUAL
2026-03-22T09:00:00Z,Augsburg_Solar,12.9,2.7,155.0,210.0,51.0,80.0,1012.8,True,GFS
2026-03-22T10:00:00Z,Karlsruhe_CCGT,9.1,3.0,240.0,0,43.0,90.0,1020.5,True,GFS
2026-03-22T10:00:00Z,Landshut_OCGT,12.6,1.0,248.0,0,85.0,74.0,1004.2,False,ACTUAL
2026-03-22T10:00:00Z,Nordsee_Wind,2.8,4.7,277.0,0,48.0,77.0,1002.6,False,GFS
2026-03-22T10:00:00Z,Augsburg_Solar,2.5,2.3,278.0,192.0,59.0,63.0,1003.7,False,ECMWF
2026-03-22T11:00:00Z,Karlsruhe_CCGT,5.4,7.2,27.0,0,35.0,78.0,1009.9,True,ECMWF
2026-03-22T11:00:00Z,Landshut_OCGT,2.7,3.5,356.0,0,57.0,48.0,1008.0,True,GFS
2026-03-22T11:00:00Z,Nordsee_Wind,6.9,6.3,137.0,0,85.0,69.0,1006.4,False,GFS
2026-03-22T11:00:00Z,Augsburg_Solar,4.3,7.4,51.0,320.0,100,74.0,1024.3,False,ACTUAL
2026-03-22T12:00:00Z,Karlsruhe_CCGT,-1.0,0,57.0,0,32.0,47.0,1008.9,False,ACTUAL
2026-03-22T12:00:00Z,Landshut_OCGT,1.1,2.7,270.0,0,0,51.0,1013.3,False,GFS
2026-03-22T12:00:00Z,Nordsee_Wind,3.2,8.4,331.0,0,43.0,58.0,1018.4,False,ACTUAL
2026-03-22T12:00:00Z,Augsburg_Solar,4.3,0,167.0,443.0,91.0,83.0,1018.3,True,ECMWF
2026-03-22T13:00:00Z,Karlsruhe_CCGT,5.7,7.0,162.0,0,15.0,39.0,1015.1,True,ACTUAL
2026-03-22T13:00:00Z,Landshut_OCGT,0.1,3.1,308.0,0,43.0,66.0,1020.8,False,ACTUAL
2026-03-22T13:00:00Z,Nordsee_Wind,6.5,5.1,290.0,0,86.0,65.0,1019.3,False,GFS
2026-03-22T13:00:00Z,Augsburg_Solar,4.1,2.7,166.0,340.0,64.0,82.0,1012.6,False,ECMWF
2026-03-22T14:00:00Z,Karlsruhe_CCGT,2.2,2.1,51.0,0,45.0,59.0,1015.7,True,ECMWF
2026-03-22T14:00:00Z,Landshut_OCGT,2.3,0.8,212.0,0,41.0,73.0,1007.1,False,ACTUAL
2026-03-22T14:00:00Z,Nordsee_Wind,3.3,9.5,31.0,0,65.0,77.0,1003.5,True,ECMWF
2026-03-22T14:00:00Z,Augsburg_Solar,1.7,0.5,88.0,450.0,36.0,81.0,1020.8,True,GFS
2026-03-22T15:00:00Z,Karlsruhe_CCGT,1.5,8.6,238.0,0,36.0,61.0,1015.2,True,ECMWF
2026-03-22T15:00:00Z,Landshut_OCGT,1.3,2.1,216.0,0,43.0,74.0,1010.2,False,ACTUAL
2026-03-22T15:00:00Z,Nordsee_Wind,3.1,9.0,181.0,0,49.0,74.0,1010.2,False,ECMWF
2026-03-22T15:00:00Z,Augsburg_Solar,6.9,3.9,318.0,402.0,61.0,64.0,1013.4,True,GFS
2026-03-22T16:00:00Z,Karlsruhe_CCGT,2.5,7.2,143.0,0,28.0,61.0,1024.1,False,ECMWF
2026-03-22T16:00:00Z,Landshut_OCGT,1.5,5.1,218.0,0,24.0,54.0,1012.3,False,GFS
2026-03-22T16:00:00Z,Nordsee_Wind,-0.1,7.9,136.0,0,56.0,83.0,1005.6,False,ECMWF
2026-03-22T16:00:00Z,Augsburg_Solar,-2.4,0,86.0,282.0,72.0,73.0,1024.7,True,GFS
2026-03-22T17:00:00Z,Karlsruhe_CCGT,-0.5,1.2,158.0,0,66.0,64.0,1015.0,True,GFS
2026-03-22T17:00:00Z,Landshut_OCGT,5.7,5.9,189.0,0,74.0,46.0,1005.7,True,GFS
2026-03-22T17:00:00Z,Nordsee_Wind,5.1,10.0,177.0,0,43.0,74.0,1004.5,False,ACTUAL
2026-03-22T17:00:00Z,Augsburg_Solar,6.9,3.0,37.0,373.0,48.0,77.0,1014.3,False,GFS
2026-03-22T18:00:00Z,Karlsruhe_CCGT,-3.0,6.9,234.0,0,38.0,77.0,1017.5,False,ECMWF
2026-03-22T18:00:00Z,Landshut_OCGT,1.0,0,207.0,0,46.0,75.0,1025.7,True,ECMWF
2026-03-22T18:00:00Z,Nordsee_Wind,8.6,9.0,275.0,0,10.0,60.0,1005.3,False,ACTUAL
2026-03-22T18:00:00Z,Augsburg_Solar,4.8,5.3,320.0,89.0,22.0,66.0,1009.3,False,ACTUAL
2026-03-22T19:00:00Z,Karlsruhe_CCGT,-5.5,1.5,89.0,0,11.0,74.0,1015.1,True,ACTUAL
2026-03-22T19:00:00Z,Landshut_OCGT,-1.2,0.8,34.0,0,68.0,59.0,1004.1,True,ECMWF
2026-03-22T19:00:00Z,Nordsee_Wind,0.8,8.3,38.0,0,71.0,84.0,1021.1,False,ECMWF
2026-03-22T19:00:00Z,Augsburg_Solar,7.4,4.0,353.0,131.0,7.0,81.0,1012.1,True,ACTUAL
2026-03-22T20:00:00Z,Karlsruhe_CCGT,-2.3,1.9,256.0,0,54.0,87.0,1005.2,False,ACTUAL
2026-03-22T20:00:00Z,Landshut_OCGT,2.4,8.7,135.0,0,73.0,77.0,1021.4,True,ECMWF
2026-03-22T20:00:00Z,Nordsee_Wind,0.7,7.9,179.0,0,64.0,69.0,1033.8,True,GFS
2026-03-22T20:00:00Z,Augsburg_Solar,3.7,4.0,33.0,0.0,71.0,31.0,1002.0,True,GFS
2026-03-22T21:00:00Z,Karlsruhe_CCGT,-2.7,3.8,358.0,0,26.0,68.0,1015.0,True,GFS
2026-03-22T21:00:00Z,Landshut_OCGT,-2.5,0.2,205.0,0,65.0,68.0,1022.8,False,ECMWF
2026-03-22T21:00:00Z,Nordsee_Wind,-1.4,3.8,85.0,0,40.0,67.0,1016.3,True,ACTUAL
2026-03-22T21:00:00Z,Augsburg_Solar,2.1,5.9,331.0,0,96.0,69.0,1021.0,True,ACTUAL
2026-03-22T22:00:00Z,Karlsruhe_CCGT,6.1,3.5,33.0,0,21.0,75.0,1008.2,True,ACTUAL
2026-03-22T22:00:00Z,Landshut_OCGT,-0.2,3.4,217.0,0,97.0,57.0,1018.3,False,GFS
2026-03-22T22:00:00Z,Nordsee_Wind,4.6,9.5,5.0,0,47.0,68.0,1005.3,True,ACTUAL
2026-03-22T22:00:00Z,Augsburg_Solar,-0.1,0.2,260.0,0,18.0,48.0,1013.0,True,ECMWF
2026-03-22T23:00:00Z,Karlsruhe_CCGT,3.6,1.8,1.0,0,39.0,50.0,1011.6,True,ECMWF
2026-03-22T23:00:00Z,Landshut_OCGT,3.0,3.0,108.0,0,61.0,66.0,1020.9,False,GFS
2026-03-22T23:00:00Z,Nordsee_Wind,1.2,9.4,187.0,0,61.0,49.0,1012.5,False,GFS
2026-03-22T23:00:00Z,Augsburg_Solar,0.7,0.4,208.0,0,45.0,53.0,1012.3,True,GFS
2026-03-23T00:00:00Z,Karlsruhe_CCGT,7.3,1.2,186.0,0,36.0,99.0,1021.0,True,ACTUAL
2026-03-23T00:00:00Z,Landshut_OCGT,-1.9,0,85.0,0,53.0,70.0,1013.2,True,GFS
2026-03-23T00:00:00Z,Nordsee_Wind,7.6,10.9,208.0,0,46.0,54.0,1028.5,True,ACTUAL
2026-03-23T00:00:00Z,Augsburg_Solar,8.1,2.8,56.0,0,39.0,36.0,1015.0,True,GFS
2026-03-23T01:00:00Z,Karlsruhe_CCGT,1.5,3.6,27.0,0,95.0,54.0,1024.1,False,ECMWF
2026-03-23T01:00:00Z,Landshut_OCGT,4.0,6.9,16.0,0,53.0,97.0,1010.8,True,ECMWF
2026-03-23T01:00:00Z,Nordsee_Wind,4.1,10.7,59.0,0,42.0,54.0,1004.2,False,GFS
2026-03-23T01:00:00Z,Augsburg_Solar,11.8,2.7,26.0,0,84.0,94.0,1003.6,False,ECMWF
2026-03-23T02:00:00Z,Karlsruhe_CCGT,10.3,3.8,276.0,0,55.0,73.0,1014.8,False,ACTUAL
2026-03-23T02:00:00Z,Landshut_OCGT,7.8,0,134.0,0,36.0,68.0,1007.3,False,ACTUAL
2026-03-23T02:00:00Z,Nordsee_Wind,7.7,8.7,19.0,0,46.0,33.0,1017.5,False,GFS
2026-03-23T02:00:00Z,Augsburg_Solar,-0.7,4.4,288.0,0,64.0,79.0,1009.5,False,ECMWF
2026-03-23T03:00:00Z,Karlsruhe_CCGT,8.6,0,325.0,0,42.0,85.0,1023.5,False,ECMWF
2026-03-23T03:00:00Z,Landshut_OCGT,8.6,4.6,343.0,0,22.0,87.0,1007.1,False,ECMWF
2026-03-23T03:00:00Z,Nordsee_Wind,13.1,8.0,194.0,0,0,32.0,1022.9,False,ACTUAL
2026-03-23T03:00:00Z,Augsburg_Solar,10.2,3.0,273.0,0,0,58.0,1013.8,True,ECMWF
2026-03-23T04:00:00Z,Karlsruhe_CCGT,12.8,2.2,102.0,0,57.0,60.0,1001.1,True,ACTUAL
2026-03-23T04:00:00Z,Landshut_OCGT,5.1,5.7,64.0,0,83.0,47.0,1009.3,False,ECMWF
2026-03-23T04:00:00Z,Nordsee_Wind,7.5,12.1,225.0,0,87.0,64.0,1011.0,True,ECMWF
2026-03-23T04:00:00Z,Augsburg_Solar,9.9,5.1,292.0,0,58.0,57.0,1009.7,False,GFS
2026-03-23T05:00:00Z,Karlsruhe_CCGT,10.0,0,230.0,0,80.0,49.0,1021.3,False,ACTUAL
2026-03-23T05:00:00Z,Landshut_OCGT,13.1,0,279.0,0,66.0,34.0,1005.5,True,ACTUAL
2026-03-23T05:00:00Z,Nordsee_Wind,13.0,11.8,74.0,0,30.0,79.0,1001.5,False,ECMWF
2026-03-23T05:00:00Z,Augsburg_Solar,14.2,1.8,191.0,0,100.0,58.0,1004.7,False,ACTUAL
2026-03-23T06:00:00Z,Karlsruhe_CCGT,14.0,6.2,112.0,0,36.0,49.0,1015.5,False,ACTUAL
2026-03-23T06:00:00Z,Landshut_OCGT,13.1,7.2,145.0,0,25.0,63.0,1018.6,False,ECMWF
2026-03-23T06:00:00Z,Nordsee_Wind,8.4,9.9,281.0,0,78.0,60.0,1022.0,False,GFS
2026-03-23T06:00:00Z,Augsburg_Solar,12.4,3.2,65.0,0,58.0,59.0,1020.4,True,GFS
2026-03-23T07:00:00Z,Karlsruhe_CCGT,5.6,5.1,172.0,0,59.0,88.0,1006.9,False,ACTUAL
2026-03-23T07:00:00Z,Landshut_OCGT,10.1,3.2,97.0,0,78.0,67.0,1025.3,True,ECMWF
2026-03-23T07:00:00Z,Nordsee_Wind,6.5,8.7,284.0,0,61.0,50.0,1010.7,True,GFS
2026-03-23T07:00:00Z,Augsburg_Solar,9.6,2.8,72.0,81.0,60.0,38.0,1018.4,False,GFS
2026-03-23T08:00:00Z,Karlsruhe_CCGT,13.0,5.0,59.0,0,35.0,88.0,1011.3,True,ECMWF
2026-03-23T08:00:00Z,Landshut_OCGT,9.3,6.0,79.0,0,100,66.0,1027.1,False,GFS
2026-03-23T08:00:00Z,Nordsee_Wind,9.8,7.1,287.0,0,50.0,72.0,1006.2,True,ECMWF
2026-03-23T08:00:00Z,Augsburg_Solar,7.4,4.1,184.0,180.0,46.0,67.0,1025.1,False,GFS
2026-03-23T09:00:00Z,Karlsruhe_CCGT,11.5,4.3,128.0,0,55.0,57.0,1021.2,True,ACTUAL
2026-03-23T09:00:00Z,Landshut_OCGT,6.6,5.3,288.0,0,51.0,65.0,1010.8,False,GFS
2026-03-23T09:00:00Z,Nordsee_Wind,10.9,6.8,255.0,0,37.0,94.0,1012.8,False,ACTUAL
2026-03-23T09:00:00Z,Augsburg_Solar,6.0,6.1,271.0,203.0,53.0,69.0,1025.7,True,GFS
2026-03-23T10:00:00Z,Karlsruhe_CCGT,5.6,4.4,253.0,0,48.0,64.0,1014.3,False,ECMWF
2026-03-23T10:00:00Z,Landshut_OCGT,8.3,6.1,197.0,0,40.0,68.0,1013.8,False,ECMWF
2026-03-23T10:00:00Z,Nordsee_Wind,3.5,5.6,40.0,0,75.0,52.0,1012.8,False,ACTUAL
2026-03-23T10:00:00Z,Augsburg_Solar,10.9,4.4,40.0,377.0,81.0,79.0,1018.3,False,ACTUAL
2026-03-23T11:00:00Z,Karlsruhe_CCGT,9.5,1.6,54.0,0,77.0,61.0,1018.3,True,ECMWF
2026-03-23T11:00:00Z,Landshut_OCGT,7.5,4.6,222.0,0,51.0,56.0,1012.4,False,GFS
2026-03-23T11:00:00Z,Nordsee_Wind,11.0,2.1,219.0,0,80.0,47.0,1017.8,True,ECMWF
2026-03-23T11:00:00Z,Augsburg_Solar,4.8,1.3,202.0,429.0,51.0,84.0,1012.0,True,ACTUAL
2026-03-23T12:00:00Z,Karlsruhe_CCGT,-0.5,4.4,46.0,0,97.0,59.0,1013.9,False,ACTUAL
2026-03-23T12:00:00Z,Landshut_OCGT,7.0,0,176.0,0,80.0,70.0,1010.5,True,ACTUAL
2026-03-23T12:00:00Z,Nordsee_Wind,6.2,9.4,9.0,0,25.0,79.0,1019.0,True,ECMWF
2026-03-23T12:00:00Z,Augsburg_Solar,9.0,1.3,87.0,521.0,29.0,60.0,1013.3,True,GFS
2026-03-23T13:00:00Z,Karlsruhe_CCGT,5.4,6.2,180.0,0,77.0,64.0,1013.4,False,ACTUAL
2026-03-23T13:00:00Z,Landshut_OCGT,0.5,0,120.0,0,26.0,56.0,1021.8,False,GFS
2026-03-23T13:00:00Z,Nordsee_Wind,3.4,11.9,85.0,0,93.0,57.0,1006.4,False,ACTUAL
2026-03-23T13:00:00Z,Augsburg_Solar,2.0,5.3,325.0,213.0,24.0,57.0,1007.1,True,GFS
2026-03-23T14:00:00Z,Karlsruhe_CCGT,-0.8,0.9,229.0,0,59.0,81.0,1008.7,False,ECMWF
2026-03-23T14:00:00Z,Landshut_OCGT,-2.2,2.3,260.0,0,100,53.0,1009.1,True,GFS
2026-03-23T14:00:00Z,Nordsee_Wind,0.2,10.2,221.0,0,12.0,65.0,1025.3,False,GFS
2026-03-23T14:00:00Z,Augsburg_Solar,3.1,0.9,324.0,508.0,28.0,65.0,1016.9,False,ACTUAL
2026-03-23T15:00:00Z,Karlsruhe_CCGT,-0.6,8.0,359.0,0,100,58.0,1024.4,False,ACTUAL
2026-03-23T15:00:00Z,Landshut_OCGT,3.8,4.7,102.0,0,64.0,56.0,1013.6,False,ACTUAL
2026-03-23T15:00:00Z,Nordsee_Wind,-3.0,10.6,119.0,0,98.0,82.0,999.2,False,ECMWF
2026-03-23T15:00:00Z,Augsburg_Solar,-1.3,4.2,260.0,362.0,33.0,53.0,1007.3,True,ACTUAL
2026-03-23T16:00:00Z,Karlsruhe_CCGT,-0.7,2.4,155.0,0,19.0,51.0,1024.6,False,GFS
2026-03-23T16:00:00Z,Landshut_OCGT,-3.8,2.5,360.0,0,27.0,58.0,1024.4,False,GFS
2026-03-23T16:00:00Z,Nordsee_Wind,0.9,7.8,120.0,0,47.0,64.0,993.1,False,GFS
2026-03-23T16:00:00Z,Augsburg_Solar,2.9,6.1,113.0,364.0,61.0,60.0,1017.1,False,ACTUAL
2026-03-23T17:00:00Z,Karlsruhe_CCGT,4.6,3.5,263.0,0,0,73.0,1014.7,False,GFS
2026-03-23T17:00:00Z,Landshut_OCGT,3.2,4.4,137.0,0,97.0,55.0,1010.9,True,ECMWF
2026-03-23T17:00:00Z,Nordsee_Wind,3.5,8.5,184.0,0,79.0,64.0,1003.3,False,GFS
2026-03-23T17:00:00Z,Augsburg_Solar,2.2,5.9,59.0,143.0,36.0,53.0,1016.8,False,ECMWF
2026-03-23T18:00:00Z,Karlsruhe_CCGT,-3.0,4.1,22.0,0,51.0,60.0,1017.6,False,ECMWF
2026-03-23T18:00:00Z,Landshut_OCGT,-1.4,0.9,187.0,0,64.0,70.0,1022.1,False,GFS
2026-03-23T18:00:00Z,Nordsee_Wind,1.7,11.1,216.0,0,43.0,40.0,1014.3,True,GFS
2026-03-23T18:00:00Z,Augsburg_Solar,0.7,4.8,91.0,198.0,53.0,50.0,1010.7,True,ACTUAL
2026-03-23T19:00:00Z,Karlsruhe_CCGT,2.3,5.8,341.0,0,96.0,54.0,1007.3,True,ECMWF
2026-03-23T19:00:00Z,Landshut_OCGT,0.7,2.3,6.0,0,67.0,75.0,1012.3,True,GFS
2026-03-23T19:00:00Z,Nordsee_Wind,1.3,6.2,351.0,0,59.0,43.0,1009.0,False,ECMWF
2026-03-23T19:00:00Z,Augsburg_Solar,-0.2,0,227.0,126.0,60.0,79.0,1001.6,False,ACTUAL
2026-03-23T20:00:00Z,Karlsruhe_CCGT,-0.9,5.6,331.0,0,58.0,44.0,1018.1,False,ACTUAL
2026-03-23T20:00:00Z,Landshut_OCGT,4.2,2.3,232.0,0,44.0,60.0,1009.3,True,GFS
2026-03-23T20:00:00Z,Nordsee_Wind,-3.0,14.9,181.0,0,0,86.0,999.6,True,ECMWF
2026-03-23T20:00:00Z,Augsburg_Solar,-0.2,0,55.0,0.0,99.0,71.0,1029.9,True,ACTUAL
2026-03-23T21:00:00Z,Karlsruhe_CCGT,1.7,5.2,310.0,0,59.0,69.0,1015.5,True,ACTUAL
2026-03-23T21:00:00Z,Landshut_OCGT,-4.7,0,109.0,0,35.0,62.0,1000.0,False,ECMWF
2026-03-23T21:00:00Z,Nordsee_Wind,0.8,17.2,308.0,0,23.0,52.0,1002.4,False,GFS
2026-03-23T21:00:00Z,Augsburg_Solar,-2.9,2.4,132.0,0,44.0,48.0,1020.2,True,GFS
2026-03-23T22:00:00Z,Karlsruhe_CCGT,-0.6,0,343.0,0,27.0,87.0,1002.5,False,GFS
2026-03-23T22:00:00Z,Landshut_OCGT,3.8,4.3,123.0,0,51.0,30.0,1006.3,False,GFS
2026-03-23T22:00:00Z,Nordsee_Wind,1.6,10.1,5.0,0,99.0,77.0,1015.6,True,ECMWF
2026-03-23T22:00:00Z,Augsburg_Solar,0.2,2.7,197.0,0,42.0,52.0,1004.5,False,ACTUAL
2026-03-23T23:00:00Z,Karlsruhe_CCGT,4.3,3.3,318.0,0,62.0,57.0,996.7,False,ACTUAL
2026-03-23T23:00:00Z,Landshut_OCGT,3.7,4.1,120.0,0,33.0,99.0,1019.5,True,ECMWF
2026-03-23T23:00:00Z,Nordsee_Wind,4.3,7.7,260.0,0,22.0,55.0,1016.6,True,ECMWF
2026-03-23T23:00:00Z,Augsburg_Solar,3.7,2.6,313.0,0,42.0,70.0,1015.9,False,GFS
2026-03-24T00:00:00Z,Karlsruhe_CCGT,6.6,2.0,30.0,0,34.0,83.0,1005.0,True,ACTUAL
2026-03-24T00:00:00Z,Landshut_OCGT,3.3,8.9,272.0,0,62.0,68.0,1010.9,False,ACTUAL
2026-03-24T00:00:00Z,Nordsee_Wind,4.8,5.3,261.0,0,0,56.0,1006.3,True,ECMWF
2026-03-24T00:00:00Z,Augsburg_Solar,5.4,3.5,250.0,0,18.0,71.0,1010.5,True,ECMWF
2026-03-24T01:00:00Z,Karlsruhe_CCGT,7.6,11.0,34.0,0,19.0,56.0,1013.9,False,ACTUAL
2026-03-24T01:00:00Z,Landshut_OCGT,7.7,1.9,218.0,0,28.0,69.0,1023.4,True,ECMWF
2026-03-24T01:00:00Z,Nordsee_Wind,4.7,11.3,184.0,0,78.0,94.0,1014.1,False,GFS
2026-03-24T01:00:00Z,Augsburg_Solar,3.4,2.0,322.0,0,54.0,95.0,1026.8,False,GFS
2026-03-24T02:00:00Z,Karlsruhe_CCGT,9.6,1.7,121.0,0,15.0,51.0,997.4,False,GFS
2026-03-24T02:00:00Z,Landshut_OCGT,11.2,0,273.0,0,92.0,74.0,1018.8,False,GFS
2026-03-24T02:00:00Z,Nordsee_Wind,3.5,12.5,320.0,0,29.0,70.0,1010.0,False,ECMWF
2026-03-24T02:00:00Z,Augsburg_Solar,9.3,7.1,322.0,0,53.0,72.0,1000.6,False,GFS
2026-03-24T03:00:00Z,Karlsruhe_CCGT,6.4,4.5,180.0,0,0,49.0,1014.5,True,ECMWF
2026-03-24T03:00:00Z,Landshut_OCGT,8.0,4.2,72.0,0,89.0,41.0,1010.3,False,GFS
2026-03-24T03:00:00Z,Nordsee_Wind,5.7,10.6,224.0,0,6.0,52.0,1015.7,False,ACTUAL
2026-03-24T03:00:00Z,Augsburg_Solar,11.9,3.4,356.0,0,65.0,29.0,1017.3,True,ACTUAL
2026-03-24T04:00:00Z,Karlsruhe_CCGT,13.9,3.2,81.0,0,24.0,46.0,1014.2,False,ECMWF
2026-03-24T04:00:00Z,Landshut_OCGT,3.7,1.8,44.0,0,55.0,59.0,1014.4,True,ECMWF
2026-03-24T04:00:00Z,Nordsee_Wind,8.9,3.6,2.0,0,77.0,72.0,1004.6,False,ECMWF
2026-03-24T04:00:00Z,Augsburg_Solar,4.4,1.5,21.0,0,62.0,88.0,1028.7,False,ECMWF
2026-03-24T05:00:00Z,Karlsruhe_CCGT,12.3,0.3,102.0,0,1.0,64.0,1011.4,True,ACTUAL
2026-03-24T05:00:00Z,Landshut_OCGT,5.4,0.0,273.0,0,20.0,45.0,1018.9,False,GFS
2026-03-24T05:00:00Z,Nordsee_Wind,8.0,10.6,17.0,0,35.0,64.0,1012.4,False,ACTUAL
2026-03-24T05:00:00Z,Augsburg_Solar,11.9,3.6,313.0,0,6.0,64.0,1001.5,True,ECMWF
2026-03-24T06:00:00Z,Karlsruhe_CCGT,8.3,0,270.0,0,34.0,55.0,1010.9,True,ACTUAL
2026-03-24T06:00:00Z,Landshut_OCGT,14.9,4.0,124.0,0,84.0,39.0,1024.4,False,ACTUAL
2026-03-24T06:00:00Z,Nordsee_Wind,10.9,8.9,107.0,0,41.0,73.0,1014.0,False,GFS
2026-03-24T06:00:00Z,Augsburg_Solar,7.7,5.4,28.0,0,55.0,40.0,1001.4,True,ECMWF
2026-03-24T07:00:00Z,Karlsruhe_CCGT,11.3,2.0,131.0,0,21.0,64.0,1011.7,False,ACTUAL
2026-03-24T07:00:00Z,Landshut_OCGT,12.9,4.6,26.0,0,79.0,83.0,1022.2,True,GFS
2026-03-24T07:00:00Z,Nordsee_Wind,16.6,8.2,315.0,0,56.0,62.0,1026.5,True,GFS
2026-03-24T07:00:00Z,Augsburg_Solar,4.9,0.4,282.0,128.0,41.0,94.0,996.2,False,GFS
2026-03-24T08:00:00Z,Karlsruhe_CCGT,15.4,0.6,77.0,0,42.0,72.0,1013.7,True,GFS
2026-03-24T08:00:00Z,Landshut_OCGT,6.1,2.9,184.0,0,64.0,72.0,1013.2,True,ECMWF
2026-03-24T08:00:00Z,Nordsee_Wind,11.2,3.7,313.0,0,100,47.0,1020.1,True,GFS
2026-03-24T08:00:00Z,Augsburg_Solar,11.3,1.2,79.0,240.0,87.0,71.0,1014.3,False,ACTUAL
2026-03-24T09:00:00Z,Karlsruhe_CCGT,6.7,7.1,271.0,0,36.0,67.0,1006.9,True,ACTUAL
2026-03-24T09:00:00Z,Landshut_OCGT,0.1,1.4,111.0,0,31.0,49.0,1010.8,True,GFS
2026-03-24T09:00:00Z,Nordsee_Wind,9.1,6.3,280.0,0,65.0,67.0,1025.1,True,ACTUAL
2026-03-24T09:00:00Z,Augsburg_Solar,10.8,5.0,299.0,364.0,89.0,87.0,1023.6,True,GFS
2026-03-24T10:00:00Z,Karlsruhe_CCGT,6.1,1.8,173.0,0,22.0,57.0,1022.2,True,GFS
2026-03-24T10:00:00Z,Landshut_OCGT,8.7,2.8,102.0,0,40.0,100.0,1015.9,True,ECMWF
2026-03-24T10:00:00Z,Nordsee_Wind,8.8,7.2,134.0,0,36.0,49.0,1011.0,False,ACTUAL
2026-03-24T10:00:00Z,Augsburg_Solar,9.2,0.1,254.0,209.0,22.0,35.0,1020.5,True,ACTUAL
2026-03-24T11:00:00Z,Karlsruhe_CCGT,7.7,1.4,107.0,0,61.0,65.0,1007.8,False,ACTUAL
2026-03-24T11:00:00Z,Landshut_OCGT,6.1,3.4,28.0,0,62.0,61.0,1021.8,False,GFS
2026-03-24T11:00:00Z,Nordsee_Wind,3.0,4.9,90.0,0,80.0,59.0,1010.5,False,GFS
2026-03-24T11:00:00Z,Augsburg_Solar,6.7,1.3,287.0,336.0,49.0,80.0,997.9,True,ACTUAL
2026-03-24T12:00:00Z,Karlsruhe_CCGT,7.8,2.2,49.0,0,54.0,89.0,1025.9,True,ECMWF
2026-03-24T12:00:00Z,Landshut_OCGT,6.2,5.4,172.0,0,36.0,53.0,1019.1,True,GFS
2026-03-24T12:00:00Z,Nordsee_Wind,6.4,12.5,117.0,0,45.0,67.0,1002.5,False,ECMWF
2026-03-24T12:00:00Z,Augsburg_Solar,5.5,5.9,120.0,449.0,36.0,51.0,1020.1,False,ECMWF
2026-03-24T13:00:00Z,Karlsruhe_CCGT,1.7,7.4,115.0,0,89.0,77.0,1003.9,False,ACTUAL
2026-03-24T13:00:00Z,Landshut_OCGT,-1.4,2.4,153.0,0,33.0,33.0,1010.4,False,GFS
2026-03-24T13:00:00Z,Nordsee_Wind,9.4,7.6,48.0,0,54.0,75.0,1004.8,True,ECMWF
2026-03-24T13:00:00Z,Augsburg_Solar,3.9,0,225.0,223.0,53.0,65.0,1026.9,False,ACTUAL
2026-03-24T14:00:00Z,Karlsruhe_CCGT,0.6,0,190.0,0,49.0,56.0,1022.3,True,ECMWF
2026-03-24T14:00:00Z,Landshut_OCGT,-0.2,0,210.0,0,72.0,73.0,1011.7,False,ACTUAL
2026-03-24T14:00:00Z,Nordsee_Wind,0.6,3.6,305.0,0,41.0,62.0,1005.9,False,ACTUAL
2026-03-24T14:00:00Z,Augsburg_Solar,7.6,2.1,328.0,373.0,30.0,73.0,1025.4,False,GFS
2026-03-24T15:00:00Z,Karlsruhe_CCGT,0.0,2.4,111.0,0,100,63.0,1014.6,True,GFS
2026-03-24T15:00:00Z,Landshut_OCGT,1.8,2.3,356.0,0,58.0,77.0,1007.2,True,ACTUAL
2026-03-24T15:00:00Z,Nordsee_Wind,5.5,6.7,93.0,0,51.0,56.0,1010.0,False,GFS
2026-03-24T15:00:00Z,Augsburg_Solar,-2.9,4.6,331.0,364.0,51.0,62.0,1006.0,True,ACTUAL
2026-03-24T16:00:00Z,Karlsruhe_CCGT,0.1,5.4,335.0,0,80.0,62.0,1023.0,False,ECMWF
2026-03-24T16:00:00Z,Landshut_OCGT,-0.4,6.6,12.0,0,47.0,44.0,1016.5,True,ACTUAL
2026-03-24T16:00:00Z,Nordsee_Wind,1.1,0,265.0,0,70.0,42.0,1002.2,True,ECMWF
2026-03-24T16:00:00Z,Augsburg_Solar,1.8,5.4,163.0,398.0,98.0,68.0,1010.7,True,ECMWF
2026-03-24T17:00:00Z,Karlsruhe_CCGT,-0.6,1.8,128.0,0,79.0,68.0,1016.0,True,GFS
2026-03-24T17:00:00Z,Landshut_OCGT,1.7,7.2,295.0,0,58.0,60.0,1008.7,True,GFS
2026-03-24T17:00:00Z,Nordsee_Wind,2.1,3.4,38.0,0,64.0,81.0,1015.4,True,ACTUAL
2026-03-24T17:00:00Z,Augsburg_Solar,-1.2,3.0,310.0,234.0,53.0,48.0,1024.4,True,GFS
2026-03-24T18:00:00Z,Karlsruhe_CCGT,-6.7,2.1,260.0,0,86.0,71.0,1022.3,False,ECMWF
2026-03-24T18:00:00Z,Landshut_OCGT,0.5,6.7,65.0,0,63.0,60.0,1015.1,False,ACTUAL
2026-03-24T18:00:00Z,Nordsee_Wind,1.8,6.9,115.0,0,71.0,66.0,1016.3,True,GFS
2026-03-24T18:00:00Z,Augsburg_Solar,1.6,1.7,207.0,220.0,62.0,48.0,1019.4,True,ACTUAL
2026-03-24T19:00:00Z,Karlsruhe_CCGT,-3.0,0,103.0,0,98.0,65.0,1023.9,True,ACTUAL
2026-03-24T19:00:00Z,Landshut_OCGT,-0.1,6.8,171.0,0,42.0,64.0,1021.0,False,GFS
2026-03-24T19:00:00Z,Nordsee_Wind,-1.2,8.6,240.0,0,56.0,67.0,1020.6,True,ECMWF
2026-03-24T19:00:00Z,Augsburg_Solar,-1.0,4.4,319.0,118.0,26.0,53.0,1012.3,True,GFS
2026-03-24T20:00:00Z,Karlsruhe_CCGT,0.4,2.8,255.0,0,66.0,49.0,1019.0,False,ECMWF
2026-03-24T20:00:00Z,Landshut_OCGT,3.7,5.6,251.0,0,39.0,64.0,1010.3,False,ACTUAL
2026-03-24T20:00:00Z,Nordsee_Wind,0.3,11.1,25.0,0,86.0,47.0,1014.3,False,ACTUAL
2026-03-24T20:00:00Z,Augsburg_Solar,1.0,3.7,230.0,0.0,19.0,71.0,1004.9,False,GFS
2026-03-24T21:00:00Z,Karlsruhe_CCGT,-1.6,2.5,123.0,0,24.0,92.0,1000.5,False,ACTUAL
2026-03-24T21:00:00Z,Landshut_OCGT,9.0,11.2,143.0,0,42.0,74.0,1014.5,False,GFS
2026-03-24T21:00:00Z,Nordsee_Wind,8.3,10.8,212.0,0,66.0,66.0,1001.9,False,GFS
2026-03-24T21:00:00Z,Augsburg_Solar,2.1,4.8,345.0,0,46.0,82.0,1020.5,False,ECMWF
2026-03-24T22:00:00Z,Karlsruhe_CCGT,-0.7,7.4,111.0,0,72.0,73.0,1012.3,True,ACTUAL
2026-03-24T22:00:00Z,Landshut_OCGT,-1.3,1.8,336.0,0,29.0,73.0,1007.6,False,ECMWF
2026-03-24T22:00:00Z,Nordsee_Wind,4.5,12.9,68.0,0,31.0,59.0,1023.6,True,ECMWF
2026-03-24T22:00:00Z,Augsburg_Solar,1.6,7.0,139.0,0,29.0,57.0,1020.3,True,ACTUAL
2026-03-24T23:00:00Z,Karlsruhe_CCGT,3.0,0,279.0,0,0,53.0,1004.5,False,GFS
2026-03-24T23:00:00Z,Landshut_OCGT,-1.0,6.2,143.0,0,93.0,82.0,1001.7,True,ACTUAL
2026-03-24T23:00:00Z,Nordsee_Wind,6.4,8.2,314.0,0,39.0,46.0,1014.7,True,ECMWF
2026-03-24T23:00:00Z,Augsburg_Solar,6.0,0,257.0,0,75.0,77.0,1014.3,True,ACTUAL
2026-03-25T00:00:00Z,Karlsruhe_CCGT,6.3,2.5,38.0,0,8.0,49.0,1013.4,False,ACTUAL
2026-03-25T00:00:00Z,Landshut_OCGT,2.8,2.7,344.0,0,44.0,52.0,1021.8,True,ECMWF
2026-03-25T00:00:00Z,Nordsee_Wind,6.5,9.8,352.0,0,46.0,63.0,1023.7,True,ECMWF
2026-03-25T00:00:00Z,Augsburg_Solar,7.2,3.8,28.0,0,34.0,69.0,1009.4,True,ACTUAL
2026-03-25T01:00:00Z,Karlsruhe_CCGT,8.7,0,138.0,0,14.0,51.0,1006.6,True,GFS
2026-03-25T01:00:00Z,Landshut_OCGT,4.7,4.4,34.0,0,21.0,52.0,1016.0,True,ACTUAL
2026-03-25T01:00:00Z,Nordsee_Wind,0.6,11.0,28.0,0,92.0,100,1010.5,False,ECMWF
2026-03-25T01:00:00Z,Augsburg_Solar,6.1,4.9,209.0,0,17.0,79.0,1016.9,False,GFS
2026-03-25T02:00:00Z,Karlsruhe_CCGT,12.0,1.3,251.0,0,100,100,1015.9,True,ACTUAL
2026-03-25T02:00:00Z,Landshut_OCGT,2.8,4.9,123.0,0,30.0,78.0,1020.0,True,ACTUAL
2026-03-25T02:00:00Z,Nordsee_Wind,7.7,9.0,217.0,0,53.0,69.0,1015.8,True,GFS
2026-03-25T02:00:00Z,Augsburg_Solar,9.8,4.3,69.0,0,0,53.0,1018.1,False,ACTUAL
2026-03-25T03:00:00Z,Karlsruhe_CCGT,6.1,0,151.0,0,48.0,53.0,1007.1,False,ACTUAL
2026-03-25T03:00:00Z,Landshut_OCGT,4.2,0.9,121.0,0,54.0,100,1008.6,False,GFS
2026-03-25T03:00:00Z,Nordsee_Wind,4.2,5.2,84.0,0,13.0,74.0,1006.2,False,ECMWF
2026-03-25T03:00:00Z,Augsburg_Solar,6.7,1.8,6.0,0,63.0,73.0,1014.1,True,GFS
2026-03-25T04:00:00Z,Karlsruhe_CCGT,13.5,0.5,65.0,0,98.0,63.0,1014.8,False,ACTUAL
2026-03-25T04:00:00Z,Landshut_OCGT,10.3,5.9,199.0,0,76.0,72.0,1011.8,False,ECMWF
2026-03-25T04:00:00Z,Nordsee_Wind,10.3,6.3,37.0,0,0,71.0,1011.8,False,ECMWF
2026-03-25T04:00:00Z,Augsburg_Solar,9.2,4.3,9.0,0,59.0,57.0,1011.7,False,GFS
2026-03-25T05:00:00Z,Karlsruhe_CCGT,7.3,1.5,265.0,0,59.0,57.0,1013.0,False,ACTUAL
2026-03-25T05:00:00Z,Landshut_OCGT,14.5,3.8,286.0,0,51.0,38.0,1005.8,True,GFS
2026-03-25T05:00:00Z,Nordsee_Wind,5.5,3.4,60.0,0,18.0,73.0,1012.4,False,GFS
2026-03-25T05:00:00Z,Augsburg_Solar,10.8,1.7,37.0,0,67.0,72.0,1014.2,False,ECMWF
2026-03-25T06:00:00Z,Karlsruhe_CCGT,7.0,0.7,279.0,0,28.0,46.0,1008.1,False,GFS
2026-03-25T06:00:00Z,Landshut_OCGT,10.1,4.8,37.0,0,17.0,61.0,1002.7,False,ACTUAL
2026-03-25T06:00:00Z,Nordsee_Wind,12.0,7.7,71.0,0,43.0,61.0,1022.9,True,ACTUAL
2026-03-25T06:00:00Z,Augsburg_Solar,8.9,2.0,20.0,0,25.0,41.0,1015.7,True,GFS
2026-03-25T07:00:00Z,Karlsruhe_CCGT,13.1,1.2,33.0,0,38.0,63.0,1016.5,True,GFS
2026-03-25T07:00:00Z,Landshut_OCGT,11.5,0.7,228.0,0,22.0,91.0,1011.9,False,ACTUAL
2026-03-25T07:00:00Z,Nordsee_Wind,12.4,6.0,237.0,0,0,60.0,1013.2,False,GFS
2026-03-25T07:00:00Z,Augsburg_Solar,6.0,6.9,324.0,132.0,53.0,77.0,1006.1,False,ACTUAL
2026-03-25T08:00:00Z,Karlsruhe_CCGT,11.4,5.3,235.0,0,39.0,68.0,1012.3,True,ACTUAL
2026-03-25T08:00:00Z,Landshut_OCGT,5.4,1.9,273.0,0,24.0,46.0,1016.0,False,ACTUAL
2026-03-25T08:00:00Z,Nordsee_Wind,9.6,10.2,306.0,0,25.0,83.0,1012.1,True,ACTUAL
2026-03-25T08:00:00Z,Augsburg_Solar,16.1,5.4,313.0,103.0,32.0,58.0,1005.3,True,ECMWF
2026-03-25T09:00:00Z,Karlsruhe_CCGT,8.7,2.3,113.0,0,84.0,66.0,1005.0,False,ACTUAL
2026-03-25T09:00:00Z,Landshut_OCGT,8.7,2.9,311.0,0,60.0,85.0,1023.5,False,ACTUAL
2026-03-25T09:00:00Z,Nordsee_Wind,8.4,1.4,38.0,0,68.0,72.0,1022.2,True,ECMWF
2026-03-25T09:00:00Z,Augsburg_Solar,7.9,6.2,344.0,266.0,28.0,46.0,1008.5,True,GFS
2026-03-25T10:00:00Z,Karlsruhe_CCGT,2.8,5.6,65.0,0,100,61.0,1013.2,False,ECMWF
2026-03-25T10:00:00Z,Landshut_OCGT,4.3,4.3,7.0,0,37.0,57.0,1016.8,True,ACTUAL
2026-03-25T10:00:00Z,Nordsee_Wind,9.8,3.4,251.0,0,65.0,81.0,1022.9,False,ECMWF
2026-03-25T10:00:00Z,Augsburg_Solar,7.2,6.3,33.0,292.0,53.0,46.0,996.9,True,ECMWF
2026-03-25T11:00:00Z,Karlsruhe_CCGT,7.8,0.2,343.0,0,47.0,62.0,1003.8,True,ECMWF
2026-03-25T11:00:00Z,Landshut_OCGT,8.3,5.8,343.0,0,50.0,68.0,1008.2,False,ECMWF
2026-03-25T11:00:00Z,Nordsee_Wind,6.7,1.0,29.0,0,13.0,46.0,1025.4,False,ECMWF
2026-03-25T11:00:00Z,Augsburg_Solar,7.0,3.7,55.0,518.0,24.0,72.0,1025.2,False,GFS
2026-03-25T12:00:00Z,Karlsruhe_CCGT,9.1,0,281.0,0,83.0,64.0,1011.2,False,ECMWF
2026-03-25T12:00:00Z,Landshut_OCGT,7.0,2.0,271.0,0,24.0,45.0,1013.2,False,GFS
2026-03-25T12:00:00Z,Nordsee_Wind,3.5,6.7,126.0,0,57.0,62.0,1011.8,False,ECMWF
2026-03-25T12:00:00Z,Augsburg_Solar,6.2,2.3,202.0,269.0,51.0,57.0,1013.7,True,ACTUAL
2026-03-25T13:00:00Z,Karlsruhe_CCGT,3.5,5.1,100.0,0,100,51.0,1014.8,True,GFS
2026-03-25T13:00:00Z,Landshut_OCGT,1.4,0.8,295.0,0,48.0,44.0,1006.9,False,ECMWF
2026-03-25T13:00:00Z,Nordsee_Wind,4.7,9.8,317.0,0,48.0,43.0,1025.5,True,ECMWF
2026-03-25T13:00:00Z,Augsburg_Solar,2.8,2.1,127.0,590.0,62.0,56.0,1010.8,False,ACTUAL
2026-03-25T14:00:00Z,Karlsruhe_CCGT,4.6,3.2,186.0,0,40.0,49.0,1025.9,False,GFS
2026-03-25T14:00:00Z,Landshut_OCGT,4.0,0.9,247.0,0,97.0,53.0,1002.6,False,ACTUAL
2026-03-25T14:00:00Z,Nordsee_Wind,-3.9,10.9,265.0,0,34.0,30.0,996.4,True,ACTUAL
2026-03-25T14:00:00Z,Augsburg_Solar,7.3,6.4,195.0,385.0,51.0,66.0,1019.4,True,ACTUAL
2026-03-25T15:00:00Z,Karlsruhe_CCGT,0.6,3.8,54.0,0,31.0,78.0,1012.0,False,ECMWF
2026-03-25T15:00:00Z,Landshut_OCGT,1.9,4.0,239.0,0,71.0,58.0,1012.8,False,ACTUAL
2026-03-25T15:00:00Z,Nordsee_Wind,1.1,6.1,179.0,0,89.0,94.0,1001.2,False,GFS
2026-03-25T15:00:00Z,Augsburg_Solar,5.0,3.1,308.0,380.0,45.0,75.0,1001.7,True,ACTUAL
2026-03-25T16:00:00Z,Karlsruhe_CCGT,1.6,5.6,276.0,0,37.0,84.0,1018.2,False,ECMWF
2026-03-25T16:00:00Z,Landshut_OCGT,0.9,8.6,241.0,0,63.0,87.0,1014.4,True,GFS
2026-03-25T16:00:00Z,Nordsee_Wind,-3.6,12.7,41.0,0,63.0,53.0,1020.3,True,ECMWF
2026-03-25T16:00:00Z,Augsburg_Solar,-5.1,4.5,142.0,270.0,93.0,60.0,1017.4,False,ECMWF
2026-03-25T17:00:00Z,Karlsruhe_CCGT,-0.3,5.9,85.0,0,58.0,63.0,1023.2,False,ACTUAL
2026-03-25T17:00:00Z,Landshut_OCGT,3.6,6.8,281.0,0,68.0,68.0,1022.2,False,GFS
2026-03-25T17:00:00Z,Nordsee_Wind,3.8,3.9,308.0,0,21.0,70.0,1005.2,True,ECMWF
2026-03-25T17:00:00Z,Augsburg_Solar,-3.5,5.1,287.0,373.0,47.0,67.0,1019.5,False,ECMWF
2026-03-25T18:00:00Z,Karlsruhe_CCGT,7.3,0,2.0,0,79.0,55.0,1006.9,False,GFS
2026-03-25T18:00:00Z,Landshut_OCGT,0.7,0,337.0,0,25.0,75.0,1027.3,False,ACTUAL
2026-03-25T18:00:00Z,Nordsee_Wind,-0.2,7.1,307.0,0,19.0,49.0,1005.6,True,GFS
2026-03-25T18:00:00Z,Augsburg_Solar,3.2,0,50.0,207.0,46.0,80.0,1006.3,True,GFS
2026-03-25T19:00:00Z,Karlsruhe_CCGT,0.4,4.6,338.0,0,29.0,98.0,1007.6,False,ACTUAL
2026-03-25T19:00:00Z,Landshut_OCGT,-2.7,4.7,242.0,0,29.0,77.0,1024.7,True,GFS
2026-03-25T19:00:00Z,Nordsee_Wind,3.3,8.1,209.0,0,56.0,36.0,1013.8,True,ACTUAL
2026-03-25T19:00:00Z,Augsburg_Solar,-2.6,0.1,148.0,93.0,33.0,86.0,1005.9,False,GFS
2026-03-25T20:00:00Z,Karlsruhe_CCGT,-3.0,4.2,175.0,0,0,59.0,998.1,False,ACTUAL
2026-03-25T20:00:00Z,Landshut_OCGT,2.4,0,105.0,0,67.0,76.0,1017.0,False,GFS
2026-03-25T20:00:00Z,Nordsee_Wind,-1.4,8.8,357.0,0,23.0,53.0,1005.1,True,GFS
2026-03-25T20:00:00Z,Augsburg_Solar,-7.4,0,319.0,0.0,80.0,60.0,1015.8,True,ACTUAL
2026-03-25T21:00:00Z,Karlsruhe_CCGT,-2.3,5.8,184.0,0,66.0,39.0,1002.4,True,ACTUAL
2026-03-25T21:00:00Z,Landshut_OCGT,4.1,0,254.0,0,95.0,69.0,1021.9,False,GFS
2026-03-25T21:00:00Z,Nordsee_Wind,-0.1,13.1,200.0,0,79.0,67.0,1017.7,True,ECMWF
2026-03-25T21:00:00Z,Augsburg_Solar,5.7,2.1,281.0,0,44.0,75.0,1021.8,False,ECMWF
2026-03-25T22:00:00Z,Karlsruhe_CCGT,1.8,0,309.0,0,25.0,78.0,1025.0,True,GFS
2026-03-25T22:00:00Z,Landshut_OCGT,5.7,3.6,282.0,0,29.0,72.0,1030.5,False,GFS
2026-03-25T22:00:00Z,Nordsee_Wind,3.5,1.1,161.0,0,69.0,66.0,1023.1,False,GFS
2026-03-25T22:00:00Z,Augsburg_Solar,2.8,1.3,117.0,0,72.0,66.0,1005.9,False,GFS
2026-03-25T23:00:00Z,Karlsruhe_CCGT,2.8,6.8,180.0,0,27.0,65.0,1008.7,True,ECMWF
2026-03-25T23:00:00Z,Landshut_OCGT,5.5,3.8,43.0,0,40.0,75.0,1015.7,True,GFS
2026-03-25T23:00:00Z,Nordsee_Wind,7.2,14.1,56.0,0,52.0,55.0,1010.2,True,ECMWF
2026-03-25T23:00:00Z,Augsburg_Solar,6.1,7.9,275.0,0,59.0,71.0,1017.4,True,GFS
2026-03-26T00:00:00Z,Karlsruhe_CCGT,2.2,2.2,163.0,0,45.0,59.0,1017.6,False,GFS
2026-03-26T00:00:00Z,Landshut_OCGT,6.8,2.4,298.0,0,27.0,52.0,1021.1,True,ECMWF
2026-03-26T00:00:00Z,Nordsee_Wind,1.0,9.5,348.0,0,61.0,80.0,1018.2,False,ACTUAL
2026-03-26T00:00:00Z,Augsburg_Solar,4.2,2.0,68.0,0,57.0,59.0,1016.4,True,ECMWF
2026-03-26T01:00:00Z,Karlsruhe_CCGT,4.8,7.6,277.0,0,83.0,56.0,1006.5,True,GFS
2026-03-26T01:00:00Z,Landshut_OCGT,2.9,2.3,195.0,0,78.0,71.0,1008.2,True,GFS
2026-03-26T01:00:00Z,Nordsee_Wind,11.0,4.7,317.0,0,58.0,71.0,1031.8,True,ECMWF
2026-03-26T01:00:00Z,Augsburg_Solar,2.5,3.9,299.0,0,37.0,62.0,1012.1,False,ECMWF
2026-03-26T02:00:00Z,Karlsruhe_CCGT,3.9,4.9,248.0,0,56.0,61.0,1015.3,True,ECMWF
2026-03-26T02:00:00Z,Landshut_OCGT,4.0,3.9,306.0,0,62.0,63.0,1019.5,True,GFS
2026-03-26T02:00:00Z,Nordsee_Wind,6.8,9.0,280.0,0,19.0,52.0,1008.0,False,ACTUAL
2026-03-26T02:00:00Z,Augsburg_Solar,8.2,4.9,80.0,0,58.0,84.0,1018.9,False,ECMWF
2026-03-26T03:00:00Z,Karlsruhe_CCGT,7.6,2.8,148.0,0,43.0,51.0,991.9,False,ECMWF
2026-03-26T03:00:00Z,Landshut_OCGT,10.4,2.8,241.0,0,23.0,73.0,1019.9,False,ECMWF
2026-03-26T03:00:00Z,Nordsee_Wind,9.4,10.0,357.0,0,66.0,49.0,1022.4,True,GFS
2026-03-26T03:00:00Z,Augsburg_Solar,11.2,6.1,255.0,0,84.0,45.0,994.8,True,ACTUAL
2026-03-26T04:00:00Z,Karlsruhe_CCGT,7.0,0.4,82.0,0,66.0,30.0,1013.7,False,GFS
2026-03-26T04:00:00Z,Landshut_OCGT,9.1,0,4.0,0,53.0,64.0,1017.4,True,ECMWF
2026-03-26T04:00:00Z,Nordsee_Wind,10.0,8.9,148.0,0,68.0,46.0,1015.5,False,ACTUAL
2026-03-26T04:00:00Z,Augsburg_Solar,9.5,7.3,273.0,0,95.0,63.0,1017.5,True,GFS
2026-03-26T05:00:00Z,Karlsruhe_CCGT,10.3,3.6,4.0,0,48.0,84.0,1010.8,False,ECMWF
2026-03-26T05:00:00Z,Landshut_OCGT,9.2,2.3,118.0,0,75.0,65.0,1013.4,False,GFS
2026-03-26T05:00:00Z,Nordsee_Wind,11.2,1.2,331.0,0,39.0,52.0,1014.7,False,ECMWF
2026-03-26T05:00:00Z,Augsburg_Solar,5.3,2.8,261.0,0,55.0,88.0,1023.3,True,ACTUAL
2026-03-26T06:00:00Z,Karlsruhe_CCGT,10.7,0.9,334.0,0,77.0,63.0,1013.5,True,GFS
2026-03-26T06:00:00Z,Landshut_OCGT,13.3,0.0,79.0,0,89.0,83.0,1004.7,True,ECMWF
2026-03-26T06:00:00Z,Nordsee_Wind,6.6,9.1,233.0,0,27.0,66.0,1016.0,True,ACTUAL
2026-03-26T06:00:00Z,Augsburg_Solar,12.6,3.9,232.0,0,23.0,44.0,1005.7,False,GFS
2026-03-26T07:00:00Z,Karlsruhe_CCGT,13.1,0.8,318.0,0,41.0,50.0,1017.8,True,GFS
2026-03-26T07:00:00Z,Landshut_OCGT,1.2,4.7,257.0,0,51.0,97.0,1014.8,True,ACTUAL
2026-03-26T07:00:00Z,Nordsee_Wind,11.3,5.3,116.0,0,76.0,58.0,1023.7,True,ECMWF
2026-03-26T07:00:00Z,Augsburg_Solar,12.5,4.6,58.0,130.0,93.0,73.0,1007.6,True,GFS
2026-03-26T08:00:00Z,Karlsruhe_CCGT,-1.4,1.1,342.0,0,56.0,67.0,1008.2,True,ACTUAL
2026-03-26T08:00:00Z,Landshut_OCGT,10.0,0,77.0,0,0,69.0,1010.0,True,ECMWF
2026-03-26T08:00:00Z,Nordsee_Wind,14.7,3.6,66.0,0,18.0,53.0,1021.8,True,GFS
2026-03-26T08:00:00Z,Augsburg_Solar,11.4,0,334.0,257.0,76.0,56.0,1002.0,False,ACTUAL
2026-03-26T09:00:00Z,Karlsruhe_CCGT,6.2,3.7,337.0,0,29.0,40.0,1024.3,True,ACTUAL
2026-03-26T09:00:00Z,Landshut_OCGT,8.3,6.0,130.0,0,37.0,69.0,1021.1,True,GFS
2026-03-26T09:00:00Z,Nordsee_Wind,3.2,8.9,219.0,0,50.0,65.0,995.0,True,ACTUAL
2026-03-26T09:00:00Z,Augsburg_Solar,11.8,9.9,28.0,140.0,47.0,68.0,1011.7,True,GFS
2026-03-26T10:00:00Z,Karlsruhe_CCGT,5.7,2.0,345.0,0,35.0,67.0,1021.8,False,ACTUAL
2026-03-26T10:00:00Z,Landshut_OCGT,10.1,5.0,318.0,0,89.0,88.0,1011.4,False,GFS
2026-03-26T10:00:00Z,Nordsee_Wind,-1.2,2.8,331.0,0,37.0,70.0,1005.4,False,GFS
2026-03-26T10:00:00Z,Augsburg_Solar,2.3,9.4,131.0,265.0,54.0,80.0,1012.8,True,GFS
2026-03-26T11:00:00Z,Karlsruhe_CCGT,9.2,6.7,335.0,0,0,81.0,1013.3,False,ECMWF
2026-03-26T11:00:00Z,Landshut_OCGT,8.5,0,10.0,0,84.0,78.0,1012.5,True,ACTUAL
2026-03-26T11:00:00Z,Nordsee_Wind,2.1,4.4,290.0,0,59.0,61.0,1005.6,False,GFS
2026-03-26T11:00:00Z,Augsburg_Solar,10.2,1.1,107.0,320.0,86.0,56.0,1018.8,True,ECMWF
2026-03-26T12:00:00Z,Karlsruhe_CCGT,6.4,5.2,284.0,0,79.0,63.0,1015.5,False,GFS
2026-03-26T12:00:00Z,Landshut_OCGT,8.1,0,315.0,0,37.0,39.0,1013.5,False,ECMWF
2026-03-26T12:00:00Z,Nordsee_Wind,1.9,9.3,96.0,0,100.0,49.0,1010.7,False,ECMWF
2026-03-26T12:00:00Z,Augsburg_Solar,6.8,0,168.0,316.0,72.0,58.0,1001.7,False,GFS
2026-03-26T13:00:00Z,Karlsruhe_CCGT,6.2,9.6,249.0,0,42.0,55.0,1015.4,True,ACTUAL
2026-03-26T13:00:00Z,Landshut_OCGT,5.2,0,41.0,0,4.0,59.0,1017.9,False,GFS
2026-03-26T13:00:00Z,Nordsee_Wind,1.7,6.5,120.0,0,59.0,80.0,1012.0,True,ECMWF
2026-03-26T13:00:00Z,Augsburg_Solar,7.9,7.1,345.0,236.0,60.0,81.0,1011.9,False,GFS
2026-03-26T14:00:00Z,Karlsruhe_CCGT,2.6,7.5,297.0,0,92.0,36.0,1007.6,False,ECMWF
2026-03-26T14:00:00Z,Landshut_OCGT,2.8,1.0,23.0,0,58.0,74.0,1016.4,True,GFS
2026-03-26T14:00:00Z,Nordsee_Wind,1.0,3.7,143.0,0,22.0,68.0,1015.2,False,ACTUAL
2026-03-26T14:00:00Z,Augsburg_Solar,3.6,3.0,302.0,218.0,36.0,68.0,1025.8,True,ECMWF
2026-03-26T15:00:00Z,Karlsruhe_CCGT,2.5,5.4,21.0,0,95.0,81.0,1025.7,True,GFS
2026-03-26T15:00:00Z,Landshut_OCGT,3.4,5.6,216.0,0,63.0,53.0,1004.1,True,GFS
2026-03-26T15:00:00Z,Nordsee_Wind,4.0,10.8,165.0,0,22.0,40.0,1014.3,False,ECMWF
2026-03-26T15:00:00Z,Augsburg_Solar,6.4,6.0,34.0,209.0,33.0,81.0,1019.4,True,ECMWF
2026-03-26T16:00:00Z,Karlsruhe_CCGT,1.5,5.2,89.0,0,18.0,72.0,1023.2,False,ACTUAL
2026-03-26T16:00:00Z,Landshut_OCGT,-3.5,3.8,229.0,0,62.0,76.0,1015.0,False,ACTUAL
2026-03-26T16:00:00Z,Nordsee_Wind,-1.2,9.1,113.0,0,45.0,74.0,1009.1,False,ACTUAL
2026-03-26T16:00:00Z,Augsburg_Solar,-4.6,1.9,5.0,269.0,12.0,82.0,1009.1,True,ACTUAL
2026-03-26T17:00:00Z,Karlsruhe_CCGT,0.7,6.2,341.0,0,13.0,62.0,1001.2,False,GFS
2026-03-26T17:00:00Z,Landshut_OCGT,0.0,2.2,164.0,0,21.0,61.0,1012.1,False,ECMWF
2026-03-26T17:00:00Z,Nordsee_Wind,0.4,4.7,98.0,0,67.0,55.0,1018.4,False,GFS
2026-03-26T17:00:00Z,Augsburg_Solar,0.7,3.8,28.0,203.0,28.0,69.0,1000.5,False,ACTUAL
2026-03-26T18:00:00Z,Karlsruhe_CCGT,-5.9,5.6,204.0,0,44.0,53.0,1019.8,True,ECMWF
2026-03-26T18:00:00Z,Landshut_OCGT,2.1,5.5,242.0,0,69.0,57.0,1007.7,True,ACTUAL
2026-03-26T18:00:00Z,Nordsee_Wind,-1.0,5.4,29.0,0,71.0,79.0,1010.7,False,ECMWF
2026-03-26T18:00:00Z,Augsburg_Solar,-0.8,3.6,12.0,158.0,57.0,63.0,1010.1,True,ECMWF
2026-03-26T19:00:00Z,Karlsruhe_CCGT,6.9,0.7,15.0,0,37.0,72.0,1017.7,True,ACTUAL
2026-03-26T19:00:00Z,Landshut_OCGT,0.4,0.7,102.0,0,62.0,40.0,1014.2,True,GFS
2026-03-26T19:00:00Z,Nordsee_Wind,-1.1,7.2,332.0,0,39.0,46.0,1017.2,True,ECMWF
2026-03-26T19:00:00Z,Augsburg_Solar,-0.4,0,251.0,122.0,29.0,44.0,1020.3,True,GFS
2026-03-26T20:00:00Z,Karlsruhe_CCGT,1.1,1.8,102.0,0,95.0,88.0,1018.3,False,ACTUAL
2026-03-26T20:00:00Z,Landshut_OCGT,1.7,7.6,20.0,0,37.0,61.0,1015.0,False,GFS
2026-03-26T20:00:00Z,Nordsee_Wind,1.3,6.5,142.0,0,57.0,78.0,1001.5,False,ACTUAL
2026-03-26T20:00:00Z,Augsburg_Solar,1.0,0,251.0,0.0,18.0,81.0,1025.5,False,ECMWF
2026-03-26T21:00:00Z,Karlsruhe_CCGT,2.4,2.1,226.0,0,30.0,58.0,1018.7,False,ECMWF
2026-03-26T21:00:00Z,Landshut_OCGT,3.2,3.9,292.0,0,55.0,79.0,1021.7,False,ECMWF
2026-03-26T21:00:00Z,Nordsee_Wind,1.0,13.8,344.0,0,64.0,85.0,1020.2,False,GFS
2026-03-26T21:00:00Z,Augsburg_Solar,-4.2,4.8,152.0,0,37.0,70.0,1003.0,False,ECMWF
2026-03-26T22:00:00Z,Karlsruhe_CCGT,0.7,0.5,262.0,0,49.0,79.0,1011.7,False,ECMWF
2026-03-26T22:00:00Z,Landshut_OCGT,2.7,4.3,171.0,0,30.0,54.0,1023.8,False,ECMWF
2026-03-26T22:00:00Z,Nordsee_Wind,10.1,8.6,59.0,0,24.0,36.0,1019.3,False,ECMWF
2026-03-26T22:00:00Z,Augsburg_Solar,0.2,4.7,295.0,0,51.0,75.0,1012.2,False,ACTUAL
2026-03-26T23:00:00Z,Karlsruhe_CCGT,3.7,3.1,28.0,0,55.0,35.0,1011.7,True,GFS
2026-03-26T23:00:00Z,Landshut_OCGT,2.8,5.2,74.0,0,8.0,65.0,1012.8,True,ECMWF
2026-03-26T23:00:00Z,Nordsee_Wind,1.7,8.0,233.0,0,86.0,57.0,1013.0,True,ECMWF
2026-03-26T23:00:00Z,Augsburg_Solar,0.3,8.9,236.0,0,67.0,83.0,1007.9,True,GFS
2026-03-27T00:00:00Z,Karlsruhe_CCGT,10.5,0,21.0,0,24.0,77.0,1009.6,False,GFS
2026-03-27T00:00:00Z,Landshut_OCGT,4.1,9.5,200.0,0,86.0,71.0,1010.4,True,GFS
2026-03-27T00:00:00Z,Nordsee_Wind,3.9,5.1,96.0,0,0.0,45.0,1023.4,True,GFS
2026-03-27T00:00:00Z,Augsburg_Solar,5.8,2.6,247.0,0,69.0,61.0,1016.6,True,ACTUAL
2026-03-27T01:00:00Z,Karlsruhe_CCGT,2.3,2.6,349.0,0,19.0,77.0,1008.1,False,ACTUAL
2026-03-27T01:00:00Z,Landshut_OCGT,11.0,0,246.0,0,5.0,53.0,1009.4,False,GFS
2026-03-27T01:00:00Z,Nordsee_Wind,6.7,11.5,334.0,0,32.0,74.0,1011.7,True,ECMWF
2026-03-27T01:00:00Z,Augsburg_Solar,5.3,0,143.0,0,43.0,52.0,1016.2,True,GFS
2026-03-27T02:00:00Z,Karlsruhe_CCGT,6.8,0,344.0,0,71.0,84.0,1018.9,True,ECMWF
2026-03-27T02:00:00Z,Landshut_OCGT,8.5,0,144.0,0,74.0,36.0,1008.4,False,ACTUAL
2026-03-27T02:00:00Z,Nordsee_Wind,6.3,5.1,141.0,0,65.0,78.0,1011.2,True,GFS
2026-03-27T02:00:00Z,Augsburg_Solar,4.8,1.5,260.0,0,0,77.0,1004.5,True,ECMWF
2026-03-27T03:00:00Z,Karlsruhe_CCGT,9.2,0,157.0,0,52.0,59.0,1007.2,True,GFS
2026-03-27T03:00:00Z,Landshut_OCGT,8.1,2.4,46.0,0,18.0,80.0,1012.3,True,ECMWF
2026-03-27T03:00:00Z,Nordsee_Wind,13.0,9.1,142.0,0,16.0,59.0,1010.2,False,ACTUAL
2026-03-27T03:00:00Z,Augsburg_Solar,9.5,0,233.0,0,95.0,52.0,1008.5,True,ECMWF
2026-03-27T04:00:00Z,Karlsruhe_CCGT,10.2,0,58.0,0,48.0,74.0,1009.0,False,ECMWF
2026-03-27T04:00:00Z,Landshut_OCGT,10.6,0,26.0,0,82.0,50.0,1008.4,True,ACTUAL
2026-03-27T04:00:00Z,Nordsee_Wind,7.8,8.6,144.0,0,43.0,85.0,997.3,False,GFS
2026-03-27T04:00:00Z,Augsburg_Solar,7.0,4.6,359.0,0,0,66.0,1020.0,True,ACTUAL
2026-03-27T05:00:00Z,Karlsruhe_CCGT,12.1,6.3,12.0,0,74.0,93.0,1015.2,True,ECMWF
2026-03-27T05:00:00Z,Landshut_OCGT,10.4,0.3,144.0,0,94.0,57.0,1007.9,True,GFS
2026-03-27T05:00:00Z,Nordsee_Wind,6.8,13.7,66.0,0,60.0,60.0,1006.2,True,ACTUAL
2026-03-27T05:00:00Z,Augsburg_Solar,12.4,2.4,304.0,0,97.0,67.0,1010.7,False,ECMWF
2026-03-27T06:00:00Z,Karlsruhe_CCGT,11.6,0,234.0,0,47.0,62.0,1013.2,False,ECMWF
2026-03-27T06:00:00Z,Landshut_OCGT,6.4,1.2,321.0,0,33.0,56.0,1012.5,True,ACTUAL
2026-03-27T06:00:00Z,Nordsee_Wind,14.6,8.8,187.0,0,92.0,78.0,1010.7,True,ECMWF
2026-03-27T06:00:00Z,Augsburg_Solar,8.2,5.1,28.0,0,75.0,62.0,1006.9,False,ACTUAL
2026-03-27T07:00:00Z,Karlsruhe_CCGT,9.2,4.8,216.0,0,23.0,46.0,1020.8,False,GFS
2026-03-27T07:00:00Z,Landshut_OCGT,9.2,6.6,315.0,0,39.0,70.0,1001.5,True,GFS
2026-03-27T07:00:00Z,Nordsee_Wind,11.8,3.1,257.0,0,63.0,77.0,1018.9,False,ACTUAL
2026-03-27T07:00:00Z,Augsburg_Solar,12.6,2.2,294.0,130.0,19.0,65.0,1005.1,True,GFS
2026-03-27T08:00:00Z,Karlsruhe_CCGT,9.0,5.5,6.0,0,17.0,66.0,1011.2,True,ACTUAL
2026-03-27T08:00:00Z,Landshut_OCGT,15.2,3.7,109.0,0,74.0,67.0,1000.4,False,ACTUAL
2026-03-27T08:00:00Z,Nordsee_Wind,9.9,7.4,276.0,0,72.0,79.0,1025.3,True,ACTUAL
2026-03-27T08:00:00Z,Augsburg_Solar,6.5,0,303.0,123.0,29.0,82.0,1011.4,False,ECMWF
2026-03-27T09:00:00Z,Karlsruhe_CCGT,11.6,3.2,298.0,0,38.0,50.0,1000.0,False,GFS
2026-03-27T09:00:00Z,Landshut_OCGT,6.9,5.0,290.0,0,90.0,82.0,1014.3,True,ECMWF
2026-03-27T09:00:00Z,Nordsee_Wind,10.6,11.2,289.0,0,60.0,44.0,1015.9,True,ECMWF
2026-03-27T09:00:00Z,Augsburg_Solar,2.7,3.2,330.0,291.0,66.0,62.0,997.7,False,ECMWF
2026-03-27T10:00:00Z,Karlsruhe_CCGT,10.1,2.4,151.0,0,42.0,92.0,1009.1,False,ECMWF
2026-03-27T10:00:00Z,Landshut_OCGT,4.5,7.2,174.0,0,68.0,56.0,1015.8,True,GFS
2026-03-27T10:00:00Z,Nordsee_Wind,4.0,9.5,214.0,0,22.0,67.0,1011.9,False,GFS
2026-03-27T10:00:00Z,Augsburg_Solar,2.4,1.8,55.0,447.0,14.0,56.0,1000.5,True,GFS
2026-03-27T11:00:00Z,Karlsruhe_CCGT,6.4,4.6,275.0,0,100,26.0,1003.2,True,ECMWF
2026-03-27T11:00:00Z,Landshut_OCGT,5.6,3.9,260.0,0,48.0,89.0,1007.5,True,ECMWF
2026-03-27T11:00:00Z,Nordsee_Wind,5.2,3.4,211.0,0,10.0,60.0,1004.6,False,GFS
2026-03-27T11:00:00Z,Augsburg_Solar,13.6,0,86.0,399.0,59.0,75.0,1006.9,True,ACTUAL
2026-03-27T12:00:00Z,Karlsruhe_CCGT,2.1,0.8,33.0,0,100,49.0,1019.9,False,ECMWF
2026-03-27T12:00:00Z,Landshut_OCGT,8.4,1.3,146.0,0,58.0,80.0,1015.2,False,GFS
2026-03-27T12:00:00Z,Nordsee_Wind,5.6,12.2,131.0,0,52.0,74.0,1011.6,True,GFS
2026-03-27T12:00:00Z,Augsburg_Solar,7.1,5.5,155.0,339.0,25.0,85.0,1019.4,False,ACTUAL
2026-03-27T13:00:00Z,Karlsruhe_CCGT,9.3,1.2,314.0,0,16.0,53.0,1016.9,False,ECMWF
2026-03-27T13:00:00Z,Landshut_OCGT,6.4,3.6,94.0,0,50.0,71.0,1011.7,True,ACTUAL
2026-03-27T13:00:00Z,Nordsee_Wind,5.1,9.8,112.0,0,40.0,77.0,1012.0,True,ACTUAL
2026-03-27T13:00:00Z,Augsburg_Solar,-2.2,7.0,298.0,594.0,91.0,73.0,1013.8,False,GFS
2026-03-27T14:00:00Z,Karlsruhe_CCGT,-2.6,0.7,60.0,0,86.0,55.0,1004.3,False,ECMWF
2026-03-27T14:00:00Z,Landshut_OCGT,0.7,3.0,79.0,0,8.0,58.0,1010.7,False,ECMWF
2026-03-27T14:00:00Z,Nordsee_Wind,-0.3,5.2,39.0,0,28.0,80.0,1009.6,True,GFS
2026-03-27T14:00:00Z,Augsburg_Solar,1.6,1.5,280.0,563.0,80.0,39.0,1024.1,True,ECMWF
2026-03-27T15:00:00Z,Karlsruhe_CCGT,-0.2,2.7,222.0,0,50.0,59.0,1017.9,True,GFS
2026-03-27T15:00:00Z,Landshut_OCGT,1.6,4.1,286.0,0,38.0,65.0,1010.5,True,GFS
2026-03-27T15:00:00Z,Nordsee_Wind,-5.3,9.1,161.0,0,83.0,63.0,1009.2,False,ACTUAL
2026-03-27T15:00:00Z,Augsburg_Solar,4.4,3.4,45.0,219.0,36.0,50.0,1016.9,False,ACTUAL
2026-03-27T16:00:00Z,Karlsruhe_CCGT,4.8,0,226.0,0,52.0,51.0,1025.6,True,ACTUAL
2026-03-27T16:00:00Z,Landshut_OCGT,-0.3,2.1,144.0,0,28.0,60.0,1015.0,True,ACTUAL
2026-03-27T16:00:00Z,Nordsee_Wind,-3.0,6.7,47.0,0,92.0,76.0,1014.4,True,ECMWF
2026-03-27T16:00:00Z,Augsburg_Solar,2.8,1.1,40.0,171.0,10.0,52.0,1007.2,True,ACTUAL
2026-03-27T17:00:00Z,Karlsruhe_CCGT,0.9,1.2,281.0,0,26.0,77.0,1014.0,True,GFS
2026-03-27T17:00:00Z,Landshut_OCGT,0.9,0.2,185.0,0,91.0,58.0,1033.2,False,ACTUAL
2026-03-27T17:00:00Z,Nordsee_Wind,-0.5,4.6,337.0,0,29.0,49.0,1011.6,False,ECMWF
2026-03-27T17:00:00Z,Augsburg_Solar,2.8,4.3,239.0,358.0,31.0,62.0,1020.5,False,GFS
2026-03-27T18:00:00Z,Karlsruhe_CCGT,-0.7,1.0,114.0,0,0,69.0,1015.6,False,ACTUAL
2026-03-27T18:00:00Z,Landshut_OCGT,-3.7,3.1,215.0,0,72.0,62.0,1020.4,True,GFS
2026-03-27T18:00:00Z,Nordsee_Wind,-4.7,13.0,287.0,0,12.0,66.0,1005.4,False,ACTUAL
2026-03-27T18:00:00Z,Augsburg_Solar,2.3,6.8,244.0,124.0,64.0,88.0,1024.5,True,ECMWF
2026-03-27T19:00:00Z,Karlsruhe_CCGT,-4.1,0.7,305.0,0,74.0,67.0,1008.6,False,ACTUAL
2026-03-27T19:00:00Z,Landshut_OCGT,0.7,5.7,145.0,0,38.0,67.0,1011.0,False,ACTUAL
2026-03-27T19:00:00Z,Nordsee_Wind,2.1,10.3,174.0,0,79.0,26.0,1026.5,False,ECMWF
2026-03-27T19:00:00Z,Augsburg_Solar,0.9,1.8,236.0,113.0,59.0,78.0,995.6,False,GFS
2026-03-27T20:00:00Z,Karlsruhe_CCGT,0.0,4.6,310.0,0,23.0,66.0,989.3,True,GFS
2026-03-27T20:00:00Z,Landshut_OCGT,-0.5,3.2,235.0,0,50.0,70.0,1018.7,True,GFS
2026-03-27T20:00:00Z,Nordsee_Wind,1.5,5.2,315.0,0,92.0,61.0,1023.5,True,GFS
2026-03-27T20:00:00Z,Augsburg_Solar,5.1,5.8,191.0,0.0,78.0,74.0,1014.4,False,GFS
2026-03-27T21:00:00Z,Karlsruhe_CCGT,1.1,0,76.0,0,60.0,61.0,1017.2,False,GFS
2026-03-27T21:00:00Z,Landshut_OCGT,-0.4,0,252.0,0,38.0,61.0,1007.7,True,ACTUAL
2026-03-27T21:00:00Z,Nordsee_Wind,1.7,13.0,35.0,0,29.0,86.0,1008.7,True,ECMWF
2026-03-27T21:00:00Z,Augsburg_Solar,3.9,3.4,301.0,0,56.0,72.0,1009.6,False,GFS
2026-03-27T22:00:00Z,Karlsruhe_CCGT,4.7,2.3,253.0,0,54.0,72.0,1027.9,True,GFS
2026-03-27T22:00:00Z,Landshut_OCGT,-2.0,5.7,159.0,0,100,39.0,1003.5,False,ECMWF
2026-03-27T22:00:00Z,Nordsee_Wind,2.5,7.4,284.0,0,0,78.0,1010.7,False,ECMWF
2026-03-27T22:00:00Z,Augsburg_Solar,-2.4,3.9,133.0,0,55.0,83.0,1008.8,True,GFS
2026-03-27T23:00:00Z,Karlsruhe_CCGT,1.2,4.6,115.0,0,51.0,58.0,1001.6,False,GFS
2026-03-27T23:00:00Z,Landshut_OCGT,7.0,3.6,200.0,0,70.0,81.0,1014.5,True,ACTUAL
2026-03-27T23:00:00Z,Nordsee_Wind,2.5,3.7,30.0,0,87.0,68.0,1012.6,True,ACTUAL
2026-03-27T23:00:00Z,Augsburg_Solar,6.1,1.1,179.0,0,58.0,50.0,1025.3,False,GFS
2026-03-28T00:00:00Z,Karlsruhe_CCGT,3.3,4.5,237.0,0,85.0,55.0,1018.6,False,ACTUAL
2026-03-28T00:00:00Z,Landshut_OCGT,9.0,4.1,204.0,0,27.0,43.0,1005.5,False,ACTUAL
2026-03-28T00:00:00Z,Nordsee_Wind,2.8,5.8,214.0,0,28.0,41.0,1013.9,True,GFS
2026-03-28T00:00:00Z,Augsburg_Solar,5.6,5.5,33.0,0,56.0,68.0,1010.4,True,ACTUAL
2026-03-28T01:00:00Z,Karlsruhe_CCGT,5.5,0.7,90.0,0,100,77.0,1001.5,False,ACTUAL
2026-03-28T01:00:00Z,Landshut_OCGT,7.4,1.3,264.0,0,60.0,96.0,997.2,True,ACTUAL
2026-03-28T01:00:00Z,Nordsee_Wind,4.0,2.9,187.0,0,92.0,57.0,1005.0,False,GFS
2026-03-28T01:00:00Z,Augsburg_Solar,3.6,0,242.0,0,63.0,75.0,997.2,True,ECMWF
2026-03-28T02:00:00Z,Karlsruhe_CCGT,5.2,1.9,331.0,0,21.0,75.0,1010.9,True,ECMWF
2026-03-28T02:00:00Z,Landshut_OCGT,12.4,0,182.0,0,43.0,32.0,1007.0,True,ACTUAL
2026-03-28T02:00:00Z,Nordsee_Wind,8.0,12.4,37.0,0,49.0,79.0,1004.7,True,ACTUAL
2026-03-28T02:00:00Z,Augsburg_Solar,13.0,5.4,236.0,0,47.0,41.0,1001.0,True,ECMWF
2026-03-28T03:00:00Z,Karlsruhe_CCGT,12.7,2.2,342.0,0,50.0,71.0,1010.5,False,GFS
2026-03-28T03:00:00Z,Landshut_OCGT,10.8,6.2,28.0,0,54.0,40.0,1015.8,False,ECMWF
2026-03-28T03:00:00Z,Nordsee_Wind,8.5,12.2,55.0,0,29.0,53.0,1008.5,False,ACTUAL
2026-03-28T03:00:00Z,Augsburg_Solar,5.3,0,297.0,0,51.0,40.0,999.1,True,ACTUAL
2026-03-28T04:00:00Z,Karlsruhe_CCGT,12.0,0.7,168.0,0,41.0,84.0,1003.4,True,GFS
2026-03-28T04:00:00Z,Landshut_OCGT,8.9,0,254.0,0,34.0,78.0,1005.7,False,ACTUAL
2026-03-28T04:00:00Z,Nordsee_Wind,8.6,12.7,90.0,0,48.0,66.0,1011.0,False,GFS
2026-03-28T04:00:00Z,Augsburg_Solar,7.4,1.2,239.0,0,38.0,71.0,1006.6,True,ACTUAL
2026-03-28T05:00:00Z,Karlsruhe_CCGT,4.9,1.2,83.0,0,73.0,64.0,1011.8,True,GFS
2026-03-28T05:00:00Z,Landshut_OCGT,9.7,4.7,336.0,0,40.0,62.0,1013.4,True,GFS
2026-03-28T05:00:00Z,Nordsee_Wind,5.2,8.1,240.0,0,56.0,58.0,1008.4,True,GFS
2026-03-28T05:00:00Z,Augsburg_Solar,8.5,0,282.0,0,53.0,76.0,1002.4,False,ACTUAL
2026-03-28T06:00:00Z,Karlsruhe_CCGT,8.1,0,198.0,0,50.0,61.0,1014.3,False,ECMWF
2026-03-28T06:00:00Z,Landshut_OCGT,16.0,0,197.0,0,67.0,62.0,1013.9,True,ECMWF
2026-03-28T06:00:00Z,Nordsee_Wind,10.2,7.0,68.0,0,34.0,67.0,1023.6,False,ACTUAL
2026-03-28T06:00:00Z,Augsburg_Solar,6.9,0.8,286.0,0,56.0,51.0,1019.9,False,ECMWF
2026-03-28T07:00:00Z,Karlsruhe_CCGT,3.9,0,345.0,0,70.0,56.0,1024.3,True,ECMWF
2026-03-28T07:00:00Z,Landshut_OCGT,4.8,4.5,123.0,0,57.0,59.0,1006.6,True,ECMWF
2026-03-28T07:00:00Z,Nordsee_Wind,6.5,6.7,285.0,0,85.0,41.0,1011.4,False,GFS
2026-03-28T07:00:00Z,Augsburg_Solar,9.0,4.6,335.0,79.0,28.0,71.0,1013.8,True,GFS
2026-03-28T08:00:00Z,Karlsruhe_CCGT,7.7,7.3,345.0,0,90.0,45.0,1006.7,True,ECMWF
2026-03-28T08:00:00Z,Landshut_OCGT,8.5,0,59.0,0,37.0,55.0,1016.7,True,ECMWF
2026-03-28T08:00:00Z,Nordsee_Wind,3.2,6.3,62.0,0,21.0,48.0,1017.4,False,ECMWF
2026-03-28T08:00:00Z,Augsburg_Solar,7.0,0.9,131.0,240.0,41.0,69.0,1018.5,True,ACTUAL
2026-03-28T09:00:00Z,Karlsruhe_CCGT,10.1,2.9,345.0,0,53.0,65.0,1011.5,False,ECMWF
2026-03-28T09:00:00Z,Landshut_OCGT,7.2,0,16.0,0,12.0,83.0,1017.9,True,ECMWF
2026-03-28T09:00:00Z,Nordsee_Wind,9.5,9.0,270.0,0,44.0,56.0,1022.3,True,GFS
2026-03-28T09:00:00Z,Augsburg_Solar,6.7,3.6,71.0,366.0,71.0,83.0,1015.1,False,GFS
2026-03-28T10:00:00Z,Karlsruhe_CCGT,4.5,6.3,276.0,0,100,48.0,1015.1,True,ACTUAL
2026-03-28T10:00:00Z,Landshut_OCGT,11.5,3.4,309.0,0,71.0,85.0,1008.3,True,ECMWF
2026-03-28T10:00:00Z,Nordsee_Wind,3.2,9.1,327.0,0,57.0,61.0,1025.9,True,ECMWF
2026-03-28T10:00:00Z,Augsburg_Solar,9.4,2.5,218.0,415.0,43.0,54.0,1018.0,False,GFS
2026-03-28T11:00:00Z,Karlsruhe_CCGT,10.1,2.4,305.0,0,17.0,82.0,1015.9,False,ACTUAL
2026-03-28T11:00:00Z,Landshut_OCGT,2.6,6.1,216.0,0,67.0,73.0,1002.5,False,ECMWF
2026-03-28T11:00:00Z,Nordsee_Wind,6.2,8.8,339.0,0,20.0,67.0,1005.0,False,ACTUAL
2026-03-28T11:00:00Z,Augsburg_Solar,9.2,1.1,174.0,175.0,23.0,52.0,1004.3,True,ECMWF
2026-03-28T12:00:00Z,Karlsruhe_CCGT,5.8,1.9,171.0,0,85.0,46.0,1010.9,False,GFS
2026-03-28T12:00:00Z,Landshut_OCGT,2.1,5.2,276.0,0,91.0,31.0,1014.0,False,ECMWF
2026-03-28T12:00:00Z,Nordsee_Wind,6.9,3.8,286.0,0,64.0,68.0,1001.2,False,ACTUAL
2026-03-28T12:00:00Z,Augsburg_Solar,8.8,1.5,188.0,411.0,15.0,51.0,1003.5,True,GFS
2026-03-28T13:00:00Z,Karlsruhe_CCGT,4.0,5.2,358.0,0,52.0,76.0,1024.3,True,ECMWF
2026-03-28T13:00:00Z,Landshut_OCGT,3.1,0,177.0,0,29.0,83.0,1013.7,False,ACTUAL
2026-03-28T13:00:00Z,Nordsee_Wind,4.7,7.1,160.0,0,26.0,67.0,1012.0,True,ECMWF
2026-03-28T13:00:00Z,Augsburg_Solar,-1.9,5.9,264.0,235.0,68.0,56.0,1003.0,False,GFS
2026-03-28T14:00:00Z,Karlsruhe_CCGT,-1.4,0,242.0,0,2.0,52.0,1022.6,False,ACTUAL
2026-03-28T14:00:00Z,Landshut_OCGT,4.1,5.4,80.0,0,77.0,37.0,1017.7,True,ACTUAL
2026-03-28T14:00:00Z,Nordsee_Wind,3.7,8.1,149.0,0,81.0,50.0,1029.3,False,GFS
2026-03-28T14:00:00Z,Augsburg_Solar,4.7,4.0,285.0,516.0,70.0,50.0,1005.3,False,ECMWF
2026-03-28T15:00:00Z,Karlsruhe_CCGT,1.5,1.4,323.0,0,7.0,70.0,1003.6,True,ECMWF
2026-03-28T15:00:00Z,Landshut_OCGT,4.9,0,248.0,0,82.0,71.0,1024.4,False,GFS
2026-03-28T15:00:00Z,Nordsee_Wind,-1.6,5.6,315.0,0,94.0,59.0,1006.2,True,ECMWF
2026-03-28T15:00:00Z,Augsburg_Solar,2.9,2.9,104.0,494.0,31.0,55.0,1006.1,True,ACTUAL
2026-03-28T16:00:00Z,Karlsruhe_CCGT,4.6,0,336.0,0,16.0,61.0,998.9,False,GFS
2026-03-28T16:00:00Z,Landshut_OCGT,2.9,6.2,220.0,0,97.0,60.0,1013.1,True,ECMWF
2026-03-28T16:00:00Z,Nordsee_Wind,-1.3,11.8,125.0,0,11.0,63.0,1011.9,True,ECMWF
2026-03-28T16:00:00Z,Augsburg_Solar,-1.6,0,0.0,344.0,12.0,63.0,1028.6,False,ECMWF
2026-03-28T17:00:00Z,Karlsruhe_CCGT,2.3,5.1,265.0,0,77.0,46.0,1010.2,False,GFS
2026-03-28T17:00:00Z,Landshut_OCGT,-1.4,1.2,82.0,0,50.0,67.0,1006.6,True,ACTUAL
2026-03-28T17:00:00Z,Nordsee_Wind,0.1,10.3,139.0,0,32.0,89.0,1022.3,True,ECMWF
2026-03-28T17:00:00Z,Augsburg_Solar,1.0,0,42.0,225.0,51.0,58.0,1015.5,True,ACTUAL
2026-03-28T18:00:00Z,Karlsruhe_CCGT,3.4,3.7,152.0,0,39.0,46.0,1002.8,False,ACTUAL
2026-03-28T18:00:00Z,Landshut_OCGT,1.1,0.5,237.0,0,90.0,62.0,1002.0,False,GFS
2026-03-28T18:00:00Z,Nordsee_Wind,2.0,7.4,132.0,0,38.0,64.0,1014.8,True,ACTUAL
2026-03-28T18:00:00Z,Augsburg_Solar,-1.0,3.5,180.0,181.0,57.0,66.0,1005.2,True,ACTUAL
2026-03-28T19:00:00Z,Karlsruhe_CCGT,-0.3,3.1,35.0,0,30.0,46.0,1016.8,True,ECMWF
2026-03-28T19:00:00Z,Landshut_OCGT,4.5,0,116.0,0,34.0,82.0,1026.7,False,ECMWF
2026-03-28T19:00:00Z,Nordsee_Wind,-4.2,10.5,294.0,0,2.0,41.0,1017.3,False,ECMWF
2026-03-28T19:00:00Z,Augsburg_Solar,-0.2,2.4,46.0,79.0,62.0,91.0,1008.9,False,GFS
2026-03-28T20:00:00Z,Karlsruhe_CCGT,-1.4,0,146.0,0,33.0,58.0,1006.5,False,ACTUAL
2026-03-28T20:00:00Z,Landshut_OCGT,1.1,2.4,73.0,0,48.0,56.0,1010.0,False,ACTUAL
2026-03-28T20:00:00Z,Nordsee_Wind,-1.3,8.7,170.0,0,42.0,51.0,1002.2,True,ECMWF
2026-03-28T20:00:00Z,Augsburg_Solar,-1.5,3.9,46.0,0.0,24.0,46.0,1013.7,False,ACTUAL
2026-03-28T21:00:00Z,Karlsruhe_CCGT,5.5,2.1,55.0,0,58.0,68.0,1025.7,True,GFS
2026-03-28T21:00:00Z,Landshut_OCGT,1.5,2.8,48.0,0,51.0,74.0,999.5,False,ECMWF
2026-03-28T21:00:00Z,Nordsee_Wind,0.2,1.7,314.0,0,51.0,65.0,1021.9,True,GFS
2026-03-28T21:00:00Z,Augsburg_Solar,-3.3,1.0,112.0,0,72.0,64.0,1001.0,True,ACTUAL
2026-03-28T22:00:00Z,Karlsruhe_CCGT,3.4,2.9,287.0,0,19.0,43.0,1016.2,True,ACTUAL
2026-03-28T22:00:00Z,Landshut_OCGT,-0.5,1.0,202.0,0,35.0,58.0,1007.1,False,GFS
2026-03-28T22:00:00Z,Nordsee_Wind,2.1,13.1,155.0,0,14.0,79.0,1016.7,False,ECMWF
2026-03-28T22:00:00Z,Augsburg_Solar,7.2,3.3,309.0,0,12.0,100,1018.5,True,GFS
2026-03-28T23:00:00Z,Karlsruhe_CCGT,-1.4,0,24.0,0,63.0,69.0,1008.7,True,GFS
2026-03-28T23:00:00Z,Landshut_OCGT,4.3,11.2,56.0,0,41.0,63.0,1021.9,False,ECMWF
2026-03-28T23:00:00Z,Nordsee_Wind,5.5,5.5,289.0,0,52.0,48.0,1020.8,False,GFS
2026-03-28T23:00:00Z,Augsburg_Solar,0.5,1.1,243.0,0,47.0,50.0,1013.7,True,ECMWF
2026-03-29T00:00:00Z,Karlsruhe_CCGT,4.4,9.1,42.0,0,6.0,59.0,994.8,False,GFS
2026-03-29T00:00:00Z,Landshut_OCGT,7.0,3.6,193.0,0,74.0,74.0,1019.2,True,ACTUAL
2026-03-29T00:00:00Z,Nordsee_Wind,-0.8,9.2,358.0,0,26.0,78.0,1007.3,True,GFS
2026-03-29T00:00:00Z,Augsburg_Solar,0.9,8.5,80.0,0,8.0,79.0,1009.2,False,ECMWF
2026-03-29T01:00:00Z,Karlsruhe_CCGT,9.4,2.2,180.0,0,47.0,48.0,1000.2,True,ACTUAL
2026-03-29T01:00:00Z,Landshut_OCGT,10.7,2.6,48.0,0,22.0,29.0,1030.9,False,GFS
2026-03-29T01:00:00Z,Nordsee_Wind,5.9,8.3,162.0,0,56.0,60.0,1011.4,True,ECMWF
2026-03-29T01:00:00Z,Augsburg_Solar,5.0,0.6,207.0,0,57.0,67.0,1006.8,True,GFS
2026-03-29T02:00:00Z,Karlsruhe_CCGT,11.0,3.2,42.0,0,100,66.0,1020.1,True,ECMWF
2026-03-29T02:00:00Z,Landshut_OCGT,4.0,1.4,57.0,0,77.0,49.0,1012.7,True,ACTUAL
2026-03-29T02:00:00Z,Nordsee_Wind,10.7,7.0,243.0,0,42.0,74.0,1007.7,True,GFS
2026-03-29T02:00:00Z,Augsburg_Solar,9.5,4.6,307.0,0,25.0,68.0,1011.2,True,ACTUAL
2026-03-29T03:00:00Z,Karlsruhe_CCGT,8.7,5.3,357.0,0,42.0,97.0,997.9,True,ACTUAL
2026-03-29T03:00:00Z,Landshut_OCGT,7.3,2.7,60.0,0,63.0,62.0,1026.2,True,ECMWF
2026-03-29T03:00:00Z,Nordsee_Wind,5.6,8.2,57.0,0,30.0,72.0,1010.0,False,ECMWF
2026-03-29T03:00:00Z,Augsburg_Solar,4.9,6.6,91.0,0,69.0,63.0,1016.1,False,ACTUAL
2026-03-29T04:00:00Z,Karlsruhe_CCGT,11.2,0,274.0,0,71.0,62.0,1018.4,True,ACTUAL
2026-03-29T04:00:00Z,Landshut_OCGT,6.3,0,266.0,0,100,83.0,1019.3,False,GFS
2026-03-29T04:00:00Z,Nordsee_Wind,13.2,9.0,346.0,0,43.0,43.0,1013.3,True,GFS
2026-03-29T04:00:00Z,Augsburg_Solar,6.6,0,25.0,0,26.0,58.0,1007.0,True,ECMWF
2026-03-29T05:00:00Z,Karlsruhe_CCGT,14.0,1.8,333.0,0,78.0,74.0,1016.8,False,ACTUAL
2026-03-29T05:00:00Z,Landshut_OCGT,10.8,3.5,160.0,0,55.0,81.0,1010.0,True,GFS
2026-03-29T05:00:00Z,Nordsee_Wind,11.5,7.8,337.0,0,94.0,62.0,1014.2,True,ACTUAL
2026-03-29T05:00:00Z,Augsburg_Solar,11.0,1.1,317.0,0,21.0,87.0,1015.6,True,GFS
2026-03-29T06:00:00Z,Karlsruhe_CCGT,14.1,0,128.0,0,13.0,59.0,1010.3,True,GFS
2026-03-29T06:00:00Z,Landshut_OCGT,13.3,2.6,126.0,0,84.0,58.0,1019.0,False,ACTUAL
2026-03-29T06:00:00Z,Nordsee_Wind,9.1,6.8,243.0,0,41.0,72.0,1008.3,True,ECMWF
2026-03-29T06:00:00Z,Augsburg_Solar,8.5,8.1,317.0,0,58.0,87.0,1003.8,False,GFS
2026-03-29T07:00:00Z,Karlsruhe_CCGT,9.1,6.0,340.0,0,26.0,77.0,1013.5,False,ECMWF
2026-03-29T07:00:00Z,Landshut_OCGT,9.5,4.2,107.0,0,99.0,67.0,991.6,True,ECMWF
2026-03-29T07:00:00Z,Nordsee_Wind,16.4,8.3,121.0,0,13.0,79.0,1012.4,True,ACTUAL
2026-03-29T07:00:00Z,Augsburg_Solar,14.3,0.9,11.0,40.0,59.0,87.0,1022.0,False,ACTUAL
2026-03-29T08:00:00Z,Karlsruhe_CCGT,13.9,0,128.0,0,37.0,92.0,1006.5,True,ACTUAL
2026-03-29T08:00:00Z,Landshut_OCGT,11.3,3.1,336.0,0,56.0,62.0,1024.2,False,GFS
2026-03-29T08:00:00Z,Nordsee_Wind,12.4,9.0,237.0,0,68.0,67.0,1010.5,True,ACTUAL
2026-03-29T08:00:00Z,Augsburg_Solar,12.4,4.5,45.0,100.0,54.0,51.0,1022.9,True,ACTUAL
2026-03-29T09:00:00Z,Karlsruhe_CCGT,6.2,0.8,16.0,0,96.0,99.0,1015.1,True,ECMWF
2026-03-29T09:00:00Z,Landshut_OCGT,11.8,6.9,233.0,0,20.0,63.0,1012.1,False,GFS
2026-03-29T09:00:00Z,Nordsee_Wind,6.4,8.8,49.0,0,52.0,88.0,1016.6,True,ECMWF
2026-03-29T09:00:00Z,Augsburg_Solar,3.9,0.3,155.0,352.0,75.0,65.0,1006.2,False,ECMWF
2026-03-29T10:00:00Z,Karlsruhe_CCGT,10.3,4.0,266.0,0,30.0,63.0,1021.4,False,ECMWF
2026-03-29T10:00:00Z,Landshut_OCGT,9.4,6.4,232.0,0,69.0,63.0,996.1,False,ECMWF
2026-03-29T10:00:00Z,Nordsee_Wind,8.7,8.6,48.0,0,52.0,63.0,1017.9,False,ACTUAL
2026-03-29T10:00:00Z,Augsburg_Solar,9.1,0,170.0,354.0,94.0,56.0,1013.2,True,GFS
2026-03-29T11:00:00Z,Karlsruhe_CCGT,9.1,1.3,357.0,0,35.0,73.0,1013.8,True,ACTUAL
2026-03-29T11:00:00Z,Landshut_OCGT,7.2,8.4,297.0,0,98.0,61.0,1007.5,True,ACTUAL
2026-03-29T11:00:00Z,Nordsee_Wind,11.7,6.4,283.0,0,0,86.0,1012.9,False,ECMWF
2026-03-29T11:00:00Z,Augsburg_Solar,9.4,4.5,49.0,239.0,55.0,66.0,1023.5,False,ACTUAL
2026-03-29T12:00:00Z,Karlsruhe_CCGT,6.0,3.3,257.0,0,64.0,41.0,1018.4,True,ACTUAL
2026-03-29T12:00:00Z,Landshut_OCGT,3.4,5.8,163.0,0,98.0,65.0,1016.9,True,ACTUAL
2026-03-29T12:00:00Z,Nordsee_Wind,6.2,7.0,244.0,0,48.0,46.0,1008.9,True,ECMWF
2026-03-29T12:00:00Z,Augsburg_Solar,6.8,7.2,307.0,467.0,32.0,91.0,1009.6,False,ACTUAL
2026-03-29T13:00:00Z,Karlsruhe_CCGT,6.6,1.6,71.0,0,60.0,52.0,1008.2,True,ACTUAL
2026-03-29T13:00:00Z,Landshut_OCGT,-0.5,0,279.0,0,27.0,68.0,1006.0,True,ACTUAL
2026-03-29T13:00:00Z,Nordsee_Wind,6.1,4.7,344.0,0,46.0,59.0,1027.9,True,GFS
2026-03-29T13:00:00Z,Augsburg_Solar,9.6,0.4,346.0,484.0,62.0,47.0,1013.6,True,ACTUAL
2026-03-29T14:00:00Z,Karlsruhe_CCGT,6.9,6.0,82.0,0,31.0,76.0,1018.9,False,GFS
2026-03-29T14:00:00Z,Landshut_OCGT,3.4,2.5,315.0,0,57.0,41.0,1007.6,False,GFS
2026-03-29T14:00:00Z,Nordsee_Wind,1.4,3.9,228.0,0,34.0,78.0,1009.6,False,ACTUAL
2026-03-29T14:00:00Z,Augsburg_Solar,1.2,4.6,360.0,375.0,91.0,88.0,1005.8,False,GFS
2026-03-29T15:00:00Z,Karlsruhe_CCGT,-4.7,3.0,225.0,0,51.0,32.0,1007.6,True,GFS
2026-03-29T15:00:00Z,Landshut_OCGT,4.9,10.0,176.0,0,68.0,39.0,1011.6,False,ACTUAL
2026-03-29T15:00:00Z,Nordsee_Wind,1.2,13.5,8.0,0,59.0,80.0,1012.9,True,GFS
2026-03-29T15:00:00Z,Augsburg_Solar,3.6,5.3,15.0,400.0,81.0,71.0,997.0,True,ACTUAL
2026-03-29T16:00:00Z,Karlsruhe_CCGT,1.2,0.4,232.0,0,100,91.0,1019.2,False,GFS
2026-03-29T16:00:00Z,Landshut_OCGT,0.8,6.5,17.0,0,19.0,75.0,1017.1,False,ACTUAL
2026-03-29T16:00:00Z,Nordsee_Wind,-6.7,7.5,200.0,0,30.0,52.0,1030.5,False,ACTUAL
2026-03-29T16:00:00Z,Augsburg_Solar,-2.8,0.2,253.0,250.0,64.0,54.0,1015.4,True,ACTUAL
2026-03-29T17:00:00Z,Karlsruhe_CCGT,4.8,1.4,245.0,0,37.0,65.0,1016.6,True,ECMWF
2026-03-29T17:00:00Z,Landshut_OCGT,-2.1,9.1,21.0,0,55.0,71.0,1011.2,False,ECMWF
2026-03-29T17:00:00Z,Nordsee_Wind,-2.3,6.9,106.0,0,69.0,60.0,1002.1,False,ACTUAL
2026-03-29T17:00:00Z,Augsburg_Solar,4.6,0.6,6.0,150.0,38.0,67.0,1015.5,True,ECMWF
2026-03-29T18:00:00Z,Karlsruhe_CCGT,4.9,4.1,75.0,0,100,88.0,1015.9,False,ECMWF
2026-03-29T18:00:00Z,Landshut_OCGT,0.7,5.1,166.0,0,27.0,60.0,1007.5,True,GFS
2026-03-29T18:00:00Z,Nordsee_Wind,-1.6,6.8,34.0,0,88.0,74.0,1016.7,True,ECMWF
2026-03-29T18:00:00Z,Augsburg_Solar,2.1,2.5,130.0,256.0,56.0,69.0,1003.9,False,ECMWF
2026-03-29T19:00:00Z,Karlsruhe_CCGT,3.1,0,203.0,0,58.0,70.0,1008.6,False,ECMWF
2026-03-29T19:00:00Z,Landshut_OCGT,-3.2,0.2,212.0,0,49.0,76.0,1017.8,True,ECMWF
2026-03-29T19:00:00Z,Nordsee_Wind,1.3,7.0,294.0,0,0,57.0,1014.9,False,ACTUAL
2026-03-29T19:00:00Z,Augsburg_Solar,-1.4,8.8,277.0,102.0,20.0,51.0,1019.5,True,ACTUAL
2026-03-29T20:00:00Z,Karlsruhe_CCGT,8.2,6.0,98.0,0,43.0,70.0,1006.9,True,GFS
2026-03-29T20:00:00Z,Landshut_OCGT,3.9,1.3,65.0,0,29.0,53.0,1028.6,True,ACTUAL
2026-03-29T20:00:00Z,Nordsee_Wind,0.8,7.1,21.0,0,81.0,66.0,1004.6,True,ACTUAL
2026-03-29T20:00:00Z,Augsburg_Solar,1.8,4.8,306.0,0.0,61.0,40.0,1016.1,False,GFS
2026-03-29T21:00:00Z,Karlsruhe_CCGT,0.8,0.4,60.0,0,65.0,84.0,1021.3,True,ACTUAL
2026-03-29T21:00:00Z,Landshut_OCGT,-2.9,3.9,9.0,0,73.0,63.0,1010.0,True,GFS
2026-03-29T21:00:00Z,Nordsee_Wind,1.6,6.2,254.0,0,16.0,81.0,1016.3,False,ACTUAL
2026-03-29T21:00:00Z,Augsburg_Solar,-1.0,1.8,91.0,0,48.0,74.0,1001.3,False,GFS
2026-03-29T22:00:00Z,Karlsruhe_CCGT,-1.4,4.3,224.0,0,0,87.0,1026.1,True,GFS
2026-03-29T22:00:00Z,Landshut_OCGT,3.1,5.5,9.0,0,82.0,70.0,1017.4,False,ECMWF
2026-03-29T22:00:00Z,Nordsee_Wind,-0.1,8.9,87.0,0,42.0,90.0,1016.3,True,ECMWF
2026-03-29T22:00:00Z,Augsburg_Solar,-0.1,0,318.0,0,27.0,59.0,1014.2,False,ECMWF
2026-03-29T23:00:00Z,Karlsruhe_CCGT,6.5,0,5.0,0,47.0,61.0,1017.9,False,GFS
2026-03-29T23:00:00Z,Landshut_OCGT,5.8,0,23.0,0,58.0,27.0,1011.4,False,ECMWF
2026-03-29T23:00:00Z,Nordsee_Wind,0.9,7.1,20.0,0,47.0,74.0,1013.3,True,ECMWF
2026-03-29T23:00:00Z,Augsburg_Solar,3.8,0.8,62.0,0,36.0,54.0,1008.9,False,ACTUAL
2026-03-30T00:00:00Z,Karlsruhe_CCGT,3.4,2.4,74.0,0,0,84.0,1015.9,True,GFS
2026-03-30T00:00:00Z,Landshut_OCGT,7.5,2.1,80.0,0,39.0,73.0,1021.8,True,GFS
2026-03-30T00:00:00Z,Nordsee_Wind,2.9,14.5,22.0,0,43.0,75.0,1000.8,False,ECMWF
2026-03-30T00:00:00Z,Augsburg_Solar,-0.8,3.4,86.0,0,46.0,69.0,1001.0,False,ACTUAL
2026-03-30T01:00:00Z,Karlsruhe_CCGT,8.1,0.1,261.0,0,43.0,62.0,1022.0,False,ACTUAL
2026-03-30T01:00:00Z,Landshut_OCGT,6.2,0.6,24.0,0,62.0,72.0,1017.6,True,ACTUAL
2026-03-30T01:00:00Z,Nordsee_Wind,5.2,6.8,101.0,0,71.0,20,1023.0,True,ECMWF
2026-03-30T01:00:00Z,Augsburg_Solar,5.5,0,313.0,0,55.0,46.0,1019.7,True,GFS
2026-03-30T02:00:00Z,Karlsruhe_CCGT,6.8,1.0,164.0,0,100,67.0,998.1,True,GFS
2026-03-30T02:00:00Z,Landshut_OCGT,11.3,8.1,75.0,0,63.0,62.0,1007.6,False,GFS
2026-03-30T02:00:00Z,Nordsee_Wind,7.9,5.6,100.0,0,46.0,58.0,997.6,True,ECMWF
2026-03-30T02:00:00Z,Augsburg_Solar,10.7,0,231.0,0,54.0,43.0,1000.9,False,ECMWF
2026-03-30T03:00:00Z,Karlsruhe_CCGT,8.5,4.1,34.0,0,16.0,88.0,1013.9,True,ACTUAL
2026-03-30T03:00:00Z,Landshut_OCGT,10.0,0.6,249.0,0,32.0,75.0,1018.3,False,ACTUAL
2026-03-30T03:00:00Z,Nordsee_Wind,13.4,0.0,124.0,0,58.0,69.0,1008.5,False,GFS
2026-03-30T03:00:00Z,Augsburg_Solar,7.7,1.2,216.0,0,87.0,45.0,1012.8,False,ECMWF
2026-03-30T04:00:00Z,Karlsruhe_CCGT,9.8,0,330.0,0,42.0,42.0,1002.2,True,GFS
2026-03-30T04:00:00Z,Landshut_OCGT,10.2,5.9,95.0,0,54.0,82.0,1006.2,True,ECMWF
2026-03-30T04:00:00Z,Nordsee_Wind,12.5,8.2,51.0,0,0,66.0,1011.6,True,ACTUAL
2026-03-30T04:00:00Z,Augsburg_Solar,6.0,1.5,312.0,0,53.0,75.0,1013.2,True,ECMWF
2026-03-30T05:00:00Z,Karlsruhe_CCGT,10.1,0,130.0,0,42.0,49.0,1016.6,True,ECMWF
2026-03-30T05:00:00Z,Landshut_OCGT,13.1,4.3,280.0,0,76.0,43.0,1015.3,False,GFS
2026-03-30T05:00:00Z,Nordsee_Wind,9.2,10.3,89.0,0,6.0,42.0,1026.6,False,ACTUAL
2026-03-30T05:00:00Z,Augsburg_Solar,10.0,0,83.0,0,71.0,87.0,997.1,True,ECMWF
2026-03-30T06:00:00Z,Karlsruhe_CCGT,12.8,2.6,277.0,0,68.0,51.0,1005.9,True,ACTUAL
2026-03-30T06:00:00Z,Landshut_OCGT,10.0,5.1,204.0,0,37.0,67.0,996.3,True,GFS
2026-03-30T06:00:00Z,Nordsee_Wind,12.9,10.8,287.0,0,31.0,86.0,1007.8,False,ECMWF
2026-03-30T06:00:00Z,Augsburg_Solar,12.5,5.4,21.0,0,44.0,46.0,1012.0,False,ACTUAL
2026-03-30T07:00:00Z,Karlsruhe_CCGT,10.4,3.0,191.0,0,52.0,73.0,1006.6,False,GFS
2026-03-30T07:00:00Z,Landshut_OCGT,11.4,0,226.0,0,54.0,72.0,1013.3,False,ACTUAL
2026-03-30T07:00:00Z,Nordsee_Wind,12.2,11.2,205.0,0,53.0,66.0,1021.7,True,ACTUAL
2026-03-30T07:00:00Z,Augsburg_Solar,5.5,7.1,344.0,97.0,68.0,73.0,1004.5,False,GFS
2026-03-30T08:00:00Z,Karlsruhe_CCGT,7.9,5.0,179.0,0,20.0,64.0,1016.8,True,GFS
2026-03-30T08:00:00Z,Landshut_OCGT,7.8,3.4,288.0,0,60.0,58.0,1002.8,True,ACTUAL
2026-03-30T08:00:00Z,Nordsee_Wind,14.6,10.0,191.0,0,96.0,58.0,1010.0,True,GFS
2026-03-30T08:00:00Z,Augsburg_Solar,10.8,0,86.0,120.0,74.0,70.0,1005.6,True,ACTUAL
2026-03-30T09:00:00Z,Karlsruhe_CCGT,15.6,0,312.0,0,71.0,38.0,1010.6,True,ECMWF
2026-03-30T09:00:00Z,Landshut_OCGT,11.6,2.1,39.0,0,40.0,43.0,1007.3,True,ACTUAL
2026-03-30T09:00:00Z,Nordsee_Wind,9.7,10.4,276.0,0,98.0,45.0,1015.1,True,ACTUAL
2026-03-30T09:00:00Z,Augsburg_Solar,9.2,0.2,247.0,157.0,59.0,85.0,1008.2,True,GFS
2026-03-30T10:00:00Z,Karlsruhe_CCGT,15.4,3.9,42.0,0,42.0,72.0,1015.6,True,ACTUAL
2026-03-30T10:00:00Z,Landshut_OCGT,7.1,2.9,262.0,0,38.0,55.0,1013.3,True,GFS
2026-03-30T10:00:00Z,Nordsee_Wind,5.0,4.2,326.0,0,43.0,64.0,1028.7,True,GFS
2026-03-30T10:00:00Z,Augsburg_Solar,10.8,0.8,233.0,302.0,45.0,73.0,1013.2,True,GFS
2026-03-30T11:00:00Z,Karlsruhe_CCGT,12.5,0.9,348.0,0,46.0,81.0,1016.0,False,ACTUAL
2026-03-30T11:00:00Z,Landshut_OCGT,0.2,2.2,205.0,0,33.0,61.0,1006.0,False,ACTUAL
2026-03-30T11:00:00Z,Nordsee_Wind,5.8,6.5,355.0,0,10.0,47.0,1013.6,True,GFS
2026-03-30T11:00:00Z,Augsburg_Solar,1.0,7.3,232.0,472.0,22.0,61.0,1027.4,False,ECMWF
2026-03-30T12:00:00Z,Karlsruhe_CCGT,10.8,7.9,172.0,0,40.0,90.0,1007.7,True,GFS
2026-03-30T12:00:00Z,Landshut_OCGT,7.2,6.9,21.0,0,65.0,76.0,1021.8,False,GFS
2026-03-30T12:00:00Z,Nordsee_Wind,4.6,7.0,156.0,0,54.0,62.0,1020.6,False,ECMWF
2026-03-30T12:00:00Z,Augsburg_Solar,2.8,2.9,15.0,582.0,89.0,26.0,1001.9,False,ACTUAL
2026-03-30T13:00:00Z,Karlsruhe_CCGT,7.2,2.1,116.0,0,54.0,86.0,1009.6,True,ACTUAL
2026-03-30T13:00:00Z,Landshut_OCGT,4.9,7.7,153.0,0,27.0,82.0,1021.2,False,ACTUAL
2026-03-30T13:00:00Z,Nordsee_Wind,5.0,4.4,235.0,0,50.0,68.0,997.2,False,ECMWF
2026-03-30T13:00:00Z,Augsburg_Solar,7.7,4.5,69.0,354.0,24.0,61.0,1031.7,True,GFS
2026-03-30T14:00:00Z,Karlsruhe_CCGT,6.2,0.1,240.0,0,94.0,68.0,1008.7,True,GFS
2026-03-30T14:00:00Z,Landshut_OCGT,-0.8,0,119.0,0,20.0,45.0,1019.6,True,ACTUAL
2026-03-30T14:00:00Z,Nordsee_Wind,5.6,7.4,156.0,0,47.0,68.0,988.5,False,ACTUAL
2026-03-30T14:00:00Z,Augsburg_Solar,7.1,2.6,133.0,339.0,12.0,86.0,1022.2,True,GFS
2026-03-30T15:00:00Z,Karlsruhe_CCGT,5.8,2.5,30.0,0,22.0,63.0,1027.9,True,GFS
2026-03-30T15:00:00Z,Landshut_OCGT,-1.0,5.8,155.0,0,81.0,75.0,1015.9,True,GFS
2026-03-30T15:00:00Z,Nordsee_Wind,8.1,4.5,185.0,0,45.0,51.0,1016.0,True,GFS
2026-03-30T15:00:00Z,Augsburg_Solar,-2.3,8.7,312.0,211.0,85.0,66.0,1015.8,False,GFS
2026-03-30T16:00:00Z,Karlsruhe_CCGT,1.2,0,19.0,0,44.0,52.0,1018.2,False,ACTUAL
2026-03-30T16:00:00Z,Landshut_OCGT,3.6,3.3,294.0,0,4.0,85.0,1018.1,True,ACTUAL
2026-03-30T16:00:00Z,Nordsee_Wind,-2.3,12.4,111.0,0,18.0,36.0,1011.9,True,GFS
2026-03-30T16:00:00Z,Augsburg_Solar,-1.2,2.4,260.0,202.0,100,49.0,1004.5,True,GFS
2026-03-30T17:00:00Z,Karlsruhe_CCGT,-3.6,5.6,93.0,0,29.0,74.0,1013.9,False,ECMWF
2026-03-30T17:00:00Z,Landshut_OCGT,2.7,0.6,319.0,0,73.0,72.0,1024.6,False,GFS
2026-03-30T17:00:00Z,Nordsee_Wind,5.0,10.3,331.0,0,49.0,52.0,1016.9,False,GFS
2026-03-30T17:00:00Z,Augsburg_Solar,3.0,3.5,112.0,116.0,93.0,62.0,1007.7,False,ACTUAL
2026-03-30T18:00:00Z,Karlsruhe_CCGT,-0.6,4.0,310.0,0,60.0,76.0,1010.3,True,GFS
2026-03-30T18:00:00Z,Landshut_OCGT,2.8,0,83.0,0,38.0,65.0,1017.4,True,ACTUAL
2026-03-30T18:00:00Z,Nordsee_Wind,3.3,7.5,169.0,0,45.0,56.0,1016.1,False,GFS
2026-03-30T18:00:00Z,Augsburg_Solar,5.8,4.1,105.0,115.0,29.0,62.0,1005.6,False,ECMWF
2026-03-30T19:00:00Z,Karlsruhe_CCGT,0.3,3.6,242.0,0,91.0,64.0,1027.2,False,GFS
2026-03-30T19:00:00Z,Landshut_OCGT,-3.0,3.3,209.0,0,73.0,35.0,1008.7,True,ACTUAL
2026-03-30T19:00:00Z,Nordsee_Wind,-1.1,11.0,62.0,0,74.0,75.0,1016.6,False,ACTUAL
2026-03-30T19:00:00Z,Augsburg_Solar,5.3,4.4,63.0,72.0,98.0,69.0,1005.9,True,ECMWF
2026-03-30T20:00:00Z,Karlsruhe_CCGT,2.3,6.4,347.0,0,42.0,57.0,1013.2,False,ACTUAL
2026-03-30T20:00:00Z,Landshut_OCGT,6.3,7.4,81.0,0,62.0,82.0,1013.4,True,GFS
2026-03-30T20:00:00Z,Nordsee_Wind,3.1,9.2,16.0,0,69.0,42.0,996.6,False,GFS
2026-03-30T20:00:00Z,Augsburg_Solar,7.3,0,206.0,0.0,45.0,89.0,1017.6,True,ACTUAL
2026-03-30T21:00:00Z,Karlsruhe_CCGT,2.9,8.1,123.0,0,100,54.0,1011.7,False,ECMWF
2026-03-30T21:00:00Z,Landshut_OCGT,4.5,3.1,142.0,0,59.0,65.0,1014.8,True,GFS
2026-03-30T21:00:00Z,Nordsee_Wind,6.8,5.7,277.0,0,58.0,82.0,1010.2,True,GFS
2026-03-30T21:00:00Z,Augsburg_Solar,8.8,4.0,104.0,0,86.0,77.0,1013.5,False,ACTUAL
2026-03-30T22:00:00Z,Karlsruhe_CCGT,3.4,9.5,36.0,0,60.0,58.0,1018.1,True,ACTUAL
2026-03-30T22:00:00Z,Landshut_OCGT,6.1,2.6,354.0,0,40.0,93.0,1008.7,True,ACTUAL
2026-03-30T22:00:00Z,Nordsee_Wind,3.5,6.1,163.0,0,57.0,69.0,1022.8,False,ACTUAL
2026-03-30T22:00:00Z,Augsburg_Solar,5.0,2.3,41.0,0,61.0,56.0,1005.2,True,ACTUAL
2026-03-30T23:00:00Z,Karlsruhe_CCGT,6.6,3.3,211.0,0,10.0,47.0,989.1,False,ACTUAL
2026-03-30T23:00:00Z,Landshut_OCGT,4.1,5.0,75.0,0,53.0,89.0,998.9,True,ACTUAL
2026-03-30T23:00:00Z,Nordsee_Wind,7.8,7.7,175.0,0,36.0,59.0,1004.1,False,GFS
2026-03-30T23:00:00Z,Augsburg_Solar,8.3,3.0,52.0,0,71.0,61.0,1012.4,False,ECMWF
2026-03-31T00:00:00Z,Karlsruhe_CCGT,3.8,2.6,47.0,0,58.0,81.0,1000.5,False,ACTUAL
2026-03-31T00:00:00Z,Landshut_OCGT,6.3,6.1,332.0,0,41.0,96.0,1021.1,True,ACTUAL
2026-03-31T00:00:00Z,Nordsee_Wind,10.2,8.6,80.0,0,41.0,91.0,1013.6,True,ACTUAL
2026-03-31T00:00:00Z,Augsburg_Solar,6.0,5.6,145.0,0,62.0,51.0,1003.5,True,GFS
2026-03-31T01:00:00Z,Karlsruhe_CCGT,5.6,4.4,218.0,0,58.0,53.0,1010.5,False,ECMWF
2026-03-31T01:00:00Z,Landshut_OCGT,1.3,7.6,137.0,0,90.0,67.0,1008.4,True,ECMWF
2026-03-31T01:00:00Z,Nordsee_Wind,4.6,10.1,270.0,0,26.0,79.0,1008.0,True,ACTUAL
2026-03-31T01:00:00Z,Augsburg_Solar,5.4,3.8,212.0,0,52.0,46.0,1003.7,True,GFS
2026-03-31T02:00:00Z,Karlsruhe_CCGT,5.8,5.8,196.0,0,81.0,48.0,1007.6,False,ECMWF
2026-03-31T02:00:00Z,Landshut_OCGT,6.8,6.5,265.0,0,36.0,91.0,1000.5,True,ACTUAL
2026-03-31T02:00:00Z,Nordsee_Wind,11.3,6.7,280.0,0,43.0,54.0,1018.9,True,ACTUAL
2026-03-31T02:00:00Z,Augsburg_Solar,9.9,5.0,186.0,0,45.0,100,1027.8,True,ECMWF
2026-03-31T03:00:00Z,Karlsruhe_CCGT,10.2,2.8,354.0,0,0,91.0,1025.2,True,GFS
2026-03-31T03:00:00Z,Landshut_OCGT,6.4,0,36.0,0,24.0,72.0,1013.9,True,ECMWF
2026-03-31T03:00:00Z,Nordsee_Wind,8.9,5.2,32.0,0,28.0,53.0,1039.6,True,ACTUAL
2026-03-31T03:00:00Z,Augsburg_Solar,6.0,2.6,106.0,0,84.0,31.0,1008.7,False,ECMWF
2026-03-31T04:00:00Z,Karlsruhe_CCGT,12.6,4.4,333.0,0,32.0,46.0,1004.6,False,GFS
2026-03-31T04:00:00Z,Landshut_OCGT,10.7,7.1,249.0,0,0,51.0,1016.5,False,GFS
2026-03-31T04:00:00Z,Nordsee_Wind,8.6,4.6,23.0,0,33.0,68.0,1018.9,False,ECMWF
2026-03-31T04:00:00Z,Augsburg_Solar,8.3,1.3,9.0,0,15.0,80.0,1025.7,False,ACTUAL
2026-03-31T05:00:00Z,Karlsruhe_CCGT,17.7,0,52.0,0,39.0,22.0,1005.1,True,ACTUAL
2026-03-31T05:00:00Z,Landshut_OCGT,10.0,3.6,137.0,0,80.0,52.0,1014.4,True,ACTUAL
2026-03-31T05:00:00Z,Nordsee_Wind,8.8,9.9,188.0,0,29.0,65.0,1015.1,True,ACTUAL
2026-03-31T05:00:00Z,Augsburg_Solar,7.8,4.8,357.0,0,77.0,58.0,1011.0,False,ECMWF
2026-03-31T06:00:00Z,Karlsruhe_CCGT,12.7,1.8,126.0,0,42.0,62.0,1003.4,True,ECMWF
2026-03-31T06:00:00Z,Landshut_OCGT,15.8,4.4,322.0,0,23.0,69.0,1002.6,False,ECMWF
2026-03-31T06:00:00Z,Nordsee_Wind,9.1,13.3,270.0,0,14.0,83.0,1022.1,False,ACTUAL
2026-03-31T06:00:00Z,Augsburg_Solar,13.5,2.8,94.0,0,43.0,73.0,1017.5,False,GFS
2026-03-31T07:00:00Z,Karlsruhe_CCGT,4.8,5.4,103.0,0,30.0,69.0,1032.3,True,ACTUAL
2026-03-31T07:00:00Z,Landshut_OCGT,7.8,0,48.0,0,68.0,69.0,1008.6,True,GFS
2026-03-31T07:00:00Z,Nordsee_Wind,9.6,8.8,67.0,0,51.0,50.0,1023.8,False,ECMWF
2026-03-31T07:00:00Z,Augsburg_Solar,12.1,3.7,233.0,57.0,61.0,82.0,1012.1,True,GFS
2026-03-31T08:00:00Z,Karlsruhe_CCGT,10.1,6.5,212.0,0,53.0,63.0,1009.1,True,ACTUAL
2026-03-31T08:00:00Z,Landshut_OCGT,11.1,0.9,316.0,0,67.0,54.0,1021.1,False,ACTUAL
2026-03-31T08:00:00Z,Nordsee_Wind,8.0,4.8,132.0,0,68.0,72.0,1010.2,True,GFS
2026-03-31T08:00:00Z,Augsburg_Solar,11.4,6.7,297.0,87.0,71.0,80.0,1015.6,True,ACTUAL
2026-03-31T09:00:00Z,Karlsruhe_CCGT,9.1,7.6,70.0,0,64.0,55.0,1013.8,False,ECMWF
2026-03-31T09:00:00Z,Landshut_OCGT,0.6,4.8,75.0,0,0,75.0,1010.3,True,ECMWF
2026-03-31T09:00:00Z,Nordsee_Wind,5.7,10.2,181.0,0,38.0,54.0,1035.9,True,ACTUAL
2026-03-31T09:00:00Z,Augsburg_Solar,8.2,2.9,79.0,196.0,60.0,60.0,1019.6,False,ACTUAL
2026-03-31T10:00:00Z,Karlsruhe_CCGT,7.5,0.2,333.0,0,85.0,74.0,1007.5,True,GFS
2026-03-31T10:00:00Z,Landshut_OCGT,7.9,0,344.0,0,93.0,78.0,1014.7,False,ACTUAL
2026-03-31T10:00:00Z,Nordsee_Wind,9.8,5.5,218.0,0,45.0,50.0,1009.7,True,GFS
2026-03-31T10:00:00Z,Augsburg_Solar,3.7,6.6,211.0,295.0,28.0,93.0,1023.9,True,ECMWF
2026-03-31T11:00:00Z,Karlsruhe_CCGT,9.2,3.2,158.0,0,19.0,64.0,1011.7,False,GFS
2026-03-31T11:00:00Z,Landshut_OCGT,8.0,6.0,328.0,0,81.0,64.0,1013.3,True,GFS
2026-03-31T11:00:00Z,Nordsee_Wind,11.3,9.6,217.0,0,89.0,52.0,1018.5,False,ACTUAL
2026-03-31T11:00:00Z,Augsburg_Solar,9.3,6.1,163.0,491.0,89.0,66.0,1011.8,False,ECMWF
2026-03-31T12:00:00Z,Karlsruhe_CCGT,4.2,6.2,305.0,0,44.0,70.0,1012.4,False,ACTUAL
2026-03-31T12:00:00Z,Landshut_OCGT,7.3,6.6,116.0,0,5.0,65.0,1015.2,True,GFS
2026-03-31T12:00:00Z,Nordsee_Wind,3.6,11.5,219.0,0,81.0,74.0,1021.3,False,ECMWF
2026-03-31T12:00:00Z,Augsburg_Solar,4.9,4.4,195.0,416.0,63.0,98.0,1017.3,False,GFS
2026-03-31T13:00:00Z,Karlsruhe_CCGT,1.9,6.7,250.0,0,94.0,87.0,1001.7,False,GFS
2026-03-31T13:00:00Z,Landshut_OCGT,7.5,2.4,181.0,0,49.0,62.0,1012.6,False,ACTUAL
2026-03-31T13:00:00Z,Nordsee_Wind,4.9,6.7,220.0,0,38.0,79.0,1008.5,False,ACTUAL
2026-03-31T13:00:00Z,Augsburg_Solar,3.3,7.5,134.0,388.0,38.0,97.0,1005.7,False,ECMWF
2026-03-31T14:00:00Z,Karlsruhe_CCGT,5.7,6.1,208.0,0,79.0,67.0,1021.8,True,ECMWF
2026-03-31T14:00:00Z,Landshut_OCGT,0.7,0.2,76.0,0,7.0,71.0,1019.9,True,GFS
2026-03-31T14:00:00Z,Nordsee_Wind,0.3,5.7,342.0,0,55.0,96.0,1026.5,True,ECMWF
2026-03-31T14:00:00Z,Augsburg_Solar,0.6,1.5,134.0,512.0,45.0,50.0,1011.7,False,ACTUAL
2026-03-31T15:00:00Z,Karlsruhe_CCGT,-3.4,7.5,125.0,0,97.0,99.0,1020.3,True,GFS
2026-03-31T15:00:00Z,Landshut_OCGT,5.1,2.1,323.0,0,86.0,48.0,1017.6,True,ACTUAL
2026-03-31T15:00:00Z,Nordsee_Wind,1.1,10.8,334.0,0,96.0,44.0,1032.1,True,ECMWF
2026-03-31T15:00:00Z,Augsburg_Solar,2.5,3.2,32.0,423.0,38.0,63.0,1012.8,False,ECMWF
2026-03-31T16:00:00Z,Karlsruhe_CCGT,-5.2,4.6,262.0,0,29.0,49.0,1016.1,False,ECMWF
2026-03-31T16:00:00Z,Landshut_OCGT,-1.5,7.2,169.0,0,100,48.0,1004.2,False,ACTUAL
2026-03-31T16:00:00Z,Nordsee_Wind,3.5,10.2,187.0,0,46.0,56.0,1016.4,True,ECMWF
2026-03-31T16:00:00Z,Augsburg_Solar,5.1,3.0,304.0,199.0,0,83.0,1009.3,False,ECMWF
2026-03-31T17:00:00Z,Karlsruhe_CCGT,-2.6,0.6,5.0,0,85.0,52.0,1005.2,True,ECMWF
2026-03-31T17:00:00Z,Landshut_OCGT,3.4,0.1,117.0,0,58.0,83.0,1012.2,True,GFS
2026-03-31T17:00:00Z,Nordsee_Wind,-0.9,3.7,332.0,0,62.0,93.0,1007.5,False,ECMWF
2026-03-31T17:00:00Z,Augsburg_Solar,-2.6,0,54.0,240.0,85.0,73.0,1008.0,True,ECMWF
2026-03-31T18:00:00Z,Karlsruhe_CCGT,1.7,2.4,58.0,0,26.0,51.0,1022.4,False,ECMWF
2026-03-31T18:00:00Z,Landshut_OCGT,-1.5,3.8,273.0,0,65.0,76.0,1024.0,False,GFS
2026-03-31T18:00:00Z,Nordsee_Wind,-2.4,8.4,36.0,0,60.0,51.0,1008.2,True,ACTUAL
2026-03-31T18:00:00Z,Augsburg_Solar,2.3,3.3,165.0,210.0,9.0,37.0,1013.3,False,ECMWF
2026-03-31T19:00:00Z,Karlsruhe_CCGT,-0.8,2.3,144.0,0,78.0,86.0,1029.5,False,ACTUAL
2026-03-31T19:00:00Z,Landshut_OCGT,-0.8,4.5,186.0,0,29.0,61.0,1017.0,True,ACTUAL
2026-03-31T19:00:00Z,Nordsee_Wind,2.9,9.0,248.0,0,55.0,57.0,1012.8,True,ECMWF
2026-03-31T19:00:00Z,Augsburg_Solar,1.2,5.3,309.0,62.0,2.0,72.0,997.9,True,ACTUAL
2026-03-31T20:00:00Z,Karlsruhe_CCGT,2.3,4.3,232.0,0,91.0,58.0,1014.9,False,ECMWF
2026-03-31T20:00:00Z,Landshut_OCGT,-2.7,3.3,281.0,0,63.0,71.0,1002.0,True,ECMWF
2026-03-31T20:00:00Z,Nordsee_Wind,-0.2,6.9,173.0,0,62.0,60.0,1028.1,False,GFS
2026-03-31T20:00:00Z,Augsburg_Solar,3.6,9.0,357.0,0.0,67.0,82.0,1011.4,False,ACTUAL
2026-03-31T21:00:00Z,Karlsruhe_CCGT,2.1,5.3,61.0,0,65.0,77.0,1007.7,False,GFS
2026-03-31T21:00:00Z,Landshut_OCGT,4.4,6.3,293.0,0,20.0,67.0,1008.3,False,ECMWF
2026-03-31T21:00:00Z,Nordsee_Wind,6.6,10.1,135.0,0,47.0,32.0,1014.1,False,ACTUAL
2026-03-31T21:00:00Z,Augsburg_Solar,3.5,3.4,263.0,0,50.0,65.0,1015.0,True,GFS
2026-03-31T22:00:00Z,Karlsruhe_CCGT,1.2,4.0,55.0,0,66.0,72.0,1025.1,True,ACTUAL
2026-03-31T22:00:00Z,Landshut_OCGT,1.4,3.0,347.0,0,29.0,67.0,1014.2,True,ECMWF
2026-03-31T22:00:00Z,Nordsee_Wind,5.9,7.7,169.0,0,100.0,72.0,1020.9,True,ECMWF
2026-03-31T22:00:00Z,Augsburg_Solar,8.1,2.4,277.0,0,66.0,78.0,1005.8,True,GFS
2026-03-31T23:00:00Z,Karlsruhe_CCGT,3.8,8.2,245.0,0,22.0,72.0,1013.7,False,ECMWF
2026-03-31T23:00:00Z,Landshut_OCGT,12.1,4.6,356.0,0,35.0,65.0,1024.7,False,GFS
2026-03-31T23:00:00Z,Nordsee_Wind,12.3,6.2,143.0,0,40.0,56.0,1006.9,False,GFS
2026-03-31T23:00:00Z,Augsburg_Solar,-0.1,1.9,148.0,0,40.0,65.0,1005.1,False,GFS
2026-04-01T00:00:00Z,Karlsruhe_CCGT,6.6,6.9,122.0,0,31.0,72.0,1010.8,True,ACTUAL
2026-04-01T00:00:00Z,Landshut_OCGT,3.8,2.6,164.0,0,94.0,56.0,1007.6,True,GFS
2026-04-01T00:00:00Z,Nordsee_Wind,7.9,8.4,182.0,0,87.0,56.0,1004.7,False,ACTUAL
2026-04-01T00:00:00Z,Augsburg_Solar,4.2,0,187.0,0,62.0,56.0,1017.5,False,GFS
2026-04-01T01:00:00Z,Karlsruhe_CCGT,5.3,2.0,217.0,0,94.0,74.0,1022.3,True,GFS
2026-04-01T01:00:00Z,Landshut_OCGT,11.6,0.1,119.0,0,46.0,69.0,998.4,True,ECMWF
2026-04-01T01:00:00Z,Nordsee_Wind,8.4,8.6,232.0,0,95.0,46.0,1012.7,False,ECMWF
2026-04-01T01:00:00Z,Augsburg_Solar,4.5,8.8,230.0,0,63.0,64.0,1019.2,False,GFS
2026-04-01T02:00:00Z,Karlsruhe_CCGT,10.5,7.3,110.0,0,78.0,60.0,1019.9,False,ECMWF
2026-04-01T02:00:00Z,Landshut_OCGT,11.2,0.9,285.0,0,67.0,83.0,1016.4,False,ECMWF
2026-04-01T02:00:00Z,Nordsee_Wind,8.9,8.9,302.0,0,81.0,69.0,1012.8,False,ACTUAL
2026-04-01T02:00:00Z,Augsburg_Solar,9.4,3.5,153.0,0,51.0,41.0,1003.9,True,GFS
2026-04-01T03:00:00Z,Karlsruhe_CCGT,15.6,0,202.0,0,52.0,52.0,1012.2,False,GFS
2026-04-01T03:00:00Z,Landshut_OCGT,8.0,4.0,10.0,0,58.0,65.0,1001.2,True,ECMWF
2026-04-01T03:00:00Z,Nordsee_Wind,8.5,0.9,214.0,0,31.0,67.0,999.1,False,GFS
2026-04-01T03:00:00Z,Augsburg_Solar,8.2,6.5,265.0,0,48.0,66.0,995.2,True,ECMWF
2026-04-01T04:00:00Z,Karlsruhe_CCGT,14.2,3.3,308.0,0,43.0,43.0,1029.3,True,ACTUAL
2026-04-01T04:00:00Z,Landshut_OCGT,15.3,2.4,216.0,0,18.0,65.0,1020.2,False,GFS
2026-04-01T04:00:00Z,Nordsee_Wind,9.7,4.5,186.0,0,65.0,61.0,1007.4,True,ECMWF
2026-04-01T04:00:00Z,Augsburg_Solar,10.4,0,33.0,0,13.0,68.0,1004.6,True,GFS
2026-04-01T05:00:00Z,Karlsruhe_CCGT,9.1,6.2,248.0,0,49.0,67.0,1006.1,False,GFS
2026-04-01T05:00:00Z,Landshut_OCGT,9.3,4.8,116.0,0,19.0,59.0,1008.9,False,ECMWF
2026-04-01T05:00:00Z,Nordsee_Wind,15.9,5.7,256.0,0,52.0,67.0,1017.5,True,ECMWF
2026-04-01T05:00:00Z,Augsburg_Solar,13.2,6.9,17.0,0,56.0,65.0,1024.7,False,ACTUAL
2026-04-01T06:00:00Z,Karlsruhe_CCGT,11.3,6.3,256.0,0,81.0,64.0,1008.0,True,ACTUAL
2026-04-01T06:00:00Z,Landshut_OCGT,9.9,5.2,122.0,0,35.0,66.0,1016.1,False,ECMWF
2026-04-01T06:00:00Z,Nordsee_Wind,6.6,9.9,206.0,0,20.0,59.0,1012.2,False,ACTUAL
2026-04-01T06:00:00Z,Augsburg_Solar,13.3,0.4,234.0,0,60.0,79.0,1011.1,False,ACTUAL
2026-04-01T07:00:00Z,Karlsruhe_CCGT,14.4,2.8,161.0,0,40.0,56.0,1010.7,True,ECMWF
2026-04-01T07:00:00Z,Landshut_OCGT,13.0,5.1,61.0,0,26.0,72.0,1013.1,True,GFS
2026-04-01T07:00:00Z,Nordsee_Wind,13.3,9.0,126.0,0,28.0,65.0,1018.5,True,ECMWF
2026-04-01T07:00:00Z,Augsburg_Solar,13.4,3.2,301.0,93.0,60.0,65.0,1018.1,True,ACTUAL
2026-04-01T08:00:00Z,Karlsruhe_CCGT,13.2,1.1,359.0,0,44.0,76.0,1012.1,True,GFS
2026-04-01T08:00:00Z,Landshut_OCGT,9.5,1.9,160.0,0,54.0,58.0,1010.8,True,ECMWF
2026-04-01T08:00:00Z,Nordsee_Wind,10.3,10.5,263.0,0,35.0,86.0,1016.8,True,GFS
2026-04-01T08:00:00Z,Augsburg_Solar,8.8,1.8,224.0,230.0,86.0,32.0,996.2,False,GFS
2026-04-01T09:00:00Z,Karlsruhe_CCGT,11.3,5.5,142.0,0,97.0,67.0,1018.7,True,GFS
2026-04-01T09:00:00Z,Landshut_OCGT,11.4,2.6,146.0,0,65.0,94.0,1013.4,False,ECMWF
2026-04-01T09:00:00Z,Nordsee_Wind,13.7,7.2,337.0,0,66.0,79.0,1018.8,False,GFS
2026-04-01T09:00:00Z,Augsburg_Solar,8.2,2.8,100.0,177.0,72.0,66.0,1023.1,True,GFS
2026-04-01T10:00:00Z,Karlsruhe_CCGT,11.6,2.1,339.0,0,39.0,74.0,998.7,False,ECMWF
2026-04-01T10:00:00Z,Landshut_OCGT,9.5,4.4,186.0,0,30.0,51.0,1025.3,False,ACTUAL
2026-04-01T10:00:00Z,Nordsee_Wind,11.4,6.0,152.0,0,71.0,59.0,1004.9,True,ACTUAL
2026-04-01T10:00:00Z,Augsburg_Solar,14.3,3.5,171.0,450.0,35.0,45.0,1001.7,True,ACTUAL
2026-04-01T11:00:00Z,Karlsruhe_CCGT,9.5,2.9,147.0,0,17.0,77.0,1012.2,False,ECMWF
2026-04-01T11:00:00Z,Landshut_OCGT,6.1,1.8,139.0,0,46.0,63.0,993.9,True,GFS
2026-04-01T11:00:00Z,Nordsee_Wind,9.1,8.3,123.0,0,61.0,55.0,996.0,False,GFS
2026-04-01T11:00:00Z,Augsburg_Solar,12.3,1.4,55.0,417.0,54.0,56.0,999.5,True,ECMWF
2026-04-01T12:00:00Z,Karlsruhe_CCGT,7.0,7.0,291.0,0,62.0,53.0,1015.0,False,GFS
2026-04-01T12:00:00Z,Landshut_OCGT,2.4,0,253.0,0,100,71.0,1018.2,True,ECMWF
2026-04-01T12:00:00Z,Nordsee_Wind,5.1,8.5,70.0,0,76.0,69.0,1005.4,True,ACTUAL
2026-04-01T12:00:00Z,Augsburg_Solar,7.1,2.4,179.0,494.0,28.0,57.0,1013.5,False,ACTUAL
2026-04-01T13:00:00Z,Karlsruhe_CCGT,1.2,4.5,145.0,0,78.0,84.0,1021.5,False,GFS
2026-04-01T13:00:00Z,Landshut_OCGT,-4.6,1.4,266.0,0,64.0,34.0,1017.8,True,ACTUAL
2026-04-01T13:00:00Z,Nordsee_Wind,3.3,11.6,338.0,0,53.0,86.0,1008.3,False,ECMWF
2026-04-01T13:00:00Z,Augsburg_Solar,6.9,5.0,53.0,484.0,31.0,79.0,1014.4,True,ECMWF
2026-04-01T14:00:00Z,Karlsruhe_CCGT,8.3,3.1,198.0,0,65.0,25.0,1016.6,True,ECMWF
2026-04-01T14:00:00Z,Landshut_OCGT,-1.0,5.5,80.0,0,95.0,89.0,1007.8,False,ACTUAL
2026-04-01T14:00:00Z,Nordsee_Wind,4.3,3.6,204.0,0,49.0,87.0,1020.8,False,GFS
2026-04-01T14:00:00Z,Augsburg_Solar,3.8,0.7,257.0,354.0,41.0,68.0,1017.0,False,ECMWF
2026-04-01T15:00:00Z,Karlsruhe_CCGT,1.6,4.8,25.0,0,74.0,54.0,1023.4,True,ECMWF
2026-04-01T15:00:00Z,Landshut_OCGT,2.4,2.0,351.0,0,58.0,71.0,1025.2,True,ACTUAL
2026-04-01T15:00:00Z,Nordsee_Wind,-0.0,5.0,187.0,0,58.0,70.0,1016.8,True,GFS
2026-04-01T15:00:00Z,Augsburg_Solar,2.1,2.2,269.0,268.0,59.0,40.0,1030.2,False,ACTUAL
2026-04-01T16:00:00Z,Karlsruhe_CCGT,2.3,4.2,104.0,0,5.0,40.0,1014.7,False,ACTUAL
2026-04-01T16:00:00Z,Landshut_OCGT,3.6,4.2,76.0,0,62.0,51.0,1024.0,False,GFS
2026-04-01T16:00:00Z,Nordsee_Wind,9.2,3.5,145.0,0,37.0,44.0,1012.8,False,ECMWF
2026-04-01T16:00:00Z,Augsburg_Solar,1.8,0.4,184.0,457.0,89.0,63.0,1014.6,False,ACTUAL
2026-04-01T17:00:00Z,Karlsruhe_CCGT,2.5,0,333.0,0,34.0,68.0,1006.6,False,ECMWF
2026-04-01T17:00:00Z,Landshut_OCGT,-2.6,0,45.0,0,61.0,66.0,1014.1,True,ECMWF
2026-04-01T17:00:00Z,Nordsee_Wind,-0.9,12.3,49.0,0,91.0,68.0,1017.5,True,GFS
2026-04-01T17:00:00Z,Augsburg_Solar,-1.8,1.9,181.0,263.0,75.0,52.0,1016.9,True,ECMWF
2026-04-01T18:00:00Z,Karlsruhe_CCGT,-0.9,0,177.0,0,53.0,58.0,1009.3,False,ACTUAL
2026-04-01T18:00:00Z,Landshut_OCGT,-1.9,1.9,55.0,0,66.0,86.0,1025.9,True,ECMWF
2026-04-01T18:00:00Z,Nordsee_Wind,2.6,8.6,231.0,0,57.0,65.0,998.0,False,ECMWF
2026-04-01T18:00:00Z,Augsburg_Solar,2.2,4.3,13.0,111.0,34.0,50.0,1016.6,False,ACTUAL
2026-04-01T19:00:00Z,Karlsruhe_CCGT,-1.3,3.9,101.0,0,52.0,79.0,1007.2,False,GFS
2026-04-01T19:00:00Z,Landshut_OCGT,-3.6,2.7,144.0,0,58.0,62.0,1022.4,False,GFS
2026-04-01T19:00:00Z,Nordsee_Wind,6.6,4.3,283.0,0,30.0,58.0,1009.4,False,ACTUAL
2026-04-01T19:00:00Z,Augsburg_Solar,0.3,4.7,297.0,115.0,62.0,90.0,1019.4,False,ACTUAL
2026-04-01T20:00:00Z,Karlsruhe_CCGT,2.9,4.1,116.0,0,24.0,77.0,1004.1,True,ECMWF
2026-04-01T20:00:00Z,Landshut_OCGT,-2.8,6.4,312.0,0,81.0,77.0,1012.1,True,ACTUAL
2026-04-01T20:00:00Z,Nordsee_Wind,8.1,12.8,100.0,0,58.0,61.0,1003.2,True,GFS
2026-04-01T20:00:00Z,Augsburg_Solar,2.6,4.9,91.0,0.0,28.0,75.0,995.4,False,ACTUAL
2026-04-01T21:00:00Z,Karlsruhe_CCGT,3.9,0.7,302.0,0,9.0,92.0,1008.0,True,ACTUAL
2026-04-01T21:00:00Z,Landshut_OCGT,4.0,5.6,179.0,0,37.0,67.0,1009.7,True,ACTUAL
2026-04-01T21:00:00Z,Nordsee_Wind,1.5,5.4,252.0,0,75.0,66.0,1011.5,True,ACTUAL
2026-04-01T21:00:00Z,Augsburg_Solar,-1.3,7.3,242.0,0,63.0,53.0,1016.9,True,ACTUAL
2026-04-01T22:00:00Z,Karlsruhe_CCGT,5.0,6.2,332.0,0,91.0,87.0,1021.1,False,GFS
2026-04-01T22:00:00Z,Landshut_OCGT,5.2,3.6,10.0,0,29.0,57.0,1023.9,False,ECMWF
2026-04-01T22:00:00Z,Nordsee_Wind,6.8,6.7,41.0,0,36.0,43.0,1009.7,False,ECMWF
2026-04-01T22:00:00Z,Augsburg_Solar,-0.4,5.0,185.0,0,42.0,63.0,1004.1,True,GFS
2026-04-01T23:00:00Z,Karlsruhe_CCGT,3.4,0,125.0,0,38.0,67.0,1003.0,False,GFS
2026-04-01T23:00:00Z,Landshut_OCGT,10.1,0,21.0,0,79.0,56.0,1012.5,True,ECMWF
2026-04-01T23:00:00Z,Nordsee_Wind,4.2,9.3,17.0,0,58.0,85.0,1019.6,False,GFS
2026-04-01T23:00:00Z,Augsburg_Solar,3.1,9.7,165.0,0,28.0,61.0,1015.8,False,GFS
2026-04-02T00:00:00Z,Karlsruhe_CCGT,7.0,0,194.0,0,16.0,45.0,1011.2,True,ECMWF
2026-04-02T00:00:00Z,Landshut_OCGT,6.9,1.5,349.0,0,35.0,68.0,992.8,True,ACTUAL
2026-04-02T00:00:00Z,Nordsee_Wind,-0.7,7.0,158.0,0,28.0,88.0,1028.5,False,ACTUAL
2026-04-02T00:00:00Z,Augsburg_Solar,2.6,4.2,180.0,0,56.0,67.0,1016.4,False,ACTUAL
2026-04-02T01:00:00Z,Karlsruhe_CCGT,5.0,3.6,63.0,0,41.0,68.0,1011.7,True,GFS
2026-04-02T01:00:00Z,Landshut_OCGT,4.0,8.3,165.0,0,39.0,70.0,1026.9,False,GFS
2026-04-02T01:00:00Z,Nordsee_Wind,3.9,7.2,301.0,0,32.0,93.0,1011.5,True,GFS
2026-04-02T01:00:00Z,Augsburg_Solar,5.3,0.5,317.0,0,53.0,58.0,1015.5,True,ECMWF
2026-04-02T02:00:00Z,Karlsruhe_CCGT,9.2,0,169.0,0,62.0,61.0,1010.8,True,ECMWF
2026-04-02T02:00:00Z,Landshut_OCGT,4.1,6.5,2.0,0,55.0,72.0,1028.0,False,ACTUAL
2026-04-02T02:00:00Z,Nordsee_Wind,13.8,7.5,127.0,0,70.0,65.0,1020.5,True,ECMWF
2026-04-02T02:00:00Z,Augsburg_Solar,7.4,2.2,139.0,0,71.0,74.0,1003.4,True,ECMWF
2026-04-02T03:00:00Z,Karlsruhe_CCGT,11.3,7.3,158.0,0,80.0,93.0,1021.3,False,ACTUAL
2026-04-02T03:00:00Z,Landshut_OCGT,5.9,6.3,93.0,0,15.0,82.0,1022.3,False,ECMWF
2026-04-02T03:00:00Z,Nordsee_Wind,16.3,9.0,352.0,0,84.0,64.0,1029.8,True,ACTUAL
2026-04-02T03:00:00Z,Augsburg_Solar,6.2,0.7,306.0,0,41.0,39.0,1010.9,True,ACTUAL
2026-04-02T04:00:00Z,Karlsruhe_CCGT,18.0,5.9,209.0,0,31.0,74.0,1014.1,False,GFS
2026-04-02T04:00:00Z,Landshut_OCGT,8.0,1.9,113.0,0,71.0,60.0,1025.1,False,GFS
2026-04-02T04:00:00Z,Nordsee_Wind,5.4,3.1,137.0,0,65.0,70.0,1005.3,False,GFS
2026-04-02T04:00:00Z,Augsburg_Solar,6.6,7.6,111.0,0,83.0,76.0,1008.1,False,ACTUAL
2026-04-02T05:00:00Z,Karlsruhe_CCGT,6.9,5.9,200.0,0,44.0,79.0,999.7,False,GFS
2026-04-02T05:00:00Z,Landshut_OCGT,19.5,3.8,8.0,0,55.0,66.0,1013.5,True,ACTUAL
2026-04-02T05:00:00Z,Nordsee_Wind,15.1,1.8,51.0,0,96.0,39.0,1005.9,True,GFS
2026-04-02T05:00:00Z,Augsburg_Solar,11.6,1.2,187.0,0,22.0,56.0,1018.7,True,ACTUAL
2026-04-02T06:00:00Z,Karlsruhe_CCGT,11.1,7.6,242.0,0,39.0,73.0,1020.5,False,ACTUAL
2026-04-02T06:00:00Z,Landshut_OCGT,12.7,4.7,332.0,0,65.0,49.0,1015.5,True,GFS
2026-04-02T06:00:00Z,Nordsee_Wind,6.0,10.1,356.0,0,61.0,85.0,1006.5,False,GFS
2026-04-02T06:00:00Z,Augsburg_Solar,10.2,1.1,196.0,0,25.0,66.0,1005.4,False,GFS
2026-04-02T07:00:00Z,Karlsruhe_CCGT,6.9,2.4,241.0,0,67.0,73.0,1030.1,False,ACTUAL
2026-04-02T07:00:00Z,Landshut_OCGT,12.0,0.6,194.0,0,86.0,69.0,1004.5,True,ACTUAL
2026-04-02T07:00:00Z,Nordsee_Wind,8.4,9.0,220.0,0,64.0,68.0,1016.7,True,ACTUAL
2026-04-02T07:00:00Z,Augsburg_Solar,6.8,7.9,313.0,84.0,25.0,54.0,1016.6,False,ECMWF
2026-04-02T08:00:00Z,Karlsruhe_CCGT,7.2,0,37.0,0,62.0,74.0,1012.1,False,ECMWF
2026-04-02T08:00:00Z,Landshut_OCGT,10.1,4.0,175.0,0,50.0,45.0,1013.6,False,ECMWF
2026-04-02T08:00:00Z,Nordsee_Wind,11.4,5.2,166.0,0,80.0,94.0,1003.3,False,ECMWF
2026-04-02T08:00:00Z,Augsburg_Solar,7.9,1.6,217.0,105.0,78.0,90.0,1016.9,False,ECMWF
2026-04-02T09:00:00Z,Karlsruhe_CCGT,12.3,0.1,106.0,0,57.0,70.0,1022.9,False,GFS
2026-04-02T09:00:00Z,Landshut_OCGT,12.1,0,24.0,0,36.0,64.0,1014.4,False,ECMWF
2026-04-02T09:00:00Z,Nordsee_Wind,9.5,9.0,344.0,0,45.0,67.0,1029.4,False,ECMWF
2026-04-02T09:00:00Z,Augsburg_Solar,4.3,2.6,251.0,117.0,16.0,62.0,1027.1,False,ACTUAL
2026-04-02T10:00:00Z,Karlsruhe_CCGT,9.3,3.4,14.0,0,88.0,64.0,1011.5,False,ACTUAL
2026-04-02T10:00:00Z,Landshut_OCGT,4.3,3.6,86.0,0,69.0,75.0,1015.4,False,GFS
2026-04-02T10:00:00Z,Nordsee_Wind,2.7,4.9,174.0,0,74.0,71.0,1013.4,True,ECMWF
2026-04-02T10:00:00Z,Augsburg_Solar,9.4,4.7,132.0,411.0,62.0,54.0,1018.5,True,ECMWF
2026-04-02T11:00:00Z,Karlsruhe_CCGT,7.2,1.0,339.0,0,70.0,73.0,1015.6,False,GFS
2026-04-02T11:00:00Z,Landshut_OCGT,7.9,0.5,293.0,0,59.0,55.0,1015.6,True,ACTUAL
2026-04-02T11:00:00Z,Nordsee_Wind,10.5,8.1,180.0,0,54.0,42.0,1005.0,False,ACTUAL
2026-04-02T11:00:00Z,Augsburg_Solar,12.3,1.5,103.0,494.0,68.0,83.0,1012.4,True,GFS
2026-04-02T12:00:00Z,Karlsruhe_CCGT,9.2,6.3,241.0,0,52.0,60.0,994.6,True,ECMWF
2026-04-02T12:00:00Z,Landshut_OCGT,7.7,0,111.0,0,63.0,62.0,1010.1,False,ACTUAL
2026-04-02T12:00:00Z,Nordsee_Wind,7.9,13.3,146.0,0,71.0,75.0,1014.9,False,ACTUAL
2026-04-02T12:00:00Z,Augsburg_Solar,5.8,1.1,179.0,431.0,74.0,80.0,1025.3,False,ACTUAL
2026-04-02T13:00:00Z,Karlsruhe_CCGT,5.0,5.9,2.0,0,78.0,68.0,1003.8,False,ECMWF
2026-04-02T13:00:00Z,Landshut_OCGT,2.7,4.1,88.0,0,24.0,41.0,1013.9,False,GFS
2026-04-02T13:00:00Z,Nordsee_Wind,2.9,9.7,244.0,0,16.0,87.0,1011.2,True,ECMWF
2026-04-02T13:00:00Z,Augsburg_Solar,-1.9,2.4,75.0,360.0,53.0,25.0,1020.0,True,ECMWF
2026-04-02T14:00:00Z,Karlsruhe_CCGT,2.9,6.8,86.0,0,77.0,79.0,1024.1,False,ECMWF
2026-04-02T14:00:00Z,Landshut_OCGT,3.6,4.4,145.0,0,86.0,64.0,1014.5,True,ECMWF
2026-04-02T14:00:00Z,Nordsee_Wind,4.1,13.0,149.0,0,76.0,84.0,1018.3,False,ECMWF
2026-04-02T14:00:00Z,Augsburg_Solar,1.3,0,215.0,437.0,3.0,70.0,1009.1,True,ACTUAL
2026-04-02T15:00:00Z,Karlsruhe_CCGT,2.0,0.5,316.0,0,7.0,42.0,1017.0,False,GFS
2026-04-02T15:00:00Z,Landshut_OCGT,-1.8,5.6,68.0,0,47.0,75.0,1010.4,False,ECMWF
2026-04-02T15:00:00Z,Nordsee_Wind,1.3,3.6,301.0,0,1.0,68.0,1007.3,True,ECMWF
2026-04-02T15:00:00Z,Augsburg_Solar,8.3,5.0,297.0,280.0,42.0,65.0,999.6,False,ECMWF
2026-04-02T16:00:00Z,Karlsruhe_CCGT,-6.2,8.2,76.0,0,44.0,76.0,1016.4,False,GFS
2026-04-02T16:00:00Z,Landshut_OCGT,3.1,1.2,196.0,0,44.0,69.0,1026.1,False,ECMWF
2026-04-02T16:00:00Z,Nordsee_Wind,-0.0,3.1,281.0,0,90.0,81.0,1026.5,False,ECMWF
2026-04-02T16:00:00Z,Augsburg_Solar,-1.7,1.0,93.0,432.0,38.0,68.0,1014.6,True,GFS
2026-04-02T17:00:00Z,Karlsruhe_CCGT,-2.6,1.4,314.0,0,54.0,56.0,1017.0,True,GFS
2026-04-02T17:00:00Z,Landshut_OCGT,-0.6,7.2,225.0,0,69.0,74.0,1006.3,False,ACTUAL
2026-04-02T17:00:00Z,Nordsee_Wind,1.3,7.9,42.0,0,66.0,72.0,1011.5,True,ACTUAL
2026-04-02T17:00:00Z,Augsburg_Solar,5.5,3.4,75.0,299.0,83.0,52.0,1009.2,False,GFS
2026-04-02T18:00:00Z,Karlsruhe_CCGT,-1.5,1.5,274.0,0,10.0,74.0,1022.8,True,ACTUAL
2026-04-02T18:00:00Z,Landshut_OCGT,-1.8,0,267.0,0,26.0,91.0,1030.4,True,GFS
2026-04-02T18:00:00Z,Nordsee_Wind,-3.5,10.1,343.0,0,14.0,29.0,1011.0,True,ACTUAL
2026-04-02T18:00:00Z,Augsburg_Solar,-1.1,5.7,191.0,112.0,85.0,31.0,1016.4,False,GFS
2026-04-02T19:00:00Z,Karlsruhe_CCGT,6.8,0,270.0,0,56.0,92.0,1012.5,True,ECMWF
2026-04-02T19:00:00Z,Landshut_OCGT,-1.6,2.0,122.0,0,84.0,66.0,1015.2,False,ACTUAL
2026-04-02T19:00:00Z,Nordsee_Wind,-3.9,5.5,165.0,0,56.0,48.0,1019.4,False,ECMWF
2026-04-02T19:00:00Z,Augsburg_Solar,-2.6,0,57.0,74.0,72.0,74.0,1017.6,True,GFS
2026-04-02T20:00:00Z,Karlsruhe_CCGT,1.2,4.1,268.0,0,28.0,68.0,1016.5,True,ECMWF
2026-04-02T20:00:00Z,Landshut_OCGT,0.6,0,276.0,0,48.0,34.0,1006.7,False,GFS
2026-04-02T20:00:00Z,Nordsee_Wind,5.0,6.6,58.0,0,45.0,64.0,1018.0,False,ECMWF
2026-04-02T20:00:00Z,Augsburg_Solar,-1.2,0,139.0,0.0,38.0,58.0,1012.9,True,GFS
2026-04-02T21:00:00Z,Karlsruhe_CCGT,2.3,2.1,107.0,0,59.0,68.0,1009.1,False,ACTUAL
2026-04-02T21:00:00Z,Landshut_OCGT,-1.8,1.6,335.0,0,43.0,85.0,1013.0,True,GFS
2026-04-02T21:00:00Z,Nordsee_Wind,2.5,6.2,228.0,0,61.0,73.0,1021.0,False,GFS
2026-04-02T21:00:00Z,Augsburg_Solar,2.8,4.2,222.0,0,41.0,77.0,1018.5,True,ACTUAL
2026-04-02T22:00:00Z,Karlsruhe_CCGT,0.8,7.4,248.0,0,61.0,55.0,1000.3,False,ACTUAL
2026-04-02T22:00:00Z,Landshut_OCGT,3.9,6.6,59.0,0,41.0,85.0,1022.9,False,ACTUAL
2026-04-02T22:00:00Z,Nordsee_Wind,4.2,7.4,7.0,0,73.0,72.0,1008.7,True,ECMWF
2026-04-02T22:00:00Z,Augsburg_Solar,7.3,2.3,159.0,0,29.0,73.0,1018.7,False,GFS
2026-04-02T23:00:00Z,Karlsruhe_CCGT,7.2,0.9,77.0,0,76.0,75.0,1022.7,True,ECMWF
2026-04-02T23:00:00Z,Landshut_OCGT,6.7,0,289.0,0,27.0,71.0,1003.5,True,ACTUAL
2026-04-02T23:00:00Z,Nordsee_Wind,9.0,13.7,6.0,0,24.0,91.0,1011.1,True,ACTUAL
2026-04-02T23:00:00Z,Augsburg_Solar,5.0,0.9,196.0,0,77.0,62.0,1007.6,False,ECMWF
2026-04-03T00:00:00Z,Karlsruhe_CCGT,6.0,8.7,131.0,0,22.0,76.0,1023.5,True,GFS
2026-04-03T00:00:00Z,Landshut_OCGT,7.5,3.7,235.0,0,31.0,70.0,1022.2,True,GFS
2026-04-03T00:00:00Z,Nordsee_Wind,7.8,8.3,233.0,0,56.0,63.0,1014.1,True,ACTUAL
2026-04-03T00:00:00Z,Augsburg_Solar,6.2,8.0,210.0,0,65.0,63.0,1011.8,True,GFS
2026-04-03T01:00:00Z,Karlsruhe_CCGT,4.5,2.7,68.0,0,89.0,87.0,1007.3,False,ECMWF
2026-04-03T01:00:00Z,Landshut_OCGT,5.7,0.0,272.0,0,82.0,73.0,998.4,True,GFS
2026-04-03T01:00:00Z,Nordsee_Wind,7.0,7.9,49.0,0,76.0,84.0,1001.8,False,GFS
2026-04-03T01:00:00Z,Augsburg_Solar,7.0,8.8,320.0,0,76.0,69.0,1033.3,False,ECMWF
2026-04-03T02:00:00Z,Karlsruhe_CCGT,17.9,0.5,317.0,0,34.0,45.0,1001.1,False,ACTUAL
2026-04-03T02:00:00Z,Landshut_OCGT,6.4,2.3,201.0,0,39.0,38.0,1012.4,True,GFS
2026-04-03T02:00:00Z,Nordsee_Wind,8.1,6.8,284.0,0,24.0,72.0,1020.9,True,ACTUAL
2026-04-03T02:00:00Z,Augsburg_Solar,11.7,3.7,276.0,0,16.0,49.0,1004.5,True,ACTUAL
2026-04-03T03:00:00Z,Karlsruhe_CCGT,12.5,6.0,97.0,0,54.0,40.0,1014.4,False,GFS
2026-04-03T03:00:00Z,Landshut_OCGT,9.8,1.1,16.0,0,26.0,69.0,1018.7,True,ECMWF
2026-04-03T03:00:00Z,Nordsee_Wind,5.1,5.7,178.0,0,52.0,77.0,1003.6,False,GFS
2026-04-03T03:00:00Z,Augsburg_Solar,13.1,0.6,147.0,0,79.0,58.0,1015.1,True,ACTUAL
2026-04-03T04:00:00Z,Karlsruhe_CCGT,13.5,3.2,275.0,0,41.0,58.0,1000.6,True,ACTUAL
2026-04-03T04:00:00Z,Landshut_OCGT,8.8,0,9.0,0,43.0,73.0,1012.8,False,ECMWF
2026-04-03T04:00:00Z,Nordsee_Wind,11.5,3.4,136.0,0,36.0,89.0,1017.6,True,GFS
2026-04-03T04:00:00Z,Augsburg_Solar,9.5,6.1,173.0,0,93.0,56.0,1024.0,False,ACTUAL
2026-04-03T05:00:00Z,Karlsruhe_CCGT,9.6,0,136.0,0,59.0,91.0,1016.4,False,GFS
2026-04-03T05:00:00Z,Landshut_OCGT,11.6,4.4,137.0,0,23.0,54.0,1018.4,False,ECMWF
2026-04-03T05:00:00Z,Nordsee_Wind,8.6,11.2,91.0,0,43.0,54.0,1006.2,False,ACTUAL
2026-04-03T05:00:00Z,Augsburg_Solar,14.5,0,283.0,0,31.0,53.0,1001.2,True,ACTUAL
2026-04-03T06:00:00Z,Karlsruhe_CCGT,11.0,0,327.0,0,47.0,80.0,1004.0,True,ACTUAL
2026-04-03T06:00:00Z,Landshut_OCGT,11.1,4.5,288.0,0,98.0,60.0,1019.8,False,GFS
2026-04-03T06:00:00Z,Nordsee_Wind,6.9,9.8,276.0,0,100,63.0,1007.4,True,ACTUAL
2026-04-03T06:00:00Z,Augsburg_Solar,7.9,1.8,13.0,0,58.0,80.0,1008.4,False,ACTUAL
2026-04-03T07:00:00Z,Karlsruhe_CCGT,13.3,8.0,79.0,0,52.0,81.0,1014.9,False,GFS
2026-04-03T07:00:00Z,Landshut_OCGT,13.1,5.4,323.0,0,37.0,58.0,1014.7,True,GFS
2026-04-03T07:00:00Z,Nordsee_Wind,8.6,3.4,212.0,0,67.0,79.0,999.2,False,ACTUAL
2026-04-03T07:00:00Z,Augsburg_Solar,8.7,0,224.0,82.0,9.0,43.0,1022.9,True,ECMWF
2026-04-03T08:00:00Z,Karlsruhe_CCGT,12.7,7.5,334.0,0,43.0,59.0,1020.1,False,ACTUAL
2026-04-03T08:00:00Z,Landshut_OCGT,12.4,1.2,322.0,0,32.0,60.0,1019.3,True,GFS
2026-04-03T08:00:00Z,Nordsee_Wind,10.4,6.7,353.0,0,89.0,70.0,1021.7,True,ECMWF
2026-04-03T08:00:00Z,Augsburg_Solar,11.4,1.6,58.0,236.0,70.0,44.0,1019.3,False,GFS
2026-04-03T09:00:00Z,Karlsruhe_CCGT,-1.0,1.7,356.0,0,74.0,83.0,1009.8,True,ECMWF
2026-04-03T09:00:00Z,Landshut_OCGT,6.3,7.1,226.0,0,31.0,36.0,1012.6,True,GFS
2026-04-03T09:00:00Z,Nordsee_Wind,11.0,2.6,173.0,0,46.0,50.0,1020.5,False,GFS
2026-04-03T09:00:00Z,Augsburg_Solar,18.3,7.1,187.0,302.0,4.0,89.0,1020.8,True,ECMWF
2026-04-03T10:00:00Z,Karlsruhe_CCGT,10.9,6.2,39.0,0,7.0,68.0,1003.1,True,ECMWF
2026-04-03T10:00:00Z,Landshut_OCGT,2.6,6.0,80.0,0,56.0,79.0,1005.5,False,ACTUAL
2026-04-03T10:00:00Z,Nordsee_Wind,6.1,5.1,163.0,0,99.0,36.0,1020.6,False,GFS
2026-04-03T10:00:00Z,Augsburg_Solar,9.7,2.8,283.0,286.0,57.0,56.0,1020.2,True,GFS
2026-04-03T11:00:00Z,Karlsruhe_CCGT,12.5,8.0,279.0,0,80.0,64.0,1010.2,False,GFS
2026-04-03T11:00:00Z,Landshut_OCGT,8.5,8.6,353.0,0,61.0,72.0,1005.7,False,GFS
2026-04-03T11:00:00Z,Nordsee_Wind,7.9,14.5,260.0,0,24.0,68.0,1004.3,False,ACTUAL
2026-04-03T11:00:00Z,Augsburg_Solar,0.8,0,204.0,210.0,54.0,37.0,1019.7,False,ACTUAL
2026-04-03T12:00:00Z,Karlsruhe_CCGT,9.2,7.4,199.0,0,49.0,59.0,1016.8,False,GFS
2026-04-03T12:00:00Z,Landshut_OCGT,9.4,0,86.0,0,66.0,70.0,1010.7,True,ACTUAL
2026-04-03T12:00:00Z,Nordsee_Wind,5.8,11.7,215.0,0,69.0,81.0,1021.9,False,ACTUAL
2026-04-03T12:00:00Z,Augsburg_Solar,4.1,5.3,198.0,461.0,47.0,51.0,1014.0,False,GFS
2026-04-03T13:00:00Z,Karlsruhe_CCGT,8.5,6.6,34.0,0,71.0,58.0,1024.7,True,ACTUAL
2026-04-03T13:00:00Z,Landshut_OCGT,1.5,6.5,173.0,0,77.0,48.0,1007.2,False,GFS
2026-04-03T13:00:00Z,Nordsee_Wind,2.8,11.3,225.0,0,89.0,61.0,1001.5,False,ECMWF
2026-04-03T13:00:00Z,Augsburg_Solar,9.6,0,300.0,534.0,10.0,65.0,1021.2,True,GFS
2026-04-03T14:00:00Z,Karlsruhe_CCGT,1.8,2.1,107.0,0,66.0,55.0,1009.4,True,GFS
2026-04-03T14:00:00Z,Landshut_OCGT,0.6,6.8,37.0,0,25.0,74.0,1007.9,True,ACTUAL
2026-04-03T14:00:00Z,Nordsee_Wind,3.1,10.5,149.0,0,47.0,77.0,1012.4,True,GFS
2026-04-03T14:00:00Z,Augsburg_Solar,0.1,9.1,329.0,349.0,90.0,47.0,1010.7,False,GFS
2026-04-03T15:00:00Z,Karlsruhe_CCGT,5.9,3.9,125.0,0,33.0,55.0,1017.0,False,ACTUAL
2026-04-03T15:00:00Z,Landshut_OCGT,4.9,4.1,229.0,0,38.0,62.0,992.8,True,ACTUAL
2026-04-03T15:00:00Z,Nordsee_Wind,5.1,12.2,15.0,0,59.0,59.0,1021.4,True,GFS
2026-04-03T15:00:00Z,Augsburg_Solar,7.0,0,124.0,166.0,50.0,65.0,1007.2,True,ACTUAL
2026-04-03T16:00:00Z,Karlsruhe_CCGT,8.9,3.0,62.0,0,2.0,60.0,1020.1,False,ACTUAL
2026-04-03T16:00:00Z,Landshut_OCGT,5.7,0.5,54.0,0,54.0,87.0,1011.2,False,ECMWF
2026-04-03T16:00:00Z,Nordsee_Wind,-4.8,8.5,171.0,0,82.0,31.0,1012.8,False,ACTUAL
2026-04-03T16:00:00Z,Augsburg_Solar,-1.3,0,77.0,446.0,40.0,68.0,1007.3,True,ECMWF
2026-04-03T17:00:00Z,Karlsruhe_CCGT,2.7,2.4,329.0,0,55.0,66.0,1025.5,True,ACTUAL
2026-04-03T17:00:00Z,Landshut_OCGT,1.8,4.9,231.0,0,56.0,58.0,1011.4,False,ECMWF
2026-04-03T17:00:00Z,Nordsee_Wind,11.5,7.0,88.0,0,46.0,87.0,1019.7,False,GFS
2026-04-03T17:00:00Z,Augsburg_Solar,-1.4,1.5,257.0,207.0,34.0,71.0,1016.2,True,GFS
2026-04-03T18:00:00Z,Karlsruhe_CCGT,1.3,2.9,219.0,0,32.0,71.0,1018.4,True,GFS
2026-04-03T18:00:00Z,Landshut_OCGT,1.9,2.5,192.0,0,56.0,47.0,1030.3,False,ACTUAL
2026-04-03T18:00:00Z,Nordsee_Wind,-0.5,5.4,16.0,0,71.0,72.0,1010.7,True,ECMWF
2026-04-03T18:00:00Z,Augsburg_Solar,1.1,0.6,200.0,234.0,43.0,72.0,1023.5,True,ACTUAL
2026-04-03T19:00:00Z,Karlsruhe_CCGT,1.6,5.0,151.0,0,30.0,60.0,1007.3,True,GFS
2026-04-03T19:00:00Z,Landshut_OCGT,1.5,4.2,96.0,0,48.0,61.0,1000.0,True,ACTUAL
2026-04-03T19:00:00Z,Nordsee_Wind,-1.3,6.3,101.0,0,78.0,88.0,1010.2,True,ECMWF
2026-04-03T19:00:00Z,Augsburg_Solar,4.2,0.9,243.0,131.0,45.0,54.0,1004.5,True,ECMWF
2026-04-03T20:00:00Z,Karlsruhe_CCGT,5.3,2.8,180.0,0,65.0,56.0,1005.8,False,ECMWF
2026-04-03T20:00:00Z,Landshut_OCGT,-0.0,0.6,184.0,0,47.0,58.0,994.8,False,ECMWF
2026-04-03T20:00:00Z,Nordsee_Wind,2.7,3.6,300.0,0,64.0,64.0,1000.7,True,ACTUAL
2026-04-03T20:00:00Z,Augsburg_Solar,4.9,2.1,313.0,0.0,59.0,61.0,1015.8,True,ACTUAL
2026-04-03T21:00:00Z,Karlsruhe_CCGT,1.6,7.3,156.0,0,30.0,56.0,1008.6,True,ACTUAL
2026-04-03T21:00:00Z,Landshut_OCGT,1.7,2.8,52.0,0,50.0,73.0,1020.2,False,GFS
2026-04-03T21:00:00Z,Nordsee_Wind,4.9,6.8,356.0,0,45.0,65.0,1016.9,True,ACTUAL
2026-04-03T21:00:00Z,Augsburg_Solar,4.8,4.9,28.0,0,66.0,82.0,1029.0,False,ECMWF
2026-04-03T22:00:00Z,Karlsruhe_CCGT,4.6,6.8,140.0,0,24.0,69.0,1006.1,False,ECMWF
2026-04-03T22:00:00Z,Landshut_OCGT,2.9,7.8,7.0,0,57.0,59.0,1024.9,True,ECMWF
2026-04-03T22:00:00Z,Nordsee_Wind,7.5,5.1,95.0,0,31.0,91.0,1032.8,True,ACTUAL
2026-04-03T22:00:00Z,Augsburg_Solar,5.3,2.5,35.0,0,65.0,82.0,1015.5,False,ACTUAL
2026-04-03T23:00:00Z,Karlsruhe_CCGT,4.6,0,124.0,0,70.0,66.0,1013.3,True,ACTUAL
2026-04-03T23:00:00Z,Landshut_OCGT,7.0,5.8,47.0,0,61.0,40.0,1004.3,False,ECMWF
2026-04-03T23:00:00Z,Nordsee_Wind,6.7,9.8,320.0,0,58.0,83.0,1010.5,False,ACTUAL
2026-04-03T23:00:00Z,Augsburg_Solar,5.9,2.4,335.0,0,80.0,51.0,1011.6,False,GFS
2026-04-04T00:00:00Z,Karlsruhe_CCGT,8.1,0.4,78.0,0,13.0,55.0,1020.6,False,ACTUAL
2026-04-04T00:00:00Z,Landshut_OCGT,7.0,3.0,360.0,0,59.0,64.0,1010.5,False,ACTUAL
2026-04-04T00:00:00Z,Nordsee_Wind,3.5,8.2,41.0,0,29.0,100,1018.7,False,ACTUAL
2026-04-04T00:00:00Z,Augsburg_Solar,8.6,0.6,346.0,0,25.0,73.0,1022.6,True,GFS
2026-04-04T01:00:00Z,Karlsruhe_CCGT,5.3,3.8,123.0,0,100,91.0,1009.4,True,ACTUAL
2026-04-04T01:00:00Z,Landshut_OCGT,9.3,0,64.0,0,34.0,68.0,1018.6,True,ECMWF
2026-04-04T01:00:00Z,Nordsee_Wind,7.1,5.5,298.0,0,30.0,40.0,1006.3,True,ECMWF
2026-04-04T01:00:00Z,Augsburg_Solar,9.6,3.3,245.0,0,67.0,70.0,1030.7,False,GFS
2026-04-04T02:00:00Z,Karlsruhe_CCGT,9.4,8.6,269.0,0,74.0,43.0,1009.2,True,ACTUAL
2026-04-04T02:00:00Z,Landshut_OCGT,13.6,3.9,342.0,0,61.0,70.0,1018.6,True,ACTUAL
2026-04-04T02:00:00Z,Nordsee_Wind,5.1,5.2,277.0,0,28.0,57.0,1016.0,False,ACTUAL
2026-04-04T02:00:00Z,Augsburg_Solar,11.6,4.2,215.0,0,47.0,46.0,1014.4,True,ECMWF
2026-04-04T03:00:00Z,Karlsruhe_CCGT,9.4,2.3,151.0,0,25.0,31.0,1013.3,False,ECMWF
2026-04-04T03:00:00Z,Landshut_OCGT,7.2,7.6,31.0,0,34.0,31.0,1030.2,False,ACTUAL
2026-04-04T03:00:00Z,Nordsee_Wind,5.9,14.3,124.0,0,43.0,77.0,1016.4,True,ACTUAL
2026-04-04T03:00:00Z,Augsburg_Solar,13.1,1.7,311.0,0,29.0,61.0,1014.0,True,ECMWF
2026-04-04T04:00:00Z,Karlsruhe_CCGT,7.8,1.5,199.0,0,13.0,70.0,1012.0,True,GFS
2026-04-04T04:00:00Z,Landshut_OCGT,7.0,1.3,142.0,0,74.0,55.0,1020.1,True,ECMWF
2026-04-04T04:00:00Z,Nordsee_Wind,13.3,12.1,326.0,0,62.0,34.0,1017.2,True,GFS
2026-04-04T04:00:00Z,Augsburg_Solar,16.0,4.1,227.0,0,57.0,47.0,1012.7,False,ECMWF
2026-04-04T05:00:00Z,Karlsruhe_CCGT,8.6,2.5,228.0,0,100,62.0,997.2,False,ECMWF
2026-04-04T05:00:00Z,Landshut_OCGT,10.8,6.2,83.0,0,44.0,72.0,1012.4,True,ECMWF
2026-04-04T05:00:00Z,Nordsee_Wind,11.0,8.6,156.0,0,62.0,55.0,1024.3,False,ECMWF
2026-04-04T05:00:00Z,Augsburg_Solar,7.8,4.2,172.0,0,35.0,38.0,1014.4,True,ECMWF
2026-04-04T06:00:00Z,Karlsruhe_CCGT,13.5,0,72.0,0,34.0,42.0,1022.7,True,GFS
2026-04-04T06:00:00Z,Landshut_OCGT,8.0,6.0,270.0,0,52.0,60.0,1002.4,False,ECMWF
2026-04-04T06:00:00Z,Nordsee_Wind,13.6,7.7,41.0,0,53.0,80.0,1021.8,True,ACTUAL
2026-04-04T06:00:00Z,Augsburg_Solar,12.1,0.4,358.0,0,12.0,55.0,1018.9,True,GFS
2026-04-04T07:00:00Z,Karlsruhe_CCGT,11.9,5.5,147.0,0,37.0,61.0,1008.9,False,GFS
2026-04-04T07:00:00Z,Landshut_OCGT,10.4,3.4,300.0,0,83.0,78.0,997.8,False,ACTUAL
2026-04-04T07:00:00Z,Nordsee_Wind,17.5,6.0,82.0,0,49.0,57.0,1001.0,False,ACTUAL
2026-04-04T07:00:00Z,Augsburg_Solar,9.5,5.3,100.0,108.0,97.0,85.0,1007.3,False,ACTUAL
2026-04-04T08:00:00Z,Karlsruhe_CCGT,15.5,1.7,321.0,0,28.0,65.0,1016.9,True,GFS
2026-04-04T08:00:00Z,Landshut_OCGT,10.0,4.8,62.0,0,58.0,43.0,1012.9,True,GFS
2026-04-04T08:00:00Z,Nordsee_Wind,9.3,7.1,333.0,0,83.0,81.0,1011.4,False,ACTUAL
2026-04-04T08:00:00Z,Augsburg_Solar,7.7,0,67.0,251.0,52.0,46.0,1013.6,False,GFS
2026-04-04T09:00:00Z,Karlsruhe_CCGT,15.2,0.2,300.0,0,47.0,69.0,1013.1,False,GFS
2026-04-04T09:00:00Z,Landshut_OCGT,13.6,2.6,35.0,0,55.0,76.0,1008.0,False,GFS
2026-04-04T09:00:00Z,Nordsee_Wind,9.6,11.1,294.0,0,13.0,69.0,1014.3,False,ACTUAL
2026-04-04T09:00:00Z,Augsburg_Solar,11.1,2.3,159.0,342.0,83.0,66.0,1024.9,False,GFS
2026-04-04T10:00:00Z,Karlsruhe_CCGT,4.9,4.9,352.0,0,13.0,66.0,1028.4,False,ACTUAL
2026-04-04T10:00:00Z,Landshut_OCGT,4.9,0.8,343.0,0,19.0,60.0,1026.0,True,ECMWF
2026-04-04T10:00:00Z,Nordsee_Wind,10.8,9.3,198.0,0,77.0,82.0,1014.1,False,ACTUAL
2026-04-04T10:00:00Z,Augsburg_Solar,5.8,0.0,150.0,149.0,86.0,93.0,1017.6,True,ACTUAL
2026-04-04T11:00:00Z,Karlsruhe_CCGT,3.4,5.1,21.0,0,54.0,57.0,1015.5,True,GFS
2026-04-04T11:00:00Z,Landshut_OCGT,8.2,4.6,293.0,0,33.0,74.0,1022.5,False,GFS
2026-04-04T11:00:00Z,Nordsee_Wind,12.7,10.1,44.0,0,39.0,77.0,1023.5,False,GFS
2026-04-04T11:00:00Z,Augsburg_Solar,9.0,3.4,174.0,440.0,42.0,88.0,1010.6,True,ACTUAL
2026-04-04T12:00:00Z,Karlsruhe_CCGT,3.7,0,75.0,0,93.0,47.0,1026.7,False,GFS
2026-04-04T12:00:00Z,Landshut_OCGT,6.6,1.6,43.0,0,41.0,62.0,1015.4,False,ACTUAL
2026-04-04T12:00:00Z,Nordsee_Wind,8.7,9.4,11.0,0,100,99.0,1006.1,False,ACTUAL
2026-04-04T12:00:00Z,Augsburg_Solar,6.7,0,328.0,565.0,85.0,69.0,1008.1,True,ACTUAL
2026-04-04T13:00:00Z,Karlsruhe_CCGT,7.3,2.7,215.0,0,75.0,67.0,1015.4,False,ECMWF
2026-04-04T13:00:00Z,Landshut_OCGT,6.3,0,81.0,0,7.0,77.0,1030.8,True,GFS
2026-04-04T13:00:00Z,Nordsee_Wind,11.3,4.0,145.0,0,69.0,65.0,1008.1,False,GFS
2026-04-04T13:00:00Z,Augsburg_Solar,1.6,1.6,255.0,450.0,26.0,60.0,1012.8,False,ACTUAL
2026-04-04T14:00:00Z,Karlsruhe_CCGT,4.0,0.8,355.0,0,48.0,75.0,1004.9,True,ACTUAL
2026-04-04T14:00:00Z,Landshut_OCGT,8.9,0,157.0,0,21.0,37.0,1025.1,False,GFS
2026-04-04T14:00:00Z,Nordsee_Wind,2.6,3.9,211.0,0,62.0,79.0,1013.1,True,ECMWF
2026-04-04T14:00:00Z,Augsburg_Solar,5.4,1.9,357.0,516.0,65.0,83.0,1016.0,False,ACTUAL
2026-04-04T15:00:00Z,Karlsruhe_CCGT,4.8,10.9,354.0,0,37.0,68.0,1023.5,True,GFS
2026-04-04T15:00:00Z,Landshut_OCGT,4.6,0,313.0,0,58.0,63.0,1011.2,True,ACTUAL
2026-04-04T15:00:00Z,Nordsee_Wind,4.4,11.1,276.0,0,12.0,90.0,1010.5,True,GFS
2026-04-04T15:00:00Z,Augsburg_Solar,2.1,6.6,281.0,165.0,30.0,55.0,1007.0,True,ECMWF
2026-04-04T16:00:00Z,Karlsruhe_CCGT,-0.8,1.6,166.0,0,58.0,95.0,1022.9,True,GFS
2026-04-04T16:00:00Z,Landshut_OCGT,-2.1,0,338.0,0,22.0,89.0,1018.8,True,ECMWF
2026-04-04T16:00:00Z,Nordsee_Wind,0.9,6.6,191.0,0,57.0,81.0,1015.3,True,GFS
2026-04-04T16:00:00Z,Augsburg_Solar,0.5,1.5,140.0,220.0,48.0,69.0,1017.9,True,ECMWF
2026-04-04T17:00:00Z,Karlsruhe_CCGT,4.4,2.4,276.0,0,28.0,98.0,1016.1,False,ECMWF
2026-04-04T17:00:00Z,Landshut_OCGT,-1.0,2.1,177.0,0,65.0,59.0,1014.7,True,ACTUAL
2026-04-04T17:00:00Z,Nordsee_Wind,0.1,1.3,9.0,0,0,69.0,1013.1,True,ACTUAL
2026-04-04T17:00:00Z,Augsburg_Solar,-3.2,3.9,173.0,339.0,24.0,89.0,1022.8,False,ECMWF
2026-04-04T18:00:00Z,Karlsruhe_CCGT,-0.2,0,330.0,0,52.0,68.0,1005.5,True,ACTUAL
2026-04-04T18:00:00Z,Landshut_OCGT,4.3,3.1,22.0,0,39.0,66.0,1007.6,False,ECMWF
2026-04-04T18:00:00Z,Nordsee_Wind,-0.7,8.0,83.0,0,66.0,85.0,1026.9,False,GFS
2026-04-04T18:00:00Z,Augsburg_Solar,-2.2,2.9,63.0,121.0,49.0,52.0,1028.9,True,ECMWF
2026-04-04T19:00:00Z,Karlsruhe_CCGT,-1.5,5.9,309.0,0,79.0,68.0,1011.1,False,ECMWF
2026-04-04T19:00:00Z,Landshut_OCGT,2.7,5.2,253.0,0,47.0,50.0,1002.4,False,GFS
2026-04-04T19:00:00Z,Nordsee_Wind,5.3,7.8,193.0,0,62.0,77.0,1001.8,True,ECMWF
2026-04-04T19:00:00Z,Augsburg_Solar,-0.0,2.5,197.0,42.0,46.0,80.0,1013.1,True,ACTUAL
2026-04-04T20:00:00Z,Karlsruhe_CCGT,4.3,8.7,130.0,0,63.0,23.0,1022.7,True,GFS
2026-04-04T20:00:00Z,Landshut_OCGT,-5.2,2.9,296.0,0,29.0,67.0,1018.8,False,ACTUAL
2026-04-04T20:00:00Z,Nordsee_Wind,2.8,5.9,249.0,0,100,56.0,1004.7,False,ACTUAL
2026-04-04T20:00:00Z,Augsburg_Solar,1.9,4.1,93.0,0.0,43.0,51.0,1016.5,True,ACTUAL
2026-04-04T21:00:00Z,Karlsruhe_CCGT,3.5,2.0,168.0,0,61.0,55.0,1018.6,False,GFS
2026-04-04T21:00:00Z,Landshut_OCGT,5.8,1.8,276.0,0,31.0,66.0,1021.1,True,ECMWF
2026-04-04T21:00:00Z,Nordsee_Wind,1.3,6.2,128.0,0,75.0,57.0,1017.4,True,ECMWF
2026-04-04T21:00:00Z,Augsburg_Solar,3.0,0,108.0,0,43.0,58.0,1017.0,True,ECMWF
2026-04-04T22:00:00Z,Karlsruhe_CCGT,3.7,4.6,337.0,0,75.0,89.0,1013.6,True,ACTUAL
2026-04-04T22:00:00Z,Landshut_OCGT,3.1,1.4,217.0,0,50.0,75.0,1008.9,False,ACTUAL
2026-04-04T22:00:00Z,Nordsee_Wind,6.0,10.8,68.0,0,81.0,72.0,1025.5,True,GFS
2026-04-04T22:00:00Z,Augsburg_Solar,2.0,5.2,235.0,0,51.0,96.0,1005.8,False,ECMWF
2026-04-04T23:00:00Z,Karlsruhe_CCGT,3.9,3.2,131.0,0,81.0,83.0,1013.6,False,ACTUAL
2026-04-04T23:00:00Z,Landshut_OCGT,6.5,5.5,26.0,0,68.0,64.0,1020.0,False,GFS
2026-04-04T23:00:00Z,Nordsee_Wind,2.1,4.1,10.0,0,44.0,79.0,1003.1,True,GFS
2026-04-04T23:00:00Z,Augsburg_Solar,3.4,0,167.0,0,67.0,36.0,1009.2,True,GFS
