timestamp_utc,from_zone,to_zone,atc_mw,ntc_mw,scheduled_flow_mw,congestion_rent_eur_mwh,redispatch_volume_mw,curtailment_mw
2026-01-05T00:00:00Z,DE-LU,AT,1838.0,2571.0,-38.0,0,0,0
2026-01-05T00:00:00Z,DE-LU,FR,975.0,1949.0,68.0,0,0,0
2026-01-05T00:00:00Z,DE-LU,NL,1850.0,3473.0,-1072.0,0,0,0
2026-01-05T00:00:00Z,DE-LU,PL,1002.0,1517.0,-682.0,0,0,0
2026-01-05T00:00:00Z,DE-LU,CZ,999.0,1574.0,-822.0,0,0,0
2026-01-05T00:00:00Z,DE-LU,DK1,1228.0,3469.0,515.0,7.75,0,0
2026-01-05T01:00:00Z,DE-LU,AT,920.0,1578.0,1041.0,0,0,0
2026-01-05T01:00:00Z,DE-LU,FR,1446.0,2084.0,-116.0,0,0,0
2026-01-05T01:00:00Z,DE-LU,NL,2874.0,3896.0,1014.0,0,0,0
2026-01-05T01:00:00Z,DE-LU,PL,2087.0,4039.0,151.0,0,0,0
2026-01-05T01:00:00Z,DE-LU,CZ,1559.0,4273.0,2069.0,0,0,0
2026-01-05T01:00:00Z,DE-LU,DK1,3428.0,3635.0,-1068.0,0,0,0
2026-01-05T02:00:00Z,DE-LU,AT,2756.0,3203.0,1938.0,0,0,0
2026-01-05T02:00:00Z,DE-LU,FR,1998.0,3264.0,145.0,0,0,0
2026-01-05T02:00:00Z,DE-LU,NL,459.0,1396.0,55.0,1.94,2.0,0
2026-01-05T02:00:00Z,DE-LU,PL,566.0,890.0,-99.0,0,0,0
2026-01-05T02:00:00Z,DE-LU,CZ,3505.0,4132.0,-1429.0,0,0,0
2026-01-05T02:00:00Z,DE-LU,DK1,2115.0,2308.0,1047.0,0,0,0
2026-01-05T03:00:00Z,DE-LU,AT,1250.0,2828.0,1423.0,0,0,0
2026-01-05T03:00:00Z,DE-LU,FR,499.0,1312.0,899.0,8.7,115.0,0
2026-01-05T03:00:00Z,DE-LU,NL,637.0,1021.0,-625.0,0,0,0
2026-01-05T03:00:00Z,DE-LU,PL,1012.0,1822.0,-716.0,0,0,0
2026-01-05T03:00:00Z,DE-LU,CZ,3638.0,4202.0,-390.0,0,0,0
2026-01-05T03:00:00Z,DE-LU,DK1,1933.0,2123.0,-319.0,0,0,0
2026-01-05T04:00:00Z,DE-LU,AT,875.0,1250.0,5.0,0,0,0
2026-01-05T04:00:00Z,DE-LU,FR,1626.0,1847.0,-1246.0,0,0,0
2026-01-05T04:00:00Z,DE-LU,NL,1122.0,2344.0,-247.0,0,0,0
2026-01-05T04:00:00Z,DE-LU,PL,1036.0,1196.0,-621.0,0,0,0
2026-01-05T04:00:00Z,DE-LU,CZ,519.0,1130.0,-649.0,0,0,0
2026-01-05T04:00:00Z,DE-LU,DK1,3543.0,3893.0,-2906.0,0,0,0
2026-01-05T05:00:00Z,DE-LU,AT,2380.0,2682.0,-1293.0,0,0,0
2026-01-05T05:00:00Z,DE-LU,FR,2517.0,4197.0,1944.0,0,0,0
2026-01-05T05:00:00Z,DE-LU,NL,858.0,1552.0,-65.0,0,0,0
2026-01-05T05:00:00Z,DE-LU,PL,1050.0,1795.0,-141.0,0,0,0
2026-01-05T05:00:00Z,DE-LU,CZ,2079.0,3736.0,1079.0,0,0,0
2026-01-05T05:00:00Z,DE-LU,DK1,1101.0,2289.0,-80.0,0,0,0
2026-01-05T06:00:00Z,DE-LU,AT,3068.0,4486.0,-3485.0,0,0,0
2026-01-05T06:00:00Z,DE-LU,FR,1279.0,2045.0,464.0,0,0,0
2026-01-05T06:00:00Z,DE-LU,NL,1478.0,1957.0,582.0,0,0,0
2026-01-05T06:00:00Z,DE-LU,PL,1041.0,2412.0,-1718.0,0,0,0
2026-01-05T06:00:00Z,DE-LU,CZ,575.0,886.0,524.0,0,0,0
2026-01-05T06:00:00Z,DE-LU,DK1,730.0,1357.0,965.0,0,0,0
2026-01-05T07:00:00Z,DE-LU,AT,921.0,1673.0,-128.0,0,0,0
2026-01-05T07:00:00Z,DE-LU,FR,3190.0,3449.0,-2328.0,0,0,0
2026-01-05T07:00:00Z,DE-LU,NL,1244.0,2241.0,1018.0,0,0,0
2026-01-05T07:00:00Z,DE-LU,PL,1606.0,2486.0,942.0,0,0,0
2026-01-05T07:00:00Z,DE-LU,CZ,1723.0,2537.0,-440.0,0,0,0
2026-01-05T07:00:00Z,DE-LU,DK1,314.0,967.0,767.0,0,0,0
2026-01-05T08:00:00Z,DE-LU,AT,1378.0,2882.0,1250.0,0,0,0
2026-01-05T08:00:00Z,DE-LU,FR,2075.0,2986.0,768.0,0,0,0
2026-01-05T08:00:00Z,DE-LU,NL,954.0,1640.0,-867.0,0,0,0
2026-01-05T08:00:00Z,DE-LU,PL,1465.0,3814.0,-2893.0,1.58,33.0,0
2026-01-05T08:00:00Z,DE-LU,CZ,1737.0,2363.0,501.0,0,0,0
2026-01-05T08:00:00Z,DE-LU,DK1,795.0,856.0,623.0,0,0,45.0
2026-01-05T09:00:00Z,DE-LU,AT,3207.0,4261.0,-1404.0,0,0,0
2026-01-05T09:00:00Z,DE-LU,FR,1540.0,3474.0,1575.0,0,0,0
2026-01-05T09:00:00Z,DE-LU,NL,1980.0,4248.0,1766.0,0,0,0
2026-01-05T09:00:00Z,DE-LU,PL,606.0,1466.0,-178.0,0,0,0
2026-01-05T09:00:00Z,DE-LU,CZ,3609.0,3804.0,-338.0,0,0,0
2026-01-05T09:00:00Z,DE-LU,DK1,526.0,1752.0,97.0,0,0,0
2026-01-05T10:00:00Z,DE-LU,AT,376.0,856.0,-584.0,0,0,0
2026-01-05T10:00:00Z,DE-LU,FR,819.0,873.0,-196.0,0,0,0
2026-01-05T10:00:00Z,DE-LU,NL,1900.0,3632.0,-907.0,0,0,0
2026-01-05T10:00:00Z,DE-LU,PL,951.0,2874.0,-1198.0,0,0,0
2026-01-05T10:00:00Z,DE-LU,CZ,1777.0,3196.0,1779.0,0,0,0
2026-01-05T10:00:00Z,DE-LU,DK1,863.0,1523.0,-64.0,0,0,0
2026-01-05T11:00:00Z,DE-LU,AT,1063.0,3217.0,-2088.0,0,0,0
2026-01-05T11:00:00Z,DE-LU,FR,1009.0,1735.0,1031.0,0,0,0
2026-01-05T11:00:00Z,DE-LU,NL,1670.0,3915.0,443.0,0,0,0
2026-01-05T11:00:00Z,DE-LU,PL,1603.0,3220.0,-1340.0,0,0,0
2026-01-05T11:00:00Z,DE-LU,CZ,1394.0,3796.0,-448.0,0,0,0
2026-01-05T11:00:00Z,DE-LU,DK1,1228.0,1372.0,934.0,0,0,0
2026-01-05T12:00:00Z,DE-LU,AT,1543.0,2248.0,214.0,0,0,0
2026-01-05T12:00:00Z,DE-LU,FR,836.0,1257.0,791.0,0,0,0
2026-01-05T12:00:00Z,DE-LU,NL,1658.0,1897.0,1106.0,0,0,0
2026-01-05T12:00:00Z,DE-LU,PL,3952.0,4335.0,2621.0,0,0,0
2026-01-05T12:00:00Z,DE-LU,CZ,885.0,1232.0,157.0,0,0,0
2026-01-05T12:00:00Z,DE-LU,DK1,2698.0,2844.0,-915.0,0,0,0
2026-01-05T13:00:00Z,DE-LU,AT,422.0,812.0,-196.0,0,0,0
2026-01-05T13:00:00Z,DE-LU,FR,302.0,1002.0,-751.0,0,0,0
2026-01-05T13:00:00Z,DE-LU,NL,2746.0,3057.0,-507.0,0,0,0
2026-01-05T13:00:00Z,DE-LU,PL,931.0,1130.0,318.0,0,0,0
2026-01-05T13:00:00Z,DE-LU,CZ,3049.0,3400.0,-2543.0,0,0,0
2026-01-05T13:00:00Z,DE-LU,DK1,907.0,2563.0,1445.0,0,0,0
2026-01-05T14:00:00Z,DE-LU,AT,2142.0,3419.0,-1228.0,0,0,0
2026-01-05T14:00:00Z,DE-LU,FR,722.0,2079.0,-897.0,0,0,0
2026-01-05T14:00:00Z,DE-LU,NL,1259.0,1945.0,-125.0,0,0,0
2026-01-05T14:00:00Z,DE-LU,PL,1281.0,1691.0,-1054.0,0,0,0
2026-01-05T14:00:00Z,DE-LU,CZ,400.0,1180.0,-327.0,0,0,0
2026-01-05T14:00:00Z,DE-LU,DK1,1200.0,2898.0,1239.0,0,0,0
2026-01-05T15:00:00Z,DE-LU,AT,2596.0,2999.0,1919.0,0,0,0
2026-01-05T15:00:00Z,DE-LU,FR,1935.0,2527.0,-1658.0,0,0,0
2026-01-05T15:00:00Z,DE-LU,NL,2894.0,3392.0,-1295.0,0,0,20.0
2026-01-05T15:00:00Z,DE-LU,PL,1846.0,2378.0,-1872.0,0,0,29.0
2026-01-05T15:00:00Z,DE-LU,CZ,368.0,1091.0,-25.0,0,0,0
2026-01-05T15:00:00Z,DE-LU,DK1,2195.0,3628.0,2004.0,0,0,0
2026-01-05T16:00:00Z,DE-LU,AT,2213.0,3454.0,-1102.0,0,0,0
2026-01-05T16:00:00Z,DE-LU,FR,402.0,846.0,650.0,0,0,0
2026-01-05T16:00:00Z,DE-LU,NL,2553.0,3306.0,1585.0,0,0,0
2026-01-05T16:00:00Z,DE-LU,PL,3005.0,3439.0,2465.0,0,0,0
2026-01-05T16:00:00Z,DE-LU,CZ,1713.0,2046.0,453.0,0,0,0
2026-01-05T16:00:00Z,DE-LU,DK1,1990.0,2596.0,-2.0,0,0,0
2026-01-05T17:00:00Z,DE-LU,AT,1616.0,1842.0,723.0,0,0,0
2026-01-05T17:00:00Z,DE-LU,FR,1571.0,4212.0,-1977.0,0,0,0
2026-01-05T17:00:00Z,DE-LU,NL,2645.0,2947.0,86.0,0,0,0
2026-01-05T17:00:00Z,DE-LU,PL,2080.0,4197.0,-464.0,0,0,0
2026-01-05T17:00:00Z,DE-LU,CZ,990.0,3132.0,1728.0,6.69,54.0,0
2026-01-05T17:00:00Z,DE-LU,DK1,788.0,944.0,-590.0,0,0,0
2026-01-05T18:00:00Z,DE-LU,AT,1617.0,3475.0,-1762.0,0,0,0
2026-01-05T18:00:00Z,DE-LU,FR,1489.0,1720.0,-396.0,0,0,0
2026-01-05T18:00:00Z,DE-LU,NL,1429.0,1506.0,892.0,0,0,0
2026-01-05T18:00:00Z,DE-LU,PL,1342.0,1600.0,-338.0,0,0,0
2026-01-05T18:00:00Z,DE-LU,CZ,1707.0,1833.0,93.0,0,0,0
2026-01-05T18:00:00Z,DE-LU,DK1,639.0,1420.0,-961.0,0,0,0
2026-01-05T19:00:00Z,DE-LU,AT,1066.0,3148.0,-1882.0,1.57,39.0,0
2026-01-05T19:00:00Z,DE-LU,FR,2167.0,2494.0,1079.0,0,0,0
2026-01-05T19:00:00Z,DE-LU,NL,1236.0,1921.0,557.0,0,0,0
2026-01-05T19:00:00Z,DE-LU,PL,1790.0,3128.0,1344.0,0,0,0
2026-01-05T19:00:00Z,DE-LU,CZ,2774.0,3500.0,408.0,0,0,0
2026-01-05T19:00:00Z,DE-LU,DK1,448.0,1088.0,-751.0,0,0,0
2026-01-05T20:00:00Z,DE-LU,AT,1862.0,3986.0,-360.0,0,0,0
2026-01-05T20:00:00Z,DE-LU,FR,1038.0,1272.0,-62.0,0,0,0
2026-01-05T20:00:00Z,DE-LU,NL,722.0,2104.0,647.0,1.29,0,0
2026-01-05T20:00:00Z,DE-LU,PL,349.0,1123.0,430.0,1.05,13.0,0
2026-01-05T20:00:00Z,DE-LU,CZ,906.0,1170.0,-576.0,0,0,0
2026-01-05T20:00:00Z,DE-LU,DK1,1449.0,1711.0,-1225.0,0,0,0
2026-01-05T21:00:00Z,DE-LU,AT,2419.0,2688.0,1377.0,0,0,0
2026-01-05T21:00:00Z,DE-LU,FR,2186.0,3328.0,2294.0,0,0,0
2026-01-05T21:00:00Z,DE-LU,NL,3845.0,4428.0,-1734.0,0,0,0
2026-01-05T21:00:00Z,DE-LU,PL,2290.0,2852.0,44.0,0,0,0
2026-01-05T21:00:00Z,DE-LU,CZ,2141.0,3466.0,-101.0,0,0,0
2026-01-05T21:00:00Z,DE-LU,DK1,1358.0,2813.0,-410.0,0,0,0
2026-01-05T22:00:00Z,DE-LU,AT,663.0,991.0,454.0,0,0,0
2026-01-05T22:00:00Z,DE-LU,FR,2317.0,2909.0,-1565.0,0,0,0
2026-01-05T22:00:00Z,DE-LU,NL,1935.0,3479.0,-2552.0,0,0,0
2026-01-05T22:00:00Z,DE-LU,PL,3346.0,4142.0,75.0,0,0,0
2026-01-05T22:00:00Z,DE-LU,CZ,837.0,2062.0,1617.0,0,0,0
2026-01-05T22:00:00Z,DE-LU,DK1,346.0,927.0,-454.0,4.79,0,0
2026-01-05T23:00:00Z,DE-LU,AT,1390.0,2460.0,597.0,0,0,0
2026-01-05T23:00:00Z,DE-LU,FR,888.0,1723.0,395.0,0,0,0
2026-01-05T23:00:00Z,DE-LU,NL,1500.0,3508.0,2673.0,0,0,0
2026-01-05T23:00:00Z,DE-LU,PL,2758.0,3384.0,208.0,0,0,0
2026-01-05T23:00:00Z,DE-LU,CZ,1994.0,3470.0,-2240.0,0,0,0
2026-01-05T23:00:00Z,DE-LU,DK1,1657.0,1818.0,1252.0,0,0,0
2026-01-06T00:00:00Z,DE-LU,AT,2092.0,3276.0,1391.0,0,0,0
2026-01-06T00:00:00Z,DE-LU,FR,3845.0,4218.0,-1178.0,0,0,0
2026-01-06T00:00:00Z,DE-LU,NL,904.0,1380.0,-819.0,0,0,0
2026-01-06T00:00:00Z,DE-LU,PL,1631.0,3108.0,-1271.0,0,0,0
2026-01-06T00:00:00Z,DE-LU,CZ,897.0,1431.0,320.0,0,0,0
2026-01-06T00:00:00Z,DE-LU,DK1,1504.0,2897.0,2033.0,0,0,0
2026-01-06T01:00:00Z,DE-LU,AT,1678.0,3923.0,-2392.0,0,0,0
2026-01-06T01:00:00Z,DE-LU,FR,2213.0,3081.0,2031.0,0,0,0
2026-01-06T01:00:00Z,DE-LU,NL,1550.0,4071.0,-1047.0,0,0,0
2026-01-06T01:00:00Z,DE-LU,PL,1681.0,2754.0,1510.0,0,0,0
2026-01-06T01:00:00Z,DE-LU,CZ,1676.0,4458.0,-760.0,0,0,0
2026-01-06T01:00:00Z,DE-LU,DK1,1364.0,4243.0,2292.0,5.7,0,0
2026-01-06T02:00:00Z,DE-LU,AT,643.0,1233.0,179.0,0,0,0
2026-01-06T02:00:00Z,DE-LU,FR,2709.0,3003.0,-1744.0,0,0,0
2026-01-06T02:00:00Z,DE-LU,NL,1421.0,2776.0,-1342.0,0,0,0
2026-01-06T02:00:00Z,DE-LU,PL,443.0,832.0,176.0,0,0,0
2026-01-06T02:00:00Z,DE-LU,CZ,1694.0,3288.0,-47.0,0,0,0
2026-01-06T02:00:00Z,DE-LU,DK1,1062.0,1378.0,-995.0,0,0,18.0
2026-01-06T03:00:00Z,DE-LU,AT,953.0,1658.0,-1289.0,0,0,0
2026-01-06T03:00:00Z,DE-LU,FR,1229.0,1449.0,801.0,0,0,0
2026-01-06T03:00:00Z,DE-LU,NL,1282.0,3089.0,-1155.0,0,0,0
2026-01-06T03:00:00Z,DE-LU,PL,1844.0,3210.0,1698.0,0,0,0
2026-01-06T03:00:00Z,DE-LU,CZ,779.0,964.0,-256.0,0,0,0
2026-01-06T03:00:00Z,DE-LU,DK1,1952.0,3748.0,709.0,0,0,0
2026-01-06T04:00:00Z,DE-LU,AT,891.0,2415.0,345.0,0.1,0,0
2026-01-06T04:00:00Z,DE-LU,FR,1064.0,1201.0,-234.0,0,0,0
2026-01-06T04:00:00Z,DE-LU,NL,777.0,901.0,339.0,0,0,0
2026-01-06T04:00:00Z,DE-LU,PL,2713.0,3947.0,2399.0,0,0,0
2026-01-06T04:00:00Z,DE-LU,CZ,480.0,1131.0,217.0,0,0,0
2026-01-06T04:00:00Z,DE-LU,DK1,2536.0,4234.0,1762.0,0,0,0
2026-01-06T05:00:00Z,DE-LU,AT,2969.0,3712.0,-2816.0,0,0,0
2026-01-06T05:00:00Z,DE-LU,FR,1011.0,2805.0,1728.0,0,0,0
2026-01-06T05:00:00Z,DE-LU,NL,1350.0,1529.0,-329.0,0,0,0
2026-01-06T05:00:00Z,DE-LU,PL,1348.0,1462.0,-762.0,0,0,0
2026-01-06T05:00:00Z,DE-LU,CZ,1228.0,1353.0,1010.0,0,0,0
2026-01-06T05:00:00Z,DE-LU,DK1,554.0,1172.0,-727.0,0,0,0
2026-01-06T06:00:00Z,DE-LU,AT,2040.0,4029.0,1359.0,0,0,0
2026-01-06T06:00:00Z,DE-LU,FR,2013.0,2505.0,1723.0,0,0,0
2026-01-06T06:00:00Z,DE-LU,NL,1561.0,4065.0,-3168.0,6.32,40.0,0
2026-01-06T06:00:00Z,DE-LU,PL,2030.0,3304.0,-2307.0,0,0,0
2026-01-06T06:00:00Z,DE-LU,CZ,1426.0,2258.0,444.0,0,0,0
2026-01-06T06:00:00Z,DE-LU,DK1,1099.0,2837.0,-240.0,1.24,0.0,0
2026-01-06T07:00:00Z,DE-LU,AT,1666.0,2834.0,2138.0,0,0,0
2026-01-06T07:00:00Z,DE-LU,FR,961.0,1662.0,-97.0,0,0,7.0
2026-01-06T07:00:00Z,DE-LU,NL,1576.0,2300.0,-52.0,0,0,0
2026-01-06T07:00:00Z,DE-LU,PL,874.0,1427.0,-333.0,0,0,0
2026-01-06T07:00:00Z,DE-LU,CZ,2140.0,2912.0,-2317.0,0,0,0
2026-01-06T07:00:00Z,DE-LU,DK1,1135.0,1544.0,-1157.0,0,0,17.0
2026-01-06T08:00:00Z,DE-LU,AT,2838.0,4362.0,2576.0,0,0,0
2026-01-06T08:00:00Z,DE-LU,FR,1210.0,3139.0,-1973.0,7.67,70.0,0
2026-01-06T08:00:00Z,DE-LU,NL,2136.0,2557.0,1807.0,0,0,0
2026-01-06T08:00:00Z,DE-LU,PL,2179.0,3161.0,-2480.0,0,0,0
2026-01-06T08:00:00Z,DE-LU,CZ,1271.0,2649.0,516.0,0,0,0
2026-01-06T08:00:00Z,DE-LU,DK1,1071.0,3035.0,416.0,0,0,0
2026-01-06T09:00:00Z,DE-LU,AT,1525.0,3521.0,1284.0,0,0,0
2026-01-06T09:00:00Z,DE-LU,FR,1009.0,1485.0,-684.0,0,0,0
2026-01-06T09:00:00Z,DE-LU,NL,2416.0,2918.0,721.0,0,0,0
2026-01-06T09:00:00Z,DE-LU,PL,1995.0,4222.0,-1442.0,0,0,0
2026-01-06T09:00:00Z,DE-LU,CZ,1658.0,3463.0,2296.0,0,0,0
2026-01-06T09:00:00Z,DE-LU,DK1,1390.0,3974.0,357.0,0,0,0
2026-01-06T10:00:00Z,DE-LU,AT,682.0,940.0,366.0,0,0,0
2026-01-06T10:00:00Z,DE-LU,FR,1058.0,1515.0,253.0,0,0,0
2026-01-06T10:00:00Z,DE-LU,NL,1198.0,3711.0,1673.0,0,0,0
2026-01-06T10:00:00Z,DE-LU,PL,2296.0,2818.0,1548.0,0,0,0
2026-01-06T10:00:00Z,DE-LU,CZ,1632.0,1818.0,298.0,0,0,0
2026-01-06T10:00:00Z,DE-LU,DK1,1388.0,4041.0,-380.0,1.77,0,0
2026-01-06T11:00:00Z,DE-LU,AT,2237.0,2952.0,-296.0,0,0,0
2026-01-06T11:00:00Z,DE-LU,FR,436.0,1063.0,-439.0,0,0,0
2026-01-06T11:00:00Z,DE-LU,NL,1444.0,4407.0,3054.0,0,0,0
2026-01-06T11:00:00Z,DE-LU,PL,1439.0,2982.0,-995.0,0,0,0
2026-01-06T11:00:00Z,DE-LU,CZ,1149.0,2380.0,419.0,0,0,0
2026-01-06T11:00:00Z,DE-LU,DK1,1991.0,3996.0,-2231.0,0,0,0
2026-01-06T12:00:00Z,DE-LU,AT,2153.0,4409.0,261.0,0,0,24.0
2026-01-06T12:00:00Z,DE-LU,FR,586.0,1034.0,-222.0,0,0,0
2026-01-06T12:00:00Z,DE-LU,NL,880.0,2118.0,-90.0,0,0,0
2026-01-06T12:00:00Z,DE-LU,PL,2553.0,3710.0,2120.0,0,0,0
2026-01-06T12:00:00Z,DE-LU,CZ,2636.0,4241.0,1893.0,0,0,0
2026-01-06T12:00:00Z,DE-LU,DK1,1004.0,1639.0,-1173.0,0,0,38.0
2026-01-06T13:00:00Z,DE-LU,AT,1798.0,3327.0,-1864.0,0,0,0
2026-01-06T13:00:00Z,DE-LU,FR,841.0,1690.0,-1250.0,0,0,0
2026-01-06T13:00:00Z,DE-LU,NL,2696.0,2909.0,1984.0,0,0,0
2026-01-06T13:00:00Z,DE-LU,PL,655.0,2047.0,-362.0,2.39,0,0
2026-01-06T13:00:00Z,DE-LU,CZ,747.0,1026.0,-80.0,0,0,0
2026-01-06T13:00:00Z,DE-LU,DK1,556.0,1370.0,942.0,0,0,0
2026-01-06T14:00:00Z,DE-LU,AT,1206.0,1646.0,-1097.0,0,0,0
2026-01-06T14:00:00Z,DE-LU,FR,2847.0,3492.0,1704.0,0,0,0
2026-01-06T14:00:00Z,DE-LU,NL,382.0,880.0,358.0,0,0,0
2026-01-06T14:00:00Z,DE-LU,PL,2039.0,3271.0,-908.0,0,0,0
2026-01-06T14:00:00Z,DE-LU,CZ,484.0,1091.0,-217.0,0,0,0
2026-01-06T14:00:00Z,DE-LU,DK1,547.0,1297.0,883.0,0,0,0
2026-01-06T15:00:00Z,DE-LU,AT,816.0,1183.0,-85.0,0,0,0
2026-01-06T15:00:00Z,DE-LU,FR,1827.0,2657.0,-965.0,0,0,0
2026-01-06T15:00:00Z,DE-LU,NL,314.0,826.0,-5.0,2.51,68.0,0
2026-01-06T15:00:00Z,DE-LU,PL,1902.0,3679.0,-2468.0,0,0,0
2026-01-06T15:00:00Z,DE-LU,CZ,1118.0,3362.0,-504.0,8.49,0,0
2026-01-06T15:00:00Z,DE-LU,DK1,866.0,1582.0,-947.0,0,0,0
2026-01-06T16:00:00Z,DE-LU,AT,1599.0,3575.0,-545.0,0,0,0
2026-01-06T16:00:00Z,DE-LU,FR,1588.0,1734.0,-676.0,0,0,0
2026-01-06T16:00:00Z,DE-LU,NL,1081.0,2961.0,-926.0,0,0,0
2026-01-06T16:00:00Z,DE-LU,PL,1046.0,2083.0,173.0,0,0,0
2026-01-06T16:00:00Z,DE-LU,CZ,1996.0,2374.0,1161.0,0,0,0
2026-01-06T16:00:00Z,DE-LU,DK1,1072.0,2017.0,-290.0,0,0,0
2026-01-06T17:00:00Z,DE-LU,AT,622.0,1647.0,100.0,10.91,51.0,0
2026-01-06T17:00:00Z,DE-LU,FR,3824.0,4330.0,442.0,0,0,0
2026-01-06T17:00:00Z,DE-LU,NL,2808.0,4150.0,-939.0,0,0,0
2026-01-06T17:00:00Z,DE-LU,PL,2567.0,3698.0,1557.0,0,0,0
2026-01-06T17:00:00Z,DE-LU,CZ,2370.0,2580.0,-669.0,0,0,0
2026-01-06T17:00:00Z,DE-LU,DK1,2053.0,4163.0,-1627.0,0,0,0
2026-01-06T18:00:00Z,DE-LU,AT,779.0,2061.0,370.0,0,0,0
2026-01-06T18:00:00Z,DE-LU,FR,2301.0,3235.0,1072.0,0,0,0
2026-01-06T18:00:00Z,DE-LU,NL,302.0,1004.0,335.0,7.18,2.0,0
2026-01-06T18:00:00Z,DE-LU,PL,1837.0,2666.0,1266.0,0,0,1.0
2026-01-06T18:00:00Z,DE-LU,CZ,541.0,1094.0,-209.0,0,0,0
2026-01-06T18:00:00Z,DE-LU,DK1,1756.0,4197.0,1574.0,0,0,0
2026-01-06T19:00:00Z,DE-LU,AT,1077.0,1501.0,640.0,0,0,0
2026-01-06T19:00:00Z,DE-LU,FR,3308.0,4027.0,-2131.0,0,0,0
2026-01-06T19:00:00Z,DE-LU,NL,1420.0,2833.0,-1283.0,0,0,27.0
2026-01-06T19:00:00Z,DE-LU,PL,2279.0,2429.0,1300.0,0,0,0
2026-01-06T19:00:00Z,DE-LU,CZ,3054.0,3888.0,-974.0,0,0,0
2026-01-06T19:00:00Z,DE-LU,DK1,1599.0,3087.0,-153.0,0,0,0
2026-01-06T20:00:00Z,DE-LU,AT,824.0,2011.0,-906.0,0,0,0
2026-01-06T20:00:00Z,DE-LU,FR,926.0,1870.0,889.0,0,0,0
2026-01-06T20:00:00Z,DE-LU,NL,560.0,1121.0,578.0,0,0,0
2026-01-06T20:00:00Z,DE-LU,PL,682.0,1523.0,886.0,0,0,0
2026-01-06T20:00:00Z,DE-LU,CZ,3662.0,4475.0,740.0,0,0,0
2026-01-06T20:00:00Z,DE-LU,DK1,1034.0,1596.0,55.0,0,0,0
2026-01-06T21:00:00Z,DE-LU,AT,1295.0,3086.0,-1674.0,0,0,0
2026-01-06T21:00:00Z,DE-LU,FR,2065.0,2273.0,1180.0,0,0,0
2026-01-06T21:00:00Z,DE-LU,NL,642.0,1667.0,857.0,1.62,0,0
2026-01-06T21:00:00Z,DE-LU,PL,1022.0,2650.0,-1307.0,0,0,0
2026-01-06T21:00:00Z,DE-LU,CZ,2341.0,2814.0,161.0,0,0,0
2026-01-06T21:00:00Z,DE-LU,DK1,2112.0,3465.0,1659.0,0,0,0
2026-01-06T22:00:00Z,DE-LU,AT,2643.0,3893.0,-2038.0,0,0,0
2026-01-06T22:00:00Z,DE-LU,FR,374.0,824.0,430.0,0,0,0
2026-01-06T22:00:00Z,DE-LU,NL,2812.0,3123.0,2315.0,0,0,0
2026-01-06T22:00:00Z,DE-LU,PL,1685.0,3854.0,2814.0,0,0,0
2026-01-06T22:00:00Z,DE-LU,CZ,2765.0,4265.0,2799.0,0,0,0
2026-01-06T22:00:00Z,DE-LU,DK1,508.0,895.0,-165.0,0,0,0
2026-01-06T23:00:00Z,DE-LU,AT,2270.0,2450.0,-1895.0,0,0,0
2026-01-06T23:00:00Z,DE-LU,FR,1477.0,1873.0,1412.0,0,0,17.0
2026-01-06T23:00:00Z,DE-LU,NL,3621.0,4207.0,1474.0,0,0,0
2026-01-06T23:00:00Z,DE-LU,PL,2193.0,2542.0,1138.0,0,0,0
2026-01-06T23:00:00Z,DE-LU,CZ,2642.0,4264.0,-3167.0,0,0,0
2026-01-06T23:00:00Z,DE-LU,DK1,2638.0,3079.0,804.0,0,0,0
2026-01-07T00:00:00Z,DE-LU,AT,1383.0,1626.0,-231.0,0,0,0
2026-01-07T00:00:00Z,DE-LU,FR,1404.0,1662.0,-261.0,0,0,0
2026-01-07T00:00:00Z,DE-LU,NL,2998.0,3692.0,447.0,0,0,0
2026-01-07T00:00:00Z,DE-LU,PL,3216.0,3453.0,1570.0,0,0,0
2026-01-07T00:00:00Z,DE-LU,CZ,1909.0,4445.0,2727.0,0,0,0
2026-01-07T00:00:00Z,DE-LU,DK1,1604.0,3774.0,2036.0,0,0,0
2026-01-07T01:00:00Z,DE-LU,AT,547.0,1452.0,-126.0,0,0,0
2026-01-07T01:00:00Z,DE-LU,FR,2055.0,3911.0,2882.0,0,0,0
2026-01-07T01:00:00Z,DE-LU,NL,2987.0,3814.0,1929.0,0,0,0
2026-01-07T01:00:00Z,DE-LU,PL,560.0,1254.0,-915.0,0,0,0
2026-01-07T01:00:00Z,DE-LU,CZ,504.0,1185.0,-702.0,0,0,0
2026-01-07T01:00:00Z,DE-LU,DK1,840.0,2026.0,-1365.0,0,0,0
2026-01-07T02:00:00Z,DE-LU,AT,1505.0,2705.0,-1993.0,0,0,0
2026-01-07T02:00:00Z,DE-LU,FR,835.0,1693.0,872.0,0,0,0
2026-01-07T02:00:00Z,DE-LU,NL,386.0,1157.0,-74.0,0,0,0
2026-01-07T02:00:00Z,DE-LU,PL,975.0,1627.0,568.0,0,0,0
2026-01-07T02:00:00Z,DE-LU,CZ,1714.0,4183.0,-2864.0,0,0,0
2026-01-07T02:00:00Z,DE-LU,DK1,1202.0,1596.0,-1015.0,0,0,13.0
2026-01-07T03:00:00Z,DE-LU,AT,699.0,1830.0,705.0,0,0,0
2026-01-07T03:00:00Z,DE-LU,FR,3427.0,4075.0,2368.0,0,0,0
2026-01-07T03:00:00Z,DE-LU,NL,2146.0,2535.0,376.0,0,0,0
2026-01-07T03:00:00Z,DE-LU,PL,1403.0,3314.0,1099.0,0,0,0
2026-01-07T03:00:00Z,DE-LU,CZ,1442.0,1780.0,767.0,0,0,0
2026-01-07T03:00:00Z,DE-LU,DK1,2051.0,4007.0,-3012.0,0,0,0
2026-01-07T04:00:00Z,DE-LU,AT,3214.0,4069.0,2151.0,0,0,0
2026-01-07T04:00:00Z,DE-LU,FR,807.0,2555.0,546.0,3.95,9.0,0
2026-01-07T04:00:00Z,DE-LU,NL,3500.0,3943.0,-1666.0,0,0,0
2026-01-07T04:00:00Z,DE-LU,PL,1604.0,2303.0,-1405.0,0,0,0
2026-01-07T04:00:00Z,DE-LU,CZ,1218.0,2192.0,11.0,0,0,0
2026-01-07T04:00:00Z,DE-LU,DK1,340.0,906.0,-515.0,0,0,0
2026-01-07T05:00:00Z,DE-LU,AT,496.0,1139.0,380.0,0,0,0
2026-01-07T05:00:00Z,DE-LU,FR,974.0,1490.0,-141.0,0,0,0
2026-01-07T05:00:00Z,DE-LU,NL,2775.0,4350.0,-583.0,0,0,0
2026-01-07T05:00:00Z,DE-LU,PL,2322.0,3848.0,1122.0,0,0,0
2026-01-07T05:00:00Z,DE-LU,CZ,1582.0,1760.0,-842.0,0,0,0
2026-01-07T05:00:00Z,DE-LU,DK1,2176.0,3070.0,1854.0,0,0,0
2026-01-07T06:00:00Z,DE-LU,AT,1253.0,2310.0,1290.0,0,0,0
2026-01-07T06:00:00Z,DE-LU,FR,1781.0,3717.0,-2922.0,0,0,0
2026-01-07T06:00:00Z,DE-LU,NL,1868.0,2652.0,-297.0,0,0,0
2026-01-07T06:00:00Z,DE-LU,PL,1681.0,3968.0,795.0,0,0,0
2026-01-07T06:00:00Z,DE-LU,CZ,1735.0,1961.0,1193.0,0,0,0
2026-01-07T06:00:00Z,DE-LU,DK1,891.0,2655.0,-2027.0,1.22,36.0,0
2026-01-07T07:00:00Z,DE-LU,AT,1462.0,2623.0,1746.0,0,0,0
2026-01-07T07:00:00Z,DE-LU,FR,371.0,835.0,-126.0,0,0,0
2026-01-07T07:00:00Z,DE-LU,NL,1265.0,1443.0,-99.0,0,0,0
2026-01-07T07:00:00Z,DE-LU,PL,615.0,1934.0,-9.0,0.65,16.0,0
2026-01-07T07:00:00Z,DE-LU,CZ,3138.0,4285.0,-3256.0,0,0,0
2026-01-07T07:00:00Z,DE-LU,DK1,1828.0,2601.0,519.0,0,0,0
2026-01-07T08:00:00Z,DE-LU,AT,677.0,892.0,-157.0,0,0,0
2026-01-07T08:00:00Z,DE-LU,FR,1507.0,4109.0,1074.0,1.29,0,27.0
2026-01-07T08:00:00Z,DE-LU,NL,3017.0,4495.0,-474.0,0,0,0
2026-01-07T08:00:00Z,DE-LU,PL,1232.0,2952.0,532.0,0,0,0
2026-01-07T08:00:00Z,DE-LU,CZ,1385.0,3286.0,561.0,0,0,0
2026-01-07T08:00:00Z,DE-LU,DK1,622.0,1211.0,-523.0,0,0,0
2026-01-07T09:00:00Z,DE-LU,AT,317.0,1019.0,-494.0,5.08,104.0,0
2026-01-07T09:00:00Z,DE-LU,FR,1379.0,2565.0,-1158.0,0,0,0
2026-01-07T09:00:00Z,DE-LU,NL,2060.0,3661.0,2353.0,0,0,0
2026-01-07T09:00:00Z,DE-LU,PL,1440.0,2357.0,873.0,0,0,0
2026-01-07T09:00:00Z,DE-LU,CZ,550.0,1522.0,-140.0,0,0,61.0
2026-01-07T09:00:00Z,DE-LU,DK1,1482.0,2212.0,1491.0,0,0,0
2026-01-07T10:00:00Z,DE-LU,AT,1110.0,1645.0,-1165.0,0,0,0
2026-01-07T10:00:00Z,DE-LU,FR,326.0,991.0,-343.0,0,0,0
2026-01-07T10:00:00Z,DE-LU,NL,687.0,1359.0,-394.0,0,0,0
2026-01-07T10:00:00Z,DE-LU,PL,3481.0,3756.0,-1226.0,0,0,0
2026-01-07T10:00:00Z,DE-LU,CZ,1645.0,2711.0,-467.0,0,0,3.0
2026-01-07T10:00:00Z,DE-LU,DK1,2159.0,3001.0,1347.0,0,0,0
2026-01-07T11:00:00Z,DE-LU,AT,1930.0,2776.0,-273.0,0,0,0
2026-01-07T11:00:00Z,DE-LU,FR,2880.0,3206.0,-1394.0,0,0,8.0
2026-01-07T11:00:00Z,DE-LU,NL,720.0,1356.0,682.0,0,0,0
2026-01-07T11:00:00Z,DE-LU,PL,286.0,887.0,-239.0,0,0,0
2026-01-07T11:00:00Z,DE-LU,CZ,625.0,954.0,701.0,0,0,0
2026-01-07T11:00:00Z,DE-LU,DK1,1565.0,1905.0,-831.0,0,0,0
2026-01-07T12:00:00Z,DE-LU,AT,1231.0,2208.0,-1386.0,0,0,21.0
2026-01-07T12:00:00Z,DE-LU,FR,909.0,1301.0,-971.0,0,0,0
2026-01-07T12:00:00Z,DE-LU,NL,1594.0,2427.0,-1399.0,0,0,0
2026-01-07T12:00:00Z,DE-LU,PL,3061.0,4307.0,983.0,0,0,0
2026-01-07T12:00:00Z,DE-LU,CZ,1138.0,1701.0,-450.0,0,0,0
2026-01-07T12:00:00Z,DE-LU,DK1,842.0,1121.0,-766.0,0,0,0
2026-01-07T13:00:00Z,DE-LU,AT,1264.0,1491.0,-304.0,0,0,0
2026-01-07T13:00:00Z,DE-LU,FR,989.0,2614.0,-669.0,2.12,19.0,0
2026-01-07T13:00:00Z,DE-LU,NL,2402.0,3360.0,1842.0,0,0,0
2026-01-07T13:00:00Z,DE-LU,PL,945.0,1964.0,-1177.0,0,0,0
2026-01-07T13:00:00Z,DE-LU,CZ,2297.0,3982.0,1444.0,0,0,0
2026-01-07T13:00:00Z,DE-LU,DK1,2405.0,4463.0,-1284.0,0,0,0
2026-01-07T14:00:00Z,DE-LU,AT,1337.0,1763.0,-126.0,0,0,0
2026-01-07T14:00:00Z,DE-LU,FR,780.0,984.0,-721.0,0,0,0
2026-01-07T14:00:00Z,DE-LU,NL,776.0,1678.0,607.0,0,0,0
2026-01-07T14:00:00Z,DE-LU,PL,2488.0,3057.0,-1292.0,0,0,0
2026-01-07T14:00:00Z,DE-LU,CZ,1707.0,3830.0,-1211.0,0,0,0
2026-01-07T14:00:00Z,DE-LU,DK1,1119.0,1379.0,1072.0,0,0,0
2026-01-07T15:00:00Z,DE-LU,AT,424.0,1310.0,51.0,2.76,0,0
2026-01-07T15:00:00Z,DE-LU,FR,663.0,1547.0,229.0,0,0,0
2026-01-07T15:00:00Z,DE-LU,NL,1585.0,2258.0,1038.0,0,0,0
2026-01-07T15:00:00Z,DE-LU,PL,2162.0,3703.0,2378.0,0,0,0
2026-01-07T15:00:00Z,DE-LU,CZ,1631.0,3063.0,-32.0,0,0,0
2026-01-07T15:00:00Z,DE-LU,DK1,2228.0,3156.0,-325.0,0,0,0
2026-01-07T16:00:00Z,DE-LU,AT,1328.0,1953.0,-355.0,0,0,0
2026-01-07T16:00:00Z,DE-LU,FR,2325.0,3639.0,-2753.0,0,0,0
2026-01-07T16:00:00Z,DE-LU,NL,717.0,1317.0,105.0,0,0,27.0
2026-01-07T16:00:00Z,DE-LU,PL,1228.0,1335.0,-328.0,0,0,0
2026-01-07T16:00:00Z,DE-LU,CZ,949.0,1422.0,409.0,0,0,0
2026-01-07T16:00:00Z,DE-LU,DK1,3142.0,3953.0,-773.0,0,0,0
2026-01-07T17:00:00Z,DE-LU,AT,1785.0,2107.0,1172.0,0,0,0
2026-01-07T17:00:00Z,DE-LU,FR,1632.0,2497.0,-58.0,0,0,0
2026-01-07T17:00:00Z,DE-LU,NL,1314.0,1515.0,340.0,0,0,0
2026-01-07T17:00:00Z,DE-LU,PL,1608.0,2499.0,-1735.0,0,0,0
2026-01-07T17:00:00Z,DE-LU,CZ,1128.0,3124.0,2059.0,0,0,0
2026-01-07T17:00:00Z,DE-LU,DK1,364.0,825.0,302.0,0,0,0
2026-01-07T18:00:00Z,DE-LU,AT,1733.0,3931.0,3142.0,0,0,0
2026-01-07T18:00:00Z,DE-LU,FR,2089.0,3387.0,-472.0,0,0,0
2026-01-07T18:00:00Z,DE-LU,NL,1545.0,1660.0,835.0,0,0,0
2026-01-07T18:00:00Z,DE-LU,PL,1255.0,4148.0,-696.0,5.02,56.0,0
2026-01-07T18:00:00Z,DE-LU,CZ,1127.0,2656.0,-147.0,0,0,0
2026-01-07T18:00:00Z,DE-LU,DK1,2058.0,4471.0,948.0,0,0,0
2026-01-07T19:00:00Z,DE-LU,AT,706.0,1773.0,1004.0,4.4,0,0
2026-01-07T19:00:00Z,DE-LU,FR,1613.0,3902.0,-1781.0,0,0,0
2026-01-07T19:00:00Z,DE-LU,NL,1546.0,1670.0,1036.0,0,0,0
2026-01-07T19:00:00Z,DE-LU,PL,690.0,926.0,617.0,0,0,0
2026-01-07T19:00:00Z,DE-LU,CZ,1868.0,3888.0,764.0,0,0,0
2026-01-07T19:00:00Z,DE-LU,DK1,814.0,1954.0,-1539.0,0,0,0
2026-01-07T20:00:00Z,DE-LU,AT,1933.0,4308.0,-3246.0,0,0,0
2026-01-07T20:00:00Z,DE-LU,FR,1368.0,2974.0,-185.0,0,0,0
2026-01-07T20:00:00Z,DE-LU,NL,854.0,1186.0,-876.0,0,0,0
2026-01-07T20:00:00Z,DE-LU,PL,847.0,2449.0,-1455.0,4.65,0,0
2026-01-07T20:00:00Z,DE-LU,CZ,3289.0,4216.0,1232.0,0,0,0
2026-01-07T20:00:00Z,DE-LU,DK1,693.0,932.0,-128.0,0,0,0
2026-01-07T21:00:00Z,DE-LU,AT,643.0,1735.0,-1281.0,1.0,0,0
2026-01-07T21:00:00Z,DE-LU,FR,1436.0,2622.0,1130.0,0,0,0
2026-01-07T21:00:00Z,DE-LU,NL,854.0,1988.0,60.0,0,0,0
2026-01-07T21:00:00Z,DE-LU,PL,1440.0,4479.0,-2170.0,0,0,0
2026-01-07T21:00:00Z,DE-LU,CZ,1210.0,2863.0,1106.0,0,0,0
2026-01-07T21:00:00Z,DE-LU,DK1,1708.0,1909.0,-992.0,0,0,0
2026-01-07T22:00:00Z,DE-LU,AT,1332.0,1611.0,826.0,0,0,0
2026-01-07T22:00:00Z,DE-LU,FR,1677.0,1781.0,1164.0,0,0,30.0
2026-01-07T22:00:00Z,DE-LU,NL,2346.0,3657.0,-890.0,0,0,0
2026-01-07T22:00:00Z,DE-LU,PL,1035.0,2944.0,-2173.0,1.6,75.0,0
2026-01-07T22:00:00Z,DE-LU,CZ,767.0,1529.0,-1088.0,0,0,0
2026-01-07T22:00:00Z,DE-LU,DK1,1346.0,3873.0,-2915.0,0,0,0
2026-01-07T23:00:00Z,DE-LU,AT,1336.0,3234.0,-1898.0,0,0,0
2026-01-07T23:00:00Z,DE-LU,FR,1898.0,2584.0,19.0,0,0,0
2026-01-07T23:00:00Z,DE-LU,NL,1668.0,3520.0,371.0,0,0,0
2026-01-07T23:00:00Z,DE-LU,PL,1125.0,1281.0,-219.0,0,0,0
2026-01-07T23:00:00Z,DE-LU,CZ,3061.0,4107.0,-2909.0,0,0,0
2026-01-07T23:00:00Z,DE-LU,DK1,2225.0,4185.0,2680.0,0,0,0
2026-01-08T00:00:00Z,DE-LU,AT,1073.0,3538.0,2623.0,3.49,0,0
2026-01-08T00:00:00Z,DE-LU,FR,1822.0,2221.0,872.0,0,0,0
2026-01-08T00:00:00Z,DE-LU,NL,601.0,1263.0,-83.0,0,0,0
2026-01-08T00:00:00Z,DE-LU,PL,1744.0,3748.0,-534.0,0,0,0
2026-01-08T00:00:00Z,DE-LU,CZ,1703.0,2916.0,-1687.0,0,0,0
2026-01-08T00:00:00Z,DE-LU,DK1,2310.0,3716.0,-1850.0,0,0,0
2026-01-08T01:00:00Z,DE-LU,AT,3497.0,3775.0,2220.0,0,0,0
2026-01-08T01:00:00Z,DE-LU,FR,1485.0,3996.0,-736.0,0,0,0
2026-01-08T01:00:00Z,DE-LU,NL,1467.0,2181.0,-33.0,0,0,0
2026-01-08T01:00:00Z,DE-LU,PL,884.0,2178.0,723.0,0,0,0
2026-01-08T01:00:00Z,DE-LU,CZ,1537.0,2099.0,-1201.0,0,0,0
2026-01-08T01:00:00Z,DE-LU,DK1,1225.0,3437.0,-1458.0,9.23,36.0,0
2026-01-08T02:00:00Z,DE-LU,AT,1994.0,3055.0,1688.0,0,0,0
2026-01-08T02:00:00Z,DE-LU,FR,1306.0,1698.0,198.0,0,0,0
2026-01-08T02:00:00Z,DE-LU,NL,558.0,1468.0,525.0,2.44,0,0
2026-01-08T02:00:00Z,DE-LU,PL,851.0,1114.0,555.0,0,0,0
2026-01-08T02:00:00Z,DE-LU,CZ,1965.0,3522.0,2311.0,0,0,0
2026-01-08T02:00:00Z,DE-LU,DK1,1561.0,1982.0,-1585.0,0,0,0
2026-01-08T03:00:00Z,DE-LU,AT,1775.0,4048.0,2558.0,0,0,0
2026-01-08T03:00:00Z,DE-LU,FR,537.0,1680.0,995.0,0,0,0
2026-01-08T03:00:00Z,DE-LU,NL,3080.0,3246.0,1972.0,0,0,0
2026-01-08T03:00:00Z,DE-LU,PL,916.0,2279.0,644.0,0,0,0
2026-01-08T03:00:00Z,DE-LU,CZ,1135.0,3275.0,-1654.0,4.16,0,0
2026-01-08T03:00:00Z,DE-LU,DK1,2471.0,3706.0,-1397.0,0,0,0
2026-01-08T04:00:00Z,DE-LU,AT,1962.0,3483.0,1563.0,0,0,0
2026-01-08T04:00:00Z,DE-LU,FR,2331.0,3436.0,-737.0,0,0,0
2026-01-08T04:00:00Z,DE-LU,NL,2597.0,3042.0,-556.0,0,0,0
2026-01-08T04:00:00Z,DE-LU,PL,1775.0,2527.0,1239.0,0,0,0
2026-01-08T04:00:00Z,DE-LU,CZ,2582.0,4347.0,3342.0,0,0,0
2026-01-08T04:00:00Z,DE-LU,DK1,767.0,2029.0,1577.0,0,0,0
2026-01-08T05:00:00Z,DE-LU,AT,2038.0,3753.0,2117.0,0,0,0
2026-01-08T05:00:00Z,DE-LU,FR,430.0,831.0,565.0,0,0,0
2026-01-08T05:00:00Z,DE-LU,NL,679.0,998.0,-700.0,0,0,0
2026-01-08T05:00:00Z,DE-LU,PL,613.0,820.0,-277.0,0,0,0
2026-01-08T05:00:00Z,DE-LU,CZ,1867.0,2222.0,1236.0,0,0,0
2026-01-08T05:00:00Z,DE-LU,DK1,3122.0,4438.0,2699.0,0,0,0
2026-01-08T06:00:00Z,DE-LU,AT,988.0,2103.0,747.0,0,0,0
2026-01-08T06:00:00Z,DE-LU,FR,1852.0,2481.0,670.0,0,0,0
2026-01-08T06:00:00Z,DE-LU,NL,1011.0,2583.0,-1494.0,0,0,0
2026-01-08T06:00:00Z,DE-LU,PL,1082.0,3155.0,81.0,0,0,0
2026-01-08T06:00:00Z,DE-LU,CZ,1442.0,1707.0,-1186.0,0,0,0
2026-01-08T06:00:00Z,DE-LU,DK1,2167.0,2844.0,914.0,0,0,0
2026-01-08T07:00:00Z,DE-LU,AT,1691.0,2168.0,96.0,0,0,0
2026-01-08T07:00:00Z,DE-LU,FR,842.0,2068.0,-175.0,0,0,0
2026-01-08T07:00:00Z,DE-LU,NL,1396.0,2539.0,1109.0,0,0,0
2026-01-08T07:00:00Z,DE-LU,PL,2704.0,4069.0,1587.0,0,0,0
2026-01-08T07:00:00Z,DE-LU,CZ,1322.0,2059.0,1240.0,0,0,0
2026-01-08T07:00:00Z,DE-LU,DK1,2653.0,3218.0,-1305.0,0,0,0
2026-01-08T08:00:00Z,DE-LU,AT,1240.0,2949.0,-1250.0,0,0,0
2026-01-08T08:00:00Z,DE-LU,FR,1465.0,1634.0,399.0,0,0,0
2026-01-08T08:00:00Z,DE-LU,NL,674.0,1091.0,140.0,0,0,0
2026-01-08T08:00:00Z,DE-LU,PL,809.0,1691.0,1189.0,0,0,0
2026-01-08T08:00:00Z,DE-LU,CZ,2518.0,3403.0,1585.0,0,0,0
2026-01-08T08:00:00Z,DE-LU,DK1,1036.0,3387.0,314.0,4.89,0,0
2026-01-08T09:00:00Z,DE-LU,AT,621.0,1918.0,-702.0,0,0,0
2026-01-08T09:00:00Z,DE-LU,FR,487.0,1522.0,-1037.0,0,0,0
2026-01-08T09:00:00Z,DE-LU,NL,891.0,2369.0,-1078.0,0,0,0
2026-01-08T09:00:00Z,DE-LU,PL,1490.0,3326.0,1902.0,0,0,0
2026-01-08T09:00:00Z,DE-LU,CZ,2397.0,2666.0,-249.0,0,0,0
2026-01-08T09:00:00Z,DE-LU,DK1,1797.0,2605.0,-1473.0,0,0,0
2026-01-08T10:00:00Z,DE-LU,AT,1248.0,2700.0,430.0,0,0,0
2026-01-08T10:00:00Z,DE-LU,FR,418.0,1270.0,-917.0,0,0,0
2026-01-08T10:00:00Z,DE-LU,NL,1263.0,2652.0,1735.0,0,0,0
2026-01-08T10:00:00Z,DE-LU,PL,1583.0,3282.0,1873.0,0,0,0
2026-01-08T10:00:00Z,DE-LU,CZ,958.0,1660.0,686.0,0,0,0
2026-01-08T10:00:00Z,DE-LU,DK1,1441.0,2364.0,-549.0,0,0,0
2026-01-08T11:00:00Z,DE-LU,AT,520.0,1232.0,224.0,0,0,0
2026-01-08T11:00:00Z,DE-LU,FR,1663.0,2067.0,20.0,0,0,25.0
2026-01-08T11:00:00Z,DE-LU,NL,1222.0,1650.0,-831.0,0,0,0
2026-01-08T11:00:00Z,DE-LU,PL,1282.0,1983.0,-372.0,0,0,0
2026-01-08T11:00:00Z,DE-LU,CZ,1398.0,1702.0,-701.0,0,0,0
2026-01-08T11:00:00Z,DE-LU,DK1,769.0,1656.0,-107.0,0,0,0
2026-01-08T12:00:00Z,DE-LU,AT,2952.0,4429.0,-190.0,0,0,0
2026-01-08T12:00:00Z,DE-LU,FR,1134.0,2953.0,715.0,0,0,0
2026-01-08T12:00:00Z,DE-LU,NL,1860.0,1984.0,-1485.0,0,0,0
2026-01-08T12:00:00Z,DE-LU,PL,994.0,1590.0,122.0,0,0,0
2026-01-08T12:00:00Z,DE-LU,CZ,787.0,1025.0,-487.0,0,0,0
2026-01-08T12:00:00Z,DE-LU,DK1,785.0,1189.0,429.0,0,0,0
2026-01-08T13:00:00Z,DE-LU,AT,1660.0,3660.0,-1970.0,0,0,0
2026-01-08T13:00:00Z,DE-LU,FR,2201.0,3069.0,-1388.0,0,0,0
2026-01-08T13:00:00Z,DE-LU,NL,1484.0,1626.0,1242.0,0,0,0
2026-01-08T13:00:00Z,DE-LU,PL,1411.0,1757.0,780.0,0,0,0
2026-01-08T13:00:00Z,DE-LU,CZ,1796.0,3182.0,1439.0,0,0,0
2026-01-08T13:00:00Z,DE-LU,DK1,1320.0,2781.0,1269.0,0,0,0
2026-01-08T14:00:00Z,DE-LU,AT,1741.0,2247.0,1625.0,0,0,0
2026-01-08T14:00:00Z,DE-LU,FR,3159.0,4088.0,-681.0,0,0,0
2026-01-08T14:00:00Z,DE-LU,NL,1766.0,2109.0,826.0,0,0,0
2026-01-08T14:00:00Z,DE-LU,PL,1337.0,2144.0,-745.0,0,0,0
2026-01-08T14:00:00Z,DE-LU,CZ,470.0,1488.0,209.0,3.19,0,0
2026-01-08T14:00:00Z,DE-LU,DK1,3124.0,3341.0,730.0,0,0,0
2026-01-08T15:00:00Z,DE-LU,AT,597.0,977.0,-189.0,0,0,0
2026-01-08T15:00:00Z,DE-LU,FR,954.0,2908.0,2186.0,0,0,0
2026-01-08T15:00:00Z,DE-LU,NL,3175.0,4328.0,-1212.0,0,0,0
2026-01-08T15:00:00Z,DE-LU,PL,932.0,1601.0,129.0,0,0,0
2026-01-08T15:00:00Z,DE-LU,CZ,2440.0,3447.0,453.0,0,0,0
2026-01-08T15:00:00Z,DE-LU,DK1,687.0,2150.0,297.0,0,0,0
2026-01-08T16:00:00Z,DE-LU,AT,1184.0,2122.0,-417.0,0,0,0
2026-01-08T16:00:00Z,DE-LU,FR,1659.0,3312.0,1960.0,0,0,0
2026-01-08T16:00:00Z,DE-LU,NL,2594.0,4254.0,-1872.0,0,0,0
2026-01-08T16:00:00Z,DE-LU,PL,1145.0,1541.0,-478.0,0,0,0
2026-01-08T16:00:00Z,DE-LU,CZ,2843.0,3003.0,1976.0,0,0,0
2026-01-08T16:00:00Z,DE-LU,DK1,321.0,1014.0,673.0,0.26,24.0,0
2026-01-08T17:00:00Z,DE-LU,AT,1073.0,1901.0,1077.0,0,0,0
2026-01-08T17:00:00Z,DE-LU,FR,1256.0,2835.0,610.0,0,0,0
2026-01-08T17:00:00Z,DE-LU,NL,1631.0,1799.0,-34.0,0,0,0
2026-01-08T17:00:00Z,DE-LU,PL,2803.0,3808.0,2695.0,0,0,0
2026-01-08T17:00:00Z,DE-LU,CZ,1586.0,3632.0,-172.0,0,0,0
2026-01-08T17:00:00Z,DE-LU,DK1,1077.0,2274.0,904.0,0,0,0
2026-01-08T18:00:00Z,DE-LU,AT,2062.0,4227.0,1309.0,0,0,0
2026-01-08T18:00:00Z,DE-LU,FR,690.0,1210.0,209.0,0,0,0
2026-01-08T18:00:00Z,DE-LU,NL,849.0,1056.0,-447.0,0,0,0
2026-01-08T18:00:00Z,DE-LU,PL,1425.0,3538.0,-407.0,0,0,0
2026-01-08T18:00:00Z,DE-LU,CZ,1575.0,2819.0,-613.0,0,0,0
2026-01-08T18:00:00Z,DE-LU,DK1,1222.0,3240.0,-725.0,2.94,0,0
2026-01-08T19:00:00Z,DE-LU,AT,1028.0,1481.0,-481.0,0,0,0
2026-01-08T19:00:00Z,DE-LU,FR,1080.0,2808.0,-1365.0,0,0,0
2026-01-08T19:00:00Z,DE-LU,NL,2703.0,3871.0,-595.0,0,0,0
2026-01-08T19:00:00Z,DE-LU,PL,2835.0,3404.0,2002.0,0,0,0
2026-01-08T19:00:00Z,DE-LU,CZ,901.0,2355.0,-1011.0,0,0,0
2026-01-08T19:00:00Z,DE-LU,DK1,2902.0,3771.0,-2242.0,0,0,0
2026-01-08T20:00:00Z,DE-LU,AT,1380.0,3641.0,2750.0,0,0,0
2026-01-08T20:00:00Z,DE-LU,FR,1421.0,4048.0,2554.0,3.71,17.0,0
2026-01-08T20:00:00Z,DE-LU,NL,1430.0,2270.0,-1604.0,0,0,0
2026-01-08T20:00:00Z,DE-LU,PL,2050.0,3573.0,1735.0,0,0,0
2026-01-08T20:00:00Z,DE-LU,CZ,1423.0,2667.0,-1220.0,0,0,0
2026-01-08T20:00:00Z,DE-LU,DK1,2483.0,2669.0,714.0,0,0,0
2026-01-08T21:00:00Z,DE-LU,AT,3281.0,3734.0,-2540.0,0,0,0
2026-01-08T21:00:00Z,DE-LU,FR,1241.0,2945.0,1449.0,0,0,0
2026-01-08T21:00:00Z,DE-LU,NL,1262.0,3621.0,-1417.0,5.31,34.0,0
2026-01-08T21:00:00Z,DE-LU,PL,632.0,907.0,691.0,0,0,0
2026-01-08T21:00:00Z,DE-LU,CZ,740.0,867.0,291.0,0,0,0
2026-01-08T21:00:00Z,DE-LU,DK1,1760.0,2132.0,1704.0,0,0,0
2026-01-08T22:00:00Z,DE-LU,AT,1032.0,1647.0,-1155.0,0,0,0
2026-01-08T22:00:00Z,DE-LU,FR,1551.0,3734.0,82.0,0,0,0
2026-01-08T22:00:00Z,DE-LU,NL,2598.0,2843.0,1619.0,0,0,0
2026-01-08T22:00:00Z,DE-LU,PL,3181.0,3519.0,1628.0,0,0,0
2026-01-08T22:00:00Z,DE-LU,CZ,2380.0,3033.0,-309.0,0,0,0
2026-01-08T22:00:00Z,DE-LU,DK1,681.0,959.0,-554.0,0,0,0
2026-01-08T23:00:00Z,DE-LU,AT,2541.0,3087.0,-869.0,0,0,0
2026-01-08T23:00:00Z,DE-LU,FR,3736.0,3968.0,-904.0,0,0,0
2026-01-08T23:00:00Z,DE-LU,NL,1333.0,1925.0,734.0,0,0,0
2026-01-08T23:00:00Z,DE-LU,PL,825.0,1338.0,911.0,0,0,0
2026-01-08T23:00:00Z,DE-LU,CZ,2289.0,3289.0,151.0,0,0,0
2026-01-08T23:00:00Z,DE-LU,DK1,756.0,1170.0,-747.0,0,0,0
2026-01-09T00:00:00Z,DE-LU,AT,1421.0,2107.0,-900.0,0,0,0
2026-01-09T00:00:00Z,DE-LU,FR,1065.0,1686.0,-943.0,0,0,0
2026-01-09T00:00:00Z,DE-LU,NL,1409.0,3800.0,2596.0,0,0,0
2026-01-09T00:00:00Z,DE-LU,PL,1792.0,2682.0,-1322.0,0,0,0
2026-01-09T00:00:00Z,DE-LU,CZ,2510.0,4188.0,-1626.0,0,0,0
2026-01-09T00:00:00Z,DE-LU,DK1,2354.0,3999.0,500.0,0,0,17.0
2026-01-09T01:00:00Z,DE-LU,AT,606.0,1392.0,279.0,0,0,0
2026-01-09T01:00:00Z,DE-LU,FR,3061.0,4260.0,1742.0,0,0,0
2026-01-09T01:00:00Z,DE-LU,NL,2010.0,3337.0,-1570.0,0,0,0
2026-01-09T01:00:00Z,DE-LU,PL,1013.0,1357.0,-508.0,0,0,0
2026-01-09T01:00:00Z,DE-LU,CZ,2324.0,2780.0,-1696.0,0,0,0
2026-01-09T01:00:00Z,DE-LU,DK1,979.0,3111.0,-77.0,3.9,0,0
2026-01-09T02:00:00Z,DE-LU,AT,1654.0,2372.0,-347.0,0,0,0
2026-01-09T02:00:00Z,DE-LU,FR,1185.0,1943.0,-777.0,0,0,0
2026-01-09T02:00:00Z,DE-LU,NL,1190.0,3783.0,957.0,3.1,0,0
2026-01-09T02:00:00Z,DE-LU,PL,1605.0,1792.0,968.0,0,0,0
2026-01-09T02:00:00Z,DE-LU,CZ,1366.0,4279.0,370.0,1.89,127.0,0
2026-01-09T02:00:00Z,DE-LU,DK1,1407.0,2835.0,-2093.0,0,0,0
2026-01-09T03:00:00Z,DE-LU,AT,1214.0,2628.0,-1241.0,0,0,0
2026-01-09T03:00:00Z,DE-LU,FR,1737.0,2966.0,-527.0,0,0,0
2026-01-09T03:00:00Z,DE-LU,NL,1186.0,1377.0,-994.0,0,0,0
2026-01-09T03:00:00Z,DE-LU,PL,466.0,923.0,498.0,0,0,0
2026-01-09T03:00:00Z,DE-LU,CZ,2933.0,3991.0,-1605.0,0,0,0
2026-01-09T03:00:00Z,DE-LU,DK1,1413.0,2461.0,-77.0,0,0,0
2026-01-09T04:00:00Z,DE-LU,AT,848.0,1878.0,-494.0,0,0,0
2026-01-09T04:00:00Z,DE-LU,FR,2263.0,4387.0,1858.0,0,0,0
2026-01-09T04:00:00Z,DE-LU,NL,1327.0,2768.0,1029.0,0,0,0
2026-01-09T04:00:00Z,DE-LU,PL,3260.0,3675.0,-2877.0,0,0,0
2026-01-09T04:00:00Z,DE-LU,CZ,2296.0,3703.0,-1931.0,0,0,0
2026-01-09T04:00:00Z,DE-LU,DK1,3663.0,3896.0,-1001.0,0,0,0
2026-01-09T05:00:00Z,DE-LU,AT,448.0,1156.0,-798.0,0,0,0
2026-01-09T05:00:00Z,DE-LU,FR,546.0,1412.0,-995.0,0,0,0
2026-01-09T05:00:00Z,DE-LU,NL,687.0,911.0,-277.0,0,0,0
2026-01-09T05:00:00Z,DE-LU,PL,3090.0,3472.0,1007.0,0,0,0
2026-01-09T05:00:00Z,DE-LU,CZ,2514.0,3865.0,-1845.0,0,0,0
2026-01-09T05:00:00Z,DE-LU,DK1,1491.0,3436.0,2397.0,0,0,0
2026-01-09T06:00:00Z,DE-LU,AT,2148.0,2391.0,1158.0,0,0,0
2026-01-09T06:00:00Z,DE-LU,FR,1555.0,1768.0,1331.0,0,0,0
2026-01-09T06:00:00Z,DE-LU,NL,2043.0,4099.0,525.0,0,0,0
2026-01-09T06:00:00Z,DE-LU,PL,1334.0,2469.0,-1745.0,0,0,0
2026-01-09T06:00:00Z,DE-LU,CZ,2606.0,3088.0,-23.0,0,0,0
2026-01-09T06:00:00Z,DE-LU,DK1,3453.0,4140.0,3247.0,0,0,0
2026-01-09T07:00:00Z,DE-LU,AT,1029.0,1848.0,146.0,0,0,0
2026-01-09T07:00:00Z,DE-LU,FR,2139.0,2954.0,-191.0,0,0,0
2026-01-09T07:00:00Z,DE-LU,NL,2266.0,3840.0,1285.0,0,0,0
2026-01-09T07:00:00Z,DE-LU,PL,2833.0,3252.0,549.0,0,0,0
2026-01-09T07:00:00Z,DE-LU,CZ,1078.0,2676.0,-1422.0,0,0,0
2026-01-09T07:00:00Z,DE-LU,DK1,2753.0,3937.0,-600.0,0,0,0
2026-01-09T08:00:00Z,DE-LU,AT,881.0,1707.0,-669.0,0,0,0
2026-01-09T08:00:00Z,DE-LU,FR,2514.0,4063.0,3160.0,0,0,0
2026-01-09T08:00:00Z,DE-LU,NL,1171.0,3514.0,815.0,0,0,0
2026-01-09T08:00:00Z,DE-LU,PL,1548.0,3232.0,960.0,0,0,0
2026-01-09T08:00:00Z,DE-LU,CZ,2566.0,3081.0,-97.0,0,0,0
2026-01-09T08:00:00Z,DE-LU,DK1,1180.0,1265.0,-129.0,0,0,0
2026-01-09T09:00:00Z,DE-LU,AT,2170.0,4483.0,1853.0,0,0,0
2026-01-09T09:00:00Z,DE-LU,FR,1636.0,1960.0,-1382.0,0,0,0
2026-01-09T09:00:00Z,DE-LU,NL,2138.0,2811.0,1250.0,0,0,0
2026-01-09T09:00:00Z,DE-LU,PL,660.0,1422.0,-734.0,0,0,0
2026-01-09T09:00:00Z,DE-LU,CZ,1130.0,1330.0,25.0,0,0,0
2026-01-09T09:00:00Z,DE-LU,DK1,719.0,2293.0,1621.0,8.17,104.0,0
2026-01-09T10:00:00Z,DE-LU,AT,2328.0,4224.0,-3055.0,0,0,0
2026-01-09T10:00:00Z,DE-LU,FR,681.0,1476.0,822.0,0,0,0
2026-01-09T10:00:00Z,DE-LU,NL,2736.0,4394.0,-1706.0,0,0,0
2026-01-09T10:00:00Z,DE-LU,PL,697.0,1532.0,35.0,0,0,0
2026-01-09T10:00:00Z,DE-LU,CZ,1045.0,1384.0,-256.0,0,0,0
2026-01-09T10:00:00Z,DE-LU,DK1,2891.0,3524.0,-1089.0,0,0,0
2026-01-09T11:00:00Z,DE-LU,AT,1006.0,2109.0,1569.0,0,0,0
2026-01-09T11:00:00Z,DE-LU,FR,733.0,1897.0,-1312.0,0,0,0
2026-01-09T11:00:00Z,DE-LU,NL,577.0,1701.0,91.0,0,0,0
2026-01-09T11:00:00Z,DE-LU,PL,1230.0,2275.0,187.0,0,0,0
2026-01-09T11:00:00Z,DE-LU,CZ,2479.0,2836.0,-186.0,0,0,0
2026-01-09T11:00:00Z,DE-LU,DK1,883.0,2237.0,-379.0,10.85,0,0
2026-01-09T12:00:00Z,DE-LU,AT,1558.0,1873.0,-1027.0,0,0,0
2026-01-09T12:00:00Z,DE-LU,FR,3569.0,4039.0,-1484.0,0,0,0
2026-01-09T12:00:00Z,DE-LU,NL,1582.0,2014.0,1466.0,0,0,0
2026-01-09T12:00:00Z,DE-LU,PL,1025.0,2298.0,-1534.0,0,0,0
2026-01-09T12:00:00Z,DE-LU,CZ,1333.0,2838.0,1043.0,0,0,0
2026-01-09T12:00:00Z,DE-LU,DK1,1420.0,1886.0,-654.0,0,0,0
2026-01-09T13:00:00Z,DE-LU,AT,1606.0,2216.0,663.0,0,0,0
2026-01-09T13:00:00Z,DE-LU,FR,1005.0,2780.0,-476.0,0,0,0
2026-01-09T13:00:00Z,DE-LU,NL,340.0,900.0,703.0,0,0,0
2026-01-09T13:00:00Z,DE-LU,PL,1733.0,2003.0,92.0,0,0,0
2026-01-09T13:00:00Z,DE-LU,CZ,1663.0,1821.0,-546.0,0,0,0
2026-01-09T13:00:00Z,DE-LU,DK1,392.0,896.0,-132.0,0,0,0
2026-01-09T14:00:00Z,DE-LU,AT,510.0,1491.0,-1111.0,0,0,0
2026-01-09T14:00:00Z,DE-LU,FR,2153.0,2286.0,1151.0,0,0,0
2026-01-09T14:00:00Z,DE-LU,NL,1553.0,2924.0,-1885.0,0,0,0
2026-01-09T14:00:00Z,DE-LU,PL,1911.0,2116.0,1215.0,0,0,0
2026-01-09T14:00:00Z,DE-LU,CZ,1279.0,1355.0,545.0,0,0,0
2026-01-09T14:00:00Z,DE-LU,DK1,653.0,1939.0,-6.0,9.48,0,0
2026-01-09T15:00:00Z,DE-LU,AT,1597.0,2680.0,141.0,0,0,0
2026-01-09T15:00:00Z,DE-LU,FR,1632.0,4199.0,-1493.0,5.51,38.0,0
2026-01-09T15:00:00Z,DE-LU,NL,1111.0,2579.0,-631.0,0,0,0
2026-01-09T15:00:00Z,DE-LU,PL,404.0,811.0,-361.0,0,0,0
2026-01-09T15:00:00Z,DE-LU,CZ,1040.0,3315.0,936.0,0,0,0
2026-01-09T15:00:00Z,DE-LU,DK1,2944.0,3155.0,-1166.0,0,0,0
2026-01-09T16:00:00Z,DE-LU,AT,1037.0,1589.0,-962.0,0,0,0
2026-01-09T16:00:00Z,DE-LU,FR,836.0,1490.0,-718.0,0,0,0
2026-01-09T16:00:00Z,DE-LU,NL,2471.0,3100.0,553.0,0,0,0
2026-01-09T16:00:00Z,DE-LU,PL,1635.0,2614.0,-291.0,0,0,0
2026-01-09T16:00:00Z,DE-LU,CZ,975.0,1308.0,-817.0,0,0,0
2026-01-09T16:00:00Z,DE-LU,DK1,975.0,1727.0,628.0,0,0,0
2026-01-09T17:00:00Z,DE-LU,AT,2273.0,4357.0,1881.0,0,0,0
2026-01-09T17:00:00Z,DE-LU,FR,2300.0,2762.0,2156.0,0,0,0
2026-01-09T17:00:00Z,DE-LU,NL,852.0,990.0,-425.0,0,0,0
2026-01-09T17:00:00Z,DE-LU,PL,2738.0,4417.0,-972.0,0,0,0
2026-01-09T17:00:00Z,DE-LU,CZ,1980.0,4075.0,2242.0,0,0,0
2026-01-09T17:00:00Z,DE-LU,DK1,382.0,953.0,258.0,0,0,0
2026-01-09T18:00:00Z,DE-LU,AT,1426.0,2110.0,718.0,0,0,0
2026-01-09T18:00:00Z,DE-LU,FR,1100.0,1443.0,-637.0,0,0,0
2026-01-09T18:00:00Z,DE-LU,NL,1496.0,3413.0,-2642.0,0,0,0
2026-01-09T18:00:00Z,DE-LU,PL,2688.0,3961.0,775.0,0,0,0
2026-01-09T18:00:00Z,DE-LU,CZ,1825.0,3824.0,-1899.0,0,0,0
2026-01-09T18:00:00Z,DE-LU,DK1,933.0,1367.0,1082.0,0,0,0
2026-01-09T19:00:00Z,DE-LU,AT,2604.0,3187.0,-2293.0,0,0,0
2026-01-09T19:00:00Z,DE-LU,FR,3202.0,3631.0,1095.0,0,0,0
2026-01-09T19:00:00Z,DE-LU,NL,1959.0,4478.0,3292.0,0,0,0
2026-01-09T19:00:00Z,DE-LU,PL,2173.0,2530.0,1834.0,0,0,0
2026-01-09T19:00:00Z,DE-LU,CZ,2877.0,3744.0,-2770.0,0,0,0
2026-01-09T19:00:00Z,DE-LU,DK1,576.0,905.0,-93.0,0,0,0
2026-01-09T20:00:00Z,DE-LU,AT,947.0,1176.0,372.0,0,0,0
2026-01-09T20:00:00Z,DE-LU,FR,572.0,1464.0,328.0,2.72,0,0
2026-01-09T20:00:00Z,DE-LU,NL,444.0,1298.0,-134.0,6.36,27.0,0
2026-01-09T20:00:00Z,DE-LU,PL,1827.0,3092.0,-272.0,0,0,0
2026-01-09T20:00:00Z,DE-LU,CZ,1269.0,2659.0,1359.0,0,0,0
2026-01-09T20:00:00Z,DE-LU,DK1,1469.0,2297.0,675.0,0,0,0
2026-01-09T21:00:00Z,DE-LU,AT,1603.0,2070.0,1179.0,0,0,0
2026-01-09T21:00:00Z,DE-LU,FR,1968.0,3878.0,-2657.0,0,0,0
2026-01-09T21:00:00Z,DE-LU,NL,675.0,1865.0,-32.0,6.05,48.0,0
2026-01-09T21:00:00Z,DE-LU,PL,286.0,817.0,-436.0,7.14,4.0,0
2026-01-09T21:00:00Z,DE-LU,CZ,626.0,1019.0,-2.0,0,0,0
2026-01-09T21:00:00Z,DE-LU,DK1,1341.0,2469.0,1122.0,0,0,0
2026-01-09T22:00:00Z,DE-LU,AT,869.0,1586.0,849.0,0,0,0
2026-01-09T22:00:00Z,DE-LU,FR,3041.0,3417.0,-4.0,0,0,0
2026-01-09T22:00:00Z,DE-LU,NL,585.0,1235.0,875.0,0,0,0
2026-01-09T22:00:00Z,DE-LU,PL,620.0,1559.0,590.0,0,0,0
2026-01-09T22:00:00Z,DE-LU,CZ,2022.0,3641.0,-1376.0,0,0,13.0
2026-01-09T22:00:00Z,DE-LU,DK1,1404.0,1672.0,719.0,0,0,0
2026-01-09T23:00:00Z,DE-LU,AT,646.0,1968.0,-453.0,5.06,0,0
2026-01-09T23:00:00Z,DE-LU,FR,2910.0,3344.0,56.0,0,0,0
2026-01-09T23:00:00Z,DE-LU,NL,3153.0,4499.0,1634.0,0,0,0
2026-01-09T23:00:00Z,DE-LU,PL,323.0,887.0,645.0,0,0,0
2026-01-09T23:00:00Z,DE-LU,CZ,1672.0,2391.0,729.0,0,0,0
2026-01-09T23:00:00Z,DE-LU,DK1,1099.0,1743.0,-353.0,0,0,0
2026-01-10T00:00:00Z,DE-LU,AT,3026.0,3333.0,-1273.0,0,0,0
2026-01-10T00:00:00Z,DE-LU,FR,1216.0,3391.0,537.0,6.42,0,0
2026-01-10T00:00:00Z,DE-LU,NL,755.0,1712.0,-182.0,0,0,0
2026-01-10T00:00:00Z,DE-LU,PL,2201.0,4031.0,2054.0,0,0,8.0
2026-01-10T00:00:00Z,DE-LU,CZ,992.0,1127.0,393.0,0,0,0
2026-01-10T00:00:00Z,DE-LU,DK1,933.0,2441.0,1724.0,1.68,0,0
2026-01-10T01:00:00Z,DE-LU,AT,2369.0,4348.0,-2070.0,0,0,0
2026-01-10T01:00:00Z,DE-LU,FR,3205.0,3706.0,815.0,0,0,0
2026-01-10T01:00:00Z,DE-LU,NL,568.0,984.0,521.0,0,0,0
2026-01-10T01:00:00Z,DE-LU,PL,797.0,926.0,186.0,0,0,0
2026-01-10T01:00:00Z,DE-LU,CZ,798.0,1136.0,-202.0,0,0,0
2026-01-10T01:00:00Z,DE-LU,DK1,390.0,1012.0,-577.0,0,0,0
2026-01-10T02:00:00Z,DE-LU,AT,1824.0,3508.0,-1424.0,0,0,0
2026-01-10T02:00:00Z,DE-LU,FR,1202.0,1375.0,-985.0,0,0,0
2026-01-10T02:00:00Z,DE-LU,NL,2212.0,2756.0,-1173.0,0,0,0
2026-01-10T02:00:00Z,DE-LU,PL,727.0,961.0,394.0,0,0,0
2026-01-10T02:00:00Z,DE-LU,CZ,2871.0,4328.0,1875.0,0,0,0
2026-01-10T02:00:00Z,DE-LU,DK1,3581.0,4454.0,1180.0,0,0,0
2026-01-10T03:00:00Z,DE-LU,AT,1687.0,2292.0,1399.0,0,0,0
2026-01-10T03:00:00Z,DE-LU,FR,1258.0,3621.0,-414.0,2.08,0,0
2026-01-10T03:00:00Z,DE-LU,NL,1617.0,2638.0,1476.0,0,0,0
2026-01-10T03:00:00Z,DE-LU,PL,2851.0,3394.0,596.0,0,0,0
2026-01-10T03:00:00Z,DE-LU,CZ,2160.0,2805.0,1584.0,0,0,0
2026-01-10T03:00:00Z,DE-LU,DK1,1029.0,3380.0,1644.0,1.87,0,0
2026-01-10T04:00:00Z,DE-LU,AT,795.0,1095.0,107.0,0,0,0
2026-01-10T04:00:00Z,DE-LU,FR,341.0,953.0,415.0,0,0,0
2026-01-10T04:00:00Z,DE-LU,NL,1895.0,2875.0,-1115.0,0,0,0
2026-01-10T04:00:00Z,DE-LU,PL,613.0,1306.0,681.0,0,0,0
2026-01-10T04:00:00Z,DE-LU,CZ,1153.0,1609.0,282.0,0,0,0
2026-01-10T04:00:00Z,DE-LU,DK1,756.0,1495.0,611.0,0,0,0
2026-01-10T05:00:00Z,DE-LU,AT,1898.0,3267.0,773.0,0,0,0
2026-01-10T05:00:00Z,DE-LU,FR,3817.0,4192.0,1189.0,0,0,0
2026-01-10T05:00:00Z,DE-LU,NL,853.0,979.0,610.0,0,0,0
2026-01-10T05:00:00Z,DE-LU,PL,1525.0,3343.0,2452.0,0,0,0
2026-01-10T05:00:00Z,DE-LU,CZ,768.0,1965.0,-1259.0,0,0,0
2026-01-10T05:00:00Z,DE-LU,DK1,911.0,2094.0,-570.0,0,0,0
2026-01-10T06:00:00Z,DE-LU,AT,2964.0,4045.0,-2205.0,0,0,0
2026-01-10T06:00:00Z,DE-LU,FR,1159.0,1447.0,970.0,0,0,0
2026-01-10T06:00:00Z,DE-LU,NL,2915.0,3975.0,-1158.0,0,0,0
2026-01-10T06:00:00Z,DE-LU,PL,869.0,1454.0,-789.0,0,0,0
2026-01-10T06:00:00Z,DE-LU,CZ,1003.0,1580.0,235.0,0,0,0
2026-01-10T06:00:00Z,DE-LU,DK1,1450.0,2533.0,91.0,0,0,0
2026-01-10T07:00:00Z,DE-LU,AT,1443.0,1569.0,-885.0,0,0,0
2026-01-10T07:00:00Z,DE-LU,FR,780.0,924.0,-38.0,0,0,0
2026-01-10T07:00:00Z,DE-LU,NL,1524.0,2663.0,1068.0,0,0,0
2026-01-10T07:00:00Z,DE-LU,PL,2042.0,3935.0,1637.0,0,0,0
2026-01-10T07:00:00Z,DE-LU,CZ,1824.0,2533.0,-1502.0,0,0,0
2026-01-10T07:00:00Z,DE-LU,DK1,2396.0,2907.0,1257.0,0,0,0
2026-01-10T08:00:00Z,DE-LU,AT,1803.0,2562.0,460.0,0,0,0
2026-01-10T08:00:00Z,DE-LU,FR,691.0,1631.0,-935.0,0,0,0
2026-01-10T08:00:00Z,DE-LU,NL,904.0,1809.0,1141.0,0,0,0
2026-01-10T08:00:00Z,DE-LU,PL,1793.0,2972.0,-331.0,0,0,0
2026-01-10T08:00:00Z,DE-LU,CZ,2470.0,2776.0,-1397.0,0,0,0
2026-01-10T08:00:00Z,DE-LU,DK1,1978.0,2788.0,1481.0,0,0,0
2026-01-10T09:00:00Z,DE-LU,AT,869.0,1649.0,-1199.0,0,0,0
2026-01-10T09:00:00Z,DE-LU,FR,2053.0,3595.0,362.0,0,0,0
2026-01-10T09:00:00Z,DE-LU,NL,2460.0,3735.0,-124.0,0,0,0
2026-01-10T09:00:00Z,DE-LU,PL,3318.0,4438.0,574.0,0,0,0
2026-01-10T09:00:00Z,DE-LU,CZ,365.0,953.0,275.0,0,0,0
2026-01-10T09:00:00Z,DE-LU,DK1,2337.0,4031.0,-2105.0,0,0,0
2026-01-10T10:00:00Z,DE-LU,AT,648.0,1260.0,-261.0,0,0,0
2026-01-10T10:00:00Z,DE-LU,FR,789.0,1425.0,960.0,0,0,0
2026-01-10T10:00:00Z,DE-LU,NL,2800.0,3529.0,1357.0,0,0,0
2026-01-10T10:00:00Z,DE-LU,PL,1110.0,1790.0,309.0,0,0,0
2026-01-10T10:00:00Z,DE-LU,CZ,1752.0,2109.0,748.0,0,0,0
2026-01-10T10:00:00Z,DE-LU,DK1,1879.0,2692.0,233.0,0,0,0
2026-01-10T11:00:00Z,DE-LU,AT,1790.0,3016.0,-875.0,0,0,0
2026-01-10T11:00:00Z,DE-LU,FR,2436.0,3525.0,2794.0,0,0,0
2026-01-10T11:00:00Z,DE-LU,NL,1478.0,2443.0,-244.0,0,0,0
2026-01-10T11:00:00Z,DE-LU,PL,3533.0,3998.0,480.0,0,0,0
2026-01-10T11:00:00Z,DE-LU,CZ,800.0,868.0,-655.0,0,0,0
2026-01-10T11:00:00Z,DE-LU,DK1,686.0,1993.0,942.0,0,0,0
2026-01-10T12:00:00Z,DE-LU,AT,1670.0,4253.0,1519.0,0,0,0
2026-01-10T12:00:00Z,DE-LU,FR,1354.0,1507.0,-395.0,0,0,0
2026-01-10T12:00:00Z,DE-LU,NL,1122.0,2244.0,953.0,0,0,0
2026-01-10T12:00:00Z,DE-LU,PL,2427.0,4206.0,-3155.0,0,0,0
2026-01-10T12:00:00Z,DE-LU,CZ,1277.0,1855.0,1386.0,0,0,0
2026-01-10T12:00:00Z,DE-LU,DK1,3094.0,4428.0,2263.0,0,0,0
2026-01-10T13:00:00Z,DE-LU,AT,1695.0,2053.0,-473.0,0,0,0
2026-01-10T13:00:00Z,DE-LU,FR,747.0,1833.0,626.0,0,0,0
2026-01-10T13:00:00Z,DE-LU,NL,1841.0,3905.0,-1398.0,0,0,0
2026-01-10T13:00:00Z,DE-LU,PL,1978.0,2577.0,294.0,0,0,0
2026-01-10T13:00:00Z,DE-LU,CZ,1120.0,1455.0,-652.0,0,0,0
2026-01-10T13:00:00Z,DE-LU,DK1,1093.0,3608.0,2853.0,0,0,0
2026-01-10T14:00:00Z,DE-LU,AT,730.0,1023.0,-318.0,0,0,0
2026-01-10T14:00:00Z,DE-LU,FR,2545.0,3851.0,-2469.0,0,0,0
2026-01-10T14:00:00Z,DE-LU,NL,700.0,1962.0,-995.0,0,0,0
2026-01-10T14:00:00Z,DE-LU,PL,1316.0,1978.0,-1514.0,0,0,0
2026-01-10T14:00:00Z,DE-LU,CZ,709.0,827.0,150.0,0,0,0
2026-01-10T14:00:00Z,DE-LU,DK1,910.0,1058.0,786.0,0,0,0
2026-01-10T15:00:00Z,DE-LU,AT,1999.0,2233.0,-880.0,0,0,0
2026-01-10T15:00:00Z,DE-LU,FR,3328.0,3853.0,-2093.0,0,0,0
2026-01-10T15:00:00Z,DE-LU,NL,2810.0,3547.0,1371.0,0,0,0
2026-01-10T15:00:00Z,DE-LU,PL,461.0,1035.0,599.0,0,0,0
2026-01-10T15:00:00Z,DE-LU,CZ,2231.0,2393.0,-1351.0,0,0,0
2026-01-10T15:00:00Z,DE-LU,DK1,838.0,2169.0,-1256.0,7.93,51.0,0
2026-01-10T16:00:00Z,DE-LU,AT,1486.0,2930.0,428.0,0,0,0
2026-01-10T16:00:00Z,DE-LU,FR,1014.0,2295.0,-1366.0,0,0,0
2026-01-10T16:00:00Z,DE-LU,NL,1579.0,2967.0,789.0,0,0,0
2026-01-10T16:00:00Z,DE-LU,PL,2443.0,3862.0,-3072.0,0,0,0
2026-01-10T16:00:00Z,DE-LU,CZ,2589.0,2893.0,-1780.0,0,0,0
2026-01-10T16:00:00Z,DE-LU,DK1,488.0,1045.0,280.0,0,0,25.0
2026-01-10T17:00:00Z,DE-LU,AT,1289.0,3382.0,-970.0,0,0,0
2026-01-10T17:00:00Z,DE-LU,FR,2063.0,3901.0,-1137.0,0,0,0
2026-01-10T17:00:00Z,DE-LU,NL,3338.0,4373.0,-251.0,0,0,0
2026-01-10T17:00:00Z,DE-LU,PL,1271.0,4187.0,2797.0,5.36,0,0
2026-01-10T17:00:00Z,DE-LU,CZ,1325.0,2141.0,-377.0,0,0,0
2026-01-10T17:00:00Z,DE-LU,DK1,830.0,2086.0,1591.0,8.33,0,0
2026-01-10T18:00:00Z,DE-LU,AT,2925.0,3943.0,2447.0,0,0,0
2026-01-10T18:00:00Z,DE-LU,FR,687.0,1340.0,846.0,0,0,0
2026-01-10T18:00:00Z,DE-LU,NL,1111.0,1495.0,-36.0,0,0,0
2026-01-10T18:00:00Z,DE-LU,PL,1943.0,4373.0,908.0,0,0,0
2026-01-10T18:00:00Z,DE-LU,CZ,1177.0,2750.0,-1171.0,0,0,0
2026-01-10T18:00:00Z,DE-LU,DK1,1126.0,1437.0,885.0,0,0,0
2026-01-10T19:00:00Z,DE-LU,AT,971.0,2104.0,1399.0,0,0,0
2026-01-10T19:00:00Z,DE-LU,FR,1441.0,3009.0,1417.0,0,0,0
2026-01-10T19:00:00Z,DE-LU,NL,1155.0,2811.0,1971.0,0,0,0
2026-01-10T19:00:00Z,DE-LU,PL,2244.0,3471.0,1740.0,0,0,0
2026-01-10T19:00:00Z,DE-LU,CZ,1868.0,3649.0,2271.0,0,0,0
2026-01-10T19:00:00Z,DE-LU,DK1,1340.0,1552.0,-843.0,0,0,0
2026-01-10T20:00:00Z,DE-LU,AT,678.0,905.0,293.0,0,0,0
2026-01-10T20:00:00Z,DE-LU,FR,2680.0,3330.0,1392.0,0,0,0
2026-01-10T20:00:00Z,DE-LU,NL,2630.0,2785.0,798.0,0,0,0
2026-01-10T20:00:00Z,DE-LU,PL,2690.0,4286.0,295.0,0,0,0
2026-01-10T20:00:00Z,DE-LU,CZ,3827.0,4104.0,1342.0,0,0,0
2026-01-10T20:00:00Z,DE-LU,DK1,1722.0,2588.0,16.0,0,0,0
2026-01-10T21:00:00Z,DE-LU,AT,799.0,1125.0,577.0,0,0,0
2026-01-10T21:00:00Z,DE-LU,FR,1567.0,3194.0,804.0,0,0,0
2026-01-10T21:00:00Z,DE-LU,NL,1863.0,3168.0,1592.0,0,0,0
2026-01-10T21:00:00Z,DE-LU,PL,984.0,2126.0,151.0,0,0,0
2026-01-10T21:00:00Z,DE-LU,CZ,1115.0,2552.0,1336.0,0,0,0
2026-01-10T21:00:00Z,DE-LU,DK1,2062.0,3222.0,-1049.0,0,0,0
2026-01-10T22:00:00Z,DE-LU,AT,1102.0,2432.0,1069.0,0,0,0
2026-01-10T22:00:00Z,DE-LU,FR,873.0,1095.0,-79.0,0,0,0
2026-01-10T22:00:00Z,DE-LU,NL,2064.0,3476.0,-2025.0,0,0,0
2026-01-10T22:00:00Z,DE-LU,PL,1110.0,1708.0,-942.0,0,0,0
2026-01-10T22:00:00Z,DE-LU,CZ,3224.0,4236.0,2205.0,0,0,28.0
2026-01-10T22:00:00Z,DE-LU,DK1,4148.0,4428.0,1520.0,0,0,0
2026-01-10T23:00:00Z,DE-LU,AT,1044.0,3119.0,2264.0,1.62,21.0,0
2026-01-10T23:00:00Z,DE-LU,FR,2138.0,4448.0,2141.0,0,0,0
2026-01-10T23:00:00Z,DE-LU,NL,715.0,2319.0,-835.0,0.14,0,0
2026-01-10T23:00:00Z,DE-LU,PL,751.0,1158.0,107.0,0,0,0
2026-01-10T23:00:00Z,DE-LU,CZ,2126.0,2383.0,-987.0,0,0,0
2026-01-10T23:00:00Z,DE-LU,DK1,1451.0,2814.0,-471.0,0,0,0
2026-01-11T00:00:00Z,DE-LU,AT,1160.0,2645.0,629.0,0,0,0
2026-01-11T00:00:00Z,DE-LU,FR,906.0,2451.0,-51.0,0,0,0
2026-01-11T00:00:00Z,DE-LU,NL,1217.0,2149.0,1590.0,0,0,0
2026-01-11T00:00:00Z,DE-LU,PL,2628.0,2810.0,287.0,0,0,0
2026-01-11T00:00:00Z,DE-LU,CZ,1529.0,1840.0,-1307.0,0,0,0
2026-01-11T00:00:00Z,DE-LU,DK1,843.0,2120.0,1430.0,0.49,0,0
2026-01-11T01:00:00Z,DE-LU,AT,889.0,1399.0,209.0,0,0,0
2026-01-11T01:00:00Z,DE-LU,FR,1179.0,1943.0,-892.0,0,0,0
2026-01-11T01:00:00Z,DE-LU,NL,2299.0,2770.0,1862.0,0,0,0
2026-01-11T01:00:00Z,DE-LU,PL,1299.0,2112.0,-1156.0,0,0,0
2026-01-11T01:00:00Z,DE-LU,CZ,1895.0,4180.0,-3196.0,0,0,0
2026-01-11T01:00:00Z,DE-LU,DK1,499.0,1014.0,-692.0,0,0,0
2026-01-11T02:00:00Z,DE-LU,AT,1176.0,3484.0,-1402.0,0,0,0
2026-01-11T02:00:00Z,DE-LU,FR,3136.0,3523.0,-1106.0,0,0,0
2026-01-11T02:00:00Z,DE-LU,NL,843.0,1193.0,-32.0,0,0,0
2026-01-11T02:00:00Z,DE-LU,PL,3779.0,4206.0,-330.0,0,0,0
2026-01-11T02:00:00Z,DE-LU,CZ,2061.0,3549.0,-2701.0,0,0,0
2026-01-11T02:00:00Z,DE-LU,DK1,1033.0,1681.0,1137.0,0,0,0
2026-01-11T03:00:00Z,DE-LU,AT,3150.0,4499.0,111.0,0,0,0
2026-01-11T03:00:00Z,DE-LU,FR,883.0,2414.0,-1314.0,0,0,0
2026-01-11T03:00:00Z,DE-LU,NL,3365.0,3937.0,53.0,0,0,0
2026-01-11T03:00:00Z,DE-LU,PL,1068.0,1827.0,-532.0,0,0,0
2026-01-11T03:00:00Z,DE-LU,CZ,2632.0,2938.0,427.0,0,0,0
2026-01-11T03:00:00Z,DE-LU,DK1,1529.0,4334.0,-1705.0,0,0,0
2026-01-11T04:00:00Z,DE-LU,AT,3427.0,4129.0,2702.0,0,0,0
2026-01-11T04:00:00Z,DE-LU,FR,1448.0,3869.0,-1599.0,0,0,0
2026-01-11T04:00:00Z,DE-LU,NL,1559.0,1956.0,-1293.0,0,0,0
2026-01-11T04:00:00Z,DE-LU,PL,2506.0,2681.0,111.0,0,0,0
2026-01-11T04:00:00Z,DE-LU,CZ,1619.0,1902.0,-1013.0,0,0,0
2026-01-11T04:00:00Z,DE-LU,DK1,1029.0,2079.0,-264.0,0,0,0
2026-01-11T05:00:00Z,DE-LU,AT,1968.0,3855.0,434.0,0,0,0
2026-01-11T05:00:00Z,DE-LU,FR,1188.0,1531.0,1037.0,0,0,0
2026-01-11T05:00:00Z,DE-LU,NL,1102.0,2560.0,1832.0,0,0,0
2026-01-11T05:00:00Z,DE-LU,PL,1874.0,3231.0,1267.0,0,0,0
2026-01-11T05:00:00Z,DE-LU,CZ,969.0,1298.0,982.0,0,0,0
2026-01-11T05:00:00Z,DE-LU,DK1,3327.0,3982.0,-1894.0,0,0,0
2026-01-11T06:00:00Z,DE-LU,AT,2966.0,3774.0,1619.0,0,0,0
2026-01-11T06:00:00Z,DE-LU,FR,2016.0,2204.0,1313.0,0,0,0
2026-01-11T06:00:00Z,DE-LU,NL,1482.0,2300.0,-1266.0,0,0,0
2026-01-11T06:00:00Z,DE-LU,PL,1501.0,2018.0,468.0,0,0,0
2026-01-11T06:00:00Z,DE-LU,CZ,1108.0,1725.0,-383.0,0,0,0
2026-01-11T06:00:00Z,DE-LU,DK1,1780.0,2114.0,-227.0,0,0,0
2026-01-11T07:00:00Z,DE-LU,AT,352.0,939.0,575.0,1.76,51.0,0
2026-01-11T07:00:00Z,DE-LU,FR,2998.0,3815.0,1102.0,0,0,0
2026-01-11T07:00:00Z,DE-LU,NL,1264.0,1641.0,259.0,0,0,0
2026-01-11T07:00:00Z,DE-LU,PL,2346.0,2507.0,233.0,0,0,0
2026-01-11T07:00:00Z,DE-LU,CZ,1471.0,4288.0,-2909.0,0.82,26.0,10.0
2026-01-11T07:00:00Z,DE-LU,DK1,1890.0,2657.0,1692.0,0,0,0
2026-01-11T08:00:00Z,DE-LU,AT,3007.0,3504.0,1109.0,0,0,0
2026-01-11T08:00:00Z,DE-LU,FR,1290.0,1362.0,100.0,0,0,0
2026-01-11T08:00:00Z,DE-LU,NL,821.0,1197.0,-595.0,0,0,0
2026-01-11T08:00:00Z,DE-LU,PL,2498.0,3059.0,-1451.0,0,0,0
2026-01-11T08:00:00Z,DE-LU,CZ,965.0,2250.0,327.0,0,0,0
2026-01-11T08:00:00Z,DE-LU,DK1,2701.0,3104.0,-1343.0,0,0,0
2026-01-11T09:00:00Z,DE-LU,AT,952.0,2707.0,-722.0,0,0,0
2026-01-11T09:00:00Z,DE-LU,FR,2152.0,2333.0,654.0,0,0,0
2026-01-11T09:00:00Z,DE-LU,NL,1313.0,2494.0,1982.0,0,0,0
2026-01-11T09:00:00Z,DE-LU,PL,2247.0,4497.0,1507.0,0,0,0
2026-01-11T09:00:00Z,DE-LU,CZ,1451.0,1552.0,1209.0,0,0,0
2026-01-11T09:00:00Z,DE-LU,DK1,787.0,1007.0,419.0,0,0,0
2026-01-11T10:00:00Z,DE-LU,AT,470.0,859.0,-615.0,0,0,0
2026-01-11T10:00:00Z,DE-LU,FR,1027.0,1183.0,367.0,0,0,0
2026-01-11T10:00:00Z,DE-LU,NL,1935.0,2707.0,-1444.0,0,0,0
2026-01-11T10:00:00Z,DE-LU,PL,1253.0,3378.0,162.0,0,0,0
2026-01-11T10:00:00Z,DE-LU,CZ,2677.0,3183.0,-1726.0,0,0,0
2026-01-11T10:00:00Z,DE-LU,DK1,1009.0,1389.0,679.0,0,0,0
2026-01-11T11:00:00Z,DE-LU,AT,1368.0,3129.0,-2404.0,0,0,0
2026-01-11T11:00:00Z,DE-LU,FR,2889.0,3592.0,1855.0,0,0,0
2026-01-11T11:00:00Z,DE-LU,NL,1879.0,2041.0,-1611.0,0,0,0
2026-01-11T11:00:00Z,DE-LU,PL,1602.0,2427.0,-1023.0,0,0,0
2026-01-11T11:00:00Z,DE-LU,CZ,3076.0,3333.0,1757.0,0,0,0
2026-01-11T11:00:00Z,DE-LU,DK1,1591.0,2679.0,-643.0,0,0,0
2026-01-11T12:00:00Z,DE-LU,AT,1701.0,2838.0,868.0,0,0,0
2026-01-11T12:00:00Z,DE-LU,FR,3019.0,4160.0,1052.0,0,0,0
2026-01-11T12:00:00Z,DE-LU,NL,2115.0,2662.0,1539.0,0,0,0
2026-01-11T12:00:00Z,DE-LU,PL,1341.0,4292.0,1580.0,0,0,0
2026-01-11T12:00:00Z,DE-LU,CZ,1926.0,2326.0,608.0,0,0,0
2026-01-11T12:00:00Z,DE-LU,DK1,2576.0,2925.0,1673.0,0,0,0
2026-01-11T13:00:00Z,DE-LU,AT,803.0,962.0,498.0,0,0,0
2026-01-11T13:00:00Z,DE-LU,FR,1357.0,2671.0,-1969.0,0,0,0
2026-01-11T13:00:00Z,DE-LU,NL,1476.0,3193.0,-1449.0,0,0,4.0
2026-01-11T13:00:00Z,DE-LU,PL,2419.0,3039.0,375.0,0,0,0
2026-01-11T13:00:00Z,DE-LU,CZ,2729.0,2928.0,2034.0,0,0,0
2026-01-11T13:00:00Z,DE-LU,DK1,446.0,1228.0,-844.0,1.05,37.0,0
2026-01-11T14:00:00Z,DE-LU,AT,3213.0,4318.0,2534.0,0,0,0
2026-01-11T14:00:00Z,DE-LU,FR,2454.0,2646.0,-1964.0,0,0,0
2026-01-11T14:00:00Z,DE-LU,NL,665.0,1648.0,-435.0,0,0,0
2026-01-11T14:00:00Z,DE-LU,PL,486.0,1228.0,-899.0,0,0,0
2026-01-11T14:00:00Z,DE-LU,CZ,1141.0,1754.0,-713.0,0,0,0
2026-01-11T14:00:00Z,DE-LU,DK1,2250.0,2862.0,1412.0,0,0,0
2026-01-11T15:00:00Z,DE-LU,AT,3765.0,4372.0,2215.0,0,0,0
2026-01-11T15:00:00Z,DE-LU,FR,1015.0,1931.0,1036.0,0,0,0
2026-01-11T15:00:00Z,DE-LU,NL,947.0,1720.0,-312.0,0,0,0
2026-01-11T15:00:00Z,DE-LU,PL,1263.0,1914.0,1063.0,0,0,0
2026-01-11T15:00:00Z,DE-LU,CZ,2529.0,2984.0,1580.0,0,0,0
2026-01-11T15:00:00Z,DE-LU,DK1,419.0,944.0,733.0,0,0,0
2026-01-11T16:00:00Z,DE-LU,AT,2662.0,3753.0,146.0,0,0,0
2026-01-11T16:00:00Z,DE-LU,FR,519.0,807.0,-567.0,0,0,0
2026-01-11T16:00:00Z,DE-LU,NL,390.0,1003.0,405.0,3.85,0,0
2026-01-11T16:00:00Z,DE-LU,PL,2657.0,3211.0,1862.0,0,0,0
2026-01-11T16:00:00Z,DE-LU,CZ,952.0,2334.0,-1700.0,0,0,0
2026-01-11T16:00:00Z,DE-LU,DK1,3946.0,4389.0,-2541.0,0,0,0
2026-01-11T17:00:00Z,DE-LU,AT,1686.0,2535.0,1383.0,0,0,0
2026-01-11T17:00:00Z,DE-LU,FR,667.0,890.0,495.0,0,0,0
2026-01-11T17:00:00Z,DE-LU,NL,2302.0,2455.0,-577.0,0,0,0
2026-01-11T17:00:00Z,DE-LU,PL,3009.0,3407.0,-1860.0,0,0,0
2026-01-11T17:00:00Z,DE-LU,CZ,1477.0,1696.0,-1327.0,0,0,0
2026-01-11T17:00:00Z,DE-LU,DK1,1183.0,3442.0,1870.0,0,0,0
2026-01-11T18:00:00Z,DE-LU,AT,1776.0,3849.0,-509.0,0,0,0
2026-01-11T18:00:00Z,DE-LU,FR,744.0,2443.0,-133.0,0,0,0
2026-01-11T18:00:00Z,DE-LU,NL,1875.0,2977.0,245.0,0,0,0
2026-01-11T18:00:00Z,DE-LU,PL,1548.0,4488.0,2930.0,0,0,0
2026-01-11T18:00:00Z,DE-LU,CZ,2334.0,4434.0,2048.0,0,0,0
2026-01-11T18:00:00Z,DE-LU,DK1,1874.0,3306.0,2175.0,0,0,0
2026-01-11T19:00:00Z,DE-LU,AT,2696.0,3702.0,2789.0,0,0,0
2026-01-11T19:00:00Z,DE-LU,FR,1729.0,1972.0,-42.0,0,0,0
2026-01-11T19:00:00Z,DE-LU,NL,1044.0,1589.0,-1138.0,0,0,0
2026-01-11T19:00:00Z,DE-LU,PL,2794.0,4064.0,-2721.0,0,0,0
2026-01-11T19:00:00Z,DE-LU,CZ,3110.0,4156.0,-2741.0,0,0,0
2026-01-11T19:00:00Z,DE-LU,DK1,1568.0,2261.0,-791.0,0,0,0
2026-01-11T20:00:00Z,DE-LU,AT,2050.0,4272.0,974.0,0,0,0
2026-01-11T20:00:00Z,DE-LU,FR,2944.0,4194.0,-1496.0,0,0,0
2026-01-11T20:00:00Z,DE-LU,NL,1046.0,1394.0,635.0,0,0,0
2026-01-11T20:00:00Z,DE-LU,PL,2719.0,3200.0,-2560.0,0,0,0
2026-01-11T20:00:00Z,DE-LU,CZ,3017.0,3854.0,-789.0,0,0,0
2026-01-11T20:00:00Z,DE-LU,DK1,1084.0,1860.0,951.0,0,0,0
2026-01-11T21:00:00Z,DE-LU,AT,2197.0,2332.0,-1525.0,0,0,0
2026-01-11T21:00:00Z,DE-LU,FR,3176.0,3665.0,2413.0,0,0,0
2026-01-11T21:00:00Z,DE-LU,NL,2121.0,4470.0,-370.0,0,0,0
2026-01-11T21:00:00Z,DE-LU,PL,2378.0,3287.0,-34.0,0,0,0
2026-01-11T21:00:00Z,DE-LU,CZ,1023.0,2303.0,-1364.0,0,0,0
2026-01-11T21:00:00Z,DE-LU,DK1,2413.0,4398.0,1023.0,0,0,19.0
2026-01-11T22:00:00Z,DE-LU,AT,780.0,1190.0,-270.0,0,0,0
2026-01-11T22:00:00Z,DE-LU,FR,1002.0,1600.0,205.0,0,0,0
2026-01-11T22:00:00Z,DE-LU,NL,1614.0,2647.0,-454.0,0,0,0
2026-01-11T22:00:00Z,DE-LU,PL,3467.0,3855.0,2672.0,0,0,0
2026-01-11T22:00:00Z,DE-LU,CZ,1497.0,4369.0,-2863.0,0.11,6.0,0
2026-01-11T22:00:00Z,DE-LU,DK1,3666.0,3990.0,1357.0,0,0,0
2026-01-11T23:00:00Z,DE-LU,AT,537.0,1232.0,-966.0,0,0,0
2026-01-11T23:00:00Z,DE-LU,FR,2192.0,4070.0,1084.0,0,0,0
2026-01-11T23:00:00Z,DE-LU,NL,1961.0,4484.0,1851.0,0,0,0
2026-01-11T23:00:00Z,DE-LU,PL,2575.0,4043.0,-1364.0,0,0,0
2026-01-11T23:00:00Z,DE-LU,CZ,1036.0,2040.0,645.0,0,0,0
2026-01-11T23:00:00Z,DE-LU,DK1,1235.0,1392.0,-879.0,0,0,0
2026-01-12T00:00:00Z,DE-LU,AT,1627.0,3899.0,2570.0,0,0,0
2026-01-12T00:00:00Z,DE-LU,FR,1374.0,3303.0,-1384.0,0,0,0
2026-01-12T00:00:00Z,DE-LU,NL,1326.0,3256.0,-998.0,0,0,0
2026-01-12T00:00:00Z,DE-LU,PL,725.0,1783.0,641.0,0,0,0
2026-01-12T00:00:00Z,DE-LU,CZ,1032.0,1906.0,-1215.0,0,0,0
2026-01-12T00:00:00Z,DE-LU,DK1,1776.0,2601.0,948.0,0,0,0
2026-01-12T01:00:00Z,DE-LU,AT,2165.0,2506.0,-1425.0,0,0,0
2026-01-12T01:00:00Z,DE-LU,FR,1412.0,3415.0,-37.0,0,0,0
2026-01-12T01:00:00Z,DE-LU,NL,3702.0,4221.0,-2846.0,0,0,0
2026-01-12T01:00:00Z,DE-LU,PL,2073.0,4394.0,2145.0,0,0,0
2026-01-12T01:00:00Z,DE-LU,CZ,1170.0,1665.0,-839.0,0,0,0
2026-01-12T01:00:00Z,DE-LU,DK1,1298.0,1410.0,-823.0,0,0,0
2026-01-12T02:00:00Z,DE-LU,AT,400.0,1052.0,191.0,0.99,39.0,0
2026-01-12T02:00:00Z,DE-LU,FR,1369.0,3907.0,-2302.0,0,0,0
2026-01-12T02:00:00Z,DE-LU,NL,2426.0,4149.0,2092.0,0,0,0
2026-01-12T02:00:00Z,DE-LU,PL,2805.0,3110.0,-1431.0,0,0,0
2026-01-12T02:00:00Z,DE-LU,CZ,1263.0,3110.0,-740.0,0,0,0
2026-01-12T02:00:00Z,DE-LU,DK1,2427.0,2819.0,-1904.0,0,0,0
2026-01-12T03:00:00Z,DE-LU,AT,1277.0,1954.0,-291.0,0,0,0
2026-01-12T03:00:00Z,DE-LU,FR,1708.0,2980.0,1849.0,0,0,0
2026-01-12T03:00:00Z,DE-LU,NL,843.0,2231.0,1504.0,0,0,0
2026-01-12T03:00:00Z,DE-LU,PL,3785.0,4437.0,-2787.0,0,0,0
2026-01-12T03:00:00Z,DE-LU,CZ,1137.0,1823.0,-875.0,0,0,0
2026-01-12T03:00:00Z,DE-LU,DK1,851.0,978.0,-338.0,0,0,0
2026-01-12T04:00:00Z,DE-LU,AT,2290.0,2598.0,282.0,0,0,0
2026-01-12T04:00:00Z,DE-LU,FR,464.0,888.0,404.0,0,0,0
2026-01-12T04:00:00Z,DE-LU,NL,1873.0,4256.0,-2266.0,0,0,0
2026-01-12T04:00:00Z,DE-LU,PL,3171.0,4124.0,3108.0,0,0,0
2026-01-12T04:00:00Z,DE-LU,CZ,1805.0,4416.0,-1606.0,0,0,0
2026-01-12T04:00:00Z,DE-LU,DK1,790.0,2075.0,889.0,3.87,0,0
2026-01-12T05:00:00Z,DE-LU,AT,1356.0,1773.0,1267.0,0,0,0
2026-01-12T05:00:00Z,DE-LU,FR,1345.0,2139.0,645.0,0,0,0
2026-01-12T05:00:00Z,DE-LU,NL,1263.0,3664.0,-13.0,0,0,0
2026-01-12T05:00:00Z,DE-LU,PL,1601.0,3714.0,2502.0,0,0,0
2026-01-12T05:00:00Z,DE-LU,CZ,1061.0,1556.0,822.0,0,0,0
2026-01-12T05:00:00Z,DE-LU,DK1,1478.0,3055.0,1700.0,0,0,0
2026-01-12T06:00:00Z,DE-LU,AT,2546.0,2955.0,-467.0,0,0,0
2026-01-12T06:00:00Z,DE-LU,FR,1140.0,3735.0,2321.0,0.59,34.0,0
2026-01-12T06:00:00Z,DE-LU,NL,2674.0,4287.0,-1648.0,0,0,0
2026-01-12T06:00:00Z,DE-LU,PL,1286.0,2100.0,-456.0,0,0,4.0
2026-01-12T06:00:00Z,DE-LU,CZ,861.0,1339.0,-719.0,0,0,0
2026-01-12T06:00:00Z,DE-LU,DK1,471.0,1244.0,584.0,8.34,0.0,0
2026-01-12T07:00:00Z,DE-LU,AT,1001.0,1257.0,-335.0,0,0,0
2026-01-12T07:00:00Z,DE-LU,FR,1103.0,3462.0,-2729.0,0,0,0
2026-01-12T07:00:00Z,DE-LU,NL,3869.0,4253.0,-3274.0,0,0,0
2026-01-12T07:00:00Z,DE-LU,PL,1899.0,2953.0,1270.0,0,0,0
2026-01-12T07:00:00Z,DE-LU,CZ,3414.0,3824.0,-549.0,0,0,0
2026-01-12T07:00:00Z,DE-LU,DK1,2095.0,2709.0,943.0,0,0,0
2026-01-12T08:00:00Z,DE-LU,AT,2328.0,3291.0,1437.0,0,0,0
2026-01-12T08:00:00Z,DE-LU,FR,2241.0,2447.0,1084.0,0,0,0
2026-01-12T08:00:00Z,DE-LU,NL,3425.0,3948.0,-1982.0,0,0,0
2026-01-12T08:00:00Z,DE-LU,PL,2677.0,2897.0,-221.0,0,0,0
2026-01-12T08:00:00Z,DE-LU,CZ,3503.0,3793.0,-369.0,0,0,0
2026-01-12T08:00:00Z,DE-LU,DK1,1519.0,1877.0,58.0,0,0,0
2026-01-12T09:00:00Z,DE-LU,AT,2063.0,3092.0,321.0,0,0,0
2026-01-12T09:00:00Z,DE-LU,FR,1369.0,2791.0,-363.0,0,0,0
2026-01-12T09:00:00Z,DE-LU,NL,978.0,1105.0,417.0,0,0,0
2026-01-12T09:00:00Z,DE-LU,PL,2503.0,3453.0,-72.0,0,0,0
2026-01-12T09:00:00Z,DE-LU,CZ,3123.0,4251.0,1770.0,0,0,0
2026-01-12T09:00:00Z,DE-LU,DK1,954.0,1145.0,704.0,0,0,0
2026-01-12T10:00:00Z,DE-LU,AT,1181.0,3662.0,-1958.0,0,0,35.0
2026-01-12T10:00:00Z,DE-LU,FR,1033.0,1821.0,470.0,0,0,0
2026-01-12T10:00:00Z,DE-LU,NL,1850.0,3240.0,1263.0,0,0,0
2026-01-12T10:00:00Z,DE-LU,PL,716.0,1003.0,-217.0,0,0,0
2026-01-12T10:00:00Z,DE-LU,CZ,2309.0,2625.0,-1490.0,0,0,0
2026-01-12T10:00:00Z,DE-LU,DK1,656.0,1358.0,-329.0,0,0,0
2026-01-12T11:00:00Z,DE-LU,AT,1466.0,1948.0,1384.0,0,0,0
2026-01-12T11:00:00Z,DE-LU,FR,1677.0,3185.0,2061.0,0,0,0
2026-01-12T11:00:00Z,DE-LU,NL,2763.0,3677.0,-886.0,0,0,0
2026-01-12T11:00:00Z,DE-LU,PL,2186.0,2573.0,1274.0,0,0,0
2026-01-12T11:00:00Z,DE-LU,CZ,1964.0,3187.0,1774.0,0,0,0
2026-01-12T11:00:00Z,DE-LU,DK1,1318.0,1491.0,-818.0,0,0,0
2026-01-12T12:00:00Z,DE-LU,AT,756.0,996.0,-508.0,0,0,0
2026-01-12T12:00:00Z,DE-LU,FR,818.0,1525.0,-9.0,0,0,0
2026-01-12T12:00:00Z,DE-LU,NL,1155.0,2669.0,1822.0,0,0,0
2026-01-12T12:00:00Z,DE-LU,PL,564.0,912.0,-112.0,0,0,0
2026-01-12T12:00:00Z,DE-LU,CZ,1745.0,4193.0,-2097.0,0,0,0
2026-01-12T12:00:00Z,DE-LU,DK1,584.0,1002.0,-235.0,0,0,0
2026-01-12T13:00:00Z,DE-LU,AT,2683.0,3798.0,-2509.0,0,0,0
2026-01-12T13:00:00Z,DE-LU,FR,1427.0,2700.0,-403.0,0,0,0
2026-01-12T13:00:00Z,DE-LU,NL,2094.0,3461.0,-856.0,0,0,0
2026-01-12T13:00:00Z,DE-LU,PL,3631.0,4450.0,621.0,0,0,0
2026-01-12T13:00:00Z,DE-LU,CZ,1127.0,2833.0,-1830.0,0,0,0
2026-01-12T13:00:00Z,DE-LU,DK1,2092.0,3413.0,1744.0,0,0,0
2026-01-12T14:00:00Z,DE-LU,AT,1885.0,3540.0,1331.0,0,0,0
2026-01-12T14:00:00Z,DE-LU,FR,2330.0,3130.0,-1875.0,0,0,0
2026-01-12T14:00:00Z,DE-LU,NL,1467.0,4111.0,3129.0,0,0,0
2026-01-12T14:00:00Z,DE-LU,PL,1111.0,2110.0,-1053.0,0,0,0
2026-01-12T14:00:00Z,DE-LU,CZ,4103.0,4485.0,-2367.0,0,0,0
2026-01-12T14:00:00Z,DE-LU,DK1,3218.0,3902.0,-2189.0,0,0,0
2026-01-12T15:00:00Z,DE-LU,AT,2371.0,3926.0,-2905.0,0,0,0
2026-01-12T15:00:00Z,DE-LU,FR,987.0,1649.0,-540.0,0,0,0
2026-01-12T15:00:00Z,DE-LU,NL,1530.0,2835.0,226.0,0,0,0
2026-01-12T15:00:00Z,DE-LU,PL,1023.0,1784.0,-689.0,0,0,0
2026-01-12T15:00:00Z,DE-LU,CZ,1038.0,3181.0,512.0,0,0,0
2026-01-12T15:00:00Z,DE-LU,DK1,3959.0,4274.0,569.0,0,0,0
2026-01-12T16:00:00Z,DE-LU,AT,912.0,1823.0,-800.0,0,0,0
2026-01-12T16:00:00Z,DE-LU,FR,1241.0,3190.0,2227.0,0.9,0,0
2026-01-12T16:00:00Z,DE-LU,NL,2956.0,3472.0,1102.0,0,0,0
2026-01-12T16:00:00Z,DE-LU,PL,1306.0,4347.0,148.0,0,0,0
2026-01-12T16:00:00Z,DE-LU,CZ,1409.0,4294.0,3263.0,0,0,0
2026-01-12T16:00:00Z,DE-LU,DK1,1683.0,3843.0,612.0,0,0,0
2026-01-12T17:00:00Z,DE-LU,AT,633.0,866.0,641.0,0,0,0
2026-01-12T17:00:00Z,DE-LU,FR,826.0,1080.0,-493.0,0,0,0
2026-01-12T17:00:00Z,DE-LU,NL,565.0,1144.0,73.0,0,0,0
2026-01-12T17:00:00Z,DE-LU,PL,1190.0,2098.0,1297.0,0,0,0
2026-01-12T17:00:00Z,DE-LU,CZ,937.0,1550.0,83.0,0,0,0
2026-01-12T17:00:00Z,DE-LU,DK1,1884.0,3126.0,-1491.0,0,0,0
2026-01-12T18:00:00Z,DE-LU,AT,2202.0,3405.0,1023.0,0,0,0
2026-01-12T18:00:00Z,DE-LU,FR,1167.0,2620.0,1156.0,0,0,0
2026-01-12T18:00:00Z,DE-LU,NL,922.0,1311.0,-29.0,0,0,0
2026-01-12T18:00:00Z,DE-LU,PL,1344.0,1891.0,-81.0,0,0,0
2026-01-12T18:00:00Z,DE-LU,CZ,1790.0,3359.0,-1953.0,0,0,0
2026-01-12T18:00:00Z,DE-LU,DK1,2126.0,2252.0,954.0,0,0,0
2026-01-12T19:00:00Z,DE-LU,AT,1061.0,2047.0,-1499.0,0,0,0
2026-01-12T19:00:00Z,DE-LU,FR,3634.0,3982.0,2717.0,0,0,0
2026-01-12T19:00:00Z,DE-LU,NL,1027.0,2403.0,-620.0,0,0,0
2026-01-12T19:00:00Z,DE-LU,PL,709.0,1871.0,-594.0,9.97,0,0
2026-01-12T19:00:00Z,DE-LU,CZ,1224.0,1380.0,-327.0,0,0,0
2026-01-12T19:00:00Z,DE-LU,DK1,2714.0,4109.0,450.0,0,0,0
2026-01-12T20:00:00Z,DE-LU,AT,1582.0,2051.0,18.0,0,0,0
2026-01-12T20:00:00Z,DE-LU,FR,1293.0,1918.0,1236.0,0,0,0
2026-01-12T20:00:00Z,DE-LU,NL,1252.0,1394.0,-751.0,0,0,0
2026-01-12T20:00:00Z,DE-LU,PL,2005.0,3076.0,-1377.0,0,0,0
2026-01-12T20:00:00Z,DE-LU,CZ,1511.0,3481.0,733.0,0,0,0
2026-01-12T20:00:00Z,DE-LU,DK1,1328.0,1936.0,951.0,0,0,5.0
2026-01-12T21:00:00Z,DE-LU,AT,2471.0,2671.0,1993.0,0,0,0
2026-01-12T21:00:00Z,DE-LU,FR,2404.0,2629.0,-676.0,0,0,0
2026-01-12T21:00:00Z,DE-LU,NL,1453.0,1583.0,-545.0,0,0,0
2026-01-12T21:00:00Z,DE-LU,PL,1206.0,2983.0,-1543.0,0,0,0
2026-01-12T21:00:00Z,DE-LU,CZ,2670.0,3463.0,146.0,0,0,0
2026-01-12T21:00:00Z,DE-LU,DK1,2298.0,3810.0,-279.0,0,0,0
2026-01-12T22:00:00Z,DE-LU,AT,2334.0,4255.0,3201.0,0,0,0
2026-01-12T22:00:00Z,DE-LU,FR,1608.0,3749.0,2057.0,0,0,0
2026-01-12T22:00:00Z,DE-LU,NL,2647.0,2900.0,-2180.0,0,0,0
2026-01-12T22:00:00Z,DE-LU,PL,1661.0,3310.0,1010.0,0,0,0
2026-01-12T22:00:00Z,DE-LU,CZ,361.0,1112.0,-676.0,0,0,0
2026-01-12T22:00:00Z,DE-LU,DK1,479.0,1126.0,344.0,0,0,0
2026-01-12T23:00:00Z,DE-LU,AT,1154.0,1952.0,1206.0,0,0,0
2026-01-12T23:00:00Z,DE-LU,FR,1525.0,1869.0,-859.0,0,0,0
2026-01-12T23:00:00Z,DE-LU,NL,1514.0,2963.0,-853.0,0,0,0
2026-01-12T23:00:00Z,DE-LU,PL,464.0,856.0,-84.0,0,0,0
2026-01-12T23:00:00Z,DE-LU,CZ,2372.0,3494.0,-378.0,0,0,0
2026-01-12T23:00:00Z,DE-LU,DK1,640.0,1031.0,342.0,0,0,0
2026-01-13T00:00:00Z,DE-LU,AT,664.0,965.0,536.0,0,0,0
2026-01-13T00:00:00Z,DE-LU,FR,1564.0,2957.0,1909.0,0,0,0
2026-01-13T00:00:00Z,DE-LU,NL,869.0,1321.0,-545.0,0,0,0
2026-01-13T00:00:00Z,DE-LU,PL,1481.0,4475.0,1695.0,0,0,0
2026-01-13T00:00:00Z,DE-LU,CZ,1675.0,1810.0,-496.0,0,0,27.0
2026-01-13T00:00:00Z,DE-LU,DK1,1414.0,2002.0,286.0,0,0,0
2026-01-13T01:00:00Z,DE-LU,AT,1470.0,2034.0,-248.0,0,0,0
2026-01-13T01:00:00Z,DE-LU,FR,1560.0,2994.0,-1700.0,0,0,0
2026-01-13T01:00:00Z,DE-LU,NL,656.0,841.0,510.0,0,0,0
2026-01-13T01:00:00Z,DE-LU,PL,3523.0,4202.0,3153.0,0,0,0
2026-01-13T01:00:00Z,DE-LU,CZ,1735.0,2444.0,-519.0,0,0,0
2026-01-13T01:00:00Z,DE-LU,DK1,805.0,1090.0,476.0,0,0,0
2026-01-13T02:00:00Z,DE-LU,AT,1190.0,3437.0,1031.0,0,0,0
2026-01-13T02:00:00Z,DE-LU,FR,587.0,1686.0,-130.0,0.44,0,0
2026-01-13T02:00:00Z,DE-LU,NL,641.0,824.0,470.0,0,0,0
2026-01-13T02:00:00Z,DE-LU,PL,868.0,2328.0,-819.0,0,0,0
2026-01-13T02:00:00Z,DE-LU,CZ,1752.0,2109.0,-150.0,0,0,0
2026-01-13T02:00:00Z,DE-LU,DK1,1186.0,1833.0,-1051.0,0,0,0
2026-01-13T03:00:00Z,DE-LU,AT,1711.0,3870.0,1800.0,0,0,0
2026-01-13T03:00:00Z,DE-LU,FR,1457.0,2376.0,-1689.0,0,0,0
2026-01-13T03:00:00Z,DE-LU,NL,1352.0,2287.0,-109.0,0,0,0
2026-01-13T03:00:00Z,DE-LU,PL,2366.0,3563.0,385.0,0,0,0
2026-01-13T03:00:00Z,DE-LU,CZ,677.0,833.0,-329.0,0,0,0
2026-01-13T03:00:00Z,DE-LU,DK1,2407.0,2631.0,715.0,0,0,0
2026-01-13T04:00:00Z,DE-LU,AT,880.0,1603.0,-259.0,0,0,0
2026-01-13T04:00:00Z,DE-LU,FR,1018.0,1271.0,225.0,0,0,0
2026-01-13T04:00:00Z,DE-LU,NL,1514.0,1837.0,1275.0,0,0,0
2026-01-13T04:00:00Z,DE-LU,PL,1727.0,4179.0,1236.0,0,0,0
2026-01-13T04:00:00Z,DE-LU,CZ,1604.0,3828.0,2323.0,0,0,0
2026-01-13T04:00:00Z,DE-LU,DK1,964.0,1471.0,567.0,0,0,0
2026-01-13T05:00:00Z,DE-LU,AT,1256.0,1663.0,-665.0,0,0,0
2026-01-13T05:00:00Z,DE-LU,FR,1496.0,2199.0,573.0,0,0,0
2026-01-13T05:00:00Z,DE-LU,NL,1337.0,1731.0,-1259.0,0,0,0
2026-01-13T05:00:00Z,DE-LU,PL,734.0,2340.0,1310.0,0,0,0
2026-01-13T05:00:00Z,DE-LU,CZ,1913.0,2034.0,1311.0,0,0,0
2026-01-13T05:00:00Z,DE-LU,DK1,1896.0,2233.0,1186.0,0,0,0
2026-01-13T06:00:00Z,DE-LU,AT,896.0,980.0,461.0,0,0,0
2026-01-13T06:00:00Z,DE-LU,FR,1331.0,3968.0,-173.0,3.16,69.0,0
2026-01-13T06:00:00Z,DE-LU,NL,2626.0,3451.0,-201.0,0,0,0
2026-01-13T06:00:00Z,DE-LU,PL,2050.0,4186.0,-3097.0,0,0,0
2026-01-13T06:00:00Z,DE-LU,CZ,2575.0,3776.0,1349.0,0,0,0
2026-01-13T06:00:00Z,DE-LU,DK1,1064.0,1164.0,-482.0,0,0,0
2026-01-13T07:00:00Z,DE-LU,AT,1980.0,3631.0,1936.0,0,0,0
2026-01-13T07:00:00Z,DE-LU,FR,1600.0,3990.0,-1433.0,0,0,0
2026-01-13T07:00:00Z,DE-LU,NL,2925.0,3111.0,-1125.0,0,0,0
2026-01-13T07:00:00Z,DE-LU,PL,890.0,1159.0,587.0,0,0,0
2026-01-13T07:00:00Z,DE-LU,CZ,2802.0,2957.0,1761.0,0,0,0
2026-01-13T07:00:00Z,DE-LU,DK1,3779.0,4304.0,-2633.0,0,0,0
2026-01-13T08:00:00Z,DE-LU,AT,1133.0,2064.0,-1326.0,0,0,17.0
2026-01-13T08:00:00Z,DE-LU,FR,2382.0,3243.0,-2249.0,0,0,0
2026-01-13T08:00:00Z,DE-LU,NL,785.0,1858.0,-275.0,0,0,0
2026-01-13T08:00:00Z,DE-LU,PL,351.0,1142.0,-202.0,8.44,0,0
2026-01-13T08:00:00Z,DE-LU,CZ,483.0,1232.0,-881.0,2.46,0,0
2026-01-13T08:00:00Z,DE-LU,DK1,1676.0,2362.0,1722.0,0,0,0
2026-01-13T09:00:00Z,DE-LU,AT,541.0,1497.0,795.0,4.03,0,24.0
2026-01-13T09:00:00Z,DE-LU,FR,2122.0,3463.0,-338.0,0,0,0
2026-01-13T09:00:00Z,DE-LU,NL,850.0,2411.0,1072.0,0,0,0
2026-01-13T09:00:00Z,DE-LU,PL,1004.0,1755.0,493.0,0,0,0
2026-01-13T09:00:00Z,DE-LU,CZ,963.0,2775.0,1546.0,2.8,0,0
2026-01-13T09:00:00Z,DE-LU,DK1,631.0,800.0,-141.0,0,0,0
2026-01-13T10:00:00Z,DE-LU,AT,1078.0,1489.0,-37.0,0,0,0
2026-01-13T10:00:00Z,DE-LU,FR,1651.0,2948.0,1265.0,0,0,0
2026-01-13T10:00:00Z,DE-LU,NL,1158.0,1857.0,-159.0,0,0,0
2026-01-13T10:00:00Z,DE-LU,PL,906.0,1533.0,-558.0,0,0,0
2026-01-13T10:00:00Z,DE-LU,CZ,3359.0,3906.0,-1719.0,0,0,0
2026-01-13T10:00:00Z,DE-LU,DK1,642.0,1867.0,-240.0,8.71,10.0,0
2026-01-13T11:00:00Z,DE-LU,AT,477.0,913.0,-452.0,0,0,0
2026-01-13T11:00:00Z,DE-LU,FR,716.0,1517.0,-302.0,0,0,0
2026-01-13T11:00:00Z,DE-LU,NL,1151.0,3169.0,1896.0,0,0,0
2026-01-13T11:00:00Z,DE-LU,PL,1275.0,1859.0,130.0,0,0,0
2026-01-13T11:00:00Z,DE-LU,CZ,1204.0,1572.0,1091.0,0,0,0
2026-01-13T11:00:00Z,DE-LU,DK1,1413.0,3757.0,2763.0,2.63,0,0
2026-01-13T12:00:00Z,DE-LU,AT,1101.0,3015.0,1217.0,0,0,0
2026-01-13T12:00:00Z,DE-LU,FR,978.0,2365.0,-1400.0,0,0,0
2026-01-13T12:00:00Z,DE-LU,NL,1256.0,2509.0,-719.0,0,0,0
2026-01-13T12:00:00Z,DE-LU,PL,905.0,1936.0,436.0,0,0,0
2026-01-13T12:00:00Z,DE-LU,CZ,1712.0,2983.0,1764.0,0,0,0
2026-01-13T12:00:00Z,DE-LU,DK1,740.0,808.0,-122.0,0,0,0
2026-01-13T13:00:00Z,DE-LU,AT,639.0,1098.0,-462.0,0,0,0
2026-01-13T13:00:00Z,DE-LU,FR,633.0,1288.0,-875.0,0,0,0
2026-01-13T13:00:00Z,DE-LU,NL,1522.0,2414.0,-1304.0,0,0,0
2026-01-13T13:00:00Z,DE-LU,PL,268.0,888.0,614.0,0,0,0
2026-01-13T13:00:00Z,DE-LU,CZ,3813.0,4022.0,1179.0,0,0,0
2026-01-13T13:00:00Z,DE-LU,DK1,2162.0,2327.0,-1291.0,0,0,0
2026-01-13T14:00:00Z,DE-LU,AT,1166.0,2887.0,-2188.0,0,0,0
2026-01-13T14:00:00Z,DE-LU,FR,2059.0,3441.0,1811.0,0,0,0
2026-01-13T14:00:00Z,DE-LU,NL,3893.0,4439.0,2587.0,0,0,0
2026-01-13T14:00:00Z,DE-LU,PL,2355.0,2942.0,1611.0,0,0,0
2026-01-13T14:00:00Z,DE-LU,CZ,2432.0,4305.0,-1935.0,0,0,19.0
2026-01-13T14:00:00Z,DE-LU,DK1,1296.0,3885.0,2274.0,0,0,0
2026-01-13T15:00:00Z,DE-LU,AT,2402.0,4368.0,168.0,0,0,0
2026-01-13T15:00:00Z,DE-LU,FR,2065.0,2894.0,1215.0,0,0,0
2026-01-13T15:00:00Z,DE-LU,NL,1032.0,2630.0,437.0,0,0,0
2026-01-13T15:00:00Z,DE-LU,PL,848.0,2049.0,-129.0,0,0,0
2026-01-13T15:00:00Z,DE-LU,CZ,1336.0,2894.0,136.0,0,0,0
2026-01-13T15:00:00Z,DE-LU,DK1,3846.0,4170.0,337.0,0,0,0
2026-01-13T16:00:00Z,DE-LU,AT,947.0,2995.0,-468.0,0,0,0
2026-01-13T16:00:00Z,DE-LU,FR,1973.0,3894.0,1996.0,0,0,0
2026-01-13T16:00:00Z,DE-LU,NL,303.0,909.0,711.0,0,0,0
2026-01-13T16:00:00Z,DE-LU,PL,1806.0,3775.0,2320.0,0,0,0
2026-01-13T16:00:00Z,DE-LU,CZ,1267.0,2274.0,350.0,0,0,0
2026-01-13T16:00:00Z,DE-LU,DK1,764.0,930.0,-506.0,0,0,0
2026-01-13T17:00:00Z,DE-LU,AT,1013.0,3106.0,-798.0,1.22,66.0,0
2026-01-13T17:00:00Z,DE-LU,FR,1639.0,2134.0,-1560.0,0,0,0
2026-01-13T17:00:00Z,DE-LU,NL,1560.0,2542.0,-1232.0,0,0,0
2026-01-13T17:00:00Z,DE-LU,PL,1318.0,4161.0,-2406.0,0,0,0
2026-01-13T17:00:00Z,DE-LU,CZ,990.0,1370.0,219.0,0,0,0
2026-01-13T17:00:00Z,DE-LU,DK1,921.0,2761.0,-1760.0,0,0,0
2026-01-13T18:00:00Z,DE-LU,AT,1143.0,1712.0,-1295.0,0,0,0
2026-01-13T18:00:00Z,DE-LU,FR,1287.0,3071.0,-2195.0,0,0,0
2026-01-13T18:00:00Z,DE-LU,NL,1379.0,2935.0,-1372.0,0,0,0
2026-01-13T18:00:00Z,DE-LU,PL,1700.0,2256.0,-1120.0,0,0,0
2026-01-13T18:00:00Z,DE-LU,CZ,3098.0,4075.0,-1259.0,0,0,0
2026-01-13T18:00:00Z,DE-LU,DK1,2629.0,2991.0,-1573.0,0,0,0
2026-01-13T19:00:00Z,DE-LU,AT,2288.0,2850.0,830.0,0,0,0
2026-01-13T19:00:00Z,DE-LU,FR,1921.0,3748.0,-193.0,0,0,0
2026-01-13T19:00:00Z,DE-LU,NL,2357.0,3062.0,142.0,0,0,0
2026-01-13T19:00:00Z,DE-LU,PL,1920.0,2380.0,-1222.0,0,0,0
2026-01-13T19:00:00Z,DE-LU,CZ,748.0,2034.0,-860.0,2.44,16.0,0
2026-01-13T19:00:00Z,DE-LU,DK1,1494.0,2588.0,1676.0,0,0,0
2026-01-13T20:00:00Z,DE-LU,AT,2605.0,3299.0,-157.0,0,0,0
2026-01-13T20:00:00Z,DE-LU,FR,3340.0,4218.0,-1843.0,0,0,0
2026-01-13T20:00:00Z,DE-LU,NL,1725.0,2656.0,997.0,0,0,0
2026-01-13T20:00:00Z,DE-LU,PL,2800.0,4250.0,2966.0,0,0,0
2026-01-13T20:00:00Z,DE-LU,CZ,2484.0,2673.0,152.0,0,0,0
2026-01-13T20:00:00Z,DE-LU,DK1,1699.0,1802.0,-1196.0,0,0,0
2026-01-13T21:00:00Z,DE-LU,AT,1476.0,2605.0,657.0,0,0,0
2026-01-13T21:00:00Z,DE-LU,FR,879.0,1395.0,-1021.0,0,0,0
2026-01-13T21:00:00Z,DE-LU,NL,2386.0,2770.0,810.0,0,0,9.0
2026-01-13T21:00:00Z,DE-LU,PL,1547.0,2069.0,1645.0,0,0,0
2026-01-13T21:00:00Z,DE-LU,CZ,1794.0,3019.0,-929.0,0,0,0
2026-01-13T21:00:00Z,DE-LU,DK1,1308.0,2833.0,-1573.0,0,0,0
2026-01-13T22:00:00Z,DE-LU,AT,2388.0,2582.0,-2010.0,0,0,0
2026-01-13T22:00:00Z,DE-LU,FR,1964.0,4318.0,-1584.0,0,0,0
2026-01-13T22:00:00Z,DE-LU,NL,1064.0,1583.0,47.0,0,0,0
2026-01-13T22:00:00Z,DE-LU,PL,2436.0,4078.0,1123.0,0,0,0
2026-01-13T22:00:00Z,DE-LU,CZ,1059.0,2595.0,-454.0,0,0,0
2026-01-13T22:00:00Z,DE-LU,DK1,1819.0,3278.0,-1829.0,0,0,0
2026-01-13T23:00:00Z,DE-LU,AT,438.0,1098.0,-639.0,0,0,0
2026-01-13T23:00:00Z,DE-LU,FR,2179.0,2509.0,-1700.0,0,0,0
2026-01-13T23:00:00Z,DE-LU,NL,1059.0,2721.0,-462.0,0,0,0
2026-01-13T23:00:00Z,DE-LU,PL,909.0,958.0,-726.0,0,0,0
2026-01-13T23:00:00Z,DE-LU,CZ,835.0,1863.0,1032.0,0,0,0
2026-01-13T23:00:00Z,DE-LU,DK1,2365.0,3533.0,-267.0,0,0,0
2026-01-14T00:00:00Z,DE-LU,AT,920.0,2000.0,-1133.0,0,0,0
2026-01-14T00:00:00Z,DE-LU,FR,503.0,1105.0,-608.0,0,0,0
2026-01-14T00:00:00Z,DE-LU,NL,1306.0,2337.0,1082.0,0,0,0
2026-01-14T00:00:00Z,DE-LU,PL,847.0,1004.0,-176.0,0,0,0
2026-01-14T00:00:00Z,DE-LU,CZ,1328.0,2133.0,1344.0,0,0,0
2026-01-14T00:00:00Z,DE-LU,DK1,815.0,941.0,-54.0,0,0,0
2026-01-14T01:00:00Z,DE-LU,AT,1300.0,2077.0,-1469.0,0,0,0
2026-01-14T01:00:00Z,DE-LU,FR,3468.0,4329.0,978.0,0,0,0
2026-01-14T01:00:00Z,DE-LU,NL,2886.0,4042.0,-2826.0,0,0,0
2026-01-14T01:00:00Z,DE-LU,PL,1211.0,1441.0,-970.0,0,0,0
2026-01-14T01:00:00Z,DE-LU,CZ,1393.0,2094.0,-730.0,0,0,0
2026-01-14T01:00:00Z,DE-LU,DK1,1123.0,2598.0,578.0,0,0,0
2026-01-14T02:00:00Z,DE-LU,AT,1066.0,2600.0,772.0,0,0,0
2026-01-14T02:00:00Z,DE-LU,FR,887.0,1016.0,200.0,0,0,0
2026-01-14T02:00:00Z,DE-LU,NL,1589.0,2752.0,-1321.0,0,0,0
2026-01-14T02:00:00Z,DE-LU,PL,1826.0,4055.0,205.0,0,0,0
2026-01-14T02:00:00Z,DE-LU,CZ,894.0,1195.0,20.0,0,0,0
2026-01-14T02:00:00Z,DE-LU,DK1,1672.0,3462.0,-959.0,0,0,0
2026-01-14T03:00:00Z,DE-LU,AT,1855.0,2860.0,1200.0,0,0,0
2026-01-14T03:00:00Z,DE-LU,FR,3291.0,4100.0,82.0,0,0,0
2026-01-14T03:00:00Z,DE-LU,NL,1808.0,2921.0,-1351.0,0,0,0
2026-01-14T03:00:00Z,DE-LU,PL,1781.0,2704.0,-1425.0,0,0,0
2026-01-14T03:00:00Z,DE-LU,CZ,832.0,1059.0,-209.0,0,0,0
2026-01-14T03:00:00Z,DE-LU,DK1,1124.0,1538.0,-899.0,0,0,0
2026-01-14T04:00:00Z,DE-LU,AT,1825.0,2893.0,-1684.0,0,0,0
2026-01-14T04:00:00Z,DE-LU,FR,3471.0,4281.0,1557.0,0,0,0
2026-01-14T04:00:00Z,DE-LU,NL,2706.0,4016.0,-2086.0,0,0,0
2026-01-14T04:00:00Z,DE-LU,PL,911.0,1082.0,455.0,0,0,0
2026-01-14T04:00:00Z,DE-LU,CZ,2236.0,3862.0,-2540.0,0,0,0
2026-01-14T04:00:00Z,DE-LU,DK1,1942.0,4423.0,96.0,0,0,0
2026-01-14T05:00:00Z,DE-LU,AT,1748.0,1864.0,-1011.0,0,0,0
2026-01-14T05:00:00Z,DE-LU,FR,1249.0,3514.0,1152.0,0,0,0
2026-01-14T05:00:00Z,DE-LU,NL,460.0,871.0,50.0,0,0,0
2026-01-14T05:00:00Z,DE-LU,PL,1475.0,2395.0,910.0,0,0,0
2026-01-14T05:00:00Z,DE-LU,CZ,1610.0,3426.0,1632.0,0,0,0
2026-01-14T05:00:00Z,DE-LU,DK1,1937.0,2875.0,1481.0,0,0,0
2026-01-14T06:00:00Z,DE-LU,AT,2105.0,2683.0,-896.0,0,0,0
2026-01-14T06:00:00Z,DE-LU,FR,1373.0,2532.0,20.0,0,0,0
2026-01-14T06:00:00Z,DE-LU,NL,2617.0,3746.0,788.0,0,0,0
2026-01-14T06:00:00Z,DE-LU,PL,2650.0,2863.0,959.0,0,0,0
2026-01-14T06:00:00Z,DE-LU,CZ,1452.0,2707.0,1064.0,0,0,0
2026-01-14T06:00:00Z,DE-LU,DK1,330.0,957.0,-440.0,0,0,0
2026-01-14T07:00:00Z,DE-LU,AT,1665.0,3532.0,-997.0,0,0,0
2026-01-14T07:00:00Z,DE-LU,FR,682.0,1062.0,358.0,0,0,0
2026-01-14T07:00:00Z,DE-LU,NL,1280.0,2418.0,-1474.0,0,0,0
2026-01-14T07:00:00Z,DE-LU,PL,694.0,1370.0,-747.0,0,0,0
2026-01-14T07:00:00Z,DE-LU,CZ,752.0,1616.0,541.0,0,0,0
2026-01-14T07:00:00Z,DE-LU,DK1,854.0,2051.0,-870.0,0,0,0
2026-01-14T08:00:00Z,DE-LU,AT,1303.0,1708.0,-176.0,0,0,0
2026-01-14T08:00:00Z,DE-LU,FR,1371.0,1741.0,-480.0,0,0,0
2026-01-14T08:00:00Z,DE-LU,NL,627.0,833.0,-11.0,0,0,0
2026-01-14T08:00:00Z,DE-LU,PL,618.0,1357.0,46.0,0,0,0
2026-01-14T08:00:00Z,DE-LU,CZ,788.0,2252.0,-849.0,2.0,34.0,0
2026-01-14T08:00:00Z,DE-LU,DK1,556.0,1394.0,-672.0,0,0,0
2026-01-14T09:00:00Z,DE-LU,AT,1761.0,3203.0,-397.0,0,0,0
2026-01-14T09:00:00Z,DE-LU,FR,933.0,1060.0,593.0,0,0,0
2026-01-14T09:00:00Z,DE-LU,NL,1405.0,2178.0,223.0,0,0,0
2026-01-14T09:00:00Z,DE-LU,PL,360.0,807.0,52.0,0,0,0
2026-01-14T09:00:00Z,DE-LU,CZ,709.0,829.0,-633.0,0,0,0
2026-01-14T09:00:00Z,DE-LU,DK1,2870.0,4114.0,-1010.0,0,0,0
2026-01-14T10:00:00Z,DE-LU,AT,1395.0,1878.0,-965.0,0,0,0
2026-01-14T10:00:00Z,DE-LU,FR,809.0,1040.0,447.0,0,0,0
2026-01-14T10:00:00Z,DE-LU,NL,1647.0,2012.0,1186.0,0,0,0
2026-01-14T10:00:00Z,DE-LU,PL,3912.0,4285.0,3007.0,0,0,0
2026-01-14T10:00:00Z,DE-LU,CZ,1472.0,3275.0,-131.0,0,0,0
2026-01-14T10:00:00Z,DE-LU,DK1,2575.0,3777.0,941.0,0,0,0
2026-01-14T11:00:00Z,DE-LU,AT,844.0,2813.0,197.0,0,0,0
2026-01-14T11:00:00Z,DE-LU,FR,1670.0,2492.0,-1187.0,0,0,0
2026-01-14T11:00:00Z,DE-LU,NL,3477.0,4285.0,929.0,0,0,0
2026-01-14T11:00:00Z,DE-LU,PL,471.0,1237.0,647.0,0,0,0
2026-01-14T11:00:00Z,DE-LU,CZ,2379.0,3786.0,-1097.0,0,0,0
2026-01-14T11:00:00Z,DE-LU,DK1,2759.0,3098.0,1450.0,0,0,0
2026-01-14T12:00:00Z,DE-LU,AT,869.0,1246.0,13.0,0,0,0
2026-01-14T12:00:00Z,DE-LU,FR,2232.0,2650.0,361.0,0,0,0
2026-01-14T12:00:00Z,DE-LU,NL,996.0,2848.0,212.0,0,0,0
2026-01-14T12:00:00Z,DE-LU,PL,2189.0,2715.0,1061.0,0,0,0
2026-01-14T12:00:00Z,DE-LU,CZ,1322.0,4394.0,-72.0,0,0,0
2026-01-14T12:00:00Z,DE-LU,DK1,3909.0,4492.0,1151.0,0,0,0
2026-01-14T13:00:00Z,DE-LU,AT,747.0,1754.0,-1177.0,0,0,0
2026-01-14T13:00:00Z,DE-LU,FR,2206.0,3879.0,-149.0,0,0,7.0
2026-01-14T13:00:00Z,DE-LU,NL,516.0,841.0,-44.0,0,0,0
2026-01-14T13:00:00Z,DE-LU,PL,2954.0,3705.0,-159.0,0,0,0
2026-01-14T13:00:00Z,DE-LU,CZ,352.0,806.0,360.0,0,0,0
2026-01-14T13:00:00Z,DE-LU,DK1,990.0,2246.0,-1382.0,0,0,0
2026-01-14T14:00:00Z,DE-LU,AT,1005.0,1723.0,-224.0,0,0,0
2026-01-14T14:00:00Z,DE-LU,FR,1282.0,1818.0,-604.0,0,0,0
2026-01-14T14:00:00Z,DE-LU,NL,320.0,809.0,262.0,1.83,28.0,0
2026-01-14T14:00:00Z,DE-LU,PL,3694.0,4377.0,2798.0,0,0,0
2026-01-14T14:00:00Z,DE-LU,CZ,633.0,904.0,-560.0,0,0,0
2026-01-14T14:00:00Z,DE-LU,DK1,2785.0,3849.0,-2938.0,0,0,0
2026-01-14T15:00:00Z,DE-LU,AT,2270.0,4136.0,-840.0,0,0,0
2026-01-14T15:00:00Z,DE-LU,FR,441.0,1203.0,-781.0,7.6,0,0
2026-01-14T15:00:00Z,DE-LU,NL,574.0,1694.0,-1140.0,0,0,0
2026-01-14T15:00:00Z,DE-LU,PL,1133.0,1304.0,-620.0,0,0,0
2026-01-14T15:00:00Z,DE-LU,CZ,2538.0,2831.0,-1645.0,0,0,0
2026-01-14T15:00:00Z,DE-LU,DK1,1168.0,2893.0,-1994.0,0,0,0
2026-01-14T16:00:00Z,DE-LU,AT,3195.0,4465.0,2968.0,0,0,0
2026-01-14T16:00:00Z,DE-LU,FR,731.0,1628.0,256.0,0,0,0
2026-01-14T16:00:00Z,DE-LU,NL,659.0,1884.0,667.0,0,0,0
2026-01-14T16:00:00Z,DE-LU,PL,2085.0,3359.0,678.0,0,0,0
2026-01-14T16:00:00Z,DE-LU,CZ,859.0,2226.0,1228.0,5.02,59.0,0
2026-01-14T16:00:00Z,DE-LU,DK1,1286.0,1921.0,574.0,0,0,0
2026-01-14T17:00:00Z,DE-LU,AT,2630.0,3681.0,-124.0,0,0,0
2026-01-14T17:00:00Z,DE-LU,FR,2113.0,3014.0,-2319.0,0,0,0
2026-01-14T17:00:00Z,DE-LU,NL,1482.0,4270.0,-524.0,4.07,0,0
2026-01-14T17:00:00Z,DE-LU,PL,1905.0,3075.0,2229.0,0,0,0
2026-01-14T17:00:00Z,DE-LU,CZ,1422.0,1883.0,-468.0,0,0,0
2026-01-14T17:00:00Z,DE-LU,DK1,2318.0,4413.0,-1135.0,0,0,0
2026-01-14T18:00:00Z,DE-LU,AT,504.0,857.0,-169.0,0,0,0
2026-01-14T18:00:00Z,DE-LU,FR,1771.0,3102.0,453.0,0,0,0
2026-01-14T18:00:00Z,DE-LU,NL,3694.0,4487.0,-1183.0,0,0,0
2026-01-14T18:00:00Z,DE-LU,PL,2794.0,3089.0,1575.0,0,0,0
2026-01-14T18:00:00Z,DE-LU,CZ,2455.0,4012.0,-2341.0,0,0,0
2026-01-14T18:00:00Z,DE-LU,DK1,1904.0,4381.0,-1964.0,0,0,0
2026-01-14T19:00:00Z,DE-LU,AT,3032.0,3704.0,645.0,0,0,0
2026-01-14T19:00:00Z,DE-LU,FR,646.0,946.0,39.0,0,0,0
2026-01-14T19:00:00Z,DE-LU,NL,1486.0,2899.0,-833.0,0,0,0
2026-01-14T19:00:00Z,DE-LU,PL,1557.0,2096.0,1108.0,0,0,0
2026-01-14T19:00:00Z,DE-LU,CZ,1560.0,2341.0,979.0,0,0,0
2026-01-14T19:00:00Z,DE-LU,DK1,2277.0,4048.0,-814.0,0,0,0
2026-01-14T20:00:00Z,DE-LU,AT,1100.0,2056.0,472.0,0,0,0
2026-01-14T20:00:00Z,DE-LU,FR,1734.0,2880.0,-1592.0,0,0,0
2026-01-14T20:00:00Z,DE-LU,NL,1128.0,2792.0,486.0,0,0,0
2026-01-14T20:00:00Z,DE-LU,PL,845.0,1352.0,593.0,0,0,0
2026-01-14T20:00:00Z,DE-LU,CZ,1055.0,2676.0,329.0,1.71,0,0
2026-01-14T20:00:00Z,DE-LU,DK1,893.0,1739.0,-1347.0,0,0,0
2026-01-14T21:00:00Z,DE-LU,AT,1746.0,1867.0,-384.0,0,0,3.0
2026-01-14T21:00:00Z,DE-LU,FR,1723.0,2353.0,-1831.0,0,0,0
2026-01-14T21:00:00Z,DE-LU,NL,1713.0,2051.0,48.0,0,0,0
2026-01-14T21:00:00Z,DE-LU,PL,1522.0,1898.0,-1214.0,0,0,0
2026-01-14T21:00:00Z,DE-LU,CZ,2899.0,3547.0,2248.0,0,0,0
2026-01-14T21:00:00Z,DE-LU,DK1,1043.0,1514.0,282.0,0,0,0
2026-01-14T22:00:00Z,DE-LU,AT,2959.0,4356.0,-797.0,0,0,0
2026-01-14T22:00:00Z,DE-LU,FR,2053.0,4242.0,-2918.0,0,0,0
2026-01-14T22:00:00Z,DE-LU,NL,2785.0,4077.0,-747.0,0,0,0
2026-01-14T22:00:00Z,DE-LU,PL,2190.0,3625.0,1549.0,0,0,0
2026-01-14T22:00:00Z,DE-LU,CZ,1697.0,3079.0,-1706.0,0,0,0
2026-01-14T22:00:00Z,DE-LU,DK1,2027.0,2702.0,991.0,0,0,0
2026-01-14T23:00:00Z,DE-LU,AT,3729.0,4187.0,2803.0,0,0,0
2026-01-14T23:00:00Z,DE-LU,FR,1901.0,4176.0,-828.0,0,0,0
2026-01-14T23:00:00Z,DE-LU,NL,1036.0,2086.0,205.0,0,0,0
2026-01-14T23:00:00Z,DE-LU,PL,1847.0,2720.0,414.0,0,0,0
2026-01-14T23:00:00Z,DE-LU,CZ,3587.0,4409.0,-846.0,0,0,0
2026-01-14T23:00:00Z,DE-LU,DK1,1866.0,2016.0,-1115.0,0,0,0
2026-01-15T00:00:00Z,DE-LU,AT,2005.0,3041.0,149.0,0,0,0
2026-01-15T00:00:00Z,DE-LU,FR,850.0,2414.0,-232.0,1.71,20.0,0
2026-01-15T00:00:00Z,DE-LU,NL,1872.0,2150.0,-1439.0,0,0,0
2026-01-15T00:00:00Z,DE-LU,PL,1029.0,1982.0,-859.0,0,0,0
2026-01-15T00:00:00Z,DE-LU,CZ,1233.0,1929.0,9.0,0,0,0
2026-01-15T00:00:00Z,DE-LU,DK1,1207.0,2547.0,-736.0,0,0,0
2026-01-15T01:00:00Z,DE-LU,AT,576.0,1491.0,935.0,2.39,0,0
2026-01-15T01:00:00Z,DE-LU,FR,2157.0,4083.0,-2143.0,0,0,0
2026-01-15T01:00:00Z,DE-LU,NL,1059.0,2014.0,-1453.0,0,0,0
2026-01-15T01:00:00Z,DE-LU,PL,425.0,911.0,275.0,0,0,0
2026-01-15T01:00:00Z,DE-LU,CZ,3208.0,4299.0,899.0,0,0,0
2026-01-15T01:00:00Z,DE-LU,DK1,1806.0,2757.0,657.0,0,0,0
2026-01-15T02:00:00Z,DE-LU,AT,633.0,1567.0,444.0,0,0,0
2026-01-15T02:00:00Z,DE-LU,FR,3820.0,4391.0,-1088.0,0,0,0
2026-01-15T02:00:00Z,DE-LU,NL,1356.0,1923.0,1011.0,0,0,0
2026-01-15T02:00:00Z,DE-LU,PL,585.0,1220.0,-234.0,0,0,0
2026-01-15T02:00:00Z,DE-LU,CZ,1850.0,4195.0,-2718.0,0,0,0
2026-01-15T02:00:00Z,DE-LU,DK1,2657.0,3158.0,-1864.0,0,0,0
2026-01-15T03:00:00Z,DE-LU,AT,941.0,1533.0,7.0,0,0,0
2026-01-15T03:00:00Z,DE-LU,FR,690.0,1278.0,-993.0,0,0,0
2026-01-15T03:00:00Z,DE-LU,NL,1681.0,3958.0,1251.0,0,0,0
2026-01-15T03:00:00Z,DE-LU,PL,1706.0,3809.0,2469.0,0,0,0
2026-01-15T03:00:00Z,DE-LU,CZ,2065.0,3052.0,935.0,0,0,0
2026-01-15T03:00:00Z,DE-LU,DK1,1696.0,3591.0,693.0,0,0,0
2026-01-15T04:00:00Z,DE-LU,AT,2634.0,3222.0,260.0,0,0,0
2026-01-15T04:00:00Z,DE-LU,FR,518.0,832.0,436.0,0,0,0
2026-01-15T04:00:00Z,DE-LU,NL,3455.0,3932.0,-716.0,0,0,0
2026-01-15T04:00:00Z,DE-LU,PL,1372.0,2247.0,-582.0,0,0,0
2026-01-15T04:00:00Z,DE-LU,CZ,1510.0,2481.0,917.0,0,0,0
2026-01-15T04:00:00Z,DE-LU,DK1,1378.0,4363.0,2804.0,0,0,0
2026-01-15T05:00:00Z,DE-LU,AT,916.0,2124.0,64.0,0,0,0
2026-01-15T05:00:00Z,DE-LU,FR,458.0,1195.0,-840.0,0,0,0
2026-01-15T05:00:00Z,DE-LU,NL,770.0,2307.0,-1137.0,9.47,114.0,0
2026-01-15T05:00:00Z,DE-LU,PL,989.0,1398.0,-1035.0,0,0,0
2026-01-15T05:00:00Z,DE-LU,CZ,1128.0,1631.0,-365.0,0,0,0
2026-01-15T05:00:00Z,DE-LU,DK1,1235.0,3478.0,2572.0,2.92,0,0
2026-01-15T06:00:00Z,DE-LU,AT,1907.0,3638.0,250.0,0,0,0
2026-01-15T06:00:00Z,DE-LU,FR,2771.0,4187.0,2881.0,0,0,0
2026-01-15T06:00:00Z,DE-LU,NL,1231.0,1374.0,-1067.0,0,0,0
2026-01-15T06:00:00Z,DE-LU,PL,1740.0,2607.0,667.0,0,0,0
2026-01-15T06:00:00Z,DE-LU,CZ,1048.0,2045.0,-1002.0,0,0,0
2026-01-15T06:00:00Z,DE-LU,DK1,898.0,2892.0,2223.0,0,0,0
2026-01-15T07:00:00Z,DE-LU,AT,1262.0,1898.0,-425.0,0,0,0
2026-01-15T07:00:00Z,DE-LU,FR,1128.0,1626.0,825.0,0,0,0
2026-01-15T07:00:00Z,DE-LU,NL,738.0,1167.0,-609.0,0,0,0
2026-01-15T07:00:00Z,DE-LU,PL,1739.0,3462.0,71.0,0,0,0
2026-01-15T07:00:00Z,DE-LU,CZ,2554.0,4223.0,-2071.0,0,0,0
2026-01-15T07:00:00Z,DE-LU,DK1,683.0,2014.0,206.0,1.25,12.0,0
2026-01-15T08:00:00Z,DE-LU,AT,1346.0,1527.0,796.0,0,0,0
2026-01-15T08:00:00Z,DE-LU,FR,875.0,1421.0,220.0,0,0,0
2026-01-15T08:00:00Z,DE-LU,NL,1266.0,2499.0,1754.0,0,0,0
2026-01-15T08:00:00Z,DE-LU,PL,1617.0,2187.0,-594.0,0,0,0
2026-01-15T08:00:00Z,DE-LU,CZ,1215.0,2621.0,-1501.0,0,0,0
2026-01-15T08:00:00Z,DE-LU,DK1,533.0,926.0,508.0,0,0,0
2026-01-15T09:00:00Z,DE-LU,AT,1295.0,1894.0,179.0,0,0,0
2026-01-15T09:00:00Z,DE-LU,FR,349.0,856.0,214.0,0,0,0
2026-01-15T09:00:00Z,DE-LU,NL,2822.0,4091.0,-1794.0,0,0,0
2026-01-15T09:00:00Z,DE-LU,PL,1644.0,1780.0,1124.0,0,0,0
2026-01-15T09:00:00Z,DE-LU,CZ,3058.0,4158.0,127.0,0,0,0
2026-01-15T09:00:00Z,DE-LU,DK1,2153.0,4393.0,3265.0,0,0,0
2026-01-15T10:00:00Z,DE-LU,AT,2774.0,3600.0,1984.0,0,0,0
2026-01-15T10:00:00Z,DE-LU,FR,2192.0,2872.0,1066.0,0,0,0
2026-01-15T10:00:00Z,DE-LU,NL,2328.0,3045.0,4.0,0,0,0
2026-01-15T10:00:00Z,DE-LU,PL,389.0,1168.0,-499.0,0.54,0,0
2026-01-15T10:00:00Z,DE-LU,CZ,899.0,1323.0,-954.0,0,0,0
2026-01-15T10:00:00Z,DE-LU,DK1,2865.0,3646.0,-2696.0,0,0,0
2026-01-15T11:00:00Z,DE-LU,AT,695.0,829.0,-360.0,0,0,0
2026-01-15T11:00:00Z,DE-LU,FR,1680.0,1825.0,1085.0,0,0,0
2026-01-15T11:00:00Z,DE-LU,NL,600.0,1549.0,-802.0,0,0,0
2026-01-15T11:00:00Z,DE-LU,PL,564.0,1334.0,-205.0,0,0,0
2026-01-15T11:00:00Z,DE-LU,CZ,681.0,2160.0,936.0,8.59,0,0
2026-01-15T11:00:00Z,DE-LU,DK1,637.0,1810.0,-442.0,0,0,0
2026-01-15T12:00:00Z,DE-LU,AT,1424.0,1788.0,-766.0,0,0,0
2026-01-15T12:00:00Z,DE-LU,FR,1916.0,2955.0,-118.0,0,0,0
2026-01-15T12:00:00Z,DE-LU,NL,1237.0,1651.0,132.0,0,0,0
2026-01-15T12:00:00Z,DE-LU,PL,2025.0,3972.0,-372.0,0,0,0
2026-01-15T12:00:00Z,DE-LU,CZ,585.0,1915.0,953.0,0,0,0
2026-01-15T12:00:00Z,DE-LU,DK1,696.0,800.0,-450.0,0,0,0
2026-01-15T13:00:00Z,DE-LU,AT,3120.0,3663.0,410.0,0,0,0
2026-01-15T13:00:00Z,DE-LU,FR,1049.0,2740.0,-895.0,0,0,0
2026-01-15T13:00:00Z,DE-LU,NL,2013.0,3209.0,40.0,0,0,0
2026-01-15T13:00:00Z,DE-LU,PL,1766.0,3857.0,-1071.0,0,0,0
2026-01-15T13:00:00Z,DE-LU,CZ,3047.0,3568.0,2380.0,0,0,0
2026-01-15T13:00:00Z,DE-LU,DK1,2622.0,3057.0,1671.0,0,0,0
2026-01-15T14:00:00Z,DE-LU,AT,3937.0,4183.0,-2743.0,0,0,0
2026-01-15T14:00:00Z,DE-LU,FR,2216.0,2496.0,-936.0,0,0,0
2026-01-15T14:00:00Z,DE-LU,NL,1265.0,2937.0,1625.0,0,0,0
2026-01-15T14:00:00Z,DE-LU,PL,1589.0,1784.0,-1424.0,0,0,0
2026-01-15T14:00:00Z,DE-LU,CZ,1923.0,3180.0,880.0,0,0,0
2026-01-15T14:00:00Z,DE-LU,DK1,918.0,1145.0,-518.0,0,0,0
2026-01-15T15:00:00Z,DE-LU,AT,2646.0,3136.0,-30.0,0,0,0
2026-01-15T15:00:00Z,DE-LU,FR,1598.0,2502.0,-426.0,0,0,0
2026-01-15T15:00:00Z,DE-LU,NL,2112.0,4389.0,2558.0,0,0,0
2026-01-15T15:00:00Z,DE-LU,PL,982.0,2511.0,1948.0,0,0,0
2026-01-15T15:00:00Z,DE-LU,CZ,948.0,1429.0,-1069.0,0,0,0
2026-01-15T15:00:00Z,DE-LU,DK1,4082.0,4398.0,2905.0,0,0,0
2026-01-15T16:00:00Z,DE-LU,AT,1621.0,1814.0,-884.0,0,0,0
2026-01-15T16:00:00Z,DE-LU,FR,1696.0,3079.0,1338.0,0,0,0
2026-01-15T16:00:00Z,DE-LU,NL,1542.0,2603.0,-790.0,0,0,0
2026-01-15T16:00:00Z,DE-LU,PL,799.0,1459.0,-615.0,0,0,0
2026-01-15T16:00:00Z,DE-LU,CZ,2080.0,2379.0,221.0,0,0,12.0
2026-01-15T16:00:00Z,DE-LU,DK1,1606.0,3310.0,1555.0,0,0,0
2026-01-15T17:00:00Z,DE-LU,AT,2667.0,3069.0,-1021.0,0,0,0
2026-01-15T17:00:00Z,DE-LU,FR,3535.0,4030.0,2020.0,0,0,0
2026-01-15T17:00:00Z,DE-LU,NL,2002.0,3935.0,-1276.0,0,0,0
2026-01-15T17:00:00Z,DE-LU,PL,1388.0,2303.0,275.0,0,0,0
2026-01-15T17:00:00Z,DE-LU,CZ,1567.0,2165.0,1264.0,0,0,0
2026-01-15T17:00:00Z,DE-LU,DK1,920.0,1635.0,685.0,0,0,0
2026-01-15T18:00:00Z,DE-LU,AT,587.0,1681.0,-195.0,0,0,0
2026-01-15T18:00:00Z,DE-LU,FR,3468.0,4384.0,-2632.0,0,0,0
2026-01-15T18:00:00Z,DE-LU,NL,1383.0,2427.0,1339.0,0,0,0
2026-01-15T18:00:00Z,DE-LU,PL,899.0,2348.0,471.0,9.4,0,0
2026-01-15T18:00:00Z,DE-LU,CZ,1106.0,1744.0,421.0,0,0,0
2026-01-15T18:00:00Z,DE-LU,DK1,561.0,1684.0,-1000.0,1.51,0,0
2026-01-15T19:00:00Z,DE-LU,AT,2145.0,2353.0,-1039.0,0,0,0
2026-01-15T19:00:00Z,DE-LU,FR,442.0,1239.0,-679.0,0,0,0
2026-01-15T19:00:00Z,DE-LU,NL,1299.0,3221.0,1069.0,0,0,0
2026-01-15T19:00:00Z,DE-LU,PL,3572.0,3817.0,-1446.0,0,0,0
2026-01-15T19:00:00Z,DE-LU,CZ,2638.0,3154.0,-1755.0,0,0,0
2026-01-15T19:00:00Z,DE-LU,DK1,455.0,1064.0,-508.0,0,0,0
2026-01-15T20:00:00Z,DE-LU,AT,2119.0,4163.0,-2910.0,0,0,0
2026-01-15T20:00:00Z,DE-LU,FR,2410.0,3271.0,624.0,0,0,0
2026-01-15T20:00:00Z,DE-LU,NL,1573.0,3931.0,2584.0,0,0,0
2026-01-15T20:00:00Z,DE-LU,PL,1401.0,2544.0,1502.0,0,0,0
2026-01-15T20:00:00Z,DE-LU,CZ,1847.0,3948.0,-167.0,0,0,0
2026-01-15T20:00:00Z,DE-LU,DK1,1799.0,2461.0,1592.0,0,0,0
2026-01-15T21:00:00Z,DE-LU,AT,1700.0,2311.0,420.0,0,0,0
2026-01-15T21:00:00Z,DE-LU,FR,3057.0,3338.0,-706.0,0,0,0
2026-01-15T21:00:00Z,DE-LU,NL,2719.0,3255.0,-1231.0,0,0,0
2026-01-15T21:00:00Z,DE-LU,PL,2914.0,3249.0,-1512.0,0,0,0
2026-01-15T21:00:00Z,DE-LU,CZ,1411.0,4199.0,449.0,3.85,56.0,0
2026-01-15T21:00:00Z,DE-LU,DK1,2929.0,4228.0,2242.0,0,0,0
2026-01-15T22:00:00Z,DE-LU,AT,903.0,1429.0,-936.0,0,0,0
2026-01-15T22:00:00Z,DE-LU,FR,986.0,2375.0,-515.0,0,0,0
2026-01-15T22:00:00Z,DE-LU,NL,2437.0,3010.0,-1174.0,0,0,0
2026-01-15T22:00:00Z,DE-LU,PL,3023.0,4129.0,-3258.0,0,0,0
2026-01-15T22:00:00Z,DE-LU,CZ,1682.0,2747.0,-1747.0,0,0,0
2026-01-15T22:00:00Z,DE-LU,DK1,934.0,1060.0,-31.0,0,0,0
2026-01-15T23:00:00Z,DE-LU,AT,2987.0,3354.0,-924.0,0,0,0
2026-01-15T23:00:00Z,DE-LU,FR,1962.0,3129.0,-40.0,0,0,0
2026-01-15T23:00:00Z,DE-LU,NL,2083.0,2999.0,-41.0,0,0,0
2026-01-15T23:00:00Z,DE-LU,PL,1453.0,1631.0,981.0,0,0,0
2026-01-15T23:00:00Z,DE-LU,CZ,655.0,896.0,294.0,0,0,0
2026-01-15T23:00:00Z,DE-LU,DK1,2001.0,3061.0,-328.0,0,0,0
2026-01-16T00:00:00Z,DE-LU,AT,1492.0,2851.0,1331.0,0,0,0
2026-01-16T00:00:00Z,DE-LU,FR,2074.0,3810.0,1539.0,0,0,0
2026-01-16T00:00:00Z,DE-LU,NL,1602.0,2284.0,-251.0,0,0,0
2026-01-16T00:00:00Z,DE-LU,PL,3350.0,4495.0,2042.0,0,0,0
2026-01-16T00:00:00Z,DE-LU,CZ,879.0,1746.0,1086.0,0,0,0
2026-01-16T00:00:00Z,DE-LU,DK1,926.0,1015.0,496.0,0,0,0
2026-01-16T01:00:00Z,DE-LU,AT,2037.0,3438.0,-2483.0,0,0,0
2026-01-16T01:00:00Z,DE-LU,FR,808.0,949.0,300.0,0,0,0
2026-01-16T01:00:00Z,DE-LU,NL,3002.0,3322.0,-795.0,0,0,0
2026-01-16T01:00:00Z,DE-LU,PL,1776.0,2099.0,-106.0,0,0,0
2026-01-16T01:00:00Z,DE-LU,CZ,592.0,1355.0,155.0,0,0,0
2026-01-16T01:00:00Z,DE-LU,DK1,2845.0,3748.0,-1561.0,0,0,0
2026-01-16T02:00:00Z,DE-LU,AT,3685.0,4019.0,-1282.0,0,0,0
2026-01-16T02:00:00Z,DE-LU,FR,2456.0,2755.0,993.0,0,0,0
2026-01-16T02:00:00Z,DE-LU,NL,873.0,1285.0,-861.0,0,0,0
2026-01-16T02:00:00Z,DE-LU,PL,2272.0,2590.0,-1937.0,0,0,0
2026-01-16T02:00:00Z,DE-LU,CZ,1566.0,4108.0,-2295.0,0,0,0
2026-01-16T02:00:00Z,DE-LU,DK1,1953.0,2280.0,348.0,0,0,0
2026-01-16T03:00:00Z,DE-LU,AT,891.0,2204.0,-375.0,0,0,0
2026-01-16T03:00:00Z,DE-LU,FR,1052.0,1954.0,440.0,0,0,0
2026-01-16T03:00:00Z,DE-LU,NL,3017.0,3770.0,143.0,0,0,0
2026-01-16T03:00:00Z,DE-LU,PL,2513.0,3775.0,1192.0,0,0,0
2026-01-16T03:00:00Z,DE-LU,CZ,861.0,2634.0,1138.0,1.17,83.0,0
2026-01-16T03:00:00Z,DE-LU,DK1,588.0,1060.0,285.0,0,0,0
2026-01-16T04:00:00Z,DE-LU,AT,2899.0,3246.0,-855.0,0,0,0
2026-01-16T04:00:00Z,DE-LU,FR,1621.0,2125.0,1049.0,0,0,0
2026-01-16T04:00:00Z,DE-LU,NL,2324.0,3048.0,-1472.0,0,0,15.0
2026-01-16T04:00:00Z,DE-LU,PL,925.0,1246.0,404.0,0,0,0
2026-01-16T04:00:00Z,DE-LU,CZ,705.0,1200.0,336.0,0,0,0
2026-01-16T04:00:00Z,DE-LU,DK1,2370.0,2828.0,241.0,0,0,0
2026-01-16T05:00:00Z,DE-LU,AT,617.0,1665.0,-909.0,0,0,0
2026-01-16T05:00:00Z,DE-LU,FR,974.0,1087.0,-528.0,0,0,0
2026-01-16T05:00:00Z,DE-LU,NL,1480.0,2652.0,1893.0,0,0,0
2026-01-16T05:00:00Z,DE-LU,PL,1216.0,3710.0,-594.0,4.34,3.0,0
2026-01-16T05:00:00Z,DE-LU,CZ,2581.0,3958.0,-1181.0,0,0,0
2026-01-16T05:00:00Z,DE-LU,DK1,1489.0,3852.0,-1293.0,0,0,0
2026-01-16T06:00:00Z,DE-LU,AT,2687.0,4212.0,2612.0,0,0,0
2026-01-16T06:00:00Z,DE-LU,FR,2238.0,4224.0,-2581.0,0,0,0
2026-01-16T06:00:00Z,DE-LU,NL,640.0,1154.0,272.0,0,0,0
2026-01-16T06:00:00Z,DE-LU,PL,1984.0,4477.0,-711.0,0,0,0
2026-01-16T06:00:00Z,DE-LU,CZ,1075.0,1359.0,-1041.0,0,0,0
2026-01-16T06:00:00Z,DE-LU,DK1,772.0,1788.0,787.0,0,0,0
2026-01-16T07:00:00Z,DE-LU,AT,437.0,955.0,471.0,0,0,0
2026-01-16T07:00:00Z,DE-LU,FR,2450.0,3789.0,-2662.0,0,0,0
2026-01-16T07:00:00Z,DE-LU,NL,1690.0,2763.0,1545.0,0,0,0
2026-01-16T07:00:00Z,DE-LU,PL,1438.0,1925.0,20.0,0,0,0
2026-01-16T07:00:00Z,DE-LU,CZ,667.0,1442.0,-247.0,0,0,0
2026-01-16T07:00:00Z,DE-LU,DK1,1304.0,3111.0,-232.0,0,0,0
2026-01-16T08:00:00Z,DE-LU,AT,705.0,1363.0,173.0,0,0,0
2026-01-16T08:00:00Z,DE-LU,FR,2481.0,3407.0,-2501.0,0,0,0
2026-01-16T08:00:00Z,DE-LU,NL,1364.0,1650.0,664.0,0,0,0
2026-01-16T08:00:00Z,DE-LU,PL,1971.0,2491.0,-402.0,0,0,0
2026-01-16T08:00:00Z,DE-LU,CZ,722.0,2067.0,626.0,0,0,0
2026-01-16T08:00:00Z,DE-LU,DK1,2709.0,3703.0,-1374.0,0,0,0
2026-01-16T09:00:00Z,DE-LU,AT,408.0,1351.0,392.0,0.32,19.0,0
2026-01-16T09:00:00Z,DE-LU,FR,2071.0,3088.0,-1901.0,0,0,0
2026-01-16T09:00:00Z,DE-LU,NL,2572.0,3754.0,592.0,0,0,0
2026-01-16T09:00:00Z,DE-LU,PL,1862.0,3979.0,-302.0,0,0,0
2026-01-16T09:00:00Z,DE-LU,CZ,1184.0,1530.0,948.0,0,0,0
2026-01-16T09:00:00Z,DE-LU,DK1,1165.0,2824.0,1905.0,0,0,0
2026-01-16T10:00:00Z,DE-LU,AT,2500.0,4428.0,-2337.0,0,0,0
2026-01-16T10:00:00Z,DE-LU,FR,3131.0,4301.0,482.0,0,0,0
2026-01-16T10:00:00Z,DE-LU,NL,1267.0,2255.0,-1597.0,0,0,0
2026-01-16T10:00:00Z,DE-LU,PL,2403.0,4446.0,-2339.0,0,0,0
2026-01-16T10:00:00Z,DE-LU,CZ,1020.0,3028.0,-2337.0,0.79,0,0
2026-01-16T10:00:00Z,DE-LU,DK1,2245.0,2904.0,1135.0,0,0,0
2026-01-16T11:00:00Z,DE-LU,AT,774.0,936.0,-579.0,0,0,21.0
2026-01-16T11:00:00Z,DE-LU,FR,1005.0,1460.0,132.0,0,0,0
2026-01-16T11:00:00Z,DE-LU,NL,701.0,1145.0,315.0,0,0,0
2026-01-16T11:00:00Z,DE-LU,PL,1422.0,3877.0,-883.0,2.46,0,0
2026-01-16T11:00:00Z,DE-LU,CZ,3525.0,4461.0,795.0,0,0,0
2026-01-16T11:00:00Z,DE-LU,DK1,1837.0,4270.0,3401.0,0,0,0
2026-01-16T12:00:00Z,DE-LU,AT,1588.0,2994.0,-1736.0,0,0,0
2026-01-16T12:00:00Z,DE-LU,FR,537.0,1096.0,-531.0,0,0,0
2026-01-16T12:00:00Z,DE-LU,NL,1263.0,1345.0,904.0,0,0,0
2026-01-16T12:00:00Z,DE-LU,PL,2555.0,4057.0,-503.0,0,0,0
2026-01-16T12:00:00Z,DE-LU,CZ,2458.0,3233.0,1618.0,0,0,0
2026-01-16T12:00:00Z,DE-LU,DK1,2827.0,3379.0,1192.0,0,0,0
2026-01-16T13:00:00Z,DE-LU,AT,3029.0,3561.0,1701.0,0,0,0
2026-01-16T13:00:00Z,DE-LU,FR,2073.0,4168.0,-2864.0,0,0,0
2026-01-16T13:00:00Z,DE-LU,NL,1831.0,2240.0,-623.0,0,0,0
2026-01-16T13:00:00Z,DE-LU,PL,1677.0,2745.0,1656.0,0,0,0
2026-01-16T13:00:00Z,DE-LU,CZ,2112.0,3611.0,2067.0,0,0,0
2026-01-16T13:00:00Z,DE-LU,DK1,740.0,886.0,47.0,0,0,0
2026-01-16T14:00:00Z,DE-LU,AT,1447.0,3637.0,-1647.0,0,0,0
2026-01-16T14:00:00Z,DE-LU,FR,775.0,1768.0,517.0,0,0,0
2026-01-16T14:00:00Z,DE-LU,NL,970.0,1064.0,309.0,0,0,0
2026-01-16T14:00:00Z,DE-LU,PL,2876.0,3398.0,-377.0,0,0,0
2026-01-16T14:00:00Z,DE-LU,CZ,3045.0,3689.0,-590.0,0,0,0
2026-01-16T14:00:00Z,DE-LU,DK1,1123.0,1529.0,207.0,0,0,0
2026-01-16T15:00:00Z,DE-LU,AT,1534.0,3940.0,-1251.0,0,0,0
2026-01-16T15:00:00Z,DE-LU,FR,1084.0,1615.0,186.0,0,0,0
2026-01-16T15:00:00Z,DE-LU,NL,1253.0,1808.0,879.0,0,0,0
2026-01-16T15:00:00Z,DE-LU,PL,1757.0,3666.0,-1750.0,0,0,0
2026-01-16T15:00:00Z,DE-LU,CZ,1183.0,1267.0,-154.0,0,0,0
2026-01-16T15:00:00Z,DE-LU,DK1,1259.0,1424.0,-1096.0,0,0,0
2026-01-16T16:00:00Z,DE-LU,AT,1041.0,1440.0,544.0,0,0,0
2026-01-16T16:00:00Z,DE-LU,FR,439.0,887.0,-589.0,0,0,0
2026-01-16T16:00:00Z,DE-LU,NL,1371.0,1561.0,826.0,0,0,0
2026-01-16T16:00:00Z,DE-LU,PL,2628.0,3368.0,2515.0,0,0,0
2026-01-16T16:00:00Z,DE-LU,CZ,1992.0,2177.0,-1531.0,0,0,0
2026-01-16T16:00:00Z,DE-LU,DK1,2025.0,2797.0,-309.0,0,0,0
2026-01-16T17:00:00Z,DE-LU,AT,525.0,1407.0,950.0,0,0,0
2026-01-16T17:00:00Z,DE-LU,FR,1205.0,2649.0,401.0,0,0,0
2026-01-16T17:00:00Z,DE-LU,NL,2835.0,3407.0,599.0,0,0,0
2026-01-16T17:00:00Z,DE-LU,PL,1068.0,1897.0,1261.0,0,0,0
2026-01-16T17:00:00Z,DE-LU,CZ,3355.0,3665.0,-1940.0,0,0,0
2026-01-16T17:00:00Z,DE-LU,DK1,331.0,1038.0,-250.0,0,0,0
2026-01-16T18:00:00Z,DE-LU,AT,2581.0,4093.0,2563.0,0,0,0
2026-01-16T18:00:00Z,DE-LU,FR,3062.0,3549.0,2022.0,0,0,0
2026-01-16T18:00:00Z,DE-LU,NL,1723.0,3501.0,-750.0,0,0,0
2026-01-16T18:00:00Z,DE-LU,PL,1263.0,3332.0,-1804.0,2.91,79.0,0
2026-01-16T18:00:00Z,DE-LU,CZ,2191.0,3867.0,-3052.0,0,0,0
2026-01-16T18:00:00Z,DE-LU,DK1,1899.0,4380.0,-3419.0,0,0,0
2026-01-16T19:00:00Z,DE-LU,AT,2318.0,4171.0,1616.0,0,0,0
2026-01-16T19:00:00Z,DE-LU,FR,1811.0,4306.0,2047.0,0,0,0
2026-01-16T19:00:00Z,DE-LU,NL,1450.0,3424.0,96.0,0,0,0
2026-01-16T19:00:00Z,DE-LU,PL,1572.0,2386.0,-93.0,0,0,0
2026-01-16T19:00:00Z,DE-LU,CZ,1228.0,3015.0,-1050.0,0,0,0
2026-01-16T19:00:00Z,DE-LU,DK1,1745.0,3416.0,255.0,0,0,0
2026-01-16T20:00:00Z,DE-LU,AT,1467.0,1952.0,814.0,0,0,0
2026-01-16T20:00:00Z,DE-LU,FR,3622.0,3827.0,-2954.0,0,0,0
2026-01-16T20:00:00Z,DE-LU,NL,1114.0,3397.0,2593.0,0,0,0
2026-01-16T20:00:00Z,DE-LU,PL,869.0,1794.0,915.0,0,0,0
2026-01-16T20:00:00Z,DE-LU,CZ,2485.0,2911.0,-2106.0,0,0,0
2026-01-16T20:00:00Z,DE-LU,DK1,726.0,1700.0,1109.0,0,0,0
2026-01-16T21:00:00Z,DE-LU,AT,1308.0,2534.0,-463.0,0,0,0
2026-01-16T21:00:00Z,DE-LU,FR,1518.0,2617.0,1477.0,0,0,0
2026-01-16T21:00:00Z,DE-LU,NL,532.0,929.0,-128.0,0,0,0
2026-01-16T21:00:00Z,DE-LU,PL,845.0,977.0,-203.0,0,0,0
2026-01-16T21:00:00Z,DE-LU,CZ,1447.0,3246.0,753.0,0,0,0
2026-01-16T21:00:00Z,DE-LU,DK1,1845.0,1949.0,-1207.0,0,0,0
2026-01-16T22:00:00Z,DE-LU,AT,531.0,803.0,267.0,0,0,0
2026-01-16T22:00:00Z,DE-LU,FR,3186.0,3432.0,1699.0,0,0,0
2026-01-16T22:00:00Z,DE-LU,NL,2786.0,3248.0,137.0,0,0,0
2026-01-16T22:00:00Z,DE-LU,PL,354.0,1107.0,392.0,5.41,21.0,0
2026-01-16T22:00:00Z,DE-LU,CZ,531.0,977.0,276.0,0,0,0
2026-01-16T22:00:00Z,DE-LU,DK1,2308.0,3006.0,900.0,0,0,0
2026-01-16T23:00:00Z,DE-LU,AT,2737.0,4303.0,-857.0,0,0,0
2026-01-16T23:00:00Z,DE-LU,FR,823.0,988.0,-326.0,0,0,0
2026-01-16T23:00:00Z,DE-LU,NL,720.0,1410.0,-805.0,0,0,14.0
2026-01-16T23:00:00Z,DE-LU,PL,1933.0,2232.0,-633.0,0,0,0
2026-01-16T23:00:00Z,DE-LU,CZ,2933.0,3107.0,-999.0,0,0,0
2026-01-16T23:00:00Z,DE-LU,DK1,915.0,1687.0,-790.0,0,0,0
2026-01-17T00:00:00Z,DE-LU,AT,3038.0,4438.0,2239.0,0,0,0
2026-01-17T00:00:00Z,DE-LU,FR,2875.0,3284.0,627.0,0,0,0
2026-01-17T00:00:00Z,DE-LU,NL,892.0,1097.0,-313.0,0,0,0
2026-01-17T00:00:00Z,DE-LU,PL,510.0,976.0,503.0,0,0,0
2026-01-17T00:00:00Z,DE-LU,CZ,1344.0,3512.0,2786.0,6.39,0,0
2026-01-17T00:00:00Z,DE-LU,DK1,3331.0,4012.0,-1893.0,0,0,0
2026-01-17T01:00:00Z,DE-LU,AT,842.0,1874.0,890.0,0,0,0
2026-01-17T01:00:00Z,DE-LU,FR,2650.0,2948.0,-582.0,0,0,0
2026-01-17T01:00:00Z,DE-LU,NL,1125.0,1358.0,1032.0,0,0,0
2026-01-17T01:00:00Z,DE-LU,PL,2684.0,4129.0,2601.0,0,0,0
2026-01-17T01:00:00Z,DE-LU,CZ,1560.0,1954.0,1048.0,0,0,0
2026-01-17T01:00:00Z,DE-LU,DK1,777.0,895.0,79.0,0,0,0
2026-01-17T02:00:00Z,DE-LU,AT,1085.0,3540.0,2656.0,0,0,0
2026-01-17T02:00:00Z,DE-LU,FR,2871.0,3141.0,124.0,0,0,0
2026-01-17T02:00:00Z,DE-LU,NL,928.0,1348.0,-280.0,0,0,0
2026-01-17T02:00:00Z,DE-LU,PL,1483.0,1964.0,511.0,0,0,0
2026-01-17T02:00:00Z,DE-LU,CZ,3426.0,3987.0,-2293.0,0,0,0
2026-01-17T02:00:00Z,DE-LU,DK1,1656.0,3887.0,2647.0,0,0,0
2026-01-17T03:00:00Z,DE-LU,AT,909.0,1100.0,731.0,0,0,0
2026-01-17T03:00:00Z,DE-LU,FR,3412.0,3655.0,714.0,0,0,0
2026-01-17T03:00:00Z,DE-LU,NL,1814.0,2407.0,1424.0,0,0,0
2026-01-17T03:00:00Z,DE-LU,PL,2131.0,3199.0,-1776.0,0,0,0
2026-01-17T03:00:00Z,DE-LU,CZ,423.0,861.0,-598.0,0,0,0
2026-01-17T03:00:00Z,DE-LU,DK1,1951.0,2228.0,-1488.0,0,0,0
2026-01-17T04:00:00Z,DE-LU,AT,470.0,1492.0,391.0,4.08,0,0
2026-01-17T04:00:00Z,DE-LU,FR,1536.0,4133.0,-2019.0,3.85,0,0
2026-01-17T04:00:00Z,DE-LU,NL,1933.0,3522.0,967.0,0,0,0
2026-01-17T04:00:00Z,DE-LU,PL,1447.0,2098.0,-899.0,0,0,21.0
2026-01-17T04:00:00Z,DE-LU,CZ,1875.0,3670.0,-2171.0,0,0,0
2026-01-17T04:00:00Z,DE-LU,DK1,1570.0,2256.0,-1490.0,0,0,0
2026-01-17T05:00:00Z,DE-LU,AT,1067.0,2411.0,918.0,0,0,0
2026-01-17T05:00:00Z,DE-LU,FR,2167.0,2933.0,-2197.0,0,0,0
2026-01-17T05:00:00Z,DE-LU,NL,707.0,2357.0,854.0,0,0,0
2026-01-17T05:00:00Z,DE-LU,PL,1854.0,2026.0,735.0,0,0,0
2026-01-17T05:00:00Z,DE-LU,CZ,1591.0,4484.0,-1158.0,5.27,42.0,0
2026-01-17T05:00:00Z,DE-LU,DK1,1158.0,1671.0,693.0,0,0,0
2026-01-17T06:00:00Z,DE-LU,AT,1260.0,1742.0,593.0,0,0,0
2026-01-17T06:00:00Z,DE-LU,FR,2395.0,2748.0,-144.0,0,0,0
2026-01-17T06:00:00Z,DE-LU,NL,2613.0,3471.0,-422.0,0,0,0
2026-01-17T06:00:00Z,DE-LU,PL,1783.0,4044.0,-970.0,0,0,0
2026-01-17T06:00:00Z,DE-LU,CZ,1537.0,1893.0,-308.0,0,0,0
2026-01-17T06:00:00Z,DE-LU,DK1,1691.0,1929.0,1430.0,0,0,0
2026-01-17T07:00:00Z,DE-LU,AT,1353.0,1865.0,312.0,0,0,0
2026-01-17T07:00:00Z,DE-LU,FR,2007.0,3201.0,2254.0,0,0,0
2026-01-17T07:00:00Z,DE-LU,NL,1921.0,2248.0,1699.0,0,0,0
2026-01-17T07:00:00Z,DE-LU,PL,2557.0,2811.0,-742.0,0,0,0
2026-01-17T07:00:00Z,DE-LU,CZ,588.0,951.0,236.0,0,0,0
2026-01-17T07:00:00Z,DE-LU,DK1,2004.0,2604.0,-19.0,0,0,0
2026-01-17T08:00:00Z,DE-LU,AT,982.0,2085.0,1036.0,0,0,0
2026-01-17T08:00:00Z,DE-LU,FR,2379.0,3376.0,1135.0,0,0,0
2026-01-17T08:00:00Z,DE-LU,NL,2709.0,3534.0,1969.0,0,0,0
2026-01-17T08:00:00Z,DE-LU,PL,1661.0,2882.0,-1443.0,0,0,0
2026-01-17T08:00:00Z,DE-LU,CZ,517.0,1484.0,572.0,0,0,0
2026-01-17T08:00:00Z,DE-LU,DK1,453.0,1014.0,-182.0,0,0,4.0
2026-01-17T09:00:00Z,DE-LU,AT,840.0,1510.0,-1178.0,0,0,0
2026-01-17T09:00:00Z,DE-LU,FR,3493.0,3710.0,-1113.0,0,0,0
2026-01-17T09:00:00Z,DE-LU,NL,952.0,1500.0,-22.0,0,0,0
2026-01-17T09:00:00Z,DE-LU,PL,2530.0,2804.0,-1969.0,0,0,0
2026-01-17T09:00:00Z,DE-LU,CZ,513.0,1338.0,387.0,1.45,35.0,0
2026-01-17T09:00:00Z,DE-LU,DK1,2940.0,3793.0,-1226.0,0,0,0
2026-01-17T10:00:00Z,DE-LU,AT,2427.0,2839.0,274.0,0,0,0
2026-01-17T10:00:00Z,DE-LU,FR,967.0,2921.0,2003.0,6.26,0,0
2026-01-17T10:00:00Z,DE-LU,NL,2316.0,4046.0,985.0,0,0,0
2026-01-17T10:00:00Z,DE-LU,PL,1586.0,3459.0,1696.0,0,0,0
2026-01-17T10:00:00Z,DE-LU,CZ,1073.0,3473.0,-150.0,4.21,0,0
2026-01-17T10:00:00Z,DE-LU,DK1,1020.0,2710.0,-1796.0,0,0,0
2026-01-17T11:00:00Z,DE-LU,AT,924.0,1628.0,-562.0,0,0,0
2026-01-17T11:00:00Z,DE-LU,FR,1030.0,2341.0,-705.0,0,0,0
2026-01-17T11:00:00Z,DE-LU,NL,1186.0,1315.0,-996.0,0,0,0
2026-01-17T11:00:00Z,DE-LU,PL,2721.0,4012.0,2993.0,0,0,0
2026-01-17T11:00:00Z,DE-LU,CZ,1649.0,3591.0,1346.0,0,0,0
2026-01-17T11:00:00Z,DE-LU,DK1,1500.0,2919.0,857.0,0,0,0
2026-01-17T12:00:00Z,DE-LU,AT,2864.0,3495.0,2632.0,0,0,0
2026-01-17T12:00:00Z,DE-LU,FR,1835.0,2987.0,-851.0,0,0,0
2026-01-17T12:00:00Z,DE-LU,NL,2850.0,3098.0,55.0,0,0,0
2026-01-17T12:00:00Z,DE-LU,PL,630.0,1619.0,164.0,0,0,0
2026-01-17T12:00:00Z,DE-LU,CZ,1104.0,1768.0,-1041.0,0,0,0
2026-01-17T12:00:00Z,DE-LU,DK1,2367.0,3315.0,757.0,0,0,0
2026-01-17T13:00:00Z,DE-LU,AT,2179.0,4183.0,-3097.0,0,0,0
2026-01-17T13:00:00Z,DE-LU,FR,1930.0,2405.0,747.0,0,0,0
2026-01-17T13:00:00Z,DE-LU,NL,1319.0,3277.0,-2426.0,0,0,0
2026-01-17T13:00:00Z,DE-LU,PL,1598.0,4376.0,-2820.0,0,0,0
2026-01-17T13:00:00Z,DE-LU,CZ,867.0,2259.0,-109.0,4.36,60.0,0
2026-01-17T13:00:00Z,DE-LU,DK1,923.0,1902.0,-692.0,0,0,0
2026-01-17T14:00:00Z,DE-LU,AT,2188.0,3282.0,-1090.0,0,0,0
2026-01-17T14:00:00Z,DE-LU,FR,888.0,1172.0,-759.0,0,0,0
2026-01-17T14:00:00Z,DE-LU,NL,1380.0,1646.0,-758.0,0,0,0
2026-01-17T14:00:00Z,DE-LU,PL,4173.0,4457.0,-3169.0,0,0,0
2026-01-17T14:00:00Z,DE-LU,CZ,692.0,1697.0,350.0,0,0,0
2026-01-17T14:00:00Z,DE-LU,DK1,1604.0,1979.0,-216.0,0,0,0
2026-01-17T15:00:00Z,DE-LU,AT,766.0,1678.0,-1257.0,0,0,0
2026-01-17T15:00:00Z,DE-LU,FR,1819.0,3138.0,-2063.0,0,0,0
2026-01-17T15:00:00Z,DE-LU,NL,2880.0,3641.0,-2347.0,0,0,0
2026-01-17T15:00:00Z,DE-LU,PL,1270.0,2411.0,1169.0,0,0,0
2026-01-17T15:00:00Z,DE-LU,CZ,677.0,2141.0,681.0,0,0,0
2026-01-17T15:00:00Z,DE-LU,DK1,3331.0,3841.0,893.0,0,0,0
2026-01-17T16:00:00Z,DE-LU,AT,364.0,877.0,-34.0,0,0,0
2026-01-17T16:00:00Z,DE-LU,FR,1489.0,2206.0,907.0,0,0,0
2026-01-17T16:00:00Z,DE-LU,NL,729.0,2023.0,204.0,1.61,0,0
2026-01-17T16:00:00Z,DE-LU,PL,1179.0,2292.0,406.0,0,0,0
2026-01-17T16:00:00Z,DE-LU,CZ,1149.0,1815.0,-289.0,0,0,0
2026-01-17T16:00:00Z,DE-LU,DK1,792.0,1684.0,615.0,0,0,0
2026-01-17T17:00:00Z,DE-LU,AT,2257.0,3559.0,-2821.0,0,0,0
2026-01-17T17:00:00Z,DE-LU,FR,2434.0,2970.0,-2086.0,0,0,0
2026-01-17T17:00:00Z,DE-LU,NL,1860.0,3916.0,-2845.0,0,0,0
2026-01-17T17:00:00Z,DE-LU,PL,952.0,1711.0,-626.0,0,0,0
2026-01-17T17:00:00Z,DE-LU,CZ,1227.0,1346.0,-1064.0,0,0,0
2026-01-17T17:00:00Z,DE-LU,DK1,1501.0,2544.0,1240.0,0,0,0
2026-01-17T18:00:00Z,DE-LU,AT,2469.0,2767.0,-1507.0,0,0,0
2026-01-17T18:00:00Z,DE-LU,FR,672.0,1842.0,1421.0,0.37,0,0
2026-01-17T18:00:00Z,DE-LU,NL,1319.0,1435.0,-855.0,0,0,0
2026-01-17T18:00:00Z,DE-LU,PL,505.0,865.0,-280.0,0,0,0
2026-01-17T18:00:00Z,DE-LU,CZ,1680.0,2818.0,-1595.0,0,0,1.0
2026-01-17T18:00:00Z,DE-LU,DK1,1318.0,1467.0,-256.0,0,0,0
2026-01-17T19:00:00Z,DE-LU,AT,1744.0,2480.0,600.0,0,0,5.0
2026-01-17T19:00:00Z,DE-LU,FR,920.0,2263.0,-1442.0,0,0,0
2026-01-17T19:00:00Z,DE-LU,NL,2008.0,2372.0,-825.0,0,0,0
2026-01-17T19:00:00Z,DE-LU,PL,1411.0,2874.0,-1179.0,0,0,0
2026-01-17T19:00:00Z,DE-LU,CZ,853.0,2481.0,928.0,0,0,0
2026-01-17T19:00:00Z,DE-LU,DK1,1531.0,1937.0,958.0,0,0,0
2026-01-17T20:00:00Z,DE-LU,AT,1106.0,1613.0,1079.0,0,0,0
2026-01-17T20:00:00Z,DE-LU,FR,2253.0,2954.0,-2203.0,0,0,0
2026-01-17T20:00:00Z,DE-LU,NL,919.0,1308.0,639.0,0,0,0
2026-01-17T20:00:00Z,DE-LU,PL,1286.0,3549.0,-894.0,0,0,0
2026-01-17T20:00:00Z,DE-LU,CZ,1172.0,3731.0,-2816.0,0,0,0
2026-01-17T20:00:00Z,DE-LU,DK1,1445.0,3299.0,-1828.0,0,0,0
2026-01-17T21:00:00Z,DE-LU,AT,1631.0,1849.0,722.0,0,0,0
2026-01-17T21:00:00Z,DE-LU,FR,2000.0,4094.0,2630.0,0,0,17.0
2026-01-17T21:00:00Z,DE-LU,NL,1939.0,3638.0,-986.0,0,0,0
2026-01-17T21:00:00Z,DE-LU,PL,1945.0,2361.0,35.0,0,0,0
2026-01-17T21:00:00Z,DE-LU,CZ,1285.0,1992.0,60.0,0,0,0
2026-01-17T21:00:00Z,DE-LU,DK1,2267.0,3185.0,885.0,0,0,0
2026-01-17T22:00:00Z,DE-LU,AT,2230.0,4140.0,1756.0,0,0,0
2026-01-17T22:00:00Z,DE-LU,FR,2739.0,3792.0,2768.0,0,0,0
2026-01-17T22:00:00Z,DE-LU,NL,841.0,2124.0,-546.0,0,0,24.0
2026-01-17T22:00:00Z,DE-LU,PL,2201.0,3087.0,1116.0,0,0,0
2026-01-17T22:00:00Z,DE-LU,CZ,1102.0,2027.0,-788.0,0,0,0
2026-01-17T22:00:00Z,DE-LU,DK1,323.0,905.0,-274.0,4.61,0,0
2026-01-17T23:00:00Z,DE-LU,AT,2450.0,3395.0,1510.0,0,0,0
2026-01-17T23:00:00Z,DE-LU,FR,2316.0,3942.0,-1802.0,0,0,0
2026-01-17T23:00:00Z,DE-LU,NL,1547.0,3318.0,-252.0,0,0,0
2026-01-17T23:00:00Z,DE-LU,PL,509.0,1593.0,-1048.0,0,0,0
2026-01-17T23:00:00Z,DE-LU,CZ,1345.0,2742.0,-629.0,0,0,0
2026-01-17T23:00:00Z,DE-LU,DK1,1130.0,2616.0,-448.0,0,0,0
2026-01-18T00:00:00Z,DE-LU,AT,343.0,845.0,-631.0,0,0,0
2026-01-18T00:00:00Z,DE-LU,FR,1346.0,2569.0,2007.0,0,0,0
2026-01-18T00:00:00Z,DE-LU,NL,1207.0,2212.0,-697.0,0,0,0
2026-01-18T00:00:00Z,DE-LU,PL,503.0,988.0,387.0,0,0,0
2026-01-18T00:00:00Z,DE-LU,CZ,1207.0,3336.0,2395.0,0,0,0
2026-01-18T00:00:00Z,DE-LU,DK1,1189.0,2869.0,-1215.0,0,0,0
2026-01-18T01:00:00Z,DE-LU,AT,2315.0,3645.0,-159.0,0,0,0
2026-01-18T01:00:00Z,DE-LU,FR,1897.0,2223.0,19.0,0,0,0
2026-01-18T01:00:00Z,DE-LU,NL,1662.0,3474.0,172.0,0,0,0
2026-01-18T01:00:00Z,DE-LU,PL,1076.0,1223.0,-122.0,0,0,0
2026-01-18T01:00:00Z,DE-LU,CZ,2598.0,3958.0,-151.0,0,0,0
2026-01-18T01:00:00Z,DE-LU,DK1,854.0,1348.0,81.0,0,0,0
2026-01-18T02:00:00Z,DE-LU,AT,1101.0,2316.0,1805.0,0,0,0
2026-01-18T02:00:00Z,DE-LU,FR,1093.0,1264.0,178.0,0,0,0
2026-01-18T02:00:00Z,DE-LU,NL,1074.0,3301.0,-1942.0,1.18,0,0
2026-01-18T02:00:00Z,DE-LU,PL,777.0,891.0,-153.0,0,0,0
2026-01-18T02:00:00Z,DE-LU,CZ,1902.0,2003.0,873.0,0,0,0
2026-01-18T02:00:00Z,DE-LU,DK1,1517.0,2739.0,-1731.0,0,0,0
2026-01-18T03:00:00Z,DE-LU,AT,3346.0,4417.0,1267.0,0,0,0
2026-01-18T03:00:00Z,DE-LU,FR,1238.0,1947.0,938.0,0,0,0
2026-01-18T03:00:00Z,DE-LU,NL,835.0,1152.0,-303.0,0,0,0
2026-01-18T03:00:00Z,DE-LU,PL,863.0,1504.0,-127.0,0,0,0
2026-01-18T03:00:00Z,DE-LU,CZ,2408.0,2862.0,2278.0,0,0,0
2026-01-18T03:00:00Z,DE-LU,DK1,1070.0,1221.0,480.0,0,0,0
2026-01-18T04:00:00Z,DE-LU,AT,672.0,1561.0,652.0,0,0,0
2026-01-18T04:00:00Z,DE-LU,FR,2650.0,4438.0,1562.0,0,0,0
2026-01-18T04:00:00Z,DE-LU,NL,2039.0,2948.0,-922.0,0,0,0
2026-01-18T04:00:00Z,DE-LU,PL,3042.0,4276.0,2032.0,0,0,0
2026-01-18T04:00:00Z,DE-LU,CZ,581.0,1629.0,231.0,0.16,9.0,0
2026-01-18T04:00:00Z,DE-LU,DK1,2657.0,3025.0,-279.0,0,0,0
2026-01-18T05:00:00Z,DE-LU,AT,2475.0,3376.0,43.0,0,0,0
2026-01-18T05:00:00Z,DE-LU,FR,927.0,1047.0,233.0,0,0,0
2026-01-18T05:00:00Z,DE-LU,NL,1148.0,2150.0,1119.0,0,0,0
2026-01-18T05:00:00Z,DE-LU,PL,2092.0,3606.0,1971.0,0,0,0
2026-01-18T05:00:00Z,DE-LU,CZ,1858.0,3476.0,-937.0,0,0,0
2026-01-18T05:00:00Z,DE-LU,DK1,3413.0,3815.0,-2846.0,0,0,0
2026-01-18T06:00:00Z,DE-LU,AT,2539.0,3908.0,-715.0,0,0,0
2026-01-18T06:00:00Z,DE-LU,FR,772.0,1372.0,148.0,0,0,0
2026-01-18T06:00:00Z,DE-LU,NL,2392.0,4373.0,-2009.0,0,0,0
2026-01-18T06:00:00Z,DE-LU,PL,860.0,2488.0,1280.0,3.13,0,0
2026-01-18T06:00:00Z,DE-LU,CZ,1296.0,1482.0,836.0,0,0,0
2026-01-18T06:00:00Z,DE-LU,DK1,1530.0,4036.0,2249.0,1.47,0,0
2026-01-18T07:00:00Z,DE-LU,AT,1513.0,2016.0,-698.0,0,0,0
2026-01-18T07:00:00Z,DE-LU,FR,3618.0,3882.0,464.0,0,0,0
2026-01-18T07:00:00Z,DE-LU,NL,1595.0,2123.0,690.0,0,0,0
2026-01-18T07:00:00Z,DE-LU,PL,1821.0,2200.0,-1327.0,0,0,0
2026-01-18T07:00:00Z,DE-LU,CZ,3224.0,3734.0,-2782.0,0,0,0
2026-01-18T07:00:00Z,DE-LU,DK1,789.0,1280.0,-792.0,0,0,0
2026-01-18T08:00:00Z,DE-LU,AT,835.0,1027.0,-437.0,0,0,0
2026-01-18T08:00:00Z,DE-LU,FR,1065.0,1374.0,810.0,0,0,0
2026-01-18T08:00:00Z,DE-LU,NL,1978.0,2621.0,2087.0,0,0,0
2026-01-18T08:00:00Z,DE-LU,PL,492.0,878.0,477.0,0,0,0
2026-01-18T08:00:00Z,DE-LU,CZ,1206.0,3089.0,-1048.0,0,0,0
2026-01-18T08:00:00Z,DE-LU,DK1,2503.0,3557.0,786.0,0,0,0
2026-01-18T09:00:00Z,DE-LU,AT,1802.0,2704.0,-1899.0,0,0,0
2026-01-18T09:00:00Z,DE-LU,FR,1945.0,4460.0,-1324.0,0,0,0
2026-01-18T09:00:00Z,DE-LU,NL,615.0,892.0,67.0,0,0,0
2026-01-18T09:00:00Z,DE-LU,PL,2025.0,2380.0,13.0,0,0,0
2026-01-18T09:00:00Z,DE-LU,CZ,2134.0,3721.0,-771.0,0,0,0
2026-01-18T09:00:00Z,DE-LU,DK1,1023.0,2263.0,-351.0,0,0,0
2026-01-18T10:00:00Z,DE-LU,AT,928.0,2938.0,808.0,0,0,0
2026-01-18T10:00:00Z,DE-LU,FR,321.0,985.0,-612.0,1.99,0,0
2026-01-18T10:00:00Z,DE-LU,NL,915.0,2680.0,1324.0,0,0,0
2026-01-18T10:00:00Z,DE-LU,PL,876.0,1370.0,-158.0,0,0,0
2026-01-18T10:00:00Z,DE-LU,CZ,1209.0,1885.0,1356.0,0,0,0
2026-01-18T10:00:00Z,DE-LU,DK1,740.0,1641.0,798.0,0,0,0
2026-01-18T11:00:00Z,DE-LU,AT,1315.0,4023.0,-1528.0,1.86,70.0,0
2026-01-18T11:00:00Z,DE-LU,FR,692.0,1694.0,-892.0,0,0,0
2026-01-18T11:00:00Z,DE-LU,NL,1131.0,1348.0,728.0,0,0,0
2026-01-18T11:00:00Z,DE-LU,PL,726.0,1118.0,-861.0,0,0,15.0
2026-01-18T11:00:00Z,DE-LU,CZ,1387.0,2326.0,-1048.0,0,0,0
2026-01-18T11:00:00Z,DE-LU,DK1,688.0,2209.0,1740.0,0,0,0
2026-01-18T12:00:00Z,DE-LU,AT,666.0,1847.0,-328.0,0,0,0
2026-01-18T12:00:00Z,DE-LU,FR,1038.0,2466.0,569.0,0,0,0
2026-01-18T12:00:00Z,DE-LU,NL,591.0,1118.0,845.0,0,0,0
2026-01-18T12:00:00Z,DE-LU,PL,648.0,819.0,406.0,0,0,0
2026-01-18T12:00:00Z,DE-LU,CZ,1998.0,4111.0,355.0,0,0,0
2026-01-18T12:00:00Z,DE-LU,DK1,953.0,2817.0,-2067.0,0,0,0
2026-01-18T13:00:00Z,DE-LU,AT,2806.0,4297.0,865.0,0,0,0
2026-01-18T13:00:00Z,DE-LU,FR,1955.0,2688.0,1417.0,0,0,0
2026-01-18T13:00:00Z,DE-LU,NL,1384.0,1589.0,-355.0,0,0,0
2026-01-18T13:00:00Z,DE-LU,PL,348.0,1102.0,-68.0,0,0,0
2026-01-18T13:00:00Z,DE-LU,CZ,1806.0,1939.0,-443.0,0,0,0
2026-01-18T13:00:00Z,DE-LU,DK1,2435.0,3897.0,-364.0,0,0,0
2026-01-18T14:00:00Z,DE-LU,AT,1860.0,3459.0,1378.0,0,0,0
2026-01-18T14:00:00Z,DE-LU,FR,826.0,1408.0,195.0,0,0,0
2026-01-18T14:00:00Z,DE-LU,NL,786.0,1992.0,-906.0,0,0,0
2026-01-18T14:00:00Z,DE-LU,PL,1713.0,3924.0,1002.0,0,0,0
2026-01-18T14:00:00Z,DE-LU,CZ,2650.0,4402.0,-640.0,0,0,0
2026-01-18T14:00:00Z,DE-LU,DK1,2587.0,3641.0,2514.0,0,0,0
2026-01-18T15:00:00Z,DE-LU,AT,3612.0,4180.0,1225.0,0,0,0
2026-01-18T15:00:00Z,DE-LU,FR,2057.0,4497.0,-621.0,0,0,18.0
2026-01-18T15:00:00Z,DE-LU,NL,1226.0,2283.0,-696.0,0,0,0
2026-01-18T15:00:00Z,DE-LU,PL,3711.0,3962.0,-3131.0,0,0,0
2026-01-18T15:00:00Z,DE-LU,CZ,4171.0,4394.0,1980.0,0,0,0
2026-01-18T15:00:00Z,DE-LU,DK1,3393.0,3662.0,-2476.0,0,0,0
2026-01-18T16:00:00Z,DE-LU,AT,536.0,1497.0,180.0,0,0,0
2026-01-18T16:00:00Z,DE-LU,FR,2030.0,3479.0,-584.0,0,0,0
2026-01-18T16:00:00Z,DE-LU,NL,1138.0,3462.0,1821.0,0,0,0
2026-01-18T16:00:00Z,DE-LU,PL,3325.0,3609.0,954.0,0,0,0
2026-01-18T16:00:00Z,DE-LU,CZ,541.0,1488.0,10.0,7.56,41.0,0
2026-01-18T16:00:00Z,DE-LU,DK1,1707.0,2724.0,-43.0,0,0,0
2026-01-18T17:00:00Z,DE-LU,AT,1154.0,1282.0,263.0,0,0,0
2026-01-18T17:00:00Z,DE-LU,FR,825.0,2110.0,357.0,4.61,0,0
2026-01-18T17:00:00Z,DE-LU,NL,719.0,1425.0,-143.0,0,0,0
2026-01-18T17:00:00Z,DE-LU,PL,1677.0,2680.0,147.0,0,0,0
2026-01-18T17:00:00Z,DE-LU,CZ,3369.0,3832.0,126.0,0,0,0
2026-01-18T17:00:00Z,DE-LU,DK1,2630.0,3167.0,-1338.0,0,0,0
2026-01-18T18:00:00Z,DE-LU,AT,2186.0,3230.0,-1531.0,0,0,0
2026-01-18T18:00:00Z,DE-LU,FR,2252.0,3983.0,308.0,0,0,0
2026-01-18T18:00:00Z,DE-LU,NL,2059.0,4111.0,-685.0,0,0,0
2026-01-18T18:00:00Z,DE-LU,PL,1482.0,2932.0,-729.0,0,0,0
2026-01-18T18:00:00Z,DE-LU,CZ,399.0,926.0,402.0,0,0,0
2026-01-18T18:00:00Z,DE-LU,DK1,1732.0,4392.0,1084.0,0,0,0
2026-01-18T19:00:00Z,DE-LU,AT,2567.0,3967.0,174.0,0,0,0
2026-01-18T19:00:00Z,DE-LU,FR,3552.0,4457.0,-3165.0,0,0,0
2026-01-18T19:00:00Z,DE-LU,NL,2715.0,3402.0,-2352.0,0,0,0
2026-01-18T19:00:00Z,DE-LU,PL,2745.0,3490.0,681.0,0,0,0
2026-01-18T19:00:00Z,DE-LU,CZ,500.0,1244.0,-937.0,0,0,0
2026-01-18T19:00:00Z,DE-LU,DK1,366.0,987.0,-712.0,0,0,0
2026-01-18T20:00:00Z,DE-LU,AT,755.0,994.0,-649.0,0,0,0
2026-01-18T20:00:00Z,DE-LU,FR,706.0,1489.0,270.0,0,0,0
2026-01-18T20:00:00Z,DE-LU,NL,1558.0,3392.0,-1922.0,0,0,0
2026-01-18T20:00:00Z,DE-LU,PL,1945.0,4048.0,2028.0,0,0,0
2026-01-18T20:00:00Z,DE-LU,CZ,1166.0,2540.0,1559.0,0,0,0
2026-01-18T20:00:00Z,DE-LU,DK1,3277.0,3573.0,2814.0,0,0,0
2026-01-18T21:00:00Z,DE-LU,AT,1328.0,2415.0,500.0,0,0,0
2026-01-18T21:00:00Z,DE-LU,FR,318.0,930.0,-442.0,2.66,85.0,0
2026-01-18T21:00:00Z,DE-LU,NL,885.0,1852.0,666.0,0,0,0
2026-01-18T21:00:00Z,DE-LU,PL,1197.0,1874.0,-272.0,0,0,0
2026-01-18T21:00:00Z,DE-LU,CZ,1884.0,3904.0,193.0,0,0,0
2026-01-18T21:00:00Z,DE-LU,DK1,2225.0,3019.0,-1607.0,0,0,0
2026-01-18T22:00:00Z,DE-LU,AT,924.0,1552.0,-320.0,0,0,0
2026-01-18T22:00:00Z,DE-LU,FR,1761.0,2703.0,596.0,0,0,0
2026-01-18T22:00:00Z,DE-LU,NL,964.0,1850.0,-695.0,0,0,31.0
2026-01-18T22:00:00Z,DE-LU,PL,741.0,1887.0,-1240.0,0,0,0
2026-01-18T22:00:00Z,DE-LU,CZ,1871.0,4453.0,537.0,0,0,0
2026-01-18T22:00:00Z,DE-LU,DK1,3017.0,3772.0,865.0,0,0,0
2026-01-18T23:00:00Z,DE-LU,AT,2054.0,2566.0,1735.0,0,0,0
2026-01-18T23:00:00Z,DE-LU,FR,758.0,1190.0,709.0,0,0,0
2026-01-18T23:00:00Z,DE-LU,NL,2102.0,2655.0,-1604.0,0,0,0
2026-01-18T23:00:00Z,DE-LU,PL,4128.0,4476.0,431.0,0,0,0
2026-01-18T23:00:00Z,DE-LU,CZ,1137.0,1606.0,737.0,0,0,0
2026-01-18T23:00:00Z,DE-LU,DK1,3105.0,3281.0,2515.0,0,0,0
2026-01-19T00:00:00Z,DE-LU,AT,1572.0,2582.0,1213.0,0,0,0
2026-01-19T00:00:00Z,DE-LU,FR,1628.0,3222.0,2296.0,0,0,0
2026-01-19T00:00:00Z,DE-LU,NL,1664.0,2581.0,-389.0,0,0,0
2026-01-19T00:00:00Z,DE-LU,PL,1562.0,3728.0,2116.0,0,0,0
2026-01-19T00:00:00Z,DE-LU,CZ,3429.0,4262.0,-2336.0,0,0,0
2026-01-19T00:00:00Z,DE-LU,DK1,4173.0,4498.0,-2926.0,0,0,0
2026-01-19T01:00:00Z,DE-LU,AT,767.0,1817.0,-868.0,0,0,0
2026-01-19T01:00:00Z,DE-LU,FR,2578.0,2725.0,-1300.0,0,0,0
2026-01-19T01:00:00Z,DE-LU,NL,2005.0,3731.0,-1246.0,0,0,0
2026-01-19T01:00:00Z,DE-LU,PL,2053.0,3974.0,2609.0,0,0,0
2026-01-19T01:00:00Z,DE-LU,CZ,1765.0,2385.0,-115.0,0,0,0
2026-01-19T01:00:00Z,DE-LU,DK1,1236.0,3110.0,-740.0,3.87,0,0
2026-01-19T02:00:00Z,DE-LU,AT,1046.0,1149.0,-448.0,0,0,0
2026-01-19T02:00:00Z,DE-LU,FR,1101.0,1718.0,-781.0,0,0,0
2026-01-19T02:00:00Z,DE-LU,NL,1201.0,2746.0,779.0,0,0,4.0
2026-01-19T02:00:00Z,DE-LU,PL,2247.0,3937.0,-1884.0,0,0,0
2026-01-19T02:00:00Z,DE-LU,CZ,2455.0,2663.0,-237.0,0,0,0
2026-01-19T02:00:00Z,DE-LU,DK1,1473.0,1813.0,-973.0,0,0,0
2026-01-19T03:00:00Z,DE-LU,AT,2198.0,3819.0,-3014.0,0,0,0
2026-01-19T03:00:00Z,DE-LU,FR,1711.0,1981.0,1226.0,0,0,0
2026-01-19T03:00:00Z,DE-LU,NL,1909.0,4238.0,-267.0,0,0,0
2026-01-19T03:00:00Z,DE-LU,PL,802.0,2123.0,-1220.0,0.44,0,0
2026-01-19T03:00:00Z,DE-LU,CZ,762.0,988.0,-330.0,0,0,0
2026-01-19T03:00:00Z,DE-LU,DK1,597.0,1305.0,424.0,0,0,0
2026-01-19T04:00:00Z,DE-LU,AT,2147.0,3842.0,1552.0,0,0,0
2026-01-19T04:00:00Z,DE-LU,FR,1937.0,2937.0,2021.0,0,0,0
2026-01-19T04:00:00Z,DE-LU,NL,2577.0,4206.0,-1457.0,0,0,0
2026-01-19T04:00:00Z,DE-LU,PL,1183.0,2415.0,-642.0,0,0,0
2026-01-19T04:00:00Z,DE-LU,CZ,1583.0,2251.0,-77.0,0,0,0
2026-01-19T04:00:00Z,DE-LU,DK1,3059.0,3401.0,1851.0,0,0,0
2026-01-19T05:00:00Z,DE-LU,AT,829.0,874.0,-449.0,0,0,0
2026-01-19T05:00:00Z,DE-LU,FR,2152.0,2439.0,-29.0,0,0,0
2026-01-19T05:00:00Z,DE-LU,NL,1004.0,3082.0,-1961.0,1.49,40.0,0
2026-01-19T05:00:00Z,DE-LU,PL,778.0,1304.0,-148.0,0,0,0
2026-01-19T05:00:00Z,DE-LU,CZ,1913.0,3050.0,-2349.0,0,0,0
2026-01-19T05:00:00Z,DE-LU,DK1,1381.0,1533.0,-1116.0,0,0,0
2026-01-19T06:00:00Z,DE-LU,AT,1706.0,2233.0,-244.0,0,0,0
2026-01-19T06:00:00Z,DE-LU,FR,899.0,1412.0,499.0,0,0,0
2026-01-19T06:00:00Z,DE-LU,NL,1556.0,3231.0,-1496.0,0,0,0
2026-01-19T06:00:00Z,DE-LU,PL,951.0,1763.0,374.0,0,0,0
2026-01-19T06:00:00Z,DE-LU,CZ,1472.0,2254.0,-431.0,0,0,0
2026-01-19T06:00:00Z,DE-LU,DK1,2116.0,3246.0,-1374.0,0,0,0
2026-01-19T07:00:00Z,DE-LU,AT,2473.0,3480.0,-1483.0,0,0,0
2026-01-19T07:00:00Z,DE-LU,FR,938.0,2140.0,1223.0,0,0,0
2026-01-19T07:00:00Z,DE-LU,NL,1217.0,1586.0,414.0,0,0,0
2026-01-19T07:00:00Z,DE-LU,PL,3103.0,4131.0,-2098.0,0,0,0
2026-01-19T07:00:00Z,DE-LU,CZ,1888.0,2339.0,1140.0,0,0,0
2026-01-19T07:00:00Z,DE-LU,DK1,1324.0,1899.0,1333.0,0,0,0
2026-01-19T08:00:00Z,DE-LU,AT,1219.0,4062.0,-2920.0,0,0,0
2026-01-19T08:00:00Z,DE-LU,FR,3020.0,3621.0,2579.0,0,0,0
2026-01-19T08:00:00Z,DE-LU,NL,578.0,1046.0,285.0,0,0,0
2026-01-19T08:00:00Z,DE-LU,PL,1029.0,2737.0,1871.0,3.64,74.0,0
2026-01-19T08:00:00Z,DE-LU,CZ,1668.0,3568.0,-2586.0,0,0,0
2026-01-19T08:00:00Z,DE-LU,DK1,1447.0,1617.0,-1288.0,0,0,0
2026-01-19T09:00:00Z,DE-LU,AT,2725.0,3692.0,-2685.0,0,0,0
2026-01-19T09:00:00Z,DE-LU,FR,2464.0,3724.0,-1575.0,0,0,0
2026-01-19T09:00:00Z,DE-LU,NL,854.0,1750.0,1273.0,0,0,0
2026-01-19T09:00:00Z,DE-LU,PL,1160.0,1782.0,-489.0,0,0,0
2026-01-19T09:00:00Z,DE-LU,CZ,1910.0,3112.0,-1910.0,0,0,0
2026-01-19T09:00:00Z,DE-LU,DK1,648.0,1006.0,-553.0,0,0,0
2026-01-19T10:00:00Z,DE-LU,AT,2133.0,2443.0,1148.0,0,0,0
2026-01-19T10:00:00Z,DE-LU,FR,1611.0,1897.0,-638.0,0,0,19.0
2026-01-19T10:00:00Z,DE-LU,NL,750.0,2290.0,-1584.0,0,0,0
2026-01-19T10:00:00Z,DE-LU,PL,1604.0,1711.0,526.0,0,0,0
2026-01-19T10:00:00Z,DE-LU,CZ,2699.0,3626.0,138.0,0,0,0
2026-01-19T10:00:00Z,DE-LU,DK1,2217.0,4397.0,908.0,0,0,0
2026-01-19T11:00:00Z,DE-LU,AT,1618.0,2275.0,1179.0,0,0,0
2026-01-19T11:00:00Z,DE-LU,FR,519.0,1549.0,993.0,0.88,1.0,0
2026-01-19T11:00:00Z,DE-LU,NL,2544.0,3629.0,-802.0,0,0,0
2026-01-19T11:00:00Z,DE-LU,PL,573.0,1082.0,76.0,0,0,0
2026-01-19T11:00:00Z,DE-LU,CZ,3561.0,4359.0,-46.0,0,0,0
2026-01-19T11:00:00Z,DE-LU,DK1,2078.0,2717.0,-1820.0,0,0,0
2026-01-19T12:00:00Z,DE-LU,AT,1622.0,3567.0,-661.0,0,0,0
2026-01-19T12:00:00Z,DE-LU,FR,592.0,1628.0,-605.0,0,0,0
2026-01-19T12:00:00Z,DE-LU,NL,1964.0,3241.0,-2026.0,0,0,0
2026-01-19T12:00:00Z,DE-LU,PL,1738.0,2473.0,-211.0,0,0,0
2026-01-19T12:00:00Z,DE-LU,CZ,1102.0,1769.0,923.0,0,0,0
2026-01-19T12:00:00Z,DE-LU,DK1,2186.0,2475.0,-1592.0,0,0,30.0
2026-01-19T13:00:00Z,DE-LU,AT,3071.0,4057.0,-1347.0,0,0,0
2026-01-19T13:00:00Z,DE-LU,FR,1337.0,1418.0,-425.0,0,0,0
2026-01-19T13:00:00Z,DE-LU,NL,1174.0,1775.0,-96.0,0,0,0
2026-01-19T13:00:00Z,DE-LU,PL,2711.0,4485.0,1733.0,0,0,0
2026-01-19T13:00:00Z,DE-LU,CZ,1215.0,3081.0,1905.0,0,0,0
2026-01-19T13:00:00Z,DE-LU,DK1,2707.0,3548.0,-824.0,0,0,0
2026-01-19T14:00:00Z,DE-LU,AT,1998.0,2232.0,1146.0,0,0,0
2026-01-19T14:00:00Z,DE-LU,FR,870.0,1726.0,-499.0,0,0,0
2026-01-19T14:00:00Z,DE-LU,NL,1910.0,3191.0,1438.0,0,0,0
2026-01-19T14:00:00Z,DE-LU,PL,1990.0,2922.0,2198.0,0,0,0
2026-01-19T14:00:00Z,DE-LU,CZ,1239.0,1436.0,568.0,0,0,0
2026-01-19T14:00:00Z,DE-LU,DK1,1379.0,1711.0,1059.0,0,0,0
2026-01-19T15:00:00Z,DE-LU,AT,3617.0,3999.0,-259.0,0,0,0
2026-01-19T15:00:00Z,DE-LU,FR,2425.0,2646.0,1476.0,0,0,0
2026-01-19T15:00:00Z,DE-LU,NL,1747.0,2875.0,691.0,0,0,0
2026-01-19T15:00:00Z,DE-LU,PL,1028.0,2586.0,-447.0,0.02,0.0,0
2026-01-19T15:00:00Z,DE-LU,CZ,1705.0,2560.0,-1230.0,0,0,0
2026-01-19T15:00:00Z,DE-LU,DK1,1236.0,3486.0,117.0,6.4,0,0
2026-01-19T16:00:00Z,DE-LU,AT,1949.0,2922.0,1027.0,0,0,0
2026-01-19T16:00:00Z,DE-LU,FR,815.0,2534.0,441.0,2.14,58.0,0
2026-01-19T16:00:00Z,DE-LU,NL,1619.0,2309.0,1432.0,0,0,0
2026-01-19T16:00:00Z,DE-LU,PL,1776.0,4346.0,2078.0,0,0,0
2026-01-19T16:00:00Z,DE-LU,CZ,3842.0,4284.0,1171.0,0,0,0
2026-01-19T16:00:00Z,DE-LU,DK1,1420.0,3519.0,1609.0,0,0,0
2026-01-19T17:00:00Z,DE-LU,AT,1855.0,2891.0,18.0,0,0,0
2026-01-19T17:00:00Z,DE-LU,FR,2061.0,2462.0,995.0,0,0,0
2026-01-19T17:00:00Z,DE-LU,NL,1043.0,1364.0,-323.0,0,0,0
2026-01-19T17:00:00Z,DE-LU,PL,639.0,1616.0,-1127.0,4.41,0,0
2026-01-19T17:00:00Z,DE-LU,CZ,1524.0,2839.0,-1518.0,0,0,0
2026-01-19T17:00:00Z,DE-LU,DK1,1158.0,2398.0,-1325.0,0,0,0
2026-01-19T18:00:00Z,DE-LU,AT,875.0,1388.0,-278.0,0,0,0
2026-01-19T18:00:00Z,DE-LU,FR,2729.0,3464.0,74.0,0,0,0
2026-01-19T18:00:00Z,DE-LU,NL,1791.0,2217.0,-677.0,0,0,0
2026-01-19T18:00:00Z,DE-LU,PL,638.0,889.0,154.0,0,0,0
2026-01-19T18:00:00Z,DE-LU,CZ,2025.0,2915.0,-1672.0,0,0,0
2026-01-19T18:00:00Z,DE-LU,DK1,1480.0,2214.0,936.0,0,0,0
2026-01-19T19:00:00Z,DE-LU,AT,827.0,1248.0,709.0,0,0,0
2026-01-19T19:00:00Z,DE-LU,FR,1927.0,2976.0,-150.0,0,0,0
2026-01-19T19:00:00Z,DE-LU,NL,2304.0,3641.0,2483.0,0,0,0
2026-01-19T19:00:00Z,DE-LU,PL,3521.0,4347.0,2149.0,0,0,0
2026-01-19T19:00:00Z,DE-LU,CZ,2352.0,3528.0,1368.0,0,0,0
2026-01-19T19:00:00Z,DE-LU,DK1,2540.0,3173.0,-1159.0,0,0,0
2026-01-19T20:00:00Z,DE-LU,AT,1227.0,1443.0,114.0,0,0,0
2026-01-19T20:00:00Z,DE-LU,FR,1729.0,2393.0,-1520.0,0,0,0
2026-01-19T20:00:00Z,DE-LU,NL,1701.0,2530.0,1743.0,0,0,0
2026-01-19T20:00:00Z,DE-LU,PL,1650.0,3848.0,1589.0,0,0,0
2026-01-19T20:00:00Z,DE-LU,CZ,1445.0,3183.0,2301.0,0,0,0
2026-01-19T20:00:00Z,DE-LU,DK1,993.0,1102.0,-601.0,0,0,0
2026-01-19T21:00:00Z,DE-LU,AT,728.0,1447.0,-1103.0,0,0,0
2026-01-19T21:00:00Z,DE-LU,FR,679.0,1177.0,-682.0,0,0,0
2026-01-19T21:00:00Z,DE-LU,NL,1688.0,2425.0,829.0,0,0,0
2026-01-19T21:00:00Z,DE-LU,PL,711.0,1087.0,126.0,0,0,0
2026-01-19T21:00:00Z,DE-LU,CZ,1325.0,2775.0,150.0,0,0,0
2026-01-19T21:00:00Z,DE-LU,DK1,1549.0,1877.0,-1122.0,0,0,0
2026-01-19T22:00:00Z,DE-LU,AT,1306.0,2951.0,2133.0,0,0,0
2026-01-19T22:00:00Z,DE-LU,FR,1798.0,2588.0,-2057.0,0,0,0
2026-01-19T22:00:00Z,DE-LU,NL,1184.0,2286.0,1407.0,0,0,0
2026-01-19T22:00:00Z,DE-LU,PL,693.0,1528.0,795.0,0,0,0
2026-01-19T22:00:00Z,DE-LU,CZ,1627.0,3987.0,-2803.0,0,0,0
2026-01-19T22:00:00Z,DE-LU,DK1,2349.0,2745.0,-1109.0,0,0,0
2026-01-19T23:00:00Z,DE-LU,AT,1790.0,2800.0,45.0,0,0,0
2026-01-19T23:00:00Z,DE-LU,FR,806.0,1295.0,288.0,0,0,0
2026-01-19T23:00:00Z,DE-LU,NL,1590.0,4441.0,-769.0,6.23,0,0
2026-01-19T23:00:00Z,DE-LU,PL,1283.0,2680.0,115.0,0,0,0
2026-01-19T23:00:00Z,DE-LU,CZ,1633.0,1989.0,1523.0,0,0,0
2026-01-19T23:00:00Z,DE-LU,DK1,1387.0,2421.0,1220.0,0,0,0
2026-01-20T00:00:00Z,DE-LU,AT,2656.0,2911.0,-66.0,0,0,0
2026-01-20T00:00:00Z,DE-LU,FR,657.0,1410.0,-390.0,0,0,0
2026-01-20T00:00:00Z,DE-LU,NL,1069.0,1566.0,594.0,0,0,0
2026-01-20T00:00:00Z,DE-LU,PL,1761.0,3361.0,73.0,0,0,0
2026-01-20T00:00:00Z,DE-LU,CZ,1622.0,2007.0,-325.0,0,0,0
2026-01-20T00:00:00Z,DE-LU,DK1,851.0,2142.0,612.0,0,0,0
2026-01-20T01:00:00Z,DE-LU,AT,708.0,1254.0,-979.0,0,0,0
2026-01-20T01:00:00Z,DE-LU,FR,511.0,1463.0,-222.0,0,0,0
2026-01-20T01:00:00Z,DE-LU,NL,2616.0,3262.0,-443.0,0,0,0
2026-01-20T01:00:00Z,DE-LU,PL,398.0,1316.0,97.0,0.83,0,0
2026-01-20T01:00:00Z,DE-LU,CZ,2209.0,2930.0,-2177.0,0,0,0
2026-01-20T01:00:00Z,DE-LU,DK1,1655.0,2670.0,285.0,0,0,0
2026-01-20T02:00:00Z,DE-LU,AT,1765.0,3114.0,-1185.0,0,0,0
2026-01-20T02:00:00Z,DE-LU,FR,808.0,2145.0,416.0,0,0,0
2026-01-20T02:00:00Z,DE-LU,NL,875.0,1035.0,-798.0,0,0,0
2026-01-20T02:00:00Z,DE-LU,PL,1403.0,4098.0,-1272.0,0.75,0,0
2026-01-20T02:00:00Z,DE-LU,CZ,2567.0,3658.0,-1175.0,0,0,0
2026-01-20T02:00:00Z,DE-LU,DK1,2053.0,2271.0,691.0,0,0,0
2026-01-20T03:00:00Z,DE-LU,AT,989.0,2764.0,-945.0,0,0,0
2026-01-20T03:00:00Z,DE-LU,FR,2208.0,2868.0,610.0,0,0,0
2026-01-20T03:00:00Z,DE-LU,NL,1430.0,2678.0,1794.0,0,0,0
2026-01-20T03:00:00Z,DE-LU,PL,941.0,1009.0,-299.0,0,0,0
2026-01-20T03:00:00Z,DE-LU,CZ,3106.0,3905.0,-132.0,0,0,0
2026-01-20T03:00:00Z,DE-LU,DK1,2812.0,3366.0,-725.0,0,0,0
2026-01-20T04:00:00Z,DE-LU,AT,1438.0,2717.0,-716.0,0,0,0
2026-01-20T04:00:00Z,DE-LU,FR,3356.0,4398.0,-2302.0,0,0,0
2026-01-20T04:00:00Z,DE-LU,NL,1348.0,2763.0,-249.0,0,0,0
2026-01-20T04:00:00Z,DE-LU,PL,3033.0,3193.0,1525.0,0,0,0
2026-01-20T04:00:00Z,DE-LU,CZ,370.0,874.0,541.0,0,0,0
2026-01-20T04:00:00Z,DE-LU,DK1,1428.0,2219.0,-1155.0,0,0,0
2026-01-20T05:00:00Z,DE-LU,AT,1435.0,2575.0,-1393.0,0,0,0
2026-01-20T05:00:00Z,DE-LU,FR,1617.0,2468.0,1360.0,0,0,0
2026-01-20T05:00:00Z,DE-LU,NL,336.0,895.0,695.0,0,0,0
2026-01-20T05:00:00Z,DE-LU,PL,2513.0,3541.0,-1797.0,0,0,0
2026-01-20T05:00:00Z,DE-LU,CZ,1129.0,1514.0,921.0,0,0,0
2026-01-20T05:00:00Z,DE-LU,DK1,1121.0,2355.0,-1733.0,0,0,0
2026-01-20T06:00:00Z,DE-LU,AT,762.0,1091.0,-354.0,0,0,15.0
2026-01-20T06:00:00Z,DE-LU,FR,1693.0,2267.0,247.0,0,0,0
2026-01-20T06:00:00Z,DE-LU,NL,2014.0,2172.0,-879.0,0,0,0
2026-01-20T06:00:00Z,DE-LU,PL,3922.0,4222.0,-3012.0,0,0,0
2026-01-20T06:00:00Z,DE-LU,CZ,498.0,964.0,346.0,0,0,0
2026-01-20T06:00:00Z,DE-LU,DK1,417.0,1151.0,-906.0,0,0,0
2026-01-20T07:00:00Z,DE-LU,AT,3267.0,4464.0,2374.0,0,0,0
2026-01-20T07:00:00Z,DE-LU,FR,2476.0,2888.0,-1172.0,0,0,0
2026-01-20T07:00:00Z,DE-LU,NL,1341.0,3930.0,-2931.0,0,0,0
2026-01-20T07:00:00Z,DE-LU,PL,2378.0,3292.0,-1853.0,0,0,0
2026-01-20T07:00:00Z,DE-LU,CZ,1444.0,4137.0,404.0,0,0,0
2026-01-20T07:00:00Z,DE-LU,DK1,1282.0,3940.0,2.0,9.95,1.0,0
2026-01-20T08:00:00Z,DE-LU,AT,1535.0,1793.0,-942.0,0,0,0
2026-01-20T08:00:00Z,DE-LU,FR,2352.0,3291.0,2391.0,0,0,0
2026-01-20T08:00:00Z,DE-LU,NL,812.0,1437.0,149.0,0,0,0
2026-01-20T08:00:00Z,DE-LU,PL,1550.0,2475.0,1385.0,0,0,0
2026-01-20T08:00:00Z,DE-LU,CZ,574.0,1692.0,808.0,0.72,0,0
2026-01-20T08:00:00Z,DE-LU,DK1,1166.0,1779.0,-1246.0,0,0,0
2026-01-20T09:00:00Z,DE-LU,AT,2080.0,3962.0,-2316.0,0,0,0
2026-01-20T09:00:00Z,DE-LU,FR,1127.0,2302.0,436.0,0,0,0
2026-01-20T09:00:00Z,DE-LU,NL,2806.0,3001.0,-1297.0,0,0,0
2026-01-20T09:00:00Z,DE-LU,PL,2328.0,3707.0,-2637.0,0,0,0
2026-01-20T09:00:00Z,DE-LU,CZ,1136.0,2074.0,1165.0,0,0,0
2026-01-20T09:00:00Z,DE-LU,DK1,739.0,1525.0,958.0,0,0,0
2026-01-20T10:00:00Z,DE-LU,AT,2665.0,4062.0,893.0,0,0,0
2026-01-20T10:00:00Z,DE-LU,FR,2650.0,3911.0,2991.0,0,0,0
2026-01-20T10:00:00Z,DE-LU,NL,867.0,2867.0,5.0,1.02,0,0
2026-01-20T10:00:00Z,DE-LU,PL,1718.0,2541.0,682.0,0,0,0
2026-01-20T10:00:00Z,DE-LU,CZ,325.0,803.0,332.0,0,0,0
2026-01-20T10:00:00Z,DE-LU,DK1,2783.0,3279.0,-179.0,0,0,0
2026-01-20T11:00:00Z,DE-LU,AT,1410.0,3013.0,1521.0,0,0,0
2026-01-20T11:00:00Z,DE-LU,FR,1731.0,2338.0,-1462.0,0,0,0
2026-01-20T11:00:00Z,DE-LU,NL,1983.0,3354.0,-1823.0,0,0,0
2026-01-20T11:00:00Z,DE-LU,PL,1508.0,2770.0,2209.0,0,0,0
2026-01-20T11:00:00Z,DE-LU,CZ,1439.0,2910.0,-1908.0,0,0,0
2026-01-20T11:00:00Z,DE-LU,DK1,1443.0,3999.0,-1327.0,0,0,0
2026-01-20T12:00:00Z,DE-LU,AT,2151.0,2376.0,1420.0,0,0,0
2026-01-20T12:00:00Z,DE-LU,FR,996.0,2282.0,564.0,0,0,0
2026-01-20T12:00:00Z,DE-LU,NL,1018.0,2513.0,1670.0,0,0,0
2026-01-20T12:00:00Z,DE-LU,PL,661.0,1421.0,-380.0,0,0,0
2026-01-20T12:00:00Z,DE-LU,CZ,388.0,1201.0,164.0,1.97,19.0,0
2026-01-20T12:00:00Z,DE-LU,DK1,1235.0,2189.0,1541.0,0,0,0
2026-01-20T13:00:00Z,DE-LU,AT,456.0,1375.0,-81.0,2.64,0,0
2026-01-20T13:00:00Z,DE-LU,FR,953.0,2903.0,-71.0,0,0,0
2026-01-20T13:00:00Z,DE-LU,NL,3084.0,4107.0,-2908.0,0,0,0
2026-01-20T13:00:00Z,DE-LU,PL,2744.0,3905.0,-1688.0,0,0,0
2026-01-20T13:00:00Z,DE-LU,CZ,1299.0,1406.0,-713.0,0,0,0
2026-01-20T13:00:00Z,DE-LU,DK1,2522.0,4054.0,727.0,0,0,0
2026-01-20T14:00:00Z,DE-LU,AT,294.0,834.0,296.0,0,0,0
2026-01-20T14:00:00Z,DE-LU,FR,2824.0,3256.0,2190.0,0,0,0
2026-01-20T14:00:00Z,DE-LU,NL,1346.0,3227.0,-108.0,0,0,0
2026-01-20T14:00:00Z,DE-LU,PL,2821.0,4436.0,2015.0,0,0,0
2026-01-20T14:00:00Z,DE-LU,CZ,2558.0,3141.0,-583.0,0,0,0
2026-01-20T14:00:00Z,DE-LU,DK1,2459.0,2946.0,-404.0,0,0,0
2026-01-20T15:00:00Z,DE-LU,AT,1210.0,1902.0,-1453.0,0,0,0
2026-01-20T15:00:00Z,DE-LU,FR,691.0,1237.0,-608.0,0,0,10.0
2026-01-20T15:00:00Z,DE-LU,NL,561.0,1316.0,304.0,0,0,0
2026-01-20T15:00:00Z,DE-LU,PL,3891.0,4265.0,484.0,0,0,0
2026-01-20T15:00:00Z,DE-LU,CZ,1008.0,3099.0,-918.0,0,0,0
2026-01-20T15:00:00Z,DE-LU,DK1,1358.0,2661.0,1819.0,0,0,0
2026-01-20T16:00:00Z,DE-LU,AT,2820.0,3947.0,-2799.0,0,0,0
2026-01-20T16:00:00Z,DE-LU,FR,1237.0,3117.0,1637.0,0,0,0
2026-01-20T16:00:00Z,DE-LU,NL,1470.0,3400.0,-2281.0,0,0,0
2026-01-20T16:00:00Z,DE-LU,PL,3196.0,3448.0,338.0,0,0,0
2026-01-20T16:00:00Z,DE-LU,CZ,1031.0,3381.0,-1624.0,1.37,67.0,0
2026-01-20T16:00:00Z,DE-LU,DK1,2254.0,2714.0,1415.0,0,0,0
2026-01-20T17:00:00Z,DE-LU,AT,1843.0,2924.0,-1892.0,0,0,0
2026-01-20T17:00:00Z,DE-LU,FR,3027.0,4341.0,2483.0,0,0,0
2026-01-20T17:00:00Z,DE-LU,NL,1308.0,2589.0,-421.0,0,0,0
2026-01-20T17:00:00Z,DE-LU,PL,761.0,1354.0,461.0,0,0,0
2026-01-20T17:00:00Z,DE-LU,CZ,834.0,1202.0,328.0,0,0,0
2026-01-20T17:00:00Z,DE-LU,DK1,1377.0,1858.0,767.0,0,0,0
2026-01-20T18:00:00Z,DE-LU,AT,2142.0,4120.0,-2354.0,0,0,0
2026-01-20T18:00:00Z,DE-LU,FR,681.0,1165.0,-239.0,0,0,0
2026-01-20T18:00:00Z,DE-LU,NL,923.0,2188.0,-999.0,0,0,0
2026-01-20T18:00:00Z,DE-LU,PL,805.0,2512.0,-1753.0,3.39,3.0,0
2026-01-20T18:00:00Z,DE-LU,CZ,1607.0,3422.0,758.0,0,0,0
2026-01-20T18:00:00Z,DE-LU,DK1,3175.0,3922.0,-2852.0,0,0,0
2026-01-20T19:00:00Z,DE-LU,AT,1702.0,3841.0,30.0,0,0,0
2026-01-20T19:00:00Z,DE-LU,FR,1689.0,2648.0,1620.0,0,0,0
2026-01-20T19:00:00Z,DE-LU,NL,1006.0,2026.0,-756.0,0,0,0
2026-01-20T19:00:00Z,DE-LU,PL,1432.0,3940.0,244.0,1.56,86.0,0
2026-01-20T19:00:00Z,DE-LU,CZ,2697.0,3525.0,-1211.0,0,0,0
2026-01-20T19:00:00Z,DE-LU,DK1,2245.0,3834.0,-2514.0,0,0,0
2026-01-20T20:00:00Z,DE-LU,AT,1540.0,3074.0,-375.0,0,0,0
2026-01-20T20:00:00Z,DE-LU,FR,726.0,1566.0,-870.0,0,0,0
2026-01-20T20:00:00Z,DE-LU,NL,1571.0,4235.0,473.0,0,0,0
2026-01-20T20:00:00Z,DE-LU,PL,2527.0,2776.0,1683.0,0,0,0
2026-01-20T20:00:00Z,DE-LU,CZ,844.0,1455.0,297.0,0,0,0
2026-01-20T20:00:00Z,DE-LU,DK1,1864.0,3291.0,2456.0,0,0,0
2026-01-20T21:00:00Z,DE-LU,AT,474.0,885.0,-550.0,0,0,0
2026-01-20T21:00:00Z,DE-LU,FR,1353.0,3365.0,2459.0,0,0,0
2026-01-20T21:00:00Z,DE-LU,NL,2968.0,3270.0,-2589.0,0,0,0
2026-01-20T21:00:00Z,DE-LU,PL,433.0,957.0,416.0,0,0,0
2026-01-20T21:00:00Z,DE-LU,CZ,388.0,1035.0,88.0,2.05,31.0,0
2026-01-20T21:00:00Z,DE-LU,DK1,855.0,1661.0,177.0,0,0,0
2026-01-20T22:00:00Z,DE-LU,AT,1327.0,2346.0,1051.0,0,0,0
2026-01-20T22:00:00Z,DE-LU,FR,1243.0,1693.0,-82.0,0,0,0
2026-01-20T22:00:00Z,DE-LU,NL,2679.0,3371.0,1516.0,0,0,0
2026-01-20T22:00:00Z,DE-LU,PL,1918.0,3195.0,908.0,0,0,0
2026-01-20T22:00:00Z,DE-LU,CZ,1795.0,2271.0,656.0,0,0,0
2026-01-20T22:00:00Z,DE-LU,DK1,1664.0,4226.0,-95.0,3.6,0,0
2026-01-20T23:00:00Z,DE-LU,AT,2710.0,4419.0,1439.0,0,0,0
2026-01-20T23:00:00Z,DE-LU,FR,2429.0,4191.0,-1593.0,0,0,0
2026-01-20T23:00:00Z,DE-LU,NL,838.0,1411.0,1011.0,0,0,0
2026-01-20T23:00:00Z,DE-LU,PL,2050.0,3306.0,-1572.0,0,0,0
2026-01-20T23:00:00Z,DE-LU,CZ,1589.0,3765.0,-98.0,0,0,0
2026-01-20T23:00:00Z,DE-LU,DK1,1548.0,2016.0,55.0,0,0,0
2026-01-21T00:00:00Z,DE-LU,AT,2957.0,4289.0,2005.0,0,0,0
2026-01-21T00:00:00Z,DE-LU,FR,590.0,1899.0,-416.0,0,0,0
2026-01-21T00:00:00Z,DE-LU,NL,2400.0,3236.0,95.0,0,0,0
2026-01-21T00:00:00Z,DE-LU,PL,1239.0,2447.0,429.0,0,0,0
2026-01-21T00:00:00Z,DE-LU,CZ,1240.0,2783.0,-1089.0,0,0,0
2026-01-21T00:00:00Z,DE-LU,DK1,308.0,1015.0,-696.0,0.83,0,0
2026-01-21T01:00:00Z,DE-LU,AT,1017.0,1566.0,-876.0,0,0,0
2026-01-21T01:00:00Z,DE-LU,FR,1355.0,4028.0,625.0,3.78,0,0
2026-01-21T01:00:00Z,DE-LU,NL,2043.0,2415.0,1867.0,0,0,0
2026-01-21T01:00:00Z,DE-LU,PL,1264.0,1808.0,834.0,0,0,0
2026-01-21T01:00:00Z,DE-LU,CZ,2298.0,4155.0,2528.0,0,0,0
2026-01-21T01:00:00Z,DE-LU,DK1,2106.0,2774.0,-129.0,0,0,0
2026-01-21T02:00:00Z,DE-LU,AT,1138.0,3053.0,-72.0,0,0,0
2026-01-21T02:00:00Z,DE-LU,FR,3021.0,4002.0,1810.0,0,0,0
2026-01-21T02:00:00Z,DE-LU,NL,1266.0,3144.0,522.0,0,0,0
2026-01-21T02:00:00Z,DE-LU,PL,2095.0,3366.0,2527.0,0,0,0
2026-01-21T02:00:00Z,DE-LU,CZ,2066.0,4307.0,21.0,0,0,0
2026-01-21T02:00:00Z,DE-LU,DK1,1462.0,2987.0,2292.0,0,0,0
2026-01-21T03:00:00Z,DE-LU,AT,2004.0,2674.0,1482.0,0,0,0
2026-01-21T03:00:00Z,DE-LU,FR,2876.0,3936.0,2703.0,0,0,0
2026-01-21T03:00:00Z,DE-LU,NL,470.0,1179.0,-877.0,1.45,0,0
2026-01-21T03:00:00Z,DE-LU,PL,1485.0,4361.0,-239.0,0,0,0
2026-01-21T03:00:00Z,DE-LU,CZ,1701.0,3451.0,-256.0,0,0,0
2026-01-21T03:00:00Z,DE-LU,DK1,3199.0,4078.0,801.0,0,0,0
2026-01-21T04:00:00Z,DE-LU,AT,3304.0,3869.0,1646.0,0,0,0
2026-01-21T04:00:00Z,DE-LU,FR,500.0,1610.0,-467.0,0.59,40.0,0
2026-01-21T04:00:00Z,DE-LU,NL,1689.0,3271.0,1609.0,0,0,0
2026-01-21T04:00:00Z,DE-LU,PL,2958.0,3571.0,2498.0,0,0,0
2026-01-21T04:00:00Z,DE-LU,CZ,1397.0,2109.0,-413.0,0,0,0
2026-01-21T04:00:00Z,DE-LU,DK1,1524.0,2481.0,1289.0,0,0,0
2026-01-21T05:00:00Z,DE-LU,AT,2541.0,3294.0,-2090.0,0,0,0
2026-01-21T05:00:00Z,DE-LU,FR,849.0,1132.0,-357.0,0,0,0
2026-01-21T05:00:00Z,DE-LU,NL,1348.0,3729.0,2666.0,3.11,0,0
2026-01-21T05:00:00Z,DE-LU,PL,1020.0,1947.0,428.0,0,0,0
2026-01-21T05:00:00Z,DE-LU,CZ,542.0,1258.0,146.0,0,0,0
2026-01-21T05:00:00Z,DE-LU,DK1,762.0,1851.0,609.0,0,0,4.0
2026-01-21T06:00:00Z,DE-LU,AT,1223.0,3243.0,2279.0,0,0,0
2026-01-21T06:00:00Z,DE-LU,FR,959.0,1708.0,625.0,0,0,0
2026-01-21T06:00:00Z,DE-LU,NL,2875.0,3749.0,-2515.0,0,0,0
2026-01-21T06:00:00Z,DE-LU,PL,909.0,1339.0,-23.0,0,0,0
2026-01-21T06:00:00Z,DE-LU,CZ,582.0,1061.0,706.0,0,0,0
2026-01-21T06:00:00Z,DE-LU,DK1,3447.0,3951.0,1584.0,0,0,0
2026-01-21T07:00:00Z,DE-LU,AT,2323.0,3602.0,-1868.0,0,0,0
2026-01-21T07:00:00Z,DE-LU,FR,1944.0,4162.0,2000.0,0,0,0
2026-01-21T07:00:00Z,DE-LU,NL,1357.0,4256.0,2527.0,0,0,0
2026-01-21T07:00:00Z,DE-LU,PL,1975.0,3388.0,-939.0,0,0,0
2026-01-21T07:00:00Z,DE-LU,CZ,3465.0,3947.0,-2072.0,0,0,0
2026-01-21T07:00:00Z,DE-LU,DK1,1096.0,1890.0,534.0,0,0,0
2026-01-21T08:00:00Z,DE-LU,AT,2953.0,3600.0,-1062.0,0,0,0
2026-01-21T08:00:00Z,DE-LU,FR,2014.0,3280.0,2343.0,0,0,0
2026-01-21T08:00:00Z,DE-LU,NL,796.0,2619.0,-1991.0,13.91,61.0,0
2026-01-21T08:00:00Z,DE-LU,PL,997.0,3119.0,1797.0,4.9,0,0
2026-01-21T08:00:00Z,DE-LU,CZ,2279.0,2672.0,1471.0,0,0,0
2026-01-21T08:00:00Z,DE-LU,DK1,1762.0,3702.0,-2067.0,0,0,0
2026-01-21T09:00:00Z,DE-LU,AT,624.0,1611.0,991.0,0.14,0,0
2026-01-21T09:00:00Z,DE-LU,FR,1575.0,2708.0,489.0,0,0,0
2026-01-21T09:00:00Z,DE-LU,NL,1642.0,4351.0,2307.0,0,0,0
2026-01-21T09:00:00Z,DE-LU,PL,3162.0,3986.0,469.0,0,0,0
2026-01-21T09:00:00Z,DE-LU,CZ,3139.0,4150.0,-1140.0,0,0,0
2026-01-21T09:00:00Z,DE-LU,DK1,2088.0,2840.0,-638.0,0,0,15.0
2026-01-21T10:00:00Z,DE-LU,AT,2281.0,4119.0,-2230.0,0,0,0
2026-01-21T10:00:00Z,DE-LU,FR,3917.0,4346.0,2065.0,0,0,0
2026-01-21T10:00:00Z,DE-LU,NL,3750.0,4103.0,7.0,0,0,0
2026-01-21T10:00:00Z,DE-LU,PL,3054.0,4284.0,-2937.0,0,0,4.0
2026-01-21T10:00:00Z,DE-LU,CZ,899.0,2626.0,-1440.0,0,0,0
2026-01-21T10:00:00Z,DE-LU,DK1,477.0,1156.0,-293.0,0,0,0
2026-01-21T11:00:00Z,DE-LU,AT,2029.0,3768.0,2789.0,0,0,0
2026-01-21T11:00:00Z,DE-LU,FR,1255.0,1977.0,461.0,0,0,0
2026-01-21T11:00:00Z,DE-LU,NL,1690.0,2553.0,1950.0,0,0,0
2026-01-21T11:00:00Z,DE-LU,PL,2472.0,4034.0,2884.0,0,0,0
2026-01-21T11:00:00Z,DE-LU,CZ,1362.0,1937.0,-36.0,0,0,0
2026-01-21T11:00:00Z,DE-LU,DK1,1742.0,1999.0,-1379.0,0,0,0
2026-01-21T12:00:00Z,DE-LU,AT,970.0,1503.0,199.0,0,0,0
2026-01-21T12:00:00Z,DE-LU,FR,3137.0,3859.0,-1684.0,0,0,0
2026-01-21T12:00:00Z,DE-LU,NL,3179.0,3857.0,-2448.0,0,0,0
2026-01-21T12:00:00Z,DE-LU,PL,395.0,1209.0,444.0,0,0,0
2026-01-21T12:00:00Z,DE-LU,CZ,1863.0,2960.0,-1845.0,0,0,0
2026-01-21T12:00:00Z,DE-LU,DK1,1591.0,3707.0,-1586.0,0,0,0
2026-01-21T13:00:00Z,DE-LU,AT,969.0,1672.0,-1040.0,0,0,0
2026-01-21T13:00:00Z,DE-LU,FR,1480.0,3022.0,2156.0,0,0,0
2026-01-21T13:00:00Z,DE-LU,NL,1364.0,2651.0,992.0,0,0,2.0
2026-01-21T13:00:00Z,DE-LU,PL,2117.0,3674.0,-2750.0,0,0,0
2026-01-21T13:00:00Z,DE-LU,CZ,1261.0,3587.0,108.0,0,0,0
2026-01-21T13:00:00Z,DE-LU,DK1,1911.0,2950.0,514.0,0,0,0
2026-01-21T14:00:00Z,DE-LU,AT,1283.0,3395.0,-507.0,12.78,0,0
2026-01-21T14:00:00Z,DE-LU,FR,2024.0,3067.0,1635.0,0,0,0
2026-01-21T14:00:00Z,DE-LU,NL,830.0,1228.0,-837.0,0,0,0
2026-01-21T14:00:00Z,DE-LU,PL,2261.0,3035.0,-1116.0,0,0,0
2026-01-21T14:00:00Z,DE-LU,CZ,2325.0,3320.0,-2646.0,0,0,0
2026-01-21T14:00:00Z,DE-LU,DK1,2566.0,4368.0,72.0,0,0,0
2026-01-21T15:00:00Z,DE-LU,AT,1525.0,2731.0,209.0,0,0,0
2026-01-21T15:00:00Z,DE-LU,FR,2747.0,3235.0,-1083.0,0,0,0
2026-01-21T15:00:00Z,DE-LU,NL,2484.0,4039.0,-496.0,0,0,0
2026-01-21T15:00:00Z,DE-LU,PL,1580.0,2415.0,-1605.0,0,0,0
2026-01-21T15:00:00Z,DE-LU,CZ,1852.0,2775.0,-1530.0,0,0,0
2026-01-21T15:00:00Z,DE-LU,DK1,511.0,816.0,-397.0,0,0,0
2026-01-21T16:00:00Z,DE-LU,AT,1469.0,2808.0,-1487.0,0,0,0
2026-01-21T16:00:00Z,DE-LU,FR,2362.0,3794.0,154.0,0,0,0
2026-01-21T16:00:00Z,DE-LU,NL,621.0,1044.0,-207.0,0,0,0
2026-01-21T16:00:00Z,DE-LU,PL,1973.0,3865.0,293.0,0,0,0
2026-01-21T16:00:00Z,DE-LU,CZ,2334.0,3730.0,-620.0,0,0,0
2026-01-21T16:00:00Z,DE-LU,DK1,953.0,3053.0,1352.0,6.11,0,0
2026-01-21T17:00:00Z,DE-LU,AT,1767.0,3231.0,2157.0,0,0,0
2026-01-21T17:00:00Z,DE-LU,FR,1762.0,4372.0,-2860.0,0,0,0
2026-01-21T17:00:00Z,DE-LU,NL,3330.0,3920.0,2706.0,0,0,0
2026-01-21T17:00:00Z,DE-LU,PL,3263.0,4174.0,-539.0,0,0,0
2026-01-21T17:00:00Z,DE-LU,CZ,1696.0,1821.0,-799.0,0,0,0
2026-01-21T17:00:00Z,DE-LU,DK1,1258.0,1404.0,-1110.0,0,0,0
2026-01-21T18:00:00Z,DE-LU,AT,642.0,1000.0,435.0,0,0,0
2026-01-21T18:00:00Z,DE-LU,FR,3824.0,4340.0,1368.0,0,0,0
2026-01-21T18:00:00Z,DE-LU,NL,2242.0,2559.0,-222.0,0,0,0
2026-01-21T18:00:00Z,DE-LU,PL,1970.0,3975.0,-3172.0,0,0,0
2026-01-21T18:00:00Z,DE-LU,CZ,2697.0,3187.0,1259.0,0,0,0
2026-01-21T18:00:00Z,DE-LU,DK1,1280.0,2956.0,-538.0,0,0,0
2026-01-21T19:00:00Z,DE-LU,AT,1315.0,1894.0,-1470.0,0,0,0
2026-01-21T19:00:00Z,DE-LU,FR,3354.0,4190.0,-2559.0,0,0,0
2026-01-21T19:00:00Z,DE-LU,NL,969.0,1275.0,89.0,0,0,0
2026-01-21T19:00:00Z,DE-LU,PL,645.0,1545.0,-325.0,0,0,0
2026-01-21T19:00:00Z,DE-LU,CZ,1973.0,3645.0,-1274.0,0,0,0
2026-01-21T19:00:00Z,DE-LU,DK1,1326.0,2974.0,-2092.0,0,0,0
2026-01-21T20:00:00Z,DE-LU,AT,867.0,2637.0,-1675.0,2.05,0,0
2026-01-21T20:00:00Z,DE-LU,FR,1167.0,3532.0,937.0,0,0,0
2026-01-21T20:00:00Z,DE-LU,NL,2686.0,3756.0,1092.0,0,0,0
2026-01-21T20:00:00Z,DE-LU,PL,3420.0,4150.0,-5.0,0,0,0
2026-01-21T20:00:00Z,DE-LU,CZ,1735.0,2524.0,749.0,0,0,0
2026-01-21T20:00:00Z,DE-LU,DK1,585.0,1783.0,1395.0,0,0,0
2026-01-21T21:00:00Z,DE-LU,AT,642.0,1070.0,131.0,0,0,0
2026-01-21T21:00:00Z,DE-LU,FR,640.0,1070.0,-62.0,0,0,0
2026-01-21T21:00:00Z,DE-LU,NL,1798.0,2430.0,-1265.0,0,0,0
2026-01-21T21:00:00Z,DE-LU,PL,2862.0,3161.0,-766.0,0,0,0
2026-01-21T21:00:00Z,DE-LU,CZ,1966.0,2780.0,-2034.0,0,0,0
2026-01-21T21:00:00Z,DE-LU,DK1,3031.0,3295.0,-1602.0,0,0,0
2026-01-21T22:00:00Z,DE-LU,AT,2548.0,3045.0,344.0,0,0,0
2026-01-21T22:00:00Z,DE-LU,FR,333.0,898.0,-339.0,0,0,0
2026-01-21T22:00:00Z,DE-LU,NL,3061.0,3636.0,1900.0,0,0,0
2026-01-21T22:00:00Z,DE-LU,PL,994.0,1660.0,-837.0,0,0,0
2026-01-21T22:00:00Z,DE-LU,CZ,1256.0,2922.0,-1023.0,0,0,0
2026-01-21T22:00:00Z,DE-LU,DK1,1745.0,1897.0,-1171.0,0,0,0
2026-01-21T23:00:00Z,DE-LU,AT,2852.0,4282.0,284.0,0,0,0
2026-01-21T23:00:00Z,DE-LU,FR,843.0,2314.0,39.0,3.27,0,0
2026-01-21T23:00:00Z,DE-LU,NL,1753.0,2652.0,435.0,0,0,15.0
2026-01-21T23:00:00Z,DE-LU,PL,3012.0,3875.0,-3055.0,0,0,0
2026-01-21T23:00:00Z,DE-LU,CZ,1356.0,3408.0,2713.0,0,0,0
2026-01-21T23:00:00Z,DE-LU,DK1,1550.0,2827.0,675.0,0,0,0
2026-01-22T00:00:00Z,DE-LU,AT,1811.0,1992.0,-585.0,0,0,45.0
2026-01-22T00:00:00Z,DE-LU,FR,1504.0,2412.0,-1420.0,0,0,0
2026-01-22T00:00:00Z,DE-LU,NL,1526.0,3476.0,-284.0,0,0,0
2026-01-22T00:00:00Z,DE-LU,PL,3622.0,4346.0,184.0,0,0,0
2026-01-22T00:00:00Z,DE-LU,CZ,3224.0,4007.0,-2327.0,0,0,0
2026-01-22T00:00:00Z,DE-LU,DK1,2349.0,2911.0,-1291.0,0,0,0
2026-01-22T01:00:00Z,DE-LU,AT,3114.0,4093.0,154.0,0,0,0
2026-01-22T01:00:00Z,DE-LU,FR,3523.0,3787.0,690.0,0,0,0
2026-01-22T01:00:00Z,DE-LU,NL,1951.0,2479.0,-1642.0,0,0,0
2026-01-22T01:00:00Z,DE-LU,PL,1506.0,2001.0,1589.0,0,0,0
2026-01-22T01:00:00Z,DE-LU,CZ,1455.0,3734.0,197.0,5.97,0,0
2026-01-22T01:00:00Z,DE-LU,DK1,1464.0,1612.0,-129.0,0,0,0
2026-01-22T02:00:00Z,DE-LU,AT,2476.0,3632.0,-396.0,0,0,0
2026-01-22T02:00:00Z,DE-LU,FR,651.0,1115.0,-600.0,0,0,0
2026-01-22T02:00:00Z,DE-LU,NL,2414.0,2828.0,319.0,0,0,0
2026-01-22T02:00:00Z,DE-LU,PL,802.0,1707.0,-351.0,0,0,0
2026-01-22T02:00:00Z,DE-LU,CZ,1370.0,1702.0,367.0,0,0,0
2026-01-22T02:00:00Z,DE-LU,DK1,2851.0,4355.0,828.0,0,0,0
2026-01-22T03:00:00Z,DE-LU,AT,1285.0,3107.0,693.0,0,0,31.0
2026-01-22T03:00:00Z,DE-LU,FR,1729.0,2065.0,-1578.0,0,0,0
2026-01-22T03:00:00Z,DE-LU,NL,1892.0,2383.0,-1670.0,0,0,0
2026-01-22T03:00:00Z,DE-LU,PL,1852.0,2226.0,728.0,0,0,0
2026-01-22T03:00:00Z,DE-LU,CZ,1523.0,2619.0,1778.0,0,0,0
2026-01-22T03:00:00Z,DE-LU,DK1,2629.0,3300.0,-13.0,0,0,0
2026-01-22T04:00:00Z,DE-LU,AT,1445.0,3993.0,1896.0,0.59,16.0,0
2026-01-22T04:00:00Z,DE-LU,FR,627.0,1485.0,-363.0,0,0,0
2026-01-22T04:00:00Z,DE-LU,NL,2653.0,2800.0,1021.0,0,0,0
2026-01-22T04:00:00Z,DE-LU,PL,1098.0,1257.0,586.0,0,0,0
2026-01-22T04:00:00Z,DE-LU,CZ,875.0,1180.0,717.0,0,0,0
2026-01-22T04:00:00Z,DE-LU,DK1,438.0,855.0,-356.0,0,0,0
2026-01-22T05:00:00Z,DE-LU,AT,768.0,1621.0,-1145.0,0,0,0
2026-01-22T05:00:00Z,DE-LU,FR,741.0,1412.0,-891.0,0,0,0
2026-01-22T05:00:00Z,DE-LU,NL,472.0,1228.0,-914.0,0,0,0
2026-01-22T05:00:00Z,DE-LU,PL,2623.0,4141.0,2792.0,0,0,0
2026-01-22T05:00:00Z,DE-LU,CZ,480.0,824.0,-375.0,0,0,0
2026-01-22T05:00:00Z,DE-LU,DK1,703.0,2053.0,-546.0,4.61,0,0
2026-01-22T06:00:00Z,DE-LU,AT,3145.0,3868.0,-473.0,0,0,0
2026-01-22T06:00:00Z,DE-LU,FR,1531.0,1779.0,1326.0,0,0,0
2026-01-22T06:00:00Z,DE-LU,NL,2479.0,4266.0,-3026.0,0,0,0
2026-01-22T06:00:00Z,DE-LU,PL,2914.0,3944.0,-2976.0,0,0,0
2026-01-22T06:00:00Z,DE-LU,CZ,1076.0,1407.0,-257.0,0,0,0
2026-01-22T06:00:00Z,DE-LU,DK1,1728.0,2104.0,-15.0,0,0,0
2026-01-22T07:00:00Z,DE-LU,AT,484.0,953.0,50.0,0,0,0
2026-01-22T07:00:00Z,DE-LU,FR,1270.0,1966.0,-814.0,0,0,0
2026-01-22T07:00:00Z,DE-LU,NL,1193.0,3165.0,-693.0,0,0,0
2026-01-22T07:00:00Z,DE-LU,PL,1091.0,1973.0,-1367.0,0,0,0
2026-01-22T07:00:00Z,DE-LU,CZ,1496.0,1732.0,813.0,0,0,0
2026-01-22T07:00:00Z,DE-LU,DK1,921.0,1023.0,-143.0,0,0,0
2026-01-22T08:00:00Z,DE-LU,AT,1940.0,3359.0,-244.0,0,0,0
2026-01-22T08:00:00Z,DE-LU,FR,2331.0,2852.0,668.0,0,0,0
2026-01-22T08:00:00Z,DE-LU,NL,2068.0,2702.0,1923.0,0,0,0
2026-01-22T08:00:00Z,DE-LU,PL,1384.0,3708.0,-675.0,0,0,0
2026-01-22T08:00:00Z,DE-LU,CZ,2263.0,3593.0,-179.0,0,0,0
2026-01-22T08:00:00Z,DE-LU,DK1,1828.0,2513.0,210.0,0,0,0
2026-01-22T09:00:00Z,DE-LU,AT,887.0,1476.0,806.0,0,0,0
2026-01-22T09:00:00Z,DE-LU,FR,1601.0,3524.0,-2052.0,0,0,0
2026-01-22T09:00:00Z,DE-LU,NL,799.0,980.0,-414.0,0,0,0
2026-01-22T09:00:00Z,DE-LU,PL,2967.0,4369.0,-2224.0,0,0,0
2026-01-22T09:00:00Z,DE-LU,CZ,2447.0,2578.0,-68.0,0,0,0
2026-01-22T09:00:00Z,DE-LU,DK1,831.0,1368.0,241.0,0,0,0
2026-01-22T10:00:00Z,DE-LU,AT,1554.0,3991.0,-1774.0,0,0,0
2026-01-22T10:00:00Z,DE-LU,FR,383.0,1050.0,-761.0,0,0,0
2026-01-22T10:00:00Z,DE-LU,NL,889.0,1802.0,318.0,0,0,0
2026-01-22T10:00:00Z,DE-LU,PL,638.0,1273.0,222.0,0,0,0
2026-01-22T10:00:00Z,DE-LU,CZ,1633.0,3005.0,-2258.0,0,0,0
2026-01-22T10:00:00Z,DE-LU,DK1,823.0,1201.0,-604.0,0,0,0
2026-01-22T11:00:00Z,DE-LU,AT,2349.0,4118.0,-3135.0,0,0,0
2026-01-22T11:00:00Z,DE-LU,FR,1905.0,2324.0,150.0,0,0,0
2026-01-22T11:00:00Z,DE-LU,NL,2145.0,2752.0,-715.0,0,0,0
2026-01-22T11:00:00Z,DE-LU,PL,2193.0,3622.0,2063.0,0,0,0
2026-01-22T11:00:00Z,DE-LU,CZ,2511.0,4326.0,1789.0,0,0,0
2026-01-22T11:00:00Z,DE-LU,DK1,3771.0,4464.0,-1402.0,0,0,0
2026-01-22T12:00:00Z,DE-LU,AT,1943.0,2086.0,-9.0,0,0,0
2026-01-22T12:00:00Z,DE-LU,FR,1251.0,1951.0,1218.0,0,0,0
2026-01-22T12:00:00Z,DE-LU,NL,1994.0,3678.0,2550.0,0,0,0
2026-01-22T12:00:00Z,DE-LU,PL,1392.0,2837.0,-1382.0,0,0,0
2026-01-22T12:00:00Z,DE-LU,CZ,2362.0,3022.0,-1046.0,0,0,0
2026-01-22T12:00:00Z,DE-LU,DK1,936.0,2254.0,-627.0,0,0,0
2026-01-22T13:00:00Z,DE-LU,AT,1045.0,1182.0,33.0,0,0,0
2026-01-22T13:00:00Z,DE-LU,FR,2581.0,3465.0,1060.0,0,0,0
2026-01-22T13:00:00Z,DE-LU,NL,2651.0,3158.0,-1326.0,0,0,0
2026-01-22T13:00:00Z,DE-LU,PL,761.0,1589.0,1036.0,0,0,0
2026-01-22T13:00:00Z,DE-LU,CZ,1855.0,3515.0,-898.0,0,0,0
2026-01-22T13:00:00Z,DE-LU,DK1,2767.0,3801.0,-95.0,0,0,0
2026-01-22T14:00:00Z,DE-LU,AT,1213.0,3152.0,437.0,5.12,79.0,0
2026-01-22T14:00:00Z,DE-LU,FR,1640.0,2419.0,544.0,0,0,0
2026-01-22T14:00:00Z,DE-LU,NL,2351.0,4450.0,558.0,0,0,0
2026-01-22T14:00:00Z,DE-LU,PL,1197.0,3910.0,-2890.0,0,0,0
2026-01-22T14:00:00Z,DE-LU,CZ,2992.0,3510.0,2806.0,0,0,0
2026-01-22T14:00:00Z,DE-LU,DK1,2305.0,4017.0,-2069.0,0,0,0
2026-01-22T15:00:00Z,DE-LU,AT,1120.0,2677.0,-773.0,0,0,0
2026-01-22T15:00:00Z,DE-LU,FR,2824.0,3369.0,-854.0,0,0,0
2026-01-22T15:00:00Z,DE-LU,NL,3206.0,3737.0,2335.0,0,0,0
2026-01-22T15:00:00Z,DE-LU,PL,1699.0,3050.0,1285.0,0,0,0
2026-01-22T15:00:00Z,DE-LU,CZ,1827.0,2782.0,-431.0,0,0,0
2026-01-22T15:00:00Z,DE-LU,DK1,2022.0,4407.0,1462.0,0,0,0
2026-01-22T16:00:00Z,DE-LU,AT,1911.0,3495.0,-2371.0,0,0,0
2026-01-22T16:00:00Z,DE-LU,FR,2070.0,3117.0,-102.0,0,0,0
2026-01-22T16:00:00Z,DE-LU,NL,1334.0,4234.0,2705.0,0,0,0
2026-01-22T16:00:00Z,DE-LU,PL,1941.0,4321.0,1025.0,0,0,0
2026-01-22T16:00:00Z,DE-LU,CZ,869.0,1637.0,-414.0,0,0,0
2026-01-22T16:00:00Z,DE-LU,DK1,2551.0,4018.0,-1305.0,0,0,0
2026-01-22T17:00:00Z,DE-LU,AT,1598.0,1911.0,-1128.0,0,0,0
2026-01-22T17:00:00Z,DE-LU,FR,1490.0,1891.0,-1041.0,0,0,0
2026-01-22T17:00:00Z,DE-LU,NL,3199.0,4204.0,-2786.0,0,0,0
2026-01-22T17:00:00Z,DE-LU,PL,2620.0,2889.0,1900.0,0,0,0
2026-01-22T17:00:00Z,DE-LU,CZ,871.0,1014.0,466.0,0,0,0
2026-01-22T17:00:00Z,DE-LU,DK1,2339.0,2631.0,-1540.0,0,0,0
2026-01-22T18:00:00Z,DE-LU,AT,2734.0,4336.0,-2814.0,0,0,0
2026-01-22T18:00:00Z,DE-LU,FR,1294.0,2664.0,-316.0,0,0,0
2026-01-22T18:00:00Z,DE-LU,NL,1791.0,3137.0,-2191.0,0,0,0
2026-01-22T18:00:00Z,DE-LU,PL,1147.0,3547.0,-1134.0,0,0,0
2026-01-22T18:00:00Z,DE-LU,CZ,673.0,1720.0,-95.0,0,0,31.0
2026-01-22T18:00:00Z,DE-LU,DK1,1684.0,2800.0,2211.0,0,0,25.0
2026-01-22T19:00:00Z,DE-LU,AT,2109.0,2371.0,-1569.0,0,0,0
2026-01-22T19:00:00Z,DE-LU,FR,1088.0,1335.0,408.0,0,0,0
2026-01-22T19:00:00Z,DE-LU,NL,1360.0,1871.0,-183.0,0,0,0
2026-01-22T19:00:00Z,DE-LU,PL,1521.0,3168.0,2422.0,0,0,0
2026-01-22T19:00:00Z,DE-LU,CZ,2250.0,2616.0,-738.0,0,0,0
2026-01-22T19:00:00Z,DE-LU,DK1,3285.0,3600.0,-2113.0,0,0,0
2026-01-22T20:00:00Z,DE-LU,AT,1000.0,2849.0,814.0,4.29,0,0
2026-01-22T20:00:00Z,DE-LU,FR,4021.0,4428.0,-2126.0,0,0,0
2026-01-22T20:00:00Z,DE-LU,NL,1960.0,2157.0,219.0,0,0,0
2026-01-22T20:00:00Z,DE-LU,PL,378.0,1257.0,-547.0,0.85,50.0,0
2026-01-22T20:00:00Z,DE-LU,CZ,1644.0,4262.0,3291.0,0,0,0
2026-01-22T20:00:00Z,DE-LU,DK1,2299.0,4207.0,-375.0,0,0,0
2026-01-22T21:00:00Z,DE-LU,AT,911.0,2218.0,-179.0,0,0,0
2026-01-22T21:00:00Z,DE-LU,FR,2256.0,3724.0,-2394.0,0,0,0
2026-01-22T21:00:00Z,DE-LU,NL,469.0,1536.0,-751.0,5.89,74.0,0
2026-01-22T21:00:00Z,DE-LU,PL,1019.0,2100.0,1061.0,0,0,0
2026-01-22T21:00:00Z,DE-LU,CZ,1450.0,2158.0,978.0,0,0,0
2026-01-22T21:00:00Z,DE-LU,DK1,1887.0,2011.0,-130.0,0,0,0
2026-01-22T22:00:00Z,DE-LU,AT,878.0,1859.0,-1412.0,0,0,0
2026-01-22T22:00:00Z,DE-LU,FR,4155.0,4406.0,2161.0,0,0,0
2026-01-22T22:00:00Z,DE-LU,NL,3577.0,4279.0,1075.0,0,0,0
2026-01-22T22:00:00Z,DE-LU,PL,1342.0,1489.0,-675.0,0,0,0
2026-01-22T22:00:00Z,DE-LU,CZ,1514.0,1924.0,558.0,0,0,0
2026-01-22T22:00:00Z,DE-LU,DK1,1792.0,3069.0,1625.0,0,0,0
2026-01-22T23:00:00Z,DE-LU,AT,2920.0,4105.0,-223.0,0,0,0
2026-01-22T23:00:00Z,DE-LU,FR,2010.0,3297.0,-1936.0,0,0,0
2026-01-22T23:00:00Z,DE-LU,NL,944.0,1339.0,-399.0,0,0,0
2026-01-22T23:00:00Z,DE-LU,PL,1034.0,2727.0,-345.0,0,0,0
2026-01-22T23:00:00Z,DE-LU,CZ,1001.0,1073.0,-99.0,0,0,0
2026-01-22T23:00:00Z,DE-LU,DK1,350.0,885.0,-283.0,0,0,0
2026-01-23T00:00:00Z,DE-LU,AT,445.0,957.0,-200.0,0,0,0
2026-01-23T00:00:00Z,DE-LU,FR,562.0,1778.0,515.0,0,0,0
2026-01-23T00:00:00Z,DE-LU,NL,1945.0,3956.0,1817.0,0,0,0
2026-01-23T00:00:00Z,DE-LU,PL,1159.0,2546.0,942.0,0,0,0
2026-01-23T00:00:00Z,DE-LU,CZ,2460.0,3386.0,-2397.0,0,0,0
2026-01-23T00:00:00Z,DE-LU,DK1,505.0,1447.0,340.0,0,0,0
2026-01-23T01:00:00Z,DE-LU,AT,1198.0,1543.0,-610.0,0,0,0
2026-01-23T01:00:00Z,DE-LU,FR,1400.0,2918.0,1596.0,0,0,0
2026-01-23T01:00:00Z,DE-LU,NL,1384.0,4480.0,2221.0,6.46,68.0,0
2026-01-23T01:00:00Z,DE-LU,PL,1303.0,1491.0,319.0,0,0,0
2026-01-23T01:00:00Z,DE-LU,CZ,1158.0,1818.0,28.0,0,0,0
2026-01-23T01:00:00Z,DE-LU,DK1,560.0,1820.0,91.0,2.1,0,0
2026-01-23T02:00:00Z,DE-LU,AT,366.0,1104.0,-607.0,0,0,0
2026-01-23T02:00:00Z,DE-LU,FR,3416.0,3817.0,-2990.0,0,0,0
2026-01-23T02:00:00Z,DE-LU,NL,363.0,1016.0,-707.0,7.0,0,0
2026-01-23T02:00:00Z,DE-LU,PL,1840.0,2465.0,215.0,0,0,0
2026-01-23T02:00:00Z,DE-LU,CZ,2486.0,4392.0,3244.0,0,0,0
2026-01-23T02:00:00Z,DE-LU,DK1,1342.0,3201.0,-168.0,0,0,0
2026-01-23T03:00:00Z,DE-LU,AT,636.0,872.0,-651.0,0,0,0
2026-01-23T03:00:00Z,DE-LU,FR,937.0,2645.0,-1599.0,0,0,0
2026-01-23T03:00:00Z,DE-LU,NL,663.0,1753.0,-1322.0,7.49,0,0
2026-01-23T03:00:00Z,DE-LU,PL,2356.0,2492.0,1142.0,0,0,0
2026-01-23T03:00:00Z,DE-LU,CZ,423.0,1155.0,880.0,0,0,0
2026-01-23T03:00:00Z,DE-LU,DK1,1758.0,3386.0,-2062.0,0,0,0
2026-01-23T04:00:00Z,DE-LU,AT,2794.0,3727.0,-1835.0,0,0,0
2026-01-23T04:00:00Z,DE-LU,FR,1043.0,1588.0,-46.0,0,0,0
2026-01-23T04:00:00Z,DE-LU,NL,482.0,1205.0,558.0,0,0,0
2026-01-23T04:00:00Z,DE-LU,PL,2594.0,3383.0,113.0,0,0,0
2026-01-23T04:00:00Z,DE-LU,CZ,3090.0,3873.0,-2372.0,0,0,10.0
2026-01-23T04:00:00Z,DE-LU,DK1,3125.0,3695.0,536.0,0,0,0
2026-01-23T05:00:00Z,DE-LU,AT,947.0,2770.0,-959.0,6.38,32.0,0
2026-01-23T05:00:00Z,DE-LU,FR,2295.0,2807.0,1496.0,0,0,0
2026-01-23T05:00:00Z,DE-LU,NL,2298.0,4174.0,-1700.0,0,0,0
2026-01-23T05:00:00Z,DE-LU,PL,1681.0,2981.0,2161.0,0,0,0
2026-01-23T05:00:00Z,DE-LU,CZ,1813.0,2990.0,666.0,0,0,0
2026-01-23T05:00:00Z,DE-LU,DK1,1591.0,1773.0,1393.0,0,0,0
2026-01-23T06:00:00Z,DE-LU,AT,2324.0,2677.0,154.0,0,0,0
2026-01-23T06:00:00Z,DE-LU,FR,1155.0,3369.0,-715.0,0,0,0
2026-01-23T06:00:00Z,DE-LU,NL,1635.0,4393.0,109.0,3.73,0,0
2026-01-23T06:00:00Z,DE-LU,PL,1953.0,2336.0,1611.0,0,0,0
2026-01-23T06:00:00Z,DE-LU,CZ,686.0,1030.0,-157.0,0,0,0
2026-01-23T06:00:00Z,DE-LU,DK1,1400.0,3117.0,996.0,0,0,0
2026-01-23T07:00:00Z,DE-LU,AT,583.0,838.0,-258.0,0,0,0
2026-01-23T07:00:00Z,DE-LU,FR,1752.0,2699.0,-2056.0,0,0,0
2026-01-23T07:00:00Z,DE-LU,NL,1604.0,3180.0,573.0,0,0,0
2026-01-23T07:00:00Z,DE-LU,PL,776.0,1139.0,-480.0,0,0,0
2026-01-23T07:00:00Z,DE-LU,CZ,1741.0,3186.0,950.0,0,0,0
2026-01-23T07:00:00Z,DE-LU,DK1,3292.0,4102.0,2924.0,0,0,0
2026-01-23T08:00:00Z,DE-LU,AT,387.0,901.0,133.0,0,0,0
2026-01-23T08:00:00Z,DE-LU,FR,2732.0,3016.0,-520.0,0,0,0
2026-01-23T08:00:00Z,DE-LU,NL,2616.0,4464.0,1745.0,0,0,0
2026-01-23T08:00:00Z,DE-LU,PL,1483.0,3335.0,1449.0,0,0,0
2026-01-23T08:00:00Z,DE-LU,CZ,3473.0,4120.0,-2297.0,0,0,0
2026-01-23T08:00:00Z,DE-LU,DK1,3445.0,3697.0,2598.0,0,0,0
2026-01-23T09:00:00Z,DE-LU,AT,378.0,1014.0,-463.0,1.02,0,0
2026-01-23T09:00:00Z,DE-LU,FR,969.0,3026.0,-2158.0,5.33,0,0
2026-01-23T09:00:00Z,DE-LU,NL,2403.0,4015.0,-2602.0,0,0,0
2026-01-23T09:00:00Z,DE-LU,PL,2269.0,4181.0,1499.0,0,0,0
2026-01-23T09:00:00Z,DE-LU,CZ,1215.0,2471.0,941.0,0,0,3.0
2026-01-23T09:00:00Z,DE-LU,DK1,682.0,1870.0,-1455.0,0,0,0
2026-01-23T10:00:00Z,DE-LU,AT,4015.0,4244.0,2275.0,0,0,0
2026-01-23T10:00:00Z,DE-LU,FR,1604.0,3174.0,1705.0,0,0,0
2026-01-23T10:00:00Z,DE-LU,NL,1891.0,4459.0,-1507.0,0,0,0
2026-01-23T10:00:00Z,DE-LU,PL,2508.0,3207.0,-909.0,0,0,0
2026-01-23T10:00:00Z,DE-LU,CZ,2422.0,4020.0,-2351.0,0,0,0
2026-01-23T10:00:00Z,DE-LU,DK1,1089.0,3366.0,1482.0,0,0,0
2026-01-23T11:00:00Z,DE-LU,AT,2450.0,2653.0,225.0,0,0,0
2026-01-23T11:00:00Z,DE-LU,FR,2163.0,4267.0,-1762.0,0,0,0
2026-01-23T11:00:00Z,DE-LU,NL,2168.0,2763.0,1375.0,0,0,0
2026-01-23T11:00:00Z,DE-LU,PL,828.0,2120.0,680.0,0,0,0
2026-01-23T11:00:00Z,DE-LU,CZ,2414.0,2767.0,2175.0,0,0,0
2026-01-23T11:00:00Z,DE-LU,DK1,1188.0,1513.0,-838.0,0,0,0
2026-01-23T12:00:00Z,DE-LU,AT,2120.0,4402.0,2302.0,0,0,0
2026-01-23T12:00:00Z,DE-LU,FR,729.0,839.0,197.0,0,0,0
2026-01-23T12:00:00Z,DE-LU,NL,973.0,1580.0,740.0,0,0,0
2026-01-23T12:00:00Z,DE-LU,PL,1194.0,2467.0,-886.0,0,0,0
2026-01-23T12:00:00Z,DE-LU,CZ,3024.0,3287.0,392.0,0,0,0
2026-01-23T12:00:00Z,DE-LU,DK1,1531.0,1720.0,1357.0,0,0,0
2026-01-23T13:00:00Z,DE-LU,AT,821.0,1231.0,-535.0,0,0,0
2026-01-23T13:00:00Z,DE-LU,FR,862.0,1676.0,180.0,0,0,0
2026-01-23T13:00:00Z,DE-LU,NL,956.0,1648.0,-1254.0,0,0,0
2026-01-23T13:00:00Z,DE-LU,PL,2146.0,2372.0,-1534.0,0,0,0
2026-01-23T13:00:00Z,DE-LU,CZ,707.0,1316.0,-409.0,0,0,0
2026-01-23T13:00:00Z,DE-LU,DK1,1911.0,2722.0,1381.0,0,0,0
2026-01-23T14:00:00Z,DE-LU,AT,1101.0,3025.0,-1153.0,0,0,0
2026-01-23T14:00:00Z,DE-LU,FR,3164.0,3679.0,-2119.0,0,0,0
2026-01-23T14:00:00Z,DE-LU,NL,1015.0,2865.0,211.0,1.47,0,0
2026-01-23T14:00:00Z,DE-LU,PL,2362.0,3052.0,-865.0,0,0,0
2026-01-23T14:00:00Z,DE-LU,CZ,821.0,2334.0,644.0,0,0,0
2026-01-23T14:00:00Z,DE-LU,DK1,913.0,1031.0,343.0,0,0,0
2026-01-23T15:00:00Z,DE-LU,AT,3878.0,4151.0,-775.0,0,0,35.0
2026-01-23T15:00:00Z,DE-LU,FR,2283.0,4197.0,-1161.0,0,0,0
2026-01-23T15:00:00Z,DE-LU,NL,1127.0,1657.0,643.0,0,0,0
2026-01-23T15:00:00Z,DE-LU,PL,3371.0,4472.0,-1523.0,0,0,0
2026-01-23T15:00:00Z,DE-LU,CZ,3650.0,4005.0,-583.0,0,0,0
2026-01-23T15:00:00Z,DE-LU,DK1,1799.0,2328.0,1515.0,0,0,0
2026-01-23T16:00:00Z,DE-LU,AT,2995.0,4494.0,2230.0,0,0,0
2026-01-23T16:00:00Z,DE-LU,FR,3134.0,3512.0,-468.0,0,0,0
2026-01-23T16:00:00Z,DE-LU,NL,2500.0,3378.0,-512.0,0,0,0
2026-01-23T16:00:00Z,DE-LU,PL,1216.0,3841.0,1424.0,0,0,0
2026-01-23T16:00:00Z,DE-LU,CZ,683.0,1304.0,451.0,0,0,0
2026-01-23T16:00:00Z,DE-LU,DK1,1682.0,1895.0,724.0,0,0,0
2026-01-23T17:00:00Z,DE-LU,AT,1880.0,2512.0,196.0,0,0,0
2026-01-23T17:00:00Z,DE-LU,FR,763.0,1178.0,-31.0,0,0,0
2026-01-23T17:00:00Z,DE-LU,NL,2006.0,3818.0,-742.0,0,0,0
2026-01-23T17:00:00Z,DE-LU,PL,1264.0,2908.0,1644.0,0,0,0
2026-01-23T17:00:00Z,DE-LU,CZ,2831.0,4367.0,-3221.0,0,0,0
2026-01-23T17:00:00Z,DE-LU,DK1,2280.0,4046.0,1264.0,0,0,0
2026-01-23T18:00:00Z,DE-LU,AT,2926.0,3944.0,2028.0,0,0,0
2026-01-23T18:00:00Z,DE-LU,FR,579.0,1435.0,-754.0,0,0,32.0
2026-01-23T18:00:00Z,DE-LU,NL,1289.0,1715.0,-1342.0,0,0,0
2026-01-23T18:00:00Z,DE-LU,PL,598.0,1468.0,-495.0,0,0,0
2026-01-23T18:00:00Z,DE-LU,CZ,1277.0,1752.0,-323.0,0,0,0
2026-01-23T18:00:00Z,DE-LU,DK1,1940.0,2369.0,-1835.0,0,0,0
2026-01-23T19:00:00Z,DE-LU,AT,817.0,878.0,-291.0,0,0,0
2026-01-23T19:00:00Z,DE-LU,FR,2149.0,3244.0,-2066.0,0,0,22.0
2026-01-23T19:00:00Z,DE-LU,NL,1527.0,3256.0,1965.0,0,0,0
2026-01-23T19:00:00Z,DE-LU,PL,2709.0,2929.0,1834.0,0,0,0
2026-01-23T19:00:00Z,DE-LU,CZ,1269.0,3749.0,-1173.0,0,0,0
2026-01-23T19:00:00Z,DE-LU,DK1,1361.0,3555.0,-2241.0,2.01,0,0
2026-01-23T20:00:00Z,DE-LU,AT,1265.0,1392.0,952.0,0,0,0
2026-01-23T20:00:00Z,DE-LU,FR,1350.0,2418.0,-523.0,0,0,0
2026-01-23T20:00:00Z,DE-LU,NL,1785.0,3034.0,1007.0,0,0,0
2026-01-23T20:00:00Z,DE-LU,PL,2005.0,2141.0,-127.0,0,0,0
2026-01-23T20:00:00Z,DE-LU,CZ,1902.0,3881.0,-2146.0,0,0,0
2026-01-23T20:00:00Z,DE-LU,DK1,1842.0,2548.0,-1974.0,0,0,0
2026-01-23T21:00:00Z,DE-LU,AT,1226.0,2345.0,653.0,0,0,0
2026-01-23T21:00:00Z,DE-LU,FR,1596.0,1927.0,1336.0,0,0,0
2026-01-23T21:00:00Z,DE-LU,NL,3072.0,3417.0,2230.0,0,0,0
2026-01-23T21:00:00Z,DE-LU,PL,3379.0,3823.0,-1080.0,0,0,0
2026-01-23T21:00:00Z,DE-LU,CZ,1245.0,2656.0,903.0,0,0,0
2026-01-23T21:00:00Z,DE-LU,DK1,3520.0,4235.0,25.0,0,0,0
2026-01-23T22:00:00Z,DE-LU,AT,1558.0,2344.0,-1527.0,0,0,0
2026-01-23T22:00:00Z,DE-LU,FR,1297.0,1619.0,951.0,0,0,0
2026-01-23T22:00:00Z,DE-LU,NL,3186.0,4084.0,-1088.0,0,0,0
2026-01-23T22:00:00Z,DE-LU,PL,3388.0,3770.0,-2069.0,0,0,0
2026-01-23T22:00:00Z,DE-LU,CZ,1582.0,3026.0,-1969.0,0,0,0
2026-01-23T22:00:00Z,DE-LU,DK1,1323.0,1683.0,-1308.0,0,0,0
2026-01-23T23:00:00Z,DE-LU,AT,618.0,1948.0,-52.0,0,0,0
2026-01-23T23:00:00Z,DE-LU,FR,869.0,1020.0,453.0,0,0,0
2026-01-23T23:00:00Z,DE-LU,NL,3699.0,4087.0,1790.0,0,0,0
2026-01-23T23:00:00Z,DE-LU,PL,1236.0,3740.0,-1985.0,0,0,0
2026-01-23T23:00:00Z,DE-LU,CZ,1064.0,1228.0,471.0,0,0,39.0
2026-01-23T23:00:00Z,DE-LU,DK1,2459.0,2909.0,-1651.0,0,0,0
2026-01-24T00:00:00Z,DE-LU,AT,1243.0,2432.0,1236.0,0,0,0
2026-01-24T00:00:00Z,DE-LU,FR,3241.0,3626.0,-1774.0,0,0,0
2026-01-24T00:00:00Z,DE-LU,NL,1742.0,2130.0,-157.0,0,0,0
2026-01-24T00:00:00Z,DE-LU,PL,1346.0,3611.0,2785.0,3.14,54.0,0
2026-01-24T00:00:00Z,DE-LU,CZ,808.0,1489.0,-88.0,0,0,0
2026-01-24T00:00:00Z,DE-LU,DK1,2448.0,4182.0,-481.0,0,0,0
2026-01-24T01:00:00Z,DE-LU,AT,2369.0,3362.0,447.0,0,0,0
2026-01-24T01:00:00Z,DE-LU,FR,3197.0,3370.0,2667.0,0,0,0
2026-01-24T01:00:00Z,DE-LU,NL,1293.0,2708.0,1731.0,0,0,0
2026-01-24T01:00:00Z,DE-LU,PL,1311.0,1518.0,120.0,0,0,0
2026-01-24T01:00:00Z,DE-LU,CZ,1204.0,1682.0,-954.0,0,0,0
2026-01-24T01:00:00Z,DE-LU,DK1,2444.0,3559.0,2367.0,0,0,0
2026-01-24T02:00:00Z,DE-LU,AT,1403.0,2207.0,885.0,0,0,0
2026-01-24T02:00:00Z,DE-LU,FR,400.0,1177.0,57.0,3.27,35.0,0
2026-01-24T02:00:00Z,DE-LU,NL,598.0,1115.0,808.0,0,0,0
2026-01-24T02:00:00Z,DE-LU,PL,1804.0,3726.0,2672.0,0,0,0
2026-01-24T02:00:00Z,DE-LU,CZ,1174.0,1408.0,-360.0,0,0,0
2026-01-24T02:00:00Z,DE-LU,DK1,1561.0,2236.0,385.0,0,0,0
2026-01-24T03:00:00Z,DE-LU,AT,1646.0,3486.0,-1138.0,0,0,0
2026-01-24T03:00:00Z,DE-LU,FR,2812.0,4299.0,-120.0,0,0,0
2026-01-24T03:00:00Z,DE-LU,NL,2956.0,4013.0,-1295.0,0,0,0
2026-01-24T03:00:00Z,DE-LU,PL,1846.0,2091.0,487.0,0,0,0
2026-01-24T03:00:00Z,DE-LU,CZ,1011.0,1174.0,302.0,0,0,0
2026-01-24T03:00:00Z,DE-LU,DK1,1382.0,2223.0,-13.0,0,0,0
2026-01-24T04:00:00Z,DE-LU,AT,1471.0,2224.0,-1337.0,0,0,0
2026-01-24T04:00:00Z,DE-LU,FR,2867.0,4033.0,2513.0,0,0,0
2026-01-24T04:00:00Z,DE-LU,NL,3161.0,4285.0,2008.0,0,0,0
2026-01-24T04:00:00Z,DE-LU,PL,1464.0,4330.0,3196.0,0,0,0
2026-01-24T04:00:00Z,DE-LU,CZ,760.0,2188.0,-41.0,1.54,0,0
2026-01-24T04:00:00Z,DE-LU,DK1,2902.0,4217.0,-2727.0,0,0,0
2026-01-24T05:00:00Z,DE-LU,AT,2303.0,2604.0,-1457.0,0,0,0
2026-01-24T05:00:00Z,DE-LU,FR,1677.0,2169.0,703.0,0,0,0
2026-01-24T05:00:00Z,DE-LU,NL,3016.0,4043.0,-1221.0,0,0,0
2026-01-24T05:00:00Z,DE-LU,PL,1233.0,1834.0,577.0,0,0,0
2026-01-24T05:00:00Z,DE-LU,CZ,1266.0,2257.0,500.0,0,0,0
2026-01-24T05:00:00Z,DE-LU,DK1,2011.0,2228.0,1118.0,0,0,0
2026-01-24T06:00:00Z,DE-LU,AT,819.0,1112.0,178.0,0,0,0
2026-01-24T06:00:00Z,DE-LU,FR,1245.0,1607.0,-414.0,0,0,0
2026-01-24T06:00:00Z,DE-LU,NL,1853.0,2836.0,-1427.0,0,0,0
2026-01-24T06:00:00Z,DE-LU,PL,1543.0,1676.0,750.0,0,0,22.0
2026-01-24T06:00:00Z,DE-LU,CZ,1867.0,2842.0,337.0,0,0,0
2026-01-24T06:00:00Z,DE-LU,DK1,1863.0,2208.0,-996.0,0,0,0
2026-01-24T07:00:00Z,DE-LU,AT,1385.0,2531.0,1728.0,0,0,0
2026-01-24T07:00:00Z,DE-LU,FR,753.0,961.0,-561.0,0,0,9.0
2026-01-24T07:00:00Z,DE-LU,NL,3058.0,3728.0,-291.0,0,0,0
2026-01-24T07:00:00Z,DE-LU,PL,374.0,1147.0,832.0,3.71,0,0
2026-01-24T07:00:00Z,DE-LU,CZ,861.0,1684.0,1338.0,0,0,0
2026-01-24T07:00:00Z,DE-LU,DK1,2149.0,3419.0,1630.0,0,0,0
2026-01-24T08:00:00Z,DE-LU,AT,1461.0,3178.0,-2396.0,0,0,0
2026-01-24T08:00:00Z,DE-LU,FR,1749.0,2074.0,-275.0,0,0,0
2026-01-24T08:00:00Z,DE-LU,NL,1202.0,2443.0,1083.0,0,0,0
2026-01-24T08:00:00Z,DE-LU,PL,1409.0,4018.0,-1887.0,0,0,0
2026-01-24T08:00:00Z,DE-LU,CZ,1179.0,2725.0,-2125.0,0,0,0
2026-01-24T08:00:00Z,DE-LU,DK1,2115.0,2515.0,723.0,0,0,0
2026-01-24T09:00:00Z,DE-LU,AT,1125.0,2318.0,-540.0,0,0,0
2026-01-24T09:00:00Z,DE-LU,FR,1943.0,3266.0,743.0,0,0,0
2026-01-24T09:00:00Z,DE-LU,NL,2219.0,2561.0,1679.0,0,0,7.0
2026-01-24T09:00:00Z,DE-LU,PL,1308.0,1629.0,780.0,0,0,0
2026-01-24T09:00:00Z,DE-LU,CZ,359.0,970.0,-72.0,3.16,13.0,22.0
2026-01-24T09:00:00Z,DE-LU,DK1,803.0,894.0,9.0,0,0,0
2026-01-24T10:00:00Z,DE-LU,AT,2139.0,3081.0,-1731.0,0,0,0
2026-01-24T10:00:00Z,DE-LU,FR,1760.0,3682.0,382.0,0,0,0
2026-01-24T10:00:00Z,DE-LU,NL,2777.0,3325.0,-375.0,0,0,0
2026-01-24T10:00:00Z,DE-LU,PL,476.0,1028.0,801.0,0,0,0
2026-01-24T10:00:00Z,DE-LU,CZ,1971.0,4231.0,3280.0,0,0,0
2026-01-24T10:00:00Z,DE-LU,DK1,1059.0,1167.0,378.0,0,0,0
2026-01-24T11:00:00Z,DE-LU,AT,2171.0,3250.0,-1808.0,0,0,0
2026-01-24T11:00:00Z,DE-LU,FR,940.0,1828.0,-114.0,0,0,0
2026-01-24T11:00:00Z,DE-LU,NL,2519.0,3138.0,-1100.0,0,0,0
2026-01-24T11:00:00Z,DE-LU,PL,1679.0,1851.0,1081.0,0,0,0
2026-01-24T11:00:00Z,DE-LU,CZ,2499.0,4156.0,2381.0,0,0,0
2026-01-24T11:00:00Z,DE-LU,DK1,2416.0,3520.0,1699.0,0,0,0
2026-01-24T12:00:00Z,DE-LU,AT,2395.0,4010.0,2071.0,0,0,0
2026-01-24T12:00:00Z,DE-LU,FR,2097.0,4487.0,240.0,0,0,0
2026-01-24T12:00:00Z,DE-LU,NL,1248.0,2787.0,-1002.0,0,0,0
2026-01-24T12:00:00Z,DE-LU,PL,1837.0,3668.0,2239.0,0,0,0
2026-01-24T12:00:00Z,DE-LU,CZ,1792.0,4323.0,-3334.0,0,0,0
2026-01-24T12:00:00Z,DE-LU,DK1,995.0,2926.0,-1188.0,0,0,0
2026-01-24T13:00:00Z,DE-LU,AT,618.0,1089.0,-165.0,0,0,0
2026-01-24T13:00:00Z,DE-LU,FR,583.0,844.0,-22.0,0,0,0
2026-01-24T13:00:00Z,DE-LU,NL,822.0,1127.0,-129.0,0,0,0
2026-01-24T13:00:00Z,DE-LU,PL,553.0,1523.0,141.0,5.28,0,0
2026-01-24T13:00:00Z,DE-LU,CZ,2097.0,2754.0,216.0,0,0,0
2026-01-24T13:00:00Z,DE-LU,DK1,1390.0,1741.0,-741.0,0,0,0
2026-01-24T14:00:00Z,DE-LU,AT,1493.0,2766.0,-1737.0,0,0,0
2026-01-24T14:00:00Z,DE-LU,FR,1966.0,2159.0,809.0,0,0,0
2026-01-24T14:00:00Z,DE-LU,NL,1332.0,1472.0,836.0,0,0,0
2026-01-24T14:00:00Z,DE-LU,PL,1874.0,1983.0,-1551.0,0,0,0
2026-01-24T14:00:00Z,DE-LU,CZ,2164.0,3854.0,-703.0,0,0,0
2026-01-24T14:00:00Z,DE-LU,DK1,512.0,1651.0,-564.0,0,0,0
2026-01-24T15:00:00Z,DE-LU,AT,919.0,2049.0,-323.0,0,0,0
2026-01-24T15:00:00Z,DE-LU,FR,2778.0,3701.0,436.0,0,0,0
2026-01-24T15:00:00Z,DE-LU,NL,633.0,1090.0,191.0,0,0,0
2026-01-24T15:00:00Z,DE-LU,PL,583.0,1726.0,-21.0,0,0,0
2026-01-24T15:00:00Z,DE-LU,CZ,1479.0,2626.0,1145.0,0,0,0
2026-01-24T15:00:00Z,DE-LU,DK1,393.0,960.0,176.0,0,0,0
2026-01-24T16:00:00Z,DE-LU,AT,1210.0,2601.0,116.0,0,0,0
2026-01-24T16:00:00Z,DE-LU,FR,612.0,811.0,-311.0,0,0,0
2026-01-24T16:00:00Z,DE-LU,NL,2523.0,3776.0,295.0,0,0,0
2026-01-24T16:00:00Z,DE-LU,PL,1708.0,4008.0,-1284.0,0,0,0
2026-01-24T16:00:00Z,DE-LU,CZ,2138.0,2833.0,-1972.0,0,0,0
2026-01-24T16:00:00Z,DE-LU,DK1,2229.0,3606.0,-1167.0,0,0,0
2026-01-24T17:00:00Z,DE-LU,AT,1216.0,1910.0,198.0,0,0,29.0
2026-01-24T17:00:00Z,DE-LU,FR,914.0,2014.0,-245.0,0,0,0
2026-01-24T17:00:00Z,DE-LU,NL,2077.0,2831.0,-133.0,0,0,0
2026-01-24T17:00:00Z,DE-LU,PL,1779.0,2237.0,-65.0,0,0,0
2026-01-24T17:00:00Z,DE-LU,CZ,1941.0,2119.0,-214.0,0,0,0
2026-01-24T17:00:00Z,DE-LU,DK1,533.0,1682.0,1120.0,0,0,0
2026-01-24T18:00:00Z,DE-LU,AT,551.0,974.0,-149.0,0,0,0
2026-01-24T18:00:00Z,DE-LU,FR,1062.0,2789.0,-344.0,0,0,0
2026-01-24T18:00:00Z,DE-LU,NL,2565.0,3101.0,2321.0,0,0,0
2026-01-24T18:00:00Z,DE-LU,PL,3431.0,4368.0,-3299.0,0,0,0
2026-01-24T18:00:00Z,DE-LU,CZ,2009.0,2231.0,1676.0,0,0,0
2026-01-24T18:00:00Z,DE-LU,DK1,2122.0,2515.0,-1449.0,0,0,0
2026-01-24T19:00:00Z,DE-LU,AT,1358.0,4004.0,-3149.0,0,0,0
2026-01-24T19:00:00Z,DE-LU,FR,1473.0,2017.0,1140.0,0,0,0
2026-01-24T19:00:00Z,DE-LU,NL,2533.0,3311.0,1257.0,0,0,0
2026-01-24T19:00:00Z,DE-LU,PL,2302.0,4235.0,-2761.0,0,0,0
2026-01-24T19:00:00Z,DE-LU,CZ,277.0,841.0,459.0,0,0,4.0
2026-01-24T19:00:00Z,DE-LU,DK1,1525.0,1700.0,1341.0,0,0,0
2026-01-24T20:00:00Z,DE-LU,AT,1368.0,2682.0,1853.0,0,0,0
2026-01-24T20:00:00Z,DE-LU,FR,3943.0,4207.0,-586.0,0,0,0
2026-01-24T20:00:00Z,DE-LU,NL,807.0,887.0,385.0,0,0,0
2026-01-24T20:00:00Z,DE-LU,PL,687.0,1395.0,-775.0,0,0,0
2026-01-24T20:00:00Z,DE-LU,CZ,2381.0,2955.0,859.0,0,0,0
2026-01-24T20:00:00Z,DE-LU,DK1,3016.0,4166.0,2788.0,0,0,0
2026-01-24T21:00:00Z,DE-LU,AT,3804.0,4113.0,-3.0,0,0,0
2026-01-24T21:00:00Z,DE-LU,FR,1228.0,3261.0,-998.0,0,0,0
2026-01-24T21:00:00Z,DE-LU,NL,1376.0,1834.0,1445.0,0,0,0
2026-01-24T21:00:00Z,DE-LU,PL,2238.0,2518.0,1257.0,0,0,0
2026-01-24T21:00:00Z,DE-LU,CZ,1565.0,2086.0,385.0,0,0,0
2026-01-24T21:00:00Z,DE-LU,DK1,1773.0,3840.0,-1785.0,0,0,0
2026-01-24T22:00:00Z,DE-LU,AT,335.0,832.0,-246.0,0,0,0
2026-01-24T22:00:00Z,DE-LU,FR,3382.0,4320.0,1117.0,0,0,0
2026-01-24T22:00:00Z,DE-LU,NL,640.0,1295.0,-300.0,0,0,0
2026-01-24T22:00:00Z,DE-LU,PL,1422.0,2042.0,781.0,0,0,0
2026-01-24T22:00:00Z,DE-LU,CZ,511.0,1544.0,1044.0,0,0,0
2026-01-24T22:00:00Z,DE-LU,DK1,3315.0,4253.0,557.0,0,0,0
2026-01-24T23:00:00Z,DE-LU,AT,1014.0,1994.0,1173.0,0,0,0
2026-01-24T23:00:00Z,DE-LU,FR,1512.0,2346.0,-650.0,0,0,0
2026-01-24T23:00:00Z,DE-LU,NL,1764.0,2577.0,1675.0,0,0,0
2026-01-24T23:00:00Z,DE-LU,PL,1479.0,3028.0,-430.0,0,0,0
2026-01-24T23:00:00Z,DE-LU,CZ,2188.0,2453.0,999.0,0,0,0
2026-01-24T23:00:00Z,DE-LU,DK1,572.0,1188.0,382.0,0,0,0
2026-01-25T00:00:00Z,DE-LU,AT,2979.0,3417.0,1474.0,0,0,0
2026-01-25T00:00:00Z,DE-LU,FR,600.0,827.0,270.0,0,0,0
2026-01-25T00:00:00Z,DE-LU,NL,1407.0,3153.0,178.0,0,0,0
2026-01-25T00:00:00Z,DE-LU,PL,421.0,1107.0,-705.0,2.05,47.0,0
2026-01-25T00:00:00Z,DE-LU,CZ,1165.0,3061.0,240.0,0,0,0
2026-01-25T00:00:00Z,DE-LU,DK1,1688.0,2912.0,-2162.0,0,0,0
2026-01-25T01:00:00Z,DE-LU,AT,646.0,1336.0,815.0,0,0,0
2026-01-25T01:00:00Z,DE-LU,FR,921.0,1116.0,-358.0,0,0,0
2026-01-25T01:00:00Z,DE-LU,NL,2002.0,2610.0,-1445.0,0,0,0
2026-01-25T01:00:00Z,DE-LU,PL,783.0,2044.0,1167.0,0.13,11.0,0
2026-01-25T01:00:00Z,DE-LU,CZ,2947.0,3499.0,1982.0,0,0,0
2026-01-25T01:00:00Z,DE-LU,DK1,3065.0,3347.0,-2054.0,0,0,0
2026-01-25T02:00:00Z,DE-LU,AT,1400.0,2098.0,-234.0,0,0,0
2026-01-25T02:00:00Z,DE-LU,FR,733.0,1095.0,428.0,0,0,0
2026-01-25T02:00:00Z,DE-LU,NL,959.0,1307.0,230.0,0,0,0
2026-01-25T02:00:00Z,DE-LU,PL,1426.0,3868.0,-1132.0,3.11,0,0
2026-01-25T02:00:00Z,DE-LU,CZ,1113.0,2772.0,-1040.0,0,0,0
2026-01-25T02:00:00Z,DE-LU,DK1,1573.0,3780.0,1644.0,0,0,0
2026-01-25T03:00:00Z,DE-LU,AT,1679.0,2164.0,-64.0,0,0,0
2026-01-25T03:00:00Z,DE-LU,FR,1370.0,1540.0,957.0,0,0,0
2026-01-25T03:00:00Z,DE-LU,NL,2579.0,3749.0,2092.0,0,0,0
2026-01-25T03:00:00Z,DE-LU,PL,626.0,851.0,-422.0,0,0,0
2026-01-25T03:00:00Z,DE-LU,CZ,1665.0,3519.0,-2443.0,0,0,0
2026-01-25T03:00:00Z,DE-LU,DK1,965.0,1977.0,-1000.0,0,0,0
2026-01-25T04:00:00Z,DE-LU,AT,2918.0,3732.0,-609.0,0,0,0
2026-01-25T04:00:00Z,DE-LU,FR,632.0,1241.0,-838.0,0,0,0
2026-01-25T04:00:00Z,DE-LU,NL,2036.0,4201.0,2393.0,0,0,0
2026-01-25T04:00:00Z,DE-LU,PL,806.0,2004.0,-240.0,0,0,0
2026-01-25T04:00:00Z,DE-LU,CZ,2275.0,3038.0,-554.0,0,0,0
2026-01-25T04:00:00Z,DE-LU,DK1,1825.0,2134.0,815.0,0,0,0
2026-01-25T05:00:00Z,DE-LU,AT,757.0,1447.0,209.0,0,0,0
2026-01-25T05:00:00Z,DE-LU,FR,2790.0,3530.0,-2681.0,0,0,0
2026-01-25T05:00:00Z,DE-LU,NL,1713.0,1980.0,-1408.0,0,0,0
2026-01-25T05:00:00Z,DE-LU,PL,706.0,865.0,-164.0,0,0,0
2026-01-25T05:00:00Z,DE-LU,CZ,1763.0,3402.0,-1101.0,0,0,0
2026-01-25T05:00:00Z,DE-LU,DK1,1355.0,1807.0,155.0,0,0,0
2026-01-25T06:00:00Z,DE-LU,AT,427.0,921.0,293.0,0,0,0
2026-01-25T06:00:00Z,DE-LU,FR,2083.0,4228.0,512.0,0,0,0
2026-01-25T06:00:00Z,DE-LU,NL,1306.0,1435.0,-629.0,0,0,0
2026-01-25T06:00:00Z,DE-LU,PL,2835.0,3241.0,336.0,0,0,0
2026-01-25T06:00:00Z,DE-LU,CZ,2417.0,3021.0,-1070.0,0,0,0
2026-01-25T06:00:00Z,DE-LU,DK1,3070.0,3759.0,1319.0,0,0,0
2026-01-25T07:00:00Z,DE-LU,AT,1816.0,2916.0,2206.0,0,0,0
2026-01-25T07:00:00Z,DE-LU,FR,3550.0,4257.0,892.0,0,0,0
2026-01-25T07:00:00Z,DE-LU,NL,433.0,1100.0,-34.0,2.49,10.0,0
2026-01-25T07:00:00Z,DE-LU,PL,1519.0,3780.0,-772.0,0,0,0
2026-01-25T07:00:00Z,DE-LU,CZ,921.0,1455.0,-561.0,0,0,0
2026-01-25T07:00:00Z,DE-LU,DK1,1215.0,3558.0,-2223.0,0.54,13.0,0
2026-01-25T08:00:00Z,DE-LU,AT,1278.0,3638.0,1428.0,3.35,68.0,0
2026-01-25T08:00:00Z,DE-LU,FR,1044.0,3150.0,-1085.0,2.35,29.0,0
2026-01-25T08:00:00Z,DE-LU,NL,3563.0,3799.0,-2826.0,0,0,0
2026-01-25T08:00:00Z,DE-LU,PL,2565.0,2994.0,-538.0,0,0,0
2026-01-25T08:00:00Z,DE-LU,CZ,2183.0,3598.0,-2266.0,0,0,0
2026-01-25T08:00:00Z,DE-LU,DK1,3254.0,4287.0,-3259.0,0,0,0
2026-01-25T09:00:00Z,DE-LU,AT,1125.0,1346.0,-956.0,0,0,0
2026-01-25T09:00:00Z,DE-LU,FR,1106.0,1699.0,-623.0,0,0,0
2026-01-25T09:00:00Z,DE-LU,NL,1380.0,2479.0,-364.0,0,0,0
2026-01-25T09:00:00Z,DE-LU,PL,2561.0,2999.0,-2018.0,0,0,0
2026-01-25T09:00:00Z,DE-LU,CZ,790.0,954.0,636.0,0,0,0
2026-01-25T09:00:00Z,DE-LU,DK1,1266.0,2606.0,-1263.0,0,0,0
2026-01-25T10:00:00Z,DE-LU,AT,1629.0,3192.0,-1939.0,0,0,0
2026-01-25T10:00:00Z,DE-LU,FR,707.0,889.0,-707.0,0,0,0
2026-01-25T10:00:00Z,DE-LU,NL,807.0,1239.0,-159.0,0,0,0
2026-01-25T10:00:00Z,DE-LU,PL,898.0,1756.0,-172.0,0,0,0
2026-01-25T10:00:00Z,DE-LU,CZ,3635.0,4058.0,-92.0,0,0,0
2026-01-25T10:00:00Z,DE-LU,DK1,1854.0,3505.0,-1956.0,0,0,0
2026-01-25T11:00:00Z,DE-LU,AT,568.0,1038.0,180.0,0,0,0
2026-01-25T11:00:00Z,DE-LU,FR,1789.0,3235.0,-1099.0,0,0,0
2026-01-25T11:00:00Z,DE-LU,NL,1274.0,1758.0,-737.0,0,0,0
2026-01-25T11:00:00Z,DE-LU,PL,3176.0,4498.0,2443.0,0,0,0
2026-01-25T11:00:00Z,DE-LU,CZ,1604.0,2923.0,1446.0,0,0,0
2026-01-25T11:00:00Z,DE-LU,DK1,3538.0,4290.0,1781.0,0,0,0
2026-01-25T12:00:00Z,DE-LU,AT,1203.0,1424.0,-936.0,0,0,0
2026-01-25T12:00:00Z,DE-LU,FR,792.0,2506.0,-1297.0,1.96,1.0,0
2026-01-25T12:00:00Z,DE-LU,NL,1623.0,2687.0,20.0,0,0,0
2026-01-25T12:00:00Z,DE-LU,PL,1607.0,2963.0,-1726.0,0,0,0
2026-01-25T12:00:00Z,DE-LU,CZ,974.0,2478.0,1054.0,2.49,0,0
2026-01-25T12:00:00Z,DE-LU,DK1,2713.0,2913.0,1927.0,0,0,0
2026-01-25T13:00:00Z,DE-LU,AT,3340.0,4245.0,-123.0,0,0,0
2026-01-25T13:00:00Z,DE-LU,FR,631.0,1723.0,1046.0,0.96,38.0,0
2026-01-25T13:00:00Z,DE-LU,NL,1338.0,2818.0,-2105.0,0,0,0
2026-01-25T13:00:00Z,DE-LU,PL,1275.0,2573.0,1115.0,0,0,0
2026-01-25T13:00:00Z,DE-LU,CZ,2205.0,4288.0,-397.0,0,0,0
2026-01-25T13:00:00Z,DE-LU,DK1,1115.0,1288.0,39.0,0,0,0
2026-01-25T14:00:00Z,DE-LU,AT,1644.0,3138.0,-798.0,0,0,0
2026-01-25T14:00:00Z,DE-LU,FR,2061.0,2308.0,815.0,0,0,0
2026-01-25T14:00:00Z,DE-LU,NL,1181.0,2491.0,1120.0,0,0,0
2026-01-25T14:00:00Z,DE-LU,PL,3558.0,4205.0,607.0,0,0,0
2026-01-25T14:00:00Z,DE-LU,CZ,1571.0,3059.0,-2280.0,0,0,0
2026-01-25T14:00:00Z,DE-LU,DK1,1048.0,1350.0,-458.0,0,0,0
2026-01-25T15:00:00Z,DE-LU,AT,2226.0,2767.0,-1193.0,0,0,0
2026-01-25T15:00:00Z,DE-LU,FR,596.0,801.0,-17.0,0,0,0
2026-01-25T15:00:00Z,DE-LU,NL,1090.0,1191.0,-583.0,0,0,0
2026-01-25T15:00:00Z,DE-LU,PL,1404.0,3863.0,2886.0,0,0,0
2026-01-25T15:00:00Z,DE-LU,CZ,592.0,821.0,-320.0,0,0,0
2026-01-25T15:00:00Z,DE-LU,DK1,1142.0,1311.0,-240.0,0,0,0
2026-01-25T16:00:00Z,DE-LU,AT,1638.0,2432.0,-1656.0,0,0,0
2026-01-25T16:00:00Z,DE-LU,FR,1576.0,3142.0,1624.0,0,0,3.0
2026-01-25T16:00:00Z,DE-LU,NL,2953.0,3356.0,-2264.0,0,0,0
2026-01-25T16:00:00Z,DE-LU,PL,3232.0,3763.0,2611.0,0,0,0
2026-01-25T16:00:00Z,DE-LU,CZ,3611.0,4254.0,-402.0,0,0,0
2026-01-25T16:00:00Z,DE-LU,DK1,2890.0,4167.0,1914.0,0,0,0
2026-01-25T17:00:00Z,DE-LU,AT,1655.0,2884.0,-1342.0,0,0,0
2026-01-25T17:00:00Z,DE-LU,FR,1705.0,3199.0,280.0,0,0,0
2026-01-25T17:00:00Z,DE-LU,NL,673.0,1109.0,-588.0,0,0,0
2026-01-25T17:00:00Z,DE-LU,PL,2742.0,4404.0,2282.0,0,0,0
2026-01-25T17:00:00Z,DE-LU,CZ,1926.0,3461.0,372.0,0,0,0
2026-01-25T17:00:00Z,DE-LU,DK1,905.0,2018.0,123.0,0,0,0
2026-01-25T18:00:00Z,DE-LU,AT,1114.0,2936.0,-598.0,10.0,0,0
2026-01-25T18:00:00Z,DE-LU,FR,2779.0,3059.0,-2115.0,0,0,0
2026-01-25T18:00:00Z,DE-LU,NL,1363.0,3743.0,2548.0,0,0,0
2026-01-25T18:00:00Z,DE-LU,PL,1285.0,2781.0,1374.0,0,0,0
2026-01-25T18:00:00Z,DE-LU,CZ,551.0,971.0,-249.0,0,0,0
2026-01-25T18:00:00Z,DE-LU,DK1,1009.0,1078.0,-115.0,0,0,0
2026-01-25T19:00:00Z,DE-LU,AT,530.0,1358.0,-736.0,0,0,0
2026-01-25T19:00:00Z,DE-LU,FR,2644.0,3342.0,1492.0,0,0,0
2026-01-25T19:00:00Z,DE-LU,NL,2428.0,2827.0,-1207.0,0,0,0
2026-01-25T19:00:00Z,DE-LU,PL,1391.0,1555.0,363.0,0,0,0
2026-01-25T19:00:00Z,DE-LU,CZ,1377.0,3840.0,820.0,2.95,0,0
2026-01-25T19:00:00Z,DE-LU,DK1,1763.0,3581.0,-1989.0,0,0,0
2026-01-25T20:00:00Z,DE-LU,AT,710.0,1776.0,-1257.0,1.28,50.0,0
2026-01-25T20:00:00Z,DE-LU,FR,2076.0,3656.0,-287.0,0,0,0
2026-01-25T20:00:00Z,DE-LU,NL,1427.0,3933.0,-142.0,4.08,0.0,0
2026-01-25T20:00:00Z,DE-LU,PL,1502.0,2099.0,-1122.0,0,0,0
2026-01-25T20:00:00Z,DE-LU,CZ,1958.0,3055.0,1861.0,0,0,0
2026-01-25T20:00:00Z,DE-LU,DK1,580.0,1233.0,645.0,0,0,0
2026-01-25T21:00:00Z,DE-LU,AT,1007.0,1234.0,-56.0,0,0,0
2026-01-25T21:00:00Z,DE-LU,FR,1913.0,4495.0,-1774.0,0,0,0
2026-01-25T21:00:00Z,DE-LU,NL,2586.0,4209.0,-3351.0,0,0,0
2026-01-25T21:00:00Z,DE-LU,PL,3706.0,4125.0,957.0,0,0,0
2026-01-25T21:00:00Z,DE-LU,CZ,3061.0,3955.0,-752.0,0,0,0
2026-01-25T21:00:00Z,DE-LU,DK1,342.0,1119.0,627.0,0,0,0
2026-01-25T22:00:00Z,DE-LU,AT,1240.0,1800.0,1248.0,0,0,0
2026-01-25T22:00:00Z,DE-LU,FR,3870.0,4378.0,-59.0,0,0,0
2026-01-25T22:00:00Z,DE-LU,NL,1445.0,3827.0,-1550.0,3.45,6.0,0
2026-01-25T22:00:00Z,DE-LU,PL,2571.0,3906.0,730.0,0,0,0
2026-01-25T22:00:00Z,DE-LU,CZ,1946.0,2326.0,940.0,0,0,0
2026-01-25T22:00:00Z,DE-LU,DK1,2051.0,3087.0,1315.0,0,0,0
2026-01-25T23:00:00Z,DE-LU,AT,2400.0,3037.0,-1003.0,0,0,0
2026-01-25T23:00:00Z,DE-LU,FR,3009.0,4315.0,1453.0,0,0,0
2026-01-25T23:00:00Z,DE-LU,NL,715.0,1805.0,-1076.0,9.22,28.0,0
2026-01-25T23:00:00Z,DE-LU,PL,2530.0,3396.0,-2577.0,0,0,0
2026-01-25T23:00:00Z,DE-LU,CZ,3628.0,3899.0,1072.0,0,0,0
2026-01-25T23:00:00Z,DE-LU,DK1,3640.0,4146.0,-2363.0,0,0,0
2026-01-26T00:00:00Z,DE-LU,AT,442.0,1171.0,-699.0,4.11,0,0
2026-01-26T00:00:00Z,DE-LU,FR,2370.0,2831.0,1131.0,0,0,0
2026-01-26T00:00:00Z,DE-LU,NL,2383.0,2574.0,245.0,0,0,0
2026-01-26T00:00:00Z,DE-LU,PL,1114.0,1594.0,-1178.0,0,0,0
2026-01-26T00:00:00Z,DE-LU,CZ,694.0,2091.0,-906.0,2.64,48.0,0
2026-01-26T00:00:00Z,DE-LU,DK1,781.0,1158.0,-732.0,0,0,0
2026-01-26T01:00:00Z,DE-LU,AT,1482.0,1949.0,-502.0,0,0,0
2026-01-26T01:00:00Z,DE-LU,FR,1368.0,3001.0,-801.0,0,0,0
2026-01-26T01:00:00Z,DE-LU,NL,2800.0,3453.0,-2184.0,0,0,0
2026-01-26T01:00:00Z,DE-LU,PL,567.0,1458.0,607.0,3.86,0,0
2026-01-26T01:00:00Z,DE-LU,CZ,1438.0,1775.0,856.0,0,0,0
2026-01-26T01:00:00Z,DE-LU,DK1,683.0,1426.0,663.0,0,0,0
2026-01-26T02:00:00Z,DE-LU,AT,961.0,2346.0,-1784.0,0,0,0
2026-01-26T02:00:00Z,DE-LU,FR,1320.0,1781.0,-155.0,0,0,0
2026-01-26T02:00:00Z,DE-LU,NL,1404.0,1926.0,-300.0,0,0,0
2026-01-26T02:00:00Z,DE-LU,PL,2632.0,3664.0,-2409.0,0,0,0
2026-01-26T02:00:00Z,DE-LU,CZ,647.0,1608.0,535.0,0,0,0
2026-01-26T02:00:00Z,DE-LU,DK1,992.0,1209.0,-650.0,0,0,0
2026-01-26T03:00:00Z,DE-LU,AT,2782.0,4451.0,232.0,0,0,0
2026-01-26T03:00:00Z,DE-LU,FR,2740.0,3690.0,-730.0,0,0,0
2026-01-26T03:00:00Z,DE-LU,NL,1084.0,2908.0,-636.0,0,0,0
2026-01-26T03:00:00Z,DE-LU,PL,1699.0,4006.0,-231.0,0,0,0
2026-01-26T03:00:00Z,DE-LU,CZ,810.0,2425.0,130.0,0.17,0,0
2026-01-26T03:00:00Z,DE-LU,DK1,778.0,1205.0,964.0,0,0,0
2026-01-26T04:00:00Z,DE-LU,AT,837.0,958.0,-534.0,0,0,0
2026-01-26T04:00:00Z,DE-LU,FR,813.0,2277.0,-950.0,0,0,19.0
2026-01-26T04:00:00Z,DE-LU,NL,2163.0,2682.0,245.0,0,0,0
2026-01-26T04:00:00Z,DE-LU,PL,3484.0,3757.0,2828.0,0,0,0
2026-01-26T04:00:00Z,DE-LU,CZ,377.0,833.0,-442.0,0,0,0
2026-01-26T04:00:00Z,DE-LU,DK1,789.0,875.0,19.0,0,0,0
2026-01-26T05:00:00Z,DE-LU,AT,1037.0,2660.0,-1489.0,0,0,0
2026-01-26T05:00:00Z,DE-LU,FR,1901.0,2307.0,-196.0,0,0,0
2026-01-26T05:00:00Z,DE-LU,NL,1157.0,3078.0,253.0,0,0,0
2026-01-26T05:00:00Z,DE-LU,PL,1784.0,1917.0,573.0,0,0,0
2026-01-26T05:00:00Z,DE-LU,CZ,693.0,2114.0,-919.0,0,0,0
2026-01-26T05:00:00Z,DE-LU,DK1,658.0,2160.0,-518.0,2.72,6.0,0
2026-01-26T06:00:00Z,DE-LU,AT,928.0,1883.0,54.0,0,0,0
2026-01-26T06:00:00Z,DE-LU,FR,2352.0,3966.0,-759.0,0,0,9.0
2026-01-26T06:00:00Z,DE-LU,NL,2746.0,3087.0,-980.0,0,0,0
2026-01-26T06:00:00Z,DE-LU,PL,2695.0,3503.0,736.0,0,0,0
2026-01-26T06:00:00Z,DE-LU,CZ,3345.0,3939.0,3012.0,0,0,0
2026-01-26T06:00:00Z,DE-LU,DK1,1001.0,1306.0,-589.0,0,0,0
2026-01-26T07:00:00Z,DE-LU,AT,1132.0,2056.0,-356.0,0,0,0
2026-01-26T07:00:00Z,DE-LU,FR,1241.0,1577.0,856.0,0,0,0
2026-01-26T07:00:00Z,DE-LU,NL,2482.0,2850.0,-1734.0,0,0,0
2026-01-26T07:00:00Z,DE-LU,PL,770.0,933.0,136.0,0,0,0
2026-01-26T07:00:00Z,DE-LU,CZ,1029.0,1517.0,729.0,0,0,0
2026-01-26T07:00:00Z,DE-LU,DK1,1258.0,2010.0,-284.0,0,0,0
2026-01-26T08:00:00Z,DE-LU,AT,1457.0,2703.0,1262.0,0,0,0
2026-01-26T08:00:00Z,DE-LU,FR,1520.0,2837.0,251.0,0,0,0
2026-01-26T08:00:00Z,DE-LU,NL,1166.0,1852.0,-883.0,0,0,0
2026-01-26T08:00:00Z,DE-LU,PL,2059.0,2341.0,-1466.0,0,0,0
2026-01-26T08:00:00Z,DE-LU,CZ,2865.0,3103.0,-2078.0,0,0,0
2026-01-26T08:00:00Z,DE-LU,DK1,1941.0,4257.0,958.0,0,0,12.0
2026-01-26T09:00:00Z,DE-LU,AT,925.0,1700.0,-444.0,0,0,0
2026-01-26T09:00:00Z,DE-LU,FR,853.0,2325.0,1828.0,0,0,0
2026-01-26T09:00:00Z,DE-LU,NL,2920.0,4482.0,-3554.0,0,0,0
2026-01-26T09:00:00Z,DE-LU,PL,1277.0,3700.0,272.0,4.23,65.0,0
2026-01-26T09:00:00Z,DE-LU,CZ,752.0,844.0,-246.0,0,0,0
2026-01-26T09:00:00Z,DE-LU,DK1,814.0,2101.0,529.0,7.45,4.0,0
2026-01-26T10:00:00Z,DE-LU,AT,1442.0,4312.0,-2043.0,2.87,85.0,0
2026-01-26T10:00:00Z,DE-LU,FR,1194.0,1733.0,-1156.0,0,0,0
2026-01-26T10:00:00Z,DE-LU,NL,914.0,1340.0,-1.0,0,0,0
2026-01-26T10:00:00Z,DE-LU,PL,700.0,988.0,437.0,0,0,0
2026-01-26T10:00:00Z,DE-LU,CZ,716.0,1873.0,1096.0,10.18,12.0,0
2026-01-26T10:00:00Z,DE-LU,DK1,577.0,1475.0,-1052.0,8.63,13.0,0
2026-01-26T11:00:00Z,DE-LU,AT,1579.0,2690.0,-810.0,0,0,0
2026-01-26T11:00:00Z,DE-LU,FR,353.0,941.0,114.0,0,0,0
2026-01-26T11:00:00Z,DE-LU,NL,1233.0,2145.0,1115.0,0,0,0
2026-01-26T11:00:00Z,DE-LU,PL,2547.0,4335.0,-2748.0,0,0,0
2026-01-26T11:00:00Z,DE-LU,CZ,918.0,2589.0,-1241.0,0,0,0
2026-01-26T11:00:00Z,DE-LU,DK1,1899.0,3621.0,2603.0,0,0,0
2026-01-26T12:00:00Z,DE-LU,AT,1639.0,2023.0,1010.0,0,0,0
2026-01-26T12:00:00Z,DE-LU,FR,1081.0,1184.0,870.0,0,0,0
2026-01-26T12:00:00Z,DE-LU,NL,934.0,1048.0,-22.0,0,0,0
2026-01-26T12:00:00Z,DE-LU,PL,1614.0,4222.0,-2130.0,5.55,0,0
2026-01-26T12:00:00Z,DE-LU,CZ,1573.0,3051.0,2060.0,0,0,32.0
2026-01-26T12:00:00Z,DE-LU,DK1,2713.0,4379.0,3295.0,0,0,0
2026-01-26T13:00:00Z,DE-LU,AT,947.0,1128.0,36.0,0,0,0
2026-01-26T13:00:00Z,DE-LU,FR,2143.0,4045.0,2040.0,0,0,0
2026-01-26T13:00:00Z,DE-LU,NL,1288.0,3418.0,2413.0,0.22,107.0,0
2026-01-26T13:00:00Z,DE-LU,PL,2041.0,3199.0,1352.0,0,0,0
2026-01-26T13:00:00Z,DE-LU,CZ,2085.0,2259.0,-621.0,0,0,8.0
2026-01-26T13:00:00Z,DE-LU,DK1,962.0,3100.0,820.0,3.93,0,0
2026-01-26T14:00:00Z,DE-LU,AT,920.0,2037.0,-307.0,0,0,0
2026-01-26T14:00:00Z,DE-LU,FR,1302.0,1435.0,-257.0,0,0,0
2026-01-26T14:00:00Z,DE-LU,NL,1141.0,2832.0,-2125.0,0,0,0
2026-01-26T14:00:00Z,DE-LU,PL,1742.0,3719.0,767.0,0,0,0
2026-01-26T14:00:00Z,DE-LU,CZ,2094.0,2274.0,-1720.0,0,0,0
2026-01-26T14:00:00Z,DE-LU,DK1,1798.0,2035.0,22.0,0,0,0
2026-01-26T15:00:00Z,DE-LU,AT,1698.0,2561.0,1105.0,0,0,0
2026-01-26T15:00:00Z,DE-LU,FR,592.0,1741.0,497.0,0,0,0
2026-01-26T15:00:00Z,DE-LU,NL,1186.0,2449.0,1011.0,0,0,0
2026-01-26T15:00:00Z,DE-LU,PL,1032.0,2214.0,1556.0,0,0,0
2026-01-26T15:00:00Z,DE-LU,CZ,771.0,865.0,674.0,0,0,0
2026-01-26T15:00:00Z,DE-LU,DK1,2453.0,3143.0,-809.0,0,0,0
2026-01-26T16:00:00Z,DE-LU,AT,586.0,974.0,552.0,0,0,0
2026-01-26T16:00:00Z,DE-LU,FR,1564.0,2252.0,-1668.0,0,0,0
2026-01-26T16:00:00Z,DE-LU,NL,791.0,2249.0,-200.0,4.61,0,0
2026-01-26T16:00:00Z,DE-LU,PL,543.0,1203.0,775.0,0,0,0
2026-01-26T16:00:00Z,DE-LU,CZ,1010.0,2077.0,314.0,0,0,0
2026-01-26T16:00:00Z,DE-LU,DK1,1858.0,2059.0,1284.0,0,0,0
2026-01-26T17:00:00Z,DE-LU,AT,1547.0,4129.0,2983.0,0,0,0
2026-01-26T17:00:00Z,DE-LU,FR,1518.0,2270.0,-1754.0,0,0,0
2026-01-26T17:00:00Z,DE-LU,NL,1190.0,1426.0,-332.0,0,0,0
2026-01-26T17:00:00Z,DE-LU,PL,1029.0,1403.0,999.0,0,0,0
2026-01-26T17:00:00Z,DE-LU,CZ,1776.0,2364.0,1124.0,0,0,0
2026-01-26T17:00:00Z,DE-LU,DK1,3477.0,3710.0,-2649.0,0,0,0
2026-01-26T18:00:00Z,DE-LU,AT,1443.0,3189.0,-204.0,0,0,0
2026-01-26T18:00:00Z,DE-LU,FR,2457.0,2645.0,235.0,0,0,0
2026-01-26T18:00:00Z,DE-LU,NL,4062.0,4281.0,1466.0,0,0,0
2026-01-26T18:00:00Z,DE-LU,PL,598.0,873.0,-383.0,0,0,0
2026-01-26T18:00:00Z,DE-LU,CZ,2961.0,4071.0,-2145.0,0,0,0
2026-01-26T18:00:00Z,DE-LU,DK1,851.0,1175.0,-391.0,0,0,0
2026-01-26T19:00:00Z,DE-LU,AT,718.0,1044.0,-162.0,0,0,0
2026-01-26T19:00:00Z,DE-LU,FR,1810.0,3933.0,499.0,0,0,0
2026-01-26T19:00:00Z,DE-LU,NL,1738.0,3243.0,-1465.0,0,0,0
2026-01-26T19:00:00Z,DE-LU,PL,1082.0,1456.0,-306.0,0,0,0
2026-01-26T19:00:00Z,DE-LU,CZ,2375.0,3309.0,1526.0,0,0,0
2026-01-26T19:00:00Z,DE-LU,DK1,1432.0,2527.0,585.0,0,0,0
2026-01-26T20:00:00Z,DE-LU,AT,1118.0,2174.0,812.0,0,0,0
2026-01-26T20:00:00Z,DE-LU,FR,1297.0,3949.0,-2637.0,4.18,14.0,0
2026-01-26T20:00:00Z,DE-LU,NL,862.0,1366.0,634.0,0,0,0
2026-01-26T20:00:00Z,DE-LU,PL,332.0,818.0,448.0,0,0,0
2026-01-26T20:00:00Z,DE-LU,CZ,759.0,815.0,-340.0,0,0,0
2026-01-26T20:00:00Z,DE-LU,DK1,576.0,1787.0,506.0,0.6,19.0,0
2026-01-26T21:00:00Z,DE-LU,AT,2723.0,3760.0,1384.0,0,0,0
2026-01-26T21:00:00Z,DE-LU,FR,405.0,1250.0,774.0,0,0,0
2026-01-26T21:00:00Z,DE-LU,NL,1737.0,2935.0,517.0,0,0,0
2026-01-26T21:00:00Z,DE-LU,PL,1184.0,2929.0,-801.0,0,0,0
2026-01-26T21:00:00Z,DE-LU,CZ,2448.0,2880.0,-2094.0,0,0,0
2026-01-26T21:00:00Z,DE-LU,DK1,1510.0,1792.0,-1299.0,0,0,0
2026-01-26T22:00:00Z,DE-LU,AT,1212.0,2684.0,-418.0,0,0,0
2026-01-26T22:00:00Z,DE-LU,FR,1149.0,2220.0,718.0,0,0,0
2026-01-26T22:00:00Z,DE-LU,NL,782.0,1626.0,212.0,0,0,0
2026-01-26T22:00:00Z,DE-LU,PL,2684.0,3273.0,-530.0,0,0,0
2026-01-26T22:00:00Z,DE-LU,CZ,1551.0,4004.0,-1439.0,8.07,0,0
2026-01-26T22:00:00Z,DE-LU,DK1,1367.0,2239.0,-233.0,0,0,0
2026-01-26T23:00:00Z,DE-LU,AT,1460.0,3074.0,1593.0,0,0,0
2026-01-26T23:00:00Z,DE-LU,FR,863.0,1357.0,294.0,0,0,0
2026-01-26T23:00:00Z,DE-LU,NL,2744.0,3104.0,-2371.0,0,0,0
2026-01-26T23:00:00Z,DE-LU,PL,1625.0,4421.0,459.0,1.93,76.0,0
2026-01-26T23:00:00Z,DE-LU,CZ,762.0,986.0,-29.0,0,0,0
2026-01-26T23:00:00Z,DE-LU,DK1,870.0,1282.0,-487.0,0,0,0
2026-01-27T00:00:00Z,DE-LU,AT,541.0,1146.0,-824.0,0,0,0
2026-01-27T00:00:00Z,DE-LU,FR,2084.0,4236.0,1193.0,0,0,0
2026-01-27T00:00:00Z,DE-LU,NL,2474.0,3168.0,455.0,0,0,0
2026-01-27T00:00:00Z,DE-LU,PL,372.0,826.0,636.0,0,0,0
2026-01-27T00:00:00Z,DE-LU,CZ,2495.0,3588.0,-1782.0,0,0,0
2026-01-27T00:00:00Z,DE-LU,DK1,1703.0,2192.0,-506.0,0,0,0
2026-01-27T01:00:00Z,DE-LU,AT,2807.0,4460.0,-2582.0,0,0,0
2026-01-27T01:00:00Z,DE-LU,FR,1304.0,3063.0,2311.0,0,0,0
2026-01-27T01:00:00Z,DE-LU,NL,1388.0,3241.0,582.0,0,0,0
2026-01-27T01:00:00Z,DE-LU,PL,734.0,1709.0,-1013.0,0,0,0
2026-01-27T01:00:00Z,DE-LU,CZ,2874.0,4128.0,2104.0,0,0,0
2026-01-27T01:00:00Z,DE-LU,DK1,1757.0,4091.0,153.0,0,0,0
2026-01-27T02:00:00Z,DE-LU,AT,3606.0,4040.0,-3030.0,0,0,0
2026-01-27T02:00:00Z,DE-LU,FR,2828.0,3436.0,500.0,0,0,0
2026-01-27T02:00:00Z,DE-LU,NL,2172.0,3669.0,-1427.0,0,0,0
2026-01-27T02:00:00Z,DE-LU,PL,2004.0,3436.0,2211.0,0,0,0
2026-01-27T02:00:00Z,DE-LU,CZ,605.0,1730.0,-188.0,0,0,0
2026-01-27T02:00:00Z,DE-LU,DK1,1313.0,2903.0,-1232.0,0,0,0
2026-01-27T03:00:00Z,DE-LU,AT,1289.0,4155.0,-2268.0,6.02,19.0,0
2026-01-27T03:00:00Z,DE-LU,FR,3421.0,3742.0,2094.0,0,0,0
2026-01-27T03:00:00Z,DE-LU,NL,2943.0,3353.0,-227.0,0,0,0
2026-01-27T03:00:00Z,DE-LU,PL,1671.0,2348.0,1180.0,0,0,0
2026-01-27T03:00:00Z,DE-LU,CZ,3130.0,4283.0,-3348.0,0,0,0
2026-01-27T03:00:00Z,DE-LU,DK1,3472.0,3693.0,-459.0,0,0,0
2026-01-27T04:00:00Z,DE-LU,AT,291.0,883.0,128.0,5.05,52.0,0
2026-01-27T04:00:00Z,DE-LU,FR,1333.0,3106.0,-2118.0,0,0,0
2026-01-27T04:00:00Z,DE-LU,NL,1212.0,1489.0,18.0,0,0,4.0
2026-01-27T04:00:00Z,DE-LU,PL,2502.0,3641.0,659.0,0,0,0
2026-01-27T04:00:00Z,DE-LU,CZ,2063.0,2909.0,-52.0,0,0,0
2026-01-27T04:00:00Z,DE-LU,DK1,1527.0,3554.0,1318.0,0,0,0
2026-01-27T05:00:00Z,DE-LU,AT,1866.0,4166.0,2011.0,0,0,0
2026-01-27T05:00:00Z,DE-LU,FR,1325.0,2495.0,-1241.0,0,0,0
2026-01-27T05:00:00Z,DE-LU,NL,1390.0,3423.0,2264.0,0,0,0
2026-01-27T05:00:00Z,DE-LU,PL,511.0,1312.0,695.0,0,0,0
2026-01-27T05:00:00Z,DE-LU,CZ,1805.0,2604.0,-1232.0,0,0,0
2026-01-27T05:00:00Z,DE-LU,DK1,1318.0,3715.0,-302.0,0,0,0
2026-01-27T06:00:00Z,DE-LU,AT,2621.0,3734.0,2363.0,0,0,0
2026-01-27T06:00:00Z,DE-LU,FR,2968.0,4355.0,2096.0,0,0,0
2026-01-27T06:00:00Z,DE-LU,NL,1260.0,1497.0,939.0,0,0,0
2026-01-27T06:00:00Z,DE-LU,PL,1442.0,3308.0,1537.0,0,0,0
2026-01-27T06:00:00Z,DE-LU,CZ,1587.0,2208.0,-606.0,0,0,0
2026-01-27T06:00:00Z,DE-LU,DK1,3706.0,4374.0,-2595.0,0,0,0
2026-01-27T07:00:00Z,DE-LU,AT,911.0,1490.0,-409.0,0,0,0
2026-01-27T07:00:00Z,DE-LU,FR,3134.0,3984.0,-986.0,0,0,0
2026-01-27T07:00:00Z,DE-LU,NL,623.0,806.0,-477.0,0,0,0
2026-01-27T07:00:00Z,DE-LU,PL,1564.0,2561.0,-154.0,0,0,0
2026-01-27T07:00:00Z,DE-LU,CZ,1542.0,3017.0,-1479.0,0,0,0
2026-01-27T07:00:00Z,DE-LU,DK1,920.0,1546.0,692.0,0,0,0
2026-01-27T08:00:00Z,DE-LU,AT,1086.0,2703.0,-2138.0,0,0,0
2026-01-27T08:00:00Z,DE-LU,FR,826.0,2155.0,1560.0,0,0,0
2026-01-27T08:00:00Z,DE-LU,NL,841.0,1186.0,313.0,0,0,0
2026-01-27T08:00:00Z,DE-LU,PL,2233.0,4155.0,3042.0,0,0,0
2026-01-27T08:00:00Z,DE-LU,CZ,1351.0,4128.0,2612.0,0,0,0
2026-01-27T08:00:00Z,DE-LU,DK1,2310.0,3842.0,-1082.0,0,0,0
2026-01-27T09:00:00Z,DE-LU,AT,2493.0,2938.0,-849.0,0,0,0
2026-01-27T09:00:00Z,DE-LU,FR,1080.0,1148.0,869.0,0,0,0
2026-01-27T09:00:00Z,DE-LU,NL,633.0,2017.0,923.0,1.67,0,0
2026-01-27T09:00:00Z,DE-LU,PL,1472.0,2184.0,-1710.0,0,0,0
2026-01-27T09:00:00Z,DE-LU,CZ,1385.0,2454.0,-1044.0,0,0,0
2026-01-27T09:00:00Z,DE-LU,DK1,1285.0,4219.0,1919.0,0,0,0
2026-01-27T10:00:00Z,DE-LU,AT,486.0,1217.0,934.0,0,0,0
2026-01-27T10:00:00Z,DE-LU,FR,2262.0,3806.0,-2425.0,0,0,0
2026-01-27T10:00:00Z,DE-LU,NL,1075.0,1707.0,-861.0,0,0,0
2026-01-27T10:00:00Z,DE-LU,PL,896.0,2916.0,-391.0,0,0,0
2026-01-27T10:00:00Z,DE-LU,CZ,1757.0,4079.0,3251.0,0,0,0
2026-01-27T10:00:00Z,DE-LU,DK1,1704.0,2199.0,1167.0,0,0,0
2026-01-27T11:00:00Z,DE-LU,AT,713.0,980.0,641.0,0,0,0
2026-01-27T11:00:00Z,DE-LU,FR,1662.0,3739.0,1379.0,0,0,0
2026-01-27T11:00:00Z,DE-LU,NL,1749.0,2408.0,1181.0,0,0,0
2026-01-27T11:00:00Z,DE-LU,PL,1126.0,2074.0,598.0,0,0,0
2026-01-27T11:00:00Z,DE-LU,CZ,1664.0,3699.0,-2386.0,0,0,0
2026-01-27T11:00:00Z,DE-LU,DK1,1580.0,3915.0,3087.0,0,0,0
2026-01-27T12:00:00Z,DE-LU,AT,915.0,2214.0,513.0,0,0,0
2026-01-27T12:00:00Z,DE-LU,FR,1884.0,3715.0,1021.0,0,0,0
2026-01-27T12:00:00Z,DE-LU,NL,600.0,1645.0,8.0,0,0,0
2026-01-27T12:00:00Z,DE-LU,PL,2722.0,3990.0,-1635.0,0,0,0
2026-01-27T12:00:00Z,DE-LU,CZ,1958.0,2406.0,106.0,0,0,0
2026-01-27T12:00:00Z,DE-LU,DK1,759.0,1012.0,155.0,0,0,0
2026-01-27T13:00:00Z,DE-LU,AT,2817.0,3230.0,-2113.0,0,0,0
2026-01-27T13:00:00Z,DE-LU,FR,653.0,1069.0,-411.0,0,0,0
2026-01-27T13:00:00Z,DE-LU,NL,2312.0,3725.0,1659.0,0,0,0
2026-01-27T13:00:00Z,DE-LU,PL,2375.0,3525.0,-366.0,0,0,0
2026-01-27T13:00:00Z,DE-LU,CZ,1772.0,3855.0,620.0,0,0,0
2026-01-27T13:00:00Z,DE-LU,DK1,1678.0,2282.0,-264.0,0,0,0
2026-01-27T14:00:00Z,DE-LU,AT,463.0,1004.0,-728.0,0,0,0
2026-01-27T14:00:00Z,DE-LU,FR,1218.0,2360.0,1493.0,0,0,0
2026-01-27T14:00:00Z,DE-LU,NL,1571.0,2321.0,1570.0,0,0,26.0
2026-01-27T14:00:00Z,DE-LU,PL,660.0,1152.0,709.0,0,0,0
2026-01-27T14:00:00Z,DE-LU,CZ,962.0,2675.0,2038.0,0.96,68.0,0
2026-01-27T14:00:00Z,DE-LU,DK1,1487.0,4254.0,-1154.0,3.78,0,0
2026-01-27T15:00:00Z,DE-LU,AT,680.0,902.0,-589.0,0,0,0
2026-01-27T15:00:00Z,DE-LU,FR,1837.0,3874.0,-914.0,0,0,0
2026-01-27T15:00:00Z,DE-LU,NL,1726.0,2285.0,-934.0,0,0,0
2026-01-27T15:00:00Z,DE-LU,PL,660.0,931.0,-166.0,0,0,0
2026-01-27T15:00:00Z,DE-LU,CZ,757.0,1984.0,-342.0,0.56,0,0
2026-01-27T15:00:00Z,DE-LU,DK1,1357.0,3980.0,2850.0,0,0,0
2026-01-27T16:00:00Z,DE-LU,AT,1029.0,1328.0,-714.0,0,0,0
2026-01-27T16:00:00Z,DE-LU,FR,1395.0,1696.0,711.0,0,0,0
2026-01-27T16:00:00Z,DE-LU,NL,1433.0,1652.0,1105.0,0,0,0
2026-01-27T16:00:00Z,DE-LU,PL,2128.0,2567.0,1949.0,0,0,0
2026-01-27T16:00:00Z,DE-LU,CZ,995.0,1359.0,-925.0,0,0,0
2026-01-27T16:00:00Z,DE-LU,DK1,2294.0,3503.0,-2780.0,0,0,0
2026-01-27T17:00:00Z,DE-LU,AT,1558.0,2057.0,-200.0,0,0,24.0
2026-01-27T17:00:00Z,DE-LU,FR,1099.0,1227.0,-551.0,0,0,0
2026-01-27T17:00:00Z,DE-LU,NL,2233.0,2543.0,1400.0,0,0,0
2026-01-27T17:00:00Z,DE-LU,PL,1040.0,3168.0,-1675.0,0,0,0
2026-01-27T17:00:00Z,DE-LU,CZ,2512.0,3928.0,-268.0,0,0,0
2026-01-27T17:00:00Z,DE-LU,DK1,1501.0,1783.0,-437.0,0,0,0
2026-01-27T18:00:00Z,DE-LU,AT,2273.0,4429.0,257.0,0,0,0
2026-01-27T18:00:00Z,DE-LU,FR,1501.0,3729.0,-452.0,0,0,0
2026-01-27T18:00:00Z,DE-LU,NL,2084.0,2868.0,-667.0,0,0,0
2026-01-27T18:00:00Z,DE-LU,PL,1973.0,3194.0,-148.0,0,0,0
2026-01-27T18:00:00Z,DE-LU,CZ,3104.0,4201.0,2418.0,0,0,0
2026-01-27T18:00:00Z,DE-LU,DK1,1554.0,4094.0,1027.0,2.19,11.0,0
2026-01-27T19:00:00Z,DE-LU,AT,1215.0,3087.0,-851.0,0,0,0
2026-01-27T19:00:00Z,DE-LU,FR,2626.0,4485.0,-2652.0,0,0,0
2026-01-27T19:00:00Z,DE-LU,NL,1000.0,1085.0,-826.0,0,0,0
2026-01-27T19:00:00Z,DE-LU,PL,948.0,3116.0,2026.0,3.95,59.0,0
2026-01-27T19:00:00Z,DE-LU,CZ,660.0,1751.0,-726.0,0,0,0
2026-01-27T19:00:00Z,DE-LU,DK1,3038.0,3602.0,707.0,0,0,0
2026-01-27T20:00:00Z,DE-LU,AT,792.0,1207.0,-346.0,0,0,0
2026-01-27T20:00:00Z,DE-LU,FR,1987.0,2971.0,913.0,0,0,0
2026-01-27T20:00:00Z,DE-LU,NL,1847.0,2810.0,1865.0,0,0,0
2026-01-27T20:00:00Z,DE-LU,PL,3061.0,3798.0,1285.0,0,0,0
2026-01-27T20:00:00Z,DE-LU,CZ,2105.0,3277.0,-2588.0,0,0,0
2026-01-27T20:00:00Z,DE-LU,DK1,1136.0,2521.0,-776.0,0,0,0
2026-01-27T21:00:00Z,DE-LU,AT,3799.0,4348.0,-627.0,0,0,0
2026-01-27T21:00:00Z,DE-LU,FR,1688.0,2252.0,760.0,0,0,0
2026-01-27T21:00:00Z,DE-LU,NL,1226.0,2004.0,-630.0,0,0,0
2026-01-27T21:00:00Z,DE-LU,PL,677.0,1391.0,16.0,0,0,0
2026-01-27T21:00:00Z,DE-LU,CZ,1004.0,1186.0,82.0,0,0,0
2026-01-27T21:00:00Z,DE-LU,DK1,2728.0,3954.0,2256.0,0,0,0
2026-01-27T22:00:00Z,DE-LU,AT,1873.0,2156.0,498.0,0,0,0
2026-01-27T22:00:00Z,DE-LU,FR,703.0,814.0,350.0,0,0,0
2026-01-27T22:00:00Z,DE-LU,NL,3758.0,4123.0,-2438.0,0,0,0
2026-01-27T22:00:00Z,DE-LU,PL,2312.0,3131.0,-77.0,0,0,0
2026-01-27T22:00:00Z,DE-LU,CZ,706.0,899.0,546.0,0,0,0
2026-01-27T22:00:00Z,DE-LU,DK1,955.0,1605.0,909.0,0,0,0
2026-01-27T23:00:00Z,DE-LU,AT,1162.0,2703.0,-1734.0,0,0,0
2026-01-27T23:00:00Z,DE-LU,FR,1750.0,2596.0,-334.0,0,0,0
2026-01-27T23:00:00Z,DE-LU,NL,762.0,1905.0,-482.0,6.98,30.0,0
2026-01-27T23:00:00Z,DE-LU,PL,2097.0,2432.0,1518.0,0,0,0
2026-01-27T23:00:00Z,DE-LU,CZ,2683.0,3329.0,2651.0,0,0,0
2026-01-27T23:00:00Z,DE-LU,DK1,804.0,2075.0,1243.0,2.04,68.0,0
2026-01-28T00:00:00Z,DE-LU,AT,1722.0,2474.0,-1252.0,0,0,0
2026-01-28T00:00:00Z,DE-LU,FR,1622.0,1974.0,378.0,0,0,0
2026-01-28T00:00:00Z,DE-LU,NL,464.0,1428.0,154.0,9.33,42.0,0
2026-01-28T00:00:00Z,DE-LU,PL,1135.0,1947.0,704.0,0,0,0
2026-01-28T00:00:00Z,DE-LU,CZ,1879.0,1992.0,678.0,0,0,0
2026-01-28T00:00:00Z,DE-LU,DK1,1890.0,3204.0,-417.0,0,0,0
2026-01-28T01:00:00Z,DE-LU,AT,563.0,1047.0,313.0,0,0,0
2026-01-28T01:00:00Z,DE-LU,FR,530.0,1690.0,-618.0,0,0,0
2026-01-28T01:00:00Z,DE-LU,NL,1735.0,2450.0,-789.0,0,0,0
2026-01-28T01:00:00Z,DE-LU,PL,3557.0,4340.0,3009.0,0,0,0
2026-01-28T01:00:00Z,DE-LU,CZ,1083.0,2908.0,178.0,0,0,0
2026-01-28T01:00:00Z,DE-LU,DK1,1269.0,2666.0,-1502.0,0,0,0
2026-01-28T02:00:00Z,DE-LU,AT,1525.0,1684.0,371.0,0,0,0
2026-01-28T02:00:00Z,DE-LU,FR,1438.0,2685.0,1923.0,0,0,0
2026-01-28T02:00:00Z,DE-LU,NL,1047.0,2433.0,417.0,0,0,0
2026-01-28T02:00:00Z,DE-LU,PL,3451.0,4091.0,-67.0,0,0,0
2026-01-28T02:00:00Z,DE-LU,CZ,605.0,868.0,506.0,0,0,0
2026-01-28T02:00:00Z,DE-LU,DK1,2211.0,3526.0,286.0,0,0,0
2026-01-28T03:00:00Z,DE-LU,AT,1837.0,4304.0,2323.0,0,0,0
2026-01-28T03:00:00Z,DE-LU,FR,1060.0,1437.0,739.0,0,0,0
2026-01-28T03:00:00Z,DE-LU,NL,958.0,1610.0,153.0,0,0,0
2026-01-28T03:00:00Z,DE-LU,PL,559.0,1842.0,70.0,0,0,0
2026-01-28T03:00:00Z,DE-LU,CZ,562.0,1050.0,586.0,0,0,0
2026-01-28T03:00:00Z,DE-LU,DK1,1117.0,1978.0,961.0,0,0,0
2026-01-28T04:00:00Z,DE-LU,AT,2051.0,4074.0,-3259.0,0,0,0
2026-01-28T04:00:00Z,DE-LU,FR,3838.0,4161.0,-3155.0,0,0,0
2026-01-28T04:00:00Z,DE-LU,NL,1842.0,3752.0,-2583.0,0,0,0
2026-01-28T04:00:00Z,DE-LU,PL,3388.0,4329.0,-1698.0,0,0,0
2026-01-28T04:00:00Z,DE-LU,CZ,3806.0,4084.0,2846.0,0,0,0
2026-01-28T04:00:00Z,DE-LU,DK1,2954.0,3717.0,1785.0,0,0,0
2026-01-28T05:00:00Z,DE-LU,AT,1400.0,2337.0,47.0,0,0,0
2026-01-28T05:00:00Z,DE-LU,FR,3466.0,3653.0,2696.0,0,0,0
2026-01-28T05:00:00Z,DE-LU,NL,1601.0,3070.0,-1192.0,0,0,0
2026-01-28T05:00:00Z,DE-LU,PL,923.0,1242.0,533.0,0,0,0
2026-01-28T05:00:00Z,DE-LU,CZ,3182.0,3378.0,-650.0,0,0,0
2026-01-28T05:00:00Z,DE-LU,DK1,1080.0,2710.0,-598.0,2.5,0,0
2026-01-28T06:00:00Z,DE-LU,AT,1251.0,3999.0,-1443.0,5.54,0,0
2026-01-28T06:00:00Z,DE-LU,FR,1314.0,3354.0,-279.0,0.42,0,0
2026-01-28T06:00:00Z,DE-LU,NL,2326.0,3649.0,570.0,0,0,0
2026-01-28T06:00:00Z,DE-LU,PL,1051.0,1621.0,759.0,0,0,0
2026-01-28T06:00:00Z,DE-LU,CZ,899.0,2145.0,210.0,0,0,0
2026-01-28T06:00:00Z,DE-LU,DK1,759.0,1492.0,330.0,0,0,0
2026-01-28T07:00:00Z,DE-LU,AT,2056.0,3396.0,-2004.0,0,0,0
2026-01-28T07:00:00Z,DE-LU,FR,960.0,1501.0,267.0,0,0,0
2026-01-28T07:00:00Z,DE-LU,NL,2143.0,2708.0,1731.0,0,0,0
2026-01-28T07:00:00Z,DE-LU,PL,3623.0,3872.0,2505.0,0,0,0
2026-01-28T07:00:00Z,DE-LU,CZ,3345.0,4177.0,-2582.0,0,0,0
2026-01-28T07:00:00Z,DE-LU,DK1,2605.0,3529.0,-131.0,0,0,0
2026-01-28T08:00:00Z,DE-LU,AT,838.0,1008.0,551.0,0,0,10.0
2026-01-28T08:00:00Z,DE-LU,FR,1267.0,3846.0,2232.0,0,0,0
2026-01-28T08:00:00Z,DE-LU,NL,3948.0,4333.0,-2299.0,0,0,0
2026-01-28T08:00:00Z,DE-LU,PL,2868.0,3534.0,823.0,0,0,5.0
2026-01-28T08:00:00Z,DE-LU,CZ,750.0,838.0,-138.0,0,0,0
2026-01-28T08:00:00Z,DE-LU,DK1,1599.0,3664.0,-2499.0,0,0,0
2026-01-28T09:00:00Z,DE-LU,AT,1006.0,1721.0,-183.0,0,0,0
2026-01-28T09:00:00Z,DE-LU,FR,3297.0,3696.0,1909.0,0,0,0
2026-01-28T09:00:00Z,DE-LU,NL,983.0,2841.0,1140.0,5.04,0,0
2026-01-28T09:00:00Z,DE-LU,PL,2402.0,3376.0,1954.0,0,0,0
2026-01-28T09:00:00Z,DE-LU,CZ,3170.0,3848.0,-1778.0,0,0,0
2026-01-28T09:00:00Z,DE-LU,DK1,1631.0,2858.0,-1245.0,0,0,0
2026-01-28T10:00:00Z,DE-LU,AT,1154.0,1661.0,805.0,0,0,0
2026-01-28T10:00:00Z,DE-LU,FR,1839.0,3390.0,1787.0,0,0,0
2026-01-28T10:00:00Z,DE-LU,NL,2532.0,4394.0,-2573.0,0,0,0
2026-01-28T10:00:00Z,DE-LU,PL,1103.0,1587.0,37.0,0,0,0
2026-01-28T10:00:00Z,DE-LU,CZ,859.0,1177.0,-913.0,0,0,0
2026-01-28T10:00:00Z,DE-LU,DK1,2056.0,2533.0,-1772.0,0,0,0
2026-01-28T11:00:00Z,DE-LU,AT,1567.0,2471.0,-1226.0,0,0,0
2026-01-28T11:00:00Z,DE-LU,FR,1230.0,2244.0,-1454.0,0,0,0
2026-01-28T11:00:00Z,DE-LU,NL,1304.0,1885.0,1147.0,0,0,0
2026-01-28T11:00:00Z,DE-LU,PL,1809.0,3560.0,399.0,0,0,0
2026-01-28T11:00:00Z,DE-LU,CZ,751.0,1460.0,543.0,0,0,0
2026-01-28T11:00:00Z,DE-LU,DK1,2478.0,2646.0,-191.0,0,0,0
2026-01-28T12:00:00Z,DE-LU,AT,1648.0,2022.0,-762.0,0,0,0
2026-01-28T12:00:00Z,DE-LU,FR,1143.0,3423.0,1565.0,0,0,0
2026-01-28T12:00:00Z,DE-LU,NL,1151.0,2783.0,-343.0,0,0,0
2026-01-28T12:00:00Z,DE-LU,PL,1815.0,2227.0,1329.0,0,0,0
2026-01-28T12:00:00Z,DE-LU,CZ,2739.0,3797.0,446.0,0,0,0
2026-01-28T12:00:00Z,DE-LU,DK1,667.0,1479.0,-183.0,0,0,0
2026-01-28T13:00:00Z,DE-LU,AT,3826.0,4375.0,2352.0,0,0,0
2026-01-28T13:00:00Z,DE-LU,FR,619.0,1079.0,-671.0,0,0,0
2026-01-28T13:00:00Z,DE-LU,NL,3617.0,4123.0,3074.0,0,0,0
2026-01-28T13:00:00Z,DE-LU,PL,1240.0,2338.0,146.0,0,0,0
2026-01-28T13:00:00Z,DE-LU,CZ,2237.0,3784.0,-1715.0,0,0,0
2026-01-28T13:00:00Z,DE-LU,DK1,1320.0,2323.0,1361.0,0,0,0
2026-01-28T14:00:00Z,DE-LU,AT,2141.0,3556.0,-1455.0,0,0,0
2026-01-28T14:00:00Z,DE-LU,FR,722.0,1075.0,265.0,0,0,0
2026-01-28T14:00:00Z,DE-LU,NL,2726.0,3577.0,127.0,0,0,21.0
2026-01-28T14:00:00Z,DE-LU,PL,462.0,1467.0,-434.0,8.66,0,0
2026-01-28T14:00:00Z,DE-LU,CZ,1060.0,1452.0,1089.0,0,0,0
2026-01-28T14:00:00Z,DE-LU,DK1,674.0,1450.0,573.0,0,0,22.0
2026-01-28T15:00:00Z,DE-LU,AT,3055.0,3220.0,1622.0,0,0,0
2026-01-28T15:00:00Z,DE-LU,FR,606.0,1294.0,480.0,0,0,0
2026-01-28T15:00:00Z,DE-LU,NL,1561.0,2137.0,1404.0,0,0,0
2026-01-28T15:00:00Z,DE-LU,PL,1365.0,4149.0,-246.0,0,0,0
2026-01-28T15:00:00Z,DE-LU,CZ,1878.0,2136.0,1607.0,0,0,25.0
2026-01-28T15:00:00Z,DE-LU,DK1,604.0,1383.0,105.0,0,0,0
2026-01-28T16:00:00Z,DE-LU,AT,462.0,1524.0,309.0,0,0,0
2026-01-28T16:00:00Z,DE-LU,FR,2185.0,2509.0,400.0,0,0,0
2026-01-28T16:00:00Z,DE-LU,NL,442.0,1069.0,-153.0,0,0,0
2026-01-28T16:00:00Z,DE-LU,PL,1743.0,3835.0,384.0,0,0,0
2026-01-28T16:00:00Z,DE-LU,CZ,976.0,2730.0,-1284.0,0.49,0,0
2026-01-28T16:00:00Z,DE-LU,DK1,1195.0,1674.0,792.0,0,0,0
2026-01-28T17:00:00Z,DE-LU,AT,3009.0,3552.0,-2240.0,0,0,0
2026-01-28T17:00:00Z,DE-LU,FR,2321.0,2855.0,581.0,0,0,9.0
2026-01-28T17:00:00Z,DE-LU,NL,2610.0,3010.0,-1004.0,0,0,0
2026-01-28T17:00:00Z,DE-LU,PL,956.0,1509.0,-1016.0,0,0,0
2026-01-28T17:00:00Z,DE-LU,CZ,793.0,1199.0,-826.0,0,0,32.0
2026-01-28T17:00:00Z,DE-LU,DK1,1152.0,3677.0,-1442.0,2.68,0,0
2026-01-28T18:00:00Z,DE-LU,AT,798.0,1597.0,745.0,0,0,0
2026-01-28T18:00:00Z,DE-LU,FR,2558.0,4454.0,1318.0,0,0,0
2026-01-28T18:00:00Z,DE-LU,NL,1844.0,2370.0,-494.0,0,0,0
2026-01-28T18:00:00Z,DE-LU,PL,453.0,891.0,-463.0,0,0,16.0
2026-01-28T18:00:00Z,DE-LU,CZ,795.0,1540.0,880.0,0,0,0
2026-01-28T18:00:00Z,DE-LU,DK1,1017.0,1842.0,-1363.0,0,0,0
2026-01-28T19:00:00Z,DE-LU,AT,3050.0,4072.0,1273.0,0,0,0
2026-01-28T19:00:00Z,DE-LU,FR,571.0,1545.0,-1083.0,0,0,0
2026-01-28T19:00:00Z,DE-LU,NL,1140.0,1720.0,1228.0,0,0,0
2026-01-28T19:00:00Z,DE-LU,PL,1114.0,1735.0,-1318.0,0,0,0
2026-01-28T19:00:00Z,DE-LU,CZ,1946.0,3606.0,-636.0,0,0,0
2026-01-28T19:00:00Z,DE-LU,DK1,1897.0,3830.0,-706.0,0,0,28.0
2026-01-28T20:00:00Z,DE-LU,AT,1620.0,1861.0,374.0,0,0,0
2026-01-28T20:00:00Z,DE-LU,FR,1151.0,1537.0,-1028.0,0,0,0
2026-01-28T20:00:00Z,DE-LU,NL,703.0,1567.0,591.0,0,0,0
2026-01-28T20:00:00Z,DE-LU,PL,1882.0,1982.0,-1272.0,0,0,0
2026-01-28T20:00:00Z,DE-LU,CZ,500.0,945.0,-36.0,0,0,0
2026-01-28T20:00:00Z,DE-LU,DK1,2163.0,3743.0,1850.0,0,0,0
2026-01-28T21:00:00Z,DE-LU,AT,1119.0,2122.0,-180.0,0,0,0
2026-01-28T21:00:00Z,DE-LU,FR,2935.0,4245.0,2551.0,0,0,0
2026-01-28T21:00:00Z,DE-LU,NL,498.0,836.0,659.0,0,0,0
2026-01-28T21:00:00Z,DE-LU,PL,637.0,1506.0,749.0,0,0,0
2026-01-28T21:00:00Z,DE-LU,CZ,2141.0,4059.0,-467.0,0,0,0
2026-01-28T21:00:00Z,DE-LU,DK1,818.0,1326.0,-408.0,0,0,0
2026-01-28T22:00:00Z,DE-LU,AT,852.0,1997.0,-1362.0,0,0,0
2026-01-28T22:00:00Z,DE-LU,FR,1120.0,2672.0,-1101.0,0,0,0
2026-01-28T22:00:00Z,DE-LU,NL,1155.0,2267.0,474.0,0,0,0
2026-01-28T22:00:00Z,DE-LU,PL,442.0,1095.0,-565.0,0,0,0
2026-01-28T22:00:00Z,DE-LU,CZ,2814.0,4483.0,-3150.0,0,0,0
2026-01-28T22:00:00Z,DE-LU,DK1,2478.0,3415.0,-1793.0,0,0,0
2026-01-28T23:00:00Z,DE-LU,AT,467.0,1051.0,-766.0,0,0,0
2026-01-28T23:00:00Z,DE-LU,FR,1421.0,2950.0,949.0,0,0,0
2026-01-28T23:00:00Z,DE-LU,NL,2539.0,3326.0,1623.0,0,0,0
2026-01-28T23:00:00Z,DE-LU,PL,2291.0,3069.0,2040.0,0,0,0
2026-01-28T23:00:00Z,DE-LU,CZ,1063.0,1971.0,517.0,0,0,0
2026-01-28T23:00:00Z,DE-LU,DK1,2442.0,2913.0,605.0,0,0,0
2026-01-29T00:00:00Z,DE-LU,AT,909.0,2563.0,1492.0,3.12,37.0,0
2026-01-29T00:00:00Z,DE-LU,FR,1245.0,3225.0,-1488.0,4.73,0.0,0
2026-01-29T00:00:00Z,DE-LU,NL,575.0,1059.0,-160.0,0,0,0
2026-01-29T00:00:00Z,DE-LU,PL,1905.0,2160.0,-77.0,0,0,0
2026-01-29T00:00:00Z,DE-LU,CZ,1232.0,4083.0,393.0,0,0,0
2026-01-29T00:00:00Z,DE-LU,DK1,605.0,824.0,-652.0,0,0,0
2026-01-29T01:00:00Z,DE-LU,AT,1378.0,2581.0,-25.0,0,0,0
2026-01-29T01:00:00Z,DE-LU,FR,1301.0,1723.0,241.0,0,0,0
2026-01-29T01:00:00Z,DE-LU,NL,1103.0,1723.0,1068.0,0,0,0
2026-01-29T01:00:00Z,DE-LU,PL,1927.0,2498.0,-1358.0,0,0,0
2026-01-29T01:00:00Z,DE-LU,CZ,718.0,1163.0,-108.0,0,0,0
2026-01-29T01:00:00Z,DE-LU,DK1,2954.0,3611.0,1941.0,0,0,0
2026-01-29T02:00:00Z,DE-LU,AT,1447.0,1968.0,-7.0,0,0,0
2026-01-29T02:00:00Z,DE-LU,FR,871.0,934.0,427.0,0,0,0
2026-01-29T02:00:00Z,DE-LU,NL,943.0,1855.0,103.0,0,0,0
2026-01-29T02:00:00Z,DE-LU,PL,722.0,1959.0,-517.0,0,0,0
2026-01-29T02:00:00Z,DE-LU,CZ,898.0,1486.0,476.0,0,0,0
2026-01-29T02:00:00Z,DE-LU,DK1,413.0,1255.0,408.0,0,0,0
2026-01-29T03:00:00Z,DE-LU,AT,493.0,1133.0,-826.0,0,0,0
2026-01-29T03:00:00Z,DE-LU,FR,1801.0,2598.0,2051.0,0,0,0
2026-01-29T03:00:00Z,DE-LU,NL,1994.0,3123.0,2203.0,0,0,0
2026-01-29T03:00:00Z,DE-LU,PL,2465.0,2927.0,2031.0,0,0,0
2026-01-29T03:00:00Z,DE-LU,CZ,1463.0,3933.0,-3030.0,0,0,0
2026-01-29T03:00:00Z,DE-LU,DK1,306.0,993.0,661.0,1.28,9.0,0
2026-01-29T04:00:00Z,DE-LU,AT,1083.0,3172.0,-2431.0,0,0,0
2026-01-29T04:00:00Z,DE-LU,FR,629.0,2057.0,-1191.0,1.26,95.0,0
2026-01-29T04:00:00Z,DE-LU,NL,1638.0,2567.0,-1740.0,0,0,0
2026-01-29T04:00:00Z,DE-LU,PL,3035.0,3545.0,2309.0,0,0,0
2026-01-29T04:00:00Z,DE-LU,CZ,1091.0,2446.0,379.0,0,0,0
2026-01-29T04:00:00Z,DE-LU,DK1,1023.0,1378.0,234.0,0,0,0
2026-01-29T05:00:00Z,DE-LU,AT,456.0,1089.0,24.0,0,0,0
2026-01-29T05:00:00Z,DE-LU,FR,1750.0,2774.0,-224.0,0,0,0
2026-01-29T05:00:00Z,DE-LU,NL,2617.0,4001.0,-1236.0,0,0,0
2026-01-29T05:00:00Z,DE-LU,PL,745.0,2141.0,71.0,0,0,0
2026-01-29T05:00:00Z,DE-LU,CZ,709.0,2315.0,-1040.0,0,0,0
2026-01-29T05:00:00Z,DE-LU,DK1,523.0,1192.0,669.0,0,0,0
2026-01-29T06:00:00Z,DE-LU,AT,748.0,938.0,-57.0,0,0,0
2026-01-29T06:00:00Z,DE-LU,FR,878.0,1516.0,-356.0,0,0,0
2026-01-29T06:00:00Z,DE-LU,NL,423.0,840.0,-583.0,0,0,0
2026-01-29T06:00:00Z,DE-LU,PL,1166.0,1739.0,125.0,0,0,0
2026-01-29T06:00:00Z,DE-LU,CZ,1588.0,2690.0,674.0,0,0,0
2026-01-29T06:00:00Z,DE-LU,DK1,966.0,2891.0,-2206.0,0,0,0
2026-01-29T07:00:00Z,DE-LU,AT,1724.0,3258.0,-2259.0,0,0,0
2026-01-29T07:00:00Z,DE-LU,FR,1792.0,2489.0,1725.0,0,0,0
2026-01-29T07:00:00Z,DE-LU,NL,1246.0,3412.0,2494.0,3.94,0,0
2026-01-29T07:00:00Z,DE-LU,PL,1904.0,2657.0,745.0,0,0,0
2026-01-29T07:00:00Z,DE-LU,CZ,2138.0,3561.0,-2702.0,0,0,0
2026-01-29T07:00:00Z,DE-LU,DK1,657.0,1207.0,-489.0,0,0,0
2026-01-29T08:00:00Z,DE-LU,AT,1856.0,3348.0,-1002.0,0,0,0
2026-01-29T08:00:00Z,DE-LU,FR,2326.0,2747.0,1626.0,0,0,0
2026-01-29T08:00:00Z,DE-LU,NL,1014.0,1392.0,153.0,0,0,0
2026-01-29T08:00:00Z,DE-LU,PL,2800.0,4266.0,618.0,0,0,0
2026-01-29T08:00:00Z,DE-LU,CZ,648.0,1249.0,-22.0,0,0,0
2026-01-29T08:00:00Z,DE-LU,DK1,1761.0,4225.0,2792.0,0,0,0
2026-01-29T09:00:00Z,DE-LU,AT,2413.0,2737.0,347.0,0,0,0
2026-01-29T09:00:00Z,DE-LU,FR,1623.0,2650.0,1771.0,0,0,0
2026-01-29T09:00:00Z,DE-LU,NL,1293.0,2389.0,139.0,0,0,0
2026-01-29T09:00:00Z,DE-LU,PL,2718.0,3978.0,1657.0,0,0,0
2026-01-29T09:00:00Z,DE-LU,CZ,3374.0,3898.0,694.0,0,0,0
2026-01-29T09:00:00Z,DE-LU,DK1,1008.0,2272.0,-110.0,0,0,0
2026-01-29T10:00:00Z,DE-LU,AT,1861.0,1998.0,-34.0,0,0,0
2026-01-29T10:00:00Z,DE-LU,FR,641.0,875.0,436.0,0,0,0
2026-01-29T10:00:00Z,DE-LU,NL,1029.0,3266.0,-1586.0,2.18,30.0,0
2026-01-29T10:00:00Z,DE-LU,PL,1035.0,1152.0,123.0,0,0,0
2026-01-29T10:00:00Z,DE-LU,CZ,314.0,959.0,248.0,10.82,0,0
2026-01-29T10:00:00Z,DE-LU,DK1,1922.0,3830.0,926.0,0,0,0
2026-01-29T11:00:00Z,DE-LU,AT,1124.0,1617.0,-302.0,0,0,0
2026-01-29T11:00:00Z,DE-LU,FR,2149.0,2548.0,1666.0,0,0,0
2026-01-29T11:00:00Z,DE-LU,NL,903.0,1164.0,-445.0,0,0,0
2026-01-29T11:00:00Z,DE-LU,PL,2359.0,3436.0,-2363.0,0,0,0
2026-01-29T11:00:00Z,DE-LU,CZ,631.0,872.0,607.0,0,0,0
2026-01-29T11:00:00Z,DE-LU,DK1,2260.0,3295.0,-1681.0,0,0,0
2026-01-29T12:00:00Z,DE-LU,AT,2821.0,4194.0,-1319.0,0,0,0
2026-01-29T12:00:00Z,DE-LU,FR,2134.0,4004.0,2310.0,0,0,0
2026-01-29T12:00:00Z,DE-LU,NL,3000.0,3270.0,-650.0,0,0,0
2026-01-29T12:00:00Z,DE-LU,PL,3479.0,4239.0,3359.0,0,0,0
2026-01-29T12:00:00Z,DE-LU,CZ,2521.0,3550.0,705.0,0,0,0
2026-01-29T12:00:00Z,DE-LU,DK1,1021.0,1408.0,975.0,0,0,0
2026-01-29T13:00:00Z,DE-LU,AT,1255.0,3368.0,1192.0,0,0,0
2026-01-29T13:00:00Z,DE-LU,FR,1672.0,4170.0,-1972.0,0,0,0
2026-01-29T13:00:00Z,DE-LU,NL,2304.0,3259.0,2485.0,0,0,0
2026-01-29T13:00:00Z,DE-LU,PL,2502.0,3773.0,-2326.0,0,0,0
2026-01-29T13:00:00Z,DE-LU,CZ,3526.0,3890.0,1218.0,0,0,0
2026-01-29T13:00:00Z,DE-LU,DK1,1909.0,2773.0,-2124.0,0,0,0
2026-01-29T14:00:00Z,DE-LU,AT,2097.0,3108.0,-2459.0,0,0,0
2026-01-29T14:00:00Z,DE-LU,FR,730.0,2304.0,-1524.0,0,0,0
2026-01-29T14:00:00Z,DE-LU,NL,1117.0,1796.0,-320.0,0,0,0
2026-01-29T14:00:00Z,DE-LU,PL,1170.0,1391.0,105.0,0,0,0
2026-01-29T14:00:00Z,DE-LU,CZ,1739.0,2863.0,-299.0,0,0,0
2026-01-29T14:00:00Z,DE-LU,DK1,3576.0,4291.0,2264.0,0,0,0
2026-01-29T15:00:00Z,DE-LU,AT,3322.0,3727.0,1545.0,0,0,0
2026-01-29T15:00:00Z,DE-LU,FR,556.0,1417.0,123.0,0,0,0
2026-01-29T15:00:00Z,DE-LU,NL,2969.0,3350.0,1269.0,0,0,0
2026-01-29T15:00:00Z,DE-LU,PL,1350.0,3524.0,879.0,5.07,73.0,0
2026-01-29T15:00:00Z,DE-LU,CZ,1118.0,1305.0,-699.0,0,0,0
2026-01-29T15:00:00Z,DE-LU,DK1,2464.0,2789.0,2220.0,0,0,0
2026-01-29T16:00:00Z,DE-LU,AT,1338.0,4350.0,936.0,3.06,0,0
2026-01-29T16:00:00Z,DE-LU,FR,3419.0,4232.0,1092.0,0,0,0
2026-01-29T16:00:00Z,DE-LU,NL,1316.0,4102.0,2285.0,0,0,0
2026-01-29T16:00:00Z,DE-LU,PL,1884.0,2733.0,1269.0,0,0,0
2026-01-29T16:00:00Z,DE-LU,CZ,619.0,1127.0,-659.0,0,0,0
2026-01-29T16:00:00Z,DE-LU,DK1,1487.0,1970.0,-1488.0,0,0,13.0
2026-01-29T17:00:00Z,DE-LU,AT,629.0,1907.0,10.0,0.96,0,0
2026-01-29T17:00:00Z,DE-LU,FR,380.0,825.0,545.0,0,0,0
2026-01-29T17:00:00Z,DE-LU,NL,2273.0,3882.0,-2268.0,0,0,0
2026-01-29T17:00:00Z,DE-LU,PL,826.0,1307.0,430.0,0,0,0
2026-01-29T17:00:00Z,DE-LU,CZ,2316.0,2691.0,-300.0,0,0,0
2026-01-29T17:00:00Z,DE-LU,DK1,1044.0,2967.0,-880.0,0,0,0
2026-01-29T18:00:00Z,DE-LU,AT,957.0,1373.0,139.0,0,0,0
2026-01-29T18:00:00Z,DE-LU,FR,1306.0,2430.0,1653.0,0,0,0
2026-01-29T18:00:00Z,DE-LU,NL,1035.0,2162.0,-1073.0,0,0,0
2026-01-29T18:00:00Z,DE-LU,PL,1825.0,2904.0,-1861.0,0,0,0
2026-01-29T18:00:00Z,DE-LU,CZ,912.0,1111.0,750.0,0,0,0
2026-01-29T18:00:00Z,DE-LU,DK1,2723.0,4196.0,-1232.0,0,0,0
2026-01-29T19:00:00Z,DE-LU,AT,3328.0,3649.0,2872.0,0,0,0
2026-01-29T19:00:00Z,DE-LU,FR,2298.0,2584.0,-839.0,0,0,0
2026-01-29T19:00:00Z,DE-LU,NL,1197.0,1571.0,-1191.0,0,0,0
2026-01-29T19:00:00Z,DE-LU,PL,1733.0,3990.0,-1956.0,0,0,0
2026-01-29T19:00:00Z,DE-LU,CZ,1400.0,3483.0,-1667.0,0,0,0
2026-01-29T19:00:00Z,DE-LU,DK1,2198.0,3670.0,638.0,0,0,0
2026-01-29T20:00:00Z,DE-LU,AT,890.0,2834.0,-2214.0,0,0,0
2026-01-29T20:00:00Z,DE-LU,FR,3310.0,3491.0,-544.0,0,0,0
2026-01-29T20:00:00Z,DE-LU,NL,2859.0,4258.0,-3301.0,0,0,0
2026-01-29T20:00:00Z,DE-LU,PL,1458.0,3354.0,-2521.0,0,0,0
2026-01-29T20:00:00Z,DE-LU,CZ,3953.0,4250.0,-1020.0,0,0,0
2026-01-29T20:00:00Z,DE-LU,DK1,1347.0,3421.0,-698.0,3.52,12.0,0
2026-01-29T21:00:00Z,DE-LU,AT,1081.0,3065.0,-1122.0,2.8,0,0
2026-01-29T21:00:00Z,DE-LU,FR,1004.0,2702.0,730.0,0.12,35.0,0
2026-01-29T21:00:00Z,DE-LU,NL,2187.0,2669.0,-1512.0,0,0,0
2026-01-29T21:00:00Z,DE-LU,PL,391.0,1100.0,846.0,0,0,0
2026-01-29T21:00:00Z,DE-LU,CZ,1822.0,4421.0,-599.0,0,0,0
2026-01-29T21:00:00Z,DE-LU,DK1,1218.0,4061.0,2282.0,1.29,34.0,0
2026-01-29T22:00:00Z,DE-LU,AT,2232.0,2372.0,-1108.0,0,0,0
2026-01-29T22:00:00Z,DE-LU,FR,727.0,1125.0,458.0,0,0,0
2026-01-29T22:00:00Z,DE-LU,NL,572.0,1005.0,754.0,0,0,0
2026-01-29T22:00:00Z,DE-LU,PL,1444.0,2989.0,2110.0,0,0,0
2026-01-29T22:00:00Z,DE-LU,CZ,1410.0,4119.0,2162.0,0,0,0
2026-01-29T22:00:00Z,DE-LU,DK1,1154.0,1740.0,-1164.0,0,0,0
2026-01-29T23:00:00Z,DE-LU,AT,1162.0,3228.0,-1943.0,4.98,21.0,0
2026-01-29T23:00:00Z,DE-LU,FR,1566.0,2925.0,-2147.0,0,0,0
2026-01-29T23:00:00Z,DE-LU,NL,439.0,1438.0,-1083.0,0,0,0
2026-01-29T23:00:00Z,DE-LU,PL,2299.0,3547.0,-2622.0,0,0,0
2026-01-29T23:00:00Z,DE-LU,CZ,496.0,852.0,-396.0,0,0,0
2026-01-29T23:00:00Z,DE-LU,DK1,1626.0,3724.0,-308.0,0,0,0
2026-01-30T00:00:00Z,DE-LU,AT,1112.0,1903.0,245.0,0,0,0
2026-01-30T00:00:00Z,DE-LU,FR,915.0,1110.0,-190.0,0,0,0
2026-01-30T00:00:00Z,DE-LU,NL,2254.0,3622.0,-1496.0,0,0,0
2026-01-30T00:00:00Z,DE-LU,PL,619.0,1372.0,168.0,0,0,34.0
2026-01-30T00:00:00Z,DE-LU,CZ,2460.0,2638.0,-554.0,0,0,0
2026-01-30T00:00:00Z,DE-LU,DK1,1189.0,2238.0,221.0,0,0,0
2026-01-30T01:00:00Z,DE-LU,AT,1844.0,2373.0,398.0,0,0,0
2026-01-30T01:00:00Z,DE-LU,FR,1638.0,2762.0,-245.0,0,0,0
2026-01-30T01:00:00Z,DE-LU,NL,2757.0,3193.0,-1963.0,0,0,0
2026-01-30T01:00:00Z,DE-LU,PL,1966.0,3651.0,1860.0,0,0,0
2026-01-30T01:00:00Z,DE-LU,CZ,1466.0,3529.0,2358.0,0,0,0
2026-01-30T01:00:00Z,DE-LU,DK1,3074.0,3974.0,-2691.0,0,0,0
2026-01-30T02:00:00Z,DE-LU,AT,1888.0,2257.0,-1182.0,0,0,0
2026-01-30T02:00:00Z,DE-LU,FR,3626.0,4466.0,3465.0,0,0,0
2026-01-30T02:00:00Z,DE-LU,NL,899.0,2676.0,1800.0,0,0,0
2026-01-30T02:00:00Z,DE-LU,PL,3100.0,4056.0,-831.0,0,0,0
2026-01-30T02:00:00Z,DE-LU,CZ,1318.0,4057.0,2945.0,0.59,0,0
2026-01-30T02:00:00Z,DE-LU,DK1,3126.0,3562.0,-2813.0,0,0,0
2026-01-30T03:00:00Z,DE-LU,AT,1227.0,3603.0,2742.0,0,0,0
2026-01-30T03:00:00Z,DE-LU,FR,540.0,1261.0,834.0,0,0,0
2026-01-30T03:00:00Z,DE-LU,NL,1019.0,1738.0,454.0,0,0,0
2026-01-30T03:00:00Z,DE-LU,PL,2348.0,3155.0,2363.0,0,0,0
2026-01-30T03:00:00Z,DE-LU,CZ,1713.0,2220.0,537.0,0,0,0
2026-01-30T03:00:00Z,DE-LU,DK1,2198.0,2523.0,535.0,0,0,0
2026-01-30T04:00:00Z,DE-LU,AT,585.0,1420.0,316.0,0,0,0
2026-01-30T04:00:00Z,DE-LU,FR,1285.0,1831.0,-353.0,0,0,0
2026-01-30T04:00:00Z,DE-LU,NL,776.0,1233.0,459.0,0,0,0
2026-01-30T04:00:00Z,DE-LU,PL,1146.0,3025.0,422.0,0,0,0
2026-01-30T04:00:00Z,DE-LU,CZ,1519.0,3857.0,-363.0,3.67,131.0,0
2026-01-30T04:00:00Z,DE-LU,DK1,931.0,2256.0,-1121.0,0,0,0
2026-01-30T05:00:00Z,DE-LU,AT,3003.0,4440.0,617.0,0,0,0
2026-01-30T05:00:00Z,DE-LU,FR,1131.0,3328.0,2035.0,0,0,36.0
2026-01-30T05:00:00Z,DE-LU,NL,3064.0,3660.0,2769.0,0,0,0
2026-01-30T05:00:00Z,DE-LU,PL,1585.0,1888.0,-55.0,0,0,0
2026-01-30T05:00:00Z,DE-LU,CZ,2324.0,3291.0,268.0,0,0,0
2026-01-30T05:00:00Z,DE-LU,DK1,2496.0,3087.0,-643.0,0,0,0
2026-01-30T06:00:00Z,DE-LU,AT,2550.0,2704.0,-1653.0,0,0,0
2026-01-30T06:00:00Z,DE-LU,FR,3037.0,4142.0,2301.0,0,0,0
2026-01-30T06:00:00Z,DE-LU,NL,1518.0,2454.0,-1097.0,0,0,0
2026-01-30T06:00:00Z,DE-LU,PL,2125.0,3222.0,-2549.0,0,0,0
2026-01-30T06:00:00Z,DE-LU,CZ,675.0,946.0,-744.0,0,0,0
2026-01-30T06:00:00Z,DE-LU,DK1,1849.0,3035.0,-1829.0,0,0,0
2026-01-30T07:00:00Z,DE-LU,AT,1738.0,3750.0,-580.0,0,0,0
2026-01-30T07:00:00Z,DE-LU,FR,901.0,2420.0,-1903.0,8.2,0,0
2026-01-30T07:00:00Z,DE-LU,NL,812.0,1792.0,-1011.0,0,0,0
2026-01-30T07:00:00Z,DE-LU,PL,2920.0,3980.0,2897.0,0,0,0
2026-01-30T07:00:00Z,DE-LU,CZ,1176.0,3110.0,237.0,0,0,0
2026-01-30T07:00:00Z,DE-LU,DK1,1510.0,2906.0,619.0,0,0,0
2026-01-30T08:00:00Z,DE-LU,AT,1831.0,3798.0,-1219.0,0,0,0
2026-01-30T08:00:00Z,DE-LU,FR,1857.0,3089.0,1093.0,0,0,0
2026-01-30T08:00:00Z,DE-LU,NL,564.0,1513.0,487.0,0,0,0
2026-01-30T08:00:00Z,DE-LU,PL,657.0,1478.0,-1169.0,0,0,0
2026-01-30T08:00:00Z,DE-LU,CZ,2368.0,2794.0,72.0,0,0,0
2026-01-30T08:00:00Z,DE-LU,DK1,1370.0,1585.0,778.0,0,0,0
2026-01-30T09:00:00Z,DE-LU,AT,425.0,899.0,-124.0,0,0,0
2026-01-30T09:00:00Z,DE-LU,FR,1917.0,2740.0,1468.0,0,0,0
2026-01-30T09:00:00Z,DE-LU,NL,1107.0,1360.0,-831.0,0,0,5.0
2026-01-30T09:00:00Z,DE-LU,PL,1093.0,2093.0,-614.0,0,0,0
2026-01-30T09:00:00Z,DE-LU,CZ,2200.0,2571.0,-435.0,0,0,0
2026-01-30T09:00:00Z,DE-LU,DK1,2445.0,2974.0,-861.0,0,0,0
2026-01-30T10:00:00Z,DE-LU,AT,2184.0,3178.0,1456.0,0,0,0
2026-01-30T10:00:00Z,DE-LU,FR,803.0,2000.0,417.0,0,0,0
2026-01-30T10:00:00Z,DE-LU,NL,2046.0,4226.0,1178.0,0,0,0
2026-01-30T10:00:00Z,DE-LU,PL,763.0,1132.0,75.0,0,0,0
2026-01-30T10:00:00Z,DE-LU,CZ,713.0,1690.0,644.0,0,0,0
2026-01-30T10:00:00Z,DE-LU,DK1,1881.0,2603.0,540.0,0,0,0
2026-01-30T11:00:00Z,DE-LU,AT,2175.0,2555.0,-181.0,0,0,0
2026-01-30T11:00:00Z,DE-LU,FR,4130.0,4486.0,-2686.0,0,0,0
2026-01-30T11:00:00Z,DE-LU,NL,1674.0,2009.0,1176.0,0,0,0
2026-01-30T11:00:00Z,DE-LU,PL,2042.0,2441.0,-1861.0,0,0,0
2026-01-30T11:00:00Z,DE-LU,CZ,778.0,1022.0,643.0,0,0,0
2026-01-30T11:00:00Z,DE-LU,DK1,3563.0,3845.0,1928.0,0,0,0
2026-01-30T12:00:00Z,DE-LU,AT,1543.0,2813.0,265.0,0,0,0
2026-01-30T12:00:00Z,DE-LU,FR,851.0,1012.0,359.0,0,0,0
2026-01-30T12:00:00Z,DE-LU,NL,762.0,1308.0,-815.0,0,0,0
2026-01-30T12:00:00Z,DE-LU,PL,302.0,821.0,-371.0,0,0,0
2026-01-30T12:00:00Z,DE-LU,CZ,2045.0,2664.0,546.0,0,0,0
2026-01-30T12:00:00Z,DE-LU,DK1,3198.0,3731.0,1577.0,0,0,0
2026-01-30T13:00:00Z,DE-LU,AT,2441.0,3517.0,780.0,0,0,0
2026-01-30T13:00:00Z,DE-LU,FR,1414.0,3807.0,999.0,0,0,0
2026-01-30T13:00:00Z,DE-LU,NL,1178.0,3704.0,1319.0,2.71,0,0
2026-01-30T13:00:00Z,DE-LU,PL,876.0,2125.0,-597.0,0,0,11.0
2026-01-30T13:00:00Z,DE-LU,CZ,1320.0,3903.0,-1209.0,0.24,33.0,0
2026-01-30T13:00:00Z,DE-LU,DK1,476.0,1058.0,-843.0,0,0,0
2026-01-30T14:00:00Z,DE-LU,AT,3541.0,4250.0,3195.0,0,0,0
2026-01-30T14:00:00Z,DE-LU,FR,2825.0,4089.0,-2439.0,0,0,0
2026-01-30T14:00:00Z,DE-LU,NL,1481.0,2768.0,-1391.0,0,0,0
2026-01-30T14:00:00Z,DE-LU,PL,3659.0,4395.0,-661.0,0,0,0
2026-01-30T14:00:00Z,DE-LU,CZ,681.0,1206.0,-660.0,0,0,0
2026-01-30T14:00:00Z,DE-LU,DK1,3523.0,4220.0,-1993.0,0,0,0
2026-01-30T15:00:00Z,DE-LU,AT,2704.0,3193.0,-2500.0,0,0,0
2026-01-30T15:00:00Z,DE-LU,FR,603.0,817.0,-303.0,0,0,0
2026-01-30T15:00:00Z,DE-LU,NL,1091.0,2146.0,-412.0,0,0,0
2026-01-30T15:00:00Z,DE-LU,PL,2193.0,3064.0,668.0,0,0,0
2026-01-30T15:00:00Z,DE-LU,CZ,2087.0,2809.0,-1503.0,0,0,0
2026-01-30T15:00:00Z,DE-LU,DK1,1287.0,1435.0,-582.0,0,0,0
2026-01-30T16:00:00Z,DE-LU,AT,1888.0,2733.0,145.0,0,0,0
2026-01-30T16:00:00Z,DE-LU,FR,957.0,3140.0,-1582.0,0,0,0
2026-01-30T16:00:00Z,DE-LU,NL,624.0,995.0,255.0,0,0,0
2026-01-30T16:00:00Z,DE-LU,PL,1057.0,2875.0,819.0,6.26,0,0
2026-01-30T16:00:00Z,DE-LU,CZ,1819.0,4002.0,-2511.0,0,0,0
2026-01-30T16:00:00Z,DE-LU,DK1,1063.0,2015.0,-1138.0,0,0,0
2026-01-30T17:00:00Z,DE-LU,AT,401.0,827.0,501.0,0,0,0
2026-01-30T17:00:00Z,DE-LU,FR,742.0,1880.0,731.0,3.28,26.0,0
2026-01-30T17:00:00Z,DE-LU,NL,1360.0,3836.0,206.0,7.19,0,0
2026-01-30T17:00:00Z,DE-LU,PL,2693.0,3386.0,712.0,0,0,0
2026-01-30T17:00:00Z,DE-LU,CZ,1814.0,2783.0,1324.0,0,0,0
2026-01-30T17:00:00Z,DE-LU,DK1,1336.0,2687.0,-491.0,0,0,0
2026-01-30T18:00:00Z,DE-LU,AT,818.0,894.0,-186.0,0,0,0
2026-01-30T18:00:00Z,DE-LU,FR,2018.0,3873.0,-2462.0,0,0,0
2026-01-30T18:00:00Z,DE-LU,NL,767.0,1390.0,-53.0,0,0,0
2026-01-30T18:00:00Z,DE-LU,PL,1383.0,3119.0,1953.0,0,0,0
2026-01-30T18:00:00Z,DE-LU,CZ,1151.0,1672.0,-864.0,0,0,0
2026-01-30T18:00:00Z,DE-LU,DK1,1843.0,3861.0,1757.0,0,0,0
2026-01-30T19:00:00Z,DE-LU,AT,767.0,1687.0,-755.0,0,0,0
2026-01-30T19:00:00Z,DE-LU,FR,3294.0,4339.0,-1461.0,0,0,0
2026-01-30T19:00:00Z,DE-LU,NL,1449.0,3462.0,848.0,0,0,0
2026-01-30T19:00:00Z,DE-LU,PL,1594.0,2277.0,1038.0,0,0,0
2026-01-30T19:00:00Z,DE-LU,CZ,1916.0,2218.0,-165.0,0,0,0
2026-01-30T19:00:00Z,DE-LU,DK1,930.0,3035.0,-979.0,0,0,0
2026-01-30T20:00:00Z,DE-LU,AT,1886.0,2324.0,-200.0,0,0,0
2026-01-30T20:00:00Z,DE-LU,FR,472.0,964.0,742.0,0,0,0
2026-01-30T20:00:00Z,DE-LU,NL,1079.0,1230.0,31.0,0,0,17.0
2026-01-30T20:00:00Z,DE-LU,PL,1041.0,3124.0,879.0,2.09,0,0
2026-01-30T20:00:00Z,DE-LU,CZ,3106.0,3299.0,1018.0,0,0,0
2026-01-30T20:00:00Z,DE-LU,DK1,2370.0,3797.0,-1212.0,0,0,0
2026-01-30T21:00:00Z,DE-LU,AT,2281.0,2437.0,-274.0,0,0,0
2026-01-30T21:00:00Z,DE-LU,FR,2020.0,3152.0,2276.0,0,0,0
2026-01-30T21:00:00Z,DE-LU,NL,1114.0,1994.0,504.0,0,0,0
2026-01-30T21:00:00Z,DE-LU,PL,1046.0,1294.0,349.0,0,0,0
2026-01-30T21:00:00Z,DE-LU,CZ,2561.0,2979.0,-2148.0,0,0,0
2026-01-30T21:00:00Z,DE-LU,DK1,718.0,1741.0,-315.0,0,0,0
2026-01-30T22:00:00Z,DE-LU,AT,958.0,2009.0,1477.0,0,0,0
2026-01-30T22:00:00Z,DE-LU,FR,1074.0,1328.0,-793.0,0,0,0
2026-01-30T22:00:00Z,DE-LU,NL,2539.0,4091.0,-2589.0,0,0,0
2026-01-30T22:00:00Z,DE-LU,PL,3196.0,3464.0,-159.0,0,0,0
2026-01-30T22:00:00Z,DE-LU,CZ,2295.0,4051.0,1040.0,0,0,0
2026-01-30T22:00:00Z,DE-LU,DK1,789.0,953.0,546.0,0,0,0
2026-01-30T23:00:00Z,DE-LU,AT,757.0,1374.0,-883.0,0,0,0
2026-01-30T23:00:00Z,DE-LU,FR,1949.0,3027.0,1711.0,0,0,0
2026-01-30T23:00:00Z,DE-LU,NL,426.0,1201.0,-875.0,0.02,5.0,0
2026-01-30T23:00:00Z,DE-LU,PL,496.0,851.0,-361.0,0,0,0
2026-01-30T23:00:00Z,DE-LU,CZ,1613.0,4387.0,-2162.0,0,0,0
2026-01-30T23:00:00Z,DE-LU,DK1,624.0,1340.0,757.0,0,0,0
2026-01-31T00:00:00Z,DE-LU,AT,2651.0,3210.0,-420.0,0,0,0
2026-01-31T00:00:00Z,DE-LU,FR,2006.0,2752.0,729.0,0,0,0
2026-01-31T00:00:00Z,DE-LU,NL,2090.0,2353.0,-120.0,0,0,0
2026-01-31T00:00:00Z,DE-LU,PL,2850.0,3291.0,-1195.0,0,0,0
2026-01-31T00:00:00Z,DE-LU,CZ,1366.0,2835.0,-1644.0,0,0,0
2026-01-31T00:00:00Z,DE-LU,DK1,1856.0,2829.0,-39.0,0,0,0
2026-01-31T01:00:00Z,DE-LU,AT,2390.0,2805.0,1340.0,0,0,0
2026-01-31T01:00:00Z,DE-LU,FR,1121.0,1589.0,-676.0,0,0,0
2026-01-31T01:00:00Z,DE-LU,NL,1066.0,1551.0,-82.0,0,0,0
2026-01-31T01:00:00Z,DE-LU,PL,2233.0,3111.0,809.0,0,0,0
2026-01-31T01:00:00Z,DE-LU,CZ,2807.0,3913.0,3118.0,0,0,0
2026-01-31T01:00:00Z,DE-LU,DK1,315.0,959.0,-214.0,0.69,5.0,0
2026-01-31T02:00:00Z,DE-LU,AT,977.0,2353.0,1011.0,0,0,0
2026-01-31T02:00:00Z,DE-LU,FR,473.0,1238.0,-876.0,0,0,0
2026-01-31T02:00:00Z,DE-LU,NL,2241.0,4084.0,1931.0,0,0,0
2026-01-31T02:00:00Z,DE-LU,PL,723.0,2238.0,259.0,0,0,0
2026-01-31T02:00:00Z,DE-LU,CZ,571.0,1392.0,368.0,0,0,0
2026-01-31T02:00:00Z,DE-LU,DK1,2853.0,3537.0,2333.0,0,0,0
2026-01-31T03:00:00Z,DE-LU,AT,3553.0,4291.0,-352.0,0,0,0
2026-01-31T03:00:00Z,DE-LU,FR,2776.0,3274.0,986.0,0,0,0
2026-01-31T03:00:00Z,DE-LU,NL,1222.0,2488.0,381.0,0,0,0
2026-01-31T03:00:00Z,DE-LU,PL,1997.0,3124.0,-2014.0,0,0,0
2026-01-31T03:00:00Z,DE-LU,CZ,1444.0,2384.0,227.0,0,0,0
2026-01-31T03:00:00Z,DE-LU,DK1,1758.0,2568.0,1482.0,0,0,0
2026-01-31T04:00:00Z,DE-LU,AT,1410.0,3265.0,-1399.0,0,0,0
2026-01-31T04:00:00Z,DE-LU,FR,520.0,947.0,171.0,0,0,0
2026-01-31T04:00:00Z,DE-LU,NL,3628.0,4231.0,-2730.0,0,0,0
2026-01-31T04:00:00Z,DE-LU,PL,1167.0,1778.0,-930.0,0,0,0
2026-01-31T04:00:00Z,DE-LU,CZ,1644.0,1968.0,1130.0,0,0,15.0
2026-01-31T04:00:00Z,DE-LU,DK1,1338.0,4183.0,-1788.0,0,0,0
2026-01-31T05:00:00Z,DE-LU,AT,517.0,909.0,-589.0,0,0,0
2026-01-31T05:00:00Z,DE-LU,FR,1279.0,1783.0,654.0,0,0,0
2026-01-31T05:00:00Z,DE-LU,NL,1593.0,1696.0,-836.0,0,0,0
2026-01-31T05:00:00Z,DE-LU,PL,352.0,1059.0,373.0,4.47,3.0,0
2026-01-31T05:00:00Z,DE-LU,CZ,1515.0,1702.0,346.0,0,0,0
2026-01-31T05:00:00Z,DE-LU,DK1,2039.0,3358.0,-2428.0,0,0,0
2026-01-31T06:00:00Z,DE-LU,AT,1032.0,1607.0,-835.0,0,0,0
2026-01-31T06:00:00Z,DE-LU,FR,1174.0,1435.0,-589.0,0,0,0
2026-01-31T06:00:00Z,DE-LU,NL,948.0,1540.0,1106.0,0,0,0
2026-01-31T06:00:00Z,DE-LU,PL,3714.0,4063.0,-2182.0,0,0,0
2026-01-31T06:00:00Z,DE-LU,CZ,926.0,2008.0,-1471.0,0,0,0
2026-01-31T06:00:00Z,DE-LU,DK1,1843.0,2199.0,1327.0,0,0,0
2026-01-31T07:00:00Z,DE-LU,AT,2353.0,2744.0,-309.0,0,0,0
2026-01-31T07:00:00Z,DE-LU,FR,542.0,1189.0,-344.0,0,0,0
2026-01-31T07:00:00Z,DE-LU,NL,611.0,1299.0,-420.0,0,0,0
2026-01-31T07:00:00Z,DE-LU,PL,1142.0,1299.0,-60.0,0,0,0
2026-01-31T07:00:00Z,DE-LU,CZ,3378.0,4307.0,-3229.0,0,0,0
2026-01-31T07:00:00Z,DE-LU,DK1,1350.0,1648.0,-673.0,0,0,0
2026-01-31T08:00:00Z,DE-LU,AT,1288.0,1529.0,-216.0,0,0,0
2026-01-31T08:00:00Z,DE-LU,FR,946.0,1454.0,706.0,0,0,0
2026-01-31T08:00:00Z,DE-LU,NL,1223.0,1864.0,1408.0,0,0,0
2026-01-31T08:00:00Z,DE-LU,PL,1293.0,3380.0,1729.0,0,0,0
2026-01-31T08:00:00Z,DE-LU,CZ,1529.0,2914.0,1013.0,0,0,0
2026-01-31T08:00:00Z,DE-LU,DK1,1210.0,3125.0,1740.0,0,0,0
2026-01-31T09:00:00Z,DE-LU,AT,716.0,1879.0,-646.0,0.66,0,0
2026-01-31T09:00:00Z,DE-LU,FR,1066.0,1822.0,-308.0,0,0,0
2026-01-31T09:00:00Z,DE-LU,NL,422.0,802.0,-87.0,0,0,0
2026-01-31T09:00:00Z,DE-LU,PL,486.0,1095.0,808.0,0,0,0
2026-01-31T09:00:00Z,DE-LU,CZ,2530.0,4029.0,1467.0,0,0,0
2026-01-31T09:00:00Z,DE-LU,DK1,1034.0,1124.0,-625.0,0,0,0
2026-01-31T10:00:00Z,DE-LU,AT,1562.0,4001.0,-1216.0,0,0,0
2026-01-31T10:00:00Z,DE-LU,FR,1590.0,2681.0,2017.0,0,0,0
2026-01-31T10:00:00Z,DE-LU,NL,1786.0,3736.0,1714.0,0,0,0
2026-01-31T10:00:00Z,DE-LU,PL,3874.0,4088.0,1604.0,0,0,0
2026-01-31T10:00:00Z,DE-LU,CZ,1485.0,4027.0,474.0,0,0,0
2026-01-31T10:00:00Z,DE-LU,DK1,1222.0,3277.0,-635.0,4.56,14.0,0
2026-01-31T11:00:00Z,DE-LU,AT,3996.0,4216.0,-1547.0,0,0,0
2026-01-31T11:00:00Z,DE-LU,FR,1840.0,2667.0,253.0,0,0,0
2026-01-31T11:00:00Z,DE-LU,NL,675.0,1205.0,480.0,0,0,0
2026-01-31T11:00:00Z,DE-LU,PL,1937.0,4481.0,-331.0,0,0,0
2026-01-31T11:00:00Z,DE-LU,CZ,838.0,1486.0,-433.0,0,0,0
2026-01-31T11:00:00Z,DE-LU,DK1,748.0,972.0,490.0,0,0,0
2026-01-31T12:00:00Z,DE-LU,AT,1060.0,1831.0,402.0,0,0,0
2026-01-31T12:00:00Z,DE-LU,FR,1829.0,2878.0,-2092.0,0,0,0
2026-01-31T12:00:00Z,DE-LU,NL,734.0,1205.0,64.0,0,0,0
2026-01-31T12:00:00Z,DE-LU,PL,2281.0,4105.0,-300.0,0,0,0
2026-01-31T12:00:00Z,DE-LU,CZ,431.0,1029.0,299.0,0,0,0
2026-01-31T12:00:00Z,DE-LU,DK1,591.0,1409.0,766.0,0,0,0
2026-01-31T13:00:00Z,DE-LU,AT,2359.0,2682.0,140.0,0,0,0
2026-01-31T13:00:00Z,DE-LU,FR,791.0,1372.0,-1025.0,0,0,0
2026-01-31T13:00:00Z,DE-LU,NL,1869.0,2909.0,2231.0,0,0,0
2026-01-31T13:00:00Z,DE-LU,PL,422.0,1116.0,414.0,2.22,52.0,0
2026-01-31T13:00:00Z,DE-LU,CZ,871.0,1227.0,797.0,0,0,0
2026-01-31T13:00:00Z,DE-LU,DK1,2676.0,3867.0,-1279.0,0,0,0
2026-01-31T14:00:00Z,DE-LU,AT,2908.0,4207.0,184.0,0,0,0
2026-01-31T14:00:00Z,DE-LU,FR,2660.0,2820.0,-1137.0,0,0,0
2026-01-31T14:00:00Z,DE-LU,NL,2766.0,3515.0,1817.0,0,0,0
2026-01-31T14:00:00Z,DE-LU,PL,658.0,1635.0,1033.0,0,0,0
2026-01-31T14:00:00Z,DE-LU,CZ,2826.0,4055.0,-541.0,0,0,0
2026-01-31T14:00:00Z,DE-LU,DK1,1964.0,3111.0,-1792.0,0,0,0
2026-01-31T15:00:00Z,DE-LU,AT,2965.0,3690.0,-630.0,0,0,0
2026-01-31T15:00:00Z,DE-LU,FR,803.0,1861.0,-861.0,0,0,0
2026-01-31T15:00:00Z,DE-LU,NL,1118.0,2584.0,-690.0,0,0,0
2026-01-31T15:00:00Z,DE-LU,PL,948.0,2632.0,934.0,0.51,0,0
2026-01-31T15:00:00Z,DE-LU,CZ,354.0,976.0,640.0,6.56,0,0
2026-01-31T15:00:00Z,DE-LU,DK1,1403.0,2544.0,-702.0,0,0,0
2026-01-31T16:00:00Z,DE-LU,AT,1758.0,3724.0,-2352.0,0,0,0
2026-01-31T16:00:00Z,DE-LU,FR,2086.0,2612.0,1528.0,0,0,0
2026-01-31T16:00:00Z,DE-LU,NL,1702.0,3560.0,-2407.0,0,0,0
2026-01-31T16:00:00Z,DE-LU,PL,832.0,1781.0,-369.0,0,0,0
2026-01-31T16:00:00Z,DE-LU,CZ,939.0,1463.0,5.0,0,0,0
2026-01-31T16:00:00Z,DE-LU,DK1,2194.0,3621.0,-937.0,0,0,0
2026-01-31T17:00:00Z,DE-LU,AT,1467.0,2132.0,-388.0,0,0,0
2026-01-31T17:00:00Z,DE-LU,FR,978.0,1128.0,-483.0,0,0,0
2026-01-31T17:00:00Z,DE-LU,NL,436.0,1186.0,886.0,0.67,0,0
2026-01-31T17:00:00Z,DE-LU,PL,908.0,1709.0,795.0,0,0,0
2026-01-31T17:00:00Z,DE-LU,CZ,713.0,2109.0,-1139.0,0.48,99.0,0
2026-01-31T17:00:00Z,DE-LU,DK1,714.0,1527.0,-689.0,0,0,0
2026-01-31T18:00:00Z,DE-LU,AT,799.0,1169.0,-695.0,0,0,0
2026-01-31T18:00:00Z,DE-LU,FR,3311.0,4259.0,-2601.0,0,0,0
2026-01-31T18:00:00Z,DE-LU,NL,743.0,1136.0,-893.0,0,0,0
2026-01-31T18:00:00Z,DE-LU,PL,1942.0,3025.0,-1187.0,0,0,18.0
2026-01-31T18:00:00Z,DE-LU,CZ,1490.0,3017.0,-1114.0,0,0,0
2026-01-31T18:00:00Z,DE-LU,DK1,2267.0,3174.0,-878.0,0,0,0
2026-01-31T19:00:00Z,DE-LU,AT,1269.0,2859.0,-2217.0,0,0,0
2026-01-31T19:00:00Z,DE-LU,FR,1891.0,3375.0,-348.0,0,0,0
2026-01-31T19:00:00Z,DE-LU,NL,342.0,1048.0,392.0,0.61,0,0
2026-01-31T19:00:00Z,DE-LU,PL,1430.0,2025.0,-1145.0,0,0,0
2026-01-31T19:00:00Z,DE-LU,CZ,1032.0,1587.0,733.0,0,0,0
2026-01-31T19:00:00Z,DE-LU,DK1,3482.0,3673.0,500.0,0,0,0
2026-01-31T20:00:00Z,DE-LU,AT,2387.0,3300.0,2587.0,0,0,0
2026-01-31T20:00:00Z,DE-LU,FR,614.0,1682.0,-1097.0,1.94,24.0,0
2026-01-31T20:00:00Z,DE-LU,NL,1281.0,2907.0,-2311.0,0,0,0
2026-01-31T20:00:00Z,DE-LU,PL,2199.0,2363.0,790.0,0,0,0
2026-01-31T20:00:00Z,DE-LU,CZ,1702.0,4155.0,322.0,0,0,0
2026-01-31T20:00:00Z,DE-LU,DK1,981.0,2313.0,-665.0,0,0,0
2026-01-31T21:00:00Z,DE-LU,AT,2350.0,2746.0,-1890.0,0,0,0
2026-01-31T21:00:00Z,DE-LU,FR,2762.0,3196.0,-2479.0,0,0,0
2026-01-31T21:00:00Z,DE-LU,NL,2374.0,3557.0,-575.0,0,0,0
2026-01-31T21:00:00Z,DE-LU,PL,2095.0,3339.0,-119.0,0,0,0
2026-01-31T21:00:00Z,DE-LU,CZ,1862.0,3786.0,1985.0,0,0,0
2026-01-31T21:00:00Z,DE-LU,DK1,959.0,2927.0,507.0,0,0,0
2026-01-31T22:00:00Z,DE-LU,AT,3706.0,3916.0,-2731.0,0,0,0
2026-01-31T22:00:00Z,DE-LU,FR,1591.0,1778.0,-948.0,0,0,0
2026-01-31T22:00:00Z,DE-LU,NL,2236.0,2905.0,201.0,0,0,0
2026-01-31T22:00:00Z,DE-LU,PL,2004.0,2974.0,828.0,0,0,0
2026-01-31T22:00:00Z,DE-LU,CZ,1545.0,1832.0,-208.0,0,0,0
2026-01-31T22:00:00Z,DE-LU,DK1,912.0,2051.0,-847.0,0,0,0
2026-01-31T23:00:00Z,DE-LU,AT,1506.0,2331.0,1732.0,0,0,0
2026-01-31T23:00:00Z,DE-LU,FR,3043.0,4417.0,-1135.0,0,0,0
2026-01-31T23:00:00Z,DE-LU,NL,1261.0,3570.0,1216.0,0,0,0
2026-01-31T23:00:00Z,DE-LU,PL,2344.0,2816.0,-982.0,0,0,0
2026-01-31T23:00:00Z,DE-LU,CZ,1378.0,1619.0,1199.0,0,0,0
2026-01-31T23:00:00Z,DE-LU,DK1,1123.0,1872.0,537.0,0,0,21.0
2026-02-01T00:00:00Z,DE-LU,AT,543.0,1093.0,850.0,0,0,0
2026-02-01T00:00:00Z,DE-LU,FR,1346.0,3022.0,-2386.0,0,0,0
2026-02-01T00:00:00Z,DE-LU,NL,2807.0,3882.0,-2843.0,0,0,0
2026-02-01T00:00:00Z,DE-LU,PL,1597.0,1862.0,-274.0,0,0,0
2026-02-01T00:00:00Z,DE-LU,CZ,1518.0,2743.0,1343.0,0,0,15.0
2026-02-01T00:00:00Z,DE-LU,DK1,1668.0,4209.0,-947.0,0,0,0
2026-02-01T01:00:00Z,DE-LU,AT,3993.0,4419.0,-3080.0,0,0,0
2026-02-01T01:00:00Z,DE-LU,FR,838.0,1182.0,853.0,0,0,0
2026-02-01T01:00:00Z,DE-LU,NL,2159.0,2820.0,803.0,0,0,0
2026-02-01T01:00:00Z,DE-LU,PL,2770.0,2985.0,2000.0,0,0,0
2026-02-01T01:00:00Z,DE-LU,CZ,1949.0,3916.0,-2836.0,0,0,0
2026-02-01T01:00:00Z,DE-LU,DK1,296.0,925.0,-682.0,1.83,104.0,0
2026-02-01T02:00:00Z,DE-LU,AT,2099.0,3438.0,-1823.0,0,0,19.0
2026-02-01T02:00:00Z,DE-LU,FR,1193.0,1796.0,-1230.0,0,0,0
2026-02-01T02:00:00Z,DE-LU,NL,642.0,1100.0,-132.0,0,0,0
2026-02-01T02:00:00Z,DE-LU,PL,436.0,1171.0,358.0,0,0,0
2026-02-01T02:00:00Z,DE-LU,CZ,968.0,1191.0,845.0,0,0,0
2026-02-01T02:00:00Z,DE-LU,DK1,582.0,1447.0,-375.0,0,0,0
2026-02-01T03:00:00Z,DE-LU,AT,716.0,1980.0,-174.0,2.58,0,0
2026-02-01T03:00:00Z,DE-LU,FR,815.0,2152.0,948.0,3.1,0,0
2026-02-01T03:00:00Z,DE-LU,NL,3032.0,3699.0,-312.0,0,0,0
2026-02-01T03:00:00Z,DE-LU,PL,1495.0,2312.0,-1187.0,0,0,0
2026-02-01T03:00:00Z,DE-LU,CZ,1843.0,3913.0,1669.0,0,0,0
2026-02-01T03:00:00Z,DE-LU,DK1,1747.0,2504.0,-706.0,0,0,0
2026-02-01T04:00:00Z,DE-LU,AT,1260.0,1668.0,145.0,0,0,0
2026-02-01T04:00:00Z,DE-LU,FR,1939.0,3030.0,257.0,0,0,0
2026-02-01T04:00:00Z,DE-LU,NL,926.0,2814.0,2012.0,1.81,32.0,0
2026-02-01T04:00:00Z,DE-LU,PL,2551.0,3678.0,-1709.0,0,0,0
2026-02-01T04:00:00Z,DE-LU,CZ,1988.0,3047.0,1332.0,0,0,0
2026-02-01T04:00:00Z,DE-LU,DK1,1726.0,2611.0,2083.0,0,0,0
2026-02-01T05:00:00Z,DE-LU,AT,2832.0,3799.0,1373.0,0,0,0
2026-02-01T05:00:00Z,DE-LU,FR,581.0,1204.0,60.0,0,0,0
2026-02-01T05:00:00Z,DE-LU,NL,1392.0,3547.0,2030.0,0,0,0
2026-02-01T05:00:00Z,DE-LU,PL,456.0,850.0,-607.0,0,0,0
2026-02-01T05:00:00Z,DE-LU,CZ,1097.0,1754.0,1023.0,0,0,0
2026-02-01T05:00:00Z,DE-LU,DK1,3555.0,4132.0,-1932.0,0,0,0
2026-02-01T06:00:00Z,DE-LU,AT,1628.0,2763.0,1913.0,0,0,0
2026-02-01T06:00:00Z,DE-LU,FR,4009.0,4236.0,1189.0,0,0,0
2026-02-01T06:00:00Z,DE-LU,NL,754.0,2012.0,-1366.0,1.45,0,0
2026-02-01T06:00:00Z,DE-LU,PL,1111.0,3061.0,-339.0,0,0,0
2026-02-01T06:00:00Z,DE-LU,CZ,601.0,1830.0,-1194.0,2.28,0,0
2026-02-01T06:00:00Z,DE-LU,DK1,1119.0,3253.0,-732.0,7.94,0,0
2026-02-01T07:00:00Z,DE-LU,AT,703.0,919.0,-641.0,0,0,0
2026-02-01T07:00:00Z,DE-LU,FR,2640.0,3493.0,2709.0,0,0,0
2026-02-01T07:00:00Z,DE-LU,NL,912.0,1607.0,361.0,0,0,0
2026-02-01T07:00:00Z,DE-LU,PL,1441.0,2198.0,1204.0,0,0,0
2026-02-01T07:00:00Z,DE-LU,CZ,2006.0,2610.0,-1090.0,0,0,0
2026-02-01T07:00:00Z,DE-LU,DK1,923.0,2164.0,-552.0,0,0,0
2026-02-01T08:00:00Z,DE-LU,AT,3272.0,3630.0,788.0,0,0,0
2026-02-01T08:00:00Z,DE-LU,FR,1026.0,2112.0,-691.0,0,0,0
2026-02-01T08:00:00Z,DE-LU,NL,2851.0,3700.0,-615.0,0,0,0
2026-02-01T08:00:00Z,DE-LU,PL,2634.0,2854.0,1687.0,0,0,0
2026-02-01T08:00:00Z,DE-LU,CZ,513.0,910.0,-547.0,0,0,0
2026-02-01T08:00:00Z,DE-LU,DK1,2126.0,3891.0,2737.0,0,0,0
2026-02-01T09:00:00Z,DE-LU,AT,3002.0,4238.0,-999.0,0,0,0
2026-02-01T09:00:00Z,DE-LU,FR,3018.0,3799.0,472.0,0,0,0
2026-02-01T09:00:00Z,DE-LU,NL,2223.0,3719.0,341.0,0,0,0
2026-02-01T09:00:00Z,DE-LU,PL,793.0,1477.0,-1178.0,0,0,0
2026-02-01T09:00:00Z,DE-LU,CZ,1557.0,4063.0,210.0,0,0,0
2026-02-01T09:00:00Z,DE-LU,DK1,2305.0,3756.0,-1412.0,0,0,0
2026-02-01T10:00:00Z,DE-LU,AT,1683.0,2286.0,271.0,0,0,0
2026-02-01T10:00:00Z,DE-LU,FR,377.0,947.0,406.0,0,0,0
2026-02-01T10:00:00Z,DE-LU,NL,997.0,2196.0,-1527.0,0,0,0
2026-02-01T10:00:00Z,DE-LU,PL,2297.0,2484.0,-1253.0,0,0,0
2026-02-01T10:00:00Z,DE-LU,CZ,2405.0,3333.0,1713.0,0,0,0
2026-02-01T10:00:00Z,DE-LU,DK1,810.0,883.0,557.0,0,0,0
2026-02-01T11:00:00Z,DE-LU,AT,1545.0,3814.0,396.0,0,0,0
2026-02-01T11:00:00Z,DE-LU,FR,2383.0,3377.0,1672.0,0,0,0
2026-02-01T11:00:00Z,DE-LU,NL,542.0,856.0,479.0,0,0,0
2026-02-01T11:00:00Z,DE-LU,PL,2397.0,2563.0,1917.0,0,0,0
2026-02-01T11:00:00Z,DE-LU,CZ,1255.0,2841.0,-927.0,0,0,0
2026-02-01T11:00:00Z,DE-LU,DK1,1288.0,3618.0,-741.0,6.83,0,0
2026-02-01T12:00:00Z,DE-LU,AT,2167.0,3634.0,-271.0,0,0,0
2026-02-01T12:00:00Z,DE-LU,FR,3478.0,4342.0,-2685.0,0,0,0
2026-02-01T12:00:00Z,DE-LU,NL,1844.0,3855.0,2692.0,0,0,0
2026-02-01T12:00:00Z,DE-LU,PL,721.0,1957.0,645.0,0,0,0
2026-02-01T12:00:00Z,DE-LU,CZ,2024.0,4032.0,-2484.0,0,0,0
2026-02-01T12:00:00Z,DE-LU,DK1,1405.0,1552.0,254.0,0,0,0
2026-02-01T13:00:00Z,DE-LU,AT,1159.0,2557.0,-1893.0,0,0,0
2026-02-01T13:00:00Z,DE-LU,FR,2156.0,4169.0,-689.0,0,0,0
2026-02-01T13:00:00Z,DE-LU,NL,1570.0,2812.0,1652.0,0,0,0
2026-02-01T13:00:00Z,DE-LU,PL,2675.0,4017.0,2824.0,0,0,0
2026-02-01T13:00:00Z,DE-LU,CZ,3896.0,4370.0,819.0,0,0,0
2026-02-01T13:00:00Z,DE-LU,DK1,1542.0,2897.0,1905.0,0,0,0
2026-02-01T14:00:00Z,DE-LU,AT,621.0,929.0,-376.0,0,0,28.0
2026-02-01T14:00:00Z,DE-LU,FR,398.0,1021.0,81.0,5.55,29.0,0
2026-02-01T14:00:00Z,DE-LU,NL,1912.0,3362.0,-1616.0,0,0,0
2026-02-01T14:00:00Z,DE-LU,PL,1937.0,2538.0,-1084.0,0,0,0
2026-02-01T14:00:00Z,DE-LU,CZ,4012.0,4341.0,-2561.0,0,0,0
2026-02-01T14:00:00Z,DE-LU,DK1,2854.0,3181.0,-2076.0,0,0,0
2026-02-01T15:00:00Z,DE-LU,AT,432.0,1162.0,704.0,4.05,14.0,0
2026-02-01T15:00:00Z,DE-LU,FR,2162.0,3128.0,2426.0,0,0,0
2026-02-01T15:00:00Z,DE-LU,NL,593.0,1596.0,-435.0,8.2,120.0,0
2026-02-01T15:00:00Z,DE-LU,PL,708.0,2143.0,1236.0,0,0,0
2026-02-01T15:00:00Z,DE-LU,CZ,2293.0,4447.0,-3034.0,0,0,0
2026-02-01T15:00:00Z,DE-LU,DK1,761.0,1495.0,378.0,0,0,0
2026-02-01T16:00:00Z,DE-LU,AT,3027.0,3466.0,-2299.0,0,0,0
2026-02-01T16:00:00Z,DE-LU,FR,2073.0,3492.0,1966.0,0,0,0
2026-02-01T16:00:00Z,DE-LU,NL,3313.0,4133.0,-2075.0,0,0,0
2026-02-01T16:00:00Z,DE-LU,PL,3103.0,4142.0,-1676.0,0,0,0
2026-02-01T16:00:00Z,DE-LU,CZ,641.0,1304.0,-1040.0,0,0,0
2026-02-01T16:00:00Z,DE-LU,DK1,1089.0,1351.0,-189.0,0,0,0
2026-02-01T17:00:00Z,DE-LU,AT,1011.0,2894.0,-119.0,10.56,0,0
2026-02-01T17:00:00Z,DE-LU,FR,3517.0,4260.0,490.0,0,0,0
2026-02-01T17:00:00Z,DE-LU,NL,699.0,845.0,73.0,0,0,0
2026-02-01T17:00:00Z,DE-LU,PL,2475.0,3950.0,643.0,0,0,0
2026-02-01T17:00:00Z,DE-LU,CZ,2749.0,4107.0,2785.0,0,0,0
2026-02-01T17:00:00Z,DE-LU,DK1,501.0,1009.0,-561.0,0,0,0
2026-02-01T18:00:00Z,DE-LU,AT,2587.0,4169.0,318.0,0,0,0
2026-02-01T18:00:00Z,DE-LU,FR,1422.0,2128.0,-1132.0,0,0,0
2026-02-01T18:00:00Z,DE-LU,NL,425.0,840.0,-613.0,0,0,0
2026-02-01T18:00:00Z,DE-LU,PL,1567.0,4408.0,-990.0,9.07,0,0
2026-02-01T18:00:00Z,DE-LU,CZ,1370.0,3711.0,-138.0,0,0,0
2026-02-01T18:00:00Z,DE-LU,DK1,1628.0,3373.0,834.0,0,0,0
2026-02-01T19:00:00Z,DE-LU,AT,586.0,1145.0,304.0,0,0,0
2026-02-01T19:00:00Z,DE-LU,FR,714.0,1916.0,961.0,0,0,0
2026-02-01T19:00:00Z,DE-LU,NL,883.0,961.0,-113.0,0,0,0
2026-02-01T19:00:00Z,DE-LU,PL,1217.0,2898.0,-1834.0,0,0,0
2026-02-01T19:00:00Z,DE-LU,CZ,887.0,1080.0,508.0,0,0,0
2026-02-01T19:00:00Z,DE-LU,DK1,858.0,1096.0,-615.0,0,0,0
2026-02-01T20:00:00Z,DE-LU,AT,2082.0,2679.0,-2106.0,0,0,0
2026-02-01T20:00:00Z,DE-LU,FR,1474.0,1805.0,-234.0,0,0,0
2026-02-01T20:00:00Z,DE-LU,NL,1015.0,1099.0,-1.0,0,0,0
2026-02-01T20:00:00Z,DE-LU,PL,394.0,981.0,-100.0,0,0,0
2026-02-01T20:00:00Z,DE-LU,CZ,1142.0,2615.0,1321.0,0,0,0
2026-02-01T20:00:00Z,DE-LU,DK1,805.0,2585.0,788.0,0,0,0
2026-02-01T21:00:00Z,DE-LU,AT,1637.0,1934.0,1543.0,0,0,0
2026-02-01T21:00:00Z,DE-LU,FR,1444.0,3357.0,-786.0,0,0,0
2026-02-01T21:00:00Z,DE-LU,NL,560.0,878.0,79.0,0,0,0
2026-02-01T21:00:00Z,DE-LU,PL,2130.0,2461.0,806.0,0,0,0
2026-02-01T21:00:00Z,DE-LU,CZ,1268.0,3712.0,-556.0,0,0,0
2026-02-01T21:00:00Z,DE-LU,DK1,1032.0,1688.0,-848.0,0,0,0
2026-02-01T22:00:00Z,DE-LU,AT,2093.0,3758.0,2766.0,0,0,0
2026-02-01T22:00:00Z,DE-LU,FR,1493.0,3185.0,-2255.0,0,0,0
2026-02-01T22:00:00Z,DE-LU,NL,607.0,2001.0,613.0,0,0,0
2026-02-01T22:00:00Z,DE-LU,PL,3352.0,3701.0,1711.0,0,0,0
2026-02-01T22:00:00Z,DE-LU,CZ,1270.0,3815.0,2098.0,0.56,0,0
2026-02-01T22:00:00Z,DE-LU,DK1,1741.0,4145.0,-2371.0,0,0,0
2026-02-01T23:00:00Z,DE-LU,AT,798.0,2626.0,1297.0,4.58,17.0,0
2026-02-01T23:00:00Z,DE-LU,FR,1592.0,4197.0,995.0,3.66,57.0,0
2026-02-01T23:00:00Z,DE-LU,NL,1717.0,3883.0,2392.0,0,0,0
2026-02-01T23:00:00Z,DE-LU,PL,1091.0,1662.0,704.0,0,0,0
2026-02-01T23:00:00Z,DE-LU,CZ,1511.0,4206.0,-1061.0,5.45,124.0,0
2026-02-01T23:00:00Z,DE-LU,DK1,524.0,896.0,481.0,0,0,0
2026-02-02T00:00:00Z,DE-LU,AT,1567.0,2407.0,1232.0,0,0,0
2026-02-02T00:00:00Z,DE-LU,FR,3650.0,4081.0,972.0,0,0,0
2026-02-02T00:00:00Z,DE-LU,NL,1237.0,3721.0,1744.0,2.83,42.0,0
2026-02-02T00:00:00Z,DE-LU,PL,1126.0,2540.0,-1643.0,0,0,0
2026-02-02T00:00:00Z,DE-LU,CZ,1158.0,2868.0,-1921.0,0,0,0
2026-02-02T00:00:00Z,DE-LU,DK1,3270.0,3560.0,-1861.0,0,0,0
2026-02-02T01:00:00Z,DE-LU,AT,1268.0,1710.0,587.0,0,0,0
2026-02-02T01:00:00Z,DE-LU,FR,1290.0,2293.0,-1009.0,0,0,0
2026-02-02T01:00:00Z,DE-LU,NL,2434.0,3057.0,-165.0,0,0,0
2026-02-02T01:00:00Z,DE-LU,PL,1803.0,4148.0,2075.0,0,0,0
2026-02-02T01:00:00Z,DE-LU,CZ,937.0,1871.0,833.0,0,0,0
2026-02-02T01:00:00Z,DE-LU,DK1,758.0,2093.0,-1120.0,0,0,0
2026-02-02T02:00:00Z,DE-LU,AT,1126.0,2412.0,-1111.0,0,0,0
2026-02-02T02:00:00Z,DE-LU,FR,3987.0,4391.0,3061.0,0,0,0
2026-02-02T02:00:00Z,DE-LU,NL,2769.0,4261.0,1558.0,0,0,0
2026-02-02T02:00:00Z,DE-LU,PL,3620.0,4255.0,2928.0,0,0,0
2026-02-02T02:00:00Z,DE-LU,CZ,1859.0,1959.0,-1306.0,0,0,0
2026-02-02T02:00:00Z,DE-LU,DK1,989.0,1821.0,-1323.0,0,0,0
2026-02-02T03:00:00Z,DE-LU,AT,1667.0,2665.0,1532.0,0,0,0
2026-02-02T03:00:00Z,DE-LU,FR,1550.0,3948.0,305.0,0,0,0
2026-02-02T03:00:00Z,DE-LU,NL,756.0,925.0,701.0,0,0,0
2026-02-02T03:00:00Z,DE-LU,PL,931.0,2115.0,-1346.0,0,0,0
2026-02-02T03:00:00Z,DE-LU,CZ,757.0,1760.0,-742.0,0,0,0
2026-02-02T03:00:00Z,DE-LU,DK1,1031.0,2411.0,-544.0,0,0,0
2026-02-02T04:00:00Z,DE-LU,AT,1644.0,4055.0,2286.0,0,0,0
2026-02-02T04:00:00Z,DE-LU,FR,2891.0,3411.0,-2717.0,0,0,0
2026-02-02T04:00:00Z,DE-LU,NL,2419.0,4143.0,1276.0,0,0,0
2026-02-02T04:00:00Z,DE-LU,PL,1592.0,2228.0,595.0,0,0,0
2026-02-02T04:00:00Z,DE-LU,CZ,1014.0,2280.0,910.0,0,0,0
2026-02-02T04:00:00Z,DE-LU,DK1,1826.0,2546.0,-765.0,0,0,0
2026-02-02T05:00:00Z,DE-LU,AT,1984.0,3834.0,646.0,0,0,0
2026-02-02T05:00:00Z,DE-LU,FR,624.0,1856.0,-1279.0,0,0,0
2026-02-02T05:00:00Z,DE-LU,NL,1877.0,3113.0,-2216.0,0,0,0
2026-02-02T05:00:00Z,DE-LU,PL,1241.0,2630.0,263.0,0,0,0
2026-02-02T05:00:00Z,DE-LU,CZ,1675.0,2947.0,1891.0,0,0,0
2026-02-02T05:00:00Z,DE-LU,DK1,984.0,2394.0,-691.0,0,0,0
2026-02-02T06:00:00Z,DE-LU,AT,1678.0,3601.0,1694.0,0,0,0
2026-02-02T06:00:00Z,DE-LU,FR,830.0,907.0,442.0,0,0,0
2026-02-02T06:00:00Z,DE-LU,NL,1980.0,3975.0,-713.0,0,0,0
2026-02-02T06:00:00Z,DE-LU,PL,430.0,910.0,-394.0,0,0,0
2026-02-02T06:00:00Z,DE-LU,CZ,1640.0,1798.0,810.0,0,0,0
2026-02-02T06:00:00Z,DE-LU,DK1,1687.0,4088.0,-2637.0,0,0,0
2026-02-02T07:00:00Z,DE-LU,AT,1008.0,1135.0,-346.0,0,0,0
2026-02-02T07:00:00Z,DE-LU,FR,3228.0,3664.0,785.0,0,0,0
2026-02-02T07:00:00Z,DE-LU,NL,2252.0,3166.0,-942.0,0,0,0
2026-02-02T07:00:00Z,DE-LU,PL,812.0,953.0,-740.0,0,0,0
2026-02-02T07:00:00Z,DE-LU,CZ,891.0,1261.0,-409.0,0,0,0
2026-02-02T07:00:00Z,DE-LU,DK1,1749.0,3919.0,781.0,0,0,0
2026-02-02T08:00:00Z,DE-LU,AT,1515.0,2785.0,215.0,0,0,0
2026-02-02T08:00:00Z,DE-LU,FR,1333.0,4187.0,-1146.0,2.07,0,0
2026-02-02T08:00:00Z,DE-LU,NL,2836.0,3495.0,-2697.0,0,0,0
2026-02-02T08:00:00Z,DE-LU,PL,2167.0,3681.0,813.0,0,0,0
2026-02-02T08:00:00Z,DE-LU,CZ,962.0,3007.0,-907.0,0,0,0
2026-02-02T08:00:00Z,DE-LU,DK1,1434.0,2123.0,975.0,0,0,0
2026-02-02T09:00:00Z,DE-LU,AT,2304.0,2811.0,-257.0,0,0,0
2026-02-02T09:00:00Z,DE-LU,FR,915.0,2294.0,1641.0,9.55,16.0,0
2026-02-02T09:00:00Z,DE-LU,NL,2584.0,2741.0,-178.0,0,0,0
2026-02-02T09:00:00Z,DE-LU,PL,1955.0,2186.0,-120.0,0,0,0
2026-02-02T09:00:00Z,DE-LU,CZ,541.0,1306.0,669.0,0,0,0
2026-02-02T09:00:00Z,DE-LU,DK1,805.0,1386.0,635.0,0,0,0
2026-02-02T10:00:00Z,DE-LU,AT,3718.0,4214.0,-1067.0,0,0,0
2026-02-02T10:00:00Z,DE-LU,FR,2317.0,2860.0,-253.0,0,0,0
2026-02-02T10:00:00Z,DE-LU,NL,3029.0,3772.0,2876.0,0,0,0
2026-02-02T10:00:00Z,DE-LU,PL,684.0,917.0,-171.0,0,0,0
2026-02-02T10:00:00Z,DE-LU,CZ,759.0,1995.0,167.0,3.7,0,0
2026-02-02T10:00:00Z,DE-LU,DK1,577.0,993.0,-578.0,0,0,0
2026-02-02T11:00:00Z,DE-LU,AT,2449.0,2665.0,1388.0,0,0,0
2026-02-02T11:00:00Z,DE-LU,FR,1270.0,2501.0,148.0,0,0,0
2026-02-02T11:00:00Z,DE-LU,NL,847.0,2592.0,1831.0,0,0,0
2026-02-02T11:00:00Z,DE-LU,PL,3943.0,4248.0,-2044.0,0,0,0
2026-02-02T11:00:00Z,DE-LU,CZ,1094.0,1851.0,-1395.0,0,0,0
2026-02-02T11:00:00Z,DE-LU,DK1,1983.0,2983.0,1086.0,0,0,0
2026-02-02T12:00:00Z,DE-LU,AT,1406.0,2335.0,-494.0,0,0,0
2026-02-02T12:00:00Z,DE-LU,FR,2795.0,3146.0,719.0,0,0,0
2026-02-02T12:00:00Z,DE-LU,NL,430.0,948.0,-446.0,0,0,0
2026-02-02T12:00:00Z,DE-LU,PL,1520.0,4157.0,3050.0,0,0,0
2026-02-02T12:00:00Z,DE-LU,CZ,1407.0,2602.0,188.0,0,0,0
2026-02-02T12:00:00Z,DE-LU,DK1,682.0,1671.0,-512.0,0,0,0
2026-02-02T13:00:00Z,DE-LU,AT,536.0,804.0,359.0,0,0,0
2026-02-02T13:00:00Z,DE-LU,FR,3431.0,3852.0,2066.0,0,0,0
2026-02-02T13:00:00Z,DE-LU,NL,1360.0,4052.0,3028.0,0,0,0
2026-02-02T13:00:00Z,DE-LU,PL,608.0,1289.0,411.0,0,0,0
2026-02-02T13:00:00Z,DE-LU,CZ,1506.0,1619.0,-21.0,0,0,0
2026-02-02T13:00:00Z,DE-LU,DK1,1488.0,2586.0,-633.0,0,0,0
2026-02-02T14:00:00Z,DE-LU,AT,2162.0,2851.0,-759.0,0,0,0
2026-02-02T14:00:00Z,DE-LU,FR,1239.0,1818.0,90.0,0,0,0
2026-02-02T14:00:00Z,DE-LU,NL,709.0,1283.0,-550.0,0,0,0
2026-02-02T14:00:00Z,DE-LU,PL,3998.0,4361.0,2793.0,0,0,0
2026-02-02T14:00:00Z,DE-LU,CZ,3104.0,3440.0,-122.0,0,0,0
2026-02-02T14:00:00Z,DE-LU,DK1,2549.0,3555.0,161.0,0,0,0
2026-02-02T15:00:00Z,DE-LU,AT,2211.0,3600.0,-206.0,0,0,0
2026-02-02T15:00:00Z,DE-LU,FR,3912.0,4132.0,-2940.0,0,0,0
2026-02-02T15:00:00Z,DE-LU,NL,799.0,1521.0,-198.0,0,0,0
2026-02-02T15:00:00Z,DE-LU,PL,691.0,1517.0,620.0,0,0,0
2026-02-02T15:00:00Z,DE-LU,CZ,615.0,2029.0,-924.0,0,0,0
2026-02-02T15:00:00Z,DE-LU,DK1,944.0,2788.0,-1625.0,0.04,51.0,0
2026-02-02T16:00:00Z,DE-LU,AT,814.0,991.0,137.0,0,0,0
2026-02-02T16:00:00Z,DE-LU,FR,3634.0,4277.0,3028.0,0,0,0
2026-02-02T16:00:00Z,DE-LU,NL,653.0,1728.0,-1038.0,0,0,0
2026-02-02T16:00:00Z,DE-LU,PL,655.0,1676.0,-1236.0,1.31,0,0
2026-02-02T16:00:00Z,DE-LU,CZ,613.0,1157.0,-164.0,0,0,0
2026-02-02T16:00:00Z,DE-LU,DK1,1313.0,3533.0,-2129.0,0.56,36.0,0
2026-02-02T17:00:00Z,DE-LU,AT,1647.0,2707.0,-1606.0,0,0,45.0
2026-02-02T17:00:00Z,DE-LU,FR,401.0,1084.0,-213.0,0,0,0
2026-02-02T17:00:00Z,DE-LU,NL,524.0,1517.0,69.0,0.23,104.0,0
2026-02-02T17:00:00Z,DE-LU,PL,692.0,1210.0,-193.0,0,0,0
2026-02-02T17:00:00Z,DE-LU,CZ,3250.0,3640.0,-2814.0,0,0,0
2026-02-02T17:00:00Z,DE-LU,DK1,3229.0,3818.0,867.0,0,0,0
2026-02-02T18:00:00Z,DE-LU,AT,788.0,1972.0,946.0,0,0,4.0
2026-02-02T18:00:00Z,DE-LU,FR,422.0,1175.0,-768.0,1.55,15.0,0
2026-02-02T18:00:00Z,DE-LU,NL,781.0,1624.0,-373.0,0,0,0
2026-02-02T18:00:00Z,DE-LU,PL,2820.0,4238.0,-306.0,0,0,0
2026-02-02T18:00:00Z,DE-LU,CZ,810.0,2045.0,-445.0,0,0,0
2026-02-02T18:00:00Z,DE-LU,DK1,621.0,1108.0,-456.0,0,0,0
2026-02-02T19:00:00Z,DE-LU,AT,1058.0,2892.0,-2298.0,3.49,24.0,8.0
2026-02-02T19:00:00Z,DE-LU,FR,876.0,1847.0,981.0,0,0,0
2026-02-02T19:00:00Z,DE-LU,NL,1107.0,1337.0,-165.0,0,0,0
2026-02-02T19:00:00Z,DE-LU,PL,752.0,1926.0,1114.0,3.56,0,0
2026-02-02T19:00:00Z,DE-LU,CZ,1083.0,1684.0,-1042.0,0,0,0
2026-02-02T19:00:00Z,DE-LU,DK1,1876.0,2297.0,-22.0,0,0,0
2026-02-02T20:00:00Z,DE-LU,AT,1384.0,2926.0,803.0,0,0,0
2026-02-02T20:00:00Z,DE-LU,FR,668.0,1046.0,3.0,0,0,0
2026-02-02T20:00:00Z,DE-LU,NL,1663.0,1944.0,-1064.0,0,0,0
2026-02-02T20:00:00Z,DE-LU,PL,1819.0,2291.0,1725.0,0,0,0
2026-02-02T20:00:00Z,DE-LU,CZ,1952.0,3319.0,634.0,0,0,0
2026-02-02T20:00:00Z,DE-LU,DK1,1270.0,1815.0,1006.0,0,0,0
2026-02-02T21:00:00Z,DE-LU,AT,824.0,2526.0,389.0,3.8,34.0,0
2026-02-02T21:00:00Z,DE-LU,FR,2102.0,2881.0,-908.0,0,0,0
2026-02-02T21:00:00Z,DE-LU,NL,932.0,1600.0,1212.0,0,0,0
2026-02-02T21:00:00Z,DE-LU,PL,1617.0,4106.0,3267.0,0,0,0
2026-02-02T21:00:00Z,DE-LU,CZ,2923.0,3346.0,-1093.0,0,0,0
2026-02-02T21:00:00Z,DE-LU,DK1,2883.0,4308.0,-700.0,0,0,0
2026-02-02T22:00:00Z,DE-LU,AT,1653.0,2173.0,-86.0,0,0,0
2026-02-02T22:00:00Z,DE-LU,FR,1269.0,3342.0,-1574.0,0,0,0
2026-02-02T22:00:00Z,DE-LU,NL,865.0,2066.0,5.0,0,0,0
2026-02-02T22:00:00Z,DE-LU,PL,1908.0,4499.0,1914.0,0,0,0
2026-02-02T22:00:00Z,DE-LU,CZ,1965.0,4268.0,284.0,0,0,0
2026-02-02T22:00:00Z,DE-LU,DK1,3570.0,3875.0,-2348.0,0,0,0
2026-02-02T23:00:00Z,DE-LU,AT,920.0,1613.0,-710.0,0,0,0
2026-02-02T23:00:00Z,DE-LU,FR,930.0,1078.0,534.0,0,0,0
2026-02-02T23:00:00Z,DE-LU,NL,796.0,1739.0,267.0,0,0,0
2026-02-02T23:00:00Z,DE-LU,PL,3163.0,3873.0,-2651.0,0,0,0
2026-02-02T23:00:00Z,DE-LU,CZ,2075.0,2464.0,-1789.0,0,0,0
2026-02-02T23:00:00Z,DE-LU,DK1,3652.0,3992.0,-2964.0,0,0,0
2026-02-03T00:00:00Z,DE-LU,AT,3061.0,3649.0,1294.0,0,0,0
2026-02-03T00:00:00Z,DE-LU,FR,1872.0,2591.0,1134.0,0,0,0
2026-02-03T00:00:00Z,DE-LU,NL,1987.0,4067.0,-2022.0,0,0,0
2026-02-03T00:00:00Z,DE-LU,PL,1139.0,1950.0,-404.0,0,0,0
2026-02-03T00:00:00Z,DE-LU,CZ,2334.0,3040.0,2044.0,0,0,0
2026-02-03T00:00:00Z,DE-LU,DK1,2641.0,3866.0,-2680.0,0,0,0
2026-02-03T01:00:00Z,DE-LU,AT,718.0,2115.0,-659.0,0,0,0
2026-02-03T01:00:00Z,DE-LU,FR,2756.0,3496.0,-743.0,0,0,0
2026-02-03T01:00:00Z,DE-LU,NL,663.0,1713.0,744.0,0,0,0
2026-02-03T01:00:00Z,DE-LU,PL,580.0,1117.0,-83.0,0,0,0
2026-02-03T01:00:00Z,DE-LU,CZ,3174.0,4488.0,-3100.0,0,0,0
2026-02-03T01:00:00Z,DE-LU,DK1,1744.0,2059.0,-311.0,0,0,0
2026-02-03T02:00:00Z,DE-LU,AT,1140.0,2439.0,-1921.0,0,0,0
2026-02-03T02:00:00Z,DE-LU,FR,769.0,1388.0,-441.0,0,0,0
2026-02-03T02:00:00Z,DE-LU,NL,1062.0,1202.0,-156.0,0,0,0
2026-02-03T02:00:00Z,DE-LU,PL,450.0,1156.0,-637.0,0,0,0
2026-02-03T02:00:00Z,DE-LU,CZ,1102.0,2069.0,-1495.0,0,0,0
2026-02-03T02:00:00Z,DE-LU,DK1,833.0,2137.0,-1661.0,0,0,0
2026-02-03T03:00:00Z,DE-LU,AT,1590.0,1762.0,177.0,0,0,0
2026-02-03T03:00:00Z,DE-LU,FR,1094.0,3593.0,458.0,0,0,0
2026-02-03T03:00:00Z,DE-LU,NL,1354.0,2280.0,-374.0,0,0,0
2026-02-03T03:00:00Z,DE-LU,PL,2222.0,3738.0,-314.0,0,0,0
2026-02-03T03:00:00Z,DE-LU,CZ,1739.0,1911.0,-1118.0,0,0,0
2026-02-03T03:00:00Z,DE-LU,DK1,699.0,1637.0,149.0,0,0,0
2026-02-03T04:00:00Z,DE-LU,AT,1322.0,1419.0,395.0,0,0,0
2026-02-03T04:00:00Z,DE-LU,FR,3695.0,4231.0,-2179.0,0,0,0
2026-02-03T04:00:00Z,DE-LU,NL,960.0,1272.0,-855.0,0,0,0
2026-02-03T04:00:00Z,DE-LU,PL,3169.0,4431.0,-834.0,0,0,0
2026-02-03T04:00:00Z,DE-LU,CZ,2146.0,3745.0,1705.0,0,0,0
2026-02-03T04:00:00Z,DE-LU,DK1,2760.0,3284.0,1466.0,0,0,0
2026-02-03T05:00:00Z,DE-LU,AT,362.0,1186.0,-696.0,0,0,0
2026-02-03T05:00:00Z,DE-LU,FR,1204.0,1356.0,870.0,0,0,0
2026-02-03T05:00:00Z,DE-LU,NL,861.0,1941.0,-834.0,0,0,0
2026-02-03T05:00:00Z,DE-LU,PL,583.0,1206.0,-782.0,0,0,0
2026-02-03T05:00:00Z,DE-LU,CZ,1195.0,3678.0,2637.0,0,0,0
2026-02-03T05:00:00Z,DE-LU,DK1,425.0,996.0,468.0,0,0,0
2026-02-03T06:00:00Z,DE-LU,AT,1865.0,3216.0,175.0,0,0,0
2026-02-03T06:00:00Z,DE-LU,FR,1668.0,1903.0,-49.0,0,0,0
2026-02-03T06:00:00Z,DE-LU,NL,1484.0,2427.0,769.0,0,0,0
2026-02-03T06:00:00Z,DE-LU,PL,2358.0,3133.0,-2370.0,0,0,0
2026-02-03T06:00:00Z,DE-LU,CZ,824.0,2625.0,-1835.0,0,0,0
2026-02-03T06:00:00Z,DE-LU,DK1,3134.0,4377.0,-2931.0,0,0,0
2026-02-03T07:00:00Z,DE-LU,AT,1108.0,1201.0,674.0,0,0,0
2026-02-03T07:00:00Z,DE-LU,FR,2113.0,4323.0,-1371.0,0,0,0
2026-02-03T07:00:00Z,DE-LU,NL,1012.0,2740.0,-550.0,8.07,50.0,0
2026-02-03T07:00:00Z,DE-LU,PL,814.0,1377.0,-276.0,0,0,0
2026-02-03T07:00:00Z,DE-LU,CZ,2155.0,3425.0,-1631.0,0,0,0
2026-02-03T07:00:00Z,DE-LU,DK1,1756.0,4048.0,64.0,0,0,0
2026-02-03T08:00:00Z,DE-LU,AT,2699.0,3303.0,2571.0,0,0,0
2026-02-03T08:00:00Z,DE-LU,FR,2153.0,2449.0,-617.0,0,0,0
2026-02-03T08:00:00Z,DE-LU,NL,1645.0,1798.0,847.0,0,0,0
2026-02-03T08:00:00Z,DE-LU,PL,1196.0,1374.0,-265.0,0,0,0
2026-02-03T08:00:00Z,DE-LU,CZ,879.0,1408.0,-461.0,0,0,0
2026-02-03T08:00:00Z,DE-LU,DK1,583.0,1693.0,697.0,0,0,0
2026-02-03T09:00:00Z,DE-LU,AT,1809.0,2351.0,1432.0,0,0,0
2026-02-03T09:00:00Z,DE-LU,FR,737.0,1239.0,-473.0,0,0,0
2026-02-03T09:00:00Z,DE-LU,NL,1351.0,2251.0,1511.0,0,0,0
2026-02-03T09:00:00Z,DE-LU,PL,501.0,1567.0,-1093.0,2.06,35.0,0
2026-02-03T09:00:00Z,DE-LU,CZ,1782.0,2914.0,-1616.0,0,0,0
2026-02-03T09:00:00Z,DE-LU,DK1,710.0,1534.0,730.0,0,0,0
2026-02-03T10:00:00Z,DE-LU,AT,1149.0,2665.0,-1061.0,0,0,0
2026-02-03T10:00:00Z,DE-LU,FR,1016.0,3343.0,-1784.0,3.4,0,0
2026-02-03T10:00:00Z,DE-LU,NL,1899.0,3378.0,2145.0,0,0,0
2026-02-03T10:00:00Z,DE-LU,PL,1925.0,4033.0,-1737.0,0,0,0
2026-02-03T10:00:00Z,DE-LU,CZ,2453.0,2944.0,-588.0,0,0,0
2026-02-03T10:00:00Z,DE-LU,DK1,672.0,902.0,305.0,0,0,0
2026-02-03T11:00:00Z,DE-LU,AT,2174.0,2416.0,-713.0,0,0,0
2026-02-03T11:00:00Z,DE-LU,FR,1650.0,3389.0,-779.0,0,0,0
2026-02-03T11:00:00Z,DE-LU,NL,3034.0,3884.0,2056.0,0,0,0
2026-02-03T11:00:00Z,DE-LU,PL,1730.0,2059.0,-962.0,0,0,0
2026-02-03T11:00:00Z,DE-LU,CZ,2315.0,3346.0,-845.0,0,0,0
2026-02-03T11:00:00Z,DE-LU,DK1,1385.0,1616.0,317.0,0,0,0
2026-02-03T12:00:00Z,DE-LU,AT,982.0,1117.0,-766.0,0,0,0
2026-02-03T12:00:00Z,DE-LU,FR,2665.0,4337.0,-1630.0,0,0,0
2026-02-03T12:00:00Z,DE-LU,NL,2459.0,3550.0,1508.0,0,0,0
2026-02-03T12:00:00Z,DE-LU,PL,2507.0,2916.0,-864.0,0,0,0
2026-02-03T12:00:00Z,DE-LU,CZ,1072.0,1792.0,-868.0,0,0,0
2026-02-03T12:00:00Z,DE-LU,DK1,1361.0,1870.0,549.0,0,0,11.0
2026-02-03T13:00:00Z,DE-LU,AT,1881.0,4117.0,261.0,0,0,0
2026-02-03T13:00:00Z,DE-LU,FR,908.0,1944.0,956.0,0,0,0
2026-02-03T13:00:00Z,DE-LU,NL,900.0,1689.0,-1170.0,0,0,0
2026-02-03T13:00:00Z,DE-LU,PL,3159.0,3904.0,23.0,0,0,0
2026-02-03T13:00:00Z,DE-LU,CZ,706.0,1764.0,-297.0,0,0,0
2026-02-03T13:00:00Z,DE-LU,DK1,355.0,1008.0,664.0,0,0,0
2026-02-03T14:00:00Z,DE-LU,AT,1244.0,2243.0,738.0,0,0,0
2026-02-03T14:00:00Z,DE-LU,FR,2121.0,3516.0,1344.0,0,0,0
2026-02-03T14:00:00Z,DE-LU,NL,2915.0,3733.0,2111.0,0,0,0
2026-02-03T14:00:00Z,DE-LU,PL,4124.0,4411.0,-455.0,0,0,0
2026-02-03T14:00:00Z,DE-LU,CZ,2509.0,2834.0,809.0,0,0,0
2026-02-03T14:00:00Z,DE-LU,DK1,866.0,1092.0,190.0,0,0,0
2026-02-03T15:00:00Z,DE-LU,AT,446.0,1272.0,571.0,1.47,0,0
2026-02-03T15:00:00Z,DE-LU,FR,891.0,2852.0,1184.0,4.83,0,0
2026-02-03T15:00:00Z,DE-LU,NL,1980.0,4075.0,2371.0,0,0,0
2026-02-03T15:00:00Z,DE-LU,PL,482.0,1003.0,122.0,0,0,0
2026-02-03T15:00:00Z,DE-LU,CZ,733.0,884.0,-567.0,0,0,0
2026-02-03T15:00:00Z,DE-LU,DK1,474.0,1079.0,-113.0,0,0,0
2026-02-03T16:00:00Z,DE-LU,AT,1094.0,1214.0,746.0,0,0,0
2026-02-03T16:00:00Z,DE-LU,FR,1415.0,4096.0,-2739.0,2.98,43.0,0
2026-02-03T16:00:00Z,DE-LU,NL,1230.0,1617.0,145.0,0,0,0
2026-02-03T16:00:00Z,DE-LU,PL,577.0,1178.0,870.0,0,0,0
2026-02-03T16:00:00Z,DE-LU,CZ,1275.0,2671.0,564.0,0,0,0
2026-02-03T16:00:00Z,DE-LU,DK1,1708.0,2414.0,-396.0,0,0,0
2026-02-03T17:00:00Z,DE-LU,AT,2959.0,3137.0,-1024.0,0,0,0
2026-02-03T17:00:00Z,DE-LU,FR,1493.0,1723.0,892.0,0,0,0
2026-02-03T17:00:00Z,DE-LU,NL,914.0,966.0,603.0,0,0,0
2026-02-03T17:00:00Z,DE-LU,PL,1783.0,2632.0,-1605.0,0,0,0
2026-02-03T17:00:00Z,DE-LU,CZ,2447.0,3565.0,2705.0,0,0,0
2026-02-03T17:00:00Z,DE-LU,DK1,1630.0,4383.0,-3215.0,9.88,2.0,0
2026-02-03T18:00:00Z,DE-LU,AT,1175.0,1362.0,-964.0,0,0,0
2026-02-03T18:00:00Z,DE-LU,FR,1446.0,4093.0,-2479.0,2.87,0,0
2026-02-03T18:00:00Z,DE-LU,NL,3777.0,4166.0,936.0,0,0,0
2026-02-03T18:00:00Z,DE-LU,PL,3181.0,3972.0,405.0,0,0,14.0
2026-02-03T18:00:00Z,DE-LU,CZ,2273.0,3832.0,838.0,0,0,0
2026-02-03T18:00:00Z,DE-LU,DK1,1267.0,3989.0,2766.0,0,0,0
2026-02-03T19:00:00Z,DE-LU,AT,2407.0,3599.0,-1990.0,0,0,0
2026-02-03T19:00:00Z,DE-LU,FR,2603.0,3561.0,-83.0,0,0,0
2026-02-03T19:00:00Z,DE-LU,NL,2912.0,3372.0,2430.0,0,0,0
2026-02-03T19:00:00Z,DE-LU,PL,3510.0,4469.0,2383.0,0,0,0
2026-02-03T19:00:00Z,DE-LU,CZ,1139.0,1420.0,-407.0,0,0,0
2026-02-03T19:00:00Z,DE-LU,DK1,619.0,1128.0,-435.0,0,0,0
2026-02-03T20:00:00Z,DE-LU,AT,588.0,1186.0,-8.0,0,0,0
2026-02-03T20:00:00Z,DE-LU,FR,1309.0,3083.0,791.0,0,0,0
2026-02-03T20:00:00Z,DE-LU,NL,2805.0,3721.0,2613.0,0,0,0
2026-02-03T20:00:00Z,DE-LU,PL,2677.0,3163.0,2004.0,0,0,0
2026-02-03T20:00:00Z,DE-LU,CZ,2437.0,2617.0,-1497.0,0,0,0
2026-02-03T20:00:00Z,DE-LU,DK1,1846.0,3217.0,2534.0,0,0,0
2026-02-03T21:00:00Z,DE-LU,AT,1442.0,1940.0,-591.0,0,0,0
2026-02-03T21:00:00Z,DE-LU,FR,849.0,1573.0,-403.0,0,0,0
2026-02-03T21:00:00Z,DE-LU,NL,1700.0,1849.0,240.0,0,0,0
2026-02-03T21:00:00Z,DE-LU,PL,3092.0,4113.0,-707.0,0,0,0
2026-02-03T21:00:00Z,DE-LU,CZ,1987.0,2901.0,1930.0,0,0,0
2026-02-03T21:00:00Z,DE-LU,DK1,3492.0,3882.0,2274.0,0,0,0
2026-02-03T22:00:00Z,DE-LU,AT,3307.0,4477.0,2982.0,0,0,0
2026-02-03T22:00:00Z,DE-LU,FR,1805.0,3368.0,-1241.0,0,0,0
2026-02-03T22:00:00Z,DE-LU,NL,746.0,2269.0,794.0,1.16,0,0
2026-02-03T22:00:00Z,DE-LU,PL,304.0,912.0,-393.0,0.72,23.0,0
2026-02-03T22:00:00Z,DE-LU,CZ,1508.0,1763.0,-695.0,0,0,0
2026-02-03T22:00:00Z,DE-LU,DK1,1279.0,2397.0,-1639.0,0,0,0
2026-02-03T23:00:00Z,DE-LU,AT,2561.0,3344.0,-149.0,0,0,0
2026-02-03T23:00:00Z,DE-LU,FR,1482.0,2915.0,-910.0,0,0,0
2026-02-03T23:00:00Z,DE-LU,NL,2030.0,2869.0,-670.0,0,0,0
2026-02-03T23:00:00Z,DE-LU,PL,1093.0,3625.0,-1181.0,0,0,0
2026-02-03T23:00:00Z,DE-LU,CZ,1068.0,1299.0,-794.0,0,0,0
2026-02-03T23:00:00Z,DE-LU,DK1,704.0,949.0,622.0,0,0,0
2026-02-04T00:00:00Z,DE-LU,AT,1199.0,2217.0,1763.0,0,0,0
2026-02-04T00:00:00Z,DE-LU,FR,1707.0,2069.0,236.0,0,0,0
2026-02-04T00:00:00Z,DE-LU,NL,790.0,2043.0,803.0,1.3,0,0
2026-02-04T00:00:00Z,DE-LU,PL,1555.0,2698.0,-215.0,0,0,0
2026-02-04T00:00:00Z,DE-LU,CZ,1968.0,2918.0,1361.0,0,0,0
2026-02-04T00:00:00Z,DE-LU,DK1,530.0,965.0,688.0,0,0,0
2026-02-04T01:00:00Z,DE-LU,AT,3870.0,4178.0,-1575.0,0,0,0
2026-02-04T01:00:00Z,DE-LU,FR,385.0,960.0,571.0,0,0,0
2026-02-04T01:00:00Z,DE-LU,NL,1558.0,3267.0,-1852.0,0,0,0
2026-02-04T01:00:00Z,DE-LU,PL,1125.0,1835.0,-1294.0,0,0,0
2026-02-04T01:00:00Z,DE-LU,CZ,776.0,1946.0,387.0,9.44,0,1.0
2026-02-04T01:00:00Z,DE-LU,DK1,3634.0,3896.0,-426.0,0,0,0
2026-02-04T02:00:00Z,DE-LU,AT,1295.0,2677.0,-2052.0,0,0,0
2026-02-04T02:00:00Z,DE-LU,FR,995.0,1921.0,352.0,0,0,0
2026-02-04T02:00:00Z,DE-LU,NL,696.0,821.0,285.0,0,0,0
2026-02-04T02:00:00Z,DE-LU,PL,1360.0,2259.0,-784.0,0,0,0
2026-02-04T02:00:00Z,DE-LU,CZ,2167.0,2570.0,506.0,0,0,0
2026-02-04T02:00:00Z,DE-LU,DK1,1977.0,2676.0,-2099.0,0,0,0
2026-02-04T03:00:00Z,DE-LU,AT,2303.0,2432.0,1017.0,0,0,0
2026-02-04T03:00:00Z,DE-LU,FR,672.0,1803.0,670.0,0,0,0
2026-02-04T03:00:00Z,DE-LU,NL,1305.0,2271.0,-1697.0,0,0,0
2026-02-04T03:00:00Z,DE-LU,PL,1022.0,3346.0,2546.0,4.19,0,0
2026-02-04T03:00:00Z,DE-LU,CZ,2143.0,2961.0,987.0,0,0,0
2026-02-04T03:00:00Z,DE-LU,DK1,905.0,1201.0,798.0,0,0,0
2026-02-04T04:00:00Z,DE-LU,AT,1503.0,2043.0,735.0,0,0,0
2026-02-04T04:00:00Z,DE-LU,FR,1752.0,3413.0,-606.0,0,0,0
2026-02-04T04:00:00Z,DE-LU,NL,1506.0,1751.0,-689.0,0,0,0
2026-02-04T04:00:00Z,DE-LU,PL,737.0,2376.0,-1335.0,0,0,0
2026-02-04T04:00:00Z,DE-LU,CZ,1674.0,3505.0,-2727.0,0,0,0
2026-02-04T04:00:00Z,DE-LU,DK1,948.0,1487.0,-737.0,0,0,0
2026-02-04T05:00:00Z,DE-LU,AT,1982.0,2314.0,322.0,0,0,5.0
2026-02-04T05:00:00Z,DE-LU,FR,782.0,2196.0,-1401.0,4.25,1.0,0
2026-02-04T05:00:00Z,DE-LU,NL,2280.0,2431.0,-646.0,0,0,0
2026-02-04T05:00:00Z,DE-LU,PL,1420.0,1973.0,202.0,0,0,0
2026-02-04T05:00:00Z,DE-LU,CZ,2378.0,2649.0,2002.0,0,0,0
2026-02-04T05:00:00Z,DE-LU,DK1,1189.0,1579.0,-714.0,0,0,0
2026-02-04T06:00:00Z,DE-LU,AT,2397.0,2853.0,2091.0,0,0,0
2026-02-04T06:00:00Z,DE-LU,FR,668.0,2162.0,501.0,0,0,0
2026-02-04T06:00:00Z,DE-LU,NL,883.0,2082.0,721.0,0,0,0
2026-02-04T06:00:00Z,DE-LU,PL,1946.0,3845.0,-2784.0,0,0,0
2026-02-04T06:00:00Z,DE-LU,CZ,2585.0,3221.0,-2100.0,0,0,0
2026-02-04T06:00:00Z,DE-LU,DK1,1615.0,2577.0,-388.0,0,0,0
2026-02-04T07:00:00Z,DE-LU,AT,1759.0,3128.0,-1357.0,0,0,0
2026-02-04T07:00:00Z,DE-LU,FR,2681.0,3286.0,2557.0,0,0,0
2026-02-04T07:00:00Z,DE-LU,NL,527.0,1048.0,241.0,0,0,2.0
2026-02-04T07:00:00Z,DE-LU,PL,1293.0,2078.0,-536.0,0,0,0
2026-02-04T07:00:00Z,DE-LU,CZ,817.0,1974.0,1485.0,0,0,0
2026-02-04T07:00:00Z,DE-LU,DK1,1011.0,1115.0,258.0,0,0,0
2026-02-04T08:00:00Z,DE-LU,AT,594.0,816.0,315.0,0,0,0
2026-02-04T08:00:00Z,DE-LU,FR,800.0,2435.0,-1393.0,0,0,47.0
2026-02-04T08:00:00Z,DE-LU,NL,1579.0,1765.0,753.0,0,0,0
2026-02-04T08:00:00Z,DE-LU,PL,2455.0,4128.0,1855.0,0,0,0
2026-02-04T08:00:00Z,DE-LU,CZ,946.0,3151.0,157.0,13.47,111.0,0
2026-02-04T08:00:00Z,DE-LU,DK1,2499.0,3108.0,830.0,0,0,0
2026-02-04T09:00:00Z,DE-LU,AT,1805.0,2167.0,143.0,0,0,0
2026-02-04T09:00:00Z,DE-LU,FR,2110.0,2693.0,-1563.0,0,0,0
2026-02-04T09:00:00Z,DE-LU,NL,666.0,1011.0,793.0,0,0,0
2026-02-04T09:00:00Z,DE-LU,PL,1525.0,2927.0,-202.0,0,0,0
2026-02-04T09:00:00Z,DE-LU,CZ,1494.0,2914.0,644.0,0,0,0
2026-02-04T09:00:00Z,DE-LU,DK1,3220.0,3703.0,-1951.0,0,0,0
2026-02-04T10:00:00Z,DE-LU,AT,699.0,934.0,-691.0,0,0,0
2026-02-04T10:00:00Z,DE-LU,FR,930.0,1379.0,-1038.0,0,0,0
2026-02-04T10:00:00Z,DE-LU,NL,1607.0,2267.0,-688.0,0,0,0
2026-02-04T10:00:00Z,DE-LU,PL,2687.0,3585.0,2437.0,0,0,0
2026-02-04T10:00:00Z,DE-LU,CZ,1305.0,2002.0,-901.0,0,0,0
2026-02-04T10:00:00Z,DE-LU,DK1,2500.0,4334.0,-2514.0,0,0,0
2026-02-04T11:00:00Z,DE-LU,AT,381.0,907.0,333.0,0,0,0
2026-02-04T11:00:00Z,DE-LU,FR,3733.0,4196.0,1725.0,0,0,0
2026-02-04T11:00:00Z,DE-LU,NL,2571.0,4110.0,-1257.0,0,0,0
2026-02-04T11:00:00Z,DE-LU,PL,3629.0,4188.0,-456.0,0,0,0
2026-02-04T11:00:00Z,DE-LU,CZ,2451.0,4050.0,-1619.0,0,0,0
2026-02-04T11:00:00Z,DE-LU,DK1,3731.0,3997.0,-1596.0,0,0,0
2026-02-04T12:00:00Z,DE-LU,AT,1125.0,2582.0,-1469.0,0,0,0
2026-02-04T12:00:00Z,DE-LU,FR,1282.0,4104.0,-1478.0,9.52,0,0
2026-02-04T12:00:00Z,DE-LU,NL,2264.0,2463.0,-99.0,0,0,0
2026-02-04T12:00:00Z,DE-LU,PL,2290.0,2501.0,-1555.0,0,0,0
2026-02-04T12:00:00Z,DE-LU,CZ,1183.0,1380.0,1072.0,0,0,0
2026-02-04T12:00:00Z,DE-LU,DK1,2794.0,3740.0,-1263.0,0,0,0
2026-02-04T13:00:00Z,DE-LU,AT,2605.0,3842.0,2828.0,0,0,0
2026-02-04T13:00:00Z,DE-LU,FR,2180.0,3069.0,249.0,0,0,0
2026-02-04T13:00:00Z,DE-LU,NL,1746.0,4128.0,3302.0,0,0,0
2026-02-04T13:00:00Z,DE-LU,PL,1181.0,2116.0,-1249.0,0,0,0
2026-02-04T13:00:00Z,DE-LU,CZ,2548.0,3355.0,2077.0,0,0,0
2026-02-04T13:00:00Z,DE-LU,DK1,1362.0,3395.0,-2077.0,0,0,0
2026-02-04T14:00:00Z,DE-LU,AT,1751.0,2447.0,-813.0,0,0,0
2026-02-04T14:00:00Z,DE-LU,FR,2170.0,3909.0,2830.0,0,0,0
2026-02-04T14:00:00Z,DE-LU,NL,1327.0,2666.0,-1331.0,0,0,0
2026-02-04T14:00:00Z,DE-LU,PL,3306.0,3795.0,-2372.0,0,0,0
2026-02-04T14:00:00Z,DE-LU,CZ,1279.0,1749.0,-210.0,0,0,0
2026-02-04T14:00:00Z,DE-LU,DK1,2804.0,3144.0,750.0,0,0,0
2026-02-04T15:00:00Z,DE-LU,AT,1177.0,2484.0,-690.0,0,0,0
2026-02-04T15:00:00Z,DE-LU,FR,1843.0,2307.0,1092.0,0,0,0
2026-02-04T15:00:00Z,DE-LU,NL,510.0,1145.0,-310.0,0,0,0
2026-02-04T15:00:00Z,DE-LU,PL,541.0,1059.0,755.0,0,0,0
2026-02-04T15:00:00Z,DE-LU,CZ,1884.0,4421.0,1364.0,0,0,0
2026-02-04T15:00:00Z,DE-LU,DK1,1946.0,2692.0,-700.0,0,0,0
2026-02-04T16:00:00Z,DE-LU,AT,1767.0,3872.0,-2448.0,0,0,0
2026-02-04T16:00:00Z,DE-LU,FR,750.0,2105.0,711.0,4.79,0,0
2026-02-04T16:00:00Z,DE-LU,NL,2046.0,2978.0,-2193.0,0,0,0
2026-02-04T16:00:00Z,DE-LU,PL,3920.0,4445.0,-1249.0,0,0,0
2026-02-04T16:00:00Z,DE-LU,CZ,2744.0,2973.0,-2323.0,0,0,0
2026-02-04T16:00:00Z,DE-LU,DK1,888.0,1437.0,853.0,0,0,0
2026-02-04T17:00:00Z,DE-LU,AT,1493.0,2069.0,-1001.0,0,0,0
2026-02-04T17:00:00Z,DE-LU,FR,1380.0,3221.0,2205.0,0,0,0
2026-02-04T17:00:00Z,DE-LU,NL,2237.0,4086.0,3222.0,0,0,0
2026-02-04T17:00:00Z,DE-LU,PL,882.0,1311.0,-232.0,0,0,0
2026-02-04T17:00:00Z,DE-LU,CZ,1454.0,2427.0,1725.0,0,0,0
2026-02-04T17:00:00Z,DE-LU,DK1,788.0,1153.0,893.0,0,0,0
2026-02-04T18:00:00Z,DE-LU,AT,1028.0,2360.0,-965.0,0,0,0
2026-02-04T18:00:00Z,DE-LU,FR,2652.0,4178.0,-1586.0,0,0,0
2026-02-04T18:00:00Z,DE-LU,NL,3896.0,4478.0,-1240.0,0,0,0
2026-02-04T18:00:00Z,DE-LU,PL,1030.0,2792.0,1249.0,8.59,79.0,0
2026-02-04T18:00:00Z,DE-LU,CZ,1804.0,2017.0,-1159.0,0,0,24.0
2026-02-04T18:00:00Z,DE-LU,DK1,1512.0,2090.0,-1565.0,0,0,0
2026-02-04T19:00:00Z,DE-LU,AT,3938.0,4176.0,-184.0,0,0,0
2026-02-04T19:00:00Z,DE-LU,FR,1330.0,4292.0,3048.0,0,0,0
2026-02-04T19:00:00Z,DE-LU,NL,2660.0,3827.0,-3035.0,0,0,0
2026-02-04T19:00:00Z,DE-LU,PL,977.0,1088.0,-433.0,0,0,0
2026-02-04T19:00:00Z,DE-LU,CZ,385.0,1176.0,562.0,3.0,0,0
2026-02-04T19:00:00Z,DE-LU,DK1,1809.0,3347.0,-2448.0,0,0,0
2026-02-04T20:00:00Z,DE-LU,AT,958.0,2255.0,-444.0,0,0,0
2026-02-04T20:00:00Z,DE-LU,FR,1396.0,2452.0,-959.0,0,0,0
2026-02-04T20:00:00Z,DE-LU,NL,766.0,1572.0,360.0,0,0,0
2026-02-04T20:00:00Z,DE-LU,PL,2382.0,2752.0,162.0,0,0,0
2026-02-04T20:00:00Z,DE-LU,CZ,571.0,1897.0,-215.0,0,0,0
2026-02-04T20:00:00Z,DE-LU,DK1,431.0,1058.0,-836.0,0,0,0
2026-02-04T21:00:00Z,DE-LU,AT,1762.0,2614.0,1308.0,0,0,0
2026-02-04T21:00:00Z,DE-LU,FR,2327.0,2616.0,726.0,0,0,0
2026-02-04T21:00:00Z,DE-LU,NL,1894.0,3068.0,-1758.0,0,0,0
2026-02-04T21:00:00Z,DE-LU,PL,456.0,1065.0,109.0,0,0,0
2026-02-04T21:00:00Z,DE-LU,CZ,2292.0,2620.0,1387.0,0,0,0
2026-02-04T21:00:00Z,DE-LU,DK1,1847.0,3420.0,-1198.0,0,0,0
2026-02-04T22:00:00Z,DE-LU,AT,1035.0,1748.0,163.0,0,0,0
2026-02-04T22:00:00Z,DE-LU,FR,1145.0,1247.0,242.0,0,0,0
2026-02-04T22:00:00Z,DE-LU,NL,1681.0,4079.0,1156.0,0,0,0
2026-02-04T22:00:00Z,DE-LU,PL,2281.0,4397.0,332.0,0,0,0
2026-02-04T22:00:00Z,DE-LU,CZ,1237.0,2452.0,-736.0,0,0,0
2026-02-04T22:00:00Z,DE-LU,DK1,1468.0,2317.0,-1455.0,0,0,0
2026-02-04T23:00:00Z,DE-LU,AT,741.0,1569.0,1203.0,0,0,0
2026-02-04T23:00:00Z,DE-LU,FR,1099.0,1316.0,-128.0,0,0,0
2026-02-04T23:00:00Z,DE-LU,NL,1166.0,3334.0,2103.0,5.97,0,0
2026-02-04T23:00:00Z,DE-LU,PL,1340.0,3192.0,383.0,0,0,0
2026-02-04T23:00:00Z,DE-LU,CZ,350.0,925.0,592.0,2.03,0,0
2026-02-04T23:00:00Z,DE-LU,DK1,1753.0,2695.0,-454.0,0,0,0
2026-02-05T00:00:00Z,DE-LU,AT,1994.0,2099.0,782.0,0,0,0
2026-02-05T00:00:00Z,DE-LU,FR,2614.0,4043.0,-202.0,0,0,0
2026-02-05T00:00:00Z,DE-LU,NL,1389.0,4105.0,924.0,2.51,29.0,0
2026-02-05T00:00:00Z,DE-LU,PL,463.0,842.0,-469.0,0,0,0
2026-02-05T00:00:00Z,DE-LU,CZ,2873.0,4491.0,-1767.0,0,0,0
2026-02-05T00:00:00Z,DE-LU,DK1,2799.0,3156.0,-1765.0,0,0,0
2026-02-05T01:00:00Z,DE-LU,AT,1722.0,2908.0,140.0,0,0,0
2026-02-05T01:00:00Z,DE-LU,FR,2439.0,4014.0,-2409.0,0,0,0
2026-02-05T01:00:00Z,DE-LU,NL,750.0,1618.0,-588.0,0,0,0
2026-02-05T01:00:00Z,DE-LU,PL,1418.0,2187.0,774.0,0,0,0
2026-02-05T01:00:00Z,DE-LU,CZ,1541.0,3520.0,-648.0,0,0,0
2026-02-05T01:00:00Z,DE-LU,DK1,581.0,1098.0,-120.0,0,0,0
2026-02-05T02:00:00Z,DE-LU,AT,1150.0,1289.0,1003.0,0,0,0
2026-02-05T02:00:00Z,DE-LU,FR,1133.0,2822.0,397.0,0,0,0
2026-02-05T02:00:00Z,DE-LU,NL,1225.0,2341.0,-43.0,0,0,0
2026-02-05T02:00:00Z,DE-LU,PL,3711.0,4024.0,183.0,0,0,0
2026-02-05T02:00:00Z,DE-LU,CZ,1466.0,1960.0,855.0,0,0,0
2026-02-05T02:00:00Z,DE-LU,DK1,3677.0,4315.0,2601.0,0,0,0
2026-02-05T03:00:00Z,DE-LU,AT,2786.0,3151.0,1235.0,0,0,0
2026-02-05T03:00:00Z,DE-LU,FR,1462.0,1797.0,-718.0,0,0,0
2026-02-05T03:00:00Z,DE-LU,NL,877.0,924.0,-513.0,0,0,0
2026-02-05T03:00:00Z,DE-LU,PL,1793.0,3427.0,-2496.0,0,0,0
2026-02-05T03:00:00Z,DE-LU,CZ,581.0,1913.0,610.0,3.58,6.0,0
2026-02-05T03:00:00Z,DE-LU,DK1,560.0,966.0,479.0,0,0,0
2026-02-05T04:00:00Z,DE-LU,AT,3247.0,4423.0,1536.0,0,0,0
2026-02-05T04:00:00Z,DE-LU,FR,612.0,2011.0,337.0,3.01,0,0
2026-02-05T04:00:00Z,DE-LU,NL,805.0,2103.0,1089.0,0,0,0
2026-02-05T04:00:00Z,DE-LU,PL,403.0,961.0,584.0,0,0,0
2026-02-05T04:00:00Z,DE-LU,CZ,1045.0,1392.0,1047.0,0,0,0
2026-02-05T04:00:00Z,DE-LU,DK1,1582.0,1933.0,366.0,0,0,0
2026-02-05T05:00:00Z,DE-LU,AT,673.0,1011.0,-0.0,0,0,0
2026-02-05T05:00:00Z,DE-LU,FR,643.0,1948.0,683.0,0.39,0,0
2026-02-05T05:00:00Z,DE-LU,NL,666.0,1671.0,1019.0,4.82,77.0,0
2026-02-05T05:00:00Z,DE-LU,PL,1229.0,1938.0,245.0,0,0,0
2026-02-05T05:00:00Z,DE-LU,CZ,2580.0,3784.0,-1428.0,0,0,20.0
2026-02-05T05:00:00Z,DE-LU,DK1,1654.0,2801.0,-1901.0,0,0,0
2026-02-05T06:00:00Z,DE-LU,AT,1861.0,4151.0,2737.0,0,0,0
2026-02-05T06:00:00Z,DE-LU,FR,3823.0,4189.0,1726.0,0,0,0
2026-02-05T06:00:00Z,DE-LU,NL,1458.0,4115.0,-1514.0,0,0,0
2026-02-05T06:00:00Z,DE-LU,PL,2696.0,2935.0,-867.0,0,0,0
2026-02-05T06:00:00Z,DE-LU,CZ,1163.0,2001.0,-1028.0,0,0,0
2026-02-05T06:00:00Z,DE-LU,DK1,3531.0,3815.0,-2811.0,0,0,0
2026-02-05T07:00:00Z,DE-LU,AT,345.0,1009.0,-152.0,0,0,0
2026-02-05T07:00:00Z,DE-LU,FR,846.0,2249.0,-915.0,0,0,0
2026-02-05T07:00:00Z,DE-LU,NL,2297.0,2835.0,-273.0,0,0,0
2026-02-05T07:00:00Z,DE-LU,PL,1018.0,2375.0,1734.0,0,0,0
2026-02-05T07:00:00Z,DE-LU,CZ,3062.0,3781.0,-2049.0,0,0,0
2026-02-05T07:00:00Z,DE-LU,DK1,635.0,1593.0,-1169.0,0.47,19.0,11.0
2026-02-05T08:00:00Z,DE-LU,AT,2221.0,2630.0,1807.0,0,0,0
2026-02-05T08:00:00Z,DE-LU,FR,1023.0,1100.0,-812.0,0,0,0
2026-02-05T08:00:00Z,DE-LU,NL,2320.0,2984.0,-1983.0,0,0,0
2026-02-05T08:00:00Z,DE-LU,PL,2127.0,2767.0,1708.0,0,0,0
2026-02-05T08:00:00Z,DE-LU,CZ,757.0,2323.0,-1425.0,0,0,0
2026-02-05T08:00:00Z,DE-LU,DK1,344.0,884.0,-665.0,7.64,7.0,0
2026-02-05T09:00:00Z,DE-LU,AT,1515.0,3292.0,885.0,0,0,0
2026-02-05T09:00:00Z,DE-LU,FR,566.0,835.0,491.0,0,0,0
2026-02-05T09:00:00Z,DE-LU,NL,1635.0,4120.0,-2107.0,10.08,22.0,0
2026-02-05T09:00:00Z,DE-LU,PL,1525.0,3835.0,697.0,6.8,13.0,0
2026-02-05T09:00:00Z,DE-LU,CZ,1180.0,1248.0,672.0,0,0,0
2026-02-05T09:00:00Z,DE-LU,DK1,1247.0,2424.0,494.0,0,0,0
2026-02-05T10:00:00Z,DE-LU,AT,1525.0,1726.0,1126.0,0,0,0
2026-02-05T10:00:00Z,DE-LU,FR,1529.0,2722.0,1370.0,0,0,0
2026-02-05T10:00:00Z,DE-LU,NL,1721.0,2065.0,69.0,0,0,0
2026-02-05T10:00:00Z,DE-LU,PL,870.0,1024.0,-183.0,0,0,0
2026-02-05T10:00:00Z,DE-LU,CZ,414.0,1055.0,134.0,0,0,0
2026-02-05T10:00:00Z,DE-LU,DK1,1416.0,3301.0,1093.0,0,0,0
2026-02-05T11:00:00Z,DE-LU,AT,2298.0,4056.0,-1329.0,0,0,0
2026-02-05T11:00:00Z,DE-LU,FR,1294.0,2146.0,-573.0,0,0,0
2026-02-05T11:00:00Z,DE-LU,NL,2421.0,3980.0,2538.0,0,0,0
2026-02-05T11:00:00Z,DE-LU,PL,1097.0,1165.0,-773.0,0,0,0
2026-02-05T11:00:00Z,DE-LU,CZ,1237.0,2386.0,-1365.0,0,0,0
2026-02-05T11:00:00Z,DE-LU,DK1,1186.0,3726.0,1967.0,0,0,0
2026-02-05T12:00:00Z,DE-LU,AT,1815.0,4280.0,-134.0,0,0,0
2026-02-05T12:00:00Z,DE-LU,FR,2050.0,2261.0,-719.0,0,0,0
2026-02-05T12:00:00Z,DE-LU,NL,1553.0,2412.0,-816.0,0,0,0
2026-02-05T12:00:00Z,DE-LU,PL,1853.0,2219.0,-536.0,0,0,0
2026-02-05T12:00:00Z,DE-LU,CZ,1523.0,3867.0,140.0,6.64,115.0,0
2026-02-05T12:00:00Z,DE-LU,DK1,1768.0,1984.0,1379.0,0,0,0
2026-02-05T13:00:00Z,DE-LU,AT,1550.0,1765.0,-374.0,0,0,0
2026-02-05T13:00:00Z,DE-LU,FR,2755.0,3362.0,-1998.0,0,0,0
2026-02-05T13:00:00Z,DE-LU,NL,1027.0,2168.0,-67.0,0,0,0
2026-02-05T13:00:00Z,DE-LU,PL,898.0,1575.0,711.0,0,0,0
2026-02-05T13:00:00Z,DE-LU,CZ,1466.0,2726.0,523.0,0,0,0
2026-02-05T13:00:00Z,DE-LU,DK1,2020.0,4196.0,-120.0,0,0,0
2026-02-05T14:00:00Z,DE-LU,AT,1986.0,2614.0,1651.0,0,0,0
2026-02-05T14:00:00Z,DE-LU,FR,1324.0,1831.0,-925.0,0,0,0
2026-02-05T14:00:00Z,DE-LU,NL,849.0,1634.0,204.0,0,0,0
2026-02-05T14:00:00Z,DE-LU,PL,1078.0,1887.0,-1196.0,0,0,0
2026-02-05T14:00:00Z,DE-LU,CZ,772.0,1825.0,1047.0,0,0,0
2026-02-05T14:00:00Z,DE-LU,DK1,476.0,1144.0,-642.0,0,0,0
2026-02-05T15:00:00Z,DE-LU,AT,3793.0,4265.0,-650.0,0,0,0
2026-02-05T15:00:00Z,DE-LU,FR,2933.0,3813.0,-1418.0,0,0,0
2026-02-05T15:00:00Z,DE-LU,NL,3258.0,3797.0,342.0,0,0,0
2026-02-05T15:00:00Z,DE-LU,PL,2033.0,2262.0,-819.0,0,0,0
2026-02-05T15:00:00Z,DE-LU,CZ,1823.0,3702.0,1114.0,0,0,0
2026-02-05T15:00:00Z,DE-LU,DK1,1368.0,1761.0,383.0,0,0,0
2026-02-05T16:00:00Z,DE-LU,AT,1490.0,1944.0,-1153.0,0,0,0
2026-02-05T16:00:00Z,DE-LU,FR,487.0,939.0,202.0,0,0,0
2026-02-05T16:00:00Z,DE-LU,NL,604.0,1530.0,293.0,0,0,0
2026-02-05T16:00:00Z,DE-LU,PL,879.0,1566.0,-402.0,0,0,0
2026-02-05T16:00:00Z,DE-LU,CZ,961.0,2836.0,869.0,6.65,0,0
2026-02-05T16:00:00Z,DE-LU,DK1,579.0,953.0,-378.0,0,0,0
2026-02-05T17:00:00Z,DE-LU,AT,1877.0,4377.0,-2916.0,0,0,0
2026-02-05T17:00:00Z,DE-LU,FR,848.0,1451.0,923.0,0,0,0
2026-02-05T17:00:00Z,DE-LU,NL,3650.0,4309.0,1674.0,0,0,0
2026-02-05T17:00:00Z,DE-LU,PL,1162.0,3516.0,822.0,0,0,0
2026-02-05T17:00:00Z,DE-LU,CZ,1132.0,2132.0,-1370.0,0,0,0
2026-02-05T17:00:00Z,DE-LU,DK1,3248.0,4177.0,2960.0,0,0,0
2026-02-05T18:00:00Z,DE-LU,AT,1673.0,1854.0,-465.0,0,0,0
2026-02-05T18:00:00Z,DE-LU,FR,640.0,2027.0,-880.0,4.07,0,0
2026-02-05T18:00:00Z,DE-LU,NL,1056.0,3244.0,1094.0,0.37,37.0,0
2026-02-05T18:00:00Z,DE-LU,PL,998.0,1986.0,1400.0,0,0,0
2026-02-05T18:00:00Z,DE-LU,CZ,721.0,1468.0,660.0,0,0,0
2026-02-05T18:00:00Z,DE-LU,DK1,1319.0,3073.0,1299.0,0,0,0
2026-02-05T19:00:00Z,DE-LU,AT,359.0,1132.0,-266.0,0,0,0
2026-02-05T19:00:00Z,DE-LU,FR,820.0,1626.0,-570.0,0,0,0
2026-02-05T19:00:00Z,DE-LU,NL,2421.0,4090.0,-1476.0,0,0,0
2026-02-05T19:00:00Z,DE-LU,PL,788.0,875.0,-415.0,0,0,0
2026-02-05T19:00:00Z,DE-LU,CZ,1899.0,4154.0,-1318.0,0,0,0
2026-02-05T19:00:00Z,DE-LU,DK1,1157.0,3220.0,1915.0,2.32,59.0,0
2026-02-05T20:00:00Z,DE-LU,AT,2129.0,2990.0,-15.0,0,0,0
2026-02-05T20:00:00Z,DE-LU,FR,1472.0,2106.0,-1522.0,0,0,0
2026-02-05T20:00:00Z,DE-LU,NL,811.0,2137.0,-1701.0,10.34,0,0
2026-02-05T20:00:00Z,DE-LU,PL,1741.0,3489.0,-2519.0,0,0,0
2026-02-05T20:00:00Z,DE-LU,CZ,1927.0,3088.0,-146.0,0,0,0
2026-02-05T20:00:00Z,DE-LU,DK1,3927.0,4481.0,400.0,0,0,0
2026-02-05T21:00:00Z,DE-LU,AT,1184.0,2712.0,836.0,0,0,0
2026-02-05T21:00:00Z,DE-LU,FR,2092.0,2324.0,446.0,0,0,0
2026-02-05T21:00:00Z,DE-LU,NL,1975.0,2193.0,-1275.0,0,0,0
2026-02-05T21:00:00Z,DE-LU,PL,3663.0,4264.0,2570.0,0,0,0
2026-02-05T21:00:00Z,DE-LU,CZ,2510.0,3845.0,-518.0,0,0,0
2026-02-05T21:00:00Z,DE-LU,DK1,653.0,2045.0,-1266.0,4.76,73.0,0
2026-02-05T22:00:00Z,DE-LU,AT,714.0,1471.0,-583.0,0,0,0
2026-02-05T22:00:00Z,DE-LU,FR,1310.0,2910.0,530.0,0,0,0
2026-02-05T22:00:00Z,DE-LU,NL,1387.0,2734.0,1372.0,0,0,0
2026-02-05T22:00:00Z,DE-LU,PL,1078.0,1152.0,834.0,0,0,0
2026-02-05T22:00:00Z,DE-LU,CZ,406.0,1106.0,539.0,0,0,0
2026-02-05T22:00:00Z,DE-LU,DK1,2288.0,3038.0,1821.0,0,0,0
2026-02-05T23:00:00Z,DE-LU,AT,1680.0,3963.0,-924.0,0,0,0
2026-02-05T23:00:00Z,DE-LU,FR,1622.0,1893.0,-1.0,0,0,0
2026-02-05T23:00:00Z,DE-LU,NL,1159.0,2294.0,-1267.0,0,0,0
2026-02-05T23:00:00Z,DE-LU,PL,988.0,2213.0,-867.0,0,0,0
2026-02-05T23:00:00Z,DE-LU,CZ,1254.0,1801.0,-1108.0,0,0,0
2026-02-05T23:00:00Z,DE-LU,DK1,2145.0,2359.0,862.0,0,0,0
2026-02-06T00:00:00Z,DE-LU,AT,2222.0,3931.0,511.0,0,0,0
2026-02-06T00:00:00Z,DE-LU,FR,1977.0,2521.0,-1916.0,0,0,0
2026-02-06T00:00:00Z,DE-LU,NL,673.0,931.0,-19.0,0,0,0
2026-02-06T00:00:00Z,DE-LU,PL,1921.0,3181.0,1333.0,0,0,0
2026-02-06T00:00:00Z,DE-LU,CZ,1154.0,2208.0,-1644.0,0,0,0
2026-02-06T00:00:00Z,DE-LU,DK1,804.0,979.0,-672.0,0,0,0
2026-02-06T01:00:00Z,DE-LU,AT,1745.0,2026.0,-639.0,0,0,0
2026-02-06T01:00:00Z,DE-LU,FR,587.0,1643.0,442.0,0,0,0
2026-02-06T01:00:00Z,DE-LU,NL,2967.0,3920.0,-2968.0,0,0,0
2026-02-06T01:00:00Z,DE-LU,PL,972.0,3097.0,954.0,0,0,0
2026-02-06T01:00:00Z,DE-LU,CZ,1855.0,3343.0,-2553.0,0,0,0
2026-02-06T01:00:00Z,DE-LU,DK1,593.0,812.0,-609.0,0,0,0
2026-02-06T02:00:00Z,DE-LU,AT,2561.0,2983.0,-1691.0,0,0,0
2026-02-06T02:00:00Z,DE-LU,FR,1337.0,4206.0,-499.0,6.42,0,0
2026-02-06T02:00:00Z,DE-LU,NL,2855.0,4058.0,1612.0,0,0,0
2026-02-06T02:00:00Z,DE-LU,PL,3253.0,3690.0,-2763.0,0,0,0
2026-02-06T02:00:00Z,DE-LU,CZ,1683.0,2701.0,89.0,0,0,0
2026-02-06T02:00:00Z,DE-LU,DK1,2528.0,3166.0,2456.0,0,0,0
2026-02-06T03:00:00Z,DE-LU,AT,1379.0,2745.0,-1200.0,0,0,0
2026-02-06T03:00:00Z,DE-LU,FR,3476.0,3914.0,-1154.0,0,0,0
2026-02-06T03:00:00Z,DE-LU,NL,771.0,928.0,689.0,0,0,0
2026-02-06T03:00:00Z,DE-LU,PL,2179.0,2663.0,1523.0,0,0,0
2026-02-06T03:00:00Z,DE-LU,CZ,3349.0,4446.0,1556.0,0,0,0
2026-02-06T03:00:00Z,DE-LU,DK1,393.0,1211.0,934.0,0,0,0
2026-02-06T04:00:00Z,DE-LU,AT,2023.0,2179.0,495.0,0,0,0
2026-02-06T04:00:00Z,DE-LU,FR,3428.0,4133.0,-431.0,0,0,0
2026-02-06T04:00:00Z,DE-LU,NL,2386.0,4009.0,238.0,0,0,0
2026-02-06T04:00:00Z,DE-LU,PL,1863.0,3057.0,-471.0,0,0,0
2026-02-06T04:00:00Z,DE-LU,CZ,2705.0,3472.0,-1894.0,0,0,0
2026-02-06T04:00:00Z,DE-LU,DK1,1919.0,3257.0,924.0,0,0,0
2026-02-06T05:00:00Z,DE-LU,AT,1254.0,2571.0,123.0,0,0,0
2026-02-06T05:00:00Z,DE-LU,FR,633.0,1035.0,-668.0,0,0,0
2026-02-06T05:00:00Z,DE-LU,NL,1177.0,3431.0,98.0,0,0,0
2026-02-06T05:00:00Z,DE-LU,PL,292.0,969.0,703.0,0,0,0
2026-02-06T05:00:00Z,DE-LU,CZ,491.0,1171.0,-425.0,0,0,0
2026-02-06T05:00:00Z,DE-LU,DK1,1082.0,1518.0,808.0,0,0,0
2026-02-06T06:00:00Z,DE-LU,AT,1460.0,2129.0,1617.0,0,0,0
2026-02-06T06:00:00Z,DE-LU,FR,689.0,1508.0,805.0,0,0,0
2026-02-06T06:00:00Z,DE-LU,NL,2473.0,4434.0,-1267.0,0,0,0
2026-02-06T06:00:00Z,DE-LU,PL,3734.0,4297.0,3201.0,0,0,0
2026-02-06T06:00:00Z,DE-LU,CZ,3369.0,3840.0,1604.0,0,0,0
2026-02-06T06:00:00Z,DE-LU,DK1,508.0,1285.0,195.0,0,0,0
2026-02-06T07:00:00Z,DE-LU,AT,2878.0,3714.0,-595.0,0,0,0
2026-02-06T07:00:00Z,DE-LU,FR,973.0,1391.0,-379.0,0,0,0
2026-02-06T07:00:00Z,DE-LU,NL,990.0,2239.0,1703.0,0,0,0
2026-02-06T07:00:00Z,DE-LU,PL,1027.0,1474.0,-727.0,0,0,0
2026-02-06T07:00:00Z,DE-LU,CZ,954.0,1219.0,576.0,0,0,0
2026-02-06T07:00:00Z,DE-LU,DK1,1503.0,2815.0,-1078.0,0,0,0
2026-02-06T08:00:00Z,DE-LU,AT,709.0,1463.0,813.0,0,0,0
2026-02-06T08:00:00Z,DE-LU,FR,890.0,1700.0,-1312.0,0,0,0
2026-02-06T08:00:00Z,DE-LU,NL,3365.0,3807.0,-2189.0,0,0,0
2026-02-06T08:00:00Z,DE-LU,PL,988.0,1387.0,812.0,0,0,0
2026-02-06T08:00:00Z,DE-LU,CZ,1647.0,2169.0,-1266.0,0,0,0
2026-02-06T08:00:00Z,DE-LU,DK1,1797.0,3394.0,-1125.0,0,0,0
2026-02-06T09:00:00Z,DE-LU,AT,856.0,2228.0,-1175.0,8.55,6.0,0
2026-02-06T09:00:00Z,DE-LU,FR,1777.0,2068.0,-582.0,0,0,0
2026-02-06T09:00:00Z,DE-LU,NL,2984.0,4097.0,-2636.0,0,0,0
2026-02-06T09:00:00Z,DE-LU,PL,1456.0,1848.0,-1431.0,0,0,0
2026-02-06T09:00:00Z,DE-LU,CZ,1685.0,3980.0,-1821.0,0,0,0
2026-02-06T09:00:00Z,DE-LU,DK1,1909.0,2973.0,-502.0,0,0,19.0
2026-02-06T10:00:00Z,DE-LU,AT,1043.0,3362.0,-2228.0,0.41,4.0,0
2026-02-06T10:00:00Z,DE-LU,FR,974.0,2496.0,-992.0,0,0,0
2026-02-06T10:00:00Z,DE-LU,NL,793.0,1906.0,-318.0,0,0,0
2026-02-06T10:00:00Z,DE-LU,PL,1172.0,2603.0,-1801.0,0,0,0
2026-02-06T10:00:00Z,DE-LU,CZ,2659.0,3916.0,762.0,0,0,0
2026-02-06T10:00:00Z,DE-LU,DK1,1860.0,2416.0,1036.0,0,0,0
2026-02-06T11:00:00Z,DE-LU,AT,1879.0,2062.0,470.0,0,0,0
2026-02-06T11:00:00Z,DE-LU,FR,1074.0,2717.0,-1536.0,0,0,0
2026-02-06T11:00:00Z,DE-LU,NL,2143.0,3942.0,-1377.0,0,0,0
2026-02-06T11:00:00Z,DE-LU,PL,1553.0,2054.0,1257.0,0,0,0
2026-02-06T11:00:00Z,DE-LU,CZ,1098.0,2299.0,1376.0,0,0,0
2026-02-06T11:00:00Z,DE-LU,DK1,2817.0,3638.0,-1296.0,0,0,0
2026-02-06T12:00:00Z,DE-LU,AT,2565.0,3195.0,854.0,0,0,0
2026-02-06T12:00:00Z,DE-LU,FR,1621.0,3624.0,-930.0,0,0,0
2026-02-06T12:00:00Z,DE-LU,NL,2098.0,4359.0,-479.0,0,0,0
2026-02-06T12:00:00Z,DE-LU,PL,2646.0,3068.0,17.0,0,0,0
2026-02-06T12:00:00Z,DE-LU,CZ,1466.0,2583.0,-272.0,0,0,0
2026-02-06T12:00:00Z,DE-LU,DK1,462.0,1201.0,-371.0,0,0,0
2026-02-06T13:00:00Z,DE-LU,AT,2432.0,3128.0,-945.0,0,0,0
2026-02-06T13:00:00Z,DE-LU,FR,1560.0,2549.0,1542.0,0,0,0
2026-02-06T13:00:00Z,DE-LU,NL,2653.0,3659.0,293.0,0,0,0
2026-02-06T13:00:00Z,DE-LU,PL,549.0,1608.0,69.0,3.39,48.0,0
2026-02-06T13:00:00Z,DE-LU,CZ,1615.0,3318.0,2317.0,0,0,0
2026-02-06T13:00:00Z,DE-LU,DK1,2536.0,3202.0,-2264.0,0,0,0
2026-02-06T14:00:00Z,DE-LU,AT,930.0,1924.0,298.0,0,0,0
2026-02-06T14:00:00Z,DE-LU,FR,1067.0,2511.0,-83.0,0,0,0
2026-02-06T14:00:00Z,DE-LU,NL,2306.0,3932.0,1217.0,0,0,0
2026-02-06T14:00:00Z,DE-LU,PL,1582.0,3573.0,1806.0,0,0,0
2026-02-06T14:00:00Z,DE-LU,CZ,3479.0,3863.0,-840.0,0,0,0
2026-02-06T14:00:00Z,DE-LU,DK1,540.0,1267.0,-625.0,0,0,0
2026-02-06T15:00:00Z,DE-LU,AT,1408.0,3343.0,-1128.0,0,0,0
2026-02-06T15:00:00Z,DE-LU,FR,1436.0,3717.0,184.0,0,0,0
2026-02-06T15:00:00Z,DE-LU,NL,3013.0,3839.0,-28.0,0,0,0
2026-02-06T15:00:00Z,DE-LU,PL,1507.0,2761.0,1678.0,0,0,0
2026-02-06T15:00:00Z,DE-LU,CZ,3304.0,3668.0,84.0,0,0,0
2026-02-06T15:00:00Z,DE-LU,DK1,885.0,1264.0,-204.0,0,0,0
2026-02-06T16:00:00Z,DE-LU,AT,954.0,2564.0,1761.0,0,0,0
2026-02-06T16:00:00Z,DE-LU,FR,1488.0,2825.0,-1008.0,0,0,0
2026-02-06T16:00:00Z,DE-LU,NL,1779.0,2686.0,-1128.0,0,0,0
2026-02-06T16:00:00Z,DE-LU,PL,476.0,1546.0,-800.0,0,0,0
2026-02-06T16:00:00Z,DE-LU,CZ,1691.0,4339.0,1494.0,0,0,0
2026-02-06T16:00:00Z,DE-LU,DK1,1344.0,4237.0,-764.0,7.01,0,0
2026-02-06T17:00:00Z,DE-LU,AT,569.0,1629.0,116.0,0,0,0
2026-02-06T17:00:00Z,DE-LU,FR,923.0,2351.0,-632.0,1.82,2.0,0
2026-02-06T17:00:00Z,DE-LU,NL,2628.0,3511.0,-1870.0,0,0,0
2026-02-06T17:00:00Z,DE-LU,PL,1225.0,2109.0,-291.0,0,0,0
2026-02-06T17:00:00Z,DE-LU,CZ,3173.0,3350.0,653.0,0,0,0
2026-02-06T17:00:00Z,DE-LU,DK1,1788.0,2727.0,-328.0,0,0,0
2026-02-06T18:00:00Z,DE-LU,AT,3147.0,3713.0,-2926.0,0,0,0
2026-02-06T18:00:00Z,DE-LU,FR,924.0,2832.0,-428.0,1.43,14.0,0
2026-02-06T18:00:00Z,DE-LU,NL,3228.0,4087.0,-1261.0,0,0,0
2026-02-06T18:00:00Z,DE-LU,PL,394.0,988.0,-242.0,0,0,0
2026-02-06T18:00:00Z,DE-LU,CZ,769.0,2083.0,192.0,0.15,0,0
2026-02-06T18:00:00Z,DE-LU,DK1,1731.0,3517.0,2542.0,0,0,0
2026-02-06T19:00:00Z,DE-LU,AT,3233.0,3687.0,-1751.0,0,0,0
2026-02-06T19:00:00Z,DE-LU,FR,1164.0,2049.0,-1493.0,0,0,0
2026-02-06T19:00:00Z,DE-LU,NL,714.0,1024.0,-270.0,0,0,0
2026-02-06T19:00:00Z,DE-LU,PL,1117.0,2630.0,-1722.0,0,0,0
2026-02-06T19:00:00Z,DE-LU,CZ,796.0,1729.0,-147.0,0,0,0
2026-02-06T19:00:00Z,DE-LU,DK1,2134.0,4357.0,-3087.0,0,0,0
2026-02-06T20:00:00Z,DE-LU,AT,1879.0,3827.0,-88.0,0,0,0
2026-02-06T20:00:00Z,DE-LU,FR,2440.0,3472.0,1026.0,0,0,0
2026-02-06T20:00:00Z,DE-LU,NL,3450.0,3979.0,419.0,0,0,0
2026-02-06T20:00:00Z,DE-LU,PL,1228.0,1471.0,915.0,0,0,0
2026-02-06T20:00:00Z,DE-LU,CZ,2222.0,3415.0,811.0,0,0,0
2026-02-06T20:00:00Z,DE-LU,DK1,2563.0,3509.0,2498.0,0,0,0
2026-02-06T21:00:00Z,DE-LU,AT,428.0,1240.0,94.0,9.46,0,0
2026-02-06T21:00:00Z,DE-LU,FR,1622.0,2056.0,1257.0,0,0,0
2026-02-06T21:00:00Z,DE-LU,NL,2360.0,3201.0,-2118.0,0,0,0
2026-02-06T21:00:00Z,DE-LU,PL,1698.0,2055.0,-431.0,0,0,11.0
2026-02-06T21:00:00Z,DE-LU,CZ,2424.0,3253.0,-1982.0,0,0,0
2026-02-06T21:00:00Z,DE-LU,DK1,2847.0,3012.0,-2154.0,0,0,0
2026-02-06T22:00:00Z,DE-LU,AT,1221.0,1490.0,-942.0,0,0,0
2026-02-06T22:00:00Z,DE-LU,FR,2269.0,4250.0,553.0,0,0,0
2026-02-06T22:00:00Z,DE-LU,NL,1811.0,2591.0,1515.0,0,0,0
2026-02-06T22:00:00Z,DE-LU,PL,1723.0,2661.0,1547.0,0,0,0
2026-02-06T22:00:00Z,DE-LU,CZ,1749.0,3745.0,1699.0,0,0,0
2026-02-06T22:00:00Z,DE-LU,DK1,1340.0,3471.0,-2405.0,12.42,0,0
2026-02-06T23:00:00Z,DE-LU,AT,1525.0,2667.0,-1844.0,0,0,0
2026-02-06T23:00:00Z,DE-LU,FR,2281.0,3123.0,-1695.0,0,0,0
2026-02-06T23:00:00Z,DE-LU,NL,2569.0,3412.0,-1636.0,0,0,0
2026-02-06T23:00:00Z,DE-LU,PL,3112.0,3914.0,-649.0,0,0,0
2026-02-06T23:00:00Z,DE-LU,CZ,657.0,827.0,107.0,0,0,0
2026-02-06T23:00:00Z,DE-LU,DK1,474.0,925.0,1.0,0,0,0
2026-02-07T00:00:00Z,DE-LU,AT,1560.0,4068.0,2225.0,0,0,0
2026-02-07T00:00:00Z,DE-LU,FR,1352.0,4212.0,2421.0,0,0,0
2026-02-07T00:00:00Z,DE-LU,NL,1069.0,1877.0,1239.0,0,0,12.0
2026-02-07T00:00:00Z,DE-LU,PL,1428.0,2933.0,466.0,0,0,0
2026-02-07T00:00:00Z,DE-LU,CZ,879.0,1245.0,237.0,0,0,0
2026-02-07T00:00:00Z,DE-LU,DK1,1795.0,4295.0,-1406.0,0,0,0
2026-02-07T01:00:00Z,DE-LU,AT,1867.0,2521.0,-257.0,0,0,0
2026-02-07T01:00:00Z,DE-LU,FR,2434.0,2597.0,-1877.0,0,0,0
2026-02-07T01:00:00Z,DE-LU,NL,884.0,2034.0,1335.0,0,0,0
2026-02-07T01:00:00Z,DE-LU,PL,1725.0,2214.0,1190.0,0,0,0
2026-02-07T01:00:00Z,DE-LU,CZ,3070.0,4340.0,-3388.0,0,0,0
2026-02-07T01:00:00Z,DE-LU,DK1,3389.0,4263.0,-185.0,0,0,0
2026-02-07T02:00:00Z,DE-LU,AT,1105.0,2017.0,1573.0,0,0,0
2026-02-07T02:00:00Z,DE-LU,FR,455.0,956.0,519.0,0,0,0
2026-02-07T02:00:00Z,DE-LU,NL,1148.0,1841.0,1462.0,0,0,0
2026-02-07T02:00:00Z,DE-LU,PL,1461.0,2620.0,-921.0,0,0,0
2026-02-07T02:00:00Z,DE-LU,CZ,2186.0,3303.0,-298.0,0,0,0
2026-02-07T02:00:00Z,DE-LU,DK1,3749.0,4289.0,-3185.0,0,0,0
2026-02-07T03:00:00Z,DE-LU,AT,579.0,1278.0,1020.0,0,0,0
2026-02-07T03:00:00Z,DE-LU,FR,2148.0,3844.0,1662.0,0,0,0
2026-02-07T03:00:00Z,DE-LU,NL,2612.0,3391.0,808.0,0,0,0
2026-02-07T03:00:00Z,DE-LU,PL,700.0,1584.0,634.0,0,0,0
2026-02-07T03:00:00Z,DE-LU,CZ,2713.0,4215.0,1849.0,0,0,0
2026-02-07T03:00:00Z,DE-LU,DK1,567.0,1419.0,-141.0,0,0,0
2026-02-07T04:00:00Z,DE-LU,AT,2719.0,3090.0,2167.0,0,0,0
2026-02-07T04:00:00Z,DE-LU,FR,2662.0,3279.0,956.0,0,0,0
2026-02-07T04:00:00Z,DE-LU,NL,1342.0,1526.0,-361.0,0,0,0
2026-02-07T04:00:00Z,DE-LU,PL,3100.0,3339.0,-1043.0,0,0,0
2026-02-07T04:00:00Z,DE-LU,CZ,668.0,947.0,-715.0,0,0,0
2026-02-07T04:00:00Z,DE-LU,DK1,2161.0,3980.0,3053.0,0,0,0
2026-02-07T05:00:00Z,DE-LU,AT,1119.0,2304.0,1566.0,0,0,0
2026-02-07T05:00:00Z,DE-LU,FR,902.0,1232.0,-584.0,0,0,0
2026-02-07T05:00:00Z,DE-LU,NL,1284.0,2454.0,-514.0,0,0,0
2026-02-07T05:00:00Z,DE-LU,PL,747.0,1002.0,530.0,0,0,0
2026-02-07T05:00:00Z,DE-LU,CZ,2258.0,2418.0,-505.0,0,0,0
2026-02-07T05:00:00Z,DE-LU,DK1,901.0,1246.0,-838.0,0,0,0
2026-02-07T06:00:00Z,DE-LU,AT,1448.0,2063.0,169.0,0,0,0
2026-02-07T06:00:00Z,DE-LU,FR,1324.0,3422.0,-310.0,0,0,0
2026-02-07T06:00:00Z,DE-LU,NL,898.0,2025.0,1002.0,0,0,0
2026-02-07T06:00:00Z,DE-LU,PL,1844.0,4030.0,2769.0,0,0,0
2026-02-07T06:00:00Z,DE-LU,CZ,2480.0,2900.0,-567.0,0,0,0
2026-02-07T06:00:00Z,DE-LU,DK1,2281.0,2896.0,-2032.0,0,0,0
2026-02-07T07:00:00Z,DE-LU,AT,613.0,2029.0,-1524.0,0.62,23.0,0
2026-02-07T07:00:00Z,DE-LU,FR,2532.0,3177.0,1560.0,0,0,0
2026-02-07T07:00:00Z,DE-LU,NL,1076.0,1380.0,724.0,0,0,0
2026-02-07T07:00:00Z,DE-LU,PL,2149.0,2606.0,-1218.0,0,0,0
2026-02-07T07:00:00Z,DE-LU,CZ,3428.0,3813.0,-640.0,0,0,0
2026-02-07T07:00:00Z,DE-LU,DK1,2255.0,2984.0,-1557.0,0,0,0
2026-02-07T08:00:00Z,DE-LU,AT,1156.0,1939.0,-1026.0,0,0,0
2026-02-07T08:00:00Z,DE-LU,FR,1601.0,2807.0,247.0,0,0,0
2026-02-07T08:00:00Z,DE-LU,NL,953.0,2085.0,282.0,0,0,0
2026-02-07T08:00:00Z,DE-LU,PL,1508.0,2612.0,15.0,0,0,0
2026-02-07T08:00:00Z,DE-LU,CZ,1083.0,1402.0,505.0,0,0,0
2026-02-07T08:00:00Z,DE-LU,DK1,3593.0,3904.0,-2499.0,0,0,0
2026-02-07T09:00:00Z,DE-LU,AT,3232.0,4292.0,-680.0,0,0,0
2026-02-07T09:00:00Z,DE-LU,FR,746.0,922.0,-176.0,0,0,0
2026-02-07T09:00:00Z,DE-LU,NL,1725.0,3569.0,2425.0,0,0,0
2026-02-07T09:00:00Z,DE-LU,PL,824.0,940.0,-615.0,0,0,0
2026-02-07T09:00:00Z,DE-LU,CZ,1530.0,2617.0,-1458.0,0,0,0
2026-02-07T09:00:00Z,DE-LU,DK1,1040.0,2049.0,518.0,0,0,0
2026-02-07T10:00:00Z,DE-LU,AT,2071.0,2914.0,-1023.0,0,0,0
2026-02-07T10:00:00Z,DE-LU,FR,838.0,1358.0,-233.0,0,0,0
2026-02-07T10:00:00Z,DE-LU,NL,2245.0,2449.0,-726.0,0,0,0
2026-02-07T10:00:00Z,DE-LU,PL,524.0,1463.0,92.0,4.8,12.0,0
2026-02-07T10:00:00Z,DE-LU,CZ,2119.0,4141.0,-2235.0,0,0,0
2026-02-07T10:00:00Z,DE-LU,DK1,1475.0,3207.0,253.0,0,0,0
2026-02-07T11:00:00Z,DE-LU,AT,547.0,842.0,556.0,0,0,0
2026-02-07T11:00:00Z,DE-LU,FR,819.0,1490.0,-292.0,0,0,0
2026-02-07T11:00:00Z,DE-LU,NL,2140.0,2901.0,-941.0,0,0,0
2026-02-07T11:00:00Z,DE-LU,PL,1732.0,2395.0,1487.0,0,0,0
2026-02-07T11:00:00Z,DE-LU,CZ,658.0,917.0,-418.0,0,0,0
2026-02-07T11:00:00Z,DE-LU,DK1,2047.0,2504.0,1929.0,0,0,0
2026-02-07T12:00:00Z,DE-LU,AT,2171.0,4299.0,-2117.0,0,0,18.0
2026-02-07T12:00:00Z,DE-LU,FR,530.0,820.0,22.0,0,0,0
2026-02-07T12:00:00Z,DE-LU,NL,1474.0,2184.0,1584.0,0,0,0
2026-02-07T12:00:00Z,DE-LU,PL,2028.0,3570.0,2509.0,0,0,0
2026-02-07T12:00:00Z,DE-LU,CZ,1178.0,1759.0,608.0,0,0,0
2026-02-07T12:00:00Z,DE-LU,DK1,667.0,1611.0,-159.0,0,0,0
2026-02-07T13:00:00Z,DE-LU,AT,745.0,1490.0,-836.0,0,0,0
2026-02-07T13:00:00Z,DE-LU,FR,493.0,971.0,764.0,0,0,0
2026-02-07T13:00:00Z,DE-LU,NL,3533.0,4171.0,-2763.0,0,0,0
2026-02-07T13:00:00Z,DE-LU,PL,648.0,1451.0,-644.0,0,0,0
2026-02-07T13:00:00Z,DE-LU,CZ,2380.0,2781.0,-1149.0,0,0,0
2026-02-07T13:00:00Z,DE-LU,DK1,3445.0,3793.0,-2885.0,0,0,0
2026-02-07T14:00:00Z,DE-LU,AT,2805.0,3836.0,1576.0,0,0,0
2026-02-07T14:00:00Z,DE-LU,FR,1686.0,2373.0,816.0,0,0,0
2026-02-07T14:00:00Z,DE-LU,NL,1029.0,1738.0,-418.0,0,0,0
2026-02-07T14:00:00Z,DE-LU,PL,943.0,2307.0,244.0,0,0,0
2026-02-07T14:00:00Z,DE-LU,CZ,436.0,1241.0,739.0,0,0,0
2026-02-07T14:00:00Z,DE-LU,DK1,1489.0,2212.0,-285.0,0,0,0
2026-02-07T15:00:00Z,DE-LU,AT,453.0,1192.0,-280.0,1.72,0,0
2026-02-07T15:00:00Z,DE-LU,FR,1731.0,3219.0,-209.0,0,0,0
2026-02-07T15:00:00Z,DE-LU,NL,2520.0,4255.0,-1825.0,0,0,0
2026-02-07T15:00:00Z,DE-LU,PL,925.0,1014.0,-254.0,0,0,0
2026-02-07T15:00:00Z,DE-LU,CZ,1436.0,2410.0,-92.0,0,0,0
2026-02-07T15:00:00Z,DE-LU,DK1,1312.0,3344.0,940.0,4.08,4.0,0
2026-02-07T16:00:00Z,DE-LU,AT,449.0,856.0,-402.0,0,0,0
2026-02-07T16:00:00Z,DE-LU,FR,1146.0,1974.0,-1136.0,0,0,0
2026-02-07T16:00:00Z,DE-LU,NL,461.0,831.0,-146.0,0,0,0
2026-02-07T16:00:00Z,DE-LU,PL,1433.0,1570.0,1071.0,0,0,0
2026-02-07T16:00:00Z,DE-LU,CZ,3271.0,4152.0,2915.0,0,0,0
2026-02-07T16:00:00Z,DE-LU,DK1,2260.0,3829.0,-2535.0,0,0,0
2026-02-07T17:00:00Z,DE-LU,AT,836.0,1147.0,-725.0,0,0,0
2026-02-07T17:00:00Z,DE-LU,FR,1149.0,3291.0,-884.0,3.01,96.0,0
2026-02-07T17:00:00Z,DE-LU,NL,2379.0,4448.0,2729.0,0,0,0
2026-02-07T17:00:00Z,DE-LU,PL,869.0,2461.0,-1323.0,0,0,0
2026-02-07T17:00:00Z,DE-LU,CZ,688.0,1786.0,6.0,4.45,4.0,0
2026-02-07T17:00:00Z,DE-LU,DK1,831.0,878.0,20.0,0,0,0
2026-02-07T18:00:00Z,DE-LU,AT,1185.0,1600.0,465.0,0,0,0
2026-02-07T18:00:00Z,DE-LU,FR,921.0,984.0,555.0,0,0,0
2026-02-07T18:00:00Z,DE-LU,NL,1292.0,1466.0,-522.0,0,0,0
2026-02-07T18:00:00Z,DE-LU,PL,2850.0,3458.0,-1187.0,0,0,16.0
2026-02-07T18:00:00Z,DE-LU,CZ,2170.0,4083.0,1787.0,0,0,0
2026-02-07T18:00:00Z,DE-LU,DK1,636.0,1954.0,-615.0,4.58,50.0,0
2026-02-07T19:00:00Z,DE-LU,AT,1201.0,3618.0,-2620.0,0,0,0
2026-02-07T19:00:00Z,DE-LU,FR,1057.0,1146.0,-879.0,0,0,0
2026-02-07T19:00:00Z,DE-LU,NL,491.0,1339.0,1043.0,2.91,49.0,0
2026-02-07T19:00:00Z,DE-LU,PL,1373.0,2602.0,-1604.0,0,0,0
2026-02-07T19:00:00Z,DE-LU,CZ,863.0,1359.0,-291.0,0,0,0
2026-02-07T19:00:00Z,DE-LU,DK1,2203.0,2879.0,1095.0,0,0,0
2026-02-07T20:00:00Z,DE-LU,AT,938.0,1067.0,124.0,0,0,0
2026-02-07T20:00:00Z,DE-LU,FR,1292.0,3337.0,63.0,0,0,0
2026-02-07T20:00:00Z,DE-LU,NL,2299.0,3611.0,-2296.0,0,0,0
2026-02-07T20:00:00Z,DE-LU,PL,1591.0,1806.0,599.0,0,0,0
2026-02-07T20:00:00Z,DE-LU,CZ,856.0,1389.0,141.0,0,0,0
2026-02-07T20:00:00Z,DE-LU,DK1,1506.0,3192.0,-697.0,0,0,0
2026-02-07T21:00:00Z,DE-LU,AT,1759.0,2846.0,-420.0,0,0,0
2026-02-07T21:00:00Z,DE-LU,FR,3189.0,4036.0,-2502.0,0,0,0
2026-02-07T21:00:00Z,DE-LU,NL,1256.0,3271.0,1388.0,0.31,0,0
2026-02-07T21:00:00Z,DE-LU,PL,938.0,2464.0,-899.0,3.63,47.0,0
2026-02-07T21:00:00Z,DE-LU,CZ,2260.0,3317.0,2455.0,0,0,0
2026-02-07T21:00:00Z,DE-LU,DK1,1554.0,3529.0,-1510.0,0,0,0
2026-02-07T22:00:00Z,DE-LU,AT,2234.0,3504.0,2146.0,0,0,0
2026-02-07T22:00:00Z,DE-LU,FR,1551.0,2715.0,804.0,0,0,0
2026-02-07T22:00:00Z,DE-LU,NL,332.0,824.0,518.0,0,0,0
2026-02-07T22:00:00Z,DE-LU,PL,2090.0,3364.0,130.0,0,0,0
2026-02-07T22:00:00Z,DE-LU,CZ,1452.0,2923.0,-1001.0,0,0,0
2026-02-07T22:00:00Z,DE-LU,DK1,2609.0,3631.0,-189.0,0,0,0
2026-02-07T23:00:00Z,DE-LU,AT,3063.0,3842.0,1688.0,0,0,0
2026-02-07T23:00:00Z,DE-LU,FR,1072.0,1293.0,1000.0,0,0,37.0
2026-02-07T23:00:00Z,DE-LU,NL,2120.0,2935.0,465.0,0,0,0
2026-02-07T23:00:00Z,DE-LU,PL,1588.0,3821.0,2205.0,0,0,0
2026-02-07T23:00:00Z,DE-LU,CZ,1019.0,1848.0,1274.0,0,0,0
2026-02-07T23:00:00Z,DE-LU,DK1,2149.0,3294.0,2228.0,0,0,0
2026-02-08T00:00:00Z,DE-LU,AT,1373.0,2600.0,726.0,0,0,0
2026-02-08T00:00:00Z,DE-LU,FR,1942.0,2052.0,963.0,0,0,0
2026-02-08T00:00:00Z,DE-LU,NL,266.0,802.0,124.0,0,0,0
2026-02-08T00:00:00Z,DE-LU,PL,1550.0,2842.0,-2011.0,0,0,0
2026-02-08T00:00:00Z,DE-LU,CZ,3085.0,3596.0,-976.0,0,0,0
2026-02-08T00:00:00Z,DE-LU,DK1,1853.0,2879.0,1643.0,0,0,0
2026-02-08T01:00:00Z,DE-LU,AT,744.0,1168.0,-591.0,0,0,0
2026-02-08T01:00:00Z,DE-LU,FR,519.0,1702.0,-680.0,0.67,14.0,0
2026-02-08T01:00:00Z,DE-LU,NL,1201.0,2051.0,-1011.0,0,0,0
2026-02-08T01:00:00Z,DE-LU,PL,3281.0,3565.0,-936.0,0,0,0
2026-02-08T01:00:00Z,DE-LU,CZ,3543.0,4337.0,1376.0,0,0,0
2026-02-08T01:00:00Z,DE-LU,DK1,1217.0,1646.0,-734.0,0,0,0
2026-02-08T02:00:00Z,DE-LU,AT,1571.0,3017.0,-1719.0,0,0,0
2026-02-08T02:00:00Z,DE-LU,FR,1153.0,2915.0,-1182.0,6.71,0,0
2026-02-08T02:00:00Z,DE-LU,NL,1222.0,3087.0,-1285.0,11.06,3.0,0
2026-02-08T02:00:00Z,DE-LU,PL,1665.0,3692.0,-905.0,0,0,0
2026-02-08T02:00:00Z,DE-LU,CZ,1083.0,2163.0,1289.0,0,0,0
2026-02-08T02:00:00Z,DE-LU,DK1,3202.0,3467.0,798.0,0,0,0
2026-02-08T03:00:00Z,DE-LU,AT,709.0,897.0,140.0,0,0,0
2026-02-08T03:00:00Z,DE-LU,FR,1300.0,3996.0,2959.0,3.69,90.0,0
2026-02-08T03:00:00Z,DE-LU,NL,3069.0,3706.0,1183.0,0,0,0
2026-02-08T03:00:00Z,DE-LU,PL,536.0,809.0,265.0,0,0,0
2026-02-08T03:00:00Z,DE-LU,CZ,904.0,2418.0,112.0,0,0,0
2026-02-08T03:00:00Z,DE-LU,DK1,1267.0,2785.0,-1478.0,0,0,0
2026-02-08T04:00:00Z,DE-LU,AT,2840.0,3857.0,41.0,0,0,0
2026-02-08T04:00:00Z,DE-LU,FR,1522.0,2804.0,819.0,0,0,0
2026-02-08T04:00:00Z,DE-LU,NL,667.0,1237.0,-249.0,0,0,0
2026-02-08T04:00:00Z,DE-LU,PL,1711.0,3867.0,2907.0,0,0,0
2026-02-08T04:00:00Z,DE-LU,CZ,1117.0,1219.0,-97.0,0,0,0
2026-02-08T04:00:00Z,DE-LU,DK1,1023.0,3393.0,-682.0,0.8,41.0,0
2026-02-08T05:00:00Z,DE-LU,AT,414.0,892.0,248.0,0,0,0
2026-02-08T05:00:00Z,DE-LU,FR,3674.0,4234.0,-1068.0,0,0,0
2026-02-08T05:00:00Z,DE-LU,NL,1916.0,3481.0,393.0,0,0,0
2026-02-08T05:00:00Z,DE-LU,PL,1273.0,3302.0,2182.0,10.33,28.0,0
2026-02-08T05:00:00Z,DE-LU,CZ,591.0,1336.0,612.0,0,0,0
2026-02-08T05:00:00Z,DE-LU,DK1,1377.0,1741.0,-657.0,0,0,0
2026-02-08T06:00:00Z,DE-LU,AT,3211.0,4356.0,-128.0,0,0,0
2026-02-08T06:00:00Z,DE-LU,FR,1186.0,3688.0,-2292.0,0,0,0
2026-02-08T06:00:00Z,DE-LU,NL,935.0,1573.0,1138.0,0,0,18.0
2026-02-08T06:00:00Z,DE-LU,PL,953.0,1431.0,1052.0,0,0,0
2026-02-08T06:00:00Z,DE-LU,CZ,1429.0,2234.0,1153.0,0,0,0
2026-02-08T06:00:00Z,DE-LU,DK1,587.0,1396.0,349.0,0,0,0
2026-02-08T07:00:00Z,DE-LU,AT,499.0,828.0,114.0,0,0,0
2026-02-08T07:00:00Z,DE-LU,FR,1088.0,2110.0,1084.0,0,0,0
2026-02-08T07:00:00Z,DE-LU,NL,1174.0,1287.0,737.0,0,0,0
2026-02-08T07:00:00Z,DE-LU,PL,1547.0,2398.0,1012.0,0,0,0
2026-02-08T07:00:00Z,DE-LU,CZ,2186.0,3270.0,1719.0,0,0,0
2026-02-08T07:00:00Z,DE-LU,DK1,320.0,1003.0,469.0,0,0,0
2026-02-08T08:00:00Z,DE-LU,AT,1537.0,2358.0,613.0,0,0,0
2026-02-08T08:00:00Z,DE-LU,FR,1769.0,2172.0,-75.0,0,0,0
2026-02-08T08:00:00Z,DE-LU,NL,3072.0,3699.0,631.0,0,0,0
2026-02-08T08:00:00Z,DE-LU,PL,1750.0,2977.0,-644.0,0,0,0
2026-02-08T08:00:00Z,DE-LU,CZ,811.0,1492.0,523.0,0,0,0
2026-02-08T08:00:00Z,DE-LU,DK1,2819.0,3579.0,825.0,0,0,0
2026-02-08T09:00:00Z,DE-LU,AT,888.0,1298.0,164.0,0,0,0
2026-02-08T09:00:00Z,DE-LU,FR,1739.0,3081.0,-974.0,0,0,7.0
2026-02-08T09:00:00Z,DE-LU,NL,1186.0,1327.0,-182.0,0,0,0
2026-02-08T09:00:00Z,DE-LU,PL,1119.0,2007.0,-1119.0,0,0,0
2026-02-08T09:00:00Z,DE-LU,CZ,1374.0,1466.0,768.0,0,0,0
2026-02-08T09:00:00Z,DE-LU,DK1,2215.0,3977.0,722.0,0,0,0
2026-02-08T10:00:00Z,DE-LU,AT,1165.0,1614.0,-1195.0,0,0,0
2026-02-08T10:00:00Z,DE-LU,FR,1891.0,2903.0,1314.0,0,0,0
2026-02-08T10:00:00Z,DE-LU,NL,1018.0,1157.0,656.0,0,0,0
2026-02-08T10:00:00Z,DE-LU,PL,3872.0,4396.0,-3060.0,0,0,0
2026-02-08T10:00:00Z,DE-LU,CZ,2284.0,2800.0,1745.0,0,0,24.0
2026-02-08T10:00:00Z,DE-LU,DK1,2241.0,3002.0,1181.0,0,0,0
2026-02-08T11:00:00Z,DE-LU,AT,2912.0,4364.0,2580.0,0,0,0
2026-02-08T11:00:00Z,DE-LU,FR,1573.0,2347.0,955.0,0,0,0
2026-02-08T11:00:00Z,DE-LU,NL,1545.0,4272.0,2244.0,5.13,71.0,0
2026-02-08T11:00:00Z,DE-LU,PL,1199.0,1601.0,-42.0,0,0,0
2026-02-08T11:00:00Z,DE-LU,CZ,798.0,1373.0,185.0,0,0,0
2026-02-08T11:00:00Z,DE-LU,DK1,3728.0,4011.0,2306.0,0,0,0
2026-02-08T12:00:00Z,DE-LU,AT,463.0,881.0,682.0,0,0,0
2026-02-08T12:00:00Z,DE-LU,FR,2365.0,3387.0,-1783.0,0,0,0
2026-02-08T12:00:00Z,DE-LU,NL,865.0,1446.0,-48.0,0,0,0
2026-02-08T12:00:00Z,DE-LU,PL,1966.0,2354.0,1371.0,0,0,0
2026-02-08T12:00:00Z,DE-LU,CZ,1684.0,2589.0,-305.0,0,0,0
2026-02-08T12:00:00Z,DE-LU,DK1,1404.0,2622.0,1234.0,0,0,0
2026-02-08T13:00:00Z,DE-LU,AT,2066.0,4490.0,-1620.0,0,0,0
2026-02-08T13:00:00Z,DE-LU,FR,361.0,1086.0,482.0,0.23,0,0
2026-02-08T13:00:00Z,DE-LU,NL,2911.0,4276.0,-1522.0,0,0,0
2026-02-08T13:00:00Z,DE-LU,PL,1337.0,1888.0,291.0,0,0,0
2026-02-08T13:00:00Z,DE-LU,CZ,1350.0,2803.0,2142.0,0,0,0
2026-02-08T13:00:00Z,DE-LU,DK1,1167.0,1245.0,-898.0,0,0,0
2026-02-08T14:00:00Z,DE-LU,AT,1751.0,2264.0,1008.0,0,0,0
2026-02-08T14:00:00Z,DE-LU,FR,412.0,877.0,-681.0,0,0,0
2026-02-08T14:00:00Z,DE-LU,NL,807.0,2028.0,-329.0,0,0,0
2026-02-08T14:00:00Z,DE-LU,PL,2277.0,4230.0,2807.0,0,0,0
2026-02-08T14:00:00Z,DE-LU,CZ,1017.0,2510.0,747.0,0,0,0
2026-02-08T14:00:00Z,DE-LU,DK1,2412.0,3257.0,-9.0,0,0,0
2026-02-08T15:00:00Z,DE-LU,AT,1467.0,1863.0,-832.0,0,0,0
2026-02-08T15:00:00Z,DE-LU,FR,963.0,1247.0,-155.0,0,0,0
2026-02-08T15:00:00Z,DE-LU,NL,544.0,1266.0,-349.0,0,0,0
2026-02-08T15:00:00Z,DE-LU,PL,1495.0,2483.0,-1935.0,0,0,0
2026-02-08T15:00:00Z,DE-LU,CZ,2414.0,3459.0,1770.0,0,0,0
2026-02-08T15:00:00Z,DE-LU,DK1,2853.0,3391.0,-653.0,0,0,0
2026-02-08T16:00:00Z,DE-LU,AT,1453.0,1671.0,-892.0,0,0,0
2026-02-08T16:00:00Z,DE-LU,FR,995.0,2701.0,1344.0,7.4,67.0,0
2026-02-08T16:00:00Z,DE-LU,NL,936.0,1391.0,535.0,0,0,0
2026-02-08T16:00:00Z,DE-LU,PL,2000.0,2425.0,847.0,0,0,0
2026-02-08T16:00:00Z,DE-LU,CZ,1397.0,2657.0,-230.0,0,0,0
2026-02-08T16:00:00Z,DE-LU,DK1,4142.0,4366.0,-3192.0,0,0,0
2026-02-08T17:00:00Z,DE-LU,AT,1720.0,3859.0,804.0,0,0,0
2026-02-08T17:00:00Z,DE-LU,FR,1515.0,3514.0,-2334.0,0,0,0
2026-02-08T17:00:00Z,DE-LU,NL,1238.0,4049.0,-1045.0,0,0,0
2026-02-08T17:00:00Z,DE-LU,PL,1369.0,2263.0,-1425.0,0,0,0
2026-02-08T17:00:00Z,DE-LU,CZ,1074.0,1306.0,-228.0,0,0,0
2026-02-08T17:00:00Z,DE-LU,DK1,728.0,2128.0,-263.0,2.8,0,0
2026-02-08T18:00:00Z,DE-LU,AT,1434.0,1605.0,421.0,0,0,0
2026-02-08T18:00:00Z,DE-LU,FR,506.0,899.0,-110.0,0,0,0
2026-02-08T18:00:00Z,DE-LU,NL,876.0,2730.0,1541.0,0,0,0
2026-02-08T18:00:00Z,DE-LU,PL,2213.0,3518.0,1589.0,0,0,0
2026-02-08T18:00:00Z,DE-LU,CZ,1919.0,2691.0,-1623.0,0,0,0
2026-02-08T18:00:00Z,DE-LU,DK1,668.0,1645.0,-334.0,0,0,0
2026-02-08T19:00:00Z,DE-LU,AT,340.0,860.0,-566.0,0,0,0
2026-02-08T19:00:00Z,DE-LU,FR,2135.0,3751.0,69.0,0,0,0
2026-02-08T19:00:00Z,DE-LU,NL,1231.0,4032.0,-1058.0,3.89,0,0
2026-02-08T19:00:00Z,DE-LU,PL,2006.0,2324.0,764.0,0,0,0
2026-02-08T19:00:00Z,DE-LU,CZ,273.0,840.0,527.0,0,0,0
2026-02-08T19:00:00Z,DE-LU,DK1,2352.0,3217.0,-1412.0,0,0,0
2026-02-08T20:00:00Z,DE-LU,AT,2359.0,2982.0,40.0,0,0,0
2026-02-08T20:00:00Z,DE-LU,FR,825.0,1397.0,53.0,0,0,0
2026-02-08T20:00:00Z,DE-LU,NL,1119.0,2239.0,1147.0,0,0,0
2026-02-08T20:00:00Z,DE-LU,PL,2397.0,4264.0,-758.0,0,0,0
2026-02-08T20:00:00Z,DE-LU,CZ,3823.0,4402.0,2058.0,0,0,0
2026-02-08T20:00:00Z,DE-LU,DK1,1911.0,3992.0,3177.0,0,0,0
2026-02-08T21:00:00Z,DE-LU,AT,2114.0,2336.0,-680.0,0,0,0
2026-02-08T21:00:00Z,DE-LU,FR,1187.0,2383.0,-210.0,0,0,0
2026-02-08T21:00:00Z,DE-LU,NL,2505.0,2639.0,1565.0,0,0,0
2026-02-08T21:00:00Z,DE-LU,PL,906.0,1423.0,583.0,0,0,0
2026-02-08T21:00:00Z,DE-LU,CZ,423.0,1047.0,14.0,0,0,0
2026-02-08T21:00:00Z,DE-LU,DK1,2519.0,3932.0,-1867.0,0,0,0
2026-02-08T22:00:00Z,DE-LU,AT,1925.0,2753.0,416.0,0,0,0
2026-02-08T22:00:00Z,DE-LU,FR,560.0,1092.0,-864.0,0,0,39.0
2026-02-08T22:00:00Z,DE-LU,NL,1528.0,4373.0,-2995.0,3.02,0,0
2026-02-08T22:00:00Z,DE-LU,PL,1157.0,2766.0,-117.0,0,0,0
2026-02-08T22:00:00Z,DE-LU,CZ,2771.0,3704.0,2482.0,0,0,0
2026-02-08T22:00:00Z,DE-LU,DK1,1460.0,2138.0,-1620.0,0,0,0
2026-02-08T23:00:00Z,DE-LU,AT,1767.0,1933.0,-296.0,0,0,0
2026-02-08T23:00:00Z,DE-LU,FR,1004.0,2856.0,1836.0,0,0,0
2026-02-08T23:00:00Z,DE-LU,NL,2861.0,4436.0,-172.0,0,0,0
2026-02-08T23:00:00Z,DE-LU,PL,956.0,1295.0,-790.0,0,0,0
2026-02-08T23:00:00Z,DE-LU,CZ,1261.0,3523.0,-954.0,0,0,0
2026-02-08T23:00:00Z,DE-LU,DK1,2556.0,3738.0,-775.0,0,0,0
2026-02-09T00:00:00Z,DE-LU,AT,1134.0,1816.0,-637.0,0,0,0
2026-02-09T00:00:00Z,DE-LU,FR,1425.0,4306.0,-1871.0,8.88,0,0
2026-02-09T00:00:00Z,DE-LU,NL,799.0,1075.0,-818.0,0,0,0
2026-02-09T00:00:00Z,DE-LU,PL,1786.0,2612.0,-1912.0,0,0,0
2026-02-09T00:00:00Z,DE-LU,CZ,845.0,2765.0,946.0,2.36,35.0,0
2026-02-09T00:00:00Z,DE-LU,DK1,1269.0,3292.0,-912.0,1.01,29.0,0
2026-02-09T01:00:00Z,DE-LU,AT,3108.0,4471.0,1497.0,0,0,0
2026-02-09T01:00:00Z,DE-LU,FR,650.0,1237.0,769.0,0,0,0
2026-02-09T01:00:00Z,DE-LU,NL,2412.0,3813.0,2934.0,0,0,0
2026-02-09T01:00:00Z,DE-LU,PL,1851.0,4326.0,1668.0,0,0,0
2026-02-09T01:00:00Z,DE-LU,CZ,580.0,1717.0,933.0,0.04,13.0,0
2026-02-09T01:00:00Z,DE-LU,DK1,1356.0,2178.0,1066.0,0,0,0
2026-02-09T02:00:00Z,DE-LU,AT,2827.0,3768.0,-2877.0,0,0,0
2026-02-09T02:00:00Z,DE-LU,FR,1329.0,3048.0,522.0,0,0,0
2026-02-09T02:00:00Z,DE-LU,NL,665.0,827.0,-625.0,0,0,0
2026-02-09T02:00:00Z,DE-LU,PL,2893.0,3505.0,-2707.0,0,0,0
2026-02-09T02:00:00Z,DE-LU,CZ,3317.0,4248.0,-715.0,0,0,0
2026-02-09T02:00:00Z,DE-LU,DK1,536.0,1208.0,-37.0,0,0,0
2026-02-09T03:00:00Z,DE-LU,AT,952.0,2481.0,128.0,0,0,0
2026-02-09T03:00:00Z,DE-LU,FR,1540.0,2594.0,-427.0,0,0,0
2026-02-09T03:00:00Z,DE-LU,NL,1294.0,2620.0,652.0,0,0,0
2026-02-09T03:00:00Z,DE-LU,PL,3062.0,4349.0,898.0,0,0,5.0
2026-02-09T03:00:00Z,DE-LU,CZ,1880.0,3203.0,102.0,0,0,0
2026-02-09T03:00:00Z,DE-LU,DK1,1022.0,1727.0,403.0,0,0,0
2026-02-09T04:00:00Z,DE-LU,AT,943.0,2440.0,1010.0,4.97,18.0,0
2026-02-09T04:00:00Z,DE-LU,FR,2377.0,2659.0,2095.0,0,0,0
2026-02-09T04:00:00Z,DE-LU,NL,1995.0,2459.0,-1227.0,0,0,0
2026-02-09T04:00:00Z,DE-LU,PL,3212.0,3897.0,-180.0,0,0,0
2026-02-09T04:00:00Z,DE-LU,CZ,2127.0,2381.0,-985.0,0,0,0
2026-02-09T04:00:00Z,DE-LU,DK1,1277.0,1957.0,141.0,0,0,0
2026-02-09T05:00:00Z,DE-LU,AT,2157.0,2862.0,-1787.0,0,0,0
2026-02-09T05:00:00Z,DE-LU,FR,1567.0,1650.0,577.0,0,0,0
2026-02-09T05:00:00Z,DE-LU,NL,1932.0,3017.0,-941.0,0,0,0
2026-02-09T05:00:00Z,DE-LU,PL,786.0,1207.0,898.0,0,0,33.0
2026-02-09T05:00:00Z,DE-LU,CZ,2259.0,2497.0,-1180.0,0,0,0
2026-02-09T05:00:00Z,DE-LU,DK1,1146.0,2692.0,1896.0,0,0,0
2026-02-09T06:00:00Z,DE-LU,AT,1724.0,3239.0,-253.0,0,0,0
2026-02-09T06:00:00Z,DE-LU,FR,2576.0,2843.0,1294.0,0,0,0
2026-02-09T06:00:00Z,DE-LU,NL,2699.0,3379.0,-2639.0,0,0,0
2026-02-09T06:00:00Z,DE-LU,PL,611.0,919.0,460.0,0,0,0
2026-02-09T06:00:00Z,DE-LU,CZ,1988.0,3413.0,796.0,0,0,0
2026-02-09T06:00:00Z,DE-LU,DK1,1753.0,2893.0,1472.0,0,0,0
2026-02-09T07:00:00Z,DE-LU,AT,1218.0,2525.0,395.0,0,0,0
2026-02-09T07:00:00Z,DE-LU,FR,1110.0,2274.0,-1132.0,0,0,0
2026-02-09T07:00:00Z,DE-LU,NL,1504.0,1772.0,-1138.0,0,0,0
2026-02-09T07:00:00Z,DE-LU,PL,1183.0,3075.0,2252.0,0,0,0
2026-02-09T07:00:00Z,DE-LU,CZ,1577.0,2816.0,2183.0,0,0,0
2026-02-09T07:00:00Z,DE-LU,DK1,1527.0,1645.0,1244.0,0,0,0
2026-02-09T08:00:00Z,DE-LU,AT,302.0,958.0,448.0,3.93,85.0,0
2026-02-09T08:00:00Z,DE-LU,FR,3100.0,3695.0,-769.0,0,0,0
2026-02-09T08:00:00Z,DE-LU,NL,2947.0,3702.0,-224.0,0,0,0
2026-02-09T08:00:00Z,DE-LU,PL,3426.0,4257.0,2293.0,0,0,0
2026-02-09T08:00:00Z,DE-LU,CZ,1057.0,2136.0,1146.0,0,0,0
2026-02-09T08:00:00Z,DE-LU,DK1,1602.0,1986.0,38.0,0,0,0
2026-02-09T09:00:00Z,DE-LU,AT,2244.0,2406.0,-249.0,0,0,0
2026-02-09T09:00:00Z,DE-LU,FR,1796.0,2274.0,-92.0,0,0,0
2026-02-09T09:00:00Z,DE-LU,NL,1881.0,2078.0,-743.0,0,0,0
2026-02-09T09:00:00Z,DE-LU,PL,994.0,2373.0,1566.0,0,0,0
2026-02-09T09:00:00Z,DE-LU,CZ,379.0,821.0,397.0,0,0,0
2026-02-09T09:00:00Z,DE-LU,DK1,1116.0,1922.0,-824.0,0,0,0
2026-02-09T10:00:00Z,DE-LU,AT,720.0,2001.0,815.0,2.48,0,0
2026-02-09T10:00:00Z,DE-LU,FR,797.0,1393.0,-739.0,0,0,0
2026-02-09T10:00:00Z,DE-LU,NL,336.0,802.0,-631.0,0,0,0
2026-02-09T10:00:00Z,DE-LU,PL,2047.0,2222.0,1189.0,0,0,0
2026-02-09T10:00:00Z,DE-LU,CZ,1640.0,2735.0,-363.0,0,0,0
2026-02-09T10:00:00Z,DE-LU,DK1,1042.0,1891.0,1381.0,0,0,0
2026-02-09T11:00:00Z,DE-LU,AT,2570.0,3043.0,-42.0,0,0,0
2026-02-09T11:00:00Z,DE-LU,FR,545.0,957.0,-317.0,0,0,0
2026-02-09T11:00:00Z,DE-LU,NL,549.0,1285.0,165.0,0,0,0
2026-02-09T11:00:00Z,DE-LU,PL,1074.0,1637.0,-488.0,0,0,0
2026-02-09T11:00:00Z,DE-LU,CZ,867.0,1336.0,-530.0,0,0,0
2026-02-09T11:00:00Z,DE-LU,DK1,1276.0,3570.0,1415.0,7.89,0,0
2026-02-09T12:00:00Z,DE-LU,AT,2088.0,3936.0,-2490.0,0,0,0
2026-02-09T12:00:00Z,DE-LU,FR,2134.0,3141.0,283.0,0,0,0
2026-02-09T12:00:00Z,DE-LU,NL,476.0,1162.0,175.0,0,0,0
2026-02-09T12:00:00Z,DE-LU,PL,637.0,1716.0,230.0,9.19,0,0
2026-02-09T12:00:00Z,DE-LU,CZ,2551.0,3821.0,-1469.0,0,0,0
2026-02-09T12:00:00Z,DE-LU,DK1,2858.0,3809.0,1733.0,0,0,0
2026-02-09T13:00:00Z,DE-LU,AT,2340.0,3948.0,1678.0,0,0,0
2026-02-09T13:00:00Z,DE-LU,FR,360.0,884.0,699.0,0,0,0
2026-02-09T13:00:00Z,DE-LU,NL,2918.0,3767.0,-2331.0,0,0,0
2026-02-09T13:00:00Z,DE-LU,PL,2142.0,2331.0,-1016.0,0,0,0
2026-02-09T13:00:00Z,DE-LU,CZ,1447.0,3314.0,876.0,0,0,4.0
2026-02-09T13:00:00Z,DE-LU,DK1,828.0,1029.0,-191.0,0,0,0
2026-02-09T14:00:00Z,DE-LU,AT,1772.0,2809.0,10.0,0,0,0
2026-02-09T14:00:00Z,DE-LU,FR,1159.0,1929.0,-855.0,0,0,0
2026-02-09T14:00:00Z,DE-LU,NL,2564.0,3456.0,-928.0,0,0,0
2026-02-09T14:00:00Z,DE-LU,PL,2307.0,3737.0,-1422.0,0,0,0
2026-02-09T14:00:00Z,DE-LU,CZ,2072.0,4050.0,-757.0,0,0,0
2026-02-09T14:00:00Z,DE-LU,DK1,4120.0,4498.0,-2331.0,0,0,0
2026-02-09T15:00:00Z,DE-LU,AT,951.0,2137.0,-1672.0,0,0,0
2026-02-09T15:00:00Z,DE-LU,FR,2337.0,3458.0,185.0,0,0,0
2026-02-09T15:00:00Z,DE-LU,NL,2897.0,3936.0,1534.0,0,0,0
2026-02-09T15:00:00Z,DE-LU,PL,2028.0,2608.0,-495.0,0,0,0
2026-02-09T15:00:00Z,DE-LU,CZ,961.0,1356.0,-171.0,0,0,0
2026-02-09T15:00:00Z,DE-LU,DK1,1954.0,3368.0,862.0,0,0,0
2026-02-09T16:00:00Z,DE-LU,AT,1498.0,1719.0,792.0,0,0,0
2026-02-09T16:00:00Z,DE-LU,FR,2583.0,2905.0,2196.0,0,0,0
2026-02-09T16:00:00Z,DE-LU,NL,2008.0,2928.0,1464.0,0,0,0
2026-02-09T16:00:00Z,DE-LU,PL,2308.0,2878.0,1161.0,0,0,0
2026-02-09T16:00:00Z,DE-LU,CZ,1089.0,1917.0,1382.0,0,0,0
2026-02-09T16:00:00Z,DE-LU,DK1,3397.0,4247.0,-2175.0,0,0,0
2026-02-09T17:00:00Z,DE-LU,AT,1137.0,2226.0,1044.0,0,0,0
2026-02-09T17:00:00Z,DE-LU,FR,3483.0,3846.0,964.0,0,0,0
2026-02-09T17:00:00Z,DE-LU,NL,754.0,1014.0,373.0,0,0,0
2026-02-09T17:00:00Z,DE-LU,PL,1148.0,3655.0,-854.0,0,0,0
2026-02-09T17:00:00Z,DE-LU,CZ,582.0,1675.0,592.0,0,0,0
2026-02-09T17:00:00Z,DE-LU,DK1,1740.0,3036.0,-690.0,0,0,0
2026-02-09T18:00:00Z,DE-LU,AT,2377.0,2586.0,-402.0,0,0,0
2026-02-09T18:00:00Z,DE-LU,FR,1223.0,2717.0,1842.0,0,0,0
2026-02-09T18:00:00Z,DE-LU,NL,1343.0,1722.0,1011.0,0,0,0
2026-02-09T18:00:00Z,DE-LU,PL,2441.0,4295.0,-1657.0,0,0,0
2026-02-09T18:00:00Z,DE-LU,CZ,767.0,2466.0,-1848.0,0,0,0
2026-02-09T18:00:00Z,DE-LU,DK1,1810.0,3295.0,2104.0,0,0,16.0
2026-02-09T19:00:00Z,DE-LU,AT,2124.0,2739.0,1318.0,0,0,0
2026-02-09T19:00:00Z,DE-LU,FR,4094.0,4402.0,-17.0,0,0,0
2026-02-09T19:00:00Z,DE-LU,NL,1032.0,3151.0,107.0,0.71,1.0,0
2026-02-09T19:00:00Z,DE-LU,PL,879.0,1989.0,1499.0,0,0,0
2026-02-09T19:00:00Z,DE-LU,CZ,2183.0,3366.0,-1187.0,0,0,0
2026-02-09T19:00:00Z,DE-LU,DK1,1364.0,3142.0,2268.0,0,0,0
2026-02-09T20:00:00Z,DE-LU,AT,1484.0,3082.0,-2302.0,0,0,0
2026-02-09T20:00:00Z,DE-LU,FR,2266.0,4168.0,3264.0,0,0,0
2026-02-09T20:00:00Z,DE-LU,NL,2585.0,3519.0,-568.0,0,0,0
2026-02-09T20:00:00Z,DE-LU,PL,715.0,1735.0,-497.0,0,0,0
2026-02-09T20:00:00Z,DE-LU,CZ,1476.0,2481.0,-1798.0,0,0,0
2026-02-09T20:00:00Z,DE-LU,DK1,2195.0,3439.0,-2738.0,0,0,0
2026-02-09T21:00:00Z,DE-LU,AT,1044.0,3193.0,-2088.0,0,0,0
2026-02-09T21:00:00Z,DE-LU,FR,3670.0,4044.0,691.0,0,0,0
2026-02-09T21:00:00Z,DE-LU,NL,1040.0,2923.0,-1429.0,0,0,0
2026-02-09T21:00:00Z,DE-LU,PL,2181.0,2613.0,1815.0,0,0,0
2026-02-09T21:00:00Z,DE-LU,CZ,3479.0,3727.0,-834.0,0,0,0
2026-02-09T21:00:00Z,DE-LU,DK1,2992.0,4413.0,-1654.0,0,0,0
2026-02-09T22:00:00Z,DE-LU,AT,1359.0,2389.0,-1248.0,0,0,0
2026-02-09T22:00:00Z,DE-LU,FR,1558.0,2678.0,1609.0,0,0,0
2026-02-09T22:00:00Z,DE-LU,NL,416.0,1199.0,208.0,0.59,0,0
2026-02-09T22:00:00Z,DE-LU,PL,1444.0,2066.0,1460.0,0,0,4.0
2026-02-09T22:00:00Z,DE-LU,CZ,1007.0,2791.0,-74.0,0,0,0
2026-02-09T22:00:00Z,DE-LU,DK1,2166.0,3848.0,2337.0,0,0,0
2026-02-09T23:00:00Z,DE-LU,AT,1414.0,2942.0,648.0,0,0,0
2026-02-09T23:00:00Z,DE-LU,FR,1128.0,1391.0,583.0,0,0,0
2026-02-09T23:00:00Z,DE-LU,NL,829.0,944.0,396.0,0,0,0
2026-02-09T23:00:00Z,DE-LU,PL,1167.0,1234.0,10.0,0,0,0
2026-02-09T23:00:00Z,DE-LU,CZ,1367.0,2958.0,1274.0,0,0,0
2026-02-09T23:00:00Z,DE-LU,DK1,902.0,1606.0,754.0,0,0,0
2026-02-10T00:00:00Z,DE-LU,AT,2619.0,2916.0,1650.0,0,0,0
2026-02-10T00:00:00Z,DE-LU,FR,826.0,1239.0,-954.0,0,0,0
2026-02-10T00:00:00Z,DE-LU,NL,721.0,864.0,270.0,0,0,0
2026-02-10T00:00:00Z,DE-LU,PL,3461.0,4304.0,-1648.0,0,0,0
2026-02-10T00:00:00Z,DE-LU,CZ,633.0,1378.0,643.0,0,0,0
2026-02-10T00:00:00Z,DE-LU,DK1,2132.0,2845.0,-302.0,0,0,0
2026-02-10T01:00:00Z,DE-LU,AT,1665.0,2138.0,-211.0,0,0,0
2026-02-10T01:00:00Z,DE-LU,FR,1507.0,2524.0,-1339.0,0,0,0
2026-02-10T01:00:00Z,DE-LU,NL,1593.0,3573.0,-934.0,0,0,0
2026-02-10T01:00:00Z,DE-LU,PL,1253.0,1797.0,-130.0,0,0,0
2026-02-10T01:00:00Z,DE-LU,CZ,2226.0,2837.0,2266.0,0,0,0
2026-02-10T01:00:00Z,DE-LU,DK1,2514.0,2668.0,-921.0,0,0,0
2026-02-10T02:00:00Z,DE-LU,AT,2350.0,4008.0,-1976.0,0,0,0
2026-02-10T02:00:00Z,DE-LU,FR,2158.0,3943.0,1685.0,0,0,0
2026-02-10T02:00:00Z,DE-LU,NL,2113.0,2673.0,2066.0,0,0,0
2026-02-10T02:00:00Z,DE-LU,PL,1732.0,1891.0,-613.0,0,0,0
2026-02-10T02:00:00Z,DE-LU,CZ,2052.0,3664.0,2374.0,0,0,0
2026-02-10T02:00:00Z,DE-LU,DK1,1598.0,2623.0,-1738.0,0,0,0
2026-02-10T03:00:00Z,DE-LU,AT,2015.0,2154.0,1354.0,0,0,0
2026-02-10T03:00:00Z,DE-LU,FR,1963.0,3636.0,724.0,0,0,0
2026-02-10T03:00:00Z,DE-LU,NL,710.0,1919.0,-578.0,0,0,0
2026-02-10T03:00:00Z,DE-LU,PL,760.0,1360.0,-899.0,0,0,0
2026-02-10T03:00:00Z,DE-LU,CZ,1946.0,3907.0,2631.0,0,0,0
2026-02-10T03:00:00Z,DE-LU,DK1,1045.0,1562.0,-478.0,0,0,0
2026-02-10T04:00:00Z,DE-LU,AT,360.0,848.0,192.0,0,0,0
2026-02-10T04:00:00Z,DE-LU,FR,1410.0,1682.0,543.0,0,0,0
2026-02-10T04:00:00Z,DE-LU,NL,1497.0,2543.0,1583.0,0,0,0
2026-02-10T04:00:00Z,DE-LU,PL,1433.0,1807.0,938.0,0,0,0
2026-02-10T04:00:00Z,DE-LU,CZ,1137.0,1979.0,-681.0,0,0,0
2026-02-10T04:00:00Z,DE-LU,DK1,1975.0,3739.0,1488.0,0,0,0
2026-02-10T05:00:00Z,DE-LU,AT,1881.0,2355.0,1794.0,0,0,0
2026-02-10T05:00:00Z,DE-LU,FR,3296.0,3529.0,448.0,0,0,0
2026-02-10T05:00:00Z,DE-LU,NL,2348.0,2606.0,-764.0,0,0,0
2026-02-10T05:00:00Z,DE-LU,PL,2458.0,2877.0,2129.0,0,0,0
2026-02-10T05:00:00Z,DE-LU,CZ,303.0,821.0,208.0,4.24,0,0
2026-02-10T05:00:00Z,DE-LU,DK1,873.0,2866.0,2049.0,2.65,0,0
2026-02-10T06:00:00Z,DE-LU,AT,3077.0,3336.0,656.0,0,0,0
2026-02-10T06:00:00Z,DE-LU,FR,547.0,1797.0,446.0,2.69,0,0
2026-02-10T06:00:00Z,DE-LU,NL,1662.0,2478.0,-1919.0,0,0,0
2026-02-10T06:00:00Z,DE-LU,PL,2805.0,3323.0,2183.0,0,0,0
2026-02-10T06:00:00Z,DE-LU,CZ,1294.0,1486.0,-412.0,0,0,0
2026-02-10T06:00:00Z,DE-LU,DK1,3099.0,3552.0,525.0,0,0,0
2026-02-10T07:00:00Z,DE-LU,AT,2281.0,2546.0,1147.0,0,0,0
2026-02-10T07:00:00Z,DE-LU,FR,676.0,1959.0,1495.0,3.89,14.0,0
2026-02-10T07:00:00Z,DE-LU,NL,1709.0,1927.0,454.0,0,0,0
2026-02-10T07:00:00Z,DE-LU,PL,1097.0,1295.0,-642.0,0,0,0
2026-02-10T07:00:00Z,DE-LU,CZ,2190.0,2576.0,-194.0,0,0,0
2026-02-10T07:00:00Z,DE-LU,DK1,522.0,1100.0,77.0,0,0,0
2026-02-10T08:00:00Z,DE-LU,AT,2041.0,2833.0,-1780.0,0,0,0
2026-02-10T08:00:00Z,DE-LU,FR,1636.0,1905.0,-454.0,0,0,0
2026-02-10T08:00:00Z,DE-LU,NL,2326.0,3104.0,-1909.0,0,0,0
2026-02-10T08:00:00Z,DE-LU,PL,1579.0,4128.0,928.0,3.5,0,0
2026-02-10T08:00:00Z,DE-LU,CZ,2558.0,3068.0,-2240.0,0,0,0
2026-02-10T08:00:00Z,DE-LU,DK1,833.0,1632.0,-826.0,0,0,0
2026-02-10T09:00:00Z,DE-LU,AT,2009.0,3477.0,978.0,0,0,0
2026-02-10T09:00:00Z,DE-LU,FR,1098.0,2040.0,33.0,0,0,0
2026-02-10T09:00:00Z,DE-LU,NL,2491.0,3983.0,1995.0,0,0,0
2026-02-10T09:00:00Z,DE-LU,PL,1056.0,1826.0,-247.0,0,0,0
2026-02-10T09:00:00Z,DE-LU,CZ,2645.0,3620.0,124.0,0,0,15.0
2026-02-10T09:00:00Z,DE-LU,DK1,936.0,1872.0,1104.0,0,0,0
2026-02-10T10:00:00Z,DE-LU,AT,1628.0,2623.0,-1363.0,0,0,0
2026-02-10T10:00:00Z,DE-LU,FR,477.0,857.0,286.0,0,0,0
2026-02-10T10:00:00Z,DE-LU,NL,1835.0,2245.0,-1496.0,0,0,0
2026-02-10T10:00:00Z,DE-LU,PL,584.0,972.0,638.0,0,0,0
2026-02-10T10:00:00Z,DE-LU,CZ,2060.0,2267.0,-1608.0,0,0,0
2026-02-10T10:00:00Z,DE-LU,DK1,3231.0,3516.0,1324.0,0,0,0
2026-02-10T11:00:00Z,DE-LU,AT,858.0,1576.0,184.0,0,0,0
2026-02-10T11:00:00Z,DE-LU,FR,1613.0,3784.0,443.0,0,0,0
2026-02-10T11:00:00Z,DE-LU,NL,2220.0,3523.0,785.0,0,0,24.0
2026-02-10T11:00:00Z,DE-LU,PL,1714.0,4018.0,-774.0,0,0,0
2026-02-10T11:00:00Z,DE-LU,CZ,1769.0,2094.0,-860.0,0,0,0
2026-02-10T11:00:00Z,DE-LU,DK1,1974.0,2876.0,1146.0,0,0,0
2026-02-10T12:00:00Z,DE-LU,AT,659.0,2163.0,376.0,4.92,0,0
2026-02-10T12:00:00Z,DE-LU,FR,1517.0,1668.0,150.0,0,0,0
2026-02-10T12:00:00Z,DE-LU,NL,1092.0,1154.0,-554.0,0,0,0
2026-02-10T12:00:00Z,DE-LU,PL,2249.0,2948.0,-557.0,0,0,0
2026-02-10T12:00:00Z,DE-LU,CZ,1113.0,2886.0,1881.0,0,0,0
2026-02-10T12:00:00Z,DE-LU,DK1,1345.0,1656.0,-856.0,0,0,0
2026-02-10T13:00:00Z,DE-LU,AT,2372.0,2977.0,-1678.0,0,0,0
2026-02-10T13:00:00Z,DE-LU,FR,2581.0,3512.0,856.0,0,0,0
2026-02-10T13:00:00Z,DE-LU,NL,351.0,1049.0,-119.0,0,0,0
2026-02-10T13:00:00Z,DE-LU,PL,2962.0,3668.0,-1207.0,0,0,0
2026-02-10T13:00:00Z,DE-LU,CZ,1530.0,1761.0,592.0,0,0,0
2026-02-10T13:00:00Z,DE-LU,DK1,3503.0,4497.0,836.0,0,0,0
2026-02-10T14:00:00Z,DE-LU,AT,1428.0,1725.0,-1332.0,0,0,0
2026-02-10T14:00:00Z,DE-LU,FR,879.0,2859.0,-1772.0,0,0,0
2026-02-10T14:00:00Z,DE-LU,NL,2863.0,3257.0,494.0,0,0,0
2026-02-10T14:00:00Z,DE-LU,PL,812.0,1871.0,279.0,0,0,0
2026-02-10T14:00:00Z,DE-LU,CZ,651.0,1090.0,-475.0,0,0,0
2026-02-10T14:00:00Z,DE-LU,DK1,3311.0,3819.0,1371.0,0,0,30.0
2026-02-10T15:00:00Z,DE-LU,AT,682.0,1636.0,1185.0,0,0,0
2026-02-10T15:00:00Z,DE-LU,FR,3513.0,4239.0,1612.0,0,0,0
2026-02-10T15:00:00Z,DE-LU,NL,1678.0,3828.0,-2985.0,0,0,0
2026-02-10T15:00:00Z,DE-LU,PL,1315.0,2377.0,-794.0,0,0,0
2026-02-10T15:00:00Z,DE-LU,CZ,650.0,1548.0,189.0,0,0,0
2026-02-10T15:00:00Z,DE-LU,DK1,2073.0,2726.0,-1119.0,0,0,0
2026-02-10T16:00:00Z,DE-LU,AT,719.0,1170.0,-646.0,0,0,0
2026-02-10T16:00:00Z,DE-LU,FR,585.0,858.0,671.0,0,0,0
2026-02-10T16:00:00Z,DE-LU,NL,1994.0,4404.0,-1322.0,0,0,0
2026-02-10T16:00:00Z,DE-LU,PL,976.0,2959.0,-706.0,0,0,0
2026-02-10T16:00:00Z,DE-LU,CZ,934.0,1255.0,134.0,0,0,0
2026-02-10T16:00:00Z,DE-LU,DK1,1495.0,2670.0,-1155.0,0,0,0
2026-02-10T17:00:00Z,DE-LU,AT,2428.0,3933.0,3049.0,0,0,0
2026-02-10T17:00:00Z,DE-LU,FR,2263.0,3544.0,-308.0,0,0,0
2026-02-10T17:00:00Z,DE-LU,NL,3444.0,4059.0,3082.0,0,0,0
2026-02-10T17:00:00Z,DE-LU,PL,2995.0,3189.0,2373.0,0,0,0
2026-02-10T17:00:00Z,DE-LU,CZ,1004.0,2473.0,1564.0,0,0,0
2026-02-10T17:00:00Z,DE-LU,DK1,657.0,2069.0,1619.0,8.63,0,0
2026-02-10T18:00:00Z,DE-LU,AT,1566.0,4273.0,2048.0,7.32,0,0
2026-02-10T18:00:00Z,DE-LU,FR,2516.0,4062.0,-1893.0,0,0,0
2026-02-10T18:00:00Z,DE-LU,NL,860.0,1511.0,-548.0,0,0,0
2026-02-10T18:00:00Z,DE-LU,PL,1729.0,2316.0,1316.0,0,0,0
2026-02-10T18:00:00Z,DE-LU,CZ,2447.0,3208.0,-1990.0,0,0,0
2026-02-10T18:00:00Z,DE-LU,DK1,2509.0,2860.0,308.0,0,0,0
2026-02-10T19:00:00Z,DE-LU,AT,944.0,1933.0,-774.0,0,0,0
2026-02-10T19:00:00Z,DE-LU,FR,2923.0,4127.0,1758.0,0,0,0
2026-02-10T19:00:00Z,DE-LU,NL,863.0,925.0,-312.0,0,0,0
2026-02-10T19:00:00Z,DE-LU,PL,1517.0,1895.0,436.0,0,0,0
2026-02-10T19:00:00Z,DE-LU,CZ,1361.0,2904.0,-1672.0,0,0,0
2026-02-10T19:00:00Z,DE-LU,DK1,2083.0,4381.0,-2896.0,0,0,0
2026-02-10T20:00:00Z,DE-LU,AT,1449.0,2017.0,654.0,0,0,0
2026-02-10T20:00:00Z,DE-LU,FR,1049.0,1977.0,1503.0,0,0,0
2026-02-10T20:00:00Z,DE-LU,NL,1325.0,2898.0,-2154.0,0,0,0
2026-02-10T20:00:00Z,DE-LU,PL,1258.0,2509.0,-1249.0,0,0,0
2026-02-10T20:00:00Z,DE-LU,CZ,2433.0,3770.0,-280.0,0,0,0
2026-02-10T20:00:00Z,DE-LU,DK1,1299.0,1891.0,413.0,0,0,0
2026-02-10T21:00:00Z,DE-LU,AT,3874.0,4238.0,-1361.0,0,0,0
2026-02-10T21:00:00Z,DE-LU,FR,1752.0,3429.0,2565.0,0,0,0
2026-02-10T21:00:00Z,DE-LU,NL,1330.0,1488.0,-743.0,0,0,0
2026-02-10T21:00:00Z,DE-LU,PL,2819.0,3268.0,-2220.0,0,0,0
2026-02-10T21:00:00Z,DE-LU,CZ,1372.0,3566.0,-2358.0,0,0,0
2026-02-10T21:00:00Z,DE-LU,DK1,2904.0,3839.0,-2270.0,0,0,0
2026-02-10T22:00:00Z,DE-LU,AT,927.0,2727.0,1131.0,0,0,8.0
2026-02-10T22:00:00Z,DE-LU,FR,2399.0,2691.0,-1576.0,0,0,0
2026-02-10T22:00:00Z,DE-LU,NL,3310.0,4440.0,-3174.0,0,0,0
2026-02-10T22:00:00Z,DE-LU,PL,3052.0,3792.0,-1703.0,0,0,0
2026-02-10T22:00:00Z,DE-LU,CZ,2164.0,2416.0,801.0,0,0,0
2026-02-10T22:00:00Z,DE-LU,DK1,866.0,2694.0,-2094.0,9.64,9.0,0
2026-02-10T23:00:00Z,DE-LU,AT,2778.0,3319.0,969.0,0,0,27.0
2026-02-10T23:00:00Z,DE-LU,FR,2096.0,2999.0,1924.0,0,0,0
2026-02-10T23:00:00Z,DE-LU,NL,1921.0,2870.0,-1773.0,0,0,0
2026-02-10T23:00:00Z,DE-LU,PL,3404.0,3799.0,-2777.0,0,0,0
2026-02-10T23:00:00Z,DE-LU,CZ,647.0,1541.0,-708.0,0,0,0
2026-02-10T23:00:00Z,DE-LU,DK1,1600.0,3234.0,-1530.0,0,0,0
2026-02-11T00:00:00Z,DE-LU,AT,1846.0,3652.0,-2127.0,0,0,0
2026-02-11T00:00:00Z,DE-LU,FR,2834.0,4156.0,-575.0,0,0,0
2026-02-11T00:00:00Z,DE-LU,NL,1003.0,1303.0,206.0,0,0,0
2026-02-11T00:00:00Z,DE-LU,PL,1657.0,2482.0,-762.0,0,0,0
2026-02-11T00:00:00Z,DE-LU,CZ,424.0,830.0,-97.0,0,0,0
2026-02-11T00:00:00Z,DE-LU,DK1,2110.0,2246.0,275.0,0,0,0
2026-02-11T01:00:00Z,DE-LU,AT,2519.0,3796.0,-2434.0,0,0,0
2026-02-11T01:00:00Z,DE-LU,FR,3176.0,3458.0,-1721.0,0,0,0
2026-02-11T01:00:00Z,DE-LU,NL,3613.0,3973.0,-1832.0,0,0,0
2026-02-11T01:00:00Z,DE-LU,PL,2813.0,4389.0,-300.0,0,0,0
2026-02-11T01:00:00Z,DE-LU,CZ,1270.0,3649.0,530.0,0.84,24.0,0
2026-02-11T01:00:00Z,DE-LU,DK1,1856.0,3356.0,2418.0,0,0,0
2026-02-11T02:00:00Z,DE-LU,AT,1717.0,3357.0,631.0,0,0,0
2026-02-11T02:00:00Z,DE-LU,FR,1031.0,1194.0,-203.0,0,0,0
2026-02-11T02:00:00Z,DE-LU,NL,2590.0,3309.0,570.0,0,0,0
2026-02-11T02:00:00Z,DE-LU,PL,1227.0,2533.0,620.0,0,0,0
2026-02-11T02:00:00Z,DE-LU,CZ,1351.0,2043.0,1185.0,0,0,0
2026-02-11T02:00:00Z,DE-LU,DK1,1179.0,1375.0,845.0,0,0,0
2026-02-11T03:00:00Z,DE-LU,AT,2438.0,2876.0,-208.0,0,0,0
2026-02-11T03:00:00Z,DE-LU,FR,1940.0,2076.0,-37.0,0,0,0
2026-02-11T03:00:00Z,DE-LU,NL,2168.0,2511.0,-1890.0,0,0,0
2026-02-11T03:00:00Z,DE-LU,PL,550.0,1633.0,-308.0,2.8,28.0,0
2026-02-11T03:00:00Z,DE-LU,CZ,1173.0,1432.0,246.0,0,0,0
2026-02-11T03:00:00Z,DE-LU,DK1,2699.0,3182.0,1411.0,0,0,0
2026-02-11T04:00:00Z,DE-LU,AT,2177.0,2726.0,-1614.0,0,0,0
2026-02-11T04:00:00Z,DE-LU,FR,740.0,1668.0,271.0,0,0,0
2026-02-11T04:00:00Z,DE-LU,NL,565.0,1274.0,-445.0,0,0,0
2026-02-11T04:00:00Z,DE-LU,PL,2338.0,3894.0,-2242.0,0,0,0
2026-02-11T04:00:00Z,DE-LU,CZ,2706.0,3156.0,-14.0,0,0,0
2026-02-11T04:00:00Z,DE-LU,DK1,1663.0,2051.0,-882.0,0,0,0
2026-02-11T05:00:00Z,DE-LU,AT,748.0,1345.0,-772.0,0,0,0
2026-02-11T05:00:00Z,DE-LU,FR,3248.0,3914.0,2060.0,0,0,0
2026-02-11T05:00:00Z,DE-LU,NL,3308.0,4177.0,2342.0,0,0,0
2026-02-11T05:00:00Z,DE-LU,PL,3991.0,4282.0,3216.0,0,0,0
2026-02-11T05:00:00Z,DE-LU,CZ,1091.0,1607.0,898.0,0,0,0
2026-02-11T05:00:00Z,DE-LU,DK1,865.0,1278.0,362.0,0,0,0
2026-02-11T06:00:00Z,DE-LU,AT,925.0,1905.0,-306.0,0,0,0
2026-02-11T06:00:00Z,DE-LU,FR,1684.0,2044.0,544.0,0,0,0
2026-02-11T06:00:00Z,DE-LU,NL,1491.0,1879.0,-1361.0,0,0,0
2026-02-11T06:00:00Z,DE-LU,PL,1418.0,2013.0,-1386.0,0,0,0
2026-02-11T06:00:00Z,DE-LU,CZ,2180.0,2826.0,-1042.0,0,0,0
2026-02-11T06:00:00Z,DE-LU,DK1,1313.0,3399.0,-1835.0,0,0,0
2026-02-11T07:00:00Z,DE-LU,AT,1970.0,4197.0,-1853.0,0,0,0
2026-02-11T07:00:00Z,DE-LU,FR,2453.0,4050.0,-1092.0,0,0,0
2026-02-11T07:00:00Z,DE-LU,NL,469.0,1170.0,832.0,0,0,0
2026-02-11T07:00:00Z,DE-LU,PL,3131.0,3831.0,2979.0,0,0,0
2026-02-11T07:00:00Z,DE-LU,CZ,2147.0,2594.0,-1058.0,0,0,0
2026-02-11T07:00:00Z,DE-LU,DK1,2479.0,3876.0,1354.0,0,0,0
2026-02-11T08:00:00Z,DE-LU,AT,1606.0,2958.0,-1405.0,0,0,0
2026-02-11T08:00:00Z,DE-LU,FR,1543.0,2815.0,-718.0,0,0,0
2026-02-11T08:00:00Z,DE-LU,NL,3244.0,4228.0,-1644.0,0,0,0
2026-02-11T08:00:00Z,DE-LU,PL,649.0,855.0,-227.0,0,0,0
2026-02-11T08:00:00Z,DE-LU,CZ,835.0,1812.0,-63.0,0,0,0
2026-02-11T08:00:00Z,DE-LU,DK1,537.0,1429.0,-1058.0,0.87,12.0,0
2026-02-11T09:00:00Z,DE-LU,AT,2413.0,3128.0,1680.0,0,0,0
2026-02-11T09:00:00Z,DE-LU,FR,1406.0,3118.0,-911.0,0,0,0
2026-02-11T09:00:00Z,DE-LU,NL,1087.0,1285.0,67.0,0,0,0
2026-02-11T09:00:00Z,DE-LU,PL,1997.0,2553.0,-489.0,0,0,0
2026-02-11T09:00:00Z,DE-LU,CZ,873.0,1639.0,-190.0,0,0,0
2026-02-11T09:00:00Z,DE-LU,DK1,1232.0,2418.0,1035.0,0,0,0
2026-02-11T10:00:00Z,DE-LU,AT,2642.0,4210.0,-2443.0,0,0,0
2026-02-11T10:00:00Z,DE-LU,FR,1572.0,3426.0,-1455.0,0,0,0
2026-02-11T10:00:00Z,DE-LU,NL,648.0,1428.0,820.0,0,0,0
2026-02-11T10:00:00Z,DE-LU,PL,1317.0,2158.0,-273.0,0,0,0
2026-02-11T10:00:00Z,DE-LU,CZ,2976.0,3898.0,-2116.0,0,0,0
2026-02-11T10:00:00Z,DE-LU,DK1,1203.0,3371.0,-756.0,0,0,0
2026-02-11T11:00:00Z,DE-LU,AT,3241.0,4156.0,331.0,0,0,0
2026-02-11T11:00:00Z,DE-LU,FR,805.0,899.0,-395.0,0,0,0
2026-02-11T11:00:00Z,DE-LU,NL,1335.0,3427.0,-2512.0,0,0,0
2026-02-11T11:00:00Z,DE-LU,PL,2056.0,4082.0,1224.0,0,0,0
2026-02-11T11:00:00Z,DE-LU,CZ,1695.0,4145.0,-113.0,0,0,0
2026-02-11T11:00:00Z,DE-LU,DK1,1193.0,2559.0,-460.0,0,0,0
2026-02-11T12:00:00Z,DE-LU,AT,1794.0,3222.0,2518.0,0,0,0
2026-02-11T12:00:00Z,DE-LU,FR,3105.0,3464.0,2142.0,0,0,0
2026-02-11T12:00:00Z,DE-LU,NL,486.0,1168.0,797.0,0,0,0
2026-02-11T12:00:00Z,DE-LU,PL,496.0,1433.0,-1057.0,0,0,0
2026-02-11T12:00:00Z,DE-LU,CZ,677.0,1106.0,-79.0,0,0,0
2026-02-11T12:00:00Z,DE-LU,DK1,2853.0,3943.0,1788.0,0,0,0
2026-02-11T13:00:00Z,DE-LU,AT,2671.0,4470.0,3567.0,0,0,0
2026-02-11T13:00:00Z,DE-LU,FR,1490.0,3291.0,535.0,0,0,0
2026-02-11T13:00:00Z,DE-LU,NL,2556.0,2924.0,-1902.0,0,0,0
2026-02-11T13:00:00Z,DE-LU,PL,1807.0,2549.0,108.0,0,0,0
2026-02-11T13:00:00Z,DE-LU,CZ,1386.0,1832.0,-656.0,0,0,0
2026-02-11T13:00:00Z,DE-LU,DK1,2585.0,2981.0,-1435.0,0,0,0
2026-02-11T14:00:00Z,DE-LU,AT,3231.0,3402.0,1214.0,0,0,0
2026-02-11T14:00:00Z,DE-LU,FR,2402.0,3500.0,1805.0,0,0,0
2026-02-11T14:00:00Z,DE-LU,NL,1071.0,3118.0,287.0,8.18,0,0
2026-02-11T14:00:00Z,DE-LU,PL,1805.0,2944.0,-535.0,0,0,0
2026-02-11T14:00:00Z,DE-LU,CZ,1658.0,4233.0,2372.0,0,0,18.0
2026-02-11T14:00:00Z,DE-LU,DK1,1371.0,4283.0,-2882.0,6.04,0,0
2026-02-11T15:00:00Z,DE-LU,AT,2196.0,2335.0,-270.0,0,0,0
2026-02-11T15:00:00Z,DE-LU,FR,1220.0,2161.0,243.0,0,0,0
2026-02-11T15:00:00Z,DE-LU,NL,1637.0,3541.0,1926.0,0,0,0
2026-02-11T15:00:00Z,DE-LU,PL,924.0,2192.0,110.0,0,0,0
2026-02-11T15:00:00Z,DE-LU,CZ,921.0,1660.0,1037.0,0,0,0
2026-02-11T15:00:00Z,DE-LU,DK1,3370.0,3686.0,-1826.0,0,0,0
2026-02-11T16:00:00Z,DE-LU,AT,2299.0,3217.0,-1056.0,0,0,0
2026-02-11T16:00:00Z,DE-LU,FR,2848.0,4092.0,3269.0,0,0,0
2026-02-11T16:00:00Z,DE-LU,NL,1370.0,2428.0,-244.0,0,0,0
2026-02-11T16:00:00Z,DE-LU,PL,1821.0,2372.0,-1791.0,0,0,0
2026-02-11T16:00:00Z,DE-LU,CZ,1629.0,2682.0,1480.0,0,0,0
2026-02-11T16:00:00Z,DE-LU,DK1,2300.0,3473.0,-126.0,0,0,0
2026-02-11T17:00:00Z,DE-LU,AT,1228.0,1961.0,1173.0,0,0,0
2026-02-11T17:00:00Z,DE-LU,FR,4012.0,4430.0,898.0,0,0,0
2026-02-11T17:00:00Z,DE-LU,NL,1359.0,3621.0,1654.0,11.07,0,0
2026-02-11T17:00:00Z,DE-LU,PL,3856.0,4294.0,-1400.0,0,0,0
2026-02-11T17:00:00Z,DE-LU,CZ,2294.0,3170.0,1555.0,0,0,0
2026-02-11T17:00:00Z,DE-LU,DK1,1697.0,1974.0,1428.0,0,0,0
2026-02-11T18:00:00Z,DE-LU,AT,1030.0,1126.0,739.0,0,0,0
2026-02-11T18:00:00Z,DE-LU,FR,1475.0,1905.0,1251.0,0,0,0
2026-02-11T18:00:00Z,DE-LU,NL,1124.0,2347.0,-784.0,0,0,0
2026-02-11T18:00:00Z,DE-LU,PL,1671.0,1927.0,-941.0,0,0,0
2026-02-11T18:00:00Z,DE-LU,CZ,1200.0,3058.0,-552.0,5.24,0,0
2026-02-11T18:00:00Z,DE-LU,DK1,1802.0,3605.0,1187.0,0,0,0
2026-02-11T19:00:00Z,DE-LU,AT,1907.0,3227.0,1688.0,0,0,0
2026-02-11T19:00:00Z,DE-LU,FR,448.0,1178.0,-764.0,5.1,52.0,0
2026-02-11T19:00:00Z,DE-LU,NL,404.0,855.0,618.0,0,0,0
2026-02-11T19:00:00Z,DE-LU,PL,1153.0,2021.0,1332.0,0,0,0
2026-02-11T19:00:00Z,DE-LU,CZ,579.0,972.0,-555.0,0,0,0
2026-02-11T19:00:00Z,DE-LU,DK1,900.0,1884.0,186.0,0,0,0
2026-02-11T20:00:00Z,DE-LU,AT,1057.0,2207.0,231.0,0,0,0
2026-02-11T20:00:00Z,DE-LU,FR,789.0,1317.0,1053.0,0,0,0
2026-02-11T20:00:00Z,DE-LU,NL,888.0,2351.0,1658.0,0,0,0
2026-02-11T20:00:00Z,DE-LU,PL,2497.0,3463.0,-1180.0,0,0,0
2026-02-11T20:00:00Z,DE-LU,CZ,1166.0,2350.0,-1646.0,0,0,0
2026-02-11T20:00:00Z,DE-LU,DK1,2370.0,3658.0,-1052.0,0,0,0
2026-02-11T21:00:00Z,DE-LU,AT,545.0,1373.0,-392.0,4.14,0,0
2026-02-11T21:00:00Z,DE-LU,FR,323.0,965.0,-708.0,4.47,0,0
2026-02-11T21:00:00Z,DE-LU,NL,1707.0,2371.0,152.0,0,0,0
2026-02-11T21:00:00Z,DE-LU,PL,1177.0,3528.0,2419.0,4.06,0,0
2026-02-11T21:00:00Z,DE-LU,CZ,2301.0,2795.0,-1999.0,0,0,0
2026-02-11T21:00:00Z,DE-LU,DK1,1282.0,1652.0,1179.0,0,0,0
2026-02-11T22:00:00Z,DE-LU,AT,1471.0,2778.0,2000.0,0,0,0
2026-02-11T22:00:00Z,DE-LU,FR,3434.0,4183.0,825.0,0,0,0
2026-02-11T22:00:00Z,DE-LU,NL,829.0,893.0,261.0,0,0,0
2026-02-11T22:00:00Z,DE-LU,PL,2607.0,4286.0,-2096.0,0,0,0
2026-02-11T22:00:00Z,DE-LU,CZ,1018.0,1210.0,-348.0,0,0,0
2026-02-11T22:00:00Z,DE-LU,DK1,1249.0,1576.0,612.0,0,0,0
2026-02-11T23:00:00Z,DE-LU,AT,1887.0,4111.0,2704.0,0,0,0
2026-02-11T23:00:00Z,DE-LU,FR,1764.0,3849.0,1080.0,0,0,0
2026-02-11T23:00:00Z,DE-LU,NL,1118.0,2069.0,1015.0,0,0,0
2026-02-11T23:00:00Z,DE-LU,PL,2019.0,4290.0,-1731.0,0,0,0
2026-02-11T23:00:00Z,DE-LU,CZ,793.0,1192.0,-467.0,0,0,0
2026-02-11T23:00:00Z,DE-LU,DK1,1327.0,3741.0,2706.0,0,0,0
2026-02-12T00:00:00Z,DE-LU,AT,1302.0,3382.0,-2258.0,9.21,3.0,0
2026-02-12T00:00:00Z,DE-LU,FR,2164.0,3438.0,1928.0,0,0,0
2026-02-12T00:00:00Z,DE-LU,NL,699.0,1706.0,-979.0,0,0,0
2026-02-12T00:00:00Z,DE-LU,PL,3271.0,4207.0,-1909.0,0,0,0
2026-02-12T00:00:00Z,DE-LU,CZ,409.0,905.0,207.0,0,0,0
2026-02-12T00:00:00Z,DE-LU,DK1,2518.0,3392.0,2049.0,0,0,0
2026-02-12T01:00:00Z,DE-LU,AT,946.0,1177.0,856.0,0,0,0
2026-02-12T01:00:00Z,DE-LU,FR,956.0,2776.0,-574.0,0,0,0
2026-02-12T01:00:00Z,DE-LU,NL,2648.0,3667.0,1413.0,0,0,0
2026-02-12T01:00:00Z,DE-LU,PL,2244.0,3002.0,-2280.0,0,0,0
2026-02-12T01:00:00Z,DE-LU,CZ,2123.0,2896.0,-1661.0,0,0,0
2026-02-12T01:00:00Z,DE-LU,DK1,849.0,1327.0,556.0,0,0,0
2026-02-12T02:00:00Z,DE-LU,AT,914.0,2558.0,-1840.0,0,0,0
2026-02-12T02:00:00Z,DE-LU,FR,711.0,1555.0,902.0,0,0,0
2026-02-12T02:00:00Z,DE-LU,NL,914.0,2646.0,1120.0,0,0,0
2026-02-12T02:00:00Z,DE-LU,PL,2025.0,2617.0,1670.0,0,0,0
2026-02-12T02:00:00Z,DE-LU,CZ,1688.0,1933.0,902.0,0,0,0
2026-02-12T02:00:00Z,DE-LU,DK1,1207.0,3499.0,-2563.0,0,0,0
2026-02-12T03:00:00Z,DE-LU,AT,1444.0,2435.0,356.0,0,0,0
2026-02-12T03:00:00Z,DE-LU,FR,1543.0,2959.0,-1982.0,0,0,0
2026-02-12T03:00:00Z,DE-LU,NL,2344.0,3861.0,2474.0,0,0,0
2026-02-12T03:00:00Z,DE-LU,PL,1969.0,3145.0,-1660.0,0,0,0
2026-02-12T03:00:00Z,DE-LU,CZ,3435.0,4230.0,2709.0,0,0,0
2026-02-12T03:00:00Z,DE-LU,DK1,1928.0,3784.0,-2415.0,0,0,0
2026-02-12T04:00:00Z,DE-LU,AT,1708.0,2124.0,1375.0,0,0,0
2026-02-12T04:00:00Z,DE-LU,FR,1608.0,2466.0,385.0,0,0,0
2026-02-12T04:00:00Z,DE-LU,NL,1065.0,1785.0,154.0,0,0,0
2026-02-12T04:00:00Z,DE-LU,PL,1547.0,3813.0,-2775.0,0,0,0
2026-02-12T04:00:00Z,DE-LU,CZ,2118.0,3611.0,-298.0,0,0,0
2026-02-12T04:00:00Z,DE-LU,DK1,708.0,1206.0,584.0,0,0,0
2026-02-12T05:00:00Z,DE-LU,AT,2401.0,3144.0,-750.0,0,0,0
2026-02-12T05:00:00Z,DE-LU,FR,2204.0,4384.0,2282.0,0,0,0
2026-02-12T05:00:00Z,DE-LU,NL,2713.0,3579.0,-420.0,0,0,0
2026-02-12T05:00:00Z,DE-LU,PL,576.0,882.0,62.0,0,0,0
2026-02-12T05:00:00Z,DE-LU,CZ,411.0,1166.0,541.0,0,0,0
2026-02-12T05:00:00Z,DE-LU,DK1,3083.0,3293.0,94.0,0,0,0
2026-02-12T06:00:00Z,DE-LU,AT,1189.0,1685.0,-1200.0,0,0,0
2026-02-12T06:00:00Z,DE-LU,FR,1037.0,2946.0,-1904.0,0,0,0
2026-02-12T06:00:00Z,DE-LU,NL,1040.0,2402.0,1568.0,0,0,0
2026-02-12T06:00:00Z,DE-LU,PL,1135.0,1207.0,873.0,0,0,0
2026-02-12T06:00:00Z,DE-LU,CZ,622.0,1280.0,-904.0,0,0,0
2026-02-12T06:00:00Z,DE-LU,DK1,2327.0,2991.0,-1971.0,0,0,0
2026-02-12T07:00:00Z,DE-LU,AT,1466.0,3558.0,-2109.0,0,0,0
2026-02-12T07:00:00Z,DE-LU,FR,551.0,1497.0,-460.0,0,0,0
2026-02-12T07:00:00Z,DE-LU,NL,2305.0,3379.0,-458.0,0,0,0
2026-02-12T07:00:00Z,DE-LU,PL,1344.0,2190.0,223.0,0,0,0
2026-02-12T07:00:00Z,DE-LU,CZ,2752.0,3697.0,1979.0,0,0,0
2026-02-12T07:00:00Z,DE-LU,DK1,1335.0,1619.0,-323.0,0,0,0
2026-02-12T08:00:00Z,DE-LU,AT,3749.0,4196.0,2530.0,0,0,0
2026-02-12T08:00:00Z,DE-LU,FR,1706.0,2231.0,-1299.0,0,0,0
2026-02-12T08:00:00Z,DE-LU,NL,2936.0,4261.0,583.0,0,0,0
2026-02-12T08:00:00Z,DE-LU,PL,2339.0,2746.0,123.0,0,0,0
2026-02-12T08:00:00Z,DE-LU,CZ,637.0,1389.0,1068.0,0,0,0
2026-02-12T08:00:00Z,DE-LU,DK1,2236.0,3436.0,2708.0,0,0,0
2026-02-12T09:00:00Z,DE-LU,AT,2190.0,2344.0,-74.0,0,0,0
2026-02-12T09:00:00Z,DE-LU,FR,1677.0,3459.0,980.0,0,0,0
2026-02-12T09:00:00Z,DE-LU,NL,2200.0,2928.0,-1603.0,0,0,0
2026-02-12T09:00:00Z,DE-LU,PL,937.0,3114.0,-1966.0,4.6,54.0,0
2026-02-12T09:00:00Z,DE-LU,CZ,1814.0,2522.0,-1823.0,0,0,0
2026-02-12T09:00:00Z,DE-LU,DK1,2319.0,4167.0,-1895.0,0,0,0
2026-02-12T10:00:00Z,DE-LU,AT,2144.0,3044.0,-1732.0,0,0,0
2026-02-12T10:00:00Z,DE-LU,FR,2592.0,3199.0,1797.0,0,0,0
2026-02-12T10:00:00Z,DE-LU,NL,784.0,1481.0,-59.0,0,0,0
2026-02-12T10:00:00Z,DE-LU,PL,811.0,2119.0,-802.0,1.52,0,0
2026-02-12T10:00:00Z,DE-LU,CZ,955.0,2657.0,-960.0,3.37,28.0,0
2026-02-12T10:00:00Z,DE-LU,DK1,1804.0,2933.0,1788.0,0,0,0
2026-02-12T11:00:00Z,DE-LU,AT,2009.0,2332.0,751.0,0,0,0
2026-02-12T11:00:00Z,DE-LU,FR,362.0,1192.0,204.0,0,0,0
2026-02-12T11:00:00Z,DE-LU,NL,3060.0,3303.0,-2380.0,0,0,0
2026-02-12T11:00:00Z,DE-LU,PL,986.0,1677.0,724.0,0,0,0
2026-02-12T11:00:00Z,DE-LU,CZ,2685.0,4245.0,-2125.0,0,0,0
2026-02-12T11:00:00Z,DE-LU,DK1,2595.0,3045.0,-524.0,0,0,0
2026-02-12T12:00:00Z,DE-LU,AT,899.0,1144.0,829.0,0,0,0
2026-02-12T12:00:00Z,DE-LU,FR,288.0,944.0,-460.0,0,0,0
2026-02-12T12:00:00Z,DE-LU,NL,562.0,979.0,-185.0,0,0,0
2026-02-12T12:00:00Z,DE-LU,PL,1340.0,2526.0,-115.0,0,0,0
2026-02-12T12:00:00Z,DE-LU,CZ,1363.0,3274.0,-2209.0,0,0,0
2026-02-12T12:00:00Z,DE-LU,DK1,2472.0,2740.0,-1427.0,0,0,0
2026-02-12T13:00:00Z,DE-LU,AT,497.0,1471.0,-994.0,3.17,24.0,0
2026-02-12T13:00:00Z,DE-LU,FR,2445.0,2864.0,-455.0,0,0,34.0
2026-02-12T13:00:00Z,DE-LU,NL,844.0,1551.0,-1240.0,0,0,0
2026-02-12T13:00:00Z,DE-LU,PL,794.0,1118.0,576.0,0,0,0
2026-02-12T13:00:00Z,DE-LU,CZ,1549.0,1992.0,-677.0,0,0,0
2026-02-12T13:00:00Z,DE-LU,DK1,3167.0,4029.0,-924.0,0,0,0
2026-02-12T14:00:00Z,DE-LU,AT,1613.0,1891.0,504.0,0,0,0
2026-02-12T14:00:00Z,DE-LU,FR,2752.0,4491.0,1559.0,0,0,0
2026-02-12T14:00:00Z,DE-LU,NL,1684.0,3329.0,2396.0,0,0,0
2026-02-12T14:00:00Z,DE-LU,PL,782.0,1661.0,1010.0,0,0,0
2026-02-12T14:00:00Z,DE-LU,CZ,948.0,2671.0,-388.0,2.13,0,0
2026-02-12T14:00:00Z,DE-LU,DK1,1855.0,2570.0,694.0,0,0,0
2026-02-12T15:00:00Z,DE-LU,AT,1707.0,2782.0,-355.0,0,0,0
2026-02-12T15:00:00Z,DE-LU,FR,1348.0,1960.0,-638.0,0,0,0
2026-02-12T15:00:00Z,DE-LU,NL,1116.0,1518.0,-1088.0,0,0,0
2026-02-12T15:00:00Z,DE-LU,PL,1008.0,3040.0,1613.0,0,0,0
2026-02-12T15:00:00Z,DE-LU,CZ,779.0,1616.0,1184.0,0,0,0
2026-02-12T15:00:00Z,DE-LU,DK1,1908.0,3309.0,1876.0,0,0,0
2026-02-12T16:00:00Z,DE-LU,AT,924.0,2687.0,861.0,1.9,46.0,0
2026-02-12T16:00:00Z,DE-LU,FR,1173.0,2358.0,-212.0,0,0,0
2026-02-12T16:00:00Z,DE-LU,NL,1102.0,1466.0,-472.0,0,0,0
2026-02-12T16:00:00Z,DE-LU,PL,3034.0,3748.0,564.0,0,0,20.0
2026-02-12T16:00:00Z,DE-LU,CZ,771.0,897.0,295.0,0,0,0
2026-02-12T16:00:00Z,DE-LU,DK1,896.0,1996.0,1025.0,0,0,0
2026-02-12T17:00:00Z,DE-LU,AT,2467.0,4146.0,349.0,0,0,0
2026-02-12T17:00:00Z,DE-LU,FR,3211.0,3694.0,957.0,0,0,0
2026-02-12T17:00:00Z,DE-LU,NL,3107.0,4141.0,2790.0,0,0,0
2026-02-12T17:00:00Z,DE-LU,PL,1252.0,1589.0,-1171.0,0,0,0
2026-02-12T17:00:00Z,DE-LU,CZ,3470.0,3777.0,453.0,0,0,0
2026-02-12T17:00:00Z,DE-LU,DK1,2171.0,2551.0,-552.0,0,0,0
2026-02-12T18:00:00Z,DE-LU,AT,1854.0,3833.0,2779.0,0,0,0
2026-02-12T18:00:00Z,DE-LU,FR,1213.0,1570.0,201.0,0,0,0
2026-02-12T18:00:00Z,DE-LU,NL,716.0,2235.0,730.0,0,0,0
2026-02-12T18:00:00Z,DE-LU,PL,2167.0,4241.0,2200.0,0,0,0
2026-02-12T18:00:00Z,DE-LU,CZ,1667.0,4144.0,-685.0,0,0,0
2026-02-12T18:00:00Z,DE-LU,DK1,521.0,1657.0,-764.0,6.61,0,9.0
2026-02-12T19:00:00Z,DE-LU,AT,3208.0,3718.0,-1409.0,0,0,0
2026-02-12T19:00:00Z,DE-LU,FR,1047.0,2113.0,-1451.0,0,0,0
2026-02-12T19:00:00Z,DE-LU,NL,311.0,913.0,546.0,0,0,0
2026-02-12T19:00:00Z,DE-LU,PL,3397.0,4038.0,1110.0,0,0,0
2026-02-12T19:00:00Z,DE-LU,CZ,862.0,2608.0,1470.0,3.01,0,0
2026-02-12T19:00:00Z,DE-LU,DK1,1807.0,4128.0,800.0,0,0,0
2026-02-12T20:00:00Z,DE-LU,AT,1215.0,3907.0,-266.0,0,0,0
2026-02-12T20:00:00Z,DE-LU,FR,1732.0,4046.0,738.0,0,0,0
2026-02-12T20:00:00Z,DE-LU,NL,1064.0,3506.0,958.0,0,0,0
2026-02-12T20:00:00Z,DE-LU,PL,1877.0,4004.0,1628.0,0,0,0
2026-02-12T20:00:00Z,DE-LU,CZ,2380.0,2586.0,484.0,0,0,0
2026-02-12T20:00:00Z,DE-LU,DK1,1691.0,2335.0,-940.0,0,0,0
2026-02-12T21:00:00Z,DE-LU,AT,1544.0,2146.0,287.0,0,0,0
2026-02-12T21:00:00Z,DE-LU,FR,1044.0,1560.0,1139.0,0,0,0
2026-02-12T21:00:00Z,DE-LU,NL,1145.0,1242.0,426.0,0,0,0
2026-02-12T21:00:00Z,DE-LU,PL,3611.0,4076.0,2617.0,0,0,0
2026-02-12T21:00:00Z,DE-LU,CZ,805.0,1069.0,722.0,0,0,0
2026-02-12T21:00:00Z,DE-LU,DK1,1094.0,2920.0,-2083.0,0,0,0
2026-02-12T22:00:00Z,DE-LU,AT,1484.0,1621.0,637.0,0,0,0
2026-02-12T22:00:00Z,DE-LU,FR,4022.0,4392.0,-1540.0,0,0,0
2026-02-12T22:00:00Z,DE-LU,NL,1065.0,1571.0,219.0,0,0,21.0
2026-02-12T22:00:00Z,DE-LU,PL,820.0,2069.0,-1020.0,0,0,0
2026-02-12T22:00:00Z,DE-LU,CZ,405.0,1039.0,377.0,0,0,0
2026-02-12T22:00:00Z,DE-LU,DK1,590.0,1811.0,438.0,1.26,18.0,0
2026-02-12T23:00:00Z,DE-LU,AT,1370.0,3503.0,-1682.0,0,0,0
2026-02-12T23:00:00Z,DE-LU,FR,2715.0,3056.0,2243.0,0,0,0
2026-02-12T23:00:00Z,DE-LU,NL,1119.0,2626.0,-1831.0,0,0,0
2026-02-12T23:00:00Z,DE-LU,PL,413.0,925.0,521.0,0,0,0
2026-02-12T23:00:00Z,DE-LU,CZ,2892.0,3110.0,1907.0,0,0,0
2026-02-12T23:00:00Z,DE-LU,DK1,1392.0,3875.0,1725.0,0,0,0
2026-02-13T00:00:00Z,DE-LU,AT,2152.0,4342.0,190.0,0,0,0
2026-02-13T00:00:00Z,DE-LU,FR,1562.0,1849.0,1277.0,0,0,0
2026-02-13T00:00:00Z,DE-LU,NL,1665.0,2316.0,1673.0,0,0,0
2026-02-13T00:00:00Z,DE-LU,PL,1265.0,1778.0,1220.0,0,0,0
2026-02-13T00:00:00Z,DE-LU,CZ,2478.0,3904.0,1929.0,0,0,0
2026-02-13T00:00:00Z,DE-LU,DK1,2654.0,3555.0,1086.0,0,0,0
2026-02-13T01:00:00Z,DE-LU,AT,693.0,1016.0,797.0,0,0,0
2026-02-13T01:00:00Z,DE-LU,FR,991.0,1171.0,919.0,0,0,0
2026-02-13T01:00:00Z,DE-LU,NL,1797.0,1965.0,727.0,0,0,0
2026-02-13T01:00:00Z,DE-LU,PL,3594.0,4336.0,397.0,0,0,0
2026-02-13T01:00:00Z,DE-LU,CZ,2533.0,3040.0,-369.0,0,0,0
2026-02-13T01:00:00Z,DE-LU,DK1,1766.0,2864.0,-572.0,0,0,0
2026-02-13T02:00:00Z,DE-LU,AT,2913.0,4122.0,-2166.0,0,0,0
2026-02-13T02:00:00Z,DE-LU,FR,1394.0,1590.0,-1135.0,0,0,0
2026-02-13T02:00:00Z,DE-LU,NL,565.0,1707.0,-338.0,1.14,147.0,0
2026-02-13T02:00:00Z,DE-LU,PL,1129.0,2893.0,-879.0,0,0,0
2026-02-13T02:00:00Z,DE-LU,CZ,3180.0,4220.0,-2547.0,0,0,0
2026-02-13T02:00:00Z,DE-LU,DK1,641.0,1164.0,718.0,0,0,0
2026-02-13T03:00:00Z,DE-LU,AT,1086.0,2716.0,1388.0,0,0,0
2026-02-13T03:00:00Z,DE-LU,FR,1157.0,2433.0,266.0,0,0,0
2026-02-13T03:00:00Z,DE-LU,NL,2092.0,3865.0,2150.0,0,0,0
2026-02-13T03:00:00Z,DE-LU,PL,1118.0,1228.0,-531.0,0,0,0
2026-02-13T03:00:00Z,DE-LU,CZ,1991.0,2391.0,-1840.0,0,0,0
2026-02-13T03:00:00Z,DE-LU,DK1,899.0,1868.0,327.0,0,0,0
2026-02-13T04:00:00Z,DE-LU,AT,2072.0,3626.0,666.0,0,0,0
2026-02-13T04:00:00Z,DE-LU,FR,1368.0,2521.0,-264.0,0,0,0
2026-02-13T04:00:00Z,DE-LU,NL,2843.0,4181.0,-1449.0,0,0,0
2026-02-13T04:00:00Z,DE-LU,PL,1269.0,1908.0,-905.0,0,0,0
2026-02-13T04:00:00Z,DE-LU,CZ,1078.0,2395.0,-306.0,0,0,60.0
2026-02-13T04:00:00Z,DE-LU,DK1,1825.0,4087.0,2223.0,0,0,0
2026-02-13T05:00:00Z,DE-LU,AT,2225.0,3361.0,-535.0,0,0,0
2026-02-13T05:00:00Z,DE-LU,FR,2046.0,2999.0,-1015.0,0,0,0
2026-02-13T05:00:00Z,DE-LU,NL,1593.0,1943.0,1164.0,0,0,0
2026-02-13T05:00:00Z,DE-LU,PL,1775.0,2043.0,-548.0,0,0,0
2026-02-13T05:00:00Z,DE-LU,CZ,2243.0,2729.0,-481.0,0,0,0
2026-02-13T05:00:00Z,DE-LU,DK1,2107.0,2619.0,451.0,0,0,0
2026-02-13T06:00:00Z,DE-LU,AT,3044.0,3601.0,2230.0,0,0,0
2026-02-13T06:00:00Z,DE-LU,FR,1595.0,1922.0,344.0,0,0,0
2026-02-13T06:00:00Z,DE-LU,NL,2453.0,3895.0,-914.0,0,0,19.0
2026-02-13T06:00:00Z,DE-LU,PL,3027.0,4332.0,785.0,0,0,0
2026-02-13T06:00:00Z,DE-LU,CZ,2186.0,3960.0,2283.0,0,0,0
2026-02-13T06:00:00Z,DE-LU,DK1,608.0,1884.0,185.0,1.09,38.0,0
2026-02-13T07:00:00Z,DE-LU,AT,990.0,1375.0,-1079.0,0,0,0
2026-02-13T07:00:00Z,DE-LU,FR,2573.0,3119.0,503.0,0,0,8.0
2026-02-13T07:00:00Z,DE-LU,NL,2505.0,2748.0,-1195.0,0,0,0
2026-02-13T07:00:00Z,DE-LU,PL,2748.0,3258.0,-529.0,0,0,0
2026-02-13T07:00:00Z,DE-LU,CZ,998.0,1833.0,1064.0,0,0,0
2026-02-13T07:00:00Z,DE-LU,DK1,1707.0,3965.0,1492.0,0,0,0
2026-02-13T08:00:00Z,DE-LU,AT,1460.0,4147.0,949.0,2.99,0,0
2026-02-13T08:00:00Z,DE-LU,FR,2141.0,2411.0,64.0,0,0,0
2026-02-13T08:00:00Z,DE-LU,NL,2402.0,3697.0,2837.0,0,0,0
2026-02-13T08:00:00Z,DE-LU,PL,2350.0,3364.0,-1358.0,0,0,0
2026-02-13T08:00:00Z,DE-LU,CZ,1448.0,2505.0,1928.0,0,0,0
2026-02-13T08:00:00Z,DE-LU,DK1,2436.0,3400.0,-1222.0,0,0,0
2026-02-13T09:00:00Z,DE-LU,AT,849.0,2355.0,-662.0,0,0,0
2026-02-13T09:00:00Z,DE-LU,FR,1657.0,2580.0,647.0,0,0,0
2026-02-13T09:00:00Z,DE-LU,NL,1028.0,1337.0,-109.0,0,0,0
2026-02-13T09:00:00Z,DE-LU,PL,1549.0,2006.0,-60.0,0,0,0
2026-02-13T09:00:00Z,DE-LU,CZ,788.0,1131.0,-870.0,0,0,0
2026-02-13T09:00:00Z,DE-LU,DK1,1815.0,2090.0,449.0,0,0,0
2026-02-13T10:00:00Z,DE-LU,AT,3154.0,4366.0,359.0,0,0,0
2026-02-13T10:00:00Z,DE-LU,FR,2406.0,2579.0,959.0,0,0,0
2026-02-13T10:00:00Z,DE-LU,NL,1017.0,1900.0,1214.0,0,0,0
2026-02-13T10:00:00Z,DE-LU,PL,1915.0,3847.0,2780.0,0,0,0
2026-02-13T10:00:00Z,DE-LU,CZ,999.0,1179.0,232.0,0,0,0
2026-02-13T10:00:00Z,DE-LU,DK1,460.0,920.0,-350.0,0,0,0
2026-02-13T11:00:00Z,DE-LU,AT,702.0,1656.0,1300.0,0,0,0
2026-02-13T11:00:00Z,DE-LU,FR,925.0,1421.0,9.0,0,0,0
2026-02-13T11:00:00Z,DE-LU,NL,2597.0,4266.0,-2598.0,0,0,0
2026-02-13T11:00:00Z,DE-LU,PL,569.0,1446.0,29.0,7.18,117.0,0
2026-02-13T11:00:00Z,DE-LU,CZ,750.0,1976.0,-1559.0,0,0,0
2026-02-13T11:00:00Z,DE-LU,DK1,1766.0,1919.0,1363.0,0,0,0
2026-02-13T12:00:00Z,DE-LU,AT,2872.0,3503.0,-358.0,0,0,0
2026-02-13T12:00:00Z,DE-LU,FR,588.0,1144.0,-832.0,0,0,0
2026-02-13T12:00:00Z,DE-LU,NL,1649.0,2741.0,-63.0,0,0,0
2026-02-13T12:00:00Z,DE-LU,PL,1469.0,1891.0,973.0,0,0,0
2026-02-13T12:00:00Z,DE-LU,CZ,1308.0,1407.0,106.0,0,0,24.0
2026-02-13T12:00:00Z,DE-LU,DK1,2436.0,4099.0,3110.0,0,0,0
2026-02-13T13:00:00Z,DE-LU,AT,1418.0,1493.0,-982.0,0,0,0
2026-02-13T13:00:00Z,DE-LU,FR,1819.0,2052.0,1230.0,0,0,0
2026-02-13T13:00:00Z,DE-LU,NL,939.0,1008.0,-497.0,0,0,4.0
2026-02-13T13:00:00Z,DE-LU,PL,3208.0,3643.0,-2360.0,0,0,0
2026-02-13T13:00:00Z,DE-LU,CZ,2152.0,4039.0,-264.0,0,0,0
2026-02-13T13:00:00Z,DE-LU,DK1,1871.0,4492.0,-1033.0,0,0,0
2026-02-13T14:00:00Z,DE-LU,AT,2214.0,4313.0,591.0,0,0,0
2026-02-13T14:00:00Z,DE-LU,FR,1796.0,3274.0,-2105.0,0,0,0
2026-02-13T14:00:00Z,DE-LU,NL,1002.0,1914.0,-883.0,0,0,0
2026-02-13T14:00:00Z,DE-LU,PL,1809.0,3715.0,-517.0,0,0,0
2026-02-13T14:00:00Z,DE-LU,CZ,1509.0,2610.0,1073.0,0,0,0
2026-02-13T14:00:00Z,DE-LU,DK1,1060.0,1335.0,-895.0,0,0,0
2026-02-13T15:00:00Z,DE-LU,AT,1161.0,3683.0,506.0,4.52,0,0
2026-02-13T15:00:00Z,DE-LU,FR,927.0,2183.0,1013.0,0,0,0
2026-02-13T15:00:00Z,DE-LU,NL,982.0,1410.0,-935.0,0,0,0
2026-02-13T15:00:00Z,DE-LU,PL,3661.0,4156.0,-2164.0,0,0,0
2026-02-13T15:00:00Z,DE-LU,CZ,2578.0,4368.0,1300.0,0,0,0
2026-02-13T15:00:00Z,DE-LU,DK1,726.0,959.0,297.0,0,0,0
2026-02-13T16:00:00Z,DE-LU,AT,1522.0,3147.0,-1355.0,0,0,0
2026-02-13T16:00:00Z,DE-LU,FR,1276.0,3495.0,2637.0,0,0,0
2026-02-13T16:00:00Z,DE-LU,NL,1136.0,2516.0,728.0,0,0,0
2026-02-13T16:00:00Z,DE-LU,PL,1565.0,3626.0,-754.0,0,0,0
2026-02-13T16:00:00Z,DE-LU,CZ,370.0,1017.0,-706.0,0,0,0
2026-02-13T16:00:00Z,DE-LU,DK1,1254.0,2167.0,888.0,0,0,0
2026-02-13T17:00:00Z,DE-LU,AT,614.0,1012.0,-204.0,0,0,0
2026-02-13T17:00:00Z,DE-LU,FR,2229.0,2709.0,186.0,0,0,0
2026-02-13T17:00:00Z,DE-LU,NL,2854.0,3453.0,-2165.0,0,0,0
2026-02-13T17:00:00Z,DE-LU,PL,1328.0,3264.0,-1303.0,0,0,0
2026-02-13T17:00:00Z,DE-LU,CZ,1272.0,1720.0,-755.0,0,0,0
2026-02-13T17:00:00Z,DE-LU,DK1,1421.0,2436.0,-136.0,0,0,0
2026-02-13T18:00:00Z,DE-LU,AT,3615.0,4033.0,2376.0,0,0,0
2026-02-13T18:00:00Z,DE-LU,FR,1648.0,2779.0,624.0,0,0,0
2026-02-13T18:00:00Z,DE-LU,NL,1956.0,2705.0,2069.0,0,0,0
2026-02-13T18:00:00Z,DE-LU,PL,829.0,1506.0,124.0,0,0,0
2026-02-13T18:00:00Z,DE-LU,CZ,1065.0,1419.0,-761.0,0,0,0
2026-02-13T18:00:00Z,DE-LU,DK1,1067.0,2071.0,-918.0,0,0,0
2026-02-13T19:00:00Z,DE-LU,AT,1419.0,1832.0,965.0,0,0,0
2026-02-13T19:00:00Z,DE-LU,FR,2286.0,3482.0,-1296.0,0,0,0
2026-02-13T19:00:00Z,DE-LU,NL,1999.0,2336.0,497.0,0,0,0
2026-02-13T19:00:00Z,DE-LU,PL,501.0,1212.0,519.0,0,0,0
2026-02-13T19:00:00Z,DE-LU,CZ,1823.0,2021.0,-1030.0,0,0,0
2026-02-13T19:00:00Z,DE-LU,DK1,888.0,2682.0,-494.0,3.58,26.0,0
2026-02-13T20:00:00Z,DE-LU,AT,1302.0,1486.0,-474.0,0,0,0
2026-02-13T20:00:00Z,DE-LU,FR,2555.0,2751.0,1278.0,0,0,0
2026-02-13T20:00:00Z,DE-LU,NL,3440.0,3721.0,1408.0,0,0,0
2026-02-13T20:00:00Z,DE-LU,PL,1127.0,1336.0,-1029.0,0,0,0
2026-02-13T20:00:00Z,DE-LU,CZ,529.0,822.0,102.0,0,0,0
2026-02-13T20:00:00Z,DE-LU,DK1,759.0,1923.0,1463.0,0,0,0
2026-02-13T21:00:00Z,DE-LU,AT,1865.0,2457.0,1238.0,0,0,0
2026-02-13T21:00:00Z,DE-LU,FR,3770.0,4092.0,-3072.0,0,0,0
2026-02-13T21:00:00Z,DE-LU,NL,2100.0,2712.0,-871.0,0,0,0
2026-02-13T21:00:00Z,DE-LU,PL,808.0,1025.0,-393.0,0,0,0
2026-02-13T21:00:00Z,DE-LU,CZ,885.0,1476.0,704.0,0,0,0
2026-02-13T21:00:00Z,DE-LU,DK1,1149.0,2108.0,1656.0,0,0,0
2026-02-13T22:00:00Z,DE-LU,AT,1883.0,4195.0,898.0,0,0,0
2026-02-13T22:00:00Z,DE-LU,FR,1452.0,4048.0,-220.0,4.92,69.0,0
2026-02-13T22:00:00Z,DE-LU,NL,1769.0,2627.0,153.0,0,0,0
2026-02-13T22:00:00Z,DE-LU,PL,870.0,1141.0,-658.0,0,0,0
2026-02-13T22:00:00Z,DE-LU,CZ,1046.0,2663.0,917.0,0,0,0
2026-02-13T22:00:00Z,DE-LU,DK1,2030.0,2180.0,-1410.0,0,0,0
2026-02-13T23:00:00Z,DE-LU,AT,2463.0,3164.0,-870.0,0,0,0
2026-02-13T23:00:00Z,DE-LU,FR,681.0,888.0,-101.0,0,0,0
2026-02-13T23:00:00Z,DE-LU,NL,1571.0,2386.0,-598.0,0,0,0
2026-02-13T23:00:00Z,DE-LU,PL,790.0,1998.0,289.0,0,0,0
2026-02-13T23:00:00Z,DE-LU,CZ,1678.0,3557.0,-1195.0,0,0,0
2026-02-13T23:00:00Z,DE-LU,DK1,1050.0,1704.0,800.0,0,0,0
2026-02-14T00:00:00Z,DE-LU,AT,459.0,972.0,-105.0,0,0,0
2026-02-14T00:00:00Z,DE-LU,FR,1363.0,2409.0,-812.0,0,0,0
2026-02-14T00:00:00Z,DE-LU,NL,2597.0,3199.0,1258.0,0,0,0
2026-02-14T00:00:00Z,DE-LU,PL,825.0,1530.0,980.0,0,0,0
2026-02-14T00:00:00Z,DE-LU,CZ,2335.0,3377.0,38.0,0,0,0
2026-02-14T00:00:00Z,DE-LU,DK1,2796.0,4014.0,2686.0,0,0,0
2026-02-14T01:00:00Z,DE-LU,AT,941.0,2076.0,-1292.0,0,0,0
2026-02-14T01:00:00Z,DE-LU,FR,785.0,1013.0,-480.0,0,0,0
2026-02-14T01:00:00Z,DE-LU,NL,3882.0,4202.0,284.0,0,0,0
2026-02-14T01:00:00Z,DE-LU,PL,1354.0,1832.0,1259.0,0,0,0
2026-02-14T01:00:00Z,DE-LU,CZ,1445.0,1879.0,275.0,0,0,0
2026-02-14T01:00:00Z,DE-LU,DK1,1061.0,2668.0,1135.0,1.54,0,0
2026-02-14T02:00:00Z,DE-LU,AT,835.0,1965.0,-1127.0,0,0,0
2026-02-14T02:00:00Z,DE-LU,FR,586.0,1159.0,645.0,0,0,0
2026-02-14T02:00:00Z,DE-LU,NL,1203.0,3116.0,1696.0,6.96,0,0
2026-02-14T02:00:00Z,DE-LU,PL,1857.0,2409.0,-1126.0,0,0,0
2026-02-14T02:00:00Z,DE-LU,CZ,1833.0,2178.0,-620.0,0,0,0
2026-02-14T02:00:00Z,DE-LU,DK1,2635.0,2857.0,2174.0,0,0,0
2026-02-14T03:00:00Z,DE-LU,AT,561.0,1806.0,1136.0,0,0,0
2026-02-14T03:00:00Z,DE-LU,FR,917.0,2032.0,997.0,0,0,0
2026-02-14T03:00:00Z,DE-LU,NL,2679.0,4243.0,-1255.0,0,0,0
2026-02-14T03:00:00Z,DE-LU,PL,1450.0,2168.0,1009.0,0,0,0
2026-02-14T03:00:00Z,DE-LU,CZ,757.0,1553.0,-541.0,0,0,0
2026-02-14T03:00:00Z,DE-LU,DK1,1494.0,3103.0,-187.0,0,0,0
2026-02-14T04:00:00Z,DE-LU,AT,529.0,1177.0,117.0,0,0,0
2026-02-14T04:00:00Z,DE-LU,FR,474.0,969.0,-703.0,0,0,0
2026-02-14T04:00:00Z,DE-LU,NL,1004.0,1987.0,543.0,0,0,0
2026-02-14T04:00:00Z,DE-LU,PL,3487.0,4195.0,-2545.0,0,0,0
2026-02-14T04:00:00Z,DE-LU,CZ,327.0,953.0,-761.0,7.67,11.0,0
2026-02-14T04:00:00Z,DE-LU,DK1,1323.0,1870.0,1076.0,0,0,0
2026-02-14T05:00:00Z,DE-LU,AT,869.0,1587.0,-1039.0,0,0,0
2026-02-14T05:00:00Z,DE-LU,FR,1625.0,3453.0,-200.0,0,0,0
2026-02-14T05:00:00Z,DE-LU,NL,602.0,1753.0,1104.0,3.93,9.0,0
2026-02-14T05:00:00Z,DE-LU,PL,952.0,1646.0,-1182.0,0,0,12.0
2026-02-14T05:00:00Z,DE-LU,CZ,3615.0,4251.0,-696.0,0,0,0
2026-02-14T05:00:00Z,DE-LU,DK1,2999.0,3480.0,2343.0,0,0,0
2026-02-14T06:00:00Z,DE-LU,AT,1940.0,4485.0,-1364.0,0,0,0
2026-02-14T06:00:00Z,DE-LU,FR,739.0,1641.0,-484.0,0,0,0
2026-02-14T06:00:00Z,DE-LU,NL,1740.0,3593.0,-493.0,0,0,0
2026-02-14T06:00:00Z,DE-LU,PL,3300.0,3702.0,-538.0,0,0,0
2026-02-14T06:00:00Z,DE-LU,CZ,2458.0,4426.0,2810.0,0,0,0
2026-02-14T06:00:00Z,DE-LU,DK1,1901.0,2333.0,1732.0,0,0,0
2026-02-14T07:00:00Z,DE-LU,AT,2132.0,2792.0,533.0,0,0,0
2026-02-14T07:00:00Z,DE-LU,FR,1348.0,3015.0,-1979.0,0,0,0
2026-02-14T07:00:00Z,DE-LU,NL,835.0,1844.0,139.0,0,0,0
2026-02-14T07:00:00Z,DE-LU,PL,2075.0,3958.0,-2854.0,0,0,0
2026-02-14T07:00:00Z,DE-LU,CZ,966.0,2199.0,1000.0,0,0,0
2026-02-14T07:00:00Z,DE-LU,DK1,994.0,1383.0,489.0,0,0,0
2026-02-14T08:00:00Z,DE-LU,AT,2971.0,4483.0,553.0,0,0,0
2026-02-14T08:00:00Z,DE-LU,FR,2097.0,3344.0,513.0,0,0,0
2026-02-14T08:00:00Z,DE-LU,NL,1136.0,2643.0,-286.0,0,0,0
2026-02-14T08:00:00Z,DE-LU,PL,842.0,1763.0,-131.0,0,0,0
2026-02-14T08:00:00Z,DE-LU,CZ,1619.0,2831.0,794.0,0,0,0
2026-02-14T08:00:00Z,DE-LU,DK1,1715.0,4406.0,3195.0,2.37,0,0
2026-02-14T09:00:00Z,DE-LU,AT,1689.0,3951.0,-63.0,0,0,0
2026-02-14T09:00:00Z,DE-LU,FR,2038.0,4049.0,1994.0,0,0,0
2026-02-14T09:00:00Z,DE-LU,NL,1878.0,3500.0,-528.0,0,0,0
2026-02-14T09:00:00Z,DE-LU,PL,2470.0,2797.0,-891.0,0,0,12.0
2026-02-14T09:00:00Z,DE-LU,CZ,781.0,1124.0,899.0,0,0,0
2026-02-14T09:00:00Z,DE-LU,DK1,937.0,1327.0,-416.0,0,0,0
2026-02-14T10:00:00Z,DE-LU,AT,1249.0,2933.0,860.0,0,0,0
2026-02-14T10:00:00Z,DE-LU,FR,2085.0,2734.0,-1039.0,0,0,0
2026-02-14T10:00:00Z,DE-LU,NL,1352.0,1541.0,-496.0,0,0,0
2026-02-14T10:00:00Z,DE-LU,PL,1480.0,3759.0,363.0,5.79,7.0,0
2026-02-14T10:00:00Z,DE-LU,CZ,1260.0,3614.0,2140.0,0.26,0,0
2026-02-14T10:00:00Z,DE-LU,DK1,416.0,1033.0,-622.0,0,0,0
2026-02-14T11:00:00Z,DE-LU,AT,1286.0,2097.0,1468.0,0,0,0
2026-02-14T11:00:00Z,DE-LU,FR,470.0,978.0,707.0,0,0,0
2026-02-14T11:00:00Z,DE-LU,NL,734.0,2012.0,579.0,0,0,0
2026-02-14T11:00:00Z,DE-LU,PL,428.0,1052.0,-351.0,0,0,0
2026-02-14T11:00:00Z,DE-LU,CZ,1635.0,4044.0,965.0,0,0,0
2026-02-14T11:00:00Z,DE-LU,DK1,1744.0,3024.0,779.0,0,0,0
2026-02-14T12:00:00Z,DE-LU,AT,1380.0,3390.0,1053.0,0,0,38.0
2026-02-14T12:00:00Z,DE-LU,FR,666.0,1127.0,21.0,0,0,0
2026-02-14T12:00:00Z,DE-LU,NL,840.0,1058.0,690.0,0,0,0
2026-02-14T12:00:00Z,DE-LU,PL,941.0,1345.0,-98.0,0,0,0
2026-02-14T12:00:00Z,DE-LU,CZ,1053.0,1665.0,-627.0,0,0,0
2026-02-14T12:00:00Z,DE-LU,DK1,3285.0,3599.0,1836.0,0,0,0
2026-02-14T13:00:00Z,DE-LU,AT,1125.0,2993.0,-160.0,0,0,0
2026-02-14T13:00:00Z,DE-LU,FR,1052.0,1228.0,177.0,0,0,0
2026-02-14T13:00:00Z,DE-LU,NL,2722.0,4399.0,-1595.0,0,0,0
2026-02-14T13:00:00Z,DE-LU,PL,1448.0,2151.0,1043.0,0,0,0
2026-02-14T13:00:00Z,DE-LU,CZ,1942.0,3899.0,1114.0,0,0,0
2026-02-14T13:00:00Z,DE-LU,DK1,1890.0,2514.0,1966.0,0,0,0
2026-02-14T14:00:00Z,DE-LU,AT,2033.0,3706.0,-2099.0,0,0,0
2026-02-14T14:00:00Z,DE-LU,FR,2123.0,2382.0,210.0,0,0,0
2026-02-14T14:00:00Z,DE-LU,NL,2743.0,4073.0,2891.0,0,0,0
2026-02-14T14:00:00Z,DE-LU,PL,624.0,1793.0,1022.0,0,0,0
2026-02-14T14:00:00Z,DE-LU,CZ,519.0,1645.0,1150.0,5.83,0,0
2026-02-14T14:00:00Z,DE-LU,DK1,1046.0,3198.0,-746.0,0,0,0
2026-02-14T15:00:00Z,DE-LU,AT,1900.0,2143.0,1512.0,0,0,0
2026-02-14T15:00:00Z,DE-LU,FR,852.0,1817.0,1237.0,0,0,0
2026-02-14T15:00:00Z,DE-LU,NL,623.0,1167.0,136.0,0,0,44.0
2026-02-14T15:00:00Z,DE-LU,PL,1392.0,2152.0,-1319.0,0,0,0
2026-02-14T15:00:00Z,DE-LU,CZ,1861.0,4005.0,-3191.0,0,0,0
2026-02-14T15:00:00Z,DE-LU,DK1,836.0,1758.0,-827.0,0,0,0
2026-02-14T16:00:00Z,DE-LU,AT,1190.0,1889.0,-1138.0,0,0,0
2026-02-14T16:00:00Z,DE-LU,FR,1493.0,3558.0,-669.0,0,0,0
2026-02-14T16:00:00Z,DE-LU,NL,1850.0,4363.0,-2110.0,0,0,0
2026-02-14T16:00:00Z,DE-LU,PL,2916.0,4374.0,1789.0,0,0,0
2026-02-14T16:00:00Z,DE-LU,CZ,2997.0,3969.0,-980.0,0,0,0
2026-02-14T16:00:00Z,DE-LU,DK1,2961.0,3700.0,1595.0,0,0,0
2026-02-14T17:00:00Z,DE-LU,AT,759.0,1062.0,-468.0,0,0,0
2026-02-14T17:00:00Z,DE-LU,FR,2040.0,3711.0,2309.0,0,0,0
2026-02-14T17:00:00Z,DE-LU,NL,2152.0,3060.0,-1519.0,0,0,0
2026-02-14T17:00:00Z,DE-LU,PL,1298.0,2381.0,1346.0,0,0,0
2026-02-14T17:00:00Z,DE-LU,CZ,2690.0,3520.0,-2025.0,0,0,0
2026-02-14T17:00:00Z,DE-LU,DK1,2042.0,4036.0,2569.0,0,0,0
2026-02-14T18:00:00Z,DE-LU,AT,1626.0,4422.0,-118.0,1.38,19.0,0
2026-02-14T18:00:00Z,DE-LU,FR,1512.0,2970.0,-1833.0,0,0,0
2026-02-14T18:00:00Z,DE-LU,NL,2781.0,4217.0,-464.0,0,0,0
2026-02-14T18:00:00Z,DE-LU,PL,1772.0,2821.0,-1943.0,0,0,56.0
2026-02-14T18:00:00Z,DE-LU,CZ,2025.0,3149.0,-1261.0,0,0,0
2026-02-14T18:00:00Z,DE-LU,DK1,2863.0,3732.0,858.0,0,0,0
2026-02-14T19:00:00Z,DE-LU,AT,2088.0,2327.0,282.0,0,0,0
2026-02-14T19:00:00Z,DE-LU,FR,1344.0,1504.0,-519.0,0,0,0
2026-02-14T19:00:00Z,DE-LU,NL,2811.0,4294.0,1310.0,0,0,0
2026-02-14T19:00:00Z,DE-LU,PL,1308.0,1562.0,-189.0,0,0,0
2026-02-14T19:00:00Z,DE-LU,CZ,1990.0,3397.0,-2395.0,0,0,0
2026-02-14T19:00:00Z,DE-LU,DK1,1200.0,2618.0,1336.0,0,0,0
2026-02-14T20:00:00Z,DE-LU,AT,767.0,1204.0,344.0,0,0,0
2026-02-14T20:00:00Z,DE-LU,FR,1026.0,3164.0,-1856.0,2.14,33.0,0
2026-02-14T20:00:00Z,DE-LU,NL,3413.0,3793.0,-2574.0,0,0,0
2026-02-14T20:00:00Z,DE-LU,PL,2363.0,3369.0,1783.0,0,0,0
2026-02-14T20:00:00Z,DE-LU,CZ,1042.0,1580.0,-791.0,0,0,0
2026-02-14T20:00:00Z,DE-LU,DK1,609.0,877.0,-524.0,0,0,0
2026-02-14T21:00:00Z,DE-LU,AT,1548.0,2173.0,-1092.0,0,0,0
2026-02-14T21:00:00Z,DE-LU,FR,351.0,839.0,11.0,0,0,0
2026-02-14T21:00:00Z,DE-LU,NL,1532.0,3541.0,1305.0,0,0,0
2026-02-14T21:00:00Z,DE-LU,PL,2857.0,3637.0,-1231.0,0,0,0
2026-02-14T21:00:00Z,DE-LU,CZ,2118.0,2746.0,-332.0,0,0,0
2026-02-14T21:00:00Z,DE-LU,DK1,1993.0,2877.0,-823.0,0,0,0
2026-02-14T22:00:00Z,DE-LU,AT,1869.0,3928.0,-951.0,0,0,0
2026-02-14T22:00:00Z,DE-LU,FR,1832.0,3269.0,635.0,0,0,0
2026-02-14T22:00:00Z,DE-LU,NL,1403.0,2004.0,-649.0,0,0,0
2026-02-14T22:00:00Z,DE-LU,PL,2241.0,3748.0,-1626.0,0,0,0
2026-02-14T22:00:00Z,DE-LU,CZ,1988.0,2692.0,1766.0,0,0,0
2026-02-14T22:00:00Z,DE-LU,DK1,541.0,1055.0,-587.0,0,0,0
2026-02-14T23:00:00Z,DE-LU,AT,533.0,1252.0,606.0,0,0,0
2026-02-14T23:00:00Z,DE-LU,FR,815.0,1587.0,-44.0,0,0,0
2026-02-14T23:00:00Z,DE-LU,NL,827.0,1823.0,-1451.0,0,0,0
2026-02-14T23:00:00Z,DE-LU,PL,3669.0,4334.0,2581.0,0,0,0
2026-02-14T23:00:00Z,DE-LU,CZ,2084.0,2839.0,-2019.0,0,0,0
2026-02-14T23:00:00Z,DE-LU,DK1,1842.0,4448.0,-1600.0,0,0,0
2026-02-15T00:00:00Z,DE-LU,AT,1221.0,1632.0,282.0,0,0,0
2026-02-15T00:00:00Z,DE-LU,FR,1534.0,2828.0,1746.0,0,0,0
2026-02-15T00:00:00Z,DE-LU,NL,2144.0,2344.0,426.0,0,0,0
2026-02-15T00:00:00Z,DE-LU,PL,2138.0,4065.0,-2323.0,0,0,0
2026-02-15T00:00:00Z,DE-LU,CZ,1419.0,2845.0,681.0,0,0,0
2026-02-15T00:00:00Z,DE-LU,DK1,749.0,2191.0,-109.0,0,0,0
2026-02-15T01:00:00Z,DE-LU,AT,1179.0,1641.0,677.0,0,0,0
2026-02-15T01:00:00Z,DE-LU,FR,803.0,1288.0,-122.0,0,0,0
2026-02-15T01:00:00Z,DE-LU,NL,723.0,2096.0,-461.0,0,0,0
2026-02-15T01:00:00Z,DE-LU,PL,3027.0,3387.0,2598.0,0,0,0
2026-02-15T01:00:00Z,DE-LU,CZ,1941.0,3342.0,2363.0,0,0,0
2026-02-15T01:00:00Z,DE-LU,DK1,1908.0,3470.0,-1384.0,0,0,0
2026-02-15T02:00:00Z,DE-LU,AT,1381.0,2039.0,199.0,0,0,0
2026-02-15T02:00:00Z,DE-LU,FR,1230.0,3650.0,-780.0,0,0,0
2026-02-15T02:00:00Z,DE-LU,NL,664.0,1658.0,1022.0,0,0,0
2026-02-15T02:00:00Z,DE-LU,PL,1543.0,4327.0,-1935.0,1.31,0,0
2026-02-15T02:00:00Z,DE-LU,CZ,2887.0,3391.0,-2193.0,0,0,0
2026-02-15T02:00:00Z,DE-LU,DK1,1234.0,1554.0,-255.0,0,0,0
2026-02-15T03:00:00Z,DE-LU,AT,697.0,1052.0,-232.0,0,0,0
2026-02-15T03:00:00Z,DE-LU,FR,1552.0,1991.0,156.0,0,0,0
2026-02-15T03:00:00Z,DE-LU,NL,678.0,1300.0,-732.0,0,0,0
2026-02-15T03:00:00Z,DE-LU,PL,3437.0,4470.0,-773.0,0,0,0
2026-02-15T03:00:00Z,DE-LU,CZ,1437.0,2405.0,959.0,0,0,0
2026-02-15T03:00:00Z,DE-LU,DK1,2179.0,3704.0,-1659.0,0,0,0
2026-02-15T04:00:00Z,DE-LU,AT,618.0,1824.0,-384.0,5.9,0,0
2026-02-15T04:00:00Z,DE-LU,FR,1067.0,2036.0,433.0,0,0,0
2026-02-15T04:00:00Z,DE-LU,NL,2935.0,4401.0,1430.0,0,0,0
2026-02-15T04:00:00Z,DE-LU,PL,1770.0,3239.0,-2185.0,0,0,0
2026-02-15T04:00:00Z,DE-LU,CZ,2903.0,3398.0,-2430.0,0,0,0
2026-02-15T04:00:00Z,DE-LU,DK1,1580.0,2650.0,125.0,0,0,0
2026-02-15T05:00:00Z,DE-LU,AT,595.0,886.0,466.0,0,0,0
2026-02-15T05:00:00Z,DE-LU,FR,3211.0,3396.0,-1902.0,0,0,0
2026-02-15T05:00:00Z,DE-LU,NL,1527.0,2869.0,823.0,0,0,0
2026-02-15T05:00:00Z,DE-LU,PL,1705.0,2831.0,1277.0,0,0,0
2026-02-15T05:00:00Z,DE-LU,CZ,1955.0,4447.0,504.0,0,0,0
2026-02-15T05:00:00Z,DE-LU,DK1,3962.0,4281.0,2018.0,0,0,0
2026-02-15T06:00:00Z,DE-LU,AT,993.0,3224.0,-1119.0,0,0,0
2026-02-15T06:00:00Z,DE-LU,FR,3592.0,4298.0,1772.0,0,0,0
2026-02-15T06:00:00Z,DE-LU,NL,1757.0,2585.0,-2042.0,0,0,0
2026-02-15T06:00:00Z,DE-LU,PL,1432.0,3330.0,549.0,0,0,0
2026-02-15T06:00:00Z,DE-LU,CZ,1720.0,3189.0,-559.0,0,0,0
2026-02-15T06:00:00Z,DE-LU,DK1,2531.0,3434.0,305.0,0,0,0
2026-02-15T07:00:00Z,DE-LU,AT,2455.0,4498.0,-1190.0,0,0,0
2026-02-15T07:00:00Z,DE-LU,FR,3056.0,3706.0,-813.0,0,0,0
2026-02-15T07:00:00Z,DE-LU,NL,2127.0,2810.0,1149.0,0,0,0
2026-02-15T07:00:00Z,DE-LU,PL,918.0,1521.0,811.0,0,0,0
2026-02-15T07:00:00Z,DE-LU,CZ,1367.0,2927.0,-496.0,0,0,0
2026-02-15T07:00:00Z,DE-LU,DK1,2469.0,3785.0,-1698.0,0,0,0
2026-02-15T08:00:00Z,DE-LU,AT,2706.0,3409.0,2698.0,0,0,0
2026-02-15T08:00:00Z,DE-LU,FR,971.0,1759.0,-1366.0,0,0,0
2026-02-15T08:00:00Z,DE-LU,NL,2397.0,3090.0,638.0,0,0,0
2026-02-15T08:00:00Z,DE-LU,PL,656.0,1327.0,-625.0,0,0,0
2026-02-15T08:00:00Z,DE-LU,CZ,2230.0,3024.0,-2398.0,0,0,0
2026-02-15T08:00:00Z,DE-LU,DK1,842.0,1467.0,19.0,0,0,0
2026-02-15T09:00:00Z,DE-LU,AT,666.0,831.0,318.0,0,0,0
2026-02-15T09:00:00Z,DE-LU,FR,418.0,1065.0,-44.0,0,0,0
2026-02-15T09:00:00Z,DE-LU,NL,1603.0,3425.0,686.0,0,0,0
2026-02-15T09:00:00Z,DE-LU,PL,1159.0,1690.0,-685.0,0,0,0
2026-02-15T09:00:00Z,DE-LU,CZ,2069.0,2877.0,-467.0,0,0,0
2026-02-15T09:00:00Z,DE-LU,DK1,1145.0,3090.0,597.0,0,0,0
2026-02-15T10:00:00Z,DE-LU,AT,1296.0,1637.0,196.0,0,0,0
2026-02-15T10:00:00Z,DE-LU,FR,2273.0,2856.0,-426.0,0,0,0
2026-02-15T10:00:00Z,DE-LU,NL,1494.0,2412.0,-943.0,0,0,0
2026-02-15T10:00:00Z,DE-LU,PL,1370.0,3397.0,-1677.0,0,0,0
2026-02-15T10:00:00Z,DE-LU,CZ,1460.0,1610.0,694.0,0,0,0
2026-02-15T10:00:00Z,DE-LU,DK1,1465.0,4347.0,-3085.0,0,0,0
2026-02-15T11:00:00Z,DE-LU,AT,1798.0,3716.0,1344.0,0,0,0
2026-02-15T11:00:00Z,DE-LU,FR,1002.0,1632.0,-666.0,0,0,0
2026-02-15T11:00:00Z,DE-LU,NL,1941.0,2564.0,-1965.0,0,0,0
2026-02-15T11:00:00Z,DE-LU,PL,1691.0,2918.0,-1395.0,0,0,0
2026-02-15T11:00:00Z,DE-LU,CZ,349.0,955.0,-212.0,1.17,89.0,0
2026-02-15T11:00:00Z,DE-LU,DK1,1872.0,2813.0,-789.0,0,0,0
2026-02-15T12:00:00Z,DE-LU,AT,2159.0,4492.0,727.0,0,0,0
2026-02-15T12:00:00Z,DE-LU,FR,1023.0,1415.0,100.0,0,0,0
2026-02-15T12:00:00Z,DE-LU,NL,2794.0,3471.0,2112.0,0,0,0
2026-02-15T12:00:00Z,DE-LU,PL,2536.0,3601.0,1310.0,0,0,0
2026-02-15T12:00:00Z,DE-LU,CZ,1926.0,3454.0,1058.0,0,0,0
2026-02-15T12:00:00Z,DE-LU,DK1,1199.0,3650.0,-1989.0,0,0,0
2026-02-15T13:00:00Z,DE-LU,AT,1382.0,2820.0,-402.0,0,0,0
2026-02-15T13:00:00Z,DE-LU,FR,3529.0,3949.0,-2608.0,0,0,0
2026-02-15T13:00:00Z,DE-LU,NL,599.0,1890.0,-1401.0,4.68,31.0,0
2026-02-15T13:00:00Z,DE-LU,PL,877.0,988.0,641.0,0,0,0
2026-02-15T13:00:00Z,DE-LU,CZ,1628.0,2278.0,-1232.0,0,0,0
2026-02-15T13:00:00Z,DE-LU,DK1,768.0,2028.0,-339.0,7.19,75.0,0
2026-02-15T14:00:00Z,DE-LU,AT,2026.0,3582.0,1255.0,0,0,0
2026-02-15T14:00:00Z,DE-LU,FR,621.0,1851.0,-1175.0,0,0,0
2026-02-15T14:00:00Z,DE-LU,NL,2318.0,2657.0,504.0,0,0,0
2026-02-15T14:00:00Z,DE-LU,PL,404.0,844.0,-650.0,0,0,0
2026-02-15T14:00:00Z,DE-LU,CZ,1116.0,2933.0,-1483.0,5.45,9.0,0
2026-02-15T14:00:00Z,DE-LU,DK1,1076.0,2700.0,-541.0,0,0,0
2026-02-15T15:00:00Z,DE-LU,AT,954.0,1138.0,-711.0,0,0,0
2026-02-15T15:00:00Z,DE-LU,FR,1511.0,2178.0,1531.0,0,0,0
2026-02-15T15:00:00Z,DE-LU,NL,1849.0,2345.0,1534.0,0,0,0
2026-02-15T15:00:00Z,DE-LU,PL,1446.0,2398.0,205.0,0,0,0
2026-02-15T15:00:00Z,DE-LU,CZ,3172.0,3591.0,-1235.0,0,0,0
2026-02-15T15:00:00Z,DE-LU,DK1,1037.0,1222.0,-607.0,0,0,0
2026-02-15T16:00:00Z,DE-LU,AT,418.0,1088.0,233.0,8.46,50.0,0
2026-02-15T16:00:00Z,DE-LU,FR,868.0,2491.0,-1600.0,0,0,0
2026-02-15T16:00:00Z,DE-LU,NL,698.0,1447.0,1065.0,0,0,0
2026-02-15T16:00:00Z,DE-LU,PL,1070.0,2352.0,-943.0,0,0,0
2026-02-15T16:00:00Z,DE-LU,CZ,2018.0,2845.0,-2026.0,0,0,0
2026-02-15T16:00:00Z,DE-LU,DK1,889.0,971.0,-601.0,0,0,0
2026-02-15T17:00:00Z,DE-LU,AT,1179.0,3638.0,2401.0,1.55,74.0,0
2026-02-15T17:00:00Z,DE-LU,FR,2933.0,3610.0,-2492.0,0,0,0
2026-02-15T17:00:00Z,DE-LU,NL,956.0,1206.0,178.0,0,0,0
2026-02-15T17:00:00Z,DE-LU,PL,472.0,1396.0,62.0,2.46,0,0
2026-02-15T17:00:00Z,DE-LU,CZ,2212.0,3378.0,1592.0,0,0,0
2026-02-15T17:00:00Z,DE-LU,DK1,404.0,1206.0,-252.0,0,0,0
2026-02-15T18:00:00Z,DE-LU,AT,2803.0,3042.0,1712.0,0,0,0
2026-02-15T18:00:00Z,DE-LU,FR,1072.0,1805.0,35.0,0,0,0
2026-02-15T18:00:00Z,DE-LU,NL,1627.0,1735.0,425.0,0,0,0
2026-02-15T18:00:00Z,DE-LU,PL,1473.0,2687.0,1441.0,0,0,0
2026-02-15T18:00:00Z,DE-LU,CZ,1550.0,2228.0,1770.0,0,0,0
2026-02-15T18:00:00Z,DE-LU,DK1,1022.0,1093.0,-420.0,0,0,0
2026-02-15T19:00:00Z,DE-LU,AT,481.0,833.0,-406.0,0,0,0
2026-02-15T19:00:00Z,DE-LU,FR,2390.0,3630.0,2221.0,0,0,0
2026-02-15T19:00:00Z,DE-LU,NL,1154.0,3107.0,-1644.0,1.11,0,0
2026-02-15T19:00:00Z,DE-LU,PL,1939.0,2151.0,398.0,0,0,0
2026-02-15T19:00:00Z,DE-LU,CZ,1874.0,2293.0,-1689.0,0,0,0
2026-02-15T19:00:00Z,DE-LU,DK1,1802.0,3985.0,-470.0,0,0,0
2026-02-15T20:00:00Z,DE-LU,AT,931.0,2493.0,-1434.0,0,0,0
2026-02-15T20:00:00Z,DE-LU,FR,1375.0,2129.0,273.0,0,0,0
2026-02-15T20:00:00Z,DE-LU,NL,2270.0,4204.0,1278.0,0,0,0
2026-02-15T20:00:00Z,DE-LU,PL,482.0,1293.0,267.0,2.1,46.0,0
2026-02-15T20:00:00Z,DE-LU,CZ,862.0,1053.0,156.0,0,0,0
2026-02-15T20:00:00Z,DE-LU,DK1,2941.0,3158.0,-1062.0,0,0,0
2026-02-15T21:00:00Z,DE-LU,AT,3511.0,3760.0,-1803.0,0,0,0
2026-02-15T21:00:00Z,DE-LU,FR,2297.0,2495.0,-1821.0,0,0,0
2026-02-15T21:00:00Z,DE-LU,NL,1040.0,2571.0,278.0,0,0,0
2026-02-15T21:00:00Z,DE-LU,PL,1143.0,2332.0,441.0,0,0,0
2026-02-15T21:00:00Z,DE-LU,CZ,2763.0,3481.0,2381.0,0,0,0
2026-02-15T21:00:00Z,DE-LU,DK1,2500.0,2819.0,1010.0,0,0,0
2026-02-15T22:00:00Z,DE-LU,AT,1710.0,3357.0,841.0,0,0,0
2026-02-15T22:00:00Z,DE-LU,FR,1033.0,1738.0,-232.0,0,0,0
2026-02-15T22:00:00Z,DE-LU,NL,966.0,2921.0,466.0,0,0,0
2026-02-15T22:00:00Z,DE-LU,PL,2913.0,3606.0,103.0,0,0,0
2026-02-15T22:00:00Z,DE-LU,CZ,2943.0,4267.0,816.0,0,0,0
2026-02-15T22:00:00Z,DE-LU,DK1,3029.0,3801.0,1139.0,0,0,0
2026-02-15T23:00:00Z,DE-LU,AT,3567.0,3952.0,882.0,0,0,0
2026-02-15T23:00:00Z,DE-LU,FR,995.0,1090.0,104.0,0,0,0
2026-02-15T23:00:00Z,DE-LU,NL,1697.0,2385.0,-1576.0,0,0,0
2026-02-15T23:00:00Z,DE-LU,PL,1346.0,2372.0,-889.0,0,0,0
2026-02-15T23:00:00Z,DE-LU,CZ,1523.0,4420.0,-2816.0,2.63,11.0,0
2026-02-15T23:00:00Z,DE-LU,DK1,1184.0,3283.0,-852.0,10.33,17.0,0
2026-02-16T00:00:00Z,DE-LU,AT,1352.0,2543.0,846.0,0,0,0
2026-02-16T00:00:00Z,DE-LU,FR,1085.0,1793.0,818.0,0,0,0
2026-02-16T00:00:00Z,DE-LU,NL,1397.0,1832.0,-1268.0,0,0,0
2026-02-16T00:00:00Z,DE-LU,PL,1413.0,1525.0,478.0,0,0,0
2026-02-16T00:00:00Z,DE-LU,CZ,764.0,1194.0,-379.0,0,0,0
2026-02-16T00:00:00Z,DE-LU,DK1,2328.0,3210.0,1038.0,0,0,0
2026-02-16T01:00:00Z,DE-LU,AT,2632.0,4122.0,1512.0,0,0,0
2026-02-16T01:00:00Z,DE-LU,FR,2244.0,2943.0,-209.0,0,0,0
2026-02-16T01:00:00Z,DE-LU,NL,914.0,1795.0,1197.0,0,0,0
2026-02-16T01:00:00Z,DE-LU,PL,3039.0,4285.0,-2893.0,0,0,0
2026-02-16T01:00:00Z,DE-LU,CZ,1282.0,3094.0,2067.0,0,0,0
2026-02-16T01:00:00Z,DE-LU,DK1,1567.0,2934.0,-2289.0,0,0,0
2026-02-16T02:00:00Z,DE-LU,AT,1404.0,1596.0,1088.0,0,0,0
2026-02-16T02:00:00Z,DE-LU,FR,2932.0,3361.0,519.0,0,0,0
2026-02-16T02:00:00Z,DE-LU,NL,3095.0,3521.0,-1179.0,0,0,0
2026-02-16T02:00:00Z,DE-LU,PL,1362.0,2986.0,-315.0,0,0,0
2026-02-16T02:00:00Z,DE-LU,CZ,2677.0,4367.0,1338.0,0,0,0
2026-02-16T02:00:00Z,DE-LU,DK1,1303.0,3024.0,173.0,0,0,0
2026-02-16T03:00:00Z,DE-LU,AT,1877.0,2335.0,1528.0,0,0,0
2026-02-16T03:00:00Z,DE-LU,FR,1461.0,3239.0,2026.0,0,0,0
2026-02-16T03:00:00Z,DE-LU,NL,526.0,1669.0,-337.0,1.75,0.0,0
2026-02-16T03:00:00Z,DE-LU,PL,1457.0,2209.0,604.0,0,0,0
2026-02-16T03:00:00Z,DE-LU,CZ,434.0,929.0,427.0,0,0,0
2026-02-16T03:00:00Z,DE-LU,DK1,2225.0,2416.0,1715.0,0,0,0
2026-02-16T04:00:00Z,DE-LU,AT,2283.0,4012.0,-89.0,0,0,0
2026-02-16T04:00:00Z,DE-LU,FR,1106.0,1274.0,228.0,0,0,0
2026-02-16T04:00:00Z,DE-LU,NL,2029.0,2808.0,156.0,0,0,0
2026-02-16T04:00:00Z,DE-LU,PL,838.0,1772.0,-1247.0,0,0,0
2026-02-16T04:00:00Z,DE-LU,CZ,1399.0,1513.0,-1129.0,0,0,0
2026-02-16T04:00:00Z,DE-LU,DK1,2199.0,4001.0,-946.0,0,0,0
2026-02-16T05:00:00Z,DE-LU,AT,581.0,1513.0,-372.0,0,0,0
2026-02-16T05:00:00Z,DE-LU,FR,3395.0,3774.0,1750.0,0,0,0
2026-02-16T05:00:00Z,DE-LU,NL,861.0,2782.0,816.0,0,0,0
2026-02-16T05:00:00Z,DE-LU,PL,2825.0,2978.0,2320.0,0,0,0
2026-02-16T05:00:00Z,DE-LU,CZ,1799.0,3586.0,1581.0,0,0,0
2026-02-16T05:00:00Z,DE-LU,DK1,2140.0,2877.0,-2106.0,0,0,0
2026-02-16T06:00:00Z,DE-LU,AT,855.0,966.0,-230.0,0,0,0
2026-02-16T06:00:00Z,DE-LU,FR,695.0,974.0,424.0,0,0,0
2026-02-16T06:00:00Z,DE-LU,NL,3586.0,3948.0,-48.0,0,0,0
2026-02-16T06:00:00Z,DE-LU,PL,2079.0,4243.0,1618.0,0,0,0
2026-02-16T06:00:00Z,DE-LU,CZ,1861.0,2405.0,189.0,0,0,0
2026-02-16T06:00:00Z,DE-LU,DK1,2464.0,3935.0,-1780.0,0,0,0
2026-02-16T07:00:00Z,DE-LU,AT,1801.0,2751.0,-1105.0,0,0,0
2026-02-16T07:00:00Z,DE-LU,FR,2171.0,4241.0,-2825.0,0,0,0
2026-02-16T07:00:00Z,DE-LU,NL,657.0,1309.0,283.0,0,0,0
2026-02-16T07:00:00Z,DE-LU,PL,1561.0,2425.0,-49.0,0,0,0
2026-02-16T07:00:00Z,DE-LU,CZ,1949.0,2146.0,1141.0,0,0,0
2026-02-16T07:00:00Z,DE-LU,DK1,3428.0,3775.0,1860.0,0,0,0
2026-02-16T08:00:00Z,DE-LU,AT,1174.0,2824.0,-567.0,0,0,0
2026-02-16T08:00:00Z,DE-LU,FR,1266.0,1650.0,-808.0,0,0,0
2026-02-16T08:00:00Z,DE-LU,NL,723.0,2326.0,-415.0,1.43,23.0,0
2026-02-16T08:00:00Z,DE-LU,PL,1270.0,1476.0,1034.0,0,0,0
2026-02-16T08:00:00Z,DE-LU,CZ,2703.0,3036.0,326.0,0,0,0
2026-02-16T08:00:00Z,DE-LU,DK1,2829.0,3574.0,848.0,0,0,0
2026-02-16T09:00:00Z,DE-LU,AT,1408.0,1616.0,106.0,0,0,0
2026-02-16T09:00:00Z,DE-LU,FR,2185.0,2871.0,-1109.0,0,0,0
2026-02-16T09:00:00Z,DE-LU,NL,1615.0,1897.0,819.0,0,0,0
2026-02-16T09:00:00Z,DE-LU,PL,1959.0,4414.0,-527.0,0,0,0
2026-02-16T09:00:00Z,DE-LU,CZ,1036.0,2200.0,351.0,0,0,0
2026-02-16T09:00:00Z,DE-LU,DK1,1173.0,1529.0,1089.0,0,0,0
2026-02-16T10:00:00Z,DE-LU,AT,2127.0,3769.0,2985.0,0,0,0
2026-02-16T10:00:00Z,DE-LU,FR,1366.0,1689.0,45.0,0,0,0
2026-02-16T10:00:00Z,DE-LU,NL,2022.0,3068.0,-2288.0,0,0,0
2026-02-16T10:00:00Z,DE-LU,PL,591.0,978.0,639.0,0,0,0
2026-02-16T10:00:00Z,DE-LU,CZ,1547.0,2602.0,-1031.0,0,0,0
2026-02-16T10:00:00Z,DE-LU,DK1,3511.0,3979.0,-2054.0,0,0,0
2026-02-16T11:00:00Z,DE-LU,AT,2951.0,3877.0,887.0,0,0,0
2026-02-16T11:00:00Z,DE-LU,FR,776.0,2079.0,-1080.0,11.06,59.0,3.0
2026-02-16T11:00:00Z,DE-LU,NL,1214.0,2541.0,1440.0,0,0,0
2026-02-16T11:00:00Z,DE-LU,PL,1032.0,1603.0,-143.0,0,0,0
2026-02-16T11:00:00Z,DE-LU,CZ,3292.0,4151.0,2237.0,0,0,0
2026-02-16T11:00:00Z,DE-LU,DK1,939.0,2803.0,63.0,2.11,0,0
2026-02-16T12:00:00Z,DE-LU,AT,1529.0,2438.0,1178.0,0,0,0
2026-02-16T12:00:00Z,DE-LU,FR,783.0,831.0,166.0,0,0,0
2026-02-16T12:00:00Z,DE-LU,NL,1204.0,2904.0,-858.0,0,0,0
2026-02-16T12:00:00Z,DE-LU,PL,1608.0,2452.0,-205.0,0,0,0
2026-02-16T12:00:00Z,DE-LU,CZ,1783.0,3880.0,1954.0,0,0,0
2026-02-16T12:00:00Z,DE-LU,DK1,2743.0,2910.0,336.0,0,0,0
2026-02-16T13:00:00Z,DE-LU,AT,1834.0,3027.0,690.0,0,0,0
2026-02-16T13:00:00Z,DE-LU,FR,952.0,1295.0,-513.0,0,0,0
2026-02-16T13:00:00Z,DE-LU,NL,1292.0,2374.0,1771.0,0,0,0
2026-02-16T13:00:00Z,DE-LU,PL,2190.0,2432.0,-1796.0,0,0,0
2026-02-16T13:00:00Z,DE-LU,CZ,1834.0,2208.0,-1078.0,0,0,0
2026-02-16T13:00:00Z,DE-LU,DK1,1544.0,2358.0,-1841.0,0,0,0
2026-02-16T14:00:00Z,DE-LU,AT,1603.0,3643.0,859.0,0,0,0
2026-02-16T14:00:00Z,DE-LU,FR,1004.0,2156.0,1442.0,0,0,0
2026-02-16T14:00:00Z,DE-LU,NL,2791.0,3400.0,971.0,0,0,0
2026-02-16T14:00:00Z,DE-LU,PL,397.0,982.0,-466.0,0,0,0
2026-02-16T14:00:00Z,DE-LU,CZ,2606.0,4058.0,2123.0,0,0,0
2026-02-16T14:00:00Z,DE-LU,DK1,798.0,1403.0,208.0,0,0,0
2026-02-16T15:00:00Z,DE-LU,AT,836.0,1109.0,-447.0,0,0,0
2026-02-16T15:00:00Z,DE-LU,FR,1496.0,2343.0,1536.0,0,0,0
2026-02-16T15:00:00Z,DE-LU,NL,2256.0,3508.0,-2806.0,0,0,0
2026-02-16T15:00:00Z,DE-LU,PL,3068.0,3913.0,-991.0,0,0,0
2026-02-16T15:00:00Z,DE-LU,CZ,1010.0,2767.0,510.0,0,0,0
2026-02-16T15:00:00Z,DE-LU,DK1,592.0,1054.0,701.0,0,0,0
2026-02-16T16:00:00Z,DE-LU,AT,1282.0,4066.0,-1417.0,10.0,0,0
2026-02-16T16:00:00Z,DE-LU,FR,878.0,961.0,-358.0,0,0,0
2026-02-16T16:00:00Z,DE-LU,NL,1059.0,3037.0,-115.0,2.42,63.0,0
2026-02-16T16:00:00Z,DE-LU,PL,701.0,1012.0,-724.0,0,0,0
2026-02-16T16:00:00Z,DE-LU,CZ,1365.0,2663.0,-359.0,0,0,0
2026-02-16T16:00:00Z,DE-LU,DK1,2169.0,3968.0,-275.0,0,0,0
2026-02-16T17:00:00Z,DE-LU,AT,3143.0,4428.0,-401.0,0,0,0
2026-02-16T17:00:00Z,DE-LU,FR,1853.0,4031.0,1006.0,0,0,0
2026-02-16T17:00:00Z,DE-LU,NL,1583.0,2763.0,-1213.0,0,0,0
2026-02-16T17:00:00Z,DE-LU,PL,1555.0,3108.0,1462.0,0,0,0
2026-02-16T17:00:00Z,DE-LU,CZ,1069.0,1407.0,-24.0,0,0,0
2026-02-16T17:00:00Z,DE-LU,DK1,3955.0,4299.0,-2567.0,0,0,0
2026-02-16T18:00:00Z,DE-LU,AT,1916.0,2209.0,-1162.0,0,0,0
2026-02-16T18:00:00Z,DE-LU,FR,2140.0,4103.0,1029.0,0,0,0
2026-02-16T18:00:00Z,DE-LU,NL,386.0,1200.0,-669.0,1.91,0,0
2026-02-16T18:00:00Z,DE-LU,PL,1275.0,1880.0,-622.0,0,0,0
2026-02-16T18:00:00Z,DE-LU,CZ,393.0,971.0,-296.0,0,0,0
2026-02-16T18:00:00Z,DE-LU,DK1,795.0,868.0,-324.0,0,0,0
2026-02-16T19:00:00Z,DE-LU,AT,1450.0,1898.0,-431.0,0,0,0
2026-02-16T19:00:00Z,DE-LU,FR,936.0,1906.0,550.0,0,0,0
2026-02-16T19:00:00Z,DE-LU,NL,731.0,1177.0,371.0,0,0,0
2026-02-16T19:00:00Z,DE-LU,PL,2176.0,2909.0,1271.0,0,0,0
2026-02-16T19:00:00Z,DE-LU,CZ,2875.0,3457.0,2112.0,0,0,0
2026-02-16T19:00:00Z,DE-LU,DK1,4020.0,4323.0,-1456.0,0,0,0
2026-02-16T20:00:00Z,DE-LU,AT,1238.0,3942.0,1888.0,0,0,0
2026-02-16T20:00:00Z,DE-LU,FR,2011.0,2177.0,-53.0,0,0,0
2026-02-16T20:00:00Z,DE-LU,NL,1559.0,4393.0,193.0,2.77,0,0
2026-02-16T20:00:00Z,DE-LU,PL,1058.0,1981.0,-793.0,0,0,0
2026-02-16T20:00:00Z,DE-LU,CZ,659.0,1465.0,109.0,0,0,0
2026-02-16T20:00:00Z,DE-LU,DK1,2922.0,3076.0,1271.0,0,0,0
2026-02-16T21:00:00Z,DE-LU,AT,2378.0,2597.0,-1613.0,0,0,0
2026-02-16T21:00:00Z,DE-LU,FR,2267.0,2577.0,98.0,0,0,0
2026-02-16T21:00:00Z,DE-LU,NL,1237.0,1880.0,-867.0,0,0,0
2026-02-16T21:00:00Z,DE-LU,PL,2043.0,4402.0,-2441.0,0,0,0
2026-02-16T21:00:00Z,DE-LU,CZ,2499.0,3254.0,1000.0,0,0,0
2026-02-16T21:00:00Z,DE-LU,DK1,2658.0,4348.0,-2987.0,0,0,0
2026-02-16T22:00:00Z,DE-LU,AT,1471.0,2305.0,-225.0,0,0,0
2026-02-16T22:00:00Z,DE-LU,FR,2703.0,4178.0,-863.0,0,0,0
2026-02-16T22:00:00Z,DE-LU,NL,1941.0,2143.0,-903.0,0,0,0
2026-02-16T22:00:00Z,DE-LU,PL,2571.0,3398.0,-992.0,0,0,0
2026-02-16T22:00:00Z,DE-LU,CZ,1714.0,1815.0,-164.0,0,0,0
2026-02-16T22:00:00Z,DE-LU,DK1,878.0,2298.0,895.0,2.35,0,0
2026-02-16T23:00:00Z,DE-LU,AT,2485.0,4422.0,924.0,0,0,0
2026-02-16T23:00:00Z,DE-LU,FR,857.0,1707.0,1271.0,0,0,0
2026-02-16T23:00:00Z,DE-LU,NL,942.0,2808.0,175.0,0,0,0
2026-02-16T23:00:00Z,DE-LU,PL,1427.0,2865.0,-989.0,0,0,0
2026-02-16T23:00:00Z,DE-LU,CZ,668.0,1866.0,1115.0,1.16,6.0,0
2026-02-16T23:00:00Z,DE-LU,DK1,1454.0,2989.0,132.0,0,0,0
2026-02-17T00:00:00Z,DE-LU,AT,1278.0,3058.0,419.0,0,0,0
2026-02-17T00:00:00Z,DE-LU,FR,1056.0,3095.0,-508.0,0,0,0
2026-02-17T00:00:00Z,DE-LU,NL,2676.0,4058.0,419.0,0,0,0
2026-02-17T00:00:00Z,DE-LU,PL,610.0,1755.0,-998.0,6.98,0,0
2026-02-17T00:00:00Z,DE-LU,CZ,3017.0,4472.0,-705.0,0,0,0
2026-02-17T00:00:00Z,DE-LU,DK1,2812.0,4059.0,2026.0,0,0,0
2026-02-17T01:00:00Z,DE-LU,AT,3130.0,3914.0,2767.0,0,0,0
2026-02-17T01:00:00Z,DE-LU,FR,1649.0,1792.0,-439.0,0,0,0
2026-02-17T01:00:00Z,DE-LU,NL,1035.0,3426.0,-87.0,0,0,0
2026-02-17T01:00:00Z,DE-LU,PL,1678.0,3826.0,-929.0,0,0,0
2026-02-17T01:00:00Z,DE-LU,CZ,2194.0,3898.0,2202.0,0,0,0
2026-02-17T01:00:00Z,DE-LU,DK1,639.0,1246.0,-264.0,0,0,0
2026-02-17T02:00:00Z,DE-LU,AT,3242.0,3874.0,-2611.0,0,0,0
2026-02-17T02:00:00Z,DE-LU,FR,372.0,945.0,-364.0,0,0,0
2026-02-17T02:00:00Z,DE-LU,NL,629.0,922.0,-102.0,0,0,0
2026-02-17T02:00:00Z,DE-LU,PL,2463.0,2638.0,348.0,0,0,0
2026-02-17T02:00:00Z,DE-LU,CZ,1877.0,3359.0,-1538.0,0,0,0
2026-02-17T02:00:00Z,DE-LU,DK1,1122.0,1984.0,1301.0,0,0,0
2026-02-17T03:00:00Z,DE-LU,AT,3121.0,3912.0,-1815.0,0,0,0
2026-02-17T03:00:00Z,DE-LU,FR,1101.0,2738.0,-1216.0,0,0,0
2026-02-17T03:00:00Z,DE-LU,NL,1280.0,2759.0,1183.0,0,0,0
2026-02-17T03:00:00Z,DE-LU,PL,667.0,1462.0,673.0,0,0,0
2026-02-17T03:00:00Z,DE-LU,CZ,370.0,864.0,512.0,0,0,0
2026-02-17T03:00:00Z,DE-LU,DK1,977.0,1397.0,-250.0,0,0,0
2026-02-17T04:00:00Z,DE-LU,AT,1979.0,2136.0,750.0,0,0,0
2026-02-17T04:00:00Z,DE-LU,FR,607.0,963.0,-599.0,0,0,0
2026-02-17T04:00:00Z,DE-LU,NL,3501.0,3796.0,1694.0,0,0,0
2026-02-17T04:00:00Z,DE-LU,PL,611.0,1007.0,259.0,0,0,0
2026-02-17T04:00:00Z,DE-LU,CZ,1235.0,1600.0,-685.0,0,0,0
2026-02-17T04:00:00Z,DE-LU,DK1,473.0,1066.0,80.0,0,0,0
2026-02-17T05:00:00Z,DE-LU,AT,2108.0,2926.0,1023.0,0,0,0
2026-02-17T05:00:00Z,DE-LU,FR,905.0,1172.0,300.0,0,0,0
2026-02-17T05:00:00Z,DE-LU,NL,1696.0,2335.0,-1146.0,0,0,0
2026-02-17T05:00:00Z,DE-LU,PL,850.0,988.0,697.0,0,0,0
2026-02-17T05:00:00Z,DE-LU,CZ,616.0,1156.0,353.0,0,0,0
2026-02-17T05:00:00Z,DE-LU,DK1,2097.0,3081.0,1505.0,0,0,0
2026-02-17T06:00:00Z,DE-LU,AT,1207.0,1390.0,685.0,0,0,0
2026-02-17T06:00:00Z,DE-LU,FR,1433.0,2526.0,1822.0,0,0,0
2026-02-17T06:00:00Z,DE-LU,NL,683.0,855.0,599.0,0,0,0
2026-02-17T06:00:00Z,DE-LU,PL,2010.0,2693.0,911.0,0,0,0
2026-02-17T06:00:00Z,DE-LU,CZ,2510.0,4229.0,-133.0,0,0,0
2026-02-17T06:00:00Z,DE-LU,DK1,3037.0,3923.0,-987.0,0,0,0
2026-02-17T07:00:00Z,DE-LU,AT,844.0,2345.0,1325.0,0,0,0
2026-02-17T07:00:00Z,DE-LU,FR,412.0,993.0,-132.0,0,0,0
2026-02-17T07:00:00Z,DE-LU,NL,1620.0,2609.0,-1589.0,0,0,0
2026-02-17T07:00:00Z,DE-LU,PL,2029.0,3933.0,-432.0,0,0,0
2026-02-17T07:00:00Z,DE-LU,CZ,362.0,1162.0,95.0,0,0,0
2026-02-17T07:00:00Z,DE-LU,DK1,2160.0,4016.0,793.0,0,0,0
2026-02-17T08:00:00Z,DE-LU,AT,2448.0,3432.0,1234.0,0,0,0
2026-02-17T08:00:00Z,DE-LU,FR,891.0,1720.0,-1085.0,0,0,0
2026-02-17T08:00:00Z,DE-LU,NL,2684.0,4433.0,2543.0,0,0,0
2026-02-17T08:00:00Z,DE-LU,PL,1493.0,2222.0,637.0,0,0,0
2026-02-17T08:00:00Z,DE-LU,CZ,1803.0,2183.0,-149.0,0,0,0
2026-02-17T08:00:00Z,DE-LU,DK1,3487.0,4406.0,-3366.0,0,0,0
2026-02-17T09:00:00Z,DE-LU,AT,1512.0,3728.0,2741.0,0,0,0
2026-02-17T09:00:00Z,DE-LU,FR,2408.0,2746.0,1578.0,0,0,0
2026-02-17T09:00:00Z,DE-LU,NL,3806.0,4075.0,-163.0,0,0,0
2026-02-17T09:00:00Z,DE-LU,PL,512.0,940.0,-611.0,0,0,0
2026-02-17T09:00:00Z,DE-LU,CZ,656.0,922.0,-382.0,0,0,0
2026-02-17T09:00:00Z,DE-LU,DK1,1792.0,2363.0,579.0,0,0,0
2026-02-17T10:00:00Z,DE-LU,AT,1022.0,1546.0,-1069.0,0,0,0
2026-02-17T10:00:00Z,DE-LU,FR,2513.0,3196.0,-1801.0,0,0,0
2026-02-17T10:00:00Z,DE-LU,NL,1201.0,3772.0,1364.0,0,0,0
2026-02-17T10:00:00Z,DE-LU,PL,542.0,1546.0,334.0,2.86,47.0,0
2026-02-17T10:00:00Z,DE-LU,CZ,363.0,1190.0,876.0,2.91,0,0
2026-02-17T10:00:00Z,DE-LU,DK1,2530.0,3331.0,-61.0,0,0,0
2026-02-17T11:00:00Z,DE-LU,AT,1165.0,2275.0,-433.0,0,0,0
2026-02-17T11:00:00Z,DE-LU,FR,1743.0,2571.0,-924.0,0,0,0
2026-02-17T11:00:00Z,DE-LU,NL,1094.0,1656.0,-766.0,0,0,0
2026-02-17T11:00:00Z,DE-LU,PL,1026.0,1801.0,861.0,0,0,0
2026-02-17T11:00:00Z,DE-LU,CZ,1365.0,1806.0,1440.0,0,0,0
2026-02-17T11:00:00Z,DE-LU,DK1,2145.0,4150.0,960.0,0,0,0
2026-02-17T12:00:00Z,DE-LU,AT,3443.0,3925.0,2599.0,0,0,0
2026-02-17T12:00:00Z,DE-LU,FR,1735.0,2441.0,1504.0,0,0,0
2026-02-17T12:00:00Z,DE-LU,NL,1892.0,2815.0,-1380.0,0,0,0
2026-02-17T12:00:00Z,DE-LU,PL,1583.0,2899.0,13.0,0,0,0
2026-02-17T12:00:00Z,DE-LU,CZ,349.0,1075.0,596.0,4.17,12.0,0
2026-02-17T12:00:00Z,DE-LU,DK1,1493.0,2388.0,-1785.0,0,0,0
2026-02-17T13:00:00Z,DE-LU,AT,3476.0,4171.0,2919.0,0,0,0
2026-02-17T13:00:00Z,DE-LU,FR,1503.0,1700.0,-421.0,0,0,13.0
2026-02-17T13:00:00Z,DE-LU,NL,3738.0,4258.0,-3067.0,0,0,0
2026-02-17T13:00:00Z,DE-LU,PL,1656.0,2419.0,1808.0,0,0,0
2026-02-17T13:00:00Z,DE-LU,CZ,944.0,1532.0,183.0,0,0,0
2026-02-17T13:00:00Z,DE-LU,DK1,1433.0,1600.0,1013.0,0,0,0
2026-02-17T14:00:00Z,DE-LU,AT,2444.0,2605.0,1423.0,0,0,0
2026-02-17T14:00:00Z,DE-LU,FR,1050.0,2172.0,794.0,0,0,0
2026-02-17T14:00:00Z,DE-LU,NL,785.0,2291.0,298.0,0,0,0
2026-02-17T14:00:00Z,DE-LU,PL,2725.0,3919.0,1623.0,0,0,0
2026-02-17T14:00:00Z,DE-LU,CZ,2674.0,3150.0,455.0,0,0,0
2026-02-17T14:00:00Z,DE-LU,DK1,708.0,1060.0,-87.0,0,0,0
2026-02-17T15:00:00Z,DE-LU,AT,2500.0,3324.0,1693.0,0,0,0
2026-02-17T15:00:00Z,DE-LU,FR,289.0,908.0,353.0,6.65,26.0,0
2026-02-17T15:00:00Z,DE-LU,NL,1514.0,3147.0,2013.0,0,0,0
2026-02-17T15:00:00Z,DE-LU,PL,2922.0,3988.0,1813.0,0,0,0
2026-02-17T15:00:00Z,DE-LU,CZ,2561.0,4111.0,1068.0,0,0,0
2026-02-17T15:00:00Z,DE-LU,DK1,1629.0,4351.0,2362.0,0,0,0
2026-02-17T16:00:00Z,DE-LU,AT,3000.0,3736.0,-378.0,0,0,0
2026-02-17T16:00:00Z,DE-LU,FR,595.0,841.0,-34.0,0,0,0
2026-02-17T16:00:00Z,DE-LU,NL,3216.0,3403.0,392.0,0,0,0
2026-02-17T16:00:00Z,DE-LU,PL,1032.0,1816.0,-363.0,0,0,0
2026-02-17T16:00:00Z,DE-LU,CZ,1906.0,4404.0,-1747.0,0,0,0
2026-02-17T16:00:00Z,DE-LU,DK1,1236.0,2120.0,1089.0,0,0,0
2026-02-17T17:00:00Z,DE-LU,AT,944.0,1094.0,754.0,0,0,0
2026-02-17T17:00:00Z,DE-LU,FR,474.0,1250.0,142.0,0,0,0
2026-02-17T17:00:00Z,DE-LU,NL,1905.0,3402.0,-2196.0,0,0,0
2026-02-17T17:00:00Z,DE-LU,PL,1094.0,2514.0,1435.0,0,0,0
2026-02-17T17:00:00Z,DE-LU,CZ,2478.0,3075.0,-1764.0,0,0,0
2026-02-17T17:00:00Z,DE-LU,DK1,1539.0,2577.0,-1799.0,0,0,0
2026-02-17T18:00:00Z,DE-LU,AT,1337.0,3569.0,-1657.0,0,0,0
2026-02-17T18:00:00Z,DE-LU,FR,1690.0,3314.0,-2156.0,0,0,0
2026-02-17T18:00:00Z,DE-LU,NL,1288.0,2785.0,-601.0,0,0,0
2026-02-17T18:00:00Z,DE-LU,PL,456.0,1213.0,-913.0,11.48,0,0
2026-02-17T18:00:00Z,DE-LU,CZ,2496.0,2827.0,289.0,0,0,0
2026-02-17T18:00:00Z,DE-LU,DK1,1147.0,3276.0,-282.0,0,0,0
2026-02-17T19:00:00Z,DE-LU,AT,1231.0,2089.0,-877.0,0,0,0
2026-02-17T19:00:00Z,DE-LU,FR,848.0,2442.0,-1448.0,0,0,0
2026-02-17T19:00:00Z,DE-LU,NL,1455.0,3235.0,-331.0,0,0,0
2026-02-17T19:00:00Z,DE-LU,PL,721.0,993.0,-368.0,0,0,0
2026-02-17T19:00:00Z,DE-LU,CZ,1391.0,3836.0,2648.0,0,0,0
2026-02-17T19:00:00Z,DE-LU,DK1,819.0,1337.0,-139.0,0,0,0
2026-02-17T20:00:00Z,DE-LU,AT,2182.0,3861.0,2277.0,0,0,0
2026-02-17T20:00:00Z,DE-LU,FR,2809.0,3081.0,1697.0,0,0,0
2026-02-17T20:00:00Z,DE-LU,NL,1048.0,1492.0,529.0,0,0,0
2026-02-17T20:00:00Z,DE-LU,PL,2787.0,3246.0,-2040.0,0,0,0
2026-02-17T20:00:00Z,DE-LU,CZ,814.0,936.0,-425.0,0,0,5.0
2026-02-17T20:00:00Z,DE-LU,DK1,649.0,1769.0,-474.0,0.63,42.0,0
2026-02-17T21:00:00Z,DE-LU,AT,1905.0,2773.0,856.0,0,0,0
2026-02-17T21:00:00Z,DE-LU,FR,1256.0,1485.0,-678.0,0,0,0
2026-02-17T21:00:00Z,DE-LU,NL,1019.0,1076.0,-623.0,0,0,0
2026-02-17T21:00:00Z,DE-LU,PL,1928.0,2905.0,691.0,0,0,0
2026-02-17T21:00:00Z,DE-LU,CZ,1173.0,1438.0,711.0,0,0,0
2026-02-17T21:00:00Z,DE-LU,DK1,504.0,998.0,55.0,0,0,0
2026-02-17T22:00:00Z,DE-LU,AT,753.0,1001.0,513.0,0,0,0
2026-02-17T22:00:00Z,DE-LU,FR,796.0,1890.0,-6.0,0,0,0
2026-02-17T22:00:00Z,DE-LU,NL,3426.0,4432.0,-2517.0,0,0,0
2026-02-17T22:00:00Z,DE-LU,PL,904.0,1899.0,-1377.0,0,0,0
2026-02-17T22:00:00Z,DE-LU,CZ,2038.0,3536.0,-2806.0,0,0,0
2026-02-17T22:00:00Z,DE-LU,DK1,895.0,2498.0,1859.0,0.47,0,0
2026-02-17T23:00:00Z,DE-LU,AT,877.0,1650.0,-102.0,0,0,0
2026-02-17T23:00:00Z,DE-LU,FR,2697.0,3042.0,-1820.0,0,0,0
2026-02-17T23:00:00Z,DE-LU,NL,1160.0,3554.0,-2749.0,0,0,0
2026-02-17T23:00:00Z,DE-LU,PL,1092.0,2995.0,-1313.0,0,0,0
2026-02-17T23:00:00Z,DE-LU,CZ,1332.0,2341.0,1415.0,0,0,0
2026-02-17T23:00:00Z,DE-LU,DK1,599.0,1790.0,38.0,0,0,0
2026-02-18T00:00:00Z,DE-LU,AT,2395.0,4205.0,-1394.0,0,0,0
2026-02-18T00:00:00Z,DE-LU,FR,2679.0,3046.0,-2013.0,0,0,0
2026-02-18T00:00:00Z,DE-LU,NL,828.0,1639.0,1160.0,0,0,0
2026-02-18T00:00:00Z,DE-LU,PL,3574.0,3965.0,-1278.0,0,0,0
2026-02-18T00:00:00Z,DE-LU,CZ,1983.0,2838.0,30.0,0,0,0
2026-02-18T00:00:00Z,DE-LU,DK1,833.0,971.0,-604.0,0,0,0
2026-02-18T01:00:00Z,DE-LU,AT,1755.0,2359.0,-535.0,0,0,0
2026-02-18T01:00:00Z,DE-LU,FR,2205.0,2466.0,-527.0,0,0,0
2026-02-18T01:00:00Z,DE-LU,NL,1344.0,2154.0,-195.0,0,0,0
2026-02-18T01:00:00Z,DE-LU,PL,2140.0,3287.0,-969.0,0,0,0
2026-02-18T01:00:00Z,DE-LU,CZ,2605.0,3832.0,215.0,0,0,0
2026-02-18T01:00:00Z,DE-LU,DK1,1362.0,2087.0,1632.0,0,0,0
2026-02-18T02:00:00Z,DE-LU,AT,1208.0,1278.0,-339.0,0,0,0
2026-02-18T02:00:00Z,DE-LU,FR,2374.0,2971.0,-522.0,0,0,0
2026-02-18T02:00:00Z,DE-LU,NL,968.0,1250.0,-103.0,0,0,0
2026-02-18T02:00:00Z,DE-LU,PL,3478.0,4148.0,2175.0,0,0,0
2026-02-18T02:00:00Z,DE-LU,CZ,493.0,859.0,50.0,0,0,0
2026-02-18T02:00:00Z,DE-LU,DK1,1221.0,1722.0,264.0,0,0,0
2026-02-18T03:00:00Z,DE-LU,AT,796.0,1912.0,-1305.0,0,0,0
2026-02-18T03:00:00Z,DE-LU,FR,473.0,1143.0,35.0,0,0,0
2026-02-18T03:00:00Z,DE-LU,NL,933.0,1380.0,-917.0,0,0,0
2026-02-18T03:00:00Z,DE-LU,PL,1763.0,2838.0,176.0,0,0,0
2026-02-18T03:00:00Z,DE-LU,CZ,937.0,1822.0,604.0,0,0,0
2026-02-18T03:00:00Z,DE-LU,DK1,466.0,1349.0,-524.0,0,0,0
2026-02-18T04:00:00Z,DE-LU,AT,998.0,1721.0,1127.0,0,0,0
2026-02-18T04:00:00Z,DE-LU,FR,2567.0,3926.0,-3115.0,0,0,0
2026-02-18T04:00:00Z,DE-LU,NL,2728.0,3244.0,1747.0,0,0,0
2026-02-18T04:00:00Z,DE-LU,PL,386.0,882.0,-218.0,0,0,0
2026-02-18T04:00:00Z,DE-LU,CZ,1122.0,1614.0,831.0,0,0,4.0
2026-02-18T04:00:00Z,DE-LU,DK1,3084.0,3401.0,1627.0,0,0,0
2026-02-18T05:00:00Z,DE-LU,AT,1023.0,2114.0,934.0,0,0,0
2026-02-18T05:00:00Z,DE-LU,FR,2899.0,4327.0,-2303.0,0,0,0
2026-02-18T05:00:00Z,DE-LU,NL,2818.0,4237.0,2175.0,0,0,0
2026-02-18T05:00:00Z,DE-LU,PL,3062.0,3530.0,-1084.0,0,0,0
2026-02-18T05:00:00Z,DE-LU,CZ,1764.0,4256.0,494.0,0,0,0
2026-02-18T05:00:00Z,DE-LU,DK1,834.0,1563.0,-860.0,0,0,0
2026-02-18T06:00:00Z,DE-LU,AT,452.0,1300.0,-850.0,6.49,0,0
2026-02-18T06:00:00Z,DE-LU,FR,704.0,1717.0,1060.0,0,0,0
2026-02-18T06:00:00Z,DE-LU,NL,1067.0,1267.0,746.0,0,0,0
2026-02-18T06:00:00Z,DE-LU,PL,750.0,1538.0,-131.0,0,0,0
2026-02-18T06:00:00Z,DE-LU,CZ,757.0,1328.0,-952.0,0,0,0
2026-02-18T06:00:00Z,DE-LU,DK1,1869.0,2651.0,-1266.0,0,0,0
2026-02-18T07:00:00Z,DE-LU,AT,1324.0,4309.0,-3005.0,0,0,0
2026-02-18T07:00:00Z,DE-LU,FR,2951.0,3808.0,-2051.0,0,0,0
2026-02-18T07:00:00Z,DE-LU,NL,2512.0,3645.0,-1870.0,0,0,0
2026-02-18T07:00:00Z,DE-LU,PL,1979.0,3341.0,70.0,0,0,0
2026-02-18T07:00:00Z,DE-LU,CZ,2241.0,2719.0,879.0,0,0,0
2026-02-18T07:00:00Z,DE-LU,DK1,1627.0,4406.0,2547.0,8.55,48.0,0
2026-02-18T08:00:00Z,DE-LU,AT,652.0,1496.0,419.0,0,0,30.0
2026-02-18T08:00:00Z,DE-LU,FR,2336.0,2668.0,-548.0,0,0,0
2026-02-18T08:00:00Z,DE-LU,NL,1680.0,2421.0,1888.0,0,0,0
2026-02-18T08:00:00Z,DE-LU,PL,1395.0,1492.0,732.0,0,0,0
2026-02-18T08:00:00Z,DE-LU,CZ,2235.0,2797.0,-1731.0,0,0,0
2026-02-18T08:00:00Z,DE-LU,DK1,1157.0,1512.0,182.0,0,0,0
2026-02-18T09:00:00Z,DE-LU,AT,3398.0,3958.0,1334.0,0,0,0
2026-02-18T09:00:00Z,DE-LU,FR,768.0,1656.0,462.0,0,0,0
2026-02-18T09:00:00Z,DE-LU,NL,378.0,1034.0,-391.0,2.74,69.0,0
2026-02-18T09:00:00Z,DE-LU,PL,2111.0,2896.0,1184.0,0,0,0
2026-02-18T09:00:00Z,DE-LU,CZ,407.0,1161.0,-497.0,0,0,0
2026-02-18T09:00:00Z,DE-LU,DK1,3015.0,4401.0,-831.0,0,0,0
2026-02-18T10:00:00Z,DE-LU,AT,978.0,3061.0,-1982.0,5.3,0,0
2026-02-18T10:00:00Z,DE-LU,FR,1056.0,1936.0,1532.0,0,0,0
2026-02-18T10:00:00Z,DE-LU,NL,1770.0,3385.0,-1932.0,0,0,0
2026-02-18T10:00:00Z,DE-LU,PL,2950.0,3660.0,1262.0,0,0,0
2026-02-18T10:00:00Z,DE-LU,CZ,2289.0,2466.0,1790.0,0,0,0
2026-02-18T10:00:00Z,DE-LU,DK1,2077.0,3075.0,-569.0,0,0,18.0
2026-02-18T11:00:00Z,DE-LU,AT,2959.0,3569.0,-1842.0,0,0,0
2026-02-18T11:00:00Z,DE-LU,FR,1796.0,2173.0,1406.0,0,0,0
2026-02-18T11:00:00Z,DE-LU,NL,778.0,1134.0,-288.0,0,0,0
2026-02-18T11:00:00Z,DE-LU,PL,999.0,1321.0,-510.0,0,0,35.0
2026-02-18T11:00:00Z,DE-LU,CZ,377.0,1070.0,400.0,1.74,8.0,0
2026-02-18T11:00:00Z,DE-LU,DK1,958.0,2713.0,-454.0,6.95,0,0
2026-02-18T12:00:00Z,DE-LU,AT,653.0,1221.0,-5.0,0,0,0
2026-02-18T12:00:00Z,DE-LU,FR,1429.0,1838.0,816.0,0,0,0
2026-02-18T12:00:00Z,DE-LU,NL,2696.0,4429.0,-1411.0,0,0,0
2026-02-18T12:00:00Z,DE-LU,PL,2056.0,3962.0,2310.0,0,0,0
2026-02-18T12:00:00Z,DE-LU,CZ,1603.0,3307.0,1295.0,0,0,0
2026-02-18T12:00:00Z,DE-LU,DK1,576.0,1406.0,-172.0,0,0,0
2026-02-18T13:00:00Z,DE-LU,AT,1714.0,4207.0,950.0,0,0,0
2026-02-18T13:00:00Z,DE-LU,FR,892.0,1094.0,-215.0,0,0,0
2026-02-18T13:00:00Z,DE-LU,NL,1957.0,2776.0,-1716.0,0,0,0
2026-02-18T13:00:00Z,DE-LU,PL,681.0,2022.0,772.0,0.14,66.0,0
2026-02-18T13:00:00Z,DE-LU,CZ,1756.0,1926.0,-417.0,0,0,0
2026-02-18T13:00:00Z,DE-LU,DK1,2152.0,2869.0,-338.0,0,0,0
2026-02-18T14:00:00Z,DE-LU,AT,1259.0,1705.0,-162.0,0,0,0
2026-02-18T14:00:00Z,DE-LU,FR,732.0,1111.0,-840.0,0,0,0
2026-02-18T14:00:00Z,DE-LU,NL,2699.0,3316.0,-991.0,0,0,0
2026-02-18T14:00:00Z,DE-LU,PL,1224.0,2947.0,734.0,0,0,0
2026-02-18T14:00:00Z,DE-LU,CZ,2965.0,3919.0,-795.0,0,0,0
2026-02-18T14:00:00Z,DE-LU,DK1,890.0,1293.0,974.0,0,0,0
2026-02-18T15:00:00Z,DE-LU,AT,889.0,2334.0,340.0,2.75,0,0
2026-02-18T15:00:00Z,DE-LU,FR,2897.0,3517.0,2482.0,0,0,0
2026-02-18T15:00:00Z,DE-LU,NL,1805.0,3998.0,2055.0,0,0,0
2026-02-18T15:00:00Z,DE-LU,PL,1307.0,2560.0,1947.0,0,0,0
2026-02-18T15:00:00Z,DE-LU,CZ,1963.0,2655.0,-2101.0,0,0,0
2026-02-18T15:00:00Z,DE-LU,DK1,1441.0,1827.0,-680.0,0,0,0
2026-02-18T16:00:00Z,DE-LU,AT,442.0,921.0,184.0,0,0,0
2026-02-18T16:00:00Z,DE-LU,FR,1131.0,2599.0,-251.0,0,0,0
2026-02-18T16:00:00Z,DE-LU,NL,3036.0,4016.0,-2362.0,0,0,0.0
2026-02-18T16:00:00Z,DE-LU,PL,804.0,1442.0,751.0,0,0,0
2026-02-18T16:00:00Z,DE-LU,CZ,1842.0,2138.0,617.0,0,0,0
2026-02-18T16:00:00Z,DE-LU,DK1,578.0,979.0,228.0,0,0,0
2026-02-18T17:00:00Z,DE-LU,AT,2881.0,4052.0,-159.0,0,0,0
2026-02-18T17:00:00Z,DE-LU,FR,1719.0,3230.0,2116.0,0,0,0
2026-02-18T17:00:00Z,DE-LU,NL,777.0,1985.0,-1284.0,0.7,3.0,0
2026-02-18T17:00:00Z,DE-LU,PL,3579.0,4357.0,-50.0,0,0,0
2026-02-18T17:00:00Z,DE-LU,CZ,2234.0,3763.0,2605.0,0,0,0
2026-02-18T17:00:00Z,DE-LU,DK1,1469.0,3993.0,-1817.0,0.63,31.0,0
2026-02-18T18:00:00Z,DE-LU,AT,2393.0,3816.0,2341.0,0,0,0
2026-02-18T18:00:00Z,DE-LU,FR,558.0,1176.0,-576.0,0,0,0
2026-02-18T18:00:00Z,DE-LU,NL,759.0,1485.0,971.0,0,0,0
2026-02-18T18:00:00Z,DE-LU,PL,676.0,1450.0,-661.0,0,0,0
2026-02-18T18:00:00Z,DE-LU,CZ,1714.0,3403.0,-1906.0,0,0,0
2026-02-18T18:00:00Z,DE-LU,DK1,1219.0,3415.0,2121.0,0.77,45.0,0
2026-02-18T19:00:00Z,DE-LU,AT,729.0,1410.0,-701.0,0,0,0
2026-02-18T19:00:00Z,DE-LU,FR,3508.0,4147.0,-1861.0,0,0,0
2026-02-18T19:00:00Z,DE-LU,NL,1804.0,4270.0,-5.0,0,0,0
2026-02-18T19:00:00Z,DE-LU,PL,2267.0,3413.0,-217.0,0,0,0
2026-02-18T19:00:00Z,DE-LU,CZ,1530.0,1740.0,1060.0,0,0,0
2026-02-18T19:00:00Z,DE-LU,DK1,2444.0,2649.0,349.0,0,0,0
2026-02-18T20:00:00Z,DE-LU,AT,901.0,2218.0,-1717.0,0,0,0
2026-02-18T20:00:00Z,DE-LU,FR,3792.0,4226.0,2736.0,0,0,0
2026-02-18T20:00:00Z,DE-LU,NL,3013.0,3298.0,2158.0,0,0,0
2026-02-18T20:00:00Z,DE-LU,PL,578.0,902.0,12.0,0,0,0
2026-02-18T20:00:00Z,DE-LU,CZ,1942.0,2907.0,-1395.0,0,0,0
2026-02-18T20:00:00Z,DE-LU,DK1,1061.0,2026.0,1612.0,0,0,0
2026-02-18T21:00:00Z,DE-LU,AT,342.0,1002.0,-260.0,10.11,0,0
2026-02-18T21:00:00Z,DE-LU,FR,1457.0,4344.0,-1800.0,0,0,0
2026-02-18T21:00:00Z,DE-LU,NL,1169.0,1497.0,-1029.0,0,0,0
2026-02-18T21:00:00Z,DE-LU,PL,1849.0,3078.0,250.0,0,0,0
2026-02-18T21:00:00Z,DE-LU,CZ,967.0,1908.0,1165.0,0,0,0
2026-02-18T21:00:00Z,DE-LU,DK1,2685.0,3403.0,1030.0,0,0,0
2026-02-18T22:00:00Z,DE-LU,AT,2146.0,4490.0,-2858.0,0,0,0
2026-02-18T22:00:00Z,DE-LU,FR,794.0,1243.0,137.0,0,0,0
2026-02-18T22:00:00Z,DE-LU,NL,1392.0,2445.0,-1043.0,0,0,0
2026-02-18T22:00:00Z,DE-LU,PL,695.0,1142.0,746.0,0,0,0
2026-02-18T22:00:00Z,DE-LU,CZ,2329.0,3695.0,148.0,0,0,0
2026-02-18T22:00:00Z,DE-LU,DK1,833.0,2328.0,-423.0,0,0,0
2026-02-18T23:00:00Z,DE-LU,AT,3358.0,4084.0,-2564.0,0,0,0
2026-02-18T23:00:00Z,DE-LU,FR,576.0,946.0,572.0,0,0,0
2026-02-18T23:00:00Z,DE-LU,NL,1522.0,2083.0,1159.0,0,0,0
2026-02-18T23:00:00Z,DE-LU,PL,992.0,2272.0,992.0,0,0,0
2026-02-18T23:00:00Z,DE-LU,CZ,3618.0,3819.0,2662.0,0,0,0
2026-02-18T23:00:00Z,DE-LU,DK1,1035.0,2168.0,-163.0,0,0,0
2026-02-19T00:00:00Z,DE-LU,AT,1906.0,2455.0,-382.0,0,0,0
2026-02-19T00:00:00Z,DE-LU,FR,1425.0,1930.0,809.0,0,0,0
2026-02-19T00:00:00Z,DE-LU,NL,1786.0,3335.0,1977.0,0,0,0
2026-02-19T00:00:00Z,DE-LU,PL,2950.0,4007.0,-1433.0,0,0,0
2026-02-19T00:00:00Z,DE-LU,CZ,2617.0,3383.0,-894.0,0,0,0
2026-02-19T00:00:00Z,DE-LU,DK1,909.0,1857.0,-1457.0,0,0,0
2026-02-19T01:00:00Z,DE-LU,AT,3129.0,3452.0,-1697.0,0,0,0
2026-02-19T01:00:00Z,DE-LU,FR,2605.0,4096.0,1608.0,0,0,0
2026-02-19T01:00:00Z,DE-LU,NL,1023.0,2647.0,-1522.0,0,0,0
2026-02-19T01:00:00Z,DE-LU,PL,679.0,1324.0,603.0,0,0,0
2026-02-19T01:00:00Z,DE-LU,CZ,604.0,1457.0,251.0,0,0,0
2026-02-19T01:00:00Z,DE-LU,DK1,1744.0,1846.0,-1028.0,0,0,0
2026-02-19T02:00:00Z,DE-LU,AT,2263.0,4201.0,-740.0,0,0,0
2026-02-19T02:00:00Z,DE-LU,FR,654.0,805.0,-352.0,0,0,0
2026-02-19T02:00:00Z,DE-LU,NL,3759.0,4028.0,-2488.0,0,0,0
2026-02-19T02:00:00Z,DE-LU,PL,3028.0,3629.0,-1506.0,0,0,0
2026-02-19T02:00:00Z,DE-LU,CZ,1960.0,2648.0,-8.0,0,0,0
2026-02-19T02:00:00Z,DE-LU,DK1,1807.0,4302.0,-3310.0,0,0,0
2026-02-19T03:00:00Z,DE-LU,AT,1740.0,2884.0,-1838.0,0,0,0
2026-02-19T03:00:00Z,DE-LU,FR,3273.0,4404.0,2400.0,0,0,0
2026-02-19T03:00:00Z,DE-LU,NL,1917.0,3285.0,-1560.0,0,0,0
2026-02-19T03:00:00Z,DE-LU,PL,2497.0,3822.0,-225.0,0,0,0
2026-02-19T03:00:00Z,DE-LU,CZ,671.0,1619.0,-892.0,0,0,0
2026-02-19T03:00:00Z,DE-LU,DK1,2248.0,2570.0,1010.0,0,0,0
2026-02-19T04:00:00Z,DE-LU,AT,1630.0,1938.0,-481.0,0,0,0
2026-02-19T04:00:00Z,DE-LU,FR,606.0,823.0,-32.0,0,0,0
2026-02-19T04:00:00Z,DE-LU,NL,1705.0,4345.0,1649.0,2.84,11.0,0
2026-02-19T04:00:00Z,DE-LU,PL,957.0,1529.0,368.0,0,0,0
2026-02-19T04:00:00Z,DE-LU,CZ,1613.0,1737.0,309.0,0,0,0
2026-02-19T04:00:00Z,DE-LU,DK1,1791.0,4370.0,-332.0,0,0,0
2026-02-19T05:00:00Z,DE-LU,AT,381.0,1159.0,673.0,0,0,0
2026-02-19T05:00:00Z,DE-LU,FR,1671.0,2047.0,-496.0,0,0,0
2026-02-19T05:00:00Z,DE-LU,NL,1114.0,1200.0,115.0,0,0,0
2026-02-19T05:00:00Z,DE-LU,PL,724.0,1099.0,4.0,0,0,0
2026-02-19T05:00:00Z,DE-LU,CZ,958.0,1580.0,-1154.0,0,0,0
2026-02-19T05:00:00Z,DE-LU,DK1,3122.0,3887.0,2901.0,0,0,0
2026-02-19T06:00:00Z,DE-LU,AT,3272.0,4063.0,491.0,0,0,0
2026-02-19T06:00:00Z,DE-LU,FR,816.0,1423.0,-872.0,0,0,0
2026-02-19T06:00:00Z,DE-LU,NL,865.0,1668.0,1173.0,0,0,0
2026-02-19T06:00:00Z,DE-LU,PL,2024.0,3149.0,2443.0,0,0,0
2026-02-19T06:00:00Z,DE-LU,CZ,1094.0,1264.0,-620.0,0,0,0
2026-02-19T06:00:00Z,DE-LU,DK1,1159.0,1879.0,-760.0,0,0,0
2026-02-19T07:00:00Z,DE-LU,AT,1430.0,3895.0,-2281.0,0,0,0
2026-02-19T07:00:00Z,DE-LU,FR,1613.0,3516.0,2721.0,0,0,0
2026-02-19T07:00:00Z,DE-LU,NL,1883.0,2513.0,-1492.0,0,0,0
2026-02-19T07:00:00Z,DE-LU,PL,1166.0,3574.0,-1217.0,0,0,0
2026-02-19T07:00:00Z,DE-LU,CZ,1302.0,1873.0,-1447.0,0,0,0
2026-02-19T07:00:00Z,DE-LU,DK1,2417.0,3454.0,1715.0,0,0,0
2026-02-19T08:00:00Z,DE-LU,AT,2915.0,3669.0,1090.0,0,0,0
2026-02-19T08:00:00Z,DE-LU,FR,1947.0,4171.0,-477.0,0,0,0
2026-02-19T08:00:00Z,DE-LU,NL,557.0,1081.0,-770.0,0,0,0
2026-02-19T08:00:00Z,DE-LU,PL,3054.0,4077.0,-989.0,0,0,0
2026-02-19T08:00:00Z,DE-LU,CZ,2350.0,2510.0,1737.0,0,0,0
2026-02-19T08:00:00Z,DE-LU,DK1,2072.0,4139.0,42.0,0,0,0
2026-02-19T09:00:00Z,DE-LU,AT,1028.0,1105.0,-155.0,0,0,0
2026-02-19T09:00:00Z,DE-LU,FR,815.0,1445.0,-61.0,0,0,0
2026-02-19T09:00:00Z,DE-LU,NL,810.0,1116.0,563.0,0,0,0
2026-02-19T09:00:00Z,DE-LU,PL,668.0,1363.0,727.0,0,0,0
2026-02-19T09:00:00Z,DE-LU,CZ,1074.0,1221.0,-676.0,0,0,0
2026-02-19T09:00:00Z,DE-LU,DK1,3134.0,4180.0,-1348.0,0,0,0
2026-02-19T10:00:00Z,DE-LU,AT,1704.0,1796.0,964.0,0,0,0
2026-02-19T10:00:00Z,DE-LU,FR,1980.0,2861.0,-1482.0,0,0,0
2026-02-19T10:00:00Z,DE-LU,NL,1450.0,1765.0,-43.0,0,0,0
2026-02-19T10:00:00Z,DE-LU,PL,1827.0,2059.0,1004.0,0,0,0
2026-02-19T10:00:00Z,DE-LU,CZ,673.0,1337.0,-735.0,0,0,0
2026-02-19T10:00:00Z,DE-LU,DK1,995.0,2043.0,-546.0,0,0,0
2026-02-19T11:00:00Z,DE-LU,AT,1329.0,2310.0,-308.0,0,0,0
2026-02-19T11:00:00Z,DE-LU,FR,2107.0,3339.0,-405.0,0,0,0
2026-02-19T11:00:00Z,DE-LU,NL,1585.0,1884.0,1438.0,0,0,0
2026-02-19T11:00:00Z,DE-LU,PL,1072.0,1202.0,813.0,0,0,0
2026-02-19T11:00:00Z,DE-LU,CZ,2380.0,3552.0,1422.0,0,0,0
2026-02-19T11:00:00Z,DE-LU,DK1,1418.0,1668.0,792.0,0,0,0
2026-02-19T12:00:00Z,DE-LU,AT,491.0,1577.0,845.0,0,0,0
2026-02-19T12:00:00Z,DE-LU,FR,728.0,2018.0,1360.0,8.75,0,0
2026-02-19T12:00:00Z,DE-LU,NL,3098.0,4229.0,2376.0,0,0,0
2026-02-19T12:00:00Z,DE-LU,PL,2069.0,2315.0,-887.0,0,0,0
2026-02-19T12:00:00Z,DE-LU,CZ,948.0,3138.0,978.0,0,0,0
2026-02-19T12:00:00Z,DE-LU,DK1,436.0,972.0,-203.0,0,0,0
2026-02-19T13:00:00Z,DE-LU,AT,700.0,2284.0,-1224.0,0,0,0
2026-02-19T13:00:00Z,DE-LU,FR,2989.0,3830.0,-2953.0,0,0,0
2026-02-19T13:00:00Z,DE-LU,NL,1078.0,1202.0,-833.0,0,0,0
2026-02-19T13:00:00Z,DE-LU,PL,1660.0,2025.0,836.0,0,0,0
2026-02-19T13:00:00Z,DE-LU,CZ,476.0,966.0,-596.0,0,0,0
2026-02-19T13:00:00Z,DE-LU,DK1,1259.0,3174.0,1296.0,1.4,23.0,0
2026-02-19T14:00:00Z,DE-LU,AT,2570.0,4195.0,3243.0,0,0,0
2026-02-19T14:00:00Z,DE-LU,FR,3494.0,4178.0,-1089.0,0,0,0
2026-02-19T14:00:00Z,DE-LU,NL,1662.0,3257.0,-2215.0,0,0,0
2026-02-19T14:00:00Z,DE-LU,PL,976.0,2558.0,-1673.0,0,0,0
2026-02-19T14:00:00Z,DE-LU,CZ,768.0,1572.0,-930.0,0,0,0
2026-02-19T14:00:00Z,DE-LU,DK1,2082.0,2294.0,-1318.0,0,0,0
2026-02-19T15:00:00Z,DE-LU,AT,2743.0,4238.0,3135.0,0,0,0
2026-02-19T15:00:00Z,DE-LU,FR,1197.0,1660.0,-1004.0,0,0,0
2026-02-19T15:00:00Z,DE-LU,NL,939.0,2771.0,614.0,4.38,38.0,0
2026-02-19T15:00:00Z,DE-LU,PL,941.0,1729.0,-1083.0,0,0,0
2026-02-19T15:00:00Z,DE-LU,CZ,1941.0,2679.0,-1160.0,0,0,0
2026-02-19T15:00:00Z,DE-LU,DK1,569.0,1655.0,-602.0,3.16,0,0
2026-02-19T16:00:00Z,DE-LU,AT,921.0,1255.0,-858.0,0,0,0
2026-02-19T16:00:00Z,DE-LU,FR,855.0,2044.0,923.0,0,0,0
2026-02-19T16:00:00Z,DE-LU,NL,1738.0,3172.0,2493.0,0,0,0
2026-02-19T16:00:00Z,DE-LU,PL,744.0,2025.0,-517.0,4.18,0,0
2026-02-19T16:00:00Z,DE-LU,CZ,3663.0,4374.0,2168.0,0,0,0
2026-02-19T16:00:00Z,DE-LU,DK1,1416.0,1930.0,-343.0,0,0,26.0
2026-02-19T17:00:00Z,DE-LU,AT,1681.0,1840.0,-181.0,0,0,0
2026-02-19T17:00:00Z,DE-LU,FR,2311.0,4056.0,-2526.0,0,0,0
2026-02-19T17:00:00Z,DE-LU,NL,1209.0,1674.0,-1210.0,0,0,13.0
2026-02-19T17:00:00Z,DE-LU,PL,761.0,1302.0,-686.0,0,0,0
2026-02-19T17:00:00Z,DE-LU,CZ,451.0,1330.0,246.0,0,0,0
2026-02-19T17:00:00Z,DE-LU,DK1,1127.0,1985.0,-216.0,0,0,0
2026-02-19T18:00:00Z,DE-LU,AT,539.0,916.0,457.0,0,0,0
2026-02-19T18:00:00Z,DE-LU,FR,808.0,1793.0,1221.0,0,0,0
2026-02-19T18:00:00Z,DE-LU,NL,2301.0,3271.0,1279.0,0,0,0
2026-02-19T18:00:00Z,DE-LU,PL,651.0,972.0,-189.0,0,0,0
2026-02-19T18:00:00Z,DE-LU,CZ,865.0,1081.0,-601.0,0,0,0
2026-02-19T18:00:00Z,DE-LU,DK1,840.0,1254.0,344.0,0,0,0
2026-02-19T19:00:00Z,DE-LU,AT,1724.0,3638.0,2734.0,0,0,0
2026-02-19T19:00:00Z,DE-LU,FR,425.0,1306.0,-999.0,2.77,0,0
2026-02-19T19:00:00Z,DE-LU,NL,640.0,907.0,527.0,0,0,0
2026-02-19T19:00:00Z,DE-LU,PL,2056.0,4140.0,2198.0,0,0,0
2026-02-19T19:00:00Z,DE-LU,CZ,1905.0,3158.0,1892.0,0,0,0
2026-02-19T19:00:00Z,DE-LU,DK1,2748.0,3095.0,-1134.0,0,0,0
2026-02-19T20:00:00Z,DE-LU,AT,552.0,1077.0,-466.0,0,0,0
2026-02-19T20:00:00Z,DE-LU,FR,3503.0,3694.0,2068.0,0,0,0
2026-02-19T20:00:00Z,DE-LU,NL,3443.0,4451.0,446.0,0,0,0
2026-02-19T20:00:00Z,DE-LU,PL,1956.0,2679.0,-42.0,0,0,0
2026-02-19T20:00:00Z,DE-LU,CZ,1485.0,2518.0,-927.0,0,0,0
2026-02-19T20:00:00Z,DE-LU,DK1,1033.0,3134.0,-2244.0,0,0,0
2026-02-19T21:00:00Z,DE-LU,AT,3586.0,3790.0,1359.0,0,0,41.0
2026-02-19T21:00:00Z,DE-LU,FR,849.0,2823.0,-496.0,5.02,0,0
2026-02-19T21:00:00Z,DE-LU,NL,779.0,1275.0,-696.0,0,0,0
2026-02-19T21:00:00Z,DE-LU,PL,1083.0,1642.0,452.0,0,0,0
2026-02-19T21:00:00Z,DE-LU,CZ,3181.0,4011.0,-655.0,0,0,0
2026-02-19T21:00:00Z,DE-LU,DK1,772.0,1715.0,-726.0,0,0,0
2026-02-19T22:00:00Z,DE-LU,AT,2287.0,3160.0,1021.0,0,0,0
2026-02-19T22:00:00Z,DE-LU,FR,3971.0,4293.0,-3297.0,0,0,0
2026-02-19T22:00:00Z,DE-LU,NL,969.0,2338.0,1463.0,0,0,0
2026-02-19T22:00:00Z,DE-LU,PL,484.0,831.0,-524.0,0,0,0
2026-02-19T22:00:00Z,DE-LU,CZ,386.0,855.0,106.0,0,0,0
2026-02-19T22:00:00Z,DE-LU,DK1,1227.0,2889.0,-1177.0,0,0,0
2026-02-19T23:00:00Z,DE-LU,AT,1157.0,3157.0,-1794.0,1.1,0,0
2026-02-19T23:00:00Z,DE-LU,FR,1887.0,2179.0,-1345.0,0,0,44.0
2026-02-19T23:00:00Z,DE-LU,NL,1893.0,2986.0,-2290.0,0,0,0
2026-02-19T23:00:00Z,DE-LU,PL,1155.0,3580.0,-2179.0,0,0,0
2026-02-19T23:00:00Z,DE-LU,CZ,356.0,912.0,607.0,0,0,0
2026-02-19T23:00:00Z,DE-LU,DK1,1558.0,3818.0,3025.0,0,0,0
2026-02-20T00:00:00Z,DE-LU,AT,2866.0,3725.0,-301.0,0,0,0
2026-02-20T00:00:00Z,DE-LU,FR,3692.0,4259.0,-1588.0,0,0,0
2026-02-20T00:00:00Z,DE-LU,NL,2545.0,2956.0,-819.0,0,0,0
2026-02-20T00:00:00Z,DE-LU,PL,1197.0,2593.0,-1148.0,0,0,0
2026-02-20T00:00:00Z,DE-LU,CZ,1065.0,1800.0,1095.0,0,0,0
2026-02-20T00:00:00Z,DE-LU,DK1,2266.0,2853.0,-280.0,0,0,0
2026-02-20T01:00:00Z,DE-LU,AT,2985.0,3444.0,2255.0,0,0,0
2026-02-20T01:00:00Z,DE-LU,FR,954.0,2027.0,1434.0,0,0,0
2026-02-20T01:00:00Z,DE-LU,NL,2601.0,2760.0,-2091.0,0,0,0
2026-02-20T01:00:00Z,DE-LU,PL,3009.0,4496.0,-1964.0,0,0,0
2026-02-20T01:00:00Z,DE-LU,CZ,1004.0,2702.0,772.0,7.48,0,13.0
2026-02-20T01:00:00Z,DE-LU,DK1,3711.0,4221.0,1864.0,0,0,0
2026-02-20T02:00:00Z,DE-LU,AT,2092.0,4356.0,3071.0,0,0,0
2026-02-20T02:00:00Z,DE-LU,FR,2687.0,3352.0,-109.0,0,0,0
2026-02-20T02:00:00Z,DE-LU,NL,1003.0,1883.0,-663.0,0,0,0
2026-02-20T02:00:00Z,DE-LU,PL,3304.0,3900.0,2837.0,0,0,0
2026-02-20T02:00:00Z,DE-LU,CZ,683.0,1517.0,-468.0,0,0,0
2026-02-20T02:00:00Z,DE-LU,DK1,1022.0,1627.0,-320.0,0,0,0
2026-02-20T03:00:00Z,DE-LU,AT,1543.0,1900.0,488.0,0,0,0
2026-02-20T03:00:00Z,DE-LU,FR,2822.0,3279.0,-1646.0,0,0,0
2026-02-20T03:00:00Z,DE-LU,NL,1999.0,2393.0,899.0,0,0,0
2026-02-20T03:00:00Z,DE-LU,PL,1002.0,1189.0,-326.0,0,0,0
2026-02-20T03:00:00Z,DE-LU,CZ,3574.0,4177.0,1122.0,0,0,0
2026-02-20T03:00:00Z,DE-LU,DK1,2286.0,3257.0,-1111.0,0,0,0
2026-02-20T04:00:00Z,DE-LU,AT,2559.0,4008.0,-1923.0,0,0,0
2026-02-20T04:00:00Z,DE-LU,FR,1185.0,1792.0,933.0,0,0,0
2026-02-20T04:00:00Z,DE-LU,NL,1908.0,2246.0,-1558.0,0,0,0
2026-02-20T04:00:00Z,DE-LU,PL,2104.0,3774.0,-1127.0,0,0,0
2026-02-20T04:00:00Z,DE-LU,CZ,1350.0,4476.0,1275.0,0,0,0
2026-02-20T04:00:00Z,DE-LU,DK1,856.0,2424.0,-575.0,2.43,0,0
2026-02-20T05:00:00Z,DE-LU,AT,328.0,975.0,-494.0,0.88,35.0,0
2026-02-20T05:00:00Z,DE-LU,FR,1664.0,2418.0,-1102.0,0,0,0
2026-02-20T05:00:00Z,DE-LU,NL,1975.0,2391.0,236.0,0,0,0
2026-02-20T05:00:00Z,DE-LU,PL,725.0,1395.0,390.0,0,0,0
2026-02-20T05:00:00Z,DE-LU,CZ,2605.0,3179.0,-738.0,0,0,0
2026-02-20T05:00:00Z,DE-LU,DK1,1029.0,1918.0,-1178.0,0,0,0
2026-02-20T06:00:00Z,DE-LU,AT,1133.0,2833.0,-84.0,0,0,0
2026-02-20T06:00:00Z,DE-LU,FR,1425.0,4299.0,-189.0,2.8,0,0
2026-02-20T06:00:00Z,DE-LU,NL,1473.0,2053.0,234.0,0,0,0
2026-02-20T06:00:00Z,DE-LU,PL,585.0,1314.0,285.0,0,0,0
2026-02-20T06:00:00Z,DE-LU,CZ,1290.0,3907.0,1837.0,0.5,9.0,0
2026-02-20T06:00:00Z,DE-LU,DK1,1132.0,1700.0,385.0,0,0,0
2026-02-20T07:00:00Z,DE-LU,AT,2022.0,2464.0,-424.0,0,0,0
2026-02-20T07:00:00Z,DE-LU,FR,1039.0,2790.0,-1484.0,0,0,0
2026-02-20T07:00:00Z,DE-LU,NL,3210.0,4196.0,-1892.0,0,0,0
2026-02-20T07:00:00Z,DE-LU,PL,665.0,2039.0,-1603.0,0,0,0
2026-02-20T07:00:00Z,DE-LU,CZ,1788.0,3241.0,-513.0,0,0,0
2026-02-20T07:00:00Z,DE-LU,DK1,2138.0,3669.0,-859.0,0,0,0
2026-02-20T08:00:00Z,DE-LU,AT,3543.0,3892.0,-1071.0,0,0,0
2026-02-20T08:00:00Z,DE-LU,FR,758.0,1115.0,240.0,0,0,0
2026-02-20T08:00:00Z,DE-LU,NL,2532.0,3367.0,1395.0,0,0,0
2026-02-20T08:00:00Z,DE-LU,PL,2978.0,3211.0,46.0,0,0,0
2026-02-20T08:00:00Z,DE-LU,CZ,1059.0,2004.0,-666.0,0,0,0
2026-02-20T08:00:00Z,DE-LU,DK1,1055.0,2230.0,4.0,0,0,24.0
2026-02-20T09:00:00Z,DE-LU,AT,1215.0,2779.0,-1549.0,0,0,0
2026-02-20T09:00:00Z,DE-LU,FR,2221.0,3456.0,-615.0,0,0,0
2026-02-20T09:00:00Z,DE-LU,NL,2236.0,2584.0,1025.0,0,0,0
2026-02-20T09:00:00Z,DE-LU,PL,923.0,978.0,-153.0,0,0,0
2026-02-20T09:00:00Z,DE-LU,CZ,2032.0,2145.0,-725.0,0,0,0
2026-02-20T09:00:00Z,DE-LU,DK1,3403.0,3833.0,-2813.0,0,0,0
2026-02-20T10:00:00Z,DE-LU,AT,2606.0,3067.0,-2198.0,0,0,0
2026-02-20T10:00:00Z,DE-LU,FR,3266.0,4297.0,2796.0,0,0,0
2026-02-20T10:00:00Z,DE-LU,NL,1571.0,2141.0,601.0,0,0,20.0
2026-02-20T10:00:00Z,DE-LU,PL,1062.0,2773.0,66.0,0,0,0
2026-02-20T10:00:00Z,DE-LU,CZ,1148.0,2688.0,1512.0,0,0,0
2026-02-20T10:00:00Z,DE-LU,DK1,1432.0,2151.0,-422.0,0,0,0
2026-02-20T11:00:00Z,DE-LU,AT,2151.0,2874.0,-1450.0,0,0,0
2026-02-20T11:00:00Z,DE-LU,FR,1708.0,2718.0,742.0,0,0,0
2026-02-20T11:00:00Z,DE-LU,NL,767.0,1952.0,-1082.0,0,0,0
2026-02-20T11:00:00Z,DE-LU,PL,1502.0,2434.0,-443.0,0,0,0
2026-02-20T11:00:00Z,DE-LU,CZ,1468.0,2055.0,258.0,0,0,0
2026-02-20T11:00:00Z,DE-LU,DK1,322.0,991.0,-243.0,0.94,34.0,0
2026-02-20T12:00:00Z,DE-LU,AT,1655.0,3980.0,2924.0,0,0,0
2026-02-20T12:00:00Z,DE-LU,FR,565.0,1720.0,1107.0,0,0,0
2026-02-20T12:00:00Z,DE-LU,NL,817.0,1052.0,598.0,0,0,0
2026-02-20T12:00:00Z,DE-LU,PL,915.0,1943.0,-995.0,0,0,0
2026-02-20T12:00:00Z,DE-LU,CZ,1995.0,3710.0,-2960.0,0,0,0
2026-02-20T12:00:00Z,DE-LU,DK1,2163.0,3311.0,2375.0,0,0,0
2026-02-20T13:00:00Z,DE-LU,AT,1298.0,1936.0,-516.0,0,0,0
2026-02-20T13:00:00Z,DE-LU,FR,1364.0,2588.0,870.0,0,0,0
2026-02-20T13:00:00Z,DE-LU,NL,2120.0,3540.0,2813.0,0,0,0
2026-02-20T13:00:00Z,DE-LU,PL,2254.0,3823.0,-3010.0,0,0,0
2026-02-20T13:00:00Z,DE-LU,CZ,1911.0,2530.0,166.0,0,0,0
2026-02-20T13:00:00Z,DE-LU,DK1,776.0,1401.0,-854.0,0,0,0
2026-02-20T14:00:00Z,DE-LU,AT,475.0,1104.0,755.0,0,0,0
2026-02-20T14:00:00Z,DE-LU,FR,2459.0,3155.0,-1573.0,0,0,0
2026-02-20T14:00:00Z,DE-LU,NL,2001.0,2188.0,701.0,0,0,0
2026-02-20T14:00:00Z,DE-LU,PL,2346.0,4405.0,2109.0,0,0,0
2026-02-20T14:00:00Z,DE-LU,CZ,1815.0,4113.0,-2918.0,0,0,0
2026-02-20T14:00:00Z,DE-LU,DK1,1198.0,1991.0,655.0,0,0,0
2026-02-20T15:00:00Z,DE-LU,AT,443.0,1080.0,215.0,0,0,0
2026-02-20T15:00:00Z,DE-LU,FR,3027.0,4483.0,2908.0,0,0,0
2026-02-20T15:00:00Z,DE-LU,NL,2254.0,3947.0,-2217.0,0,0,30.0
2026-02-20T15:00:00Z,DE-LU,PL,2689.0,3429.0,2160.0,0,0,0
2026-02-20T15:00:00Z,DE-LU,CZ,1378.0,2697.0,1818.0,0,0,0
2026-02-20T15:00:00Z,DE-LU,DK1,1481.0,3487.0,-1675.0,0,0,0
2026-02-20T16:00:00Z,DE-LU,AT,1573.0,2441.0,-1080.0,0,0,0
2026-02-20T16:00:00Z,DE-LU,FR,791.0,960.0,-597.0,0,0,0
2026-02-20T16:00:00Z,DE-LU,NL,964.0,1169.0,-78.0,0,0,0
2026-02-20T16:00:00Z,DE-LU,PL,1147.0,2328.0,1462.0,0,0,0
2026-02-20T16:00:00Z,DE-LU,CZ,1527.0,3425.0,1510.0,0,0,0
2026-02-20T16:00:00Z,DE-LU,DK1,1927.0,4181.0,162.0,0,0,0
2026-02-20T17:00:00Z,DE-LU,AT,643.0,2093.0,-596.0,0,0,0
2026-02-20T17:00:00Z,DE-LU,FR,1801.0,2413.0,-539.0,0,0,2.0
2026-02-20T17:00:00Z,DE-LU,NL,2725.0,2956.0,844.0,0,0,0
2026-02-20T17:00:00Z,DE-LU,PL,2421.0,3120.0,-611.0,0,0,0
2026-02-20T17:00:00Z,DE-LU,CZ,1684.0,4346.0,-453.0,0.87,0,0
2026-02-20T17:00:00Z,DE-LU,DK1,1193.0,2282.0,-1567.0,0,0,0
2026-02-20T18:00:00Z,DE-LU,AT,1759.0,3986.0,-1038.0,0,0,0
2026-02-20T18:00:00Z,DE-LU,FR,2274.0,4061.0,-2700.0,0,0,0
2026-02-20T18:00:00Z,DE-LU,NL,2124.0,3237.0,-1456.0,0,0,0
2026-02-20T18:00:00Z,DE-LU,PL,1004.0,2489.0,-1132.0,0,0,0
2026-02-20T18:00:00Z,DE-LU,CZ,1453.0,2560.0,1467.0,0,0,0
2026-02-20T18:00:00Z,DE-LU,DK1,1029.0,1295.0,-905.0,0,0,0
2026-02-20T19:00:00Z,DE-LU,AT,1338.0,3957.0,-3061.0,0,0,0
2026-02-20T19:00:00Z,DE-LU,FR,2942.0,3464.0,246.0,0,0,0
2026-02-20T19:00:00Z,DE-LU,NL,1266.0,2415.0,1050.0,0,0,0
2026-02-20T19:00:00Z,DE-LU,PL,2753.0,4119.0,-3133.0,0,0,0
2026-02-20T19:00:00Z,DE-LU,CZ,668.0,1454.0,-394.0,0,0,0
2026-02-20T19:00:00Z,DE-LU,DK1,727.0,1021.0,-494.0,0,0,0
2026-02-20T20:00:00Z,DE-LU,AT,816.0,2537.0,1585.0,0.3,157.0,0
2026-02-20T20:00:00Z,DE-LU,FR,1531.0,2083.0,-887.0,0,0,0
2026-02-20T20:00:00Z,DE-LU,NL,1663.0,2658.0,1366.0,0,0,5.0
2026-02-20T20:00:00Z,DE-LU,PL,1261.0,1918.0,-1530.0,0,0,0
2026-02-20T20:00:00Z,DE-LU,CZ,3540.0,3951.0,-992.0,0,0,0
2026-02-20T20:00:00Z,DE-LU,DK1,1853.0,2691.0,574.0,0,0,0
2026-02-20T21:00:00Z,DE-LU,AT,2026.0,3924.0,1016.0,0,0,0
2026-02-20T21:00:00Z,DE-LU,FR,1828.0,3911.0,237.0,0,0,0
2026-02-20T21:00:00Z,DE-LU,NL,1173.0,1808.0,-216.0,0,0,0
2026-02-20T21:00:00Z,DE-LU,PL,1917.0,2018.0,-250.0,0,0,0
2026-02-20T21:00:00Z,DE-LU,CZ,694.0,2258.0,239.0,0,0,0
2026-02-20T21:00:00Z,DE-LU,DK1,947.0,2996.0,-174.0,0,0,0
2026-02-20T22:00:00Z,DE-LU,AT,2520.0,3074.0,-1012.0,0,0,0
2026-02-20T22:00:00Z,DE-LU,FR,965.0,2510.0,261.0,0,0,0
2026-02-20T22:00:00Z,DE-LU,NL,871.0,1340.0,-540.0,0,0,0
2026-02-20T22:00:00Z,DE-LU,PL,3370.0,4047.0,3158.0,0,0,0
2026-02-20T22:00:00Z,DE-LU,CZ,2987.0,3911.0,-1942.0,0,0,0
2026-02-20T22:00:00Z,DE-LU,DK1,2420.0,2967.0,2078.0,0,0,0
2026-02-20T23:00:00Z,DE-LU,AT,561.0,1198.0,918.0,0,0,0
2026-02-20T23:00:00Z,DE-LU,FR,1994.0,2396.0,1645.0,0,0,0
2026-02-20T23:00:00Z,DE-LU,NL,3444.0,3952.0,-2963.0,0,0,0
2026-02-20T23:00:00Z,DE-LU,PL,2444.0,3377.0,325.0,0,0,0
2026-02-20T23:00:00Z,DE-LU,CZ,3499.0,3923.0,-2032.0,0,0,0
2026-02-20T23:00:00Z,DE-LU,DK1,1852.0,2528.0,837.0,0,0,0
2026-02-21T00:00:00Z,DE-LU,AT,2549.0,3098.0,1500.0,0,0,0
2026-02-21T00:00:00Z,DE-LU,FR,1455.0,3546.0,685.0,0,0,0
2026-02-21T00:00:00Z,DE-LU,NL,1364.0,1969.0,980.0,0,0,6.0
2026-02-21T00:00:00Z,DE-LU,PL,1030.0,2311.0,1719.0,0,0,0
2026-02-21T00:00:00Z,DE-LU,CZ,712.0,1284.0,331.0,0,0,0
2026-02-21T00:00:00Z,DE-LU,DK1,803.0,2053.0,322.0,0.08,0,0
2026-02-21T01:00:00Z,DE-LU,AT,1101.0,1541.0,-333.0,0,0,0
2026-02-21T01:00:00Z,DE-LU,FR,1971.0,4071.0,1083.0,0,0,0
2026-02-21T01:00:00Z,DE-LU,NL,1333.0,2203.0,720.0,0,0,0
2026-02-21T01:00:00Z,DE-LU,PL,3478.0,4414.0,2819.0,0,0,0
2026-02-21T01:00:00Z,DE-LU,CZ,3549.0,4359.0,34.0,0,0,0
2026-02-21T01:00:00Z,DE-LU,DK1,1887.0,3038.0,603.0,0,0,0
2026-02-21T02:00:00Z,DE-LU,AT,2334.0,3611.0,2059.0,0,0,0
2026-02-21T02:00:00Z,DE-LU,FR,1319.0,1522.0,-512.0,0,0,0
2026-02-21T02:00:00Z,DE-LU,NL,1372.0,1664.0,-329.0,0,0,0
2026-02-21T02:00:00Z,DE-LU,PL,1684.0,2136.0,1429.0,0,0,0
2026-02-21T02:00:00Z,DE-LU,CZ,1604.0,1833.0,-338.0,0,0,0
2026-02-21T02:00:00Z,DE-LU,DK1,972.0,2973.0,-978.0,0,0,0
2026-02-21T03:00:00Z,DE-LU,AT,2639.0,3596.0,2266.0,0,0,0
2026-02-21T03:00:00Z,DE-LU,FR,1125.0,1859.0,1413.0,0,0,0
2026-02-21T03:00:00Z,DE-LU,NL,1162.0,1980.0,1274.0,0,0,0
2026-02-21T03:00:00Z,DE-LU,PL,2946.0,4304.0,-3080.0,0,0,0
2026-02-21T03:00:00Z,DE-LU,CZ,3160.0,3493.0,996.0,0,0,0
2026-02-21T03:00:00Z,DE-LU,DK1,1220.0,3285.0,2429.0,1.32,0,0
2026-02-21T04:00:00Z,DE-LU,AT,2001.0,2981.0,-345.0,0,0,0
2026-02-21T04:00:00Z,DE-LU,FR,732.0,1760.0,-1333.0,0,0,0
2026-02-21T04:00:00Z,DE-LU,NL,945.0,1232.0,439.0,0,0,0
2026-02-21T04:00:00Z,DE-LU,PL,2098.0,2695.0,-163.0,0,0,0
2026-02-21T04:00:00Z,DE-LU,CZ,3572.0,4274.0,-783.0,0,0,0
2026-02-21T04:00:00Z,DE-LU,DK1,2383.0,3013.0,1690.0,0,0,0
2026-02-21T05:00:00Z,DE-LU,AT,1201.0,2738.0,-994.0,0,0,0
2026-02-21T05:00:00Z,DE-LU,FR,1256.0,2467.0,606.0,0,0,0
2026-02-21T05:00:00Z,DE-LU,NL,796.0,1109.0,557.0,0,0,0
2026-02-21T05:00:00Z,DE-LU,PL,2963.0,3395.0,-2264.0,0,0,0
2026-02-21T05:00:00Z,DE-LU,CZ,2727.0,3541.0,114.0,0,0,0
2026-02-21T05:00:00Z,DE-LU,DK1,2114.0,3140.0,329.0,0,0,0
2026-02-21T06:00:00Z,DE-LU,AT,2079.0,3515.0,-2749.0,0,0,0
2026-02-21T06:00:00Z,DE-LU,FR,892.0,2145.0,788.0,0,0,0
2026-02-21T06:00:00Z,DE-LU,NL,790.0,965.0,-27.0,0,0,0
2026-02-21T06:00:00Z,DE-LU,PL,1986.0,2625.0,527.0,0,0,0
2026-02-21T06:00:00Z,DE-LU,CZ,1604.0,2984.0,-139.0,0,0,10.0
2026-02-21T06:00:00Z,DE-LU,DK1,2554.0,2729.0,1678.0,0,0,0
2026-02-21T07:00:00Z,DE-LU,AT,2569.0,4269.0,533.0,0,0,0
2026-02-21T07:00:00Z,DE-LU,FR,2074.0,3524.0,-856.0,0,0,10.0
2026-02-21T07:00:00Z,DE-LU,NL,771.0,908.0,188.0,0,0,0
2026-02-21T07:00:00Z,DE-LU,PL,1081.0,1761.0,-249.0,0,0,0
2026-02-21T07:00:00Z,DE-LU,CZ,2501.0,3747.0,-2120.0,0,0,0
2026-02-21T07:00:00Z,DE-LU,DK1,1644.0,3638.0,2886.0,0,0,0
2026-02-21T08:00:00Z,DE-LU,AT,1366.0,1987.0,-5.0,0,0,0
2026-02-21T08:00:00Z,DE-LU,FR,1423.0,3709.0,-560.0,0,0,0
2026-02-21T08:00:00Z,DE-LU,NL,1898.0,2264.0,1601.0,0,0,0
2026-02-21T08:00:00Z,DE-LU,PL,1908.0,2139.0,113.0,0,0,0
2026-02-21T08:00:00Z,DE-LU,CZ,1006.0,1181.0,-438.0,0,0,0
2026-02-21T08:00:00Z,DE-LU,DK1,958.0,1654.0,-1204.0,0,0,0
2026-02-21T09:00:00Z,DE-LU,AT,1629.0,1917.0,-609.0,0,0,0
2026-02-21T09:00:00Z,DE-LU,FR,665.0,1462.0,204.0,0,0,0
2026-02-21T09:00:00Z,DE-LU,NL,2386.0,2623.0,1010.0,0,0,0
2026-02-21T09:00:00Z,DE-LU,PL,2716.0,3945.0,-1900.0,0,0,0
2026-02-21T09:00:00Z,DE-LU,CZ,654.0,919.0,-9.0,0,0,0
2026-02-21T09:00:00Z,DE-LU,DK1,1426.0,2044.0,864.0,0,0,0
2026-02-21T10:00:00Z,DE-LU,AT,1106.0,2013.0,-535.0,0,0,0
2026-02-21T10:00:00Z,DE-LU,FR,2424.0,2561.0,-1083.0,0,0,0
2026-02-21T10:00:00Z,DE-LU,NL,1247.0,1937.0,-1021.0,0,0,0
2026-02-21T10:00:00Z,DE-LU,PL,3305.0,3879.0,-2332.0,0,0,0
2026-02-21T10:00:00Z,DE-LU,CZ,697.0,1184.0,881.0,0,0,0
2026-02-21T10:00:00Z,DE-LU,DK1,601.0,911.0,20.0,0,0,0
2026-02-21T11:00:00Z,DE-LU,AT,1922.0,2356.0,-1038.0,0,0,0
2026-02-21T11:00:00Z,DE-LU,FR,924.0,1241.0,357.0,0,0,0
2026-02-21T11:00:00Z,DE-LU,NL,1976.0,3464.0,147.0,0,0,0
2026-02-21T11:00:00Z,DE-LU,PL,2405.0,4387.0,3052.0,0,0,0
2026-02-21T11:00:00Z,DE-LU,CZ,982.0,2651.0,-1327.0,5.08,0,0
2026-02-21T11:00:00Z,DE-LU,DK1,1919.0,2116.0,968.0,0,0,0
2026-02-21T12:00:00Z,DE-LU,AT,2286.0,3950.0,-1350.0,0,0,0
2026-02-21T12:00:00Z,DE-LU,FR,1348.0,1584.0,195.0,0,0,0
2026-02-21T12:00:00Z,DE-LU,NL,2037.0,3118.0,100.0,0,0,0
2026-02-21T12:00:00Z,DE-LU,PL,2653.0,4186.0,-1892.0,0,0,0
2026-02-21T12:00:00Z,DE-LU,CZ,898.0,2216.0,225.0,0,0,0
2026-02-21T12:00:00Z,DE-LU,DK1,2155.0,3089.0,-1950.0,0,0,0
2026-02-21T13:00:00Z,DE-LU,AT,1209.0,2094.0,1163.0,0,0,0
2026-02-21T13:00:00Z,DE-LU,FR,2505.0,3197.0,-376.0,0,0,0
2026-02-21T13:00:00Z,DE-LU,NL,1323.0,3439.0,-971.0,7.93,0,0
2026-02-21T13:00:00Z,DE-LU,PL,559.0,893.0,131.0,0,0,0
2026-02-21T13:00:00Z,DE-LU,CZ,2413.0,3322.0,-1598.0,0,0,0
2026-02-21T13:00:00Z,DE-LU,DK1,694.0,833.0,56.0,0,0,0
2026-02-21T14:00:00Z,DE-LU,AT,2218.0,2383.0,-1685.0,0,0,0
2026-02-21T14:00:00Z,DE-LU,FR,2506.0,3282.0,388.0,0,0,0
2026-02-21T14:00:00Z,DE-LU,NL,863.0,1001.0,176.0,0,0,0
2026-02-21T14:00:00Z,DE-LU,PL,1348.0,4150.0,-241.0,0,0,0
2026-02-21T14:00:00Z,DE-LU,CZ,3826.0,4124.0,2694.0,0,0,0
2026-02-21T14:00:00Z,DE-LU,DK1,1568.0,2230.0,439.0,0,0,0
2026-02-21T15:00:00Z,DE-LU,AT,786.0,1232.0,-735.0,0,0,0
2026-02-21T15:00:00Z,DE-LU,FR,1523.0,1746.0,953.0,0,0,0
2026-02-21T15:00:00Z,DE-LU,NL,2010.0,4163.0,-3112.0,0,0,0
2026-02-21T15:00:00Z,DE-LU,PL,2731.0,3287.0,-350.0,0,0,0
2026-02-21T15:00:00Z,DE-LU,CZ,2776.0,4315.0,3434.0,0,0,0
2026-02-21T15:00:00Z,DE-LU,DK1,1433.0,3502.0,1094.0,0,0,0
2026-02-21T16:00:00Z,DE-LU,AT,1844.0,2660.0,1234.0,0,0,0
2026-02-21T16:00:00Z,DE-LU,FR,2750.0,3328.0,97.0,0,0,0
2026-02-21T16:00:00Z,DE-LU,NL,1834.0,2436.0,-150.0,0,0,0
2026-02-21T16:00:00Z,DE-LU,PL,754.0,1581.0,-1144.0,0,0,0
2026-02-21T16:00:00Z,DE-LU,CZ,1604.0,2547.0,462.0,0,0,0
2026-02-21T16:00:00Z,DE-LU,DK1,776.0,1240.0,-844.0,0,0,0
2026-02-21T17:00:00Z,DE-LU,AT,930.0,1462.0,544.0,0,0,0
2026-02-21T17:00:00Z,DE-LU,FR,2030.0,3347.0,-2648.0,0,0,0
2026-02-21T17:00:00Z,DE-LU,NL,949.0,1944.0,842.0,0,0,0
2026-02-21T17:00:00Z,DE-LU,PL,1981.0,4160.0,2431.0,0,0,0
2026-02-21T17:00:00Z,DE-LU,CZ,2705.0,3623.0,2036.0,0,0,0
2026-02-21T17:00:00Z,DE-LU,DK1,1231.0,2974.0,-2025.0,0,0,0
2026-02-21T18:00:00Z,DE-LU,AT,2407.0,3301.0,825.0,0,0,0
2026-02-21T18:00:00Z,DE-LU,FR,1464.0,3839.0,2292.0,2.44,0,0
2026-02-21T18:00:00Z,DE-LU,NL,723.0,979.0,-19.0,0,0,0
2026-02-21T18:00:00Z,DE-LU,PL,1865.0,2554.0,-1731.0,0,0,0
2026-02-21T18:00:00Z,DE-LU,CZ,656.0,1596.0,535.0,0,0,0
2026-02-21T18:00:00Z,DE-LU,DK1,1258.0,4185.0,-1844.0,2.34,32.0,0
2026-02-21T19:00:00Z,DE-LU,AT,1843.0,3405.0,1073.0,0,0,0
2026-02-21T19:00:00Z,DE-LU,FR,708.0,2247.0,1066.0,0,0,0
2026-02-21T19:00:00Z,DE-LU,NL,2226.0,3394.0,-2188.0,0,0,0
2026-02-21T19:00:00Z,DE-LU,PL,2251.0,2671.0,-1462.0,0,0,0
2026-02-21T19:00:00Z,DE-LU,CZ,750.0,942.0,-700.0,0,0,0
2026-02-21T19:00:00Z,DE-LU,DK1,1378.0,2153.0,876.0,0,0,0
2026-02-21T20:00:00Z,DE-LU,AT,1590.0,2933.0,-1833.0,0,0,0
2026-02-21T20:00:00Z,DE-LU,FR,736.0,1600.0,658.0,0,0,0
2026-02-21T20:00:00Z,DE-LU,NL,2295.0,3082.0,-4.0,0,0,0
2026-02-21T20:00:00Z,DE-LU,PL,1627.0,4249.0,-1965.0,1.41,63.0,0
2026-02-21T20:00:00Z,DE-LU,CZ,3172.0,4129.0,3256.0,0,0,0
2026-02-21T20:00:00Z,DE-LU,DK1,682.0,2038.0,354.0,0,0,0
2026-02-21T21:00:00Z,DE-LU,AT,2391.0,2809.0,-1562.0,0,0,0
2026-02-21T21:00:00Z,DE-LU,FR,3093.0,3391.0,1037.0,0,0,0
2026-02-21T21:00:00Z,DE-LU,NL,691.0,921.0,4.0,0,0,0
2026-02-21T21:00:00Z,DE-LU,PL,1766.0,2192.0,904.0,0,0,0
2026-02-21T21:00:00Z,DE-LU,CZ,2734.0,3548.0,-837.0,0,0,0
2026-02-21T21:00:00Z,DE-LU,DK1,1405.0,3577.0,86.0,0,0,0
2026-02-21T22:00:00Z,DE-LU,AT,1409.0,1988.0,-572.0,0,0,0
2026-02-21T22:00:00Z,DE-LU,FR,379.0,963.0,689.0,0,0,0
2026-02-21T22:00:00Z,DE-LU,NL,816.0,1107.0,719.0,0,0,0
2026-02-21T22:00:00Z,DE-LU,PL,889.0,2851.0,412.0,0,0,0
2026-02-21T22:00:00Z,DE-LU,CZ,581.0,929.0,-451.0,0,0,0
2026-02-21T22:00:00Z,DE-LU,DK1,1470.0,3268.0,1652.0,0,0,0
2026-02-21T23:00:00Z,DE-LU,AT,981.0,1874.0,832.0,0,0,0
2026-02-21T23:00:00Z,DE-LU,FR,2494.0,3694.0,-586.0,0,0,0
2026-02-21T23:00:00Z,DE-LU,NL,1190.0,2527.0,1672.0,0,0,0
2026-02-21T23:00:00Z,DE-LU,PL,2201.0,2908.0,1007.0,0,0,0
2026-02-21T23:00:00Z,DE-LU,CZ,2050.0,3824.0,-368.0,0,0,0
2026-02-21T23:00:00Z,DE-LU,DK1,1840.0,1983.0,786.0,0,0,0
2026-02-22T00:00:00Z,DE-LU,AT,678.0,1587.0,499.0,0,0,0
2026-02-22T00:00:00Z,DE-LU,FR,1915.0,2551.0,1009.0,0,0,0
2026-02-22T00:00:00Z,DE-LU,NL,1607.0,1828.0,810.0,0,0,0
2026-02-22T00:00:00Z,DE-LU,PL,782.0,2511.0,-1750.0,0,0,0
2026-02-22T00:00:00Z,DE-LU,CZ,620.0,1848.0,136.0,0,0,0
2026-02-22T00:00:00Z,DE-LU,DK1,678.0,1222.0,198.0,0,0,0
2026-02-22T01:00:00Z,DE-LU,AT,669.0,892.0,34.0,0,0,0
2026-02-22T01:00:00Z,DE-LU,FR,1602.0,1700.0,1059.0,0,0,0
2026-02-22T01:00:00Z,DE-LU,NL,2992.0,3525.0,1234.0,0,0,0
2026-02-22T01:00:00Z,DE-LU,PL,1555.0,2012.0,-409.0,0,0,0
2026-02-22T01:00:00Z,DE-LU,CZ,599.0,1476.0,-218.0,0,0,0
2026-02-22T01:00:00Z,DE-LU,DK1,3880.0,4490.0,-1252.0,0,0,0
2026-02-22T02:00:00Z,DE-LU,AT,1124.0,3109.0,-2139.0,0,0,0
2026-02-22T02:00:00Z,DE-LU,FR,314.0,833.0,-432.0,4.34,0,0
2026-02-22T02:00:00Z,DE-LU,NL,3362.0,4388.0,-3334.0,0,0,0
2026-02-22T02:00:00Z,DE-LU,PL,2196.0,3560.0,1474.0,0,0,0
2026-02-22T02:00:00Z,DE-LU,CZ,1213.0,3139.0,324.0,0,0,0
2026-02-22T02:00:00Z,DE-LU,DK1,1459.0,3734.0,-1141.0,2.52,0,0
2026-02-22T03:00:00Z,DE-LU,AT,3469.0,3997.0,-2749.0,0,0,0
2026-02-22T03:00:00Z,DE-LU,FR,2390.0,3083.0,-1615.0,0,0,0
2026-02-22T03:00:00Z,DE-LU,NL,1617.0,2251.0,1560.0,0,0,0
2026-02-22T03:00:00Z,DE-LU,PL,3424.0,4091.0,1009.0,0,0,0
2026-02-22T03:00:00Z,DE-LU,CZ,490.0,1523.0,-74.0,13.77,0,0
2026-02-22T03:00:00Z,DE-LU,DK1,1281.0,1873.0,296.0,0,0,0
2026-02-22T04:00:00Z,DE-LU,AT,1050.0,1161.0,870.0,0,0,0
2026-02-22T04:00:00Z,DE-LU,FR,856.0,1945.0,938.0,0,0,0
2026-02-22T04:00:00Z,DE-LU,NL,2953.0,3629.0,-845.0,0,0,0
2026-02-22T04:00:00Z,DE-LU,PL,664.0,2105.0,149.0,0,0,0
2026-02-22T04:00:00Z,DE-LU,CZ,1106.0,2001.0,739.0,0,0,0
2026-02-22T04:00:00Z,DE-LU,DK1,3755.0,4409.0,1849.0,0,0,0
2026-02-22T05:00:00Z,DE-LU,AT,1769.0,3096.0,2096.0,0,0,0
2026-02-22T05:00:00Z,DE-LU,FR,372.0,865.0,282.0,0,0,0
2026-02-22T05:00:00Z,DE-LU,NL,1175.0,3709.0,-1278.0,0,0,0
2026-02-22T05:00:00Z,DE-LU,PL,648.0,937.0,240.0,0,0,0
2026-02-22T05:00:00Z,DE-LU,CZ,1434.0,1902.0,1001.0,0,0,0
2026-02-22T05:00:00Z,DE-LU,DK1,1513.0,2511.0,1781.0,0,0,0
2026-02-22T06:00:00Z,DE-LU,AT,1244.0,1660.0,-437.0,0,0,0
2026-02-22T06:00:00Z,DE-LU,FR,2043.0,3039.0,223.0,0,0,0
2026-02-22T06:00:00Z,DE-LU,NL,924.0,979.0,-236.0,0,0,0
2026-02-22T06:00:00Z,DE-LU,PL,3359.0,3635.0,2500.0,0,0,0
2026-02-22T06:00:00Z,DE-LU,CZ,1353.0,3824.0,-3039.0,0,0,0
2026-02-22T06:00:00Z,DE-LU,DK1,770.0,1893.0,-321.0,0,0,0
2026-02-22T07:00:00Z,DE-LU,AT,1717.0,2840.0,260.0,0,0,0
2026-02-22T07:00:00Z,DE-LU,FR,1207.0,3662.0,-1861.0,0,0,0
2026-02-22T07:00:00Z,DE-LU,NL,1607.0,1779.0,-775.0,0,0,0
2026-02-22T07:00:00Z,DE-LU,PL,413.0,1099.0,513.0,0.9,0,0
2026-02-22T07:00:00Z,DE-LU,CZ,2700.0,3043.0,-424.0,0,0,0
2026-02-22T07:00:00Z,DE-LU,DK1,1649.0,2007.0,576.0,0,0,0
2026-02-22T08:00:00Z,DE-LU,AT,1744.0,1918.0,-1426.0,0,0,0
2026-02-22T08:00:00Z,DE-LU,FR,797.0,2196.0,797.0,1.52,39.0,0
2026-02-22T08:00:00Z,DE-LU,NL,2679.0,3668.0,2426.0,0,0,0
2026-02-22T08:00:00Z,DE-LU,PL,1727.0,3011.0,741.0,0,0,0
2026-02-22T08:00:00Z,DE-LU,CZ,1581.0,4411.0,580.0,0,0,0
2026-02-22T08:00:00Z,DE-LU,DK1,797.0,873.0,-601.0,0,0,0
2026-02-22T09:00:00Z,DE-LU,AT,2004.0,2756.0,365.0,0,0,0
2026-02-22T09:00:00Z,DE-LU,FR,1348.0,3281.0,-43.0,0,0,0
2026-02-22T09:00:00Z,DE-LU,NL,1691.0,2745.0,-1934.0,0,0,0
2026-02-22T09:00:00Z,DE-LU,PL,2488.0,3134.0,1116.0,0,0,0
2026-02-22T09:00:00Z,DE-LU,CZ,2573.0,3913.0,1008.0,0,0,0
2026-02-22T09:00:00Z,DE-LU,DK1,2126.0,2934.0,342.0,0,0,0
2026-02-22T10:00:00Z,DE-LU,AT,1374.0,1530.0,-755.0,0,0,37.0
2026-02-22T10:00:00Z,DE-LU,FR,1691.0,2430.0,-751.0,0,0,0
2026-02-22T10:00:00Z,DE-LU,NL,2522.0,3690.0,-2046.0,0,0,0
2026-02-22T10:00:00Z,DE-LU,PL,1994.0,2539.0,1855.0,0,0,0
2026-02-22T10:00:00Z,DE-LU,CZ,626.0,1095.0,68.0,0,0,0
2026-02-22T10:00:00Z,DE-LU,DK1,482.0,1458.0,598.0,4.91,0,0
2026-02-22T11:00:00Z,DE-LU,AT,888.0,1878.0,-160.0,0,0,0
2026-02-22T11:00:00Z,DE-LU,FR,1129.0,2192.0,10.0,0,0,0
2026-02-22T11:00:00Z,DE-LU,NL,931.0,1805.0,604.0,0,0,0
2026-02-22T11:00:00Z,DE-LU,PL,804.0,1312.0,-136.0,0,0,0
2026-02-22T11:00:00Z,DE-LU,CZ,3580.0,4133.0,1484.0,0,0,0
2026-02-22T11:00:00Z,DE-LU,DK1,2272.0,3489.0,1964.0,0,0,0
2026-02-22T12:00:00Z,DE-LU,AT,1743.0,4370.0,1367.0,2.33,22.0,0
2026-02-22T12:00:00Z,DE-LU,FR,2341.0,2707.0,-154.0,0,0,0
2026-02-22T12:00:00Z,DE-LU,NL,1608.0,2900.0,-1993.0,0,0,0
2026-02-22T12:00:00Z,DE-LU,PL,2000.0,2437.0,-855.0,0,0,0
2026-02-22T12:00:00Z,DE-LU,CZ,1303.0,2806.0,2121.0,0,0,0
2026-02-22T12:00:00Z,DE-LU,DK1,852.0,992.0,455.0,0,0,0
2026-02-22T13:00:00Z,DE-LU,AT,664.0,823.0,-379.0,0,0,0
2026-02-22T13:00:00Z,DE-LU,FR,542.0,878.0,18.0,0,0,0
2026-02-22T13:00:00Z,DE-LU,NL,864.0,948.0,-323.0,0,0,0
2026-02-22T13:00:00Z,DE-LU,PL,906.0,2713.0,-1666.0,1.94,42.0,0
2026-02-22T13:00:00Z,DE-LU,CZ,1043.0,1170.0,121.0,0,0,0
2026-02-22T13:00:00Z,DE-LU,DK1,1694.0,3936.0,-1827.0,0,0,0
2026-02-22T14:00:00Z,DE-LU,AT,489.0,1461.0,-494.0,0.54,0,0
2026-02-22T14:00:00Z,DE-LU,FR,986.0,1085.0,330.0,0,0,0
2026-02-22T14:00:00Z,DE-LU,NL,860.0,2172.0,-19.0,0,0,0
2026-02-22T14:00:00Z,DE-LU,PL,3131.0,3864.0,2288.0,0,0,0
2026-02-22T14:00:00Z,DE-LU,CZ,923.0,1362.0,-595.0,0,0,15.0
2026-02-22T14:00:00Z,DE-LU,DK1,2039.0,2398.0,-759.0,0,0,0
2026-02-22T15:00:00Z,DE-LU,AT,3128.0,3683.0,-2721.0,0,0,0
2026-02-22T15:00:00Z,DE-LU,FR,1458.0,2461.0,-154.0,0,0,0
2026-02-22T15:00:00Z,DE-LU,NL,896.0,2835.0,-1949.0,0,0,0
2026-02-22T15:00:00Z,DE-LU,PL,1976.0,4295.0,2395.0,0,0,0
2026-02-22T15:00:00Z,DE-LU,CZ,903.0,1402.0,688.0,0,0,0
2026-02-22T15:00:00Z,DE-LU,DK1,1289.0,2338.0,1702.0,0,0,0
2026-02-22T16:00:00Z,DE-LU,AT,1155.0,3115.0,-125.0,0,0,0
2026-02-22T16:00:00Z,DE-LU,FR,577.0,1234.0,-124.0,0,0,0
2026-02-22T16:00:00Z,DE-LU,NL,2662.0,3535.0,-1499.0,0,0,0
2026-02-22T16:00:00Z,DE-LU,PL,761.0,2455.0,59.0,0,0,0
2026-02-22T16:00:00Z,DE-LU,CZ,1673.0,4350.0,3420.0,0.62,0,0
2026-02-22T16:00:00Z,DE-LU,DK1,2182.0,2967.0,-1720.0,0,0,0
2026-02-22T17:00:00Z,DE-LU,AT,670.0,1230.0,894.0,0,0,0
2026-02-22T17:00:00Z,DE-LU,FR,1195.0,3180.0,1563.0,3.38,0,0
2026-02-22T17:00:00Z,DE-LU,NL,734.0,1127.0,-604.0,0,0,11.0
2026-02-22T17:00:00Z,DE-LU,PL,1622.0,2460.0,-1468.0,0,0,0
2026-02-22T17:00:00Z,DE-LU,CZ,798.0,1195.0,644.0,0,0,0
2026-02-22T17:00:00Z,DE-LU,DK1,2832.0,3645.0,902.0,0,0,0
2026-02-22T18:00:00Z,DE-LU,AT,2688.0,3667.0,2838.0,0,0,0
2026-02-22T18:00:00Z,DE-LU,FR,1036.0,1758.0,563.0,0,0,0
2026-02-22T18:00:00Z,DE-LU,NL,750.0,1234.0,-189.0,0,0,0
2026-02-22T18:00:00Z,DE-LU,PL,963.0,3051.0,-2360.0,0,0,0
2026-02-22T18:00:00Z,DE-LU,CZ,1456.0,2055.0,476.0,0,0,0
2026-02-22T18:00:00Z,DE-LU,DK1,2433.0,2962.0,-2226.0,0,0,0
2026-02-22T19:00:00Z,DE-LU,AT,1851.0,2620.0,-313.0,0,0,0
2026-02-22T19:00:00Z,DE-LU,FR,3208.0,3407.0,-889.0,0,0,0
2026-02-22T19:00:00Z,DE-LU,NL,673.0,1565.0,-157.0,0,0,0
2026-02-22T19:00:00Z,DE-LU,PL,1385.0,2853.0,-1913.0,0,0,0
2026-02-22T19:00:00Z,DE-LU,CZ,2102.0,2430.0,1011.0,0,0,0
2026-02-22T19:00:00Z,DE-LU,DK1,779.0,1145.0,839.0,0,0,0
2026-02-22T20:00:00Z,DE-LU,AT,1037.0,2696.0,-64.0,0,0,0
2026-02-22T20:00:00Z,DE-LU,FR,2532.0,2688.0,159.0,0,0,0
2026-02-22T20:00:00Z,DE-LU,NL,2878.0,3333.0,-2587.0,0,0,0
2026-02-22T20:00:00Z,DE-LU,PL,1020.0,3072.0,-2059.0,0,0,0
2026-02-22T20:00:00Z,DE-LU,CZ,2078.0,2815.0,-2234.0,0,0,0
2026-02-22T20:00:00Z,DE-LU,DK1,723.0,1135.0,192.0,0,0,0
2026-02-22T21:00:00Z,DE-LU,AT,2707.0,4395.0,-2086.0,0,0,0
2026-02-22T21:00:00Z,DE-LU,FR,834.0,1354.0,105.0,0,0,0
2026-02-22T21:00:00Z,DE-LU,NL,357.0,940.0,-249.0,3.44,87.0,0
2026-02-22T21:00:00Z,DE-LU,PL,1248.0,2738.0,98.0,0,0,0
2026-02-22T21:00:00Z,DE-LU,CZ,2416.0,4038.0,-3121.0,0,0,0
2026-02-22T21:00:00Z,DE-LU,DK1,1246.0,3672.0,-1636.0,0,0,11.0
2026-02-22T22:00:00Z,DE-LU,AT,2307.0,2717.0,519.0,0,0,0
2026-02-22T22:00:00Z,DE-LU,FR,1151.0,1354.0,-804.0,0,0,0
2026-02-22T22:00:00Z,DE-LU,NL,1227.0,2152.0,-889.0,0,0,0
2026-02-22T22:00:00Z,DE-LU,PL,2953.0,3228.0,761.0,0,0,0
2026-02-22T22:00:00Z,DE-LU,CZ,623.0,1002.0,581.0,0,0,0
2026-02-22T22:00:00Z,DE-LU,DK1,3288.0,3512.0,-938.0,0,0,0
2026-02-22T23:00:00Z,DE-LU,AT,1242.0,1896.0,-1415.0,0,0,0
2026-02-22T23:00:00Z,DE-LU,FR,1589.0,2385.0,-687.0,0,0,0
2026-02-22T23:00:00Z,DE-LU,NL,1129.0,1421.0,912.0,0,0,0
2026-02-22T23:00:00Z,DE-LU,PL,851.0,1631.0,-353.0,0,0,0
2026-02-22T23:00:00Z,DE-LU,CZ,660.0,1390.0,-829.0,0,0,0
2026-02-22T23:00:00Z,DE-LU,DK1,352.0,1000.0,661.0,0.55,73.0,0
2026-02-23T00:00:00Z,DE-LU,AT,2730.0,2973.0,2124.0,0,0,0
2026-02-23T00:00:00Z,DE-LU,FR,3198.0,4214.0,567.0,0,0,0
2026-02-23T00:00:00Z,DE-LU,NL,1152.0,2695.0,-235.0,0,0,0
2026-02-23T00:00:00Z,DE-LU,PL,1573.0,3198.0,1738.0,0,0,0
2026-02-23T00:00:00Z,DE-LU,CZ,691.0,1741.0,741.0,0,0,0
2026-02-23T00:00:00Z,DE-LU,DK1,586.0,1641.0,-356.0,0,0,0
2026-02-23T01:00:00Z,DE-LU,AT,1811.0,2199.0,-1349.0,0,0,0
2026-02-23T01:00:00Z,DE-LU,FR,2249.0,3684.0,2944.0,0,0,0
2026-02-23T01:00:00Z,DE-LU,NL,1208.0,1752.0,579.0,0,0,0
2026-02-23T01:00:00Z,DE-LU,PL,1922.0,2220.0,-1380.0,0,0,0
2026-02-23T01:00:00Z,DE-LU,CZ,1477.0,1945.0,-711.0,0,0,0
2026-02-23T01:00:00Z,DE-LU,DK1,2923.0,3443.0,-2578.0,0,0,0
2026-02-23T02:00:00Z,DE-LU,AT,2987.0,3452.0,942.0,0,0,0
2026-02-23T02:00:00Z,DE-LU,FR,2035.0,2281.0,-1127.0,0,0,0
2026-02-23T02:00:00Z,DE-LU,NL,646.0,2045.0,1174.0,1.77,0,0
2026-02-23T02:00:00Z,DE-LU,PL,1680.0,3161.0,2359.0,0,0,0
2026-02-23T02:00:00Z,DE-LU,CZ,1517.0,1725.0,-942.0,0,0,0
2026-02-23T02:00:00Z,DE-LU,DK1,2168.0,4193.0,-423.0,0,0,0
2026-02-23T03:00:00Z,DE-LU,AT,2514.0,3128.0,-592.0,0,0,0
2026-02-23T03:00:00Z,DE-LU,FR,1560.0,2998.0,-149.0,0,0,0
2026-02-23T03:00:00Z,DE-LU,NL,960.0,1377.0,544.0,0,0,0
2026-02-23T03:00:00Z,DE-LU,PL,805.0,2174.0,1380.0,0,0,0
2026-02-23T03:00:00Z,DE-LU,CZ,1282.0,2768.0,761.0,0,0,0
2026-02-23T03:00:00Z,DE-LU,DK1,1284.0,1738.0,599.0,0,0,0
2026-02-23T04:00:00Z,DE-LU,AT,1645.0,3052.0,-73.0,0,0,0
2026-02-23T04:00:00Z,DE-LU,FR,1007.0,1710.0,-742.0,0,0,0
2026-02-23T04:00:00Z,DE-LU,NL,993.0,1716.0,-1259.0,0,0,0
2026-02-23T04:00:00Z,DE-LU,PL,1310.0,3374.0,-964.0,0,0,0
2026-02-23T04:00:00Z,DE-LU,CZ,1468.0,2555.0,341.0,0,0,0
2026-02-23T04:00:00Z,DE-LU,DK1,2597.0,3070.0,2330.0,0,0,0
2026-02-23T05:00:00Z,DE-LU,AT,1743.0,3156.0,533.0,0,0,0
2026-02-23T05:00:00Z,DE-LU,FR,1774.0,2369.0,640.0,0,0,0
2026-02-23T05:00:00Z,DE-LU,NL,1915.0,4183.0,-1735.0,0,0,25.0
2026-02-23T05:00:00Z,DE-LU,PL,2367.0,4429.0,3143.0,0,0,0
2026-02-23T05:00:00Z,DE-LU,CZ,495.0,1520.0,738.0,0.11,9.0,0
2026-02-23T05:00:00Z,DE-LU,DK1,1702.0,2654.0,-1560.0,0,0,0
2026-02-23T06:00:00Z,DE-LU,AT,1546.0,2656.0,1690.0,0,0,13.0
2026-02-23T06:00:00Z,DE-LU,FR,2942.0,4228.0,-2062.0,0,0,0
2026-02-23T06:00:00Z,DE-LU,NL,537.0,1288.0,-197.0,0,0,0
2026-02-23T06:00:00Z,DE-LU,PL,2938.0,3850.0,-559.0,0,0,0
2026-02-23T06:00:00Z,DE-LU,CZ,1135.0,3513.0,-2191.0,0,0,0
2026-02-23T06:00:00Z,DE-LU,DK1,3155.0,3784.0,1852.0,0,0,0
2026-02-23T07:00:00Z,DE-LU,AT,1437.0,3719.0,1588.0,0,0,0
2026-02-23T07:00:00Z,DE-LU,FR,2277.0,3224.0,452.0,0,0,0
2026-02-23T07:00:00Z,DE-LU,NL,643.0,1038.0,-640.0,0,0,0
2026-02-23T07:00:00Z,DE-LU,PL,2186.0,2612.0,-1196.0,0,0,0
2026-02-23T07:00:00Z,DE-LU,CZ,3401.0,3714.0,-2634.0,0,0,0
2026-02-23T07:00:00Z,DE-LU,DK1,1771.0,3480.0,2362.0,0,0,0
2026-02-23T08:00:00Z,DE-LU,AT,620.0,1170.0,543.0,0,0,0
2026-02-23T08:00:00Z,DE-LU,FR,3807.0,4139.0,-1653.0,0,0,0
2026-02-23T08:00:00Z,DE-LU,NL,2076.0,2935.0,-2141.0,0,0,0
2026-02-23T08:00:00Z,DE-LU,PL,1862.0,2473.0,-393.0,0,0,0
2026-02-23T08:00:00Z,DE-LU,CZ,1841.0,2812.0,-637.0,0,0,0
2026-02-23T08:00:00Z,DE-LU,DK1,2861.0,3670.0,-688.0,0,0,0
2026-02-23T09:00:00Z,DE-LU,AT,1881.0,3230.0,1045.0,0,0,0
2026-02-23T09:00:00Z,DE-LU,FR,683.0,1891.0,1447.0,5.31,0,0
2026-02-23T09:00:00Z,DE-LU,NL,695.0,2006.0,-1127.0,0.9,44.0,0
2026-02-23T09:00:00Z,DE-LU,PL,1924.0,4171.0,-3043.0,0,0,0
2026-02-23T09:00:00Z,DE-LU,CZ,1738.0,2690.0,-1131.0,0,0,0
2026-02-23T09:00:00Z,DE-LU,DK1,1181.0,2526.0,-1412.0,0,0,0
2026-02-23T10:00:00Z,DE-LU,AT,2136.0,2775.0,634.0,0,0,0
2026-02-23T10:00:00Z,DE-LU,FR,571.0,828.0,-44.0,0,0,0
2026-02-23T10:00:00Z,DE-LU,NL,675.0,1371.0,-386.0,0,0,0
2026-02-23T10:00:00Z,DE-LU,PL,2243.0,3381.0,2671.0,0,0,6.0
2026-02-23T10:00:00Z,DE-LU,CZ,1345.0,1864.0,-490.0,0,0,0
2026-02-23T10:00:00Z,DE-LU,DK1,2291.0,4282.0,542.0,0,0,0
2026-02-23T11:00:00Z,DE-LU,AT,910.0,2147.0,-466.0,0,0,0
2026-02-23T11:00:00Z,DE-LU,FR,2545.0,3631.0,-24.0,0,0,0
2026-02-23T11:00:00Z,DE-LU,NL,730.0,1926.0,-1418.0,0,0,0
2026-02-23T11:00:00Z,DE-LU,PL,1052.0,2311.0,475.0,0,0,0
2026-02-23T11:00:00Z,DE-LU,CZ,1371.0,2762.0,426.0,0,0,0
2026-02-23T11:00:00Z,DE-LU,DK1,1374.0,3047.0,838.0,0,0,0
2026-02-23T12:00:00Z,DE-LU,AT,973.0,2013.0,1153.0,0,0,0
2026-02-23T12:00:00Z,DE-LU,FR,629.0,956.0,157.0,0,0,0
2026-02-23T12:00:00Z,DE-LU,NL,1480.0,2947.0,-872.0,0,0,0
2026-02-23T12:00:00Z,DE-LU,PL,1892.0,2054.0,-278.0,0,0,0
2026-02-23T12:00:00Z,DE-LU,CZ,2998.0,4024.0,2391.0,0,0,0
2026-02-23T12:00:00Z,DE-LU,DK1,1076.0,2202.0,-965.0,0,0,0
2026-02-23T13:00:00Z,DE-LU,AT,706.0,1225.0,435.0,0,0,0
2026-02-23T13:00:00Z,DE-LU,FR,632.0,1543.0,-687.0,0,0,0
2026-02-23T13:00:00Z,DE-LU,NL,2777.0,4449.0,-3471.0,0,0,0
2026-02-23T13:00:00Z,DE-LU,PL,949.0,1772.0,617.0,0,0,0
2026-02-23T13:00:00Z,DE-LU,CZ,2140.0,2290.0,1602.0,0,0,0
2026-02-23T13:00:00Z,DE-LU,DK1,2902.0,4258.0,-467.0,0,0,0
2026-02-23T14:00:00Z,DE-LU,AT,3384.0,3749.0,-1447.0,0,0,0
2026-02-23T14:00:00Z,DE-LU,FR,1122.0,1508.0,-1096.0,0,0,0
2026-02-23T14:00:00Z,DE-LU,NL,2218.0,4376.0,-2273.0,0,0,0
2026-02-23T14:00:00Z,DE-LU,PL,2440.0,4263.0,15.0,0,0,0
2026-02-23T14:00:00Z,DE-LU,CZ,2139.0,2474.0,-1293.0,0,0,0
2026-02-23T14:00:00Z,DE-LU,DK1,3152.0,4254.0,-927.0,0,0,0
2026-02-23T15:00:00Z,DE-LU,AT,572.0,1029.0,-658.0,0,0,0
2026-02-23T15:00:00Z,DE-LU,FR,3558.0,3912.0,882.0,0,0,0
2026-02-23T15:00:00Z,DE-LU,NL,1066.0,1436.0,-1068.0,0,0,0
2026-02-23T15:00:00Z,DE-LU,PL,2490.0,4120.0,-2404.0,0,0,0
2026-02-23T15:00:00Z,DE-LU,CZ,2313.0,2481.0,430.0,0,0,0
2026-02-23T15:00:00Z,DE-LU,DK1,2757.0,3356.0,-952.0,0,0,0
2026-02-23T16:00:00Z,DE-LU,AT,2998.0,3624.0,2711.0,0,0,0
2026-02-23T16:00:00Z,DE-LU,FR,1557.0,3460.0,-535.0,0,0,0
2026-02-23T16:00:00Z,DE-LU,NL,1597.0,3876.0,583.0,0,0,0
2026-02-23T16:00:00Z,DE-LU,PL,1642.0,2449.0,1613.0,0,0,0
2026-02-23T16:00:00Z,DE-LU,CZ,710.0,1603.0,-443.0,0,0,0
2026-02-23T16:00:00Z,DE-LU,DK1,1214.0,3427.0,-393.0,0,0,0
2026-02-23T17:00:00Z,DE-LU,AT,1599.0,3585.0,-673.0,0,0,0
2026-02-23T17:00:00Z,DE-LU,FR,2380.0,3019.0,-721.0,0,0,0
2026-02-23T17:00:00Z,DE-LU,NL,1213.0,1615.0,246.0,0,0,0
2026-02-23T17:00:00Z,DE-LU,PL,812.0,2311.0,490.0,0,0,0
2026-02-23T17:00:00Z,DE-LU,CZ,750.0,1431.0,-952.0,0,0,0
2026-02-23T17:00:00Z,DE-LU,DK1,954.0,1008.0,-304.0,0,0,0
2026-02-23T18:00:00Z,DE-LU,AT,1935.0,3110.0,1951.0,0,0,0
2026-02-23T18:00:00Z,DE-LU,FR,2025.0,2717.0,-232.0,0,0,0
2026-02-23T18:00:00Z,DE-LU,NL,532.0,1291.0,-45.0,0,0,0
2026-02-23T18:00:00Z,DE-LU,PL,1565.0,4485.0,-2939.0,0,0,0
2026-02-23T18:00:00Z,DE-LU,CZ,501.0,1439.0,432.0,1.21,0,0
2026-02-23T18:00:00Z,DE-LU,DK1,269.0,894.0,186.0,4.36,0,0
2026-02-23T19:00:00Z,DE-LU,AT,2449.0,3376.0,2411.0,0,0,0
2026-02-23T19:00:00Z,DE-LU,FR,1449.0,2599.0,1787.0,0,0,0
2026-02-23T19:00:00Z,DE-LU,NL,1147.0,1267.0,748.0,0,0,0
2026-02-23T19:00:00Z,DE-LU,PL,2303.0,2721.0,-135.0,0,0,0
2026-02-23T19:00:00Z,DE-LU,CZ,770.0,2481.0,786.0,3.39,3.0,0
2026-02-23T19:00:00Z,DE-LU,DK1,1793.0,3620.0,2665.0,0,0,0
2026-02-23T20:00:00Z,DE-LU,AT,1282.0,2721.0,1738.0,0,0,0
2026-02-23T20:00:00Z,DE-LU,FR,715.0,1203.0,124.0,0,0,0
2026-02-23T20:00:00Z,DE-LU,NL,1163.0,2938.0,-1022.0,0,0,0
2026-02-23T20:00:00Z,DE-LU,PL,1393.0,4373.0,-917.0,6.36,0,0
2026-02-23T20:00:00Z,DE-LU,CZ,739.0,1190.0,229.0,0,0,0
2026-02-23T20:00:00Z,DE-LU,DK1,1485.0,3055.0,1207.0,0,0,0
2026-02-23T21:00:00Z,DE-LU,AT,1574.0,1657.0,155.0,0,0,0
2026-02-23T21:00:00Z,DE-LU,FR,869.0,2378.0,-1263.0,0.21,0,0
2026-02-23T21:00:00Z,DE-LU,NL,2037.0,3689.0,-1371.0,0,0,0
2026-02-23T21:00:00Z,DE-LU,PL,540.0,1117.0,238.0,0,0,0
2026-02-23T21:00:00Z,DE-LU,CZ,3065.0,3763.0,2910.0,0,0,0
2026-02-23T21:00:00Z,DE-LU,DK1,1583.0,2970.0,-708.0,0,0,0
2026-02-23T22:00:00Z,DE-LU,AT,2640.0,3850.0,-524.0,0,0,0
2026-02-23T22:00:00Z,DE-LU,FR,630.0,1740.0,1381.0,0,0,0
2026-02-23T22:00:00Z,DE-LU,NL,3240.0,3698.0,2407.0,0,0,0
2026-02-23T22:00:00Z,DE-LU,PL,1888.0,2099.0,-1526.0,0,0,0
2026-02-23T22:00:00Z,DE-LU,CZ,276.0,855.0,-299.0,1.25,6.0,6.0
2026-02-23T22:00:00Z,DE-LU,DK1,1339.0,1785.0,218.0,0,0,0
2026-02-23T23:00:00Z,DE-LU,AT,660.0,2036.0,-730.0,0,0,0
2026-02-23T23:00:00Z,DE-LU,FR,1025.0,2128.0,-848.0,0,0,0
2026-02-23T23:00:00Z,DE-LU,NL,1064.0,1511.0,1034.0,0,0,0
2026-02-23T23:00:00Z,DE-LU,PL,989.0,1281.0,549.0,0,0,0
2026-02-23T23:00:00Z,DE-LU,CZ,2623.0,3486.0,1139.0,0,0,0
2026-02-23T23:00:00Z,DE-LU,DK1,940.0,1143.0,-435.0,0,0,0
2026-02-24T00:00:00Z,DE-LU,AT,2092.0,3657.0,-4.0,0,0,0
2026-02-24T00:00:00Z,DE-LU,FR,2439.0,4353.0,1241.0,0,0,0
2026-02-24T00:00:00Z,DE-LU,NL,1605.0,3459.0,2034.0,0,0,0
2026-02-24T00:00:00Z,DE-LU,PL,370.0,1125.0,149.0,2.01,0,0
2026-02-24T00:00:00Z,DE-LU,CZ,2405.0,2647.0,-829.0,0,0,0
2026-02-24T00:00:00Z,DE-LU,DK1,499.0,1283.0,470.0,0,0,0
2026-02-24T01:00:00Z,DE-LU,AT,1126.0,1623.0,-740.0,0,0,0
2026-02-24T01:00:00Z,DE-LU,FR,2324.0,3921.0,-2371.0,0,0,0
2026-02-24T01:00:00Z,DE-LU,NL,1950.0,2146.0,40.0,0,0,0
2026-02-24T01:00:00Z,DE-LU,PL,430.0,856.0,490.0,0,0,0
2026-02-24T01:00:00Z,DE-LU,CZ,3146.0,4132.0,543.0,0,0,0
2026-02-24T01:00:00Z,DE-LU,DK1,2080.0,2230.0,-817.0,0,0,0
2026-02-24T02:00:00Z,DE-LU,AT,1645.0,2423.0,1261.0,0,0,0
2026-02-24T02:00:00Z,DE-LU,FR,869.0,1643.0,726.0,0,0,0
2026-02-24T02:00:00Z,DE-LU,NL,1816.0,2187.0,1462.0,0,0,0
2026-02-24T02:00:00Z,DE-LU,PL,3143.0,4344.0,-1339.0,0,0,15.0
2026-02-24T02:00:00Z,DE-LU,CZ,2999.0,4080.0,-3195.0,0,0,0
2026-02-24T02:00:00Z,DE-LU,DK1,1032.0,1320.0,972.0,0,0,0
2026-02-24T03:00:00Z,DE-LU,AT,1741.0,3995.0,714.0,0,0,0
2026-02-24T03:00:00Z,DE-LU,FR,2349.0,3474.0,-1024.0,0,0,0
2026-02-24T03:00:00Z,DE-LU,NL,1717.0,1908.0,-78.0,0,0,0
2026-02-24T03:00:00Z,DE-LU,PL,1182.0,1403.0,1112.0,0,0,0
2026-02-24T03:00:00Z,DE-LU,CZ,2413.0,2861.0,1291.0,0,0,0
2026-02-24T03:00:00Z,DE-LU,DK1,1108.0,1276.0,-736.0,0,0,0
2026-02-24T04:00:00Z,DE-LU,AT,1772.0,3852.0,-2964.0,0,0,0
2026-02-24T04:00:00Z,DE-LU,FR,2527.0,3636.0,-643.0,0,0,0
2026-02-24T04:00:00Z,DE-LU,NL,662.0,1972.0,180.0,3.99,0,0
2026-02-24T04:00:00Z,DE-LU,PL,488.0,847.0,299.0,0,0,0
2026-02-24T04:00:00Z,DE-LU,CZ,2136.0,3939.0,2954.0,0,0,0
2026-02-24T04:00:00Z,DE-LU,DK1,1041.0,1694.0,949.0,0,0,0
2026-02-24T05:00:00Z,DE-LU,AT,585.0,1855.0,1111.0,2.91,0,0
2026-02-24T05:00:00Z,DE-LU,FR,1394.0,3561.0,166.0,0.24,0,0
2026-02-24T05:00:00Z,DE-LU,NL,1137.0,1228.0,-165.0,0,0,0
2026-02-24T05:00:00Z,DE-LU,PL,627.0,1068.0,-168.0,0,0,0
2026-02-24T05:00:00Z,DE-LU,CZ,1065.0,2747.0,993.0,2.38,0,0
2026-02-24T05:00:00Z,DE-LU,DK1,1467.0,3599.0,-1950.0,0,0,0
2026-02-24T06:00:00Z,DE-LU,AT,1767.0,3135.0,-1259.0,0,0,0
2026-02-24T06:00:00Z,DE-LU,FR,2266.0,4136.0,1039.0,0,0,0
2026-02-24T06:00:00Z,DE-LU,NL,3518.0,4422.0,-2191.0,0,0,0
2026-02-24T06:00:00Z,DE-LU,PL,1937.0,2768.0,-483.0,0,0,0
2026-02-24T06:00:00Z,DE-LU,CZ,1405.0,2034.0,1513.0,0,0,0
2026-02-24T06:00:00Z,DE-LU,DK1,533.0,835.0,206.0,0,0,0
2026-02-24T07:00:00Z,DE-LU,AT,703.0,1875.0,570.0,2.74,0,0
2026-02-24T07:00:00Z,DE-LU,FR,1220.0,2376.0,238.0,0,0,0
2026-02-24T07:00:00Z,DE-LU,NL,776.0,995.0,502.0,0,0,0
2026-02-24T07:00:00Z,DE-LU,PL,568.0,817.0,587.0,0,0,0
2026-02-24T07:00:00Z,DE-LU,CZ,1229.0,3481.0,2285.0,3.77,0,0
2026-02-24T07:00:00Z,DE-LU,DK1,1377.0,3275.0,2331.0,0,0,0
2026-02-24T08:00:00Z,DE-LU,AT,2594.0,3273.0,563.0,0,0,0
2026-02-24T08:00:00Z,DE-LU,FR,832.0,1267.0,23.0,0,0,0
2026-02-24T08:00:00Z,DE-LU,NL,2837.0,3781.0,-2133.0,0,0,0
2026-02-24T08:00:00Z,DE-LU,PL,1759.0,4002.0,-2358.0,0,0,0
2026-02-24T08:00:00Z,DE-LU,CZ,460.0,1259.0,-561.0,0,0,0
2026-02-24T08:00:00Z,DE-LU,DK1,1897.0,2473.0,-152.0,0,0,0
2026-02-24T09:00:00Z,DE-LU,AT,2087.0,3390.0,2653.0,0,0,0
2026-02-24T09:00:00Z,DE-LU,FR,2858.0,3791.0,2552.0,0,0,0
2026-02-24T09:00:00Z,DE-LU,NL,981.0,1396.0,-319.0,0,0,0
2026-02-24T09:00:00Z,DE-LU,PL,723.0,1178.0,563.0,0,0,0
2026-02-24T09:00:00Z,DE-LU,CZ,612.0,921.0,-346.0,0,0,0
2026-02-24T09:00:00Z,DE-LU,DK1,1831.0,3696.0,-697.0,0,0,5.0
2026-02-24T10:00:00Z,DE-LU,AT,2670.0,3737.0,752.0,0,0,0
2026-02-24T10:00:00Z,DE-LU,FR,1963.0,2933.0,-1123.0,0,0,0
2026-02-24T10:00:00Z,DE-LU,NL,1374.0,4045.0,-2101.0,0,0,0
2026-02-24T10:00:00Z,DE-LU,PL,3218.0,3864.0,-2157.0,0,0,0
2026-02-24T10:00:00Z,DE-LU,CZ,2526.0,3104.0,-127.0,0,0,0
2026-02-24T10:00:00Z,DE-LU,DK1,1389.0,1931.0,-824.0,0,0,0
2026-02-24T11:00:00Z,DE-LU,AT,870.0,1768.0,-1405.0,0,0,0
2026-02-24T11:00:00Z,DE-LU,FR,668.0,1217.0,-675.0,0,0,0
2026-02-24T11:00:00Z,DE-LU,NL,2175.0,3369.0,1992.0,0,0,0
2026-02-24T11:00:00Z,DE-LU,PL,1994.0,4458.0,-164.0,0,0,0
2026-02-24T11:00:00Z,DE-LU,CZ,1482.0,3004.0,2019.0,0,0,0
2026-02-24T11:00:00Z,DE-LU,DK1,1410.0,2203.0,591.0,0,0,0
2026-02-24T12:00:00Z,DE-LU,AT,1188.0,1812.0,-808.0,0,0,0
2026-02-24T12:00:00Z,DE-LU,FR,1918.0,2811.0,437.0,0,0,0
2026-02-24T12:00:00Z,DE-LU,NL,1639.0,2289.0,-816.0,0,0,0
2026-02-24T12:00:00Z,DE-LU,PL,969.0,2516.0,-224.0,5.83,16.0,0
2026-02-24T12:00:00Z,DE-LU,CZ,2095.0,3176.0,-1457.0,0,0,0
2026-02-24T12:00:00Z,DE-LU,DK1,913.0,1807.0,822.0,0,0,0
2026-02-24T13:00:00Z,DE-LU,AT,1260.0,2988.0,626.0,0,0,0
2026-02-24T13:00:00Z,DE-LU,FR,1264.0,3717.0,1104.0,8.48,0,0
2026-02-24T13:00:00Z,DE-LU,NL,694.0,1094.0,-834.0,0,0,0
2026-02-24T13:00:00Z,DE-LU,PL,2492.0,3195.0,1735.0,0,0,0
2026-02-24T13:00:00Z,DE-LU,CZ,2347.0,3107.0,2005.0,0,0,0
2026-02-24T13:00:00Z,DE-LU,DK1,2069.0,4008.0,-3024.0,0,0,0
2026-02-24T14:00:00Z,DE-LU,AT,3767.0,4019.0,1303.0,0,0,0
2026-02-24T14:00:00Z,DE-LU,FR,1976.0,4347.0,-644.0,0,0,0
2026-02-24T14:00:00Z,DE-LU,NL,976.0,1764.0,731.0,0,0,0
2026-02-24T14:00:00Z,DE-LU,PL,646.0,908.0,-604.0,0,0,0
2026-02-24T14:00:00Z,DE-LU,CZ,1477.0,1868.0,66.0,0,0,0
2026-02-24T14:00:00Z,DE-LU,DK1,534.0,995.0,362.0,0,0,0
2026-02-24T15:00:00Z,DE-LU,AT,1081.0,2775.0,582.0,0,0,0
2026-02-24T15:00:00Z,DE-LU,FR,933.0,2990.0,-2157.0,9.25,18.0,0
2026-02-24T15:00:00Z,DE-LU,NL,2457.0,4019.0,1461.0,0,0,0
2026-02-24T15:00:00Z,DE-LU,PL,1401.0,1931.0,578.0,0,0,0
2026-02-24T15:00:00Z,DE-LU,CZ,995.0,2411.0,-783.0,0,0,0
2026-02-24T15:00:00Z,DE-LU,DK1,3264.0,3980.0,-478.0,0,0,0
2026-02-24T16:00:00Z,DE-LU,AT,1698.0,4275.0,1798.0,0.18,59.0,0
2026-02-24T16:00:00Z,DE-LU,FR,2178.0,3284.0,65.0,0,0,17.0
2026-02-24T16:00:00Z,DE-LU,NL,1376.0,3684.0,-2337.0,0,0,0
2026-02-24T16:00:00Z,DE-LU,PL,1081.0,1346.0,604.0,0,0,0
2026-02-24T16:00:00Z,DE-LU,CZ,560.0,1215.0,81.0,0,0,0
2026-02-24T16:00:00Z,DE-LU,DK1,2970.0,3927.0,3001.0,0,0,0
2026-02-24T17:00:00Z,DE-LU,AT,2323.0,2764.0,1430.0,0,0,0
2026-02-24T17:00:00Z,DE-LU,FR,1765.0,3943.0,-464.0,0,0,0
2026-02-24T17:00:00Z,DE-LU,NL,321.0,1051.0,-805.0,0,0,0
2026-02-24T17:00:00Z,DE-LU,PL,2247.0,3098.0,2112.0,0,0,0
2026-02-24T17:00:00Z,DE-LU,CZ,739.0,916.0,137.0,0,0,0
2026-02-24T17:00:00Z,DE-LU,DK1,1235.0,3994.0,1136.0,0,0,0
2026-02-24T18:00:00Z,DE-LU,AT,1657.0,4191.0,-1011.0,0,0,0
2026-02-24T18:00:00Z,DE-LU,FR,664.0,1017.0,-329.0,0,0,0
2026-02-24T18:00:00Z,DE-LU,NL,1843.0,2492.0,669.0,0,0,0
2026-02-24T18:00:00Z,DE-LU,PL,456.0,1108.0,882.0,0,0,0
2026-02-24T18:00:00Z,DE-LU,CZ,928.0,1942.0,-115.0,0,0,0
2026-02-24T18:00:00Z,DE-LU,DK1,2033.0,3277.0,1475.0,0,0,0
2026-02-24T19:00:00Z,DE-LU,AT,373.0,1242.0,-270.0,0,0,0
2026-02-24T19:00:00Z,DE-LU,FR,2564.0,4428.0,-36.0,0,0,0
2026-02-24T19:00:00Z,DE-LU,NL,1163.0,2096.0,1033.0,0,0,0
2026-02-24T19:00:00Z,DE-LU,PL,2279.0,3510.0,-1388.0,0,0,0
2026-02-24T19:00:00Z,DE-LU,CZ,514.0,1172.0,13.0,0,0,0
2026-02-24T19:00:00Z,DE-LU,DK1,1655.0,2103.0,-1371.0,0,0,0
2026-02-24T20:00:00Z,DE-LU,AT,2962.0,3828.0,-283.0,0,0,0
2026-02-24T20:00:00Z,DE-LU,FR,1213.0,1630.0,621.0,0,0,0
2026-02-24T20:00:00Z,DE-LU,NL,698.0,1673.0,-956.0,0,0,0
2026-02-24T20:00:00Z,DE-LU,PL,527.0,857.0,277.0,0,0,0
2026-02-24T20:00:00Z,DE-LU,CZ,1925.0,3506.0,-2477.0,0,0,0
2026-02-24T20:00:00Z,DE-LU,DK1,3314.0,3601.0,793.0,0,0,0
2026-02-24T21:00:00Z,DE-LU,AT,472.0,892.0,-409.0,0,0,9.0
2026-02-24T21:00:00Z,DE-LU,FR,2659.0,4278.0,2839.0,0,0,0
2026-02-24T21:00:00Z,DE-LU,NL,2547.0,3372.0,-1298.0,0,0,0
2026-02-24T21:00:00Z,DE-LU,PL,2111.0,3640.0,1606.0,0,0,0
2026-02-24T21:00:00Z,DE-LU,CZ,1200.0,2827.0,-687.0,0,0,0
2026-02-24T21:00:00Z,DE-LU,DK1,1217.0,3479.0,-1512.0,0,0,0
2026-02-24T22:00:00Z,DE-LU,AT,800.0,968.0,694.0,0,0,0
2026-02-24T22:00:00Z,DE-LU,FR,3468.0,4400.0,2137.0,0,0,0
2026-02-24T22:00:00Z,DE-LU,NL,825.0,1622.0,441.0,0,0,0
2026-02-24T22:00:00Z,DE-LU,PL,716.0,1015.0,-175.0,0,0,0
2026-02-24T22:00:00Z,DE-LU,CZ,1416.0,1793.0,-206.0,0,0,0
2026-02-24T22:00:00Z,DE-LU,DK1,1168.0,2304.0,-471.0,0,0,0
2026-02-24T23:00:00Z,DE-LU,AT,1950.0,2830.0,2058.0,0,0,0
2026-02-24T23:00:00Z,DE-LU,FR,1453.0,1736.0,-628.0,0,0,0
2026-02-24T23:00:00Z,DE-LU,NL,2660.0,3412.0,-937.0,0,0,0
2026-02-24T23:00:00Z,DE-LU,PL,1109.0,3209.0,2066.0,0,0,0
2026-02-24T23:00:00Z,DE-LU,CZ,3452.0,3827.0,954.0,0,0,0
2026-02-24T23:00:00Z,DE-LU,DK1,1667.0,4039.0,2370.0,0,0,0
2026-02-25T00:00:00Z,DE-LU,AT,1168.0,2024.0,45.0,0,0,0
2026-02-25T00:00:00Z,DE-LU,FR,2781.0,3178.0,1389.0,0,0,0
2026-02-25T00:00:00Z,DE-LU,NL,2729.0,3464.0,757.0,0,0,0
2026-02-25T00:00:00Z,DE-LU,PL,2334.0,3346.0,-1061.0,0,0,0
2026-02-25T00:00:00Z,DE-LU,CZ,3836.0,4256.0,-2080.0,0,0,0
2026-02-25T00:00:00Z,DE-LU,DK1,2700.0,4205.0,-3180.0,0,0,0
2026-02-25T01:00:00Z,DE-LU,AT,1871.0,3911.0,-390.0,0,0,0
2026-02-25T01:00:00Z,DE-LU,FR,743.0,878.0,345.0,0,0,0
2026-02-25T01:00:00Z,DE-LU,NL,2291.0,2875.0,-382.0,0,0,0
2026-02-25T01:00:00Z,DE-LU,PL,1211.0,3887.0,2875.0,0,0,0
2026-02-25T01:00:00Z,DE-LU,CZ,736.0,1029.0,79.0,0,0,0
2026-02-25T01:00:00Z,DE-LU,DK1,1626.0,2516.0,-1179.0,0,0,0
2026-02-25T02:00:00Z,DE-LU,AT,1074.0,1846.0,1023.0,0,0,0
2026-02-25T02:00:00Z,DE-LU,FR,3389.0,4035.0,183.0,0,0,0
2026-02-25T02:00:00Z,DE-LU,NL,572.0,1131.0,811.0,0,0,0
2026-02-25T02:00:00Z,DE-LU,PL,694.0,1679.0,-54.0,0,0,0
2026-02-25T02:00:00Z,DE-LU,CZ,625.0,1676.0,-131.0,5.85,18.0,0
2026-02-25T02:00:00Z,DE-LU,DK1,1721.0,3417.0,1800.0,0,0,0
2026-02-25T03:00:00Z,DE-LU,AT,623.0,1662.0,-1239.0,4.34,0,0
2026-02-25T03:00:00Z,DE-LU,FR,1621.0,3872.0,-1696.0,0,0,11.0
2026-02-25T03:00:00Z,DE-LU,NL,1566.0,2087.0,400.0,0,0,0
2026-02-25T03:00:00Z,DE-LU,PL,1170.0,1308.0,-249.0,0,0,0
2026-02-25T03:00:00Z,DE-LU,CZ,3444.0,3998.0,738.0,0,0,0
2026-02-25T03:00:00Z,DE-LU,DK1,3001.0,3297.0,-1278.0,0,0,0
2026-02-25T04:00:00Z,DE-LU,AT,1827.0,4109.0,1553.0,0,0,0
2026-02-25T04:00:00Z,DE-LU,FR,3498.0,4403.0,-2263.0,0,0,0
2026-02-25T04:00:00Z,DE-LU,NL,1033.0,1193.0,786.0,0,0,0
2026-02-25T04:00:00Z,DE-LU,PL,3676.0,3932.0,1804.0,0,0,0
2026-02-25T04:00:00Z,DE-LU,CZ,1546.0,4194.0,-836.0,0,0,0
2026-02-25T04:00:00Z,DE-LU,DK1,1608.0,2147.0,-1549.0,0,0,0
2026-02-25T05:00:00Z,DE-LU,AT,1332.0,1789.0,6.0,0,0,0
2026-02-25T05:00:00Z,DE-LU,FR,2149.0,2511.0,-1086.0,0,0,0
2026-02-25T05:00:00Z,DE-LU,NL,2449.0,2800.0,-1124.0,0,0,0
2026-02-25T05:00:00Z,DE-LU,PL,2861.0,3977.0,-629.0,0,0,0
2026-02-25T05:00:00Z,DE-LU,CZ,429.0,1068.0,-230.0,0,0,0
2026-02-25T05:00:00Z,DE-LU,DK1,1815.0,3132.0,-883.0,0,0,0
2026-02-25T06:00:00Z,DE-LU,AT,2196.0,3566.0,-1293.0,0,0,0
2026-02-25T06:00:00Z,DE-LU,FR,1143.0,2779.0,-561.0,0,0,0
2026-02-25T06:00:00Z,DE-LU,NL,1680.0,2200.0,-469.0,0,0,0
2026-02-25T06:00:00Z,DE-LU,PL,1272.0,1487.0,-678.0,0,0,0
2026-02-25T06:00:00Z,DE-LU,CZ,3820.0,4423.0,-882.0,0,0,0
2026-02-25T06:00:00Z,DE-LU,DK1,921.0,1297.0,288.0,0,0,0
2026-02-25T07:00:00Z,DE-LU,AT,1126.0,2569.0,53.0,0,0,0
2026-02-25T07:00:00Z,DE-LU,FR,2322.0,3395.0,-1360.0,0,0,0
2026-02-25T07:00:00Z,DE-LU,NL,1478.0,1730.0,-338.0,0,0,0
2026-02-25T07:00:00Z,DE-LU,PL,2490.0,3827.0,-2246.0,0,0,0
2026-02-25T07:00:00Z,DE-LU,CZ,4111.0,4405.0,-1455.0,0,0,0
2026-02-25T07:00:00Z,DE-LU,DK1,1664.0,2730.0,2070.0,0,0,0
2026-02-25T08:00:00Z,DE-LU,AT,1327.0,2810.0,-827.0,0,0,0
2026-02-25T08:00:00Z,DE-LU,FR,3080.0,3256.0,-45.0,0,0,0
2026-02-25T08:00:00Z,DE-LU,NL,2688.0,3652.0,862.0,0,0,0
2026-02-25T08:00:00Z,DE-LU,PL,1991.0,2791.0,2213.0,0,0,0
2026-02-25T08:00:00Z,DE-LU,CZ,892.0,2336.0,-1245.0,0,0,0
2026-02-25T08:00:00Z,DE-LU,DK1,1158.0,1539.0,1145.0,0,0,0
2026-02-25T09:00:00Z,DE-LU,AT,821.0,1290.0,911.0,0,0,0
2026-02-25T09:00:00Z,DE-LU,FR,1023.0,1347.0,-857.0,0,0,0
2026-02-25T09:00:00Z,DE-LU,NL,1754.0,3803.0,-1553.0,0,0,0
2026-02-25T09:00:00Z,DE-LU,PL,2091.0,3850.0,-992.0,0,0,0
2026-02-25T09:00:00Z,DE-LU,CZ,1109.0,2243.0,1438.0,0,0,0
2026-02-25T09:00:00Z,DE-LU,DK1,1402.0,3755.0,557.0,0,0,0
2026-02-25T10:00:00Z,DE-LU,AT,3122.0,4388.0,2996.0,0,0,0
2026-02-25T10:00:00Z,DE-LU,FR,2350.0,3283.0,-1891.0,0,0,0
2026-02-25T10:00:00Z,DE-LU,NL,1572.0,2278.0,436.0,0,0,0
2026-02-25T10:00:00Z,DE-LU,PL,2013.0,3380.0,-2234.0,0,0,0
2026-02-25T10:00:00Z,DE-LU,CZ,797.0,2439.0,-1830.0,0,0,0
2026-02-25T10:00:00Z,DE-LU,DK1,2603.0,2904.0,-1386.0,0,0,0
2026-02-25T11:00:00Z,DE-LU,AT,740.0,802.0,-380.0,0,0,0
2026-02-25T11:00:00Z,DE-LU,FR,2144.0,4133.0,105.0,0,0,0
2026-02-25T11:00:00Z,DE-LU,NL,1700.0,3467.0,1787.0,0,0,0
2026-02-25T11:00:00Z,DE-LU,PL,2092.0,2561.0,1682.0,0,0,0
2026-02-25T11:00:00Z,DE-LU,CZ,1495.0,2939.0,2189.0,0,0,0
2026-02-25T11:00:00Z,DE-LU,DK1,3906.0,4173.0,385.0,0,0,0
2026-02-25T12:00:00Z,DE-LU,AT,1757.0,2245.0,-682.0,0,0,0
2026-02-25T12:00:00Z,DE-LU,FR,1329.0,2297.0,197.0,0,0,0
2026-02-25T12:00:00Z,DE-LU,NL,2212.0,3313.0,-126.0,0,0,0
2026-02-25T12:00:00Z,DE-LU,PL,1816.0,2098.0,-1333.0,0,0,0
2026-02-25T12:00:00Z,DE-LU,CZ,2187.0,3425.0,1129.0,0,0,0
2026-02-25T12:00:00Z,DE-LU,DK1,478.0,1088.0,847.0,0,0,0
2026-02-25T13:00:00Z,DE-LU,AT,2539.0,4331.0,-2122.0,0,0,0
2026-02-25T13:00:00Z,DE-LU,FR,1492.0,2047.0,850.0,0,0,0
2026-02-25T13:00:00Z,DE-LU,NL,1412.0,2536.0,-807.0,0,0,0
2026-02-25T13:00:00Z,DE-LU,PL,2782.0,2956.0,324.0,0,0,0
2026-02-25T13:00:00Z,DE-LU,CZ,592.0,924.0,-693.0,0,0,0
2026-02-25T13:00:00Z,DE-LU,DK1,746.0,1573.0,959.0,0,0,0
2026-02-25T14:00:00Z,DE-LU,AT,3153.0,3783.0,-737.0,0,0,0
2026-02-25T14:00:00Z,DE-LU,FR,1360.0,2192.0,-1117.0,0,0,0
2026-02-25T14:00:00Z,DE-LU,NL,2715.0,4331.0,-2337.0,0,0,0
2026-02-25T14:00:00Z,DE-LU,PL,2188.0,2853.0,522.0,0,0,0
2026-02-25T14:00:00Z,DE-LU,CZ,1799.0,2249.0,-1284.0,0,0,0
2026-02-25T14:00:00Z,DE-LU,DK1,821.0,920.0,655.0,0,0,0
2026-02-25T15:00:00Z,DE-LU,AT,1390.0,2533.0,-1747.0,0,0,0
2026-02-25T15:00:00Z,DE-LU,FR,1805.0,2680.0,948.0,0,0,0
2026-02-25T15:00:00Z,DE-LU,NL,1476.0,4232.0,-1128.0,0,0,0
2026-02-25T15:00:00Z,DE-LU,PL,1315.0,1848.0,-1189.0,0,0,0
2026-02-25T15:00:00Z,DE-LU,CZ,732.0,2413.0,-1517.0,0,0,0
2026-02-25T15:00:00Z,DE-LU,DK1,1713.0,4373.0,2240.0,0,0,0
2026-02-25T16:00:00Z,DE-LU,AT,3404.0,4363.0,-3252.0,0,0,0
2026-02-25T16:00:00Z,DE-LU,FR,2187.0,3064.0,1929.0,0,0,0
2026-02-25T16:00:00Z,DE-LU,NL,1334.0,1725.0,465.0,0,0,0
2026-02-25T16:00:00Z,DE-LU,PL,2104.0,2378.0,-1605.0,0,0,0
2026-02-25T16:00:00Z,DE-LU,CZ,1361.0,2157.0,795.0,0,0,0
2026-02-25T16:00:00Z,DE-LU,DK1,783.0,2003.0,93.0,4.02,34.0,0
2026-02-25T17:00:00Z,DE-LU,AT,1097.0,1608.0,-755.0,0,0,0
2026-02-25T17:00:00Z,DE-LU,FR,581.0,1033.0,-75.0,0,0,0
2026-02-25T17:00:00Z,DE-LU,NL,1538.0,3657.0,-1746.0,0,0,0
2026-02-25T17:00:00Z,DE-LU,PL,657.0,866.0,601.0,0,0,0
2026-02-25T17:00:00Z,DE-LU,CZ,1057.0,2975.0,70.0,0,0,0
2026-02-25T17:00:00Z,DE-LU,DK1,2692.0,3081.0,-669.0,0,0,0
2026-02-25T18:00:00Z,DE-LU,AT,1500.0,4214.0,3349.0,0,0,23.0
2026-02-25T18:00:00Z,DE-LU,FR,3627.0,4481.0,1904.0,0,0,0
2026-02-25T18:00:00Z,DE-LU,NL,2489.0,2784.0,1895.0,0,0,0
2026-02-25T18:00:00Z,DE-LU,PL,3848.0,4073.0,2656.0,0,0,0
2026-02-25T18:00:00Z,DE-LU,CZ,764.0,1280.0,-239.0,0,0,0
2026-02-25T18:00:00Z,DE-LU,DK1,1839.0,4216.0,874.0,0,0,0
2026-02-25T19:00:00Z,DE-LU,AT,1400.0,2569.0,-1502.0,0,0,0
2026-02-25T19:00:00Z,DE-LU,FR,2075.0,3964.0,-98.0,0,0,0
2026-02-25T19:00:00Z,DE-LU,NL,802.0,1692.0,-1069.0,0,0,0
2026-02-25T19:00:00Z,DE-LU,PL,3010.0,3355.0,2050.0,0,0,0
2026-02-25T19:00:00Z,DE-LU,CZ,2730.0,3523.0,1932.0,0,0,0
2026-02-25T19:00:00Z,DE-LU,DK1,566.0,1301.0,469.0,0,0,0
2026-02-25T20:00:00Z,DE-LU,AT,2546.0,3374.0,2052.0,0,0,0
2026-02-25T20:00:00Z,DE-LU,FR,3257.0,3941.0,-1997.0,0,0,0
2026-02-25T20:00:00Z,DE-LU,NL,2240.0,3118.0,1889.0,0,0,0
2026-02-25T20:00:00Z,DE-LU,PL,3078.0,4375.0,-3213.0,0,0,0
2026-02-25T20:00:00Z,DE-LU,CZ,548.0,893.0,449.0,0,0,0
2026-02-25T20:00:00Z,DE-LU,DK1,3692.0,4338.0,1597.0,0,0,0
2026-02-25T21:00:00Z,DE-LU,AT,2549.0,4076.0,878.0,0,0,0
2026-02-25T21:00:00Z,DE-LU,FR,2171.0,3558.0,1544.0,0,0,0
2026-02-25T21:00:00Z,DE-LU,NL,649.0,1378.0,30.0,0,0,0
2026-02-25T21:00:00Z,DE-LU,PL,1302.0,2977.0,-1580.0,0,0,0
2026-02-25T21:00:00Z,DE-LU,CZ,1466.0,3885.0,-1294.0,0,0,0
2026-02-25T21:00:00Z,DE-LU,DK1,668.0,858.0,483.0,0,0,0
2026-02-25T22:00:00Z,DE-LU,AT,1613.0,3281.0,2072.0,0,0,0
2026-02-25T22:00:00Z,DE-LU,FR,1481.0,3215.0,-1762.0,0,0,0
2026-02-25T22:00:00Z,DE-LU,NL,2755.0,4395.0,-3234.0,0,0,0
2026-02-25T22:00:00Z,DE-LU,PL,861.0,2101.0,698.0,0,0,0
2026-02-25T22:00:00Z,DE-LU,CZ,2879.0,4346.0,-1166.0,0,0,0
2026-02-25T22:00:00Z,DE-LU,DK1,1455.0,2892.0,-1357.0,0,0,0
2026-02-25T23:00:00Z,DE-LU,AT,2082.0,3390.0,627.0,0,0,0
2026-02-25T23:00:00Z,DE-LU,FR,865.0,2348.0,-1784.0,16.73,23.0,0
2026-02-25T23:00:00Z,DE-LU,NL,3400.0,4331.0,-3166.0,0,0,0
2026-02-25T23:00:00Z,DE-LU,PL,1607.0,3734.0,2010.0,0,0,0
2026-02-25T23:00:00Z,DE-LU,CZ,1244.0,3445.0,-1122.0,7.32,0,0
2026-02-25T23:00:00Z,DE-LU,DK1,1221.0,2306.0,1310.0,0,0,0
2026-02-26T00:00:00Z,DE-LU,AT,2226.0,2546.0,-319.0,0,0,0
2026-02-26T00:00:00Z,DE-LU,FR,1005.0,2193.0,-584.0,0,0,0
2026-02-26T00:00:00Z,DE-LU,NL,3025.0,4298.0,-2396.0,0,0,0
2026-02-26T00:00:00Z,DE-LU,PL,2031.0,2841.0,-1866.0,0,0,0
2026-02-26T00:00:00Z,DE-LU,CZ,1258.0,2366.0,344.0,0,0,0
2026-02-26T00:00:00Z,DE-LU,DK1,1616.0,1893.0,103.0,0,0,0
2026-02-26T01:00:00Z,DE-LU,AT,3164.0,3535.0,-1058.0,0,0,0
2026-02-26T01:00:00Z,DE-LU,FR,1000.0,1444.0,-961.0,0,0,0
2026-02-26T01:00:00Z,DE-LU,NL,2653.0,3825.0,1359.0,0,0,0
2026-02-26T01:00:00Z,DE-LU,PL,2972.0,3348.0,1110.0,0,0,0
2026-02-26T01:00:00Z,DE-LU,CZ,1692.0,2040.0,-1391.0,0,0,0
2026-02-26T01:00:00Z,DE-LU,DK1,601.0,1274.0,-962.0,0,0,0
2026-02-26T02:00:00Z,DE-LU,AT,1500.0,1857.0,975.0,0,0,0
2026-02-26T02:00:00Z,DE-LU,FR,1847.0,4179.0,-1613.0,0,0,0
2026-02-26T02:00:00Z,DE-LU,NL,886.0,2489.0,-981.0,0,0,0
2026-02-26T02:00:00Z,DE-LU,PL,1598.0,2411.0,-853.0,0,0,0
2026-02-26T02:00:00Z,DE-LU,CZ,2074.0,4490.0,2657.0,0,0,0
2026-02-26T02:00:00Z,DE-LU,DK1,1246.0,2563.0,-1879.0,0,0,0
2026-02-26T03:00:00Z,DE-LU,AT,2340.0,2702.0,1073.0,0,0,0
2026-02-26T03:00:00Z,DE-LU,FR,1618.0,2918.0,1142.0,0,0,0
2026-02-26T03:00:00Z,DE-LU,NL,1059.0,1197.0,-594.0,0,0,0
2026-02-26T03:00:00Z,DE-LU,PL,955.0,1184.0,381.0,0,0,0
2026-02-26T03:00:00Z,DE-LU,CZ,955.0,1321.0,-797.0,0,0,0
2026-02-26T03:00:00Z,DE-LU,DK1,2641.0,3333.0,2132.0,0,0,0
2026-02-26T04:00:00Z,DE-LU,AT,803.0,2581.0,-1004.0,0,0,0
2026-02-26T04:00:00Z,DE-LU,FR,3592.0,4498.0,-584.0,0,0,0
2026-02-26T04:00:00Z,DE-LU,NL,3752.0,4052.0,3166.0,0,0,0
2026-02-26T04:00:00Z,DE-LU,PL,2122.0,3931.0,1326.0,0,0,0
2026-02-26T04:00:00Z,DE-LU,CZ,3267.0,3555.0,-1769.0,0,0,0
2026-02-26T04:00:00Z,DE-LU,DK1,1560.0,2410.0,149.0,0,0,0
2026-02-26T05:00:00Z,DE-LU,AT,1148.0,1445.0,1009.0,0,0,1.0
2026-02-26T05:00:00Z,DE-LU,FR,802.0,2532.0,-93.0,0,0,0
2026-02-26T05:00:00Z,DE-LU,NL,2783.0,3219.0,1802.0,0,0,0
2026-02-26T05:00:00Z,DE-LU,PL,1044.0,1520.0,-338.0,0,0,0
2026-02-26T05:00:00Z,DE-LU,CZ,1168.0,2584.0,1092.0,0,0,0
2026-02-26T05:00:00Z,DE-LU,DK1,1409.0,3296.0,-1238.0,0,0,0
2026-02-26T06:00:00Z,DE-LU,AT,336.0,1049.0,-756.0,0.7,4.0,0
2026-02-26T06:00:00Z,DE-LU,FR,2993.0,4445.0,-585.0,0,0,0
2026-02-26T06:00:00Z,DE-LU,NL,796.0,1641.0,144.0,0,0,0
2026-02-26T06:00:00Z,DE-LU,PL,2483.0,2972.0,1092.0,0,0,0
2026-02-26T06:00:00Z,DE-LU,CZ,1304.0,1593.0,-522.0,0,0,0
2026-02-26T06:00:00Z,DE-LU,DK1,2075.0,3283.0,-245.0,0,0,0
2026-02-26T07:00:00Z,DE-LU,AT,1287.0,4120.0,-1375.0,0,0,0
2026-02-26T07:00:00Z,DE-LU,FR,604.0,1328.0,-122.0,0,0,0
2026-02-26T07:00:00Z,DE-LU,NL,617.0,2057.0,-1007.0,12.59,0,0
2026-02-26T07:00:00Z,DE-LU,PL,1556.0,2552.0,-817.0,0,0,0
2026-02-26T07:00:00Z,DE-LU,CZ,2023.0,2691.0,1343.0,0,0,0
2026-02-26T07:00:00Z,DE-LU,DK1,632.0,1522.0,-73.0,0,0,0
2026-02-26T08:00:00Z,DE-LU,AT,278.0,885.0,-445.0,1.75,54.0,0
2026-02-26T08:00:00Z,DE-LU,FR,2486.0,3075.0,-947.0,0,0,0
2026-02-26T08:00:00Z,DE-LU,NL,944.0,1478.0,-305.0,0,0,0
2026-02-26T08:00:00Z,DE-LU,PL,1867.0,3048.0,-670.0,0,0,0
2026-02-26T08:00:00Z,DE-LU,CZ,2107.0,4322.0,1050.0,0,0,0
2026-02-26T08:00:00Z,DE-LU,DK1,2591.0,3657.0,1575.0,0,0,0
2026-02-26T09:00:00Z,DE-LU,AT,1550.0,1716.0,1052.0,0,0,0
2026-02-26T09:00:00Z,DE-LU,FR,1894.0,2703.0,1256.0,0,0,0
2026-02-26T09:00:00Z,DE-LU,NL,2373.0,2733.0,94.0,0,0,0
2026-02-26T09:00:00Z,DE-LU,PL,823.0,1153.0,213.0,0,0,0
2026-02-26T09:00:00Z,DE-LU,CZ,3371.0,3619.0,-2588.0,0,0,0
2026-02-26T09:00:00Z,DE-LU,DK1,2437.0,3691.0,145.0,0,0,0
2026-02-26T10:00:00Z,DE-LU,AT,897.0,1072.0,-498.0,0,0,10.0
2026-02-26T10:00:00Z,DE-LU,FR,1063.0,2076.0,-1521.0,0,0,0
2026-02-26T10:00:00Z,DE-LU,NL,548.0,1229.0,312.0,0,0,0
2026-02-26T10:00:00Z,DE-LU,PL,2527.0,2920.0,-854.0,0,0,0
2026-02-26T10:00:00Z,DE-LU,CZ,701.0,1428.0,-707.0,0,0,0
2026-02-26T10:00:00Z,DE-LU,DK1,2275.0,3448.0,2066.0,0,0,0
2026-02-26T11:00:00Z,DE-LU,AT,1210.0,2863.0,1529.0,0,0,0
2026-02-26T11:00:00Z,DE-LU,FR,1180.0,2160.0,1319.0,0,0,0
2026-02-26T11:00:00Z,DE-LU,NL,1206.0,2490.0,-283.0,0,0,0
2026-02-26T11:00:00Z,DE-LU,PL,2593.0,2838.0,-1745.0,0,0,0
2026-02-26T11:00:00Z,DE-LU,CZ,1052.0,1949.0,1042.0,0,0,0
2026-02-26T11:00:00Z,DE-LU,DK1,2046.0,2160.0,304.0,0,0,0
2026-02-26T12:00:00Z,DE-LU,AT,1302.0,3481.0,-472.0,2.36,0,0
2026-02-26T12:00:00Z,DE-LU,FR,3144.0,4024.0,-3177.0,0,0,0
2026-02-26T12:00:00Z,DE-LU,NL,959.0,1914.0,616.0,0,0,0
2026-02-26T12:00:00Z,DE-LU,PL,3193.0,3906.0,1716.0,0,0,0
2026-02-26T12:00:00Z,DE-LU,CZ,498.0,1211.0,-708.0,0,0,0
2026-02-26T12:00:00Z,DE-LU,DK1,482.0,994.0,-24.0,0,0,0
2026-02-26T13:00:00Z,DE-LU,AT,848.0,1153.0,-652.0,0,0,0
2026-02-26T13:00:00Z,DE-LU,FR,474.0,950.0,626.0,0,0,0
2026-02-26T13:00:00Z,DE-LU,NL,1341.0,4161.0,-1127.0,0,0,0
2026-02-26T13:00:00Z,DE-LU,PL,3311.0,3598.0,-2202.0,0,0,0
2026-02-26T13:00:00Z,DE-LU,CZ,1773.0,2260.0,1457.0,0,0,0
2026-02-26T13:00:00Z,DE-LU,DK1,2671.0,4005.0,204.0,0,0,0
2026-02-26T14:00:00Z,DE-LU,AT,1559.0,2830.0,422.0,0,0,0
2026-02-26T14:00:00Z,DE-LU,FR,1413.0,2034.0,-739.0,0,0,0
2026-02-26T14:00:00Z,DE-LU,NL,1325.0,1560.0,1204.0,0,0,0
2026-02-26T14:00:00Z,DE-LU,PL,2255.0,4489.0,2710.0,0,0,0
2026-02-26T14:00:00Z,DE-LU,CZ,2579.0,2763.0,155.0,0,0,0
2026-02-26T14:00:00Z,DE-LU,DK1,524.0,1339.0,504.0,8.66,0,0
2026-02-26T15:00:00Z,DE-LU,AT,1311.0,3121.0,-1365.0,0,0,0
2026-02-26T15:00:00Z,DE-LU,FR,614.0,1802.0,-700.0,0,0,0
2026-02-26T15:00:00Z,DE-LU,NL,1289.0,3946.0,-918.0,6.29,0,0
2026-02-26T15:00:00Z,DE-LU,PL,1261.0,3365.0,1760.0,0,0,0
2026-02-26T15:00:00Z,DE-LU,CZ,2967.0,3662.0,983.0,0,0,0
2026-02-26T15:00:00Z,DE-LU,DK1,1017.0,1149.0,761.0,0,0,0
2026-02-26T16:00:00Z,DE-LU,AT,653.0,2124.0,-1265.0,3.01,0,0
2026-02-26T16:00:00Z,DE-LU,FR,530.0,1493.0,-956.0,2.25,57.0,0
2026-02-26T16:00:00Z,DE-LU,NL,2043.0,3475.0,1438.0,0,0,0
2026-02-26T16:00:00Z,DE-LU,PL,1051.0,1247.0,26.0,0,0,0
2026-02-26T16:00:00Z,DE-LU,CZ,1251.0,3799.0,-1898.0,0,0,0
2026-02-26T16:00:00Z,DE-LU,DK1,521.0,990.0,148.0,0,0,0
2026-02-26T17:00:00Z,DE-LU,AT,347.0,960.0,356.0,0,0,0
2026-02-26T17:00:00Z,DE-LU,FR,1898.0,4472.0,-2420.0,0,0,0
2026-02-26T17:00:00Z,DE-LU,NL,1637.0,3877.0,1465.0,0,0,0
2026-02-26T17:00:00Z,DE-LU,PL,711.0,2362.0,1353.0,0.86,0,0
2026-02-26T17:00:00Z,DE-LU,CZ,1119.0,1471.0,314.0,0,0,4.0
2026-02-26T17:00:00Z,DE-LU,DK1,3475.0,4177.0,1938.0,0,0,0
2026-02-26T18:00:00Z,DE-LU,AT,1051.0,2387.0,-596.0,0,0,0
2026-02-26T18:00:00Z,DE-LU,FR,1809.0,2450.0,882.0,0,0,0
2026-02-26T18:00:00Z,DE-LU,NL,2893.0,3578.0,-1537.0,0,0,0
2026-02-26T18:00:00Z,DE-LU,PL,553.0,1395.0,-676.0,0,0,0
2026-02-26T18:00:00Z,DE-LU,CZ,2046.0,2708.0,-124.0,0,0,0
2026-02-26T18:00:00Z,DE-LU,DK1,981.0,1124.0,-606.0,0,0,0
2026-02-26T19:00:00Z,DE-LU,AT,544.0,1340.0,429.0,0,0,0
2026-02-26T19:00:00Z,DE-LU,FR,902.0,1182.0,-566.0,0,0,0
2026-02-26T19:00:00Z,DE-LU,NL,4131.0,4383.0,2997.0,0,0,0
2026-02-26T19:00:00Z,DE-LU,PL,1200.0,3732.0,1058.0,11.39,95.0,0
2026-02-26T19:00:00Z,DE-LU,CZ,1729.0,3743.0,58.0,0,0,0
2026-02-26T19:00:00Z,DE-LU,DK1,505.0,1517.0,-26.0,3.06,91.0,0
2026-02-26T20:00:00Z,DE-LU,AT,1551.0,2098.0,52.0,0,0,0
2026-02-26T20:00:00Z,DE-LU,FR,1752.0,4069.0,646.0,0,0,0
2026-02-26T20:00:00Z,DE-LU,NL,870.0,1330.0,-397.0,0,0,0
2026-02-26T20:00:00Z,DE-LU,PL,1367.0,1582.0,13.0,0,0,0
2026-02-26T20:00:00Z,DE-LU,CZ,1192.0,1486.0,915.0,0,0,0
2026-02-26T20:00:00Z,DE-LU,DK1,407.0,822.0,-231.0,0,0,0
2026-02-26T21:00:00Z,DE-LU,AT,2015.0,3769.0,-203.0,0,0,0
2026-02-26T21:00:00Z,DE-LU,FR,1918.0,3265.0,-348.0,0,0,0
2026-02-26T21:00:00Z,DE-LU,NL,756.0,1261.0,944.0,0,0,0
2026-02-26T21:00:00Z,DE-LU,PL,1820.0,1920.0,1102.0,0,0,0
2026-02-26T21:00:00Z,DE-LU,CZ,1041.0,2909.0,-306.0,0,0,0
2026-02-26T21:00:00Z,DE-LU,DK1,2641.0,4410.0,444.0,0,0,0
2026-02-26T22:00:00Z,DE-LU,AT,782.0,1846.0,839.0,0,0,0
2026-02-26T22:00:00Z,DE-LU,FR,978.0,1495.0,211.0,0,0,0
2026-02-26T22:00:00Z,DE-LU,NL,2596.0,4479.0,-763.0,0,0,0
2026-02-26T22:00:00Z,DE-LU,PL,2056.0,2571.0,1288.0,0,0,0
2026-02-26T22:00:00Z,DE-LU,CZ,1366.0,3151.0,-2019.0,0,0,0
2026-02-26T22:00:00Z,DE-LU,DK1,1782.0,3377.0,-1718.0,0,0,0
2026-02-26T23:00:00Z,DE-LU,AT,426.0,997.0,465.0,0,0,0
2026-02-26T23:00:00Z,DE-LU,FR,614.0,2038.0,25.0,0,0,0
2026-02-26T23:00:00Z,DE-LU,NL,1544.0,2999.0,-1600.0,0,0,0
2026-02-26T23:00:00Z,DE-LU,PL,595.0,1575.0,-300.0,0,0,0
2026-02-26T23:00:00Z,DE-LU,CZ,3566.0,4233.0,-3077.0,0,0,0
2026-02-26T23:00:00Z,DE-LU,DK1,787.0,2117.0,81.0,10.61,41.0,0
2026-02-27T00:00:00Z,DE-LU,AT,3529.0,4129.0,-2693.0,0,0,53.0
2026-02-27T00:00:00Z,DE-LU,FR,2104.0,2999.0,2325.0,0,0,0
2026-02-27T00:00:00Z,DE-LU,NL,743.0,810.0,130.0,0,0,0
2026-02-27T00:00:00Z,DE-LU,PL,1111.0,2797.0,1910.0,6.54,9.0,0
2026-02-27T00:00:00Z,DE-LU,CZ,2657.0,3572.0,-2526.0,0,0,0
2026-02-27T00:00:00Z,DE-LU,DK1,1997.0,3409.0,-1009.0,0,0,0
2026-02-27T01:00:00Z,DE-LU,AT,781.0,908.0,-588.0,0,0,0
2026-02-27T01:00:00Z,DE-LU,FR,1491.0,1772.0,836.0,0,0,0
2026-02-27T01:00:00Z,DE-LU,NL,2563.0,3654.0,-111.0,0,0,0
2026-02-27T01:00:00Z,DE-LU,PL,1831.0,2353.0,388.0,0,0,0
2026-02-27T01:00:00Z,DE-LU,CZ,2131.0,2547.0,553.0,0,0,0
2026-02-27T01:00:00Z,DE-LU,DK1,2022.0,3606.0,-969.0,0,0,0
2026-02-27T02:00:00Z,DE-LU,AT,2680.0,4459.0,-961.0,0,0,0
2026-02-27T02:00:00Z,DE-LU,FR,1346.0,2707.0,1273.0,0,0,0
2026-02-27T02:00:00Z,DE-LU,NL,442.0,806.0,355.0,0,0,0
2026-02-27T02:00:00Z,DE-LU,PL,2886.0,3992.0,3006.0,0,0,0
2026-02-27T02:00:00Z,DE-LU,CZ,967.0,2323.0,-72.0,0,0,0
2026-02-27T02:00:00Z,DE-LU,DK1,3177.0,4026.0,-2455.0,0,0,0
2026-02-27T03:00:00Z,DE-LU,AT,985.0,1694.0,-620.0,0,0,0
2026-02-27T03:00:00Z,DE-LU,FR,1457.0,1652.0,984.0,0,0,0
2026-02-27T03:00:00Z,DE-LU,NL,1088.0,2909.0,1954.0,7.24,0,0
2026-02-27T03:00:00Z,DE-LU,PL,753.0,1068.0,-140.0,0,0,0
2026-02-27T03:00:00Z,DE-LU,CZ,1397.0,2396.0,-191.0,0,0,0
2026-02-27T03:00:00Z,DE-LU,DK1,963.0,2379.0,-1237.0,0,0,0
2026-02-27T04:00:00Z,DE-LU,AT,746.0,836.0,100.0,0,0,0
2026-02-27T04:00:00Z,DE-LU,FR,1604.0,2702.0,-17.0,0,0,0
2026-02-27T04:00:00Z,DE-LU,NL,709.0,1500.0,863.0,0,0,0
2026-02-27T04:00:00Z,DE-LU,PL,747.0,1044.0,-489.0,0,0,0
2026-02-27T04:00:00Z,DE-LU,CZ,2698.0,3631.0,-499.0,0,0,0
2026-02-27T04:00:00Z,DE-LU,DK1,1391.0,1794.0,-598.0,0,0,0
2026-02-27T05:00:00Z,DE-LU,AT,620.0,1180.0,-539.0,0,0,0
2026-02-27T05:00:00Z,DE-LU,FR,992.0,1302.0,960.0,0,0,0
2026-02-27T05:00:00Z,DE-LU,NL,3232.0,3800.0,2109.0,0,0,0
2026-02-27T05:00:00Z,DE-LU,PL,1377.0,1580.0,-44.0,0,0,0
2026-02-27T05:00:00Z,DE-LU,CZ,1914.0,3522.0,-1729.0,0,0,0
2026-02-27T05:00:00Z,DE-LU,DK1,2767.0,3618.0,-1185.0,0,0,0
2026-02-27T06:00:00Z,DE-LU,AT,1381.0,3038.0,295.0,0,0,0
2026-02-27T06:00:00Z,DE-LU,FR,1060.0,1753.0,826.0,0,0,0
2026-02-27T06:00:00Z,DE-LU,NL,2498.0,4358.0,-37.0,0,0,0
2026-02-27T06:00:00Z,DE-LU,PL,1351.0,2999.0,1853.0,0,0,0
2026-02-27T06:00:00Z,DE-LU,CZ,1001.0,1925.0,-138.0,0,0,0
2026-02-27T06:00:00Z,DE-LU,DK1,1020.0,1368.0,-1090.0,0,0,0
2026-02-27T07:00:00Z,DE-LU,AT,1142.0,1264.0,-922.0,0,0,0
2026-02-27T07:00:00Z,DE-LU,FR,2406.0,2547.0,154.0,0,0,0
2026-02-27T07:00:00Z,DE-LU,NL,624.0,1295.0,-724.0,0,0,0
2026-02-27T07:00:00Z,DE-LU,PL,1907.0,3376.0,2428.0,0,0,0
2026-02-27T07:00:00Z,DE-LU,CZ,1500.0,2735.0,-672.0,0,0,0
2026-02-27T07:00:00Z,DE-LU,DK1,3055.0,3910.0,1760.0,0,0,0
2026-02-27T08:00:00Z,DE-LU,AT,1115.0,1411.0,-377.0,0,0,0
2026-02-27T08:00:00Z,DE-LU,FR,458.0,1041.0,-781.0,0,0,0
2026-02-27T08:00:00Z,DE-LU,NL,1155.0,2891.0,-310.0,0,0,0
2026-02-27T08:00:00Z,DE-LU,PL,2182.0,3032.0,-1043.0,0,0,0
2026-02-27T08:00:00Z,DE-LU,CZ,1728.0,3531.0,-2105.0,0,0,0
2026-02-27T08:00:00Z,DE-LU,DK1,580.0,1296.0,-845.0,0,0,0
2026-02-27T09:00:00Z,DE-LU,AT,1876.0,2680.0,1217.0,0,0,0
2026-02-27T09:00:00Z,DE-LU,FR,1334.0,1626.0,745.0,0,0,0
2026-02-27T09:00:00Z,DE-LU,NL,602.0,1116.0,764.0,0,0,31.0
2026-02-27T09:00:00Z,DE-LU,PL,1349.0,2988.0,2206.0,0,0,0
2026-02-27T09:00:00Z,DE-LU,CZ,545.0,841.0,-184.0,0,0,0
2026-02-27T09:00:00Z,DE-LU,DK1,2829.0,3857.0,2694.0,0,0,0
2026-02-27T10:00:00Z,DE-LU,AT,2720.0,3583.0,319.0,0,0,0
2026-02-27T10:00:00Z,DE-LU,FR,1150.0,1689.0,-621.0,0,0,0
2026-02-27T10:00:00Z,DE-LU,NL,999.0,1159.0,-464.0,0,0,0
2026-02-27T10:00:00Z,DE-LU,PL,767.0,1294.0,853.0,0,0,0
2026-02-27T10:00:00Z,DE-LU,CZ,2219.0,2383.0,-743.0,0,0,0
2026-02-27T10:00:00Z,DE-LU,DK1,1607.0,2242.0,-1696.0,0,0,0
2026-02-27T11:00:00Z,DE-LU,AT,1268.0,3488.0,-778.0,2.96,0,0
2026-02-27T11:00:00Z,DE-LU,FR,4012.0,4301.0,-3113.0,0,0,0
2026-02-27T11:00:00Z,DE-LU,NL,1505.0,4489.0,-1722.0,8.02,0,0
2026-02-27T11:00:00Z,DE-LU,PL,749.0,2101.0,-21.0,3.71,0,0
2026-02-27T11:00:00Z,DE-LU,CZ,2451.0,4385.0,3257.0,0,0,0
2026-02-27T11:00:00Z,DE-LU,DK1,2932.0,3233.0,-1176.0,0,0,0
2026-02-27T12:00:00Z,DE-LU,AT,1762.0,2209.0,1474.0,0,0,0
2026-02-27T12:00:00Z,DE-LU,FR,1103.0,1447.0,-821.0,0,0,0
2026-02-27T12:00:00Z,DE-LU,NL,3105.0,3513.0,-1369.0,0,0,0
2026-02-27T12:00:00Z,DE-LU,PL,736.0,955.0,-375.0,0,0,0
2026-02-27T12:00:00Z,DE-LU,CZ,769.0,1119.0,99.0,0,0,0
2026-02-27T12:00:00Z,DE-LU,DK1,1505.0,4217.0,477.0,3.29,0,0
2026-02-27T13:00:00Z,DE-LU,AT,1634.0,2365.0,896.0,0,0,0
2026-02-27T13:00:00Z,DE-LU,FR,1586.0,2343.0,1601.0,0,0,0
2026-02-27T13:00:00Z,DE-LU,NL,735.0,1042.0,206.0,0,0,0
2026-02-27T13:00:00Z,DE-LU,PL,1980.0,3055.0,2095.0,0,0,0
2026-02-27T13:00:00Z,DE-LU,CZ,2162.0,3427.0,-1671.0,0,0,0
2026-02-27T13:00:00Z,DE-LU,DK1,3078.0,4236.0,-1631.0,0,0,0
2026-02-27T14:00:00Z,DE-LU,AT,1070.0,1582.0,-234.0,0,0,0
2026-02-27T14:00:00Z,DE-LU,FR,1835.0,2044.0,-1508.0,0,0,0
2026-02-27T14:00:00Z,DE-LU,NL,1053.0,1620.0,847.0,0,0,0
2026-02-27T14:00:00Z,DE-LU,PL,832.0,1097.0,565.0,0,0,0
2026-02-27T14:00:00Z,DE-LU,CZ,1125.0,1243.0,-795.0,0,0,0
2026-02-27T14:00:00Z,DE-LU,DK1,906.0,2611.0,-883.0,1.87,6.0,0
2026-02-27T15:00:00Z,DE-LU,AT,2727.0,2958.0,207.0,0,0,0
2026-02-27T15:00:00Z,DE-LU,FR,1032.0,1735.0,263.0,0,0,0
2026-02-27T15:00:00Z,DE-LU,NL,1557.0,3249.0,-4.0,0,0,0
2026-02-27T15:00:00Z,DE-LU,PL,1251.0,3140.0,-283.0,5.73,0,0
2026-02-27T15:00:00Z,DE-LU,CZ,528.0,1172.0,170.0,0,0,0
2026-02-27T15:00:00Z,DE-LU,DK1,1354.0,1880.0,-1425.0,0,0,0
2026-02-27T16:00:00Z,DE-LU,AT,3172.0,4327.0,121.0,0,0,0
2026-02-27T16:00:00Z,DE-LU,FR,2117.0,4214.0,-2015.0,0,0,0
2026-02-27T16:00:00Z,DE-LU,NL,1603.0,3471.0,446.0,0,0,0
2026-02-27T16:00:00Z,DE-LU,PL,1382.0,3075.0,363.0,0,0,0
2026-02-27T16:00:00Z,DE-LU,CZ,1376.0,3304.0,-1253.0,0,0,0
2026-02-27T16:00:00Z,DE-LU,DK1,3813.0,4325.0,-1417.0,0,0,0
2026-02-27T17:00:00Z,DE-LU,AT,1190.0,2585.0,-1272.0,0,0,0
2026-02-27T17:00:00Z,DE-LU,FR,3152.0,3565.0,2165.0,0,0,0
2026-02-27T17:00:00Z,DE-LU,NL,1842.0,3621.0,-1054.0,0,0,0
2026-02-27T17:00:00Z,DE-LU,PL,1653.0,2078.0,-262.0,0,0,0
2026-02-27T17:00:00Z,DE-LU,CZ,1153.0,2868.0,852.0,0,0,0
2026-02-27T17:00:00Z,DE-LU,DK1,616.0,1859.0,-783.0,10.75,0,0
2026-02-27T18:00:00Z,DE-LU,AT,661.0,1000.0,358.0,0,0,0
2026-02-27T18:00:00Z,DE-LU,FR,664.0,1232.0,-468.0,0,0,0
2026-02-27T18:00:00Z,DE-LU,NL,1114.0,3321.0,-156.0,0,0,0
2026-02-27T18:00:00Z,DE-LU,PL,534.0,1728.0,-1378.0,0,0,0
2026-02-27T18:00:00Z,DE-LU,CZ,568.0,1569.0,274.0,0,0,0
2026-02-27T18:00:00Z,DE-LU,DK1,1418.0,1598.0,-70.0,0,0,0
2026-02-27T19:00:00Z,DE-LU,AT,935.0,1510.0,495.0,0,0,0
2026-02-27T19:00:00Z,DE-LU,FR,3300.0,4088.0,-1668.0,0,0,0
2026-02-27T19:00:00Z,DE-LU,NL,1130.0,2053.0,1570.0,0,0,0
2026-02-27T19:00:00Z,DE-LU,PL,3002.0,3573.0,-1731.0,0,0,0
2026-02-27T19:00:00Z,DE-LU,CZ,849.0,2636.0,-1173.0,0,0,0
2026-02-27T19:00:00Z,DE-LU,DK1,1831.0,2234.0,735.0,0,0,0
2026-02-27T20:00:00Z,DE-LU,AT,511.0,1253.0,346.0,0,0,0
2026-02-27T20:00:00Z,DE-LU,FR,2592.0,4402.0,2999.0,0,0,0
2026-02-27T20:00:00Z,DE-LU,NL,740.0,2457.0,-1510.0,0,0,0.0
2026-02-27T20:00:00Z,DE-LU,PL,1694.0,4148.0,-2854.0,0,0,0
2026-02-27T20:00:00Z,DE-LU,CZ,1625.0,3029.0,211.0,0,0,0
2026-02-27T20:00:00Z,DE-LU,DK1,3320.0,3500.0,380.0,0,0,0
2026-02-27T21:00:00Z,DE-LU,AT,457.0,889.0,594.0,0,0,0
2026-02-27T21:00:00Z,DE-LU,FR,674.0,800.0,436.0,0,0,0
2026-02-27T21:00:00Z,DE-LU,NL,952.0,2783.0,-1812.0,0,0,0
2026-02-27T21:00:00Z,DE-LU,PL,1942.0,3446.0,-977.0,0,0,0
2026-02-27T21:00:00Z,DE-LU,CZ,1651.0,1909.0,1005.0,0,0,0
2026-02-27T21:00:00Z,DE-LU,DK1,605.0,1955.0,-22.0,4.56,64.0,0
2026-02-27T22:00:00Z,DE-LU,AT,1336.0,1912.0,468.0,0,0,0
2026-02-27T22:00:00Z,DE-LU,FR,2325.0,2464.0,-1303.0,0,0,0
2026-02-27T22:00:00Z,DE-LU,NL,696.0,928.0,-144.0,0,0,0
2026-02-27T22:00:00Z,DE-LU,PL,3302.0,4202.0,3300.0,0,0,0
2026-02-27T22:00:00Z,DE-LU,CZ,577.0,1361.0,283.0,0,0,0
2026-02-27T22:00:00Z,DE-LU,DK1,669.0,1335.0,-1033.0,0,0,0
2026-02-27T23:00:00Z,DE-LU,AT,1861.0,4430.0,1005.0,0,0,0
2026-02-27T23:00:00Z,DE-LU,FR,1559.0,1645.0,-1141.0,0,0,0
2026-02-27T23:00:00Z,DE-LU,NL,1152.0,2154.0,1555.0,0,0,0
2026-02-27T23:00:00Z,DE-LU,PL,2146.0,2428.0,-789.0,0,0,0
2026-02-27T23:00:00Z,DE-LU,CZ,562.0,1728.0,-1176.0,5.25,10.0,0
2026-02-27T23:00:00Z,DE-LU,DK1,2000.0,4400.0,2793.0,0,0,4.0
2026-02-28T00:00:00Z,DE-LU,AT,969.0,1456.0,695.0,0,0,0
2026-02-28T00:00:00Z,DE-LU,FR,1635.0,2959.0,-868.0,0,0,0
2026-02-28T00:00:00Z,DE-LU,NL,2665.0,3626.0,986.0,0,0,0
2026-02-28T00:00:00Z,DE-LU,PL,1755.0,3844.0,1955.0,0,0,0
2026-02-28T00:00:00Z,DE-LU,CZ,1420.0,1678.0,902.0,0,0,0
2026-02-28T00:00:00Z,DE-LU,DK1,2504.0,3329.0,-965.0,0,0,0
2026-02-28T01:00:00Z,DE-LU,AT,3021.0,3844.0,-111.0,0,0,0
2026-02-28T01:00:00Z,DE-LU,FR,2700.0,3845.0,2083.0,0,0,0
2026-02-28T01:00:00Z,DE-LU,NL,1931.0,2136.0,-22.0,0,0,0
2026-02-28T01:00:00Z,DE-LU,PL,2953.0,3278.0,1876.0,0,0,0
2026-02-28T01:00:00Z,DE-LU,CZ,2374.0,3272.0,-2134.0,0,0,0
2026-02-28T01:00:00Z,DE-LU,DK1,1002.0,1819.0,511.0,0,0,0
2026-02-28T02:00:00Z,DE-LU,AT,1689.0,2156.0,-1595.0,0,0,0
2026-02-28T02:00:00Z,DE-LU,FR,1453.0,3102.0,-464.0,0,0,0
2026-02-28T02:00:00Z,DE-LU,NL,3328.0,4130.0,2919.0,0,0,0
2026-02-28T02:00:00Z,DE-LU,PL,532.0,1760.0,-966.0,0.62,49.0,0
2026-02-28T02:00:00Z,DE-LU,CZ,657.0,1116.0,-547.0,0,0,0
2026-02-28T02:00:00Z,DE-LU,DK1,982.0,1616.0,-950.0,0,0,0
2026-02-28T03:00:00Z,DE-LU,AT,2085.0,3889.0,1105.0,0,0,0
2026-02-28T03:00:00Z,DE-LU,FR,3214.0,3762.0,-624.0,0,0,0
2026-02-28T03:00:00Z,DE-LU,NL,939.0,2030.0,-1421.0,0,0,0
2026-02-28T03:00:00Z,DE-LU,PL,1389.0,1594.0,-942.0,0,0,0
2026-02-28T03:00:00Z,DE-LU,CZ,1467.0,2249.0,1464.0,0,0,0
2026-02-28T03:00:00Z,DE-LU,DK1,1365.0,1848.0,-19.0,0,0,0
2026-02-28T04:00:00Z,DE-LU,AT,1898.0,3890.0,1640.0,0,0,0
2026-02-28T04:00:00Z,DE-LU,FR,1693.0,3888.0,-2818.0,0,0,0
2026-02-28T04:00:00Z,DE-LU,NL,1841.0,3459.0,2294.0,0,0,0
2026-02-28T04:00:00Z,DE-LU,PL,1361.0,1448.0,779.0,0,0,0
2026-02-28T04:00:00Z,DE-LU,CZ,2178.0,2552.0,1372.0,0,0,0
2026-02-28T04:00:00Z,DE-LU,DK1,480.0,962.0,8.0,0,0,15.0
2026-02-28T05:00:00Z,DE-LU,AT,1244.0,3950.0,-2593.0,4.02,0,0
2026-02-28T05:00:00Z,DE-LU,FR,1096.0,2272.0,29.0,0,0,0
2026-02-28T05:00:00Z,DE-LU,NL,2505.0,3956.0,-61.0,0,0,0
2026-02-28T05:00:00Z,DE-LU,PL,2034.0,4031.0,-260.0,0,0,0
2026-02-28T05:00:00Z,DE-LU,CZ,3312.0,4261.0,-1984.0,0,0,0
2026-02-28T05:00:00Z,DE-LU,DK1,514.0,1599.0,62.0,0,0,0
2026-02-28T06:00:00Z,DE-LU,AT,1121.0,1653.0,-307.0,0,0,0
2026-02-28T06:00:00Z,DE-LU,FR,1612.0,2553.0,-1503.0,0,0,0
2026-02-28T06:00:00Z,DE-LU,NL,405.0,868.0,627.0,0,0,0
2026-02-28T06:00:00Z,DE-LU,PL,757.0,1121.0,763.0,0,0,0
2026-02-28T06:00:00Z,DE-LU,CZ,557.0,1338.0,-610.0,0,0,0
2026-02-28T06:00:00Z,DE-LU,DK1,2451.0,3056.0,235.0,0,0,0
2026-02-28T07:00:00Z,DE-LU,AT,941.0,1414.0,-133.0,0,0,0
2026-02-28T07:00:00Z,DE-LU,FR,1664.0,1935.0,260.0,0,0,0
2026-02-28T07:00:00Z,DE-LU,NL,1244.0,1356.0,-291.0,0,0,0
2026-02-28T07:00:00Z,DE-LU,PL,1076.0,2235.0,-1411.0,0,0,0
2026-02-28T07:00:00Z,DE-LU,CZ,1011.0,1096.0,305.0,0,0,0
2026-02-28T07:00:00Z,DE-LU,DK1,1576.0,1937.0,1471.0,0,0,0
2026-02-28T08:00:00Z,DE-LU,AT,2099.0,3902.0,-1842.0,0,0,0
2026-02-28T08:00:00Z,DE-LU,FR,3372.0,3652.0,-1617.0,0,0,0
2026-02-28T08:00:00Z,DE-LU,NL,1675.0,3044.0,-855.0,0,0,0
2026-02-28T08:00:00Z,DE-LU,PL,585.0,1668.0,-1267.0,5.52,18.0,0
2026-02-28T08:00:00Z,DE-LU,CZ,595.0,1314.0,464.0,0,0,0
2026-02-28T08:00:00Z,DE-LU,DK1,1196.0,2578.0,-164.0,0,0,0
2026-02-28T09:00:00Z,DE-LU,AT,804.0,2674.0,-19.0,9.54,25.0,0
2026-02-28T09:00:00Z,DE-LU,FR,2783.0,3505.0,17.0,0,0,0
2026-02-28T09:00:00Z,DE-LU,NL,1001.0,1495.0,248.0,0,0,10.0
2026-02-28T09:00:00Z,DE-LU,PL,1824.0,2638.0,-403.0,0,0,0
2026-02-28T09:00:00Z,DE-LU,CZ,1805.0,2841.0,-1554.0,0,0,0
2026-02-28T09:00:00Z,DE-LU,DK1,545.0,925.0,-569.0,0,0,0
2026-02-28T10:00:00Z,DE-LU,AT,627.0,1239.0,-203.0,0,0,0
2026-02-28T10:00:00Z,DE-LU,FR,1631.0,2226.0,1211.0,0,0,0
2026-02-28T10:00:00Z,DE-LU,NL,2873.0,3899.0,2524.0,0,0,0
2026-02-28T10:00:00Z,DE-LU,PL,3181.0,3779.0,1727.0,0,0,0
2026-02-28T10:00:00Z,DE-LU,CZ,1504.0,3408.0,1332.0,0,0,0
2026-02-28T10:00:00Z,DE-LU,DK1,1780.0,3138.0,-1791.0,0,0,0
2026-02-28T11:00:00Z,DE-LU,AT,3665.0,3943.0,-1314.0,0,0,0
2026-02-28T11:00:00Z,DE-LU,FR,1425.0,2954.0,-385.0,0,0,0
2026-02-28T11:00:00Z,DE-LU,NL,1009.0,2925.0,-2208.0,2.44,0,0
2026-02-28T11:00:00Z,DE-LU,PL,973.0,2892.0,-2278.0,1.26,81.0,0
2026-02-28T11:00:00Z,DE-LU,CZ,1366.0,3442.0,-961.0,10.72,68.0,0
2026-02-28T11:00:00Z,DE-LU,DK1,860.0,2529.0,1194.0,0.05,43.0,0
2026-02-28T12:00:00Z,DE-LU,AT,1861.0,3710.0,-1738.0,0,0,0
2026-02-28T12:00:00Z,DE-LU,FR,1123.0,1343.0,-431.0,0,0,0
2026-02-28T12:00:00Z,DE-LU,NL,866.0,2121.0,1584.0,0,0,10.0
2026-02-28T12:00:00Z,DE-LU,PL,2447.0,4107.0,-900.0,0,0,0
2026-02-28T12:00:00Z,DE-LU,CZ,1403.0,2614.0,680.0,0,0,0
2026-02-28T12:00:00Z,DE-LU,DK1,556.0,1160.0,-843.0,0,0,0
2026-02-28T13:00:00Z,DE-LU,AT,810.0,2551.0,1419.0,1.38,3.0,0
2026-02-28T13:00:00Z,DE-LU,FR,2392.0,3494.0,1779.0,0,0,0
2026-02-28T13:00:00Z,DE-LU,NL,434.0,861.0,-385.0,0,0,0
2026-02-28T13:00:00Z,DE-LU,PL,3700.0,4363.0,-13.0,0,0,0
2026-02-28T13:00:00Z,DE-LU,CZ,1156.0,1442.0,-5.0,0,0,0
2026-02-28T13:00:00Z,DE-LU,DK1,1408.0,3141.0,2465.0,0,0,0
2026-02-28T14:00:00Z,DE-LU,AT,1889.0,4447.0,1128.0,0,0,0
2026-02-28T14:00:00Z,DE-LU,FR,1508.0,3701.0,1273.0,0,0,0
2026-02-28T14:00:00Z,DE-LU,NL,3190.0,3562.0,2126.0,0,0,0
2026-02-28T14:00:00Z,DE-LU,PL,2260.0,2489.0,-373.0,0,0,0
2026-02-28T14:00:00Z,DE-LU,CZ,449.0,1166.0,852.0,4.51,0,0
2026-02-28T14:00:00Z,DE-LU,DK1,2363.0,2977.0,-38.0,0,0,0
2026-02-28T15:00:00Z,DE-LU,AT,2021.0,2671.0,1191.0,0,0,0
2026-02-28T15:00:00Z,DE-LU,FR,671.0,2173.0,-1097.0,1.54,0,0
2026-02-28T15:00:00Z,DE-LU,NL,2511.0,4387.0,-642.0,0,0,0
2026-02-28T15:00:00Z,DE-LU,PL,2505.0,2994.0,-1459.0,0,0,0
2026-02-28T15:00:00Z,DE-LU,CZ,779.0,1972.0,-456.0,6.08,0,19.0
2026-02-28T15:00:00Z,DE-LU,DK1,1845.0,3293.0,-1917.0,0,0,0
2026-02-28T16:00:00Z,DE-LU,AT,916.0,1095.0,-260.0,0,0,0
2026-02-28T16:00:00Z,DE-LU,FR,2942.0,3126.0,-2020.0,0,0,0
2026-02-28T16:00:00Z,DE-LU,NL,1144.0,1460.0,-1063.0,0,0,0
2026-02-28T16:00:00Z,DE-LU,PL,867.0,1711.0,-126.0,0,0,0
2026-02-28T16:00:00Z,DE-LU,CZ,1375.0,1845.0,135.0,0,0,0
2026-02-28T16:00:00Z,DE-LU,DK1,1248.0,2800.0,459.0,0,0,0
2026-02-28T17:00:00Z,DE-LU,AT,1193.0,2571.0,-1693.0,0,0,0
2026-02-28T17:00:00Z,DE-LU,FR,1000.0,1431.0,-425.0,0,0,0
2026-02-28T17:00:00Z,DE-LU,NL,2866.0,3094.0,-869.0,0,0,0
2026-02-28T17:00:00Z,DE-LU,PL,2747.0,3641.0,-865.0,0,0,0
2026-02-28T17:00:00Z,DE-LU,CZ,1353.0,4477.0,-2975.0,5.91,0,0
2026-02-28T17:00:00Z,DE-LU,DK1,2094.0,3965.0,2779.0,0,0,0
2026-02-28T18:00:00Z,DE-LU,AT,3173.0,4329.0,-2246.0,0,0,0
2026-02-28T18:00:00Z,DE-LU,FR,1558.0,4455.0,-3557.0,0.21,0,0
2026-02-28T18:00:00Z,DE-LU,NL,2207.0,4226.0,-1517.0,0,0,6.0
2026-02-28T18:00:00Z,DE-LU,PL,2055.0,3995.0,1747.0,0,0,0
2026-02-28T18:00:00Z,DE-LU,CZ,486.0,1563.0,-617.0,2.04,0,0
2026-02-28T18:00:00Z,DE-LU,DK1,1893.0,3989.0,-795.0,0,0,0
2026-02-28T19:00:00Z,DE-LU,AT,2453.0,3153.0,-654.0,0,0,0
2026-02-28T19:00:00Z,DE-LU,FR,1427.0,1849.0,82.0,0,0,0
2026-02-28T19:00:00Z,DE-LU,NL,2036.0,2388.0,-924.0,0,0,0
2026-02-28T19:00:00Z,DE-LU,PL,919.0,1161.0,514.0,0,0,0
2026-02-28T19:00:00Z,DE-LU,CZ,2464.0,3016.0,1174.0,0,0,0
2026-02-28T19:00:00Z,DE-LU,DK1,1299.0,1738.0,880.0,0,0,0
2026-02-28T20:00:00Z,DE-LU,AT,1020.0,3091.0,-130.0,2.54,5.0,0
2026-02-28T20:00:00Z,DE-LU,FR,389.0,1097.0,-425.0,0,0,0
2026-02-28T20:00:00Z,DE-LU,NL,1297.0,3530.0,-2339.0,0,0,0
2026-02-28T20:00:00Z,DE-LU,PL,682.0,1545.0,-627.0,0,0,0
2026-02-28T20:00:00Z,DE-LU,CZ,2480.0,3551.0,-727.0,0,0,0
2026-02-28T20:00:00Z,DE-LU,DK1,1828.0,4475.0,1858.0,0,0,0
2026-02-28T21:00:00Z,DE-LU,AT,1232.0,2312.0,-1632.0,0,0,0
2026-02-28T21:00:00Z,DE-LU,FR,3930.0,4323.0,-2356.0,0,0,0
2026-02-28T21:00:00Z,DE-LU,NL,2054.0,2290.0,-1036.0,0,0,0
2026-02-28T21:00:00Z,DE-LU,PL,1399.0,3306.0,2027.0,0,0,0
2026-02-28T21:00:00Z,DE-LU,CZ,1603.0,1795.0,-1423.0,0,0,0
2026-02-28T21:00:00Z,DE-LU,DK1,1922.0,2082.0,-64.0,0,0,0
2026-02-28T22:00:00Z,DE-LU,AT,1493.0,3739.0,-1291.0,7.13,10.0,0
2026-02-28T22:00:00Z,DE-LU,FR,1582.0,2793.0,-760.0,0,0,0
2026-02-28T22:00:00Z,DE-LU,NL,1519.0,4162.0,-401.0,4.84,72.0,0
2026-02-28T22:00:00Z,DE-LU,PL,1415.0,2267.0,362.0,0,0,0
2026-02-28T22:00:00Z,DE-LU,CZ,677.0,915.0,574.0,0,0,0
2026-02-28T22:00:00Z,DE-LU,DK1,2238.0,3054.0,398.0,0,0,0
2026-02-28T23:00:00Z,DE-LU,AT,2801.0,4451.0,966.0,0,0,0
2026-02-28T23:00:00Z,DE-LU,FR,613.0,1419.0,-594.0,0,0,0
2026-02-28T23:00:00Z,DE-LU,NL,1804.0,1985.0,1194.0,0,0,0
2026-02-28T23:00:00Z,DE-LU,PL,1064.0,2266.0,1620.0,0,0,0
2026-02-28T23:00:00Z,DE-LU,CZ,1047.0,1931.0,-617.0,0,0,0
2026-02-28T23:00:00Z,DE-LU,DK1,3204.0,3738.0,898.0,0,0,0
2026-03-01T00:00:00Z,DE-LU,AT,645.0,1061.0,-817.0,0,0,0
2026-03-01T00:00:00Z,DE-LU,FR,894.0,1857.0,916.0,0,0,0
2026-03-01T00:00:00Z,DE-LU,NL,1238.0,1746.0,-750.0,0,0,0
2026-03-01T00:00:00Z,DE-LU,PL,1906.0,2891.0,225.0,0,0,0
2026-03-01T00:00:00Z,DE-LU,CZ,1161.0,2296.0,-478.0,0,0,0
2026-03-01T00:00:00Z,DE-LU,DK1,2311.0,2832.0,760.0,0,0,0
2026-03-01T01:00:00Z,DE-LU,AT,1246.0,2298.0,-322.0,0,0,0
2026-03-01T01:00:00Z,DE-LU,FR,486.0,919.0,-162.0,0,0,0
2026-03-01T01:00:00Z,DE-LU,NL,1267.0,1390.0,4.0,0,0,0
2026-03-01T01:00:00Z,DE-LU,PL,312.0,866.0,-316.0,0,0,0
2026-03-01T01:00:00Z,DE-LU,CZ,3106.0,3565.0,2475.0,0,0,0
2026-03-01T01:00:00Z,DE-LU,DK1,1558.0,2991.0,104.0,0,0,0
2026-03-01T02:00:00Z,DE-LU,AT,2739.0,3630.0,-1125.0,0,0,0
2026-03-01T02:00:00Z,DE-LU,FR,883.0,2399.0,-1451.0,7.97,28.0,0
2026-03-01T02:00:00Z,DE-LU,NL,923.0,1483.0,704.0,0,0,0
2026-03-01T02:00:00Z,DE-LU,PL,2933.0,3473.0,2361.0,0,0,0
2026-03-01T02:00:00Z,DE-LU,CZ,1205.0,1787.0,202.0,0,0,0
2026-03-01T02:00:00Z,DE-LU,DK1,1474.0,3190.0,-1295.0,0,0,0
2026-03-01T03:00:00Z,DE-LU,AT,1560.0,1689.0,-1079.0,0,0,0
2026-03-01T03:00:00Z,DE-LU,FR,3899.0,4211.0,-1237.0,0,0,0
2026-03-01T03:00:00Z,DE-LU,NL,2718.0,3813.0,2930.0,0,0,0
2026-03-01T03:00:00Z,DE-LU,PL,1493.0,3720.0,-272.0,0,0,0
2026-03-01T03:00:00Z,DE-LU,CZ,949.0,1161.0,-832.0,0,0,0
2026-03-01T03:00:00Z,DE-LU,DK1,1559.0,3295.0,1159.0,0,0,0
2026-03-01T04:00:00Z,DE-LU,AT,1716.0,3435.0,-2450.0,0,0,0
2026-03-01T04:00:00Z,DE-LU,FR,590.0,1199.0,-175.0,0,0,0
2026-03-01T04:00:00Z,DE-LU,NL,968.0,2912.0,925.0,6.19,0,0
2026-03-01T04:00:00Z,DE-LU,PL,816.0,1096.0,-856.0,0,0,0
2026-03-01T04:00:00Z,DE-LU,CZ,866.0,1153.0,331.0,0,0,0
2026-03-01T04:00:00Z,DE-LU,DK1,2578.0,3903.0,2373.0,0,0,0
2026-03-01T05:00:00Z,DE-LU,AT,1816.0,2467.0,888.0,0,0,0
2026-03-01T05:00:00Z,DE-LU,FR,1244.0,3230.0,1589.0,7.06,0,0
2026-03-01T05:00:00Z,DE-LU,NL,3221.0,3737.0,1336.0,0,0,0
2026-03-01T05:00:00Z,DE-LU,PL,1992.0,3255.0,1578.0,0,0,0
2026-03-01T05:00:00Z,DE-LU,CZ,2073.0,3449.0,1240.0,0,0,0
2026-03-01T05:00:00Z,DE-LU,DK1,2516.0,2784.0,423.0,0,0,0
2026-03-01T06:00:00Z,DE-LU,AT,783.0,932.0,-504.0,0,0,0
2026-03-01T06:00:00Z,DE-LU,FR,2228.0,3877.0,1743.0,0,0,0
2026-03-01T06:00:00Z,DE-LU,NL,2566.0,4477.0,1308.0,0,0,0
2026-03-01T06:00:00Z,DE-LU,PL,1886.0,2450.0,-1938.0,0,0,0
2026-03-01T06:00:00Z,DE-LU,CZ,1047.0,2025.0,1588.0,0,0,0
2026-03-01T06:00:00Z,DE-LU,DK1,1285.0,2278.0,39.0,0,0,0
2026-03-01T07:00:00Z,DE-LU,AT,1373.0,2645.0,1580.0,0,0,0
2026-03-01T07:00:00Z,DE-LU,FR,3495.0,4391.0,1263.0,0,0,0
2026-03-01T07:00:00Z,DE-LU,NL,3395.0,4306.0,-1722.0,0,0,0
2026-03-01T07:00:00Z,DE-LU,PL,1997.0,2415.0,-958.0,0,0,0
2026-03-01T07:00:00Z,DE-LU,CZ,1464.0,1916.0,-855.0,0,0,0
2026-03-01T07:00:00Z,DE-LU,DK1,816.0,2030.0,1558.0,0,0,0
2026-03-01T08:00:00Z,DE-LU,AT,1677.0,4039.0,1693.0,0,0,0
2026-03-01T08:00:00Z,DE-LU,FR,858.0,1048.0,406.0,0,0,0
2026-03-01T08:00:00Z,DE-LU,NL,462.0,1141.0,-883.0,0,0,0
2026-03-01T08:00:00Z,DE-LU,PL,540.0,1082.0,-297.0,0,0,0
2026-03-01T08:00:00Z,DE-LU,CZ,1175.0,2419.0,744.0,0,0,0
2026-03-01T08:00:00Z,DE-LU,DK1,1161.0,1464.0,775.0,0,0,0
2026-03-01T09:00:00Z,DE-LU,AT,913.0,1465.0,-200.0,0,0,0
2026-03-01T09:00:00Z,DE-LU,FR,2257.0,3752.0,1458.0,0,0,0
2026-03-01T09:00:00Z,DE-LU,NL,751.0,1586.0,518.0,0,0,0
2026-03-01T09:00:00Z,DE-LU,PL,528.0,1062.0,31.0,0,0,0
2026-03-01T09:00:00Z,DE-LU,CZ,815.0,977.0,100.0,0,0,0
2026-03-01T09:00:00Z,DE-LU,DK1,1657.0,3200.0,1944.0,0,0,0
2026-03-01T10:00:00Z,DE-LU,AT,2752.0,3197.0,1673.0,0,0,0
2026-03-01T10:00:00Z,DE-LU,FR,1383.0,3016.0,-1693.0,0,0,0
2026-03-01T10:00:00Z,DE-LU,NL,687.0,2053.0,57.0,1.44,0,0
2026-03-01T10:00:00Z,DE-LU,PL,1931.0,2701.0,2014.0,0,0,0
2026-03-01T10:00:00Z,DE-LU,CZ,2035.0,4201.0,-965.0,0,0,0
2026-03-01T10:00:00Z,DE-LU,DK1,349.0,848.0,-409.0,0,0,0
2026-03-01T11:00:00Z,DE-LU,AT,644.0,1121.0,175.0,0,0,0
2026-03-01T11:00:00Z,DE-LU,FR,1578.0,2852.0,-1058.0,0,0,0
2026-03-01T11:00:00Z,DE-LU,NL,2607.0,3520.0,2130.0,0,0,0
2026-03-01T11:00:00Z,DE-LU,PL,1042.0,2004.0,-278.0,0,0,0
2026-03-01T11:00:00Z,DE-LU,CZ,2785.0,2978.0,1768.0,0,0,0
2026-03-01T11:00:00Z,DE-LU,DK1,2942.0,4315.0,-1399.0,0,0,0
2026-03-01T12:00:00Z,DE-LU,AT,1302.0,3410.0,2475.0,0,0,0
2026-03-01T12:00:00Z,DE-LU,FR,1022.0,2818.0,-1785.0,4.61,0,0
2026-03-01T12:00:00Z,DE-LU,NL,1416.0,2436.0,-499.0,0,0,0
2026-03-01T12:00:00Z,DE-LU,PL,2177.0,3569.0,149.0,0,0,0
2026-03-01T12:00:00Z,DE-LU,CZ,2570.0,3297.0,-1207.0,0,0,0
2026-03-01T12:00:00Z,DE-LU,DK1,1383.0,2369.0,608.0,0,0,0
2026-03-01T13:00:00Z,DE-LU,AT,3547.0,4342.0,258.0,0,0,0
2026-03-01T13:00:00Z,DE-LU,FR,1275.0,1465.0,691.0,0,0,0
2026-03-01T13:00:00Z,DE-LU,NL,2680.0,4306.0,-731.0,0,0,0
2026-03-01T13:00:00Z,DE-LU,PL,808.0,1471.0,-285.0,0,0,0
2026-03-01T13:00:00Z,DE-LU,CZ,2412.0,4127.0,-2833.0,0,0,0
2026-03-01T13:00:00Z,DE-LU,DK1,2577.0,3313.0,-47.0,0,0,0
2026-03-01T14:00:00Z,DE-LU,AT,975.0,1160.0,-753.0,0,0,0
2026-03-01T14:00:00Z,DE-LU,FR,1642.0,2569.0,1099.0,0,0,0
2026-03-01T14:00:00Z,DE-LU,NL,2783.0,3808.0,-2096.0,0,0,0
2026-03-01T14:00:00Z,DE-LU,PL,2461.0,2989.0,-1824.0,0,0,0
2026-03-01T14:00:00Z,DE-LU,CZ,778.0,1550.0,109.0,0,0,0
2026-03-01T14:00:00Z,DE-LU,DK1,2160.0,3004.0,1864.0,0,0,0
2026-03-01T15:00:00Z,DE-LU,AT,3422.0,3972.0,-1530.0,0,0,0
2026-03-01T15:00:00Z,DE-LU,FR,1788.0,2466.0,343.0,0,0,0
2026-03-01T15:00:00Z,DE-LU,NL,1596.0,2619.0,2047.0,0,0,0
2026-03-01T15:00:00Z,DE-LU,PL,2841.0,3531.0,2530.0,0,0,0
2026-03-01T15:00:00Z,DE-LU,CZ,855.0,1028.0,119.0,0,0,0
2026-03-01T15:00:00Z,DE-LU,DK1,2265.0,4378.0,-1732.0,0,0,0
2026-03-01T16:00:00Z,DE-LU,AT,3489.0,4153.0,-1139.0,0,0,0
2026-03-01T16:00:00Z,DE-LU,FR,606.0,1372.0,-291.0,0,0,0
2026-03-01T16:00:00Z,DE-LU,NL,1607.0,4133.0,-335.0,3.22,0,0
2026-03-01T16:00:00Z,DE-LU,PL,800.0,1538.0,-243.0,0,0,0
2026-03-01T16:00:00Z,DE-LU,CZ,1434.0,1765.0,217.0,0,0,0
2026-03-01T16:00:00Z,DE-LU,DK1,3039.0,3411.0,1197.0,0,0,0
2026-03-01T17:00:00Z,DE-LU,AT,976.0,1520.0,-875.0,0,0,0
2026-03-01T17:00:00Z,DE-LU,FR,1051.0,1144.0,792.0,0,0,0
2026-03-01T17:00:00Z,DE-LU,NL,2761.0,3047.0,-218.0,0,0,0
2026-03-01T17:00:00Z,DE-LU,PL,1659.0,4360.0,880.0,4.96,3.0,0
2026-03-01T17:00:00Z,DE-LU,CZ,1802.0,2090.0,-1078.0,0,0,0
2026-03-01T17:00:00Z,DE-LU,DK1,1020.0,1895.0,909.0,0,0,0
2026-03-01T18:00:00Z,DE-LU,AT,1319.0,1509.0,-753.0,0,0,0
2026-03-01T18:00:00Z,DE-LU,FR,1375.0,3748.0,794.0,1.56,48.0,0
2026-03-01T18:00:00Z,DE-LU,NL,923.0,2000.0,-1294.0,0,0,0
2026-03-01T18:00:00Z,DE-LU,PL,1201.0,2112.0,71.0,0,0,0
2026-03-01T18:00:00Z,DE-LU,CZ,663.0,862.0,678.0,0,0,0
2026-03-01T18:00:00Z,DE-LU,DK1,1697.0,3395.0,2211.0,0,0,0
2026-03-01T19:00:00Z,DE-LU,AT,772.0,1631.0,-713.0,0,0,0
2026-03-01T19:00:00Z,DE-LU,FR,1471.0,2878.0,2163.0,0,0,0
2026-03-01T19:00:00Z,DE-LU,NL,2028.0,2236.0,-1643.0,0,0,0
2026-03-01T19:00:00Z,DE-LU,PL,886.0,1200.0,365.0,0,0,0
2026-03-01T19:00:00Z,DE-LU,CZ,2748.0,3414.0,1572.0,0,0,0
2026-03-01T19:00:00Z,DE-LU,DK1,708.0,2142.0,1448.0,1.18,0,0
2026-03-01T20:00:00Z,DE-LU,AT,829.0,1516.0,612.0,0,0,0
2026-03-01T20:00:00Z,DE-LU,FR,1009.0,2309.0,-1346.0,0,0,0
2026-03-01T20:00:00Z,DE-LU,NL,2034.0,2719.0,1019.0,0,0,0
2026-03-01T20:00:00Z,DE-LU,PL,516.0,871.0,235.0,0,0,0
2026-03-01T20:00:00Z,DE-LU,CZ,2553.0,4431.0,1354.0,0,0,0
2026-03-01T20:00:00Z,DE-LU,DK1,1466.0,4151.0,-1615.0,5.94,0,0
2026-03-01T21:00:00Z,DE-LU,AT,1500.0,2014.0,509.0,0,0,0
2026-03-01T21:00:00Z,DE-LU,FR,2891.0,4372.0,379.0,0,0,0
2026-03-01T21:00:00Z,DE-LU,NL,1682.0,1905.0,151.0,0,0,0
2026-03-01T21:00:00Z,DE-LU,PL,495.0,1070.0,-115.0,0,0,0
2026-03-01T21:00:00Z,DE-LU,CZ,1244.0,2834.0,-1792.0,0,0,0
2026-03-01T21:00:00Z,DE-LU,DK1,1300.0,2335.0,-1804.0,0,0,0
2026-03-01T22:00:00Z,DE-LU,AT,532.0,1391.0,-995.0,0,0,0
2026-03-01T22:00:00Z,DE-LU,FR,2234.0,2684.0,-213.0,0,0,8.0
2026-03-01T22:00:00Z,DE-LU,NL,1130.0,3260.0,-1799.0,4.9,73.0,0
2026-03-01T22:00:00Z,DE-LU,PL,2610.0,3767.0,2052.0,0,0,0
2026-03-01T22:00:00Z,DE-LU,CZ,1108.0,2202.0,-651.0,0,0,0
2026-03-01T22:00:00Z,DE-LU,DK1,1372.0,3090.0,2459.0,0,0,0
2026-03-01T23:00:00Z,DE-LU,AT,1232.0,2277.0,150.0,0,0,0
2026-03-01T23:00:00Z,DE-LU,FR,1521.0,4370.0,-284.0,1.91,68.0,0
2026-03-01T23:00:00Z,DE-LU,NL,735.0,1072.0,-641.0,0,0,0
2026-03-01T23:00:00Z,DE-LU,PL,870.0,2094.0,-53.0,0,0,0
2026-03-01T23:00:00Z,DE-LU,CZ,2134.0,3722.0,2953.0,0,0,0
2026-03-01T23:00:00Z,DE-LU,DK1,2585.0,2919.0,1541.0,0,0,0
2026-03-02T00:00:00Z,DE-LU,AT,1695.0,2022.0,-710.0,0,0,0
2026-03-02T00:00:00Z,DE-LU,FR,1296.0,4262.0,819.0,0.04,10.0,0
2026-03-02T00:00:00Z,DE-LU,NL,2637.0,3165.0,-1528.0,0,0,0
2026-03-02T00:00:00Z,DE-LU,PL,2407.0,3618.0,-2474.0,0,0,0
2026-03-02T00:00:00Z,DE-LU,CZ,2203.0,3492.0,-1036.0,0,0,0
2026-03-02T00:00:00Z,DE-LU,DK1,1877.0,4379.0,870.0,0,0,0
2026-03-02T01:00:00Z,DE-LU,AT,3483.0,3871.0,337.0,0,0,0
2026-03-02T01:00:00Z,DE-LU,FR,1100.0,2949.0,2048.0,0.21,0,0
2026-03-02T01:00:00Z,DE-LU,NL,1350.0,3565.0,2560.0,1.16,0,0
2026-03-02T01:00:00Z,DE-LU,PL,3075.0,3808.0,524.0,0,0,0
2026-03-02T01:00:00Z,DE-LU,CZ,1777.0,3356.0,-482.0,0,0,0
2026-03-02T01:00:00Z,DE-LU,DK1,721.0,2155.0,-207.0,0,0,0
2026-03-02T02:00:00Z,DE-LU,AT,672.0,1771.0,-828.0,0,0,0
2026-03-02T02:00:00Z,DE-LU,FR,2596.0,3851.0,1121.0,0,0,0
2026-03-02T02:00:00Z,DE-LU,NL,1240.0,1676.0,-1202.0,0,0,0
2026-03-02T02:00:00Z,DE-LU,PL,1244.0,2356.0,1827.0,0,0,0
2026-03-02T02:00:00Z,DE-LU,CZ,1552.0,2689.0,692.0,0,0,0
2026-03-02T02:00:00Z,DE-LU,DK1,699.0,1466.0,893.0,0,0,0
2026-03-02T03:00:00Z,DE-LU,AT,1700.0,1923.0,-358.0,0,0,0
2026-03-02T03:00:00Z,DE-LU,FR,763.0,1174.0,-797.0,0,0,0
2026-03-02T03:00:00Z,DE-LU,NL,366.0,814.0,343.0,0,0,0
2026-03-02T03:00:00Z,DE-LU,PL,729.0,1732.0,1193.0,0,0,0
2026-03-02T03:00:00Z,DE-LU,CZ,1048.0,1218.0,-48.0,0,0,0
2026-03-02T03:00:00Z,DE-LU,DK1,2026.0,4268.0,1859.0,0,0,0
2026-03-02T04:00:00Z,DE-LU,AT,627.0,1796.0,-44.0,8.71,19.0,0
2026-03-02T04:00:00Z,DE-LU,FR,2096.0,2524.0,1547.0,0,0,0
2026-03-02T04:00:00Z,DE-LU,NL,739.0,1338.0,410.0,0,0,0
2026-03-02T04:00:00Z,DE-LU,PL,631.0,833.0,527.0,0,0,0
2026-03-02T04:00:00Z,DE-LU,CZ,1264.0,2209.0,1039.0,0,0,0
2026-03-02T04:00:00Z,DE-LU,DK1,2298.0,2763.0,-815.0,0,0,0
2026-03-02T05:00:00Z,DE-LU,AT,1694.0,4063.0,-1114.0,0,0,0
2026-03-02T05:00:00Z,DE-LU,FR,983.0,2518.0,1288.0,0,0,0
2026-03-02T05:00:00Z,DE-LU,NL,2785.0,3133.0,519.0,0,0,0
2026-03-02T05:00:00Z,DE-LU,PL,809.0,2277.0,1054.0,1.77,0,0
2026-03-02T05:00:00Z,DE-LU,CZ,487.0,891.0,-448.0,0,0,0
2026-03-02T05:00:00Z,DE-LU,DK1,762.0,1618.0,860.0,0,0,0
2026-03-02T06:00:00Z,DE-LU,AT,1569.0,1815.0,-1048.0,0,0,0
2026-03-02T06:00:00Z,DE-LU,FR,3827.0,4451.0,-1953.0,0,0,0
2026-03-02T06:00:00Z,DE-LU,NL,1825.0,3124.0,-773.0,0,0,0
2026-03-02T06:00:00Z,DE-LU,PL,2235.0,2441.0,1929.0,0,0,0
2026-03-02T06:00:00Z,DE-LU,CZ,899.0,1337.0,601.0,0,0,0
2026-03-02T06:00:00Z,DE-LU,DK1,1939.0,3082.0,-1559.0,0,0,0
2026-03-02T07:00:00Z,DE-LU,AT,3649.0,4496.0,-2829.0,0,0,0
2026-03-02T07:00:00Z,DE-LU,FR,2418.0,3997.0,-1957.0,0,0,0
2026-03-02T07:00:00Z,DE-LU,NL,989.0,1049.0,-122.0,0,0,0
2026-03-02T07:00:00Z,DE-LU,PL,710.0,2312.0,1528.0,4.72,42.0,0
2026-03-02T07:00:00Z,DE-LU,CZ,1018.0,3096.0,-1017.0,0,0,0
2026-03-02T07:00:00Z,DE-LU,DK1,908.0,1584.0,-29.0,0,0,0
2026-03-02T08:00:00Z,DE-LU,AT,1445.0,4370.0,1020.0,0,0,0
2026-03-02T08:00:00Z,DE-LU,FR,1689.0,4253.0,3329.0,3.47,87.0,0
2026-03-02T08:00:00Z,DE-LU,NL,3234.0,4102.0,2233.0,0,0,0
2026-03-02T08:00:00Z,DE-LU,PL,2570.0,3625.0,1717.0,0,0,0
2026-03-02T08:00:00Z,DE-LU,CZ,1197.0,2505.0,-1201.0,0,0,0
2026-03-02T08:00:00Z,DE-LU,DK1,1414.0,1951.0,-1536.0,0,0,0
2026-03-02T09:00:00Z,DE-LU,AT,791.0,858.0,588.0,0,0,0
2026-03-02T09:00:00Z,DE-LU,FR,2951.0,3174.0,-1252.0,0,0,0
2026-03-02T09:00:00Z,DE-LU,NL,1825.0,3960.0,2875.0,0,0,0
2026-03-02T09:00:00Z,DE-LU,PL,869.0,1012.0,-596.0,0,0,0
2026-03-02T09:00:00Z,DE-LU,CZ,1939.0,4440.0,-1154.0,0,0,0
2026-03-02T09:00:00Z,DE-LU,DK1,564.0,1132.0,377.0,0,0,0
2026-03-02T10:00:00Z,DE-LU,AT,671.0,1507.0,1071.0,0,0,0
2026-03-02T10:00:00Z,DE-LU,FR,1354.0,2791.0,1739.0,0,0,0
2026-03-02T10:00:00Z,DE-LU,NL,2609.0,3956.0,-1538.0,0,0,0
2026-03-02T10:00:00Z,DE-LU,PL,1112.0,1256.0,-774.0,0,0,0
2026-03-02T10:00:00Z,DE-LU,CZ,699.0,2292.0,-85.0,1.39,32.0,0
2026-03-02T10:00:00Z,DE-LU,DK1,3667.0,4331.0,1034.0,0,0,0
2026-03-02T11:00:00Z,DE-LU,AT,491.0,1123.0,879.0,0,0,0
2026-03-02T11:00:00Z,DE-LU,FR,607.0,1097.0,2.0,0,0,0
2026-03-02T11:00:00Z,DE-LU,NL,576.0,1577.0,814.0,0,0,0
2026-03-02T11:00:00Z,DE-LU,PL,493.0,861.0,-133.0,0,0,0
2026-03-02T11:00:00Z,DE-LU,CZ,3119.0,4420.0,1677.0,0,0,0
2026-03-02T11:00:00Z,DE-LU,DK1,2252.0,4114.0,512.0,0,0,0
2026-03-02T12:00:00Z,DE-LU,AT,570.0,1293.0,-327.0,0,0,0
2026-03-02T12:00:00Z,DE-LU,FR,3565.0,4053.0,1603.0,0,0,0
2026-03-02T12:00:00Z,DE-LU,NL,2847.0,3904.0,-3042.0,0,0,0
2026-03-02T12:00:00Z,DE-LU,PL,1180.0,3082.0,-999.0,0,0,0
2026-03-02T12:00:00Z,DE-LU,CZ,1578.0,3243.0,-56.0,0,0,0
2026-03-02T12:00:00Z,DE-LU,DK1,2912.0,3718.0,-2167.0,0,0,0
2026-03-02T13:00:00Z,DE-LU,AT,3639.0,4235.0,3036.0,0,0,0
2026-03-02T13:00:00Z,DE-LU,FR,2246.0,2377.0,-1482.0,0,0,0
2026-03-02T13:00:00Z,DE-LU,NL,2352.0,2701.0,-1511.0,0,0,0
2026-03-02T13:00:00Z,DE-LU,PL,1314.0,3618.0,2436.0,0,0,0
2026-03-02T13:00:00Z,DE-LU,CZ,888.0,1242.0,105.0,0,0,0
2026-03-02T13:00:00Z,DE-LU,DK1,502.0,919.0,408.0,0,0,0
2026-03-02T14:00:00Z,DE-LU,AT,2444.0,2610.0,980.0,0,0,0
2026-03-02T14:00:00Z,DE-LU,FR,818.0,1266.0,-431.0,0,0,0
2026-03-02T14:00:00Z,DE-LU,NL,1967.0,4423.0,-1188.0,0,0,0
2026-03-02T14:00:00Z,DE-LU,PL,1139.0,1504.0,1061.0,0,0,0
2026-03-02T14:00:00Z,DE-LU,CZ,2010.0,2197.0,1640.0,0,0,0
2026-03-02T14:00:00Z,DE-LU,DK1,3242.0,3785.0,1734.0,0,0,0
2026-03-02T15:00:00Z,DE-LU,AT,1373.0,4215.0,3177.0,1.66,0,0
2026-03-02T15:00:00Z,DE-LU,FR,1536.0,3224.0,-2388.0,0,0,0
2026-03-02T15:00:00Z,DE-LU,NL,3249.0,4276.0,-3009.0,0,0,0
2026-03-02T15:00:00Z,DE-LU,PL,996.0,1156.0,120.0,0,0,0
2026-03-02T15:00:00Z,DE-LU,CZ,1337.0,1568.0,-1090.0,0,0,0
2026-03-02T15:00:00Z,DE-LU,DK1,2440.0,3116.0,-1643.0,0,0,0
2026-03-02T16:00:00Z,DE-LU,AT,710.0,1250.0,260.0,0,0,0
2026-03-02T16:00:00Z,DE-LU,FR,2522.0,2803.0,144.0,0,0,0
2026-03-02T16:00:00Z,DE-LU,NL,2068.0,2917.0,-723.0,0,0,0
2026-03-02T16:00:00Z,DE-LU,PL,1919.0,3697.0,412.0,0,0,0
2026-03-02T16:00:00Z,DE-LU,CZ,656.0,2155.0,444.0,5.9,0,0
2026-03-02T16:00:00Z,DE-LU,DK1,1914.0,4074.0,2376.0,0,0,0
2026-03-02T17:00:00Z,DE-LU,AT,2788.0,4478.0,3337.0,0,0,0
2026-03-02T17:00:00Z,DE-LU,FR,1179.0,2728.0,512.0,0,0,0
2026-03-02T17:00:00Z,DE-LU,NL,476.0,836.0,144.0,0,0,0
2026-03-02T17:00:00Z,DE-LU,PL,2615.0,3502.0,1197.0,0,0,0
2026-03-02T17:00:00Z,DE-LU,CZ,709.0,834.0,429.0,0,0,0
2026-03-02T17:00:00Z,DE-LU,DK1,1264.0,1671.0,-782.0,0,0,0
2026-03-02T18:00:00Z,DE-LU,AT,985.0,1703.0,274.0,0,0,0
2026-03-02T18:00:00Z,DE-LU,FR,2410.0,4100.0,-1016.0,0,0,0
2026-03-02T18:00:00Z,DE-LU,NL,1018.0,1116.0,-64.0,0,0,0
2026-03-02T18:00:00Z,DE-LU,PL,2117.0,3601.0,338.0,0,0,0
2026-03-02T18:00:00Z,DE-LU,CZ,2105.0,2561.0,115.0,0,0,0
2026-03-02T18:00:00Z,DE-LU,DK1,755.0,940.0,79.0,0,0,46.0
2026-03-02T19:00:00Z,DE-LU,AT,901.0,2591.0,-1225.0,0,0,0
2026-03-02T19:00:00Z,DE-LU,FR,1781.0,2787.0,-343.0,0,0,0
2026-03-02T19:00:00Z,DE-LU,NL,2312.0,2486.0,-624.0,0,0,0
2026-03-02T19:00:00Z,DE-LU,PL,3413.0,4164.0,2661.0,0,0,0
2026-03-02T19:00:00Z,DE-LU,CZ,1784.0,4246.0,148.0,0,0,0
2026-03-02T19:00:00Z,DE-LU,DK1,3934.0,4436.0,2153.0,0,0,0
2026-03-02T20:00:00Z,DE-LU,AT,4161.0,4402.0,-1983.0,0,0,0
2026-03-02T20:00:00Z,DE-LU,FR,1981.0,3436.0,-1230.0,0,0,0
2026-03-02T20:00:00Z,DE-LU,NL,1242.0,3040.0,338.0,0,0,0
2026-03-02T20:00:00Z,DE-LU,PL,645.0,1260.0,331.0,0,0,0
2026-03-02T20:00:00Z,DE-LU,CZ,1966.0,2120.0,-25.0,0,0,0
2026-03-02T20:00:00Z,DE-LU,DK1,707.0,2118.0,-198.0,0,0,0
2026-03-02T21:00:00Z,DE-LU,AT,2239.0,3536.0,672.0,0,0,0
2026-03-02T21:00:00Z,DE-LU,FR,1799.0,3153.0,-418.0,0,0,0
2026-03-02T21:00:00Z,DE-LU,NL,3093.0,3633.0,-2905.0,0,0,0
2026-03-02T21:00:00Z,DE-LU,PL,1824.0,4300.0,-1098.0,0,0,0
2026-03-02T21:00:00Z,DE-LU,CZ,3143.0,4076.0,1430.0,0,0,0
2026-03-02T21:00:00Z,DE-LU,DK1,3516.0,3754.0,1555.0,0,0,0
2026-03-02T22:00:00Z,DE-LU,AT,2938.0,3126.0,-2054.0,0,0,0
2026-03-02T22:00:00Z,DE-LU,FR,945.0,1134.0,-78.0,0,0,0
2026-03-02T22:00:00Z,DE-LU,NL,681.0,1120.0,620.0,0,0,0
2026-03-02T22:00:00Z,DE-LU,PL,3036.0,4339.0,2756.0,0,0,0
2026-03-02T22:00:00Z,DE-LU,CZ,520.0,1438.0,-665.0,0,0,0
2026-03-02T22:00:00Z,DE-LU,DK1,1816.0,2149.0,201.0,0,0,0
2026-03-02T23:00:00Z,DE-LU,AT,507.0,979.0,-591.0,0,0,0
2026-03-02T23:00:00Z,DE-LU,FR,1434.0,2084.0,-1107.0,0,0,0
2026-03-02T23:00:00Z,DE-LU,NL,765.0,1893.0,-814.0,0,0,0
2026-03-02T23:00:00Z,DE-LU,PL,1141.0,1771.0,-158.0,0,0,0
2026-03-02T23:00:00Z,DE-LU,CZ,1226.0,2254.0,1479.0,0,0,0
2026-03-02T23:00:00Z,DE-LU,DK1,3144.0,4215.0,-2471.0,0,0,0
2026-03-03T00:00:00Z,DE-LU,AT,1571.0,4052.0,-615.0,3.15,0,0
2026-03-03T00:00:00Z,DE-LU,FR,1506.0,3485.0,-251.0,0,0,0
2026-03-03T00:00:00Z,DE-LU,NL,3276.0,4084.0,2464.0,0,0,0
2026-03-03T00:00:00Z,DE-LU,PL,2988.0,3739.0,-1420.0,0,0,0
2026-03-03T00:00:00Z,DE-LU,CZ,841.0,1125.0,446.0,0,0,0
2026-03-03T00:00:00Z,DE-LU,DK1,748.0,1914.0,508.0,7.53,80.0,0
2026-03-03T01:00:00Z,DE-LU,AT,472.0,1247.0,343.0,2.85,0,0
2026-03-03T01:00:00Z,DE-LU,FR,1832.0,2250.0,1376.0,0,0,0
2026-03-03T01:00:00Z,DE-LU,NL,2586.0,3152.0,-159.0,0,0,0
2026-03-03T01:00:00Z,DE-LU,PL,1106.0,1509.0,945.0,0,0,0
2026-03-03T01:00:00Z,DE-LU,CZ,2164.0,4126.0,-484.0,0,0,0
2026-03-03T01:00:00Z,DE-LU,DK1,363.0,1049.0,603.0,0,0,0
2026-03-03T02:00:00Z,DE-LU,AT,1288.0,3246.0,439.0,0,0,0
2026-03-03T02:00:00Z,DE-LU,FR,1398.0,3293.0,-948.0,0,0,0
2026-03-03T02:00:00Z,DE-LU,NL,1250.0,2436.0,4.0,0,0,0
2026-03-03T02:00:00Z,DE-LU,PL,1518.0,1625.0,-568.0,0,0,0
2026-03-03T02:00:00Z,DE-LU,CZ,936.0,1194.0,479.0,0,0,0
2026-03-03T02:00:00Z,DE-LU,DK1,2078.0,4144.0,-2276.0,0,0,0
2026-03-03T03:00:00Z,DE-LU,AT,1620.0,3404.0,1173.0,0,0,0
2026-03-03T03:00:00Z,DE-LU,FR,890.0,1906.0,963.0,0,0,0
2026-03-03T03:00:00Z,DE-LU,NL,683.0,1464.0,427.0,0,0,0
2026-03-03T03:00:00Z,DE-LU,PL,1204.0,3904.0,-2901.0,4.56,53.0,0
2026-03-03T03:00:00Z,DE-LU,CZ,2200.0,2324.0,1703.0,0,0,0
2026-03-03T03:00:00Z,DE-LU,DK1,1765.0,2723.0,1957.0,0,0,0
2026-03-03T04:00:00Z,DE-LU,AT,528.0,1103.0,63.0,0,0,0
2026-03-03T04:00:00Z,DE-LU,FR,3524.0,3962.0,-1135.0,0,0,0
2026-03-03T04:00:00Z,DE-LU,NL,813.0,1487.0,-451.0,0,0,0
2026-03-03T04:00:00Z,DE-LU,PL,1506.0,1674.0,674.0,0,0,0
2026-03-03T04:00:00Z,DE-LU,CZ,3212.0,4379.0,-2601.0,0,0,0
2026-03-03T04:00:00Z,DE-LU,DK1,2555.0,3890.0,3066.0,0,0,0
2026-03-03T05:00:00Z,DE-LU,AT,757.0,1229.0,634.0,0,0,0
2026-03-03T05:00:00Z,DE-LU,FR,1967.0,2967.0,-1114.0,0,0,0
2026-03-03T05:00:00Z,DE-LU,NL,935.0,1696.0,-1336.0,0,0,0
2026-03-03T05:00:00Z,DE-LU,PL,1130.0,2296.0,1524.0,0,0,0
2026-03-03T05:00:00Z,DE-LU,CZ,2021.0,2393.0,-986.0,0,0,0
2026-03-03T05:00:00Z,DE-LU,DK1,995.0,2642.0,1834.0,0,0,0
2026-03-03T06:00:00Z,DE-LU,AT,1896.0,3219.0,134.0,0,0,0
2026-03-03T06:00:00Z,DE-LU,FR,3545.0,3852.0,-1200.0,0,0,0
2026-03-03T06:00:00Z,DE-LU,NL,459.0,1242.0,193.0,0.78,12.0,0
2026-03-03T06:00:00Z,DE-LU,PL,1460.0,1668.0,-1220.0,0,0,0
2026-03-03T06:00:00Z,DE-LU,CZ,1250.0,3898.0,2605.0,0,0,0
2026-03-03T06:00:00Z,DE-LU,DK1,2531.0,2678.0,867.0,0,0,0
2026-03-03T07:00:00Z,DE-LU,AT,1127.0,2247.0,966.0,0,0,0
2026-03-03T07:00:00Z,DE-LU,FR,2306.0,2739.0,-342.0,0,0,0
2026-03-03T07:00:00Z,DE-LU,NL,2515.0,2834.0,1520.0,0,0,0
2026-03-03T07:00:00Z,DE-LU,PL,1883.0,3174.0,1404.0,0,0,0
2026-03-03T07:00:00Z,DE-LU,CZ,1056.0,2314.0,328.0,0,0,0
2026-03-03T07:00:00Z,DE-LU,DK1,1327.0,2616.0,417.0,0,0,0
2026-03-03T08:00:00Z,DE-LU,AT,1885.0,2430.0,-608.0,0,0,0
2026-03-03T08:00:00Z,DE-LU,FR,1628.0,4060.0,3089.0,0,0,0
2026-03-03T08:00:00Z,DE-LU,NL,728.0,1788.0,-81.0,0,0,0
2026-03-03T08:00:00Z,DE-LU,PL,1240.0,2399.0,1224.0,0,0,0
2026-03-03T08:00:00Z,DE-LU,CZ,3682.0,3885.0,1951.0,0,0,0
2026-03-03T08:00:00Z,DE-LU,DK1,668.0,1657.0,-106.0,0,0,0
2026-03-03T09:00:00Z,DE-LU,AT,775.0,2501.0,401.0,2.12,75.0,0
2026-03-03T09:00:00Z,DE-LU,FR,1611.0,4013.0,-1392.0,0,0,0
2026-03-03T09:00:00Z,DE-LU,NL,2449.0,4302.0,-1129.0,0,0,0
2026-03-03T09:00:00Z,DE-LU,PL,2574.0,4215.0,1186.0,0,0,0
2026-03-03T09:00:00Z,DE-LU,CZ,732.0,1006.0,629.0,0,0,0
2026-03-03T09:00:00Z,DE-LU,DK1,1431.0,3966.0,815.0,0.77,0,0
2026-03-03T10:00:00Z,DE-LU,AT,3625.0,4295.0,-2053.0,0,0,0
2026-03-03T10:00:00Z,DE-LU,FR,1837.0,2665.0,-1409.0,0,0,0
2026-03-03T10:00:00Z,DE-LU,NL,671.0,1238.0,60.0,0,0,0
2026-03-03T10:00:00Z,DE-LU,PL,889.0,1495.0,67.0,0,0,0
2026-03-03T10:00:00Z,DE-LU,CZ,2480.0,3523.0,-2047.0,0,0,0
2026-03-03T10:00:00Z,DE-LU,DK1,1612.0,1924.0,808.0,0,0,0
2026-03-03T11:00:00Z,DE-LU,AT,1669.0,2247.0,570.0,0,0,0
2026-03-03T11:00:00Z,DE-LU,FR,1865.0,2323.0,1369.0,0,0,44.0
2026-03-03T11:00:00Z,DE-LU,NL,3023.0,3781.0,1290.0,0,0,0
2026-03-03T11:00:00Z,DE-LU,PL,786.0,909.0,-230.0,0,0,0
2026-03-03T11:00:00Z,DE-LU,CZ,1180.0,3647.0,-93.0,1.44,149.0,0
2026-03-03T11:00:00Z,DE-LU,DK1,1300.0,1693.0,-1301.0,0,0,0
2026-03-03T12:00:00Z,DE-LU,AT,1073.0,1339.0,409.0,0,0,0
2026-03-03T12:00:00Z,DE-LU,FR,2915.0,4162.0,995.0,0,0,0
2026-03-03T12:00:00Z,DE-LU,NL,1211.0,3038.0,-1994.0,12.98,9.0,0
2026-03-03T12:00:00Z,DE-LU,PL,799.0,1266.0,-285.0,0,0,0
2026-03-03T12:00:00Z,DE-LU,CZ,2115.0,2243.0,-1449.0,0,0,0
2026-03-03T12:00:00Z,DE-LU,DK1,383.0,1239.0,87.0,8.99,117.0,0
2026-03-03T13:00:00Z,DE-LU,AT,1782.0,4433.0,2048.0,0,0,0
2026-03-03T13:00:00Z,DE-LU,FR,776.0,1564.0,938.0,0,0,0
2026-03-03T13:00:00Z,DE-LU,NL,2751.0,2997.0,1470.0,0,0,0
2026-03-03T13:00:00Z,DE-LU,PL,1808.0,3549.0,328.0,0,0,0
2026-03-03T13:00:00Z,DE-LU,CZ,1469.0,2363.0,519.0,0,0,0
2026-03-03T13:00:00Z,DE-LU,DK1,3168.0,3382.0,-2113.0,0,0,0
2026-03-03T14:00:00Z,DE-LU,AT,1611.0,2921.0,-1194.0,0,0,0
2026-03-03T14:00:00Z,DE-LU,FR,671.0,922.0,-425.0,0,0,0
2026-03-03T14:00:00Z,DE-LU,NL,3357.0,3937.0,-744.0,0,0,0
2026-03-03T14:00:00Z,DE-LU,PL,1645.0,3380.0,29.0,0,0,0
2026-03-03T14:00:00Z,DE-LU,CZ,4058.0,4474.0,3501.0,0,0,0
2026-03-03T14:00:00Z,DE-LU,DK1,1693.0,2214.0,286.0,0,0,0
2026-03-03T15:00:00Z,DE-LU,AT,3024.0,3360.0,-1050.0,0,0,0
2026-03-03T15:00:00Z,DE-LU,FR,2025.0,3997.0,-2078.0,0,0,0
2026-03-03T15:00:00Z,DE-LU,NL,2648.0,3376.0,1116.0,0,0,0
2026-03-03T15:00:00Z,DE-LU,PL,3256.0,3875.0,-1833.0,0,0,0
2026-03-03T15:00:00Z,DE-LU,CZ,959.0,1199.0,301.0,0,0,0
2026-03-03T15:00:00Z,DE-LU,DK1,2014.0,3027.0,-1153.0,0,0,0
2026-03-03T16:00:00Z,DE-LU,AT,1665.0,3554.0,755.0,0,0,0
2026-03-03T16:00:00Z,DE-LU,FR,495.0,832.0,-365.0,0,0,0
2026-03-03T16:00:00Z,DE-LU,NL,1548.0,4311.0,-2330.0,1.73,87.0,0
2026-03-03T16:00:00Z,DE-LU,PL,1117.0,2709.0,1318.0,0,0,21.0
2026-03-03T16:00:00Z,DE-LU,CZ,2343.0,4068.0,887.0,0,0,0
2026-03-03T16:00:00Z,DE-LU,DK1,1095.0,3095.0,-832.0,0,0,0
2026-03-03T17:00:00Z,DE-LU,AT,2214.0,4464.0,-1648.0,0,0,0
2026-03-03T17:00:00Z,DE-LU,FR,1405.0,2412.0,1199.0,0,0,0
2026-03-03T17:00:00Z,DE-LU,NL,1425.0,2281.0,-1235.0,0,0,0
2026-03-03T17:00:00Z,DE-LU,PL,1329.0,1599.0,-393.0,0,0,0
2026-03-03T17:00:00Z,DE-LU,CZ,1649.0,2224.0,834.0,0,0,0
2026-03-03T17:00:00Z,DE-LU,DK1,2150.0,3760.0,929.0,0,0,0
2026-03-03T18:00:00Z,DE-LU,AT,2316.0,2886.0,1653.0,0,0,0
2026-03-03T18:00:00Z,DE-LU,FR,3234.0,3622.0,-2169.0,0,0,0
2026-03-03T18:00:00Z,DE-LU,NL,2432.0,3899.0,-2455.0,0,0,0
2026-03-03T18:00:00Z,DE-LU,PL,335.0,946.0,373.0,0,0,0
2026-03-03T18:00:00Z,DE-LU,CZ,938.0,2754.0,-1349.0,0,0,0
2026-03-03T18:00:00Z,DE-LU,DK1,1559.0,1773.0,-97.0,0,0,0
2026-03-03T19:00:00Z,DE-LU,AT,1990.0,3109.0,-138.0,0,0,0
2026-03-03T19:00:00Z,DE-LU,FR,3582.0,4480.0,3512.0,0,0,0
2026-03-03T19:00:00Z,DE-LU,NL,1052.0,2165.0,1255.0,0,0,0
2026-03-03T19:00:00Z,DE-LU,PL,707.0,899.0,-213.0,0,0,0
2026-03-03T19:00:00Z,DE-LU,CZ,550.0,1576.0,482.0,0.67,0,0
2026-03-03T19:00:00Z,DE-LU,DK1,1246.0,1462.0,-1112.0,0,0,0
2026-03-03T20:00:00Z,DE-LU,AT,1517.0,1846.0,301.0,0,0,0
2026-03-03T20:00:00Z,DE-LU,FR,1809.0,2966.0,-589.0,0,0,0
2026-03-03T20:00:00Z,DE-LU,NL,981.0,1443.0,-1087.0,0,0,0
2026-03-03T20:00:00Z,DE-LU,PL,1968.0,3957.0,-2464.0,0,0,0
2026-03-03T20:00:00Z,DE-LU,CZ,1169.0,1449.0,-1085.0,0,0,0
2026-03-03T20:00:00Z,DE-LU,DK1,2581.0,4033.0,1778.0,0,0,0
2026-03-03T21:00:00Z,DE-LU,AT,2507.0,3411.0,-1340.0,0,0,0
2026-03-03T21:00:00Z,DE-LU,FR,2928.0,3239.0,496.0,0,0,0
2026-03-03T21:00:00Z,DE-LU,NL,3399.0,3840.0,-1632.0,0,0,0
2026-03-03T21:00:00Z,DE-LU,PL,1402.0,4418.0,402.0,6.92,41.0,0
2026-03-03T21:00:00Z,DE-LU,CZ,1572.0,1962.0,-1443.0,0,0,0
2026-03-03T21:00:00Z,DE-LU,DK1,1164.0,1581.0,332.0,0,0,0
2026-03-03T22:00:00Z,DE-LU,AT,1180.0,1734.0,-439.0,0,0,0
2026-03-03T22:00:00Z,DE-LU,FR,872.0,2347.0,1261.0,0,0,0
2026-03-03T22:00:00Z,DE-LU,NL,1397.0,2332.0,1660.0,0,0,0
2026-03-03T22:00:00Z,DE-LU,PL,597.0,1073.0,537.0,0,0,0
2026-03-03T22:00:00Z,DE-LU,CZ,506.0,1152.0,-595.0,0,0,0
2026-03-03T22:00:00Z,DE-LU,DK1,2811.0,3068.0,535.0,0,0,0
2026-03-03T23:00:00Z,DE-LU,AT,318.0,973.0,541.0,0,0,0
2026-03-03T23:00:00Z,DE-LU,FR,1419.0,3686.0,-1989.0,0,0,0
2026-03-03T23:00:00Z,DE-LU,NL,2202.0,3305.0,1844.0,0,0,0
2026-03-03T23:00:00Z,DE-LU,PL,998.0,1959.0,580.0,0,0,0
2026-03-03T23:00:00Z,DE-LU,CZ,1095.0,1248.0,-908.0,0,0,0
2026-03-03T23:00:00Z,DE-LU,DK1,680.0,1524.0,803.0,0,0,0
2026-03-04T00:00:00Z,DE-LU,AT,1109.0,2457.0,193.0,0,0,0
2026-03-04T00:00:00Z,DE-LU,FR,2063.0,2722.0,50.0,0,0,0
2026-03-04T00:00:00Z,DE-LU,NL,335.0,1003.0,-789.0,0,0,0
2026-03-04T00:00:00Z,DE-LU,PL,1914.0,2670.0,-568.0,0,0,0
2026-03-04T00:00:00Z,DE-LU,CZ,1925.0,4482.0,-2218.0,0,0,0
2026-03-04T00:00:00Z,DE-LU,DK1,1188.0,2357.0,1570.0,0,0,0
2026-03-04T01:00:00Z,DE-LU,AT,782.0,1949.0,-690.0,0,0,0
2026-03-04T01:00:00Z,DE-LU,FR,647.0,811.0,-319.0,0,0,0
2026-03-04T01:00:00Z,DE-LU,NL,2261.0,4415.0,-90.0,0,0,0
2026-03-04T01:00:00Z,DE-LU,PL,622.0,1569.0,-123.0,2.01,0,0
2026-03-04T01:00:00Z,DE-LU,CZ,2675.0,4002.0,-1831.0,0,0,0
2026-03-04T01:00:00Z,DE-LU,DK1,1532.0,1841.0,-246.0,0,0,0
2026-03-04T02:00:00Z,DE-LU,AT,3329.0,4285.0,-1713.0,0,0,0
2026-03-04T02:00:00Z,DE-LU,FR,1435.0,4487.0,-1216.0,0,0,0
2026-03-04T02:00:00Z,DE-LU,NL,1058.0,2806.0,-1380.0,1.37,2.0,0
2026-03-04T02:00:00Z,DE-LU,PL,1269.0,1559.0,-284.0,0,0,0
2026-03-04T02:00:00Z,DE-LU,CZ,1192.0,2361.0,-1853.0,0,0,0
2026-03-04T02:00:00Z,DE-LU,DK1,631.0,1366.0,775.0,0,0,0
2026-03-04T03:00:00Z,DE-LU,AT,2485.0,3249.0,-1624.0,0,0,0
2026-03-04T03:00:00Z,DE-LU,FR,1002.0,2156.0,423.0,0,0,0
2026-03-04T03:00:00Z,DE-LU,NL,547.0,1503.0,-780.0,0,0,0
2026-03-04T03:00:00Z,DE-LU,PL,1899.0,2600.0,-978.0,0,0,0
2026-03-04T03:00:00Z,DE-LU,CZ,1626.0,2709.0,-1245.0,0,0,0
2026-03-04T03:00:00Z,DE-LU,DK1,1326.0,1454.0,884.0,0,0,0
2026-03-04T04:00:00Z,DE-LU,AT,864.0,1038.0,-159.0,0,0,0
2026-03-04T04:00:00Z,DE-LU,FR,327.0,999.0,-305.0,0,0,0
2026-03-04T04:00:00Z,DE-LU,NL,2145.0,2667.0,-1278.0,0,0,23.0
2026-03-04T04:00:00Z,DE-LU,PL,742.0,935.0,677.0,0,0,0
2026-03-04T04:00:00Z,DE-LU,CZ,1146.0,2002.0,1120.0,0,0,0
2026-03-04T04:00:00Z,DE-LU,DK1,2072.0,3376.0,-677.0,0,0,0
2026-03-04T05:00:00Z,DE-LU,AT,1009.0,3019.0,-2348.0,4.74,5.0,0
2026-03-04T05:00:00Z,DE-LU,FR,3717.0,4210.0,1092.0,0,0,0
2026-03-04T05:00:00Z,DE-LU,NL,2375.0,3379.0,-2479.0,0,0,0
2026-03-04T05:00:00Z,DE-LU,PL,2690.0,3321.0,-1823.0,0,0,0
2026-03-04T05:00:00Z,DE-LU,CZ,898.0,1322.0,-769.0,0,0,0
2026-03-04T05:00:00Z,DE-LU,DK1,2961.0,3762.0,-1785.0,0,0,0
2026-03-04T06:00:00Z,DE-LU,AT,3559.0,4276.0,-2892.0,0,0,0
2026-03-04T06:00:00Z,DE-LU,FR,1930.0,3186.0,-190.0,0,0,0
2026-03-04T06:00:00Z,DE-LU,NL,816.0,2005.0,539.0,0,0,0
2026-03-04T06:00:00Z,DE-LU,PL,2544.0,3609.0,-123.0,0,0,0
2026-03-04T06:00:00Z,DE-LU,CZ,1040.0,1203.0,92.0,0,0,0
2026-03-04T06:00:00Z,DE-LU,DK1,472.0,1001.0,-754.0,0,0,5.0
2026-03-04T07:00:00Z,DE-LU,AT,2221.0,4297.0,680.0,0,0,0
2026-03-04T07:00:00Z,DE-LU,FR,974.0,1897.0,1030.0,0,0,0
2026-03-04T07:00:00Z,DE-LU,NL,566.0,1703.0,-717.0,1.66,0,0
2026-03-04T07:00:00Z,DE-LU,PL,1365.0,2980.0,-2276.0,0,0,0
2026-03-04T07:00:00Z,DE-LU,CZ,2671.0,4125.0,1785.0,0,0,0
2026-03-04T07:00:00Z,DE-LU,DK1,1425.0,2034.0,954.0,0,0,0
2026-03-04T08:00:00Z,DE-LU,AT,1115.0,1944.0,-1540.0,0,0,0
2026-03-04T08:00:00Z,DE-LU,FR,3134.0,3418.0,1524.0,0,0,0
2026-03-04T08:00:00Z,DE-LU,NL,926.0,1063.0,-810.0,0,0,0
2026-03-04T08:00:00Z,DE-LU,PL,1581.0,1763.0,583.0,0,0,0
2026-03-04T08:00:00Z,DE-LU,CZ,3392.0,3710.0,-2271.0,0,0,0
2026-03-04T08:00:00Z,DE-LU,DK1,1841.0,2187.0,-1367.0,0,0,0
2026-03-04T09:00:00Z,DE-LU,AT,654.0,1392.0,-202.0,0,0,0
2026-03-04T09:00:00Z,DE-LU,FR,2095.0,2988.0,187.0,0,0,0
2026-03-04T09:00:00Z,DE-LU,NL,904.0,1071.0,-216.0,0,0,0
2026-03-04T09:00:00Z,DE-LU,PL,1749.0,3435.0,2475.0,0,0,0
2026-03-04T09:00:00Z,DE-LU,CZ,878.0,1107.0,797.0,0,0,0
2026-03-04T09:00:00Z,DE-LU,DK1,1395.0,3060.0,762.0,0,0,0
2026-03-04T10:00:00Z,DE-LU,AT,1638.0,1773.0,765.0,0,0,0
2026-03-04T10:00:00Z,DE-LU,FR,3189.0,3859.0,-1213.0,0,0,0
2026-03-04T10:00:00Z,DE-LU,NL,1461.0,2543.0,-205.0,0,0,0
2026-03-04T10:00:00Z,DE-LU,PL,360.0,973.0,329.0,2.72,0,0
2026-03-04T10:00:00Z,DE-LU,CZ,786.0,1433.0,-379.0,0,0,0
2026-03-04T10:00:00Z,DE-LU,DK1,1159.0,2953.0,1806.0,0,0,0
2026-03-04T11:00:00Z,DE-LU,AT,1295.0,1762.0,-872.0,0,0,0
2026-03-04T11:00:00Z,DE-LU,FR,3936.0,4465.0,886.0,0,0,0
2026-03-04T11:00:00Z,DE-LU,NL,2047.0,2756.0,-1014.0,0,0,0
2026-03-04T11:00:00Z,DE-LU,PL,2080.0,2722.0,1508.0,0,0,0
2026-03-04T11:00:00Z,DE-LU,CZ,835.0,2570.0,1155.0,5.71,118.0,0
2026-03-04T11:00:00Z,DE-LU,DK1,1902.0,3504.0,-1289.0,0,0,0
2026-03-04T12:00:00Z,DE-LU,AT,893.0,1389.0,-894.0,0,0,0
2026-03-04T12:00:00Z,DE-LU,FR,1453.0,1572.0,317.0,0,0,0
2026-03-04T12:00:00Z,DE-LU,NL,838.0,885.0,575.0,0,0,0
2026-03-04T12:00:00Z,DE-LU,PL,1000.0,1251.0,896.0,0,0,0
2026-03-04T12:00:00Z,DE-LU,CZ,1588.0,1921.0,-1074.0,0,0,0
2026-03-04T12:00:00Z,DE-LU,DK1,1041.0,1241.0,959.0,0,0,0
2026-03-04T13:00:00Z,DE-LU,AT,1232.0,1590.0,22.0,0,0,0
2026-03-04T13:00:00Z,DE-LU,FR,1884.0,2902.0,616.0,0,0,0
2026-03-04T13:00:00Z,DE-LU,NL,3165.0,3921.0,291.0,0,0,0
2026-03-04T13:00:00Z,DE-LU,PL,695.0,1605.0,491.0,0,0,0
2026-03-04T13:00:00Z,DE-LU,CZ,525.0,1195.0,-510.0,0,0,0
2026-03-04T13:00:00Z,DE-LU,DK1,1273.0,2492.0,431.0,0,0,0
2026-03-04T14:00:00Z,DE-LU,AT,1259.0,3599.0,95.0,1.27,0,0
2026-03-04T14:00:00Z,DE-LU,FR,2079.0,2903.0,-2236.0,0,0,0
2026-03-04T14:00:00Z,DE-LU,NL,1054.0,1708.0,-1026.0,0,0,0
2026-03-04T14:00:00Z,DE-LU,PL,1354.0,2452.0,1625.0,0,0,0
2026-03-04T14:00:00Z,DE-LU,CZ,3296.0,4311.0,312.0,0,0,0
2026-03-04T14:00:00Z,DE-LU,DK1,1971.0,4390.0,2737.0,0,0,0
2026-03-04T15:00:00Z,DE-LU,AT,1340.0,2176.0,-1308.0,0,0,0
2026-03-04T15:00:00Z,DE-LU,FR,830.0,985.0,727.0,0,0,0
2026-03-04T15:00:00Z,DE-LU,NL,1745.0,2264.0,256.0,0,0,0
2026-03-04T15:00:00Z,DE-LU,PL,2002.0,3594.0,237.0,0,0,0
2026-03-04T15:00:00Z,DE-LU,CZ,2273.0,4318.0,2209.0,0,0,0
2026-03-04T15:00:00Z,DE-LU,DK1,1165.0,1809.0,478.0,0,0,0
2026-03-04T16:00:00Z,DE-LU,AT,2857.0,4156.0,151.0,0,0,0
2026-03-04T16:00:00Z,DE-LU,FR,1416.0,2521.0,726.0,0,0,0
2026-03-04T16:00:00Z,DE-LU,NL,1944.0,3828.0,1245.0,0,0,0
2026-03-04T16:00:00Z,DE-LU,PL,834.0,1822.0,-68.0,0,0,0
2026-03-04T16:00:00Z,DE-LU,CZ,2154.0,3747.0,-2730.0,0,0,0
2026-03-04T16:00:00Z,DE-LU,DK1,1021.0,1887.0,704.0,0,0,0
2026-03-04T17:00:00Z,DE-LU,AT,2454.0,3191.0,-1969.0,0,0,2.0
2026-03-04T17:00:00Z,DE-LU,FR,1925.0,2090.0,-769.0,0,0,0
2026-03-04T17:00:00Z,DE-LU,NL,2035.0,2977.0,-273.0,0,0,0
2026-03-04T17:00:00Z,DE-LU,PL,1218.0,2430.0,9.0,0,0,0
2026-03-04T17:00:00Z,DE-LU,CZ,865.0,1755.0,-257.0,0,0,0
2026-03-04T17:00:00Z,DE-LU,DK1,624.0,1713.0,-304.0,0,0,0
2026-03-04T18:00:00Z,DE-LU,AT,1253.0,2090.0,678.0,0,0,0
2026-03-04T18:00:00Z,DE-LU,FR,2094.0,2300.0,-1822.0,0,0,0
2026-03-04T18:00:00Z,DE-LU,NL,1170.0,1551.0,531.0,0,0,0
2026-03-04T18:00:00Z,DE-LU,PL,1051.0,1444.0,-97.0,0,0,0
2026-03-04T18:00:00Z,DE-LU,CZ,408.0,1214.0,-244.0,0.32,0,0
2026-03-04T18:00:00Z,DE-LU,DK1,1049.0,3241.0,1575.0,0,0,0
2026-03-04T19:00:00Z,DE-LU,AT,3377.0,4236.0,119.0,0,0,0
2026-03-04T19:00:00Z,DE-LU,FR,2884.0,4117.0,-129.0,0,0,0
2026-03-04T19:00:00Z,DE-LU,NL,1398.0,3333.0,-2112.0,0,0,0
2026-03-04T19:00:00Z,DE-LU,PL,2697.0,3237.0,-106.0,0,0,0
2026-03-04T19:00:00Z,DE-LU,CZ,2771.0,3271.0,851.0,0,0,0
2026-03-04T19:00:00Z,DE-LU,DK1,1789.0,2949.0,-1086.0,0,0,0
2026-03-04T20:00:00Z,DE-LU,AT,2174.0,4445.0,-211.0,0,0,0
2026-03-04T20:00:00Z,DE-LU,FR,375.0,1042.0,438.0,0,0,0
2026-03-04T20:00:00Z,DE-LU,NL,367.0,851.0,-631.0,0,0,0
2026-03-04T20:00:00Z,DE-LU,PL,690.0,896.0,-50.0,0,0,0
2026-03-04T20:00:00Z,DE-LU,CZ,1968.0,3393.0,-685.0,0,0,0
2026-03-04T20:00:00Z,DE-LU,DK1,2278.0,4052.0,3114.0,0,0,0
2026-03-04T21:00:00Z,DE-LU,AT,2488.0,3377.0,1576.0,0,0,0
2026-03-04T21:00:00Z,DE-LU,FR,1628.0,2968.0,-896.0,0,0,0
2026-03-04T21:00:00Z,DE-LU,NL,1326.0,2256.0,-1409.0,0,0,17.0
2026-03-04T21:00:00Z,DE-LU,PL,3115.0,4474.0,706.0,0,0,0
2026-03-04T21:00:00Z,DE-LU,CZ,1314.0,2395.0,-1273.0,0,0,0
2026-03-04T21:00:00Z,DE-LU,DK1,2258.0,4383.0,1425.0,0,0,0
2026-03-04T22:00:00Z,DE-LU,AT,1211.0,2964.0,95.0,0,0,0
2026-03-04T22:00:00Z,DE-LU,FR,1405.0,3051.0,2192.0,0,0,0
2026-03-04T22:00:00Z,DE-LU,NL,1071.0,1668.0,-800.0,0,0,0
2026-03-04T22:00:00Z,DE-LU,PL,724.0,1032.0,-222.0,0,0,0
2026-03-04T22:00:00Z,DE-LU,CZ,2637.0,4064.0,2238.0,0,0,0
2026-03-04T22:00:00Z,DE-LU,DK1,743.0,2125.0,-1440.0,0.3,20.0,0
2026-03-04T23:00:00Z,DE-LU,AT,2068.0,4401.0,-522.0,0,0,0
2026-03-04T23:00:00Z,DE-LU,FR,365.0,987.0,-532.0,6.44,0,0
2026-03-04T23:00:00Z,DE-LU,NL,1816.0,2607.0,712.0,0,0,0
2026-03-04T23:00:00Z,DE-LU,PL,636.0,2050.0,80.0,7.2,0,0
2026-03-04T23:00:00Z,DE-LU,CZ,2411.0,2541.0,-338.0,0,0,0
2026-03-04T23:00:00Z,DE-LU,DK1,2916.0,3225.0,2177.0,0,0,0
2026-03-05T00:00:00Z,DE-LU,AT,727.0,888.0,154.0,0,0,0
2026-03-05T00:00:00Z,DE-LU,FR,2222.0,3173.0,-2082.0,0,0,0
2026-03-05T00:00:00Z,DE-LU,NL,1382.0,2406.0,-731.0,0,0,0
2026-03-05T00:00:00Z,DE-LU,PL,2615.0,3000.0,2194.0,0,0,0
2026-03-05T00:00:00Z,DE-LU,CZ,1848.0,3298.0,1919.0,0,0,0
2026-03-05T00:00:00Z,DE-LU,DK1,1723.0,1992.0,-1328.0,0,0,0
2026-03-05T01:00:00Z,DE-LU,AT,536.0,841.0,563.0,0,0,0
2026-03-05T01:00:00Z,DE-LU,FR,696.0,844.0,-401.0,0,0,0
2026-03-05T01:00:00Z,DE-LU,NL,916.0,2150.0,1326.0,0,0,0
2026-03-05T01:00:00Z,DE-LU,PL,1127.0,3488.0,2068.0,0,0,0
2026-03-05T01:00:00Z,DE-LU,CZ,1446.0,2471.0,-331.0,0,0,0
2026-03-05T01:00:00Z,DE-LU,DK1,1500.0,3459.0,-216.0,0,0,0
2026-03-05T02:00:00Z,DE-LU,AT,803.0,1319.0,-14.0,0,0,0
2026-03-05T02:00:00Z,DE-LU,FR,2261.0,3147.0,-2197.0,0,0,0
2026-03-05T02:00:00Z,DE-LU,NL,1712.0,2140.0,-683.0,0,0,0
2026-03-05T02:00:00Z,DE-LU,PL,2770.0,3585.0,1553.0,0,0,0
2026-03-05T02:00:00Z,DE-LU,CZ,2273.0,3987.0,-3018.0,0,0,0
2026-03-05T02:00:00Z,DE-LU,DK1,3772.0,4445.0,-810.0,0,0,0
2026-03-05T03:00:00Z,DE-LU,AT,3033.0,4067.0,-1433.0,0,0,0
2026-03-05T03:00:00Z,DE-LU,FR,2207.0,4358.0,2178.0,0,0,0
2026-03-05T03:00:00Z,DE-LU,NL,2677.0,4405.0,1564.0,0,0,0
2026-03-05T03:00:00Z,DE-LU,PL,1016.0,1547.0,-482.0,0,0,0
2026-03-05T03:00:00Z,DE-LU,CZ,1340.0,2749.0,-2119.0,0,0,17.0
2026-03-05T03:00:00Z,DE-LU,DK1,1542.0,3517.0,113.0,0,0,20.0
2026-03-05T04:00:00Z,DE-LU,AT,889.0,1189.0,798.0,0,0,0
2026-03-05T04:00:00Z,DE-LU,FR,1305.0,1407.0,171.0,0,0,0
2026-03-05T04:00:00Z,DE-LU,NL,2166.0,4293.0,3362.0,0,0,0
2026-03-05T04:00:00Z,DE-LU,PL,3522.0,3895.0,357.0,0,0,0
2026-03-05T04:00:00Z,DE-LU,CZ,4044.0,4474.0,-156.0,0,0,0
2026-03-05T04:00:00Z,DE-LU,DK1,2303.0,2671.0,394.0,0,0,0
2026-03-05T05:00:00Z,DE-LU,AT,814.0,1505.0,-743.0,0,0,0
2026-03-05T05:00:00Z,DE-LU,FR,2199.0,3982.0,1964.0,0,0,0
2026-03-05T05:00:00Z,DE-LU,NL,985.0,1144.0,728.0,0,0,0
2026-03-05T05:00:00Z,DE-LU,PL,3691.0,4018.0,1749.0,0,0,0
2026-03-05T05:00:00Z,DE-LU,CZ,1885.0,2093.0,-3.0,0,0,0
2026-03-05T05:00:00Z,DE-LU,DK1,2187.0,4109.0,-2598.0,0,0,0
2026-03-05T06:00:00Z,DE-LU,AT,2490.0,3064.0,942.0,0,0,0
2026-03-05T06:00:00Z,DE-LU,FR,1715.0,2677.0,-1663.0,0,0,0
2026-03-05T06:00:00Z,DE-LU,NL,2326.0,2941.0,-1595.0,0,0,0
2026-03-05T06:00:00Z,DE-LU,PL,944.0,1157.0,-902.0,0,0,0
2026-03-05T06:00:00Z,DE-LU,CZ,1248.0,2650.0,-755.0,0,0,0
2026-03-05T06:00:00Z,DE-LU,DK1,979.0,2030.0,189.0,0,0,0
2026-03-05T07:00:00Z,DE-LU,AT,1024.0,1562.0,-967.0,0,0,0
2026-03-05T07:00:00Z,DE-LU,FR,1781.0,3224.0,2280.0,0,0,0
2026-03-05T07:00:00Z,DE-LU,NL,786.0,1717.0,-1233.0,0,0,0
2026-03-05T07:00:00Z,DE-LU,PL,1331.0,2166.0,-389.0,0,0,0
2026-03-05T07:00:00Z,DE-LU,CZ,1361.0,2689.0,-1326.0,0,0,0
2026-03-05T07:00:00Z,DE-LU,DK1,817.0,1182.0,544.0,0,0,0
2026-03-05T08:00:00Z,DE-LU,AT,946.0,1044.0,-80.0,0,0,0
2026-03-05T08:00:00Z,DE-LU,FR,2867.0,3466.0,-2671.0,0,0,0
2026-03-05T08:00:00Z,DE-LU,NL,1976.0,3137.0,-2051.0,0,0,0
2026-03-05T08:00:00Z,DE-LU,PL,1971.0,3294.0,523.0,0,0,0
2026-03-05T08:00:00Z,DE-LU,CZ,769.0,1412.0,-562.0,0,0,0
2026-03-05T08:00:00Z,DE-LU,DK1,3576.0,4418.0,1732.0,0,0,0
2026-03-05T09:00:00Z,DE-LU,AT,2926.0,3194.0,2195.0,0,0,0
2026-03-05T09:00:00Z,DE-LU,FR,2989.0,3649.0,2802.0,0,0,0
2026-03-05T09:00:00Z,DE-LU,NL,2659.0,2877.0,-1936.0,0,0,0
2026-03-05T09:00:00Z,DE-LU,PL,2149.0,2743.0,-814.0,0,0,0
2026-03-05T09:00:00Z,DE-LU,CZ,848.0,1583.0,-120.0,0,0,0
2026-03-05T09:00:00Z,DE-LU,DK1,2094.0,3107.0,2356.0,0,0,0
2026-03-05T10:00:00Z,DE-LU,AT,1977.0,3334.0,1369.0,0,0,0
2026-03-05T10:00:00Z,DE-LU,FR,3494.0,4233.0,2968.0,0,0,0
2026-03-05T10:00:00Z,DE-LU,NL,2858.0,3883.0,2265.0,0,0,0
2026-03-05T10:00:00Z,DE-LU,PL,1098.0,2083.0,260.0,0,0,0
2026-03-05T10:00:00Z,DE-LU,CZ,2723.0,3831.0,1668.0,0,0,0
2026-03-05T10:00:00Z,DE-LU,DK1,2795.0,3707.0,-223.0,0,0,0
2026-03-05T11:00:00Z,DE-LU,AT,3472.0,3914.0,-1885.0,0,0,40.0
2026-03-05T11:00:00Z,DE-LU,FR,828.0,2666.0,-93.0,0,0,0
2026-03-05T11:00:00Z,DE-LU,NL,1491.0,4032.0,-1796.0,4.43,0,0
2026-03-05T11:00:00Z,DE-LU,PL,1087.0,3037.0,930.0,3.1,0,0
2026-03-05T11:00:00Z,DE-LU,CZ,2615.0,3872.0,2402.0,0,0,0
2026-03-05T11:00:00Z,DE-LU,DK1,2516.0,3860.0,-2356.0,0,0,0
2026-03-05T12:00:00Z,DE-LU,AT,1533.0,1976.0,737.0,0,0,0
2026-03-05T12:00:00Z,DE-LU,FR,1740.0,3090.0,-1240.0,0,0,0
2026-03-05T12:00:00Z,DE-LU,NL,776.0,1303.0,-81.0,0,0,9.0
2026-03-05T12:00:00Z,DE-LU,PL,1422.0,1525.0,97.0,0,0,0
2026-03-05T12:00:00Z,DE-LU,CZ,2050.0,4398.0,-1103.0,0,0,0
2026-03-05T12:00:00Z,DE-LU,DK1,2900.0,4073.0,-651.0,0,0,0
2026-03-05T13:00:00Z,DE-LU,AT,971.0,1318.0,-940.0,0,0,0
2026-03-05T13:00:00Z,DE-LU,FR,3193.0,3431.0,-1078.0,0,0,0
2026-03-05T13:00:00Z,DE-LU,NL,2449.0,3835.0,159.0,0,0,0
2026-03-05T13:00:00Z,DE-LU,PL,1928.0,2477.0,971.0,0,0,0
2026-03-05T13:00:00Z,DE-LU,CZ,1189.0,2506.0,1769.0,0,0,0
2026-03-05T13:00:00Z,DE-LU,DK1,1403.0,1799.0,1422.0,0,0,0
2026-03-05T14:00:00Z,DE-LU,AT,1179.0,2453.0,-912.0,0,0,0
2026-03-05T14:00:00Z,DE-LU,FR,2512.0,4446.0,-2698.0,0,0,0
2026-03-05T14:00:00Z,DE-LU,NL,2353.0,4499.0,1060.0,0,0,0
2026-03-05T14:00:00Z,DE-LU,PL,1242.0,3169.0,1681.0,0,0,0
2026-03-05T14:00:00Z,DE-LU,CZ,1521.0,4100.0,-1363.0,0,0,0
2026-03-05T14:00:00Z,DE-LU,DK1,1436.0,1668.0,1090.0,0,0,0
2026-03-05T15:00:00Z,DE-LU,AT,2029.0,4258.0,-2013.0,0,0,0
2026-03-05T15:00:00Z,DE-LU,FR,776.0,860.0,478.0,0,0,0
2026-03-05T15:00:00Z,DE-LU,NL,2400.0,3691.0,-966.0,0,0,0
2026-03-05T15:00:00Z,DE-LU,PL,1436.0,3685.0,-517.0,0,0,0
2026-03-05T15:00:00Z,DE-LU,CZ,2450.0,2787.0,-1787.0,0,0,0
2026-03-05T15:00:00Z,DE-LU,DK1,1802.0,3862.0,297.0,0,0,0
2026-03-05T16:00:00Z,DE-LU,AT,1319.0,2055.0,239.0,0,0,0
2026-03-05T16:00:00Z,DE-LU,FR,2326.0,3885.0,1882.0,0,0,0
2026-03-05T16:00:00Z,DE-LU,NL,563.0,1007.0,296.0,0,0,0
2026-03-05T16:00:00Z,DE-LU,PL,2327.0,3855.0,2686.0,0,0,0
2026-03-05T16:00:00Z,DE-LU,CZ,1652.0,2660.0,-560.0,0,0,0
2026-03-05T16:00:00Z,DE-LU,DK1,776.0,969.0,337.0,0,0,0
2026-03-05T17:00:00Z,DE-LU,AT,1967.0,3096.0,2471.0,0,0,0
2026-03-05T17:00:00Z,DE-LU,FR,2117.0,3474.0,-60.0,0,0,0
2026-03-05T17:00:00Z,DE-LU,NL,2263.0,3561.0,126.0,0,0,0
2026-03-05T17:00:00Z,DE-LU,PL,1184.0,2632.0,1108.0,0,0,0
2026-03-05T17:00:00Z,DE-LU,CZ,2253.0,4099.0,3.0,0,0,0
2026-03-05T17:00:00Z,DE-LU,DK1,658.0,867.0,446.0,0,0,0
2026-03-05T18:00:00Z,DE-LU,AT,1303.0,1499.0,2.0,0,0,0
2026-03-05T18:00:00Z,DE-LU,FR,3790.0,4380.0,-1592.0,0,0,0
2026-03-05T18:00:00Z,DE-LU,NL,2216.0,4234.0,2367.0,0,0,0
2026-03-05T18:00:00Z,DE-LU,PL,1339.0,2271.0,-619.0,0,0,0
2026-03-05T18:00:00Z,DE-LU,CZ,1971.0,2545.0,-1369.0,0,0,0
2026-03-05T18:00:00Z,DE-LU,DK1,2825.0,4366.0,548.0,0,0,0
2026-03-05T19:00:00Z,DE-LU,AT,1212.0,3095.0,-2385.0,0,0,0
2026-03-05T19:00:00Z,DE-LU,FR,1121.0,3341.0,-1290.0,0,0,0
2026-03-05T19:00:00Z,DE-LU,NL,833.0,1253.0,-44.0,0,0,0
2026-03-05T19:00:00Z,DE-LU,PL,325.0,837.0,324.0,1.35,28.0,0
2026-03-05T19:00:00Z,DE-LU,CZ,821.0,2304.0,-134.0,5.46,24.0,0
2026-03-05T19:00:00Z,DE-LU,DK1,1370.0,3043.0,-2298.0,0,0,0
2026-03-05T20:00:00Z,DE-LU,AT,1515.0,4466.0,-89.0,4.34,0,0
2026-03-05T20:00:00Z,DE-LU,FR,3118.0,3721.0,741.0,0,0,0
2026-03-05T20:00:00Z,DE-LU,NL,1302.0,1557.0,387.0,0,0,0
2026-03-05T20:00:00Z,DE-LU,PL,1801.0,3680.0,-2707.0,0,0,0
2026-03-05T20:00:00Z,DE-LU,CZ,855.0,1513.0,102.0,0,0,0
2026-03-05T20:00:00Z,DE-LU,DK1,2148.0,3493.0,-2542.0,0,0,0
2026-03-05T21:00:00Z,DE-LU,AT,2138.0,3736.0,1018.0,0,0,0
2026-03-05T21:00:00Z,DE-LU,FR,3080.0,3924.0,375.0,0,0,0
2026-03-05T21:00:00Z,DE-LU,NL,1275.0,1357.0,-446.0,0,0,0
2026-03-05T21:00:00Z,DE-LU,PL,1029.0,3164.0,-1179.0,0,0,0
2026-03-05T21:00:00Z,DE-LU,CZ,1217.0,1586.0,-482.0,0,0,0
2026-03-05T21:00:00Z,DE-LU,DK1,1093.0,2650.0,-1855.0,0,0,0
2026-03-05T22:00:00Z,DE-LU,AT,4069.0,4375.0,2687.0,0,0,0
2026-03-05T22:00:00Z,DE-LU,FR,798.0,1317.0,-125.0,0,0,0
2026-03-05T22:00:00Z,DE-LU,NL,1930.0,4375.0,-65.0,0,0,0
2026-03-05T22:00:00Z,DE-LU,PL,605.0,1413.0,944.0,0,0,0
2026-03-05T22:00:00Z,DE-LU,CZ,2126.0,3417.0,-362.0,0,0,0
2026-03-05T22:00:00Z,DE-LU,DK1,856.0,2624.0,195.0,5.79,0,0
2026-03-05T23:00:00Z,DE-LU,AT,2371.0,3165.0,914.0,0,0,0
2026-03-05T23:00:00Z,DE-LU,FR,2770.0,4432.0,2721.0,0,0,0
2026-03-05T23:00:00Z,DE-LU,NL,2723.0,3413.0,-1796.0,0,0,0
2026-03-05T23:00:00Z,DE-LU,PL,2125.0,2450.0,-67.0,0,0,0
2026-03-05T23:00:00Z,DE-LU,CZ,3261.0,3927.0,2775.0,0,0,0
2026-03-05T23:00:00Z,DE-LU,DK1,954.0,1958.0,473.0,0,0,0
2026-03-06T00:00:00Z,DE-LU,AT,1482.0,2907.0,1976.0,0,0,0
2026-03-06T00:00:00Z,DE-LU,FR,1069.0,2658.0,-1476.0,0,0,0
2026-03-06T00:00:00Z,DE-LU,NL,2268.0,2926.0,2002.0,0,0,0
2026-03-06T00:00:00Z,DE-LU,PL,1939.0,4282.0,-2071.0,0,0,0
2026-03-06T00:00:00Z,DE-LU,CZ,1660.0,1805.0,-49.0,0,0,0
2026-03-06T00:00:00Z,DE-LU,DK1,491.0,1266.0,864.0,0.87,2.0,0
2026-03-06T01:00:00Z,DE-LU,AT,3048.0,3898.0,552.0,0,0,0
2026-03-06T01:00:00Z,DE-LU,FR,2088.0,3113.0,-1231.0,0,0,0
2026-03-06T01:00:00Z,DE-LU,NL,1499.0,1585.0,612.0,0,0,0
2026-03-06T01:00:00Z,DE-LU,PL,3293.0,3846.0,-1376.0,0,0,0
2026-03-06T01:00:00Z,DE-LU,CZ,1281.0,1509.0,480.0,0,0,0
2026-03-06T01:00:00Z,DE-LU,DK1,2780.0,3271.0,430.0,0,0,0
2026-03-06T02:00:00Z,DE-LU,AT,419.0,917.0,-64.0,0,0,0
2026-03-06T02:00:00Z,DE-LU,FR,2117.0,2302.0,-1632.0,0,0,0
2026-03-06T02:00:00Z,DE-LU,NL,1702.0,1865.0,151.0,0,0,0
2026-03-06T02:00:00Z,DE-LU,PL,984.0,1393.0,-499.0,0,0,0
2026-03-06T02:00:00Z,DE-LU,CZ,3289.0,3942.0,331.0,0,0,0
2026-03-06T02:00:00Z,DE-LU,DK1,521.0,1008.0,245.0,0,0,0
2026-03-06T03:00:00Z,DE-LU,AT,2069.0,2221.0,671.0,0,0,0
2026-03-06T03:00:00Z,DE-LU,FR,1242.0,1795.0,1265.0,0,0,0
2026-03-06T03:00:00Z,DE-LU,NL,1224.0,2776.0,998.0,0,0,0
2026-03-06T03:00:00Z,DE-LU,PL,999.0,3203.0,2119.0,1.35,0,0
2026-03-06T03:00:00Z,DE-LU,CZ,1767.0,1864.0,275.0,0,0,0
2026-03-06T03:00:00Z,DE-LU,DK1,1671.0,4254.0,-1717.0,0,0,0
2026-03-06T04:00:00Z,DE-LU,AT,1012.0,2056.0,-567.0,0,0,0
2026-03-06T04:00:00Z,DE-LU,FR,2224.0,3467.0,-2293.0,0,0,0
2026-03-06T04:00:00Z,DE-LU,NL,2446.0,3435.0,-1347.0,0,0,0
2026-03-06T04:00:00Z,DE-LU,PL,2017.0,2806.0,-591.0,0,0,0
2026-03-06T04:00:00Z,DE-LU,CZ,1788.0,2295.0,238.0,0,0,0
2026-03-06T04:00:00Z,DE-LU,DK1,2836.0,3516.0,452.0,0,0,0
2026-03-06T05:00:00Z,DE-LU,AT,1008.0,1067.0,518.0,0,0,0
2026-03-06T05:00:00Z,DE-LU,FR,825.0,1940.0,230.0,0,0,0
2026-03-06T05:00:00Z,DE-LU,NL,1890.0,3373.0,1021.0,0,0,0
2026-03-06T05:00:00Z,DE-LU,PL,1201.0,2439.0,-1016.0,0,0,0
2026-03-06T05:00:00Z,DE-LU,CZ,1480.0,4328.0,-839.0,1.85,40.0,0
2026-03-06T05:00:00Z,DE-LU,DK1,2784.0,3760.0,-1053.0,0,0,0
2026-03-06T06:00:00Z,DE-LU,AT,805.0,2573.0,-403.0,3.51,0,0
2026-03-06T06:00:00Z,DE-LU,FR,806.0,1256.0,-224.0,0,0,0
2026-03-06T06:00:00Z,DE-LU,NL,1233.0,3286.0,90.0,0,0,0
2026-03-06T06:00:00Z,DE-LU,PL,2845.0,3399.0,1047.0,0,0,0
2026-03-06T06:00:00Z,DE-LU,CZ,1759.0,4088.0,2619.0,0,0,0
2026-03-06T06:00:00Z,DE-LU,DK1,807.0,924.0,-287.0,0,0,0
2026-03-06T07:00:00Z,DE-LU,AT,1391.0,1694.0,-17.0,0,0,0
2026-03-06T07:00:00Z,DE-LU,FR,1455.0,2535.0,-1736.0,0,0,0
2026-03-06T07:00:00Z,DE-LU,NL,1356.0,1581.0,1213.0,0,0,0
2026-03-06T07:00:00Z,DE-LU,PL,2174.0,3093.0,313.0,0,0,0
2026-03-06T07:00:00Z,DE-LU,CZ,3050.0,3305.0,-203.0,0,0,0
2026-03-06T07:00:00Z,DE-LU,DK1,934.0,2086.0,-202.0,0,0,0
2026-03-06T08:00:00Z,DE-LU,AT,1315.0,2875.0,-528.0,0,0,0
2026-03-06T08:00:00Z,DE-LU,FR,1225.0,2378.0,-1614.0,0,0,0
2026-03-06T08:00:00Z,DE-LU,NL,3379.0,4210.0,-2205.0,0,0,0
2026-03-06T08:00:00Z,DE-LU,PL,2438.0,3874.0,598.0,0,0,29.0
2026-03-06T08:00:00Z,DE-LU,CZ,2517.0,3177.0,-1528.0,0,0,0
2026-03-06T08:00:00Z,DE-LU,DK1,1553.0,4166.0,1247.0,2.03,0,0
2026-03-06T09:00:00Z,DE-LU,AT,1245.0,2529.0,-691.0,0,0,0
2026-03-06T09:00:00Z,DE-LU,FR,830.0,1505.0,603.0,0,0,0
2026-03-06T09:00:00Z,DE-LU,NL,1885.0,2670.0,-1129.0,0,0,0
2026-03-06T09:00:00Z,DE-LU,PL,3843.0,4178.0,553.0,0,0,0
2026-03-06T09:00:00Z,DE-LU,CZ,1045.0,1114.0,820.0,0,0,0
2026-03-06T09:00:00Z,DE-LU,DK1,1794.0,4208.0,-2050.0,0,0,0
2026-03-06T10:00:00Z,DE-LU,AT,2668.0,3060.0,2228.0,0,0,0
2026-03-06T10:00:00Z,DE-LU,FR,2248.0,3088.0,1637.0,0,0,0
2026-03-06T10:00:00Z,DE-LU,NL,3349.0,3900.0,-1788.0,0,0,0
2026-03-06T10:00:00Z,DE-LU,PL,722.0,852.0,411.0,0,0,0
2026-03-06T10:00:00Z,DE-LU,CZ,2375.0,3232.0,-768.0,0,0,0
2026-03-06T10:00:00Z,DE-LU,DK1,2503.0,3449.0,-2402.0,0,0,0
2026-03-06T11:00:00Z,DE-LU,AT,2858.0,3243.0,2000.0,0,0,0
2026-03-06T11:00:00Z,DE-LU,FR,3625.0,3917.0,1346.0,0,0,0
2026-03-06T11:00:00Z,DE-LU,NL,3049.0,4165.0,-1585.0,0,0,0
2026-03-06T11:00:00Z,DE-LU,PL,1624.0,3034.0,358.0,0,0,0
2026-03-06T11:00:00Z,DE-LU,CZ,3557.0,4205.0,-1985.0,0,0,0
2026-03-06T11:00:00Z,DE-LU,DK1,3625.0,4230.0,-3226.0,0,0,0
2026-03-06T12:00:00Z,DE-LU,AT,598.0,985.0,626.0,0,0,0
2026-03-06T12:00:00Z,DE-LU,FR,381.0,821.0,228.0,0,0,0
2026-03-06T12:00:00Z,DE-LU,NL,3422.0,4029.0,2809.0,0,0,0
2026-03-06T12:00:00Z,DE-LU,PL,969.0,2747.0,839.0,0.57,0,0
2026-03-06T12:00:00Z,DE-LU,CZ,1531.0,1976.0,-483.0,0,0,0
2026-03-06T12:00:00Z,DE-LU,DK1,2007.0,3500.0,496.0,0,0,0
2026-03-06T13:00:00Z,DE-LU,AT,2025.0,2730.0,837.0,0,0,0
2026-03-06T13:00:00Z,DE-LU,FR,2586.0,3292.0,1591.0,0,0,0
2026-03-06T13:00:00Z,DE-LU,NL,2002.0,2877.0,-515.0,0,0,0
2026-03-06T13:00:00Z,DE-LU,PL,2611.0,2789.0,385.0,0,0,0
2026-03-06T13:00:00Z,DE-LU,CZ,2752.0,3022.0,1324.0,0,0,1.0
2026-03-06T13:00:00Z,DE-LU,DK1,3513.0,4221.0,1587.0,0,0,0
2026-03-06T14:00:00Z,DE-LU,AT,398.0,966.0,590.0,0,0,0
2026-03-06T14:00:00Z,DE-LU,FR,1316.0,1498.0,-889.0,0,0,0
2026-03-06T14:00:00Z,DE-LU,NL,471.0,849.0,-149.0,0,0,0
2026-03-06T14:00:00Z,DE-LU,PL,2553.0,3675.0,2489.0,0,0,0
2026-03-06T14:00:00Z,DE-LU,CZ,2421.0,3331.0,128.0,0,0,0
2026-03-06T14:00:00Z,DE-LU,DK1,3712.0,4494.0,1502.0,0,0,36.0
2026-03-06T15:00:00Z,DE-LU,AT,499.0,1585.0,586.0,5.71,0,0
2026-03-06T15:00:00Z,DE-LU,FR,2506.0,3431.0,-1884.0,0,0,0
2026-03-06T15:00:00Z,DE-LU,NL,986.0,2411.0,-396.0,0,0,0
2026-03-06T15:00:00Z,DE-LU,PL,1377.0,3383.0,1181.0,0,0,0
2026-03-06T15:00:00Z,DE-LU,CZ,997.0,1771.0,1233.0,0,0,0
2026-03-06T15:00:00Z,DE-LU,DK1,1743.0,3063.0,2113.0,0,0,0
2026-03-06T16:00:00Z,DE-LU,AT,1611.0,1709.0,-1366.0,0,0,0
2026-03-06T16:00:00Z,DE-LU,FR,823.0,930.0,-597.0,0,0,0
2026-03-06T16:00:00Z,DE-LU,NL,1840.0,2329.0,409.0,0,0,0
2026-03-06T16:00:00Z,DE-LU,PL,1019.0,1224.0,522.0,0,0,0
2026-03-06T16:00:00Z,DE-LU,CZ,3102.0,4113.0,-3109.0,0,0,0
2026-03-06T16:00:00Z,DE-LU,DK1,1593.0,2043.0,1184.0,0,0,10.0
2026-03-06T17:00:00Z,DE-LU,AT,1201.0,2186.0,-215.0,0,0,0
2026-03-06T17:00:00Z,DE-LU,FR,1401.0,1518.0,-257.0,0,0,0
2026-03-06T17:00:00Z,DE-LU,NL,2415.0,3972.0,1292.0,0,0,0
2026-03-06T17:00:00Z,DE-LU,PL,670.0,1493.0,-305.0,0,0,0
2026-03-06T17:00:00Z,DE-LU,CZ,2068.0,3385.0,1093.0,0,0,0
2026-03-06T17:00:00Z,DE-LU,DK1,1111.0,3108.0,-631.0,2.65,0,0
2026-03-06T18:00:00Z,DE-LU,AT,3313.0,4257.0,864.0,0,0,0
2026-03-06T18:00:00Z,DE-LU,FR,2329.0,4039.0,1105.0,0,0,0
2026-03-06T18:00:00Z,DE-LU,NL,2563.0,3036.0,1885.0,0,0,0
2026-03-06T18:00:00Z,DE-LU,PL,1402.0,4261.0,-1183.0,0.71,11.0,0
2026-03-06T18:00:00Z,DE-LU,CZ,3018.0,3796.0,-2463.0,0,0,0
2026-03-06T18:00:00Z,DE-LU,DK1,3206.0,3526.0,2462.0,0,0,0
2026-03-06T19:00:00Z,DE-LU,AT,1441.0,1580.0,-646.0,0,0,0
2026-03-06T19:00:00Z,DE-LU,FR,2113.0,4086.0,-900.0,0,0,0
2026-03-06T19:00:00Z,DE-LU,NL,1181.0,1724.0,1289.0,0,0,0
2026-03-06T19:00:00Z,DE-LU,PL,290.0,906.0,334.0,0,0,0
2026-03-06T19:00:00Z,DE-LU,CZ,1753.0,2494.0,-1122.0,0,0,0
2026-03-06T19:00:00Z,DE-LU,DK1,1552.0,1708.0,148.0,0,0,0
2026-03-06T20:00:00Z,DE-LU,AT,919.0,1540.0,-515.0,0,0,0
2026-03-06T20:00:00Z,DE-LU,FR,1177.0,3326.0,-992.0,0,0,0
2026-03-06T20:00:00Z,DE-LU,NL,3076.0,3514.0,2293.0,0,0,0
2026-03-06T20:00:00Z,DE-LU,PL,1169.0,1406.0,330.0,0,0,0
2026-03-06T20:00:00Z,DE-LU,CZ,2175.0,2947.0,-512.0,0,0,0
2026-03-06T20:00:00Z,DE-LU,DK1,1859.0,3505.0,1077.0,0,0,0
2026-03-06T21:00:00Z,DE-LU,AT,1003.0,1179.0,934.0,0,0,0
2026-03-06T21:00:00Z,DE-LU,FR,635.0,1225.0,-40.0,0,0,0
2026-03-06T21:00:00Z,DE-LU,NL,3455.0,3824.0,-2163.0,0,0,0
2026-03-06T21:00:00Z,DE-LU,PL,1445.0,1726.0,1022.0,0,0,0
2026-03-06T21:00:00Z,DE-LU,CZ,1812.0,2334.0,1311.0,0,0,0
2026-03-06T21:00:00Z,DE-LU,DK1,2554.0,3147.0,771.0,0,0,0
2026-03-06T22:00:00Z,DE-LU,AT,2418.0,2923.0,-1856.0,0,0,0
2026-03-06T22:00:00Z,DE-LU,FR,3742.0,4249.0,-2421.0,0,0,0
2026-03-06T22:00:00Z,DE-LU,NL,3798.0,4064.0,831.0,0,0,0
2026-03-06T22:00:00Z,DE-LU,PL,727.0,1621.0,-1256.0,0,0,0
2026-03-06T22:00:00Z,DE-LU,CZ,1264.0,2514.0,1331.0,0,0,0
2026-03-06T22:00:00Z,DE-LU,DK1,3311.0,3991.0,1800.0,0,0,0
2026-03-06T23:00:00Z,DE-LU,AT,1744.0,2986.0,-178.0,0,0,0
2026-03-06T23:00:00Z,DE-LU,FR,2890.0,3913.0,516.0,0,0,0
2026-03-06T23:00:00Z,DE-LU,NL,2831.0,3115.0,-1383.0,0,0,0
2026-03-06T23:00:00Z,DE-LU,PL,1279.0,3466.0,996.0,1.49,0,0
2026-03-06T23:00:00Z,DE-LU,CZ,1178.0,1481.0,-765.0,0,0,0
2026-03-06T23:00:00Z,DE-LU,DK1,1438.0,1877.0,-364.0,0,0,0
2026-03-07T00:00:00Z,DE-LU,AT,3200.0,4231.0,1973.0,0,0,0
2026-03-07T00:00:00Z,DE-LU,FR,804.0,858.0,-444.0,0,0,0
2026-03-07T00:00:00Z,DE-LU,NL,862.0,2062.0,1632.0,0,0,0
2026-03-07T00:00:00Z,DE-LU,PL,2830.0,3580.0,633.0,0,0,0
2026-03-07T00:00:00Z,DE-LU,CZ,553.0,1174.0,414.0,0,0,0
2026-03-07T00:00:00Z,DE-LU,DK1,413.0,1020.0,-316.0,0,0,0
2026-03-07T01:00:00Z,DE-LU,AT,628.0,1577.0,-671.0,4.68,0,0
2026-03-07T01:00:00Z,DE-LU,FR,1891.0,2460.0,-1037.0,0,0,0
2026-03-07T01:00:00Z,DE-LU,NL,3297.0,3532.0,-2591.0,0,0,0
2026-03-07T01:00:00Z,DE-LU,PL,1311.0,3550.0,-2532.0,1.07,34.0,0
2026-03-07T01:00:00Z,DE-LU,CZ,2824.0,3647.0,2231.0,0,0,0
2026-03-07T01:00:00Z,DE-LU,DK1,1311.0,2698.0,1352.0,0,0,0
2026-03-07T02:00:00Z,DE-LU,AT,2498.0,3603.0,-1078.0,0,0,0
2026-03-07T02:00:00Z,DE-LU,FR,488.0,1319.0,88.0,3.49,53.0,0
2026-03-07T02:00:00Z,DE-LU,NL,2223.0,2951.0,-276.0,0,0,0
2026-03-07T02:00:00Z,DE-LU,PL,867.0,2484.0,783.0,0,0,0
2026-03-07T02:00:00Z,DE-LU,CZ,858.0,1424.0,-870.0,0,0,0
2026-03-07T02:00:00Z,DE-LU,DK1,1646.0,4082.0,-2227.0,0,0,0
2026-03-07T03:00:00Z,DE-LU,AT,416.0,1197.0,-512.0,3.24,0,0
2026-03-07T03:00:00Z,DE-LU,FR,472.0,1240.0,516.0,0,0,0
2026-03-07T03:00:00Z,DE-LU,NL,494.0,1380.0,-421.0,0,0,0
2026-03-07T03:00:00Z,DE-LU,PL,3064.0,3572.0,-344.0,0,0,0
2026-03-07T03:00:00Z,DE-LU,CZ,2173.0,3209.0,668.0,0,0,0
2026-03-07T03:00:00Z,DE-LU,DK1,1972.0,2603.0,975.0,0,0,0
2026-03-07T04:00:00Z,DE-LU,AT,2388.0,3228.0,-1767.0,0,0,0
2026-03-07T04:00:00Z,DE-LU,FR,305.0,833.0,374.0,0,0,0
2026-03-07T04:00:00Z,DE-LU,NL,2947.0,4036.0,2916.0,0,0,0
2026-03-07T04:00:00Z,DE-LU,PL,958.0,2926.0,-2157.0,0,0,0
2026-03-07T04:00:00Z,DE-LU,CZ,1444.0,2660.0,588.0,0,0,0
2026-03-07T04:00:00Z,DE-LU,DK1,1428.0,2324.0,-639.0,0,0,0
2026-03-07T05:00:00Z,DE-LU,AT,1291.0,2707.0,649.0,0,0,0
2026-03-07T05:00:00Z,DE-LU,FR,2194.0,3854.0,-1962.0,0,0,0
2026-03-07T05:00:00Z,DE-LU,NL,3312.0,3978.0,-233.0,0,0,0
2026-03-07T05:00:00Z,DE-LU,PL,1003.0,3286.0,1183.0,5.92,0,9.0
2026-03-07T05:00:00Z,DE-LU,CZ,1375.0,1709.0,801.0,0,0,0
2026-03-07T05:00:00Z,DE-LU,DK1,1252.0,1614.0,-964.0,0,0,0
2026-03-07T06:00:00Z,DE-LU,AT,1186.0,1382.0,980.0,0,0,0
2026-03-07T06:00:00Z,DE-LU,FR,688.0,1378.0,-940.0,0,0,0
2026-03-07T06:00:00Z,DE-LU,NL,1347.0,1804.0,-1029.0,0,0,0
2026-03-07T06:00:00Z,DE-LU,PL,2515.0,4224.0,-2022.0,0,0,0
2026-03-07T06:00:00Z,DE-LU,CZ,1149.0,3664.0,349.0,0,0,0
2026-03-07T06:00:00Z,DE-LU,DK1,1441.0,3848.0,-397.0,10.72,0,0
2026-03-07T07:00:00Z,DE-LU,AT,1150.0,3374.0,-1859.0,0,0,0
2026-03-07T07:00:00Z,DE-LU,FR,880.0,1684.0,-745.0,0,0,0
2026-03-07T07:00:00Z,DE-LU,NL,570.0,1840.0,-464.0,4.64,24.0,0
2026-03-07T07:00:00Z,DE-LU,PL,2292.0,2679.0,1108.0,0,0,0
2026-03-07T07:00:00Z,DE-LU,CZ,910.0,1214.0,144.0,0,0,0
2026-03-07T07:00:00Z,DE-LU,DK1,2055.0,2933.0,-1651.0,0,0,0
2026-03-07T08:00:00Z,DE-LU,AT,835.0,1097.0,193.0,0,0,0
2026-03-07T08:00:00Z,DE-LU,FR,3070.0,3804.0,2585.0,0,0,0
2026-03-07T08:00:00Z,DE-LU,NL,1401.0,3873.0,2738.0,0,0,0
2026-03-07T08:00:00Z,DE-LU,PL,2744.0,3579.0,2647.0,0,0,0
2026-03-07T08:00:00Z,DE-LU,CZ,2663.0,3857.0,-2964.0,0,0,0
2026-03-07T08:00:00Z,DE-LU,DK1,691.0,1124.0,146.0,0,0,0
2026-03-07T09:00:00Z,DE-LU,AT,1671.0,2988.0,1268.0,0,0,0
2026-03-07T09:00:00Z,DE-LU,FR,1997.0,2402.0,-1735.0,0,0,0
2026-03-07T09:00:00Z,DE-LU,NL,1555.0,2615.0,1176.0,0,0,0
2026-03-07T09:00:00Z,DE-LU,PL,2318.0,2868.0,805.0,0,0,0
2026-03-07T09:00:00Z,DE-LU,CZ,1945.0,3653.0,-1793.0,0,0,0
2026-03-07T09:00:00Z,DE-LU,DK1,1671.0,3888.0,-1491.0,0,0,0
2026-03-07T10:00:00Z,DE-LU,AT,907.0,2262.0,-2.0,0,0,0
2026-03-07T10:00:00Z,DE-LU,FR,1339.0,2020.0,-945.0,0,0,0
2026-03-07T10:00:00Z,DE-LU,NL,2651.0,3244.0,-2588.0,0,0,0
2026-03-07T10:00:00Z,DE-LU,PL,3429.0,3688.0,2745.0,0,0,0
2026-03-07T10:00:00Z,DE-LU,CZ,3403.0,4208.0,534.0,0,0,0
2026-03-07T10:00:00Z,DE-LU,DK1,2034.0,3420.0,-297.0,0,0,0
2026-03-07T11:00:00Z,DE-LU,AT,2786.0,4384.0,-2566.0,0,0,0
2026-03-07T11:00:00Z,DE-LU,FR,2904.0,4177.0,-1991.0,0,0,0
2026-03-07T11:00:00Z,DE-LU,NL,1259.0,1639.0,-1070.0,0,0,0
2026-03-07T11:00:00Z,DE-LU,PL,2553.0,2763.0,-185.0,0,0,0
2026-03-07T11:00:00Z,DE-LU,CZ,1226.0,1518.0,-1038.0,0,0,0
2026-03-07T11:00:00Z,DE-LU,DK1,799.0,1356.0,591.0,0,0,0
2026-03-07T12:00:00Z,DE-LU,AT,2102.0,3194.0,-1855.0,0,0,0
2026-03-07T12:00:00Z,DE-LU,FR,3221.0,3809.0,-2854.0,0,0,0
2026-03-07T12:00:00Z,DE-LU,NL,1553.0,1656.0,-564.0,0,0,0
2026-03-07T12:00:00Z,DE-LU,PL,1739.0,2134.0,-624.0,0,0,0
2026-03-07T12:00:00Z,DE-LU,CZ,1995.0,2337.0,1688.0,0,0,0
2026-03-07T12:00:00Z,DE-LU,DK1,1904.0,3707.0,392.0,0,0,0
2026-03-07T13:00:00Z,DE-LU,AT,2385.0,3495.0,-2782.0,0,0,0
2026-03-07T13:00:00Z,DE-LU,FR,1428.0,2963.0,1945.0,0,0,0
2026-03-07T13:00:00Z,DE-LU,NL,1575.0,4058.0,-1827.0,0,0,0
2026-03-07T13:00:00Z,DE-LU,PL,978.0,2013.0,-1388.0,0,0,0
2026-03-07T13:00:00Z,DE-LU,CZ,1134.0,3411.0,2241.0,5.48,0,0
2026-03-07T13:00:00Z,DE-LU,DK1,2105.0,2990.0,1019.0,0,0,0
2026-03-07T14:00:00Z,DE-LU,AT,1337.0,1944.0,1376.0,0,0,3.0
2026-03-07T14:00:00Z,DE-LU,FR,3476.0,3719.0,-1721.0,0,0,0
2026-03-07T14:00:00Z,DE-LU,NL,2909.0,4400.0,-780.0,0,0,0
2026-03-07T14:00:00Z,DE-LU,PL,2118.0,3769.0,1129.0,0,0,0
2026-03-07T14:00:00Z,DE-LU,CZ,970.0,2703.0,1835.0,1.68,0,0
2026-03-07T14:00:00Z,DE-LU,DK1,1856.0,2249.0,800.0,0,0,0
2026-03-07T15:00:00Z,DE-LU,AT,2670.0,3748.0,-1967.0,0,0,0
2026-03-07T15:00:00Z,DE-LU,FR,1993.0,3222.0,1903.0,0,0,0
2026-03-07T15:00:00Z,DE-LU,NL,2499.0,4010.0,-3047.0,0,0,0
2026-03-07T15:00:00Z,DE-LU,PL,3401.0,3998.0,-2254.0,0,0,0
2026-03-07T15:00:00Z,DE-LU,CZ,542.0,1010.0,-735.0,0,0,0
2026-03-07T15:00:00Z,DE-LU,DK1,2258.0,3661.0,-871.0,0,0,0
2026-03-07T16:00:00Z,DE-LU,AT,1251.0,3248.0,-950.0,6.81,0,0
2026-03-07T16:00:00Z,DE-LU,FR,2405.0,4403.0,-3322.0,0,0,0
2026-03-07T16:00:00Z,DE-LU,NL,676.0,1208.0,-622.0,0,0,0
2026-03-07T16:00:00Z,DE-LU,PL,2064.0,3358.0,1142.0,0,0,0
2026-03-07T16:00:00Z,DE-LU,CZ,1823.0,2467.0,849.0,0,0,0
2026-03-07T16:00:00Z,DE-LU,DK1,1374.0,2245.0,-274.0,0,0,0
2026-03-07T17:00:00Z,DE-LU,AT,619.0,946.0,578.0,0,0,0
2026-03-07T17:00:00Z,DE-LU,FR,3591.0,4298.0,844.0,0,0,0
2026-03-07T17:00:00Z,DE-LU,NL,1600.0,3029.0,-1113.0,0,0,0
2026-03-07T17:00:00Z,DE-LU,PL,2163.0,3518.0,-1534.0,0,0,0
2026-03-07T17:00:00Z,DE-LU,CZ,671.0,1239.0,539.0,0,0,0
2026-03-07T17:00:00Z,DE-LU,DK1,568.0,1405.0,-948.0,0,0,0
2026-03-07T18:00:00Z,DE-LU,AT,1671.0,1910.0,1091.0,0,0,0
2026-03-07T18:00:00Z,DE-LU,FR,2867.0,4064.0,38.0,0,0,0
2026-03-07T18:00:00Z,DE-LU,NL,743.0,2434.0,-1203.0,0,0,0
2026-03-07T18:00:00Z,DE-LU,PL,912.0,1481.0,-123.0,0,0,0
2026-03-07T18:00:00Z,DE-LU,CZ,965.0,1110.0,-264.0,0,0,0
2026-03-07T18:00:00Z,DE-LU,DK1,1557.0,3562.0,786.0,0,0,0
2026-03-07T19:00:00Z,DE-LU,AT,740.0,945.0,-707.0,0,0,0
2026-03-07T19:00:00Z,DE-LU,FR,1498.0,4209.0,-2616.0,0,0,0
2026-03-07T19:00:00Z,DE-LU,NL,607.0,1717.0,-844.0,0,0,0
2026-03-07T19:00:00Z,DE-LU,PL,1115.0,1724.0,173.0,0,0,0
2026-03-07T19:00:00Z,DE-LU,CZ,1259.0,2146.0,1259.0,0,0,0
2026-03-07T19:00:00Z,DE-LU,DK1,1375.0,1472.0,1060.0,0,0,0
2026-03-07T20:00:00Z,DE-LU,AT,2860.0,3128.0,-725.0,0,0,0
2026-03-07T20:00:00Z,DE-LU,FR,1068.0,1476.0,1151.0,0,0,0
2026-03-07T20:00:00Z,DE-LU,NL,1546.0,3907.0,-1623.0,0,0,0
2026-03-07T20:00:00Z,DE-LU,PL,1427.0,1659.0,109.0,0,0,0
2026-03-07T20:00:00Z,DE-LU,CZ,1219.0,2724.0,1873.0,0,0,0
2026-03-07T20:00:00Z,DE-LU,DK1,2777.0,4401.0,-924.0,0,0,0
2026-03-07T21:00:00Z,DE-LU,AT,600.0,997.0,-502.0,0,0,0
2026-03-07T21:00:00Z,DE-LU,FR,1901.0,2236.0,-1574.0,0,0,0
2026-03-07T21:00:00Z,DE-LU,NL,992.0,2109.0,-690.0,0,0,0
2026-03-07T21:00:00Z,DE-LU,PL,1426.0,3651.0,2172.0,0,0,0
2026-03-07T21:00:00Z,DE-LU,CZ,1088.0,2744.0,1987.0,5.73,42.0,0
2026-03-07T21:00:00Z,DE-LU,DK1,2273.0,2772.0,-134.0,0,0,0
2026-03-07T22:00:00Z,DE-LU,AT,2256.0,3172.0,1490.0,0,0,0
2026-03-07T22:00:00Z,DE-LU,FR,1548.0,2393.0,1172.0,0,0,0
2026-03-07T22:00:00Z,DE-LU,NL,2866.0,3448.0,-676.0,0,0,0
2026-03-07T22:00:00Z,DE-LU,PL,2065.0,4372.0,-2552.0,0,0,0
2026-03-07T22:00:00Z,DE-LU,CZ,845.0,937.0,354.0,0,0,0
2026-03-07T22:00:00Z,DE-LU,DK1,2152.0,3758.0,-1992.0,0,0,0
2026-03-07T23:00:00Z,DE-LU,AT,418.0,1290.0,835.0,0,0,0
2026-03-07T23:00:00Z,DE-LU,FR,1413.0,2197.0,342.0,0,0,0
2026-03-07T23:00:00Z,DE-LU,NL,1847.0,2989.0,-793.0,0,0,0
2026-03-07T23:00:00Z,DE-LU,PL,3064.0,3787.0,2271.0,0,0,0
2026-03-07T23:00:00Z,DE-LU,CZ,1480.0,2068.0,-1501.0,0,0,0
2026-03-07T23:00:00Z,DE-LU,DK1,915.0,3043.0,-1809.0,1.1,34.0,0
2026-03-08T00:00:00Z,DE-LU,AT,1587.0,2949.0,436.0,0,0,0
2026-03-08T00:00:00Z,DE-LU,FR,2183.0,3847.0,-1396.0,0,0,0
2026-03-08T00:00:00Z,DE-LU,NL,1026.0,1267.0,-123.0,0,0,0
2026-03-08T00:00:00Z,DE-LU,PL,3850.0,4296.0,135.0,0,0,0
2026-03-08T00:00:00Z,DE-LU,CZ,1362.0,1692.0,184.0,0,0,0
2026-03-08T00:00:00Z,DE-LU,DK1,2695.0,3628.0,-2863.0,0,0,0
2026-03-08T01:00:00Z,DE-LU,AT,2003.0,3601.0,-417.0,0,0,0
2026-03-08T01:00:00Z,DE-LU,FR,2447.0,3078.0,2422.0,0,0,0
2026-03-08T01:00:00Z,DE-LU,NL,2067.0,4005.0,1988.0,0,0,0
2026-03-08T01:00:00Z,DE-LU,PL,935.0,1094.0,-798.0,0,0,0
2026-03-08T01:00:00Z,DE-LU,CZ,1281.0,1864.0,-931.0,0,0,0
2026-03-08T01:00:00Z,DE-LU,DK1,3384.0,4251.0,-629.0,0,0,0
2026-03-08T02:00:00Z,DE-LU,AT,622.0,1310.0,863.0,0,0,0
2026-03-08T02:00:00Z,DE-LU,FR,1445.0,3248.0,-421.0,0,0,0
2026-03-08T02:00:00Z,DE-LU,NL,3432.0,4089.0,-929.0,0,0,0
2026-03-08T02:00:00Z,DE-LU,PL,719.0,2178.0,-1673.0,0,0,0
2026-03-08T02:00:00Z,DE-LU,CZ,2454.0,2601.0,1082.0,0,0,0
2026-03-08T02:00:00Z,DE-LU,DK1,2881.0,3161.0,455.0,0,0,0
2026-03-08T03:00:00Z,DE-LU,AT,893.0,2764.0,-613.0,0,0,0
2026-03-08T03:00:00Z,DE-LU,FR,3947.0,4205.0,1328.0,0,0,0
2026-03-08T03:00:00Z,DE-LU,NL,1988.0,4193.0,-1081.0,0,0,0
2026-03-08T03:00:00Z,DE-LU,PL,690.0,1829.0,1429.0,8.33,63.0,0
2026-03-08T03:00:00Z,DE-LU,CZ,2585.0,3933.0,-1444.0,0,0,0
2026-03-08T03:00:00Z,DE-LU,DK1,2483.0,3082.0,2242.0,0,0,0
2026-03-08T04:00:00Z,DE-LU,AT,421.0,1025.0,-233.0,0,0,0
2026-03-08T04:00:00Z,DE-LU,FR,1410.0,3945.0,2533.0,0,0,0
2026-03-08T04:00:00Z,DE-LU,NL,1939.0,2272.0,-1303.0,0,0,0
2026-03-08T04:00:00Z,DE-LU,PL,1326.0,2357.0,-1510.0,0,0,0
2026-03-08T04:00:00Z,DE-LU,CZ,634.0,2100.0,-886.0,3.24,0,0
2026-03-08T04:00:00Z,DE-LU,DK1,978.0,1233.0,-206.0,0,0,0
2026-03-08T05:00:00Z,DE-LU,AT,3057.0,3834.0,-364.0,0,0,0
2026-03-08T05:00:00Z,DE-LU,FR,2231.0,4074.0,2055.0,0,0,0
2026-03-08T05:00:00Z,DE-LU,NL,1247.0,3220.0,407.0,5.62,0,0
2026-03-08T05:00:00Z,DE-LU,PL,1458.0,3880.0,261.0,0,0,0
2026-03-08T05:00:00Z,DE-LU,CZ,1639.0,2944.0,303.0,0,0,0
2026-03-08T05:00:00Z,DE-LU,DK1,3438.0,3670.0,700.0,0,0,0
2026-03-08T06:00:00Z,DE-LU,AT,2123.0,3336.0,-1489.0,0,0,0
2026-03-08T06:00:00Z,DE-LU,FR,4125.0,4346.0,-2353.0,0,0,0
2026-03-08T06:00:00Z,DE-LU,NL,2595.0,3453.0,-974.0,0,0,0
2026-03-08T06:00:00Z,DE-LU,PL,1294.0,1644.0,-909.0,0,0,0
2026-03-08T06:00:00Z,DE-LU,CZ,3210.0,3677.0,-438.0,0,0,0
2026-03-08T06:00:00Z,DE-LU,DK1,779.0,1925.0,47.0,0,0,0
2026-03-08T07:00:00Z,DE-LU,AT,731.0,936.0,22.0,0,0,0
2026-03-08T07:00:00Z,DE-LU,FR,1540.0,1825.0,-1266.0,0,0,0
2026-03-08T07:00:00Z,DE-LU,NL,1009.0,1381.0,-883.0,0,0,0
2026-03-08T07:00:00Z,DE-LU,PL,1637.0,2681.0,1760.0,0,0,0
2026-03-08T07:00:00Z,DE-LU,CZ,1095.0,3119.0,-1868.0,0,0,0
2026-03-08T07:00:00Z,DE-LU,DK1,1385.0,4446.0,3096.0,0,0,0
2026-03-08T08:00:00Z,DE-LU,AT,2049.0,3640.0,1180.0,0,0,0
2026-03-08T08:00:00Z,DE-LU,FR,779.0,1660.0,-569.0,0,0,0
2026-03-08T08:00:00Z,DE-LU,NL,1517.0,3238.0,1200.0,0,0,0
2026-03-08T08:00:00Z,DE-LU,PL,542.0,1320.0,-87.0,0,0,0
2026-03-08T08:00:00Z,DE-LU,CZ,1400.0,2305.0,-1135.0,0,0,0
2026-03-08T08:00:00Z,DE-LU,DK1,3841.0,4335.0,1937.0,0,0,0
2026-03-08T09:00:00Z,DE-LU,AT,2002.0,3585.0,852.0,0,0,0
2026-03-08T09:00:00Z,DE-LU,FR,1020.0,2845.0,-2039.0,3.08,24.0,0
2026-03-08T09:00:00Z,DE-LU,NL,2778.0,2985.0,-2379.0,0,0,0
2026-03-08T09:00:00Z,DE-LU,PL,1514.0,4466.0,-264.0,0,0,0
2026-03-08T09:00:00Z,DE-LU,CZ,1614.0,1813.0,502.0,0,0,0
2026-03-08T09:00:00Z,DE-LU,DK1,1373.0,1508.0,579.0,0,0,0
2026-03-08T10:00:00Z,DE-LU,AT,920.0,1039.0,743.0,0,0,0
2026-03-08T10:00:00Z,DE-LU,FR,2394.0,2969.0,1200.0,0,0,0
2026-03-08T10:00:00Z,DE-LU,NL,598.0,1650.0,877.0,4.35,0,0
2026-03-08T10:00:00Z,DE-LU,PL,713.0,1930.0,550.0,0,0,0
2026-03-08T10:00:00Z,DE-LU,CZ,1039.0,2955.0,1950.0,0,0,0
2026-03-08T10:00:00Z,DE-LU,DK1,2806.0,4497.0,-26.0,0,0,0
2026-03-08T11:00:00Z,DE-LU,AT,3793.0,4137.0,-2231.0,0,0,0
2026-03-08T11:00:00Z,DE-LU,FR,897.0,1289.0,-101.0,0,0,0
2026-03-08T11:00:00Z,DE-LU,NL,635.0,1306.0,679.0,0,0,0
2026-03-08T11:00:00Z,DE-LU,PL,2555.0,3128.0,1371.0,0,0,0
2026-03-08T11:00:00Z,DE-LU,CZ,1898.0,2030.0,-969.0,0,0,0
2026-03-08T11:00:00Z,DE-LU,DK1,2419.0,4257.0,-2306.0,0,0,0
2026-03-08T12:00:00Z,DE-LU,AT,1332.0,2322.0,-105.0,0,0,0
2026-03-08T12:00:00Z,DE-LU,FR,1452.0,2022.0,-1561.0,0,0,0
2026-03-08T12:00:00Z,DE-LU,NL,2667.0,2887.0,1589.0,0,0,0
2026-03-08T12:00:00Z,DE-LU,PL,1017.0,1648.0,872.0,0,0,0
2026-03-08T12:00:00Z,DE-LU,CZ,3313.0,3874.0,-2788.0,0,0,0
2026-03-08T12:00:00Z,DE-LU,DK1,3844.0,4433.0,2656.0,0,0,0
2026-03-08T13:00:00Z,DE-LU,AT,1785.0,2267.0,1016.0,0,0,0
2026-03-08T13:00:00Z,DE-LU,FR,2501.0,3367.0,-2468.0,0,0,0
2026-03-08T13:00:00Z,DE-LU,NL,1885.0,2754.0,244.0,0,0,0
2026-03-08T13:00:00Z,DE-LU,PL,3804.0,4225.0,-3131.0,0,0,0
2026-03-08T13:00:00Z,DE-LU,CZ,532.0,1008.0,-552.0,0,0,0
2026-03-08T13:00:00Z,DE-LU,DK1,1625.0,4374.0,-1737.0,2.84,2.0,0
2026-03-08T14:00:00Z,DE-LU,AT,678.0,995.0,-331.0,0,0,0
2026-03-08T14:00:00Z,DE-LU,FR,830.0,2281.0,-1641.0,0,0,0
2026-03-08T14:00:00Z,DE-LU,NL,2881.0,3325.0,1007.0,0,0,0
2026-03-08T14:00:00Z,DE-LU,PL,2352.0,4316.0,-1657.0,0,0,0
2026-03-08T14:00:00Z,DE-LU,CZ,1224.0,3835.0,-144.0,2.73,4.0,0
2026-03-08T14:00:00Z,DE-LU,DK1,1024.0,2192.0,243.0,0,0,0
2026-03-08T15:00:00Z,DE-LU,AT,1086.0,1251.0,628.0,0,0,0
2026-03-08T15:00:00Z,DE-LU,FR,804.0,1819.0,-257.0,0,0,0
2026-03-08T15:00:00Z,DE-LU,NL,2533.0,2721.0,-1546.0,0,0,0
2026-03-08T15:00:00Z,DE-LU,PL,1327.0,2518.0,1495.0,0,0,0
2026-03-08T15:00:00Z,DE-LU,CZ,1714.0,2035.0,462.0,0,0,0
2026-03-08T15:00:00Z,DE-LU,DK1,836.0,1591.0,-585.0,0,0,0
2026-03-08T16:00:00Z,DE-LU,AT,2016.0,3799.0,-1293.0,0,0,0
2026-03-08T16:00:00Z,DE-LU,FR,4085.0,4409.0,-989.0,0,0,0
2026-03-08T16:00:00Z,DE-LU,NL,2105.0,4002.0,674.0,0,0,0
2026-03-08T16:00:00Z,DE-LU,PL,3311.0,3724.0,-2643.0,0,0,0
2026-03-08T16:00:00Z,DE-LU,CZ,1069.0,3508.0,1086.0,0.29,94.0,0
2026-03-08T16:00:00Z,DE-LU,DK1,2096.0,3352.0,-1133.0,0,0,0
2026-03-08T17:00:00Z,DE-LU,AT,1743.0,3108.0,586.0,0,0,0
2026-03-08T17:00:00Z,DE-LU,FR,3316.0,3782.0,-1700.0,0,0,0
2026-03-08T17:00:00Z,DE-LU,NL,1490.0,4068.0,-549.0,0.37,0,0
2026-03-08T17:00:00Z,DE-LU,PL,2583.0,4357.0,3380.0,0,0,0
2026-03-08T17:00:00Z,DE-LU,CZ,1717.0,2584.0,381.0,0,0,0
2026-03-08T17:00:00Z,DE-LU,DK1,921.0,1007.0,551.0,0,0,0
2026-03-08T18:00:00Z,DE-LU,AT,733.0,1562.0,-503.0,0,0,0
2026-03-08T18:00:00Z,DE-LU,FR,1184.0,1833.0,176.0,0,0,0
2026-03-08T18:00:00Z,DE-LU,NL,1809.0,1976.0,-59.0,0,0,0
2026-03-08T18:00:00Z,DE-LU,PL,1308.0,1870.0,1488.0,0,0,0
2026-03-08T18:00:00Z,DE-LU,CZ,590.0,1046.0,-769.0,0,0,0
2026-03-08T18:00:00Z,DE-LU,DK1,1043.0,2601.0,356.0,0,0,0
2026-03-08T19:00:00Z,DE-LU,AT,3961.0,4422.0,1405.0,0,0,0
2026-03-08T19:00:00Z,DE-LU,FR,1706.0,3042.0,632.0,0,0,0
2026-03-08T19:00:00Z,DE-LU,NL,1525.0,4150.0,1218.0,0,0,0
2026-03-08T19:00:00Z,DE-LU,PL,1406.0,2461.0,-1018.0,0,0,0
2026-03-08T19:00:00Z,DE-LU,CZ,817.0,935.0,-716.0,0,0,0
2026-03-08T19:00:00Z,DE-LU,DK1,1921.0,4051.0,-2920.0,0,0,0
2026-03-08T20:00:00Z,DE-LU,AT,600.0,1709.0,804.0,0,0,0
2026-03-08T20:00:00Z,DE-LU,FR,1218.0,4035.0,-1559.0,2.64,0,0
2026-03-08T20:00:00Z,DE-LU,NL,2846.0,3844.0,-1347.0,0,0,0
2026-03-08T20:00:00Z,DE-LU,PL,802.0,1803.0,-738.0,0,0,0
2026-03-08T20:00:00Z,DE-LU,CZ,1110.0,2713.0,919.0,0,0,0
2026-03-08T20:00:00Z,DE-LU,DK1,2775.0,3383.0,340.0,0,0,0
2026-03-08T21:00:00Z,DE-LU,AT,899.0,1603.0,-975.0,0,0,0
2026-03-08T21:00:00Z,DE-LU,FR,607.0,1931.0,-739.0,0.88,109.0,0
2026-03-08T21:00:00Z,DE-LU,NL,1782.0,2190.0,-49.0,0,0,0
2026-03-08T21:00:00Z,DE-LU,PL,2276.0,2998.0,1584.0,0,0,0
2026-03-08T21:00:00Z,DE-LU,CZ,2812.0,4310.0,-1799.0,0,0,0
2026-03-08T21:00:00Z,DE-LU,DK1,1616.0,2642.0,1568.0,0,0,0
2026-03-08T22:00:00Z,DE-LU,AT,2379.0,2977.0,2043.0,0,0,0
2026-03-08T22:00:00Z,DE-LU,FR,1743.0,2479.0,836.0,0,0,0
2026-03-08T22:00:00Z,DE-LU,NL,1142.0,1840.0,1308.0,0,0,0
2026-03-08T22:00:00Z,DE-LU,PL,2589.0,3644.0,967.0,0,0,0
2026-03-08T22:00:00Z,DE-LU,CZ,891.0,1439.0,803.0,0,0,0
2026-03-08T22:00:00Z,DE-LU,DK1,485.0,1221.0,-479.0,1.82,44.0,0
2026-03-08T23:00:00Z,DE-LU,AT,834.0,2386.0,-183.0,0,0,0
2026-03-08T23:00:00Z,DE-LU,FR,1142.0,1297.0,695.0,0,0,0
2026-03-08T23:00:00Z,DE-LU,NL,1782.0,4291.0,-966.0,0,0,0
2026-03-08T23:00:00Z,DE-LU,PL,760.0,1405.0,-832.0,0,0,0
2026-03-08T23:00:00Z,DE-LU,CZ,1286.0,1427.0,698.0,0,0,0
2026-03-08T23:00:00Z,DE-LU,DK1,1760.0,1962.0,-997.0,0,0,0
2026-03-09T00:00:00Z,DE-LU,AT,1902.0,2275.0,-1661.0,0,0,0
2026-03-09T00:00:00Z,DE-LU,FR,937.0,2135.0,1253.0,0,0,0
2026-03-09T00:00:00Z,DE-LU,NL,1981.0,2822.0,1287.0,0,0,0
2026-03-09T00:00:00Z,DE-LU,PL,1374.0,3661.0,533.0,0,0,0
2026-03-09T00:00:00Z,DE-LU,CZ,2249.0,2994.0,-364.0,0,0,0
2026-03-09T00:00:00Z,DE-LU,DK1,1313.0,3016.0,60.0,0,0,0
2026-03-09T01:00:00Z,DE-LU,AT,843.0,1006.0,-428.0,0,0,0
2026-03-09T01:00:00Z,DE-LU,FR,1994.0,2901.0,2185.0,0,0,0
2026-03-09T01:00:00Z,DE-LU,NL,2111.0,4288.0,2642.0,0,0,0
2026-03-09T01:00:00Z,DE-LU,PL,1334.0,1480.0,-221.0,0,0,0
2026-03-09T01:00:00Z,DE-LU,CZ,2942.0,3233.0,1428.0,0,0,0
2026-03-09T01:00:00Z,DE-LU,DK1,475.0,1227.0,123.0,9.39,0,0
2026-03-09T02:00:00Z,DE-LU,AT,1515.0,3785.0,-674.0,0,0,0
2026-03-09T02:00:00Z,DE-LU,FR,607.0,2015.0,399.0,0,0,0
2026-03-09T02:00:00Z,DE-LU,NL,1174.0,1250.0,405.0,0,0,0
2026-03-09T02:00:00Z,DE-LU,PL,1484.0,3558.0,-590.0,0,0,0
2026-03-09T02:00:00Z,DE-LU,CZ,2099.0,2251.0,1295.0,0,0,0
2026-03-09T02:00:00Z,DE-LU,DK1,1234.0,2859.0,1270.0,0,0,0
2026-03-09T03:00:00Z,DE-LU,AT,1245.0,1924.0,-1278.0,0,0,0
2026-03-09T03:00:00Z,DE-LU,FR,504.0,1190.0,374.0,0,0,15.0
2026-03-09T03:00:00Z,DE-LU,NL,1728.0,1983.0,-601.0,0,0,0
2026-03-09T03:00:00Z,DE-LU,PL,2220.0,2474.0,326.0,0,0,0
2026-03-09T03:00:00Z,DE-LU,CZ,2147.0,3859.0,-2639.0,0,0,0
2026-03-09T03:00:00Z,DE-LU,DK1,1309.0,2436.0,1612.0,0,0,0
2026-03-09T04:00:00Z,DE-LU,AT,960.0,1777.0,160.0,0,0,0
2026-03-09T04:00:00Z,DE-LU,FR,1802.0,3262.0,-581.0,0,0,0
2026-03-09T04:00:00Z,DE-LU,NL,768.0,816.0,-212.0,0,0,0
2026-03-09T04:00:00Z,DE-LU,PL,1400.0,2992.0,-4.0,0,0,0
2026-03-09T04:00:00Z,DE-LU,CZ,344.0,1080.0,-584.0,1.05,6.0,0
2026-03-09T04:00:00Z,DE-LU,DK1,3525.0,4331.0,-595.0,0,0,0
2026-03-09T05:00:00Z,DE-LU,AT,1984.0,2096.0,-543.0,0,0,0
2026-03-09T05:00:00Z,DE-LU,FR,2301.0,4434.0,691.0,0,0,0
2026-03-09T05:00:00Z,DE-LU,NL,640.0,923.0,566.0,0,0,0
2026-03-09T05:00:00Z,DE-LU,PL,1837.0,2329.0,-1758.0,0,0,0
2026-03-09T05:00:00Z,DE-LU,CZ,1404.0,3911.0,2305.0,3.99,21.0,0
2026-03-09T05:00:00Z,DE-LU,DK1,3578.0,3887.0,1455.0,0,0,0
2026-03-09T06:00:00Z,DE-LU,AT,1429.0,3130.0,1054.0,0,0,0
2026-03-09T06:00:00Z,DE-LU,FR,2015.0,2159.0,1092.0,0,0,0
2026-03-09T06:00:00Z,DE-LU,NL,2957.0,3371.0,2522.0,0,0,0
2026-03-09T06:00:00Z,DE-LU,PL,1558.0,3737.0,-2635.0,0,0,0
2026-03-09T06:00:00Z,DE-LU,CZ,868.0,1563.0,-646.0,0,0,0
2026-03-09T06:00:00Z,DE-LU,DK1,1687.0,2119.0,1033.0,0,0,0
2026-03-09T07:00:00Z,DE-LU,AT,1077.0,2397.0,1180.0,0,0,0
2026-03-09T07:00:00Z,DE-LU,FR,1278.0,1769.0,-1222.0,0,0,0
2026-03-09T07:00:00Z,DE-LU,NL,3032.0,4213.0,751.0,0,0,0
2026-03-09T07:00:00Z,DE-LU,PL,2711.0,2981.0,94.0,0,0,0
2026-03-09T07:00:00Z,DE-LU,CZ,2918.0,4102.0,-738.0,0,0,0
2026-03-09T07:00:00Z,DE-LU,DK1,749.0,2144.0,628.0,0,0,0
2026-03-09T08:00:00Z,DE-LU,AT,1994.0,3609.0,-1671.0,0,0,0
2026-03-09T08:00:00Z,DE-LU,FR,528.0,1623.0,658.0,4.78,84.0,0
2026-03-09T08:00:00Z,DE-LU,NL,3687.0,4040.0,2534.0,0,0,0
2026-03-09T08:00:00Z,DE-LU,PL,1674.0,1908.0,50.0,0,0,0
2026-03-09T08:00:00Z,DE-LU,CZ,1555.0,3242.0,-359.0,0,0,0
2026-03-09T08:00:00Z,DE-LU,DK1,1482.0,2339.0,-1422.0,0,0,0
2026-03-09T09:00:00Z,DE-LU,AT,1222.0,2300.0,650.0,0,0,0
2026-03-09T09:00:00Z,DE-LU,FR,876.0,2736.0,-62.0,3.03,12.0,0
2026-03-09T09:00:00Z,DE-LU,NL,1460.0,2524.0,-601.0,0,0,0
2026-03-09T09:00:00Z,DE-LU,PL,1687.0,2449.0,1204.0,0,0,0
2026-03-09T09:00:00Z,DE-LU,CZ,737.0,1624.0,-1225.0,0,0,0
2026-03-09T09:00:00Z,DE-LU,DK1,2536.0,2987.0,-440.0,0,0,0
2026-03-09T10:00:00Z,DE-LU,AT,3292.0,3476.0,-455.0,0,0,0
2026-03-09T10:00:00Z,DE-LU,FR,2589.0,3241.0,-1256.0,0,0,0
2026-03-09T10:00:00Z,DE-LU,NL,1371.0,1773.0,-801.0,0,0,0
2026-03-09T10:00:00Z,DE-LU,PL,1230.0,3177.0,1178.0,1.56,0,0
2026-03-09T10:00:00Z,DE-LU,CZ,3473.0,4021.0,-2536.0,0,0,0
2026-03-09T10:00:00Z,DE-LU,DK1,832.0,1219.0,-444.0,0,0,0
2026-03-09T11:00:00Z,DE-LU,AT,2734.0,3069.0,1902.0,0,0,0
2026-03-09T11:00:00Z,DE-LU,FR,1248.0,3873.0,1966.0,1.93,37.0,0
2026-03-09T11:00:00Z,DE-LU,NL,1708.0,2875.0,-1445.0,0,0,0
2026-03-09T11:00:00Z,DE-LU,PL,276.0,901.0,694.0,6.91,0,0
2026-03-09T11:00:00Z,DE-LU,CZ,777.0,1177.0,54.0,0,0,0
2026-03-09T11:00:00Z,DE-LU,DK1,2909.0,4425.0,3494.0,0,0,0
2026-03-09T12:00:00Z,DE-LU,AT,717.0,984.0,-231.0,0,0,0
2026-03-09T12:00:00Z,DE-LU,FR,1281.0,3284.0,-1156.0,0,0,0
2026-03-09T12:00:00Z,DE-LU,NL,2218.0,2993.0,1683.0,0,0,0
2026-03-09T12:00:00Z,DE-LU,PL,1641.0,1744.0,-574.0,0,0,0
2026-03-09T12:00:00Z,DE-LU,CZ,849.0,1245.0,458.0,0,0,0
2026-03-09T12:00:00Z,DE-LU,DK1,338.0,805.0,-288.0,0,0,0
2026-03-09T13:00:00Z,DE-LU,AT,2125.0,4153.0,2426.0,0,0,0
2026-03-09T13:00:00Z,DE-LU,FR,782.0,1627.0,-957.0,0,0,0
2026-03-09T13:00:00Z,DE-LU,NL,2585.0,3399.0,714.0,0,0,0
2026-03-09T13:00:00Z,DE-LU,PL,3398.0,3682.0,112.0,0,0,0
2026-03-09T13:00:00Z,DE-LU,CZ,2038.0,2950.0,-2067.0,0,0,0
2026-03-09T13:00:00Z,DE-LU,DK1,3898.0,4487.0,1535.0,0,0,0
2026-03-09T14:00:00Z,DE-LU,AT,2916.0,4497.0,586.0,0,0,0
2026-03-09T14:00:00Z,DE-LU,FR,999.0,1822.0,-183.0,0,0,30.0
2026-03-09T14:00:00Z,DE-LU,NL,557.0,1434.0,70.0,0,0,0
2026-03-09T14:00:00Z,DE-LU,PL,1678.0,1809.0,385.0,0,0,0
2026-03-09T14:00:00Z,DE-LU,CZ,1173.0,3543.0,-2113.0,0,0,0
2026-03-09T14:00:00Z,DE-LU,DK1,2812.0,3040.0,-2244.0,0,0,0
2026-03-09T15:00:00Z,DE-LU,AT,1106.0,2979.0,617.0,0,0,0
2026-03-09T15:00:00Z,DE-LU,FR,2923.0,4083.0,-1451.0,0,0,0
2026-03-09T15:00:00Z,DE-LU,NL,1342.0,3254.0,1175.0,0,0,0
2026-03-09T15:00:00Z,DE-LU,PL,1041.0,2914.0,-1959.0,0,0,0
2026-03-09T15:00:00Z,DE-LU,CZ,2444.0,3067.0,-2273.0,0,0,0
2026-03-09T15:00:00Z,DE-LU,DK1,2151.0,3283.0,2626.0,0,0,0
2026-03-09T16:00:00Z,DE-LU,AT,1720.0,2677.0,-1288.0,0,0,16.0
2026-03-09T16:00:00Z,DE-LU,FR,1495.0,4491.0,-3346.0,3.5,68.0,0
2026-03-09T16:00:00Z,DE-LU,NL,3106.0,4027.0,-1651.0,0,0,0
2026-03-09T16:00:00Z,DE-LU,PL,3322.0,3708.0,2834.0,0,0,0
2026-03-09T16:00:00Z,DE-LU,CZ,1066.0,2473.0,-834.0,0,0,0
2026-03-09T16:00:00Z,DE-LU,DK1,459.0,802.0,-380.0,0,0,0
2026-03-09T17:00:00Z,DE-LU,AT,639.0,873.0,-386.0,0,0,0
2026-03-09T17:00:00Z,DE-LU,FR,496.0,914.0,712.0,0,0,0
2026-03-09T17:00:00Z,DE-LU,NL,867.0,1606.0,626.0,0,0,0
2026-03-09T17:00:00Z,DE-LU,PL,2140.0,3783.0,-69.0,0,0,0
2026-03-09T17:00:00Z,DE-LU,CZ,616.0,1946.0,178.0,0.41,0,0
2026-03-09T17:00:00Z,DE-LU,DK1,1976.0,2584.0,692.0,0,0,0
2026-03-09T18:00:00Z,DE-LU,AT,3276.0,4098.0,534.0,0,0,0
2026-03-09T18:00:00Z,DE-LU,FR,1138.0,3302.0,838.0,0,0,0
2026-03-09T18:00:00Z,DE-LU,NL,1202.0,3415.0,-2199.0,0,0,0
2026-03-09T18:00:00Z,DE-LU,PL,1379.0,1715.0,516.0,0,0,0
2026-03-09T18:00:00Z,DE-LU,CZ,1817.0,3413.0,1654.0,0,0,0
2026-03-09T18:00:00Z,DE-LU,DK1,1124.0,2921.0,1582.0,12.39,13.0,0
2026-03-09T19:00:00Z,DE-LU,AT,620.0,1228.0,140.0,0,0,0
2026-03-09T19:00:00Z,DE-LU,FR,2185.0,2648.0,-581.0,0,0,0
2026-03-09T19:00:00Z,DE-LU,NL,1055.0,1620.0,-871.0,0,0,0
2026-03-09T19:00:00Z,DE-LU,PL,1669.0,2186.0,-1090.0,0,0,0
2026-03-09T19:00:00Z,DE-LU,CZ,1911.0,2751.0,1249.0,0,0,0
2026-03-09T19:00:00Z,DE-LU,DK1,2372.0,3078.0,1278.0,0,0,0
2026-03-09T20:00:00Z,DE-LU,AT,908.0,1027.0,-499.0,0,0,0
2026-03-09T20:00:00Z,DE-LU,FR,1636.0,3489.0,-41.0,0,0,0
2026-03-09T20:00:00Z,DE-LU,NL,2335.0,2873.0,-1421.0,0,0,0
2026-03-09T20:00:00Z,DE-LU,PL,2356.0,3539.0,-1801.0,0,0,0
2026-03-09T20:00:00Z,DE-LU,CZ,3929.0,4319.0,3067.0,0,0,0
2026-03-09T20:00:00Z,DE-LU,DK1,1381.0,1783.0,-37.0,0,0,0
2026-03-09T21:00:00Z,DE-LU,AT,3702.0,4340.0,133.0,0,0,0
2026-03-09T21:00:00Z,DE-LU,FR,2523.0,4137.0,1504.0,0,0,0
2026-03-09T21:00:00Z,DE-LU,NL,1474.0,1681.0,-1197.0,0,0,0
2026-03-09T21:00:00Z,DE-LU,PL,744.0,924.0,411.0,0,0,0
2026-03-09T21:00:00Z,DE-LU,CZ,1467.0,1705.0,-818.0,0,0,0
2026-03-09T21:00:00Z,DE-LU,DK1,2508.0,3215.0,-382.0,0,0,0
2026-03-09T22:00:00Z,DE-LU,AT,2401.0,3526.0,-1739.0,0,0,0
2026-03-09T22:00:00Z,DE-LU,FR,2143.0,4453.0,-2670.0,0,0,0
2026-03-09T22:00:00Z,DE-LU,NL,2454.0,2850.0,-38.0,0,0,0
2026-03-09T22:00:00Z,DE-LU,PL,3352.0,4363.0,-572.0,0,0,29.0
2026-03-09T22:00:00Z,DE-LU,CZ,1115.0,1834.0,1341.0,0,0,0
2026-03-09T22:00:00Z,DE-LU,DK1,2994.0,3870.0,2370.0,0,0,0
2026-03-09T23:00:00Z,DE-LU,AT,2439.0,3319.0,-2613.0,0,0,0
2026-03-09T23:00:00Z,DE-LU,FR,636.0,1297.0,-482.0,0,0,0
2026-03-09T23:00:00Z,DE-LU,NL,2265.0,4223.0,-2488.0,0,0,29.0
2026-03-09T23:00:00Z,DE-LU,PL,1243.0,4049.0,-2886.0,0,0,0
2026-03-09T23:00:00Z,DE-LU,CZ,1449.0,1559.0,892.0,0,0,0
2026-03-09T23:00:00Z,DE-LU,DK1,2136.0,3835.0,-902.0,0,0,0
2026-03-10T00:00:00Z,DE-LU,AT,3872.0,4108.0,1561.0,0,0,0
2026-03-10T00:00:00Z,DE-LU,FR,3453.0,4465.0,-341.0,0,0,0
2026-03-10T00:00:00Z,DE-LU,NL,1170.0,1244.0,-692.0,0,0,0
2026-03-10T00:00:00Z,DE-LU,PL,2579.0,2923.0,-628.0,0,0,0
2026-03-10T00:00:00Z,DE-LU,CZ,623.0,1782.0,-618.0,0,0,0
2026-03-10T00:00:00Z,DE-LU,DK1,1677.0,3500.0,1247.0,0,0,0
2026-03-10T01:00:00Z,DE-LU,AT,2474.0,3550.0,-1623.0,0,0,0
2026-03-10T01:00:00Z,DE-LU,FR,1421.0,4403.0,-3157.0,3.62,0,0
2026-03-10T01:00:00Z,DE-LU,NL,1599.0,2021.0,-711.0,0,0,0
2026-03-10T01:00:00Z,DE-LU,PL,1562.0,3015.0,-517.0,0,0,0
2026-03-10T01:00:00Z,DE-LU,CZ,987.0,3058.0,1373.0,0,0,0
2026-03-10T01:00:00Z,DE-LU,DK1,952.0,2590.0,760.0,0,0,0
2026-03-10T02:00:00Z,DE-LU,AT,2810.0,3406.0,-1060.0,0,0,0
2026-03-10T02:00:00Z,DE-LU,FR,1643.0,2567.0,517.0,0,0,0
2026-03-10T02:00:00Z,DE-LU,NL,3999.0,4262.0,1243.0,0,0,0
2026-03-10T02:00:00Z,DE-LU,PL,702.0,1290.0,-439.0,0,0,0
2026-03-10T02:00:00Z,DE-LU,CZ,3173.0,4263.0,-2725.0,0,0,0
2026-03-10T02:00:00Z,DE-LU,DK1,1294.0,2426.0,1254.0,0,0,0
2026-03-10T03:00:00Z,DE-LU,AT,600.0,1387.0,871.0,0,0,0
2026-03-10T03:00:00Z,DE-LU,FR,367.0,1156.0,800.0,0.64,0,0
2026-03-10T03:00:00Z,DE-LU,NL,1185.0,3904.0,415.0,5.26,41.0,0
2026-03-10T03:00:00Z,DE-LU,PL,3096.0,4376.0,-437.0,0,0,0
2026-03-10T03:00:00Z,DE-LU,CZ,1601.0,3672.0,222.0,0,0,0
2026-03-10T03:00:00Z,DE-LU,DK1,1905.0,3312.0,-2102.0,0,0,0
2026-03-10T04:00:00Z,DE-LU,AT,2465.0,2633.0,420.0,0,0,0
2026-03-10T04:00:00Z,DE-LU,FR,1438.0,2649.0,1966.0,0,0,0
2026-03-10T04:00:00Z,DE-LU,NL,950.0,1412.0,991.0,0,0,0
2026-03-10T04:00:00Z,DE-LU,PL,1597.0,1761.0,-20.0,0,0,0
2026-03-10T04:00:00Z,DE-LU,CZ,1895.0,2145.0,-1013.0,0,0,0
2026-03-10T04:00:00Z,DE-LU,DK1,2254.0,3274.0,2552.0,0,0,0
2026-03-10T05:00:00Z,DE-LU,AT,2051.0,4271.0,97.0,0,0,0
2026-03-10T05:00:00Z,DE-LU,FR,883.0,2257.0,566.0,5.81,0,0
2026-03-10T05:00:00Z,DE-LU,NL,1719.0,3382.0,-117.0,0,0,0
2026-03-10T05:00:00Z,DE-LU,PL,763.0,1429.0,803.0,0,0,0
2026-03-10T05:00:00Z,DE-LU,CZ,1515.0,4477.0,-2755.0,0,0,0
2026-03-10T05:00:00Z,DE-LU,DK1,1428.0,2240.0,1503.0,0,0,0
2026-03-10T06:00:00Z,DE-LU,AT,1123.0,1935.0,589.0,0,0,0
2026-03-10T06:00:00Z,DE-LU,FR,1776.0,3811.0,1686.0,0,0,0
2026-03-10T06:00:00Z,DE-LU,NL,1839.0,2188.0,-477.0,0,0,0
2026-03-10T06:00:00Z,DE-LU,PL,2943.0,4473.0,-1352.0,0,0,0
2026-03-10T06:00:00Z,DE-LU,CZ,682.0,1582.0,210.0,0,0,0
2026-03-10T06:00:00Z,DE-LU,DK1,2694.0,3714.0,-1460.0,0,0,0
2026-03-10T07:00:00Z,DE-LU,AT,1226.0,2341.0,-1089.0,0,0,0
2026-03-10T07:00:00Z,DE-LU,FR,3792.0,4496.0,-3373.0,0,0,0
2026-03-10T07:00:00Z,DE-LU,NL,1492.0,2421.0,1449.0,0,0,0
2026-03-10T07:00:00Z,DE-LU,PL,1017.0,2203.0,727.0,0,0,0
2026-03-10T07:00:00Z,DE-LU,CZ,1085.0,1384.0,-257.0,0,0,0
2026-03-10T07:00:00Z,DE-LU,DK1,1079.0,1609.0,-543.0,0,0,0
2026-03-10T08:00:00Z,DE-LU,AT,1220.0,1809.0,-1406.0,0,0,0
2026-03-10T08:00:00Z,DE-LU,FR,2864.0,3086.0,2249.0,0,0,0
2026-03-10T08:00:00Z,DE-LU,NL,775.0,1350.0,806.0,0,0,0
2026-03-10T08:00:00Z,DE-LU,PL,683.0,1411.0,515.0,0,0,0
2026-03-10T08:00:00Z,DE-LU,CZ,2442.0,3278.0,394.0,0,0,0
2026-03-10T08:00:00Z,DE-LU,DK1,1608.0,4282.0,-2246.0,0,0,0
2026-03-10T09:00:00Z,DE-LU,AT,1545.0,2169.0,440.0,0,0,0
2026-03-10T09:00:00Z,DE-LU,FR,926.0,1006.0,-729.0,0,0,0
2026-03-10T09:00:00Z,DE-LU,NL,2462.0,3051.0,535.0,0,0,0
2026-03-10T09:00:00Z,DE-LU,PL,790.0,2196.0,685.0,1.24,0,0
2026-03-10T09:00:00Z,DE-LU,CZ,2132.0,3814.0,-608.0,0,0,0
2026-03-10T09:00:00Z,DE-LU,DK1,2313.0,3290.0,-2557.0,0,0,0
2026-03-10T10:00:00Z,DE-LU,AT,3057.0,3692.0,-1987.0,0,0,0
2026-03-10T10:00:00Z,DE-LU,FR,1473.0,2712.0,1805.0,0,0,0
2026-03-10T10:00:00Z,DE-LU,NL,2034.0,3468.0,-1574.0,0,0,0
2026-03-10T10:00:00Z,DE-LU,PL,1252.0,2865.0,1587.0,0,0,0
2026-03-10T10:00:00Z,DE-LU,CZ,2113.0,2982.0,2063.0,0,0,0
2026-03-10T10:00:00Z,DE-LU,DK1,626.0,1592.0,-663.0,2.24,10.0,0
2026-03-10T11:00:00Z,DE-LU,AT,1650.0,2794.0,1450.0,0,0,0
2026-03-10T11:00:00Z,DE-LU,FR,2067.0,4003.0,-171.0,0,0,0
2026-03-10T11:00:00Z,DE-LU,NL,2873.0,3307.0,-1267.0,0,0,0
2026-03-10T11:00:00Z,DE-LU,PL,1729.0,2698.0,658.0,0,0,0
2026-03-10T11:00:00Z,DE-LU,CZ,712.0,1526.0,535.0,0,0,0
2026-03-10T11:00:00Z,DE-LU,DK1,742.0,1035.0,530.0,0,0,0
2026-03-10T12:00:00Z,DE-LU,AT,1805.0,1939.0,-338.0,0,0,0
2026-03-10T12:00:00Z,DE-LU,FR,1258.0,2402.0,-1652.0,0,0,0
2026-03-10T12:00:00Z,DE-LU,NL,511.0,1627.0,-894.0,3.7,37.0,0
2026-03-10T12:00:00Z,DE-LU,PL,820.0,1298.0,820.0,0,0,0
2026-03-10T12:00:00Z,DE-LU,CZ,955.0,3035.0,879.0,3.73,1.0,0
2026-03-10T12:00:00Z,DE-LU,DK1,817.0,1092.0,-850.0,0,0,0
2026-03-10T13:00:00Z,DE-LU,AT,1087.0,1339.0,-157.0,0,0,0
2026-03-10T13:00:00Z,DE-LU,FR,1594.0,2988.0,2329.0,0,0,0
2026-03-10T13:00:00Z,DE-LU,NL,887.0,1293.0,373.0,0,0,0
2026-03-10T13:00:00Z,DE-LU,PL,1511.0,2689.0,2051.0,0,0,0
2026-03-10T13:00:00Z,DE-LU,CZ,1221.0,3727.0,556.0,0,0,0
2026-03-10T13:00:00Z,DE-LU,DK1,537.0,823.0,119.0,0,0,0
2026-03-10T14:00:00Z,DE-LU,AT,497.0,1034.0,378.0,0,0,0
2026-03-10T14:00:00Z,DE-LU,FR,1766.0,4346.0,-1287.0,0,0,0
2026-03-10T14:00:00Z,DE-LU,NL,1611.0,3970.0,1312.0,0,0,0
2026-03-10T14:00:00Z,DE-LU,PL,1439.0,2207.0,273.0,0,0,0
2026-03-10T14:00:00Z,DE-LU,CZ,2501.0,3123.0,-1760.0,0,0,0
2026-03-10T14:00:00Z,DE-LU,DK1,3046.0,4487.0,353.0,0,0,0
2026-03-10T15:00:00Z,DE-LU,AT,1019.0,3194.0,-1305.0,8.42,0,0
2026-03-10T15:00:00Z,DE-LU,FR,1189.0,2262.0,-535.0,0,0,0
2026-03-10T15:00:00Z,DE-LU,NL,1121.0,2511.0,-1150.0,0,0,0
2026-03-10T15:00:00Z,DE-LU,PL,1289.0,3709.0,-739.0,1.97,0,22.0
2026-03-10T15:00:00Z,DE-LU,CZ,3361.0,4130.0,-2161.0,0,0,0
2026-03-10T15:00:00Z,DE-LU,DK1,1937.0,2663.0,-70.0,0,0,0
2026-03-10T16:00:00Z,DE-LU,AT,1172.0,1278.0,-692.0,0,0,0
2026-03-10T16:00:00Z,DE-LU,FR,2262.0,3430.0,-2611.0,0,0,0
2026-03-10T16:00:00Z,DE-LU,NL,696.0,1703.0,215.0,0,0,0
2026-03-10T16:00:00Z,DE-LU,PL,1634.0,2773.0,919.0,0,0,0
2026-03-10T16:00:00Z,DE-LU,CZ,690.0,1281.0,2.0,0,0,0
2026-03-10T16:00:00Z,DE-LU,DK1,839.0,1791.0,799.0,0,0,0
2026-03-10T17:00:00Z,DE-LU,AT,614.0,1385.0,1037.0,0,0,0
2026-03-10T17:00:00Z,DE-LU,FR,1098.0,2723.0,-429.0,0,0,0
2026-03-10T17:00:00Z,DE-LU,NL,444.0,1267.0,441.0,0,0,0
2026-03-10T17:00:00Z,DE-LU,PL,1623.0,2434.0,878.0,0,0,0
2026-03-10T17:00:00Z,DE-LU,CZ,825.0,2236.0,-212.0,2.03,0,0
2026-03-10T17:00:00Z,DE-LU,DK1,3352.0,3554.0,2263.0,0,0,0
2026-03-10T18:00:00Z,DE-LU,AT,1251.0,3272.0,-1260.0,6.14,77.0,0
2026-03-10T18:00:00Z,DE-LU,FR,1743.0,3578.0,-1553.0,0,0,0
2026-03-10T18:00:00Z,DE-LU,NL,528.0,871.0,-310.0,0,0,0
2026-03-10T18:00:00Z,DE-LU,PL,3420.0,4050.0,2988.0,0,0,0
2026-03-10T18:00:00Z,DE-LU,CZ,947.0,2959.0,-1565.0,0,0,0
2026-03-10T18:00:00Z,DE-LU,DK1,1441.0,2760.0,234.0,0,0,0
2026-03-10T19:00:00Z,DE-LU,AT,1915.0,2619.0,1380.0,0,0,0
2026-03-10T19:00:00Z,DE-LU,FR,3490.0,4047.0,-3095.0,0,0,0
2026-03-10T19:00:00Z,DE-LU,NL,850.0,918.0,365.0,0,0,0
2026-03-10T19:00:00Z,DE-LU,PL,1437.0,1778.0,-372.0,0,0,0
2026-03-10T19:00:00Z,DE-LU,CZ,437.0,872.0,-481.0,0,0,0
2026-03-10T19:00:00Z,DE-LU,DK1,2478.0,2920.0,-2215.0,0,0,0
2026-03-10T20:00:00Z,DE-LU,AT,775.0,967.0,453.0,0,0,0
2026-03-10T20:00:00Z,DE-LU,FR,828.0,1363.0,339.0,0,0,0
2026-03-10T20:00:00Z,DE-LU,NL,1761.0,3700.0,2586.0,0,0,0
2026-03-10T20:00:00Z,DE-LU,PL,893.0,1341.0,-204.0,0,0,0
2026-03-10T20:00:00Z,DE-LU,CZ,1141.0,3313.0,1485.0,5.75,0,0
2026-03-10T20:00:00Z,DE-LU,DK1,1827.0,2311.0,-637.0,0,0,0
2026-03-10T21:00:00Z,DE-LU,AT,2442.0,3484.0,-175.0,0,0,0
2026-03-10T21:00:00Z,DE-LU,FR,1402.0,1569.0,-1109.0,0,0,0
2026-03-10T21:00:00Z,DE-LU,NL,1350.0,3133.0,3.0,0,0,0
2026-03-10T21:00:00Z,DE-LU,PL,3554.0,3926.0,1879.0,0,0,0
2026-03-10T21:00:00Z,DE-LU,CZ,614.0,891.0,237.0,0,0,0
2026-03-10T21:00:00Z,DE-LU,DK1,1263.0,3600.0,1579.0,3.79,44.0,0
2026-03-10T22:00:00Z,DE-LU,AT,1991.0,2715.0,1034.0,0,0,0
2026-03-10T22:00:00Z,DE-LU,FR,2975.0,4458.0,-2690.0,0,0,0
2026-03-10T22:00:00Z,DE-LU,NL,639.0,842.0,316.0,0,0,0
2026-03-10T22:00:00Z,DE-LU,PL,2239.0,3831.0,-1136.0,0,0,0
2026-03-10T22:00:00Z,DE-LU,CZ,2095.0,4446.0,-3354.0,0,0,0
2026-03-10T22:00:00Z,DE-LU,DK1,432.0,1029.0,-647.0,0,0,0
2026-03-10T23:00:00Z,DE-LU,AT,3157.0,3361.0,-1635.0,0,0,0
2026-03-10T23:00:00Z,DE-LU,FR,2278.0,2729.0,-1792.0,0,0,0
2026-03-10T23:00:00Z,DE-LU,NL,1330.0,1900.0,-680.0,0,0,0
2026-03-10T23:00:00Z,DE-LU,PL,1433.0,3359.0,492.0,0,0,0
2026-03-10T23:00:00Z,DE-LU,CZ,482.0,804.0,-593.0,0,0,0
2026-03-10T23:00:00Z,DE-LU,DK1,1492.0,1708.0,-1212.0,0,0,0
2026-03-11T00:00:00Z,DE-LU,AT,3218.0,3404.0,1763.0,0,0,0
2026-03-11T00:00:00Z,DE-LU,FR,1494.0,2479.0,1050.0,0,0,0
2026-03-11T00:00:00Z,DE-LU,NL,2013.0,3450.0,-1772.0,0,0,0
2026-03-11T00:00:00Z,DE-LU,PL,2139.0,2582.0,1958.0,0,0,0
2026-03-11T00:00:00Z,DE-LU,CZ,1326.0,2953.0,507.0,0,0,0
2026-03-11T00:00:00Z,DE-LU,DK1,1185.0,2040.0,-840.0,0,0,0
2026-03-11T01:00:00Z,DE-LU,AT,1491.0,3598.0,2310.0,0,0,0
2026-03-11T01:00:00Z,DE-LU,FR,3073.0,3478.0,-1514.0,0,0,0
2026-03-11T01:00:00Z,DE-LU,NL,806.0,1662.0,-442.0,0,0,0
2026-03-11T01:00:00Z,DE-LU,PL,1086.0,1456.0,-734.0,0,0,0
2026-03-11T01:00:00Z,DE-LU,CZ,715.0,1700.0,-522.0,0,0,12.0
2026-03-11T01:00:00Z,DE-LU,DK1,866.0,1576.0,-139.0,0,0,0
2026-03-11T02:00:00Z,DE-LU,AT,697.0,903.0,22.0,0,0,0
2026-03-11T02:00:00Z,DE-LU,FR,1072.0,1287.0,437.0,0,0,0
2026-03-11T02:00:00Z,DE-LU,NL,765.0,1922.0,-687.0,7.72,69.0,0
2026-03-11T02:00:00Z,DE-LU,PL,1807.0,3665.0,1818.0,0,0,0
2026-03-11T02:00:00Z,DE-LU,CZ,1159.0,1682.0,-1248.0,0,0,0
2026-03-11T02:00:00Z,DE-LU,DK1,432.0,995.0,-621.0,0,0,0
2026-03-11T03:00:00Z,DE-LU,AT,1418.0,2990.0,-842.0,0,0,0
2026-03-11T03:00:00Z,DE-LU,FR,427.0,812.0,99.0,0,0,0
2026-03-11T03:00:00Z,DE-LU,NL,882.0,2719.0,-513.0,3.17,0,0
2026-03-11T03:00:00Z,DE-LU,PL,3661.0,4294.0,2915.0,0,0,0
2026-03-11T03:00:00Z,DE-LU,CZ,2338.0,2861.0,1708.0,0,0,0
2026-03-11T03:00:00Z,DE-LU,DK1,2216.0,3924.0,-1144.0,0,0,0
2026-03-11T04:00:00Z,DE-LU,AT,1777.0,4418.0,1915.0,0,0,0
2026-03-11T04:00:00Z,DE-LU,FR,1226.0,1393.0,-316.0,0,0,0
2026-03-11T04:00:00Z,DE-LU,NL,587.0,891.0,-174.0,0,0,0
2026-03-11T04:00:00Z,DE-LU,PL,1366.0,2288.0,1018.0,0,0,0
2026-03-11T04:00:00Z,DE-LU,CZ,1191.0,2401.0,-1376.0,0,0,0
2026-03-11T04:00:00Z,DE-LU,DK1,654.0,1658.0,1123.0,1.01,45.0,0
2026-03-11T05:00:00Z,DE-LU,AT,543.0,1661.0,256.0,5.11,72.0,0
2026-03-11T05:00:00Z,DE-LU,FR,2197.0,2623.0,-1616.0,0,0,0
2026-03-11T05:00:00Z,DE-LU,NL,1225.0,3594.0,1172.0,3.06,83.0,0
2026-03-11T05:00:00Z,DE-LU,PL,799.0,1737.0,-1374.0,0,0,0
2026-03-11T05:00:00Z,DE-LU,CZ,2204.0,3092.0,-2435.0,0,0,0
2026-03-11T05:00:00Z,DE-LU,DK1,991.0,3054.0,2098.0,0,0,0
2026-03-11T06:00:00Z,DE-LU,AT,914.0,2088.0,-179.0,0,0,0
2026-03-11T06:00:00Z,DE-LU,FR,1562.0,3678.0,-1628.0,0,0,0
2026-03-11T06:00:00Z,DE-LU,NL,1542.0,3521.0,2148.0,0,0,0
2026-03-11T06:00:00Z,DE-LU,PL,1600.0,2763.0,437.0,0,0,0
2026-03-11T06:00:00Z,DE-LU,CZ,1558.0,3950.0,1249.0,0.85,0,0
2026-03-11T06:00:00Z,DE-LU,DK1,3614.0,4234.0,2805.0,0,0,0
2026-03-11T07:00:00Z,DE-LU,AT,1582.0,2522.0,553.0,0,0,0
2026-03-11T07:00:00Z,DE-LU,FR,3125.0,3441.0,-916.0,0,0,0
2026-03-11T07:00:00Z,DE-LU,NL,3346.0,3651.0,443.0,0,0,0
2026-03-11T07:00:00Z,DE-LU,PL,672.0,1800.0,1051.0,5.82,0,0
2026-03-11T07:00:00Z,DE-LU,CZ,923.0,1136.0,561.0,0,0,0
2026-03-11T07:00:00Z,DE-LU,DK1,1198.0,3879.0,268.0,5.87,17.0,0
2026-03-11T08:00:00Z,DE-LU,AT,1258.0,2890.0,-1797.0,0,0,0
2026-03-11T08:00:00Z,DE-LU,FR,1574.0,4142.0,-3157.0,0,0,0
2026-03-11T08:00:00Z,DE-LU,NL,1753.0,1952.0,168.0,0,0,0
2026-03-11T08:00:00Z,DE-LU,PL,926.0,1437.0,286.0,0,0,0
2026-03-11T08:00:00Z,DE-LU,CZ,1374.0,1905.0,739.0,0,0,0
2026-03-11T08:00:00Z,DE-LU,DK1,2639.0,2865.0,-250.0,0,0,0
2026-03-11T09:00:00Z,DE-LU,AT,873.0,2595.0,556.0,0.08,0,0
2026-03-11T09:00:00Z,DE-LU,FR,859.0,1795.0,1243.0,0,0,0
2026-03-11T09:00:00Z,DE-LU,NL,1197.0,2376.0,-1154.0,0,0,0
2026-03-11T09:00:00Z,DE-LU,PL,2766.0,3825.0,20.0,0,0,0
2026-03-11T09:00:00Z,DE-LU,CZ,1763.0,2541.0,475.0,0,0,0
2026-03-11T09:00:00Z,DE-LU,DK1,1670.0,2153.0,-901.0,0,0,0
2026-03-11T10:00:00Z,DE-LU,AT,1701.0,4314.0,-1215.0,0,0,0
2026-03-11T10:00:00Z,DE-LU,FR,703.0,1124.0,383.0,0,0,0
2026-03-11T10:00:00Z,DE-LU,NL,664.0,1755.0,173.0,0,0,0
2026-03-11T10:00:00Z,DE-LU,PL,3129.0,3748.0,-344.0,0,0,0
2026-03-11T10:00:00Z,DE-LU,CZ,1183.0,1252.0,543.0,0,0,0
2026-03-11T10:00:00Z,DE-LU,DK1,1497.0,1787.0,-626.0,0,0,0
2026-03-11T11:00:00Z,DE-LU,AT,2811.0,3829.0,-2741.0,0,0,0
2026-03-11T11:00:00Z,DE-LU,FR,1632.0,3376.0,690.0,0,0,0
2026-03-11T11:00:00Z,DE-LU,NL,2612.0,3302.0,632.0,0,0,0
2026-03-11T11:00:00Z,DE-LU,PL,3200.0,4224.0,674.0,0,0,0
2026-03-11T11:00:00Z,DE-LU,CZ,2001.0,2523.0,-108.0,0,0,0
2026-03-11T11:00:00Z,DE-LU,DK1,1359.0,2387.0,-27.0,0,0,0
2026-03-11T12:00:00Z,DE-LU,AT,3147.0,3701.0,514.0,0,0,0
2026-03-11T12:00:00Z,DE-LU,FR,2460.0,3596.0,-1360.0,0,0,0
2026-03-11T12:00:00Z,DE-LU,NL,1683.0,4479.0,3182.0,5.65,0,0
2026-03-11T12:00:00Z,DE-LU,PL,2515.0,3166.0,-1856.0,0,0,0
2026-03-11T12:00:00Z,DE-LU,CZ,787.0,916.0,159.0,0,0,0
2026-03-11T12:00:00Z,DE-LU,DK1,1611.0,4431.0,-1757.0,1.58,11.0,0
2026-03-11T13:00:00Z,DE-LU,AT,2185.0,3510.0,-1109.0,0,0,0
2026-03-11T13:00:00Z,DE-LU,FR,2168.0,3883.0,-1458.0,0,0,0
2026-03-11T13:00:00Z,DE-LU,NL,1258.0,2663.0,-756.0,0,0,0
2026-03-11T13:00:00Z,DE-LU,PL,1213.0,1669.0,-1294.0,0,0,0
2026-03-11T13:00:00Z,DE-LU,CZ,1857.0,2069.0,-933.0,0,0,0
2026-03-11T13:00:00Z,DE-LU,DK1,1286.0,3088.0,-808.0,0,0,0
2026-03-11T14:00:00Z,DE-LU,AT,919.0,1328.0,359.0,0,0,0
2026-03-11T14:00:00Z,DE-LU,FR,4032.0,4351.0,196.0,0,0,0
2026-03-11T14:00:00Z,DE-LU,NL,2952.0,3875.0,-2350.0,0,0,0
2026-03-11T14:00:00Z,DE-LU,PL,1150.0,3099.0,-113.0,0,0,0
2026-03-11T14:00:00Z,DE-LU,CZ,1593.0,3076.0,1862.0,0,0,0
2026-03-11T14:00:00Z,DE-LU,DK1,2529.0,3334.0,-1930.0,0,0,0
2026-03-11T15:00:00Z,DE-LU,AT,2936.0,3600.0,-1216.0,0,0,38.0
2026-03-11T15:00:00Z,DE-LU,FR,701.0,2103.0,-1311.0,0.41,0,0
2026-03-11T15:00:00Z,DE-LU,NL,1261.0,3849.0,-2013.0,4.3,43.0,0
2026-03-11T15:00:00Z,DE-LU,PL,714.0,1642.0,273.0,0,0,0
2026-03-11T15:00:00Z,DE-LU,CZ,899.0,1181.0,388.0,0,0,0
2026-03-11T15:00:00Z,DE-LU,DK1,3678.0,4434.0,-3211.0,0,0,0
2026-03-11T16:00:00Z,DE-LU,AT,523.0,1691.0,-308.0,5.26,23.0,27.0
2026-03-11T16:00:00Z,DE-LU,FR,999.0,2235.0,-60.0,0,0,0
2026-03-11T16:00:00Z,DE-LU,NL,793.0,891.0,-4.0,0,0,0
2026-03-11T16:00:00Z,DE-LU,PL,920.0,2932.0,1058.0,0,0,0
2026-03-11T16:00:00Z,DE-LU,CZ,2470.0,3826.0,-1605.0,0,0,0
2026-03-11T16:00:00Z,DE-LU,DK1,2275.0,4487.0,984.0,0,0,0
2026-03-11T17:00:00Z,DE-LU,AT,995.0,2067.0,1022.0,0,0,0
2026-03-11T17:00:00Z,DE-LU,FR,1057.0,1469.0,980.0,0,0,0
2026-03-11T17:00:00Z,DE-LU,NL,2743.0,2975.0,-1615.0,0,0,0
2026-03-11T17:00:00Z,DE-LU,PL,1545.0,1813.0,-1184.0,0,0,28.0
2026-03-11T17:00:00Z,DE-LU,CZ,3153.0,3730.0,2813.0,0,0,0
2026-03-11T17:00:00Z,DE-LU,DK1,2350.0,3582.0,-44.0,0,0,0
2026-03-11T18:00:00Z,DE-LU,AT,1436.0,1562.0,-695.0,0,0,0
2026-03-11T18:00:00Z,DE-LU,FR,2590.0,4344.0,-210.0,0,0,0
2026-03-11T18:00:00Z,DE-LU,NL,794.0,1286.0,-628.0,0,0,0
2026-03-11T18:00:00Z,DE-LU,PL,458.0,905.0,-147.0,0,0,0
2026-03-11T18:00:00Z,DE-LU,CZ,4118.0,4348.0,295.0,0,0,0
2026-03-11T18:00:00Z,DE-LU,DK1,2234.0,3656.0,-2025.0,0,0,0
2026-03-11T19:00:00Z,DE-LU,AT,2312.0,3231.0,2451.0,0,0,0
2026-03-11T19:00:00Z,DE-LU,FR,3787.0,3994.0,1845.0,0,0,0
2026-03-11T19:00:00Z,DE-LU,NL,1781.0,2863.0,-2066.0,0,0,0
2026-03-11T19:00:00Z,DE-LU,PL,1418.0,3791.0,844.0,0,0,0
2026-03-11T19:00:00Z,DE-LU,CZ,1807.0,4306.0,1918.0,0,0,0
2026-03-11T19:00:00Z,DE-LU,DK1,691.0,1695.0,-979.0,0,0,0
2026-03-11T20:00:00Z,DE-LU,AT,1981.0,2808.0,787.0,0,0,0
2026-03-11T20:00:00Z,DE-LU,FR,1907.0,2874.0,-1803.0,0,0,0
2026-03-11T20:00:00Z,DE-LU,NL,1960.0,3849.0,1550.0,0,0,0
2026-03-11T20:00:00Z,DE-LU,PL,872.0,1451.0,1148.0,0,0,0
2026-03-11T20:00:00Z,DE-LU,CZ,3163.0,3970.0,2511.0,0,0,0
2026-03-11T20:00:00Z,DE-LU,DK1,1725.0,2910.0,-2016.0,0,0,0
2026-03-11T21:00:00Z,DE-LU,AT,1098.0,1511.0,-567.0,0,0,0
2026-03-11T21:00:00Z,DE-LU,FR,2282.0,3436.0,-614.0,0,0,0
2026-03-11T21:00:00Z,DE-LU,NL,4158.0,4379.0,-2073.0,0,0,5.0
2026-03-11T21:00:00Z,DE-LU,PL,1206.0,3165.0,-2312.0,3.35,13.0,0
2026-03-11T21:00:00Z,DE-LU,CZ,1001.0,2835.0,70.0,0,0,0
2026-03-11T21:00:00Z,DE-LU,DK1,884.0,1273.0,969.0,0,0,0
2026-03-11T22:00:00Z,DE-LU,AT,1181.0,1781.0,683.0,0,0,0
2026-03-11T22:00:00Z,DE-LU,FR,1817.0,4368.0,167.0,0,0,0
2026-03-11T22:00:00Z,DE-LU,NL,1630.0,1838.0,-51.0,0,0,0
2026-03-11T22:00:00Z,DE-LU,PL,2514.0,4044.0,665.0,0,0,0
2026-03-11T22:00:00Z,DE-LU,CZ,2547.0,3806.0,-2372.0,0,0,0
2026-03-11T22:00:00Z,DE-LU,DK1,331.0,1044.0,-120.0,5.13,0,0
2026-03-11T23:00:00Z,DE-LU,AT,2374.0,3053.0,-1340.0,0,0,8.0
2026-03-11T23:00:00Z,DE-LU,FR,1025.0,2315.0,1325.0,0,0,0
2026-03-11T23:00:00Z,DE-LU,NL,1168.0,1618.0,1019.0,0,0,0
2026-03-11T23:00:00Z,DE-LU,PL,1203.0,1623.0,-27.0,0,0,0
2026-03-11T23:00:00Z,DE-LU,CZ,2715.0,3763.0,-340.0,0,0,0
2026-03-11T23:00:00Z,DE-LU,DK1,1547.0,3028.0,-1637.0,0,0,0
2026-03-12T00:00:00Z,DE-LU,AT,819.0,2015.0,0.0,0,0,0
2026-03-12T00:00:00Z,DE-LU,FR,2480.0,3000.0,286.0,0,0,0
2026-03-12T00:00:00Z,DE-LU,NL,1224.0,1335.0,-235.0,0,0,0
2026-03-12T00:00:00Z,DE-LU,PL,2244.0,3870.0,2901.0,0,0,0
2026-03-12T00:00:00Z,DE-LU,CZ,1213.0,4007.0,-2358.0,1.3,0,0
2026-03-12T00:00:00Z,DE-LU,DK1,1141.0,1772.0,821.0,0,0,0
2026-03-12T01:00:00Z,DE-LU,AT,1546.0,2134.0,793.0,0,0,0
2026-03-12T01:00:00Z,DE-LU,FR,2198.0,3067.0,-370.0,0,0,0
2026-03-12T01:00:00Z,DE-LU,NL,1554.0,3424.0,2370.0,0,0,0
2026-03-12T01:00:00Z,DE-LU,PL,1169.0,1316.0,-934.0,0,0,0
2026-03-12T01:00:00Z,DE-LU,CZ,540.0,996.0,174.0,0,0,0
2026-03-12T01:00:00Z,DE-LU,DK1,2299.0,2905.0,502.0,0,0,0
2026-03-12T02:00:00Z,DE-LU,AT,1327.0,1704.0,1328.0,0,0,0
2026-03-12T02:00:00Z,DE-LU,FR,1742.0,3142.0,-12.0,0,0,0
2026-03-12T02:00:00Z,DE-LU,NL,890.0,2473.0,1826.0,0,0,0
2026-03-12T02:00:00Z,DE-LU,PL,1093.0,2666.0,-2124.0,0,0,0
2026-03-12T02:00:00Z,DE-LU,CZ,1662.0,2694.0,-118.0,0,0,0
2026-03-12T02:00:00Z,DE-LU,DK1,1571.0,1812.0,739.0,0,0,0
2026-03-12T03:00:00Z,DE-LU,AT,402.0,821.0,612.0,0,0,0
2026-03-12T03:00:00Z,DE-LU,FR,1286.0,3229.0,1868.0,2.28,11.0,0
2026-03-12T03:00:00Z,DE-LU,NL,636.0,1092.0,573.0,0,0,0
2026-03-12T03:00:00Z,DE-LU,PL,2295.0,4097.0,1339.0,0,0,0
2026-03-12T03:00:00Z,DE-LU,CZ,812.0,2278.0,-56.0,6.62,101.0,0
2026-03-12T03:00:00Z,DE-LU,DK1,2235.0,3730.0,-1467.0,0,0,0
2026-03-12T04:00:00Z,DE-LU,AT,385.0,845.0,17.0,0,0,0
2026-03-12T04:00:00Z,DE-LU,FR,2353.0,4398.0,-1167.0,0,0,0
2026-03-12T04:00:00Z,DE-LU,NL,1873.0,2003.0,547.0,0,0,0
2026-03-12T04:00:00Z,DE-LU,PL,571.0,914.0,-629.0,0,0,0
2026-03-12T04:00:00Z,DE-LU,CZ,2539.0,3262.0,2198.0,0,0,0
2026-03-12T04:00:00Z,DE-LU,DK1,1317.0,1808.0,-1230.0,0,0,0
2026-03-12T05:00:00Z,DE-LU,AT,761.0,2484.0,-421.0,0,0,0
2026-03-12T05:00:00Z,DE-LU,FR,848.0,2591.0,-1902.0,2.42,57.0,0
2026-03-12T05:00:00Z,DE-LU,NL,1085.0,1492.0,-1115.0,0,0,0
2026-03-12T05:00:00Z,DE-LU,PL,1463.0,3977.0,-2465.0,0,0,0
2026-03-12T05:00:00Z,DE-LU,CZ,812.0,2041.0,1020.0,0,0,0
2026-03-12T05:00:00Z,DE-LU,DK1,1442.0,1860.0,-798.0,0,0,0
2026-03-12T06:00:00Z,DE-LU,AT,791.0,1440.0,-296.0,0,0,0
2026-03-12T06:00:00Z,DE-LU,FR,637.0,876.0,-421.0,0,0,0
2026-03-12T06:00:00Z,DE-LU,NL,1606.0,3452.0,652.0,0,0,0
2026-03-12T06:00:00Z,DE-LU,PL,1796.0,2450.0,-451.0,0,0,0
2026-03-12T06:00:00Z,DE-LU,CZ,3100.0,4083.0,984.0,0,0,0
2026-03-12T06:00:00Z,DE-LU,DK1,703.0,2332.0,-329.0,0,0,0
2026-03-12T07:00:00Z,DE-LU,AT,1428.0,2459.0,-1763.0,0,0,0
2026-03-12T07:00:00Z,DE-LU,FR,1361.0,3348.0,354.0,0,0,0
2026-03-12T07:00:00Z,DE-LU,NL,1202.0,2565.0,487.0,0,0,0
2026-03-12T07:00:00Z,DE-LU,PL,2051.0,3996.0,2170.0,0,0,0
2026-03-12T07:00:00Z,DE-LU,CZ,736.0,2010.0,987.0,0.44,0,0
2026-03-12T07:00:00Z,DE-LU,DK1,2840.0,4291.0,-132.0,0,0,0
2026-03-12T08:00:00Z,DE-LU,AT,1273.0,1389.0,692.0,0,0,0
2026-03-12T08:00:00Z,DE-LU,FR,2103.0,4301.0,-336.0,0,0,0
2026-03-12T08:00:00Z,DE-LU,NL,1297.0,1500.0,300.0,0,0,0
2026-03-12T08:00:00Z,DE-LU,PL,789.0,1314.0,658.0,0,0,0
2026-03-12T08:00:00Z,DE-LU,CZ,1214.0,2241.0,-692.0,0,0,0
2026-03-12T08:00:00Z,DE-LU,DK1,1654.0,2337.0,-1865.0,0,0,0
2026-03-12T09:00:00Z,DE-LU,AT,1602.0,2497.0,401.0,0,0,0
2026-03-12T09:00:00Z,DE-LU,FR,1154.0,3172.0,363.0,4.07,0,0
2026-03-12T09:00:00Z,DE-LU,NL,888.0,1887.0,478.0,0,0,0
2026-03-12T09:00:00Z,DE-LU,PL,1375.0,3626.0,1239.0,0,0,0
2026-03-12T09:00:00Z,DE-LU,CZ,1049.0,3375.0,-1881.0,3.79,10.0,0
2026-03-12T09:00:00Z,DE-LU,DK1,748.0,2119.0,-1266.0,0,0,0
2026-03-12T10:00:00Z,DE-LU,AT,895.0,1224.0,-563.0,0,0,0
2026-03-12T10:00:00Z,DE-LU,FR,3119.0,4232.0,209.0,0,0,0
2026-03-12T10:00:00Z,DE-LU,NL,1621.0,2886.0,-864.0,0,0,0
2026-03-12T10:00:00Z,DE-LU,PL,1361.0,4369.0,399.0,3.75,60.0,0
2026-03-12T10:00:00Z,DE-LU,CZ,3932.0,4217.0,-622.0,0,0,0
2026-03-12T10:00:00Z,DE-LU,DK1,2004.0,2256.0,316.0,0,0,0.0
2026-03-12T11:00:00Z,DE-LU,AT,566.0,1622.0,-888.0,0,0,0
2026-03-12T11:00:00Z,DE-LU,FR,1519.0,2542.0,1537.0,0,0,0
2026-03-12T11:00:00Z,DE-LU,NL,2823.0,3705.0,2415.0,0,0,0
2026-03-12T11:00:00Z,DE-LU,PL,1849.0,2441.0,-997.0,0,0,12.0
2026-03-12T11:00:00Z,DE-LU,CZ,1478.0,1880.0,-1325.0,0,0,0
2026-03-12T11:00:00Z,DE-LU,DK1,1916.0,2248.0,-115.0,0,0,0
2026-03-12T12:00:00Z,DE-LU,AT,1742.0,1839.0,-1205.0,0,0,0
2026-03-12T12:00:00Z,DE-LU,FR,1232.0,2029.0,1031.0,0,0,18.0
2026-03-12T12:00:00Z,DE-LU,NL,1859.0,2004.0,536.0,0,0,0
2026-03-12T12:00:00Z,DE-LU,PL,727.0,1770.0,-427.0,0,0,0
2026-03-12T12:00:00Z,DE-LU,CZ,1920.0,2626.0,-1610.0,0,0,0
2026-03-12T12:00:00Z,DE-LU,DK1,1550.0,4370.0,-556.0,3.79,24.0,0
2026-03-12T13:00:00Z,DE-LU,AT,1370.0,3043.0,459.0,0,0,0
2026-03-12T13:00:00Z,DE-LU,FR,825.0,1095.0,-278.0,0,0,0
2026-03-12T13:00:00Z,DE-LU,NL,1956.0,2316.0,-854.0,0,0,0
2026-03-12T13:00:00Z,DE-LU,PL,1658.0,4060.0,1908.0,0,0,0
2026-03-12T13:00:00Z,DE-LU,CZ,3012.0,3275.0,1100.0,0,0,0
2026-03-12T13:00:00Z,DE-LU,DK1,513.0,1449.0,-295.0,0,0,0
2026-03-12T14:00:00Z,DE-LU,AT,1290.0,1640.0,1311.0,0,0,0
2026-03-12T14:00:00Z,DE-LU,FR,3213.0,3708.0,-1911.0,0,0,0
2026-03-12T14:00:00Z,DE-LU,NL,2707.0,3374.0,1606.0,0,0,0
2026-03-12T14:00:00Z,DE-LU,PL,3131.0,3702.0,-1420.0,0,0,0
2026-03-12T14:00:00Z,DE-LU,CZ,3044.0,3948.0,-598.0,0,0,0
2026-03-12T14:00:00Z,DE-LU,DK1,1812.0,2770.0,2049.0,0,0,0
2026-03-12T15:00:00Z,DE-LU,AT,979.0,2011.0,1335.0,0,0,0
2026-03-12T15:00:00Z,DE-LU,FR,1863.0,4286.0,1210.0,0,0,0
2026-03-12T15:00:00Z,DE-LU,NL,952.0,1248.0,-848.0,0,0,0
2026-03-12T15:00:00Z,DE-LU,PL,592.0,1665.0,-36.0,2.66,0,0
2026-03-12T15:00:00Z,DE-LU,CZ,1018.0,3023.0,-1741.0,8.1,0,0
2026-03-12T15:00:00Z,DE-LU,DK1,1069.0,1531.0,37.0,0,0,0
2026-03-12T16:00:00Z,DE-LU,AT,1586.0,1977.0,1380.0,0,0,0
2026-03-12T16:00:00Z,DE-LU,FR,831.0,2589.0,1868.0,0.22,0,0
2026-03-12T16:00:00Z,DE-LU,NL,1198.0,3358.0,-1054.0,0,0,0
2026-03-12T16:00:00Z,DE-LU,PL,1277.0,4060.0,-206.0,7.98,16.0,0
2026-03-12T16:00:00Z,DE-LU,CZ,1531.0,4364.0,-868.0,4.11,47.0,0
2026-03-12T16:00:00Z,DE-LU,DK1,3606.0,3913.0,-703.0,0,0,0
2026-03-12T17:00:00Z,DE-LU,AT,1334.0,4043.0,1843.0,0,0,0
2026-03-12T17:00:00Z,DE-LU,FR,2388.0,3872.0,-2236.0,0,0,0
2026-03-12T17:00:00Z,DE-LU,NL,2570.0,2773.0,-344.0,0,0,0
2026-03-12T17:00:00Z,DE-LU,PL,1135.0,2214.0,-1616.0,0,0,0
2026-03-12T17:00:00Z,DE-LU,CZ,3411.0,4108.0,190.0,0,0,0
2026-03-12T17:00:00Z,DE-LU,DK1,1399.0,3199.0,391.0,0,0,0
2026-03-12T18:00:00Z,DE-LU,AT,1186.0,1289.0,-134.0,0,0,0
2026-03-12T18:00:00Z,DE-LU,FR,2075.0,3121.0,-2294.0,0,0,0
2026-03-12T18:00:00Z,DE-LU,NL,438.0,897.0,408.0,0,0,0
2026-03-12T18:00:00Z,DE-LU,PL,1263.0,3419.0,-489.0,0.97,0,0
2026-03-12T18:00:00Z,DE-LU,CZ,2030.0,3403.0,920.0,0,0,0
2026-03-12T18:00:00Z,DE-LU,DK1,625.0,1354.0,343.0,0,0,0
2026-03-12T19:00:00Z,DE-LU,AT,3219.0,4358.0,2817.0,0,0,0
2026-03-12T19:00:00Z,DE-LU,FR,2546.0,2686.0,1713.0,0,0,0
2026-03-12T19:00:00Z,DE-LU,NL,1678.0,2238.0,300.0,0,0,0
2026-03-12T19:00:00Z,DE-LU,PL,2059.0,2206.0,1290.0,0,0,0
2026-03-12T19:00:00Z,DE-LU,CZ,542.0,1770.0,-438.0,0,0,0
2026-03-12T19:00:00Z,DE-LU,DK1,2907.0,4126.0,-61.0,0,0,0
2026-03-12T20:00:00Z,DE-LU,AT,1586.0,2075.0,346.0,0,0,0
2026-03-12T20:00:00Z,DE-LU,FR,2739.0,3831.0,670.0,0,0,0
2026-03-12T20:00:00Z,DE-LU,NL,1036.0,1149.0,-597.0,0,0,0
2026-03-12T20:00:00Z,DE-LU,PL,2143.0,2914.0,-2073.0,0,0,0
2026-03-12T20:00:00Z,DE-LU,CZ,3314.0,4441.0,-1407.0,0,0,0
2026-03-12T20:00:00Z,DE-LU,DK1,3476.0,4077.0,-1731.0,0,0,0
2026-03-12T21:00:00Z,DE-LU,AT,3563.0,4404.0,1532.0,0,0,0
2026-03-12T21:00:00Z,DE-LU,FR,865.0,1293.0,24.0,0,0,0
2026-03-12T21:00:00Z,DE-LU,NL,1240.0,1873.0,607.0,0,0,0
2026-03-12T21:00:00Z,DE-LU,PL,2766.0,3007.0,14.0,0,0,0
2026-03-12T21:00:00Z,DE-LU,CZ,2727.0,3481.0,68.0,0,0,0
2026-03-12T21:00:00Z,DE-LU,DK1,2200.0,3025.0,260.0,0,0,0
2026-03-12T22:00:00Z,DE-LU,AT,1204.0,3975.0,-2821.0,3.3,38.0,0
2026-03-12T22:00:00Z,DE-LU,FR,2179.0,2817.0,-916.0,0,0,0
2026-03-12T22:00:00Z,DE-LU,NL,2040.0,4386.0,-2951.0,0,0,0
2026-03-12T22:00:00Z,DE-LU,PL,780.0,922.0,463.0,0,0,0
2026-03-12T22:00:00Z,DE-LU,CZ,1890.0,2281.0,747.0,0,0,0
2026-03-12T22:00:00Z,DE-LU,DK1,1195.0,1316.0,971.0,0,0,0
2026-03-12T23:00:00Z,DE-LU,AT,884.0,2506.0,877.0,0,0,5.0
2026-03-12T23:00:00Z,DE-LU,FR,1860.0,2006.0,-462.0,0,0,0
2026-03-12T23:00:00Z,DE-LU,NL,717.0,1875.0,102.0,0,0,0
2026-03-12T23:00:00Z,DE-LU,PL,667.0,1953.0,1014.0,3.39,14.0,0
2026-03-12T23:00:00Z,DE-LU,CZ,729.0,1497.0,-782.0,0,0,0
2026-03-12T23:00:00Z,DE-LU,DK1,1301.0,3653.0,-331.0,0,0,0
2026-03-13T00:00:00Z,DE-LU,AT,879.0,2109.0,-718.0,0,0,0
2026-03-13T00:00:00Z,DE-LU,FR,481.0,920.0,-620.0,0,0,0
2026-03-13T00:00:00Z,DE-LU,NL,505.0,1680.0,173.0,0.87,0,0
2026-03-13T00:00:00Z,DE-LU,PL,1227.0,3058.0,-521.0,0,0,0
2026-03-13T00:00:00Z,DE-LU,CZ,4105.0,4325.0,1853.0,0,0,0
2026-03-13T00:00:00Z,DE-LU,DK1,707.0,1620.0,485.0,0,0,0
2026-03-13T01:00:00Z,DE-LU,AT,2978.0,3253.0,2107.0,0,0,0
2026-03-13T01:00:00Z,DE-LU,FR,1603.0,3313.0,-2431.0,0,0,0
2026-03-13T01:00:00Z,DE-LU,NL,1160.0,1237.0,-306.0,0,0,0
2026-03-13T01:00:00Z,DE-LU,PL,698.0,1149.0,-463.0,0,0,0
2026-03-13T01:00:00Z,DE-LU,CZ,2329.0,4414.0,160.0,0,0,0
2026-03-13T01:00:00Z,DE-LU,DK1,1303.0,1632.0,48.0,0,0,0
2026-03-13T02:00:00Z,DE-LU,AT,705.0,1792.0,959.0,10.38,0,0
2026-03-13T02:00:00Z,DE-LU,FR,646.0,973.0,520.0,0,0,0
2026-03-13T02:00:00Z,DE-LU,NL,633.0,877.0,253.0,0,0,0
2026-03-13T02:00:00Z,DE-LU,PL,817.0,996.0,-730.0,0,0,0
2026-03-13T02:00:00Z,DE-LU,CZ,2518.0,3117.0,-291.0,0,0,0
2026-03-13T02:00:00Z,DE-LU,DK1,961.0,1388.0,-492.0,0,0,0
2026-03-13T03:00:00Z,DE-LU,AT,442.0,935.0,-658.0,0,0,0
2026-03-13T03:00:00Z,DE-LU,FR,1573.0,2425.0,177.0,0,0,0
2026-03-13T03:00:00Z,DE-LU,NL,1435.0,2279.0,-390.0,0,0,0
2026-03-13T03:00:00Z,DE-LU,PL,1340.0,1564.0,-914.0,0,0,13.0
2026-03-13T03:00:00Z,DE-LU,CZ,995.0,2229.0,-1591.0,0,0,0
2026-03-13T03:00:00Z,DE-LU,DK1,2435.0,4109.0,-3163.0,0,0,0
2026-03-13T04:00:00Z,DE-LU,AT,2331.0,2976.0,-1842.0,0,0,0
2026-03-13T04:00:00Z,DE-LU,FR,566.0,1251.0,-153.0,0,0,0
2026-03-13T04:00:00Z,DE-LU,NL,906.0,1422.0,255.0,0,0,0
2026-03-13T04:00:00Z,DE-LU,PL,254.0,835.0,-229.0,5.64,29.0,0
2026-03-13T04:00:00Z,DE-LU,CZ,2292.0,2560.0,1029.0,0,0,0
2026-03-13T04:00:00Z,DE-LU,DK1,2027.0,3431.0,2667.0,0,0,0
2026-03-13T05:00:00Z,DE-LU,AT,2752.0,3615.0,602.0,0,0,0
2026-03-13T05:00:00Z,DE-LU,FR,1145.0,3796.0,-2920.0,6.47,0,0
2026-03-13T05:00:00Z,DE-LU,NL,2666.0,3318.0,2095.0,0,0,0
2026-03-13T05:00:00Z,DE-LU,PL,3035.0,4345.0,1731.0,0,0,0
2026-03-13T05:00:00Z,DE-LU,CZ,2904.0,4279.0,2063.0,0,0,0
2026-03-13T05:00:00Z,DE-LU,DK1,1639.0,4385.0,298.0,2.27,0,0
2026-03-13T06:00:00Z,DE-LU,AT,1165.0,2246.0,-1179.0,0,0,0
2026-03-13T06:00:00Z,DE-LU,FR,3250.0,3871.0,2768.0,0,0,0
2026-03-13T06:00:00Z,DE-LU,NL,3440.0,4038.0,219.0,0,0,0
2026-03-13T06:00:00Z,DE-LU,PL,2951.0,4125.0,-2012.0,0,0,0
2026-03-13T06:00:00Z,DE-LU,CZ,2441.0,3160.0,424.0,0,0,0
2026-03-13T06:00:00Z,DE-LU,DK1,1043.0,3382.0,-1047.0,0,0,0
2026-03-13T07:00:00Z,DE-LU,AT,2190.0,3328.0,2139.0,0,0,0
2026-03-13T07:00:00Z,DE-LU,FR,3196.0,3390.0,-2588.0,0,0,0
2026-03-13T07:00:00Z,DE-LU,NL,1829.0,2025.0,-1191.0,0,0,0
2026-03-13T07:00:00Z,DE-LU,PL,533.0,1569.0,492.0,3.05,30.0,0
2026-03-13T07:00:00Z,DE-LU,CZ,1307.0,2827.0,-271.0,0,0,0
2026-03-13T07:00:00Z,DE-LU,DK1,359.0,905.0,-532.0,0,0,0
2026-03-13T08:00:00Z,DE-LU,AT,2510.0,3070.0,-1509.0,0,0,0
2026-03-13T08:00:00Z,DE-LU,FR,686.0,1751.0,1372.0,0,0,0
2026-03-13T08:00:00Z,DE-LU,NL,370.0,1139.0,778.0,4.67,0,0
2026-03-13T08:00:00Z,DE-LU,PL,3196.0,3926.0,444.0,0,0,0
2026-03-13T08:00:00Z,DE-LU,CZ,363.0,1038.0,-19.0,0,0,0
2026-03-13T08:00:00Z,DE-LU,DK1,2082.0,3287.0,-1535.0,0,0,0
2026-03-13T09:00:00Z,DE-LU,AT,1028.0,3066.0,-951.0,0,0,0
2026-03-13T09:00:00Z,DE-LU,FR,2372.0,2892.0,1477.0,0,0,0
2026-03-13T09:00:00Z,DE-LU,NL,2849.0,3769.0,1762.0,0,0,0
2026-03-13T09:00:00Z,DE-LU,PL,2240.0,2504.0,1809.0,0,0,0
2026-03-13T09:00:00Z,DE-LU,CZ,2422.0,4170.0,-1716.0,0,0,0
2026-03-13T09:00:00Z,DE-LU,DK1,1898.0,4161.0,2856.0,0,0,0
2026-03-13T10:00:00Z,DE-LU,AT,1167.0,1431.0,468.0,0,0,0
2026-03-13T10:00:00Z,DE-LU,FR,2745.0,3437.0,-32.0,0,0,11.0
2026-03-13T10:00:00Z,DE-LU,NL,2634.0,4406.0,-38.0,0,0,0
2026-03-13T10:00:00Z,DE-LU,PL,2858.0,4475.0,1887.0,0,0,0
2026-03-13T10:00:00Z,DE-LU,CZ,939.0,2393.0,-550.0,0,0,0
2026-03-13T10:00:00Z,DE-LU,DK1,2165.0,2303.0,-1747.0,0,0,0
2026-03-13T11:00:00Z,DE-LU,AT,2467.0,3093.0,1398.0,0,0,0
2026-03-13T11:00:00Z,DE-LU,FR,699.0,1295.0,964.0,0,0,0
2026-03-13T11:00:00Z,DE-LU,NL,469.0,1170.0,704.0,0,0,0
2026-03-13T11:00:00Z,DE-LU,PL,1035.0,1947.0,806.0,0,0,0
2026-03-13T11:00:00Z,DE-LU,CZ,1440.0,2405.0,1847.0,0,0,0
2026-03-13T11:00:00Z,DE-LU,DK1,2044.0,2186.0,1698.0,0,0,0
2026-03-13T12:00:00Z,DE-LU,AT,1725.0,2264.0,110.0,0,0,0
2026-03-13T12:00:00Z,DE-LU,FR,1915.0,2072.0,-408.0,0,0,0
2026-03-13T12:00:00Z,DE-LU,NL,3139.0,3464.0,-912.0,0,0,0
2026-03-13T12:00:00Z,DE-LU,PL,1614.0,2082.0,-90.0,0,0,0
2026-03-13T12:00:00Z,DE-LU,CZ,2396.0,3041.0,-445.0,0,0,0
2026-03-13T12:00:00Z,DE-LU,DK1,1337.0,2591.0,651.0,0,0,0
2026-03-13T13:00:00Z,DE-LU,AT,1043.0,1558.0,-89.0,0,0,0
2026-03-13T13:00:00Z,DE-LU,FR,754.0,2428.0,1225.0,0,0,0
2026-03-13T13:00:00Z,DE-LU,NL,3284.0,4041.0,-1530.0,0,0,0
2026-03-13T13:00:00Z,DE-LU,PL,1643.0,3947.0,2522.0,0,0,0
2026-03-13T13:00:00Z,DE-LU,CZ,1447.0,3856.0,-2900.0,0,0,0
2026-03-13T13:00:00Z,DE-LU,DK1,619.0,1821.0,15.0,0,0,0
2026-03-13T14:00:00Z,DE-LU,AT,2454.0,4109.0,1787.0,0,0,0
2026-03-13T14:00:00Z,DE-LU,FR,1473.0,2174.0,-516.0,0,0,0
2026-03-13T14:00:00Z,DE-LU,NL,2012.0,4095.0,1080.0,0,0,0
2026-03-13T14:00:00Z,DE-LU,PL,2785.0,4213.0,1675.0,0,0,0
2026-03-13T14:00:00Z,DE-LU,CZ,2238.0,3342.0,618.0,0,0,0
2026-03-13T14:00:00Z,DE-LU,DK1,637.0,1037.0,523.0,0,0,0
2026-03-13T15:00:00Z,DE-LU,AT,1719.0,2700.0,833.0,0,0,0
2026-03-13T15:00:00Z,DE-LU,FR,3008.0,3329.0,-88.0,0,0,0
2026-03-13T15:00:00Z,DE-LU,NL,1862.0,3645.0,-740.0,0,0,0
2026-03-13T15:00:00Z,DE-LU,PL,1154.0,1927.0,1048.0,0,0,0
2026-03-13T15:00:00Z,DE-LU,CZ,1576.0,1672.0,-1307.0,0,0,0
2026-03-13T15:00:00Z,DE-LU,DK1,911.0,1839.0,232.0,0,0,0
2026-03-13T16:00:00Z,DE-LU,AT,1032.0,1448.0,-312.0,0,0,0
2026-03-13T16:00:00Z,DE-LU,FR,334.0,1094.0,75.0,0,0,0
2026-03-13T16:00:00Z,DE-LU,NL,927.0,1012.0,-201.0,0,0,0
2026-03-13T16:00:00Z,DE-LU,PL,1223.0,4049.0,-1263.0,5.68,7.0,0
2026-03-13T16:00:00Z,DE-LU,CZ,995.0,2103.0,407.0,0,0,0
2026-03-13T16:00:00Z,DE-LU,DK1,1547.0,3879.0,1203.0,0,0,0
2026-03-13T17:00:00Z,DE-LU,AT,802.0,1025.0,-784.0,0,0,0
2026-03-13T17:00:00Z,DE-LU,FR,781.0,1273.0,283.0,0,0,0
2026-03-13T17:00:00Z,DE-LU,NL,2064.0,2815.0,-153.0,0,0,0
2026-03-13T17:00:00Z,DE-LU,PL,1306.0,3301.0,609.0,0,0,0
2026-03-13T17:00:00Z,DE-LU,CZ,1902.0,2684.0,260.0,0,0,0
2026-03-13T17:00:00Z,DE-LU,DK1,2579.0,3513.0,-2144.0,0,0,0
2026-03-13T18:00:00Z,DE-LU,AT,1237.0,3818.0,-3025.0,0,0,0
2026-03-13T18:00:00Z,DE-LU,FR,723.0,1068.0,-286.0,0,0,0
2026-03-13T18:00:00Z,DE-LU,NL,1468.0,2203.0,295.0,0,0,0
2026-03-13T18:00:00Z,DE-LU,PL,3295.0,4329.0,-2971.0,0,0,0
2026-03-13T18:00:00Z,DE-LU,CZ,1906.0,3392.0,-295.0,0,0,0
2026-03-13T18:00:00Z,DE-LU,DK1,1746.0,3884.0,-624.0,0,0,0
2026-03-13T19:00:00Z,DE-LU,AT,436.0,1246.0,647.0,0,0,0
2026-03-13T19:00:00Z,DE-LU,FR,2238.0,3882.0,911.0,0,0,0
2026-03-13T19:00:00Z,DE-LU,NL,2499.0,3947.0,409.0,0,0,0
2026-03-13T19:00:00Z,DE-LU,PL,1795.0,3476.0,603.0,0,0,0
2026-03-13T19:00:00Z,DE-LU,CZ,1920.0,2517.0,-463.0,0,0,0
2026-03-13T19:00:00Z,DE-LU,DK1,1042.0,2525.0,1570.0,0,0,0
2026-03-13T20:00:00Z,DE-LU,AT,1403.0,1528.0,-20.0,0,0,0
2026-03-13T20:00:00Z,DE-LU,FR,1689.0,2872.0,1421.0,0,0,0
2026-03-13T20:00:00Z,DE-LU,NL,1892.0,3088.0,843.0,0,0,0
2026-03-13T20:00:00Z,DE-LU,PL,1797.0,4232.0,3303.0,0,0,0
2026-03-13T20:00:00Z,DE-LU,CZ,1959.0,3686.0,1410.0,0,0,0
2026-03-13T20:00:00Z,DE-LU,DK1,1119.0,2547.0,1609.0,0,0,0
2026-03-13T21:00:00Z,DE-LU,AT,2099.0,2339.0,1277.0,0,0,0
2026-03-13T21:00:00Z,DE-LU,FR,3860.0,4318.0,-1687.0,0,0,0
2026-03-13T21:00:00Z,DE-LU,NL,1175.0,1377.0,-837.0,0,0,0
2026-03-13T21:00:00Z,DE-LU,PL,1375.0,1683.0,324.0,0,0,0
2026-03-13T21:00:00Z,DE-LU,CZ,1291.0,1423.0,-1111.0,0,0,0
2026-03-13T21:00:00Z,DE-LU,DK1,1314.0,3005.0,547.0,0,0,0
2026-03-13T22:00:00Z,DE-LU,AT,3130.0,3332.0,-1979.0,0,0,0
2026-03-13T22:00:00Z,DE-LU,FR,1283.0,2135.0,184.0,0,0,0
2026-03-13T22:00:00Z,DE-LU,NL,3206.0,3504.0,1244.0,0,0,0
2026-03-13T22:00:00Z,DE-LU,PL,1191.0,1400.0,355.0,0,0,0
2026-03-13T22:00:00Z,DE-LU,CZ,1460.0,4012.0,-715.0,0,0,0
2026-03-13T22:00:00Z,DE-LU,DK1,1791.0,3652.0,1694.0,0,0,0
2026-03-13T23:00:00Z,DE-LU,AT,1503.0,2950.0,1007.0,0,0,0
2026-03-13T23:00:00Z,DE-LU,FR,3254.0,3938.0,-1920.0,0,0,0
2026-03-13T23:00:00Z,DE-LU,NL,1980.0,3867.0,-621.0,0,0,0
2026-03-13T23:00:00Z,DE-LU,PL,2081.0,2503.0,-423.0,0,0,0
2026-03-13T23:00:00Z,DE-LU,CZ,1315.0,2027.0,1194.0,0,0,0
2026-03-13T23:00:00Z,DE-LU,DK1,745.0,2044.0,-516.0,0,0,0
2026-03-14T00:00:00Z,DE-LU,AT,1938.0,2112.0,-252.0,0,0,0
2026-03-14T00:00:00Z,DE-LU,FR,520.0,970.0,709.0,0,0,0
2026-03-14T00:00:00Z,DE-LU,NL,540.0,913.0,-393.0,0,0,0
2026-03-14T00:00:00Z,DE-LU,PL,657.0,1151.0,-534.0,0,0,0
2026-03-14T00:00:00Z,DE-LU,CZ,1549.0,2984.0,-757.0,0,0,0
2026-03-14T00:00:00Z,DE-LU,DK1,2554.0,3354.0,-637.0,0,0,0
2026-03-14T01:00:00Z,DE-LU,AT,2534.0,3058.0,1923.0,0,0,0
2026-03-14T01:00:00Z,DE-LU,FR,1324.0,3104.0,-1340.0,0,0,0
2026-03-14T01:00:00Z,DE-LU,NL,1381.0,3252.0,779.0,0,0,0
2026-03-14T01:00:00Z,DE-LU,PL,3143.0,4394.0,-2780.0,0,0,0
2026-03-14T01:00:00Z,DE-LU,CZ,1286.0,3495.0,-1772.0,0,0,0
2026-03-14T01:00:00Z,DE-LU,DK1,645.0,995.0,-567.0,0,0,0
2026-03-14T02:00:00Z,DE-LU,AT,1511.0,4341.0,758.0,3.59,0,0
2026-03-14T02:00:00Z,DE-LU,FR,1612.0,3354.0,65.0,0,0,0
2026-03-14T02:00:00Z,DE-LU,NL,1683.0,3790.0,854.0,0,0,0
2026-03-14T02:00:00Z,DE-LU,PL,1824.0,3985.0,261.0,0,0,0
2026-03-14T02:00:00Z,DE-LU,CZ,3653.0,4264.0,-1940.0,0,0,22.0
2026-03-14T02:00:00Z,DE-LU,DK1,844.0,2631.0,978.0,0,0,0
2026-03-14T03:00:00Z,DE-LU,AT,1603.0,2231.0,-891.0,0,0,0
2026-03-14T03:00:00Z,DE-LU,FR,3112.0,4040.0,2302.0,0,0,0
2026-03-14T03:00:00Z,DE-LU,NL,1797.0,1991.0,-1163.0,0,0,0
2026-03-14T03:00:00Z,DE-LU,PL,1987.0,2350.0,-643.0,0,0,0
2026-03-14T03:00:00Z,DE-LU,CZ,3283.0,3777.0,-1397.0,0,0,0
2026-03-14T03:00:00Z,DE-LU,DK1,1652.0,2305.0,415.0,0,0,0
2026-03-14T04:00:00Z,DE-LU,AT,1120.0,2452.0,1488.0,0,0,0
2026-03-14T04:00:00Z,DE-LU,FR,1229.0,3146.0,1634.0,3.44,0,0
2026-03-14T04:00:00Z,DE-LU,NL,853.0,1938.0,4.0,0,0,0
2026-03-14T04:00:00Z,DE-LU,PL,2501.0,3138.0,-320.0,0,0,0
2026-03-14T04:00:00Z,DE-LU,CZ,2129.0,2574.0,1273.0,0,0,0
2026-03-14T04:00:00Z,DE-LU,DK1,414.0,907.0,116.0,0,0,0
2026-03-14T05:00:00Z,DE-LU,AT,1247.0,1955.0,-559.0,0,0,0
2026-03-14T05:00:00Z,DE-LU,FR,2114.0,4094.0,-2055.0,0,0,0
2026-03-14T05:00:00Z,DE-LU,NL,1673.0,3996.0,3081.0,0,0,0
2026-03-14T05:00:00Z,DE-LU,PL,2859.0,3955.0,-3147.0,0,0,0
2026-03-14T05:00:00Z,DE-LU,CZ,2625.0,3781.0,2590.0,0,0,0
2026-03-14T05:00:00Z,DE-LU,DK1,1061.0,2556.0,1637.0,0,0,0
2026-03-14T06:00:00Z,DE-LU,AT,1544.0,2381.0,1444.0,0,0,0
2026-03-14T06:00:00Z,DE-LU,FR,2514.0,4003.0,1234.0,0,0,0
2026-03-14T06:00:00Z,DE-LU,NL,2324.0,2733.0,1070.0,0,0,0
2026-03-14T06:00:00Z,DE-LU,PL,1538.0,2794.0,600.0,0,0,0
2026-03-14T06:00:00Z,DE-LU,CZ,3690.0,4453.0,2488.0,0,0,0
2026-03-14T06:00:00Z,DE-LU,DK1,1538.0,2835.0,332.0,0,0,0
2026-03-14T07:00:00Z,DE-LU,AT,1849.0,4059.0,1999.0,0,0,10.0
2026-03-14T07:00:00Z,DE-LU,FR,1092.0,1569.0,-616.0,0,0,0
2026-03-14T07:00:00Z,DE-LU,NL,2925.0,4113.0,-91.0,0,0,0
2026-03-14T07:00:00Z,DE-LU,PL,962.0,1583.0,528.0,0,0,0
2026-03-14T07:00:00Z,DE-LU,CZ,3287.0,3855.0,1271.0,0,0,0
2026-03-14T07:00:00Z,DE-LU,DK1,1554.0,2160.0,-675.0,0,0,0
2026-03-14T08:00:00Z,DE-LU,AT,3595.0,4403.0,2190.0,0,0,0
2026-03-14T08:00:00Z,DE-LU,FR,478.0,959.0,59.0,0,0,0
2026-03-14T08:00:00Z,DE-LU,NL,874.0,1324.0,663.0,0,0,0
2026-03-14T08:00:00Z,DE-LU,PL,1545.0,1986.0,1049.0,0,0,0
2026-03-14T08:00:00Z,DE-LU,CZ,572.0,1785.0,-66.0,3.53,0,0
2026-03-14T08:00:00Z,DE-LU,DK1,2205.0,2394.0,-568.0,0,0,0
2026-03-14T09:00:00Z,DE-LU,AT,2753.0,3978.0,-713.0,0,0,0
2026-03-14T09:00:00Z,DE-LU,FR,856.0,928.0,-546.0,0,0,0
2026-03-14T09:00:00Z,DE-LU,NL,448.0,1225.0,-86.0,4.8,33.0,0
2026-03-14T09:00:00Z,DE-LU,PL,3046.0,3780.0,-707.0,0,0,0
2026-03-14T09:00:00Z,DE-LU,CZ,1750.0,1868.0,-746.0,0,0,0
2026-03-14T09:00:00Z,DE-LU,DK1,591.0,1166.0,274.0,0,0,0
2026-03-14T10:00:00Z,DE-LU,AT,2308.0,2702.0,1816.0,0,0,0
2026-03-14T10:00:00Z,DE-LU,FR,2586.0,3955.0,3096.0,0,0,0
2026-03-14T10:00:00Z,DE-LU,NL,2507.0,3363.0,-259.0,0,0,0
2026-03-14T10:00:00Z,DE-LU,PL,1473.0,2950.0,-1970.0,0,0,0
2026-03-14T10:00:00Z,DE-LU,CZ,1882.0,3636.0,-2122.0,0,0,0
2026-03-14T10:00:00Z,DE-LU,DK1,1440.0,3585.0,1240.0,0,0,0
2026-03-14T11:00:00Z,DE-LU,AT,476.0,1080.0,130.0,0,0,0
2026-03-14T11:00:00Z,DE-LU,FR,3012.0,4237.0,-1874.0,0,0,0
2026-03-14T11:00:00Z,DE-LU,NL,1226.0,3520.0,1357.0,0,0,0
2026-03-14T11:00:00Z,DE-LU,PL,1905.0,2512.0,973.0,0,0,0
2026-03-14T11:00:00Z,DE-LU,CZ,1660.0,2228.0,-1307.0,0,0,0
2026-03-14T11:00:00Z,DE-LU,DK1,889.0,1023.0,614.0,0,0,0
2026-03-14T12:00:00Z,DE-LU,AT,776.0,1609.0,172.0,0,0,0
2026-03-14T12:00:00Z,DE-LU,FR,2542.0,4206.0,2295.0,0,0,0
2026-03-14T12:00:00Z,DE-LU,NL,1433.0,2135.0,-384.0,0,0,0
2026-03-14T12:00:00Z,DE-LU,PL,2067.0,2780.0,2067.0,0,0,0
2026-03-14T12:00:00Z,DE-LU,CZ,1476.0,3483.0,1086.0,0,0,0
2026-03-14T12:00:00Z,DE-LU,DK1,1786.0,2036.0,225.0,0,0,0
2026-03-14T13:00:00Z,DE-LU,AT,2912.0,3514.0,-1759.0,0,0,0
2026-03-14T13:00:00Z,DE-LU,FR,2413.0,2848.0,474.0,0,0,0
2026-03-14T13:00:00Z,DE-LU,NL,2199.0,2625.0,1189.0,0,0,0
2026-03-14T13:00:00Z,DE-LU,PL,577.0,971.0,305.0,0,0,0
2026-03-14T13:00:00Z,DE-LU,CZ,538.0,1458.0,699.0,2.83,0,0
2026-03-14T13:00:00Z,DE-LU,DK1,2441.0,2746.0,-2167.0,0,0,0
2026-03-14T14:00:00Z,DE-LU,AT,3036.0,4279.0,856.0,0,0,0
2026-03-14T14:00:00Z,DE-LU,FR,2247.0,2400.0,-1395.0,0,0,0
2026-03-14T14:00:00Z,DE-LU,NL,2900.0,3700.0,2944.0,0,0,0
2026-03-14T14:00:00Z,DE-LU,PL,864.0,2146.0,-1312.0,0,0,0
2026-03-14T14:00:00Z,DE-LU,CZ,2469.0,3278.0,2147.0,0,0,0
2026-03-14T14:00:00Z,DE-LU,DK1,1755.0,2607.0,-466.0,0,0,0
2026-03-14T15:00:00Z,DE-LU,AT,3626.0,4412.0,-2241.0,0,0,0
2026-03-14T15:00:00Z,DE-LU,FR,1144.0,1842.0,1214.0,0,0,0
2026-03-14T15:00:00Z,DE-LU,NL,1957.0,3408.0,1339.0,0,0,0
2026-03-14T15:00:00Z,DE-LU,PL,2290.0,2557.0,1789.0,0,0,0
2026-03-14T15:00:00Z,DE-LU,CZ,1555.0,4386.0,-3029.0,0,0,0
2026-03-14T15:00:00Z,DE-LU,DK1,2226.0,3816.0,-1537.0,0,0,0
2026-03-14T16:00:00Z,DE-LU,AT,2064.0,3711.0,2734.0,0,0,0
2026-03-14T16:00:00Z,DE-LU,FR,3442.0,4100.0,2768.0,0,0,0
2026-03-14T16:00:00Z,DE-LU,NL,2604.0,4042.0,-721.0,0,0,0
2026-03-14T16:00:00Z,DE-LU,PL,1247.0,3327.0,903.0,0,0,0
2026-03-14T16:00:00Z,DE-LU,CZ,2290.0,2645.0,1785.0,0,0,0
2026-03-14T16:00:00Z,DE-LU,DK1,1561.0,3499.0,2398.0,0,0,0
2026-03-14T17:00:00Z,DE-LU,AT,2657.0,2823.0,-2092.0,0,0,0
2026-03-14T17:00:00Z,DE-LU,FR,1114.0,2905.0,145.0,3.19,0,0
2026-03-14T17:00:00Z,DE-LU,NL,2783.0,3380.0,2680.0,0,0,0
2026-03-14T17:00:00Z,DE-LU,PL,1148.0,1939.0,-793.0,0,0,0
2026-03-14T17:00:00Z,DE-LU,CZ,1029.0,1825.0,615.0,0,0,0
2026-03-14T17:00:00Z,DE-LU,DK1,3065.0,4400.0,3190.0,0,0,0
2026-03-14T18:00:00Z,DE-LU,AT,1846.0,2891.0,-1458.0,0,0,0
2026-03-14T18:00:00Z,DE-LU,FR,1332.0,4341.0,-2030.0,0,0,0
2026-03-14T18:00:00Z,DE-LU,NL,2849.0,3937.0,2873.0,0,0,0
2026-03-14T18:00:00Z,DE-LU,PL,946.0,1374.0,-635.0,0,0,0
2026-03-14T18:00:00Z,DE-LU,CZ,535.0,1405.0,448.0,0,0,0
2026-03-14T18:00:00Z,DE-LU,DK1,1942.0,2296.0,-245.0,0,0,0
2026-03-14T19:00:00Z,DE-LU,AT,727.0,2359.0,-1192.0,0,0,0
2026-03-14T19:00:00Z,DE-LU,FR,1383.0,2151.0,-1628.0,0,0,0
2026-03-14T19:00:00Z,DE-LU,NL,436.0,831.0,389.0,0,0,0
2026-03-14T19:00:00Z,DE-LU,PL,693.0,2027.0,-1173.0,10.82,18.0,0
2026-03-14T19:00:00Z,DE-LU,CZ,1898.0,2160.0,536.0,0,0,0
2026-03-14T19:00:00Z,DE-LU,DK1,1245.0,1675.0,304.0,0,0,0
2026-03-14T20:00:00Z,DE-LU,AT,1394.0,2547.0,-1995.0,0,0,0
2026-03-14T20:00:00Z,DE-LU,FR,1637.0,1754.0,294.0,0,0,0
2026-03-14T20:00:00Z,DE-LU,NL,2899.0,3172.0,822.0,0,0,0
2026-03-14T20:00:00Z,DE-LU,PL,2958.0,4160.0,1665.0,0,0,0
2026-03-14T20:00:00Z,DE-LU,CZ,1444.0,3328.0,2616.0,0,0,0
2026-03-14T20:00:00Z,DE-LU,DK1,647.0,1854.0,-1102.0,2.6,47.0,0
2026-03-14T21:00:00Z,DE-LU,AT,919.0,1201.0,174.0,0,0,0
2026-03-14T21:00:00Z,DE-LU,FR,2803.0,3034.0,-2268.0,0,0,0
2026-03-14T21:00:00Z,DE-LU,NL,3287.0,3715.0,-2783.0,0,0,0
2026-03-14T21:00:00Z,DE-LU,PL,1384.0,1492.0,-770.0,0,0,0
2026-03-14T21:00:00Z,DE-LU,CZ,1928.0,4356.0,3363.0,0,0,0
2026-03-14T21:00:00Z,DE-LU,DK1,2745.0,4427.0,-294.0,0,0,0
2026-03-14T22:00:00Z,DE-LU,AT,3006.0,3298.0,2187.0,0,0,0
2026-03-14T22:00:00Z,DE-LU,FR,1381.0,2360.0,981.0,0,0,0
2026-03-14T22:00:00Z,DE-LU,NL,456.0,1381.0,1016.0,2.75,0,0
2026-03-14T22:00:00Z,DE-LU,PL,1053.0,3162.0,-2300.0,3.61,0,0
2026-03-14T22:00:00Z,DE-LU,CZ,597.0,1415.0,-85.0,0,0,0
2026-03-14T22:00:00Z,DE-LU,DK1,1728.0,3715.0,1704.0,0,0,0
2026-03-14T23:00:00Z,DE-LU,AT,2036.0,2763.0,2195.0,0,0,0
2026-03-14T23:00:00Z,DE-LU,FR,2254.0,3217.0,-920.0,0,0,0
2026-03-14T23:00:00Z,DE-LU,NL,1971.0,3370.0,356.0,0,0,0
2026-03-14T23:00:00Z,DE-LU,PL,1192.0,2316.0,1258.0,0,0,0
2026-03-14T23:00:00Z,DE-LU,CZ,1334.0,4089.0,2224.0,5.95,0,0
2026-03-14T23:00:00Z,DE-LU,DK1,2928.0,3897.0,-410.0,0,0,0
2026-03-15T00:00:00Z,DE-LU,AT,2878.0,4267.0,2462.0,0,0,0
2026-03-15T00:00:00Z,DE-LU,FR,818.0,1593.0,-396.0,0,0,0
2026-03-15T00:00:00Z,DE-LU,NL,438.0,1361.0,1004.0,9.3,0,0
2026-03-15T00:00:00Z,DE-LU,PL,2744.0,3998.0,2727.0,0,0,0
2026-03-15T00:00:00Z,DE-LU,CZ,2204.0,2747.0,-1042.0,0,0,0
2026-03-15T00:00:00Z,DE-LU,DK1,874.0,1609.0,518.0,0,0,0
2026-03-15T01:00:00Z,DE-LU,AT,2683.0,2852.0,1916.0,0,0,0
2026-03-15T01:00:00Z,DE-LU,FR,1390.0,3116.0,-175.0,0,0,0
2026-03-15T01:00:00Z,DE-LU,NL,1844.0,3454.0,1052.0,0,0,0
2026-03-15T01:00:00Z,DE-LU,PL,1266.0,3964.0,-329.0,2.77,21.0,0
2026-03-15T01:00:00Z,DE-LU,CZ,808.0,1491.0,1026.0,0,0,0
2026-03-15T01:00:00Z,DE-LU,DK1,1234.0,3873.0,-1120.0,3.79,127.0,0
2026-03-15T02:00:00Z,DE-LU,AT,2082.0,2727.0,350.0,0,0,0
2026-03-15T02:00:00Z,DE-LU,FR,2252.0,4012.0,791.0,0,0,0
2026-03-15T02:00:00Z,DE-LU,NL,2255.0,3085.0,-902.0,0,0,0
2026-03-15T02:00:00Z,DE-LU,PL,1165.0,3698.0,2407.0,7.65,0,0
2026-03-15T02:00:00Z,DE-LU,CZ,1081.0,1444.0,-49.0,0,0,0
2026-03-15T02:00:00Z,DE-LU,DK1,1590.0,4385.0,-3398.0,0,0,0
2026-03-15T03:00:00Z,DE-LU,AT,504.0,1292.0,-431.0,8.94,29.0,0
2026-03-15T03:00:00Z,DE-LU,FR,936.0,2909.0,605.0,0,0,0
2026-03-15T03:00:00Z,DE-LU,NL,893.0,1701.0,-508.0,0,0,0
2026-03-15T03:00:00Z,DE-LU,PL,1572.0,1878.0,-13.0,0,0,0
2026-03-15T03:00:00Z,DE-LU,CZ,2940.0,4421.0,-3044.0,0,0,0
2026-03-15T03:00:00Z,DE-LU,DK1,3248.0,3749.0,2262.0,0,0,0
2026-03-15T04:00:00Z,DE-LU,AT,2733.0,3188.0,-976.0,0,0,0
2026-03-15T04:00:00Z,DE-LU,FR,1964.0,2099.0,981.0,0,0,0
2026-03-15T04:00:00Z,DE-LU,NL,1750.0,3557.0,2294.0,0,0,0
2026-03-15T04:00:00Z,DE-LU,PL,2355.0,3360.0,-1060.0,0,0,0
2026-03-15T04:00:00Z,DE-LU,CZ,363.0,805.0,55.0,0,0,11.0
2026-03-15T04:00:00Z,DE-LU,DK1,2352.0,3634.0,-1054.0,0,0,0
2026-03-15T05:00:00Z,DE-LU,AT,1585.0,1734.0,989.0,0,0,0
2026-03-15T05:00:00Z,DE-LU,FR,1523.0,1675.0,572.0,0,0,0
2026-03-15T05:00:00Z,DE-LU,NL,2877.0,3189.0,-2301.0,0,0,0
2026-03-15T05:00:00Z,DE-LU,PL,906.0,2327.0,-1000.0,1.67,0,0
2026-03-15T05:00:00Z,DE-LU,CZ,2315.0,2617.0,313.0,0,0,0
2026-03-15T05:00:00Z,DE-LU,DK1,1381.0,2075.0,1107.0,0,0,0
2026-03-15T06:00:00Z,DE-LU,AT,722.0,1263.0,86.0,0,0,0
2026-03-15T06:00:00Z,DE-LU,FR,941.0,2222.0,-825.0,0,0,0
2026-03-15T06:00:00Z,DE-LU,NL,544.0,1269.0,318.0,0,0,0
2026-03-15T06:00:00Z,DE-LU,PL,3216.0,3579.0,1232.0,0,0,0
2026-03-15T06:00:00Z,DE-LU,CZ,3136.0,3846.0,649.0,0,0,0
2026-03-15T06:00:00Z,DE-LU,DK1,2322.0,2488.0,-251.0,0,0,0
2026-03-15T07:00:00Z,DE-LU,AT,2052.0,2302.0,1525.0,0,0,0
2026-03-15T07:00:00Z,DE-LU,FR,420.0,1263.0,-320.0,0,0,0
2026-03-15T07:00:00Z,DE-LU,NL,3034.0,3737.0,1788.0,0,0,0
2026-03-15T07:00:00Z,DE-LU,PL,991.0,1778.0,-152.0,0,0,0
2026-03-15T07:00:00Z,DE-LU,CZ,2048.0,3210.0,1909.0,0,0,0
2026-03-15T07:00:00Z,DE-LU,DK1,1179.0,3312.0,150.0,0,0,0
2026-03-15T08:00:00Z,DE-LU,AT,1271.0,1437.0,-332.0,0,0,0
2026-03-15T08:00:00Z,DE-LU,FR,333.0,929.0,-465.0,0,0,0
2026-03-15T08:00:00Z,DE-LU,NL,2560.0,2840.0,-466.0,0,0,0
2026-03-15T08:00:00Z,DE-LU,PL,1438.0,2532.0,-1915.0,0,0,0
2026-03-15T08:00:00Z,DE-LU,CZ,1228.0,1776.0,612.0,0,0,0
2026-03-15T08:00:00Z,DE-LU,DK1,426.0,1117.0,887.0,1.85,0,0
2026-03-15T09:00:00Z,DE-LU,AT,1086.0,2502.0,1997.0,0,0,0
2026-03-15T09:00:00Z,DE-LU,FR,1283.0,3893.0,2082.0,0,0,0
2026-03-15T09:00:00Z,DE-LU,NL,1983.0,3668.0,-2890.0,0,0,0
2026-03-15T09:00:00Z,DE-LU,PL,1202.0,3230.0,392.0,6.31,0,0
2026-03-15T09:00:00Z,DE-LU,CZ,2011.0,2394.0,712.0,0,0,0
2026-03-15T09:00:00Z,DE-LU,DK1,1403.0,2299.0,300.0,0,0,0
2026-03-15T10:00:00Z,DE-LU,AT,491.0,999.0,147.0,0,0,0
2026-03-15T10:00:00Z,DE-LU,FR,2043.0,4164.0,-728.0,0,0,0
2026-03-15T10:00:00Z,DE-LU,NL,1629.0,2126.0,-792.0,0,0,0
2026-03-15T10:00:00Z,DE-LU,PL,1640.0,2648.0,-250.0,0,0,0
2026-03-15T10:00:00Z,DE-LU,CZ,1295.0,1532.0,394.0,0,0,0
2026-03-15T10:00:00Z,DE-LU,DK1,1051.0,1381.0,565.0,0,0,0
2026-03-15T11:00:00Z,DE-LU,AT,3348.0,3550.0,2816.0,0,0,0
2026-03-15T11:00:00Z,DE-LU,FR,559.0,1055.0,-525.0,0,0,6.0
2026-03-15T11:00:00Z,DE-LU,NL,533.0,912.0,-25.0,0,0,0
2026-03-15T11:00:00Z,DE-LU,PL,2045.0,4221.0,-1205.0,0,0,0
2026-03-15T11:00:00Z,DE-LU,CZ,611.0,1889.0,924.0,0,0,0
2026-03-15T11:00:00Z,DE-LU,DK1,513.0,1213.0,-122.0,0,0,0
2026-03-15T12:00:00Z,DE-LU,AT,1470.0,2126.0,634.0,0,0,0
2026-03-15T12:00:00Z,DE-LU,FR,1790.0,3952.0,874.0,0,0,0
2026-03-15T12:00:00Z,DE-LU,NL,1196.0,2106.0,345.0,0,0,0
2026-03-15T12:00:00Z,DE-LU,PL,1799.0,2405.0,665.0,0,0,0
2026-03-15T12:00:00Z,DE-LU,CZ,1918.0,2708.0,1944.0,0,0,0
2026-03-15T12:00:00Z,DE-LU,DK1,3549.0,3771.0,2794.0,0,0,0
2026-03-15T13:00:00Z,DE-LU,AT,1687.0,2005.0,-263.0,0,0,0
2026-03-15T13:00:00Z,DE-LU,FR,905.0,2128.0,27.0,0,0,0
2026-03-15T13:00:00Z,DE-LU,NL,811.0,932.0,39.0,0,0,0
2026-03-15T13:00:00Z,DE-LU,PL,1115.0,2090.0,221.0,0,0,0
2026-03-15T13:00:00Z,DE-LU,CZ,3023.0,3583.0,2636.0,0,0,0
2026-03-15T13:00:00Z,DE-LU,DK1,1741.0,2236.0,-758.0,0,0,0
2026-03-15T14:00:00Z,DE-LU,AT,2550.0,3162.0,1396.0,0,0,0
2026-03-15T14:00:00Z,DE-LU,FR,2177.0,4486.0,-1209.0,0,0,0
2026-03-15T14:00:00Z,DE-LU,NL,1179.0,2324.0,200.0,0,0,0
2026-03-15T14:00:00Z,DE-LU,PL,3266.0,4427.0,3021.0,0,0,0
2026-03-15T14:00:00Z,DE-LU,CZ,979.0,2062.0,810.0,0,0,0
2026-03-15T14:00:00Z,DE-LU,DK1,2750.0,3374.0,-824.0,0,0,0
2026-03-15T15:00:00Z,DE-LU,AT,1539.0,1765.0,992.0,0,0,0
2026-03-15T15:00:00Z,DE-LU,FR,1880.0,2589.0,-358.0,0,0,0
2026-03-15T15:00:00Z,DE-LU,NL,3233.0,3558.0,-1953.0,0,0,0
2026-03-15T15:00:00Z,DE-LU,PL,3126.0,4085.0,227.0,0,0,0
2026-03-15T15:00:00Z,DE-LU,CZ,1333.0,1592.0,-938.0,0,0,0
2026-03-15T15:00:00Z,DE-LU,DK1,324.0,1049.0,-755.0,5.97,0,0
2026-03-15T16:00:00Z,DE-LU,AT,2973.0,3544.0,-71.0,0,0,0
2026-03-15T16:00:00Z,DE-LU,FR,1409.0,1748.0,-17.0,0,0,0
2026-03-15T16:00:00Z,DE-LU,NL,1268.0,2399.0,-1894.0,0,0,0
2026-03-15T16:00:00Z,DE-LU,PL,2011.0,3170.0,-158.0,0,0,0
2026-03-15T16:00:00Z,DE-LU,CZ,2628.0,3185.0,586.0,0,0,0
2026-03-15T16:00:00Z,DE-LU,DK1,949.0,1961.0,1149.0,0,0,0
2026-03-15T17:00:00Z,DE-LU,AT,2967.0,3810.0,-2148.0,0,0,0
2026-03-15T17:00:00Z,DE-LU,FR,618.0,2049.0,-677.0,1.69,0,0
2026-03-15T17:00:00Z,DE-LU,NL,660.0,1117.0,145.0,0,0,0
2026-03-15T17:00:00Z,DE-LU,PL,1528.0,3244.0,630.0,0,0,0
2026-03-15T17:00:00Z,DE-LU,CZ,1357.0,1942.0,-1526.0,0,0,0
2026-03-15T17:00:00Z,DE-LU,DK1,814.0,1168.0,-48.0,0,0,0
2026-03-15T18:00:00Z,DE-LU,AT,2657.0,3589.0,2350.0,0,0,0
2026-03-15T18:00:00Z,DE-LU,FR,1172.0,1707.0,135.0,0,0,0
2026-03-15T18:00:00Z,DE-LU,NL,960.0,1065.0,-66.0,0,0,0
2026-03-15T18:00:00Z,DE-LU,PL,3289.0,4167.0,-1716.0,0,0,0
2026-03-15T18:00:00Z,DE-LU,CZ,1027.0,1751.0,82.0,0,0,0
2026-03-15T18:00:00Z,DE-LU,DK1,813.0,2534.0,-494.0,2.5,0,0
2026-03-15T19:00:00Z,DE-LU,AT,2209.0,2892.0,2289.0,0,0,0
2026-03-15T19:00:00Z,DE-LU,FR,619.0,2008.0,74.0,5.47,26.0,0
2026-03-15T19:00:00Z,DE-LU,NL,1173.0,1789.0,110.0,0,0,0
2026-03-15T19:00:00Z,DE-LU,PL,3392.0,3870.0,-325.0,0,0,0
2026-03-15T19:00:00Z,DE-LU,CZ,2682.0,4476.0,666.0,0,0,0
2026-03-15T19:00:00Z,DE-LU,DK1,502.0,1348.0,-515.0,7.42,39.0,0
2026-03-15T20:00:00Z,DE-LU,AT,1200.0,1368.0,112.0,0,0,0
2026-03-15T20:00:00Z,DE-LU,FR,1983.0,2386.0,-1807.0,0,0,0
2026-03-15T20:00:00Z,DE-LU,NL,1798.0,4341.0,1655.0,0,0,0
2026-03-15T20:00:00Z,DE-LU,PL,486.0,984.0,554.0,0,0,0
2026-03-15T20:00:00Z,DE-LU,CZ,1544.0,2155.0,-1527.0,0,0,0
2026-03-15T20:00:00Z,DE-LU,DK1,3361.0,3568.0,-2806.0,0,0,20.0
2026-03-15T21:00:00Z,DE-LU,AT,1253.0,3035.0,-916.0,0,0,0
2026-03-15T21:00:00Z,DE-LU,FR,1060.0,2720.0,-1406.0,4.02,90.0,0
2026-03-15T21:00:00Z,DE-LU,NL,627.0,804.0,636.0,0,0,0
2026-03-15T21:00:00Z,DE-LU,PL,1365.0,2077.0,-871.0,0,0,0
2026-03-15T21:00:00Z,DE-LU,CZ,637.0,1337.0,113.0,0,0,0
2026-03-15T21:00:00Z,DE-LU,DK1,2179.0,3784.0,640.0,0,0,16.0
2026-03-15T22:00:00Z,DE-LU,AT,587.0,1635.0,-331.0,0,0,0
2026-03-15T22:00:00Z,DE-LU,FR,2864.0,3901.0,-696.0,0,0,0
2026-03-15T22:00:00Z,DE-LU,NL,900.0,2055.0,996.0,0,0,0
2026-03-15T22:00:00Z,DE-LU,PL,2326.0,3610.0,-1763.0,0,0,0
2026-03-15T22:00:00Z,DE-LU,CZ,817.0,1077.0,339.0,0,0,0
2026-03-15T22:00:00Z,DE-LU,DK1,1142.0,1207.0,-657.0,0,0,0
2026-03-15T23:00:00Z,DE-LU,AT,1328.0,2358.0,1744.0,0,0,0
2026-03-15T23:00:00Z,DE-LU,FR,1199.0,2141.0,-847.0,0,0,0
2026-03-15T23:00:00Z,DE-LU,NL,2471.0,3028.0,-629.0,0,0,0
2026-03-15T23:00:00Z,DE-LU,PL,1315.0,1826.0,853.0,0,0,0
2026-03-15T23:00:00Z,DE-LU,CZ,733.0,1472.0,-324.0,0,0,0
2026-03-15T23:00:00Z,DE-LU,DK1,1520.0,2460.0,1179.0,0,0,0
2026-03-16T00:00:00Z,DE-LU,AT,1073.0,2438.0,-1335.0,0,0,0
2026-03-16T00:00:00Z,DE-LU,FR,875.0,935.0,-23.0,0,0,0
2026-03-16T00:00:00Z,DE-LU,NL,2101.0,2981.0,1575.0,0,0,0
2026-03-16T00:00:00Z,DE-LU,PL,1020.0,2348.0,-1617.0,0,0,0
2026-03-16T00:00:00Z,DE-LU,CZ,3059.0,4239.0,1197.0,0,0,0
2026-03-16T00:00:00Z,DE-LU,DK1,1772.0,3518.0,-2398.0,0,0,0
2026-03-16T01:00:00Z,DE-LU,AT,1371.0,3003.0,353.0,0,0,0
2026-03-16T01:00:00Z,DE-LU,FR,953.0,1527.0,-383.0,0,0,0
2026-03-16T01:00:00Z,DE-LU,NL,2508.0,3358.0,-832.0,0,0,0
2026-03-16T01:00:00Z,DE-LU,PL,3060.0,3958.0,932.0,0,0,0
2026-03-16T01:00:00Z,DE-LU,CZ,696.0,1563.0,-374.0,0,0,0
2026-03-16T01:00:00Z,DE-LU,DK1,1551.0,4214.0,2160.0,3.76,14.0,0
2026-03-16T02:00:00Z,DE-LU,AT,1001.0,1217.0,-968.0,0,0,0
2026-03-16T02:00:00Z,DE-LU,FR,762.0,1258.0,-384.0,0,0,0
2026-03-16T02:00:00Z,DE-LU,NL,371.0,1026.0,106.0,0,0,0
2026-03-16T02:00:00Z,DE-LU,PL,3631.0,3914.0,-1218.0,0,0,0
2026-03-16T02:00:00Z,DE-LU,CZ,628.0,1439.0,-1057.0,0,0,0
2026-03-16T02:00:00Z,DE-LU,DK1,717.0,1424.0,89.0,0,0,0
2026-03-16T03:00:00Z,DE-LU,AT,2765.0,2962.0,-1823.0,0,0,0
2026-03-16T03:00:00Z,DE-LU,FR,1040.0,1824.0,142.0,0,0,0
2026-03-16T03:00:00Z,DE-LU,NL,492.0,1101.0,-220.0,0,0,0
2026-03-16T03:00:00Z,DE-LU,PL,3699.0,4490.0,456.0,0,0,0
2026-03-16T03:00:00Z,DE-LU,CZ,1508.0,2913.0,-961.0,0,0,0
2026-03-16T03:00:00Z,DE-LU,DK1,1811.0,2760.0,2082.0,0,0,0
2026-03-16T04:00:00Z,DE-LU,AT,430.0,1197.0,-8.0,0,0,0
2026-03-16T04:00:00Z,DE-LU,FR,788.0,1066.0,511.0,0,0,0
2026-03-16T04:00:00Z,DE-LU,NL,2319.0,3334.0,-855.0,0,0,0
2026-03-16T04:00:00Z,DE-LU,PL,1615.0,3233.0,634.0,0,0,0
2026-03-16T04:00:00Z,DE-LU,CZ,1197.0,1850.0,822.0,0,0,0
2026-03-16T04:00:00Z,DE-LU,DK1,827.0,1544.0,-1011.0,0,0,0
2026-03-16T05:00:00Z,DE-LU,AT,768.0,986.0,-500.0,0,0,0
2026-03-16T05:00:00Z,DE-LU,FR,2203.0,2389.0,-336.0,0,0,0
2026-03-16T05:00:00Z,DE-LU,NL,2017.0,4048.0,708.0,0,0,0
2026-03-16T05:00:00Z,DE-LU,PL,567.0,1386.0,714.0,0,0,0
2026-03-16T05:00:00Z,DE-LU,CZ,1997.0,3347.0,-1829.0,0,0,0
2026-03-16T05:00:00Z,DE-LU,DK1,3711.0,4011.0,-2827.0,0,0,0
2026-03-16T06:00:00Z,DE-LU,AT,523.0,822.0,-648.0,0,0,0
2026-03-16T06:00:00Z,DE-LU,FR,2591.0,4219.0,782.0,0,0,0
2026-03-16T06:00:00Z,DE-LU,NL,1354.0,4195.0,2879.0,0,0,0
2026-03-16T06:00:00Z,DE-LU,PL,1130.0,1801.0,-585.0,0,0,0
2026-03-16T06:00:00Z,DE-LU,CZ,1287.0,3810.0,234.0,4.25,32.0,0
2026-03-16T06:00:00Z,DE-LU,DK1,1605.0,3454.0,2470.0,0,0,0
2026-03-16T07:00:00Z,DE-LU,AT,2380.0,3309.0,2180.0,0,0,0
2026-03-16T07:00:00Z,DE-LU,FR,1663.0,3863.0,-257.0,0,0,0
2026-03-16T07:00:00Z,DE-LU,NL,1413.0,2482.0,541.0,0,0,0
2026-03-16T07:00:00Z,DE-LU,PL,591.0,1064.0,841.0,0,0,0
2026-03-16T07:00:00Z,DE-LU,CZ,2221.0,2884.0,-232.0,0,0,0
2026-03-16T07:00:00Z,DE-LU,DK1,2602.0,3065.0,-1901.0,0,0,0
2026-03-16T08:00:00Z,DE-LU,AT,954.0,2592.0,-1970.0,0,0,0
2026-03-16T08:00:00Z,DE-LU,FR,768.0,2446.0,-1375.0,0,0,0
2026-03-16T08:00:00Z,DE-LU,NL,1165.0,1559.0,-918.0,0,0,0
2026-03-16T08:00:00Z,DE-LU,PL,3281.0,3995.0,1587.0,0,0,0
2026-03-16T08:00:00Z,DE-LU,CZ,704.0,1926.0,-1251.0,3.39,0,0
2026-03-16T08:00:00Z,DE-LU,DK1,1316.0,1908.0,-1099.0,0,0,17.0
2026-03-16T09:00:00Z,DE-LU,AT,667.0,953.0,494.0,0,0,0
2026-03-16T09:00:00Z,DE-LU,FR,1159.0,1825.0,987.0,0,0,0
2026-03-16T09:00:00Z,DE-LU,NL,1058.0,2802.0,-309.0,0.4,67.0,0
2026-03-16T09:00:00Z,DE-LU,PL,1079.0,1254.0,530.0,0,0,0
2026-03-16T09:00:00Z,DE-LU,CZ,3771.0,4432.0,1014.0,0,0,0
2026-03-16T09:00:00Z,DE-LU,DK1,3056.0,3933.0,-1854.0,0,0,0
2026-03-16T10:00:00Z,DE-LU,AT,616.0,852.0,-333.0,0,0,0
2026-03-16T10:00:00Z,DE-LU,FR,1030.0,1673.0,1167.0,0,0,0
2026-03-16T10:00:00Z,DE-LU,NL,2270.0,2471.0,-805.0,0,0,0
2026-03-16T10:00:00Z,DE-LU,PL,3833.0,4194.0,-2555.0,0,0,0
2026-03-16T10:00:00Z,DE-LU,CZ,3359.0,4172.0,-2412.0,0,0,0
2026-03-16T10:00:00Z,DE-LU,DK1,2668.0,3446.0,-2256.0,0,0,0
2026-03-16T11:00:00Z,DE-LU,AT,444.0,822.0,-323.0,0,0,0
2026-03-16T11:00:00Z,DE-LU,FR,1978.0,3910.0,-2334.0,0,0,0
2026-03-16T11:00:00Z,DE-LU,NL,2473.0,4291.0,-1301.0,0,0,0
2026-03-16T11:00:00Z,DE-LU,PL,909.0,1980.0,-750.0,0,0,0
2026-03-16T11:00:00Z,DE-LU,CZ,1226.0,3665.0,2189.0,0,0,0
2026-03-16T11:00:00Z,DE-LU,DK1,445.0,881.0,661.0,0,0,0
2026-03-16T12:00:00Z,DE-LU,AT,1609.0,2326.0,-557.0,0,0,0
2026-03-16T12:00:00Z,DE-LU,FR,1409.0,2507.0,1440.0,0,0,0
2026-03-16T12:00:00Z,DE-LU,NL,1243.0,2922.0,351.0,0,0,0
2026-03-16T12:00:00Z,DE-LU,PL,2472.0,4144.0,887.0,0,0,0
2026-03-16T12:00:00Z,DE-LU,CZ,1203.0,1565.0,-1065.0,0,0,0
2026-03-16T12:00:00Z,DE-LU,DK1,1506.0,3079.0,-570.0,0,0,0
2026-03-16T13:00:00Z,DE-LU,AT,2332.0,2698.0,1651.0,0,0,0
2026-03-16T13:00:00Z,DE-LU,FR,2788.0,3153.0,1881.0,0,0,0
2026-03-16T13:00:00Z,DE-LU,NL,2288.0,4487.0,-2151.0,0,0,0
2026-03-16T13:00:00Z,DE-LU,PL,872.0,979.0,479.0,0,0,0
2026-03-16T13:00:00Z,DE-LU,CZ,2258.0,3948.0,1337.0,0,0,0
2026-03-16T13:00:00Z,DE-LU,DK1,1824.0,4130.0,-1893.0,0,0,0
2026-03-16T14:00:00Z,DE-LU,AT,2104.0,2857.0,2062.0,0,0,0
2026-03-16T14:00:00Z,DE-LU,FR,945.0,2042.0,-736.0,0,0,0
2026-03-16T14:00:00Z,DE-LU,NL,1065.0,2580.0,-1942.0,0,0,4.0
2026-03-16T14:00:00Z,DE-LU,PL,3631.0,4153.0,-3168.0,0,0,0
2026-03-16T14:00:00Z,DE-LU,CZ,1541.0,3293.0,2100.0,0,0,0
2026-03-16T14:00:00Z,DE-LU,DK1,1232.0,3637.0,-1322.0,0,0,0
2026-03-16T15:00:00Z,DE-LU,AT,1367.0,2343.0,1642.0,0,0,0
2026-03-16T15:00:00Z,DE-LU,FR,1963.0,2490.0,-1762.0,0,0,0
2026-03-16T15:00:00Z,DE-LU,NL,2039.0,3872.0,-1284.0,0,0,0
2026-03-16T15:00:00Z,DE-LU,PL,2908.0,3531.0,-1314.0,0,0,0
2026-03-16T15:00:00Z,DE-LU,CZ,1241.0,1767.0,760.0,0,0,0
2026-03-16T15:00:00Z,DE-LU,DK1,521.0,1549.0,-758.0,8.28,0,3.0
2026-03-16T16:00:00Z,DE-LU,AT,1760.0,2337.0,-1466.0,0,0,0
2026-03-16T16:00:00Z,DE-LU,FR,1465.0,2676.0,547.0,0,0,0
2026-03-16T16:00:00Z,DE-LU,NL,1461.0,3964.0,-1224.0,2.51,0,0
2026-03-16T16:00:00Z,DE-LU,PL,967.0,1614.0,461.0,0,0,0
2026-03-16T16:00:00Z,DE-LU,CZ,553.0,1002.0,165.0,0,0,0
2026-03-16T16:00:00Z,DE-LU,DK1,1337.0,2891.0,-1398.0,0,0,0
2026-03-16T17:00:00Z,DE-LU,AT,2117.0,3966.0,-1870.0,0,0,0
2026-03-16T17:00:00Z,DE-LU,FR,2245.0,2467.0,1894.0,0,0,0
2026-03-16T17:00:00Z,DE-LU,NL,709.0,1058.0,501.0,0,0,0
2026-03-16T17:00:00Z,DE-LU,PL,1538.0,3110.0,483.0,0,0,0
2026-03-16T17:00:00Z,DE-LU,CZ,948.0,1170.0,257.0,0,0,0
2026-03-16T17:00:00Z,DE-LU,DK1,1161.0,1410.0,-441.0,0,0,0
2026-03-16T18:00:00Z,DE-LU,AT,1389.0,4292.0,-27.0,0,0,0
2026-03-16T18:00:00Z,DE-LU,FR,2717.0,3780.0,-1719.0,0,0,0
2026-03-16T18:00:00Z,DE-LU,NL,1309.0,2616.0,1243.0,0,0,0
2026-03-16T18:00:00Z,DE-LU,PL,1173.0,3466.0,1314.0,1.34,0,0
2026-03-16T18:00:00Z,DE-LU,CZ,1681.0,2414.0,-1845.0,0,0,0
2026-03-16T18:00:00Z,DE-LU,DK1,993.0,2407.0,1569.0,0,0,0
2026-03-16T19:00:00Z,DE-LU,AT,1830.0,4092.0,-1899.0,0,0,0
2026-03-16T19:00:00Z,DE-LU,FR,2336.0,3800.0,-1004.0,0,0,0
2026-03-16T19:00:00Z,DE-LU,NL,1475.0,2606.0,-1422.0,0,0,0
2026-03-16T19:00:00Z,DE-LU,PL,1181.0,2390.0,964.0,0,0,0
2026-03-16T19:00:00Z,DE-LU,CZ,1382.0,2498.0,710.0,0,0,0
2026-03-16T19:00:00Z,DE-LU,DK1,2645.0,3840.0,-2039.0,0,0,0
2026-03-16T20:00:00Z,DE-LU,AT,2620.0,4320.0,2030.0,0,0,0
2026-03-16T20:00:00Z,DE-LU,FR,1326.0,2786.0,245.0,0,0,0
2026-03-16T20:00:00Z,DE-LU,NL,1924.0,2178.0,-1091.0,0,0,0
2026-03-16T20:00:00Z,DE-LU,PL,1164.0,2593.0,-1097.0,0,0,0
2026-03-16T20:00:00Z,DE-LU,CZ,1861.0,2349.0,1601.0,0,0,0
2026-03-16T20:00:00Z,DE-LU,DK1,864.0,1529.0,31.0,0,0,0
2026-03-16T21:00:00Z,DE-LU,AT,3825.0,4382.0,2315.0,0,0,0
2026-03-16T21:00:00Z,DE-LU,FR,2827.0,4267.0,2405.0,0,0,0
2026-03-16T21:00:00Z,DE-LU,NL,2501.0,3223.0,1274.0,0,0,0
2026-03-16T21:00:00Z,DE-LU,PL,1440.0,2424.0,830.0,0,0,0
2026-03-16T21:00:00Z,DE-LU,CZ,3448.0,4275.0,3069.0,0,0,0
2026-03-16T21:00:00Z,DE-LU,DK1,2871.0,3864.0,1811.0,0,0,0
2026-03-16T22:00:00Z,DE-LU,AT,563.0,1330.0,56.0,0,0,0
2026-03-16T22:00:00Z,DE-LU,FR,1632.0,2265.0,-913.0,0,0,6.0
2026-03-16T22:00:00Z,DE-LU,NL,963.0,1369.0,-590.0,0,0,0
2026-03-16T22:00:00Z,DE-LU,PL,1399.0,3527.0,-2452.0,7.3,0,0
2026-03-16T22:00:00Z,DE-LU,CZ,3231.0,4309.0,-951.0,0,0,0
2026-03-16T22:00:00Z,DE-LU,DK1,1772.0,2073.0,338.0,0,0,0
2026-03-16T23:00:00Z,DE-LU,AT,1767.0,2808.0,-280.0,0,0,0
2026-03-16T23:00:00Z,DE-LU,FR,1963.0,2271.0,504.0,0,0,0
2026-03-16T23:00:00Z,DE-LU,NL,2142.0,2683.0,-826.0,0,0,0
2026-03-16T23:00:00Z,DE-LU,PL,2422.0,2659.0,-1925.0,0,0,0
2026-03-16T23:00:00Z,DE-LU,CZ,1886.0,3828.0,3023.0,0,0,0
2026-03-16T23:00:00Z,DE-LU,DK1,1186.0,2639.0,-679.0,0,0,0
2026-03-17T00:00:00Z,DE-LU,AT,1435.0,2189.0,1505.0,0,0,0
2026-03-17T00:00:00Z,DE-LU,FR,2816.0,3681.0,415.0,0,0,0
2026-03-17T00:00:00Z,DE-LU,NL,2813.0,4351.0,-758.0,0,0,0
2026-03-17T00:00:00Z,DE-LU,PL,2906.0,3477.0,1416.0,0,0,0
2026-03-17T00:00:00Z,DE-LU,CZ,1313.0,1766.0,193.0,0,0,0
2026-03-17T00:00:00Z,DE-LU,DK1,4027.0,4398.0,-2375.0,0,0,0
2026-03-17T01:00:00Z,DE-LU,AT,1175.0,1739.0,-951.0,0,0,0
2026-03-17T01:00:00Z,DE-LU,FR,995.0,1152.0,870.0,0,0,0
2026-03-17T01:00:00Z,DE-LU,NL,1744.0,3421.0,-2327.0,0,0,0
2026-03-17T01:00:00Z,DE-LU,PL,2300.0,3237.0,-984.0,0,0,0
2026-03-17T01:00:00Z,DE-LU,CZ,2785.0,3894.0,2485.0,0,0,0
2026-03-17T01:00:00Z,DE-LU,DK1,1312.0,2599.0,-1631.0,0,0,0
2026-03-17T02:00:00Z,DE-LU,AT,1056.0,2298.0,-711.0,0,0,0
2026-03-17T02:00:00Z,DE-LU,FR,1533.0,3052.0,-2324.0,0,0,0
2026-03-17T02:00:00Z,DE-LU,NL,2168.0,4031.0,-2389.0,0,0,0
2026-03-17T02:00:00Z,DE-LU,PL,734.0,2161.0,-1081.0,0.82,0,0
2026-03-17T02:00:00Z,DE-LU,CZ,3184.0,4342.0,-1424.0,0,0,0
2026-03-17T02:00:00Z,DE-LU,DK1,865.0,2370.0,848.0,0,0,0
2026-03-17T03:00:00Z,DE-LU,AT,2227.0,2444.0,1122.0,0,0,0
2026-03-17T03:00:00Z,DE-LU,FR,1532.0,4366.0,1335.0,10.15,25.0,0
2026-03-17T03:00:00Z,DE-LU,NL,2618.0,3969.0,-2904.0,0,0,0
2026-03-17T03:00:00Z,DE-LU,PL,553.0,1696.0,-278.0,6.97,0,0
2026-03-17T03:00:00Z,DE-LU,CZ,3295.0,3905.0,-1554.0,0,0,31.0
2026-03-17T03:00:00Z,DE-LU,DK1,830.0,1200.0,-131.0,0,0,0
2026-03-17T04:00:00Z,DE-LU,AT,3499.0,3743.0,2636.0,0,0,0
2026-03-17T04:00:00Z,DE-LU,FR,3170.0,3993.0,2313.0,0,0,0
2026-03-17T04:00:00Z,DE-LU,NL,884.0,2550.0,1069.0,0,0,0
2026-03-17T04:00:00Z,DE-LU,PL,1011.0,2721.0,587.0,7.15,19.0,0
2026-03-17T04:00:00Z,DE-LU,CZ,1213.0,1665.0,617.0,0,0,0
2026-03-17T04:00:00Z,DE-LU,DK1,1433.0,4179.0,-510.0,0,0,0
2026-03-17T05:00:00Z,DE-LU,AT,1602.0,4001.0,-366.0,0,0,0
2026-03-17T05:00:00Z,DE-LU,FR,709.0,1041.0,-13.0,0,0,0
2026-03-17T05:00:00Z,DE-LU,NL,1688.0,1830.0,773.0,0,0,0
2026-03-17T05:00:00Z,DE-LU,PL,1288.0,1376.0,598.0,0,0,0
2026-03-17T05:00:00Z,DE-LU,CZ,2879.0,3980.0,2455.0,0,0,0
2026-03-17T05:00:00Z,DE-LU,DK1,1502.0,4415.0,-2665.0,0,0,0
2026-03-17T06:00:00Z,DE-LU,AT,1675.0,4143.0,-2185.0,0,0,0
2026-03-17T06:00:00Z,DE-LU,FR,1492.0,2649.0,1761.0,0,0,0
2026-03-17T06:00:00Z,DE-LU,NL,727.0,973.0,53.0,0,0,0
2026-03-17T06:00:00Z,DE-LU,PL,1487.0,3434.0,-732.0,0,0,0
2026-03-17T06:00:00Z,DE-LU,CZ,1602.0,2962.0,151.0,0,0,0
2026-03-17T06:00:00Z,DE-LU,DK1,3429.0,3623.0,-2514.0,0,0,0
2026-03-17T07:00:00Z,DE-LU,AT,865.0,1731.0,-270.0,0,0,0
2026-03-17T07:00:00Z,DE-LU,FR,809.0,1036.0,195.0,0,0,0
2026-03-17T07:00:00Z,DE-LU,NL,377.0,1183.0,-873.0,4.49,25.0,0
2026-03-17T07:00:00Z,DE-LU,PL,1384.0,3400.0,-963.0,0,0,0
2026-03-17T07:00:00Z,DE-LU,CZ,1244.0,1701.0,719.0,0,0,0
2026-03-17T07:00:00Z,DE-LU,DK1,1938.0,2917.0,465.0,0,0,0
2026-03-17T08:00:00Z,DE-LU,AT,911.0,1671.0,-1094.0,0,0,0
2026-03-17T08:00:00Z,DE-LU,FR,2038.0,3427.0,353.0,0,0,0
2026-03-17T08:00:00Z,DE-LU,NL,1711.0,3983.0,1096.0,0,0,0
2026-03-17T08:00:00Z,DE-LU,PL,1650.0,3550.0,1079.0,0,0,0
2026-03-17T08:00:00Z,DE-LU,CZ,2236.0,4043.0,3062.0,0,0,0
2026-03-17T08:00:00Z,DE-LU,DK1,1650.0,2084.0,-1366.0,0,0,0
2026-03-17T09:00:00Z,DE-LU,AT,1016.0,2701.0,1405.0,11.94,0,0
2026-03-17T09:00:00Z,DE-LU,FR,569.0,1830.0,1315.0,0,0,0
2026-03-17T09:00:00Z,DE-LU,NL,2123.0,3936.0,333.0,0,0,0
2026-03-17T09:00:00Z,DE-LU,PL,3159.0,3909.0,611.0,0,0,0
2026-03-17T09:00:00Z,DE-LU,CZ,823.0,960.0,366.0,0,0,0
2026-03-17T09:00:00Z,DE-LU,DK1,1975.0,2298.0,-657.0,0,0,0
2026-03-17T10:00:00Z,DE-LU,AT,951.0,1478.0,-956.0,0,0,0
2026-03-17T10:00:00Z,DE-LU,FR,1933.0,3684.0,1780.0,0,0,0
2026-03-17T10:00:00Z,DE-LU,NL,2414.0,4217.0,-2813.0,0,0,0
2026-03-17T10:00:00Z,DE-LU,PL,1233.0,1907.0,-1490.0,0,0,0
2026-03-17T10:00:00Z,DE-LU,CZ,2117.0,3148.0,1783.0,0,0,0
2026-03-17T10:00:00Z,DE-LU,DK1,3134.0,3346.0,-968.0,0,0,0
2026-03-17T11:00:00Z,DE-LU,AT,3057.0,4078.0,158.0,0,0,0
2026-03-17T11:00:00Z,DE-LU,FR,1797.0,4327.0,-1703.0,0,0,0
2026-03-17T11:00:00Z,DE-LU,NL,1684.0,4170.0,3328.0,0,0,0
2026-03-17T11:00:00Z,DE-LU,PL,3093.0,4039.0,-1016.0,0,0,0
2026-03-17T11:00:00Z,DE-LU,CZ,767.0,1759.0,374.0,0,0,0
2026-03-17T11:00:00Z,DE-LU,DK1,2731.0,2946.0,-744.0,0,0,0
2026-03-17T12:00:00Z,DE-LU,AT,2370.0,3941.0,810.0,0,0,0
2026-03-17T12:00:00Z,DE-LU,FR,1599.0,2611.0,1370.0,0,0,0
2026-03-17T12:00:00Z,DE-LU,NL,539.0,1447.0,-856.0,0.93,25.0,0
2026-03-17T12:00:00Z,DE-LU,PL,898.0,2169.0,178.0,0,0,0
2026-03-17T12:00:00Z,DE-LU,CZ,2922.0,3835.0,-2453.0,0,0,0
2026-03-17T12:00:00Z,DE-LU,DK1,923.0,2865.0,2213.0,0,0,0
2026-03-17T13:00:00Z,DE-LU,AT,644.0,870.0,-531.0,0,0,0
2026-03-17T13:00:00Z,DE-LU,FR,900.0,2542.0,1764.0,3.45,9.0,0
2026-03-17T13:00:00Z,DE-LU,NL,1761.0,4461.0,1444.0,5.53,0,0
2026-03-17T13:00:00Z,DE-LU,PL,640.0,855.0,-135.0,0,0,0
2026-03-17T13:00:00Z,DE-LU,CZ,616.0,993.0,698.0,0,0,0
2026-03-17T13:00:00Z,DE-LU,DK1,519.0,1659.0,-347.0,0,0,0
2026-03-17T14:00:00Z,DE-LU,AT,2653.0,3378.0,-1068.0,0,0,0
2026-03-17T14:00:00Z,DE-LU,FR,1798.0,3524.0,-2787.0,0,0,0
2026-03-17T14:00:00Z,DE-LU,NL,1638.0,2589.0,1462.0,0,0,0
2026-03-17T14:00:00Z,DE-LU,PL,1343.0,2826.0,-1737.0,0,0,0
2026-03-17T14:00:00Z,DE-LU,CZ,1732.0,2208.0,-1519.0,0,0,0
2026-03-17T14:00:00Z,DE-LU,DK1,758.0,1853.0,635.0,0,0,0
2026-03-17T15:00:00Z,DE-LU,AT,2267.0,3948.0,364.0,0,0,0
2026-03-17T15:00:00Z,DE-LU,FR,952.0,1645.0,-777.0,0,0,0
2026-03-17T15:00:00Z,DE-LU,NL,1469.0,1828.0,686.0,0,0,0
2026-03-17T15:00:00Z,DE-LU,PL,1569.0,2220.0,-449.0,0,0,0
2026-03-17T15:00:00Z,DE-LU,CZ,613.0,968.0,764.0,0,0,0
2026-03-17T15:00:00Z,DE-LU,DK1,2141.0,3308.0,-1772.0,0,0,0
2026-03-17T16:00:00Z,DE-LU,AT,1812.0,3243.0,1549.0,0,0,0
2026-03-17T16:00:00Z,DE-LU,FR,668.0,1339.0,-46.0,0,0,32.0
2026-03-17T16:00:00Z,DE-LU,NL,3282.0,3962.0,-864.0,0,0,0
2026-03-17T16:00:00Z,DE-LU,PL,1829.0,4406.0,-773.0,0,0,0
2026-03-17T16:00:00Z,DE-LU,CZ,4039.0,4455.0,-1843.0,0,0,0
2026-03-17T16:00:00Z,DE-LU,DK1,620.0,1111.0,255.0,0,0,5.0
2026-03-17T17:00:00Z,DE-LU,AT,2203.0,2813.0,280.0,0,0,0
2026-03-17T17:00:00Z,DE-LU,FR,926.0,1087.0,-793.0,0,0,0
2026-03-17T17:00:00Z,DE-LU,NL,782.0,1425.0,1107.0,0,0,0
2026-03-17T17:00:00Z,DE-LU,PL,1987.0,3618.0,-464.0,0,0,0
2026-03-17T17:00:00Z,DE-LU,CZ,1515.0,2474.0,76.0,0,0,0
2026-03-17T17:00:00Z,DE-LU,DK1,1605.0,3943.0,2056.0,0,0,0
2026-03-17T18:00:00Z,DE-LU,AT,1273.0,2853.0,-1056.0,0,0,0
2026-03-17T18:00:00Z,DE-LU,FR,1178.0,3875.0,-1665.0,0,0,0
2026-03-17T18:00:00Z,DE-LU,NL,1171.0,2203.0,-276.0,0,0,0
2026-03-17T18:00:00Z,DE-LU,PL,676.0,937.0,-408.0,0,0,0
2026-03-17T18:00:00Z,DE-LU,CZ,1731.0,2524.0,512.0,0,0,0
2026-03-17T18:00:00Z,DE-LU,DK1,2838.0,4148.0,2837.0,0,0,0
2026-03-17T19:00:00Z,DE-LU,AT,1759.0,3451.0,-1826.0,0,0,0
2026-03-17T19:00:00Z,DE-LU,FR,486.0,1069.0,76.0,0,0,0
2026-03-17T19:00:00Z,DE-LU,NL,3125.0,4206.0,-1100.0,0,0,0
2026-03-17T19:00:00Z,DE-LU,PL,1444.0,2988.0,-1667.0,0,0,0
2026-03-17T19:00:00Z,DE-LU,CZ,1488.0,1700.0,-964.0,0,0,14.0
2026-03-17T19:00:00Z,DE-LU,DK1,961.0,1320.0,502.0,0,0,0
2026-03-17T20:00:00Z,DE-LU,AT,3221.0,3958.0,-446.0,0,0,0
2026-03-17T20:00:00Z,DE-LU,FR,1142.0,2826.0,312.0,0,0,0
2026-03-17T20:00:00Z,DE-LU,NL,1862.0,3756.0,-138.0,0,0,0
2026-03-17T20:00:00Z,DE-LU,PL,516.0,1040.0,475.0,0,0,0
2026-03-17T20:00:00Z,DE-LU,CZ,2817.0,3336.0,-2050.0,0,0,0
2026-03-17T20:00:00Z,DE-LU,DK1,2792.0,3439.0,2056.0,0,0,0
2026-03-17T21:00:00Z,DE-LU,AT,1657.0,1942.0,358.0,0,0,0
2026-03-17T21:00:00Z,DE-LU,FR,3720.0,4213.0,-3182.0,0,0,0
2026-03-17T21:00:00Z,DE-LU,NL,1741.0,2276.0,-382.0,0,0,0
2026-03-17T21:00:00Z,DE-LU,PL,1413.0,2362.0,-1481.0,0,0,0
2026-03-17T21:00:00Z,DE-LU,CZ,1266.0,2863.0,958.0,0,0,0
2026-03-17T21:00:00Z,DE-LU,DK1,809.0,967.0,-769.0,0,0,0
2026-03-17T22:00:00Z,DE-LU,AT,768.0,825.0,-53.0,0,0,0
2026-03-17T22:00:00Z,DE-LU,FR,3433.0,4465.0,-807.0,0,0,0
2026-03-17T22:00:00Z,DE-LU,NL,3118.0,3941.0,-763.0,0,0,0
2026-03-17T22:00:00Z,DE-LU,PL,2161.0,3711.0,-998.0,0,0,0
2026-03-17T22:00:00Z,DE-LU,CZ,3191.0,3542.0,-828.0,0,0,0
2026-03-17T22:00:00Z,DE-LU,DK1,761.0,1307.0,-859.0,0,0,0
2026-03-17T23:00:00Z,DE-LU,AT,2153.0,4358.0,-1264.0,0,0,0
2026-03-17T23:00:00Z,DE-LU,FR,745.0,1966.0,508.0,1.06,0,0
2026-03-17T23:00:00Z,DE-LU,NL,2366.0,4494.0,2981.0,0,0,0
2026-03-17T23:00:00Z,DE-LU,PL,3411.0,4436.0,1875.0,0,0,0
2026-03-17T23:00:00Z,DE-LU,CZ,1068.0,1528.0,811.0,0,0,0
2026-03-17T23:00:00Z,DE-LU,DK1,1415.0,1952.0,356.0,0,0,0
2026-03-18T00:00:00Z,DE-LU,AT,3170.0,3756.0,-545.0,0,0,12.0
2026-03-18T00:00:00Z,DE-LU,FR,535.0,1317.0,552.0,0,0,0
2026-03-18T00:00:00Z,DE-LU,NL,1441.0,2527.0,1840.0,0,0,0
2026-03-18T00:00:00Z,DE-LU,PL,1614.0,2285.0,346.0,0,0,0
2026-03-18T00:00:00Z,DE-LU,CZ,708.0,1387.0,149.0,0,0,0
2026-03-18T00:00:00Z,DE-LU,DK1,1137.0,2002.0,1373.0,0,0,0
2026-03-18T01:00:00Z,DE-LU,AT,882.0,2113.0,-1474.0,0,0,0
2026-03-18T01:00:00Z,DE-LU,FR,1452.0,2558.0,-1115.0,0,0,0
2026-03-18T01:00:00Z,DE-LU,NL,2701.0,4198.0,890.0,0,0,0
2026-03-18T01:00:00Z,DE-LU,PL,2791.0,3044.0,765.0,0,0,0
2026-03-18T01:00:00Z,DE-LU,CZ,1852.0,2170.0,1589.0,0,0,0
2026-03-18T01:00:00Z,DE-LU,DK1,1394.0,4216.0,-2309.0,2.18,2.0,0
2026-03-18T02:00:00Z,DE-LU,AT,2617.0,4166.0,375.0,0,0,0
2026-03-18T02:00:00Z,DE-LU,FR,3017.0,3223.0,-1994.0,0,0,0
2026-03-18T02:00:00Z,DE-LU,NL,1466.0,2811.0,5.0,0,0,0
2026-03-18T02:00:00Z,DE-LU,PL,2032.0,3870.0,-2143.0,0,0,33.0
2026-03-18T02:00:00Z,DE-LU,CZ,599.0,1262.0,581.0,0,0,0
2026-03-18T02:00:00Z,DE-LU,DK1,972.0,1123.0,637.0,0,0,0
2026-03-18T03:00:00Z,DE-LU,AT,3872.0,4353.0,2557.0,0,0,0
2026-03-18T03:00:00Z,DE-LU,FR,3111.0,3417.0,636.0,0,0,0
2026-03-18T03:00:00Z,DE-LU,NL,2320.0,3015.0,1247.0,0,0,0
2026-03-18T03:00:00Z,DE-LU,PL,3826.0,4287.0,-2898.0,0,0,0
2026-03-18T03:00:00Z,DE-LU,CZ,1897.0,3295.0,-1506.0,0,0,0
2026-03-18T03:00:00Z,DE-LU,DK1,1581.0,1809.0,-884.0,0,0,0
2026-03-18T04:00:00Z,DE-LU,AT,718.0,1049.0,-478.0,0,0,0
2026-03-18T04:00:00Z,DE-LU,FR,3215.0,3689.0,-1890.0,0,0,0
2026-03-18T04:00:00Z,DE-LU,NL,1701.0,2834.0,-503.0,0,0,0
2026-03-18T04:00:00Z,DE-LU,PL,1928.0,2154.0,186.0,0,0,0
2026-03-18T04:00:00Z,DE-LU,CZ,1360.0,2627.0,-1987.0,0,0,0
2026-03-18T04:00:00Z,DE-LU,DK1,1286.0,3516.0,2329.0,1.7,64.0,0
2026-03-18T05:00:00Z,DE-LU,AT,2272.0,2565.0,530.0,0,0,0
2026-03-18T05:00:00Z,DE-LU,FR,3141.0,4163.0,-2624.0,0,0,0
2026-03-18T05:00:00Z,DE-LU,NL,578.0,854.0,-119.0,0,0,0
2026-03-18T05:00:00Z,DE-LU,PL,1115.0,1392.0,532.0,0,0,0
2026-03-18T05:00:00Z,DE-LU,CZ,1762.0,3287.0,-866.0,0,0,0
2026-03-18T05:00:00Z,DE-LU,DK1,1298.0,2741.0,-1420.0,0,0,17.0
2026-03-18T06:00:00Z,DE-LU,AT,1591.0,2028.0,1300.0,0,0,0
2026-03-18T06:00:00Z,DE-LU,FR,1241.0,1942.0,397.0,0,0,0
2026-03-18T06:00:00Z,DE-LU,NL,626.0,1680.0,1006.0,0,0,0
2026-03-18T06:00:00Z,DE-LU,PL,2693.0,2885.0,-2225.0,0,0,0
2026-03-18T06:00:00Z,DE-LU,CZ,2524.0,4453.0,103.0,0,0,0
2026-03-18T06:00:00Z,DE-LU,DK1,461.0,1484.0,612.0,0.63,65.0,0
2026-03-18T07:00:00Z,DE-LU,AT,1577.0,1918.0,1329.0,0,0,0
2026-03-18T07:00:00Z,DE-LU,FR,2237.0,2736.0,1645.0,0,0,0
2026-03-18T07:00:00Z,DE-LU,NL,1099.0,3544.0,179.0,12.41,0,0
2026-03-18T07:00:00Z,DE-LU,PL,764.0,1270.0,182.0,0,0,0
2026-03-18T07:00:00Z,DE-LU,CZ,2498.0,3221.0,1541.0,0,0,0
2026-03-18T07:00:00Z,DE-LU,DK1,2218.0,3683.0,-1313.0,0,0,0
2026-03-18T08:00:00Z,DE-LU,AT,1735.0,3109.0,1197.0,0,0,0
2026-03-18T08:00:00Z,DE-LU,FR,1432.0,2424.0,1891.0,0,0,0
2026-03-18T08:00:00Z,DE-LU,NL,703.0,1610.0,247.0,0,0,0
2026-03-18T08:00:00Z,DE-LU,PL,900.0,1084.0,90.0,0,0,0
2026-03-18T08:00:00Z,DE-LU,CZ,1572.0,4084.0,1095.0,0,0,0
2026-03-18T08:00:00Z,DE-LU,DK1,1012.0,1292.0,85.0,0,0,0
2026-03-18T09:00:00Z,DE-LU,AT,1232.0,2954.0,2258.0,0,0,0
2026-03-18T09:00:00Z,DE-LU,FR,2306.0,2720.0,1584.0,0,0,0
2026-03-18T09:00:00Z,DE-LU,NL,1444.0,2980.0,-841.0,0,0,0
2026-03-18T09:00:00Z,DE-LU,PL,2681.0,3887.0,-2766.0,0,0,0
2026-03-18T09:00:00Z,DE-LU,CZ,1083.0,1187.0,383.0,0,0,0
2026-03-18T09:00:00Z,DE-LU,DK1,360.0,1075.0,-588.0,0,0,0
2026-03-18T10:00:00Z,DE-LU,AT,1466.0,2006.0,-67.0,0,0,0
2026-03-18T10:00:00Z,DE-LU,FR,1502.0,4237.0,-1537.0,0,0,0
2026-03-18T10:00:00Z,DE-LU,NL,1131.0,1854.0,1164.0,0,0,0
2026-03-18T10:00:00Z,DE-LU,PL,1539.0,3814.0,617.0,0,0,0
2026-03-18T10:00:00Z,DE-LU,CZ,3723.0,4138.0,970.0,0,0,0
2026-03-18T10:00:00Z,DE-LU,DK1,2017.0,3309.0,-555.0,0,0,0
2026-03-18T11:00:00Z,DE-LU,AT,1468.0,2230.0,265.0,0,0,0
2026-03-18T11:00:00Z,DE-LU,FR,885.0,2365.0,1634.0,1.93,0,0
2026-03-18T11:00:00Z,DE-LU,NL,2291.0,4323.0,259.0,0,0,0
2026-03-18T11:00:00Z,DE-LU,PL,1677.0,1878.0,481.0,0,0,0
2026-03-18T11:00:00Z,DE-LU,CZ,1125.0,1468.0,-1097.0,0,0,0
2026-03-18T11:00:00Z,DE-LU,DK1,686.0,902.0,624.0,0,0,19.0
2026-03-18T12:00:00Z,DE-LU,AT,3172.0,3400.0,-1761.0,0,0,0
2026-03-18T12:00:00Z,DE-LU,FR,1462.0,1733.0,1232.0,0,0,0
2026-03-18T12:00:00Z,DE-LU,NL,1136.0,1756.0,392.0,0,0,0
2026-03-18T12:00:00Z,DE-LU,PL,536.0,1751.0,797.0,8.2,0,0
2026-03-18T12:00:00Z,DE-LU,CZ,1055.0,1153.0,-29.0,0,0,0
2026-03-18T12:00:00Z,DE-LU,DK1,2688.0,3833.0,3020.0,0,0,0
2026-03-18T13:00:00Z,DE-LU,AT,1198.0,3379.0,2571.0,4.63,0,0
2026-03-18T13:00:00Z,DE-LU,FR,1621.0,3285.0,2192.0,0,0,0
2026-03-18T13:00:00Z,DE-LU,NL,2925.0,3983.0,1184.0,0,0,0
2026-03-18T13:00:00Z,DE-LU,PL,1573.0,2230.0,1314.0,0,0,0
2026-03-18T13:00:00Z,DE-LU,CZ,3208.0,3554.0,565.0,0,0,0
2026-03-18T13:00:00Z,DE-LU,DK1,2970.0,3552.0,-1488.0,0,0,0
2026-03-18T14:00:00Z,DE-LU,AT,1393.0,2795.0,-984.0,0,0,0
2026-03-18T14:00:00Z,DE-LU,FR,342.0,1073.0,369.0,0,0,3.0
2026-03-18T14:00:00Z,DE-LU,NL,1143.0,2801.0,244.0,0,0,0
2026-03-18T14:00:00Z,DE-LU,PL,1116.0,1510.0,-98.0,0,0,0
2026-03-18T14:00:00Z,DE-LU,CZ,1288.0,1407.0,869.0,0,0,0
2026-03-18T14:00:00Z,DE-LU,DK1,908.0,2154.0,-1566.0,0,0,0
2026-03-18T15:00:00Z,DE-LU,AT,1042.0,2949.0,-1109.0,0,0,0
2026-03-18T15:00:00Z,DE-LU,FR,1671.0,3947.0,-2179.0,0,0,0
2026-03-18T15:00:00Z,DE-LU,NL,1991.0,4409.0,2849.0,0,0,0
2026-03-18T15:00:00Z,DE-LU,PL,797.0,1111.0,497.0,0,0,0
2026-03-18T15:00:00Z,DE-LU,CZ,1427.0,1820.0,-947.0,0,0,0
2026-03-18T15:00:00Z,DE-LU,DK1,1931.0,2379.0,-1209.0,0,0,0
2026-03-18T16:00:00Z,DE-LU,AT,1317.0,2575.0,1400.0,0,0,0
2026-03-18T16:00:00Z,DE-LU,FR,366.0,832.0,-152.0,0,0,0
2026-03-18T16:00:00Z,DE-LU,NL,1154.0,2510.0,180.0,0,0,0
2026-03-18T16:00:00Z,DE-LU,PL,1535.0,1971.0,-146.0,0,0,11.0
2026-03-18T16:00:00Z,DE-LU,CZ,2732.0,3203.0,-991.0,0,0,0
2026-03-18T16:00:00Z,DE-LU,DK1,1825.0,1989.0,635.0,0,0,0
2026-03-18T17:00:00Z,DE-LU,AT,3339.0,4216.0,1821.0,0,0,0
2026-03-18T17:00:00Z,DE-LU,FR,1497.0,1917.0,-94.0,0,0,0
2026-03-18T17:00:00Z,DE-LU,NL,1903.0,3052.0,2288.0,0,0,0
2026-03-18T17:00:00Z,DE-LU,PL,1876.0,2108.0,1492.0,0,0,0
2026-03-18T17:00:00Z,DE-LU,CZ,622.0,1352.0,559.0,0,0,0
2026-03-18T17:00:00Z,DE-LU,DK1,368.0,805.0,405.0,0,0,0
2026-03-18T18:00:00Z,DE-LU,AT,585.0,861.0,674.0,0,0,0
2026-03-18T18:00:00Z,DE-LU,FR,793.0,1541.0,-369.0,0,0,0
2026-03-18T18:00:00Z,DE-LU,NL,397.0,1143.0,93.0,6.58,0,0
2026-03-18T18:00:00Z,DE-LU,PL,955.0,1525.0,613.0,0,0,0
2026-03-18T18:00:00Z,DE-LU,CZ,1442.0,2509.0,-221.0,0,0,0
2026-03-18T18:00:00Z,DE-LU,DK1,465.0,1188.0,-531.0,5.79,47.0,0
2026-03-18T19:00:00Z,DE-LU,AT,1122.0,1258.0,-678.0,0,0,0
2026-03-18T19:00:00Z,DE-LU,FR,1993.0,3751.0,2448.0,0,0,0
2026-03-18T19:00:00Z,DE-LU,NL,1542.0,4492.0,-2589.0,0.23,13.0,0
2026-03-18T19:00:00Z,DE-LU,PL,3733.0,4352.0,-723.0,0,0,0
2026-03-18T19:00:00Z,DE-LU,CZ,1142.0,1484.0,1157.0,0,0,0
2026-03-18T19:00:00Z,DE-LU,DK1,599.0,909.0,119.0,0,0,0
2026-03-18T20:00:00Z,DE-LU,AT,1849.0,3268.0,791.0,0,0,0
2026-03-18T20:00:00Z,DE-LU,FR,2482.0,3693.0,-563.0,0,0,0
2026-03-18T20:00:00Z,DE-LU,NL,1869.0,3114.0,1335.0,0,0,0
2026-03-18T20:00:00Z,DE-LU,PL,1771.0,4080.0,-2239.0,0,0,0
2026-03-18T20:00:00Z,DE-LU,CZ,1939.0,2959.0,-1592.0,0,0,0
2026-03-18T20:00:00Z,DE-LU,DK1,1071.0,1640.0,1298.0,0,0,0
2026-03-18T21:00:00Z,DE-LU,AT,2371.0,2666.0,979.0,0,0,0
2026-03-18T21:00:00Z,DE-LU,FR,2569.0,4340.0,-391.0,0,0,0
2026-03-18T21:00:00Z,DE-LU,NL,1278.0,3452.0,1466.0,7.74,0,0
2026-03-18T21:00:00Z,DE-LU,PL,531.0,1144.0,-594.0,0,0,0
2026-03-18T21:00:00Z,DE-LU,CZ,362.0,923.0,670.0,2.9,0,0
2026-03-18T21:00:00Z,DE-LU,DK1,1541.0,1687.0,1348.0,0,0,0
2026-03-18T22:00:00Z,DE-LU,AT,849.0,2083.0,-773.0,0,0,0
2026-03-18T22:00:00Z,DE-LU,FR,1958.0,2993.0,1958.0,0,0,0
2026-03-18T22:00:00Z,DE-LU,NL,1662.0,3735.0,-144.0,0,0,0
2026-03-18T22:00:00Z,DE-LU,PL,1243.0,2216.0,-1366.0,0,0,0
2026-03-18T22:00:00Z,DE-LU,CZ,1009.0,1879.0,1399.0,0,0,0
2026-03-18T22:00:00Z,DE-LU,DK1,589.0,998.0,309.0,0,0,0
2026-03-18T23:00:00Z,DE-LU,AT,759.0,1912.0,-721.0,0,0,0
2026-03-18T23:00:00Z,DE-LU,FR,2264.0,2902.0,-1441.0,0,0,0
2026-03-18T23:00:00Z,DE-LU,NL,826.0,1592.0,-968.0,0,0,0
2026-03-18T23:00:00Z,DE-LU,PL,3008.0,3397.0,-2690.0,0,0,0
2026-03-18T23:00:00Z,DE-LU,CZ,1243.0,2481.0,1743.0,0,0,0
2026-03-18T23:00:00Z,DE-LU,DK1,2170.0,4023.0,924.0,0,0,0
2026-03-19T00:00:00Z,DE-LU,AT,1357.0,3379.0,-1932.0,0,0,0
2026-03-19T00:00:00Z,DE-LU,FR,1603.0,1809.0,375.0,0,0,0
2026-03-19T00:00:00Z,DE-LU,NL,3138.0,3810.0,-2907.0,0,0,0
2026-03-19T00:00:00Z,DE-LU,PL,2040.0,2584.0,-18.0,0,0,0
2026-03-19T00:00:00Z,DE-LU,CZ,2421.0,3370.0,1263.0,0,0,0
2026-03-19T00:00:00Z,DE-LU,DK1,1301.0,3710.0,1465.0,1.16,64.0,0
2026-03-19T01:00:00Z,DE-LU,AT,2420.0,3401.0,-2119.0,0,0,15.0
2026-03-19T01:00:00Z,DE-LU,FR,3580.0,4464.0,851.0,0,0,0
2026-03-19T01:00:00Z,DE-LU,NL,1437.0,3521.0,-550.0,0,0,0
2026-03-19T01:00:00Z,DE-LU,PL,1219.0,1614.0,1276.0,0,0,0
2026-03-19T01:00:00Z,DE-LU,CZ,3141.0,4418.0,-1931.0,0,0,0
2026-03-19T01:00:00Z,DE-LU,DK1,2565.0,3072.0,1747.0,0,0,0
2026-03-19T02:00:00Z,DE-LU,AT,2040.0,4239.0,422.0,0,0,0
2026-03-19T02:00:00Z,DE-LU,FR,3867.0,4341.0,2286.0,0,0,0
2026-03-19T02:00:00Z,DE-LU,NL,1290.0,1540.0,982.0,0,0,0
2026-03-19T02:00:00Z,DE-LU,PL,686.0,1330.0,1053.0,0,0,0
2026-03-19T02:00:00Z,DE-LU,CZ,1484.0,2053.0,1045.0,0,0,0
2026-03-19T02:00:00Z,DE-LU,DK1,1595.0,2497.0,1482.0,0,0,0
2026-03-19T03:00:00Z,DE-LU,AT,1323.0,2830.0,-1904.0,0,0,0
2026-03-19T03:00:00Z,DE-LU,FR,1455.0,1738.0,566.0,0,0,0
2026-03-19T03:00:00Z,DE-LU,NL,1131.0,2409.0,-813.0,0,0,13.0
2026-03-19T03:00:00Z,DE-LU,PL,2291.0,3838.0,-2420.0,0,0,0
2026-03-19T03:00:00Z,DE-LU,CZ,631.0,826.0,-74.0,0,0,0
2026-03-19T03:00:00Z,DE-LU,DK1,715.0,1276.0,547.0,0,0,0
2026-03-19T04:00:00Z,DE-LU,AT,1943.0,2079.0,1518.0,0,0,0
2026-03-19T04:00:00Z,DE-LU,FR,3195.0,3820.0,-2036.0,0,0,0
2026-03-19T04:00:00Z,DE-LU,NL,1447.0,1745.0,-1152.0,0,0,0
2026-03-19T04:00:00Z,DE-LU,PL,969.0,1849.0,-699.0,0,0,0
2026-03-19T04:00:00Z,DE-LU,CZ,2771.0,3117.0,525.0,0,0,0
2026-03-19T04:00:00Z,DE-LU,DK1,1590.0,4257.0,2583.0,6.01,0,0
2026-03-19T05:00:00Z,DE-LU,AT,3272.0,4370.0,-1984.0,0,0,0
2026-03-19T05:00:00Z,DE-LU,FR,2101.0,3498.0,410.0,0,0,0
2026-03-19T05:00:00Z,DE-LU,NL,1403.0,3823.0,864.0,0,0,0
2026-03-19T05:00:00Z,DE-LU,PL,2616.0,3873.0,1234.0,0,0,0
2026-03-19T05:00:00Z,DE-LU,CZ,3630.0,4492.0,1892.0,0,0,0
2026-03-19T05:00:00Z,DE-LU,DK1,1324.0,2625.0,-1175.0,0,0,0
2026-03-19T06:00:00Z,DE-LU,AT,1693.0,2417.0,1266.0,0,0,0
2026-03-19T06:00:00Z,DE-LU,FR,2612.0,2772.0,1932.0,0,0,0
2026-03-19T06:00:00Z,DE-LU,NL,899.0,1367.0,-606.0,0,0,0
2026-03-19T06:00:00Z,DE-LU,PL,1767.0,3809.0,-2085.0,0,0,0
2026-03-19T06:00:00Z,DE-LU,CZ,1250.0,3827.0,-689.0,1.13,20.0,0
2026-03-19T06:00:00Z,DE-LU,DK1,2412.0,4327.0,390.0,0,0,0
2026-03-19T07:00:00Z,DE-LU,AT,1081.0,1945.0,1363.0,0,0,0
2026-03-19T07:00:00Z,DE-LU,FR,2389.0,3625.0,1165.0,0,0,0
2026-03-19T07:00:00Z,DE-LU,NL,1955.0,3567.0,-309.0,0,0,0
2026-03-19T07:00:00Z,DE-LU,PL,573.0,932.0,167.0,0,0,0
2026-03-19T07:00:00Z,DE-LU,CZ,1665.0,3802.0,880.0,0,0,0
2026-03-19T07:00:00Z,DE-LU,DK1,2671.0,3062.0,830.0,0,0,0
2026-03-19T08:00:00Z,DE-LU,AT,3433.0,3661.0,-352.0,0,0,0
2026-03-19T08:00:00Z,DE-LU,FR,813.0,935.0,58.0,0,0,0
2026-03-19T08:00:00Z,DE-LU,NL,1935.0,3085.0,-63.0,0,0,0
2026-03-19T08:00:00Z,DE-LU,PL,302.0,968.0,166.0,0,0,0
2026-03-19T08:00:00Z,DE-LU,CZ,804.0,1858.0,-934.0,0,0,0
2026-03-19T08:00:00Z,DE-LU,DK1,3016.0,4090.0,288.0,0,0,0
2026-03-19T09:00:00Z,DE-LU,AT,671.0,2085.0,-480.0,0,0,0
2026-03-19T09:00:00Z,DE-LU,FR,1660.0,2393.0,196.0,0,0,0
2026-03-19T09:00:00Z,DE-LU,NL,3252.0,3936.0,3068.0,0,0,0
2026-03-19T09:00:00Z,DE-LU,PL,1252.0,1490.0,-1098.0,0,0,0
2026-03-19T09:00:00Z,DE-LU,CZ,2922.0,3091.0,1452.0,0,0,0
2026-03-19T09:00:00Z,DE-LU,DK1,1466.0,3762.0,2592.0,1.57,0,0
2026-03-19T10:00:00Z,DE-LU,AT,1716.0,4021.0,1071.0,0,0,0
2026-03-19T10:00:00Z,DE-LU,FR,730.0,1394.0,-692.0,0,0,0
2026-03-19T10:00:00Z,DE-LU,NL,1657.0,4201.0,4.0,1.52,0,0
2026-03-19T10:00:00Z,DE-LU,PL,441.0,1015.0,89.0,0,0,0
2026-03-19T10:00:00Z,DE-LU,CZ,1078.0,2238.0,-679.0,0,0,0
2026-03-19T10:00:00Z,DE-LU,DK1,2125.0,3077.0,2098.0,0,0,0
2026-03-19T11:00:00Z,DE-LU,AT,1784.0,2999.0,1827.0,0,0,0
2026-03-19T11:00:00Z,DE-LU,FR,1701.0,1992.0,-534.0,0,0,0
2026-03-19T11:00:00Z,DE-LU,NL,929.0,3055.0,1153.0,0,0,0
2026-03-19T11:00:00Z,DE-LU,PL,726.0,1081.0,-675.0,0,0,0
2026-03-19T11:00:00Z,DE-LU,CZ,1981.0,2313.0,1613.0,0,0,0
2026-03-19T11:00:00Z,DE-LU,DK1,2262.0,2444.0,-568.0,0,0,0
2026-03-19T12:00:00Z,DE-LU,AT,1497.0,1677.0,-1236.0,0,0,0
2026-03-19T12:00:00Z,DE-LU,FR,1921.0,3925.0,-205.0,0,0,0
2026-03-19T12:00:00Z,DE-LU,NL,951.0,1535.0,-647.0,0,0,0
2026-03-19T12:00:00Z,DE-LU,PL,558.0,1532.0,-782.0,0,0,0
2026-03-19T12:00:00Z,DE-LU,CZ,1293.0,1791.0,380.0,0,0,0
2026-03-19T12:00:00Z,DE-LU,DK1,1629.0,3685.0,-2785.0,0,0,0
2026-03-19T13:00:00Z,DE-LU,AT,830.0,1742.0,-239.0,0,0,28.0
2026-03-19T13:00:00Z,DE-LU,FR,1456.0,1592.0,1090.0,0,0,0
2026-03-19T13:00:00Z,DE-LU,NL,1276.0,1984.0,65.0,0,0,0
2026-03-19T13:00:00Z,DE-LU,PL,3029.0,3195.0,-2380.0,0,0,0
2026-03-19T13:00:00Z,DE-LU,CZ,1014.0,1790.0,1041.0,0,0,0
2026-03-19T13:00:00Z,DE-LU,DK1,946.0,1561.0,-683.0,0,0,0
2026-03-19T14:00:00Z,DE-LU,AT,2934.0,3366.0,-1401.0,0,0,0
2026-03-19T14:00:00Z,DE-LU,FR,2319.0,2596.0,1971.0,0,0,24.0
2026-03-19T14:00:00Z,DE-LU,NL,426.0,1088.0,-671.0,0,0,0
2026-03-19T14:00:00Z,DE-LU,PL,1357.0,2670.0,1650.0,0,0,0
2026-03-19T14:00:00Z,DE-LU,CZ,743.0,1328.0,-992.0,0,0,0
2026-03-19T14:00:00Z,DE-LU,DK1,1673.0,3129.0,899.0,0,0,0
2026-03-19T15:00:00Z,DE-LU,AT,1445.0,3079.0,-602.0,0,0,0
2026-03-19T15:00:00Z,DE-LU,FR,1841.0,2651.0,391.0,0,0,0
2026-03-19T15:00:00Z,DE-LU,NL,1259.0,1987.0,1506.0,0,0,0
2026-03-19T15:00:00Z,DE-LU,PL,2177.0,2787.0,-1616.0,0,0,0
2026-03-19T15:00:00Z,DE-LU,CZ,703.0,1309.0,-157.0,0,0,0
2026-03-19T15:00:00Z,DE-LU,DK1,1192.0,2134.0,312.0,0,0,0
2026-03-19T16:00:00Z,DE-LU,AT,1675.0,2502.0,-809.0,0,0,0
2026-03-19T16:00:00Z,DE-LU,FR,921.0,2737.0,1137.0,0,0,0
2026-03-19T16:00:00Z,DE-LU,NL,1050.0,2497.0,-1715.0,0,0,0
2026-03-19T16:00:00Z,DE-LU,PL,1996.0,2795.0,-433.0,0,0,0
2026-03-19T16:00:00Z,DE-LU,CZ,1490.0,1667.0,1270.0,0,0,0
2026-03-19T16:00:00Z,DE-LU,DK1,351.0,1140.0,-259.0,0.45,42.0,0
2026-03-19T17:00:00Z,DE-LU,AT,667.0,1123.0,120.0,0,0,0
2026-03-19T17:00:00Z,DE-LU,FR,1743.0,2587.0,473.0,0,0,0
2026-03-19T17:00:00Z,DE-LU,NL,1805.0,2164.0,-1720.0,0,0,0
2026-03-19T17:00:00Z,DE-LU,PL,1636.0,2305.0,-585.0,0,0,0
2026-03-19T17:00:00Z,DE-LU,CZ,2271.0,3288.0,69.0,0,0,0
2026-03-19T17:00:00Z,DE-LU,DK1,3183.0,3770.0,-1188.0,0,0,0
2026-03-19T18:00:00Z,DE-LU,AT,3492.0,3743.0,-2356.0,0,0,0
2026-03-19T18:00:00Z,DE-LU,FR,1062.0,1699.0,-365.0,0,0,43.0
2026-03-19T18:00:00Z,DE-LU,NL,1192.0,1309.0,-841.0,0,0,0
2026-03-19T18:00:00Z,DE-LU,PL,1530.0,2115.0,992.0,0,0,0
2026-03-19T18:00:00Z,DE-LU,CZ,2564.0,3787.0,2036.0,0,0,0
2026-03-19T18:00:00Z,DE-LU,DK1,988.0,1195.0,-237.0,0,0,0
2026-03-19T19:00:00Z,DE-LU,AT,1040.0,1827.0,613.0,0,0,0
2026-03-19T19:00:00Z,DE-LU,FR,1725.0,2281.0,1801.0,0,0,0
2026-03-19T19:00:00Z,DE-LU,NL,1235.0,2145.0,-277.0,0,0,0
2026-03-19T19:00:00Z,DE-LU,PL,3383.0,4011.0,-2139.0,0,0,0
2026-03-19T19:00:00Z,DE-LU,CZ,357.0,1068.0,752.0,1.86,0,0
2026-03-19T19:00:00Z,DE-LU,DK1,1386.0,3750.0,-2507.0,0,0,0
2026-03-19T20:00:00Z,DE-LU,AT,2231.0,3352.0,-1958.0,0,0,0
2026-03-19T20:00:00Z,DE-LU,FR,661.0,828.0,288.0,0,0,0
2026-03-19T20:00:00Z,DE-LU,NL,3629.0,4434.0,-2412.0,0,0,0
2026-03-19T20:00:00Z,DE-LU,PL,2193.0,3834.0,-1634.0,0,0,0
2026-03-19T20:00:00Z,DE-LU,CZ,1495.0,1706.0,-1210.0,0,0,0
2026-03-19T20:00:00Z,DE-LU,DK1,593.0,1137.0,332.0,0,0,0
2026-03-19T21:00:00Z,DE-LU,AT,1598.0,3297.0,1146.0,0,0,0
2026-03-19T21:00:00Z,DE-LU,FR,2467.0,4082.0,-1029.0,0,0,0
2026-03-19T21:00:00Z,DE-LU,NL,1163.0,3048.0,621.0,5.5,0,0
2026-03-19T21:00:00Z,DE-LU,PL,1078.0,1466.0,-152.0,0,0,0
2026-03-19T21:00:00Z,DE-LU,CZ,2705.0,4059.0,-1874.0,0,0,0
2026-03-19T21:00:00Z,DE-LU,DK1,2446.0,3470.0,1769.0,0,0,0
2026-03-19T22:00:00Z,DE-LU,AT,1408.0,3560.0,-1255.0,3.33,0,0
2026-03-19T22:00:00Z,DE-LU,FR,2526.0,3478.0,-558.0,0,0,0
2026-03-19T22:00:00Z,DE-LU,NL,678.0,1266.0,688.0,0,0,0
2026-03-19T22:00:00Z,DE-LU,PL,1820.0,2886.0,411.0,0,0,0
2026-03-19T22:00:00Z,DE-LU,CZ,991.0,2659.0,1766.0,0,0,0
2026-03-19T22:00:00Z,DE-LU,DK1,1154.0,1218.0,-321.0,0,0,0
2026-03-19T23:00:00Z,DE-LU,AT,1518.0,4376.0,-1434.0,5.86,68.0,0
2026-03-19T23:00:00Z,DE-LU,FR,1126.0,2305.0,509.0,0,0,0
2026-03-19T23:00:00Z,DE-LU,NL,1491.0,1836.0,1283.0,0,0,0
2026-03-19T23:00:00Z,DE-LU,PL,703.0,1072.0,785.0,0,0,0
2026-03-19T23:00:00Z,DE-LU,CZ,1640.0,1948.0,-214.0,0,0,0
2026-03-19T23:00:00Z,DE-LU,DK1,1601.0,4195.0,-2220.0,8.92,0,0
2026-03-20T00:00:00Z,DE-LU,AT,2255.0,3865.0,-1057.0,0,0,0
2026-03-20T00:00:00Z,DE-LU,FR,1996.0,3487.0,2102.0,0,0,0
2026-03-20T00:00:00Z,DE-LU,NL,2069.0,3457.0,-2387.0,0,0,0
2026-03-20T00:00:00Z,DE-LU,PL,2331.0,4322.0,524.0,0,0,0
2026-03-20T00:00:00Z,DE-LU,CZ,1608.0,3792.0,-974.0,0,0,0
2026-03-20T00:00:00Z,DE-LU,DK1,2363.0,3878.0,746.0,0,0,0
2026-03-20T01:00:00Z,DE-LU,AT,3046.0,3972.0,1847.0,0,0,0
2026-03-20T01:00:00Z,DE-LU,FR,1367.0,4056.0,2332.0,5.73,0,0
2026-03-20T01:00:00Z,DE-LU,NL,1281.0,1982.0,1051.0,0,0,0
2026-03-20T01:00:00Z,DE-LU,PL,1813.0,3788.0,-2596.0,0,0,0
2026-03-20T01:00:00Z,DE-LU,CZ,2449.0,2832.0,-345.0,0,0,0
2026-03-20T01:00:00Z,DE-LU,DK1,2505.0,3101.0,67.0,0,0,0
2026-03-20T02:00:00Z,DE-LU,AT,1479.0,3665.0,1558.0,0,0,0
2026-03-20T02:00:00Z,DE-LU,FR,973.0,1224.0,396.0,0,0,0
2026-03-20T02:00:00Z,DE-LU,NL,898.0,1251.0,402.0,0,0,0
2026-03-20T02:00:00Z,DE-LU,PL,1109.0,1650.0,-330.0,0,0,0
2026-03-20T02:00:00Z,DE-LU,CZ,1828.0,4489.0,-2927.0,0,0,0
2026-03-20T02:00:00Z,DE-LU,DK1,1527.0,3674.0,-820.0,0,0,0
2026-03-20T03:00:00Z,DE-LU,AT,3055.0,3766.0,100.0,0,0,0
2026-03-20T03:00:00Z,DE-LU,FR,1759.0,2895.0,-1729.0,0,0,0
2026-03-20T03:00:00Z,DE-LU,NL,1648.0,3628.0,-1346.0,0,0,0
2026-03-20T03:00:00Z,DE-LU,PL,1808.0,3015.0,1611.0,0,0,0
2026-03-20T03:00:00Z,DE-LU,CZ,865.0,1592.0,376.0,0,0,0
2026-03-20T03:00:00Z,DE-LU,DK1,343.0,971.0,-112.0,0,0,0
2026-03-20T04:00:00Z,DE-LU,AT,719.0,1670.0,-1117.0,0,0,0
2026-03-20T04:00:00Z,DE-LU,FR,2100.0,4132.0,-100.0,0,0,0
2026-03-20T04:00:00Z,DE-LU,NL,566.0,832.0,-422.0,0,0,0
2026-03-20T04:00:00Z,DE-LU,PL,1649.0,4031.0,2951.0,0,0,0
2026-03-20T04:00:00Z,DE-LU,CZ,1661.0,2590.0,1350.0,0,0,2.0
2026-03-20T04:00:00Z,DE-LU,DK1,3056.0,3347.0,2015.0,0,0,7.0
2026-03-20T05:00:00Z,DE-LU,AT,1040.0,3067.0,2445.0,0,0,0
2026-03-20T05:00:00Z,DE-LU,FR,1245.0,1619.0,-794.0,0,0,0
2026-03-20T05:00:00Z,DE-LU,NL,2335.0,3387.0,392.0,0,0,0
2026-03-20T05:00:00Z,DE-LU,PL,583.0,958.0,-160.0,0,0,0
2026-03-20T05:00:00Z,DE-LU,CZ,2218.0,3819.0,-1760.0,0,0,0
2026-03-20T05:00:00Z,DE-LU,DK1,403.0,1219.0,467.0,0.57,0,0
2026-03-20T06:00:00Z,DE-LU,AT,2134.0,2474.0,950.0,0,0,0
2026-03-20T06:00:00Z,DE-LU,FR,1034.0,1282.0,-271.0,0,0,0
2026-03-20T06:00:00Z,DE-LU,NL,737.0,2056.0,489.0,8.28,0,0
2026-03-20T06:00:00Z,DE-LU,PL,1215.0,1301.0,-540.0,0,0,0
2026-03-20T06:00:00Z,DE-LU,CZ,2504.0,3083.0,-59.0,0,0,0
2026-03-20T06:00:00Z,DE-LU,DK1,1424.0,2866.0,590.0,0,0,0
2026-03-20T07:00:00Z,DE-LU,AT,649.0,1793.0,-145.0,0,0,0
2026-03-20T07:00:00Z,DE-LU,FR,2598.0,3049.0,-1160.0,0,0,0
2026-03-20T07:00:00Z,DE-LU,NL,2348.0,4120.0,-2464.0,0,0,0
2026-03-20T07:00:00Z,DE-LU,PL,1070.0,1227.0,632.0,0,0,0
2026-03-20T07:00:00Z,DE-LU,CZ,834.0,1127.0,454.0,0,0,0
2026-03-20T07:00:00Z,DE-LU,DK1,967.0,1462.0,1043.0,0,0,0
2026-03-20T08:00:00Z,DE-LU,AT,920.0,1208.0,433.0,0,0,0
2026-03-20T08:00:00Z,DE-LU,FR,881.0,1326.0,258.0,0,0,0
2026-03-20T08:00:00Z,DE-LU,NL,1495.0,4084.0,52.0,3.77,24.0,0
2026-03-20T08:00:00Z,DE-LU,PL,3648.0,4189.0,2235.0,0,0,0
2026-03-20T08:00:00Z,DE-LU,CZ,2414.0,2776.0,1432.0,0,0,0
2026-03-20T08:00:00Z,DE-LU,DK1,939.0,1210.0,153.0,0,0,0
2026-03-20T09:00:00Z,DE-LU,AT,2026.0,2820.0,1228.0,0,0,0
2026-03-20T09:00:00Z,DE-LU,FR,2547.0,3788.0,-192.0,0,0,0
2026-03-20T09:00:00Z,DE-LU,NL,1483.0,2825.0,-2028.0,0,0,0
2026-03-20T09:00:00Z,DE-LU,PL,2043.0,3504.0,-1287.0,0,0,0
2026-03-20T09:00:00Z,DE-LU,CZ,3035.0,3693.0,2866.0,0,0,0
2026-03-20T09:00:00Z,DE-LU,DK1,3486.0,4277.0,2246.0,0,0,0
2026-03-20T10:00:00Z,DE-LU,AT,1489.0,2758.0,-422.0,0,0,0
2026-03-20T10:00:00Z,DE-LU,FR,1859.0,2257.0,961.0,0,0,0
2026-03-20T10:00:00Z,DE-LU,NL,1882.0,3339.0,1795.0,0,0,0
2026-03-20T10:00:00Z,DE-LU,PL,2653.0,3072.0,2079.0,0,0,0
2026-03-20T10:00:00Z,DE-LU,CZ,2353.0,3043.0,2002.0,0,0,0
2026-03-20T10:00:00Z,DE-LU,DK1,735.0,2397.0,1405.0,0,0,0
2026-03-20T11:00:00Z,DE-LU,AT,2441.0,3144.0,367.0,0,0,0
2026-03-20T11:00:00Z,DE-LU,FR,1544.0,3441.0,2563.0,0,0,0
2026-03-20T11:00:00Z,DE-LU,NL,688.0,1259.0,320.0,0,0,0
2026-03-20T11:00:00Z,DE-LU,PL,3095.0,3808.0,1032.0,0,0,0
2026-03-20T11:00:00Z,DE-LU,CZ,2622.0,3700.0,-1791.0,0,0,0
2026-03-20T11:00:00Z,DE-LU,DK1,3218.0,4197.0,2480.0,0,0,0
2026-03-20T12:00:00Z,DE-LU,AT,492.0,1416.0,1017.0,0,0,0
2026-03-20T12:00:00Z,DE-LU,FR,3189.0,4294.0,75.0,0,0,0
2026-03-20T12:00:00Z,DE-LU,NL,2162.0,3713.0,-1888.0,0,0,0
2026-03-20T12:00:00Z,DE-LU,PL,1926.0,4053.0,-1488.0,0,0,0
2026-03-20T12:00:00Z,DE-LU,CZ,2816.0,4026.0,-3129.0,0,0,0
2026-03-20T12:00:00Z,DE-LU,DK1,616.0,801.0,-308.0,0,0,0
2026-03-20T13:00:00Z,DE-LU,AT,1111.0,1846.0,-641.0,0,0,0
2026-03-20T13:00:00Z,DE-LU,FR,465.0,851.0,-67.0,0,0,0
2026-03-20T13:00:00Z,DE-LU,NL,1905.0,3334.0,1364.0,0,0,0
2026-03-20T13:00:00Z,DE-LU,PL,1554.0,3377.0,1974.0,0,0,0
2026-03-20T13:00:00Z,DE-LU,CZ,1783.0,2844.0,1821.0,0,0,0
2026-03-20T13:00:00Z,DE-LU,DK1,1712.0,1837.0,-303.0,0,0,0
2026-03-20T14:00:00Z,DE-LU,AT,428.0,1349.0,-349.0,9.19,46.0,0
2026-03-20T14:00:00Z,DE-LU,FR,1300.0,3560.0,-728.0,2.51,0,0
2026-03-20T14:00:00Z,DE-LU,NL,1223.0,1535.0,-474.0,0,0,0
2026-03-20T14:00:00Z,DE-LU,PL,858.0,2664.0,1185.0,5.65,52.0,0
2026-03-20T14:00:00Z,DE-LU,CZ,816.0,924.0,69.0,0,0,0
2026-03-20T14:00:00Z,DE-LU,DK1,3140.0,3625.0,-957.0,0,0,0
2026-03-20T15:00:00Z,DE-LU,AT,795.0,1292.0,-471.0,0,0,0
2026-03-20T15:00:00Z,DE-LU,FR,1620.0,3379.0,-1437.0,0,0,0
2026-03-20T15:00:00Z,DE-LU,NL,2207.0,4205.0,3179.0,0,0,0
2026-03-20T15:00:00Z,DE-LU,PL,1937.0,4410.0,-120.0,0,0,10.0
2026-03-20T15:00:00Z,DE-LU,CZ,2910.0,3372.0,534.0,0,0,0
2026-03-20T15:00:00Z,DE-LU,DK1,1999.0,2860.0,1772.0,0,0,0
2026-03-20T16:00:00Z,DE-LU,AT,1941.0,3432.0,2196.0,0,0,0
2026-03-20T16:00:00Z,DE-LU,FR,994.0,2971.0,761.0,4.54,6.0,0
2026-03-20T16:00:00Z,DE-LU,NL,2705.0,4300.0,2787.0,0,0,0
2026-03-20T16:00:00Z,DE-LU,PL,1089.0,1358.0,926.0,0,0,0
2026-03-20T16:00:00Z,DE-LU,CZ,981.0,2715.0,1840.0,0,0,0
2026-03-20T16:00:00Z,DE-LU,DK1,3865.0,4298.0,3079.0,0,0,0
2026-03-20T17:00:00Z,DE-LU,AT,2173.0,3187.0,1142.0,0,0,0
2026-03-20T17:00:00Z,DE-LU,FR,1804.0,2053.0,-1222.0,0,0,0
2026-03-20T17:00:00Z,DE-LU,NL,1714.0,3695.0,-1071.0,0,0,0
2026-03-20T17:00:00Z,DE-LU,PL,793.0,1741.0,-576.0,0,0,0
2026-03-20T17:00:00Z,DE-LU,CZ,2448.0,3780.0,-1240.0,0,0,0
2026-03-20T17:00:00Z,DE-LU,DK1,1650.0,4073.0,1954.0,0,0,0
2026-03-20T18:00:00Z,DE-LU,AT,1349.0,2399.0,-32.0,0,0,0
2026-03-20T18:00:00Z,DE-LU,FR,3058.0,3894.0,646.0,0,0,0
2026-03-20T18:00:00Z,DE-LU,NL,1769.0,2952.0,-587.0,0,0,32.0
2026-03-20T18:00:00Z,DE-LU,PL,2393.0,3557.0,211.0,0,0,0
2026-03-20T18:00:00Z,DE-LU,CZ,1625.0,2303.0,823.0,0,0,0
2026-03-20T18:00:00Z,DE-LU,DK1,1551.0,2184.0,715.0,0,0,0
2026-03-20T19:00:00Z,DE-LU,AT,1238.0,1973.0,899.0,0,0,0
2026-03-20T19:00:00Z,DE-LU,FR,1331.0,3068.0,2406.0,0,0,0
2026-03-20T19:00:00Z,DE-LU,NL,2116.0,3046.0,1691.0,0,0,0
2026-03-20T19:00:00Z,DE-LU,PL,1099.0,2215.0,246.0,0,0,0
2026-03-20T19:00:00Z,DE-LU,CZ,2244.0,2723.0,182.0,0,0,0
2026-03-20T19:00:00Z,DE-LU,DK1,1179.0,1904.0,-715.0,0,0,0
2026-03-20T20:00:00Z,DE-LU,AT,618.0,1714.0,493.0,6.29,0,0
2026-03-20T20:00:00Z,DE-LU,FR,1531.0,3864.0,-139.0,3.62,77.0,0
2026-03-20T20:00:00Z,DE-LU,NL,1757.0,1982.0,-1073.0,0,0,0
2026-03-20T20:00:00Z,DE-LU,PL,2968.0,3388.0,1531.0,0,0,0
2026-03-20T20:00:00Z,DE-LU,CZ,820.0,2330.0,1184.0,0,0,0
2026-03-20T20:00:00Z,DE-LU,DK1,758.0,1743.0,-1189.0,0,0,0
2026-03-20T21:00:00Z,DE-LU,AT,1104.0,1320.0,258.0,0,0,0
2026-03-20T21:00:00Z,DE-LU,FR,2305.0,3803.0,819.0,0,0,0
2026-03-20T21:00:00Z,DE-LU,NL,403.0,1229.0,255.0,11.3,0,0
2026-03-20T21:00:00Z,DE-LU,PL,2315.0,2605.0,144.0,0,0,0
2026-03-20T21:00:00Z,DE-LU,CZ,784.0,1255.0,1004.0,0,0,0
2026-03-20T21:00:00Z,DE-LU,DK1,3078.0,3596.0,-159.0,0,0,0
2026-03-20T22:00:00Z,DE-LU,AT,835.0,976.0,-215.0,0,0,0
2026-03-20T22:00:00Z,DE-LU,FR,1019.0,1169.0,441.0,0,0,0
2026-03-20T22:00:00Z,DE-LU,NL,2648.0,3416.0,1044.0,0,0,0
2026-03-20T22:00:00Z,DE-LU,PL,592.0,952.0,-524.0,0,0,0
2026-03-20T22:00:00Z,DE-LU,CZ,635.0,1103.0,178.0,0,0,0
2026-03-20T22:00:00Z,DE-LU,DK1,3057.0,4241.0,-343.0,0,0,0
2026-03-20T23:00:00Z,DE-LU,AT,3638.0,4136.0,1944.0,0,0,0
2026-03-20T23:00:00Z,DE-LU,FR,3099.0,3858.0,-2969.0,0,0,0
2026-03-20T23:00:00Z,DE-LU,NL,2340.0,3277.0,-2433.0,0,0,0
2026-03-20T23:00:00Z,DE-LU,PL,1050.0,2604.0,1836.0,0,0,0
2026-03-20T23:00:00Z,DE-LU,CZ,2977.0,3417.0,2392.0,0,0,0
2026-03-20T23:00:00Z,DE-LU,DK1,1722.0,3616.0,1911.0,0,0,0
2026-03-21T00:00:00Z,DE-LU,AT,3836.0,4075.0,-722.0,0,0,0
2026-03-21T00:00:00Z,DE-LU,FR,996.0,1219.0,-738.0,0,0,0
2026-03-21T00:00:00Z,DE-LU,NL,679.0,917.0,558.0,0,0,0
2026-03-21T00:00:00Z,DE-LU,PL,780.0,1641.0,-213.0,0,0,0
2026-03-21T00:00:00Z,DE-LU,CZ,1565.0,2118.0,145.0,0,0,0
2026-03-21T00:00:00Z,DE-LU,DK1,2256.0,2503.0,1021.0,0,0,0
2026-03-21T01:00:00Z,DE-LU,AT,1197.0,3137.0,-1211.0,3.68,0,0
2026-03-21T01:00:00Z,DE-LU,FR,580.0,1333.0,38.0,0,0,0
2026-03-21T01:00:00Z,DE-LU,NL,1431.0,4314.0,2846.0,0,0,0
2026-03-21T01:00:00Z,DE-LU,PL,2790.0,3526.0,-1105.0,0,0,0
2026-03-21T01:00:00Z,DE-LU,CZ,2688.0,4054.0,3219.0,0,0,0
2026-03-21T01:00:00Z,DE-LU,DK1,1804.0,3108.0,1651.0,0,0,0
2026-03-21T02:00:00Z,DE-LU,AT,1507.0,2780.0,511.0,0,0,0
2026-03-21T02:00:00Z,DE-LU,FR,2891.0,3051.0,-1738.0,0,0,0
2026-03-21T02:00:00Z,DE-LU,NL,2676.0,3969.0,2355.0,0,0,0
2026-03-21T02:00:00Z,DE-LU,PL,1077.0,3165.0,1862.0,2.1,118.0,0
2026-03-21T02:00:00Z,DE-LU,CZ,3095.0,4401.0,-1311.0,0,0,0
2026-03-21T02:00:00Z,DE-LU,DK1,2217.0,2863.0,-510.0,0,0,0
2026-03-21T03:00:00Z,DE-LU,AT,732.0,1458.0,904.0,0,0,0
2026-03-21T03:00:00Z,DE-LU,FR,3387.0,4430.0,3378.0,0,0,0
2026-03-21T03:00:00Z,DE-LU,NL,1487.0,2772.0,-1639.0,0,0,0
2026-03-21T03:00:00Z,DE-LU,PL,2809.0,3074.0,-1624.0,0,0,0
2026-03-21T03:00:00Z,DE-LU,CZ,1049.0,2854.0,-137.0,6.15,46.0,0
2026-03-21T03:00:00Z,DE-LU,DK1,1126.0,2368.0,536.0,0,0,0
2026-03-21T04:00:00Z,DE-LU,AT,2689.0,3890.0,-2145.0,0,0,0
2026-03-21T04:00:00Z,DE-LU,FR,714.0,1671.0,9.0,0,0,0
2026-03-21T04:00:00Z,DE-LU,NL,1025.0,2352.0,938.0,0,0,0
2026-03-21T04:00:00Z,DE-LU,PL,3172.0,3856.0,-1513.0,0,0,0
2026-03-21T04:00:00Z,DE-LU,CZ,463.0,1179.0,-739.0,0,0,0
2026-03-21T04:00:00Z,DE-LU,DK1,1641.0,2596.0,-1243.0,0,0,0
2026-03-21T05:00:00Z,DE-LU,AT,2700.0,3481.0,-692.0,0,0,0
2026-03-21T05:00:00Z,DE-LU,FR,1659.0,2233.0,-1068.0,0,0,0
2026-03-21T05:00:00Z,DE-LU,NL,1401.0,2049.0,-612.0,0,0,0
2026-03-21T05:00:00Z,DE-LU,PL,1089.0,2364.0,-1381.0,0,0,0
2026-03-21T05:00:00Z,DE-LU,CZ,2344.0,3827.0,-1572.0,0,0,0
2026-03-21T05:00:00Z,DE-LU,DK1,1857.0,3606.0,2497.0,0,0,0
2026-03-21T06:00:00Z,DE-LU,AT,1684.0,2141.0,-1253.0,0,0,0
2026-03-21T06:00:00Z,DE-LU,FR,1151.0,1691.0,1342.0,0,0,0
2026-03-21T06:00:00Z,DE-LU,NL,1635.0,2199.0,-1021.0,0,0,0
2026-03-21T06:00:00Z,DE-LU,PL,2427.0,3629.0,-295.0,0,0,0
2026-03-21T06:00:00Z,DE-LU,CZ,1397.0,3796.0,1528.0,6.5,55.0,0
2026-03-21T06:00:00Z,DE-LU,DK1,2526.0,4235.0,3225.0,0,0,0
2026-03-21T07:00:00Z,DE-LU,AT,1840.0,4129.0,-820.0,0,0,0
2026-03-21T07:00:00Z,DE-LU,FR,1758.0,2182.0,-98.0,0,0,0
2026-03-21T07:00:00Z,DE-LU,NL,1774.0,3067.0,1184.0,0,0,0
2026-03-21T07:00:00Z,DE-LU,PL,628.0,814.0,-592.0,0,0,0
2026-03-21T07:00:00Z,DE-LU,CZ,1189.0,1984.0,684.0,0,0,0
2026-03-21T07:00:00Z,DE-LU,DK1,919.0,1482.0,718.0,0,0,0
2026-03-21T08:00:00Z,DE-LU,AT,3787.0,4036.0,-1845.0,0,0,0
2026-03-21T08:00:00Z,DE-LU,FR,1846.0,3767.0,-2867.0,0,0,0
2026-03-21T08:00:00Z,DE-LU,NL,2016.0,3409.0,-69.0,0,0,0
2026-03-21T08:00:00Z,DE-LU,PL,1505.0,4221.0,-3162.0,3.77,0,0
2026-03-21T08:00:00Z,DE-LU,CZ,3088.0,3533.0,2157.0,0,0,0
2026-03-21T08:00:00Z,DE-LU,DK1,2428.0,4314.0,-986.0,0,0,0
2026-03-21T09:00:00Z,DE-LU,AT,757.0,1936.0,-757.0,0,0,0
2026-03-21T09:00:00Z,DE-LU,FR,1952.0,2398.0,585.0,0,0,0
2026-03-21T09:00:00Z,DE-LU,NL,682.0,988.0,-612.0,0,0,0
2026-03-21T09:00:00Z,DE-LU,PL,470.0,1124.0,-446.0,0,0,0
2026-03-21T09:00:00Z,DE-LU,CZ,1935.0,4099.0,2305.0,0,0,0
2026-03-21T09:00:00Z,DE-LU,DK1,650.0,1911.0,-584.0,0,0,0
2026-03-21T10:00:00Z,DE-LU,AT,2073.0,2895.0,-623.0,0,0,0
2026-03-21T10:00:00Z,DE-LU,FR,1018.0,1890.0,1365.0,0,0,0
2026-03-21T10:00:00Z,DE-LU,NL,1048.0,2054.0,978.0,0,0,0
2026-03-21T10:00:00Z,DE-LU,PL,2120.0,3162.0,-1560.0,0,0,0
2026-03-21T10:00:00Z,DE-LU,CZ,1073.0,2314.0,1594.0,0,0,0
2026-03-21T10:00:00Z,DE-LU,DK1,1925.0,2961.0,-2178.0,0,0,0
2026-03-21T11:00:00Z,DE-LU,AT,2847.0,3037.0,-666.0,0,0,0
2026-03-21T11:00:00Z,DE-LU,FR,1769.0,2423.0,1820.0,0,0,0
2026-03-21T11:00:00Z,DE-LU,NL,595.0,886.0,-37.0,0,0,0
2026-03-21T11:00:00Z,DE-LU,PL,2185.0,3578.0,-1703.0,0,0,0
2026-03-21T11:00:00Z,DE-LU,CZ,1438.0,2433.0,1853.0,0,0,6.0
2026-03-21T11:00:00Z,DE-LU,DK1,995.0,1991.0,969.0,0,0,0
2026-03-21T12:00:00Z,DE-LU,AT,2239.0,2756.0,489.0,0,0,0
2026-03-21T12:00:00Z,DE-LU,FR,3370.0,3966.0,3066.0,0,0,0
2026-03-21T12:00:00Z,DE-LU,NL,1069.0,1183.0,-12.0,0,0,0
2026-03-21T12:00:00Z,DE-LU,PL,2030.0,4338.0,-2380.0,0,0,23.0
2026-03-21T12:00:00Z,DE-LU,CZ,1002.0,3279.0,-614.0,0,0,0
2026-03-21T12:00:00Z,DE-LU,DK1,1030.0,3413.0,943.0,0,0,0
2026-03-21T13:00:00Z,DE-LU,AT,1961.0,3663.0,1495.0,0,0,0
2026-03-21T13:00:00Z,DE-LU,FR,4228.0,4475.0,-3409.0,0,0,0
2026-03-21T13:00:00Z,DE-LU,NL,1073.0,1864.0,-132.0,0,0,0
2026-03-21T13:00:00Z,DE-LU,PL,739.0,1727.0,-766.0,0,0,0
2026-03-21T13:00:00Z,DE-LU,CZ,3000.0,4142.0,-1282.0,0,0,0
2026-03-21T13:00:00Z,DE-LU,DK1,1321.0,2096.0,373.0,0,0,0
2026-03-21T14:00:00Z,DE-LU,AT,3131.0,3488.0,705.0,0,0,0
2026-03-21T14:00:00Z,DE-LU,FR,3149.0,4343.0,-151.0,0,0,0
2026-03-21T14:00:00Z,DE-LU,NL,1606.0,4275.0,249.0,3.22,90.0,0
2026-03-21T14:00:00Z,DE-LU,PL,3344.0,3967.0,1727.0,0,0,0
2026-03-21T14:00:00Z,DE-LU,CZ,3045.0,3363.0,1508.0,0,0,0
2026-03-21T14:00:00Z,DE-LU,DK1,694.0,1742.0,298.0,0,0,0
2026-03-21T15:00:00Z,DE-LU,AT,2371.0,4478.0,-2744.0,0,0,0
2026-03-21T15:00:00Z,DE-LU,FR,1548.0,2367.0,-1697.0,0,0,0
2026-03-21T15:00:00Z,DE-LU,NL,1551.0,2750.0,1755.0,0,0,0
2026-03-21T15:00:00Z,DE-LU,PL,936.0,1651.0,204.0,0,0,0
2026-03-21T15:00:00Z,DE-LU,CZ,1645.0,2371.0,-338.0,0,0,0
2026-03-21T15:00:00Z,DE-LU,DK1,1157.0,2322.0,-850.0,0,0,0
2026-03-21T16:00:00Z,DE-LU,AT,482.0,1192.0,-194.0,0,0,14.0
2026-03-21T16:00:00Z,DE-LU,FR,2218.0,2758.0,1713.0,0,0,0
2026-03-21T16:00:00Z,DE-LU,NL,609.0,883.0,-267.0,0,0,0
2026-03-21T16:00:00Z,DE-LU,PL,521.0,1276.0,611.0,0,0,0
2026-03-21T16:00:00Z,DE-LU,CZ,1250.0,2122.0,225.0,0,0,0
2026-03-21T16:00:00Z,DE-LU,DK1,3303.0,3984.0,-3149.0,0,0,0
2026-03-21T17:00:00Z,DE-LU,AT,702.0,1623.0,-108.0,0,0,0
2026-03-21T17:00:00Z,DE-LU,FR,1541.0,2286.0,1107.0,0,0,0
2026-03-21T17:00:00Z,DE-LU,NL,999.0,1180.0,720.0,0,0,0
2026-03-21T17:00:00Z,DE-LU,PL,1826.0,2415.0,772.0,0,0,0
2026-03-21T17:00:00Z,DE-LU,CZ,2151.0,2783.0,-1068.0,0,0,0
2026-03-21T17:00:00Z,DE-LU,DK1,1075.0,3214.0,1279.0,4.4,0,0
2026-03-21T18:00:00Z,DE-LU,AT,647.0,1230.0,-364.0,0,0,0
2026-03-21T18:00:00Z,DE-LU,FR,705.0,1056.0,730.0,0,0,0
2026-03-21T18:00:00Z,DE-LU,NL,2290.0,3525.0,2013.0,0,0,0
2026-03-21T18:00:00Z,DE-LU,PL,1714.0,4023.0,-2369.0,0,0,0
2026-03-21T18:00:00Z,DE-LU,CZ,438.0,978.0,-732.0,0,0,0
2026-03-21T18:00:00Z,DE-LU,DK1,3977.0,4267.0,-1032.0,0,0,0
2026-03-21T19:00:00Z,DE-LU,AT,2031.0,4002.0,2626.0,0,0,0
2026-03-21T19:00:00Z,DE-LU,FR,1723.0,3390.0,1637.0,0,0,0
2026-03-21T19:00:00Z,DE-LU,NL,1153.0,2609.0,354.0,0,0,0
2026-03-21T19:00:00Z,DE-LU,PL,351.0,976.0,-773.0,0,0,0
2026-03-21T19:00:00Z,DE-LU,CZ,1774.0,2012.0,-1268.0,0,0,0
2026-03-21T19:00:00Z,DE-LU,DK1,2622.0,3608.0,-2642.0,0,0,0
2026-03-21T20:00:00Z,DE-LU,AT,2271.0,3322.0,-2361.0,0,0,0
2026-03-21T20:00:00Z,DE-LU,FR,368.0,917.0,452.0,0,0,0
2026-03-21T20:00:00Z,DE-LU,NL,1318.0,1584.0,823.0,0,0,0
2026-03-21T20:00:00Z,DE-LU,PL,854.0,1040.0,378.0,0,0,0
2026-03-21T20:00:00Z,DE-LU,CZ,2133.0,2793.0,-1980.0,0,0,0
2026-03-21T20:00:00Z,DE-LU,DK1,1788.0,4419.0,-623.0,0,0,0
2026-03-21T21:00:00Z,DE-LU,AT,2100.0,2594.0,1520.0,0,0,0
2026-03-21T21:00:00Z,DE-LU,FR,817.0,2276.0,-464.0,0.61,56.0,0
2026-03-21T21:00:00Z,DE-LU,NL,1154.0,2617.0,-1718.0,0,0,0
2026-03-21T21:00:00Z,DE-LU,PL,1139.0,1967.0,-948.0,0,0,0
2026-03-21T21:00:00Z,DE-LU,CZ,1682.0,3157.0,-1243.0,0,0,0
2026-03-21T21:00:00Z,DE-LU,DK1,477.0,1385.0,-1078.0,0,0,0
2026-03-21T22:00:00Z,DE-LU,AT,1357.0,2473.0,-1121.0,0,0,0
2026-03-21T22:00:00Z,DE-LU,FR,1276.0,1771.0,-977.0,0,0,0
2026-03-21T22:00:00Z,DE-LU,NL,3238.0,4492.0,-3042.0,0,0,0
2026-03-21T22:00:00Z,DE-LU,PL,686.0,1429.0,-507.0,0,0,0
2026-03-21T22:00:00Z,DE-LU,CZ,531.0,1008.0,259.0,0,0,0
2026-03-21T22:00:00Z,DE-LU,DK1,1100.0,1515.0,1152.0,0,0,0
2026-03-21T23:00:00Z,DE-LU,AT,804.0,1027.0,-346.0,0,0,0
2026-03-21T23:00:00Z,DE-LU,FR,1571.0,2414.0,-1574.0,0,0,0
2026-03-21T23:00:00Z,DE-LU,NL,2615.0,2810.0,1499.0,0,0,0
2026-03-21T23:00:00Z,DE-LU,PL,1242.0,3769.0,2228.0,3.26,17.0,0
2026-03-21T23:00:00Z,DE-LU,CZ,2258.0,2576.0,-1792.0,0,0,0
2026-03-21T23:00:00Z,DE-LU,DK1,1235.0,2612.0,461.0,0,0,0
2026-03-22T00:00:00Z,DE-LU,AT,427.0,1386.0,-894.0,5.76,0,0
2026-03-22T00:00:00Z,DE-LU,FR,1788.0,3078.0,1855.0,0,0,0
2026-03-22T00:00:00Z,DE-LU,NL,3312.0,3491.0,1869.0,0,0,0
2026-03-22T00:00:00Z,DE-LU,PL,1205.0,1938.0,-378.0,0,0,0
2026-03-22T00:00:00Z,DE-LU,CZ,969.0,2923.0,-1260.0,0,0,0
2026-03-22T00:00:00Z,DE-LU,DK1,646.0,1704.0,892.0,0,0,0
2026-03-22T01:00:00Z,DE-LU,AT,1626.0,1771.0,-430.0,0,0,0
2026-03-22T01:00:00Z,DE-LU,FR,2270.0,2600.0,-307.0,0,0,0
2026-03-22T01:00:00Z,DE-LU,NL,1770.0,3263.0,55.0,0,0,0
2026-03-22T01:00:00Z,DE-LU,PL,890.0,949.0,-700.0,0,0,0
2026-03-22T01:00:00Z,DE-LU,CZ,1607.0,3917.0,285.0,0,0,0
2026-03-22T01:00:00Z,DE-LU,DK1,788.0,876.0,221.0,0,0,0
2026-03-22T02:00:00Z,DE-LU,AT,792.0,925.0,-64.0,0,0,0
2026-03-22T02:00:00Z,DE-LU,FR,3311.0,4494.0,1084.0,0,0,0
2026-03-22T02:00:00Z,DE-LU,NL,721.0,888.0,-571.0,0,0,0
2026-03-22T02:00:00Z,DE-LU,PL,1323.0,2060.0,-506.0,0,0,0
2026-03-22T02:00:00Z,DE-LU,CZ,784.0,2318.0,108.0,0,0,0
2026-03-22T02:00:00Z,DE-LU,DK1,1725.0,3136.0,253.0,0,0,0
2026-03-22T03:00:00Z,DE-LU,AT,2965.0,3489.0,-2434.0,0,0,0
2026-03-22T03:00:00Z,DE-LU,FR,1647.0,1739.0,-1267.0,0,0,0
2026-03-22T03:00:00Z,DE-LU,NL,471.0,1055.0,292.0,0,0,0
2026-03-22T03:00:00Z,DE-LU,PL,2601.0,4014.0,-1887.0,0,0,0
2026-03-22T03:00:00Z,DE-LU,CZ,1497.0,4269.0,-1926.0,0,0,0
2026-03-22T03:00:00Z,DE-LU,DK1,597.0,825.0,-305.0,0,0,0
2026-03-22T04:00:00Z,DE-LU,AT,1261.0,1555.0,-649.0,0,0,0
2026-03-22T04:00:00Z,DE-LU,FR,631.0,1453.0,775.0,0,0,0
2026-03-22T04:00:00Z,DE-LU,NL,2677.0,3796.0,-2094.0,0,0,0
2026-03-22T04:00:00Z,DE-LU,PL,3075.0,4465.0,2219.0,0,0,0
2026-03-22T04:00:00Z,DE-LU,CZ,3403.0,3983.0,-2457.0,0,0,0
2026-03-22T04:00:00Z,DE-LU,DK1,2390.0,2695.0,145.0,0,0,0
2026-03-22T05:00:00Z,DE-LU,AT,2432.0,4189.0,-1013.0,0,0,0
2026-03-22T05:00:00Z,DE-LU,FR,2799.0,3763.0,-2790.0,0,0,0
2026-03-22T05:00:00Z,DE-LU,NL,2481.0,3229.0,-746.0,0,0,0
2026-03-22T05:00:00Z,DE-LU,PL,1567.0,1823.0,1437.0,0,0,0
2026-03-22T05:00:00Z,DE-LU,CZ,908.0,2090.0,-363.0,0,0,0
2026-03-22T05:00:00Z,DE-LU,DK1,2945.0,4239.0,-1569.0,0,0,0
2026-03-22T06:00:00Z,DE-LU,AT,466.0,1219.0,-89.0,0,0,0
2026-03-22T06:00:00Z,DE-LU,FR,1655.0,4388.0,-181.0,3.81,6.0,0
2026-03-22T06:00:00Z,DE-LU,NL,1116.0,2411.0,-968.0,0,0,0
2026-03-22T06:00:00Z,DE-LU,PL,3249.0,4383.0,3475.0,0,0,0
2026-03-22T06:00:00Z,DE-LU,CZ,2960.0,4038.0,3055.0,0,0,0
2026-03-22T06:00:00Z,DE-LU,DK1,1752.0,3075.0,1086.0,0,0,0
2026-03-22T07:00:00Z,DE-LU,AT,713.0,1458.0,-99.0,0,0,0
2026-03-22T07:00:00Z,DE-LU,FR,2723.0,3795.0,570.0,0,0,0
2026-03-22T07:00:00Z,DE-LU,NL,994.0,3242.0,-164.0,0,0,0
2026-03-22T07:00:00Z,DE-LU,PL,1184.0,3786.0,1819.0,0.78,0,0
2026-03-22T07:00:00Z,DE-LU,CZ,1948.0,4295.0,-1091.0,0,0,0
2026-03-22T07:00:00Z,DE-LU,DK1,640.0,1460.0,-376.0,0,0,0
2026-03-22T08:00:00Z,DE-LU,AT,602.0,1117.0,434.0,0,0,0
2026-03-22T08:00:00Z,DE-LU,FR,975.0,1227.0,-871.0,0,0,0
2026-03-22T08:00:00Z,DE-LU,NL,2360.0,4344.0,-84.0,0,0,0
2026-03-22T08:00:00Z,DE-LU,PL,1869.0,2141.0,-657.0,0,0,0
2026-03-22T08:00:00Z,DE-LU,CZ,2977.0,3710.0,648.0,0,0,0
2026-03-22T08:00:00Z,DE-LU,DK1,3193.0,3663.0,-2094.0,0,0,0
2026-03-22T09:00:00Z,DE-LU,AT,1302.0,2551.0,1852.0,0,0,0
2026-03-22T09:00:00Z,DE-LU,FR,2905.0,4493.0,-639.0,0,0,0
2026-03-22T09:00:00Z,DE-LU,NL,1004.0,1634.0,-1264.0,0,0,0
2026-03-22T09:00:00Z,DE-LU,PL,2591.0,3113.0,-1583.0,0,0,0
2026-03-22T09:00:00Z,DE-LU,CZ,1140.0,2353.0,515.0,0,0,0
2026-03-22T09:00:00Z,DE-LU,DK1,437.0,1066.0,-765.0,0,0,0
2026-03-22T10:00:00Z,DE-LU,AT,572.0,803.0,276.0,0,0,0
2026-03-22T10:00:00Z,DE-LU,FR,1920.0,3018.0,212.0,0,0,0
2026-03-22T10:00:00Z,DE-LU,NL,755.0,2108.0,363.0,0,0,0
2026-03-22T10:00:00Z,DE-LU,PL,2719.0,3333.0,749.0,0,0,0
2026-03-22T10:00:00Z,DE-LU,CZ,2455.0,4268.0,2623.0,0,0,0
2026-03-22T10:00:00Z,DE-LU,DK1,1613.0,2673.0,1391.0,0,0,0
2026-03-22T11:00:00Z,DE-LU,AT,1672.0,4120.0,3251.0,0,0,0
2026-03-22T11:00:00Z,DE-LU,FR,2033.0,3394.0,-1797.0,0,0,0
2026-03-22T11:00:00Z,DE-LU,NL,1086.0,1580.0,846.0,0,0,0
2026-03-22T11:00:00Z,DE-LU,PL,2793.0,3720.0,-1481.0,0,0,0
2026-03-22T11:00:00Z,DE-LU,CZ,685.0,876.0,254.0,0,0,0
2026-03-22T11:00:00Z,DE-LU,DK1,1047.0,1738.0,-806.0,0,0,0
2026-03-22T12:00:00Z,DE-LU,AT,347.0,865.0,-311.0,0,0,0
2026-03-22T12:00:00Z,DE-LU,FR,2057.0,3717.0,-2800.0,0,0,0
2026-03-22T12:00:00Z,DE-LU,NL,1393.0,3915.0,1137.0,1.79,36.0,0
2026-03-22T12:00:00Z,DE-LU,PL,626.0,1226.0,704.0,0,0,0
2026-03-22T12:00:00Z,DE-LU,CZ,1738.0,4070.0,2854.0,0,0,0
2026-03-22T12:00:00Z,DE-LU,DK1,2104.0,2259.0,1655.0,0,0,17.0
2026-03-22T13:00:00Z,DE-LU,AT,1346.0,2002.0,77.0,0,0,0
2026-03-22T13:00:00Z,DE-LU,FR,657.0,1841.0,-1238.0,10.25,0,0
2026-03-22T13:00:00Z,DE-LU,NL,871.0,2370.0,-316.0,0,0,0
2026-03-22T13:00:00Z,DE-LU,PL,850.0,1209.0,-360.0,0,0,0
2026-03-22T13:00:00Z,DE-LU,CZ,1010.0,3004.0,-1164.0,0,0,11.0
2026-03-22T13:00:00Z,DE-LU,DK1,1972.0,2188.0,384.0,0,0,0
2026-03-22T14:00:00Z,DE-LU,AT,459.0,1052.0,-748.0,0,0,0
2026-03-22T14:00:00Z,DE-LU,FR,1573.0,2236.0,88.0,0,0,0
2026-03-22T14:00:00Z,DE-LU,NL,1547.0,1686.0,-931.0,0,0,0
2026-03-22T14:00:00Z,DE-LU,PL,3694.0,4005.0,-2453.0,0,0,0
2026-03-22T14:00:00Z,DE-LU,CZ,1598.0,3262.0,-1509.0,0,0,0
2026-03-22T14:00:00Z,DE-LU,DK1,1039.0,1111.0,482.0,0,0,4.0
2026-03-22T15:00:00Z,DE-LU,AT,1605.0,2320.0,1267.0,0,0,0
2026-03-22T15:00:00Z,DE-LU,FR,1417.0,2037.0,319.0,0,0,0
2026-03-22T15:00:00Z,DE-LU,NL,953.0,2651.0,-478.0,0.95,35.0,0
2026-03-22T15:00:00Z,DE-LU,PL,3615.0,3906.0,-3042.0,0,0,0
2026-03-22T15:00:00Z,DE-LU,CZ,2675.0,4355.0,519.0,0,0,0
2026-03-22T15:00:00Z,DE-LU,DK1,1641.0,1780.0,530.0,0,0,0
2026-03-22T16:00:00Z,DE-LU,AT,1749.0,3462.0,-994.0,0,0,0
2026-03-22T16:00:00Z,DE-LU,FR,1125.0,2911.0,-363.0,0,0,0
2026-03-22T16:00:00Z,DE-LU,NL,1073.0,1345.0,835.0,0,0,0
2026-03-22T16:00:00Z,DE-LU,PL,1207.0,2806.0,1680.0,0,0,0
2026-03-22T16:00:00Z,DE-LU,CZ,861.0,1927.0,-190.0,0,0,0
2026-03-22T16:00:00Z,DE-LU,DK1,2134.0,3555.0,2688.0,0,0,0
2026-03-22T17:00:00Z,DE-LU,AT,1255.0,4050.0,-1853.0,0,0,0
2026-03-22T17:00:00Z,DE-LU,FR,722.0,1794.0,-79.0,0,0,0
2026-03-22T17:00:00Z,DE-LU,NL,1749.0,2651.0,-922.0,0,0,0
2026-03-22T17:00:00Z,DE-LU,PL,1716.0,2313.0,798.0,0,0,0
2026-03-22T17:00:00Z,DE-LU,CZ,1939.0,4258.0,433.0,0,0,0
2026-03-22T17:00:00Z,DE-LU,DK1,2791.0,3503.0,2461.0,0,0,0
2026-03-22T18:00:00Z,DE-LU,AT,569.0,1884.0,876.0,0,0,0
2026-03-22T18:00:00Z,DE-LU,FR,1887.0,2003.0,-1406.0,0,0,0
2026-03-22T18:00:00Z,DE-LU,NL,716.0,1220.0,-69.0,0,0,0
2026-03-22T18:00:00Z,DE-LU,PL,1889.0,2411.0,-1902.0,0,0,0
2026-03-22T18:00:00Z,DE-LU,CZ,554.0,1474.0,1135.0,0,0,0
2026-03-22T18:00:00Z,DE-LU,DK1,2591.0,4323.0,-1905.0,0,0,0
2026-03-22T19:00:00Z,DE-LU,AT,1408.0,3006.0,2152.0,0,0,0
2026-03-22T19:00:00Z,DE-LU,FR,963.0,1583.0,-704.0,0,0,0
2026-03-22T19:00:00Z,DE-LU,NL,577.0,1474.0,-326.0,2.65,9.0,0
2026-03-22T19:00:00Z,DE-LU,PL,345.0,865.0,189.0,0,0,0
2026-03-22T19:00:00Z,DE-LU,CZ,745.0,2090.0,505.0,0,0,0
2026-03-22T19:00:00Z,DE-LU,DK1,1399.0,2447.0,1417.0,0,0,0
2026-03-22T20:00:00Z,DE-LU,AT,1688.0,2606.0,1905.0,0,0,0
2026-03-22T20:00:00Z,DE-LU,FR,600.0,837.0,-371.0,0,0,0
2026-03-22T20:00:00Z,DE-LU,NL,819.0,1252.0,692.0,0,0,0
2026-03-22T20:00:00Z,DE-LU,PL,1075.0,1870.0,60.0,0,0,0
2026-03-22T20:00:00Z,DE-LU,CZ,2694.0,3645.0,1864.0,0,0,0
2026-03-22T20:00:00Z,DE-LU,DK1,965.0,1576.0,532.0,0,0,0
2026-03-22T21:00:00Z,DE-LU,AT,705.0,2238.0,1701.0,7.46,43.0,0
2026-03-22T21:00:00Z,DE-LU,FR,1543.0,3129.0,-312.0,0,0,0
2026-03-22T21:00:00Z,DE-LU,NL,556.0,1810.0,-594.0,0,0,0
2026-03-22T21:00:00Z,DE-LU,PL,2753.0,3833.0,2967.0,0,0,0
2026-03-22T21:00:00Z,DE-LU,CZ,1372.0,2357.0,-554.0,0,0,0
2026-03-22T21:00:00Z,DE-LU,DK1,2031.0,4259.0,-1954.0,0,0,0
2026-03-22T22:00:00Z,DE-LU,AT,1940.0,2735.0,272.0,0,0,0
2026-03-22T22:00:00Z,DE-LU,FR,3645.0,4085.0,2016.0,0,0,0
2026-03-22T22:00:00Z,DE-LU,NL,1117.0,2483.0,-612.0,0,0,0
2026-03-22T22:00:00Z,DE-LU,PL,1682.0,2025.0,989.0,0,0,0
2026-03-22T22:00:00Z,DE-LU,CZ,1196.0,1292.0,-363.0,0,0,0
2026-03-22T22:00:00Z,DE-LU,DK1,2142.0,3566.0,-1130.0,0,0,0
2026-03-22T23:00:00Z,DE-LU,AT,2730.0,4261.0,3295.0,0,0,0
2026-03-22T23:00:00Z,DE-LU,FR,2785.0,4499.0,1275.0,0,0,0
2026-03-22T23:00:00Z,DE-LU,NL,1449.0,1849.0,810.0,0,0,0
2026-03-22T23:00:00Z,DE-LU,PL,2956.0,3267.0,-5.0,0,0,0
2026-03-22T23:00:00Z,DE-LU,CZ,1139.0,3313.0,1699.0,0,0,0
2026-03-22T23:00:00Z,DE-LU,DK1,817.0,1367.0,966.0,0,0,0
2026-03-23T00:00:00Z,DE-LU,AT,960.0,2396.0,-1333.0,0,0,0
2026-03-23T00:00:00Z,DE-LU,FR,500.0,1392.0,-541.0,0,0,0
2026-03-23T00:00:00Z,DE-LU,NL,2388.0,3857.0,1914.0,0,0,0
2026-03-23T00:00:00Z,DE-LU,PL,1378.0,1947.0,-655.0,0,0,0
2026-03-23T00:00:00Z,DE-LU,CZ,1814.0,2627.0,-218.0,0,0,0
2026-03-23T00:00:00Z,DE-LU,DK1,900.0,1351.0,-755.0,0,0,0
2026-03-23T01:00:00Z,DE-LU,AT,472.0,1391.0,154.0,0.01,54.0,0
2026-03-23T01:00:00Z,DE-LU,FR,1449.0,2388.0,-1184.0,0,0,0
2026-03-23T01:00:00Z,DE-LU,NL,1859.0,4254.0,-3355.0,0,0,0
2026-03-23T01:00:00Z,DE-LU,PL,1375.0,1619.0,-451.0,0,0,14.0
2026-03-23T01:00:00Z,DE-LU,CZ,2299.0,2560.0,-265.0,0,0,0
2026-03-23T01:00:00Z,DE-LU,DK1,1145.0,2369.0,1453.0,0,0,0
2026-03-23T02:00:00Z,DE-LU,AT,1024.0,3270.0,1883.0,0,0,0
2026-03-23T02:00:00Z,DE-LU,FR,579.0,1818.0,429.0,7.52,21.0,0
2026-03-23T02:00:00Z,DE-LU,NL,1984.0,4053.0,-2969.0,0,0,0
2026-03-23T02:00:00Z,DE-LU,PL,749.0,1034.0,-103.0,0,0,0
2026-03-23T02:00:00Z,DE-LU,CZ,2089.0,3733.0,614.0,0,0,0
2026-03-23T02:00:00Z,DE-LU,DK1,2340.0,3057.0,-1812.0,0,0,0
2026-03-23T03:00:00Z,DE-LU,AT,2486.0,2767.0,-1784.0,0,0,0
2026-03-23T03:00:00Z,DE-LU,FR,3148.0,3353.0,1619.0,0,0,0
2026-03-23T03:00:00Z,DE-LU,NL,2967.0,3205.0,1807.0,0,0,0
2026-03-23T03:00:00Z,DE-LU,PL,659.0,1093.0,20.0,0,0,0
2026-03-23T03:00:00Z,DE-LU,CZ,3946.0,4258.0,-2205.0,0,0,0
2026-03-23T03:00:00Z,DE-LU,DK1,3599.0,3940.0,930.0,0,0,0
2026-03-23T04:00:00Z,DE-LU,AT,1151.0,2040.0,1453.0,0,0,0
2026-03-23T04:00:00Z,DE-LU,FR,758.0,1046.0,-59.0,0,0,0
2026-03-23T04:00:00Z,DE-LU,NL,688.0,2279.0,-1119.0,0,0,0
2026-03-23T04:00:00Z,DE-LU,PL,718.0,1826.0,-262.0,0,0,0
2026-03-23T04:00:00Z,DE-LU,CZ,1991.0,3844.0,360.0,0,0,0
2026-03-23T04:00:00Z,DE-LU,DK1,1188.0,1735.0,383.0,0,0,0
2026-03-23T05:00:00Z,DE-LU,AT,2734.0,3586.0,-276.0,0,0,0
2026-03-23T05:00:00Z,DE-LU,FR,3134.0,3481.0,-2159.0,0,0,0
2026-03-23T05:00:00Z,DE-LU,NL,1958.0,2767.0,90.0,0,0,0
2026-03-23T05:00:00Z,DE-LU,PL,2166.0,3577.0,987.0,0,0,0
2026-03-23T05:00:00Z,DE-LU,CZ,1259.0,4127.0,-2025.0,3.27,0,27.0
2026-03-23T05:00:00Z,DE-LU,DK1,1230.0,1374.0,-1049.0,0,0,0
2026-03-23T06:00:00Z,DE-LU,AT,3079.0,4424.0,2317.0,0,0,0
2026-03-23T06:00:00Z,DE-LU,FR,781.0,2395.0,349.0,0,0,0
2026-03-23T06:00:00Z,DE-LU,NL,2410.0,3079.0,1027.0,0,0,0
2026-03-23T06:00:00Z,DE-LU,PL,822.0,1028.0,661.0,0,0,0
2026-03-23T06:00:00Z,DE-LU,CZ,2036.0,3607.0,2884.0,0,0,0
2026-03-23T06:00:00Z,DE-LU,DK1,754.0,1222.0,-121.0,0,0,0
2026-03-23T07:00:00Z,DE-LU,AT,1107.0,3188.0,1694.0,0,0,0
2026-03-23T07:00:00Z,DE-LU,FR,1777.0,3635.0,1199.0,0,0,0
2026-03-23T07:00:00Z,DE-LU,NL,1025.0,2633.0,-229.0,0.98,0,17.0
2026-03-23T07:00:00Z,DE-LU,PL,1985.0,4155.0,-1431.0,0,0,0
2026-03-23T07:00:00Z,DE-LU,CZ,1403.0,1658.0,-332.0,0,0,0
2026-03-23T07:00:00Z,DE-LU,DK1,1049.0,3040.0,194.0,0,0,0
2026-03-23T08:00:00Z,DE-LU,AT,1128.0,2891.0,-1029.0,0,0,0
2026-03-23T08:00:00Z,DE-LU,FR,777.0,1876.0,875.0,0,0,0
2026-03-23T08:00:00Z,DE-LU,NL,813.0,2692.0,1096.0,12.93,0,0
2026-03-23T08:00:00Z,DE-LU,PL,870.0,1970.0,-611.0,0,0,0
2026-03-23T08:00:00Z,DE-LU,CZ,1105.0,3613.0,-1530.0,9.65,38.0,0
2026-03-23T08:00:00Z,DE-LU,DK1,1087.0,1914.0,1451.0,0,0,0
2026-03-23T09:00:00Z,DE-LU,AT,1203.0,1366.0,669.0,0,0,0
2026-03-23T09:00:00Z,DE-LU,FR,2397.0,2794.0,1995.0,0,0,0
2026-03-23T09:00:00Z,DE-LU,NL,1827.0,4433.0,1980.0,0,0,0
2026-03-23T09:00:00Z,DE-LU,PL,1468.0,1640.0,-1311.0,0,0,0
2026-03-23T09:00:00Z,DE-LU,CZ,1022.0,2670.0,-1894.0,4.69,27.0,0
2026-03-23T09:00:00Z,DE-LU,DK1,3716.0,4462.0,-3328.0,0,0,0
2026-03-23T10:00:00Z,DE-LU,AT,2209.0,3490.0,1037.0,0,0,0
2026-03-23T10:00:00Z,DE-LU,FR,1822.0,2881.0,654.0,0,0,0
2026-03-23T10:00:00Z,DE-LU,NL,1072.0,2023.0,-470.0,0,0,0
2026-03-23T10:00:00Z,DE-LU,PL,2250.0,2779.0,1728.0,0,0,0
2026-03-23T10:00:00Z,DE-LU,CZ,2239.0,3821.0,1104.0,0,0,0
2026-03-23T10:00:00Z,DE-LU,DK1,1535.0,2541.0,-1635.0,0,0,0
2026-03-23T11:00:00Z,DE-LU,AT,1668.0,4127.0,3182.0,0,0,13.0
2026-03-23T11:00:00Z,DE-LU,FR,963.0,2121.0,802.0,0,0,0
2026-03-23T11:00:00Z,DE-LU,NL,1735.0,3240.0,-82.0,0,0,0
2026-03-23T11:00:00Z,DE-LU,PL,1083.0,1494.0,-903.0,0,0,0
2026-03-23T11:00:00Z,DE-LU,CZ,3930.0,4249.0,2735.0,0,0,22.0
2026-03-23T11:00:00Z,DE-LU,DK1,881.0,1060.0,-709.0,0,0,0
2026-03-23T12:00:00Z,DE-LU,AT,504.0,1103.0,160.0,0,0,0
2026-03-23T12:00:00Z,DE-LU,FR,979.0,2785.0,467.0,1.69,8.0,0
2026-03-23T12:00:00Z,DE-LU,NL,2126.0,2286.0,1615.0,0,0,0
2026-03-23T12:00:00Z,DE-LU,PL,702.0,874.0,545.0,0,0,0
2026-03-23T12:00:00Z,DE-LU,CZ,1246.0,1544.0,-940.0,0,0,0
2026-03-23T12:00:00Z,DE-LU,DK1,2228.0,3692.0,-1356.0,0,0,0
2026-03-23T13:00:00Z,DE-LU,AT,1374.0,3841.0,1214.0,0,0,0
2026-03-23T13:00:00Z,DE-LU,FR,1373.0,2409.0,201.0,0,0,0
2026-03-23T13:00:00Z,DE-LU,NL,2572.0,3278.0,-1141.0,0,0,0
2026-03-23T13:00:00Z,DE-LU,PL,1788.0,2441.0,-1703.0,0,0,0
2026-03-23T13:00:00Z,DE-LU,CZ,2298.0,3401.0,713.0,0,0,0
2026-03-23T13:00:00Z,DE-LU,DK1,2084.0,2273.0,-530.0,0,0,0
2026-03-23T14:00:00Z,DE-LU,AT,1512.0,3952.0,-3117.0,0,0,0
2026-03-23T14:00:00Z,DE-LU,FR,3902.0,4218.0,-1691.0,0,0,0
2026-03-23T14:00:00Z,DE-LU,NL,2934.0,3992.0,1019.0,0,0,0
2026-03-23T14:00:00Z,DE-LU,PL,2550.0,3886.0,349.0,0,0,0
2026-03-23T14:00:00Z,DE-LU,CZ,3430.0,4357.0,-3032.0,0,0,0
2026-03-23T14:00:00Z,DE-LU,DK1,2177.0,2833.0,-1136.0,0,0,0
2026-03-23T15:00:00Z,DE-LU,AT,2784.0,4153.0,-2318.0,0,0,0
2026-03-23T15:00:00Z,DE-LU,FR,2639.0,3410.0,755.0,0,0,0
2026-03-23T15:00:00Z,DE-LU,NL,2674.0,3269.0,1610.0,0,0,0
2026-03-23T15:00:00Z,DE-LU,PL,2050.0,3159.0,-1288.0,0,0,0
2026-03-23T15:00:00Z,DE-LU,CZ,2390.0,3638.0,175.0,0,0,0
2026-03-23T15:00:00Z,DE-LU,DK1,1006.0,1863.0,816.0,0,0,0
2026-03-23T16:00:00Z,DE-LU,AT,1339.0,1523.0,-584.0,0,0,0
2026-03-23T16:00:00Z,DE-LU,FR,1955.0,3809.0,2540.0,0,0,0
2026-03-23T16:00:00Z,DE-LU,NL,1065.0,3191.0,365.0,0,0,0
2026-03-23T16:00:00Z,DE-LU,PL,1389.0,1778.0,-121.0,0,0,0
2026-03-23T16:00:00Z,DE-LU,CZ,964.0,1241.0,-691.0,0,0,0
2026-03-23T16:00:00Z,DE-LU,DK1,1213.0,1302.0,-963.0,0,0,0
2026-03-23T17:00:00Z,DE-LU,AT,1492.0,2969.0,1249.0,0,0,0
2026-03-23T17:00:00Z,DE-LU,FR,2766.0,4081.0,-568.0,0,0,0
2026-03-23T17:00:00Z,DE-LU,NL,3350.0,4366.0,3069.0,0,0,0
2026-03-23T17:00:00Z,DE-LU,PL,1012.0,1121.0,417.0,0,0,0
2026-03-23T17:00:00Z,DE-LU,CZ,1100.0,2872.0,-1797.0,5.34,0,0
2026-03-23T17:00:00Z,DE-LU,DK1,1283.0,4040.0,849.0,0,0,0
2026-03-23T18:00:00Z,DE-LU,AT,1812.0,2342.0,-495.0,0,0,0
2026-03-23T18:00:00Z,DE-LU,FR,1694.0,1794.0,413.0,0,0,0
2026-03-23T18:00:00Z,DE-LU,NL,2598.0,3265.0,218.0,0,0,0
2026-03-23T18:00:00Z,DE-LU,PL,882.0,2478.0,-1419.0,0,0,22.0
2026-03-23T18:00:00Z,DE-LU,CZ,580.0,1615.0,469.0,0,0,0
2026-03-23T18:00:00Z,DE-LU,DK1,1096.0,1488.0,-870.0,0,0,0
2026-03-23T19:00:00Z,DE-LU,AT,2418.0,3320.0,636.0,0,0,0
2026-03-23T19:00:00Z,DE-LU,FR,970.0,1590.0,-318.0,0,0,0
2026-03-23T19:00:00Z,DE-LU,NL,1991.0,2852.0,1099.0,0,0,0
2026-03-23T19:00:00Z,DE-LU,PL,2418.0,2655.0,1575.0,0,0,0
2026-03-23T19:00:00Z,DE-LU,CZ,2781.0,4298.0,496.0,0,0,0
2026-03-23T19:00:00Z,DE-LU,DK1,1132.0,2823.0,739.0,0,0,0
2026-03-23T20:00:00Z,DE-LU,AT,505.0,884.0,-79.0,0,0,0
2026-03-23T20:00:00Z,DE-LU,FR,1775.0,2669.0,1882.0,0,0,0
2026-03-23T20:00:00Z,DE-LU,NL,3575.0,4461.0,780.0,0,0,0
2026-03-23T20:00:00Z,DE-LU,PL,1472.0,1694.0,202.0,0,0,0
2026-03-23T20:00:00Z,DE-LU,CZ,991.0,3123.0,867.0,0,0,0
2026-03-23T20:00:00Z,DE-LU,DK1,566.0,1090.0,197.0,0,0,0
2026-03-23T21:00:00Z,DE-LU,AT,3522.0,4019.0,-1271.0,0,0,0
2026-03-23T21:00:00Z,DE-LU,FR,698.0,974.0,680.0,0,0,0
2026-03-23T21:00:00Z,DE-LU,NL,1620.0,1925.0,-633.0,0,0,0
2026-03-23T21:00:00Z,DE-LU,PL,1999.0,2404.0,670.0,0,0,0
2026-03-23T21:00:00Z,DE-LU,CZ,682.0,1338.0,79.0,0,0,8.0
2026-03-23T21:00:00Z,DE-LU,DK1,1825.0,3126.0,-1975.0,0,0,0
2026-03-23T22:00:00Z,DE-LU,AT,665.0,1606.0,715.0,0,0,0
2026-03-23T22:00:00Z,DE-LU,FR,890.0,1096.0,-75.0,0,0,0
2026-03-23T22:00:00Z,DE-LU,NL,1402.0,4263.0,-3343.0,0,0,0
2026-03-23T22:00:00Z,DE-LU,PL,1356.0,3168.0,-1301.0,0,0,0
2026-03-23T22:00:00Z,DE-LU,CZ,396.0,1052.0,77.0,0,0,0
2026-03-23T22:00:00Z,DE-LU,DK1,1259.0,2400.0,907.0,0,0,0
2026-03-23T23:00:00Z,DE-LU,AT,1301.0,2819.0,1478.0,0,0,0
2026-03-23T23:00:00Z,DE-LU,FR,1199.0,2299.0,1342.0,0,0,0
2026-03-23T23:00:00Z,DE-LU,NL,1856.0,3895.0,1070.0,0,0,0
2026-03-23T23:00:00Z,DE-LU,PL,822.0,1199.0,-445.0,0,0,0
2026-03-23T23:00:00Z,DE-LU,CZ,2514.0,2848.0,-471.0,0,0,0
2026-03-23T23:00:00Z,DE-LU,DK1,967.0,2201.0,1480.0,0,0,0
2026-03-24T00:00:00Z,DE-LU,AT,2271.0,3003.0,-1727.0,0,0,0
2026-03-24T00:00:00Z,DE-LU,FR,2237.0,2727.0,416.0,0,0,0
2026-03-24T00:00:00Z,DE-LU,NL,1657.0,4180.0,503.0,0,0,0
2026-03-24T00:00:00Z,DE-LU,PL,654.0,1279.0,212.0,0,0,0
2026-03-24T00:00:00Z,DE-LU,CZ,742.0,2462.0,-1805.0,1.73,66.0,0
2026-03-24T00:00:00Z,DE-LU,DK1,639.0,1288.0,-385.0,0,0,0
2026-03-24T01:00:00Z,DE-LU,AT,1284.0,3563.0,1616.0,1.24,15.0,0
2026-03-24T01:00:00Z,DE-LU,FR,735.0,850.0,248.0,0,0,0
2026-03-24T01:00:00Z,DE-LU,NL,861.0,914.0,-391.0,0,0,0
2026-03-24T01:00:00Z,DE-LU,PL,3094.0,3915.0,477.0,0,0,0
2026-03-24T01:00:00Z,DE-LU,CZ,3268.0,4225.0,177.0,0,0,0
2026-03-24T01:00:00Z,DE-LU,DK1,1739.0,3287.0,996.0,0,0,0
2026-03-24T02:00:00Z,DE-LU,AT,1519.0,1726.0,403.0,0,0,11.0
2026-03-24T02:00:00Z,DE-LU,FR,687.0,1316.0,-633.0,0,0,0
2026-03-24T02:00:00Z,DE-LU,NL,2045.0,3828.0,1478.0,0,0,0
2026-03-24T02:00:00Z,DE-LU,PL,824.0,1375.0,-204.0,0,0,0
2026-03-24T02:00:00Z,DE-LU,CZ,495.0,1342.0,-866.0,14.37,0,0
2026-03-24T02:00:00Z,DE-LU,DK1,2595.0,4246.0,1844.0,0,0,0
2026-03-24T03:00:00Z,DE-LU,AT,2229.0,4459.0,-3285.0,0,0,0
2026-03-24T03:00:00Z,DE-LU,FR,3554.0,4177.0,3331.0,0,0,0
2026-03-24T03:00:00Z,DE-LU,NL,2403.0,2787.0,-492.0,0,0,0
2026-03-24T03:00:00Z,DE-LU,PL,1725.0,2774.0,545.0,0,0,0
2026-03-24T03:00:00Z,DE-LU,CZ,756.0,848.0,-544.0,0,0,15.0
2026-03-24T03:00:00Z,DE-LU,DK1,1191.0,2456.0,-1280.0,0,0,0
2026-03-24T04:00:00Z,DE-LU,AT,2094.0,2945.0,868.0,0,0,0
2026-03-24T04:00:00Z,DE-LU,FR,2791.0,3958.0,1292.0,0,0,0
2026-03-24T04:00:00Z,DE-LU,NL,1607.0,2141.0,-864.0,0,0,0
2026-03-24T04:00:00Z,DE-LU,PL,1141.0,3507.0,2459.0,7.57,0,0
2026-03-24T04:00:00Z,DE-LU,CZ,725.0,1785.0,-1249.0,0,0,0
2026-03-24T04:00:00Z,DE-LU,DK1,1387.0,1962.0,-406.0,0,0,0
2026-03-24T05:00:00Z,DE-LU,AT,1363.0,2141.0,-875.0,0,0,0
2026-03-24T05:00:00Z,DE-LU,FR,3551.0,4040.0,2207.0,0,0,0
2026-03-24T05:00:00Z,DE-LU,NL,2815.0,3164.0,241.0,0,0,0
2026-03-24T05:00:00Z,DE-LU,PL,590.0,1814.0,-97.0,3.27,45.0,0
2026-03-24T05:00:00Z,DE-LU,CZ,1613.0,2580.0,723.0,0,0,0
2026-03-24T05:00:00Z,DE-LU,DK1,800.0,845.0,-425.0,0,0,0
2026-03-24T06:00:00Z,DE-LU,AT,1592.0,2298.0,-721.0,0,0,0
2026-03-24T06:00:00Z,DE-LU,FR,1442.0,4344.0,2459.0,5.66,46.0,0
2026-03-24T06:00:00Z,DE-LU,NL,1802.0,1902.0,864.0,0,0,0
2026-03-24T06:00:00Z,DE-LU,PL,1289.0,3901.0,-1093.0,1.76,0,0
2026-03-24T06:00:00Z,DE-LU,CZ,2414.0,3283.0,-474.0,0,0,0
2026-03-24T06:00:00Z,DE-LU,DK1,2062.0,3710.0,-2489.0,0,0,0
2026-03-24T07:00:00Z,DE-LU,AT,1979.0,4164.0,3119.0,0,0,0
2026-03-24T07:00:00Z,DE-LU,FR,2144.0,2446.0,-1893.0,0,0,0
2026-03-24T07:00:00Z,DE-LU,NL,1014.0,1663.0,-1256.0,0,0,0
2026-03-24T07:00:00Z,DE-LU,PL,1028.0,1138.0,-415.0,0,0,0
2026-03-24T07:00:00Z,DE-LU,CZ,2143.0,2652.0,1148.0,0,0,0
2026-03-24T07:00:00Z,DE-LU,DK1,922.0,2147.0,310.0,0,0,0
2026-03-24T08:00:00Z,DE-LU,AT,2494.0,2943.0,-529.0,0,0,0
2026-03-24T08:00:00Z,DE-LU,FR,1596.0,3545.0,-1173.0,0,0,0
2026-03-24T08:00:00Z,DE-LU,NL,410.0,1005.0,54.0,0,0,0
2026-03-24T08:00:00Z,DE-LU,PL,2452.0,4329.0,-3395.0,0,0,0
2026-03-24T08:00:00Z,DE-LU,CZ,1779.0,3009.0,309.0,0,0,0
2026-03-24T08:00:00Z,DE-LU,DK1,2004.0,3027.0,540.0,0,0,0
2026-03-24T09:00:00Z,DE-LU,AT,836.0,1169.0,-654.0,0,0,0
2026-03-24T09:00:00Z,DE-LU,FR,698.0,1327.0,-52.0,0,0,0
2026-03-24T09:00:00Z,DE-LU,NL,1045.0,2631.0,-1437.0,0,0,0
2026-03-24T09:00:00Z,DE-LU,PL,974.0,1318.0,-408.0,0,0,0
2026-03-24T09:00:00Z,DE-LU,CZ,3031.0,3281.0,1779.0,0,0,0
2026-03-24T09:00:00Z,DE-LU,DK1,2822.0,3156.0,-692.0,0,0,0
2026-03-24T10:00:00Z,DE-LU,AT,2730.0,4399.0,-3206.0,0,0,0
2026-03-24T10:00:00Z,DE-LU,FR,2968.0,4114.0,-1323.0,0,0,0
2026-03-24T10:00:00Z,DE-LU,NL,2169.0,3589.0,-1148.0,0,0,0
2026-03-24T10:00:00Z,DE-LU,PL,1085.0,2039.0,404.0,0,0,0
2026-03-24T10:00:00Z,DE-LU,CZ,1018.0,1168.0,46.0,0,0,0
2026-03-24T10:00:00Z,DE-LU,DK1,2204.0,2331.0,-3.0,0,0,0
2026-03-24T11:00:00Z,DE-LU,AT,358.0,932.0,-367.0,2.82,44.0,0
2026-03-24T11:00:00Z,DE-LU,FR,1731.0,3356.0,-268.0,0,0,0
2026-03-24T11:00:00Z,DE-LU,NL,2236.0,3021.0,-2163.0,0,0,0
2026-03-24T11:00:00Z,DE-LU,PL,1578.0,1784.0,-1360.0,0,0,0
2026-03-24T11:00:00Z,DE-LU,CZ,711.0,1194.0,-948.0,0,0,0
2026-03-24T11:00:00Z,DE-LU,DK1,1768.0,1989.0,1267.0,0,0,27.0
2026-03-24T12:00:00Z,DE-LU,AT,385.0,1110.0,672.0,0,0,0
2026-03-24T12:00:00Z,DE-LU,FR,2072.0,2541.0,967.0,0,0,0
2026-03-24T12:00:00Z,DE-LU,NL,1052.0,3376.0,341.0,3.97,25.0,0
2026-03-24T12:00:00Z,DE-LU,PL,1045.0,3286.0,-535.0,7.53,0,0
2026-03-24T12:00:00Z,DE-LU,CZ,3544.0,3972.0,2052.0,0,0,0
2026-03-24T12:00:00Z,DE-LU,DK1,709.0,1007.0,-132.0,0,0,0
2026-03-24T13:00:00Z,DE-LU,AT,723.0,1671.0,-359.0,0,0,0
2026-03-24T13:00:00Z,DE-LU,FR,914.0,995.0,405.0,0,0,0
2026-03-24T13:00:00Z,DE-LU,NL,2158.0,3039.0,-2337.0,0,0,0
2026-03-24T13:00:00Z,DE-LU,PL,381.0,942.0,569.0,0,0,0
2026-03-24T13:00:00Z,DE-LU,CZ,2082.0,2926.0,2190.0,0,0,0
2026-03-24T13:00:00Z,DE-LU,DK1,1346.0,2175.0,396.0,0,0,0
2026-03-24T14:00:00Z,DE-LU,AT,2806.0,3969.0,3147.0,0,0,0
2026-03-24T14:00:00Z,DE-LU,FR,1448.0,1769.0,619.0,0,0,0
2026-03-24T14:00:00Z,DE-LU,NL,528.0,1500.0,237.0,6.76,0,0
2026-03-24T14:00:00Z,DE-LU,PL,1081.0,2376.0,-1493.0,0,0,0
2026-03-24T14:00:00Z,DE-LU,CZ,1661.0,3174.0,1342.0,0,0,0
2026-03-24T14:00:00Z,DE-LU,DK1,1454.0,2382.0,925.0,0,0,0
2026-03-24T15:00:00Z,DE-LU,AT,1255.0,2837.0,-1682.0,0,0,0
2026-03-24T15:00:00Z,DE-LU,FR,1019.0,1222.0,137.0,0,0,0
2026-03-24T15:00:00Z,DE-LU,NL,3071.0,3765.0,-175.0,0,0,0
2026-03-24T15:00:00Z,DE-LU,PL,1089.0,2840.0,-1090.0,4.38,0,0
2026-03-24T15:00:00Z,DE-LU,CZ,1002.0,1849.0,-1186.0,0,0,0
2026-03-24T15:00:00Z,DE-LU,DK1,1538.0,2831.0,1421.0,0,0,0
2026-03-24T16:00:00Z,DE-LU,AT,1259.0,1604.0,429.0,0,0,0
2026-03-24T16:00:00Z,DE-LU,FR,1060.0,3282.0,838.0,1.16,8.0,0
2026-03-24T16:00:00Z,DE-LU,NL,2031.0,2857.0,1098.0,0,0,0
2026-03-24T16:00:00Z,DE-LU,PL,974.0,1065.0,-760.0,0,0,0
2026-03-24T16:00:00Z,DE-LU,CZ,565.0,1799.0,-1230.0,0,0,0
2026-03-24T16:00:00Z,DE-LU,DK1,1268.0,3468.0,-2116.0,0,0,0
2026-03-24T17:00:00Z,DE-LU,AT,1887.0,2475.0,-1206.0,0,0,0
2026-03-24T17:00:00Z,DE-LU,FR,1295.0,1609.0,477.0,0,0,0
2026-03-24T17:00:00Z,DE-LU,NL,1210.0,2471.0,-1372.0,0,0,0
2026-03-24T17:00:00Z,DE-LU,PL,1373.0,3052.0,-1714.0,0,0,0
2026-03-24T17:00:00Z,DE-LU,CZ,576.0,1605.0,-165.0,0,0,0
2026-03-24T17:00:00Z,DE-LU,DK1,802.0,1353.0,-182.0,0,0,6.0
2026-03-24T18:00:00Z,DE-LU,AT,406.0,1309.0,-702.0,0,0,0
2026-03-24T18:00:00Z,DE-LU,FR,762.0,1666.0,664.0,0,0,0
2026-03-24T18:00:00Z,DE-LU,NL,1576.0,2748.0,694.0,0,0,0
2026-03-24T18:00:00Z,DE-LU,PL,1903.0,2828.0,-643.0,0,0,0
2026-03-24T18:00:00Z,DE-LU,CZ,2269.0,2563.0,-415.0,0,0,0
2026-03-24T18:00:00Z,DE-LU,DK1,1220.0,1940.0,-1233.0,0,0,0
2026-03-24T19:00:00Z,DE-LU,AT,1217.0,1500.0,-965.0,0,0,0
2026-03-24T19:00:00Z,DE-LU,FR,3068.0,3677.0,-1759.0,0,0,0
2026-03-24T19:00:00Z,DE-LU,NL,1311.0,3726.0,-2815.0,5.22,104.0,0
2026-03-24T19:00:00Z,DE-LU,PL,1025.0,1242.0,205.0,0,0,0
2026-03-24T19:00:00Z,DE-LU,CZ,735.0,1520.0,-532.0,0,0,0
2026-03-24T19:00:00Z,DE-LU,DK1,1865.0,2164.0,543.0,0,0,0
2026-03-24T20:00:00Z,DE-LU,AT,2658.0,3702.0,1359.0,0,0,0
2026-03-24T20:00:00Z,DE-LU,FR,2193.0,2947.0,-2256.0,0,0,0
2026-03-24T20:00:00Z,DE-LU,NL,1225.0,3056.0,2310.0,0,0,0
2026-03-24T20:00:00Z,DE-LU,PL,535.0,811.0,-555.0,0,0,0
2026-03-24T20:00:00Z,DE-LU,CZ,1527.0,3754.0,888.0,0,0,0
2026-03-24T20:00:00Z,DE-LU,DK1,1166.0,2132.0,-1497.0,0,0,0
2026-03-24T21:00:00Z,DE-LU,AT,1036.0,2238.0,-455.0,0,0,0
2026-03-24T21:00:00Z,DE-LU,FR,2404.0,3599.0,1552.0,0,0,0
2026-03-24T21:00:00Z,DE-LU,NL,1470.0,3614.0,-2166.0,0,0,0
2026-03-24T21:00:00Z,DE-LU,PL,2689.0,3663.0,1832.0,0,0,0
2026-03-24T21:00:00Z,DE-LU,CZ,880.0,1187.0,-541.0,0,0,0
2026-03-24T21:00:00Z,DE-LU,DK1,2845.0,3248.0,-2372.0,0,0,0
2026-03-24T22:00:00Z,DE-LU,AT,654.0,1132.0,121.0,0,0,0
2026-03-24T22:00:00Z,DE-LU,FR,2300.0,4469.0,-2856.0,0,0,0
2026-03-24T22:00:00Z,DE-LU,NL,3297.0,3513.0,-1299.0,0,0,0
2026-03-24T22:00:00Z,DE-LU,PL,2634.0,4188.0,-2051.0,0,0,0
2026-03-24T22:00:00Z,DE-LU,CZ,928.0,1261.0,910.0,0,0,10.0
2026-03-24T22:00:00Z,DE-LU,DK1,3297.0,3563.0,-2812.0,0,0,0
2026-03-24T23:00:00Z,DE-LU,AT,2445.0,3691.0,-188.0,0,0,0
2026-03-24T23:00:00Z,DE-LU,FR,2036.0,3848.0,1481.0,0,0,0
2026-03-24T23:00:00Z,DE-LU,NL,2432.0,3000.0,1674.0,0,0,0
2026-03-24T23:00:00Z,DE-LU,PL,2139.0,3716.0,-2579.0,0,0,0
2026-03-24T23:00:00Z,DE-LU,CZ,585.0,964.0,538.0,0,0,0
2026-03-24T23:00:00Z,DE-LU,DK1,2485.0,2774.0,1926.0,0,0,0
2026-03-25T00:00:00Z,DE-LU,AT,638.0,992.0,257.0,0,0,0
2026-03-25T00:00:00Z,DE-LU,FR,810.0,2064.0,-1438.0,0.38,30.0,0
2026-03-25T00:00:00Z,DE-LU,NL,1290.0,2914.0,717.0,0,0,0
2026-03-25T00:00:00Z,DE-LU,PL,891.0,2379.0,467.0,0,0,0
2026-03-25T00:00:00Z,DE-LU,CZ,3412.0,4106.0,1997.0,0,0,0
2026-03-25T00:00:00Z,DE-LU,DK1,515.0,868.0,176.0,0,0,0
2026-03-25T01:00:00Z,DE-LU,AT,3110.0,4315.0,2719.0,0,0,0
2026-03-25T01:00:00Z,DE-LU,FR,2613.0,3489.0,-1396.0,0,0,0
2026-03-25T01:00:00Z,DE-LU,NL,1898.0,2226.0,-1168.0,0,0,0
2026-03-25T01:00:00Z,DE-LU,PL,577.0,1673.0,-1008.0,0,0,0
2026-03-25T01:00:00Z,DE-LU,CZ,673.0,864.0,-141.0,0,0,6.0
2026-03-25T01:00:00Z,DE-LU,DK1,1731.0,2346.0,-199.0,0,0,0
2026-03-25T02:00:00Z,DE-LU,AT,2211.0,4354.0,478.0,0,0,0
2026-03-25T02:00:00Z,DE-LU,FR,2334.0,2611.0,1832.0,0,0,0
2026-03-25T02:00:00Z,DE-LU,NL,1138.0,2494.0,648.0,0,0,0
2026-03-25T02:00:00Z,DE-LU,PL,3811.0,4365.0,-389.0,0,0,0
2026-03-25T02:00:00Z,DE-LU,CZ,1063.0,1235.0,-25.0,0,0,0
2026-03-25T02:00:00Z,DE-LU,DK1,2524.0,4043.0,3070.0,0,0,0
2026-03-25T03:00:00Z,DE-LU,AT,2734.0,4105.0,-1220.0,0,0,0
2026-03-25T03:00:00Z,DE-LU,FR,778.0,1066.0,599.0,0,0,0
2026-03-25T03:00:00Z,DE-LU,NL,2886.0,3289.0,682.0,0,0,0
2026-03-25T03:00:00Z,DE-LU,PL,443.0,951.0,-530.0,0,0,0
2026-03-25T03:00:00Z,DE-LU,CZ,2093.0,4275.0,2550.0,0,0,0
2026-03-25T03:00:00Z,DE-LU,DK1,1377.0,2013.0,859.0,0,0,0
2026-03-25T04:00:00Z,DE-LU,AT,766.0,1138.0,293.0,0,0,0
2026-03-25T04:00:00Z,DE-LU,FR,1016.0,1408.0,-382.0,0,0,0
2026-03-25T04:00:00Z,DE-LU,NL,945.0,1948.0,245.0,0,0,0
2026-03-25T04:00:00Z,DE-LU,PL,364.0,850.0,470.0,0,0,0
2026-03-25T04:00:00Z,DE-LU,CZ,1210.0,2093.0,1431.0,0,0,0
2026-03-25T04:00:00Z,DE-LU,DK1,825.0,2043.0,-1567.0,0,0,0
2026-03-25T05:00:00Z,DE-LU,AT,2842.0,3430.0,490.0,0,0,0
2026-03-25T05:00:00Z,DE-LU,FR,909.0,1397.0,-1087.0,0,0,0
2026-03-25T05:00:00Z,DE-LU,NL,1118.0,3343.0,-2223.0,3.45,14.0,0
2026-03-25T05:00:00Z,DE-LU,PL,2312.0,3504.0,-1489.0,0,0,0
2026-03-25T05:00:00Z,DE-LU,CZ,758.0,1384.0,761.0,0,0,0
2026-03-25T05:00:00Z,DE-LU,DK1,955.0,2509.0,-1803.0,0,0,0
2026-03-25T06:00:00Z,DE-LU,AT,495.0,903.0,389.0,0,0,0
2026-03-25T06:00:00Z,DE-LU,FR,1230.0,3980.0,-2310.0,4.33,0,0
2026-03-25T06:00:00Z,DE-LU,NL,1323.0,2561.0,-1590.0,0,0,0
2026-03-25T06:00:00Z,DE-LU,PL,1094.0,2353.0,431.0,0,0,0
2026-03-25T06:00:00Z,DE-LU,CZ,704.0,1400.0,1109.0,0,0,0
2026-03-25T06:00:00Z,DE-LU,DK1,3518.0,4188.0,3324.0,0,0,0
2026-03-25T07:00:00Z,DE-LU,AT,372.0,939.0,62.0,4.56,37.0,0
2026-03-25T07:00:00Z,DE-LU,FR,1491.0,1977.0,-134.0,0,0,0
2026-03-25T07:00:00Z,DE-LU,NL,1753.0,1877.0,-809.0,0,0,0
2026-03-25T07:00:00Z,DE-LU,PL,1021.0,1730.0,-873.0,0,0,0
2026-03-25T07:00:00Z,DE-LU,CZ,1506.0,2645.0,214.0,0,0,0
2026-03-25T07:00:00Z,DE-LU,DK1,1170.0,2938.0,-2290.0,0,0,0
2026-03-25T08:00:00Z,DE-LU,AT,1701.0,2626.0,2070.0,0,0,0
2026-03-25T08:00:00Z,DE-LU,FR,685.0,2093.0,1344.0,0,0,0
2026-03-25T08:00:00Z,DE-LU,NL,490.0,818.0,78.0,0,0,0
2026-03-25T08:00:00Z,DE-LU,PL,2165.0,3616.0,-763.0,0,0,0
2026-03-25T08:00:00Z,DE-LU,CZ,1520.0,2264.0,697.0,0,0,0
2026-03-25T08:00:00Z,DE-LU,DK1,1028.0,1974.0,-593.0,0,0,0
2026-03-25T09:00:00Z,DE-LU,AT,1505.0,2191.0,-760.0,0,0,0
2026-03-25T09:00:00Z,DE-LU,FR,968.0,2167.0,-789.0,0,0,0
2026-03-25T09:00:00Z,DE-LU,NL,953.0,1505.0,469.0,0,0,0
2026-03-25T09:00:00Z,DE-LU,PL,2190.0,3307.0,-681.0,0,0,0
2026-03-25T09:00:00Z,DE-LU,CZ,1810.0,2187.0,-1586.0,0,0,0
2026-03-25T09:00:00Z,DE-LU,DK1,2301.0,4423.0,83.0,0,0,0
2026-03-25T10:00:00Z,DE-LU,AT,702.0,1772.0,819.0,0,0,0
2026-03-25T10:00:00Z,DE-LU,FR,1623.0,2170.0,1656.0,0,0,0
2026-03-25T10:00:00Z,DE-LU,NL,2399.0,3805.0,568.0,0,0,0
2026-03-25T10:00:00Z,DE-LU,PL,3098.0,3744.0,-2044.0,0,0,0
2026-03-25T10:00:00Z,DE-LU,CZ,1578.0,3300.0,-2480.0,0,0,0
2026-03-25T10:00:00Z,DE-LU,DK1,618.0,1913.0,1427.0,0.49,57.0,0
2026-03-25T11:00:00Z,DE-LU,AT,2175.0,2793.0,-88.0,0,0,0
2026-03-25T11:00:00Z,DE-LU,FR,919.0,1474.0,-906.0,0,0,0
2026-03-25T11:00:00Z,DE-LU,NL,1183.0,2363.0,-91.0,0,0,0
2026-03-25T11:00:00Z,DE-LU,PL,1720.0,2258.0,-851.0,0,0,0
2026-03-25T11:00:00Z,DE-LU,CZ,1875.0,2635.0,618.0,0,0,0
2026-03-25T11:00:00Z,DE-LU,DK1,2292.0,2865.0,-547.0,0,0,0
2026-03-25T12:00:00Z,DE-LU,AT,2665.0,4092.0,-1722.0,0,0,0
2026-03-25T12:00:00Z,DE-LU,FR,624.0,938.0,-272.0,0,0,0
2026-03-25T12:00:00Z,DE-LU,NL,570.0,1096.0,20.0,0,0,0
2026-03-25T12:00:00Z,DE-LU,PL,609.0,1489.0,414.0,0,0,0
2026-03-25T12:00:00Z,DE-LU,CZ,1344.0,3676.0,120.0,0,0,0
2026-03-25T12:00:00Z,DE-LU,DK1,600.0,1318.0,319.0,0,0,0
2026-03-25T13:00:00Z,DE-LU,AT,1557.0,4158.0,-2534.0,0,0,0
2026-03-25T13:00:00Z,DE-LU,FR,2321.0,3233.0,527.0,0,0,0
2026-03-25T13:00:00Z,DE-LU,NL,2399.0,2714.0,-776.0,0,0,0
2026-03-25T13:00:00Z,DE-LU,PL,1412.0,1644.0,77.0,0,0,0
2026-03-25T13:00:00Z,DE-LU,CZ,938.0,2934.0,1488.0,2.09,0,0
2026-03-25T13:00:00Z,DE-LU,DK1,2013.0,2678.0,1419.0,0,0,0
2026-03-25T14:00:00Z,DE-LU,AT,1264.0,1447.0,-285.0,0,0,0
2026-03-25T14:00:00Z,DE-LU,FR,717.0,2032.0,-91.0,0,0,0
2026-03-25T14:00:00Z,DE-LU,NL,1775.0,2180.0,-1725.0,0,0,0
2026-03-25T14:00:00Z,DE-LU,PL,1537.0,2148.0,-1191.0,0,0,0
2026-03-25T14:00:00Z,DE-LU,CZ,1791.0,2539.0,-1438.0,0,0,0
2026-03-25T14:00:00Z,DE-LU,DK1,1552.0,4218.0,-764.0,1.91,52.0,0
2026-03-25T15:00:00Z,DE-LU,AT,1894.0,2060.0,779.0,0,0,0
2026-03-25T15:00:00Z,DE-LU,FR,2839.0,3395.0,2133.0,0,0,0
2026-03-25T15:00:00Z,DE-LU,NL,2052.0,3351.0,1360.0,0,0,0
2026-03-25T15:00:00Z,DE-LU,PL,1665.0,3797.0,-1729.0,0,0,0
2026-03-25T15:00:00Z,DE-LU,CZ,1142.0,1852.0,695.0,0,0,0
2026-03-25T15:00:00Z,DE-LU,DK1,1415.0,4110.0,1485.0,0,0,0
2026-03-25T16:00:00Z,DE-LU,AT,611.0,1096.0,832.0,0,0,0
2026-03-25T16:00:00Z,DE-LU,FR,952.0,2885.0,916.0,0,0,0
2026-03-25T16:00:00Z,DE-LU,NL,1013.0,2613.0,-756.0,0,0,0
2026-03-25T16:00:00Z,DE-LU,PL,2712.0,3900.0,2985.0,0,0,0
2026-03-25T16:00:00Z,DE-LU,CZ,1642.0,1851.0,36.0,0,0,0
2026-03-25T16:00:00Z,DE-LU,DK1,1183.0,3445.0,1455.0,2.61,49.0,0
2026-03-25T17:00:00Z,DE-LU,AT,1299.0,2864.0,-465.0,0,0,0
2026-03-25T17:00:00Z,DE-LU,FR,1299.0,3944.0,-2952.0,0,0,0
2026-03-25T17:00:00Z,DE-LU,NL,1673.0,2591.0,-1715.0,0,0,0
2026-03-25T17:00:00Z,DE-LU,PL,1660.0,4073.0,-1499.0,0,0,0
2026-03-25T17:00:00Z,DE-LU,CZ,1066.0,1983.0,1507.0,0,0,0
2026-03-25T17:00:00Z,DE-LU,DK1,1536.0,3162.0,-1608.0,0,0,0
2026-03-25T18:00:00Z,DE-LU,AT,1135.0,3728.0,2634.0,1.23,14.0,0
2026-03-25T18:00:00Z,DE-LU,FR,1237.0,2054.0,-1211.0,0,0,0
2026-03-25T18:00:00Z,DE-LU,NL,2863.0,3895.0,-888.0,0,0,0
2026-03-25T18:00:00Z,DE-LU,PL,712.0,1361.0,607.0,0,0,0
2026-03-25T18:00:00Z,DE-LU,CZ,790.0,1715.0,905.0,0,0,0
2026-03-25T18:00:00Z,DE-LU,DK1,1775.0,2801.0,-2008.0,0,0,0
2026-03-25T19:00:00Z,DE-LU,AT,1318.0,1777.0,-1414.0,0,0,0
2026-03-25T19:00:00Z,DE-LU,FR,2254.0,4107.0,-2882.0,0,0,31.0
2026-03-25T19:00:00Z,DE-LU,NL,2092.0,3600.0,818.0,0,0,0
2026-03-25T19:00:00Z,DE-LU,PL,2127.0,2634.0,-544.0,0,0,0
2026-03-25T19:00:00Z,DE-LU,CZ,1560.0,3959.0,533.0,4.81,0,0
2026-03-25T19:00:00Z,DE-LU,DK1,709.0,2180.0,-401.0,0,0,0
2026-03-25T20:00:00Z,DE-LU,AT,385.0,1085.0,471.0,0,0,0
2026-03-25T20:00:00Z,DE-LU,FR,1097.0,2934.0,-1240.0,9.52,0,0
2026-03-25T20:00:00Z,DE-LU,NL,1090.0,2260.0,-1195.0,0,0,0
2026-03-25T20:00:00Z,DE-LU,PL,679.0,1217.0,-930.0,0,0,0
2026-03-25T20:00:00Z,DE-LU,CZ,2850.0,3015.0,-593.0,0,0,0
2026-03-25T20:00:00Z,DE-LU,DK1,1782.0,4411.0,1339.0,0,0,0
2026-03-25T21:00:00Z,DE-LU,AT,2851.0,3694.0,1063.0,0,0,20.0
2026-03-25T21:00:00Z,DE-LU,FR,1404.0,2962.0,-904.0,0,0,0
2026-03-25T21:00:00Z,DE-LU,NL,971.0,1213.0,342.0,0,0,0
2026-03-25T21:00:00Z,DE-LU,PL,1191.0,1586.0,-492.0,0,0,0
2026-03-25T21:00:00Z,DE-LU,CZ,871.0,1041.0,-331.0,0,0,0
2026-03-25T21:00:00Z,DE-LU,DK1,995.0,1832.0,-170.0,0,0,0
2026-03-25T22:00:00Z,DE-LU,AT,1398.0,2314.0,191.0,0,0,0
2026-03-25T22:00:00Z,DE-LU,FR,851.0,2116.0,1531.0,0,0,0
2026-03-25T22:00:00Z,DE-LU,NL,1958.0,3797.0,-171.0,0,0,0
2026-03-25T22:00:00Z,DE-LU,PL,1188.0,1558.0,-813.0,0,0,0
2026-03-25T22:00:00Z,DE-LU,CZ,896.0,1175.0,449.0,0,0,0
2026-03-25T22:00:00Z,DE-LU,DK1,1511.0,3032.0,1233.0,0,0,0
2026-03-25T23:00:00Z,DE-LU,AT,1577.0,1768.0,739.0,0,0,0
2026-03-25T23:00:00Z,DE-LU,FR,905.0,1510.0,593.0,0,0,0
2026-03-25T23:00:00Z,DE-LU,NL,1776.0,3374.0,-2631.0,0,0,0
2026-03-25T23:00:00Z,DE-LU,PL,1592.0,2705.0,-2076.0,0,0,0
2026-03-25T23:00:00Z,DE-LU,CZ,2496.0,3953.0,329.0,0,0,0
2026-03-25T23:00:00Z,DE-LU,DK1,2704.0,3189.0,-1206.0,0,0,0
2026-03-26T00:00:00Z,DE-LU,AT,2002.0,2888.0,-438.0,0,0,0
2026-03-26T00:00:00Z,DE-LU,FR,2890.0,3071.0,1078.0,0,0,0
2026-03-26T00:00:00Z,DE-LU,NL,549.0,1343.0,-906.0,0,0,0
2026-03-26T00:00:00Z,DE-LU,PL,453.0,1109.0,419.0,0,0,0
2026-03-26T00:00:00Z,DE-LU,CZ,1648.0,2792.0,1940.0,0,0,0
2026-03-26T00:00:00Z,DE-LU,DK1,2800.0,4054.0,-2297.0,0,0,0
2026-03-26T01:00:00Z,DE-LU,AT,1509.0,4113.0,-2920.0,0,0,0
2026-03-26T01:00:00Z,DE-LU,FR,1711.0,2753.0,1311.0,0,0,0
2026-03-26T01:00:00Z,DE-LU,NL,2509.0,3874.0,1627.0,0,0,0
2026-03-26T01:00:00Z,DE-LU,PL,2715.0,3123.0,-846.0,0,0,0
2026-03-26T01:00:00Z,DE-LU,CZ,1521.0,2202.0,426.0,0,0,0
2026-03-26T01:00:00Z,DE-LU,DK1,933.0,2457.0,801.0,6.5,29.0,0
2026-03-26T02:00:00Z,DE-LU,AT,2501.0,3562.0,-384.0,0,0,0
2026-03-26T02:00:00Z,DE-LU,FR,883.0,1419.0,401.0,0,0,0
2026-03-26T02:00:00Z,DE-LU,NL,900.0,1629.0,12.0,0,0,0
2026-03-26T02:00:00Z,DE-LU,PL,1231.0,3664.0,1176.0,8.58,47.0,0
2026-03-26T02:00:00Z,DE-LU,CZ,3639.0,4389.0,-1150.0,0,0,0
2026-03-26T02:00:00Z,DE-LU,DK1,1853.0,3440.0,-900.0,0,0,0
2026-03-26T03:00:00Z,DE-LU,AT,386.0,1170.0,-204.0,0,0,0
2026-03-26T03:00:00Z,DE-LU,FR,928.0,1939.0,-715.0,0,0,0
2026-03-26T03:00:00Z,DE-LU,NL,954.0,2495.0,946.0,6.04,0,0
2026-03-26T03:00:00Z,DE-LU,PL,724.0,1926.0,1443.0,0,0,0
2026-03-26T03:00:00Z,DE-LU,CZ,666.0,855.0,-480.0,0,0,0
2026-03-26T03:00:00Z,DE-LU,DK1,2394.0,3268.0,-1538.0,0,0,0
2026-03-26T04:00:00Z,DE-LU,AT,2082.0,2291.0,427.0,0,0,0
2026-03-26T04:00:00Z,DE-LU,FR,3705.0,4291.0,-3201.0,0,0,0
2026-03-26T04:00:00Z,DE-LU,NL,1906.0,3237.0,-1489.0,0,0,0
2026-03-26T04:00:00Z,DE-LU,PL,3309.0,4070.0,-721.0,0,0,0
2026-03-26T04:00:00Z,DE-LU,CZ,533.0,1268.0,999.0,0,0,0
2026-03-26T04:00:00Z,DE-LU,DK1,1497.0,2983.0,-1743.0,0,0,0
2026-03-26T05:00:00Z,DE-LU,AT,1508.0,2387.0,-159.0,0,0,0
2026-03-26T05:00:00Z,DE-LU,FR,491.0,871.0,638.0,0,0,0
2026-03-26T05:00:00Z,DE-LU,NL,1030.0,2026.0,-1221.0,0,0,0
2026-03-26T05:00:00Z,DE-LU,PL,534.0,1405.0,-599.0,3.92,152.0,0
2026-03-26T05:00:00Z,DE-LU,CZ,1770.0,4201.0,1108.0,0,0,48.0
2026-03-26T05:00:00Z,DE-LU,DK1,2792.0,3582.0,1003.0,0,0,0
2026-03-26T06:00:00Z,DE-LU,AT,1890.0,2688.0,1486.0,0,0,0
2026-03-26T06:00:00Z,DE-LU,FR,1697.0,2170.0,1030.0,0,0,0
2026-03-26T06:00:00Z,DE-LU,NL,2395.0,4362.0,-2974.0,0,0,0
2026-03-26T06:00:00Z,DE-LU,PL,1267.0,1656.0,-935.0,0,0,0
2026-03-26T06:00:00Z,DE-LU,CZ,2996.0,3344.0,-1394.0,0,0,0
2026-03-26T06:00:00Z,DE-LU,DK1,2758.0,4130.0,-1281.0,0,0,0
2026-03-26T07:00:00Z,DE-LU,AT,2274.0,2727.0,470.0,0,0,0
2026-03-26T07:00:00Z,DE-LU,FR,3110.0,3955.0,-2854.0,0,0,0
2026-03-26T07:00:00Z,DE-LU,NL,639.0,968.0,-719.0,0,0,0
2026-03-26T07:00:00Z,DE-LU,PL,1407.0,3062.0,1092.0,0,0,0
2026-03-26T07:00:00Z,DE-LU,CZ,1441.0,4218.0,-2001.0,0,0,0
2026-03-26T07:00:00Z,DE-LU,DK1,1419.0,3046.0,1459.0,0,0,0
2026-03-26T08:00:00Z,DE-LU,AT,997.0,1939.0,1454.0,0,0,0
2026-03-26T08:00:00Z,DE-LU,FR,2490.0,3554.0,-1134.0,0,0,0
2026-03-26T08:00:00Z,DE-LU,NL,1205.0,1949.0,409.0,0,0,0
2026-03-26T08:00:00Z,DE-LU,PL,1524.0,3470.0,2028.0,0,0,0
2026-03-26T08:00:00Z,DE-LU,CZ,899.0,1470.0,340.0,0,0,0
2026-03-26T08:00:00Z,DE-LU,DK1,1433.0,2931.0,2094.0,0,0,0
2026-03-26T09:00:00Z,DE-LU,AT,2184.0,4362.0,23.0,0,0,0
2026-03-26T09:00:00Z,DE-LU,FR,763.0,1037.0,-564.0,0,0,0
2026-03-26T09:00:00Z,DE-LU,NL,1895.0,3551.0,-1203.0,0,0,0
2026-03-26T09:00:00Z,DE-LU,PL,1911.0,4166.0,1614.0,0,0,0
2026-03-26T09:00:00Z,DE-LU,CZ,1201.0,2442.0,-52.0,0,0,0
2026-03-26T09:00:00Z,DE-LU,DK1,2361.0,3739.0,-1653.0,0,0,0
2026-03-26T10:00:00Z,DE-LU,AT,855.0,2235.0,-417.0,0,0,0
2026-03-26T10:00:00Z,DE-LU,FR,1658.0,3245.0,-755.0,0,0,0
2026-03-26T10:00:00Z,DE-LU,NL,2525.0,4251.0,-3298.0,0,0,0
2026-03-26T10:00:00Z,DE-LU,PL,935.0,1625.0,-712.0,0,0,0
2026-03-26T10:00:00Z,DE-LU,CZ,2784.0,3562.0,-2526.0,0,0,0
2026-03-26T10:00:00Z,DE-LU,DK1,1370.0,3599.0,-856.0,0,0,0
2026-03-26T11:00:00Z,DE-LU,AT,1009.0,1477.0,-251.0,0,0,0
2026-03-26T11:00:00Z,DE-LU,FR,2168.0,3086.0,-1444.0,0,0,0
2026-03-26T11:00:00Z,DE-LU,NL,2408.0,3137.0,-2184.0,0,0,0
2026-03-26T11:00:00Z,DE-LU,PL,1411.0,2867.0,-1134.0,0,0,0
2026-03-26T11:00:00Z,DE-LU,CZ,3018.0,3649.0,1775.0,0,0,0
2026-03-26T11:00:00Z,DE-LU,DK1,3145.0,4278.0,1479.0,0,0,0
2026-03-26T12:00:00Z,DE-LU,AT,1559.0,2296.0,-1580.0,0,0,0
2026-03-26T12:00:00Z,DE-LU,FR,1124.0,1896.0,883.0,0,0,0
2026-03-26T12:00:00Z,DE-LU,NL,3621.0,4267.0,-3038.0,0,0,0
2026-03-26T12:00:00Z,DE-LU,PL,1655.0,2698.0,1779.0,0,0,0
2026-03-26T12:00:00Z,DE-LU,CZ,1930.0,3191.0,-676.0,0,0,0
2026-03-26T12:00:00Z,DE-LU,DK1,459.0,1235.0,736.0,0.38,0,0
2026-03-26T13:00:00Z,DE-LU,AT,1211.0,2047.0,56.0,0,0,0
2026-03-26T13:00:00Z,DE-LU,FR,1022.0,2319.0,1620.0,0,0,0
2026-03-26T13:00:00Z,DE-LU,NL,1353.0,1464.0,5.0,0,0,15.0
2026-03-26T13:00:00Z,DE-LU,PL,3348.0,3924.0,42.0,0,0,0
2026-03-26T13:00:00Z,DE-LU,CZ,2392.0,2609.0,1970.0,0,0,0
2026-03-26T13:00:00Z,DE-LU,DK1,2606.0,3378.0,-2080.0,0,0,0
2026-03-26T14:00:00Z,DE-LU,AT,2033.0,4269.0,-980.0,0,0,0
2026-03-26T14:00:00Z,DE-LU,FR,1516.0,4401.0,-250.0,0,0,0
2026-03-26T14:00:00Z,DE-LU,NL,2770.0,3632.0,-1310.0,0,0,0
2026-03-26T14:00:00Z,DE-LU,PL,1417.0,3931.0,1680.0,0,0,0
2026-03-26T14:00:00Z,DE-LU,CZ,869.0,2503.0,1914.0,7.67,0,0
2026-03-26T14:00:00Z,DE-LU,DK1,1078.0,1919.0,1114.0,0,0,0
2026-03-26T15:00:00Z,DE-LU,AT,740.0,1457.0,324.0,0,0,0
2026-03-26T15:00:00Z,DE-LU,FR,564.0,1446.0,280.0,0,0,0
2026-03-26T15:00:00Z,DE-LU,NL,3303.0,3861.0,-956.0,0,0,0
2026-03-26T15:00:00Z,DE-LU,PL,1500.0,1860.0,1374.0,0,0,0
2026-03-26T15:00:00Z,DE-LU,CZ,1861.0,3698.0,362.0,0,0,0
2026-03-26T15:00:00Z,DE-LU,DK1,1454.0,3330.0,401.0,0,0,0
2026-03-26T16:00:00Z,DE-LU,AT,3912.0,4311.0,-1717.0,0,0,0
2026-03-26T16:00:00Z,DE-LU,FR,974.0,2813.0,1018.0,2.0,21.0,0
2026-03-26T16:00:00Z,DE-LU,NL,2585.0,4401.0,-866.0,0,0,0
2026-03-26T16:00:00Z,DE-LU,PL,1227.0,1580.0,-152.0,0,0,0
2026-03-26T16:00:00Z,DE-LU,CZ,1905.0,2764.0,-143.0,0,0,0
2026-03-26T16:00:00Z,DE-LU,DK1,1347.0,1449.0,-525.0,0,0,0
2026-03-26T17:00:00Z,DE-LU,AT,600.0,1263.0,519.0,0,0,0
2026-03-26T17:00:00Z,DE-LU,FR,668.0,907.0,528.0,0,0,0
2026-03-26T17:00:00Z,DE-LU,NL,942.0,2838.0,-752.0,0.54,0,0
2026-03-26T17:00:00Z,DE-LU,PL,467.0,835.0,-340.0,0,0,0
2026-03-26T17:00:00Z,DE-LU,CZ,1087.0,1437.0,-370.0,0,0,0
2026-03-26T17:00:00Z,DE-LU,DK1,2511.0,3540.0,-994.0,0,0,0
2026-03-26T18:00:00Z,DE-LU,AT,2697.0,2981.0,-1718.0,0,0,0
2026-03-26T18:00:00Z,DE-LU,FR,592.0,1355.0,-123.0,0,0,0
2026-03-26T18:00:00Z,DE-LU,NL,2078.0,3527.0,-2473.0,0,0,12.0
2026-03-26T18:00:00Z,DE-LU,PL,1233.0,3499.0,833.0,0,0,0
2026-03-26T18:00:00Z,DE-LU,CZ,2304.0,3737.0,-2416.0,0,0,0
2026-03-26T18:00:00Z,DE-LU,DK1,1238.0,1492.0,923.0,0,0,0
2026-03-26T19:00:00Z,DE-LU,AT,637.0,1118.0,-669.0,0,0,0
2026-03-26T19:00:00Z,DE-LU,FR,747.0,1835.0,488.0,0,0,0
2026-03-26T19:00:00Z,DE-LU,NL,1537.0,3291.0,2366.0,0,0,0
2026-03-26T19:00:00Z,DE-LU,PL,2874.0,3938.0,-148.0,0,0,9.0
2026-03-26T19:00:00Z,DE-LU,CZ,767.0,1745.0,1365.0,0,0,0
2026-03-26T19:00:00Z,DE-LU,DK1,1222.0,2172.0,-779.0,0,0,0
2026-03-26T20:00:00Z,DE-LU,AT,2360.0,2755.0,1715.0,0,0,0
2026-03-26T20:00:00Z,DE-LU,FR,1279.0,2850.0,1521.0,0,0,0
2026-03-26T20:00:00Z,DE-LU,NL,3283.0,3504.0,-716.0,0,0,0
2026-03-26T20:00:00Z,DE-LU,PL,1722.0,2024.0,-692.0,0,0,0
2026-03-26T20:00:00Z,DE-LU,CZ,2118.0,2678.0,-1429.0,0,0,0
2026-03-26T20:00:00Z,DE-LU,DK1,1618.0,3906.0,-1335.0,0,0,0
2026-03-26T21:00:00Z,DE-LU,AT,2141.0,2434.0,-1275.0,0,0,0
2026-03-26T21:00:00Z,DE-LU,FR,2332.0,3159.0,-1094.0,0,0,0
2026-03-26T21:00:00Z,DE-LU,NL,3540.0,4251.0,424.0,0,0,0
2026-03-26T21:00:00Z,DE-LU,PL,1284.0,2646.0,207.0,0,0,0
2026-03-26T21:00:00Z,DE-LU,CZ,1789.0,2732.0,-2022.0,0,0,0
2026-03-26T21:00:00Z,DE-LU,DK1,797.0,2101.0,1428.0,3.35,38.0,0
2026-03-26T22:00:00Z,DE-LU,AT,2643.0,3111.0,-1991.0,0,0,31.0
2026-03-26T22:00:00Z,DE-LU,FR,2257.0,4386.0,355.0,0,0,0
2026-03-26T22:00:00Z,DE-LU,NL,3161.0,4433.0,-2786.0,0,0,0
2026-03-26T22:00:00Z,DE-LU,PL,2159.0,2950.0,66.0,0,0,1.0
2026-03-26T22:00:00Z,DE-LU,CZ,1245.0,2794.0,1885.0,0,0,0
2026-03-26T22:00:00Z,DE-LU,DK1,936.0,1103.0,689.0,0,0,0
2026-03-26T23:00:00Z,DE-LU,AT,602.0,1069.0,-551.0,0,0,0
2026-03-26T23:00:00Z,DE-LU,FR,2456.0,3161.0,456.0,0,0,0
2026-03-26T23:00:00Z,DE-LU,NL,831.0,2322.0,113.0,0,0,0
2026-03-26T23:00:00Z,DE-LU,PL,2206.0,3690.0,-402.0,0,0,0
2026-03-26T23:00:00Z,DE-LU,CZ,708.0,1002.0,351.0,0,0,0
2026-03-26T23:00:00Z,DE-LU,DK1,1119.0,1372.0,540.0,0,0,0
2026-03-27T00:00:00Z,DE-LU,AT,2112.0,3814.0,-1879.0,0,0,0
2026-03-27T00:00:00Z,DE-LU,FR,2794.0,3173.0,-2383.0,0,0,0
2026-03-27T00:00:00Z,DE-LU,NL,1507.0,2544.0,662.0,0,0,69.0
2026-03-27T00:00:00Z,DE-LU,PL,1811.0,2706.0,1811.0,0,0,0
2026-03-27T00:00:00Z,DE-LU,CZ,2556.0,2814.0,-808.0,0,0,0
2026-03-27T00:00:00Z,DE-LU,DK1,964.0,1237.0,-236.0,0,0,0
2026-03-27T01:00:00Z,DE-LU,AT,3275.0,4410.0,141.0,0,0,0
2026-03-27T01:00:00Z,DE-LU,FR,2114.0,4244.0,1802.0,0,0,0
2026-03-27T01:00:00Z,DE-LU,NL,1368.0,1544.0,362.0,0,0,36.0
2026-03-27T01:00:00Z,DE-LU,PL,373.0,1172.0,-591.0,0.03,0,0
2026-03-27T01:00:00Z,DE-LU,CZ,3075.0,3527.0,-947.0,0,0,0
2026-03-27T01:00:00Z,DE-LU,DK1,2547.0,4391.0,2774.0,0,0,0
2026-03-27T02:00:00Z,DE-LU,AT,3694.0,4260.0,221.0,0,0,0
2026-03-27T02:00:00Z,DE-LU,FR,3562.0,3982.0,-672.0,0,0,0
2026-03-27T02:00:00Z,DE-LU,NL,1346.0,2300.0,-468.0,0,0,0
2026-03-27T02:00:00Z,DE-LU,PL,393.0,903.0,-568.0,0,0,25.0
2026-03-27T02:00:00Z,DE-LU,CZ,1456.0,1636.0,362.0,0,0,0
2026-03-27T02:00:00Z,DE-LU,DK1,1476.0,2951.0,596.0,0,0,0
2026-03-27T03:00:00Z,DE-LU,AT,1342.0,1807.0,-227.0,0,0,0
2026-03-27T03:00:00Z,DE-LU,FR,1971.0,3867.0,44.0,0,0,0
2026-03-27T03:00:00Z,DE-LU,NL,637.0,2041.0,-1255.0,15.66,0,0
2026-03-27T03:00:00Z,DE-LU,PL,1856.0,2207.0,-835.0,0,0,0
2026-03-27T03:00:00Z,DE-LU,CZ,2035.0,3305.0,555.0,0,0,0
2026-03-27T03:00:00Z,DE-LU,DK1,827.0,2241.0,-1584.0,0,0,0
2026-03-27T04:00:00Z,DE-LU,AT,3147.0,3380.0,1098.0,0,0,0
2026-03-27T04:00:00Z,DE-LU,FR,963.0,1473.0,32.0,0,0,0
2026-03-27T04:00:00Z,DE-LU,NL,1536.0,2962.0,-328.0,0,0,0
2026-03-27T04:00:00Z,DE-LU,PL,1930.0,4267.0,-2072.0,0,0,0
2026-03-27T04:00:00Z,DE-LU,CZ,1589.0,2260.0,1146.0,0,0,0
2026-03-27T04:00:00Z,DE-LU,DK1,1211.0,2243.0,-936.0,0,0,0
2026-03-27T05:00:00Z,DE-LU,AT,276.0,817.0,392.0,1.5,29.0,0
2026-03-27T05:00:00Z,DE-LU,FR,643.0,1682.0,787.0,7.29,39.0,0
2026-03-27T05:00:00Z,DE-LU,NL,3045.0,3271.0,-267.0,0,0,0
2026-03-27T05:00:00Z,DE-LU,PL,3036.0,3514.0,-285.0,0,0,0
2026-03-27T05:00:00Z,DE-LU,CZ,2230.0,3151.0,-530.0,0,0,0
2026-03-27T05:00:00Z,DE-LU,DK1,2518.0,2877.0,1135.0,0,0,0
2026-03-27T06:00:00Z,DE-LU,AT,1772.0,3632.0,-1174.0,0,0,0
2026-03-27T06:00:00Z,DE-LU,FR,1090.0,1822.0,-66.0,0,0,0
2026-03-27T06:00:00Z,DE-LU,NL,2161.0,3775.0,169.0,0,0,0
2026-03-27T06:00:00Z,DE-LU,PL,3617.0,3997.0,2202.0,0,0,0
2026-03-27T06:00:00Z,DE-LU,CZ,2610.0,4420.0,-2946.0,0,0,0
2026-03-27T06:00:00Z,DE-LU,DK1,871.0,2812.0,1532.0,0,0,0
2026-03-27T07:00:00Z,DE-LU,AT,1466.0,3123.0,2009.0,0,0,0
2026-03-27T07:00:00Z,DE-LU,FR,3267.0,3927.0,54.0,0,0,0
2026-03-27T07:00:00Z,DE-LU,NL,2923.0,3880.0,262.0,0,0,0
2026-03-27T07:00:00Z,DE-LU,PL,1736.0,3678.0,-1868.0,0,0,0
2026-03-27T07:00:00Z,DE-LU,CZ,1734.0,3778.0,1354.0,0,0,0
2026-03-27T07:00:00Z,DE-LU,DK1,2647.0,3383.0,1175.0,0,0,0
2026-03-27T08:00:00Z,DE-LU,AT,2109.0,2549.0,555.0,0,0,0
2026-03-27T08:00:00Z,DE-LU,FR,2024.0,3071.0,414.0,0,0,0
2026-03-27T08:00:00Z,DE-LU,NL,2228.0,3724.0,-2020.0,0,0,10.0
2026-03-27T08:00:00Z,DE-LU,PL,847.0,1473.0,-598.0,0,0,0
2026-03-27T08:00:00Z,DE-LU,CZ,968.0,2465.0,695.0,4.56,56.0,0
2026-03-27T08:00:00Z,DE-LU,DK1,2537.0,2710.0,859.0,0,0,0
2026-03-27T09:00:00Z,DE-LU,AT,397.0,1208.0,55.0,0,0,0
2026-03-27T09:00:00Z,DE-LU,FR,3757.0,4101.0,2744.0,0,0,0
2026-03-27T09:00:00Z,DE-LU,NL,2557.0,4482.0,-2057.0,0,0,0
2026-03-27T09:00:00Z,DE-LU,PL,1631.0,2581.0,82.0,0,0,0
2026-03-27T09:00:00Z,DE-LU,CZ,1672.0,3612.0,1622.0,0,0,0
2026-03-27T09:00:00Z,DE-LU,DK1,856.0,2411.0,-1533.0,0,0,0
2026-03-27T10:00:00Z,DE-LU,AT,1906.0,3499.0,-2051.0,0,0,0
2026-03-27T10:00:00Z,DE-LU,FR,2512.0,4359.0,1415.0,0,0,0
2026-03-27T10:00:00Z,DE-LU,NL,1191.0,1291.0,336.0,0,0,0
2026-03-27T10:00:00Z,DE-LU,PL,2550.0,3009.0,927.0,0,0,0
2026-03-27T10:00:00Z,DE-LU,CZ,1881.0,2713.0,1704.0,0,0,0
2026-03-27T10:00:00Z,DE-LU,DK1,765.0,2486.0,1380.0,4.4,0,0
2026-03-27T11:00:00Z,DE-LU,AT,588.0,1480.0,1057.0,8.7,0,0
2026-03-27T11:00:00Z,DE-LU,FR,1593.0,1751.0,1210.0,0,0,0
2026-03-27T11:00:00Z,DE-LU,NL,1205.0,3105.0,-1674.0,6.9,64.0,0
2026-03-27T11:00:00Z,DE-LU,PL,1150.0,1940.0,-85.0,0,0,0
2026-03-27T11:00:00Z,DE-LU,CZ,460.0,1532.0,242.0,0,0,0
2026-03-27T11:00:00Z,DE-LU,DK1,2392.0,2619.0,1780.0,0,0,0
2026-03-27T12:00:00Z,DE-LU,AT,555.0,1738.0,-1294.0,0,0,0
2026-03-27T12:00:00Z,DE-LU,FR,2820.0,2993.0,-2111.0,0,0,0
2026-03-27T12:00:00Z,DE-LU,NL,2595.0,4497.0,1631.0,0,0,0
2026-03-27T12:00:00Z,DE-LU,PL,1742.0,3123.0,2144.0,0,0,0
2026-03-27T12:00:00Z,DE-LU,CZ,632.0,801.0,-29.0,0,0,0
2026-03-27T12:00:00Z,DE-LU,DK1,1489.0,2447.0,-1610.0,0,0,0
2026-03-27T13:00:00Z,DE-LU,AT,1325.0,1820.0,-1291.0,0,0,0
2026-03-27T13:00:00Z,DE-LU,FR,1646.0,3869.0,2619.0,0,0,0
2026-03-27T13:00:00Z,DE-LU,NL,2846.0,3472.0,2653.0,0,0,0
2026-03-27T13:00:00Z,DE-LU,PL,651.0,1295.0,831.0,0,0,0
2026-03-27T13:00:00Z,DE-LU,CZ,1032.0,1813.0,28.0,0,0,0
2026-03-27T13:00:00Z,DE-LU,DK1,3344.0,3864.0,-2213.0,0,0,0
2026-03-27T14:00:00Z,DE-LU,AT,1404.0,4149.0,691.0,1.99,0,0
2026-03-27T14:00:00Z,DE-LU,FR,309.0,803.0,-460.0,5.48,0,0
2026-03-27T14:00:00Z,DE-LU,NL,1489.0,1615.0,921.0,0,0,0
2026-03-27T14:00:00Z,DE-LU,PL,930.0,1432.0,-113.0,0,0,0
2026-03-27T14:00:00Z,DE-LU,CZ,1163.0,1927.0,-417.0,0,0,0
2026-03-27T14:00:00Z,DE-LU,DK1,1449.0,3551.0,1788.0,0,0,0
2026-03-27T15:00:00Z,DE-LU,AT,2505.0,3017.0,1929.0,0,0,0
2026-03-27T15:00:00Z,DE-LU,FR,855.0,1508.0,-683.0,0,0,0
2026-03-27T15:00:00Z,DE-LU,NL,2751.0,3929.0,-2960.0,0,0,0
2026-03-27T15:00:00Z,DE-LU,PL,3120.0,3930.0,-2332.0,0,0,0
2026-03-27T15:00:00Z,DE-LU,CZ,2506.0,4003.0,1539.0,0,0,0
2026-03-27T15:00:00Z,DE-LU,DK1,1752.0,2270.0,857.0,0,0,0
2026-03-27T16:00:00Z,DE-LU,AT,2201.0,2333.0,-635.0,0,0,0
2026-03-27T16:00:00Z,DE-LU,FR,1226.0,2589.0,-319.0,0,0,0
2026-03-27T16:00:00Z,DE-LU,NL,1406.0,1783.0,146.0,0,0,0
2026-03-27T16:00:00Z,DE-LU,PL,2018.0,2141.0,-572.0,0,0,0
2026-03-27T16:00:00Z,DE-LU,CZ,1649.0,1939.0,1435.0,0,0,0
2026-03-27T16:00:00Z,DE-LU,DK1,454.0,1188.0,-462.0,4.37,0,0
2026-03-27T17:00:00Z,DE-LU,AT,2855.0,3153.0,-914.0,0,0,0
2026-03-27T17:00:00Z,DE-LU,FR,1782.0,2575.0,1507.0,0,0,0
2026-03-27T17:00:00Z,DE-LU,NL,1680.0,2256.0,-1732.0,0,0,0
2026-03-27T17:00:00Z,DE-LU,PL,861.0,1356.0,-210.0,0,0,0
2026-03-27T17:00:00Z,DE-LU,CZ,596.0,1646.0,-313.0,0,0,0
2026-03-27T17:00:00Z,DE-LU,DK1,1010.0,1904.0,1435.0,0,0,0
2026-03-27T18:00:00Z,DE-LU,AT,1711.0,2046.0,-1272.0,0,0,0
2026-03-27T18:00:00Z,DE-LU,FR,1527.0,3687.0,294.0,0,0,0
2026-03-27T18:00:00Z,DE-LU,NL,537.0,1488.0,-899.0,0,0,0
2026-03-27T18:00:00Z,DE-LU,PL,1149.0,1791.0,-502.0,0,0,0
2026-03-27T18:00:00Z,DE-LU,CZ,2319.0,3092.0,685.0,0,0,0
2026-03-27T18:00:00Z,DE-LU,DK1,1575.0,2254.0,-820.0,0,0,0
2026-03-27T19:00:00Z,DE-LU,AT,1246.0,1720.0,104.0,0,0,0
2026-03-27T19:00:00Z,DE-LU,FR,2545.0,3838.0,-2536.0,0,0,0
2026-03-27T19:00:00Z,DE-LU,NL,2310.0,2475.0,-1141.0,0,0,0
2026-03-27T19:00:00Z,DE-LU,PL,2465.0,3796.0,-1045.0,0,0,0
2026-03-27T19:00:00Z,DE-LU,CZ,739.0,1971.0,970.0,1.28,0,0
2026-03-27T19:00:00Z,DE-LU,DK1,4009.0,4226.0,-2439.0,0,0,0
2026-03-27T20:00:00Z,DE-LU,AT,1853.0,2040.0,-1393.0,0,0,0
2026-03-27T20:00:00Z,DE-LU,FR,1621.0,2137.0,-1301.0,0,0,0
2026-03-27T20:00:00Z,DE-LU,NL,659.0,1696.0,-1067.0,3.08,8.0,0
2026-03-27T20:00:00Z,DE-LU,PL,2069.0,3223.0,-1987.0,0,0,0
2026-03-27T20:00:00Z,DE-LU,CZ,1007.0,1594.0,-1062.0,0,0,0
2026-03-27T20:00:00Z,DE-LU,DK1,1268.0,1699.0,-849.0,0,0,0
2026-03-27T21:00:00Z,DE-LU,AT,1740.0,2081.0,-488.0,0,0,0
2026-03-27T21:00:00Z,DE-LU,FR,1624.0,1765.0,579.0,0,0,0
2026-03-27T21:00:00Z,DE-LU,NL,956.0,1316.0,-559.0,0,0,0
2026-03-27T21:00:00Z,DE-LU,PL,2073.0,3490.0,-2640.0,0,0,0
2026-03-27T21:00:00Z,DE-LU,CZ,1475.0,3452.0,-700.0,0,0,0
2026-03-27T21:00:00Z,DE-LU,DK1,3821.0,4074.0,467.0,0,0,0
2026-03-27T22:00:00Z,DE-LU,AT,959.0,2499.0,1490.0,0,0,0
2026-03-27T22:00:00Z,DE-LU,FR,2661.0,3820.0,-940.0,0,0,0
2026-03-27T22:00:00Z,DE-LU,NL,1719.0,2161.0,-506.0,0,0,0
2026-03-27T22:00:00Z,DE-LU,PL,3266.0,4435.0,-3488.0,0,0,0
2026-03-27T22:00:00Z,DE-LU,CZ,702.0,1837.0,512.0,4.56,0,0
2026-03-27T22:00:00Z,DE-LU,DK1,1196.0,3850.0,-587.0,0,0,0
2026-03-27T23:00:00Z,DE-LU,AT,2008.0,2538.0,-1083.0,0,0,0
2026-03-27T23:00:00Z,DE-LU,FR,1585.0,4258.0,1153.0,0,0,0
2026-03-27T23:00:00Z,DE-LU,NL,1243.0,3853.0,-1384.0,0,0,0
2026-03-27T23:00:00Z,DE-LU,PL,1795.0,1966.0,-1190.0,0,0,0
2026-03-27T23:00:00Z,DE-LU,CZ,573.0,1552.0,-100.0,0,0,0
2026-03-27T23:00:00Z,DE-LU,DK1,503.0,1602.0,1203.0,4.52,0,0
2026-03-28T00:00:00Z,DE-LU,AT,1327.0,2956.0,2107.0,0,0,0
2026-03-28T00:00:00Z,DE-LU,FR,1711.0,2815.0,-1860.0,0,0,0
2026-03-28T00:00:00Z,DE-LU,NL,1055.0,1913.0,-284.0,0,0,0
2026-03-28T00:00:00Z,DE-LU,PL,2948.0,3968.0,860.0,0,0,0
2026-03-28T00:00:00Z,DE-LU,CZ,1421.0,2880.0,-717.0,0,0,0
2026-03-28T00:00:00Z,DE-LU,DK1,2146.0,3767.0,1404.0,0,0,0
2026-03-28T01:00:00Z,DE-LU,AT,413.0,824.0,53.0,0,0,0
2026-03-28T01:00:00Z,DE-LU,FR,1086.0,2450.0,-483.0,0,0,0
2026-03-28T01:00:00Z,DE-LU,NL,2235.0,3974.0,495.0,0,0,0
2026-03-28T01:00:00Z,DE-LU,PL,1630.0,2632.0,616.0,0,0,0
2026-03-28T01:00:00Z,DE-LU,CZ,933.0,2841.0,2073.0,0,0,0
2026-03-28T01:00:00Z,DE-LU,DK1,3613.0,4168.0,-2232.0,0,0,0
2026-03-28T02:00:00Z,DE-LU,AT,541.0,1399.0,-657.0,10.52,0,0
2026-03-28T02:00:00Z,DE-LU,FR,1335.0,2067.0,-885.0,0,0,0
2026-03-28T02:00:00Z,DE-LU,NL,974.0,1896.0,610.0,0,0,0
2026-03-28T02:00:00Z,DE-LU,PL,1736.0,4305.0,-793.0,0,0,0
2026-03-28T02:00:00Z,DE-LU,CZ,2845.0,3618.0,1583.0,0,0,0
2026-03-28T02:00:00Z,DE-LU,DK1,847.0,1924.0,-645.0,0,0,0
2026-03-28T03:00:00Z,DE-LU,AT,828.0,913.0,-71.0,0,0,0
2026-03-28T03:00:00Z,DE-LU,FR,2234.0,2815.0,-119.0,0,0,0
2026-03-28T03:00:00Z,DE-LU,NL,2218.0,3150.0,-2459.0,0,0,0
2026-03-28T03:00:00Z,DE-LU,PL,2359.0,3887.0,1541.0,0,0,0
2026-03-28T03:00:00Z,DE-LU,CZ,623.0,2071.0,-1601.0,6.9,144.0,0
2026-03-28T03:00:00Z,DE-LU,DK1,1631.0,4416.0,-2125.0,3.43,65.0,0
2026-03-28T04:00:00Z,DE-LU,AT,849.0,2188.0,-582.0,2.95,0,0
2026-03-28T04:00:00Z,DE-LU,FR,1755.0,3024.0,-1744.0,0,0,0
2026-03-28T04:00:00Z,DE-LU,NL,1034.0,1486.0,635.0,0,0,0
2026-03-28T04:00:00Z,DE-LU,PL,1562.0,2985.0,1237.0,0,0,0
2026-03-28T04:00:00Z,DE-LU,CZ,1201.0,1540.0,-133.0,0,0,0
2026-03-28T04:00:00Z,DE-LU,DK1,2445.0,4186.0,1823.0,0,0,0
2026-03-28T05:00:00Z,DE-LU,AT,769.0,1362.0,477.0,0,0,0
2026-03-28T05:00:00Z,DE-LU,FR,1872.0,3716.0,-2786.0,0,0,0
2026-03-28T05:00:00Z,DE-LU,NL,1114.0,1551.0,690.0,0,0,0
2026-03-28T05:00:00Z,DE-LU,PL,765.0,2286.0,845.0,7.46,0,0
2026-03-28T05:00:00Z,DE-LU,CZ,3139.0,3584.0,-973.0,0,0,2.0
2026-03-28T05:00:00Z,DE-LU,DK1,1426.0,2568.0,-1696.0,0,0,0
2026-03-28T06:00:00Z,DE-LU,AT,3769.0,4381.0,-1635.0,0,0,0
2026-03-28T06:00:00Z,DE-LU,FR,2851.0,3637.0,-2809.0,0,0,0
2026-03-28T06:00:00Z,DE-LU,NL,2496.0,3027.0,707.0,0,0,0
2026-03-28T06:00:00Z,DE-LU,PL,2616.0,3374.0,-1560.0,0,0,0
2026-03-28T06:00:00Z,DE-LU,CZ,1587.0,2433.0,-1281.0,0,0,0
2026-03-28T06:00:00Z,DE-LU,DK1,820.0,1360.0,-1071.0,0,0,0
2026-03-28T07:00:00Z,DE-LU,AT,3943.0,4419.0,-2760.0,0,0,0
2026-03-28T07:00:00Z,DE-LU,FR,4158.0,4437.0,3000.0,0,0,0
2026-03-28T07:00:00Z,DE-LU,NL,1655.0,2580.0,-1889.0,0,0,0
2026-03-28T07:00:00Z,DE-LU,PL,1544.0,2415.0,249.0,0,0,0
2026-03-28T07:00:00Z,DE-LU,CZ,343.0,1091.0,-692.0,0,0,0
2026-03-28T07:00:00Z,DE-LU,DK1,947.0,1168.0,32.0,0,0,0
2026-03-28T08:00:00Z,DE-LU,AT,1309.0,2598.0,-1472.0,0,0,1.0
2026-03-28T08:00:00Z,DE-LU,FR,1726.0,3061.0,495.0,0,0,0
2026-03-28T08:00:00Z,DE-LU,NL,1118.0,2240.0,1290.0,0,0,0
2026-03-28T08:00:00Z,DE-LU,PL,1372.0,4282.0,2568.0,2.68,27.0,0
2026-03-28T08:00:00Z,DE-LU,CZ,2229.0,3770.0,-864.0,0,0,0
2026-03-28T08:00:00Z,DE-LU,DK1,2818.0,3274.0,2375.0,0,0,0
2026-03-28T09:00:00Z,DE-LU,AT,1161.0,1914.0,-910.0,0,0,27.0
2026-03-28T09:00:00Z,DE-LU,FR,940.0,1060.0,-576.0,0,0,0
2026-03-28T09:00:00Z,DE-LU,NL,2560.0,4040.0,-556.0,0,0,0
2026-03-28T09:00:00Z,DE-LU,PL,850.0,2816.0,554.0,0.52,0,0
2026-03-28T09:00:00Z,DE-LU,CZ,2331.0,2804.0,1677.0,0,0,0
2026-03-28T09:00:00Z,DE-LU,DK1,2604.0,3263.0,2308.0,0,0,0
2026-03-28T10:00:00Z,DE-LU,AT,1494.0,3608.0,-1580.0,0,0,0
2026-03-28T10:00:00Z,DE-LU,FR,637.0,1243.0,-927.0,0,0,0
2026-03-28T10:00:00Z,DE-LU,NL,1384.0,1706.0,59.0,0,0,0
2026-03-28T10:00:00Z,DE-LU,PL,1905.0,2318.0,491.0,0,0,0
2026-03-28T10:00:00Z,DE-LU,CZ,1314.0,3578.0,1146.0,0,0,0
2026-03-28T10:00:00Z,DE-LU,DK1,1701.0,1815.0,1268.0,0,0,0
2026-03-28T11:00:00Z,DE-LU,AT,533.0,981.0,-374.0,0,0,0
2026-03-28T11:00:00Z,DE-LU,FR,991.0,1124.0,-370.0,0,0,0
2026-03-28T11:00:00Z,DE-LU,NL,617.0,1915.0,476.0,0.36,1.0,0
2026-03-28T11:00:00Z,DE-LU,PL,1469.0,2459.0,1010.0,0,0,0
2026-03-28T11:00:00Z,DE-LU,CZ,333.0,836.0,-400.0,4.02,88.0,0
2026-03-28T11:00:00Z,DE-LU,DK1,1322.0,1626.0,-1034.0,0,0,0
2026-03-28T12:00:00Z,DE-LU,AT,777.0,2476.0,819.0,3.86,0,0
2026-03-28T12:00:00Z,DE-LU,FR,1052.0,2284.0,1178.0,0,0,0
2026-03-28T12:00:00Z,DE-LU,NL,616.0,1684.0,656.0,0,0,0
2026-03-28T12:00:00Z,DE-LU,PL,4059.0,4300.0,308.0,0,0,0
2026-03-28T12:00:00Z,DE-LU,CZ,2209.0,2425.0,-624.0,0,0,0
2026-03-28T12:00:00Z,DE-LU,DK1,1830.0,3156.0,2304.0,0,0,0
2026-03-28T13:00:00Z,DE-LU,AT,3412.0,4477.0,-2375.0,0,0,0
2026-03-28T13:00:00Z,DE-LU,FR,2410.0,2824.0,66.0,0,0,0
2026-03-28T13:00:00Z,DE-LU,NL,849.0,898.0,-589.0,0,0,0
2026-03-28T13:00:00Z,DE-LU,PL,1076.0,1163.0,566.0,0,0,0
2026-03-28T13:00:00Z,DE-LU,CZ,1845.0,4026.0,2386.0,0,0,0
2026-03-28T13:00:00Z,DE-LU,DK1,1356.0,3286.0,-102.0,0,0,0
2026-03-28T14:00:00Z,DE-LU,AT,423.0,813.0,265.0,0,0,0
2026-03-28T14:00:00Z,DE-LU,FR,2056.0,3729.0,-2466.0,0,0,0
2026-03-28T14:00:00Z,DE-LU,NL,1575.0,2067.0,-248.0,0,0,0
2026-03-28T14:00:00Z,DE-LU,PL,1747.0,2474.0,-1609.0,0,0,0
2026-03-28T14:00:00Z,DE-LU,CZ,1279.0,1483.0,-491.0,0,0,0
2026-03-28T14:00:00Z,DE-LU,DK1,1086.0,2779.0,1181.0,0,0,6.0
2026-03-28T15:00:00Z,DE-LU,AT,933.0,1168.0,330.0,0,0,0
2026-03-28T15:00:00Z,DE-LU,FR,1332.0,2537.0,-1627.0,0,0,0
2026-03-28T15:00:00Z,DE-LU,NL,1471.0,2665.0,-823.0,0,0,0
2026-03-28T15:00:00Z,DE-LU,PL,2288.0,2718.0,-668.0,0,0,0
2026-03-28T15:00:00Z,DE-LU,CZ,1584.0,2637.0,-986.0,0,0,0
2026-03-28T15:00:00Z,DE-LU,DK1,879.0,998.0,191.0,0,0,0
2026-03-28T16:00:00Z,DE-LU,AT,1097.0,2809.0,2173.0,4.72,15.0,0
2026-03-28T16:00:00Z,DE-LU,FR,2674.0,4423.0,-2309.0,0,0,0
2026-03-28T16:00:00Z,DE-LU,NL,1299.0,4042.0,-2474.0,0,0,0
2026-03-28T16:00:00Z,DE-LU,PL,417.0,1018.0,281.0,0,0,0
2026-03-28T16:00:00Z,DE-LU,CZ,1664.0,1931.0,550.0,0,0,0
2026-03-28T16:00:00Z,DE-LU,DK1,3127.0,3847.0,2471.0,0,0,0
2026-03-28T17:00:00Z,DE-LU,AT,2642.0,4130.0,-1542.0,0,0,0
2026-03-28T17:00:00Z,DE-LU,FR,1411.0,2562.0,631.0,0,0,0
2026-03-28T17:00:00Z,DE-LU,NL,1641.0,3849.0,-1030.0,0,0,0
2026-03-28T17:00:00Z,DE-LU,PL,2275.0,2743.0,-1780.0,0,0,0
2026-03-28T17:00:00Z,DE-LU,CZ,1558.0,2133.0,-565.0,0,0,0
2026-03-28T17:00:00Z,DE-LU,DK1,3066.0,3725.0,-388.0,0,0,0
2026-03-28T18:00:00Z,DE-LU,AT,931.0,1815.0,-898.0,0,0,0
2026-03-28T18:00:00Z,DE-LU,FR,2591.0,2797.0,-1029.0,0,0,0
2026-03-28T18:00:00Z,DE-LU,NL,1108.0,1271.0,119.0,0,0,0
2026-03-28T18:00:00Z,DE-LU,PL,763.0,2162.0,1052.0,0,0,0
2026-03-28T18:00:00Z,DE-LU,CZ,2066.0,3427.0,1503.0,0,0,0
2026-03-28T18:00:00Z,DE-LU,DK1,2555.0,2935.0,1822.0,0,0,0
2026-03-28T19:00:00Z,DE-LU,AT,1394.0,2930.0,93.0,0,0,0
2026-03-28T19:00:00Z,DE-LU,FR,1620.0,2880.0,-223.0,0,0,0
2026-03-28T19:00:00Z,DE-LU,NL,2769.0,2931.0,1178.0,0,0,0
2026-03-28T19:00:00Z,DE-LU,PL,1468.0,3844.0,-2362.0,0.51,1.0,0
2026-03-28T19:00:00Z,DE-LU,CZ,2119.0,2603.0,-103.0,0,0,0
2026-03-28T19:00:00Z,DE-LU,DK1,1106.0,1812.0,-1203.0,0,0,0
2026-03-28T20:00:00Z,DE-LU,AT,1582.0,4188.0,-2868.0,1.2,0,0
2026-03-28T20:00:00Z,DE-LU,FR,1122.0,3731.0,744.0,0.8,17.0,0
2026-03-28T20:00:00Z,DE-LU,NL,1307.0,2340.0,468.0,0,0,0
2026-03-28T20:00:00Z,DE-LU,PL,1254.0,4054.0,791.0,2.95,0,0
2026-03-28T20:00:00Z,DE-LU,CZ,387.0,887.0,141.0,0,0,0
2026-03-28T20:00:00Z,DE-LU,DK1,3228.0,4358.0,-2883.0,0,0,0
2026-03-28T21:00:00Z,DE-LU,AT,2069.0,2238.0,610.0,0,0,0
2026-03-28T21:00:00Z,DE-LU,FR,1435.0,2624.0,2051.0,0,0,0
2026-03-28T21:00:00Z,DE-LU,NL,1643.0,3595.0,-774.0,0,0,0
2026-03-28T21:00:00Z,DE-LU,PL,1007.0,1430.0,394.0,0,0,0
2026-03-28T21:00:00Z,DE-LU,CZ,508.0,1085.0,-592.0,0,0,0
2026-03-28T21:00:00Z,DE-LU,DK1,2258.0,2828.0,1345.0,0,0,0
2026-03-28T22:00:00Z,DE-LU,AT,1241.0,1897.0,-788.0,0,0,0
2026-03-28T22:00:00Z,DE-LU,FR,1842.0,3043.0,162.0,0,0,0
2026-03-28T22:00:00Z,DE-LU,NL,1795.0,3368.0,1722.0,0,0,0
2026-03-28T22:00:00Z,DE-LU,PL,2619.0,2833.0,-681.0,0,0,0
2026-03-28T22:00:00Z,DE-LU,CZ,2165.0,4104.0,-2229.0,0,0,0
2026-03-28T22:00:00Z,DE-LU,DK1,1745.0,3961.0,-1883.0,0,0,31.0
2026-03-28T23:00:00Z,DE-LU,AT,482.0,859.0,-636.0,0,0,0
2026-03-28T23:00:00Z,DE-LU,FR,1777.0,3832.0,2063.0,0,0,0
2026-03-28T23:00:00Z,DE-LU,NL,2043.0,4327.0,2903.0,0,0,0
2026-03-28T23:00:00Z,DE-LU,PL,1689.0,1812.0,700.0,0,0,0
2026-03-28T23:00:00Z,DE-LU,CZ,529.0,1659.0,-794.0,0,0,0
2026-03-28T23:00:00Z,DE-LU,DK1,2313.0,3394.0,2102.0,0,0,0
2026-03-29T00:00:00Z,DE-LU,AT,845.0,1537.0,-1134.0,0,0,0
2026-03-29T00:00:00Z,DE-LU,FR,1198.0,2567.0,102.0,0,0,0
2026-03-29T00:00:00Z,DE-LU,NL,1057.0,1322.0,-1014.0,0,0,0
2026-03-29T00:00:00Z,DE-LU,PL,1590.0,2874.0,1764.0,0,0,0
2026-03-29T00:00:00Z,DE-LU,CZ,2284.0,3529.0,-353.0,0,0,0
2026-03-29T00:00:00Z,DE-LU,DK1,1627.0,2803.0,-793.0,0,0,0
2026-03-29T01:00:00Z,DE-LU,AT,829.0,985.0,-304.0,0,0,0
2026-03-29T01:00:00Z,DE-LU,FR,899.0,1019.0,631.0,0,0,0
2026-03-29T01:00:00Z,DE-LU,NL,712.0,1436.0,-519.0,0,0,0
2026-03-29T01:00:00Z,DE-LU,PL,1113.0,3434.0,-634.0,6.94,65.0,0
2026-03-29T01:00:00Z,DE-LU,CZ,2562.0,2945.0,887.0,0,0,0
2026-03-29T01:00:00Z,DE-LU,DK1,1172.0,1341.0,-709.0,0,0,0
2026-03-29T02:00:00Z,DE-LU,AT,2090.0,3638.0,-312.0,0,0,0
2026-03-29T02:00:00Z,DE-LU,FR,2277.0,4117.0,687.0,0,0,0
2026-03-29T02:00:00Z,DE-LU,NL,376.0,1144.0,-5.0,0,0,0
2026-03-29T02:00:00Z,DE-LU,PL,2422.0,2611.0,237.0,0,0,0
2026-03-29T02:00:00Z,DE-LU,CZ,625.0,906.0,-167.0,0,0,0
2026-03-29T02:00:00Z,DE-LU,DK1,1566.0,2727.0,174.0,0,0,0
2026-03-29T03:00:00Z,DE-LU,AT,1699.0,1955.0,1020.0,0,0,38.0
2026-03-29T03:00:00Z,DE-LU,FR,803.0,856.0,348.0,0,0,0
2026-03-29T03:00:00Z,DE-LU,NL,1172.0,2461.0,-490.0,0,0,0
2026-03-29T03:00:00Z,DE-LU,PL,686.0,1008.0,-252.0,0,0,0
2026-03-29T03:00:00Z,DE-LU,CZ,2153.0,3443.0,938.0,0,0,0
2026-03-29T03:00:00Z,DE-LU,DK1,778.0,1056.0,-248.0,0,0,0
2026-03-29T04:00:00Z,DE-LU,AT,2461.0,3352.0,2653.0,0,0,0
2026-03-29T04:00:00Z,DE-LU,FR,2152.0,4362.0,-2003.0,0,0,0
2026-03-29T04:00:00Z,DE-LU,NL,528.0,1094.0,185.0,0,0,0
2026-03-29T04:00:00Z,DE-LU,PL,3197.0,3417.0,-1315.0,0,0,0
2026-03-29T04:00:00Z,DE-LU,CZ,897.0,2381.0,270.0,5.27,67.0,0
2026-03-29T04:00:00Z,DE-LU,DK1,1969.0,3306.0,-1780.0,0,0,0
2026-03-29T05:00:00Z,DE-LU,AT,602.0,1269.0,287.0,0,0,0
2026-03-29T05:00:00Z,DE-LU,FR,1004.0,1293.0,-643.0,0,0,0
2026-03-29T05:00:00Z,DE-LU,NL,2118.0,3121.0,1279.0,0,0,2.0
2026-03-29T05:00:00Z,DE-LU,PL,1658.0,3644.0,602.0,0,0,0
2026-03-29T05:00:00Z,DE-LU,CZ,1340.0,1456.0,414.0,0,0,0
2026-03-29T05:00:00Z,DE-LU,DK1,1563.0,2570.0,-946.0,0,0,0
2026-03-29T06:00:00Z,DE-LU,AT,1739.0,4479.0,692.0,0,0,0
2026-03-29T06:00:00Z,DE-LU,FR,1066.0,1193.0,719.0,0,0,0
2026-03-29T06:00:00Z,DE-LU,NL,3168.0,3466.0,-2265.0,0,0,0
2026-03-29T06:00:00Z,DE-LU,PL,1578.0,2292.0,472.0,0,0,0
2026-03-29T06:00:00Z,DE-LU,CZ,906.0,1146.0,-826.0,0,0,0
2026-03-29T06:00:00Z,DE-LU,DK1,3142.0,3861.0,-1967.0,0,0,0
2026-03-29T07:00:00Z,DE-LU,AT,1180.0,2502.0,412.0,0,0,0
2026-03-29T07:00:00Z,DE-LU,FR,1170.0,3040.0,-564.0,0,0,0
2026-03-29T07:00:00Z,DE-LU,NL,1705.0,1976.0,828.0,0,0,0
2026-03-29T07:00:00Z,DE-LU,PL,1400.0,2799.0,-1445.0,0,0,0
2026-03-29T07:00:00Z,DE-LU,CZ,2157.0,2815.0,208.0,0,0,0
2026-03-29T07:00:00Z,DE-LU,DK1,2915.0,3608.0,-2058.0,0,0,0
2026-03-29T08:00:00Z,DE-LU,AT,2142.0,3428.0,1972.0,0,0,0
2026-03-29T08:00:00Z,DE-LU,FR,1276.0,3183.0,-1279.0,0,0,0
2026-03-29T08:00:00Z,DE-LU,NL,3316.0,4132.0,2738.0,0,0,0
2026-03-29T08:00:00Z,DE-LU,PL,2853.0,4008.0,264.0,0,0,0
2026-03-29T08:00:00Z,DE-LU,CZ,522.0,1556.0,-770.0,2.64,0,0
2026-03-29T08:00:00Z,DE-LU,DK1,1179.0,3372.0,503.0,0,0,0
2026-03-29T09:00:00Z,DE-LU,AT,1447.0,4143.0,-1430.0,0,0,0
2026-03-29T09:00:00Z,DE-LU,FR,990.0,2048.0,-1592.0,0,0,0
2026-03-29T09:00:00Z,DE-LU,NL,3427.0,3968.0,-2215.0,0,0,0
2026-03-29T09:00:00Z,DE-LU,PL,2933.0,3474.0,1849.0,0,0,0
2026-03-29T09:00:00Z,DE-LU,CZ,441.0,923.0,38.0,0,0,0
2026-03-29T09:00:00Z,DE-LU,DK1,1951.0,2756.0,1783.0,0,0,0
2026-03-29T10:00:00Z,DE-LU,AT,849.0,1241.0,485.0,0,0,0
2026-03-29T10:00:00Z,DE-LU,FR,3621.0,4015.0,-2644.0,0,0,0
2026-03-29T10:00:00Z,DE-LU,NL,2695.0,3187.0,1680.0,0,0,0
2026-03-29T10:00:00Z,DE-LU,PL,808.0,1256.0,-376.0,0,0,0
2026-03-29T10:00:00Z,DE-LU,CZ,3221.0,3705.0,2778.0,0,0,0
2026-03-29T10:00:00Z,DE-LU,DK1,773.0,887.0,-523.0,0,0,0
2026-03-29T11:00:00Z,DE-LU,AT,1633.0,2430.0,581.0,0,0,0
2026-03-29T11:00:00Z,DE-LU,FR,2372.0,4206.0,-1564.0,0,0,0
2026-03-29T11:00:00Z,DE-LU,NL,1386.0,1852.0,-779.0,0,0,0
2026-03-29T11:00:00Z,DE-LU,PL,1510.0,2945.0,-1114.0,0,0,0
2026-03-29T11:00:00Z,DE-LU,CZ,629.0,1593.0,608.0,5.19,0,0
2026-03-29T11:00:00Z,DE-LU,DK1,1636.0,3487.0,784.0,0,0,0
2026-03-29T12:00:00Z,DE-LU,AT,1106.0,2087.0,724.0,0,0,0
2026-03-29T12:00:00Z,DE-LU,FR,2132.0,4358.0,2906.0,0,0,0
2026-03-29T12:00:00Z,DE-LU,NL,2453.0,3741.0,2265.0,0,0,0
2026-03-29T12:00:00Z,DE-LU,PL,2437.0,4174.0,-3186.0,0,0,0
2026-03-29T12:00:00Z,DE-LU,CZ,2742.0,3896.0,2713.0,0,0,0
2026-03-29T12:00:00Z,DE-LU,DK1,1309.0,1646.0,634.0,0,0,0
2026-03-29T13:00:00Z,DE-LU,AT,1714.0,2894.0,228.0,0,0,0
2026-03-29T13:00:00Z,DE-LU,FR,1423.0,4342.0,-2772.0,0,0,0
2026-03-29T13:00:00Z,DE-LU,NL,3445.0,4413.0,-1433.0,0,0,0
2026-03-29T13:00:00Z,DE-LU,PL,808.0,2099.0,-727.0,0.62,14.0,0
2026-03-29T13:00:00Z,DE-LU,CZ,1479.0,2802.0,1771.0,0,0,0
2026-03-29T13:00:00Z,DE-LU,DK1,2324.0,2936.0,1866.0,0,0,0
2026-03-29T14:00:00Z,DE-LU,AT,2299.0,4471.0,-3217.0,0,0,0
2026-03-29T14:00:00Z,DE-LU,FR,1552.0,2504.0,-732.0,0,0,0
2026-03-29T14:00:00Z,DE-LU,NL,3500.0,4227.0,-2049.0,0,0,0
2026-03-29T14:00:00Z,DE-LU,PL,1692.0,2399.0,-1908.0,0,0,0
2026-03-29T14:00:00Z,DE-LU,CZ,502.0,1022.0,230.0,0,0,0
2026-03-29T14:00:00Z,DE-LU,DK1,1257.0,1330.0,983.0,0,0,0
2026-03-29T15:00:00Z,DE-LU,AT,864.0,1745.0,-433.0,0,0,0
2026-03-29T15:00:00Z,DE-LU,FR,1986.0,3092.0,-1459.0,0,0,0
2026-03-29T15:00:00Z,DE-LU,NL,513.0,1082.0,808.0,0,0,0
2026-03-29T15:00:00Z,DE-LU,PL,803.0,1735.0,-485.0,0,0,0
2026-03-29T15:00:00Z,DE-LU,CZ,305.0,956.0,113.0,3.54,9.0,0
2026-03-29T15:00:00Z,DE-LU,DK1,1756.0,2145.0,1512.0,0,0,0
2026-03-29T16:00:00Z,DE-LU,AT,3185.0,4012.0,-1511.0,0,0,0
2026-03-29T16:00:00Z,DE-LU,FR,1270.0,1670.0,-910.0,0,0,0
2026-03-29T16:00:00Z,DE-LU,NL,901.0,967.0,-508.0,0,0,0
2026-03-29T16:00:00Z,DE-LU,PL,1445.0,4191.0,-605.0,0,0,0
2026-03-29T16:00:00Z,DE-LU,CZ,3303.0,3729.0,2198.0,0,0,0
2026-03-29T16:00:00Z,DE-LU,DK1,2643.0,3469.0,-1853.0,0,0,19.0
2026-03-29T17:00:00Z,DE-LU,AT,1322.0,2307.0,-1253.0,0,0,0
2026-03-29T17:00:00Z,DE-LU,FR,1743.0,3092.0,1470.0,0,0,0
2026-03-29T17:00:00Z,DE-LU,NL,674.0,1652.0,-336.0,0,0,0
2026-03-29T17:00:00Z,DE-LU,PL,2787.0,3719.0,345.0,0,0,0
2026-03-29T17:00:00Z,DE-LU,CZ,2496.0,2814.0,-1096.0,0,0,0
2026-03-29T17:00:00Z,DE-LU,DK1,1717.0,2715.0,1686.0,0,0,0
2026-03-29T18:00:00Z,DE-LU,AT,2313.0,3590.0,-1732.0,0,0,0
2026-03-29T18:00:00Z,DE-LU,FR,2755.0,3953.0,-1309.0,0,0,0
2026-03-29T18:00:00Z,DE-LU,NL,2916.0,3274.0,-564.0,0,0,0
2026-03-29T18:00:00Z,DE-LU,PL,1541.0,1935.0,-212.0,0,0,0
2026-03-29T18:00:00Z,DE-LU,CZ,2552.0,3708.0,2514.0,0,0,0
2026-03-29T18:00:00Z,DE-LU,DK1,725.0,1778.0,891.0,0,0,0
2026-03-29T19:00:00Z,DE-LU,AT,1924.0,4454.0,-1961.0,0,0,0
2026-03-29T19:00:00Z,DE-LU,FR,2719.0,3374.0,2392.0,0,0,0
2026-03-29T19:00:00Z,DE-LU,NL,2492.0,3813.0,-2114.0,0,0,0
2026-03-29T19:00:00Z,DE-LU,PL,1321.0,4124.0,-3020.0,0,0,0
2026-03-29T19:00:00Z,DE-LU,CZ,1193.0,3608.0,-1140.0,3.73,32.0,0
2026-03-29T19:00:00Z,DE-LU,DK1,2542.0,3586.0,-2803.0,0,0,0
2026-03-29T20:00:00Z,DE-LU,AT,1150.0,1640.0,-285.0,0,0,4.0
2026-03-29T20:00:00Z,DE-LU,FR,549.0,873.0,-541.0,0,0,0
2026-03-29T20:00:00Z,DE-LU,NL,1256.0,4070.0,998.0,0,0,0
2026-03-29T20:00:00Z,DE-LU,PL,2281.0,2680.0,2073.0,0,0,0
2026-03-29T20:00:00Z,DE-LU,CZ,2225.0,3787.0,110.0,0,0,0
2026-03-29T20:00:00Z,DE-LU,DK1,1024.0,1931.0,1120.0,0,0,0
2026-03-29T21:00:00Z,DE-LU,AT,1272.0,4152.0,2869.0,0,0,0
2026-03-29T21:00:00Z,DE-LU,FR,2254.0,2765.0,147.0,0,0,0
2026-03-29T21:00:00Z,DE-LU,NL,1735.0,1876.0,-645.0,0,0,0
2026-03-29T21:00:00Z,DE-LU,PL,1513.0,2953.0,-208.0,0,0,0
2026-03-29T21:00:00Z,DE-LU,CZ,2483.0,2623.0,-884.0,0,0,0
2026-03-29T21:00:00Z,DE-LU,DK1,1459.0,3849.0,1338.0,2.31,0,0
2026-03-29T22:00:00Z,DE-LU,AT,1124.0,2829.0,156.0,0,0,14.0
2026-03-29T22:00:00Z,DE-LU,FR,744.0,1865.0,-862.0,3.52,11.0,0
2026-03-29T22:00:00Z,DE-LU,NL,992.0,3019.0,-1081.0,1.47,0,0
2026-03-29T22:00:00Z,DE-LU,PL,956.0,1155.0,-885.0,0,0,0
2026-03-29T22:00:00Z,DE-LU,CZ,657.0,1001.0,-130.0,0,0,0
2026-03-29T22:00:00Z,DE-LU,DK1,1868.0,2364.0,-1547.0,0,0,0
2026-03-29T23:00:00Z,DE-LU,AT,2294.0,3911.0,-174.0,0,0,0
2026-03-29T23:00:00Z,DE-LU,FR,1617.0,4104.0,114.0,0,0,0
2026-03-29T23:00:00Z,DE-LU,NL,1314.0,1679.0,-601.0,0,0,0
2026-03-29T23:00:00Z,DE-LU,PL,1367.0,1897.0,265.0,0,0,0
2026-03-29T23:00:00Z,DE-LU,CZ,714.0,2240.0,1602.0,0.23,45.0,0
2026-03-29T23:00:00Z,DE-LU,DK1,639.0,1483.0,343.0,0,0,0
2026-03-30T00:00:00Z,DE-LU,AT,2611.0,4114.0,-1225.0,0,0,0
2026-03-30T00:00:00Z,DE-LU,FR,1493.0,1840.0,-828.0,0,0,0
2026-03-30T00:00:00Z,DE-LU,NL,1679.0,2446.0,-1596.0,0,0,0
2026-03-30T00:00:00Z,DE-LU,PL,2219.0,3030.0,1755.0,0,0,0
2026-03-30T00:00:00Z,DE-LU,CZ,805.0,1015.0,595.0,0,0,0
2026-03-30T00:00:00Z,DE-LU,DK1,2550.0,3577.0,1629.0,0,0,0
2026-03-30T01:00:00Z,DE-LU,AT,613.0,851.0,187.0,0,0,0
2026-03-30T01:00:00Z,DE-LU,FR,1835.0,2504.0,1265.0,0,0,0
2026-03-30T01:00:00Z,DE-LU,NL,1066.0,1284.0,-606.0,0,0,0
2026-03-30T01:00:00Z,DE-LU,PL,1669.0,3372.0,953.0,0,0,0
2026-03-30T01:00:00Z,DE-LU,CZ,1542.0,1633.0,640.0,0,0,0
2026-03-30T01:00:00Z,DE-LU,DK1,795.0,1801.0,850.0,0,0,0
2026-03-30T02:00:00Z,DE-LU,AT,896.0,2253.0,-50.0,2.12,31.0,0
2026-03-30T02:00:00Z,DE-LU,FR,1212.0,2087.0,-1357.0,0,0,0
2026-03-30T02:00:00Z,DE-LU,NL,1260.0,2280.0,-873.0,0,0,0
2026-03-30T02:00:00Z,DE-LU,PL,650.0,1633.0,-400.0,0,0,0
2026-03-30T02:00:00Z,DE-LU,CZ,1388.0,2099.0,85.0,0,0,0
2026-03-30T02:00:00Z,DE-LU,DK1,940.0,1676.0,-860.0,0,0,0
2026-03-30T03:00:00Z,DE-LU,AT,940.0,1283.0,-8.0,0,0,0
2026-03-30T03:00:00Z,DE-LU,FR,1323.0,3862.0,-2969.0,3.33,20.0,0
2026-03-30T03:00:00Z,DE-LU,NL,1736.0,2582.0,-576.0,0,0,0
2026-03-30T03:00:00Z,DE-LU,PL,1783.0,1933.0,1421.0,0,0,0
2026-03-30T03:00:00Z,DE-LU,CZ,904.0,2282.0,147.0,0,0,0
2026-03-30T03:00:00Z,DE-LU,DK1,633.0,1598.0,905.0,0,0,0
2026-03-30T04:00:00Z,DE-LU,AT,1012.0,1386.0,-106.0,0,0,0
2026-03-30T04:00:00Z,DE-LU,FR,2126.0,2917.0,1932.0,0,0,0
2026-03-30T04:00:00Z,DE-LU,NL,1413.0,3287.0,-654.0,0,0,0
2026-03-30T04:00:00Z,DE-LU,PL,1199.0,3420.0,1045.0,7.33,0,0
2026-03-30T04:00:00Z,DE-LU,CZ,2023.0,2274.0,1268.0,0,0,0
2026-03-30T04:00:00Z,DE-LU,DK1,1696.0,2125.0,847.0,0,0,0
2026-03-30T05:00:00Z,DE-LU,AT,1379.0,3307.0,-1854.0,0,0,0
2026-03-30T05:00:00Z,DE-LU,FR,979.0,1317.0,-554.0,0,0,0
2026-03-30T05:00:00Z,DE-LU,NL,995.0,3178.0,-1407.0,1.78,0,0
2026-03-30T05:00:00Z,DE-LU,PL,2848.0,3608.0,-2573.0,0,0,0
2026-03-30T05:00:00Z,DE-LU,CZ,1590.0,2462.0,-1014.0,0,0,0
2026-03-30T05:00:00Z,DE-LU,DK1,1795.0,2175.0,1689.0,0,0,0
2026-03-30T06:00:00Z,DE-LU,AT,1283.0,2228.0,-59.0,0,0,0
2026-03-30T06:00:00Z,DE-LU,FR,714.0,964.0,-155.0,0,0,0
2026-03-30T06:00:00Z,DE-LU,NL,3509.0,4208.0,87.0,0,0,0
2026-03-30T06:00:00Z,DE-LU,PL,1327.0,1572.0,-932.0,0,0,40.0
2026-03-30T06:00:00Z,DE-LU,CZ,3519.0,4414.0,798.0,0,0,0
2026-03-30T06:00:00Z,DE-LU,DK1,1129.0,1751.0,-1132.0,0,0,0
2026-03-30T07:00:00Z,DE-LU,AT,3261.0,4133.0,-2531.0,0,0,0
2026-03-30T07:00:00Z,DE-LU,FR,692.0,1619.0,1243.0,0,0,0
2026-03-30T07:00:00Z,DE-LU,NL,2497.0,3163.0,-464.0,0,0,0
2026-03-30T07:00:00Z,DE-LU,PL,2102.0,3504.0,756.0,0,0,0
2026-03-30T07:00:00Z,DE-LU,CZ,1289.0,2741.0,1660.0,0,0,0
2026-03-30T07:00:00Z,DE-LU,DK1,776.0,1381.0,388.0,0,0,0
2026-03-30T08:00:00Z,DE-LU,AT,1085.0,3524.0,-1089.0,0,0,0
2026-03-30T08:00:00Z,DE-LU,FR,322.0,823.0,325.0,0,0,0
2026-03-30T08:00:00Z,DE-LU,NL,2130.0,2847.0,733.0,0,0,0
2026-03-30T08:00:00Z,DE-LU,PL,2440.0,4069.0,2112.0,0,0,0
2026-03-30T08:00:00Z,DE-LU,CZ,810.0,1656.0,-336.0,0,0,0
2026-03-30T08:00:00Z,DE-LU,DK1,1110.0,1559.0,1125.0,0,0,0
2026-03-30T09:00:00Z,DE-LU,AT,1521.0,2010.0,-404.0,0,0,0
2026-03-30T09:00:00Z,DE-LU,FR,863.0,933.0,737.0,0,0,0
2026-03-30T09:00:00Z,DE-LU,NL,1160.0,3455.0,1398.0,0,0,0
2026-03-30T09:00:00Z,DE-LU,PL,874.0,928.0,466.0,0,0,0
2026-03-30T09:00:00Z,DE-LU,CZ,1106.0,2915.0,298.0,0,0,0
2026-03-30T09:00:00Z,DE-LU,DK1,863.0,1699.0,861.0,0,0,0
2026-03-30T10:00:00Z,DE-LU,AT,2625.0,2796.0,-444.0,0,0,0
2026-03-30T10:00:00Z,DE-LU,FR,1369.0,3439.0,1602.0,0,0,0
2026-03-30T10:00:00Z,DE-LU,NL,2737.0,3875.0,1332.0,0,0,0
2026-03-30T10:00:00Z,DE-LU,PL,3521.0,4417.0,-2439.0,0,0,0
2026-03-30T10:00:00Z,DE-LU,CZ,2483.0,2827.0,2161.0,0,0,0
2026-03-30T10:00:00Z,DE-LU,DK1,1258.0,3022.0,1841.0,0,0,0
2026-03-30T11:00:00Z,DE-LU,AT,2072.0,2565.0,-746.0,0,0,0
2026-03-30T11:00:00Z,DE-LU,FR,2103.0,2669.0,-1972.0,0,0,0
2026-03-30T11:00:00Z,DE-LU,NL,2421.0,4200.0,-2428.0,0,0,0
2026-03-30T11:00:00Z,DE-LU,PL,1297.0,3319.0,-2440.0,11.26,0,0
2026-03-30T11:00:00Z,DE-LU,CZ,713.0,2243.0,-1197.0,0,0,0
2026-03-30T11:00:00Z,DE-LU,DK1,1458.0,2219.0,120.0,0,0,0
2026-03-30T12:00:00Z,DE-LU,AT,2155.0,2723.0,-104.0,0,0,0
2026-03-30T12:00:00Z,DE-LU,FR,1271.0,1420.0,619.0,0,0,0
2026-03-30T12:00:00Z,DE-LU,NL,3687.0,4272.0,3169.0,0,0,17.0
2026-03-30T12:00:00Z,DE-LU,PL,1723.0,2022.0,-735.0,0,0,0
2026-03-30T12:00:00Z,DE-LU,CZ,2220.0,3253.0,-2394.0,0,0,0
2026-03-30T12:00:00Z,DE-LU,DK1,492.0,903.0,361.0,0,0,0
2026-03-30T13:00:00Z,DE-LU,AT,3298.0,3689.0,-1057.0,0,0,0
2026-03-30T13:00:00Z,DE-LU,FR,760.0,1997.0,127.0,0,0,0
2026-03-30T13:00:00Z,DE-LU,NL,3147.0,3744.0,105.0,0,0,0
2026-03-30T13:00:00Z,DE-LU,PL,1300.0,2534.0,-385.0,0,0,17.0
2026-03-30T13:00:00Z,DE-LU,CZ,813.0,1506.0,354.0,0,0,0
2026-03-30T13:00:00Z,DE-LU,DK1,1356.0,4123.0,-701.0,9.19,0,0
2026-03-30T14:00:00Z,DE-LU,AT,1331.0,1918.0,975.0,0,0,0
2026-03-30T14:00:00Z,DE-LU,FR,1626.0,2060.0,375.0,0,0,0
2026-03-30T14:00:00Z,DE-LU,NL,717.0,1921.0,-1251.0,8.46,52.0,0
2026-03-30T14:00:00Z,DE-LU,PL,794.0,2200.0,-542.0,0,0,0
2026-03-30T14:00:00Z,DE-LU,CZ,1172.0,2215.0,-454.0,0,0,0
2026-03-30T14:00:00Z,DE-LU,DK1,1205.0,3664.0,-171.0,0,0,0
2026-03-30T15:00:00Z,DE-LU,AT,1814.0,3172.0,378.0,0,0,0
2026-03-30T15:00:00Z,DE-LU,FR,437.0,1429.0,8.0,0,0,0
2026-03-30T15:00:00Z,DE-LU,NL,2759.0,3146.0,1095.0,0,0,0
2026-03-30T15:00:00Z,DE-LU,PL,840.0,1502.0,963.0,0,0,0
2026-03-30T15:00:00Z,DE-LU,CZ,1314.0,2673.0,-1712.0,0,0,0
2026-03-30T15:00:00Z,DE-LU,DK1,2086.0,3825.0,-2104.0,0,0,0
2026-03-30T16:00:00Z,DE-LU,AT,350.0,891.0,148.0,0,0,0
2026-03-30T16:00:00Z,DE-LU,FR,1081.0,1410.0,247.0,0,0,0
2026-03-30T16:00:00Z,DE-LU,NL,3227.0,3462.0,1218.0,0,0,0
2026-03-30T16:00:00Z,DE-LU,PL,1485.0,2447.0,904.0,0,0,0
2026-03-30T16:00:00Z,DE-LU,CZ,1192.0,3514.0,2497.0,0,0,0
2026-03-30T16:00:00Z,DE-LU,DK1,1780.0,4226.0,2675.0,0,0,0
2026-03-30T17:00:00Z,DE-LU,AT,1272.0,2390.0,-1815.0,0,0,0
2026-03-30T17:00:00Z,DE-LU,FR,2537.0,3739.0,-1748.0,0,0,0
2026-03-30T17:00:00Z,DE-LU,NL,3060.0,4324.0,1389.0,0,0,0
2026-03-30T17:00:00Z,DE-LU,PL,1159.0,2042.0,-842.0,0,0,0
2026-03-30T17:00:00Z,DE-LU,CZ,2935.0,3563.0,-2713.0,0,0,0
2026-03-30T17:00:00Z,DE-LU,DK1,2876.0,3506.0,-599.0,0,0,0
2026-03-30T18:00:00Z,DE-LU,AT,1241.0,1973.0,733.0,0,0,0
2026-03-30T18:00:00Z,DE-LU,FR,1721.0,2545.0,1296.0,0,0,0
2026-03-30T18:00:00Z,DE-LU,NL,2774.0,3417.0,1641.0,0,0,0
2026-03-30T18:00:00Z,DE-LU,PL,3396.0,3727.0,2230.0,0,0,0
2026-03-30T18:00:00Z,DE-LU,CZ,477.0,1453.0,-224.0,0.37,0,0
2026-03-30T18:00:00Z,DE-LU,DK1,1233.0,2261.0,-1753.0,0,0,0
2026-03-30T19:00:00Z,DE-LU,AT,3265.0,3794.0,-1546.0,0,0,0
2026-03-30T19:00:00Z,DE-LU,FR,2324.0,2656.0,612.0,0,0,0
2026-03-30T19:00:00Z,DE-LU,NL,884.0,1217.0,-647.0,0,0,0
2026-03-30T19:00:00Z,DE-LU,PL,1982.0,3778.0,2042.0,0,0,0
2026-03-30T19:00:00Z,DE-LU,CZ,2938.0,3874.0,-2483.0,0,0,0
2026-03-30T19:00:00Z,DE-LU,DK1,3709.0,3912.0,-880.0,0,0,0
2026-03-30T20:00:00Z,DE-LU,AT,1462.0,2308.0,-1616.0,0,0,0
2026-03-30T20:00:00Z,DE-LU,FR,850.0,1320.0,-520.0,0,0,0
2026-03-30T20:00:00Z,DE-LU,NL,542.0,919.0,-52.0,0,0,9.0
2026-03-30T20:00:00Z,DE-LU,PL,2235.0,4229.0,2901.0,0,0,0
2026-03-30T20:00:00Z,DE-LU,CZ,1459.0,3684.0,-828.0,8.3,4.0,0
2026-03-30T20:00:00Z,DE-LU,DK1,2526.0,4197.0,-2990.0,0,0,0
2026-03-30T21:00:00Z,DE-LU,AT,1340.0,1472.0,111.0,0,0,0
2026-03-30T21:00:00Z,DE-LU,FR,1098.0,2425.0,-1214.0,0,0,0
2026-03-30T21:00:00Z,DE-LU,NL,961.0,1165.0,348.0,0,0,0
2026-03-30T21:00:00Z,DE-LU,PL,1786.0,2488.0,-976.0,0,0,0
2026-03-30T21:00:00Z,DE-LU,CZ,2119.0,4169.0,531.0,0,0,0
2026-03-30T21:00:00Z,DE-LU,DK1,821.0,1927.0,-1506.0,0,0,0
2026-03-30T22:00:00Z,DE-LU,AT,986.0,2093.0,-1403.0,0,0,0
2026-03-30T22:00:00Z,DE-LU,FR,2448.0,3412.0,-1106.0,0,0,0
2026-03-30T22:00:00Z,DE-LU,NL,1039.0,2711.0,-2159.0,0,0,0
2026-03-30T22:00:00Z,DE-LU,PL,740.0,969.0,567.0,0,0,0
2026-03-30T22:00:00Z,DE-LU,CZ,1167.0,2061.0,-293.0,0,0,0
2026-03-30T22:00:00Z,DE-LU,DK1,694.0,1617.0,1271.0,0,0,0
2026-03-30T23:00:00Z,DE-LU,AT,2908.0,4287.0,52.0,0,0,0
2026-03-30T23:00:00Z,DE-LU,FR,1105.0,1674.0,-739.0,0,0,0
2026-03-30T23:00:00Z,DE-LU,NL,1204.0,1371.0,1078.0,0,0,0
2026-03-30T23:00:00Z,DE-LU,PL,351.0,813.0,599.0,0,0,0
2026-03-30T23:00:00Z,DE-LU,CZ,707.0,1617.0,-1186.0,0,0,0
2026-03-30T23:00:00Z,DE-LU,DK1,699.0,962.0,208.0,0,0,0
2026-03-31T00:00:00Z,DE-LU,AT,874.0,1276.0,333.0,0,0,0
2026-03-31T00:00:00Z,DE-LU,FR,2305.0,3282.0,-2615.0,0,0,0
2026-03-31T00:00:00Z,DE-LU,NL,648.0,1703.0,-91.0,1.42,0,0
2026-03-31T00:00:00Z,DE-LU,PL,2204.0,2908.0,2302.0,0,0,0
2026-03-31T00:00:00Z,DE-LU,CZ,2130.0,2960.0,421.0,0,0,0
2026-03-31T00:00:00Z,DE-LU,DK1,1056.0,1366.0,-943.0,0,0,0
2026-03-31T01:00:00Z,DE-LU,AT,2213.0,3340.0,2398.0,0,0,0
2026-03-31T01:00:00Z,DE-LU,FR,1938.0,3243.0,1198.0,0,0,0
2026-03-31T01:00:00Z,DE-LU,NL,2375.0,2856.0,-1001.0,0,0,0
2026-03-31T01:00:00Z,DE-LU,PL,1651.0,3271.0,481.0,0,0,0
2026-03-31T01:00:00Z,DE-LU,CZ,1151.0,2776.0,-1626.0,0,0,0
2026-03-31T01:00:00Z,DE-LU,DK1,358.0,1093.0,-319.0,0,0,0
2026-03-31T02:00:00Z,DE-LU,AT,733.0,1034.0,-770.0,0,0,0
2026-03-31T02:00:00Z,DE-LU,FR,2344.0,4405.0,520.0,0,0,0
2026-03-31T02:00:00Z,DE-LU,NL,982.0,2904.0,-1772.0,0,0,0
2026-03-31T02:00:00Z,DE-LU,PL,343.0,1051.0,829.0,0,0,0
2026-03-31T02:00:00Z,DE-LU,CZ,3948.0,4475.0,-2349.0,0,0,0
2026-03-31T02:00:00Z,DE-LU,DK1,779.0,1298.0,622.0,0,0,0
2026-03-31T03:00:00Z,DE-LU,AT,1288.0,1749.0,890.0,0,0,0
2026-03-31T03:00:00Z,DE-LU,FR,3175.0,3478.0,-1678.0,0,0,0
2026-03-31T03:00:00Z,DE-LU,NL,391.0,963.0,-738.0,0,0,0
2026-03-31T03:00:00Z,DE-LU,PL,2695.0,4096.0,-583.0,0,0,0
2026-03-31T03:00:00Z,DE-LU,CZ,2520.0,4333.0,247.0,0,0,0
2026-03-31T03:00:00Z,DE-LU,DK1,2336.0,2779.0,2193.0,0,0,0
2026-03-31T04:00:00Z,DE-LU,AT,1174.0,1974.0,-133.0,0,0,0
2026-03-31T04:00:00Z,DE-LU,FR,1605.0,2407.0,-907.0,0,0,0
2026-03-31T04:00:00Z,DE-LU,NL,1168.0,2188.0,-1443.0,0,0,0
2026-03-31T04:00:00Z,DE-LU,PL,2684.0,3103.0,2068.0,0,0,0
2026-03-31T04:00:00Z,DE-LU,CZ,1580.0,1970.0,-606.0,0,0,0
2026-03-31T04:00:00Z,DE-LU,DK1,1038.0,1511.0,-413.0,0,0,0
2026-03-31T05:00:00Z,DE-LU,AT,2304.0,2547.0,1592.0,0,0,0
2026-03-31T05:00:00Z,DE-LU,FR,2158.0,2656.0,46.0,0,0,0
2026-03-31T05:00:00Z,DE-LU,NL,491.0,910.0,287.0,0,0,0
2026-03-31T05:00:00Z,DE-LU,PL,3052.0,3759.0,-1678.0,0,0,0
2026-03-31T05:00:00Z,DE-LU,CZ,1976.0,2827.0,-877.0,0,0,0
2026-03-31T05:00:00Z,DE-LU,DK1,1860.0,3868.0,631.0,0,0,0
2026-03-31T06:00:00Z,DE-LU,AT,3086.0,3498.0,-2633.0,0,0,0
2026-03-31T06:00:00Z,DE-LU,FR,1197.0,1347.0,328.0,0,0,0
2026-03-31T06:00:00Z,DE-LU,NL,1133.0,2092.0,1274.0,0,0,0
2026-03-31T06:00:00Z,DE-LU,PL,3161.0,4035.0,-806.0,0,0,0
2026-03-31T06:00:00Z,DE-LU,CZ,535.0,1188.0,-39.0,0,0,0
2026-03-31T06:00:00Z,DE-LU,DK1,2271.0,2566.0,1027.0,0,0,0
2026-03-31T07:00:00Z,DE-LU,AT,691.0,1220.0,278.0,0,0,0
2026-03-31T07:00:00Z,DE-LU,FR,556.0,1840.0,107.0,6.99,80.0,0
2026-03-31T07:00:00Z,DE-LU,NL,1406.0,3069.0,373.0,0,0,0
2026-03-31T07:00:00Z,DE-LU,PL,1060.0,2465.0,-762.0,0,0,0
2026-03-31T07:00:00Z,DE-LU,CZ,2309.0,2632.0,460.0,0,0,0
2026-03-31T07:00:00Z,DE-LU,DK1,3949.0,4301.0,-1305.0,0,0,0
2026-03-31T08:00:00Z,DE-LU,AT,3325.0,4469.0,2164.0,0,0,0
2026-03-31T08:00:00Z,DE-LU,FR,1096.0,1885.0,-243.0,0,0,0
2026-03-31T08:00:00Z,DE-LU,NL,1113.0,2532.0,-115.0,0,0,0
2026-03-31T08:00:00Z,DE-LU,PL,702.0,873.0,-34.0,0,0,0
2026-03-31T08:00:00Z,DE-LU,CZ,1176.0,1801.0,-573.0,0,0,0
2026-03-31T08:00:00Z,DE-LU,DK1,2061.0,2524.0,-394.0,0,0,0
2026-03-31T09:00:00Z,DE-LU,AT,1267.0,4126.0,276.0,0,0,0
2026-03-31T09:00:00Z,DE-LU,FR,920.0,2988.0,-1018.0,0,0,0
2026-03-31T09:00:00Z,DE-LU,NL,930.0,2192.0,-661.0,0,0,0
2026-03-31T09:00:00Z,DE-LU,PL,1265.0,1450.0,973.0,0,0,0
2026-03-31T09:00:00Z,DE-LU,CZ,637.0,948.0,57.0,0,0,0
2026-03-31T09:00:00Z,DE-LU,DK1,761.0,947.0,627.0,0,0,0
2026-03-31T10:00:00Z,DE-LU,AT,1249.0,2664.0,-802.0,0,0,0
2026-03-31T10:00:00Z,DE-LU,FR,3169.0,3523.0,1776.0,0,0,0
2026-03-31T10:00:00Z,DE-LU,NL,680.0,1062.0,-273.0,0,0,0
2026-03-31T10:00:00Z,DE-LU,PL,2200.0,3253.0,2298.0,0,0,0
2026-03-31T10:00:00Z,DE-LU,CZ,2173.0,2999.0,1272.0,0,0,0
2026-03-31T10:00:00Z,DE-LU,DK1,2335.0,3431.0,445.0,0,0,0
2026-03-31T11:00:00Z,DE-LU,AT,451.0,1116.0,794.0,0,0,0
2026-03-31T11:00:00Z,DE-LU,FR,2937.0,3640.0,-488.0,0,0,0
2026-03-31T11:00:00Z,DE-LU,NL,287.0,909.0,280.0,6.18,0,0
2026-03-31T11:00:00Z,DE-LU,PL,1841.0,2985.0,-227.0,0,0,0
2026-03-31T11:00:00Z,DE-LU,CZ,2273.0,2869.0,1376.0,0,0,0
2026-03-31T11:00:00Z,DE-LU,DK1,1985.0,4007.0,1103.0,0,0,0
2026-03-31T12:00:00Z,DE-LU,AT,1628.0,2808.0,-2158.0,0,0,0
2026-03-31T12:00:00Z,DE-LU,FR,1677.0,3887.0,-2195.0,0,0,0
2026-03-31T12:00:00Z,DE-LU,NL,1185.0,1840.0,-287.0,0,0,0
2026-03-31T12:00:00Z,DE-LU,PL,1206.0,1521.0,1157.0,0,0,0
2026-03-31T12:00:00Z,DE-LU,CZ,1048.0,1286.0,-40.0,0,0,0
2026-03-31T12:00:00Z,DE-LU,DK1,3288.0,3962.0,-2796.0,0,0,0
2026-03-31T13:00:00Z,DE-LU,AT,1441.0,1882.0,783.0,0,0,0
2026-03-31T13:00:00Z,DE-LU,FR,2209.0,4085.0,-3212.0,0,0,0
2026-03-31T13:00:00Z,DE-LU,NL,2196.0,3026.0,-1872.0,0,0,0
2026-03-31T13:00:00Z,DE-LU,PL,1210.0,1433.0,-984.0,0,0,0
2026-03-31T13:00:00Z,DE-LU,CZ,802.0,2482.0,668.0,5.33,57.0,6.0
2026-03-31T13:00:00Z,DE-LU,DK1,636.0,2058.0,-1603.0,7.4,0,0
2026-03-31T14:00:00Z,DE-LU,AT,838.0,2749.0,67.0,0,0,0
2026-03-31T14:00:00Z,DE-LU,FR,577.0,802.0,-353.0,0,0,0
2026-03-31T14:00:00Z,DE-LU,NL,1926.0,2255.0,672.0,0,0,0
2026-03-31T14:00:00Z,DE-LU,PL,1157.0,3515.0,-2299.0,0,0,0
2026-03-31T14:00:00Z,DE-LU,CZ,2993.0,3210.0,-2273.0,0,0,0
2026-03-31T14:00:00Z,DE-LU,DK1,1755.0,3589.0,-2503.0,0,0,0
2026-03-31T15:00:00Z,DE-LU,AT,3063.0,3333.0,-2450.0,0,0,0
2026-03-31T15:00:00Z,DE-LU,FR,1427.0,3194.0,1943.0,0,0,0
2026-03-31T15:00:00Z,DE-LU,NL,3113.0,4013.0,-1761.0,0,0,0
2026-03-31T15:00:00Z,DE-LU,PL,602.0,1428.0,506.0,0,0,0
2026-03-31T15:00:00Z,DE-LU,CZ,966.0,2707.0,-737.0,0,0,0
2026-03-31T15:00:00Z,DE-LU,DK1,989.0,2928.0,704.0,0.66,57.0,8.0
2026-03-31T16:00:00Z,DE-LU,AT,1336.0,2302.0,895.0,0,0,0
2026-03-31T16:00:00Z,DE-LU,FR,1054.0,3188.0,-1202.0,10.87,15.0,0
2026-03-31T16:00:00Z,DE-LU,NL,1189.0,1530.0,651.0,0,0,0
2026-03-31T16:00:00Z,DE-LU,PL,1745.0,1933.0,172.0,0,0,0
2026-03-31T16:00:00Z,DE-LU,CZ,2116.0,2308.0,-970.0,0,0,0
2026-03-31T16:00:00Z,DE-LU,DK1,886.0,1318.0,-993.0,0,0,0
2026-03-31T17:00:00Z,DE-LU,AT,3991.0,4422.0,-1688.0,0,0,0
2026-03-31T17:00:00Z,DE-LU,FR,1525.0,2198.0,-1687.0,0,0,0
2026-03-31T17:00:00Z,DE-LU,NL,2923.0,3444.0,1271.0,0,0,0
2026-03-31T17:00:00Z,DE-LU,PL,3888.0,4489.0,1405.0,0,0,0
2026-03-31T17:00:00Z,DE-LU,CZ,884.0,1225.0,357.0,0,0,0
2026-03-31T17:00:00Z,DE-LU,DK1,1510.0,3942.0,-1644.0,0,0,0
2026-03-31T18:00:00Z,DE-LU,AT,555.0,989.0,-10.0,0,0,0
2026-03-31T18:00:00Z,DE-LU,FR,1597.0,4008.0,-944.0,0,0,0
2026-03-31T18:00:00Z,DE-LU,NL,1464.0,3056.0,1721.0,0,0,0
2026-03-31T18:00:00Z,DE-LU,PL,1844.0,3838.0,2093.0,0,0,0
2026-03-31T18:00:00Z,DE-LU,CZ,331.0,819.0,154.0,0,0,0
2026-03-31T18:00:00Z,DE-LU,DK1,2269.0,2493.0,-610.0,0,0,0
2026-03-31T19:00:00Z,DE-LU,AT,2161.0,3122.0,519.0,0,0,0
2026-03-31T19:00:00Z,DE-LU,FR,2707.0,2895.0,1768.0,0,0,0
2026-03-31T19:00:00Z,DE-LU,NL,1441.0,1519.0,1007.0,0,0,0
2026-03-31T19:00:00Z,DE-LU,PL,2572.0,3559.0,-947.0,0,0,0
2026-03-31T19:00:00Z,DE-LU,CZ,1145.0,1854.0,-535.0,0,0,0
2026-03-31T19:00:00Z,DE-LU,DK1,2842.0,4271.0,1277.0,0,0,0
2026-03-31T20:00:00Z,DE-LU,AT,401.0,918.0,40.0,0,0,0
2026-03-31T20:00:00Z,DE-LU,FR,2225.0,3170.0,-854.0,0,0,0
2026-03-31T20:00:00Z,DE-LU,NL,1406.0,1944.0,319.0,0,0,0
2026-03-31T20:00:00Z,DE-LU,PL,1227.0,3006.0,-819.0,0,0,0
2026-03-31T20:00:00Z,DE-LU,CZ,1408.0,3650.0,-846.0,0.63,0,0
2026-03-31T20:00:00Z,DE-LU,DK1,1035.0,2950.0,-220.0,2.24,38.0,0
2026-03-31T21:00:00Z,DE-LU,AT,534.0,1035.0,411.0,0,0,0
2026-03-31T21:00:00Z,DE-LU,FR,1675.0,2025.0,40.0,0,0,0
2026-03-31T21:00:00Z,DE-LU,NL,795.0,846.0,-206.0,0,0,0
2026-03-31T21:00:00Z,DE-LU,PL,1302.0,2328.0,890.0,0,0,0
2026-03-31T21:00:00Z,DE-LU,CZ,1453.0,2614.0,1298.0,0,0,0
2026-03-31T21:00:00Z,DE-LU,DK1,3613.0,4195.0,-3316.0,0,0,0
2026-03-31T22:00:00Z,DE-LU,AT,1938.0,2056.0,-1159.0,0,0,0
2026-03-31T22:00:00Z,DE-LU,FR,597.0,888.0,-75.0,0,0,0
2026-03-31T22:00:00Z,DE-LU,NL,899.0,2824.0,763.0,1.19,12.0,0
2026-03-31T22:00:00Z,DE-LU,PL,1712.0,3417.0,-223.0,0,0,0
2026-03-31T22:00:00Z,DE-LU,CZ,559.0,985.0,-657.0,0,0,0
2026-03-31T22:00:00Z,DE-LU,DK1,1956.0,2720.0,-1840.0,0,0,0
2026-03-31T23:00:00Z,DE-LU,AT,786.0,2492.0,-353.0,2.43,0,0
2026-03-31T23:00:00Z,DE-LU,FR,2560.0,2795.0,-1959.0,0,0,0
2026-03-31T23:00:00Z,DE-LU,NL,491.0,924.0,-640.0,0,0,0
2026-03-31T23:00:00Z,DE-LU,PL,798.0,1524.0,590.0,0,0,0
2026-03-31T23:00:00Z,DE-LU,CZ,3339.0,3977.0,-396.0,0,0,0
2026-03-31T23:00:00Z,DE-LU,DK1,3393.0,4174.0,-440.0,0,0,0
2026-04-01T00:00:00Z,DE-LU,AT,1492.0,2835.0,522.0,0,0,0
2026-04-01T00:00:00Z,DE-LU,FR,1745.0,3725.0,724.0,0,0,0
2026-04-01T00:00:00Z,DE-LU,NL,1579.0,2478.0,-1417.0,0,0,0
2026-04-01T00:00:00Z,DE-LU,PL,1032.0,1155.0,-336.0,0,0,0
2026-04-01T00:00:00Z,DE-LU,CZ,1268.0,2514.0,-1366.0,0,0,0
2026-04-01T00:00:00Z,DE-LU,DK1,2725.0,3561.0,1719.0,0,0,0
2026-04-01T01:00:00Z,DE-LU,AT,2334.0,4015.0,2942.0,0,0,0
2026-04-01T01:00:00Z,DE-LU,FR,2690.0,3478.0,195.0,0,0,0
2026-04-01T01:00:00Z,DE-LU,NL,1245.0,1660.0,715.0,0,0,0
2026-04-01T01:00:00Z,DE-LU,PL,1451.0,2716.0,-791.0,0,0,0
2026-04-01T01:00:00Z,DE-LU,CZ,1323.0,2147.0,322.0,0,0,0
2026-04-01T01:00:00Z,DE-LU,DK1,2222.0,2497.0,312.0,0,0,0
2026-04-01T02:00:00Z,DE-LU,AT,2339.0,3460.0,-293.0,0,0,0
2026-04-01T02:00:00Z,DE-LU,FR,1741.0,4208.0,1974.0,0,0,0
2026-04-01T02:00:00Z,DE-LU,NL,3102.0,3440.0,2035.0,0,0,0
2026-04-01T02:00:00Z,DE-LU,PL,708.0,1927.0,-468.0,2.64,0,0
2026-04-01T02:00:00Z,DE-LU,CZ,1021.0,2387.0,979.0,0,0,0
2026-04-01T02:00:00Z,DE-LU,DK1,2286.0,3589.0,2283.0,0,0,0
2026-04-01T03:00:00Z,DE-LU,AT,2347.0,4014.0,-3125.0,0,0,0
2026-04-01T03:00:00Z,DE-LU,FR,2730.0,3021.0,664.0,0,0,0
2026-04-01T03:00:00Z,DE-LU,NL,739.0,2368.0,-1115.0,0,0,0
2026-04-01T03:00:00Z,DE-LU,PL,1202.0,1474.0,-1027.0,0,0,0
2026-04-01T03:00:00Z,DE-LU,CZ,1894.0,2548.0,-1011.0,0,0,0
2026-04-01T03:00:00Z,DE-LU,DK1,1995.0,2748.0,112.0,0,0,0
2026-04-01T04:00:00Z,DE-LU,AT,2487.0,4441.0,1309.0,0,0,0
2026-04-01T04:00:00Z,DE-LU,FR,3666.0,4268.0,2092.0,0,0,0
2026-04-01T04:00:00Z,DE-LU,NL,1070.0,2442.0,70.0,0,0,0
2026-04-01T04:00:00Z,DE-LU,PL,830.0,1654.0,-251.0,0,0,0
2026-04-01T04:00:00Z,DE-LU,CZ,1569.0,2401.0,883.0,0,0,0
2026-04-01T04:00:00Z,DE-LU,DK1,924.0,1921.0,166.0,0,0,0
2026-04-01T05:00:00Z,DE-LU,AT,2049.0,2473.0,-1049.0,0,0,0
2026-04-01T05:00:00Z,DE-LU,FR,1569.0,2429.0,-986.0,0,0,0
2026-04-01T05:00:00Z,DE-LU,NL,1786.0,2401.0,-164.0,0,0,0
2026-04-01T05:00:00Z,DE-LU,PL,2237.0,3701.0,-47.0,0,0,0
2026-04-01T05:00:00Z,DE-LU,CZ,3847.0,4188.0,-2706.0,0,0,0
2026-04-01T05:00:00Z,DE-LU,DK1,588.0,1034.0,-489.0,0,0,0
2026-04-01T06:00:00Z,DE-LU,AT,841.0,1099.0,837.0,0,0,0
2026-04-01T06:00:00Z,DE-LU,FR,3700.0,4201.0,-2742.0,0,0,0
2026-04-01T06:00:00Z,DE-LU,NL,1504.0,2498.0,1385.0,0,0,0
2026-04-01T06:00:00Z,DE-LU,PL,759.0,1870.0,-185.0,0,0,0
2026-04-01T06:00:00Z,DE-LU,CZ,1646.0,2617.0,-2006.0,0,0,0
2026-04-01T06:00:00Z,DE-LU,DK1,1052.0,1953.0,151.0,0,0,0
2026-04-01T07:00:00Z,DE-LU,AT,2009.0,3915.0,-1091.0,0,0,0
2026-04-01T07:00:00Z,DE-LU,FR,2408.0,2930.0,362.0,0,0,0
2026-04-01T07:00:00Z,DE-LU,NL,2143.0,3366.0,-1657.0,0,0,0
2026-04-01T07:00:00Z,DE-LU,PL,3158.0,4421.0,-2107.0,0,0,0
2026-04-01T07:00:00Z,DE-LU,CZ,2803.0,4123.0,611.0,0,0,0
2026-04-01T07:00:00Z,DE-LU,DK1,1692.0,2583.0,208.0,0,0,0
2026-04-01T08:00:00Z,DE-LU,AT,1940.0,2834.0,-1681.0,0,0,0
2026-04-01T08:00:00Z,DE-LU,FR,1009.0,2674.0,96.0,0,0,0
2026-04-01T08:00:00Z,DE-LU,NL,1835.0,2087.0,709.0,0,0,0
2026-04-01T08:00:00Z,DE-LU,PL,1463.0,1748.0,426.0,0,0,0
2026-04-01T08:00:00Z,DE-LU,CZ,3902.0,4181.0,-2521.0,0,0,0
2026-04-01T08:00:00Z,DE-LU,DK1,1640.0,2707.0,-657.0,0,0,0
2026-04-01T09:00:00Z,DE-LU,AT,1784.0,3014.0,-1995.0,0,0,0
2026-04-01T09:00:00Z,DE-LU,FR,2235.0,2538.0,1657.0,0,0,0
2026-04-01T09:00:00Z,DE-LU,NL,603.0,2001.0,1.0,0,0,0
2026-04-01T09:00:00Z,DE-LU,PL,1795.0,2584.0,1864.0,0,0,0
2026-04-01T09:00:00Z,DE-LU,CZ,1342.0,3246.0,-1889.0,0,0,0
2026-04-01T09:00:00Z,DE-LU,DK1,1401.0,3747.0,73.0,4.28,0,0
2026-04-01T10:00:00Z,DE-LU,AT,2858.0,3043.0,-1728.0,0,0,0
2026-04-01T10:00:00Z,DE-LU,FR,668.0,1052.0,767.0,0,0,0
2026-04-01T10:00:00Z,DE-LU,NL,1438.0,2819.0,-999.0,0,0,0
2026-04-01T10:00:00Z,DE-LU,PL,1571.0,2650.0,113.0,0,0,0
2026-04-01T10:00:00Z,DE-LU,CZ,1789.0,3070.0,-2149.0,0,0,0
2026-04-01T10:00:00Z,DE-LU,DK1,3350.0,4018.0,-1199.0,0,0,0
2026-04-01T11:00:00Z,DE-LU,AT,1369.0,1562.0,1054.0,0,0,0
2026-04-01T11:00:00Z,DE-LU,FR,1089.0,1569.0,-866.0,0,0,0
2026-04-01T11:00:00Z,DE-LU,NL,1275.0,3254.0,699.0,3.77,31.0,0
2026-04-01T11:00:00Z,DE-LU,PL,3022.0,4317.0,2446.0,0,0,0
2026-04-01T11:00:00Z,DE-LU,CZ,1607.0,2328.0,-100.0,0,0,0
2026-04-01T11:00:00Z,DE-LU,DK1,855.0,1122.0,-241.0,0,0,0
2026-04-01T12:00:00Z,DE-LU,AT,750.0,1712.0,1131.0,0,0,0
2026-04-01T12:00:00Z,DE-LU,FR,2131.0,2548.0,-131.0,0,0,0
2026-04-01T12:00:00Z,DE-LU,NL,2719.0,4098.0,283.0,0,0,0
2026-04-01T12:00:00Z,DE-LU,PL,947.0,2904.0,1251.0,0,0,0
2026-04-01T12:00:00Z,DE-LU,CZ,1215.0,2314.0,195.0,0,0,0
2026-04-01T12:00:00Z,DE-LU,DK1,1112.0,1398.0,523.0,0,0,0
2026-04-01T13:00:00Z,DE-LU,AT,2067.0,2181.0,678.0,0,0,0
2026-04-01T13:00:00Z,DE-LU,FR,1237.0,1608.0,760.0,0,0,0
2026-04-01T13:00:00Z,DE-LU,NL,2319.0,3333.0,-2436.0,0,0,0
2026-04-01T13:00:00Z,DE-LU,PL,798.0,1169.0,336.0,0,0,0
2026-04-01T13:00:00Z,DE-LU,CZ,1043.0,1420.0,-108.0,0,0,0
2026-04-01T13:00:00Z,DE-LU,DK1,530.0,877.0,-302.0,0,0,0
2026-04-01T14:00:00Z,DE-LU,AT,1072.0,2996.0,1867.0,0,0,0
2026-04-01T14:00:00Z,DE-LU,FR,1568.0,4270.0,157.0,0.78,0,0
2026-04-01T14:00:00Z,DE-LU,NL,488.0,1259.0,-566.0,5.13,0,0
2026-04-01T14:00:00Z,DE-LU,PL,732.0,894.0,152.0,0,0,0
2026-04-01T14:00:00Z,DE-LU,CZ,2998.0,3809.0,-397.0,0,0,0
2026-04-01T14:00:00Z,DE-LU,DK1,1821.0,4417.0,2202.0,0,0,0
2026-04-01T15:00:00Z,DE-LU,AT,2653.0,3291.0,955.0,0,0,0
2026-04-01T15:00:00Z,DE-LU,FR,2374.0,4222.0,-3011.0,0,0,0
2026-04-01T15:00:00Z,DE-LU,NL,2456.0,2802.0,-1688.0,0,0,0
2026-04-01T15:00:00Z,DE-LU,PL,1095.0,3258.0,-863.0,4.39,0,0
2026-04-01T15:00:00Z,DE-LU,CZ,813.0,919.0,-327.0,0,0,0
2026-04-01T15:00:00Z,DE-LU,DK1,2647.0,3150.0,421.0,0,0,0
2026-04-01T16:00:00Z,DE-LU,AT,2821.0,3434.0,1860.0,0,0,39.0
2026-04-01T16:00:00Z,DE-LU,FR,879.0,2085.0,-54.0,0,0,0
2026-04-01T16:00:00Z,DE-LU,NL,1239.0,2240.0,474.0,0,0,0
2026-04-01T16:00:00Z,DE-LU,PL,2293.0,2510.0,-1001.0,0,0,0
2026-04-01T16:00:00Z,DE-LU,CZ,3626.0,3913.0,2341.0,0,0,0
2026-04-01T16:00:00Z,DE-LU,DK1,1850.0,2051.0,-712.0,0,0,0
2026-04-01T17:00:00Z,DE-LU,AT,1015.0,2945.0,-1430.0,0,0,0
2026-04-01T17:00:00Z,DE-LU,FR,1465.0,3775.0,-2319.0,0.98,120.0,0
2026-04-01T17:00:00Z,DE-LU,NL,3442.0,4400.0,3183.0,0,0,0
2026-04-01T17:00:00Z,DE-LU,PL,2350.0,2893.0,-1499.0,0,0,0
2026-04-01T17:00:00Z,DE-LU,CZ,2854.0,4376.0,-247.0,0,0,0
2026-04-01T17:00:00Z,DE-LU,DK1,1399.0,3096.0,-737.0,0,0,0
2026-04-01T18:00:00Z,DE-LU,AT,2071.0,3445.0,1718.0,0,0,0
2026-04-01T18:00:00Z,DE-LU,FR,889.0,1805.0,1079.0,0,0,0
2026-04-01T18:00:00Z,DE-LU,NL,1666.0,2909.0,-1670.0,0,0,0
2026-04-01T18:00:00Z,DE-LU,PL,1562.0,4273.0,-989.0,0,0,0
2026-04-01T18:00:00Z,DE-LU,CZ,1261.0,3068.0,178.0,0,0,0
2026-04-01T18:00:00Z,DE-LU,DK1,1783.0,2666.0,-1264.0,0,0,0
2026-04-01T19:00:00Z,DE-LU,AT,1850.0,4431.0,-1226.0,0,0,0
2026-04-01T19:00:00Z,DE-LU,FR,383.0,1157.0,-160.0,6.98,59.0,0
2026-04-01T19:00:00Z,DE-LU,NL,1355.0,1589.0,393.0,0,0,0
2026-04-01T19:00:00Z,DE-LU,PL,3279.0,3908.0,-2668.0,0,0,0
2026-04-01T19:00:00Z,DE-LU,CZ,594.0,1877.0,-1372.0,2.6,0,0
2026-04-01T19:00:00Z,DE-LU,DK1,407.0,894.0,347.0,0,0,17.0
2026-04-01T20:00:00Z,DE-LU,AT,1470.0,2775.0,1158.0,0,0,0
2026-04-01T20:00:00Z,DE-LU,FR,1455.0,4274.0,501.0,0,0,0
2026-04-01T20:00:00Z,DE-LU,NL,2689.0,3037.0,-434.0,0,0,0
2026-04-01T20:00:00Z,DE-LU,PL,1847.0,3042.0,-483.0,0,0,0
2026-04-01T20:00:00Z,DE-LU,CZ,3252.0,3586.0,1812.0,0,0,0
2026-04-01T20:00:00Z,DE-LU,DK1,1314.0,2746.0,109.0,0,0,0
2026-04-01T21:00:00Z,DE-LU,AT,955.0,2235.0,-1662.0,0,0,0
2026-04-01T21:00:00Z,DE-LU,FR,1295.0,1452.0,179.0,0,0,0
2026-04-01T21:00:00Z,DE-LU,NL,673.0,835.0,286.0,0,0,0
2026-04-01T21:00:00Z,DE-LU,PL,2432.0,2786.0,-1551.0,0,0,0
2026-04-01T21:00:00Z,DE-LU,CZ,1938.0,2871.0,-1052.0,0,0,0
2026-04-01T21:00:00Z,DE-LU,DK1,2074.0,2303.0,611.0,0,0,0
2026-04-01T22:00:00Z,DE-LU,AT,1006.0,2648.0,-1882.0,1.32,40.0,0
2026-04-01T22:00:00Z,DE-LU,FR,2515.0,3627.0,-2592.0,0,0,0
2026-04-01T22:00:00Z,DE-LU,NL,1321.0,1603.0,111.0,0,0,0
2026-04-01T22:00:00Z,DE-LU,PL,2368.0,4049.0,-3207.0,0,0,0
2026-04-01T22:00:00Z,DE-LU,CZ,1215.0,1671.0,850.0,0,0,0
2026-04-01T22:00:00Z,DE-LU,DK1,1583.0,3574.0,-506.0,0,0,0
2026-04-01T23:00:00Z,DE-LU,AT,2602.0,4064.0,-444.0,0,0,0
2026-04-01T23:00:00Z,DE-LU,FR,1904.0,2766.0,2150.0,0,0,0
2026-04-01T23:00:00Z,DE-LU,NL,695.0,929.0,-630.0,0,0,0
2026-04-01T23:00:00Z,DE-LU,PL,1651.0,2847.0,302.0,0,0,0
2026-04-01T23:00:00Z,DE-LU,CZ,1278.0,3439.0,-270.0,0,0,0
2026-04-01T23:00:00Z,DE-LU,DK1,1526.0,1713.0,-1103.0,0,0,0
2026-04-02T00:00:00Z,DE-LU,AT,2785.0,3023.0,-1196.0,0,0,0
2026-04-02T00:00:00Z,DE-LU,FR,519.0,1434.0,-1139.0,6.79,34.0,0
2026-04-02T00:00:00Z,DE-LU,NL,2451.0,3653.0,-2581.0,0,0,0
2026-04-02T00:00:00Z,DE-LU,PL,1161.0,1334.0,-687.0,0,0,0
2026-04-02T00:00:00Z,DE-LU,CZ,925.0,2345.0,1709.0,0.72,0,0
2026-04-02T00:00:00Z,DE-LU,DK1,724.0,831.0,-264.0,0,0,0
2026-04-02T01:00:00Z,DE-LU,AT,2928.0,4351.0,2147.0,0,0,0
2026-04-02T01:00:00Z,DE-LU,FR,859.0,2505.0,1976.0,1.2,0,0
2026-04-02T01:00:00Z,DE-LU,NL,2172.0,3571.0,-1806.0,0,0,0
2026-04-02T01:00:00Z,DE-LU,PL,2876.0,4018.0,-122.0,0,0,0
2026-04-02T01:00:00Z,DE-LU,CZ,1074.0,1411.0,778.0,0,0,0
2026-04-02T01:00:00Z,DE-LU,DK1,892.0,2764.0,-2115.0,13.22,76.0,0
2026-04-02T02:00:00Z,DE-LU,AT,909.0,2620.0,722.0,3.57,0,0
2026-04-02T02:00:00Z,DE-LU,FR,1087.0,1803.0,58.0,0,0,0
2026-04-02T02:00:00Z,DE-LU,NL,1562.0,2606.0,1441.0,0,0,0
2026-04-02T02:00:00Z,DE-LU,PL,1583.0,3190.0,-2536.0,0,0,0
2026-04-02T02:00:00Z,DE-LU,CZ,1356.0,1517.0,17.0,0,0,0
2026-04-02T02:00:00Z,DE-LU,DK1,2656.0,3252.0,1238.0,0,0,0
2026-04-02T03:00:00Z,DE-LU,AT,1535.0,2295.0,322.0,0,0,0
2026-04-02T03:00:00Z,DE-LU,FR,3712.0,4198.0,488.0,0,0,0
2026-04-02T03:00:00Z,DE-LU,NL,299.0,931.0,-111.0,2.03,63.0,0
2026-04-02T03:00:00Z,DE-LU,PL,2099.0,2260.0,404.0,0,0,0
2026-04-02T03:00:00Z,DE-LU,CZ,697.0,1651.0,-529.0,0,0,0
2026-04-02T03:00:00Z,DE-LU,DK1,943.0,2555.0,-13.0,0,0,0
2026-04-02T04:00:00Z,DE-LU,AT,780.0,2078.0,649.0,3.03,0,0
2026-04-02T04:00:00Z,DE-LU,FR,510.0,882.0,-614.0,0,0,0
2026-04-02T04:00:00Z,DE-LU,NL,1016.0,3169.0,-2225.0,0,0,0
2026-04-02T04:00:00Z,DE-LU,PL,285.0,847.0,-93.0,0.94,0,0
2026-04-02T04:00:00Z,DE-LU,CZ,1320.0,3516.0,-666.0,0,0,0
2026-04-02T04:00:00Z,DE-LU,DK1,1191.0,3455.0,807.0,0,0,0
2026-04-02T05:00:00Z,DE-LU,AT,805.0,1996.0,-759.0,0,0,0
2026-04-02T05:00:00Z,DE-LU,FR,347.0,927.0,-185.0,0,0,0
2026-04-02T05:00:00Z,DE-LU,NL,646.0,857.0,203.0,0,0,0
2026-04-02T05:00:00Z,DE-LU,PL,996.0,2877.0,-884.0,5.03,46.0,0
2026-04-02T05:00:00Z,DE-LU,CZ,1855.0,2541.0,1319.0,0,0,0
2026-04-02T05:00:00Z,DE-LU,DK1,1480.0,3492.0,-1188.0,0,0,0
2026-04-02T06:00:00Z,DE-LU,AT,749.0,2325.0,-765.0,6.0,0,0
2026-04-02T06:00:00Z,DE-LU,FR,873.0,1012.0,249.0,0,0,0
2026-04-02T06:00:00Z,DE-LU,NL,1015.0,1076.0,-61.0,0,0,0
2026-04-02T06:00:00Z,DE-LU,PL,877.0,958.0,-310.0,0,0,0
2026-04-02T06:00:00Z,DE-LU,CZ,1155.0,1246.0,591.0,0,0,0
2026-04-02T06:00:00Z,DE-LU,DK1,1898.0,2614.0,-1679.0,0,0,0
2026-04-02T07:00:00Z,DE-LU,AT,3818.0,4464.0,1172.0,0,0,0
2026-04-02T07:00:00Z,DE-LU,FR,2178.0,2534.0,1290.0,0,0,0
2026-04-02T07:00:00Z,DE-LU,NL,1679.0,3261.0,-1723.0,0,0,0
2026-04-02T07:00:00Z,DE-LU,PL,3483.0,3848.0,-2321.0,0,0,0
2026-04-02T07:00:00Z,DE-LU,CZ,704.0,998.0,-440.0,0,0,0
2026-04-02T07:00:00Z,DE-LU,DK1,2997.0,4495.0,-3240.0,0,0,0
2026-04-02T08:00:00Z,DE-LU,AT,2217.0,2822.0,-959.0,0,0,0
2026-04-02T08:00:00Z,DE-LU,FR,1238.0,3645.0,1502.0,0.3,0,0
2026-04-02T08:00:00Z,DE-LU,NL,973.0,2346.0,-1476.0,0,0,0
2026-04-02T08:00:00Z,DE-LU,PL,2253.0,2501.0,-1204.0,0,0,0
2026-04-02T08:00:00Z,DE-LU,CZ,1185.0,1490.0,-509.0,0,0,0
2026-04-02T08:00:00Z,DE-LU,DK1,3412.0,4139.0,2422.0,0,0,0
2026-04-02T09:00:00Z,DE-LU,AT,3894.0,4328.0,1289.0,0,0,0
2026-04-02T09:00:00Z,DE-LU,FR,1677.0,2497.0,-1325.0,0,0,0
2026-04-02T09:00:00Z,DE-LU,NL,682.0,1244.0,468.0,0,0,0
2026-04-02T09:00:00Z,DE-LU,PL,3244.0,3502.0,-1928.0,0,0,0
2026-04-02T09:00:00Z,DE-LU,CZ,2247.0,2496.0,-1317.0,0,0,0
2026-04-02T09:00:00Z,DE-LU,DK1,2120.0,3198.0,1618.0,0,0,0
2026-04-02T10:00:00Z,DE-LU,AT,2323.0,3519.0,2633.0,0,0,0
2026-04-02T10:00:00Z,DE-LU,FR,1178.0,1814.0,949.0,0,0,0
2026-04-02T10:00:00Z,DE-LU,NL,576.0,1130.0,4.0,0,0,0
2026-04-02T10:00:00Z,DE-LU,PL,2589.0,3335.0,765.0,0,0,0
2026-04-02T10:00:00Z,DE-LU,CZ,1794.0,2753.0,-1891.0,0,0,0
2026-04-02T10:00:00Z,DE-LU,DK1,2265.0,4150.0,2636.0,0,0,0
2026-04-02T11:00:00Z,DE-LU,AT,1924.0,2565.0,-1821.0,0,0,0
2026-04-02T11:00:00Z,DE-LU,FR,1849.0,3612.0,-2106.0,0,0,0
2026-04-02T11:00:00Z,DE-LU,NL,2980.0,3911.0,224.0,0,0,3.0
2026-04-02T11:00:00Z,DE-LU,PL,1158.0,2468.0,-424.0,0,0,0
2026-04-02T11:00:00Z,DE-LU,CZ,1074.0,1892.0,1267.0,0,0,0
2026-04-02T11:00:00Z,DE-LU,DK1,1060.0,3172.0,1496.0,6.47,115.0,0
2026-04-02T12:00:00Z,DE-LU,AT,2830.0,3255.0,1653.0,0,0,0
2026-04-02T12:00:00Z,DE-LU,FR,1757.0,3468.0,-1208.0,0,0,0
2026-04-02T12:00:00Z,DE-LU,NL,3052.0,3808.0,143.0,0,0,0
2026-04-02T12:00:00Z,DE-LU,PL,1205.0,1442.0,399.0,0,0,0
2026-04-02T12:00:00Z,DE-LU,CZ,3044.0,4077.0,499.0,0,0,0
2026-04-02T12:00:00Z,DE-LU,DK1,2882.0,3131.0,54.0,0,0,0
2026-04-02T13:00:00Z,DE-LU,AT,2551.0,4439.0,-434.0,0,0,0
2026-04-02T13:00:00Z,DE-LU,FR,3777.0,4273.0,2686.0,0,0,0
2026-04-02T13:00:00Z,DE-LU,NL,532.0,1438.0,-1047.0,0,0,0
2026-04-02T13:00:00Z,DE-LU,PL,622.0,1961.0,-971.0,0,0,0
2026-04-02T13:00:00Z,DE-LU,CZ,936.0,2629.0,-1886.0,1.68,0,0
2026-04-02T13:00:00Z,DE-LU,DK1,1795.0,3705.0,1797.0,0,0,0
2026-04-02T14:00:00Z,DE-LU,AT,2909.0,3852.0,-2434.0,0,0,0
2026-04-02T14:00:00Z,DE-LU,FR,1571.0,2695.0,-468.0,0,0,0
2026-04-02T14:00:00Z,DE-LU,NL,532.0,908.0,-234.0,0,0,0
2026-04-02T14:00:00Z,DE-LU,PL,1414.0,1581.0,96.0,0,0,0
2026-04-02T14:00:00Z,DE-LU,CZ,1898.0,2151.0,1644.0,0,0,0
2026-04-02T14:00:00Z,DE-LU,DK1,1928.0,2037.0,13.0,0,0,0
2026-04-02T15:00:00Z,DE-LU,AT,2318.0,2837.0,2167.0,0,0,0
2026-04-02T15:00:00Z,DE-LU,FR,1326.0,3032.0,1928.0,0,0,0
2026-04-02T15:00:00Z,DE-LU,NL,494.0,1548.0,219.0,8.66,0,2.0
2026-04-02T15:00:00Z,DE-LU,PL,622.0,936.0,183.0,0,0,0
2026-04-02T15:00:00Z,DE-LU,CZ,4148.0,4485.0,2920.0,0,0,0
2026-04-02T15:00:00Z,DE-LU,DK1,1125.0,2764.0,-1208.0,0,0,0
2026-04-02T16:00:00Z,DE-LU,AT,709.0,1063.0,-4.0,0,0,0
2026-04-02T16:00:00Z,DE-LU,FR,912.0,1269.0,-872.0,0,0,0
2026-04-02T16:00:00Z,DE-LU,NL,2257.0,2575.0,1428.0,0,0,0
2026-04-02T16:00:00Z,DE-LU,PL,1253.0,1929.0,-1407.0,0,0,0
2026-04-02T16:00:00Z,DE-LU,CZ,2367.0,3615.0,50.0,0,0,0
2026-04-02T16:00:00Z,DE-LU,DK1,684.0,942.0,360.0,0,0,0
2026-04-02T17:00:00Z,DE-LU,AT,1376.0,2150.0,616.0,0,0,0
2026-04-02T17:00:00Z,DE-LU,FR,744.0,1732.0,100.0,0,0,0
2026-04-02T17:00:00Z,DE-LU,NL,527.0,823.0,241.0,0,0,0
2026-04-02T17:00:00Z,DE-LU,PL,315.0,995.0,-683.0,0.1,0,0
2026-04-02T17:00:00Z,DE-LU,CZ,2991.0,3744.0,2549.0,0,0,0
2026-04-02T17:00:00Z,DE-LU,DK1,2983.0,4397.0,3039.0,0,0,5.0
2026-04-02T18:00:00Z,DE-LU,AT,582.0,959.0,357.0,0,0,0
2026-04-02T18:00:00Z,DE-LU,FR,621.0,1127.0,297.0,0,0,0
2026-04-02T18:00:00Z,DE-LU,NL,905.0,2044.0,-639.0,0,0,0
2026-04-02T18:00:00Z,DE-LU,PL,606.0,1760.0,893.0,5.4,0,0
2026-04-02T18:00:00Z,DE-LU,CZ,889.0,940.0,649.0,0,0,0
2026-04-02T18:00:00Z,DE-LU,DK1,2450.0,4237.0,-1327.0,0,0,0
2026-04-02T19:00:00Z,DE-LU,AT,533.0,860.0,-152.0,0,0,0
2026-04-02T19:00:00Z,DE-LU,FR,694.0,1869.0,-122.0,5.6,2.0,0
2026-04-02T19:00:00Z,DE-LU,NL,1832.0,4437.0,2315.0,0,0,0
2026-04-02T19:00:00Z,DE-LU,PL,2871.0,3236.0,-41.0,0,0,0
2026-04-02T19:00:00Z,DE-LU,CZ,1136.0,1631.0,727.0,0,0,0
2026-04-02T19:00:00Z,DE-LU,DK1,3031.0,3484.0,452.0,0,0,0
2026-04-02T20:00:00Z,DE-LU,AT,1924.0,2992.0,-1210.0,0,0,0
2026-04-02T20:00:00Z,DE-LU,FR,2891.0,3139.0,1766.0,0,0,0
2026-04-02T20:00:00Z,DE-LU,NL,2147.0,3096.0,-1059.0,0,0,0
2026-04-02T20:00:00Z,DE-LU,PL,1464.0,3423.0,2482.0,0,0,0
2026-04-02T20:00:00Z,DE-LU,CZ,634.0,1232.0,-546.0,0,0,0
2026-04-02T20:00:00Z,DE-LU,DK1,428.0,995.0,689.0,0,0,0
2026-04-02T21:00:00Z,DE-LU,AT,2177.0,2485.0,1306.0,0,0,0
2026-04-02T21:00:00Z,DE-LU,FR,1131.0,2601.0,-2051.0,0,0,0
2026-04-02T21:00:00Z,DE-LU,NL,902.0,1551.0,106.0,0,0,0
2026-04-02T21:00:00Z,DE-LU,PL,862.0,1756.0,722.0,0,0,0
2026-04-02T21:00:00Z,DE-LU,CZ,1195.0,3407.0,26.0,4.06,0,0
2026-04-02T21:00:00Z,DE-LU,DK1,528.0,941.0,526.0,0,0,0
2026-04-02T22:00:00Z,DE-LU,AT,811.0,961.0,176.0,0,0,0
2026-04-02T22:00:00Z,DE-LU,FR,317.0,969.0,31.0,6.2,4.0,0
2026-04-02T22:00:00Z,DE-LU,NL,1220.0,1749.0,-377.0,0,0,0
2026-04-02T22:00:00Z,DE-LU,PL,1492.0,2267.0,-739.0,0,0,0
2026-04-02T22:00:00Z,DE-LU,CZ,2875.0,3199.0,1278.0,0,0,0
2026-04-02T22:00:00Z,DE-LU,DK1,1084.0,1340.0,572.0,0,0,0
2026-04-02T23:00:00Z,DE-LU,AT,3217.0,3646.0,427.0,0,0,0
2026-04-02T23:00:00Z,DE-LU,FR,1933.0,2660.0,438.0,0,0,0
2026-04-02T23:00:00Z,DE-LU,NL,1130.0,1431.0,386.0,0,0,0
2026-04-02T23:00:00Z,DE-LU,PL,972.0,2438.0,1380.0,0,0,0
2026-04-02T23:00:00Z,DE-LU,CZ,2483.0,2617.0,-748.0,0,0,0
2026-04-02T23:00:00Z,DE-LU,DK1,695.0,1041.0,-640.0,0,0,0
2026-04-03T00:00:00Z,DE-LU,AT,1464.0,2533.0,-1496.0,0,0,0
2026-04-03T00:00:00Z,DE-LU,FR,1465.0,3711.0,-2064.0,2.37,0,0
2026-04-03T00:00:00Z,DE-LU,NL,1163.0,1226.0,823.0,0,0,0
2026-04-03T00:00:00Z,DE-LU,PL,957.0,1854.0,-88.0,0,0,0
2026-04-03T00:00:00Z,DE-LU,CZ,995.0,1876.0,602.0,0,0,0
2026-04-03T00:00:00Z,DE-LU,DK1,1271.0,2978.0,-1784.0,0,0,0
2026-04-03T01:00:00Z,DE-LU,AT,3289.0,3640.0,780.0,0,0,0
2026-04-03T01:00:00Z,DE-LU,FR,907.0,1328.0,695.0,0,0,0
2026-04-03T01:00:00Z,DE-LU,NL,821.0,1044.0,79.0,0,0,0
2026-04-03T01:00:00Z,DE-LU,PL,2436.0,4075.0,1136.0,0,0,0.0
2026-04-03T01:00:00Z,DE-LU,CZ,688.0,816.0,545.0,0,0,0
2026-04-03T01:00:00Z,DE-LU,DK1,1573.0,2414.0,-1730.0,0,0,0
2026-04-03T02:00:00Z,DE-LU,AT,2089.0,2451.0,726.0,0,0,0
2026-04-03T02:00:00Z,DE-LU,FR,569.0,1818.0,543.0,0.71,0,0
2026-04-03T02:00:00Z,DE-LU,NL,1452.0,2528.0,-617.0,0,0,0
2026-04-03T02:00:00Z,DE-LU,PL,858.0,1219.0,-857.0,0,0,0
2026-04-03T02:00:00Z,DE-LU,CZ,1668.0,1785.0,129.0,0,0,0
2026-04-03T02:00:00Z,DE-LU,DK1,1277.0,3902.0,1636.0,3.08,68.0,0
2026-04-03T03:00:00Z,DE-LU,AT,583.0,1048.0,343.0,0,0,0
2026-04-03T03:00:00Z,DE-LU,FR,1480.0,1845.0,112.0,0,0,0
2026-04-03T03:00:00Z,DE-LU,NL,1407.0,2013.0,-136.0,0,0,27.0
2026-04-03T03:00:00Z,DE-LU,PL,713.0,856.0,-525.0,0,0,0
2026-04-03T03:00:00Z,DE-LU,CZ,1279.0,1356.0,903.0,0,0,0
2026-04-03T03:00:00Z,DE-LU,DK1,2174.0,2616.0,-828.0,0,0,0
2026-04-03T04:00:00Z,DE-LU,AT,2875.0,3422.0,-1964.0,0,0,0
2026-04-03T04:00:00Z,DE-LU,FR,1467.0,1725.0,1094.0,0,0,0
2026-04-03T04:00:00Z,DE-LU,NL,638.0,1932.0,-714.0,4.58,0,0
2026-04-03T04:00:00Z,DE-LU,PL,1229.0,1642.0,-273.0,0,0,0
2026-04-03T04:00:00Z,DE-LU,CZ,2464.0,2790.0,-1511.0,0,0,0
2026-04-03T04:00:00Z,DE-LU,DK1,2264.0,2927.0,-265.0,0,0,0
2026-04-03T05:00:00Z,DE-LU,AT,1782.0,2690.0,256.0,0,0,0
2026-04-03T05:00:00Z,DE-LU,FR,1613.0,3344.0,-183.0,0,0,0
2026-04-03T05:00:00Z,DE-LU,NL,2786.0,3670.0,-210.0,0,0,0
2026-04-03T05:00:00Z,DE-LU,PL,1849.0,4257.0,1687.0,0,0,0
2026-04-03T05:00:00Z,DE-LU,CZ,1748.0,2033.0,-783.0,0,0,0
2026-04-03T05:00:00Z,DE-LU,DK1,1153.0,3504.0,-456.0,0,0,0
2026-04-03T06:00:00Z,DE-LU,AT,1185.0,3785.0,1830.0,0,0,0
2026-04-03T06:00:00Z,DE-LU,FR,2349.0,4328.0,939.0,0,0,0
2026-04-03T06:00:00Z,DE-LU,NL,1645.0,3688.0,-2011.0,0,0,0
2026-04-03T06:00:00Z,DE-LU,PL,2637.0,2869.0,1971.0,0,0,0
2026-04-03T06:00:00Z,DE-LU,CZ,1569.0,2047.0,71.0,0,0,0
2026-04-03T06:00:00Z,DE-LU,DK1,1026.0,2802.0,-882.0,0,0,0
2026-04-03T07:00:00Z,DE-LU,AT,2853.0,3723.0,2010.0,0,0,0
2026-04-03T07:00:00Z,DE-LU,FR,2922.0,4340.0,-1485.0,0,0,0
2026-04-03T07:00:00Z,DE-LU,NL,1764.0,2132.0,323.0,0,0,26.0
2026-04-03T07:00:00Z,DE-LU,PL,2585.0,4120.0,-1049.0,0,0,0
2026-04-03T07:00:00Z,DE-LU,CZ,904.0,2010.0,558.0,0,0,0
2026-04-03T07:00:00Z,DE-LU,DK1,573.0,1525.0,-430.0,0,0,0
2026-04-03T08:00:00Z,DE-LU,AT,2385.0,3661.0,-1159.0,0,0,0
2026-04-03T08:00:00Z,DE-LU,FR,1125.0,1366.0,1080.0,0,0,0
2026-04-03T08:00:00Z,DE-LU,NL,1858.0,1981.0,191.0,0,0,0
2026-04-03T08:00:00Z,DE-LU,PL,1896.0,3600.0,518.0,0,0,0
2026-04-03T08:00:00Z,DE-LU,CZ,3234.0,4494.0,1589.0,0,0,0
2026-04-03T08:00:00Z,DE-LU,DK1,2247.0,2763.0,-831.0,0,0,0
2026-04-03T09:00:00Z,DE-LU,AT,690.0,1014.0,-68.0,0,0,0
2026-04-03T09:00:00Z,DE-LU,FR,1126.0,1593.0,400.0,0,0,0
2026-04-03T09:00:00Z,DE-LU,NL,1491.0,1666.0,953.0,0,0,0
2026-04-03T09:00:00Z,DE-LU,PL,2243.0,3402.0,-548.0,0,0,0
2026-04-03T09:00:00Z,DE-LU,CZ,3444.0,4241.0,1786.0,0,0,0
2026-04-03T09:00:00Z,DE-LU,DK1,1340.0,3492.0,323.0,0,0,0
2026-04-03T10:00:00Z,DE-LU,AT,1850.0,2181.0,-1400.0,0,0,0
2026-04-03T10:00:00Z,DE-LU,FR,1193.0,2845.0,955.0,0,0,0
2026-04-03T10:00:00Z,DE-LU,NL,3372.0,4113.0,-1570.0,0,0,0
2026-04-03T10:00:00Z,DE-LU,PL,1166.0,1794.0,1287.0,0,0,0
2026-04-03T10:00:00Z,DE-LU,CZ,1103.0,2504.0,-482.0,0,0,0
2026-04-03T10:00:00Z,DE-LU,DK1,1686.0,2204.0,-558.0,0,0,0
2026-04-03T11:00:00Z,DE-LU,AT,1334.0,3069.0,-473.0,0,0,0
2026-04-03T11:00:00Z,DE-LU,FR,2736.0,4263.0,633.0,0,0,0
2026-04-03T11:00:00Z,DE-LU,NL,1774.0,2784.0,1645.0,0,0,0
2026-04-03T11:00:00Z,DE-LU,PL,1462.0,1825.0,-210.0,0,0,0
2026-04-03T11:00:00Z,DE-LU,CZ,3862.0,4450.0,372.0,0,0,0
2026-04-03T11:00:00Z,DE-LU,DK1,772.0,1098.0,-9.0,0,0,0
2026-04-03T12:00:00Z,DE-LU,AT,2301.0,3649.0,-2042.0,0,0,0
2026-04-03T12:00:00Z,DE-LU,FR,2929.0,3654.0,-1325.0,0,0,0
2026-04-03T12:00:00Z,DE-LU,NL,1080.0,1302.0,258.0,0,0,0
2026-04-03T12:00:00Z,DE-LU,PL,3506.0,3797.0,-439.0,0,0,0
2026-04-03T12:00:00Z,DE-LU,CZ,3281.0,4042.0,-1207.0,0,0,0
2026-04-03T12:00:00Z,DE-LU,DK1,1150.0,3558.0,-2250.0,0,0,0
2026-04-03T13:00:00Z,DE-LU,AT,1381.0,1901.0,-832.0,0,0,0
2026-04-03T13:00:00Z,DE-LU,FR,1821.0,2528.0,458.0,0,0,0
2026-04-03T13:00:00Z,DE-LU,NL,1344.0,2119.0,925.0,0,0,0
2026-04-03T13:00:00Z,DE-LU,PL,3272.0,4342.0,-29.0,0,0,0
2026-04-03T13:00:00Z,DE-LU,CZ,1967.0,3609.0,-125.0,0,0,0
2026-04-03T13:00:00Z,DE-LU,DK1,2277.0,3394.0,-2227.0,0,0,0
2026-04-03T14:00:00Z,DE-LU,AT,2769.0,4311.0,1823.0,0,0,0
2026-04-03T14:00:00Z,DE-LU,FR,751.0,895.0,-431.0,0,0,0
2026-04-03T14:00:00Z,DE-LU,NL,840.0,1978.0,-1337.0,0,0,0
2026-04-03T14:00:00Z,DE-LU,PL,2322.0,3605.0,-64.0,0,0,0
2026-04-03T14:00:00Z,DE-LU,CZ,2532.0,2958.0,2128.0,0,0,0
2026-04-03T14:00:00Z,DE-LU,DK1,1323.0,3852.0,-2585.0,1.05,0,0
2026-04-03T15:00:00Z,DE-LU,AT,550.0,942.0,-150.0,0,0,0
2026-04-03T15:00:00Z,DE-LU,FR,2425.0,2663.0,-1218.0,0,0,0
2026-04-03T15:00:00Z,DE-LU,NL,1401.0,2296.0,-1425.0,0,0,0
2026-04-03T15:00:00Z,DE-LU,PL,2989.0,4134.0,-1686.0,0,0,0
2026-04-03T15:00:00Z,DE-LU,CZ,847.0,2098.0,15.0,0,0,0
2026-04-03T15:00:00Z,DE-LU,DK1,1841.0,2081.0,622.0,0,0,0
2026-04-03T16:00:00Z,DE-LU,AT,2301.0,2765.0,-1567.0,0,0,0
2026-04-03T16:00:00Z,DE-LU,FR,1354.0,2465.0,774.0,0,0,0
2026-04-03T16:00:00Z,DE-LU,NL,2827.0,3535.0,1789.0,0,0,0
2026-04-03T16:00:00Z,DE-LU,PL,3097.0,3733.0,-1554.0,0,0,0
2026-04-03T16:00:00Z,DE-LU,CZ,833.0,1495.0,636.0,0,0,0
2026-04-03T16:00:00Z,DE-LU,DK1,1343.0,1444.0,-616.0,0,0,0
2026-04-03T17:00:00Z,DE-LU,AT,2759.0,4424.0,722.0,0,0,0
2026-04-03T17:00:00Z,DE-LU,FR,615.0,1146.0,-123.0,0,0,0
2026-04-03T17:00:00Z,DE-LU,NL,2402.0,3622.0,1042.0,0,0,0
2026-04-03T17:00:00Z,DE-LU,PL,2392.0,3788.0,1950.0,0,0,0
2026-04-03T17:00:00Z,DE-LU,CZ,2862.0,3132.0,-231.0,0,0,0
2026-04-03T17:00:00Z,DE-LU,DK1,2549.0,2842.0,455.0,0,0,0
2026-04-03T18:00:00Z,DE-LU,AT,314.0,862.0,-291.0,0,0,0
2026-04-03T18:00:00Z,DE-LU,FR,661.0,878.0,-636.0,0,0,0
2026-04-03T18:00:00Z,DE-LU,NL,1721.0,2726.0,1890.0,0,0,0
2026-04-03T18:00:00Z,DE-LU,PL,1281.0,2556.0,783.0,0,0,0
2026-04-03T18:00:00Z,DE-LU,CZ,2614.0,2952.0,85.0,0,0,0
2026-04-03T18:00:00Z,DE-LU,DK1,955.0,1886.0,1498.0,0,0,0
2026-04-03T19:00:00Z,DE-LU,AT,969.0,3154.0,-2452.0,0,0,0
2026-04-03T19:00:00Z,DE-LU,FR,1089.0,2041.0,-687.0,0,0,0
2026-04-03T19:00:00Z,DE-LU,NL,1792.0,2059.0,-306.0,0,0,0
2026-04-03T19:00:00Z,DE-LU,PL,2061.0,2429.0,-360.0,0,0,0
2026-04-03T19:00:00Z,DE-LU,CZ,1349.0,3177.0,556.0,0,0,0
2026-04-03T19:00:00Z,DE-LU,DK1,2173.0,3226.0,1553.0,0,0,0
2026-04-03T20:00:00Z,DE-LU,AT,967.0,1089.0,261.0,0,0,0
2026-04-03T20:00:00Z,DE-LU,FR,326.0,885.0,620.0,0,0,0
2026-04-03T20:00:00Z,DE-LU,NL,795.0,2499.0,-837.0,0,0,0
2026-04-03T20:00:00Z,DE-LU,PL,2115.0,3270.0,-1558.0,0,0,0
2026-04-03T20:00:00Z,DE-LU,CZ,3862.0,4132.0,184.0,0,0,0
2026-04-03T20:00:00Z,DE-LU,DK1,3782.0,4269.0,589.0,0,0,0
2026-04-03T21:00:00Z,DE-LU,AT,903.0,1788.0,1093.0,0,0,0
2026-04-03T21:00:00Z,DE-LU,FR,1591.0,2627.0,1427.0,0,0,0
2026-04-03T21:00:00Z,DE-LU,NL,1221.0,3624.0,-891.0,0,0,0
2026-04-03T21:00:00Z,DE-LU,PL,1903.0,2427.0,-1892.0,0,0,12.0
2026-04-03T21:00:00Z,DE-LU,CZ,268.0,853.0,-373.0,2.42,0,0
2026-04-03T21:00:00Z,DE-LU,DK1,3354.0,3555.0,691.0,0,0,0
2026-04-03T22:00:00Z,DE-LU,AT,658.0,1003.0,19.0,0,0,0
2026-04-03T22:00:00Z,DE-LU,FR,2996.0,4460.0,2016.0,0,0,0
2026-04-03T22:00:00Z,DE-LU,NL,1196.0,2523.0,-1563.0,0,0,0
2026-04-03T22:00:00Z,DE-LU,PL,706.0,1050.0,-287.0,0,0,0
2026-04-03T22:00:00Z,DE-LU,CZ,1775.0,3093.0,1120.0,0,0,0
2026-04-03T22:00:00Z,DE-LU,DK1,310.0,904.0,295.0,4.16,0,0
2026-04-03T23:00:00Z,DE-LU,AT,3384.0,3822.0,2836.0,0,0,0
2026-04-03T23:00:00Z,DE-LU,FR,1351.0,1895.0,1467.0,0,0,0
2026-04-03T23:00:00Z,DE-LU,NL,2667.0,3205.0,-1307.0,0,0,0
2026-04-03T23:00:00Z,DE-LU,PL,804.0,1126.0,-218.0,0,0,0
2026-04-03T23:00:00Z,DE-LU,CZ,619.0,1186.0,431.0,0,0,0
2026-04-03T23:00:00Z,DE-LU,DK1,2235.0,3576.0,884.0,0,0,0
2026-04-04T00:00:00Z,DE-LU,AT,609.0,1340.0,-490.0,0,0,0
2026-04-04T00:00:00Z,DE-LU,FR,404.0,975.0,613.0,0,0,0
2026-04-04T00:00:00Z,DE-LU,NL,651.0,1777.0,-1314.0,0.69,0,0
2026-04-04T00:00:00Z,DE-LU,PL,593.0,1199.0,718.0,0,0,0
2026-04-04T00:00:00Z,DE-LU,CZ,500.0,888.0,409.0,0,0,0
2026-04-04T00:00:00Z,DE-LU,DK1,3088.0,4025.0,3063.0,0,0,0
2026-04-04T01:00:00Z,DE-LU,AT,1207.0,3672.0,2013.0,0.61,70.0,0
2026-04-04T01:00:00Z,DE-LU,FR,1504.0,1695.0,822.0,0,0,0
2026-04-04T01:00:00Z,DE-LU,NL,664.0,2210.0,-638.0,0.16,0,0
2026-04-04T01:00:00Z,DE-LU,PL,727.0,1685.0,-1321.0,0,0,0
2026-04-04T01:00:00Z,DE-LU,CZ,1470.0,4428.0,-2751.0,3.98,12.0,0
2026-04-04T01:00:00Z,DE-LU,DK1,1430.0,1701.0,-536.0,0,0,0
2026-04-04T02:00:00Z,DE-LU,AT,1003.0,2276.0,568.0,0,0,0
2026-04-04T02:00:00Z,DE-LU,FR,1155.0,3270.0,-1678.0,4.27,87.0,0
2026-04-04T02:00:00Z,DE-LU,NL,1125.0,2133.0,525.0,0,0,0
2026-04-04T02:00:00Z,DE-LU,PL,1666.0,2938.0,-1293.0,0,0,0
2026-04-04T02:00:00Z,DE-LU,CZ,1358.0,2169.0,234.0,0,0,0
2026-04-04T02:00:00Z,DE-LU,DK1,2183.0,4466.0,989.0,0,0,0
2026-04-04T03:00:00Z,DE-LU,AT,1163.0,1253.0,-138.0,0,0,0
2026-04-04T03:00:00Z,DE-LU,FR,728.0,941.0,669.0,0,0,0
2026-04-04T03:00:00Z,DE-LU,NL,1623.0,2882.0,-1843.0,0,0,0
2026-04-04T03:00:00Z,DE-LU,PL,2074.0,3455.0,-213.0,0,0,0
2026-04-04T03:00:00Z,DE-LU,CZ,3287.0,4334.0,-93.0,0,0,0
2026-04-04T03:00:00Z,DE-LU,DK1,1510.0,1881.0,-1341.0,0,0,0
2026-04-04T04:00:00Z,DE-LU,AT,467.0,1028.0,-126.0,0,0,0
2026-04-04T04:00:00Z,DE-LU,FR,1121.0,2926.0,-452.0,3.54,0,0
2026-04-04T04:00:00Z,DE-LU,NL,1092.0,1254.0,854.0,0,0,0
2026-04-04T04:00:00Z,DE-LU,PL,2560.0,2697.0,1014.0,0,0,0
2026-04-04T04:00:00Z,DE-LU,CZ,829.0,1805.0,683.0,0,0,0
2026-04-04T04:00:00Z,DE-LU,DK1,812.0,1387.0,-877.0,0,0,0
2026-04-04T05:00:00Z,DE-LU,AT,2568.0,4121.0,1769.0,0,0,0
2026-04-04T05:00:00Z,DE-LU,FR,1508.0,2670.0,1103.0,0,0,0
2026-04-04T05:00:00Z,DE-LU,NL,752.0,1884.0,-764.0,1.09,0,0
2026-04-04T05:00:00Z,DE-LU,PL,354.0,935.0,144.0,5.25,0,0
2026-04-04T05:00:00Z,DE-LU,CZ,2565.0,2850.0,1209.0,0,0,0
2026-04-04T05:00:00Z,DE-LU,DK1,1998.0,3260.0,-1030.0,0,0,45.0
2026-04-04T06:00:00Z,DE-LU,AT,1825.0,2487.0,1867.0,0,0,21.0
2026-04-04T06:00:00Z,DE-LU,FR,623.0,1250.0,-908.0,0,0,0
2026-04-04T06:00:00Z,DE-LU,NL,1262.0,3144.0,-1756.0,0,0,0
2026-04-04T06:00:00Z,DE-LU,PL,3621.0,4223.0,2201.0,0,0,0
2026-04-04T06:00:00Z,DE-LU,CZ,1498.0,1972.0,-620.0,0,0,0
2026-04-04T06:00:00Z,DE-LU,DK1,2051.0,3022.0,-408.0,0,0,0
2026-04-04T07:00:00Z,DE-LU,AT,609.0,1566.0,1031.0,15.48,0,0
2026-04-04T07:00:00Z,DE-LU,FR,1835.0,2339.0,1159.0,0,0,0
2026-04-04T07:00:00Z,DE-LU,NL,816.0,1077.0,683.0,0,0,0
2026-04-04T07:00:00Z,DE-LU,PL,381.0,873.0,-215.0,0,0,0
2026-04-04T07:00:00Z,DE-LU,CZ,951.0,1413.0,947.0,0,0,0
2026-04-04T07:00:00Z,DE-LU,DK1,2125.0,2408.0,941.0,0,0,0
2026-04-04T08:00:00Z,DE-LU,AT,814.0,1911.0,258.0,0,0,0
2026-04-04T08:00:00Z,DE-LU,FR,962.0,1017.0,416.0,0,0,0
2026-04-04T08:00:00Z,DE-LU,NL,360.0,844.0,-217.0,0,0,0
2026-04-04T08:00:00Z,DE-LU,PL,2828.0,2986.0,1790.0,0,0,0
2026-04-04T08:00:00Z,DE-LU,CZ,1753.0,2987.0,1881.0,0,0,0
2026-04-04T08:00:00Z,DE-LU,DK1,2896.0,3529.0,2780.0,0,0,0
2026-04-04T09:00:00Z,DE-LU,AT,3355.0,3782.0,-2416.0,0,0,0
2026-04-04T09:00:00Z,DE-LU,FR,1425.0,2319.0,1483.0,0,0,0
2026-04-04T09:00:00Z,DE-LU,NL,919.0,2064.0,-389.0,0,0,0
2026-04-04T09:00:00Z,DE-LU,PL,875.0,2859.0,-578.0,11.38,0,0
2026-04-04T09:00:00Z,DE-LU,CZ,1458.0,3628.0,1949.0,0,0,0
2026-04-04T09:00:00Z,DE-LU,DK1,845.0,2339.0,619.0,0,0,0
2026-04-04T10:00:00Z,DE-LU,AT,1055.0,1650.0,138.0,0,0,0
2026-04-04T10:00:00Z,DE-LU,FR,3452.0,3889.0,-2791.0,0,0,0
2026-04-04T10:00:00Z,DE-LU,NL,1906.0,2431.0,1284.0,0,0,0
2026-04-04T10:00:00Z,DE-LU,PL,1567.0,2466.0,726.0,0,0,0
2026-04-04T10:00:00Z,DE-LU,CZ,693.0,939.0,-523.0,0,0,0
2026-04-04T10:00:00Z,DE-LU,DK1,792.0,1995.0,1448.0,0,0,0
2026-04-04T11:00:00Z,DE-LU,AT,2519.0,3767.0,-1542.0,0,0,0
2026-04-04T11:00:00Z,DE-LU,FR,2019.0,4123.0,-2430.0,0,0,0
2026-04-04T11:00:00Z,DE-LU,NL,749.0,1103.0,-156.0,0,0,0
2026-04-04T11:00:00Z,DE-LU,PL,1343.0,3648.0,834.0,2.61,4.0,0
2026-04-04T11:00:00Z,DE-LU,CZ,1343.0,2323.0,74.0,0,0,0
2026-04-04T11:00:00Z,DE-LU,DK1,1516.0,2465.0,954.0,0,0,0
2026-04-04T12:00:00Z,DE-LU,AT,770.0,2253.0,777.0,0,0,0
2026-04-04T12:00:00Z,DE-LU,FR,1366.0,2261.0,1800.0,0,0,0
2026-04-04T12:00:00Z,DE-LU,NL,1635.0,2813.0,-935.0,0,0,0
2026-04-04T12:00:00Z,DE-LU,PL,3545.0,4275.0,-2366.0,0,0,0
2026-04-04T12:00:00Z,DE-LU,CZ,1735.0,1934.0,918.0,0,0,0
2026-04-04T12:00:00Z,DE-LU,DK1,1002.0,1821.0,-743.0,0,0,0
2026-04-04T13:00:00Z,DE-LU,AT,518.0,1597.0,1144.0,1.71,48.0,0
2026-04-04T13:00:00Z,DE-LU,FR,918.0,2792.0,1729.0,0,0,0
2026-04-04T13:00:00Z,DE-LU,NL,2153.0,4389.0,-2549.0,0,0,0
2026-04-04T13:00:00Z,DE-LU,PL,605.0,1701.0,356.0,0.84,66.0,0
2026-04-04T13:00:00Z,DE-LU,CZ,2031.0,3467.0,-54.0,0,0,0
2026-04-04T13:00:00Z,DE-LU,DK1,2270.0,4192.0,2005.0,0,0,0
2026-04-04T14:00:00Z,DE-LU,AT,331.0,1071.0,27.0,0,0,0
2026-04-04T14:00:00Z,DE-LU,FR,571.0,1469.0,1084.0,0,0,0
2026-04-04T14:00:00Z,DE-LU,NL,507.0,892.0,71.0,0,0,0
2026-04-04T14:00:00Z,DE-LU,PL,1672.0,2170.0,1503.0,0,0,0
2026-04-04T14:00:00Z,DE-LU,CZ,1266.0,1494.0,165.0,0,0,0
2026-04-04T14:00:00Z,DE-LU,DK1,1447.0,1599.0,1268.0,0,0,0
2026-04-04T15:00:00Z,DE-LU,AT,1399.0,2599.0,-41.0,0,0,0
2026-04-04T15:00:00Z,DE-LU,FR,726.0,1709.0,-688.0,0,0,0
2026-04-04T15:00:00Z,DE-LU,NL,1440.0,3838.0,2092.0,0,0,0
2026-04-04T15:00:00Z,DE-LU,PL,2102.0,2983.0,-1531.0,0,0,4.0
2026-04-04T15:00:00Z,DE-LU,CZ,2739.0,4188.0,-1124.0,0,0,0
2026-04-04T15:00:00Z,DE-LU,DK1,896.0,1333.0,-81.0,0,0,0
2026-04-04T16:00:00Z,DE-LU,AT,379.0,1019.0,-629.0,0,0,0
2026-04-04T16:00:00Z,DE-LU,FR,1057.0,1807.0,1255.0,0,0,0
2026-04-04T16:00:00Z,DE-LU,NL,708.0,2150.0,-116.0,4.17,0,0
2026-04-04T16:00:00Z,DE-LU,PL,1451.0,3261.0,1571.0,0,0,0
2026-04-04T16:00:00Z,DE-LU,CZ,1562.0,2065.0,1425.0,0,0,0
2026-04-04T16:00:00Z,DE-LU,DK1,946.0,1030.0,-464.0,0,0,0
2026-04-04T17:00:00Z,DE-LU,AT,3144.0,3722.0,916.0,0,0,0
2026-04-04T17:00:00Z,DE-LU,FR,648.0,1556.0,-1202.0,0,0,0
2026-04-04T17:00:00Z,DE-LU,NL,1382.0,2514.0,304.0,0,0,0
2026-04-04T17:00:00Z,DE-LU,PL,439.0,1235.0,-193.0,0,0,0
2026-04-04T17:00:00Z,DE-LU,CZ,1797.0,2248.0,-240.0,0,0,0
2026-04-04T17:00:00Z,DE-LU,DK1,3952.0,4260.0,-1241.0,0,0,0
2026-04-04T18:00:00Z,DE-LU,AT,1101.0,1816.0,158.0,0,0,0
2026-04-04T18:00:00Z,DE-LU,FR,567.0,1046.0,-343.0,0,0,3.0
2026-04-04T18:00:00Z,DE-LU,NL,1332.0,4328.0,-1552.0,1.72,40.0,0
2026-04-04T18:00:00Z,DE-LU,PL,596.0,997.0,-143.0,0,0,0
2026-04-04T18:00:00Z,DE-LU,CZ,1983.0,2318.0,-816.0,0,0,0
2026-04-04T18:00:00Z,DE-LU,DK1,1534.0,2736.0,-657.0,0,0,0
2026-04-04T19:00:00Z,DE-LU,AT,1095.0,1203.0,171.0,0,0,0
2026-04-04T19:00:00Z,DE-LU,FR,2878.0,3545.0,1493.0,0,0,0
2026-04-04T19:00:00Z,DE-LU,NL,872.0,2184.0,-1070.0,0,0,0
2026-04-04T19:00:00Z,DE-LU,PL,2414.0,3085.0,-41.0,0,0,0
2026-04-04T19:00:00Z,DE-LU,CZ,1344.0,3356.0,-723.0,0,0,0
2026-04-04T19:00:00Z,DE-LU,DK1,2421.0,4023.0,1254.0,0,0,0
2026-04-04T20:00:00Z,DE-LU,AT,1803.0,2512.0,450.0,0,0,0
2026-04-04T20:00:00Z,DE-LU,FR,463.0,1531.0,999.0,8.82,0,0
2026-04-04T20:00:00Z,DE-LU,NL,2492.0,2971.0,-2190.0,0,0,0
2026-04-04T20:00:00Z,DE-LU,PL,1971.0,2926.0,-1750.0,0,0,0
2026-04-04T20:00:00Z,DE-LU,CZ,1117.0,1484.0,-617.0,0,0,0
2026-04-04T20:00:00Z,DE-LU,DK1,2645.0,3147.0,-1570.0,0,0,0
2026-04-04T21:00:00Z,DE-LU,AT,1390.0,3662.0,1419.0,0.96,46.0,0
2026-04-04T21:00:00Z,DE-LU,FR,1605.0,3175.0,1547.0,0,0,0
2026-04-04T21:00:00Z,DE-LU,NL,1201.0,3697.0,-2720.0,0,0,0
2026-04-04T21:00:00Z,DE-LU,PL,1247.0,1693.0,-1199.0,0,0,0
2026-04-04T21:00:00Z,DE-LU,CZ,2671.0,3525.0,-68.0,0,0,0
2026-04-04T21:00:00Z,DE-LU,DK1,811.0,1777.0,1296.0,0,0,0
2026-04-04T22:00:00Z,DE-LU,AT,675.0,1770.0,655.0,5.8,0,0
2026-04-04T22:00:00Z,DE-LU,FR,505.0,1112.0,-550.0,0,0,0
2026-04-04T22:00:00Z,DE-LU,NL,1356.0,1688.0,-467.0,0,0,0
2026-04-04T22:00:00Z,DE-LU,PL,2139.0,2419.0,591.0,0,0,0
2026-04-04T22:00:00Z,DE-LU,CZ,1277.0,2353.0,-464.0,0,0,0
2026-04-04T22:00:00Z,DE-LU,DK1,836.0,929.0,-444.0,0,0,0
2026-04-04T23:00:00Z,DE-LU,AT,1722.0,2197.0,-13.0,0,0,0
2026-04-04T23:00:00Z,DE-LU,FR,2159.0,4469.0,1225.0,0,0,0
2026-04-04T23:00:00Z,DE-LU,NL,1002.0,1561.0,-473.0,0,0,0
2026-04-04T23:00:00Z,DE-LU,PL,2860.0,3911.0,-2846.0,0,0,0
2026-04-04T23:00:00Z,DE-LU,CZ,741.0,2304.0,619.0,4.8,8.0,0
2026-04-04T23:00:00Z,DE-LU,DK1,1097.0,2572.0,81.0,0,0,0
